seq_name	length	topology	coordinates	n_genes	genetic_code	virus_score	fdr	n_hallmarks	marker_enrichment	taxonomy
k127_313407	3269	No terminal repeats	NA	5	11	0.9816	NA	5	6.6699	Viruses;Duplodnaviria;Heunggongvirae;Uroviricota;Caudoviricetes;;
k127_395499	3432	No terminal repeats	NA	6	11	0.9784	NA	0	8.5869	Viruses;Duplodnaviria;Heunggongvirae;Uroviricota;Caudoviricetes;;
k127_171278	14606	No terminal repeats	NA	21	11	0.9763	NA	5	24.3645	Viruses;Duplodnaviria;Heunggongvirae;Uroviricota;Caudoviricetes;;
k127_482302	1515	No terminal repeats	NA	3	11	0.9739	NA	1	5.1548	Viruses;Duplodnaviria;Heunggongvirae;Uroviricota;Caudoviricetes;;
k127_73616	381	No terminal repeats	NA	1	11	0.9728	NA	1	1.6215	Unclassified
k127_365582	1104	No terminal repeats	NA	2	11	0.9702	NA	1	2.6883	Viruses;Duplodnaviria;Heunggongvirae;Uroviricota;Caudoviricetes;;
k127_184331	325	No terminal repeats	NA	1	11	0.9691	NA	1	1.4898	Viruses;Duplodnaviria;Heunggongvirae;Uroviricota;Caudoviricetes;;
k127_193607	363	No terminal repeats	NA	1	11	0.9686	NA	1	1.4840	Unclassified
k127_130569	365	No terminal repeats	NA	1	11	0.9685	NA	1	1.7183	Viruses;Duplodnaviria;Heunggongvirae;Uroviricota;Caudoviricetes;;Zobellviridae
k127_117639	372	No terminal repeats	NA	1	11	0.9658	NA	1	1.7183	Viruses;Duplodnaviria;Heunggongvirae;Uroviricota;Caudoviricetes;;
k127_171756	316	No terminal repeats	NA	1	11	0.9653	NA	1	1.7183	Viruses;Duplodnaviria;Heunggongvirae;Uroviricota;Caudoviricetes;;
k127_161133	333	No terminal repeats	NA	2	11	0.9648	NA	2	2.8609	Viruses;Duplodnaviria;Heunggongvirae;Uroviricota;Caudoviricetes;;
k127_419634	646	No terminal repeats	NA	1	11	0.9639	NA	1	1.7183	Viruses;Duplodnaviria;Heunggongvirae;Uroviricota;Caudoviricetes;;
k127_446675	415	No terminal repeats	NA	2	11	0.9633	NA	1	3.0227	Viruses;Duplodnaviria;Heunggongvirae;Uroviricota;Caudoviricetes;;
k127_439433	373	No terminal repeats	NA	1	11	0.9630	NA	1	1.4840	Unclassified
k127_291242	319	No terminal repeats	NA	1	11	0.9629	NA	1	1.7183	Viruses;Duplodnaviria;Heunggongvirae;Uroviricota;Caudoviricetes;;
k127_238144	3531	No terminal repeats	NA	8	11	0.9627	NA	3	6.2263	Viruses;Duplodnaviria;Heunggongvirae;Uroviricota;Caudoviricetes;;
k127_447740	663	No terminal repeats	NA	1	11	0.9627	NA	1	1.7183	Viruses;Duplodnaviria;Heunggongvirae;Uroviricota;Caudoviricetes;Crassvirales;
k127_529157	2089	No terminal repeats	NA	1	11	0.9618	NA	1	1.7183	Viruses;Duplodnaviria;Heunggongvirae;Uroviricota;Caudoviricetes;;
k127_574670	334	No terminal repeats	NA	1	11	0.9608	NA	1	1.7183	Viruses;Duplodnaviria;Heunggongvirae;Uroviricota;Caudoviricetes;;
k127_539965	366	No terminal repeats	NA	1	11	0.9603	NA	1	1.4698	Viruses;Duplodnaviria;Heunggongvirae;Uroviricota;Caudoviricetes;;
k127_266527	4478	No terminal repeats	NA	8	11	0.9590	NA	1	2.7677	Viruses;Duplodnaviria;Heunggongvirae;Uroviricota;Caudoviricetes;;
k127_535758	540	No terminal repeats	NA	1	11	0.9583	NA	1	1.7183	Viruses;Duplodnaviria;Heunggongvirae;Uroviricota;Caudoviricetes;;
k127_386308	1953	No terminal repeats	NA	5	11	0.9582	NA	1	3.4366	Viruses;Duplodnaviria;Heunggongvirae;Uroviricota;Caudoviricetes;;
k127_395004	490	No terminal repeats	NA	2	11	0.9582	NA	1	3.4356	Viruses;Duplodnaviria;Heunggongvirae;Uroviricota;Caudoviricetes;;Drexlerviridae
k127_589096	359	No terminal repeats	NA	1	11	0.9581	NA	1	1.7183	Viruses;Duplodnaviria;Heunggongvirae;Uroviricota;Caudoviricetes;;
k127_529619	331	No terminal repeats	NA	1	11	0.9581	NA	1	1.7183	Viruses;Duplodnaviria;Heunggongvirae;Uroviricota;Caudoviricetes;;
k127_481552	775	No terminal repeats	NA	1	11	0.9574	NA	1	1.7183	Viruses;Duplodnaviria;Heunggongvirae;Uroviricota;Caudoviricetes;;
k127_416095	1923	No terminal repeats	NA	2	11	0.9571	NA	1	2.6247	Viruses;Duplodnaviria;Heunggongvirae;Uroviricota;Caudoviricetes;;
k127_209973	357	No terminal repeats	NA	1	11	0.9565	NA	1	1.7183	Viruses;Duplodnaviria;Heunggongvirae;Uroviricota;Caudoviricetes;;Zobellviridae
k127_44112	5004	No terminal repeats	NA	12	11	0.9563	NA	2	2.9738	Viruses;Duplodnaviria;Heunggongvirae;Uroviricota;Caudoviricetes;;
k127_452619	531	No terminal repeats	NA	2	11	0.9561	NA	1	3.4366	Viruses;Duplodnaviria;Heunggongvirae;Uroviricota;Caudoviricetes;;Zobellviridae
k127_345440	344	No terminal repeats	NA	1	11	0.9550	NA	1	1.7183	Viruses;Duplodnaviria;Heunggongvirae;Uroviricota;Caudoviricetes;;
k127_539912	2014	No terminal repeats	NA	5	11	0.9550	NA	1	6.5419	Viruses;Duplodnaviria;Heunggongvirae;Uroviricota;Caudoviricetes;;
k127_487774	479	No terminal repeats	NA	2	11	0.9546	NA	1	3.4202	Viruses;Duplodnaviria;Heunggongvirae;Uroviricota;Caudoviricetes;;
k127_579391	301	No terminal repeats	NA	1	11	0.9545	NA	1	1.7183	Viruses;Duplodnaviria;Heunggongvirae;Uroviricota;Caudoviricetes;;
k127_115975	324	No terminal repeats	NA	1	11	0.9544	NA	1	1.7183	Viruses;Duplodnaviria;Heunggongvirae;Uroviricota;Caudoviricetes;;
k127_354279	387	No terminal repeats	NA	1	11	0.9544	NA	1	1.4689	Viruses;Duplodnaviria;Heunggongvirae;Uroviricota;Caudoviricetes;;
k127_474815	368	No terminal repeats	NA	1	11	0.9543	NA	1	1.7183	Viruses;Duplodnaviria;Heunggongvirae;Uroviricota;Caudoviricetes;;
k127_541231	673	No terminal repeats	NA	1	11	0.9542	NA	1	1.7183	Viruses;Duplodnaviria;Heunggongvirae;Uroviricota;Caudoviricetes;;
k127_14435	328	No terminal repeats	NA	1	11	0.9538	NA	1	1.7183	Viruses;Duplodnaviria;Heunggongvirae;Uroviricota;Caudoviricetes;;
k127_214400	451	No terminal repeats	NA	1	11	0.9525	NA	1	1.5961	Unclassified
k127_515206	339	No terminal repeats	NA	1	11	0.9515	NA	1	1.7183	Viruses;Duplodnaviria;Heunggongvirae;Uroviricota;Caudoviricetes;;
k127_119667	340	No terminal repeats	NA	1	11	0.9480	NA	1	1.7183	Viruses;Duplodnaviria;Heunggongvirae;Uroviricota;Caudoviricetes;;
k127_72470	311	No terminal repeats	NA	1	11	0.9476	NA	1	1.7183	Viruses;Duplodnaviria;Heunggongvirae;Uroviricota;Caudoviricetes;;
k127_37776	345	No terminal repeats	NA	1	11	0.9476	NA	1	1.5310	Viruses;Duplodnaviria;Heunggongvirae;Uroviricota;Caudoviricetes;;
k127_296238	808	No terminal repeats	NA	1	11	0.9476	NA	1	1.7183	Viruses;Duplodnaviria;Heunggongvirae;Uroviricota;Caudoviricetes;;
k127_292697	475	No terminal repeats	NA	2	11	0.9471	NA	1	2.7935	Viruses;Duplodnaviria;Heunggongvirae;Uroviricota;Caudoviricetes;;
k127_390456	387	No terminal repeats	NA	1	11	0.9470	NA	1	1.7183	Viruses;Duplodnaviria;Heunggongvirae;Uroviricota;Caudoviricetes;;
k127_88812	373	No terminal repeats	NA	1	11	0.9468	NA	1	1.7183	Viruses;Duplodnaviria;Heunggongvirae;Uroviricota;Caudoviricetes;;
k127_149936	353	No terminal repeats	NA	1	11	0.9468	NA	1	1.7183	Viruses;Duplodnaviria;Heunggongvirae;Uroviricota;Caudoviricetes;;
k127_254141	334	No terminal repeats	NA	1	11	0.9466	NA	1	1.4211	Viruses;Duplodnaviria;Heunggongvirae;Uroviricota;Caudoviricetes;;
k127_296070	339	No terminal repeats	NA	1	11	0.9464	NA	1	1.7183	Viruses;Duplodnaviria;Heunggongvirae;Uroviricota;Caudoviricetes;;
k127_13920	712	No terminal repeats	NA	1	11	0.9454	NA	1	1.7183	Viruses;Duplodnaviria;Heunggongvirae;Uroviricota;Caudoviricetes;;
k127_125900	349	No terminal repeats	NA	1	11	0.9450	NA	1	1.7183	Viruses;Duplodnaviria;Heunggongvirae;Uroviricota;Caudoviricetes;;
k127_48826	453	No terminal repeats	NA	1	11	0.9443	NA	1	1.7183	Viruses;Duplodnaviria;Heunggongvirae;Uroviricota;Caudoviricetes;;
k127_400363	466	No terminal repeats	NA	1	11	0.9432	NA	1	1.7183	Viruses;Duplodnaviria;Heunggongvirae;Uroviricota;Caudoviricetes;;
k127_163303	595	No terminal repeats	NA	1	11	0.9427	NA	1	1.7183	Viruses;Duplodnaviria;Heunggongvirae;Uroviricota;Caudoviricetes;;
k127_605149	548	No terminal repeats	NA	1	11	0.9417	NA	1	1.7183	Viruses;Duplodnaviria;Heunggongvirae;Uroviricota;Caudoviricetes;;
k127_246135	420	No terminal repeats	NA	2	11	0.9415	NA	1	1.7183	Viruses;Duplodnaviria;Heunggongvirae;Uroviricota;Caudoviricetes;;Herelleviridae
k127_268948	532	No terminal repeats	NA	1	11	0.9414	NA	1	1.6082	Viruses;Duplodnaviria;Heunggongvirae;Uroviricota;Caudoviricetes;;
k127_369810	309	No terminal repeats	NA	1	11	0.9407	NA	1	1.5032	Viruses;Duplodnaviria;Heunggongvirae;Uroviricota;Caudoviricetes;;
k127_353976	373	No terminal repeats	NA	1	11	0.9407	NA	1	1.4211	Viruses;Duplodnaviria;Heunggongvirae;Uroviricota;Caudoviricetes;;
k127_126564	511	No terminal repeats	NA	1	11	0.9405	NA	1	1.7183	Viruses;Duplodnaviria;Heunggongvirae;Uroviricota;Caudoviricetes;;
k127_59533	469	No terminal repeats	NA	1	11	0.9396	NA	1	1.7183	Viruses;Duplodnaviria;Heunggongvirae;Uroviricota;Caudoviricetes;;
k127_310639	306	No terminal repeats	NA	1	11	0.9394	NA	1	1.7183	Viruses;Duplodnaviria;Heunggongvirae;Uroviricota;Caudoviricetes;;
k127_562101	308	No terminal repeats	NA	1	11	0.9394	NA	1	1.7183	Viruses;Duplodnaviria;Heunggongvirae;Uroviricota;Caudoviricetes;;
k127_115003	354	No terminal repeats	NA	1	11	0.9391	NA	1	1.7183	Viruses;Duplodnaviria;Heunggongvirae;Uroviricota;Caudoviricetes;;
k127_288833	693	No terminal repeats	NA	1	11	0.9390	NA	1	1.7183	Viruses;Duplodnaviria;Heunggongvirae;Uroviricota;Caudoviricetes;;
k127_41731	580	No terminal repeats	NA	1	11	0.9390	NA	1	1.7183	Viruses;Duplodnaviria;Heunggongvirae;Uroviricota;Caudoviricetes;;
k127_149364	390	No terminal repeats	NA	1	11	0.9389	NA	1	1.3729	Viruses;Duplodnaviria;Heunggongvirae;Uroviricota;Caudoviricetes;;
k127_440606	383	No terminal repeats	NA	1	11	0.9389	NA	1	1.2873	Viruses;Duplodnaviria;Heunggongvirae;Uroviricota;Caudoviricetes;;
k127_504172	426	No terminal repeats	NA	1	11	0.9364	NA	1	1.7183	Viruses;Duplodnaviria;Heunggongvirae;Uroviricota;Caudoviricetes;;
k127_263085	482	No terminal repeats	NA	1	11	0.9355	NA	1	1.1844	Viruses;Duplodnaviria;Heunggongvirae;Uroviricota;Caudoviricetes;;
k127_221459	390	No terminal repeats	NA	2	11	0.9349	NA	1	1.7183	Viruses;Duplodnaviria;Heunggongvirae;Uroviricota;Caudoviricetes;;
k127_361443	353	No terminal repeats	NA	1	11	0.9346	NA	1	1.7183	Viruses;Duplodnaviria;Heunggongvirae;Uroviricota;Caudoviricetes;;
k127_485893	330	No terminal repeats	NA	1	11	0.9344	NA	1	1.7183	Unclassified
k127_275746	357	No terminal repeats	NA	1	11	0.9344	NA	1	1.6066	Viruses;Duplodnaviria;Heunggongvirae;Uroviricota;Caudoviricetes;;
k127_269132	406	No terminal repeats	NA	1	11	0.9342	NA	1	1.5156	Viruses;Duplodnaviria;Heunggongvirae;Uroviricota;Caudoviricetes;;
k127_23524	328	No terminal repeats	NA	1	11	0.9341	NA	1	1.7183	Viruses;Duplodnaviria;Heunggongvirae;Uroviricota;Caudoviricetes;;
k127_299857	13213	No terminal repeats	NA	24	11	0.9340	NA	0	3.7193	Viruses;Duplodnaviria;Heunggongvirae;Uroviricota;Caudoviricetes;;
k127_603326	319	No terminal repeats	NA	1	11	0.9336	NA	1	1.1267	Viruses;Duplodnaviria;Heunggongvirae;Uroviricota;Caudoviricetes;;
k127_181768	5375	No terminal repeats	NA	2	11	0.9334	NA	0	1.7183	Viruses;Riboviria;Pararnavirae;Artverviricota;Revtraviricetes;Ortervirales;Retroviridae
k127_113695	363	No terminal repeats	NA	1	11	0.9333	NA	1	1.3867	Viruses;Duplodnaviria;Heunggongvirae;Uroviricota;Caudoviricetes;;
k127_369271	308	No terminal repeats	NA	1	11	0.9332	NA	1	1.7183	Viruses;Duplodnaviria;Heunggongvirae;Uroviricota;Caudoviricetes;;
k127_469333	513	No terminal repeats	NA	2	11	0.9329	NA	1	1.7183	Viruses;Duplodnaviria;Heunggongvirae;Uroviricota;Caudoviricetes;;
k127_293655	518	No terminal repeats	NA	1	11	0.9327	NA	1	1.7183	Viruses;Riboviria;Orthornavirae;Pisuviricota;Duplopiviricetes;Durnavirales;Partitiviridae
k127_424124	480	No terminal repeats	NA	2	11	0.9326	NA	1	1.7183	Viruses;Duplodnaviria;Heunggongvirae;Uroviricota;Caudoviricetes;;
k127_604354	343	No terminal repeats	NA	1	11	0.9325	NA	1	1.7183	Viruses;Duplodnaviria;Heunggongvirae;Uroviricota;Caudoviricetes;;
k127_264765	309	No terminal repeats	NA	1	11	0.9321	NA	1	1.7183	Viruses;Duplodnaviria;Heunggongvirae;Uroviricota;Caudoviricetes;;
k127_422199	924	No terminal repeats	NA	2	11	0.9316	NA	1	3.4366	Viruses;Duplodnaviria;Heunggongvirae;Uroviricota;Caudoviricetes;Crassvirales;
k127_215628	1098	No terminal repeats	NA	1	11	0.9312	NA	1	1.5155	Viruses;Duplodnaviria;Heunggongvirae;Uroviricota;Caudoviricetes;;
k127_594193	367	No terminal repeats	NA	1	11	0.9305	NA	1	1.7183	Viruses;Duplodnaviria;Heunggongvirae;Uroviricota;Caudoviricetes;;
k127_226647	381	No terminal repeats	NA	1	11	0.9296	NA	1	1.7183	Viruses;Duplodnaviria;Heunggongvirae;Uroviricota;Caudoviricetes;;
k127_219822	392	No terminal repeats	NA	1	11	0.9290	NA	1	1.7183	Viruses;Duplodnaviria;Heunggongvirae;Uroviricota;Caudoviricetes;;
k127_207214	323	No terminal repeats	NA	1	11	0.9288	NA	1	1.3608	Viruses;Duplodnaviria;Heunggongvirae;Uroviricota;Caudoviricetes;;Straboviridae
k127_117601	340	No terminal repeats	NA	2	11	0.9280	NA	1	1.7183	Viruses;Duplodnaviria;Heunggongvirae;Uroviricota;Caudoviricetes;;
k127_147046	372	No terminal repeats	NA	2	11	0.9279	NA	1	3.4366	Viruses;Duplodnaviria;Heunggongvirae;Uroviricota;Caudoviricetes;;Peduoviridae
k127_71492	2801	No terminal repeats	NA	6	11	0.9278	NA	0	3.1975	Viruses;Duplodnaviria;Heunggongvirae;Uroviricota;Caudoviricetes;;
k127_107406	431	No terminal repeats	NA	1	11	0.9276	NA	1	1.2277	Viruses;Duplodnaviria;Heunggongvirae;Uroviricota;Caudoviricetes;;
k127_352495	1316	No terminal repeats	NA	1	11	0.9271	NA	1	1.4749	Viruses;Duplodnaviria;Heunggongvirae;Uroviricota;Caudoviricetes;;
k127_19103	309	No terminal repeats	NA	1	11	0.9268	NA	1	1.7183	Viruses;Duplodnaviria;Heunggongvirae;Uroviricota;Caudoviricetes;;
k127_380557	452	No terminal repeats	NA	1	11	0.9263	NA	1	1.2306	Viruses;Duplodnaviria;Heunggongvirae;Uroviricota;Caudoviricetes;;
k127_146138	582	No terminal repeats	NA	1	11	0.9258	NA	1	1.7183	Viruses;Duplodnaviria;Heunggongvirae;Uroviricota;Caudoviricetes;;Drexlerviridae
k127_384857	327	No terminal repeats	NA	1	11	0.9253	NA	1	1.7183	Unclassified
k127_190689	305	No terminal repeats	NA	1	11	0.9251	NA	1	1.2576	Viruses;Duplodnaviria;Heunggongvirae;Uroviricota;Caudoviricetes;;
k127_200318	714	No terminal repeats	NA	2	11	0.9249	NA	1	2.6901	Viruses;Duplodnaviria;Heunggongvirae;Uroviricota;Caudoviricetes;;
k127_228285	434	No terminal repeats	NA	1	11	0.9246	NA	1	1.7183	Viruses;Duplodnaviria;Heunggongvirae;Uroviricota;Caudoviricetes;;
k127_476899	353	No terminal repeats	NA	2	11	0.9243	NA	1	1.7183	Viruses;Duplodnaviria;Heunggongvirae;Uroviricota;Caudoviricetes;;
k127_216437	582	No terminal repeats	NA	1	11	0.9242	NA	1	1.7183	Viruses;Duplodnaviria;Heunggongvirae;Uroviricota;Caudoviricetes;;
k127_538308	306	No terminal repeats	NA	1	11	0.9237	NA	1	1.4506	Viruses;Duplodnaviria;Heunggongvirae;Uroviricota;Caudoviricetes;;
k127_104690	312	No terminal repeats	NA	2	11	0.9235	NA	1	3.4366	Unclassified
k127_217409	947	No terminal repeats	NA	2	11	0.9231	NA	2	2.6355	Viruses;Duplodnaviria;Heunggongvirae;Uroviricota;Caudoviricetes;;
k127_164731	402	No terminal repeats	NA	1	11	0.9230	NA	1	1.7183	Viruses;Duplodnaviria;Heunggongvirae;Uroviricota;Caudoviricetes;;
k127_495988	390	No terminal repeats	NA	1	11	0.9228	NA	1	1.7183	Unclassified
k127_242045	301	No terminal repeats	NA	1	11	0.9228	NA	1	1.7183	Viruses;Duplodnaviria;Heunggongvirae;Uroviricota;Caudoviricetes;;
k127_397455	364	No terminal repeats	NA	1	11	0.9222	NA	1	1.7183	Viruses;Duplodnaviria;Heunggongvirae;Uroviricota;Caudoviricetes;;
k127_346770	314	No terminal repeats	NA	1	11	0.9220	NA	1	1.3345	Viruses;Duplodnaviria;Heunggongvirae;Uroviricota;Caudoviricetes;;
k127_251953	798	No terminal repeats	NA	2	11	0.9212	NA	1	1.7169	Viruses;Duplodnaviria;Heunggongvirae;Uroviricota;Caudoviricetes;;
k127_97793	2024	No terminal repeats	NA	5	11	0.9206	NA	1	3.0748	Viruses;Duplodnaviria;Heunggongvirae;Uroviricota;Caudoviricetes;;
k127_412015	331	No terminal repeats	NA	1	11	0.9204	NA	1	1.2442	Viruses;Duplodnaviria;Heunggongvirae;Uroviricota;Caudoviricetes;;
k127_254748	528	No terminal repeats	NA	1	11	0.9204	NA	1	1.7183	Viruses;Duplodnaviria;Heunggongvirae;Uroviricota;Caudoviricetes;;
k127_526660	447	No terminal repeats	NA	1	11	0.9198	NA	1	1.7183	Viruses;Duplodnaviria;Heunggongvirae;Uroviricota;Caudoviricetes;;
k127_23821	511	No terminal repeats	NA	1	11	0.9197	NA	1	1.7183	Viruses;Duplodnaviria;Heunggongvirae;Uroviricota;Caudoviricetes;;
k127_493105	352	No terminal repeats	NA	2	11	0.9194	NA	1	1.7183	Unclassified
k127_27171	532	No terminal repeats	NA	1	11	0.9189	NA	1	1.7183	Viruses;Duplodnaviria;Heunggongvirae;Uroviricota;Caudoviricetes;Crassvirales;
k127_603727	330	No terminal repeats	NA	1	11	0.9189	NA	1	1.1674	Viruses;Duplodnaviria;Heunggongvirae;Uroviricota;Caudoviricetes;;
k127_253135	347	No terminal repeats	NA	1	11	0.9188	NA	1	1.3359	Viruses;Duplodnaviria;Heunggongvirae;Uroviricota;Caudoviricetes;;
k127_492774	316	No terminal repeats	NA	1	11	0.9185	NA	1	1.7183	Unclassified
k127_412631	5946	No terminal repeats	NA	18	11	0.9184	NA	1	4.6116	Viruses;Duplodnaviria;Heunggongvirae;Uroviricota;Caudoviricetes;;
k127_11048	336	No terminal repeats	NA	1	11	0.9178	NA	1	1.7183	Viruses;Duplodnaviria;Heunggongvirae;Uroviricota;Caudoviricetes;;
k127_281297	334	No terminal repeats	NA	1	11	0.9174	NA	1	1.7183	Viruses;Duplodnaviria;Heunggongvirae;Uroviricota;Caudoviricetes;;
k127_254127	810	No terminal repeats	NA	1	11	0.9174	NA	1	1.7183	Viruses;Duplodnaviria;Heunggongvirae;Uroviricota;Caudoviricetes;;
k127_234139	400	No terminal repeats	NA	1	11	0.9172	NA	1	1.7183	Viruses;Duplodnaviria;Heunggongvirae;Uroviricota;Caudoviricetes;;
k127_246831	333	No terminal repeats	NA	1	11	0.9166	NA	1	1.7183	Viruses;Duplodnaviria;Heunggongvirae;Uroviricota;Caudoviricetes;;
k127_386917	395	No terminal repeats	NA	1	11	0.9145	NA	1	1.7183	Unclassified
k127_439555	517	No terminal repeats	NA	2	11	0.9140	NA	1	1.3845	Viruses;Duplodnaviria;Heunggongvirae;Uroviricota;Caudoviricetes;;
k127_534565	593	No terminal repeats	NA	1	11	0.9134	NA	1	1.7183	Viruses;Duplodnaviria;Heunggongvirae;Uroviricota;Caudoviricetes;;
k127_618204	418	No terminal repeats	NA	1	11	0.9132	NA	1	1.2306	Viruses;Duplodnaviria;Heunggongvirae;Uroviricota;Caudoviricetes;;
k127_18400	328	No terminal repeats	NA	1	11	0.9129	NA	1	1.7183	Viruses;Duplodnaviria;Heunggongvirae;Uroviricota;Caudoviricetes;;
k127_223393	369	No terminal repeats	NA	1	11	0.9111	NA	1	1.7183	Viruses;Duplodnaviria;Heunggongvirae;Uroviricota;Caudoviricetes;;
k127_415519	552	No terminal repeats	NA	1	11	0.9109	NA	1	1.7183	Viruses;Duplodnaviria;Heunggongvirae;Uroviricota;Caudoviricetes;;
k127_352470	338	No terminal repeats	NA	1	11	0.9100	NA	1	1.4764	Viruses;Duplodnaviria;Heunggongvirae;Uroviricota;Caudoviricetes;;
k127_544084	877	No terminal repeats	NA	1	11	0.9100	NA	1	1.2746	Viruses;Duplodnaviria;Heunggongvirae;Uroviricota;Caudoviricetes;;
k127_95716	452	No terminal repeats	NA	1	11	0.9099	NA	1	1.7183	Unclassified
k127_439513	1896	No terminal repeats	NA	4	11	0.9099	NA	1	3.3464	Viruses;Duplodnaviria;Heunggongvirae;Uroviricota;Caudoviricetes;;
k127_408817	1121	No terminal repeats	NA	2	11	0.9096	NA	2	3.1620	Viruses;Duplodnaviria;Heunggongvirae;Uroviricota;Caudoviricetes;;
k127_19427	573	No terminal repeats	NA	1	11	0.9091	NA	1	1.7183	Viruses;Duplodnaviria;Heunggongvirae;Uroviricota;Caudoviricetes;;
k127_9543	392	No terminal repeats	NA	1	11	0.9088	NA	1	1.7183	Viruses;Duplodnaviria;Heunggongvirae;Uroviricota;Caudoviricetes;;
k127_487230	407	No terminal repeats	NA	1	11	0.9084	NA	1	1.2306	Viruses;Duplodnaviria;Heunggongvirae;Uroviricota;Caudoviricetes;;
k127_465649	427	No terminal repeats	NA	1	11	0.9073	NA	1	1.3639	Viruses;Duplodnaviria;Heunggongvirae;Uroviricota;Caudoviricetes;;
k127_541623	541	No terminal repeats	NA	1	11	0.9072	NA	1	1.7183	Viruses;Duplodnaviria;Heunggongvirae;Uroviricota;Caudoviricetes;;
k127_167230	891	No terminal repeats	NA	2	11	0.9070	NA	1	1.7183	Viruses;Duplodnaviria;Heunggongvirae;Uroviricota;Caudoviricetes;;
k127_482421	304	No terminal repeats	NA	1	11	0.9067	NA	1	1.4464	Viruses;Duplodnaviria;Heunggongvirae;Uroviricota;Caudoviricetes;;
k127_391899	315	No terminal repeats	NA	1	11	0.9066	NA	1	1.7183	Viruses;Duplodnaviria;Heunggongvirae;Uroviricota;Caudoviricetes;;
k127_54312	562	No terminal repeats	NA	1	11	0.9061	NA	1	1.1999	Viruses;Duplodnaviria;Heunggongvirae;Uroviricota;Caudoviricetes;;
k127_525057	2306	No terminal repeats	NA	2	11	0.9060	NA	1	1.7183	Viruses;Duplodnaviria;Heunggongvirae;Uroviricota;Caudoviricetes;;
k127_557896	1411	No terminal repeats	NA	2	11	0.9056	NA	2	3.3281	Viruses;Duplodnaviria;Heunggongvirae;Uroviricota;Caudoviricetes;;
k127_294258	379	No terminal repeats	NA	2	11	0.9054	NA	1	3.4366	Viruses;Duplodnaviria;Heunggongvirae;Uroviricota;Caudoviricetes;;
k127_197483	392	No terminal repeats	NA	1	11	0.9053	NA	1	1.7183	Viruses;Duplodnaviria;Heunggongvirae;Uroviricota;Caudoviricetes;;
k127_308018	342	No terminal repeats	NA	1	11	0.9049	NA	1	1.2847	Viruses;Duplodnaviria;Heunggongvirae;Uroviricota;Caudoviricetes;;
k127_374746	341	No terminal repeats	NA	1	11	0.9048	NA	1	1.7183	Viruses;Duplodnaviria;Heunggongvirae;Uroviricota;Caudoviricetes;;
k127_66211	347	No terminal repeats	NA	1	11	0.9047	NA	1	1.7183	Viruses;Duplodnaviria;Heunggongvirae;Uroviricota;Caudoviricetes;;
k127_117258	1038	No terminal repeats	NA	3	11	0.9045	NA	2	2.5560	Viruses;Duplodnaviria;Heunggongvirae;Uroviricota;Caudoviricetes;;
k127_132662	394	No terminal repeats	NA	1	11	0.9043	NA	1	1.7183	Viruses;Duplodnaviria;Heunggongvirae;Uroviricota;Caudoviricetes;;
k127_463704	493	No terminal repeats	NA	1	11	0.9036	NA	1	1.2708	Viruses;Duplodnaviria;Heunggongvirae;Uroviricota;Caudoviricetes;;
k127_461814	2700	No terminal repeats	NA	4	11	0.9036	NA	2	6.8578	Viruses;Duplodnaviria;Heunggongvirae;Uroviricota;Caudoviricetes;;
k127_535731	2272	No terminal repeats	NA	2	11	0.9027	NA	2	2.9738	Viruses;Duplodnaviria;Heunggongvirae;Uroviricota;Caudoviricetes;;
k127_148464	1355	No terminal repeats	NA	1	11	0.9025	NA	1	1.4749	Viruses;Duplodnaviria;Heunggongvirae;Uroviricota;Caudoviricetes;;
k127_392807	386	No terminal repeats	NA	1	11	0.9013	NA	1	1.7162	Viruses;Duplodnaviria;Heunggongvirae;Uroviricota;Caudoviricetes;;
k127_504021	730	No terminal repeats	NA	1	11	0.9007	NA	1	1.7183	Viruses;Duplodnaviria;Heunggongvirae;Uroviricota;Caudoviricetes;;
k127_317563	477	No terminal repeats	NA	1	11	0.8994	NA	1	1.7183	Viruses;Duplodnaviria;Heunggongvirae;Uroviricota;Caudoviricetes;;
k127_24449	366	No terminal repeats	NA	1	11	0.8983	NA	1	1.1262	Viruses;Duplodnaviria;Heunggongvirae;Uroviricota;Caudoviricetes;;
k127_206513	527	No terminal repeats	NA	1	11	0.8974	NA	1	1.7183	Viruses;Duplodnaviria;Heunggongvirae;Uroviricota;Caudoviricetes;;
k127_598089	355	No terminal repeats	NA	1	11	0.8967	NA	1	1.7183	Viruses;Duplodnaviria;Heunggongvirae;Uroviricota;Caudoviricetes;;
k127_20575	549	No terminal repeats	NA	1	11	0.8963	NA	1	1.7183	Viruses;Duplodnaviria;Heunggongvirae;Uroviricota;Caudoviricetes;;
k127_252415	345	No terminal repeats	NA	1	11	0.8959	NA	1	1.3093	Viruses;Duplodnaviria;Heunggongvirae;Uroviricota;Caudoviricetes;;
k127_292983	578	No terminal repeats	NA	1	11	0.8958	NA	1	1.7183	Viruses;Duplodnaviria;Heunggongvirae;Uroviricota;Caudoviricetes;;
k127_315380	523	No terminal repeats	NA	2	11	0.8957	NA	1	1.6873	Viruses;Duplodnaviria;Heunggongvirae;Uroviricota;Caudoviricetes;;
k127_352707	4143	No terminal repeats	NA	6	11	0.8953	NA	0	1.7159	Viruses;Duplodnaviria;Heunggongvirae;Uroviricota;Caudoviricetes;;
k127_589000	374	No terminal repeats	NA	1	11	0.8952	NA	1	1.7183	Viruses;Duplodnaviria;Heunggongvirae;Uroviricota;Caudoviricetes;;
k127_489174	370	No terminal repeats	NA	2	11	0.8948	NA	1	1.7183	Unclassified
k127_35196	372	No terminal repeats	NA	1	11	0.8946	NA	1	1.3383	Viruses;Duplodnaviria;Heunggongvirae;Uroviricota;Caudoviricetes;;
k127_96789	829	No terminal repeats	NA	3	11	0.8939	NA	1	1.7183	Viruses;Duplodnaviria;Heunggongvirae;Uroviricota;Caudoviricetes;;
k127_183705	424	No terminal repeats	NA	1	11	0.8938	NA	1	1.3617	Viruses;Duplodnaviria;Heunggongvirae;Uroviricota;Caudoviricetes;;
k127_549777	478	No terminal repeats	NA	1	11	0.8938	NA	1	1.7183	Viruses;Duplodnaviria;Heunggongvirae;Uroviricota;Caudoviricetes;;
k127_416734	1803	No terminal repeats	NA	4	11	0.8937	NA	1	1.7183	Viruses;Duplodnaviria;Heunggongvirae;Uroviricota;Caudoviricetes;;
k127_345117	708	No terminal repeats	NA	1	11	0.8935	NA	1	1.7183	Viruses;Duplodnaviria;Heunggongvirae;Uroviricota;Caudoviricetes;;
k127_616325	454	No terminal repeats	NA	1	11	0.8932	NA	1	1.7159	Viruses;Duplodnaviria;Heunggongvirae;Uroviricota;Caudoviricetes;;
k127_8637	472	No terminal repeats	NA	1	11	0.8932	NA	1	1.2306	Viruses;Duplodnaviria;Heunggongvirae;Uroviricota;Caudoviricetes;;
k127_487402	3223	No terminal repeats	NA	8	11	0.8932	NA	0	2.6651	Viruses;Duplodnaviria;Heunggongvirae;Uroviricota;Caudoviricetes;;
k127_400963	347	No terminal repeats	NA	2	11	0.8927	NA	1	2.8668	Viruses;Duplodnaviria;Heunggongvirae;Uroviricota;Caudoviricetes;;
k127_613041	437	No terminal repeats	NA	1	11	0.8923	NA	1	1.7183	Viruses;Duplodnaviria;Heunggongvirae;Uroviricota;Caudoviricetes;;
k127_572764	743	No terminal repeats	NA	2	11	0.8922	NA	1	1.7169	Viruses;Duplodnaviria;Heunggongvirae;Uroviricota;Caudoviricetes;;
k127_79867	759	No terminal repeats	NA	1	11	0.8922	NA	1	1.7183	Viruses;Duplodnaviria;Heunggongvirae;Uroviricota;Caudoviricetes;;
k127_522128	329	No terminal repeats	NA	1	11	0.8915	NA	1	1.2934	Viruses;Duplodnaviria;Heunggongvirae;Uroviricota;Caudoviricetes;;
k127_543906	348	No terminal repeats	NA	1	11	0.8902	NA	1	1.7183	Viruses;Duplodnaviria;Heunggongvirae;Uroviricota;Caudoviricetes;;
k127_607450	384	No terminal repeats	NA	1	11	0.8891	NA	1	1.7162	Viruses;Duplodnaviria;Heunggongvirae;Uroviricota;Caudoviricetes;;
k127_80865	681	No terminal repeats	NA	1	11	0.8887	NA	1	1.4595	Viruses;Duplodnaviria;Heunggongvirae;Uroviricota;Caudoviricetes;;
k127_185675	329	No terminal repeats	NA	1	11	0.8881	NA	1	1.2848	Viruses;Duplodnaviria;Heunggongvirae;Uroviricota;Caudoviricetes;;
k127_138519	528	No terminal repeats	NA	2	11	0.8875	NA	2	3.1366	Viruses;Duplodnaviria;Heunggongvirae;Uroviricota;Caudoviricetes;;
k127_479722	362	No terminal repeats	NA	1	11	0.8871	NA	1	1.7183	Viruses;Duplodnaviria;Heunggongvirae;Uroviricota;Caudoviricetes;;
k127_375298	518	No terminal repeats	NA	1	11	0.8863	NA	1	1.4880	Viruses;Duplodnaviria;Heunggongvirae;Uroviricota;Caudoviricetes;;
k127_515156	393	No terminal repeats	NA	1	11	0.8862	NA	1	1.4005	Viruses;Duplodnaviria;Heunggongvirae;Uroviricota;Caudoviricetes;;
k127_583189	384	No terminal repeats	NA	1	11	0.8862	NA	1	1.7183	Viruses;Duplodnaviria;Heunggongvirae;Uroviricota;Caudoviricetes;;
k127_569219	383	No terminal repeats	NA	1	11	0.8849	NA	1	1.4941	Viruses;Duplodnaviria;Heunggongvirae;Uroviricota;Caudoviricetes;;
k127_105477	775	No terminal repeats	NA	3	11	0.8833	NA	1	1.7183	Viruses;Duplodnaviria;Heunggongvirae;Uroviricota;Caudoviricetes;;
k127_449605	515	No terminal repeats	NA	1	11	0.8823	NA	1	1.7183	Viruses;Duplodnaviria;Heunggongvirae;Uroviricota;Caudoviricetes;;
k127_532802	1335	No terminal repeats	NA	1	11	0.8822	NA	1	1.0383	Viruses;Duplodnaviria;Heunggongvirae;Uroviricota;Caudoviricetes;;
k127_13521	511	No terminal repeats	NA	1	11	0.8821	NA	1	1.2306	Viruses;Duplodnaviria;Heunggongvirae;Uroviricota;Caudoviricetes;;
k127_416411	425	No terminal repeats	NA	1	11	0.8817	NA	1	1.7183	Viruses;Duplodnaviria;Heunggongvirae;Uroviricota;Caudoviricetes;;
k127_374907	929	No terminal repeats	NA	1	11	0.8813	NA	1	1.3276	Viruses;Duplodnaviria;Heunggongvirae;Uroviricota;Caudoviricetes;;
k127_586816	556	No terminal repeats	NA	1	11	0.8808	NA	1	1.4595	Viruses;Duplodnaviria;Heunggongvirae;Uroviricota;Caudoviricetes;;
k127_179148	301	No terminal repeats	NA	1	11	0.8807	NA	1	1.7183	Viruses;Duplodnaviria;Heunggongvirae;Uroviricota;Caudoviricetes;;
k127_427226	355	No terminal repeats	NA	1	11	0.8807	NA	1	1.3818	Viruses;Duplodnaviria;Heunggongvirae;Uroviricota;Caudoviricetes;;
k127_53149	383	No terminal repeats	NA	1	11	0.8805	NA	1	1.2306	Viruses;Duplodnaviria;Heunggongvirae;Uroviricota;Caudoviricetes;;
k127_439235	322	No terminal repeats	NA	2	11	0.8804	NA	1	3.4366	Unclassified
k127_97109	1412	No terminal repeats	NA	2	11	0.8801	NA	2	2.8209	Viruses;Duplodnaviria;Heunggongvirae;Uroviricota;Caudoviricetes;;
k127_293127	849	No terminal repeats	NA	1	11	0.8797	NA	1	1.7183	Viruses;Duplodnaviria;Heunggongvirae;Uroviricota;Caudoviricetes;;
k127_93817	760	No terminal repeats	NA	2	11	0.8793	NA	1	0.9544	Viruses;Duplodnaviria;Heunggongvirae;Uroviricota;Caudoviricetes;;
k127_467514	1407	No terminal repeats	NA	1	11	0.8792	NA	1	1.2306	Viruses;Duplodnaviria;Heunggongvirae;Uroviricota;Caudoviricetes;;
k127_81137	1214	No terminal repeats	NA	1	11	0.8789	NA	1	1.7183	Viruses;Duplodnaviria;Heunggongvirae;Uroviricota;Caudoviricetes;;
k127_501797	761	No terminal repeats	NA	1	11	0.8781	NA	1	1.7183	Viruses;Duplodnaviria;Heunggongvirae;Uroviricota;Caudoviricetes;;
k127_247235	595	No terminal repeats	NA	1	11	0.8777	NA	1	1.5961	Unclassified
k127_79459	315	No terminal repeats	NA	1	11	0.8772	NA	1	1.1499	Viruses;Duplodnaviria;Heunggongvirae;Uroviricota;Caudoviricetes;;
k127_334018	598	No terminal repeats	NA	2	11	0.8764	NA	1	3.1778	Viruses;Duplodnaviria;Heunggongvirae;Uroviricota;Caudoviricetes;;
k127_341359	511	No terminal repeats	NA	1	11	0.8762	NA	1	1.7183	Viruses;Duplodnaviria;Heunggongvirae;Uroviricota;Caudoviricetes;;
k127_344713	379	No terminal repeats	NA	1	11	0.8759	NA	1	1.2277	Viruses;Duplodnaviria;Heunggongvirae;Uroviricota;Caudoviricetes;;
k127_115944	385	No terminal repeats	NA	2	11	0.8759	NA	1	2.4108	Viruses;Duplodnaviria;Heunggongvirae;Uroviricota;Caudoviricetes;;
k127_440069	930	No terminal repeats	NA	1	11	0.8757	NA	1	1.7183	Viruses;Riboviria;Orthornavirae;Pisuviricota;Stelpaviricetes;Patatavirales;Potyviridae
k127_396122	375	No terminal repeats	NA	1	11	0.8756	NA	1	1.3450	Viruses;Duplodnaviria;Heunggongvirae;Uroviricota;Caudoviricetes;;
k127_326039	576	No terminal repeats	NA	1	11	0.8749	NA	1	1.7183	Viruses;Duplodnaviria;Heunggongvirae;Uroviricota;Caudoviricetes;;
k127_439526	306	No terminal repeats	NA	1	11	0.8743	NA	1	1.0320	Viruses;Duplodnaviria;Heunggongvirae;Uroviricota;Caudoviricetes;;
k127_253572	708	No terminal repeats	NA	1	11	0.8736	NA	1	1.5278	Viruses;Duplodnaviria;Heunggongvirae;Uroviricota;Caudoviricetes;;
k127_66466	344	No terminal repeats	NA	2	11	0.8729	NA	1	1.7183	Viruses;Duplodnaviria;Heunggongvirae;Uroviricota;Caudoviricetes;;
k127_457382	301	No terminal repeats	NA	1	11	0.8725	NA	1	1.7183	Viruses;Duplodnaviria;Heunggongvirae;Uroviricota;Caudoviricetes;;
k127_118435	427	No terminal repeats	NA	1	11	0.8723	NA	1	1.7183	Viruses;Duplodnaviria;Heunggongvirae;Uroviricota;Caudoviricetes;;Drexlerviridae
k127_610555	606	No terminal repeats	NA	1	11	0.8717	NA	1	1.2306	Viruses;Duplodnaviria;Heunggongvirae;Uroviricota;Caudoviricetes;;
k127_236174	415	No terminal repeats	NA	1	11	0.8713	NA	1	1.4900	Viruses;Duplodnaviria;Heunggongvirae;Uroviricota;Caudoviricetes;;
k127_1903	393	No terminal repeats	NA	1	11	0.8707	NA	1	1.4828	Viruses;Duplodnaviria;Heunggongvirae;Uroviricota;Caudoviricetes;;
k127_96302	722	No terminal repeats	NA	1	11	0.8706	NA	1	1.7183	Viruses;Duplodnaviria;Heunggongvirae;Uroviricota;Caudoviricetes;;
k127_86228	797	No terminal repeats	NA	1	11	0.8705	NA	1	1.7183	Viruses;Duplodnaviria;Heunggongvirae;Uroviricota;Caudoviricetes;;
k127_515809	710	No terminal repeats	NA	1	11	0.8698	NA	1	1.3837	Unclassified
k127_360090	584	No terminal repeats	NA	1	11	0.8695	NA	1	1.7183	Viruses;Duplodnaviria;Heunggongvirae;Uroviricota;Caudoviricetes;;
k127_414068	522	No terminal repeats	NA	2	11	0.8677	NA	1	1.7183	Viruses;Duplodnaviria;Heunggongvirae;Uroviricota;Caudoviricetes;;
k127_543210	675	No terminal repeats	NA	1	11	0.8673	NA	1	1.7165	Viruses;Duplodnaviria;Heunggongvirae;Uroviricota;Caudoviricetes;;
k127_166654	390	No terminal repeats	NA	1	11	0.8672	NA	1	1.4749	Viruses;Duplodnaviria;Heunggongvirae;Uroviricota;Caudoviricetes;;
k127_119099	555	No terminal repeats	NA	1	11	0.8671	NA	1	1.7183	Viruses;Duplodnaviria;Heunggongvirae;Uroviricota;Caudoviricetes;;
k127_340157	393	No terminal repeats	NA	2	11	0.8669	NA	1	1.5410	Viruses;Duplodnaviria;Heunggongvirae;Uroviricota;Caudoviricetes;;
k127_483643	377	No terminal repeats	NA	2	11	0.8655	NA	1	1.7183	Unclassified
k127_573230	587	No terminal repeats	NA	1	11	0.8649	NA	1	1.2306	Viruses;Duplodnaviria;Heunggongvirae;Uroviricota;Caudoviricetes;;
k127_475047	336	No terminal repeats	NA	1	11	0.8634	NA	1	1.7183	Viruses;Duplodnaviria;Heunggongvirae;Uroviricota;Caudoviricetes;;Drexlerviridae
k127_474528	377	No terminal repeats	NA	1	11	0.8628	NA	1	1.2465	Viruses;Duplodnaviria;Heunggongvirae;Uroviricota;Caudoviricetes;;
k127_439714	404	No terminal repeats	NA	1	11	0.8628	NA	1	1.2306	Viruses;Duplodnaviria;Heunggongvirae;Uroviricota;Caudoviricetes;;
k127_334581	1018	No terminal repeats	NA	3	11	0.8625	NA	1	4.6052	Viruses;Duplodnaviria;Heunggongvirae;Uroviricota;Caudoviricetes;;
k127_470936	1143	No terminal repeats	NA	1	11	0.8621	NA	1	1.7183	Viruses;Duplodnaviria;Heunggongvirae;Uroviricota;Caudoviricetes;;
k127_503600	398	No terminal repeats	NA	1	11	0.8617	NA	1	1.4062	Viruses;Duplodnaviria;Heunggongvirae;Uroviricota;Caudoviricetes;;
k127_476771	413	No terminal repeats	NA	1	11	0.8609	NA	1	1.2306	Viruses;Duplodnaviria;Heunggongvirae;Uroviricota;Caudoviricetes;;
k127_235791	465	No terminal repeats	NA	1	11	0.8605	NA	1	1.7183	Viruses;Duplodnaviria;Heunggongvirae;Uroviricota;Caudoviricetes;;
k127_31207	558	No terminal repeats	NA	1	11	0.8603	NA	1	1.5986	Viruses;Duplodnaviria;Heunggongvirae;Uroviricota;Caudoviricetes;;
k127_361925	1293	No terminal repeats	NA	2	11	0.8594	NA	1	1.7183	Viruses;Duplodnaviria;Heunggongvirae;Uroviricota;Caudoviricetes;;
k127_374249	3393	No terminal repeats	NA	8	11	0.8593	NA	0	1.3167	Viruses;Duplodnaviria;Heunggongvirae;Uroviricota;Caudoviricetes;;
k127_293191	477	No terminal repeats	NA	1	11	0.8591	NA	1	1.7183	Unclassified
k127_79289	414	No terminal repeats	NA	1	11	0.8590	NA	1	1.2651	Viruses;Duplodnaviria;Heunggongvirae;Uroviricota;Caudoviricetes;;
k127_475544	328	No terminal repeats	NA	1	11	0.8575	NA	1	1.3956	Viruses;Duplodnaviria;Heunggongvirae;Uroviricota;Caudoviricetes;;
k127_211908	320	No terminal repeats	NA	1	11	0.8565	NA	1	1.2629	Viruses;Duplodnaviria;Heunggongvirae;Uroviricota;Caudoviricetes;;
k127_252632	479	No terminal repeats	NA	1	11	0.8565	NA	1	1.2306	Viruses;Duplodnaviria;Heunggongvirae;Uroviricota;Caudoviricetes;;
k127_336979	372	No terminal repeats	NA	1	11	0.8557	NA	1	1.4062	Viruses;Duplodnaviria;Heunggongvirae;Uroviricota;Caudoviricetes;;
k127_122097	449	No terminal repeats	NA	1	11	0.8540	NA	1	1.7183	Viruses;Duplodnaviria;Heunggongvirae;Uroviricota;Caudoviricetes;;
k127_406505	2600	No terminal repeats	NA	2	11	0.8538	NA	0	3.0280	Viruses;;;;;;
k127_530789	634	No terminal repeats	NA	1	11	0.8536	NA	1	1.7183	Viruses;Duplodnaviria;Heunggongvirae;Uroviricota;Caudoviricetes;;
k127_57911	410	No terminal repeats	NA	1	11	0.8533	NA	1	1.2306	Viruses;Duplodnaviria;Heunggongvirae;Uroviricota;Caudoviricetes;;
k127_133071	1019	No terminal repeats	NA	1	11	0.8533	NA	1	1.2306	Viruses;Duplodnaviria;Heunggongvirae;Uroviricota;Caudoviricetes;;
k127_246279	641	No terminal repeats	NA	3	11	0.8524	NA	1	1.7183	Viruses;Duplodnaviria;Heunggongvirae;Uroviricota;Caudoviricetes;;
k127_140676	685	No terminal repeats	NA	1	11	0.8524	NA	1	1.7183	Viruses;Duplodnaviria;Heunggongvirae;Uroviricota;Caudoviricetes;;
k127_526443	3459	No terminal repeats	NA	7	11	0.8519	NA	0	1.6935	Viruses;Duplodnaviria;Heunggongvirae;Uroviricota;Caudoviricetes;;
k127_539908	1983	No terminal repeats	NA	4	11	0.8516	NA	1	4.9483	Viruses;Duplodnaviria;Heunggongvirae;Uroviricota;Caudoviricetes;;
k127_593334	804	No terminal repeats	NA	1	11	0.8513	NA	1	1.7183	Viruses;Duplodnaviria;Heunggongvirae;Uroviricota;Caudoviricetes;;
k127_342687	868	No terminal repeats	NA	2	11	0.8510	NA	1	3.3045	Viruses;Duplodnaviria;Heunggongvirae;Uroviricota;Caudoviricetes;;
k127_450409	1692	No terminal repeats	NA	3	11	0.8503	NA	2	3.4366	Viruses;Duplodnaviria;Heunggongvirae;Uroviricota;Caudoviricetes;;
k127_221625	916	No terminal repeats	NA	1	11	0.8502	NA	1	1.6066	Viruses;Duplodnaviria;Heunggongvirae;Uroviricota;Caudoviricetes;;
k127_200097	350	No terminal repeats	NA	1	11	0.8502	NA	1	1.0036	Viruses;Duplodnaviria;Heunggongvirae;Uroviricota;Caudoviricetes;;
k127_155628	863	No terminal repeats	NA	1	11	0.8500	NA	1	1.7183	Viruses;Duplodnaviria;Heunggongvirae;Uroviricota;Caudoviricetes;;
k127_416780	538	No terminal repeats	NA	1	11	0.8500	NA	1	1.3639	Viruses;Duplodnaviria;Heunggongvirae;Uroviricota;Caudoviricetes;;
k127_432157	310	No terminal repeats	NA	1	11	0.8499	NA	1	1.0089	Viruses;Duplodnaviria;Heunggongvirae;Uroviricota;Caudoviricetes;;
k127_365038	937	No terminal repeats	NA	2	11	0.8499	NA	1	1.7183	Viruses;Duplodnaviria;Heunggongvirae;Uroviricota;Caudoviricetes;;
k127_114851	346	No terminal repeats	NA	1	11	0.8497	NA	1	1.2201	Viruses;Duplodnaviria;Heunggongvirae;Uroviricota;Caudoviricetes;;
k127_75214	861	No terminal repeats	NA	1	11	0.8488	NA	1	1.7183	Viruses;Duplodnaviria;Heunggongvirae;Uroviricota;Caudoviricetes;;
k127_412107	320	No terminal repeats	NA	1	11	0.8487	NA	1	1.7183	Viruses;Duplodnaviria;Heunggongvirae;Uroviricota;Caudoviricetes;;
k127_90212	316	No terminal repeats	NA	2	11	0.8479	NA	1	1.3142	Viruses;Duplodnaviria;Heunggongvirae;Uroviricota;Caudoviricetes;;
k127_468090	339	No terminal repeats	NA	1	11	0.8467	NA	1	1.7183	Viruses;Duplodnaviria;Heunggongvirae;Uroviricota;Caudoviricetes;;
k127_288555	549	No terminal repeats	NA	1	11	0.8467	NA	1	1.7183	Viruses;Duplodnaviria;Heunggongvirae;Uroviricota;Caudoviricetes;;
k127_478233	323	No terminal repeats	NA	1	11	0.8461	NA	1	1.7183	Viruses;Duplodnaviria;Heunggongvirae;Uroviricota;Caudoviricetes;;
k127_155783	372	No terminal repeats	NA	2	11	0.8458	NA	1	1.7173	Viruses;Duplodnaviria;Heunggongvirae;Uroviricota;Caudoviricetes;;
k127_559149	407	No terminal repeats	NA	1	11	0.8454	NA	1	1.2944	Viruses;Duplodnaviria;Heunggongvirae;Uroviricota;Caudoviricetes;;
k127_439070	542	No terminal repeats	NA	1	11	0.8454	NA	1	1.7169	Viruses;Duplodnaviria;Heunggongvirae;Uroviricota;Caudoviricetes;;
k127_446652	748	No terminal repeats	NA	1	11	0.8453	NA	1	1.2277	Viruses;Duplodnaviria;Heunggongvirae;Uroviricota;Caudoviricetes;;
k127_594922	1802	No terminal repeats	NA	1	11	0.8444	NA	1	1.7183	Viruses;Riboviria;Orthornavirae;Pisuviricota;Stelpaviricetes;Stellavirales;Astroviridae
k127_212137	902	No terminal repeats	NA	2	11	0.8443	NA	1	1.7183	Viruses;Duplodnaviria;Heunggongvirae;Uroviricota;Caudoviricetes;;
k127_483241	307	No terminal repeats	NA	1	11	0.8423	NA	1	1.7183	Viruses;Duplodnaviria;Heunggongvirae;Uroviricota;Caudoviricetes;;
k127_565856	1273	No terminal repeats	NA	2	11	0.8423	NA	2	3.4342	Viruses;Duplodnaviria;Heunggongvirae;Uroviricota;Caudoviricetes;;
k127_310870	621	No terminal repeats	NA	1	11	0.8422	NA	1	1.6244	Viruses;Duplodnaviria;Heunggongvirae;Uroviricota;Caudoviricetes;;
k127_568494	307	No terminal repeats	NA	1	11	0.8422	NA	1	1.7183	Viruses;Duplodnaviria;Heunggongvirae;Uroviricota;Caudoviricetes;;
k127_474684	469	No terminal repeats	NA	1	11	0.8415	NA	1	1.7183	Viruses;Duplodnaviria;Heunggongvirae;Uroviricota;Caudoviricetes;;
k127_431079	325	No terminal repeats	NA	1	11	0.8411	NA	1	1.4900	Viruses;Duplodnaviria;Heunggongvirae;Uroviricota;Caudoviricetes;;
k127_507806	561	No terminal repeats	NA	1	11	0.8406	NA	1	1.3037	Viruses;Duplodnaviria;Heunggongvirae;Uroviricota;Caudoviricetes;;
k127_333069	857	No terminal repeats	NA	1	11	0.8389	NA	1	1.4972	Viruses;Duplodnaviria;Heunggongvirae;Uroviricota;Caudoviricetes;;
k127_340631	541	No terminal repeats	NA	1	11	0.8387	NA	1	1.2306	Viruses;Duplodnaviria;Heunggongvirae;Uroviricota;Caudoviricetes;;
k127_423349	382	No terminal repeats	NA	1	11	0.8377	NA	1	1.6734	Viruses;Duplodnaviria;Heunggongvirae;Uroviricota;Caudoviricetes;;
k127_612300	689	No terminal repeats	NA	1	11	0.8367	NA	1	1.7183	Viruses;Duplodnaviria;Heunggongvirae;Uroviricota;Caudoviricetes;;
k127_164805	917	No terminal repeats	NA	1	11	0.8361	NA	1	1.2695	Viruses;Duplodnaviria;Heunggongvirae;Uroviricota;Caudoviricetes;;
k127_236775	330	No terminal repeats	NA	1	11	0.8359	NA	1	1.7183	Viruses;Duplodnaviria;Heunggongvirae;Uroviricota;Caudoviricetes;;
k127_332384	3098	No terminal repeats	NA	3	11	0.8355	NA	1	2.4083	Viruses;Duplodnaviria;Heunggongvirae;Uroviricota;Caudoviricetes;;
k127_330432	926	No terminal repeats	NA	1	11	0.8355	NA	1	1.2306	Viruses;Duplodnaviria;Heunggongvirae;Uroviricota;Caudoviricetes;;
k127_286584	2724	No terminal repeats	NA	2	11	0.8353	NA	0	0.0000	Unclassified
k127_291100	368	No terminal repeats	NA	1	11	0.8346	NA	1	1.7088	Viruses;Duplodnaviria;Heunggongvirae;Uroviricota;Caudoviricetes;;
k127_358092	1674	No terminal repeats	NA	4	11	0.8340	NA	1	1.2902	Viruses;Duplodnaviria;Heunggongvirae;Uroviricota;Caudoviricetes;;
k127_179468	413	No terminal repeats	NA	1	11	0.8340	NA	1	1.4764	Viruses;Duplodnaviria;Heunggongvirae;Uroviricota;Caudoviricetes;;
k127_536523	360	No terminal repeats	NA	1	11	0.8338	NA	1	1.7183	Viruses;Duplodnaviria;Heunggongvirae;Uroviricota;Caudoviricetes;;
k127_547976	349	No terminal repeats	NA	1	11	0.8338	NA	1	1.4539	Viruses;Duplodnaviria;Heunggongvirae;Uroviricota;Caudoviricetes;;
k127_568699	1187	No terminal repeats	NA	2	11	0.8335	NA	1	1.6039	Viruses;Duplodnaviria;Heunggongvirae;Uroviricota;Caudoviricetes;;
k127_338657	382	No terminal repeats	NA	1	11	0.8332	NA	1	1.3610	Viruses;Duplodnaviria;Heunggongvirae;Uroviricota;Caudoviricetes;;
k127_440986	972	No terminal repeats	NA	1	11	0.8320	NA	1	1.7183	Viruses;Duplodnaviria;Heunggongvirae;Uroviricota;Caudoviricetes;;
k127_584210	860	No terminal repeats	NA	3	11	0.8308	NA	1	1.3276	Viruses;Duplodnaviria;Heunggongvirae;Uroviricota;Caudoviricetes;;
k127_249244	699	No terminal repeats	NA	1	11	0.8307	NA	1	1.2306	Viruses;Duplodnaviria;Heunggongvirae;Uroviricota;Caudoviricetes;;
k127_312990	533	No terminal repeats	NA	1	11	0.8305	NA	1	1.2306	Viruses;Duplodnaviria;Heunggongvirae;Uroviricota;Caudoviricetes;;
k127_23195	1122	No terminal repeats	NA	1	11	0.8301	NA	1	1.7183	Viruses;Duplodnaviria;Heunggongvirae;Uroviricota;Caudoviricetes;;
k127_421145	365	No terminal repeats	NA	1	11	0.8300	NA	1	1.7159	Viruses;Duplodnaviria;Heunggongvirae;Uroviricota;Caudoviricetes;;
k127_34462	455	No terminal repeats	NA	1	11	0.8294	NA	1	1.1328	Viruses;Duplodnaviria;Heunggongvirae;Uroviricota;Caudoviricetes;;
k127_415855	1459	No terminal repeats	NA	2	11	0.8294	NA	1	1.5978	Viruses;Duplodnaviria;Heunggongvirae;Uroviricota;Caudoviricetes;;
k127_336851	571	No terminal repeats	NA	2	11	0.8292	NA	1	1.4493	Viruses;Duplodnaviria;Heunggongvirae;Uroviricota;Caudoviricetes;;
k127_90851	307	No terminal repeats	NA	1	11	0.8289	NA	1	1.7132	Viruses;Duplodnaviria;Heunggongvirae;Uroviricota;Caudoviricetes;;
k127_424219	314	No terminal repeats	NA	1	11	0.8281	NA	1	1.5168	Viruses;Duplodnaviria;Heunggongvirae;Uroviricota;Caudoviricetes;;
k127_575336	386	No terminal repeats	NA	1	11	0.8281	NA	1	1.4749	Viruses;Duplodnaviria;Heunggongvirae;Uroviricota;Caudoviricetes;;
k127_531541	1783	No terminal repeats	NA	3	11	0.8269	NA	2	3.4356	Viruses;Duplodnaviria;Heunggongvirae;Uroviricota;Caudoviricetes;;
k127_22732	355	No terminal repeats	NA	1	11	0.8267	NA	1	1.3608	Viruses;Duplodnaviria;Heunggongvirae;Uroviricota;Caudoviricetes;;Straboviridae
k127_528151	1111	No terminal repeats	NA	1	11	0.8265	NA	1	1.7183	Viruses;Duplodnaviria;Heunggongvirae;Uroviricota;Caudoviricetes;;
k127_423513	827	No terminal repeats	NA	1	11	0.8261	NA	1	1.2306	Viruses;Duplodnaviria;Heunggongvirae;Uroviricota;Caudoviricetes;;
k127_168015	437	No terminal repeats	NA	2	11	0.8257	NA	1	1.3996	Viruses;Duplodnaviria;Heunggongvirae;Uroviricota;Caudoviricetes;;
k127_232999	531	No terminal repeats	NA	1	11	0.8251	NA	1	1.2306	Viruses;Duplodnaviria;Heunggongvirae;Uroviricota;Caudoviricetes;;
k127_372711	538	No terminal repeats	NA	1	11	0.8245	NA	1	1.2306	Viruses;Duplodnaviria;Heunggongvirae;Uroviricota;Caudoviricetes;;
k127_86469	676	No terminal repeats	NA	1	11	0.8226	NA	1	1.7183	Viruses;Duplodnaviria;Heunggongvirae;Uroviricota;Caudoviricetes;;
k127_30012	737	No terminal repeats	NA	1	11	0.8225	NA	1	1.0383	Viruses;Duplodnaviria;Heunggongvirae;Uroviricota;Caudoviricetes;;
k127_389802	437	No terminal repeats	NA	1	11	0.8213	NA	1	1.7159	Viruses;Duplodnaviria;Heunggongvirae;Uroviricota;Caudoviricetes;;
k127_93867	860	No terminal repeats	NA	1	11	0.8211	NA	1	1.6039	Viruses;Duplodnaviria;Heunggongvirae;Uroviricota;Caudoviricetes;;
k127_245151	529	No terminal repeats	NA	1	11	0.8207	NA	1	1.1844	Viruses;Duplodnaviria;Heunggongvirae;Uroviricota;Caudoviricetes;;
k127_79992	1041	No terminal repeats	NA	1	11	0.8207	NA	1	1.7183	Viruses;Duplodnaviria;Heunggongvirae;Uroviricota;Caudoviricetes;;
k127_482784	349	No terminal repeats	NA	1	11	0.8204	NA	1	1.3562	Viruses;Duplodnaviria;Heunggongvirae;Uroviricota;Caudoviricetes;;
k127_471465	648	No terminal repeats	NA	1	11	0.8204	NA	1	1.7183	Viruses;Duplodnaviria;Heunggongvirae;Uroviricota;Caudoviricetes;;Drexlerviridae
k127_377751	329	No terminal repeats	NA	1	11	0.8203	NA	1	1.7183	Unclassified
k127_415695	393	No terminal repeats	NA	1	11	0.8197	NA	1	1.3878	Viruses;Duplodnaviria;Heunggongvirae;Uroviricota;Caudoviricetes;;
k127_458279	615	No terminal repeats	NA	1	11	0.8194	NA	1	1.2306	Viruses;Duplodnaviria;Heunggongvirae;Uroviricota;Caudoviricetes;;
k127_608400	541	No terminal repeats	NA	2	11	0.8193	NA	1	1.2342	Viruses;Duplodnaviria;Heunggongvirae;Uroviricota;Caudoviricetes;;
k127_578985	435	No terminal repeats	NA	1	11	0.8185	NA	1	1.7169	Viruses;Duplodnaviria;Heunggongvirae;Uroviricota;Caudoviricetes;;
k127_494888	451	No terminal repeats	NA	1	11	0.8183	NA	1	1.0036	Viruses;Duplodnaviria;Heunggongvirae;Uroviricota;Caudoviricetes;;
k127_616644	393	No terminal repeats	NA	1	11	0.8180	NA	1	1.3610	Viruses;Duplodnaviria;Heunggongvirae;Uroviricota;Caudoviricetes;;
k127_102752	469	No terminal repeats	NA	1	11	0.8175	NA	1	1.2708	Viruses;Duplodnaviria;Heunggongvirae;Uroviricota;Caudoviricetes;;
k127_507576	645	No terminal repeats	NA	1	11	0.8168	NA	1	1.2306	Viruses;Duplodnaviria;Heunggongvirae;Uroviricota;Caudoviricetes;;
k127_221657	641	No terminal repeats	NA	1	11	0.8167	NA	1	1.6877	Viruses;Duplodnaviria;Heunggongvirae;Uroviricota;Caudoviricetes;;
k127_429784	459	No terminal repeats	NA	2	11	0.8165	NA	1	1.7183	Viruses;Duplodnaviria;Heunggongvirae;Uroviricota;Caudoviricetes;;
k127_67568	640	No terminal repeats	NA	1	11	0.8144	NA	1	1.2211	Viruses;Duplodnaviria;Heunggongvirae;Uroviricota;Caudoviricetes;;
k127_425013	332	No terminal repeats	NA	1	11	0.8141	NA	1	1.2944	Viruses;Duplodnaviria;Heunggongvirae;Uroviricota;Caudoviricetes;;
k127_242522	461	No terminal repeats	NA	1	11	0.8140	NA	1	1.7136	Viruses;Duplodnaviria;Heunggongvirae;Uroviricota;Caudoviricetes;;
k127_230406	318	No terminal repeats	NA	2	11	0.8135	NA	1	1.3996	Viruses;Duplodnaviria;Heunggongvirae;Uroviricota;Caudoviricetes;;
k127_195032	626	No terminal repeats	NA	1	11	0.8123	NA	1	1.2306	Viruses;Duplodnaviria;Heunggongvirae;Uroviricota;Caudoviricetes;;
k127_150939	371	No terminal repeats	NA	1	11	0.8113	NA	1	1.3181	Viruses;Duplodnaviria;Heunggongvirae;Uroviricota;Caudoviricetes;;
k127_219529	361	No terminal repeats	NA	1	11	0.8111	NA	1	1.7076	Unclassified
k127_330607	881	No terminal repeats	NA	1	11	0.8106	NA	1	1.7183	Viruses;Duplodnaviria;Heunggongvirae;Uroviricota;Caudoviricetes;;
k127_436190	475	No terminal repeats	NA	1	11	0.8089	NA	1	1.2306	Viruses;Duplodnaviria;Heunggongvirae;Uroviricota;Caudoviricetes;;
k127_205213	302	No terminal repeats	NA	1	11	0.8082	NA	1	1.2792	Viruses;Duplodnaviria;Heunggongvirae;Uroviricota;Caudoviricetes;;
k127_598330	842	No terminal repeats	NA	1	11	0.8081	NA	1	1.7183	Viruses;Duplodnaviria;Heunggongvirae;Uroviricota;Caudoviricetes;;
k127_80637	881	No terminal repeats	NA	3	11	0.8080	NA	1	1.7183	Unclassified
k127_569850	557	No terminal repeats	NA	2	11	0.8064	NA	1	1.4840	Unclassified
k127_564046	525	No terminal repeats	NA	1	11	0.8064	NA	1	1.2306	Viruses;Duplodnaviria;Heunggongvirae;Uroviricota;Caudoviricetes;;
k127_292112	353	No terminal repeats	NA	1	11	0.8061	NA	1	1.6774	Viruses;Duplodnaviria;Heunggongvirae;Uroviricota;Caudoviricetes;;
k127_266865	701	No terminal repeats	NA	1	11	0.8061	NA	1	1.7183	Viruses;Duplodnaviria;Heunggongvirae;Uroviricota;Caudoviricetes;;
k127_38626	1318	No terminal repeats	NA	1	11	0.8060	NA	1	1.7183	Viruses;Duplodnaviria;Heunggongvirae;Uroviricota;Caudoviricetes;;
k127_506917	741	No terminal repeats	NA	1	11	0.8060	NA	1	1.3696	Viruses;Duplodnaviria;Heunggongvirae;Uroviricota;Caudoviricetes;;
k127_387377	341	No terminal repeats	NA	1	11	0.8054	NA	1	1.7132	Unclassified
k127_137759	731	No terminal repeats	NA	2	11	0.8053	NA	2	2.3501	Viruses;Duplodnaviria;Heunggongvirae;Uroviricota;Caudoviricetes;;
k127_146498	615	No terminal repeats	NA	1	11	0.8051	NA	1	1.7183	Viruses;Duplodnaviria;Heunggongvirae;Uroviricota;Caudoviricetes;;
k127_187711	311	No terminal repeats	NA	1	11	0.8048	NA	1	1.6254	Viruses;Duplodnaviria;Heunggongvirae;Uroviricota;Caudoviricetes;;
k127_380046	627	No terminal repeats	NA	1	11	0.8046	NA	1	1.7019	Viruses;Duplodnaviria;Heunggongvirae;Uroviricota;Caudoviricetes;;
k127_423967	856	No terminal repeats	NA	1	11	0.8037	NA	1	1.2306	Viruses;Duplodnaviria;Heunggongvirae;Uroviricota;Caudoviricetes;;
k127_106071	409	No terminal repeats	NA	1	11	0.8036	NA	1	1.1328	Viruses;Duplodnaviria;Heunggongvirae;Uroviricota;Caudoviricetes;;
k127_585433	327	No terminal repeats	NA	1	11	0.8031	NA	1	1.3608	Viruses;Duplodnaviria;Heunggongvirae;Uroviricota;Caudoviricetes;;Straboviridae
k127_269003	383	No terminal repeats	NA	1	11	0.8029	NA	1	1.4242	Viruses;Duplodnaviria;Heunggongvirae;Uroviricota;Caudoviricetes;;
k127_223718	838	No terminal repeats	NA	1	11	0.8028	NA	1	1.7183	Viruses;Duplodnaviria;Heunggongvirae;Uroviricota;Caudoviricetes;;Drexlerviridae
k127_615589	437	No terminal repeats	NA	1	11	0.8021	NA	1	1.7183	Viruses;Duplodnaviria;Heunggongvirae;Uroviricota;Caudoviricetes;;
k127_127339	387	No terminal repeats	NA	2	11	0.8015	NA	1	1.3639	Viruses;Duplodnaviria;Heunggongvirae;Uroviricota;Caudoviricetes;;
k127_6822	337	No terminal repeats	NA	1	11	0.8014	NA	1	1.6774	Viruses;Duplodnaviria;Heunggongvirae;Uroviricota;Caudoviricetes;;
k127_518621	484	No terminal repeats	NA	1	11	0.8011	NA	1	1.3823	Viruses;Duplodnaviria;Heunggongvirae;Uroviricota;Caudoviricetes;;
k127_298438	883	No terminal repeats	NA	1	11	0.8000	NA	1	1.7183	Viruses;Duplodnaviria;Heunggongvirae;Uroviricota;Caudoviricetes;;
k127_457468	703	No terminal repeats	NA	1	11	0.7998	NA	1	1.2306	Viruses;Duplodnaviria;Heunggongvirae;Uroviricota;Caudoviricetes;;
k127_457685	427	No terminal repeats	NA	1	11	0.7996	NA	1	1.7183	Viruses;Duplodnaviria;Heunggongvirae;Uroviricota;Caudoviricetes;;
k127_438411	431	No terminal repeats	NA	1	11	0.7984	NA	1	1.0089	Viruses;Duplodnaviria;Heunggongvirae;Uroviricota;Caudoviricetes;;
k127_322767	783	No terminal repeats	NA	1	11	0.7978	NA	1	1.7183	Viruses;Duplodnaviria;Heunggongvirae;Uroviricota;Caudoviricetes;;
k127_538363	383	No terminal repeats	NA	1	11	0.7972	NA	1	1.7183	Viruses;Duplodnaviria;Heunggongvirae;Uroviricota;Caudoviricetes;;
k127_383464	1159	No terminal repeats	NA	1	11	0.7969	NA	1	1.2306	Viruses;Duplodnaviria;Heunggongvirae;Uroviricota;Caudoviricetes;;
k127_592004	614	No terminal repeats	NA	1	11	0.7968	NA	1	1.6774	Viruses;Duplodnaviria;Heunggongvirae;Uroviricota;Caudoviricetes;;
k127_289544	595	No terminal repeats	NA	1	11	0.7964	NA	1	1.7183	Viruses;Duplodnaviria;Heunggongvirae;Uroviricota;Caudoviricetes;;
k127_606470	329	No terminal repeats	NA	1	11	0.7960	NA	1	1.4046	Viruses;Duplodnaviria;Heunggongvirae;Uroviricota;Caudoviricetes;;
k127_588507	390	No terminal repeats	NA	1	11	0.7944	NA	1	1.4339	Viruses;Duplodnaviria;Heunggongvirae;Uroviricota;Caudoviricetes;;
k127_396646	550	No terminal repeats	NA	1	11	0.7940	NA	1	1.2306	Viruses;Duplodnaviria;Heunggongvirae;Uroviricota;Caudoviricetes;;
k127_243615	427	No terminal repeats	NA	1	11	0.7933	NA	1	1.7136	Viruses;Duplodnaviria;Heunggongvirae;Uroviricota;Caudoviricetes;;
k127_184664	2062	No terminal repeats	NA	1	11	0.7930	NA	1	1.7183	Viruses;Duplodnaviria;Heunggongvirae;Uroviricota;Caudoviricetes;;
k127_404029	522	No terminal repeats	NA	1	11	0.7930	NA	1	1.2720	Viruses;Duplodnaviria;Heunggongvirae;Uroviricota;Caudoviricetes;;
k127_229828	708	No terminal repeats	NA	1	11	0.7926	NA	1	1.2813	Viruses;Duplodnaviria;Heunggongvirae;Uroviricota;Caudoviricetes;;
k127_88694	717	No terminal repeats	NA	1	11	0.7920	NA	1	1.7183	Viruses;Duplodnaviria;Heunggongvirae;Uroviricota;Caudoviricetes;;
k127_465865	1544	No terminal repeats	NA	1	11	0.7916	NA	1	1.7183	Viruses;Duplodnaviria;Heunggongvirae;Uroviricota;Caudoviricetes;;
k127_88336	334	No terminal repeats	NA	1	11	0.7915	NA	1	1.3878	Viruses;Duplodnaviria;Heunggongvirae;Uroviricota;Caudoviricetes;;
k127_11977	585	No terminal repeats	NA	1	11	0.7915	NA	1	1.2306	Viruses;Duplodnaviria;Heunggongvirae;Uroviricota;Caudoviricetes;;
k127_52612	505	No terminal repeats	NA	1	11	0.7902	NA	1	1.2306	Viruses;Duplodnaviria;Heunggongvirae;Uroviricota;Caudoviricetes;;
k127_215914	3959	No terminal repeats	NA	9	11	0.7902	NA	0	2.4371	Viruses;Duplodnaviria;Heunggongvirae;Uroviricota;Caudoviricetes;;
k127_158837	365	No terminal repeats	NA	1	11	0.7882	NA	1	1.3562	Viruses;Duplodnaviria;Heunggongvirae;Uroviricota;Caudoviricetes;;
k127_420817	416	No terminal repeats	NA	1	11	0.7879	NA	1	1.6235	Unclassified
k127_446127	329	No terminal repeats	NA	2	11	0.7873	NA	2	3.0176	Viruses;Duplodnaviria;Heunggongvirae;Uroviricota;Caudoviricetes;;
k127_613861	317	No terminal repeats	NA	1	11	0.7871	NA	1	1.1745	Viruses;Duplodnaviria;Heunggongvirae;Uroviricota;Caudoviricetes;;
k127_177792	409	No terminal repeats	NA	1	11	0.7865	NA	1	1.7183	Viruses;Duplodnaviria;Heunggongvirae;Uroviricota;Caudoviricetes;;
k127_489918	314	No terminal repeats	NA	1	11	0.7863	NA	1	1.3070	Viruses;Duplodnaviria;Heunggongvirae;Uroviricota;Caudoviricetes;;
k127_493747	517	No terminal repeats	NA	1	11	0.7862	NA	1	1.3996	Viruses;Duplodnaviria;Heunggongvirae;Uroviricota;Caudoviricetes;;
k127_605323	3052	No terminal repeats	NA	3	4	0.7853	NA	1	1.1496	Viruses;Duplodnaviria;Heunggongvirae;Uroviricota;Caudoviricetes;;
k127_605643	356	No terminal repeats	NA	1	11	0.7844	NA	1	1.2609	Viruses;Duplodnaviria;Heunggongvirae;Uroviricota;Caudoviricetes;;
k127_415524	375	No terminal repeats	NA	1	11	0.7837	NA	1	1.0036	Viruses;Duplodnaviria;Heunggongvirae;Uroviricota;Caudoviricetes;;
k127_311055	534	No terminal repeats	NA	1	11	0.7833	NA	1	1.7138	Unclassified
k127_396612	314	No terminal repeats	NA	1	11	0.7828	NA	1	1.1499	Viruses;Duplodnaviria;Heunggongvirae;Uroviricota;Caudoviricetes;;
k127_492366	330	No terminal repeats	NA	2	11	0.7827	NA	1	1.7183	Viruses;Duplodnaviria;Heunggongvirae;Uroviricota;Caudoviricetes;;
k127_490191	1028	No terminal repeats	NA	2	11	0.7824	NA	1	2.6762	Viruses;Duplodnaviria;Heunggongvirae;Uroviricota;Caudoviricetes;;
k127_33995	638	No terminal repeats	NA	1	11	0.7824	NA	1	1.2306	Viruses;Duplodnaviria;Heunggongvirae;Uroviricota;Caudoviricetes;;
k127_75994	710	No terminal repeats	NA	1	11	0.7821	NA	1	1.7183	Viruses;Duplodnaviria;Heunggongvirae;Uroviricota;Caudoviricetes;;
k127_318801	331	No terminal repeats	NA	1	11	0.7814	NA	1	1.1709	Viruses;Duplodnaviria;Heunggongvirae;Uroviricota;Caudoviricetes;;
k127_541983	485	No terminal repeats	NA	1	11	0.7814	NA	1	1.3878	Viruses;Duplodnaviria;Heunggongvirae;Uroviricota;Caudoviricetes;;
k127_445992	460	No terminal repeats	NA	2	11	0.7811	NA	1	1.1191	Viruses;Duplodnaviria;Heunggongvirae;Uroviricota;Caudoviricetes;;
k127_339974	1006	No terminal repeats	NA	3	11	0.7794	NA	1	1.4190	Viruses;Duplodnaviria;Heunggongvirae;Uroviricota;Caudoviricetes;;
k127_606854	549	No terminal repeats	NA	2	11	0.7790	NA	1	1.0036	Viruses;Duplodnaviria;Heunggongvirae;Uroviricota;Caudoviricetes;;
k127_502252	402	No terminal repeats	NA	1	11	0.7784	NA	1	0.9531	Viruses;Duplodnaviria;Heunggongvirae;Uroviricota;Caudoviricetes;;
k127_276576	888	No terminal repeats	NA	1	11	0.7761	NA	1	1.2306	Viruses;Duplodnaviria;Heunggongvirae;Uroviricota;Caudoviricetes;;
k127_88819	345	No terminal repeats	NA	1	11	0.7760	NA	1	1.3168	Viruses;Duplodnaviria;Heunggongvirae;Uroviricota;Caudoviricetes;;
k127_245803	322	No terminal repeats	NA	1	11	0.7758	NA	1	1.2442	Viruses;Duplodnaviria;Heunggongvirae;Uroviricota;Caudoviricetes;;
k127_573486	487	No terminal repeats	NA	2	11	0.7758	NA	1	1.4513	Viruses;Duplodnaviria;Heunggongvirae;Uroviricota;Caudoviricetes;;
k127_173059	397	No terminal repeats	NA	1	11	0.7756	NA	1	1.0089	Viruses;Duplodnaviria;Heunggongvirae;Uroviricota;Caudoviricetes;;
k127_541433	436	No terminal repeats	NA	2	11	0.7746	NA	1	0.9531	Viruses;Duplodnaviria;Heunggongvirae;Uroviricota;Caudoviricetes;;
k127_473774	330	No terminal repeats	NA	1	11	0.7740	NA	1	1.0089	Viruses;Duplodnaviria;Heunggongvirae;Uroviricota;Caudoviricetes;;
k127_380488	380	No terminal repeats	NA	1	11	0.7728	NA	1	1.3608	Viruses;Duplodnaviria;Heunggongvirae;Uroviricota;Caudoviricetes;;Straboviridae
k127_34149	653	No terminal repeats	NA	1	11	0.7723	NA	1	1.5481	Viruses;Duplodnaviria;Heunggongvirae;Uroviricota;Caudoviricetes;;
k127_358967	9918	No terminal repeats	NA	5	11	0.7714	NA	0	0.0000	Unclassified
k127_438465	857	No terminal repeats	NA	1	11	0.7710	NA	1	1.2306	Viruses;Duplodnaviria;Heunggongvirae;Uroviricota;Caudoviricetes;;
k127_276746	348	No terminal repeats	NA	1	11	0.7707	NA	1	1.2753	Viruses;Duplodnaviria;Heunggongvirae;Uroviricota;Caudoviricetes;;
k127_437486	640	No terminal repeats	NA	2	11	0.7686	NA	1	1.2306	Viruses;Duplodnaviria;Heunggongvirae;Uroviricota;Caudoviricetes;;
k127_598266	725	No terminal repeats	NA	3	11	0.7685	NA	1	2.1371	Viruses;Duplodnaviria;Heunggongvirae;Uroviricota;Caudoviricetes;;
k127_112834	1084	No terminal repeats	NA	1	11	0.7681	NA	1	1.7183	Viruses;Duplodnaviria;Heunggongvirae;Uroviricota;Caudoviricetes;;
k127_72973	838	No terminal repeats	NA	1	11	0.7679	NA	1	1.7183	Viruses;Duplodnaviria;Heunggongvirae;Uroviricota;Caudoviricetes;;
k127_558320	475	No terminal repeats	NA	1	11	0.7679	NA	1	1.6947	Viruses;Duplodnaviria;Heunggongvirae;Uroviricota;Caudoviricetes;;
k127_243705	434	No terminal repeats	NA	2	11	0.7675	NA	1	1.3639	Viruses;Duplodnaviria;Heunggongvirae;Uroviricota;Caudoviricetes;;
k127_434803	313	No terminal repeats	NA	1	11	0.7669	NA	1	1.3562	Viruses;Duplodnaviria;Heunggongvirae;Uroviricota;Caudoviricetes;;
k127_447729	395	No terminal repeats	NA	1	11	0.7664	NA	1	1.6307	Viruses;Duplodnaviria;Heunggongvirae;Uroviricota;Caudoviricetes;;
k127_353657	613	No terminal repeats	NA	1	11	0.7639	NA	1	1.7183	Viruses;Duplodnaviria;Heunggongvirae;Uroviricota;Caudoviricetes;;
k127_288768	1268	No terminal repeats	NA	2	11	0.7632	NA	1	1.5143	Viruses;Duplodnaviria;Heunggongvirae;Uroviricota;Caudoviricetes;;
k127_108309	302	No terminal repeats	NA	1	11	0.7622	NA	1	1.6774	Viruses;Duplodnaviria;Heunggongvirae;Uroviricota;Caudoviricetes;;
k127_378171	376	No terminal repeats	NA	1	11	0.7616	NA	1	1.1178	Viruses;Duplodnaviria;Heunggongvirae;Uroviricota;Caudoviricetes;;
k127_597467	422	No terminal repeats	NA	1	11	0.7611	NA	1	1.2280	Unclassified
k127_523010	393	No terminal repeats	NA	1	11	0.7590	NA	1	1.3967	Viruses;Duplodnaviria;Heunggongvirae;Uroviricota;Caudoviricetes;;
k127_147130	1282	No terminal repeats	NA	1	11	0.7569	NA	1	1.7183	Viruses;Duplodnaviria;Heunggongvirae;Uroviricota;Caudoviricetes;;
k127_180631	494	No terminal repeats	NA	1	11	0.7561	NA	1	1.3878	Viruses;Duplodnaviria;Heunggongvirae;Uroviricota;Caudoviricetes;;
k127_49373	401	No terminal repeats	NA	1	11	0.7560	NA	1	1.2632	Viruses;Duplodnaviria;Heunggongvirae;Uroviricota;Caudoviricetes;;
k127_82990	425	No terminal repeats	NA	1	11	0.7547	NA	1	1.2306	Viruses;Duplodnaviria;Heunggongvirae;Uroviricota;Caudoviricetes;;
k127_198463	525	No terminal repeats	NA	2	11	0.7543	NA	1	1.6746	Viruses;Duplodnaviria;Heunggongvirae;Uroviricota;Caudoviricetes;;
k127_550669	438	No terminal repeats	NA	1	11	0.7525	NA	1	1.7173	Viruses;Duplodnaviria;Heunggongvirae;Uroviricota;Caudoviricetes;;
k127_533844	375	No terminal repeats	NA	1	11	0.7519	NA	1	1.7136	Viruses;Duplodnaviria;Heunggongvirae;Uroviricota;Caudoviricetes;;
k127_44341	301	No terminal repeats	NA	1	11	0.7513	NA	1	1.6721	Unclassified
k127_524344	661	No terminal repeats	NA	1	11	0.7507	NA	1	1.7183	Viruses;Duplodnaviria;Heunggongvirae;Uroviricota;Caudoviricetes;;
k127_477545	428	No terminal repeats	NA	1	11	0.7504	NA	1	1.5091	Viruses;Duplodnaviria;Heunggongvirae;Uroviricota;Caudoviricetes;;
k127_481873	344	No terminal repeats	NA	1	11	0.7503	NA	1	1.3428	Viruses;Duplodnaviria;Heunggongvirae;Uroviricota;Caudoviricetes;;
k127_26415	352	No terminal repeats	NA	2	11	0.7492	NA	1	1.4883	Viruses;Duplodnaviria;Heunggongvirae;Uroviricota;Caudoviricetes;;
k127_282776	307	No terminal repeats	NA	1	11	0.7491	NA	1	1.4634	Viruses;Duplodnaviria;Heunggongvirae;Uroviricota;Caudoviricetes;;
k127_556894	366	No terminal repeats	NA	1	11	0.7484	NA	1	1.7136	Viruses;Duplodnaviria;Heunggongvirae;Uroviricota;Caudoviricetes;;
k127_528019	411	No terminal repeats	NA	1	11	0.7474	NA	1	1.7183	Viruses;Duplodnaviria;Heunggongvirae;Uroviricota;Caudoviricetes;;
k127_538181	662	No terminal repeats	NA	1	11	0.7472	NA	1	1.6818	Viruses;Duplodnaviria;Heunggongvirae;Uroviricota;Caudoviricetes;;
k127_156832	906	No terminal repeats	NA	1	11	0.7471	NA	1	1.7183	Viruses;Duplodnaviria;Heunggongvirae;Uroviricota;Caudoviricetes;;
k127_101778	1376	No terminal repeats	NA	1	11	0.7469	NA	1	1.7183	Viruses;Riboviria;Orthornavirae;Pisuviricota;Duplopiviricetes;Durnavirales;Partitiviridae
k127_324946	416	No terminal repeats	NA	1	11	0.7460	NA	1	1.3608	Viruses;Duplodnaviria;Heunggongvirae;Uroviricota;Caudoviricetes;;Straboviridae
k127_452100	458	No terminal repeats	NA	1	11	0.7455	NA	1	1.5305	Viruses;Duplodnaviria;Heunggongvirae;Uroviricota;Caudoviricetes;;
k127_522630	1020	No terminal repeats	NA	2	11	0.7452	NA	1	1.2656	Viruses;Duplodnaviria;Heunggongvirae;Uroviricota;Caudoviricetes;;
k127_517341	301	No terminal repeats	NA	1	11	0.7403	NA	1	1.2802	Viruses;Duplodnaviria;Heunggongvirae;Uroviricota;Caudoviricetes;;
k127_22716	350	No terminal repeats	NA	1	11	0.7401	NA	1	1.3562	Viruses;Duplodnaviria;Heunggongvirae;Uroviricota;Caudoviricetes;;
k127_101726	564	No terminal repeats	NA	2	11	0.7381	NA	1	1.2696	Viruses;Duplodnaviria;Heunggongvirae;Uroviricota;Caudoviricetes;;
k127_506995	3247	No terminal repeats	NA	2	4	0.7373	NA	0	0.0000	Unclassified
k127_98461	884	No terminal repeats	NA	1	11	0.7371	NA	1	1.0036	Viruses;Duplodnaviria;Heunggongvirae;Uroviricota;Caudoviricetes;;
k127_406500	316	No terminal repeats	NA	1	11	0.7366	NA	1	1.0089	Viruses;Duplodnaviria;Heunggongvirae;Uroviricota;Caudoviricetes;;
k127_213113	373	No terminal repeats	NA	1	11	0.7364	NA	1	1.6774	Viruses;Duplodnaviria;Heunggongvirae;Uroviricota;Caudoviricetes;;
k127_362183	346	No terminal repeats	NA	1	11	0.7364	NA	1	1.2657	Viruses;Duplodnaviria;Heunggongvirae;Uroviricota;Caudoviricetes;;
k127_387240	535	No terminal repeats	NA	2	11	0.7352	NA	1	1.3494	Viruses;Duplodnaviria;Heunggongvirae;Uroviricota;Caudoviricetes;;
k127_468821	2515	No terminal repeats	NA	1	11	0.7329	NA	0	0.0000	Unclassified
k127_282123	1291	No terminal repeats	NA	1	11	0.7323	NA	1	1.2306	Viruses;Duplodnaviria;Heunggongvirae;Uroviricota;Caudoviricetes;;
k127_501914	2810	No terminal repeats	NA	1	11	0.7318	NA	0	0.0000	Unclassified
k127_411395	574	No terminal repeats	NA	1	11	0.7316	NA	1	1.1438	Viruses;Duplodnaviria;Heunggongvirae;Uroviricota;Caudoviricetes;;
k127_527197	546	No terminal repeats	NA	2	11	0.7312	NA	1	1.7006	Viruses;Duplodnaviria;Heunggongvirae;Uroviricota;Caudoviricetes;;Autographiviridae
k127_374192	782	No terminal repeats	NA	2	11	0.7306	NA	1	1.2171	Viruses;Duplodnaviria;Heunggongvirae;Uroviricota;Caudoviricetes;;
k127_343511	724	No terminal repeats	NA	2	11	0.7305	NA	1	1.4903	Viruses;Duplodnaviria;Heunggongvirae;Uroviricota;Caudoviricetes;;
k127_371682	848	No terminal repeats	NA	2	11	0.7296	NA	1	1.7183	Viruses;Duplodnaviria;Heunggongvirae;Uroviricota;Caudoviricetes;;
k127_308004	2020	No terminal repeats	NA	2	11	0.7289	NA	1	1.7183	Viruses;Riboviria;Orthornavirae;Pisuviricota;Stelpaviricetes;Patatavirales;Potyviridae
k127_37777	561	No terminal repeats	NA	2	11	0.7264	NA	1	1.4038	Viruses;Duplodnaviria;Heunggongvirae;Uroviricota;Caudoviricetes;;
k127_326965	1257	No terminal repeats	NA	4	11	0.7255	NA	1	3.2932	Viruses;Duplodnaviria;Heunggongvirae;Uroviricota;Caudoviricetes;;
k127_358642	999	No terminal repeats	NA	2	11	0.7241	NA	1	1.7176	Viruses;Duplodnaviria;Heunggongvirae;Uroviricota;Caudoviricetes;;
k127_540062	413	No terminal repeats	NA	1	11	0.7234	NA	1	1.6280	Viruses;Duplodnaviria;Heunggongvirae;Uroviricota;Caudoviricetes;;
k127_375095	801	No terminal repeats	NA	1	11	0.7228	NA	1	1.6407	Viruses;Duplodnaviria;Heunggongvirae;Uroviricota;Caudoviricetes;;
k127_387921	353	No terminal repeats	NA	1	11	0.7227	NA	1	1.2493	Viruses;Duplodnaviria;Heunggongvirae;Uroviricota;Caudoviricetes;;
k127_171266	308	No terminal repeats	NA	1	11	0.7222	NA	1	1.7091	Viruses;Duplodnaviria;Heunggongvirae;Uroviricota;Caudoviricetes;;
k127_324400	603	No terminal repeats	NA	1	11	0.7218	NA	1	0.9613	Viruses;Monodnaviria;Shotokuvirae;Cressdnaviricota;Arfiviricetes;Cirlivirales;Circoviridae
k127_39992	333	No terminal repeats	NA	1	11	0.7209	NA	1	1.1125	Viruses;Duplodnaviria;Heunggongvirae;Uroviricota;Caudoviricetes;;
k127_479795	4012	No terminal repeats	NA	1	11	0.7200	NA	0	0.0000	Unclassified
k127_610775	378	No terminal repeats	NA	1	11	0.7197	NA	1	1.0089	Viruses;Duplodnaviria;Heunggongvirae;Uroviricota;Caudoviricetes;;
k127_224742	412	No terminal repeats	NA	1	11	0.7197	NA	1	1.1387	Viruses;Duplodnaviria;Heunggongvirae;Uroviricota;Caudoviricetes;;
k127_260495	2515	No terminal repeats	NA	5	11	0.7195	NA	0	0.0000	Unclassified
k127_483890	481	No terminal repeats	NA	2	11	0.7190	NA	1	1.6774	Viruses;Duplodnaviria;Heunggongvirae;Uroviricota;Caudoviricetes;;
k127_149709	380	No terminal repeats	NA	2	11	0.7187	NA	1	1.1211	Viruses;Duplodnaviria;Heunggongvirae;Uroviricota;Caudoviricetes;;
k127_48179	353	No terminal repeats	NA	1	11	0.7186	NA	1	1.6742	Viruses;Duplodnaviria;Heunggongvirae;Uroviricota;Caudoviricetes;;
k127_6529	921	No terminal repeats	NA	2	11	0.7182	NA	1	1.7183	Viruses;Duplodnaviria;Heunggongvirae;Uroviricota;Caudoviricetes;;
k127_553135	5890	No terminal repeats	NA	4	11	0.7179	NA	0	1.4239	Unclassified
k127_499341	1614	No terminal repeats	NA	2	11	0.7166	NA	1	1.2306	Viruses;Duplodnaviria;Heunggongvirae;Uroviricota;Caudoviricetes;;
k127_502282	539	No terminal repeats	NA	2	11	0.7153	NA	1	1.7173	Viruses;Duplodnaviria;Heunggongvirae;Uroviricota;Caudoviricetes;;
k127_594188	582	No terminal repeats	NA	1	11	0.7152	NA	1	1.4764	Viruses;Duplodnaviria;Heunggongvirae;Uroviricota;Caudoviricetes;;
k127_335948	383	No terminal repeats	NA	1	11	0.7149	NA	1	1.2847	Viruses;Duplodnaviria;Heunggongvirae;Uroviricota;Caudoviricetes;;
k127_373366	546	No terminal repeats	NA	1	11	0.7145	NA	1	0.9221	Viruses;Duplodnaviria;Heunggongvirae;Uroviricota;Caudoviricetes;;Straboviridae
k127_518469	5636	No terminal repeats	NA	2	11	0.7143	NA	0	0.0000	Unclassified
k127_208701	1375	No terminal repeats	NA	1	11	0.7142	NA	1	1.7136	Viruses;Duplodnaviria;Heunggongvirae;Uroviricota;Caudoviricetes;;
k127_505874	525	No terminal repeats	NA	1	11	0.7141	NA	1	1.2306	Viruses;Duplodnaviria;Heunggongvirae;Uroviricota;Caudoviricetes;;
k127_141315	421	No terminal repeats	NA	1	11	0.7138	NA	1	1.5239	Viruses;Duplodnaviria;Heunggongvirae;Uroviricota;Caudoviricetes;;
k127_442813	505	No terminal repeats	NA	1	11	0.7133	NA	1	1.7136	Viruses;Duplodnaviria;Heunggongvirae;Uroviricota;Caudoviricetes;;
k127_363487	1286	No terminal repeats	NA	2	11	0.7132	NA	1	1.7183	Viruses;Duplodnaviria;Heunggongvirae;Uroviricota;Caudoviricetes;;
k127_505679	309	No terminal repeats	NA	1	11	0.7127	NA	1	1.3816	Viruses;Duplodnaviria;Heunggongvirae;Uroviricota;Caudoviricetes;;
k127_3706	463	No terminal repeats	NA	2	11	0.7119	NA	1	1.3639	Viruses;Duplodnaviria;Heunggongvirae;Uroviricota;Caudoviricetes;;
k127_447550	643	No terminal repeats	NA	1	11	0.7109	NA	1	1.7136	Viruses;Duplodnaviria;Heunggongvirae;Uroviricota;Caudoviricetes;;
k127_427306	536	No terminal repeats	NA	1	11	0.7105	NA	1	1.1328	Viruses;Duplodnaviria;Heunggongvirae;Uroviricota;Caudoviricetes;;
k127_112297	4271	No terminal repeats	NA	2	11	0.7104	NA	0	0.0000	Unclassified
k127_130133	628	No terminal repeats	NA	1	11	0.7103	NA	1	1.6774	Viruses;Duplodnaviria;Heunggongvirae;Uroviricota;Caudoviricetes;;
k127_303746	712	No terminal repeats	NA	3	11	0.7102	NA	1	1.0089	Viruses;Duplodnaviria;Heunggongvirae;Uroviricota;Caudoviricetes;;
k127_503960	1343	No terminal repeats	NA	3	11	0.7095	NA	2	2.7151	Viruses;Duplodnaviria;Heunggongvirae;Uroviricota;Caudoviricetes;;
k127_426779	493	No terminal repeats	NA	1	11	0.7079	NA	1	1.3181	Viruses;Duplodnaviria;Heunggongvirae;Uroviricota;Caudoviricetes;;
k127_342388	759	No terminal repeats	NA	1	11	0.7068	NA	1	1.6996	Unclassified
k127_160895	369	No terminal repeats	NA	1	11	0.7060	NA	1	1.4597	Viruses;Duplodnaviria;Heunggongvirae;Uroviricota;Caudoviricetes;;
k127_105434	639	No terminal repeats	NA	1	11	0.7057	NA	1	1.3523	Viruses;Duplodnaviria;Heunggongvirae;Uroviricota;Caudoviricetes;;
k127_587898	465	No terminal repeats	NA	1	11	0.7056	NA	1	1.7183	Viruses;Duplodnaviria;Heunggongvirae;Uroviricota;Caudoviricetes;;
k127_25569	613	No terminal repeats	NA	1	11	0.7045	NA	1	1.5715	Viruses;Duplodnaviria;Heunggongvirae;Uroviricota;Caudoviricetes;;
k127_408908	372	No terminal repeats	NA	2	11	0.7044	NA	1	1.3996	Viruses;Duplodnaviria;Heunggongvirae;Uroviricota;Caudoviricetes;;
k127_326164	2722	No terminal repeats	NA	3	11	0.7039	NA	0	0.0000	Unclassified
k127_356985	503	No terminal repeats	NA	2	11	0.7031	NA	1	1.7183	Viruses;Duplodnaviria;Heunggongvirae;Uroviricota;Caudoviricetes;;
k127_401222	731	No terminal repeats	NA	2	11	0.7025	NA	1	1.1262	Viruses;Duplodnaviria;Heunggongvirae;Uroviricota;Caudoviricetes;;
k127_305943	393	No terminal repeats	NA	1	11	0.7024	NA	1	1.1157	Viruses;Duplodnaviria;Heunggongvirae;Uroviricota;Caudoviricetes;;
