seq_name	length	topology	coordinates	n_genes	genetic_code	virus_score	fdr	n_hallmarks	marker_enrichment	taxonomy
k127_389641	2423	No terminal repeats	NA	3	11	0.9798	NA	1	5.1548	Viruses;Monodnaviria;Sangervirae;Phixviricota;Malgrandaviricetes;Petitvirales;Microviridae
k127_291596	634	No terminal repeats	NA	1	15	0.9729	NA	1	1.7183	Viruses;Monodnaviria;Sangervirae;Phixviricota;Malgrandaviricetes;Petitvirales;Microviridae
k127_79809	365	No terminal repeats	NA	1	11	0.9645	NA	1	1.7183	Viruses;Duplodnaviria;Heunggongvirae;Uroviricota;Caudoviricetes;;
k127_132150	309	No terminal repeats	NA	1	11	0.9601	NA	1	1.7183	Viruses;Duplodnaviria;Heunggongvirae;Uroviricota;Caudoviricetes;;
k127_277234	311	No terminal repeats	NA	1	11	0.9582	NA	1	1.7183	Viruses;Duplodnaviria;Heunggongvirae;Uroviricota;Caudoviricetes;;
k127_227201	344	No terminal repeats	NA	1	11	0.9568	NA	1	1.7183	Viruses;Duplodnaviria;Heunggongvirae;Uroviricota;Caudoviricetes;;
k127_422499	810	No terminal repeats	NA	1	11	0.9544	NA	1	1.7183	Viruses;Duplodnaviria;Heunggongvirae;Uroviricota;Caudoviricetes;;
k127_468948	506	No terminal repeats	NA	1	11	0.9523	NA	1	1.7183	Viruses;Duplodnaviria;Heunggongvirae;Uroviricota;Caudoviricetes;;
k127_355302	363	No terminal repeats	NA	1	11	0.9502	NA	1	1.7183	Viruses;Duplodnaviria;Heunggongvirae;Uroviricota;Caudoviricetes;;
k127_189619	448	No terminal repeats	NA	1	11	0.9498	NA	1	1.7183	Viruses;Duplodnaviria;Heunggongvirae;Uroviricota;Caudoviricetes;;
k127_493521	447	No terminal repeats	NA	1	11	0.9477	NA	1	1.7183	Viruses;Duplodnaviria;Heunggongvirae;Uroviricota;Caudoviricetes;;
k127_166291	340	No terminal repeats	NA	1	11	0.9475	NA	1	1.7183	Viruses;Duplodnaviria;Heunggongvirae;Uroviricota;Caudoviricetes;;
k127_294421	375	No terminal repeats	NA	1	11	0.9469	NA	1	1.7183	Viruses;Duplodnaviria;Heunggongvirae;Uroviricota;Caudoviricetes;;
k127_55224	577	No terminal repeats	NA	1	11	0.9468	NA	1	1.7183	Viruses;Duplodnaviria;Heunggongvirae;Uroviricota;Caudoviricetes;;
k127_271039	337	No terminal repeats	NA	1	11	0.9464	NA	1	1.5961	Unclassified
k127_62528	364	No terminal repeats	NA	1	11	0.9463	NA	1	1.7183	Viruses;Duplodnaviria;Heunggongvirae;Uroviricota;Caudoviricetes;;
k127_355170	577	No terminal repeats	NA	1	11	0.9459	NA	1	1.7183	Viruses;Duplodnaviria;Heunggongvirae;Uroviricota;Caudoviricetes;;
k127_23972	985	No terminal repeats	NA	1	11	0.9447	NA	1	1.7183	Unclassified
k127_320282	1433	No terminal repeats	NA	1	11	0.9432	NA	1	1.6244	Viruses;Duplodnaviria;Heunggongvirae;Uroviricota;Caudoviricetes;;
k127_374803	320	No terminal repeats	NA	1	11	0.9422	NA	1	1.7183	Viruses;Duplodnaviria;Heunggongvirae;Uroviricota;Caudoviricetes;;
k127_185966	307	No terminal repeats	NA	1	11	0.9414	NA	1	1.7183	Viruses;Duplodnaviria;Heunggongvirae;Uroviricota;Caudoviricetes;;
k127_17477	1101	No terminal repeats	NA	1	11	0.9408	NA	1	1.7183	Viruses;Duplodnaviria;Heunggongvirae;Uroviricota;Caudoviricetes;;
k127_316024	664	No terminal repeats	NA	1	11	0.9396	NA	1	1.7183	Viruses;Duplodnaviria;Heunggongvirae;Uroviricota;Caudoviricetes;;
k127_490167	329	No terminal repeats	NA	1	11	0.9393	NA	1	1.7183	Viruses;Duplodnaviria;Heunggongvirae;Uroviricota;Caudoviricetes;;
k127_403980	352	No terminal repeats	NA	1	11	0.9381	NA	1	1.7183	Viruses;Duplodnaviria;Heunggongvirae;Uroviricota;Caudoviricetes;;
k127_323534	569	No terminal repeats	NA	2	11	0.9369	NA	1	1.7183	Viruses;Duplodnaviria;Heunggongvirae;Uroviricota;Caudoviricetes;;
k127_232407	473	No terminal repeats	NA	1	11	0.9368	NA	1	1.7183	Viruses;Duplodnaviria;Heunggongvirae;Uroviricota;Caudoviricetes;;
k127_74392	492	No terminal repeats	NA	2	11	0.9362	NA	1	1.7183	Viruses;Duplodnaviria;Heunggongvirae;Uroviricota;Caudoviricetes;;
k127_258604	345	No terminal repeats	NA	1	11	0.9346	NA	1	1.7183	Viruses;Duplodnaviria;Heunggongvirae;Uroviricota;Caudoviricetes;;
k127_210358	417	No terminal repeats	NA	1	11	0.9337	NA	1	1.4943	Viruses;Duplodnaviria;Heunggongvirae;Uroviricota;Caudoviricetes;;
k127_275586	362	No terminal repeats	NA	1	11	0.9333	NA	1	1.7183	Viruses;Duplodnaviria;Heunggongvirae;Uroviricota;Caudoviricetes;;
k127_476402	711	No terminal repeats	NA	1	11	0.9320	NA	1	1.7183	Viruses;Duplodnaviria;Heunggongvirae;Uroviricota;Caudoviricetes;;
k127_397029	420	No terminal repeats	NA	1	11	0.9318	NA	1	1.7183	Viruses;Duplodnaviria;Heunggongvirae;Uroviricota;Caudoviricetes;;
k127_38856	710	No terminal repeats	NA	1	11	0.9317	NA	1	1.7183	Viruses;Duplodnaviria;Heunggongvirae;Uroviricota;Caudoviricetes;;
k127_82644	380	No terminal repeats	NA	1	11	0.9314	NA	1	1.7183	Viruses;Duplodnaviria;Heunggongvirae;Uroviricota;Caudoviricetes;;
k127_384366	366	No terminal repeats	NA	1	11	0.9313	NA	1	1.7183	Viruses;Duplodnaviria;Heunggongvirae;Uroviricota;Caudoviricetes;;
k127_495332	617	No terminal repeats	NA	1	11	0.9313	NA	1	1.7183	Viruses;Riboviria;Orthornavirae;Kitrinoviricota;Alsuviricetes;Tymovirales;Betaflexiviridae
k127_191006	320	No terminal repeats	NA	1	11	0.9311	NA	1	1.7183	Viruses;Duplodnaviria;Heunggongvirae;Uroviricota;Caudoviricetes;;Drexlerviridae
k127_417399	331	No terminal repeats	NA	1	11	0.9308	NA	1	1.7183	Viruses;Duplodnaviria;Heunggongvirae;Uroviricota;Caudoviricetes;;
k127_470487	434	No terminal repeats	NA	1	11	0.9308	NA	1	1.7183	Viruses;Duplodnaviria;Heunggongvirae;Uroviricota;Caudoviricetes;;
k127_193041	430	No terminal repeats	NA	1	11	0.9301	NA	1	1.7183	Viruses;Duplodnaviria;Heunggongvirae;Uroviricota;Caudoviricetes;;
k127_13720	457	No terminal repeats	NA	1	11	0.9301	NA	1	1.7183	Unclassified
k127_213844	510	No terminal repeats	NA	1	11	0.9293	NA	1	1.7183	Viruses;Duplodnaviria;Heunggongvirae;Uroviricota;Caudoviricetes;;
k127_14569	329	No terminal repeats	NA	1	11	0.9275	NA	1	1.7183	Viruses;Duplodnaviria;Heunggongvirae;Uroviricota;Caudoviricetes;;
k127_325931	511	No terminal repeats	NA	1	11	0.9269	NA	1	1.7183	Viruses;Duplodnaviria;Heunggongvirae;Uroviricota;Caudoviricetes;;Zobellviridae
k127_181293	535	No terminal repeats	NA	2	11	0.9269	NA	1	1.7183	Viruses;Monodnaviria;Sangervirae;Phixviricota;Malgrandaviricetes;Petitvirales;Microviridae
k127_111212	692	No terminal repeats	NA	1	11	0.9245	NA	1	1.7183	Viruses;Duplodnaviria;Heunggongvirae;Uroviricota;Caudoviricetes;;
k127_318265	341	No terminal repeats	NA	1	11	0.9235	NA	1	1.4442	Viruses;Duplodnaviria;Heunggongvirae;Uroviricota;Caudoviricetes;;
k127_386685	470	No terminal repeats	NA	1	11	0.9232	NA	1	1.7183	Viruses;Duplodnaviria;Heunggongvirae;Uroviricota;Caudoviricetes;;
k127_65720	348	No terminal repeats	NA	1	11	0.9228	NA	1	1.7183	Viruses;Duplodnaviria;Heunggongvirae;Uroviricota;Caudoviricetes;;
k127_202425	610	No terminal repeats	NA	1	11	0.9221	NA	1	1.7183	Viruses;Duplodnaviria;Heunggongvirae;Uroviricota;Caudoviricetes;;
k127_453598	503	No terminal repeats	NA	1	11	0.9220	NA	1	1.7183	Viruses;Duplodnaviria;Heunggongvirae;Uroviricota;Caudoviricetes;;
k127_191032	394	No terminal repeats	NA	1	11	0.9217	NA	1	1.7183	Viruses;Duplodnaviria;Heunggongvirae;Uroviricota;Caudoviricetes;;
k127_175588	437	No terminal repeats	NA	1	11	0.9201	NA	1	1.7183	Viruses;Duplodnaviria;Heunggongvirae;Uroviricota;Caudoviricetes;;
k127_313468	497	No terminal repeats	NA	1	11	0.9190	NA	1	1.7183	Viruses;Duplodnaviria;Heunggongvirae;Uroviricota;Caudoviricetes;;
k127_420628	349	No terminal repeats	NA	1	11	0.9188	NA	1	1.7183	Viruses;Duplodnaviria;Heunggongvirae;Uroviricota;Caudoviricetes;;
k127_242500	669	No terminal repeats	NA	1	11	0.9186	NA	1	1.7183	Viruses;Duplodnaviria;Heunggongvirae;Uroviricota;Caudoviricetes;;
k127_346347	395	No terminal repeats	NA	1	11	0.9177	NA	1	1.7183	Viruses;Duplodnaviria;Heunggongvirae;Uroviricota;Caudoviricetes;;
k127_41625	568	No terminal repeats	NA	1	11	0.9174	NA	1	1.7183	Viruses;Duplodnaviria;Heunggongvirae;Uroviricota;Caudoviricetes;;
k127_73641	373	No terminal repeats	NA	1	11	0.9168	NA	1	1.7183	Viruses;Duplodnaviria;Heunggongvirae;Uroviricota;Caudoviricetes;;
k127_464655	500	No terminal repeats	NA	1	11	0.9168	NA	1	1.7183	Viruses;Duplodnaviria;Heunggongvirae;Uroviricota;Caudoviricetes;;
k127_382568	330	No terminal repeats	NA	1	11	0.9160	NA	1	1.7183	Viruses;Duplodnaviria;Heunggongvirae;Uroviricota;Caudoviricetes;;
k127_268102	403	No terminal repeats	NA	1	11	0.9132	NA	1	1.2306	Viruses;Duplodnaviria;Heunggongvirae;Uroviricota;Caudoviricetes;;
k127_258891	480	No terminal repeats	NA	1	11	0.9131	NA	1	1.3550	Viruses;Duplodnaviria;Heunggongvirae;Uroviricota;Caudoviricetes;;
k127_469961	450	No terminal repeats	NA	1	11	0.9126	NA	1	1.5924	Viruses;Duplodnaviria;Heunggongvirae;Uroviricota;Caudoviricetes;;
k127_205180	404	No terminal repeats	NA	1	11	0.9118	NA	1	1.1041	Viruses;Duplodnaviria;Heunggongvirae;Uroviricota;Caudoviricetes;;
k127_347354	460	No terminal repeats	NA	1	11	0.9111	NA	1	1.7183	Viruses;Duplodnaviria;Heunggongvirae;Uroviricota;Caudoviricetes;;
k127_176009	413	No terminal repeats	NA	1	11	0.9092	NA	1	1.7183	Viruses;Duplodnaviria;Heunggongvirae;Uroviricota;Caudoviricetes;;
k127_386765	504	No terminal repeats	NA	1	11	0.9065	NA	1	1.7183	Viruses;Duplodnaviria;Heunggongvirae;Uroviricota;Caudoviricetes;;
k127_384402	1136	No terminal repeats	NA	1	11	0.9064	NA	1	1.7183	Viruses;Duplodnaviria;Heunggongvirae;Uroviricota;Caudoviricetes;;Drexlerviridae
k127_301769	975	No terminal repeats	NA	1	11	0.9063	NA	1	1.7183	Viruses;Duplodnaviria;Heunggongvirae;Uroviricota;Caudoviricetes;;
k127_485509	546	No terminal repeats	NA	1	11	0.9062	NA	1	1.7183	Viruses;Duplodnaviria;Heunggongvirae;Uroviricota;Caudoviricetes;;
k127_486727	431	No terminal repeats	NA	1	11	0.9059	NA	1	1.7183	Viruses;Duplodnaviria;Heunggongvirae;Uroviricota;Caudoviricetes;;
k127_249653	440	No terminal repeats	NA	2	11	0.9052	NA	1	1.7183	Viruses;Duplodnaviria;Heunggongvirae;Uroviricota;Caudoviricetes;;
k127_363078	425	No terminal repeats	NA	1	11	0.9049	NA	1	1.7183	Viruses;Duplodnaviria;Heunggongvirae;Uroviricota;Caudoviricetes;;
k127_118580	312	No terminal repeats	NA	1	11	0.9049	NA	1	1.7183	Viruses;Duplodnaviria;Heunggongvirae;Uroviricota;Caudoviricetes;;
k127_464002	676	No terminal repeats	NA	1	11	0.9023	NA	1	1.7183	Viruses;Duplodnaviria;Heunggongvirae;Uroviricota;Caudoviricetes;;Straboviridae
k127_226695	417	No terminal repeats	NA	1	11	0.9021	NA	1	1.7183	Viruses;Duplodnaviria;Heunggongvirae;Uroviricota;Caudoviricetes;;
k127_97594	512	No terminal repeats	NA	1	11	0.9011	NA	1	1.7183	Viruses;Duplodnaviria;Heunggongvirae;Uroviricota;Caudoviricetes;;
k127_419563	452	No terminal repeats	NA	1	11	0.9006	NA	1	1.2306	Viruses;Duplodnaviria;Heunggongvirae;Uroviricota;Caudoviricetes;;
k127_150550	548	No terminal repeats	NA	1	11	0.9004	NA	1	1.7183	Viruses;Duplodnaviria;Heunggongvirae;Uroviricota;Caudoviricetes;;
k127_134796	434	No terminal repeats	NA	1	11	0.8999	NA	1	1.7183	Viruses;Duplodnaviria;Heunggongvirae;Uroviricota;Caudoviricetes;;
k127_75996	415	No terminal repeats	NA	1	11	0.8986	NA	1	1.7183	Viruses;Duplodnaviria;Heunggongvirae;Uroviricota;Caudoviricetes;;Straboviridae
k127_161848	478	No terminal repeats	NA	1	11	0.8972	NA	1	1.7183	Viruses;Duplodnaviria;Heunggongvirae;Uroviricota;Caudoviricetes;;
k127_413742	628	No terminal repeats	NA	1	11	0.8967	NA	1	1.7183	Viruses;Riboviria;Orthornavirae;Kitrinoviricota;Alsuviricetes;Tymovirales;Betaflexiviridae
k127_429218	427	No terminal repeats	NA	1	11	0.8965	NA	1	1.7183	Viruses;Duplodnaviria;Heunggongvirae;Uroviricota;Caudoviricetes;;
k127_138682	678	No terminal repeats	NA	1	11	0.8960	NA	1	1.7183	Unclassified
k127_226792	2042	No terminal repeats	NA	2	11	0.8947	NA	1	1.7183	Viruses;Duplodnaviria;Heunggongvirae;Uroviricota;Caudoviricetes;;
k127_265278	443	No terminal repeats	NA	1	11	0.8928	NA	1	1.7183	Viruses;Duplodnaviria;Heunggongvirae;Uroviricota;Caudoviricetes;;
k127_358735	940	No terminal repeats	NA	3	11	0.8920	NA	1	3.4366	Viruses;Duplodnaviria;Heunggongvirae;Uroviricota;Caudoviricetes;;
k127_477989	381	No terminal repeats	NA	1	11	0.8908	NA	1	1.7183	Viruses;Duplodnaviria;Heunggongvirae;Uroviricota;Caudoviricetes;;
k127_69598	468	No terminal repeats	NA	1	11	0.8894	NA	1	1.7183	Viruses;Duplodnaviria;Heunggongvirae;Uroviricota;Caudoviricetes;;
k127_293892	786	No terminal repeats	NA	1	11	0.8893	NA	1	1.7183	Viruses;Duplodnaviria;Heunggongvirae;Uroviricota;Caudoviricetes;;
k127_459681	391	No terminal repeats	NA	1	11	0.8867	NA	1	1.7183	Viruses;Duplodnaviria;Heunggongvirae;Uroviricota;Caudoviricetes;;
k127_89461	410	No terminal repeats	NA	1	11	0.8865	NA	1	1.5170	Unclassified
k127_62117	407	No terminal repeats	NA	1	11	0.8861	NA	1	1.7183	Viruses;Duplodnaviria;Heunggongvirae;Uroviricota;Caudoviricetes;;
k127_14288	3255	No terminal repeats	NA	4	11	0.8852	NA	1	6.7483	Viruses;Duplodnaviria;Heunggongvirae;Uroviricota;Caudoviricetes;;
k127_222385	825	No terminal repeats	NA	1	11	0.8844	NA	1	1.2306	Viruses;Duplodnaviria;Heunggongvirae;Uroviricota;Caudoviricetes;;
k127_186677	474	No terminal repeats	NA	1	11	0.8830	NA	1	1.7183	Viruses;Duplodnaviria;Heunggongvirae;Uroviricota;Caudoviricetes;;
k127_319765	398	No terminal repeats	NA	1	11	0.8826	NA	1	1.7183	Viruses;Duplodnaviria;Heunggongvirae;Uroviricota;Caudoviricetes;;
k127_247106	1646	No terminal repeats	NA	1	11	0.8825	NA	1	1.7183	Viruses;Duplodnaviria;Heunggongvirae;Uroviricota;Caudoviricetes;;
k127_338136	377	No terminal repeats	NA	1	11	0.8806	NA	1	1.2930	Viruses;Duplodnaviria;Heunggongvirae;Uroviricota;Caudoviricetes;;
k127_297209	414	No terminal repeats	NA	2	11	0.8779	NA	1	1.7183	Viruses;Varidnaviria;Bamfordvirae;Preplasmiviricota;Polintoviricetes;Orthopolintovirales;Adintoviridae
k127_59363	676	No terminal repeats	NA	1	11	0.8778	NA	1	1.7183	Viruses;Duplodnaviria;Heunggongvirae;Uroviricota;Caudoviricetes;;
k127_160295	306	No terminal repeats	NA	1	11	0.8767	NA	1	1.3617	Viruses;Duplodnaviria;Heunggongvirae;Uroviricota;Caudoviricetes;;
k127_23553	473	No terminal repeats	NA	1	11	0.8762	NA	1	1.7183	Viruses;Duplodnaviria;Heunggongvirae;Uroviricota;Caudoviricetes;;
k127_392682	307	No terminal repeats	NA	1	11	0.8754	NA	1	1.7156	Viruses;Duplodnaviria;Heunggongvirae;Uroviricota;Caudoviricetes;;
k127_470433	542	No terminal repeats	NA	1	11	0.8735	NA	1	1.7183	Viruses;Duplodnaviria;Heunggongvirae;Uroviricota;Caudoviricetes;;
k127_352593	417	No terminal repeats	NA	1	11	0.8697	NA	1	1.2201	Viruses;Duplodnaviria;Heunggongvirae;Uroviricota;Caudoviricetes;;
k127_379158	995	No terminal repeats	NA	2	11	0.8692	NA	1	1.6575	Viruses;Duplodnaviria;Heunggongvirae;Uroviricota;Caudoviricetes;;
k127_306107	492	No terminal repeats	NA	1	11	0.8686	NA	1	1.3153	Viruses;Duplodnaviria;Heunggongvirae;Uroviricota;Caudoviricetes;;
k127_155410	2523	No terminal repeats	NA	5	11	0.8684	NA	0	4.3184	Viruses;Duplodnaviria;Heunggongvirae;Uroviricota;Caudoviricetes;;
k127_182771	513	No terminal repeats	NA	1	11	0.8673	NA	1	1.7183	Viruses;Duplodnaviria;Heunggongvirae;Uroviricota;Caudoviricetes;;
k127_25988	415	No terminal repeats	NA	1	11	0.8668	NA	1	1.2306	Viruses;Duplodnaviria;Heunggongvirae;Uroviricota;Caudoviricetes;;
k127_361189	508	No terminal repeats	NA	1	11	0.8662	NA	1	1.7183	Viruses;Duplodnaviria;Heunggongvirae;Uroviricota;Caudoviricetes;;
k127_421842	317	No terminal repeats	NA	1	11	0.8652	NA	1	1.5032	Viruses;Duplodnaviria;Heunggongvirae;Uroviricota;Caudoviricetes;;
k127_248226	1403	No terminal repeats	NA	4	11	0.8636	NA	2	3.4366	Viruses;Duplodnaviria;Heunggongvirae;Uroviricota;Caudoviricetes;;
k127_56888	447	No terminal repeats	NA	1	11	0.8619	NA	1	1.7183	Viruses;Duplodnaviria;Heunggongvirae;Uroviricota;Caudoviricetes;;
k127_357650	547	No terminal repeats	NA	1	11	0.8611	NA	1	1.7183	Viruses;Duplodnaviria;Heunggongvirae;Uroviricota;Caudoviricetes;;
k127_302466	431	No terminal repeats	NA	1	11	0.8585	NA	1	1.7183	Viruses;Duplodnaviria;Heunggongvirae;Uroviricota;Caudoviricetes;;
k127_121448	414	No terminal repeats	NA	1	11	0.8585	NA	1	1.7183	Viruses;Duplodnaviria;Heunggongvirae;Uroviricota;Caudoviricetes;;
k127_209118	879	No terminal repeats	NA	1	11	0.8574	NA	1	1.7183	Viruses;Duplodnaviria;Heunggongvirae;Uroviricota;Caudoviricetes;;
k127_367433	868	No terminal repeats	NA	1	11	0.8570	NA	1	1.2306	Viruses;Duplodnaviria;Heunggongvirae;Uroviricota;Caudoviricetes;;
k127_479173	777	No terminal repeats	NA	2	11	0.8564	NA	1	1.7183	Viruses;Duplodnaviria;Heunggongvirae;Uroviricota;Caudoviricetes;;
k127_225516	606	No terminal repeats	NA	1	11	0.8559	NA	1	1.7183	Viruses;Duplodnaviria;Heunggongvirae;Uroviricota;Caudoviricetes;;
k127_473169	602	No terminal repeats	NA	1	11	0.8534	NA	1	1.7183	Viruses;Duplodnaviria;Heunggongvirae;Uroviricota;Caudoviricetes;;
k127_274414	4248	No terminal repeats	NA	7	11	0.8522	NA	1	1.6842	Viruses;Duplodnaviria;Heunggongvirae;Uroviricota;Caudoviricetes;;
k127_324310	430	No terminal repeats	NA	1	11	0.8506	NA	1	1.7183	Viruses;Duplodnaviria;Heunggongvirae;Uroviricota;Caudoviricetes;;
k127_126089	429	No terminal repeats	NA	1	11	0.8500	NA	1	1.3595	Viruses;Duplodnaviria;Heunggongvirae;Uroviricota;Caudoviricetes;;
k127_5289	1037	No terminal repeats	NA	2	11	0.8481	NA	1	2.5080	Viruses;Duplodnaviria;Heunggongvirae;Uroviricota;Caudoviricetes;;
k127_144807	463	No terminal repeats	NA	2	11	0.8478	NA	1	1.7183	Viruses;Duplodnaviria;Heunggongvirae;Uroviricota;Caudoviricetes;;
k127_301262	301	No terminal repeats	NA	1	11	0.8465	NA	1	1.3125	Viruses;Duplodnaviria;Heunggongvirae;Uroviricota;Caudoviricetes;;
k127_433709	375	No terminal repeats	NA	1	11	0.8456	NA	1	1.1157	Viruses;Duplodnaviria;Heunggongvirae;Uroviricota;Caudoviricetes;;
k127_54342	345	No terminal repeats	NA	1	11	0.8416	NA	1	1.1215	Viruses;Duplodnaviria;Heunggongvirae;Uroviricota;Caudoviricetes;;
k127_84582	423	No terminal repeats	NA	1	11	0.8399	NA	1	1.7183	Viruses;Duplodnaviria;Heunggongvirae;Uroviricota;Caudoviricetes;;
k127_468433	410	No terminal repeats	NA	1	11	0.8382	NA	1	1.2997	Viruses;Duplodnaviria;Heunggongvirae;Uroviricota;Caudoviricetes;;
k127_276401	1090	No terminal repeats	NA	1	11	0.8359	NA	1	1.7183	Viruses;Duplodnaviria;Heunggongvirae;Uroviricota;Caudoviricetes;;
k127_226757	647	No terminal repeats	NA	1	11	0.8321	NA	1	1.7183	Viruses;Duplodnaviria;Heunggongvirae;Uroviricota;Caudoviricetes;;
k127_7844	1301	No terminal repeats	NA	1	11	0.8317	NA	1	1.7183	Viruses;Riboviria;Orthornavirae;Pisuviricota;Duplopiviricetes;Durnavirales;Partitiviridae
k127_106263	2929	No terminal repeats	NA	2	11	0.8298	NA	0	1.7183	Viruses;Duplodnaviria;Heunggongvirae;Uroviricota;Caudoviricetes;;
k127_264173	874	No terminal repeats	NA	1	11	0.8293	NA	1	1.7183	Viruses;Duplodnaviria;Heunggongvirae;Uroviricota;Caudoviricetes;;
k127_176848	492	No terminal repeats	NA	2	11	0.8288	NA	1	1.6443	Viruses;Duplodnaviria;Heunggongvirae;Uroviricota;Caudoviricetes;;
k127_22752	367	No terminal repeats	NA	1	11	0.8277	NA	1	1.3608	Viruses;Duplodnaviria;Heunggongvirae;Uroviricota;Caudoviricetes;;Straboviridae
k127_144357	869	No terminal repeats	NA	1	11	0.8275	NA	1	1.7183	Viruses;Duplodnaviria;Heunggongvirae;Uroviricota;Caudoviricetes;;
k127_133802	619	No terminal repeats	NA	2	11	0.8274	NA	1	1.7183	Viruses;Duplodnaviria;Heunggongvirae;Uroviricota;Caudoviricetes;;
k127_375593	321	No terminal repeats	NA	1	11	0.8262	NA	1	1.6469	Viruses;Duplodnaviria;Heunggongvirae;Uroviricota;Caudoviricetes;;
k127_239693	1197	No terminal repeats	NA	1	11	0.8248	NA	1	1.5986	Viruses;Duplodnaviria;Heunggongvirae;Uroviricota;Caudoviricetes;;
k127_131606	3475	No terminal repeats	NA	3	11	0.8246	NA	0	1.7108	Viruses;Duplodnaviria;Heunggongvirae;Uroviricota;Caudoviricetes;;
k127_447238	789	No terminal repeats	NA	1	11	0.8233	NA	1	1.7183	Viruses;Duplodnaviria;Heunggongvirae;Uroviricota;Caudoviricetes;;
k127_476894	317	No terminal repeats	NA	1	11	0.8233	NA	1	1.2474	Viruses;Duplodnaviria;Heunggongvirae;Uroviricota;Caudoviricetes;;
k127_392356	456	No terminal repeats	NA	1	11	0.8233	NA	1	1.6123	Viruses;Duplodnaviria;Heunggongvirae;Uroviricota;Caudoviricetes;;
k127_89935	321	No terminal repeats	NA	2	11	0.8217	NA	1	1.7169	Viruses;Duplodnaviria;Heunggongvirae;Uroviricota;Caudoviricetes;;
k127_311228	385	No terminal repeats	NA	2	11	0.8211	NA	1	1.6469	Viruses;Duplodnaviria;Heunggongvirae;Uroviricota;Caudoviricetes;;
k127_59170	303	No terminal repeats	NA	1	11	0.8210	NA	1	1.2708	Viruses;Duplodnaviria;Heunggongvirae;Uroviricota;Caudoviricetes;;
k127_418273	515	No terminal repeats	NA	1	11	0.8205	NA	1	1.3070	Viruses;Duplodnaviria;Heunggongvirae;Uroviricota;Caudoviricetes;;
k127_173216	1247	No terminal repeats	NA	2	11	0.8198	NA	1	1.7177	Viruses;Duplodnaviria;Heunggongvirae;Uroviricota;Caudoviricetes;;
k127_415679	464	No terminal repeats	NA	1	11	0.8167	NA	1	1.2306	Viruses;Duplodnaviria;Heunggongvirae;Uroviricota;Caudoviricetes;;
k127_156397	992	No terminal repeats	NA	1	11	0.8141	NA	1	1.7183	Viruses;Duplodnaviria;Heunggongvirae;Uroviricota;Caudoviricetes;;
k127_130539	324	No terminal repeats	NA	1	11	0.8132	NA	1	1.2396	Viruses;Duplodnaviria;Heunggongvirae;Uroviricota;Caudoviricetes;;
k127_234583	370	No terminal repeats	NA	1	11	0.8057	NA	1	1.2493	Viruses;Duplodnaviria;Heunggongvirae;Uroviricota;Caudoviricetes;;
k127_187446	811	No terminal repeats	NA	2	11	0.8020	NA	2	2.7108	Viruses;Duplodnaviria;Heunggongvirae;Uroviricota;Caudoviricetes;;
k127_201035	696	No terminal repeats	NA	2	11	0.8012	NA	1	1.7183	Viruses;Duplodnaviria;Heunggongvirae;Uroviricota;Caudoviricetes;;
k127_218801	608	No terminal repeats	NA	1	11	0.8002	NA	1	1.7183	Viruses;Duplodnaviria;Heunggongvirae;Uroviricota;Caudoviricetes;;
k127_276777	767	No terminal repeats	NA	1	11	0.7974	NA	1	1.7183	Viruses;Duplodnaviria;Heunggongvirae;Uroviricota;Caudoviricetes;;
k127_349794	2500	No terminal repeats	NA	2	11	0.7967	NA	0	1.7183	Viruses;Duplodnaviria;Heunggongvirae;Uroviricota;Caudoviricetes;;
k127_361117	540	No terminal repeats	NA	1	11	0.7940	NA	1	1.3182	Viruses;Duplodnaviria;Heunggongvirae;Uroviricota;Caudoviricetes;;
k127_443619	420	No terminal repeats	NA	1	11	0.7916	NA	1	1.6416	Viruses;Duplodnaviria;Heunggongvirae;Uroviricota;Caudoviricetes;;
k127_126703	467	No terminal repeats	NA	1	11	0.7907	NA	1	1.0663	Viruses;Duplodnaviria;Heunggongvirae;Uroviricota;Caudoviricetes;;
k127_368455	1056	No terminal repeats	NA	3	11	0.7907	NA	1	1.7183	Unclassified
k127_176186	2621	No terminal repeats	NA	1	11	0.7902	NA	0	1.7183	Viruses;Duplodnaviria;Heunggongvirae;Uroviricota;Caudoviricetes;;
k127_420990	643	No terminal repeats	NA	2	11	0.7873	NA	1	1.7183	Viruses;Duplodnaviria;Heunggongvirae;Uroviricota;Caudoviricetes;;
k127_437065	666	No terminal repeats	NA	2	11	0.7857	NA	1	1.1041	Viruses;Duplodnaviria;Heunggongvirae;Uroviricota;Caudoviricetes;;
k127_405409	1225	No terminal repeats	NA	2	11	0.7841	NA	1	1.7183	Unclassified
k127_227008	912	No terminal repeats	NA	1	11	0.7839	NA	1	1.7183	Viruses;Duplodnaviria;Heunggongvirae;Uroviricota;Caudoviricetes;;
k127_259222	713	No terminal repeats	NA	2	11	0.7833	NA	1	1.7183	Viruses;Duplodnaviria;Heunggongvirae;Uroviricota;Caudoviricetes;;
k127_132419	889	No terminal repeats	NA	1	11	0.7821	NA	1	1.7183	Viruses;Duplodnaviria;Heunggongvirae;Uroviricota;Caudoviricetes;;
k127_216261	430	No terminal repeats	NA	1	11	0.7809	NA	1	1.7183	Viruses;Duplodnaviria;Heunggongvirae;Uroviricota;Caudoviricetes;;
k127_179267	331	No terminal repeats	NA	1	11	0.7779	NA	1	1.3966	Viruses;Duplodnaviria;Heunggongvirae;Uroviricota;Caudoviricetes;;
k127_27267	3702	No terminal repeats	NA	3	11	0.7770	NA	0	1.7183	Unclassified
k127_164646	307	No terminal repeats	NA	1	11	0.7767	NA	1	1.6570	Viruses;Duplodnaviria;Heunggongvirae;Uroviricota;Caudoviricetes;;
k127_152158	500	No terminal repeats	NA	2	11	0.7725	NA	1	1.7183	Viruses;Duplodnaviria;Heunggongvirae;Uroviricota;Caudoviricetes;;
k127_70475	1719	No terminal repeats	NA	2	11	0.7720	NA	1	1.7183	Viruses;Duplodnaviria;Heunggongvirae;Uroviricota;Caudoviricetes;;Drexlerviridae
k127_425404	390	No terminal repeats	NA	1	11	0.7720	NA	1	1.6734	Viruses;Duplodnaviria;Heunggongvirae;Uroviricota;Caudoviricetes;;
k127_238233	2720	No terminal repeats	NA	4	11	0.7657	NA	0	1.7183	Unclassified
k127_205214	3229	No terminal repeats	NA	3	11	0.7609	NA	0	1.7183	Unclassified
k127_258595	807	No terminal repeats	NA	2	11	0.7588	NA	1	1.7183	Viruses;Duplodnaviria;Heunggongvirae;Uroviricota;Caudoviricetes;;
k127_393710	2653	No terminal repeats	NA	4	11	0.7559	NA	0	0.0000	Unclassified
k127_160520	2654	No terminal repeats	NA	3	11	0.7526	NA	0	0.0000	Unclassified
k127_227421	350	No terminal repeats	NA	1	11	0.7520	NA	1	1.2425	Viruses;Duplodnaviria;Heunggongvirae;Uroviricota;Caudoviricetes;;
k127_34449	579	No terminal repeats	NA	1	11	0.7506	NA	1	0.9079	Viruses;Duplodnaviria;Heunggongvirae;Uroviricota;Caudoviricetes;;
k127_293440	608	No terminal repeats	NA	1	11	0.7470	NA	1	1.7164	Viruses;Duplodnaviria;Heunggongvirae;Uroviricota;Caudoviricetes;;
k127_283630	613	No terminal repeats	NA	2	11	0.7468	NA	1	1.7183	Viruses;Duplodnaviria;Heunggongvirae;Uroviricota;Caudoviricetes;;
k127_361271	366	No terminal repeats	NA	2	11	0.7457	NA	1	1.5983	Viruses;Duplodnaviria;Heunggongvirae;Uroviricota;Caudoviricetes;;
k127_73506	600	No terminal repeats	NA	1	11	0.7417	NA	1	1.7183	Viruses;Duplodnaviria;Heunggongvirae;Uroviricota;Caudoviricetes;;
k127_477976	2025	No terminal repeats	NA	2	11	0.7407	NA	1	1.7183	Viruses;Varidnaviria;Bamfordvirae;Nucleocytoviricota;Megaviricetes;Imitervirales;Mimiviridae
k127_249919	1046	No terminal repeats	NA	1	11	0.7392	NA	1	1.7183	Viruses;Duplodnaviria;Heunggongvirae;Uroviricota;Caudoviricetes;;
k127_126263	428	No terminal repeats	NA	1	11	0.7377	NA	1	1.3878	Viruses;Duplodnaviria;Heunggongvirae;Uroviricota;Caudoviricetes;;
k127_355248	471	No terminal repeats	NA	1	11	0.7374	NA	1	1.6903	Unclassified
k127_79663	346	No terminal repeats	NA	1	11	0.7337	NA	1	1.2857	Viruses;Duplodnaviria;Heunggongvirae;Uroviricota;Caudoviricetes;;
k127_124103	564	No terminal repeats	NA	1	11	0.7312	NA	1	1.3168	Viruses;Duplodnaviria;Heunggongvirae;Uroviricota;Caudoviricetes;;
k127_2793	397	No terminal repeats	NA	1	11	0.7309	NA	1	1.4903	Viruses;Duplodnaviria;Heunggongvirae;Uroviricota;Caudoviricetes;;
k127_150977	526	No terminal repeats	NA	1	11	0.7259	NA	1	1.4381	Viruses;Duplodnaviria;Heunggongvirae;Uroviricota;Caudoviricetes;;
k127_474463	375	No terminal repeats	NA	1	11	0.7238	NA	1	1.6416	Viruses;Duplodnaviria;Heunggongvirae;Uroviricota;Caudoviricetes;;
k127_251838	367	No terminal repeats	NA	1	11	0.7233	NA	1	1.3562	Viruses;Duplodnaviria;Heunggongvirae;Uroviricota;Caudoviricetes;;
k127_200698	373	No terminal repeats	NA	1	11	0.7192	NA	1	1.1438	Viruses;Duplodnaviria;Heunggongvirae;Uroviricota;Caudoviricetes;;
k127_429884	371	No terminal repeats	NA	1	11	0.7185	NA	1	1.3878	Viruses;Duplodnaviria;Heunggongvirae;Uroviricota;Caudoviricetes;;
k127_295725	863	No terminal repeats	NA	2	11	0.7146	NA	1	1.7183	Viruses;Duplodnaviria;Heunggongvirae;Uroviricota;Caudoviricetes;;
k127_477708	956	No terminal repeats	NA	1	11	0.7142	NA	1	0.9221	Viruses;Duplodnaviria;Heunggongvirae;Uroviricota;Caudoviricetes;;Straboviridae
k127_459598	1254	No terminal repeats	NA	2	11	0.7135	NA	1	1.7183	Viruses;Duplodnaviria;Heunggongvirae;Uroviricota;Caudoviricetes;;
k127_418945	991	No terminal repeats	NA	1	11	0.7105	NA	1	1.7183	Viruses;Duplodnaviria;Heunggongvirae;Uroviricota;Caudoviricetes;;
k127_204649	400	No terminal repeats	NA	1	11	0.7075	NA	1	1.6734	Viruses;Duplodnaviria;Heunggongvirae;Uroviricota;Caudoviricetes;;
k127_160769	809	No terminal repeats	NA	1	11	0.7075	NA	1	0.9221	Viruses;Duplodnaviria;Heunggongvirae;Uroviricota;Caudoviricetes;;Straboviridae
k127_356933	556	No terminal repeats	NA	2	11	0.7014	NA	1	1.7183	Viruses;Duplodnaviria;Heunggongvirae;Uroviricota;Caudoviricetes;;
k127_476565	908	No terminal repeats	NA	1	11	0.7003	NA	1	1.3307	Viruses;Duplodnaviria;Heunggongvirae;Uroviricota;Caudoviricetes;;
