seq_name	length	topology	coordinates	n_genes	genetic_code	virus_score	fdr	n_hallmarks	marker_enrichment	taxonomy
k127_29458	1586	No terminal repeats	NA	1	11	0.9696	NA	1	1.7183	Unclassified
k127_93360	370	No terminal repeats	NA	1	11	0.9655	NA	1	1.7183	Viruses;Duplodnaviria;Heunggongvirae;Uroviricota;Caudoviricetes;;
k127_381850	432	No terminal repeats	NA	1	11	0.9618	NA	1	1.7183	Viruses;Duplodnaviria;Heunggongvirae;Uroviricota;Caudoviricetes;;
k127_350123	312	No terminal repeats	NA	1	11	0.9601	NA	1	1.7183	Viruses;Duplodnaviria;Heunggongvirae;Uroviricota;Caudoviricetes;;
k127_221248	329	No terminal repeats	NA	1	11	0.9558	NA	1	1.7183	Viruses;Duplodnaviria;Heunggongvirae;Uroviricota;Caudoviricetes;;
k127_111251	330	No terminal repeats	NA	1	11	0.9545	NA	1	1.4595	Viruses;Duplodnaviria;Heunggongvirae;Uroviricota;Caudoviricetes;;
k127_165426	376	No terminal repeats	NA	1	11	0.9538	NA	1	1.7183	Viruses;Duplodnaviria;Heunggongvirae;Uroviricota;Caudoviricetes;;
k127_168754	390	No terminal repeats	NA	1	11	0.9534	NA	1	1.7183	Viruses;Duplodnaviria;Heunggongvirae;Uroviricota;Caudoviricetes;;
k127_229005	386	No terminal repeats	NA	1	11	0.9522	NA	1	1.7183	Viruses;Duplodnaviria;Heunggongvirae;Uroviricota;Caudoviricetes;;
k127_112277	386	No terminal repeats	NA	1	11	0.9506	NA	1	1.7183	Viruses;Duplodnaviria;Heunggongvirae;Uroviricota;Caudoviricetes;;
k127_34771	402	No terminal repeats	NA	1	11	0.9496	NA	1	1.7183	Viruses;Duplodnaviria;Heunggongvirae;Uroviricota;Caudoviricetes;;
k127_370293	360	No terminal repeats	NA	1	11	0.9486	NA	1	1.7183	Viruses;Duplodnaviria;Heunggongvirae;Uroviricota;Caudoviricetes;;
k127_179710	357	No terminal repeats	NA	1	11	0.9486	NA	1	1.7183	Viruses;Duplodnaviria;Heunggongvirae;Uroviricota;Caudoviricetes;;
k127_57194	358	No terminal repeats	NA	1	11	0.9451	NA	1	1.7183	Viruses;Duplodnaviria;Heunggongvirae;Uroviricota;Caudoviricetes;;
k127_103447	547	No terminal repeats	NA	1	11	0.9439	NA	1	1.7183	Viruses;Duplodnaviria;Heunggongvirae;Uroviricota;Caudoviricetes;;
k127_137355	358	No terminal repeats	NA	1	11	0.9432	NA	1	1.7183	Viruses;Duplodnaviria;Heunggongvirae;Uroviricota;Caudoviricetes;;
k127_169932	355	No terminal repeats	NA	1	11	0.9425	NA	1	1.7183	Viruses;Duplodnaviria;Heunggongvirae;Uroviricota;Caudoviricetes;;
k127_111061	301	No terminal repeats	NA	1	11	0.9419	NA	1	1.7183	Viruses;Duplodnaviria;Heunggongvirae;Uroviricota;Caudoviricetes;;
k127_59835	591	No terminal repeats	NA	1	11	0.9419	NA	1	1.7183	Viruses;Duplodnaviria;Heunggongvirae;Uroviricota;Caudoviricetes;;
k127_347792	378	No terminal repeats	NA	1	11	0.9411	NA	1	1.7183	Viruses;Duplodnaviria;Heunggongvirae;Uroviricota;Caudoviricetes;;
k127_53585	370	No terminal repeats	NA	1	11	0.9411	NA	1	1.7183	Viruses;Duplodnaviria;Heunggongvirae;Uroviricota;Caudoviricetes;;
k127_197244	543	No terminal repeats	NA	1	11	0.9403	NA	1	1.7183	Viruses;Duplodnaviria;Heunggongvirae;Uroviricota;Caudoviricetes;;
k127_343316	637	No terminal repeats	NA	1	11	0.9401	NA	1	1.7183	Viruses;Duplodnaviria;Heunggongvirae;Uroviricota;Caudoviricetes;;
k127_176073	495	No terminal repeats	NA	1	11	0.9392	NA	1	1.7183	Viruses;Duplodnaviria;Heunggongvirae;Uroviricota;Caudoviricetes;;
k127_227774	336	No terminal repeats	NA	1	11	0.9389	NA	1	1.7183	Viruses;Duplodnaviria;Heunggongvirae;Uroviricota;Caudoviricetes;;
k127_186299	324	No terminal repeats	NA	1	11	0.9389	NA	1	1.7183	Viruses;Duplodnaviria;Heunggongvirae;Uroviricota;Caudoviricetes;;
k127_359726	512	No terminal repeats	NA	1	11	0.9376	NA	1	1.7183	Viruses;Duplodnaviria;Heunggongvirae;Uroviricota;Caudoviricetes;;
k127_161270	444	No terminal repeats	NA	1	11	0.9346	NA	1	1.7183	Viruses;Duplodnaviria;Heunggongvirae;Uroviricota;Caudoviricetes;;
k127_214046	328	No terminal repeats	NA	1	11	0.9337	NA	1	1.7183	Viruses;Duplodnaviria;Heunggongvirae;Uroviricota;Caudoviricetes;;
k127_88240	361	No terminal repeats	NA	1	11	0.9300	NA	1	1.7183	Viruses;Duplodnaviria;Heunggongvirae;Uroviricota;Caudoviricetes;;
k127_168649	357	No terminal repeats	NA	1	11	0.9271	NA	1	1.7183	Viruses;Duplodnaviria;Heunggongvirae;Uroviricota;Caudoviricetes;;
k127_123947	539	No terminal repeats	NA	1	11	0.9267	NA	1	1.2306	Viruses;Duplodnaviria;Heunggongvirae;Uroviricota;Caudoviricetes;;
k127_4386	382	No terminal repeats	NA	1	11	0.9239	NA	1	1.0784	Viruses;Duplodnaviria;Heunggongvirae;Uroviricota;Caudoviricetes;;
k127_240180	354	No terminal repeats	NA	1	11	0.9224	NA	1	1.7183	Viruses;Duplodnaviria;Heunggongvirae;Uroviricota;Caudoviricetes;;
k127_92750	601	No terminal repeats	NA	1	11	0.9204	NA	1	1.7183	Viruses;Duplodnaviria;Heunggongvirae;Uroviricota;Caudoviricetes;;
k127_285713	753	No terminal repeats	NA	1	11	0.9204	NA	1	1.7183	Viruses;Duplodnaviria;Heunggongvirae;Uroviricota;Caudoviricetes;;
k127_380369	346	No terminal repeats	NA	1	11	0.9199	NA	1	1.7183	Viruses;Duplodnaviria;Heunggongvirae;Uroviricota;Caudoviricetes;;
k127_223906	304	No terminal repeats	NA	1	11	0.9187	NA	1	1.7183	Viruses;Duplodnaviria;Heunggongvirae;Uroviricota;Caudoviricetes;;
k127_293377	475	No terminal repeats	NA	1	11	0.9178	NA	1	1.7183	Viruses;Duplodnaviria;Heunggongvirae;Uroviricota;Caudoviricetes;;
k127_314854	554	No terminal repeats	NA	1	11	0.9168	NA	1	1.7183	Viruses;Duplodnaviria;Heunggongvirae;Uroviricota;Caudoviricetes;;
k127_34933	508	No terminal repeats	NA	1	11	0.9164	NA	1	1.7183	Viruses;Duplodnaviria;Heunggongvirae;Uroviricota;Caudoviricetes;;
k127_330839	517	No terminal repeats	NA	1	11	0.9101	NA	1	1.7183	Viruses;Duplodnaviria;Heunggongvirae;Uroviricota;Caudoviricetes;;
k127_115036	363	No terminal repeats	NA	1	11	0.9097	NA	1	1.7183	Viruses;Duplodnaviria;Heunggongvirae;Uroviricota;Caudoviricetes;;
k127_179280	343	No terminal repeats	NA	1	11	0.9094	NA	1	1.3558	Viruses;Duplodnaviria;Heunggongvirae;Uroviricota;Caudoviricetes;;
k127_380950	339	No terminal repeats	NA	1	11	0.9076	NA	1	1.2975	Viruses;Duplodnaviria;Heunggongvirae;Uroviricota;Caudoviricetes;;
k127_17135	410	No terminal repeats	NA	1	11	0.9065	NA	1	1.7183	Viruses;Duplodnaviria;Heunggongvirae;Uroviricota;Caudoviricetes;;
k127_171943	434	No terminal repeats	NA	1	11	0.9059	NA	1	1.7183	Viruses;Duplodnaviria;Heunggongvirae;Uroviricota;Caudoviricetes;;
k127_23023	346	No terminal repeats	NA	1	11	0.9053	NA	1	1.1262	Viruses;Duplodnaviria;Heunggongvirae;Uroviricota;Caudoviricetes;;
k127_108383	508	No terminal repeats	NA	1	11	0.9052	NA	1	1.7183	Viruses;Duplodnaviria;Heunggongvirae;Uroviricota;Caudoviricetes;;
k127_107974	577	No terminal repeats	NA	2	11	0.9024	NA	1	1.7183	Viruses;Duplodnaviria;Heunggongvirae;Uroviricota;Caudoviricetes;;
k127_42601	492	No terminal repeats	NA	1	11	0.9020	NA	1	1.7183	Viruses;Duplodnaviria;Heunggongvirae;Uroviricota;Caudoviricetes;;
k127_202921	384	No terminal repeats	NA	1	11	0.8965	NA	1	1.7183	Viruses;Duplodnaviria;Heunggongvirae;Uroviricota;Caudoviricetes;;
k127_79933	373	No terminal repeats	NA	1	11	0.8955	NA	1	1.7183	Viruses;Duplodnaviria;Heunggongvirae;Uroviricota;Caudoviricetes;;
k127_175931	502	No terminal repeats	NA	1	11	0.8935	NA	1	1.7183	Viruses;Duplodnaviria;Heunggongvirae;Uroviricota;Caudoviricetes;;
k127_304205	451	No terminal repeats	NA	1	11	0.8919	NA	1	1.7183	Viruses;Duplodnaviria;Heunggongvirae;Uroviricota;Caudoviricetes;;
k127_330379	370	No terminal repeats	NA	1	11	0.8917	NA	1	1.7183	Viruses;Duplodnaviria;Heunggongvirae;Uroviricota;Caudoviricetes;;
k127_149220	482	No terminal repeats	NA	1	11	0.8912	NA	1	1.7183	Viruses;Duplodnaviria;Heunggongvirae;Uroviricota;Caudoviricetes;;
k127_194223	1000	No terminal repeats	NA	1	11	0.8901	NA	1	1.7183	Viruses;Duplodnaviria;Heunggongvirae;Uroviricota;Caudoviricetes;;
k127_183393	402	No terminal repeats	NA	1	11	0.8897	NA	1	1.7183	Viruses;Duplodnaviria;Heunggongvirae;Uroviricota;Caudoviricetes;;
k127_366118	340	No terminal repeats	NA	1	11	0.8887	NA	1	1.4425	Viruses;Duplodnaviria;Heunggongvirae;Uroviricota;Caudoviricetes;;
k127_353297	628	No terminal repeats	NA	1	11	0.8866	NA	1	1.7183	Viruses;Duplodnaviria;Heunggongvirae;Uroviricota;Caudoviricetes;;Drexlerviridae
k127_117787	888	No terminal repeats	NA	2	11	0.8853	NA	1	1.5278	Viruses;Duplodnaviria;Heunggongvirae;Uroviricota;Caudoviricetes;;
k127_85577	550	No terminal repeats	NA	1	11	0.8842	NA	1	1.7183	Viruses;Duplodnaviria;Heunggongvirae;Uroviricota;Caudoviricetes;;
k127_221829	319	No terminal repeats	NA	1	11	0.8838	NA	1	1.0851	Viruses;Duplodnaviria;Heunggongvirae;Uroviricota;Caudoviricetes;;
k127_262427	420	No terminal repeats	NA	1	11	0.8838	NA	1	1.7183	Viruses;Duplodnaviria;Heunggongvirae;Uroviricota;Caudoviricetes;;
k127_152966	413	No terminal repeats	NA	1	11	0.8826	NA	1	1.7183	Viruses;Duplodnaviria;Heunggongvirae;Uroviricota;Caudoviricetes;;
k127_139203	1412	No terminal repeats	NA	2	11	0.8821	NA	1	1.7183	Unclassified
k127_75153	378	No terminal repeats	NA	1	11	0.8818	NA	1	1.7183	Viruses;Duplodnaviria;Heunggongvirae;Uroviricota;Caudoviricetes;;
k127_317558	532	No terminal repeats	NA	1	11	0.8805	NA	1	1.7183	Viruses;Duplodnaviria;Heunggongvirae;Uroviricota;Caudoviricetes;;
k127_116513	428	No terminal repeats	NA	1	11	0.8764	NA	1	1.2975	Viruses;Duplodnaviria;Heunggongvirae;Uroviricota;Caudoviricetes;;
k127_198007	331	No terminal repeats	NA	1	11	0.8753	NA	1	1.7183	Viruses;Duplodnaviria;Heunggongvirae;Uroviricota;Caudoviricetes;;
k127_139828	576	No terminal repeats	NA	1	11	0.8752	NA	1	1.7183	Viruses;Duplodnaviria;Heunggongvirae;Uroviricota;Caudoviricetes;;
k127_226408	330	No terminal repeats	NA	1	11	0.8719	NA	1	1.4597	Viruses;Duplodnaviria;Heunggongvirae;Uroviricota;Caudoviricetes;;
k127_161803	307	No terminal repeats	NA	1	11	0.8711	NA	1	1.0597	Unclassified
k127_201371	462	No terminal repeats	NA	1	11	0.8697	NA	1	1.7183	Viruses;Duplodnaviria;Heunggongvirae;Uroviricota;Caudoviricetes;;
k127_12947	490	No terminal repeats	NA	1	11	0.8685	NA	1	1.7183	Viruses;Duplodnaviria;Heunggongvirae;Uroviricota;Caudoviricetes;;
k127_223204	650	No terminal repeats	NA	1	11	0.8683	NA	1	1.2306	Viruses;Duplodnaviria;Heunggongvirae;Uroviricota;Caudoviricetes;;
k127_278578	976	No terminal repeats	NA	1	11	0.8646	NA	1	1.7183	Viruses;Duplodnaviria;Heunggongvirae;Uroviricota;Caudoviricetes;;Drexlerviridae
k127_107666	809	No terminal repeats	NA	2	11	0.8622	NA	1	1.7183	Viruses;Duplodnaviria;Heunggongvirae;Uroviricota;Caudoviricetes;;
k127_244334	772	No terminal repeats	NA	1	11	0.8600	NA	1	1.7183	Viruses;Duplodnaviria;Heunggongvirae;Uroviricota;Caudoviricetes;;
k127_110888	454	No terminal repeats	NA	1	11	0.8578	NA	1	1.3653	Viruses;Duplodnaviria;Heunggongvirae;Uroviricota;Caudoviricetes;;
k127_24383	336	No terminal repeats	NA	1	11	0.8574	NA	1	1.2850	Unclassified
k127_94548	648	No terminal repeats	NA	1	11	0.8569	NA	1	1.1904	Viruses;Duplodnaviria;Heunggongvirae;Uroviricota;Caudoviricetes;;
k127_192040	436	No terminal repeats	NA	1	11	0.8544	NA	1	1.7183	Viruses;Duplodnaviria;Heunggongvirae;Uroviricota;Caudoviricetes;;
k127_178469	546	No terminal repeats	NA	1	11	0.8539	NA	1	1.7183	Viruses;Duplodnaviria;Heunggongvirae;Uroviricota;Caudoviricetes;;
k127_56060	596	No terminal repeats	NA	1	11	0.8508	NA	1	1.7183	Viruses;Duplodnaviria;Heunggongvirae;Uroviricota;Caudoviricetes;;
k127_143141	452	No terminal repeats	NA	1	11	0.8488	NA	1	1.4880	Viruses;Duplodnaviria;Heunggongvirae;Uroviricota;Caudoviricetes;;
k127_217113	701	No terminal repeats	NA	2	11	0.8466	NA	1	1.7183	Viruses;Duplodnaviria;Heunggongvirae;Uroviricota;Caudoviricetes;;
k127_118270	481	No terminal repeats	NA	1	11	0.8461	NA	1	1.2808	Viruses;Duplodnaviria;Heunggongvirae;Uroviricota;Caudoviricetes;;
k127_216660	313	No terminal repeats	NA	1	11	0.8459	NA	1	1.7183	Viruses;Duplodnaviria;Heunggongvirae;Uroviricota;Caudoviricetes;;
k127_34807	344	No terminal repeats	NA	1	11	0.8422	NA	1	1.7183	Viruses;Duplodnaviria;Heunggongvirae;Uroviricota;Caudoviricetes;;
k127_282159	329	No terminal repeats	NA	1	11	0.8421	NA	1	1.7176	Unclassified
k127_292957	579	No terminal repeats	NA	1	11	0.8386	NA	1	1.7183	Viruses;Duplodnaviria;Heunggongvirae;Uroviricota;Caudoviricetes;;
k127_215975	484	No terminal repeats	NA	1	11	0.8376	NA	1	1.5812	Unclassified
k127_169249	576	No terminal repeats	NA	2	11	0.8367	NA	1	1.7183	Viruses;Duplodnaviria;Heunggongvirae;Uroviricota;Caudoviricetes;;
k127_90368	407	No terminal repeats	NA	1	11	0.8300	NA	1	1.3450	Viruses;Duplodnaviria;Heunggongvirae;Uroviricota;Caudoviricetes;;
k127_305303	307	No terminal repeats	NA	1	11	0.8291	NA	1	1.2752	Viruses;Duplodnaviria;Heunggongvirae;Uroviricota;Caudoviricetes;;
k127_4985	364	No terminal repeats	NA	1	11	0.8264	NA	1	1.3404	Unclassified
k127_234925	1998	No terminal repeats	NA	5	11	0.8239	NA	4	5.7053	Viruses;Duplodnaviria;Heunggongvirae;Uroviricota;Caudoviricetes;;
k127_38389	884	No terminal repeats	NA	1	11	0.8221	NA	1	1.5038	Viruses;Duplodnaviria;Heunggongvirae;Uroviricota;Caudoviricetes;;Peduoviridae
k127_175897	588	No terminal repeats	NA	1	11	0.8215	NA	1	1.1904	Viruses;Duplodnaviria;Heunggongvirae;Uroviricota;Caudoviricetes;;
k127_139739	444	No terminal repeats	NA	1	11	0.8175	NA	1	1.3427	Viruses;Duplodnaviria;Heunggongvirae;Uroviricota;Caudoviricetes;;
k127_248704	2905	No terminal repeats	NA	4	11	0.8163	NA	0	1.7112	Unclassified
k127_220870	301	No terminal repeats	NA	1	11	0.8156	NA	1	1.2332	Viruses;Duplodnaviria;Heunggongvirae;Uroviricota;Caudoviricetes;;
k127_63677	353	No terminal repeats	NA	1	11	0.8144	NA	1	1.5299	Viruses;Duplodnaviria;Heunggongvirae;Uroviricota;Caudoviricetes;;
k127_362267	876	No terminal repeats	NA	1	11	0.8128	NA	1	1.3388	Viruses;Duplodnaviria;Heunggongvirae;Uroviricota;Caudoviricetes;;
k127_154195	369	No terminal repeats	NA	2	11	0.8080	NA	1	1.2847	Viruses;Duplodnaviria;Heunggongvirae;Uroviricota;Caudoviricetes;;
k127_274909	414	No terminal repeats	NA	1	11	0.8046	NA	1	1.5379	Viruses;Duplodnaviria;Heunggongvirae;Uroviricota;Caudoviricetes;;
k127_328206	819	No terminal repeats	NA	1	11	0.8029	NA	1	1.2306	Viruses;Duplodnaviria;Heunggongvirae;Uroviricota;Caudoviricetes;;
k127_281585	344	No terminal repeats	NA	1	11	0.8006	NA	1	1.7157	Viruses;Duplodnaviria;Heunggongvirae;Uroviricota;Caudoviricetes;;
k127_230177	336	No terminal repeats	NA	1	11	0.7968	NA	1	1.2332	Viruses;Duplodnaviria;Heunggongvirae;Uroviricota;Caudoviricetes;;
k127_290769	324	No terminal repeats	NA	1	11	0.7922	NA	1	1.0656	Viruses;Duplodnaviria;Heunggongvirae;Uroviricota;Caudoviricetes;;
k127_269799	301	No terminal repeats	NA	1	11	0.7903	NA	1	1.2290	Viruses;Duplodnaviria;Heunggongvirae;Uroviricota;Caudoviricetes;;
k127_53017	324	No terminal repeats	NA	1	11	0.7902	NA	1	1.1678	Viruses;Duplodnaviria;Heunggongvirae;Uroviricota;Caudoviricetes;;
k127_346250	309	No terminal repeats	NA	1	11	0.7874	NA	1	1.2909	Viruses;Duplodnaviria;Heunggongvirae;Uroviricota;Caudoviricetes;;
k127_75735	878	No terminal repeats	NA	1	11	0.7856	NA	1	1.7183	Viruses;Duplodnaviria;Heunggongvirae;Uroviricota;Caudoviricetes;;
k127_267180	526	No terminal repeats	NA	1	11	0.7848	NA	1	0.9079	Viruses;Duplodnaviria;Heunggongvirae;Uroviricota;Caudoviricetes;;
k127_83437	1052	No terminal repeats	NA	2	11	0.7839	NA	1	1.5918	Unclassified
k127_161488	420	No terminal repeats	NA	1	11	0.7801	NA	1	1.2332	Viruses;Duplodnaviria;Heunggongvirae;Uroviricota;Caudoviricetes;;
k127_139969	360	No terminal repeats	NA	1	11	0.7755	NA	1	1.1438	Viruses;Duplodnaviria;Heunggongvirae;Uroviricota;Caudoviricetes;;
k127_107485	411	No terminal repeats	NA	1	11	0.7746	NA	1	1.4840	Unclassified
k127_266957	591	No terminal repeats	NA	1	11	0.7744	NA	1	1.7156	Viruses;Duplodnaviria;Heunggongvirae;Uroviricota;Caudoviricetes;;
k127_147141	379	No terminal repeats	NA	1	11	0.7731	NA	1	0.9079	Viruses;Duplodnaviria;Heunggongvirae;Uroviricota;Caudoviricetes;;
k127_136729	404	No terminal repeats	NA	1	11	0.7714	NA	1	1.7165	Viruses;Duplodnaviria;Heunggongvirae;Uroviricota;Caudoviricetes;;
k127_344033	910	No terminal repeats	NA	2	11	0.7698	NA	1	1.3450	Viruses;Duplodnaviria;Heunggongvirae;Uroviricota;Caudoviricetes;;
k127_65220	529	No terminal repeats	NA	1	11	0.7689	NA	1	1.7183	Viruses;Duplodnaviria;Heunggongvirae;Uroviricota;Caudoviricetes;;
k127_92970	875	No terminal repeats	NA	1	11	0.7678	NA	1	1.7183	Viruses;Duplodnaviria;Heunggongvirae;Uroviricota;Caudoviricetes;;
k127_296343	848	No terminal repeats	NA	1	11	0.7675	NA	1	1.7183	Viruses;Riboviria;Orthornavirae;Pisuviricota;Pisoniviricetes;Picornavirales;Caliciviridae
k127_14926	437	No terminal repeats	NA	1	11	0.7645	NA	1	1.0597	Unclassified
k127_166748	834	No terminal repeats	NA	2	11	0.7632	NA	1	1.7183	Viruses;Duplodnaviria;Heunggongvirae;Uroviricota;Caudoviricetes;;
k127_62953	312	No terminal repeats	NA	1	11	0.7600	NA	1	1.7132	Unclassified
k127_174623	419	No terminal repeats	NA	1	11	0.7590	NA	1	1.5656	Viruses;Duplodnaviria;Heunggongvirae;Uroviricota;Caudoviricetes;;
k127_208216	373	No terminal repeats	NA	2	11	0.7566	NA	1	1.4549	Viruses;Duplodnaviria;Heunggongvirae;Uroviricota;Caudoviricetes;;
k127_199538	322	No terminal repeats	NA	1	11	0.7555	NA	1	1.6721	Unclassified
k127_289670	305	No terminal repeats	NA	1	11	0.7531	NA	1	1.6669	Viruses;Duplodnaviria;Heunggongvirae;Uroviricota;Caudoviricetes;;
k127_78981	2784	No terminal repeats	NA	3	11	0.7507	NA	0	1.5343	Unclassified
k127_301899	695	No terminal repeats	NA	1	11	0.7502	NA	1	1.7183	Viruses;Duplodnaviria;Heunggongvirae;Uroviricota;Caudoviricetes;;
k127_268768	421	No terminal repeats	NA	1	11	0.7487	NA	1	1.3550	Viruses;Duplodnaviria;Heunggongvirae;Uroviricota;Caudoviricetes;;
k127_299014	794	No terminal repeats	NA	1	11	0.7475	NA	1	1.7183	Viruses;Duplodnaviria;Heunggongvirae;Uroviricota;Caudoviricetes;;
k127_45313	1189	No terminal repeats	NA	2	11	0.7438	NA	1	3.4315	Unclassified
k127_276044	370	No terminal repeats	NA	1	11	0.7424	NA	1	1.7183	Viruses;Duplodnaviria;Heunggongvirae;Uroviricota;Caudoviricetes;;
k127_348906	938	No terminal repeats	NA	1	11	0.7417	NA	1	1.7183	Viruses;Duplodnaviria;Heunggongvirae;Uroviricota;Caudoviricetes;;
k127_41325	668	No terminal repeats	NA	1	11	0.7400	NA	1	1.1191	Viruses;Duplodnaviria;Heunggongvirae;Uroviricota;Caudoviricetes;;
k127_254837	437	No terminal repeats	NA	1	11	0.7395	NA	1	1.2857	Viruses;Duplodnaviria;Heunggongvirae;Uroviricota;Caudoviricetes;;
k127_311873	1536	No terminal repeats	NA	2	11	0.7365	NA	1	1.6809	Unclassified
k127_153714	307	No terminal repeats	NA	1	11	0.7365	NA	1	1.3523	Viruses;Duplodnaviria;Heunggongvirae;Uroviricota;Caudoviricetes;;
k127_149311	1022	No terminal repeats	NA	2	11	0.7364	NA	1	1.5278	Viruses;Duplodnaviria;Heunggongvirae;Uroviricota;Caudoviricetes;;
k127_140943	666	No terminal repeats	NA	1	11	0.7341	NA	1	1.7183	Viruses;Duplodnaviria;Heunggongvirae;Uroviricota;Caudoviricetes;;
k127_18264	342	No terminal repeats	NA	1	11	0.7287	NA	1	1.2814	Viruses;Duplodnaviria;Heunggongvirae;Uroviricota;Caudoviricetes;;
k127_368584	345	No terminal repeats	NA	1	11	0.7286	NA	1	1.3358	Viruses;Duplodnaviria;Heunggongvirae;Uroviricota;Caudoviricetes;;
k127_174227	333	No terminal repeats	NA	1	11	0.7282	NA	1	1.1262	Viruses;Duplodnaviria;Heunggongvirae;Uroviricota;Caudoviricetes;;
k127_200863	2743	No terminal repeats	NA	4	11	0.7264	NA	0	0.0000	Unclassified
k127_104302	1247	No terminal repeats	NA	2	11	0.7218	NA	1	1.7171	Viruses;Duplodnaviria;Heunggongvirae;Uroviricota;Caudoviricetes;;
k127_368517	383	No terminal repeats	NA	1	11	0.7211	NA	1	1.3816	Viruses;Duplodnaviria;Heunggongvirae;Uroviricota;Caudoviricetes;;
k127_77629	772	No terminal repeats	NA	1	11	0.7196	NA	1	1.0730	Viruses;Duplodnaviria;Heunggongvirae;Uroviricota;Caudoviricetes;;
k127_31519	524	No terminal repeats	NA	1	11	0.7170	NA	1	1.7171	Viruses;Duplodnaviria;Heunggongvirae;Uroviricota;Caudoviricetes;;
k127_60381	334	No terminal repeats	NA	1	11	0.7080	NA	1	1.2651	Viruses;Duplodnaviria;Heunggongvirae;Uroviricota;Caudoviricetes;;
k127_196976	311	No terminal repeats	NA	1	11	0.7031	NA	1	1.2290	Viruses;Duplodnaviria;Heunggongvirae;Uroviricota;Caudoviricetes;;
k127_290426	339	No terminal repeats	NA	1	11	0.7020	NA	1	1.7020	Viruses;Duplodnaviria;Heunggongvirae;Uroviricota;Caudoviricetes;;
k127_89671	308	No terminal repeats	NA	1	11	0.7016	NA	1	1.7026	Viruses;Duplodnaviria;Heunggongvirae;Uroviricota;Caudoviricetes;;
k127_64296	404	No terminal repeats	NA	1	11	0.7014	NA	1	1.7136	Viruses;Duplodnaviria;Heunggongvirae;Uroviricota;Caudoviricetes;;
