seq_name	length	topology	coordinates	n_genes	genetic_code	virus_score	fdr	n_hallmarks	marker_enrichment	taxonomy
k127_37684	501	No terminal repeats	NA	1	11	0.9673	NA	1	1.7183	Viruses;Duplodnaviria;Heunggongvirae;Uroviricota;Caudoviricetes;;
k127_28745	386	No terminal repeats	NA	1	11	0.9658	NA	1	1.7183	Viruses;Duplodnaviria;Heunggongvirae;Uroviricota;Caudoviricetes;;
k127_60860	409	No terminal repeats	NA	1	11	0.9634	NA	1	1.7183	Viruses;Duplodnaviria;Heunggongvirae;Uroviricota;Caudoviricetes;;Drexlerviridae
k127_177177	386	No terminal repeats	NA	1	11	0.9605	NA	1	1.7183	Viruses;Duplodnaviria;Heunggongvirae;Uroviricota;Caudoviricetes;;
k127_95845	357	No terminal repeats	NA	1	11	0.9599	NA	1	1.4513	Viruses;Duplodnaviria;Heunggongvirae;Uroviricota;Caudoviricetes;;
k127_381137	373	No terminal repeats	NA	1	11	0.9554	NA	1	1.4762	Unclassified
k127_240413	324	No terminal repeats	NA	1	11	0.9554	NA	1	1.7183	Viruses;Duplodnaviria;Heunggongvirae;Uroviricota;Caudoviricetes;;
k127_251007	337	No terminal repeats	NA	1	11	0.9530	NA	1	1.7183	Viruses;Duplodnaviria;Heunggongvirae;Uroviricota;Caudoviricetes;;
k127_16998	434	No terminal repeats	NA	1	11	0.9513	NA	1	1.7183	Viruses;Duplodnaviria;Heunggongvirae;Uroviricota;Caudoviricetes;;
k127_347422	679	No terminal repeats	NA	1	11	0.9495	NA	1	1.7183	Viruses;Duplodnaviria;Heunggongvirae;Uroviricota;Caudoviricetes;;
k127_16056	325	No terminal repeats	NA	1	11	0.9489	NA	1	1.7183	Viruses;Duplodnaviria;Heunggongvirae;Uroviricota;Caudoviricetes;;
k127_361046	327	No terminal repeats	NA	1	11	0.9486	NA	1	1.7183	Viruses;Duplodnaviria;Heunggongvirae;Uroviricota;Caudoviricetes;;
k127_253137	308	No terminal repeats	NA	1	11	0.9477	NA	1	1.7183	Viruses;Duplodnaviria;Heunggongvirae;Uroviricota;Caudoviricetes;;
k127_243091	384	No terminal repeats	NA	1	11	0.9475	NA	1	1.7183	Viruses;Duplodnaviria;Heunggongvirae;Uroviricota;Caudoviricetes;;
k127_70333	377	No terminal repeats	NA	1	11	0.9466	NA	1	1.7183	Viruses;Duplodnaviria;Heunggongvirae;Uroviricota;Caudoviricetes;;
k127_385213	378	No terminal repeats	NA	1	11	0.9464	NA	1	1.7183	Viruses;Duplodnaviria;Heunggongvirae;Uroviricota;Caudoviricetes;;
k127_166017	310	No terminal repeats	NA	1	11	0.9431	NA	1	1.7183	Viruses;Duplodnaviria;Heunggongvirae;Uroviricota;Caudoviricetes;;
k127_264618	586	No terminal repeats	NA	1	11	0.9427	NA	1	1.7183	Viruses;Duplodnaviria;Heunggongvirae;Uroviricota;Caudoviricetes;;
k127_315778	486	No terminal repeats	NA	2	11	0.9418	NA	1	1.5876	Viruses;Duplodnaviria;Heunggongvirae;Uroviricota;Caudoviricetes;;
k127_104289	496	No terminal repeats	NA	1	11	0.9400	NA	1	1.7183	Viruses;Duplodnaviria;Heunggongvirae;Uroviricota;Caudoviricetes;;
k127_390525	605	No terminal repeats	NA	1	11	0.9384	NA	1	1.7183	Viruses;Duplodnaviria;Heunggongvirae;Uroviricota;Caudoviricetes;;
k127_59206	387	No terminal repeats	NA	1	11	0.9316	NA	1	1.7183	Viruses;Duplodnaviria;Heunggongvirae;Uroviricota;Caudoviricetes;;
k127_203238	401	No terminal repeats	NA	1	11	0.9301	NA	1	1.7183	Viruses;Duplodnaviria;Heunggongvirae;Uroviricota;Caudoviricetes;;
k127_52668	639	No terminal repeats	NA	1	11	0.9283	NA	1	1.7183	Viruses;Duplodnaviria;Heunggongvirae;Uroviricota;Caudoviricetes;;
k127_328473	332	No terminal repeats	NA	1	11	0.9282	NA	1	1.7183	Viruses;Duplodnaviria;Heunggongvirae;Uroviricota;Caudoviricetes;;
k127_397080	493	No terminal repeats	NA	1	11	0.9237	NA	1	1.7183	Viruses;Duplodnaviria;Heunggongvirae;Uroviricota;Caudoviricetes;;
k127_39396	326	No terminal repeats	NA	1	11	0.9205	NA	1	1.7183	Viruses;Duplodnaviria;Heunggongvirae;Uroviricota;Caudoviricetes;;
k127_72113	503	No terminal repeats	NA	1	11	0.9193	NA	1	1.7183	Viruses;Duplodnaviria;Heunggongvirae;Uroviricota;Caudoviricetes;;
k127_271630	412	No terminal repeats	NA	1	11	0.9191	NA	1	1.7183	Viruses;Duplodnaviria;Heunggongvirae;Uroviricota;Caudoviricetes;;
k127_301420	504	No terminal repeats	NA	1	11	0.9189	NA	1	1.7183	Viruses;Duplodnaviria;Heunggongvirae;Uroviricota;Caudoviricetes;;
k127_151413	316	No terminal repeats	NA	1	11	0.9182	NA	1	1.7183	Unclassified
k127_152537	449	No terminal repeats	NA	1	11	0.9176	NA	1	1.5278	Viruses;Duplodnaviria;Heunggongvirae;Uroviricota;Caudoviricetes;;
k127_351391	493	No terminal repeats	NA	1	11	0.9172	NA	1	1.5278	Viruses;Duplodnaviria;Heunggongvirae;Uroviricota;Caudoviricetes;;
k127_388880	889	No terminal repeats	NA	1	11	0.9156	NA	1	1.7183	Viruses;Duplodnaviria;Heunggongvirae;Uroviricota;Caudoviricetes;;
k127_305938	379	No terminal repeats	NA	1	11	0.9155	NA	1	1.7183	Viruses;Duplodnaviria;Heunggongvirae;Uroviricota;Caudoviricetes;;
k127_75992	345	No terminal repeats	NA	1	11	0.9146	NA	1	1.7183	Viruses;Duplodnaviria;Heunggongvirae;Uroviricota;Caudoviricetes;;
k127_177548	502	No terminal repeats	NA	1	11	0.9144	NA	1	1.7183	Viruses;Duplodnaviria;Heunggongvirae;Uroviricota;Caudoviricetes;;
k127_6209	474	No terminal repeats	NA	1	11	0.9143	NA	1	1.7183	Viruses;Duplodnaviria;Heunggongvirae;Uroviricota;Caudoviricetes;;
k127_395989	352	No terminal repeats	NA	1	11	0.9140	NA	1	1.7183	Viruses;Duplodnaviria;Heunggongvirae;Uroviricota;Caudoviricetes;;
k127_177321	632	No terminal repeats	NA	1	11	0.9131	NA	1	1.7183	Viruses;Duplodnaviria;Heunggongvirae;Uroviricota;Caudoviricetes;;
k127_52798	410	No terminal repeats	NA	1	11	0.9123	NA	1	1.7183	Viruses;Duplodnaviria;Heunggongvirae;Uroviricota;Caudoviricetes;;
k127_323440	301	No terminal repeats	NA	1	11	0.9122	NA	1	1.7183	Viruses;Duplodnaviria;Heunggongvirae;Uroviricota;Caudoviricetes;;
k127_151811	965	No terminal repeats	NA	1	11	0.9120	NA	1	1.4067	Viruses;Duplodnaviria;Heunggongvirae;Uroviricota;Caudoviricetes;;
k127_272379	475	No terminal repeats	NA	1	11	0.9115	NA	1	1.7183	Viruses;Duplodnaviria;Heunggongvirae;Uroviricota;Caudoviricetes;;
k127_95653	331	No terminal repeats	NA	1	11	0.9111	NA	1	1.7183	Viruses;Duplodnaviria;Heunggongvirae;Uroviricota;Caudoviricetes;;
k127_137415	428	No terminal repeats	NA	1	11	0.9098	NA	1	1.7183	Viruses;Duplodnaviria;Heunggongvirae;Uroviricota;Caudoviricetes;;
k127_145721	529	No terminal repeats	NA	1	11	0.9092	NA	1	1.7183	Viruses;Duplodnaviria;Heunggongvirae;Uroviricota;Caudoviricetes;;
k127_196559	448	No terminal repeats	NA	1	11	0.9090	NA	1	1.7183	Viruses;Duplodnaviria;Heunggongvirae;Uroviricota;Caudoviricetes;;
k127_315613	347	No terminal repeats	NA	1	11	0.9081	NA	1	1.7183	Viruses;Duplodnaviria;Heunggongvirae;Uroviricota;Caudoviricetes;;
k127_76571	437	No terminal repeats	NA	1	11	0.9077	NA	1	1.7183	Viruses;Duplodnaviria;Heunggongvirae;Uroviricota;Caudoviricetes;;
k127_176873	305	No terminal repeats	NA	1	11	0.9068	NA	1	1.4597	Viruses;Duplodnaviria;Heunggongvirae;Uroviricota;Caudoviricetes;;
k127_217445	678	No terminal repeats	NA	1	11	0.9068	NA	1	1.5278	Viruses;Duplodnaviria;Heunggongvirae;Uroviricota;Caudoviricetes;;
k127_193407	403	No terminal repeats	NA	1	11	0.9063	NA	1	1.2850	Unclassified
k127_94072	318	No terminal repeats	NA	1	11	0.9057	NA	1	1.7183	Unclassified
k127_61761	332	No terminal repeats	NA	1	11	0.9040	NA	1	1.7183	Unclassified
k127_68920	323	No terminal repeats	NA	1	11	0.9040	NA	1	1.7183	Viruses;Duplodnaviria;Heunggongvirae;Uroviricota;Caudoviricetes;;
k127_327430	864	No terminal repeats	NA	1	11	0.9015	NA	1	1.7183	Viruses;Duplodnaviria;Heunggongvirae;Uroviricota;Caudoviricetes;;
k127_295497	565	No terminal repeats	NA	1	11	0.9015	NA	1	1.7183	Viruses;Duplodnaviria;Heunggongvirae;Uroviricota;Caudoviricetes;;
k127_378339	672	No terminal repeats	NA	1	11	0.8986	NA	1	1.7183	Viruses;Duplodnaviria;Heunggongvirae;Uroviricota;Caudoviricetes;;
k127_65045	516	No terminal repeats	NA	1	11	0.8969	NA	1	1.7183	Viruses;Duplodnaviria;Heunggongvirae;Uroviricota;Caudoviricetes;;
k127_360315	355	No terminal repeats	NA	1	11	0.8929	NA	1	1.7183	Viruses;Duplodnaviria;Heunggongvirae;Uroviricota;Caudoviricetes;;
k127_193363	524	No terminal repeats	NA	1	11	0.8899	NA	1	1.7183	Viruses;Duplodnaviria;Heunggongvirae;Uroviricota;Caudoviricetes;;
k127_253642	635	No terminal repeats	NA	1	11	0.8888	NA	1	1.2306	Viruses;Duplodnaviria;Heunggongvirae;Uroviricota;Caudoviricetes;;
k127_391741	406	No terminal repeats	NA	1	11	0.8885	NA	1	1.2306	Viruses;Duplodnaviria;Heunggongvirae;Uroviricota;Caudoviricetes;;
k127_283712	367	No terminal repeats	NA	1	11	0.8882	NA	1	1.7183	Viruses;Duplodnaviria;Heunggongvirae;Uroviricota;Caudoviricetes;;
k127_16863	344	No terminal repeats	NA	1	11	0.8876	NA	1	1.3663	Viruses;Duplodnaviria;Heunggongvirae;Uroviricota;Caudoviricetes;;
k127_227766	380	No terminal repeats	NA	1	11	0.8874	NA	1	1.3565	Viruses;Duplodnaviria;Heunggongvirae;Uroviricota;Caudoviricetes;;
k127_375653	339	No terminal repeats	NA	1	11	0.8872	NA	1	1.1229	Viruses;Duplodnaviria;Heunggongvirae;Uroviricota;Caudoviricetes;;
k127_80832	538	No terminal repeats	NA	1	11	0.8818	NA	1	1.7183	Viruses;Duplodnaviria;Heunggongvirae;Uroviricota;Caudoviricetes;;
k127_31545	489	No terminal repeats	NA	1	11	0.8812	NA	1	1.7183	Viruses;Duplodnaviria;Heunggongvirae;Uroviricota;Caudoviricetes;;
k127_102001	421	No terminal repeats	NA	1	11	0.8810	NA	1	1.7183	Viruses;Duplodnaviria;Heunggongvirae;Uroviricota;Caudoviricetes;;
k127_217486	541	No terminal repeats	NA	1	11	0.8808	NA	1	1.7183	Viruses;Duplodnaviria;Heunggongvirae;Uroviricota;Caudoviricetes;;
k127_43229	332	No terminal repeats	NA	1	11	0.8785	NA	1	1.7183	Viruses;Duplodnaviria;Heunggongvirae;Uroviricota;Caudoviricetes;;
k127_125029	570	No terminal repeats	NA	1	11	0.8785	NA	1	1.7183	Viruses;Duplodnaviria;Heunggongvirae;Uroviricota;Caudoviricetes;;
k127_334088	515	No terminal repeats	NA	2	11	0.8769	NA	1	1.7183	Viruses;Duplodnaviria;Heunggongvirae;Uroviricota;Caudoviricetes;;
k127_142219	323	No terminal repeats	NA	1	11	0.8747	NA	1	1.4597	Viruses;Duplodnaviria;Heunggongvirae;Uroviricota;Caudoviricetes;;
k127_290789	326	No terminal repeats	NA	1	11	0.8711	NA	1	1.2332	Viruses;Duplodnaviria;Heunggongvirae;Uroviricota;Caudoviricetes;;
k127_138615	318	No terminal repeats	NA	1	11	0.8700	NA	1	1.7183	Viruses;Duplodnaviria;Heunggongvirae;Uroviricota;Caudoviricetes;;
k127_162037	345	No terminal repeats	NA	1	11	0.8689	NA	1	1.2332	Viruses;Duplodnaviria;Heunggongvirae;Uroviricota;Caudoviricetes;;
k127_187638	831	No terminal repeats	NA	2	11	0.8683	NA	1	1.7183	Viruses;Duplodnaviria;Heunggongvirae;Uroviricota;Caudoviricetes;;
k127_341768	319	No terminal repeats	NA	1	11	0.8676	NA	1	1.5379	Viruses;Duplodnaviria;Heunggongvirae;Uroviricota;Caudoviricetes;;
k127_38771	536	No terminal repeats	NA	1	11	0.8659	NA	1	1.2306	Viruses;Duplodnaviria;Heunggongvirae;Uroviricota;Caudoviricetes;;
k127_156874	393	No terminal repeats	NA	2	11	0.8645	NA	2	2.9592	Viruses;Duplodnaviria;Heunggongvirae;Uroviricota;Caudoviricetes;;
k127_182138	421	No terminal repeats	NA	1	11	0.8619	NA	1	1.1530	Viruses;Duplodnaviria;Heunggongvirae;Uroviricota;Caudoviricetes;;
k127_341860	716	No terminal repeats	NA	2	11	0.8590	NA	2	3.0948	Viruses;Duplodnaviria;Heunggongvirae;Uroviricota;Caudoviricetes;;
k127_6736	484	No terminal repeats	NA	2	11	0.8580	NA	2	3.3965	Viruses;Duplodnaviria;Heunggongvirae;Uroviricota;Caudoviricetes;;Mesyanzhinovviridae
k127_320386	664	No terminal repeats	NA	1	11	0.8575	NA	1	1.7183	Viruses;Duplodnaviria;Heunggongvirae;Uroviricota;Caudoviricetes;;
k127_309846	594	No terminal repeats	NA	1	11	0.8574	NA	1	1.4795	Unclassified
k127_34420	342	No terminal repeats	NA	1	11	0.8542	NA	1	1.3608	Viruses;Duplodnaviria;Heunggongvirae;Uroviricota;Caudoviricetes;;Straboviridae
k127_42463	320	No terminal repeats	NA	1	11	0.8540	NA	1	1.7183	Viruses;Duplodnaviria;Heunggongvirae;Uroviricota;Caudoviricetes;;
k127_274938	957	No terminal repeats	NA	1	11	0.8539	NA	1	1.7183	Viruses;Duplodnaviria;Heunggongvirae;Uroviricota;Caudoviricetes;;
k127_381942	431	No terminal repeats	NA	1	11	0.8523	NA	1	1.7183	Viruses;Duplodnaviria;Heunggongvirae;Uroviricota;Caudoviricetes;;
k127_318204	531	No terminal repeats	NA	1	11	0.8516	NA	1	1.7183	Viruses;Duplodnaviria;Heunggongvirae;Uroviricota;Caudoviricetes;;
k127_81772	361	No terminal repeats	NA	1	11	0.8503	NA	1	1.2857	Viruses;Duplodnaviria;Heunggongvirae;Uroviricota;Caudoviricetes;;
k127_169763	514	No terminal repeats	NA	1	11	0.8502	NA	1	1.7183	Viruses;Duplodnaviria;Heunggongvirae;Uroviricota;Caudoviricetes;;
k127_70616	741	No terminal repeats	NA	1	11	0.8489	NA	1	1.7183	Viruses;Duplodnaviria;Heunggongvirae;Uroviricota;Caudoviricetes;;
k127_163881	394	No terminal repeats	NA	1	11	0.8471	NA	1	1.7183	Unclassified
k127_111556	319	No terminal repeats	NA	1	11	0.8443	NA	1	1.3562	Viruses;Duplodnaviria;Heunggongvirae;Uroviricota;Caudoviricetes;;
k127_97586	305	No terminal repeats	NA	1	11	0.8400	NA	1	1.7132	Unclassified
k127_270618	432	No terminal repeats	NA	1	11	0.8374	NA	1	1.0383	Viruses;Duplodnaviria;Heunggongvirae;Uroviricota;Caudoviricetes;;
k127_51806	526	No terminal repeats	NA	2	11	0.8368	NA	1	1.7183	Viruses;Duplodnaviria;Heunggongvirae;Uroviricota;Caudoviricetes;;
k127_362859	466	No terminal repeats	NA	1	11	0.8361	NA	1	1.7183	Viruses;Duplodnaviria;Heunggongvirae;Uroviricota;Caudoviricetes;;
k127_190777	472	No terminal repeats	NA	1	11	0.8307	NA	1	1.0862	Viruses;Duplodnaviria;Heunggongvirae;Uroviricota;Caudoviricetes;;
k127_281553	765	No terminal repeats	NA	1	11	0.8302	NA	1	1.7183	Viruses;Duplodnaviria;Heunggongvirae;Uroviricota;Caudoviricetes;;
k127_280209	331	No terminal repeats	NA	1	11	0.8287	NA	1	1.5594	Viruses;Duplodnaviria;Heunggongvirae;Uroviricota;Caudoviricetes;;
k127_189520	414	No terminal repeats	NA	1	11	0.8286	NA	1	1.3307	Viruses;Duplodnaviria;Heunggongvirae;Uroviricota;Caudoviricetes;;
k127_220723	839	No terminal repeats	NA	1	11	0.8273	NA	1	1.7183	Viruses;Duplodnaviria;Heunggongvirae;Uroviricota;Caudoviricetes;;
k127_86824	340	No terminal repeats	NA	1	11	0.8264	NA	1	1.4944	Viruses;Duplodnaviria;Heunggongvirae;Uroviricota;Caudoviricetes;;
k127_307390	604	No terminal repeats	NA	2	11	0.8262	NA	1	1.7183	Viruses;Duplodnaviria;Heunggongvirae;Uroviricota;Caudoviricetes;;
k127_236801	1679	No terminal repeats	NA	2	11	0.8259	NA	1	1.7183	Viruses;Duplodnaviria;Heunggongvirae;Uroviricota;Caudoviricetes;;
k127_99341	322	No terminal repeats	NA	1	11	0.8240	NA	1	1.3523	Viruses;Duplodnaviria;Heunggongvirae;Uroviricota;Caudoviricetes;;
k127_196261	389	No terminal repeats	NA	1	11	0.8240	NA	1	1.2995	Viruses;Duplodnaviria;Heunggongvirae;Uroviricota;Caudoviricetes;;Ackermannviridae
k127_320848	411	No terminal repeats	NA	2	11	0.8229	NA	1	1.7183	Viruses;Duplodnaviria;Heunggongvirae;Uroviricota;Caudoviricetes;;
k127_244870	438	No terminal repeats	NA	1	11	0.8222	NA	1	1.7183	Viruses;Duplodnaviria;Heunggongvirae;Uroviricota;Caudoviricetes;;Ackermannviridae
k127_155250	560	No terminal repeats	NA	1	11	0.8216	NA	1	1.7183	Viruses;Duplodnaviria;Heunggongvirae;Uroviricota;Caudoviricetes;;
k127_378689	351	No terminal repeats	NA	1	11	0.8193	NA	1	1.2290	Viruses;Duplodnaviria;Heunggongvirae;Uroviricota;Caudoviricetes;;
k127_173473	2715	No terminal repeats	NA	2	11	0.8186	NA	1	1.7183	Viruses;Duplodnaviria;Heunggongvirae;Uroviricota;Caudoviricetes;;
k127_107365	862	No terminal repeats	NA	1	11	0.8186	NA	1	1.7183	Viruses;Duplodnaviria;Heunggongvirae;Uroviricota;Caudoviricetes;;
k127_61796	463	No terminal repeats	NA	1	11	0.8180	NA	1	1.7183	Viruses;Duplodnaviria;Heunggongvirae;Uroviricota;Caudoviricetes;;
k127_13551	933	No terminal repeats	NA	2	11	0.8167	NA	1	1.7183	Viruses;Duplodnaviria;Heunggongvirae;Uroviricota;Caudoviricetes;;
k127_200389	549	No terminal repeats	NA	1	11	0.8150	NA	1	1.2436	Viruses;Duplodnaviria;Heunggongvirae;Uroviricota;Caudoviricetes;;Autographiviridae
k127_41781	548	No terminal repeats	NA	1	11	0.8144	NA	1	1.4920	Viruses;Duplodnaviria;Heunggongvirae;Uroviricota;Caudoviricetes;;
k127_74923	674	No terminal repeats	NA	1	11	0.8142	NA	1	1.7183	Viruses;Duplodnaviria;Heunggongvirae;Uroviricota;Caudoviricetes;;
k127_120637	581	No terminal repeats	NA	1	11	0.8126	NA	1	1.7183	Viruses;Duplodnaviria;Heunggongvirae;Uroviricota;Caudoviricetes;;
k127_323638	428	No terminal repeats	NA	1	11	0.8117	NA	1	1.1904	Viruses;Duplodnaviria;Heunggongvirae;Uroviricota;Caudoviricetes;;
k127_248608	726	No terminal repeats	NA	1	11	0.8106	NA	1	1.7183	Viruses;Duplodnaviria;Heunggongvirae;Uroviricota;Caudoviricetes;;Demerecviridae
k127_159781	606	No terminal repeats	NA	1	11	0.8103	NA	1	1.7183	Viruses;Duplodnaviria;Heunggongvirae;Uroviricota;Caudoviricetes;;
k127_93005	636	No terminal repeats	NA	1	11	0.8007	NA	1	1.7183	Viruses;Duplodnaviria;Heunggongvirae;Uroviricota;Caudoviricetes;;
k127_223016	741	No terminal repeats	NA	3	11	0.8004	NA	1	1.5293	Viruses;Duplodnaviria;Heunggongvirae;Uroviricota;Caudoviricetes;;
k127_286248	766	No terminal repeats	NA	2	11	0.7977	NA	1	1.7183	Viruses;Duplodnaviria;Heunggongvirae;Uroviricota;Caudoviricetes;;
k127_317434	577	No terminal repeats	NA	1	11	0.7959	NA	1	1.2306	Viruses;Duplodnaviria;Heunggongvirae;Uroviricota;Caudoviricetes;;
k127_263440	700	No terminal repeats	NA	1	11	0.7947	NA	1	1.7183	Viruses;Duplodnaviria;Heunggongvirae;Uroviricota;Caudoviricetes;;
k127_284566	512	No terminal repeats	NA	1	11	0.7933	NA	1	1.4494	Viruses;Duplodnaviria;Heunggongvirae;Uroviricota;Caudoviricetes;;
k127_27858	332	No terminal repeats	NA	1	11	0.7923	NA	1	1.3380	Viruses;Duplodnaviria;Heunggongvirae;Uroviricota;Caudoviricetes;;
k127_36370	517	No terminal repeats	NA	2	11	0.7912	NA	1	1.7183	Viruses;Duplodnaviria;Heunggongvirae;Uroviricota;Caudoviricetes;;
k127_189628	490	No terminal repeats	NA	1	11	0.7859	NA	1	1.7183	Viruses;Duplodnaviria;Heunggongvirae;Uroviricota;Caudoviricetes;;
k127_311942	316	No terminal repeats	NA	1	11	0.7849	NA	1	1.3182	Viruses;Duplodnaviria;Heunggongvirae;Uroviricota;Caudoviricetes;;
k127_368281	952	No terminal repeats	NA	2	11	0.7845	NA	1	1.7183	Unclassified
k127_268012	513	No terminal repeats	NA	1	11	0.7800	NA	1	1.7183	Viruses;Duplodnaviria;Heunggongvirae;Uroviricota;Caudoviricetes;;
k127_395412	527	No terminal repeats	NA	2	11	0.7787	NA	1	3.2070	Viruses;Duplodnaviria;Heunggongvirae;Uroviricota;Caudoviricetes;;
k127_28597	663	No terminal repeats	NA	2	11	0.7754	NA	1	1.7183	Viruses;Duplodnaviria;Heunggongvirae;Uroviricota;Caudoviricetes;;
k127_171856	332	No terminal repeats	NA	1	11	0.7752	NA	1	1.1387	Viruses;Duplodnaviria;Heunggongvirae;Uroviricota;Caudoviricetes;;
k127_260677	486	No terminal repeats	NA	1	11	0.7735	NA	1	1.2306	Viruses;Duplodnaviria;Heunggongvirae;Uroviricota;Caudoviricetes;;
k127_358589	325	No terminal repeats	NA	1	11	0.7729	NA	1	1.2436	Viruses;Duplodnaviria;Heunggongvirae;Uroviricota;Caudoviricetes;;Autographiviridae
k127_312117	302	No terminal repeats	NA	1	11	0.7716	NA	1	1.3562	Viruses;Duplodnaviria;Heunggongvirae;Uroviricota;Caudoviricetes;;
k127_120596	533	No terminal repeats	NA	1	11	0.7707	NA	1	1.7183	Viruses;Duplodnaviria;Heunggongvirae;Uroviricota;Caudoviricetes;;
k127_89510	310	No terminal repeats	NA	1	11	0.7693	NA	1	1.6721	Unclassified
k127_243319	497	No terminal repeats	NA	1	11	0.7596	NA	1	1.7183	Viruses;Duplodnaviria;Heunggongvirae;Uroviricota;Caudoviricetes;;
k127_342536	729	No terminal repeats	NA	4	11	0.7590	NA	1	1.7183	Viruses;Duplodnaviria;Heunggongvirae;Uroviricota;Caudoviricetes;;
k127_62960	321	No terminal repeats	NA	1	11	0.7584	NA	1	1.7020	Viruses;Duplodnaviria;Heunggongvirae;Uroviricota;Caudoviricetes;;
k127_269305	343	No terminal repeats	NA	1	11	0.7483	NA	1	1.3746	Viruses;Duplodnaviria;Heunggongvirae;Uroviricota;Caudoviricetes;;
k127_53856	590	No terminal repeats	NA	1	11	0.7483	NA	1	1.3550	Viruses;Duplodnaviria;Heunggongvirae;Uroviricota;Caudoviricetes;;
k127_268225	315	No terminal repeats	NA	1	11	0.7474	NA	1	1.2332	Viruses;Duplodnaviria;Heunggongvirae;Uroviricota;Caudoviricetes;;
k127_336010	955	No terminal repeats	NA	2	11	0.7473	NA	1	1.7183	Viruses;Duplodnaviria;Heunggongvirae;Uroviricota;Caudoviricetes;;
k127_138653	528	No terminal repeats	NA	2	11	0.7466	NA	1	1.3383	Viruses;Duplodnaviria;Heunggongvirae;Uroviricota;Caudoviricetes;;
k127_109317	341	No terminal repeats	NA	1	11	0.7423	NA	1	1.3562	Viruses;Duplodnaviria;Heunggongvirae;Uroviricota;Caudoviricetes;;
k127_335995	902	No terminal repeats	NA	1	11	0.7392	NA	1	1.7183	Viruses;Duplodnaviria;Heunggongvirae;Uroviricota;Caudoviricetes;;
k127_361256	367	No terminal repeats	NA	1	11	0.7360	NA	1	1.2753	Viruses;Duplodnaviria;Heunggongvirae;Uroviricota;Caudoviricetes;;
k127_189231	342	No terminal repeats	NA	1	11	0.7327	NA	1	1.5552	Viruses;Duplodnaviria;Heunggongvirae;Uroviricota;Caudoviricetes;;
k127_101359	538	No terminal repeats	NA	1	11	0.7293	NA	1	1.7183	Viruses;Duplodnaviria;Heunggongvirae;Uroviricota;Caudoviricetes;;
k127_136239	335	No terminal repeats	NA	1	11	0.7292	NA	1	1.3074	Viruses;Duplodnaviria;Heunggongvirae;Uroviricota;Caudoviricetes;;
k127_172598	869	No terminal repeats	NA	1	11	0.7265	NA	1	1.7183	Viruses;Duplodnaviria;Heunggongvirae;Uroviricota;Caudoviricetes;;
k127_168564	372	No terminal repeats	NA	1	11	0.7249	NA	1	1.6721	Unclassified
k127_213956	507	No terminal repeats	NA	1	11	0.7213	NA	1	1.6407	Viruses;Duplodnaviria;Heunggongvirae;Uroviricota;Caudoviricetes;;
k127_291746	736	No terminal repeats	NA	2	11	0.7143	NA	2	3.1399	Viruses;Duplodnaviria;Heunggongvirae;Uroviricota;Caudoviricetes;;
k127_83372	1064	No terminal repeats	NA	3	11	0.7119	NA	1	3.1191	Viruses;Duplodnaviria;Heunggongvirae;Uroviricota;Caudoviricetes;;
k127_161270	681	No terminal repeats	NA	1	11	0.7095	NA	1	1.3550	Viruses;Duplodnaviria;Heunggongvirae;Uroviricota;Caudoviricetes;;
k127_161239	1276	No terminal repeats	NA	3	11	0.7081	NA	2	3.0078	Viruses;Duplodnaviria;Heunggongvirae;Uroviricota;Caudoviricetes;;
k127_76176	341	No terminal repeats	NA	1	11	0.7058	NA	1	1.3307	Viruses;Duplodnaviria;Heunggongvirae;Uroviricota;Caudoviricetes;;
k127_248794	486	No terminal repeats	NA	2	11	0.7049	NA	1	1.3642	Viruses;Duplodnaviria;Heunggongvirae;Uroviricota;Caudoviricetes;;
k127_299810	349	No terminal repeats	NA	1	11	0.7049	NA	1	1.7020	Viruses;Duplodnaviria;Heunggongvirae;Uroviricota;Caudoviricetes;;
k127_195711	681	No terminal repeats	NA	2	11	0.7028	NA	1	1.2306	Viruses;Duplodnaviria;Heunggongvirae;Uroviricota;Caudoviricetes;;
