seq_name	length	topology	coordinates	n_genes	genetic_code	virus_score	fdr	n_hallmarks	marker_enrichment	taxonomy
k127_8522	327	No terminal repeats	NA	1	11	0.9663	NA	1	1.5240	Viruses;Duplodnaviria;Heunggongvirae;Uroviricota;Caudoviricetes;;
k127_65057	884	No terminal repeats	NA	3	11	0.9650	NA	1	4.5117	Viruses;Duplodnaviria;Heunggongvirae;Uroviricota;Caudoviricetes;;
k127_491659	340	No terminal repeats	NA	1	11	0.9646	NA	1	1.6317	Viruses;Duplodnaviria;Heunggongvirae;Uroviricota;Caudoviricetes;;
k127_272308	426	No terminal repeats	NA	2	11	0.9639	NA	1	3.4366	Viruses;Duplodnaviria;Heunggongvirae;Uroviricota;Caudoviricetes;;
k127_18834	312	No terminal repeats	NA	1	11	0.9634	NA	1	1.7183	Viruses;Duplodnaviria;Heunggongvirae;Uroviricota;Caudoviricetes;;
k127_154361	597	No terminal repeats	NA	1	11	0.9624	NA	1	1.7183	Viruses;Duplodnaviria;Heunggongvirae;Uroviricota;Caudoviricetes;;
k127_370751	320	No terminal repeats	NA	1	11	0.9601	NA	1	1.7183	Viruses;Duplodnaviria;Heunggongvirae;Uroviricota;Caudoviricetes;;
k127_232690	340	No terminal repeats	NA	1	11	0.9583	NA	1	1.7183	Viruses;Duplodnaviria;Heunggongvirae;Uroviricota;Caudoviricetes;;
k127_270283	371	No terminal repeats	NA	1	11	0.9580	NA	1	1.7183	Viruses;Duplodnaviria;Heunggongvirae;Uroviricota;Caudoviricetes;;
k127_338786	369	No terminal repeats	NA	2	11	0.9579	NA	1	3.4366	Viruses;Duplodnaviria;Heunggongvirae;Uroviricota;Caudoviricetes;;
k127_322404	329	No terminal repeats	NA	1	11	0.9575	NA	1	1.7183	Viruses;Duplodnaviria;Heunggongvirae;Uroviricota;Caudoviricetes;;
k127_400047	310	No terminal repeats	NA	1	11	0.9571	NA	1	1.5968	Viruses;Duplodnaviria;Heunggongvirae;Uroviricota;Caudoviricetes;;
k127_131046	313	No terminal repeats	NA	1	11	0.9566	NA	1	1.7183	Viruses;Duplodnaviria;Heunggongvirae;Uroviricota;Caudoviricetes;;
k127_148795	371	No terminal repeats	NA	1	11	0.9555	NA	1	1.7183	Unclassified
k127_383678	305	No terminal repeats	NA	1	11	0.9548	NA	1	1.7183	Viruses;Duplodnaviria;Heunggongvirae;Uroviricota;Caudoviricetes;;
k127_232675	307	No terminal repeats	NA	1	11	0.9545	NA	1	1.5934	Unclassified
k127_140162	321	No terminal repeats	NA	1	11	0.9541	NA	1	1.7183	Viruses;Duplodnaviria;Heunggongvirae;Uroviricota;Caudoviricetes;;
k127_332496	319	No terminal repeats	NA	1	11	0.9540	NA	1	1.7183	Viruses;Duplodnaviria;Heunggongvirae;Uroviricota;Caudoviricetes;;
k127_451986	301	No terminal repeats	NA	1	11	0.9531	NA	1	1.7183	Viruses;Duplodnaviria;Heunggongvirae;Uroviricota;Caudoviricetes;;
k127_186322	303	No terminal repeats	NA	1	11	0.9530	NA	1	1.7183	Viruses;Duplodnaviria;Heunggongvirae;Uroviricota;Caudoviricetes;;
k127_418750	345	No terminal repeats	NA	1	11	0.9527	NA	1	1.7183	Viruses;Duplodnaviria;Heunggongvirae;Uroviricota;Caudoviricetes;;
k127_159753	513	No terminal repeats	NA	1	11	0.9514	NA	1	1.7183	Viruses;Duplodnaviria;Heunggongvirae;Uroviricota;Caudoviricetes;;
k127_56594	329	No terminal repeats	NA	1	11	0.9513	NA	1	1.7183	Viruses;Duplodnaviria;Heunggongvirae;Uroviricota;Caudoviricetes;;Drexlerviridae
k127_2970	420	No terminal repeats	NA	1	11	0.9506	NA	1	1.7183	Viruses;Duplodnaviria;Heunggongvirae;Uroviricota;Caudoviricetes;;
k127_94336	493	No terminal repeats	NA	1	11	0.9505	NA	1	1.7183	Viruses;Duplodnaviria;Heunggongvirae;Uroviricota;Caudoviricetes;;
k127_352343	1020	No terminal repeats	NA	2	11	0.9503	NA	2	2.9040	Viruses;Duplodnaviria;Heunggongvirae;Uroviricota;Caudoviricetes;;
k127_128763	337	No terminal repeats	NA	1	11	0.9497	NA	1	1.7183	Viruses;Duplodnaviria;Heunggongvirae;Uroviricota;Caudoviricetes;;
k127_42781	752	No terminal repeats	NA	1	11	0.9497	NA	1	1.7183	Viruses;Duplodnaviria;Heunggongvirae;Uroviricota;Caudoviricetes;;
k127_76332	358	No terminal repeats	NA	1	11	0.9496	NA	1	1.6066	Viruses;Duplodnaviria;Heunggongvirae;Uroviricota;Caudoviricetes;;
k127_323495	934	No terminal repeats	NA	1	11	0.9491	NA	1	1.6054	Viruses;Duplodnaviria;Heunggongvirae;Uroviricota;Caudoviricetes;;
k127_216083	461	No terminal repeats	NA	1	11	0.9486	NA	1	1.7183	Viruses;Duplodnaviria;Heunggongvirae;Uroviricota;Caudoviricetes;;
k127_268201	430	No terminal repeats	NA	1	11	0.9481	NA	1	1.7183	Viruses;Duplodnaviria;Heunggongvirae;Uroviricota;Caudoviricetes;;
k127_173597	474	No terminal repeats	NA	1	11	0.9473	NA	1	1.7183	Viruses;Duplodnaviria;Heunggongvirae;Uroviricota;Caudoviricetes;;
k127_434309	319	No terminal repeats	NA	1	11	0.9472	NA	1	1.4493	Viruses;Duplodnaviria;Heunggongvirae;Uroviricota;Caudoviricetes;;
k127_504812	325	No terminal repeats	NA	1	11	0.9468	NA	1	1.2847	Viruses;Duplodnaviria;Heunggongvirae;Uroviricota;Caudoviricetes;;
k127_56647	346	No terminal repeats	NA	1	15	0.9460	NA	1	1.4764	Viruses;Duplodnaviria;Heunggongvirae;Uroviricota;Caudoviricetes;;
k127_246629	629	No terminal repeats	NA	2	11	0.9458	NA	1	1.7183	Unclassified
k127_318758	323	No terminal repeats	NA	1	11	0.9455	NA	1	1.5137	Viruses;Duplodnaviria;Heunggongvirae;Uroviricota;Caudoviricetes;;
k127_180638	327	No terminal repeats	NA	1	11	0.9448	NA	1	1.7183	Viruses;Duplodnaviria;Heunggongvirae;Uroviricota;Caudoviricetes;;
k127_122999	347	No terminal repeats	NA	1	11	0.9447	NA	1	1.2248	Viruses;Duplodnaviria;Heunggongvirae;Uroviricota;Caudoviricetes;;
k127_375832	370	No terminal repeats	NA	1	11	0.9447	NA	1	1.7183	Viruses;Duplodnaviria;Heunggongvirae;Uroviricota;Caudoviricetes;;
k127_64785	443	No terminal repeats	NA	1	11	0.9442	NA	1	1.7183	Viruses;Duplodnaviria;Heunggongvirae;Uroviricota;Caudoviricetes;;
k127_262430	324	No terminal repeats	NA	1	11	0.9441	NA	1	1.7183	Viruses;Duplodnaviria;Heunggongvirae;Uroviricota;Caudoviricetes;;Drexlerviridae
k127_270445	526	No terminal repeats	NA	2	11	0.9440	NA	2	2.8209	Viruses;Duplodnaviria;Heunggongvirae;Uroviricota;Caudoviricetes;;
k127_509868	338	No terminal repeats	NA	1	11	0.9439	NA	1	1.7183	Viruses;Duplodnaviria;Heunggongvirae;Uroviricota;Caudoviricetes;;
k127_158071	316	No terminal repeats	NA	1	11	0.9433	NA	1	1.4493	Viruses;Duplodnaviria;Heunggongvirae;Uroviricota;Caudoviricetes;;
k127_50913	397	No terminal repeats	NA	1	11	0.9428	NA	1	1.7183	Viruses;Duplodnaviria;Heunggongvirae;Uroviricota;Caudoviricetes;;
k127_11246	345	No terminal repeats	NA	1	11	0.9427	NA	1	1.7183	Viruses;Duplodnaviria;Heunggongvirae;Uroviricota;Caudoviricetes;;
k127_211324	693	No terminal repeats	NA	2	11	0.9410	NA	1	3.4366	Viruses;Duplodnaviria;Heunggongvirae;Uroviricota;Caudoviricetes;;
k127_254600	331	No terminal repeats	NA	1	11	0.9409	NA	1	1.6066	Viruses;Duplodnaviria;Heunggongvirae;Uroviricota;Caudoviricetes;;
k127_218377	2893	No terminal repeats	NA	6	11	0.9405	NA	0	7.1571	Viruses;Duplodnaviria;Heunggongvirae;Uroviricota;Caudoviricetes;;
k127_164426	446	No terminal repeats	NA	1	11	0.9404	NA	1	1.5202	Viruses;Duplodnaviria;Heunggongvirae;Uroviricota;Caudoviricetes;;
k127_275570	1622	No terminal repeats	NA	1	11	0.9403	NA	1	1.7183	Viruses;Riboviria;Orthornavirae;Pisuviricota;Duplopiviricetes;Durnavirales;Partitiviridae
k127_520847	375	No terminal repeats	NA	1	11	0.9392	NA	1	1.7183	Viruses;Duplodnaviria;Heunggongvirae;Uroviricota;Caudoviricetes;;
k127_447505	340	No terminal repeats	NA	1	11	0.9389	NA	1	1.7183	Viruses;Duplodnaviria;Heunggongvirae;Uroviricota;Caudoviricetes;;
k127_10967	398	No terminal repeats	NA	1	11	0.9382	NA	1	1.1496	Viruses;Duplodnaviria;Heunggongvirae;Uroviricota;Caudoviricetes;;
k127_41387	370	No terminal repeats	NA	1	11	0.9381	NA	1	1.7183	Viruses;Duplodnaviria;Heunggongvirae;Uroviricota;Caudoviricetes;;
k127_507439	340	No terminal repeats	NA	1	11	0.9381	NA	1	1.7183	Viruses;Duplodnaviria;Heunggongvirae;Uroviricota;Caudoviricetes;;
k127_479181	978	No terminal repeats	NA	1	11	0.9376	NA	1	1.7183	Viruses;Duplodnaviria;Heunggongvirae;Uroviricota;Caudoviricetes;;
k127_42924	1065	No terminal repeats	NA	2	11	0.9372	NA	1	3.4366	Viruses;Duplodnaviria;Heunggongvirae;Uroviricota;Caudoviricetes;;
k127_423696	348	No terminal repeats	NA	1	11	0.9371	NA	1	1.7183	Viruses;Duplodnaviria;Heunggongvirae;Uroviricota;Caudoviricetes;;
k127_43018	360	No terminal repeats	NA	1	11	0.9348	NA	1	1.5176	Viruses;Duplodnaviria;Heunggongvirae;Uroviricota;Caudoviricetes;;
k127_169847	390	No terminal repeats	NA	1	11	0.9341	NA	1	1.7183	Viruses;Duplodnaviria;Heunggongvirae;Uroviricota;Caudoviricetes;;
k127_533238	401	No terminal repeats	NA	2	11	0.9341	NA	1	1.4879	Viruses;Duplodnaviria;Heunggongvirae;Uroviricota;Caudoviricetes;;
k127_315325	524	No terminal repeats	NA	1	11	0.9339	NA	1	1.5978	Viruses;Duplodnaviria;Heunggongvirae;Uroviricota;Caudoviricetes;;
k127_64963	374	No terminal repeats	NA	1	11	0.9339	NA	1	1.4595	Viruses;Duplodnaviria;Heunggongvirae;Uroviricota;Caudoviricetes;;
k127_423109	395	No terminal repeats	NA	1	11	0.9337	NA	1	1.7183	Viruses;Duplodnaviria;Heunggongvirae;Uroviricota;Caudoviricetes;;
k127_500492	361	No terminal repeats	NA	1	11	0.9336	NA	1	1.7183	Unclassified
k127_121685	882	No terminal repeats	NA	1	11	0.9331	NA	1	1.7183	Viruses;Duplodnaviria;Heunggongvirae;Uroviricota;Caudoviricetes;;
k127_535493	367	No terminal repeats	NA	1	11	0.9325	NA	1	1.7183	Viruses;Duplodnaviria;Heunggongvirae;Uroviricota;Caudoviricetes;;
k127_134458	629	No terminal repeats	NA	1	11	0.9319	NA	1	1.7183	Unclassified
k127_46293	404	No terminal repeats	NA	1	15	0.9314	NA	1	1.7183	Viruses;Duplodnaviria;Heunggongvirae;Uroviricota;Caudoviricetes;;
k127_154702	424	No terminal repeats	NA	1	11	0.9307	NA	1	1.7183	Viruses;Duplodnaviria;Heunggongvirae;Uroviricota;Caudoviricetes;;
k127_20490	958	No terminal repeats	NA	1	11	0.9306	NA	1	1.7183	Viruses;Duplodnaviria;Heunggongvirae;Uroviricota;Caudoviricetes;;
k127_395599	319	No terminal repeats	NA	1	11	0.9297	NA	1	1.4764	Viruses;Duplodnaviria;Heunggongvirae;Uroviricota;Caudoviricetes;;
k127_113284	930	No terminal repeats	NA	1	11	0.9295	NA	1	1.7183	Viruses;Duplodnaviria;Heunggongvirae;Uroviricota;Caudoviricetes;;
k127_313051	312	No terminal repeats	NA	1	11	0.9290	NA	1	1.7183	Viruses;Duplodnaviria;Heunggongvirae;Uroviricota;Caudoviricetes;;
k127_414578	364	No terminal repeats	NA	1	11	0.9282	NA	1	1.4840	Unclassified
k127_471945	355	No terminal repeats	NA	1	11	0.9262	NA	1	1.3345	Viruses;Duplodnaviria;Heunggongvirae;Uroviricota;Caudoviricetes;;
k127_251133	346	No terminal repeats	NA	1	11	0.9261	NA	1	1.6056	Viruses;Duplodnaviria;Heunggongvirae;Uroviricota;Caudoviricetes;;
k127_134262	812	No terminal repeats	NA	1	11	0.9261	NA	1	1.7183	Viruses;Duplodnaviria;Heunggongvirae;Uroviricota;Caudoviricetes;;
k127_256726	1109	No terminal repeats	NA	2	11	0.9254	NA	1	2.8214	Viruses;Duplodnaviria;Heunggongvirae;Uroviricota;Caudoviricetes;;
k127_35068	550	No terminal repeats	NA	1	11	0.9254	NA	1	1.7183	Viruses;Duplodnaviria;Heunggongvirae;Uroviricota;Caudoviricetes;;
k127_113216	573	No terminal repeats	NA	1	11	0.9250	NA	1	1.7183	Viruses;Duplodnaviria;Heunggongvirae;Uroviricota;Caudoviricetes;;
k127_132693	308	No terminal repeats	NA	1	11	0.9246	NA	1	1.7183	Viruses;Duplodnaviria;Heunggongvirae;Uroviricota;Caudoviricetes;;
k127_497620	311	No terminal repeats	NA	1	11	0.9237	NA	1	1.7183	Viruses;Duplodnaviria;Heunggongvirae;Uroviricota;Caudoviricetes;;
k127_251014	323	No terminal repeats	NA	1	11	0.9237	NA	1	1.7183	Viruses;Duplodnaviria;Heunggongvirae;Uroviricota;Caudoviricetes;;
k127_380240	446	No terminal repeats	NA	1	11	0.9235	NA	1	1.4595	Viruses;Duplodnaviria;Heunggongvirae;Uroviricota;Caudoviricetes;;
k127_477663	1910	No terminal repeats	NA	1	11	0.9229	NA	1	1.7183	Viruses;Duplodnaviria;Heunggongvirae;Uroviricota;Caudoviricetes;;
k127_8598	522	No terminal repeats	NA	1	11	0.9224	NA	1	1.7183	Viruses;Duplodnaviria;Heunggongvirae;Uroviricota;Caudoviricetes;;
k127_277591	449	No terminal repeats	NA	1	11	0.9222	NA	1	1.7183	Viruses;Duplodnaviria;Heunggongvirae;Uroviricota;Caudoviricetes;;
k127_268434	310	No terminal repeats	NA	1	11	0.9221	NA	1	1.7183	Viruses;Duplodnaviria;Heunggongvirae;Uroviricota;Caudoviricetes;;
k127_257613	394	No terminal repeats	NA	1	11	0.9217	NA	1	1.6175	Viruses;Duplodnaviria;Heunggongvirae;Uroviricota;Caudoviricetes;;
k127_465091	339	No terminal repeats	NA	1	11	0.9213	NA	1	1.5924	Viruses;Duplodnaviria;Heunggongvirae;Uroviricota;Caudoviricetes;;
k127_283962	366	No terminal repeats	NA	1	11	0.9206	NA	1	1.5052	Viruses;Duplodnaviria;Heunggongvirae;Uroviricota;Caudoviricetes;;
k127_179402	1286	No terminal repeats	NA	2	11	0.9203	NA	2	2.9804	Viruses;Duplodnaviria;Heunggongvirae;Uroviricota;Caudoviricetes;;
k127_364686	360	No terminal repeats	NA	1	11	0.9199	NA	1	1.7183	Viruses;Duplodnaviria;Heunggongvirae;Uroviricota;Caudoviricetes;;
k127_179055	555	No terminal repeats	NA	1	11	0.9196	NA	1	1.7183	Viruses;Duplodnaviria;Heunggongvirae;Uroviricota;Caudoviricetes;;
k127_470754	643	No terminal repeats	NA	1	11	0.9190	NA	1	1.7183	Viruses;Duplodnaviria;Heunggongvirae;Uroviricota;Caudoviricetes;;
k127_253308	332	No terminal repeats	NA	1	11	0.9189	NA	1	1.5934	Unclassified
k127_244974	1378	No terminal repeats	NA	2	11	0.9183	NA	1	1.7183	Viruses;Duplodnaviria;Heunggongvirae;Uroviricota;Caudoviricetes;;
k127_101302	414	No terminal repeats	NA	1	11	0.9177	NA	1	1.7183	Viruses;Duplodnaviria;Heunggongvirae;Uroviricota;Caudoviricetes;;
k127_159243	774	No terminal repeats	NA	1	11	0.9172	NA	1	1.7183	Viruses;Duplodnaviria;Heunggongvirae;Uroviricota;Caudoviricetes;;
k127_525311	1141	No terminal repeats	NA	3	11	0.9172	NA	1	2.8570	Viruses;Duplodnaviria;Heunggongvirae;Uroviricota;Caudoviricetes;;
k127_431746	315	No terminal repeats	NA	2	11	0.9171	NA	1	1.7183	Unclassified
k127_40150	327	No terminal repeats	NA	1	11	0.9168	NA	1	1.7183	Viruses;Duplodnaviria;Heunggongvirae;Uroviricota;Caudoviricetes;;
k127_367874	527	No terminal repeats	NA	1	11	0.9166	NA	1	1.7183	Unclassified
k127_301079	491	No terminal repeats	NA	1	11	0.9161	NA	1	1.4595	Viruses;Duplodnaviria;Heunggongvirae;Uroviricota;Caudoviricetes;;
k127_330398	355	No terminal repeats	NA	2	11	0.9160	NA	1	1.7183	Unclassified
k127_12048	1028	No terminal repeats	NA	1	11	0.9147	NA	1	1.7183	Viruses;Duplodnaviria;Heunggongvirae;Uroviricota;Caudoviricetes;;
k127_323163	369	No terminal repeats	NA	2	11	0.9140	NA	1	1.7183	Unclassified
k127_88320	349	No terminal repeats	NA	1	11	0.9133	NA	1	1.4211	Viruses;Duplodnaviria;Heunggongvirae;Uroviricota;Caudoviricetes;;
k127_458924	810	No terminal repeats	NA	1	11	0.9130	NA	1	1.7183	Viruses;Duplodnaviria;Heunggongvirae;Uroviricota;Caudoviricetes;;
k127_226178	705	No terminal repeats	NA	1	11	0.9126	NA	1	1.7183	Viruses;Duplodnaviria;Heunggongvirae;Uroviricota;Caudoviricetes;;
k127_58467	688	No terminal repeats	NA	2	11	0.9125	NA	1	3.3917	Viruses;Duplodnaviria;Heunggongvirae;Uroviricota;Caudoviricetes;;
k127_190098	401	No terminal repeats	NA	1	11	0.9124	NA	1	1.7183	Viruses;Varidnaviria;Bamfordvirae;Preplasmiviricota;Tectiliviricetes;Kalamavirales;Tectiviridae
k127_472137	322	No terminal repeats	NA	1	11	0.9117	NA	1	1.3608	Viruses;Duplodnaviria;Heunggongvirae;Uroviricota;Caudoviricetes;;Straboviridae
k127_492272	346	No terminal repeats	NA	2	11	0.9113	NA	1	1.1496	Viruses;Duplodnaviria;Heunggongvirae;Uroviricota;Caudoviricetes;;
k127_59286	416	No terminal repeats	NA	1	11	0.9106	NA	1	1.7183	Viruses;Duplodnaviria;Heunggongvirae;Uroviricota;Caudoviricetes;;
k127_101256	435	No terminal repeats	NA	1	11	0.9103	NA	1	1.7183	Viruses;Duplodnaviria;Heunggongvirae;Uroviricota;Caudoviricetes;;
k127_296981	402	No terminal repeats	NA	1	11	0.9101	NA	1	1.2306	Viruses;Duplodnaviria;Heunggongvirae;Uroviricota;Caudoviricetes;;
k127_368184	812	No terminal repeats	NA	2	11	0.9095	NA	1	2.3259	Viruses;Duplodnaviria;Heunggongvirae;Uroviricota;Caudoviricetes;;
k127_432611	256	No terminal repeats	NA	1	11	0.9090	NA	1	1.7183	Viruses;Duplodnaviria;Heunggongvirae;Uroviricota;Caudoviricetes;;
k127_43092	368	No terminal repeats	NA	2	11	0.9085	NA	1	3.3720	Viruses;Duplodnaviria;Heunggongvirae;Uroviricota;Caudoviricetes;;
k127_70288	631	No terminal repeats	NA	1	11	0.9080	NA	1	1.7183	Viruses;Duplodnaviria;Heunggongvirae;Uroviricota;Caudoviricetes;;
k127_450591	576	No terminal repeats	NA	1	11	0.9078	NA	1	1.7164	Unclassified
k127_408942	586	No terminal repeats	NA	1	11	0.9078	NA	1	1.7183	Viruses;Duplodnaviria;Heunggongvirae;Uroviricota;Caudoviricetes;;
k127_268218	591	No terminal repeats	NA	2	11	0.9077	NA	1	1.3566	Viruses;Duplodnaviria;Heunggongvirae;Uroviricota;Caudoviricetes;;
k127_298701	625	No terminal repeats	NA	1	11	0.9074	NA	1	1.7183	Viruses;Duplodnaviria;Heunggongvirae;Uroviricota;Caudoviricetes;;
k127_318641	343	No terminal repeats	NA	1	11	0.9061	NA	1	1.7183	Unclassified
k127_530020	734	No terminal repeats	NA	1	11	0.9060	NA	1	1.7183	Viruses;Duplodnaviria;Heunggongvirae;Uroviricota;Caudoviricetes;;
k127_114206	553	No terminal repeats	NA	1	11	0.9058	NA	1	1.7183	Viruses;Duplodnaviria;Heunggongvirae;Uroviricota;Caudoviricetes;;
k127_313626	314	No terminal repeats	NA	1	11	0.9057	NA	1	1.2822	Viruses;Duplodnaviria;Heunggongvirae;Uroviricota;Caudoviricetes;;
k127_64824	473	No terminal repeats	NA	1	11	0.9055	NA	1	1.7183	Viruses;Duplodnaviria;Heunggongvirae;Uroviricota;Caudoviricetes;;
k127_543743	374	No terminal repeats	NA	1	11	0.9050	NA	1	1.1262	Viruses;Duplodnaviria;Heunggongvirae;Uroviricota;Caudoviricetes;;
k127_339299	1655	No terminal repeats	NA	1	11	0.9037	NA	1	1.6474	Viruses;Duplodnaviria;Heunggongvirae;Uroviricota;Caudoviricetes;;
k127_41407	406	No terminal repeats	NA	1	11	0.9035	NA	1	1.4564	Viruses;Duplodnaviria;Heunggongvirae;Uroviricota;Caudoviricetes;;
k127_413248	339	No terminal repeats	NA	1	11	0.9033	NA	1	1.7183	Viruses;Duplodnaviria;Heunggongvirae;Uroviricota;Caudoviricetes;;
k127_380598	1367	No terminal repeats	NA	1	11	0.9030	NA	1	1.7183	Viruses;Duplodnaviria;Heunggongvirae;Uroviricota;Caudoviricetes;;
k127_476560	382	No terminal repeats	NA	1	11	0.9025	NA	1	1.7183	Viruses;Duplodnaviria;Heunggongvirae;Uroviricota;Caudoviricetes;;
k127_400337	303	No terminal repeats	NA	1	11	0.9025	NA	1	1.7183	Viruses;Duplodnaviria;Heunggongvirae;Uroviricota;Caudoviricetes;;
k127_255893	356	No terminal repeats	NA	1	11	0.9024	NA	1	1.7183	Viruses;Duplodnaviria;Heunggongvirae;Uroviricota;Caudoviricetes;;
k127_46482	337	No terminal repeats	NA	1	11	0.9013	NA	1	1.7183	Viruses;Duplodnaviria;Heunggongvirae;Uroviricota;Caudoviricetes;;
k127_329171	334	No terminal repeats	NA	1	11	0.9009	NA	1	1.3867	Viruses;Duplodnaviria;Heunggongvirae;Uroviricota;Caudoviricetes;;
k127_450474	510	No terminal repeats	NA	1	11	0.9006	NA	1	1.3074	Viruses;Duplodnaviria;Heunggongvirae;Uroviricota;Caudoviricetes;;
k127_244269	352	No terminal repeats	NA	1	11	0.9001	NA	1	1.7183	Viruses;Duplodnaviria;Heunggongvirae;Uroviricota;Caudoviricetes;;
k127_123675	537	No terminal repeats	NA	1	11	0.8998	NA	1	1.7183	Viruses;Duplodnaviria;Heunggongvirae;Uroviricota;Caudoviricetes;;
k127_193360	378	No terminal repeats	NA	1	11	0.8995	NA	1	1.6041	Viruses;Duplodnaviria;Heunggongvirae;Uroviricota;Caudoviricetes;;
k127_505184	2771	No terminal repeats	NA	5	11	0.8993	NA	1	1.3358	Viruses;Duplodnaviria;Heunggongvirae;Uroviricota;Caudoviricetes;;
k127_411485	780	No terminal repeats	NA	1	11	0.8990	NA	1	1.6066	Viruses;Duplodnaviria;Heunggongvirae;Uroviricota;Caudoviricetes;;
k127_412270	468	No terminal repeats	NA	1	11	0.8979	NA	1	1.5240	Viruses;Duplodnaviria;Heunggongvirae;Uroviricota;Caudoviricetes;;
k127_147617	345	No terminal repeats	NA	1	11	0.8975	NA	1	1.3388	Viruses;Duplodnaviria;Heunggongvirae;Uroviricota;Caudoviricetes;;
k127_531072	331	No terminal repeats	NA	1	11	0.8970	NA	1	1.1011	Viruses;Duplodnaviria;Heunggongvirae;Uroviricota;Caudoviricetes;;
k127_102934	606	No terminal repeats	NA	1	11	0.8959	NA	1	1.7183	Viruses;Duplodnaviria;Heunggongvirae;Uroviricota;Caudoviricetes;;
k127_279175	392	No terminal repeats	NA	1	11	0.8957	NA	1	1.3867	Viruses;Duplodnaviria;Heunggongvirae;Uroviricota;Caudoviricetes;;
k127_546289	361	No terminal repeats	NA	1	11	0.8956	NA	1	1.7183	Viruses;Duplodnaviria;Heunggongvirae;Uroviricota;Caudoviricetes;;
k127_330470	376	No terminal repeats	NA	1	11	0.8956	NA	1	1.0036	Viruses;Duplodnaviria;Heunggongvirae;Uroviricota;Caudoviricetes;;
k127_195528	475	No terminal repeats	NA	2	11	0.8955	NA	1	1.7183	Viruses;Duplodnaviria;Heunggongvirae;Uroviricota;Caudoviricetes;;
k127_235363	393	No terminal repeats	NA	1	11	0.8954	NA	1	1.2847	Viruses;Duplodnaviria;Heunggongvirae;Uroviricota;Caudoviricetes;;
k127_279109	321	No terminal repeats	NA	1	11	0.8946	NA	1	1.4247	Viruses;Duplodnaviria;Heunggongvirae;Uroviricota;Caudoviricetes;;
k127_351096	360	No terminal repeats	NA	1	11	0.8945	NA	1	1.7183	Viruses;Duplodnaviria;Heunggongvirae;Uroviricota;Caudoviricetes;;
k127_474268	320	No terminal repeats	NA	1	11	0.8944	NA	1	1.4211	Viruses;Duplodnaviria;Heunggongvirae;Uroviricota;Caudoviricetes;;
k127_293045	758	No terminal repeats	NA	1	11	0.8940	NA	1	1.7183	Viruses;Duplodnaviria;Heunggongvirae;Uroviricota;Caudoviricetes;;
k127_331791	609	No terminal repeats	NA	1	11	0.8937	NA	1	1.7183	Viruses;Duplodnaviria;Heunggongvirae;Uroviricota;Caudoviricetes;;
k127_77564	561	No terminal repeats	NA	1	11	0.8936	NA	1	1.7183	Viruses;Duplodnaviria;Heunggongvirae;Uroviricota;Caudoviricetes;;
k127_207111	318	No terminal repeats	NA	1	11	0.8932	NA	1	1.7183	Viruses;Duplodnaviria;Heunggongvirae;Uroviricota;Caudoviricetes;;
k127_454502	804	No terminal repeats	NA	2	11	0.8930	NA	1	2.9892	Viruses;Duplodnaviria;Heunggongvirae;Uroviricota;Caudoviricetes;;
k127_490151	322	No terminal repeats	NA	1	11	0.8925	NA	1	0.9531	Viruses;Duplodnaviria;Heunggongvirae;Uroviricota;Caudoviricetes;;
k127_258847	1045	No terminal repeats	NA	1	11	0.8924	NA	1	1.2306	Viruses;Duplodnaviria;Heunggongvirae;Uroviricota;Caudoviricetes;;
k127_265866	670	No terminal repeats	NA	1	11	0.8920	NA	1	1.7183	Viruses;Duplodnaviria;Heunggongvirae;Uroviricota;Caudoviricetes;;
k127_120655	905	No terminal repeats	NA	2	11	0.8916	NA	1	1.4493	Viruses;Duplodnaviria;Heunggongvirae;Uroviricota;Caudoviricetes;;
k127_21473	366	No terminal repeats	NA	1	11	0.8912	NA	1	1.6066	Viruses;Duplodnaviria;Heunggongvirae;Uroviricota;Caudoviricetes;;
k127_524442	1973	No terminal repeats	NA	3	4	0.8909	NA	1	1.1496	Viruses;Duplodnaviria;Heunggongvirae;Uroviricota;Caudoviricetes;;
k127_327732	595	No terminal repeats	NA	1	11	0.8908	NA	1	1.7183	Viruses;Duplodnaviria;Heunggongvirae;Uroviricota;Caudoviricetes;;
k127_525702	452	No terminal repeats	NA	1	11	0.8885	NA	1	1.7183	Viruses;Duplodnaviria;Heunggongvirae;Uroviricota;Caudoviricetes;;
k127_493756	1200	No terminal repeats	NA	1	11	0.8884	NA	1	1.7183	Viruses;Duplodnaviria;Heunggongvirae;Uroviricota;Caudoviricetes;;
k127_12808	682	No terminal repeats	NA	2	11	0.8882	NA	1	1.3388	Viruses;Duplodnaviria;Heunggongvirae;Uroviricota;Caudoviricetes;;
k127_434280	310	No terminal repeats	NA	1	11	0.8882	NA	1	1.4793	Viruses;Duplodnaviria;Heunggongvirae;Uroviricota;Caudoviricetes;;
k127_36017	444	No terminal repeats	NA	1	11	0.8872	NA	1	1.7183	Viruses;Duplodnaviria;Heunggongvirae;Uroviricota;Caudoviricetes;;Drexlerviridae
k127_297939	528	No terminal repeats	NA	1	11	0.8867	NA	1	1.4698	Viruses;Duplodnaviria;Heunggongvirae;Uroviricota;Caudoviricetes;;
k127_334795	330	No terminal repeats	NA	1	11	0.8864	NA	1	1.7183	Unclassified
k127_129363	338	No terminal repeats	NA	1	11	0.8858	NA	1	0.9867	Viruses;Duplodnaviria;Heunggongvirae;Uroviricota;Caudoviricetes;;
k127_306803	689	No terminal repeats	NA	1	11	0.8855	NA	1	1.7183	Viruses;Duplodnaviria;Heunggongvirae;Uroviricota;Caudoviricetes;;
k127_355823	321	No terminal repeats	NA	1	11	0.8844	NA	1	1.1011	Viruses;Duplodnaviria;Heunggongvirae;Uroviricota;Caudoviricetes;;
k127_314840	644	No terminal repeats	NA	1	11	0.8844	NA	1	1.7183	Viruses;Duplodnaviria;Heunggongvirae;Uroviricota;Caudoviricetes;;
k127_417045	545	No terminal repeats	NA	2	11	0.8839	NA	1	1.4866	Unclassified
k127_37079	433	No terminal repeats	NA	2	11	0.8818	NA	1	1.7183	Unclassified
k127_410269	411	No terminal repeats	NA	1	11	0.8801	NA	1	1.6317	Viruses;Duplodnaviria;Heunggongvirae;Uroviricota;Caudoviricetes;;
k127_292573	1338	No terminal repeats	NA	1	11	0.8792	NA	1	1.7183	Viruses;Duplodnaviria;Heunggongvirae;Uroviricota;Caudoviricetes;;
k127_321116	429	No terminal repeats	NA	2	11	0.8783	NA	1	1.7183	Viruses;Duplodnaviria;Heunggongvirae;Uroviricota;Caudoviricetes;;
k127_375648	320	No terminal repeats	NA	1	11	0.8780	NA	1	1.2657	Viruses;Duplodnaviria;Heunggongvirae;Uroviricota;Caudoviricetes;;
k127_324448	532	No terminal repeats	NA	1	11	0.8775	NA	1	1.7183	Viruses;Duplodnaviria;Heunggongvirae;Uroviricota;Caudoviricetes;;
k127_537457	309	No terminal repeats	NA	1	11	0.8774	NA	1	1.7183	Viruses;Duplodnaviria;Heunggongvirae;Uroviricota;Caudoviricetes;;
k127_41977	603	No terminal repeats	NA	1	11	0.8770	NA	1	1.7183	Viruses;Duplodnaviria;Heunggongvirae;Uroviricota;Caudoviricetes;;
k127_193553	303	No terminal repeats	NA	1	11	0.8769	NA	1	1.7183	Viruses;Duplodnaviria;Heunggongvirae;Uroviricota;Caudoviricetes;;
k127_348461	489	No terminal repeats	NA	1	11	0.8766	NA	1	1.7183	Viruses;Duplodnaviria;Heunggongvirae;Uroviricota;Caudoviricetes;;
k127_385240	482	No terminal repeats	NA	1	11	0.8762	NA	1	1.7183	Viruses;Duplodnaviria;Heunggongvirae;Uroviricota;Caudoviricetes;;
k127_255366	356	No terminal repeats	NA	1	11	0.8759	NA	1	1.7183	Viruses;Duplodnaviria;Heunggongvirae;Uroviricota;Caudoviricetes;;
k127_71457	708	No terminal repeats	NA	1	11	0.8753	NA	1	1.7183	Viruses;Duplodnaviria;Heunggongvirae;Uroviricota;Caudoviricetes;;
k127_132698	568	No terminal repeats	NA	2	11	0.8750	NA	1	2.8238	Viruses;Duplodnaviria;Heunggongvirae;Uroviricota;Caudoviricetes;;
k127_416744	360	No terminal repeats	NA	1	11	0.8744	NA	1	1.3806	Viruses;Duplodnaviria;Heunggongvirae;Uroviricota;Caudoviricetes;;
k127_269713	1155	No terminal repeats	NA	2	11	0.8742	NA	1	1.7183	Unclassified
k127_241196	1150	No terminal repeats	NA	1	11	0.8739	NA	1	1.4749	Viruses;Duplodnaviria;Heunggongvirae;Uroviricota;Caudoviricetes;;
k127_244745	707	No terminal repeats	NA	1	11	0.8736	NA	1	1.7183	Viruses;Duplodnaviria;Heunggongvirae;Uroviricota;Caudoviricetes;;
k127_86447	924	No terminal repeats	NA	3	11	0.8736	NA	2	2.8209	Viruses;Duplodnaviria;Heunggongvirae;Uroviricota;Caudoviricetes;;
k127_2871	663	No terminal repeats	NA	1	11	0.8734	NA	1	1.6066	Viruses;Duplodnaviria;Heunggongvirae;Uroviricota;Caudoviricetes;;
k127_136418	396	No terminal repeats	NA	1	11	0.8732	NA	1	1.4409	Viruses;Duplodnaviria;Heunggongvirae;Uroviricota;Caudoviricetes;;
k127_483435	481	No terminal repeats	NA	2	11	0.8731	NA	1	1.7183	Viruses;Duplodnaviria;Heunggongvirae;Uroviricota;Caudoviricetes;;
k127_150628	314	No terminal repeats	NA	1	11	0.8727	NA	1	1.7183	Viruses;Duplodnaviria;Heunggongvirae;Uroviricota;Caudoviricetes;;
k127_540371	308	No terminal repeats	NA	1	11	0.8726	NA	1	1.3428	Viruses;Duplodnaviria;Heunggongvirae;Uroviricota;Caudoviricetes;;
k127_330271	313	No terminal repeats	NA	1	11	0.8724	NA	1	1.3595	Viruses;Duplodnaviria;Heunggongvirae;Uroviricota;Caudoviricetes;;
k127_538193	308	No terminal repeats	NA	1	11	0.8722	NA	1	1.4357	Viruses;Duplodnaviria;Heunggongvirae;Uroviricota;Caudoviricetes;;
k127_98500	430	No terminal repeats	NA	1	11	0.8721	NA	1	1.7183	Viruses;Duplodnaviria;Heunggongvirae;Uroviricota;Caudoviricetes;;
k127_428073	559	No terminal repeats	NA	2	11	0.8717	NA	1	3.3957	Viruses;Duplodnaviria;Heunggongvirae;Uroviricota;Caudoviricetes;;
k127_318655	671	No terminal repeats	NA	1	11	0.8711	NA	1	1.7183	Viruses;Duplodnaviria;Heunggongvirae;Uroviricota;Caudoviricetes;;
k127_142549	426	No terminal repeats	NA	1	11	0.8710	NA	1	1.7183	Viruses;Duplodnaviria;Heunggongvirae;Uroviricota;Caudoviricetes;;
k127_437900	482	No terminal repeats	NA	1	11	0.8697	NA	1	1.2280	Unclassified
k127_483700	340	No terminal repeats	NA	1	11	0.8685	NA	1	1.3888	Viruses;Duplodnaviria;Heunggongvirae;Uroviricota;Caudoviricetes;;Drexlerviridae
k127_353685	320	No terminal repeats	NA	1	11	0.8685	NA	1	1.7183	Viruses;Duplodnaviria;Heunggongvirae;Uroviricota;Caudoviricetes;;Drexlerviridae
k127_43627	1597	No terminal repeats	NA	3	11	0.8679	NA	3	4.8722	Viruses;Duplodnaviria;Heunggongvirae;Uroviricota;Caudoviricetes;;
k127_122691	838	No terminal repeats	NA	1	11	0.8674	NA	1	1.7183	Viruses;Duplodnaviria;Heunggongvirae;Uroviricota;Caudoviricetes;;
k127_245456	573	No terminal repeats	NA	1	11	0.8666	NA	1	1.2306	Viruses;Duplodnaviria;Heunggongvirae;Uroviricota;Caudoviricetes;;
k127_431886	343	No terminal repeats	NA	1	11	0.8665	NA	1	1.4211	Viruses;Duplodnaviria;Heunggongvirae;Uroviricota;Caudoviricetes;;
k127_434602	456	No terminal repeats	NA	1	11	0.8658	NA	1	1.2306	Viruses;Duplodnaviria;Heunggongvirae;Uroviricota;Caudoviricetes;;
k127_250120	598	No terminal repeats	NA	1	11	0.8653	NA	1	1.7183	Viruses;Duplodnaviria;Heunggongvirae;Uroviricota;Caudoviricetes;;
k127_10964	309	No terminal repeats	NA	1	11	0.8641	NA	1	1.3867	Viruses;Duplodnaviria;Heunggongvirae;Uroviricota;Caudoviricetes;;
k127_368422	376	No terminal repeats	NA	1	11	0.8625	NA	1	1.3617	Viruses;Duplodnaviria;Heunggongvirae;Uroviricota;Caudoviricetes;;
k127_346185	588	No terminal repeats	NA	2	11	0.8615	NA	1	1.6756	Viruses;Duplodnaviria;Heunggongvirae;Uroviricota;Caudoviricetes;;
k127_122794	407	No terminal repeats	NA	2	11	0.8614	NA	1	1.4887	Viruses;Duplodnaviria;Heunggongvirae;Uroviricota;Caudoviricetes;;
k127_215454	608	No terminal repeats	NA	1	11	0.8607	NA	1	1.7183	Viruses;Duplodnaviria;Heunggongvirae;Uroviricota;Caudoviricetes;;
k127_506674	432	No terminal repeats	NA	1	11	0.8603	NA	1	1.2280	Unclassified
k127_390489	740	No terminal repeats	NA	1	11	0.8601	NA	1	1.7183	Viruses;Duplodnaviria;Heunggongvirae;Uroviricota;Caudoviricetes;;
k127_501236	2325	No terminal repeats	NA	5	11	0.8600	NA	1	2.9870	Viruses;Duplodnaviria;Heunggongvirae;Uroviricota;Caudoviricetes;;
k127_475899	587	No terminal repeats	NA	1	11	0.8596	NA	1	1.7183	Viruses;Duplodnaviria;Heunggongvirae;Uroviricota;Caudoviricetes;;
k127_539573	857	No terminal repeats	NA	1	11	0.8588	NA	1	1.7183	Viruses;Duplodnaviria;Heunggongvirae;Uroviricota;Caudoviricetes;;
k127_107361	388	No terminal repeats	NA	1	11	0.8579	NA	1	1.4357	Viruses;Duplodnaviria;Heunggongvirae;Uroviricota;Caudoviricetes;;
k127_457414	835	No terminal repeats	NA	2	11	0.8572	NA	1	3.0127	Viruses;Duplodnaviria;Heunggongvirae;Uroviricota;Caudoviricetes;;
k127_143526	424	No terminal repeats	NA	1	11	0.8563	NA	1	1.1011	Viruses;Duplodnaviria;Heunggongvirae;Uroviricota;Caudoviricetes;;
k127_544438	1810	No terminal repeats	NA	2	11	0.8559	NA	1	1.7183	Viruses;Duplodnaviria;Heunggongvirae;Uroviricota;Caudoviricetes;;
k127_7269	433	No terminal repeats	NA	2	11	0.8556	NA	1	2.6457	Viruses;Duplodnaviria;Heunggongvirae;Uroviricota;Caudoviricetes;;
k127_451290	792	No terminal repeats	NA	1	11	0.8554	NA	1	1.7183	Viruses;Duplodnaviria;Heunggongvirae;Uroviricota;Caudoviricetes;;
k127_513772	337	No terminal repeats	NA	1	11	0.8553	NA	1	1.7183	Viruses;Duplodnaviria;Heunggongvirae;Uroviricota;Caudoviricetes;;
k127_486207	456	No terminal repeats	NA	1	11	0.8551	NA	1	1.7183	Viruses;Duplodnaviria;Heunggongvirae;Uroviricota;Caudoviricetes;;
k127_428639	641	No terminal repeats	NA	1	11	0.8549	NA	1	1.7183	Viruses;Duplodnaviria;Heunggongvirae;Uroviricota;Caudoviricetes;;
k127_495057	465	No terminal repeats	NA	1	11	0.8548	NA	1	1.7183	Viruses;Duplodnaviria;Heunggongvirae;Uroviricota;Caudoviricetes;;
k127_532723	471	No terminal repeats	NA	1	11	0.8547	NA	1	1.7183	Unclassified
k127_226244	331	No terminal repeats	NA	1	11	0.8546	NA	1	1.3663	Viruses;Duplodnaviria;Heunggongvirae;Uroviricota;Caudoviricetes;;
k127_275527	322	No terminal repeats	NA	1	11	0.8528	NA	1	1.7129	Viruses;Duplodnaviria;Heunggongvirae;Uroviricota;Caudoviricetes;;
k127_338146	505	No terminal repeats	NA	1	11	0.8523	NA	1	1.7183	Viruses;Duplodnaviria;Heunggongvirae;Uroviricota;Caudoviricetes;;
k127_148736	416	No terminal repeats	NA	2	11	0.8518	NA	1	1.3996	Viruses;Duplodnaviria;Heunggongvirae;Uroviricota;Caudoviricetes;;
k127_425389	426	No terminal repeats	NA	1	11	0.8507	NA	1	1.7183	Viruses;Duplodnaviria;Heunggongvirae;Uroviricota;Caudoviricetes;;
k127_477630	797	No terminal repeats	NA	1	11	0.8492	NA	1	1.2306	Viruses;Duplodnaviria;Heunggongvirae;Uroviricota;Caudoviricetes;;
k127_62515	584	No terminal repeats	NA	1	11	0.8483	NA	1	1.2746	Viruses;Duplodnaviria;Heunggongvirae;Uroviricota;Caudoviricetes;;
k127_61092	379	No terminal repeats	NA	1	11	0.8474	NA	1	1.0834	Viruses;Duplodnaviria;Heunggongvirae;Uroviricota;Caudoviricetes;;
k127_483940	471	No terminal repeats	NA	2	11	0.8470	NA	1	1.0663	Viruses;Duplodnaviria;Heunggongvirae;Uroviricota;Caudoviricetes;;
k127_235849	643	No terminal repeats	NA	1	11	0.8465	NA	1	1.7183	Viruses;Duplodnaviria;Heunggongvirae;Uroviricota;Caudoviricetes;;
k127_93960	620	No terminal repeats	NA	1	11	0.8462	NA	1	1.7183	Viruses;Duplodnaviria;Heunggongvirae;Uroviricota;Caudoviricetes;;
k127_176272	627	No terminal repeats	NA	1	11	0.8458	NA	1	1.7183	Viruses;Duplodnaviria;Heunggongvirae;Uroviricota;Caudoviricetes;;
k127_464061	774	No terminal repeats	NA	1	11	0.8457	NA	1	1.3428	Viruses;Duplodnaviria;Heunggongvirae;Uroviricota;Caudoviricetes;;
k127_235591	326	No terminal repeats	NA	1	11	0.8454	NA	1	1.2870	Viruses;Duplodnaviria;Heunggongvirae;Uroviricota;Caudoviricetes;;
k127_2550	1170	No terminal repeats	NA	1	11	0.8449	NA	1	1.7183	Viruses;Riboviria;Orthornavirae;Pisuviricota;Duplopiviricetes;Durnavirales;Partitiviridae
k127_309588	940	No terminal repeats	NA	1	11	0.8430	NA	1	1.7183	Viruses;Duplodnaviria;Heunggongvirae;Uroviricota;Caudoviricetes;;
k127_293134	327	No terminal repeats	NA	1	11	0.8428	NA	1	1.0851	Viruses;Duplodnaviria;Heunggongvirae;Uroviricota;Caudoviricetes;;
k127_233478	398	No terminal repeats	NA	1	11	0.8420	NA	1	1.0036	Viruses;Duplodnaviria;Heunggongvirae;Uroviricota;Caudoviricetes;;
k127_183822	535	No terminal repeats	NA	1	11	0.8412	NA	1	1.6735	Viruses;Duplodnaviria;Heunggongvirae;Uroviricota;Caudoviricetes;;
k127_141426	808	No terminal repeats	NA	1	11	0.8411	NA	1	1.2306	Viruses;Duplodnaviria;Heunggongvirae;Uroviricota;Caudoviricetes;;
k127_422841	382	No terminal repeats	NA	1	11	0.8393	NA	1	1.5176	Viruses;Duplodnaviria;Heunggongvirae;Uroviricota;Caudoviricetes;;
k127_368697	885	No terminal repeats	NA	1	11	0.8393	NA	1	1.7183	Viruses;Duplodnaviria;Heunggongvirae;Uroviricota;Caudoviricetes;;
k127_277357	339	No terminal repeats	NA	1	11	0.8386	NA	1	1.3428	Viruses;Duplodnaviria;Heunggongvirae;Uroviricota;Caudoviricetes;;
k127_331384	392	No terminal repeats	NA	1	11	0.8384	NA	1	1.7183	Viruses;Duplodnaviria;Heunggongvirae;Uroviricota;Caudoviricetes;;
k127_221096	407	No terminal repeats	NA	1	11	0.8383	NA	1	1.2306	Viruses;Duplodnaviria;Heunggongvirae;Uroviricota;Caudoviricetes;;
k127_251793	1281	No terminal repeats	NA	1	11	0.8381	NA	1	1.4943	Viruses;Duplodnaviria;Heunggongvirae;Uroviricota;Caudoviricetes;;
k127_344471	346	No terminal repeats	NA	1	11	0.8380	NA	1	1.7183	Viruses;Duplodnaviria;Heunggongvirae;Uroviricota;Caudoviricetes;;
k127_92050	1044	No terminal repeats	NA	1	11	0.8378	NA	1	1.3483	Unclassified
k127_518201	410	No terminal repeats	NA	2	11	0.8376	NA	1	1.0663	Viruses;Duplodnaviria;Heunggongvirae;Uroviricota;Caudoviricetes;;
k127_506511	851	No terminal repeats	NA	1	11	0.8373	NA	1	1.3148	Viruses;Duplodnaviria;Heunggongvirae;Uroviricota;Caudoviricetes;;
k127_343599	393	No terminal repeats	NA	1	11	0.8372	NA	1	1.0036	Viruses;Duplodnaviria;Heunggongvirae;Uroviricota;Caudoviricetes;;
k127_121809	671	No terminal repeats	NA	1	11	0.8365	NA	1	1.3988	Viruses;Duplodnaviria;Heunggongvirae;Uroviricota;Caudoviricetes;;
k127_478079	471	No terminal repeats	NA	1	11	0.8364	NA	1	1.7183	Viruses;Duplodnaviria;Heunggongvirae;Uroviricota;Caudoviricetes;;
k127_431250	609	No terminal repeats	NA	2	11	0.8355	NA	1	1.3639	Viruses;Duplodnaviria;Heunggongvirae;Uroviricota;Caudoviricetes;;
k127_4454	559	No terminal repeats	NA	2	11	0.8355	NA	1	1.3380	Viruses;Duplodnaviria;Heunggongvirae;Uroviricota;Caudoviricetes;;
k127_377220	325	No terminal repeats	NA	1	11	0.8348	NA	1	1.7077	Viruses;Duplodnaviria;Heunggongvirae;Uroviricota;Caudoviricetes;;
k127_45240	454	No terminal repeats	NA	1	11	0.8330	NA	1	1.7183	Viruses;Duplodnaviria;Heunggongvirae;Uroviricota;Caudoviricetes;;
k127_389531	753	No terminal repeats	NA	1	11	0.8325	NA	1	1.2306	Viruses;Duplodnaviria;Heunggongvirae;Uroviricota;Caudoviricetes;;
k127_387018	510	No terminal repeats	NA	1	11	0.8323	NA	1	1.7183	Viruses;Duplodnaviria;Heunggongvirae;Uroviricota;Caudoviricetes;;
k127_182211	459	No terminal repeats	NA	2	11	0.8319	NA	1	1.7183	Viruses;Duplodnaviria;Heunggongvirae;Uroviricota;Caudoviricetes;;
k127_74220	582	No terminal repeats	NA	1	11	0.8312	NA	1	1.3307	Viruses;Duplodnaviria;Heunggongvirae;Uroviricota;Caudoviricetes;;
k127_215549	325	No terminal repeats	NA	1	11	0.8301	NA	1	1.7183	Viruses;Duplodnaviria;Heunggongvirae;Uroviricota;Caudoviricetes;;
k127_43900	846	No terminal repeats	NA	1	11	0.8296	NA	1	1.7183	Viruses;Duplodnaviria;Heunggongvirae;Uroviricota;Caudoviricetes;;
k127_36071	532	No terminal repeats	NA	1	11	0.8287	NA	1	1.7183	Unclassified
k127_369813	361	No terminal repeats	NA	2	11	0.8284	NA	1	1.3996	Viruses;Duplodnaviria;Heunggongvirae;Uroviricota;Caudoviricetes;;
k127_67775	502	No terminal repeats	NA	1	11	0.8266	NA	1	1.7183	Viruses;Duplodnaviria;Heunggongvirae;Uroviricota;Caudoviricetes;;
k127_449960	676	No terminal repeats	NA	1	11	0.8265	NA	1	1.7183	Viruses;Duplodnaviria;Heunggongvirae;Uroviricota;Caudoviricetes;;
k127_250687	409	No terminal repeats	NA	1	11	0.8248	NA	1	1.7183	Viruses;Duplodnaviria;Heunggongvirae;Uroviricota;Caudoviricetes;;
k127_227817	928	No terminal repeats	NA	1	11	0.8239	NA	1	1.7183	Viruses;Duplodnaviria;Heunggongvirae;Uroviricota;Caudoviricetes;;
k127_369970	735	No terminal repeats	NA	1	11	0.8226	NA	1	1.7183	Viruses;Duplodnaviria;Heunggongvirae;Uroviricota;Caudoviricetes;;
k127_282262	1416	No terminal repeats	NA	2	11	0.8226	NA	1	1.7183	Viruses;Duplodnaviria;Heunggongvirae;Uroviricota;Caudoviricetes;;
k127_328376	328	No terminal repeats	NA	1	11	0.8223	NA	1	1.4247	Viruses;Duplodnaviria;Heunggongvirae;Uroviricota;Caudoviricetes;;
k127_482417	1253	No terminal repeats	NA	1	11	0.8221	NA	1	1.2306	Viruses;Duplodnaviria;Heunggongvirae;Uroviricota;Caudoviricetes;;
k127_40240	358	No terminal repeats	NA	1	11	0.8218	NA	1	1.6734	Viruses;Duplodnaviria;Heunggongvirae;Uroviricota;Caudoviricetes;;
k127_349416	323	No terminal repeats	NA	1	11	0.8205	NA	1	1.1682	Viruses;Duplodnaviria;Heunggongvirae;Uroviricota;Caudoviricetes;;
k127_194563	537	No terminal repeats	NA	1	11	0.8205	NA	1	1.2306	Viruses;Duplodnaviria;Heunggongvirae;Uroviricota;Caudoviricetes;;
k127_391240	320	No terminal repeats	NA	1	11	0.8191	NA	1	1.2997	Viruses;Duplodnaviria;Heunggongvirae;Uroviricota;Caudoviricetes;;
k127_91102	654	No terminal repeats	NA	2	11	0.8189	NA	1	1.3816	Viruses;Duplodnaviria;Heunggongvirae;Uroviricota;Caudoviricetes;;
k127_366112	391	No terminal repeats	NA	1	11	0.8179	NA	1	1.0036	Viruses;Duplodnaviria;Heunggongvirae;Uroviricota;Caudoviricetes;;
k127_385091	359	No terminal repeats	NA	1	11	0.8177	NA	1	1.4414	Viruses;Duplodnaviria;Heunggongvirae;Uroviricota;Caudoviricetes;;
k127_236317	493	No terminal repeats	NA	1	11	0.8161	NA	1	1.6123	Viruses;Duplodnaviria;Heunggongvirae;Uroviricota;Caudoviricetes;;
k127_263122	303	No terminal repeats	NA	1	11	0.8158	NA	1	1.2847	Viruses;Duplodnaviria;Heunggongvirae;Uroviricota;Caudoviricetes;;
k127_448513	375	No terminal repeats	NA	1	11	0.8127	NA	1	1.2944	Viruses;Duplodnaviria;Heunggongvirae;Uroviricota;Caudoviricetes;;
k127_68861	1588	No terminal repeats	NA	2	11	0.8125	NA	1	1.7183	Viruses;Duplodnaviria;Heunggongvirae;Uroviricota;Caudoviricetes;;
k127_320368	491	No terminal repeats	NA	2	11	0.8124	NA	1	1.7183	Viruses;Duplodnaviria;Heunggongvirae;Uroviricota;Caudoviricetes;;
k127_163404	699	No terminal repeats	NA	1	11	0.8124	NA	1	1.7183	Viruses;Duplodnaviria;Heunggongvirae;Uroviricota;Caudoviricetes;;
k127_185822	461	No terminal repeats	NA	1	11	0.8099	NA	1	1.5049	Viruses;Duplodnaviria;Heunggongvirae;Uroviricota;Caudoviricetes;;
k127_64198	850	No terminal repeats	NA	2	11	0.8098	NA	1	1.3949	Viruses;Duplodnaviria;Heunggongvirae;Uroviricota;Caudoviricetes;;
k127_531782	643	No terminal repeats	NA	1	11	0.8096	NA	1	1.7107	Viruses;Duplodnaviria;Heunggongvirae;Uroviricota;Caudoviricetes;;
k127_319058	601	No terminal repeats	NA	1	11	0.8089	NA	1	1.7183	Viruses;Duplodnaviria;Heunggongvirae;Uroviricota;Caudoviricetes;;
k127_228361	494	No terminal repeats	NA	1	11	0.8081	NA	1	1.6756	Viruses;Duplodnaviria;Heunggongvirae;Uroviricota;Caudoviricetes;;
k127_169473	320	No terminal repeats	NA	1	11	0.8081	NA	1	1.1157	Viruses;Duplodnaviria;Heunggongvirae;Uroviricota;Caudoviricetes;;
k127_317106	464	No terminal repeats	NA	1	11	0.8053	NA	1	1.3639	Viruses;Duplodnaviria;Heunggongvirae;Uroviricota;Caudoviricetes;;
k127_432545	588	No terminal repeats	NA	1	11	0.8041	NA	1	1.3562	Viruses;Duplodnaviria;Heunggongvirae;Uroviricota;Caudoviricetes;;
k127_301613	385	No terminal repeats	NA	1	11	0.8024	NA	1	1.2306	Viruses;Duplodnaviria;Heunggongvirae;Uroviricota;Caudoviricetes;;
k127_118721	501	No terminal repeats	NA	1	11	0.8016	NA	1	1.7183	Viruses;Duplodnaviria;Heunggongvirae;Uroviricota;Caudoviricetes;;
k127_474292	802	No terminal repeats	NA	2	11	0.8010	NA	1	3.4236	Unclassified
k127_61929	330	No terminal repeats	NA	2	11	0.8010	NA	1	1.6274	Viruses;Duplodnaviria;Heunggongvirae;Uroviricota;Caudoviricetes;;
k127_22983	301	No terminal repeats	NA	1	11	0.8006	NA	1	1.3878	Viruses;Duplodnaviria;Heunggongvirae;Uroviricota;Caudoviricetes;;
k127_85830	461	No terminal repeats	NA	1	11	0.8002	NA	1	1.7183	Viruses;Duplodnaviria;Heunggongvirae;Uroviricota;Caudoviricetes;;
k127_302929	890	No terminal repeats	NA	1	11	0.8001	NA	1	1.2306	Viruses;Duplodnaviria;Heunggongvirae;Uroviricota;Caudoviricetes;;
k127_469072	339	No terminal repeats	NA	1	11	0.8000	NA	1	1.4211	Viruses;Duplodnaviria;Heunggongvirae;Uroviricota;Caudoviricetes;;
k127_542791	588	No terminal repeats	NA	1	11	0.7991	NA	1	1.1095	Unclassified
k127_443906	310	No terminal repeats	NA	1	11	0.7990	NA	1	1.3562	Viruses;Duplodnaviria;Heunggongvirae;Uroviricota;Caudoviricetes;;
k127_271945	764	No terminal repeats	NA	1	11	0.7984	NA	1	1.7183	Viruses;Duplodnaviria;Heunggongvirae;Uroviricota;Caudoviricetes;;
k127_270820	421	No terminal repeats	NA	1	11	0.7981	NA	1	1.1438	Viruses;Duplodnaviria;Heunggongvirae;Uroviricota;Caudoviricetes;;
k127_256967	418	No terminal repeats	NA	1	11	0.7972	NA	1	1.7183	Viruses;Duplodnaviria;Heunggongvirae;Uroviricota;Caudoviricetes;;
k127_189210	440	No terminal repeats	NA	1	11	0.7971	NA	1	1.7166	Viruses;Duplodnaviria;Heunggongvirae;Uroviricota;Caudoviricetes;;
k127_134415	313	No terminal repeats	NA	1	11	0.7963	NA	1	1.0639	Viruses;Duplodnaviria;Heunggongvirae;Uroviricota;Caudoviricetes;;
k127_429265	503	No terminal repeats	NA	2	11	0.7963	NA	1	1.3996	Viruses;Duplodnaviria;Heunggongvirae;Uroviricota;Caudoviricetes;;
k127_150172	591	No terminal repeats	NA	1	11	0.7951	NA	1	1.2306	Viruses;Duplodnaviria;Heunggongvirae;Uroviricota;Caudoviricetes;;
k127_247949	566	No terminal repeats	NA	2	11	0.7945	NA	1	1.4137	Viruses;Duplodnaviria;Heunggongvirae;Uroviricota;Caudoviricetes;;
k127_384409	418	No terminal repeats	NA	2	11	0.7944	NA	1	1.4414	Viruses;Duplodnaviria;Heunggongvirae;Uroviricota;Caudoviricetes;;
k127_57760	581	No terminal repeats	NA	2	11	0.7943	NA	1	1.7183	Viruses;Duplodnaviria;Heunggongvirae;Uroviricota;Caudoviricetes;;
k127_526843	850	No terminal repeats	NA	1	11	0.7919	NA	1	1.2306	Viruses;Duplodnaviria;Heunggongvirae;Uroviricota;Caudoviricetes;;
k127_81651	754	No terminal repeats	NA	2	11	0.7908	NA	1	1.7183	Unclassified
k127_89480	1095	No terminal repeats	NA	2	11	0.7900	NA	1	1.6039	Viruses;Duplodnaviria;Heunggongvirae;Uroviricota;Caudoviricetes;;
k127_152795	335	No terminal repeats	NA	1	11	0.7900	NA	1	1.3562	Viruses;Duplodnaviria;Heunggongvirae;Uroviricota;Caudoviricetes;;
k127_287044	1430	No terminal repeats	NA	2	11	0.7899	NA	1	1.5292	Viruses;Duplodnaviria;Heunggongvirae;Uroviricota;Caudoviricetes;;
k127_357185	310	No terminal repeats	NA	1	11	0.7897	NA	1	1.3595	Viruses;Duplodnaviria;Heunggongvirae;Uroviricota;Caudoviricetes;;
k127_371972	587	No terminal repeats	NA	1	11	0.7897	NA	1	1.6734	Viruses;Duplodnaviria;Heunggongvirae;Uroviricota;Caudoviricetes;;
k127_77501	322	No terminal repeats	NA	1	11	0.7886	NA	1	1.3595	Viruses;Duplodnaviria;Heunggongvirae;Uroviricota;Caudoviricetes;;
k127_168152	2047	No terminal repeats	NA	3	11	0.7877	NA	1	1.6993	Unclassified
k127_507897	794	No terminal repeats	NA	2	11	0.7876	NA	1	1.7183	Viruses;Duplodnaviria;Heunggongvirae;Uroviricota;Caudoviricetes;;
k127_533175	423	No terminal repeats	NA	1	11	0.7860	NA	1	1.2306	Viruses;Duplodnaviria;Heunggongvirae;Uroviricota;Caudoviricetes;;
k127_305260	440	No terminal repeats	NA	1	11	0.7855	NA	1	1.0036	Viruses;Duplodnaviria;Heunggongvirae;Uroviricota;Caudoviricetes;;
k127_14949	388	No terminal repeats	NA	1	11	0.7849	NA	1	1.0722	Viruses;Duplodnaviria;Heunggongvirae;Uroviricota;Caudoviricetes;;
k127_76891	358	No terminal repeats	NA	1	11	0.7848	NA	1	1.0036	Viruses;Duplodnaviria;Heunggongvirae;Uroviricota;Caudoviricetes;;
k127_116146	2335	No terminal repeats	NA	1	11	0.7838	NA	1	1.7107	Viruses;Duplodnaviria;Heunggongvirae;Uroviricota;Caudoviricetes;;
k127_180585	582	No terminal repeats	NA	1	11	0.7834	NA	1	1.6734	Viruses;Duplodnaviria;Heunggongvirae;Uroviricota;Caudoviricetes;;
k127_217492	841	No terminal repeats	NA	1	11	0.7826	NA	1	1.7183	Viruses;Duplodnaviria;Heunggongvirae;Uroviricota;Caudoviricetes;;Drexlerviridae
k127_168792	1019	No terminal repeats	NA	3	11	0.7822	NA	1	3.3447	Viruses;Duplodnaviria;Heunggongvirae;Uroviricota;Caudoviricetes;;
k127_74222	363	No terminal repeats	NA	1	11	0.7822	NA	1	1.2802	Viruses;Duplodnaviria;Heunggongvirae;Uroviricota;Caudoviricetes;;
k127_317187	307	No terminal repeats	NA	1	11	0.7808	NA	1	1.2126	Viruses;Duplodnaviria;Heunggongvirae;Uroviricota;Caudoviricetes;;
k127_206163	1173	No terminal repeats	NA	1	11	0.7808	NA	1	1.7183	Viruses;Duplodnaviria;Heunggongvirae;Uroviricota;Caudoviricetes;;
k127_465323	303	No terminal repeats	NA	1	11	0.7784	NA	1	1.4720	Unclassified
k127_455887	575	No terminal repeats	NA	2	11	0.7783	NA	2	3.3149	Viruses;Duplodnaviria;Heunggongvirae;Uroviricota;Caudoviricetes;;
k127_296190	429	No terminal repeats	NA	1	11	0.7783	NA	1	1.6469	Viruses;Duplodnaviria;Heunggongvirae;Uroviricota;Caudoviricetes;;
k127_337689	518	No terminal repeats	NA	2	11	0.7774	NA	1	1.7183	Viruses;Duplodnaviria;Heunggongvirae;Uroviricota;Caudoviricetes;;
k127_308476	463	No terminal repeats	NA	1	11	0.7773	NA	1	1.3878	Viruses;Duplodnaviria;Heunggongvirae;Uroviricota;Caudoviricetes;;
k127_481127	319	No terminal repeats	NA	1	11	0.7771	NA	1	1.6734	Viruses;Duplodnaviria;Heunggongvirae;Uroviricota;Caudoviricetes;;
k127_498935	974	No terminal repeats	NA	3	11	0.7763	NA	1	1.4352	Viruses;Duplodnaviria;Heunggongvirae;Uroviricota;Caudoviricetes;;
k127_522529	448	No terminal repeats	NA	1	11	0.7762	NA	1	1.7107	Viruses;Duplodnaviria;Heunggongvirae;Uroviricota;Caudoviricetes;;
k127_394104	579	No terminal repeats	NA	1	11	0.7759	NA	1	1.3168	Viruses;Duplodnaviria;Heunggongvirae;Uroviricota;Caudoviricetes;;
k127_86723	334	No terminal repeats	NA	1	11	0.7741	NA	1	0.5916	Viruses;Varidnaviria;Bamfordvirae;Preplasmiviricota;Tectiliviricetes;Kalamavirales;Tectiviridae
k127_392814	392	No terminal repeats	NA	1	11	0.7739	NA	1	1.1682	Viruses;Duplodnaviria;Heunggongvirae;Uroviricota;Caudoviricetes;;
k127_42991	822	No terminal repeats	NA	1	11	0.7732	NA	1	1.7183	Viruses;Duplodnaviria;Heunggongvirae;Uroviricota;Caudoviricetes;;
k127_512297	336	No terminal repeats	NA	1	11	0.7729	NA	1	1.2271	Viruses;Duplodnaviria;Heunggongvirae;Uroviricota;Caudoviricetes;;
k127_483549	1054	No terminal repeats	NA	2	11	0.7716	NA	1	1.3070	Viruses;Duplodnaviria;Heunggongvirae;Uroviricota;Caudoviricetes;;
k127_229567	415	No terminal repeats	NA	1	11	0.7716	NA	1	1.3070	Viruses;Duplodnaviria;Heunggongvirae;Uroviricota;Caudoviricetes;;
k127_430713	318	No terminal repeats	NA	1	11	0.7708	NA	1	1.3562	Viruses;Duplodnaviria;Heunggongvirae;Uroviricota;Caudoviricetes;;
k127_366287	796	No terminal repeats	NA	1	11	0.7699	NA	1	1.7183	Viruses;Duplodnaviria;Heunggongvirae;Uroviricota;Caudoviricetes;;
k127_207230	669	No terminal repeats	NA	2	11	0.7698	NA	1	1.2306	Viruses;Duplodnaviria;Heunggongvirae;Uroviricota;Caudoviricetes;;
k127_515659	1247	No terminal repeats	NA	1	11	0.7698	NA	1	1.7183	Viruses;Duplodnaviria;Heunggongvirae;Uroviricota;Caudoviricetes;;
k127_303975	338	No terminal repeats	NA	1	11	0.7696	NA	1	1.1826	Unclassified
k127_6019	978	No terminal repeats	NA	2	11	0.7694	NA	1	1.7183	Unclassified
k127_480676	486	No terminal repeats	NA	2	11	0.7669	NA	1	0.9531	Viruses;Duplodnaviria;Heunggongvirae;Uroviricota;Caudoviricetes;;
k127_545137	1794	No terminal repeats	NA	3	11	0.7668	NA	1	2.3562	Viruses;Duplodnaviria;Heunggongvirae;Uroviricota;Caudoviricetes;;
k127_346193	336	No terminal repeats	NA	1	11	0.7664	NA	1	1.6730	Viruses;Duplodnaviria;Heunggongvirae;Uroviricota;Caudoviricetes;;
k127_357189	357	No terminal repeats	NA	1	11	0.7639	NA	1	1.3070	Viruses;Duplodnaviria;Heunggongvirae;Uroviricota;Caudoviricetes;;
k127_511233	517	No terminal repeats	NA	1	11	0.7637	NA	1	1.1328	Viruses;Duplodnaviria;Heunggongvirae;Uroviricota;Caudoviricetes;;
k127_205488	2596	No terminal repeats	NA	4	11	0.7617	NA	0	2.7766	Unclassified
k127_239071	528	No terminal repeats	NA	1	11	0.7609	NA	1	1.7183	Viruses;Duplodnaviria;Heunggongvirae;Uroviricota;Caudoviricetes;;
k127_398653	873	No terminal repeats	NA	1	11	0.7609	NA	1	1.7183	Viruses;Duplodnaviria;Heunggongvirae;Uroviricota;Caudoviricetes;;
k127_78895	331	No terminal repeats	NA	1	11	0.7607	NA	1	1.2934	Viruses;Duplodnaviria;Heunggongvirae;Uroviricota;Caudoviricetes;;
k127_377355	443	No terminal repeats	NA	1	11	0.7601	NA	1	1.2167	Viruses;Duplodnaviria;Heunggongvirae;Uroviricota;Caudoviricetes;;
k127_264541	388	No terminal repeats	NA	1	11	0.7595	NA	1	1.6902	Viruses;Duplodnaviria;Heunggongvirae;Uroviricota;Caudoviricetes;;
k127_525877	689	No terminal repeats	NA	1	11	0.7566	NA	1	1.7183	Viruses;Duplodnaviria;Heunggongvirae;Uroviricota;Caudoviricetes;;
k127_507777	344	No terminal repeats	NA	1	11	0.7558	NA	1	1.4720	Unclassified
k127_19002	318	No terminal repeats	NA	1	11	0.7529	NA	1	1.2277	Viruses;Duplodnaviria;Heunggongvirae;Uroviricota;Caudoviricetes;;
k127_267771	348	No terminal repeats	NA	1	11	0.7527	NA	1	1.0569	Viruses;Duplodnaviria;Heunggongvirae;Uroviricota;Caudoviricetes;;
k127_469606	1126	No terminal repeats	NA	2	11	0.7526	NA	1	2.3259	Viruses;Duplodnaviria;Heunggongvirae;Uroviricota;Caudoviricetes;;
k127_399797	662	No terminal repeats	NA	1	11	0.7516	NA	1	1.7160	Unclassified
k127_471672	450	No terminal repeats	NA	1	11	0.7509	NA	1	1.6416	Viruses;Duplodnaviria;Heunggongvirae;Uroviricota;Caudoviricetes;;
k127_427897	729	No terminal repeats	NA	2	11	0.7498	NA	1	1.7183	Viruses;Duplodnaviria;Heunggongvirae;Uroviricota;Caudoviricetes;;
k127_466539	769	No terminal repeats	NA	1	11	0.7498	NA	1	1.6818	Viruses;Duplodnaviria;Heunggongvirae;Uroviricota;Caudoviricetes;;
k127_4279	383	No terminal repeats	NA	1	11	0.7488	NA	1	1.3562	Viruses;Duplodnaviria;Heunggongvirae;Uroviricota;Caudoviricetes;;
k127_469610	335	No terminal repeats	NA	1	11	0.7479	NA	1	1.3878	Viruses;Duplodnaviria;Heunggongvirae;Uroviricota;Caudoviricetes;;
k127_130366	320	No terminal repeats	NA	1	11	0.7448	NA	1	1.6623	Viruses;Duplodnaviria;Heunggongvirae;Uroviricota;Caudoviricetes;;
k127_23480	657	No terminal repeats	NA	1	11	0.7444	NA	1	1.3428	Viruses;Duplodnaviria;Heunggongvirae;Uroviricota;Caudoviricetes;;
k127_535868	424	No terminal repeats	NA	1	11	0.7441	NA	1	1.1773	Viruses;Duplodnaviria;Heunggongvirae;Uroviricota;Caudoviricetes;;
k127_353426	305	No terminal repeats	NA	1	11	0.7429	NA	1	1.4764	Viruses;Duplodnaviria;Heunggongvirae;Uroviricota;Caudoviricetes;;
k127_176184	379	No terminal repeats	NA	1	11	0.7427	NA	1	1.3181	Viruses;Duplodnaviria;Heunggongvirae;Uroviricota;Caudoviricetes;;
k127_48630	371	No terminal repeats	NA	1	11	0.7422	NA	1	1.4494	Viruses;Duplodnaviria;Heunggongvirae;Uroviricota;Caudoviricetes;;
k127_314935	416	No terminal repeats	NA	1	11	0.7421	NA	1	1.2934	Viruses;Duplodnaviria;Heunggongvirae;Uroviricota;Caudoviricetes;;
k127_128348	428	No terminal repeats	NA	1	11	0.7420	NA	1	1.3816	Viruses;Duplodnaviria;Heunggongvirae;Uroviricota;Caudoviricetes;;
k127_368264	428	No terminal repeats	NA	1	11	0.7419	NA	1	1.6924	Viruses;Duplodnaviria;Heunggongvirae;Uroviricota;Caudoviricetes;;
k127_186613	320	No terminal repeats	NA	1	11	0.7417	NA	1	1.2802	Viruses;Duplodnaviria;Heunggongvirae;Uroviricota;Caudoviricetes;;
k127_252859	2814	No terminal repeats	NA	2	11	0.7411	NA	0	1.7183	Viruses;Duplodnaviria;Heunggongvirae;Uroviricota;Caudoviricetes;;
k127_332870	336	No terminal repeats	NA	1	11	0.7398	NA	1	1.2944	Viruses;Duplodnaviria;Heunggongvirae;Uroviricota;Caudoviricetes;;
k127_484170	1861	No terminal repeats	NA	2	11	0.7378	NA	1	1.5062	Viruses;Duplodnaviria;Heunggongvirae;Uroviricota;Caudoviricetes;;
k127_364455	308	No terminal repeats	NA	1	11	0.7377	NA	1	1.3523	Viruses;Duplodnaviria;Heunggongvirae;Uroviricota;Caudoviricetes;;
k127_452148	440	No terminal repeats	NA	2	11	0.7376	NA	1	1.3996	Viruses;Duplodnaviria;Heunggongvirae;Uroviricota;Caudoviricetes;;
k127_456112	2583	No terminal repeats	NA	2	11	0.7359	NA	0	0.0000	Unclassified
k127_168003	866	No terminal repeats	NA	1	11	0.7356	NA	1	1.3070	Viruses;Duplodnaviria;Heunggongvirae;Uroviricota;Caudoviricetes;;
k127_365121	426	No terminal repeats	NA	1	11	0.7318	NA	1	1.6407	Viruses;Duplodnaviria;Heunggongvirae;Uroviricota;Caudoviricetes;;
k127_544232	795	No terminal repeats	NA	1	11	0.7316	NA	1	1.7183	Viruses;Duplodnaviria;Heunggongvirae;Uroviricota;Caudoviricetes;;
k127_143741	787	No terminal repeats	NA	2	11	0.7314	NA	1	1.7183	Viruses;Duplodnaviria;Heunggongvirae;Uroviricota;Caudoviricetes;;Drexlerviridae
k127_138427	658	No terminal repeats	NA	1	11	0.7299	NA	1	1.7183	Viruses;Duplodnaviria;Heunggongvirae;Uroviricota;Caudoviricetes;;
k127_277094	307	No terminal repeats	NA	1	11	0.7285	NA	1	1.6734	Viruses;Duplodnaviria;Heunggongvirae;Uroviricota;Caudoviricetes;;
k127_471274	425	No terminal repeats	NA	2	11	0.7272	NA	1	1.6793	Viruses;Duplodnaviria;Heunggongvirae;Uroviricota;Caudoviricetes;;
k127_322007	600	No terminal repeats	NA	1	11	0.7259	NA	1	1.3875	Viruses;Duplodnaviria;Heunggongvirae;Uroviricota;Caudoviricetes;;
k127_512181	425	No terminal repeats	NA	1	11	0.7257	NA	1	1.6938	Viruses;Duplodnaviria;Heunggongvirae;Uroviricota;Caudoviricetes;;
k127_533277	1154	No terminal repeats	NA	4	11	0.7243	NA	1	1.6804	Viruses;Duplodnaviria;Heunggongvirae;Uroviricota;Caudoviricetes;;
k127_16398	541	No terminal repeats	NA	1	11	0.7241	NA	1	1.2306	Viruses;Duplodnaviria;Heunggongvirae;Uroviricota;Caudoviricetes;;
k127_223989	388	No terminal repeats	NA	1	11	0.7234	NA	1	1.1011	Viruses;Duplodnaviria;Heunggongvirae;Uroviricota;Caudoviricetes;;
k127_309719	373	No terminal repeats	NA	1	11	0.7213	NA	1	1.6734	Viruses;Duplodnaviria;Heunggongvirae;Uroviricota;Caudoviricetes;;
k127_59317	488	No terminal repeats	NA	1	11	0.7200	NA	1	1.0036	Viruses;Duplodnaviria;Heunggongvirae;Uroviricota;Caudoviricetes;;
k127_40983	1248	No terminal repeats	NA	1	11	0.7196	NA	1	1.7183	Viruses;Duplodnaviria;Heunggongvirae;Uroviricota;Caudoviricetes;;
k127_290503	412	No terminal repeats	NA	1	15	0.7178	NA	1	1.7148	Viruses;Duplodnaviria;Heunggongvirae;Uroviricota;Caudoviricetes;;
k127_192405	314	No terminal repeats	NA	1	11	0.7177	NA	1	1.3562	Viruses;Duplodnaviria;Heunggongvirae;Uroviricota;Caudoviricetes;;
k127_124081	360	No terminal repeats	NA	1	11	0.7172	NA	1	1.7118	Viruses;Duplodnaviria;Heunggongvirae;Uroviricota;Caudoviricetes;;
k127_523741	336	No terminal repeats	NA	1	11	0.7163	NA	1	1.0834	Viruses;Duplodnaviria;Heunggongvirae;Uroviricota;Caudoviricetes;;
k127_424141	724	No terminal repeats	NA	1	11	0.7156	NA	1	1.0036	Viruses;Duplodnaviria;Heunggongvirae;Uroviricota;Caudoviricetes;;
k127_238492	689	No terminal repeats	NA	1	11	0.7153	NA	1	1.4119	Viruses;Duplodnaviria;Heunggongvirae;Uroviricota;Caudoviricetes;;
k127_93196	693	No terminal repeats	NA	1	11	0.7138	NA	1	1.7183	Viruses;Duplodnaviria;Heunggongvirae;Uroviricota;Caudoviricetes;;
k127_369236	357	No terminal repeats	NA	1	11	0.7130	NA	1	1.7173	Viruses;Duplodnaviria;Heunggongvirae;Uroviricota;Caudoviricetes;;
k127_133061	480	No terminal repeats	NA	1	11	0.7107	NA	1	1.2938	Viruses;Duplodnaviria;Heunggongvirae;Uroviricota;Caudoviricetes;;
k127_308643	946	No terminal repeats	NA	2	11	0.7105	NA	1	1.7183	Viruses;Duplodnaviria;Heunggongvirae;Uroviricota;Caudoviricetes;;
k127_187294	343	No terminal repeats	NA	2	11	0.7095	NA	1	1.4880	Viruses;Duplodnaviria;Heunggongvirae;Uroviricota;Caudoviricetes;;
k127_514627	1383	No terminal repeats	NA	2	11	0.7070	NA	1	1.7183	Viruses;Duplodnaviria;Heunggongvirae;Uroviricota;Caudoviricetes;;
k127_343331	372	No terminal repeats	NA	1	11	0.7070	NA	1	1.3504	Viruses;Duplodnaviria;Heunggongvirae;Uroviricota;Caudoviricetes;;
k127_403570	451	No terminal repeats	NA	1	11	0.7054	NA	1	1.3308	Viruses;Duplodnaviria;Heunggongvirae;Uroviricota;Caudoviricetes;;
k127_375219	558	No terminal repeats	NA	2	11	0.7049	NA	1	2.2748	Viruses;Duplodnaviria;Heunggongvirae;Uroviricota;Caudoviricetes;;
k127_445451	348	No terminal repeats	NA	2	11	0.7045	NA	1	1.6774	Viruses;Duplodnaviria;Heunggongvirae;Uroviricota;Caudoviricetes;;
k127_540049	997	No terminal repeats	NA	1	11	0.7028	NA	1	1.2306	Viruses;Duplodnaviria;Heunggongvirae;Uroviricota;Caudoviricetes;;
k127_204760	559	No terminal repeats	NA	1	11	0.7008	NA	1	1.2442	Viruses;Duplodnaviria;Heunggongvirae;Uroviricota;Caudoviricetes;;
