seq_name	length	topology	coordinates	n_genes	genetic_code	virus_score	fdr	n_hallmarks	marker_enrichment	taxonomy
k127_114873	5774	No terminal repeats	NA	8	11	0.9824	NA	2	10.3097	Viruses;Monodnaviria;Sangervirae;Phixviricota;Malgrandaviricetes;Petitvirales;Microviridae
k127_161745	700	No terminal repeats	NA	1	11	0.9701	NA	1	1.7183	Viruses;Duplodnaviria;Heunggongvirae;Uroviricota;Caudoviricetes;;
k127_83691	2575	No terminal repeats	NA	4	11	0.9669	NA	0	4.9298	Viruses;Duplodnaviria;Heunggongvirae;Uroviricota;Caudoviricetes;;
k127_15407	618	No terminal repeats	NA	1	11	0.9648	NA	1	1.5971	Viruses;Duplodnaviria;Heunggongvirae;Uroviricota;Caudoviricetes;;
k127_196079	368	No terminal repeats	NA	1	11	0.9637	NA	1	1.7183	Unclassified
k127_202207	312	No terminal repeats	NA	1	11	0.9621	NA	1	1.7183	Viruses;Duplodnaviria;Heunggongvirae;Uroviricota;Caudoviricetes;;
k127_134153	336	No terminal repeats	NA	1	11	0.9613	NA	1	1.7183	Viruses;Duplodnaviria;Heunggongvirae;Uroviricota;Caudoviricetes;;Zobellviridae
k127_260320	526	No terminal repeats	NA	1	11	0.9594	NA	1	1.7183	Viruses;Duplodnaviria;Heunggongvirae;Uroviricota;Caudoviricetes;;
k127_5170	371	No terminal repeats	NA	1	11	0.9592	NA	1	1.7183	Viruses;Duplodnaviria;Heunggongvirae;Uroviricota;Caudoviricetes;;
k127_164786	342	No terminal repeats	NA	1	11	0.9588	NA	1	1.7183	Viruses;Duplodnaviria;Heunggongvirae;Uroviricota;Caudoviricetes;;
k127_174161	340	No terminal repeats	NA	2	11	0.9572	NA	1	1.7183	Viruses;Duplodnaviria;Heunggongvirae;Uroviricota;Caudoviricetes;;
k127_6297	385	No terminal repeats	NA	1	11	0.9559	NA	1	1.7183	Viruses;Duplodnaviria;Heunggongvirae;Uroviricota;Caudoviricetes;;
k127_85141	309	No terminal repeats	NA	1	11	0.9546	NA	1	1.7183	Viruses;Duplodnaviria;Heunggongvirae;Uroviricota;Caudoviricetes;;
k127_62396	347	No terminal repeats	NA	1	11	0.9544	NA	1	1.5968	Viruses;Duplodnaviria;Heunggongvirae;Uroviricota;Caudoviricetes;;
k127_144940	449	No terminal repeats	NA	1	11	0.9542	NA	1	1.4749	Viruses;Duplodnaviria;Heunggongvirae;Uroviricota;Caudoviricetes;;
k127_144357	519	No terminal repeats	NA	1	11	0.9529	NA	1	1.7183	Viruses;Duplodnaviria;Heunggongvirae;Uroviricota;Caudoviricetes;;
k127_144944	455	No terminal repeats	NA	1	11	0.9526	NA	1	1.7183	Viruses;Riboviria;Orthornavirae;Pisuviricota;Duplopiviricetes;Durnavirales;Partitiviridae
k127_265913	301	No terminal repeats	NA	1	11	0.9514	NA	1	1.7183	Viruses;Duplodnaviria;Heunggongvirae;Uroviricota;Caudoviricetes;;
k127_237864	470	No terminal repeats	NA	1	11	0.9512	NA	1	1.7183	Viruses;Duplodnaviria;Heunggongvirae;Uroviricota;Caudoviricetes;;
k127_78254	1097	No terminal repeats	NA	3	11	0.9512	NA	1	3.1103	Viruses;Duplodnaviria;Heunggongvirae;Uroviricota;Caudoviricetes;;
k127_134533	360	No terminal repeats	NA	1	11	0.9511	NA	1	1.7183	Viruses;Duplodnaviria;Heunggongvirae;Uroviricota;Caudoviricetes;;
k127_51429	358	No terminal repeats	NA	1	11	0.9501	NA	1	1.4698	Viruses;Duplodnaviria;Heunggongvirae;Uroviricota;Caudoviricetes;;
k127_268259	358	No terminal repeats	NA	1	11	0.9499	NA	1	1.7183	Viruses;Duplodnaviria;Heunggongvirae;Uroviricota;Caudoviricetes;;
k127_124964	436	No terminal repeats	NA	1	11	0.9496	NA	1	1.7183	Viruses;Duplodnaviria;Heunggongvirae;Uroviricota;Caudoviricetes;;Drexlerviridae
k127_53425	468	No terminal repeats	NA	1	11	0.9494	NA	1	1.7183	Viruses;Duplodnaviria;Heunggongvirae;Uroviricota;Caudoviricetes;;Drexlerviridae
k127_43156	322	No terminal repeats	NA	1	11	0.9493	NA	1	1.7183	Viruses;Duplodnaviria;Heunggongvirae;Uroviricota;Caudoviricetes;;
k127_47939	632	No terminal repeats	NA	1	11	0.9477	NA	1	1.7183	Viruses;Duplodnaviria;Heunggongvirae;Uroviricota;Caudoviricetes;;
k127_143612	418	No terminal repeats	NA	1	11	0.9455	NA	1	1.7183	Viruses;Duplodnaviria;Heunggongvirae;Uroviricota;Caudoviricetes;;
k127_247444	366	No terminal repeats	NA	1	11	0.9447	NA	1	1.6094	Viruses;Duplodnaviria;Heunggongvirae;Uroviricota;Caudoviricetes;;
k127_243993	382	No terminal repeats	NA	1	11	0.9446	NA	1	1.7183	Unclassified
k127_160514	489	No terminal repeats	NA	1	11	0.9431	NA	1	1.7183	Viruses;Duplodnaviria;Heunggongvirae;Uroviricota;Caudoviricetes;;
k127_39999	426	No terminal repeats	NA	1	11	0.9419	NA	1	1.7183	Viruses;Duplodnaviria;Heunggongvirae;Uroviricota;Caudoviricetes;;
k127_66462	460	No terminal repeats	NA	1	11	0.9415	NA	1	1.7183	Viruses;Duplodnaviria;Heunggongvirae;Uroviricota;Caudoviricetes;;
k127_52602	412	No terminal repeats	NA	1	11	0.9410	NA	1	1.7183	Viruses;Duplodnaviria;Heunggongvirae;Uroviricota;Caudoviricetes;;
k127_184608	347	No terminal repeats	NA	2	11	0.9399	NA	1	2.5884	Viruses;Duplodnaviria;Heunggongvirae;Uroviricota;Caudoviricetes;;
k127_36974	373	No terminal repeats	NA	2	11	0.9398	NA	1	3.4366	Viruses;Duplodnaviria;Heunggongvirae;Uroviricota;Caudoviricetes;;
k127_37253	403	No terminal repeats	NA	1	11	0.9395	NA	1	1.7183	Viruses;Duplodnaviria;Heunggongvirae;Uroviricota;Caudoviricetes;;
k127_141100	314	No terminal repeats	NA	1	11	0.9387	NA	1	1.7183	Viruses;Duplodnaviria;Heunggongvirae;Uroviricota;Caudoviricetes;;
k127_204430	336	No terminal repeats	NA	1	11	0.9372	NA	1	1.7183	Viruses;Duplodnaviria;Heunggongvirae;Uroviricota;Caudoviricetes;;
k127_26897	365	No terminal repeats	NA	1	11	0.9359	NA	1	1.7183	Viruses;Duplodnaviria;Heunggongvirae;Uroviricota;Caudoviricetes;;Drexlerviridae
k127_269035	340	No terminal repeats	NA	1	11	0.9345	NA	1	1.7183	Viruses;Duplodnaviria;Heunggongvirae;Uroviricota;Caudoviricetes;;
k127_266088	304	No terminal repeats	NA	1	11	0.9344	NA	1	1.7183	Viruses;Duplodnaviria;Heunggongvirae;Uroviricota;Caudoviricetes;;
k127_209045	506	No terminal repeats	NA	1	11	0.9323	NA	1	1.7183	Viruses;Duplodnaviria;Heunggongvirae;Uroviricota;Caudoviricetes;;
k127_155299	1498	No terminal repeats	NA	1	11	0.9314	NA	1	1.7183	Viruses;Duplodnaviria;Heunggongvirae;Uroviricota;Caudoviricetes;;Drexlerviridae
k127_212561	364	No terminal repeats	NA	1	11	0.9312	NA	1	1.7183	Viruses;Duplodnaviria;Heunggongvirae;Uroviricota;Caudoviricetes;;
k127_153771	550	No terminal repeats	NA	1	11	0.9284	NA	1	1.5202	Viruses;Duplodnaviria;Heunggongvirae;Uroviricota;Caudoviricetes;;
k127_222518	398	No terminal repeats	NA	1	11	0.9282	NA	1	1.4595	Viruses;Duplodnaviria;Heunggongvirae;Uroviricota;Caudoviricetes;;
k127_9061	439	No terminal repeats	NA	1	11	0.9275	NA	1	1.7183	Viruses;Duplodnaviria;Heunggongvirae;Uroviricota;Caudoviricetes;;
k127_63716	323	No terminal repeats	NA	1	11	0.9268	NA	1	1.7183	Unclassified
k127_2813	314	No terminal repeats	NA	1	11	0.9255	NA	1	1.2277	Viruses;Duplodnaviria;Heunggongvirae;Uroviricota;Caudoviricetes;;
k127_208627	497	No terminal repeats	NA	1	11	0.9255	NA	1	1.7183	Viruses;Duplodnaviria;Heunggongvirae;Uroviricota;Caudoviricetes;;
k127_76421	365	No terminal repeats	NA	1	11	0.9250	NA	1	1.7183	Unclassified
k127_213698	312	No terminal repeats	NA	1	11	0.9243	NA	1	1.4749	Viruses;Duplodnaviria;Heunggongvirae;Uroviricota;Caudoviricetes;;
k127_59153	309	No terminal repeats	NA	1	11	0.9236	NA	1	1.7183	Viruses;Duplodnaviria;Heunggongvirae;Uroviricota;Caudoviricetes;;
k127_15722	363	No terminal repeats	NA	1	11	0.9235	NA	1	1.7183	Viruses;Duplodnaviria;Heunggongvirae;Uroviricota;Caudoviricetes;;
k127_253823	793	No terminal repeats	NA	2	11	0.9233	NA	1	1.7183	Viruses;Duplodnaviria;Heunggongvirae;Uroviricota;Caudoviricetes;;
k127_162473	435	No terminal repeats	NA	2	11	0.9229	NA	1	3.0495	Viruses;Duplodnaviria;Heunggongvirae;Uroviricota;Caudoviricetes;;
k127_171122	476	No terminal repeats	NA	1	11	0.9222	NA	1	1.7183	Viruses;Duplodnaviria;Heunggongvirae;Uroviricota;Caudoviricetes;;Drexlerviridae
k127_61726	1984	No terminal repeats	NA	7	11	0.9220	NA	1	3.0578	Viruses;Duplodnaviria;Heunggongvirae;Uroviricota;Caudoviricetes;;
k127_13074	313	No terminal repeats	NA	1	11	0.9218	NA	1	1.7183	Viruses;Duplodnaviria;Heunggongvirae;Uroviricota;Caudoviricetes;;
k127_270991	367	No terminal repeats	NA	1	11	0.9214	NA	1	1.4699	Viruses;Duplodnaviria;Heunggongvirae;Uroviricota;Caudoviricetes;;
k127_191346	488	No terminal repeats	NA	1	11	0.9212	NA	1	1.7183	Viruses;Duplodnaviria;Heunggongvirae;Uroviricota;Caudoviricetes;;
k127_208920	426	No terminal repeats	NA	1	11	0.9204	NA	1	1.5978	Viruses;Duplodnaviria;Heunggongvirae;Uroviricota;Caudoviricetes;;
k127_228238	318	No terminal repeats	NA	1	11	0.9203	NA	1	1.4137	Viruses;Duplodnaviria;Heunggongvirae;Uroviricota;Caudoviricetes;;
k127_250519	313	No terminal repeats	NA	1	11	0.9181	NA	1	1.2277	Viruses;Duplodnaviria;Heunggongvirae;Uroviricota;Caudoviricetes;;
k127_146375	362	No terminal repeats	NA	1	11	0.9175	NA	1	1.7183	Unclassified
k127_183599	333	No terminal repeats	NA	1	11	0.9170	NA	1	1.4698	Viruses;Duplodnaviria;Heunggongvirae;Uroviricota;Caudoviricetes;;
k127_253685	376	No terminal repeats	NA	1	11	0.9168	NA	1	1.7183	Viruses;Duplodnaviria;Heunggongvirae;Uroviricota;Caudoviricetes;;
k127_232224	580	No terminal repeats	NA	2	11	0.9158	NA	1	2.6762	Viruses;Duplodnaviria;Heunggongvirae;Uroviricota;Caudoviricetes;;
k127_204575	394	No terminal repeats	NA	1	11	0.9153	NA	1	1.4211	Viruses;Duplodnaviria;Heunggongvirae;Uroviricota;Caudoviricetes;;
k127_38055	704	No terminal repeats	NA	1	11	0.9148	NA	1	1.7183	Viruses;Duplodnaviria;Heunggongvirae;Uroviricota;Caudoviricetes;;
k127_117016	395	No terminal repeats	NA	1	11	0.9143	NA	1	1.7183	Unclassified
k127_208963	1793	No terminal repeats	NA	2	11	0.9137	NA	2	3.0041	Viruses;Duplodnaviria;Heunggongvirae;Uroviricota;Caudoviricetes;;
k127_233254	520	No terminal repeats	NA	2	11	0.9100	NA	1	2.7935	Viruses;Duplodnaviria;Heunggongvirae;Uroviricota;Caudoviricetes;;
k127_205331	323	No terminal repeats	NA	1	11	0.9092	NA	1	1.2442	Viruses;Duplodnaviria;Heunggongvirae;Uroviricota;Caudoviricetes;;
k127_6680	324	No terminal repeats	NA	1	11	0.9085	NA	1	1.4211	Viruses;Duplodnaviria;Heunggongvirae;Uroviricota;Caudoviricetes;;
k127_87523	943	No terminal repeats	NA	3	11	0.9071	NA	1	3.4366	Unclassified
k127_124940	553	No terminal repeats	NA	1	11	0.9067	NA	1	1.7183	Viruses;Duplodnaviria;Heunggongvirae;Uroviricota;Caudoviricetes;;
k127_160037	783	No terminal repeats	NA	2	11	0.9063	NA	1	3.1778	Viruses;Duplodnaviria;Heunggongvirae;Uroviricota;Caudoviricetes;;
k127_230253	585	No terminal repeats	NA	1	11	0.9055	NA	1	1.4749	Viruses;Duplodnaviria;Heunggongvirae;Uroviricota;Caudoviricetes;;
k127_190365	333	No terminal repeats	NA	1	11	0.9048	NA	1	1.7183	Viruses;Duplodnaviria;Heunggongvirae;Uroviricota;Caudoviricetes;;
k127_156983	314	No terminal repeats	NA	1	11	0.9042	NA	1	1.3272	Viruses;Duplodnaviria;Heunggongvirae;Uroviricota;Caudoviricetes;;
k127_13722	542	No terminal repeats	NA	1	11	0.9037	NA	1	1.7183	Viruses;Duplodnaviria;Heunggongvirae;Uroviricota;Caudoviricetes;;
k127_182547	323	No terminal repeats	NA	2	11	0.9033	NA	1	1.4493	Viruses;Duplodnaviria;Heunggongvirae;Uroviricota;Caudoviricetes;;
k127_175356	906	No terminal repeats	NA	1	11	0.9025	NA	1	1.7183	Viruses;Duplodnaviria;Heunggongvirae;Uroviricota;Caudoviricetes;;
k127_155000	358	No terminal repeats	NA	1	11	0.9004	NA	1	1.7183	Unclassified
k127_169210	327	No terminal repeats	NA	1	11	0.8994	NA	1	1.4506	Viruses;Duplodnaviria;Heunggongvirae;Uroviricota;Caudoviricetes;;
k127_172230	344	No terminal repeats	NA	1	11	0.8988	NA	1	1.2847	Viruses;Duplodnaviria;Heunggongvirae;Uroviricota;Caudoviricetes;;
k127_175448	662	No terminal repeats	NA	1	11	0.8986	NA	1	1.7183	Viruses;Duplodnaviria;Heunggongvirae;Uroviricota;Caudoviricetes;;
k127_57711	621	No terminal repeats	NA	2	11	0.8984	NA	2	2.8209	Viruses;Duplodnaviria;Heunggongvirae;Uroviricota;Caudoviricetes;;
k127_210745	383	No terminal repeats	NA	1	11	0.8983	NA	1	1.7183	Viruses;Duplodnaviria;Heunggongvirae;Uroviricota;Caudoviricetes;;
k127_200932	325	No terminal repeats	NA	2	11	0.8981	NA	1	1.7183	Unclassified
k127_12169	307	No terminal repeats	NA	1	11	0.8978	NA	1	1.2290	Viruses;Duplodnaviria;Heunggongvirae;Uroviricota;Caudoviricetes;;
k127_65412	1494	No terminal repeats	NA	2	11	0.8976	NA	2	2.9711	Viruses;Duplodnaviria;Heunggongvirae;Uroviricota;Caudoviricetes;;
k127_62737	309	No terminal repeats	NA	1	11	0.8974	NA	1	1.0036	Viruses;Duplodnaviria;Heunggongvirae;Uroviricota;Caudoviricetes;;
k127_223414	736	No terminal repeats	NA	1	11	0.8970	NA	1	1.7183	Viruses;Duplodnaviria;Heunggongvirae;Uroviricota;Caudoviricetes;;
k127_144677	357	No terminal repeats	NA	1	11	0.8959	NA	1	1.7183	Viruses;Duplodnaviria;Heunggongvirae;Uroviricota;Caudoviricetes;;
k127_65586	501	No terminal repeats	NA	1	11	0.8956	NA	1	1.7183	Viruses;Duplodnaviria;Heunggongvirae;Uroviricota;Caudoviricetes;;
k127_98148	332	No terminal repeats	NA	1	11	0.8935	NA	1	1.7183	Viruses;Duplodnaviria;Heunggongvirae;Uroviricota;Caudoviricetes;;
k127_64970	310	No terminal repeats	NA	1	11	0.8892	NA	1	1.2277	Viruses;Duplodnaviria;Heunggongvirae;Uroviricota;Caudoviricetes;;
k127_205335	321	No terminal repeats	NA	1	11	0.8888	NA	1	1.7183	Viruses;Duplodnaviria;Heunggongvirae;Uroviricota;Caudoviricetes;;
k127_159405	564	No terminal repeats	NA	1	11	0.8887	NA	1	1.7183	Viruses;Duplodnaviria;Heunggongvirae;Uroviricota;Caudoviricetes;;
k127_67130	528	No terminal repeats	NA	2	11	0.8880	NA	1	1.4880	Viruses;Duplodnaviria;Heunggongvirae;Uroviricota;Caudoviricetes;;
k127_34343	466	No terminal repeats	NA	1	11	0.8865	NA	1	1.7183	Viruses;Duplodnaviria;Heunggongvirae;Uroviricota;Caudoviricetes;;
k127_144055	622	No terminal repeats	NA	1	11	0.8864	NA	1	1.4595	Viruses;Duplodnaviria;Heunggongvirae;Uroviricota;Caudoviricetes;;
k127_134840	319	No terminal repeats	NA	2	11	0.8859	NA	1	1.7183	Viruses;Duplodnaviria;Heunggongvirae;Uroviricota;Caudoviricetes;;
k127_210992	942	No terminal repeats	NA	1	11	0.8857	NA	1	1.2306	Viruses;Duplodnaviria;Heunggongvirae;Uroviricota;Caudoviricetes;;
k127_262771	1402	No terminal repeats	NA	1	11	0.8855	NA	1	1.7183	Viruses;Riboviria;Orthornavirae;Kitrinoviricota;Magsaviricetes;Nodamuvirales;Nodaviridae
k127_12309	376	No terminal repeats	NA	1	11	0.8851	NA	1	1.4749	Viruses;Duplodnaviria;Heunggongvirae;Uroviricota;Caudoviricetes;;
k127_52954	343	No terminal repeats	NA	1	11	0.8838	NA	1	1.7183	Viruses;Duplodnaviria;Heunggongvirae;Uroviricota;Caudoviricetes;;
k127_258876	460	No terminal repeats	NA	1	11	0.8830	NA	1	1.4749	Viruses;Duplodnaviria;Heunggongvirae;Uroviricota;Caudoviricetes;;
k127_58381	318	No terminal repeats	NA	1	11	0.8826	NA	1	1.3404	Unclassified
k127_44355	493	No terminal repeats	NA	1	11	0.8819	NA	1	1.7183	Viruses;Duplodnaviria;Heunggongvirae;Uroviricota;Caudoviricetes;;
k127_213343	310	No terminal repeats	NA	1	11	0.8800	NA	1	1.4211	Unclassified
k127_13425	813	No terminal repeats	NA	1	11	0.8800	NA	1	1.7183	Viruses;Duplodnaviria;Heunggongvirae;Uroviricota;Caudoviricetes;;
k127_149965	755	No terminal repeats	NA	3	11	0.8798	NA	1	4.7553	Viruses;Duplodnaviria;Heunggongvirae;Uroviricota;Caudoviricetes;;
k127_19543	695	No terminal repeats	NA	1	11	0.8784	NA	1	1.7183	Viruses;Duplodnaviria;Heunggongvirae;Uroviricota;Caudoviricetes;;
k127_170749	465	No terminal repeats	NA	1	11	0.8767	NA	1	1.2306	Viruses;Duplodnaviria;Heunggongvirae;Uroviricota;Caudoviricetes;;
k127_81686	457	No terminal repeats	NA	1	11	0.8759	NA	1	1.7183	Viruses;Duplodnaviria;Heunggongvirae;Uroviricota;Caudoviricetes;;
k127_164776	431	No terminal repeats	NA	1	11	0.8718	NA	1	1.7183	Viruses;Duplodnaviria;Heunggongvirae;Uroviricota;Caudoviricetes;;
k127_270963	352	No terminal repeats	NA	1	11	0.8709	NA	1	1.3963	Viruses;Duplodnaviria;Heunggongvirae;Uroviricota;Caudoviricetes;;
k127_168377	503	No terminal repeats	NA	1	11	0.8709	NA	1	1.7183	Viruses;Duplodnaviria;Heunggongvirae;Uroviricota;Caudoviricetes;;Drexlerviridae
k127_17444	1242	No terminal repeats	NA	2	11	0.8693	NA	1	3.4366	Viruses;Duplodnaviria;Heunggongvirae;Uroviricota;Caudoviricetes;;
k127_148178	893	No terminal repeats	NA	1	11	0.8686	NA	1	1.2306	Viruses;Duplodnaviria;Heunggongvirae;Uroviricota;Caudoviricetes;;
k127_159401	452	No terminal repeats	NA	1	11	0.8677	NA	1	1.7183	Unclassified
k127_211268	327	No terminal repeats	NA	1	11	0.8673	NA	1	1.7183	Viruses;Duplodnaviria;Heunggongvirae;Uroviricota;Caudoviricetes;;
k127_220267	573	No terminal repeats	NA	1	11	0.8666	NA	1	1.4764	Viruses;Duplodnaviria;Heunggongvirae;Uroviricota;Caudoviricetes;;
k127_127512	332	No terminal repeats	NA	2	11	0.8646	NA	1	1.1387	Viruses;Duplodnaviria;Heunggongvirae;Uroviricota;Caudoviricetes;;
k127_120501	352	No terminal repeats	NA	1	11	0.8633	NA	1	1.2881	Viruses;Duplodnaviria;Heunggongvirae;Uroviricota;Caudoviricetes;;
k127_208396	419	No terminal repeats	NA	1	11	0.8628	NA	1	1.3168	Viruses;Duplodnaviria;Heunggongvirae;Uroviricota;Caudoviricetes;;
k127_96360	456	No terminal repeats	NA	1	11	0.8625	NA	1	1.5272	Viruses;Duplodnaviria;Heunggongvirae;Uroviricota;Caudoviricetes;;
k127_197033	331	No terminal repeats	NA	1	11	0.8622	NA	1	1.2802	Viruses;Duplodnaviria;Heunggongvirae;Uroviricota;Caudoviricetes;;
k127_2151	563	No terminal repeats	NA	1	11	0.8606	NA	1	1.7183	Viruses;Duplodnaviria;Heunggongvirae;Uroviricota;Caudoviricetes;;
k127_120223	664	No terminal repeats	NA	2	11	0.8602	NA	2	3.0267	Viruses;Duplodnaviria;Heunggongvirae;Uroviricota;Caudoviricetes;;
k127_190348	342	No terminal repeats	NA	1	11	0.8598	NA	1	1.4764	Viruses;Duplodnaviria;Heunggongvirae;Uroviricota;Caudoviricetes;;
k127_112767	1350	No terminal repeats	NA	1	11	0.8598	NA	1	1.2306	Viruses;Duplodnaviria;Heunggongvirae;Uroviricota;Caudoviricetes;;
k127_113232	613	No terminal repeats	NA	1	11	0.8573	NA	1	1.7183	Viruses;Duplodnaviria;Heunggongvirae;Uroviricota;Caudoviricetes;;
k127_103459	874	No terminal repeats	NA	1	11	0.8555	NA	1	1.7183	Viruses;Duplodnaviria;Heunggongvirae;Uroviricota;Caudoviricetes;;
k127_72063	452	No terminal repeats	NA	1	11	0.8555	NA	1	1.5541	Viruses;Duplodnaviria;Heunggongvirae;Uroviricota;Caudoviricetes;;
k127_143555	348	No terminal repeats	NA	1	11	0.8545	NA	1	1.3121	Viruses;Duplodnaviria;Heunggongvirae;Uroviricota;Caudoviricetes;;
k127_104016	359	No terminal repeats	NA	1	11	0.8544	NA	1	1.4764	Viruses;Duplodnaviria;Heunggongvirae;Uroviricota;Caudoviricetes;;
k127_145772	465	No terminal repeats	NA	1	11	0.8536	NA	1	1.7183	Viruses;Duplodnaviria;Heunggongvirae;Uroviricota;Caudoviricetes;;
k127_117936	581	No terminal repeats	NA	1	11	0.8530	NA	1	1.2934	Viruses;Duplodnaviria;Heunggongvirae;Uroviricota;Caudoviricetes;;
k127_64533	408	No terminal repeats	NA	1	11	0.8526	NA	1	1.7183	Viruses;Duplodnaviria;Heunggongvirae;Uroviricota;Caudoviricetes;;
k127_70294	585	No terminal repeats	NA	1	11	0.8518	NA	1	1.1892	Viruses;Duplodnaviria;Heunggongvirae;Uroviricota;Caudoviricetes;;
k127_67321	556	No terminal repeats	NA	1	11	0.8515	NA	1	1.7183	Viruses;Duplodnaviria;Heunggongvirae;Uroviricota;Caudoviricetes;;
k127_58813	506	No terminal repeats	NA	1	11	0.8500	NA	1	1.7183	Viruses;Duplodnaviria;Heunggongvirae;Uroviricota;Caudoviricetes;;
k127_26819	476	No terminal repeats	NA	1	11	0.8495	NA	1	1.7183	Unclassified
k127_148531	481	No terminal repeats	NA	1	11	0.8488	NA	1	1.7183	Viruses;Duplodnaviria;Heunggongvirae;Uroviricota;Caudoviricetes;;
k127_41343	643	No terminal repeats	NA	1	11	0.8484	NA	1	1.7082	Viruses;Duplodnaviria;Heunggongvirae;Uroviricota;Caudoviricetes;;
k127_16449	415	No terminal repeats	NA	1	11	0.8472	NA	1	1.7183	Unclassified
k127_196528	1188	No terminal repeats	NA	1	11	0.8432	NA	1	1.7183	Viruses;Duplodnaviria;Heunggongvirae;Uroviricota;Caudoviricetes;;
k127_12096	382	No terminal repeats	NA	1	11	0.8424	NA	1	1.7077	Viruses;Duplodnaviria;Heunggongvirae;Uroviricota;Caudoviricetes;;
k127_94003	319	No terminal repeats	NA	1	11	0.8415	NA	1	1.4073	Viruses;Duplodnaviria;Heunggongvirae;Uroviricota;Caudoviricetes;;
k127_31231	581	No terminal repeats	NA	3	11	0.8409	NA	1	1.1262	Viruses;Duplodnaviria;Heunggongvirae;Uroviricota;Caudoviricetes;;
k127_128129	318	No terminal repeats	NA	1	11	0.8408	NA	1	1.4880	Viruses;Duplodnaviria;Heunggongvirae;Uroviricota;Caudoviricetes;;
k127_199524	1220	No terminal repeats	NA	1	11	0.8406	NA	1	1.7183	Viruses;Duplodnaviria;Heunggongvirae;Uroviricota;Caudoviricetes;;
k127_251568	538	No terminal repeats	NA	1	11	0.8400	NA	1	1.2306	Viruses;Duplodnaviria;Heunggongvirae;Uroviricota;Caudoviricetes;;
k127_12318	349	No terminal repeats	NA	1	11	0.8399	NA	1	0.9531	Viruses;Duplodnaviria;Heunggongvirae;Uroviricota;Caudoviricetes;;
k127_131909	975	No terminal repeats	NA	2	11	0.8395	NA	1	1.7183	Viruses;Duplodnaviria;Heunggongvirae;Uroviricota;Caudoviricetes;;
k127_84276	587	No terminal repeats	NA	1	11	0.8386	NA	1	1.7183	Viruses;Duplodnaviria;Heunggongvirae;Uroviricota;Caudoviricetes;;
k127_239510	384	No terminal repeats	NA	2	11	0.8379	NA	1	1.7057	Viruses;Duplodnaviria;Heunggongvirae;Uroviricota;Caudoviricetes;;
k127_32612	374	No terminal repeats	NA	2	11	0.8377	NA	1	1.1262	Viruses;Duplodnaviria;Heunggongvirae;Uroviricota;Caudoviricetes;;
k127_52900	698	No terminal repeats	NA	1	11	0.8361	NA	1	1.7183	Viruses;Duplodnaviria;Heunggongvirae;Uroviricota;Caudoviricetes;;
k127_10326	391	No terminal repeats	NA	2	11	0.8348	NA	1	1.2934	Viruses;Duplodnaviria;Heunggongvirae;Uroviricota;Caudoviricetes;;
k127_179812	418	No terminal repeats	NA	1	11	0.8332	NA	1	1.3562	Viruses;Duplodnaviria;Heunggongvirae;Uroviricota;Caudoviricetes;;
k127_239655	747	No terminal repeats	NA	1	11	0.8331	NA	1	1.3070	Viruses;Duplodnaviria;Heunggongvirae;Uroviricota;Caudoviricetes;;
k127_151383	378	No terminal repeats	NA	1	11	0.8288	NA	1	1.4764	Viruses;Duplodnaviria;Heunggongvirae;Uroviricota;Caudoviricetes;;
k127_241759	766	No terminal repeats	NA	3	11	0.8284	NA	1	1.1262	Viruses;Duplodnaviria;Heunggongvirae;Uroviricota;Caudoviricetes;;
k127_260545	871	No terminal repeats	NA	2	11	0.8247	NA	1	1.4900	Viruses;Duplodnaviria;Heunggongvirae;Uroviricota;Caudoviricetes;;
k127_57980	583	No terminal repeats	NA	1	11	0.8220	NA	1	1.7183	Viruses;Duplodnaviria;Heunggongvirae;Uroviricota;Caudoviricetes;;
k127_255153	639	No terminal repeats	NA	1	11	0.8214	NA	1	1.2306	Viruses;Duplodnaviria;Heunggongvirae;Uroviricota;Caudoviricetes;;
k127_265973	834	No terminal repeats	NA	1	11	0.8209	NA	1	1.7183	Viruses;Duplodnaviria;Heunggongvirae;Uroviricota;Caudoviricetes;;
k127_165733	356	No terminal repeats	NA	1	11	0.8201	NA	1	1.7090	Viruses;Duplodnaviria;Heunggongvirae;Uroviricota;Caudoviricetes;;
k127_20378	867	No terminal repeats	NA	1	11	0.8190	NA	1	1.7183	Viruses;Duplodnaviria;Heunggongvirae;Uroviricota;Caudoviricetes;;
k127_62633	361	No terminal repeats	NA	1	11	0.8188	NA	1	1.4211	Viruses;Duplodnaviria;Heunggongvirae;Uroviricota;Caudoviricetes;;
k127_253716	340	No terminal repeats	NA	1	11	0.8180	NA	1	1.3181	Viruses;Duplodnaviria;Heunggongvirae;Uroviricota;Caudoviricetes;;
k127_145634	609	No terminal repeats	NA	1	11	0.8178	NA	1	1.7183	Viruses;Duplodnaviria;Heunggongvirae;Uroviricota;Caudoviricetes;;
k127_271274	482	No terminal repeats	NA	2	11	0.8174	NA	1	1.0256	Viruses;Duplodnaviria;Heunggongvirae;Uroviricota;Caudoviricetes;;
k127_53696	930	No terminal repeats	NA	1	11	0.8158	NA	1	1.7183	Viruses;Duplodnaviria;Heunggongvirae;Uroviricota;Caudoviricetes;;
k127_6230	348	No terminal repeats	NA	1	11	0.8156	NA	1	1.3608	Viruses;Duplodnaviria;Heunggongvirae;Uroviricota;Caudoviricetes;;Straboviridae
k127_102677	451	No terminal repeats	NA	2	11	0.8144	NA	1	1.7183	Viruses;Duplodnaviria;Heunggongvirae;Uroviricota;Caudoviricetes;;
k127_41692	342	No terminal repeats	NA	1	11	0.8137	NA	1	1.7090	Viruses;Duplodnaviria;Heunggongvirae;Uroviricota;Caudoviricetes;;
k127_159877	643	No terminal repeats	NA	1	11	0.8101	NA	1	1.2306	Viruses;Duplodnaviria;Heunggongvirae;Uroviricota;Caudoviricetes;;
k127_125829	839	No terminal repeats	NA	1	11	0.8096	NA	1	1.2306	Viruses;Duplodnaviria;Heunggongvirae;Uroviricota;Caudoviricetes;;
k127_218723	404	No terminal repeats	NA	1	11	0.8078	NA	1	1.6756	Viruses;Duplodnaviria;Heunggongvirae;Uroviricota;Caudoviricetes;;
k127_106880	849	No terminal repeats	NA	2	11	0.8074	NA	1	1.7183	Viruses;Duplodnaviria;Heunggongvirae;Uroviricota;Caudoviricetes;;
k127_978	855	No terminal repeats	NA	1	11	0.8070	NA	1	1.4749	Viruses;Duplodnaviria;Heunggongvirae;Uroviricota;Caudoviricetes;;
k127_271133	1113	No terminal repeats	NA	2	11	0.8047	NA	1	1.7183	Viruses;Duplodnaviria;Heunggongvirae;Uroviricota;Caudoviricetes;;
k127_51311	330	No terminal repeats	NA	1	11	0.8024	NA	1	1.1229	Viruses;Duplodnaviria;Heunggongvirae;Uroviricota;Caudoviricetes;;
k127_145653	517	No terminal repeats	NA	1	11	0.8015	NA	1	1.7183	Viruses;Duplodnaviria;Heunggongvirae;Uroviricota;Caudoviricetes;;
k127_210134	572	No terminal repeats	NA	3	11	0.8009	NA	1	1.1867	Viruses;Duplodnaviria;Heunggongvirae;Uroviricota;Caudoviricetes;;
k127_187373	354	No terminal repeats	NA	1	11	0.8006	NA	1	1.2290	Viruses;Duplodnaviria;Heunggongvirae;Uroviricota;Caudoviricetes;;
k127_3246	350	No terminal repeats	NA	1	11	0.7982	NA	1	1.3562	Viruses;Duplodnaviria;Heunggongvirae;Uroviricota;Caudoviricetes;;
k127_147166	572	No terminal repeats	NA	1	11	0.7978	NA	1	1.2306	Viruses;Duplodnaviria;Heunggongvirae;Uroviricota;Caudoviricetes;;
k127_122031	641	No terminal repeats	NA	1	11	0.7974	NA	1	1.4119	Viruses;Duplodnaviria;Heunggongvirae;Uroviricota;Caudoviricetes;;
k127_160923	358	No terminal repeats	NA	1	11	0.7948	NA	1	1.2944	Viruses;Duplodnaviria;Heunggongvirae;Uroviricota;Caudoviricetes;;
k127_252341	372	No terminal repeats	NA	1	11	0.7946	NA	1	1.4025	Unclassified
k127_79385	309	No terminal repeats	NA	1	11	0.7915	NA	1	1.4057	Viruses;Duplodnaviria;Heunggongvirae;Uroviricota;Caudoviricetes;;
k127_160835	516	No terminal repeats	NA	1	11	0.7898	NA	1	1.7183	Viruses;Riboviria;Orthornavirae;;;;
k127_243031	358	No terminal repeats	NA	1	11	0.7894	NA	1	1.6909	Unclassified
k127_60402	654	No terminal repeats	NA	1	11	0.7886	NA	1	1.7183	Viruses;Duplodnaviria;Heunggongvirae;Uroviricota;Caudoviricetes;;
k127_47330	687	No terminal repeats	NA	1	11	0.7869	NA	1	1.4113	Viruses;Duplodnaviria;Heunggongvirae;Uroviricota;Caudoviricetes;;
k127_60741	424	No terminal repeats	NA	1	11	0.7865	NA	1	1.1262	Viruses;Duplodnaviria;Heunggongvirae;Uroviricota;Caudoviricetes;;
k127_62091	520	No terminal repeats	NA	1	11	0.7853	NA	1	1.7183	Viruses;Duplodnaviria;Heunggongvirae;Uroviricota;Caudoviricetes;;
k127_129794	637	No terminal repeats	NA	1	11	0.7848	NA	1	1.2306	Viruses;Duplodnaviria;Heunggongvirae;Uroviricota;Caudoviricetes;;
k127_145466	899	No terminal repeats	NA	3	11	0.7843	NA	1	1.7136	Viruses;Duplodnaviria;Heunggongvirae;Uroviricota;Caudoviricetes;;
k127_268659	381	No terminal repeats	NA	2	11	0.7834	NA	1	1.2944	Viruses;Duplodnaviria;Heunggongvirae;Uroviricota;Caudoviricetes;;
k127_213629	672	No terminal repeats	NA	2	11	0.7818	NA	1	3.2383	Viruses;Duplodnaviria;Heunggongvirae;Uroviricota;Caudoviricetes;;
k127_43768	335	No terminal repeats	NA	1	11	0.7803	NA	1	1.7097	Viruses;Duplodnaviria;Heunggongvirae;Uroviricota;Caudoviricetes;;
k127_238462	329	No terminal repeats	NA	1	11	0.7789	NA	1	1.4483	Viruses;Duplodnaviria;Heunggongvirae;Uroviricota;Caudoviricetes;;
k127_201831	850	No terminal repeats	NA	1	11	0.7744	NA	1	1.2306	Viruses;Duplodnaviria;Heunggongvirae;Uroviricota;Caudoviricetes;;
k127_207536	507	No terminal repeats	NA	1	11	0.7720	NA	1	1.4880	Viruses;Duplodnaviria;Heunggongvirae;Uroviricota;Caudoviricetes;;
k127_3950	757	No terminal repeats	NA	3	11	0.7719	NA	1	2.9985	Viruses;Duplodnaviria;Heunggongvirae;Uroviricota;Caudoviricetes;;
k127_3470	871	No terminal repeats	NA	1	11	0.7706	NA	1	1.7183	Viruses;Duplodnaviria;Heunggongvirae;Uroviricota;Caudoviricetes;;
k127_88734	314	No terminal repeats	NA	1	11	0.7705	NA	1	1.6924	Viruses;Duplodnaviria;Heunggongvirae;Uroviricota;Caudoviricetes;;
k127_84461	764	No terminal repeats	NA	1	11	0.7705	NA	1	1.7183	Viruses;Duplodnaviria;Heunggongvirae;Uroviricota;Caudoviricetes;;
k127_133368	490	No terminal repeats	NA	2	11	0.7703	NA	1	1.3639	Viruses;Duplodnaviria;Heunggongvirae;Uroviricota;Caudoviricetes;;
k127_49620	413	No terminal repeats	NA	1	11	0.7698	NA	1	1.7020	Viruses;Duplodnaviria;Heunggongvirae;Uroviricota;Caudoviricetes;;
k127_258880	385	No terminal repeats	NA	1	11	0.7698	NA	1	1.3829	Viruses;Duplodnaviria;Heunggongvirae;Uroviricota;Caudoviricetes;;
k127_165361	357	No terminal repeats	NA	1	11	0.7693	NA	1	1.0834	Viruses;Duplodnaviria;Heunggongvirae;Uroviricota;Caudoviricetes;;
k127_48028	327	No terminal repeats	NA	1	11	0.7665	NA	1	1.1157	Viruses;Duplodnaviria;Heunggongvirae;Uroviricota;Caudoviricetes;;
k127_260047	693	No terminal repeats	NA	1	11	0.7662	NA	1	1.4880	Viruses;Duplodnaviria;Heunggongvirae;Uroviricota;Caudoviricetes;;
k127_229379	866	No terminal repeats	NA	2	11	0.7648	NA	1	1.7183	Viruses;Duplodnaviria;Heunggongvirae;Uroviricota;Caudoviricetes;;
k127_243635	1120	No terminal repeats	NA	3	11	0.7640	NA	1	2.7935	Viruses;Duplodnaviria;Heunggongvirae;Uroviricota;Caudoviricetes;;
k127_49228	399	No terminal repeats	NA	1	11	0.7627	NA	1	1.7129	Viruses;Duplodnaviria;Heunggongvirae;Uroviricota;Caudoviricetes;;
k127_124191	1130	No terminal repeats	NA	2	11	0.7617	NA	1	1.3894	Viruses;Duplodnaviria;Heunggongvirae;Uroviricota;Caudoviricetes;;
k127_110381	406	No terminal repeats	NA	1	11	0.7600	NA	1	1.2847	Viruses;Duplodnaviria;Heunggongvirae;Uroviricota;Caudoviricetes;;
k127_186520	380	No terminal repeats	NA	2	11	0.7598	NA	1	1.3996	Viruses;Duplodnaviria;Heunggongvirae;Uroviricota;Caudoviricetes;;
k127_203514	752	No terminal repeats	NA	1	11	0.7575	NA	1	1.7183	Viruses;Duplodnaviria;Heunggongvirae;Uroviricota;Caudoviricetes;;
k127_19179	369	No terminal repeats	NA	1	11	0.7533	NA	1	1.2442	Viruses;Duplodnaviria;Heunggongvirae;Uroviricota;Caudoviricetes;;
k127_246434	312	No terminal repeats	NA	2	11	0.7526	NA	1	1.7183	Unclassified
k127_189338	1005	No terminal repeats	NA	1	11	0.7498	NA	1	1.7183	Viruses;Duplodnaviria;Heunggongvirae;Uroviricota;Caudoviricetes;;
k127_203500	394	No terminal repeats	NA	1	11	0.7479	NA	1	1.3139	Viruses;Duplodnaviria;Heunggongvirae;Uroviricota;Caudoviricetes;;
k127_178314	307	No terminal repeats	NA	1	11	0.7467	NA	1	1.6804	Viruses;Duplodnaviria;Heunggongvirae;Uroviricota;Caudoviricetes;;
k127_265185	795	No terminal repeats	NA	1	11	0.7466	NA	1	1.6407	Viruses;Duplodnaviria;Heunggongvirae;Uroviricota;Caudoviricetes;;
k127_197314	305	No terminal repeats	NA	1	11	0.7448	NA	1	1.4880	Viruses;Duplodnaviria;Heunggongvirae;Uroviricota;Caudoviricetes;;
k127_108096	730	No terminal repeats	NA	2	11	0.7443	NA	1	1.4595	Viruses;Duplodnaviria;Heunggongvirae;Uroviricota;Caudoviricetes;;
k127_121599	544	No terminal repeats	NA	2	11	0.7427	NA	1	1.7183	Unclassified
k127_99002	2329	No terminal repeats	NA	3	11	0.7384	NA	1	1.7183	Viruses;Riboviria;Orthornavirae;Pisuviricota;Stelpaviricetes;Patatavirales;Potyviridae
k127_236046	492	No terminal repeats	NA	1	11	0.7346	NA	1	1.7183	Viruses;Duplodnaviria;Heunggongvirae;Uroviricota;Caudoviricetes;;
k127_15015	378	No terminal repeats	NA	1	11	0.7318	NA	1	1.3595	Viruses;Duplodnaviria;Heunggongvirae;Uroviricota;Caudoviricetes;;
k127_251594	328	No terminal repeats	NA	1	11	0.7289	NA	1	1.6245	Viruses;Duplodnaviria;Heunggongvirae;Uroviricota;Caudoviricetes;;
k127_196638	775	No terminal repeats	NA	1	11	0.7273	NA	1	1.2306	Viruses;Duplodnaviria;Heunggongvirae;Uroviricota;Caudoviricetes;;
k127_221569	1060	No terminal repeats	NA	1	11	0.7209	NA	1	1.2306	Viruses;Duplodnaviria;Heunggongvirae;Uroviricota;Caudoviricetes;;
k127_101499	520	No terminal repeats	NA	2	11	0.7198	NA	1	0.9531	Viruses;Duplodnaviria;Heunggongvirae;Uroviricota;Caudoviricetes;;
k127_229651	515	No terminal repeats	NA	1	11	0.7159	NA	1	1.3483	Unclassified
k127_146272	301	No terminal repeats	NA	1	11	0.7158	NA	1	1.5481	Viruses;Duplodnaviria;Heunggongvirae;Uroviricota;Caudoviricetes;;
k127_32294	408	No terminal repeats	NA	1	11	0.7154	NA	1	1.6730	Viruses;Duplodnaviria;Heunggongvirae;Uroviricota;Caudoviricetes;;
k127_164673	967	No terminal repeats	NA	2	11	0.7105	NA	1	1.2306	Viruses;Duplodnaviria;Heunggongvirae;Uroviricota;Caudoviricetes;;
k127_181772	342	No terminal repeats	NA	1	11	0.7104	NA	1	1.1499	Viruses;Duplodnaviria;Heunggongvirae;Uroviricota;Caudoviricetes;;
k127_74072	1900	No terminal repeats	NA	4	11	0.7095	NA	1	1.7183	Unclassified
k127_175044	413	No terminal repeats	NA	1	11	0.7059	NA	1	1.6734	Viruses;Duplodnaviria;Heunggongvirae;Uroviricota;Caudoviricetes;;
k127_251423	351	No terminal repeats	NA	1	11	0.7040	NA	1	1.2474	Viruses;Duplodnaviria;Heunggongvirae;Uroviricota;Caudoviricetes;;
k127_120415	644	No terminal repeats	NA	1	11	0.7022	NA	1	1.7136	Viruses;Duplodnaviria;Heunggongvirae;Uroviricota;Caudoviricetes;;
k127_256124	333	No terminal repeats	NA	1	11	0.7012	NA	1	1.6734	Viruses;Duplodnaviria;Heunggongvirae;Uroviricota;Caudoviricetes;;
