seq_name	length	topology	coordinates	n_genes	genetic_code	virus_score	fdr	n_hallmarks	marker_enrichment	taxonomy
k127_404131	392	No terminal repeats	NA	1	11	0.9682	NA	1	1.7183	Viruses;Monodnaviria;Sangervirae;Phixviricota;Malgrandaviricetes;Petitvirales;Microviridae
k127_926539	413	No terminal repeats	NA	1	11	0.9636	NA	1	1.7183	Viruses;Duplodnaviria;Heunggongvirae;Uroviricota;Caudoviricetes;;
k127_479692	416	No terminal repeats	NA	1	11	0.9622	NA	1	1.7183	Viruses;Duplodnaviria;Heunggongvirae;Uroviricota;Caudoviricetes;;
k127_751796	368	No terminal repeats	NA	1	11	0.9616	NA	1	1.7183	Viruses;Duplodnaviria;Heunggongvirae;Uroviricota;Caudoviricetes;;
k127_218652	321	No terminal repeats	NA	1	11	0.9594	NA	1	1.7183	Viruses;Duplodnaviria;Heunggongvirae;Uroviricota;Caudoviricetes;;
k127_570695	469	No terminal repeats	NA	1	11	0.9587	NA	1	1.7183	Viruses;Duplodnaviria;Heunggongvirae;Uroviricota;Caudoviricetes;;
k127_425606	1146	No terminal repeats	NA	1	11	0.9584	NA	1	1.7183	Viruses;Riboviria;Orthornavirae;Pisuviricota;Duplopiviricetes;Durnavirales;Partitiviridae
k127_90216	327	No terminal repeats	NA	1	11	0.9580	NA	1	1.7183	Viruses;Duplodnaviria;Heunggongvirae;Uroviricota;Caudoviricetes;;
k127_594270	390	No terminal repeats	NA	1	11	0.9579	NA	1	1.7183	Viruses;Duplodnaviria;Heunggongvirae;Uroviricota;Caudoviricetes;;
k127_782808	315	No terminal repeats	NA	1	11	0.9549	NA	1	1.7183	Viruses;Duplodnaviria;Heunggongvirae;Uroviricota;Caudoviricetes;;
k127_88608	372	No terminal repeats	NA	1	11	0.9546	NA	1	1.7183	Viruses;Duplodnaviria;Heunggongvirae;Uroviricota;Caudoviricetes;;
k127_465850	519	No terminal repeats	NA	1	11	0.9546	NA	1	1.7183	Viruses;Duplodnaviria;Heunggongvirae;Uroviricota;Caudoviricetes;;
k127_896246	362	No terminal repeats	NA	1	11	0.9545	NA	1	1.7183	Viruses;Duplodnaviria;Heunggongvirae;Uroviricota;Caudoviricetes;;
k127_348642	346	No terminal repeats	NA	1	11	0.9545	NA	1	1.7183	Viruses;Duplodnaviria;Heunggongvirae;Uroviricota;Caudoviricetes;;
k127_520974	309	No terminal repeats	NA	1	11	0.9542	NA	1	1.7183	Unclassified
k127_325571	379	No terminal repeats	NA	1	11	0.9531	NA	1	1.4698	Viruses;Duplodnaviria;Heunggongvirae;Uroviricota;Caudoviricetes;;
k127_150468	315	No terminal repeats	NA	1	11	0.9526	NA	1	1.7183	Viruses;Duplodnaviria;Heunggongvirae;Uroviricota;Caudoviricetes;;
k127_776335	353	No terminal repeats	NA	1	11	0.9518	NA	1	1.7183	Viruses;Duplodnaviria;Heunggongvirae;Uroviricota;Caudoviricetes;;
k127_19934	617	No terminal repeats	NA	1	11	0.9501	NA	1	1.7183	Viruses;Duplodnaviria;Heunggongvirae;Uroviricota;Caudoviricetes;;
k127_1149	1621	No terminal repeats	NA	1	11	0.9493	NA	1	1.7183	Unclassified
k127_168967	530	No terminal repeats	NA	1	11	0.9483	NA	1	1.7183	Viruses;Duplodnaviria;Heunggongvirae;Uroviricota;Caudoviricetes;;
k127_246420	377	No terminal repeats	NA	1	11	0.9480	NA	1	1.7183	Viruses;Duplodnaviria;Heunggongvirae;Uroviricota;Caudoviricetes;;
k127_81621	685	No terminal repeats	NA	1	11	0.9477	NA	1	1.7183	Viruses;Duplodnaviria;Heunggongvirae;Uroviricota;Caudoviricetes;;
k127_589424	446	No terminal repeats	NA	1	11	0.9473	NA	1	1.7183	Viruses;Duplodnaviria;Heunggongvirae;Uroviricota;Caudoviricetes;;
k127_360429	488	No terminal repeats	NA	1	11	0.9464	NA	1	1.7183	Viruses;Duplodnaviria;Heunggongvirae;Uroviricota;Caudoviricetes;;
k127_77502	416	No terminal repeats	NA	1	11	0.9464	NA	1	1.6317	Viruses;Duplodnaviria;Heunggongvirae;Uroviricota;Caudoviricetes;;
k127_278731	318	No terminal repeats	NA	1	11	0.9458	NA	1	1.7183	Viruses;Duplodnaviria;Heunggongvirae;Uroviricota;Caudoviricetes;;
k127_28185	313	No terminal repeats	NA	1	11	0.9446	NA	1	1.7183	Viruses;Duplodnaviria;Heunggongvirae;Uroviricota;Caudoviricetes;;
k127_296777	402	No terminal repeats	NA	1	11	0.9445	NA	1	1.7183	Viruses;Duplodnaviria;Heunggongvirae;Uroviricota;Caudoviricetes;;
k127_808867	418	No terminal repeats	NA	1	11	0.9442	NA	1	1.7183	Viruses;Duplodnaviria;Heunggongvirae;Uroviricota;Caudoviricetes;;
k127_44411	395	No terminal repeats	NA	1	11	0.9440	NA	1	1.7183	Viruses;Duplodnaviria;Heunggongvirae;Uroviricota;Caudoviricetes;;
k127_54130	456	No terminal repeats	NA	1	11	0.9438	NA	1	1.7183	Viruses;Duplodnaviria;Heunggongvirae;Uroviricota;Caudoviricetes;;
k127_317811	425	No terminal repeats	NA	1	11	0.9436	NA	1	1.7183	Viruses;Duplodnaviria;Heunggongvirae;Uroviricota;Caudoviricetes;;
k127_342652	334	No terminal repeats	NA	1	11	0.9433	NA	1	1.7183	Viruses;Duplodnaviria;Heunggongvirae;Uroviricota;Caudoviricetes;;
k127_227606	316	No terminal repeats	NA	1	11	0.9430	NA	1	1.7183	Viruses;Duplodnaviria;Heunggongvirae;Uroviricota;Caudoviricetes;;
k127_112856	398	No terminal repeats	NA	1	11	0.9419	NA	1	1.7183	Viruses;Duplodnaviria;Heunggongvirae;Uroviricota;Caudoviricetes;;
k127_760258	535	No terminal repeats	NA	2	11	0.9418	NA	1	1.7183	Viruses;Duplodnaviria;Heunggongvirae;Uroviricota;Caudoviricetes;;
k127_481726	358	No terminal repeats	NA	1	11	0.9415	NA	1	1.7183	Viruses;Duplodnaviria;Heunggongvirae;Uroviricota;Caudoviricetes;;
k127_49911	403	No terminal repeats	NA	1	11	0.9410	NA	1	1.7183	Viruses;Duplodnaviria;Heunggongvirae;Uroviricota;Caudoviricetes;;
k127_609363	420	No terminal repeats	NA	1	11	0.9402	NA	1	1.6317	Viruses;Duplodnaviria;Heunggongvirae;Uroviricota;Caudoviricetes;;
k127_461298	302	No terminal repeats	NA	1	11	0.9398	NA	1	1.7183	Viruses;Duplodnaviria;Heunggongvirae;Uroviricota;Caudoviricetes;;
k127_597086	349	No terminal repeats	NA	1	11	0.9397	NA	1	1.5080	Viruses;Duplodnaviria;Heunggongvirae;Uroviricota;Caudoviricetes;;
k127_929270	317	No terminal repeats	NA	1	11	0.9394	NA	1	1.3050	Viruses;Duplodnaviria;Heunggongvirae;Uroviricota;Caudoviricetes;;
k127_56109	386	No terminal repeats	NA	1	11	0.9377	NA	1	1.7183	Viruses;Duplodnaviria;Heunggongvirae;Uroviricota;Caudoviricetes;;
k127_261670	595	No terminal repeats	NA	1	11	0.9358	NA	1	1.7183	Viruses;Duplodnaviria;Heunggongvirae;Uroviricota;Caudoviricetes;;Drexlerviridae
k127_273805	407	No terminal repeats	NA	1	11	0.9349	NA	1	1.7183	Unclassified
k127_701519	1173	No terminal repeats	NA	3	11	0.9348	NA	1	5.0630	Viruses;Duplodnaviria;Heunggongvirae;Uroviricota;Caudoviricetes;;
k127_117274	524	No terminal repeats	NA	1	11	0.9344	NA	1	1.7183	Viruses;Duplodnaviria;Heunggongvirae;Uroviricota;Caudoviricetes;;
k127_420420	1768	No terminal repeats	NA	1	11	0.9342	NA	1	1.7183	Viruses;Duplodnaviria;Heunggongvirae;Uroviricota;Caudoviricetes;;
k127_44414	395	No terminal repeats	NA	1	11	0.9332	NA	1	1.7183	Viruses;Duplodnaviria;Heunggongvirae;Uroviricota;Caudoviricetes;;
k127_9325	348	No terminal repeats	NA	1	11	0.9307	NA	1	1.7183	Viruses;Duplodnaviria;Heunggongvirae;Uroviricota;Caudoviricetes;;
k127_424791	912	No terminal repeats	NA	1	11	0.9304	NA	1	1.7183	Viruses;Riboviria;Orthornavirae;Pisuviricota;Duplopiviricetes;Durnavirales;Partitiviridae
k127_861276	349	No terminal repeats	NA	1	11	0.9302	NA	1	1.3050	Viruses;Duplodnaviria;Heunggongvirae;Uroviricota;Caudoviricetes;;
k127_535504	366	No terminal repeats	NA	1	11	0.9298	NA	1	1.7183	Viruses;Duplodnaviria;Heunggongvirae;Uroviricota;Caudoviricetes;;
k127_316127	861	No terminal repeats	NA	1	11	0.9293	NA	1	1.7183	Viruses;Duplodnaviria;Heunggongvirae;Uroviricota;Caudoviricetes;;
k127_165802	601	No terminal repeats	NA	1	11	0.9293	NA	1	1.7183	Viruses;Duplodnaviria;Heunggongvirae;Uroviricota;Caudoviricetes;;
k127_732370	787	No terminal repeats	NA	1	11	0.9286	NA	1	1.7183	Viruses;Duplodnaviria;Heunggongvirae;Uroviricota;Caudoviricetes;;
k127_187931	342	No terminal repeats	NA	1	11	0.9278	NA	1	1.7183	Unclassified
k127_779614	334	No terminal repeats	NA	1	11	0.9268	NA	1	1.7183	Viruses;Duplodnaviria;Heunggongvirae;Uroviricota;Caudoviricetes;;
k127_606483	630	No terminal repeats	NA	1	11	0.9264	NA	1	1.7183	Viruses;Duplodnaviria;Heunggongvirae;Uroviricota;Caudoviricetes;;
k127_661814	543	No terminal repeats	NA	2	11	0.9263	NA	1	1.7183	Unclassified
k127_721742	487	No terminal repeats	NA	1	11	0.9252	NA	1	1.4060	Viruses;Duplodnaviria;Heunggongvirae;Uroviricota;Caudoviricetes;;
k127_854305	389	No terminal repeats	NA	1	11	0.9243	NA	1	1.4698	Viruses;Duplodnaviria;Heunggongvirae;Uroviricota;Caudoviricetes;;
k127_897986	520	No terminal repeats	NA	1	11	0.9237	NA	1	1.7183	Viruses;Duplodnaviria;Heunggongvirae;Uroviricota;Caudoviricetes;;
k127_509279	434	No terminal repeats	NA	1	11	0.9232	NA	1	1.7183	Viruses;Duplodnaviria;Heunggongvirae;Uroviricota;Caudoviricetes;;
k127_826417	332	No terminal repeats	NA	1	11	0.9231	NA	1	1.7183	Viruses;Duplodnaviria;Heunggongvirae;Uroviricota;Caudoviricetes;;
k127_727698	594	No terminal repeats	NA	1	11	0.9230	NA	1	1.7183	Viruses;Duplodnaviria;Heunggongvirae;Uroviricota;Caudoviricetes;;
k127_316084	411	No terminal repeats	NA	2	11	0.9229	NA	1	1.7183	Viruses;Duplodnaviria;Heunggongvirae;Uroviricota;Caudoviricetes;;
k127_285192	382	No terminal repeats	NA	1	11	0.9227	NA	1	1.1041	Viruses;Duplodnaviria;Heunggongvirae;Uroviricota;Caudoviricetes;;
k127_208096	407	No terminal repeats	NA	1	11	0.9226	NA	1	1.7183	Unclassified
k127_618851	321	No terminal repeats	NA	1	11	0.9224	NA	1	1.7183	Viruses;Duplodnaviria;Heunggongvirae;Uroviricota;Caudoviricetes;;
k127_466731	311	No terminal repeats	NA	1	11	0.9223	NA	1	1.7183	Unclassified
k127_92954	420	No terminal repeats	NA	1	11	0.9221	NA	1	1.7183	Viruses;Duplodnaviria;Heunggongvirae;Uroviricota;Caudoviricetes;;
k127_532292	505	No terminal repeats	NA	1	11	0.9218	NA	1	1.7183	Viruses;Duplodnaviria;Heunggongvirae;Uroviricota;Caudoviricetes;;
k127_632530	457	No terminal repeats	NA	1	11	0.9217	NA	1	1.4749	Viruses;Duplodnaviria;Heunggongvirae;Uroviricota;Caudoviricetes;;
k127_407296	393	No terminal repeats	NA	1	11	0.9210	NA	1	1.4920	Viruses;Duplodnaviria;Heunggongvirae;Uroviricota;Caudoviricetes;;
k127_832981	1801	No terminal repeats	NA	1	11	0.9208	NA	1	1.7183	Viruses;Duplodnaviria;Heunggongvirae;Uroviricota;Caudoviricetes;;
k127_333259	315	No terminal repeats	NA	1	11	0.9205	NA	1	1.7183	Viruses;Duplodnaviria;Heunggongvirae;Uroviricota;Caudoviricetes;;
k127_826613	470	No terminal repeats	NA	1	11	0.9203	NA	1	1.3513	Viruses;Duplodnaviria;Heunggongvirae;Uroviricota;Caudoviricetes;;
k127_926187	463	No terminal repeats	NA	1	11	0.9198	NA	1	1.7183	Viruses;Duplodnaviria;Heunggongvirae;Uroviricota;Caudoviricetes;;
k127_521315	385	No terminal repeats	NA	1	11	0.9191	NA	1	1.7183	Viruses;Duplodnaviria;Heunggongvirae;Uroviricota;Caudoviricetes;;
k127_118173	483	No terminal repeats	NA	1	11	0.9185	NA	1	1.7183	Viruses;Duplodnaviria;Heunggongvirae;Uroviricota;Caudoviricetes;;
k127_457413	775	No terminal repeats	NA	1	11	0.9175	NA	1	1.3450	Viruses;Duplodnaviria;Heunggongvirae;Uroviricota;Caudoviricetes;;
k127_15920	422	No terminal repeats	NA	1	11	0.9164	NA	1	1.7183	Viruses;Duplodnaviria;Heunggongvirae;Uroviricota;Caudoviricetes;;
k127_821007	1085	No terminal repeats	NA	1	11	0.9160	NA	1	1.7183	Viruses;Duplodnaviria;Heunggongvirae;Uroviricota;Caudoviricetes;;
k127_484896	334	No terminal repeats	NA	1	11	0.9158	NA	1	1.7183	Viruses;Duplodnaviria;Heunggongvirae;Uroviricota;Caudoviricetes;;
k127_601507	345	No terminal repeats	NA	1	11	0.9156	NA	1	1.3050	Viruses;Duplodnaviria;Heunggongvirae;Uroviricota;Caudoviricetes;;
k127_281016	339	No terminal repeats	NA	1	11	0.9144	NA	1	1.7183	Viruses;Duplodnaviria;Heunggongvirae;Uroviricota;Caudoviricetes;;
k127_12102	355	No terminal repeats	NA	1	11	0.9133	NA	1	1.7183	Viruses;Duplodnaviria;Heunggongvirae;Uroviricota;Caudoviricetes;;
k127_630749	2701	No terminal repeats	NA	3	11	0.9131	NA	0	1.7183	Viruses;Duplodnaviria;Heunggongvirae;Uroviricota;Caudoviricetes;;
k127_591767	310	No terminal repeats	NA	1	11	0.9123	NA	1	1.7183	Viruses;Duplodnaviria;Heunggongvirae;Uroviricota;Caudoviricetes;;
k127_21447	363	No terminal repeats	NA	1	11	0.9120	NA	1	1.7183	Viruses;Duplodnaviria;Heunggongvirae;Uroviricota;Caudoviricetes;;
k127_181380	387	No terminal repeats	NA	2	11	0.9118	NA	1	3.2070	Viruses;Duplodnaviria;Heunggongvirae;Uroviricota;Caudoviricetes;;
k127_851651	312	No terminal repeats	NA	1	11	0.9108	NA	1	1.4240	Unclassified
k127_915079	316	No terminal repeats	NA	1	11	0.9104	NA	1	1.7183	Viruses;Duplodnaviria;Heunggongvirae;Uroviricota;Caudoviricetes;;
k127_13561	547	No terminal repeats	NA	1	11	0.9100	NA	1	1.2688	Viruses;Duplodnaviria;Heunggongvirae;Uroviricota;Caudoviricetes;;
k127_295067	516	No terminal repeats	NA	1	11	0.9100	NA	1	1.7183	Viruses;Duplodnaviria;Heunggongvirae;Uroviricota;Caudoviricetes;;
k127_484018	311	No terminal repeats	NA	1	11	0.9092	NA	1	1.7183	Viruses;Duplodnaviria;Heunggongvirae;Uroviricota;Caudoviricetes;;
k127_202282	629	No terminal repeats	NA	1	11	0.9091	NA	1	1.7183	Viruses;Duplodnaviria;Heunggongvirae;Uroviricota;Caudoviricetes;;
k127_228438	599	No terminal repeats	NA	2	11	0.9081	NA	1	1.5052	Viruses;Duplodnaviria;Heunggongvirae;Uroviricota;Caudoviricetes;;
k127_494876	584	No terminal repeats	NA	1	11	0.9078	NA	1	1.7183	Viruses;Duplodnaviria;Heunggongvirae;Uroviricota;Caudoviricetes;;
k127_332054	974	No terminal repeats	NA	1	11	0.9073	NA	1	1.7183	Viruses;Duplodnaviria;Heunggongvirae;Uroviricota;Caudoviricetes;;
k127_451804	314	No terminal repeats	NA	1	11	0.9064	NA	1	1.3653	Viruses;Duplodnaviria;Heunggongvirae;Uroviricota;Caudoviricetes;;
k127_288522	645	No terminal repeats	NA	1	11	0.9063	NA	1	1.7183	Viruses;Duplodnaviria;Heunggongvirae;Uroviricota;Caudoviricetes;;
k127_736720	613	No terminal repeats	NA	2	11	0.9052	NA	1	1.5052	Viruses;Duplodnaviria;Heunggongvirae;Uroviricota;Caudoviricetes;;
k127_598698	515	No terminal repeats	NA	1	11	0.9051	NA	1	1.7183	Viruses;Duplodnaviria;Heunggongvirae;Uroviricota;Caudoviricetes;;
k127_603613	427	No terminal repeats	NA	2	11	0.9041	NA	1	1.7183	Viruses;Duplodnaviria;Heunggongvirae;Uroviricota;Caudoviricetes;;
k127_766098	489	No terminal repeats	NA	1	11	0.9038	NA	1	1.7183	Viruses;Duplodnaviria;Heunggongvirae;Uroviricota;Caudoviricetes;;
k127_233440	534	No terminal repeats	NA	1	11	0.9030	NA	1	1.7183	Viruses;Duplodnaviria;Heunggongvirae;Uroviricota;Caudoviricetes;;
k127_292906	1026	No terminal repeats	NA	1	11	0.9029	NA	1	1.7183	Viruses;Duplodnaviria;Heunggongvirae;Uroviricota;Caudoviricetes;;
k127_102024	542	No terminal repeats	NA	1	11	0.9026	NA	1	1.2064	Viruses;Duplodnaviria;Heunggongvirae;Uroviricota;Caudoviricetes;;
k127_892545	358	No terminal repeats	NA	1	11	0.9020	NA	1	1.2808	Viruses;Duplodnaviria;Heunggongvirae;Uroviricota;Caudoviricetes;;
k127_65366	830	No terminal repeats	NA	1	11	0.9020	NA	1	1.7183	Viruses;Duplodnaviria;Heunggongvirae;Uroviricota;Caudoviricetes;;
k127_29359	398	No terminal repeats	NA	1	11	0.9014	NA	1	1.7183	Viruses;Duplodnaviria;Heunggongvirae;Uroviricota;Caudoviricetes;;
k127_338075	488	No terminal repeats	NA	2	11	0.9009	NA	1	2.5648	Viruses;Duplodnaviria;Heunggongvirae;Uroviricota;Caudoviricetes;;
k127_914044	958	No terminal repeats	NA	1	11	0.9008	NA	1	1.7183	Viruses;Riboviria;Orthornavirae;Pisuviricota;Duplopiviricetes;Durnavirales;Partitiviridae
k127_799766	321	No terminal repeats	NA	1	11	0.9001	NA	1	1.0941	Viruses;Duplodnaviria;Heunggongvirae;Uroviricota;Caudoviricetes;;
k127_897397	596	No terminal repeats	NA	1	11	0.8996	NA	1	1.7183	Viruses;Duplodnaviria;Heunggongvirae;Uroviricota;Caudoviricetes;;
k127_519685	691	No terminal repeats	NA	2	11	0.8996	NA	1	2.9930	Viruses;Duplodnaviria;Heunggongvirae;Uroviricota;Caudoviricetes;;
k127_890911	382	No terminal repeats	NA	1	11	0.8993	NA	1	1.4060	Viruses;Duplodnaviria;Heunggongvirae;Uroviricota;Caudoviricetes;;
k127_692524	392	No terminal repeats	NA	2	11	0.8985	NA	1	1.7183	Viruses;Duplodnaviria;Heunggongvirae;Uroviricota;Caudoviricetes;;
k127_649065	474	No terminal repeats	NA	1	11	0.8984	NA	1	1.7183	Viruses;Duplodnaviria;Heunggongvirae;Uroviricota;Caudoviricetes;;Drexlerviridae
k127_431892	377	No terminal repeats	NA	1	11	0.8977	NA	1	1.4880	Viruses;Duplodnaviria;Heunggongvirae;Uroviricota;Caudoviricetes;;
k127_19770	574	No terminal repeats	NA	1	11	0.8972	NA	1	1.2306	Viruses;Duplodnaviria;Heunggongvirae;Uroviricota;Caudoviricetes;;
k127_74272	387	No terminal repeats	NA	1	11	0.8970	NA	1	1.6094	Viruses;Duplodnaviria;Heunggongvirae;Uroviricota;Caudoviricetes;;
k127_179243	1122	No terminal repeats	NA	1	11	0.8970	NA	1	1.7183	Viruses;Duplodnaviria;Heunggongvirae;Uroviricota;Caudoviricetes;;
k127_643067	506	No terminal repeats	NA	1	11	0.8968	NA	1	1.3450	Viruses;Duplodnaviria;Heunggongvirae;Uroviricota;Caudoviricetes;;
k127_683549	414	No terminal repeats	NA	1	11	0.8966	NA	1	1.7183	Viruses;Duplodnaviria;Heunggongvirae;Uroviricota;Caudoviricetes;;
k127_104519	498	No terminal repeats	NA	1	11	0.8959	NA	1	1.7183	Viruses;Duplodnaviria;Heunggongvirae;Uroviricota;Caudoviricetes;;
k127_463426	310	No terminal repeats	NA	1	11	0.8955	NA	1	1.7183	Viruses;Duplodnaviria;Heunggongvirae;Uroviricota;Caudoviricetes;;
k127_212047	423	No terminal repeats	NA	1	11	0.8951	NA	1	1.7183	Viruses;Duplodnaviria;Heunggongvirae;Uroviricota;Caudoviricetes;;
k127_70851	575	No terminal repeats	NA	1	11	0.8950	NA	1	1.7183	Unclassified
k127_560800	315	No terminal repeats	NA	1	11	0.8936	NA	1	1.7183	Viruses;Duplodnaviria;Heunggongvirae;Uroviricota;Caudoviricetes;;
k127_229832	527	No terminal repeats	NA	1	11	0.8934	NA	1	1.7183	Viruses;Duplodnaviria;Heunggongvirae;Uroviricota;Caudoviricetes;;
k127_697683	504	No terminal repeats	NA	2	11	0.8934	NA	1	1.7183	Viruses;Duplodnaviria;Heunggongvirae;Uroviricota;Caudoviricetes;;
k127_487890	520	No terminal repeats	NA	2	11	0.8934	NA	1	1.7183	Viruses;Duplodnaviria;Heunggongvirae;Uroviricota;Caudoviricetes;;
k127_388374	351	No terminal repeats	NA	1	11	0.8933	NA	1	1.7183	Viruses;Duplodnaviria;Heunggongvirae;Uroviricota;Caudoviricetes;;
k127_528008	372	No terminal repeats	NA	1	11	0.8931	NA	1	1.7183	Viruses;Duplodnaviria;Heunggongvirae;Uroviricota;Caudoviricetes;;Drexlerviridae
k127_882517	385	No terminal repeats	NA	1	11	0.8928	NA	1	1.7183	Viruses;Duplodnaviria;Heunggongvirae;Uroviricota;Caudoviricetes;;
k127_655501	1829	No terminal repeats	NA	2	11	0.8924	NA	1	1.7183	Viruses;Duplodnaviria;Heunggongvirae;Uroviricota;Caudoviricetes;;
k127_600399	458	No terminal repeats	NA	1	11	0.8915	NA	1	1.4413	Viruses;Duplodnaviria;Heunggongvirae;Uroviricota;Caudoviricetes;;
k127_646065	436	No terminal repeats	NA	1	11	0.8905	NA	1	1.7183	Viruses;Duplodnaviria;Heunggongvirae;Uroviricota;Caudoviricetes;;
k127_544298	305	No terminal repeats	NA	1	11	0.8891	NA	1	1.7183	Viruses;Duplodnaviria;Heunggongvirae;Uroviricota;Caudoviricetes;;
k127_501148	834	No terminal repeats	NA	1	11	0.8886	NA	1	1.7183	Viruses;Duplodnaviria;Heunggongvirae;Uroviricota;Caudoviricetes;;
k127_765504	428	No terminal repeats	NA	1	11	0.8880	NA	1	1.2263	Unclassified
k127_126169	445	No terminal repeats	NA	1	11	0.8878	NA	1	1.7183	Viruses;Duplodnaviria;Heunggongvirae;Uroviricota;Caudoviricetes;;
k127_421692	400	No terminal repeats	NA	1	11	0.8878	NA	1	1.7183	Unclassified
k127_456110	443	No terminal repeats	NA	1	11	0.8877	NA	1	1.7183	Viruses;Duplodnaviria;Heunggongvirae;Uroviricota;Caudoviricetes;;
k127_657215	302	No terminal repeats	NA	1	11	0.8868	NA	1	1.1329	Viruses;Duplodnaviria;Heunggongvirae;Uroviricota;Caudoviricetes;;
k127_655134	403	No terminal repeats	NA	1	11	0.8862	NA	1	1.3050	Viruses;Duplodnaviria;Heunggongvirae;Uroviricota;Caudoviricetes;;
k127_484475	447	No terminal repeats	NA	1	11	0.8856	NA	1	1.7183	Viruses;Duplodnaviria;Heunggongvirae;Uroviricota;Caudoviricetes;;
k127_340149	332	No terminal repeats	NA	1	11	0.8850	NA	1	1.7183	Viruses;Duplodnaviria;Heunggongvirae;Uroviricota;Caudoviricetes;;
k127_345222	544	No terminal repeats	NA	1	11	0.8849	NA	1	1.7183	Viruses;Duplodnaviria;Heunggongvirae;Uroviricota;Caudoviricetes;;
k127_895341	394	No terminal repeats	NA	1	11	0.8848	NA	1	1.6123	Viruses;Duplodnaviria;Heunggongvirae;Uroviricota;Caudoviricetes;;
k127_481064	591	No terminal repeats	NA	2	11	0.8843	NA	1	1.7183	Viruses;Duplodnaviria;Heunggongvirae;Uroviricota;Caudoviricetes;;
k127_93621	386	No terminal repeats	NA	1	11	0.8831	NA	1	1.2306	Viruses;Duplodnaviria;Heunggongvirae;Uroviricota;Caudoviricetes;;
k127_914257	844	No terminal repeats	NA	2	11	0.8831	NA	2	3.2938	Viruses;Duplodnaviria;Heunggongvirae;Uroviricota;Caudoviricetes;;
k127_254962	325	No terminal repeats	NA	1	11	0.8830	NA	1	1.7183	Viruses;Duplodnaviria;Heunggongvirae;Uroviricota;Caudoviricetes;;
k127_812241	554	No terminal repeats	NA	1	11	0.8824	NA	1	1.4595	Viruses;Duplodnaviria;Heunggongvirae;Uroviricota;Caudoviricetes;;
k127_316267	697	No terminal repeats	NA	1	11	0.8814	NA	1	1.7183	Viruses;Duplodnaviria;Heunggongvirae;Uroviricota;Caudoviricetes;;
k127_572387	307	No terminal repeats	NA	1	11	0.8807	NA	1	1.2934	Viruses;Duplodnaviria;Heunggongvirae;Uroviricota;Caudoviricetes;;
k127_475004	501	No terminal repeats	NA	1	11	0.8803	NA	1	1.7183	Viruses;Duplodnaviria;Heunggongvirae;Uroviricota;Caudoviricetes;;
k127_159487	531	No terminal repeats	NA	1	11	0.8796	NA	1	1.7183	Viruses;Duplodnaviria;Heunggongvirae;Uroviricota;Caudoviricetes;;Drexlerviridae
k127_46100	437	No terminal repeats	NA	1	11	0.8791	NA	1	1.4880	Viruses;Duplodnaviria;Heunggongvirae;Uroviricota;Caudoviricetes;;
k127_468037	396	No terminal repeats	NA	1	11	0.8787	NA	1	1.4060	Viruses;Duplodnaviria;Heunggongvirae;Uroviricota;Caudoviricetes;;
k127_870922	1109	No terminal repeats	NA	2	11	0.8775	NA	1	3.4366	Viruses;Duplodnaviria;Heunggongvirae;Uroviricota;Caudoviricetes;;
k127_567604	513	No terminal repeats	NA	1	11	0.8766	NA	1	1.7183	Viruses;Duplodnaviria;Heunggongvirae;Uroviricota;Caudoviricetes;;Drexlerviridae
k127_504396	455	No terminal repeats	NA	1	11	0.8761	NA	1	1.7183	Viruses;Duplodnaviria;Heunggongvirae;Uroviricota;Caudoviricetes;;Drexlerviridae
k127_228430	342	No terminal repeats	NA	1	11	0.8755	NA	1	1.7183	Viruses;Duplodnaviria;Heunggongvirae;Uroviricota;Caudoviricetes;;
k127_413307	325	No terminal repeats	NA	1	11	0.8741	NA	1	1.4060	Viruses;Duplodnaviria;Heunggongvirae;Uroviricota;Caudoviricetes;;
k127_797602	619	No terminal repeats	NA	1	11	0.8738	NA	1	1.7183	Viruses;Duplodnaviria;Heunggongvirae;Uroviricota;Caudoviricetes;;
k127_774468	362	No terminal repeats	NA	1	11	0.8728	NA	1	1.7183	Viruses;Duplodnaviria;Heunggongvirae;Uroviricota;Caudoviricetes;;
k127_746194	579	No terminal repeats	NA	1	11	0.8725	NA	1	1.7183	Viruses;Duplodnaviria;Heunggongvirae;Uroviricota;Caudoviricetes;;
k127_348651	370	No terminal repeats	NA	1	11	0.8714	NA	1	1.3450	Viruses;Duplodnaviria;Heunggongvirae;Uroviricota;Caudoviricetes;;
k127_560807	363	No terminal repeats	NA	1	11	0.8711	NA	1	1.2934	Viruses;Duplodnaviria;Heunggongvirae;Uroviricota;Caudoviricetes;;
k127_136212	478	No terminal repeats	NA	2	11	0.8707	NA	1	1.7183	Viruses;Duplodnaviria;Heunggongvirae;Uroviricota;Caudoviricetes;;
k127_928955	351	No terminal repeats	NA	2	11	0.8699	NA	1	1.4764	Viruses;Duplodnaviria;Heunggongvirae;Uroviricota;Caudoviricetes;;
k127_510943	746	No terminal repeats	NA	2	11	0.8692	NA	1	1.7183	Viruses;Duplodnaviria;Heunggongvirae;Uroviricota;Caudoviricetes;;
k127_63643	1078	No terminal repeats	NA	1	11	0.8690	NA	1	1.7183	Viruses;Duplodnaviria;Heunggongvirae;Uroviricota;Caudoviricetes;;
k127_612844	754	No terminal repeats	NA	1	11	0.8680	NA	1	1.7183	Viruses;Duplodnaviria;Heunggongvirae;Uroviricota;Caudoviricetes;;
k127_829144	399	No terminal repeats	NA	1	11	0.8672	NA	1	1.0383	Viruses;Duplodnaviria;Heunggongvirae;Uroviricota;Caudoviricetes;;
k127_395481	650	No terminal repeats	NA	1	11	0.8658	NA	1	1.7183	Viruses;Duplodnaviria;Heunggongvirae;Uroviricota;Caudoviricetes;;
k127_908574	482	No terminal repeats	NA	1	11	0.8657	NA	1	1.3550	Viruses;Duplodnaviria;Heunggongvirae;Uroviricota;Caudoviricetes;;
k127_611478	794	No terminal repeats	NA	1	11	0.8650	NA	1	1.2306	Viruses;Duplodnaviria;Heunggongvirae;Uroviricota;Caudoviricetes;;
k127_393669	462	No terminal repeats	NA	1	11	0.8645	NA	1	1.7183	Viruses;Duplodnaviria;Heunggongvirae;Uroviricota;Caudoviricetes;;
k127_677441	394	No terminal repeats	NA	1	11	0.8645	NA	1	1.7183	Viruses;Duplodnaviria;Heunggongvirae;Uroviricota;Caudoviricetes;;
k127_333499	340	No terminal repeats	NA	1	11	0.8644	NA	1	1.3608	Viruses;Duplodnaviria;Heunggongvirae;Uroviricota;Caudoviricetes;;Straboviridae
k127_8214	821	No terminal repeats	NA	1	11	0.8643	NA	1	1.7183	Viruses;Duplodnaviria;Heunggongvirae;Uroviricota;Caudoviricetes;;
k127_474100	622	No terminal repeats	NA	1	11	0.8643	NA	1	1.3450	Viruses;Duplodnaviria;Heunggongvirae;Uroviricota;Caudoviricetes;;
k127_607273	386	No terminal repeats	NA	1	11	0.8638	NA	1	1.3996	Viruses;Duplodnaviria;Heunggongvirae;Uroviricota;Caudoviricetes;;
k127_122496	312	No terminal repeats	NA	1	11	0.8634	NA	1	1.7183	Viruses;Duplodnaviria;Heunggongvirae;Uroviricota;Caudoviricetes;;
k127_449353	405	No terminal repeats	NA	1	11	0.8631	NA	1	0.9079	Viruses;Duplodnaviria;Heunggongvirae;Uroviricota;Caudoviricetes;;
k127_574405	453	No terminal repeats	NA	2	11	0.8630	NA	1	1.7183	Viruses;Duplodnaviria;Heunggongvirae;Uroviricota;Caudoviricetes;;
k127_923996	1173	No terminal repeats	NA	2	11	0.8625	NA	1	3.0673	Viruses;Duplodnaviria;Heunggongvirae;Uroviricota;Caudoviricetes;;
k127_134844	396	No terminal repeats	NA	1	11	0.8616	NA	1	1.4060	Viruses;Duplodnaviria;Heunggongvirae;Uroviricota;Caudoviricetes;;
k127_546078	440	No terminal repeats	NA	1	11	0.8608	NA	1	1.2306	Viruses;Duplodnaviria;Heunggongvirae;Uroviricota;Caudoviricetes;;
k127_278234	325	No terminal repeats	NA	1	11	0.8607	NA	1	1.7183	Viruses;Duplodnaviria;Heunggongvirae;Uroviricota;Caudoviricetes;;
k127_24803	428	No terminal repeats	NA	1	11	0.8600	NA	1	1.2982	Viruses;Duplodnaviria;Heunggongvirae;Uroviricota;Caudoviricetes;;
k127_774275	582	No terminal repeats	NA	1	11	0.8596	NA	1	1.7183	Viruses;Duplodnaviria;Heunggongvirae;Uroviricota;Caudoviricetes;;
k127_902252	1494	No terminal repeats	NA	1	11	0.8595	NA	1	1.7183	Viruses;Riboviria;Orthornavirae;Pisuviricota;Stelpaviricetes;Stellavirales;Astroviridae
k127_255253	339	No terminal repeats	NA	2	11	0.8592	NA	1	2.6504	Viruses;Duplodnaviria;Heunggongvirae;Uroviricota;Caudoviricetes;;
k127_902018	1062	No terminal repeats	NA	1	11	0.8587	NA	1	1.5278	Viruses;Duplodnaviria;Heunggongvirae;Uroviricota;Caudoviricetes;;
k127_731992	393	No terminal repeats	NA	1	11	0.8580	NA	1	1.2449	Viruses;Duplodnaviria;Heunggongvirae;Uroviricota;Caudoviricetes;;
k127_856441	804	No terminal repeats	NA	2	11	0.8576	NA	1	1.7183	Viruses;Duplodnaviria;Heunggongvirae;Uroviricota;Caudoviricetes;;
k127_901537	380	No terminal repeats	NA	1	11	0.8576	NA	1	1.0784	Viruses;Duplodnaviria;Heunggongvirae;Uroviricota;Caudoviricetes;;
k127_357349	338	No terminal repeats	NA	1	11	0.8575	NA	1	1.7183	Viruses;Duplodnaviria;Heunggongvirae;Uroviricota;Caudoviricetes;;
k127_400354	472	No terminal repeats	NA	1	11	0.8574	NA	1	1.3550	Viruses;Duplodnaviria;Heunggongvirae;Uroviricota;Caudoviricetes;;
k127_845452	649	No terminal repeats	NA	1	11	0.8572	NA	1	1.2306	Viruses;Duplodnaviria;Heunggongvirae;Uroviricota;Caudoviricetes;;
k127_707128	506	No terminal repeats	NA	1	11	0.8569	NA	1	1.4689	Viruses;Duplodnaviria;Heunggongvirae;Uroviricota;Caudoviricetes;;
k127_311486	340	No terminal repeats	NA	1	11	0.8565	NA	1	1.0639	Viruses;Duplodnaviria;Heunggongvirae;Uroviricota;Caudoviricetes;;
k127_674538	568	No terminal repeats	NA	1	11	0.8558	NA	1	1.3450	Viruses;Duplodnaviria;Heunggongvirae;Uroviricota;Caudoviricetes;;
k127_396386	495	No terminal repeats	NA	1	11	0.8547	NA	1	1.2306	Viruses;Duplodnaviria;Heunggongvirae;Uroviricota;Caudoviricetes;;
k127_742333	786	No terminal repeats	NA	1	11	0.8545	NA	1	1.7183	Viruses;Duplodnaviria;Heunggongvirae;Uroviricota;Caudoviricetes;;
k127_26592	319	No terminal repeats	NA	1	11	0.8541	NA	1	1.7172	Unclassified
k127_587454	361	No terminal repeats	NA	1	11	0.8529	NA	1	1.3450	Viruses;Duplodnaviria;Heunggongvirae;Uroviricota;Caudoviricetes;;
k127_750768	596	No terminal repeats	NA	1	11	0.8526	NA	1	1.3450	Viruses;Duplodnaviria;Heunggongvirae;Uroviricota;Caudoviricetes;;
k127_90159	463	No terminal repeats	NA	1	11	0.8497	NA	1	1.2306	Viruses;Duplodnaviria;Heunggongvirae;Uroviricota;Caudoviricetes;;
k127_341256	390	No terminal repeats	NA	1	11	0.8494	NA	1	1.3450	Viruses;Duplodnaviria;Heunggongvirae;Uroviricota;Caudoviricetes;;
k127_820174	579	No terminal repeats	NA	1	11	0.8491	NA	1	1.7183	Viruses;Duplodnaviria;Heunggongvirae;Uroviricota;Caudoviricetes;;
k127_103689	478	No terminal repeats	NA	1	11	0.8472	NA	1	1.2934	Viruses;Duplodnaviria;Heunggongvirae;Uroviricota;Caudoviricetes;;
k127_326222	553	No terminal repeats	NA	1	11	0.8470	NA	1	1.4749	Viruses;Duplodnaviria;Heunggongvirae;Uroviricota;Caudoviricetes;;
k127_76055	1008	No terminal repeats	NA	1	11	0.8468	NA	1	1.7183	Viruses;Duplodnaviria;Heunggongvirae;Uroviricota;Caudoviricetes;;
k127_371814	653	No terminal repeats	NA	1	11	0.8460	NA	1	1.7183	Viruses;Duplodnaviria;Heunggongvirae;Uroviricota;Caudoviricetes;;
k127_829035	479	No terminal repeats	NA	1	11	0.8457	NA	1	1.0941	Viruses;Duplodnaviria;Heunggongvirae;Uroviricota;Caudoviricetes;;
k127_229115	326	No terminal repeats	NA	1	11	0.8455	NA	1	0.9481	Viruses;Duplodnaviria;Heunggongvirae;Uroviricota;Caudoviricetes;;
k127_738932	3014	No terminal repeats	NA	3	11	0.8453	NA	0	1.7183	Viruses;Duplodnaviria;Heunggongvirae;Uroviricota;Caudoviricetes;;
k127_889401	428	No terminal repeats	NA	1	11	0.8449	NA	1	1.2808	Viruses;Duplodnaviria;Heunggongvirae;Uroviricota;Caudoviricetes;;
k127_348286	438	No terminal repeats	NA	1	11	0.8445	NA	1	1.5330	Viruses;Duplodnaviria;Heunggongvirae;Uroviricota;Caudoviricetes;;
k127_691369	476	No terminal repeats	NA	1	11	0.8439	NA	1	1.7183	Viruses;Duplodnaviria;Heunggongvirae;Uroviricota;Caudoviricetes;;
k127_467709	517	No terminal repeats	NA	1	11	0.8437	NA	1	1.2306	Viruses;Duplodnaviria;Heunggongvirae;Uroviricota;Caudoviricetes;;
k127_618050	498	No terminal repeats	NA	1	11	0.8434	NA	1	1.2306	Viruses;Duplodnaviria;Heunggongvirae;Uroviricota;Caudoviricetes;;
k127_424125	305	No terminal repeats	NA	1	11	0.8411	NA	1	1.6847	Viruses;Duplodnaviria;Heunggongvirae;Uroviricota;Caudoviricetes;;
k127_2854	1034	No terminal repeats	NA	1	11	0.8408	NA	1	1.7183	Viruses;Duplodnaviria;Heunggongvirae;Uroviricota;Caudoviricetes;;
k127_20338	417	No terminal repeats	NA	1	11	0.8407	NA	1	1.4015	Viruses;Duplodnaviria;Heunggongvirae;Uroviricota;Caudoviricetes;;
k127_724485	369	No terminal repeats	NA	1	11	0.8407	NA	1	1.7161	Viruses;Duplodnaviria;Heunggongvirae;Uroviricota;Caudoviricetes;;
k127_760133	347	No terminal repeats	NA	1	11	0.8397	NA	1	1.2746	Viruses;Duplodnaviria;Heunggongvirae;Uroviricota;Caudoviricetes;;
k127_158666	837	No terminal repeats	NA	1	11	0.8396	NA	1	1.3550	Viruses;Duplodnaviria;Heunggongvirae;Uroviricota;Caudoviricetes;;
k127_668512	499	No terminal repeats	NA	2	11	0.8390	NA	1	1.7183	Viruses;Duplodnaviria;Heunggongvirae;Uroviricota;Caudoviricetes;;Straboviridae
k127_80456	780	No terminal repeats	NA	2	11	0.8380	NA	2	2.6912	Viruses;Duplodnaviria;Heunggongvirae;Uroviricota;Caudoviricetes;;
k127_751324	345	No terminal repeats	NA	1	11	0.8367	NA	1	1.4060	Viruses;Duplodnaviria;Heunggongvirae;Uroviricota;Caudoviricetes;;
k127_448486	649	No terminal repeats	NA	1	11	0.8357	NA	1	1.2647	Viruses;Duplodnaviria;Heunggongvirae;Uroviricota;Caudoviricetes;;
k127_670799	356	No terminal repeats	NA	1	11	0.8356	NA	1	1.7183	Viruses;Duplodnaviria;Heunggongvirae;Uroviricota;Caudoviricetes;;
k127_780993	2035	No terminal repeats	NA	1	11	0.8349	NA	1	1.3865	Unclassified
k127_586268	431	No terminal repeats	NA	2	11	0.8349	NA	1	1.7183	Viruses;Duplodnaviria;Heunggongvirae;Uroviricota;Caudoviricetes;;
k127_854722	3377	No terminal repeats	NA	1	11	0.8347	NA	0	1.7183	Viruses;Duplodnaviria;Heunggongvirae;Uroviricota;Caudoviricetes;;
k127_315570	523	No terminal repeats	NA	1	11	0.8331	NA	1	1.7183	Viruses;Duplodnaviria;Heunggongvirae;Uroviricota;Caudoviricetes;;
k127_370019	523	No terminal repeats	NA	1	11	0.8331	NA	1	1.2306	Viruses;Duplodnaviria;Heunggongvirae;Uroviricota;Caudoviricetes;;
k127_809602	625	No terminal repeats	NA	1	11	0.8330	NA	1	1.7183	Viruses;Duplodnaviria;Heunggongvirae;Uroviricota;Caudoviricetes;;
k127_416404	488	No terminal repeats	NA	1	11	0.8324	NA	1	1.2306	Viruses;Duplodnaviria;Heunggongvirae;Uroviricota;Caudoviricetes;;
k127_428067	449	No terminal repeats	NA	1	11	0.8323	NA	1	1.7183	Viruses;Duplodnaviria;Heunggongvirae;Uroviricota;Caudoviricetes;;
k127_358048	772	No terminal repeats	NA	1	11	0.8321	NA	1	1.1904	Viruses;Duplodnaviria;Heunggongvirae;Uroviricota;Caudoviricetes;;
k127_925337	626	No terminal repeats	NA	1	11	0.8313	NA	1	1.2306	Viruses;Duplodnaviria;Heunggongvirae;Uroviricota;Caudoviricetes;;
k127_107250	372	No terminal repeats	NA	1	11	0.8297	NA	1	1.0851	Viruses;Duplodnaviria;Heunggongvirae;Uroviricota;Caudoviricetes;;
k127_140989	678	No terminal repeats	NA	1	11	0.8290	NA	1	1.2306	Viruses;Duplodnaviria;Heunggongvirae;Uroviricota;Caudoviricetes;;
k127_877563	433	No terminal repeats	NA	1	11	0.8283	NA	1	1.4880	Viruses;Duplodnaviria;Heunggongvirae;Uroviricota;Caudoviricetes;;
k127_702858	333	No terminal repeats	NA	1	11	0.8276	NA	1	1.1678	Viruses;Duplodnaviria;Heunggongvirae;Uroviricota;Caudoviricetes;;
k127_247562	584	No terminal repeats	NA	2	11	0.8274	NA	1	1.7183	Viruses;Duplodnaviria;Heunggongvirae;Uroviricota;Caudoviricetes;;
k127_60266	438	No terminal repeats	NA	1	11	0.8268	NA	1	1.4689	Viruses;Duplodnaviria;Heunggongvirae;Uroviricota;Caudoviricetes;;
k127_145545	629	No terminal repeats	NA	1	11	0.8265	NA	1	1.7183	Viruses;Duplodnaviria;Heunggongvirae;Uroviricota;Caudoviricetes;;
k127_928957	413	No terminal repeats	NA	1	11	0.8260	NA	1	1.2808	Viruses;Duplodnaviria;Heunggongvirae;Uroviricota;Caudoviricetes;;
k127_52802	392	No terminal repeats	NA	1	11	0.8260	NA	1	1.4025	Unclassified
k127_754681	693	No terminal repeats	NA	1	11	0.8250	NA	1	1.4309	Viruses;Duplodnaviria;Heunggongvirae;Uroviricota;Caudoviricetes;;
k127_302273	390	No terminal repeats	NA	1	11	0.8243	NA	1	1.3450	Viruses;Duplodnaviria;Heunggongvirae;Uroviricota;Caudoviricetes;;
k127_592445	436	No terminal repeats	NA	1	11	0.8239	NA	1	1.7183	Viruses;Duplodnaviria;Heunggongvirae;Uroviricota;Caudoviricetes;;
k127_332925	499	No terminal repeats	NA	1	11	0.8235	NA	1	1.2921	Viruses;Duplodnaviria;Heunggongvirae;Uroviricota;Caudoviricetes;;
k127_905744	821	No terminal repeats	NA	1	11	0.8233	NA	1	0.9221	Viruses;Duplodnaviria;Heunggongvirae;Uroviricota;Caudoviricetes;;Straboviridae
k127_360398	358	No terminal repeats	NA	1	11	0.8223	NA	1	1.4049	Viruses;Duplodnaviria;Heunggongvirae;Uroviricota;Caudoviricetes;;
k127_490441	902	No terminal repeats	NA	1	11	0.8215	NA	1	1.7183	Viruses;Duplodnaviria;Heunggongvirae;Uroviricota;Caudoviricetes;;
k127_612592	891	No terminal repeats	NA	2	11	0.8211	NA	1	1.7183	Viruses;Duplodnaviria;Heunggongvirae;Uroviricota;Caudoviricetes;;Drexlerviridae
k127_244887	390	No terminal repeats	NA	1	11	0.8208	NA	1	1.2891	Unclassified
k127_571470	515	No terminal repeats	NA	1	11	0.8197	NA	1	1.7183	Viruses;Duplodnaviria;Heunggongvirae;Uroviricota;Caudoviricetes;;
k127_475049	369	No terminal repeats	NA	1	11	0.8188	NA	1	1.3450	Viruses;Duplodnaviria;Heunggongvirae;Uroviricota;Caudoviricetes;;
k127_74952	381	No terminal repeats	NA	1	11	0.8182	NA	1	1.0756	Viruses;Duplodnaviria;Heunggongvirae;Uroviricota;Caudoviricetes;;
k127_812585	634	No terminal repeats	NA	1	11	0.8169	NA	1	1.7183	Viruses;Duplodnaviria;Heunggongvirae;Uroviricota;Caudoviricetes;;
k127_699708	809	No terminal repeats	NA	1	11	0.8167	NA	1	1.3427	Viruses;Duplodnaviria;Heunggongvirae;Uroviricota;Caudoviricetes;;
k127_902729	802	No terminal repeats	NA	2	11	0.8166	NA	1	1.7183	Viruses;Duplodnaviria;Heunggongvirae;Uroviricota;Caudoviricetes;;
k127_45445	846	No terminal repeats	NA	1	11	0.8162	NA	1	1.7183	Viruses;Duplodnaviria;Heunggongvirae;Uroviricota;Caudoviricetes;;
k127_736132	1106	No terminal repeats	NA	1	11	0.8156	NA	1	1.7183	Viruses;Duplodnaviria;Heunggongvirae;Uroviricota;Caudoviricetes;;
k127_825343	636	No terminal repeats	NA	2	11	0.8153	NA	1	1.7088	Viruses;Duplodnaviria;Heunggongvirae;Uroviricota;Caudoviricetes;;
k127_658234	759	No terminal repeats	NA	1	11	0.8151	NA	1	1.7183	Viruses;Duplodnaviria;Heunggongvirae;Uroviricota;Caudoviricetes;;
k127_135806	425	No terminal repeats	NA	1	11	0.8130	NA	1	1.3467	Viruses;Duplodnaviria;Heunggongvirae;Uroviricota;Caudoviricetes;;
k127_409231	547	No terminal repeats	NA	1	11	0.8118	NA	1	1.7135	Unclassified
k127_152900	358	No terminal repeats	NA	1	11	0.8104	NA	1	1.7183	Viruses;Duplodnaviria;Heunggongvirae;Uroviricota;Caudoviricetes;;
k127_225636	698	No terminal repeats	NA	1	11	0.8103	NA	1	1.7183	Viruses;Duplodnaviria;Heunggongvirae;Uroviricota;Caudoviricetes;;
k127_854081	504	No terminal repeats	NA	1	11	0.8097	NA	1	1.3818	Viruses;Duplodnaviria;Heunggongvirae;Uroviricota;Caudoviricetes;;
k127_235300	684	No terminal repeats	NA	1	11	0.8085	NA	1	1.2306	Viruses;Duplodnaviria;Heunggongvirae;Uroviricota;Caudoviricetes;;
k127_729885	431	No terminal repeats	NA	1	11	0.8080	NA	1	1.7183	Viruses;Duplodnaviria;Heunggongvirae;Uroviricota;Caudoviricetes;;
k127_219506	521	No terminal repeats	NA	1	11	0.8078	NA	1	1.2306	Viruses;Duplodnaviria;Heunggongvirae;Uroviricota;Caudoviricetes;;
k127_578569	747	No terminal repeats	NA	1	11	0.8073	NA	1	1.3450	Viruses;Duplodnaviria;Heunggongvirae;Uroviricota;Caudoviricetes;;
k127_711620	1199	No terminal repeats	NA	1	11	0.8072	NA	1	1.7183	Viruses;Duplodnaviria;Heunggongvirae;Uroviricota;Caudoviricetes;;
k127_269303	493	No terminal repeats	NA	1	11	0.8062	NA	1	1.3450	Viruses;Duplodnaviria;Heunggongvirae;Uroviricota;Caudoviricetes;;
k127_86349	890	No terminal repeats	NA	1	11	0.8058	NA	1	1.7183	Viruses;Duplodnaviria;Heunggongvirae;Uroviricota;Caudoviricetes;;
k127_253747	710	No terminal repeats	NA	1	11	0.8053	NA	1	1.2106	Viruses;Duplodnaviria;Heunggongvirae;Uroviricota;Caudoviricetes;;
k127_616727	429	No terminal repeats	NA	1	11	0.8053	NA	1	1.7183	Viruses;Duplodnaviria;Heunggongvirae;Uroviricota;Caudoviricetes;;
k127_858405	327	No terminal repeats	NA	1	11	0.8051	NA	1	1.3821	Viruses;Duplodnaviria;Heunggongvirae;Uroviricota;Caudoviricetes;;Autographiviridae
k127_559561	313	No terminal repeats	NA	1	11	0.8047	NA	1	1.4815	Viruses;Duplodnaviria;Heunggongvirae;Uroviricota;Caudoviricetes;;
k127_273469	435	No terminal repeats	NA	1	11	0.8040	NA	1	1.0383	Viruses;Duplodnaviria;Heunggongvirae;Uroviricota;Caudoviricetes;;
k127_563079	461	No terminal repeats	NA	2	11	0.8032	NA	1	1.7183	Viruses;Duplodnaviria;Heunggongvirae;Uroviricota;Caudoviricetes;;
k127_177915	364	No terminal repeats	NA	1	11	0.8009	NA	1	1.3562	Viruses;Duplodnaviria;Heunggongvirae;Uroviricota;Caudoviricetes;;
k127_465424	630	No terminal repeats	NA	2	11	0.8004	NA	1	1.4073	Viruses;Duplodnaviria;Heunggongvirae;Uroviricota;Caudoviricetes;;
k127_205572	594	No terminal repeats	NA	2	11	0.7999	NA	1	1.7183	Viruses;Duplodnaviria;Heunggongvirae;Uroviricota;Caudoviricetes;;
k127_97142	386	No terminal repeats	NA	1	11	0.7990	NA	1	1.6407	Viruses;Duplodnaviria;Heunggongvirae;Uroviricota;Caudoviricetes;;
k127_911329	627	No terminal repeats	NA	1	11	0.7984	NA	1	1.2332	Viruses;Duplodnaviria;Heunggongvirae;Uroviricota;Caudoviricetes;;
k127_380253	1515	No terminal repeats	NA	1	11	0.7983	NA	1	1.3388	Viruses;Duplodnaviria;Heunggongvirae;Uroviricota;Caudoviricetes;;
k127_735646	352	No terminal repeats	NA	1	11	0.7982	NA	1	1.3074	Viruses;Duplodnaviria;Heunggongvirae;Uroviricota;Caudoviricetes;;
k127_785295	435	No terminal repeats	NA	1	11	0.7978	NA	1	1.4979	Viruses;Duplodnaviria;Heunggongvirae;Uroviricota;Caudoviricetes;;
k127_704263	437	No terminal repeats	NA	1	11	0.7975	NA	1	1.3427	Viruses;Duplodnaviria;Heunggongvirae;Uroviricota;Caudoviricetes;;
k127_278128	365	No terminal repeats	NA	1	11	0.7944	NA	1	1.2975	Viruses;Duplodnaviria;Heunggongvirae;Uroviricota;Caudoviricetes;;
k127_416399	678	No terminal repeats	NA	1	11	0.7936	NA	1	1.2306	Viruses;Duplodnaviria;Heunggongvirae;Uroviricota;Caudoviricetes;;
k127_687004	1849	No terminal repeats	NA	2	11	0.7929	NA	1	1.7183	Viruses;Duplodnaviria;Heunggongvirae;Uroviricota;Caudoviricetes;;
k127_693720	2832	No terminal repeats	NA	1	11	0.7926	NA	0	1.7183	Viruses;Duplodnaviria;Heunggongvirae;Uroviricota;Caudoviricetes;;
k127_826803	1157	No terminal repeats	NA	1	11	0.7879	NA	1	1.7183	Viruses;Duplodnaviria;Heunggongvirae;Uroviricota;Caudoviricetes;;
k127_699997	383	No terminal repeats	NA	1	11	0.7876	NA	1	1.3450	Viruses;Duplodnaviria;Heunggongvirae;Uroviricota;Caudoviricetes;;
k127_877294	1572	No terminal repeats	NA	3	11	0.7874	NA	1	2.8776	Viruses;Duplodnaviria;Heunggongvirae;Uroviricota;Caudoviricetes;;
k127_897385	354	No terminal repeats	NA	1	11	0.7873	NA	1	1.4343	Viruses;Duplodnaviria;Heunggongvirae;Uroviricota;Caudoviricetes;;
k127_501296	324	No terminal repeats	NA	1	11	0.7871	NA	1	1.0597	Unclassified
k127_57497	415	No terminal repeats	NA	1	11	0.7861	NA	1	1.3450	Viruses;Duplodnaviria;Heunggongvirae;Uroviricota;Caudoviricetes;;
k127_246543	309	No terminal repeats	NA	1	11	0.7861	NA	1	1.7110	Viruses;Duplodnaviria;Heunggongvirae;Uroviricota;Caudoviricetes;;
k127_148725	477	No terminal repeats	NA	1	11	0.7846	NA	1	1.7183	Viruses;Duplodnaviria;Heunggongvirae;Uroviricota;Caudoviricetes;;
k127_457387	448	No terminal repeats	NA	1	11	0.7846	NA	1	1.3450	Viruses;Duplodnaviria;Heunggongvirae;Uroviricota;Caudoviricetes;;
k127_280743	469	No terminal repeats	NA	1	11	0.7843	NA	1	1.7183	Viruses;Duplodnaviria;Heunggongvirae;Uroviricota;Caudoviricetes;;
k127_850896	320	No terminal repeats	NA	1	11	0.7842	NA	1	1.3343	Viruses;Duplodnaviria;Heunggongvirae;Uroviricota;Caudoviricetes;;
k127_462588	4911	No terminal repeats	NA	3	11	0.7835	NA	0	1.7183	Viruses;Varidnaviria;Bamfordvirae;Nucleocytoviricota;Megaviricetes;Imitervirales;Mimiviridae
k127_553291	1174	No terminal repeats	NA	3	11	0.7831	NA	2	3.2456	Viruses;Duplodnaviria;Heunggongvirae;Uroviricota;Caudoviricetes;;
k127_622432	344	No terminal repeats	NA	1	11	0.7830	NA	1	1.6360	Viruses;Duplodnaviria;Heunggongvirae;Uroviricota;Caudoviricetes;;
k127_516120	497	No terminal repeats	NA	1	11	0.7823	NA	1	1.3483	Unclassified
k127_796926	330	No terminal repeats	NA	1	11	0.7821	NA	1	1.1077	Viruses;Duplodnaviria;Heunggongvirae;Uroviricota;Caudoviricetes;;
k127_61711	494	No terminal repeats	NA	2	11	0.7794	NA	1	1.7183	Viruses;Duplodnaviria;Heunggongvirae;Uroviricota;Caudoviricetes;;Straboviridae
k127_419155	2731	No terminal repeats	NA	5	11	0.7783	NA	0	1.7183	Viruses;Duplodnaviria;Heunggongvirae;Uroviricota;Caudoviricetes;;
k127_351505	347	No terminal repeats	NA	1	11	0.7780	NA	1	1.2997	Viruses;Duplodnaviria;Heunggongvirae;Uroviricota;Caudoviricetes;;
k127_596134	622	No terminal repeats	NA	1	11	0.7773	NA	1	1.4880	Viruses;Duplodnaviria;Heunggongvirae;Uroviricota;Caudoviricetes;;
k127_801499	871	No terminal repeats	NA	1	11	0.7773	NA	1	1.7183	Viruses;Duplodnaviria;Heunggongvirae;Uroviricota;Caudoviricetes;;
k127_909010	507	No terminal repeats	NA	1	11	0.7768	NA	1	1.4483	Viruses;Duplodnaviria;Heunggongvirae;Uroviricota;Caudoviricetes;;
k127_45865	1365	No terminal repeats	NA	2	11	0.7765	NA	2	2.2357	Viruses;Duplodnaviria;Heunggongvirae;Uroviricota;Caudoviricetes;;
k127_221457	1263	No terminal repeats	NA	3	11	0.7764	NA	1	1.7183	Viruses;Duplodnaviria;Heunggongvirae;Uroviricota;Caudoviricetes;;
k127_472238	560	No terminal repeats	NA	2	11	0.7758	NA	1	1.7183	Viruses;Duplodnaviria;Heunggongvirae;Uroviricota;Caudoviricetes;;
k127_339052	455	No terminal repeats	NA	2	11	0.7754	NA	1	1.7176	Viruses;Duplodnaviria;Heunggongvirae;Uroviricota;Caudoviricetes;;
k127_755775	320	No terminal repeats	NA	1	11	0.7751	NA	1	1.1808	Viruses;Duplodnaviria;Heunggongvirae;Uroviricota;Caudoviricetes;;
k127_924472	1215	No terminal repeats	NA	3	11	0.7745	NA	1	2.4690	Viruses;Duplodnaviria;Heunggongvirae;Uroviricota;Caudoviricetes;;
k127_909527	2375	No terminal repeats	NA	2	11	0.7727	NA	1	1.7183	Viruses;Duplodnaviria;Heunggongvirae;Uroviricota;Caudoviricetes;;
k127_566792	955	No terminal repeats	NA	1	11	0.7721	NA	1	1.0383	Viruses;Duplodnaviria;Heunggongvirae;Uroviricota;Caudoviricetes;;
k127_322208	3662	No terminal repeats	NA	5	11	0.7692	NA	2	3.0605	Viruses;Duplodnaviria;Heunggongvirae;Uroviricota;Caudoviricetes;;
k127_50830	361	No terminal repeats	NA	1	11	0.7689	NA	1	1.4343	Viruses;Duplodnaviria;Heunggongvirae;Uroviricota;Caudoviricetes;;
k127_317686	367	No terminal repeats	NA	1	11	0.7689	NA	1	1.3562	Viruses;Duplodnaviria;Heunggongvirae;Uroviricota;Caudoviricetes;;
k127_107849	1158	No terminal repeats	NA	1	11	0.7686	NA	1	1.7136	Viruses;Duplodnaviria;Heunggongvirae;Uroviricota;Caudoviricetes;;
k127_850918	449	No terminal repeats	NA	1	11	0.7682	NA	1	1.0756	Viruses;Duplodnaviria;Heunggongvirae;Uroviricota;Caudoviricetes;;
k127_336376	309	No terminal repeats	NA	1	11	0.7669	NA	1	1.1095	Unclassified
k127_609048	986	No terminal repeats	NA	1	11	0.7668	NA	1	1.7183	Viruses;Duplodnaviria;Heunggongvirae;Uroviricota;Caudoviricetes;;
k127_377982	588	No terminal repeats	NA	1	11	0.7662	NA	1	1.7183	Viruses;Duplodnaviria;Heunggongvirae;Uroviricota;Caudoviricetes;;
k127_108837	2070	No terminal repeats	NA	2	11	0.7654	NA	1	1.7183	Viruses;Riboviria;Orthornavirae;Pisuviricota;Stelpaviricetes;Patatavirales;Potyviridae
k127_364264	787	No terminal repeats	NA	1	11	0.7654	NA	1	1.2306	Viruses;Duplodnaviria;Heunggongvirae;Uroviricota;Caudoviricetes;;
k127_237365	372	No terminal repeats	NA	1	11	0.7643	NA	1	1.0597	Unclassified
k127_100880	962	No terminal repeats	NA	1	11	0.7639	NA	1	1.7183	Viruses;Duplodnaviria;Heunggongvirae;Uroviricota;Caudoviricetes;;
k127_578436	598	No terminal repeats	NA	2	11	0.7631	NA	1	1.0569	Viruses;Duplodnaviria;Heunggongvirae;Uroviricota;Caudoviricetes;;
k127_779332	426	No terminal repeats	NA	1	11	0.7628	NA	1	1.2332	Viruses;Duplodnaviria;Heunggongvirae;Uroviricota;Caudoviricetes;;
k127_386333	341	No terminal repeats	NA	1	11	0.7624	NA	1	1.3388	Viruses;Duplodnaviria;Heunggongvirae;Uroviricota;Caudoviricetes;;
k127_678669	831	No terminal repeats	NA	1	11	0.7594	NA	1	1.2332	Viruses;Duplodnaviria;Heunggongvirae;Uroviricota;Caudoviricetes;;
k127_478334	369	No terminal repeats	NA	1	11	0.7585	NA	1	1.1178	Viruses;Duplodnaviria;Heunggongvirae;Uroviricota;Caudoviricetes;;
k127_770860	328	No terminal repeats	NA	1	11	0.7579	NA	1	1.2684	Viruses;Duplodnaviria;Heunggongvirae;Uroviricota;Caudoviricetes;;
k127_700947	410	No terminal repeats	NA	1	11	0.7577	NA	1	1.5210	Viruses;Duplodnaviria;Heunggongvirae;Uroviricota;Caudoviricetes;;
k127_77654	468	No terminal repeats	NA	1	11	0.7576	NA	1	1.4533	Viruses;Duplodnaviria;Heunggongvirae;Uroviricota;Caudoviricetes;;
k127_126185	537	No terminal repeats	NA	2	11	0.7555	NA	1	1.4506	Viruses;Duplodnaviria;Heunggongvirae;Uroviricota;Caudoviricetes;;
k127_906513	310	No terminal repeats	NA	1	11	0.7506	NA	1	1.1750	Viruses;Duplodnaviria;Heunggongvirae;Uroviricota;Caudoviricetes;;
k127_435518	957	No terminal repeats	NA	2	11	0.7502	NA	1	1.3326	Viruses;Duplodnaviria;Heunggongvirae;Uroviricota;Caudoviricetes;;
k127_95798	562	No terminal repeats	NA	1	11	0.7491	NA	1	1.3307	Viruses;Duplodnaviria;Heunggongvirae;Uroviricota;Caudoviricetes;;
k127_648939	729	No terminal repeats	NA	1	11	0.7489	NA	1	1.7183	Viruses;Duplodnaviria;Heunggongvirae;Uroviricota;Caudoviricetes;;
k127_479026	733	No terminal repeats	NA	2	11	0.7486	NA	1	1.6696	Viruses;Duplodnaviria;Heunggongvirae;Uroviricota;Caudoviricetes;;
k127_427113	355	No terminal repeats	NA	1	11	0.7484	NA	1	1.4903	Viruses;Duplodnaviria;Heunggongvirae;Uroviricota;Caudoviricetes;;
k127_873211	1866	No terminal repeats	NA	1	11	0.7479	NA	1	1.7183	Viruses;Duplodnaviria;Heunggongvirae;Uroviricota;Caudoviricetes;;
k127_668311	586	No terminal repeats	NA	3	11	0.7475	NA	1	1.2266	Viruses;Duplodnaviria;Heunggongvirae;Uroviricota;Caudoviricetes;;
k127_36618	362	No terminal repeats	NA	2	11	0.7468	NA	1	1.6983	Viruses;Duplodnaviria;Heunggongvirae;Uroviricota;Caudoviricetes;;Mesyanzhinovviridae
k127_634668	560	No terminal repeats	NA	1	11	0.7468	NA	1	1.0639	Viruses;Duplodnaviria;Heunggongvirae;Uroviricota;Caudoviricetes;;
k127_776553	404	No terminal repeats	NA	1	11	0.7450	NA	1	1.5058	Unclassified
k127_884146	309	No terminal repeats	NA	1	11	0.7436	NA	1	1.6669	Viruses;Duplodnaviria;Heunggongvirae;Uroviricota;Caudoviricetes;;
k127_447587	306	No terminal repeats	NA	1	11	0.7435	NA	1	1.1744	Viruses;Duplodnaviria;Heunggongvirae;Uroviricota;Caudoviricetes;;
k127_845361	502	No terminal repeats	NA	1	11	0.7423	NA	1	1.3450	Viruses;Duplodnaviria;Heunggongvirae;Uroviricota;Caudoviricetes;;
k127_596567	329	No terminal repeats	NA	1	11	0.7416	NA	1	1.3342	Viruses;Duplodnaviria;Heunggongvirae;Uroviricota;Caudoviricetes;;
k127_720816	598	No terminal repeats	NA	1	11	0.7407	NA	1	1.7165	Viruses;Duplodnaviria;Heunggongvirae;Uroviricota;Caudoviricetes;;
k127_593513	584	No terminal repeats	NA	2	11	0.7404	NA	1	1.5081	Viruses;Duplodnaviria;Heunggongvirae;Uroviricota;Caudoviricetes;;
k127_538305	625	No terminal repeats	NA	1	11	0.7395	NA	1	1.2306	Viruses;Duplodnaviria;Heunggongvirae;Uroviricota;Caudoviricetes;;
k127_486491	1068	No terminal repeats	NA	2	11	0.7357	NA	1	1.7183	Viruses;Duplodnaviria;Heunggongvirae;Uroviricota;Caudoviricetes;;
k127_164412	350	No terminal repeats	NA	1	11	0.7354	NA	1	1.3139	Viruses;Duplodnaviria;Heunggongvirae;Uroviricota;Caudoviricetes;;
k127_731127	675	No terminal repeats	NA	2	11	0.7352	NA	1	1.7183	Viruses;Duplodnaviria;Heunggongvirae;Uroviricota;Caudoviricetes;;
k127_345621	594	No terminal repeats	NA	2	11	0.7344	NA	1	1.7183	Viruses;Duplodnaviria;Heunggongvirae;Uroviricota;Caudoviricetes;;
k127_400721	2871	No terminal repeats	NA	1	11	0.7331	NA	0	0.0000	Unclassified
k127_433263	460	No terminal repeats	NA	1	11	0.7319	NA	1	1.0383	Viruses;Duplodnaviria;Heunggongvirae;Uroviricota;Caudoviricetes;;
k127_328038	716	No terminal repeats	NA	1	11	0.7317	NA	1	1.7171	Viruses;Duplodnaviria;Heunggongvirae;Uroviricota;Caudoviricetes;;
k127_518753	1100	No terminal repeats	NA	1	11	0.7315	NA	1	1.7183	Viruses;Duplodnaviria;Heunggongvirae;Uroviricota;Caudoviricetes;;
k127_600620	328	No terminal repeats	NA	1	11	0.7302	NA	1	1.5481	Viruses;Duplodnaviria;Heunggongvirae;Uroviricota;Caudoviricetes;;
k127_523333	425	No terminal repeats	NA	1	11	0.7282	NA	1	1.2335	Viruses;Duplodnaviria;Heunggongvirae;Uroviricota;Caudoviricetes;;
k127_36515	443	No terminal repeats	NA	1	11	0.7275	NA	1	1.4062	Viruses;Duplodnaviria;Heunggongvirae;Uroviricota;Caudoviricetes;;
k127_869281	921	No terminal repeats	NA	2	11	0.7258	NA	1	1.4689	Viruses;Duplodnaviria;Heunggongvirae;Uroviricota;Caudoviricetes;;
k127_22903	1813	No terminal repeats	NA	1	11	0.7258	NA	1	1.7183	Viruses;Duplodnaviria;Heunggongvirae;Uroviricota;Caudoviricetes;;
k127_120056	319	No terminal repeats	NA	1	11	0.7256	NA	1	1.6721	Unclassified
k127_359456	972	No terminal repeats	NA	1	11	0.7231	NA	1	1.2306	Viruses;Duplodnaviria;Heunggongvirae;Uroviricota;Caudoviricetes;;
k127_406594	2783	No terminal repeats	NA	3	11	0.7214	NA	0	3.4366	Viruses;Duplodnaviria;Heunggongvirae;Uroviricota;Caudoviricetes;;
k127_452143	1417	No terminal repeats	NA	2	11	0.7200	NA	1	3.4366	Viruses;Duplodnaviria;Heunggongvirae;Uroviricota;Caudoviricetes;;
k127_338550	304	No terminal repeats	NA	1	11	0.7198	NA	1	1.3358	Viruses;Duplodnaviria;Heunggongvirae;Uroviricota;Caudoviricetes;;
k127_8052	539	No terminal repeats	NA	1	11	0.7192	NA	1	1.0756	Viruses;Duplodnaviria;Heunggongvirae;Uroviricota;Caudoviricetes;;
k127_861403	525	No terminal repeats	NA	1	11	0.7189	NA	1	1.0784	Viruses;Duplodnaviria;Heunggongvirae;Uroviricota;Caudoviricetes;;
k127_314348	1686	No terminal repeats	NA	2	11	0.7183	NA	1	1.7183	Viruses;Duplodnaviria;Heunggongvirae;Uroviricota;Caudoviricetes;;
k127_418011	355	No terminal repeats	NA	1	11	0.7183	NA	1	1.7072	Viruses;Duplodnaviria;Heunggongvirae;Uroviricota;Caudoviricetes;;
k127_221629	813	No terminal repeats	NA	1	11	0.7172	NA	1	1.4409	Viruses;Duplodnaviria;Heunggongvirae;Uroviricota;Caudoviricetes;;
k127_375163	1388	No terminal repeats	NA	2	11	0.7170	NA	1	1.2850	Unclassified
k127_241681	577	No terminal repeats	NA	1	11	0.7157	NA	1	1.2306	Viruses;Duplodnaviria;Heunggongvirae;Uroviricota;Caudoviricetes;;
k127_299590	317	No terminal repeats	NA	1	11	0.7149	NA	1	1.7173	Viruses;Duplodnaviria;Heunggongvirae;Uroviricota;Caudoviricetes;;
k127_575016	789	No terminal repeats	NA	2	11	0.7122	NA	1	1.4060	Viruses;Duplodnaviria;Heunggongvirae;Uroviricota;Caudoviricetes;;
k127_93134	305	No terminal repeats	NA	1	11	0.7096	NA	1	1.3562	Viruses;Duplodnaviria;Heunggongvirae;Uroviricota;Caudoviricetes;;
k127_476083	421	No terminal repeats	NA	1	11	0.7094	NA	1	1.6407	Viruses;Duplodnaviria;Heunggongvirae;Uroviricota;Caudoviricetes;;
k127_552053	1002	No terminal repeats	NA	2	11	0.7079	NA	1	1.7183	Viruses;Riboviria;Orthornavirae;Pisuviricota;Duplopiviricetes;Durnavirales;Partitiviridae
k127_554497	397	No terminal repeats	NA	1	11	0.7070	NA	1	1.1262	Viruses;Duplodnaviria;Heunggongvirae;Uroviricota;Caudoviricetes;;
k127_612341	520	No terminal repeats	NA	1	11	0.7064	NA	1	1.2094	Viruses;Duplodnaviria;Heunggongvirae;Uroviricota;Caudoviricetes;;
k127_874783	965	No terminal repeats	NA	2	11	0.7036	NA	1	1.7183	Unclassified
k127_35509	348	No terminal repeats	NA	1	11	0.7030	NA	1	1.4979	Viruses;Duplodnaviria;Heunggongvirae;Uroviricota;Caudoviricetes;;
k127_915712	430	No terminal repeats	NA	1	11	0.7027	NA	1	1.2306	Viruses;Duplodnaviria;Heunggongvirae;Uroviricota;Caudoviricetes;;
k127_920785	1486	No terminal repeats	NA	4	11	0.7026	NA	1	3.1048	Viruses;Duplodnaviria;Heunggongvirae;Uroviricota;Caudoviricetes;;
k127_306774	1445	No terminal repeats	NA	2	11	0.7021	NA	1	1.7183	Viruses;Duplodnaviria;Heunggongvirae;Uroviricota;Caudoviricetes;;
k127_881885	1089	No terminal repeats	NA	1	11	0.7019	NA	1	1.7183	Viruses;Duplodnaviria;Heunggongvirae;Uroviricota;Caudoviricetes;;
k127_256315	1281	No terminal repeats	NA	2	11	0.7019	NA	1	1.7183	Viruses;Duplodnaviria;Heunggongvirae;Uroviricota;Caudoviricetes;;Drexlerviridae
k127_390766	1021	No terminal repeats	NA	1	11	0.7016	NA	1	1.1618	Unclassified
k127_131621	364	No terminal repeats	NA	1	11	0.7004	NA	1	1.6782	Viruses;Duplodnaviria;Heunggongvirae;Uroviricota;Caudoviricetes;;
