seq_name	length	topology	coordinates	n_genes	genetic_code	virus_score	fdr	n_hallmarks	marker_enrichment	taxonomy
k127_1525801	5513	DTR	NA	9	11	0.9821	NA	3	12.0280	Viruses;Monodnaviria;Sangervirae;Phixviricota;Malgrandaviricetes;Petitvirales;Microviridae
k127_1105159|provirus_3_21594	21592	Provirus	3-21594	28	11	0.9779	NA	6	29.3112	Viruses;Duplodnaviria;Heunggongvirae;Uroviricota;Caudoviricetes;;
k127_1382394	1558	No terminal repeats	NA	2	11	0.9748	NA	1	3.0581	Viruses;Duplodnaviria;Heunggongvirae;Uroviricota;Caudoviricetes;;
k127_366521	511	No terminal repeats	NA	1	11	0.9747	NA	1	1.7183	Viruses;Riboviria;Orthornavirae;Pisuviricota;Pisoniviricetes;Picornavirales;
k127_675285	1584	No terminal repeats	NA	3	11	0.9742	NA	1	5.1500	Viruses;Duplodnaviria;Heunggongvirae;Uroviricota;Caudoviricetes;;
k127_1328177	1387	No terminal repeats	NA	2	11	0.9737	NA	2	3.4366	Viruses;Duplodnaviria;Heunggongvirae;Uroviricota;Caudoviricetes;;
k127_849596	508	No terminal repeats	NA	1	11	0.9731	NA	1	1.7183	Viruses;Duplodnaviria;Heunggongvirae;Uroviricota;Caudoviricetes;;
k127_624466	303	No terminal repeats	NA	1	11	0.9699	NA	1	1.5240	Viruses;Duplodnaviria;Heunggongvirae;Uroviricota;Caudoviricetes;;
k127_617033	357	No terminal repeats	NA	1	11	0.9694	NA	1	1.4595	Viruses;Duplodnaviria;Heunggongvirae;Uroviricota;Caudoviricetes;;
k127_396894	561	No terminal repeats	NA	1	11	0.9691	NA	1	1.5278	Viruses;Duplodnaviria;Heunggongvirae;Uroviricota;Caudoviricetes;;
k127_1233137	433	No terminal repeats	NA	1	11	0.9688	NA	1	1.7183	Viruses;Duplodnaviria;Heunggongvirae;Uroviricota;Caudoviricetes;;Straboviridae
k127_1304562	366	No terminal repeats	NA	1	11	0.9675	NA	1	1.7183	Viruses;Duplodnaviria;Heunggongvirae;Uroviricota;Caudoviricetes;;
k127_518766	307	No terminal repeats	NA	1	11	0.9672	NA	1	1.7183	Viruses;Duplodnaviria;Heunggongvirae;Uroviricota;Caudoviricetes;;
k127_317672	324	No terminal repeats	NA	1	11	0.9666	NA	1	1.7183	Unclassified
k127_270827	634	No terminal repeats	NA	2	11	0.9661	NA	1	3.4366	Unclassified
k127_1263022	2482	No terminal repeats	NA	3	11	0.9658	NA	1	4.4632	Unclassified
k127_1411441	535	No terminal repeats	NA	1	11	0.9656	NA	1	1.7183	Viruses;Duplodnaviria;Heunggongvirae;Uroviricota;Caudoviricetes;;
k127_1135660	334	No terminal repeats	NA	1	11	0.9627	NA	1	1.4595	Viruses;Duplodnaviria;Heunggongvirae;Uroviricota;Caudoviricetes;;
k127_940731	311	No terminal repeats	NA	1	11	0.9623	NA	1	1.5151	Viruses;Duplodnaviria;Heunggongvirae;Uroviricota;Caudoviricetes;;
k127_205013	357	No terminal repeats	NA	1	11	0.9622	NA	1	1.7183	Viruses;Duplodnaviria;Heunggongvirae;Uroviricota;Caudoviricetes;;
k127_108547	449	No terminal repeats	NA	1	11	0.9618	NA	1	1.4652	Viruses;Duplodnaviria;Heunggongvirae;Uroviricota;Caudoviricetes;;
k127_319688	398	No terminal repeats	NA	1	11	0.9617	NA	1	1.7183	Viruses;Duplodnaviria;Heunggongvirae;Uroviricota;Caudoviricetes;;
k127_80185	303	No terminal repeats	NA	1	11	0.9610	NA	1	1.7183	Viruses;Duplodnaviria;Heunggongvirae;Uroviricota;Caudoviricetes;;
k127_1014128	377	No terminal repeats	NA	2	11	0.9603	NA	1	3.4352	Viruses;Duplodnaviria;Heunggongvirae;Uroviricota;Caudoviricetes;;
k127_1199214	407	No terminal repeats	NA	1	11	0.9595	NA	1	1.7183	Viruses;Duplodnaviria;Heunggongvirae;Uroviricota;Caudoviricetes;;
k127_831205	339	No terminal repeats	NA	1	11	0.9592	NA	1	1.7183	Viruses;Duplodnaviria;Heunggongvirae;Uroviricota;Caudoviricetes;;
k127_315912	341	No terminal repeats	NA	1	11	0.9589	NA	1	1.7183	Viruses;Duplodnaviria;Heunggongvirae;Uroviricota;Caudoviricetes;;
k127_1425371	1687	No terminal repeats	NA	2	11	0.9584	NA	1	2.9003	Viruses;Duplodnaviria;Heunggongvirae;Uroviricota;Caudoviricetes;;
k127_271445	396	No terminal repeats	NA	1	11	0.9583	NA	1	1.4595	Viruses;Duplodnaviria;Heunggongvirae;Uroviricota;Caudoviricetes;;
k127_109814	322	No terminal repeats	NA	1	11	0.9581	NA	1	1.7183	Viruses;Duplodnaviria;Heunggongvirae;Uroviricota;Caudoviricetes;;
k127_959827	472	No terminal repeats	NA	1	11	0.9581	NA	1	1.7183	Viruses;Duplodnaviria;Heunggongvirae;Uroviricota;Caudoviricetes;;
k127_900534	324	No terminal repeats	NA	1	11	0.9581	NA	1	1.7183	Viruses;Duplodnaviria;Heunggongvirae;Uroviricota;Caudoviricetes;;
k127_919831	564	No terminal repeats	NA	1	11	0.9580	NA	1	1.7183	Viruses;Duplodnaviria;Heunggongvirae;Uroviricota;Caudoviricetes;;
k127_1168531	301	No terminal repeats	NA	1	11	0.9575	NA	1	1.7183	Viruses;Duplodnaviria;Heunggongvirae;Uroviricota;Caudoviricetes;;
k127_193910	477	No terminal repeats	NA	1	11	0.9566	NA	1	1.4595	Viruses;Duplodnaviria;Heunggongvirae;Uroviricota;Caudoviricetes;;
k127_476970	399	No terminal repeats	NA	1	11	0.9557	NA	1	1.7183	Viruses;Duplodnaviria;Heunggongvirae;Uroviricota;Caudoviricetes;;
k127_1122483	425	No terminal repeats	NA	1	11	0.9555	NA	1	1.7183	Viruses;Duplodnaviria;Heunggongvirae;Uroviricota;Caudoviricetes;;
k127_1445919	350	No terminal repeats	NA	1	11	0.9554	NA	1	1.7183	Viruses;Duplodnaviria;Heunggongvirae;Uroviricota;Caudoviricetes;;
k127_818418	350	No terminal repeats	NA	1	11	0.9554	NA	1	1.7183	Viruses;Duplodnaviria;Heunggongvirae;Uroviricota;Caudoviricetes;;
k127_122095	5590	No terminal repeats	NA	2	11	0.9554	NA	0	2.9536	Viruses;Varidnaviria;Bamfordvirae;Nucleocytoviricota;Megaviricetes;Pimascovirales;Iridoviridae
k127_424237	323	No terminal repeats	NA	1	11	0.9550	NA	1	1.4595	Viruses;Duplodnaviria;Heunggongvirae;Uroviricota;Caudoviricetes;;
k127_667622	328	No terminal repeats	NA	1	11	0.9546	NA	1	1.5961	Unclassified
k127_1259334	1172	No terminal repeats	NA	1	11	0.9544	NA	1	1.7183	Viruses;Duplodnaviria;Heunggongvirae;Uroviricota;Caudoviricetes;;
k127_839302	387	No terminal repeats	NA	1	11	0.9541	NA	1	1.7183	Viruses;Duplodnaviria;Heunggongvirae;Uroviricota;Caudoviricetes;;
k127_1007262	601	No terminal repeats	NA	1	11	0.9539	NA	1	1.7183	Viruses;Duplodnaviria;Heunggongvirae;Uroviricota;Caudoviricetes;;
k127_1156347	390	No terminal repeats	NA	1	11	0.9538	NA	1	1.7183	Viruses;Duplodnaviria;Heunggongvirae;Uroviricota;Caudoviricetes;;Drexlerviridae
k127_481788	323	No terminal repeats	NA	1	11	0.9538	NA	1	1.7183	Viruses;Duplodnaviria;Heunggongvirae;Uroviricota;Caudoviricetes;;
k127_424211	754	No terminal repeats	NA	1	11	0.9535	NA	1	1.7183	Viruses;Duplodnaviria;Heunggongvirae;Uroviricota;Caudoviricetes;;
k127_678232	438	No terminal repeats	NA	1	11	0.9534	NA	1	1.7183	Viruses;Duplodnaviria;Heunggongvirae;Uroviricota;Caudoviricetes;;
k127_541866	3161	No terminal repeats	NA	1	11	0.9527	NA	0	1.7183	Viruses;Duplodnaviria;Heunggongvirae;Uroviricota;Caudoviricetes;;
k127_314855	368	No terminal repeats	NA	1	11	0.9523	NA	1	1.7183	Viruses;Duplodnaviria;Heunggongvirae;Uroviricota;Caudoviricetes;;
k127_1385715	723	No terminal repeats	NA	1	11	0.9521	NA	1	1.7183	Viruses;Duplodnaviria;Heunggongvirae;Uroviricota;Caudoviricetes;;
k127_997670	381	No terminal repeats	NA	1	11	0.9517	NA	1	1.7183	Viruses;Duplodnaviria;Heunggongvirae;Uroviricota;Caudoviricetes;;
k127_255163	427	No terminal repeats	NA	1	11	0.9517	NA	1	1.7183	Viruses;Duplodnaviria;Heunggongvirae;Uroviricota;Caudoviricetes;;
k127_301667	327	No terminal repeats	NA	1	11	0.9513	NA	1	1.7183	Viruses;Duplodnaviria;Heunggongvirae;Uroviricota;Caudoviricetes;;
k127_1282420	320	No terminal repeats	NA	1	11	0.9510	NA	1	1.7183	Viruses;Duplodnaviria;Heunggongvirae;Uroviricota;Caudoviricetes;;
k127_698797	312	No terminal repeats	NA	1	11	0.9509	NA	1	1.7183	Viruses;Duplodnaviria;Heunggongvirae;Uroviricota;Caudoviricetes;;
k127_435019	491	No terminal repeats	NA	1	11	0.9507	NA	1	1.7183	Viruses;Duplodnaviria;Heunggongvirae;Uroviricota;Caudoviricetes;;
k127_1513102	369	No terminal repeats	NA	1	11	0.9504	NA	1	1.7183	Unclassified
k127_103712	468	No terminal repeats	NA	1	11	0.9504	NA	1	1.7183	Viruses;Duplodnaviria;Heunggongvirae;Uroviricota;Caudoviricetes;;
k127_146622	313	No terminal repeats	NA	1	11	0.9504	NA	1	1.7183	Viruses;Duplodnaviria;Heunggongvirae;Uroviricota;Caudoviricetes;;
k127_522670	478	No terminal repeats	NA	2	11	0.9499	NA	1	1.7183	Viruses;Duplodnaviria;Heunggongvirae;Uroviricota;Caudoviricetes;;
k127_442106	597	No terminal repeats	NA	1	11	0.9495	NA	1	1.7183	Viruses;Duplodnaviria;Heunggongvirae;Uroviricota;Caudoviricetes;;
k127_287817	357	No terminal repeats	NA	1	11	0.9494	NA	1	1.7183	Viruses;Duplodnaviria;Heunggongvirae;Uroviricota;Caudoviricetes;;
k127_1317252	307	No terminal repeats	NA	1	11	0.9490	NA	1	1.7183	Viruses;Duplodnaviria;Heunggongvirae;Uroviricota;Caudoviricetes;;
k127_757901	406	No terminal repeats	NA	1	11	0.9490	NA	1	1.5156	Viruses;Duplodnaviria;Heunggongvirae;Uroviricota;Caudoviricetes;;
k127_1074988	308	No terminal repeats	NA	1	11	0.9488	NA	1	1.7183	Viruses;Duplodnaviria;Heunggongvirae;Uroviricota;Caudoviricetes;;
k127_1249377	432	No terminal repeats	NA	1	11	0.9487	NA	1	1.7183	Viruses;Duplodnaviria;Heunggongvirae;Uroviricota;Caudoviricetes;;
k127_1450791	323	No terminal repeats	NA	1	11	0.9481	NA	1	1.7183	Viruses;Duplodnaviria;Heunggongvirae;Uroviricota;Caudoviricetes;;
k127_70907	412	No terminal repeats	NA	1	11	0.9480	NA	1	1.7183	Viruses;Duplodnaviria;Heunggongvirae;Uroviricota;Caudoviricetes;;
k127_1330401	363	No terminal repeats	NA	1	11	0.9478	NA	1	1.3060	Viruses;Duplodnaviria;Heunggongvirae;Uroviricota;Caudoviricetes;;
k127_85098	489	No terminal repeats	NA	1	11	0.9474	NA	1	1.7183	Viruses;Duplodnaviria;Heunggongvirae;Uroviricota;Caudoviricetes;;
k127_1270403	392	No terminal repeats	NA	1	11	0.9473	NA	1	1.5134	Viruses;Duplodnaviria;Heunggongvirae;Uroviricota;Caudoviricetes;;
k127_401152	337	No terminal repeats	NA	1	11	0.9472	NA	1	1.4762	Unclassified
k127_1487357	615	No terminal repeats	NA	1	11	0.9471	NA	1	1.4595	Viruses;Duplodnaviria;Heunggongvirae;Uroviricota;Caudoviricetes;;
k127_1039078	359	No terminal repeats	NA	1	11	0.9471	NA	1	1.7183	Viruses;Duplodnaviria;Heunggongvirae;Uroviricota;Caudoviricetes;;
k127_1211734	389	No terminal repeats	NA	2	11	0.9470	NA	1	3.0735	Viruses;Duplodnaviria;Heunggongvirae;Uroviricota;Caudoviricetes;;
k127_771094	1488	No terminal repeats	NA	2	11	0.9470	NA	1	2.7197	Unclassified
k127_78473	375	No terminal repeats	NA	1	11	0.9468	NA	1	1.7183	Viruses;Duplodnaviria;Heunggongvirae;Uroviricota;Caudoviricetes;;
k127_1031355	470	No terminal repeats	NA	1	11	0.9467	NA	1	1.4595	Viruses;Duplodnaviria;Heunggongvirae;Uroviricota;Caudoviricetes;;
k127_1359878	336	No terminal repeats	NA	1	11	0.9467	NA	1	1.7183	Viruses;Duplodnaviria;Heunggongvirae;Uroviricota;Caudoviricetes;;
k127_1437181	439	No terminal repeats	NA	1	11	0.9458	NA	1	1.7183	Viruses;Duplodnaviria;Heunggongvirae;Uroviricota;Caudoviricetes;;
k127_939096	372	No terminal repeats	NA	1	11	0.9458	NA	1	1.7183	Viruses;Duplodnaviria;Heunggongvirae;Uroviricota;Caudoviricetes;;
k127_1412829	373	No terminal repeats	NA	1	11	0.9456	NA	1	1.7183	Viruses;Riboviria;Orthornavirae;Kitrinoviricota;Tolucaviricetes;Tolivirales;Tombusviridae
k127_749416	305	No terminal repeats	NA	1	11	0.9455	NA	1	1.1496	Viruses;Duplodnaviria;Heunggongvirae;Uroviricota;Caudoviricetes;;
k127_635469	646	No terminal repeats	NA	1	11	0.9455	NA	1	1.7183	Viruses;Duplodnaviria;Heunggongvirae;Uroviricota;Caudoviricetes;;
k127_1213686	711	No terminal repeats	NA	3	11	0.9454	NA	1	1.5118	Viruses;Duplodnaviria;Heunggongvirae;Uroviricota;Caudoviricetes;;
k127_1174228	311	No terminal repeats	NA	1	11	0.9453	NA	1	1.7183	Viruses;Duplodnaviria;Heunggongvirae;Uroviricota;Caudoviricetes;;
k127_534997	354	No terminal repeats	NA	1	11	0.9452	NA	1	1.6749	Viruses;Duplodnaviria;Heunggongvirae;Uroviricota;Caudoviricetes;;
k127_722611	327	No terminal repeats	NA	1	11	0.9448	NA	1	1.7183	Viruses;Duplodnaviria;Heunggongvirae;Uroviricota;Caudoviricetes;;
k127_610590	403	No terminal repeats	NA	1	11	0.9438	NA	1	1.3697	Viruses;Duplodnaviria;Heunggongvirae;Uroviricota;Caudoviricetes;;
k127_394460	713	No terminal repeats	NA	1	11	0.9435	NA	1	1.7183	Unclassified
k127_743769	348	No terminal repeats	NA	1	11	0.9434	NA	1	1.7183	Viruses;Duplodnaviria;Heunggongvirae;Uroviricota;Caudoviricetes;;
k127_1244216	616	No terminal repeats	NA	1	11	0.9433	NA	1	1.7183	Viruses;Duplodnaviria;Heunggongvirae;Uroviricota;Caudoviricetes;;
k127_1453660	452	No terminal repeats	NA	1	11	0.9433	NA	1	1.5139	Viruses;Duplodnaviria;Heunggongvirae;Uroviricota;Caudoviricetes;;
k127_1193914	393	No terminal repeats	NA	1	11	0.9430	NA	1	1.4698	Viruses;Duplodnaviria;Heunggongvirae;Uroviricota;Caudoviricetes;;
k127_210592	1109	No terminal repeats	NA	1	11	0.9429	NA	1	1.7183	Viruses;Duplodnaviria;Heunggongvirae;Uroviricota;Caudoviricetes;;
k127_232472	528	No terminal repeats	NA	1	11	0.9429	NA	1	1.7183	Viruses;Duplodnaviria;Heunggongvirae;Uroviricota;Caudoviricetes;;
k127_1155393	379	No terminal repeats	NA	1	11	0.9428	NA	1	1.7183	Viruses;Duplodnaviria;Heunggongvirae;Uroviricota;Caudoviricetes;;
k127_616311	328	No terminal repeats	NA	1	11	0.9420	NA	1	1.7183	Viruses;Duplodnaviria;Heunggongvirae;Uroviricota;Caudoviricetes;;
k127_1358927	325	No terminal repeats	NA	1	11	0.9419	NA	1	1.7183	Viruses;Duplodnaviria;Heunggongvirae;Uroviricota;Caudoviricetes;;
k127_540932	431	No terminal repeats	NA	1	11	0.9413	NA	1	1.7183	Viruses;Duplodnaviria;Heunggongvirae;Uroviricota;Caudoviricetes;;
k127_1307834	791	No terminal repeats	NA	2	11	0.9412	NA	1	1.4563	Viruses;Duplodnaviria;Heunggongvirae;Uroviricota;Caudoviricetes;;
k127_1238989	395	No terminal repeats	NA	1	11	0.9411	NA	1	1.7183	Viruses;Duplodnaviria;Heunggongvirae;Uroviricota;Caudoviricetes;;
k127_596792	483	No terminal repeats	NA	1	11	0.9408	NA	1	1.7183	Viruses;Duplodnaviria;Heunggongvirae;Uroviricota;Caudoviricetes;;
k127_277095	789	No terminal repeats	NA	2	11	0.9404	NA	2	2.8009	Viruses;Duplodnaviria;Heunggongvirae;Uroviricota;Caudoviricetes;;
k127_997423	657	No terminal repeats	NA	1	11	0.9403	NA	1	1.6054	Viruses;Duplodnaviria;Heunggongvirae;Uroviricota;Caudoviricetes;;
k127_959111	389	No terminal repeats	NA	1	11	0.9399	NA	1	1.7183	Viruses;Duplodnaviria;Heunggongvirae;Uroviricota;Caudoviricetes;;
k127_1192021	366	No terminal repeats	NA	1	11	0.9395	NA	1	1.7183	Viruses;Duplodnaviria;Heunggongvirae;Uroviricota;Caudoviricetes;;
k127_1078938	382	No terminal repeats	NA	1	11	0.9395	NA	1	1.5164	Viruses;Duplodnaviria;Heunggongvirae;Uroviricota;Caudoviricetes;;
k127_277927	367	No terminal repeats	NA	1	11	0.9394	NA	1	1.7183	Viruses;Duplodnaviria;Heunggongvirae;Uroviricota;Caudoviricetes;;
k127_753353	316	No terminal repeats	NA	1	11	0.9394	NA	1	1.7183	Viruses;Duplodnaviria;Heunggongvirae;Uroviricota;Caudoviricetes;;
k127_264602	327	No terminal repeats	NA	1	11	0.9392	NA	1	1.7183	Viruses;Duplodnaviria;Heunggongvirae;Uroviricota;Caudoviricetes;;Autographiviridae
k127_176226	397	No terminal repeats	NA	1	11	0.9387	NA	1	1.3218	Viruses;Duplodnaviria;Heunggongvirae;Uroviricota;Caudoviricetes;;
k127_727299	360	No terminal repeats	NA	1	11	0.9385	NA	1	1.7183	Viruses;Duplodnaviria;Heunggongvirae;Uroviricota;Caudoviricetes;;
k127_583182	310	No terminal repeats	NA	1	11	0.9385	NA	1	1.5156	Viruses;Duplodnaviria;Heunggongvirae;Uroviricota;Caudoviricetes;;
k127_1029586	326	No terminal repeats	NA	1	11	0.9382	NA	1	1.7183	Viruses;Duplodnaviria;Heunggongvirae;Uroviricota;Caudoviricetes;;
k127_916530	378	No terminal repeats	NA	1	11	0.9381	NA	1	1.7183	Viruses;Duplodnaviria;Heunggongvirae;Uroviricota;Caudoviricetes;;
k127_136838	361	No terminal repeats	NA	1	11	0.9376	NA	1	1.4836	Viruses;Duplodnaviria;Heunggongvirae;Uroviricota;Caudoviricetes;;
k127_267474	579	No terminal repeats	NA	1	11	0.9375	NA	1	1.7183	Viruses;Duplodnaviria;Heunggongvirae;Uroviricota;Caudoviricetes;;
k127_1420862	389	No terminal repeats	NA	1	11	0.9375	NA	1	1.4062	Viruses;Duplodnaviria;Heunggongvirae;Uroviricota;Caudoviricetes;;
k127_989354	537	No terminal repeats	NA	1	11	0.9374	NA	1	1.7183	Viruses;Duplodnaviria;Heunggongvirae;Uroviricota;Caudoviricetes;;
k127_590581	473	No terminal repeats	NA	2	11	0.9373	NA	1	2.7854	Viruses;Duplodnaviria;Heunggongvirae;Uroviricota;Caudoviricetes;;
k127_1500414	2106	No terminal repeats	NA	2	11	0.9371	NA	1	3.4111	Viruses;Duplodnaviria;Heunggongvirae;Uroviricota;Caudoviricetes;;
k127_911811	443	No terminal repeats	NA	1	11	0.9369	NA	1	1.4595	Viruses;Duplodnaviria;Heunggongvirae;Uroviricota;Caudoviricetes;;
k127_662856	317	No terminal repeats	NA	1	11	0.9364	NA	1	1.5030	Viruses;Duplodnaviria;Heunggongvirae;Uroviricota;Caudoviricetes;;
k127_710223	310	No terminal repeats	NA	1	11	0.9363	NA	1	1.7183	Viruses;Duplodnaviria;Heunggongvirae;Uroviricota;Caudoviricetes;;
k127_27925	439	No terminal repeats	NA	1	11	0.9361	NA	1	1.7183	Viruses;Duplodnaviria;Heunggongvirae;Uroviricota;Caudoviricetes;;
k127_1192705	332	No terminal repeats	NA	1	11	0.9361	NA	1	1.7183	Viruses;Duplodnaviria;Heunggongvirae;Uroviricota;Caudoviricetes;;
k127_93195	447	No terminal repeats	NA	1	11	0.9360	NA	1	1.7183	Viruses;Duplodnaviria;Heunggongvirae;Uroviricota;Caudoviricetes;;
k127_832314	875	No terminal repeats	NA	1	11	0.9352	NA	1	1.6244	Viruses;Duplodnaviria;Heunggongvirae;Uroviricota;Caudoviricetes;;
k127_1043178	319	No terminal repeats	NA	1	11	0.9351	NA	1	1.7183	Viruses;Duplodnaviria;Heunggongvirae;Uroviricota;Caudoviricetes;;
k127_527751	395	No terminal repeats	NA	1	11	0.9350	NA	1	1.7183	Viruses;Duplodnaviria;Heunggongvirae;Uroviricota;Caudoviricetes;;
k127_820675	335	No terminal repeats	NA	1	11	0.9349	NA	1	1.7183	Unclassified
k127_558765	441	No terminal repeats	NA	1	11	0.9337	NA	1	1.7183	Viruses;Duplodnaviria;Heunggongvirae;Uroviricota;Caudoviricetes;;
k127_1384861	301	No terminal repeats	NA	1	11	0.9337	NA	1	1.4978	Viruses;Duplodnaviria;Heunggongvirae;Uroviricota;Caudoviricetes;;
k127_824679	322	No terminal repeats	NA	1	11	0.9333	NA	1	1.7183	Viruses;Duplodnaviria;Heunggongvirae;Uroviricota;Caudoviricetes;;
k127_864977	382	No terminal repeats	NA	1	11	0.9331	NA	1	1.7183	Viruses;Duplodnaviria;Heunggongvirae;Uroviricota;Caudoviricetes;;
k127_120902	499	No terminal repeats	NA	1	11	0.9331	NA	1	1.7183	Viruses;Duplodnaviria;Heunggongvirae;Uroviricota;Caudoviricetes;;
k127_1061635	329	No terminal repeats	NA	1	11	0.9330	NA	1	1.7183	Viruses;Duplodnaviria;Heunggongvirae;Uroviricota;Caudoviricetes;;
k127_1004517	446	No terminal repeats	NA	1	11	0.9330	NA	1	1.7183	Viruses;Duplodnaviria;Heunggongvirae;Uroviricota;Caudoviricetes;;
k127_270618	333	No terminal repeats	NA	1	11	0.9329	NA	1	1.7183	Viruses;Duplodnaviria;Heunggongvirae;Uroviricota;Caudoviricetes;;
k127_1517408	430	No terminal repeats	NA	1	11	0.9324	NA	1	1.7183	Viruses;Duplodnaviria;Heunggongvirae;Uroviricota;Caudoviricetes;;
k127_924424	1081	No terminal repeats	NA	2	11	0.9323	NA	2	3.4366	Viruses;Duplodnaviria;Heunggongvirae;Uroviricota;Caudoviricetes;;
k127_1465161	332	No terminal repeats	NA	1	11	0.9322	NA	1	1.7183	Viruses;Duplodnaviria;Heunggongvirae;Uroviricota;Caudoviricetes;;
k127_1289327	436	No terminal repeats	NA	1	11	0.9317	NA	1	1.7183	Viruses;Duplodnaviria;Heunggongvirae;Uroviricota;Caudoviricetes;;
k127_890453	397	No terminal repeats	NA	1	11	0.9317	NA	1	1.7183	Viruses;Duplodnaviria;Heunggongvirae;Uroviricota;Caudoviricetes;;
k127_22021	703	No terminal repeats	NA	1	11	0.9316	NA	1	1.7183	Viruses;Duplodnaviria;Heunggongvirae;Uroviricota;Caudoviricetes;;
k127_680330	422	No terminal repeats	NA	1	11	0.9310	NA	1	1.7183	Viruses;Duplodnaviria;Heunggongvirae;Uroviricota;Caudoviricetes;;
k127_1277898	459	No terminal repeats	NA	1	11	0.9305	NA	1	1.7183	Viruses;Duplodnaviria;Heunggongvirae;Uroviricota;Caudoviricetes;;
k127_1155786	305	No terminal repeats	NA	1	11	0.9304	NA	1	1.4880	Viruses;Duplodnaviria;Heunggongvirae;Uroviricota;Caudoviricetes;;
k127_997894	333	No terminal repeats	NA	1	11	0.9304	NA	1	1.7183	Viruses;Duplodnaviria;Heunggongvirae;Uroviricota;Caudoviricetes;;
k127_246046	347	No terminal repeats	NA	1	11	0.9299	NA	1	1.7183	Viruses;Duplodnaviria;Heunggongvirae;Uroviricota;Caudoviricetes;;
k127_596259	534	No terminal repeats	NA	2	11	0.9297	NA	2	3.0387	Viruses;Duplodnaviria;Heunggongvirae;Uroviricota;Caudoviricetes;;
k127_230896	319	No terminal repeats	NA	1	11	0.9297	NA	1	1.7183	Viruses;Duplodnaviria;Heunggongvirae;Uroviricota;Caudoviricetes;;
k127_1000379	384	No terminal repeats	NA	1	11	0.9288	NA	1	1.7183	Viruses;Duplodnaviria;Heunggongvirae;Uroviricota;Caudoviricetes;;
k127_1272924	419	No terminal repeats	NA	1	11	0.9285	NA	1	1.7183	Viruses;Duplodnaviria;Heunggongvirae;Uroviricota;Caudoviricetes;;
k127_882415	414	No terminal repeats	NA	1	11	0.9280	NA	1	1.7183	Viruses;Duplodnaviria;Heunggongvirae;Uroviricota;Caudoviricetes;;
k127_1436012	666	No terminal repeats	NA	2	11	0.9277	NA	2	3.4366	Viruses;Duplodnaviria;Heunggongvirae;Uroviricota;Caudoviricetes;;
k127_801279	887	No terminal repeats	NA	2	11	0.9274	NA	1	3.0469	Viruses;Duplodnaviria;Heunggongvirae;Uroviricota;Caudoviricetes;;
k127_426551	369	No terminal repeats	NA	1	11	0.9271	NA	1	1.7183	Viruses;Duplodnaviria;Heunggongvirae;Uroviricota;Caudoviricetes;;
k127_1175782	4987	No terminal repeats	NA	13	11	0.9268	NA	1	2.3994	Viruses;Duplodnaviria;Heunggongvirae;Uroviricota;Caudoviricetes;;
k127_1068703	352	No terminal repeats	NA	1	11	0.9267	NA	1	1.7183	Viruses;Duplodnaviria;Heunggongvirae;Uroviricota;Caudoviricetes;;
k127_830231	377	No terminal repeats	NA	1	11	0.9265	NA	1	1.7183	Viruses;Duplodnaviria;Heunggongvirae;Uroviricota;Caudoviricetes;;
k127_541177	499	No terminal repeats	NA	1	11	0.9257	NA	1	1.7183	Viruses;Duplodnaviria;Heunggongvirae;Uroviricota;Caudoviricetes;;
k127_722994	413	No terminal repeats	NA	1	11	0.9257	NA	1	1.7183	Unclassified
k127_1272016	358	No terminal repeats	NA	2	11	0.9253	NA	1	1.3845	Viruses;Duplodnaviria;Heunggongvirae;Uroviricota;Caudoviricetes;;
k127_557987	349	No terminal repeats	NA	1	11	0.9246	NA	1	1.7183	Viruses;Duplodnaviria;Heunggongvirae;Uroviricota;Caudoviricetes;;
k127_1120982	321	No terminal repeats	NA	1	11	0.9244	NA	1	1.7183	Viruses;Duplodnaviria;Heunggongvirae;Uroviricota;Caudoviricetes;;
k127_647675	386	No terminal repeats	NA	1	11	0.9242	NA	1	1.7183	Viruses;Duplodnaviria;Heunggongvirae;Uroviricota;Caudoviricetes;;
k127_635361	462	No terminal repeats	NA	1	11	0.9242	NA	1	1.4698	Viruses;Duplodnaviria;Heunggongvirae;Uroviricota;Caudoviricetes;;
k127_140726	432	No terminal repeats	NA	1	11	0.9239	NA	1	1.7183	Viruses;Duplodnaviria;Heunggongvirae;Uroviricota;Caudoviricetes;;
k127_32273	375	No terminal repeats	NA	2	11	0.9235	NA	2	2.9795	Viruses;Duplodnaviria;Heunggongvirae;Uroviricota;Caudoviricetes;;
k127_550460	628	No terminal repeats	NA	2	11	0.9234	NA	1	1.7183	Viruses;Duplodnaviria;Heunggongvirae;Uroviricota;Caudoviricetes;;
k127_138253	358	No terminal repeats	NA	1	11	0.9233	NA	1	1.7183	Viruses;Duplodnaviria;Heunggongvirae;Uroviricota;Caudoviricetes;;
k127_96302	619	No terminal repeats	NA	2	11	0.9232	NA	2	3.1176	Viruses;Duplodnaviria;Heunggongvirae;Uroviricota;Caudoviricetes;;
k127_173440	301	No terminal repeats	NA	1	11	0.9231	NA	1	1.7183	Unclassified
k127_475671	374	No terminal repeats	NA	1	11	0.9227	NA	1	1.7183	Viruses;Duplodnaviria;Heunggongvirae;Uroviricota;Caudoviricetes;;
k127_688460	410	No terminal repeats	NA	1	11	0.9226	NA	1	1.7183	Viruses;Duplodnaviria;Heunggongvirae;Uroviricota;Caudoviricetes;;
k127_1436598	314	No terminal repeats	NA	1	11	0.9220	NA	1	1.7183	Viruses;Duplodnaviria;Heunggongvirae;Uroviricota;Caudoviricetes;;
k127_1477319	359	No terminal repeats	NA	1	11	0.9219	NA	1	1.2491	Viruses;Duplodnaviria;Heunggongvirae;Uroviricota;Caudoviricetes;;
k127_1340211	364	No terminal repeats	NA	2	11	0.9218	NA	1	1.7183	Unclassified
k127_1407635	557	No terminal repeats	NA	1	11	0.9213	NA	1	1.7183	Viruses;Duplodnaviria;Heunggongvirae;Uroviricota;Caudoviricetes;;
k127_423415	1493	No terminal repeats	NA	2	11	0.9208	NA	1	2.9985	Viruses;Duplodnaviria;Heunggongvirae;Uroviricota;Caudoviricetes;;
k127_710160	602	No terminal repeats	NA	1	11	0.9208	NA	1	1.4764	Viruses;Duplodnaviria;Heunggongvirae;Uroviricota;Caudoviricetes;;
k127_1037990	325	No terminal repeats	NA	1	11	0.9207	NA	1	1.7183	Viruses;Duplodnaviria;Heunggongvirae;Uroviricota;Caudoviricetes;;
k127_1279400	313	No terminal repeats	NA	1	11	0.9206	NA	1	1.7183	Viruses;Duplodnaviria;Heunggongvirae;Uroviricota;Caudoviricetes;;
k127_411131	700	No terminal repeats	NA	1	11	0.9199	NA	1	1.7183	Viruses;Duplodnaviria;Heunggongvirae;Uroviricota;Caudoviricetes;;
k127_1395794	565	No terminal repeats	NA	1	11	0.9195	NA	1	1.5986	Viruses;Duplodnaviria;Heunggongvirae;Uroviricota;Caudoviricetes;;
k127_512849	513	No terminal repeats	NA	1	11	0.9195	NA	1	1.5278	Viruses;Duplodnaviria;Heunggongvirae;Uroviricota;Caudoviricetes;;
k127_492614	350	No terminal repeats	NA	1	11	0.9195	NA	1	1.7183	Viruses;Duplodnaviria;Heunggongvirae;Uroviricota;Caudoviricetes;;
k127_93619	345	No terminal repeats	NA	1	11	0.9192	NA	1	1.7183	Viruses;Duplodnaviria;Heunggongvirae;Uroviricota;Caudoviricetes;;
k127_206907	514	No terminal repeats	NA	1	11	0.9191	NA	1	1.7183	Viruses;Duplodnaviria;Heunggongvirae;Uroviricota;Caudoviricetes;;
k127_643431	327	No terminal repeats	NA	1	11	0.9187	NA	1	1.4900	Viruses;Duplodnaviria;Heunggongvirae;Uroviricota;Caudoviricetes;;
k127_675771	356	No terminal repeats	NA	1	11	0.9187	NA	1	1.5070	Viruses;Duplodnaviria;Heunggongvirae;Uroviricota;Caudoviricetes;;
k127_111524	403	No terminal repeats	NA	1	11	0.9186	NA	1	1.7183	Viruses;Duplodnaviria;Heunggongvirae;Uroviricota;Caudoviricetes;;
k127_392253	401	No terminal repeats	NA	1	11	0.9183	NA	1	1.7183	Viruses;Duplodnaviria;Heunggongvirae;Uroviricota;Caudoviricetes;;
k127_395755	354	No terminal repeats	NA	1	11	0.9183	NA	1	1.7183	Viruses;Duplodnaviria;Heunggongvirae;Uroviricota;Caudoviricetes;;
k127_1187413	326	No terminal repeats	NA	1	11	0.9168	NA	1	1.7183	Viruses;Duplodnaviria;Heunggongvirae;Uroviricota;Caudoviricetes;;
k127_283014	402	No terminal repeats	NA	1	11	0.9166	NA	1	1.7183	Viruses;Duplodnaviria;Heunggongvirae;Uroviricota;Caudoviricetes;;
k127_870022	431	No terminal repeats	NA	1	11	0.9163	NA	1	1.7183	Viruses;Duplodnaviria;Heunggongvirae;Uroviricota;Caudoviricetes;;
k127_1243613	362	No terminal repeats	NA	1	11	0.9162	NA	1	1.7183	Viruses;Duplodnaviria;Heunggongvirae;Uroviricota;Caudoviricetes;;
k127_712441	665	No terminal repeats	NA	2	11	0.9161	NA	2	3.3938	Unclassified
k127_858314	488	No terminal repeats	NA	1	11	0.9157	NA	1	1.7183	Viruses;Duplodnaviria;Heunggongvirae;Uroviricota;Caudoviricetes;;
k127_549397	343	No terminal repeats	NA	1	11	0.9153	NA	1	1.3050	Viruses;Duplodnaviria;Heunggongvirae;Uroviricota;Caudoviricetes;;
k127_1121052	382	No terminal repeats	NA	2	11	0.9146	NA	1	2.9520	Viruses;Duplodnaviria;Heunggongvirae;Uroviricota;Caudoviricetes;;
k127_910089	379	No terminal repeats	NA	1	11	0.9137	NA	1	1.7183	Viruses;Duplodnaviria;Heunggongvirae;Uroviricota;Caudoviricetes;;
k127_78390	382	No terminal repeats	NA	1	11	0.9133	NA	1	1.7183	Viruses;Duplodnaviria;Heunggongvirae;Uroviricota;Caudoviricetes;;
k127_956897	342	No terminal repeats	NA	1	11	0.9132	NA	1	1.7183	Viruses;Duplodnaviria;Heunggongvirae;Uroviricota;Caudoviricetes;;
k127_701550	367	No terminal repeats	NA	1	11	0.9130	NA	1	1.3867	Viruses;Duplodnaviria;Heunggongvirae;Uroviricota;Caudoviricetes;;
k127_1499369	437	No terminal repeats	NA	1	11	0.9130	NA	1	1.7183	Viruses;Duplodnaviria;Heunggongvirae;Uroviricota;Caudoviricetes;;
k127_66412	400	No terminal repeats	NA	2	11	0.9128	NA	1	1.7183	Viruses;Duplodnaviria;Heunggongvirae;Uroviricota;Caudoviricetes;;
k127_154962	512	No terminal repeats	NA	1	11	0.9127	NA	1	1.7183	Viruses;Duplodnaviria;Heunggongvirae;Uroviricota;Caudoviricetes;;
k127_716366	316	No terminal repeats	NA	1	11	0.9123	NA	1	1.3645	Viruses;Duplodnaviria;Heunggongvirae;Uroviricota;Caudoviricetes;;
k127_705899	330	No terminal repeats	NA	1	11	0.9122	NA	1	1.4979	Viruses;Duplodnaviria;Heunggongvirae;Uroviricota;Caudoviricetes;;
k127_1436556	943	No terminal repeats	NA	1	11	0.9121	NA	1	1.7183	Viruses;Duplodnaviria;Heunggongvirae;Uroviricota;Caudoviricetes;;
k127_1235975	438	No terminal repeats	NA	2	11	0.9120	NA	1	1.7183	Viruses;Duplodnaviria;Heunggongvirae;Uroviricota;Caudoviricetes;;
k127_700380	530	No terminal repeats	NA	1	11	0.9118	NA	1	1.7183	Viruses;Duplodnaviria;Heunggongvirae;Uroviricota;Caudoviricetes;;
k127_1252008	421	No terminal repeats	NA	1	11	0.9117	NA	1	1.7183	Viruses;Duplodnaviria;Heunggongvirae;Uroviricota;Caudoviricetes;;
k127_647679	386	No terminal repeats	NA	1	11	0.9116	NA	1	1.7183	Viruses;Duplodnaviria;Heunggongvirae;Uroviricota;Caudoviricetes;;
k127_1435051	558	No terminal repeats	NA	2	11	0.9111	NA	1	2.9997	Viruses;Duplodnaviria;Heunggongvirae;Uroviricota;Caudoviricetes;;
k127_321055	2969	No terminal repeats	NA	2	11	0.9110	NA	0	1.7183	Unclassified
k127_447009	433	No terminal repeats	NA	1	11	0.9107	NA	1	1.0383	Viruses;Duplodnaviria;Heunggongvirae;Uroviricota;Caudoviricetes;;
k127_713349	623	No terminal repeats	NA	1	11	0.9107	NA	1	1.7183	Viruses;Duplodnaviria;Heunggongvirae;Uroviricota;Caudoviricetes;;
k127_1146931	414	No terminal repeats	NA	1	11	0.9106	NA	1	1.7183	Viruses;Duplodnaviria;Heunggongvirae;Uroviricota;Caudoviricetes;;
k127_153386	444	No terminal repeats	NA	1	11	0.9093	NA	1	1.2053	Viruses;Duplodnaviria;Heunggongvirae;Uroviricota;Caudoviricetes;;
k127_667034	303	No terminal repeats	NA	1	11	0.9093	NA	1	1.7183	Viruses;Duplodnaviria;Heunggongvirae;Uroviricota;Caudoviricetes;;
k127_933248	5004	No terminal repeats	NA	11	11	0.9088	NA	0	1.6084	Unclassified
k127_833286	375	No terminal repeats	NA	1	11	0.9084	NA	1	1.7183	Viruses;Duplodnaviria;Heunggongvirae;Uroviricota;Caudoviricetes;;
k127_1436146	344	No terminal repeats	NA	1	11	0.9082	NA	1	1.3598	Viruses;Duplodnaviria;Heunggongvirae;Uroviricota;Caudoviricetes;;
k127_827638	361	No terminal repeats	NA	1	11	0.9081	NA	1	1.7183	Viruses;Duplodnaviria;Heunggongvirae;Uroviricota;Caudoviricetes;;
k127_113480	605	No terminal repeats	NA	1	11	0.9079	NA	1	1.7183	Viruses;Duplodnaviria;Heunggongvirae;Uroviricota;Caudoviricetes;;
k127_921914	326	No terminal repeats	NA	1	11	0.9073	NA	1	1.7183	Viruses;Duplodnaviria;Heunggongvirae;Uroviricota;Caudoviricetes;;
k127_1298246	438	No terminal repeats	NA	1	11	0.9072	NA	1	1.7183	Viruses;Duplodnaviria;Heunggongvirae;Uroviricota;Caudoviricetes;;
k127_30304	427	No terminal repeats	NA	1	11	0.9072	NA	1	1.7183	Viruses;Duplodnaviria;Heunggongvirae;Uroviricota;Caudoviricetes;;
k127_1429256	416	No terminal repeats	NA	1	11	0.9069	NA	1	1.2632	Viruses;Duplodnaviria;Heunggongvirae;Uroviricota;Caudoviricetes;;
k127_21660	455	No terminal repeats	NA	1	11	0.9065	NA	1	1.7183	Viruses;Duplodnaviria;Heunggongvirae;Uroviricota;Caudoviricetes;;
k127_712271	411	No terminal repeats	NA	1	11	0.9063	NA	1	1.4698	Viruses;Duplodnaviria;Heunggongvirae;Uroviricota;Caudoviricetes;;
k127_843411	381	No terminal repeats	NA	2	11	0.9062	NA	1	1.7172	Viruses;Duplodnaviria;Heunggongvirae;Uroviricota;Caudoviricetes;;
k127_692201	700	No terminal repeats	NA	1	11	0.9061	NA	1	1.7183	Viruses;Duplodnaviria;Heunggongvirae;Uroviricota;Caudoviricetes;;
k127_258545	430	No terminal repeats	NA	1	11	0.9061	NA	1	1.7183	Viruses;Duplodnaviria;Heunggongvirae;Uroviricota;Caudoviricetes;;
k127_233847	321	No terminal repeats	NA	1	11	0.9059	NA	1	1.4698	Viruses;Duplodnaviria;Heunggongvirae;Uroviricota;Caudoviricetes;;
k127_263765	342	No terminal repeats	NA	1	11	0.9057	NA	1	1.7183	Viruses;Duplodnaviria;Heunggongvirae;Uroviricota;Caudoviricetes;;
k127_953243	306	No terminal repeats	NA	1	11	0.9054	NA	1	1.7183	Viruses;Duplodnaviria;Heunggongvirae;Uroviricota;Caudoviricetes;;
k127_1286183	395	No terminal repeats	NA	1	11	0.9054	NA	1	1.7183	Viruses;Duplodnaviria;Heunggongvirae;Uroviricota;Caudoviricetes;;
k127_548352	313	No terminal repeats	NA	1	11	0.9050	NA	1	1.2814	Viruses;Duplodnaviria;Heunggongvirae;Uroviricota;Caudoviricetes;;
k127_1400862	417	No terminal repeats	NA	1	11	0.9049	NA	1	1.4880	Viruses;Duplodnaviria;Heunggongvirae;Uroviricota;Caudoviricetes;;
k127_1317991	407	No terminal repeats	NA	1	11	0.9048	NA	1	1.5388	Viruses;Duplodnaviria;Heunggongvirae;Uroviricota;Caudoviricetes;;
k127_1172690	301	No terminal repeats	NA	1	11	0.9045	NA	1	1.7161	Viruses;Duplodnaviria;Heunggongvirae;Uroviricota;Caudoviricetes;;
k127_222856	355	No terminal repeats	NA	1	11	0.9042	NA	1	1.1010	Viruses;Duplodnaviria;Heunggongvirae;Uroviricota;Caudoviricetes;;
k127_994688	345	No terminal repeats	NA	1	11	0.9041	NA	1	1.7183	Viruses;Duplodnaviria;Heunggongvirae;Uroviricota;Caudoviricetes;;
k127_1003409	497	No terminal repeats	NA	1	11	0.9039	NA	1	1.7183	Viruses;Duplodnaviria;Heunggongvirae;Uroviricota;Caudoviricetes;;
k127_1448151	2646	No terminal repeats	NA	4	11	0.9034	NA	0	3.4349	Unclassified
k127_1496367	434	No terminal repeats	NA	1	11	0.9034	NA	1	1.7183	Viruses;Duplodnaviria;Heunggongvirae;Uroviricota;Caudoviricetes;;
k127_169879	336	No terminal repeats	NA	1	11	0.9032	NA	1	1.4341	Viruses;Duplodnaviria;Heunggongvirae;Uroviricota;Caudoviricetes;;
k127_1205120	715	No terminal repeats	NA	1	11	0.9027	NA	1	1.7183	Viruses;Duplodnaviria;Heunggongvirae;Uroviricota;Caudoviricetes;;
k127_1150684	392	No terminal repeats	NA	1	11	0.9026	NA	1	1.7176	Viruses;Duplodnaviria;Heunggongvirae;Uroviricota;Caudoviricetes;;
k127_1465123	333	No terminal repeats	NA	1	11	0.9024	NA	1	1.0569	Viruses;Duplodnaviria;Heunggongvirae;Uroviricota;Caudoviricetes;;
k127_1202417	314	No terminal repeats	NA	1	11	0.9022	NA	1	1.4764	Viruses;Duplodnaviria;Heunggongvirae;Uroviricota;Caudoviricetes;;
k127_1250837	2980	No terminal repeats	NA	3	11	0.9022	NA	0	1.7183	Viruses;Duplodnaviria;Heunggongvirae;Uroviricota;Caudoviricetes;;
k127_233274	307	No terminal repeats	NA	1	11	0.9018	NA	1	1.0597	Unclassified
k127_1043384	477	No terminal repeats	NA	2	11	0.9017	NA	1	1.3697	Viruses;Duplodnaviria;Heunggongvirae;Uroviricota;Caudoviricetes;;
k127_1491714	346	No terminal repeats	NA	1	11	0.9013	NA	1	1.1678	Viruses;Duplodnaviria;Heunggongvirae;Uroviricota;Caudoviricetes;;
k127_554412	320	No terminal repeats	NA	1	11	0.9011	NA	1	1.2576	Viruses;Duplodnaviria;Heunggongvirae;Uroviricota;Caudoviricetes;;
k127_944410	438	No terminal repeats	NA	1	11	0.9006	NA	1	1.7183	Viruses;Duplodnaviria;Heunggongvirae;Uroviricota;Caudoviricetes;;
k127_627045	303	No terminal repeats	NA	1	11	0.8992	NA	1	1.5164	Viruses;Duplodnaviria;Heunggongvirae;Uroviricota;Caudoviricetes;;
k127_895659	1160	No terminal repeats	NA	3	11	0.8989	NA	2	2.8209	Viruses;Duplodnaviria;Heunggongvirae;Uroviricota;Caudoviricetes;;
k127_1098208	1435	No terminal repeats	NA	2	11	0.8983	NA	1	3.3264	Viruses;Duplodnaviria;Heunggongvirae;Uroviricota;Caudoviricetes;;
k127_25390	394	No terminal repeats	NA	1	11	0.8978	NA	1	1.2708	Viruses;Duplodnaviria;Heunggongvirae;Uroviricota;Caudoviricetes;;
k127_1194737	445	No terminal repeats	NA	2	11	0.8973	NA	1	1.7183	Unclassified
k127_287116	343	No terminal repeats	NA	1	11	0.8968	NA	1	1.7183	Unclassified
k127_1207102	597	No terminal repeats	NA	1	11	0.8967	NA	1	1.3818	Viruses;Duplodnaviria;Heunggongvirae;Uroviricota;Caudoviricetes;;
k127_1040173	413	No terminal repeats	NA	1	11	0.8967	NA	1	1.7183	Viruses;Duplodnaviria;Heunggongvirae;Uroviricota;Caudoviricetes;;
k127_982910	342	No terminal repeats	NA	2	11	0.8965	NA	1	1.7183	Unclassified
k127_229692	1148	No terminal repeats	NA	1	11	0.8962	NA	1	1.7183	Viruses;Duplodnaviria;Heunggongvirae;Uroviricota;Caudoviricetes;;
k127_212301	336	No terminal repeats	NA	1	11	0.8957	NA	1	1.5155	Viruses;Duplodnaviria;Heunggongvirae;Uroviricota;Caudoviricetes;;
k127_1088775	1687	No terminal repeats	NA	1	11	0.8952	NA	1	1.7183	Viruses;Duplodnaviria;Heunggongvirae;Uroviricota;Caudoviricetes;;
k127_1402484	358	No terminal repeats	NA	1	11	0.8951	NA	1	1.7183	Viruses;Duplodnaviria;Heunggongvirae;Uroviricota;Caudoviricetes;;
k127_56890	595	No terminal repeats	NA	1	11	0.8949	NA	1	1.7183	Viruses;Duplodnaviria;Heunggongvirae;Uroviricota;Caudoviricetes;;
k127_780841	500	No terminal repeats	NA	1	11	0.8941	NA	1	1.1530	Viruses;Duplodnaviria;Heunggongvirae;Uroviricota;Caudoviricetes;;
k127_1006555	403	No terminal repeats	NA	2	11	0.8939	NA	1	1.5032	Viruses;Duplodnaviria;Heunggongvirae;Uroviricota;Caudoviricetes;;
k127_903003	361	No terminal repeats	NA	1	11	0.8934	NA	1	1.5164	Viruses;Duplodnaviria;Heunggongvirae;Uroviricota;Caudoviricetes;;
k127_1072388	320	No terminal repeats	NA	1	11	0.8934	NA	1	1.3467	Viruses;Duplodnaviria;Heunggongvirae;Uroviricota;Caudoviricetes;;
k127_25494	616	No terminal repeats	NA	1	11	0.8931	NA	1	1.5032	Viruses;Duplodnaviria;Heunggongvirae;Uroviricota;Caudoviricetes;;
k127_315700	573	No terminal repeats	NA	1	11	0.8931	NA	1	1.7183	Viruses;Duplodnaviria;Heunggongvirae;Uroviricota;Caudoviricetes;;
k127_1489727	1304	No terminal repeats	NA	1	11	0.8930	NA	1	1.7183	Viruses;Duplodnaviria;Heunggongvirae;Uroviricota;Caudoviricetes;;
k127_298338	505	No terminal repeats	NA	1	11	0.8920	NA	1	1.7183	Viruses;Duplodnaviria;Heunggongvirae;Uroviricota;Caudoviricetes;;
k127_730750	472	No terminal repeats	NA	1	11	0.8920	NA	1	1.7183	Viruses;Duplodnaviria;Heunggongvirae;Uroviricota;Caudoviricetes;;
k127_386058	438	No terminal repeats	NA	1	11	0.8919	NA	1	1.2089	Viruses;Duplodnaviria;Heunggongvirae;Uroviricota;Caudoviricetes;;
k127_1289911	420	No terminal repeats	NA	1	11	0.8914	NA	1	1.4698	Viruses;Duplodnaviria;Heunggongvirae;Uroviricota;Caudoviricetes;;
k127_470515	557	No terminal repeats	NA	1	11	0.8893	NA	1	1.7183	Viruses;Duplodnaviria;Heunggongvirae;Uroviricota;Caudoviricetes;;
k127_867414	417	No terminal repeats	NA	1	11	0.8892	NA	1	1.7183	Viruses;Duplodnaviria;Heunggongvirae;Uroviricota;Caudoviricetes;;
k127_906281	370	No terminal repeats	NA	1	11	0.8890	NA	1	1.2632	Viruses;Duplodnaviria;Heunggongvirae;Uroviricota;Caudoviricetes;;
k127_1496615	547	No terminal repeats	NA	1	11	0.8889	NA	1	1.7183	Viruses;Duplodnaviria;Heunggongvirae;Uroviricota;Caudoviricetes;;
k127_1434404	552	No terminal repeats	NA	1	11	0.8889	NA	1	1.7183	Viruses;Duplodnaviria;Heunggongvirae;Uroviricota;Caudoviricetes;;
k127_201325	689	No terminal repeats	NA	1	11	0.8879	NA	1	1.7183	Viruses;Duplodnaviria;Heunggongvirae;Uroviricota;Caudoviricetes;;
k127_1272398	495	No terminal repeats	NA	1	11	0.8876	NA	1	1.4825	Viruses;Duplodnaviria;Heunggongvirae;Uroviricota;Caudoviricetes;;
k127_405234	309	No terminal repeats	NA	1	11	0.8873	NA	1	1.7183	Viruses;Duplodnaviria;Heunggongvirae;Uroviricota;Caudoviricetes;;
k127_944412	438	No terminal repeats	NA	1	11	0.8872	NA	1	1.7183	Viruses;Duplodnaviria;Heunggongvirae;Uroviricota;Caudoviricetes;;
k127_71681	476	No terminal repeats	NA	1	11	0.8866	NA	1	1.7183	Viruses;Duplodnaviria;Heunggongvirae;Uroviricota;Caudoviricetes;;
k127_84900	629	No terminal repeats	NA	1	11	0.8863	NA	1	1.7183	Viruses;Duplodnaviria;Heunggongvirae;Uroviricota;Caudoviricetes;;
k127_304656	1726	No terminal repeats	NA	2	11	0.8862	NA	1	3.4342	Viruses;Duplodnaviria;Heunggongvirae;Uroviricota;Caudoviricetes;;
k127_1130197	350	No terminal repeats	NA	1	11	0.8861	NA	1	1.4828	Viruses;Duplodnaviria;Heunggongvirae;Uroviricota;Caudoviricetes;;
k127_1169447	2568	No terminal repeats	NA	2	11	0.8860	NA	0	1.4929	Viruses;Duplodnaviria;Heunggongvirae;Uroviricota;Caudoviricetes;;
k127_308299	408	No terminal repeats	NA	1	11	0.8860	NA	1	1.3050	Viruses;Duplodnaviria;Heunggongvirae;Uroviricota;Caudoviricetes;;
k127_281460	419	No terminal repeats	NA	1	11	0.8856	NA	1	1.2632	Viruses;Duplodnaviria;Heunggongvirae;Uroviricota;Caudoviricetes;;
k127_203019	381	No terminal repeats	NA	1	11	0.8855	NA	1	1.7183	Viruses;Duplodnaviria;Heunggongvirae;Uroviricota;Caudoviricetes;;
k127_264734	318	No terminal repeats	NA	1	11	0.8853	NA	1	1.4597	Viruses;Duplodnaviria;Heunggongvirae;Uroviricota;Caudoviricetes;;
k127_723641	517	No terminal repeats	NA	1	11	0.8834	NA	1	1.7183	Viruses;Duplodnaviria;Heunggongvirae;Uroviricota;Caudoviricetes;;
k127_118781	739	No terminal repeats	NA	1	11	0.8829	NA	1	1.7183	Viruses;Duplodnaviria;Heunggongvirae;Uroviricota;Caudoviricetes;;
k127_1433406	333	No terminal repeats	NA	1	11	0.8829	NA	1	1.7183	Unclassified
k127_595813	326	No terminal repeats	NA	1	11	0.8828	NA	1	1.2934	Viruses;Duplodnaviria;Heunggongvirae;Uroviricota;Caudoviricetes;;
k127_1388872	429	No terminal repeats	NA	2	11	0.8827	NA	1	1.4979	Viruses;Duplodnaviria;Heunggongvirae;Uroviricota;Caudoviricetes;;
k127_840452	323	No terminal repeats	NA	1	11	0.8824	NA	1	1.7183	Unclassified
k127_1474797	308	No terminal repeats	NA	1	11	0.8820	NA	1	1.7161	Viruses;Duplodnaviria;Heunggongvirae;Uroviricota;Caudoviricetes;;
k127_954179	592	No terminal repeats	NA	1	11	0.8819	NA	1	1.7183	Viruses;Duplodnaviria;Heunggongvirae;Uroviricota;Caudoviricetes;;
k127_586587	574	No terminal repeats	NA	2	11	0.8816	NA	1	1.7183	Viruses;Duplodnaviria;Heunggongvirae;Uroviricota;Caudoviricetes;;
k127_1056025	492	No terminal repeats	NA	2	11	0.8805	NA	1	1.2934	Viruses;Duplodnaviria;Heunggongvirae;Uroviricota;Caudoviricetes;;
k127_31277	371	No terminal repeats	NA	1	11	0.8801	NA	1	1.7183	Viruses;Duplodnaviria;Heunggongvirae;Uroviricota;Caudoviricetes;;
k127_9924	9550	No terminal repeats	NA	12	11	0.8794	NA	2	8.8234	Viruses;Duplodnaviria;Heunggongvirae;Uroviricota;Caudoviricetes;;
k127_1085654	352	No terminal repeats	NA	1	11	0.8794	NA	1	1.3345	Viruses;Duplodnaviria;Heunggongvirae;Uroviricota;Caudoviricetes;;
k127_738729	453	No terminal repeats	NA	1	11	0.8790	NA	1	1.7183	Viruses;Duplodnaviria;Heunggongvirae;Uroviricota;Caudoviricetes;;Kyanoviridae
k127_1266308	637	No terminal repeats	NA	1	11	0.8784	NA	1	1.7183	Viruses;Duplodnaviria;Heunggongvirae;Uroviricota;Caudoviricetes;;
k127_704140	382	No terminal repeats	NA	1	11	0.8780	NA	1	1.4738	Viruses;Duplodnaviria;Heunggongvirae;Uroviricota;Caudoviricetes;;
k127_667157	565	No terminal repeats	NA	2	11	0.8780	NA	1	1.4828	Viruses;Duplodnaviria;Heunggongvirae;Uroviricota;Caudoviricetes;;
k127_658806	360	No terminal repeats	NA	1	11	0.8774	NA	1	1.1262	Viruses;Duplodnaviria;Heunggongvirae;Uroviricota;Caudoviricetes;;
k127_638789	555	No terminal repeats	NA	1	11	0.8773	NA	1	1.4595	Viruses;Duplodnaviria;Heunggongvirae;Uroviricota;Caudoviricetes;;
k127_433222	307	No terminal repeats	NA	1	11	0.8772	NA	1	1.2587	Viruses;Duplodnaviria;Heunggongvirae;Uroviricota;Caudoviricetes;;
k127_530956	589	No terminal repeats	NA	1	11	0.8769	NA	1	1.7183	Viruses;Duplodnaviria;Heunggongvirae;Uroviricota;Caudoviricetes;;
k127_701478	375	No terminal repeats	NA	1	15	0.8768	NA	1	1.4436	Viruses;Duplodnaviria;Heunggongvirae;Uroviricota;Caudoviricetes;;
k127_608089	802	No terminal repeats	NA	1	11	0.8760	NA	1	1.7183	Viruses;Duplodnaviria;Heunggongvirae;Uroviricota;Caudoviricetes;;
k127_1085087	384	No terminal repeats	NA	1	11	0.8760	NA	1	1.7183	Viruses;Duplodnaviria;Heunggongvirae;Uroviricota;Caudoviricetes;;
k127_1216193	679	No terminal repeats	NA	1	11	0.8754	NA	1	1.7183	Viruses;Duplodnaviria;Heunggongvirae;Uroviricota;Caudoviricetes;;
k127_616157	395	No terminal repeats	NA	1	11	0.8748	NA	1	1.2857	Viruses;Duplodnaviria;Heunggongvirae;Uroviricota;Caudoviricetes;;
k127_303460	368	No terminal repeats	NA	1	11	0.8745	NA	1	1.2708	Viruses;Duplodnaviria;Heunggongvirae;Uroviricota;Caudoviricetes;;
k127_419217	472	No terminal repeats	NA	1	11	0.8742	NA	1	1.2708	Viruses;Duplodnaviria;Heunggongvirae;Uroviricota;Caudoviricetes;;
k127_1514491	516	No terminal repeats	NA	1	11	0.8738	NA	1	1.4597	Viruses;Duplodnaviria;Heunggongvirae;Uroviricota;Caudoviricetes;;
k127_326924	314	No terminal repeats	NA	1	11	0.8737	NA	1	1.4464	Viruses;Duplodnaviria;Heunggongvirae;Uroviricota;Caudoviricetes;;
k127_365546	357	No terminal repeats	NA	2	11	0.8736	NA	1	1.3593	Viruses;Duplodnaviria;Heunggongvirae;Uroviricota;Caudoviricetes;;Herelleviridae
k127_273694	1106	No terminal repeats	NA	1	11	0.8732	NA	1	1.7183	Viruses;Riboviria;Orthornavirae;Pisuviricota;Duplopiviricetes;Durnavirales;Partitiviridae
k127_861410	599	No terminal repeats	NA	1	11	0.8732	NA	1	1.7183	Viruses;Duplodnaviria;Heunggongvirae;Uroviricota;Caudoviricetes;;
k127_1424181	504	No terminal repeats	NA	1	11	0.8730	NA	1	1.2306	Viruses;Duplodnaviria;Heunggongvirae;Uroviricota;Caudoviricetes;;
k127_391208	570	No terminal repeats	NA	1	11	0.8729	NA	1	1.4880	Viruses;Duplodnaviria;Heunggongvirae;Uroviricota;Caudoviricetes;;
k127_183974	342	No terminal repeats	NA	1	11	0.8729	NA	1	1.3823	Viruses;Duplodnaviria;Heunggongvirae;Uroviricota;Caudoviricetes;;
k127_14342	851	No terminal repeats	NA	1	11	0.8721	NA	1	1.7183	Viruses;Duplodnaviria;Heunggongvirae;Uroviricota;Caudoviricetes;;
k127_1237915	324	No terminal repeats	NA	1	11	0.8718	NA	1	1.7183	Viruses;Duplodnaviria;Heunggongvirae;Uroviricota;Caudoviricetes;;
k127_879381	1011	No terminal repeats	NA	1	11	0.8716	NA	1	1.7183	Viruses;Duplodnaviria;Heunggongvirae;Uroviricota;Caudoviricetes;;
k127_969309	447	No terminal repeats	NA	1	11	0.8716	NA	1	1.3608	Viruses;Duplodnaviria;Heunggongvirae;Uroviricota;Caudoviricetes;;Straboviridae
k127_21898	432	No terminal repeats	NA	1	11	0.8711	NA	1	1.7183	Viruses;Duplodnaviria;Heunggongvirae;Uroviricota;Caudoviricetes;;
k127_220679	398	No terminal repeats	NA	1	11	0.8710	NA	1	1.7183	Viruses;Duplodnaviria;Heunggongvirae;Uroviricota;Caudoviricetes;;
k127_279494	470	No terminal repeats	NA	1	11	0.8709	NA	1	1.1904	Viruses;Duplodnaviria;Heunggongvirae;Uroviricota;Caudoviricetes;;
k127_1182187	371	No terminal repeats	NA	2	11	0.8699	NA	1	1.7183	Unclassified
k127_20143	640	No terminal repeats	NA	2	11	0.8699	NA	1	1.7183	Viruses;Duplodnaviria;Heunggongvirae;Uroviricota;Caudoviricetes;;
k127_1257765	398	No terminal repeats	NA	1	11	0.8698	NA	1	1.4506	Viruses;Duplodnaviria;Heunggongvirae;Uroviricota;Caudoviricetes;;
k127_613806	587	No terminal repeats	NA	1	11	0.8696	NA	1	1.7183	Unclassified
k127_418383	438	No terminal repeats	NA	1	11	0.8690	NA	1	1.7183	Viruses;Duplodnaviria;Heunggongvirae;Uroviricota;Caudoviricetes;;
k127_207703	348	No terminal repeats	NA	1	11	0.8689	NA	1	1.2332	Viruses;Duplodnaviria;Heunggongvirae;Uroviricota;Caudoviricetes;;
k127_238037	449	No terminal repeats	NA	1	11	0.8688	NA	1	1.4979	Viruses;Duplodnaviria;Heunggongvirae;Uroviricota;Caudoviricetes;;
k127_210923	645	No terminal repeats	NA	1	11	0.8687	NA	1	1.7183	Viruses;Duplodnaviria;Heunggongvirae;Uroviricota;Caudoviricetes;;
k127_1350698	469	No terminal repeats	NA	1	11	0.8686	NA	1	1.7183	Viruses;Duplodnaviria;Heunggongvirae;Uroviricota;Caudoviricetes;;
k127_930484	492	No terminal repeats	NA	1	11	0.8686	NA	1	1.7183	Viruses;Duplodnaviria;Heunggongvirae;Uroviricota;Caudoviricetes;;
k127_1519612	942	No terminal repeats	NA	1	11	0.8686	NA	1	1.7183	Viruses;Duplodnaviria;Heunggongvirae;Uroviricota;Caudoviricetes;;
k127_548329	2731	No terminal repeats	NA	4	11	0.8684	NA	2	2.8009	Viruses;Duplodnaviria;Heunggongvirae;Uroviricota;Caudoviricetes;;
k127_729806	410	No terminal repeats	NA	1	11	0.8680	NA	1	1.4762	Unclassified
k127_248650	304	No terminal repeats	NA	1	11	0.8679	NA	1	1.3273	Viruses;Duplodnaviria;Heunggongvirae;Uroviricota;Caudoviricetes;;
k127_1484137	1002	No terminal repeats	NA	2	11	0.8677	NA	1	2.8706	Viruses;Duplodnaviria;Heunggongvirae;Uroviricota;Caudoviricetes;;
k127_176920	1226	No terminal repeats	NA	1	11	0.8674	NA	1	1.7183	Viruses;Duplodnaviria;Heunggongvirae;Uroviricota;Caudoviricetes;;
k127_1090429	332	No terminal repeats	NA	2	11	0.8670	NA	1	1.3142	Viruses;Duplodnaviria;Heunggongvirae;Uroviricota;Caudoviricetes;;
k127_90703	1148	No terminal repeats	NA	1	11	0.8656	NA	1	1.7183	Viruses;Duplodnaviria;Heunggongvirae;Uroviricota;Caudoviricetes;;
k127_1282133	407	No terminal repeats	NA	2	11	0.8653	NA	1	1.7183	Viruses;Duplodnaviria;Heunggongvirae;Uroviricota;Caudoviricetes;;
k127_1422849	305	No terminal repeats	NA	1	11	0.8652	NA	1	1.7183	Viruses;Duplodnaviria;Heunggongvirae;Uroviricota;Caudoviricetes;;
k127_1392841	398	No terminal repeats	NA	1	11	0.8651	NA	1	1.3450	Viruses;Duplodnaviria;Heunggongvirae;Uroviricota;Caudoviricetes;;
k127_992514	317	No terminal repeats	NA	1	11	0.8650	NA	1	1.1262	Viruses;Duplodnaviria;Heunggongvirae;Uroviricota;Caudoviricetes;;
k127_1374502	698	No terminal repeats	NA	2	11	0.8649	NA	1	3.3885	Viruses;Duplodnaviria;Heunggongvirae;Uroviricota;Caudoviricetes;;
k127_604378	391	No terminal repeats	NA	1	11	0.8648	NA	1	1.7183	Viruses;Duplodnaviria;Heunggongvirae;Uroviricota;Caudoviricetes;;
k127_340046	380	No terminal repeats	NA	1	11	0.8641	NA	1	1.3380	Viruses;Duplodnaviria;Heunggongvirae;Uroviricota;Caudoviricetes;;
k127_390663	560	No terminal repeats	NA	2	11	0.8633	NA	1	1.7177	Viruses;Duplodnaviria;Heunggongvirae;Uroviricota;Caudoviricetes;;
k127_816608	412	No terminal repeats	NA	2	11	0.8632	NA	1	1.7183	Viruses;Duplodnaviria;Heunggongvirae;Uroviricota;Caudoviricetes;;
k127_1081323	391	No terminal repeats	NA	1	11	0.8631	NA	1	1.3050	Viruses;Duplodnaviria;Heunggongvirae;Uroviricota;Caudoviricetes;;
k127_1023220	1010	No terminal repeats	NA	1	11	0.8630	NA	1	1.7183	Viruses;Duplodnaviria;Heunggongvirae;Uroviricota;Caudoviricetes;;Kyanoviridae
k127_1524327	326	No terminal repeats	NA	1	11	0.8629	NA	1	1.2657	Viruses;Duplodnaviria;Heunggongvirae;Uroviricota;Caudoviricetes;;
k127_492511	416	No terminal repeats	NA	1	11	0.8627	NA	1	1.7183	Viruses;Duplodnaviria;Heunggongvirae;Uroviricota;Caudoviricetes;;
k127_283243	339	No terminal repeats	NA	1	11	0.8626	NA	1	1.3450	Viruses;Duplodnaviria;Heunggongvirae;Uroviricota;Caudoviricetes;;
k127_1280174	315	No terminal repeats	NA	1	11	0.8624	NA	1	1.4025	Unclassified
k127_730123	548	No terminal repeats	NA	1	11	0.8620	NA	1	1.7183	Viruses;Duplodnaviria;Heunggongvirae;Uroviricota;Caudoviricetes;;
k127_158995	381	No terminal repeats	NA	1	11	0.8614	NA	1	1.5221	Viruses;Duplodnaviria;Heunggongvirae;Uroviricota;Caudoviricetes;;
k127_1322813	323	No terminal repeats	NA	1	11	0.8607	NA	1	1.3663	Viruses;Duplodnaviria;Heunggongvirae;Uroviricota;Caudoviricetes;;
k127_1505240	493	No terminal repeats	NA	1	11	0.8601	NA	1	1.6282	Viruses;Duplodnaviria;Heunggongvirae;Uroviricota;Caudoviricetes;;
k127_277476	335	No terminal repeats	NA	1	11	0.8596	NA	1	1.3816	Viruses;Duplodnaviria;Heunggongvirae;Uroviricota;Caudoviricetes;;
k127_450220	531	No terminal repeats	NA	1	11	0.8594	NA	1	1.2306	Viruses;Duplodnaviria;Heunggongvirae;Uroviricota;Caudoviricetes;;
k127_806469	314	No terminal repeats	NA	2	11	0.8592	NA	1	3.4366	Viruses;Duplodnaviria;Heunggongvirae;Uroviricota;Caudoviricetes;;
k127_1287488	714	No terminal repeats	NA	1	11	0.8578	NA	1	1.7183	Viruses;Duplodnaviria;Heunggongvirae;Uroviricota;Caudoviricetes;;
k127_327125	1020	No terminal repeats	NA	1	11	0.8577	NA	1	1.2306	Viruses;Duplodnaviria;Heunggongvirae;Uroviricota;Caudoviricetes;;
k127_884494	525	No terminal repeats	NA	1	11	0.8573	NA	1	1.7183	Viruses;Duplodnaviria;Heunggongvirae;Uroviricota;Caudoviricetes;;
k127_747904	336	No terminal repeats	NA	1	11	0.8570	NA	1	1.2167	Viruses;Duplodnaviria;Heunggongvirae;Uroviricota;Caudoviricetes;;
k127_288392	866	No terminal repeats	NA	1	11	0.8559	NA	1	1.3450	Viruses;Duplodnaviria;Heunggongvirae;Uroviricota;Caudoviricetes;;
k127_1301020	481	No terminal repeats	NA	1	11	0.8559	NA	1	1.0346	Viruses;Duplodnaviria;Heunggongvirae;Uroviricota;Caudoviricetes;;
k127_1222628	524	No terminal repeats	NA	1	11	0.8557	NA	1	1.0597	Unclassified
k127_470018	604	No terminal repeats	NA	1	11	0.8555	NA	1	1.7183	Viruses;Duplodnaviria;Heunggongvirae;Uroviricota;Caudoviricetes;;
k127_1343528	332	No terminal repeats	NA	1	11	0.8555	NA	1	1.3845	Viruses;Duplodnaviria;Heunggongvirae;Uroviricota;Caudoviricetes;;
k127_667659	363	No terminal repeats	NA	1	11	0.8552	NA	1	1.7172	Viruses;Duplodnaviria;Heunggongvirae;Uroviricota;Caudoviricetes;;
k127_815438	344	No terminal repeats	NA	1	11	0.8552	NA	1	1.0862	Viruses;Duplodnaviria;Heunggongvirae;Uroviricota;Caudoviricetes;;
k127_479694	1890	No terminal repeats	NA	3	11	0.8551	NA	1	2.4628	Viruses;Duplodnaviria;Heunggongvirae;Uroviricota;Caudoviricetes;;
k127_666466	798	No terminal repeats	NA	1	11	0.8549	NA	1	1.7183	Viruses;Duplodnaviria;Heunggongvirae;Uroviricota;Caudoviricetes;;
k127_125028	713	No terminal repeats	NA	1	11	0.8545	NA	1	1.7183	Viruses;Duplodnaviria;Heunggongvirae;Uroviricota;Caudoviricetes;;
k127_1480713	556	No terminal repeats	NA	1	11	0.8543	NA	1	1.7183	Viruses;Duplodnaviria;Heunggongvirae;Uroviricota;Caudoviricetes;;
k127_1154568	514	No terminal repeats	NA	1	11	0.8543	NA	1	1.7183	Viruses;Duplodnaviria;Heunggongvirae;Uroviricota;Caudoviricetes;;
k127_56141	729	No terminal repeats	NA	1	11	0.8542	NA	1	1.7183	Viruses;Duplodnaviria;Heunggongvirae;Uroviricota;Caudoviricetes;;
k127_952481	409	No terminal repeats	NA	1	11	0.8540	NA	1	1.3483	Unclassified
k127_1329461	3473	No terminal repeats	NA	6	11	0.8538	NA	0	1.0504	Unclassified
k127_807980	446	No terminal repeats	NA	1	11	0.8538	NA	1	1.0522	Viruses;Duplodnaviria;Heunggongvirae;Uroviricota;Caudoviricetes;;
k127_714466	397	No terminal repeats	NA	1	11	0.8533	NA	1	1.2632	Viruses;Duplodnaviria;Heunggongvirae;Uroviricota;Caudoviricetes;;
k127_593108	1151	No terminal repeats	NA	1	11	0.8533	NA	1	1.7183	Viruses;Duplodnaviria;Heunggongvirae;Uroviricota;Caudoviricetes;;
k127_630511	333	No terminal repeats	NA	1	11	0.8529	NA	1	1.3046	Viruses;Duplodnaviria;Heunggongvirae;Uroviricota;Caudoviricetes;;
k127_100972	305	No terminal repeats	NA	1	11	0.8529	NA	1	1.3074	Viruses;Duplodnaviria;Heunggongvirae;Uroviricota;Caudoviricetes;;
k127_1201621	542	No terminal repeats	NA	1	11	0.8528	NA	1	1.1904	Viruses;Duplodnaviria;Heunggongvirae;Uroviricota;Caudoviricetes;;
k127_1267890	522	No terminal repeats	NA	1	11	0.8527	NA	1	1.0746	Viruses;Duplodnaviria;Heunggongvirae;Uroviricota;Caudoviricetes;;
k127_946488	315	No terminal repeats	NA	1	11	0.8525	NA	1	1.3050	Viruses;Duplodnaviria;Heunggongvirae;Uroviricota;Caudoviricetes;;
k127_1423067	439	No terminal repeats	NA	2	11	0.8523	NA	1	1.4057	Viruses;Duplodnaviria;Heunggongvirae;Uroviricota;Caudoviricetes;;
k127_820908	307	No terminal repeats	NA	2	11	0.8522	NA	1	1.1211	Viruses;Duplodnaviria;Heunggongvirae;Uroviricota;Caudoviricetes;;
k127_424674	667	No terminal repeats	NA	1	11	0.8519	NA	1	1.7183	Viruses;Duplodnaviria;Heunggongvirae;Uroviricota;Caudoviricetes;;
k127_280893	663	No terminal repeats	NA	1	11	0.8514	NA	1	1.7183	Viruses;Duplodnaviria;Heunggongvirae;Uroviricota;Caudoviricetes;;
k127_1473517	302	No terminal repeats	NA	1	11	0.8505	NA	1	1.4041	Viruses;Duplodnaviria;Heunggongvirae;Uroviricota;Caudoviricetes;;
k127_908311	466	No terminal repeats	NA	1	11	0.8502	NA	1	1.2306	Viruses;Duplodnaviria;Heunggongvirae;Uroviricota;Caudoviricetes;;
k127_456361	700	No terminal repeats	NA	1	11	0.8497	NA	1	1.7183	Viruses;Duplodnaviria;Heunggongvirae;Uroviricota;Caudoviricetes;;
k127_1121297	352	No terminal repeats	NA	1	11	0.8495	NA	1	1.3247	Viruses;Duplodnaviria;Heunggongvirae;Uroviricota;Caudoviricetes;;
k127_356335	397	No terminal repeats	NA	1	11	0.8493	NA	1	1.7183	Viruses;Duplodnaviria;Heunggongvirae;Uroviricota;Caudoviricetes;;
k127_1351137	355	No terminal repeats	NA	1	11	0.8489	NA	1	1.7183	Viruses;Duplodnaviria;Heunggongvirae;Uroviricota;Caudoviricetes;;
k127_1209738	745	No terminal repeats	NA	1	11	0.8488	NA	1	1.7183	Viruses;Duplodnaviria;Heunggongvirae;Uroviricota;Caudoviricetes;;
k127_1375076	631	No terminal repeats	NA	1	11	0.8485	NA	1	1.7183	Viruses;Duplodnaviria;Heunggongvirae;Uroviricota;Caudoviricetes;;
k127_1111803	446	No terminal repeats	NA	1	11	0.8483	NA	1	1.3483	Unclassified
k127_1030013	523	No terminal repeats	NA	1	11	0.8479	NA	1	1.0918	Viruses;Duplodnaviria;Heunggongvirae;Uroviricota;Caudoviricetes;;
k127_1466274	965	No terminal repeats	NA	1	11	0.8478	NA	1	1.2306	Viruses;Duplodnaviria;Heunggongvirae;Uroviricota;Caudoviricetes;;
k127_951763	491	No terminal repeats	NA	1	11	0.8473	NA	1	1.2306	Viruses;Duplodnaviria;Heunggongvirae;Uroviricota;Caudoviricetes;;
k127_1242206	385	No terminal repeats	NA	1	11	0.8473	NA	1	1.7183	Viruses;Duplodnaviria;Heunggongvirae;Uroviricota;Caudoviricetes;;
k127_143522	495	No terminal repeats	NA	1	11	0.8471	NA	1	1.2306	Viruses;Duplodnaviria;Heunggongvirae;Uroviricota;Caudoviricetes;;
k127_140912	311	No terminal repeats	NA	1	11	0.8471	NA	1	1.3562	Viruses;Duplodnaviria;Heunggongvirae;Uroviricota;Caudoviricetes;;
k127_224063	428	No terminal repeats	NA	1	11	0.8470	NA	1	1.7183	Viruses;Duplodnaviria;Heunggongvirae;Uroviricota;Caudoviricetes;;
k127_51590	442	No terminal repeats	NA	1	11	0.8469	NA	1	1.2597	Viruses;Duplodnaviria;Heunggongvirae;Uroviricota;Caudoviricetes;;
k127_1512345	1249	No terminal repeats	NA	1	11	0.8462	NA	1	1.7183	Viruses;Riboviria;Orthornavirae;Pisuviricota;Duplopiviricetes;Durnavirales;Partitiviridae
k127_562780	373	No terminal repeats	NA	1	11	0.8453	NA	1	1.3398	Viruses;Duplodnaviria;Heunggongvirae;Uroviricota;Caudoviricetes;;
k127_229435	673	No terminal repeats	NA	1	11	0.8439	NA	1	1.7183	Viruses;Duplodnaviria;Heunggongvirae;Uroviricota;Caudoviricetes;;
k127_979074	301	No terminal repeats	NA	1	11	0.8436	NA	1	1.2632	Viruses;Duplodnaviria;Heunggongvirae;Uroviricota;Caudoviricetes;;
k127_707743	637	No terminal repeats	NA	2	11	0.8436	NA	1	1.7183	Viruses;Duplodnaviria;Heunggongvirae;Uroviricota;Caudoviricetes;;
k127_286295	440	No terminal repeats	NA	1	11	0.8431	NA	1	1.7183	Viruses;Duplodnaviria;Heunggongvirae;Uroviricota;Caudoviricetes;;
k127_43843	328	No terminal repeats	NA	1	11	0.8426	NA	1	1.2704	Viruses;Duplodnaviria;Heunggongvirae;Uroviricota;Caudoviricetes;;
k127_728781	562	No terminal repeats	NA	1	11	0.8425	NA	1	1.7183	Viruses;Duplodnaviria;Heunggongvirae;Uroviricota;Caudoviricetes;;
k127_1033631	715	No terminal repeats	NA	1	11	0.8425	NA	1	1.7183	Viruses;Duplodnaviria;Heunggongvirae;Uroviricota;Caudoviricetes;;
k127_741150	788	No terminal repeats	NA	2	11	0.8415	NA	1	1.7183	Viruses;Duplodnaviria;Heunggongvirae;Uroviricota;Caudoviricetes;;
k127_335270	787	No terminal repeats	NA	1	11	0.8412	NA	1	1.7183	Viruses;Duplodnaviria;Heunggongvirae;Uroviricota;Caudoviricetes;;
k127_266649	304	No terminal repeats	NA	1	11	0.8411	NA	1	1.0569	Viruses;Duplodnaviria;Heunggongvirae;Uroviricota;Caudoviricetes;;
k127_868434	798	No terminal repeats	NA	1	11	0.8400	NA	1	1.7183	Viruses;Duplodnaviria;Heunggongvirae;Uroviricota;Caudoviricetes;;
k127_761086	334	No terminal repeats	NA	1	11	0.8392	NA	1	1.4240	Unclassified
k127_177170	3230	No terminal repeats	NA	1	11	0.8381	NA	0	1.7183	Viruses;Duplodnaviria;Heunggongvirae;Uroviricota;Caudoviricetes;;
k127_1069167	1748	No terminal repeats	NA	1	11	0.8379	NA	1	1.7183	Viruses;Riboviria;Orthornavirae;Pisuviricota;Stelpaviricetes;Stellavirales;Astroviridae
k127_831668	1170	No terminal repeats	NA	2	11	0.8378	NA	1	1.7183	Viruses;Duplodnaviria;Heunggongvirae;Uroviricota;Caudoviricetes;;Kyanoviridae
k127_823389	1726	No terminal repeats	NA	3	11	0.8374	NA	1	2.9299	Viruses;Duplodnaviria;Heunggongvirae;Uroviricota;Caudoviricetes;;
k127_585008	427	No terminal repeats	NA	1	11	0.8370	NA	1	1.5278	Viruses;Duplodnaviria;Heunggongvirae;Uroviricota;Caudoviricetes;;
k127_259385	420	No terminal repeats	NA	1	11	0.8367	NA	1	1.7183	Viruses;Duplodnaviria;Heunggongvirae;Uroviricota;Caudoviricetes;;
k127_750544	703	No terminal repeats	NA	1	11	0.8365	NA	1	1.7183	Viruses;Duplodnaviria;Heunggongvirae;Uroviricota;Caudoviricetes;;
k127_36818	813	No terminal repeats	NA	1	11	0.8363	NA	1	1.1776	Viruses;Duplodnaviria;Heunggongvirae;Uroviricota;Caudoviricetes;;
k127_1448603	793	No terminal repeats	NA	2	11	0.8346	NA	1	1.2609	Viruses;Duplodnaviria;Heunggongvirae;Uroviricota;Caudoviricetes;;
k127_1507749	385	No terminal repeats	NA	1	11	0.8344	NA	1	1.0746	Viruses;Duplodnaviria;Heunggongvirae;Uroviricota;Caudoviricetes;;
k127_92376	305	No terminal repeats	NA	1	11	0.8342	NA	1	1.3610	Viruses;Duplodnaviria;Heunggongvirae;Uroviricota;Caudoviricetes;;
k127_1016863	582	No terminal repeats	NA	2	11	0.8332	NA	1	1.3823	Viruses;Duplodnaviria;Heunggongvirae;Uroviricota;Caudoviricetes;;
k127_140501	359	No terminal repeats	NA	2	11	0.8329	NA	1	1.7183	Viruses;Duplodnaviria;Heunggongvirae;Uroviricota;Caudoviricetes;;
k127_827559	1436	No terminal repeats	NA	1	11	0.8318	NA	1	1.7183	Viruses;Duplodnaviria;Heunggongvirae;Uroviricota;Caudoviricetes;;
k127_1309192	323	No terminal repeats	NA	1	11	0.8318	NA	1	1.3572	Viruses;Duplodnaviria;Heunggongvirae;Uroviricota;Caudoviricetes;;
k127_963477	1240	No terminal repeats	NA	1	11	0.8315	NA	1	1.7183	Viruses;Duplodnaviria;Heunggongvirae;Uroviricota;Caudoviricetes;;
k127_544679	1931	No terminal repeats	NA	3	11	0.8314	NA	1	1.7183	Viruses;Duplodnaviria;Heunggongvirae;Uroviricota;Caudoviricetes;;
k127_890146	696	No terminal repeats	NA	2	11	0.8314	NA	1	2.7938	Viruses;Duplodnaviria;Heunggongvirae;Uroviricota;Caudoviricetes;;
k127_1522468	649	No terminal repeats	NA	2	11	0.8313	NA	1	1.7183	Viruses;Duplodnaviria;Heunggongvirae;Uroviricota;Caudoviricetes;;
k127_1485940	692	No terminal repeats	NA	1	11	0.8309	NA	1	1.7183	Viruses;Duplodnaviria;Heunggongvirae;Uroviricota;Caudoviricetes;;
k127_936204	1396	No terminal repeats	NA	2	11	0.8301	NA	2	2.7823	Viruses;Duplodnaviria;Heunggongvirae;Uroviricota;Caudoviricetes;;
k127_1186112	322	No terminal repeats	NA	1	11	0.8300	NA	1	1.4595	Viruses;Duplodnaviria;Heunggongvirae;Uroviricota;Caudoviricetes;;
k127_462999	334	No terminal repeats	NA	1	11	0.8300	NA	1	0.9079	Viruses;Duplodnaviria;Heunggongvirae;Uroviricota;Caudoviricetes;;
k127_1112596	716	No terminal repeats	NA	1	11	0.8293	NA	1	1.7183	Viruses;Duplodnaviria;Heunggongvirae;Uroviricota;Caudoviricetes;;
k127_1109687	1175	No terminal repeats	NA	2	11	0.8293	NA	1	1.6244	Viruses;Duplodnaviria;Heunggongvirae;Uroviricota;Caudoviricetes;;
k127_220782	1344	No terminal repeats	NA	1	11	0.8290	NA	1	1.7183	Viruses;Duplodnaviria;Heunggongvirae;Uroviricota;Caudoviricetes;;
k127_1191018	707	No terminal repeats	NA	2	11	0.8284	NA	1	1.7183	Viruses;Duplodnaviria;Heunggongvirae;Uroviricota;Caudoviricetes;;
k127_746447	1200	No terminal repeats	NA	1	11	0.8284	NA	1	1.7183	Viruses;Duplodnaviria;Heunggongvirae;Uroviricota;Caudoviricetes;;
k127_1283300	570	No terminal repeats	NA	1	11	0.8279	NA	1	1.3050	Viruses;Duplodnaviria;Heunggongvirae;Uroviricota;Caudoviricetes;;
k127_521549	1813	No terminal repeats	NA	4	11	0.8273	NA	2	3.2433	Viruses;Duplodnaviria;Heunggongvirae;Uroviricota;Caudoviricetes;;
k127_1389710	660	No terminal repeats	NA	1	11	0.8271	NA	1	1.4056	Viruses;Duplodnaviria;Heunggongvirae;Uroviricota;Caudoviricetes;;
k127_108067	751	No terminal repeats	NA	1	11	0.8268	NA	1	1.3847	Viruses;Duplodnaviria;Heunggongvirae;Uroviricota;Caudoviricetes;;
k127_1514664	850	No terminal repeats	NA	2	11	0.8256	NA	1	1.7183	Viruses;Duplodnaviria;Heunggongvirae;Uroviricota;Caudoviricetes;;
k127_1034678	371	No terminal repeats	NA	1	11	0.8254	NA	1	1.2808	Viruses;Duplodnaviria;Heunggongvirae;Uroviricota;Caudoviricetes;;
k127_1376320	3628	No terminal repeats	NA	5	11	0.8248	NA	1	1.7060	Unclassified
k127_617849	350	No terminal repeats	NA	1	11	0.8243	NA	1	1.5356	Viruses;Duplodnaviria;Heunggongvirae;Uroviricota;Caudoviricetes;;
k127_170183	607	No terminal repeats	NA	1	11	0.8238	NA	1	1.0597	Unclassified
k127_356425	398	No terminal repeats	NA	1	11	0.8236	NA	1	1.6280	Viruses;Duplodnaviria;Heunggongvirae;Uroviricota;Caudoviricetes;;
k127_691564	627	No terminal repeats	NA	2	11	0.8232	NA	1	1.7183	Viruses;Duplodnaviria;Heunggongvirae;Uroviricota;Caudoviricetes;;
k127_146479	1514	No terminal repeats	NA	1	11	0.8232	NA	1	1.2306	Viruses;Duplodnaviria;Heunggongvirae;Uroviricota;Caudoviricetes;;
k127_1130592	1303	No terminal repeats	NA	2	11	0.8229	NA	1	1.2201	Viruses;Duplodnaviria;Heunggongvirae;Uroviricota;Caudoviricetes;;
k127_31249	815	No terminal repeats	NA	1	11	0.8225	NA	1	1.7183	Viruses;Duplodnaviria;Heunggongvirae;Uroviricota;Caudoviricetes;;
k127_498359	387	No terminal repeats	NA	1	11	0.8222	NA	1	1.2632	Viruses;Duplodnaviria;Heunggongvirae;Uroviricota;Caudoviricetes;;
k127_146498	568	No terminal repeats	NA	1	11	0.8222	NA	1	1.7183	Viruses;Duplodnaviria;Heunggongvirae;Uroviricota;Caudoviricetes;;
k127_334006	939	No terminal repeats	NA	1	11	0.8210	NA	1	1.4595	Viruses;Duplodnaviria;Heunggongvirae;Uroviricota;Caudoviricetes;;
k127_841976	662	No terminal repeats	NA	1	11	0.8198	NA	1	1.7183	Viruses;Duplodnaviria;Heunggongvirae;Uroviricota;Caudoviricetes;;
k127_1423614	313	No terminal repeats	NA	2	11	0.8197	NA	1	1.7183	Unclassified
k127_126084	4590	No terminal repeats	NA	5	11	0.8196	NA	0	3.0513	Viruses;Duplodnaviria;Heunggongvirae;Uroviricota;Caudoviricetes;;
k127_925091	852	No terminal repeats	NA	1	11	0.8194	NA	1	1.7183	Viruses;Duplodnaviria;Heunggongvirae;Uroviricota;Caudoviricetes;;
k127_894796	1402	No terminal repeats	NA	3	11	0.8189	NA	1	3.2127	Viruses;Duplodnaviria;Heunggongvirae;Uroviricota;Caudoviricetes;;
k127_1146323	6837	No terminal repeats	NA	7	11	0.8187	NA	0	0.0000	Unclassified
k127_468729	355	No terminal repeats	NA	2	11	0.8185	NA	1	1.6516	Viruses;Duplodnaviria;Heunggongvirae;Uroviricota;Caudoviricetes;;
k127_182958	624	No terminal repeats	NA	1	11	0.8181	NA	1	1.7183	Viruses;Duplodnaviria;Heunggongvirae;Uroviricota;Caudoviricetes;;Drexlerviridae
k127_550163	338	No terminal repeats	NA	1	11	0.8178	NA	1	1.7105	Unclassified
k127_1116340	516	No terminal repeats	NA	1	11	0.8172	NA	1	1.7183	Viruses;Duplodnaviria;Heunggongvirae;Uroviricota;Caudoviricetes;;
k127_1265860	363	No terminal repeats	NA	1	11	0.8169	NA	1	1.5281	Viruses;Duplodnaviria;Heunggongvirae;Uroviricota;Caudoviricetes;;
k127_1108967	333	No terminal repeats	NA	1	11	0.8166	NA	1	1.1969	Viruses;Duplodnaviria;Heunggongvirae;Uroviricota;Caudoviricetes;;
k127_1339444	482	No terminal repeats	NA	1	11	0.8151	NA	1	1.1328	Viruses;Duplodnaviria;Heunggongvirae;Uroviricota;Caudoviricetes;;
k127_1433678	325	No terminal repeats	NA	1	11	0.8145	NA	1	1.2609	Viruses;Duplodnaviria;Heunggongvirae;Uroviricota;Caudoviricetes;;
k127_614638	525	No terminal repeats	NA	2	11	0.8137	NA	1	1.4698	Viruses;Duplodnaviria;Heunggongvirae;Uroviricota;Caudoviricetes;;
k127_1033921	541	No terminal repeats	NA	1	11	0.8133	NA	1	1.3483	Unclassified
k127_745126	420	No terminal repeats	NA	1	11	0.8132	NA	1	1.2802	Viruses;Duplodnaviria;Heunggongvirae;Uroviricota;Caudoviricetes;;
k127_989764	305	No terminal repeats	NA	1	11	0.8132	NA	1	1.7161	Viruses;Duplodnaviria;Heunggongvirae;Uroviricota;Caudoviricetes;;
k127_46727	701	No terminal repeats	NA	1	11	0.8126	NA	1	1.7183	Viruses;Duplodnaviria;Heunggongvirae;Uroviricota;Caudoviricetes;;
k127_971298	361	No terminal repeats	NA	1	11	0.8122	NA	1	1.1178	Viruses;Duplodnaviria;Heunggongvirae;Uroviricota;Caudoviricetes;;
k127_782753	616	No terminal repeats	NA	1	11	0.8117	NA	1	1.7183	Viruses;Duplodnaviria;Heunggongvirae;Uroviricota;Caudoviricetes;;
k127_522995	879	No terminal repeats	NA	1	11	0.8117	NA	1	1.7183	Viruses;Duplodnaviria;Heunggongvirae;Uroviricota;Caudoviricetes;;
k127_567468	837	No terminal repeats	NA	1	11	0.8116	NA	1	1.7183	Viruses;Duplodnaviria;Heunggongvirae;Uroviricota;Caudoviricetes;;
k127_1427767	310	No terminal repeats	NA	1	11	0.8113	NA	1	1.6755	Viruses;Duplodnaviria;Heunggongvirae;Uroviricota;Caudoviricetes;;
k127_566088	391	No terminal repeats	NA	1	11	0.8111	NA	1	1.2261	Viruses;Duplodnaviria;Heunggongvirae;Uroviricota;Caudoviricetes;;
k127_305829	264	No terminal repeats	NA	1	11	0.8106	NA	1	1.2952	Viruses;Duplodnaviria;Heunggongvirae;Uroviricota;Caudoviricetes;;
k127_443353	415	No terminal repeats	NA	2	11	0.8103	NA	1	1.7183	Viruses;Duplodnaviria;Heunggongvirae;Uroviricota;Caudoviricetes;;
k127_580040	452	No terminal repeats	NA	1	11	0.8099	NA	1	1.7183	Viruses;Duplodnaviria;Heunggongvirae;Uroviricota;Caudoviricetes;;
k127_1152103	470	No terminal repeats	NA	1	11	0.8097	NA	1	1.1702	Viruses;Duplodnaviria;Heunggongvirae;Uroviricota;Caudoviricetes;;
k127_734176	340	No terminal repeats	NA	1	11	0.8096	NA	1	1.2695	Viruses;Duplodnaviria;Heunggongvirae;Uroviricota;Caudoviricetes;;
k127_3102	1063	No terminal repeats	NA	1	11	0.8091	NA	1	1.7183	Viruses;Duplodnaviria;Heunggongvirae;Uroviricota;Caudoviricetes;;
k127_1152352	482	No terminal repeats	NA	2	11	0.8086	NA	1	1.2475	Viruses;Duplodnaviria;Heunggongvirae;Uroviricota;Caudoviricetes;;Straboviridae
k127_356275	1215	No terminal repeats	NA	2	11	0.8079	NA	1	1.7183	Viruses;Duplodnaviria;Heunggongvirae;Uroviricota;Caudoviricetes;;
k127_732745	613	No terminal repeats	NA	2	11	0.8075	NA	1	1.2204	Viruses;Duplodnaviria;Heunggongvirae;Uroviricota;Caudoviricetes;;
k127_133013	825	No terminal repeats	NA	1	11	0.8063	NA	1	1.7183	Viruses;Duplodnaviria;Heunggongvirae;Uroviricota;Caudoviricetes;;
k127_762151	353	No terminal repeats	NA	2	11	0.8061	NA	1	1.7183	Unclassified
k127_1134214	317	No terminal repeats	NA	1	11	0.8040	NA	1	1.3816	Viruses;Duplodnaviria;Heunggongvirae;Uroviricota;Caudoviricetes;;
k127_1411568	321	No terminal repeats	NA	1	11	0.8033	NA	1	1.6988	Viruses;Duplodnaviria;Heunggongvirae;Uroviricota;Caudoviricetes;;
k127_1000249	338	No terminal repeats	NA	1	11	0.8031	NA	1	1.3562	Viruses;Duplodnaviria;Heunggongvirae;Uroviricota;Caudoviricetes;;
k127_1045999	954	No terminal repeats	NA	3	11	0.8027	NA	1	2.9677	Viruses;Duplodnaviria;Heunggongvirae;Uroviricota;Caudoviricetes;;
k127_1273501	362	No terminal repeats	NA	1	11	0.8023	NA	1	1.4600	Viruses;Duplodnaviria;Heunggongvirae;Uroviricota;Caudoviricetes;;
k127_1222417	802	No terminal repeats	NA	3	11	0.8013	NA	2	3.8269	Viruses;Duplodnaviria;Heunggongvirae;Uroviricota;Caudoviricetes;;
k127_812101	2697	No terminal repeats	NA	1	11	0.8013	NA	0	1.7183	Viruses;Duplodnaviria;Heunggongvirae;Uroviricota;Caudoviricetes;;
k127_1270244	529	No terminal repeats	NA	1	11	0.8008	NA	1	1.7183	Viruses;Duplodnaviria;Heunggongvirae;Uroviricota;Caudoviricetes;;
k127_1003405	1521	No terminal repeats	NA	2	11	0.8006	NA	1	1.7183	Viruses;Duplodnaviria;Heunggongvirae;Uroviricota;Caudoviricetes;;
k127_639779	1124	No terminal repeats	NA	1	11	0.8005	NA	1	1.7183	Viruses;Duplodnaviria;Heunggongvirae;Uroviricota;Caudoviricetes;;
k127_317284	321	No terminal repeats	NA	1	11	0.8002	NA	1	1.3845	Viruses;Duplodnaviria;Heunggongvirae;Uroviricota;Caudoviricetes;;
k127_1301344	348	No terminal repeats	NA	1	11	0.8001	NA	1	1.2271	Viruses;Duplodnaviria;Heunggongvirae;Uroviricota;Caudoviricetes;;
k127_1425644	3176	No terminal repeats	NA	6	11	0.7997	NA	1	3.0596	Viruses;Duplodnaviria;Heunggongvirae;Uroviricota;Caudoviricetes;;
k127_994552	865	No terminal repeats	NA	2	11	0.7991	NA	1	1.4057	Viruses;Duplodnaviria;Heunggongvirae;Uroviricota;Caudoviricetes;;
k127_524198	215	No terminal repeats	NA	1	11	0.7989	NA	1	1.7161	Viruses;Duplodnaviria;Heunggongvirae;Uroviricota;Caudoviricetes;;
k127_1223677	362	No terminal repeats	NA	1	11	0.7976	NA	1	1.1438	Viruses;Duplodnaviria;Heunggongvirae;Uroviricota;Caudoviricetes;;
k127_19849	1011	No terminal repeats	NA	2	11	0.7966	NA	1	1.2229	Viruses;Duplodnaviria;Heunggongvirae;Uroviricota;Caudoviricetes;;
k127_784614	354	No terminal repeats	NA	1	11	0.7956	NA	1	1.6809	Unclassified
k127_190915	2056	No terminal repeats	NA	2	11	0.7947	NA	1	1.7183	Viruses;Duplodnaviria;Heunggongvirae;Uroviricota;Caudoviricetes;;
k127_719266	499	No terminal repeats	NA	1	11	0.7947	NA	1	1.4000	Viruses;Duplodnaviria;Heunggongvirae;Uroviricota;Caudoviricetes;;
k127_242987	518	No terminal repeats	NA	1	11	0.7946	NA	1	1.7183	Viruses;Duplodnaviria;Heunggongvirae;Uroviricota;Caudoviricetes;;
k127_809703	601	No terminal repeats	NA	1	11	0.7942	NA	1	1.7183	Viruses;Duplodnaviria;Heunggongvirae;Uroviricota;Caudoviricetes;;
k127_856681	323	No terminal repeats	NA	1	11	0.7934	NA	1	1.0639	Viruses;Duplodnaviria;Heunggongvirae;Uroviricota;Caudoviricetes;;
k127_1322043	372	No terminal repeats	NA	1	11	0.7924	NA	1	1.2271	Viruses;Duplodnaviria;Heunggongvirae;Uroviricota;Caudoviricetes;;
k127_1177040	698	No terminal repeats	NA	1	11	0.7923	NA	1	1.2306	Viruses;Duplodnaviria;Heunggongvirae;Uroviricota;Caudoviricetes;;
k127_1225830	592	No terminal repeats	NA	1	11	0.7920	NA	1	1.7183	Viruses;Duplodnaviria;Heunggongvirae;Uroviricota;Caudoviricetes;;
k127_1479671	351	No terminal repeats	NA	1	11	0.7917	NA	1	1.3884	Viruses;Duplodnaviria;Heunggongvirae;Uroviricota;Caudoviricetes;;
k127_816387	446	No terminal repeats	NA	1	11	0.7911	NA	1	1.3562	Viruses;Duplodnaviria;Heunggongvirae;Uroviricota;Caudoviricetes;;
k127_761132	318	No terminal repeats	NA	1	11	0.7909	NA	1	1.4025	Unclassified
k127_1201386	385	No terminal repeats	NA	1	11	0.7908	NA	1	0.9818	Viruses;Duplodnaviria;Heunggongvirae;Uroviricota;Caudoviricetes;;
k127_1309793	463	No terminal repeats	NA	1	11	0.7895	NA	1	1.6407	Viruses;Duplodnaviria;Heunggongvirae;Uroviricota;Caudoviricetes;;
k127_390435	528	No terminal repeats	NA	1	11	0.7892	NA	1	1.7183	Viruses;Duplodnaviria;Heunggongvirae;Uroviricota;Caudoviricetes;;
k127_1335065	583	No terminal repeats	NA	2	11	0.7890	NA	1	1.7183	Viruses;Duplodnaviria;Heunggongvirae;Uroviricota;Caudoviricetes;;
k127_301186	339	No terminal repeats	NA	2	11	0.7887	NA	1	1.4812	Unclassified
k127_1102708	559	No terminal repeats	NA	2	11	0.7883	NA	1	1.7183	Viruses;Duplodnaviria;Heunggongvirae;Uroviricota;Caudoviricetes;;
k127_857494	539	No terminal repeats	NA	1	11	0.7881	NA	1	1.7183	Viruses;Duplodnaviria;Heunggongvirae;Uroviricota;Caudoviricetes;;
k127_131050	371	No terminal repeats	NA	2	11	0.7875	NA	1	1.3598	Viruses;Duplodnaviria;Heunggongvirae;Uroviricota;Caudoviricetes;;
k127_1018853	768	No terminal repeats	NA	2	11	0.7873	NA	1	1.7183	Viruses;Duplodnaviria;Heunggongvirae;Uroviricota;Caudoviricetes;;
k127_404567	367	No terminal repeats	NA	1	11	0.7872	NA	1	1.3358	Viruses;Duplodnaviria;Heunggongvirae;Uroviricota;Caudoviricetes;;
k127_1070389	2882	No terminal repeats	NA	1	11	0.7871	NA	0	1.7183	Viruses;Duplodnaviria;Heunggongvirae;Uroviricota;Caudoviricetes;;
k127_545645	1630	No terminal repeats	NA	3	11	0.7870	NA	1	2.9037	Viruses;Duplodnaviria;Heunggongvirae;Uroviricota;Caudoviricetes;;
k127_173488	390	No terminal repeats	NA	1	11	0.7869	NA	1	1.6570	Viruses;Duplodnaviria;Heunggongvirae;Uroviricota;Caudoviricetes;;
k127_367155	1092	No terminal repeats	NA	1	11	0.7864	NA	1	1.7183	Viruses;Duplodnaviria;Heunggongvirae;Uroviricota;Caudoviricetes;;
k127_813970	330	No terminal repeats	NA	1	11	0.7861	NA	1	1.2934	Viruses;Duplodnaviria;Heunggongvirae;Uroviricota;Caudoviricetes;;
k127_75758	1114	No terminal repeats	NA	2	11	0.7855	NA	1	1.4740	Viruses;Duplodnaviria;Heunggongvirae;Uroviricota;Caudoviricetes;;
k127_737492	527	No terminal repeats	NA	2	11	0.7854	NA	1	1.2306	Viruses;Duplodnaviria;Heunggongvirae;Uroviricota;Caudoviricetes;;
k127_1131273	1385	No terminal repeats	NA	2	11	0.7850	NA	1	1.7183	Unclassified
k127_694663	1149	No terminal repeats	NA	1	11	0.7846	NA	1	1.4754	Viruses;Duplodnaviria;Heunggongvirae;Uroviricota;Caudoviricetes;;
k127_1296681	3033	No terminal repeats	NA	1	11	0.7844	NA	0	0.0000	Unclassified
k127_1241900	396	No terminal repeats	NA	1	11	0.7842	NA	1	1.4057	Viruses;Duplodnaviria;Heunggongvirae;Uroviricota;Caudoviricetes;;
k127_819640	360	No terminal repeats	NA	2	11	0.7840	NA	1	1.7183	Viruses;Duplodnaviria;Heunggongvirae;Uroviricota;Caudoviricetes;;
k127_1140330	1330	No terminal repeats	NA	2	11	0.7839	NA	1	1.7183	Unclassified
k127_1485347	302	No terminal repeats	NA	1	11	0.7832	NA	1	1.2847	Viruses;Duplodnaviria;Heunggongvirae;Uroviricota;Caudoviricetes;;
k127_621848	349	No terminal repeats	NA	1	11	0.7831	NA	1	1.5594	Viruses;Duplodnaviria;Heunggongvirae;Uroviricota;Caudoviricetes;;
k127_1295959	3552	No terminal repeats	NA	3	11	0.7825	NA	0	1.7183	Unclassified
k127_146726	703	No terminal repeats	NA	1	11	0.7825	NA	1	1.7183	Viruses;Duplodnaviria;Heunggongvirae;Uroviricota;Caudoviricetes;;
k127_641983	1660	No terminal repeats	NA	1	11	0.7819	NA	1	1.7183	Viruses;Duplodnaviria;Heunggongvirae;Uroviricota;Caudoviricetes;;
k127_10101	351	No terminal repeats	NA	1	11	0.7819	NA	1	1.1795	Viruses;Duplodnaviria;Heunggongvirae;Uroviricota;Caudoviricetes;;
k127_40061	831	No terminal repeats	NA	2	11	0.7817	NA	1	1.7183	Viruses;Duplodnaviria;Heunggongvirae;Uroviricota;Caudoviricetes;;
k127_205556	3528	No terminal repeats	NA	5	11	0.7809	NA	0	2.8772	Viruses;Duplodnaviria;Heunggongvirae;Uroviricota;Caudoviricetes;;
k127_410047	1187	No terminal repeats	NA	1	11	0.7807	NA	1	1.2306	Viruses;Duplodnaviria;Heunggongvirae;Uroviricota;Caudoviricetes;;
k127_32450	768	No terminal repeats	NA	1	11	0.7807	NA	1	1.7183	Viruses;Duplodnaviria;Heunggongvirae;Uroviricota;Caudoviricetes;;
k127_317945	516	No terminal repeats	NA	2	11	0.7803	NA	1	1.7183	Viruses;Duplodnaviria;Heunggongvirae;Uroviricota;Caudoviricetes;;
k127_930557	804	No terminal repeats	NA	1	11	0.7802	NA	1	1.7183	Viruses;Duplodnaviria;Heunggongvirae;Uroviricota;Caudoviricetes;;
k127_1292832	439	No terminal repeats	NA	2	11	0.7800	NA	1	1.0851	Viruses;Duplodnaviria;Heunggongvirae;Uroviricota;Caudoviricetes;;
k127_792407	379	No terminal repeats	NA	1	11	0.7795	NA	1	1.4979	Viruses;Duplodnaviria;Heunggongvirae;Uroviricota;Caudoviricetes;;
k127_1059246	834	No terminal repeats	NA	1	11	0.7793	NA	1	1.7183	Viruses;Duplodnaviria;Heunggongvirae;Uroviricota;Caudoviricetes;;
k127_60556	797	No terminal repeats	NA	1	11	0.7792	NA	1	1.1904	Viruses;Duplodnaviria;Heunggongvirae;Uroviricota;Caudoviricetes;;
k127_1514512	839	No terminal repeats	NA	1	11	0.7788	NA	1	1.7183	Viruses;Duplodnaviria;Heunggongvirae;Uroviricota;Caudoviricetes;;
k127_1525932	700	DTR	NA	1	11	0.7788	NA	1	1.1262	Viruses;Duplodnaviria;Heunggongvirae;Uroviricota;Caudoviricetes;;
k127_66598	341	No terminal repeats	NA	1	11	0.7786	NA	1	1.7084	Viruses;Duplodnaviria;Heunggongvirae;Uroviricota;Caudoviricetes;;
k127_1430451	1612	No terminal repeats	NA	1	11	0.7784	NA	1	1.7183	Viruses;Duplodnaviria;Heunggongvirae;Uroviricota;Caudoviricetes;;
k127_1304758	752	No terminal repeats	NA	2	11	0.7778	NA	1	1.4351	Viruses;Duplodnaviria;Heunggongvirae;Uroviricota;Caudoviricetes;;
k127_1432292	372	No terminal repeats	NA	2	11	0.7768	NA	1	1.3139	Viruses;Duplodnaviria;Heunggongvirae;Uroviricota;Caudoviricetes;;
k127_1155266	622	No terminal repeats	NA	1	11	0.7764	NA	1	1.7183	Viruses;Duplodnaviria;Heunggongvirae;Uroviricota;Caudoviricetes;;
k127_68444	469	No terminal repeats	NA	1	11	0.7763	NA	1	1.7183	Unclassified
k127_1013393	2967	No terminal repeats	NA	3	11	0.7756	NA	0	1.7183	Viruses;Duplodnaviria;Heunggongvirae;Uroviricota;Caudoviricetes;;
k127_1399332	301	No terminal repeats	NA	1	11	0.7747	NA	1	1.0363	Viruses;Duplodnaviria;Heunggongvirae;Uroviricota;Caudoviricetes;;
k127_443508	3779	No terminal repeats	NA	2	11	0.7738	NA	0	1.7183	Viruses;Duplodnaviria;Heunggongvirae;Uroviricota;Caudoviricetes;;
k127_287837	997	No terminal repeats	NA	1	11	0.7735	NA	1	1.7183	Viruses;Duplodnaviria;Heunggongvirae;Uroviricota;Caudoviricetes;;
k127_226549	526	No terminal repeats	NA	1	11	0.7734	NA	1	1.0597	Unclassified
k127_1398429	1875	No terminal repeats	NA	1	11	0.7732	NA	1	1.7183	Viruses;Duplodnaviria;Heunggongvirae;Uroviricota;Caudoviricetes;;
k127_883353	852	No terminal repeats	NA	2	11	0.7729	NA	1	1.7183	Viruses;Duplodnaviria;Heunggongvirae;Uroviricota;Caudoviricetes;;
k127_1010263	603	No terminal repeats	NA	3	11	0.7727	NA	1	1.7183	Viruses;Duplodnaviria;Heunggongvirae;Uroviricota;Caudoviricetes;;
k127_711524	309	No terminal repeats	NA	1	11	0.7712	NA	1	1.4494	Viruses;Duplodnaviria;Heunggongvirae;Uroviricota;Caudoviricetes;;
k127_426927	353	No terminal repeats	NA	1	11	0.7702	NA	1	1.3168	Viruses;Duplodnaviria;Heunggongvirae;Uroviricota;Caudoviricetes;;
k127_1413504	396	No terminal repeats	NA	1	11	0.7700	NA	1	1.3608	Viruses;Duplodnaviria;Heunggongvirae;Uroviricota;Caudoviricetes;;Straboviridae
k127_512798	729	No terminal repeats	NA	1	11	0.7689	NA	1	1.1262	Viruses;Duplodnaviria;Heunggongvirae;Uroviricota;Caudoviricetes;;
k127_159676	378	No terminal repeats	NA	2	11	0.7687	NA	1	1.2814	Viruses;Duplodnaviria;Heunggongvirae;Uroviricota;Caudoviricetes;;
k127_1510758	717	No terminal repeats	NA	1	11	0.7687	NA	1	1.7183	Viruses;Duplodnaviria;Heunggongvirae;Uroviricota;Caudoviricetes;;
k127_1087088	4449	No terminal repeats	NA	14	11	0.7676	NA	0	4.2269	Viruses;Duplodnaviria;Heunggongvirae;Uroviricota;Caudoviricetes;;
k127_85150	357	No terminal repeats	NA	1	11	0.7656	NA	1	1.3093	Viruses;Duplodnaviria;Heunggongvirae;Uroviricota;Caudoviricetes;;
k127_566748	1321	No terminal repeats	NA	1	11	0.7643	NA	1	1.7183	Viruses;Duplodnaviria;Heunggongvirae;Uroviricota;Caudoviricetes;;
k127_1161649	459	No terminal repeats	NA	2	11	0.7643	NA	1	1.7161	Viruses;Duplodnaviria;Heunggongvirae;Uroviricota;Caudoviricetes;;
k127_862996	352	No terminal repeats	NA	1	11	0.7628	NA	1	1.4709	Viruses;Duplodnaviria;Heunggongvirae;Uroviricota;Caudoviricetes;;
k127_762845	374	No terminal repeats	NA	1	11	0.7627	NA	1	1.2609	Viruses;Duplodnaviria;Heunggongvirae;Uroviricota;Caudoviricetes;;
k127_189433	1331	No terminal repeats	NA	3	11	0.7624	NA	1	1.4263	Unclassified
k127_507937	341	No terminal repeats	NA	1	11	0.7624	NA	1	1.3308	Viruses;Duplodnaviria;Heunggongvirae;Uroviricota;Caudoviricetes;;
k127_1014858	443	No terminal repeats	NA	2	11	0.7620	NA	1	1.6181	Viruses;Duplodnaviria;Heunggongvirae;Uroviricota;Caudoviricetes;;
k127_1331145	930	No terminal repeats	NA	1	11	0.7607	NA	1	1.7183	Viruses;Duplodnaviria;Heunggongvirae;Uroviricota;Caudoviricetes;;
k127_925185	386	No terminal repeats	NA	1	11	0.7597	NA	1	1.7177	Viruses;Duplodnaviria;Heunggongvirae;Uroviricota;Caudoviricetes;;
k127_988337	372	No terminal repeats	NA	1	11	0.7591	NA	1	1.7164	Viruses;Duplodnaviria;Heunggongvirae;Uroviricota;Caudoviricetes;;
k127_298460	527	No terminal repeats	NA	1	11	0.7578	NA	1	1.0746	Viruses;Duplodnaviria;Heunggongvirae;Uroviricota;Caudoviricetes;;
k127_32159	1612	No terminal repeats	NA	2	11	0.7573	NA	1	1.7183	Viruses;Duplodnaviria;Heunggongvirae;Uroviricota;Caudoviricetes;;
k127_88020	443	No terminal repeats	NA	1	11	0.7572	NA	1	1.7136	Viruses;Duplodnaviria;Heunggongvirae;Uroviricota;Caudoviricetes;;
k127_1370411	478	No terminal repeats	NA	2	11	0.7567	NA	1	1.7183	Viruses;Duplodnaviria;Heunggongvirae;Uroviricota;Caudoviricetes;;
k127_1134347	903	No terminal repeats	NA	1	11	0.7562	NA	1	1.7183	Viruses;Duplodnaviria;Heunggongvirae;Uroviricota;Caudoviricetes;;
k127_1486120	316	No terminal repeats	NA	1	11	0.7560	NA	1	1.0363	Viruses;Duplodnaviria;Heunggongvirae;Uroviricota;Caudoviricetes;;
k127_423165	344	No terminal repeats	NA	1	11	0.7553	NA	1	1.4433	Viruses;Duplodnaviria;Heunggongvirae;Uroviricota;Caudoviricetes;;
k127_1393544	475	No terminal repeats	NA	2	11	0.7551	NA	1	1.0851	Viruses;Duplodnaviria;Heunggongvirae;Uroviricota;Caudoviricetes;;
k127_444230	991	No terminal repeats	NA	1	11	0.7545	NA	1	1.7183	Viruses;Duplodnaviria;Heunggongvirae;Uroviricota;Caudoviricetes;;
k127_688426	369	No terminal repeats	NA	1	11	0.7509	NA	1	1.4144	Viruses;Duplodnaviria;Heunggongvirae;Uroviricota;Caudoviricetes;;
k127_1160480	407	No terminal repeats	NA	1	11	0.7501	NA	1	1.5291	Viruses;Duplodnaviria;Heunggongvirae;Uroviricota;Caudoviricetes;;
k127_763695	3569	No terminal repeats	NA	1	11	0.7500	NA	0	1.7183	Unclassified
k127_1092386	449	No terminal repeats	NA	1	11	0.7498	NA	1	1.5497	Viruses;Duplodnaviria;Heunggongvirae;Uroviricota;Caudoviricetes;;
k127_383553	398	No terminal repeats	NA	1	11	0.7494	NA	1	1.2802	Viruses;Duplodnaviria;Heunggongvirae;Uroviricota;Caudoviricetes;;
k127_1491844	355	No terminal repeats	NA	1	11	0.7488	NA	1	1.3050	Viruses;Duplodnaviria;Heunggongvirae;Uroviricota;Caudoviricetes;;
k127_846520	1387	No terminal repeats	NA	1	11	0.7475	NA	1	1.2995	Viruses;Duplodnaviria;Heunggongvirae;Uroviricota;Caudoviricetes;;Ackermannviridae
k127_579370	318	No terminal repeats	NA	1	11	0.7470	NA	1	1.1702	Viruses;Duplodnaviria;Heunggongvirae;Uroviricota;Caudoviricetes;;
k127_1373820	341	No terminal repeats	NA	1	11	0.7463	NA	1	1.6281	Viruses;Duplodnaviria;Heunggongvirae;Uroviricota;Caudoviricetes;;
k127_579623	867	No terminal repeats	NA	1	11	0.7458	NA	1	1.1191	Viruses;Duplodnaviria;Heunggongvirae;Uroviricota;Caudoviricetes;;
k127_110841	6464	No terminal repeats	NA	9	11	0.7457	NA	1	5.6513	Viruses;Duplodnaviria;Heunggongvirae;Uroviricota;Caudoviricetes;;
k127_1446845	504	No terminal repeats	NA	1	11	0.7455	NA	1	1.2792	Viruses;Duplodnaviria;Heunggongvirae;Uroviricota;Caudoviricetes;;
k127_1236018	322	No terminal repeats	NA	1	11	0.7452	NA	1	1.6774	Viruses;Duplodnaviria;Heunggongvirae;Uroviricota;Caudoviricetes;;
k127_252189	323	No terminal repeats	NA	1	11	0.7430	NA	1	1.6903	Unclassified
k127_370501	611	No terminal repeats	NA	2	11	0.7424	NA	1	1.7183	Unclassified
k127_792987	1158	No terminal repeats	NA	3	11	0.7423	NA	1	1.7183	Viruses;Duplodnaviria;Heunggongvirae;Uroviricota;Caudoviricetes;;
k127_933928	621	No terminal repeats	NA	1	11	0.7402	NA	1	1.2927	Viruses;Duplodnaviria;Heunggongvirae;Uroviricota;Caudoviricetes;;
k127_90140	364	No terminal repeats	NA	1	11	0.7396	NA	1	1.6774	Viruses;Duplodnaviria;Heunggongvirae;Uroviricota;Caudoviricetes;;
k127_1251355	485	No terminal repeats	NA	1	11	0.7393	NA	1	1.4709	Viruses;Duplodnaviria;Heunggongvirae;Uroviricota;Caudoviricetes;;
k127_1479282	781	No terminal repeats	NA	2	11	0.7392	NA	1	1.2306	Viruses;Duplodnaviria;Heunggongvirae;Uroviricota;Caudoviricetes;;
k127_1079379	716	No terminal repeats	NA	1	11	0.7391	NA	1	1.5710	Viruses;Duplodnaviria;Heunggongvirae;Uroviricota;Caudoviricetes;;
k127_1149667	606	No terminal repeats	NA	2	11	0.7386	NA	1	1.1262	Viruses;Duplodnaviria;Heunggongvirae;Uroviricota;Caudoviricetes;;
k127_16897	480	No terminal repeats	NA	1	11	0.7376	NA	1	1.4433	Viruses;Duplodnaviria;Heunggongvirae;Uroviricota;Caudoviricetes;;
k127_1167044	451	No terminal repeats	NA	1	11	0.7369	NA	1	1.3358	Viruses;Duplodnaviria;Heunggongvirae;Uroviricota;Caudoviricetes;;
k127_1454937	1071	No terminal repeats	NA	2	11	0.7362	NA	1	1.7183	Viruses;Duplodnaviria;Heunggongvirae;Uroviricota;Caudoviricetes;;
k127_1135222	1679	No terminal repeats	NA	2	11	0.7335	NA	1	1.7183	Viruses;Duplodnaviria;Heunggongvirae;Uroviricota;Caudoviricetes;;
k127_632958	2573	No terminal repeats	NA	3	11	0.7334	NA	1	2.6035	Viruses;Duplodnaviria;Heunggongvirae;Uroviricota;Caudoviricetes;;
k127_359351	727	No terminal repeats	NA	1	11	0.7329	NA	1	1.7183	Viruses;Duplodnaviria;Heunggongvirae;Uroviricota;Caudoviricetes;;
k127_1106266	3611	No terminal repeats	NA	2	11	0.7326	NA	1	1.7183	Viruses;Riboviria;Orthornavirae;Pisuviricota;Duplopiviricetes;Durnavirales;Partitiviridae
k127_1129641	598	No terminal repeats	NA	1	11	0.7294	NA	1	1.4060	Viruses;Duplodnaviria;Heunggongvirae;Uroviricota;Caudoviricetes;;
k127_23025	3453	No terminal repeats	NA	2	11	0.7284	NA	0	0.0000	Unclassified
k127_1067879	503	No terminal repeats	NA	1	11	0.7274	NA	1	1.7183	Viruses;Duplodnaviria;Heunggongvirae;Uroviricota;Caudoviricetes;;
k127_1318505	331	No terminal repeats	NA	1	11	0.7270	NA	1	1.4506	Viruses;Duplodnaviria;Heunggongvirae;Uroviricota;Caudoviricetes;;
k127_1370408	910	No terminal repeats	NA	1	11	0.7268	NA	1	0.9221	Viruses;Duplodnaviria;Heunggongvirae;Uroviricota;Caudoviricetes;;Straboviridae
k127_7977	413	No terminal repeats	NA	1	11	0.7264	NA	1	1.4860	Viruses;Duplodnaviria;Heunggongvirae;Uroviricota;Caudoviricetes;;
k127_1307082	391	No terminal repeats	NA	1	11	0.7256	NA	1	1.3150	Viruses;Duplodnaviria;Heunggongvirae;Uroviricota;Caudoviricetes;;
k127_107575	1545	No terminal repeats	NA	2	11	0.7253	NA	1	1.2632	Viruses;Duplodnaviria;Heunggongvirae;Uroviricota;Caudoviricetes;;
k127_1245344	448	No terminal repeats	NA	1	11	0.7251	NA	1	1.4073	Viruses;Duplodnaviria;Heunggongvirae;Uroviricota;Caudoviricetes;;
k127_517857	3425	DTR	NA	4	11	0.7245	NA	1	1.7183	Viruses;Monodnaviria;Shotokuvirae;Cressdnaviricota;;;
k127_823121	1341	No terminal repeats	NA	1	11	0.7232	NA	1	1.4749	Viruses;Duplodnaviria;Heunggongvirae;Uroviricota;Caudoviricetes;;
k127_787208	1060	No terminal repeats	NA	3	11	0.7226	NA	1	1.7183	Viruses;Duplodnaviria;Heunggongvirae;Uroviricota;Caudoviricetes;;
k127_46813	327	No terminal repeats	NA	2	11	0.7212	NA	1	1.0851	Viruses;Duplodnaviria;Heunggongvirae;Uroviricota;Caudoviricetes;;
k127_305826	421	No terminal repeats	NA	2	11	0.7211	NA	1	1.2952	Viruses;Duplodnaviria;Heunggongvirae;Uroviricota;Caudoviricetes;;
k127_1334193	706	No terminal repeats	NA	2	11	0.7210	NA	1	1.6284	Viruses;Duplodnaviria;Heunggongvirae;Uroviricota;Caudoviricetes;;
k127_197053	407	No terminal repeats	NA	1	11	0.7209	NA	1	1.5251	Viruses;Duplodnaviria;Heunggongvirae;Uroviricota;Caudoviricetes;;
k127_919320	361	No terminal repeats	NA	1	11	0.7201	NA	1	1.3572	Viruses;Duplodnaviria;Heunggongvirae;Uroviricota;Caudoviricetes;;
k127_57420	1228	No terminal repeats	NA	3	11	0.7192	NA	1	1.7165	Viruses;Duplodnaviria;Heunggongvirae;Uroviricota;Caudoviricetes;;
k127_1384327	316	No terminal repeats	NA	1	11	0.7190	NA	1	1.6977	Viruses;Duplodnaviria;Heunggongvirae;Uroviricota;Caudoviricetes;;
k127_615120	474	No terminal repeats	NA	1	11	0.7190	NA	1	1.3450	Viruses;Duplodnaviria;Heunggongvirae;Uroviricota;Caudoviricetes;;
k127_632669	458	No terminal repeats	NA	1	11	0.7176	NA	1	1.6742	Viruses;Duplodnaviria;Heunggongvirae;Uroviricota;Caudoviricetes;;
k127_1243289	377	No terminal repeats	NA	1	11	0.7172	NA	1	1.7161	Viruses;Duplodnaviria;Heunggongvirae;Uroviricota;Caudoviricetes;;
k127_507350	347	No terminal repeats	NA	1	11	0.7170	NA	1	1.2934	Viruses;Duplodnaviria;Heunggongvirae;Uroviricota;Caudoviricetes;;
k127_155414	656	No terminal repeats	NA	2	11	0.7163	NA	1	1.7183	Viruses;Duplodnaviria;Heunggongvirae;Uroviricota;Caudoviricetes;;
k127_1359336	481	No terminal repeats	NA	1	11	0.7163	NA	1	1.5678	Viruses;Duplodnaviria;Heunggongvirae;Uroviricota;Caudoviricetes;;
k127_300293	426	No terminal repeats	NA	1	11	0.7161	NA	1	1.3070	Viruses;Duplodnaviria;Heunggongvirae;Uroviricota;Caudoviricetes;;
k127_29018	751	No terminal repeats	NA	1	11	0.7155	NA	1	1.3550	Viruses;Duplodnaviria;Heunggongvirae;Uroviricota;Caudoviricetes;;
k127_647630	580	No terminal repeats	NA	3	11	0.7155	NA	1	1.4812	Unclassified
k127_1409533	538	No terminal repeats	NA	1	11	0.7152	NA	1	1.2802	Viruses;Duplodnaviria;Heunggongvirae;Uroviricota;Caudoviricetes;;
k127_192678	1270	No terminal repeats	NA	2	11	0.7151	NA	1	1.7183	Viruses;Duplodnaviria;Heunggongvirae;Uroviricota;Caudoviricetes;;
k127_875075	656	No terminal repeats	NA	2	11	0.7140	NA	1	1.0851	Viruses;Duplodnaviria;Heunggongvirae;Uroviricota;Caudoviricetes;;
k127_762402	362	No terminal repeats	NA	1	11	0.7138	NA	1	1.3358	Viruses;Duplodnaviria;Heunggongvirae;Uroviricota;Caudoviricetes;;
k127_837991	5323	No terminal repeats	NA	9	11	0.7136	NA	0	1.7183	Unclassified
k127_652313	669	No terminal repeats	NA	1	11	0.7118	NA	1	1.2229	Viruses;Duplodnaviria;Heunggongvirae;Uroviricota;Caudoviricetes;;
k127_836807	3069	No terminal repeats	NA	1	11	0.7117	NA	0	1.7183	Viruses;Duplodnaviria;Heunggongvirae;Uroviricota;Caudoviricetes;;
k127_1289410	454	No terminal repeats	NA	1	11	0.7110	NA	1	1.7161	Viruses;Duplodnaviria;Heunggongvirae;Uroviricota;Caudoviricetes;;
k127_418343	313	No terminal repeats	NA	1	11	0.7105	NA	1	1.3093	Viruses;Duplodnaviria;Heunggongvirae;Uroviricota;Caudoviricetes;;
k127_500465	581	No terminal repeats	NA	1	11	0.7104	NA	1	1.0722	Viruses;Duplodnaviria;Heunggongvirae;Uroviricota;Caudoviricetes;;
k127_569438	843	No terminal repeats	NA	2	11	0.7099	NA	1	1.0363	Viruses;Duplodnaviria;Heunggongvirae;Uroviricota;Caudoviricetes;;
k127_615926	7115	No terminal repeats	NA	9	11	0.7095	NA	1	8.4298	Viruses;Duplodnaviria;Heunggongvirae;Uroviricota;Caudoviricetes;;
k127_540626	3055	No terminal repeats	NA	2	11	0.7093	NA	1	1.7183	Viruses;Duplodnaviria;Heunggongvirae;Uroviricota;Caudoviricetes;;
k127_1505653	499	No terminal repeats	NA	1	11	0.7076	NA	1	1.3562	Viruses;Duplodnaviria;Heunggongvirae;Uroviricota;Caudoviricetes;;
k127_586178	474	No terminal repeats	NA	1	11	0.7049	NA	1	1.2695	Viruses;Duplodnaviria;Heunggongvirae;Uroviricota;Caudoviricetes;;
k127_814237	637	No terminal repeats	NA	1	11	0.7025	NA	1	1.7183	Viruses;Duplodnaviria;Heunggongvirae;Uroviricota;Caudoviricetes;;
k127_1164464	359	No terminal repeats	NA	1	11	0.7021	NA	1	1.4057	Viruses;Duplodnaviria;Heunggongvirae;Uroviricota;Caudoviricetes;;
k127_1454242	1893	No terminal repeats	NA	2	11	0.7019	NA	1	1.7183	Viruses;Duplodnaviria;Heunggongvirae;Uroviricota;Caudoviricetes;;
k127_104699	350	No terminal repeats	NA	1	11	0.7016	NA	1	1.6245	Viruses;Duplodnaviria;Heunggongvirae;Uroviricota;Caudoviricetes;;
k127_620049	485	No terminal repeats	NA	1	11	0.7013	NA	1	0.9531	Viruses;Duplodnaviria;Heunggongvirae;Uroviricota;Caudoviricetes;;
k127_716593	1001	No terminal repeats	NA	4	11	0.7009	NA	1	1.1702	Viruses;Duplodnaviria;Heunggongvirae;Uroviricota;Caudoviricetes;;
k127_839236	2709	No terminal repeats	NA	5	11	0.7006	NA	0	2.9513	Viruses;Duplodnaviria;Heunggongvirae;Uroviricota;Caudoviricetes;;
k127_1511214	302	No terminal repeats	NA	1	11	0.7002	NA	1	1.6993	Unclassified
k127_1064014	348	No terminal repeats	NA	1	11	0.7001	NA	1	1.0036	Viruses;Duplodnaviria;Heunggongvirae;Uroviricota;Caudoviricetes;;
