seq_name	length	topology	coordinates	n_genes	genetic_code	virus_score	fdr	n_hallmarks	marker_enrichment	taxonomy
k127_182455	6877	No terminal repeats	NA	11	11	0.9761	NA	3	6.0209	Viruses;Duplodnaviria;Heunggongvirae;Uroviricota;Caudoviricetes;;
k127_318472	503	No terminal repeats	NA	1	11	0.9685	NA	1	1.7183	Viruses;Monodnaviria;Sangervirae;Phixviricota;Malgrandaviricetes;Petitvirales;Microviridae
k127_228434	2296	No terminal repeats	NA	4	11	0.9667	NA	1	3.4344	Viruses;Duplodnaviria;Heunggongvirae;Uroviricota;Caudoviricetes;;
k127_89717	4945	No terminal repeats	NA	13	11	0.9652	NA	0	3.0854	Viruses;Duplodnaviria;Heunggongvirae;Uroviricota;Caudoviricetes;;
k127_188183	521	No terminal repeats	NA	2	11	0.9650	NA	1	3.1183	Viruses;Duplodnaviria;Heunggongvirae;Uroviricota;Caudoviricetes;;
k127_337770	4169	No terminal repeats	NA	4	11	0.9629	NA	0	4.3470	Viruses;Duplodnaviria;Heunggongvirae;Uroviricota;Caudoviricetes;;
k127_273988	316	No terminal repeats	NA	1	11	0.9607	NA	1	1.4850	Viruses;Duplodnaviria;Heunggongvirae;Uroviricota;Caudoviricetes;;
k127_65532	318	No terminal repeats	NA	1	11	0.9596	NA	1	1.4698	Viruses;Duplodnaviria;Heunggongvirae;Uroviricota;Caudoviricetes;;
k127_314431	726	No terminal repeats	NA	2	11	0.9587	NA	1	1.7183	Viruses;Monodnaviria;Sangervirae;Phixviricota;Malgrandaviricetes;Petitvirales;Microviridae
k127_280368	325	No terminal repeats	NA	1	11	0.9579	NA	1	1.7183	Viruses;Duplodnaviria;Heunggongvirae;Uroviricota;Caudoviricetes;;
k127_272961	380	No terminal repeats	NA	1	11	0.9578	NA	1	1.7183	Viruses;Duplodnaviria;Heunggongvirae;Uroviricota;Caudoviricetes;;
k127_36715	435	No terminal repeats	NA	1	11	0.9573	NA	1	1.7183	Viruses;Duplodnaviria;Heunggongvirae;Uroviricota;Caudoviricetes;;
k127_114804	391	No terminal repeats	NA	1	11	0.9573	NA	1	1.7183	Viruses;Duplodnaviria;Heunggongvirae;Uroviricota;Caudoviricetes;;
k127_12755	381	No terminal repeats	NA	1	11	0.9572	NA	1	1.4979	Viruses;Duplodnaviria;Heunggongvirae;Uroviricota;Caudoviricetes;;
k127_30216	574	No terminal repeats	NA	1	11	0.9568	NA	1	1.4595	Viruses;Duplodnaviria;Heunggongvirae;Uroviricota;Caudoviricetes;;
k127_318039	343	No terminal repeats	NA	1	11	0.9561	NA	1	1.4840	Unclassified
k127_3301	413	No terminal repeats	NA	1	11	0.9560	NA	1	1.7183	Viruses;Duplodnaviria;Heunggongvirae;Uroviricota;Caudoviricetes;;
k127_105214	325	No terminal repeats	NA	1	11	0.9543	NA	1	1.7183	Viruses;Duplodnaviria;Heunggongvirae;Uroviricota;Caudoviricetes;;
k127_360130	309	No terminal repeats	NA	1	11	0.9534	NA	1	1.5961	Unclassified
k127_300047	796	No terminal repeats	NA	2	11	0.9531	NA	1	3.0620	Viruses;Duplodnaviria;Heunggongvirae;Uroviricota;Caudoviricetes;;Herelleviridae
k127_292508	320	No terminal repeats	NA	1	11	0.9521	NA	1	1.7183	Viruses;Duplodnaviria;Heunggongvirae;Uroviricota;Caudoviricetes;;
k127_63598	361	No terminal repeats	NA	1	11	0.9519	NA	1	1.7183	Viruses;Duplodnaviria;Heunggongvirae;Uroviricota;Caudoviricetes;;
k127_329094	625	No terminal repeats	NA	1	11	0.9507	NA	1	1.7183	Viruses;Duplodnaviria;Heunggongvirae;Uroviricota;Caudoviricetes;;
k127_159941	547	No terminal repeats	NA	2	11	0.9503	NA	1	3.4366	Viruses;Monodnaviria;Sangervirae;Phixviricota;Malgrandaviricetes;Petitvirales;Microviridae
k127_5157	552	No terminal repeats	NA	1	11	0.9481	NA	1	1.7183	Viruses;Duplodnaviria;Heunggongvirae;Uroviricota;Caudoviricetes;;
k127_183069	327	No terminal repeats	NA	1	11	0.9477	NA	1	1.7183	Viruses;Duplodnaviria;Heunggongvirae;Uroviricota;Caudoviricetes;;
k127_258591	481	No terminal repeats	NA	1	11	0.9473	NA	1	1.7183	Viruses;Duplodnaviria;Heunggongvirae;Uroviricota;Caudoviricetes;;
k127_165291	822	No terminal repeats	NA	1	11	0.9467	NA	1	1.4595	Viruses;Duplodnaviria;Heunggongvirae;Uroviricota;Caudoviricetes;;
k127_285528	914	No terminal repeats	NA	2	11	0.9463	NA	2	3.2091	Viruses;Duplodnaviria;Heunggongvirae;Uroviricota;Caudoviricetes;;
k127_190947	419	No terminal repeats	NA	1	11	0.9461	NA	1	1.7183	Viruses;Duplodnaviria;Heunggongvirae;Uroviricota;Caudoviricetes;;
k127_186296	310	No terminal repeats	NA	1	11	0.9454	NA	1	1.4595	Viruses;Duplodnaviria;Heunggongvirae;Uroviricota;Caudoviricetes;;
k127_252561	391	No terminal repeats	NA	1	11	0.9453	NA	1	1.7183	Viruses;Duplodnaviria;Heunggongvirae;Uroviricota;Caudoviricetes;;
k127_99548	2895	No terminal repeats	NA	2	11	0.9439	NA	0	2.9975	Viruses;Duplodnaviria;Heunggongvirae;Uroviricota;Caudoviricetes;;
k127_32892	409	No terminal repeats	NA	1	11	0.9412	NA	1	1.4211	Viruses;Duplodnaviria;Heunggongvirae;Uroviricota;Caudoviricetes;;
k127_33564	346	No terminal repeats	NA	1	11	0.9395	NA	1	1.4749	Viruses;Duplodnaviria;Heunggongvirae;Uroviricota;Caudoviricetes;;
k127_248794	721	No terminal repeats	NA	1	11	0.9392	NA	1	1.4698	Viruses;Duplodnaviria;Heunggongvirae;Uroviricota;Caudoviricetes;;
k127_334331	321	No terminal repeats	NA	1	11	0.9390	NA	1	1.2847	Viruses;Duplodnaviria;Heunggongvirae;Uroviricota;Caudoviricetes;;
k127_320328	304	No terminal repeats	NA	1	11	0.9381	NA	1	1.7183	Viruses;Duplodnaviria;Heunggongvirae;Uroviricota;Caudoviricetes;;
k127_171188	332	No terminal repeats	NA	1	11	0.9377	NA	1	1.7183	Viruses;Duplodnaviria;Heunggongvirae;Uroviricota;Caudoviricetes;;
k127_144803	452	No terminal repeats	NA	1	11	0.9375	NA	1	1.7183	Viruses;Duplodnaviria;Heunggongvirae;Uroviricota;Caudoviricetes;;
k127_257681	327	No terminal repeats	NA	1	11	0.9369	NA	1	1.3580	Viruses;Duplodnaviria;Heunggongvirae;Uroviricota;Caudoviricetes;;
k127_300943	4987	No terminal repeats	NA	6	11	0.9365	NA	1	1.6041	Viruses;Duplodnaviria;Heunggongvirae;Uroviricota;Caudoviricetes;;
k127_149324	339	No terminal repeats	NA	1	11	0.9363	NA	1	1.6066	Viruses;Duplodnaviria;Heunggongvirae;Uroviricota;Caudoviricetes;;
k127_206175	329	No terminal repeats	NA	1	11	0.9361	NA	1	1.7183	Viruses;Duplodnaviria;Heunggongvirae;Uroviricota;Caudoviricetes;;
k127_70507	355	No terminal repeats	NA	1	11	0.9345	NA	1	1.7183	Viruses;Duplodnaviria;Heunggongvirae;Uroviricota;Caudoviricetes;;
k127_168904	362	No terminal repeats	NA	1	11	0.9342	NA	1	1.7183	Viruses;Duplodnaviria;Heunggongvirae;Uroviricota;Caudoviricetes;;
k127_263878	407	No terminal repeats	NA	1	11	0.9340	NA	1	1.4749	Viruses;Duplodnaviria;Heunggongvirae;Uroviricota;Caudoviricetes;;
k127_284850	397	No terminal repeats	NA	1	11	0.9336	NA	1	1.7183	Viruses;Duplodnaviria;Heunggongvirae;Uroviricota;Caudoviricetes;;
k127_39221	318	No terminal repeats	NA	1	11	0.9327	NA	1	1.4698	Viruses;Duplodnaviria;Heunggongvirae;Uroviricota;Caudoviricetes;;
k127_104429	303	No terminal repeats	NA	1	11	0.9326	NA	1	1.7183	Viruses;Duplodnaviria;Heunggongvirae;Uroviricota;Caudoviricetes;;
k127_134212	678	No terminal repeats	NA	1	11	0.9319	NA	1	1.7183	Viruses;Duplodnaviria;Heunggongvirae;Uroviricota;Caudoviricetes;;
k127_153466	418	No terminal repeats	NA	1	11	0.9299	NA	1	1.7183	Unclassified
k127_24231	348	No terminal repeats	NA	1	11	0.9290	NA	1	1.7183	Viruses;Duplodnaviria;Heunggongvirae;Uroviricota;Caudoviricetes;;
k127_321350	492	No terminal repeats	NA	1	11	0.9288	NA	1	1.7183	Viruses;Varidnaviria;Bamfordvirae;Preplasmiviricota;Tectiliviricetes;Kalamavirales;Tectiviridae
k127_226785	329	No terminal repeats	NA	1	11	0.9284	NA	1	1.2814	Viruses;Duplodnaviria;Heunggongvirae;Uroviricota;Caudoviricetes;;
k127_15486	399	No terminal repeats	NA	1	11	0.9279	NA	1	1.7183	Viruses;Duplodnaviria;Heunggongvirae;Uroviricota;Caudoviricetes;;
k127_74335	364	No terminal repeats	NA	1	11	0.9271	NA	1	1.6215	Unclassified
k127_136996	371	No terminal repeats	NA	1	11	0.9268	NA	1	1.3050	Viruses;Duplodnaviria;Heunggongvirae;Uroviricota;Caudoviricetes;;
k127_114474	392	No terminal repeats	NA	1	11	0.9268	NA	1	1.4595	Viruses;Duplodnaviria;Heunggongvirae;Uroviricota;Caudoviricetes;;
k127_76244	489	No terminal repeats	NA	1	11	0.9263	NA	1	1.7183	Viruses;Duplodnaviria;Heunggongvirae;Uroviricota;Caudoviricetes;;
k127_266550	1324	No terminal repeats	NA	3	11	0.9263	NA	2	4.1526	Viruses;Duplodnaviria;Heunggongvirae;Uroviricota;Caudoviricetes;;
k127_146923	758	No terminal repeats	NA	2	11	0.9258	NA	1	3.0620	Viruses;Duplodnaviria;Heunggongvirae;Uroviricota;Caudoviricetes;;Herelleviridae
k127_228705	889	No terminal repeats	NA	2	11	0.9252	NA	1	2.8214	Viruses;Duplodnaviria;Heunggongvirae;Uroviricota;Caudoviricetes;;
k127_53209	7737	No terminal repeats	NA	12	11	0.9252	NA	0	1.7183	Unclassified
k127_64387	449	No terminal repeats	NA	1	11	0.9250	NA	1	1.7183	Viruses;Duplodnaviria;Heunggongvirae;Uroviricota;Caudoviricetes;;
k127_230941	352	No terminal repeats	NA	1	11	0.9241	NA	1	1.7183	Viruses;Duplodnaviria;Heunggongvirae;Uroviricota;Caudoviricetes;;
k127_36672	426	No terminal repeats	NA	1	11	0.9227	NA	1	1.7183	Viruses;Duplodnaviria;Heunggongvirae;Uroviricota;Caudoviricetes;;Drexlerviridae
k127_3076	820	No terminal repeats	NA	1	11	0.9215	NA	1	1.7183	Viruses;Duplodnaviria;Heunggongvirae;Uroviricota;Caudoviricetes;;
k127_306040	352	No terminal repeats	NA	1	11	0.9210	NA	1	1.2934	Viruses;Duplodnaviria;Heunggongvirae;Uroviricota;Caudoviricetes;;
k127_229352	461	No terminal repeats	NA	2	11	0.9172	NA	2	2.9237	Viruses;Duplodnaviria;Heunggongvirae;Uroviricota;Caudoviricetes;;
k127_185055	353	No terminal repeats	NA	1	11	0.9160	NA	1	1.7183	Viruses;Duplodnaviria;Heunggongvirae;Uroviricota;Caudoviricetes;;
k127_306569	390	No terminal repeats	NA	1	11	0.9144	NA	1	1.4770	Viruses;Duplodnaviria;Heunggongvirae;Uroviricota;Caudoviricetes;;
k127_94185	347	No terminal repeats	NA	1	11	0.9141	NA	1	1.7183	Viruses;Duplodnaviria;Heunggongvirae;Uroviricota;Caudoviricetes;;Herelleviridae
k127_27836	308	No terminal repeats	NA	1	11	0.9130	NA	1	1.1262	Viruses;Duplodnaviria;Heunggongvirae;Uroviricota;Caudoviricetes;;
k127_358628	506	No terminal repeats	NA	1	11	0.9127	NA	1	1.7183	Viruses;Duplodnaviria;Heunggongvirae;Uroviricota;Caudoviricetes;;
k127_324694	358	No terminal repeats	NA	1	11	0.9120	NA	1	1.0799	Viruses;Duplodnaviria;Heunggongvirae;Uroviricota;Caudoviricetes;;
k127_187827	592	No terminal repeats	NA	1	11	0.9119	NA	1	1.7183	Viruses;Duplodnaviria;Heunggongvirae;Uroviricota;Caudoviricetes;;
k127_17448	348	No terminal repeats	NA	1	11	0.9118	NA	1	1.7183	Viruses;Duplodnaviria;Heunggongvirae;Uroviricota;Caudoviricetes;;
k127_287935	364	No terminal repeats	NA	1	11	0.9111	NA	1	1.4595	Viruses;Duplodnaviria;Heunggongvirae;Uroviricota;Caudoviricetes;;
k127_359088	453	No terminal repeats	NA	1	11	0.9099	NA	1	1.7183	Viruses;Duplodnaviria;Heunggongvirae;Uroviricota;Caudoviricetes;;
k127_229687	324	No terminal repeats	NA	1	11	0.9099	NA	1	1.4749	Viruses;Duplodnaviria;Heunggongvirae;Uroviricota;Caudoviricetes;;
k127_33772	553	No terminal repeats	NA	1	11	0.9086	NA	1	1.7183	Viruses;Duplodnaviria;Heunggongvirae;Uroviricota;Caudoviricetes;;
k127_366113	391	No terminal repeats	NA	1	11	0.9083	NA	1	1.7183	Viruses;Duplodnaviria;Heunggongvirae;Uroviricota;Caudoviricetes;;
k127_301417	1562	No terminal repeats	NA	1	11	0.9073	NA	1	1.7183	Viruses;Riboviria;Orthornavirae;Pisuviricota;Stelpaviricetes;Patatavirales;Potyviridae
k127_220065	340	No terminal repeats	NA	1	11	0.9071	NA	1	1.7183	Unclassified
k127_14428	586	No terminal repeats	NA	2	11	0.9069	NA	1	3.3169	Viruses;Duplodnaviria;Heunggongvirae;Uroviricota;Caudoviricetes;;
k127_140052	534	No terminal repeats	NA	1	11	0.9064	NA	1	1.4631	Viruses;Duplodnaviria;Heunggongvirae;Uroviricota;Caudoviricetes;;
k127_42039	282	No terminal repeats	NA	1	11	0.9064	NA	1	1.1262	Viruses;Duplodnaviria;Heunggongvirae;Uroviricota;Caudoviricetes;;
k127_189464	351	No terminal repeats	NA	1	11	0.9054	NA	1	1.1982	Viruses;Duplodnaviria;Heunggongvirae;Uroviricota;Caudoviricetes;;
k127_241486	345	No terminal repeats	NA	1	11	0.9052	NA	1	1.1262	Viruses;Duplodnaviria;Heunggongvirae;Uroviricota;Caudoviricetes;;
k127_251746	349	No terminal repeats	NA	1	11	0.9041	NA	1	1.7183	Viruses;Duplodnaviria;Heunggongvirae;Uroviricota;Caudoviricetes;;Drexlerviridae
k127_346112	659	No terminal repeats	NA	1	11	0.9038	NA	1	1.2306	Viruses;Duplodnaviria;Heunggongvirae;Uroviricota;Caudoviricetes;;
k127_40328	469	No terminal repeats	NA	1	11	0.9038	NA	1	1.6066	Viruses;Duplodnaviria;Heunggongvirae;Uroviricota;Caudoviricetes;;
k127_14471	302	No terminal repeats	NA	1	11	0.9018	NA	1	1.5806	Unclassified
k127_189385	554	No terminal repeats	NA	1	11	0.9015	NA	1	1.4749	Viruses;Duplodnaviria;Heunggongvirae;Uroviricota;Caudoviricetes;;
k127_307880	789	No terminal repeats	NA	2	11	0.9005	NA	1	2.6762	Viruses;Duplodnaviria;Heunggongvirae;Uroviricota;Caudoviricetes;;
k127_352298	1172	No terminal repeats	NA	4	11	0.8987	NA	1	5.0115	Viruses;Duplodnaviria;Heunggongvirae;Uroviricota;Caudoviricetes;;
k127_61908	582	No terminal repeats	NA	1	11	0.8968	NA	1	1.7183	Viruses;Duplodnaviria;Heunggongvirae;Uroviricota;Caudoviricetes;;
k127_144737	268	No terminal repeats	NA	1	11	0.8966	NA	1	1.1262	Viruses;Duplodnaviria;Heunggongvirae;Uroviricota;Caudoviricetes;;
k127_205177	403	No terminal repeats	NA	1	11	0.8965	NA	1	1.0639	Viruses;Duplodnaviria;Heunggongvirae;Uroviricota;Caudoviricetes;;
k127_254575	488	No terminal repeats	NA	1	11	0.8961	NA	1	1.7183	Viruses;Duplodnaviria;Heunggongvirae;Uroviricota;Caudoviricetes;;
k127_219404	418	No terminal repeats	NA	2	11	0.8957	NA	1	2.7884	Viruses;Duplodnaviria;Heunggongvirae;Uroviricota;Caudoviricetes;;
k127_263078	432	No terminal repeats	NA	1	11	0.8951	NA	1	1.7183	Viruses;Duplodnaviria;Heunggongvirae;Uroviricota;Caudoviricetes;;
k127_38944	572	No terminal repeats	NA	1	11	0.8948	NA	1	1.4764	Viruses;Duplodnaviria;Heunggongvirae;Uroviricota;Caudoviricetes;;
k127_61005	569	No terminal repeats	NA	1	11	0.8947	NA	1	1.7087	Viruses;Duplodnaviria;Heunggongvirae;Uroviricota;Caudoviricetes;;
k127_203838	601	No terminal repeats	NA	2	11	0.8938	NA	1	2.7935	Viruses;Duplodnaviria;Heunggongvirae;Uroviricota;Caudoviricetes;;
k127_94801	561	No terminal repeats	NA	1	11	0.8931	NA	1	1.7183	Viruses;Duplodnaviria;Heunggongvirae;Uroviricota;Caudoviricetes;;
k127_336552	321	No terminal repeats	NA	1	11	0.8922	NA	1	1.1262	Viruses;Duplodnaviria;Heunggongvirae;Uroviricota;Caudoviricetes;;
k127_137524	603	No terminal repeats	NA	1	11	0.8921	NA	1	1.7183	Viruses;Duplodnaviria;Heunggongvirae;Uroviricota;Caudoviricetes;;
k127_225587	497	No terminal repeats	NA	1	11	0.8905	NA	1	1.7183	Viruses;Duplodnaviria;Heunggongvirae;Uroviricota;Caudoviricetes;;Drexlerviridae
k127_146326	699	No terminal repeats	NA	1	11	0.8902	NA	1	1.7183	Viruses;Duplodnaviria;Heunggongvirae;Uroviricota;Caudoviricetes;;
k127_235147	411	No terminal repeats	NA	1	11	0.8899	NA	1	1.7183	Viruses;Duplodnaviria;Heunggongvirae;Uroviricota;Caudoviricetes;;
k127_251703	381	No terminal repeats	NA	1	11	0.8892	NA	1	1.1262	Viruses;Duplodnaviria;Heunggongvirae;Uroviricota;Caudoviricetes;;
k127_150070	805	No terminal repeats	NA	1	11	0.8888	NA	1	1.2442	Viruses;Duplodnaviria;Heunggongvirae;Uroviricota;Caudoviricetes;;
k127_335521	1028	No terminal repeats	NA	1	11	0.8885	NA	1	1.2306	Viruses;Duplodnaviria;Heunggongvirae;Uroviricota;Caudoviricetes;;
k127_37042	504	No terminal repeats	NA	1	11	0.8884	NA	1	1.7183	Viruses;Duplodnaviria;Heunggongvirae;Uroviricota;Caudoviricetes;;
k127_180118	341	No terminal repeats	NA	1	11	0.8882	NA	1	1.3552	Viruses;Duplodnaviria;Heunggongvirae;Uroviricota;Caudoviricetes;;
k127_317653	704	No terminal repeats	NA	1	11	0.8864	NA	1	1.7183	Viruses;Duplodnaviria;Heunggongvirae;Uroviricota;Caudoviricetes;;
k127_223939	399	No terminal repeats	NA	1	11	0.8859	NA	1	1.1262	Viruses;Duplodnaviria;Heunggongvirae;Uroviricota;Caudoviricetes;;
k127_137947	622	No terminal repeats	NA	2	11	0.8856	NA	2	2.8159	Viruses;Duplodnaviria;Heunggongvirae;Uroviricota;Caudoviricetes;;
k127_92661	440	No terminal repeats	NA	1	11	0.8855	NA	1	1.7183	Viruses;Duplodnaviria;Heunggongvirae;Uroviricota;Caudoviricetes;;
k127_93657	464	No terminal repeats	NA	1	11	0.8851	NA	1	1.7183	Viruses;Duplodnaviria;Heunggongvirae;Uroviricota;Caudoviricetes;;Herelleviridae
k127_198286	357	No terminal repeats	NA	1	11	0.8849	NA	1	1.7183	Viruses;Duplodnaviria;Heunggongvirae;Uroviricota;Caudoviricetes;;
k127_340047	704	No terminal repeats	NA	1	11	0.8825	NA	1	1.7183	Viruses;Duplodnaviria;Heunggongvirae;Uroviricota;Caudoviricetes;;
k127_148720	990	No terminal repeats	NA	1	11	0.8822	NA	1	1.2306	Viruses;Duplodnaviria;Heunggongvirae;Uroviricota;Caudoviricetes;;
k127_100816	919	No terminal repeats	NA	1	11	0.8819	NA	1	1.7183	Viruses;Duplodnaviria;Heunggongvirae;Uroviricota;Caudoviricetes;;
k127_246781	1042	No terminal repeats	NA	1	11	0.8816	NA	1	1.7183	Viruses;Duplodnaviria;Heunggongvirae;Uroviricota;Caudoviricetes;;
k127_288591	438	No terminal repeats	NA	1	11	0.8809	NA	1	1.7183	Viruses;Duplodnaviria;Heunggongvirae;Uroviricota;Caudoviricetes;;
k127_329970	385	No terminal repeats	NA	1	11	0.8802	NA	1	1.4880	Viruses;Duplodnaviria;Heunggongvirae;Uroviricota;Caudoviricetes;;
k127_280348	491	No terminal repeats	NA	1	11	0.8801	NA	1	1.2306	Viruses;Duplodnaviria;Heunggongvirae;Uroviricota;Caudoviricetes;;
k127_94616	415	No terminal repeats	NA	1	11	0.8801	NA	1	1.7183	Viruses;Duplodnaviria;Heunggongvirae;Uroviricota;Caudoviricetes;;
k127_252725	770	No terminal repeats	NA	1	11	0.8797	NA	1	1.7183	Viruses;Duplodnaviria;Heunggongvirae;Uroviricota;Caudoviricetes;;
k127_100287	349	No terminal repeats	NA	2	11	0.8781	NA	1	1.4493	Viruses;Duplodnaviria;Heunggongvirae;Uroviricota;Caudoviricetes;;
k127_190112	949	No terminal repeats	NA	1	11	0.8773	NA	1	1.7183	Viruses;Duplodnaviria;Heunggongvirae;Uroviricota;Caudoviricetes;;
k127_187860	531	No terminal repeats	NA	1	11	0.8770	NA	1	1.7183	Viruses;Duplodnaviria;Heunggongvirae;Uroviricota;Caudoviricetes;;
k127_46294	679	No terminal repeats	NA	1	11	0.8768	NA	1	1.4764	Viruses;Duplodnaviria;Heunggongvirae;Uroviricota;Caudoviricetes;;
k127_43335	715	No terminal repeats	NA	1	11	0.8764	NA	1	1.7183	Viruses;Duplodnaviria;Heunggongvirae;Uroviricota;Caudoviricetes;;
k127_350578	476	No terminal repeats	NA	1	11	0.8753	NA	1	1.4979	Viruses;Duplodnaviria;Heunggongvirae;Uroviricota;Caudoviricetes;;
k127_72419	547	No terminal repeats	NA	1	11	0.8739	NA	1	1.5978	Viruses;Duplodnaviria;Heunggongvirae;Uroviricota;Caudoviricetes;;
k127_143660	2436	No terminal repeats	NA	4	11	0.8738	NA	1	1.7128	Viruses;Duplodnaviria;Heunggongvirae;Uroviricota;Caudoviricetes;;
k127_209794	494	No terminal repeats	NA	1	11	0.8733	NA	1	1.7183	Viruses;Duplodnaviria;Heunggongvirae;Uroviricota;Caudoviricetes;;
k127_185230	330	No terminal repeats	NA	1	11	0.8728	NA	1	1.7183	Viruses;Duplodnaviria;Heunggongvirae;Uroviricota;Caudoviricetes;;
k127_248884	305	No terminal repeats	NA	1	11	0.8723	NA	1	1.7183	Viruses;Duplodnaviria;Heunggongvirae;Uroviricota;Caudoviricetes;;
k127_94765	312	No terminal repeats	NA	1	11	0.8718	NA	1	1.2449	Viruses;Duplodnaviria;Heunggongvirae;Uroviricota;Caudoviricetes;;
k127_71367	484	No terminal repeats	NA	1	11	0.8716	NA	1	1.2306	Viruses;Duplodnaviria;Heunggongvirae;Uroviricota;Caudoviricetes;;
k127_223522	2952	No terminal repeats	NA	4	11	0.8714	NA	0	1.4815	Unclassified
k127_93261	791	No terminal repeats	NA	1	11	0.8708	NA	1	1.7183	Viruses;Duplodnaviria;Heunggongvirae;Uroviricota;Caudoviricetes;;
k127_230654	491	No terminal repeats	NA	1	11	0.8702	NA	1	1.7183	Viruses;Duplodnaviria;Heunggongvirae;Uroviricota;Caudoviricetes;;
k127_159715	392	No terminal repeats	NA	1	11	0.8698	NA	1	1.7183	Viruses;Duplodnaviria;Heunggongvirae;Uroviricota;Caudoviricetes;;
k127_42035	363	No terminal repeats	NA	1	11	0.8682	NA	1	1.1262	Viruses;Duplodnaviria;Heunggongvirae;Uroviricota;Caudoviricetes;;
k127_325764	414	No terminal repeats	NA	2	11	0.8681	NA	1	1.2934	Viruses;Duplodnaviria;Heunggongvirae;Uroviricota;Caudoviricetes;;
k127_92668	384	No terminal repeats	NA	1	11	0.8680	NA	1	1.7183	Viruses;Duplodnaviria;Heunggongvirae;Uroviricota;Caudoviricetes;;
k127_257184	571	No terminal repeats	NA	1	11	0.8679	NA	1	1.7183	Viruses;Duplodnaviria;Heunggongvirae;Uroviricota;Caudoviricetes;;
k127_51003	973	No terminal repeats	NA	1	11	0.8673	NA	1	1.2306	Viruses;Duplodnaviria;Heunggongvirae;Uroviricota;Caudoviricetes;;
k127_341807	813	No terminal repeats	NA	1	11	0.8660	NA	1	1.2306	Viruses;Duplodnaviria;Heunggongvirae;Uroviricota;Caudoviricetes;;
k127_56599	1334	No terminal repeats	NA	1	11	0.8650	NA	1	1.7183	Viruses;Duplodnaviria;Heunggongvirae;Uroviricota;Caudoviricetes;;
k127_270731	310	No terminal repeats	NA	1	11	0.8643	NA	1	1.4764	Viruses;Duplodnaviria;Heunggongvirae;Uroviricota;Caudoviricetes;;
k127_39675	515	No terminal repeats	NA	2	11	0.8634	NA	2	2.3501	Viruses;Duplodnaviria;Heunggongvirae;Uroviricota;Caudoviricetes;;
k127_131948	439	No terminal repeats	NA	1	11	0.8626	NA	1	1.7183	Viruses;Duplodnaviria;Heunggongvirae;Uroviricota;Caudoviricetes;;
k127_95015	1137	No terminal repeats	NA	1	11	0.8622	NA	1	1.7183	Viruses;Duplodnaviria;Heunggongvirae;Uroviricota;Caudoviricetes;;
k127_233366	943	No terminal repeats	NA	1	11	0.8619	NA	1	1.4749	Viruses;Duplodnaviria;Heunggongvirae;Uroviricota;Caudoviricetes;;
k127_307789	1476	No terminal repeats	NA	4	11	0.8607	NA	1	4.4437	Viruses;Duplodnaviria;Heunggongvirae;Uroviricota;Caudoviricetes;;
k127_212302	657	No terminal repeats	NA	1	11	0.8594	NA	1	1.7183	Viruses;Duplodnaviria;Heunggongvirae;Uroviricota;Caudoviricetes;;
k127_93156	614	No terminal repeats	NA	1	11	0.8590	NA	1	1.5278	Viruses;Duplodnaviria;Heunggongvirae;Uroviricota;Caudoviricetes;;
k127_169036	421	No terminal repeats	NA	1	11	0.8575	NA	1	1.2306	Viruses;Duplodnaviria;Heunggongvirae;Uroviricota;Caudoviricetes;;
k127_301022	965	No terminal repeats	NA	2	11	0.8569	NA	1	1.3404	Unclassified
k127_60131	926	No terminal repeats	NA	1	11	0.8548	NA	1	1.7183	Viruses;Duplodnaviria;Heunggongvirae;Uroviricota;Caudoviricetes;;
k127_327185	1110	No terminal repeats	NA	2	11	0.8534	NA	1	1.4979	Viruses;Duplodnaviria;Heunggongvirae;Uroviricota;Caudoviricetes;;
k127_139111	578	No terminal repeats	NA	1	11	0.8532	NA	1	1.7183	Viruses;Duplodnaviria;Heunggongvirae;Uroviricota;Caudoviricetes;;
k127_249228	906	No terminal repeats	NA	1	11	0.8529	NA	1	1.5978	Viruses;Duplodnaviria;Heunggongvirae;Uroviricota;Caudoviricetes;;
k127_260973	426	No terminal repeats	NA	1	11	0.8525	NA	1	1.2277	Viruses;Duplodnaviria;Heunggongvirae;Uroviricota;Caudoviricetes;;
k127_373127	1039	No terminal repeats	NA	1	11	0.8521	NA	1	1.7183	Viruses;Riboviria;Orthornavirae;Lenarviricota;Amabiliviricetes;Wolframvirales;Narnaviridae
k127_373873	691	No terminal repeats	NA	1	11	0.8518	NA	1	1.2306	Viruses;Duplodnaviria;Heunggongvirae;Uroviricota;Caudoviricetes;;
k127_206228	632	No terminal repeats	NA	1	11	0.8510	NA	1	1.7183	Viruses;Duplodnaviria;Heunggongvirae;Uroviricota;Caudoviricetes;;
k127_147561	337	No terminal repeats	NA	1	11	0.8508	NA	1	0.9531	Viruses;Duplodnaviria;Heunggongvirae;Uroviricota;Caudoviricetes;;
k127_72471	390	No terminal repeats	NA	1	11	0.8499	NA	1	1.7183	Viruses;Duplodnaviria;Heunggongvirae;Uroviricota;Caudoviricetes;;
k127_191991	551	No terminal repeats	NA	1	11	0.8494	NA	1	1.4749	Viruses;Duplodnaviria;Heunggongvirae;Uroviricota;Caudoviricetes;;
k127_179696	399	No terminal repeats	NA	1	11	0.8491	NA	1	1.4764	Viruses;Duplodnaviria;Heunggongvirae;Uroviricota;Caudoviricetes;;
k127_355773	365	No terminal repeats	NA	2	11	0.8483	NA	1	1.3996	Viruses;Duplodnaviria;Heunggongvirae;Uroviricota;Caudoviricetes;;
k127_277673	463	No terminal repeats	NA	1	11	0.8482	NA	1	1.2306	Viruses;Duplodnaviria;Heunggongvirae;Uroviricota;Caudoviricetes;;
k127_130039	951	No terminal repeats	NA	1	11	0.8473	NA	1	1.4749	Viruses;Duplodnaviria;Heunggongvirae;Uroviricota;Caudoviricetes;;
k127_4405	345	No terminal repeats	NA	1	11	0.8472	NA	1	1.4880	Viruses;Duplodnaviria;Heunggongvirae;Uroviricota;Caudoviricetes;;
k127_258419	658	No terminal repeats	NA	1	11	0.8467	NA	1	1.4749	Viruses;Duplodnaviria;Heunggongvirae;Uroviricota;Caudoviricetes;;
k127_65152	614	No terminal repeats	NA	2	11	0.8446	NA	1	2.4675	Viruses;Duplodnaviria;Heunggongvirae;Uroviricota;Caudoviricetes;;
k127_157633	383	No terminal repeats	NA	1	11	0.8440	NA	1	1.3610	Viruses;Duplodnaviria;Heunggongvirae;Uroviricota;Caudoviricetes;;
k127_202404	622	No terminal repeats	NA	1	11	0.8395	NA	1	1.2587	Viruses;Duplodnaviria;Heunggongvirae;Uroviricota;Caudoviricetes;;
k127_365779	1466	No terminal repeats	NA	2	11	0.8394	NA	1	2.7272	Viruses;Duplodnaviria;Heunggongvirae;Uroviricota;Caudoviricetes;;
k127_207977	394	No terminal repeats	NA	1	11	0.8394	NA	1	1.2934	Viruses;Duplodnaviria;Heunggongvirae;Uroviricota;Caudoviricetes;;
k127_293252	787	No terminal repeats	NA	2	11	0.8388	NA	1	1.7183	Viruses;Duplodnaviria;Heunggongvirae;Uroviricota;Caudoviricetes;;
k127_23637	361	No terminal repeats	NA	1	11	0.8371	NA	1	1.1262	Viruses;Duplodnaviria;Heunggongvirae;Uroviricota;Caudoviricetes;;
k127_324937	1187	No terminal repeats	NA	1	11	0.8371	NA	1	1.2306	Viruses;Duplodnaviria;Heunggongvirae;Uroviricota;Caudoviricetes;;
k127_11013	987	No terminal repeats	NA	1	11	0.8368	NA	1	1.7183	Viruses;Duplodnaviria;Heunggongvirae;Uroviricota;Caudoviricetes;;
k127_69941	574	No terminal repeats	NA	1	11	0.8359	NA	1	1.7183	Viruses;Duplodnaviria;Heunggongvirae;Uroviricota;Caudoviricetes;;
k127_296072	962	No terminal repeats	NA	2	11	0.8358	NA	1	1.7173	Viruses;Duplodnaviria;Heunggongvirae;Uroviricota;Caudoviricetes;;
k127_222799	668	No terminal repeats	NA	2	11	0.8357	NA	1	2.9985	Viruses;Duplodnaviria;Heunggongvirae;Uroviricota;Caudoviricetes;;
k127_154153	2979	No terminal repeats	NA	4	11	0.8349	NA	1	3.5816	Viruses;Duplodnaviria;Heunggongvirae;Uroviricota;Caudoviricetes;;
k127_349240	405	No terminal repeats	NA	1	11	0.8336	NA	1	1.4880	Viruses;Duplodnaviria;Heunggongvirae;Uroviricota;Caudoviricetes;;
k127_220801	418	No terminal repeats	NA	1	11	0.8331	NA	1	1.5052	Viruses;Duplodnaviria;Heunggongvirae;Uroviricota;Caudoviricetes;;
k127_143622	1386	No terminal repeats	NA	1	11	0.8322	NA	1	1.7183	Viruses;Duplodnaviria;Heunggongvirae;Uroviricota;Caudoviricetes;;
k127_121281	348	No terminal repeats	NA	1	11	0.8321	NA	1	1.3663	Viruses;Duplodnaviria;Heunggongvirae;Uroviricota;Caudoviricetes;;
k127_42065	426	No terminal repeats	NA	1	11	0.8318	NA	1	1.2683	Viruses;Duplodnaviria;Heunggongvirae;Uroviricota;Caudoviricetes;;
k127_352603	336	No terminal repeats	NA	1	11	0.8307	NA	1	1.2857	Viruses;Duplodnaviria;Heunggongvirae;Uroviricota;Caudoviricetes;;
k127_255384	858	No terminal repeats	NA	1	11	0.8305	NA	1	1.2306	Viruses;Duplodnaviria;Heunggongvirae;Uroviricota;Caudoviricetes;;
k127_123532	421	No terminal repeats	NA	2	11	0.8301	NA	1	1.7183	Viruses;Duplodnaviria;Heunggongvirae;Uroviricota;Caudoviricetes;;
k127_351064	1379	No terminal repeats	NA	1	11	0.8290	NA	1	1.7183	Viruses;Duplodnaviria;Heunggongvirae;Uroviricota;Caudoviricetes;;
k127_20263	871	No terminal repeats	NA	2	11	0.8289	NA	2	2.1477	Viruses;Duplodnaviria;Heunggongvirae;Uroviricota;Caudoviricetes;;
k127_121921	487	No terminal repeats	NA	1	11	0.8255	NA	1	1.7183	Viruses;Duplodnaviria;Heunggongvirae;Uroviricota;Caudoviricetes;;
k127_33172	548	No terminal repeats	NA	1	11	0.8249	NA	1	1.7128	Viruses;Duplodnaviria;Heunggongvirae;Uroviricota;Caudoviricetes;;
k127_68231	390	No terminal repeats	NA	1	11	0.8244	NA	1	1.1157	Viruses;Duplodnaviria;Heunggongvirae;Uroviricota;Caudoviricetes;;
k127_310127	630	No terminal repeats	NA	1	11	0.8243	NA	1	1.7183	Viruses;Duplodnaviria;Heunggongvirae;Uroviricota;Caudoviricetes;;Drexlerviridae
k127_209212	597	No terminal repeats	NA	1	11	0.8242	NA	1	1.2306	Viruses;Duplodnaviria;Heunggongvirae;Uroviricota;Caudoviricetes;;
k127_326034	583	No terminal repeats	NA	1	11	0.8240	NA	1	1.7183	Viruses;Duplodnaviria;Heunggongvirae;Uroviricota;Caudoviricetes;;
k127_62740	529	No terminal repeats	NA	2	11	0.8230	NA	1	1.2306	Viruses;Duplodnaviria;Heunggongvirae;Uroviricota;Caudoviricetes;;
k127_51617	348	No terminal repeats	NA	2	11	0.8227	NA	1	1.3878	Viruses;Duplodnaviria;Heunggongvirae;Uroviricota;Caudoviricetes;;
k127_166191	1556	No terminal repeats	NA	2	11	0.8220	NA	1	1.7183	Viruses;Riboviria;Orthornavirae;Pisuviricota;Duplopiviricetes;Durnavirales;Partitiviridae
k127_152480	426	No terminal repeats	NA	1	11	0.8213	NA	1	1.7183	Viruses;Duplodnaviria;Heunggongvirae;Uroviricota;Caudoviricetes;;
k127_263507	466	No terminal repeats	NA	1	11	0.8208	NA	1	1.2306	Viruses;Duplodnaviria;Heunggongvirae;Uroviricota;Caudoviricetes;;
k127_109623	277	No terminal repeats	NA	2	11	0.8207	NA	1	1.1262	Viruses;Duplodnaviria;Heunggongvirae;Uroviricota;Caudoviricetes;;
k127_264336	343	No terminal repeats	NA	1	11	0.8195	NA	1	1.3639	Viruses;Duplodnaviria;Heunggongvirae;Uroviricota;Caudoviricetes;;
k127_287243	777	No terminal repeats	NA	2	11	0.8191	NA	1	2.6762	Viruses;Duplodnaviria;Heunggongvirae;Uroviricota;Caudoviricetes;;
k127_305314	388	No terminal repeats	NA	1	11	0.8181	NA	1	1.7183	Viruses;Duplodnaviria;Heunggongvirae;Uroviricota;Caudoviricetes;;
k127_161310	738	No terminal repeats	NA	2	11	0.8158	NA	1	1.4880	Viruses;Duplodnaviria;Heunggongvirae;Uroviricota;Caudoviricetes;;
k127_111583	360	No terminal repeats	NA	1	11	0.8157	NA	1	1.3393	Viruses;Duplodnaviria;Heunggongvirae;Uroviricota;Caudoviricetes;;
k127_136138	336	No terminal repeats	NA	1	11	0.8155	NA	1	1.7183	Viruses;Duplodnaviria;Heunggongvirae;Uroviricota;Caudoviricetes;;
k127_221076	336	No terminal repeats	NA	1	11	0.8147	NA	1	1.3610	Viruses;Duplodnaviria;Heunggongvirae;Uroviricota;Caudoviricetes;;
k127_305996	1400	No terminal repeats	NA	1	11	0.8139	NA	1	1.4749	Viruses;Duplodnaviria;Heunggongvirae;Uroviricota;Caudoviricetes;;
k127_234098	398	No terminal repeats	NA	1	11	0.8131	NA	1	1.7183	Viruses;Duplodnaviria;Heunggongvirae;Uroviricota;Caudoviricetes;;Drexlerviridae
k127_239741	1956	No terminal repeats	NA	2	11	0.8089	NA	1	1.7183	Viruses;Riboviria;Orthornavirae;Pisuviricota;Duplopiviricetes;Durnavirales;Partitiviridae
k127_182218	498	No terminal repeats	NA	1	11	0.8080	NA	1	1.3168	Viruses;Duplodnaviria;Heunggongvirae;Uroviricota;Caudoviricetes;;
k127_229464	1187	No terminal repeats	NA	1	11	0.8046	NA	1	1.7183	Viruses;Duplodnaviria;Heunggongvirae;Uroviricota;Caudoviricetes;;
k127_43073	563	No terminal repeats	NA	2	11	0.8038	NA	1	1.6857	Viruses;Duplodnaviria;Heunggongvirae;Uroviricota;Caudoviricetes;;
k127_283623	499	No terminal repeats	NA	1	11	0.8032	NA	1	1.6956	Viruses;Duplodnaviria;Heunggongvirae;Uroviricota;Caudoviricetes;;
k127_332533	347	No terminal repeats	NA	1	11	0.8018	NA	1	1.3450	Viruses;Duplodnaviria;Heunggongvirae;Uroviricota;Caudoviricetes;;
k127_242458	376	No terminal repeats	NA	1	11	0.8013	NA	1	1.0597	Unclassified
k127_282777	860	No terminal repeats	NA	1	11	0.8013	NA	1	1.7183	Viruses;Duplodnaviria;Heunggongvirae;Uroviricota;Caudoviricetes;;
k127_12044	465	No terminal repeats	NA	1	11	0.7996	NA	1	1.7183	Viruses;Duplodnaviria;Heunggongvirae;Uroviricota;Caudoviricetes;;
k127_104295	411	No terminal repeats	NA	1	11	0.7987	NA	1	1.2306	Viruses;Duplodnaviria;Heunggongvirae;Uroviricota;Caudoviricetes;;
k127_29338	458	No terminal repeats	NA	2	11	0.7986	NA	1	1.6774	Viruses;Duplodnaviria;Heunggongvirae;Uroviricota;Caudoviricetes;;
k127_378709	1048	No terminal repeats	NA	1	11	0.7985	NA	1	1.7183	Viruses;Duplodnaviria;Heunggongvirae;Uroviricota;Caudoviricetes;;Drexlerviridae
k127_143755	4048	No terminal repeats	NA	7	11	0.7973	NA	0	1.7128	Viruses;Duplodnaviria;Heunggongvirae;Uroviricota;Caudoviricetes;;
k127_288846	894	No terminal repeats	NA	2	11	0.7966	NA	1	1.7183	Viruses;Duplodnaviria;Heunggongvirae;Uroviricota;Caudoviricetes;;
k127_215976	3981	No terminal repeats	NA	6	11	0.7964	NA	0	1.6582	Viruses;Duplodnaviria;Heunggongvirae;Uroviricota;Caudoviricetes;;
k127_229226	377	No terminal repeats	NA	1	11	0.7962	NA	1	1.0089	Viruses;Duplodnaviria;Heunggongvirae;Uroviricota;Caudoviricetes;;
k127_82586	474	No terminal repeats	NA	1	11	0.7951	NA	1	1.1328	Viruses;Duplodnaviria;Heunggongvirae;Uroviricota;Caudoviricetes;;
k127_288994	311	No terminal repeats	NA	2	11	0.7946	NA	1	1.3996	Viruses;Duplodnaviria;Heunggongvirae;Uroviricota;Caudoviricetes;;
k127_189334	563	No terminal repeats	NA	1	11	0.7918	NA	1	1.2306	Viruses;Duplodnaviria;Heunggongvirae;Uroviricota;Caudoviricetes;;
k127_202608	3249	No terminal repeats	NA	2	11	0.7915	NA	0	1.7183	Viruses;Duplodnaviria;Heunggongvirae;Uroviricota;Caudoviricetes;;
k127_247139	888	No terminal repeats	NA	2	11	0.7910	NA	1	1.2306	Viruses;Duplodnaviria;Heunggongvirae;Uroviricota;Caudoviricetes;;
k127_127103	347	No terminal repeats	NA	1	11	0.7907	NA	1	1.3562	Viruses;Duplodnaviria;Heunggongvirae;Uroviricota;Caudoviricetes;;
k127_180043	749	No terminal repeats	NA	1	11	0.7884	NA	1	1.4749	Viruses;Duplodnaviria;Heunggongvirae;Uroviricota;Caudoviricetes;;
k127_217608	995	No terminal repeats	NA	2	11	0.7869	NA	1	1.7183	Viruses;Duplodnaviria;Heunggongvirae;Uroviricota;Caudoviricetes;;
k127_316992	537	No terminal repeats	NA	1	11	0.7868	NA	1	1.4113	Viruses;Duplodnaviria;Heunggongvirae;Uroviricota;Caudoviricetes;;
k127_369351	683	No terminal repeats	NA	1	11	0.7855	NA	1	1.2306	Viruses;Duplodnaviria;Heunggongvirae;Uroviricota;Caudoviricetes;;
k127_224426	445	No terminal repeats	NA	1	11	0.7849	NA	1	1.2894	Viruses;Duplodnaviria;Heunggongvirae;Uroviricota;Caudoviricetes;;
k127_284912	1055	No terminal repeats	NA	1	11	0.7844	NA	1	1.3181	Viruses;Duplodnaviria;Heunggongvirae;Uroviricota;Caudoviricetes;;
k127_22681	395	No terminal repeats	NA	1	11	0.7823	NA	1	1.7128	Viruses;Duplodnaviria;Heunggongvirae;Uroviricota;Caudoviricetes;;
k127_314773	351	No terminal repeats	NA	1	11	0.7819	NA	1	1.3878	Viruses;Duplodnaviria;Heunggongvirae;Uroviricota;Caudoviricetes;;
k127_163942	405	No terminal repeats	NA	1	11	0.7817	NA	1	0.9531	Viruses;Duplodnaviria;Heunggongvirae;Uroviricota;Caudoviricetes;;
k127_745	841	No terminal repeats	NA	2	11	0.7811	NA	1	1.7173	Viruses;Duplodnaviria;Heunggongvirae;Uroviricota;Caudoviricetes;;
k127_373660	306	No terminal repeats	NA	1	11	0.7809	NA	1	1.4494	Viruses;Duplodnaviria;Heunggongvirae;Uroviricota;Caudoviricetes;;
k127_174070	634	No terminal repeats	NA	1	11	0.7807	NA	1	1.7171	Viruses;Duplodnaviria;Heunggongvirae;Uroviricota;Caudoviricetes;;
k127_145491	305	No terminal repeats	NA	1	11	0.7803	NA	1	1.1826	Unclassified
k127_50812	316	No terminal repeats	NA	1	11	0.7779	NA	1	1.6774	Viruses;Duplodnaviria;Heunggongvirae;Uroviricota;Caudoviricetes;;
k127_129717	367	No terminal repeats	NA	1	11	0.7726	NA	1	1.7167	Viruses;Duplodnaviria;Heunggongvirae;Uroviricota;Caudoviricetes;;
k127_35004	314	No terminal repeats	NA	1	11	0.7701	NA	1	1.3996	Viruses;Duplodnaviria;Heunggongvirae;Uroviricota;Caudoviricetes;;
k127_15751	458	No terminal repeats	NA	1	11	0.7690	NA	1	1.4745	Viruses;Duplodnaviria;Heunggongvirae;Uroviricota;Caudoviricetes;;
k127_226093	545	No terminal repeats	NA	1	11	0.7671	NA	1	1.1904	Viruses;Duplodnaviria;Heunggongvirae;Uroviricota;Caudoviricetes;;
k127_265851	2649	No terminal repeats	NA	2	11	0.7667	NA	0	0.0000	Unclassified
k127_345055	376	No terminal repeats	NA	2	11	0.7638	NA	1	1.0663	Viruses;Duplodnaviria;Heunggongvirae;Uroviricota;Caudoviricetes;;
k127_286188	331	No terminal repeats	NA	1	11	0.7629	NA	1	1.2449	Viruses;Duplodnaviria;Heunggongvirae;Uroviricota;Caudoviricetes;;
k127_287415	446	No terminal repeats	NA	2	11	0.7623	NA	1	0.9531	Viruses;Duplodnaviria;Heunggongvirae;Uroviricota;Caudoviricetes;;
k127_340524	351	No terminal repeats	NA	1	11	0.7611	NA	1	1.3483	Unclassified
k127_184945	1021	No terminal repeats	NA	1	11	0.7606	NA	1	1.1262	Viruses;Duplodnaviria;Heunggongvirae;Uroviricota;Caudoviricetes;;
k127_199795	736	No terminal repeats	NA	2	11	0.7606	NA	1	1.7183	Viruses;Duplodnaviria;Heunggongvirae;Uroviricota;Caudoviricetes;;
k127_339077	397	No terminal repeats	NA	2	11	0.7601	NA	1	1.7183	Viruses;Duplodnaviria;Heunggongvirae;Uroviricota;Caudoviricetes;;
k127_270702	1494	No terminal repeats	NA	2	11	0.7585	NA	1	1.7183	Viruses;Duplodnaviria;Heunggongvirae;Uroviricota;Caudoviricetes;;
k127_193631	360	No terminal repeats	NA	1	11	0.7568	NA	1	1.7173	Viruses;Duplodnaviria;Heunggongvirae;Uroviricota;Caudoviricetes;;
k127_148741	710	No terminal repeats	NA	2	11	0.7564	NA	1	0.9531	Viruses;Duplodnaviria;Heunggongvirae;Uroviricota;Caudoviricetes;;
k127_115221	319	No terminal repeats	NA	1	11	0.7555	NA	1	1.6774	Viruses;Duplodnaviria;Heunggongvirae;Uroviricota;Caudoviricetes;;
k127_34106	761	No terminal repeats	NA	1	11	0.7530	NA	1	1.7183	Viruses;Duplodnaviria;Heunggongvirae;Uroviricota;Caudoviricetes;;Drexlerviridae
k127_15515	311	No terminal repeats	NA	1	11	0.7529	NA	1	1.6774	Viruses;Duplodnaviria;Heunggongvirae;Uroviricota;Caudoviricetes;;
k127_350443	445	No terminal repeats	NA	1	11	0.7525	NA	1	1.7183	Viruses;Duplodnaviria;Heunggongvirae;Uroviricota;Caudoviricetes;;
k127_78871	391	No terminal repeats	NA	2	11	0.7519	NA	1	1.0089	Viruses;Duplodnaviria;Heunggongvirae;Uroviricota;Caudoviricetes;;
k127_287654	385	No terminal repeats	NA	1	11	0.7518	NA	1	1.3996	Viruses;Duplodnaviria;Heunggongvirae;Uroviricota;Caudoviricetes;;
k127_47408	782	No terminal repeats	NA	1	11	0.7512	NA	1	1.2306	Viruses;Duplodnaviria;Heunggongvirae;Uroviricota;Caudoviricetes;;
k127_223840	618	No terminal repeats	NA	1	11	0.7490	NA	1	1.7183	Viruses;Duplodnaviria;Heunggongvirae;Uroviricota;Caudoviricetes;;
k127_372516	1118	No terminal repeats	NA	2	11	0.7471	NA	1	3.3856	Viruses;Duplodnaviria;Heunggongvirae;Uroviricota;Caudoviricetes;;Drexlerviridae
k127_54744	450	No terminal repeats	NA	1	11	0.7469	NA	1	1.3608	Viruses;Duplodnaviria;Heunggongvirae;Uroviricota;Caudoviricetes;;Straboviridae
k127_216192	787	No terminal repeats	NA	2	11	0.7458	NA	1	1.2306	Viruses;Duplodnaviria;Heunggongvirae;Uroviricota;Caudoviricetes;;
k127_269823	344	No terminal repeats	NA	1	11	0.7435	NA	1	1.5594	Viruses;Duplodnaviria;Heunggongvirae;Uroviricota;Caudoviricetes;;
k127_164450	1644	No terminal repeats	NA	2	11	0.7407	NA	1	3.4366	Viruses;Duplodnaviria;Heunggongvirae;Uroviricota;Caudoviricetes;;Drexlerviridae
k127_138793	874	No terminal repeats	NA	1	11	0.7384	NA	1	1.7183	Viruses;Duplodnaviria;Heunggongvirae;Uroviricota;Caudoviricetes;;
k127_239649	967	No terminal repeats	NA	1	11	0.7377	NA	1	1.7183	Viruses;Duplodnaviria;Heunggongvirae;Uroviricota;Caudoviricetes;;
k127_31541	337	No terminal repeats	NA	1	11	0.7359	NA	1	1.1191	Viruses;Duplodnaviria;Heunggongvirae;Uroviricota;Caudoviricetes;;
k127_20025	367	No terminal repeats	NA	1	11	0.7357	NA	1	1.0862	Viruses;Duplodnaviria;Heunggongvirae;Uroviricota;Caudoviricetes;;
k127_146279	1716	No terminal repeats	NA	2	11	0.7340	NA	1	1.7183	Viruses;Duplodnaviria;Heunggongvirae;Uroviricota;Caudoviricetes;;
k127_378608	438	No terminal repeats	NA	1	11	0.7338	NA	1	1.7136	Viruses;Duplodnaviria;Heunggongvirae;Uroviricota;Caudoviricetes;;
k127_150979	390	No terminal repeats	NA	1	11	0.7324	NA	1	1.7136	Viruses;Duplodnaviria;Heunggongvirae;Uroviricota;Caudoviricetes;;
k127_129018	375	No terminal repeats	NA	1	11	0.7312	NA	1	1.7159	Viruses;Duplodnaviria;Heunggongvirae;Uroviricota;Caudoviricetes;;Autographiviridae
k127_283612	4308	No terminal repeats	NA	2	11	0.7311	NA	0	0.0000	Unclassified
k127_314698	376	No terminal repeats	NA	3	11	0.7306	NA	1	1.1745	Viruses;Duplodnaviria;Heunggongvirae;Uroviricota;Caudoviricetes;;
k127_231239	1176	No terminal repeats	NA	2	11	0.7304	NA	1	1.1262	Viruses;Duplodnaviria;Heunggongvirae;Uroviricota;Caudoviricetes;;
k127_218073	351	No terminal repeats	NA	1	11	0.7297	NA	1	1.7173	Viruses;Duplodnaviria;Heunggongvirae;Uroviricota;Caudoviricetes;;
k127_327834	326	No terminal repeats	NA	1	11	0.7296	NA	1	1.4494	Viruses;Duplodnaviria;Heunggongvirae;Uroviricota;Caudoviricetes;;
k127_53096	666	No terminal repeats	NA	2	11	0.7288	NA	1	1.7173	Viruses;Duplodnaviria;Heunggongvirae;Uroviricota;Caudoviricetes;;
k127_195086	328	No terminal repeats	NA	2	11	0.7287	NA	1	1.4494	Viruses;Duplodnaviria;Heunggongvirae;Uroviricota;Caudoviricetes;;
k127_28738	312	No terminal repeats	NA	1	11	0.7267	NA	1	1.3307	Viruses;Duplodnaviria;Heunggongvirae;Uroviricota;Caudoviricetes;;
k127_376902	421	No terminal repeats	NA	1	11	0.7245	NA	1	1.3562	Viruses;Duplodnaviria;Heunggongvirae;Uroviricota;Caudoviricetes;;
k127_94978	695	No terminal repeats	NA	1	11	0.7242	NA	1	1.7136	Viruses;Duplodnaviria;Heunggongvirae;Uroviricota;Caudoviricetes;;
k127_110519	975	No terminal repeats	NA	1	11	0.7241	NA	1	1.7183	Viruses;Duplodnaviria;Heunggongvirae;Uroviricota;Caudoviricetes;;
k127_223740	445	No terminal repeats	NA	2	11	0.7229	NA	1	1.4183	Viruses;Duplodnaviria;Heunggongvirae;Uroviricota;Caudoviricetes;;
k127_334354	3552	No terminal repeats	NA	4	11	0.7222	NA	0	0.0000	Unclassified
k127_98588	1244	No terminal repeats	NA	1	11	0.7213	NA	1	1.7183	Viruses;Duplodnaviria;Heunggongvirae;Uroviricota;Caudoviricetes;;
k127_200977	793	No terminal repeats	NA	2	11	0.7208	NA	1	1.4764	Viruses;Duplodnaviria;Heunggongvirae;Uroviricota;Caudoviricetes;;
k127_24533	488	No terminal repeats	NA	1	11	0.7185	NA	1	1.3878	Viruses;Duplodnaviria;Heunggongvirae;Uroviricota;Caudoviricetes;;
k127_298883	4064	No terminal repeats	NA	3	11	0.7174	NA	0	1.6561	Viruses;Duplodnaviria;Heunggongvirae;Uroviricota;Caudoviricetes;;
k127_23812	765	No terminal repeats	NA	2	11	0.7153	NA	1	1.2306	Viruses;Duplodnaviria;Heunggongvirae;Uroviricota;Caudoviricetes;;
k127_79831	590	No terminal repeats	NA	1	11	0.7150	NA	1	1.4884	Viruses;Duplodnaviria;Heunggongvirae;Uroviricota;Caudoviricetes;;
k127_322062	1614	No terminal repeats	NA	2	11	0.7143	NA	1	1.7183	Viruses;Duplodnaviria;Heunggongvirae;Uroviricota;Caudoviricetes;;
k127_76034	734	No terminal repeats	NA	1	11	0.7122	NA	1	1.7165	Viruses;Duplodnaviria;Heunggongvirae;Uroviricota;Caudoviricetes;;
k127_309876	1037	No terminal repeats	NA	2	11	0.7114	NA	1	1.2306	Viruses;Duplodnaviria;Heunggongvirae;Uroviricota;Caudoviricetes;;
k127_33079	529	No terminal repeats	NA	2	11	0.7107	NA	1	1.3182	Viruses;Duplodnaviria;Heunggongvirae;Uroviricota;Caudoviricetes;;
k127_146716	1042	No terminal repeats	NA	2	11	0.7067	NA	1	1.7183	Viruses;Duplodnaviria;Heunggongvirae;Uroviricota;Caudoviricetes;;
k127_121183	1636	No terminal repeats	NA	2	11	0.7050	NA	1	1.7183	Viruses;Duplodnaviria;Heunggongvirae;Uroviricota;Caudoviricetes;;
k127_138873	580	No terminal repeats	NA	1	11	0.7041	NA	1	0.9531	Viruses;Duplodnaviria;Heunggongvirae;Uroviricota;Caudoviricetes;;
k127_23933	451	No terminal repeats	NA	1	11	0.7029	NA	1	1.2306	Viruses;Duplodnaviria;Heunggongvirae;Uroviricota;Caudoviricetes;;
k127_145856	780	No terminal repeats	NA	1	11	0.7020	NA	1	1.2306	Viruses;Duplodnaviria;Heunggongvirae;Uroviricota;Caudoviricetes;;
