seq_name	length	topology	coordinates	n_genes	genetic_code	virus_score	fdr	n_hallmarks	marker_enrichment	taxonomy
k127_438354	526	No terminal repeats	NA	1	11	0.9706	NA	1	1.5118	Viruses;Duplodnaviria;Heunggongvirae;Uroviricota;Caudoviricetes;;
k127_63469	449	No terminal repeats	NA	1	11	0.9694	NA	1	1.7183	Viruses;Duplodnaviria;Heunggongvirae;Uroviricota;Caudoviricetes;;
k127_79283	423	No terminal repeats	NA	1	11	0.9686	NA	1	1.4838	Viruses;Duplodnaviria;Heunggongvirae;Uroviricota;Caudoviricetes;;
k127_156877	330	No terminal repeats	NA	1	11	0.9677	NA	1	1.7183	Unclassified
k127_413358	514	No terminal repeats	NA	1	11	0.9659	NA	1	1.4595	Viruses;Duplodnaviria;Heunggongvirae;Uroviricota;Caudoviricetes;;
k127_80055	417	No terminal repeats	NA	1	11	0.9651	NA	1	1.7183	Viruses;Duplodnaviria;Heunggongvirae;Uroviricota;Caudoviricetes;;
k127_321062	338	No terminal repeats	NA	1	11	0.9645	NA	1	1.7183	Viruses;Duplodnaviria;Heunggongvirae;Uroviricota;Caudoviricetes;;
k127_321212	2916	No terminal repeats	NA	4	11	0.9641	NA	2	3.2232	Viruses;Duplodnaviria;Heunggongvirae;Uroviricota;Caudoviricetes;;
k127_431548	374	No terminal repeats	NA	1	11	0.9641	NA	1	1.7183	Viruses;Duplodnaviria;Heunggongvirae;Uroviricota;Caudoviricetes;;
k127_375974	345	No terminal repeats	NA	2	11	0.9632	NA	1	3.4366	Viruses;Duplodnaviria;Heunggongvirae;Uroviricota;Caudoviricetes;;
k127_354668	345	No terminal repeats	NA	1	11	0.9629	NA	1	1.7183	Viruses;Duplodnaviria;Heunggongvirae;Uroviricota;Caudoviricetes;;
k127_349937	418	No terminal repeats	NA	1	11	0.9626	NA	1	1.7183	Viruses;Duplodnaviria;Heunggongvirae;Uroviricota;Caudoviricetes;;
k127_57135	1549	No terminal repeats	NA	1	11	0.9614	NA	1	1.4590	Viruses;Duplodnaviria;Heunggongvirae;Uroviricota;Caudoviricetes;;
k127_138135	312	No terminal repeats	NA	1	11	0.9598	NA	1	1.5118	Viruses;Duplodnaviria;Heunggongvirae;Uroviricota;Caudoviricetes;;
k127_35609	502	No terminal repeats	NA	1	11	0.9598	NA	1	1.7183	Viruses;Duplodnaviria;Heunggongvirae;Uroviricota;Caudoviricetes;;
k127_383936	341	No terminal repeats	NA	1	11	0.9597	NA	1	1.7183	Viruses;Duplodnaviria;Heunggongvirae;Uroviricota;Caudoviricetes;;
k127_83581	452	No terminal repeats	NA	1	11	0.9593	NA	1	1.7183	Viruses;Duplodnaviria;Heunggongvirae;Uroviricota;Caudoviricetes;;
k127_195092	352	No terminal repeats	NA	1	11	0.9591	NA	1	1.7183	Viruses;Duplodnaviria;Heunggongvirae;Uroviricota;Caudoviricetes;;
k127_335321	310	No terminal repeats	NA	1	11	0.9590	NA	1	1.7183	Viruses;Duplodnaviria;Heunggongvirae;Uroviricota;Caudoviricetes;;
k127_85499	383	No terminal repeats	NA	1	11	0.9587	NA	1	1.5070	Viruses;Duplodnaviria;Heunggongvirae;Uroviricota;Caudoviricetes;;
k127_302534	435	No terminal repeats	NA	1	11	0.9585	NA	1	1.4595	Viruses;Duplodnaviria;Heunggongvirae;Uroviricota;Caudoviricetes;;
k127_294671	578	No terminal repeats	NA	1	11	0.9582	NA	1	1.7183	Viruses;Duplodnaviria;Heunggongvirae;Uroviricota;Caudoviricetes;;
k127_42624	322	No terminal repeats	NA	1	11	0.9582	NA	1	1.7183	Viruses;Duplodnaviria;Heunggongvirae;Uroviricota;Caudoviricetes;;
k127_333873	398	No terminal repeats	NA	1	11	0.9576	NA	1	1.7183	Viruses;Duplodnaviria;Heunggongvirae;Uroviricota;Caudoviricetes;;
k127_6354	363	No terminal repeats	NA	1	11	0.9567	NA	1	1.7183	Viruses;Duplodnaviria;Heunggongvirae;Uroviricota;Caudoviricetes;;
k127_237825	355	No terminal repeats	NA	1	11	0.9565	NA	1	1.7183	Viruses;Duplodnaviria;Heunggongvirae;Uroviricota;Caudoviricetes;;
k127_234470	403	No terminal repeats	NA	2	11	0.9555	NA	1	1.7183	Viruses;Duplodnaviria;Heunggongvirae;Uroviricota;Caudoviricetes;;Zobellviridae
k127_20841	406	No terminal repeats	NA	1	11	0.9549	NA	1	1.4595	Viruses;Duplodnaviria;Heunggongvirae;Uroviricota;Caudoviricetes;;
k127_206331	370	No terminal repeats	NA	1	11	0.9537	NA	1	1.4698	Viruses;Duplodnaviria;Heunggongvirae;Uroviricota;Caudoviricetes;;
k127_302699	331	No terminal repeats	NA	1	11	0.9536	NA	1	1.7183	Viruses;Duplodnaviria;Heunggongvirae;Uroviricota;Caudoviricetes;;
k127_327251	940	No terminal repeats	NA	1	11	0.9534	NA	1	1.7183	Viruses;Duplodnaviria;Heunggongvirae;Uroviricota;Caudoviricetes;;
k127_295864	308	No terminal repeats	NA	1	11	0.9531	NA	1	1.7183	Viruses;Duplodnaviria;Heunggongvirae;Uroviricota;Caudoviricetes;;
k127_50258	356	No terminal repeats	NA	1	11	0.9526	NA	1	1.7183	Viruses;Duplodnaviria;Heunggongvirae;Uroviricota;Caudoviricetes;;
k127_447484	355	No terminal repeats	NA	2	11	0.9522	NA	1	1.7183	Unclassified
k127_354797	908	No terminal repeats	NA	1	11	0.9520	NA	1	1.7183	Unclassified
k127_10623	340	No terminal repeats	NA	1	11	0.9518	NA	1	1.7183	Viruses;Duplodnaviria;Heunggongvirae;Uroviricota;Caudoviricetes;;
k127_67464	304	No terminal repeats	NA	1	11	0.9518	NA	1	1.7183	Viruses;Duplodnaviria;Heunggongvirae;Uroviricota;Caudoviricetes;;
k127_83901	326	No terminal repeats	NA	1	11	0.9512	NA	1	1.7183	Viruses;Duplodnaviria;Heunggongvirae;Uroviricota;Caudoviricetes;;
k127_287775	385	No terminal repeats	NA	1	11	0.9510	NA	1	1.7183	Viruses;Duplodnaviria;Heunggongvirae;Uroviricota;Caudoviricetes;;
k127_356964	395	No terminal repeats	NA	1	11	0.9507	NA	1	1.4749	Viruses;Duplodnaviria;Heunggongvirae;Uroviricota;Caudoviricetes;;
k127_301497	360	No terminal repeats	NA	1	11	0.9506	NA	1	1.7183	Viruses;Duplodnaviria;Heunggongvirae;Uroviricota;Caudoviricetes;;
k127_132712	328	No terminal repeats	NA	1	11	0.9506	NA	1	1.7183	Viruses;Duplodnaviria;Heunggongvirae;Uroviricota;Caudoviricetes;;
k127_22312	387	No terminal repeats	NA	1	11	0.9503	NA	1	1.4595	Viruses;Duplodnaviria;Heunggongvirae;Uroviricota;Caudoviricetes;;
k127_444081	343	No terminal repeats	NA	1	11	0.9492	NA	1	1.7183	Viruses;Duplodnaviria;Heunggongvirae;Uroviricota;Caudoviricetes;;
k127_308136	1016	No terminal repeats	NA	2	11	0.9480	NA	1	2.8214	Viruses;Duplodnaviria;Heunggongvirae;Uroviricota;Caudoviricetes;;
k127_257993	776	No terminal repeats	NA	1	11	0.9478	NA	1	1.7183	Unclassified
k127_171462	399	No terminal repeats	NA	1	11	0.9475	NA	1	1.7183	Viruses;Duplodnaviria;Heunggongvirae;Uroviricota;Caudoviricetes;;
k127_388096	378	No terminal repeats	NA	1	11	0.9475	NA	1	1.7183	Viruses;Duplodnaviria;Heunggongvirae;Uroviricota;Caudoviricetes;;
k127_53594	429	No terminal repeats	NA	1	11	0.9473	NA	1	1.7183	Viruses;Duplodnaviria;Heunggongvirae;Uroviricota;Caudoviricetes;;
k127_431948	457	No terminal repeats	NA	1	11	0.9473	NA	1	1.7183	Viruses;Duplodnaviria;Heunggongvirae;Uroviricota;Caudoviricetes;;
k127_71072	339	No terminal repeats	NA	1	11	0.9464	NA	1	1.7183	Viruses;Duplodnaviria;Heunggongvirae;Uroviricota;Caudoviricetes;;
k127_261193	338	No terminal repeats	NA	1	11	0.9459	NA	1	1.7183	Viruses;Duplodnaviria;Heunggongvirae;Uroviricota;Caudoviricetes;;
k127_122802	18551	No terminal repeats	NA	32	11	0.9449	NA	2	20.8129	Viruses;Duplodnaviria;Heunggongvirae;Uroviricota;Caudoviricetes;;
k127_30103	339	No terminal repeats	NA	1	11	0.9445	NA	1	1.7183	Viruses;Duplodnaviria;Heunggongvirae;Uroviricota;Caudoviricetes;;
k127_289879	389	No terminal repeats	NA	1	11	0.9441	NA	1	1.7183	Viruses;Duplodnaviria;Heunggongvirae;Uroviricota;Caudoviricetes;;
k127_51277	330	No terminal repeats	NA	1	11	0.9438	NA	1	1.7183	Unclassified
k127_186152	318	No terminal repeats	NA	1	11	0.9437	NA	1	1.7183	Unclassified
k127_188483	350	No terminal repeats	NA	1	11	0.9437	NA	1	1.7183	Viruses;Duplodnaviria;Heunggongvirae;Uroviricota;Caudoviricetes;;
k127_226025	305	No terminal repeats	NA	1	11	0.9433	NA	1	1.4513	Viruses;Duplodnaviria;Heunggongvirae;Uroviricota;Caudoviricetes;;
k127_421579	452	No terminal repeats	NA	2	11	0.9432	NA	1	3.4366	Viruses;Duplodnaviria;Heunggongvirae;Uroviricota;Caudoviricetes;;
k127_117002	428	No terminal repeats	NA	1	4	0.9425	NA	1	1.4699	Viruses;Duplodnaviria;Heunggongvirae;Uroviricota;Caudoviricetes;;
k127_287862	1240	No terminal repeats	NA	2	11	0.9417	NA	2	2.4838	Viruses;Duplodnaviria;Heunggongvirae;Uroviricota;Caudoviricetes;;
k127_114751	372	No terminal repeats	NA	1	11	0.9411	NA	1	1.7183	Viruses;Duplodnaviria;Heunggongvirae;Uroviricota;Caudoviricetes;;
k127_305815	943	No terminal repeats	NA	2	11	0.9411	NA	1	3.2972	Viruses;Duplodnaviria;Heunggongvirae;Uroviricota;Caudoviricetes;;
k127_263244	440	No terminal repeats	NA	1	11	0.9411	NA	1	1.7183	Viruses;Duplodnaviria;Heunggongvirae;Uroviricota;Caudoviricetes;;
k127_329646	416	No terminal repeats	NA	1	11	0.9409	NA	1	1.7183	Unclassified
k127_95447	743	No terminal repeats	NA	1	11	0.9407	NA	1	1.7183	Viruses;Riboviria;Orthornavirae;Kitrinoviricota;Flasuviricetes;Amarillovirales;Flaviviridae
k127_82991	725	No terminal repeats	NA	1	11	0.9404	NA	1	1.7183	Unclassified
k127_381171	344	No terminal repeats	NA	1	11	0.9404	NA	1	1.7183	Viruses;Duplodnaviria;Heunggongvirae;Uroviricota;Caudoviricetes;;
k127_12693	313	No terminal repeats	NA	1	11	0.9402	NA	1	1.1892	Viruses;Duplodnaviria;Heunggongvirae;Uroviricota;Caudoviricetes;;
k127_122770	315	No terminal repeats	NA	1	11	0.9375	NA	1	1.7183	Viruses;Duplodnaviria;Heunggongvirae;Uroviricota;Caudoviricetes;;
k127_195231	318	No terminal repeats	NA	1	11	0.9373	NA	1	1.4464	Viruses;Duplodnaviria;Heunggongvirae;Uroviricota;Caudoviricetes;;
k127_51518	384	No terminal repeats	NA	1	11	0.9372	NA	1	1.7183	Viruses;Duplodnaviria;Heunggongvirae;Uroviricota;Caudoviricetes;;Drexlerviridae
k127_242676	606	No terminal repeats	NA	1	11	0.9367	NA	1	1.7183	Viruses;Duplodnaviria;Heunggongvirae;Uroviricota;Caudoviricetes;;
k127_364167	371	No terminal repeats	NA	2	11	0.9365	NA	1	1.7183	Viruses;Duplodnaviria;Heunggongvirae;Uroviricota;Caudoviricetes;;
k127_91064	329	No terminal repeats	NA	1	11	0.9362	NA	1	1.7183	Viruses;Duplodnaviria;Heunggongvirae;Uroviricota;Caudoviricetes;;
k127_428492	316	No terminal repeats	NA	1	11	0.9359	NA	1	1.4595	Viruses;Duplodnaviria;Heunggongvirae;Uroviricota;Caudoviricetes;;
k127_217547	384	No terminal repeats	NA	1	11	0.9351	NA	1	1.7183	Viruses;Duplodnaviria;Heunggongvirae;Uroviricota;Caudoviricetes;;
k127_93729	469	No terminal repeats	NA	1	11	0.9342	NA	1	1.4762	Unclassified
k127_131218	799	No terminal repeats	NA	3	11	0.9340	NA	1	3.4366	Viruses;Duplodnaviria;Heunggongvirae;Uroviricota;Caudoviricetes;;
k127_288233	506	No terminal repeats	NA	1	11	0.9336	NA	1	1.7183	Unclassified
k127_182365	351	No terminal repeats	NA	2	11	0.9331	NA	1	2.9606	Viruses;Duplodnaviria;Heunggongvirae;Uroviricota;Caudoviricetes;;
k127_195826	308	No terminal repeats	NA	1	11	0.9325	NA	1	1.7183	Viruses;Duplodnaviria;Heunggongvirae;Uroviricota;Caudoviricetes;;
k127_96234	364	No terminal repeats	NA	1	11	0.9324	NA	1	1.7183	Viruses;Duplodnaviria;Heunggongvirae;Uroviricota;Caudoviricetes;;
k127_358567	413	No terminal repeats	NA	1	11	0.9323	NA	1	1.7183	Viruses;Duplodnaviria;Heunggongvirae;Uroviricota;Caudoviricetes;;
k127_270054	318	No terminal repeats	NA	1	11	0.9319	NA	1	1.7183	Viruses;Duplodnaviria;Heunggongvirae;Uroviricota;Caudoviricetes;;
k127_184765	470	No terminal repeats	NA	1	11	0.9318	NA	1	1.5240	Viruses;Duplodnaviria;Heunggongvirae;Uroviricota;Caudoviricetes;;
k127_441177	393	No terminal repeats	NA	1	11	0.9318	NA	1	1.7183	Viruses;Duplodnaviria;Heunggongvirae;Uroviricota;Caudoviricetes;;
k127_86930	349	No terminal repeats	NA	1	11	0.9312	NA	1	1.7183	Viruses;Duplodnaviria;Heunggongvirae;Uroviricota;Caudoviricetes;;
k127_396489	347	No terminal repeats	NA	1	11	0.9311	NA	1	1.7183	Viruses;Duplodnaviria;Heunggongvirae;Uroviricota;Caudoviricetes;;
k127_129470	355	No terminal repeats	NA	1	11	0.9311	NA	1	1.2087	Viruses;Duplodnaviria;Heunggongvirae;Uroviricota;Caudoviricetes;;
k127_305872	684	No terminal repeats	NA	1	11	0.9310	NA	1	1.7183	Viruses;Duplodnaviria;Heunggongvirae;Uroviricota;Caudoviricetes;;Kyanoviridae
k127_134534	944	No terminal repeats	NA	2	11	0.9305	NA	1	1.7183	Viruses;Duplodnaviria;Heunggongvirae;Uroviricota;Caudoviricetes;;
k127_325068	972	No terminal repeats	NA	2	11	0.9299	NA	1	1.7183	Viruses;Duplodnaviria;Heunggongvirae;Uroviricota;Caudoviricetes;;
k127_293274	308	No terminal repeats	NA	1	11	0.9296	NA	1	1.7183	Viruses;Duplodnaviria;Heunggongvirae;Uroviricota;Caudoviricetes;;
k127_230222	376	No terminal repeats	NA	1	11	0.9293	NA	1	1.7183	Viruses;Duplodnaviria;Heunggongvirae;Uroviricota;Caudoviricetes;;
k127_51233	502	No terminal repeats	NA	1	11	0.9292	NA	1	1.7183	Viruses;Duplodnaviria;Heunggongvirae;Uroviricota;Caudoviricetes;;
k127_208440	372	No terminal repeats	NA	1	11	0.9290	NA	1	1.7183	Viruses;Duplodnaviria;Heunggongvirae;Uroviricota;Caudoviricetes;;
k127_49975	379	No terminal repeats	NA	1	11	0.9288	NA	1	1.4493	Viruses;Duplodnaviria;Heunggongvirae;Uroviricota;Caudoviricetes;;
k127_394565	7198	No terminal repeats	NA	8	11	0.9284	NA	0	1.7183	Unclassified
k127_284269	357	No terminal repeats	NA	1	11	0.9284	NA	1	1.3050	Viruses;Duplodnaviria;Heunggongvirae;Uroviricota;Caudoviricetes;;
k127_180405	751	No terminal repeats	NA	2	11	0.9279	NA	1	1.5134	Viruses;Duplodnaviria;Heunggongvirae;Uroviricota;Caudoviricetes;;
k127_100801	389	No terminal repeats	NA	1	11	0.9273	NA	1	1.7183	Viruses;Duplodnaviria;Heunggongvirae;Uroviricota;Caudoviricetes;;
k127_70186	412	No terminal repeats	NA	1	11	0.9272	NA	1	1.7183	Viruses;Duplodnaviria;Heunggongvirae;Uroviricota;Caudoviricetes;;
k127_443996	307	No terminal repeats	NA	1	11	0.9268	NA	1	1.7183	Viruses;Duplodnaviria;Heunggongvirae;Uroviricota;Caudoviricetes;;
k127_213539	371	No terminal repeats	NA	1	11	0.9264	NA	1	1.7183	Viruses;Duplodnaviria;Heunggongvirae;Uroviricota;Caudoviricetes;;
k127_73274	501	No terminal repeats	NA	1	11	0.9264	NA	1	1.7183	Viruses;Duplodnaviria;Heunggongvirae;Uroviricota;Caudoviricetes;;
k127_418257	306	No terminal repeats	NA	1	11	0.9256	NA	1	1.7183	Viruses;Duplodnaviria;Heunggongvirae;Uroviricota;Caudoviricetes;;
k127_408841	363	No terminal repeats	NA	1	11	0.9256	NA	1	1.3639	Viruses;Duplodnaviria;Heunggongvirae;Uroviricota;Caudoviricetes;;
k127_254542	376	No terminal repeats	NA	1	11	0.9255	NA	1	1.6066	Viruses;Duplodnaviria;Heunggongvirae;Uroviricota;Caudoviricetes;;
k127_278262	301	No terminal repeats	NA	1	11	0.9252	NA	1	1.4484	Viruses;Duplodnaviria;Heunggongvirae;Uroviricota;Caudoviricetes;;
k127_398007	405	No terminal repeats	NA	1	11	0.9239	NA	1	1.4595	Viruses;Duplodnaviria;Heunggongvirae;Uroviricota;Caudoviricetes;;
k127_417989	488	No terminal repeats	NA	1	11	0.9233	NA	1	1.7183	Viruses;Duplodnaviria;Heunggongvirae;Uroviricota;Caudoviricetes;;
k127_108455	471	No terminal repeats	NA	2	11	0.9229	NA	1	3.4324	Unclassified
k127_99999	445	No terminal repeats	NA	1	11	0.9229	NA	1	1.7183	Viruses;Duplodnaviria;Heunggongvirae;Uroviricota;Caudoviricetes;;
k127_44605	437	No terminal repeats	NA	1	11	0.9226	NA	1	1.7183	Viruses;Duplodnaviria;Heunggongvirae;Uroviricota;Caudoviricetes;;
k127_274816	358	No terminal repeats	NA	1	11	0.9220	NA	1	1.1262	Viruses;Duplodnaviria;Heunggongvirae;Uroviricota;Caudoviricetes;;
k127_147108	255	No terminal repeats	NA	1	11	0.9214	NA	1	1.2847	Viruses;Duplodnaviria;Heunggongvirae;Uroviricota;Caudoviricetes;;
k127_391938	357	No terminal repeats	NA	1	11	0.9212	NA	1	1.7183	Viruses;Duplodnaviria;Heunggongvirae;Uroviricota;Caudoviricetes;;
k127_89658	682	No terminal repeats	NA	1	11	0.9211	NA	1	1.7183	Viruses;Duplodnaviria;Heunggongvirae;Uroviricota;Caudoviricetes;;
k127_152163	991	No terminal repeats	NA	3	11	0.9209	NA	1	3.0806	Viruses;Duplodnaviria;Heunggongvirae;Uroviricota;Caudoviricetes;;
k127_76023	855	No terminal repeats	NA	1	11	0.9206	NA	1	1.7183	Viruses;Duplodnaviria;Heunggongvirae;Uroviricota;Caudoviricetes;;
k127_398559	407	No terminal repeats	NA	1	11	0.9204	NA	1	1.7183	Viruses;Duplodnaviria;Heunggongvirae;Uroviricota;Caudoviricetes;;
k127_141243	404	No terminal repeats	NA	2	11	0.9204	NA	1	1.7183	Unclassified
k127_340413	309	No terminal repeats	NA	1	11	0.9199	NA	1	1.3050	Viruses;Duplodnaviria;Heunggongvirae;Uroviricota;Caudoviricetes;;
k127_102232	588	No terminal repeats	NA	1	11	0.9192	NA	1	1.5004	Viruses;Duplodnaviria;Heunggongvirae;Uroviricota;Caudoviricetes;;
k127_286174	598	No terminal repeats	NA	1	11	0.9190	NA	1	1.7183	Unclassified
k127_457255	345	No terminal repeats	NA	1	11	0.9189	NA	1	1.7183	Viruses;Duplodnaviria;Heunggongvirae;Uroviricota;Caudoviricetes;;Drexlerviridae
k127_249958	368	No terminal repeats	NA	1	11	0.9184	NA	1	1.7183	Viruses;Duplodnaviria;Heunggongvirae;Uroviricota;Caudoviricetes;;
k127_353810	360	No terminal repeats	NA	1	11	0.9179	NA	1	1.7161	Viruses;Duplodnaviria;Heunggongvirae;Uroviricota;Caudoviricetes;;
k127_131642	328	No terminal repeats	NA	1	11	0.9167	NA	1	1.4595	Viruses;Duplodnaviria;Heunggongvirae;Uroviricota;Caudoviricetes;;
k127_373599	428	No terminal repeats	NA	2	11	0.9161	NA	1	1.7183	Viruses;Duplodnaviria;Heunggongvirae;Uroviricota;Caudoviricetes;;
k127_63588	201	No terminal repeats	NA	1	11	0.9158	NA	1	1.2847	Viruses;Duplodnaviria;Heunggongvirae;Uroviricota;Caudoviricetes;;
k127_61471	852	No terminal repeats	NA	1	11	0.9153	NA	1	1.4595	Viruses;Duplodnaviria;Heunggongvirae;Uroviricota;Caudoviricetes;;
k127_7323	527	No terminal repeats	NA	1	11	0.9147	NA	1	1.7183	Viruses;Duplodnaviria;Heunggongvirae;Uroviricota;Caudoviricetes;;
k127_340768	405	No terminal repeats	NA	1	11	0.9136	NA	1	1.7183	Viruses;Duplodnaviria;Heunggongvirae;Uroviricota;Caudoviricetes;;
k127_193745	440	No terminal repeats	NA	1	11	0.9135	NA	1	1.4119	Viruses;Duplodnaviria;Heunggongvirae;Uroviricota;Caudoviricetes;;
k127_5533	344	No terminal repeats	NA	1	11	0.9129	NA	1	1.5134	Viruses;Duplodnaviria;Heunggongvirae;Uroviricota;Caudoviricetes;;
k127_82972	571	No terminal repeats	NA	1	11	0.9128	NA	1	1.5240	Viruses;Duplodnaviria;Heunggongvirae;Uroviricota;Caudoviricetes;;
k127_137309	321	No terminal repeats	NA	1	11	0.9123	NA	1	1.7183	Unclassified
k127_354933	346	No terminal repeats	NA	1	11	0.9119	NA	1	1.7183	Viruses;Duplodnaviria;Heunggongvirae;Uroviricota;Caudoviricetes;;
k127_419799	342	No terminal repeats	NA	1	11	0.9110	NA	1	1.7183	Viruses;Duplodnaviria;Heunggongvirae;Uroviricota;Caudoviricetes;;
k127_322969	333	No terminal repeats	NA	2	11	0.9107	NA	1	1.4493	Viruses;Duplodnaviria;Heunggongvirae;Uroviricota;Caudoviricetes;;
k127_388352	371	No terminal repeats	NA	1	11	0.9106	NA	1	1.7183	Viruses;Duplodnaviria;Heunggongvirae;Uroviricota;Caudoviricetes;;
k127_110477	404	No terminal repeats	NA	1	11	0.9100	NA	1	1.7183	Viruses;Duplodnaviria;Heunggongvirae;Uroviricota;Caudoviricetes;;
k127_161308	313	No terminal repeats	NA	2	11	0.9098	NA	1	1.7183	Viruses;Duplodnaviria;Heunggongvirae;Uroviricota;Caudoviricetes;;
k127_389768	309	No terminal repeats	NA	1	11	0.9096	NA	1	1.7183	Unclassified
k127_25383	376	No terminal repeats	NA	1	11	0.9089	NA	1	1.7183	Viruses;Duplodnaviria;Heunggongvirae;Uroviricota;Caudoviricetes;;
k127_459319	359	No terminal repeats	NA	1	11	0.9077	NA	1	1.4764	Viruses;Duplodnaviria;Heunggongvirae;Uroviricota;Caudoviricetes;;
k127_86642	744	No terminal repeats	NA	1	11	0.9072	NA	1	1.7183	Viruses;Duplodnaviria;Heunggongvirae;Uroviricota;Caudoviricetes;;Drexlerviridae
k127_384905	1051	No terminal repeats	NA	2	11	0.9071	NA	1	1.7183	Viruses;Duplodnaviria;Heunggongvirae;Uroviricota;Caudoviricetes;;
k127_248148	557	No terminal repeats	NA	1	11	0.9066	NA	1	1.7183	Viruses;Riboviria;Orthornavirae;Pisuviricota;Stelpaviricetes;Stellavirales;Astroviridae
k127_19746	343	No terminal repeats	NA	1	11	0.9064	NA	1	1.3639	Viruses;Duplodnaviria;Heunggongvirae;Uroviricota;Caudoviricetes;;
k127_379345	435	No terminal repeats	NA	1	11	0.9050	NA	1	1.7183	Viruses;Duplodnaviria;Heunggongvirae;Uroviricota;Caudoviricetes;;
k127_242915	446	No terminal repeats	NA	1	11	0.9043	NA	1	1.7183	Viruses;Duplodnaviria;Heunggongvirae;Uroviricota;Caudoviricetes;;
k127_291172	339	No terminal repeats	NA	1	11	0.9035	NA	1	1.4749	Viruses;Duplodnaviria;Heunggongvirae;Uroviricota;Caudoviricetes;;
k127_91021	1228	No terminal repeats	NA	1	11	0.9024	NA	1	1.7183	Viruses;Duplodnaviria;Heunggongvirae;Uroviricota;Caudoviricetes;;
k127_138726	771	No terminal repeats	NA	2	11	0.9024	NA	1	1.7183	Viruses;Duplodnaviria;Heunggongvirae;Uroviricota;Caudoviricetes;;
k127_288872	2424	No terminal repeats	NA	5	11	0.9020	NA	1	6.3496	Viruses;Duplodnaviria;Heunggongvirae;Uroviricota;Caudoviricetes;;
k127_116860	363	No terminal repeats	NA	1	11	0.9019	NA	1	1.7183	Viruses;Duplodnaviria;Heunggongvirae;Uroviricota;Caudoviricetes;;
k127_272710	451	No terminal repeats	NA	2	11	0.9016	NA	1	1.7183	Viruses;Duplodnaviria;Heunggongvirae;Uroviricota;Caudoviricetes;;
k127_205263	942	No terminal repeats	NA	2	11	0.9015	NA	1	1.4698	Viruses;Duplodnaviria;Heunggongvirae;Uroviricota;Caudoviricetes;;
k127_38523	761	No terminal repeats	NA	2	11	0.9005	NA	1	1.7183	Unclassified
k127_366375	450	No terminal repeats	NA	1	11	0.9005	NA	1	1.7183	Viruses;Duplodnaviria;Heunggongvirae;Uroviricota;Caudoviricetes;;
k127_309014	368	No terminal repeats	NA	2	11	0.8999	NA	1	1.3845	Viruses;Duplodnaviria;Heunggongvirae;Uroviricota;Caudoviricetes;;
k127_450498	459	No terminal repeats	NA	1	11	0.8994	NA	1	1.3074	Viruses;Duplodnaviria;Heunggongvirae;Uroviricota;Caudoviricetes;;
k127_121656	353	No terminal repeats	NA	1	11	0.8993	NA	1	1.3308	Viruses;Duplodnaviria;Heunggongvirae;Uroviricota;Caudoviricetes;;
k127_378583	464	No terminal repeats	NA	1	11	0.8980	NA	1	1.2465	Viruses;Duplodnaviria;Heunggongvirae;Uroviricota;Caudoviricetes;;
k127_61086	382	No terminal repeats	NA	1	11	0.8976	NA	1	1.4493	Viruses;Duplodnaviria;Heunggongvirae;Uroviricota;Caudoviricetes;;
k127_1720	396	No terminal repeats	NA	1	11	0.8970	NA	1	1.7142	Viruses;Duplodnaviria;Heunggongvirae;Uroviricota;Caudoviricetes;;
k127_58657	376	No terminal repeats	NA	1	11	0.8966	NA	1	1.4698	Viruses;Duplodnaviria;Heunggongvirae;Uroviricota;Caudoviricetes;;
k127_233647	612	No terminal repeats	NA	1	11	0.8963	NA	1	1.2087	Viruses;Duplodnaviria;Heunggongvirae;Uroviricota;Caudoviricetes;;
k127_457776	625	No terminal repeats	NA	1	11	0.8946	NA	1	1.7183	Viruses;Duplodnaviria;Heunggongvirae;Uroviricota;Caudoviricetes;;
k127_292245	440	No terminal repeats	NA	1	11	0.8945	NA	1	1.7183	Viruses;Duplodnaviria;Heunggongvirae;Uroviricota;Caudoviricetes;;Drexlerviridae
k127_38873	513	No terminal repeats	NA	1	11	0.8941	NA	1	1.2808	Viruses;Duplodnaviria;Heunggongvirae;Uroviricota;Caudoviricetes;;
k127_250608	413	No terminal repeats	NA	1	11	0.8940	NA	1	1.5310	Viruses;Duplodnaviria;Heunggongvirae;Uroviricota;Caudoviricetes;;
k127_217587	317	No terminal repeats	NA	1	11	0.8939	NA	1	1.0597	Unclassified
k127_306551	1280	No terminal repeats	NA	1	11	0.8939	NA	1	1.7183	Viruses;Duplodnaviria;Heunggongvirae;Uroviricota;Caudoviricetes;;
k127_290621	554	No terminal repeats	NA	1	11	0.8936	NA	1	1.7183	Viruses;Duplodnaviria;Heunggongvirae;Uroviricota;Caudoviricetes;;
k127_251726	325	No terminal repeats	NA	1	11	0.8925	NA	1	1.3050	Viruses;Duplodnaviria;Heunggongvirae;Uroviricota;Caudoviricetes;;
k127_211697	494	No terminal repeats	NA	2	11	0.8915	NA	1	1.7183	Viruses;Duplodnaviria;Heunggongvirae;Uroviricota;Caudoviricetes;;
k127_113003	861	No terminal repeats	NA	3	11	0.8910	NA	1	3.3957	Viruses;Duplodnaviria;Heunggongvirae;Uroviricota;Caudoviricetes;;
k127_293658	780	No terminal repeats	NA	1	11	0.8906	NA	1	1.7183	Viruses;Duplodnaviria;Heunggongvirae;Uroviricota;Caudoviricetes;;
k127_414954	2590	No terminal repeats	NA	5	11	0.8897	NA	1	3.4366	Viruses;Duplodnaviria;Heunggongvirae;Uroviricota;Caudoviricetes;;
k127_2541	1094	No terminal repeats	NA	1	11	0.8897	NA	1	1.7183	Viruses;Duplodnaviria;Heunggongvirae;Uroviricota;Caudoviricetes;;
k127_219892	515	No terminal repeats	NA	1	11	0.8890	NA	1	1.7183	Viruses;Duplodnaviria;Heunggongvirae;Uroviricota;Caudoviricetes;;Drexlerviridae
k127_422214	625	No terminal repeats	NA	1	11	0.8883	NA	1	1.7183	Viruses;Duplodnaviria;Heunggongvirae;Uroviricota;Caudoviricetes;;
k127_428788	619	No terminal repeats	NA	1	11	0.8882	NA	1	1.7183	Viruses;Duplodnaviria;Heunggongvirae;Uroviricota;Caudoviricetes;;
k127_203603	699	No terminal repeats	NA	1	11	0.8874	NA	1	1.7183	Viruses;Duplodnaviria;Heunggongvirae;Uroviricota;Caudoviricetes;;
k127_170802	321	No terminal repeats	NA	1	11	0.8873	NA	1	1.0784	Viruses;Duplodnaviria;Heunggongvirae;Uroviricota;Caudoviricetes;;
k127_162457	483	No terminal repeats	NA	2	11	0.8868	NA	1	1.5477	Viruses;Duplodnaviria;Heunggongvirae;Uroviricota;Caudoviricetes;;
k127_201843	412	No terminal repeats	NA	1	11	0.8863	NA	1	1.2632	Viruses;Duplodnaviria;Heunggongvirae;Uroviricota;Caudoviricetes;;
k127_231519	390	No terminal repeats	NA	1	11	0.8853	NA	1	1.3608	Viruses;Duplodnaviria;Heunggongvirae;Uroviricota;Caudoviricetes;;Straboviridae
k127_302008	225	No terminal repeats	NA	1	11	0.8844	NA	1	1.1211	Viruses;Duplodnaviria;Heunggongvirae;Uroviricota;Caudoviricetes;;
k127_145799	671	No terminal repeats	NA	1	11	0.8840	NA	1	1.7183	Viruses;Duplodnaviria;Heunggongvirae;Uroviricota;Caudoviricetes;;
k127_131711	727	No terminal repeats	NA	1	11	0.8827	NA	1	1.4738	Viruses;Duplodnaviria;Heunggongvirae;Uroviricota;Caudoviricetes;;
k127_41370	307	No terminal repeats	NA	1	11	0.8826	NA	1	1.7183	Viruses;Duplodnaviria;Heunggongvirae;Uroviricota;Caudoviricetes;;
k127_236547	319	No terminal repeats	NA	1	11	0.8824	NA	1	1.3639	Viruses;Duplodnaviria;Heunggongvirae;Uroviricota;Caudoviricetes;;
k127_44462	689	No terminal repeats	NA	1	11	0.8812	NA	1	1.7183	Viruses;Duplodnaviria;Heunggongvirae;Uroviricota;Caudoviricetes;;
k127_445589	1440	No terminal repeats	NA	2	11	0.8804	NA	1	1.7183	Viruses;Duplodnaviria;Heunggongvirae;Uroviricota;Caudoviricetes;;
k127_42365	448	No terminal repeats	NA	2	11	0.8804	NA	1	1.7183	Viruses;Duplodnaviria;Heunggongvirae;Uroviricota;Caudoviricetes;;
k127_361394	420	No terminal repeats	NA	2	11	0.8801	NA	1	1.7183	Viruses;Duplodnaviria;Heunggongvirae;Uroviricota;Caudoviricetes;;
k127_255206	334	No terminal repeats	NA	1	11	0.8801	NA	1	1.2609	Viruses;Duplodnaviria;Heunggongvirae;Uroviricota;Caudoviricetes;;
k127_87587	573	No terminal repeats	NA	1	11	0.8800	NA	1	1.7183	Viruses;Riboviria;Orthornavirae;Lenarviricota;Amabiliviricetes;Wolframvirales;Narnaviridae
k127_404950	742	No terminal repeats	NA	1	11	0.8793	NA	1	1.6244	Viruses;Duplodnaviria;Heunggongvirae;Uroviricota;Caudoviricetes;;
k127_84449	501	No terminal repeats	NA	1	11	0.8776	NA	1	1.5278	Viruses;Duplodnaviria;Heunggongvirae;Uroviricota;Caudoviricetes;;
k127_213197	316	No terminal repeats	NA	1	11	0.8772	NA	1	1.7183	Unclassified
k127_455954	336	No terminal repeats	NA	1	11	0.8769	NA	1	1.4880	Viruses;Duplodnaviria;Heunggongvirae;Uroviricota;Caudoviricetes;;
k127_7174	609	No terminal repeats	NA	1	11	0.8742	NA	1	1.4749	Viruses;Duplodnaviria;Heunggongvirae;Uroviricota;Caudoviricetes;;
k127_186646	413	No terminal repeats	NA	1	11	0.8741	NA	1	1.3135	Viruses;Duplodnaviria;Heunggongvirae;Uroviricota;Caudoviricetes;;
k127_26208	439	No terminal repeats	NA	1	11	0.8739	NA	1	1.2306	Viruses;Duplodnaviria;Heunggongvirae;Uroviricota;Caudoviricetes;;
k127_150625	367	No terminal repeats	NA	1	11	0.8724	NA	1	1.2934	Viruses;Duplodnaviria;Heunggongvirae;Uroviricota;Caudoviricetes;;
k127_117046	346	No terminal repeats	NA	1	11	0.8724	NA	1	1.3867	Viruses;Duplodnaviria;Heunggongvirae;Uroviricota;Caudoviricetes;;
k127_446073	306	No terminal repeats	NA	1	11	0.8716	NA	1	1.7183	Viruses;Duplodnaviria;Heunggongvirae;Uroviricota;Caudoviricetes;;
k127_268129	430	No terminal repeats	NA	1	11	0.8714	NA	1	1.7161	Viruses;Duplodnaviria;Heunggongvirae;Uroviricota;Caudoviricetes;;
k127_112264	335	No terminal repeats	NA	1	11	0.8712	NA	1	1.3639	Viruses;Duplodnaviria;Heunggongvirae;Uroviricota;Caudoviricetes;;
k127_245257	652	No terminal repeats	NA	2	11	0.8710	NA	1	3.4120	Viruses;Duplodnaviria;Heunggongvirae;Uroviricota;Caudoviricetes;;
k127_443473	671	No terminal repeats	NA	1	11	0.8704	NA	1	1.1304	Viruses;Duplodnaviria;Heunggongvirae;Uroviricota;Caudoviricetes;;
k127_220625	324	No terminal repeats	NA	1	11	0.8691	NA	1	1.1077	Viruses;Duplodnaviria;Heunggongvirae;Uroviricota;Caudoviricetes;;
k127_205353	301	No terminal repeats	NA	1	11	0.8688	NA	1	1.3450	Viruses;Duplodnaviria;Heunggongvirae;Uroviricota;Caudoviricetes;;
k127_137722	362	No terminal repeats	NA	1	11	0.8686	NA	1	1.0851	Viruses;Duplodnaviria;Heunggongvirae;Uroviricota;Caudoviricetes;;
k127_274822	458	No terminal repeats	NA	1	11	0.8685	NA	1	1.1262	Viruses;Duplodnaviria;Heunggongvirae;Uroviricota;Caudoviricetes;;
k127_415409	330	No terminal repeats	NA	1	11	0.8679	NA	1	1.7183	Viruses;Duplodnaviria;Heunggongvirae;Uroviricota;Caudoviricetes;;
k127_108812	531	No terminal repeats	NA	1	11	0.8678	NA	1	1.1011	Viruses;Duplodnaviria;Heunggongvirae;Uroviricota;Caudoviricetes;;
k127_170487	391	No terminal repeats	NA	1	11	0.8677	NA	1	1.7183	Viruses;Duplodnaviria;Heunggongvirae;Uroviricota;Caudoviricetes;;
k127_438217	490	No terminal repeats	NA	1	11	0.8670	NA	1	1.2886	Viruses;Duplodnaviria;Heunggongvirae;Uroviricota;Caudoviricetes;;
k127_357038	484	No terminal repeats	NA	1	11	0.8664	NA	1	1.3198	Viruses;Duplodnaviria;Heunggongvirae;Uroviricota;Caudoviricetes;;
k127_363032	479	No terminal repeats	NA	2	11	0.8661	NA	1	1.3050	Viruses;Duplodnaviria;Heunggongvirae;Uroviricota;Caudoviricetes;;
k127_309187	553	No terminal repeats	NA	1	11	0.8656	NA	1	1.2569	Viruses;Duplodnaviria;Heunggongvirae;Uroviricota;Caudoviricetes;;
k127_8952	373	No terminal repeats	NA	1	11	0.8656	NA	1	1.2802	Viruses;Duplodnaviria;Heunggongvirae;Uroviricota;Caudoviricetes;;
k127_214801	957	No terminal repeats	NA	1	11	0.8650	NA	1	1.7183	Viruses;Duplodnaviria;Heunggongvirae;Uroviricota;Caudoviricetes;;
k127_392139	670	No terminal repeats	NA	1	11	0.8648	NA	1	1.2720	Viruses;Duplodnaviria;Heunggongvirae;Uroviricota;Caudoviricetes;;
k127_249552	549	No terminal repeats	NA	1	11	0.8647	NA	1	1.2768	Viruses;Duplodnaviria;Heunggongvirae;Uroviricota;Caudoviricetes;;
k127_412170	8620	No terminal repeats	NA	14	11	0.8635	NA	1	6.6284	Viruses;Duplodnaviria;Heunggongvirae;Uroviricota;Caudoviricetes;;
k127_205772	311	No terminal repeats	NA	1	11	0.8631	NA	1	1.3483	Unclassified
k127_438142	345	No terminal repeats	NA	2	11	0.8629	NA	1	1.7183	Viruses;Duplodnaviria;Heunggongvirae;Uroviricota;Caudoviricetes;;
k127_97880	588	No terminal repeats	NA	1	11	0.8620	NA	1	1.2632	Viruses;Duplodnaviria;Heunggongvirae;Uroviricota;Caudoviricetes;;
k127_174430	308	No terminal repeats	NA	1	11	0.8619	NA	1	1.2449	Viruses;Duplodnaviria;Heunggongvirae;Uroviricota;Caudoviricetes;;
k127_278352	620	No terminal repeats	NA	1	11	0.8608	NA	1	1.0089	Viruses;Duplodnaviria;Heunggongvirae;Uroviricota;Caudoviricetes;;
k127_449970	395	No terminal repeats	NA	1	11	0.8604	NA	1	1.4764	Viruses;Duplodnaviria;Heunggongvirae;Uroviricota;Caudoviricetes;;
k127_458629	553	No terminal repeats	NA	2	11	0.8599	NA	1	1.6317	Viruses;Duplodnaviria;Heunggongvirae;Uroviricota;Caudoviricetes;;
k127_246745	384	No terminal repeats	NA	1	11	0.8597	NA	1	1.7183	Viruses;Duplodnaviria;Heunggongvirae;Uroviricota;Caudoviricetes;;
k127_18740	552	No terminal repeats	NA	1	11	0.8595	NA	1	1.5004	Viruses;Duplodnaviria;Heunggongvirae;Uroviricota;Caudoviricetes;;
k127_404965	281	No terminal repeats	NA	1	11	0.8591	NA	1	1.1262	Viruses;Duplodnaviria;Heunggongvirae;Uroviricota;Caudoviricetes;;
k127_127334	309	No terminal repeats	NA	1	11	0.8591	NA	1	1.3224	Viruses;Duplodnaviria;Heunggongvirae;Uroviricota;Caudoviricetes;;
k127_260089	374	No terminal repeats	NA	1	11	0.8590	NA	1	1.0756	Viruses;Duplodnaviria;Heunggongvirae;Uroviricota;Caudoviricetes;;
k127_123972	309	No terminal repeats	NA	1	11	0.8586	NA	1	1.7183	Viruses;Duplodnaviria;Heunggongvirae;Uroviricota;Caudoviricetes;;
k127_193326	404	No terminal repeats	NA	1	11	0.8579	NA	1	1.2306	Viruses;Duplodnaviria;Heunggongvirae;Uroviricota;Caudoviricetes;;
k127_79375	354	No terminal repeats	NA	1	11	0.8574	NA	1	1.0656	Viruses;Duplodnaviria;Heunggongvirae;Uroviricota;Caudoviricetes;;
k127_351349	557	No terminal repeats	NA	1	11	0.8563	NA	1	1.1262	Viruses;Duplodnaviria;Heunggongvirae;Uroviricota;Caudoviricetes;;
k127_363162	342	No terminal repeats	NA	1	11	0.8561	NA	1	1.3363	Viruses;Duplodnaviria;Heunggongvirae;Uroviricota;Caudoviricetes;;
k127_139712	1413	No terminal repeats	NA	3	11	0.8547	NA	2	4.3893	Viruses;Duplodnaviria;Heunggongvirae;Uroviricota;Caudoviricetes;;
k127_339378	301	No terminal repeats	NA	1	11	0.8545	NA	1	1.4539	Viruses;Duplodnaviria;Heunggongvirae;Uroviricota;Caudoviricetes;;
k127_251392	349	No terminal repeats	NA	1	11	0.8538	NA	1	1.6735	Viruses;Duplodnaviria;Heunggongvirae;Uroviricota;Caudoviricetes;;
k127_34509	336	No terminal repeats	NA	1	11	0.8533	NA	1	1.3598	Viruses;Duplodnaviria;Heunggongvirae;Uroviricota;Caudoviricetes;;
k127_190249	507	No terminal repeats	NA	2	11	0.8527	NA	1	2.9663	Viruses;Duplodnaviria;Heunggongvirae;Uroviricota;Caudoviricetes;;
k127_363620	496	No terminal repeats	NA	1	11	0.8520	NA	1	1.7183	Viruses;Duplodnaviria;Heunggongvirae;Uroviricota;Caudoviricetes;;
k127_18962	667	No terminal repeats	NA	1	11	0.8520	NA	1	1.2306	Viruses;Duplodnaviria;Heunggongvirae;Uroviricota;Caudoviricetes;;
k127_84640	453	No terminal repeats	NA	2	11	0.8512	NA	1	1.7183	Viruses;Duplodnaviria;Heunggongvirae;Uroviricota;Caudoviricetes;;
k127_160669	337	No terminal repeats	NA	1	11	0.8507	NA	1	1.7159	Viruses;Duplodnaviria;Heunggongvirae;Uroviricota;Caudoviricetes;;
k127_23082	682	No terminal repeats	NA	2	11	0.8505	NA	1	1.4595	Viruses;Duplodnaviria;Heunggongvirae;Uroviricota;Caudoviricetes;;
k127_247809	564	No terminal repeats	NA	2	11	0.8493	NA	1	1.5838	Unclassified
k127_196201	459	No terminal repeats	NA	1	11	0.8488	NA	1	1.7183	Viruses;Duplodnaviria;Heunggongvirae;Uroviricota;Caudoviricetes;;
k127_173558	316	No terminal repeats	NA	1	11	0.8486	NA	1	1.7183	Viruses;Duplodnaviria;Heunggongvirae;Uroviricota;Caudoviricetes;;
k127_60587	328	No terminal repeats	NA	2	11	0.8480	NA	1	1.1262	Viruses;Duplodnaviria;Heunggongvirae;Uroviricota;Caudoviricetes;;
k127_114357	1168	No terminal repeats	NA	1	11	0.8475	NA	1	1.2306	Viruses;Duplodnaviria;Heunggongvirae;Uroviricota;Caudoviricetes;;
k127_50591	344	No terminal repeats	NA	1	11	0.8474	NA	1	1.4764	Viruses;Duplodnaviria;Heunggongvirae;Uroviricota;Caudoviricetes;;
k127_137215	1623	No terminal repeats	NA	3	11	0.8472	NA	2	2.4838	Viruses;Duplodnaviria;Heunggongvirae;Uroviricota;Caudoviricetes;;
k127_131646	457	No terminal repeats	NA	1	11	0.8471	NA	1	1.4749	Viruses;Duplodnaviria;Heunggongvirae;Uroviricota;Caudoviricetes;;
k127_197408	1477	No terminal repeats	NA	1	11	0.8464	NA	1	1.7183	Viruses;Riboviria;Orthornavirae;Pisuviricota;Stelpaviricetes;Stellavirales;Astroviridae
k127_356117	2915	No terminal repeats	NA	4	11	0.8462	NA	1	1.3420	Viruses;Duplodnaviria;Heunggongvirae;Uroviricota;Caudoviricetes;;
k127_28891	566	No terminal repeats	NA	1	11	0.8458	NA	1	1.2306	Viruses;Duplodnaviria;Heunggongvirae;Uroviricota;Caudoviricetes;;
k127_357937	400	No terminal repeats	NA	1	11	0.8454	NA	1	1.4880	Viruses;Duplodnaviria;Heunggongvirae;Uroviricota;Caudoviricetes;;
k127_209998	1643	No terminal repeats	NA	2	11	0.8450	NA	1	1.7070	Viruses;Duplodnaviria;Heunggongvirae;Uroviricota;Caudoviricetes;;
k127_179045	319	No terminal repeats	NA	1	11	0.8445	NA	1	1.7165	Viruses;Duplodnaviria;Heunggongvirae;Uroviricota;Caudoviricetes;;
k127_235046	498	No terminal repeats	NA	2	11	0.8428	NA	1	1.7183	Viruses;Duplodnaviria;Heunggongvirae;Uroviricota;Caudoviricetes;;
k127_421496	711	No terminal repeats	NA	1	11	0.8425	NA	1	1.7183	Viruses;Duplodnaviria;Heunggongvirae;Uroviricota;Caudoviricetes;;
k127_121387	303	No terminal repeats	NA	2	11	0.8416	NA	1	1.7183	Unclassified
k127_449820	1289	No terminal repeats	NA	3	11	0.8416	NA	1	2.8173	Viruses;Duplodnaviria;Heunggongvirae;Uroviricota;Caudoviricetes;;Drexlerviridae
k127_361066	657	No terminal repeats	NA	1	11	0.8412	NA	1	1.1795	Viruses;Duplodnaviria;Heunggongvirae;Uroviricota;Caudoviricetes;;
k127_55400	401	No terminal repeats	NA	1	11	0.8408	NA	1	1.2306	Viruses;Duplodnaviria;Heunggongvirae;Uroviricota;Caudoviricetes;;
k127_302209	586	No terminal repeats	NA	1	11	0.8401	NA	1	1.7183	Viruses;Duplodnaviria;Heunggongvirae;Uroviricota;Caudoviricetes;;Drexlerviridae
k127_89911	364	No terminal repeats	NA	1	11	0.8400	NA	1	1.2449	Viruses;Duplodnaviria;Heunggongvirae;Uroviricota;Caudoviricetes;;
k127_219491	356	No terminal repeats	NA	1	11	0.8400	NA	1	1.0784	Viruses;Duplodnaviria;Heunggongvirae;Uroviricota;Caudoviricetes;;
k127_398283	610	No terminal repeats	NA	2	11	0.8397	NA	1	1.7183	Viruses;Duplodnaviria;Heunggongvirae;Uroviricota;Caudoviricetes;;
k127_331816	704	No terminal repeats	NA	2	11	0.8395	NA	2	2.7272	Viruses;Duplodnaviria;Heunggongvirae;Uroviricota;Caudoviricetes;;
k127_261674	418	No terminal repeats	NA	1	11	0.8392	NA	1	1.4595	Viruses;Duplodnaviria;Heunggongvirae;Uroviricota;Caudoviricetes;;
k127_62356	739	No terminal repeats	NA	1	11	0.8362	NA	1	1.7183	Viruses;Duplodnaviria;Heunggongvirae;Uroviricota;Caudoviricetes;;
k127_197789	256	No terminal repeats	NA	2	11	0.8359	NA	1	1.1262	Viruses;Duplodnaviria;Heunggongvirae;Uroviricota;Caudoviricetes;;
k127_404113	520	No terminal repeats	NA	1	11	0.8351	NA	1	1.2306	Viruses;Duplodnaviria;Heunggongvirae;Uroviricota;Caudoviricetes;;
k127_355423	339	No terminal repeats	NA	1	11	0.8349	NA	1	1.0262	Viruses;Duplodnaviria;Heunggongvirae;Uroviricota;Caudoviricetes;;
k127_211866	612	No terminal repeats	NA	2	11	0.8349	NA	1	1.7183	Viruses;Duplodnaviria;Heunggongvirae;Uroviricota;Caudoviricetes;;
k127_379525	415	No terminal repeats	NA	1	11	0.8344	NA	1	1.6756	Viruses;Duplodnaviria;Heunggongvirae;Uroviricota;Caudoviricetes;;
k127_272702	328	No terminal repeats	NA	1	11	0.8329	NA	1	1.6742	Viruses;Duplodnaviria;Heunggongvirae;Uroviricota;Caudoviricetes;;
k127_435423	310	No terminal repeats	NA	1	11	0.8314	NA	1	1.2096	Viruses;Duplodnaviria;Heunggongvirae;Uroviricota;Caudoviricetes;;
k127_155215	744	No terminal repeats	NA	1	11	0.8310	NA	1	1.7183	Viruses;Duplodnaviria;Heunggongvirae;Uroviricota;Caudoviricetes;;Drexlerviridae
k127_354955	350	No terminal repeats	NA	1	11	0.8296	NA	1	1.7156	Viruses;Duplodnaviria;Heunggongvirae;Uroviricota;Caudoviricetes;;
k127_245571	388	No terminal repeats	NA	1	11	0.8288	NA	1	1.6491	Unclassified
k127_206931	1186	No terminal repeats	NA	1	11	0.8287	NA	1	1.7183	Viruses;Duplodnaviria;Heunggongvirae;Uroviricota;Caudoviricetes;;
k127_159281	548	No terminal repeats	NA	1	11	0.8285	NA	1	1.0784	Viruses;Duplodnaviria;Heunggongvirae;Uroviricota;Caudoviricetes;;
k127_391710	368	No terminal repeats	NA	1	11	0.8281	NA	1	1.1328	Viruses;Duplodnaviria;Heunggongvirae;Uroviricota;Caudoviricetes;;
k127_417319	825	No terminal repeats	NA	2	11	0.8278	NA	1	1.7183	Viruses;Duplodnaviria;Heunggongvirae;Uroviricota;Caudoviricetes;;
k127_59262	1311	No terminal repeats	NA	1	11	0.8273	NA	1	1.2306	Viruses;Duplodnaviria;Heunggongvirae;Uroviricota;Caudoviricetes;;
k127_141637	311	No terminal repeats	NA	1	11	0.8272	NA	1	1.3617	Viruses;Duplodnaviria;Heunggongvirae;Uroviricota;Caudoviricetes;;
k127_408339	462	No terminal repeats	NA	2	11	0.8254	NA	1	2.7375	Viruses;Duplodnaviria;Heunggongvirae;Uroviricota;Caudoviricetes;;
k127_263699	1012	No terminal repeats	NA	2	11	0.8245	NA	1	1.7183	Viruses;Duplodnaviria;Heunggongvirae;Uroviricota;Caudoviricetes;;
k127_123343	343	No terminal repeats	NA	1	11	0.8242	NA	1	1.4970	Viruses;Duplodnaviria;Heunggongvirae;Uroviricota;Caudoviricetes;;
k127_229129	508	No terminal repeats	NA	1	11	0.8225	NA	1	1.2094	Viruses;Duplodnaviria;Heunggongvirae;Uroviricota;Caudoviricetes;;
k127_262490	467	No terminal repeats	NA	1	11	0.8220	NA	1	1.4880	Viruses;Duplodnaviria;Heunggongvirae;Uroviricota;Caudoviricetes;;
k127_247300	475	No terminal repeats	NA	1	11	0.8219	NA	1	1.7183	Viruses;Duplodnaviria;Heunggongvirae;Uroviricota;Caudoviricetes;;
k127_48436	433	No terminal repeats	NA	1	11	0.8215	NA	1	1.2465	Viruses;Duplodnaviria;Heunggongvirae;Uroviricota;Caudoviricetes;;
k127_421251	688	No terminal repeats	NA	1	11	0.8213	NA	1	1.4749	Viruses;Duplodnaviria;Heunggongvirae;Uroviricota;Caudoviricetes;;
k127_94495	357	No terminal repeats	NA	2	11	0.8204	NA	1	1.0656	Viruses;Duplodnaviria;Heunggongvirae;Uroviricota;Caudoviricetes;;
k127_402553	558	No terminal repeats	NA	1	11	0.8204	NA	1	1.7183	Viruses;Duplodnaviria;Heunggongvirae;Uroviricota;Caudoviricetes;;
k127_122178	669	No terminal repeats	NA	1	11	0.8202	NA	1	1.4749	Viruses;Duplodnaviria;Heunggongvirae;Uroviricota;Caudoviricetes;;
k127_142600	622	No terminal repeats	NA	2	11	0.8194	NA	1	1.6947	Viruses;Duplodnaviria;Heunggongvirae;Uroviricota;Caudoviricetes;;
k127_167324	402	No terminal repeats	NA	1	11	0.8190	NA	1	1.2306	Viruses;Duplodnaviria;Heunggongvirae;Uroviricota;Caudoviricetes;;
k127_120331	469	No terminal repeats	NA	1	11	0.8181	NA	1	1.4119	Viruses;Duplodnaviria;Heunggongvirae;Uroviricota;Caudoviricetes;;
k127_104813	1105	No terminal repeats	NA	2	11	0.8179	NA	1	1.7183	Viruses;Duplodnaviria;Heunggongvirae;Uroviricota;Caudoviricetes;;Drexlerviridae
k127_108200	639	No terminal repeats	NA	1	11	0.8169	NA	1	1.7183	Viruses;Duplodnaviria;Heunggongvirae;Uroviricota;Caudoviricetes;;
k127_336461	492	No terminal repeats	NA	1	11	0.8169	NA	1	1.4764	Viruses;Duplodnaviria;Heunggongvirae;Uroviricota;Caudoviricetes;;
k127_127922	573	No terminal repeats	NA	1	11	0.8161	NA	1	1.4749	Viruses;Duplodnaviria;Heunggongvirae;Uroviricota;Caudoviricetes;;
k127_234269	610	No terminal repeats	NA	2	11	0.8149	NA	1	1.7183	Viruses;Duplodnaviria;Heunggongvirae;Uroviricota;Caudoviricetes;;
k127_315290	328	No terminal repeats	NA	1	11	0.8143	NA	1	1.4880	Viruses;Duplodnaviria;Heunggongvirae;Uroviricota;Caudoviricetes;;
k127_359432	871	No terminal repeats	NA	1	11	0.8141	NA	1	1.7183	Viruses;Duplodnaviria;Heunggongvirae;Uroviricota;Caudoviricetes;;
k127_162053	1837	No terminal repeats	NA	4	11	0.8138	NA	1	2.4225	Viruses;Duplodnaviria;Heunggongvirae;Uroviricota;Caudoviricetes;;
k127_59456	360	No terminal repeats	NA	1	11	0.8138	NA	1	1.7183	Viruses;Duplodnaviria;Heunggongvirae;Uroviricota;Caudoviricetes;;
k127_445738	551	No terminal repeats	NA	1	11	0.8136	NA	1	1.2306	Viruses;Duplodnaviria;Heunggongvirae;Uroviricota;Caudoviricetes;;
k127_418281	675	No terminal repeats	NA	1	11	0.8133	NA	1	1.3494	Viruses;Duplodnaviria;Heunggongvirae;Uroviricota;Caudoviricetes;;
k127_60173	444	No terminal repeats	NA	2	11	0.8130	NA	1	1.9400	Viruses;Duplodnaviria;Heunggongvirae;Uroviricota;Caudoviricetes;;
k127_16299	546	No terminal repeats	NA	1	11	0.8123	NA	1	1.7183	Viruses;Duplodnaviria;Heunggongvirae;Uroviricota;Caudoviricetes;;
k127_454945	394	No terminal repeats	NA	1	11	0.8119	NA	1	1.7161	Viruses;Duplodnaviria;Heunggongvirae;Uroviricota;Caudoviricetes;;
k127_329909	732	No terminal repeats	NA	1	11	0.8119	NA	1	1.4749	Viruses;Duplodnaviria;Heunggongvirae;Uroviricota;Caudoviricetes;;
k127_79614	435	No terminal repeats	NA	1	11	0.8114	NA	1	1.2306	Viruses;Duplodnaviria;Heunggongvirae;Uroviricota;Caudoviricetes;;
k127_85138	425	No terminal repeats	NA	1	11	0.8113	NA	1	1.3816	Viruses;Duplodnaviria;Heunggongvirae;Uroviricota;Caudoviricetes;;
k127_206019	540	No terminal repeats	NA	2	11	0.8112	NA	1	1.5310	Viruses;Duplodnaviria;Heunggongvirae;Uroviricota;Caudoviricetes;;
k127_145996	496	No terminal repeats	NA	2	11	0.8076	NA	1	3.1077	Viruses;Duplodnaviria;Heunggongvirae;Uroviricota;Caudoviricetes;;
k127_244387	366	No terminal repeats	NA	1	11	0.8060	NA	1	1.3996	Viruses;Duplodnaviria;Heunggongvirae;Uroviricota;Caudoviricetes;;
k127_422850	370	No terminal repeats	NA	1	11	0.8059	NA	1	1.0939	Viruses;Duplodnaviria;Heunggongvirae;Uroviricota;Caudoviricetes;;
k127_31093	350	No terminal repeats	NA	1	11	0.8047	NA	1	1.6623	Viruses;Duplodnaviria;Heunggongvirae;Uroviricota;Caudoviricetes;;
k127_321986	452	No terminal repeats	NA	1	11	0.8045	NA	1	0.9531	Viruses;Duplodnaviria;Heunggongvirae;Uroviricota;Caudoviricetes;;
k127_216786	350	No terminal repeats	NA	1	11	0.8035	NA	1	1.0320	Viruses;Duplodnaviria;Heunggongvirae;Uroviricota;Caudoviricetes;;
k127_354633	702	No terminal repeats	NA	1	11	0.8024	NA	1	1.7183	Viruses;Duplodnaviria;Heunggongvirae;Uroviricota;Caudoviricetes;;
k127_129940	515	No terminal repeats	NA	1	11	0.8011	NA	1	1.7066	Viruses;Duplodnaviria;Heunggongvirae;Uroviricota;Caudoviricetes;;
k127_25631	1453	No terminal repeats	NA	1	11	0.8009	NA	1	1.7183	Viruses;Duplodnaviria;Heunggongvirae;Uroviricota;Caudoviricetes;;
k127_413971	834	No terminal repeats	NA	1	11	0.7995	NA	1	0.9531	Viruses;Duplodnaviria;Heunggongvirae;Uroviricota;Caudoviricetes;;
k127_136141	391	No terminal repeats	NA	2	11	0.7984	NA	1	1.6774	Viruses;Duplodnaviria;Heunggongvirae;Uroviricota;Caudoviricetes;;
k127_250015	420	No terminal repeats	NA	2	11	0.7976	NA	1	1.7183	Viruses;Duplodnaviria;Heunggongvirae;Uroviricota;Caudoviricetes;;
k127_169156	1515	No terminal repeats	NA	2	11	0.7975	NA	1	1.7183	Viruses;Riboviria;Orthornavirae;Pisuviricota;Duplopiviricetes;Durnavirales;Partitiviridae
k127_8159	496	No terminal repeats	NA	1	11	0.7973	NA	1	1.5290	Viruses;Duplodnaviria;Heunggongvirae;Uroviricota;Caudoviricetes;;
k127_32145	1466	No terminal repeats	NA	2	11	0.7966	NA	1	1.7183	Viruses;Duplodnaviria;Heunggongvirae;Uroviricota;Caudoviricetes;;
k127_67347	1570	No terminal repeats	NA	3	11	0.7942	NA	1	4.3945	Viruses;Duplodnaviria;Heunggongvirae;Uroviricota;Caudoviricetes;;
k127_194113	1016	No terminal repeats	NA	3	11	0.7936	NA	1	1.7183	Viruses;Duplodnaviria;Heunggongvirae;Uroviricota;Caudoviricetes;;
k127_87021	361	No terminal repeats	NA	1	11	0.7933	NA	1	1.1795	Viruses;Duplodnaviria;Heunggongvirae;Uroviricota;Caudoviricetes;;
k127_387338	1342	No terminal repeats	NA	1	11	0.7913	NA	1	1.7183	Viruses;Duplodnaviria;Heunggongvirae;Uroviricota;Caudoviricetes;;
k127_91263	799	No terminal repeats	NA	2	11	0.7911	NA	1	1.4880	Viruses;Duplodnaviria;Heunggongvirae;Uroviricota;Caudoviricetes;;
k127_161287	671	No terminal repeats	NA	1	11	0.7911	NA	1	1.2306	Viruses;Duplodnaviria;Heunggongvirae;Uroviricota;Caudoviricetes;;
k127_286276	317	No terminal repeats	NA	1	11	0.7909	NA	1	1.6474	Viruses;Duplodnaviria;Heunggongvirae;Uroviricota;Caudoviricetes;;
k127_290168	633	No terminal repeats	NA	1	11	0.7896	NA	1	1.3142	Viruses;Duplodnaviria;Heunggongvirae;Uroviricota;Caudoviricetes;;
k127_206435	309	No terminal repeats	NA	1	11	0.7881	NA	1	1.6774	Viruses;Duplodnaviria;Heunggongvirae;Uroviricota;Caudoviricetes;;
k127_347687	455	No terminal repeats	NA	2	11	0.7880	NA	1	1.4000	Viruses;Duplodnaviria;Heunggongvirae;Uroviricota;Caudoviricetes;;
k127_300313	668	No terminal repeats	NA	1	11	0.7873	NA	1	1.7183	Viruses;Duplodnaviria;Heunggongvirae;Uroviricota;Caudoviricetes;;Drexlerviridae
k127_187816	362	No terminal repeats	NA	1	11	0.7868	NA	1	1.0834	Viruses;Duplodnaviria;Heunggongvirae;Uroviricota;Caudoviricetes;;
k127_191296	329	No terminal repeats	NA	1	11	0.7864	NA	1	1.7161	Viruses;Duplodnaviria;Heunggongvirae;Uroviricota;Caudoviricetes;;
k127_56567	303	No terminal repeats	NA	1	11	0.7861	NA	1	1.6267	Unclassified
k127_88803	998	No terminal repeats	NA	1	11	0.7846	NA	1	1.7183	Viruses;Duplodnaviria;Heunggongvirae;Uroviricota;Caudoviricetes;;
k127_126781	404	No terminal repeats	NA	1	11	0.7840	NA	1	1.7097	Viruses;Duplodnaviria;Heunggongvirae;Uroviricota;Caudoviricetes;;
k127_380236	849	No terminal repeats	NA	2	11	0.7840	NA	1	1.7183	Viruses;Duplodnaviria;Heunggongvirae;Uroviricota;Caudoviricetes;;
k127_242002	388	No terminal repeats	NA	1	11	0.7838	NA	1	1.2802	Viruses;Duplodnaviria;Heunggongvirae;Uroviricota;Caudoviricetes;;
k127_324283	378	No terminal repeats	NA	1	11	0.7838	NA	1	1.6746	Viruses;Duplodnaviria;Heunggongvirae;Uroviricota;Caudoviricetes;;
k127_84824	539	No terminal repeats	NA	1	11	0.7836	NA	1	1.7183	Viruses;Duplodnaviria;Heunggongvirae;Uroviricota;Caudoviricetes;;
k127_409248	561	No terminal repeats	NA	1	11	0.7836	NA	1	1.3550	Viruses;Duplodnaviria;Heunggongvirae;Uroviricota;Caudoviricetes;;
k127_21082	446	No terminal repeats	NA	2	11	0.7827	NA	1	1.7183	Viruses;Duplodnaviria;Heunggongvirae;Uroviricota;Caudoviricetes;;
k127_151477	341	No terminal repeats	NA	1	11	0.7826	NA	1	0.9355	Viruses;Duplodnaviria;Heunggongvirae;Uroviricota;Caudoviricetes;;
k127_223102	321	No terminal repeats	NA	1	11	0.7817	NA	1	1.7120	Viruses;Duplodnaviria;Heunggongvirae;Uroviricota;Caudoviricetes;;
k127_257974	5132	No terminal repeats	NA	8	11	0.7812	NA	1	6.0445	Viruses;Duplodnaviria;Heunggongvirae;Uroviricota;Caudoviricetes;;
k127_2223	712	No terminal repeats	NA	1	11	0.7810	NA	1	1.4749	Viruses;Duplodnaviria;Heunggongvirae;Uroviricota;Caudoviricetes;;
k127_332566	864	No terminal repeats	NA	1	11	0.7804	NA	1	1.7183	Viruses;Duplodnaviria;Heunggongvirae;Uroviricota;Caudoviricetes;;
k127_282746	594	No terminal repeats	NA	1	11	0.7799	NA	1	1.6773	Viruses;Duplodnaviria;Heunggongvirae;Uroviricota;Caudoviricetes;;
k127_357446	354	No terminal repeats	NA	1	11	0.7768	NA	1	1.5136	Viruses;Duplodnaviria;Heunggongvirae;Uroviricota;Caudoviricetes;;
k127_213428	763	No terminal repeats	NA	1	11	0.7754	NA	1	1.7183	Viruses;Duplodnaviria;Heunggongvirae;Uroviricota;Caudoviricetes;;
k127_27104	953	No terminal repeats	NA	3	11	0.7749	NA	1	1.4283	Viruses;Duplodnaviria;Heunggongvirae;Uroviricota;Caudoviricetes;;
k127_78612	596	No terminal repeats	NA	1	11	0.7749	NA	1	1.2306	Viruses;Duplodnaviria;Heunggongvirae;Uroviricota;Caudoviricetes;;
k127_379521	460	No terminal repeats	NA	1	11	0.7738	NA	1	1.2306	Viruses;Duplodnaviria;Heunggongvirae;Uroviricota;Caudoviricetes;;
k127_299332	923	No terminal repeats	NA	2	11	0.7730	NA	1	1.2306	Viruses;Duplodnaviria;Heunggongvirae;Uroviricota;Caudoviricetes;;
k127_110303	580	No terminal repeats	NA	2	11	0.7725	NA	1	1.0419	Viruses;Duplodnaviria;Heunggongvirae;Uroviricota;Caudoviricetes;;
k127_275351	1271	No terminal repeats	NA	2	11	0.7722	NA	1	1.7183	Viruses;Duplodnaviria;Heunggongvirae;Uroviricota;Caudoviricetes;;
k127_93718	1004	No terminal repeats	NA	2	11	0.7714	NA	1	1.7183	Viruses;Duplodnaviria;Heunggongvirae;Uroviricota;Caudoviricetes;;
k127_71254	401	No terminal repeats	NA	1	11	0.7708	NA	1	1.2676	Viruses;Duplodnaviria;Heunggongvirae;Uroviricota;Caudoviricetes;;
k127_133900	391	No terminal repeats	NA	2	11	0.7708	NA	1	1.4802	Viruses;Duplodnaviria;Heunggongvirae;Uroviricota;Caudoviricetes;;
k127_287467	825	No terminal repeats	NA	2	11	0.7684	NA	2	2.5987	Viruses;Duplodnaviria;Heunggongvirae;Uroviricota;Caudoviricetes;;
k127_222949	777	No terminal repeats	NA	2	11	0.7682	NA	1	1.7183	Viruses;Duplodnaviria;Heunggongvirae;Uroviricota;Caudoviricetes;;
k127_308732	364	No terminal repeats	NA	2	11	0.7669	NA	1	1.6674	Viruses;Duplodnaviria;Heunggongvirae;Uroviricota;Caudoviricetes;;
k127_134536	1717	No terminal repeats	NA	1	11	0.7663	NA	1	1.7183	Unclassified
k127_214736	427	No terminal repeats	NA	2	11	0.7661	NA	1	1.4597	Viruses;Duplodnaviria;Heunggongvirae;Uroviricota;Caudoviricetes;;
k127_442634	344	No terminal repeats	NA	1	11	0.7655	NA	1	1.4880	Viruses;Duplodnaviria;Heunggongvirae;Uroviricota;Caudoviricetes;;
k127_167320	497	No terminal repeats	NA	1	11	0.7643	NA	1	1.2306	Viruses;Duplodnaviria;Heunggongvirae;Uroviricota;Caudoviricetes;;
k127_221570	314	No terminal repeats	NA	1	11	0.7632	NA	1	1.3933	Unclassified
k127_345305	378	No terminal repeats	NA	1	11	0.7631	NA	1	1.1795	Viruses;Duplodnaviria;Heunggongvirae;Uroviricota;Caudoviricetes;;
k127_145358	791	No terminal repeats	NA	2	11	0.7611	NA	1	1.4519	Viruses;Duplodnaviria;Heunggongvirae;Uroviricota;Caudoviricetes;;
k127_176492	360	No terminal repeats	NA	1	11	0.7610	NA	1	1.1795	Viruses;Duplodnaviria;Heunggongvirae;Uroviricota;Caudoviricetes;;
k127_413616	395	No terminal repeats	NA	1	11	0.7607	NA	1	1.3070	Viruses;Duplodnaviria;Heunggongvirae;Uroviricota;Caudoviricetes;;
k127_60537	406	No terminal repeats	NA	1	11	0.7603	NA	1	1.7160	Viruses;Duplodnaviria;Heunggongvirae;Uroviricota;Caudoviricetes;;
k127_26576	925	No terminal repeats	NA	1	11	0.7600	NA	1	1.7183	Viruses;Duplodnaviria;Heunggongvirae;Uroviricota;Caudoviricetes;;
k127_128229	416	No terminal repeats	NA	1	11	0.7588	NA	1	1.1795	Viruses;Duplodnaviria;Heunggongvirae;Uroviricota;Caudoviricetes;;
k127_51647	961	No terminal repeats	NA	1	11	0.7585	NA	1	1.2306	Viruses;Duplodnaviria;Heunggongvirae;Uroviricota;Caudoviricetes;;
k127_83773	447	No terminal repeats	NA	1	11	0.7575	NA	1	1.1328	Viruses;Duplodnaviria;Heunggongvirae;Uroviricota;Caudoviricetes;;
k127_167234	684	No terminal repeats	NA	1	11	0.7567	NA	1	1.7183	Viruses;Duplodnaviria;Heunggongvirae;Uroviricota;Caudoviricetes;;
k127_83226	326	No terminal repeats	NA	1	11	0.7561	NA	1	1.1579	Viruses;Duplodnaviria;Heunggongvirae;Uroviricota;Caudoviricetes;;
k127_347062	377	No terminal repeats	NA	1	11	0.7558	NA	1	1.2657	Viruses;Duplodnaviria;Heunggongvirae;Uroviricota;Caudoviricetes;;
k127_365367	1046	No terminal repeats	NA	2	11	0.7545	NA	1	1.7183	Viruses;Duplodnaviria;Heunggongvirae;Uroviricota;Caudoviricetes;;
k127_404823	895	No terminal repeats	NA	1	11	0.7533	NA	1	1.7136	Viruses;Duplodnaviria;Heunggongvirae;Uroviricota;Caudoviricetes;;
k127_186672	411	No terminal repeats	NA	1	11	0.7532	NA	1	1.7173	Viruses;Duplodnaviria;Heunggongvirae;Uroviricota;Caudoviricetes;;
k127_238684	446	No terminal repeats	NA	2	11	0.7509	NA	1	1.4880	Viruses;Duplodnaviria;Heunggongvirae;Uroviricota;Caudoviricetes;;
k127_211550	304	No terminal repeats	NA	1	11	0.7508	NA	1	1.4886	Viruses;Duplodnaviria;Heunggongvirae;Uroviricota;Caudoviricetes;;
k127_214226	370	No terminal repeats	NA	1	11	0.7495	NA	1	1.2087	Viruses;Duplodnaviria;Heunggongvirae;Uroviricota;Caudoviricetes;;
k127_160961	428	No terminal repeats	NA	1	11	0.7459	NA	1	1.5484	Viruses;Duplodnaviria;Heunggongvirae;Uroviricota;Caudoviricetes;;
k127_28961	488	No terminal repeats	NA	1	11	0.7456	NA	1	1.7183	Viruses;Duplodnaviria;Heunggongvirae;Uroviricota;Caudoviricetes;;
k127_80070	912	No terminal repeats	NA	2	11	0.7444	NA	1	1.3653	Viruses;Duplodnaviria;Heunggongvirae;Uroviricota;Caudoviricetes;;
k127_115044	472	No terminal repeats	NA	1	11	0.7444	NA	1	1.7170	Viruses;Duplodnaviria;Heunggongvirae;Uroviricota;Caudoviricetes;;
k127_123893	352	No terminal repeats	NA	2	11	0.7429	NA	1	1.6774	Viruses;Duplodnaviria;Heunggongvirae;Uroviricota;Caudoviricetes;;
k127_454450	450	No terminal repeats	NA	2	11	0.7414	NA	1	1.4506	Viruses;Duplodnaviria;Heunggongvirae;Uroviricota;Caudoviricetes;;
k127_177928	568	No terminal repeats	NA	2	11	0.7385	NA	1	1.7183	Viruses;Duplodnaviria;Heunggongvirae;Uroviricota;Caudoviricetes;;
k127_4408	307	No terminal repeats	NA	1	11	0.7375	NA	1	1.3345	Viruses;Duplodnaviria;Heunggongvirae;Uroviricota;Caudoviricetes;;
k127_254603	362	No terminal repeats	NA	1	11	0.7358	NA	1	1.7161	Viruses;Duplodnaviria;Heunggongvirae;Uroviricota;Caudoviricetes;;
k127_417800	826	No terminal repeats	NA	2	11	0.7354	NA	1	0.9531	Viruses;Duplodnaviria;Heunggongvirae;Uroviricota;Caudoviricetes;;
k127_162958	754	No terminal repeats	NA	1	11	0.7346	NA	1	1.4880	Viruses;Duplodnaviria;Heunggongvirae;Uroviricota;Caudoviricetes;;
k127_210458	996	No terminal repeats	NA	3	11	0.7341	NA	1	1.7062	Viruses;Duplodnaviria;Heunggongvirae;Uroviricota;Caudoviricetes;;
k127_163624	478	No terminal repeats	NA	1	11	0.7335	NA	1	1.2306	Viruses;Duplodnaviria;Heunggongvirae;Uroviricota;Caudoviricetes;;
k127_324260	325	No terminal repeats	NA	1	11	0.7328	NA	1	1.6774	Viruses;Duplodnaviria;Heunggongvirae;Uroviricota;Caudoviricetes;;
k127_308138	477	No terminal repeats	NA	1	11	0.7320	NA	1	1.3639	Viruses;Duplodnaviria;Heunggongvirae;Uroviricota;Caudoviricetes;;
k127_27458	308	No terminal repeats	NA	1	11	0.7307	NA	1	1.7106	Viruses;Duplodnaviria;Heunggongvirae;Uroviricota;Caudoviricetes;;
k127_387194	493	No terminal repeats	NA	1	11	0.7295	NA	1	1.2306	Viruses;Duplodnaviria;Heunggongvirae;Uroviricota;Caudoviricetes;;
k127_246344	886	No terminal repeats	NA	1	11	0.7295	NA	1	1.7183	Unclassified
k127_101063	336	No terminal repeats	NA	1	11	0.7288	NA	1	1.7160	Viruses;Duplodnaviria;Heunggongvirae;Uroviricota;Caudoviricetes;;
k127_269935	973	No terminal repeats	NA	1	11	0.7265	NA	1	1.7183	Viruses;Duplodnaviria;Heunggongvirae;Uroviricota;Caudoviricetes;;Drexlerviridae
k127_414587	359	No terminal repeats	NA	1	11	0.7259	NA	1	1.7055	Viruses;Duplodnaviria;Heunggongvirae;Uroviricota;Caudoviricetes;;Autographiviridae
k127_100748	475	No terminal repeats	NA	1	11	0.7251	NA	1	1.2927	Viruses;Duplodnaviria;Heunggongvirae;Uroviricota;Caudoviricetes;;
k127_447055	423	No terminal repeats	NA	1	11	0.7244	NA	1	1.1808	Viruses;Duplodnaviria;Heunggongvirae;Uroviricota;Caudoviricetes;;
k127_11696	2398	No terminal repeats	NA	2	11	0.7222	NA	1	1.7183	Viruses;Riboviria;Orthornavirae;Pisuviricota;Duplopiviricetes;Durnavirales;Partitiviridae
k127_227237	382	No terminal repeats	NA	1	11	0.7203	NA	1	1.4351	Viruses;Duplodnaviria;Heunggongvirae;Uroviricota;Caudoviricetes;;
k127_100819	301	No terminal repeats	NA	1	11	0.7182	NA	1	1.7133	Viruses;Duplodnaviria;Heunggongvirae;Uroviricota;Caudoviricetes;;
k127_207618	380	No terminal repeats	NA	1	11	0.7178	NA	1	1.3595	Viruses;Duplodnaviria;Heunggongvirae;Uroviricota;Caudoviricetes;;
k127_100029	316	No terminal repeats	NA	1	11	0.7160	NA	1	1.7055	Viruses;Duplodnaviria;Heunggongvirae;Uroviricota;Caudoviricetes;;Autographiviridae
k127_422588	491	No terminal repeats	NA	1	11	0.7133	NA	1	1.7161	Viruses;Duplodnaviria;Heunggongvirae;Uroviricota;Caudoviricetes;;
k127_10787	351	No terminal repeats	NA	1	11	0.7130	NA	1	1.6924	Viruses;Duplodnaviria;Heunggongvirae;Uroviricota;Caudoviricetes;;
k127_214026	345	No terminal repeats	NA	1	11	0.7128	NA	1	1.6947	Viruses;Duplodnaviria;Heunggongvirae;Uroviricota;Caudoviricetes;;
k127_272470	456	No terminal repeats	NA	1	11	0.7079	NA	1	1.6407	Viruses;Duplodnaviria;Heunggongvirae;Uroviricota;Caudoviricetes;;
k127_141544	319	No terminal repeats	NA	1	11	0.7059	NA	1	1.6774	Viruses;Duplodnaviria;Heunggongvirae;Uroviricota;Caudoviricetes;;
k127_293785	394	No terminal repeats	NA	1	11	0.7048	NA	1	1.6416	Viruses;Duplodnaviria;Heunggongvirae;Uroviricota;Caudoviricetes;;
k127_45801	682	No terminal repeats	NA	1	11	0.7039	NA	1	1.3483	Unclassified
k127_163619	586	No terminal repeats	NA	2	11	0.7018	NA	1	1.2306	Viruses;Duplodnaviria;Heunggongvirae;Uroviricota;Caudoviricetes;;
k127_436427	475	No terminal repeats	NA	1	11	0.7007	NA	1	1.6774	Viruses;Duplodnaviria;Heunggongvirae;Uroviricota;Caudoviricetes;;
k127_194787	1112	No terminal repeats	NA	2	11	0.7005	NA	1	1.7183	Viruses;Duplodnaviria;Heunggongvirae;Uroviricota;Caudoviricetes;;
k127_438662	344	No terminal repeats	NA	1	11	0.7004	NA	1	1.4720	Unclassified
