seq_name	length	topology	coordinates	n_genes	genetic_code	virus_score	fdr	n_hallmarks	marker_enrichment	taxonomy
k127_35644	8263	No terminal repeats	NA	11	11	0.9800	NA	4	11.5993	Viruses;Duplodnaviria;Heunggongvirae;Uroviricota;Caudoviricetes;;
k127_375435	1293	No terminal repeats	NA	2	11	0.9773	NA	1	2.6621	Viruses;Duplodnaviria;Heunggongvirae;Uroviricota;Caudoviricetes;;
k127_281390	3384	No terminal repeats	NA	5	11	0.9763	NA	1	5.1548	Viruses;Duplodnaviria;Heunggongvirae;Uroviricota;Caudoviricetes;;
k127_178497	965	No terminal repeats	NA	1	11	0.9716	NA	1	1.7183	Viruses;Duplodnaviria;Heunggongvirae;Uroviricota;Caudoviricetes;;
k127_615263	501	No terminal repeats	NA	1	11	0.9705	NA	1	1.7183	Viruses;Duplodnaviria;Heunggongvirae;Uroviricota;Caudoviricetes;;
k127_432436	429	No terminal repeats	NA	1	11	0.9685	NA	1	1.4595	Viruses;Duplodnaviria;Heunggongvirae;Uroviricota;Caudoviricetes;;
k127_514929	570	No terminal repeats	NA	1	11	0.9673	NA	1	1.4595	Viruses;Duplodnaviria;Heunggongvirae;Uroviricota;Caudoviricetes;;
k127_527798	382	No terminal repeats	NA	1	11	0.9656	NA	1	1.4698	Viruses;Duplodnaviria;Heunggongvirae;Uroviricota;Caudoviricetes;;
k127_561692	4389	No terminal repeats	NA	6	11	0.9649	NA	3	6.8447	Viruses;Duplodnaviria;Heunggongvirae;Uroviricota;Caudoviricetes;;
k127_677925	437	No terminal repeats	NA	1	11	0.9645	NA	1	1.7183	Viruses;Duplodnaviria;Heunggongvirae;Uroviricota;Caudoviricetes;;
k127_142577	414	No terminal repeats	NA	1	11	0.9628	NA	1	1.4595	Viruses;Duplodnaviria;Heunggongvirae;Uroviricota;Caudoviricetes;;
k127_104504	415	No terminal repeats	NA	1	11	0.9627	NA	1	1.7183	Viruses;Duplodnaviria;Heunggongvirae;Uroviricota;Caudoviricetes;;
k127_19802	520	No terminal repeats	NA	2	11	0.9625	NA	2	2.9560	Viruses;Duplodnaviria;Heunggongvirae;Uroviricota;Caudoviricetes;;
k127_440412	474	No terminal repeats	NA	1	11	0.9621	NA	1	1.4698	Viruses;Duplodnaviria;Heunggongvirae;Uroviricota;Caudoviricetes;;
k127_632648	383	No terminal repeats	NA	1	11	0.9610	NA	1	1.7183	Unclassified
k127_518042	324	No terminal repeats	NA	1	11	0.9598	NA	1	1.4595	Viruses;Duplodnaviria;Heunggongvirae;Uroviricota;Caudoviricetes;;
k127_208062	343	No terminal repeats	NA	1	11	0.9584	NA	1	1.4698	Viruses;Duplodnaviria;Heunggongvirae;Uroviricota;Caudoviricetes;;
k127_320900	544	No terminal repeats	NA	2	11	0.9583	NA	1	1.4698	Viruses;Duplodnaviria;Heunggongvirae;Uroviricota;Caudoviricetes;;
k127_14152	2410	No terminal repeats	NA	4	11	0.9573	NA	1	3.0390	Viruses;Duplodnaviria;Heunggongvirae;Uroviricota;Caudoviricetes;;
k127_277313	617	No terminal repeats	NA	1	11	0.9565	NA	1	1.4595	Viruses;Duplodnaviria;Heunggongvirae;Uroviricota;Caudoviricetes;;
k127_70385	397	No terminal repeats	NA	1	11	0.9563	NA	1	1.7183	Viruses;Duplodnaviria;Heunggongvirae;Uroviricota;Caudoviricetes;;
k127_644909	480	No terminal repeats	NA	1	11	0.9561	NA	1	1.7183	Viruses;Duplodnaviria;Heunggongvirae;Uroviricota;Caudoviricetes;;
k127_659580	375	No terminal repeats	NA	1	11	0.9561	NA	1	1.7183	Viruses;Duplodnaviria;Heunggongvirae;Uroviricota;Caudoviricetes;;
k127_625104	460	No terminal repeats	NA	1	11	0.9557	NA	1	1.7183	Viruses;Duplodnaviria;Heunggongvirae;Uroviricota;Caudoviricetes;;
k127_407891	505	No terminal repeats	NA	1	11	0.9543	NA	1	1.7183	Viruses;Duplodnaviria;Heunggongvirae;Uroviricota;Caudoviricetes;;
k127_364774	327	No terminal repeats	NA	1	11	0.9524	NA	1	1.7183	Viruses;Duplodnaviria;Heunggongvirae;Uroviricota;Caudoviricetes;;
k127_106833	463	No terminal repeats	NA	1	11	0.9521	NA	1	1.7183	Viruses;Duplodnaviria;Heunggongvirae;Uroviricota;Caudoviricetes;;
k127_523496	509	No terminal repeats	NA	1	11	0.9520	NA	1	1.7183	Viruses;Duplodnaviria;Heunggongvirae;Uroviricota;Caudoviricetes;;Drexlerviridae
k127_138665	333	No terminal repeats	NA	1	11	0.9518	NA	1	1.4595	Viruses;Duplodnaviria;Heunggongvirae;Uroviricota;Caudoviricetes;;
k127_638607	625	No terminal repeats	NA	1	11	0.9507	NA	1	1.7183	Viruses;Duplodnaviria;Heunggongvirae;Uroviricota;Caudoviricetes;;
k127_293155	323	No terminal repeats	NA	1	11	0.9505	NA	1	1.4595	Viruses;Duplodnaviria;Heunggongvirae;Uroviricota;Caudoviricetes;;
k127_703722	410	No terminal repeats	NA	1	11	0.9502	NA	1	1.7183	Viruses;Duplodnaviria;Heunggongvirae;Uroviricota;Caudoviricetes;;
k127_159301	935	No terminal repeats	NA	2	11	0.9501	NA	1	3.0620	Viruses;Duplodnaviria;Heunggongvirae;Uroviricota;Caudoviricetes;;Herelleviridae
k127_254154	308	No terminal repeats	NA	1	11	0.9496	NA	1	1.7183	Viruses;Duplodnaviria;Heunggongvirae;Uroviricota;Caudoviricetes;;
k127_244016	303	No terminal repeats	NA	1	11	0.9495	NA	1	1.7183	Viruses;Duplodnaviria;Heunggongvirae;Uroviricota;Caudoviricetes;;
k127_230388	302	No terminal repeats	NA	1	11	0.9483	NA	1	1.4595	Viruses;Duplodnaviria;Heunggongvirae;Uroviricota;Caudoviricetes;;
k127_237524	412	No terminal repeats	NA	1	11	0.9479	NA	1	1.7183	Viruses;Duplodnaviria;Heunggongvirae;Uroviricota;Caudoviricetes;;
k127_18453	720	No terminal repeats	NA	1	11	0.9471	NA	1	1.7183	Viruses;Duplodnaviria;Heunggongvirae;Uroviricota;Caudoviricetes;;
k127_206958	321	No terminal repeats	NA	1	11	0.9466	NA	1	1.7183	Viruses;Duplodnaviria;Heunggongvirae;Uroviricota;Caudoviricetes;;
k127_662366	316	No terminal repeats	NA	1	11	0.9465	NA	1	1.4595	Viruses;Duplodnaviria;Heunggongvirae;Uroviricota;Caudoviricetes;;
k127_148204	327	No terminal repeats	NA	1	11	0.9459	NA	1	1.4840	Unclassified
k127_253728	325	No terminal repeats	NA	1	11	0.9458	NA	1	1.6317	Viruses;Duplodnaviria;Heunggongvirae;Uroviricota;Caudoviricetes;;
k127_605137	398	No terminal repeats	NA	1	11	0.9454	NA	1	1.7183	Viruses;Duplodnaviria;Heunggongvirae;Uroviricota;Caudoviricetes;;
k127_117033	401	No terminal repeats	NA	1	11	0.9450	NA	1	1.7183	Viruses;Duplodnaviria;Heunggongvirae;Uroviricota;Caudoviricetes;;
k127_307684	1412	No terminal repeats	NA	2	11	0.9444	NA	1	3.0620	Viruses;Duplodnaviria;Heunggongvirae;Uroviricota;Caudoviricetes;;Herelleviridae
k127_563289	845	No terminal repeats	NA	1	11	0.9438	NA	1	1.7183	Viruses;Duplodnaviria;Heunggongvirae;Uroviricota;Caudoviricetes;;
k127_633976	383	No terminal repeats	NA	1	11	0.9435	NA	1	1.7183	Viruses;Duplodnaviria;Heunggongvirae;Uroviricota;Caudoviricetes;;
k127_686725	1125	No terminal repeats	NA	1	11	0.9435	NA	1	1.7183	Viruses;Riboviria;Orthornavirae;Pisuviricota;Duplopiviricetes;Durnavirales;Partitiviridae
k127_638182	449	No terminal repeats	NA	2	11	0.9434	NA	1	1.7183	Viruses;Duplodnaviria;Heunggongvirae;Uroviricota;Caudoviricetes;;Herelleviridae
k127_606891	347	No terminal repeats	NA	1	11	0.9431	NA	1	1.5961	Unclassified
k127_349633	355	No terminal repeats	NA	1	11	0.9426	NA	1	1.3697	Viruses;Duplodnaviria;Heunggongvirae;Uroviricota;Caudoviricetes;;
k127_14059	1096	No terminal repeats	NA	2	11	0.9414	NA	1	1.7159	Viruses;Duplodnaviria;Heunggongvirae;Uroviricota;Caudoviricetes;;
k127_207544	302	No terminal repeats	NA	1	11	0.9400	NA	1	1.3050	Viruses;Duplodnaviria;Heunggongvirae;Uroviricota;Caudoviricetes;;
k127_419478	320	No terminal repeats	NA	1	11	0.9400	NA	1	1.2857	Viruses;Duplodnaviria;Heunggongvirae;Uroviricota;Caudoviricetes;;
k127_124644	432	No terminal repeats	NA	2	11	0.9392	NA	1	1.7183	Viruses;Duplodnaviria;Heunggongvirae;Uroviricota;Caudoviricetes;;Herelleviridae
k127_634834	718	No terminal repeats	NA	1	11	0.9382	NA	1	1.7183	Viruses;Riboviria;Orthornavirae;Pisuviricota;Duplopiviricetes;Durnavirales;Partitiviridae
k127_154027	640	No terminal repeats	NA	1	11	0.9379	NA	1	1.7183	Viruses;Duplodnaviria;Heunggongvirae;Uroviricota;Caudoviricetes;;
k127_640649	382	No terminal repeats	NA	1	11	0.9377	NA	1	1.7183	Viruses;Duplodnaviria;Heunggongvirae;Uroviricota;Caudoviricetes;;Herelleviridae
k127_527207	338	No terminal repeats	NA	1	11	0.9374	NA	1	1.3966	Viruses;Duplodnaviria;Heunggongvirae;Uroviricota;Caudoviricetes;;
k127_489258	421	No terminal repeats	NA	1	11	0.9369	NA	1	1.7183	Viruses;Duplodnaviria;Heunggongvirae;Uroviricota;Caudoviricetes;;
k127_361405	322	No terminal repeats	NA	1	11	0.9368	NA	1	1.7183	Viruses;Duplodnaviria;Heunggongvirae;Uroviricota;Caudoviricetes;;
k127_691849	1458	No terminal repeats	NA	2	11	0.9367	NA	1	3.2368	Viruses;Duplodnaviria;Heunggongvirae;Uroviricota;Caudoviricetes;;
k127_247735	414	No terminal repeats	NA	1	11	0.9359	NA	1	1.7183	Viruses;Duplodnaviria;Heunggongvirae;Uroviricota;Caudoviricetes;;
k127_559391	408	No terminal repeats	NA	1	11	0.9356	NA	1	1.7183	Viruses;Duplodnaviria;Heunggongvirae;Uroviricota;Caudoviricetes;;
k127_248340	385	No terminal repeats	NA	1	11	0.9356	NA	1	1.7183	Viruses;Duplodnaviria;Heunggongvirae;Uroviricota;Caudoviricetes;;
k127_228382	443	No terminal repeats	NA	1	11	0.9355	NA	1	1.6231	Viruses;Duplodnaviria;Heunggongvirae;Uroviricota;Caudoviricetes;;
k127_635636	359	No terminal repeats	NA	1	11	0.9355	NA	1	1.4595	Viruses;Duplodnaviria;Heunggongvirae;Uroviricota;Caudoviricetes;;
k127_381825	344	No terminal repeats	NA	1	11	0.9349	NA	1	1.7183	Viruses;Duplodnaviria;Heunggongvirae;Uroviricota;Caudoviricetes;;
k127_125397	2767	No terminal repeats	NA	1	11	0.9345	NA	0	1.7183	Viruses;Duplodnaviria;Heunggongvirae;Uroviricota;Caudoviricetes;;
k127_85548	452	No terminal repeats	NA	1	11	0.9341	NA	1	1.7183	Viruses;Duplodnaviria;Heunggongvirae;Uroviricota;Caudoviricetes;;Drexlerviridae
k127_565964	1007	No terminal repeats	NA	2	11	0.9337	NA	1	1.5020	Viruses;Duplodnaviria;Heunggongvirae;Uroviricota;Caudoviricetes;;
k127_435068	628	No terminal repeats	NA	2	11	0.9332	NA	1	1.7183	Viruses;Duplodnaviria;Heunggongvirae;Uroviricota;Caudoviricetes;;
k127_412230	315	No terminal repeats	NA	1	11	0.9329	NA	1	1.7183	Viruses;Duplodnaviria;Heunggongvirae;Uroviricota;Caudoviricetes;;
k127_625563	507	No terminal repeats	NA	1	11	0.9325	NA	1	1.7183	Viruses;Duplodnaviria;Heunggongvirae;Uroviricota;Caudoviricetes;;Drexlerviridae
k127_482487	1776	No terminal repeats	NA	1	11	0.9323	NA	1	1.4595	Viruses;Duplodnaviria;Heunggongvirae;Uroviricota;Caudoviricetes;;
k127_591502	530	No terminal repeats	NA	1	11	0.9314	NA	1	1.7183	Viruses;Duplodnaviria;Heunggongvirae;Uroviricota;Caudoviricetes;;
k127_97008	3610	No terminal repeats	NA	6	11	0.9314	NA	1	3.1315	Viruses;Duplodnaviria;Heunggongvirae;Uroviricota;Caudoviricetes;;
k127_602685	541	No terminal repeats	NA	1	11	0.9310	NA	1	1.7183	Viruses;Duplodnaviria;Heunggongvirae;Uroviricota;Caudoviricetes;;
k127_199993	2939	No terminal repeats	NA	1	11	0.9304	NA	1	1.3159	Viruses;Duplodnaviria;Heunggongvirae;Uroviricota;Caudoviricetes;;
k127_102864	399	No terminal repeats	NA	1	11	0.9302	NA	1	1.7183	Viruses;Duplodnaviria;Heunggongvirae;Uroviricota;Caudoviricetes;;
k127_93333	364	No terminal repeats	NA	1	11	0.9296	NA	1	1.7183	Viruses;Duplodnaviria;Heunggongvirae;Uroviricota;Caudoviricetes;;
k127_279503	334	No terminal repeats	NA	1	11	0.9290	NA	1	1.7183	Viruses;Duplodnaviria;Heunggongvirae;Uroviricota;Caudoviricetes;;Drexlerviridae
k127_291874	313	No terminal repeats	NA	1	11	0.9287	NA	1	1.5134	Viruses;Duplodnaviria;Heunggongvirae;Uroviricota;Caudoviricetes;;
k127_310499	357	No terminal repeats	NA	1	11	0.9284	NA	1	1.7183	Unclassified
k127_370030	1202	No terminal repeats	NA	2	11	0.9280	NA	1	1.7161	Viruses;Duplodnaviria;Heunggongvirae;Uroviricota;Caudoviricetes;;
k127_271431	324	No terminal repeats	NA	1	11	0.9279	NA	1	1.7183	Viruses;Duplodnaviria;Heunggongvirae;Uroviricota;Caudoviricetes;;
k127_158561	455	No terminal repeats	NA	1	11	0.9259	NA	1	1.7183	Viruses;Duplodnaviria;Heunggongvirae;Uroviricota;Caudoviricetes;;
k127_98618	365	No terminal repeats	NA	1	11	0.9248	NA	1	1.7183	Viruses;Duplodnaviria;Heunggongvirae;Uroviricota;Caudoviricetes;;
k127_386843	399	No terminal repeats	NA	1	11	0.9244	NA	1	1.6317	Viruses;Duplodnaviria;Heunggongvirae;Uroviricota;Caudoviricetes;;
k127_467647	432	No terminal repeats	NA	1	11	0.9242	NA	1	1.7183	Viruses;Duplodnaviria;Heunggongvirae;Uroviricota;Caudoviricetes;;
k127_632991	419	No terminal repeats	NA	1	11	0.9238	NA	1	1.7183	Viruses;Duplodnaviria;Heunggongvirae;Uroviricota;Caudoviricetes;;
k127_665941	569	No terminal repeats	NA	2	11	0.9235	NA	1	1.3697	Viruses;Duplodnaviria;Heunggongvirae;Uroviricota;Caudoviricetes;;
k127_532165	960	No terminal repeats	NA	2	11	0.9232	NA	1	3.1778	Viruses;Duplodnaviria;Heunggongvirae;Uroviricota;Caudoviricetes;;
k127_97169	318	No terminal repeats	NA	1	11	0.9225	NA	1	1.7183	Viruses;Duplodnaviria;Heunggongvirae;Uroviricota;Caudoviricetes;;
k127_516675	345	No terminal repeats	NA	1	11	0.9224	NA	1	1.4698	Viruses;Duplodnaviria;Heunggongvirae;Uroviricota;Caudoviricetes;;
k127_265871	328	No terminal repeats	NA	1	11	0.9223	NA	1	1.4595	Viruses;Duplodnaviria;Heunggongvirae;Uroviricota;Caudoviricetes;;
k127_26594	487	No terminal repeats	NA	1	11	0.9223	NA	1	1.7183	Viruses;Duplodnaviria;Heunggongvirae;Uroviricota;Caudoviricetes;;
k127_363839	1560	No terminal repeats	NA	1	11	0.9219	NA	1	1.7183	Viruses;Duplodnaviria;Heunggongvirae;Uroviricota;Caudoviricetes;;
k127_343440	675	No terminal repeats	NA	1	11	0.9218	NA	1	1.7183	Viruses;Duplodnaviria;Heunggongvirae;Uroviricota;Caudoviricetes;;
k127_498557	834	No terminal repeats	NA	1	11	0.9210	NA	1	1.7183	Viruses;Riboviria;Orthornavirae;Pisuviricota;Stelpaviricetes;Patatavirales;Potyviridae
k127_437897	315	No terminal repeats	NA	1	11	0.9207	NA	1	1.7183	Viruses;Duplodnaviria;Heunggongvirae;Uroviricota;Caudoviricetes;;
k127_295639	863	No terminal repeats	NA	1	11	0.9199	NA	1	1.7183	Viruses;Riboviria;Orthornavirae;Pisuviricota;Duplopiviricetes;Durnavirales;Partitiviridae
k127_58950	862	No terminal repeats	NA	1	11	0.9198	NA	1	1.7183	Viruses;Duplodnaviria;Heunggongvirae;Uroviricota;Caudoviricetes;;
k127_315815	305	No terminal repeats	NA	1	11	0.9197	NA	1	1.7183	Viruses;Duplodnaviria;Heunggongvirae;Uroviricota;Caudoviricetes;;
k127_53679	342	No terminal repeats	NA	1	11	0.9185	NA	1	1.4595	Viruses;Duplodnaviria;Heunggongvirae;Uroviricota;Caudoviricetes;;
k127_431697	530	No terminal repeats	NA	1	11	0.9175	NA	1	1.7183	Viruses;Duplodnaviria;Heunggongvirae;Uroviricota;Caudoviricetes;;
k127_46566	526	No terminal repeats	NA	1	11	0.9174	NA	1	1.7183	Viruses;Duplodnaviria;Heunggongvirae;Uroviricota;Caudoviricetes;;
k127_635259	784	No terminal repeats	NA	1	11	0.9173	NA	1	1.1231	Viruses;Duplodnaviria;Heunggongvirae;Uroviricota;Caudoviricetes;;
k127_221870	331	No terminal repeats	NA	1	11	0.9172	NA	1	1.7183	Viruses;Duplodnaviria;Heunggongvirae;Uroviricota;Caudoviricetes;;
k127_571256	307	No terminal repeats	NA	2	11	0.9172	NA	1	1.1702	Viruses;Duplodnaviria;Heunggongvirae;Uroviricota;Caudoviricetes;;
k127_279808	403	No terminal repeats	NA	1	11	0.9167	NA	1	1.3483	Unclassified
k127_292086	328	No terminal repeats	NA	1	11	0.9156	NA	1	1.7183	Viruses;Duplodnaviria;Heunggongvirae;Uroviricota;Caudoviricetes;;
k127_505050	411	No terminal repeats	NA	1	11	0.9151	NA	1	1.2306	Viruses;Duplodnaviria;Heunggongvirae;Uroviricota;Caudoviricetes;;
k127_44884	328	No terminal repeats	NA	1	11	0.9148	NA	1	1.7183	Viruses;Duplodnaviria;Heunggongvirae;Uroviricota;Caudoviricetes;;Drexlerviridae
k127_77380	324	No terminal repeats	NA	1	11	0.9139	NA	1	1.4764	Viruses;Duplodnaviria;Heunggongvirae;Uroviricota;Caudoviricetes;;
k127_7516	523	No terminal repeats	NA	1	11	0.9121	NA	1	1.7183	Viruses;Duplodnaviria;Heunggongvirae;Uroviricota;Caudoviricetes;;
k127_520317	306	No terminal repeats	NA	1	11	0.9113	NA	1	1.7183	Unclassified
k127_106063	342	No terminal repeats	NA	1	11	0.9112	NA	1	1.7183	Viruses;Duplodnaviria;Heunggongvirae;Uroviricota;Caudoviricetes;;
k127_640904	464	No terminal repeats	NA	1	11	0.9109	NA	1	1.7183	Viruses;Duplodnaviria;Heunggongvirae;Uroviricota;Caudoviricetes;;
k127_328148	1092	No terminal repeats	NA	2	11	0.9105	NA	1	2.8214	Viruses;Duplodnaviria;Heunggongvirae;Uroviricota;Caudoviricetes;;
k127_359601	529	No terminal repeats	NA	1	11	0.9103	NA	1	1.7183	Viruses;Duplodnaviria;Heunggongvirae;Uroviricota;Caudoviricetes;;
k127_53960	627	No terminal repeats	NA	1	11	0.9102	NA	1	1.4884	Viruses;Duplodnaviria;Heunggongvirae;Uroviricota;Caudoviricetes;;
k127_107638	502	No terminal repeats	NA	2	11	0.9101	NA	1	3.4366	Viruses;Duplodnaviria;Heunggongvirae;Uroviricota;Caudoviricetes;;
k127_264952	336	No terminal repeats	NA	1	11	0.9094	NA	1	1.7183	Viruses;Duplodnaviria;Heunggongvirae;Uroviricota;Caudoviricetes;;Drexlerviridae
k127_671534	514	No terminal repeats	NA	1	11	0.9091	NA	1	1.7183	Viruses;Duplodnaviria;Heunggongvirae;Uroviricota;Caudoviricetes;;
k127_7531	321	No terminal repeats	NA	1	11	0.9090	NA	1	1.4749	Viruses;Duplodnaviria;Heunggongvirae;Uroviricota;Caudoviricetes;;
k127_627087	534	No terminal repeats	NA	1	11	0.9089	NA	1	1.7183	Viruses;Duplodnaviria;Heunggongvirae;Uroviricota;Caudoviricetes;;
k127_374585	424	No terminal repeats	NA	1	11	0.9086	NA	1	1.7183	Viruses;Duplodnaviria;Heunggongvirae;Uroviricota;Caudoviricetes;;
k127_189232	357	No terminal repeats	NA	1	11	0.9085	NA	1	1.7159	Viruses;Duplodnaviria;Heunggongvirae;Uroviricota;Caudoviricetes;;
k127_687040	983	No terminal repeats	NA	2	11	0.9075	NA	1	3.0025	Viruses;Duplodnaviria;Heunggongvirae;Uroviricota;Caudoviricetes;;
k127_621116	573	No terminal repeats	NA	1	11	0.9075	NA	1	1.7183	Viruses;Duplodnaviria;Heunggongvirae;Uroviricota;Caudoviricetes;;
k127_424558	331	No terminal repeats	NA	1	11	0.9071	NA	1	1.4749	Viruses;Duplodnaviria;Heunggongvirae;Uroviricota;Caudoviricetes;;
k127_570045	324	No terminal repeats	NA	1	11	0.9070	NA	1	1.7161	Viruses;Duplodnaviria;Heunggongvirae;Uroviricota;Caudoviricetes;;
k127_695530	283	No terminal repeats	NA	1	11	0.9058	NA	1	1.7183	Viruses;Duplodnaviria;Heunggongvirae;Uroviricota;Caudoviricetes;;
k127_331017	451	No terminal repeats	NA	1	11	0.9053	NA	1	1.7183	Viruses;Duplodnaviria;Heunggongvirae;Uroviricota;Caudoviricetes;;
k127_163098	1037	No terminal repeats	NA	3	11	0.9053	NA	1	1.7183	Viruses;Duplodnaviria;Heunggongvirae;Uroviricota;Caudoviricetes;;
k127_186332	341	No terminal repeats	NA	1	11	0.9053	NA	1	1.7161	Viruses;Duplodnaviria;Heunggongvirae;Uroviricota;Caudoviricetes;;
k127_602991	1530	No terminal repeats	NA	1	11	0.9050	NA	1	1.7183	Viruses;Duplodnaviria;Heunggongvirae;Uroviricota;Caudoviricetes;;
k127_381914	514	No terminal repeats	NA	1	11	0.9049	NA	1	1.7183	Viruses;Duplodnaviria;Heunggongvirae;Uroviricota;Caudoviricetes;;
k127_17285	491	No terminal repeats	NA	1	11	0.9044	NA	1	1.7183	Viruses;Duplodnaviria;Heunggongvirae;Uroviricota;Caudoviricetes;;
k127_641215	445	No terminal repeats	NA	1	11	0.9029	NA	1	1.7183	Viruses;Duplodnaviria;Heunggongvirae;Uroviricota;Caudoviricetes;;
k127_122998	379	No terminal repeats	NA	1	11	0.9026	NA	1	1.7183	Viruses;Duplodnaviria;Heunggongvirae;Uroviricota;Caudoviricetes;;
k127_166023	358	No terminal repeats	NA	1	11	0.9019	NA	1	1.4764	Viruses;Duplodnaviria;Heunggongvirae;Uroviricota;Caudoviricetes;;
k127_574650	700	No terminal repeats	NA	2	11	0.9018	NA	1	3.2932	Viruses;Duplodnaviria;Heunggongvirae;Uroviricota;Caudoviricetes;;
k127_422141	565	No terminal repeats	NA	1	11	0.9015	NA	1	1.7183	Viruses;Duplodnaviria;Heunggongvirae;Uroviricota;Caudoviricetes;;
k127_694797	484	No terminal repeats	NA	1	11	0.9011	NA	1	1.7183	Viruses;Duplodnaviria;Heunggongvirae;Uroviricota;Caudoviricetes;;
k127_709671	407	No terminal repeats	NA	1	11	0.9009	NA	1	1.3483	Unclassified
k127_384372	395	No terminal repeats	NA	1	11	0.9006	NA	1	1.4880	Viruses;Duplodnaviria;Heunggongvirae;Uroviricota;Caudoviricetes;;
k127_180669	426	No terminal repeats	NA	1	11	0.9003	NA	1	1.4880	Viruses;Duplodnaviria;Heunggongvirae;Uroviricota;Caudoviricetes;;
k127_452574	2123	No terminal repeats	NA	3	11	0.8996	NA	1	4.2095	Viruses;Duplodnaviria;Heunggongvirae;Uroviricota;Caudoviricetes;;
k127_567747	1212	No terminal repeats	NA	1	11	0.8995	NA	1	1.7183	Viruses;Duplodnaviria;Heunggongvirae;Uroviricota;Caudoviricetes;;
k127_165365	452	No terminal repeats	NA	1	11	0.8994	NA	1	1.2306	Viruses;Duplodnaviria;Heunggongvirae;Uroviricota;Caudoviricetes;;
k127_513220	479	No terminal repeats	NA	1	11	0.8986	NA	1	1.7183	Viruses;Duplodnaviria;Heunggongvirae;Uroviricota;Caudoviricetes;;
k127_641851	444	No terminal repeats	NA	1	11	0.8985	NA	1	1.7159	Viruses;Duplodnaviria;Heunggongvirae;Uroviricota;Caudoviricetes;;
k127_475748	642	No terminal repeats	NA	2	11	0.8985	NA	2	3.2898	Viruses;Duplodnaviria;Heunggongvirae;Uroviricota;Caudoviricetes;;
k127_306816	517	No terminal repeats	NA	1	11	0.8984	NA	1	1.7183	Viruses;Duplodnaviria;Heunggongvirae;Uroviricota;Caudoviricetes;;
k127_594609	560	No terminal repeats	NA	2	11	0.8980	NA	1	1.7183	Viruses;Duplodnaviria;Heunggongvirae;Uroviricota;Caudoviricetes;;
k127_160908	1933	No terminal repeats	NA	2	11	0.8973	NA	1	1.7183	Viruses;Duplodnaviria;Heunggongvirae;Uroviricota;Caudoviricetes;;
k127_361671	412	No terminal repeats	NA	1	11	0.8971	NA	1	1.7183	Viruses;Duplodnaviria;Heunggongvirae;Uroviricota;Caudoviricetes;;
k127_351810	306	No terminal repeats	NA	1	11	0.8969	NA	1	1.7159	Viruses;Duplodnaviria;Heunggongvirae;Uroviricota;Caudoviricetes;;
k127_691408	1404	No terminal repeats	NA	1	11	0.8966	NA	1	1.7183	Viruses;Duplodnaviria;Heunggongvirae;Uroviricota;Caudoviricetes;;Drexlerviridae
k127_652547	509	No terminal repeats	NA	1	11	0.8956	NA	1	1.4749	Viruses;Duplodnaviria;Heunggongvirae;Uroviricota;Caudoviricetes;;
k127_477978	789	No terminal repeats	NA	1	11	0.8953	NA	1	1.7183	Viruses;Duplodnaviria;Heunggongvirae;Uroviricota;Caudoviricetes;;
k127_273274	429	No terminal repeats	NA	1	11	0.8947	NA	1	1.7159	Viruses;Duplodnaviria;Heunggongvirae;Uroviricota;Caudoviricetes;;
k127_582969	412	No terminal repeats	NA	2	11	0.8941	NA	1	1.7161	Viruses;Duplodnaviria;Heunggongvirae;Uroviricota;Caudoviricetes;;
k127_202312	386	No terminal repeats	NA	1	11	0.8936	NA	1	1.7183	Viruses;Duplodnaviria;Heunggongvirae;Uroviricota;Caudoviricetes;;
k127_643806	441	No terminal repeats	NA	1	11	0.8931	NA	1	1.1038	Viruses;Duplodnaviria;Heunggongvirae;Uroviricota;Caudoviricetes;;
k127_161150	353	No terminal repeats	NA	1	11	0.8931	NA	1	1.6066	Viruses;Duplodnaviria;Heunggongvirae;Uroviricota;Caudoviricetes;;
k127_141381	493	No terminal repeats	NA	1	11	0.8930	NA	1	1.4749	Viruses;Duplodnaviria;Heunggongvirae;Uroviricota;Caudoviricetes;;
k127_511660	363	No terminal repeats	NA	1	11	0.8929	NA	1	1.3617	Viruses;Duplodnaviria;Heunggongvirae;Uroviricota;Caudoviricetes;;
k127_415501	464	No terminal repeats	NA	2	11	0.8928	NA	1	1.7183	Viruses;Duplodnaviria;Heunggongvirae;Uroviricota;Caudoviricetes;;
k127_374888	761	No terminal repeats	NA	1	11	0.8925	NA	1	1.7183	Viruses;Duplodnaviria;Heunggongvirae;Uroviricota;Caudoviricetes;;
k127_373780	327	No terminal repeats	NA	1	11	0.8923	NA	1	1.7183	Viruses;Duplodnaviria;Heunggongvirae;Uroviricota;Caudoviricetes;;
k127_699124	610	No terminal repeats	NA	1	11	0.8919	NA	1	1.2306	Viruses;Duplodnaviria;Heunggongvirae;Uroviricota;Caudoviricetes;;
k127_479691	1584	No terminal repeats	NA	1	11	0.8919	NA	1	1.7183	Viruses;Duplodnaviria;Heunggongvirae;Uroviricota;Caudoviricetes;;
k127_533688	651	No terminal repeats	NA	2	11	0.8912	NA	1	1.4000	Viruses;Duplodnaviria;Heunggongvirae;Uroviricota;Caudoviricetes;;
k127_189003	2904	No terminal repeats	NA	1	11	0.8911	NA	1	1.7183	Viruses;Duplodnaviria;Heunggongvirae;Uroviricota;Caudoviricetes;;
k127_250442	651	No terminal repeats	NA	3	11	0.8911	NA	1	3.2932	Viruses;Duplodnaviria;Heunggongvirae;Uroviricota;Caudoviricetes;;
k127_708509	491	No terminal repeats	NA	1	11	0.8909	NA	1	1.7183	Viruses;Duplodnaviria;Heunggongvirae;Uroviricota;Caudoviricetes;;
k127_402706	459	No terminal repeats	NA	2	11	0.8908	NA	1	1.3490	Viruses;Duplodnaviria;Heunggongvirae;Uroviricota;Caudoviricetes;;
k127_74625	1884	No terminal repeats	NA	1	11	0.8907	NA	1	1.7183	Viruses;Duplodnaviria;Heunggongvirae;Uroviricota;Caudoviricetes;;
k127_83794	317	No terminal repeats	NA	1	11	0.8906	NA	1	1.3856	Viruses;Duplodnaviria;Heunggongvirae;Uroviricota;Caudoviricetes;;
k127_10023	415	No terminal repeats	NA	1	11	0.8900	NA	1	1.7077	Viruses;Duplodnaviria;Heunggongvirae;Uroviricota;Caudoviricetes;;
k127_467593	355	No terminal repeats	NA	1	11	0.8899	NA	1	1.4880	Viruses;Duplodnaviria;Heunggongvirae;Uroviricota;Caudoviricetes;;
k127_329129	440	No terminal repeats	NA	1	11	0.8898	NA	1	1.4749	Viruses;Duplodnaviria;Heunggongvirae;Uroviricota;Caudoviricetes;;
k127_673225	318	No terminal repeats	NA	1	11	0.8893	NA	1	1.7183	Viruses;Duplodnaviria;Heunggongvirae;Uroviricota;Caudoviricetes;;
k127_20054	1335	No terminal repeats	NA	1	11	0.8893	NA	1	1.7183	Viruses;Riboviria;Orthornavirae;Pisuviricota;Duplopiviricetes;Durnavirales;Partitiviridae
k127_462820	4988	No terminal repeats	NA	7	11	0.8892	NA	2	7.2375	Viruses;Duplodnaviria;Heunggongvirae;Uroviricota;Caudoviricetes;;
k127_81968	2560	No terminal repeats	NA	1	11	0.8887	NA	0	1.7183	Viruses;Duplodnaviria;Heunggongvirae;Uroviricota;Caudoviricetes;;
k127_230929	409	No terminal repeats	NA	1	11	0.8887	NA	1	1.4749	Viruses;Duplodnaviria;Heunggongvirae;Uroviricota;Caudoviricetes;;
k127_96405	322	No terminal repeats	NA	1	11	0.8887	NA	1	1.4749	Viruses;Duplodnaviria;Heunggongvirae;Uroviricota;Caudoviricetes;;
k127_198439	928	No terminal repeats	NA	2	11	0.8884	NA	1	3.0620	Viruses;Duplodnaviria;Heunggongvirae;Uroviricota;Caudoviricetes;;Herelleviridae
k127_81435	929	No terminal repeats	NA	2	11	0.8884	NA	1	3.0620	Viruses;Duplodnaviria;Heunggongvirae;Uroviricota;Caudoviricetes;;Herelleviridae
k127_274588	608	No terminal repeats	NA	1	11	0.8881	NA	1	1.7183	Viruses;Duplodnaviria;Heunggongvirae;Uroviricota;Caudoviricetes;;
k127_672300	410	No terminal repeats	NA	1	11	0.8876	NA	1	1.7183	Viruses;Duplodnaviria;Heunggongvirae;Uroviricota;Caudoviricetes;;Drexlerviridae
k127_324621	516	No terminal repeats	NA	1	11	0.8875	NA	1	1.7183	Viruses;Duplodnaviria;Heunggongvirae;Uroviricota;Caudoviricetes;;
k127_205996	407	No terminal repeats	NA	1	11	0.8873	NA	1	1.2632	Viruses;Duplodnaviria;Heunggongvirae;Uroviricota;Caudoviricetes;;
k127_208470	363	No terminal repeats	NA	1	11	0.8870	NA	1	1.7183	Viruses;Duplodnaviria;Heunggongvirae;Uroviricota;Caudoviricetes;;
k127_99265	352	No terminal repeats	NA	1	11	0.8870	NA	1	1.1002	Viruses;Duplodnaviria;Heunggongvirae;Uroviricota;Caudoviricetes;;
k127_659989	350	No terminal repeats	NA	1	11	0.8862	NA	1	1.4595	Viruses;Duplodnaviria;Heunggongvirae;Uroviricota;Caudoviricetes;;
k127_356079	721	No terminal repeats	NA	3	11	0.8860	NA	1	3.0142	Viruses;Duplodnaviria;Heunggongvirae;Uroviricota;Caudoviricetes;;
k127_49519	533	No terminal repeats	NA	2	11	0.8860	NA	1	1.7183	Viruses;Duplodnaviria;Heunggongvirae;Uroviricota;Caudoviricetes;;
k127_249052	363	No terminal repeats	NA	2	11	0.8859	NA	1	1.7183	Viruses;Duplodnaviria;Heunggongvirae;Uroviricota;Caudoviricetes;;
k127_651018	5506	No terminal repeats	NA	11	11	0.8853	NA	1	5.5612	Viruses;Duplodnaviria;Heunggongvirae;Uroviricota;Caudoviricetes;;
k127_407562	964	No terminal repeats	NA	2	11	0.8852	NA	1	3.4366	Viruses;Duplodnaviria;Heunggongvirae;Uroviricota;Caudoviricetes;;
k127_643403	514	No terminal repeats	NA	1	11	0.8852	NA	1	1.7183	Viruses;Duplodnaviria;Heunggongvirae;Uroviricota;Caudoviricetes;;
k127_318666	496	No terminal repeats	NA	2	11	0.8848	NA	1	1.3617	Viruses;Duplodnaviria;Heunggongvirae;Uroviricota;Caudoviricetes;;
k127_572510	311	No terminal repeats	NA	1	11	0.8839	NA	1	1.0597	Unclassified
k127_12774	328	No terminal repeats	NA	1	11	0.8839	NA	1	1.4880	Viruses;Duplodnaviria;Heunggongvirae;Uroviricota;Caudoviricetes;;
k127_667594	1206	No terminal repeats	NA	4	11	0.8826	NA	1	5.0115	Viruses;Duplodnaviria;Heunggongvirae;Uroviricota;Caudoviricetes;;
k127_390780	433	No terminal repeats	NA	1	11	0.8824	NA	1	1.7183	Viruses;Duplodnaviria;Heunggongvirae;Uroviricota;Caudoviricetes;;
k127_373410	344	No terminal repeats	NA	1	11	0.8814	NA	1	1.7183	Viruses;Duplodnaviria;Heunggongvirae;Uroviricota;Caudoviricetes;;
k127_66809	316	No terminal repeats	NA	1	11	0.8813	NA	1	1.0569	Viruses;Duplodnaviria;Heunggongvirae;Uroviricota;Caudoviricetes;;
k127_453800	708	No terminal repeats	NA	1	11	0.8811	NA	1	1.7183	Viruses;Duplodnaviria;Heunggongvirae;Uroviricota;Caudoviricetes;;
k127_309420	482	No terminal repeats	NA	1	11	0.8803	NA	1	1.7183	Viruses;Duplodnaviria;Heunggongvirae;Uroviricota;Caudoviricetes;;
k127_656135	444	No terminal repeats	NA	1	11	0.8800	NA	1	1.2306	Viruses;Duplodnaviria;Heunggongvirae;Uroviricota;Caudoviricetes;;
k127_625195	1583	No terminal repeats	NA	1	11	0.8791	NA	1	1.7183	Viruses;Duplodnaviria;Heunggongvirae;Uroviricota;Caudoviricetes;;
k127_458343	465	No terminal repeats	NA	2	11	0.8788	NA	1	1.4494	Viruses;Duplodnaviria;Heunggongvirae;Uroviricota;Caudoviricetes;;
k127_602925	434	No terminal repeats	NA	1	11	0.8788	NA	1	1.7183	Viruses;Duplodnaviria;Heunggongvirae;Uroviricota;Caudoviricetes;;
k127_628931	565	No terminal repeats	NA	1	11	0.8781	NA	1	1.7183	Viruses;Duplodnaviria;Heunggongvirae;Uroviricota;Caudoviricetes;;
k127_463168	1673	No terminal repeats	NA	1	11	0.8779	NA	1	1.7183	Viruses;Riboviria;Orthornavirae;Pisuviricota;;;
k127_249340	465	No terminal repeats	NA	1	11	0.8767	NA	1	1.6190	Viruses;Duplodnaviria;Heunggongvirae;Uroviricota;Caudoviricetes;;
k127_465529	431	No terminal repeats	NA	1	11	0.8765	NA	1	1.4000	Viruses;Duplodnaviria;Heunggongvirae;Uroviricota;Caudoviricetes;;
k127_408015	1211	No terminal repeats	NA	2	11	0.8761	NA	1	2.5473	Viruses;Duplodnaviria;Heunggongvirae;Uroviricota;Caudoviricetes;;
k127_79652	463	No terminal repeats	NA	1	11	0.8756	NA	1	1.4880	Viruses;Duplodnaviria;Heunggongvirae;Uroviricota;Caudoviricetes;;
k127_643200	399	No terminal repeats	NA	2	11	0.8755	NA	1	1.3996	Viruses;Duplodnaviria;Heunggongvirae;Uroviricota;Caudoviricetes;;
k127_247050	756	No terminal repeats	NA	1	11	0.8750	NA	1	1.3550	Viruses;Duplodnaviria;Heunggongvirae;Uroviricota;Caudoviricetes;;
k127_59441	2708	No terminal repeats	NA	3	11	0.8745	NA	0	2.4233	Viruses;Duplodnaviria;Heunggongvirae;Uroviricota;Caudoviricetes;;
k127_519600	500	No terminal repeats	NA	1	11	0.8744	NA	1	1.7183	Viruses;Duplodnaviria;Heunggongvirae;Uroviricota;Caudoviricetes;;Drexlerviridae
k127_397491	474	No terminal repeats	NA	1	11	0.8743	NA	1	1.7183	Viruses;Duplodnaviria;Heunggongvirae;Uroviricota;Caudoviricetes;;
k127_204141	319	No terminal repeats	NA	1	11	0.8737	NA	1	1.7183	Viruses;Duplodnaviria;Heunggongvirae;Uroviricota;Caudoviricetes;;
k127_79426	526	No terminal repeats	NA	1	11	0.8733	NA	1	1.7183	Viruses;Duplodnaviria;Heunggongvirae;Uroviricota;Caudoviricetes;;
k127_481764	306	No terminal repeats	NA	1	11	0.8727	NA	1	1.4880	Viruses;Duplodnaviria;Heunggongvirae;Uroviricota;Caudoviricetes;;
k127_448925	1445	No terminal repeats	NA	1	11	0.8720	NA	1	1.7183	Viruses;Duplodnaviria;Heunggongvirae;Uroviricota;Caudoviricetes;;Drexlerviridae
k127_7236	1575	No terminal repeats	NA	3	11	0.8713	NA	1	5.1038	Viruses;Duplodnaviria;Heunggongvirae;Uroviricota;Caudoviricetes;;
k127_99038	366	No terminal repeats	NA	1	11	0.8710	NA	1	1.7183	Unclassified
k127_599646	505	No terminal repeats	NA	1	11	0.8706	NA	1	1.7183	Viruses;Duplodnaviria;Heunggongvirae;Uroviricota;Caudoviricetes;;
k127_695105	396	No terminal repeats	NA	1	11	0.8704	NA	1	1.4749	Viruses;Duplodnaviria;Heunggongvirae;Uroviricota;Caudoviricetes;;
k127_133877	1142	No terminal repeats	NA	2	11	0.8700	NA	1	3.4366	Viruses;Duplodnaviria;Heunggongvirae;Uroviricota;Caudoviricetes;;
k127_134301	2083	No terminal repeats	NA	4	11	0.8691	NA	2	4.6476	Viruses;Duplodnaviria;Heunggongvirae;Uroviricota;Caudoviricetes;;
k127_556980	584	No terminal repeats	NA	2	11	0.8676	NA	1	1.7183	Viruses;Duplodnaviria;Heunggongvirae;Uroviricota;Caudoviricetes;;
k127_187884	395	No terminal repeats	NA	1	11	0.8673	NA	1	1.2836	Viruses;Duplodnaviria;Heunggongvirae;Uroviricota;Caudoviricetes;;
k127_294952	664	No terminal repeats	NA	2	11	0.8673	NA	1	1.7183	Viruses;Duplodnaviria;Heunggongvirae;Uroviricota;Caudoviricetes;;Herelleviridae
k127_399572	1650	No terminal repeats	NA	2	11	0.8666	NA	1	1.7183	Viruses;Riboviria;Orthornavirae;Pisuviricota;Duplopiviricetes;Durnavirales;Partitiviridae
k127_220770	814	No terminal repeats	NA	3	11	0.8662	NA	1	3.0059	Viruses;Duplodnaviria;Heunggongvirae;Uroviricota;Caudoviricetes;;
k127_299	313	No terminal repeats	NA	1	11	0.8661	NA	1	0.9866	Viruses;Duplodnaviria;Heunggongvirae;Uroviricota;Caudoviricetes;;
k127_347682	1481	No terminal repeats	NA	1	11	0.8659	NA	1	1.7183	Viruses;Duplodnaviria;Heunggongvirae;Uroviricota;Caudoviricetes;;
k127_373669	1490	No terminal repeats	NA	2	11	0.8655	NA	1	1.7183	Viruses;Duplodnaviria;Heunggongvirae;Uroviricota;Caudoviricetes;;
k127_99290	1237	No terminal repeats	NA	1	11	0.8653	NA	1	1.7183	Viruses;Duplodnaviria;Heunggongvirae;Uroviricota;Caudoviricetes;;
k127_652740	376	No terminal repeats	NA	1	11	0.8647	NA	1	1.2110	Viruses;Duplodnaviria;Heunggongvirae;Uroviricota;Caudoviricetes;;
k127_547167	408	No terminal repeats	NA	2	11	0.8645	NA	1	1.4944	Viruses;Duplodnaviria;Heunggongvirae;Uroviricota;Caudoviricetes;;
k127_422028	811	No terminal repeats	NA	2	11	0.8644	NA	1	3.1006	Viruses;Duplodnaviria;Heunggongvirae;Uroviricota;Caudoviricetes;;
k127_502370	1206	No terminal repeats	NA	1	11	0.8635	NA	1	1.7183	Viruses;Duplodnaviria;Heunggongvirae;Uroviricota;Caudoviricetes;;
k127_520738	1390	No terminal repeats	NA	3	11	0.8635	NA	2	2.9126	Viruses;Duplodnaviria;Heunggongvirae;Uroviricota;Caudoviricetes;;
k127_578597	393	No terminal repeats	NA	1	11	0.8629	NA	1	1.2306	Viruses;Duplodnaviria;Heunggongvirae;Uroviricota;Caudoviricetes;;
k127_82668	324	No terminal repeats	NA	1	11	0.8628	NA	1	1.1496	Viruses;Duplodnaviria;Heunggongvirae;Uroviricota;Caudoviricetes;;
k127_354348	362	No terminal repeats	NA	1	11	0.8620	NA	1	1.2934	Viruses;Duplodnaviria;Heunggongvirae;Uroviricota;Caudoviricetes;;
k127_287027	543	No terminal repeats	NA	2	11	0.8618	NA	1	1.7183	Viruses;Duplodnaviria;Heunggongvirae;Uroviricota;Caudoviricetes;;
k127_500730	327	No terminal repeats	NA	1	11	0.8611	NA	1	1.4464	Viruses;Duplodnaviria;Heunggongvirae;Uroviricota;Caudoviricetes;;
k127_439315	844	No terminal repeats	NA	1	11	0.8610	NA	1	1.6225	Viruses;Duplodnaviria;Heunggongvirae;Uroviricota;Caudoviricetes;;
k127_628426	431	No terminal repeats	NA	1	11	0.8610	NA	1	1.2306	Viruses;Duplodnaviria;Heunggongvirae;Uroviricota;Caudoviricetes;;
k127_647932	1021	No terminal repeats	NA	1	11	0.8606	NA	1	1.7183	Viruses;Duplodnaviria;Heunggongvirae;Uroviricota;Caudoviricetes;;
k127_285088	3193	No terminal repeats	NA	1	11	0.8602	NA	0	1.7183	Viruses;Duplodnaviria;Heunggongvirae;Uroviricota;Caudoviricetes;;
k127_5214	376	No terminal repeats	NA	1	11	0.8601	NA	1	1.2814	Viruses;Duplodnaviria;Heunggongvirae;Uroviricota;Caudoviricetes;;
k127_515356	640	No terminal repeats	NA	2	11	0.8597	NA	1	1.3050	Viruses;Duplodnaviria;Heunggongvirae;Uroviricota;Caudoviricetes;;
k127_253501	870	No terminal repeats	NA	1	11	0.8591	NA	1	1.7183	Viruses;Duplodnaviria;Heunggongvirae;Uroviricota;Caudoviricetes;;
k127_472130	2807	No terminal repeats	NA	6	11	0.8577	NA	2	4.1397	Viruses;Duplodnaviria;Heunggongvirae;Uroviricota;Caudoviricetes;;
k127_49382	541	No terminal repeats	NA	1	11	0.8574	NA	1	1.4749	Viruses;Duplodnaviria;Heunggongvirae;Uroviricota;Caudoviricetes;;
k127_551333	421	No terminal repeats	NA	1	11	0.8574	NA	1	1.2306	Viruses;Duplodnaviria;Heunggongvirae;Uroviricota;Caudoviricetes;;
k127_156256	1463	No terminal repeats	NA	3	11	0.8566	NA	1	2.4774	Viruses;Duplodnaviria;Heunggongvirae;Uroviricota;Caudoviricetes;;
k127_384136	1182	No terminal repeats	NA	1	11	0.8560	NA	1	1.7183	Viruses;Duplodnaviria;Heunggongvirae;Uroviricota;Caudoviricetes;;
k127_431982	503	No terminal repeats	NA	1	11	0.8554	NA	1	1.7183	Viruses;Duplodnaviria;Heunggongvirae;Uroviricota;Caudoviricetes;;
k127_698004	449	No terminal repeats	NA	1	11	0.8552	NA	1	1.1904	Viruses;Duplodnaviria;Heunggongvirae;Uroviricota;Caudoviricetes;;
k127_523208	435	No terminal repeats	NA	1	11	0.8548	NA	1	1.7183	Viruses;Duplodnaviria;Heunggongvirae;Uroviricota;Caudoviricetes;;Drexlerviridae
k127_308610	367	No terminal repeats	NA	1	11	0.8543	NA	1	1.3198	Viruses;Duplodnaviria;Heunggongvirae;Uroviricota;Caudoviricetes;;
k127_85767	374	No terminal repeats	NA	1	11	0.8542	NA	1	1.4494	Viruses;Duplodnaviria;Heunggongvirae;Uroviricota;Caudoviricetes;;
k127_389914	441	No terminal repeats	NA	1	11	0.8540	NA	1	1.7183	Viruses;Duplodnaviria;Heunggongvirae;Uroviricota;Caudoviricetes;;
k127_397269	585	No terminal repeats	NA	1	11	0.8535	NA	1	1.7183	Viruses;Duplodnaviria;Heunggongvirae;Uroviricota;Caudoviricetes;;
k127_612920	490	No terminal repeats	NA	2	11	0.8530	NA	1	3.1778	Viruses;Duplodnaviria;Heunggongvirae;Uroviricota;Caudoviricetes;;
k127_321556	790	No terminal repeats	NA	2	11	0.8530	NA	1	3.1881	Viruses;Duplodnaviria;Heunggongvirae;Uroviricota;Caudoviricetes;;
k127_19960	328	No terminal repeats	NA	2	11	0.8521	NA	1	1.4533	Viruses;Duplodnaviria;Heunggongvirae;Uroviricota;Caudoviricetes;;
k127_3966	795	No terminal repeats	NA	1	11	0.8512	NA	1	1.7183	Viruses;Riboviria;Orthornavirae;Pisuviricota;;;
k127_161529	2928	No terminal repeats	NA	7	11	0.8511	NA	0	4.4037	Viruses;Duplodnaviria;Heunggongvirae;Uroviricota;Caudoviricetes;;
k127_147064	503	No terminal repeats	NA	1	11	0.8507	NA	1	1.7183	Viruses;Duplodnaviria;Heunggongvirae;Uroviricota;Caudoviricetes;;
k127_111627	721	No terminal repeats	NA	2	11	0.8504	NA	2	2.7076	Viruses;Duplodnaviria;Heunggongvirae;Uroviricota;Caudoviricetes;;
k127_598853	511	No terminal repeats	NA	1	11	0.8502	NA	1	1.7183	Viruses;Duplodnaviria;Heunggongvirae;Uroviricota;Caudoviricetes;;
k127_75564	902	No terminal repeats	NA	2	11	0.8500	NA	1	2.3619	Viruses;Duplodnaviria;Heunggongvirae;Uroviricota;Caudoviricetes;;
k127_151940	2499	No terminal repeats	NA	3	11	0.8499	NA	2	3.2991	Viruses;Duplodnaviria;Heunggongvirae;Uroviricota;Caudoviricetes;;
k127_84408	419	No terminal repeats	NA	1	11	0.8492	NA	1	1.7129	Viruses;Duplodnaviria;Heunggongvirae;Uroviricota;Caudoviricetes;;
k127_216765	392	No terminal repeats	NA	1	11	0.8490	NA	1	1.2720	Viruses;Duplodnaviria;Heunggongvirae;Uroviricota;Caudoviricetes;;
k127_129810	394	No terminal repeats	NA	2	11	0.8490	NA	1	1.7183	Viruses;Duplodnaviria;Heunggongvirae;Uroviricota;Caudoviricetes;;
k127_427409	401	No terminal repeats	NA	1	11	0.8478	NA	1	1.7183	Viruses;Duplodnaviria;Heunggongvirae;Uroviricota;Caudoviricetes;;Drexlerviridae
k127_316985	600	No terminal repeats	NA	1	11	0.8472	NA	1	1.2306	Viruses;Duplodnaviria;Heunggongvirae;Uroviricota;Caudoviricetes;;
k127_123462	1556	No terminal repeats	NA	2	11	0.8469	NA	1	1.7183	Viruses;Riboviria;Orthornavirae;Pisuviricota;Duplopiviricetes;Durnavirales;Partitiviridae
k127_96970	649	No terminal repeats	NA	1	11	0.8466	NA	1	1.2306	Viruses;Duplodnaviria;Heunggongvirae;Uroviricota;Caudoviricetes;;
k127_143075	652	No terminal repeats	NA	1	11	0.8464	NA	1	1.2632	Viruses;Duplodnaviria;Heunggongvirae;Uroviricota;Caudoviricetes;;
k127_409588	1810	No terminal repeats	NA	1	11	0.8461	NA	1	1.2974	Viruses;Duplodnaviria;Heunggongvirae;Uroviricota;Caudoviricetes;;
k127_62925	646	No terminal repeats	NA	2	11	0.8457	NA	1	1.4698	Viruses;Duplodnaviria;Heunggongvirae;Uroviricota;Caudoviricetes;;
k127_589204	370	No terminal repeats	NA	1	11	0.8456	NA	1	1.0419	Viruses;Duplodnaviria;Heunggongvirae;Uroviricota;Caudoviricetes;;
k127_398173	734	No terminal repeats	NA	1	11	0.8453	NA	1	1.2306	Viruses;Duplodnaviria;Heunggongvirae;Uroviricota;Caudoviricetes;;
k127_496926	368	No terminal repeats	NA	1	11	0.8450	NA	1	1.3450	Viruses;Duplodnaviria;Heunggongvirae;Uroviricota;Caudoviricetes;;
k127_392209	1047	No terminal repeats	NA	3	11	0.8443	NA	1	5.0115	Viruses;Duplodnaviria;Heunggongvirae;Uroviricota;Caudoviricetes;;
k127_687167	442	No terminal repeats	NA	1	11	0.8438	NA	1	1.1240	Viruses;Duplodnaviria;Heunggongvirae;Uroviricota;Caudoviricetes;;
k127_274887	639	No terminal repeats	NA	1	11	0.8429	NA	1	1.7183	Viruses;Duplodnaviria;Heunggongvirae;Uroviricota;Caudoviricetes;;
k127_586261	534	No terminal repeats	NA	1	11	0.8426	NA	1	1.7183	Viruses;Duplodnaviria;Heunggongvirae;Uroviricota;Caudoviricetes;;
k127_54347	2573	No terminal repeats	NA	2	11	0.8420	NA	0	1.7183	Viruses;Duplodnaviria;Heunggongvirae;Uroviricota;Caudoviricetes;;
k127_491756	556	No terminal repeats	NA	1	11	0.8408	NA	1	1.7183	Viruses;Duplodnaviria;Heunggongvirae;Uroviricota;Caudoviricetes;;
k127_303311	413	No terminal repeats	NA	2	11	0.8404	NA	1	1.7158	Unclassified
k127_689321	314	No terminal repeats	NA	2	11	0.8394	NA	1	1.2934	Viruses;Duplodnaviria;Heunggongvirae;Uroviricota;Caudoviricetes;;
k127_675622	485	No terminal repeats	NA	2	11	0.8380	NA	1	1.7183	Unclassified
k127_399541	422	No terminal repeats	NA	1	11	0.8373	NA	1	1.4880	Viruses;Duplodnaviria;Heunggongvirae;Uroviricota;Caudoviricetes;;
k127_217774	460	No terminal repeats	NA	1	11	0.8365	NA	1	1.2306	Viruses;Duplodnaviria;Heunggongvirae;Uroviricota;Caudoviricetes;;
k127_331529	2849	No terminal repeats	NA	1	11	0.8365	NA	1	1.7183	Viruses;Duplodnaviria;Heunggongvirae;Uroviricota;Caudoviricetes;;
k127_497726	473	No terminal repeats	NA	2	11	0.8361	NA	1	1.3867	Viruses;Duplodnaviria;Heunggongvirae;Uroviricota;Caudoviricetes;;
k127_370111	1182	No terminal repeats	NA	2	11	0.8358	NA	1	1.7183	Viruses;Duplodnaviria;Heunggongvirae;Uroviricota;Caudoviricetes;;Drexlerviridae
k127_197703	542	No terminal repeats	NA	1	11	0.8352	NA	1	1.2306	Viruses;Duplodnaviria;Heunggongvirae;Uroviricota;Caudoviricetes;;
k127_230315	565	No terminal repeats	NA	1	11	0.8352	NA	1	1.2306	Viruses;Duplodnaviria;Heunggongvirae;Uroviricota;Caudoviricetes;;
k127_382877	411	No terminal repeats	NA	1	11	0.8348	NA	1	1.7183	Viruses;Duplodnaviria;Heunggongvirae;Uroviricota;Caudoviricetes;;
k127_153639	683	No terminal repeats	NA	1	11	0.8348	NA	1	1.7159	Viruses;Duplodnaviria;Heunggongvirae;Uroviricota;Caudoviricetes;;
k127_656710	502	No terminal repeats	NA	1	11	0.8338	NA	1	1.7183	Viruses;Duplodnaviria;Heunggongvirae;Uroviricota;Caudoviricetes;;
k127_615023	1341	No terminal repeats	NA	1	11	0.8335	NA	1	1.4325	Viruses;Duplodnaviria;Heunggongvirae;Uroviricota;Caudoviricetes;;
k127_82377	323	No terminal repeats	NA	1	11	0.8333	NA	1	1.0939	Viruses;Duplodnaviria;Heunggongvirae;Uroviricota;Caudoviricetes;;
k127_304468	740	No terminal repeats	NA	2	11	0.8332	NA	1	2.4731	Viruses;Duplodnaviria;Heunggongvirae;Uroviricota;Caudoviricetes;;
k127_308041	392	No terminal repeats	NA	1	11	0.8323	NA	1	1.2927	Viruses;Duplodnaviria;Heunggongvirae;Uroviricota;Caudoviricetes;;
k127_449047	303	No terminal repeats	NA	1	11	0.8312	NA	1	1.4211	Viruses;Duplodnaviria;Heunggongvirae;Uroviricota;Caudoviricetes;;
k127_501270	675	No terminal repeats	NA	1	11	0.8307	NA	1	1.7183	Viruses;Duplodnaviria;Heunggongvirae;Uroviricota;Caudoviricetes;;
k127_322600	1038	No terminal repeats	NA	1	11	0.8279	NA	1	1.7183	Viruses;Duplodnaviria;Heunggongvirae;Uroviricota;Caudoviricetes;;Drexlerviridae
k127_94534	529	No terminal repeats	NA	1	11	0.8276	NA	1	1.7183	Viruses;Duplodnaviria;Heunggongvirae;Uroviricota;Caudoviricetes;;
k127_64602	2085	No terminal repeats	NA	2	11	0.8271	NA	1	1.4595	Viruses;Duplodnaviria;Heunggongvirae;Uroviricota;Caudoviricetes;;
k127_690791	525	No terminal repeats	NA	1	11	0.8268	NA	1	1.2306	Viruses;Duplodnaviria;Heunggongvirae;Uroviricota;Caudoviricetes;;
k127_108636	1269	No terminal repeats	NA	1	11	0.8265	NA	1	1.7183	Viruses;Duplodnaviria;Heunggongvirae;Uroviricota;Caudoviricetes;;
k127_217317	487	No terminal repeats	NA	1	11	0.8261	NA	1	1.2746	Viruses;Duplodnaviria;Heunggongvirae;Uroviricota;Caudoviricetes;;
k127_618168	961	No terminal repeats	NA	1	11	0.8250	NA	1	1.7183	Viruses;Duplodnaviria;Heunggongvirae;Uroviricota;Caudoviricetes;;
k127_641147	306	No terminal repeats	NA	1	11	0.8246	NA	1	1.7161	Viruses;Duplodnaviria;Heunggongvirae;Uroviricota;Caudoviricetes;;
k127_529265	339	No terminal repeats	NA	1	11	0.8245	NA	1	1.0089	Viruses;Duplodnaviria;Heunggongvirae;Uroviricota;Caudoviricetes;;
k127_317938	429	No terminal repeats	NA	1	11	0.8245	NA	1	1.2484	Viruses;Duplodnaviria;Heunggongvirae;Uroviricota;Caudoviricetes;;
k127_308035	256	No terminal repeats	NA	1	11	0.8244	NA	1	1.3153	Viruses;Duplodnaviria;Heunggongvirae;Uroviricota;Caudoviricetes;;
k127_42728	230	No terminal repeats	NA	1	11	0.8241	NA	1	1.7161	Viruses;Duplodnaviria;Heunggongvirae;Uroviricota;Caudoviricetes;;
k127_322400	596	No terminal repeats	NA	1	11	0.8240	NA	1	1.2306	Viruses;Duplodnaviria;Heunggongvirae;Uroviricota;Caudoviricetes;;
k127_22011	325	No terminal repeats	NA	1	11	0.8234	NA	1	1.1499	Viruses;Duplodnaviria;Heunggongvirae;Uroviricota;Caudoviricetes;;
k127_471498	796	No terminal repeats	NA	1	11	0.8233	NA	1	1.4512	Viruses;Duplodnaviria;Heunggongvirae;Uroviricota;Caudoviricetes;;
k127_587268	455	No terminal repeats	NA	1	11	0.8222	NA	1	1.7161	Viruses;Duplodnaviria;Heunggongvirae;Uroviricota;Caudoviricetes;;
k127_113969	1317	No terminal repeats	NA	2	11	0.8221	NA	1	1.7183	Viruses;Duplodnaviria;Heunggongvirae;Uroviricota;Caudoviricetes;;
k127_583061	465	No terminal repeats	NA	2	11	0.8209	NA	1	1.3153	Viruses;Duplodnaviria;Heunggongvirae;Uroviricota;Caudoviricetes;;
k127_520735	353	No terminal repeats	NA	1	11	0.8208	NA	1	1.3558	Viruses;Duplodnaviria;Heunggongvirae;Uroviricota;Caudoviricetes;;
k127_119994	588	No terminal repeats	NA	1	11	0.8205	NA	1	1.7159	Viruses;Duplodnaviria;Heunggongvirae;Uroviricota;Caudoviricetes;;
k127_90814	1109	No terminal repeats	NA	2	11	0.8199	NA	1	1.4698	Viruses;Duplodnaviria;Heunggongvirae;Uroviricota;Caudoviricetes;;
k127_178555	981	No terminal repeats	NA	1	11	0.8194	NA	1	1.7183	Viruses;Riboviria;Orthornavirae;Pisuviricota;Duplopiviricetes;Durnavirales;Partitiviridae
k127_69151	850	No terminal repeats	NA	1	11	0.8189	NA	1	1.2306	Viruses;Duplodnaviria;Heunggongvirae;Uroviricota;Caudoviricetes;;
k127_60279	1428	No terminal repeats	NA	1	11	0.8183	NA	1	1.7183	Viruses;Duplodnaviria;Heunggongvirae;Uroviricota;Caudoviricetes;;
k127_626729	453	No terminal repeats	NA	1	11	0.8164	NA	1	1.7183	Viruses;Duplodnaviria;Heunggongvirae;Uroviricota;Caudoviricetes;;
k127_208131	525	No terminal repeats	NA	1	11	0.8161	NA	1	1.6868	Viruses;Duplodnaviria;Heunggongvirae;Uroviricota;Caudoviricetes;;
k127_630142	689	No terminal repeats	NA	1	11	0.8155	NA	1	1.3050	Viruses;Duplodnaviria;Heunggongvirae;Uroviricota;Caudoviricetes;;
k127_698600	362	No terminal repeats	NA	1	11	0.8128	NA	1	1.3377	Viruses;Duplodnaviria;Heunggongvirae;Uroviricota;Caudoviricetes;;Mesyanzhinovviridae
k127_644	483	No terminal repeats	NA	2	11	0.8126	NA	1	3.2932	Viruses;Duplodnaviria;Heunggongvirae;Uroviricota;Caudoviricetes;;
k127_111662	353	No terminal repeats	NA	1	11	0.8123	NA	1	1.6696	Viruses;Duplodnaviria;Heunggongvirae;Uroviricota;Caudoviricetes;;
k127_647654	433	No terminal repeats	NA	1	11	0.8122	NA	1	1.2583	Viruses;Duplodnaviria;Heunggongvirae;Uroviricota;Caudoviricetes;;
k127_103669	587	No terminal repeats	NA	2	11	0.8112	NA	1	1.7183	Viruses;Duplodnaviria;Heunggongvirae;Uroviricota;Caudoviricetes;;
k127_507666	1462	No terminal repeats	NA	2	11	0.8105	NA	1	1.7183	Viruses;Duplodnaviria;Heunggongvirae;Uroviricota;Caudoviricetes;;
k127_573280	386	No terminal repeats	NA	1	11	0.8097	NA	1	1.2632	Viruses;Duplodnaviria;Heunggongvirae;Uroviricota;Caudoviricetes;;
k127_520552	1632	No terminal repeats	NA	1	11	0.8096	NA	1	1.0383	Viruses;Duplodnaviria;Heunggongvirae;Uroviricota;Caudoviricetes;;
k127_110522	668	No terminal repeats	NA	1	11	0.8090	NA	1	1.7183	Viruses;Duplodnaviria;Heunggongvirae;Uroviricota;Caudoviricetes;;
k127_521134	2505	No terminal repeats	NA	1	11	0.8076	NA	0	1.7183	Viruses;Duplodnaviria;Heunggongvirae;Uroviricota;Caudoviricetes;;
k127_476420	764	No terminal repeats	NA	1	11	0.8074	NA	1	1.7183	Viruses;Duplodnaviria;Heunggongvirae;Uroviricota;Caudoviricetes;;
k127_435423	1627	No terminal repeats	NA	4	11	0.8073	NA	1	5.0630	Viruses;Duplodnaviria;Heunggongvirae;Uroviricota;Caudoviricetes;;
k127_535070	384	No terminal repeats	NA	1	11	0.8066	NA	1	1.2934	Viruses;Duplodnaviria;Heunggongvirae;Uroviricota;Caudoviricetes;;
k127_468449	620	No terminal repeats	NA	1	11	0.8060	NA	1	1.7183	Viruses;Duplodnaviria;Heunggongvirae;Uroviricota;Caudoviricetes;;
k127_302633	367	No terminal repeats	NA	1	11	0.8059	NA	1	1.6270	Viruses;Duplodnaviria;Heunggongvirae;Uroviricota;Caudoviricetes;;
k127_131869	457	No terminal repeats	NA	2	11	0.8053	NA	1	1.4414	Viruses;Duplodnaviria;Heunggongvirae;Uroviricota;Caudoviricetes;;
k127_56613	330	No terminal repeats	NA	1	11	0.8052	NA	1	1.3663	Viruses;Duplodnaviria;Heunggongvirae;Uroviricota;Caudoviricetes;;
k127_482290	431	No terminal repeats	NA	1	11	0.8050	NA	1	1.4880	Viruses;Duplodnaviria;Heunggongvirae;Uroviricota;Caudoviricetes;;
k127_636940	457	No terminal repeats	NA	2	11	0.8047	NA	1	1.6774	Viruses;Duplodnaviria;Heunggongvirae;Uroviricota;Caudoviricetes;;
k127_647274	2698	No terminal repeats	NA	1	11	0.8046	NA	0	1.7183	Viruses;Duplodnaviria;Heunggongvirae;Uroviricota;Caudoviricetes;;
k127_230609	403	No terminal repeats	NA	1	11	0.8037	NA	1	1.3639	Viruses;Duplodnaviria;Heunggongvirae;Uroviricota;Caudoviricetes;;
k127_86269	389	No terminal repeats	NA	1	11	0.8030	NA	1	1.2847	Viruses;Duplodnaviria;Heunggongvirae;Uroviricota;Caudoviricetes;;
k127_403021	816	No terminal repeats	NA	2	11	0.8029	NA	1	1.4698	Viruses;Duplodnaviria;Heunggongvirae;Uroviricota;Caudoviricetes;;
k127_556161	513	No terminal repeats	NA	1	11	0.8023	NA	1	1.7183	Viruses;Duplodnaviria;Heunggongvirae;Uroviricota;Caudoviricetes;;
k127_639321	399	No terminal repeats	NA	2	11	0.8020	NA	1	1.7183	Viruses;Duplodnaviria;Heunggongvirae;Uroviricota;Caudoviricetes;;
k127_231875	1298	No terminal repeats	NA	3	11	0.8016	NA	1	3.1468	Viruses;Duplodnaviria;Heunggongvirae;Uroviricota;Caudoviricetes;;
k127_397671	433	No terminal repeats	NA	1	11	0.7999	NA	1	0.9531	Viruses;Duplodnaviria;Heunggongvirae;Uroviricota;Caudoviricetes;;
k127_588714	466	No terminal repeats	NA	1	11	0.7988	NA	1	1.5231	Viruses;Duplodnaviria;Heunggongvirae;Uroviricota;Caudoviricetes;;
k127_53112	332	No terminal repeats	NA	1	11	0.7981	NA	1	1.2753	Viruses;Duplodnaviria;Heunggongvirae;Uroviricota;Caudoviricetes;;
k127_296432	517	No terminal repeats	NA	1	11	0.7961	NA	1	1.2306	Viruses;Duplodnaviria;Heunggongvirae;Uroviricota;Caudoviricetes;;
k127_308332	595	No terminal repeats	NA	2	11	0.7958	NA	1	1.4698	Viruses;Duplodnaviria;Heunggongvirae;Uroviricota;Caudoviricetes;;
k127_504735	685	No terminal repeats	NA	1	11	0.7955	NA	1	1.2108	Unclassified
k127_91881	513	No terminal repeats	NA	1	11	0.7955	NA	1	1.7183	Viruses;Duplodnaviria;Heunggongvirae;Uroviricota;Caudoviricetes;;
k127_362101	417	No terminal repeats	NA	1	11	0.7944	NA	1	1.2306	Viruses;Duplodnaviria;Heunggongvirae;Uroviricota;Caudoviricetes;;
k127_376573	484	No terminal repeats	NA	1	11	0.7941	NA	1	1.7183	Viruses;Duplodnaviria;Heunggongvirae;Uroviricota;Caudoviricetes;;
k127_612894	751	No terminal repeats	NA	1	11	0.7940	NA	1	1.2306	Viruses;Duplodnaviria;Heunggongvirae;Uroviricota;Caudoviricetes;;
k127_317655	1048	No terminal repeats	NA	2	11	0.7938	NA	1	1.7161	Viruses;Duplodnaviria;Heunggongvirae;Uroviricota;Caudoviricetes;;
k127_366926	403	No terminal repeats	NA	1	11	0.7925	NA	1	1.3856	Viruses;Duplodnaviria;Heunggongvirae;Uroviricota;Caudoviricetes;;
k127_362486	349	No terminal repeats	NA	1	11	0.7922	NA	1	1.2271	Viruses;Duplodnaviria;Heunggongvirae;Uroviricota;Caudoviricetes;;
k127_182910	398	No terminal repeats	NA	1	11	0.7917	NA	1	1.4073	Viruses;Duplodnaviria;Heunggongvirae;Uroviricota;Caudoviricetes;;
k127_542793	368	No terminal repeats	NA	1	11	0.7900	NA	1	1.0146	Viruses;Duplodnaviria;Heunggongvirae;Uroviricota;Caudoviricetes;;
k127_176355	799	No terminal repeats	NA	1	11	0.7888	NA	1	1.7183	Viruses;Duplodnaviria;Heunggongvirae;Uroviricota;Caudoviricetes;;
k127_617214	791	No terminal repeats	NA	1	11	0.7884	NA	1	1.7183	Viruses;Duplodnaviria;Heunggongvirae;Uroviricota;Caudoviricetes;;
k127_709446	324	No terminal repeats	NA	1	11	0.7883	NA	1	1.3450	Viruses;Duplodnaviria;Heunggongvirae;Uroviricota;Caudoviricetes;;
k127_368010	926	No terminal repeats	NA	1	11	0.7878	NA	1	1.3663	Viruses;Duplodnaviria;Heunggongvirae;Uroviricota;Caudoviricetes;;
k127_557630	4324	No terminal repeats	NA	3	11	0.7878	NA	0	0.8392	Viruses;Duplodnaviria;Heunggongvirae;Uroviricota;Caudoviricetes;;
k127_483632	1446	No terminal repeats	NA	1	11	0.7874	NA	1	1.7183	Viruses;Duplodnaviria;Heunggongvirae;Uroviricota;Caudoviricetes;;
k127_227340	310	No terminal repeats	NA	1	11	0.7871	NA	1	1.2753	Viruses;Duplodnaviria;Heunggongvirae;Uroviricota;Caudoviricetes;;
k127_428054	1223	No terminal repeats	NA	1	11	0.7866	NA	1	1.7183	Viruses;Duplodnaviria;Heunggongvirae;Uroviricota;Caudoviricetes;;
k127_278775	470	No terminal repeats	NA	1	11	0.7862	NA	1	1.0756	Viruses;Duplodnaviria;Heunggongvirae;Uroviricota;Caudoviricetes;;
k127_478809	319	No terminal repeats	NA	1	11	0.7846	NA	1	1.3562	Viruses;Duplodnaviria;Heunggongvirae;Uroviricota;Caudoviricetes;;
k127_585149	648	No terminal repeats	NA	1	11	0.7824	NA	1	1.7183	Viruses;Duplodnaviria;Heunggongvirae;Uroviricota;Caudoviricetes;;
k127_222670	932	No terminal repeats	NA	2	11	0.7810	NA	1	1.7161	Viruses;Duplodnaviria;Heunggongvirae;Uroviricota;Caudoviricetes;;
k127_413998	324	No terminal repeats	NA	1	11	0.7808	NA	1	1.7069	Viruses;Duplodnaviria;Heunggongvirae;Uroviricota;Caudoviricetes;;
k127_259777	963	No terminal repeats	NA	2	11	0.7802	NA	1	2.7375	Viruses;Duplodnaviria;Heunggongvirae;Uroviricota;Caudoviricetes;;
k127_200224	542	No terminal repeats	NA	2	11	0.7793	NA	1	1.7157	Viruses;Duplodnaviria;Heunggongvirae;Uroviricota;Caudoviricetes;;
k127_419727	1247	No terminal repeats	NA	1	11	0.7792	NA	1	1.7183	Viruses;Duplodnaviria;Heunggongvirae;Uroviricota;Caudoviricetes;;
k127_559947	370	No terminal repeats	NA	1	11	0.7764	NA	1	1.6235	Unclassified
k127_708375	340	No terminal repeats	NA	1	11	0.7754	NA	1	1.2271	Viruses;Duplodnaviria;Heunggongvirae;Uroviricota;Caudoviricetes;;
k127_155779	344	No terminal repeats	NA	1	11	0.7748	NA	1	1.1329	Viruses;Duplodnaviria;Heunggongvirae;Uroviricota;Caudoviricetes;;
k127_660354	798	No terminal repeats	NA	1	11	0.7739	NA	1	1.7183	Viruses;Duplodnaviria;Heunggongvirae;Uroviricota;Caudoviricetes;;
k127_482026	1282	No terminal repeats	NA	2	11	0.7734	NA	2	2.2970	Viruses;Duplodnaviria;Heunggongvirae;Uroviricota;Caudoviricetes;;
k127_236883	921	No terminal repeats	NA	1	11	0.7724	NA	1	1.3153	Viruses;Duplodnaviria;Heunggongvirae;Uroviricota;Caudoviricetes;;
k127_94971	560	No terminal repeats	NA	1	11	0.7710	NA	1	1.3595	Unclassified
k127_683255	522	No terminal repeats	NA	1	11	0.7701	NA	1	1.3139	Viruses;Duplodnaviria;Heunggongvirae;Uroviricota;Caudoviricetes;;
k127_330247	6628	ITR	NA	4	4	0.7696	NA	0	1.4239	Unclassified
k127_136650	865	No terminal repeats	NA	1	11	0.7690	NA	1	1.2306	Viruses;Duplodnaviria;Heunggongvirae;Uroviricota;Caudoviricetes;;
k127_45736	326	No terminal repeats	NA	1	11	0.7681	NA	1	1.6889	Viruses;Duplodnaviria;Heunggongvirae;Uroviricota;Caudoviricetes;;
k127_76379	533	No terminal repeats	NA	1	11	0.7675	NA	1	1.4211	Viruses;Duplodnaviria;Heunggongvirae;Uroviricota;Caudoviricetes;;
k127_314758	353	No terminal repeats	NA	1	11	0.7668	NA	1	1.6623	Viruses;Duplodnaviria;Heunggongvirae;Uroviricota;Caudoviricetes;;
k127_46885	332	No terminal repeats	NA	1	11	0.7667	NA	1	1.0089	Viruses;Duplodnaviria;Heunggongvirae;Uroviricota;Caudoviricetes;;
k127_311845	1001	No terminal repeats	NA	2	11	0.7655	NA	1	1.7161	Viruses;Duplodnaviria;Heunggongvirae;Uroviricota;Caudoviricetes;;
k127_503775	1536	No terminal repeats	NA	2	11	0.7653	NA	1	1.1602	Viruses;Duplodnaviria;Heunggongvirae;Uroviricota;Caudoviricetes;;
k127_84723	1013	No terminal repeats	NA	1	11	0.7653	NA	1	1.7167	Unclassified
k127_409731	1432	No terminal repeats	NA	3	11	0.7647	NA	1	1.4979	Viruses;Duplodnaviria;Heunggongvirae;Uroviricota;Caudoviricetes;;
k127_394161	342	No terminal repeats	NA	1	11	0.7645	NA	1	1.3562	Viruses;Duplodnaviria;Heunggongvirae;Uroviricota;Caudoviricetes;;
k127_318546	350	No terminal repeats	NA	1	11	0.7639	NA	1	1.4057	Viruses;Duplodnaviria;Heunggongvirae;Uroviricota;Caudoviricetes;;
k127_573757	380	No terminal repeats	NA	1	11	0.7636	NA	1	1.3960	Viruses;Duplodnaviria;Heunggongvirae;Uroviricota;Caudoviricetes;;
k127_94015	473	No terminal repeats	NA	2	11	0.7631	NA	1	1.6774	Viruses;Duplodnaviria;Heunggongvirae;Uroviricota;Caudoviricetes;;
k127_342587	1170	No terminal repeats	NA	2	11	0.7625	NA	2	3.1399	Viruses;Duplodnaviria;Heunggongvirae;Uroviricota;Caudoviricetes;;
k127_551963	473	No terminal repeats	NA	1	11	0.7609	NA	1	1.6270	Viruses;Duplodnaviria;Heunggongvirae;Uroviricota;Caudoviricetes;;
k127_672007	414	No terminal repeats	NA	1	11	0.7596	NA	1	1.2927	Viruses;Duplodnaviria;Heunggongvirae;Uroviricota;Caudoviricetes;;
k127_101831	1392	No terminal repeats	NA	1	11	0.7591	NA	1	1.2306	Viruses;Duplodnaviria;Heunggongvirae;Uroviricota;Caudoviricetes;;
k127_624670	622	No terminal repeats	NA	1	11	0.7583	NA	1	1.2306	Viruses;Duplodnaviria;Heunggongvirae;Uroviricota;Caudoviricetes;;
k127_247583	727	No terminal repeats	NA	1	11	0.7578	NA	1	1.4749	Viruses;Duplodnaviria;Heunggongvirae;Uroviricota;Caudoviricetes;;
k127_282415	395	No terminal repeats	NA	1	11	0.7574	NA	1	1.1678	Viruses;Duplodnaviria;Heunggongvirae;Uroviricota;Caudoviricetes;;
k127_19273	964	No terminal repeats	NA	1	11	0.7570	NA	1	1.7183	Viruses;Duplodnaviria;Heunggongvirae;Uroviricota;Caudoviricetes;;
k127_572560	1110	No terminal repeats	NA	2	11	0.7566	NA	1	1.7183	Viruses;Duplodnaviria;Heunggongvirae;Uroviricota;Caudoviricetes;;
k127_551074	375	No terminal repeats	NA	1	11	0.7563	NA	1	1.4049	Viruses;Duplodnaviria;Heunggongvirae;Uroviricota;Caudoviricetes;;
k127_71156	680	No terminal repeats	NA	1	11	0.7559	NA	1	1.7183	Viruses;Duplodnaviria;Heunggongvirae;Uroviricota;Caudoviricetes;;
k127_214796	601	No terminal repeats	NA	2	11	0.7555	NA	1	1.2306	Viruses;Duplodnaviria;Heunggongvirae;Uroviricota;Caudoviricetes;;
k127_466827	1662	No terminal repeats	NA	2	11	0.7537	NA	1	1.7183	Viruses;Duplodnaviria;Heunggongvirae;Uroviricota;Caudoviricetes;;
k127_587602	2665	No terminal repeats	NA	2	11	0.7521	NA	1	1.7183	Viruses;Duplodnaviria;Heunggongvirae;Uroviricota;Caudoviricetes;;
k127_461396	315	No terminal repeats	NA	1	11	0.7521	NA	1	1.3608	Viruses;Duplodnaviria;Heunggongvirae;Uroviricota;Caudoviricetes;;Straboviridae
k127_164379	768	No terminal repeats	NA	2	11	0.7511	NA	1	1.3639	Viruses;Duplodnaviria;Heunggongvirae;Uroviricota;Caudoviricetes;;
k127_154808	1779	No terminal repeats	NA	2	11	0.7504	NA	1	1.7183	Viruses;Duplodnaviria;Heunggongvirae;Uroviricota;Caudoviricetes;;
k127_389344	832	No terminal repeats	NA	1	11	0.7504	NA	1	1.2277	Viruses;Duplodnaviria;Heunggongvirae;Uroviricota;Caudoviricetes;;
k127_196039	661	No terminal repeats	NA	2	11	0.7500	NA	1	1.2306	Viruses;Duplodnaviria;Heunggongvirae;Uroviricota;Caudoviricetes;;
k127_377385	733	No terminal repeats	NA	1	11	0.7494	NA	1	1.2306	Viruses;Duplodnaviria;Heunggongvirae;Uroviricota;Caudoviricetes;;
k127_568666	1082	No terminal repeats	NA	1	11	0.7490	NA	1	1.7183	Viruses;Riboviria;Orthornavirae;Pisuviricota;Duplopiviricetes;Durnavirales;Partitiviridae
k127_593308	742	No terminal repeats	NA	2	11	0.7479	NA	1	1.7183	Viruses;Duplodnaviria;Heunggongvirae;Uroviricota;Caudoviricetes;;
k127_609759	323	No terminal repeats	NA	1	11	0.7476	NA	1	1.2271	Viruses;Duplodnaviria;Heunggongvirae;Uroviricota;Caudoviricetes;;
k127_560509	302	No terminal repeats	NA	1	11	0.7472	NA	1	1.6972	Viruses;Duplodnaviria;Heunggongvirae;Uroviricota;Caudoviricetes;;
k127_369730	310	No terminal repeats	NA	1	11	0.7470	NA	1	1.6746	Viruses;Duplodnaviria;Heunggongvirae;Uroviricota;Caudoviricetes;;
k127_272500	328	No terminal repeats	NA	1	11	0.7464	NA	1	1.3562	Viruses;Duplodnaviria;Heunggongvirae;Uroviricota;Caudoviricetes;;
k127_576736	1339	No terminal repeats	NA	1	11	0.7458	NA	1	1.2094	Viruses;Duplodnaviria;Heunggongvirae;Uroviricota;Caudoviricetes;;
k127_669161	370	No terminal repeats	NA	1	11	0.7448	NA	1	1.1331	Unclassified
k127_546757	689	No terminal repeats	NA	2	11	0.7435	NA	1	1.7161	Viruses;Duplodnaviria;Heunggongvirae;Uroviricota;Caudoviricetes;;
k127_80559	1139	No terminal repeats	NA	2	11	0.7399	NA	1	1.7183	Viruses;Duplodnaviria;Heunggongvirae;Uroviricota;Caudoviricetes;;
k127_452896	368	No terminal repeats	NA	1	11	0.7398	NA	1	1.4539	Viruses;Duplodnaviria;Heunggongvirae;Uroviricota;Caudoviricetes;;
k127_682722	363	No terminal repeats	NA	1	11	0.7395	NA	1	1.7135	Unclassified
k127_31820	408	No terminal repeats	NA	2	11	0.7389	NA	1	1.6857	Viruses;Duplodnaviria;Heunggongvirae;Uroviricota;Caudoviricetes;;
k127_43075	341	No terminal repeats	NA	2	11	0.7389	NA	1	1.6181	Viruses;Duplodnaviria;Heunggongvirae;Uroviricota;Caudoviricetes;;
k127_174480	771	No terminal repeats	NA	1	11	0.7388	NA	1	1.0610	Viruses;Duplodnaviria;Heunggongvirae;Uroviricota;Caudoviricetes;;
k127_136523	454	No terminal repeats	NA	1	11	0.7381	NA	1	1.4464	Viruses;Duplodnaviria;Heunggongvirae;Uroviricota;Caudoviricetes;;
k127_67418	760	No terminal repeats	NA	1	11	0.7377	NA	1	1.7161	Viruses;Duplodnaviria;Heunggongvirae;Uroviricota;Caudoviricetes;;
k127_689277	399	No terminal repeats	NA	1	11	0.7371	NA	1	1.6245	Viruses;Duplodnaviria;Heunggongvirae;Uroviricota;Caudoviricetes;;
k127_86187	357	No terminal repeats	NA	1	11	0.7365	NA	1	1.1773	Viruses;Duplodnaviria;Heunggongvirae;Uroviricota;Caudoviricetes;;
k127_269267	429	No terminal repeats	NA	1	11	0.7364	NA	1	1.4048	Viruses;Duplodnaviria;Heunggongvirae;Uroviricota;Caudoviricetes;;
k127_665359	334	No terminal repeats	NA	1	11	0.7358	NA	1	1.7132	Unclassified
k127_299653	335	No terminal repeats	NA	1	11	0.7349	NA	1	1.7020	Viruses;Duplodnaviria;Heunggongvirae;Uroviricota;Caudoviricetes;;
k127_554842	611	No terminal repeats	NA	1	11	0.7344	NA	1	1.7183	Viruses;Duplodnaviria;Heunggongvirae;Uroviricota;Caudoviricetes;;
k127_240442	2079	No terminal repeats	NA	1	11	0.7342	NA	1	1.7183	Viruses;Duplodnaviria;Heunggongvirae;Uroviricota;Caudoviricetes;;
k127_221252	1951	No terminal repeats	NA	1	11	0.7333	NA	1	1.7183	Viruses;Duplodnaviria;Heunggongvirae;Uroviricota;Caudoviricetes;;
k127_369333	706	No terminal repeats	NA	1	11	0.7331	NA	1	1.0756	Viruses;Duplodnaviria;Heunggongvirae;Uroviricota;Caudoviricetes;;
k127_646669	378	No terminal repeats	NA	1	11	0.7328	NA	1	1.1499	Viruses;Duplodnaviria;Heunggongvirae;Uroviricota;Caudoviricetes;;
k127_579927	577	No terminal repeats	NA	1	11	0.7310	NA	1	1.4880	Viruses;Duplodnaviria;Heunggongvirae;Uroviricota;Caudoviricetes;;
k127_334772	678	No terminal repeats	NA	1	11	0.7305	NA	1	1.0383	Viruses;Duplodnaviria;Heunggongvirae;Uroviricota;Caudoviricetes;;
k127_190014	1430	No terminal repeats	NA	2	11	0.7288	NA	1	1.7183	Viruses;Duplodnaviria;Heunggongvirae;Uroviricota;Caudoviricetes;;
k127_208033	345	No terminal repeats	NA	1	11	0.7272	NA	1	1.3047	Viruses;Duplodnaviria;Heunggongvirae;Uroviricota;Caudoviricetes;;
k127_426045	518	No terminal repeats	NA	1	11	0.7255	NA	1	1.2995	Viruses;Duplodnaviria;Heunggongvirae;Uroviricota;Caudoviricetes;;Ackermannviridae
k127_260134	1064	No terminal repeats	NA	2	11	0.7254	NA	1	1.7183	Viruses;Duplodnaviria;Heunggongvirae;Uroviricota;Caudoviricetes;;Drexlerviridae
k127_482205	355	No terminal repeats	NA	1	11	0.7252	NA	1	1.3074	Viruses;Duplodnaviria;Heunggongvirae;Uroviricota;Caudoviricetes;;
k127_844	320	No terminal repeats	NA	1	11	0.7245	NA	1	1.4433	Viruses;Duplodnaviria;Heunggongvirae;Uroviricota;Caudoviricetes;;
k127_648919	316	No terminal repeats	NA	1	11	0.7241	NA	1	1.7020	Viruses;Duplodnaviria;Heunggongvirae;Uroviricota;Caudoviricetes;;
k127_478429	1037	No terminal repeats	NA	2	11	0.7234	NA	1	1.4595	Viruses;Duplodnaviria;Heunggongvirae;Uroviricota;Caudoviricetes;;
k127_120461	6648	No terminal repeats	NA	2	11	0.7233	NA	0	0.0000	Unclassified
k127_84462	493	No terminal repeats	NA	2	11	0.7226	NA	1	1.3996	Viruses;Duplodnaviria;Heunggongvirae;Uroviricota;Caudoviricetes;;
k127_634525	439	No terminal repeats	NA	1	11	0.7210	NA	1	1.3639	Viruses;Duplodnaviria;Heunggongvirae;Uroviricota;Caudoviricetes;;
k127_168585	1164	No terminal repeats	NA	4	11	0.7190	NA	1	1.7183	Viruses;Duplodnaviria;Heunggongvirae;Uroviricota;Caudoviricetes;;
k127_500462	901	No terminal repeats	NA	1	11	0.7180	NA	1	0.9221	Viruses;Duplodnaviria;Heunggongvirae;Uroviricota;Caudoviricetes;;Straboviridae
k127_265266	420	No terminal repeats	NA	1	11	0.7176	NA	1	1.1904	Viruses;Duplodnaviria;Heunggongvirae;Uroviricota;Caudoviricetes;;
k127_708476	888	No terminal repeats	NA	2	11	0.7174	NA	1	0.9531	Viruses;Duplodnaviria;Heunggongvirae;Uroviricota;Caudoviricetes;;
k127_688707	1158	No terminal repeats	NA	1	11	0.7166	NA	1	1.4464	Viruses;Duplodnaviria;Heunggongvirae;Uroviricota;Caudoviricetes;;
k127_688990	343	No terminal repeats	NA	1	11	0.7163	NA	1	1.3878	Viruses;Duplodnaviria;Heunggongvirae;Uroviricota;Caudoviricetes;;
k127_61269	1089	No terminal repeats	NA	2	11	0.7150	NA	1	1.7183	Viruses;Duplodnaviria;Heunggongvirae;Uroviricota;Caudoviricetes;;
k127_289866	563	No terminal repeats	NA	1	11	0.7147	NA	1	1.4000	Viruses;Duplodnaviria;Heunggongvirae;Uroviricota;Caudoviricetes;;
k127_631774	481	No terminal repeats	NA	1	11	0.7140	NA	1	1.5231	Viruses;Duplodnaviria;Heunggongvirae;Uroviricota;Caudoviricetes;;
k127_350079	2699	No terminal repeats	NA	1	11	0.7134	NA	0	0.0000	Unclassified
k127_175727	3508	No terminal repeats	NA	5	11	0.7120	NA	0	1.2365	Viruses;Duplodnaviria;Heunggongvirae;Uroviricota;Caudoviricetes;;
k127_508643	313	No terminal repeats	NA	1	11	0.7115	NA	1	1.5091	Viruses;Duplodnaviria;Heunggongvirae;Uroviricota;Caudoviricetes;;
k127_306485	446	No terminal repeats	NA	1	11	0.7113	NA	1	1.2306	Viruses;Duplodnaviria;Heunggongvirae;Uroviricota;Caudoviricetes;;
k127_46006	2937	No terminal repeats	NA	2	11	0.7112	NA	0	1.7183	Viruses;Duplodnaviria;Heunggongvirae;Uroviricota;Caudoviricetes;;
k127_88161	772	No terminal repeats	NA	1	11	0.7102	NA	1	1.2927	Viruses;Duplodnaviria;Heunggongvirae;Uroviricota;Caudoviricetes;;
k127_212140	1052	No terminal repeats	NA	1	11	0.7101	NA	1	1.1262	Viruses;Duplodnaviria;Heunggongvirae;Uroviricota;Caudoviricetes;;
k127_364554	1412	No terminal repeats	NA	2	11	0.7100	NA	1	1.7183	Viruses;Duplodnaviria;Heunggongvirae;Uroviricota;Caudoviricetes;;
k127_208503	341	No terminal repeats	NA	1	11	0.7094	NA	1	1.6969	Unclassified
k127_519415	3452	No terminal repeats	NA	2	11	0.7077	NA	0	1.4877	Viruses;Duplodnaviria;Heunggongvirae;Uroviricota;Caudoviricetes;;Schitoviridae
k127_174856	1324	No terminal repeats	NA	2	4	0.7075	NA	1	1.2647	Viruses;Duplodnaviria;Heunggongvirae;Uroviricota;Caudoviricetes;;
k127_359267	1943	No terminal repeats	NA	1	11	0.7073	NA	1	1.2306	Viruses;Duplodnaviria;Heunggongvirae;Uroviricota;Caudoviricetes;;
k127_529966	918	No terminal repeats	NA	2	11	0.7057	NA	1	1.7183	Viruses;Duplodnaviria;Heunggongvirae;Uroviricota;Caudoviricetes;;
k127_127791	2567	No terminal repeats	NA	5	11	0.7007	NA	0	1.4585	Viruses;Duplodnaviria;Heunggongvirae;Uroviricota;Caudoviricetes;;
