seq_name	length	topology	coordinates	n_genes	genetic_code	virus_score	fdr	n_hallmarks	marker_enrichment	taxonomy
k127_256180	2746	No terminal repeats	NA	6	11	0.9770	NA	0	6.2478	Viruses;Duplodnaviria;Heunggongvirae;Uroviricota;Caudoviricetes;;
k127_118853	1731	No terminal repeats	NA	3	11	0.9756	NA	1	4.6429	Viruses;Duplodnaviria;Heunggongvirae;Uroviricota;Caudoviricetes;;
k127_183659	570	No terminal repeats	NA	2	11	0.9723	NA	1	2.7098	Viruses;Duplodnaviria;Heunggongvirae;Uroviricota;Caudoviricetes;;
k127_31271	470	No terminal repeats	NA	1	11	0.9710	NA	1	1.4820	Viruses;Duplodnaviria;Heunggongvirae;Uroviricota;Caudoviricetes;;
k127_334053	1313	No terminal repeats	NA	1	11	0.9702	NA	1	1.7183	Viruses;Duplodnaviria;Heunggongvirae;Uroviricota;Caudoviricetes;;
k127_147970	434	No terminal repeats	NA	1	11	0.9686	NA	1	1.5240	Viruses;Duplodnaviria;Heunggongvirae;Uroviricota;Caudoviricetes;;
k127_31206	335	No terminal repeats	NA	1	11	0.9681	NA	1	1.4595	Viruses;Duplodnaviria;Heunggongvirae;Uroviricota;Caudoviricetes;;
k127_48445	307	No terminal repeats	NA	1	11	0.9680	NA	1	1.5118	Viruses;Duplodnaviria;Heunggongvirae;Uroviricota;Caudoviricetes;;
k127_362982	951	No terminal repeats	NA	1	11	0.9672	NA	1	1.7183	Viruses;Duplodnaviria;Heunggongvirae;Uroviricota;Caudoviricetes;;
k127_166732	402	No terminal repeats	NA	1	11	0.9657	NA	1	1.7183	Viruses;Duplodnaviria;Heunggongvirae;Uroviricota;Caudoviricetes;;
k127_162396	426	No terminal repeats	NA	1	15	0.9656	NA	1	1.7183	Viruses;Duplodnaviria;Heunggongvirae;Uroviricota;Caudoviricetes;;
k127_69029	9983	No terminal repeats	NA	11	11	0.9651	NA	0	8.5914	Viruses;Duplodnaviria;Heunggongvirae;Uroviricota;Caudoviricetes;;
k127_46800	910	No terminal repeats	NA	1	11	0.9645	NA	1	1.7183	Viruses;Duplodnaviria;Heunggongvirae;Uroviricota;Caudoviricetes;;
k127_447323	2394	No terminal repeats	NA	4	11	0.9642	NA	1	5.1521	Viruses;Duplodnaviria;Heunggongvirae;Uroviricota;Caudoviricetes;;
k127_146019	316	No terminal repeats	NA	1	11	0.9635	NA	1	1.4698	Viruses;Duplodnaviria;Heunggongvirae;Uroviricota;Caudoviricetes;;
k127_299778	622	No terminal repeats	NA	1	11	0.9631	NA	1	1.7183	Viruses;Duplodnaviria;Heunggongvirae;Uroviricota;Caudoviricetes;;
k127_355741	364	No terminal repeats	NA	1	11	0.9629	NA	1	1.7183	Viruses;Duplodnaviria;Heunggongvirae;Uroviricota;Caudoviricetes;;
k127_293467	340	No terminal repeats	NA	1	11	0.9629	NA	1	1.7183	Viruses;Duplodnaviria;Heunggongvirae;Uroviricota;Caudoviricetes;;
k127_236112	469	No terminal repeats	NA	1	11	0.9627	NA	1	1.7183	Viruses;Duplodnaviria;Heunggongvirae;Uroviricota;Caudoviricetes;;
k127_12404	503	No terminal repeats	NA	1	11	0.9627	NA	1	1.7183	Viruses;Duplodnaviria;Heunggongvirae;Uroviricota;Caudoviricetes;;
k127_226842	350	No terminal repeats	NA	1	11	0.9627	NA	1	1.7183	Viruses;Duplodnaviria;Heunggongvirae;Uroviricota;Caudoviricetes;;
k127_440443	390	No terminal repeats	NA	1	11	0.9626	NA	1	1.4698	Viruses;Duplodnaviria;Heunggongvirae;Uroviricota;Caudoviricetes;;
k127_367126	309	No terminal repeats	NA	1	11	0.9626	NA	1	1.7183	Viruses;Duplodnaviria;Heunggongvirae;Uroviricota;Caudoviricetes;;
k127_33336	303	No terminal repeats	NA	1	11	0.9622	NA	1	1.7183	Viruses;Duplodnaviria;Heunggongvirae;Uroviricota;Caudoviricetes;;
k127_93086	369	No terminal repeats	NA	1	11	0.9618	NA	1	1.7183	Viruses;Duplodnaviria;Heunggongvirae;Uroviricota;Caudoviricetes;;
k127_229927	384	No terminal repeats	NA	1	11	0.9616	NA	1	1.7183	Viruses;Duplodnaviria;Heunggongvirae;Uroviricota;Caudoviricetes;;
k127_54449	877	No terminal repeats	NA	1	11	0.9614	NA	1	1.7183	Viruses;Duplodnaviria;Heunggongvirae;Uroviricota;Caudoviricetes;;
k127_2916	304	No terminal repeats	NA	1	11	0.9612	NA	1	1.5164	Viruses;Duplodnaviria;Heunggongvirae;Uroviricota;Caudoviricetes;;
k127_128304	462	No terminal repeats	NA	1	11	0.9606	NA	1	1.4798	Viruses;Duplodnaviria;Heunggongvirae;Uroviricota;Caudoviricetes;;
k127_51265	497	No terminal repeats	NA	1	11	0.9605	NA	1	1.7183	Viruses;Duplodnaviria;Heunggongvirae;Uroviricota;Caudoviricetes;;
k127_85211	710	No terminal repeats	NA	1	11	0.9596	NA	1	1.4781	Viruses;Duplodnaviria;Heunggongvirae;Uroviricota;Caudoviricetes;;
k127_267933	406	No terminal repeats	NA	1	11	0.9595	NA	1	1.7183	Viruses;Duplodnaviria;Heunggongvirae;Uroviricota;Caudoviricetes;;
k127_54770	328	No terminal repeats	NA	1	11	0.9593	NA	1	1.4840	Unclassified
k127_419397	450	No terminal repeats	NA	1	11	0.9590	NA	1	1.4595	Viruses;Duplodnaviria;Heunggongvirae;Uroviricota;Caudoviricetes;;
k127_175027	4218	No terminal repeats	NA	9	11	0.9588	NA	0	2.5093	Viruses;Duplodnaviria;Heunggongvirae;Uroviricota;Caudoviricetes;;
k127_328582	409	No terminal repeats	NA	1	11	0.9584	NA	1	1.7183	Viruses;Duplodnaviria;Heunggongvirae;Uroviricota;Caudoviricetes;;
k127_185520	314	No terminal repeats	NA	2	11	0.9583	NA	1	1.7183	Viruses;Duplodnaviria;Heunggongvirae;Uroviricota;Caudoviricetes;;Herelleviridae
k127_432880	2060	No terminal repeats	NA	3	11	0.9582	NA	1	5.1548	Viruses;Duplodnaviria;Heunggongvirae;Uroviricota;Caudoviricetes;;
k127_36036	631	No terminal repeats	NA	1	11	0.9573	NA	1	1.7183	Viruses;Duplodnaviria;Heunggongvirae;Uroviricota;Caudoviricetes;;
k127_237239	459	No terminal repeats	NA	1	11	0.9570	NA	1	1.7183	Viruses;Duplodnaviria;Heunggongvirae;Uroviricota;Caudoviricetes;;
k127_217632	306	No terminal repeats	NA	1	11	0.9569	NA	1	1.5240	Viruses;Duplodnaviria;Heunggongvirae;Uroviricota;Caudoviricetes;;
k127_69159	611	No terminal repeats	NA	1	11	0.9560	NA	1	1.7183	Viruses;Duplodnaviria;Heunggongvirae;Uroviricota;Caudoviricetes;;
k127_110322	319	No terminal repeats	NA	1	11	0.9558	NA	1	1.7183	Viruses;Duplodnaviria;Heunggongvirae;Uroviricota;Caudoviricetes;;
k127_109815	488	No terminal repeats	NA	1	11	0.9540	NA	1	1.7183	Viruses;Duplodnaviria;Heunggongvirae;Uroviricota;Caudoviricetes;;
k127_485493	455	No terminal repeats	NA	1	11	0.9539	NA	1	1.7183	Viruses;Duplodnaviria;Heunggongvirae;Uroviricota;Caudoviricetes;;Herelleviridae
k127_419741	319	No terminal repeats	NA	1	11	0.9539	NA	1	1.7183	Viruses;Duplodnaviria;Heunggongvirae;Uroviricota;Caudoviricetes;;
k127_14588	1980	No terminal repeats	NA	2	11	0.9538	NA	1	2.8214	Viruses;Duplodnaviria;Heunggongvirae;Uroviricota;Caudoviricetes;;
k127_422546	688	No terminal repeats	NA	2	11	0.9537	NA	1	3.4366	Viruses;Duplodnaviria;Heunggongvirae;Uroviricota;Caudoviricetes;;
k127_47190	754	No terminal repeats	NA	1	11	0.9536	NA	1	1.7183	Viruses;Duplodnaviria;Heunggongvirae;Uroviricota;Caudoviricetes;;
k127_228931	911	No terminal repeats	NA	2	11	0.9533	NA	2	2.6765	Viruses;Duplodnaviria;Heunggongvirae;Uroviricota;Caudoviricetes;;
k127_371738	353	No terminal repeats	NA	1	11	0.9533	NA	1	1.7183	Viruses;Duplodnaviria;Heunggongvirae;Uroviricota;Caudoviricetes;;
k127_32617	392	No terminal repeats	NA	1	11	0.9531	NA	1	1.4749	Viruses;Duplodnaviria;Heunggongvirae;Uroviricota;Caudoviricetes;;
k127_111707	2668	No terminal repeats	NA	1	11	0.9528	NA	0	1.7183	Viruses;Duplodnaviria;Heunggongvirae;Uroviricota;Caudoviricetes;;
k127_399567	373	No terminal repeats	NA	1	11	0.9526	NA	1	1.7183	Viruses;Duplodnaviria;Heunggongvirae;Uroviricota;Caudoviricetes;;
k127_308379	430	No terminal repeats	NA	1	11	0.9522	NA	1	1.4595	Viruses;Duplodnaviria;Heunggongvirae;Uroviricota;Caudoviricetes;;
k127_445401	310	No terminal repeats	NA	1	11	0.9522	NA	1	1.7183	Viruses;Duplodnaviria;Heunggongvirae;Uroviricota;Caudoviricetes;;
k127_373479	428	No terminal repeats	NA	1	11	0.9518	NA	1	1.7183	Unclassified
k127_477867	325	No terminal repeats	NA	1	11	0.9516	NA	1	1.7183	Unclassified
k127_289257	309	No terminal repeats	NA	1	11	0.9516	NA	1	1.7183	Viruses;Duplodnaviria;Heunggongvirae;Uroviricota;Caudoviricetes;;
k127_78819	353	No terminal repeats	NA	1	11	0.9513	NA	1	1.7183	Viruses;Duplodnaviria;Heunggongvirae;Uroviricota;Caudoviricetes;;Drexlerviridae
k127_193058	335	No terminal repeats	NA	1	11	0.9512	NA	1	1.7183	Viruses;Duplodnaviria;Heunggongvirae;Uroviricota;Caudoviricetes;;
k127_248409	308	No terminal repeats	NA	1	11	0.9505	NA	1	1.5292	Viruses;Duplodnaviria;Heunggongvirae;Uroviricota;Caudoviricetes;;
k127_435301	322	No terminal repeats	NA	1	11	0.9504	NA	1	1.4951	Viruses;Duplodnaviria;Heunggongvirae;Uroviricota;Caudoviricetes;;
k127_289741	305	No terminal repeats	NA	1	11	0.9504	NA	1	1.7183	Viruses;Duplodnaviria;Heunggongvirae;Uroviricota;Caudoviricetes;;
k127_266120	983	No terminal repeats	NA	2	11	0.9503	NA	1	2.9266	Viruses;Duplodnaviria;Heunggongvirae;Uroviricota;Caudoviricetes;;
k127_234283	787	No terminal repeats	NA	2	11	0.9503	NA	1	1.7183	Viruses;Duplodnaviria;Heunggongvirae;Uroviricota;Caudoviricetes;;
k127_433407	612	No terminal repeats	NA	1	11	0.9502	NA	1	1.7183	Viruses;Duplodnaviria;Heunggongvirae;Uroviricota;Caudoviricetes;;
k127_241799	641	No terminal repeats	NA	2	11	0.9502	NA	1	3.4366	Viruses;Duplodnaviria;Heunggongvirae;Uroviricota;Caudoviricetes;;
k127_190538	345	No terminal repeats	NA	1	11	0.9499	NA	1	1.7183	Viruses;Duplodnaviria;Heunggongvirae;Uroviricota;Caudoviricetes;;
k127_84472	740	No terminal repeats	NA	1	11	0.9482	NA	1	1.4595	Viruses;Duplodnaviria;Heunggongvirae;Uroviricota;Caudoviricetes;;
k127_93194	347	No terminal repeats	NA	1	11	0.9478	NA	1	1.7183	Viruses;Duplodnaviria;Heunggongvirae;Uroviricota;Caudoviricetes;;Ackermannviridae
k127_45151	514	No terminal repeats	NA	1	11	0.9469	NA	1	1.7183	Viruses;Duplodnaviria;Heunggongvirae;Uroviricota;Caudoviricetes;;
k127_60945	365	No terminal repeats	NA	1	11	0.9464	NA	1	1.7183	Viruses;Duplodnaviria;Heunggongvirae;Uroviricota;Caudoviricetes;;
k127_26570	606	No terminal repeats	NA	1	11	0.9464	NA	1	1.7183	Viruses;Duplodnaviria;Heunggongvirae;Uroviricota;Caudoviricetes;;
k127_329813	1312	No terminal repeats	NA	2	11	0.9463	NA	1	2.4912	Viruses;Duplodnaviria;Heunggongvirae;Uroviricota;Caudoviricetes;;
k127_125308	926	No terminal repeats	NA	1	11	0.9462	NA	1	1.7183	Viruses;Riboviria;Orthornavirae;Kitrinoviricota;Magsaviricetes;Nodamuvirales;Nodaviridae
k127_116653	757	No terminal repeats	NA	1	11	0.9461	NA	1	1.7183	Viruses;Duplodnaviria;Heunggongvirae;Uroviricota;Caudoviricetes;;
k127_258646	327	No terminal repeats	NA	1	11	0.9460	NA	1	1.4840	Unclassified
k127_439883	303	No terminal repeats	NA	1	11	0.9460	NA	1	1.7183	Viruses;Duplodnaviria;Heunggongvirae;Uroviricota;Caudoviricetes;;
k127_385733	311	No terminal repeats	NA	1	11	0.9451	NA	1	1.3087	Viruses;Duplodnaviria;Heunggongvirae;Uroviricota;Caudoviricetes;;
k127_118683	379	No terminal repeats	NA	1	15	0.9450	NA	1	1.7183	Viruses;Duplodnaviria;Heunggongvirae;Uroviricota;Caudoviricetes;;
k127_303991	316	No terminal repeats	NA	1	11	0.9450	NA	1	1.7183	Viruses;Duplodnaviria;Heunggongvirae;Uroviricota;Caudoviricetes;;
k127_6884	372	No terminal repeats	NA	1	11	0.9444	NA	1	1.7183	Viruses;Duplodnaviria;Heunggongvirae;Uroviricota;Caudoviricetes;;
k127_462816	303	No terminal repeats	NA	1	11	0.9443	NA	1	1.7183	Viruses;Duplodnaviria;Heunggongvirae;Uroviricota;Caudoviricetes;;
k127_121124	382	No terminal repeats	NA	1	11	0.9442	NA	1	1.7183	Viruses;Duplodnaviria;Heunggongvirae;Uroviricota;Caudoviricetes;;
k127_468583	1040	No terminal repeats	NA	2	11	0.9436	NA	2	2.9626	Viruses;Duplodnaviria;Heunggongvirae;Uroviricota;Caudoviricetes;;
k127_384007	362	No terminal repeats	NA	1	11	0.9432	NA	1	1.7183	Viruses;Duplodnaviria;Heunggongvirae;Uroviricota;Caudoviricetes;;
k127_153880	380	No terminal repeats	NA	1	11	0.9430	NA	1	1.7183	Viruses;Duplodnaviria;Heunggongvirae;Uroviricota;Caudoviricetes;;
k127_154847	340	No terminal repeats	NA	2	11	0.9429	NA	1	1.7183	Viruses;Duplodnaviria;Heunggongvirae;Uroviricota;Caudoviricetes;;
k127_91400	306	No terminal repeats	NA	1	11	0.9426	NA	1	1.7183	Viruses;Duplodnaviria;Heunggongvirae;Uroviricota;Caudoviricetes;;
k127_90376	416	No terminal repeats	NA	1	11	0.9419	NA	1	1.7183	Unclassified
k127_351965	471	No terminal repeats	NA	1	11	0.9418	NA	1	1.7183	Unclassified
k127_232565	807	No terminal repeats	NA	2	11	0.9417	NA	1	3.4139	Viruses;Duplodnaviria;Heunggongvirae;Uroviricota;Caudoviricetes;;
k127_117241	320	No terminal repeats	NA	1	11	0.9416	NA	1	1.7183	Viruses;Duplodnaviria;Heunggongvirae;Uroviricota;Caudoviricetes;;
k127_416197	488	No terminal repeats	NA	1	11	0.9416	NA	1	1.7183	Viruses;Duplodnaviria;Heunggongvirae;Uroviricota;Caudoviricetes;;
k127_243513	398	No terminal repeats	NA	1	11	0.9415	NA	1	1.7183	Viruses;Duplodnaviria;Heunggongvirae;Uroviricota;Caudoviricetes;;
k127_298490	409	No terminal repeats	NA	1	11	0.9412	NA	1	1.5961	Unclassified
k127_187145	853	No terminal repeats	NA	1	11	0.9412	NA	1	1.7183	Viruses;Duplodnaviria;Heunggongvirae;Uroviricota;Caudoviricetes;;
k127_418582	659	No terminal repeats	NA	3	11	0.9404	NA	1	1.1427	Viruses;Duplodnaviria;Heunggongvirae;Uroviricota;Caudoviricetes;;
k127_379460	404	No terminal repeats	NA	1	11	0.9402	NA	1	1.4595	Viruses;Duplodnaviria;Heunggongvirae;Uroviricota;Caudoviricetes;;
k127_432737	605	No terminal repeats	NA	1	11	0.9400	NA	1	1.7183	Viruses;Riboviria;Orthornavirae;;;;
k127_140203	499	No terminal repeats	NA	2	11	0.9400	NA	1	1.7183	Viruses;Duplodnaviria;Heunggongvirae;Uroviricota;Caudoviricetes;;
k127_12468	692	No terminal repeats	NA	1	11	0.9397	NA	1	1.7183	Viruses;Duplodnaviria;Heunggongvirae;Uroviricota;Caudoviricetes;;
k127_301725	599	No terminal repeats	NA	1	11	0.9394	NA	1	1.5240	Viruses;Duplodnaviria;Heunggongvirae;Uroviricota;Caudoviricetes;;
k127_178492	378	No terminal repeats	NA	1	11	0.9394	NA	1	1.7183	Unclassified
k127_268817	353	No terminal repeats	NA	1	11	0.9393	NA	1	1.7183	Viruses;Duplodnaviria;Heunggongvirae;Uroviricota;Caudoviricetes;;
k127_160364	379	No terminal repeats	NA	1	11	0.9389	NA	1	1.7183	Viruses;Duplodnaviria;Heunggongvirae;Uroviricota;Caudoviricetes;;
k127_388708	362	No terminal repeats	NA	1	11	0.9387	NA	1	1.7183	Viruses;Duplodnaviria;Heunggongvirae;Uroviricota;Caudoviricetes;;Drexlerviridae
k127_146616	322	No terminal repeats	NA	1	11	0.9386	NA	1	1.5070	Viruses;Duplodnaviria;Heunggongvirae;Uroviricota;Caudoviricetes;;
k127_470464	744	No terminal repeats	NA	1	11	0.9386	NA	1	1.5240	Viruses;Duplodnaviria;Heunggongvirae;Uroviricota;Caudoviricetes;;
k127_54918	302	No terminal repeats	NA	1	11	0.9382	NA	1	1.4595	Viruses;Duplodnaviria;Heunggongvirae;Uroviricota;Caudoviricetes;;
k127_31770	832	No terminal repeats	NA	2	11	0.9381	NA	1	3.4366	Viruses;Duplodnaviria;Heunggongvirae;Uroviricota;Caudoviricetes;;
k127_4267	507	No terminal repeats	NA	1	11	0.9381	NA	1	1.7183	Viruses;Duplodnaviria;Heunggongvirae;Uroviricota;Caudoviricetes;;
k127_85788	412	No terminal repeats	NA	1	11	0.9369	NA	1	1.5070	Viruses;Duplodnaviria;Heunggongvirae;Uroviricota;Caudoviricetes;;
k127_82674	305	No terminal repeats	NA	1	11	0.9363	NA	1	1.2108	Unclassified
k127_325188	695	No terminal repeats	NA	1	11	0.9360	NA	1	1.7183	Viruses;Duplodnaviria;Heunggongvirae;Uroviricota;Caudoviricetes;;
k127_406639	350	No terminal repeats	NA	1	11	0.9360	NA	1	1.7183	Viruses;Duplodnaviria;Heunggongvirae;Uroviricota;Caudoviricetes;;
k127_206142	461	No terminal repeats	NA	1	11	0.9355	NA	1	1.7183	Viruses;Duplodnaviria;Heunggongvirae;Uroviricota;Caudoviricetes;;
k127_47648	1070	No terminal repeats	NA	1	11	0.9350	NA	1	1.7183	Viruses;Duplodnaviria;Heunggongvirae;Uroviricota;Caudoviricetes;;
k127_366198	394	No terminal repeats	NA	1	11	0.9348	NA	1	1.2201	Viruses;Duplodnaviria;Heunggongvirae;Uroviricota;Caudoviricetes;;
k127_227829	573	No terminal repeats	NA	1	11	0.9342	NA	1	1.7183	Viruses;Duplodnaviria;Heunggongvirae;Uroviricota;Caudoviricetes;;
k127_262733	385	No terminal repeats	NA	1	11	0.9339	NA	1	1.7183	Viruses;Duplodnaviria;Heunggongvirae;Uroviricota;Caudoviricetes;;
k127_161787	373	No terminal repeats	NA	1	11	0.9339	NA	1	1.5961	Unclassified
k127_291997	366	No terminal repeats	NA	1	11	0.9337	NA	1	1.7183	Viruses;Duplodnaviria;Heunggongvirae;Uroviricota;Caudoviricetes;;
k127_326711	977	No terminal repeats	NA	1	11	0.9335	NA	1	1.7183	Viruses;Duplodnaviria;Heunggongvirae;Uroviricota;Caudoviricetes;;
k127_472816	406	No terminal repeats	NA	1	11	0.9333	NA	1	1.7183	Viruses;Duplodnaviria;Heunggongvirae;Uroviricota;Caudoviricetes;;
k127_317517	395	No terminal repeats	NA	2	11	0.9333	NA	1	1.7183	Viruses;Duplodnaviria;Heunggongvirae;Uroviricota;Caudoviricetes;;
k127_74095	374	No terminal repeats	NA	1	11	0.9329	NA	1	1.4211	Viruses;Duplodnaviria;Heunggongvirae;Uroviricota;Caudoviricetes;;
k127_66800	1556	No terminal repeats	NA	1	11	0.9326	NA	1	1.7183	Viruses;Varidnaviria;Bamfordvirae;Preplasmiviricota;Tectiliviricetes;Rowavirales;Adenoviridae
k127_181579	723	No terminal repeats	NA	2	11	0.9326	NA	1	1.7183	Unclassified
k127_1156	538	No terminal repeats	NA	1	11	0.9325	NA	1	1.7183	Viruses;Duplodnaviria;Heunggongvirae;Uroviricota;Caudoviricetes;;
k127_73028	493	No terminal repeats	NA	1	11	0.9324	NA	1	1.4698	Viruses;Duplodnaviria;Heunggongvirae;Uroviricota;Caudoviricetes;;
k127_308078	405	No terminal repeats	NA	1	11	0.9323	NA	1	1.4749	Viruses;Duplodnaviria;Heunggongvirae;Uroviricota;Caudoviricetes;;
k127_237780	380	No terminal repeats	NA	1	11	0.9323	NA	1	1.4409	Viruses;Duplodnaviria;Heunggongvirae;Uroviricota;Caudoviricetes;;
k127_481673	1842	No terminal repeats	NA	1	11	0.9321	NA	1	1.0653	Viruses;Duplodnaviria;Heunggongvirae;Uroviricota;Caudoviricetes;;
k127_361733	383	No terminal repeats	NA	1	11	0.9318	NA	1	1.7183	Viruses;Duplodnaviria;Heunggongvirae;Uroviricota;Caudoviricetes;;
k127_411124	359	No terminal repeats	NA	1	11	0.9315	NA	1	1.3483	Unclassified
k127_494132	396	No terminal repeats	NA	1	11	0.9306	NA	1	1.7183	Viruses;Duplodnaviria;Heunggongvirae;Uroviricota;Caudoviricetes;;
k127_248563	349	No terminal repeats	NA	2	11	0.9292	NA	1	1.7183	Viruses;Duplodnaviria;Heunggongvirae;Uroviricota;Caudoviricetes;;Herelleviridae
k127_427638	861	No terminal repeats	NA	2	11	0.9290	NA	1	2.4443	Viruses;Duplodnaviria;Heunggongvirae;Uroviricota;Caudoviricetes;;
k127_87232	507	No terminal repeats	NA	2	11	0.9287	NA	1	3.0620	Viruses;Duplodnaviria;Heunggongvirae;Uroviricota;Caudoviricetes;;
k127_345870	701	No terminal repeats	NA	2	11	0.9284	NA	1	1.7162	Unclassified
k127_505107	333	No terminal repeats	NA	1	11	0.9270	NA	1	1.3867	Viruses;Duplodnaviria;Heunggongvirae;Uroviricota;Caudoviricetes;;
k127_40775	601	No terminal repeats	NA	1	11	0.9270	NA	1	1.7183	Unclassified
k127_380024	1083	No terminal repeats	NA	1	11	0.9258	NA	1	1.7183	Viruses;Duplodnaviria;Heunggongvirae;Uroviricota;Caudoviricetes;;
k127_270380	305	No terminal repeats	NA	1	11	0.9257	NA	1	1.7183	Viruses;Duplodnaviria;Heunggongvirae;Uroviricota;Caudoviricetes;;
k127_228646	302	No terminal repeats	NA	2	11	0.9251	NA	1	1.7183	Viruses;Duplodnaviria;Heunggongvirae;Uroviricota;Caudoviricetes;;
k127_127288	391	No terminal repeats	NA	1	11	0.9246	NA	1	1.6215	Unclassified
k127_37561	698	No terminal repeats	NA	3	11	0.9245	NA	1	2.8927	Viruses;Duplodnaviria;Heunggongvirae;Uroviricota;Caudoviricetes;;
k127_497753	595	No terminal repeats	NA	1	11	0.9243	NA	1	1.7183	Unclassified
k127_428857	309	No terminal repeats	NA	1	11	0.9243	NA	1	1.3050	Viruses;Duplodnaviria;Heunggongvirae;Uroviricota;Caudoviricetes;;
k127_476021	379	No terminal repeats	NA	1	11	0.9237	NA	1	1.4595	Viruses;Duplodnaviria;Heunggongvirae;Uroviricota;Caudoviricetes;;
k127_228943	607	No terminal repeats	NA	1	11	0.9233	NA	1	1.7183	Unclassified
k127_275256	606	No terminal repeats	NA	1	11	0.9232	NA	1	1.7183	Viruses;Duplodnaviria;Heunggongvirae;Uroviricota;Caudoviricetes;;
k127_203619	1133	No terminal repeats	NA	2	11	0.9230	NA	1	3.2423	Viruses;Duplodnaviria;Heunggongvirae;Uroviricota;Caudoviricetes;;
k127_416402	961	No terminal repeats	NA	1	11	0.9227	NA	1	1.7183	Viruses;Duplodnaviria;Heunggongvirae;Uroviricota;Caudoviricetes;;
k127_189552	353	No terminal repeats	NA	1	11	0.9226	NA	1	1.7183	Viruses;Duplodnaviria;Heunggongvirae;Uroviricota;Caudoviricetes;;
k127_465230	385	No terminal repeats	NA	1	11	0.9224	NA	1	1.7183	Viruses;Duplodnaviria;Heunggongvirae;Uroviricota;Caudoviricetes;;
k127_357108	310	No terminal repeats	NA	1	11	0.9223	NA	1	1.7183	Unclassified
k127_508308	631	DTR	NA	1	11	0.9218	NA	1	1.7183	Viruses;Duplodnaviria;Heunggongvirae;Uroviricota;Caudoviricetes;;
k127_19417	457	No terminal repeats	NA	1	11	0.9218	NA	1	1.7183	Viruses;Duplodnaviria;Heunggongvirae;Uroviricota;Caudoviricetes;;
k127_358349	460	No terminal repeats	NA	1	11	0.9217	NA	1	1.5924	Viruses;Duplodnaviria;Heunggongvirae;Uroviricota;Caudoviricetes;;
k127_73750	309	No terminal repeats	NA	1	11	0.9212	NA	1	1.7183	Viruses;Duplodnaviria;Heunggongvirae;Uroviricota;Caudoviricetes;;
k127_374297	402	No terminal repeats	NA	2	11	0.9210	NA	1	1.7183	Viruses;Monodnaviria;Sangervirae;Phixviricota;Malgrandaviricetes;Petitvirales;Microviridae
k127_478103	474	No terminal repeats	NA	1	11	0.9207	NA	1	1.7183	Unclassified
k127_448265	377	No terminal repeats	NA	1	11	0.9199	NA	1	1.7183	Viruses;Duplodnaviria;Heunggongvirae;Uroviricota;Caudoviricetes;;
k127_354170	652	No terminal repeats	NA	2	11	0.9198	NA	1	1.7183	Viruses;Duplodnaviria;Heunggongvirae;Uroviricota;Caudoviricetes;;
k127_196335	454	No terminal repeats	NA	1	11	0.9194	NA	1	1.7183	Viruses;Duplodnaviria;Heunggongvirae;Uroviricota;Caudoviricetes;;
k127_479877	340	No terminal repeats	NA	1	11	0.9194	NA	1	1.7183	Viruses;Duplodnaviria;Heunggongvirae;Uroviricota;Caudoviricetes;;
k127_48999	342	No terminal repeats	NA	1	11	0.9193	NA	1	1.3867	Viruses;Duplodnaviria;Heunggongvirae;Uroviricota;Caudoviricetes;;
k127_188076	376	No terminal repeats	NA	1	11	0.9190	NA	1	1.4764	Viruses;Duplodnaviria;Heunggongvirae;Uroviricota;Caudoviricetes;;
k127_86120	309	No terminal repeats	NA	1	11	0.9188	NA	1	1.7183	Viruses;Duplodnaviria;Heunggongvirae;Uroviricota;Caudoviricetes;;
k127_256021	321	No terminal repeats	NA	1	11	0.9179	NA	1	1.4749	Viruses;Duplodnaviria;Heunggongvirae;Uroviricota;Caudoviricetes;;
k127_297534	553	No terminal repeats	NA	1	11	0.9175	NA	1	1.7183	Viruses;Duplodnaviria;Heunggongvirae;Uroviricota;Caudoviricetes;;
k127_234188	596	No terminal repeats	NA	1	11	0.9168	NA	1	1.7183	Viruses;Duplodnaviria;Heunggongvirae;Uroviricota;Caudoviricetes;;
k127_116592	455	No terminal repeats	NA	1	11	0.9166	NA	1	1.7183	Viruses;Duplodnaviria;Heunggongvirae;Uroviricota;Caudoviricetes;;
k127_335858	430	No terminal repeats	NA	1	11	0.9166	NA	1	1.7183	Viruses;Duplodnaviria;Heunggongvirae;Uroviricota;Caudoviricetes;;
k127_302293	375	No terminal repeats	NA	1	11	0.9164	NA	1	1.4211	Viruses;Duplodnaviria;Heunggongvirae;Uroviricota;Caudoviricetes;;
k127_142495	467	No terminal repeats	NA	1	11	0.9163	NA	1	1.7183	Viruses;Duplodnaviria;Heunggongvirae;Uroviricota;Caudoviricetes;;
k127_69825	1480	No terminal repeats	NA	3	11	0.9163	NA	2	4.4455	Viruses;Duplodnaviria;Heunggongvirae;Uroviricota;Caudoviricetes;;
k127_176951	366	No terminal repeats	NA	1	11	0.9154	NA	1	1.5030	Viruses;Duplodnaviria;Heunggongvirae;Uroviricota;Caudoviricetes;;
k127_305029	374	No terminal repeats	NA	2	11	0.9151	NA	1	1.7183	Viruses;Duplodnaviria;Heunggongvirae;Uroviricota;Caudoviricetes;;
k127_402721	2777	No terminal repeats	NA	1	11	0.9150	NA	0	1.7183	Viruses;Duplodnaviria;Heunggongvirae;Uroviricota;Caudoviricetes;;
k127_495550	653	No terminal repeats	NA	1	11	0.9146	NA	1	1.4698	Viruses;Duplodnaviria;Heunggongvirae;Uroviricota;Caudoviricetes;;
k127_473785	355	No terminal repeats	NA	1	11	0.9145	NA	1	1.3388	Viruses;Duplodnaviria;Heunggongvirae;Uroviricota;Caudoviricetes;;
k127_434757	549	No terminal repeats	NA	1	11	0.9142	NA	1	1.7183	Viruses;Duplodnaviria;Heunggongvirae;Uroviricota;Caudoviricetes;;
k127_386817	1299	No terminal repeats	NA	2	11	0.9141	NA	1	1.7183	Viruses;Duplodnaviria;Heunggongvirae;Uroviricota;Caudoviricetes;;
k127_162439	312	No terminal repeats	NA	2	11	0.9140	NA	1	1.7183	Viruses;Duplodnaviria;Heunggongvirae;Uroviricota;Caudoviricetes;;Herelleviridae
k127_192982	456	No terminal repeats	NA	1	11	0.9132	NA	1	1.7183	Viruses;Duplodnaviria;Heunggongvirae;Uroviricota;Caudoviricetes;;
k127_276763	841	No terminal repeats	NA	2	11	0.9124	NA	1	1.7183	Viruses;Duplodnaviria;Heunggongvirae;Uroviricota;Caudoviricetes;;Herelleviridae
k127_490045	440	No terminal repeats	NA	1	11	0.9119	NA	1	1.7183	Viruses;Duplodnaviria;Heunggongvirae;Uroviricota;Caudoviricetes;;
k127_456441	329	No terminal repeats	NA	1	11	0.9117	NA	1	1.7183	Viruses;Duplodnaviria;Heunggongvirae;Uroviricota;Caudoviricetes;;
k127_81592	1445	No terminal repeats	NA	3	11	0.9113	NA	1	5.0630	Viruses;Duplodnaviria;Heunggongvirae;Uroviricota;Caudoviricetes;;
k127_308785	332	No terminal repeats	NA	1	11	0.9112	NA	1	1.4357	Viruses;Duplodnaviria;Heunggongvirae;Uroviricota;Caudoviricetes;;
k127_103940	375	No terminal repeats	NA	1	11	0.9106	NA	1	1.7183	Viruses;Duplodnaviria;Heunggongvirae;Uroviricota;Caudoviricetes;;
k127_138682	416	No terminal repeats	NA	1	11	0.9102	NA	1	1.7183	Viruses;Duplodnaviria;Heunggongvirae;Uroviricota;Caudoviricetes;;
k127_472919	407	No terminal repeats	NA	1	11	0.9095	NA	1	1.7183	Viruses;Duplodnaviria;Heunggongvirae;Uroviricota;Caudoviricetes;;
k127_67298	1262	No terminal repeats	NA	1	11	0.9091	NA	1	1.7183	Viruses;Riboviria;Orthornavirae;Kitrinoviricota;Magsaviricetes;Nodamuvirales;Nodaviridae
k127_170064	375	No terminal repeats	NA	1	11	0.9089	NA	1	1.5541	Viruses;Duplodnaviria;Heunggongvirae;Uroviricota;Caudoviricetes;;
k127_26841	460	No terminal repeats	NA	1	11	0.9086	NA	1	1.7183	Viruses;Duplodnaviria;Heunggongvirae;Uroviricota;Caudoviricetes;;
k127_347248	352	No terminal repeats	NA	1	11	0.9078	NA	1	1.5310	Viruses;Duplodnaviria;Heunggongvirae;Uroviricota;Caudoviricetes;;
k127_320092	372	No terminal repeats	NA	1	11	0.9070	NA	1	1.7183	Viruses;Duplodnaviria;Heunggongvirae;Uroviricota;Caudoviricetes;;Herelleviridae
k127_149545	487	No terminal repeats	NA	1	11	0.9066	NA	1	1.7183	Viruses;Duplodnaviria;Heunggongvirae;Uroviricota;Caudoviricetes;;
k127_305849	1347	No terminal repeats	NA	2	11	0.9056	NA	1	2.4367	Viruses;Duplodnaviria;Heunggongvirae;Uroviricota;Caudoviricetes;;
k127_466936	421	No terminal repeats	NA	1	11	0.9056	NA	1	1.7183	Viruses;Duplodnaviria;Heunggongvirae;Uroviricota;Caudoviricetes;;
k127_214691	544	No terminal repeats	NA	1	11	0.9053	NA	1	1.7183	Viruses;Duplodnaviria;Heunggongvirae;Uroviricota;Caudoviricetes;;
k127_24041	1466	No terminal repeats	NA	2	11	0.9053	NA	1	2.9160	Viruses;Duplodnaviria;Heunggongvirae;Uroviricota;Caudoviricetes;;
k127_3521	374	No terminal repeats	NA	2	11	0.9048	NA	1	1.7183	Unclassified
k127_79864	360	No terminal repeats	NA	2	11	0.9044	NA	1	1.4720	Unclassified
k127_45558	389	No terminal repeats	NA	1	11	0.9043	NA	1	1.1011	Viruses;Duplodnaviria;Heunggongvirae;Uroviricota;Caudoviricetes;;
k127_144744	447	No terminal repeats	NA	1	11	0.9043	NA	1	1.7183	Viruses;Duplodnaviria;Heunggongvirae;Uroviricota;Caudoviricetes;;
k127_502055	479	No terminal repeats	NA	1	11	0.9041	NA	1	1.7183	Viruses;Duplodnaviria;Heunggongvirae;Uroviricota;Caudoviricetes;;
k127_392278	306	No terminal repeats	NA	1	11	0.9036	NA	1	1.3565	Viruses;Duplodnaviria;Heunggongvirae;Uroviricota;Caudoviricetes;;
k127_265188	369	No terminal repeats	NA	1	11	0.9029	NA	1	1.7183	Viruses;Duplodnaviria;Heunggongvirae;Uroviricota;Caudoviricetes;;
k127_394025	384	No terminal repeats	NA	2	11	0.9027	NA	1	1.7183	Viruses;Duplodnaviria;Heunggongvirae;Uroviricota;Caudoviricetes;;Herelleviridae
k127_367605	347	No terminal repeats	NA	1	11	0.9017	NA	1	1.7171	Viruses;Duplodnaviria;Heunggongvirae;Uroviricota;Caudoviricetes;;
k127_236310	856	No terminal repeats	NA	3	11	0.9012	NA	1	1.2701	Viruses;Duplodnaviria;Heunggongvirae;Uroviricota;Caudoviricetes;;
k127_218267	325	No terminal repeats	NA	1	11	0.9010	NA	1	1.3967	Viruses;Duplodnaviria;Heunggongvirae;Uroviricota;Caudoviricetes;;
k127_332886	384	No terminal repeats	NA	1	11	0.9009	NA	1	1.7183	Viruses;Duplodnaviria;Heunggongvirae;Uroviricota;Caudoviricetes;;
k127_180673	537	No terminal repeats	NA	1	11	0.9002	NA	1	1.4595	Viruses;Duplodnaviria;Heunggongvirae;Uroviricota;Caudoviricetes;;
k127_190345	829	No terminal repeats	NA	1	11	0.8999	NA	1	1.7183	Viruses;Duplodnaviria;Heunggongvirae;Uroviricota;Caudoviricetes;;
k127_66883	425	No terminal repeats	NA	1	11	0.8993	NA	1	1.2306	Viruses;Duplodnaviria;Heunggongvirae;Uroviricota;Caudoviricetes;;
k127_481988	309	No terminal repeats	NA	1	11	0.8993	NA	1	1.2743	Viruses;Duplodnaviria;Heunggongvirae;Uroviricota;Caudoviricetes;;
k127_94998	415	No terminal repeats	NA	1	11	0.8983	NA	1	1.7183	Viruses;Duplodnaviria;Heunggongvirae;Uroviricota;Caudoviricetes;;
k127_210752	385	No terminal repeats	NA	2	11	0.8982	NA	1	1.2032	Unclassified
k127_41559	321	No terminal repeats	NA	1	11	0.8973	NA	1	1.3806	Viruses;Duplodnaviria;Heunggongvirae;Uroviricota;Caudoviricetes;;
k127_33438	1102	No terminal repeats	NA	1	11	0.8970	NA	1	1.7183	Viruses;Riboviria;Orthornavirae;Pisuviricota;Duplopiviricetes;Durnavirales;Partitiviridae
k127_231838	419	No terminal repeats	NA	1	11	0.8964	NA	1	1.3806	Viruses;Duplodnaviria;Heunggongvirae;Uroviricota;Caudoviricetes;;
k127_409418	827	No terminal repeats	NA	3	11	0.8960	NA	1	1.7183	Unclassified
k127_380997	391	No terminal repeats	NA	1	11	0.8950	NA	1	1.1262	Viruses;Duplodnaviria;Heunggongvirae;Uroviricota;Caudoviricetes;;
k127_6705	327	No terminal repeats	NA	2	11	0.8942	NA	1	1.7183	Viruses;Duplodnaviria;Heunggongvirae;Uroviricota;Caudoviricetes;;
k127_496053	402	No terminal repeats	NA	1	11	0.8941	NA	1	1.7183	Viruses;Duplodnaviria;Heunggongvirae;Uroviricota;Caudoviricetes;;
k127_434049	1914	No terminal repeats	NA	1	11	0.8934	NA	1	1.7183	Viruses;Riboviria;Orthornavirae;Pisuviricota;Duplopiviricetes;Durnavirales;Partitiviridae
k127_228917	378	No terminal repeats	NA	1	11	0.8925	NA	1	1.3523	Viruses;Duplodnaviria;Heunggongvirae;Uroviricota;Caudoviricetes;;
k127_340231	327	No terminal repeats	NA	1	11	0.8911	NA	1	1.4764	Viruses;Duplodnaviria;Heunggongvirae;Uroviricota;Caudoviricetes;;
k127_497370	539	No terminal repeats	NA	1	11	0.8904	NA	1	1.7183	Viruses;Duplodnaviria;Heunggongvirae;Uroviricota;Caudoviricetes;;
k127_92604	470	No terminal repeats	NA	1	11	0.8895	NA	1	1.4595	Viruses;Duplodnaviria;Heunggongvirae;Uroviricota;Caudoviricetes;;
k127_384662	380	No terminal repeats	NA	1	11	0.8895	NA	1	1.4429	Viruses;Duplodnaviria;Heunggongvirae;Uroviricota;Caudoviricetes;;
k127_496640	396	No terminal repeats	NA	1	11	0.8894	NA	1	1.3483	Unclassified
k127_382469	361	No terminal repeats	NA	1	11	0.8892	NA	1	1.0036	Viruses;Duplodnaviria;Heunggongvirae;Uroviricota;Caudoviricetes;;
k127_466381	340	No terminal repeats	NA	1	11	0.8888	NA	1	1.7183	Viruses;Duplodnaviria;Heunggongvirae;Uroviricota;Caudoviricetes;;
k127_131600	318	No terminal repeats	NA	2	11	0.8887	NA	1	1.5665	Viruses;Duplodnaviria;Heunggongvirae;Uroviricota;Caudoviricetes;;
k127_105685	1110	No terminal repeats	NA	2	11	0.8886	NA	2	2.5941	Viruses;Duplodnaviria;Heunggongvirae;Uroviricota;Caudoviricetes;;
k127_101143	453	No terminal repeats	NA	1	11	0.8885	NA	1	1.7183	Viruses;Duplodnaviria;Heunggongvirae;Uroviricota;Caudoviricetes;;
k127_407232	431	No terminal repeats	NA	1	11	0.8881	NA	1	1.4764	Viruses;Duplodnaviria;Heunggongvirae;Uroviricota;Caudoviricetes;;
k127_320195	465	No terminal repeats	NA	1	11	0.8880	NA	1	1.5004	Viruses;Duplodnaviria;Heunggongvirae;Uroviricota;Caudoviricetes;;
k127_163863	1075	No terminal repeats	NA	3	11	0.8879	NA	1	3.0185	Viruses;Duplodnaviria;Heunggongvirae;Uroviricota;Caudoviricetes;;
k127_269605	3301	No terminal repeats	NA	5	11	0.8879	NA	0	3.4366	Viruses;Duplodnaviria;Heunggongvirae;Uroviricota;Caudoviricetes;;
k127_425346	322	No terminal repeats	NA	1	11	0.8877	NA	1	1.3441	Viruses;Duplodnaviria;Heunggongvirae;Uroviricota;Caudoviricetes;;
k127_419739	532	No terminal repeats	NA	1	11	0.8877	NA	1	1.4880	Viruses;Duplodnaviria;Heunggongvirae;Uroviricota;Caudoviricetes;;
k127_225030	384	No terminal repeats	NA	2	11	0.8875	NA	1	1.7183	Viruses;Duplodnaviria;Heunggongvirae;Uroviricota;Caudoviricetes;;
k127_389468	613	No terminal repeats	NA	1	11	0.8875	NA	1	1.7183	Viruses;Duplodnaviria;Heunggongvirae;Uroviricota;Caudoviricetes;;
k127_150806	430	No terminal repeats	NA	1	11	0.8868	NA	1	1.3867	Viruses;Duplodnaviria;Heunggongvirae;Uroviricota;Caudoviricetes;;
k127_182873	434	No terminal repeats	NA	1	11	0.8863	NA	1	1.7183	Unclassified
k127_440021	354	No terminal repeats	NA	1	11	0.8862	NA	1	1.6882	Viruses;Duplodnaviria;Heunggongvirae;Uroviricota;Caudoviricetes;;
k127_338651	351	No terminal repeats	NA	1	11	0.8862	NA	1	1.3818	Viruses;Duplodnaviria;Heunggongvirae;Uroviricota;Caudoviricetes;;
k127_317108	341	No terminal repeats	NA	1	11	0.8860	NA	1	1.4880	Viruses;Duplodnaviria;Heunggongvirae;Uroviricota;Caudoviricetes;;
k127_310937	553	No terminal repeats	NA	1	11	0.8860	NA	1	1.4764	Viruses;Duplodnaviria;Heunggongvirae;Uroviricota;Caudoviricetes;;
k127_194764	985	No terminal repeats	NA	1	11	0.8858	NA	1	1.7183	Viruses;Duplodnaviria;Heunggongvirae;Uroviricota;Caudoviricetes;;
k127_198742	508	No terminal repeats	NA	1	11	0.8855	NA	1	1.7183	Viruses;Duplodnaviria;Heunggongvirae;Uroviricota;Caudoviricetes;;
k127_271105	577	No terminal repeats	NA	1	11	0.8854	NA	1	1.4749	Viruses;Duplodnaviria;Heunggongvirae;Uroviricota;Caudoviricetes;;
k127_499325	620	No terminal repeats	NA	1	11	0.8854	NA	1	1.3398	Viruses;Duplodnaviria;Heunggongvirae;Uroviricota;Caudoviricetes;;
k127_79151	394	No terminal repeats	NA	1	11	0.8851	NA	1	1.2306	Viruses;Duplodnaviria;Heunggongvirae;Uroviricota;Caudoviricetes;;
k127_235756	526	No terminal repeats	NA	2	11	0.8848	NA	1	1.7183	Unclassified
k127_174096	353	No terminal repeats	NA	1	11	0.8845	NA	1	1.2802	Viruses;Duplodnaviria;Heunggongvirae;Uroviricota;Caudoviricetes;;
k127_343447	310	No terminal repeats	NA	1	11	0.8838	NA	1	0.9956	Viruses;Duplodnaviria;Heunggongvirae;Uroviricota;Caudoviricetes;;
k127_384733	395	No terminal repeats	NA	1	11	0.8838	NA	1	1.7183	Viruses;Duplodnaviria;Heunggongvirae;Uroviricota;Caudoviricetes;;
k127_145374	321	No terminal repeats	NA	1	11	0.8836	NA	1	1.3345	Viruses;Duplodnaviria;Heunggongvirae;Uroviricota;Caudoviricetes;;
k127_285126	330	No terminal repeats	NA	1	11	0.8830	NA	1	1.3966	Viruses;Duplodnaviria;Heunggongvirae;Uroviricota;Caudoviricetes;;
k127_395258	451	No terminal repeats	NA	1	11	0.8826	NA	1	1.7183	Viruses;Duplodnaviria;Heunggongvirae;Uroviricota;Caudoviricetes;;
k127_378998	1453	No terminal repeats	NA	2	11	0.8824	NA	1	1.4749	Viruses;Duplodnaviria;Heunggongvirae;Uroviricota;Caudoviricetes;;
k127_453018	641	No terminal repeats	NA	1	11	0.8813	NA	1	1.4880	Viruses;Duplodnaviria;Heunggongvirae;Uroviricota;Caudoviricetes;;
k127_181222	389	No terminal repeats	NA	1	11	0.8810	NA	1	1.3639	Viruses;Duplodnaviria;Heunggongvirae;Uroviricota;Caudoviricetes;;
k127_237116	597	No terminal repeats	NA	2	11	0.8807	NA	1	2.7935	Viruses;Duplodnaviria;Heunggongvirae;Uroviricota;Caudoviricetes;;
k127_386474	731	No terminal repeats	NA	1	11	0.8800	NA	1	1.2306	Viruses;Duplodnaviria;Heunggongvirae;Uroviricota;Caudoviricetes;;
k127_173538	770	No terminal repeats	NA	1	11	0.8798	NA	1	1.2306	Viruses;Duplodnaviria;Heunggongvirae;Uroviricota;Caudoviricetes;;
k127_23745	505	No terminal repeats	NA	1	11	0.8798	NA	1	1.7183	Viruses;Duplodnaviria;Heunggongvirae;Uroviricota;Caudoviricetes;;
k127_217602	326	No terminal repeats	NA	1	11	0.8798	NA	1	1.7183	Viruses;Duplodnaviria;Heunggongvirae;Uroviricota;Caudoviricetes;;
k127_450341	335	No terminal repeats	NA	1	11	0.8795	NA	1	1.2934	Viruses;Duplodnaviria;Heunggongvirae;Uroviricota;Caudoviricetes;;
k127_498383	307	No terminal repeats	NA	1	11	0.8789	NA	1	1.3224	Viruses;Duplodnaviria;Heunggongvirae;Uroviricota;Caudoviricetes;;
k127_170560	542	No terminal repeats	NA	2	11	0.8782	NA	1	2.8535	Viruses;Duplodnaviria;Heunggongvirae;Uroviricota;Caudoviricetes;;
k127_381190	338	No terminal repeats	NA	1	11	0.8776	NA	1	1.3595	Viruses;Duplodnaviria;Heunggongvirae;Uroviricota;Caudoviricetes;;
k127_322214	561	No terminal repeats	NA	2	11	0.8775	NA	1	1.3523	Viruses;Duplodnaviria;Heunggongvirae;Uroviricota;Caudoviricetes;;
k127_477657	470	No terminal repeats	NA	2	11	0.8773	NA	1	1.2201	Viruses;Duplodnaviria;Heunggongvirae;Uroviricota;Caudoviricetes;;
k127_345108	689	No terminal repeats	NA	2	11	0.8768	NA	1	3.4366	Viruses;Duplodnaviria;Heunggongvirae;Uroviricota;Caudoviricetes;;
k127_140082	578	No terminal repeats	NA	1	11	0.8763	NA	1	1.7183	Viruses;Duplodnaviria;Heunggongvirae;Uroviricota;Caudoviricetes;;
k127_455946	437	No terminal repeats	NA	1	11	0.8745	NA	1	1.4079	Viruses;Duplodnaviria;Heunggongvirae;Uroviricota;Caudoviricetes;;
k127_372214	608	No terminal repeats	NA	2	11	0.8740	NA	1	1.7183	Viruses;Duplodnaviria;Heunggongvirae;Uroviricota;Caudoviricetes;;
k127_487554	1321	No terminal repeats	NA	1	11	0.8738	NA	1	1.4595	Viruses;Duplodnaviria;Heunggongvirae;Uroviricota;Caudoviricetes;;
k127_412766	312	No terminal repeats	NA	1	11	0.8737	NA	1	1.7091	Viruses;Duplodnaviria;Heunggongvirae;Uroviricota;Caudoviricetes;;
k127_36858	392	No terminal repeats	NA	1	11	0.8731	NA	1	0.9531	Viruses;Duplodnaviria;Heunggongvirae;Uroviricota;Caudoviricetes;;
k127_263781	425	No terminal repeats	NA	1	11	0.8726	NA	1	1.3483	Unclassified
k127_204331	409	No terminal repeats	NA	1	11	0.8718	NA	1	1.7183	Viruses;Duplodnaviria;Heunggongvirae;Uroviricota;Caudoviricetes;;
k127_476702	309	No terminal repeats	NA	2	11	0.8709	NA	1	1.4298	Viruses;Duplodnaviria;Heunggongvirae;Uroviricota;Caudoviricetes;;
k127_230614	363	No terminal repeats	NA	1	11	0.8703	NA	1	1.7183	Viruses;Duplodnaviria;Heunggongvirae;Uroviricota;Caudoviricetes;;
k127_490480	303	No terminal repeats	NA	1	11	0.8702	NA	1	1.7183	Viruses;Duplodnaviria;Heunggongvirae;Uroviricota;Caudoviricetes;;
k127_229853	582	No terminal repeats	NA	1	11	0.8700	NA	1	1.7183	Viruses;Duplodnaviria;Heunggongvirae;Uroviricota;Caudoviricetes;;
k127_79069	381	No terminal repeats	NA	1	11	0.8694	NA	1	1.7183	Viruses;Duplodnaviria;Heunggongvirae;Uroviricota;Caudoviricetes;;
k127_384101	337	No terminal repeats	NA	1	11	0.8692	NA	1	1.3888	Viruses;Duplodnaviria;Heunggongvirae;Uroviricota;Caudoviricetes;;Drexlerviridae
k127_178845	464	No terminal repeats	NA	1	11	0.8691	NA	1	1.6123	Viruses;Duplodnaviria;Heunggongvirae;Uroviricota;Caudoviricetes;;
k127_268529	427	No terminal repeats	NA	1	11	0.8683	NA	1	1.7084	Viruses;Duplodnaviria;Heunggongvirae;Uroviricota;Caudoviricetes;;
k127_441467	755	No terminal repeats	NA	1	11	0.8668	NA	1	1.2306	Viruses;Duplodnaviria;Heunggongvirae;Uroviricota;Caudoviricetes;;
k127_405753	308	No terminal repeats	NA	1	11	0.8660	NA	1	1.4211	Viruses;Duplodnaviria;Heunggongvirae;Uroviricota;Caudoviricetes;;
k127_252019	1059	No terminal repeats	NA	1	11	0.8658	NA	1	1.7183	Viruses;Duplodnaviria;Heunggongvirae;Uroviricota;Caudoviricetes;;
k127_99731	1855	No terminal repeats	NA	2	11	0.8656	NA	1	2.8510	Viruses;Duplodnaviria;Heunggongvirae;Uroviricota;Caudoviricetes;;
k127_236589	1184	No terminal repeats	NA	1	11	0.8650	NA	1	1.7183	Viruses;Riboviria;Orthornavirae;Pisuviricota;Duplopiviricetes;Durnavirales;Partitiviridae
k127_334723	312	No terminal repeats	NA	1	11	0.8638	NA	1	1.0851	Viruses;Duplodnaviria;Heunggongvirae;Uroviricota;Caudoviricetes;;
k127_402845	4530	No terminal repeats	NA	4	11	0.8638	NA	2	2.8394	Viruses;Duplodnaviria;Heunggongvirae;Uroviricota;Caudoviricetes;;
k127_76651	576	No terminal repeats	NA	2	11	0.8630	NA	1	1.0851	Viruses;Duplodnaviria;Heunggongvirae;Uroviricota;Caudoviricetes;;
k127_10596	516	No terminal repeats	NA	1	11	0.8623	NA	1	1.2306	Viruses;Duplodnaviria;Heunggongvirae;Uroviricota;Caudoviricetes;;
k127_377383	467	No terminal repeats	NA	1	11	0.8611	NA	1	1.4464	Viruses;Duplodnaviria;Heunggongvirae;Uroviricota;Caudoviricetes;;
k127_205121	877	No terminal repeats	NA	1	11	0.8607	NA	1	1.7183	Viruses;Duplodnaviria;Heunggongvirae;Uroviricota;Caudoviricetes;;
k127_278017	436	No terminal repeats	NA	1	11	0.8605	NA	1	1.0320	Viruses;Duplodnaviria;Heunggongvirae;Uroviricota;Caudoviricetes;;
k127_229766	590	No terminal repeats	NA	2	11	0.8604	NA	1	3.4130	Viruses;Duplodnaviria;Heunggongvirae;Uroviricota;Caudoviricetes;;
k127_212894	339	No terminal repeats	NA	1	15	0.8598	NA	1	1.3358	Viruses;Duplodnaviria;Heunggongvirae;Uroviricota;Caudoviricetes;;
k127_5666	760	No terminal repeats	NA	1	11	0.8595	NA	1	1.7183	Viruses;Duplodnaviria;Heunggongvirae;Uroviricota;Caudoviricetes;;
k127_400865	336	No terminal repeats	NA	1	11	0.8583	NA	1	1.1556	Viruses;Duplodnaviria;Heunggongvirae;Uroviricota;Caudoviricetes;;
k127_3506	324	No terminal repeats	NA	1	11	0.8576	NA	1	1.2753	Viruses;Duplodnaviria;Heunggongvirae;Uroviricota;Caudoviricetes;;
k127_97246	968	No terminal repeats	NA	3	11	0.8574	NA	2	2.5895	Viruses;Duplodnaviria;Heunggongvirae;Uroviricota;Caudoviricetes;;
k127_274983	428	No terminal repeats	NA	1	11	0.8571	NA	1	1.3639	Viruses;Duplodnaviria;Heunggongvirae;Uroviricota;Caudoviricetes;;
k127_51256	427	No terminal repeats	NA	1	11	0.8568	NA	1	1.4764	Viruses;Duplodnaviria;Heunggongvirae;Uroviricota;Caudoviricetes;;
k127_355918	803	No terminal repeats	NA	1	11	0.8567	NA	1	1.5971	Viruses;Duplodnaviria;Heunggongvirae;Uroviricota;Caudoviricetes;;
k127_387512	421	No terminal repeats	NA	2	11	0.8561	NA	1	1.7183	Viruses;Duplodnaviria;Heunggongvirae;Uroviricota;Caudoviricetes;;Herelleviridae
k127_155765	571	No terminal repeats	NA	1	11	0.8547	NA	1	1.7183	Viruses;Duplodnaviria;Heunggongvirae;Uroviricota;Caudoviricetes;;
k127_145295	352	No terminal repeats	NA	1	11	0.8541	NA	1	1.3348	Viruses;Duplodnaviria;Heunggongvirae;Uroviricota;Caudoviricetes;;
k127_292716	594	No terminal repeats	NA	1	11	0.8538	NA	1	1.7183	Viruses;Duplodnaviria;Heunggongvirae;Uroviricota;Caudoviricetes;;
k127_104068	364	No terminal repeats	NA	1	11	0.8530	NA	1	1.7183	Viruses;Duplodnaviria;Heunggongvirae;Uroviricota;Caudoviricetes;;
k127_110120	381	No terminal repeats	NA	1	11	0.8528	NA	1	1.7183	Viruses;Duplodnaviria;Heunggongvirae;Uroviricota;Caudoviricetes;;
k127_112784	513	No terminal repeats	NA	1	11	0.8527	NA	1	1.7183	Viruses;Duplodnaviria;Heunggongvirae;Uroviricota;Caudoviricetes;;
k127_23412	3885	No terminal repeats	NA	5	11	0.8513	NA	0	4.5641	Viruses;Duplodnaviria;Heunggongvirae;Uroviricota;Caudoviricetes;;
k127_165396	302	No terminal repeats	NA	1	11	0.8510	NA	1	1.2443	Viruses;Duplodnaviria;Heunggongvirae;Uroviricota;Caudoviricetes;;
k127_227679	716	No terminal repeats	NA	1	11	0.8510	NA	1	1.7183	Viruses;Duplodnaviria;Heunggongvirae;Uroviricota;Caudoviricetes;;
k127_136351	675	No terminal repeats	NA	1	11	0.8501	NA	1	1.2306	Viruses;Duplodnaviria;Heunggongvirae;Uroviricota;Caudoviricetes;;
k127_167227	971	No terminal repeats	NA	2	11	0.8501	NA	2	2.6458	Viruses;Duplodnaviria;Heunggongvirae;Uroviricota;Caudoviricetes;;
k127_469688	544	No terminal repeats	NA	1	11	0.8499	NA	1	1.2306	Viruses;Duplodnaviria;Heunggongvirae;Uroviricota;Caudoviricetes;;
k127_72477	594	No terminal repeats	NA	1	11	0.8483	NA	1	1.4764	Viruses;Duplodnaviria;Heunggongvirae;Uroviricota;Caudoviricetes;;
k127_304891	306	No terminal repeats	NA	1	11	0.8477	NA	1	1.7183	Viruses;Duplodnaviria;Heunggongvirae;Uroviricota;Caudoviricetes;;
k127_235231	318	No terminal repeats	NA	1	11	0.8476	NA	1	1.1262	Viruses;Duplodnaviria;Heunggongvirae;Uroviricota;Caudoviricetes;;
k127_332373	499	No terminal repeats	NA	1	11	0.8473	NA	1	1.7183	Viruses;Duplodnaviria;Heunggongvirae;Uroviricota;Caudoviricetes;;
k127_487531	443	No terminal repeats	NA	1	11	0.8470	NA	1	1.2836	Viruses;Duplodnaviria;Heunggongvirae;Uroviricota;Caudoviricetes;;
k127_108491	1863	No terminal repeats	NA	3	11	0.8470	NA	2	2.6667	Viruses;Duplodnaviria;Heunggongvirae;Uroviricota;Caudoviricetes;;
k127_433622	312	No terminal repeats	NA	1	11	0.8469	NA	1	1.3523	Viruses;Duplodnaviria;Heunggongvirae;Uroviricota;Caudoviricetes;;
k127_118309	607	No terminal repeats	NA	1	11	0.8468	NA	1	1.1727	Unclassified
k127_489355	610	No terminal repeats	NA	2	11	0.8460	NA	1	1.3087	Viruses;Duplodnaviria;Heunggongvirae;Uroviricota;Caudoviricetes;;
k127_462642	587	No terminal repeats	NA	1	11	0.8453	NA	1	1.7183	Viruses;Duplodnaviria;Heunggongvirae;Uroviricota;Caudoviricetes;;
k127_199599	479	No terminal repeats	NA	1	11	0.8449	NA	1	1.2443	Viruses;Duplodnaviria;Heunggongvirae;Uroviricota;Caudoviricetes;;
k127_111226	392	No terminal repeats	NA	1	11	0.8443	NA	1	1.3806	Viruses;Duplodnaviria;Heunggongvirae;Uroviricota;Caudoviricetes;;
k127_457642	486	No terminal repeats	NA	1	11	0.8438	NA	1	1.7183	Viruses;Duplodnaviria;Heunggongvirae;Uroviricota;Caudoviricetes;;
k127_492600	791	No terminal repeats	NA	1	11	0.8432	NA	1	1.4749	Viruses;Duplodnaviria;Heunggongvirae;Uroviricota;Caudoviricetes;;
k127_453880	325	No terminal repeats	NA	1	11	0.8432	NA	1	1.2657	Viruses;Duplodnaviria;Heunggongvirae;Uroviricota;Caudoviricetes;;
k127_216341	697	No terminal repeats	NA	2	11	0.8431	NA	1	1.2443	Viruses;Duplodnaviria;Heunggongvirae;Uroviricota;Caudoviricetes;;
k127_83695	1543	No terminal repeats	NA	2	11	0.8425	NA	1	1.7183	Viruses;Riboviria;Orthornavirae;Pisuviricota;Duplopiviricetes;Durnavirales;Partitiviridae
k127_151210	304	No terminal repeats	NA	1	11	0.8420	NA	1	0.9456	Viruses;Duplodnaviria;Heunggongvirae;Uroviricota;Caudoviricetes;;
k127_243509	1011	No terminal repeats	NA	1	11	0.8419	NA	1	1.7183	Viruses;Duplodnaviria;Heunggongvirae;Uroviricota;Caudoviricetes;;
k127_492779	492	No terminal repeats	NA	1	11	0.8417	NA	1	1.7140	Viruses;Duplodnaviria;Heunggongvirae;Uroviricota;Caudoviricetes;;
k127_315227	651	No terminal repeats	NA	2	11	0.8416	NA	1	1.4840	Unclassified
k127_377805	304	No terminal repeats	NA	1	11	0.8412	NA	1	1.7183	Viruses;Duplodnaviria;Heunggongvirae;Uroviricota;Caudoviricetes;;
k127_39500	353	No terminal repeats	NA	1	11	0.8407	NA	1	1.3168	Viruses;Duplodnaviria;Heunggongvirae;Uroviricota;Caudoviricetes;;
k127_458290	348	No terminal repeats	NA	2	11	0.8392	NA	1	1.3515	Viruses;Duplodnaviria;Heunggongvirae;Uroviricota;Caudoviricetes;;
k127_128251	668	No terminal repeats	NA	1	11	0.8391	NA	1	1.2944	Viruses;Duplodnaviria;Heunggongvirae;Uroviricota;Caudoviricetes;;
k127_108816	368	No terminal repeats	NA	1	11	0.8385	NA	1	1.3608	Viruses;Duplodnaviria;Heunggongvirae;Uroviricota;Caudoviricetes;;Straboviridae
k127_68862	333	No terminal repeats	NA	1	11	0.8376	NA	1	1.3966	Viruses;Duplodnaviria;Heunggongvirae;Uroviricota;Caudoviricetes;;
k127_287220	668	No terminal repeats	NA	1	11	0.8375	NA	1	1.7183	Viruses;Duplodnaviria;Heunggongvirae;Uroviricota;Caudoviricetes;;
k127_50992	669	No terminal repeats	NA	1	11	0.8372	NA	1	1.7183	Viruses;Duplodnaviria;Heunggongvirae;Uroviricota;Caudoviricetes;;
k127_337706	795	No terminal repeats	NA	1	11	0.8370	NA	1	1.7183	Viruses;Duplodnaviria;Heunggongvirae;Uroviricota;Caudoviricetes;;Drexlerviridae
k127_403928	406	No terminal repeats	NA	1	11	0.8366	NA	1	1.2306	Viruses;Duplodnaviria;Heunggongvirae;Uroviricota;Caudoviricetes;;
k127_438903	474	No terminal repeats	NA	1	11	0.8364	NA	1	1.7183	Viruses;Duplodnaviria;Heunggongvirae;Uroviricota;Caudoviricetes;;
k127_308703	311	No terminal repeats	NA	1	11	0.8359	NA	1	1.3523	Viruses;Duplodnaviria;Heunggongvirae;Uroviricota;Caudoviricetes;;
k127_248696	356	No terminal repeats	NA	1	11	0.8358	NA	1	1.6734	Viruses;Duplodnaviria;Heunggongvirae;Uroviricota;Caudoviricetes;;
k127_274647	554	No terminal repeats	NA	2	11	0.8350	NA	1	1.7183	Viruses;Duplodnaviria;Heunggongvirae;Uroviricota;Caudoviricetes;;
k127_234235	332	No terminal repeats	NA	1	11	0.8350	NA	1	1.7183	Viruses;Duplodnaviria;Heunggongvirae;Uroviricota;Caudoviricetes;;
k127_178066	339	No terminal repeats	NA	1	11	0.8344	NA	1	1.4211	Viruses;Duplodnaviria;Heunggongvirae;Uroviricota;Caudoviricetes;;
k127_156611	674	No terminal repeats	NA	1	11	0.8336	NA	1	1.7183	Viruses;Duplodnaviria;Heunggongvirae;Uroviricota;Caudoviricetes;;Drexlerviridae
k127_412802	622	No terminal repeats	NA	1	11	0.8323	NA	1	1.7183	Viruses;Duplodnaviria;Heunggongvirae;Uroviricota;Caudoviricetes;;
k127_125921	3441	No terminal repeats	NA	9	11	0.8323	NA	0	2.5414	Viruses;Duplodnaviria;Heunggongvirae;Uroviricota;Caudoviricetes;;
k127_39488	738	No terminal repeats	NA	1	11	0.8320	NA	1	1.4880	Viruses;Duplodnaviria;Heunggongvirae;Uroviricota;Caudoviricetes;;
k127_134955	421	No terminal repeats	NA	1	11	0.8319	NA	1	1.2306	Viruses;Duplodnaviria;Heunggongvirae;Uroviricota;Caudoviricetes;;
k127_500845	357	No terminal repeats	NA	1	11	0.8319	NA	1	1.7166	Viruses;Duplodnaviria;Heunggongvirae;Uroviricota;Caudoviricetes;;
k127_223205	1538	No terminal repeats	NA	3	11	0.8314	NA	1	2.5112	Viruses;Duplodnaviria;Heunggongvirae;Uroviricota;Caudoviricetes;;
k127_7511	3005	No terminal repeats	NA	3	11	0.8303	NA	0	2.9843	Viruses;Duplodnaviria;Heunggongvirae;Uroviricota;Caudoviricetes;;
k127_795	1036	No terminal repeats	NA	1	11	0.8297	NA	1	1.6669	Viruses;Duplodnaviria;Heunggongvirae;Uroviricota;Caudoviricetes;;
k127_109457	1018	No terminal repeats	NA	2	11	0.8294	NA	1	1.7183	Viruses;Duplodnaviria;Heunggongvirae;Uroviricota;Caudoviricetes;;
k127_492006	435	No terminal repeats	NA	2	11	0.8280	NA	1	1.6245	Viruses;Duplodnaviria;Heunggongvirae;Uroviricota;Caudoviricetes;;
k127_13680	1105	No terminal repeats	NA	1	11	0.8278	NA	1	1.7183	Viruses;Duplodnaviria;Heunggongvirae;Uroviricota;Caudoviricetes;;
k127_169959	413	No terminal repeats	NA	1	11	0.8270	NA	1	1.2443	Viruses;Duplodnaviria;Heunggongvirae;Uroviricota;Caudoviricetes;;
k127_269533	405	No terminal repeats	NA	2	11	0.8269	NA	1	1.2934	Viruses;Duplodnaviria;Heunggongvirae;Uroviricota;Caudoviricetes;;
k127_485216	648	No terminal repeats	NA	2	11	0.8262	NA	1	1.3085	Viruses;Duplodnaviria;Heunggongvirae;Uroviricota;Caudoviricetes;;
k127_171207	436	No terminal repeats	NA	1	11	0.8262	NA	1	1.4409	Viruses;Duplodnaviria;Heunggongvirae;Uroviricota;Caudoviricetes;;
k127_196816	349	No terminal repeats	NA	1	11	0.8254	NA	1	1.3613	Viruses;Duplodnaviria;Heunggongvirae;Uroviricota;Caudoviricetes;;
k127_470119	303	No terminal repeats	NA	1	11	0.8253	NA	1	1.0834	Viruses;Duplodnaviria;Heunggongvirae;Uroviricota;Caudoviricetes;;
k127_442769	405	No terminal repeats	NA	1	11	0.8238	NA	1	1.3467	Viruses;Duplodnaviria;Heunggongvirae;Uroviricota;Caudoviricetes;;
k127_221275	333	No terminal repeats	NA	1	11	0.8221	NA	1	1.7096	Viruses;Duplodnaviria;Heunggongvirae;Uroviricota;Caudoviricetes;;
k127_98133	828	No terminal repeats	NA	2	11	0.8216	NA	1	1.7183	Viruses;Duplodnaviria;Heunggongvirae;Uroviricota;Caudoviricetes;;
k127_397222	407	No terminal repeats	NA	1	11	0.8214	NA	1	1.4749	Viruses;Duplodnaviria;Heunggongvirae;Uroviricota;Caudoviricetes;;
k127_454678	1017	No terminal repeats	NA	2	11	0.8199	NA	2	2.8760	Viruses;Duplodnaviria;Heunggongvirae;Uroviricota;Caudoviricetes;;
k127_117831	325	No terminal repeats	NA	1	11	0.8197	NA	1	1.0597	Unclassified
k127_161770	336	No terminal repeats	NA	1	11	0.8195	NA	1	1.2934	Viruses;Duplodnaviria;Heunggongvirae;Uroviricota;Caudoviricetes;;
k127_105749	603	No terminal repeats	NA	1	11	0.8193	NA	1	1.7183	Viruses;Duplodnaviria;Heunggongvirae;Uroviricota;Caudoviricetes;;
k127_53325	583	No terminal repeats	NA	1	11	0.8174	NA	1	1.7183	Viruses;Duplodnaviria;Heunggongvirae;Uroviricota;Caudoviricetes;;
k127_264938	410	No terminal repeats	NA	1	11	0.8169	NA	1	1.2442	Viruses;Duplodnaviria;Heunggongvirae;Uroviricota;Caudoviricetes;;
k127_300746	408	No terminal repeats	NA	1	11	0.8161	NA	1	1.4414	Viruses;Duplodnaviria;Heunggongvirae;Uroviricota;Caudoviricetes;;
k127_477983	500	No terminal repeats	NA	2	11	0.8153	NA	1	1.7183	Viruses;Duplodnaviria;Heunggongvirae;Uroviricota;Caudoviricetes;;
k127_37537	425	No terminal repeats	NA	1	11	0.8148	NA	1	1.2211	Viruses;Duplodnaviria;Heunggongvirae;Uroviricota;Caudoviricetes;;
k127_104128	413	No terminal repeats	NA	2	11	0.8142	NA	1	2.7815	Viruses;Duplodnaviria;Heunggongvirae;Uroviricota;Caudoviricetes;;
k127_491590	459	No terminal repeats	NA	1	11	0.8142	NA	1	1.7183	Viruses;Duplodnaviria;Heunggongvirae;Uroviricota;Caudoviricetes;;
k127_31263	455	No terminal repeats	NA	2	11	0.8141	NA	1	1.7183	Viruses;Duplodnaviria;Heunggongvirae;Uroviricota;Caudoviricetes;;
k127_481788	378	No terminal repeats	NA	1	11	0.8131	NA	1	1.7183	Viruses;Duplodnaviria;Heunggongvirae;Uroviricota;Caudoviricetes;;Drexlerviridae
k127_265221	324	No terminal repeats	NA	2	11	0.8130	NA	1	1.5052	Viruses;Duplodnaviria;Heunggongvirae;Uroviricota;Caudoviricetes;;
k127_5277	306	No terminal repeats	NA	1	11	0.8129	NA	1	1.3450	Viruses;Duplodnaviria;Heunggongvirae;Uroviricota;Caudoviricetes;;
k127_414663	436	No terminal repeats	NA	1	11	0.8125	NA	1	1.0089	Viruses;Duplodnaviria;Heunggongvirae;Uroviricota;Caudoviricetes;;
k127_85873	1072	No terminal repeats	NA	1	11	0.8114	NA	1	1.7183	Viruses;Duplodnaviria;Heunggongvirae;Uroviricota;Caudoviricetes;;
k127_271821	520	No terminal repeats	NA	1	11	0.8113	NA	1	1.4880	Viruses;Duplodnaviria;Heunggongvirae;Uroviricota;Caudoviricetes;;
k127_337876	373	No terminal repeats	NA	1	11	0.8112	NA	1	1.0089	Viruses;Duplodnaviria;Heunggongvirae;Uroviricota;Caudoviricetes;;
k127_397497	2159	No terminal repeats	NA	2	11	0.8108	NA	1	1.7183	Viruses;Riboviria;Orthornavirae;Pisuviricota;Duplopiviricetes;Durnavirales;Partitiviridae
k127_122875	324	No terminal repeats	NA	1	11	0.8098	NA	1	1.1826	Unclassified
k127_328209	2290	No terminal repeats	NA	1	11	0.8097	NA	1	1.2751	Viruses;Duplodnaviria;Heunggongvirae;Uroviricota;Caudoviricetes;;
k127_47390	494	No terminal repeats	NA	1	11	0.8084	NA	1	1.1773	Viruses;Duplodnaviria;Heunggongvirae;Uroviricota;Caudoviricetes;;
k127_389856	337	No terminal repeats	NA	1	11	0.8080	NA	1	1.3142	Viruses;Duplodnaviria;Heunggongvirae;Uroviricota;Caudoviricetes;;
k127_503445	402	No terminal repeats	NA	1	11	0.8079	NA	1	1.6123	Viruses;Duplodnaviria;Heunggongvirae;Uroviricota;Caudoviricetes;;
k127_472672	732	No terminal repeats	NA	1	11	0.8073	NA	1	1.2306	Viruses;Duplodnaviria;Heunggongvirae;Uroviricota;Caudoviricetes;;
k127_478986	328	No terminal repeats	NA	1	11	0.8062	NA	1	1.0941	Viruses;Duplodnaviria;Heunggongvirae;Uroviricota;Caudoviricetes;;
k127_470204	996	No terminal repeats	NA	1	11	0.8058	NA	1	1.2306	Viruses;Duplodnaviria;Heunggongvirae;Uroviricota;Caudoviricetes;;
k127_171081	353	No terminal repeats	NA	1	11	0.8052	NA	1	1.7037	Viruses;Duplodnaviria;Heunggongvirae;Uroviricota;Caudoviricetes;;
k127_436494	683	No terminal repeats	NA	1	11	0.8044	NA	1	1.2306	Viruses;Duplodnaviria;Heunggongvirae;Uroviricota;Caudoviricetes;;
k127_120619	1608	No terminal repeats	NA	2	11	0.8043	NA	1	1.7183	Viruses;Riboviria;Orthornavirae;Pisuviricota;Stelpaviricetes;Patatavirales;Potyviridae
k127_355575	646	No terminal repeats	NA	2	11	0.8043	NA	1	1.7183	Viruses;Duplodnaviria;Heunggongvirae;Uroviricota;Caudoviricetes;;Drexlerviridae
k127_48106	311	No terminal repeats	NA	1	11	0.8042	NA	1	1.7144	Viruses;Duplodnaviria;Heunggongvirae;Uroviricota;Caudoviricetes;;
k127_449032	330	No terminal repeats	NA	1	11	0.8042	NA	1	1.6735	Viruses;Duplodnaviria;Heunggongvirae;Uroviricota;Caudoviricetes;;
k127_364182	1972	No terminal repeats	NA	6	11	0.8040	NA	1	3.4366	Viruses;Duplodnaviria;Heunggongvirae;Uroviricota;Caudoviricetes;;
k127_120106	430	No terminal repeats	NA	1	11	0.8034	NA	1	1.2306	Viruses;Duplodnaviria;Heunggongvirae;Uroviricota;Caudoviricetes;;
k127_274231	312	No terminal repeats	NA	1	11	0.8027	NA	1	1.2802	Viruses;Duplodnaviria;Heunggongvirae;Uroviricota;Caudoviricetes;;
k127_453702	333	No terminal repeats	NA	1	11	0.8003	NA	1	1.4814	Viruses;Duplodnaviria;Heunggongvirae;Uroviricota;Caudoviricetes;;
k127_394767	1266	No terminal repeats	NA	1	11	0.8002	NA	1	1.7183	Viruses;Duplodnaviria;Heunggongvirae;Uroviricota;Caudoviricetes;;
k127_66756	326	No terminal repeats	NA	1	11	0.8000	NA	1	1.3168	Viruses;Duplodnaviria;Heunggongvirae;Uroviricota;Caudoviricetes;;
k127_337120	748	No terminal repeats	NA	1	11	0.7997	NA	1	1.3639	Viruses;Duplodnaviria;Heunggongvirae;Uroviricota;Caudoviricetes;;
k127_208804	1379	No terminal repeats	NA	2	11	0.7984	NA	1	1.3467	Viruses;Duplodnaviria;Heunggongvirae;Uroviricota;Caudoviricetes;;
k127_126809	501	No terminal repeats	NA	1	11	0.7979	NA	1	1.4454	Viruses;Duplodnaviria;Heunggongvirae;Uroviricota;Caudoviricetes;;
k127_242412	526	No terminal repeats	NA	2	11	0.7978	NA	1	1.7183	Viruses;Duplodnaviria;Heunggongvirae;Uroviricota;Caudoviricetes;;
k127_190522	438	No terminal repeats	NA	2	11	0.7952	NA	1	1.2952	Viruses;Duplodnaviria;Heunggongvirae;Uroviricota;Caudoviricetes;;
k127_139520	347	No terminal repeats	NA	2	11	0.7944	NA	1	1.5528	Viruses;Duplodnaviria;Heunggongvirae;Uroviricota;Caudoviricetes;;
k127_176429	742	No terminal repeats	NA	1	11	0.7936	NA	1	1.7183	Viruses;Duplodnaviria;Heunggongvirae;Uroviricota;Caudoviricetes;;
k127_27237	311	No terminal repeats	NA	1	11	0.7933	NA	1	1.3483	Unclassified
k127_406122	394	No terminal repeats	NA	1	11	0.7926	NA	1	1.7183	Viruses;Duplodnaviria;Heunggongvirae;Uroviricota;Caudoviricetes;;
k127_480003	375	No terminal repeats	NA	1	11	0.7926	NA	1	0.9221	Viruses;Duplodnaviria;Heunggongvirae;Uroviricota;Caudoviricetes;;Straboviridae
k127_28389	310	No terminal repeats	NA	1	11	0.7912	NA	1	1.0663	Viruses;Duplodnaviria;Heunggongvirae;Uroviricota;Caudoviricetes;;
k127_276994	364	No terminal repeats	NA	1	11	0.7908	NA	1	1.7183	Viruses;Duplodnaviria;Heunggongvirae;Uroviricota;Caudoviricetes;;
k127_313589	317	No terminal repeats	NA	1	11	0.7908	NA	1	1.7132	Unclassified
k127_450776	409	No terminal repeats	NA	1	11	0.7905	NA	1	1.2306	Viruses;Duplodnaviria;Heunggongvirae;Uroviricota;Caudoviricetes;;
k127_300457	324	No terminal repeats	NA	1	11	0.7894	NA	1	1.7168	Viruses;Duplodnaviria;Heunggongvirae;Uroviricota;Caudoviricetes;;
k127_172734	351	No terminal repeats	NA	2	11	0.7891	NA	1	1.7183	Viruses;Duplodnaviria;Heunggongvirae;Uroviricota;Caudoviricetes;;
k127_40474	754	No terminal repeats	NA	2	11	0.7881	NA	1	1.2443	Viruses;Duplodnaviria;Heunggongvirae;Uroviricota;Caudoviricetes;;
k127_469774	343	No terminal repeats	NA	2	11	0.7876	NA	1	1.2211	Viruses;Duplodnaviria;Heunggongvirae;Uroviricota;Caudoviricetes;;
k127_48495	656	No terminal repeats	NA	1	11	0.7875	NA	1	1.7183	Viruses;Duplodnaviria;Heunggongvirae;Uroviricota;Caudoviricetes;;
k127_229549	958	No terminal repeats	NA	1	11	0.7873	NA	1	1.7183	Viruses;Duplodnaviria;Heunggongvirae;Uroviricota;Caudoviricetes;;
k127_423582	375	No terminal repeats	NA	1	11	0.7847	NA	1	1.7129	Viruses;Duplodnaviria;Heunggongvirae;Uroviricota;Caudoviricetes;;
k127_142479	339	No terminal repeats	NA	1	11	0.7842	NA	1	1.3070	Viruses;Duplodnaviria;Heunggongvirae;Uroviricota;Caudoviricetes;;
k127_207129	507	No terminal repeats	NA	1	11	0.7841	NA	1	1.5588	Viruses;Duplodnaviria;Heunggongvirae;Uroviricota;Caudoviricetes;;
k127_189811	431	No terminal repeats	NA	2	11	0.7821	NA	1	1.7183	Unclassified
k127_52733	335	No terminal repeats	NA	1	11	0.7815	NA	1	1.3153	Viruses;Duplodnaviria;Heunggongvirae;Uroviricota;Caudoviricetes;;
k127_215783	323	No terminal repeats	NA	1	11	0.7794	NA	1	1.3562	Viruses;Duplodnaviria;Heunggongvirae;Uroviricota;Caudoviricetes;;
k127_409162	370	No terminal repeats	NA	2	11	0.7789	NA	1	1.6235	Unclassified
k127_371696	425	No terminal repeats	NA	1	11	0.7780	NA	1	1.2271	Viruses;Duplodnaviria;Heunggongvirae;Uroviricota;Caudoviricetes;;
k127_228732	955	No terminal repeats	NA	2	11	0.7780	NA	1	3.2932	Viruses;Duplodnaviria;Heunggongvirae;Uroviricota;Caudoviricetes;;
k127_363026	1253	No terminal repeats	NA	2	11	0.7769	NA	1	1.7183	Viruses;Duplodnaviria;Heunggongvirae;Uroviricota;Caudoviricetes;;Drexlerviridae
k127_269540	345	No terminal repeats	NA	1	11	0.7767	NA	1	1.2558	Viruses;Duplodnaviria;Heunggongvirae;Uroviricota;Caudoviricetes;;
k127_250883	439	No terminal repeats	NA	1	11	0.7762	NA	1	1.4764	Viruses;Duplodnaviria;Heunggongvirae;Uroviricota;Caudoviricetes;;
k127_12863	534	No terminal repeats	NA	1	11	0.7762	NA	1	1.2306	Viruses;Duplodnaviria;Heunggongvirae;Uroviricota;Caudoviricetes;;
k127_43993	374	No terminal repeats	NA	1	11	0.7731	NA	1	1.2982	Viruses;Duplodnaviria;Heunggongvirae;Uroviricota;Caudoviricetes;;
k127_262080	328	No terminal repeats	NA	1	11	0.7729	NA	1	1.3139	Viruses;Duplodnaviria;Heunggongvirae;Uroviricota;Caudoviricetes;;
k127_283228	567	No terminal repeats	NA	1	11	0.7726	NA	1	1.7183	Viruses;Duplodnaviria;Heunggongvirae;Uroviricota;Caudoviricetes;;
k127_100356	2921	No terminal repeats	NA	3	11	0.7724	NA	0	0.0000	Unclassified
k127_293509	768	No terminal repeats	NA	1	11	0.7723	NA	1	1.2306	Viruses;Duplodnaviria;Heunggongvirae;Uroviricota;Caudoviricetes;;
k127_494335	465	No terminal repeats	NA	1	11	0.7719	NA	1	1.2987	Viruses;Duplodnaviria;Heunggongvirae;Uroviricota;Caudoviricetes;;
k127_254742	844	No terminal repeats	NA	1	11	0.7715	NA	1	1.7183	Viruses;Duplodnaviria;Heunggongvirae;Uroviricota;Caudoviricetes;;
k127_318530	352	No terminal repeats	NA	1	11	0.7712	NA	1	1.3307	Viruses;Duplodnaviria;Heunggongvirae;Uroviricota;Caudoviricetes;;
k127_328019	349	No terminal repeats	NA	1	11	0.7697	NA	1	1.0800	Viruses;Duplodnaviria;Heunggongvirae;Uroviricota;Caudoviricetes;;
k127_336848	554	No terminal repeats	NA	1	11	0.7672	NA	1	1.4387	Viruses;Duplodnaviria;Heunggongvirae;Uroviricota;Caudoviricetes;;
k127_486821	600	No terminal repeats	NA	2	11	0.7654	NA	1	1.3996	Viruses;Duplodnaviria;Heunggongvirae;Uroviricota;Caudoviricetes;;
k127_141376	555	No terminal repeats	NA	1	11	0.7648	NA	1	1.3639	Viruses;Duplodnaviria;Heunggongvirae;Uroviricota;Caudoviricetes;;
k127_224833	415	No terminal repeats	NA	1	11	0.7645	NA	1	1.7161	Viruses;Duplodnaviria;Heunggongvirae;Uroviricota;Caudoviricetes;;
k127_445092	539	No terminal repeats	NA	1	11	0.7638	NA	1	1.6870	Viruses;Duplodnaviria;Heunggongvirae;Uroviricota;Caudoviricetes;;
k127_211630	735	No terminal repeats	NA	1	11	0.7636	NA	1	1.2306	Viruses;Duplodnaviria;Heunggongvirae;Uroviricota;Caudoviricetes;;
k127_317321	311	No terminal repeats	NA	1	11	0.7633	NA	1	1.6924	Viruses;Duplodnaviria;Heunggongvirae;Uroviricota;Caudoviricetes;;
k127_489042	346	No terminal repeats	NA	1	11	0.7624	NA	1	1.3645	Viruses;Duplodnaviria;Heunggongvirae;Uroviricota;Caudoviricetes;;
k127_328420	629	No terminal repeats	NA	1	11	0.7613	NA	1	1.7183	Viruses;Duplodnaviria;Heunggongvirae;Uroviricota;Caudoviricetes;;
k127_271701	357	No terminal repeats	NA	1	11	0.7609	NA	1	1.3121	Viruses;Duplodnaviria;Heunggongvirae;Uroviricota;Caudoviricetes;;
k127_502708	301	No terminal repeats	NA	1	11	0.7584	NA	1	1.3139	Viruses;Duplodnaviria;Heunggongvirae;Uroviricota;Caudoviricetes;;
k127_316545	767	No terminal repeats	NA	1	11	0.7573	NA	1	0.5916	Viruses;Varidnaviria;Bamfordvirae;Preplasmiviricota;Tectiliviricetes;Kalamavirales;Tectiviridae
k127_142578	518	No terminal repeats	NA	1	11	0.7568	NA	1	1.7183	Viruses;Duplodnaviria;Heunggongvirae;Uroviricota;Caudoviricetes;;
k127_53155	625	No terminal repeats	NA	2	11	0.7563	NA	1	1.1262	Viruses;Duplodnaviria;Heunggongvirae;Uroviricota;Caudoviricetes;;
k127_293740	554	No terminal repeats	NA	1	11	0.7562	NA	1	1.3307	Viruses;Duplodnaviria;Heunggongvirae;Uroviricota;Caudoviricetes;;
k127_480797	471	No terminal repeats	NA	1	11	0.7551	NA	1	1.2167	Viruses;Duplodnaviria;Heunggongvirae;Uroviricota;Caudoviricetes;;
k127_194037	1001	No terminal repeats	NA	1	11	0.7545	NA	1	1.1904	Viruses;Duplodnaviria;Heunggongvirae;Uroviricota;Caudoviricetes;;
k127_46734	807	No terminal repeats	NA	1	11	0.7539	NA	1	1.7183	Viruses;Duplodnaviria;Heunggongvirae;Uroviricota;Caudoviricetes;;
k127_99565	683	No terminal repeats	NA	1	11	0.7526	NA	1	1.6244	Viruses;Duplodnaviria;Heunggongvirae;Uroviricota;Caudoviricetes;;
k127_243923	2167	No terminal repeats	NA	6	11	0.7525	NA	1	1.7183	Viruses;Duplodnaviria;Heunggongvirae;Uroviricota;Caudoviricetes;;
k127_472541	341	No terminal repeats	NA	1	11	0.7500	NA	1	1.3450	Viruses;Duplodnaviria;Heunggongvirae;Uroviricota;Caudoviricetes;;
k127_291786	914	No terminal repeats	NA	2	11	0.7500	NA	1	1.7183	Unclassified
k127_7556	701	No terminal repeats	NA	1	11	0.7499	NA	1	1.2306	Viruses;Duplodnaviria;Heunggongvirae;Uroviricota;Caudoviricetes;;
k127_5057	354	No terminal repeats	NA	1	11	0.7495	NA	1	1.4433	Viruses;Duplodnaviria;Heunggongvirae;Uroviricota;Caudoviricetes;;
k127_183367	386	No terminal repeats	NA	1	11	0.7491	NA	1	1.3983	Viruses;Duplodnaviria;Heunggongvirae;Uroviricota;Caudoviricetes;;
k127_139831	366	No terminal repeats	NA	1	11	0.7474	NA	1	1.7183	Viruses;Duplodnaviria;Heunggongvirae;Uroviricota;Caudoviricetes;;
k127_149085	2253	No terminal repeats	NA	2	11	0.7460	NA	1	2.8173	Viruses;Duplodnaviria;Heunggongvirae;Uroviricota;Caudoviricetes;;Drexlerviridae
k127_211582	1737	No terminal repeats	NA	3	11	0.7458	NA	1	1.7183	Viruses;Duplodnaviria;Heunggongvirae;Uroviricota;Caudoviricetes;;Drexlerviridae
k127_199964	316	No terminal repeats	NA	1	11	0.7450	NA	1	1.6742	Viruses;Duplodnaviria;Heunggongvirae;Uroviricota;Caudoviricetes;;
k127_490382	735	No terminal repeats	NA	2	11	0.7429	NA	1	1.4856	Viruses;Duplodnaviria;Heunggongvirae;Uroviricota;Caudoviricetes;;
k127_416503	335	No terminal repeats	NA	1	11	0.7419	NA	1	1.4073	Viruses;Duplodnaviria;Heunggongvirae;Uroviricota;Caudoviricetes;;
k127_404186	386	No terminal repeats	NA	1	11	0.7417	NA	1	1.5012	Viruses;Duplodnaviria;Heunggongvirae;Uroviricota;Caudoviricetes;;
k127_49766	821	No terminal repeats	NA	1	11	0.7410	NA	1	1.7183	Viruses;Duplodnaviria;Heunggongvirae;Uroviricota;Caudoviricetes;;Drexlerviridae
k127_328646	652	No terminal repeats	NA	1	11	0.7407	NA	1	1.2306	Viruses;Duplodnaviria;Heunggongvirae;Uroviricota;Caudoviricetes;;
k127_234651	378	No terminal repeats	NA	1	11	0.7406	NA	1	1.3816	Viruses;Duplodnaviria;Heunggongvirae;Uroviricota;Caudoviricetes;;
k127_133729	313	No terminal repeats	NA	1	11	0.7365	NA	1	1.3070	Viruses;Duplodnaviria;Heunggongvirae;Uroviricota;Caudoviricetes;;
k127_505104	416	No terminal repeats	NA	1	11	0.7343	NA	1	1.1709	Viruses;Duplodnaviria;Heunggongvirae;Uroviricota;Caudoviricetes;;
k127_219906	312	No terminal repeats	NA	1	11	0.7336	NA	1	1.2753	Viruses;Duplodnaviria;Heunggongvirae;Uroviricota;Caudoviricetes;;
k127_220777	324	No terminal repeats	NA	1	11	0.7335	NA	1	1.1178	Viruses;Duplodnaviria;Heunggongvirae;Uroviricota;Caudoviricetes;;
k127_144293	650	No terminal repeats	NA	1	11	0.7333	NA	1	1.2306	Viruses;Duplodnaviria;Heunggongvirae;Uroviricota;Caudoviricetes;;
k127_483170	789	No terminal repeats	NA	2	11	0.7315	NA	1	1.7161	Viruses;Duplodnaviria;Heunggongvirae;Uroviricota;Caudoviricetes;;
k127_311462	859	No terminal repeats	NA	1	11	0.7297	NA	1	1.2306	Viruses;Duplodnaviria;Heunggongvirae;Uroviricota;Caudoviricetes;;
k127_250752	370	No terminal repeats	NA	1	11	0.7281	NA	1	1.7173	Viruses;Duplodnaviria;Heunggongvirae;Uroviricota;Caudoviricetes;;
k127_46335	905	No terminal repeats	NA	2	11	0.7278	NA	1	1.3598	Viruses;Duplodnaviria;Heunggongvirae;Uroviricota;Caudoviricetes;;
k127_503118	1097	No terminal repeats	NA	1	11	0.7271	NA	1	1.2306	Viruses;Duplodnaviria;Heunggongvirae;Uroviricota;Caudoviricetes;;
k127_426648	408	No terminal repeats	NA	1	11	0.7253	NA	1	1.4387	Viruses;Duplodnaviria;Heunggongvirae;Uroviricota;Caudoviricetes;;
k127_97074	1070	No terminal repeats	NA	2	11	0.7240	NA	1	1.7183	Viruses;Duplodnaviria;Heunggongvirae;Uroviricota;Caudoviricetes;;
k127_98529	2922	No terminal repeats	NA	5	11	0.7236	NA	0	0.0000	Unclassified
k127_376851	306	No terminal repeats	NA	1	11	0.7235	NA	1	1.1038	Viruses;Duplodnaviria;Heunggongvirae;Uroviricota;Caudoviricetes;;
k127_450733	644	No terminal repeats	NA	2	11	0.7232	NA	1	1.1262	Viruses;Duplodnaviria;Heunggongvirae;Uroviricota;Caudoviricetes;;
k127_486794	455	No terminal repeats	NA	1	11	0.7214	NA	1	1.2306	Viruses;Duplodnaviria;Heunggongvirae;Uroviricota;Caudoviricetes;;
k127_355775	329	No terminal repeats	NA	1	11	0.7209	NA	1	1.6992	Viruses;Duplodnaviria;Heunggongvirae;Uroviricota;Caudoviricetes;;
k127_379623	365	No terminal repeats	NA	1	11	0.7204	NA	1	1.3562	Viruses;Duplodnaviria;Heunggongvirae;Uroviricota;Caudoviricetes;;
k127_361886	306	No terminal repeats	NA	1	11	0.7199	NA	1	1.6774	Viruses;Duplodnaviria;Heunggongvirae;Uroviricota;Caudoviricetes;;
k127_45222	309	No terminal repeats	NA	1	11	0.7163	NA	1	1.5231	Viruses;Duplodnaviria;Heunggongvirae;Uroviricota;Caudoviricetes;;
k127_474026	307	No terminal repeats	NA	1	11	0.7156	NA	1	1.7173	Viruses;Duplodnaviria;Heunggongvirae;Uroviricota;Caudoviricetes;;
k127_358299	1107	No terminal repeats	NA	2	11	0.7119	NA	1	2.2317	Viruses;Duplodnaviria;Heunggongvirae;Uroviricota;Caudoviricetes;;
k127_121784	1303	No terminal repeats	NA	1	11	0.7110	NA	1	1.5299	Viruses;Duplodnaviria;Heunggongvirae;Uroviricota;Caudoviricetes;;
k127_307608	786	No terminal repeats	NA	1	11	0.7109	NA	1	0.9079	Viruses;Duplodnaviria;Heunggongvirae;Uroviricota;Caudoviricetes;;
k127_124307	461	No terminal repeats	NA	1	11	0.7099	NA	1	1.2306	Viruses;Duplodnaviria;Heunggongvirae;Uroviricota;Caudoviricetes;;
k127_301443	465	No terminal repeats	NA	1	11	0.7095	NA	1	1.0597	Unclassified
k127_82136	705	No terminal repeats	NA	1	11	0.7083	NA	1	1.7183	Viruses;Duplodnaviria;Heunggongvirae;Uroviricota;Caudoviricetes;;
k127_105168	306	No terminal repeats	NA	1	11	0.7064	NA	1	1.2282	Viruses;Duplodnaviria;Heunggongvirae;Uroviricota;Caudoviricetes;;
k127_61463	323	No terminal repeats	NA	1	11	0.7053	NA	1	1.3572	Viruses;Duplodnaviria;Heunggongvirae;Uroviricota;Caudoviricetes;;
k127_342434	2630	No terminal repeats	NA	2	11	0.7051	NA	0	0.0000	Unclassified
k127_202238	307	No terminal repeats	NA	1	11	0.7050	NA	1	1.6759	Viruses;Duplodnaviria;Heunggongvirae;Uroviricota;Caudoviricetes;;
k127_105672	323	No terminal repeats	NA	1	11	0.7033	NA	1	1.2365	Viruses;Duplodnaviria;Heunggongvirae;Uroviricota;Caudoviricetes;;
k127_492957	309	No terminal repeats	NA	1	11	0.7032	NA	1	1.5240	Viruses;Duplodnaviria;Heunggongvirae;Uroviricota;Caudoviricetes;;
k127_368794	343	No terminal repeats	NA	1	11	0.7023	NA	1	1.6623	Viruses;Duplodnaviria;Heunggongvirae;Uroviricota;Caudoviricetes;;
k127_389511	2862	No terminal repeats	NA	1	11	0.7015	NA	0	0.0000	Unclassified
k127_229041	353	No terminal repeats	NA	1	11	0.7003	NA	1	1.6897	Viruses;Duplodnaviria;Heunggongvirae;Uroviricota;Caudoviricetes;;
