seq_name	length	topology	coordinates	n_genes	genetic_code	virus_score	fdr	n_hallmarks	marker_enrichment	taxonomy
k127_450953	2307	No terminal repeats	NA	4	11	0.9727	NA	1	3.1596	Viruses;Duplodnaviria;Heunggongvirae;Uroviricota;Caudoviricetes;;
k127_256952	464	No terminal repeats	NA	2	11	0.9720	NA	1	3.4366	Viruses;Duplodnaviria;Heunggongvirae;Uroviricota;Caudoviricetes;;
k127_387315	303	No terminal repeats	NA	1	11	0.9716	NA	1	1.7183	Unclassified
k127_7772	373	No terminal repeats	NA	1	11	0.9714	NA	1	1.5240	Viruses;Duplodnaviria;Heunggongvirae;Uroviricota;Caudoviricetes;;
k127_142777	429	No terminal repeats	NA	1	11	0.9688	NA	1	1.7183	Unclassified
k127_508388	515	No terminal repeats	NA	1	11	0.9681	NA	1	1.4698	Viruses;Duplodnaviria;Heunggongvirae;Uroviricota;Caudoviricetes;;
k127_260569	322	No terminal repeats	NA	2	11	0.9667	NA	1	1.7183	Viruses;Duplodnaviria;Heunggongvirae;Uroviricota;Caudoviricetes;;
k127_282601	409	No terminal repeats	NA	1	11	0.9663	NA	1	1.7183	Viruses;Duplodnaviria;Heunggongvirae;Uroviricota;Caudoviricetes;;
k127_493651	316	No terminal repeats	NA	1	11	0.9646	NA	1	1.7183	Viruses;Duplodnaviria;Heunggongvirae;Uroviricota;Caudoviricetes;;
k127_373113	315	No terminal repeats	NA	1	11	0.9645	NA	1	1.5240	Viruses;Duplodnaviria;Heunggongvirae;Uroviricota;Caudoviricetes;;
k127_145449	4891	No terminal repeats	NA	6	11	0.9637	NA	3	5.7364	Viruses;Duplodnaviria;Heunggongvirae;Uroviricota;Caudoviricetes;;
k127_542952	1527	No terminal repeats	NA	2	11	0.9636	NA	1	2.8137	Viruses;Duplodnaviria;Heunggongvirae;Uroviricota;Caudoviricetes;;
k127_501849	486	No terminal repeats	NA	1	11	0.9632	NA	1	1.4564	Viruses;Duplodnaviria;Heunggongvirae;Uroviricota;Caudoviricetes;;
k127_387215	335	No terminal repeats	NA	1	11	0.9631	NA	1	1.7183	Viruses;Duplodnaviria;Heunggongvirae;Uroviricota;Caudoviricetes;;
k127_90065	327	No terminal repeats	NA	1	11	0.9627	NA	1	1.7183	Viruses;Duplodnaviria;Heunggongvirae;Uroviricota;Caudoviricetes;;
k127_392188	305	No terminal repeats	NA	1	11	0.9622	NA	1	1.7183	Viruses;Duplodnaviria;Heunggongvirae;Uroviricota;Caudoviricetes;;
k127_540694	670	No terminal repeats	NA	1	11	0.9621	NA	1	1.7183	Viruses;Duplodnaviria;Heunggongvirae;Uroviricota;Caudoviricetes;;
k127_551549	371	No terminal repeats	NA	1	11	0.9612	NA	1	1.5780	Viruses;Duplodnaviria;Heunggongvirae;Uroviricota;Caudoviricetes;;
k127_165370	382	No terminal repeats	NA	1	11	0.9603	NA	1	1.7183	Viruses;Duplodnaviria;Heunggongvirae;Uroviricota;Caudoviricetes;;
k127_197568	313	No terminal repeats	NA	2	11	0.9598	NA	1	3.1267	Viruses;Duplodnaviria;Heunggongvirae;Uroviricota;Caudoviricetes;;
k127_147685	1013	No terminal repeats	NA	3	11	0.9592	NA	1	5.1548	Viruses;Duplodnaviria;Heunggongvirae;Uroviricota;Caudoviricetes;;
k127_384349	323	No terminal repeats	NA	1	11	0.9590	NA	1	1.7183	Viruses;Duplodnaviria;Heunggongvirae;Uroviricota;Caudoviricetes;;Drexlerviridae
k127_531932	323	No terminal repeats	NA	1	11	0.9581	NA	1	1.7183	Viruses;Duplodnaviria;Heunggongvirae;Uroviricota;Caudoviricetes;;
k127_439815	529	No terminal repeats	NA	1	11	0.9581	NA	1	1.7183	Unclassified
k127_238064	361	No terminal repeats	NA	1	11	0.9581	NA	1	1.7183	Viruses;Duplodnaviria;Heunggongvirae;Uroviricota;Caudoviricetes;;
k127_143660	317	No terminal repeats	NA	1	11	0.9580	NA	1	1.7183	Viruses;Duplodnaviria;Heunggongvirae;Uroviricota;Caudoviricetes;;
k127_131581	1896	No terminal repeats	NA	4	11	0.9577	NA	2	3.4366	Viruses;Duplodnaviria;Heunggongvirae;Uroviricota;Caudoviricetes;;
k127_334272	341	No terminal repeats	NA	1	11	0.9573	NA	1	1.7183	Viruses;Duplodnaviria;Heunggongvirae;Uroviricota;Caudoviricetes;;
k127_725	313	No terminal repeats	NA	1	11	0.9570	NA	1	1.7183	Viruses;Duplodnaviria;Heunggongvirae;Uroviricota;Caudoviricetes;;
k127_128956	333	No terminal repeats	NA	1	11	0.9565	NA	1	1.4595	Viruses;Duplodnaviria;Heunggongvirae;Uroviricota;Caudoviricetes;;
k127_132318	569	No terminal repeats	NA	1	11	0.9561	NA	1	1.7183	Viruses;Duplodnaviria;Heunggongvirae;Uroviricota;Caudoviricetes;;Herelleviridae
k127_10355	952	No terminal repeats	NA	2	11	0.9557	NA	1	1.7183	Viruses;Duplodnaviria;Heunggongvirae;Uroviricota;Caudoviricetes;;
k127_78657	396	No terminal repeats	NA	1	11	0.9548	NA	1	1.7183	Viruses;Duplodnaviria;Heunggongvirae;Uroviricota;Caudoviricetes;;
k127_397861	310	No terminal repeats	NA	1	11	0.9544	NA	1	1.7183	Viruses;Duplodnaviria;Heunggongvirae;Uroviricota;Caudoviricetes;;
k127_390502	423	No terminal repeats	NA	1	11	0.9544	NA	1	1.6066	Viruses;Duplodnaviria;Heunggongvirae;Uroviricota;Caudoviricetes;;
k127_254104	360	No terminal repeats	NA	1	11	0.9539	NA	1	1.7183	Viruses;Duplodnaviria;Heunggongvirae;Uroviricota;Caudoviricetes;;
k127_351448	571	No terminal repeats	NA	1	11	0.9529	NA	1	1.7183	Viruses;Duplodnaviria;Heunggongvirae;Uroviricota;Caudoviricetes;;
k127_329806	312	No terminal repeats	NA	1	11	0.9522	NA	1	1.7183	Viruses;Duplodnaviria;Heunggongvirae;Uroviricota;Caudoviricetes;;
k127_550981	395	No terminal repeats	NA	1	11	0.9519	NA	1	1.1602	Viruses;Duplodnaviria;Heunggongvirae;Uroviricota;Caudoviricetes;;
k127_425008	595	No terminal repeats	NA	2	11	0.9518	NA	1	1.7183	Viruses;Duplodnaviria;Heunggongvirae;Uroviricota;Caudoviricetes;;
k127_19436	306	No terminal repeats	NA	1	11	0.9513	NA	1	1.7183	Unclassified
k127_440897	362	No terminal repeats	NA	1	11	0.9512	NA	1	1.7183	Viruses;Duplodnaviria;Heunggongvirae;Uroviricota;Caudoviricetes;;
k127_331507	360	No terminal repeats	NA	1	11	0.9511	NA	1	1.7183	Viruses;Duplodnaviria;Heunggongvirae;Uroviricota;Caudoviricetes;;
k127_568635	412	No terminal repeats	NA	1	11	0.9511	NA	1	1.7183	Viruses;Duplodnaviria;Heunggongvirae;Uroviricota;Caudoviricetes;;
k127_488201	356	No terminal repeats	NA	1	11	0.9510	NA	1	1.7183	Viruses;Duplodnaviria;Heunggongvirae;Uroviricota;Caudoviricetes;;
k127_223606	491	No terminal repeats	NA	2	11	0.9508	NA	1	3.4366	Viruses;Duplodnaviria;Heunggongvirae;Uroviricota;Caudoviricetes;;
k127_186230	341	No terminal repeats	NA	1	11	0.9506	NA	1	1.7183	Viruses;Duplodnaviria;Heunggongvirae;Uroviricota;Caudoviricetes;;
k127_473903	301	No terminal repeats	NA	1	11	0.9495	NA	1	1.7183	Viruses;Duplodnaviria;Heunggongvirae;Uroviricota;Caudoviricetes;;
k127_60159	336	No terminal repeats	NA	1	11	0.9495	NA	1	1.7183	Viruses;Duplodnaviria;Heunggongvirae;Uroviricota;Caudoviricetes;;Drexlerviridae
k127_7357	335	No terminal repeats	NA	1	11	0.9478	NA	1	1.4595	Viruses;Duplodnaviria;Heunggongvirae;Uroviricota;Caudoviricetes;;
k127_136902	327	No terminal repeats	NA	1	11	0.9476	NA	1	1.7183	Viruses;Duplodnaviria;Heunggongvirae;Uroviricota;Caudoviricetes;;
k127_631	453	No terminal repeats	NA	1	11	0.9467	NA	1	1.7183	Viruses;Duplodnaviria;Heunggongvirae;Uroviricota;Caudoviricetes;;
k127_392556	305	No terminal repeats	NA	1	11	0.9466	NA	1	1.7183	Viruses;Duplodnaviria;Heunggongvirae;Uroviricota;Caudoviricetes;;
k127_5323	306	No terminal repeats	NA	1	11	0.9465	NA	1	1.7183	Viruses;Duplodnaviria;Heunggongvirae;Uroviricota;Caudoviricetes;;
k127_86271	373	No terminal repeats	NA	1	11	0.9463	NA	1	1.4595	Viruses;Duplodnaviria;Heunggongvirae;Uroviricota;Caudoviricetes;;
k127_462579	333	No terminal repeats	NA	1	11	0.9461	NA	1	1.7183	Viruses;Duplodnaviria;Heunggongvirae;Uroviricota;Caudoviricetes;;
k127_465192	601	No terminal repeats	NA	2	11	0.9459	NA	1	3.4366	Viruses;Duplodnaviria;Heunggongvirae;Uroviricota;Caudoviricetes;;
k127_44558	311	No terminal repeats	NA	1	11	0.9459	NA	1	1.7183	Unclassified
k127_229201	374	No terminal repeats	NA	1	11	0.9454	NA	1	1.7183	Viruses;Duplodnaviria;Heunggongvirae;Uroviricota;Caudoviricetes;;
k127_301497	573	No terminal repeats	NA	1	11	0.9454	NA	1	1.4699	Viruses;Duplodnaviria;Heunggongvirae;Uroviricota;Caudoviricetes;;
k127_414853	1310	No terminal repeats	NA	1	11	0.9454	NA	1	1.7183	Viruses;Duplodnaviria;Heunggongvirae;Uroviricota;Caudoviricetes;;
k127_506942	549	No terminal repeats	NA	1	11	0.9447	NA	1	1.7183	Viruses;Duplodnaviria;Heunggongvirae;Uroviricota;Caudoviricetes;;
k127_69773	318	No terminal repeats	NA	1	11	0.9443	NA	1	1.7183	Viruses;Duplodnaviria;Heunggongvirae;Uroviricota;Caudoviricetes;;
k127_165761	345	No terminal repeats	NA	1	11	0.9443	NA	1	1.7183	Viruses;Duplodnaviria;Heunggongvirae;Uroviricota;Caudoviricetes;;
k127_12198	362	No terminal repeats	NA	1	11	0.9443	NA	1	1.7183	Viruses;Duplodnaviria;Heunggongvirae;Uroviricota;Caudoviricetes;;
k127_437333	643	No terminal repeats	NA	1	11	0.9442	NA	1	1.7183	Viruses;Duplodnaviria;Heunggongvirae;Uroviricota;Caudoviricetes;;
k127_470499	318	No terminal repeats	NA	1	11	0.9432	NA	1	1.7183	Viruses;Duplodnaviria;Heunggongvirae;Uroviricota;Caudoviricetes;;
k127_370415	327	No terminal repeats	NA	1	11	0.9426	NA	1	1.7183	Viruses;Duplodnaviria;Heunggongvirae;Uroviricota;Caudoviricetes;;
k127_325685	305	No terminal repeats	NA	1	11	0.9422	NA	1	1.7183	Unclassified
k127_196125	457	No terminal repeats	NA	1	11	0.9420	NA	1	1.7183	Viruses;Duplodnaviria;Heunggongvirae;Uroviricota;Caudoviricetes;;
k127_227783	1013	No terminal repeats	NA	3	11	0.9420	NA	1	5.1548	Viruses;Duplodnaviria;Heunggongvirae;Uroviricota;Caudoviricetes;;
k127_474149	348	No terminal repeats	NA	1	11	0.9417	NA	1	1.7183	Viruses;Duplodnaviria;Heunggongvirae;Uroviricota;Caudoviricetes;;
k127_397452	308	No terminal repeats	NA	1	11	0.9415	NA	1	1.7183	Viruses;Duplodnaviria;Heunggongvirae;Uroviricota;Caudoviricetes;;
k127_503668	388	No terminal repeats	NA	1	11	0.9411	NA	1	1.7183	Viruses;Duplodnaviria;Heunggongvirae;Uroviricota;Caudoviricetes;;
k127_210029	359	No terminal repeats	NA	1	11	0.9408	NA	1	1.4698	Viruses;Duplodnaviria;Heunggongvirae;Uroviricota;Caudoviricetes;;
k127_227180	553	No terminal repeats	NA	2	11	0.9408	NA	1	1.7183	Viruses;Duplodnaviria;Heunggongvirae;Uroviricota;Caudoviricetes;;Herelleviridae
k127_546264	552	No terminal repeats	NA	1	11	0.9403	NA	1	1.5202	Viruses;Duplodnaviria;Heunggongvirae;Uroviricota;Caudoviricetes;;
k127_442130	326	No terminal repeats	NA	1	11	0.9401	NA	1	1.7183	Viruses;Duplodnaviria;Heunggongvirae;Uroviricota;Caudoviricetes;;
k127_73457	317	No terminal repeats	NA	1	11	0.9401	NA	1	1.3867	Viruses;Duplodnaviria;Heunggongvirae;Uroviricota;Caudoviricetes;;
k127_307392	323	No terminal repeats	NA	1	11	0.9396	NA	1	1.3345	Viruses;Duplodnaviria;Heunggongvirae;Uroviricota;Caudoviricetes;;
k127_443380	372	No terminal repeats	NA	2	11	0.9387	NA	1	1.7183	Viruses;Duplodnaviria;Heunggongvirae;Uroviricota;Caudoviricetes;;
k127_71716	367	No terminal repeats	NA	1	11	0.9384	NA	1	1.7183	Unclassified
k127_54831	441	No terminal repeats	NA	1	11	0.9382	NA	1	1.7183	Viruses;Duplodnaviria;Heunggongvirae;Uroviricota;Caudoviricetes;;
k127_63869	322	No terminal repeats	NA	1	11	0.9380	NA	1	1.7183	Viruses;Duplodnaviria;Heunggongvirae;Uroviricota;Caudoviricetes;;
k127_280322	418	No terminal repeats	NA	1	11	0.9376	NA	1	1.7183	Viruses;Duplodnaviria;Heunggongvirae;Uroviricota;Caudoviricetes;;
k127_318909	314	No terminal repeats	NA	1	11	0.9374	NA	1	1.7183	Viruses;Duplodnaviria;Heunggongvirae;Uroviricota;Caudoviricetes;;
k127_252161	326	No terminal repeats	NA	1	11	0.9370	NA	1	1.7183	Viruses;Duplodnaviria;Heunggongvirae;Uroviricota;Caudoviricetes;;
k127_194933	643	No terminal repeats	NA	2	11	0.9367	NA	1	3.3117	Viruses;Duplodnaviria;Heunggongvirae;Uroviricota;Caudoviricetes;;
k127_206237	319	No terminal repeats	NA	1	11	0.9366	NA	1	1.6066	Viruses;Duplodnaviria;Heunggongvirae;Uroviricota;Caudoviricetes;;
k127_483836	409	No terminal repeats	NA	2	11	0.9356	NA	1	1.7183	Unclassified
k127_485315	316	No terminal repeats	NA	1	11	0.9338	NA	1	1.6066	Viruses;Duplodnaviria;Heunggongvirae;Uroviricota;Caudoviricetes;;
k127_249724	325	No terminal repeats	NA	1	11	0.9331	NA	1	1.7183	Viruses;Duplodnaviria;Heunggongvirae;Uroviricota;Caudoviricetes;;
k127_211645	675	No terminal repeats	NA	1	11	0.9328	NA	1	1.7183	Viruses;Duplodnaviria;Heunggongvirae;Uroviricota;Caudoviricetes;;
k127_413302	727	No terminal repeats	NA	1	11	0.9326	NA	1	1.7183	Viruses;Duplodnaviria;Heunggongvirae;Uroviricota;Caudoviricetes;;
k127_134188	317	No terminal repeats	NA	1	11	0.9295	NA	1	1.7183	Viruses;Duplodnaviria;Heunggongvirae;Uroviricota;Caudoviricetes;;
k127_6071	437	No terminal repeats	NA	1	11	0.9294	NA	1	1.7183	Viruses;Duplodnaviria;Heunggongvirae;Uroviricota;Caudoviricetes;;
k127_431598	404	No terminal repeats	NA	1	11	0.9293	NA	1	1.7183	Viruses;Duplodnaviria;Heunggongvirae;Uroviricota;Caudoviricetes;;
k127_257068	697	No terminal repeats	NA	1	11	0.9291	NA	1	1.5986	Viruses;Duplodnaviria;Heunggongvirae;Uroviricota;Caudoviricetes;;
k127_64853	495	No terminal repeats	NA	1	11	0.9287	NA	1	1.7183	Viruses;Duplodnaviria;Heunggongvirae;Uroviricota;Caudoviricetes;;
k127_324068	599	No terminal repeats	NA	1	11	0.9285	NA	1	1.5986	Viruses;Duplodnaviria;Heunggongvirae;Uroviricota;Caudoviricetes;;
k127_459313	455	No terminal repeats	NA	1	11	0.9284	NA	1	1.5970	Viruses;Duplodnaviria;Heunggongvirae;Uroviricota;Caudoviricetes;;
k127_513199	526	No terminal repeats	NA	1	11	0.9279	NA	1	1.4595	Viruses;Duplodnaviria;Heunggongvirae;Uroviricota;Caudoviricetes;;
k127_441818	402	No terminal repeats	NA	1	11	0.9277	NA	1	1.7183	Viruses;Duplodnaviria;Heunggongvirae;Uroviricota;Caudoviricetes;;
k127_370233	306	No terminal repeats	NA	1	11	0.9276	NA	1	1.7183	Viruses;Duplodnaviria;Heunggongvirae;Uroviricota;Caudoviricetes;;
k127_249266	350	No terminal repeats	NA	2	11	0.9272	NA	1	1.7183	Viruses;Duplodnaviria;Heunggongvirae;Uroviricota;Caudoviricetes;;
k127_76839	529	No terminal repeats	NA	1	11	0.9270	NA	1	1.7183	Viruses;Duplodnaviria;Heunggongvirae;Uroviricota;Caudoviricetes;;
k127_496126	316	No terminal repeats	NA	1	11	0.9269	NA	1	1.5924	Viruses;Duplodnaviria;Heunggongvirae;Uroviricota;Caudoviricetes;;
k127_479397	325	No terminal repeats	NA	1	11	0.9265	NA	1	1.3867	Viruses;Duplodnaviria;Heunggongvirae;Uroviricota;Caudoviricetes;;
k127_466059	406	No terminal repeats	NA	1	11	0.9257	NA	1	1.7183	Unclassified
k127_385225	661	No terminal repeats	NA	1	11	0.9255	NA	1	1.5310	Viruses;Duplodnaviria;Heunggongvirae;Uroviricota;Caudoviricetes;;
k127_149600	311	No terminal repeats	NA	1	11	0.9250	NA	1	1.7183	Viruses;Duplodnaviria;Heunggongvirae;Uroviricota;Caudoviricetes;;
k127_103594	441	No terminal repeats	NA	1	11	0.9247	NA	1	1.7183	Viruses;Duplodnaviria;Heunggongvirae;Uroviricota;Caudoviricetes;;
k127_129309	923	No terminal repeats	NA	1	11	0.9247	NA	1	1.7183	Viruses;Riboviria;Orthornavirae;Pisuviricota;Stelpaviricetes;Patatavirales;Potyviridae
k127_69279	561	No terminal repeats	NA	2	11	0.9246	NA	1	3.4234	Viruses;Duplodnaviria;Heunggongvirae;Uroviricota;Caudoviricetes;;
k127_174989	366	No terminal repeats	NA	1	11	0.9244	NA	1	1.4595	Viruses;Duplodnaviria;Heunggongvirae;Uroviricota;Caudoviricetes;;
k127_474638	396	No terminal repeats	NA	1	11	0.9238	NA	1	1.5934	Unclassified
k127_228284	338	No terminal repeats	NA	1	11	0.9233	NA	1	1.5176	Viruses;Duplodnaviria;Heunggongvirae;Uroviricota;Caudoviricetes;;
k127_234269	636	No terminal repeats	NA	1	11	0.9230	NA	1	1.7183	Viruses;Duplodnaviria;Heunggongvirae;Uroviricota;Caudoviricetes;;
k127_360104	381	No terminal repeats	NA	2	11	0.9229	NA	1	1.7183	Unclassified
k127_492375	533	No terminal repeats	NA	1	15	0.9221	NA	1	1.4699	Viruses;Duplodnaviria;Heunggongvirae;Uroviricota;Caudoviricetes;;
k127_443904	322	No terminal repeats	NA	2	11	0.9216	NA	1	1.4609	Unclassified
k127_214754	317	No terminal repeats	NA	1	11	0.9215	NA	1	1.4979	Viruses;Duplodnaviria;Heunggongvirae;Uroviricota;Caudoviricetes;;
k127_199151	374	No terminal repeats	NA	1	11	0.9214	NA	1	1.7183	Viruses;Duplodnaviria;Heunggongvirae;Uroviricota;Caudoviricetes;;
k127_489618	610	No terminal repeats	NA	1	11	0.9206	NA	1	1.1011	Viruses;Duplodnaviria;Heunggongvirae;Uroviricota;Caudoviricetes;;
k127_347490	389	No terminal repeats	NA	1	11	0.9202	NA	1	1.4357	Viruses;Duplodnaviria;Heunggongvirae;Uroviricota;Caudoviricetes;;
k127_276035	352	No terminal repeats	NA	1	11	0.9202	NA	1	1.7183	Viruses;Duplodnaviria;Heunggongvirae;Uroviricota;Caudoviricetes;;
k127_98931	308	No terminal repeats	NA	1	11	0.9200	NA	1	1.7183	Viruses;Duplodnaviria;Heunggongvirae;Uroviricota;Caudoviricetes;;
k127_513167	644	No terminal repeats	NA	1	11	0.9193	NA	1	1.7183	Viruses;Duplodnaviria;Heunggongvirae;Uroviricota;Caudoviricetes;;
k127_25206	379	No terminal repeats	NA	1	11	0.9192	NA	1	1.7167	Viruses;Duplodnaviria;Heunggongvirae;Uroviricota;Caudoviricetes;;
k127_300103	495	No terminal repeats	NA	1	11	0.9191	NA	1	1.7183	Viruses;Duplodnaviria;Heunggongvirae;Uroviricota;Caudoviricetes;;
k127_179629	431	No terminal repeats	NA	1	11	0.9190	NA	1	1.7183	Viruses;Duplodnaviria;Heunggongvirae;Uroviricota;Caudoviricetes;;
k127_254376	312	No terminal repeats	NA	1	11	0.9189	NA	1	1.7183	Unclassified
k127_542737	380	No terminal repeats	NA	1	11	0.9179	NA	1	1.7183	Viruses;Duplodnaviria;Heunggongvirae;Uroviricota;Caudoviricetes;;
k127_159777	638	No terminal repeats	NA	1	11	0.9176	NA	1	1.5986	Viruses;Duplodnaviria;Heunggongvirae;Uroviricota;Caudoviricetes;;
k127_127710	329	No terminal repeats	NA	1	11	0.9167	NA	1	1.7183	Viruses;Duplodnaviria;Heunggongvirae;Uroviricota;Caudoviricetes;;
k127_445748	394	No terminal repeats	NA	1	11	0.9166	NA	1	1.4357	Viruses;Duplodnaviria;Heunggongvirae;Uroviricota;Caudoviricetes;;
k127_34036	362	No terminal repeats	NA	1	11	0.9164	NA	1	1.7183	Viruses;Duplodnaviria;Heunggongvirae;Uroviricota;Caudoviricetes;;
k127_261055	439	No terminal repeats	NA	1	11	0.9157	NA	1	1.2306	Viruses;Duplodnaviria;Heunggongvirae;Uroviricota;Caudoviricetes;;
k127_336767	454	No terminal repeats	NA	1	11	0.9146	NA	1	1.7183	Viruses;Duplodnaviria;Heunggongvirae;Uroviricota;Caudoviricetes;;
k127_489432	315	No terminal repeats	NA	1	11	0.9139	NA	1	1.3639	Viruses;Duplodnaviria;Heunggongvirae;Uroviricota;Caudoviricetes;;
k127_235387	334	No terminal repeats	NA	1	11	0.9139	NA	1	1.7183	Viruses;Duplodnaviria;Heunggongvirae;Uroviricota;Caudoviricetes;;
k127_566535	603	No terminal repeats	NA	1	11	0.9134	NA	1	1.1892	Viruses;Duplodnaviria;Heunggongvirae;Uroviricota;Caudoviricetes;;
k127_189963	301	No terminal repeats	NA	1	11	0.9133	NA	1	1.7141	Viruses;Duplodnaviria;Heunggongvirae;Uroviricota;Caudoviricetes;;
k127_265875	340	No terminal repeats	NA	1	11	0.9132	NA	1	1.4595	Viruses;Duplodnaviria;Heunggongvirae;Uroviricota;Caudoviricetes;;
k127_450839	678	No terminal repeats	NA	1	11	0.9129	NA	1	1.7183	Viruses;Duplodnaviria;Heunggongvirae;Uroviricota;Caudoviricetes;;
k127_300779	331	No terminal repeats	NA	1	11	0.9123	NA	1	1.4880	Viruses;Duplodnaviria;Heunggongvirae;Uroviricota;Caudoviricetes;;
k127_442302	355	No terminal repeats	NA	1	11	0.9121	NA	1	1.4900	Viruses;Duplodnaviria;Heunggongvirae;Uroviricota;Caudoviricetes;;
k127_316439	656	No terminal repeats	NA	1	11	0.9120	NA	1	1.4595	Viruses;Duplodnaviria;Heunggongvirae;Uroviricota;Caudoviricetes;;
k127_508356	307	No terminal repeats	NA	1	11	0.9119	NA	1	1.7183	Viruses;Duplodnaviria;Heunggongvirae;Uroviricota;Caudoviricetes;;
k127_73682	449	No terminal repeats	NA	1	11	0.9119	NA	1	1.3273	Viruses;Duplodnaviria;Heunggongvirae;Uroviricota;Caudoviricetes;;
k127_456799	301	No terminal repeats	NA	1	11	0.9116	NA	1	1.6517	Viruses;Duplodnaviria;Heunggongvirae;Uroviricota;Caudoviricetes;;
k127_296960	312	No terminal repeats	NA	1	11	0.9106	NA	1	1.5924	Viruses;Duplodnaviria;Heunggongvirae;Uroviricota;Caudoviricetes;;
k127_242939	445	No terminal repeats	NA	1	11	0.9105	NA	1	1.5240	Viruses;Duplodnaviria;Heunggongvirae;Uroviricota;Caudoviricetes;;
k127_58035	755	No terminal repeats	NA	2	11	0.9101	NA	2	2.5802	Viruses;Duplodnaviria;Heunggongvirae;Uroviricota;Caudoviricetes;;
k127_122832	501	No terminal repeats	NA	1	11	0.9093	NA	1	1.3467	Viruses;Duplodnaviria;Heunggongvirae;Uroviricota;Caudoviricetes;;
k127_64095	709	No terminal repeats	NA	1	11	0.9090	NA	1	1.7183	Viruses;Duplodnaviria;Heunggongvirae;Uroviricota;Caudoviricetes;;
k127_389188	349	No terminal repeats	NA	1	11	0.9087	NA	1	1.7183	Viruses;Duplodnaviria;Heunggongvirae;Uroviricota;Caudoviricetes;;
k127_33650	338	No terminal repeats	NA	1	11	0.9079	NA	1	1.5046	Viruses;Duplodnaviria;Heunggongvirae;Uroviricota;Caudoviricetes;;
k127_223105	509	No terminal repeats	NA	1	11	0.9076	NA	1	1.2306	Viruses;Duplodnaviria;Heunggongvirae;Uroviricota;Caudoviricetes;;
k127_396146	343	No terminal repeats	NA	1	11	0.9072	NA	1	1.7183	Viruses;Duplodnaviria;Heunggongvirae;Uroviricota;Caudoviricetes;;
k127_50265	397	No terminal repeats	NA	1	11	0.9072	NA	1	1.1906	Viruses;Duplodnaviria;Heunggongvirae;Uroviricota;Caudoviricetes;;
k127_355426	520	No terminal repeats	NA	1	11	0.9070	NA	1	1.7183	Viruses;Duplodnaviria;Heunggongvirae;Uroviricota;Caudoviricetes;;
k127_175036	394	No terminal repeats	NA	1	11	0.9069	NA	1	1.3148	Viruses;Duplodnaviria;Heunggongvirae;Uroviricota;Caudoviricetes;;
k127_194974	307	No terminal repeats	NA	2	11	0.9068	NA	1	1.6407	Viruses;Duplodnaviria;Heunggongvirae;Uroviricota;Caudoviricetes;;
k127_530187	514	No terminal repeats	NA	1	11	0.9067	NA	1	1.7183	Viruses;Duplodnaviria;Heunggongvirae;Uroviricota;Caudoviricetes;;
k127_86220	463	No terminal repeats	NA	1	11	0.9065	NA	1	1.7183	Viruses;Duplodnaviria;Heunggongvirae;Uroviricota;Caudoviricetes;;
k127_466405	1536	No terminal repeats	NA	2	11	0.9063	NA	1	1.7183	Viruses;Riboviria;Orthornavirae;Pisuviricota;Stelpaviricetes;Stellavirales;Astroviridae
k127_232993	350	No terminal repeats	NA	1	11	0.9057	NA	1	0.9531	Viruses;Duplodnaviria;Heunggongvirae;Uroviricota;Caudoviricetes;;
k127_472468	389	No terminal repeats	NA	1	11	0.9056	NA	1	1.7183	Viruses;Duplodnaviria;Heunggongvirae;Uroviricota;Caudoviricetes;;
k127_336202	306	No terminal repeats	NA	2	11	0.9052	NA	2	3.4366	Unclassified
k127_352128	718	No terminal repeats	NA	2	11	0.9051	NA	2	2.7272	Viruses;Duplodnaviria;Heunggongvirae;Uroviricota;Caudoviricetes;;
k127_153397	782	No terminal repeats	NA	1	11	0.9049	NA	1	1.7183	Viruses;Duplodnaviria;Heunggongvirae;Uroviricota;Caudoviricetes;;
k127_377246	495	No terminal repeats	NA	1	11	0.9047	NA	1	1.7183	Viruses;Duplodnaviria;Heunggongvirae;Uroviricota;Caudoviricetes;;
k127_253082	310	No terminal repeats	NA	1	11	0.9044	NA	1	1.7183	Viruses;Duplodnaviria;Heunggongvirae;Uroviricota;Caudoviricetes;;
k127_463912	529	No terminal repeats	NA	1	11	0.9039	NA	1	1.7183	Viruses;Duplodnaviria;Heunggongvirae;Uroviricota;Caudoviricetes;;
k127_61648	3381	No terminal repeats	NA	5	11	0.9029	NA	0	1.7183	Viruses;Duplodnaviria;Heunggongvirae;Uroviricota;Caudoviricetes;;
k127_163763	323	No terminal repeats	NA	1	11	0.9027	NA	1	1.7183	Unclassified
k127_548106	314	No terminal repeats	NA	1	11	0.9026	NA	1	1.4240	Unclassified
k127_554127	317	No terminal repeats	NA	1	11	0.9024	NA	1	1.7183	Viruses;Duplodnaviria;Heunggongvirae;Uroviricota;Caudoviricetes;;
k127_102330	310	No terminal repeats	NA	1	11	0.9020	NA	1	1.7183	Viruses;Duplodnaviria;Heunggongvirae;Uroviricota;Caudoviricetes;;
k127_521901	697	No terminal repeats	NA	1	11	0.9019	NA	1	1.7183	Viruses;Duplodnaviria;Heunggongvirae;Uroviricota;Caudoviricetes;;
k127_170039	472	No terminal repeats	NA	1	11	0.9019	NA	1	1.7183	Viruses;Duplodnaviria;Heunggongvirae;Uroviricota;Caudoviricetes;;
k127_255420	460	No terminal repeats	NA	1	11	0.9014	NA	1	1.7183	Viruses;Duplodnaviria;Heunggongvirae;Uroviricota;Caudoviricetes;;
k127_271318	592	No terminal repeats	NA	1	11	0.9010	NA	1	1.7183	Viruses;Duplodnaviria;Heunggongvirae;Uroviricota;Caudoviricetes;;Drexlerviridae
k127_551303	323	No terminal repeats	NA	2	11	0.9003	NA	1	1.7183	Unclassified
k127_371038	775	No terminal repeats	NA	1	11	0.8999	NA	1	1.2746	Viruses;Duplodnaviria;Heunggongvirae;Uroviricota;Caudoviricetes;;
k127_385833	477	No terminal repeats	NA	1	11	0.8998	NA	1	1.4798	Viruses;Duplodnaviria;Heunggongvirae;Uroviricota;Caudoviricetes;;
k127_426040	445	No terminal repeats	NA	1	11	0.8997	NA	1	1.7183	Viruses;Duplodnaviria;Heunggongvirae;Uroviricota;Caudoviricetes;;Drexlerviridae
k127_150498	404	No terminal repeats	NA	1	11	0.8996	NA	1	1.7183	Viruses;Duplodnaviria;Heunggongvirae;Uroviricota;Caudoviricetes;;
k127_3155	475	No terminal repeats	NA	1	11	0.8995	NA	1	0.9531	Viruses;Duplodnaviria;Heunggongvirae;Uroviricota;Caudoviricetes;;
k127_434683	697	No terminal repeats	NA	1	11	0.8986	NA	1	1.7183	Viruses;Duplodnaviria;Heunggongvirae;Uroviricota;Caudoviricetes;;
k127_332364	1196	No terminal repeats	NA	1	11	0.8985	NA	1	1.7183	Viruses;Duplodnaviria;Heunggongvirae;Uroviricota;Caudoviricetes;;
k127_535846	471	No terminal repeats	NA	1	11	0.8983	NA	1	1.7183	Viruses;Duplodnaviria;Heunggongvirae;Uroviricota;Caudoviricetes;;
k127_204515	614	No terminal repeats	NA	1	11	0.8978	NA	1	1.2306	Viruses;Duplodnaviria;Heunggongvirae;Uroviricota;Caudoviricetes;;
k127_276496	456	No terminal repeats	NA	2	11	0.8976	NA	1	1.5155	Viruses;Duplodnaviria;Heunggongvirae;Uroviricota;Caudoviricetes;;
k127_239101	748	No terminal repeats	NA	2	11	0.8962	NA	1	1.3663	Viruses;Duplodnaviria;Heunggongvirae;Uroviricota;Caudoviricetes;;
k127_29940	842	No terminal repeats	NA	1	11	0.8962	NA	1	1.7183	Viruses;Duplodnaviria;Heunggongvirae;Uroviricota;Caudoviricetes;;
k127_11378	309	No terminal repeats	NA	1	11	0.8958	NA	1	1.7183	Viruses;Monodnaviria;Loebvirae;Hofneiviricota;Faserviricetes;Tubulavirales;Inoviridae
k127_89644	332	No terminal repeats	NA	1	11	0.8958	NA	1	1.1892	Viruses;Duplodnaviria;Heunggongvirae;Uroviricota;Caudoviricetes;;
k127_521691	435	No terminal repeats	NA	1	11	0.8957	NA	1	1.0383	Viruses;Duplodnaviria;Heunggongvirae;Uroviricota;Caudoviricetes;;
k127_283306	369	No terminal repeats	NA	1	11	0.8942	NA	1	1.2442	Viruses;Duplodnaviria;Heunggongvirae;Uroviricota;Caudoviricetes;;
k127_335141	394	No terminal repeats	NA	1	11	0.8940	NA	1	1.7183	Viruses;Duplodnaviria;Heunggongvirae;Uroviricota;Caudoviricetes;;
k127_232917	979	No terminal repeats	NA	1	11	0.8939	NA	1	1.2306	Viruses;Duplodnaviria;Heunggongvirae;Uroviricota;Caudoviricetes;;
k127_194612	690	No terminal repeats	NA	2	11	0.8937	NA	1	1.7183	Viruses;Duplodnaviria;Heunggongvirae;Uroviricota;Caudoviricetes;;
k127_367599	391	No terminal repeats	NA	2	11	0.8922	NA	1	1.3276	Viruses;Duplodnaviria;Heunggongvirae;Uroviricota;Caudoviricetes;;
k127_103929	391	No terminal repeats	NA	1	11	0.8914	NA	1	1.2934	Viruses;Duplodnaviria;Heunggongvirae;Uroviricota;Caudoviricetes;;
k127_421488	2585	No terminal repeats	NA	4	11	0.8911	NA	0	5.0720	Viruses;Duplodnaviria;Heunggongvirae;Uroviricota;Caudoviricetes;;
k127_560244	615	No terminal repeats	NA	1	11	0.8903	NA	1	1.7159	Viruses;Duplodnaviria;Heunggongvirae;Uroviricota;Caudoviricetes;;
k127_472473	483	No terminal repeats	NA	1	11	0.8894	NA	1	1.7183	Viruses;Duplodnaviria;Heunggongvirae;Uroviricota;Caudoviricetes;;
k127_498583	1238	No terminal repeats	NA	1	11	0.8881	NA	1	1.7143	Viruses;Duplodnaviria;Heunggongvirae;Uroviricota;Caudoviricetes;;
k127_188996	663	No terminal repeats	NA	1	11	0.8869	NA	1	1.7183	Viruses;Duplodnaviria;Heunggongvirae;Uroviricota;Caudoviricetes;;
k127_259080	427	No terminal repeats	NA	1	11	0.8864	NA	1	1.4900	Viruses;Duplodnaviria;Heunggongvirae;Uroviricota;Caudoviricetes;;
k127_209830	334	No terminal repeats	NA	2	11	0.8862	NA	1	1.7183	Unclassified
k127_158090	951	No terminal repeats	NA	1	11	0.8852	NA	1	1.7183	Viruses;Duplodnaviria;Heunggongvirae;Uroviricota;Caudoviricetes;;
k127_244582	514	No terminal repeats	NA	1	11	0.8850	NA	1	1.7183	Viruses;Duplodnaviria;Heunggongvirae;Uroviricota;Caudoviricetes;;
k127_165802	323	No terminal repeats	NA	1	11	0.8842	NA	1	1.3380	Viruses;Duplodnaviria;Heunggongvirae;Uroviricota;Caudoviricetes;;
k127_404697	313	No terminal repeats	NA	2	11	0.8834	NA	1	1.7183	Unclassified
k127_46683	364	No terminal repeats	NA	1	11	0.8822	NA	1	1.6054	Viruses;Duplodnaviria;Heunggongvirae;Uroviricota;Caudoviricetes;;
k127_289319	380	No terminal repeats	NA	1	11	0.8819	NA	1	1.5924	Viruses;Duplodnaviria;Heunggongvirae;Uroviricota;Caudoviricetes;;
k127_515796	354	No terminal repeats	NA	1	11	0.8818	NA	1	1.0089	Viruses;Duplodnaviria;Heunggongvirae;Uroviricota;Caudoviricetes;;
k127_116496	523	No terminal repeats	NA	1	11	0.8812	NA	1	1.2229	Viruses;Duplodnaviria;Heunggongvirae;Uroviricota;Caudoviricetes;;
k127_220564	516	No terminal repeats	NA	1	11	0.8807	NA	1	1.7183	Viruses;Duplodnaviria;Heunggongvirae;Uroviricota;Caudoviricetes;;
k127_495520	523	No terminal repeats	NA	1	11	0.8804	NA	1	1.4749	Viruses;Duplodnaviria;Heunggongvirae;Uroviricota;Caudoviricetes;;
k127_431269	352	No terminal repeats	NA	1	11	0.8798	NA	1	1.3639	Viruses;Duplodnaviria;Heunggongvirae;Uroviricota;Caudoviricetes;;
k127_109511	624	No terminal repeats	NA	1	11	0.8795	NA	1	1.5971	Viruses;Duplodnaviria;Heunggongvirae;Uroviricota;Caudoviricetes;;
k127_311481	2877	No terminal repeats	NA	1	11	0.8788	NA	0	1.7183	Viruses;Duplodnaviria;Heunggongvirae;Uroviricota;Caudoviricetes;;
k127_434545	301	No terminal repeats	NA	1	11	0.8784	NA	1	1.3963	Viruses;Duplodnaviria;Heunggongvirae;Uroviricota;Caudoviricetes;;
k127_169147	394	No terminal repeats	NA	1	11	0.8779	NA	1	1.7183	Viruses;Duplodnaviria;Heunggongvirae;Uroviricota;Caudoviricetes;;
k127_138063	478	No terminal repeats	NA	1	11	0.8770	NA	1	1.7183	Viruses;Duplodnaviria;Heunggongvirae;Uroviricota;Caudoviricetes;;
k127_538292	660	No terminal repeats	NA	1	11	0.8757	NA	1	1.7183	Viruses;Duplodnaviria;Heunggongvirae;Uroviricota;Caudoviricetes;;Drexlerviridae
k127_114538	339	No terminal repeats	NA	1	11	0.8754	NA	1	1.4880	Viruses;Duplodnaviria;Heunggongvirae;Uroviricota;Caudoviricetes;;
k127_105979	598	No terminal repeats	NA	1	11	0.8751	NA	1	1.2449	Viruses;Duplodnaviria;Heunggongvirae;Uroviricota;Caudoviricetes;;
k127_90480	1614	No terminal repeats	NA	5	11	0.8742	NA	1	3.1894	Unclassified
k127_179596	906	No terminal repeats	NA	1	11	0.8742	NA	1	1.7183	Viruses;Duplodnaviria;Heunggongvirae;Uroviricota;Caudoviricetes;;Drexlerviridae
k127_214064	494	No terminal repeats	NA	1	11	0.8729	NA	1	1.7183	Viruses;Duplodnaviria;Heunggongvirae;Uroviricota;Caudoviricetes;;
k127_68809	663	No terminal repeats	NA	1	11	0.8729	NA	1	1.4764	Viruses;Duplodnaviria;Heunggongvirae;Uroviricota;Caudoviricetes;;
k127_259233	331	No terminal repeats	NA	1	11	0.8729	NA	1	1.2934	Viruses;Duplodnaviria;Heunggongvirae;Uroviricota;Caudoviricetes;;
k127_263818	558	No terminal repeats	NA	2	11	0.8728	NA	1	3.4366	Viruses;Duplodnaviria;Heunggongvirae;Uroviricota;Caudoviricetes;;
k127_266983	339	No terminal repeats	NA	1	11	0.8727	NA	1	1.3925	Viruses;Duplodnaviria;Heunggongvirae;Uroviricota;Caudoviricetes;;
k127_177541	885	No terminal repeats	NA	2	11	0.8726	NA	2	2.9626	Viruses;Duplodnaviria;Heunggongvirae;Uroviricota;Caudoviricetes;;
k127_439042	418	No terminal repeats	NA	1	11	0.8724	NA	1	1.7183	Viruses;Duplodnaviria;Heunggongvirae;Uroviricota;Caudoviricetes;;
k127_356855	374	No terminal repeats	NA	1	11	0.8724	NA	1	1.3639	Viruses;Duplodnaviria;Heunggongvirae;Uroviricota;Caudoviricetes;;
k127_359362	534	No terminal repeats	NA	2	11	0.8720	NA	1	2.6762	Viruses;Duplodnaviria;Heunggongvirae;Uroviricota;Caudoviricetes;;
k127_214188	563	No terminal repeats	NA	1	11	0.8718	NA	1	1.2037	Viruses;Duplodnaviria;Heunggongvirae;Uroviricota;Caudoviricetes;;
k127_158800	402	No terminal repeats	NA	1	11	0.8707	NA	1	1.7183	Viruses;Duplodnaviria;Heunggongvirae;Uroviricota;Caudoviricetes;;
k127_167996	470	No terminal repeats	NA	1	11	0.8705	NA	1	1.7183	Viruses;Duplodnaviria;Heunggongvirae;Uroviricota;Caudoviricetes;;
k127_36018	458	No terminal repeats	NA	1	11	0.8700	NA	1	1.7157	Viruses;Duplodnaviria;Heunggongvirae;Uroviricota;Caudoviricetes;;
k127_7255	315	No terminal repeats	NA	1	11	0.8699	NA	1	1.4749	Viruses;Duplodnaviria;Heunggongvirae;Uroviricota;Caudoviricetes;;
k127_530309	430	No terminal repeats	NA	1	11	0.8694	NA	1	1.7183	Viruses;Duplodnaviria;Heunggongvirae;Uroviricota;Caudoviricetes;;
k127_80540	383	No terminal repeats	NA	1	11	0.8693	NA	1	1.4005	Viruses;Duplodnaviria;Heunggongvirae;Uroviricota;Caudoviricetes;;
k127_219295	1153	No terminal repeats	NA	2	11	0.8692	NA	2	2.9795	Viruses;Duplodnaviria;Heunggongvirae;Uroviricota;Caudoviricetes;;
k127_313001	356	No terminal repeats	NA	2	11	0.8691	NA	1	1.4509	Viruses;Duplodnaviria;Heunggongvirae;Uroviricota;Caudoviricetes;;
k127_214145	331	No terminal repeats	NA	2	11	0.8689	NA	1	1.1826	Unclassified
k127_327113	1263	No terminal repeats	NA	1	11	0.8682	NA	1	1.7183	Viruses;Duplodnaviria;Heunggongvirae;Uroviricota;Caudoviricetes;;
k127_245387	357	No terminal repeats	NA	1	11	0.8676	NA	1	1.7183	Viruses;Duplodnaviria;Heunggongvirae;Uroviricota;Caudoviricetes;;
k127_473069	309	No terminal repeats	NA	1	11	0.8673	NA	1	1.0320	Viruses;Duplodnaviria;Heunggongvirae;Uroviricota;Caudoviricetes;;
k127_548754	735	No terminal repeats	NA	1	11	0.8672	NA	1	1.7183	Viruses;Duplodnaviria;Heunggongvirae;Uroviricota;Caudoviricetes;;
k127_544099	421	No terminal repeats	NA	1	11	0.8672	NA	1	1.7183	Viruses;Duplodnaviria;Heunggongvirae;Uroviricota;Caudoviricetes;;Drexlerviridae
k127_117648	304	No terminal repeats	NA	1	11	0.8668	NA	1	1.3639	Viruses;Duplodnaviria;Heunggongvirae;Uroviricota;Caudoviricetes;;
k127_348067	1359	No terminal repeats	NA	1	11	0.8664	NA	1	1.7183	Viruses;Duplodnaviria;Heunggongvirae;Uroviricota;Caudoviricetes;;
k127_342472	359	No terminal repeats	NA	1	11	0.8664	NA	1	1.4572	Viruses;Duplodnaviria;Heunggongvirae;Uroviricota;Caudoviricetes;;
k127_211996	597	No terminal repeats	NA	1	11	0.8657	NA	1	1.7183	Viruses;Duplodnaviria;Heunggongvirae;Uroviricota;Caudoviricetes;;
k127_396378	505	No terminal repeats	NA	1	11	0.8645	NA	1	1.2306	Viruses;Duplodnaviria;Heunggongvirae;Uroviricota;Caudoviricetes;;
k127_504614	591	No terminal repeats	NA	2	11	0.8645	NA	1	2.5380	Viruses;Duplodnaviria;Heunggongvirae;Uroviricota;Caudoviricetes;;
k127_205685	459	No terminal repeats	NA	2	11	0.8641	NA	1	1.7183	Viruses;Duplodnaviria;Heunggongvirae;Uroviricota;Caudoviricetes;;
k127_669	927	No terminal repeats	NA	1	11	0.8634	NA	1	1.7183	Viruses;Duplodnaviria;Heunggongvirae;Uroviricota;Caudoviricetes;;
k127_167665	621	No terminal repeats	NA	1	11	0.8627	NA	1	1.7183	Viruses;Duplodnaviria;Heunggongvirae;Uroviricota;Caudoviricetes;;
k127_318913	418	No terminal repeats	NA	1	11	0.8616	NA	1	1.4880	Viruses;Duplodnaviria;Heunggongvirae;Uroviricota;Caudoviricetes;;
k127_332588	398	No terminal repeats	NA	1	11	0.8612	NA	1	1.7183	Viruses;Duplodnaviria;Heunggongvirae;Uroviricota;Caudoviricetes;;
k127_446180	356	No terminal repeats	NA	2	11	0.8605	NA	1	1.4506	Viruses;Duplodnaviria;Heunggongvirae;Uroviricota;Caudoviricetes;;
k127_550876	445	No terminal repeats	NA	1	11	0.8605	NA	1	1.7183	Viruses;Duplodnaviria;Heunggongvirae;Uroviricota;Caudoviricetes;;
k127_229188	799	No terminal repeats	NA	2	11	0.8604	NA	2	3.0778	Viruses;Duplodnaviria;Heunggongvirae;Uroviricota;Caudoviricetes;;
k127_486599	323	No terminal repeats	NA	1	11	0.8602	NA	1	1.2934	Viruses;Duplodnaviria;Heunggongvirae;Uroviricota;Caudoviricetes;;
k127_174624	1182	No terminal repeats	NA	2	11	0.8594	NA	1	1.4793	Viruses;Duplodnaviria;Heunggongvirae;Uroviricota;Caudoviricetes;;
k127_444513	340	No terminal repeats	NA	1	11	0.8585	NA	1	1.7183	Viruses;Duplodnaviria;Heunggongvirae;Uroviricota;Caudoviricetes;;
k127_412501	354	No terminal repeats	NA	1	11	0.8579	NA	1	1.7097	Viruses;Duplodnaviria;Heunggongvirae;Uroviricota;Caudoviricetes;;
k127_388848	475	No terminal repeats	NA	1	11	0.8576	NA	1	1.7183	Viruses;Duplodnaviria;Heunggongvirae;Uroviricota;Caudoviricetes;;
k127_15905	308	No terminal repeats	NA	1	11	0.8571	NA	1	1.3617	Viruses;Duplodnaviria;Heunggongvirae;Uroviricota;Caudoviricetes;;
k127_454970	624	No terminal repeats	NA	1	11	0.8569	NA	1	0.9079	Viruses;Duplodnaviria;Heunggongvirae;Uroviricota;Caudoviricetes;;
k127_350328	776	No terminal repeats	NA	1	11	0.8568	NA	1	1.7183	Viruses;Duplodnaviria;Heunggongvirae;Uroviricota;Caudoviricetes;;
k127_213174	379	No terminal repeats	NA	1	11	0.8568	NA	1	1.2443	Viruses;Duplodnaviria;Heunggongvirae;Uroviricota;Caudoviricetes;;
k127_11344	936	No terminal repeats	NA	1	11	0.8563	NA	1	1.7183	Viruses;Duplodnaviria;Heunggongvirae;Uroviricota;Caudoviricetes;;
k127_120267	925	No terminal repeats	NA	1	11	0.8556	NA	1	1.7183	Viruses;Duplodnaviria;Heunggongvirae;Uroviricota;Caudoviricetes;;
k127_513398	309	No terminal repeats	NA	1	11	0.8546	NA	1	1.3639	Viruses;Duplodnaviria;Heunggongvirae;Uroviricota;Caudoviricetes;;
k127_413541	330	No terminal repeats	NA	1	11	0.8545	NA	1	1.3639	Viruses;Duplodnaviria;Heunggongvirae;Uroviricota;Caudoviricetes;;
k127_309781	509	No terminal repeats	NA	1	11	0.8538	NA	1	1.2306	Viruses;Duplodnaviria;Heunggongvirae;Uroviricota;Caudoviricetes;;
k127_316185	458	No terminal repeats	NA	1	11	0.8530	NA	1	1.4880	Viruses;Duplodnaviria;Heunggongvirae;Uroviricota;Caudoviricetes;;
k127_275159	519	No terminal repeats	NA	1	11	0.8522	NA	1	1.2306	Viruses;Duplodnaviria;Heunggongvirae;Uroviricota;Caudoviricetes;;
k127_550517	386	No terminal repeats	NA	1	11	0.8512	NA	1	1.7183	Viruses;Duplodnaviria;Heunggongvirae;Uroviricota;Caudoviricetes;;
k127_300158	490	No terminal repeats	NA	1	11	0.8506	NA	1	1.7183	Viruses;Duplodnaviria;Heunggongvirae;Uroviricota;Caudoviricetes;;
k127_317153	941	No terminal repeats	NA	2	11	0.8493	NA	1	3.3719	Viruses;Duplodnaviria;Heunggongvirae;Uroviricota;Caudoviricetes;;
k127_74815	330	No terminal repeats	NA	1	11	0.8489	NA	1	1.4046	Unclassified
k127_256233	586	No terminal repeats	NA	1	11	0.8486	NA	1	1.4749	Viruses;Duplodnaviria;Heunggongvirae;Uroviricota;Caudoviricetes;;
k127_171075	1082	No terminal repeats	NA	1	11	0.8481	NA	1	1.2306	Viruses;Duplodnaviria;Heunggongvirae;Uroviricota;Caudoviricetes;;
k127_498969	529	No terminal repeats	NA	2	11	0.8476	NA	1	1.7183	Viruses;Duplodnaviria;Heunggongvirae;Uroviricota;Caudoviricetes;;
k127_497720	492	No terminal repeats	NA	1	11	0.8469	NA	1	1.7091	Viruses;Duplodnaviria;Heunggongvirae;Uroviricota;Caudoviricetes;;
k127_309047	329	No terminal repeats	NA	1	11	0.8466	NA	1	1.2171	Viruses;Duplodnaviria;Heunggongvirae;Uroviricota;Caudoviricetes;;
k127_483556	1139	No terminal repeats	NA	1	11	0.8458	NA	1	1.7183	Viruses;Duplodnaviria;Heunggongvirae;Uroviricota;Caudoviricetes;;
k127_299308	439	No terminal repeats	NA	1	11	0.8454	NA	1	1.2306	Viruses;Duplodnaviria;Heunggongvirae;Uroviricota;Caudoviricetes;;
k127_163760	614	No terminal repeats	NA	2	11	0.8446	NA	1	1.7183	Viruses;Duplodnaviria;Heunggongvirae;Uroviricota;Caudoviricetes;;
k127_111586	831	No terminal repeats	NA	1	11	0.8443	NA	1	1.7183	Viruses;Duplodnaviria;Heunggongvirae;Uroviricota;Caudoviricetes;;
k127_454918	651	No terminal repeats	NA	1	11	0.8442	NA	1	1.7183	Viruses;Duplodnaviria;Heunggongvirae;Uroviricota;Caudoviricetes;;
k127_400210	315	No terminal repeats	NA	1	11	0.8434	NA	1	1.4880	Viruses;Duplodnaviria;Heunggongvirae;Uroviricota;Caudoviricetes;;
k127_535002	849	No terminal repeats	NA	2	11	0.8429	NA	2	3.1454	Viruses;Duplodnaviria;Heunggongvirae;Uroviricota;Caudoviricetes;;
k127_280109	348	No terminal repeats	NA	1	15	0.8426	NA	1	1.6396	Viruses;Duplodnaviria;Heunggongvirae;Uroviricota;Caudoviricetes;;
k127_48477	654	No terminal repeats	NA	1	11	0.8411	NA	1	1.3639	Viruses;Duplodnaviria;Heunggongvirae;Uroviricota;Caudoviricetes;;
k127_33493	690	No terminal repeats	NA	1	11	0.8394	NA	1	1.7183	Viruses;Duplodnaviria;Heunggongvirae;Uroviricota;Caudoviricetes;;
k127_396233	736	No terminal repeats	NA	1	11	0.8390	NA	1	1.7183	Viruses;Duplodnaviria;Heunggongvirae;Uroviricota;Caudoviricetes;;
k127_156887	358	No terminal repeats	NA	1	11	0.8387	NA	1	1.3856	Viruses;Duplodnaviria;Heunggongvirae;Uroviricota;Caudoviricetes;;
k127_404885	421	No terminal repeats	NA	2	11	0.8362	NA	1	1.7183	Unclassified
k127_124237	918	No terminal repeats	NA	1	11	0.8358	NA	1	1.2306	Viruses;Duplodnaviria;Heunggongvirae;Uroviricota;Caudoviricetes;;
k127_532001	786	No terminal repeats	NA	1	11	0.8355	NA	1	1.7183	Viruses;Duplodnaviria;Heunggongvirae;Uroviricota;Caudoviricetes;;
k127_117331	600	No terminal repeats	NA	2	11	0.8354	NA	1	1.3426	Viruses;Duplodnaviria;Heunggongvirae;Uroviricota;Caudoviricetes;;
k127_279235	593	No terminal repeats	NA	1	11	0.8353	NA	1	1.7183	Viruses;Duplodnaviria;Heunggongvirae;Uroviricota;Caudoviricetes;;
k127_274962	546	No terminal repeats	NA	1	11	0.8352	NA	1	1.7183	Viruses;Duplodnaviria;Heunggongvirae;Uroviricota;Caudoviricetes;;
k127_80251	466	No terminal repeats	NA	1	11	0.8351	NA	1	1.2306	Viruses;Duplodnaviria;Heunggongvirae;Uroviricota;Caudoviricetes;;
k127_32827	553	No terminal repeats	NA	2	11	0.8347	NA	2	3.4366	Viruses;Duplodnaviria;Heunggongvirae;Uroviricota;Caudoviricetes;;
k127_432394	424	No terminal repeats	NA	2	11	0.8341	NA	1	1.2934	Viruses;Duplodnaviria;Heunggongvirae;Uroviricota;Caudoviricetes;;
k127_451867	441	No terminal repeats	NA	1	11	0.8336	NA	1	1.1499	Viruses;Duplodnaviria;Heunggongvirae;Uroviricota;Caudoviricetes;;
k127_539068	317	No terminal repeats	NA	2	11	0.8334	NA	1	1.2200	Viruses;Duplodnaviria;Heunggongvirae;Uroviricota;Caudoviricetes;;
k127_365715	521	No terminal repeats	NA	1	11	0.8334	NA	1	1.7183	Viruses;Duplodnaviria;Heunggongvirae;Uroviricota;Caudoviricetes;;
k127_487166	511	No terminal repeats	NA	1	11	0.8334	NA	1	1.3639	Viruses;Duplodnaviria;Heunggongvirae;Uroviricota;Caudoviricetes;;
k127_387056	498	No terminal repeats	NA	2	11	0.8329	NA	1	1.7183	Unclassified
k127_80549	397	No terminal repeats	NA	1	11	0.8326	NA	1	1.6746	Viruses;Duplodnaviria;Heunggongvirae;Uroviricota;Caudoviricetes;;
k127_485017	552	No terminal repeats	NA	2	11	0.8319	NA	1	1.7169	Viruses;Duplodnaviria;Heunggongvirae;Uroviricota;Caudoviricetes;;
k127_214500	597	No terminal repeats	NA	1	11	0.8313	NA	1	1.7183	Viruses;Duplodnaviria;Heunggongvirae;Uroviricota;Caudoviricetes;;
k127_469812	427	No terminal repeats	NA	1	11	0.8313	NA	1	1.7183	Viruses;Duplodnaviria;Heunggongvirae;Uroviricota;Caudoviricetes;;
k127_48446	454	No terminal repeats	NA	1	11	0.8307	NA	1	1.4880	Viruses;Duplodnaviria;Heunggongvirae;Uroviricota;Caudoviricetes;;
k127_446734	489	No terminal repeats	NA	1	11	0.8294	NA	1	1.1262	Viruses;Duplodnaviria;Heunggongvirae;Uroviricota;Caudoviricetes;;
k127_321502	518	No terminal repeats	NA	2	11	0.8290	NA	1	1.1262	Viruses;Duplodnaviria;Heunggongvirae;Uroviricota;Caudoviricetes;;
k127_114675	495	No terminal repeats	NA	1	11	0.8278	NA	1	1.7183	Viruses;Duplodnaviria;Heunggongvirae;Uroviricota;Caudoviricetes;;
k127_439448	567	No terminal repeats	NA	1	11	0.8275	NA	1	1.3388	Viruses;Duplodnaviria;Heunggongvirae;Uroviricota;Caudoviricetes;;
k127_130540	515	No terminal repeats	NA	1	11	0.8272	NA	1	1.2306	Viruses;Duplodnaviria;Heunggongvirae;Uroviricota;Caudoviricetes;;
k127_532607	838	No terminal repeats	NA	1	11	0.8268	NA	1	1.7183	Viruses;Duplodnaviria;Heunggongvirae;Uroviricota;Caudoviricetes;;
k127_534067	376	No terminal repeats	NA	1	11	0.8265	NA	1	1.6529	Viruses;Duplodnaviria;Heunggongvirae;Uroviricota;Caudoviricetes;;
k127_294879	343	No terminal repeats	NA	1	11	0.8265	NA	1	1.3963	Viruses;Duplodnaviria;Heunggongvirae;Uroviricota;Caudoviricetes;;
k127_84253	808	No terminal repeats	NA	1	11	0.8265	NA	1	1.7183	Viruses;Duplodnaviria;Heunggongvirae;Uroviricota;Caudoviricetes;;
k127_379537	367	No terminal repeats	NA	2	11	0.8265	NA	1	1.4900	Viruses;Duplodnaviria;Heunggongvirae;Uroviricota;Caudoviricetes;;
k127_244587	440	No terminal repeats	NA	1	11	0.8261	NA	1	1.4494	Viruses;Duplodnaviria;Heunggongvirae;Uroviricota;Caudoviricetes;;
k127_165669	488	No terminal repeats	NA	2	11	0.8257	NA	1	1.3996	Viruses;Duplodnaviria;Heunggongvirae;Uroviricota;Caudoviricetes;;
k127_26774	413	No terminal repeats	NA	1	11	0.8239	NA	1	1.1904	Viruses;Duplodnaviria;Heunggongvirae;Uroviricota;Caudoviricetes;;
k127_5922	559	No terminal repeats	NA	2	11	0.8223	NA	1	1.3639	Viruses;Duplodnaviria;Heunggongvirae;Uroviricota;Caudoviricetes;;
k127_100207	325	No terminal repeats	NA	1	11	0.8221	NA	1	1.2944	Viruses;Duplodnaviria;Heunggongvirae;Uroviricota;Caudoviricetes;;
k127_321427	420	No terminal repeats	NA	1	11	0.8221	NA	1	1.7183	Viruses;Duplodnaviria;Heunggongvirae;Uroviricota;Caudoviricetes;;
k127_168475	743	No terminal repeats	NA	3	11	0.8217	NA	1	1.7183	Viruses;Duplodnaviria;Heunggongvirae;Uroviricota;Caudoviricetes;;
k127_486535	343	No terminal repeats	NA	1	11	0.8209	NA	1	1.3595	Viruses;Duplodnaviria;Heunggongvirae;Uroviricota;Caudoviricetes;;
k127_327711	460	No terminal repeats	NA	1	11	0.8204	NA	1	1.7183	Viruses;Duplodnaviria;Heunggongvirae;Uroviricota;Caudoviricetes;;
k127_31159	611	No terminal repeats	NA	1	11	0.8197	NA	1	1.2306	Viruses;Duplodnaviria;Heunggongvirae;Uroviricota;Caudoviricetes;;
k127_239164	732	No terminal repeats	NA	2	11	0.8196	NA	1	2.6768	Unclassified
k127_556844	394	No terminal repeats	NA	1	11	0.8191	NA	1	1.2306	Viruses;Duplodnaviria;Heunggongvirae;Uroviricota;Caudoviricetes;;
k127_228159	384	No terminal repeats	NA	1	11	0.8191	NA	1	1.2306	Viruses;Duplodnaviria;Heunggongvirae;Uroviricota;Caudoviricetes;;
k127_509553	575	No terminal repeats	NA	1	11	0.8191	NA	1	1.7183	Viruses;Duplodnaviria;Heunggongvirae;Uroviricota;Caudoviricetes;;
k127_291631	353	No terminal repeats	NA	1	11	0.8187	NA	1	1.2934	Viruses;Duplodnaviria;Heunggongvirae;Uroviricota;Caudoviricetes;;
k127_159139	455	No terminal repeats	NA	1	11	0.8177	NA	1	1.3704	Viruses;Duplodnaviria;Heunggongvirae;Uroviricota;Caudoviricetes;;
k127_35920	715	No terminal repeats	NA	1	11	0.8173	NA	1	1.7183	Viruses;Duplodnaviria;Heunggongvirae;Uroviricota;Caudoviricetes;;
k127_569561	433	No terminal repeats	NA	2	11	0.8165	NA	1	1.4597	Viruses;Duplodnaviria;Heunggongvirae;Uroviricota;Caudoviricetes;;
k127_66708	330	No terminal repeats	NA	1	11	0.8162	NA	1	1.4413	Viruses;Duplodnaviria;Heunggongvirae;Uroviricota;Caudoviricetes;;
k127_170956	1318	No terminal repeats	NA	1	11	0.8158	NA	1	1.7183	Viruses;Duplodnaviria;Heunggongvirae;Uroviricota;Caudoviricetes;;Drexlerviridae
k127_29158	387	No terminal repeats	NA	1	11	0.8156	NA	1	1.5665	Viruses;Duplodnaviria;Heunggongvirae;Uroviricota;Caudoviricetes;;
k127_511869	363	No terminal repeats	NA	1	11	0.8153	NA	1	1.3816	Viruses;Duplodnaviria;Heunggongvirae;Uroviricota;Caudoviricetes;;
k127_121196	416	No terminal repeats	NA	1	11	0.8149	NA	1	1.4978	Viruses;Duplodnaviria;Heunggongvirae;Uroviricota;Caudoviricetes;;
k127_227730	829	No terminal repeats	NA	2	11	0.8147	NA	1	1.7183	Viruses;Duplodnaviria;Heunggongvirae;Uroviricota;Caudoviricetes;;
k127_466373	1027	No terminal repeats	NA	1	11	0.8139	NA	1	1.2306	Viruses;Duplodnaviria;Heunggongvirae;Uroviricota;Caudoviricetes;;
k127_168738	770	No terminal repeats	NA	1	11	0.8130	NA	1	1.7183	Viruses;Duplodnaviria;Heunggongvirae;Uroviricota;Caudoviricetes;;
k127_15904	317	No terminal repeats	NA	1	11	0.8126	NA	1	1.6734	Viruses;Duplodnaviria;Heunggongvirae;Uroviricota;Caudoviricetes;;
k127_41366	505	No terminal repeats	NA	1	11	0.8123	NA	1	1.7183	Viruses;Duplodnaviria;Heunggongvirae;Uroviricota;Caudoviricetes;;
k127_439369	493	No terminal repeats	NA	1	11	0.8123	NA	1	1.2306	Viruses;Duplodnaviria;Heunggongvirae;Uroviricota;Caudoviricetes;;
k127_311574	405	No terminal repeats	NA	1	11	0.8115	NA	1	1.3135	Viruses;Duplodnaviria;Heunggongvirae;Uroviricota;Caudoviricetes;;
k127_90529	307	No terminal repeats	NA	1	11	0.8112	NA	1	1.3608	Viruses;Duplodnaviria;Heunggongvirae;Uroviricota;Caudoviricetes;;Straboviridae
k127_394673	393	No terminal repeats	NA	1	11	0.8111	NA	1	1.7011	Viruses;Duplodnaviria;Heunggongvirae;Uroviricota;Caudoviricetes;;
k127_405507	397	No terminal repeats	NA	2	11	0.8106	NA	1	1.7087	Viruses;Duplodnaviria;Heunggongvirae;Uroviricota;Caudoviricetes;;
k127_28433	591	No terminal repeats	NA	2	11	0.8088	NA	1	1.2802	Viruses;Duplodnaviria;Heunggongvirae;Uroviricota;Caudoviricetes;;
k127_303025	400	No terminal repeats	NA	1	11	0.8077	NA	1	1.2802	Viruses;Duplodnaviria;Heunggongvirae;Uroviricota;Caudoviricetes;;
k127_547852	557	No terminal repeats	NA	1	11	0.8073	NA	1	1.2443	Viruses;Duplodnaviria;Heunggongvirae;Uroviricota;Caudoviricetes;;
k127_228187	320	No terminal repeats	NA	2	11	0.8066	NA	1	1.7183	Viruses;Duplodnaviria;Heunggongvirae;Uroviricota;Caudoviricetes;;
k127_235399	386	No terminal repeats	NA	2	11	0.8055	NA	1	1.7183	Viruses;Duplodnaviria;Heunggongvirae;Uroviricota;Caudoviricetes;;
k127_313342	1128	No terminal repeats	NA	2	11	0.8053	NA	1	1.7183	Viruses;Duplodnaviria;Heunggongvirae;Uroviricota;Caudoviricetes;;
k127_13656	5401	No terminal repeats	NA	7	11	0.8045	NA	0	2.9428	Viruses;Duplodnaviria;Heunggongvirae;Uroviricota;Caudoviricetes;;
k127_533504	337	No terminal repeats	NA	1	11	0.8021	NA	1	1.2987	Viruses;Duplodnaviria;Heunggongvirae;Uroviricota;Caudoviricetes;;
k127_275668	1046	No terminal repeats	NA	1	11	0.8009	NA	1	1.7183	Viruses;Duplodnaviria;Heunggongvirae;Uroviricota;Caudoviricetes;;
k127_456117	438	No terminal repeats	NA	1	11	0.8008	NA	1	1.4880	Viruses;Duplodnaviria;Heunggongvirae;Uroviricota;Caudoviricetes;;
k127_235257	542	No terminal repeats	NA	1	11	0.8008	NA	1	1.3139	Viruses;Duplodnaviria;Heunggongvirae;Uroviricota;Caudoviricetes;;
k127_121813	846	No terminal repeats	NA	2	11	0.7996	NA	1	1.7183	Viruses;Duplodnaviria;Heunggongvirae;Uroviricota;Caudoviricetes;;
k127_535144	462	No terminal repeats	NA	1	11	0.7995	NA	1	1.6756	Viruses;Duplodnaviria;Heunggongvirae;Uroviricota;Caudoviricetes;;
k127_213668	374	No terminal repeats	NA	1	11	0.7992	NA	1	1.2443	Viruses;Duplodnaviria;Heunggongvirae;Uroviricota;Caudoviricetes;;
k127_229517	522	No terminal repeats	NA	1	11	0.7975	NA	1	1.7060	Unclassified
k127_235870	425	No terminal repeats	NA	1	11	0.7973	NA	1	1.2676	Viruses;Duplodnaviria;Heunggongvirae;Uroviricota;Caudoviricetes;;
k127_522436	567	No terminal repeats	NA	2	11	0.7973	NA	1	1.0663	Viruses;Duplodnaviria;Heunggongvirae;Uroviricota;Caudoviricetes;;
k127_390077	826	No terminal repeats	NA	2	11	0.7961	NA	1	1.7183	Viruses;Duplodnaviria;Heunggongvirae;Uroviricota;Caudoviricetes;;
k127_391334	482	No terminal repeats	NA	1	11	0.7942	NA	1	1.7183	Viruses;Duplodnaviria;Heunggongvirae;Uroviricota;Caudoviricetes;;
k127_446126	357	No terminal repeats	NA	2	11	0.7937	NA	1	0.9483	Unclassified
k127_210639	318	No terminal repeats	NA	1	11	0.7909	NA	1	1.7159	Viruses;Duplodnaviria;Heunggongvirae;Uroviricota;Caudoviricetes;;
k127_395034	501	No terminal repeats	NA	2	11	0.7907	NA	1	2.9060	Viruses;Duplodnaviria;Heunggongvirae;Uroviricota;Caudoviricetes;;
k127_367440	377	No terminal repeats	NA	1	11	0.7905	NA	1	1.3168	Viruses;Duplodnaviria;Heunggongvirae;Uroviricota;Caudoviricetes;;
k127_287230	3126	No terminal repeats	NA	6	11	0.7897	NA	1	1.7077	Viruses;Duplodnaviria;Heunggongvirae;Uroviricota;Caudoviricetes;;
k127_351142	737	No terminal repeats	NA	1	11	0.7892	NA	1	1.7183	Viruses;Duplodnaviria;Heunggongvirae;Uroviricota;Caudoviricetes;;
k127_338736	861	No terminal repeats	NA	3	11	0.7891	NA	1	2.7764	Viruses;Duplodnaviria;Heunggongvirae;Uroviricota;Caudoviricetes;;
k127_187982	381	No terminal repeats	NA	1	11	0.7883	NA	1	1.3070	Viruses;Duplodnaviria;Heunggongvirae;Uroviricota;Caudoviricetes;;
k127_87356	1151	No terminal repeats	NA	1	11	0.7879	NA	1	1.7183	Viruses;Duplodnaviria;Heunggongvirae;Uroviricota;Caudoviricetes;;
k127_474097	324	No terminal repeats	NA	1	11	0.7877	NA	1	1.0834	Viruses;Duplodnaviria;Heunggongvirae;Uroviricota;Caudoviricetes;;
k127_48350	421	No terminal repeats	NA	1	11	0.7876	NA	1	1.7183	Viruses;Duplodnaviria;Heunggongvirae;Uroviricota;Caudoviricetes;;
k127_164571	350	No terminal repeats	NA	1	11	0.7850	NA	1	1.3218	Viruses;Duplodnaviria;Heunggongvirae;Uroviricota;Caudoviricetes;;
k127_548821	476	No terminal repeats	NA	1	11	0.7822	NA	1	1.6536	Viruses;Duplodnaviria;Heunggongvirae;Uroviricota;Caudoviricetes;;
k127_440511	444	No terminal repeats	NA	2	11	0.7821	NA	1	1.7044	Unclassified
k127_198948	447	No terminal repeats	NA	1	11	0.7804	NA	1	1.2306	Viruses;Duplodnaviria;Heunggongvirae;Uroviricota;Caudoviricetes;;
k127_44113	336	No terminal repeats	NA	1	11	0.7801	NA	1	1.7141	Unclassified
k127_195273	1437	No terminal repeats	NA	2	11	0.7797	NA	1	1.7183	Viruses;Duplodnaviria;Heunggongvirae;Uroviricota;Caudoviricetes;;
k127_151866	350	No terminal repeats	NA	1	11	0.7796	NA	1	1.7173	Viruses;Duplodnaviria;Heunggongvirae;Uroviricota;Caudoviricetes;;
k127_86667	1069	No terminal repeats	NA	1	11	0.7777	NA	1	1.2306	Viruses;Duplodnaviria;Heunggongvirae;Uroviricota;Caudoviricetes;;
k127_26874	1002	No terminal repeats	NA	2	11	0.7770	NA	1	1.7183	Viruses;Duplodnaviria;Heunggongvirae;Uroviricota;Caudoviricetes;;
k127_300155	303	No terminal repeats	NA	1	11	0.7765	NA	1	1.4433	Viruses;Duplodnaviria;Heunggongvirae;Uroviricota;Caudoviricetes;;
k127_181325	622	No terminal repeats	NA	1	11	0.7751	NA	1	0.9079	Viruses;Duplodnaviria;Heunggongvirae;Uroviricota;Caudoviricetes;;
k127_268589	409	No terminal repeats	NA	1	11	0.7748	NA	1	1.3153	Viruses;Duplodnaviria;Heunggongvirae;Uroviricota;Caudoviricetes;;
k127_478357	301	No terminal repeats	NA	1	11	0.7742	NA	1	1.2271	Viruses;Duplodnaviria;Heunggongvirae;Uroviricota;Caudoviricetes;;
k127_407887	304	No terminal repeats	NA	1	11	0.7741	NA	1	1.7154	Viruses;Duplodnaviria;Heunggongvirae;Uroviricota;Caudoviricetes;;
k127_62184	825	No terminal repeats	NA	2	11	0.7719	NA	1	1.5915	Viruses;Duplodnaviria;Heunggongvirae;Uroviricota;Caudoviricetes;;
k127_495888	2052	No terminal repeats	NA	3	11	0.7713	NA	1	1.7183	Viruses;Duplodnaviria;Heunggongvirae;Uroviricota;Caudoviricetes;;
k127_291271	985	No terminal repeats	NA	1	11	0.7712	NA	1	1.7183	Viruses;Duplodnaviria;Heunggongvirae;Uroviricota;Caudoviricetes;;
k127_559103	338	No terminal repeats	NA	1	11	0.7711	NA	1	1.6742	Viruses;Duplodnaviria;Heunggongvirae;Uroviricota;Caudoviricetes;;
k127_230021	678	No terminal repeats	NA	2	11	0.7711	NA	1	1.1262	Viruses;Duplodnaviria;Heunggongvirae;Uroviricota;Caudoviricetes;;
k127_331694	702	No terminal repeats	NA	2	11	0.7702	NA	1	1.7183	Viruses;Duplodnaviria;Heunggongvirae;Uroviricota;Caudoviricetes;;
k127_358419	388	No terminal repeats	NA	1	11	0.7698	NA	1	1.7132	Viruses;Duplodnaviria;Heunggongvirae;Uroviricota;Caudoviricetes;;
k127_318810	351	No terminal repeats	NA	1	11	0.7677	NA	1	1.3988	Viruses;Duplodnaviria;Heunggongvirae;Uroviricota;Caudoviricetes;;
k127_324862	1549	No terminal repeats	NA	1	11	0.7662	NA	1	1.7183	Viruses;Duplodnaviria;Heunggongvirae;Uroviricota;Caudoviricetes;;
k127_398441	361	No terminal repeats	NA	1	11	0.7651	NA	1	1.3273	Viruses;Duplodnaviria;Heunggongvirae;Uroviricota;Caudoviricetes;;
k127_160918	787	No terminal repeats	NA	2	11	0.7632	NA	1	1.5841	Viruses;Duplodnaviria;Heunggongvirae;Uroviricota;Caudoviricetes;;
k127_48212	439	No terminal repeats	NA	1	11	0.7628	NA	1	1.6924	Viruses;Duplodnaviria;Heunggongvirae;Uroviricota;Caudoviricetes;;
k127_411644	540	No terminal repeats	NA	2	11	0.7620	NA	1	1.3996	Viruses;Duplodnaviria;Heunggongvirae;Uroviricota;Caudoviricetes;;
k127_376346	2798	No terminal repeats	NA	1	11	0.7613	NA	0	1.7183	Unclassified
k127_243283	421	No terminal repeats	NA	2	11	0.7606	NA	1	1.5385	Viruses;Duplodnaviria;Heunggongvirae;Uroviricota;Caudoviricetes;;
k127_304047	612	No terminal repeats	NA	2	11	0.7604	NA	1	1.7183	Viruses;Duplodnaviria;Heunggongvirae;Uroviricota;Caudoviricetes;;
k127_40572	1003	No terminal repeats	NA	2	11	0.7603	NA	1	2.9132	Viruses;Duplodnaviria;Heunggongvirae;Uroviricota;Caudoviricetes;;
k127_12895	582	No terminal repeats	NA	2	11	0.7599	NA	2	3.0800	Viruses;Duplodnaviria;Heunggongvirae;Uroviricota;Caudoviricetes;;
k127_177339	437	No terminal repeats	NA	1	11	0.7597	NA	1	1.2934	Viruses;Duplodnaviria;Heunggongvirae;Uroviricota;Caudoviricetes;;
k127_343197	876	No terminal repeats	NA	1	11	0.7597	NA	1	1.7183	Viruses;Duplodnaviria;Heunggongvirae;Uroviricota;Caudoviricetes;;
k127_331042	744	No terminal repeats	NA	1	11	0.7593	NA	1	1.7183	Viruses;Duplodnaviria;Heunggongvirae;Uroviricota;Caudoviricetes;;Drexlerviridae
k127_167962	655	No terminal repeats	NA	1	11	0.7589	NA	1	1.3142	Viruses;Duplodnaviria;Heunggongvirae;Uroviricota;Caudoviricetes;;
k127_124878	590	No terminal repeats	NA	1	11	0.7574	NA	1	1.1256	Viruses;Duplodnaviria;Heunggongvirae;Uroviricota;Caudoviricetes;;
k127_399024	953	No terminal repeats	NA	1	11	0.7571	NA	1	1.3608	Viruses;Duplodnaviria;Heunggongvirae;Uroviricota;Caudoviricetes;;Straboviridae
k127_520947	454	No terminal repeats	NA	1	11	0.7559	NA	1	1.2306	Viruses;Duplodnaviria;Heunggongvirae;Uroviricota;Caudoviricetes;;
k127_501779	379	No terminal repeats	NA	1	11	0.7530	NA	1	1.3639	Viruses;Duplodnaviria;Heunggongvirae;Uroviricota;Caudoviricetes;;
k127_539029	604	No terminal repeats	NA	2	11	0.7527	NA	1	1.4597	Viruses;Duplodnaviria;Heunggongvirae;Uroviricota;Caudoviricetes;;
k127_550220	360	No terminal repeats	NA	1	11	0.7517	NA	1	1.7173	Viruses;Duplodnaviria;Heunggongvirae;Uroviricota;Caudoviricetes;;
k127_250455	353	No terminal repeats	NA	1	11	0.7492	NA	1	1.6735	Viruses;Duplodnaviria;Heunggongvirae;Uroviricota;Caudoviricetes;;
k127_347770	516	No terminal repeats	NA	1	11	0.7477	NA	1	1.3450	Viruses;Duplodnaviria;Heunggongvirae;Uroviricota;Caudoviricetes;;
k127_467399	2850	No terminal repeats	NA	2	11	0.7476	NA	0	0.0000	Unclassified
k127_70511	403	No terminal repeats	NA	2	11	0.7469	NA	1	1.3996	Viruses;Duplodnaviria;Heunggongvirae;Uroviricota;Caudoviricetes;;
k127_199398	850	No terminal repeats	NA	3	11	0.7465	NA	1	1.2386	Viruses;Duplodnaviria;Heunggongvirae;Uroviricota;Caudoviricetes;;Straboviridae
k127_432030	314	No terminal repeats	NA	1	11	0.7462	NA	1	1.6971	Viruses;Duplodnaviria;Heunggongvirae;Uroviricota;Caudoviricetes;;
k127_247536	663	No terminal repeats	NA	2	11	0.7457	NA	1	1.7183	Viruses;Duplodnaviria;Heunggongvirae;Uroviricota;Caudoviricetes;;Drexlerviridae
k127_336936	451	No terminal repeats	NA	1	11	0.7442	NA	1	1.1262	Viruses;Duplodnaviria;Heunggongvirae;Uroviricota;Caudoviricetes;;
k127_13065	410	No terminal repeats	NA	1	11	0.7438	NA	1	1.2987	Viruses;Duplodnaviria;Heunggongvirae;Uroviricota;Caudoviricetes;;
k127_395868	665	No terminal repeats	NA	2	11	0.7416	NA	1	1.7097	Viruses;Duplodnaviria;Heunggongvirae;Uroviricota;Caudoviricetes;;
k127_565708	746	No terminal repeats	NA	2	11	0.7413	NA	1	1.4887	Viruses;Duplodnaviria;Heunggongvirae;Uroviricota;Caudoviricetes;;
k127_45608	634	No terminal repeats	NA	1	11	0.7408	NA	1	1.7183	Viruses;Duplodnaviria;Heunggongvirae;Uroviricota;Caudoviricetes;;
k127_446571	1543	No terminal repeats	NA	2	11	0.7404	NA	1	1.7183	Viruses;Duplodnaviria;Heunggongvirae;Uroviricota;Caudoviricetes;;
k127_189497	1201	No terminal repeats	NA	1	11	0.7401	NA	1	1.7183	Viruses;Duplodnaviria;Heunggongvirae;Uroviricota;Caudoviricetes;;
k127_231253	644	No terminal repeats	NA	1	11	0.7394	NA	1	0.9221	Viruses;Duplodnaviria;Heunggongvirae;Uroviricota;Caudoviricetes;;Straboviridae
k127_484397	659	No terminal repeats	NA	1	11	0.7392	NA	1	1.7183	Viruses;Duplodnaviria;Heunggongvirae;Uroviricota;Caudoviricetes;;
k127_118364	438	No terminal repeats	NA	2	11	0.7385	NA	1	1.3996	Viruses;Duplodnaviria;Heunggongvirae;Uroviricota;Caudoviricetes;;
k127_480175	585	No terminal repeats	NA	2	11	0.7374	NA	1	1.3565	Viruses;Duplodnaviria;Heunggongvirae;Uroviricota;Caudoviricetes;;
k127_242125	1945	No terminal repeats	NA	2	11	0.7353	NA	1	1.7183	Viruses;Duplodnaviria;Heunggongvirae;Uroviricota;Caudoviricetes;;
k127_409077	502	No terminal repeats	NA	2	11	0.7348	NA	1	2.7375	Viruses;Duplodnaviria;Heunggongvirae;Uroviricota;Caudoviricetes;;
k127_80232	758	No terminal repeats	NA	1	11	0.7343	NA	1	1.7183	Viruses;Duplodnaviria;Heunggongvirae;Uroviricota;Caudoviricetes;;
k127_473898	684	No terminal repeats	NA	1	11	0.7332	NA	1	1.7183	Viruses;Duplodnaviria;Heunggongvirae;Uroviricota;Caudoviricetes;;
k127_515092	453	No terminal repeats	NA	1	11	0.7320	NA	1	0.9531	Viruses;Duplodnaviria;Heunggongvirae;Uroviricota;Caudoviricetes;;
k127_13635	308	No terminal repeats	NA	1	11	0.7302	NA	1	1.6245	Viruses;Duplodnaviria;Heunggongvirae;Uroviricota;Caudoviricetes;;
k127_341438	690	No terminal repeats	NA	1	11	0.7296	NA	1	1.2306	Viruses;Duplodnaviria;Heunggongvirae;Uroviricota;Caudoviricetes;;
k127_11348	424	No terminal repeats	NA	1	11	0.7285	NA	1	1.2449	Viruses;Duplodnaviria;Heunggongvirae;Uroviricota;Caudoviricetes;;
k127_44675	824	No terminal repeats	NA	1	11	0.7284	NA	1	0.9221	Viruses;Duplodnaviria;Heunggongvirae;Uroviricota;Caudoviricetes;;Straboviridae
k127_452526	405	No terminal repeats	NA	1	11	0.7267	NA	1	1.6491	Unclassified
k127_326060	461	No terminal repeats	NA	1	11	0.7264	NA	1	1.7055	Viruses;Duplodnaviria;Heunggongvirae;Uroviricota;Caudoviricetes;;Autographiviridae
k127_447020	2898	No terminal repeats	NA	4	11	0.7244	NA	0	1.4750	Viruses;Duplodnaviria;Heunggongvirae;Uroviricota;Caudoviricetes;;
k127_298633	426	No terminal repeats	NA	1	11	0.7243	NA	1	1.7183	Viruses;Duplodnaviria;Heunggongvirae;Uroviricota;Caudoviricetes;;
k127_172423	366	No terminal repeats	NA	1	11	0.7238	NA	1	1.6742	Viruses;Duplodnaviria;Heunggongvirae;Uroviricota;Caudoviricetes;;
k127_451857	331	No terminal repeats	NA	1	11	0.7233	NA	1	1.6734	Viruses;Duplodnaviria;Heunggongvirae;Uroviricota;Caudoviricetes;;
k127_467679	377	No terminal repeats	NA	1	11	0.7227	NA	1	1.3816	Viruses;Duplodnaviria;Heunggongvirae;Uroviricota;Caudoviricetes;;
k127_559389	3141	No terminal repeats	NA	4	11	0.7206	NA	0	0.0000	Unclassified
k127_98065	521	No terminal repeats	NA	2	11	0.7202	NA	1	1.0089	Viruses;Duplodnaviria;Heunggongvirae;Uroviricota;Caudoviricetes;;
k127_35242	1701	No terminal repeats	NA	1	11	0.7167	NA	1	1.7183	Viruses;Duplodnaviria;Heunggongvirae;Uroviricota;Caudoviricetes;;
k127_55229	320	No terminal repeats	NA	1	11	0.7148	NA	1	1.4494	Viruses;Duplodnaviria;Heunggongvirae;Uroviricota;Caudoviricetes;;
k127_496244	541	No terminal repeats	NA	1	11	0.7134	NA	1	1.7183	Viruses;Duplodnaviria;Heunggongvirae;Uroviricota;Caudoviricetes;;
k127_261527	387	No terminal repeats	NA	2	11	0.7124	NA	1	1.2167	Viruses;Duplodnaviria;Heunggongvirae;Uroviricota;Caudoviricetes;;
k127_344535	382	No terminal repeats	NA	1	11	0.7103	NA	1	1.3878	Viruses;Duplodnaviria;Heunggongvirae;Uroviricota;Caudoviricetes;;
k127_435316	1067	No terminal repeats	NA	2	11	0.7097	NA	1	1.7183	Viruses;Duplodnaviria;Heunggongvirae;Uroviricota;Caudoviricetes;;Drexlerviridae
k127_159755	433	No terminal repeats	NA	1	11	0.7091	NA	1	1.7022	Viruses;Duplodnaviria;Heunggongvirae;Uroviricota;Caudoviricetes;;
k127_140813	3999	No terminal repeats	NA	5	11	0.7090	NA	0	0.0000	Unclassified
k127_408716	503	No terminal repeats	NA	1	11	0.7084	NA	1	1.5052	Viruses;Duplodnaviria;Heunggongvirae;Uroviricota;Caudoviricetes;;
k127_551047	1769	No terminal repeats	NA	2	11	0.7068	NA	1	1.7183	Viruses;Duplodnaviria;Heunggongvirae;Uroviricota;Caudoviricetes;;
k127_545797	809	No terminal repeats	NA	2	11	0.7067	NA	1	1.7136	Viruses;Duplodnaviria;Heunggongvirae;Uroviricota;Caudoviricetes;;
k127_403248	657	No terminal repeats	NA	2	11	0.7064	NA	1	1.7183	Viruses;Duplodnaviria;Heunggongvirae;Uroviricota;Caudoviricetes;;
k127_175071	913	No terminal repeats	NA	2	11	0.7015	NA	1	1.2306	Viruses;Duplodnaviria;Heunggongvirae;Uroviricota;Caudoviricetes;;
