seq_name	length	topology	coordinates	n_genes	genetic_code	virus_score	fdr	n_hallmarks	marker_enrichment	taxonomy
k127_58480	3517	No terminal repeats	NA	3	11	0.9756	NA	0	2.3919	Viruses;Duplodnaviria;Heunggongvirae;Uroviricota;Caudoviricetes;;
k127_50032	365	No terminal repeats	NA	1	11	0.9730	NA	1	1.5240	Viruses;Duplodnaviria;Heunggongvirae;Uroviricota;Caudoviricetes;;
k127_220491	467	No terminal repeats	NA	1	11	0.9727	NA	1	1.7183	Viruses;Varidnaviria;Bamfordvirae;Preplasmiviricota;Polintoviricetes;Orthopolintovirales;Adintoviridae
k127_59980	1532	No terminal repeats	NA	3	11	0.9723	NA	2	3.3224	Viruses;Duplodnaviria;Heunggongvirae;Uroviricota;Caudoviricetes;;
k127_208268	349	No terminal repeats	NA	1	11	0.9712	NA	1	1.5322	Viruses;Monodnaviria;Sangervirae;Phixviricota;Malgrandaviricetes;Petitvirales;Microviridae
k127_59519	734	No terminal repeats	NA	2	11	0.9708	NA	1	1.7183	Viruses;Varidnaviria;Bamfordvirae;Preplasmiviricota;Polintoviricetes;Orthopolintovirales;Adintoviridae
k127_57914	316	No terminal repeats	NA	1	11	0.9701	NA	1	1.5960	Viruses;Duplodnaviria;Heunggongvirae;Uroviricota;Caudoviricetes;;
k127_29053	365	No terminal repeats	NA	1	11	0.9699	NA	1	1.5240	Viruses;Duplodnaviria;Heunggongvirae;Uroviricota;Caudoviricetes;;
k127_152553	368	No terminal repeats	NA	1	11	0.9693	NA	1	1.7183	Viruses;Duplodnaviria;Heunggongvirae;Uroviricota;Caudoviricetes;;
k127_39799	3262	No terminal repeats	NA	5	11	0.9683	NA	0	3.4366	Viruses;Duplodnaviria;Heunggongvirae;Uroviricota;Caudoviricetes;;
k127_153710	521	No terminal repeats	NA	1	11	0.9679	NA	1	1.7183	Viruses;Duplodnaviria;Heunggongvirae;Uroviricota;Caudoviricetes;;
k127_88344	1675	No terminal repeats	NA	3	11	0.9678	NA	1	4.9202	Viruses;Duplodnaviria;Heunggongvirae;Uroviricota;Caudoviricetes;;
k127_256541	530	No terminal repeats	NA	1	11	0.9669	NA	1	1.5240	Viruses;Duplodnaviria;Heunggongvirae;Uroviricota;Caudoviricetes;;
k127_64038	308	No terminal repeats	NA	1	11	0.9659	NA	1	1.5240	Viruses;Duplodnaviria;Heunggongvirae;Uroviricota;Caudoviricetes;;
k127_208908	311	No terminal repeats	NA	1	11	0.9655	NA	1	1.5240	Viruses;Duplodnaviria;Heunggongvirae;Uroviricota;Caudoviricetes;;
k127_95903	373	No terminal repeats	NA	1	11	0.9633	NA	1	1.7183	Viruses;Duplodnaviria;Heunggongvirae;Uroviricota;Caudoviricetes;;
k127_168639	318	No terminal repeats	NA	1	11	0.9625	NA	1	1.7183	Viruses;Duplodnaviria;Heunggongvirae;Uroviricota;Caudoviricetes;;
k127_223580	303	No terminal repeats	NA	1	11	0.9622	NA	1	1.7183	Viruses;Duplodnaviria;Heunggongvirae;Uroviricota;Caudoviricetes;;
k127_180017	385	No terminal repeats	NA	1	11	0.9601	NA	1	1.7183	Viruses;Duplodnaviria;Heunggongvirae;Uroviricota;Caudoviricetes;;
k127_68919	327	No terminal repeats	NA	1	11	0.9586	NA	1	1.4762	Unclassified
k127_182701	466	No terminal repeats	NA	1	11	0.9583	NA	1	1.7183	Viruses;Duplodnaviria;Heunggongvirae;Uroviricota;Caudoviricetes;;
k127_64857	1475	No terminal repeats	NA	1	11	0.9583	NA	1	1.5970	Viruses;Duplodnaviria;Heunggongvirae;Uroviricota;Caudoviricetes;;
k127_55436	1113	No terminal repeats	NA	1	11	0.9574	NA	1	1.5240	Viruses;Duplodnaviria;Heunggongvirae;Uroviricota;Caudoviricetes;;
k127_190154	302	No terminal repeats	NA	1	11	0.9572	NA	1	1.7183	Viruses;Duplodnaviria;Heunggongvirae;Uroviricota;Caudoviricetes;;
k127_158163	435	No terminal repeats	NA	1	11	0.9557	NA	1	1.5240	Viruses;Duplodnaviria;Heunggongvirae;Uroviricota;Caudoviricetes;;
k127_40926	346	No terminal repeats	NA	1	11	0.9549	NA	1	1.7183	Viruses;Duplodnaviria;Heunggongvirae;Uroviricota;Caudoviricetes;;
k127_78959	301	No terminal repeats	NA	1	11	0.9539	NA	1	1.7183	Viruses;Duplodnaviria;Heunggongvirae;Uroviricota;Caudoviricetes;;
k127_138537	303	No terminal repeats	NA	1	11	0.9539	NA	1	1.7183	Unclassified
k127_70547	370	No terminal repeats	NA	1	11	0.9539	NA	1	1.7183	Viruses;Duplodnaviria;Heunggongvirae;Uroviricota;Caudoviricetes;;
k127_222684	310	No terminal repeats	NA	1	11	0.9531	NA	1	1.6066	Viruses;Duplodnaviria;Heunggongvirae;Uroviricota;Caudoviricetes;;
k127_177163	395	No terminal repeats	NA	1	11	0.9529	NA	1	1.4876	Viruses;Duplodnaviria;Heunggongvirae;Uroviricota;Caudoviricetes;;
k127_158362	629	No terminal repeats	NA	1	11	0.9529	NA	1	1.7183	Unclassified
k127_143464	367	No terminal repeats	NA	1	11	0.9527	NA	1	1.7183	Viruses;Duplodnaviria;Heunggongvirae;Uroviricota;Caudoviricetes;;
k127_198715	374	No terminal repeats	NA	1	11	0.9518	NA	1	1.7183	Viruses;Duplodnaviria;Heunggongvirae;Uroviricota;Caudoviricetes;;
k127_242748	318	No terminal repeats	NA	1	11	0.9516	NA	1	1.7183	Viruses;Duplodnaviria;Heunggongvirae;Uroviricota;Caudoviricetes;;
k127_35655	305	No terminal repeats	NA	1	11	0.9512	NA	1	1.7183	Viruses;Duplodnaviria;Heunggongvirae;Uroviricota;Caudoviricetes;;
k127_110736	443	No terminal repeats	NA	1	11	0.9510	NA	1	1.7183	Viruses;Duplodnaviria;Heunggongvirae;Uroviricota;Caudoviricetes;;
k127_234299	756	No terminal repeats	NA	2	11	0.9507	NA	1	3.2423	Viruses;Duplodnaviria;Heunggongvirae;Uroviricota;Caudoviricetes;;
k127_249050	517	No terminal repeats	NA	1	11	0.9491	NA	1	1.7183	Viruses;Duplodnaviria;Heunggongvirae;Uroviricota;Caudoviricetes;;
k127_153301	328	No terminal repeats	NA	1	11	0.9487	NA	1	1.7183	Viruses;Duplodnaviria;Heunggongvirae;Uroviricota;Caudoviricetes;;
k127_225537	841	No terminal repeats	NA	1	11	0.9485	NA	1	1.7183	Viruses;Riboviria;Orthornavirae;Lenarviricota;Amabiliviricetes;Wolframvirales;Narnaviridae
k127_225115	309	No terminal repeats	NA	1	11	0.9485	NA	1	1.7183	Viruses;Duplodnaviria;Heunggongvirae;Uroviricota;Caudoviricetes;;
k127_130163	497	No terminal repeats	NA	1	15	0.9484	NA	1	1.7183	Viruses;Duplodnaviria;Heunggongvirae;Uroviricota;Caudoviricetes;;
k127_20198	533	No terminal repeats	NA	1	11	0.9482	NA	1	1.7183	Viruses;Duplodnaviria;Heunggongvirae;Uroviricota;Caudoviricetes;;
k127_249920	626	No terminal repeats	NA	2	11	0.9479	NA	2	3.2414	Viruses;Duplodnaviria;Heunggongvirae;Uroviricota;Caudoviricetes;;
k127_37638	340	No terminal repeats	NA	1	11	0.9478	NA	1	1.7183	Viruses;Duplodnaviria;Heunggongvirae;Uroviricota;Caudoviricetes;;
k127_213002	489	No terminal repeats	NA	1	11	0.9477	NA	1	1.7183	Viruses;Duplodnaviria;Heunggongvirae;Uroviricota;Caudoviricetes;;
k127_144434	503	No terminal repeats	NA	2	11	0.9474	NA	1	1.7183	Viruses;Duplodnaviria;Heunggongvirae;Uroviricota;Caudoviricetes;;
k127_91060	317	No terminal repeats	NA	1	11	0.9474	NA	1	1.5240	Viruses;Duplodnaviria;Heunggongvirae;Uroviricota;Caudoviricetes;;
k127_154968	324	No terminal repeats	NA	1	11	0.9474	NA	1	1.4595	Viruses;Duplodnaviria;Heunggongvirae;Uroviricota;Caudoviricetes;;
k127_263051	498	No terminal repeats	NA	1	11	0.9471	NA	1	1.7183	Viruses;Duplodnaviria;Heunggongvirae;Uroviricota;Caudoviricetes;;
k127_208110	313	No terminal repeats	NA	1	11	0.9468	NA	1	1.4087	Viruses;Duplodnaviria;Heunggongvirae;Uroviricota;Caudoviricetes;;
k127_153779	1056	No terminal repeats	NA	1	11	0.9466	NA	1	1.7183	Viruses;Duplodnaviria;Heunggongvirae;Peploviricota;Herviviricetes;Herpesvirales;Herpesviridae
k127_139798	374	No terminal repeats	NA	1	11	0.9462	NA	1	1.7183	Viruses;Duplodnaviria;Heunggongvirae;Uroviricota;Caudoviricetes;;
k127_6428	312	No terminal repeats	NA	1	11	0.9451	NA	1	1.7183	Viruses;Duplodnaviria;Heunggongvirae;Uroviricota;Caudoviricetes;;
k127_140136	320	No terminal repeats	NA	1	11	0.9448	NA	1	1.7183	Viruses;Duplodnaviria;Heunggongvirae;Uroviricota;Caudoviricetes;;Drexlerviridae
k127_143878	352	No terminal repeats	NA	1	11	0.9444	NA	1	1.7183	Unclassified
k127_172515	445	No terminal repeats	NA	1	11	0.9435	NA	1	1.7183	Viruses;Duplodnaviria;Heunggongvirae;Uroviricota;Caudoviricetes;;
k127_87298	324	No terminal repeats	NA	1	11	0.9433	NA	1	1.7183	Viruses;Duplodnaviria;Heunggongvirae;Uroviricota;Caudoviricetes;;
k127_174491	311	No terminal repeats	NA	1	11	0.9429	NA	1	1.7183	Viruses;Duplodnaviria;Heunggongvirae;Uroviricota;Caudoviricetes;;
k127_155287	8377	No terminal repeats	NA	7	11	0.9424	NA	1	3.4227	Unclassified
k127_54020	478	No terminal repeats	NA	1	11	0.9423	NA	1	1.7183	Viruses;Duplodnaviria;Heunggongvirae;Uroviricota;Caudoviricetes;;
k127_173898	846	No terminal repeats	NA	2	11	0.9423	NA	1	2.9483	Viruses;Duplodnaviria;Heunggongvirae;Uroviricota;Caudoviricetes;;Autographiviridae
k127_95360	354	No terminal repeats	NA	1	11	0.9415	NA	1	1.7183	Viruses;Duplodnaviria;Heunggongvirae;Uroviricota;Caudoviricetes;;
k127_29117	347	No terminal repeats	NA	1	11	0.9410	NA	1	1.4513	Viruses;Duplodnaviria;Heunggongvirae;Uroviricota;Caudoviricetes;;
k127_233025	387	No terminal repeats	NA	1	11	0.9402	NA	1	1.7183	Viruses;Duplodnaviria;Heunggongvirae;Uroviricota;Caudoviricetes;;
k127_71487	2690	No terminal repeats	NA	3	11	0.9394	NA	1	2.8300	Viruses;Duplodnaviria;Heunggongvirae;Uroviricota;Caudoviricetes;;
k127_5414	346	No terminal repeats	NA	1	11	0.9392	NA	1	1.5059	Viruses;Duplodnaviria;Heunggongvirae;Uroviricota;Caudoviricetes;;
k127_217155	405	No terminal repeats	NA	1	11	0.9392	NA	1	1.7183	Viruses;Duplodnaviria;Heunggongvirae;Uroviricota;Caudoviricetes;;
k127_166665	367	No terminal repeats	NA	1	11	0.9388	NA	1	1.5020	Viruses;Duplodnaviria;Heunggongvirae;Uroviricota;Caudoviricetes;;
k127_123708	491	No terminal repeats	NA	1	11	0.9387	NA	1	1.7183	Viruses;Duplodnaviria;Heunggongvirae;Uroviricota;Caudoviricetes;;
k127_261616	324	No terminal repeats	NA	1	11	0.9387	NA	1	1.7183	Viruses;Duplodnaviria;Heunggongvirae;Uroviricota;Caudoviricetes;;
k127_226721	463	No terminal repeats	NA	1	11	0.9381	NA	1	1.7183	Viruses;Duplodnaviria;Heunggongvirae;Uroviricota;Caudoviricetes;;
k127_122507	551	No terminal repeats	NA	1	11	0.9376	NA	1	1.7183	Viruses;Duplodnaviria;Heunggongvirae;Uroviricota;Caudoviricetes;;
k127_47172	476	No terminal repeats	NA	1	11	0.9376	NA	1	1.7183	Viruses;Duplodnaviria;Heunggongvirae;Uroviricota;Caudoviricetes;;
k127_145857	375	No terminal repeats	NA	1	11	0.9376	NA	1	1.7183	Viruses;Duplodnaviria;Heunggongvirae;Uroviricota;Caudoviricetes;;
k127_153217	418	No terminal repeats	NA	1	11	0.9367	NA	1	1.7183	Viruses;Duplodnaviria;Heunggongvirae;Uroviricota;Caudoviricetes;;
k127_214685	306	No terminal repeats	NA	1	11	0.9353	NA	1	1.7183	Viruses;Duplodnaviria;Heunggongvirae;Uroviricota;Caudoviricetes;;
k127_27058	309	No terminal repeats	NA	1	11	0.9340	NA	1	1.7183	Viruses;Duplodnaviria;Heunggongvirae;Uroviricota;Caudoviricetes;;
k127_46530	373	No terminal repeats	NA	1	11	0.9334	NA	1	1.5134	Viruses;Duplodnaviria;Heunggongvirae;Uroviricota;Caudoviricetes;;
k127_227814	411	No terminal repeats	NA	1	11	0.9326	NA	1	1.7183	Viruses;Duplodnaviria;Heunggongvirae;Uroviricota;Caudoviricetes;;
k127_256225	697	No terminal repeats	NA	1	11	0.9324	NA	1	1.7183	Viruses;Duplodnaviria;Heunggongvirae;Uroviricota;Caudoviricetes;;
k127_274612	517	No terminal repeats	NA	1	11	0.9310	NA	1	1.7183	Viruses;Duplodnaviria;Heunggongvirae;Uroviricota;Caudoviricetes;;
k127_136937	480	No terminal repeats	NA	1	11	0.9308	NA	1	1.7183	Viruses;Duplodnaviria;Heunggongvirae;Uroviricota;Caudoviricetes;;
k127_271422	318	No terminal repeats	NA	1	11	0.9306	NA	1	1.7183	Viruses;Duplodnaviria;Heunggongvirae;Uroviricota;Caudoviricetes;;
k127_206792	520	No terminal repeats	NA	1	11	0.9302	NA	1	1.7183	Viruses;Duplodnaviria;Heunggongvirae;Uroviricota;Caudoviricetes;;
k127_11924	304	No terminal repeats	NA	2	11	0.9299	NA	1	1.7183	Viruses;Duplodnaviria;Heunggongvirae;Uroviricota;Caudoviricetes;;
k127_62651	967	No terminal repeats	NA	2	11	0.9294	NA	2	3.0645	Viruses;Duplodnaviria;Heunggongvirae;Uroviricota;Caudoviricetes;;
k127_146552	464	No terminal repeats	NA	1	11	0.9294	NA	1	1.7183	Viruses;Duplodnaviria;Heunggongvirae;Uroviricota;Caudoviricetes;;
k127_133878	2903	No terminal repeats	NA	2	11	0.9292	NA	0	1.7183	Viruses;Duplodnaviria;Heunggongvirae;Uroviricota;Caudoviricetes;;
k127_270207	415	No terminal repeats	NA	1	11	0.9291	NA	1	1.3359	Viruses;Duplodnaviria;Heunggongvirae;Uroviricota;Caudoviricetes;;
k127_227452	478	No terminal repeats	NA	1	11	0.9274	NA	1	1.7183	Viruses;Duplodnaviria;Heunggongvirae;Uroviricota;Caudoviricetes;;
k127_165460	441	No terminal repeats	NA	1	11	0.9274	NA	1	1.3640	Viruses;Duplodnaviria;Heunggongvirae;Uroviricota;Caudoviricetes;;
k127_201051	355	No terminal repeats	NA	1	11	0.9269	NA	1	1.7183	Viruses;Duplodnaviria;Heunggongvirae;Uroviricota;Caudoviricetes;;
k127_221254	343	No terminal repeats	NA	1	11	0.9268	NA	1	1.4062	Viruses;Duplodnaviria;Heunggongvirae;Uroviricota;Caudoviricetes;;
k127_100580	391	No terminal repeats	NA	1	11	0.9256	NA	1	1.4221	Viruses;Duplodnaviria;Heunggongvirae;Uroviricota;Caudoviricetes;;
k127_256637	362	No terminal repeats	NA	1	11	0.9252	NA	1	1.7183	Viruses;Duplodnaviria;Heunggongvirae;Uroviricota;Caudoviricetes;;
k127_113344	331	No terminal repeats	NA	1	11	0.9245	NA	1	1.7183	Viruses;Duplodnaviria;Heunggongvirae;Uroviricota;Caudoviricetes;;
k127_226115	1027	No terminal repeats	NA	2	11	0.9241	NA	1	2.5813	Viruses;Duplodnaviria;Heunggongvirae;Uroviricota;Caudoviricetes;;
k127_252401	386	No terminal repeats	NA	1	11	0.9239	NA	1	1.7183	Viruses;Duplodnaviria;Heunggongvirae;Uroviricota;Caudoviricetes;;
k127_40002	754	No terminal repeats	NA	1	11	0.9231	NA	1	1.7183	Viruses;Duplodnaviria;Heunggongvirae;Uroviricota;Caudoviricetes;;
k127_176301	2844	No terminal repeats	NA	7	11	0.9223	NA	0	2.9010	Viruses;Duplodnaviria;Heunggongvirae;Uroviricota;Caudoviricetes;;
k127_156305	385	No terminal repeats	NA	1	11	0.9219	NA	1	1.7183	Viruses;Duplodnaviria;Heunggongvirae;Uroviricota;Caudoviricetes;;
k127_188539	409	No terminal repeats	NA	1	11	0.9210	NA	1	1.7183	Viruses;Duplodnaviria;Heunggongvirae;Uroviricota;Caudoviricetes;;Herelleviridae
k127_178786	424	No terminal repeats	NA	1	11	0.9209	NA	1	1.5278	Viruses;Duplodnaviria;Heunggongvirae;Uroviricota;Caudoviricetes;;
k127_207293	464	No terminal repeats	NA	1	11	0.9209	NA	1	1.7183	Viruses;Duplodnaviria;Heunggongvirae;Uroviricota;Caudoviricetes;;
k127_175738	525	No terminal repeats	NA	2	11	0.9208	NA	1	1.7183	Viruses;Duplodnaviria;Heunggongvirae;Uroviricota;Caudoviricetes;;
k127_102115	2945	No terminal repeats	NA	5	11	0.9207	NA	1	1.4859	Viruses;Duplodnaviria;Heunggongvirae;Uroviricota;Caudoviricetes;;
k127_178761	406	No terminal repeats	NA	1	11	0.9205	NA	1	1.7183	Viruses;Duplodnaviria;Heunggongvirae;Uroviricota;Caudoviricetes;;
k127_5964	324	No terminal repeats	NA	1	11	0.9203	NA	1	1.7183	Viruses;Duplodnaviria;Heunggongvirae;Uroviricota;Caudoviricetes;;
k127_15510	350	No terminal repeats	NA	1	11	0.9199	NA	1	1.7183	Viruses;Duplodnaviria;Heunggongvirae;Uroviricota;Caudoviricetes;;
k127_64279	703	No terminal repeats	NA	1	11	0.9173	NA	1	1.1940	Viruses;Duplodnaviria;Heunggongvirae;Uroviricota;Caudoviricetes;;
k127_231491	601	No terminal repeats	NA	2	11	0.9173	NA	1	1.7183	Viruses;Duplodnaviria;Heunggongvirae;Uroviricota;Caudoviricetes;;
k127_51328	1098	No terminal repeats	NA	1	11	0.9172	NA	1	1.7159	Viruses;Duplodnaviria;Heunggongvirae;Uroviricota;Caudoviricetes;;
k127_152581	304	No terminal repeats	NA	1	11	0.9171	NA	1	1.7183	Viruses;Duplodnaviria;Heunggongvirae;Uroviricota;Caudoviricetes;;
k127_249357	367	No terminal repeats	NA	1	11	0.9157	NA	1	1.7183	Viruses;Duplodnaviria;Heunggongvirae;Uroviricota;Caudoviricetes;;
k127_241736	479	No terminal repeats	NA	1	11	0.9152	NA	1	1.7183	Viruses;Duplodnaviria;Heunggongvirae;Uroviricota;Caudoviricetes;;
k127_221951	441	No terminal repeats	NA	1	11	0.9149	NA	1	1.7183	Viruses;Duplodnaviria;Heunggongvirae;Uroviricota;Caudoviricetes;;
k127_167389	2242	No terminal repeats	NA	4	11	0.9142	NA	1	1.7161	Viruses;Duplodnaviria;Heunggongvirae;Uroviricota;Caudoviricetes;;
k127_179913	386	No terminal repeats	NA	1	11	0.9140	NA	1	1.7183	Viruses;Duplodnaviria;Heunggongvirae;Uroviricota;Caudoviricetes;;
k127_141751	348	No terminal repeats	NA	1	11	0.9127	NA	1	1.7183	Viruses;Duplodnaviria;Heunggongvirae;Uroviricota;Caudoviricetes;;
k127_76555	316	No terminal repeats	NA	1	11	0.9123	NA	1	1.7183	Viruses;Duplodnaviria;Heunggongvirae;Uroviricota;Caudoviricetes;;
k127_252232	397	No terminal repeats	NA	2	11	0.9112	NA	1	1.3142	Viruses;Duplodnaviria;Heunggongvirae;Uroviricota;Caudoviricetes;;
k127_266817	3647	No terminal repeats	NA	2	11	0.9108	NA	1	1.5367	Viruses;Duplodnaviria;Heunggongvirae;Uroviricota;Caudoviricetes;;
k127_75782	417	No terminal repeats	NA	2	11	0.9107	NA	1	1.7183	Viruses;Duplodnaviria;Heunggongvirae;Uroviricota;Caudoviricetes;;
k127_203379	411	No terminal repeats	NA	1	11	0.9105	NA	1	1.7183	Viruses;Duplodnaviria;Heunggongvirae;Uroviricota;Caudoviricetes;;
k127_264780	320	No terminal repeats	NA	1	11	0.9098	NA	1	1.3050	Viruses;Duplodnaviria;Heunggongvirae;Uroviricota;Caudoviricetes;;
k127_221286	374	No terminal repeats	NA	1	11	0.9093	NA	1	1.7183	Viruses;Duplodnaviria;Heunggongvirae;Uroviricota;Caudoviricetes;;
k127_183932	352	No terminal repeats	NA	1	11	0.9089	NA	1	1.7183	Unclassified
k127_184993	469	No terminal repeats	NA	2	11	0.9081	NA	1	1.7183	Viruses;Duplodnaviria;Heunggongvirae;Uroviricota;Caudoviricetes;;
k127_212405	377	No terminal repeats	NA	1	11	0.9067	NA	1	1.4231	Viruses;Duplodnaviria;Heunggongvirae;Uroviricota;Caudoviricetes;;
k127_173689	319	No terminal repeats	NA	1	11	0.9065	NA	1	1.3068	Viruses;Duplodnaviria;Heunggongvirae;Uroviricota;Caudoviricetes;;
k127_230648	341	No terminal repeats	NA	2	11	0.9056	NA	1	3.2955	Viruses;Duplodnaviria;Heunggongvirae;Uroviricota;Caudoviricetes;;
k127_242619	313	No terminal repeats	NA	1	11	0.9054	NA	1	1.2808	Viruses;Duplodnaviria;Heunggongvirae;Uroviricota;Caudoviricetes;;
k127_142023	368	No terminal repeats	NA	1	11	0.9049	NA	1	1.2752	Viruses;Duplodnaviria;Heunggongvirae;Uroviricota;Caudoviricetes;;
k127_114752	388	No terminal repeats	NA	1	11	0.9042	NA	1	1.4828	Viruses;Duplodnaviria;Heunggongvirae;Uroviricota;Caudoviricetes;;
k127_260480	666	No terminal repeats	NA	2	11	0.9038	NA	1	1.7183	Viruses;Duplodnaviria;Heunggongvirae;Uroviricota;Caudoviricetes;;
k127_118460	349	No terminal repeats	NA	1	11	0.9027	NA	1	1.7183	Viruses;Duplodnaviria;Heunggongvirae;Uroviricota;Caudoviricetes;;
k127_213171	306	No terminal repeats	NA	1	11	0.9020	NA	1	1.7183	Viruses;Duplodnaviria;Heunggongvirae;Uroviricota;Caudoviricetes;;
k127_209175	389	No terminal repeats	NA	1	11	0.9019	NA	1	1.7159	Viruses;Duplodnaviria;Heunggongvirae;Uroviricota;Caudoviricetes;;
k127_191332	372	No terminal repeats	NA	2	11	0.9016	NA	1	1.7183	Viruses;Duplodnaviria;Heunggongvirae;Uroviricota;Caudoviricetes;;
k127_31123	405	No terminal repeats	NA	1	11	0.9003	NA	1	1.7183	Viruses;Duplodnaviria;Heunggongvirae;Uroviricota;Caudoviricetes;;
k127_154228	420	No terminal repeats	NA	1	11	0.8988	NA	1	1.7183	Viruses;Duplodnaviria;Heunggongvirae;Uroviricota;Caudoviricetes;;
k127_93621	355	No terminal repeats	NA	1	11	0.8979	NA	1	1.7159	Viruses;Duplodnaviria;Heunggongvirae;Uroviricota;Caudoviricetes;;
k127_77492	674	No terminal repeats	NA	1	11	0.8962	NA	1	1.7183	Viruses;Duplodnaviria;Heunggongvirae;Uroviricota;Caudoviricetes;;
k127_82304	453	No terminal repeats	NA	1	11	0.8942	NA	1	1.7183	Viruses;Duplodnaviria;Heunggongvirae;Uroviricota;Caudoviricetes;;
k127_140473	395	No terminal repeats	NA	1	11	0.8929	NA	1	1.4436	Viruses;Duplodnaviria;Heunggongvirae;Uroviricota;Caudoviricetes;;
k127_68836	356	No terminal repeats	NA	1	15	0.8915	NA	1	1.4062	Viruses;Duplodnaviria;Heunggongvirae;Uroviricota;Caudoviricetes;;
k127_23788	703	No terminal repeats	NA	2	11	0.8913	NA	1	3.4366	Unclassified
k127_2176	441	No terminal repeats	NA	2	11	0.8912	NA	1	1.7183	Viruses;Duplodnaviria;Heunggongvirae;Uroviricota;Caudoviricetes;;
k127_96454	308	No terminal repeats	NA	1	11	0.8910	NA	1	1.1678	Viruses;Duplodnaviria;Heunggongvirae;Uroviricota;Caudoviricetes;;
k127_74381	302	No terminal repeats	NA	1	11	0.8909	NA	1	1.3743	Viruses;Duplodnaviria;Heunggongvirae;Uroviricota;Caudoviricetes;;
k127_130850	437	No terminal repeats	NA	2	11	0.8905	NA	1	1.7183	Viruses;Duplodnaviria;Heunggongvirae;Uroviricota;Caudoviricetes;;
k127_208886	468	No terminal repeats	NA	1	11	0.8896	NA	1	1.2443	Viruses;Duplodnaviria;Heunggongvirae;Uroviricota;Caudoviricetes;;
k127_98702	328	No terminal repeats	NA	1	11	0.8893	NA	1	1.2900	Viruses;Duplodnaviria;Heunggongvirae;Uroviricota;Caudoviricetes;;
k127_74605	677	No terminal repeats	NA	2	11	0.8890	NA	1	1.7183	Viruses;Duplodnaviria;Heunggongvirae;Uroviricota;Caudoviricetes;;
k127_172107	351	No terminal repeats	NA	1	11	0.8889	NA	1	1.7183	Viruses;Duplodnaviria;Heunggongvirae;Uroviricota;Caudoviricetes;;
k127_143613	346	No terminal repeats	NA	1	11	0.8880	NA	1	1.7159	Viruses;Duplodnaviria;Heunggongvirae;Uroviricota;Caudoviricetes;;
k127_164663	604	No terminal repeats	NA	1	11	0.8878	NA	1	1.2944	Viruses;Duplodnaviria;Heunggongvirae;Uroviricota;Caudoviricetes;;
k127_42033	6566	No terminal repeats	NA	9	11	0.8863	NA	0	0.0000	Unclassified
k127_221723	520	No terminal repeats	NA	2	11	0.8862	NA	1	1.7183	Viruses;Duplodnaviria;Heunggongvirae;Uroviricota;Caudoviricetes;;
k127_158300	410	No terminal repeats	NA	1	11	0.8834	NA	1	1.4005	Viruses;Duplodnaviria;Heunggongvirae;Uroviricota;Caudoviricetes;;
k127_207581	805	No terminal repeats	NA	1	11	0.8826	NA	1	1.2201	Viruses;Duplodnaviria;Heunggongvirae;Uroviricota;Caudoviricetes;;
k127_86779	509	No terminal repeats	NA	2	11	0.8806	NA	1	1.7183	Viruses;Duplodnaviria;Heunggongvirae;Uroviricota;Caudoviricetes;;
k127_56782	324	No terminal repeats	NA	2	11	0.8802	NA	1	1.7183	Viruses;Duplodnaviria;Heunggongvirae;Uroviricota;Caudoviricetes;;
k127_255754	531	No terminal repeats	NA	1	11	0.8802	NA	1	1.7183	Viruses;Duplodnaviria;Heunggongvirae;Uroviricota;Caudoviricetes;;
k127_110306	512	No terminal repeats	NA	1	11	0.8792	NA	1	1.7183	Viruses;Duplodnaviria;Heunggongvirae;Uroviricota;Caudoviricetes;;
k127_139696	386	No terminal repeats	NA	1	11	0.8787	NA	1	1.4631	Viruses;Duplodnaviria;Heunggongvirae;Uroviricota;Caudoviricetes;;
k127_184861	579	No terminal repeats	NA	1	11	0.8780	NA	1	1.7183	Viruses;Duplodnaviria;Heunggongvirae;Uroviricota;Caudoviricetes;;
k127_19969	323	No terminal repeats	NA	1	11	0.8751	NA	1	1.5240	Viruses;Duplodnaviria;Heunggongvirae;Uroviricota;Caudoviricetes;;
k127_252875	839	No terminal repeats	NA	1	11	0.8714	NA	1	1.7183	Viruses;Duplodnaviria;Heunggongvirae;Uroviricota;Caudoviricetes;;
k127_275106	431	No terminal repeats	NA	2	11	0.8712	NA	1	1.7183	Viruses;Duplodnaviria;Heunggongvirae;Uroviricota;Caudoviricetes;;
k127_249344	321	No terminal repeats	NA	1	11	0.8708	NA	1	1.4365	Viruses;Duplodnaviria;Heunggongvirae;Uroviricota;Caudoviricetes;;
k127_47945	923	No terminal repeats	NA	1	11	0.8699	NA	1	1.7183	Viruses;Duplodnaviria;Heunggongvirae;Uroviricota;Caudoviricetes;;
k127_129593	440	No terminal repeats	NA	1	11	0.8693	NA	1	1.7077	Viruses;Duplodnaviria;Heunggongvirae;Uroviricota;Caudoviricetes;;
k127_121788	421	No terminal repeats	NA	1	11	0.8687	NA	1	1.6123	Viruses;Duplodnaviria;Heunggongvirae;Uroviricota;Caudoviricetes;;
k127_149906	360	No terminal repeats	NA	1	11	0.8680	NA	1	1.2944	Viruses;Duplodnaviria;Heunggongvirae;Uroviricota;Caudoviricetes;;
k127_274188	590	No terminal repeats	NA	2	11	0.8675	NA	1	1.4964	Viruses;Duplodnaviria;Heunggongvirae;Uroviricota;Caudoviricetes;;
k127_114414	376	No terminal repeats	NA	1	11	0.8666	NA	1	1.7183	Viruses;Duplodnaviria;Heunggongvirae;Uroviricota;Caudoviricetes;;
k127_69146	660	No terminal repeats	NA	2	11	0.8655	NA	1	1.7183	Viruses;Duplodnaviria;Heunggongvirae;Uroviricota;Caudoviricetes;;
k127_44691	471	No terminal repeats	NA	1	11	0.8640	NA	1	1.0862	Viruses;Duplodnaviria;Heunggongvirae;Uroviricota;Caudoviricetes;;
k127_221769	319	No terminal repeats	NA	2	11	0.8637	NA	1	1.3996	Viruses;Duplodnaviria;Heunggongvirae;Uroviricota;Caudoviricetes;;
k127_146218	327	No terminal repeats	NA	1	11	0.8634	NA	1	1.7183	Viruses;Duplodnaviria;Heunggongvirae;Uroviricota;Caudoviricetes;;
k127_50671	331	No terminal repeats	NA	1	11	0.8625	NA	1	1.2609	Viruses;Duplodnaviria;Heunggongvirae;Uroviricota;Caudoviricetes;;
k127_39837	2550	No terminal repeats	NA	8	11	0.8614	NA	0	1.7183	Viruses;Duplodnaviria;Heunggongvirae;Uroviricota;Caudoviricetes;;
k127_68000	372	No terminal repeats	NA	1	11	0.8608	NA	1	1.2443	Viruses;Duplodnaviria;Heunggongvirae;Uroviricota;Caudoviricetes;;
k127_73682	607	No terminal repeats	NA	1	11	0.8606	NA	1	1.7183	Viruses;Duplodnaviria;Heunggongvirae;Uroviricota;Caudoviricetes;;
k127_277330	369	No terminal repeats	NA	1	11	0.8603	NA	1	1.3068	Viruses;Duplodnaviria;Heunggongvirae;Uroviricota;Caudoviricetes;;
k127_260305	412	No terminal repeats	NA	1	11	0.8590	NA	1	1.7183	Viruses;Duplodnaviria;Heunggongvirae;Uroviricota;Caudoviricetes;;
k127_24307	630	No terminal repeats	NA	2	11	0.8586	NA	1	1.7183	Viruses;Duplodnaviria;Heunggongvirae;Uroviricota;Caudoviricetes;;
k127_155111	352	No terminal repeats	NA	1	11	0.8568	NA	1	1.7183	Viruses;Duplodnaviria;Heunggongvirae;Uroviricota;Caudoviricetes;;
k127_199857	339	No terminal repeats	NA	1	11	0.8561	NA	1	1.0851	Viruses;Duplodnaviria;Heunggongvirae;Uroviricota;Caudoviricetes;;
k127_139867	355	No terminal repeats	NA	1	11	0.8541	NA	1	1.2802	Viruses;Duplodnaviria;Heunggongvirae;Uroviricota;Caudoviricetes;;
k127_120041	965	No terminal repeats	NA	1	11	0.8538	NA	1	1.7183	Viruses;Duplodnaviria;Heunggongvirae;Uroviricota;Caudoviricetes;;
k127_205705	433	No terminal repeats	NA	1	11	0.8534	NA	1	1.7124	Viruses;Duplodnaviria;Heunggongvirae;Uroviricota;Caudoviricetes;;
k127_28782	475	No terminal repeats	NA	1	11	0.8523	NA	1	1.7183	Viruses;Duplodnaviria;Heunggongvirae;Uroviricota;Caudoviricetes;;
k127_169004	692	No terminal repeats	NA	1	11	0.8515	NA	1	1.7183	Viruses;Duplodnaviria;Heunggongvirae;Uroviricota;Caudoviricetes;;
k127_165807	561	No terminal repeats	NA	3	11	0.8512	NA	1	1.7169	Unclassified
k127_190993	332	No terminal repeats	NA	1	11	0.8496	NA	1	1.3342	Viruses;Duplodnaviria;Heunggongvirae;Uroviricota;Caudoviricetes;;
k127_85060	834	No terminal repeats	NA	2	11	0.8490	NA	1	1.7183	Viruses;Duplodnaviria;Heunggongvirae;Uroviricota;Caudoviricetes;;
k127_274915	322	No terminal repeats	NA	1	11	0.8488	NA	1	1.4049	Viruses;Duplodnaviria;Heunggongvirae;Uroviricota;Caudoviricetes;;
k127_22310	573	No terminal repeats	NA	1	11	0.8449	NA	1	1.7159	Viruses;Duplodnaviria;Heunggongvirae;Uroviricota;Caudoviricetes;;
k127_190028	312	No terminal repeats	NA	1	11	0.8433	NA	1	1.2995	Viruses;Duplodnaviria;Heunggongvirae;Uroviricota;Caudoviricetes;;Ackermannviridae
k127_14150	343	No terminal repeats	NA	1	11	0.8431	NA	1	1.3639	Viruses;Duplodnaviria;Heunggongvirae;Uroviricota;Caudoviricetes;;
k127_9668	504	No terminal repeats	NA	1	11	0.8407	NA	1	1.7183	Viruses;Duplodnaviria;Heunggongvirae;Uroviricota;Caudoviricetes;;Drexlerviridae
k127_239910	964	No terminal repeats	NA	1	11	0.8401	NA	1	1.2094	Viruses;Duplodnaviria;Heunggongvirae;Uroviricota;Caudoviricetes;;
k127_107634	697	No terminal repeats	NA	2	11	0.8385	NA	1	1.7183	Viruses;Duplodnaviria;Heunggongvirae;Uroviricota;Caudoviricetes;;
k127_87742	928	No terminal repeats	NA	2	11	0.8355	NA	1	1.7124	Viruses;Duplodnaviria;Heunggongvirae;Uroviricota;Caudoviricetes;;
k127_216533	590	No terminal repeats	NA	2	11	0.8351	NA	1	1.7183	Unclassified
k127_25590	1070	No terminal repeats	NA	2	11	0.8344	NA	1	1.7159	Viruses;Duplodnaviria;Heunggongvirae;Uroviricota;Caudoviricetes;;
k127_198980	355	No terminal repeats	NA	1	11	0.8334	NA	1	1.7183	Viruses;Duplodnaviria;Heunggongvirae;Uroviricota;Caudoviricetes;;
k127_147775	2640	No terminal repeats	NA	5	11	0.8324	NA	0	1.2568	Unclassified
k127_149934	359	No terminal repeats	NA	1	11	0.8323	NA	1	1.6980	Viruses;Duplodnaviria;Heunggongvirae;Uroviricota;Caudoviricetes;;
k127_20309	302	No terminal repeats	NA	1	11	0.8285	NA	1	1.7069	Viruses;Duplodnaviria;Heunggongvirae;Uroviricota;Caudoviricetes;;
k127_216990	426	No terminal repeats	NA	1	11	0.8281	NA	1	1.2766	Viruses;Duplodnaviria;Heunggongvirae;Uroviricota;Caudoviricetes;;
k127_182077	3306	No terminal repeats	NA	6	11	0.8269	NA	0	3.4366	Viruses;Duplodnaviria;Heunggongvirae;Uroviricota;Caudoviricetes;;
k127_115375	319	No terminal repeats	NA	1	11	0.8259	NA	1	1.2443	Viruses;Duplodnaviria;Heunggongvirae;Uroviricota;Caudoviricetes;;
k127_29576	396	No terminal repeats	NA	2	11	0.8244	NA	1	1.2847	Viruses;Duplodnaviria;Heunggongvirae;Uroviricota;Caudoviricetes;;
k127_7355	625	No terminal repeats	NA	1	11	0.8200	NA	1	1.0597	Unclassified
k127_239704	307	No terminal repeats	NA	1	11	0.8196	NA	1	1.6281	Viruses;Duplodnaviria;Heunggongvirae;Uroviricota;Caudoviricetes;;
k127_244943	347	No terminal repeats	NA	1	11	0.8179	NA	1	1.7144	Viruses;Duplodnaviria;Heunggongvirae;Uroviricota;Caudoviricetes;;
k127_268333	337	No terminal repeats	NA	1	11	0.8171	NA	1	1.2443	Viruses;Duplodnaviria;Heunggongvirae;Uroviricota;Caudoviricetes;;
k127_252425	481	No terminal repeats	NA	1	11	0.8140	NA	1	1.2306	Viruses;Duplodnaviria;Heunggongvirae;Uroviricota;Caudoviricetes;;
k127_75126	394	No terminal repeats	NA	1	11	0.8136	NA	1	1.7183	Viruses;Duplodnaviria;Heunggongvirae;Uroviricota;Caudoviricetes;;
k127_176224	422	No terminal repeats	NA	2	11	0.8135	NA	1	1.7183	Unclassified
k127_220972	402	No terminal repeats	NA	1	11	0.8129	NA	1	1.2280	Unclassified
k127_65074	346	No terminal repeats	NA	1	11	0.8127	NA	1	1.2443	Viruses;Duplodnaviria;Heunggongvirae;Uroviricota;Caudoviricetes;;
k127_203200	494	No terminal repeats	NA	1	11	0.8122	NA	1	1.1904	Viruses;Duplodnaviria;Heunggongvirae;Uroviricota;Caudoviricetes;;
k127_142845	470	No terminal repeats	NA	1	11	0.8109	NA	1	1.3483	Unclassified
k127_17076	1197	No terminal repeats	NA	2	11	0.8106	NA	1	1.7183	Unclassified
k127_38153	578	No terminal repeats	NA	2	11	0.8084	NA	1	1.3070	Viruses;Duplodnaviria;Heunggongvirae;Uroviricota;Caudoviricetes;;
k127_248784	323	No terminal repeats	NA	1	11	0.8079	NA	1	1.3875	Viruses;Duplodnaviria;Heunggongvirae;Uroviricota;Caudoviricetes;;
k127_52760	461	No terminal repeats	NA	1	11	0.8061	NA	1	1.7183	Viruses;Duplodnaviria;Heunggongvirae;Uroviricota;Caudoviricetes;;
k127_22510	352	No terminal repeats	NA	2	11	0.8035	NA	1	1.7183	Unclassified
k127_271160	462	No terminal repeats	NA	1	11	0.8016	NA	1	1.7158	Viruses;Duplodnaviria;Heunggongvirae;Uroviricota;Caudoviricetes;;
k127_274122	539	No terminal repeats	NA	1	11	0.7998	NA	1	1.1328	Viruses;Duplodnaviria;Heunggongvirae;Uroviricota;Caudoviricetes;;
k127_128675	427	No terminal repeats	NA	2	11	0.7992	NA	1	1.2766	Viruses;Duplodnaviria;Heunggongvirae;Uroviricota;Caudoviricetes;;
k127_188846	400	No terminal repeats	NA	1	11	0.7980	NA	1	1.6742	Viruses;Duplodnaviria;Heunggongvirae;Uroviricota;Caudoviricetes;;
k127_101373	367	No terminal repeats	NA	1	11	0.7971	NA	1	1.3153	Viruses;Duplodnaviria;Heunggongvirae;Uroviricota;Caudoviricetes;;
k127_181320	594	No terminal repeats	NA	2	11	0.7963	NA	1	1.7156	Viruses;Duplodnaviria;Heunggongvirae;Uroviricota;Caudoviricetes;;
k127_107102	601	No terminal repeats	NA	1	11	0.7956	NA	1	1.0597	Unclassified
k127_35612	489	No terminal repeats	NA	1	11	0.7953	NA	1	1.3074	Viruses;Duplodnaviria;Heunggongvirae;Uroviricota;Caudoviricetes;;
k127_188860	420	No terminal repeats	NA	1	11	0.7950	NA	1	1.6742	Viruses;Duplodnaviria;Heunggongvirae;Uroviricota;Caudoviricetes;;
k127_261684	336	No terminal repeats	NA	1	11	0.7948	NA	1	1.7011	Viruses;Duplodnaviria;Heunggongvirae;Uroviricota;Caudoviricetes;;
k127_82873	1303	No terminal repeats	NA	2	11	0.7931	NA	1	1.2306	Viruses;Duplodnaviria;Heunggongvirae;Uroviricota;Caudoviricetes;;
k127_102603	1155	No terminal repeats	NA	1	11	0.7929	NA	1	1.7183	Viruses;Duplodnaviria;Heunggongvirae;Uroviricota;Caudoviricetes;;
k127_213061	728	No terminal repeats	NA	1	11	0.7927	NA	1	1.7183	Viruses;Duplodnaviria;Heunggongvirae;Uroviricota;Caudoviricetes;;
k127_64247	965	No terminal repeats	NA	2	11	0.7925	NA	1	1.0889	Viruses;Duplodnaviria;Heunggongvirae;Uroviricota;Caudoviricetes;;
k127_97630	355	No terminal repeats	NA	1	11	0.7859	NA	1	1.7183	Viruses;Duplodnaviria;Heunggongvirae;Uroviricota;Caudoviricetes;;
k127_232910	389	No terminal repeats	NA	1	11	0.7844	NA	1	1.6270	Viruses;Duplodnaviria;Heunggongvirae;Uroviricota;Caudoviricetes;;
k127_22907	317	No terminal repeats	NA	1	11	0.7826	NA	1	1.4776	Viruses;Duplodnaviria;Heunggongvirae;Uroviricota;Caudoviricetes;;
k127_175783	328	No terminal repeats	NA	1	11	0.7814	NA	1	1.6774	Viruses;Duplodnaviria;Heunggongvirae;Uroviricota;Caudoviricetes;;
k127_281358	439	No terminal repeats	NA	1	11	0.7797	NA	1	1.1870	Viruses;Duplodnaviria;Heunggongvirae;Uroviricota;Caudoviricetes;;
k127_176382	2734	No terminal repeats	NA	3	11	0.7692	NA	0	1.7183	Viruses;Duplodnaviria;Heunggongvirae;Uroviricota;Caudoviricetes;;
k127_77282	311	No terminal repeats	NA	1	11	0.7683	NA	1	1.3595	Viruses;Duplodnaviria;Heunggongvirae;Uroviricota;Caudoviricetes;;
k127_38880	769	No terminal repeats	NA	1	11	0.7662	NA	1	1.0346	Viruses;Duplodnaviria;Heunggongvirae;Uroviricota;Caudoviricetes;;
k127_224581	450	No terminal repeats	NA	2	11	0.7650	NA	1	1.2696	Viruses;Duplodnaviria;Heunggongvirae;Uroviricota;Caudoviricetes;;
k127_108158	799	No terminal repeats	NA	2	11	0.7618	NA	1	1.7159	Viruses;Duplodnaviria;Heunggongvirae;Uroviricota;Caudoviricetes;;
k127_165964	850	No terminal repeats	NA	1	11	0.7588	NA	1	1.7183	Viruses;Duplodnaviria;Heunggongvirae;Uroviricota;Caudoviricetes;;
k127_148217	345	No terminal repeats	NA	1	11	0.7578	NA	1	1.4433	Viruses;Duplodnaviria;Heunggongvirae;Uroviricota;Caudoviricetes;;
k127_277085	981	No terminal repeats	NA	1	11	0.7557	NA	1	1.7133	Viruses;Duplodnaviria;Heunggongvirae;Uroviricota;Caudoviricetes;;
k127_266584	385	No terminal repeats	NA	1	11	0.7541	NA	1	1.1579	Viruses;Duplodnaviria;Heunggongvirae;Uroviricota;Caudoviricetes;;
k127_27954	4268	No terminal repeats	NA	9	11	0.7539	NA	0	0.0000	Unclassified
k127_197826	863	No terminal repeats	NA	1	11	0.7527	NA	1	1.7183	Viruses;Duplodnaviria;Heunggongvirae;Uroviricota;Caudoviricetes;;
k127_81132	578	No terminal repeats	NA	1	11	0.7525	NA	1	1.1904	Viruses;Duplodnaviria;Heunggongvirae;Uroviricota;Caudoviricetes;;
k127_146667	840	No terminal repeats	NA	2	11	0.7518	NA	1	1.0485	Viruses;Duplodnaviria;Heunggongvirae;Uroviricota;Caudoviricetes;;
k127_240178	365	No terminal repeats	NA	1	11	0.7514	NA	1	1.7183	Viruses;Duplodnaviria;Heunggongvirae;Uroviricota;Caudoviricetes;;
k127_259570	395	No terminal repeats	NA	1	11	0.7505	NA	1	1.7072	Viruses;Duplodnaviria;Heunggongvirae;Uroviricota;Caudoviricetes;;
k127_25524	467	No terminal repeats	NA	1	11	0.7498	NA	1	1.3645	Viruses;Duplodnaviria;Heunggongvirae;Uroviricota;Caudoviricetes;;
k127_237923	374	No terminal repeats	NA	1	11	0.7440	NA	1	1.4242	Viruses;Duplodnaviria;Heunggongvirae;Uroviricota;Caudoviricetes;;
k127_139	420	No terminal repeats	NA	1	11	0.7436	NA	1	1.6245	Viruses;Duplodnaviria;Heunggongvirae;Uroviricota;Caudoviricetes;;
k127_199093	323	No terminal repeats	NA	1	11	0.7432	NA	1	1.3562	Viruses;Duplodnaviria;Heunggongvirae;Uroviricota;Caudoviricetes;;
k127_219725	1269	No terminal repeats	NA	3	11	0.7416	NA	1	1.7183	Viruses;Duplodnaviria;Heunggongvirae;Uroviricota;Caudoviricetes;;
k127_104775	372	No terminal repeats	NA	1	11	0.7413	NA	1	1.6123	Viruses;Duplodnaviria;Heunggongvirae;Uroviricota;Caudoviricetes;;
k127_92374	2605	No terminal repeats	NA	2	11	0.7393	NA	0	0.0000	Unclassified
k127_93716	3664	No terminal repeats	NA	3	11	0.7393	NA	0	1.7183	Unclassified
k127_229674	374	No terminal repeats	NA	1	11	0.7387	NA	1	1.2244	Viruses;Duplodnaviria;Heunggongvirae;Uroviricota;Caudoviricetes;;
k127_238394	309	No terminal repeats	NA	1	11	0.7363	NA	1	1.4523	Viruses;Duplodnaviria;Heunggongvirae;Uroviricota;Caudoviricetes;;
k127_273751	338	No terminal repeats	NA	1	11	0.7349	NA	1	1.3780	Viruses;Duplodnaviria;Heunggongvirae;Uroviricota;Caudoviricetes;;
k127_214611	780	No terminal repeats	NA	2	11	0.7331	NA	1	1.7183	Viruses;Duplodnaviria;Heunggongvirae;Uroviricota;Caudoviricetes;;
k127_49813	508	No terminal repeats	NA	1	11	0.7315	NA	1	1.6977	Viruses;Duplodnaviria;Heunggongvirae;Uroviricota;Caudoviricetes;;
k127_259183	906	No terminal repeats	NA	2	11	0.7297	NA	1	1.4007	Viruses;Duplodnaviria;Heunggongvirae;Uroviricota;Caudoviricetes;;
k127_191534	426	No terminal repeats	NA	1	11	0.7292	NA	1	1.1795	Viruses;Duplodnaviria;Heunggongvirae;Uroviricota;Caudoviricetes;;
k127_89677	302	No terminal repeats	NA	2	11	0.7272	NA	1	1.1157	Viruses;Duplodnaviria;Heunggongvirae;Uroviricota;Caudoviricetes;;
k127_176389	575	No terminal repeats	NA	1	11	0.7235	NA	1	1.7161	Viruses;Duplodnaviria;Heunggongvirae;Uroviricota;Caudoviricetes;;
k127_67801	2524	No terminal repeats	NA	3	11	0.7197	NA	0	0.0000	Unclassified
k127_54641	688	No terminal repeats	NA	1	11	0.7182	NA	1	1.4231	Viruses;Duplodnaviria;Heunggongvirae;Uroviricota;Caudoviricetes;;
k127_196317	889	No terminal repeats	NA	1	11	0.7150	NA	1	1.1776	Viruses;Duplodnaviria;Heunggongvirae;Uroviricota;Caudoviricetes;;
k127_113345	587	No terminal repeats	NA	1	11	0.7137	NA	1	1.4793	Viruses;Duplodnaviria;Heunggongvirae;Uroviricota;Caudoviricetes;;
k127_83782	515	No terminal repeats	NA	2	11	0.7126	NA	1	1.1215	Viruses;Duplodnaviria;Heunggongvirae;Uroviricota;Caudoviricetes;;
k127_80793	368	No terminal repeats	NA	1	11	0.7108	NA	1	1.5465	Viruses;Duplodnaviria;Heunggongvirae;Uroviricota;Caudoviricetes;;
k127_259879	370	No terminal repeats	NA	1	11	0.7086	NA	1	1.2934	Viruses;Duplodnaviria;Heunggongvirae;Uroviricota;Caudoviricetes;;
k127_145555	514	No terminal repeats	NA	1	11	0.7065	NA	1	1.2927	Viruses;Duplodnaviria;Heunggongvirae;Uroviricota;Caudoviricetes;;
k127_60730	314	No terminal repeats	NA	1	11	0.7059	NA	1	1.6721	Unclassified
k127_42442	372	No terminal repeats	NA	2	11	0.7042	NA	1	1.5900	Viruses;Duplodnaviria;Heunggongvirae;Uroviricota;Caudoviricetes;;
k127_41787	2828	No terminal repeats	NA	2	11	0.7036	NA	0	0.0000	Unclassified
k127_215861	664	No terminal repeats	NA	1	11	0.7023	NA	1	1.6407	Viruses;Duplodnaviria;Heunggongvirae;Uroviricota;Caudoviricetes;;
