seq_name	length	topology	coordinates	n_genes	genetic_code	virus_score	fdr	n_hallmarks	marker_enrichment	taxonomy
k127_411746	5956	No terminal repeats	NA	8	11	0.9798	NA	2	7.6300	Viruses;Duplodnaviria;Heunggongvirae;Uroviricota;Caudoviricetes;;
k127_101795	5486	No terminal repeats	NA	13	11	0.9747	NA	1	6.8731	Viruses;Duplodnaviria;Heunggongvirae;Uroviricota;Caudoviricetes;;
k127_136585	583	No terminal repeats	NA	1	11	0.9706	NA	1	1.7183	Viruses;Duplodnaviria;Heunggongvirae;Uroviricota;Caudoviricetes;;
k127_284027	328	No terminal repeats	NA	1	11	0.9685	NA	1	1.4595	Viruses;Duplodnaviria;Heunggongvirae;Uroviricota;Caudoviricetes;;
k127_511850	336	No terminal repeats	NA	1	11	0.9671	NA	1	1.7183	Unclassified
k127_511499	331	No terminal repeats	NA	1	11	0.9652	NA	1	1.7183	Unclassified
k127_75918	340	No terminal repeats	NA	1	11	0.9574	NA	1	1.7183	Viruses;Duplodnaviria;Heunggongvirae;Uroviricota;Caudoviricetes;;
k127_65553	454	No terminal repeats	NA	1	11	0.9571	NA	1	1.7183	Viruses;Duplodnaviria;Heunggongvirae;Uroviricota;Caudoviricetes;;
k127_257819	432	No terminal repeats	NA	1	11	0.9556	NA	1	1.4840	Unclassified
k127_444766	361	No terminal repeats	NA	2	11	0.9553	NA	1	1.7183	Viruses;Duplodnaviria;Heunggongvirae;Uroviricota;Caudoviricetes;;
k127_207750	351	No terminal repeats	NA	1	11	0.9549	NA	1	1.7183	Viruses;Duplodnaviria;Heunggongvirae;Uroviricota;Caudoviricetes;;
k127_10142	465	No terminal repeats	NA	1	11	0.9541	NA	1	1.7183	Viruses;Duplodnaviria;Heunggongvirae;Uroviricota;Caudoviricetes;;
k127_17222	1259	No terminal repeats	NA	3	11	0.9541	NA	3	4.5808	Viruses;Duplodnaviria;Heunggongvirae;Uroviricota;Caudoviricetes;;
k127_570472	337	No terminal repeats	NA	1	11	0.9533	NA	1	1.7183	Viruses;Duplodnaviria;Heunggongvirae;Uroviricota;Caudoviricetes;;
k127_346888	356	No terminal repeats	NA	2	11	0.9532	NA	1	1.7183	Unclassified
k127_395976	488	No terminal repeats	NA	1	11	0.9521	NA	1	1.7183	Viruses;Duplodnaviria;Heunggongvirae;Uroviricota;Caudoviricetes;;
k127_202785	307	No terminal repeats	NA	1	11	0.9514	NA	1	1.7183	Viruses;Duplodnaviria;Heunggongvirae;Uroviricota;Caudoviricetes;;
k127_238353	332	No terminal repeats	NA	1	11	0.9511	NA	1	1.7183	Viruses;Duplodnaviria;Heunggongvirae;Uroviricota;Caudoviricetes;;
k127_301493	309	No terminal repeats	NA	1	11	0.9510	NA	1	1.7183	Unclassified
k127_133741	383	No terminal repeats	NA	1	11	0.9510	NA	1	1.5961	Unclassified
k127_327996	415	No terminal repeats	NA	1	11	0.9507	NA	1	1.7183	Viruses;Duplodnaviria;Heunggongvirae;Uroviricota;Caudoviricetes;;
k127_490349	321	No terminal repeats	NA	1	11	0.9492	NA	1	1.7183	Viruses;Duplodnaviria;Heunggongvirae;Uroviricota;Caudoviricetes;;
k127_63638	412	No terminal repeats	NA	1	11	0.9486	NA	1	1.7183	Viruses;Duplodnaviria;Heunggongvirae;Uroviricota;Caudoviricetes;;
k127_81482	304	No terminal repeats	NA	1	11	0.9485	NA	1	1.7183	Viruses;Duplodnaviria;Heunggongvirae;Uroviricota;Caudoviricetes;;
k127_437042	330	No terminal repeats	NA	1	11	0.9483	NA	1	1.7183	Viruses;Duplodnaviria;Heunggongvirae;Uroviricota;Caudoviricetes;;
k127_131490	333	No terminal repeats	NA	1	11	0.9481	NA	1	1.4595	Viruses;Duplodnaviria;Heunggongvirae;Uroviricota;Caudoviricetes;;
k127_83401	456	No terminal repeats	NA	1	11	0.9480	NA	1	1.7183	Viruses;Duplodnaviria;Heunggongvirae;Uroviricota;Caudoviricetes;;
k127_447938	401	No terminal repeats	NA	1	11	0.9480	NA	1	1.7183	Viruses;Duplodnaviria;Heunggongvirae;Uroviricota;Caudoviricetes;;
k127_105701	309	No terminal repeats	NA	2	11	0.9480	NA	1	1.7183	Viruses;Duplodnaviria;Heunggongvirae;Uroviricota;Caudoviricetes;;Herelleviridae
k127_247625	406	No terminal repeats	NA	1	11	0.9475	NA	1	1.7183	Viruses;Duplodnaviria;Heunggongvirae;Uroviricota;Caudoviricetes;;
k127_373898	324	No terminal repeats	NA	1	11	0.9471	NA	1	1.7183	Viruses;Duplodnaviria;Heunggongvirae;Uroviricota;Caudoviricetes;;
k127_597869	484	No terminal repeats	NA	1	11	0.9463	NA	1	1.7183	Viruses;Duplodnaviria;Heunggongvirae;Uroviricota;Caudoviricetes;;
k127_349011	408	No terminal repeats	NA	1	11	0.9463	NA	1	1.7183	Viruses;Duplodnaviria;Heunggongvirae;Uroviricota;Caudoviricetes;;
k127_569756	624	No terminal repeats	NA	1	11	0.9443	NA	1	1.7183	Viruses;Duplodnaviria;Heunggongvirae;Uroviricota;Caudoviricetes;;
k127_216847	550	No terminal repeats	NA	1	11	0.9440	NA	1	1.7183	Viruses;Duplodnaviria;Heunggongvirae;Uroviricota;Caudoviricetes;;
k127_414375	519	No terminal repeats	NA	1	11	0.9434	NA	1	1.7183	Viruses;Duplodnaviria;Heunggongvirae;Uroviricota;Caudoviricetes;;Herelleviridae
k127_205889	321	No terminal repeats	NA	1	11	0.9430	NA	1	1.7183	Viruses;Duplodnaviria;Heunggongvirae;Uroviricota;Caudoviricetes;;
k127_517179	328	No terminal repeats	NA	2	11	0.9430	NA	1	1.5155	Viruses;Duplodnaviria;Heunggongvirae;Uroviricota;Caudoviricetes;;
k127_245382	304	No terminal repeats	NA	1	11	0.9423	NA	1	1.6190	Viruses;Duplodnaviria;Heunggongvirae;Uroviricota;Caudoviricetes;;
k127_4225	382	No terminal repeats	NA	1	11	0.9418	NA	1	1.7183	Viruses;Duplodnaviria;Heunggongvirae;Uroviricota;Caudoviricetes;;
k127_198787	385	No terminal repeats	NA	1	11	0.9411	NA	1	1.3050	Viruses;Duplodnaviria;Heunggongvirae;Uroviricota;Caudoviricetes;;
k127_415411	393	No terminal repeats	NA	1	11	0.9403	NA	1	1.7183	Unclassified
k127_462403	448	No terminal repeats	NA	1	11	0.9394	NA	1	1.7183	Viruses;Duplodnaviria;Heunggongvirae;Uroviricota;Caudoviricetes;;
k127_165208	842	No terminal repeats	NA	1	11	0.9393	NA	1	1.7183	Viruses;Riboviria;Orthornavirae;Pisuviricota;Duplopiviricetes;Durnavirales;Partitiviridae
k127_588573	369	No terminal repeats	NA	1	11	0.9386	NA	1	1.7183	Viruses;Duplodnaviria;Heunggongvirae;Uroviricota;Caudoviricetes;;
k127_422434	347	No terminal repeats	NA	1	11	0.9379	NA	1	1.1179	Viruses;Duplodnaviria;Heunggongvirae;Uroviricota;Caudoviricetes;;
k127_113061	520	No terminal repeats	NA	2	11	0.9370	NA	1	3.1533	Viruses;Duplodnaviria;Heunggongvirae;Uroviricota;Caudoviricetes;;
k127_220185	318	No terminal repeats	NA	1	11	0.9352	NA	1	1.7183	Viruses;Duplodnaviria;Heunggongvirae;Uroviricota;Caudoviricetes;;
k127_70338	429	No terminal repeats	NA	1	11	0.9352	NA	1	1.7183	Viruses;Duplodnaviria;Heunggongvirae;Uroviricota;Caudoviricetes;;
k127_588176	349	No terminal repeats	NA	1	11	0.9345	NA	1	1.7183	Viruses;Duplodnaviria;Heunggongvirae;Uroviricota;Caudoviricetes;;
k127_290704	398	No terminal repeats	NA	1	11	0.9344	NA	1	1.7183	Viruses;Duplodnaviria;Heunggongvirae;Uroviricota;Caudoviricetes;;
k127_385032	384	No terminal repeats	NA	1	11	0.9341	NA	1	1.4840	Unclassified
k127_53612	969	No terminal repeats	NA	2	11	0.9340	NA	1	3.2932	Viruses;Duplodnaviria;Heunggongvirae;Uroviricota;Caudoviricetes;;
k127_605634	283	DTR	NA	1	11	0.9336	NA	1	1.7183	Unclassified
k127_284769	443	No terminal repeats	NA	1	11	0.9333	NA	1	1.4595	Viruses;Duplodnaviria;Heunggongvirae;Uroviricota;Caudoviricetes;;
k127_531375	1076	No terminal repeats	NA	2	11	0.9333	NA	1	3.1086	Viruses;Duplodnaviria;Heunggongvirae;Uroviricota;Caudoviricetes;;
k127_28188	317	No terminal repeats	NA	1	11	0.9316	NA	1	1.7183	Viruses;Duplodnaviria;Heunggongvirae;Uroviricota;Caudoviricetes;;
k127_370845	331	No terminal repeats	NA	2	11	0.9309	NA	1	1.7183	Viruses;Duplodnaviria;Heunggongvirae;Uroviricota;Caudoviricetes;;
k127_92298	459	No terminal repeats	NA	1	11	0.9302	NA	1	1.4698	Viruses;Duplodnaviria;Heunggongvirae;Uroviricota;Caudoviricetes;;
k127_455182	513	No terminal repeats	NA	1	11	0.9300	NA	1	1.7183	Viruses;Duplodnaviria;Heunggongvirae;Uroviricota;Caudoviricetes;;
k127_206543	357	No terminal repeats	NA	1	11	0.9299	NA	1	1.4698	Viruses;Duplodnaviria;Heunggongvirae;Uroviricota;Caudoviricetes;;
k127_463110	661	No terminal repeats	NA	1	11	0.9291	NA	1	1.7183	Viruses;Duplodnaviria;Heunggongvirae;Uroviricota;Caudoviricetes;;
k127_310334	508	No terminal repeats	NA	1	11	0.9289	NA	1	1.7183	Viruses;Duplodnaviria;Heunggongvirae;Uroviricota;Caudoviricetes;;
k127_524440	557	No terminal repeats	NA	1	11	0.9286	NA	1	1.4840	Unclassified
k127_203372	844	No terminal repeats	NA	2	11	0.9282	NA	1	1.7183	Viruses;Duplodnaviria;Heunggongvirae;Uroviricota;Caudoviricetes;;
k127_515164	400	No terminal repeats	NA	2	11	0.9275	NA	1	1.7183	Viruses;Duplodnaviria;Heunggongvirae;Uroviricota;Caudoviricetes;;
k127_269630	359	No terminal repeats	NA	1	11	0.9269	NA	1	1.7183	Viruses;Duplodnaviria;Heunggongvirae;Uroviricota;Caudoviricetes;;
k127_562589	302	No terminal repeats	NA	1	11	0.9266	NA	1	1.4464	Viruses;Duplodnaviria;Heunggongvirae;Uroviricota;Caudoviricetes;;
k127_525605	1373	No terminal repeats	NA	3	11	0.9257	NA	1	4.8882	Viruses;Duplodnaviria;Heunggongvirae;Uroviricota;Caudoviricetes;;
k127_243948	360	No terminal repeats	NA	1	11	0.9251	NA	1	1.7183	Viruses;Duplodnaviria;Heunggongvirae;Uroviricota;Caudoviricetes;;
k127_486501	301	No terminal repeats	NA	1	11	0.9239	NA	1	1.3639	Viruses;Duplodnaviria;Heunggongvirae;Uroviricota;Caudoviricetes;;
k127_450446	581	No terminal repeats	NA	1	11	0.9236	NA	1	1.4698	Viruses;Duplodnaviria;Heunggongvirae;Uroviricota;Caudoviricetes;;
k127_436293	363	No terminal repeats	NA	1	11	0.9230	NA	1	1.7183	Viruses;;;;Naldaviricetes;Lefavirales;Baculoviridae
k127_64731	344	No terminal repeats	NA	1	11	0.9230	NA	1	1.3727	Unclassified
k127_533627	522	No terminal repeats	NA	1	11	0.9228	NA	1	1.2306	Viruses;Duplodnaviria;Heunggongvirae;Uroviricota;Caudoviricetes;;
k127_459968	677	No terminal repeats	NA	2	11	0.9228	NA	1	1.7183	Viruses;Duplodnaviria;Heunggongvirae;Uroviricota;Caudoviricetes;;
k127_557112	1432	No terminal repeats	NA	3	11	0.9225	NA	2	4.0151	Viruses;Duplodnaviria;Heunggongvirae;Uroviricota;Caudoviricetes;;
k127_12918	4513	No terminal repeats	NA	11	11	0.9224	NA	1	3.1945	Viruses;Duplodnaviria;Heunggongvirae;Uroviricota;Caudoviricetes;;
k127_49621	332	No terminal repeats	NA	1	11	0.9219	NA	1	1.3050	Viruses;Duplodnaviria;Heunggongvirae;Uroviricota;Caudoviricetes;;
k127_450615	612	No terminal repeats	NA	1	11	0.9212	NA	1	1.7183	Viruses;Duplodnaviria;Heunggongvirae;Uroviricota;Caudoviricetes;;
k127_376057	840	No terminal repeats	NA	1	11	0.9202	NA	1	1.7183	Viruses;Duplodnaviria;Heunggongvirae;Uroviricota;Caudoviricetes;;
k127_344253	415	No terminal repeats	NA	1	11	0.9199	NA	1	1.3050	Viruses;Duplodnaviria;Heunggongvirae;Uroviricota;Caudoviricetes;;
k127_335706	504	No terminal repeats	NA	1	11	0.9195	NA	1	1.7183	Viruses;Duplodnaviria;Heunggongvirae;Uroviricota;Caudoviricetes;;
k127_238058	327	No terminal repeats	NA	2	11	0.9187	NA	1	1.1523	Viruses;Duplodnaviria;Heunggongvirae;Uroviricota;Caudoviricetes;;
k127_465706	455	No terminal repeats	NA	1	11	0.9158	NA	1	1.7183	Viruses;Duplodnaviria;Heunggongvirae;Uroviricota;Caudoviricetes;;
k127_70346	793	No terminal repeats	NA	1	11	0.9139	NA	1	1.7183	Viruses;Duplodnaviria;Heunggongvirae;Uroviricota;Caudoviricetes;;
k127_75438	455	No terminal repeats	NA	1	11	0.9128	NA	1	1.7183	Viruses;Duplodnaviria;Heunggongvirae;Uroviricota;Caudoviricetes;;
k127_456723	378	No terminal repeats	NA	1	11	0.9107	NA	1	1.7183	Viruses;Duplodnaviria;Heunggongvirae;Uroviricota;Caudoviricetes;;Herelleviridae
k127_214429	369	No terminal repeats	NA	1	11	0.9098	NA	1	1.4764	Viruses;Duplodnaviria;Heunggongvirae;Uroviricota;Caudoviricetes;;
k127_446160	968	No terminal repeats	NA	1	11	0.9098	NA	1	1.7183	Viruses;Duplodnaviria;Heunggongvirae;Uroviricota;Caudoviricetes;;
k127_416112	425	No terminal repeats	NA	1	11	0.9086	NA	1	1.7183	Viruses;Duplodnaviria;Heunggongvirae;Uroviricota;Caudoviricetes;;
k127_577339	331	No terminal repeats	NA	1	11	0.9072	NA	1	1.5032	Viruses;Duplodnaviria;Heunggongvirae;Uroviricota;Caudoviricetes;;
k127_575190	686	No terminal repeats	NA	1	11	0.9070	NA	1	1.7183	Viruses;Duplodnaviria;Heunggongvirae;Uroviricota;Caudoviricetes;;
k127_214665	321	No terminal repeats	NA	1	11	0.9066	NA	1	1.7183	Viruses;Duplodnaviria;Heunggongvirae;Uroviricota;Caudoviricetes;;
k127_408808	307	No terminal repeats	NA	1	11	0.9060	NA	1	1.5032	Viruses;Duplodnaviria;Heunggongvirae;Uroviricota;Caudoviricetes;;
k127_140369	431	No terminal repeats	NA	2	11	0.9056	NA	1	1.1125	Viruses;Duplodnaviria;Heunggongvirae;Uroviricota;Caudoviricetes;;
k127_554371	403	No terminal repeats	NA	1	11	0.9055	NA	1	1.7183	Viruses;Duplodnaviria;Heunggongvirae;Uroviricota;Caudoviricetes;;
k127_506436	444	No terminal repeats	NA	1	11	0.9029	NA	1	1.7183	Viruses;Duplodnaviria;Heunggongvirae;Uroviricota;Caudoviricetes;;
k127_534464	302	No terminal repeats	NA	1	11	0.9028	NA	1	1.3483	Unclassified
k127_596065	406	No terminal repeats	NA	1	11	0.9009	NA	1	1.6190	Viruses;Duplodnaviria;Heunggongvirae;Uroviricota;Caudoviricetes;;
k127_528225	483	No terminal repeats	NA	1	11	0.8999	NA	1	1.7183	Viruses;Duplodnaviria;Heunggongvirae;Uroviricota;Caudoviricetes;;Herelleviridae
k127_69615	371	No terminal repeats	NA	1	11	0.8989	NA	1	1.7183	Viruses;Duplodnaviria;Heunggongvirae;Uroviricota;Caudoviricetes;;
k127_420135	383	No terminal repeats	NA	1	11	0.8987	NA	1	1.3642	Viruses;Duplodnaviria;Heunggongvirae;Uroviricota;Caudoviricetes;;
k127_575451	304	No terminal repeats	NA	1	11	0.8984	NA	1	1.7183	Unclassified
k127_310994	411	No terminal repeats	NA	1	11	0.8981	NA	1	1.7183	Viruses;Duplodnaviria;Heunggongvirae;Uroviricota;Caudoviricetes;;Drexlerviridae
k127_526368	548	No terminal repeats	NA	1	11	0.8974	NA	1	1.4595	Viruses;Duplodnaviria;Heunggongvirae;Uroviricota;Caudoviricetes;;
k127_308297	520	No terminal repeats	NA	1	11	0.8974	NA	1	1.7183	Viruses;Duplodnaviria;Heunggongvirae;Uroviricota;Caudoviricetes;;
k127_481525	401	No terminal repeats	NA	1	11	0.8960	NA	1	1.7183	Viruses;Duplodnaviria;Heunggongvirae;Uroviricota;Caudoviricetes;;
k127_21132	349	No terminal repeats	NA	1	11	0.8958	NA	1	1.7183	Viruses;Duplodnaviria;Heunggongvirae;Uroviricota;Caudoviricetes;;
k127_519429	317	No terminal repeats	NA	1	11	0.8956	NA	1	1.7183	Viruses;Duplodnaviria;Heunggongvirae;Uroviricota;Caudoviricetes;;
k127_496355	443	No terminal repeats	NA	1	11	0.8955	NA	1	1.7183	Viruses;Duplodnaviria;Heunggongvirae;Uroviricota;Caudoviricetes;;
k127_104283	533	No terminal repeats	NA	1	11	0.8952	NA	1	1.7183	Viruses;Duplodnaviria;Heunggongvirae;Uroviricota;Caudoviricetes;;
k127_136398	486	No terminal repeats	NA	1	11	0.8949	NA	1	1.7183	Viruses;Duplodnaviria;Heunggongvirae;Uroviricota;Caudoviricetes;;
k127_110008	470	No terminal repeats	NA	1	11	0.8944	NA	1	1.7183	Viruses;Duplodnaviria;Heunggongvirae;Uroviricota;Caudoviricetes;;
k127_406437	503	No terminal repeats	NA	1	11	0.8932	NA	1	1.7183	Viruses;Duplodnaviria;Heunggongvirae;Uroviricota;Caudoviricetes;;
k127_115455	1117	No terminal repeats	NA	2	11	0.8922	NA	1	1.4698	Viruses;Duplodnaviria;Heunggongvirae;Uroviricota;Caudoviricetes;;
k127_324104	513	No terminal repeats	NA	1	11	0.8920	NA	1	1.7183	Viruses;Duplodnaviria;Heunggongvirae;Uroviricota;Caudoviricetes;;
k127_294462	526	No terminal repeats	NA	2	11	0.8916	NA	1	1.7183	Viruses;Duplodnaviria;Heunggongvirae;Uroviricota;Caudoviricetes;;Herelleviridae
k127_575919	461	No terminal repeats	NA	1	11	0.8916	NA	1	1.2306	Viruses;Duplodnaviria;Heunggongvirae;Uroviricota;Caudoviricetes;;
k127_427135	366	No terminal repeats	NA	1	11	0.8904	NA	1	1.7183	Viruses;Duplodnaviria;Heunggongvirae;Uroviricota;Caudoviricetes;;
k127_418285	426	No terminal repeats	NA	1	11	0.8903	NA	1	1.7183	Unclassified
k127_509356	322	No terminal repeats	NA	2	11	0.8901	NA	1	1.7183	Viruses;Duplodnaviria;Heunggongvirae;Uroviricota;Caudoviricetes;;
k127_414353	392	No terminal repeats	NA	1	11	0.8901	NA	1	1.7183	Viruses;Duplodnaviria;Heunggongvirae;Uroviricota;Caudoviricetes;;
k127_361203	445	No terminal repeats	NA	1	11	0.8899	NA	1	1.7183	Viruses;Duplodnaviria;Heunggongvirae;Uroviricota;Caudoviricetes;;
k127_411259	316	No terminal repeats	NA	2	11	0.8895	NA	1	1.7183	Unclassified
k127_511250	488	No terminal repeats	NA	1	11	0.8892	NA	1	1.7183	Viruses;Duplodnaviria;Heunggongvirae;Uroviricota;Caudoviricetes;;
k127_404754	466	No terminal repeats	NA	1	11	0.8872	NA	1	1.2449	Viruses;Duplodnaviria;Heunggongvirae;Uroviricota;Caudoviricetes;;
k127_322811	350	No terminal repeats	NA	1	11	0.8871	NA	1	1.7162	Viruses;Duplodnaviria;Heunggongvirae;Uroviricota;Caudoviricetes;;
k127_51646	599	No terminal repeats	NA	1	11	0.8861	NA	1	0.9917	Unclassified
k127_251476	686	No terminal repeats	NA	1	11	0.8860	NA	1	1.7183	Viruses;Duplodnaviria;Heunggongvirae;Uroviricota;Caudoviricetes;;
k127_59164	433	No terminal repeats	NA	1	11	0.8860	NA	1	1.4749	Viruses;Duplodnaviria;Heunggongvirae;Uroviricota;Caudoviricetes;;
k127_503721	447	No terminal repeats	NA	1	11	0.8859	NA	1	1.7183	Viruses;Duplodnaviria;Heunggongvirae;Uroviricota;Caudoviricetes;;
k127_466822	642	No terminal repeats	NA	1	11	0.8856	NA	1	1.7183	Viruses;Riboviria;Orthornavirae;Pisuviricota;Stelpaviricetes;Stellavirales;Astroviridae
k127_534209	549	No terminal repeats	NA	1	11	0.8847	NA	1	1.7183	Viruses;Duplodnaviria;Heunggongvirae;Uroviricota;Caudoviricetes;;
k127_477199	420	No terminal repeats	NA	1	11	0.8845	NA	1	1.3867	Viruses;Duplodnaviria;Heunggongvirae;Uroviricota;Caudoviricetes;;
k127_254055	586	No terminal repeats	NA	1	11	0.8840	NA	1	1.7183	Viruses;Duplodnaviria;Heunggongvirae;Uroviricota;Caudoviricetes;;
k127_299224	512	No terminal repeats	NA	1	11	0.8840	NA	1	1.6755	Viruses;Duplodnaviria;Heunggongvirae;Uroviricota;Caudoviricetes;;
k127_424172	1506	No terminal repeats	NA	3	11	0.8840	NA	1	3.3488	Viruses;Duplodnaviria;Heunggongvirae;Uroviricota;Caudoviricetes;;
k127_146457	302	No terminal repeats	NA	1	11	0.8832	NA	1	1.7183	Unclassified
k127_584496	301	No terminal repeats	NA	1	11	0.8819	NA	1	1.4634	Viruses;Duplodnaviria;Heunggongvirae;Uroviricota;Caudoviricetes;;
k127_394633	504	No terminal repeats	NA	1	11	0.8819	NA	1	1.2306	Viruses;Duplodnaviria;Heunggongvirae;Uroviricota;Caudoviricetes;;
k127_72971	360	No terminal repeats	NA	1	11	0.8816	NA	1	1.7143	Viruses;Duplodnaviria;Heunggongvirae;Uroviricota;Caudoviricetes;;
k127_58890	373	No terminal repeats	NA	2	11	0.8814	NA	1	1.2814	Viruses;Duplodnaviria;Heunggongvirae;Uroviricota;Caudoviricetes;;
k127_540248	892	No terminal repeats	NA	1	11	0.8813	NA	1	1.7183	Viruses;Duplodnaviria;Heunggongvirae;Uroviricota;Caudoviricetes;;
k127_394096	308	No terminal repeats	NA	1	11	0.8811	NA	1	1.4513	Viruses;Duplodnaviria;Heunggongvirae;Uroviricota;Caudoviricetes;;
k127_539640	491	No terminal repeats	NA	2	11	0.8804	NA	1	1.4762	Unclassified
k127_470575	436	No terminal repeats	NA	1	11	0.8804	NA	1	1.0036	Viruses;Duplodnaviria;Heunggongvirae;Uroviricota;Caudoviricetes;;
k127_458762	443	No terminal repeats	NA	1	11	0.8785	NA	1	1.7183	Viruses;Duplodnaviria;Heunggongvirae;Uroviricota;Caudoviricetes;;
k127_181594	984	No terminal repeats	NA	1	11	0.8780	NA	1	1.7183	Viruses;Duplodnaviria;Heunggongvirae;Uroviricota;Caudoviricetes;;
k127_551463	318	No terminal repeats	NA	1	11	0.8777	NA	1	1.4698	Viruses;Duplodnaviria;Heunggongvirae;Uroviricota;Caudoviricetes;;
k127_289565	448	No terminal repeats	NA	1	11	0.8771	NA	1	1.7183	Viruses;Duplodnaviria;Heunggongvirae;Uroviricota;Caudoviricetes;;Drexlerviridae
k127_228069	348	No terminal repeats	NA	1	11	0.8771	NA	1	1.4749	Viruses;Duplodnaviria;Heunggongvirae;Uroviricota;Caudoviricetes;;
k127_409207	341	No terminal repeats	NA	1	11	0.8761	NA	1	1.3050	Viruses;Duplodnaviria;Heunggongvirae;Uroviricota;Caudoviricetes;;
k127_475143	763	No terminal repeats	NA	1	11	0.8748	NA	1	1.2306	Viruses;Duplodnaviria;Heunggongvirae;Uroviricota;Caudoviricetes;;
k127_396300	628	No terminal repeats	NA	1	11	0.8748	NA	1	1.7183	Viruses;Duplodnaviria;Heunggongvirae;Uroviricota;Caudoviricetes;;
k127_537337	437	No terminal repeats	NA	1	11	0.8737	NA	1	1.0036	Viruses;Duplodnaviria;Heunggongvirae;Uroviricota;Caudoviricetes;;
k127_82544	532	No terminal repeats	NA	1	11	0.8734	NA	1	1.7183	Viruses;Duplodnaviria;Heunggongvirae;Uroviricota;Caudoviricetes;;
k127_335731	445	No terminal repeats	NA	1	11	0.8725	NA	1	1.3273	Viruses;Duplodnaviria;Heunggongvirae;Uroviricota;Caudoviricetes;;
k127_57227	336	No terminal repeats	NA	1	11	0.8720	NA	1	1.7161	Viruses;Duplodnaviria;Heunggongvirae;Uroviricota;Caudoviricetes;;
k127_563091	322	No terminal repeats	NA	1	11	0.8712	NA	1	1.3037	Viruses;Duplodnaviria;Heunggongvirae;Uroviricota;Caudoviricetes;;
k127_166500	435	No terminal repeats	NA	1	11	0.8711	NA	1	1.7183	Viruses;Duplodnaviria;Heunggongvirae;Uroviricota;Caudoviricetes;;
k127_275190	559	No terminal repeats	NA	1	11	0.8710	NA	1	1.7183	Viruses;Duplodnaviria;Heunggongvirae;Uroviricota;Caudoviricetes;;
k127_585054	315	No terminal repeats	NA	1	11	0.8706	NA	1	1.3153	Viruses;Duplodnaviria;Heunggongvirae;Uroviricota;Caudoviricetes;;
k127_229126	536	No terminal repeats	NA	1	11	0.8702	NA	1	1.7183	Viruses;Duplodnaviria;Heunggongvirae;Uroviricota;Caudoviricetes;;
k127_587935	554	No terminal repeats	NA	1	11	0.8693	NA	1	1.1999	Viruses;Duplodnaviria;Heunggongvirae;Uroviricota;Caudoviricetes;;
k127_379740	380	No terminal repeats	NA	1	11	0.8683	NA	1	1.4764	Viruses;Duplodnaviria;Heunggongvirae;Uroviricota;Caudoviricetes;;
k127_132771	341	No terminal repeats	NA	1	11	0.8678	NA	1	1.7161	Viruses;Duplodnaviria;Heunggongvirae;Uroviricota;Caudoviricetes;;
k127_113587	624	No terminal repeats	NA	1	11	0.8678	NA	1	1.7183	Viruses;Duplodnaviria;Heunggongvirae;Uroviricota;Caudoviricetes;;
k127_209512	2350	No terminal repeats	NA	1	11	0.8665	NA	1	1.7183	Viruses;Riboviria;Orthornavirae;Pisuviricota;Duplopiviricetes;Durnavirales;Partitiviridae
k127_47546	356	No terminal repeats	NA	1	11	0.8664	NA	1	1.7183	Viruses;Duplodnaviria;Heunggongvirae;Uroviricota;Caudoviricetes;;
k127_254529	529	No terminal repeats	NA	2	11	0.8657	NA	1	1.7161	Viruses;Duplodnaviria;Heunggongvirae;Uroviricota;Caudoviricetes;;
k127_586	354	No terminal repeats	NA	1	11	0.8651	NA	1	1.3697	Viruses;Duplodnaviria;Heunggongvirae;Uroviricota;Caudoviricetes;;
k127_472806	691	No terminal repeats	NA	1	11	0.8643	NA	1	1.7183	Viruses;Duplodnaviria;Heunggongvirae;Uroviricota;Caudoviricetes;;
k127_563036	855	No terminal repeats	NA	1	11	0.8635	NA	1	1.7183	Viruses;Riboviria;Orthornavirae;Pisuviricota;Duplopiviricetes;Durnavirales;Partitiviridae
k127_238442	350	No terminal repeats	NA	1	11	0.8631	NA	1	1.7183	Viruses;Duplodnaviria;Heunggongvirae;Uroviricota;Caudoviricetes;;
k127_67673	305	No terminal repeats	NA	1	11	0.8630	NA	1	1.7162	Viruses;Duplodnaviria;Heunggongvirae;Uroviricota;Caudoviricetes;;
k127_591848	888	No terminal repeats	NA	1	11	0.8614	NA	1	1.5393	Viruses;Duplodnaviria;Heunggongvirae;Uroviricota;Caudoviricetes;;
k127_144362	381	No terminal repeats	NA	1	11	0.8605	NA	1	1.7183	Viruses;Duplodnaviria;Heunggongvirae;Uroviricota;Caudoviricetes;;
k127_119885	1113	No terminal repeats	NA	2	11	0.8603	NA	1	1.7183	Viruses;Duplodnaviria;Heunggongvirae;Uroviricota;Caudoviricetes;;
k127_196183	446	No terminal repeats	NA	2	11	0.8588	NA	1	3.4366	Viruses;Duplodnaviria;Heunggongvirae;Uroviricota;Caudoviricetes;;
k127_494357	444	No terminal repeats	NA	1	11	0.8586	NA	1	1.1038	Viruses;Duplodnaviria;Heunggongvirae;Uroviricota;Caudoviricetes;;
k127_460573	410	No terminal repeats	NA	1	11	0.8581	NA	1	1.4050	Viruses;Duplodnaviria;Heunggongvirae;Uroviricota;Caudoviricetes;;
k127_254535	456	No terminal repeats	NA	2	11	0.8580	NA	1	1.7161	Viruses;Duplodnaviria;Heunggongvirae;Uroviricota;Caudoviricetes;;
k127_558719	1015	No terminal repeats	NA	2	11	0.8579	NA	1	1.2586	Viruses;Duplodnaviria;Heunggongvirae;Uroviricota;Caudoviricetes;;
k127_435778	465	No terminal repeats	NA	1	11	0.8573	NA	1	1.6774	Viruses;Duplodnaviria;Heunggongvirae;Uroviricota;Caudoviricetes;;
k127_436932	321	No terminal repeats	NA	1	11	0.8572	NA	1	1.3639	Viruses;Duplodnaviria;Heunggongvirae;Uroviricota;Caudoviricetes;;
k127_561727	534	No terminal repeats	NA	2	11	0.8571	NA	1	1.6774	Viruses;Duplodnaviria;Heunggongvirae;Uroviricota;Caudoviricetes;;
k127_419495	301	No terminal repeats	NA	1	11	0.8568	NA	1	1.2696	Viruses;Duplodnaviria;Heunggongvirae;Uroviricota;Caudoviricetes;;
k127_282863	571	No terminal repeats	NA	1	11	0.8567	NA	1	1.7183	Viruses;Duplodnaviria;Heunggongvirae;Uroviricota;Caudoviricetes;;Drexlerviridae
k127_218571	312	No terminal repeats	NA	1	11	0.8565	NA	1	1.7170	Viruses;Duplodnaviria;Heunggongvirae;Uroviricota;Caudoviricetes;;
k127_539031	1086	No terminal repeats	NA	3	11	0.8556	NA	2	4.6927	Viruses;Duplodnaviria;Heunggongvirae;Uroviricota;Caudoviricetes;;
k127_283197	1058	No terminal repeats	NA	1	11	0.8552	NA	1	1.7183	Viruses;Duplodnaviria;Heunggongvirae;Uroviricota;Caudoviricetes;;
k127_256962	349	No terminal repeats	NA	1	11	0.8543	NA	1	1.3050	Viruses;Duplodnaviria;Heunggongvirae;Uroviricota;Caudoviricetes;;
k127_399559	362	No terminal repeats	NA	1	11	0.8536	NA	1	1.4073	Viruses;Duplodnaviria;Heunggongvirae;Uroviricota;Caudoviricetes;;
k127_247520	446	No terminal repeats	NA	1	11	0.8532	NA	1	1.2306	Viruses;Duplodnaviria;Heunggongvirae;Uroviricota;Caudoviricetes;;
k127_453352	662	No terminal repeats	NA	2	11	0.8525	NA	1	0.9866	Viruses;Duplodnaviria;Heunggongvirae;Uroviricota;Caudoviricetes;;
k127_9231	1371	No terminal repeats	NA	3	11	0.8510	NA	1	3.6933	Viruses;Duplodnaviria;Heunggongvirae;Uroviricota;Caudoviricetes;;
k127_418042	395	No terminal repeats	NA	2	11	0.8502	NA	1	1.3380	Viruses;Duplodnaviria;Heunggongvirae;Uroviricota;Caudoviricetes;;
k127_586914	462	No terminal repeats	NA	2	11	0.8476	NA	1	1.7183	Unclassified
k127_571241	382	No terminal repeats	NA	1	11	0.8468	NA	1	1.7183	Viruses;Duplodnaviria;Heunggongvirae;Uroviricota;Caudoviricetes;;
k127_285137	334	No terminal repeats	NA	1	11	0.8463	NA	1	1.1499	Viruses;Duplodnaviria;Heunggongvirae;Uroviricota;Caudoviricetes;;
k127_62198	1830	No terminal repeats	NA	2	11	0.8459	NA	1	2.8214	Viruses;Duplodnaviria;Heunggongvirae;Uroviricota;Caudoviricetes;;
k127_33824	1680	No terminal repeats	NA	1	11	0.8454	NA	1	1.4749	Viruses;Duplodnaviria;Heunggongvirae;Uroviricota;Caudoviricetes;;
k127_324139	475	No terminal repeats	NA	1	11	0.8451	NA	1	1.2306	Viruses;Duplodnaviria;Heunggongvirae;Uroviricota;Caudoviricetes;;
k127_514747	353	No terminal repeats	NA	2	11	0.8449	NA	1	1.0419	Viruses;Duplodnaviria;Heunggongvirae;Uroviricota;Caudoviricetes;;
k127_147239	1373	No terminal repeats	NA	1	11	0.8444	NA	1	1.7183	Viruses;Riboviria;Orthornavirae;Pisuviricota;Stelpaviricetes;Stellavirales;Astroviridae
k127_231782	481	No terminal repeats	NA	1	11	0.8434	NA	1	1.7183	Unclassified
k127_554381	376	No terminal repeats	NA	2	11	0.8427	NA	1	1.3273	Viruses;Duplodnaviria;Heunggongvirae;Uroviricota;Caudoviricetes;;
k127_519599	685	No terminal repeats	NA	2	11	0.8426	NA	1	1.7183	Viruses;Duplodnaviria;Heunggongvirae;Uroviricota;Caudoviricetes;;Herelleviridae
k127_342989	634	No terminal repeats	NA	2	11	0.8419	NA	1	1.2583	Viruses;Duplodnaviria;Heunggongvirae;Uroviricota;Caudoviricetes;;
k127_464992	431	No terminal repeats	NA	2	11	0.8413	NA	1	1.1215	Viruses;Duplodnaviria;Heunggongvirae;Uroviricota;Caudoviricetes;;
k127_555554	323	No terminal repeats	NA	1	11	0.8407	NA	1	1.4494	Viruses;Duplodnaviria;Heunggongvirae;Uroviricota;Caudoviricetes;;
k127_136183	444	No terminal repeats	NA	1	11	0.8407	NA	1	1.4749	Viruses;Duplodnaviria;Heunggongvirae;Uroviricota;Caudoviricetes;;
k127_574089	324	No terminal repeats	NA	1	11	0.8403	NA	1	1.3856	Viruses;Duplodnaviria;Heunggongvirae;Uroviricota;Caudoviricetes;;
k127_475134	468	No terminal repeats	NA	1	11	0.8391	NA	1	1.2306	Viruses;Duplodnaviria;Heunggongvirae;Uroviricota;Caudoviricetes;;
k127_500607	2226	No terminal repeats	NA	3	11	0.8386	NA	1	2.7416	Viruses;Duplodnaviria;Heunggongvirae;Uroviricota;Caudoviricetes;;
k127_71059	636	No terminal repeats	NA	1	11	0.8370	NA	1	1.1892	Viruses;Duplodnaviria;Heunggongvirae;Uroviricota;Caudoviricetes;;
k127_64750	503	No terminal repeats	NA	1	11	0.8368	NA	1	1.3639	Viruses;Duplodnaviria;Heunggongvirae;Uroviricota;Caudoviricetes;;
k127_164509	312	No terminal repeats	NA	1	11	0.8364	NA	1	1.3878	Viruses;Duplodnaviria;Heunggongvirae;Uroviricota;Caudoviricetes;;
k127_342712	826	No terminal repeats	NA	1	11	0.8360	NA	1	1.6491	Unclassified
k127_240513	324	No terminal repeats	NA	1	11	0.8356	NA	1	1.1157	Viruses;Duplodnaviria;Heunggongvirae;Uroviricota;Caudoviricetes;;
k127_352895	461	No terminal repeats	NA	1	11	0.8353	NA	1	1.7183	Viruses;Duplodnaviria;Heunggongvirae;Uroviricota;Caudoviricetes;;
k127_156989	438	No terminal repeats	NA	1	11	0.8342	NA	1	1.4880	Viruses;Duplodnaviria;Heunggongvirae;Uroviricota;Caudoviricetes;;
k127_363089	444	No terminal repeats	NA	1	11	0.8325	NA	1	1.1904	Viruses;Duplodnaviria;Heunggongvirae;Uroviricota;Caudoviricetes;;
k127_113167	1042	No terminal repeats	NA	1	11	0.8317	NA	1	1.7183	Viruses;Duplodnaviria;Heunggongvirae;Uroviricota;Caudoviricetes;;
k127_208391	328	No terminal repeats	NA	1	11	0.8315	NA	1	1.7183	Viruses;Duplodnaviria;Heunggongvirae;Uroviricota;Caudoviricetes;;
k127_239085	681	No terminal repeats	NA	1	11	0.8309	NA	1	1.4464	Viruses;Duplodnaviria;Heunggongvirae;Uroviricota;Caudoviricetes;;
k127_557411	716	No terminal repeats	NA	1	11	0.8297	NA	1	1.1262	Viruses;Duplodnaviria;Heunggongvirae;Uroviricota;Caudoviricetes;;
k127_552492	1019	No terminal repeats	NA	1	11	0.8292	NA	1	1.2306	Viruses;Duplodnaviria;Heunggongvirae;Uroviricota;Caudoviricetes;;
k127_328760	460	No terminal repeats	NA	1	11	0.8288	NA	1	1.7183	Viruses;Duplodnaviria;Heunggongvirae;Uroviricota;Caudoviricetes;;Drexlerviridae
k127_239159	593	No terminal repeats	NA	1	11	0.8285	NA	1	1.7183	Viruses;Duplodnaviria;Heunggongvirae;Uroviricota;Caudoviricetes;;
k127_223464	570	No terminal repeats	NA	1	11	0.8284	NA	1	1.2306	Viruses;Duplodnaviria;Heunggongvirae;Uroviricota;Caudoviricetes;;
k127_54474	596	No terminal repeats	NA	1	11	0.8280	NA	1	1.7183	Viruses;Duplodnaviria;Heunggongvirae;Uroviricota;Caudoviricetes;;
k127_602864	1316	No terminal repeats	NA	1	11	0.8278	NA	1	1.4749	Viruses;Duplodnaviria;Heunggongvirae;Uroviricota;Caudoviricetes;;
k127_182339	780	No terminal repeats	NA	1	11	0.8276	NA	1	1.7183	Viruses;Duplodnaviria;Heunggongvirae;Uroviricota;Caudoviricetes;;Drexlerviridae
k127_256494	695	No terminal repeats	NA	1	11	0.8273	NA	1	1.2306	Viruses;Duplodnaviria;Heunggongvirae;Uroviricota;Caudoviricetes;;
k127_489470	314	No terminal repeats	NA	1	11	0.8262	NA	1	1.1262	Viruses;Duplodnaviria;Heunggongvirae;Uroviricota;Caudoviricetes;;
k127_513864	1574	No terminal repeats	NA	3	11	0.8252	NA	2	2.8209	Viruses;Duplodnaviria;Heunggongvirae;Uroviricota;Caudoviricetes;;
k127_291277	1124	No terminal repeats	NA	2	11	0.8247	NA	1	3.1803	Viruses;Duplodnaviria;Heunggongvirae;Uroviricota;Caudoviricetes;;
k127_364100	379	No terminal repeats	NA	1	11	0.8245	NA	1	1.7183	Viruses;Duplodnaviria;Heunggongvirae;Uroviricota;Caudoviricetes;;
k127_96934	391	No terminal repeats	NA	1	11	0.8243	NA	1	1.4764	Viruses;Duplodnaviria;Heunggongvirae;Uroviricota;Caudoviricetes;;
k127_523125	700	No terminal repeats	NA	1	11	0.8242	NA	1	1.7183	Viruses;Duplodnaviria;Heunggongvirae;Uroviricota;Caudoviricetes;;Drexlerviridae
k127_214822	508	No terminal repeats	NA	1	11	0.8240	NA	1	1.4242	Viruses;Duplodnaviria;Heunggongvirae;Uroviricota;Caudoviricetes;;
k127_17225	413	No terminal repeats	NA	2	11	0.8236	NA	1	1.7183	Viruses;Duplodnaviria;Heunggongvirae;Uroviricota;Caudoviricetes;;
k127_178730	1065	No terminal repeats	NA	1	11	0.8229	NA	1	1.7183	Viruses;Duplodnaviria;Heunggongvirae;Uroviricota;Caudoviricetes;;
k127_459505	308	No terminal repeats	NA	1	11	0.8222	NA	1	1.3884	Viruses;Duplodnaviria;Heunggongvirae;Uroviricota;Caudoviricetes;;
k127_18220	692	No terminal repeats	NA	1	11	0.8217	NA	1	1.1727	Unclassified
k127_299762	410	No terminal repeats	NA	1	11	0.8193	NA	1	1.7172	Viruses;Duplodnaviria;Heunggongvirae;Uroviricota;Caudoviricetes;;
k127_201089	876	No terminal repeats	NA	1	11	0.8189	NA	1	1.2306	Viruses;Duplodnaviria;Heunggongvirae;Uroviricota;Caudoviricetes;;
k127_492686	1149	No terminal repeats	NA	1	11	0.8183	NA	1	1.2306	Viruses;Duplodnaviria;Heunggongvirae;Uroviricota;Caudoviricetes;;
k127_329627	550	No terminal repeats	NA	1	11	0.8175	NA	1	1.7183	Viruses;Duplodnaviria;Heunggongvirae;Uroviricota;Caudoviricetes;;
k127_497532	310	No terminal repeats	NA	1	11	0.8162	NA	1	1.6971	Viruses;Duplodnaviria;Heunggongvirae;Uroviricota;Caudoviricetes;;
k127_460232	334	No terminal repeats	NA	1	11	0.8162	NA	1	1.4211	Viruses;Duplodnaviria;Heunggongvirae;Uroviricota;Caudoviricetes;;
k127_396339	337	No terminal repeats	NA	2	11	0.8156	NA	1	1.3398	Viruses;Duplodnaviria;Heunggongvirae;Uroviricota;Caudoviricetes;;
k127_454003	509	No terminal repeats	NA	1	11	0.8155	NA	1	1.7183	Viruses;Duplodnaviria;Heunggongvirae;Uroviricota;Caudoviricetes;;
k127_159512	1619	No terminal repeats	NA	2	11	0.8147	NA	1	1.7183	Viruses;Duplodnaviria;Heunggongvirae;Uroviricota;Caudoviricetes;;Drexlerviridae
k127_163219	301	No terminal repeats	NA	1	11	0.8147	NA	1	1.2657	Viruses;Duplodnaviria;Heunggongvirae;Uroviricota;Caudoviricetes;;
k127_109099	482	No terminal repeats	NA	1	11	0.8134	NA	1	1.4595	Viruses;Duplodnaviria;Heunggongvirae;Uroviricota;Caudoviricetes;;
k127_398811	325	No terminal repeats	NA	1	4	0.8133	NA	1	1.6529	Viruses;Duplodnaviria;Heunggongvirae;Uroviricota;Caudoviricetes;;
k127_424827	527	No terminal repeats	NA	2	11	0.8125	NA	1	1.1678	Viruses;Duplodnaviria;Heunggongvirae;Uroviricota;Caudoviricetes;;
k127_288753	597	No terminal repeats	NA	1	11	0.8120	NA	1	1.7183	Viruses;Duplodnaviria;Heunggongvirae;Uroviricota;Caudoviricetes;;
k127_588019	1972	No terminal repeats	NA	2	11	0.8119	NA	1	3.2421	Viruses;Riboviria;Orthornavirae;Pisuviricota;Duplopiviricetes;Durnavirales;Partitiviridae
k127_601656	1230	No terminal repeats	NA	1	11	0.8111	NA	1	1.7183	Viruses;Duplodnaviria;Heunggongvirae;Uroviricota;Caudoviricetes;;
k127_176546	505	No terminal repeats	NA	1	11	0.8109	NA	1	1.7183	Viruses;Duplodnaviria;Heunggongvirae;Uroviricota;Caudoviricetes;;
k127_175339	664	No terminal repeats	NA	1	11	0.8092	NA	1	1.7183	Viruses;Riboviria;Orthornavirae;Pisuviricota;Duplopiviricetes;Durnavirales;Partitiviridae
k127_192583	524	No terminal repeats	NA	1	11	0.8092	NA	1	1.2449	Viruses;Duplodnaviria;Heunggongvirae;Uroviricota;Caudoviricetes;;
k127_145801	891	No terminal repeats	NA	2	11	0.8085	NA	1	1.7183	Viruses;Duplodnaviria;Heunggongvirae;Uroviricota;Caudoviricetes;;Drexlerviridae
k127_244602	405	No terminal repeats	NA	1	11	0.8084	NA	1	1.2802	Viruses;Duplodnaviria;Heunggongvirae;Uroviricota;Caudoviricetes;;
k127_455340	543	No terminal repeats	NA	1	11	0.8055	NA	1	1.4764	Viruses;Duplodnaviria;Heunggongvirae;Uroviricota;Caudoviricetes;;
k127_43832	449	No terminal repeats	NA	1	11	0.8047	NA	1	1.1682	Viruses;Duplodnaviria;Heunggongvirae;Uroviricota;Caudoviricetes;;
k127_466110	4510	No terminal repeats	NA	2	11	0.8043	NA	0	3.4366	Viruses;Duplodnaviria;Heunggongvirae;Uroviricota;Caudoviricetes;;
k127_390135	765	No terminal repeats	NA	1	11	0.8034	NA	1	1.7183	Viruses;Duplodnaviria;Heunggongvirae;Uroviricota;Caudoviricetes;;Herelleviridae
k127_100515	376	No terminal repeats	NA	1	11	0.8026	NA	1	1.4215	Viruses;Duplodnaviria;Heunggongvirae;Uroviricota;Caudoviricetes;;
k127_123358	244	No terminal repeats	NA	1	11	0.8023	NA	1	1.7161	Viruses;Duplodnaviria;Heunggongvirae;Uroviricota;Caudoviricetes;;
k127_213344	387	No terminal repeats	NA	1	11	0.8023	NA	1	1.3608	Viruses;Duplodnaviria;Heunggongvirae;Uroviricota;Caudoviricetes;;Straboviridae
k127_542664	495	No terminal repeats	NA	3	11	0.8018	NA	1	1.7146	Viruses;Duplodnaviria;Heunggongvirae;Uroviricota;Caudoviricetes;;
k127_55063	412	No terminal repeats	NA	1	11	0.8001	NA	1	1.4247	Viruses;Duplodnaviria;Heunggongvirae;Uroviricota;Caudoviricetes;;
k127_510059	428	No terminal repeats	NA	1	11	0.7983	NA	1	1.3050	Viruses;Duplodnaviria;Heunggongvirae;Uroviricota;Caudoviricetes;;
k127_348408	616	No terminal repeats	NA	1	11	0.7977	NA	1	1.2306	Viruses;Duplodnaviria;Heunggongvirae;Uroviricota;Caudoviricetes;;
k127_91136	1547	No terminal repeats	NA	2	11	0.7975	NA	1	1.4749	Viruses;Duplodnaviria;Heunggongvirae;Uroviricota;Caudoviricetes;;
k127_140260	754	No terminal repeats	NA	1	11	0.7962	NA	1	1.2306	Viruses;Duplodnaviria;Heunggongvirae;Uroviricota;Caudoviricetes;;
k127_265317	931	No terminal repeats	NA	1	11	0.7957	NA	1	1.3050	Viruses;Duplodnaviria;Heunggongvirae;Uroviricota;Caudoviricetes;;
k127_44287	357	No terminal repeats	NA	2	11	0.7946	NA	1	1.1867	Viruses;Duplodnaviria;Heunggongvirae;Uroviricota;Caudoviricetes;;
k127_558988	1016	No terminal repeats	NA	1	11	0.7943	NA	1	1.7183	Viruses;Duplodnaviria;Heunggongvirae;Uroviricota;Caudoviricetes;;
k127_557180	354	No terminal repeats	NA	1	11	0.7930	NA	1	1.3383	Viruses;Duplodnaviria;Heunggongvirae;Uroviricota;Caudoviricetes;;
k127_245870	695	No terminal repeats	NA	2	11	0.7924	NA	1	1.3895	Viruses;Duplodnaviria;Heunggongvirae;Uroviricota;Caudoviricetes;;
k127_90906	1249	No terminal repeats	NA	2	11	0.7912	NA	1	1.7183	Viruses;Duplodnaviria;Heunggongvirae;Uroviricota;Caudoviricetes;;
k127_552522	1582	No terminal repeats	NA	2	11	0.7911	NA	1	3.4366	Viruses;Duplodnaviria;Heunggongvirae;Uroviricota;Caudoviricetes;;Drexlerviridae
k127_556241	1497	No terminal repeats	NA	2	11	0.7910	NA	1	1.7183	Viruses;Duplodnaviria;Heunggongvirae;Uroviricota;Caudoviricetes;;Drexlerviridae
k127_282379	388	No terminal repeats	NA	1	11	0.7908	NA	1	1.1899	Viruses;Duplodnaviria;Heunggongvirae;Uroviricota;Caudoviricetes;;
k127_332999	368	No terminal repeats	NA	1	11	0.7857	NA	1	1.7161	Viruses;Duplodnaviria;Heunggongvirae;Uroviricota;Caudoviricetes;;
k127_225371	739	No terminal repeats	NA	2	11	0.7850	NA	1	1.4880	Viruses;Duplodnaviria;Heunggongvirae;Uroviricota;Caudoviricetes;;
k127_598873	1620	No terminal repeats	NA	1	11	0.7840	NA	1	1.7183	Viruses;Duplodnaviria;Heunggongvirae;Uroviricota;Caudoviricetes;;
k127_333826	724	No terminal repeats	NA	1	11	0.7796	NA	1	1.2306	Viruses;Duplodnaviria;Heunggongvirae;Uroviricota;Caudoviricetes;;
k127_10234	359	No terminal repeats	NA	1	11	0.7786	NA	1	1.3663	Viruses;Duplodnaviria;Heunggongvirae;Uroviricota;Caudoviricetes;;
k127_389423	892	No terminal repeats	NA	2	11	0.7757	NA	1	1.7183	Viruses;Duplodnaviria;Heunggongvirae;Uroviricota;Caudoviricetes;;
k127_175824	384	No terminal repeats	NA	1	11	0.7754	NA	1	0.9079	Viruses;Duplodnaviria;Heunggongvirae;Uroviricota;Caudoviricetes;;
k127_6426	976	No terminal repeats	NA	1	11	0.7731	NA	1	1.7183	Viruses;Duplodnaviria;Heunggongvirae;Uroviricota;Caudoviricetes;;
k127_554641	326	No terminal repeats	NA	1	11	0.7729	NA	1	1.3093	Viruses;Duplodnaviria;Heunggongvirae;Uroviricota;Caudoviricetes;;
k127_107581	550	No terminal repeats	NA	2	11	0.7727	NA	1	1.2934	Viruses;Duplodnaviria;Heunggongvirae;Uroviricota;Caudoviricetes;;
k127_25706	389	No terminal repeats	NA	1	11	0.7721	NA	1	1.2927	Viruses;Duplodnaviria;Heunggongvirae;Uroviricota;Caudoviricetes;;
k127_233276	416	No terminal repeats	NA	1	11	0.7719	NA	1	1.5715	Viruses;Duplodnaviria;Heunggongvirae;Uroviricota;Caudoviricetes;;
k127_410443	752	No terminal repeats	NA	1	11	0.7716	NA	1	1.7183	Viruses;Riboviria;Orthornavirae;Pisuviricota;Duplopiviricetes;Durnavirales;Partitiviridae
k127_392721	1022	No terminal repeats	NA	2	11	0.7707	NA	1	1.2927	Viruses;Duplodnaviria;Heunggongvirae;Uroviricota;Caudoviricetes;;
k127_256767	1082	No terminal repeats	NA	2	11	0.7690	NA	1	1.7183	Viruses;Duplodnaviria;Heunggongvirae;Uroviricota;Caudoviricetes;;
k127_394418	1054	No terminal repeats	NA	3	11	0.7690	NA	1	1.7183	Viruses;Duplodnaviria;Heunggongvirae;Uroviricota;Caudoviricetes;;Herelleviridae
k127_592029	623	No terminal repeats	NA	1	11	0.7679	NA	1	1.3639	Viruses;Duplodnaviria;Heunggongvirae;Uroviricota;Caudoviricetes;;
k127_25260	468	No terminal repeats	NA	2	11	0.7672	NA	1	1.7183	Unclassified
k127_120680	468	No terminal repeats	NA	1	11	0.7671	NA	1	1.7183	Viruses;Duplodnaviria;Heunggongvirae;Uroviricota;Caudoviricetes;;
k127_476754	1560	No terminal repeats	NA	1	11	0.7663	NA	1	1.7183	Viruses;Duplodnaviria;Heunggongvirae;Uroviricota;Caudoviricetes;;
k127_473288	354	No terminal repeats	NA	1	11	0.7658	NA	1	1.7136	Viruses;Duplodnaviria;Heunggongvirae;Uroviricota;Caudoviricetes;;
k127_334908	536	No terminal repeats	NA	2	11	0.7655	NA	1	1.7183	Viruses;Duplodnaviria;Heunggongvirae;Uroviricota;Caudoviricetes;;
k127_348208	902	No terminal repeats	NA	1	11	0.7652	NA	1	1.7183	Viruses;Duplodnaviria;Heunggongvirae;Uroviricota;Caudoviricetes;;
k127_451261	959	No terminal repeats	NA	1	11	0.7650	NA	1	1.7183	Viruses;Duplodnaviria;Heunggongvirae;Uroviricota;Caudoviricetes;;
k127_245980	680	No terminal repeats	NA	1	11	0.7631	NA	1	1.3467	Viruses;Duplodnaviria;Heunggongvirae;Uroviricota;Caudoviricetes;;
k127_144172	935	No terminal repeats	NA	2	11	0.7627	NA	1	2.6762	Viruses;Duplodnaviria;Heunggongvirae;Uroviricota;Caudoviricetes;;
k127_603943	426	No terminal repeats	NA	2	11	0.7602	NA	1	1.7183	Viruses;Duplodnaviria;Heunggongvirae;Uroviricota;Caudoviricetes;;
k127_587641	1446	No terminal repeats	NA	1	11	0.7602	NA	1	1.3159	Viruses;Duplodnaviria;Heunggongvirae;Uroviricota;Caudoviricetes;;
k127_547770	602	No terminal repeats	NA	1	11	0.7559	NA	1	1.6793	Viruses;Duplodnaviria;Heunggongvirae;Uroviricota;Caudoviricetes;;
k127_506927	2124	No terminal repeats	NA	2	11	0.7551	NA	1	1.7183	Viruses;Duplodnaviria;Heunggongvirae;Uroviricota;Caudoviricetes;;
k127_492073	445	No terminal repeats	NA	1	11	0.7532	NA	1	1.3988	Viruses;Duplodnaviria;Heunggongvirae;Uroviricota;Caudoviricetes;;
k127_80463	321	No terminal repeats	NA	1	11	0.7496	NA	1	1.3483	Unclassified
k127_537129	500	No terminal repeats	NA	1	11	0.7483	NA	1	1.7020	Viruses;Duplodnaviria;Heunggongvirae;Uroviricota;Caudoviricetes;;
k127_199948	644	No terminal repeats	NA	1	11	0.7479	NA	1	1.5536	Viruses;Duplodnaviria;Heunggongvirae;Uroviricota;Caudoviricetes;;
k127_82500	2064	No terminal repeats	NA	2	11	0.7476	NA	1	1.7183	Viruses;Riboviria;Orthornavirae;Lenarviricota;Amabiliviricetes;Wolframvirales;Narnaviridae
k127_1733	459	No terminal repeats	NA	2	11	0.7474	NA	1	1.2085	Viruses;Duplodnaviria;Heunggongvirae;Uroviricota;Caudoviricetes;;
k127_181244	547	No terminal repeats	NA	2	11	0.7471	NA	1	1.3562	Viruses;Duplodnaviria;Heunggongvirae;Uroviricota;Caudoviricetes;;
k127_340899	416	No terminal repeats	NA	1	11	0.7471	NA	1	1.7136	Viruses;Duplodnaviria;Heunggongvirae;Uroviricota;Caudoviricetes;;
k127_268218	722	No terminal repeats	NA	1	11	0.7454	NA	1	1.7183	Viruses;Duplodnaviria;Heunggongvirae;Uroviricota;Caudoviricetes;;
k127_120111	362	No terminal repeats	NA	2	11	0.7453	NA	1	1.7161	Viruses;Duplodnaviria;Heunggongvirae;Uroviricota;Caudoviricetes;;
k127_131186	303	No terminal repeats	NA	2	11	0.7437	NA	1	1.6857	Viruses;Duplodnaviria;Heunggongvirae;Uroviricota;Caudoviricetes;;
k127_515660	1102	No terminal repeats	NA	1	11	0.7437	NA	1	1.7183	Viruses;Duplodnaviria;Heunggongvirae;Uroviricota;Caudoviricetes;;
k127_431871	437	No terminal repeats	NA	1	11	0.7419	NA	1	1.3139	Viruses;Duplodnaviria;Heunggongvirae;Uroviricota;Caudoviricetes;;
k127_101935	984	No terminal repeats	NA	1	11	0.7419	NA	1	1.7183	Viruses;Duplodnaviria;Heunggongvirae;Uroviricota;Caudoviricetes;;
k127_439702	1429	No terminal repeats	NA	3	11	0.7404	NA	1	3.9895	Viruses;Duplodnaviria;Heunggongvirae;Uroviricota;Caudoviricetes;;
k127_326701	341	No terminal repeats	NA	1	11	0.7391	NA	1	1.6774	Viruses;Duplodnaviria;Heunggongvirae;Uroviricota;Caudoviricetes;;
k127_34084	804	No terminal repeats	NA	1	11	0.7386	NA	1	1.2064	Viruses;Duplodnaviria;Heunggongvirae;Uroviricota;Caudoviricetes;;
k127_94008	736	No terminal repeats	NA	1	11	0.7376	NA	1	1.6570	Viruses;Duplodnaviria;Heunggongvirae;Uroviricota;Caudoviricetes;;
k127_588729	1081	No terminal repeats	NA	1	11	0.7339	NA	1	1.7183	Viruses;Duplodnaviria;Heunggongvirae;Uroviricota;Caudoviricetes;;
k127_63209	2052	No terminal repeats	NA	2	11	0.7333	NA	1	3.1738	Viruses;Duplodnaviria;Heunggongvirae;Uroviricota;Caudoviricetes;;
k127_459450	478	No terminal repeats	NA	1	11	0.7323	NA	1	1.4387	Viruses;Duplodnaviria;Heunggongvirae;Uroviricota;Caudoviricetes;;
k127_364419	314	No terminal repeats	NA	1	11	0.7322	NA	1	1.6730	Viruses;Duplodnaviria;Heunggongvirae;Uroviricota;Caudoviricetes;;
k127_229743	1161	No terminal repeats	NA	1	11	0.7315	NA	1	1.6407	Viruses;Duplodnaviria;Heunggongvirae;Uroviricota;Caudoviricetes;;
k127_175353	596	No terminal repeats	NA	2	11	0.7298	NA	1	1.6570	Viruses;Duplodnaviria;Heunggongvirae;Uroviricota;Caudoviricetes;;
k127_526176	907	No terminal repeats	NA	2	11	0.7295	NA	1	1.7183	Viruses;Duplodnaviria;Heunggongvirae;Uroviricota;Caudoviricetes;;
k127_47025	302	No terminal repeats	NA	2	11	0.7279	NA	1	1.5983	Viruses;Duplodnaviria;Heunggongvirae;Uroviricota;Caudoviricetes;;
k127_64837	627	No terminal repeats	NA	2	11	0.7221	NA	1	1.7161	Viruses;Duplodnaviria;Heunggongvirae;Uroviricota;Caudoviricetes;;
k127_432397	815	No terminal repeats	NA	2	11	0.7221	NA	1	1.7161	Viruses;Duplodnaviria;Heunggongvirae;Uroviricota;Caudoviricetes;;
k127_178249	1207	No terminal repeats	NA	3	11	0.7209	NA	1	1.7183	Viruses;Duplodnaviria;Heunggongvirae;Uroviricota;Caudoviricetes;;
k127_477587	349	No terminal repeats	NA	1	11	0.7197	NA	1	1.2271	Viruses;Duplodnaviria;Heunggongvirae;Uroviricota;Caudoviricetes;;
k127_441211	349	No terminal repeats	NA	1	11	0.7186	NA	1	1.7066	Viruses;Duplodnaviria;Heunggongvirae;Uroviricota;Caudoviricetes;;
k127_482518	595	No terminal repeats	NA	2	11	0.7164	NA	1	1.3996	Viruses;Duplodnaviria;Heunggongvirae;Uroviricota;Caudoviricetes;;
k127_385949	522	No terminal repeats	NA	1	11	0.7161	NA	1	1.4242	Viruses;Duplodnaviria;Heunggongvirae;Uroviricota;Caudoviricetes;;
k127_30602	1431	No terminal repeats	NA	2	11	0.7153	NA	1	1.7183	Viruses;Duplodnaviria;Heunggongvirae;Uroviricota;Caudoviricetes;;
k127_147923	365	No terminal repeats	NA	1	11	0.7132	NA	1	1.4757	Viruses;Duplodnaviria;Heunggongvirae;Uroviricota;Caudoviricetes;;
k127_190643	794	No terminal repeats	NA	3	11	0.7123	NA	1	2.8668	Viruses;Duplodnaviria;Heunggongvirae;Uroviricota;Caudoviricetes;;
k127_573701	371	No terminal repeats	NA	1	11	0.7123	NA	1	1.3350	Viruses;Duplodnaviria;Heunggongvirae;Uroviricota;Caudoviricetes;;
k127_571684	621	No terminal repeats	NA	1	11	0.7116	NA	1	1.7183	Viruses;Duplodnaviria;Heunggongvirae;Uroviricota;Caudoviricetes;;
k127_270202	353	No terminal repeats	NA	1	11	0.7116	NA	1	1.6721	Unclassified
k127_87138	652	No terminal repeats	NA	2	11	0.7108	NA	1	1.3099	Viruses;Duplodnaviria;Heunggongvirae;Uroviricota;Caudoviricetes;;
k127_329	330	No terminal repeats	NA	1	11	0.7096	NA	1	1.7173	Viruses;Duplodnaviria;Heunggongvirae;Uroviricota;Caudoviricetes;;
k127_5467	301	No terminal repeats	NA	1	11	0.7086	NA	1	1.0419	Viruses;Duplodnaviria;Heunggongvirae;Uroviricota;Caudoviricetes;;
k127_415089	425	No terminal repeats	NA	1	11	0.7050	NA	1	1.3307	Viruses;Duplodnaviria;Heunggongvirae;Uroviricota;Caudoviricetes;;
k127_384775	884	No terminal repeats	NA	2	11	0.7047	NA	1	1.7161	Viruses;Duplodnaviria;Heunggongvirae;Uroviricota;Caudoviricetes;;
k127_244404	376	No terminal repeats	NA	1	11	0.7045	NA	1	1.3358	Viruses;Duplodnaviria;Heunggongvirae;Uroviricota;Caudoviricetes;;
k127_186373	1313	No terminal repeats	NA	2	11	0.7043	NA	1	1.7183	Viruses;Duplodnaviria;Heunggongvirae;Uroviricota;Caudoviricetes;;
k127_37475	1456	No terminal repeats	NA	1	11	0.7040	NA	1	1.2306	Viruses;Duplodnaviria;Heunggongvirae;Uroviricota;Caudoviricetes;;
k127_83666	490	No terminal repeats	NA	1	11	0.7039	NA	1	1.2306	Viruses;Duplodnaviria;Heunggongvirae;Uroviricota;Caudoviricetes;;
k127_418317	869	No terminal repeats	NA	1	11	0.7037	NA	1	1.6244	Unclassified
k127_12179	1968	No terminal repeats	NA	2	11	0.7032	NA	1	1.7183	Viruses;Riboviria;Orthornavirae;Pisuviricota;Duplopiviricetes;Durnavirales;Partitiviridae
k127_393218	859	No terminal repeats	NA	1	11	0.7027	NA	1	1.6538	Viruses;Duplodnaviria;Heunggongvirae;Uroviricota;Caudoviricetes;;
k127_498999	334	No terminal repeats	NA	1	11	0.7024	NA	1	1.6550	Viruses;Duplodnaviria;Heunggongvirae;Uroviricota;Caudoviricetes;;
k127_284382	303	No terminal repeats	NA	1	11	0.7011	NA	1	1.7173	Viruses;Duplodnaviria;Heunggongvirae;Uroviricota;Caudoviricetes;;
