seq_name	length	topology	coordinates	n_genes	genetic_code	virus_score	fdr	n_hallmarks	marker_enrichment	taxonomy
k127_469406	4638	No terminal repeats	NA	7	11	0.9814	NA	1	9.8663	Viruses;Duplodnaviria;Heunggongvirae;Uroviricota;Caudoviricetes;;
k127_572799	1821	No terminal repeats	NA	4	11	0.9800	NA	2	5.1548	Viruses;Duplodnaviria;Heunggongvirae;Uroviricota;Caudoviricetes;;
k127_297616	3221	No terminal repeats	NA	5	11	0.9797	NA	0	6.4297	Viruses;Duplodnaviria;Heunggongvirae;Uroviricota;Caudoviricetes;;
k127_330521	5544	No terminal repeats	NA	6	11	0.9753	NA	0	4.3830	Viruses;Duplodnaviria;Heunggongvirae;Uroviricota;Caudoviricetes;;
k127_483456	4019	No terminal repeats	NA	4	11	0.9753	NA	2	3.4366	Viruses;Duplodnaviria;Heunggongvirae;Uroviricota;Caudoviricetes;;
k127_195951	3034	No terminal repeats	NA	6	11	0.9742	NA	0	5.1548	Viruses;Duplodnaviria;Heunggongvirae;Uroviricota;Caudoviricetes;;
k127_278658	1326	No terminal repeats	NA	1	11	0.9738	NA	1	1.7183	Viruses;Duplodnaviria;Heunggongvirae;Uroviricota;Caudoviricetes;;
k127_83551	4002	No terminal repeats	NA	10	11	0.9732	NA	1	9.7626	Viruses;Duplodnaviria;Heunggongvirae;Uroviricota;Caudoviricetes;;
k127_447306	1371	No terminal repeats	NA	4	11	0.9729	NA	1	6.8731	Viruses;Duplodnaviria;Heunggongvirae;Uroviricota;Caudoviricetes;;
k127_185550	753	No terminal repeats	NA	1	11	0.9719	NA	1	1.7183	Viruses;Duplodnaviria;Heunggongvirae;Uroviricota;Caudoviricetes;;
k127_192761	1304	No terminal repeats	NA	3	11	0.9708	NA	1	5.1548	Viruses;Duplodnaviria;Heunggongvirae;Uroviricota;Caudoviricetes;;
k127_340356	5930	No terminal repeats	NA	7	11	0.9702	NA	1	11.2985	Viruses;Duplodnaviria;Heunggongvirae;Uroviricota;Caudoviricetes;;
k127_531171	325	No terminal repeats	NA	1	11	0.9666	NA	1	1.7183	Viruses;Duplodnaviria;Heunggongvirae;Uroviricota;Caudoviricetes;;
k127_238102	351	No terminal repeats	NA	1	11	0.9654	NA	1	1.4698	Viruses;Duplodnaviria;Heunggongvirae;Uroviricota;Caudoviricetes;;
k127_25058	2801	No terminal repeats	NA	3	11	0.9653	NA	1	3.1414	Viruses;Duplodnaviria;Heunggongvirae;Uroviricota;Caudoviricetes;;
k127_557980	337	No terminal repeats	NA	1	11	0.9647	NA	1	1.7183	Viruses;Duplodnaviria;Heunggongvirae;Uroviricota;Caudoviricetes;;
k127_75975	1543	No terminal repeats	NA	3	11	0.9644	NA	1	5.1548	Viruses;Duplodnaviria;Heunggongvirae;Uroviricota;Caudoviricetes;;
k127_597384	2327	No terminal repeats	NA	2	11	0.9636	NA	2	3.4366	Viruses;Duplodnaviria;Heunggongvirae;Uroviricota;Caudoviricetes;;
k127_31351	426	No terminal repeats	NA	1	11	0.9635	NA	1	1.7183	Viruses;Duplodnaviria;Heunggongvirae;Uroviricota;Caudoviricetes;;
k127_457760	616	No terminal repeats	NA	1	11	0.9632	NA	1	1.7183	Viruses;Duplodnaviria;Heunggongvirae;Uroviricota;Caudoviricetes;;
k127_611464	347	No terminal repeats	NA	1	11	0.9631	NA	1	1.7183	Viruses;Duplodnaviria;Heunggongvirae;Uroviricota;Caudoviricetes;;
k127_145327	636	No terminal repeats	NA	1	11	0.9627	NA	1	1.7183	Viruses;Duplodnaviria;Heunggongvirae;Uroviricota;Caudoviricetes;;
k127_432213	343	No terminal repeats	NA	1	11	0.9625	NA	1	1.7183	Viruses;Duplodnaviria;Heunggongvirae;Uroviricota;Caudoviricetes;;
k127_385897	305	No terminal repeats	NA	1	11	0.9621	NA	1	1.7183	Viruses;Duplodnaviria;Heunggongvirae;Uroviricota;Caudoviricetes;;
k127_353537	424	No terminal repeats	NA	1	11	0.9620	NA	1	1.7183	Viruses;Duplodnaviria;Heunggongvirae;Uroviricota;Caudoviricetes;;
k127_442487	354	No terminal repeats	NA	1	11	0.9614	NA	1	1.7183	Viruses;Duplodnaviria;Heunggongvirae;Uroviricota;Caudoviricetes;;
k127_416013	451	No terminal repeats	NA	1	11	0.9612	NA	1	1.7183	Viruses;Duplodnaviria;Heunggongvirae;Uroviricota;Caudoviricetes;;
k127_52060	608	No terminal repeats	NA	1	11	0.9608	NA	1	1.7183	Unclassified
k127_372471	532	No terminal repeats	NA	1	11	0.9605	NA	1	1.7183	Viruses;Duplodnaviria;Heunggongvirae;Uroviricota;Caudoviricetes;;
k127_141927	3525	No terminal repeats	NA	6	11	0.9604	NA	0	6.8731	Viruses;Duplodnaviria;Heunggongvirae;Uroviricota;Caudoviricetes;;
k127_411151	313	No terminal repeats	NA	1	11	0.9598	NA	1	1.7183	Viruses;Duplodnaviria;Heunggongvirae;Uroviricota;Caudoviricetes;;
k127_247704	354	No terminal repeats	NA	1	11	0.9597	NA	1	1.7183	Viruses;Duplodnaviria;Heunggongvirae;Uroviricota;Caudoviricetes;;
k127_484486	330	No terminal repeats	NA	1	11	0.9596	NA	1	1.7183	Unclassified
k127_43466	402	No terminal repeats	NA	1	11	0.9585	NA	1	1.7183	Viruses;Duplodnaviria;Heunggongvirae;Uroviricota;Caudoviricetes;;
k127_156234	331	No terminal repeats	NA	1	11	0.9579	NA	1	1.7183	Viruses;Duplodnaviria;Heunggongvirae;Uroviricota;Caudoviricetes;;
k127_319116	322	No terminal repeats	NA	1	11	0.9571	NA	1	1.7183	Viruses;Duplodnaviria;Heunggongvirae;Uroviricota;Caudoviricetes;;
k127_71072	315	No terminal repeats	NA	1	11	0.9570	NA	1	1.4493	Viruses;Duplodnaviria;Heunggongvirae;Uroviricota;Caudoviricetes;;
k127_138002	2765	No terminal repeats	NA	2	11	0.9562	NA	0	3.1960	Viruses;Duplodnaviria;Heunggongvirae;Uroviricota;Caudoviricetes;;
k127_409514	390	No terminal repeats	NA	1	11	0.9559	NA	1	1.7183	Viruses;Duplodnaviria;Heunggongvirae;Uroviricota;Caudoviricetes;;
k127_396189	375	No terminal repeats	NA	1	11	0.9555	NA	1	1.4595	Viruses;Duplodnaviria;Heunggongvirae;Uroviricota;Caudoviricetes;;
k127_553503	363	No terminal repeats	NA	2	11	0.9554	NA	1	1.7183	Viruses;Duplodnaviria;Heunggongvirae;Uroviricota;Caudoviricetes;;Herelleviridae
k127_291377	369	No terminal repeats	NA	1	11	0.9553	NA	1	1.7183	Viruses;Duplodnaviria;Heunggongvirae;Uroviricota;Caudoviricetes;;
k127_605239	330	No terminal repeats	NA	1	11	0.9553	NA	1	1.7183	Viruses;Duplodnaviria;Heunggongvirae;Uroviricota;Caudoviricetes;;
k127_240466	400	No terminal repeats	NA	1	11	0.9551	NA	1	1.7183	Viruses;Duplodnaviria;Heunggongvirae;Uroviricota;Caudoviricetes;;
k127_507012	727	No terminal repeats	NA	1	11	0.9551	NA	1	1.7183	Viruses;Duplodnaviria;Heunggongvirae;Uroviricota;Caudoviricetes;;
k127_277051	640	No terminal repeats	NA	1	11	0.9549	NA	1	1.7183	Viruses;Duplodnaviria;Heunggongvirae;Uroviricota;Caudoviricetes;;
k127_348217	365	No terminal repeats	NA	1	11	0.9542	NA	1	1.7183	Viruses;Duplodnaviria;Heunggongvirae;Uroviricota;Caudoviricetes;;
k127_188051	561	No terminal repeats	NA	1	11	0.9539	NA	1	1.7183	Viruses;Duplodnaviria;Heunggongvirae;Uroviricota;Caudoviricetes;;
k127_514439	397	No terminal repeats	NA	1	11	0.9539	NA	1	1.4840	Unclassified
k127_2617	307	No terminal repeats	NA	1	11	0.9533	NA	1	1.5240	Viruses;Duplodnaviria;Heunggongvirae;Uroviricota;Caudoviricetes;;
k127_578037	310	No terminal repeats	NA	1	11	0.9527	NA	1	1.4595	Viruses;Duplodnaviria;Heunggongvirae;Uroviricota;Caudoviricetes;;
k127_646672	360	No terminal repeats	NA	1	11	0.9526	NA	1	1.7183	Viruses;Duplodnaviria;Heunggongvirae;Uroviricota;Caudoviricetes;;
k127_578825	504	No terminal repeats	NA	1	11	0.9525	NA	1	1.7183	Viruses;Duplodnaviria;Heunggongvirae;Uroviricota;Caudoviricetes;;
k127_201559	1678	No terminal repeats	NA	2	11	0.9524	NA	1	1.7183	Viruses;Duplodnaviria;Heunggongvirae;Uroviricota;Caudoviricetes;;
k127_84632	440	No terminal repeats	NA	2	11	0.9516	NA	2	2.8083	Viruses;Duplodnaviria;Heunggongvirae;Uroviricota;Caudoviricetes;;
k127_268382	335	No terminal repeats	NA	1	11	0.9513	NA	1	1.7183	Viruses;Duplodnaviria;Heunggongvirae;Uroviricota;Caudoviricetes;;Drexlerviridae
k127_462269	1736	No terminal repeats	NA	3	11	0.9511	NA	2	4.8474	Viruses;Duplodnaviria;Heunggongvirae;Uroviricota;Caudoviricetes;;
k127_175627	608	No terminal repeats	NA	1	11	0.9507	NA	1	1.5007	Viruses;Duplodnaviria;Heunggongvirae;Uroviricota;Caudoviricetes;;
k127_634438	3280	No terminal repeats	NA	3	11	0.9505	NA	0	3.4366	Viruses;Duplodnaviria;Heunggongvirae;Uroviricota;Caudoviricetes;;
k127_262879	315	No terminal repeats	NA	1	11	0.9504	NA	1	1.5134	Viruses;Duplodnaviria;Heunggongvirae;Uroviricota;Caudoviricetes;;
k127_300593	339	No terminal repeats	NA	1	11	0.9502	NA	1	1.6175	Viruses;Duplodnaviria;Heunggongvirae;Uroviricota;Caudoviricetes;;
k127_422381	488	No terminal repeats	NA	2	11	0.9501	NA	1	1.7183	Viruses;Duplodnaviria;Heunggongvirae;Uroviricota;Caudoviricetes;;
k127_268297	337	No terminal repeats	NA	1	11	0.9501	NA	1	1.4595	Viruses;Duplodnaviria;Heunggongvirae;Uroviricota;Caudoviricetes;;
k127_320765	740	No terminal repeats	NA	1	11	0.9501	NA	1	1.7183	Viruses;Duplodnaviria;Heunggongvirae;Uroviricota;Caudoviricetes;;
k127_609381	472	No terminal repeats	NA	1	11	0.9495	NA	1	1.7183	Viruses;Duplodnaviria;Heunggongvirae;Uroviricota;Caudoviricetes;;
k127_454613	328	No terminal repeats	NA	1	11	0.9493	NA	1	1.7183	Viruses;Duplodnaviria;Heunggongvirae;Uroviricota;Caudoviricetes;;
k127_213843	303	No terminal repeats	NA	1	11	0.9491	NA	1	1.7183	Viruses;Duplodnaviria;Heunggongvirae;Uroviricota;Caudoviricetes;;
k127_120025	603	No terminal repeats	NA	1	11	0.9490	NA	1	1.7183	Viruses;Duplodnaviria;Heunggongvirae;Uroviricota;Caudoviricetes;;
k127_496935	2052	No terminal repeats	NA	5	11	0.9488	NA	3	6.2898	Viruses;Duplodnaviria;Heunggongvirae;Uroviricota;Caudoviricetes;;
k127_254152	375	No terminal repeats	NA	1	11	0.9488	NA	1	1.5750	Viruses;Duplodnaviria;Heunggongvirae;Uroviricota;Caudoviricetes;;
k127_521327	605	No terminal repeats	NA	2	11	0.9483	NA	1	3.2033	Viruses;Duplodnaviria;Heunggongvirae;Uroviricota;Caudoviricetes;;
k127_205926	3058	No terminal repeats	NA	2	11	0.9482	NA	1	1.7183	Viruses;Riboviria;Orthornavirae;Pisuviricota;Duplopiviricetes;Durnavirales;Partitiviridae
k127_205522	330	No terminal repeats	NA	1	11	0.9481	NA	1	1.7183	Viruses;Duplodnaviria;Heunggongvirae;Uroviricota;Caudoviricetes;;
k127_127496	459	No terminal repeats	NA	1	11	0.9478	NA	1	1.4698	Viruses;Duplodnaviria;Heunggongvirae;Uroviricota;Caudoviricetes;;
k127_161166	6608	No terminal repeats	NA	13	11	0.9478	NA	1	8.0580	Viruses;Duplodnaviria;Heunggongvirae;Uroviricota;Caudoviricetes;;
k127_586992	985	No terminal repeats	NA	2	11	0.9475	NA	2	3.4366	Viruses;Duplodnaviria;Heunggongvirae;Uroviricota;Caudoviricetes;;
k127_121103	330	No terminal repeats	NA	1	11	0.9473	NA	1	1.7183	Viruses;Duplodnaviria;Heunggongvirae;Uroviricota;Caudoviricetes;;
k127_418428	505	No terminal repeats	NA	1	11	0.9472	NA	1	1.7183	Viruses;Duplodnaviria;Heunggongvirae;Uroviricota;Caudoviricetes;;
k127_184269	312	No terminal repeats	NA	1	11	0.9466	NA	1	1.7183	Viruses;Duplodnaviria;Heunggongvirae;Uroviricota;Caudoviricetes;;
k127_332566	307	No terminal repeats	NA	1	11	0.9466	NA	1	1.7183	Viruses;Duplodnaviria;Heunggongvirae;Uroviricota;Caudoviricetes;;
k127_323859	352	No terminal repeats	NA	1	11	0.9454	NA	1	1.4595	Viruses;Duplodnaviria;Heunggongvirae;Uroviricota;Caudoviricetes;;
k127_484671	2524	No terminal repeats	NA	6	11	0.9453	NA	0	3.4366	Viruses;Duplodnaviria;Heunggongvirae;Uroviricota;Caudoviricetes;;
k127_419977	431	No terminal repeats	NA	1	11	0.9447	NA	1	1.7183	Viruses;Duplodnaviria;Heunggongvirae;Uroviricota;Caudoviricetes;;
k127_361371	336	No terminal repeats	NA	1	11	0.9447	NA	1	1.4698	Viruses;Duplodnaviria;Heunggongvirae;Uroviricota;Caudoviricetes;;
k127_388391	934	No terminal repeats	NA	1	11	0.9446	NA	1	1.7183	Viruses;Duplodnaviria;Heunggongvirae;Uroviricota;Caudoviricetes;;
k127_228484	994	No terminal repeats	NA	2	11	0.9437	NA	1	1.7183	Viruses;Duplodnaviria;Heunggongvirae;Uroviricota;Caudoviricetes;;
k127_92134	317	No terminal repeats	NA	1	11	0.9436	NA	1	1.7183	Viruses;Duplodnaviria;Heunggongvirae;Uroviricota;Caudoviricetes;;
k127_127991	503	No terminal repeats	NA	1	11	0.9431	NA	1	1.7183	Viruses;Duplodnaviria;Heunggongvirae;Uroviricota;Caudoviricetes;;
k127_475678	479	No terminal repeats	NA	1	11	0.9428	NA	1	1.7183	Unclassified
k127_297160	382	No terminal repeats	NA	1	11	0.9427	NA	1	1.7183	Viruses;Duplodnaviria;Heunggongvirae;Uroviricota;Caudoviricetes;;
k127_603274	486	No terminal repeats	NA	1	11	0.9427	NA	1	1.7183	Viruses;Duplodnaviria;Heunggongvirae;Uroviricota;Caudoviricetes;;
k127_478096	348	No terminal repeats	NA	1	11	0.9424	NA	1	1.7183	Viruses;Duplodnaviria;Heunggongvirae;Uroviricota;Caudoviricetes;;
k127_419335	826	No terminal repeats	NA	1	11	0.9418	NA	1	1.7183	Viruses;Duplodnaviria;Heunggongvirae;Uroviricota;Caudoviricetes;;
k127_494485	593	No terminal repeats	NA	2	11	0.9413	NA	1	3.4366	Viruses;Duplodnaviria;Heunggongvirae;Uroviricota;Caudoviricetes;;
k127_607031	649	No terminal repeats	NA	1	11	0.9406	NA	1	1.5971	Viruses;Duplodnaviria;Heunggongvirae;Uroviricota;Caudoviricetes;;
k127_207617	564	No terminal repeats	NA	1	11	0.9404	NA	1	1.7183	Viruses;Duplodnaviria;Heunggongvirae;Uroviricota;Caudoviricetes;;
k127_325978	690	No terminal repeats	NA	2	11	0.9399	NA	1	3.4366	Viruses;Duplodnaviria;Heunggongvirae;Uroviricota;Caudoviricetes;;
k127_136672	529	No terminal repeats	NA	1	11	0.9395	NA	1	1.7183	Viruses;Duplodnaviria;Heunggongvirae;Uroviricota;Caudoviricetes;;
k127_356727	341	No terminal repeats	NA	1	11	0.9392	NA	1	1.7183	Viruses;Duplodnaviria;Heunggongvirae;Uroviricota;Caudoviricetes;;
k127_243737	356	No terminal repeats	NA	1	11	0.9391	NA	1	1.4595	Viruses;Duplodnaviria;Heunggongvirae;Uroviricota;Caudoviricetes;;
k127_567427	2837	No terminal repeats	NA	7	11	0.9390	NA	0	3.0469	Viruses;Duplodnaviria;Heunggongvirae;Uroviricota;Caudoviricetes;;
k127_308728	1001	No terminal repeats	NA	2	11	0.9390	NA	1	3.0620	Viruses;Duplodnaviria;Heunggongvirae;Uroviricota;Caudoviricetes;;
k127_246365	1278	No terminal repeats	NA	3	11	0.9386	NA	2	4.2997	Viruses;Duplodnaviria;Heunggongvirae;Uroviricota;Caudoviricetes;;
k127_14356	782	No terminal repeats	NA	1	11	0.9383	NA	1	1.7183	Viruses;Duplodnaviria;Heunggongvirae;Uroviricota;Caudoviricetes;;
k127_611283	312	No terminal repeats	NA	1	11	0.9380	NA	1	1.7183	Viruses;Duplodnaviria;Heunggongvirae;Uroviricota;Caudoviricetes;;
k127_300549	304	No terminal repeats	NA	1	11	0.9375	NA	1	1.7183	Viruses;Duplodnaviria;Heunggongvirae;Uroviricota;Caudoviricetes;;
k127_153207	476	No terminal repeats	NA	1	11	0.9373	NA	1	1.7183	Viruses;Duplodnaviria;Heunggongvirae;Uroviricota;Caudoviricetes;;
k127_365003	324	No terminal repeats	NA	1	11	0.9372	NA	1	1.7183	Viruses;Duplodnaviria;Heunggongvirae;Uroviricota;Caudoviricetes;;
k127_192994	323	No terminal repeats	NA	1	11	0.9370	NA	1	1.7183	Viruses;Duplodnaviria;Heunggongvirae;Uroviricota;Caudoviricetes;;
k127_560728	544	No terminal repeats	NA	1	11	0.9369	NA	1	1.7183	Unclassified
k127_427096	566	No terminal repeats	NA	1	11	0.9363	NA	1	1.4595	Viruses;Duplodnaviria;Heunggongvirae;Uroviricota;Caudoviricetes;;
k127_605337	341	No terminal repeats	NA	1	11	0.9358	NA	1	1.4756	Viruses;Duplodnaviria;Heunggongvirae;Uroviricota;Caudoviricetes;;
k127_331843	552	No terminal repeats	NA	1	11	0.9349	NA	1	1.2632	Viruses;Duplodnaviria;Heunggongvirae;Uroviricota;Caudoviricetes;;
k127_90363	399	No terminal repeats	NA	1	11	0.9348	NA	1	1.7183	Viruses;Duplodnaviria;Heunggongvirae;Uroviricota;Caudoviricetes;;
k127_314203	327	No terminal repeats	NA	1	11	0.9334	NA	1	1.7183	Viruses;Duplodnaviria;Heunggongvirae;Uroviricota;Caudoviricetes;;
k127_355954	1196	No terminal repeats	NA	2	11	0.9332	NA	1	2.3138	Viruses;Duplodnaviria;Heunggongvirae;Uroviricota;Caudoviricetes;;
k127_261844	470	No terminal repeats	NA	1	11	0.9332	NA	1	1.7183	Viruses;Duplodnaviria;Heunggongvirae;Uroviricota;Caudoviricetes;;
k127_42426	351	No terminal repeats	NA	1	11	0.9328	NA	1	1.4464	Viruses;Duplodnaviria;Heunggongvirae;Uroviricota;Caudoviricetes;;
k127_178178	314	No terminal repeats	NA	1	11	0.9323	NA	1	1.4764	Viruses;Duplodnaviria;Heunggongvirae;Uroviricota;Caudoviricetes;;
k127_183106	361	No terminal repeats	NA	1	11	0.9323	NA	1	1.7183	Viruses;Duplodnaviria;Heunggongvirae;Uroviricota;Caudoviricetes;;
k127_440948	632	No terminal repeats	NA	1	11	0.9323	NA	1	1.5293	Viruses;Duplodnaviria;Heunggongvirae;Uroviricota;Caudoviricetes;;
k127_349883	430	No terminal repeats	NA	1	11	0.9322	NA	1	1.7183	Viruses;Duplodnaviria;Heunggongvirae;Uroviricota;Caudoviricetes;;
k127_195985	350	No terminal repeats	NA	1	11	0.9321	NA	1	1.7183	Viruses;Duplodnaviria;Heunggongvirae;Uroviricota;Caudoviricetes;;
k127_452324	307	No terminal repeats	NA	1	11	0.9311	NA	1	1.7183	Viruses;Duplodnaviria;Heunggongvirae;Uroviricota;Caudoviricetes;;
k127_620198	382	No terminal repeats	NA	1	11	0.9304	NA	1	1.6317	Viruses;Duplodnaviria;Heunggongvirae;Uroviricota;Caudoviricetes;;
k127_368271	319	No terminal repeats	NA	1	11	0.9302	NA	1	1.7183	Viruses;Duplodnaviria;Heunggongvirae;Uroviricota;Caudoviricetes;;
k127_346405	418	No terminal repeats	NA	1	11	0.9297	NA	1	1.4749	Viruses;Duplodnaviria;Heunggongvirae;Uroviricota;Caudoviricetes;;
k127_643839	484	No terminal repeats	NA	1	11	0.9294	NA	1	1.7172	Viruses;Duplodnaviria;Heunggongvirae;Uroviricota;Caudoviricetes;;
k127_474189	491	No terminal repeats	NA	2	11	0.9290	NA	1	1.7183	Viruses;Duplodnaviria;Heunggongvirae;Uroviricota;Caudoviricetes;;
k127_455314	520	No terminal repeats	NA	2	11	0.9283	NA	1	1.7183	Viruses;Duplodnaviria;Heunggongvirae;Uroviricota;Caudoviricetes;;Herelleviridae
k127_362909	431	No terminal repeats	NA	1	11	0.9282	NA	1	1.7183	Viruses;Duplodnaviria;Heunggongvirae;Uroviricota;Caudoviricetes;;Drexlerviridae
k127_254296	918	No terminal repeats	NA	1	11	0.9281	NA	1	1.7183	Viruses;Duplodnaviria;Heunggongvirae;Uroviricota;Caudoviricetes;;
k127_414752	559	No terminal repeats	NA	1	11	0.9272	NA	1	1.7183	Viruses;Duplodnaviria;Heunggongvirae;Uroviricota;Caudoviricetes;;
k127_170783	397	No terminal repeats	NA	2	11	0.9270	NA	1	1.7183	Viruses;Duplodnaviria;Heunggongvirae;Uroviricota;Caudoviricetes;;
k127_362006	348	No terminal repeats	NA	1	11	0.9268	NA	1	1.7183	Viruses;Duplodnaviria;Heunggongvirae;Uroviricota;Caudoviricetes;;
k127_138513	365	No terminal repeats	NA	1	11	0.9267	NA	1	1.5818	Unclassified
k127_363001	434	No terminal repeats	NA	1	11	0.9260	NA	1	1.7183	Viruses;Duplodnaviria;Heunggongvirae;Uroviricota;Caudoviricetes;;
k127_616374	464	No terminal repeats	NA	2	11	0.9258	NA	1	1.7183	Viruses;Duplodnaviria;Heunggongvirae;Uroviricota;Caudoviricetes;;
k127_634337	470	No terminal repeats	NA	2	11	0.9252	NA	1	1.7183	Viruses;Duplodnaviria;Heunggongvirae;Uroviricota;Caudoviricetes;;
k127_658236	895	No terminal repeats	NA	3	11	0.9251	NA	1	3.1332	Viruses;Duplodnaviria;Heunggongvirae;Uroviricota;Caudoviricetes;;Herelleviridae
k127_274089	309	No terminal repeats	NA	1	11	0.9247	NA	1	1.4764	Viruses;Duplodnaviria;Heunggongvirae;Uroviricota;Caudoviricetes;;
k127_123208	601	No terminal repeats	NA	2	11	0.9247	NA	2	2.5916	Viruses;Duplodnaviria;Heunggongvirae;Uroviricota;Caudoviricetes;;
k127_351515	301	No terminal repeats	NA	1	11	0.9245	NA	1	1.7183	Viruses;Duplodnaviria;Heunggongvirae;Uroviricota;Caudoviricetes;;
k127_34450	316	No terminal repeats	NA	1	11	0.9238	NA	1	1.2884	Viruses;Duplodnaviria;Heunggongvirae;Uroviricota;Caudoviricetes;;
k127_295511	694	No terminal repeats	NA	2	11	0.9238	NA	1	1.7183	Viruses;Duplodnaviria;Heunggongvirae;Uroviricota;Caudoviricetes;;
k127_520724	306	No terminal repeats	NA	1	11	0.9235	NA	1	1.4764	Viruses;Duplodnaviria;Heunggongvirae;Uroviricota;Caudoviricetes;;
k127_89329	323	No terminal repeats	NA	2	11	0.9234	NA	1	1.3867	Viruses;Duplodnaviria;Heunggongvirae;Uroviricota;Caudoviricetes;;
k127_348592	377	No terminal repeats	NA	1	11	0.9234	NA	1	1.7183	Viruses;Duplodnaviria;Heunggongvirae;Uroviricota;Caudoviricetes;;Drexlerviridae
k127_419644	1146	No terminal repeats	NA	3	11	0.9234	NA	1	3.1803	Viruses;Duplodnaviria;Heunggongvirae;Uroviricota;Caudoviricetes;;
k127_126833	471	No terminal repeats	NA	1	11	0.9232	NA	1	1.7183	Viruses;Duplodnaviria;Heunggongvirae;Uroviricota;Caudoviricetes;;
k127_386831	334	No terminal repeats	NA	1	11	0.9230	NA	1	1.4491	Viruses;Duplodnaviria;Heunggongvirae;Uroviricota;Caudoviricetes;;
k127_16198	320	No terminal repeats	NA	1	11	0.9225	NA	1	1.4840	Unclassified
k127_224911	645	No terminal repeats	NA	2	11	0.9224	NA	1	2.8571	Viruses;Duplodnaviria;Heunggongvirae;Uroviricota;Caudoviricetes;;
k127_644393	440	No terminal repeats	NA	2	11	0.9224	NA	1	1.7183	Unclassified
k127_156186	406	No terminal repeats	NA	1	11	0.9223	NA	1	1.7183	Viruses;Duplodnaviria;Heunggongvirae;Uroviricota;Caudoviricetes;;
k127_212582	459	No terminal repeats	NA	1	11	0.9220	NA	1	1.7183	Viruses;Duplodnaviria;Heunggongvirae;Uroviricota;Caudoviricetes;;
k127_355712	532	No terminal repeats	NA	1	11	0.9218	NA	1	1.4119	Viruses;Duplodnaviria;Heunggongvirae;Uroviricota;Caudoviricetes;;
k127_589472	649	No terminal repeats	NA	1	11	0.9218	NA	1	1.7183	Viruses;Duplodnaviria;Heunggongvirae;Uroviricota;Caudoviricetes;;
k127_574473	370	No terminal repeats	NA	1	11	0.9215	NA	1	1.7183	Viruses;Duplodnaviria;Heunggongvirae;Uroviricota;Caudoviricetes;;
k127_287276	461	No terminal repeats	NA	1	11	0.9210	NA	1	1.6317	Viruses;Duplodnaviria;Heunggongvirae;Uroviricota;Caudoviricetes;;
k127_56320	324	No terminal repeats	NA	1	11	0.9208	NA	1	1.3345	Viruses;Duplodnaviria;Heunggongvirae;Uroviricota;Caudoviricetes;;
k127_610275	346	No terminal repeats	NA	1	11	0.9208	NA	1	1.7183	Viruses;Duplodnaviria;Heunggongvirae;Uroviricota;Caudoviricetes;;
k127_416772	458	No terminal repeats	NA	1	11	0.9205	NA	1	1.7183	Viruses;Duplodnaviria;Heunggongvirae;Uroviricota;Caudoviricetes;;
k127_337279	461	No terminal repeats	NA	1	11	0.9198	NA	1	1.7183	Viruses;Duplodnaviria;Heunggongvirae;Uroviricota;Caudoviricetes;;
k127_514435	515	No terminal repeats	NA	1	11	0.9195	NA	1	1.4840	Unclassified
k127_450205	3658	No terminal repeats	NA	4	11	0.9195	NA	0	1.4750	Viruses;Duplodnaviria;Heunggongvirae;Uroviricota;Caudoviricetes;;
k127_609415	1278	No terminal repeats	NA	2	11	0.9191	NA	1	1.5240	Viruses;Duplodnaviria;Heunggongvirae;Uroviricota;Caudoviricetes;;
k127_7294	927	No terminal repeats	NA	1	11	0.9186	NA	1	1.4595	Viruses;Duplodnaviria;Heunggongvirae;Uroviricota;Caudoviricetes;;
k127_507667	812	No terminal repeats	NA	1	11	0.9184	NA	1	1.3420	Viruses;Duplodnaviria;Heunggongvirae;Uroviricota;Caudoviricetes;;
k127_273979	326	No terminal repeats	NA	1	11	0.9181	NA	1	1.4925	Viruses;Duplodnaviria;Heunggongvirae;Uroviricota;Caudoviricetes;;
k127_247768	695	No terminal repeats	NA	1	11	0.9178	NA	1	1.7183	Unclassified
k127_138877	433	No terminal repeats	NA	1	11	0.9168	NA	1	1.7183	Unclassified
k127_326963	284	No terminal repeats	NA	1	11	0.9166	NA	1	1.4764	Viruses;Duplodnaviria;Heunggongvirae;Uroviricota;Caudoviricetes;;
k127_138840	373	No terminal repeats	NA	1	11	0.9160	NA	1	1.3867	Viruses;Duplodnaviria;Heunggongvirae;Uroviricota;Caudoviricetes;;
k127_561828	743	No terminal repeats	NA	1	11	0.9149	NA	1	1.7183	Viruses;Duplodnaviria;Heunggongvirae;Uroviricota;Caudoviricetes;;
k127_367987	437	No terminal repeats	NA	2	11	0.9145	NA	1	1.7183	Viruses;Duplodnaviria;Heunggongvirae;Uroviricota;Caudoviricetes;;
k127_330558	626	No terminal repeats	NA	2	11	0.9141	NA	2	3.4366	Viruses;Duplodnaviria;Heunggongvirae;Uroviricota;Caudoviricetes;;
k127_386185	324	No terminal repeats	NA	1	11	0.9132	NA	1	1.7183	Unclassified
k127_357537	303	No terminal repeats	NA	1	11	0.9131	NA	1	1.3663	Viruses;Duplodnaviria;Heunggongvirae;Uroviricota;Caudoviricetes;;
k127_57481	812	No terminal repeats	NA	1	11	0.9129	NA	1	1.7183	Viruses;Duplodnaviria;Heunggongvirae;Uroviricota;Caudoviricetes;;
k127_114898	454	No terminal repeats	NA	1	11	0.9125	NA	1	1.7183	Viruses;Duplodnaviria;Heunggongvirae;Uroviricota;Caudoviricetes;;
k127_500586	331	No terminal repeats	NA	1	11	0.9119	NA	1	1.3476	Viruses;Duplodnaviria;Heunggongvirae;Uroviricota;Caudoviricetes;;
k127_439917	355	No terminal repeats	NA	1	11	0.9116	NA	1	1.7183	Viruses;Duplodnaviria;Heunggongvirae;Uroviricota;Caudoviricetes;;
k127_224628	396	No terminal repeats	NA	1	11	0.9112	NA	1	1.3050	Viruses;Duplodnaviria;Heunggongvirae;Uroviricota;Caudoviricetes;;
k127_294194	313	No terminal repeats	NA	1	11	0.9109	NA	1	1.7183	Viruses;Duplodnaviria;Heunggongvirae;Uroviricota;Caudoviricetes;;
k127_61736	437	No terminal repeats	NA	1	11	0.9107	NA	1	1.4119	Viruses;Duplodnaviria;Heunggongvirae;Uroviricota;Caudoviricetes;;
k127_415797	410	No terminal repeats	NA	2	11	0.9103	NA	1	1.4595	Viruses;Duplodnaviria;Heunggongvirae;Uroviricota;Caudoviricetes;;
k127_510257	334	No terminal repeats	NA	1	11	0.9099	NA	1	1.4880	Viruses;Duplodnaviria;Heunggongvirae;Uroviricota;Caudoviricetes;;
k127_145632	303	No terminal repeats	NA	2	11	0.9096	NA	2	3.1247	Unclassified
k127_103489	437	No terminal repeats	NA	1	11	0.9093	NA	1	1.7183	Viruses;Duplodnaviria;Heunggongvirae;Uroviricota;Caudoviricetes;;
k127_227056	431	No terminal repeats	NA	1	11	0.9092	NA	1	1.7183	Viruses;Duplodnaviria;Heunggongvirae;Uroviricota;Caudoviricetes;;
k127_543870	342	No terminal repeats	NA	1	11	0.9091	NA	1	1.4464	Viruses;Duplodnaviria;Heunggongvirae;Uroviricota;Caudoviricetes;;
k127_537589	354	No terminal repeats	NA	1	11	0.9091	NA	1	1.7183	Viruses;Duplodnaviria;Heunggongvirae;Uroviricota;Caudoviricetes;;
k127_508921	1878	No terminal repeats	NA	1	11	0.9091	NA	1	1.7183	Viruses;Riboviria;Orthornavirae;Kitrinoviricota;Magsaviricetes;Nodamuvirales;Nodaviridae
k127_409572	350	No terminal repeats	NA	1	11	0.9091	NA	1	1.1097	Viruses;Duplodnaviria;Heunggongvirae;Uroviricota;Caudoviricetes;;
k127_441020	495	No terminal repeats	NA	1	11	0.9091	NA	1	1.7183	Viruses;Duplodnaviria;Heunggongvirae;Uroviricota;Caudoviricetes;;
k127_204205	940	No terminal repeats	NA	2	11	0.9078	NA	2	2.8209	Viruses;Duplodnaviria;Heunggongvirae;Uroviricota;Caudoviricetes;;
k127_402277	511	No terminal repeats	NA	1	11	0.9076	NA	1	1.2306	Viruses;Duplodnaviria;Heunggongvirae;Uroviricota;Caudoviricetes;;
k127_341458	1551	No terminal repeats	NA	3	11	0.9070	NA	1	3.1699	Viruses;Duplodnaviria;Heunggongvirae;Uroviricota;Caudoviricetes;;
k127_604937	939	No terminal repeats	NA	2	11	0.9064	NA	1	2.5818	Viruses;Duplodnaviria;Heunggongvirae;Uroviricota;Caudoviricetes;;
k127_320581	404	No terminal repeats	NA	1	11	0.9063	NA	1	1.7183	Viruses;Duplodnaviria;Heunggongvirae;Uroviricota;Caudoviricetes;;
k127_296594	317	No terminal repeats	NA	1	11	0.9063	NA	1	1.0320	Viruses;Duplodnaviria;Heunggongvirae;Uroviricota;Caudoviricetes;;
k127_121677	591	No terminal repeats	NA	1	11	0.9057	NA	1	1.4764	Viruses;Duplodnaviria;Heunggongvirae;Uroviricota;Caudoviricetes;;
k127_383333	433	No terminal repeats	NA	1	11	0.9047	NA	1	1.7183	Viruses;Duplodnaviria;Heunggongvirae;Uroviricota;Caudoviricetes;;
k127_23152	406	No terminal repeats	NA	2	11	0.9045	NA	1	1.3996	Viruses;Duplodnaviria;Heunggongvirae;Uroviricota;Caudoviricetes;;
k127_591029	310	No terminal repeats	NA	1	11	0.9042	NA	1	1.4709	Viruses;Duplodnaviria;Heunggongvirae;Uroviricota;Caudoviricetes;;
k127_612367	2172	No terminal repeats	NA	3	11	0.9036	NA	1	1.5240	Viruses;Duplodnaviria;Heunggongvirae;Uroviricota;Caudoviricetes;;
k127_4970	1456	No terminal repeats	NA	1	11	0.9033	NA	1	1.7183	Viruses;Duplodnaviria;Heunggongvirae;Uroviricota;Caudoviricetes;;
k127_14616	343	No terminal repeats	NA	1	11	0.9022	NA	1	1.3639	Viruses;Duplodnaviria;Heunggongvirae;Uroviricota;Caudoviricetes;;
k127_54828	390	No terminal repeats	NA	1	11	0.9021	NA	1	1.7183	Viruses;Duplodnaviria;Heunggongvirae;Uroviricota;Caudoviricetes;;
k127_112105	371	No terminal repeats	NA	1	11	0.9020	NA	1	1.4595	Viruses;Duplodnaviria;Heunggongvirae;Uroviricota;Caudoviricetes;;
k127_427302	636	No terminal repeats	NA	1	11	0.9019	NA	1	1.4749	Viruses;Duplodnaviria;Heunggongvirae;Uroviricota;Caudoviricetes;;
k127_199239	359	No terminal repeats	NA	1	11	0.9018	NA	1	1.2934	Viruses;Duplodnaviria;Heunggongvirae;Uroviricota;Caudoviricetes;;
k127_343784	540	No terminal repeats	NA	2	11	0.9017	NA	1	1.5164	Viruses;Duplodnaviria;Heunggongvirae;Uroviricota;Caudoviricetes;;
k127_531569	310	No terminal repeats	NA	1	11	0.9013	NA	1	1.4880	Viruses;Duplodnaviria;Heunggongvirae;Uroviricota;Caudoviricetes;;
k127_46675	327	No terminal repeats	NA	2	11	0.9011	NA	1	1.7161	Viruses;Duplodnaviria;Heunggongvirae;Uroviricota;Caudoviricetes;;
k127_353602	668	No terminal repeats	NA	1	11	0.9009	NA	1	1.7183	Viruses;Duplodnaviria;Heunggongvirae;Uroviricota;Caudoviricetes;;
k127_368608	319	No terminal repeats	NA	1	11	0.8998	NA	1	1.1262	Viruses;Duplodnaviria;Heunggongvirae;Uroviricota;Caudoviricetes;;
k127_604658	472	No terminal repeats	NA	1	11	0.8996	NA	1	1.4749	Viruses;Duplodnaviria;Heunggongvirae;Uroviricota;Caudoviricetes;;
k127_247880	818	No terminal repeats	NA	1	11	0.8993	NA	1	1.4595	Viruses;Duplodnaviria;Heunggongvirae;Uroviricota;Caudoviricetes;;
k127_532677	522	No terminal repeats	NA	1	11	0.8991	NA	1	1.2868	Viruses;Duplodnaviria;Heunggongvirae;Uroviricota;Caudoviricetes;;
k127_583151	368	No terminal repeats	NA	1	11	0.8987	NA	1	1.4749	Viruses;Duplodnaviria;Heunggongvirae;Uroviricota;Caudoviricetes;;
k127_92238	342	No terminal repeats	NA	1	11	0.8985	NA	1	1.4764	Viruses;Duplodnaviria;Heunggongvirae;Uroviricota;Caudoviricetes;;
k127_347344	485	No terminal repeats	NA	2	11	0.8982	NA	1	1.7183	Unclassified
k127_359654	343	No terminal repeats	NA	1	11	0.8982	NA	1	1.4880	Viruses;Duplodnaviria;Heunggongvirae;Uroviricota;Caudoviricetes;;
k127_75225	550	No terminal repeats	NA	1	11	0.8980	NA	1	1.7183	Viruses;Duplodnaviria;Heunggongvirae;Uroviricota;Caudoviricetes;;
k127_57975	862	No terminal repeats	NA	2	11	0.8974	NA	1	3.3957	Viruses;Duplodnaviria;Heunggongvirae;Uroviricota;Caudoviricetes;;
k127_424937	1093	No terminal repeats	NA	2	11	0.8966	NA	1	3.2932	Viruses;Duplodnaviria;Heunggongvirae;Uroviricota;Caudoviricetes;;
k127_504065	304	No terminal repeats	NA	1	11	0.8963	NA	1	1.2443	Viruses;Duplodnaviria;Heunggongvirae;Uroviricota;Caudoviricetes;;
k127_99119	355	No terminal repeats	NA	1	11	0.8958	NA	1	1.0756	Viruses;Duplodnaviria;Heunggongvirae;Uroviricota;Caudoviricetes;;
k127_212015	859	No terminal repeats	NA	1	11	0.8957	NA	1	1.7183	Viruses;Riboviria;Orthornavirae;Pisuviricota;Duplopiviricetes;Durnavirales;Partitiviridae
k127_228418	315	No terminal repeats	NA	1	11	0.8953	NA	1	1.3050	Viruses;Duplodnaviria;Heunggongvirae;Uroviricota;Caudoviricetes;;
k127_543784	518	No terminal repeats	NA	1	11	0.8953	NA	1	1.7183	Viruses;Duplodnaviria;Heunggongvirae;Uroviricota;Caudoviricetes;;
k127_6992	2503	No terminal repeats	NA	2	11	0.8946	NA	0	3.1414	Viruses;Duplodnaviria;Heunggongvirae;Uroviricota;Caudoviricetes;;
k127_278642	312	No terminal repeats	NA	1	11	0.8944	NA	1	1.7183	Viruses;Duplodnaviria;Heunggongvirae;Uroviricota;Caudoviricetes;;
k127_342813	365	No terminal repeats	NA	1	11	0.8944	NA	1	1.7183	Viruses;Duplodnaviria;Heunggongvirae;Uroviricota;Caudoviricetes;;
k127_373813	4804	No terminal repeats	NA	12	11	0.8936	NA	0	1.7183	Unclassified
k127_398403	311	No terminal repeats	NA	1	11	0.8933	NA	1	1.5934	Unclassified
k127_263126	531	No terminal repeats	NA	1	11	0.8914	NA	1	1.7183	Viruses;Duplodnaviria;Heunggongvirae;Uroviricota;Caudoviricetes;;
k127_536041	326	No terminal repeats	NA	1	11	0.8913	NA	1	1.3867	Viruses;Duplodnaviria;Heunggongvirae;Uroviricota;Caudoviricetes;;
k127_469388	410	No terminal repeats	NA	2	11	0.8912	NA	1	1.7183	Unclassified
k127_129289	547	No terminal repeats	NA	1	11	0.8912	NA	1	1.1904	Viruses;Duplodnaviria;Heunggongvirae;Uroviricota;Caudoviricetes;;
k127_318060	3763	No terminal repeats	NA	5	11	0.8911	NA	0	8.5914	Viruses;Duplodnaviria;Heunggongvirae;Uroviricota;Caudoviricetes;;
k127_580473	598	No terminal repeats	NA	1	11	0.8910	NA	1	1.7183	Viruses;Duplodnaviria;Heunggongvirae;Uroviricota;Caudoviricetes;;
k127_160223	463	No terminal repeats	NA	1	11	0.8906	NA	1	1.2934	Viruses;Duplodnaviria;Heunggongvirae;Uroviricota;Caudoviricetes;;
k127_84098	1181	No terminal repeats	NA	1	11	0.8903	NA	1	1.3578	Viruses;Duplodnaviria;Heunggongvirae;Uroviricota;Caudoviricetes;;
k127_312164	362	No terminal repeats	NA	1	11	0.8903	NA	1	1.3663	Viruses;Duplodnaviria;Heunggongvirae;Uroviricota;Caudoviricetes;;
k127_166823	651	No terminal repeats	NA	3	11	0.8894	NA	2	3.0624	Viruses;Duplodnaviria;Heunggongvirae;Uroviricota;Caudoviricetes;;Herelleviridae
k127_266309	488	No terminal repeats	NA	1	11	0.8893	NA	1	1.7183	Viruses;Duplodnaviria;Heunggongvirae;Uroviricota;Caudoviricetes;;
k127_23802	679	No terminal repeats	NA	1	11	0.8889	NA	1	1.4749	Viruses;Duplodnaviria;Heunggongvirae;Uroviricota;Caudoviricetes;;
k127_306350	485	No terminal repeats	NA	1	11	0.8887	NA	1	1.7183	Viruses;Duplodnaviria;Heunggongvirae;Uroviricota;Caudoviricetes;;Drexlerviridae
k127_433932	461	No terminal repeats	NA	1	11	0.8882	NA	1	1.7183	Viruses;Duplodnaviria;Heunggongvirae;Uroviricota;Caudoviricetes;;
k127_443232	333	No terminal repeats	NA	1	11	0.8881	NA	1	1.7183	Viruses;Duplodnaviria;Heunggongvirae;Uroviricota;Caudoviricetes;;
k127_273610	410	No terminal repeats	NA	1	11	0.8880	NA	1	1.7183	Viruses;Duplodnaviria;Heunggongvirae;Uroviricota;Caudoviricetes;;Drexlerviridae
k127_629661	792	No terminal repeats	NA	2	11	0.8879	NA	1	3.1677	Viruses;Duplodnaviria;Heunggongvirae;Uroviricota;Caudoviricetes;;
k127_112692	1804	No terminal repeats	NA	1	11	0.8878	NA	1	0.9221	Viruses;Duplodnaviria;Heunggongvirae;Uroviricota;Caudoviricetes;;Straboviridae
k127_93470	313	No terminal repeats	NA	1	11	0.8876	NA	1	1.7183	Viruses;Duplodnaviria;Heunggongvirae;Uroviricota;Caudoviricetes;;
k127_140292	545	No terminal repeats	NA	1	11	0.8872	NA	1	1.7183	Viruses;Duplodnaviria;Heunggongvirae;Uroviricota;Caudoviricetes;;
k127_188198	494	No terminal repeats	NA	2	11	0.8869	NA	1	1.7183	Unclassified
k127_575060	366	No terminal repeats	NA	1	11	0.8869	NA	1	1.1387	Viruses;Duplodnaviria;Heunggongvirae;Uroviricota;Caudoviricetes;;
k127_5631	600	No terminal repeats	NA	1	11	0.8866	NA	1	1.7183	Unclassified
k127_584694	340	No terminal repeats	NA	2	11	0.8866	NA	1	1.2934	Viruses;Duplodnaviria;Heunggongvirae;Uroviricota;Caudoviricetes;;
k127_360579	642	No terminal repeats	NA	1	11	0.8863	NA	1	1.7183	Viruses;Duplodnaviria;Heunggongvirae;Uroviricota;Caudoviricetes;;
k127_478299	457	No terminal repeats	NA	2	11	0.8857	NA	1	1.7183	Unclassified
k127_449936	425	No terminal repeats	NA	2	11	0.8855	NA	1	1.1262	Viruses;Duplodnaviria;Heunggongvirae;Uroviricota;Caudoviricetes;;
k127_393667	672	No terminal repeats	NA	2	11	0.8853	NA	1	1.4493	Viruses;Duplodnaviria;Heunggongvirae;Uroviricota;Caudoviricetes;;
k127_655679	653	No terminal repeats	NA	1	11	0.8853	NA	1	1.7183	Viruses;Duplodnaviria;Heunggongvirae;Uroviricota;Caudoviricetes;;
k127_122927	381	No terminal repeats	NA	1	11	0.8849	NA	1	1.7159	Viruses;Duplodnaviria;Heunggongvirae;Uroviricota;Caudoviricetes;;
k127_56156	619	No terminal repeats	NA	2	11	0.8845	NA	1	1.7183	Viruses;Duplodnaviria;Heunggongvirae;Uroviricota;Caudoviricetes;;
k127_261821	1033	No terminal repeats	NA	1	11	0.8842	NA	1	1.7183	Viruses;Duplodnaviria;Heunggongvirae;Uroviricota;Caudoviricetes;;
k127_282726	2350	No terminal repeats	NA	3	11	0.8841	NA	1	4.2504	Viruses;Duplodnaviria;Heunggongvirae;Uroviricota;Caudoviricetes;;Drexlerviridae
k127_643390	1347	No terminal repeats	NA	2	11	0.8832	NA	1	2.4365	Viruses;Duplodnaviria;Heunggongvirae;Uroviricota;Caudoviricetes;;
k127_372865	1386	No terminal repeats	NA	3	11	0.8822	NA	1	3.1050	Viruses;Duplodnaviria;Heunggongvirae;Uroviricota;Caudoviricetes;;
k127_302989	854	No terminal repeats	NA	2	11	0.8819	NA	2	3.1563	Viruses;Duplodnaviria;Heunggongvirae;Uroviricota;Caudoviricetes;;
k127_118082	402	No terminal repeats	NA	1	11	0.8819	NA	1	1.2306	Viruses;Duplodnaviria;Heunggongvirae;Uroviricota;Caudoviricetes;;
k127_539178	1955	No terminal repeats	NA	1	11	0.8808	NA	1	1.7183	Viruses;Duplodnaviria;Heunggongvirae;Uroviricota;Caudoviricetes;;
k127_296695	311	No terminal repeats	NA	1	11	0.8807	NA	1	1.7183	Unclassified
k127_230793	527	No terminal repeats	NA	1	11	0.8806	NA	1	1.7183	Viruses;Duplodnaviria;Heunggongvirae;Uroviricota;Caudoviricetes;;
k127_405866	537	No terminal repeats	NA	1	11	0.8806	NA	1	1.4764	Viruses;Duplodnaviria;Heunggongvirae;Uroviricota;Caudoviricetes;;
k127_301724	757	No terminal repeats	NA	1	11	0.8801	NA	1	1.3050	Viruses;Duplodnaviria;Heunggongvirae;Uroviricota;Caudoviricetes;;
k127_533498	1589	No terminal repeats	NA	1	11	0.8800	NA	1	1.2280	Unclassified
k127_389125	768	No terminal repeats	NA	2	11	0.8791	NA	1	1.7183	Viruses;Duplodnaviria;Heunggongvirae;Uroviricota;Caudoviricetes;;
k127_60852	2214	No terminal repeats	NA	1	11	0.8790	NA	1	1.5097	Viruses;Duplodnaviria;Heunggongvirae;Uroviricota;Caudoviricetes;;
k127_188343	1030	No terminal repeats	NA	1	11	0.8779	NA	1	1.7183	Viruses;Riboviria;Orthornavirae;Pisuviricota;Duplopiviricetes;Durnavirales;Partitiviridae
k127_60950	373	No terminal repeats	NA	2	11	0.8774	NA	1	1.2934	Viruses;Duplodnaviria;Heunggongvirae;Uroviricota;Caudoviricetes;;
k127_623366	550	No terminal repeats	NA	1	11	0.8774	NA	1	1.4749	Viruses;Duplodnaviria;Heunggongvirae;Uroviricota;Caudoviricetes;;
k127_296503	4732	No terminal repeats	NA	5	11	0.8772	NA	1	7.9126	Viruses;Duplodnaviria;Heunggongvirae;Uroviricota;Caudoviricetes;;
k127_392494	415	No terminal repeats	NA	2	11	0.8772	NA	1	1.7183	Viruses;Duplodnaviria;Heunggongvirae;Uroviricota;Caudoviricetes;;
k127_460966	517	No terminal repeats	NA	1	11	0.8771	NA	1	1.7183	Viruses;Duplodnaviria;Heunggongvirae;Uroviricota;Caudoviricetes;;
k127_276741	412	No terminal repeats	NA	1	11	0.8757	NA	1	1.2280	Unclassified
k127_315253	556	No terminal repeats	NA	1	11	0.8756	NA	1	1.4698	Viruses;Duplodnaviria;Heunggongvirae;Uroviricota;Caudoviricetes;;
k127_363583	334	No terminal repeats	NA	1	11	0.8756	NA	1	1.3277	Viruses;Duplodnaviria;Heunggongvirae;Uroviricota;Caudoviricetes;;
k127_538723	855	No terminal repeats	NA	1	11	0.8755	NA	1	1.2306	Viruses;Duplodnaviria;Heunggongvirae;Uroviricota;Caudoviricetes;;
k127_265083	438	No terminal repeats	NA	2	11	0.8754	NA	1	1.7183	Unclassified
k127_572650	583	No terminal repeats	NA	1	11	0.8753	NA	1	1.7183	Viruses;Duplodnaviria;Heunggongvirae;Uroviricota;Caudoviricetes;;
k127_270038	1410	No terminal repeats	NA	1	11	0.8745	NA	1	1.7183	Viruses;Riboviria;Orthornavirae;Pisuviricota;Duplopiviricetes;Durnavirales;Partitiviridae
k127_268048	1494	No terminal repeats	NA	3	11	0.8741	NA	1	3.1232	Viruses;Duplodnaviria;Heunggongvirae;Uroviricota;Caudoviricetes;;
k127_161833	357	No terminal repeats	NA	1	11	0.8735	NA	1	1.3064	Viruses;Duplodnaviria;Heunggongvirae;Uroviricota;Caudoviricetes;;
k127_544649	483	No terminal repeats	NA	1	11	0.8734	NA	1	1.2720	Viruses;Duplodnaviria;Heunggongvirae;Uroviricota;Caudoviricetes;;
k127_321987	360	No terminal repeats	NA	1	11	0.8732	NA	1	1.7183	Viruses;Duplodnaviria;Heunggongvirae;Uroviricota;Caudoviricetes;;
k127_173492	353	No terminal repeats	NA	1	11	0.8731	NA	1	1.7183	Viruses;Duplodnaviria;Heunggongvirae;Uroviricota;Caudoviricetes;;
k127_645547	311	No terminal repeats	NA	1	11	0.8730	NA	1	1.5750	Viruses;Duplodnaviria;Heunggongvirae;Uroviricota;Caudoviricetes;;
k127_575673	1215	No terminal repeats	NA	1	11	0.8730	NA	1	1.7183	Viruses;Duplodnaviria;Heunggongvirae;Uroviricota;Caudoviricetes;;
k127_186934	1290	No terminal repeats	NA	3	11	0.8725	NA	2	2.4853	Viruses;Duplodnaviria;Heunggongvirae;Uroviricota;Caudoviricetes;;
k127_119021	674	No terminal repeats	NA	1	11	0.8719	NA	1	1.1904	Viruses;Duplodnaviria;Heunggongvirae;Uroviricota;Caudoviricetes;;
k127_512170	401	No terminal repeats	NA	1	11	0.8719	NA	1	1.4211	Viruses;Duplodnaviria;Heunggongvirae;Uroviricota;Caudoviricetes;;
k127_362105	503	No terminal repeats	NA	1	11	0.8718	NA	1	1.3307	Viruses;Duplodnaviria;Heunggongvirae;Uroviricota;Caudoviricetes;;
k127_638833	1202	No terminal repeats	NA	1	11	0.8717	NA	1	1.7183	Viruses;Riboviria;Orthornavirae;Pisuviricota;Duplopiviricetes;Durnavirales;Partitiviridae
k127_121003	376	No terminal repeats	NA	1	11	0.8715	NA	1	1.7183	Viruses;Duplodnaviria;Heunggongvirae;Uroviricota;Caudoviricetes;;
k127_178052	378	No terminal repeats	NA	2	11	0.8714	NA	1	1.7183	Unclassified
k127_126611	408	No terminal repeats	NA	1	11	0.8709	NA	1	1.7183	Viruses;Duplodnaviria;Heunggongvirae;Uroviricota;Caudoviricetes;;
k127_161156	470	No terminal repeats	NA	1	11	0.8707	NA	1	1.2306	Viruses;Duplodnaviria;Heunggongvirae;Uroviricota;Caudoviricetes;;
k127_174598	4143	No terminal repeats	NA	6	11	0.8706	NA	0	6.5402	Viruses;Duplodnaviria;Heunggongvirae;Uroviricota;Caudoviricetes;;
k127_640947	1205	No terminal repeats	NA	2	11	0.8703	NA	1	2.2968	Viruses;Duplodnaviria;Heunggongvirae;Uroviricota;Caudoviricetes;;
k127_377806	405	No terminal repeats	NA	1	11	0.8702	NA	1	1.7183	Viruses;Duplodnaviria;Heunggongvirae;Uroviricota;Caudoviricetes;;
k127_255144	307	No terminal repeats	NA	1	11	0.8698	NA	1	1.3345	Viruses;Duplodnaviria;Heunggongvirae;Uroviricota;Caudoviricetes;;
k127_513049	414	No terminal repeats	NA	2	11	0.8689	NA	1	1.7183	Viruses;Duplodnaviria;Heunggongvirae;Uroviricota;Caudoviricetes;;
k127_576687	937	No terminal repeats	NA	1	11	0.8686	NA	1	1.7183	Viruses;Duplodnaviria;Heunggongvirae;Uroviricota;Caudoviricetes;;
k127_56337	374	No terminal repeats	NA	1	11	0.8686	NA	1	1.4749	Viruses;Duplodnaviria;Heunggongvirae;Uroviricota;Caudoviricetes;;
k127_169520	3543	No terminal repeats	NA	4	11	0.8680	NA	0	1.0539	Unclassified
k127_81269	544	No terminal repeats	NA	1	11	0.8674	NA	1	1.7183	Viruses;Duplodnaviria;Heunggongvirae;Uroviricota;Caudoviricetes;;
k127_455163	405	No terminal repeats	NA	1	11	0.8673	NA	1	1.0851	Viruses;Duplodnaviria;Heunggongvirae;Uroviricota;Caudoviricetes;;
k127_60327	330	No terminal repeats	NA	1	11	0.8670	NA	1	0.9531	Viruses;Duplodnaviria;Heunggongvirae;Uroviricota;Caudoviricetes;;
k127_43043	360	No terminal repeats	NA	2	11	0.8668	NA	1	1.7183	Viruses;Duplodnaviria;Heunggongvirae;Uroviricota;Caudoviricetes;;
k127_193552	768	No terminal repeats	NA	2	11	0.8667	NA	1	3.0620	Viruses;Duplodnaviria;Heunggongvirae;Uroviricota;Caudoviricetes;;Herelleviridae
k127_109472	319	No terminal repeats	NA	1	11	0.8665	NA	1	1.7183	Viruses;Duplodnaviria;Heunggongvirae;Uroviricota;Caudoviricetes;;
k127_116346	605	No terminal repeats	NA	1	11	0.8664	NA	1	1.7183	Viruses;Duplodnaviria;Heunggongvirae;Uroviricota;Caudoviricetes;;
k127_595884	416	No terminal repeats	NA	1	11	0.8661	NA	1	1.7183	Viruses;Duplodnaviria;Heunggongvirae;Uroviricota;Caudoviricetes;;
k127_343600	407	No terminal repeats	NA	1	11	0.8656	NA	1	1.7159	Viruses;Duplodnaviria;Heunggongvirae;Uroviricota;Caudoviricetes;;
k127_256326	636	No terminal repeats	NA	1	11	0.8649	NA	1	1.6094	Viruses;Duplodnaviria;Heunggongvirae;Uroviricota;Caudoviricetes;;
k127_203219	2238	No terminal repeats	NA	4	11	0.8645	NA	1	3.1299	Viruses;Duplodnaviria;Heunggongvirae;Uroviricota;Caudoviricetes;;
k127_474907	471	No terminal repeats	NA	1	11	0.8643	NA	1	1.2306	Viruses;Duplodnaviria;Heunggongvirae;Uroviricota;Caudoviricetes;;
k127_352996	953	No terminal repeats	NA	1	11	0.8641	NA	1	1.2306	Viruses;Duplodnaviria;Heunggongvirae;Uroviricota;Caudoviricetes;;
k127_389131	1196	No terminal repeats	NA	1	11	0.8636	NA	1	1.7183	Viruses;Riboviria;Orthornavirae;Pisuviricota;Duplopiviricetes;Durnavirales;Partitiviridae
k127_597570	1072	No terminal repeats	NA	2	11	0.8622	NA	1	1.4756	Viruses;Duplodnaviria;Heunggongvirae;Uroviricota;Caudoviricetes;;
k127_625036	451	No terminal repeats	NA	1	11	0.8619	NA	1	1.4880	Viruses;Duplodnaviria;Heunggongvirae;Uroviricota;Caudoviricetes;;
k127_298305	378	No terminal repeats	NA	1	11	0.8618	NA	1	1.7183	Unclassified
k127_194496	358	No terminal repeats	NA	1	11	0.8612	NA	1	1.2792	Viruses;Duplodnaviria;Heunggongvirae;Uroviricota;Caudoviricetes;;
k127_555892	632	No terminal repeats	NA	1	11	0.8612	NA	1	1.4749	Viruses;Duplodnaviria;Heunggongvirae;Uroviricota;Caudoviricetes;;
k127_553046	433	No terminal repeats	NA	1	11	0.8610	NA	1	1.1904	Viruses;Duplodnaviria;Heunggongvirae;Uroviricota;Caudoviricetes;;
k127_334437	303	No terminal repeats	NA	1	11	0.8601	NA	1	1.2808	Viruses;Duplodnaviria;Heunggongvirae;Uroviricota;Caudoviricetes;;
k127_104622	382	No terminal repeats	NA	2	11	0.8600	NA	1	1.7183	Viruses;Duplodnaviria;Heunggongvirae;Uroviricota;Caudoviricetes;;
k127_526339	450	No terminal repeats	NA	2	11	0.8593	NA	1	1.7183	Viruses;Duplodnaviria;Heunggongvirae;Uroviricota;Caudoviricetes;;
k127_294731	357	No terminal repeats	NA	1	11	0.8593	NA	1	1.7160	Viruses;Duplodnaviria;Heunggongvirae;Uroviricota;Caudoviricetes;;
k127_626310	574	No terminal repeats	NA	1	11	0.8588	NA	1	1.2306	Viruses;Duplodnaviria;Heunggongvirae;Uroviricota;Caudoviricetes;;
k127_54507	407	No terminal repeats	NA	1	11	0.8588	NA	1	1.3121	Viruses;Duplodnaviria;Heunggongvirae;Uroviricota;Caudoviricetes;;
k127_170339	565	No terminal repeats	NA	2	11	0.8587	NA	1	1.7183	Unclassified
k127_16235	609	No terminal repeats	NA	1	11	0.8584	NA	1	1.2306	Viruses;Duplodnaviria;Heunggongvirae;Uroviricota;Caudoviricetes;;
k127_658133	1231	No terminal repeats	NA	1	11	0.8582	NA	1	1.7183	Viruses;Duplodnaviria;Heunggongvirae;Uroviricota;Caudoviricetes;;
k127_347358	408	No terminal repeats	NA	1	11	0.8572	NA	1	1.3966	Viruses;Duplodnaviria;Heunggongvirae;Uroviricota;Caudoviricetes;;
k127_216308	320	No terminal repeats	NA	1	11	0.8572	NA	1	1.7183	Viruses;Duplodnaviria;Heunggongvirae;Uroviricota;Caudoviricetes;;
k127_656176	406	No terminal repeats	NA	1	11	0.8562	NA	1	1.7183	Viruses;Duplodnaviria;Heunggongvirae;Uroviricota;Caudoviricetes;;
k127_490824	415	No terminal repeats	NA	1	11	0.8562	NA	1	1.7183	Viruses;Duplodnaviria;Heunggongvirae;Uroviricota;Caudoviricetes;;
k127_536977	357	No terminal repeats	NA	1	11	0.8558	NA	1	1.2848	Viruses;Duplodnaviria;Heunggongvirae;Uroviricota;Caudoviricetes;;
k127_288672	447	No terminal repeats	NA	2	11	0.8551	NA	1	1.7183	Viruses;Duplodnaviria;Heunggongvirae;Uroviricota;Caudoviricetes;;
k127_351332	399	No terminal repeats	NA	1	11	0.8547	NA	1	1.0597	Unclassified
k127_56813	908	No terminal repeats	NA	1	11	0.8545	NA	1	1.2306	Viruses;Duplodnaviria;Heunggongvirae;Uroviricota;Caudoviricetes;;
k127_181767	832	No terminal repeats	NA	2	11	0.8543	NA	2	2.5264	Viruses;Duplodnaviria;Heunggongvirae;Uroviricota;Caudoviricetes;;
k127_473196	418	No terminal repeats	NA	1	11	0.8537	NA	1	1.0834	Viruses;Duplodnaviria;Heunggongvirae;Uroviricota;Caudoviricetes;;
k127_462181	1210	No terminal repeats	NA	2	11	0.8534	NA	2	2.7612	Viruses;Duplodnaviria;Heunggongvirae;Uroviricota;Caudoviricetes;;
k127_250232	422	No terminal repeats	NA	1	11	0.8534	NA	1	1.0551	Viruses;Duplodnaviria;Heunggongvirae;Uroviricota;Caudoviricetes;;
k127_254305	1026	No terminal repeats	NA	1	11	0.8516	NA	1	1.7183	Viruses;Duplodnaviria;Heunggongvirae;Uroviricota;Caudoviricetes;;
k127_261261	650	No terminal repeats	NA	2	11	0.8514	NA	1	1.4698	Viruses;Duplodnaviria;Heunggongvirae;Uroviricota;Caudoviricetes;;
k127_23566	477	No terminal repeats	NA	1	11	0.8512	NA	1	1.7183	Viruses;Duplodnaviria;Heunggongvirae;Uroviricota;Caudoviricetes;;
k127_326178	1260	No terminal repeats	NA	1	11	0.8512	NA	1	1.7183	Viruses;Duplodnaviria;Heunggongvirae;Uroviricota;Caudoviricetes;;
k127_147608	1156	No terminal repeats	NA	1	11	0.8512	NA	1	1.1733	Viruses;Duplodnaviria;Heunggongvirae;Uroviricota;Caudoviricetes;;
k127_245319	325	No terminal repeats	NA	1	11	0.8510	NA	1	1.0569	Viruses;Duplodnaviria;Heunggongvirae;Uroviricota;Caudoviricetes;;
k127_162547	302	No terminal repeats	NA	1	11	0.8509	NA	1	1.7096	Viruses;Duplodnaviria;Heunggongvirae;Uroviricota;Caudoviricetes;;
k127_94419	583	No terminal repeats	NA	1	11	0.8508	NA	1	1.7183	Viruses;Duplodnaviria;Heunggongvirae;Uroviricota;Caudoviricetes;;
k127_242215	402	No terminal repeats	NA	1	11	0.8507	NA	1	1.3483	Unclassified
k127_300725	886	No terminal repeats	NA	1	11	0.8489	NA	1	1.7183	Viruses;Duplodnaviria;Heunggongvirae;Uroviricota;Caudoviricetes;;
k127_191605	357	No terminal repeats	NA	1	11	0.8488	NA	1	1.7126	Unclassified
k127_211509	456	No terminal repeats	NA	1	11	0.8467	NA	1	1.2306	Viruses;Duplodnaviria;Heunggongvirae;Uroviricota;Caudoviricetes;;
k127_460388	717	No terminal repeats	NA	1	11	0.8461	NA	1	1.7183	Viruses;Duplodnaviria;Heunggongvirae;Uroviricota;Caudoviricetes;;
k127_263723	338	No terminal repeats	NA	1	11	0.8461	NA	1	1.4825	Viruses;Duplodnaviria;Heunggongvirae;Uroviricota;Caudoviricetes;;
k127_651425	698	No terminal repeats	NA	1	11	0.8458	NA	1	1.7183	Viruses;Duplodnaviria;Heunggongvirae;Uroviricota;Caudoviricetes;;
k127_602436	372	No terminal repeats	NA	1	11	0.8454	NA	1	1.7183	Viruses;Duplodnaviria;Heunggongvirae;Uroviricota;Caudoviricetes;;
k127_466413	399	No terminal repeats	NA	1	11	0.8453	NA	1	1.4749	Viruses;Duplodnaviria;Heunggongvirae;Uroviricota;Caudoviricetes;;
k127_463585	427	No terminal repeats	NA	1	11	0.8448	NA	1	1.4211	Viruses;Duplodnaviria;Heunggongvirae;Uroviricota;Caudoviricetes;;
k127_496485	384	No terminal repeats	NA	1	11	0.8447	NA	1	1.0597	Unclassified
k127_606337	1503	No terminal repeats	NA	3	11	0.8443	NA	2	2.7838	Viruses;Duplodnaviria;Heunggongvirae;Uroviricota;Caudoviricetes;;
k127_74381	399	No terminal repeats	NA	1	11	0.8439	NA	1	1.3642	Viruses;Duplodnaviria;Heunggongvirae;Uroviricota;Caudoviricetes;;
k127_444903	432	No terminal repeats	NA	2	11	0.8436	NA	1	1.7183	Viruses;Duplodnaviria;Heunggongvirae;Uroviricota;Caudoviricetes;;
k127_322884	946	No terminal repeats	NA	1	11	0.8430	NA	1	1.7183	Viruses;Duplodnaviria;Heunggongvirae;Uroviricota;Caudoviricetes;;
k127_79587	417	No terminal repeats	NA	2	11	0.8429	NA	1	1.4414	Viruses;Duplodnaviria;Heunggongvirae;Uroviricota;Caudoviricetes;;
k127_654607	498	No terminal repeats	NA	1	11	0.8425	NA	1	1.3050	Viruses;Duplodnaviria;Heunggongvirae;Uroviricota;Caudoviricetes;;
k127_315829	476	No terminal repeats	NA	1	11	0.8415	NA	1	1.3645	Viruses;Duplodnaviria;Heunggongvirae;Uroviricota;Caudoviricetes;;
k127_598648	337	No terminal repeats	NA	1	11	0.8412	NA	1	1.0971	Viruses;Duplodnaviria;Heunggongvirae;Uroviricota;Caudoviricetes;;
k127_502933	1253	No terminal repeats	NA	2	11	0.8407	NA	1	1.9525	Viruses;Duplodnaviria;Heunggongvirae;Uroviricota;Caudoviricetes;;
k127_218758	658	No terminal repeats	NA	1	11	0.8403	NA	1	1.4119	Viruses;Duplodnaviria;Heunggongvirae;Uroviricota;Caudoviricetes;;
k127_340201	611	No terminal repeats	NA	1	11	0.8396	NA	1	1.7183	Viruses;Duplodnaviria;Heunggongvirae;Uroviricota;Caudoviricetes;;
k127_10637	414	No terminal repeats	NA	1	11	0.8393	NA	1	1.4506	Viruses;Duplodnaviria;Heunggongvirae;Uroviricota;Caudoviricetes;;
k127_478794	355	No terminal repeats	NA	2	11	0.8381	NA	1	1.7183	Viruses;Duplodnaviria;Heunggongvirae;Uroviricota;Caudoviricetes;;
k127_567201	435	No terminal repeats	NA	1	11	0.8372	NA	1	1.5231	Viruses;Duplodnaviria;Heunggongvirae;Uroviricota;Caudoviricetes;;
k127_617500	340	No terminal repeats	NA	1	11	0.8372	NA	1	1.4494	Viruses;Duplodnaviria;Heunggongvirae;Uroviricota;Caudoviricetes;;
k127_542353	385	No terminal repeats	NA	1	11	0.8370	NA	1	1.7183	Viruses;Duplodnaviria;Heunggongvirae;Uroviricota;Caudoviricetes;;
k127_209672	762	No terminal repeats	NA	1	11	0.8365	NA	1	1.2306	Viruses;Duplodnaviria;Heunggongvirae;Uroviricota;Caudoviricetes;;
k127_507127	467	No terminal repeats	NA	1	11	0.8361	NA	1	1.7183	Viruses;Duplodnaviria;Heunggongvirae;Uroviricota;Caudoviricetes;;
k127_277247	704	No terminal repeats	NA	2	11	0.8359	NA	1	1.7183	Viruses;Duplodnaviria;Heunggongvirae;Uroviricota;Caudoviricetes;;
k127_225285	372	No terminal repeats	NA	1	11	0.8357	NA	1	1.6123	Viruses;Duplodnaviria;Heunggongvirae;Uroviricota;Caudoviricetes;;
k127_328222	345	No terminal repeats	NA	1	11	0.8356	NA	1	1.6847	Viruses;Duplodnaviria;Heunggongvirae;Uroviricota;Caudoviricetes;;
k127_161929	351	No terminal repeats	NA	1	11	0.8356	NA	1	1.3629	Viruses;Duplodnaviria;Heunggongvirae;Uroviricota;Caudoviricetes;;
k127_425627	632	No terminal repeats	NA	1	11	0.8354	NA	1	1.6175	Viruses;Duplodnaviria;Heunggongvirae;Uroviricota;Caudoviricetes;;
k127_600897	417	No terminal repeats	NA	2	11	0.8347	NA	1	1.0851	Viruses;Duplodnaviria;Heunggongvirae;Uroviricota;Caudoviricetes;;
k127_334500	503	No terminal repeats	NA	1	11	0.8334	NA	1	1.2306	Viruses;Duplodnaviria;Heunggongvirae;Uroviricota;Caudoviricetes;;
k127_350608	672	No terminal repeats	NA	1	11	0.8328	NA	1	1.2306	Viruses;Duplodnaviria;Heunggongvirae;Uroviricota;Caudoviricetes;;
k127_501445	1187	No terminal repeats	NA	3	11	0.8325	NA	1	3.3957	Viruses;Duplodnaviria;Heunggongvirae;Uroviricota;Caudoviricetes;;
k127_427142	646	No terminal repeats	NA	2	11	0.8322	NA	1	3.4366	Viruses;Duplodnaviria;Heunggongvirae;Uroviricota;Caudoviricetes;;
k127_189305	325	No terminal repeats	NA	2	11	0.8321	NA	1	1.0834	Viruses;Duplodnaviria;Heunggongvirae;Uroviricota;Caudoviricetes;;
k127_563213	1163	No terminal repeats	NA	2	11	0.8321	NA	2	3.4356	Viruses;Duplodnaviria;Heunggongvirae;Uroviricota;Caudoviricetes;;
k127_528372	501	No terminal repeats	NA	1	11	0.8314	NA	1	0.9531	Viruses;Duplodnaviria;Heunggongvirae;Uroviricota;Caudoviricetes;;
k127_162579	377	No terminal repeats	NA	1	11	0.8312	NA	1	1.2086	Viruses;Duplodnaviria;Heunggongvirae;Uroviricota;Caudoviricetes;;
k127_15464	425	No terminal repeats	NA	1	11	0.8307	NA	1	1.4764	Viruses;Duplodnaviria;Heunggongvirae;Uroviricota;Caudoviricetes;;
k127_575515	772	No terminal repeats	NA	1	11	0.8306	NA	1	1.7183	Viruses;Duplodnaviria;Heunggongvirae;Uroviricota;Caudoviricetes;;Drexlerviridae
k127_340544	427	No terminal repeats	NA	1	11	0.8306	NA	1	1.2306	Viruses;Duplodnaviria;Heunggongvirae;Uroviricota;Caudoviricetes;;
k127_538284	657	No terminal repeats	NA	3	11	0.8305	NA	1	3.4366	Unclassified
k127_238083	1683	No terminal repeats	NA	1	11	0.8287	NA	1	1.7183	Viruses;Duplodnaviria;Heunggongvirae;Uroviricota;Caudoviricetes;;
k127_253356	737	No terminal repeats	NA	2	11	0.8268	NA	1	1.7183	Viruses;Duplodnaviria;Heunggongvirae;Uroviricota;Caudoviricetes;;
k127_131043	443	No terminal repeats	NA	1	11	0.8261	NA	1	1.3350	Viruses;Duplodnaviria;Heunggongvirae;Uroviricota;Caudoviricetes;;
k127_207646	341	No terminal repeats	NA	1	11	0.8258	NA	1	1.0834	Viruses;Duplodnaviria;Heunggongvirae;Uroviricota;Caudoviricetes;;
k127_149888	2109	No terminal repeats	NA	2	11	0.8254	NA	1	1.7183	Viruses;Duplodnaviria;Heunggongvirae;Uroviricota;Caudoviricetes;;
k127_379447	858	No terminal repeats	NA	1	11	0.8250	NA	1	1.2306	Viruses;Duplodnaviria;Heunggongvirae;Uroviricota;Caudoviricetes;;
k127_317956	600	No terminal repeats	NA	1	11	0.8250	NA	1	1.2306	Viruses;Duplodnaviria;Heunggongvirae;Uroviricota;Caudoviricetes;;
k127_82113	724	No terminal repeats	NA	1	11	0.8245	NA	1	1.4880	Viruses;Duplodnaviria;Heunggongvirae;Uroviricota;Caudoviricetes;;
k127_474789	323	No terminal repeats	NA	1	11	0.8243	NA	1	1.3595	Viruses;Duplodnaviria;Heunggongvirae;Uroviricota;Caudoviricetes;;
k127_593251	387	No terminal repeats	NA	1	11	0.8236	NA	1	1.3988	Viruses;Duplodnaviria;Heunggongvirae;Uroviricota;Caudoviricetes;;
k127_432718	449	No terminal repeats	NA	1	11	0.8227	NA	1	1.4749	Viruses;Duplodnaviria;Heunggongvirae;Uroviricota;Caudoviricetes;;
k127_257650	407	No terminal repeats	NA	1	11	0.8219	NA	1	1.6734	Viruses;Duplodnaviria;Heunggongvirae;Uroviricota;Caudoviricetes;;
k127_122984	797	No terminal repeats	NA	2	11	0.8217	NA	2	2.7272	Viruses;Duplodnaviria;Heunggongvirae;Uroviricota;Caudoviricetes;;
k127_268238	413	No terminal repeats	NA	1	11	0.8208	NA	1	1.7183	Viruses;Duplodnaviria;Heunggongvirae;Uroviricota;Caudoviricetes;;
k127_417702	547	No terminal repeats	NA	1	11	0.8207	NA	1	1.2306	Viruses;Duplodnaviria;Heunggongvirae;Uroviricota;Caudoviricetes;;
k127_439438	641	No terminal repeats	NA	1	11	0.8201	NA	1	1.7183	Viruses;Duplodnaviria;Heunggongvirae;Uroviricota;Caudoviricetes;;
k127_392940	799	No terminal repeats	NA	2	11	0.8200	NA	1	2.6687	Viruses;Duplodnaviria;Heunggongvirae;Uroviricota;Caudoviricetes;;
k127_595909	1921	No terminal repeats	NA	2	11	0.8197	NA	1	2.4083	Viruses;Duplodnaviria;Heunggongvirae;Uroviricota;Caudoviricetes;;
k127_210045	781	No terminal repeats	NA	2	11	0.8192	NA	1	1.7183	Viruses;Duplodnaviria;Heunggongvirae;Uroviricota;Caudoviricetes;;
k127_5286	485	No terminal repeats	NA	1	11	0.8185	NA	1	1.7183	Viruses;Duplodnaviria;Heunggongvirae;Uroviricota;Caudoviricetes;;
k127_332114	716	No terminal repeats	NA	1	11	0.8185	NA	1	1.7183	Viruses;Duplodnaviria;Heunggongvirae;Uroviricota;Caudoviricetes;;
k127_429535	315	No terminal repeats	NA	1	11	0.8174	NA	1	1.7141	Unclassified
k127_627268	327	No terminal repeats	NA	1	11	0.8163	NA	1	1.2753	Viruses;Duplodnaviria;Heunggongvirae;Uroviricota;Caudoviricetes;;
k127_543563	936	No terminal repeats	NA	1	11	0.8161	NA	1	1.2306	Viruses;Duplodnaviria;Heunggongvirae;Uroviricota;Caudoviricetes;;
k127_256662	837	No terminal repeats	NA	2	11	0.8160	NA	1	2.8795	Viruses;Duplodnaviria;Heunggongvirae;Uroviricota;Caudoviricetes;;
k127_279560	762	No terminal repeats	NA	2	11	0.8159	NA	1	3.0059	Viruses;Duplodnaviria;Heunggongvirae;Uroviricota;Caudoviricetes;;
k127_165711	758	No terminal repeats	NA	1	11	0.8154	NA	1	1.2306	Viruses;Duplodnaviria;Heunggongvirae;Uroviricota;Caudoviricetes;;
k127_503177	1058	No terminal repeats	NA	1	11	0.8138	NA	1	1.7183	Viruses;Duplodnaviria;Heunggongvirae;Uroviricota;Caudoviricetes;;
k127_237932	836	No terminal repeats	NA	2	11	0.8133	NA	1	1.7183	Viruses;Duplodnaviria;Heunggongvirae;Uroviricota;Caudoviricetes;;
k127_241178	660	No terminal repeats	NA	2	11	0.8133	NA	1	1.3867	Viruses;Duplodnaviria;Heunggongvirae;Uroviricota;Caudoviricetes;;
k127_74835	343	No terminal repeats	NA	1	11	0.8121	NA	1	1.2449	Viruses;Duplodnaviria;Heunggongvirae;Uroviricota;Caudoviricetes;;
k127_358619	1485	No terminal repeats	NA	3	11	0.8116	NA	1	3.4366	Viruses;Duplodnaviria;Heunggongvirae;Uroviricota;Caudoviricetes;;Drexlerviridae
k127_81871	318	No terminal repeats	NA	1	11	0.8112	NA	1	1.3996	Viruses;Duplodnaviria;Heunggongvirae;Uroviricota;Caudoviricetes;;
k127_273088	516	No terminal repeats	NA	1	11	0.8110	NA	1	1.7183	Viruses;Duplodnaviria;Heunggongvirae;Uroviricota;Caudoviricetes;;
k127_274932	341	No terminal repeats	NA	1	11	0.8109	NA	1	1.7072	Viruses;Duplodnaviria;Heunggongvirae;Uroviricota;Caudoviricetes;;Kyanoviridae
k127_596451	594	No terminal repeats	NA	1	11	0.8103	NA	1	1.1262	Viruses;Duplodnaviria;Heunggongvirae;Uroviricota;Caudoviricetes;;
k127_454357	429	No terminal repeats	NA	1	11	0.8102	NA	1	1.7183	Viruses;Duplodnaviria;Heunggongvirae;Uroviricota;Caudoviricetes;;Drexlerviridae
k127_82037	309	No terminal repeats	NA	1	11	0.8085	NA	1	1.4414	Viruses;Duplodnaviria;Heunggongvirae;Uroviricota;Caudoviricetes;;
k127_82739	547	No terminal repeats	NA	1	11	0.8083	NA	1	1.2306	Viruses;Duplodnaviria;Heunggongvirae;Uroviricota;Caudoviricetes;;
k127_290021	581	No terminal repeats	NA	1	11	0.8082	NA	1	1.7183	Viruses;Duplodnaviria;Heunggongvirae;Uroviricota;Caudoviricetes;;
k127_75201	665	No terminal repeats	NA	1	11	0.8080	NA	1	1.2306	Viruses;Duplodnaviria;Heunggongvirae;Uroviricota;Caudoviricetes;;
k127_592184	353	No terminal repeats	NA	1	11	0.8062	NA	1	1.1682	Viruses;Duplodnaviria;Heunggongvirae;Uroviricota;Caudoviricetes;;
k127_480352	410	No terminal repeats	NA	1	11	0.8061	NA	1	1.3608	Viruses;Duplodnaviria;Heunggongvirae;Uroviricota;Caudoviricetes;;Straboviridae
k127_4276	346	No terminal repeats	NA	2	11	0.8054	NA	1	1.0851	Viruses;Duplodnaviria;Heunggongvirae;Uroviricota;Caudoviricetes;;
k127_185123	998	No terminal repeats	NA	1	11	0.8052	NA	1	1.7183	Viruses;Duplodnaviria;Heunggongvirae;Uroviricota;Caudoviricetes;;
k127_454987	522	No terminal repeats	NA	1	11	0.8051	NA	1	1.1904	Viruses;Duplodnaviria;Heunggongvirae;Uroviricota;Caudoviricetes;;
k127_507716	468	No terminal repeats	NA	1	11	0.8044	NA	1	1.7183	Viruses;Duplodnaviria;Heunggongvirae;Uroviricota;Caudoviricetes;;
k127_144462	346	No terminal repeats	NA	1	11	0.8032	NA	1	1.6742	Viruses;Duplodnaviria;Heunggongvirae;Uroviricota;Caudoviricetes;;
k127_375220	666	No terminal repeats	NA	2	11	0.8021	NA	1	1.4698	Viruses;Duplodnaviria;Heunggongvirae;Uroviricota;Caudoviricetes;;
k127_242009	2007	No terminal repeats	NA	1	11	0.8019	NA	1	1.1904	Viruses;Duplodnaviria;Heunggongvirae;Uroviricota;Caudoviricetes;;
k127_324053	545	No terminal repeats	NA	1	11	0.8015	NA	1	1.2306	Viruses;Duplodnaviria;Heunggongvirae;Uroviricota;Caudoviricetes;;
k127_561619	319	No terminal repeats	NA	1	11	0.8014	NA	1	1.2475	Viruses;Duplodnaviria;Heunggongvirae;Uroviricota;Caudoviricetes;;Straboviridae
k127_443004	971	No terminal repeats	NA	2	11	0.8013	NA	1	3.3957	Viruses;Duplodnaviria;Heunggongvirae;Uroviricota;Caudoviricetes;;
k127_101729	681	No terminal repeats	NA	1	11	0.8007	NA	1	1.0089	Viruses;Duplodnaviria;Heunggongvirae;Uroviricota;Caudoviricetes;;
k127_376463	928	No terminal repeats	NA	1	11	0.8006	NA	1	1.2306	Viruses;Duplodnaviria;Heunggongvirae;Uroviricota;Caudoviricetes;;
k127_167692	778	No terminal repeats	NA	1	11	0.8000	NA	1	1.7183	Viruses;Duplodnaviria;Heunggongvirae;Uroviricota;Caudoviricetes;;
k127_555444	501	No terminal repeats	NA	2	11	0.7998	NA	1	1.2934	Viruses;Duplodnaviria;Heunggongvirae;Uroviricota;Caudoviricetes;;
k127_623407	387	No terminal repeats	NA	1	11	0.7982	NA	1	1.0089	Viruses;Duplodnaviria;Heunggongvirae;Uroviricota;Caudoviricetes;;
k127_636795	512	No terminal repeats	NA	1	11	0.7979	NA	1	1.2306	Viruses;Duplodnaviria;Heunggongvirae;Uroviricota;Caudoviricetes;;
k127_603253	590	No terminal repeats	NA	2	11	0.7977	NA	1	1.7183	Viruses;Duplodnaviria;Heunggongvirae;Uroviricota;Caudoviricetes;;
k127_5253	374	No terminal repeats	NA	1	11	0.7960	NA	1	1.7161	Viruses;Duplodnaviria;Heunggongvirae;Uroviricota;Caudoviricetes;;
k127_334309	398	No terminal repeats	NA	1	11	0.7959	NA	1	1.2306	Viruses;Duplodnaviria;Heunggongvirae;Uroviricota;Caudoviricetes;;
k127_162019	658	No terminal repeats	NA	1	11	0.7958	NA	1	1.7183	Viruses;Duplodnaviria;Heunggongvirae;Uroviricota;Caudoviricetes;;
k127_72431	441	No terminal repeats	NA	1	11	0.7958	NA	1	1.3150	Viruses;Duplodnaviria;Heunggongvirae;Uroviricota;Caudoviricetes;;
k127_498236	396	No terminal repeats	NA	1	11	0.7952	NA	1	0.9531	Viruses;Duplodnaviria;Heunggongvirae;Uroviricota;Caudoviricetes;;
k127_143584	678	No terminal repeats	NA	1	11	0.7942	NA	1	1.7183	Viruses;Duplodnaviria;Heunggongvirae;Uroviricota;Caudoviricetes;;Drexlerviridae
k127_255521	668	No terminal repeats	NA	1	11	0.7942	NA	1	1.2306	Viruses;Duplodnaviria;Heunggongvirae;Uroviricota;Caudoviricetes;;
k127_16670	323	No terminal repeats	NA	1	11	0.7935	NA	1	1.3639	Viruses;Duplodnaviria;Heunggongvirae;Uroviricota;Caudoviricetes;;
k127_306610	898	No terminal repeats	NA	1	11	0.7933	NA	1	1.2306	Viruses;Duplodnaviria;Heunggongvirae;Uroviricota;Caudoviricetes;;
k127_522669	425	No terminal repeats	NA	1	11	0.7928	NA	1	1.7161	Viruses;Duplodnaviria;Heunggongvirae;Uroviricota;Caudoviricetes;;
k127_316868	444	No terminal repeats	NA	1	11	0.7920	NA	1	1.0089	Viruses;Duplodnaviria;Heunggongvirae;Uroviricota;Caudoviricetes;;
k127_294533	400	No terminal repeats	NA	2	11	0.7916	NA	1	1.6793	Viruses;Duplodnaviria;Heunggongvirae;Uroviricota;Caudoviricetes;;
k127_561280	1298	No terminal repeats	NA	1	11	0.7907	NA	1	1.2306	Viruses;Duplodnaviria;Heunggongvirae;Uroviricota;Caudoviricetes;;
k127_616306	593	No terminal repeats	NA	1	11	0.7905	NA	1	1.4433	Viruses;Duplodnaviria;Heunggongvirae;Uroviricota;Caudoviricetes;;
k127_396972	426	No terminal repeats	NA	1	11	0.7902	NA	1	1.2167	Viruses;Duplodnaviria;Heunggongvirae;Uroviricota;Caudoviricetes;;
k127_493273	671	No terminal repeats	NA	1	11	0.7898	NA	1	1.6948	Viruses;Duplodnaviria;Heunggongvirae;Uroviricota;Caudoviricetes;;
k127_171292	449	No terminal repeats	NA	1	11	0.7889	NA	1	1.5058	Unclassified
k127_663774	524	No terminal repeats	NA	1	11	0.7887	NA	1	1.7183	Viruses;Duplodnaviria;Heunggongvirae;Uroviricota;Caudoviricetes;;Straboviridae
k127_482177	2076	No terminal repeats	NA	6	11	0.7883	NA	1	2.9327	Unclassified
k127_112015	491	No terminal repeats	NA	1	11	0.7876	NA	1	1.3988	Viruses;Duplodnaviria;Heunggongvirae;Uroviricota;Caudoviricetes;;
k127_486408	363	No terminal repeats	NA	1	11	0.7875	NA	1	1.3358	Viruses;Duplodnaviria;Heunggongvirae;Uroviricota;Caudoviricetes;;
k127_367727	565	No terminal repeats	NA	1	11	0.7870	NA	1	1.1773	Viruses;Duplodnaviria;Heunggongvirae;Uroviricota;Caudoviricetes;;
k127_642443	1063	No terminal repeats	NA	2	11	0.7867	NA	1	2.7935	Viruses;Duplodnaviria;Heunggongvirae;Uroviricota;Caudoviricetes;;
k127_229724	470	No terminal repeats	NA	1	11	0.7864	NA	1	1.2271	Viruses;Duplodnaviria;Heunggongvirae;Uroviricota;Caudoviricetes;;
k127_559568	647	No terminal repeats	NA	2	11	0.7858	NA	1	1.3639	Viruses;Duplodnaviria;Heunggongvirae;Uroviricota;Caudoviricetes;;
k127_441399	383	No terminal repeats	NA	1	11	0.7856	NA	1	1.4242	Viruses;Duplodnaviria;Heunggongvirae;Uroviricota;Caudoviricetes;;
k127_200434	886	No terminal repeats	NA	2	11	0.7849	NA	1	1.7183	Viruses;Duplodnaviria;Heunggongvirae;Uroviricota;Caudoviricetes;;
k127_610002	1587	No terminal repeats	NA	1	11	0.7829	NA	1	1.6827	Viruses;Duplodnaviria;Heunggongvirae;Uroviricota;Caudoviricetes;;
k127_658978	908	No terminal repeats	NA	2	11	0.7816	NA	1	3.3957	Viruses;Duplodnaviria;Heunggongvirae;Uroviricota;Caudoviricetes;;
k127_286393	758	No terminal repeats	NA	1	11	0.7814	NA	1	1.2306	Viruses;Duplodnaviria;Heunggongvirae;Uroviricota;Caudoviricetes;;
k127_338830	1574	No terminal repeats	NA	3	11	0.7806	NA	2	3.1077	Viruses;Duplodnaviria;Heunggongvirae;Uroviricota;Caudoviricetes;;
k127_503036	834	No terminal repeats	NA	3	11	0.7804	NA	1	1.7183	Viruses;Duplodnaviria;Heunggongvirae;Uroviricota;Caudoviricetes;;
k127_605823	1052	No terminal repeats	NA	2	11	0.7801	NA	1	2.7740	Viruses;Duplodnaviria;Heunggongvirae;Uroviricota;Caudoviricetes;;
k127_311035	575	No terminal repeats	NA	1	11	0.7801	NA	1	1.7183	Viruses;Duplodnaviria;Heunggongvirae;Uroviricota;Caudoviricetes;;
k127_310517	326	No terminal repeats	NA	1	11	0.7799	NA	1	1.7161	Viruses;Duplodnaviria;Heunggongvirae;Uroviricota;Caudoviricetes;;
k127_259627	1013	No terminal repeats	NA	2	11	0.7799	NA	1	1.7183	Viruses;Duplodnaviria;Heunggongvirae;Uroviricota;Caudoviricetes;;
k127_187973	317	No terminal repeats	NA	1	11	0.7795	NA	1	1.6774	Viruses;Duplodnaviria;Heunggongvirae;Uroviricota;Caudoviricetes;;
k127_651848	535	No terminal repeats	NA	2	11	0.7792	NA	1	1.6774	Viruses;Duplodnaviria;Heunggongvirae;Uroviricota;Caudoviricetes;;
k127_369179	384	No terminal repeats	NA	1	11	0.7790	NA	1	1.1328	Viruses;Duplodnaviria;Heunggongvirae;Uroviricota;Caudoviricetes;;
k127_287156	481	No terminal repeats	NA	1	11	0.7787	NA	1	1.7159	Viruses;Duplodnaviria;Heunggongvirae;Uroviricota;Caudoviricetes;;
k127_149233	966	No terminal repeats	NA	1	11	0.7784	NA	1	1.2306	Viruses;Duplodnaviria;Heunggongvirae;Uroviricota;Caudoviricetes;;
k127_66061	807	No terminal repeats	NA	1	11	0.7783	NA	1	1.7156	Viruses;Duplodnaviria;Heunggongvirae;Uroviricota;Caudoviricetes;;
k127_112995	327	No terminal repeats	NA	1	11	0.7774	NA	1	1.1262	Viruses;Duplodnaviria;Heunggongvirae;Uroviricota;Caudoviricetes;;
k127_397783	443	No terminal repeats	NA	1	11	0.7766	NA	1	1.7020	Viruses;Duplodnaviria;Heunggongvirae;Uroviricota;Caudoviricetes;;
k127_424958	544	No terminal repeats	NA	1	11	0.7755	NA	1	1.1904	Viruses;Duplodnaviria;Heunggongvirae;Uroviricota;Caudoviricetes;;
k127_483299	393	No terminal repeats	NA	1	11	0.7754	NA	1	1.2657	Viruses;Duplodnaviria;Heunggongvirae;Uroviricota;Caudoviricetes;;
k127_407812	318	No terminal repeats	NA	1	11	0.7754	NA	1	1.4825	Viruses;Duplodnaviria;Heunggongvirae;Uroviricota;Caudoviricetes;;
k127_480032	586	No terminal repeats	NA	1	11	0.7749	NA	1	1.3307	Viruses;Duplodnaviria;Heunggongvirae;Uroviricota;Caudoviricetes;;
k127_266024	661	No terminal repeats	NA	3	11	0.7748	NA	1	1.7183	Unclassified
k127_566263	447	No terminal repeats	NA	1	11	0.7737	NA	1	1.2465	Viruses;Duplodnaviria;Heunggongvirae;Uroviricota;Caudoviricetes;;
k127_502095	774	No terminal repeats	NA	1	11	0.7724	NA	1	1.7183	Viruses;Duplodnaviria;Heunggongvirae;Uroviricota;Caudoviricetes;;
k127_148943	1160	No terminal repeats	NA	2	11	0.7718	NA	1	1.5290	Viruses;Duplodnaviria;Heunggongvirae;Uroviricota;Caudoviricetes;;
k127_203019	699	No terminal repeats	NA	2	11	0.7690	NA	1	1.7183	Viruses;Duplodnaviria;Heunggongvirae;Uroviricota;Caudoviricetes;;
k127_74181	331	No terminal repeats	NA	2	11	0.7687	NA	1	1.0834	Viruses;Duplodnaviria;Heunggongvirae;Uroviricota;Caudoviricetes;;
k127_82699	683	No terminal repeats	NA	1	11	0.7684	NA	1	1.4749	Viruses;Duplodnaviria;Heunggongvirae;Uroviricota;Caudoviricetes;;
k127_299324	544	No terminal repeats	NA	1	11	0.7678	NA	1	1.7183	Viruses;Duplodnaviria;Heunggongvirae;Uroviricota;Caudoviricetes;;
k127_147966	941	No terminal repeats	NA	1	11	0.7673	NA	1	1.2927	Viruses;Duplodnaviria;Heunggongvirae;Uroviricota;Caudoviricetes;;
k127_402037	755	No terminal repeats	NA	1	11	0.7671	NA	1	1.7183	Viruses;Duplodnaviria;Heunggongvirae;Uroviricota;Caudoviricetes;;
k127_504949	400	No terminal repeats	NA	1	11	0.7670	NA	1	1.3483	Unclassified
k127_317803	396	No terminal repeats	NA	1	11	0.7669	NA	1	1.0834	Viruses;Duplodnaviria;Heunggongvirae;Uroviricota;Caudoviricetes;;
k127_366073	1132	No terminal repeats	NA	1	11	0.7660	NA	1	1.2306	Viruses;Duplodnaviria;Heunggongvirae;Uroviricota;Caudoviricetes;;
k127_23760	432	No terminal repeats	NA	1	11	0.7634	NA	1	1.3504	Viruses;Duplodnaviria;Heunggongvirae;Uroviricota;Caudoviricetes;;
k127_103435	455	No terminal repeats	NA	1	11	0.7632	NA	1	1.1438	Viruses;Duplodnaviria;Heunggongvirae;Uroviricota;Caudoviricetes;;
k127_470735	1028	No terminal repeats	NA	3	11	0.7627	NA	1	2.7913	Viruses;Duplodnaviria;Heunggongvirae;Uroviricota;Caudoviricetes;;
k127_263237	314	No terminal repeats	NA	1	11	0.7618	NA	1	1.2683	Viruses;Duplodnaviria;Heunggongvirae;Uroviricota;Caudoviricetes;;
k127_52062	338	No terminal repeats	NA	1	11	0.7609	NA	1	1.7020	Viruses;Duplodnaviria;Heunggongvirae;Uroviricota;Caudoviricetes;;
k127_197023	317	No terminal repeats	NA	2	11	0.7600	NA	1	1.0419	Viruses;Duplodnaviria;Heunggongvirae;Uroviricota;Caudoviricetes;;
k127_254463	1559	No terminal repeats	NA	2	11	0.7599	NA	1	1.6948	Viruses;Duplodnaviria;Heunggongvirae;Uroviricota;Caudoviricetes;;
k127_496558	328	No terminal repeats	NA	1	11	0.7598	NA	1	1.4211	Viruses;Duplodnaviria;Heunggongvirae;Uroviricota;Caudoviricetes;;
k127_160970	973	No terminal repeats	NA	1	11	0.7596	NA	1	1.7183	Viruses;Duplodnaviria;Heunggongvirae;Uroviricota;Caudoviricetes;;
k127_74136	466	No terminal repeats	NA	1	11	0.7587	NA	1	1.7136	Viruses;Duplodnaviria;Heunggongvirae;Uroviricota;Caudoviricetes;;
k127_239867	327	No terminal repeats	NA	1	11	0.7584	NA	1	1.6623	Viruses;Duplodnaviria;Heunggongvirae;Uroviricota;Caudoviricetes;;
k127_293755	331	No terminal repeats	NA	1	11	0.7583	NA	1	1.7173	Viruses;Duplodnaviria;Heunggongvirae;Uroviricota;Caudoviricetes;;
k127_409344	828	No terminal repeats	NA	1	11	0.7569	NA	1	1.7183	Viruses;Duplodnaviria;Heunggongvirae;Uroviricota;Caudoviricetes;;
k127_311608	335	No terminal repeats	NA	1	11	0.7556	NA	1	1.7159	Viruses;Duplodnaviria;Heunggongvirae;Uroviricota;Caudoviricetes;;
k127_197364	974	No terminal repeats	NA	1	11	0.7554	NA	1	1.2306	Viruses;Duplodnaviria;Heunggongvirae;Uroviricota;Caudoviricetes;;
k127_352987	1101	No terminal repeats	NA	3	11	0.7550	NA	1	2.8333	Viruses;Duplodnaviria;Heunggongvirae;Uroviricota;Caudoviricetes;;
k127_49671	372	No terminal repeats	NA	1	11	0.7549	NA	1	1.3639	Viruses;Duplodnaviria;Heunggongvirae;Uroviricota;Caudoviricetes;;
k127_389609	328	No terminal repeats	NA	1	11	0.7540	NA	1	1.5337	Viruses;Duplodnaviria;Heunggongvirae;Uroviricota;Caudoviricetes;;
k127_112197	547	No terminal repeats	NA	1	11	0.7529	NA	1	1.2306	Viruses;Duplodnaviria;Heunggongvirae;Uroviricota;Caudoviricetes;;
k127_79955	351	No terminal repeats	NA	1	11	0.7523	NA	1	1.6281	Viruses;Duplodnaviria;Heunggongvirae;Uroviricota;Caudoviricetes;;
k127_403845	592	No terminal repeats	NA	1	11	0.7498	NA	1	1.3358	Viruses;Duplodnaviria;Heunggongvirae;Uroviricota;Caudoviricetes;;
k127_23615	1472	No terminal repeats	NA	1	11	0.7492	NA	1	1.7183	Viruses;Duplodnaviria;Heunggongvirae;Uroviricota;Caudoviricetes;;
k127_105137	971	No terminal repeats	NA	1	11	0.7490	NA	1	1.7183	Viruses;Duplodnaviria;Heunggongvirae;Uroviricota;Caudoviricetes;;
k127_14447	1048	No terminal repeats	NA	2	11	0.7489	NA	1	1.7183	Viruses;Riboviria;Orthornavirae;Pisuviricota;Duplopiviricetes;Durnavirales;Partitiviridae
k127_349900	2171	No terminal repeats	NA	2	11	0.7463	NA	1	1.7183	Viruses;Riboviria;Orthornavirae;Pisuviricota;Duplopiviricetes;Durnavirales;Partitiviridae
k127_187616	646	No terminal repeats	NA	1	11	0.7456	NA	1	1.0834	Viruses;Duplodnaviria;Heunggongvirae;Uroviricota;Caudoviricetes;;
k127_223716	445	No terminal repeats	NA	1	11	0.7451	NA	1	1.7020	Viruses;Duplodnaviria;Heunggongvirae;Uroviricota;Caudoviricetes;;
k127_460240	1255	No terminal repeats	NA	3	11	0.7446	NA	1	1.7183	Viruses;Duplodnaviria;Heunggongvirae;Uroviricota;Caudoviricetes;;
k127_236478	377	No terminal repeats	NA	1	11	0.7439	NA	1	1.0089	Viruses;Duplodnaviria;Heunggongvirae;Uroviricota;Caudoviricetes;;
k127_170869	323	No terminal repeats	NA	1	11	0.7438	NA	1	1.6416	Viruses;Duplodnaviria;Heunggongvirae;Uroviricota;Caudoviricetes;;
k127_310515	808	No terminal repeats	NA	1	11	0.7431	NA	1	1.6282	Viruses;Duplodnaviria;Heunggongvirae;Uroviricota;Caudoviricetes;;
k127_470995	443	No terminal repeats	NA	1	11	0.7425	NA	1	1.4119	Viruses;Duplodnaviria;Heunggongvirae;Uroviricota;Caudoviricetes;;
k127_312753	685	No terminal repeats	NA	2	11	0.7423	NA	1	3.2932	Viruses;Duplodnaviria;Heunggongvirae;Uroviricota;Caudoviricetes;;
k127_193196	314	No terminal repeats	NA	1	11	0.7415	NA	1	1.4000	Viruses;Duplodnaviria;Heunggongvirae;Uroviricota;Caudoviricetes;;
k127_482918	1530	No terminal repeats	NA	1	11	0.7410	NA	1	1.7183	Viruses;Duplodnaviria;Heunggongvirae;Uroviricota;Caudoviricetes;;
k127_583294	436	No terminal repeats	NA	1	11	0.7365	NA	1	1.6969	Unclassified
k127_410631	408	No terminal repeats	NA	1	11	0.7363	NA	1	1.5484	Viruses;Duplodnaviria;Heunggongvirae;Uroviricota;Caudoviricetes;;
k127_268254	367	No terminal repeats	NA	1	11	0.7362	NA	1	1.2632	Viruses;Duplodnaviria;Heunggongvirae;Uroviricota;Caudoviricetes;;
k127_381535	302	No terminal repeats	NA	1	11	0.7354	NA	1	1.5665	Viruses;Duplodnaviria;Heunggongvirae;Uroviricota;Caudoviricetes;;
k127_382543	349	No terminal repeats	NA	1	11	0.7354	NA	1	1.4728	Viruses;Duplodnaviria;Heunggongvirae;Uroviricota;Caudoviricetes;;
k127_149417	569	No terminal repeats	NA	1	11	0.7341	NA	1	1.6407	Viruses;Duplodnaviria;Heunggongvirae;Uroviricota;Caudoviricetes;;
k127_387519	417	No terminal repeats	NA	1	11	0.7335	NA	1	1.3816	Viruses;Duplodnaviria;Heunggongvirae;Uroviricota;Caudoviricetes;;
k127_346946	363	No terminal repeats	NA	1	11	0.7333	NA	1	1.0834	Viruses;Duplodnaviria;Heunggongvirae;Uroviricota;Caudoviricetes;;
k127_59391	1706	No terminal repeats	NA	1	11	0.7332	NA	1	1.2306	Viruses;Duplodnaviria;Heunggongvirae;Uroviricota;Caudoviricetes;;
k127_235997	334	No terminal repeats	NA	1	11	0.7330	NA	1	1.3307	Viruses;Duplodnaviria;Heunggongvirae;Uroviricota;Caudoviricetes;;
k127_262184	811	No terminal repeats	NA	1	11	0.7310	NA	1	1.6964	Viruses;Duplodnaviria;Heunggongvirae;Uroviricota;Caudoviricetes;;
k127_46619	385	No terminal repeats	NA	1	11	0.7276	NA	1	1.6947	Viruses;Duplodnaviria;Heunggongvirae;Uroviricota;Caudoviricetes;;
k127_587252	404	No terminal repeats	NA	1	11	0.7262	NA	1	1.6742	Viruses;Duplodnaviria;Heunggongvirae;Uroviricota;Caudoviricetes;;
k127_352333	530	No terminal repeats	NA	2	11	0.7260	NA	1	1.3639	Viruses;Duplodnaviria;Heunggongvirae;Uroviricota;Caudoviricetes;;
k127_307599	768	No terminal repeats	NA	2	11	0.7253	NA	1	1.3483	Unclassified
k127_581161	739	No terminal repeats	NA	1	11	0.7242	NA	1	1.6756	Viruses;Duplodnaviria;Heunggongvirae;Uroviricota;Caudoviricetes;;
k127_295215	308	No terminal repeats	NA	1	11	0.7233	NA	1	1.1982	Viruses;Duplodnaviria;Heunggongvirae;Uroviricota;Caudoviricetes;;
k127_140009	970	No terminal repeats	NA	1	11	0.7205	NA	1	1.4880	Viruses;Duplodnaviria;Heunggongvirae;Uroviricota;Caudoviricetes;;
k127_66383	663	No terminal repeats	NA	3	11	0.7186	NA	1	1.2847	Viruses;Duplodnaviria;Heunggongvirae;Uroviricota;Caudoviricetes;;
k127_309445	667	No terminal repeats	NA	1	11	0.7185	NA	1	1.6725	Viruses;Duplodnaviria;Heunggongvirae;Uroviricota;Caudoviricetes;;
k127_545527	307	No terminal repeats	NA	1	11	0.7182	NA	1	1.0320	Viruses;Duplodnaviria;Heunggongvirae;Uroviricota;Caudoviricetes;;
k127_597208	555	No terminal repeats	NA	1	11	0.7182	NA	1	1.2987	Viruses;Duplodnaviria;Heunggongvirae;Uroviricota;Caudoviricetes;;
k127_177732	256	No terminal repeats	NA	1	11	0.7167	NA	1	1.6669	Viruses;Duplodnaviria;Heunggongvirae;Uroviricota;Caudoviricetes;;
k127_224668	702	No terminal repeats	NA	1	11	0.7157	NA	1	1.4749	Viruses;Duplodnaviria;Heunggongvirae;Uroviricota;Caudoviricetes;;
k127_237504	1221	No terminal repeats	NA	2	11	0.7154	NA	1	1.7183	Viruses;Duplodnaviria;Heunggongvirae;Uroviricota;Caudoviricetes;;
k127_527052	1121	No terminal repeats	NA	1	11	0.7153	NA	1	1.7183	Viruses;Riboviria;Orthornavirae;Pisuviricota;Duplopiviricetes;Durnavirales;Partitiviridae
k127_219498	312	No terminal repeats	NA	1	11	0.7149	NA	1	1.3639	Viruses;Duplodnaviria;Heunggongvirae;Uroviricota;Caudoviricetes;;
k127_196348	345	No terminal repeats	NA	1	11	0.7149	NA	1	1.1387	Viruses;Duplodnaviria;Heunggongvirae;Uroviricota;Caudoviricetes;;
k127_38869	361	No terminal repeats	NA	1	11	0.7140	NA	1	1.3562	Viruses;Duplodnaviria;Heunggongvirae;Uroviricota;Caudoviricetes;;
k127_147972	340	No terminal repeats	NA	1	11	0.7132	NA	1	1.2753	Viruses;Duplodnaviria;Heunggongvirae;Uroviricota;Caudoviricetes;;
k127_585471	335	No terminal repeats	NA	1	11	0.7123	NA	1	1.7156	Viruses;Duplodnaviria;Heunggongvirae;Uroviricota;Caudoviricetes;;
k127_455432	327	No terminal repeats	NA	1	11	0.7112	NA	1	1.1808	Viruses;Duplodnaviria;Heunggongvirae;Uroviricota;Caudoviricetes;;
k127_557576	404	No terminal repeats	NA	1	11	0.7097	NA	1	1.6929	Viruses;Duplodnaviria;Heunggongvirae;Uroviricota;Caudoviricetes;;
k127_492893	319	No terminal repeats	NA	1	11	0.7096	NA	1	1.3358	Viruses;Duplodnaviria;Heunggongvirae;Uroviricota;Caudoviricetes;;
k127_168341	347	No terminal repeats	NA	1	11	0.7087	NA	1	1.7097	Viruses;Duplodnaviria;Heunggongvirae;Uroviricota;Caudoviricetes;;
k127_242509	603	No terminal repeats	NA	1	11	0.7085	NA	1	1.7183	Viruses;Duplodnaviria;Heunggongvirae;Uroviricota;Caudoviricetes;;
k127_13011	555	No terminal repeats	NA	1	11	0.7079	NA	1	1.0089	Viruses;Duplodnaviria;Heunggongvirae;Uroviricota;Caudoviricetes;;
k127_242584	372	No terminal repeats	NA	1	11	0.7036	NA	1	1.6804	Viruses;Duplodnaviria;Heunggongvirae;Uroviricota;Caudoviricetes;;
k127_361564	1860	No terminal repeats	NA	1	11	0.7031	NA	1	1.7183	Viruses;Riboviria;Orthornavirae;Pisuviricota;Duplopiviricetes;Durnavirales;Partitiviridae
k127_252667	359	No terminal repeats	NA	1	11	0.7007	NA	1	1.6774	Viruses;Duplodnaviria;Heunggongvirae;Uroviricota;Caudoviricetes;;
k127_181160	301	No terminal repeats	NA	1	11	0.7003	NA	1	1.3878	Viruses;Duplodnaviria;Heunggongvirae;Uroviricota;Caudoviricetes;;
