seq_name	length	topology	coordinates	n_genes	genetic_code	virus_score	fdr	n_hallmarks	marker_enrichment	taxonomy
k127_816388	1147	No terminal repeats	NA	2	11	0.9783	NA	1	3.4331	Unclassified
k127_136952	736	No terminal repeats	NA	1	11	0.9734	NA	1	1.7183	Viruses;Duplodnaviria;Heunggongvirae;Uroviricota;Caudoviricetes;;
k127_674529	710	No terminal repeats	NA	1	11	0.9707	NA	1	1.7183	Viruses;Duplodnaviria;Heunggongvirae;Uroviricota;Caudoviricetes;;
k127_18348	747	No terminal repeats	NA	2	11	0.9704	NA	1	3.4366	Viruses;Duplodnaviria;Heunggongvirae;Uroviricota;Caudoviricetes;;
k127_855534	444	No terminal repeats	NA	1	11	0.9683	NA	1	1.5968	Viruses;Duplodnaviria;Heunggongvirae;Uroviricota;Caudoviricetes;;
k127_741477	321	No terminal repeats	NA	1	11	0.9668	NA	1	1.4595	Viruses;Duplodnaviria;Heunggongvirae;Uroviricota;Caudoviricetes;;
k127_1020401	684	No terminal repeats	NA	1	11	0.9667	NA	1	1.7183	Viruses;Duplodnaviria;Heunggongvirae;Uroviricota;Caudoviricetes;;
k127_379060	3401	No terminal repeats	NA	3	11	0.9664	NA	3	3.9108	Viruses;Duplodnaviria;Heunggongvirae;Uroviricota;Caudoviricetes;;
k127_268760	618	No terminal repeats	NA	1	11	0.9663	NA	1	1.7183	Viruses;Duplodnaviria;Heunggongvirae;Uroviricota;Caudoviricetes;;
k127_41485	609	No terminal repeats	NA	1	11	0.9647	NA	1	1.7183	Viruses;Duplodnaviria;Heunggongvirae;Uroviricota;Caudoviricetes;;
k127_360961	407	No terminal repeats	NA	1	11	0.9632	NA	1	1.7183	Unclassified
k127_155997	1191	No terminal repeats	NA	2	11	0.9631	NA	1	3.1176	Viruses;Duplodnaviria;Heunggongvirae;Uroviricota;Caudoviricetes;;
k127_93849	351	No terminal repeats	NA	1	11	0.9630	NA	1	1.7183	Viruses;Duplodnaviria;Heunggongvirae;Uroviricota;Caudoviricetes;;
k127_424891	407	No terminal repeats	NA	1	11	0.9621	NA	1	1.7183	Viruses;Duplodnaviria;Heunggongvirae;Uroviricota;Caudoviricetes;;
k127_612169	409	No terminal repeats	NA	2	11	0.9613	NA	1	1.7183	Viruses;Duplodnaviria;Heunggongvirae;Uroviricota;Caudoviricetes;;Herelleviridae
k127_1021102	329	No terminal repeats	NA	1	11	0.9609	NA	1	1.7183	Viruses;Duplodnaviria;Heunggongvirae;Uroviricota;Caudoviricetes;;
k127_89473	404	No terminal repeats	NA	1	11	0.9609	NA	1	1.4595	Viruses;Duplodnaviria;Heunggongvirae;Uroviricota;Caudoviricetes;;
k127_443629	594	No terminal repeats	NA	1	11	0.9607	NA	1	1.4698	Viruses;Duplodnaviria;Heunggongvirae;Uroviricota;Caudoviricetes;;
k127_110322	517	No terminal repeats	NA	1	11	0.9604	NA	1	1.7183	Viruses;Duplodnaviria;Heunggongvirae;Uroviricota;Caudoviricetes;;
k127_500183	442	No terminal repeats	NA	1	11	0.9598	NA	1	1.7183	Viruses;Duplodnaviria;Heunggongvirae;Uroviricota;Caudoviricetes;;
k127_735127	329	No terminal repeats	NA	1	11	0.9598	NA	1	1.7183	Viruses;Duplodnaviria;Heunggongvirae;Uroviricota;Caudoviricetes;;
k127_205526	346	No terminal repeats	NA	1	11	0.9596	NA	1	1.7183	Unclassified
k127_542203	373	No terminal repeats	NA	1	11	0.9593	NA	1	1.7183	Viruses;Duplodnaviria;Heunggongvirae;Uroviricota;Caudoviricetes;;
k127_33468	347	No terminal repeats	NA	1	11	0.9586	NA	1	1.4595	Viruses;Duplodnaviria;Heunggongvirae;Uroviricota;Caudoviricetes;;
k127_707661	4373	No terminal repeats	NA	5	11	0.9584	NA	2	6.5434	Viruses;Duplodnaviria;Heunggongvirae;Uroviricota;Caudoviricetes;;
k127_812265	590	No terminal repeats	NA	1	11	0.9580	NA	1	1.7183	Viruses;Duplodnaviria;Heunggongvirae;Uroviricota;Caudoviricetes;;
k127_773844	360	No terminal repeats	NA	1	11	0.9580	NA	1	1.7183	Viruses;Duplodnaviria;Heunggongvirae;Uroviricota;Caudoviricetes;;
k127_700613	353	No terminal repeats	NA	2	11	0.9573	NA	1	1.7183	Viruses;Duplodnaviria;Heunggongvirae;Uroviricota;Caudoviricetes;;Herelleviridae
k127_883579	305	No terminal repeats	NA	1	11	0.9567	NA	1	1.7183	Viruses;Duplodnaviria;Heunggongvirae;Uroviricota;Caudoviricetes;;
k127_674840	1154	No terminal repeats	NA	1	11	0.9565	NA	1	1.7183	Viruses;Duplodnaviria;Heunggongvirae;Uroviricota;Caudoviricetes;;
k127_441897	405	No terminal repeats	NA	1	11	0.9556	NA	1	1.7183	Viruses;Duplodnaviria;Heunggongvirae;Uroviricota;Caudoviricetes;;
k127_632279	314	No terminal repeats	NA	1	11	0.9555	NA	1	1.7183	Viruses;Duplodnaviria;Heunggongvirae;Uroviricota;Caudoviricetes;;
k127_542654	386	No terminal repeats	NA	1	11	0.9554	NA	1	1.7183	Viruses;Duplodnaviria;Heunggongvirae;Uroviricota;Caudoviricetes;;
k127_597881	340	No terminal repeats	NA	1	11	0.9553	NA	1	1.4595	Viruses;Duplodnaviria;Heunggongvirae;Uroviricota;Caudoviricetes;;
k127_8764	409	No terminal repeats	NA	1	11	0.9549	NA	1	1.7183	Viruses;Duplodnaviria;Heunggongvirae;Uroviricota;Caudoviricetes;;Drexlerviridae
k127_728602	615	No terminal repeats	NA	2	11	0.9546	NA	1	1.7183	Viruses;Duplodnaviria;Heunggongvirae;Uroviricota;Caudoviricetes;;Herelleviridae
k127_211209	405	No terminal repeats	NA	1	11	0.9544	NA	1	1.7183	Viruses;Duplodnaviria;Heunggongvirae;Uroviricota;Caudoviricetes;;
k127_426329	396	No terminal repeats	NA	1	11	0.9543	NA	1	1.7183	Viruses;Duplodnaviria;Heunggongvirae;Uroviricota;Caudoviricetes;;
k127_566457	311	No terminal repeats	NA	1	11	0.9539	NA	1	1.5961	Unclassified
k127_353440	352	No terminal repeats	NA	1	11	0.9537	NA	1	1.7183	Viruses;Duplodnaviria;Heunggongvirae;Uroviricota;Caudoviricetes;;
k127_603960	1036	No terminal repeats	NA	1	11	0.9531	NA	1	1.5986	Viruses;Duplodnaviria;Heunggongvirae;Uroviricota;Caudoviricetes;;
k127_396753	572	No terminal repeats	NA	1	11	0.9520	NA	1	1.7183	Viruses;Duplodnaviria;Heunggongvirae;Uroviricota;Caudoviricetes;;
k127_880327	541	No terminal repeats	NA	1	11	0.9512	NA	1	1.7183	Viruses;Duplodnaviria;Heunggongvirae;Uroviricota;Caudoviricetes;;
k127_564787	322	No terminal repeats	NA	1	11	0.9504	NA	1	1.7183	Viruses;Duplodnaviria;Heunggongvirae;Uroviricota;Caudoviricetes;;
k127_718393	377	No terminal repeats	NA	1	11	0.9503	NA	1	1.7183	Viruses;Duplodnaviria;Heunggongvirae;Uroviricota;Caudoviricetes;;
k127_3857	356	No terminal repeats	NA	1	11	0.9499	NA	1	1.7183	Viruses;Duplodnaviria;Heunggongvirae;Uroviricota;Caudoviricetes;;Herelleviridae
k127_631652	306	No terminal repeats	NA	1	11	0.9493	NA	1	1.7183	Viruses;Duplodnaviria;Heunggongvirae;Uroviricota;Caudoviricetes;;Herelleviridae
k127_2420	892	No terminal repeats	NA	1	11	0.9491	NA	1	1.7183	Viruses;Duplodnaviria;Heunggongvirae;Uroviricota;Caudoviricetes;;
k127_933036	14382	No terminal repeats	NA	19	11	0.9481	NA	2	14.8405	Viruses;Duplodnaviria;Heunggongvirae;Uroviricota;Caudoviricetes;;
k127_877947	487	No terminal repeats	NA	1	11	0.9480	NA	1	1.7183	Viruses;Duplodnaviria;Heunggongvirae;Uroviricota;Caudoviricetes;;
k127_201873	352	No terminal repeats	NA	1	11	0.9474	NA	1	1.7183	Unclassified
k127_262898	340	No terminal repeats	NA	1	11	0.9467	NA	1	1.7183	Viruses;Duplodnaviria;Heunggongvirae;Uroviricota;Caudoviricetes;;
k127_691025	3458	No terminal repeats	NA	5	11	0.9464	NA	0	3.7173	Viruses;Duplodnaviria;Heunggongvirae;Uroviricota;Caudoviricetes;;
k127_52562	341	No terminal repeats	NA	1	11	0.9462	NA	1	1.5155	Viruses;Duplodnaviria;Heunggongvirae;Uroviricota;Caudoviricetes;;
k127_254278	386	No terminal repeats	NA	1	11	0.9462	NA	1	1.7183	Unclassified
k127_355441	317	No terminal repeats	NA	1	11	0.9462	NA	1	1.7183	Viruses;Duplodnaviria;Heunggongvirae;Uroviricota;Caudoviricetes;;
k127_286983	348	No terminal repeats	NA	1	11	0.9461	NA	1	1.4595	Viruses;Duplodnaviria;Heunggongvirae;Uroviricota;Caudoviricetes;;
k127_997464	351	No terminal repeats	NA	2	11	0.9457	NA	1	1.7183	Viruses;Duplodnaviria;Heunggongvirae;Uroviricota;Caudoviricetes;;Herelleviridae
k127_497992	424	No terminal repeats	NA	1	11	0.9450	NA	1	1.7183	Viruses;Duplodnaviria;Heunggongvirae;Uroviricota;Caudoviricetes;;
k127_701400	446	No terminal repeats	NA	1	11	0.9446	NA	1	1.7183	Viruses;Duplodnaviria;Heunggongvirae;Uroviricota;Caudoviricetes;;
k127_687442	356	No terminal repeats	NA	1	11	0.9445	NA	1	1.5330	Viruses;Duplodnaviria;Heunggongvirae;Uroviricota;Caudoviricetes;;
k127_977326	301	No terminal repeats	NA	1	11	0.9441	NA	1	1.7183	Viruses;Duplodnaviria;Heunggongvirae;Uroviricota;Caudoviricetes;;
k127_708659	323	No terminal repeats	NA	1	11	0.9438	NA	1	1.7183	Viruses;Duplodnaviria;Heunggongvirae;Uroviricota;Caudoviricetes;;
k127_32131	314	No terminal repeats	NA	1	11	0.9433	NA	1	1.7183	Viruses;Duplodnaviria;Heunggongvirae;Uroviricota;Caudoviricetes;;
k127_294888	466	No terminal repeats	NA	1	11	0.9432	NA	1	1.7183	Viruses;Duplodnaviria;Heunggongvirae;Uroviricota;Caudoviricetes;;
k127_46524	505	No terminal repeats	NA	1	11	0.9427	NA	1	1.4464	Viruses;Duplodnaviria;Heunggongvirae;Uroviricota;Caudoviricetes;;
k127_219908	466	No terminal repeats	NA	1	11	0.9426	NA	1	1.7183	Viruses;Duplodnaviria;Heunggongvirae;Uroviricota;Caudoviricetes;;
k127_367593	354	No terminal repeats	NA	1	11	0.9424	NA	1	1.7183	Viruses;Duplodnaviria;Heunggongvirae;Uroviricota;Caudoviricetes;;
k127_834304	562	No terminal repeats	NA	1	11	0.9421	NA	1	1.7183	Viruses;Duplodnaviria;Heunggongvirae;Uroviricota;Caudoviricetes;;
k127_902439	1824	No terminal repeats	NA	2	11	0.9419	NA	2	2.4747	Viruses;Duplodnaviria;Heunggongvirae;Uroviricota;Caudoviricetes;;
k127_32351	395	No terminal repeats	NA	1	11	0.9418	NA	1	1.7183	Viruses;Duplodnaviria;Heunggongvirae;Uroviricota;Caudoviricetes;;
k127_979608	340	No terminal repeats	NA	1	11	0.9417	NA	1	1.7183	Viruses;Duplodnaviria;Heunggongvirae;Uroviricota;Caudoviricetes;;
k127_154333	418	No terminal repeats	NA	2	11	0.9404	NA	2	3.1616	Viruses;Duplodnaviria;Heunggongvirae;Uroviricota;Caudoviricetes;;
k127_410974	360	No terminal repeats	NA	1	11	0.9404	NA	1	1.7183	Viruses;Duplodnaviria;Heunggongvirae;Uroviricota;Caudoviricetes;;
k127_967100	322	No terminal repeats	NA	1	11	0.9403	NA	1	1.7183	Viruses;Duplodnaviria;Heunggongvirae;Uroviricota;Caudoviricetes;;
k127_542259	337	No terminal repeats	NA	1	11	0.9401	NA	1	1.7183	Viruses;Duplodnaviria;Heunggongvirae;Uroviricota;Caudoviricetes;;
k127_178962	441	No terminal repeats	NA	1	11	0.9399	NA	1	1.7183	Viruses;Duplodnaviria;Heunggongvirae;Uroviricota;Caudoviricetes;;
k127_983423	427	No terminal repeats	NA	1	11	0.9397	NA	1	1.7140	Viruses;Duplodnaviria;Heunggongvirae;Uroviricota;Caudoviricetes;;
k127_323018	312	No terminal repeats	NA	1	11	0.9389	NA	1	1.4698	Viruses;Duplodnaviria;Heunggongvirae;Uroviricota;Caudoviricetes;;
k127_763646	316	No terminal repeats	NA	1	11	0.9389	NA	1	1.7183	Viruses;Duplodnaviria;Heunggongvirae;Uroviricota;Caudoviricetes;;
k127_813333	523	No terminal repeats	NA	1	11	0.9381	NA	1	1.4595	Viruses;Duplodnaviria;Heunggongvirae;Uroviricota;Caudoviricetes;;
k127_884247	1074	No terminal repeats	NA	2	11	0.9381	NA	1	3.4366	Viruses;Duplodnaviria;Heunggongvirae;Uroviricota;Caudoviricetes;;
k127_656242	388	No terminal repeats	NA	1	11	0.9377	NA	1	1.7183	Viruses;Duplodnaviria;Heunggongvirae;Uroviricota;Caudoviricetes;;
k127_881307	437	No terminal repeats	NA	1	11	0.9375	NA	1	1.7183	Viruses;Duplodnaviria;Heunggongvirae;Uroviricota;Caudoviricetes;;
k127_359662	342	No terminal repeats	NA	1	11	0.9374	NA	1	1.7183	Viruses;Duplodnaviria;Heunggongvirae;Uroviricota;Caudoviricetes;;
k127_787049	328	No terminal repeats	NA	1	11	0.9371	NA	1	1.6066	Viruses;Duplodnaviria;Heunggongvirae;Uroviricota;Caudoviricetes;;
k127_776745	462	No terminal repeats	NA	1	11	0.9367	NA	1	1.7183	Viruses;Duplodnaviria;Heunggongvirae;Uroviricota;Caudoviricetes;;
k127_162972	478	No terminal repeats	NA	1	11	0.9366	NA	1	1.4595	Viruses;Duplodnaviria;Heunggongvirae;Uroviricota;Caudoviricetes;;
k127_940104	384	No terminal repeats	NA	1	11	0.9366	NA	1	1.7183	Viruses;Duplodnaviria;Heunggongvirae;Uroviricota;Caudoviricetes;;
k127_145295	372	No terminal repeats	NA	1	11	0.9348	NA	1	1.7183	Viruses;Duplodnaviria;Heunggongvirae;Uroviricota;Caudoviricetes;;
k127_392763	361	No terminal repeats	NA	1	11	0.9346	NA	1	1.4211	Viruses;Duplodnaviria;Heunggongvirae;Uroviricota;Caudoviricetes;;
k127_892839	385	No terminal repeats	NA	1	11	0.9343	NA	1	1.7183	Viruses;Duplodnaviria;Heunggongvirae;Uroviricota;Caudoviricetes;;
k127_938577	932	No terminal repeats	NA	3	11	0.9337	NA	2	4.0782	Viruses;Duplodnaviria;Heunggongvirae;Uroviricota;Caudoviricetes;;
k127_35320	357	No terminal repeats	NA	1	11	0.9336	NA	1	1.7183	Viruses;Duplodnaviria;Heunggongvirae;Uroviricota;Caudoviricetes;;
k127_149705	434	No terminal repeats	NA	1	11	0.9333	NA	1	1.7183	Viruses;Duplodnaviria;Heunggongvirae;Uroviricota;Caudoviricetes;;Herelleviridae
k127_595628	2819	No terminal repeats	NA	2	11	0.9331	NA	0	1.7183	Viruses;Duplodnaviria;Heunggongvirae;Uroviricota;Caudoviricetes;;
k127_716461	407	No terminal repeats	NA	1	11	0.9328	NA	1	1.7183	Viruses;Duplodnaviria;Heunggongvirae;Uroviricota;Caudoviricetes;;
k127_150211	1316	No terminal repeats	NA	2	11	0.9328	NA	1	2.8214	Viruses;Duplodnaviria;Heunggongvirae;Uroviricota;Caudoviricetes;;
k127_61149	348	No terminal repeats	NA	1	11	0.9323	NA	1	1.7183	Viruses;Duplodnaviria;Heunggongvirae;Uroviricota;Caudoviricetes;;
k127_718240	411	No terminal repeats	NA	2	11	0.9322	NA	1	1.7158	Unclassified
k127_266402	438	No terminal repeats	NA	1	11	0.9320	NA	1	1.7183	Viruses;Duplodnaviria;Heunggongvirae;Uroviricota;Caudoviricetes;;
k127_981945	487	No terminal repeats	NA	1	11	0.9317	NA	1	1.7183	Viruses;Duplodnaviria;Heunggongvirae;Uroviricota;Caudoviricetes;;
k127_950685	1052	No terminal repeats	NA	2	11	0.9315	NA	2	2.8209	Viruses;Duplodnaviria;Heunggongvirae;Uroviricota;Caudoviricetes;;
k127_373434	491	No terminal repeats	NA	1	11	0.9309	NA	1	1.7183	Viruses;Duplodnaviria;Heunggongvirae;Uroviricota;Caudoviricetes;;
k127_89733	428	No terminal repeats	NA	1	11	0.9308	NA	1	1.7183	Viruses;Duplodnaviria;Heunggongvirae;Uroviricota;Caudoviricetes;;
k127_832988	406	No terminal repeats	NA	1	11	0.9301	NA	1	1.7183	Viruses;Duplodnaviria;Heunggongvirae;Uroviricota;Caudoviricetes;;
k127_493583	602	No terminal repeats	NA	1	11	0.9295	NA	1	1.1530	Viruses;Duplodnaviria;Heunggongvirae;Uroviricota;Caudoviricetes;;
k127_122525	336	No terminal repeats	NA	1	11	0.9291	NA	1	1.4595	Viruses;Duplodnaviria;Heunggongvirae;Uroviricota;Caudoviricetes;;
k127_134707	320	No terminal repeats	NA	1	11	0.9290	NA	1	1.7183	Viruses;Duplodnaviria;Heunggongvirae;Uroviricota;Caudoviricetes;;
k127_121617	474	No terminal repeats	NA	1	11	0.9290	NA	1	1.7183	Viruses;Duplodnaviria;Heunggongvirae;Uroviricota;Caudoviricetes;;
k127_880810	345	No terminal repeats	NA	1	11	0.9287	NA	1	1.7183	Viruses;Duplodnaviria;Heunggongvirae;Uroviricota;Caudoviricetes;;
k127_849781	529	No terminal repeats	NA	1	11	0.9277	NA	1	1.4698	Viruses;Duplodnaviria;Heunggongvirae;Uroviricota;Caudoviricetes;;
k127_532955	445	No terminal repeats	NA	1	11	0.9271	NA	1	1.7183	Viruses;Duplodnaviria;Heunggongvirae;Uroviricota;Caudoviricetes;;
k127_899401	788	No terminal repeats	NA	2	11	0.9269	NA	2	3.4366	Viruses;Duplodnaviria;Heunggongvirae;Uroviricota;Caudoviricetes;;
k127_951	408	No terminal repeats	NA	1	11	0.9268	NA	1	1.7183	Viruses;Duplodnaviria;Heunggongvirae;Uroviricota;Caudoviricetes;;
k127_473378	496	No terminal repeats	NA	1	11	0.9267	NA	1	1.7183	Viruses;Duplodnaviria;Heunggongvirae;Uroviricota;Caudoviricetes;;
k127_111551	1113	No terminal repeats	NA	2	11	0.9267	NA	1	3.1699	Viruses;Duplodnaviria;Heunggongvirae;Uroviricota;Caudoviricetes;;
k127_628894	422	No terminal repeats	NA	1	11	0.9263	NA	1	1.7183	Viruses;Duplodnaviria;Heunggongvirae;Uroviricota;Caudoviricetes;;
k127_690484	667	No terminal repeats	NA	1	11	0.9259	NA	1	1.7183	Viruses;Duplodnaviria;Heunggongvirae;Uroviricota;Caudoviricetes;;Herelleviridae
k127_643988	971	No terminal repeats	NA	2	11	0.9257	NA	1	2.9278	Viruses;Duplodnaviria;Heunggongvirae;Uroviricota;Caudoviricetes;;
k127_711833	585	No terminal repeats	NA	1	11	0.9257	NA	1	1.7183	Viruses;Duplodnaviria;Heunggongvirae;Uroviricota;Caudoviricetes;;
k127_972384	1034	No terminal repeats	NA	1	11	0.9254	NA	1	1.7183	Unclassified
k127_393209	308	No terminal repeats	NA	1	11	0.9249	NA	1	1.7183	Viruses;Duplodnaviria;Heunggongvirae;Uroviricota;Caudoviricetes;;
k127_547294	333	No terminal repeats	NA	1	11	0.9245	NA	1	1.7183	Viruses;Duplodnaviria;Heunggongvirae;Uroviricota;Caudoviricetes;;
k127_318348	743	No terminal repeats	NA	1	11	0.9243	NA	1	1.7183	Viruses;Duplodnaviria;Heunggongvirae;Uroviricota;Caudoviricetes;;
k127_861971	2582	No terminal repeats	NA	3	11	0.9243	NA	1	3.6310	Viruses;Duplodnaviria;Heunggongvirae;Uroviricota;Caudoviricetes;;
k127_426952	320	No terminal repeats	NA	1	11	0.9239	NA	1	1.7183	Viruses;Duplodnaviria;Heunggongvirae;Uroviricota;Caudoviricetes;;
k127_1004383	371	No terminal repeats	NA	1	11	0.9239	NA	1	1.7183	Viruses;Duplodnaviria;Heunggongvirae;Uroviricota;Caudoviricetes;;
k127_223032	347	No terminal repeats	NA	1	11	0.9235	NA	1	1.7183	Viruses;Duplodnaviria;Heunggongvirae;Uroviricota;Caudoviricetes;;
k127_171443	1806	No terminal repeats	NA	1	11	0.9235	NA	1	1.7183	Viruses;Duplodnaviria;Heunggongvirae;Uroviricota;Caudoviricetes;;
k127_322861	436	No terminal repeats	NA	1	11	0.9232	NA	1	1.7183	Viruses;Duplodnaviria;Heunggongvirae;Uroviricota;Caudoviricetes;;
k127_707060	324	No terminal repeats	NA	1	11	0.9212	NA	1	1.7183	Viruses;Duplodnaviria;Heunggongvirae;Uroviricota;Caudoviricetes;;
k127_10394	938	No terminal repeats	NA	1	11	0.9208	NA	1	1.4595	Viruses;Duplodnaviria;Heunggongvirae;Uroviricota;Caudoviricetes;;
k127_398585	492	No terminal repeats	NA	1	11	0.9207	NA	1	1.5961	Unclassified
k127_730443	319	No terminal repeats	NA	1	11	0.9205	NA	1	1.3050	Viruses;Duplodnaviria;Heunggongvirae;Uroviricota;Caudoviricetes;;
k127_1027243	442	No terminal repeats	NA	1	11	0.9204	NA	1	1.5278	Viruses;Duplodnaviria;Heunggongvirae;Uroviricota;Caudoviricetes;;
k127_211791	391	No terminal repeats	NA	1	11	0.9203	NA	1	1.2306	Viruses;Duplodnaviria;Heunggongvirae;Uroviricota;Caudoviricetes;;
k127_606181	455	No terminal repeats	NA	1	11	0.9201	NA	1	1.7183	Viruses;Duplodnaviria;Heunggongvirae;Uroviricota;Caudoviricetes;;
k127_251515	334	No terminal repeats	NA	1	11	0.9198	NA	1	1.4764	Viruses;Duplodnaviria;Heunggongvirae;Uroviricota;Caudoviricetes;;
k127_992027	922	No terminal repeats	NA	2	11	0.9198	NA	1	1.7183	Viruses;Duplodnaviria;Heunggongvirae;Uroviricota;Caudoviricetes;;
k127_106838	331	No terminal repeats	NA	1	11	0.9197	NA	1	1.5134	Viruses;Duplodnaviria;Heunggongvirae;Uroviricota;Caudoviricetes;;
k127_944355	8691	No terminal repeats	NA	15	11	0.9185	NA	3	17.4397	Viruses;Duplodnaviria;Heunggongvirae;Uroviricota;Caudoviricetes;;
k127_673676	554	No terminal repeats	NA	1	11	0.9184	NA	1	1.5986	Viruses;Duplodnaviria;Heunggongvirae;Uroviricota;Caudoviricetes;;
k127_503114	1136	No terminal repeats	NA	1	11	0.9179	NA	1	1.1904	Viruses;Duplodnaviria;Heunggongvirae;Uroviricota;Caudoviricetes;;
k127_109685	1025	No terminal repeats	NA	1	11	0.9174	NA	1	1.7183	Viruses;Duplodnaviria;Heunggongvirae;Uroviricota;Caudoviricetes;;
k127_776725	372	No terminal repeats	NA	1	11	0.9173	NA	1	1.7183	Viruses;Duplodnaviria;Heunggongvirae;Uroviricota;Caudoviricetes;;
k127_339585	338	No terminal repeats	NA	1	11	0.9171	NA	1	1.3050	Viruses;Duplodnaviria;Heunggongvirae;Uroviricota;Caudoviricetes;;
k127_633283	321	No terminal repeats	NA	1	11	0.9168	NA	1	1.7183	Viruses;Duplodnaviria;Heunggongvirae;Uroviricota;Caudoviricetes;;
k127_1049700	457	No terminal repeats	NA	1	11	0.9163	NA	1	1.7142	Viruses;Duplodnaviria;Heunggongvirae;Uroviricota;Caudoviricetes;;
k127_97679	372	No terminal repeats	NA	1	11	0.9160	NA	1	1.7183	Viruses;Duplodnaviria;Heunggongvirae;Uroviricota;Caudoviricetes;;
k127_723929	597	No terminal repeats	NA	1	11	0.9157	NA	1	1.4060	Viruses;Duplodnaviria;Heunggongvirae;Uroviricota;Caudoviricetes;;
k127_509866	333	No terminal repeats	NA	1	11	0.9154	NA	1	1.7183	Viruses;Duplodnaviria;Heunggongvirae;Uroviricota;Caudoviricetes;;
k127_351157	488	No terminal repeats	NA	1	11	0.9153	NA	1	1.7183	Viruses;Duplodnaviria;Heunggongvirae;Uroviricota;Caudoviricetes;;
k127_131255	444	No terminal repeats	NA	2	11	0.9151	NA	1	1.7183	Viruses;Duplodnaviria;Heunggongvirae;Uroviricota;Caudoviricetes;;Straboviridae
k127_984535	398	No terminal repeats	NA	1	11	0.9149	NA	1	1.7183	Viruses;Duplodnaviria;Heunggongvirae;Uroviricota;Caudoviricetes;;
k127_967961	385	No terminal repeats	NA	1	11	0.9144	NA	1	1.1982	Viruses;Duplodnaviria;Heunggongvirae;Uroviricota;Caudoviricetes;;
k127_669055	311	No terminal repeats	NA	1	11	0.9143	NA	1	1.4749	Viruses;Duplodnaviria;Heunggongvirae;Uroviricota;Caudoviricetes;;
k127_523431	2806	No terminal repeats	NA	1	11	0.9137	NA	0	1.7183	Viruses;Duplodnaviria;Heunggongvirae;Uroviricota;Caudoviricetes;;
k127_332522	507	No terminal repeats	NA	1	11	0.9134	NA	1	1.7183	Viruses;Duplodnaviria;Heunggongvirae;Uroviricota;Caudoviricetes;;
k127_1038640	413	No terminal repeats	NA	1	11	0.9131	NA	1	1.7183	Viruses;Duplodnaviria;Heunggongvirae;Uroviricota;Caudoviricetes;;
k127_548223	328	No terminal repeats	NA	1	11	0.9130	NA	1	1.3050	Viruses;Duplodnaviria;Heunggongvirae;Uroviricota;Caudoviricetes;;
k127_378141	335	No terminal repeats	NA	2	11	0.9129	NA	1	1.7169	Viruses;Duplodnaviria;Heunggongvirae;Uroviricota;Caudoviricetes;;
k127_395253	364	No terminal repeats	NA	1	11	0.9129	NA	1	1.3050	Viruses;Duplodnaviria;Heunggongvirae;Uroviricota;Caudoviricetes;;
k127_145138	572	No terminal repeats	NA	1	11	0.9127	NA	1	1.7171	Viruses;Duplodnaviria;Heunggongvirae;Uroviricota;Caudoviricetes;;Straboviridae
k127_73087	313	No terminal repeats	NA	2	11	0.9127	NA	2	3.0255	Viruses;Duplodnaviria;Heunggongvirae;Uroviricota;Caudoviricetes;;
k127_913988	552	No terminal repeats	NA	1	11	0.9125	NA	1	1.7183	Viruses;Duplodnaviria;Heunggongvirae;Uroviricota;Caudoviricetes;;
k127_586264	306	No terminal repeats	NA	1	11	0.9121	NA	1	1.7183	Viruses;Duplodnaviria;Heunggongvirae;Uroviricota;Caudoviricetes;;
k127_994732	398	No terminal repeats	NA	1	11	0.9120	NA	1	1.4749	Viruses;Duplodnaviria;Heunggongvirae;Uroviricota;Caudoviricetes;;
k127_501812	448	No terminal repeats	NA	1	11	0.9115	NA	1	1.7183	Viruses;Duplodnaviria;Heunggongvirae;Uroviricota;Caudoviricetes;;Herelleviridae
k127_150772	618	No terminal repeats	NA	1	11	0.9115	NA	1	1.1179	Viruses;Duplodnaviria;Heunggongvirae;Uroviricota;Caudoviricetes;;
k127_625476	631	No terminal repeats	NA	1	11	0.9111	NA	1	1.7183	Viruses;Duplodnaviria;Heunggongvirae;Uroviricota;Caudoviricetes;;
k127_950036	679	No terminal repeats	NA	1	11	0.9108	NA	1	1.7183	Viruses;Duplodnaviria;Heunggongvirae;Uroviricota;Caudoviricetes;;
k127_497850	455	No terminal repeats	NA	1	11	0.9104	NA	1	1.7183	Viruses;Duplodnaviria;Heunggongvirae;Uroviricota;Caudoviricetes;;
k127_681460	1092	No terminal repeats	NA	1	11	0.9102	NA	1	1.6094	Viruses;Duplodnaviria;Heunggongvirae;Uroviricota;Caudoviricetes;;
k127_379383	975	No terminal repeats	NA	2	11	0.9095	NA	2	3.1877	Viruses;Duplodnaviria;Heunggongvirae;Uroviricota;Caudoviricetes;;
k127_311770	745	No terminal repeats	NA	1	11	0.9093	NA	1	1.7183	Viruses;Duplodnaviria;Heunggongvirae;Uroviricota;Caudoviricetes;;
k127_391493	627	No terminal repeats	NA	1	11	0.9093	NA	1	1.7183	Viruses;Duplodnaviria;Heunggongvirae;Uroviricota;Caudoviricetes;;
k127_826447	357	No terminal repeats	NA	1	11	0.9091	NA	1	1.3617	Viruses;Duplodnaviria;Heunggongvirae;Uroviricota;Caudoviricetes;;
k127_128553	1740	No terminal repeats	NA	1	11	0.9090	NA	1	1.7183	Viruses;Riboviria;Orthornavirae;Pisuviricota;Stelpaviricetes;Patatavirales;Potyviridae
k127_794465	627	No terminal repeats	NA	2	11	0.9085	NA	2	2.7823	Viruses;Duplodnaviria;Heunggongvirae;Uroviricota;Caudoviricetes;;
k127_956231	301	No terminal repeats	NA	1	11	0.9084	NA	1	1.7183	Viruses;Duplodnaviria;Heunggongvirae;Uroviricota;Caudoviricetes;;
k127_1018331	319	No terminal repeats	NA	1	11	0.9084	NA	1	1.4000	Viruses;Duplodnaviria;Heunggongvirae;Uroviricota;Caudoviricetes;;
k127_639651	3670	No terminal repeats	NA	2	11	0.9084	NA	0	3.4366	Unclassified
k127_829503	545	No terminal repeats	NA	1	11	0.9080	NA	1	1.5278	Viruses;Duplodnaviria;Heunggongvirae;Uroviricota;Caudoviricetes;;
k127_496915	384	No terminal repeats	NA	1	11	0.9079	NA	1	1.7183	Viruses;Duplodnaviria;Heunggongvirae;Uroviricota;Caudoviricetes;;
k127_1014853	381	No terminal repeats	NA	1	11	0.9076	NA	1	1.7183	Viruses;Duplodnaviria;Heunggongvirae;Uroviricota;Caudoviricetes;;
k127_942601	362	No terminal repeats	NA	1	11	0.9075	NA	1	1.7183	Viruses;Duplodnaviria;Heunggongvirae;Uroviricota;Caudoviricetes;;
k127_214923	376	No terminal repeats	NA	1	11	0.9074	NA	1	1.0851	Viruses;Duplodnaviria;Heunggongvirae;Uroviricota;Caudoviricetes;;
k127_771877	323	No terminal repeats	NA	1	11	0.9072	NA	1	1.7159	Viruses;Duplodnaviria;Heunggongvirae;Uroviricota;Caudoviricetes;;
k127_1026239	474	No terminal repeats	NA	1	11	0.9070	NA	1	1.7183	Viruses;Duplodnaviria;Heunggongvirae;Uroviricota;Caudoviricetes;;
k127_210768	567	No terminal repeats	NA	1	11	0.9070	NA	1	1.7183	Viruses;Duplodnaviria;Heunggongvirae;Uroviricota;Caudoviricetes;;
k127_946599	383	No terminal repeats	NA	1	11	0.9068	NA	1	1.7183	Viruses;Duplodnaviria;Heunggongvirae;Uroviricota;Caudoviricetes;;
k127_847311	3364	No terminal repeats	NA	5	11	0.9060	NA	1	4.2095	Viruses;Duplodnaviria;Heunggongvirae;Uroviricota;Caudoviricetes;;
k127_306048	491	No terminal repeats	NA	1	11	0.9059	NA	1	1.7158	Viruses;Duplodnaviria;Heunggongvirae;Uroviricota;Caudoviricetes;;
k127_848183	754	No terminal repeats	NA	2	11	0.9054	NA	1	3.2941	Viruses;Duplodnaviria;Heunggongvirae;Uroviricota;Caudoviricetes;;
k127_504993	771	No terminal repeats	NA	1	11	0.9048	NA	1	1.7183	Viruses;Duplodnaviria;Heunggongvirae;Uroviricota;Caudoviricetes;;
k127_193893	308	No terminal repeats	NA	1	11	0.9046	NA	1	1.7183	Viruses;Duplodnaviria;Heunggongvirae;Uroviricota;Caudoviricetes;;
k127_978106	324	No terminal repeats	NA	1	11	0.9040	NA	1	1.4032	Viruses;Duplodnaviria;Heunggongvirae;Uroviricota;Caudoviricetes;;
k127_838297	332	No terminal repeats	NA	1	11	0.9036	NA	1	1.7183	Viruses;Duplodnaviria;Heunggongvirae;Uroviricota;Caudoviricetes;;
k127_383507	375	No terminal repeats	NA	1	11	0.9035	NA	1	1.7183	Viruses;Duplodnaviria;Heunggongvirae;Uroviricota;Caudoviricetes;;
k127_573399	390	No terminal repeats	NA	1	11	0.9014	NA	1	1.4595	Viruses;Duplodnaviria;Heunggongvirae;Uroviricota;Caudoviricetes;;
k127_136883	15315	No terminal repeats	NA	28	11	0.9013	NA	1	11.7615	Viruses;Duplodnaviria;Heunggongvirae;Uroviricota;Caudoviricetes;;
k127_642930	1193	No terminal repeats	NA	1	11	0.9008	NA	1	1.7183	Viruses;Duplodnaviria;Heunggongvirae;Uroviricota;Caudoviricetes;;
k127_831618	351	No terminal repeats	NA	1	11	0.9006	NA	1	1.7183	Viruses;Duplodnaviria;Heunggongvirae;Uroviricota;Caudoviricetes;;
k127_233120	468	No terminal repeats	NA	1	11	0.9006	NA	1	1.7183	Viruses;Duplodnaviria;Heunggongvirae;Uroviricota;Caudoviricetes;;
k127_138590	925	No terminal repeats	NA	2	11	0.9003	NA	1	3.4366	Viruses;Duplodnaviria;Heunggongvirae;Uroviricota;Caudoviricetes;;Herelleviridae
k127_797979	3490	No terminal repeats	NA	8	11	0.9002	NA	4	5.6191	Viruses;Duplodnaviria;Heunggongvirae;Uroviricota;Caudoviricetes;;
k127_1037254	420	No terminal repeats	NA	1	11	0.8999	NA	1	1.4749	Viruses;Duplodnaviria;Heunggongvirae;Uroviricota;Caudoviricetes;;
k127_487534	415	No terminal repeats	NA	1	11	0.8999	NA	1	1.7183	Viruses;Duplodnaviria;Heunggongvirae;Uroviricota;Caudoviricetes;;
k127_191935	711	No terminal repeats	NA	1	11	0.8990	NA	1	1.7183	Viruses;Duplodnaviria;Heunggongvirae;Uroviricota;Caudoviricetes;;
k127_636226	580	No terminal repeats	NA	1	11	0.8989	NA	1	1.7183	Viruses;Duplodnaviria;Heunggongvirae;Uroviricota;Caudoviricetes;;
k127_800229	848	No terminal repeats	NA	1	11	0.8986	NA	1	1.7183	Viruses;Duplodnaviria;Heunggongvirae;Uroviricota;Caudoviricetes;;
k127_372033	678	No terminal repeats	NA	2	11	0.8981	NA	1	1.4698	Viruses;Duplodnaviria;Heunggongvirae;Uroviricota;Caudoviricetes;;
k127_366221	409	No terminal repeats	NA	1	11	0.8980	NA	1	1.7183	Viruses;Duplodnaviria;Heunggongvirae;Uroviricota;Caudoviricetes;;
k127_804237	1082	No terminal repeats	NA	2	11	0.8978	NA	2	2.6808	Viruses;Duplodnaviria;Heunggongvirae;Uroviricota;Caudoviricetes;;
k127_575351	449	No terminal repeats	NA	1	11	0.8977	NA	1	1.7183	Viruses;Duplodnaviria;Heunggongvirae;Uroviricota;Caudoviricetes;;
k127_169874	500	No terminal repeats	NA	1	11	0.8976	NA	1	1.7183	Viruses;Duplodnaviria;Heunggongvirae;Uroviricota;Caudoviricetes;;
k127_481631	369	No terminal repeats	NA	2	11	0.8973	NA	1	1.7183	Viruses;Duplodnaviria;Heunggongvirae;Uroviricota;Caudoviricetes;;
k127_127891	545	No terminal repeats	NA	1	11	0.8973	NA	1	1.7183	Viruses;Duplodnaviria;Heunggongvirae;Uroviricota;Caudoviricetes;;
k127_422371	499	No terminal repeats	NA	1	11	0.8971	NA	1	1.7183	Viruses;Duplodnaviria;Heunggongvirae;Uroviricota;Caudoviricetes;;Drexlerviridae
k127_405190	890	No terminal repeats	NA	1	11	0.8964	NA	1	1.7183	Viruses;Duplodnaviria;Heunggongvirae;Uroviricota;Caudoviricetes;;Drexlerviridae
k127_252595	310	No terminal repeats	NA	1	11	0.8960	NA	1	1.0639	Viruses;Duplodnaviria;Heunggongvirae;Uroviricota;Caudoviricetes;;
k127_902099	458	No terminal repeats	NA	2	11	0.8959	NA	1	1.1678	Viruses;Duplodnaviria;Heunggongvirae;Uroviricota;Caudoviricetes;;
k127_915280	414	No terminal repeats	NA	1	11	0.8955	NA	1	1.4749	Viruses;Duplodnaviria;Heunggongvirae;Uroviricota;Caudoviricetes;;
k127_932045	508	No terminal repeats	NA	1	11	0.8950	NA	1	1.7183	Viruses;Duplodnaviria;Heunggongvirae;Uroviricota;Caudoviricetes;;
k127_320469	315	No terminal repeats	NA	1	11	0.8947	NA	1	1.2334	Viruses;Duplodnaviria;Heunggongvirae;Uroviricota;Caudoviricetes;;
k127_62938	426	No terminal repeats	NA	1	11	0.8944	NA	1	1.7183	Viruses;Duplodnaviria;Heunggongvirae;Uroviricota;Caudoviricetes;;
k127_435171	425	No terminal repeats	NA	1	11	0.8936	NA	1	1.7169	Viruses;Duplodnaviria;Heunggongvirae;Uroviricota;Caudoviricetes;;
k127_77063	1776	No terminal repeats	NA	3	11	0.8933	NA	1	3.7481	Viruses;Duplodnaviria;Heunggongvirae;Uroviricota;Caudoviricetes;;
k127_512368	483	No terminal repeats	NA	1	11	0.8931	NA	1	1.7183	Viruses;Duplodnaviria;Heunggongvirae;Uroviricota;Caudoviricetes;;
k127_1048912	360	No terminal repeats	NA	1	11	0.8928	NA	1	1.7183	Viruses;Duplodnaviria;Heunggongvirae;Uroviricota;Caudoviricetes;;Drexlerviridae
k127_423166	2882	No terminal repeats	NA	2	11	0.8926	NA	1	2.9633	Viruses;Duplodnaviria;Heunggongvirae;Uroviricota;Caudoviricetes;;
k127_247112	541	No terminal repeats	NA	1	11	0.8913	NA	1	1.4749	Viruses;Duplodnaviria;Heunggongvirae;Uroviricota;Caudoviricetes;;
k127_78861	317	No terminal repeats	NA	1	11	0.8912	NA	1	1.4749	Viruses;Duplodnaviria;Heunggongvirae;Uroviricota;Caudoviricetes;;
k127_282099	886	No terminal repeats	NA	2	11	0.8912	NA	1	3.0620	Viruses;Duplodnaviria;Heunggongvirae;Uroviricota;Caudoviricetes;;Herelleviridae
k127_1052600	384	No terminal repeats	NA	1	11	0.8909	NA	1	1.4749	Viruses;Duplodnaviria;Heunggongvirae;Uroviricota;Caudoviricetes;;
k127_808050	634	No terminal repeats	NA	2	11	0.8904	NA	1	1.7183	Viruses;Duplodnaviria;Heunggongvirae;Uroviricota;Caudoviricetes;;
k127_679175	341	No terminal repeats	NA	1	11	0.8903	NA	1	1.7183	Viruses;Duplodnaviria;Heunggongvirae;Uroviricota;Caudoviricetes;;
k127_377711	2374	No terminal repeats	NA	3	11	0.8900	NA	1	4.7590	Viruses;Duplodnaviria;Heunggongvirae;Uroviricota;Caudoviricetes;;
k127_321151	349	No terminal repeats	NA	1	11	0.8899	NA	1	1.4506	Viruses;Duplodnaviria;Heunggongvirae;Uroviricota;Caudoviricetes;;
k127_790290	469	No terminal repeats	NA	1	11	0.8899	NA	1	1.7183	Viruses;Duplodnaviria;Heunggongvirae;Uroviricota;Caudoviricetes;;
k127_708250	344	No terminal repeats	NA	1	11	0.8899	NA	1	1.7183	Viruses;Duplodnaviria;Heunggongvirae;Uroviricota;Caudoviricetes;;
k127_877085	689	No terminal repeats	NA	2	11	0.8899	NA	1	1.7183	Viruses;Duplodnaviria;Heunggongvirae;Uroviricota;Caudoviricetes;;Herelleviridae
k127_1024193	392	No terminal repeats	NA	1	11	0.8896	NA	1	1.7168	Viruses;Duplodnaviria;Heunggongvirae;Uroviricota;Caudoviricetes;;
k127_560611	760	No terminal repeats	NA	2	11	0.8893	NA	1	1.7183	Viruses;Duplodnaviria;Heunggongvirae;Uroviricota;Caudoviricetes;;
k127_693523	415	No terminal repeats	NA	1	11	0.8891	NA	1	1.7159	Viruses;Duplodnaviria;Heunggongvirae;Uroviricota;Caudoviricetes;;
k127_142346	446	No terminal repeats	NA	1	11	0.8890	NA	1	1.3276	Viruses;Duplodnaviria;Heunggongvirae;Uroviricota;Caudoviricetes;;
k127_824378	1170	No terminal repeats	NA	1	11	0.8888	NA	1	1.7183	Viruses;Duplodnaviria;Heunggongvirae;Uroviricota;Caudoviricetes;;
k127_881963	470	No terminal repeats	NA	1	11	0.8882	NA	1	1.7183	Viruses;Duplodnaviria;Heunggongvirae;Uroviricota;Caudoviricetes;;
k127_196430	1090	No terminal repeats	NA	3	11	0.8882	NA	1	3.1903	Viruses;Duplodnaviria;Heunggongvirae;Uroviricota;Caudoviricetes;;
k127_1034720	628	No terminal repeats	NA	2	11	0.8873	NA	2	3.0030	Viruses;Duplodnaviria;Heunggongvirae;Uroviricota;Caudoviricetes;;
k127_486482	995	No terminal repeats	NA	1	11	0.8868	NA	1	1.7183	Viruses;Duplodnaviria;Heunggongvirae;Uroviricota;Caudoviricetes;;
k127_701560	2276	No terminal repeats	NA	4	11	0.8858	NA	1	4.0447	Viruses;Duplodnaviria;Heunggongvirae;Uroviricota;Caudoviricetes;;
k127_764252	671	No terminal repeats	NA	1	11	0.8855	NA	1	1.7183	Viruses;Duplodnaviria;Heunggongvirae;Uroviricota;Caudoviricetes;;
k127_654650	329	No terminal repeats	NA	1	11	0.8854	NA	1	1.7183	Viruses;Duplodnaviria;Heunggongvirae;Uroviricota;Caudoviricetes;;
k127_819881	339	No terminal repeats	NA	1	11	0.8854	NA	1	1.4749	Viruses;Duplodnaviria;Heunggongvirae;Uroviricota;Caudoviricetes;;
k127_857136	1455	No terminal repeats	NA	2	11	0.8854	NA	2	2.8100	Viruses;Duplodnaviria;Heunggongvirae;Uroviricota;Caudoviricetes;;
k127_909542	398	No terminal repeats	NA	1	11	0.8853	NA	1	1.7172	Viruses;Duplodnaviria;Heunggongvirae;Uroviricota;Caudoviricetes;;
k127_389897	340	No terminal repeats	NA	1	11	0.8833	NA	1	1.7183	Viruses;Duplodnaviria;Heunggongvirae;Uroviricota;Caudoviricetes;;
k127_911785	408	No terminal repeats	NA	1	11	0.8830	NA	1	1.7183	Viruses;Duplodnaviria;Heunggongvirae;Uroviricota;Caudoviricetes;;
k127_365750	359	No terminal repeats	NA	2	11	0.8828	NA	1	1.2814	Viruses;Duplodnaviria;Heunggongvirae;Uroviricota;Caudoviricetes;;
k127_971250	304	No terminal repeats	NA	1	11	0.8827	NA	1	1.3358	Viruses;Duplodnaviria;Heunggongvirae;Uroviricota;Caudoviricetes;;
k127_1049051	653	No terminal repeats	NA	1	11	0.8825	NA	1	1.7183	Unclassified
k127_1015183	517	No terminal repeats	NA	1	11	0.8824	NA	1	1.7183	Viruses;Duplodnaviria;Heunggongvirae;Uroviricota;Caudoviricetes;;
k127_308263	326	No terminal repeats	NA	1	11	0.8823	NA	1	1.7183	Viruses;Duplodnaviria;Heunggongvirae;Uroviricota;Caudoviricetes;;
k127_33072	1056	No terminal repeats	NA	2	11	0.8822	NA	2	2.4853	Viruses;Duplodnaviria;Heunggongvirae;Uroviricota;Caudoviricetes;;
k127_785945	655	No terminal repeats	NA	1	11	0.8818	NA	1	1.3050	Viruses;Duplodnaviria;Heunggongvirae;Uroviricota;Caudoviricetes;;
k127_253047	540	No terminal repeats	NA	1	11	0.8817	NA	1	1.0259	Viruses;Duplodnaviria;Heunggongvirae;Uroviricota;Caudoviricetes;;
k127_563625	499	No terminal repeats	NA	1	11	0.8813	NA	1	1.2875	Viruses;Duplodnaviria;Heunggongvirae;Uroviricota;Caudoviricetes;;
k127_103912	303	No terminal repeats	NA	1	11	0.8812	NA	1	1.4880	Viruses;Duplodnaviria;Heunggongvirae;Uroviricota;Caudoviricetes;;
k127_573395	969	No terminal repeats	NA	1	11	0.8812	NA	1	1.4595	Viruses;Duplodnaviria;Heunggongvirae;Uroviricota;Caudoviricetes;;
k127_119892	581	No terminal repeats	NA	1	11	0.8810	NA	1	1.7183	Viruses;Duplodnaviria;Heunggongvirae;Uroviricota;Caudoviricetes;;
k127_162494	955	No terminal repeats	NA	1	11	0.8809	NA	1	1.4749	Viruses;Duplodnaviria;Heunggongvirae;Uroviricota;Caudoviricetes;;
k127_667159	732	No terminal repeats	NA	1	11	0.8807	NA	1	1.2995	Viruses;Duplodnaviria;Heunggongvirae;Uroviricota;Caudoviricetes;;Ackermannviridae
k127_260264	1078	No terminal repeats	NA	3	11	0.8806	NA	1	2.7829	Viruses;Duplodnaviria;Heunggongvirae;Uroviricota;Caudoviricetes;;
k127_1019186	392	No terminal repeats	NA	1	11	0.8805	NA	1	1.1229	Viruses;Duplodnaviria;Heunggongvirae;Uroviricota;Caudoviricetes;;
k127_658345	427	No terminal repeats	NA	1	11	0.8805	NA	1	1.4825	Viruses;Duplodnaviria;Heunggongvirae;Uroviricota;Caudoviricetes;;
k127_755276	838	No terminal repeats	NA	2	11	0.8802	NA	1	3.2932	Viruses;Duplodnaviria;Heunggongvirae;Uroviricota;Caudoviricetes;;
k127_53140	310	No terminal repeats	NA	1	11	0.8801	NA	1	1.4749	Viruses;Duplodnaviria;Heunggongvirae;Uroviricota;Caudoviricetes;;
k127_215820	367	No terminal repeats	NA	1	11	0.8798	NA	1	1.4979	Viruses;Duplodnaviria;Heunggongvirae;Uroviricota;Caudoviricetes;;
k127_1049714	609	No terminal repeats	NA	1	11	0.8795	NA	1	1.7183	Viruses;Duplodnaviria;Heunggongvirae;Uroviricota;Caudoviricetes;;
k127_486377	577	No terminal repeats	NA	1	11	0.8787	NA	1	1.7183	Viruses;Duplodnaviria;Heunggongvirae;Uroviricota;Caudoviricetes;;
k127_739751	387	No terminal repeats	NA	1	11	0.8783	NA	1	1.3050	Viruses;Duplodnaviria;Heunggongvirae;Uroviricota;Caudoviricetes;;
k127_754435	577	No terminal repeats	NA	1	11	0.8782	NA	1	1.2306	Viruses;Duplodnaviria;Heunggongvirae;Uroviricota;Caudoviricetes;;
k127_1001822	334	No terminal repeats	NA	1	11	0.8780	NA	1	1.0036	Viruses;Duplodnaviria;Heunggongvirae;Uroviricota;Caudoviricetes;;
k127_122373	332	No terminal repeats	NA	1	11	0.8780	NA	1	1.7163	Viruses;Duplodnaviria;Heunggongvirae;Uroviricota;Caudoviricetes;;
k127_995315	338	No terminal repeats	NA	2	11	0.8774	NA	1	1.7183	Viruses;Duplodnaviria;Heunggongvirae;Uroviricota;Caudoviricetes;;
k127_1048910	450	No terminal repeats	NA	1	11	0.8774	NA	1	1.7183	Viruses;Duplodnaviria;Heunggongvirae;Uroviricota;Caudoviricetes;;Drexlerviridae
k127_830564	416	No terminal repeats	NA	1	11	0.8769	NA	1	1.2306	Viruses;Duplodnaviria;Heunggongvirae;Uroviricota;Caudoviricetes;;
k127_140424	839	No terminal repeats	NA	2	11	0.8767	NA	1	1.7092	Viruses;Duplodnaviria;Heunggongvirae;Uroviricota;Caudoviricetes;;
k127_1034240	922	No terminal repeats	NA	3	11	0.8764	NA	2	2.9560	Viruses;Duplodnaviria;Heunggongvirae;Uroviricota;Caudoviricetes;;
k127_34574	301	No terminal repeats	NA	2	11	0.8763	NA	1	1.3845	Viruses;Duplodnaviria;Heunggongvirae;Uroviricota;Caudoviricetes;;
k127_351656	320	No terminal repeats	NA	1	11	0.8763	NA	1	1.3168	Viruses;Duplodnaviria;Heunggongvirae;Uroviricota;Caudoviricetes;;
k127_314871	590	No terminal repeats	NA	1	11	0.8760	NA	1	1.7183	Viruses;Duplodnaviria;Heunggongvirae;Uroviricota;Caudoviricetes;;Drexlerviridae
k127_830730	846	No terminal repeats	NA	1	11	0.8758	NA	1	1.3050	Viruses;Duplodnaviria;Heunggongvirae;Uroviricota;Caudoviricetes;;
k127_867644	440	No terminal repeats	NA	1	11	0.8756	NA	1	1.2306	Viruses;Duplodnaviria;Heunggongvirae;Uroviricota;Caudoviricetes;;
k127_640334	575	No terminal repeats	NA	1	11	0.8751	NA	1	1.1904	Viruses;Duplodnaviria;Heunggongvirae;Uroviricota;Caudoviricetes;;
k127_996030	1175	No terminal repeats	NA	2	11	0.8750	NA	1	3.0030	Viruses;Duplodnaviria;Heunggongvirae;Uroviricota;Caudoviricetes;;
k127_619689	321	No terminal repeats	NA	1	11	0.8730	NA	1	1.7183	Viruses;Duplodnaviria;Heunggongvirae;Uroviricota;Caudoviricetes;;
k127_935678	439	No terminal repeats	NA	1	11	0.8729	NA	1	1.2632	Viruses;Duplodnaviria;Heunggongvirae;Uroviricota;Caudoviricetes;;
k127_680829	610	No terminal repeats	NA	1	11	0.8724	NA	1	1.7183	Viruses;Duplodnaviria;Heunggongvirae;Uroviricota;Caudoviricetes;;
k127_653210	551	No terminal repeats	NA	1	11	0.8723	NA	1	1.7183	Viruses;Duplodnaviria;Heunggongvirae;Uroviricota;Caudoviricetes;;
k127_1016849	332	No terminal repeats	NA	1	11	0.8718	NA	1	1.7168	Viruses;Duplodnaviria;Heunggongvirae;Uroviricota;Caudoviricetes;;
k127_44629	618	No terminal repeats	NA	1	11	0.8717	NA	1	1.7183	Viruses;Duplodnaviria;Heunggongvirae;Uroviricota;Caudoviricetes;;
k127_113474	433	No terminal repeats	NA	1	11	0.8712	NA	1	1.2306	Viruses;Duplodnaviria;Heunggongvirae;Uroviricota;Caudoviricetes;;
k127_311411	337	No terminal repeats	NA	1	11	0.8711	NA	1	1.2982	Viruses;Duplodnaviria;Heunggongvirae;Uroviricota;Caudoviricetes;;
k127_1029389	380	No terminal repeats	NA	1	11	0.8708	NA	1	1.4749	Viruses;Duplodnaviria;Heunggongvirae;Uroviricota;Caudoviricetes;;
k127_985879	366	No terminal repeats	NA	2	11	0.8706	NA	1	1.2927	Viruses;Duplodnaviria;Heunggongvirae;Uroviricota;Caudoviricetes;;
k127_830515	436	No terminal repeats	NA	1	11	0.8695	NA	1	1.7183	Viruses;Duplodnaviria;Heunggongvirae;Uroviricota;Caudoviricetes;;
k127_7683	316	No terminal repeats	NA	1	11	0.8694	NA	1	1.7183	Viruses;Duplodnaviria;Heunggongvirae;Uroviricota;Caudoviricetes;;Autographiviridae
k127_910964	778	No terminal repeats	NA	1	11	0.8689	NA	1	1.7183	Viruses;Duplodnaviria;Heunggongvirae;Uroviricota;Caudoviricetes;;
k127_330209	374	No terminal repeats	NA	1	11	0.8687	NA	1	1.3711	Viruses;Duplodnaviria;Heunggongvirae;Uroviricota;Caudoviricetes;;
k127_176134	350	No terminal repeats	NA	2	11	0.8686	NA	1	1.7101	Unclassified
k127_518444	321	No terminal repeats	NA	1	11	0.8683	NA	1	1.7175	Viruses;Duplodnaviria;Heunggongvirae;Uroviricota;Caudoviricetes;;
k127_364060	468	No terminal repeats	NA	1	11	0.8681	NA	1	1.7183	Viruses;Duplodnaviria;Heunggongvirae;Uroviricota;Caudoviricetes;;
k127_598024	520	No terminal repeats	NA	1	11	0.8677	NA	1	1.7183	Viruses;Duplodnaviria;Heunggongvirae;Uroviricota;Caudoviricetes;;
k127_286017	663	No terminal repeats	NA	1	11	0.8668	NA	1	1.2306	Viruses;Duplodnaviria;Heunggongvirae;Uroviricota;Caudoviricetes;;
k127_769379	329	No terminal repeats	NA	1	11	0.8666	NA	1	1.7183	Viruses;Duplodnaviria;Heunggongvirae;Uroviricota;Caudoviricetes;;
k127_435174	334	No terminal repeats	NA	1	11	0.8662	NA	1	1.7162	Unclassified
k127_441105	640	No terminal repeats	NA	1	11	0.8645	NA	1	1.7183	Viruses;Duplodnaviria;Heunggongvirae;Uroviricota;Caudoviricetes;;
k127_65026	734	No terminal repeats	NA	2	11	0.8643	NA	1	3.3957	Viruses;Duplodnaviria;Heunggongvirae;Uroviricota;Caudoviricetes;;
k127_959904	405	No terminal repeats	NA	1	11	0.8639	NA	1	1.3806	Viruses;Duplodnaviria;Heunggongvirae;Uroviricota;Caudoviricetes;;
k127_111939	2302	No terminal repeats	NA	3	11	0.8637	NA	1	4.2334	Viruses;Duplodnaviria;Heunggongvirae;Uroviricota;Caudoviricetes;;Drexlerviridae
k127_633859	1911	No terminal repeats	NA	2	11	0.8635	NA	2	3.4366	Viruses;Duplodnaviria;Heunggongvirae;Uroviricota;Caudoviricetes;;
k127_1051297	1030	No terminal repeats	NA	1	11	0.8630	NA	1	1.2306	Viruses;Duplodnaviria;Heunggongvirae;Uroviricota;Caudoviricetes;;
k127_546262	400	No terminal repeats	NA	1	11	0.8630	NA	1	1.7168	Viruses;Duplodnaviria;Heunggongvirae;Uroviricota;Caudoviricetes;;
k127_527856	984	No terminal repeats	NA	2	11	0.8629	NA	2	2.7612	Viruses;Duplodnaviria;Heunggongvirae;Uroviricota;Caudoviricetes;;
k127_774769	499	No terminal repeats	NA	1	11	0.8627	NA	1	1.2869	Viruses;Duplodnaviria;Heunggongvirae;Uroviricota;Caudoviricetes;;
k127_509798	802	No terminal repeats	NA	1	11	0.8618	NA	1	1.7183	Viruses;Duplodnaviria;Heunggongvirae;Uroviricota;Caudoviricetes;;
k127_240994	615	No terminal repeats	NA	2	11	0.8612	NA	1	2.7267	Viruses;Duplodnaviria;Heunggongvirae;Uroviricota;Caudoviricetes;;
k127_100514	918	No terminal repeats	NA	2	11	0.8608	NA	1	2.6917	Viruses;Duplodnaviria;Heunggongvirae;Uroviricota;Caudoviricetes;;
k127_1010793	472	No terminal repeats	NA	1	11	0.8606	NA	1	1.4595	Viruses;Duplodnaviria;Heunggongvirae;Uroviricota;Caudoviricetes;;
k127_669434	333	No terminal repeats	NA	1	11	0.8605	NA	1	1.2271	Viruses;Duplodnaviria;Heunggongvirae;Uroviricota;Caudoviricetes;;
k127_289001	719	No terminal repeats	NA	1	11	0.8605	NA	1	1.7183	Viruses;Duplodnaviria;Heunggongvirae;Uroviricota;Caudoviricetes;;
k127_718496	398	No terminal repeats	NA	1	11	0.8602	NA	1	1.7183	Viruses;Duplodnaviria;Heunggongvirae;Uroviricota;Caudoviricetes;;
k127_110316	427	No terminal repeats	NA	1	11	0.8601	NA	1	1.4595	Viruses;Duplodnaviria;Heunggongvirae;Uroviricota;Caudoviricetes;;
k127_919036	682	No terminal repeats	NA	2	11	0.8598	NA	1	1.4698	Viruses;Duplodnaviria;Heunggongvirae;Uroviricota;Caudoviricetes;;
k127_777357	1075	No terminal repeats	NA	1	11	0.8596	NA	1	1.7183	Viruses;Riboviria;Orthornavirae;Pisuviricota;Duplopiviricetes;Durnavirales;Partitiviridae
k127_733033	490	No terminal repeats	NA	1	11	0.8592	NA	1	1.4764	Viruses;Duplodnaviria;Heunggongvirae;Uroviricota;Caudoviricetes;;
k127_681784	338	No terminal repeats	NA	1	11	0.8589	NA	1	1.4572	Viruses;Duplodnaviria;Heunggongvirae;Uroviricota;Caudoviricetes;;
k127_653680	553	No terminal repeats	NA	1	11	0.8589	NA	1	1.7183	Viruses;Duplodnaviria;Heunggongvirae;Uroviricota;Caudoviricetes;;
k127_1021026	560	No terminal repeats	NA	1	11	0.8587	NA	1	1.7183	Viruses;Duplodnaviria;Heunggongvirae;Uroviricota;Caudoviricetes;;
k127_364383	865	No terminal repeats	NA	1	11	0.8585	NA	1	1.7183	Viruses;Duplodnaviria;Heunggongvirae;Uroviricota;Caudoviricetes;;
k127_220308	376	No terminal repeats	NA	1	11	0.8584	NA	1	1.1262	Viruses;Duplodnaviria;Heunggongvirae;Uroviricota;Caudoviricetes;;
k127_200312	1130	No terminal repeats	NA	1	11	0.8579	NA	1	1.2306	Viruses;Duplodnaviria;Heunggongvirae;Uroviricota;Caudoviricetes;;
k127_636814	361	No terminal repeats	NA	1	11	0.8572	NA	1	1.4880	Viruses;Duplodnaviria;Heunggongvirae;Uroviricota;Caudoviricetes;;
k127_697950	477	No terminal repeats	NA	1	11	0.8571	NA	1	1.2306	Viruses;Duplodnaviria;Heunggongvirae;Uroviricota;Caudoviricetes;;
k127_409596	1278	No terminal repeats	NA	2	11	0.8569	NA	1	1.7183	Viruses;Duplodnaviria;Heunggongvirae;Uroviricota;Caudoviricetes;;
k127_521162	371	No terminal repeats	NA	1	11	0.8566	NA	1	1.3388	Viruses;Duplodnaviria;Heunggongvirae;Uroviricota;Caudoviricetes;;
k127_969361	303	No terminal repeats	NA	1	11	0.8561	NA	1	1.4793	Viruses;Duplodnaviria;Heunggongvirae;Uroviricota;Caudoviricetes;;
k127_535459	898	No terminal repeats	NA	1	11	0.8559	NA	1	1.2306	Viruses;Duplodnaviria;Heunggongvirae;Uroviricota;Caudoviricetes;;
k127_381974	318	No terminal repeats	NA	1	11	0.8550	NA	1	1.7183	Viruses;Duplodnaviria;Heunggongvirae;Uroviricota;Caudoviricetes;;
k127_431139	343	No terminal repeats	NA	1	11	0.8549	NA	1	1.2449	Viruses;Duplodnaviria;Heunggongvirae;Uroviricota;Caudoviricetes;;
k127_378063	865	No terminal repeats	NA	2	11	0.8549	NA	1	3.1778	Viruses;Duplodnaviria;Heunggongvirae;Uroviricota;Caudoviricetes;;
k127_555002	740	No terminal repeats	NA	1	11	0.8548	NA	1	1.7183	Viruses;Duplodnaviria;Heunggongvirae;Uroviricota;Caudoviricetes;;
k127_229440	693	No terminal repeats	NA	2	11	0.8543	NA	1	1.4880	Viruses;Duplodnaviria;Heunggongvirae;Uroviricota;Caudoviricetes;;
k127_183955	455	No terminal repeats	NA	1	11	0.8532	NA	1	1.3050	Viruses;Duplodnaviria;Heunggongvirae;Uroviricota;Caudoviricetes;;
k127_1013180	21884	No terminal repeats	NA	22	11	0.8530	NA	0	7.0242	Viruses;Duplodnaviria;Heunggongvirae;Uroviricota;Caudoviricetes;;
k127_612913	596	No terminal repeats	NA	1	11	0.8530	NA	1	1.2306	Viruses;Duplodnaviria;Heunggongvirae;Uroviricota;Caudoviricetes;;
k127_548822	419	No terminal repeats	NA	2	11	0.8529	NA	1	1.7161	Viruses;Duplodnaviria;Heunggongvirae;Uroviricota;Caudoviricetes;;
k127_1011036	736	No terminal repeats	NA	2	11	0.8527	NA	1	1.7183	Viruses;Duplodnaviria;Heunggongvirae;Uroviricota;Caudoviricetes;;Drexlerviridae
k127_931171	800	No terminal repeats	NA	1	11	0.8522	NA	1	1.7183	Viruses;Duplodnaviria;Heunggongvirae;Uroviricota;Caudoviricetes;;Drexlerviridae
k127_163760	1050	No terminal repeats	NA	1	11	0.8520	NA	1	1.3359	Viruses;Duplodnaviria;Heunggongvirae;Uroviricota;Caudoviricetes;;
k127_770959	1270	No terminal repeats	NA	2	11	0.8519	NA	1	2.7140	Viruses;Duplodnaviria;Heunggongvirae;Uroviricota;Caudoviricetes;;
k127_730493	1709	No terminal repeats	NA	3	11	0.8519	NA	1	2.7829	Viruses;Duplodnaviria;Heunggongvirae;Uroviricota;Caudoviricetes;;
k127_979069	881	No terminal repeats	NA	1	11	0.8516	NA	1	1.7183	Viruses;Duplodnaviria;Heunggongvirae;Uroviricota;Caudoviricetes;;
k127_410943	625	No terminal repeats	NA	1	11	0.8515	NA	1	1.7183	Viruses;Duplodnaviria;Heunggongvirae;Uroviricota;Caudoviricetes;;
k127_436593	796	No terminal repeats	NA	1	11	0.8502	NA	1	1.7183	Viruses;Duplodnaviria;Heunggongvirae;Uroviricota;Caudoviricetes;;
k127_173831	587	No terminal repeats	NA	1	11	0.8500	NA	1	1.4749	Viruses;Duplodnaviria;Heunggongvirae;Uroviricota;Caudoviricetes;;
k127_266938	437	No terminal repeats	NA	1	11	0.8497	NA	1	1.7183	Viruses;Duplodnaviria;Heunggongvirae;Uroviricota;Caudoviricetes;;
k127_760576	1012	No terminal repeats	NA	1	11	0.8494	NA	1	1.7183	Viruses;Riboviria;Orthornavirae;Pisuviricota;Duplopiviricetes;Durnavirales;Partitiviridae
k127_144969	439	No terminal repeats	NA	1	11	0.8492	NA	1	1.2306	Viruses;Duplodnaviria;Heunggongvirae;Uroviricota;Caudoviricetes;;
k127_242627	696	No terminal repeats	NA	1	11	0.8492	NA	1	1.2306	Viruses;Duplodnaviria;Heunggongvirae;Uroviricota;Caudoviricetes;;
k127_103083	357	No terminal repeats	NA	1	11	0.8491	NA	1	1.0089	Viruses;Duplodnaviria;Heunggongvirae;Uroviricota;Caudoviricetes;;
k127_1045897	457	No terminal repeats	NA	1	11	0.8489	NA	1	1.7172	Viruses;Duplodnaviria;Heunggongvirae;Uroviricota;Caudoviricetes;;
k127_896623	2170	No terminal repeats	NA	3	11	0.8488	NA	1	3.4366	Viruses;Duplodnaviria;Heunggongvirae;Uroviricota;Caudoviricetes;;
k127_531452	428	No terminal repeats	NA	1	11	0.8485	NA	1	1.7183	Viruses;Duplodnaviria;Heunggongvirae;Uroviricota;Caudoviricetes;;
k127_372426	354	No terminal repeats	NA	1	11	0.8484	NA	1	1.7183	Viruses;Duplodnaviria;Heunggongvirae;Uroviricota;Caudoviricetes;;
k127_257680	322	No terminal repeats	NA	1	11	0.8480	NA	1	1.4506	Viruses;Duplodnaviria;Heunggongvirae;Uroviricota;Caudoviricetes;;
k127_869103	483	No terminal repeats	NA	2	11	0.8467	NA	1	1.0089	Viruses;Duplodnaviria;Heunggongvirae;Uroviricota;Caudoviricetes;;
k127_248749	486	No terminal repeats	NA	2	11	0.8466	NA	1	1.7161	Viruses;Duplodnaviria;Heunggongvirae;Uroviricota;Caudoviricetes;;
k127_961863	540	No terminal repeats	NA	1	11	0.8463	NA	1	1.2306	Viruses;Duplodnaviria;Heunggongvirae;Uroviricota;Caudoviricetes;;
k127_626870	335	No terminal repeats	NA	1	11	0.8458	NA	1	1.4749	Viruses;Duplodnaviria;Heunggongvirae;Uroviricota;Caudoviricetes;;
k127_771247	484	No terminal repeats	NA	2	11	0.8458	NA	1	1.7183	Viruses;Duplodnaviria;Heunggongvirae;Uroviricota;Caudoviricetes;;
k127_300594	308	No terminal repeats	NA	1	11	0.8458	NA	1	1.4880	Viruses;Duplodnaviria;Heunggongvirae;Uroviricota;Caudoviricetes;;
k127_81914	557	No terminal repeats	NA	1	11	0.8454	NA	1	1.2306	Viruses;Duplodnaviria;Heunggongvirae;Uroviricota;Caudoviricetes;;
k127_40942	886	No terminal repeats	NA	1	11	0.8444	NA	1	1.7183	Viruses;Duplodnaviria;Heunggongvirae;Uroviricota;Caudoviricetes;;
k127_591555	775	No terminal repeats	NA	1	11	0.8443	NA	1	1.7183	Viruses;Duplodnaviria;Heunggongvirae;Uroviricota;Caudoviricetes;;
k127_182513	409	No terminal repeats	NA	1	11	0.8435	NA	1	1.2306	Viruses;Duplodnaviria;Heunggongvirae;Uroviricota;Caudoviricetes;;
k127_255676	2358	DTR	NA	2	11	0.8428	NA	1	1.7183	Viruses;Riboviria;Orthornavirae;Pisuviricota;Stelpaviricetes;Patatavirales;Potyviridae
k127_297626	354	No terminal repeats	NA	1	11	0.8423	NA	1	1.7158	Viruses;Duplodnaviria;Heunggongvirae;Uroviricota;Caudoviricetes;;
k127_341592	621	No terminal repeats	NA	1	11	0.8415	NA	1	1.7183	Viruses;Duplodnaviria;Heunggongvirae;Uroviricota;Caudoviricetes;;
k127_644882	324	No terminal repeats	NA	1	11	0.8410	NA	1	1.3639	Viruses;Duplodnaviria;Heunggongvirae;Uroviricota;Caudoviricetes;;
k127_219262	568	No terminal repeats	NA	1	11	0.8402	NA	1	1.4464	Viruses;Duplodnaviria;Heunggongvirae;Uroviricota;Caudoviricetes;;
k127_467136	507	No terminal repeats	NA	1	11	0.8400	NA	1	1.5961	Unclassified
k127_183617	766	No terminal repeats	NA	1	11	0.8391	NA	1	1.5202	Viruses;Duplodnaviria;Heunggongvirae;Uroviricota;Caudoviricetes;;
k127_852954	424	No terminal repeats	NA	1	11	0.8390	NA	1	1.2306	Viruses;Duplodnaviria;Heunggongvirae;Uroviricota;Caudoviricetes;;
k127_428178	671	No terminal repeats	NA	1	11	0.8388	NA	1	1.7183	Viruses;Duplodnaviria;Heunggongvirae;Uroviricota;Caudoviricetes;;
k127_882883	408	No terminal repeats	NA	1	11	0.8385	NA	1	1.7183	Viruses;Duplodnaviria;Heunggongvirae;Uroviricota;Caudoviricetes;;
k127_122290	517	No terminal repeats	NA	1	11	0.8380	NA	1	1.2306	Viruses;Duplodnaviria;Heunggongvirae;Uroviricota;Caudoviricetes;;
k127_430900	768	No terminal repeats	NA	1	11	0.8378	NA	1	1.2306	Viruses;Duplodnaviria;Heunggongvirae;Uroviricota;Caudoviricetes;;
k127_381988	741	No terminal repeats	NA	2	11	0.8365	NA	1	1.7183	Viruses;Duplodnaviria;Heunggongvirae;Uroviricota;Caudoviricetes;;
k127_872532	385	No terminal repeats	NA	1	11	0.8353	NA	1	1.3617	Viruses;Duplodnaviria;Heunggongvirae;Uroviricota;Caudoviricetes;;
k127_180702	2640	No terminal repeats	NA	3	11	0.8350	NA	1	3.1086	Viruses;Duplodnaviria;Heunggongvirae;Uroviricota;Caudoviricetes;;
k127_682984	778	No terminal repeats	NA	3	11	0.8349	NA	2	3.0030	Viruses;Duplodnaviria;Heunggongvirae;Uroviricota;Caudoviricetes;;
k127_695819	517	No terminal repeats	NA	1	11	0.8348	NA	1	1.7183	Viruses;Duplodnaviria;Heunggongvirae;Uroviricota;Caudoviricetes;;
k127_227316	1074	No terminal repeats	NA	1	11	0.8344	NA	1	1.2306	Viruses;Duplodnaviria;Heunggongvirae;Uroviricota;Caudoviricetes;;
k127_455013	620	No terminal repeats	NA	2	11	0.8343	NA	2	3.1450	Viruses;Duplodnaviria;Heunggongvirae;Uroviricota;Caudoviricetes;;
k127_969936	4787	No terminal repeats	NA	1	11	0.8336	NA	0	1.7183	Viruses;Duplodnaviria;Heunggongvirae;Uroviricota;Caudoviricetes;;
k127_240155	395	No terminal repeats	NA	1	11	0.8330	NA	1	1.5032	Viruses;Duplodnaviria;Heunggongvirae;Uroviricota;Caudoviricetes;;
k127_27889	353	No terminal repeats	NA	1	11	0.8326	NA	1	1.2086	Viruses;Duplodnaviria;Heunggongvirae;Uroviricota;Caudoviricetes;;
k127_15880	549	No terminal repeats	NA	1	11	0.8325	NA	1	1.2306	Viruses;Duplodnaviria;Heunggongvirae;Uroviricota;Caudoviricetes;;
k127_651578	406	No terminal repeats	NA	1	11	0.8320	NA	1	1.7183	Unclassified
k127_596176	1525	No terminal repeats	NA	1	11	0.8319	NA	1	1.2306	Viruses;Duplodnaviria;Heunggongvirae;Uroviricota;Caudoviricetes;;
k127_626229	503	No terminal repeats	NA	2	11	0.8317	NA	1	1.4850	Viruses;Duplodnaviria;Heunggongvirae;Uroviricota;Caudoviricetes;;
k127_503875	489	No terminal repeats	NA	1	11	0.8315	NA	1	1.7183	Viruses;Duplodnaviria;Heunggongvirae;Uroviricota;Caudoviricetes;;
k127_339903	822	No terminal repeats	NA	3	11	0.8307	NA	1	3.4040	Viruses;Duplodnaviria;Heunggongvirae;Uroviricota;Caudoviricetes;;
k127_77135	684	No terminal repeats	NA	1	11	0.8303	NA	1	1.3139	Viruses;Duplodnaviria;Heunggongvirae;Uroviricota;Caudoviricetes;;
k127_612825	316	No terminal repeats	NA	1	11	0.8301	NA	1	1.2550	Viruses;Duplodnaviria;Heunggongvirae;Uroviricota;Caudoviricetes;;
k127_745485	527	No terminal repeats	NA	1	11	0.8300	NA	1	1.7183	Viruses;Duplodnaviria;Heunggongvirae;Uroviricota;Caudoviricetes;;
k127_326748	547	No terminal repeats	NA	1	11	0.8298	NA	1	1.7183	Viruses;Duplodnaviria;Heunggongvirae;Uroviricota;Caudoviricetes;;
k127_419156	489	No terminal repeats	NA	1	11	0.8297	NA	1	1.7183	Viruses;Duplodnaviria;Heunggongvirae;Uroviricota;Caudoviricetes;;Drexlerviridae
k127_150681	505	No terminal repeats	NA	1	11	0.8294	NA	1	1.5149	Viruses;Duplodnaviria;Heunggongvirae;Uroviricota;Caudoviricetes;;
k127_430910	434	No terminal repeats	NA	1	11	0.8292	NA	1	1.2306	Viruses;Duplodnaviria;Heunggongvirae;Uroviricota;Caudoviricetes;;
k127_977166	2801	No terminal repeats	NA	5	11	0.8283	NA	1	2.6573	Viruses;Duplodnaviria;Heunggongvirae;Uroviricota;Caudoviricetes;;
k127_606376	308	No terminal repeats	NA	1	11	0.8281	NA	1	1.2753	Viruses;Duplodnaviria;Heunggongvirae;Uroviricota;Caudoviricetes;;
k127_513539	546	No terminal repeats	NA	1	11	0.8274	NA	1	1.7183	Viruses;Duplodnaviria;Heunggongvirae;Uroviricota;Caudoviricetes;;
k127_727623	1028	No terminal repeats	NA	1	11	0.8268	NA	1	1.7183	Viruses;Duplodnaviria;Heunggongvirae;Uroviricota;Caudoviricetes;;
k127_559188	364	No terminal repeats	NA	1	11	0.8267	NA	1	1.0551	Viruses;Duplodnaviria;Heunggongvirae;Uroviricota;Caudoviricetes;;
k127_461682	1123	No terminal repeats	NA	1	11	0.8267	NA	1	1.7183	Viruses;Duplodnaviria;Heunggongvirae;Uroviricota;Caudoviricetes;;
k127_323645	447	No terminal repeats	NA	1	11	0.8266	NA	1	1.7183	Viruses;Duplodnaviria;Heunggongvirae;Uroviricota;Caudoviricetes;;Drexlerviridae
k127_230295	485	No terminal repeats	NA	1	11	0.8265	NA	1	1.4764	Viruses;Duplodnaviria;Heunggongvirae;Uroviricota;Caudoviricetes;;
k127_764314	989	No terminal repeats	NA	1	11	0.8258	NA	1	1.2306	Viruses;Duplodnaviria;Heunggongvirae;Uroviricota;Caudoviricetes;;
k127_117901	1171	No terminal repeats	NA	3	11	0.8258	NA	2	3.0365	Viruses;Duplodnaviria;Heunggongvirae;Uroviricota;Caudoviricetes;;
k127_281244	785	No terminal repeats	NA	1	11	0.8251	NA	1	1.7183	Viruses;Duplodnaviria;Heunggongvirae;Uroviricota;Caudoviricetes;;
k127_393688	1049	No terminal repeats	NA	2	11	0.8239	NA	1	3.4293	Viruses;Duplodnaviria;Heunggongvirae;Uroviricota;Caudoviricetes;;
k127_880837	860	No terminal repeats	NA	1	11	0.8230	NA	1	1.4749	Viruses;Duplodnaviria;Heunggongvirae;Uroviricota;Caudoviricetes;;
k127_97264	514	No terminal repeats	NA	1	11	0.8228	NA	1	1.4764	Viruses;Duplodnaviria;Heunggongvirae;Uroviricota;Caudoviricetes;;
k127_791923	303	No terminal repeats	NA	1	11	0.8225	NA	1	1.3125	Viruses;Duplodnaviria;Heunggongvirae;Uroviricota;Caudoviricetes;;
k127_771912	1058	No terminal repeats	NA	1	11	0.8224	NA	1	1.7183	Viruses;Duplodnaviria;Heunggongvirae;Uroviricota;Caudoviricetes;;
k127_110524	2620	No terminal repeats	NA	1	11	0.8220	NA	1	1.7183	Viruses;Duplodnaviria;Heunggongvirae;Uroviricota;Caudoviricetes;;
k127_337725	460	No terminal repeats	NA	1	11	0.8217	NA	1	1.3074	Viruses;Duplodnaviria;Heunggongvirae;Uroviricota;Caudoviricetes;;
k127_935869	898	No terminal repeats	NA	3	11	0.8213	NA	1	2.7935	Viruses;Duplodnaviria;Heunggongvirae;Uroviricota;Caudoviricetes;;
k127_626930	1302	No terminal repeats	NA	1	11	0.8211	NA	1	1.7183	Viruses;Duplodnaviria;Heunggongvirae;Uroviricota;Caudoviricetes;;
k127_600921	441	No terminal repeats	NA	1	11	0.8204	NA	1	1.2306	Viruses;Duplodnaviria;Heunggongvirae;Uroviricota;Caudoviricetes;;
k127_775801	483	No terminal repeats	NA	1	11	0.8203	NA	1	1.2306	Viruses;Duplodnaviria;Heunggongvirae;Uroviricota;Caudoviricetes;;
k127_1026412	375	No terminal repeats	NA	1	11	0.8199	NA	1	1.4880	Viruses;Duplodnaviria;Heunggongvirae;Uroviricota;Caudoviricetes;;
k127_363695	909	No terminal repeats	NA	1	11	0.8197	NA	1	1.7183	Viruses;Duplodnaviria;Heunggongvirae;Uroviricota;Caudoviricetes;;
k127_312901	1223	No terminal repeats	NA	1	11	0.8196	NA	1	1.7183	Viruses;Duplodnaviria;Heunggongvirae;Uroviricota;Caudoviricetes;;Drexlerviridae
k127_112891	1102	No terminal repeats	NA	1	11	0.8193	NA	1	1.7183	Viruses;Duplodnaviria;Heunggongvirae;Uroviricota;Caudoviricetes;;
k127_116905	576	No terminal repeats	NA	1	11	0.8193	NA	1	1.2306	Viruses;Duplodnaviria;Heunggongvirae;Uroviricota;Caudoviricetes;;
k127_857635	800	No terminal repeats	NA	1	11	0.8193	NA	1	1.2094	Viruses;Duplodnaviria;Heunggongvirae;Uroviricota;Caudoviricetes;;
k127_181477	464	No terminal repeats	NA	2	11	0.8185	NA	1	0.9531	Viruses;Duplodnaviria;Heunggongvirae;Uroviricota;Caudoviricetes;;
k127_812965	324	No terminal repeats	NA	1	11	0.8184	NA	1	1.7077	Viruses;Duplodnaviria;Heunggongvirae;Uroviricota;Caudoviricetes;;
k127_59646	428	No terminal repeats	NA	1	11	0.8182	NA	1	1.2306	Viruses;Duplodnaviria;Heunggongvirae;Uroviricota;Caudoviricetes;;
k127_718962	3186	No terminal repeats	NA	3	11	0.8181	NA	0	1.5269	Unclassified
k127_786117	532	No terminal repeats	NA	2	11	0.8179	NA	1	1.7183	Viruses;Duplodnaviria;Heunggongvirae;Uroviricota;Caudoviricetes;;
k127_741127	1003	No terminal repeats	NA	1	11	0.8176	NA	1	1.7183	Viruses;Duplodnaviria;Heunggongvirae;Uroviricota;Caudoviricetes;;
k127_499392	363	No terminal repeats	NA	1	11	0.8156	NA	1	1.2086	Viruses;Duplodnaviria;Heunggongvirae;Uroviricota;Caudoviricetes;;
k127_1014840	588	No terminal repeats	NA	1	11	0.8156	NA	1	1.1904	Viruses;Duplodnaviria;Heunggongvirae;Uroviricota;Caudoviricetes;;
k127_120338	373	No terminal repeats	NA	1	11	0.8151	NA	1	1.7097	Viruses;Duplodnaviria;Heunggongvirae;Uroviricota;Caudoviricetes;;
k127_634680	289	No terminal repeats	NA	1	11	0.8147	NA	1	1.3483	Unclassified
k127_890811	751	No terminal repeats	NA	3	11	0.8144	NA	1	2.6762	Viruses;Duplodnaviria;Heunggongvirae;Uroviricota;Caudoviricetes;;
k127_220030	438	No terminal repeats	NA	2	11	0.8134	NA	1	0.9531	Viruses;Duplodnaviria;Heunggongvirae;Uroviricota;Caudoviricetes;;
k127_518783	448	No terminal repeats	NA	1	11	0.8128	NA	1	1.7183	Viruses;Duplodnaviria;Heunggongvirae;Uroviricota;Caudoviricetes;;
k127_19459	1871	No terminal repeats	NA	3	11	0.8113	NA	2	3.8691	Viruses;Duplodnaviria;Heunggongvirae;Uroviricota;Caudoviricetes;;
k127_887606	556	No terminal repeats	NA	1	11	0.8112	NA	1	1.7183	Viruses;Duplodnaviria;Heunggongvirae;Uroviricota;Caudoviricetes;;
k127_378152	704	No terminal repeats	NA	1	11	0.8111	NA	1	1.2306	Viruses;Duplodnaviria;Heunggongvirae;Uroviricota;Caudoviricetes;;
k127_803808	309	No terminal repeats	NA	1	11	0.8101	NA	1	1.0089	Viruses;Duplodnaviria;Heunggongvirae;Uroviricota;Caudoviricetes;;
k127_44619	701	No terminal repeats	NA	1	11	0.8091	NA	1	1.7183	Viruses;Duplodnaviria;Heunggongvirae;Uroviricota;Caudoviricetes;;
k127_200300	855	No terminal repeats	NA	1	11	0.8085	NA	1	1.2306	Viruses;Duplodnaviria;Heunggongvirae;Uroviricota;Caudoviricetes;;
k127_749161	494	No terminal repeats	NA	1	11	0.8079	NA	1	1.3050	Viruses;Duplodnaviria;Heunggongvirae;Uroviricota;Caudoviricetes;;
k127_170989	2890	No terminal repeats	NA	1	11	0.8076	NA	0	1.7183	Viruses;Duplodnaviria;Heunggongvirae;Uroviricota;Caudoviricetes;;
k127_509651	546	No terminal repeats	NA	1	11	0.8076	NA	1	1.2306	Viruses;Duplodnaviria;Heunggongvirae;Uroviricota;Caudoviricetes;;
k127_790958	669	No terminal repeats	NA	1	11	0.8073	NA	1	1.5052	Viruses;Duplodnaviria;Heunggongvirae;Uroviricota;Caudoviricetes;;
k127_822138	380	No terminal repeats	NA	1	11	0.8067	NA	1	1.2944	Viruses;Duplodnaviria;Heunggongvirae;Uroviricota;Caudoviricetes;;
k127_646072	662	No terminal repeats	NA	1	11	0.8066	NA	1	1.7183	Viruses;Duplodnaviria;Heunggongvirae;Uroviricota;Caudoviricetes;;
k127_556249	698	No terminal repeats	NA	1	11	0.8065	NA	1	1.4749	Viruses;Duplodnaviria;Heunggongvirae;Uroviricota;Caudoviricetes;;
k127_882108	875	No terminal repeats	NA	4	11	0.8056	NA	1	1.7171	Viruses;Duplodnaviria;Heunggongvirae;Uroviricota;Caudoviricetes;;Straboviridae
k127_942580	333	No terminal repeats	NA	1	11	0.8054	NA	1	1.2609	Viruses;Duplodnaviria;Heunggongvirae;Uroviricota;Caudoviricetes;;
k127_711611	655	No terminal repeats	NA	1	11	0.8051	NA	1	1.7183	Viruses;Duplodnaviria;Heunggongvirae;Uroviricota;Caudoviricetes;;
k127_802471	1202	No terminal repeats	NA	1	11	0.8048	NA	1	1.7183	Viruses;Duplodnaviria;Heunggongvirae;Uroviricota;Caudoviricetes;;
k127_80287	441	No terminal repeats	NA	1	11	0.8045	NA	1	1.2306	Viruses;Duplodnaviria;Heunggongvirae;Uroviricota;Caudoviricetes;;
k127_92212	594	No terminal repeats	NA	1	11	0.8044	NA	1	1.3608	Viruses;Duplodnaviria;Heunggongvirae;Uroviricota;Caudoviricetes;;Straboviridae
k127_885413	1096	No terminal repeats	NA	1	11	0.8041	NA	1	1.6886	Viruses;Duplodnaviria;Heunggongvirae;Uroviricota;Caudoviricetes;;
k127_597196	645	No terminal repeats	NA	1	11	0.8031	NA	1	1.7183	Viruses;Duplodnaviria;Heunggongvirae;Uroviricota;Caudoviricetes;;
k127_794076	302	No terminal repeats	NA	1	11	0.8028	NA	1	1.6774	Viruses;Duplodnaviria;Heunggongvirae;Uroviricota;Caudoviricetes;;
k127_481086	570	No terminal repeats	NA	1	11	0.8019	NA	1	1.7183	Viruses;Duplodnaviria;Heunggongvirae;Uroviricota;Caudoviricetes;;
k127_285363	536	No terminal repeats	NA	1	11	0.8019	NA	1	1.2306	Viruses;Duplodnaviria;Heunggongvirae;Uroviricota;Caudoviricetes;;
k127_657669	731	No terminal repeats	NA	1	11	0.8008	NA	1	1.7183	Viruses;Duplodnaviria;Heunggongvirae;Uroviricota;Caudoviricetes;;
k127_91679	446	No terminal repeats	NA	1	11	0.8005	NA	1	1.7183	Viruses;Duplodnaviria;Heunggongvirae;Uroviricota;Caudoviricetes;;
k127_328723	2686	No terminal repeats	NA	1	11	0.8005	NA	1	1.7183	Viruses;Duplodnaviria;Heunggongvirae;Uroviricota;Caudoviricetes;;
k127_968807	616	No terminal repeats	NA	1	11	0.8002	NA	1	1.1328	Viruses;Duplodnaviria;Heunggongvirae;Uroviricota;Caudoviricetes;;
k127_217408	649	No terminal repeats	NA	1	11	0.8002	NA	1	1.0756	Viruses;Duplodnaviria;Heunggongvirae;Uroviricota;Caudoviricetes;;
k127_537492	457	No terminal repeats	NA	1	11	0.7993	NA	1	1.7183	Viruses;Duplodnaviria;Heunggongvirae;Uroviricota;Caudoviricetes;;
k127_229954	563	No terminal repeats	NA	1	11	0.7992	NA	1	1.2306	Viruses;Duplodnaviria;Heunggongvirae;Uroviricota;Caudoviricetes;;
k127_1005497	1436	No terminal repeats	NA	1	11	0.7990	NA	1	1.4749	Viruses;Duplodnaviria;Heunggongvirae;Uroviricota;Caudoviricetes;;
k127_411385	1005	No terminal repeats	NA	2	11	0.7988	NA	1	2.6762	Viruses;Duplodnaviria;Heunggongvirae;Uroviricota;Caudoviricetes;;
k127_357320	877	No terminal repeats	NA	1	11	0.7984	NA	1	1.2306	Viruses;Duplodnaviria;Heunggongvirae;Uroviricota;Caudoviricetes;;
k127_922055	368	No terminal repeats	NA	1	11	0.7984	NA	1	1.6774	Viruses;Duplodnaviria;Heunggongvirae;Uroviricota;Caudoviricetes;;
k127_144396	337	No terminal repeats	NA	1	11	0.7977	NA	1	1.3483	Unclassified
k127_592954	435	No terminal repeats	NA	1	11	0.7964	NA	1	1.2306	Viruses;Duplodnaviria;Heunggongvirae;Uroviricota;Caudoviricetes;;
k127_825799	508	No terminal repeats	NA	1	11	0.7962	NA	1	0.9079	Viruses;Duplodnaviria;Heunggongvirae;Uroviricota;Caudoviricetes;;
k127_718956	304	No terminal repeats	NA	1	11	0.7956	NA	1	1.4000	Viruses;Duplodnaviria;Heunggongvirae;Uroviricota;Caudoviricetes;;
k127_920077	772	No terminal repeats	NA	1	11	0.7954	NA	1	1.4880	Viruses;Duplodnaviria;Heunggongvirae;Uroviricota;Caudoviricetes;;
k127_864899	594	No terminal repeats	NA	2	11	0.7953	NA	1	1.7161	Viruses;Duplodnaviria;Heunggongvirae;Uroviricota;Caudoviricetes;;
k127_893823	439	No terminal repeats	NA	2	11	0.7952	NA	1	1.3949	Viruses;Duplodnaviria;Heunggongvirae;Uroviricota;Caudoviricetes;;
k127_900482	367	No terminal repeats	NA	1	11	0.7951	NA	1	1.1328	Viruses;Duplodnaviria;Heunggongvirae;Uroviricota;Caudoviricetes;;
k127_4330	875	No terminal repeats	NA	2	11	0.7942	NA	1	1.7183	Viruses;Duplodnaviria;Heunggongvirae;Uroviricota;Caudoviricetes;;
k127_615428	457	No terminal repeats	NA	1	11	0.7940	NA	1	1.7183	Viruses;Duplodnaviria;Heunggongvirae;Uroviricota;Caudoviricetes;;
k127_897155	435	No terminal repeats	NA	1	11	0.7936	NA	1	1.2306	Viruses;Duplodnaviria;Heunggongvirae;Uroviricota;Caudoviricetes;;
k127_525649	393	No terminal repeats	NA	2	11	0.7936	NA	1	1.5081	Viruses;Duplodnaviria;Heunggongvirae;Uroviricota;Caudoviricetes;;
k127_545866	454	No terminal repeats	NA	1	11	0.7921	NA	1	1.3617	Viruses;Duplodnaviria;Heunggongvirae;Uroviricota;Caudoviricetes;;
k127_118480	347	No terminal repeats	NA	1	11	0.7917	NA	1	1.6889	Viruses;Duplodnaviria;Heunggongvirae;Uroviricota;Caudoviricetes;;
k127_1033958	837	No terminal repeats	NA	1	11	0.7910	NA	1	1.2306	Viruses;Duplodnaviria;Heunggongvirae;Uroviricota;Caudoviricetes;;
k127_623396	444	No terminal repeats	NA	1	11	0.7908	NA	1	1.3483	Unclassified
k127_50555	528	No terminal repeats	NA	2	11	0.7908	NA	1	1.5091	Viruses;Duplodnaviria;Heunggongvirae;Uroviricota;Caudoviricetes;;
k127_132317	482	No terminal repeats	NA	1	11	0.7903	NA	1	1.3198	Viruses;Duplodnaviria;Heunggongvirae;Uroviricota;Caudoviricetes;;
k127_520929	397	No terminal repeats	NA	1	11	0.7894	NA	1	1.4749	Viruses;Duplodnaviria;Heunggongvirae;Uroviricota;Caudoviricetes;;
k127_1021876	342	No terminal repeats	NA	1	11	0.7893	NA	1	1.3875	Viruses;Duplodnaviria;Heunggongvirae;Uroviricota;Caudoviricetes;;
k127_961556	899	No terminal repeats	NA	2	11	0.7885	NA	1	1.7173	Viruses;Duplodnaviria;Heunggongvirae;Uroviricota;Caudoviricetes;;
k127_121456	804	No terminal repeats	NA	1	11	0.7885	NA	1	1.7183	Viruses;Duplodnaviria;Heunggongvirae;Uroviricota;Caudoviricetes;;
k127_1038044	712	No terminal repeats	NA	3	11	0.7883	NA	1	3.0025	Viruses;Duplodnaviria;Heunggongvirae;Uroviricota;Caudoviricetes;;
k127_589746	749	No terminal repeats	NA	2	11	0.7878	NA	1	1.7183	Viruses;Duplodnaviria;Heunggongvirae;Uroviricota;Caudoviricetes;;Drexlerviridae
k127_386369	421	No terminal repeats	NA	1	11	0.7875	NA	1	1.2449	Viruses;Duplodnaviria;Heunggongvirae;Uroviricota;Caudoviricetes;;
k127_581820	445	No terminal repeats	NA	1	11	0.7870	NA	1	1.7183	Viruses;Duplodnaviria;Heunggongvirae;Uroviricota;Caudoviricetes;;
k127_226984	640	No terminal repeats	NA	2	11	0.7869	NA	1	1.7172	Viruses;Duplodnaviria;Heunggongvirae;Uroviricota;Caudoviricetes;;
k127_274521	901	No terminal repeats	NA	1	11	0.7868	NA	1	1.2306	Viruses;Duplodnaviria;Heunggongvirae;Uroviricota;Caudoviricetes;;
k127_326268	336	No terminal repeats	NA	1	11	0.7861	NA	1	1.4049	Viruses;Duplodnaviria;Heunggongvirae;Uroviricota;Caudoviricetes;;
k127_179715	626	No terminal repeats	NA	2	11	0.7857	NA	1	1.1262	Viruses;Duplodnaviria;Heunggongvirae;Uroviricota;Caudoviricetes;;
k127_384311	1021	No terminal repeats	NA	1	11	0.7855	NA	1	1.2306	Viruses;Duplodnaviria;Heunggongvirae;Uroviricota;Caudoviricetes;;
k127_15657	875	No terminal repeats	NA	1	11	0.7851	NA	1	1.7183	Viruses;Duplodnaviria;Heunggongvirae;Uroviricota;Caudoviricetes;;
k127_902625	305	No terminal repeats	NA	1	11	0.7848	NA	1	1.3150	Viruses;Duplodnaviria;Heunggongvirae;Uroviricota;Caudoviricetes;;
k127_681963	1522	No terminal repeats	NA	3	11	0.7847	NA	2	2.6667	Viruses;Duplodnaviria;Heunggongvirae;Uroviricota;Caudoviricetes;;
k127_774811	877	No terminal repeats	NA	1	11	0.7845	NA	1	1.7183	Viruses;Duplodnaviria;Heunggongvirae;Uroviricota;Caudoviricetes;;
k127_123184	360	No terminal repeats	NA	1	11	0.7843	NA	1	1.0756	Viruses;Duplodnaviria;Heunggongvirae;Uroviricota;Caudoviricetes;;
k127_182924	322	No terminal repeats	NA	2	11	0.7842	NA	1	1.0971	Viruses;Duplodnaviria;Heunggongvirae;Uroviricota;Caudoviricetes;;
k127_556715	620	No terminal repeats	NA	1	11	0.7840	NA	1	1.7183	Viruses;Duplodnaviria;Heunggongvirae;Uroviricota;Caudoviricetes;;Drexlerviridae
k127_161862	375	No terminal repeats	NA	1	11	0.7839	NA	1	1.3345	Viruses;Duplodnaviria;Heunggongvirae;Uroviricota;Caudoviricetes;;
k127_629818	847	No terminal repeats	NA	1	11	0.7837	NA	1	1.2306	Viruses;Duplodnaviria;Heunggongvirae;Uroviricota;Caudoviricetes;;
k127_609816	574	No terminal repeats	NA	1	11	0.7834	NA	1	1.3550	Viruses;Duplodnaviria;Heunggongvirae;Uroviricota;Caudoviricetes;;
k127_439417	414	No terminal repeats	NA	1	11	0.7831	NA	1	1.3856	Viruses;Duplodnaviria;Heunggongvirae;Uroviricota;Caudoviricetes;;
k127_1014651	305	No terminal repeats	NA	1	11	0.7828	NA	1	1.4491	Viruses;Duplodnaviria;Heunggongvirae;Uroviricota;Caudoviricetes;;
k127_208934	312	No terminal repeats	NA	1	11	0.7826	NA	1	1.2802	Viruses;Duplodnaviria;Heunggongvirae;Uroviricota;Caudoviricetes;;
k127_273666	532	No terminal repeats	NA	1	11	0.7814	NA	1	1.3483	Unclassified
k127_801316	556	No terminal repeats	NA	1	11	0.7809	NA	1	1.2306	Viruses;Duplodnaviria;Heunggongvirae;Uroviricota;Caudoviricetes;;
k127_356737	4723	No terminal repeats	NA	8	11	0.7807	NA	2	2.7105	Viruses;Duplodnaviria;Heunggongvirae;Uroviricota;Caudoviricetes;;
k127_824810	577	No terminal repeats	NA	1	11	0.7795	NA	1	1.2306	Viruses;Duplodnaviria;Heunggongvirae;Uroviricota;Caudoviricetes;;
k127_9446	427	No terminal repeats	NA	1	11	0.7794	NA	1	1.2306	Viruses;Duplodnaviria;Heunggongvirae;Uroviricota;Caudoviricetes;;
k127_545556	473	No terminal repeats	NA	1	11	0.7793	NA	1	1.7183	Viruses;Duplodnaviria;Heunggongvirae;Uroviricota;Caudoviricetes;;
k127_143144	322	No terminal repeats	NA	1	11	0.7791	NA	1	1.4005	Viruses;Duplodnaviria;Heunggongvirae;Uroviricota;Caudoviricetes;;
k127_573824	1534	No terminal repeats	NA	3	11	0.7778	NA	1	2.7269	Viruses;Duplodnaviria;Heunggongvirae;Uroviricota;Caudoviricetes;;
k127_379455	597	No terminal repeats	NA	1	11	0.7772	NA	1	1.4884	Viruses;Duplodnaviria;Heunggongvirae;Uroviricota;Caudoviricetes;;
k127_972937	496	No terminal repeats	NA	1	11	0.7765	NA	1	1.7183	Viruses;Duplodnaviria;Heunggongvirae;Uroviricota;Caudoviricetes;;
k127_3661	378	No terminal repeats	NA	1	11	0.7764	NA	1	1.3050	Viruses;Duplodnaviria;Heunggongvirae;Uroviricota;Caudoviricetes;;
k127_875103	1579	No terminal repeats	NA	1	11	0.7742	NA	1	1.7183	Viruses;Riboviria;Orthornavirae;Lenarviricota;Amabiliviricetes;Wolframvirales;Narnaviridae
k127_69108	411	No terminal repeats	NA	1	11	0.7739	NA	1	1.6774	Viruses;Duplodnaviria;Heunggongvirae;Uroviricota;Caudoviricetes;;
k127_974048	2910	No terminal repeats	NA	5	11	0.7734	NA	0	3.0704	Viruses;Duplodnaviria;Heunggongvirae;Uroviricota;Caudoviricetes;;
k127_130052	576	No terminal repeats	NA	1	11	0.7728	NA	1	1.2306	Viruses;Duplodnaviria;Heunggongvirae;Uroviricota;Caudoviricetes;;
k127_734203	1224	No terminal repeats	NA	1	11	0.7726	NA	1	1.3821	Viruses;Duplodnaviria;Heunggongvirae;Uroviricota;Caudoviricetes;;Autographiviridae
k127_52752	313	No terminal repeats	NA	1	11	0.7723	NA	1	1.4880	Viruses;Duplodnaviria;Heunggongvirae;Uroviricota;Caudoviricetes;;
k127_101897	435	No terminal repeats	NA	1	11	0.7715	NA	1	1.5539	Viruses;Duplodnaviria;Heunggongvirae;Uroviricota;Caudoviricetes;;
k127_857557	422	No terminal repeats	NA	1	11	0.7704	NA	1	1.4880	Viruses;Duplodnaviria;Heunggongvirae;Uroviricota;Caudoviricetes;;
k127_357675	422	No terminal repeats	NA	1	11	0.7701	NA	1	1.0851	Viruses;Duplodnaviria;Heunggongvirae;Uroviricota;Caudoviricetes;;
k127_329887	694	No terminal repeats	NA	2	11	0.7684	NA	1	2.9715	Unclassified
k127_62589	852	No terminal repeats	NA	1	11	0.7678	NA	1	1.2306	Viruses;Duplodnaviria;Heunggongvirae;Uroviricota;Caudoviricetes;;
k127_185550	425	No terminal repeats	NA	1	11	0.7676	NA	1	1.7183	Viruses;Duplodnaviria;Heunggongvirae;Uroviricota;Caudoviricetes;;
k127_715985	528	No terminal repeats	NA	1	11	0.7675	NA	1	1.4880	Viruses;Duplodnaviria;Heunggongvirae;Uroviricota;Caudoviricetes;;
k127_494813	596	No terminal repeats	NA	1	11	0.7671	NA	1	1.7183	Viruses;Duplodnaviria;Heunggongvirae;Uroviricota;Caudoviricetes;;
k127_666315	343	No terminal repeats	NA	1	11	0.7670	NA	1	1.6735	Viruses;Duplodnaviria;Heunggongvirae;Uroviricota;Caudoviricetes;;
k127_381922	301	No terminal repeats	NA	1	11	0.7667	NA	1	1.6222	Viruses;Duplodnaviria;Heunggongvirae;Uroviricota;Caudoviricetes;;
k127_975677	1612	No terminal repeats	NA	2	11	0.7658	NA	1	1.7183	Viruses;Duplodnaviria;Heunggongvirae;Uroviricota;Caudoviricetes;;
k127_864782	324	No terminal repeats	NA	1	11	0.7657	NA	1	1.5305	Viruses;Duplodnaviria;Heunggongvirae;Uroviricota;Caudoviricetes;;
k127_569956	301	No terminal repeats	NA	1	11	0.7656	NA	1	1.3562	Viruses;Duplodnaviria;Heunggongvirae;Uroviricota;Caudoviricetes;;
k127_1042266	1168	No terminal repeats	NA	1	11	0.7646	NA	1	1.7183	Viruses;Duplodnaviria;Heunggongvirae;Uroviricota;Caudoviricetes;;
k127_442934	763	No terminal repeats	NA	1	11	0.7644	NA	1	1.7183	Viruses;Duplodnaviria;Heunggongvirae;Uroviricota;Caudoviricetes;;
k127_952250	838	No terminal repeats	NA	1	11	0.7630	NA	1	1.2306	Viruses;Duplodnaviria;Heunggongvirae;Uroviricota;Caudoviricetes;;
k127_796363	423	No terminal repeats	NA	1	11	0.7619	NA	1	0.9221	Viruses;Duplodnaviria;Heunggongvirae;Uroviricota;Caudoviricetes;;Straboviridae
k127_92687	2235	No terminal repeats	NA	1	11	0.7612	NA	1	1.7183	Viruses;Duplodnaviria;Heunggongvirae;Uroviricota;Caudoviricetes;;
k127_348464	340	No terminal repeats	NA	1	11	0.7610	NA	1	1.4621	Viruses;Duplodnaviria;Heunggongvirae;Uroviricota;Caudoviricetes;;
k127_578529	1002	No terminal repeats	NA	1	11	0.7603	NA	1	1.3159	Viruses;Duplodnaviria;Heunggongvirae;Uroviricota;Caudoviricetes;;
k127_794903	964	No terminal repeats	NA	1	11	0.7594	NA	1	1.7183	Viruses;Duplodnaviria;Heunggongvirae;Uroviricota;Caudoviricetes;;
k127_900077	407	No terminal repeats	NA	1	11	0.7579	NA	1	1.5168	Viruses;Duplodnaviria;Heunggongvirae;Uroviricota;Caudoviricetes;;
k127_117747	594	No terminal repeats	NA	2	11	0.7572	NA	1	1.7183	Viruses;Duplodnaviria;Heunggongvirae;Uroviricota;Caudoviricetes;;
k127_597480	4319	No terminal repeats	NA	5	11	0.7570	NA	0	2.9394	Viruses;Duplodnaviria;Heunggongvirae;Uroviricota;Caudoviricetes;;
k127_945640	405	No terminal repeats	NA	1	11	0.7567	NA	1	1.3050	Viruses;Duplodnaviria;Heunggongvirae;Uroviricota;Caudoviricetes;;
k127_405602	738	No terminal repeats	NA	1	11	0.7564	NA	1	1.2306	Viruses;Duplodnaviria;Heunggongvirae;Uroviricota;Caudoviricetes;;
k127_799458	313	No terminal repeats	NA	1	11	0.7563	NA	1	1.3878	Viruses;Duplodnaviria;Heunggongvirae;Uroviricota;Caudoviricetes;;
k127_378105	604	No terminal repeats	NA	1	11	0.7538	NA	1	1.2306	Viruses;Duplodnaviria;Heunggongvirae;Uroviricota;Caudoviricetes;;
k127_926345	374	No terminal repeats	NA	1	11	0.7523	NA	1	1.7134	Viruses;Duplodnaviria;Heunggongvirae;Uroviricota;Caudoviricetes;;
k127_557308	744	No terminal repeats	NA	2	11	0.7521	NA	1	1.7165	Viruses;Duplodnaviria;Heunggongvirae;Uroviricota;Caudoviricetes;;
k127_705512	567	No terminal repeats	NA	1	11	0.7521	NA	1	1.6886	Viruses;Duplodnaviria;Heunggongvirae;Uroviricota;Caudoviricetes;;
k127_685261	379	No terminal repeats	NA	1	11	0.7514	NA	1	1.3168	Viruses;Duplodnaviria;Heunggongvirae;Uroviricota;Caudoviricetes;;
k127_301759	1347	No terminal repeats	NA	2	11	0.7508	NA	1	1.7183	Viruses;Duplodnaviria;Heunggongvirae;Uroviricota;Caudoviricetes;;
k127_662216	302	No terminal repeats	NA	1	11	0.7506	NA	1	1.5656	Viruses;Duplodnaviria;Heunggongvirae;Uroviricota;Caudoviricetes;;
k127_529027	803	No terminal repeats	NA	1	11	0.7504	NA	1	1.2873	Viruses;Duplodnaviria;Heunggongvirae;Uroviricota;Caudoviricetes;;
k127_94552	435	No terminal repeats	NA	1	11	0.7498	NA	1	1.1328	Viruses;Duplodnaviria;Heunggongvirae;Uroviricota;Caudoviricetes;;
k127_694815	335	No terminal repeats	NA	1	11	0.7498	NA	1	1.3358	Viruses;Duplodnaviria;Heunggongvirae;Uroviricota;Caudoviricetes;;
k127_637491	757	No terminal repeats	NA	1	11	0.7497	NA	1	1.0597	Unclassified
k127_776525	796	No terminal repeats	NA	1	11	0.7485	NA	1	1.7183	Viruses;Duplodnaviria;Heunggongvirae;Uroviricota;Caudoviricetes;;Drexlerviridae
k127_495117	378	No terminal repeats	NA	2	11	0.7478	NA	1	1.1262	Viruses;Duplodnaviria;Heunggongvirae;Uroviricota;Caudoviricetes;;
k127_293333	419	No terminal repeats	NA	1	11	0.7477	NA	1	0.9079	Viruses;Duplodnaviria;Heunggongvirae;Uroviricota;Caudoviricetes;;
k127_430314	741	No terminal repeats	NA	2	11	0.7475	NA	1	1.7183	Viruses;Duplodnaviria;Heunggongvirae;Uroviricota;Caudoviricetes;;
k127_755073	538	No terminal repeats	NA	1	11	0.7473	NA	1	1.6407	Viruses;Duplodnaviria;Heunggongvirae;Uroviricota;Caudoviricetes;;
k127_293060	1178	No terminal repeats	NA	2	11	0.7455	NA	1	1.7183	Viruses;Duplodnaviria;Heunggongvirae;Uroviricota;Caudoviricetes;;
k127_576167	693	No terminal repeats	NA	1	11	0.7451	NA	1	1.4825	Viruses;Duplodnaviria;Heunggongvirae;Uroviricota;Caudoviricetes;;
k127_209869	606	No terminal repeats	NA	1	11	0.7448	NA	1	1.1810	Unclassified
k127_106721	434	No terminal repeats	NA	1	11	0.7448	NA	1	1.2869	Viruses;Duplodnaviria;Heunggongvirae;Uroviricota;Caudoviricetes;;
k127_936127	905	No terminal repeats	NA	1	11	0.7439	NA	1	1.4880	Viruses;Duplodnaviria;Heunggongvirae;Uroviricota;Caudoviricetes;;
k127_684404	329	No terminal repeats	NA	1	11	0.7436	NA	1	1.3821	Viruses;Duplodnaviria;Heunggongvirae;Uroviricota;Caudoviricetes;;Autographiviridae
k127_1005623	1059	No terminal repeats	NA	2	11	0.7432	NA	1	1.7183	Viruses;Duplodnaviria;Heunggongvirae;Uroviricota;Caudoviricetes;;
k127_142842	829	No terminal repeats	NA	2	11	0.7432	NA	1	2.7375	Viruses;Duplodnaviria;Heunggongvirae;Uroviricota;Caudoviricetes;;
k127_622704	348	No terminal repeats	NA	1	11	0.7431	NA	1	1.7037	Viruses;Duplodnaviria;Heunggongvirae;Uroviricota;Caudoviricetes;;
k127_469616	348	No terminal repeats	NA	1	11	0.7430	NA	1	1.3608	Viruses;Duplodnaviria;Heunggongvirae;Uroviricota;Caudoviricetes;;Straboviridae
k127_729986	400	No terminal repeats	NA	2	11	0.7429	NA	1	1.5715	Viruses;Duplodnaviria;Heunggongvirae;Uroviricota;Caudoviricetes;;
k127_419112	473	No terminal repeats	NA	1	11	0.7414	NA	1	1.4860	Viruses;Duplodnaviria;Heunggongvirae;Uroviricota;Caudoviricetes;;
k127_1020112	1386	No terminal repeats	NA	1	11	0.7405	NA	1	1.7183	Viruses;Riboviria;Orthornavirae;Pisuviricota;Duplopiviricetes;Durnavirales;Partitiviridae
k127_611773	614	No terminal repeats	NA	1	11	0.7403	NA	1	1.2306	Viruses;Duplodnaviria;Heunggongvirae;Uroviricota;Caudoviricetes;;
k127_21379	349	No terminal repeats	NA	1	11	0.7381	NA	1	1.3358	Viruses;Duplodnaviria;Heunggongvirae;Uroviricota;Caudoviricetes;;
k127_716524	431	No terminal repeats	NA	1	11	0.7378	NA	1	1.4570	Viruses;Duplodnaviria;Heunggongvirae;Uroviricota;Caudoviricetes;;
k127_436791	681	No terminal repeats	NA	1	11	0.7365	NA	1	1.3380	Viruses;Duplodnaviria;Heunggongvirae;Uroviricota;Caudoviricetes;;
k127_587499	1561	No terminal repeats	NA	2	11	0.7349	NA	1	1.7183	Viruses;Duplodnaviria;Heunggongvirae;Uroviricota;Caudoviricetes;;
k127_209074	363	No terminal repeats	NA	1	11	0.7338	NA	1	1.0862	Viruses;Duplodnaviria;Heunggongvirae;Uroviricota;Caudoviricetes;;
k127_121341	319	No terminal repeats	NA	1	11	0.7319	NA	1	1.7173	Viruses;Duplodnaviria;Heunggongvirae;Uroviricota;Caudoviricetes;;
k127_185300	505	No terminal repeats	NA	2	11	0.7319	NA	1	1.0320	Viruses;Duplodnaviria;Heunggongvirae;Uroviricota;Caudoviricetes;;
k127_960766	952	No terminal repeats	NA	2	11	0.7310	NA	1	1.7183	Viruses;Duplodnaviria;Heunggongvirae;Uroviricota;Caudoviricetes;;Drexlerviridae
k127_919949	600	No terminal repeats	NA	1	11	0.7298	NA	1	1.2306	Viruses;Duplodnaviria;Heunggongvirae;Uroviricota;Caudoviricetes;;
k127_557927	871	No terminal repeats	NA	2	11	0.7295	NA	1	1.7173	Viruses;Duplodnaviria;Heunggongvirae;Uroviricota;Caudoviricetes;;
k127_263777	761	No terminal repeats	NA	1	11	0.7293	NA	1	1.2094	Viruses;Duplodnaviria;Heunggongvirae;Uroviricota;Caudoviricetes;;
k127_356436	314	No terminal repeats	NA	1	11	0.7293	NA	1	1.3878	Viruses;Duplodnaviria;Heunggongvirae;Uroviricota;Caudoviricetes;;
k127_849684	396	No terminal repeats	NA	2	11	0.7289	NA	1	1.7141	Unclassified
k127_867980	552	No terminal repeats	NA	2	11	0.7289	NA	1	1.6774	Viruses;Duplodnaviria;Heunggongvirae;Uroviricota;Caudoviricetes;;
k127_20273	810	No terminal repeats	NA	1	11	0.7277	NA	1	1.0799	Viruses;Duplodnaviria;Heunggongvirae;Uroviricota;Caudoviricetes;;
k127_102969	320	No terminal repeats	NA	1	11	0.7267	NA	1	1.7020	Viruses;Duplodnaviria;Heunggongvirae;Uroviricota;Caudoviricetes;;
k127_318269	784	No terminal repeats	NA	2	11	0.7265	NA	1	1.7183	Viruses;Duplodnaviria;Heunggongvirae;Uroviricota;Caudoviricetes;;
k127_295127	2531	No terminal repeats	NA	3	11	0.7263	NA	0	1.7183	Viruses;Duplodnaviria;Heunggongvirae;Uroviricota;Caudoviricetes;;Mesyanzhinovviridae
k127_528005	886	No terminal repeats	NA	2	11	0.7258	NA	1	1.7183	Viruses;Duplodnaviria;Heunggongvirae;Uroviricota;Caudoviricetes;;Drexlerviridae
k127_1003345	428	No terminal repeats	NA	1	11	0.7241	NA	1	1.1215	Viruses;Duplodnaviria;Heunggongvirae;Uroviricota;Caudoviricetes;;
k127_844604	383	No terminal repeats	NA	1	11	0.7240	NA	1	1.6774	Viruses;Duplodnaviria;Heunggongvirae;Uroviricota;Caudoviricetes;;
k127_655988	1506	No terminal repeats	NA	3	11	0.7235	NA	1	3.2932	Viruses;Duplodnaviria;Heunggongvirae;Uroviricota;Caudoviricetes;;
k127_823172	505	No terminal repeats	NA	1	11	0.7232	NA	1	1.4825	Viruses;Duplodnaviria;Heunggongvirae;Uroviricota;Caudoviricetes;;
k127_687654	604	No terminal repeats	NA	1	11	0.7229	NA	1	1.4749	Viruses;Duplodnaviria;Heunggongvirae;Uroviricota;Caudoviricetes;;
k127_758668	1181	No terminal repeats	NA	1	4	0.7226	NA	1	1.1496	Viruses;Duplodnaviria;Heunggongvirae;Uroviricota;Caudoviricetes;;
k127_1019130	392	No terminal repeats	NA	1	11	0.7218	NA	1	1.3821	Viruses;Duplodnaviria;Heunggongvirae;Uroviricota;Caudoviricetes;;Autographiviridae
k127_847972	1096	No terminal repeats	NA	1	11	0.7212	NA	1	1.2306	Viruses;Duplodnaviria;Heunggongvirae;Uroviricota;Caudoviricetes;;
k127_899235	750	No terminal repeats	NA	1	11	0.7211	NA	1	1.4749	Viruses;Duplodnaviria;Heunggongvirae;Uroviricota;Caudoviricetes;;
k127_431715	320	No terminal repeats	NA	1	11	0.7209	NA	1	1.3595	Unclassified
k127_78787	838	No terminal repeats	NA	1	11	0.7208	NA	1	1.6969	Unclassified
k127_218044	306	No terminal repeats	NA	1	11	0.7207	NA	1	1.6774	Viruses;Duplodnaviria;Heunggongvirae;Uroviricota;Caudoviricetes;;
k127_53064	903	No terminal repeats	NA	1	11	0.7190	NA	1	1.1328	Viruses;Duplodnaviria;Heunggongvirae;Uroviricota;Caudoviricetes;;
k127_165963	1599	No terminal repeats	NA	2	11	0.7189	NA	1	1.7183	Unclassified
k127_953986	772	No terminal repeats	NA	1	11	0.7186	NA	1	1.7183	Viruses;Duplodnaviria;Heunggongvirae;Uroviricota;Caudoviricetes;;
k127_1047294	425	No terminal repeats	NA	2	11	0.7162	NA	1	1.4734	Viruses;Duplodnaviria;Heunggongvirae;Uroviricota;Caudoviricetes;;
k127_252704	309	No terminal repeats	NA	1	11	0.7161	NA	1	1.0485	Viruses;Duplodnaviria;Heunggongvirae;Uroviricota;Caudoviricetes;;
k127_118511	354	No terminal repeats	NA	1	11	0.7160	NA	1	1.6918	Viruses;Duplodnaviria;Heunggongvirae;Uroviricota;Caudoviricetes;;
k127_540906	535	No terminal repeats	NA	2	11	0.7157	NA	1	1.1262	Viruses;Duplodnaviria;Heunggongvirae;Uroviricota;Caudoviricetes;;
k127_190085	403	No terminal repeats	NA	1	11	0.7154	NA	1	1.1808	Viruses;Duplodnaviria;Heunggongvirae;Uroviricota;Caudoviricetes;;
k127_987444	535	No terminal repeats	NA	1	11	0.7152	NA	1	1.6760	Viruses;Duplodnaviria;Heunggongvirae;Uroviricota;Caudoviricetes;;
k127_184593	419	No terminal repeats	NA	1	11	0.7151	NA	1	1.1240	Viruses;Duplodnaviria;Heunggongvirae;Uroviricota;Caudoviricetes;;
k127_828584	327	No terminal repeats	NA	1	11	0.7147	NA	1	1.4049	Viruses;Duplodnaviria;Heunggongvirae;Uroviricota;Caudoviricetes;;
k127_703767	2971	No terminal repeats	NA	1	11	0.7145	NA	1	1.7183	Viruses;Duplodnaviria;Heunggongvirae;Uroviricota;Caudoviricetes;;
k127_497164	392	No terminal repeats	NA	1	11	0.7143	NA	1	1.0851	Viruses;Duplodnaviria;Heunggongvirae;Uroviricota;Caudoviricetes;;
k127_787661	504	No terminal repeats	NA	1	11	0.7133	NA	1	1.4880	Viruses;Duplodnaviria;Heunggongvirae;Uroviricota;Caudoviricetes;;
k127_931941	1397	No terminal repeats	NA	2	11	0.7128	NA	1	2.4784	Viruses;Duplodnaviria;Heunggongvirae;Uroviricota;Caudoviricetes;;
k127_327092	437	No terminal repeats	NA	2	11	0.7117	NA	1	1.6857	Viruses;Duplodnaviria;Heunggongvirae;Uroviricota;Caudoviricetes;;
k127_672259	479	No terminal repeats	NA	1	11	0.7109	NA	1	1.6693	Viruses;Duplodnaviria;Heunggongvirae;Uroviricota;Caudoviricetes;;
k127_983326	325	No terminal repeats	NA	1	11	0.7108	NA	1	1.7161	Viruses;Duplodnaviria;Heunggongvirae;Uroviricota;Caudoviricetes;;
k127_765193	458	No terminal repeats	NA	1	11	0.7108	NA	1	1.7183	Viruses;Duplodnaviria;Heunggongvirae;Uroviricota;Caudoviricetes;;
k127_679093	310	No terminal repeats	NA	1	11	0.7098	NA	1	1.6774	Viruses;Duplodnaviria;Heunggongvirae;Uroviricota;Caudoviricetes;;
k127_1001531	638	No terminal repeats	NA	1	11	0.7096	NA	1	1.2995	Viruses;Duplodnaviria;Heunggongvirae;Uroviricota;Caudoviricetes;;Ackermannviridae
k127_802387	931	No terminal repeats	NA	1	11	0.7091	NA	1	1.1904	Viruses;Duplodnaviria;Heunggongvirae;Uroviricota;Caudoviricetes;;
k127_359702	330	No terminal repeats	NA	1	11	0.7088	NA	1	1.5600	Viruses;Duplodnaviria;Heunggongvirae;Uroviricota;Caudoviricetes;;
k127_119724	423	No terminal repeats	NA	1	11	0.7082	NA	1	1.3729	Viruses;Duplodnaviria;Heunggongvirae;Uroviricota;Caudoviricetes;;
k127_711872	896	No terminal repeats	NA	2	11	0.7081	NA	1	1.5407	Viruses;Duplodnaviria;Heunggongvirae;Uroviricota;Caudoviricetes;;
k127_424592	582	No terminal repeats	NA	1	11	0.7081	NA	1	1.2583	Viruses;Duplodnaviria;Heunggongvirae;Uroviricota;Caudoviricetes;;
k127_802316	358	No terminal repeats	NA	1	11	0.7076	NA	1	1.5443	Viruses;Duplodnaviria;Heunggongvirae;Uroviricota;Caudoviricetes;;
k127_871046	749	No terminal repeats	NA	2	11	0.7076	NA	1	1.7183	Viruses;Duplodnaviria;Heunggongvirae;Uroviricota;Caudoviricetes;;Herelleviridae
k127_687564	992	No terminal repeats	NA	3	11	0.7070	NA	1	1.7183	Viruses;Duplodnaviria;Heunggongvirae;Uroviricota;Caudoviricetes;;
k127_968379	309	No terminal repeats	NA	1	11	0.7063	NA	1	1.6632	Viruses;Duplodnaviria;Heunggongvirae;Uroviricota;Caudoviricetes;;
k127_815284	418	No terminal repeats	NA	1	11	0.7051	NA	1	1.6735	Viruses;Duplodnaviria;Heunggongvirae;Uroviricota;Caudoviricetes;;
k127_210933	370	No terminal repeats	NA	1	11	0.7039	NA	1	1.2441	Viruses;Duplodnaviria;Heunggongvirae;Uroviricota;Caudoviricetes;;
k127_113852	387	No terminal repeats	NA	1	11	0.7033	NA	1	1.2096	Viruses;Duplodnaviria;Heunggongvirae;Uroviricota;Caudoviricetes;;
k127_385985	415	No terminal repeats	NA	2	11	0.7032	NA	1	1.2696	Viruses;Duplodnaviria;Heunggongvirae;Uroviricota;Caudoviricetes;;
k127_481403	777	No terminal repeats	NA	1	11	0.7026	NA	1	1.6407	Viruses;Duplodnaviria;Heunggongvirae;Uroviricota;Caudoviricetes;;
k127_793698	499	No terminal repeats	NA	1	11	0.7021	NA	1	1.3562	Viruses;Duplodnaviria;Heunggongvirae;Uroviricota;Caudoviricetes;;
k127_622321	659	No terminal repeats	NA	1	11	0.7011	NA	1	1.7088	Viruses;Duplodnaviria;Heunggongvirae;Uroviricota;Caudoviricetes;;
k127_322321	1381	No terminal repeats	NA	1	11	0.7010	NA	1	1.2306	Viruses;Duplodnaviria;Heunggongvirae;Uroviricota;Caudoviricetes;;
k127_1047219	2626	No terminal repeats	NA	2	11	0.7009	NA	0	1.7183	Viruses;Duplodnaviria;Heunggongvirae;Uroviricota;Caudoviricetes;;
k127_670737	656	No terminal repeats	NA	2	11	0.7001	NA	1	3.1747	Viruses;Duplodnaviria;Heunggongvirae;Uroviricota;Caudoviricetes;;
k127_466375	464	No terminal repeats	NA	2	11	0.7001	NA	1	1.6857	Viruses;Duplodnaviria;Heunggongvirae;Uroviricota;Caudoviricetes;;
