seq_name	length	topology	coordinates	n_genes	genetic_code	virus_score	fdr	n_hallmarks	marker_enrichment	taxonomy
k127_482608	424	No terminal repeats	NA	1	11	0.9694	NA	1	1.7183	Viruses;Duplodnaviria;Heunggongvirae;Uroviricota;Caudoviricetes;;
k127_513458	341	No terminal repeats	NA	1	11	0.9685	NA	1	1.4762	Unclassified
k127_142922	331	No terminal repeats	NA	1	11	0.9684	NA	1	1.7183	Viruses;Duplodnaviria;Heunggongvirae;Uroviricota;Caudoviricetes;;
k127_177811	553	No terminal repeats	NA	1	11	0.9675	NA	1	1.4595	Viruses;Duplodnaviria;Heunggongvirae;Uroviricota;Caudoviricetes;;
k127_228773	429	No terminal repeats	NA	2	11	0.9673	NA	2	2.9560	Viruses;Duplodnaviria;Heunggongvirae;Uroviricota;Caudoviricetes;;
k127_513356	347	No terminal repeats	NA	1	11	0.9652	NA	1	1.7183	Viruses;Duplodnaviria;Heunggongvirae;Uroviricota;Caudoviricetes;;
k127_550739	583	No terminal repeats	NA	2	11	0.9650	NA	2	3.0880	Viruses;Duplodnaviria;Heunggongvirae;Uroviricota;Caudoviricetes;;
k127_70425	386	No terminal repeats	NA	1	11	0.9648	NA	1	1.7183	Viruses;Duplodnaviria;Heunggongvirae;Uroviricota;Caudoviricetes;;Drexlerviridae
k127_550815	352	No terminal repeats	NA	1	11	0.9634	NA	1	1.7183	Viruses;Duplodnaviria;Heunggongvirae;Uroviricota;Caudoviricetes;;
k127_24740	339	No terminal repeats	NA	1	11	0.9623	NA	1	1.7183	Viruses;Duplodnaviria;Heunggongvirae;Uroviricota;Caudoviricetes;;
k127_502532	501	No terminal repeats	NA	1	11	0.9618	NA	1	1.4595	Viruses;Duplodnaviria;Heunggongvirae;Uroviricota;Caudoviricetes;;
k127_419040	414	No terminal repeats	NA	1	11	0.9614	NA	1	1.7183	Viruses;Duplodnaviria;Heunggongvirae;Uroviricota;Caudoviricetes;;
k127_201460	1280	No terminal repeats	NA	2	11	0.9611	NA	1	3.0620	Viruses;Duplodnaviria;Heunggongvirae;Uroviricota;Caudoviricetes;;Herelleviridae
k127_116295	1569	No terminal repeats	NA	3	11	0.9610	NA	2	5.1548	Viruses;Duplodnaviria;Heunggongvirae;Uroviricota;Caudoviricetes;;
k127_30709	359	No terminal repeats	NA	1	11	0.9608	NA	1	1.4698	Viruses;Duplodnaviria;Heunggongvirae;Uroviricota;Caudoviricetes;;
k127_166190	351	No terminal repeats	NA	1	11	0.9599	NA	1	1.4595	Viruses;Duplodnaviria;Heunggongvirae;Uroviricota;Caudoviricetes;;
k127_336737	309	No terminal repeats	NA	1	11	0.9596	NA	1	1.4595	Viruses;Duplodnaviria;Heunggongvirae;Uroviricota;Caudoviricetes;;
k127_257423	351	No terminal repeats	NA	1	11	0.9596	NA	1	1.7183	Viruses;Duplodnaviria;Heunggongvirae;Uroviricota;Caudoviricetes;;
k127_33829	767	No terminal repeats	NA	3	11	0.9565	NA	1	4.8961	Viruses;Duplodnaviria;Heunggongvirae;Uroviricota;Caudoviricetes;;
k127_121860	354	No terminal repeats	NA	1	11	0.9563	NA	1	1.7183	Viruses;Duplodnaviria;Heunggongvirae;Uroviricota;Caudoviricetes;;
k127_401140	349	No terminal repeats	NA	1	11	0.9563	NA	1	1.7183	Viruses;Duplodnaviria;Heunggongvirae;Uroviricota;Caudoviricetes;;
k127_428522	306	No terminal repeats	NA	1	11	0.9560	NA	1	1.7183	Viruses;Duplodnaviria;Heunggongvirae;Uroviricota;Caudoviricetes;;
k127_240973	332	No terminal repeats	NA	1	11	0.9552	NA	1	1.7183	Viruses;Duplodnaviria;Heunggongvirae;Uroviricota;Caudoviricetes;;
k127_181041	315	No terminal repeats	NA	1	11	0.9538	NA	1	1.7183	Viruses;Duplodnaviria;Heunggongvirae;Uroviricota;Caudoviricetes;;
k127_134348	329	No terminal repeats	NA	1	11	0.9510	NA	1	1.4698	Viruses;Duplodnaviria;Heunggongvirae;Uroviricota;Caudoviricetes;;
k127_275733	968	No terminal repeats	NA	1	11	0.9508	NA	1	1.7183	Viruses;Duplodnaviria;Heunggongvirae;Uroviricota;Caudoviricetes;;
k127_258295	325	No terminal repeats	NA	1	11	0.9499	NA	1	1.7183	Viruses;Duplodnaviria;Heunggongvirae;Uroviricota;Caudoviricetes;;
k127_168865	634	No terminal repeats	NA	2	11	0.9492	NA	2	2.7823	Viruses;Duplodnaviria;Heunggongvirae;Uroviricota;Caudoviricetes;;
k127_133426	509	No terminal repeats	NA	1	11	0.9491	NA	1	1.7183	Viruses;Duplodnaviria;Heunggongvirae;Uroviricota;Caudoviricetes;;
k127_495881	366	No terminal repeats	NA	1	11	0.9484	NA	1	1.7183	Viruses;Duplodnaviria;Heunggongvirae;Uroviricota;Caudoviricetes;;
k127_412323	552	No terminal repeats	NA	2	11	0.9475	NA	1	3.2162	Viruses;Duplodnaviria;Heunggongvirae;Uroviricota;Caudoviricetes;;
k127_34825	420	No terminal repeats	NA	1	11	0.9473	NA	1	1.4595	Viruses;Duplodnaviria;Heunggongvirae;Uroviricota;Caudoviricetes;;
k127_369642	360	No terminal repeats	NA	2	11	0.9470	NA	1	1.7183	Viruses;Duplodnaviria;Heunggongvirae;Uroviricota;Caudoviricetes;;
k127_355151	420	No terminal repeats	NA	1	11	0.9463	NA	1	1.7183	Viruses;Duplodnaviria;Heunggongvirae;Uroviricota;Caudoviricetes;;
k127_104130	481	No terminal repeats	NA	1	11	0.9462	NA	1	1.7183	Viruses;Duplodnaviria;Heunggongvirae;Uroviricota;Caudoviricetes;;
k127_160898	357	No terminal repeats	NA	1	11	0.9459	NA	1	1.7183	Viruses;Duplodnaviria;Heunggongvirae;Uroviricota;Caudoviricetes;;
k127_165931	1585	No terminal repeats	NA	1	11	0.9459	NA	1	1.7183	Viruses;Duplodnaviria;Heunggongvirae;Uroviricota;Caudoviricetes;;
k127_501850	1348	No terminal repeats	NA	1	11	0.9452	NA	1	1.7183	Viruses;Duplodnaviria;Heunggongvirae;Uroviricota;Caudoviricetes;;
k127_513671	373	No terminal repeats	NA	1	11	0.9441	NA	1	1.4595	Viruses;Duplodnaviria;Heunggongvirae;Uroviricota;Caudoviricetes;;
k127_338459	420	No terminal repeats	NA	1	11	0.9438	NA	1	1.7183	Viruses;Duplodnaviria;Heunggongvirae;Uroviricota;Caudoviricetes;;
k127_323772	386	No terminal repeats	NA	1	11	0.9437	NA	1	1.7183	Viruses;Duplodnaviria;Heunggongvirae;Uroviricota;Caudoviricetes;;
k127_408165	611	No terminal repeats	NA	1	11	0.9433	NA	1	1.3120	Viruses;Duplodnaviria;Heunggongvirae;Uroviricota;Caudoviricetes;;
k127_431558	425	No terminal repeats	NA	1	11	0.9429	NA	1	1.7183	Viruses;Duplodnaviria;Heunggongvirae;Uroviricota;Caudoviricetes;;
k127_308119	310	No terminal repeats	NA	1	11	0.9411	NA	1	1.7183	Viruses;Duplodnaviria;Heunggongvirae;Uroviricota;Caudoviricetes;;Herelleviridae
k127_236100	354	No terminal repeats	NA	2	11	0.9406	NA	1	1.7183	Viruses;Duplodnaviria;Heunggongvirae;Uroviricota;Caudoviricetes;;Herelleviridae
k127_413942	611	No terminal repeats	NA	1	11	0.9396	NA	1	1.7183	Viruses;Duplodnaviria;Heunggongvirae;Uroviricota;Caudoviricetes;;
k127_114630	521	No terminal repeats	NA	1	11	0.9391	NA	1	1.7183	Viruses;Duplodnaviria;Heunggongvirae;Uroviricota;Caudoviricetes;;
k127_99999	742	No terminal repeats	NA	2	11	0.9389	NA	1	1.7183	Viruses;Duplodnaviria;Heunggongvirae;Uroviricota;Caudoviricetes;;Herelleviridae
k127_131233	622	No terminal repeats	NA	1	11	0.9382	NA	1	1.7183	Viruses;Duplodnaviria;Heunggongvirae;Uroviricota;Caudoviricetes;;
k127_489245	319	No terminal repeats	NA	2	11	0.9378	NA	1	1.7183	Viruses;Duplodnaviria;Heunggongvirae;Uroviricota;Caudoviricetes;;
k127_300745	305	No terminal repeats	NA	1	11	0.9370	NA	1	1.7183	Viruses;Duplodnaviria;Heunggongvirae;Uroviricota;Caudoviricetes;;
k127_5031	484	No terminal repeats	NA	2	11	0.9365	NA	1	1.7183	Viruses;Duplodnaviria;Heunggongvirae;Uroviricota;Caudoviricetes;;
k127_401474	350	No terminal repeats	NA	1	11	0.9356	NA	1	1.4418	Viruses;Duplodnaviria;Heunggongvirae;Uroviricota;Caudoviricetes;;
k127_71883	1323	No terminal repeats	NA	1	11	0.9350	NA	1	1.7183	Viruses;Duplodnaviria;Heunggongvirae;Uroviricota;Caudoviricetes;;
k127_535313	304	No terminal repeats	NA	1	11	0.9349	NA	1	1.7183	Viruses;Duplodnaviria;Heunggongvirae;Uroviricota;Caudoviricetes;;
k127_234414	371	No terminal repeats	NA	1	11	0.9347	NA	1	1.7183	Viruses;Duplodnaviria;Heunggongvirae;Uroviricota;Caudoviricetes;;
k127_398998	534	No terminal repeats	NA	1	11	0.9345	NA	1	1.7183	Viruses;Duplodnaviria;Heunggongvirae;Uroviricota;Caudoviricetes;;
k127_346647	324	No terminal repeats	NA	1	11	0.9344	NA	1	1.7183	Viruses;Duplodnaviria;Heunggongvirae;Uroviricota;Caudoviricetes;;
k127_244713	398	No terminal repeats	NA	1	11	0.9343	NA	1	1.7183	Viruses;Duplodnaviria;Heunggongvirae;Uroviricota;Caudoviricetes;;
k127_496466	476	No terminal repeats	NA	1	11	0.9342	NA	1	1.7183	Viruses;Duplodnaviria;Heunggongvirae;Uroviricota;Caudoviricetes;;
k127_415562	582	No terminal repeats	NA	1	11	0.9336	NA	1	1.4595	Viruses;Duplodnaviria;Heunggongvirae;Uroviricota;Caudoviricetes;;
k127_89835	328	No terminal repeats	NA	1	11	0.9314	NA	1	1.4880	Viruses;Duplodnaviria;Heunggongvirae;Uroviricota;Caudoviricetes;;
k127_434980	1211	No terminal repeats	NA	2	11	0.9307	NA	1	3.4366	Viruses;Duplodnaviria;Heunggongvirae;Uroviricota;Caudoviricetes;;Herelleviridae
k127_198016	338	No terminal repeats	NA	1	11	0.9291	NA	1	1.7183	Viruses;Duplodnaviria;Heunggongvirae;Uroviricota;Caudoviricetes;;
k127_141897	376	No terminal repeats	NA	1	11	0.9289	NA	1	1.3050	Viruses;Duplodnaviria;Heunggongvirae;Uroviricota;Caudoviricetes;;
k127_151278	347	No terminal repeats	NA	1	11	0.9279	NA	1	1.3617	Viruses;Duplodnaviria;Heunggongvirae;Uroviricota;Caudoviricetes;;
k127_245673	339	No terminal repeats	NA	1	11	0.9279	NA	1	1.4853	Viruses;Duplodnaviria;Heunggongvirae;Uroviricota;Caudoviricetes;;
k127_415323	330	No terminal repeats	NA	1	11	0.9276	NA	1	1.4749	Viruses;Duplodnaviria;Heunggongvirae;Uroviricota;Caudoviricetes;;
k127_529242	395	No terminal repeats	NA	1	11	0.9276	NA	1	1.7183	Viruses;Duplodnaviria;Heunggongvirae;Uroviricota;Caudoviricetes;;
k127_106680	343	No terminal repeats	NA	1	11	0.9264	NA	1	1.4698	Viruses;Duplodnaviria;Heunggongvirae;Uroviricota;Caudoviricetes;;
k127_146447	1179	No terminal repeats	NA	1	11	0.9262	NA	1	1.4595	Viruses;Duplodnaviria;Heunggongvirae;Uroviricota;Caudoviricetes;;
k127_187206	397	No terminal repeats	NA	1	11	0.9262	NA	1	1.4931	Viruses;Duplodnaviria;Heunggongvirae;Uroviricota;Caudoviricetes;;
k127_382284	2415	No terminal repeats	NA	2	11	0.9262	NA	1	3.0620	Viruses;Duplodnaviria;Heunggongvirae;Uroviricota;Caudoviricetes;;Herelleviridae
k127_169544	365	No terminal repeats	NA	1	11	0.9262	NA	1	1.7183	Viruses;Duplodnaviria;Heunggongvirae;Uroviricota;Caudoviricetes;;
k127_443219	1968	No terminal repeats	NA	1	11	0.9260	NA	1	1.6726	Viruses;Duplodnaviria;Heunggongvirae;Uroviricota;Caudoviricetes;;
k127_54175	518	No terminal repeats	NA	2	11	0.9257	NA	1	1.7161	Viruses;Duplodnaviria;Heunggongvirae;Uroviricota;Caudoviricetes;;
k127_134971	368	No terminal repeats	NA	1	11	0.9248	NA	1	1.7183	Viruses;Duplodnaviria;Heunggongvirae;Uroviricota;Caudoviricetes;;Drexlerviridae
k127_540345	753	No terminal repeats	NA	1	11	0.9244	NA	1	1.7183	Viruses;Riboviria;Orthornavirae;Pisuviricota;Stelpaviricetes;Patatavirales;Potyviridae
k127_142477	316	No terminal repeats	NA	1	11	0.9243	NA	1	1.7183	Viruses;Duplodnaviria;Heunggongvirae;Uroviricota;Caudoviricetes;;
k127_309387	724	No terminal repeats	NA	1	11	0.9234	NA	1	1.7183	Unclassified
k127_320679	423	No terminal repeats	NA	1	11	0.9233	NA	1	1.7183	Viruses;Duplodnaviria;Heunggongvirae;Uroviricota;Caudoviricetes;;
k127_439459	545	No terminal repeats	NA	1	11	0.9221	NA	1	1.7183	Viruses;Duplodnaviria;Heunggongvirae;Uroviricota;Caudoviricetes;;
k127_355769	984	No terminal repeats	NA	3	11	0.9220	NA	2	4.8063	Viruses;Duplodnaviria;Heunggongvirae;Uroviricota;Caudoviricetes;;
k127_346281	320	No terminal repeats	NA	1	11	0.9218	NA	1	1.7183	Viruses;Duplodnaviria;Heunggongvirae;Uroviricota;Caudoviricetes;;Drexlerviridae
k127_15271	397	No terminal repeats	NA	1	11	0.9217	NA	1	1.4595	Viruses;Duplodnaviria;Heunggongvirae;Uroviricota;Caudoviricetes;;
k127_303645	493	No terminal repeats	NA	1	11	0.9208	NA	1	1.7183	Viruses;Duplodnaviria;Heunggongvirae;Uroviricota;Caudoviricetes;;
k127_2776	469	No terminal repeats	NA	1	11	0.9206	NA	1	1.4749	Viruses;Duplodnaviria;Heunggongvirae;Uroviricota;Caudoviricetes;;
k127_28318	405	No terminal repeats	NA	1	11	0.9199	NA	1	1.7183	Viruses;Duplodnaviria;Heunggongvirae;Uroviricota;Caudoviricetes;;
k127_395965	480	No terminal repeats	NA	1	11	0.9196	NA	1	1.4749	Viruses;Duplodnaviria;Heunggongvirae;Uroviricota;Caudoviricetes;;
k127_79290	304	No terminal repeats	NA	1	11	0.9193	NA	1	1.3823	Viruses;Duplodnaviria;Heunggongvirae;Uroviricota;Caudoviricetes;;
k127_23206	313	No terminal repeats	NA	1	11	0.9181	NA	1	1.7158	Viruses;Duplodnaviria;Heunggongvirae;Uroviricota;Caudoviricetes;;
k127_501450	624	No terminal repeats	NA	1	11	0.9181	NA	1	1.7183	Viruses;Duplodnaviria;Heunggongvirae;Uroviricota;Caudoviricetes;;Herelleviridae
k127_123889	1903	No terminal repeats	NA	4	11	0.9172	NA	1	5.0115	Viruses;Duplodnaviria;Heunggongvirae;Uroviricota;Caudoviricetes;;
k127_58696	419	No terminal repeats	NA	1	11	0.9166	NA	1	1.7183	Viruses;Duplodnaviria;Heunggongvirae;Uroviricota;Caudoviricetes;;
k127_240999	303	No terminal repeats	NA	1	11	0.9165	NA	1	1.1262	Viruses;Duplodnaviria;Heunggongvirae;Uroviricota;Caudoviricetes;;
k127_477245	667	No terminal repeats	NA	1	11	0.9165	NA	1	1.4595	Viruses;Duplodnaviria;Heunggongvirae;Uroviricota;Caudoviricetes;;
k127_248949	337	No terminal repeats	NA	1	11	0.9163	NA	1	1.7183	Viruses;Duplodnaviria;Heunggongvirae;Uroviricota;Caudoviricetes;;
k127_76270	1597	No terminal repeats	NA	1	11	0.9160	NA	1	1.7183	Viruses;Riboviria;Orthornavirae;Pisuviricota;Stelpaviricetes;Patatavirales;Potyviridae
k127_141652	938	No terminal repeats	NA	2	11	0.9156	NA	1	2.6762	Viruses;Duplodnaviria;Heunggongvirae;Uroviricota;Caudoviricetes;;
k127_90873	430	No terminal repeats	NA	2	11	0.9150	NA	1	1.4762	Unclassified
k127_229902	416	No terminal repeats	NA	1	11	0.9148	NA	1	1.7183	Viruses;Duplodnaviria;Heunggongvirae;Uroviricota;Caudoviricetes;;Herelleviridae
k127_441383	440	No terminal repeats	NA	1	11	0.9131	NA	1	1.7183	Viruses;Duplodnaviria;Heunggongvirae;Uroviricota;Caudoviricetes;;
k127_486430	658	No terminal repeats	NA	1	11	0.9130	NA	1	1.7183	Viruses;Duplodnaviria;Heunggongvirae;Uroviricota;Caudoviricetes;;
k127_222487	1578	No terminal repeats	NA	1	11	0.9125	NA	1	1.7183	Viruses;Duplodnaviria;Heunggongvirae;Uroviricota;Caudoviricetes;;
k127_495782	986	No terminal repeats	NA	2	11	0.9125	NA	1	1.4698	Viruses;Duplodnaviria;Heunggongvirae;Uroviricota;Caudoviricetes;;
k127_321890	336	No terminal repeats	NA	1	11	0.9117	NA	1	1.7183	Viruses;Duplodnaviria;Heunggongvirae;Uroviricota;Caudoviricetes;;
k127_96537	552	No terminal repeats	NA	1	11	0.9117	NA	1	1.7183	Viruses;Duplodnaviria;Heunggongvirae;Uroviricota;Caudoviricetes;;
k127_385010	446	No terminal repeats	NA	1	11	0.9113	NA	1	1.7183	Viruses;Duplodnaviria;Heunggongvirae;Uroviricota;Caudoviricetes;;
k127_540766	2306	No terminal repeats	NA	3	11	0.9109	NA	1	3.2932	Viruses;Duplodnaviria;Heunggongvirae;Uroviricota;Caudoviricetes;;
k127_291307	487	No terminal repeats	NA	1	11	0.9107	NA	1	1.7183	Viruses;Duplodnaviria;Heunggongvirae;Uroviricota;Caudoviricetes;;
k127_309701	1052	No terminal repeats	NA	1	11	0.9105	NA	1	1.7183	Viruses;Duplodnaviria;Heunggongvirae;Uroviricota;Caudoviricetes;;
k127_3156	448	No terminal repeats	NA	1	11	0.9105	NA	1	1.2396	Viruses;Duplodnaviria;Heunggongvirae;Uroviricota;Caudoviricetes;;
k127_189393	577	No terminal repeats	NA	1	11	0.9100	NA	1	1.7183	Viruses;Duplodnaviria;Heunggongvirae;Uroviricota;Caudoviricetes;;
k127_3607	523	No terminal repeats	NA	1	11	0.9098	NA	1	1.4698	Viruses;Duplodnaviria;Heunggongvirae;Uroviricota;Caudoviricetes;;
k127_374574	484	No terminal repeats	NA	1	11	0.9098	NA	1	1.7183	Viruses;Riboviria;Orthornavirae;Pisuviricota;Duplopiviricetes;Durnavirales;Partitiviridae
k127_340570	484	No terminal repeats	NA	1	11	0.9093	NA	1	1.3050	Viruses;Duplodnaviria;Heunggongvirae;Uroviricota;Caudoviricetes;;
k127_461864	330	No terminal repeats	NA	1	11	0.9082	NA	1	1.7183	Viruses;Duplodnaviria;Heunggongvirae;Uroviricota;Caudoviricetes;;Drexlerviridae
k127_516197	507	No terminal repeats	NA	2	11	0.9079	NA	1	1.7183	Viruses;Duplodnaviria;Heunggongvirae;Uroviricota;Caudoviricetes;;Herelleviridae
k127_441705	427	No terminal repeats	NA	1	11	0.9077	NA	1	1.7183	Viruses;Duplodnaviria;Heunggongvirae;Uroviricota;Caudoviricetes;;
k127_53429	339	No terminal repeats	NA	1	11	0.9077	NA	1	1.7183	Viruses;Duplodnaviria;Heunggongvirae;Uroviricota;Caudoviricetes;;
k127_448004	473	No terminal repeats	NA	1	11	0.9062	NA	1	1.2306	Viruses;Duplodnaviria;Heunggongvirae;Uroviricota;Caudoviricetes;;
k127_75008	303	No terminal repeats	NA	1	11	0.9060	NA	1	1.7183	Viruses;Duplodnaviria;Heunggongvirae;Uroviricota;Caudoviricetes;;
k127_159463	591	No terminal repeats	NA	1	11	0.9056	NA	1	1.2306	Viruses;Duplodnaviria;Heunggongvirae;Uroviricota;Caudoviricetes;;
k127_47744	492	No terminal repeats	NA	1	11	0.9045	NA	1	1.7183	Viruses;Duplodnaviria;Heunggongvirae;Uroviricota;Caudoviricetes;;
k127_465220	469	No terminal repeats	NA	1	11	0.9031	NA	1	1.7183	Viruses;Duplodnaviria;Heunggongvirae;Uroviricota;Caudoviricetes;;
k127_410487	457	No terminal repeats	NA	1	11	0.9029	NA	1	1.7183	Viruses;Duplodnaviria;Heunggongvirae;Uroviricota;Caudoviricetes;;Drexlerviridae
k127_384949	800	No terminal repeats	NA	3	11	0.9020	NA	1	2.7847	Viruses;Duplodnaviria;Heunggongvirae;Uroviricota;Caudoviricetes;;
k127_61780	386	No terminal repeats	NA	1	11	0.9009	NA	1	1.1331	Unclassified
k127_243140	752	No terminal repeats	NA	2	11	0.9006	NA	1	1.7183	Unclassified
k127_163579	719	No terminal repeats	NA	1	11	0.9000	NA	1	1.7183	Viruses;Duplodnaviria;Heunggongvirae;Uroviricota;Caudoviricetes;;
k127_87961	554	No terminal repeats	NA	1	11	0.8996	NA	1	1.7183	Viruses;Duplodnaviria;Heunggongvirae;Uroviricota;Caudoviricetes;;
k127_487672	334	No terminal repeats	NA	1	11	0.8993	NA	1	1.3639	Viruses;Duplodnaviria;Heunggongvirae;Uroviricota;Caudoviricetes;;
k127_29235	417	No terminal repeats	NA	1	11	0.8981	NA	1	1.7183	Viruses;Duplodnaviria;Heunggongvirae;Uroviricota;Caudoviricetes;;
k127_389649	317	No terminal repeats	NA	1	11	0.8980	NA	1	1.7183	Viruses;Duplodnaviria;Heunggongvirae;Uroviricota;Caudoviricetes;;
k127_348375	452	No terminal repeats	NA	1	11	0.8975	NA	1	1.7183	Viruses;Duplodnaviria;Heunggongvirae;Uroviricota;Caudoviricetes;;
k127_354665	868	No terminal repeats	NA	3	11	0.8974	NA	1	3.3957	Viruses;Duplodnaviria;Heunggongvirae;Uroviricota;Caudoviricetes;;
k127_424869	699	No terminal repeats	NA	2	11	0.8971	NA	1	3.0620	Viruses;Duplodnaviria;Heunggongvirae;Uroviricota;Caudoviricetes;;Herelleviridae
k127_294328	879	No terminal repeats	NA	1	11	0.8963	NA	1	1.7183	Viruses;Duplodnaviria;Heunggongvirae;Uroviricota;Caudoviricetes;;
k127_51955	553	No terminal repeats	NA	1	11	0.8963	NA	1	1.7183	Viruses;Duplodnaviria;Heunggongvirae;Uroviricota;Caudoviricetes;;Drexlerviridae
k127_338700	426	No terminal repeats	NA	1	11	0.8952	NA	1	1.2306	Viruses;Duplodnaviria;Heunggongvirae;Uroviricota;Caudoviricetes;;
k127_182115	565	No terminal repeats	NA	2	11	0.8927	NA	1	1.4533	Viruses;Duplodnaviria;Heunggongvirae;Uroviricota;Caudoviricetes;;
k127_525759	476	No terminal repeats	NA	1	11	0.8918	NA	1	1.7183	Viruses;Duplodnaviria;Heunggongvirae;Uroviricota;Caudoviricetes;;
k127_456624	1612	No terminal repeats	NA	2	11	0.8913	NA	2	3.3635	Viruses;Duplodnaviria;Heunggongvirae;Uroviricota;Caudoviricetes;;
k127_534216	433	No terminal repeats	NA	1	11	0.8901	NA	1	1.0784	Viruses;Duplodnaviria;Heunggongvirae;Uroviricota;Caudoviricetes;;
k127_30046	707	No terminal repeats	NA	1	11	0.8898	NA	1	1.4698	Viruses;Duplodnaviria;Heunggongvirae;Uroviricota;Caudoviricetes;;
k127_539810	381	No terminal repeats	NA	1	11	0.8887	NA	1	1.7183	Viruses;Duplodnaviria;Heunggongvirae;Uroviricota;Caudoviricetes;;
k127_356314	576	No terminal repeats	NA	1	11	0.8884	NA	1	1.7183	Viruses;Duplodnaviria;Heunggongvirae;Uroviricota;Caudoviricetes;;
k127_276842	643	No terminal repeats	NA	1	11	0.8878	NA	1	1.7183	Viruses;Duplodnaviria;Heunggongvirae;Uroviricota;Caudoviricetes;;Drexlerviridae
k127_525336	385	No terminal repeats	NA	1	11	0.8875	NA	1	1.4211	Viruses;Duplodnaviria;Heunggongvirae;Uroviricota;Caudoviricetes;;
k127_75566	303	No terminal repeats	NA	1	11	0.8850	NA	1	1.4880	Viruses;Duplodnaviria;Heunggongvirae;Uroviricota;Caudoviricetes;;
k127_546905	1068	No terminal repeats	NA	1	11	0.8844	NA	1	1.7183	Viruses;Duplodnaviria;Heunggongvirae;Uroviricota;Caudoviricetes;;
k127_17832	418	No terminal repeats	NA	1	11	0.8843	NA	1	1.7183	Viruses;Duplodnaviria;Heunggongvirae;Uroviricota;Caudoviricetes;;
k127_473245	303	No terminal repeats	NA	1	11	0.8836	NA	1	1.3608	Viruses;Duplodnaviria;Heunggongvirae;Uroviricota;Caudoviricetes;;Straboviridae
k127_226199	645	No terminal repeats	NA	1	11	0.8833	NA	1	1.7183	Viruses;Duplodnaviria;Heunggongvirae;Uroviricota;Caudoviricetes;;Drexlerviridae
k127_85128	337	No terminal repeats	NA	1	11	0.8832	NA	1	1.0639	Viruses;Duplodnaviria;Heunggongvirae;Uroviricota;Caudoviricetes;;
k127_492685	399	No terminal repeats	NA	1	11	0.8831	NA	1	1.4595	Viruses;Duplodnaviria;Heunggongvirae;Uroviricota;Caudoviricetes;;
k127_240106	386	No terminal repeats	NA	1	11	0.8826	NA	1	1.2720	Viruses;Duplodnaviria;Heunggongvirae;Uroviricota;Caudoviricetes;;
k127_321672	572	No terminal repeats	NA	2	11	0.8822	NA	1	1.7183	Viruses;Duplodnaviria;Heunggongvirae;Uroviricota;Caudoviricetes;;
k127_359188	517	No terminal repeats	NA	1	11	0.8821	NA	1	1.2306	Viruses;Duplodnaviria;Heunggongvirae;Uroviricota;Caudoviricetes;;
k127_359250	328	No terminal repeats	NA	1	11	0.8821	NA	1	1.1262	Viruses;Duplodnaviria;Heunggongvirae;Uroviricota;Caudoviricetes;;
k127_501142	325	No terminal repeats	NA	1	11	0.8820	NA	1	1.7183	Unclassified
k127_523852	552	No terminal repeats	NA	1	11	0.8812	NA	1	1.7183	Viruses;Duplodnaviria;Heunggongvirae;Uroviricota;Caudoviricetes;;Drexlerviridae
k127_38742	1275	No terminal repeats	NA	1	11	0.8808	NA	1	1.7183	Viruses;Duplodnaviria;Heunggongvirae;Uroviricota;Caudoviricetes;;Drexlerviridae
k127_51963	622	No terminal repeats	NA	1	11	0.8807	NA	1	1.7183	Viruses;Duplodnaviria;Heunggongvirae;Uroviricota;Caudoviricetes;;Drexlerviridae
k127_153760	348	No terminal repeats	NA	1	11	0.8806	NA	1	1.7183	Viruses;Duplodnaviria;Heunggongvirae;Uroviricota;Caudoviricetes;;
k127_442988	1980	No terminal repeats	NA	1	11	0.8805	NA	1	1.7183	Viruses;Duplodnaviria;Heunggongvirae;Uroviricota;Caudoviricetes;;Drexlerviridae
k127_445951	431	No terminal repeats	NA	1	11	0.8794	NA	1	1.3558	Viruses;Duplodnaviria;Heunggongvirae;Uroviricota;Caudoviricetes;;
k127_547684	914	No terminal repeats	NA	1	11	0.8792	NA	1	1.2306	Viruses;Duplodnaviria;Heunggongvirae;Uroviricota;Caudoviricetes;;
k127_435782	410	No terminal repeats	NA	2	11	0.8790	NA	1	1.7183	Viruses;Duplodnaviria;Heunggongvirae;Uroviricota;Caudoviricetes;;
k127_270249	412	No terminal repeats	NA	1	11	0.8789	NA	1	1.7183	Viruses;Duplodnaviria;Heunggongvirae;Uroviricota;Caudoviricetes;;Drexlerviridae
k127_482717	1077	No terminal repeats	NA	1	11	0.8786	NA	1	1.7183	Viruses;Duplodnaviria;Heunggongvirae;Uroviricota;Caudoviricetes;;
k127_242425	702	No terminal repeats	NA	1	11	0.8782	NA	1	1.7183	Viruses;Duplodnaviria;Heunggongvirae;Uroviricota;Caudoviricetes;;
k127_355719	516	No terminal repeats	NA	1	11	0.8782	NA	1	1.7183	Viruses;Duplodnaviria;Heunggongvirae;Uroviricota;Caudoviricetes;;
k127_224922	358	No terminal repeats	NA	1	11	0.8778	NA	1	1.4840	Unclassified
k127_187301	536	No terminal repeats	NA	2	11	0.8776	NA	1	2.6762	Viruses;Duplodnaviria;Heunggongvirae;Uroviricota;Caudoviricetes;;
k127_506272	1281	No terminal repeats	NA	1	11	0.8770	NA	1	1.2306	Viruses;Duplodnaviria;Heunggongvirae;Uroviricota;Caudoviricetes;;
k127_395970	8540	No terminal repeats	NA	8	11	0.8770	NA	2	7.2885	Viruses;Duplodnaviria;Heunggongvirae;Uroviricota;Caudoviricetes;;
k127_501235	347	No terminal repeats	NA	2	11	0.8768	NA	1	1.7183	Viruses;Duplodnaviria;Heunggongvirae;Uroviricota;Caudoviricetes;;
k127_331475	1120	No terminal repeats	NA	1	11	0.8761	NA	1	1.7183	Viruses;Duplodnaviria;Heunggongvirae;Uroviricota;Caudoviricetes;;
k127_32252	355	No terminal repeats	NA	1	11	0.8760	NA	1	1.3639	Viruses;Duplodnaviria;Heunggongvirae;Uroviricota;Caudoviricetes;;
k127_85463	439	No terminal repeats	NA	1	11	0.8746	NA	1	1.7183	Viruses;Duplodnaviria;Heunggongvirae;Uroviricota;Caudoviricetes;;Drexlerviridae
k127_351239	2872	No terminal repeats	NA	3	11	0.8744	NA	1	4.2504	Viruses;Duplodnaviria;Heunggongvirae;Uroviricota;Caudoviricetes;;
k127_508777	567	No terminal repeats	NA	1	11	0.8733	NA	1	1.7183	Viruses;Duplodnaviria;Heunggongvirae;Uroviricota;Caudoviricetes;;
k127_84835	367	No terminal repeats	NA	1	11	0.8732	NA	1	1.1844	Viruses;Duplodnaviria;Heunggongvirae;Uroviricota;Caudoviricetes;;
k127_191571	659	No terminal repeats	NA	1	11	0.8713	NA	1	1.7183	Viruses;Duplodnaviria;Heunggongvirae;Uroviricota;Caudoviricetes;;
k127_79412	365	No terminal repeats	NA	1	11	0.8713	NA	1	1.2847	Viruses;Duplodnaviria;Heunggongvirae;Uroviricota;Caudoviricetes;;
k127_125967	1144	No terminal repeats	NA	2	11	0.8709	NA	1	1.7183	Viruses;Duplodnaviria;Heunggongvirae;Uroviricota;Caudoviricetes;;
k127_520511	404	No terminal repeats	NA	1	11	0.8706	NA	1	1.2306	Viruses;Duplodnaviria;Heunggongvirae;Uroviricota;Caudoviricetes;;
k127_357166	347	No terminal repeats	NA	1	11	0.8693	NA	1	1.7183	Viruses;Duplodnaviria;Heunggongvirae;Uroviricota;Caudoviricetes;;Drexlerviridae
k127_367875	392	No terminal repeats	NA	1	11	0.8688	NA	1	1.4564	Viruses;Duplodnaviria;Heunggongvirae;Uroviricota;Caudoviricetes;;
k127_28543	413	No terminal repeats	NA	1	11	0.8687	NA	1	1.4880	Viruses;Duplodnaviria;Heunggongvirae;Uroviricota;Caudoviricetes;;
k127_114380	981	No terminal repeats	NA	2	11	0.8673	NA	1	2.9132	Viruses;Duplodnaviria;Heunggongvirae;Uroviricota;Caudoviricetes;;
k127_425275	1303	No terminal repeats	NA	1	11	0.8671	NA	1	1.7183	Viruses;Duplodnaviria;Heunggongvirae;Uroviricota;Caudoviricetes;;
k127_242297	716	No terminal repeats	NA	2	11	0.8667	NA	1	2.6762	Viruses;Duplodnaviria;Heunggongvirae;Uroviricota;Caudoviricetes;;
k127_289881	318	No terminal repeats	NA	1	11	0.8655	NA	1	1.2587	Viruses;Duplodnaviria;Heunggongvirae;Uroviricota;Caudoviricetes;;
k127_273979	1069	No terminal repeats	NA	1	11	0.8649	NA	1	1.7183	Viruses;Duplodnaviria;Heunggongvirae;Uroviricota;Caudoviricetes;;
k127_45002	861	No terminal repeats	NA	1	11	0.8644	NA	1	1.7183	Viruses;Duplodnaviria;Heunggongvirae;Uroviricota;Caudoviricetes;;
k127_383522	440	No terminal repeats	NA	1	11	0.8632	NA	1	1.2306	Viruses;Duplodnaviria;Heunggongvirae;Uroviricota;Caudoviricetes;;
k127_457480	675	No terminal repeats	NA	1	11	0.8604	NA	1	1.2306	Viruses;Duplodnaviria;Heunggongvirae;Uroviricota;Caudoviricetes;;
k127_458759	570	No terminal repeats	NA	1	11	0.8595	NA	1	1.7183	Viruses;Duplodnaviria;Heunggongvirae;Uroviricota;Caudoviricetes;;
k127_331741	414	No terminal repeats	NA	1	11	0.8590	NA	1	1.1904	Viruses;Duplodnaviria;Heunggongvirae;Uroviricota;Caudoviricetes;;
k127_42659	372	No terminal repeats	NA	1	11	0.8584	NA	1	1.4764	Viruses;Duplodnaviria;Heunggongvirae;Uroviricota;Caudoviricetes;;
k127_111570	1309	No terminal repeats	NA	1	11	0.8581	NA	1	1.4749	Viruses;Duplodnaviria;Heunggongvirae;Uroviricota;Caudoviricetes;;
k127_436104	606	No terminal repeats	NA	1	11	0.8578	NA	1	1.7183	Viruses;Duplodnaviria;Heunggongvirae;Uroviricota;Caudoviricetes;;
k127_237737	410	No terminal repeats	NA	1	11	0.8574	NA	1	1.3273	Viruses;Duplodnaviria;Heunggongvirae;Uroviricota;Caudoviricetes;;
k127_133521	1335	No terminal repeats	NA	1	11	0.8564	NA	1	1.7183	Viruses;Duplodnaviria;Heunggongvirae;Uroviricota;Caudoviricetes;;
k127_246199	302	No terminal repeats	NA	1	11	0.8543	NA	1	1.6538	Viruses;Duplodnaviria;Heunggongvirae;Uroviricota;Caudoviricetes;;
k127_288648	345	No terminal repeats	NA	1	11	0.8542	NA	1	1.0756	Viruses;Duplodnaviria;Heunggongvirae;Uroviricota;Caudoviricetes;;
k127_37387	858	No terminal repeats	NA	1	11	0.8539	NA	1	1.7183	Viruses;Riboviria;Orthornavirae;Pisuviricota;Duplopiviricetes;Durnavirales;Partitiviridae
k127_79559	728	No terminal repeats	NA	2	11	0.8538	NA	1	1.7161	Viruses;Duplodnaviria;Heunggongvirae;Uroviricota;Caudoviricetes;;
k127_382917	416	No terminal repeats	NA	1	11	0.8532	NA	1	1.7161	Viruses;Duplodnaviria;Heunggongvirae;Uroviricota;Caudoviricetes;;
k127_481029	514	No terminal repeats	NA	1	11	0.8527	NA	1	1.4595	Viruses;Duplodnaviria;Heunggongvirae;Uroviricota;Caudoviricetes;;
k127_347664	1273	No terminal repeats	NA	1	11	0.8522	NA	1	1.7183	Viruses;Riboviria;Orthornavirae;Pisuviricota;Duplopiviricetes;Durnavirales;Partitiviridae
k127_163827	357	No terminal repeats	NA	1	11	0.8513	NA	1	1.7183	Viruses;Duplodnaviria;Heunggongvirae;Uroviricota;Caudoviricetes;;
k127_56993	475	No terminal repeats	NA	2	11	0.8507	NA	1	1.2814	Viruses;Duplodnaviria;Heunggongvirae;Uroviricota;Caudoviricetes;;
k127_76951	920	No terminal repeats	NA	1	11	0.8507	NA	1	1.7183	Viruses;Duplodnaviria;Heunggongvirae;Uroviricota;Caudoviricetes;;
k127_123282	1430	No terminal repeats	NA	1	11	0.8504	NA	1	1.3159	Viruses;Duplodnaviria;Heunggongvirae;Uroviricota;Caudoviricetes;;
k127_202520	331	No terminal repeats	NA	1	11	0.8498	NA	1	1.0036	Viruses;Duplodnaviria;Heunggongvirae;Uroviricota;Caudoviricetes;;
k127_174060	422	No terminal repeats	NA	1	11	0.8495	NA	1	1.2306	Viruses;Duplodnaviria;Heunggongvirae;Uroviricota;Caudoviricetes;;
k127_345076	1398	No terminal repeats	NA	1	11	0.8475	NA	1	1.7183	Viruses;Duplodnaviria;Heunggongvirae;Uroviricota;Caudoviricetes;;
k127_341157	1213	No terminal repeats	NA	2	11	0.8469	NA	1	1.7183	Unclassified
k127_382747	420	No terminal repeats	NA	1	11	0.8467	NA	1	1.7183	Viruses;Duplodnaviria;Heunggongvirae;Uroviricota;Caudoviricetes;;
k127_289558	417	No terminal repeats	NA	1	11	0.8465	NA	1	1.2306	Viruses;Duplodnaviria;Heunggongvirae;Uroviricota;Caudoviricetes;;
k127_277618	639	No terminal repeats	NA	1	11	0.8460	NA	1	1.7183	Viruses;Duplodnaviria;Heunggongvirae;Uroviricota;Caudoviricetes;;
k127_37589	335	No terminal repeats	NA	1	11	0.8450	NA	1	1.4564	Viruses;Duplodnaviria;Heunggongvirae;Uroviricota;Caudoviricetes;;
k127_29045	1007	No terminal repeats	NA	1	11	0.8446	NA	1	1.7183	Viruses;Duplodnaviria;Heunggongvirae;Uroviricota;Caudoviricetes;;
k127_174261	1058	No terminal repeats	NA	1	11	0.8446	NA	1	1.7183	Viruses;Duplodnaviria;Heunggongvirae;Uroviricota;Caudoviricetes;;
k127_249005	2144	No terminal repeats	NA	1	11	0.8434	NA	1	1.7183	Viruses;Riboviria;Orthornavirae;Pisuviricota;Duplopiviricetes;Durnavirales;Partitiviridae
k127_335299	652	No terminal repeats	NA	1	11	0.8428	NA	1	1.7183	Unclassified
k127_178593	776	No terminal repeats	NA	2	11	0.8420	NA	1	1.2064	Viruses;Duplodnaviria;Heunggongvirae;Uroviricota;Caudoviricetes;;
k127_306229	390	No terminal repeats	NA	1	11	0.8419	NA	1	1.7183	Viruses;Duplodnaviria;Heunggongvirae;Uroviricota;Caudoviricetes;;
k127_369594	402	No terminal repeats	NA	1	11	0.8416	NA	1	1.1211	Viruses;Duplodnaviria;Heunggongvirae;Uroviricota;Caudoviricetes;;
k127_481576	1755	No terminal repeats	NA	2	11	0.8413	NA	1	2.5112	Viruses;Duplodnaviria;Heunggongvirae;Uroviricota;Caudoviricetes;;
k127_166606	457	No terminal repeats	NA	1	11	0.8411	NA	1	1.2306	Viruses;Duplodnaviria;Heunggongvirae;Uroviricota;Caudoviricetes;;
k127_454391	530	No terminal repeats	NA	1	11	0.8407	NA	1	1.4764	Viruses;Duplodnaviria;Heunggongvirae;Uroviricota;Caudoviricetes;;
k127_498469	387	No terminal repeats	NA	1	11	0.8401	NA	1	1.7161	Viruses;Duplodnaviria;Heunggongvirae;Uroviricota;Caudoviricetes;;
k127_949	3176	No terminal repeats	NA	3	11	0.8382	NA	0	1.4239	Unclassified
k127_502108	597	No terminal repeats	NA	1	11	0.8379	NA	1	1.2306	Viruses;Duplodnaviria;Heunggongvirae;Uroviricota;Caudoviricetes;;
k127_367125	405	No terminal repeats	NA	1	11	0.8372	NA	1	1.3358	Viruses;Duplodnaviria;Heunggongvirae;Uroviricota;Caudoviricetes;;
k127_486908	916	No terminal repeats	NA	1	11	0.8364	NA	1	1.7183	Viruses;Duplodnaviria;Heunggongvirae;Uroviricota;Caudoviricetes;;
k127_490214	430	No terminal repeats	NA	1	11	0.8364	NA	1	1.2927	Viruses;Duplodnaviria;Heunggongvirae;Uroviricota;Caudoviricetes;;
k127_121548	325	No terminal repeats	NA	1	11	0.8335	NA	1	1.2126	Viruses;Duplodnaviria;Heunggongvirae;Uroviricota;Caudoviricetes;;
k127_34476	501	No terminal repeats	NA	1	11	0.8320	NA	1	1.7183	Viruses;Duplodnaviria;Heunggongvirae;Uroviricota;Caudoviricetes;;
k127_57277	681	No terminal repeats	NA	2	11	0.8312	NA	1	1.7183	Viruses;Duplodnaviria;Heunggongvirae;Uroviricota;Caudoviricetes;;
k127_41298	554	No terminal repeats	NA	1	11	0.8304	NA	1	1.7183	Viruses;Duplodnaviria;Heunggongvirae;Uroviricota;Caudoviricetes;;
k127_464810	1013	No terminal repeats	NA	3	11	0.8299	NA	3	4.4278	Viruses;Duplodnaviria;Heunggongvirae;Uroviricota;Caudoviricetes;;
k127_263429	491	No terminal repeats	NA	1	11	0.8295	NA	1	1.7183	Viruses;Duplodnaviria;Heunggongvirae;Uroviricota;Caudoviricetes;;
k127_65654	445	No terminal repeats	NA	1	11	0.8293	NA	1	1.2306	Viruses;Duplodnaviria;Heunggongvirae;Uroviricota;Caudoviricetes;;
k127_99397	446	No terminal repeats	NA	1	11	0.8282	NA	1	1.2306	Viruses;Duplodnaviria;Heunggongvirae;Uroviricota;Caudoviricetes;;
k127_55651	646	No terminal repeats	NA	1	11	0.8278	NA	1	1.4749	Viruses;Duplodnaviria;Heunggongvirae;Uroviricota;Caudoviricetes;;
k127_114110	381	No terminal repeats	NA	1	11	0.8275	NA	1	1.4749	Viruses;Duplodnaviria;Heunggongvirae;Uroviricota;Caudoviricetes;;
k127_470820	569	No terminal repeats	NA	2	11	0.8273	NA	1	1.4077	Viruses;Duplodnaviria;Heunggongvirae;Uroviricota;Caudoviricetes;;
k127_270041	501	No terminal repeats	NA	1	11	0.8263	NA	1	1.2306	Viruses;Duplodnaviria;Heunggongvirae;Uroviricota;Caudoviricetes;;
k127_349383	415	No terminal repeats	NA	1	11	0.8260	NA	1	1.2306	Viruses;Duplodnaviria;Heunggongvirae;Uroviricota;Caudoviricetes;;
k127_201233	579	No terminal repeats	NA	2	11	0.8240	NA	1	1.3441	Viruses;Duplodnaviria;Heunggongvirae;Uroviricota;Caudoviricetes;;
k127_168951	449	No terminal repeats	NA	1	11	0.8234	NA	1	1.7183	Viruses;Duplodnaviria;Heunggongvirae;Uroviricota;Caudoviricetes;;
k127_40928	823	No terminal repeats	NA	1	11	0.8233	NA	1	1.4464	Viruses;Duplodnaviria;Heunggongvirae;Uroviricota;Caudoviricetes;;
k127_240059	310	No terminal repeats	NA	1	11	0.8214	NA	1	1.1317	Viruses;Duplodnaviria;Heunggongvirae;Uroviricota;Caudoviricetes;;
k127_369475	1017	No terminal repeats	NA	1	11	0.8208	NA	1	1.2306	Viruses;Duplodnaviria;Heunggongvirae;Uroviricota;Caudoviricetes;;
k127_363037	315	No terminal repeats	NA	1	11	0.8202	NA	1	1.3608	Viruses;Duplodnaviria;Heunggongvirae;Uroviricota;Caudoviricetes;;Straboviridae
k127_276056	349	No terminal repeats	NA	1	11	0.8197	NA	1	1.4880	Viruses;Duplodnaviria;Heunggongvirae;Uroviricota;Caudoviricetes;;
k127_249074	1326	No terminal repeats	NA	1	11	0.8189	NA	1	1.7183	Viruses;Duplodnaviria;Heunggongvirae;Uroviricota;Caudoviricetes;;
k127_202270	552	No terminal repeats	NA	1	11	0.8185	NA	1	1.2306	Viruses;Duplodnaviria;Heunggongvirae;Uroviricota;Caudoviricetes;;
k127_308167	1000	No terminal repeats	NA	2	11	0.8172	NA	1	1.7183	Viruses;Duplodnaviria;Heunggongvirae;Uroviricota;Caudoviricetes;;Drexlerviridae
k127_478530	509	No terminal repeats	NA	1	11	0.8163	NA	1	1.7183	Viruses;Duplodnaviria;Heunggongvirae;Uroviricota;Caudoviricetes;;
k127_444332	522	No terminal repeats	NA	1	11	0.8126	NA	1	1.0784	Viruses;Duplodnaviria;Heunggongvirae;Uroviricota;Caudoviricetes;;
k127_284861	992	No terminal repeats	NA	1	11	0.8117	NA	1	1.7183	Viruses;Duplodnaviria;Heunggongvirae;Uroviricota;Caudoviricetes;;
k127_256140	547	No terminal repeats	NA	2	11	0.8101	NA	1	1.1773	Viruses;Duplodnaviria;Heunggongvirae;Uroviricota;Caudoviricetes;;
k127_413972	515	No terminal repeats	NA	2	11	0.8084	NA	1	1.6774	Viruses;Duplodnaviria;Heunggongvirae;Uroviricota;Caudoviricetes;;
k127_1521	852	No terminal repeats	NA	1	11	0.8080	NA	1	1.3307	Viruses;Duplodnaviria;Heunggongvirae;Uroviricota;Caudoviricetes;;
k127_254206	383	No terminal repeats	NA	1	11	0.8069	NA	1	1.2086	Viruses;Duplodnaviria;Heunggongvirae;Uroviricota;Caudoviricetes;;
k127_341366	341	No terminal repeats	NA	1	11	0.8066	NA	1	1.3483	Unclassified
k127_212577	310	No terminal repeats	NA	1	11	0.8062	NA	1	1.7173	Viruses;Duplodnaviria;Heunggongvirae;Uroviricota;Caudoviricetes;;
k127_533842	352	No terminal repeats	NA	1	11	0.8061	NA	1	1.3663	Viruses;Duplodnaviria;Heunggongvirae;Uroviricota;Caudoviricetes;;
k127_214641	421	No terminal repeats	NA	1	11	0.8061	NA	1	1.7161	Viruses;Duplodnaviria;Heunggongvirae;Uroviricota;Caudoviricetes;;
k127_225139	2893	No terminal repeats	NA	5	11	0.8056	NA	1	4.7590	Viruses;Duplodnaviria;Heunggongvirae;Uroviricota;Caudoviricetes;;
k127_542360	482	No terminal repeats	NA	2	11	0.8051	NA	1	1.3490	Viruses;Duplodnaviria;Heunggongvirae;Uroviricota;Caudoviricetes;;
k127_343987	648	No terminal repeats	NA	1	11	0.8025	NA	1	1.7183	Viruses;Duplodnaviria;Heunggongvirae;Uroviricota;Caudoviricetes;;
k127_508342	1441	No terminal repeats	NA	1	11	0.8019	NA	1	1.7183	Viruses;Riboviria;Orthornavirae;Pisuviricota;;;
k127_476187	439	No terminal repeats	NA	1	11	0.8015	NA	1	1.7161	Viruses;Duplodnaviria;Heunggongvirae;Uroviricota;Caudoviricetes;;
k127_446904	1688	No terminal repeats	NA	2	11	0.8008	NA	1	1.7183	Viruses;Duplodnaviria;Heunggongvirae;Uroviricota;Caudoviricetes;;
k127_199616	961	No terminal repeats	NA	3	11	0.8005	NA	2	2.7272	Viruses;Duplodnaviria;Heunggongvirae;Uroviricota;Caudoviricetes;;
k127_80531	330	No terminal repeats	NA	1	11	0.8003	NA	1	1.7183	Viruses;Duplodnaviria;Heunggongvirae;Uroviricota;Caudoviricetes;;
k127_352123	1533	No terminal repeats	NA	3	11	0.7996	NA	1	3.9895	Viruses;Duplodnaviria;Heunggongvirae;Uroviricota;Caudoviricetes;;
k127_179328	420	No terminal repeats	NA	1	11	0.7991	NA	1	1.2753	Viruses;Duplodnaviria;Heunggongvirae;Uroviricota;Caudoviricetes;;
k127_410298	2739	No terminal repeats	NA	1	11	0.7982	NA	0	1.7183	Viruses;Duplodnaviria;Heunggongvirae;Uroviricota;Caudoviricetes;;
k127_79621	1266	No terminal repeats	NA	2	11	0.7979	NA	1	1.7183	Viruses;Duplodnaviria;Heunggongvirae;Uroviricota;Caudoviricetes;;
k127_413354	2929	No terminal repeats	NA	1	11	0.7958	NA	0	1.7183	Viruses;Duplodnaviria;Heunggongvirae;Uroviricota;Caudoviricetes;;
k127_24243	361	No terminal repeats	NA	1	11	0.7952	NA	1	1.4825	Viruses;Duplodnaviria;Heunggongvirae;Uroviricota;Caudoviricetes;;
k127_177809	1274	No terminal repeats	NA	1	11	0.7952	NA	1	1.2306	Viruses;Duplodnaviria;Heunggongvirae;Uroviricota;Caudoviricetes;;
k127_250250	499	No terminal repeats	NA	1	11	0.7944	NA	1	1.4880	Viruses;Duplodnaviria;Heunggongvirae;Uroviricota;Caudoviricetes;;
k127_512648	738	No terminal repeats	NA	1	11	0.7935	NA	1	1.2306	Viruses;Duplodnaviria;Heunggongvirae;Uroviricota;Caudoviricetes;;
k127_428801	563	No terminal repeats	NA	2	11	0.7910	NA	1	1.7161	Viruses;Duplodnaviria;Heunggongvirae;Uroviricota;Caudoviricetes;;
k127_308767	384	No terminal repeats	NA	2	11	0.7900	NA	1	1.2934	Viruses;Duplodnaviria;Heunggongvirae;Uroviricota;Caudoviricetes;;
k127_529555	326	No terminal repeats	NA	1	11	0.7894	NA	1	1.0089	Viruses;Duplodnaviria;Heunggongvirae;Uroviricota;Caudoviricetes;;
k127_202844	546	No terminal repeats	NA	1	11	0.7893	NA	1	1.3153	Viruses;Duplodnaviria;Heunggongvirae;Uroviricota;Caudoviricetes;;
k127_539156	401	No terminal repeats	NA	1	11	0.7886	NA	1	1.7020	Viruses;Duplodnaviria;Heunggongvirae;Uroviricota;Caudoviricetes;;
k127_122883	355	No terminal repeats	NA	1	11	0.7883	NA	1	1.2987	Viruses;Duplodnaviria;Heunggongvirae;Uroviricota;Caudoviricetes;;
k127_129101	1783	No terminal repeats	NA	1	11	0.7873	NA	1	1.2041	Viruses;Duplodnaviria;Heunggongvirae;Uroviricota;Caudoviricetes;;
k127_402662	366	No terminal repeats	NA	1	11	0.7848	NA	1	1.2449	Viruses;Duplodnaviria;Heunggongvirae;Uroviricota;Caudoviricetes;;
k127_326337	963	No terminal repeats	NA	2	11	0.7842	NA	1	1.7183	Viruses;Duplodnaviria;Heunggongvirae;Uroviricota;Caudoviricetes;;
k127_413226	331	No terminal repeats	NA	1	11	0.7839	NA	1	1.0756	Viruses;Duplodnaviria;Heunggongvirae;Uroviricota;Caudoviricetes;;
k127_17744	568	No terminal repeats	NA	1	11	0.7836	NA	1	1.2306	Viruses;Duplodnaviria;Heunggongvirae;Uroviricota;Caudoviricetes;;
k127_348331	582	No terminal repeats	NA	2	11	0.7831	NA	1	1.0089	Viruses;Duplodnaviria;Heunggongvirae;Uroviricota;Caudoviricetes;;
k127_157424	425	No terminal repeats	NA	1	11	0.7830	NA	1	1.2934	Viruses;Duplodnaviria;Heunggongvirae;Uroviricota;Caudoviricetes;;
k127_193304	353	No terminal repeats	NA	1	11	0.7823	NA	1	1.0756	Viruses;Duplodnaviria;Heunggongvirae;Uroviricota;Caudoviricetes;;
k127_287767	327	No terminal repeats	NA	1	11	0.7821	NA	1	1.2927	Viruses;Duplodnaviria;Heunggongvirae;Uroviricota;Caudoviricetes;;
k127_494780	554	No terminal repeats	NA	1	11	0.7820	NA	1	1.7161	Viruses;Duplodnaviria;Heunggongvirae;Uroviricota;Caudoviricetes;;
k127_368784	531	No terminal repeats	NA	1	11	0.7803	NA	1	1.2306	Viruses;Duplodnaviria;Heunggongvirae;Uroviricota;Caudoviricetes;;
k127_525585	591	No terminal repeats	NA	1	11	0.7795	NA	1	0.9613	Viruses;Monodnaviria;Shotokuvirae;Cressdnaviricota;Arfiviricetes;Cirlivirales;Circoviridae
k127_415473	691	No terminal repeats	NA	2	11	0.7785	NA	1	1.1262	Viruses;Duplodnaviria;Heunggongvirae;Uroviricota;Caudoviricetes;;
k127_61338	2616	No terminal repeats	NA	1	11	0.7774	NA	0	1.2921	Viruses;Duplodnaviria;Heunggongvirae;Uroviricota;Caudoviricetes;;Autographiviridae
k127_402955	346	No terminal repeats	NA	1	11	0.7758	NA	1	1.3358	Viruses;Duplodnaviria;Heunggongvirae;Uroviricota;Caudoviricetes;;
k127_329857	1743	No terminal repeats	NA	1	11	0.7749	NA	1	1.7183	Viruses;Duplodnaviria;Heunggongvirae;Uroviricota;Caudoviricetes;;
k127_44093	1146	No terminal repeats	NA	2	11	0.7720	NA	1	1.7183	Viruses;Duplodnaviria;Heunggongvirae;Uroviricota;Caudoviricetes;;
k127_306505	618	No terminal repeats	NA	2	11	0.7717	NA	1	1.4880	Viruses;Duplodnaviria;Heunggongvirae;Uroviricota;Caudoviricetes;;
k127_546277	359	No terminal repeats	NA	1	11	0.7715	NA	1	1.3453	Viruses;Duplodnaviria;Heunggongvirae;Uroviricota;Caudoviricetes;;
k127_404010	303	No terminal repeats	NA	1	11	0.7707	NA	1	1.1262	Viruses;Duplodnaviria;Heunggongvirae;Uroviricota;Caudoviricetes;;
k127_263619	324	No terminal repeats	NA	1	11	0.7675	NA	1	1.7055	Viruses;Duplodnaviria;Heunggongvirae;Uroviricota;Caudoviricetes;;Autographiviridae
k127_501717	579	No terminal repeats	NA	1	11	0.7656	NA	1	1.2306	Viruses;Duplodnaviria;Heunggongvirae;Uroviricota;Caudoviricetes;;
k127_499604	732	No terminal repeats	NA	1	11	0.7645	NA	1	1.0036	Viruses;Duplodnaviria;Heunggongvirae;Uroviricota;Caudoviricetes;;
k127_497225	539	No terminal repeats	NA	1	11	0.7644	NA	1	1.3663	Viruses;Duplodnaviria;Heunggongvirae;Uroviricota;Caudoviricetes;;
k127_355085	900	No terminal repeats	NA	2	11	0.7642	NA	2	2.4823	Viruses;Duplodnaviria;Heunggongvirae;Uroviricota;Caudoviricetes;;
k127_405453	640	No terminal repeats	NA	1	11	0.7613	NA	1	1.2306	Viruses;Duplodnaviria;Heunggongvirae;Uroviricota;Caudoviricetes;;
k127_541669	352	No terminal repeats	NA	1	11	0.7603	NA	1	1.6143	Viruses;Duplodnaviria;Heunggongvirae;Uroviricota;Caudoviricetes;;
k127_83428	401	No terminal repeats	NA	1	11	0.7599	NA	1	1.2927	Viruses;Duplodnaviria;Heunggongvirae;Uroviricota;Caudoviricetes;;
k127_394445	2757	No terminal repeats	NA	3	11	0.7584	NA	0	0.0000	Unclassified
k127_488589	570	No terminal repeats	NA	1	11	0.7575	NA	1	1.1262	Viruses;Duplodnaviria;Heunggongvirae;Uroviricota;Caudoviricetes;;
k127_515324	436	No terminal repeats	NA	1	11	0.7571	NA	1	1.2306	Viruses;Duplodnaviria;Heunggongvirae;Uroviricota;Caudoviricetes;;
k127_120257	496	No terminal repeats	NA	1	11	0.7564	NA	1	1.1262	Viruses;Duplodnaviria;Heunggongvirae;Uroviricota;Caudoviricetes;;
k127_115261	2500	No terminal repeats	NA	5	11	0.7555	NA	3	4.7302	Viruses;Duplodnaviria;Heunggongvirae;Uroviricota;Caudoviricetes;;
k127_212812	401	No terminal repeats	NA	1	11	0.7540	NA	1	1.7077	Viruses;Duplodnaviria;Heunggongvirae;Uroviricota;Caudoviricetes;;
k127_109022	318	No terminal repeats	NA	1	11	0.7526	NA	1	1.6847	Viruses;Duplodnaviria;Heunggongvirae;Uroviricota;Caudoviricetes;;
k127_184790	2308	No terminal repeats	NA	2	11	0.7511	NA	1	1.7183	Viruses;Riboviria;Orthornavirae;Pisuviricota;Duplopiviricetes;Durnavirales;Partitiviridae
k127_383474	3217	No terminal repeats	NA	1	11	0.7510	NA	0	0.0000	Unclassified
k127_215598	336	No terminal repeats	NA	1	11	0.7506	NA	1	1.2927	Viruses;Duplodnaviria;Heunggongvirae;Uroviricota;Caudoviricetes;;
k127_538715	390	No terminal repeats	NA	1	11	0.7503	NA	1	1.4464	Viruses;Duplodnaviria;Heunggongvirae;Uroviricota;Caudoviricetes;;
k127_252715	671	No terminal repeats	NA	1	11	0.7475	NA	1	1.4494	Viruses;Duplodnaviria;Heunggongvirae;Uroviricota;Caudoviricetes;;
k127_547125	344	No terminal repeats	NA	1	11	0.7472	NA	1	1.2927	Viruses;Duplodnaviria;Heunggongvirae;Uroviricota;Caudoviricetes;;
k127_288417	612	No terminal repeats	NA	1	11	0.7441	NA	1	1.2306	Viruses;Duplodnaviria;Heunggongvirae;Uroviricota;Caudoviricetes;;
k127_10190	1462	No terminal repeats	NA	2	11	0.7432	NA	1	1.7183	Viruses;Duplodnaviria;Heunggongvirae;Uroviricota;Caudoviricetes;;
k127_105318	921	No terminal repeats	NA	2	11	0.7415	NA	1	1.1904	Viruses;Duplodnaviria;Heunggongvirae;Uroviricota;Caudoviricetes;;
k127_221467	643	No terminal repeats	NA	1	11	0.7371	NA	1	1.2306	Viruses;Duplodnaviria;Heunggongvirae;Uroviricota;Caudoviricetes;;
k127_550721	1425	No terminal repeats	NA	2	11	0.7370	NA	2	2.8275	Viruses;Duplodnaviria;Heunggongvirae;Uroviricota;Caudoviricetes;;
k127_365156	573	No terminal repeats	NA	1	11	0.7365	NA	1	1.1904	Viruses;Duplodnaviria;Heunggongvirae;Uroviricota;Caudoviricetes;;
k127_59288	691	No terminal repeats	NA	2	11	0.7350	NA	1	1.2847	Viruses;Duplodnaviria;Heunggongvirae;Uroviricota;Caudoviricetes;;
k127_73988	492	No terminal repeats	NA	1	11	0.7349	NA	1	1.3562	Viruses;Duplodnaviria;Heunggongvirae;Uroviricota;Caudoviricetes;;
k127_86371	331	No terminal repeats	NA	1	11	0.7346	NA	1	1.4025	Unclassified
k127_170969	421	No terminal repeats	NA	2	11	0.7338	NA	1	1.3483	Unclassified
k127_404039	1173	No terminal repeats	NA	2	11	0.7330	NA	2	2.2970	Viruses;Duplodnaviria;Heunggongvirae;Uroviricota;Caudoviricetes;;
k127_336999	342	No terminal repeats	NA	1	11	0.7328	NA	1	1.2987	Viruses;Duplodnaviria;Heunggongvirae;Uroviricota;Caudoviricetes;;
k127_457490	621	No terminal repeats	NA	1	11	0.7287	NA	1	1.2306	Viruses;Duplodnaviria;Heunggongvirae;Uroviricota;Caudoviricetes;;
k127_152807	654	No terminal repeats	NA	1	11	0.7286	NA	1	1.2734	Viruses;Duplodnaviria;Heunggongvirae;Uroviricota;Caudoviricetes;;
k127_323142	639	No terminal repeats	NA	1	11	0.7282	NA	1	1.0036	Viruses;Duplodnaviria;Heunggongvirae;Uroviricota;Caudoviricetes;;
k127_480411	411	No terminal repeats	NA	1	11	0.7266	NA	1	1.2632	Viruses;Duplodnaviria;Heunggongvirae;Uroviricota;Caudoviricetes;;
k127_237575	550	No terminal repeats	NA	2	11	0.7262	NA	1	1.7183	Viruses;Duplodnaviria;Heunggongvirae;Uroviricota;Caudoviricetes;;
k127_460587	359	No terminal repeats	NA	1	11	0.7261	NA	1	1.6929	Viruses;Duplodnaviria;Heunggongvirae;Uroviricota;Caudoviricetes;;
k127_287910	412	No terminal repeats	NA	1	11	0.7244	NA	1	1.7136	Viruses;Duplodnaviria;Heunggongvirae;Uroviricota;Caudoviricetes;;
k127_198628	520	No terminal repeats	NA	3	11	0.7232	NA	1	1.2657	Viruses;Duplodnaviria;Heunggongvirae;Uroviricota;Caudoviricetes;;
k127_377381	322	No terminal repeats	NA	1	11	0.7231	NA	1	1.6774	Viruses;Duplodnaviria;Heunggongvirae;Uroviricota;Caudoviricetes;;
k127_352926	396	No terminal repeats	NA	1	11	0.7216	NA	1	1.3663	Viruses;Duplodnaviria;Heunggongvirae;Uroviricota;Caudoviricetes;;
k127_184443	3229	No terminal repeats	NA	4	11	0.7197	NA	2	4.5285	Viruses;Duplodnaviria;Heunggongvirae;Uroviricota;Caudoviricetes;;
k127_439184	729	No terminal repeats	NA	1	11	0.7196	NA	1	1.2306	Viruses;Duplodnaviria;Heunggongvirae;Uroviricota;Caudoviricetes;;
k127_543341	707	No terminal repeats	NA	1	11	0.7169	NA	1	1.2306	Viruses;Duplodnaviria;Heunggongvirae;Uroviricota;Caudoviricetes;;
k127_444926	716	No terminal repeats	NA	2	11	0.7154	NA	1	1.4764	Viruses;Duplodnaviria;Heunggongvirae;Uroviricota;Caudoviricetes;;
k127_441571	1288	No terminal repeats	NA	1	11	0.7146	NA	1	1.4749	Viruses;Duplodnaviria;Heunggongvirae;Uroviricota;Caudoviricetes;;
k127_28346	2966	No terminal repeats	NA	2	11	0.7145	NA	1	1.7183	Viruses;Duplodnaviria;Heunggongvirae;Uroviricota;Caudoviricetes;;
k127_357359	1279	No terminal repeats	NA	3	11	0.7145	NA	1	1.2586	Viruses;Duplodnaviria;Heunggongvirae;Uroviricota;Caudoviricetes;;
k127_311899	707	No terminal repeats	NA	1	11	0.7141	NA	1	1.7173	Viruses;Duplodnaviria;Heunggongvirae;Uroviricota;Caudoviricetes;;
k127_414811	500	No terminal repeats	NA	1	11	0.7141	NA	1	0.9531	Viruses;Duplodnaviria;Heunggongvirae;Uroviricota;Caudoviricetes;;
k127_434302	1590	No terminal repeats	NA	3	11	0.7133	NA	1	1.4464	Viruses;Duplodnaviria;Heunggongvirae;Uroviricota;Caudoviricetes;;
k127_299749	687	No terminal repeats	NA	2	11	0.7132	NA	1	1.7161	Viruses;Duplodnaviria;Heunggongvirae;Uroviricota;Caudoviricetes;;
k127_476323	446	No terminal repeats	NA	1	11	0.7090	NA	1	0.9221	Viruses;Duplodnaviria;Heunggongvirae;Uroviricota;Caudoviricetes;;Straboviridae
k127_14071	1287	No terminal repeats	NA	2	11	0.7078	NA	1	1.4749	Viruses;Duplodnaviria;Heunggongvirae;Uroviricota;Caudoviricetes;;
k127_127689	329	No terminal repeats	NA	2	11	0.7058	NA	1	1.5838	Unclassified
k127_406385	3442	No terminal repeats	NA	2	11	0.7048	NA	0	0.0000	Unclassified
k127_493208	1643	No terminal repeats	NA	1	11	0.7047	NA	1	1.3159	Viruses;Duplodnaviria;Heunggongvirae;Uroviricota;Caudoviricetes;;
k127_374163	315	No terminal repeats	NA	1	11	0.7033	NA	1	1.4446	Viruses;Duplodnaviria;Heunggongvirae;Uroviricota;Caudoviricetes;;
k127_148259	1941	No terminal repeats	NA	3	11	0.7012	NA	2	2.1837	Viruses;Duplodnaviria;Heunggongvirae;Uroviricota;Caudoviricetes;;
