seq_name	length	topology	coordinates	n_genes	genetic_code	virus_score	fdr	n_hallmarks	marker_enrichment	taxonomy
k127_363951	357	No terminal repeats	NA	1	11	0.9708	NA	1	1.7183	Viruses;Duplodnaviria;Heunggongvirae;Uroviricota;Caudoviricetes;;
k127_172668	500	No terminal repeats	NA	1	11	0.9596	NA	1	1.7183	Viruses;Duplodnaviria;Heunggongvirae;Uroviricota;Caudoviricetes;;
k127_293488	412	No terminal repeats	NA	1	11	0.9552	NA	1	1.7183	Viruses;Duplodnaviria;Heunggongvirae;Uroviricota;Caudoviricetes;;
k127_156056	377	No terminal repeats	NA	1	11	0.9547	NA	1	1.7183	Viruses;Duplodnaviria;Heunggongvirae;Uroviricota;Caudoviricetes;;
k127_299589	317	No terminal repeats	NA	1	11	0.9537	NA	1	1.7183	Viruses;Duplodnaviria;Heunggongvirae;Uroviricota;Caudoviricetes;;
k127_229298	411	No terminal repeats	NA	1	11	0.9532	NA	1	1.7183	Viruses;Duplodnaviria;Heunggongvirae;Uroviricota;Caudoviricetes;;
k127_576973	469	No terminal repeats	NA	1	11	0.9531	NA	1	1.7183	Viruses;Duplodnaviria;Heunggongvirae;Uroviricota;Caudoviricetes;;
k127_573285	356	No terminal repeats	NA	1	11	0.9526	NA	1	1.7183	Viruses;Duplodnaviria;Heunggongvirae;Uroviricota;Caudoviricetes;;
k127_117702	317	No terminal repeats	NA	1	11	0.9522	NA	1	1.7183	Viruses;Duplodnaviria;Heunggongvirae;Uroviricota;Caudoviricetes;;
k127_305390	320	No terminal repeats	NA	1	11	0.9513	NA	1	1.6317	Viruses;Duplodnaviria;Heunggongvirae;Uroviricota;Caudoviricetes;;
k127_489297	646	No terminal repeats	NA	1	11	0.9509	NA	1	1.7183	Viruses;Duplodnaviria;Heunggongvirae;Uroviricota;Caudoviricetes;;
k127_105441	396	No terminal repeats	NA	1	11	0.9468	NA	1	1.7183	Viruses;Duplodnaviria;Heunggongvirae;Uroviricota;Caudoviricetes;;
k127_275589	303	No terminal repeats	NA	1	11	0.9457	NA	1	1.5961	Unclassified
k127_294572	334	No terminal repeats	NA	1	11	0.9453	NA	1	1.7183	Viruses;Duplodnaviria;Heunggongvirae;Uroviricota;Caudoviricetes;;
k127_610086	538	No terminal repeats	NA	1	11	0.9445	NA	1	1.7183	Viruses;Duplodnaviria;Heunggongvirae;Uroviricota;Caudoviricetes;;
k127_533438	396	No terminal repeats	NA	1	11	0.9440	NA	1	1.7183	Viruses;Duplodnaviria;Heunggongvirae;Uroviricota;Caudoviricetes;;
k127_100328	432	No terminal repeats	NA	1	11	0.9434	NA	1	1.7183	Viruses;Duplodnaviria;Heunggongvirae;Uroviricota;Caudoviricetes;;
k127_66312	428	No terminal repeats	NA	1	11	0.9426	NA	1	1.7183	Viruses;Duplodnaviria;Heunggongvirae;Uroviricota;Caudoviricetes;;
k127_267723	302	No terminal repeats	NA	1	11	0.9421	NA	1	1.7183	Viruses;Duplodnaviria;Heunggongvirae;Uroviricota;Caudoviricetes;;
k127_237498	504	No terminal repeats	NA	1	11	0.9401	NA	1	1.7183	Viruses;Duplodnaviria;Heunggongvirae;Uroviricota;Caudoviricetes;;
k127_459358	419	No terminal repeats	NA	1	11	0.9369	NA	1	1.7183	Unclassified
k127_7558	334	No terminal repeats	NA	1	11	0.9368	NA	1	1.7183	Viruses;Duplodnaviria;Heunggongvirae;Uroviricota;Caudoviricetes;;
k127_549342	449	No terminal repeats	NA	1	11	0.9360	NA	1	1.7183	Viruses;Duplodnaviria;Heunggongvirae;Uroviricota;Caudoviricetes;;
k127_199488	505	No terminal repeats	NA	1	11	0.9354	NA	1	1.7183	Viruses;Duplodnaviria;Heunggongvirae;Uroviricota;Caudoviricetes;;
k127_18755	323	No terminal repeats	NA	1	11	0.9344	NA	1	1.7183	Viruses;Duplodnaviria;Heunggongvirae;Uroviricota;Caudoviricetes;;
k127_319443	1075	No terminal repeats	NA	2	11	0.9344	NA	1	1.7183	Viruses;Duplodnaviria;Heunggongvirae;Uroviricota;Caudoviricetes;;
k127_230408	1382	No terminal repeats	NA	1	11	0.9330	NA	1	1.7183	Viruses;Duplodnaviria;Heunggongvirae;Uroviricota;Caudoviricetes;;
k127_518045	321	No terminal repeats	NA	1	11	0.9317	NA	1	1.7183	Viruses;Duplodnaviria;Heunggongvirae;Uroviricota;Caudoviricetes;;
k127_282217	362	No terminal repeats	NA	1	11	0.9315	NA	1	1.7183	Viruses;Duplodnaviria;Heunggongvirae;Uroviricota;Caudoviricetes;;
k127_242872	570	No terminal repeats	NA	1	11	0.9308	NA	1	1.7183	Viruses;Duplodnaviria;Heunggongvirae;Uroviricota;Caudoviricetes;;
k127_184474	604	No terminal repeats	NA	1	11	0.9306	NA	1	1.7183	Viruses;Duplodnaviria;Heunggongvirae;Uroviricota;Caudoviricetes;;
k127_157005	628	No terminal repeats	NA	1	11	0.9304	NA	1	1.7183	Viruses;Duplodnaviria;Heunggongvirae;Uroviricota;Caudoviricetes;;
k127_548403	1051	No terminal repeats	NA	3	11	0.9303	NA	1	2.9606	Viruses;Duplodnaviria;Heunggongvirae;Uroviricota;Caudoviricetes;;
k127_385303	366	No terminal repeats	NA	1	11	0.9299	NA	1	1.7183	Viruses;Duplodnaviria;Heunggongvirae;Uroviricota;Caudoviricetes;;
k127_112201	328	No terminal repeats	NA	1	11	0.9292	NA	1	1.7183	Viruses;Duplodnaviria;Heunggongvirae;Uroviricota;Caudoviricetes;;
k127_303668	431	No terminal repeats	NA	1	11	0.9288	NA	1	1.7183	Viruses;Duplodnaviria;Heunggongvirae;Uroviricota;Caudoviricetes;;
k127_293496	525	No terminal repeats	NA	1	11	0.9286	NA	1	1.7183	Viruses;Duplodnaviria;Heunggongvirae;Uroviricota;Caudoviricetes;;
k127_198654	331	No terminal repeats	NA	1	11	0.9280	NA	1	1.7183	Viruses;Duplodnaviria;Heunggongvirae;Uroviricota;Caudoviricetes;;
k127_387129	433	No terminal repeats	NA	1	11	0.9270	NA	1	1.7183	Unclassified
k127_232548	452	No terminal repeats	NA	1	11	0.9263	NA	1	1.7183	Viruses;Duplodnaviria;Heunggongvirae;Uroviricota;Caudoviricetes;;
k127_169612	328	No terminal repeats	NA	1	11	0.9257	NA	1	1.6317	Viruses;Duplodnaviria;Heunggongvirae;Uroviricota;Caudoviricetes;;
k127_224111	446	No terminal repeats	NA	1	11	0.9254	NA	1	1.7183	Viruses;Duplodnaviria;Heunggongvirae;Uroviricota;Caudoviricetes;;
k127_614295	730	DTR	NA	1	11	0.9246	NA	1	1.7183	Viruses;Duplodnaviria;Heunggongvirae;Uroviricota;Caudoviricetes;;
k127_554909	443	No terminal repeats	NA	1	11	0.9235	NA	1	1.7183	Viruses;Duplodnaviria;Heunggongvirae;Uroviricota;Caudoviricetes;;
k127_198433	302	No terminal repeats	NA	1	11	0.9233	NA	1	1.7183	Viruses;Duplodnaviria;Heunggongvirae;Uroviricota;Caudoviricetes;;
k127_99182	830	No terminal repeats	NA	2	11	0.9218	NA	1	1.7183	Unclassified
k127_371144	310	No terminal repeats	NA	1	11	0.9218	NA	1	1.3593	Viruses;Duplodnaviria;Heunggongvirae;Uroviricota;Caudoviricetes;;Herelleviridae
k127_280045	348	No terminal repeats	NA	1	11	0.9218	NA	1	1.7183	Viruses;Duplodnaviria;Heunggongvirae;Uroviricota;Caudoviricetes;;
k127_343671	550	No terminal repeats	NA	1	11	0.9210	NA	1	1.7183	Viruses;Duplodnaviria;Heunggongvirae;Uroviricota;Caudoviricetes;;
k127_131333	514	No terminal repeats	NA	1	11	0.9191	NA	1	1.7183	Viruses;Duplodnaviria;Heunggongvirae;Uroviricota;Caudoviricetes;;
k127_522186	814	No terminal repeats	NA	1	11	0.9173	NA	1	1.7183	Viruses;Duplodnaviria;Heunggongvirae;Uroviricota;Caudoviricetes;;
k127_554679	387	No terminal repeats	NA	1	11	0.9161	NA	1	1.7183	Viruses;Duplodnaviria;Heunggongvirae;Uroviricota;Caudoviricetes;;
k127_100883	903	No terminal repeats	NA	1	11	0.9141	NA	1	1.7183	Viruses;Duplodnaviria;Heunggongvirae;Uroviricota;Caudoviricetes;;
k127_13904	438	No terminal repeats	NA	1	11	0.9132	NA	1	1.7183	Viruses;Duplodnaviria;Heunggongvirae;Uroviricota;Caudoviricetes;;
k127_449072	322	No terminal repeats	NA	1	11	0.9131	NA	1	1.7183	Viruses;Duplodnaviria;Heunggongvirae;Uroviricota;Caudoviricetes;;
k127_294709	408	No terminal repeats	NA	2	11	0.9125	NA	1	1.7183	Viruses;Duplodnaviria;Heunggongvirae;Uroviricota;Caudoviricetes;;
k127_555163	542	No terminal repeats	NA	1	4	0.9103	NA	1	1.7183	Viruses;Duplodnaviria;Heunggongvirae;Uroviricota;Caudoviricetes;;
k127_8951	942	No terminal repeats	NA	1	11	0.9099	NA	1	1.7183	Viruses;Duplodnaviria;Heunggongvirae;Uroviricota;Caudoviricetes;;
k127_130960	387	No terminal repeats	NA	1	11	0.9085	NA	1	1.7142	Viruses;Duplodnaviria;Heunggongvirae;Uroviricota;Caudoviricetes;;
k127_335983	841	No terminal repeats	NA	1	11	0.9081	NA	1	1.7183	Viruses;Duplodnaviria;Heunggongvirae;Uroviricota;Caudoviricetes;;
k127_64022	814	No terminal repeats	NA	1	11	0.9076	NA	1	1.7183	Viruses;Duplodnaviria;Heunggongvirae;Uroviricota;Caudoviricetes;;
k127_309273	641	No terminal repeats	NA	1	11	0.9074	NA	1	1.7183	Viruses;Duplodnaviria;Heunggongvirae;Uroviricota;Caudoviricetes;;
k127_566799	399	No terminal repeats	NA	1	11	0.9061	NA	1	1.7183	Viruses;Duplodnaviria;Heunggongvirae;Uroviricota;Caudoviricetes;;
k127_476682	768	No terminal repeats	NA	1	11	0.9043	NA	1	1.7183	Viruses;Duplodnaviria;Heunggongvirae;Uroviricota;Caudoviricetes;;
k127_341259	758	No terminal repeats	NA	2	11	0.9039	NA	1	1.7183	Viruses;Duplodnaviria;Heunggongvirae;Uroviricota;Caudoviricetes;;
k127_478614	490	No terminal repeats	NA	1	11	0.9038	NA	1	1.7183	Viruses;Duplodnaviria;Heunggongvirae;Uroviricota;Caudoviricetes;;
k127_40990	353	No terminal repeats	NA	1	11	0.9034	NA	1	1.7183	Viruses;Duplodnaviria;Heunggongvirae;Uroviricota;Caudoviricetes;;
k127_270426	328	No terminal repeats	NA	1	11	0.9028	NA	1	1.4597	Viruses;Duplodnaviria;Heunggongvirae;Uroviricota;Caudoviricetes;;
k127_301817	398	No terminal repeats	NA	1	11	0.9017	NA	1	1.7183	Viruses;Duplodnaviria;Heunggongvirae;Uroviricota;Caudoviricetes;;
k127_32977	386	No terminal repeats	NA	1	11	0.9012	NA	1	1.7183	Viruses;Duplodnaviria;Heunggongvirae;Uroviricota;Caudoviricetes;;
k127_49903	539	No terminal repeats	NA	2	11	0.8991	NA	1	1.7183	Viruses;Duplodnaviria;Heunggongvirae;Uroviricota;Caudoviricetes;;
k127_343268	1558	No terminal repeats	NA	2	11	0.8983	NA	1	1.7183	Viruses;Duplodnaviria;Heunggongvirae;Uroviricota;Caudoviricetes;;
k127_273322	380	No terminal repeats	NA	1	11	0.8981	NA	1	1.5030	Viruses;Duplodnaviria;Heunggongvirae;Uroviricota;Caudoviricetes;;
k127_245515	643	No terminal repeats	NA	1	11	0.8977	NA	1	1.7183	Viruses;Duplodnaviria;Heunggongvirae;Uroviricota;Caudoviricetes;;
k127_310640	341	No terminal repeats	NA	1	11	0.8973	NA	1	1.7183	Viruses;Duplodnaviria;Heunggongvirae;Uroviricota;Caudoviricetes;;
k127_387322	482	No terminal repeats	NA	1	11	0.8954	NA	1	1.3603	Viruses;Duplodnaviria;Heunggongvirae;Uroviricota;Caudoviricetes;;
k127_14018	463	No terminal repeats	NA	1	4	0.8953	NA	1	1.3035	Viruses;Duplodnaviria;Heunggongvirae;Uroviricota;Caudoviricetes;;
k127_178647	1051	No terminal repeats	NA	1	11	0.8931	NA	1	1.7183	Viruses;Duplodnaviria;Heunggongvirae;Uroviricota;Caudoviricetes;;
k127_175496	522	No terminal repeats	NA	1	11	0.8911	NA	1	1.7183	Viruses;Duplodnaviria;Heunggongvirae;Uroviricota;Caudoviricetes;;
k127_204996	340	No terminal repeats	NA	1	11	0.8902	NA	1	1.2332	Viruses;Duplodnaviria;Heunggongvirae;Uroviricota;Caudoviricetes;;
k127_551974	345	No terminal repeats	NA	1	11	0.8894	NA	1	1.7183	Viruses;Duplodnaviria;Heunggongvirae;Uroviricota;Caudoviricetes;;
k127_2143	389	No terminal repeats	NA	2	11	0.8893	NA	1	1.7183	Viruses;Duplodnaviria;Heunggongvirae;Uroviricota;Caudoviricetes;;
k127_308080	1027	No terminal repeats	NA	1	11	0.8875	NA	1	1.7183	Viruses;Duplodnaviria;Heunggongvirae;Uroviricota;Caudoviricetes;;
k127_76169	481	No terminal repeats	NA	1	11	0.8862	NA	1	1.7183	Viruses;Duplodnaviria;Heunggongvirae;Uroviricota;Caudoviricetes;;Drexlerviridae
k127_515275	476	No terminal repeats	NA	1	11	0.8846	NA	1	1.2306	Viruses;Duplodnaviria;Heunggongvirae;Uroviricota;Caudoviricetes;;
k127_185588	551	No terminal repeats	NA	2	11	0.8845	NA	1	1.7183	Viruses;Duplodnaviria;Heunggongvirae;Uroviricota;Caudoviricetes;;
k127_17570	413	No terminal repeats	NA	1	11	0.8843	NA	1	1.7183	Viruses;Duplodnaviria;Heunggongvirae;Uroviricota;Caudoviricetes;;
k127_170313	659	No terminal repeats	NA	1	11	0.8841	NA	1	1.7183	Viruses;Duplodnaviria;Heunggongvirae;Uroviricota;Caudoviricetes;;
k127_579845	2981	No terminal repeats	NA	2	11	0.8824	NA	0	3.3646	Viruses;Duplodnaviria;Heunggongvirae;Uroviricota;Caudoviricetes;;
k127_165240	334	No terminal repeats	NA	1	11	0.8818	NA	1	1.7183	Viruses;Duplodnaviria;Heunggongvirae;Uroviricota;Caudoviricetes;;
k127_295291	442	No terminal repeats	NA	1	11	0.8797	NA	1	1.1530	Viruses;Duplodnaviria;Heunggongvirae;Uroviricota;Caudoviricetes;;
k127_424247	462	No terminal repeats	NA	1	11	0.8786	NA	1	1.0522	Viruses;Duplodnaviria;Heunggongvirae;Uroviricota;Caudoviricetes;;
k127_361233	638	No terminal repeats	NA	1	11	0.8767	NA	1	1.7183	Viruses;Duplodnaviria;Heunggongvirae;Uroviricota;Caudoviricetes;;
k127_293126	464	No terminal repeats	NA	1	11	0.8767	NA	1	1.7183	Unclassified
k127_292801	466	No terminal repeats	NA	1	11	0.8765	NA	1	1.7183	Viruses;Duplodnaviria;Heunggongvirae;Uroviricota;Caudoviricetes;;
k127_19805	429	No terminal repeats	NA	1	11	0.8761	NA	1	1.0597	Unclassified
k127_76165	386	No terminal repeats	NA	1	11	0.8757	NA	1	1.7183	Viruses;Duplodnaviria;Heunggongvirae;Uroviricota;Caudoviricetes;;
k127_220875	516	No terminal repeats	NA	1	11	0.8753	NA	1	1.7183	Viruses;Duplodnaviria;Heunggongvirae;Uroviricota;Caudoviricetes;;
k127_201064	859	No terminal repeats	NA	2	11	0.8697	NA	1	3.4293	Viruses;Duplodnaviria;Heunggongvirae;Uroviricota;Caudoviricetes;;
k127_146578	311	No terminal repeats	NA	1	11	0.8676	NA	1	1.4506	Viruses;Duplodnaviria;Heunggongvirae;Uroviricota;Caudoviricetes;;
k127_39403	836	No terminal repeats	NA	1	11	0.8663	NA	1	1.7183	Viruses;Duplodnaviria;Heunggongvirae;Uroviricota;Caudoviricetes;;
k127_66989	476	No terminal repeats	NA	1	11	0.8594	NA	1	1.7183	Viruses;Duplodnaviria;Heunggongvirae;Uroviricota;Caudoviricetes;;
k127_412582	439	No terminal repeats	NA	2	11	0.8587	NA	1	1.7183	Viruses;Duplodnaviria;Heunggongvirae;Uroviricota;Caudoviricetes;;
k127_308457	682	No terminal repeats	NA	1	11	0.8582	NA	1	1.7183	Viruses;Duplodnaviria;Heunggongvirae;Uroviricota;Caudoviricetes;;
k127_296402	388	No terminal repeats	NA	2	11	0.8573	NA	1	1.7183	Viruses;Duplodnaviria;Heunggongvirae;Uroviricota;Caudoviricetes;;
k127_377316	465	No terminal repeats	NA	2	11	0.8558	NA	1	1.7183	Viruses;Duplodnaviria;Heunggongvirae;Uroviricota;Caudoviricetes;;
k127_380457	960	No terminal repeats	NA	1	11	0.8519	NA	1	1.7183	Viruses;Duplodnaviria;Heunggongvirae;Uroviricota;Caudoviricetes;;
k127_209054	733	No terminal repeats	NA	1	11	0.8498	NA	1	1.7183	Viruses;Duplodnaviria;Heunggongvirae;Uroviricota;Caudoviricetes;;
k127_139158	320	No terminal repeats	NA	2	11	0.8490	NA	1	1.7044	Unclassified
k127_329195	481	No terminal repeats	NA	1	11	0.8489	NA	1	1.3550	Viruses;Duplodnaviria;Heunggongvirae;Uroviricota;Caudoviricetes;;
k127_130536	475	No terminal repeats	NA	1	11	0.8487	NA	1	1.3865	Unclassified
k127_272204	395	No terminal repeats	NA	1	11	0.8487	NA	1	1.7183	Viruses;Duplodnaviria;Heunggongvirae;Uroviricota;Caudoviricetes;;
k127_48470	923	No terminal repeats	NA	2	11	0.8437	NA	1	1.7183	Viruses;Duplodnaviria;Heunggongvirae;Uroviricota;Caudoviricetes;;
k127_209844	579	No terminal repeats	NA	1	11	0.8422	NA	1	1.7183	Viruses;Duplodnaviria;Heunggongvirae;Uroviricota;Caudoviricetes;;
k127_591420	452	No terminal repeats	NA	1	11	0.8418	NA	1	1.7183	Viruses;Duplodnaviria;Heunggongvirae;Uroviricota;Caudoviricetes;;
k127_560283	849	No terminal repeats	NA	1	11	0.8401	NA	1	1.7183	Viruses;Duplodnaviria;Heunggongvirae;Uroviricota;Caudoviricetes;;
k127_98359	377	No terminal repeats	NA	1	11	0.8365	NA	1	1.4850	Viruses;Duplodnaviria;Heunggongvirae;Uroviricota;Caudoviricetes;;
k127_265011	6479	No terminal repeats	NA	5	11	0.8359	NA	0	1.2527	Viruses;Duplodnaviria;Heunggongvirae;Uroviricota;Caudoviricetes;;
k127_194873	338	No terminal repeats	NA	1	11	0.8333	NA	1	1.3383	Viruses;Duplodnaviria;Heunggongvirae;Uroviricota;Caudoviricetes;;
k127_226585	632	No terminal repeats	NA	1	11	0.8325	NA	1	1.7183	Viruses;Duplodnaviria;Heunggongvirae;Uroviricota;Caudoviricetes;;
k127_487301	363	No terminal repeats	NA	1	11	0.8310	NA	1	1.4597	Viruses;Duplodnaviria;Heunggongvirae;Uroviricota;Caudoviricetes;;
k127_165736	704	No terminal repeats	NA	2	11	0.8297	NA	1	1.7183	Viruses;Duplodnaviria;Heunggongvirae;Uroviricota;Caudoviricetes;;
k127_421295	515	No terminal repeats	NA	1	11	0.8293	NA	1	1.7183	Viruses;Duplodnaviria;Heunggongvirae;Uroviricota;Caudoviricetes;;
k127_604731	766	No terminal repeats	NA	1	11	0.8284	NA	1	1.7183	Viruses;Duplodnaviria;Heunggongvirae;Uroviricota;Caudoviricetes;;
k127_63244	500	No terminal repeats	NA	1	11	0.8252	NA	1	1.2332	Viruses;Duplodnaviria;Heunggongvirae;Uroviricota;Caudoviricetes;;
k127_132914	985	No terminal repeats	NA	1	11	0.8247	NA	1	1.7183	Viruses;Duplodnaviria;Heunggongvirae;Uroviricota;Caudoviricetes;;
k127_317803	309	No terminal repeats	NA	1	11	0.8242	NA	1	1.7077	Viruses;Duplodnaviria;Heunggongvirae;Uroviricota;Caudoviricetes;;
k127_156362	853	No terminal repeats	NA	2	11	0.8205	NA	1	1.7183	Viruses;Duplodnaviria;Heunggongvirae;Uroviricota;Caudoviricetes;;
k127_502655	713	No terminal repeats	NA	1	11	0.8203	NA	1	1.7183	Viruses;Duplodnaviria;Heunggongvirae;Uroviricota;Caudoviricetes;;
k127_428405	849	No terminal repeats	NA	2	11	0.8196	NA	1	1.7183	Viruses;Duplodnaviria;Heunggongvirae;Uroviricota;Caudoviricetes;;
k127_235929	392	No terminal repeats	NA	1	11	0.8172	NA	1	1.3168	Viruses;Duplodnaviria;Heunggongvirae;Uroviricota;Caudoviricetes;;
k127_194091	575	No terminal repeats	NA	1	11	0.8137	NA	1	1.7183	Viruses;Duplodnaviria;Heunggongvirae;Uroviricota;Caudoviricetes;;
k127_593965	630	No terminal repeats	NA	2	11	0.8129	NA	1	1.7183	Viruses;Duplodnaviria;Heunggongvirae;Uroviricota;Caudoviricetes;;
k127_45886	482	No terminal repeats	NA	1	11	0.8127	NA	1	1.0730	Viruses;Duplodnaviria;Heunggongvirae;Uroviricota;Caudoviricetes;;
k127_91797	459	No terminal repeats	NA	1	11	0.8101	NA	1	1.2436	Viruses;Duplodnaviria;Heunggongvirae;Uroviricota;Caudoviricetes;;Autographiviridae
k127_537627	366	No terminal repeats	NA	1	11	0.8100	NA	1	1.2332	Viruses;Duplodnaviria;Heunggongvirae;Uroviricota;Caudoviricetes;;
k127_518644	393	No terminal repeats	NA	1	11	0.8095	NA	1	1.1678	Viruses;Duplodnaviria;Heunggongvirae;Uroviricota;Caudoviricetes;;
k127_72662	746	No terminal repeats	NA	1	11	0.8093	NA	1	1.7183	Viruses;Duplodnaviria;Heunggongvirae;Uroviricota;Caudoviricetes;;
k127_435672	809	No terminal repeats	NA	1	11	0.8061	NA	1	1.7183	Viruses;Duplodnaviria;Heunggongvirae;Uroviricota;Caudoviricetes;;
k127_459880	1316	No terminal repeats	NA	2	11	0.8061	NA	1	1.7183	Viruses;Duplodnaviria;Heunggongvirae;Uroviricota;Caudoviricetes;;
k127_331029	807	No terminal repeats	NA	1	11	0.8061	NA	1	1.3074	Viruses;Duplodnaviria;Heunggongvirae;Uroviricota;Caudoviricetes;;
k127_333208	816	No terminal repeats	NA	2	11	0.8028	NA	2	2.8055	Viruses;Duplodnaviria;Heunggongvirae;Uroviricota;Caudoviricetes;;
k127_243936	758	No terminal repeats	NA	1	11	0.8014	NA	1	1.7183	Viruses;Duplodnaviria;Heunggongvirae;Uroviricota;Caudoviricetes;;
k127_310323	330	No terminal repeats	NA	1	11	0.8008	NA	1	1.5552	Viruses;Duplodnaviria;Heunggongvirae;Uroviricota;Caudoviricetes;;
k127_573915	336	No terminal repeats	NA	1	11	0.8007	NA	1	1.7120	Viruses;Duplodnaviria;Heunggongvirae;Uroviricota;Caudoviricetes;;
k127_189715	990	No terminal repeats	NA	1	11	0.7999	NA	1	1.7183	Viruses;Duplodnaviria;Heunggongvirae;Uroviricota;Caudoviricetes;;
k127_257247	1069	No terminal repeats	NA	2	11	0.7995	NA	1	1.7183	Viruses;Duplodnaviria;Heunggongvirae;Uroviricota;Caudoviricetes;;
k127_430827	835	No terminal repeats	NA	1	11	0.7986	NA	1	1.7183	Viruses;Duplodnaviria;Heunggongvirae;Uroviricota;Caudoviricetes;;
k127_186873	489	No terminal repeats	NA	1	11	0.7970	NA	1	1.3450	Viruses;Duplodnaviria;Heunggongvirae;Uroviricota;Caudoviricetes;;
k127_215669	471	No terminal repeats	NA	1	11	0.7963	NA	1	1.6407	Viruses;Duplodnaviria;Heunggongvirae;Uroviricota;Caudoviricetes;;
k127_455367	693	No terminal repeats	NA	1	11	0.7960	NA	1	1.7183	Viruses;Duplodnaviria;Heunggongvirae;Uroviricota;Caudoviricetes;;
k127_534940	661	No terminal repeats	NA	1	11	0.7931	NA	1	1.7183	Viruses;Duplodnaviria;Heunggongvirae;Uroviricota;Caudoviricetes;;
k127_141542	415	No terminal repeats	NA	1	11	0.7922	NA	1	1.7020	Viruses;Duplodnaviria;Heunggongvirae;Uroviricota;Caudoviricetes;;
k127_179667	508	No terminal repeats	NA	1	11	0.7896	NA	1	1.7183	Viruses;Duplodnaviria;Heunggongvirae;Uroviricota;Caudoviricetes;;
k127_371205	732	No terminal repeats	NA	1	11	0.7851	NA	1	1.7183	Viruses;Duplodnaviria;Heunggongvirae;Uroviricota;Caudoviricetes;;
k127_527917	411	No terminal repeats	NA	1	11	0.7808	NA	1	1.6407	Viruses;Duplodnaviria;Heunggongvirae;Uroviricota;Caudoviricetes;;
k127_19732	1082	No terminal repeats	NA	2	11	0.7781	NA	1	1.7183	Viruses;Duplodnaviria;Heunggongvirae;Uroviricota;Caudoviricetes;;
k127_54649	301	No terminal repeats	NA	1	11	0.7775	NA	1	1.5484	Viruses;Duplodnaviria;Heunggongvirae;Uroviricota;Caudoviricetes;;
k127_66746	303	No terminal repeats	NA	1	11	0.7772	NA	1	1.0036	Viruses;Duplodnaviria;Heunggongvirae;Uroviricota;Caudoviricetes;;
k127_49723	848	No terminal repeats	NA	1	11	0.7757	NA	1	1.7183	Viruses;Duplodnaviria;Heunggongvirae;Uroviricota;Caudoviricetes;;
k127_16464	316	No terminal repeats	NA	1	11	0.7754	NA	1	1.6972	Viruses;Duplodnaviria;Heunggongvirae;Uroviricota;Caudoviricetes;;
k127_137384	369	No terminal repeats	NA	1	11	0.7740	NA	1	1.3307	Viruses;Duplodnaviria;Heunggongvirae;Uroviricota;Caudoviricetes;;
k127_21716	331	No terminal repeats	NA	1	11	0.7728	NA	1	1.6721	Unclassified
k127_394878	527	No terminal repeats	NA	1	11	0.7720	NA	1	1.7183	Viruses;Duplodnaviria;Heunggongvirae;Uroviricota;Caudoviricetes;;
k127_521509	826	No terminal repeats	NA	1	11	0.7709	NA	1	1.7183	Viruses;Duplodnaviria;Heunggongvirae;Uroviricota;Caudoviricetes;;
k127_117967	587	No terminal repeats	NA	1	11	0.7701	NA	1	1.7183	Viruses;Duplodnaviria;Heunggongvirae;Uroviricota;Caudoviricetes;;
k127_239954	395	No terminal repeats	NA	1	11	0.7697	NA	1	1.3307	Viruses;Duplodnaviria;Heunggongvirae;Uroviricota;Caudoviricetes;;
k127_337925	958	No terminal repeats	NA	2	11	0.7664	NA	1	1.7183	Viruses;Duplodnaviria;Heunggongvirae;Uroviricota;Caudoviricetes;;
k127_289605	4029	No terminal repeats	NA	5	11	0.7659	NA	0	1.7183	Viruses;Duplodnaviria;Heunggongvirae;Uroviricota;Caudoviricetes;;
k127_104499	779	No terminal repeats	NA	2	11	0.7650	NA	1	1.7183	Viruses;Duplodnaviria;Heunggongvirae;Uroviricota;Caudoviricetes;;
k127_431418	379	No terminal repeats	NA	1	11	0.7632	NA	1	1.7115	Viruses;Duplodnaviria;Heunggongvirae;Uroviricota;Caudoviricetes;;
k127_297384	361	No terminal repeats	NA	1	11	0.7625	NA	1	1.2290	Viruses;Duplodnaviria;Heunggongvirae;Uroviricota;Caudoviricetes;;
k127_269589	356	No terminal repeats	NA	1	11	0.7614	NA	1	1.6498	Viruses;Duplodnaviria;Heunggongvirae;Uroviricota;Caudoviricetes;;
k127_613810	477	No terminal repeats	NA	2	11	0.7599	NA	1	1.7183	Viruses;Duplodnaviria;Heunggongvirae;Uroviricota;Caudoviricetes;;
k127_233651	686	No terminal repeats	NA	1	11	0.7584	NA	1	1.7183	Viruses;Duplodnaviria;Heunggongvirae;Uroviricota;Caudoviricetes;;
k127_388006	601	No terminal repeats	NA	1	11	0.7562	NA	1	1.7183	Viruses;Duplodnaviria;Heunggongvirae;Uroviricota;Caudoviricetes;;
k127_91067	334	No terminal repeats	NA	1	11	0.7554	NA	1	1.5136	Viruses;Duplodnaviria;Heunggongvirae;Uroviricota;Caudoviricetes;;
k127_169832	424	No terminal repeats	NA	1	11	0.7536	NA	1	1.2594	Viruses;Duplodnaviria;Heunggongvirae;Uroviricota;Caudoviricetes;;
k127_386138	313	No terminal repeats	NA	2	11	0.7511	NA	1	1.5470	Viruses;Duplodnaviria;Heunggongvirae;Uroviricota;Caudoviricetes;;
k127_244604	576	No terminal repeats	NA	1	11	0.7505	NA	1	1.7183	Viruses;Duplodnaviria;Heunggongvirae;Uroviricota;Caudoviricetes;;
k127_599301	521	No terminal repeats	NA	1	11	0.7485	NA	1	1.7020	Viruses;Duplodnaviria;Heunggongvirae;Uroviricota;Caudoviricetes;;
k127_116581	847	No terminal repeats	NA	1	11	0.7472	NA	1	1.2110	Viruses;Duplodnaviria;Heunggongvirae;Uroviricota;Caudoviricetes;;
k127_86139	394	No terminal repeats	NA	2	11	0.7457	NA	1	1.1256	Unclassified
k127_426253	529	No terminal repeats	NA	1	11	0.7452	NA	1	1.7183	Viruses;Riboviria;Orthornavirae;Kitrinoviricota;Alsuviricetes;Martellivirales;Togaviridae
k127_102805	354	No terminal repeats	NA	1	11	0.7403	NA	1	1.7132	Unclassified
k127_213218	379	No terminal repeats	NA	1	11	0.7387	NA	1	1.6623	Viruses;Duplodnaviria;Heunggongvirae;Uroviricota;Caudoviricetes;;
k127_593392	1728	No terminal repeats	NA	3	11	0.7375	NA	1	1.2306	Viruses;Duplodnaviria;Heunggongvirae;Uroviricota;Caudoviricetes;;
k127_131532	1133	No terminal repeats	NA	1	11	0.7354	NA	1	1.7183	Viruses;Duplodnaviria;Heunggongvirae;Uroviricota;Caudoviricetes;;
k127_416351	729	No terminal repeats	NA	1	11	0.7339	NA	1	1.7183	Viruses;Duplodnaviria;Heunggongvirae;Uroviricota;Caudoviricetes;;
k127_347071	1056	No terminal repeats	NA	1	11	0.7293	NA	1	1.7183	Viruses;Duplodnaviria;Heunggongvirae;Uroviricota;Caudoviricetes;;
k127_44706	304	No terminal repeats	NA	1	11	0.7277	NA	1	1.7132	Unclassified
k127_379394	319	No terminal repeats	NA	1	11	0.7276	NA	1	1.6281	Viruses;Duplodnaviria;Heunggongvirae;Uroviricota;Caudoviricetes;;
k127_461544	477	No terminal repeats	NA	1	11	0.7276	NA	1	1.4003	Viruses;Duplodnaviria;Heunggongvirae;Uroviricota;Caudoviricetes;;
k127_334286	600	No terminal repeats	NA	3	11	0.7273	NA	1	1.7183	Viruses;Duplodnaviria;Heunggongvirae;Uroviricota;Caudoviricetes;;
k127_136138	441	No terminal repeats	NA	1	11	0.7216	NA	1	1.2306	Viruses;Duplodnaviria;Heunggongvirae;Uroviricota;Caudoviricetes;;
k127_313176	704	No terminal repeats	NA	1	11	0.7213	NA	1	1.7183	Viruses;Duplodnaviria;Heunggongvirae;Uroviricota;Caudoviricetes;;
k127_125956	405	No terminal repeats	NA	1	11	0.7138	NA	1	1.5715	Viruses;Duplodnaviria;Heunggongvirae;Uroviricota;Caudoviricetes;;
k127_540421	920	No terminal repeats	NA	1	11	0.7106	NA	1	1.7183	Viruses;Duplodnaviria;Heunggongvirae;Uroviricota;Caudoviricetes;;
k127_487664	465	No terminal repeats	NA	1	11	0.7093	NA	1	1.2306	Viruses;Duplodnaviria;Heunggongvirae;Uroviricota;Caudoviricetes;;
k127_60874	3108	No terminal repeats	NA	1	11	0.7069	NA	1	1.7183	Viruses;Duplodnaviria;Heunggongvirae;Uroviricota;Caudoviricetes;;
k127_114817	852	No terminal repeats	NA	1	11	0.7057	NA	1	1.5299	Viruses;Duplodnaviria;Heunggongvirae;Uroviricota;Caudoviricetes;;
k127_347658	632	No terminal repeats	NA	1	11	0.7054	NA	1	1.2857	Viruses;Duplodnaviria;Heunggongvirae;Uroviricota;Caudoviricetes;;
k127_140332	893	No terminal repeats	NA	1	11	0.7046	NA	1	1.7183	Viruses;Duplodnaviria;Heunggongvirae;Uroviricota;Caudoviricetes;;
k127_516939	314	No terminal repeats	NA	1	11	0.7040	NA	1	1.2594	Viruses;Duplodnaviria;Heunggongvirae;Uroviricota;Caudoviricetes;;
k127_272247	2918	No terminal repeats	NA	4	11	0.7002	NA	0	0.0000	Unclassified
