seq_name	length	topology	coordinates	n_genes	genetic_code	virus_score	fdr	n_hallmarks	marker_enrichment	taxonomy
k127_452161	5513	DTR	NA	8	11	0.9826	NA	3	12.0280	Viruses;Monodnaviria;Sangervirae;Phixviricota;Malgrandaviricetes;Petitvirales;Microviridae
k127_154452	4202	No terminal repeats	NA	8	11	0.9774	NA	0	6.1375	Viruses;Duplodnaviria;Heunggongvirae;Uroviricota;Caudoviricetes;;
k127_315978	3939	No terminal repeats	NA	8	11	0.9740	NA	1	5.1548	Viruses;Duplodnaviria;Heunggongvirae;Uroviricota;Caudoviricetes;;
k127_439404	3866	No terminal repeats	NA	7	11	0.9729	NA	0	4.5683	Viruses;Duplodnaviria;Heunggongvirae;Uroviricota;Caudoviricetes;;
k127_40854	420	No terminal repeats	NA	1	11	0.9695	NA	1	1.4595	Viruses;Duplodnaviria;Heunggongvirae;Uroviricota;Caudoviricetes;;
k127_47134	343	No terminal repeats	NA	1	11	0.9686	NA	1	1.7183	Viruses;Varidnaviria;Bamfordvirae;Preplasmiviricota;Polintoviricetes;Orthopolintovirales;Adintoviridae
k127_389728	387	No terminal repeats	NA	1	11	0.9680	NA	1	1.7183	Viruses;Duplodnaviria;Heunggongvirae;Uroviricota;Caudoviricetes;;
k127_352949	3243	No terminal repeats	NA	4	11	0.9674	NA	0	5.1390	Viruses;Duplodnaviria;Heunggongvirae;Uroviricota;Caudoviricetes;;
k127_288044	343	No terminal repeats	NA	1	11	0.9662	NA	1	1.7183	Viruses;Varidnaviria;Bamfordvirae;Preplasmiviricota;Maveriviricetes;Priklausovirales;Lavidaviridae
k127_113844	5615	No terminal repeats	NA	7	11	0.9660	NA	2	2.9903	Viruses;Duplodnaviria;Heunggongvirae;Uroviricota;Caudoviricetes;;
k127_363692	341	No terminal repeats	NA	1	11	0.9660	NA	1	1.5046	Viruses;Varidnaviria;Bamfordvirae;Nucleocytoviricota;Megaviricetes;;
k127_197281	371	No terminal repeats	NA	1	11	0.9655	NA	1	1.7183	Viruses;Duplodnaviria;Heunggongvirae;Uroviricota;Caudoviricetes;;
k127_87894	4306	No terminal repeats	NA	6	11	0.9644	NA	1	3.4207	Viruses;Duplodnaviria;Heunggongvirae;Uroviricota;Caudoviricetes;;
k127_39222	3676	No terminal repeats	NA	6	11	0.9643	NA	0	2.8147	Viruses;Duplodnaviria;Heunggongvirae;Uroviricota;Caudoviricetes;;
k127_136334	326	No terminal repeats	NA	1	11	0.9622	NA	1	1.4708	Viruses;Duplodnaviria;Heunggongvirae;Uroviricota;Caudoviricetes;;
k127_370910	461	No terminal repeats	NA	1	11	0.9596	NA	1	1.7183	Unclassified
k127_193094	342	No terminal repeats	NA	1	11	0.9595	NA	1	1.4484	Viruses;Duplodnaviria;Heunggongvirae;Uroviricota;Caudoviricetes;;
k127_1717	330	No terminal repeats	NA	1	11	0.9590	NA	1	1.7183	Viruses;Duplodnaviria;Heunggongvirae;Uroviricota;Caudoviricetes;;
k127_35892	387	No terminal repeats	NA	2	11	0.9586	NA	1	1.7183	Viruses;Duplodnaviria;Heunggongvirae;Uroviricota;Caudoviricetes;;
k127_141340	4621	No terminal repeats	NA	11	11	0.9585	NA	1	5.1519	Viruses;Duplodnaviria;Heunggongvirae;Uroviricota;Caudoviricetes;;
k127_359029	2938	No terminal repeats	NA	5	11	0.9575	NA	1	3.1800	Viruses;Duplodnaviria;Heunggongvirae;Uroviricota;Caudoviricetes;;
k127_345908	741	No terminal repeats	NA	1	11	0.9564	NA	1	1.7183	Viruses;Duplodnaviria;Heunggongvirae;Uroviricota;Caudoviricetes;;
k127_306523	450	No terminal repeats	NA	1	11	0.9541	NA	1	1.7183	Viruses;Varidnaviria;Bamfordvirae;Preplasmiviricota;Tectiliviricetes;Kalamavirales;Tectiviridae
k127_450827	312	No terminal repeats	NA	1	11	0.9536	NA	1	1.7183	Viruses;Duplodnaviria;Heunggongvirae;Uroviricota;Caudoviricetes;;
k127_120886	1331	No terminal repeats	NA	1	11	0.9535	NA	1	1.4595	Viruses;Duplodnaviria;Heunggongvirae;Uroviricota;Caudoviricetes;;
k127_216183	351	No terminal repeats	NA	1	11	0.9497	NA	1	1.7183	Viruses;Duplodnaviria;Heunggongvirae;Uroviricota;Caudoviricetes;;
k127_83620	317	No terminal repeats	NA	1	11	0.9496	NA	1	1.7183	Viruses;Duplodnaviria;Heunggongvirae;Uroviricota;Caudoviricetes;;
k127_34270	1220	No terminal repeats	NA	3	11	0.9492	NA	1	1.7183	Unclassified
k127_451801	591	No terminal repeats	NA	1	11	0.9491	NA	1	1.4519	Viruses;Duplodnaviria;Heunggongvirae;Uroviricota;Caudoviricetes;;
k127_374969	435	No terminal repeats	NA	1	11	0.9488	NA	1	1.7183	Unclassified
k127_415393	363	No terminal repeats	NA	2	11	0.9469	NA	1	1.7183	Viruses;Varidnaviria;Bamfordvirae;Preplasmiviricota;Polintoviricetes;Orthopolintovirales;Adintoviridae
k127_367800	328	No terminal repeats	NA	1	11	0.9450	NA	1	1.7183	Viruses;Duplodnaviria;Heunggongvirae;Uroviricota;Caudoviricetes;;
k127_252880	477	No terminal repeats	NA	1	11	0.9447	NA	1	1.7183	Viruses;Duplodnaviria;Heunggongvirae;Uroviricota;Caudoviricetes;;
k127_171845	411	No terminal repeats	NA	2	11	0.9447	NA	1	1.7183	Viruses;Duplodnaviria;Heunggongvirae;Uroviricota;Caudoviricetes;;Herelleviridae
k127_387993	389	No terminal repeats	NA	1	11	0.9442	NA	1	1.7183	Viruses;Duplodnaviria;Heunggongvirae;Uroviricota;Caudoviricetes;;
k127_362699	330	No terminal repeats	NA	1	11	0.9442	NA	1	1.7183	Viruses;Duplodnaviria;Heunggongvirae;Uroviricota;Caudoviricetes;;
k127_222979	900	No terminal repeats	NA	1	11	0.9438	NA	1	1.7183	Viruses;Duplodnaviria;Heunggongvirae;Uroviricota;Caudoviricetes;;
k127_312302	516	No terminal repeats	NA	1	11	0.9437	NA	1	1.7183	Viruses;Duplodnaviria;Heunggongvirae;Uroviricota;Caudoviricetes;;
k127_219114	373	No terminal repeats	NA	1	11	0.9427	NA	1	1.7183	Viruses;Duplodnaviria;Heunggongvirae;Uroviricota;Caudoviricetes;;
k127_448187	516	No terminal repeats	NA	1	11	0.9418	NA	1	1.7183	Viruses;Duplodnaviria;Heunggongvirae;Uroviricota;Caudoviricetes;;
k127_423770	530	No terminal repeats	NA	1	11	0.9414	NA	1	1.7183	Viruses;Duplodnaviria;Heunggongvirae;Uroviricota;Caudoviricetes;;
k127_180882	316	No terminal repeats	NA	1	11	0.9378	NA	1	1.7183	Viruses;Duplodnaviria;Heunggongvirae;Uroviricota;Caudoviricetes;;
k127_335830	311	No terminal repeats	NA	1	11	0.9370	NA	1	1.7183	Viruses;Duplodnaviria;Heunggongvirae;Uroviricota;Caudoviricetes;;
k127_18607	2516	No terminal repeats	NA	3	11	0.9368	NA	0	3.8202	Viruses;Duplodnaviria;Heunggongvirae;Uroviricota;Caudoviricetes;;
k127_135556	515	No terminal repeats	NA	1	11	0.9362	NA	1	1.7183	Viruses;Riboviria;Orthornavirae;Pisuviricota;Duplopiviricetes;Durnavirales;Partitiviridae
k127_92446	934	No terminal repeats	NA	2	4	0.9361	NA	1	1.7183	Viruses;Varidnaviria;Bamfordvirae;Preplasmiviricota;Polintoviricetes;Orthopolintovirales;Adintoviridae
k127_415181	4749	No terminal repeats	NA	7	11	0.9360	NA	0	1.7183	Viruses;Varidnaviria;Bamfordvirae;Nucleocytoviricota;Pokkesviricetes;Chitovirales;Poxviridae
k127_44222	503	No terminal repeats	NA	1	11	0.9355	NA	1	1.7183	Viruses;Duplodnaviria;Heunggongvirae;Uroviricota;Caudoviricetes;;
k127_301441	362	No terminal repeats	NA	1	11	0.9349	NA	1	1.2746	Viruses;Duplodnaviria;Heunggongvirae;Uroviricota;Caudoviricetes;;
k127_297735	357	No terminal repeats	NA	2	11	0.9345	NA	1	1.7183	Viruses;Varidnaviria;Bamfordvirae;Preplasmiviricota;Polintoviricetes;Orthopolintovirales;Adintoviridae
k127_280598	1230	No terminal repeats	NA	1	11	0.9345	NA	1	1.7183	Viruses;Duplodnaviria;Heunggongvirae;Uroviricota;Caudoviricetes;;
k127_381689	351	No terminal repeats	NA	1	11	0.9342	NA	1	1.7183	Viruses;Duplodnaviria;Heunggongvirae;Uroviricota;Caudoviricetes;;
k127_307435	354	No terminal repeats	NA	1	11	0.9324	NA	1	1.7183	Viruses;Duplodnaviria;Heunggongvirae;Uroviricota;Caudoviricetes;;
k127_168647	451	No terminal repeats	NA	1	11	0.9317	NA	1	1.4595	Viruses;Duplodnaviria;Heunggongvirae;Uroviricota;Caudoviricetes;;
k127_112742	560	No terminal repeats	NA	1	11	0.9314	NA	1	1.7183	Viruses;Duplodnaviria;Heunggongvirae;Uroviricota;Caudoviricetes;;
k127_226070	585	No terminal repeats	NA	1	11	0.9313	NA	1	1.7183	Viruses;Duplodnaviria;Heunggongvirae;Uroviricota;Caudoviricetes;;
k127_273087	450	No terminal repeats	NA	1	11	0.9311	NA	1	1.7183	Viruses;Duplodnaviria;Heunggongvirae;Uroviricota;Caudoviricetes;;
k127_1293	321	No terminal repeats	NA	1	11	0.9311	NA	1	1.7183	Viruses;Varidnaviria;Bamfordvirae;Preplasmiviricota;Polintoviricetes;Orthopolintovirales;Adintoviridae
k127_310622	377	No terminal repeats	NA	1	11	0.9307	NA	1	1.7183	Viruses;Duplodnaviria;Heunggongvirae;Uroviricota;Caudoviricetes;;
k127_222247	314	No terminal repeats	NA	1	11	0.9300	NA	1	1.7183	Viruses;Duplodnaviria;Heunggongvirae;Uroviricota;Caudoviricetes;;
k127_143697	726	No terminal repeats	NA	1	11	0.9295	NA	1	1.7183	Viruses;Duplodnaviria;Heunggongvirae;Uroviricota;Caudoviricetes;;
k127_142736	426	No terminal repeats	NA	1	11	0.9282	NA	1	1.4464	Viruses;Duplodnaviria;Heunggongvirae;Uroviricota;Caudoviricetes;;
k127_63315	633	No terminal repeats	NA	1	11	0.9275	NA	1	1.7183	Viruses;Duplodnaviria;Heunggongvirae;Uroviricota;Caudoviricetes;;
k127_135909	619	No terminal repeats	NA	1	11	0.9272	NA	1	1.7183	Viruses;Duplodnaviria;Heunggongvirae;Uroviricota;Caudoviricetes;;
k127_234439	390	No terminal repeats	NA	1	11	0.9271	NA	1	1.5310	Viruses;Duplodnaviria;Heunggongvirae;Uroviricota;Caudoviricetes;;
k127_385140	455	No terminal repeats	NA	1	11	0.9242	NA	1	1.7183	Viruses;Duplodnaviria;Heunggongvirae;Uroviricota;Caudoviricetes;;
k127_20959	576	No terminal repeats	NA	2	11	0.9240	NA	1	1.7183	Viruses;Duplodnaviria;Heunggongvirae;Uroviricota;Caudoviricetes;;
k127_222721	366	No terminal repeats	NA	1	11	0.9225	NA	1	1.7183	Viruses;Duplodnaviria;Heunggongvirae;Uroviricota;Caudoviricetes;;
k127_78933	498	No terminal repeats	NA	1	11	0.9210	NA	1	1.7183	Viruses;Duplodnaviria;Heunggongvirae;Uroviricota;Caudoviricetes;;
k127_157438	877	No terminal repeats	NA	1	11	0.9210	NA	1	1.7183	Viruses;Duplodnaviria;Heunggongvirae;Uroviricota;Caudoviricetes;;
k127_135641	621	No terminal repeats	NA	1	11	0.9205	NA	1	1.5968	Viruses;Duplodnaviria;Heunggongvirae;Uroviricota;Caudoviricetes;;
k127_254629	398	No terminal repeats	NA	1	11	0.9201	NA	1	1.4749	Viruses;Duplodnaviria;Heunggongvirae;Uroviricota;Caudoviricetes;;
k127_66207	303	No terminal repeats	NA	1	11	0.9184	NA	1	1.3050	Viruses;Duplodnaviria;Heunggongvirae;Uroviricota;Caudoviricetes;;
k127_343308	326	No terminal repeats	NA	1	11	0.9181	NA	1	1.5123	Viruses;Duplodnaviria;Heunggongvirae;Uroviricota;Caudoviricetes;;
k127_261863	428	No terminal repeats	NA	1	11	0.9174	NA	1	1.7183	Viruses;Duplodnaviria;Heunggongvirae;Uroviricota;Caudoviricetes;;
k127_201652	322	No terminal repeats	NA	1	11	0.9173	NA	1	1.7183	Viruses;Duplodnaviria;Heunggongvirae;Uroviricota;Caudoviricetes;;
k127_200227	436	No terminal repeats	NA	1	11	0.9150	NA	1	1.3121	Viruses;Duplodnaviria;Heunggongvirae;Uroviricota;Caudoviricetes;;
k127_409500	563	No terminal repeats	NA	1	11	0.9142	NA	1	1.7183	Viruses;Duplodnaviria;Heunggongvirae;Uroviricota;Caudoviricetes;;
k127_219570	703	No terminal repeats	NA	2	11	0.9135	NA	1	3.0620	Viruses;Duplodnaviria;Heunggongvirae;Uroviricota;Caudoviricetes;;Herelleviridae
k127_169874	561	No terminal repeats	NA	1	15	0.9096	NA	1	1.7183	Viruses;Varidnaviria;Bamfordvirae;Preplasmiviricota;Polintoviricetes;Orthopolintovirales;Adintoviridae
k127_18722	332	No terminal repeats	NA	1	11	0.9079	NA	1	1.7183	Viruses;Duplodnaviria;Heunggongvirae;Uroviricota;Caudoviricetes;;
k127_256774	1022	No terminal repeats	NA	1	11	0.9071	NA	1	1.7183	Viruses;Duplodnaviria;Heunggongvirae;Uroviricota;Caudoviricetes;;
k127_208083	402	No terminal repeats	NA	1	11	0.9059	NA	1	1.4698	Viruses;Duplodnaviria;Heunggongvirae;Uroviricota;Caudoviricetes;;
k127_73517	319	No terminal repeats	NA	1	11	0.9059	NA	1	1.4698	Viruses;Duplodnaviria;Heunggongvirae;Uroviricota;Caudoviricetes;;
k127_313577	321	No terminal repeats	NA	1	11	0.9045	NA	1	1.7183	Viruses;Duplodnaviria;Heunggongvirae;Uroviricota;Caudoviricetes;;
k127_429175	362	No terminal repeats	NA	1	11	0.9031	NA	1	1.7183	Viruses;Duplodnaviria;Heunggongvirae;Uroviricota;Caudoviricetes;;
k127_47633	567	No terminal repeats	NA	1	11	0.9004	NA	1	1.7183	Viruses;Duplodnaviria;Heunggongvirae;Uroviricota;Caudoviricetes;;
k127_327	1021	No terminal repeats	NA	2	11	0.9004	NA	2	2.8209	Viruses;Duplodnaviria;Heunggongvirae;Uroviricota;Caudoviricetes;;
k127_250421	676	No terminal repeats	NA	1	11	0.8990	NA	1	1.7183	Viruses;Duplodnaviria;Heunggongvirae;Uroviricota;Caudoviricetes;;
k127_34176	348	No terminal repeats	NA	1	11	0.8979	NA	1	1.7183	Viruses;Duplodnaviria;Heunggongvirae;Uroviricota;Caudoviricetes;;
k127_64721	499	No terminal repeats	NA	1	11	0.8975	NA	1	1.7183	Viruses;Duplodnaviria;Heunggongvirae;Uroviricota;Caudoviricetes;;
k127_111691	362	No terminal repeats	NA	1	11	0.8972	NA	1	1.7183	Viruses;Duplodnaviria;Heunggongvirae;Uroviricota;Caudoviricetes;;
k127_96565	596	No terminal repeats	NA	1	11	0.8962	NA	1	1.7183	Viruses;Duplodnaviria;Heunggongvirae;Uroviricota;Caudoviricetes;;
k127_69461	381	No terminal repeats	NA	1	11	0.8944	NA	1	1.7183	Viruses;Duplodnaviria;Heunggongvirae;Uroviricota;Caudoviricetes;;
k127_58607	334	No terminal repeats	NA	1	11	0.8930	NA	1	1.7161	Viruses;Duplodnaviria;Heunggongvirae;Uroviricota;Caudoviricetes;;
k127_214644	462	No terminal repeats	NA	1	11	0.8927	NA	1	1.7183	Viruses;Duplodnaviria;Heunggongvirae;Uroviricota;Caudoviricetes;;
k127_329069	413	No terminal repeats	NA	1	11	0.8927	NA	1	1.3198	Viruses;Duplodnaviria;Heunggongvirae;Uroviricota;Caudoviricetes;;
k127_273546	366	No terminal repeats	NA	1	11	0.8917	NA	1	1.4595	Viruses;Duplodnaviria;Heunggongvirae;Uroviricota;Caudoviricetes;;
k127_385150	571	No terminal repeats	NA	2	11	0.8914	NA	1	1.5715	Viruses;Duplodnaviria;Heunggongvirae;Uroviricota;Caudoviricetes;;
k127_259783	426	No terminal repeats	NA	1	11	0.8906	NA	1	1.4595	Viruses;Duplodnaviria;Heunggongvirae;Uroviricota;Caudoviricetes;;
k127_112857	694	No terminal repeats	NA	1	11	0.8901	NA	1	1.7183	Viruses;Duplodnaviria;Heunggongvirae;Uroviricota;Caudoviricetes;;
k127_289897	374	No terminal repeats	NA	1	15	0.8877	NA	1	1.5362	Viruses;Duplodnaviria;Heunggongvirae;Uroviricota;Caudoviricetes;;
k127_78151	508	No terminal repeats	NA	1	11	0.8872	NA	1	1.7159	Viruses;Duplodnaviria;Heunggongvirae;Uroviricota;Caudoviricetes;;
k127_371347	433	No terminal repeats	NA	1	11	0.8869	NA	1	1.3273	Viruses;Duplodnaviria;Heunggongvirae;Uroviricota;Caudoviricetes;;
k127_445672	777	No terminal repeats	NA	1	11	0.8863	NA	1	1.7183	Viruses;Duplodnaviria;Heunggongvirae;Uroviricota;Caudoviricetes;;
k127_223547	3036	No terminal repeats	NA	3	11	0.8845	NA	1	1.7183	Viruses;Duplodnaviria;Heunggongvirae;Uroviricota;Caudoviricetes;;
k127_197646	500	No terminal repeats	NA	1	11	0.8841	NA	1	1.2708	Viruses;Duplodnaviria;Heunggongvirae;Uroviricota;Caudoviricetes;;
k127_143141	605	No terminal repeats	NA	2	11	0.8830	NA	1	1.7183	Viruses;Duplodnaviria;Heunggongvirae;Uroviricota;Caudoviricetes;;
k127_4765	339	No terminal repeats	NA	1	11	0.8825	NA	1	1.7183	Viruses;Duplodnaviria;Heunggongvirae;Uroviricota;Caudoviricetes;;
k127_422915	375	No terminal repeats	NA	1	11	0.8816	NA	1	1.7183	Viruses;Duplodnaviria;Heunggongvirae;Uroviricota;Caudoviricetes;;
k127_2471	905	No terminal repeats	NA	2	11	0.8815	NA	1	1.4242	Viruses;Duplodnaviria;Heunggongvirae;Uroviricota;Caudoviricetes;;
k127_390714	321	No terminal repeats	NA	1	11	0.8790	NA	1	1.7161	Viruses;Duplodnaviria;Heunggongvirae;Uroviricota;Caudoviricetes;;
k127_190316	342	No terminal repeats	NA	1	11	0.8768	NA	1	1.1587	Viruses;Duplodnaviria;Heunggongvirae;Uroviricota;Caudoviricetes;;
k127_153224	974	No terminal repeats	NA	2	11	0.8763	NA	1	1.7183	Viruses;Duplodnaviria;Heunggongvirae;Uroviricota;Caudoviricetes;;
k127_441463	490	No terminal repeats	NA	1	11	0.8752	NA	1	1.7183	Viruses;Duplodnaviria;Heunggongvirae;Uroviricota;Caudoviricetes;;
k127_441432	502	No terminal repeats	NA	1	11	0.8750	NA	1	1.7159	Viruses;Duplodnaviria;Heunggongvirae;Uroviricota;Caudoviricetes;;
k127_29550	372	No terminal repeats	NA	1	11	0.8750	NA	1	1.7170	Viruses;Varidnaviria;Bamfordvirae;Preplasmiviricota;Maveriviricetes;Priklausovirales;Lavidaviridae
k127_411919	322	No terminal repeats	NA	1	11	0.8739	NA	1	1.3068	Viruses;Duplodnaviria;Heunggongvirae;Uroviricota;Caudoviricetes;;
k127_383495	475	No terminal repeats	NA	2	11	0.8737	NA	1	1.7183	Viruses;Duplodnaviria;Heunggongvirae;Uroviricota;Caudoviricetes;;
k127_243208	692	No terminal repeats	NA	1	11	0.8722	NA	1	1.7183	Viruses;Duplodnaviria;Heunggongvirae;Uroviricota;Caudoviricetes;;
k127_135411	773	No terminal repeats	NA	1	11	0.8716	NA	1	1.7183	Viruses;Duplodnaviria;Heunggongvirae;Uroviricota;Caudoviricetes;;
k127_217827	649	No terminal repeats	NA	1	11	0.8709	NA	1	1.7183	Viruses;Duplodnaviria;Heunggongvirae;Uroviricota;Caudoviricetes;;
k127_69199	367	No terminal repeats	NA	1	11	0.8683	NA	1	1.7183	Viruses;Duplodnaviria;Heunggongvirae;Uroviricota;Caudoviricetes;;
k127_357610	315	No terminal repeats	NA	1	11	0.8682	NA	1	1.7183	Viruses;Duplodnaviria;Heunggongvirae;Peploviricota;Herviviricetes;Herpesvirales;Herpesviridae
k127_405604	441	No terminal repeats	NA	1	11	0.8677	NA	1	1.2306	Viruses;Duplodnaviria;Heunggongvirae;Uroviricota;Caudoviricetes;;
k127_58424	507	No terminal repeats	NA	2	11	0.8671	NA	1	1.7183	Viruses;Duplodnaviria;Heunggongvirae;Uroviricota;Caudoviricetes;;
k127_163670	436	No terminal repeats	NA	1	11	0.8661	NA	1	1.7183	Viruses;Duplodnaviria;Heunggongvirae;Uroviricota;Caudoviricetes;;
k127_435404	492	No terminal repeats	NA	1	11	0.8658	NA	1	1.7183	Viruses;Duplodnaviria;Heunggongvirae;Uroviricota;Caudoviricetes;;Drexlerviridae
k127_71159	517	No terminal repeats	NA	1	11	0.8649	NA	1	1.7183	Viruses;Duplodnaviria;Heunggongvirae;Uroviricota;Caudoviricetes;;Drexlerviridae
k127_286667	400	No terminal repeats	NA	1	11	0.8646	NA	1	1.7161	Viruses;Duplodnaviria;Heunggongvirae;Uroviricota;Caudoviricetes;;
k127_443130	414	No terminal repeats	NA	1	11	0.8640	NA	1	1.2306	Viruses;Duplodnaviria;Heunggongvirae;Uroviricota;Caudoviricetes;;
k127_340859	1187	No terminal repeats	NA	1	11	0.8634	NA	1	1.7183	Viruses;Duplodnaviria;Heunggongvirae;Uroviricota;Caudoviricetes;;
k127_82296	471	No terminal repeats	NA	1	11	0.8624	NA	1	1.5060	Viruses;Duplodnaviria;Heunggongvirae;Uroviricota;Caudoviricetes;;
k127_275865	723	No terminal repeats	NA	2	11	0.8619	NA	1	1.7183	Viruses;Duplodnaviria;Heunggongvirae;Uroviricota;Caudoviricetes;;
k127_354151	900	No terminal repeats	NA	1	11	0.8618	NA	1	1.4749	Viruses;Duplodnaviria;Heunggongvirae;Uroviricota;Caudoviricetes;;
k127_385475	790	No terminal repeats	NA	2	11	0.8611	NA	1	1.7183	Viruses;Duplodnaviria;Heunggongvirae;Uroviricota;Caudoviricetes;;
k127_434532	301	No terminal repeats	NA	1	11	0.8596	NA	1	1.7161	Viruses;Duplodnaviria;Heunggongvirae;Uroviricota;Caudoviricetes;;
k127_355561	774	No terminal repeats	NA	2	11	0.8594	NA	1	1.3483	Unclassified
k127_91849	318	No terminal repeats	NA	1	11	0.8586	NA	1	1.2696	Viruses;Duplodnaviria;Heunggongvirae;Uroviricota;Caudoviricetes;;
k127_442190	305	No terminal repeats	NA	2	11	0.8580	NA	1	1.1496	Viruses;Duplodnaviria;Heunggongvirae;Uroviricota;Caudoviricetes;;
k127_193100	1091	No terminal repeats	NA	2	11	0.8566	NA	1	3.4130	Viruses;Duplodnaviria;Heunggongvirae;Uroviricota;Caudoviricetes;;
k127_136632	813	No terminal repeats	NA	1	11	0.8531	NA	1	1.1328	Viruses;Duplodnaviria;Heunggongvirae;Uroviricota;Caudoviricetes;;
k127_338097	446	No terminal repeats	NA	1	11	0.8531	NA	1	1.7183	Viruses;Duplodnaviria;Heunggongvirae;Uroviricota;Caudoviricetes;;
k127_93208	353	No terminal repeats	NA	1	11	0.8528	NA	1	1.4678	Unclassified
k127_315943	331	No terminal repeats	NA	1	11	0.8526	NA	1	1.0597	Unclassified
k127_199484	538	No terminal repeats	NA	1	11	0.8521	NA	1	1.7183	Viruses;Duplodnaviria;Heunggongvirae;Uroviricota;Caudoviricetes;;
k127_319680	500	No terminal repeats	NA	1	11	0.8512	NA	1	1.0036	Viruses;Duplodnaviria;Heunggongvirae;Uroviricota;Caudoviricetes;;
k127_118009	660	No terminal repeats	NA	1	11	0.8498	NA	1	1.4595	Viruses;Duplodnaviria;Heunggongvirae;Uroviricota;Caudoviricetes;;
k127_344456	932	No terminal repeats	NA	1	11	0.8495	NA	1	1.7183	Viruses;Duplodnaviria;Heunggongvirae;Uroviricota;Caudoviricetes;;
k127_382317	1975	No terminal repeats	NA	2	11	0.8494	NA	1	1.7082	Viruses;Duplodnaviria;Heunggongvirae;Uroviricota;Caudoviricetes;;
k127_228326	687	No terminal repeats	NA	1	11	0.8477	NA	1	1.7183	Viruses;Duplodnaviria;Heunggongvirae;Uroviricota;Caudoviricetes;;
k127_269938	330	No terminal repeats	NA	1	11	0.8469	NA	1	1.2475	Viruses;Duplodnaviria;Heunggongvirae;Uroviricota;Caudoviricetes;;Straboviridae
k127_238035	550	No terminal repeats	NA	1	11	0.8454	NA	1	1.7183	Viruses;Riboviria;Orthornavirae;Pisuviricota;Duplopiviricetes;Durnavirales;Partitiviridae
k127_44133	401	No terminal repeats	NA	1	11	0.8445	NA	1	1.3050	Viruses;Duplodnaviria;Heunggongvirae;Uroviricota;Caudoviricetes;;
k127_1810	1446	No terminal repeats	NA	3	11	0.8439	NA	1	1.7183	Viruses;Duplodnaviria;Heunggongvirae;Uroviricota;Caudoviricetes;;
k127_152075	677	No terminal repeats	NA	2	11	0.8438	NA	1	1.7161	Viruses;Duplodnaviria;Heunggongvirae;Uroviricota;Caudoviricetes;;
k127_163255	477	No terminal repeats	NA	1	11	0.8438	NA	1	1.4880	Viruses;Duplodnaviria;Heunggongvirae;Uroviricota;Caudoviricetes;;
k127_49675	422	No terminal repeats	NA	1	11	0.8430	NA	1	1.7183	Viruses;Duplodnaviria;Heunggongvirae;Uroviricota;Caudoviricetes;;
k127_360530	596	No terminal repeats	NA	1	11	0.8426	NA	1	1.1904	Viruses;Duplodnaviria;Heunggongvirae;Uroviricota;Caudoviricetes;;
k127_384818	886	No terminal repeats	NA	1	11	0.8425	NA	1	1.4176	Unclassified
k127_329412	848	No terminal repeats	NA	1	11	0.8418	NA	1	1.7183	Viruses;Duplodnaviria;Heunggongvirae;Uroviricota;Caudoviricetes;;
k127_19317	3677	No terminal repeats	NA	4	11	0.8418	NA	0	1.4239	Unclassified
k127_428543	304	No terminal repeats	NA	1	11	0.8397	NA	1	1.7183	Viruses;Duplodnaviria;Heunggongvirae;Uroviricota;Caudoviricetes;;
k127_326303	418	No terminal repeats	NA	2	11	0.8380	NA	1	1.7183	Unclassified
k127_19911	332	No terminal repeats	NA	1	11	0.8367	NA	1	1.3639	Viruses;Duplodnaviria;Heunggongvirae;Uroviricota;Caudoviricetes;;
k127_187976	356	No terminal repeats	NA	1	11	0.8361	NA	1	1.2449	Viruses;Duplodnaviria;Heunggongvirae;Uroviricota;Caudoviricetes;;
k127_224730	303	No terminal repeats	NA	1	11	0.8349	NA	1	1.6742	Viruses;Duplodnaviria;Heunggongvirae;Uroviricota;Caudoviricetes;;
k127_134121	347	No terminal repeats	NA	2	11	0.8338	NA	1	1.3598	Viruses;Duplodnaviria;Heunggongvirae;Uroviricota;Caudoviricetes;;
k127_134884	451	No terminal repeats	NA	1	11	0.8322	NA	1	1.7183	Viruses;Duplodnaviria;Heunggongvirae;Uroviricota;Caudoviricetes;;
k127_414836	310	No terminal repeats	NA	1	11	0.8320	NA	1	1.7089	Viruses;Duplodnaviria;Heunggongvirae;Uroviricota;Caudoviricetes;;
k127_162227	430	No terminal repeats	NA	1	11	0.8316	NA	1	1.7161	Viruses;Duplodnaviria;Heunggongvirae;Uroviricota;Caudoviricetes;;
k127_49304	389	No terminal repeats	NA	1	11	0.8305	NA	1	1.4698	Viruses;Duplodnaviria;Heunggongvirae;Uroviricota;Caudoviricetes;;
k127_444665	547	No terminal repeats	NA	1	11	0.8302	NA	1	1.7183	Viruses;Duplodnaviria;Heunggongvirae;Uroviricota;Caudoviricetes;;Drexlerviridae
k127_46080	458	No terminal repeats	NA	1	11	0.8302	NA	1	1.2277	Viruses;Duplodnaviria;Heunggongvirae;Uroviricota;Caudoviricetes;;
k127_23034	636	No terminal repeats	NA	1	11	0.8294	NA	1	1.7183	Viruses;Duplodnaviria;Heunggongvirae;Uroviricota;Caudoviricetes;;
k127_363053	589	No terminal repeats	NA	1	11	0.8289	NA	1	1.2108	Unclassified
k127_350913	551	No terminal repeats	NA	1	11	0.8287	NA	1	1.3121	Viruses;Duplodnaviria;Heunggongvirae;Uroviricota;Caudoviricetes;;
k127_246349	422	No terminal repeats	NA	1	11	0.8285	NA	1	1.2886	Viruses;Duplodnaviria;Heunggongvirae;Uroviricota;Caudoviricetes;;
k127_147086	811	No terminal repeats	NA	1	11	0.8279	NA	1	1.7183	Viruses;Duplodnaviria;Heunggongvirae;Uroviricota;Caudoviricetes;;
k127_233494	552	No terminal repeats	NA	1	11	0.8279	NA	1	1.7183	Viruses;Duplodnaviria;Heunggongvirae;Uroviricota;Caudoviricetes;;
k127_116756	477	No terminal repeats	NA	2	11	0.8266	NA	1	1.1262	Viruses;Duplodnaviria;Heunggongvirae;Uroviricota;Caudoviricetes;;
k127_196172	405	No terminal repeats	NA	1	11	0.8266	NA	1	1.3617	Viruses;Duplodnaviria;Heunggongvirae;Uroviricota;Caudoviricetes;;
k127_302172	350	No terminal repeats	NA	1	11	0.8263	NA	1	1.1215	Viruses;Duplodnaviria;Heunggongvirae;Uroviricota;Caudoviricetes;;
k127_382073	1064	No terminal repeats	NA	1	11	0.8242	NA	1	1.5385	Viruses;Duplodnaviria;Heunggongvirae;Uroviricota;Caudoviricetes;;
k127_218530	308	No terminal repeats	NA	1	11	0.8242	NA	1	0.9079	Viruses;Duplodnaviria;Heunggongvirae;Uroviricota;Caudoviricetes;;
k127_378171	360	No terminal repeats	NA	2	11	0.8240	NA	1	1.7023	Viruses;Duplodnaviria;Heunggongvirae;Uroviricota;Caudoviricetes;;
k127_429280	368	No terminal repeats	NA	1	11	0.8235	NA	1	0.9531	Viruses;Duplodnaviria;Heunggongvirae;Uroviricota;Caudoviricetes;;
k127_329578	344	No terminal repeats	NA	1	11	0.8231	NA	1	1.7157	Viruses;Duplodnaviria;Heunggongvirae;Uroviricota;Caudoviricetes;;
k127_185761	354	No terminal repeats	NA	1	11	0.8222	NA	1	1.4645	Viruses;Duplodnaviria;Heunggongvirae;Uroviricota;Caudoviricetes;;
k127_311713	359	No terminal repeats	NA	1	11	0.8213	NA	1	1.0089	Viruses;Duplodnaviria;Heunggongvirae;Uroviricota;Caudoviricetes;;
k127_235035	331	No terminal repeats	NA	2	11	0.8211	NA	1	1.7183	Viruses;Duplodnaviria;Heunggongvirae;Uroviricota;Caudoviricetes;;
k127_64486	710	No terminal repeats	NA	2	11	0.8210	NA	1	1.7183	Viruses;Duplodnaviria;Heunggongvirae;Uroviricota;Caudoviricetes;;
k127_449101	427	No terminal repeats	NA	2	11	0.8204	NA	1	1.7183	Viruses;Duplodnaviria;Heunggongvirae;Uroviricota;Caudoviricetes;;
k127_88584	479	No terminal repeats	NA	1	11	0.8181	NA	1	1.7183	Viruses;Duplodnaviria;Heunggongvirae;Uroviricota;Caudoviricetes;;
k127_43090	332	No terminal repeats	NA	1	11	0.8167	NA	1	1.2802	Viruses;Duplodnaviria;Heunggongvirae;Uroviricota;Caudoviricetes;;
k127_242797	717	No terminal repeats	NA	1	11	0.8165	NA	1	1.7183	Viruses;Duplodnaviria;Heunggongvirae;Uroviricota;Caudoviricetes;;
k127_54619	707	No terminal repeats	NA	2	11	0.8130	NA	1	3.1302	Viruses;Duplodnaviria;Heunggongvirae;Uroviricota;Caudoviricetes;;
k127_293833	443	No terminal repeats	NA	1	11	0.8120	NA	1	1.7183	Viruses;Duplodnaviria;Heunggongvirae;Uroviricota;Caudoviricetes;;
k127_130025	551	No terminal repeats	NA	1	11	0.8104	NA	1	1.2306	Viruses;Duplodnaviria;Heunggongvirae;Uroviricota;Caudoviricetes;;
k127_80234	432	No terminal repeats	NA	1	11	0.8100	NA	1	1.7183	Viruses;Duplodnaviria;Heunggongvirae;Uroviricota;Caudoviricetes;;
k127_211329	1150	No terminal repeats	NA	1	11	0.8087	NA	1	1.7183	Viruses;Duplodnaviria;Heunggongvirae;Uroviricota;Caudoviricetes;;
k127_66013	685	No terminal repeats	NA	1	11	0.8076	NA	1	1.2306	Viruses;Duplodnaviria;Heunggongvirae;Uroviricota;Caudoviricetes;;
k127_377918	1226	No terminal repeats	NA	4	11	0.8072	NA	1	1.5231	Viruses;Duplodnaviria;Heunggongvirae;Uroviricota;Caudoviricetes;;
k127_48966	422	No terminal repeats	NA	1	11	0.8059	NA	1	1.7169	Viruses;Duplodnaviria;Heunggongvirae;Uroviricota;Caudoviricetes;;
k127_250129	524	No terminal repeats	NA	1	11	0.8042	NA	1	1.3608	Viruses;Duplodnaviria;Heunggongvirae;Uroviricota;Caudoviricetes;;Straboviridae
k127_329613	391	No terminal repeats	NA	1	11	0.7996	NA	1	1.2306	Viruses;Duplodnaviria;Heunggongvirae;Uroviricota;Caudoviricetes;;
k127_85713	353	No terminal repeats	NA	1	11	0.7977	NA	1	1.2509	Viruses;Duplodnaviria;Heunggongvirae;Uroviricota;Caudoviricetes;;
k127_309445	398	No terminal repeats	NA	1	11	0.7974	NA	1	1.1904	Viruses;Duplodnaviria;Heunggongvirae;Uroviricota;Caudoviricetes;;
k127_295526	599	No terminal repeats	NA	1	11	0.7967	NA	1	1.7183	Viruses;Duplodnaviria;Heunggongvirae;Uroviricota;Caudoviricetes;;
k127_216943	979	No terminal repeats	NA	2	11	0.7932	NA	1	1.7161	Viruses;Duplodnaviria;Heunggongvirae;Uroviricota;Caudoviricetes;;
k127_247404	390	No terminal repeats	NA	1	11	0.7926	NA	1	1.7183	Viruses;Duplodnaviria;Heunggongvirae;Uroviricota;Caudoviricetes;;
k127_115964	378	No terminal repeats	NA	1	11	0.7892	NA	1	1.7183	Viruses;Duplodnaviria;Heunggongvirae;Uroviricota;Caudoviricetes;;
k127_268338	797	No terminal repeats	NA	1	11	0.7885	NA	1	1.7183	Viruses;Duplodnaviria;Heunggongvirae;Uroviricota;Caudoviricetes;;
k127_26850	2546	No terminal repeats	NA	1	11	0.7866	NA	0	0.0000	Unclassified
k127_41709	317	No terminal repeats	NA	2	11	0.7853	NA	1	1.4944	Viruses;Duplodnaviria;Heunggongvirae;Uroviricota;Caudoviricetes;;
k127_115118	410	No terminal repeats	NA	1	11	0.7800	NA	1	1.2449	Viruses;Duplodnaviria;Heunggongvirae;Uroviricota;Caudoviricetes;;
k127_145660	609	No terminal repeats	NA	1	11	0.7797	NA	1	1.6886	Viruses;Duplodnaviria;Heunggongvirae;Uroviricota;Caudoviricetes;;
k127_318939	318	No terminal repeats	NA	1	11	0.7748	NA	1	1.3878	Viruses;Duplodnaviria;Heunggongvirae;Uroviricota;Caudoviricetes;;
k127_42342	461	No terminal repeats	NA	1	11	0.7712	NA	1	1.7166	Unclassified
k127_367835	581	No terminal repeats	NA	1	11	0.7695	NA	1	1.3483	Unclassified
k127_435343	544	No terminal repeats	NA	2	11	0.7662	NA	1	1.7183	Viruses;Duplodnaviria;Heunggongvirae;Uroviricota;Caudoviricetes;;
k127_359074	363	No terminal repeats	NA	1	11	0.7628	NA	1	1.7169	Viruses;Duplodnaviria;Heunggongvirae;Uroviricota;Caudoviricetes;;
k127_157148	423	No terminal repeats	NA	1	11	0.7582	NA	1	1.5484	Viruses;Duplodnaviria;Heunggongvirae;Uroviricota;Caudoviricetes;;
k127_47426	743	No terminal repeats	NA	1	11	0.7555	NA	1	1.7183	Viruses;Duplodnaviria;Heunggongvirae;Uroviricota;Caudoviricetes;;
k127_466	436	No terminal repeats	NA	1	11	0.7518	NA	1	1.3996	Viruses;Duplodnaviria;Heunggongvirae;Uroviricota;Caudoviricetes;;
k127_330843	1123	No terminal repeats	NA	4	11	0.7498	NA	1	1.7183	Viruses;Varidnaviria;Bamfordvirae;Preplasmiviricota;Polintoviricetes;Orthopolintovirales;Adintoviridae
k127_222162	367	No terminal repeats	NA	2	11	0.7472	NA	1	1.6947	Viruses;Duplodnaviria;Heunggongvirae;Uroviricota;Caudoviricetes;;
k127_313937	836	No terminal repeats	NA	2	11	0.7464	NA	1	1.7165	Viruses;Duplodnaviria;Heunggongvirae;Uroviricota;Caudoviricetes;;
k127_288399	574	No terminal repeats	NA	1	11	0.7398	NA	1	1.7161	Viruses;Duplodnaviria;Heunggongvirae;Uroviricota;Caudoviricetes;;
k127_128964	305	No terminal repeats	NA	1	11	0.7378	NA	1	1.5594	Viruses;Duplodnaviria;Heunggongvirae;Uroviricota;Caudoviricetes;;
k127_403213	418	No terminal repeats	NA	1	11	0.7344	NA	1	1.4446	Viruses;Duplodnaviria;Heunggongvirae;Uroviricota;Caudoviricetes;;
k127_250362	330	No terminal repeats	NA	1	11	0.7342	NA	1	1.4501	Viruses;Duplodnaviria;Heunggongvirae;Uroviricota;Caudoviricetes;;
k127_360640	2115	No terminal repeats	NA	2	11	0.7322	NA	1	1.7183	Viruses;Riboviria;Orthornavirae;Pisuviricota;Duplopiviricetes;Durnavirales;Partitiviridae
k127_29908	315	No terminal repeats	NA	1	11	0.7308	NA	1	1.4211	Viruses;Duplodnaviria;Heunggongvirae;Uroviricota;Caudoviricetes;;
k127_29650	387	No terminal repeats	NA	2	11	0.7303	NA	1	1.3562	Viruses;Duplodnaviria;Heunggongvirae;Uroviricota;Caudoviricetes;;
k127_191184	371	No terminal repeats	NA	1	11	0.7297	NA	1	1.2752	Viruses;Duplodnaviria;Heunggongvirae;Uroviricota;Caudoviricetes;;
k127_392315	424	No terminal repeats	NA	1	11	0.7288	NA	1	1.2632	Viruses;Duplodnaviria;Heunggongvirae;Uroviricota;Caudoviricetes;;
k127_38911	623	No terminal repeats	NA	1	11	0.7278	NA	1	1.2306	Viruses;Duplodnaviria;Heunggongvirae;Uroviricota;Caudoviricetes;;
k127_80619	432	No terminal repeats	NA	1	11	0.7249	NA	1	1.2449	Viruses;Duplodnaviria;Heunggongvirae;Uroviricota;Caudoviricetes;;
k127_71315	1112	No terminal repeats	NA	1	11	0.7245	NA	1	1.7183	Viruses;Riboviria;Orthornavirae;Pisuviricota;Duplopiviricetes;Durnavirales;Partitiviridae
k127_210002	1052	No terminal repeats	NA	1	11	0.7198	NA	1	1.7183	Unclassified
k127_339696	335	No terminal repeats	NA	1	11	0.7190	NA	1	1.6734	Viruses;Duplodnaviria;Heunggongvirae;Uroviricota;Caudoviricetes;;
k127_25088	1401	No terminal repeats	NA	3	11	0.7178	NA	1	1.3311	Viruses;Duplodnaviria;Heunggongvirae;Uroviricota;Caudoviricetes;;
k127_191569	392	No terminal repeats	NA	1	11	0.7162	NA	1	1.2465	Viruses;Duplodnaviria;Heunggongvirae;Uroviricota;Caudoviricetes;;
k127_77878	455	No terminal repeats	NA	1	11	0.7132	NA	1	1.2916	Viruses;Duplodnaviria;Heunggongvirae;Uroviricota;Caudoviricetes;;
k127_401450	1250	No terminal repeats	NA	2	11	0.7124	NA	1	1.7183	Viruses;Duplodnaviria;Heunggongvirae;Uroviricota;Caudoviricetes;;
k127_377715	341	No terminal repeats	NA	1	11	0.7111	NA	1	1.4501	Viruses;Duplodnaviria;Heunggongvirae;Uroviricota;Caudoviricetes;;
k127_90115	513	No terminal repeats	NA	2	11	0.7110	NA	1	1.7183	Viruses;Duplodnaviria;Heunggongvirae;Uroviricota;Caudoviricetes;;
k127_422042	2539	No terminal repeats	NA	4	11	0.7100	NA	0	1.4891	Viruses;Duplodnaviria;Heunggongvirae;Uroviricota;Caudoviricetes;;
k127_129147	404	No terminal repeats	NA	1	11	0.7046	NA	1	1.3884	Viruses;Duplodnaviria;Heunggongvirae;Uroviricota;Caudoviricetes;;
k127_231832	306	No terminal repeats	NA	1	11	0.7017	NA	1	1.3345	Viruses;Duplodnaviria;Heunggongvirae;Uroviricota;Caudoviricetes;;
k127_44283	592	No terminal repeats	NA	1	11	0.7010	NA	1	1.1038	Viruses;Duplodnaviria;Heunggongvirae;Uroviricota;Caudoviricetes;;
k127_89544	306	No terminal repeats	NA	1	11	0.7005	NA	1	1.7177	Unclassified
