seq_name	length	topology	coordinates	n_genes	genetic_code	virus_score	fdr	n_hallmarks	marker_enrichment	taxonomy
k127_61349	1753	No terminal repeats	NA	3	15	0.9817	NA	2	5.1548	Viruses;Monodnaviria;Sangervirae;Phixviricota;Malgrandaviricetes;Petitvirales;Microviridae
k127_699528	1731	No terminal repeats	NA	6	11	0.9802	NA	1	6.8731	Viruses;Monodnaviria;Sangervirae;Phixviricota;Malgrandaviricetes;Petitvirales;Microviridae
k127_346653	354	No terminal repeats	NA	1	11	0.9668	NA	1	1.7183	Viruses;Duplodnaviria;Heunggongvirae;Uroviricota;Caudoviricetes;;
k127_573586	328	No terminal repeats	NA	1	11	0.9652	NA	1	1.4595	Viruses;Duplodnaviria;Heunggongvirae;Uroviricota;Caudoviricetes;;
k127_15437	514	No terminal repeats	NA	1	11	0.9645	NA	1	1.7183	Viruses;Duplodnaviria;Heunggongvirae;Uroviricota;Caudoviricetes;;
k127_399812	524	No terminal repeats	NA	1	11	0.9606	NA	1	1.7183	Viruses;Duplodnaviria;Heunggongvirae;Uroviricota;Caudoviricetes;;
k127_204139	469	No terminal repeats	NA	1	11	0.9573	NA	1	1.7183	Viruses;Duplodnaviria;Heunggongvirae;Uroviricota;Caudoviricetes;;
k127_569538	3685	No terminal repeats	NA	6	11	0.9558	NA	2	6.5246	Viruses;Duplodnaviria;Heunggongvirae;Uroviricota;Caudoviricetes;;
k127_85736	380	No terminal repeats	NA	1	11	0.9550	NA	1	1.7183	Viruses;Duplodnaviria;Heunggongvirae;Uroviricota;Caudoviricetes;;
k127_219916	385	No terminal repeats	NA	1	11	0.9535	NA	1	1.7183	Viruses;Duplodnaviria;Heunggongvirae;Uroviricota;Caudoviricetes;;
k127_16853	375	No terminal repeats	NA	1	11	0.9535	NA	1	1.7183	Viruses;Riboviria;Orthornavirae;Kitrinoviricota;Flasuviricetes;Amarillovirales;Flaviviridae
k127_726734	620	No terminal repeats	NA	1	11	0.9488	NA	1	1.7183	Viruses;Duplodnaviria;Heunggongvirae;Uroviricota;Caudoviricetes;;
k127_311728	316	No terminal repeats	NA	1	11	0.9480	NA	1	1.7183	Viruses;Duplodnaviria;Heunggongvirae;Uroviricota;Caudoviricetes;;
k127_565054	381	No terminal repeats	NA	1	11	0.9477	NA	1	1.7183	Viruses;Duplodnaviria;Heunggongvirae;Uroviricota;Caudoviricetes;;
k127_417222	443	No terminal repeats	NA	1	11	0.9473	NA	1	1.7183	Viruses;Duplodnaviria;Heunggongvirae;Uroviricota;Caudoviricetes;;
k127_735718	452	No terminal repeats	NA	1	11	0.9468	NA	1	1.7183	Viruses;Duplodnaviria;Heunggongvirae;Uroviricota;Caudoviricetes;;
k127_149601	330	No terminal repeats	NA	1	11	0.9464	NA	1	1.7183	Viruses;Duplodnaviria;Heunggongvirae;Uroviricota;Caudoviricetes;;
k127_300253	334	No terminal repeats	NA	1	11	0.9458	NA	1	1.7183	Viruses;Duplodnaviria;Heunggongvirae;Uroviricota;Caudoviricetes;;
k127_210379	312	No terminal repeats	NA	1	11	0.9454	NA	1	1.7183	Viruses;Duplodnaviria;Heunggongvirae;Uroviricota;Caudoviricetes;;
k127_110135	377	No terminal repeats	NA	1	11	0.9442	NA	1	1.7183	Viruses;Duplodnaviria;Heunggongvirae;Uroviricota;Caudoviricetes;;
k127_328209	420	No terminal repeats	NA	1	11	0.9438	NA	1	1.7183	Viruses;Duplodnaviria;Heunggongvirae;Uroviricota;Caudoviricetes;;
k127_666317	370	No terminal repeats	NA	1	11	0.9437	NA	1	1.7183	Viruses;Duplodnaviria;Heunggongvirae;Uroviricota;Caudoviricetes;;
k127_330614	486	No terminal repeats	NA	3	11	0.9413	NA	1	2.9520	Viruses;Duplodnaviria;Heunggongvirae;Uroviricota;Caudoviricetes;;
k127_604693	450	No terminal repeats	NA	1	11	0.9406	NA	1	1.7183	Viruses;Duplodnaviria;Heunggongvirae;Uroviricota;Caudoviricetes;;
k127_526336	356	No terminal repeats	NA	1	11	0.9405	NA	1	1.4698	Viruses;Duplodnaviria;Heunggongvirae;Uroviricota;Caudoviricetes;;
k127_300114	436	No terminal repeats	NA	1	11	0.9402	NA	1	1.7183	Viruses;Duplodnaviria;Heunggongvirae;Uroviricota;Caudoviricetes;;
k127_525206	410	No terminal repeats	NA	1	11	0.9388	NA	1	1.7183	Viruses;Duplodnaviria;Heunggongvirae;Uroviricota;Caudoviricetes;;
k127_717259	408	No terminal repeats	NA	1	11	0.9388	NA	1	1.7183	Viruses;Duplodnaviria;Heunggongvirae;Uroviricota;Caudoviricetes;;
k127_539955	320	No terminal repeats	NA	1	11	0.9379	NA	1	1.7183	Unclassified
k127_604250	496	No terminal repeats	NA	1	11	0.9370	NA	1	1.4595	Viruses;Duplodnaviria;Heunggongvirae;Uroviricota;Caudoviricetes;;
k127_301135	318	No terminal repeats	NA	1	11	0.9368	NA	1	1.3916	Viruses;Duplodnaviria;Heunggongvirae;Uroviricota;Caudoviricetes;;
k127_427179	385	No terminal repeats	NA	1	11	0.9365	NA	1	1.7183	Viruses;Duplodnaviria;Heunggongvirae;Uroviricota;Caudoviricetes;;
k127_91892	332	No terminal repeats	NA	1	11	0.9365	NA	1	1.7183	Viruses;Duplodnaviria;Heunggongvirae;Uroviricota;Caudoviricetes;;
k127_13745	532	No terminal repeats	NA	1	11	0.9362	NA	1	1.7183	Viruses;Duplodnaviria;Heunggongvirae;Uroviricota;Caudoviricetes;;
k127_567982	416	No terminal repeats	NA	1	11	0.9357	NA	1	1.7183	Viruses;Duplodnaviria;Heunggongvirae;Uroviricota;Caudoviricetes;;
k127_628137	336	No terminal repeats	NA	1	11	0.9356	NA	1	1.7183	Unclassified
k127_507588	337	No terminal repeats	NA	1	11	0.9356	NA	1	1.7183	Viruses;Duplodnaviria;Heunggongvirae;Uroviricota;Caudoviricetes;;
k127_522083	304	No terminal repeats	NA	1	11	0.9348	NA	1	1.7183	Unclassified
k127_671559	333	No terminal repeats	NA	1	11	0.9342	NA	1	1.5240	Viruses;Duplodnaviria;Heunggongvirae;Uroviricota;Caudoviricetes;;
k127_311729	352	No terminal repeats	NA	1	11	0.9332	NA	1	1.7183	Viruses;Duplodnaviria;Heunggongvirae;Uroviricota;Caudoviricetes;;
k127_121703	403	No terminal repeats	NA	1	11	0.9332	NA	1	1.7183	Unclassified
k127_428326	361	No terminal repeats	NA	1	11	0.9330	NA	1	1.7183	Viruses;Duplodnaviria;Heunggongvirae;Uroviricota;Caudoviricetes;;
k127_631886	369	No terminal repeats	NA	1	15	0.9330	NA	1	1.7183	Viruses;Duplodnaviria;Heunggongvirae;Uroviricota;Caudoviricetes;;
k127_99991	378	No terminal repeats	NA	1	11	0.9322	NA	1	1.3823	Viruses;Duplodnaviria;Heunggongvirae;Uroviricota;Caudoviricetes;;
k127_584953	3552	No terminal repeats	NA	6	11	0.9319	NA	4	7.8505	Viruses;Duplodnaviria;Heunggongvirae;Uroviricota;Caudoviricetes;;
k127_571271	584	No terminal repeats	NA	1	11	0.9308	NA	1	1.7183	Viruses;Duplodnaviria;Heunggongvirae;Uroviricota;Caudoviricetes;;
k127_214919	357	No terminal repeats	NA	1	11	0.9293	NA	1	1.7183	Viruses;Duplodnaviria;Heunggongvirae;Uroviricota;Caudoviricetes;;
k127_318687	409	No terminal repeats	NA	1	11	0.9288	NA	1	1.7183	Viruses;Duplodnaviria;Heunggongvirae;Uroviricota;Caudoviricetes;;
k127_640554	514	No terminal repeats	NA	1	11	0.9283	NA	1	1.7183	Viruses;Riboviria;Orthornavirae;Pisuviricota;Duplopiviricetes;Durnavirales;Partitiviridae
k127_408612	403	No terminal repeats	NA	1	11	0.9280	NA	1	1.7183	Viruses;Duplodnaviria;Heunggongvirae;Uroviricota;Caudoviricetes;;
k127_244457	632	No terminal repeats	NA	1	11	0.9274	NA	1	1.7183	Viruses;Duplodnaviria;Heunggongvirae;Uroviricota;Caudoviricetes;;
k127_392523	315	No terminal repeats	NA	1	11	0.9273	NA	1	1.7183	Viruses;Duplodnaviria;Heunggongvirae;Uroviricota;Caudoviricetes;;
k127_656002	572	No terminal repeats	NA	1	11	0.9263	NA	1	1.6317	Viruses;Duplodnaviria;Heunggongvirae;Uroviricota;Caudoviricetes;;
k127_651120	687	No terminal repeats	NA	1	11	0.9260	NA	1	1.7183	Viruses;Duplodnaviria;Heunggongvirae;Uroviricota;Caudoviricetes;;
k127_236677	789	No terminal repeats	NA	1	11	0.9248	NA	1	1.7183	Viruses;Duplodnaviria;Heunggongvirae;Uroviricota;Caudoviricetes;;
k127_223933	320	No terminal repeats	NA	1	11	0.9248	NA	1	1.7183	Viruses;Duplodnaviria;Heunggongvirae;Uroviricota;Caudoviricetes;;
k127_415880	394	No terminal repeats	NA	1	11	0.9248	NA	1	1.7183	Viruses;Duplodnaviria;Heunggongvirae;Uroviricota;Caudoviricetes;;
k127_274971	336	No terminal repeats	NA	1	11	0.9234	NA	1	1.7161	Viruses;Duplodnaviria;Heunggongvirae;Uroviricota;Caudoviricetes;;
k127_313894	431	No terminal repeats	NA	1	11	0.9231	NA	1	1.7183	Viruses;Duplodnaviria;Heunggongvirae;Uroviricota;Caudoviricetes;;Drexlerviridae
k127_132567	397	No terminal repeats	NA	1	11	0.9229	NA	1	1.7183	Viruses;Duplodnaviria;Heunggongvirae;Uroviricota;Caudoviricetes;;
k127_219079	598	No terminal repeats	NA	1	11	0.9227	NA	1	1.7183	Viruses;Duplodnaviria;Heunggongvirae;Uroviricota;Caudoviricetes;;
k127_162628	471	No terminal repeats	NA	1	11	0.9227	NA	1	1.7183	Viruses;Duplodnaviria;Heunggongvirae;Uroviricota;Caudoviricetes;;
k127_105980	454	No terminal repeats	NA	1	11	0.9217	NA	1	1.7183	Viruses;Duplodnaviria;Heunggongvirae;Uroviricota;Caudoviricetes;;
k127_535874	336	No terminal repeats	NA	1	11	0.9213	NA	1	1.7183	Viruses;Duplodnaviria;Heunggongvirae;Uroviricota;Caudoviricetes;;
k127_78095	349	No terminal repeats	NA	1	11	0.9204	NA	1	1.7183	Unclassified
k127_27919	363	No terminal repeats	NA	1	11	0.9203	NA	1	1.7183	Viruses;Duplodnaviria;Heunggongvirae;Uroviricota;Caudoviricetes;;
k127_606843	471	No terminal repeats	NA	1	11	0.9195	NA	1	1.7183	Viruses;Duplodnaviria;Heunggongvirae;Uroviricota;Caudoviricetes;;
k127_671421	520	No terminal repeats	NA	1	11	0.9185	NA	1	1.7183	Viruses;Duplodnaviria;Heunggongvirae;Uroviricota;Caudoviricetes;;
k127_710075	1032	No terminal repeats	NA	1	11	0.9183	NA	1	1.5062	Viruses;Duplodnaviria;Heunggongvirae;Uroviricota;Caudoviricetes;;
k127_561479	547	No terminal repeats	NA	1	11	0.9180	NA	1	1.7183	Viruses;Duplodnaviria;Heunggongvirae;Uroviricota;Caudoviricetes;;
k127_643492	386	No terminal repeats	NA	1	11	0.9179	NA	1	1.1209	Viruses;Duplodnaviria;Heunggongvirae;Uroviricota;Caudoviricetes;;
k127_114090	519	No terminal repeats	NA	1	11	0.9178	NA	1	1.7183	Viruses;Duplodnaviria;Heunggongvirae;Uroviricota;Caudoviricetes;;
k127_628864	636	No terminal repeats	NA	1	11	0.9176	NA	1	1.7183	Viruses;Duplodnaviria;Heunggongvirae;Uroviricota;Caudoviricetes;;
k127_489614	427	No terminal repeats	NA	1	11	0.9173	NA	1	1.7183	Viruses;Duplodnaviria;Heunggongvirae;Uroviricota;Caudoviricetes;;
k127_336984	308	No terminal repeats	NA	1	11	0.9172	NA	1	1.3050	Viruses;Duplodnaviria;Heunggongvirae;Uroviricota;Caudoviricetes;;
k127_295168	1962	No terminal repeats	NA	3	11	0.9168	NA	1	4.7590	Viruses;Duplodnaviria;Heunggongvirae;Uroviricota;Caudoviricetes;;
k127_631539	675	No terminal repeats	NA	1	11	0.9164	NA	1	1.7183	Viruses;Duplodnaviria;Heunggongvirae;Uroviricota;Caudoviricetes;;
k127_470968	385	No terminal repeats	NA	1	11	0.9162	NA	1	1.7183	Viruses;Duplodnaviria;Heunggongvirae;Uroviricota;Caudoviricetes;;
k127_232777	524	No terminal repeats	NA	2	11	0.9140	NA	1	1.7183	Viruses;Duplodnaviria;Heunggongvirae;Uroviricota;Caudoviricetes;;
k127_63159	1195	No terminal repeats	NA	2	11	0.9126	NA	2	2.4853	Viruses;Duplodnaviria;Heunggongvirae;Uroviricota;Caudoviricetes;;
k127_314399	668	No terminal repeats	NA	1	11	0.9125	NA	1	1.7183	Viruses;Duplodnaviria;Heunggongvirae;Uroviricota;Caudoviricetes;;
k127_736503	315	No terminal repeats	NA	1	11	0.9116	NA	1	1.7183	Viruses;Duplodnaviria;Heunggongvirae;Uroviricota;Caudoviricetes;;
k127_619326	391	No terminal repeats	NA	1	11	0.9114	NA	1	1.7183	Viruses;Duplodnaviria;Heunggongvirae;Uroviricota;Caudoviricetes;;
k127_173029	532	No terminal repeats	NA	1	11	0.9114	NA	1	1.4749	Viruses;Duplodnaviria;Heunggongvirae;Uroviricota;Caudoviricetes;;
k127_114300	673	No terminal repeats	NA	1	11	0.9106	NA	1	1.7183	Viruses;Duplodnaviria;Heunggongvirae;Uroviricota;Caudoviricetes;;
k127_193247	395	No terminal repeats	NA	1	11	0.9097	NA	1	1.7183	Unclassified
k127_617391	579	No terminal repeats	NA	1	11	0.9097	NA	1	1.0344	Viruses;Duplodnaviria;Heunggongvirae;Uroviricota;Caudoviricetes;;
k127_56778	335	No terminal repeats	NA	1	11	0.9095	NA	1	1.7183	Viruses;Duplodnaviria;Heunggongvirae;Uroviricota;Caudoviricetes;;
k127_387107	348	No terminal repeats	NA	1	11	0.9092	NA	1	1.7183	Viruses;Duplodnaviria;Heunggongvirae;Uroviricota;Caudoviricetes;;
k127_539320	564	No terminal repeats	NA	1	11	0.9091	NA	1	1.4595	Viruses;Duplodnaviria;Heunggongvirae;Uroviricota;Caudoviricetes;;
k127_218431	303	No terminal repeats	NA	1	11	0.9080	NA	1	1.7183	Viruses;Duplodnaviria;Heunggongvirae;Uroviricota;Caudoviricetes;;
k127_62427	441	No terminal repeats	NA	1	11	0.9079	NA	1	1.7183	Viruses;Duplodnaviria;Heunggongvirae;Uroviricota;Caudoviricetes;;
k127_681083	316	No terminal repeats	NA	1	11	0.9078	NA	1	1.7161	Viruses;Duplodnaviria;Heunggongvirae;Uroviricota;Caudoviricetes;;
k127_516924	663	No terminal repeats	NA	1	11	0.9076	NA	1	1.7183	Viruses;Duplodnaviria;Heunggongvirae;Uroviricota;Caudoviricetes;;
k127_368976	550	No terminal repeats	NA	1	11	0.9067	NA	1	1.7183	Viruses;Duplodnaviria;Heunggongvirae;Uroviricota;Caudoviricetes;;Drexlerviridae
k127_638084	640	No terminal repeats	NA	1	11	0.9063	NA	1	1.7183	Viruses;Riboviria;Orthornavirae;Pisuviricota;Duplopiviricetes;Durnavirales;Partitiviridae
k127_530689	489	No terminal repeats	NA	1	11	0.9060	NA	1	1.7183	Viruses;Duplodnaviria;Heunggongvirae;Uroviricota;Caudoviricetes;;
k127_526467	798	No terminal repeats	NA	1	11	0.9060	NA	1	1.7183	Viruses;Duplodnaviria;Heunggongvirae;Uroviricota;Caudoviricetes;;
k127_682419	327	No terminal repeats	NA	1	11	0.9045	NA	1	1.7183	Viruses;Duplodnaviria;Heunggongvirae;Uroviricota;Caudoviricetes;;
k127_613041	322	No terminal repeats	NA	1	11	0.9043	NA	1	1.3050	Viruses;Duplodnaviria;Heunggongvirae;Uroviricota;Caudoviricetes;;
k127_310912	341	No terminal repeats	NA	1	11	0.9042	NA	1	1.7183	Viruses;Duplodnaviria;Heunggongvirae;Peploviricota;Herviviricetes;Herpesvirales;Herpesviridae
k127_52042	751	No terminal repeats	NA	1	11	0.9039	NA	1	1.1904	Viruses;Duplodnaviria;Heunggongvirae;Uroviricota;Caudoviricetes;;
k127_728597	497	No terminal repeats	NA	1	11	0.9037	NA	1	1.7183	Viruses;Duplodnaviria;Heunggongvirae;Uroviricota;Caudoviricetes;;
k127_538974	367	No terminal repeats	NA	1	11	0.9028	NA	1	1.7159	Viruses;Duplodnaviria;Heunggongvirae;Uroviricota;Caudoviricetes;;
k127_612509	439	No terminal repeats	NA	1	11	0.9017	NA	1	1.7183	Viruses;Duplodnaviria;Heunggongvirae;Uroviricota;Caudoviricetes;;
k127_214023	463	No terminal repeats	NA	1	11	0.9017	NA	1	1.7183	Viruses;Duplodnaviria;Heunggongvirae;Uroviricota;Caudoviricetes;;
k127_141599	566	No terminal repeats	NA	1	11	0.8989	NA	1	1.7183	Viruses;Duplodnaviria;Heunggongvirae;Uroviricota;Caudoviricetes;;
k127_377389	409	No terminal repeats	NA	1	11	0.8987	NA	1	1.4749	Viruses;Duplodnaviria;Heunggongvirae;Uroviricota;Caudoviricetes;;
k127_98688	994	No terminal repeats	NA	4	11	0.8986	NA	1	3.4366	Viruses;Duplodnaviria;Heunggongvirae;Uroviricota;Caudoviricetes;;
k127_372052	455	No terminal repeats	NA	1	11	0.8978	NA	1	1.7183	Viruses;Duplodnaviria;Heunggongvirae;Uroviricota;Caudoviricetes;;
k127_225179	618	No terminal repeats	NA	1	11	0.8958	NA	1	1.7183	Viruses;Duplodnaviria;Heunggongvirae;Uroviricota;Caudoviricetes;;
k127_78298	400	No terminal repeats	NA	1	11	0.8944	NA	1	1.7183	Viruses;Duplodnaviria;Heunggongvirae;Uroviricota;Caudoviricetes;;Drexlerviridae
k127_464505	480	No terminal repeats	NA	1	11	0.8933	NA	1	1.3050	Viruses;Duplodnaviria;Heunggongvirae;Uroviricota;Caudoviricetes;;
k127_37903	322	No terminal repeats	NA	1	11	0.8929	NA	1	1.7183	Viruses;Duplodnaviria;Heunggongvirae;Uroviricota;Caudoviricetes;;
k127_274610	5297	No terminal repeats	NA	4	11	0.8927	NA	0	1.7183	Viruses;Duplodnaviria;Heunggongvirae;Uroviricota;Caudoviricetes;;Autographiviridae
k127_727762	322	No terminal repeats	NA	1	11	0.8927	NA	1	1.7161	Viruses;Duplodnaviria;Heunggongvirae;Uroviricota;Caudoviricetes;;
k127_199897	336	No terminal repeats	NA	1	11	0.8924	NA	1	1.2507	Viruses;Duplodnaviria;Heunggongvirae;Uroviricota;Caudoviricetes;;
k127_166724	523	No terminal repeats	NA	1	11	0.8920	NA	1	1.7183	Viruses;Duplodnaviria;Heunggongvirae;Uroviricota;Caudoviricetes;;
k127_571026	659	No terminal repeats	NA	1	11	0.8920	NA	1	1.7183	Viruses;Duplodnaviria;Heunggongvirae;Uroviricota;Caudoviricetes;;
k127_89548	410	No terminal repeats	NA	1	11	0.8906	NA	1	1.7183	Viruses;Duplodnaviria;Heunggongvirae;Uroviricota;Caudoviricetes;;
k127_508334	444	No terminal repeats	NA	1	11	0.8899	NA	1	1.4000	Viruses;Duplodnaviria;Heunggongvirae;Uroviricota;Caudoviricetes;;
k127_630234	332	No terminal repeats	NA	1	11	0.8899	NA	1	1.4880	Viruses;Duplodnaviria;Heunggongvirae;Uroviricota;Caudoviricetes;;
k127_208801	514	No terminal repeats	NA	1	11	0.8888	NA	1	1.7183	Viruses;Duplodnaviria;Heunggongvirae;Uroviricota;Caudoviricetes;;
k127_235971	1955	No terminal repeats	NA	1	11	0.8888	NA	1	1.7183	Viruses;Duplodnaviria;Heunggongvirae;Uroviricota;Caudoviricetes;;
k127_745465	873	No terminal repeats	NA	1	11	0.8886	NA	1	1.7183	Viruses;Duplodnaviria;Heunggongvirae;Uroviricota;Caudoviricetes;;Kyanoviridae
k127_602471	365	No terminal repeats	NA	1	11	0.8870	NA	1	1.3617	Viruses;Duplodnaviria;Heunggongvirae;Uroviricota;Caudoviricetes;;
k127_751592	518	No terminal repeats	NA	1	11	0.8867	NA	1	1.7183	Viruses;Duplodnaviria;Heunggongvirae;Uroviricota;Caudoviricetes;;
k127_412791	310	No terminal repeats	NA	1	11	0.8866	NA	1	1.0036	Viruses;Duplodnaviria;Heunggongvirae;Uroviricota;Caudoviricetes;;
k127_63141	452	No terminal repeats	NA	1	11	0.8865	NA	1	1.4764	Viruses;Duplodnaviria;Heunggongvirae;Uroviricota;Caudoviricetes;;
k127_95756	534	No terminal repeats	NA	2	11	0.8858	NA	1	1.7183	Viruses;Duplodnaviria;Heunggongvirae;Uroviricota;Caudoviricetes;;
k127_58311	387	No terminal repeats	NA	1	11	0.8851	NA	1	1.7183	Viruses;Duplodnaviria;Heunggongvirae;Uroviricota;Caudoviricetes;;
k127_508236	1177	No terminal repeats	NA	2	11	0.8846	NA	1	2.8173	Viruses;Duplodnaviria;Heunggongvirae;Uroviricota;Caudoviricetes;;Drexlerviridae
k127_141592	630	No terminal repeats	NA	1	11	0.8835	NA	1	1.7183	Viruses;Duplodnaviria;Heunggongvirae;Uroviricota;Caudoviricetes;;
k127_227203	538	No terminal repeats	NA	1	11	0.8834	NA	1	1.7183	Viruses;Duplodnaviria;Heunggongvirae;Uroviricota;Caudoviricetes;;
k127_404615	329	No terminal repeats	NA	1	11	0.8830	NA	1	1.7160	Unclassified
k127_758135	1037	No terminal repeats	NA	1	11	0.8822	NA	1	1.7183	Viruses;Duplodnaviria;Heunggongvirae;Uroviricota;Caudoviricetes;;
k127_659340	440	No terminal repeats	NA	1	11	0.8821	NA	1	1.7183	Viruses;Duplodnaviria;Heunggongvirae;Uroviricota;Caudoviricetes;;
k127_4373	652	No terminal repeats	NA	1	11	0.8820	NA	1	1.2306	Viruses;Duplodnaviria;Heunggongvirae;Uroviricota;Caudoviricetes;;
k127_256133	2078	No terminal repeats	NA	4	11	0.8819	NA	1	3.1803	Viruses;Duplodnaviria;Heunggongvirae;Uroviricota;Caudoviricetes;;
k127_261121	748	No terminal repeats	NA	1	11	0.8814	NA	1	1.7183	Viruses;Duplodnaviria;Heunggongvirae;Uroviricota;Caudoviricetes;;
k127_463192	426	No terminal repeats	NA	1	11	0.8810	NA	1	1.2126	Viruses;Duplodnaviria;Heunggongvirae;Uroviricota;Caudoviricetes;;
k127_101843	1015	No terminal repeats	NA	1	11	0.8804	NA	1	1.7183	Viruses;Duplodnaviria;Heunggongvirae;Uroviricota;Caudoviricetes;;
k127_195082	781	No terminal repeats	NA	1	11	0.8799	NA	1	1.7183	Unclassified
k127_30960	2971	No terminal repeats	NA	6	11	0.8755	NA	1	5.0115	Viruses;Duplodnaviria;Heunggongvirae;Uroviricota;Caudoviricetes;;
k127_4061	363	No terminal repeats	NA	1	11	0.8733	NA	1	1.0569	Viruses;Duplodnaviria;Heunggongvirae;Uroviricota;Caudoviricetes;;
k127_263237	388	No terminal repeats	NA	1	11	0.8731	NA	1	1.7183	Viruses;Duplodnaviria;Heunggongvirae;Uroviricota;Caudoviricetes;;
k127_675356	390	No terminal repeats	NA	1	11	0.8728	NA	1	1.7183	Viruses;Duplodnaviria;Heunggongvirae;Uroviricota;Caudoviricetes;;Drexlerviridae
k127_284954	644	No terminal repeats	NA	1	11	0.8723	NA	1	1.7183	Viruses;Duplodnaviria;Heunggongvirae;Uroviricota;Caudoviricetes;;
k127_515520	578	No terminal repeats	NA	1	11	0.8708	NA	1	1.7183	Viruses;Duplodnaviria;Heunggongvirae;Uroviricota;Caudoviricetes;;
k127_292351	502	No terminal repeats	NA	1	11	0.8704	NA	1	1.0656	Viruses;Duplodnaviria;Heunggongvirae;Uroviricota;Caudoviricetes;;
k127_224318	617	No terminal repeats	NA	1	11	0.8703	NA	1	1.1904	Viruses;Duplodnaviria;Heunggongvirae;Uroviricota;Caudoviricetes;;
k127_165242	464	No terminal repeats	NA	1	11	0.8703	NA	1	1.7183	Viruses;Duplodnaviria;Heunggongvirae;Uroviricota;Caudoviricetes;;
k127_529310	667	No terminal repeats	NA	1	11	0.8689	NA	1	1.7183	Viruses;Duplodnaviria;Heunggongvirae;Uroviricota;Caudoviricetes;;
k127_208811	416	No terminal repeats	NA	1	11	0.8684	NA	1	1.7183	Viruses;Duplodnaviria;Heunggongvirae;Uroviricota;Caudoviricetes;;
k127_35186	520	No terminal repeats	NA	2	11	0.8684	NA	1	3.2127	Viruses;Duplodnaviria;Heunggongvirae;Uroviricota;Caudoviricetes;;
k127_313748	595	No terminal repeats	NA	1	11	0.8684	NA	1	1.7183	Viruses;Duplodnaviria;Heunggongvirae;Uroviricota;Caudoviricetes;;Drexlerviridae
k127_392418	585	No terminal repeats	NA	1	11	0.8673	NA	1	1.7183	Viruses;Duplodnaviria;Heunggongvirae;Uroviricota;Caudoviricetes;;
k127_239354	602	No terminal repeats	NA	2	11	0.8659	NA	1	1.7183	Viruses;Duplodnaviria;Heunggongvirae;Uroviricota;Caudoviricetes;;
k127_97562	538	No terminal repeats	NA	1	11	0.8656	NA	1	1.7183	Viruses;Duplodnaviria;Heunggongvirae;Uroviricota;Caudoviricetes;;Drexlerviridae
k127_654696	875	No terminal repeats	NA	1	11	0.8643	NA	1	1.4749	Viruses;Duplodnaviria;Heunggongvirae;Uroviricota;Caudoviricetes;;
k127_488197	422	No terminal repeats	NA	1	11	0.8637	NA	1	1.7183	Viruses;Duplodnaviria;Heunggongvirae;Uroviricota;Caudoviricetes;;
k127_639773	947	No terminal repeats	NA	2	11	0.8629	NA	1	3.1051	Viruses;Duplodnaviria;Heunggongvirae;Uroviricota;Caudoviricetes;;
k127_27509	834	No terminal repeats	NA	1	11	0.8627	NA	1	1.7183	Viruses;Duplodnaviria;Heunggongvirae;Uroviricota;Caudoviricetes;;
k127_672249	675	No terminal repeats	NA	1	11	0.8622	NA	1	1.7183	Viruses;Duplodnaviria;Heunggongvirae;Uroviricota;Caudoviricetes;;
k127_131008	1090	No terminal repeats	NA	1	11	0.8621	NA	1	1.4698	Viruses;Duplodnaviria;Heunggongvirae;Uroviricota;Caudoviricetes;;
k127_172411	323	No terminal repeats	NA	1	11	0.8610	NA	1	1.0784	Viruses;Duplodnaviria;Heunggongvirae;Uroviricota;Caudoviricetes;;
k127_419461	767	No terminal repeats	NA	2	11	0.8609	NA	1	1.7183	Viruses;Duplodnaviria;Heunggongvirae;Uroviricota;Caudoviricetes;;
k127_700889	583	No terminal repeats	NA	1	11	0.8606	NA	1	1.2306	Viruses;Duplodnaviria;Heunggongvirae;Uroviricota;Caudoviricetes;;
k127_230155	455	No terminal repeats	NA	2	11	0.8602	NA	1	1.6774	Viruses;Duplodnaviria;Heunggongvirae;Uroviricota;Caudoviricetes;;
k127_341975	488	No terminal repeats	NA	1	11	0.8601	NA	1	1.4764	Viruses;Duplodnaviria;Heunggongvirae;Uroviricota;Caudoviricetes;;
k127_99437	5241	No terminal repeats	NA	9	11	0.8596	NA	2	11.2073	Viruses;Duplodnaviria;Heunggongvirae;Uroviricota;Caudoviricetes;;
k127_157183	468	No terminal repeats	NA	1	11	0.8594	NA	1	1.7183	Viruses;Duplodnaviria;Heunggongvirae;Uroviricota;Caudoviricetes;;
k127_716162	578	No terminal repeats	NA	1	11	0.8584	NA	1	1.7183	Viruses;Duplodnaviria;Heunggongvirae;Uroviricota;Caudoviricetes;;
k127_699583	585	No terminal repeats	NA	1	11	0.8581	NA	1	1.7183	Viruses;Duplodnaviria;Heunggongvirae;Uroviricota;Caudoviricetes;;
k127_131434	709	No terminal repeats	NA	1	11	0.8573	NA	1	1.7183	Viruses;Riboviria;Orthornavirae;Pisuviricota;Duplopiviricetes;Durnavirales;Partitiviridae
k127_437780	532	No terminal repeats	NA	1	11	0.8568	NA	1	1.7183	Viruses;Duplodnaviria;Heunggongvirae;Uroviricota;Caudoviricetes;;
k127_1403	559	No terminal repeats	NA	1	11	0.8568	NA	1	1.2847	Viruses;Duplodnaviria;Heunggongvirae;Uroviricota;Caudoviricetes;;
k127_429171	993	No terminal repeats	NA	1	11	0.8563	NA	1	1.7183	Viruses;Duplodnaviria;Heunggongvirae;Uroviricota;Caudoviricetes;;
k127_705337	745	No terminal repeats	NA	3	11	0.8563	NA	2	3.0631	Viruses;Duplodnaviria;Heunggongvirae;Uroviricota;Caudoviricetes;;
k127_297645	640	No terminal repeats	NA	1	11	0.8548	NA	1	1.7183	Viruses;Duplodnaviria;Heunggongvirae;Uroviricota;Caudoviricetes;;
k127_504218	485	No terminal repeats	NA	1	11	0.8513	NA	1	1.7183	Viruses;Duplodnaviria;Heunggongvirae;Uroviricota;Caudoviricetes;;
k127_302865	317	No terminal repeats	NA	1	11	0.8513	NA	1	1.0816	Viruses;Duplodnaviria;Heunggongvirae;Uroviricota;Caudoviricetes;;
k127_227155	302	No terminal repeats	NA	1	11	0.8505	NA	1	1.0320	Viruses;Duplodnaviria;Heunggongvirae;Uroviricota;Caudoviricetes;;
k127_332545	488	No terminal repeats	NA	1	11	0.8504	NA	1	1.7183	Viruses;Duplodnaviria;Heunggongvirae;Uroviricota;Caudoviricetes;;
k127_670991	603	No terminal repeats	NA	1	11	0.8496	NA	1	1.3550	Viruses;Duplodnaviria;Heunggongvirae;Uroviricota;Caudoviricetes;;
k127_621498	350	No terminal repeats	NA	1	11	0.8486	NA	1	1.7183	Viruses;Duplodnaviria;Heunggongvirae;Uroviricota;Caudoviricetes;;
k127_49826	935	No terminal repeats	NA	1	11	0.8479	NA	1	1.2306	Viruses;Duplodnaviria;Heunggongvirae;Uroviricota;Caudoviricetes;;
k127_334225	539	No terminal repeats	NA	1	11	0.8472	NA	1	1.2306	Viruses;Duplodnaviria;Heunggongvirae;Uroviricota;Caudoviricetes;;
k127_415217	792	No terminal repeats	NA	1	11	0.8470	NA	1	1.7183	Viruses;Duplodnaviria;Heunggongvirae;Uroviricota;Caudoviricetes;;
k127_264594	2694	No terminal repeats	NA	4	11	0.8457	NA	0	1.3049	Viruses;Duplodnaviria;Heunggongvirae;Uroviricota;Caudoviricetes;;
k127_189963	453	No terminal repeats	NA	1	11	0.8439	NA	1	1.1904	Viruses;Duplodnaviria;Heunggongvirae;Uroviricota;Caudoviricetes;;
k127_417119	419	No terminal repeats	NA	1	11	0.8437	NA	1	1.0597	Unclassified
k127_173977	495	No terminal repeats	NA	1	11	0.8417	NA	1	1.7183	Viruses;Duplodnaviria;Heunggongvirae;Uroviricota;Caudoviricetes;;
k127_742107	683	No terminal repeats	NA	1	11	0.8414	NA	1	1.7183	Viruses;Duplodnaviria;Heunggongvirae;Uroviricota;Caudoviricetes;;
k127_77424	323	No terminal repeats	NA	2	11	0.8406	NA	1	1.0851	Viruses;Duplodnaviria;Heunggongvirae;Uroviricota;Caudoviricetes;;
k127_80941	313	No terminal repeats	NA	1	11	0.8393	NA	1	1.3966	Viruses;Duplodnaviria;Heunggongvirae;Uroviricota;Caudoviricetes;;
k127_757551	544	No terminal repeats	NA	1	11	0.8392	NA	1	1.4749	Viruses;Duplodnaviria;Heunggongvirae;Uroviricota;Caudoviricetes;;
k127_655821	411	No terminal repeats	NA	2	11	0.8383	NA	1	1.7183	Viruses;Duplodnaviria;Heunggongvirae;Uroviricota;Caudoviricetes;;
k127_576140	586	No terminal repeats	NA	1	11	0.8378	NA	1	1.1530	Viruses;Duplodnaviria;Heunggongvirae;Uroviricota;Caudoviricetes;;
k127_718620	783	No terminal repeats	NA	1	11	0.8370	NA	1	1.7183	Viruses;Duplodnaviria;Heunggongvirae;Uroviricota;Caudoviricetes;;
k127_477495	3340	No terminal repeats	NA	1	11	0.8361	NA	0	1.7183	Viruses;Duplodnaviria;Heunggongvirae;Uroviricota;Caudoviricetes;;
k127_484655	569	No terminal repeats	NA	1	11	0.8358	NA	1	1.7183	Viruses;Duplodnaviria;Heunggongvirae;Uroviricota;Caudoviricetes;;
k127_476244	1034	No terminal repeats	NA	3	11	0.8350	NA	1	4.4437	Viruses;Duplodnaviria;Heunggongvirae;Uroviricota;Caudoviricetes;;
k127_365834	553	No terminal repeats	NA	2	11	0.8349	NA	1	1.6030	Viruses;Duplodnaviria;Heunggongvirae;Uroviricota;Caudoviricetes;;
k127_219480	1293	No terminal repeats	NA	1	11	0.8345	NA	1	1.7183	Viruses;Riboviria;Orthornavirae;Pisuviricota;Duplopiviricetes;Durnavirales;Partitiviridae
k127_638416	2502	No terminal repeats	NA	5	11	0.8333	NA	2	6.2310	Viruses;Duplodnaviria;Heunggongvirae;Uroviricota;Caudoviricetes;;
k127_457806	462	No terminal repeats	NA	1	11	0.8331	NA	1	1.7183	Viruses;Riboviria;Orthornavirae;;;;
k127_553580	646	No terminal repeats	NA	1	11	0.8329	NA	1	1.7183	Viruses;Duplodnaviria;Heunggongvirae;Uroviricota;Caudoviricetes;;
k127_721477	493	No terminal repeats	NA	1	11	0.8297	NA	1	1.5290	Viruses;Duplodnaviria;Heunggongvirae;Uroviricota;Caudoviricetes;;
k127_37292	695	No terminal repeats	NA	2	11	0.8283	NA	1	1.7183	Viruses;Duplodnaviria;Heunggongvirae;Uroviricota;Caudoviricetes;;
k127_109325	1000	No terminal repeats	NA	2	11	0.8275	NA	1	1.7183	Viruses;Duplodnaviria;Heunggongvirae;Uroviricota;Caudoviricetes;;
k127_510686	453	No terminal repeats	NA	1	11	0.8258	NA	1	1.7183	Viruses;Duplodnaviria;Heunggongvirae;Uroviricota;Caudoviricetes;;
k127_503424	709	No terminal repeats	NA	1	11	0.8252	NA	1	1.7183	Viruses;Duplodnaviria;Heunggongvirae;Uroviricota;Caudoviricetes;;
k127_340331	414	No terminal repeats	NA	1	11	0.8250	NA	1	1.7183	Viruses;Duplodnaviria;Heunggongvirae;Uroviricota;Caudoviricetes;;
k127_18097	1165	No terminal repeats	NA	1	11	0.8201	NA	1	1.7183	Viruses;Riboviria;Orthornavirae;Pisuviricota;Duplopiviricetes;Durnavirales;Partitiviridae
k127_518909	955	No terminal repeats	NA	2	11	0.8193	NA	1	1.7183	Viruses;Duplodnaviria;Heunggongvirae;Uroviricota;Caudoviricetes;;
k127_273050	1094	No terminal repeats	NA	1	11	0.8190	NA	1	1.7183	Viruses;Riboviria;Orthornavirae;Pisuviricota;Duplopiviricetes;Durnavirales;Partitiviridae
k127_102696	1306	No terminal repeats	NA	1	11	0.8186	NA	1	1.7183	Viruses;Duplodnaviria;Heunggongvirae;Uroviricota;Caudoviricetes;;
k127_400950	364	No terminal repeats	NA	1	11	0.8180	NA	1	0.9531	Viruses;Duplodnaviria;Heunggongvirae;Uroviricota;Caudoviricetes;;
k127_444732	668	No terminal repeats	NA	1	11	0.8179	NA	1	1.4433	Viruses;Duplodnaviria;Heunggongvirae;Uroviricota;Caudoviricetes;;
k127_149123	322	No terminal repeats	NA	1	11	0.8178	NA	1	1.3358	Viruses;Duplodnaviria;Heunggongvirae;Uroviricota;Caudoviricetes;;
k127_604843	1158	No terminal repeats	NA	2	11	0.8174	NA	1	1.7183	Viruses;Duplodnaviria;Heunggongvirae;Uroviricota;Caudoviricetes;;
k127_518180	472	No terminal repeats	NA	1	11	0.8173	NA	1	1.3550	Viruses;Duplodnaviria;Heunggongvirae;Uroviricota;Caudoviricetes;;
k127_335816	472	No terminal repeats	NA	1	11	0.8139	NA	1	1.4352	Viruses;Duplodnaviria;Heunggongvirae;Uroviricota;Caudoviricetes;;
k127_749046	738	No terminal repeats	NA	1	11	0.8139	NA	1	1.7183	Viruses;Duplodnaviria;Heunggongvirae;Uroviricota;Caudoviricetes;;
k127_761849	841	DTR	NA	1	11	0.8130	NA	1	1.3483	Unclassified
k127_372951	391	No terminal repeats	NA	1	11	0.8123	NA	1	1.7183	Viruses;Duplodnaviria;Heunggongvirae;Uroviricota;Caudoviricetes;;
k127_58138	345	No terminal repeats	NA	1	11	0.8118	NA	1	1.2086	Viruses;Duplodnaviria;Heunggongvirae;Uroviricota;Caudoviricetes;;
k127_404459	333	No terminal repeats	NA	1	11	0.8115	NA	1	1.6280	Viruses;Duplodnaviria;Heunggongvirae;Uroviricota;Caudoviricetes;;
k127_87255	1530	No terminal repeats	NA	1	11	0.8113	NA	1	1.7183	Viruses;Duplodnaviria;Heunggongvirae;Uroviricota;Caudoviricetes;;
k127_173918	538	No terminal repeats	NA	1	11	0.8109	NA	1	1.3550	Viruses;Duplodnaviria;Heunggongvirae;Uroviricota;Caudoviricetes;;
k127_498562	499	No terminal repeats	NA	2	11	0.8101	NA	1	1.7183	Viruses;Duplodnaviria;Heunggongvirae;Uroviricota;Caudoviricetes;;
k127_429691	460	No terminal repeats	NA	1	11	0.8097	NA	1	1.1904	Viruses;Duplodnaviria;Heunggongvirae;Uroviricota;Caudoviricetes;;
k127_75262	925	No terminal repeats	NA	1	11	0.8096	NA	1	1.7183	Viruses;Duplodnaviria;Heunggongvirae;Uroviricota;Caudoviricetes;;
k127_669951	782	No terminal repeats	NA	1	11	0.8092	NA	1	1.7183	Viruses;Duplodnaviria;Heunggongvirae;Uroviricota;Caudoviricetes;;
k127_506137	840	No terminal repeats	NA	1	11	0.8086	NA	1	1.7183	Viruses;Duplodnaviria;Heunggongvirae;Uroviricota;Caudoviricetes;;
k127_538940	363	No terminal repeats	NA	1	11	0.8082	NA	1	1.2609	Viruses;Duplodnaviria;Heunggongvirae;Uroviricota;Caudoviricetes;;
k127_510468	2043	No terminal repeats	NA	2	11	0.8072	NA	1	1.7183	Viruses;Riboviria;Orthornavirae;Pisuviricota;Duplopiviricetes;Durnavirales;Partitiviridae
k127_716633	317	No terminal repeats	NA	1	11	0.8059	NA	1	1.2167	Viruses;Duplodnaviria;Heunggongvirae;Uroviricota;Caudoviricetes;;
k127_110596	610	No terminal repeats	NA	2	11	0.8046	NA	1	1.7173	Viruses;Duplodnaviria;Heunggongvirae;Uroviricota;Caudoviricetes;;
k127_605849	1236	No terminal repeats	NA	3	11	0.8046	NA	1	2.9037	Viruses;Duplodnaviria;Heunggongvirae;Uroviricota;Caudoviricetes;;
k127_595990	374	No terminal repeats	NA	1	11	0.8033	NA	1	1.2695	Viruses;Duplodnaviria;Heunggongvirae;Uroviricota;Caudoviricetes;;
k127_135370	591	No terminal repeats	NA	1	11	0.8032	NA	1	1.3608	Viruses;Duplodnaviria;Heunggongvirae;Uroviricota;Caudoviricetes;;Straboviridae
k127_610752	769	No terminal repeats	NA	1	11	0.8013	NA	1	1.1530	Viruses;Duplodnaviria;Heunggongvirae;Uroviricota;Caudoviricetes;;
k127_114642	421	No terminal repeats	NA	2	11	0.7987	NA	1	1.1215	Viruses;Duplodnaviria;Heunggongvirae;Uroviricota;Caudoviricetes;;
k127_220716	1361	No terminal repeats	NA	2	11	0.7984	NA	1	1.7183	Viruses;Duplodnaviria;Heunggongvirae;Uroviricota;Caudoviricetes;;
k127_424508	1251	No terminal repeats	NA	1	11	0.7965	NA	1	1.7183	Viruses;Riboviria;Orthornavirae;Pisuviricota;Duplopiviricetes;Durnavirales;Partitiviridae
k127_494921	442	No terminal repeats	NA	1	11	0.7961	NA	1	1.6721	Unclassified
k127_99916	1092	No terminal repeats	NA	1	11	0.7960	NA	1	1.7183	Viruses;Duplodnaviria;Heunggongvirae;Uroviricota;Caudoviricetes;;
k127_194120	834	No terminal repeats	NA	1	11	0.7952	NA	1	1.7183	Viruses;Duplodnaviria;Heunggongvirae;Uroviricota;Caudoviricetes;;
k127_669059	421	No terminal repeats	NA	1	11	0.7944	NA	1	1.3483	Unclassified
k127_738320	2018	No terminal repeats	NA	1	11	0.7932	NA	1	1.7183	Viruses;Duplodnaviria;Heunggongvirae;Uroviricota;Caudoviricetes;;
k127_298259	557	No terminal repeats	NA	2	11	0.7916	NA	1	1.1262	Viruses;Duplodnaviria;Heunggongvirae;Uroviricota;Caudoviricetes;;
k127_434041	308	No terminal repeats	NA	1	11	0.7907	NA	1	1.5379	Viruses;Duplodnaviria;Heunggongvirae;Uroviricota;Caudoviricetes;;
k127_323996	560	No terminal repeats	NA	1	11	0.7905	NA	1	1.7183	Viruses;Duplodnaviria;Heunggongvirae;Uroviricota;Caudoviricetes;;
k127_135634	1216	No terminal repeats	NA	1	11	0.7893	NA	1	1.7183	Viruses;Duplodnaviria;Heunggongvirae;Uroviricota;Caudoviricetes;;
k127_133927	376	No terminal repeats	NA	2	11	0.7892	NA	1	1.7183	Viruses;Duplodnaviria;Heunggongvirae;Uroviricota;Caudoviricetes;;
k127_29853	1091	No terminal repeats	NA	1	11	0.7891	NA	1	1.7183	Viruses;Riboviria;Orthornavirae;Pisuviricota;Duplopiviricetes;Durnavirales;Partitiviridae
k127_577760	365	No terminal repeats	NA	1	11	0.7878	NA	1	1.3562	Viruses;Duplodnaviria;Heunggongvirae;Uroviricota;Caudoviricetes;;
k127_284820	719	No terminal repeats	NA	1	11	0.7864	NA	1	1.7183	Viruses;Duplodnaviria;Heunggongvirae;Uroviricota;Caudoviricetes;;
k127_13758	437	No terminal repeats	NA	1	11	0.7853	NA	1	1.0851	Viruses;Duplodnaviria;Heunggongvirae;Uroviricota;Caudoviricetes;;
k127_10349	423	No terminal repeats	NA	1	11	0.7824	NA	1	1.7183	Viruses;Duplodnaviria;Heunggongvirae;Uroviricota;Caudoviricetes;;
k127_556993	594	No terminal repeats	NA	1	11	0.7820	NA	1	1.6407	Viruses;Duplodnaviria;Heunggongvirae;Uroviricota;Caudoviricetes;;
k127_693547	725	No terminal repeats	NA	1	11	0.7819	NA	1	1.6936	Viruses;Duplodnaviria;Heunggongvirae;Uroviricota;Caudoviricetes;;
k127_447423	760	No terminal repeats	NA	2	11	0.7802	NA	1	1.7183	Viruses;Duplodnaviria;Heunggongvirae;Uroviricota;Caudoviricetes;;
k127_92271	1244	No terminal repeats	NA	1	11	0.7790	NA	1	1.7183	Viruses;Duplodnaviria;Heunggongvirae;Uroviricota;Caudoviricetes;;
k127_224618	2588	No terminal repeats	NA	2	11	0.7785	NA	0	1.7183	Viruses;Duplodnaviria;Heunggongvirae;Uroviricota;Caudoviricetes;;
k127_187806	669	No terminal repeats	NA	1	11	0.7776	NA	1	1.7183	Viruses;Duplodnaviria;Heunggongvirae;Uroviricota;Caudoviricetes;;
k127_113653	948	No terminal repeats	NA	1	11	0.7759	NA	1	1.7183	Viruses;Duplodnaviria;Heunggongvirae;Uroviricota;Caudoviricetes;;
k127_404144	916	No terminal repeats	NA	1	11	0.7758	NA	1	1.1904	Viruses;Duplodnaviria;Heunggongvirae;Uroviricota;Caudoviricetes;;
k127_522669	583	No terminal repeats	NA	1	11	0.7740	NA	1	1.1904	Viruses;Duplodnaviria;Heunggongvirae;Uroviricota;Caudoviricetes;;
k127_543977	1363	No terminal repeats	NA	1	11	0.7737	NA	1	1.7183	Viruses;Duplodnaviria;Heunggongvirae;Uroviricota;Caudoviricetes;;
k127_403401	1265	No terminal repeats	NA	1	11	0.7720	NA	1	1.7183	Viruses;Riboviria;Orthornavirae;Pisuviricota;Duplopiviricetes;Durnavirales;Partitiviridae
k127_436268	2337	No terminal repeats	NA	1	11	0.7709	NA	1	1.7183	Unclassified
k127_386298	796	No terminal repeats	NA	2	11	0.7699	NA	1	1.7183	Viruses;Duplodnaviria;Heunggongvirae;Uroviricota;Caudoviricetes;;
k127_82114	447	No terminal repeats	NA	2	11	0.7699	NA	1	1.0851	Viruses;Duplodnaviria;Heunggongvirae;Uroviricota;Caudoviricetes;;
k127_278247	769	No terminal repeats	NA	1	11	0.7694	NA	1	1.7183	Viruses;Duplodnaviria;Heunggongvirae;Uroviricota;Caudoviricetes;;
k127_125999	608	No terminal repeats	NA	1	11	0.7678	NA	1	1.1904	Viruses;Duplodnaviria;Heunggongvirae;Uroviricota;Caudoviricetes;;
k127_276467	986	No terminal repeats	NA	1	11	0.7671	NA	1	1.7183	Viruses;Duplodnaviria;Heunggongvirae;Uroviricota;Caudoviricetes;;
k127_327409	550	No terminal repeats	NA	1	11	0.7662	NA	1	1.6491	Unclassified
k127_64219	747	No terminal repeats	NA	2	11	0.7644	NA	1	1.7183	Viruses;Duplodnaviria;Heunggongvirae;Uroviricota;Caudoviricetes;;
k127_482024	1967	No terminal repeats	NA	3	11	0.7640	NA	2	2.9190	Viruses;Duplodnaviria;Heunggongvirae;Uroviricota;Caudoviricetes;;
k127_57592	474	No terminal repeats	NA	1	11	0.7636	NA	1	1.1904	Viruses;Duplodnaviria;Heunggongvirae;Uroviricota;Caudoviricetes;;
k127_58118	382	No terminal repeats	NA	1	11	0.7629	NA	1	1.3074	Viruses;Duplodnaviria;Heunggongvirae;Uroviricota;Caudoviricetes;;
k127_383679	680	No terminal repeats	NA	2	11	0.7604	NA	1	1.7165	Viruses;Duplodnaviria;Heunggongvirae;Uroviricota;Caudoviricetes;;
k127_450716	2623	No terminal repeats	NA	4	11	0.7599	NA	0	4.8308	Viruses;Duplodnaviria;Heunggongvirae;Uroviricota;Caudoviricetes;;
k127_375453	754	No terminal repeats	NA	2	11	0.7588	NA	1	1.4880	Viruses;Duplodnaviria;Heunggongvirae;Uroviricota;Caudoviricetes;;
k127_150320	1053	No terminal repeats	NA	1	11	0.7583	NA	1	1.7183	Viruses;Duplodnaviria;Heunggongvirae;Uroviricota;Caudoviricetes;;
k127_194876	716	No terminal repeats	NA	1	11	0.7554	NA	1	1.7183	Viruses;Duplodnaviria;Heunggongvirae;Uroviricota;Caudoviricetes;;
k127_634960	318	No terminal repeats	NA	2	11	0.7550	NA	1	1.0851	Viruses;Duplodnaviria;Heunggongvirae;Uroviricota;Caudoviricetes;;
k127_71527	356	No terminal repeats	NA	1	11	0.7529	NA	1	1.0089	Viruses;Duplodnaviria;Heunggongvirae;Uroviricota;Caudoviricetes;;
k127_139273	371	No terminal repeats	NA	1	11	0.7526	NA	1	1.6972	Viruses;Duplodnaviria;Heunggongvirae;Uroviricota;Caudoviricetes;;
k127_449694	909	No terminal repeats	NA	1	11	0.7518	NA	1	1.7183	Viruses;Duplodnaviria;Heunggongvirae;Uroviricota;Caudoviricetes;;
k127_248483	632	No terminal repeats	NA	1	11	0.7515	NA	1	1.7183	Viruses;Duplodnaviria;Heunggongvirae;Uroviricota;Caudoviricetes;;
k127_484175	467	No terminal repeats	NA	1	11	0.7514	NA	1	1.3608	Viruses;Duplodnaviria;Heunggongvirae;Uroviricota;Caudoviricetes;;Straboviridae
k127_446695	369	No terminal repeats	NA	1	11	0.7509	NA	1	1.3878	Viruses;Duplodnaviria;Heunggongvirae;Uroviricota;Caudoviricetes;;
k127_323038	1169	No terminal repeats	NA	2	11	0.7498	NA	1	1.7183	Viruses;Duplodnaviria;Heunggongvirae;Uroviricota;Caudoviricetes;;
k127_517307	504	No terminal repeats	NA	1	11	0.7498	NA	1	0.9221	Viruses;Duplodnaviria;Heunggongvirae;Uroviricota;Caudoviricetes;;Straboviridae
k127_151592	604	No terminal repeats	NA	1	11	0.7480	NA	1	1.0756	Viruses;Duplodnaviria;Heunggongvirae;Uroviricota;Caudoviricetes;;
k127_477465	904	No terminal repeats	NA	1	11	0.7445	NA	1	1.3035	Viruses;Duplodnaviria;Heunggongvirae;Uroviricota;Caudoviricetes;;
k127_256012	857	No terminal repeats	NA	1	11	0.7427	NA	1	1.7183	Viruses;Duplodnaviria;Heunggongvirae;Uroviricota;Caudoviricetes;;
k127_656397	469	No terminal repeats	NA	1	11	0.7425	NA	1	1.7020	Viruses;Duplodnaviria;Heunggongvirae;Uroviricota;Caudoviricetes;;
k127_534065	387	No terminal repeats	NA	1	11	0.7419	NA	1	1.3150	Viruses;Duplodnaviria;Heunggongvirae;Uroviricota;Caudoviricetes;;
k127_87519	661	No terminal repeats	NA	1	11	0.7395	NA	1	1.2306	Viruses;Duplodnaviria;Heunggongvirae;Uroviricota;Caudoviricetes;;
k127_443464	2591	No terminal repeats	NA	3	11	0.7387	NA	1	2.8224	Viruses;Duplodnaviria;Heunggongvirae;Uroviricota;Caudoviricetes;;
k127_131923	695	No terminal repeats	NA	1	11	0.7348	NA	1	1.2306	Viruses;Duplodnaviria;Heunggongvirae;Uroviricota;Caudoviricetes;;
k127_667592	679	No terminal repeats	NA	1	11	0.7346	NA	1	1.1904	Viruses;Duplodnaviria;Heunggongvirae;Uroviricota;Caudoviricetes;;
k127_633802	1213	No terminal repeats	NA	2	11	0.7344	NA	1	1.5859	Viruses;Duplodnaviria;Heunggongvirae;Uroviricota;Caudoviricetes;;
k127_449678	485	No terminal repeats	NA	1	11	0.7338	NA	1	1.7183	Viruses;Duplodnaviria;Heunggongvirae;Uroviricota;Caudoviricetes;;
k127_571761	567	No terminal repeats	NA	1	11	0.7324	NA	1	1.1904	Viruses;Duplodnaviria;Heunggongvirae;Uroviricota;Caudoviricetes;;
k127_466213	870	No terminal repeats	NA	2	11	0.7319	NA	1	1.7183	Viruses;Duplodnaviria;Heunggongvirae;Uroviricota;Caudoviricetes;;
k127_171277	750	No terminal repeats	NA	1	11	0.7314	NA	1	1.7183	Viruses;Duplodnaviria;Heunggongvirae;Uroviricota;Caudoviricetes;;
k127_389248	320	No terminal repeats	NA	1	11	0.7302	NA	1	1.4049	Viruses;Duplodnaviria;Heunggongvirae;Uroviricota;Caudoviricetes;;
k127_335830	356	No terminal repeats	NA	1	11	0.7295	NA	1	1.2916	Viruses;Duplodnaviria;Heunggongvirae;Uroviricota;Caudoviricetes;;
k127_586949	798	No terminal repeats	NA	1	11	0.7272	NA	1	1.7183	Viruses;Duplodnaviria;Heunggongvirae;Uroviricota;Caudoviricetes;;
k127_675273	323	No terminal repeats	NA	1	11	0.7254	NA	1	1.1262	Viruses;Duplodnaviria;Heunggongvirae;Uroviricota;Caudoviricetes;;
k127_674139	312	No terminal repeats	NA	1	11	0.7247	NA	1	1.1870	Unclassified
k127_19709	802	No terminal repeats	NA	2	11	0.7231	NA	1	1.7183	Viruses;Duplodnaviria;Heunggongvirae;Uroviricota;Caudoviricetes;;
k127_327669	1199	No terminal repeats	NA	2	11	0.7222	NA	1	1.7183	Viruses;Duplodnaviria;Heunggongvirae;Uroviricota;Caudoviricetes;;
k127_292406	936	No terminal repeats	NA	1	11	0.7215	NA	1	1.7183	Viruses;Duplodnaviria;Heunggongvirae;Uroviricota;Caudoviricetes;;
k127_25585	632	No terminal repeats	NA	1	11	0.7211	NA	1	1.7165	Viruses;Duplodnaviria;Heunggongvirae;Uroviricota;Caudoviricetes;;
k127_455752	1273	No terminal repeats	NA	2	11	0.7205	NA	1	3.1738	Viruses;Duplodnaviria;Heunggongvirae;Uroviricota;Caudoviricetes;;
k127_453133	886	No terminal repeats	NA	1	11	0.7204	NA	1	1.7183	Viruses;Duplodnaviria;Heunggongvirae;Uroviricota;Caudoviricetes;;Drexlerviridae
k127_536645	380	No terminal repeats	NA	1	11	0.7175	NA	1	1.7161	Viruses;Duplodnaviria;Heunggongvirae;Uroviricota;Caudoviricetes;;
k127_280582	353	No terminal repeats	NA	1	11	0.7119	NA	1	1.6721	Unclassified
k127_619940	608	No terminal repeats	NA	1	11	0.7099	NA	1	1.6407	Viruses;Duplodnaviria;Heunggongvirae;Uroviricota;Caudoviricetes;;
k127_108918	480	No terminal repeats	NA	2	11	0.7096	NA	1	1.3562	Viruses;Duplodnaviria;Heunggongvirae;Uroviricota;Caudoviricetes;;
k127_400967	323	No terminal repeats	NA	1	11	0.7093	NA	1	1.6759	Viruses;Duplodnaviria;Heunggongvirae;Uroviricota;Caudoviricetes;;
k127_653848	822	No terminal repeats	NA	1	11	0.7083	NA	1	1.1496	Viruses;Duplodnaviria;Heunggongvirae;Uroviricota;Caudoviricetes;;
k127_111675	346	No terminal repeats	NA	1	11	0.7079	NA	1	1.3562	Viruses;Duplodnaviria;Heunggongvirae;Uroviricota;Caudoviricetes;;
k127_150412	541	No terminal repeats	NA	1	11	0.7078	NA	1	1.6407	Viruses;Duplodnaviria;Heunggongvirae;Uroviricota;Caudoviricetes;;
k127_335481	726	No terminal repeats	NA	2	11	0.7061	NA	1	1.5484	Viruses;Duplodnaviria;Heunggongvirae;Uroviricota;Caudoviricetes;;
k127_86128	3397	No terminal repeats	NA	3	11	0.7058	NA	0	3.4366	Viruses;Duplodnaviria;Heunggongvirae;Uroviricota;Caudoviricetes;;
k127_186238	672	No terminal repeats	NA	2	11	0.7057	NA	1	1.7183	Viruses;Duplodnaviria;Heunggongvirae;Uroviricota;Caudoviricetes;;
k127_348707	4173	No terminal repeats	NA	3	11	0.7052	NA	0	1.7183	Unclassified
k127_49954	413	No terminal repeats	NA	1	11	0.7035	NA	1	1.7020	Viruses;Duplodnaviria;Heunggongvirae;Uroviricota;Caudoviricetes;;
k127_237698	880	No terminal repeats	NA	1	11	0.7029	NA	1	1.7183	Viruses;Duplodnaviria;Heunggongvirae;Uroviricota;Caudoviricetes;;
k127_665780	698	No terminal repeats	NA	1	11	0.7026	NA	1	1.7183	Viruses;Duplodnaviria;Heunggongvirae;Uroviricota;Caudoviricetes;;
k127_684615	402	No terminal repeats	NA	1	11	0.7013	NA	1	1.7064	Unclassified
