seq_name	length	topology	coordinates	n_genes	genetic_code	virus_score	fdr	n_hallmarks	marker_enrichment	taxonomy
k127_359049	771	No terminal repeats	NA	1	15	0.9713	NA	1	1.7183	Viruses;Monodnaviria;Sangervirae;Phixviricota;Malgrandaviricetes;Petitvirales;Microviridae
k127_50617	389	No terminal repeats	NA	1	11	0.9671	NA	1	1.5293	Viruses;Duplodnaviria;Heunggongvirae;Uroviricota;Caudoviricetes;;
k127_476364	306	No terminal repeats	NA	1	11	0.9656	NA	1	1.7183	Viruses;Duplodnaviria;Heunggongvirae;Uroviricota;Caudoviricetes;;
k127_14358	575	No terminal repeats	NA	1	11	0.9648	NA	1	1.4698	Viruses;Duplodnaviria;Heunggongvirae;Uroviricota;Caudoviricetes;;
k127_129818	351	No terminal repeats	NA	1	11	0.9635	NA	1	1.7183	Viruses;Monodnaviria;Sangervirae;Phixviricota;Malgrandaviricetes;Petitvirales;Microviridae
k127_429356	371	No terminal repeats	NA	1	11	0.9611	NA	1	1.7183	Viruses;Duplodnaviria;Heunggongvirae;Uroviricota;Caudoviricetes;;
k127_417686	331	No terminal repeats	NA	1	11	0.9603	NA	1	1.7183	Viruses;Duplodnaviria;Heunggongvirae;Uroviricota;Caudoviricetes;;
k127_277220	319	No terminal repeats	NA	1	11	0.9586	NA	1	1.7183	Viruses;Duplodnaviria;Heunggongvirae;Uroviricota;Caudoviricetes;;Zobellviridae
k127_72239	303	No terminal repeats	NA	1	11	0.9577	NA	1	1.7183	Viruses;Duplodnaviria;Heunggongvirae;Uroviricota;Caudoviricetes;;
k127_507216	468	No terminal repeats	NA	1	11	0.9575	NA	1	1.7183	Unclassified
k127_273121	327	No terminal repeats	NA	1	11	0.9546	NA	1	1.7183	Viruses;Duplodnaviria;Heunggongvirae;Uroviricota;Caudoviricetes;;
k127_385679	890	No terminal repeats	NA	1	11	0.9543	NA	1	1.4595	Viruses;Duplodnaviria;Heunggongvirae;Uroviricota;Caudoviricetes;;
k127_122119	380	No terminal repeats	NA	1	11	0.9542	NA	1	1.4728	Viruses;Duplodnaviria;Heunggongvirae;Uroviricota;Caudoviricetes;;Zobellviridae
k127_480204	613	No terminal repeats	NA	2	11	0.9538	NA	2	2.8009	Viruses;Duplodnaviria;Heunggongvirae;Uroviricota;Caudoviricetes;;
k127_200409	1026	No terminal repeats	NA	4	11	0.9535	NA	1	3.2019	Viruses;Duplodnaviria;Heunggongvirae;Uroviricota;Caudoviricetes;;
k127_43859	705	No terminal repeats	NA	1	11	0.9532	NA	1	1.4595	Viruses;Duplodnaviria;Heunggongvirae;Uroviricota;Caudoviricetes;;
k127_587163	304	No terminal repeats	NA	1	11	0.9525	NA	1	1.7183	Unclassified
k127_508687	382	No terminal repeats	NA	1	11	0.9509	NA	1	1.4684	Viruses;Duplodnaviria;Heunggongvirae;Uroviricota;Caudoviricetes;;
k127_564645	327	No terminal repeats	NA	1	11	0.9505	NA	1	1.7183	Viruses;Duplodnaviria;Heunggongvirae;Uroviricota;Caudoviricetes;;
k127_246163	335	No terminal repeats	NA	1	11	0.9501	NA	1	1.7183	Viruses;Duplodnaviria;Heunggongvirae;Uroviricota;Caudoviricetes;;
k127_492227	310	No terminal repeats	NA	1	11	0.9496	NA	1	1.7183	Viruses;Duplodnaviria;Heunggongvirae;Uroviricota;Caudoviricetes;;
k127_82192	315	No terminal repeats	NA	2	11	0.9496	NA	1	1.5575	Viruses;Duplodnaviria;Heunggongvirae;Uroviricota;Caudoviricetes;;
k127_634794	357	No terminal repeats	NA	1	11	0.9495	NA	1	1.7183	Viruses;Duplodnaviria;Heunggongvirae;Uroviricota;Caudoviricetes;;Herelleviridae
k127_437882	430	No terminal repeats	NA	1	11	0.9491	NA	1	1.7183	Viruses;Duplodnaviria;Heunggongvirae;Uroviricota;Caudoviricetes;;
k127_277757	358	No terminal repeats	NA	1	11	0.9482	NA	1	1.7183	Viruses;Duplodnaviria;Heunggongvirae;Uroviricota;Caudoviricetes;;
k127_179451	939	No terminal repeats	NA	1	11	0.9482	NA	1	1.7183	Viruses;Duplodnaviria;Heunggongvirae;Uroviricota;Caudoviricetes;;
k127_472360	504	No terminal repeats	NA	2	11	0.9472	NA	1	2.9690	Viruses;Duplodnaviria;Heunggongvirae;Uroviricota;Caudoviricetes;;
k127_251535	347	No terminal repeats	NA	1	11	0.9444	NA	1	1.7183	Viruses;Duplodnaviria;Heunggongvirae;Uroviricota;Caudoviricetes;;
k127_412926	382	No terminal repeats	NA	1	11	0.9443	NA	1	1.3050	Viruses;Duplodnaviria;Heunggongvirae;Uroviricota;Caudoviricetes;;
k127_143964	317	No terminal repeats	NA	1	11	0.9441	NA	1	1.7183	Viruses;Duplodnaviria;Heunggongvirae;Uroviricota;Caudoviricetes;;
k127_419517	381	No terminal repeats	NA	1	11	0.9437	NA	1	1.7183	Viruses;Duplodnaviria;Heunggongvirae;Uroviricota;Caudoviricetes;;
k127_406126	367	No terminal repeats	NA	1	11	0.9430	NA	1	1.7183	Viruses;Duplodnaviria;Heunggongvirae;Uroviricota;Caudoviricetes;;
k127_587349	333	No terminal repeats	NA	1	11	0.9418	NA	1	1.7183	Viruses;Duplodnaviria;Heunggongvirae;Uroviricota;Caudoviricetes;;
k127_609683	554	No terminal repeats	NA	1	11	0.9414	NA	1	1.7183	Viruses;Riboviria;Orthornavirae;Pisuviricota;Duplopiviricetes;Durnavirales;Partitiviridae
k127_150909	301	No terminal repeats	NA	1	11	0.9414	NA	1	1.7183	Viruses;Duplodnaviria;Heunggongvirae;Uroviricota;Caudoviricetes;;
k127_376536	366	No terminal repeats	NA	1	11	0.9404	NA	1	1.7183	Viruses;Duplodnaviria;Heunggongvirae;Uroviricota;Caudoviricetes;;
k127_1504	426	No terminal repeats	NA	1	11	0.9399	NA	1	1.7183	Viruses;Duplodnaviria;Heunggongvirae;Uroviricota;Caudoviricetes;;
k127_78881	1389	No terminal repeats	NA	3	11	0.9391	NA	1	5.1038	Viruses;Duplodnaviria;Heunggongvirae;Uroviricota;Caudoviricetes;;
k127_428350	501	No terminal repeats	NA	1	11	0.9380	NA	1	1.7183	Viruses;Duplodnaviria;Heunggongvirae;Uroviricota;Caudoviricetes;;
k127_203594	623	No terminal repeats	NA	1	11	0.9380	NA	1	1.7183	Viruses;Duplodnaviria;Heunggongvirae;Uroviricota;Caudoviricetes;;
k127_295636	320	No terminal repeats	NA	1	11	0.9374	NA	1	1.7183	Viruses;Duplodnaviria;Heunggongvirae;Uroviricota;Caudoviricetes;;
k127_620431	304	No terminal repeats	NA	1	11	0.9370	NA	1	1.7183	Viruses;Duplodnaviria;Heunggongvirae;Uroviricota;Caudoviricetes;;
k127_476186	485	No terminal repeats	NA	1	11	0.9351	NA	1	1.7183	Viruses;Duplodnaviria;Heunggongvirae;Uroviricota;Caudoviricetes;;
k127_245109	402	No terminal repeats	NA	1	11	0.9348	NA	1	1.7183	Viruses;Duplodnaviria;Heunggongvirae;Uroviricota;Caudoviricetes;;
k127_122784	761	No terminal repeats	NA	1	11	0.9340	NA	1	1.4595	Viruses;Duplodnaviria;Heunggongvirae;Uroviricota;Caudoviricetes;;
k127_5947	846	No terminal repeats	NA	1	11	0.9326	NA	1	1.7183	Unclassified
k127_129962	451	No terminal repeats	NA	2	11	0.9318	NA	2	2.9560	Viruses;Duplodnaviria;Heunggongvirae;Uroviricota;Caudoviricetes;;
k127_284246	519	No terminal repeats	NA	1	11	0.9315	NA	1	1.7183	Viruses;Duplodnaviria;Heunggongvirae;Uroviricota;Caudoviricetes;;
k127_489600	362	No terminal repeats	NA	1	11	0.9314	NA	1	1.7183	Viruses;Duplodnaviria;Heunggongvirae;Uroviricota;Caudoviricetes;;
k127_16133	1715	No terminal repeats	NA	3	11	0.9312	NA	2	2.7546	Viruses;Duplodnaviria;Heunggongvirae;Uroviricota;Caudoviricetes;;
k127_243302	612	No terminal repeats	NA	1	11	0.9308	NA	1	1.7183	Viruses;Duplodnaviria;Heunggongvirae;Uroviricota;Caudoviricetes;;
k127_390986	332	No terminal repeats	NA	1	11	0.9308	NA	1	1.7183	Viruses;Duplodnaviria;Heunggongvirae;Uroviricota;Caudoviricetes;;
k127_182238	1481	No terminal repeats	NA	2	11	0.9295	NA	1	1.5293	Viruses;Duplodnaviria;Heunggongvirae;Uroviricota;Caudoviricetes;;
k127_51190	454	No terminal repeats	NA	1	11	0.9286	NA	1	1.7183	Viruses;Duplodnaviria;Heunggongvirae;Uroviricota;Caudoviricetes;;
k127_425749	324	No terminal repeats	NA	1	11	0.9279	NA	1	1.7183	Viruses;Duplodnaviria;Heunggongvirae;Uroviricota;Caudoviricetes;;
k127_507362	542	No terminal repeats	NA	2	11	0.9277	NA	1	1.7183	Viruses;Monodnaviria;Sangervirae;Phixviricota;Malgrandaviricetes;Petitvirales;Microviridae
k127_445978	328	No terminal repeats	NA	1	11	0.9275	NA	1	1.7183	Viruses;Duplodnaviria;Heunggongvirae;Uroviricota;Caudoviricetes;;
k127_245024	506	No terminal repeats	NA	2	11	0.9272	NA	1	3.0325	Viruses;Duplodnaviria;Heunggongvirae;Uroviricota;Caudoviricetes;;
k127_501428	409	No terminal repeats	NA	1	11	0.9252	NA	1	1.7183	Viruses;Duplodnaviria;Heunggongvirae;Uroviricota;Caudoviricetes;;
k127_532381	379	No terminal repeats	NA	1	11	0.9250	NA	1	1.7183	Viruses;Duplodnaviria;Heunggongvirae;Uroviricota;Caudoviricetes;;
k127_545550	397	No terminal repeats	NA	2	11	0.9238	NA	1	1.3697	Viruses;Duplodnaviria;Heunggongvirae;Uroviricota;Caudoviricetes;;
k127_265640	306	No terminal repeats	NA	1	11	0.9236	NA	1	1.4880	Viruses;Duplodnaviria;Heunggongvirae;Uroviricota;Caudoviricetes;;
k127_619861	307	No terminal repeats	NA	1	11	0.9233	NA	1	1.1215	Viruses;Duplodnaviria;Heunggongvirae;Uroviricota;Caudoviricetes;;
k127_253017	581	No terminal repeats	NA	1	11	0.9227	NA	1	1.7183	Viruses;Duplodnaviria;Heunggongvirae;Uroviricota;Caudoviricetes;;
k127_243416	522	No terminal repeats	NA	1	11	0.9218	NA	1	1.7183	Viruses;Duplodnaviria;Heunggongvirae;Uroviricota;Caudoviricetes;;
k127_511248	310	No terminal repeats	NA	1	11	0.9217	NA	1	1.3663	Viruses;Duplodnaviria;Heunggongvirae;Uroviricota;Caudoviricetes;;
k127_463904	332	No terminal repeats	NA	1	11	0.9211	NA	1	1.7183	Viruses;Duplodnaviria;Heunggongvirae;Uroviricota;Caudoviricetes;;
k127_214956	481	No terminal repeats	NA	1	11	0.9210	NA	1	1.7183	Viruses;Duplodnaviria;Heunggongvirae;Uroviricota;Caudoviricetes;;
k127_651361	339	No terminal repeats	NA	1	11	0.9209	NA	1	1.7183	Viruses;Duplodnaviria;Heunggongvirae;Uroviricota;Caudoviricetes;;
k127_404914	442	No terminal repeats	NA	1	11	0.9206	NA	1	1.7183	Viruses;Duplodnaviria;Heunggongvirae;Uroviricota;Caudoviricetes;;
k127_39835	397	No terminal repeats	NA	1	11	0.9201	NA	1	1.7183	Viruses;Duplodnaviria;Heunggongvirae;Uroviricota;Caudoviricetes;;Drexlerviridae
k127_143733	432	No terminal repeats	NA	1	11	0.9198	NA	1	1.7183	Viruses;Duplodnaviria;Heunggongvirae;Uroviricota;Caudoviricetes;;
k127_13106	644	No terminal repeats	NA	1	11	0.9185	NA	1	1.7183	Viruses;Duplodnaviria;Heunggongvirae;Uroviricota;Caudoviricetes;;
k127_282589	309	No terminal repeats	NA	1	11	0.9183	NA	1	1.4880	Viruses;Duplodnaviria;Heunggongvirae;Uroviricota;Caudoviricetes;;
k127_603775	371	No terminal repeats	NA	1	11	0.9182	NA	1	1.7183	Viruses;Duplodnaviria;Heunggongvirae;Uroviricota;Caudoviricetes;;
k127_296580	343	No terminal repeats	NA	1	11	0.9169	NA	1	1.4764	Viruses;Duplodnaviria;Heunggongvirae;Uroviricota;Caudoviricetes;;
k127_445945	470	No terminal repeats	NA	1	11	0.9169	NA	1	1.7183	Viruses;Duplodnaviria;Heunggongvirae;Uroviricota;Caudoviricetes;;
k127_309334	437	No terminal repeats	NA	1	11	0.9168	NA	1	1.5934	Unclassified
k127_111024	431	No terminal repeats	NA	1	11	0.9166	NA	1	1.7183	Viruses;Duplodnaviria;Heunggongvirae;Uroviricota;Caudoviricetes;;
k127_280994	383	No terminal repeats	NA	1	11	0.9160	NA	1	1.7183	Viruses;Duplodnaviria;Heunggongvirae;Uroviricota;Caudoviricetes;;Herelleviridae
k127_89845	596	No terminal repeats	NA	1	11	0.9151	NA	1	1.7183	Viruses;Duplodnaviria;Heunggongvirae;Uroviricota;Caudoviricetes;;
k127_258015	495	No terminal repeats	NA	2	11	0.9136	NA	1	3.2932	Viruses;Duplodnaviria;Heunggongvirae;Uroviricota;Caudoviricetes;;
k127_560010	643	No terminal repeats	NA	1	11	0.9133	NA	1	1.7183	Viruses;Duplodnaviria;Heunggongvirae;Uroviricota;Caudoviricetes;;
k127_415327	435	No terminal repeats	NA	1	11	0.9131	NA	1	1.7183	Viruses;Duplodnaviria;Heunggongvirae;Uroviricota;Caudoviricetes;;Drexlerviridae
k127_163931	414	No terminal repeats	NA	1	11	0.9128	NA	1	1.7183	Viruses;Duplodnaviria;Heunggongvirae;Uroviricota;Caudoviricetes;;
k127_544521	422	No terminal repeats	NA	1	11	0.9124	NA	1	1.4978	Viruses;Duplodnaviria;Heunggongvirae;Uroviricota;Caudoviricetes;;
k127_367447	409	No terminal repeats	NA	1	11	0.9116	NA	1	1.7183	Viruses;Duplodnaviria;Heunggongvirae;Uroviricota;Caudoviricetes;;
k127_416653	311	No terminal repeats	NA	1	11	0.9116	NA	1	1.4764	Viruses;Duplodnaviria;Heunggongvirae;Uroviricota;Caudoviricetes;;
k127_87791	302	No terminal repeats	NA	1	11	0.9101	NA	1	1.4951	Viruses;Duplodnaviria;Heunggongvirae;Uroviricota;Caudoviricetes;;
k127_598861	1883	No terminal repeats	NA	2	11	0.9101	NA	1	1.7183	Viruses;Riboviria;Orthornavirae;Pisuviricota;Duplopiviricetes;Durnavirales;Partitiviridae
k127_47535	491	No terminal repeats	NA	1	11	0.9100	NA	1	1.3663	Viruses;Duplodnaviria;Heunggongvirae;Uroviricota;Caudoviricetes;;
k127_277629	611	No terminal repeats	NA	1	11	0.9093	NA	1	1.7183	Viruses;Duplodnaviria;Heunggongvirae;Uroviricota;Caudoviricetes;;
k127_210627	468	No terminal repeats	NA	1	11	0.9087	NA	1	1.4749	Viruses;Duplodnaviria;Heunggongvirae;Uroviricota;Caudoviricetes;;
k127_245814	531	No terminal repeats	NA	1	11	0.9086	NA	1	1.7183	Viruses;Duplodnaviria;Heunggongvirae;Uroviricota;Caudoviricetes;;
k127_67985	370	No terminal repeats	NA	2	11	0.9080	NA	1	1.5231	Viruses;Duplodnaviria;Heunggongvirae;Uroviricota;Caudoviricetes;;
k127_384829	726	No terminal repeats	NA	2	11	0.9069	NA	1	2.6762	Viruses;Duplodnaviria;Heunggongvirae;Uroviricota;Caudoviricetes;;
k127_389265	310	No terminal repeats	NA	1	11	0.9059	NA	1	1.3050	Viruses;Duplodnaviria;Heunggongvirae;Uroviricota;Caudoviricetes;;
k127_313091	297	No terminal repeats	NA	1	11	0.9055	NA	1	1.1262	Viruses;Duplodnaviria;Heunggongvirae;Uroviricota;Caudoviricetes;;
k127_201147	307	No terminal repeats	NA	1	11	0.9047	NA	1	1.7183	Viruses;Duplodnaviria;Heunggongvirae;Uroviricota;Caudoviricetes;;
k127_55213	759	No terminal repeats	NA	1	11	0.9044	NA	1	1.7183	Viruses;Duplodnaviria;Heunggongvirae;Uroviricota;Caudoviricetes;;
k127_650008	373	No terminal repeats	NA	1	11	0.9035	NA	1	1.7183	Viruses;Duplodnaviria;Heunggongvirae;Uroviricota;Caudoviricetes;;
k127_273008	1270	No terminal repeats	NA	1	11	0.9029	NA	1	1.7183	Viruses;Riboviria;Orthornavirae;Pisuviricota;Stelpaviricetes;Patatavirales;Potyviridae
k127_622233	437	No terminal repeats	NA	1	11	0.9025	NA	1	1.7183	Viruses;Duplodnaviria;Heunggongvirae;Uroviricota;Caudoviricetes;;
k127_280037	415	No terminal repeats	NA	1	11	0.9014	NA	1	1.7183	Viruses;Duplodnaviria;Heunggongvirae;Uroviricota;Caudoviricetes;;
k127_296945	783	No terminal repeats	NA	1	11	0.9009	NA	1	1.5986	Viruses;Duplodnaviria;Heunggongvirae;Uroviricota;Caudoviricetes;;
k127_535420	460	No terminal repeats	NA	1	11	0.8984	NA	1	1.7183	Viruses;Duplodnaviria;Heunggongvirae;Uroviricota;Caudoviricetes;;
k127_291911	307	No terminal repeats	NA	1	11	0.8972	NA	1	1.7183	Viruses;Duplodnaviria;Heunggongvirae;Uroviricota;Caudoviricetes;;
k127_454838	673	No terminal repeats	NA	1	11	0.8958	NA	1	1.7183	Viruses;Duplodnaviria;Heunggongvirae;Uroviricota;Caudoviricetes;;
k127_441976	436	No terminal repeats	NA	1	11	0.8951	NA	1	1.7183	Viruses;Duplodnaviria;Heunggongvirae;Uroviricota;Caudoviricetes;;
k127_229465	223	No terminal repeats	NA	1	11	0.8937	NA	1	1.2290	Viruses;Duplodnaviria;Heunggongvirae;Uroviricota;Caudoviricetes;;
k127_30254	833	No terminal repeats	NA	1	11	0.8934	NA	1	1.0383	Viruses;Duplodnaviria;Heunggongvirae;Uroviricota;Caudoviricetes;;
k127_638719	827	No terminal repeats	NA	2	11	0.8933	NA	1	1.7183	Viruses;Duplodnaviria;Heunggongvirae;Uroviricota;Caudoviricetes;;
k127_604814	879	No terminal repeats	NA	2	11	0.8926	NA	1	1.7183	Viruses;Duplodnaviria;Heunggongvirae;Uroviricota;Caudoviricetes;;
k127_516639	312	No terminal repeats	NA	1	11	0.8922	NA	1	1.7183	Viruses;Duplodnaviria;Heunggongvirae;Uroviricota;Caudoviricetes;;
k127_611896	306	No terminal repeats	NA	1	11	0.8916	NA	1	1.7183	Viruses;Duplodnaviria;Heunggongvirae;Uroviricota;Caudoviricetes;;
k127_330195	359	No terminal repeats	NA	1	11	0.8914	NA	1	1.4764	Viruses;Duplodnaviria;Heunggongvirae;Uroviricota;Caudoviricetes;;
k127_589048	500	No terminal repeats	NA	1	11	0.8909	NA	1	1.2306	Viruses;Duplodnaviria;Heunggongvirae;Uroviricota;Caudoviricetes;;
k127_159700	364	No terminal repeats	NA	1	11	0.8908	NA	1	1.0522	Viruses;Duplodnaviria;Heunggongvirae;Uroviricota;Caudoviricetes;;
k127_546384	515	No terminal repeats	NA	1	11	0.8907	NA	1	1.4749	Viruses;Duplodnaviria;Heunggongvirae;Uroviricota;Caudoviricetes;;
k127_528095	503	No terminal repeats	NA	1	11	0.8906	NA	1	1.7183	Viruses;Duplodnaviria;Heunggongvirae;Uroviricota;Caudoviricetes;;
k127_408128	488	No terminal repeats	NA	1	11	0.8901	NA	1	1.4764	Viruses;Duplodnaviria;Heunggongvirae;Uroviricota;Caudoviricetes;;
k127_347577	1080	No terminal repeats	NA	2	11	0.8897	NA	1	2.6762	Viruses;Duplodnaviria;Heunggongvirae;Uroviricota;Caudoviricetes;;
k127_185608	742	No terminal repeats	NA	1	11	0.8892	NA	1	1.7183	Viruses;Duplodnaviria;Heunggongvirae;Uroviricota;Caudoviricetes;;Straboviridae
k127_281087	312	No terminal repeats	NA	1	11	0.8886	NA	1	1.7183	Viruses;Duplodnaviria;Heunggongvirae;Uroviricota;Caudoviricetes;;
k127_537850	541	No terminal repeats	NA	1	11	0.8880	NA	1	1.5961	Unclassified
k127_499969	517	No terminal repeats	NA	1	11	0.8876	NA	1	1.7183	Viruses;Duplodnaviria;Heunggongvirae;Uroviricota;Caudoviricetes;;
k127_440074	460	No terminal repeats	NA	1	11	0.8876	NA	1	1.7183	Viruses;Duplodnaviria;Heunggongvirae;Uroviricota;Caudoviricetes;;
k127_165422	664	No terminal repeats	NA	1	11	0.8874	NA	1	1.7183	Viruses;Duplodnaviria;Heunggongvirae;Uroviricota;Caudoviricetes;;
k127_201135	611	No terminal repeats	NA	2	11	0.8863	NA	1	1.7183	Viruses;Duplodnaviria;Heunggongvirae;Uroviricota;Caudoviricetes;;
k127_150188	2014	No terminal repeats	NA	2	11	0.8833	NA	1	1.7183	Viruses;Riboviria;Orthornavirae;Pisuviricota;Duplopiviricetes;Durnavirales;Partitiviridae
k127_166243	708	No terminal repeats	NA	1	11	0.8826	NA	1	1.7183	Viruses;Duplodnaviria;Heunggongvirae;Uroviricota;Caudoviricetes;;
k127_75060	503	No terminal repeats	NA	1	11	0.8821	NA	1	1.1530	Viruses;Duplodnaviria;Heunggongvirae;Uroviricota;Caudoviricetes;;
k127_349933	1260	No terminal repeats	NA	3	11	0.8818	NA	1	2.9942	Viruses;Duplodnaviria;Heunggongvirae;Uroviricota;Caudoviricetes;;
k127_12971	423	No terminal repeats	NA	1	11	0.8803	NA	1	1.7183	Viruses;Duplodnaviria;Heunggongvirae;Uroviricota;Caudoviricetes;;
k127_442317	1080	No terminal repeats	NA	2	11	0.8795	NA	1	3.2932	Viruses;Duplodnaviria;Heunggongvirae;Uroviricota;Caudoviricetes;;
k127_183142	885	No terminal repeats	NA	1	11	0.8786	NA	1	1.3550	Viruses;Duplodnaviria;Heunggongvirae;Uroviricota;Caudoviricetes;;
k127_199643	1505	No terminal repeats	NA	1	11	0.8786	NA	1	1.2306	Viruses;Duplodnaviria;Heunggongvirae;Uroviricota;Caudoviricetes;;
k127_70276	420	No terminal repeats	NA	1	11	0.8786	NA	1	1.2306	Viruses;Duplodnaviria;Heunggongvirae;Uroviricota;Caudoviricetes;;
k127_59390	503	No terminal repeats	NA	1	11	0.8785	NA	1	1.2306	Viruses;Duplodnaviria;Heunggongvirae;Uroviricota;Caudoviricetes;;
k127_578659	492	No terminal repeats	NA	1	4	0.8784	NA	1	1.5123	Viruses;Duplodnaviria;Heunggongvirae;Uroviricota;Caudoviricetes;;
k127_597255	1095	No terminal repeats	NA	1	11	0.8775	NA	1	1.7183	Viruses;Duplodnaviria;Heunggongvirae;Uroviricota;Caudoviricetes;;
k127_448439	685	No terminal repeats	NA	1	11	0.8775	NA	1	1.7183	Viruses;Duplodnaviria;Heunggongvirae;Uroviricota;Caudoviricetes;;Drexlerviridae
k127_449024	469	No terminal repeats	NA	2	11	0.8765	NA	1	1.3823	Viruses;Duplodnaviria;Heunggongvirae;Uroviricota;Caudoviricetes;;
k127_582557	361	No terminal repeats	NA	1	11	0.8764	NA	1	1.3483	Unclassified
k127_516865	493	No terminal repeats	NA	1	11	0.8760	NA	1	1.7183	Viruses;Duplodnaviria;Heunggongvirae;Uroviricota;Caudoviricetes;;
k127_6636	985	No terminal repeats	NA	3	11	0.8755	NA	1	5.0115	Viruses;Duplodnaviria;Heunggongvirae;Uroviricota;Caudoviricetes;;
k127_499685	316	No terminal repeats	NA	1	11	0.8753	NA	1	1.7183	Viruses;Duplodnaviria;Heunggongvirae;Uroviricota;Caudoviricetes;;
k127_252737	392	No terminal repeats	NA	1	11	0.8747	NA	1	1.7183	Viruses;Duplodnaviria;Heunggongvirae;Uroviricota;Caudoviricetes;;
k127_344458	2956	No terminal repeats	NA	5	11	0.8732	NA	0	2.7144	Unclassified
k127_456233	403	No terminal repeats	NA	1	11	0.8731	NA	1	1.7183	Viruses;Duplodnaviria;Heunggongvirae;Uroviricota;Caudoviricetes;;
k127_53630	1028	No terminal repeats	NA	1	11	0.8723	NA	1	1.7183	Viruses;Duplodnaviria;Heunggongvirae;Uroviricota;Caudoviricetes;;
k127_482831	979	No terminal repeats	NA	1	11	0.8720	NA	1	1.2306	Viruses;Duplodnaviria;Heunggongvirae;Uroviricota;Caudoviricetes;;
k127_640211	1465	No terminal repeats	NA	1	11	0.8713	NA	1	1.7183	Viruses;Duplodnaviria;Heunggongvirae;Uroviricota;Caudoviricetes;;
k127_442266	393	No terminal repeats	NA	1	11	0.8709	NA	1	1.7183	Viruses;Duplodnaviria;Heunggongvirae;Uroviricota;Caudoviricetes;;
k127_88277	1033	No terminal repeats	NA	2	11	0.8705	NA	2	2.9513	Viruses;Duplodnaviria;Heunggongvirae;Uroviricota;Caudoviricetes;;
k127_351612	766	No terminal repeats	NA	1	11	0.8704	NA	1	1.7183	Viruses;Duplodnaviria;Heunggongvirae;Uroviricota;Caudoviricetes;;
k127_271698	484	No terminal repeats	NA	1	11	0.8702	NA	1	1.3550	Viruses;Duplodnaviria;Heunggongvirae;Uroviricota;Caudoviricetes;;
k127_165767	671	No terminal repeats	NA	1	11	0.8701	NA	1	1.7183	Viruses;Duplodnaviria;Heunggongvirae;Uroviricota;Caudoviricetes;;
k127_325653	1042	No terminal repeats	NA	3	11	0.8698	NA	1	3.0620	Viruses;Duplodnaviria;Heunggongvirae;Uroviricota;Caudoviricetes;;Herelleviridae
k127_79953	378	No terminal repeats	NA	1	11	0.8696	NA	1	1.4464	Viruses;Duplodnaviria;Heunggongvirae;Uroviricota;Caudoviricetes;;
k127_251849	342	No terminal repeats	NA	1	11	0.8694	NA	1	1.7183	Viruses;Duplodnaviria;Heunggongvirae;Uroviricota;Caudoviricetes;;Drexlerviridae
k127_247708	493	No terminal repeats	NA	1	11	0.8692	NA	1	1.2306	Viruses;Duplodnaviria;Heunggongvirae;Uroviricota;Caudoviricetes;;
k127_436441	979	No terminal repeats	NA	2	11	0.8690	NA	1	1.4597	Viruses;Duplodnaviria;Heunggongvirae;Uroviricota;Caudoviricetes;;
k127_632286	511	No terminal repeats	NA	1	11	0.8687	NA	1	1.4595	Viruses;Duplodnaviria;Heunggongvirae;Uroviricota;Caudoviricetes;;
k127_407097	630	No terminal repeats	NA	1	11	0.8675	NA	1	1.4749	Viruses;Duplodnaviria;Heunggongvirae;Uroviricota;Caudoviricetes;;
k127_188815	775	No terminal repeats	NA	1	11	0.8671	NA	1	1.2306	Viruses;Duplodnaviria;Heunggongvirae;Uroviricota;Caudoviricetes;;
k127_163001	926	No terminal repeats	NA	1	11	0.8666	NA	1	1.4764	Viruses;Duplodnaviria;Heunggongvirae;Uroviricota;Caudoviricetes;;
k127_99079	366	No terminal repeats	NA	2	11	0.8658	NA	1	1.7183	Viruses;Duplodnaviria;Heunggongvirae;Uroviricota;Caudoviricetes;;
k127_636333	402	No terminal repeats	NA	1	11	0.8645	NA	1	1.7183	Viruses;Duplodnaviria;Heunggongvirae;Uroviricota;Caudoviricetes;;Drexlerviridae
k127_455189	331	No terminal repeats	NA	1	11	0.8634	NA	1	1.7183	Viruses;Duplodnaviria;Heunggongvirae;Uroviricota;Caudoviricetes;;
k127_62701	797	No terminal repeats	NA	1	11	0.8625	NA	1	1.7183	Viruses;Duplodnaviria;Heunggongvirae;Uroviricota;Caudoviricetes;;
k127_444188	311	No terminal repeats	NA	1	11	0.8618	NA	1	1.1262	Viruses;Duplodnaviria;Heunggongvirae;Uroviricota;Caudoviricetes;;
k127_54917	483	No terminal repeats	NA	1	11	0.8616	NA	1	1.4850	Viruses;Duplodnaviria;Heunggongvirae;Uroviricota;Caudoviricetes;;
k127_165904	847	No terminal repeats	NA	2	11	0.8615	NA	1	3.3184	Viruses;Duplodnaviria;Heunggongvirae;Uroviricota;Caudoviricetes;;
k127_129658	351	No terminal repeats	NA	1	11	0.8614	NA	1	1.4880	Viruses;Duplodnaviria;Heunggongvirae;Uroviricota;Caudoviricetes;;
k127_27900	888	No terminal repeats	NA	1	11	0.8607	NA	1	1.4749	Viruses;Duplodnaviria;Heunggongvirae;Uroviricota;Caudoviricetes;;
k127_113986	376	No terminal repeats	NA	1	11	0.8604	NA	1	1.2934	Viruses;Duplodnaviria;Heunggongvirae;Uroviricota;Caudoviricetes;;
k127_513120	1138	No terminal repeats	NA	3	11	0.8602	NA	1	2.9204	Viruses;Duplodnaviria;Heunggongvirae;Uroviricota;Caudoviricetes;;Drexlerviridae
k127_29882	621	No terminal repeats	NA	1	11	0.8602	NA	1	1.1904	Viruses;Duplodnaviria;Heunggongvirae;Uroviricota;Caudoviricetes;;
k127_164425	322	No terminal repeats	NA	1	11	0.8592	NA	1	1.0089	Viruses;Duplodnaviria;Heunggongvirae;Uroviricota;Caudoviricetes;;
k127_198963	2172	No terminal repeats	NA	2	11	0.8589	NA	1	1.7183	Viruses;Riboviria;Orthornavirae;Pisuviricota;Duplopiviricetes;Durnavirales;Partitiviridae
k127_646062	369	No terminal repeats	NA	1	11	0.8585	NA	1	1.4749	Viruses;Duplodnaviria;Heunggongvirae;Uroviricota;Caudoviricetes;;
k127_212409	890	No terminal repeats	NA	1	11	0.8578	NA	1	1.4749	Viruses;Duplodnaviria;Heunggongvirae;Uroviricota;Caudoviricetes;;
k127_15383	1311	No terminal repeats	NA	1	11	0.8574	NA	1	1.7183	Viruses;Duplodnaviria;Heunggongvirae;Uroviricota;Caudoviricetes;;Drexlerviridae
k127_451529	366	No terminal repeats	NA	1	11	0.8562	NA	1	1.1215	Viruses;Duplodnaviria;Heunggongvirae;Uroviricota;Caudoviricetes;;
k127_43154	1577	No terminal repeats	NA	2	11	0.8558	NA	1	2.4083	Viruses;Duplodnaviria;Heunggongvirae;Uroviricota;Caudoviricetes;;
k127_154773	425	No terminal repeats	NA	1	11	0.8555	NA	1	1.4595	Viruses;Duplodnaviria;Heunggongvirae;Uroviricota;Caudoviricetes;;
k127_574395	344	No terminal repeats	NA	1	11	0.8552	NA	1	1.7183	Viruses;Duplodnaviria;Heunggongvirae;Uroviricota;Caudoviricetes;;
k127_285277	392	No terminal repeats	NA	1	11	0.8551	NA	1	1.7183	Viruses;Duplodnaviria;Heunggongvirae;Uroviricota;Caudoviricetes;;
k127_177578	724	No terminal repeats	NA	1	11	0.8547	NA	1	1.7183	Viruses;Duplodnaviria;Heunggongvirae;Uroviricota;Caudoviricetes;;
k127_310598	451	No terminal repeats	NA	1	11	0.8535	NA	1	1.0597	Unclassified
k127_182847	423	No terminal repeats	NA	1	11	0.8533	NA	1	1.0383	Viruses;Duplodnaviria;Heunggongvirae;Uroviricota;Caudoviricetes;;
k127_586226	762	No terminal repeats	NA	2	11	0.8527	NA	1	1.7183	Viruses;Duplodnaviria;Heunggongvirae;Uroviricota;Caudoviricetes;;
k127_606703	522	No terminal repeats	NA	2	11	0.8512	NA	1	1.1215	Viruses;Duplodnaviria;Heunggongvirae;Uroviricota;Caudoviricetes;;
k127_177076	341	No terminal repeats	NA	1	11	0.8493	NA	1	1.4880	Viruses;Duplodnaviria;Heunggongvirae;Uroviricota;Caudoviricetes;;
k127_634209	839	No terminal repeats	NA	1	11	0.8489	NA	1	1.7183	Viruses;Duplodnaviria;Heunggongvirae;Uroviricota;Caudoviricetes;;
k127_292685	824	No terminal repeats	NA	1	11	0.8486	NA	1	1.7183	Viruses;Duplodnaviria;Heunggongvirae;Uroviricota;Caudoviricetes;;
k127_549607	533	No terminal repeats	NA	1	11	0.8435	NA	1	1.7183	Viruses;Duplodnaviria;Heunggongvirae;Uroviricota;Caudoviricetes;;Drexlerviridae
k127_117954	3058	No terminal repeats	NA	3	11	0.8434	NA	0	3.1062	Viruses;Duplodnaviria;Heunggongvirae;Uroviricota;Caudoviricetes;;
k127_227084	439	No terminal repeats	NA	2	11	0.8427	NA	1	1.7183	Viruses;Duplodnaviria;Heunggongvirae;Uroviricota;Caudoviricetes;;
k127_180659	946	No terminal repeats	NA	1	11	0.8409	NA	1	1.7183	Viruses;Riboviria;Orthornavirae;;;;
k127_466315	536	No terminal repeats	NA	2	11	0.8406	NA	1	1.2902	Viruses;Duplodnaviria;Heunggongvirae;Uroviricota;Caudoviricetes;;
k127_110892	1137	No terminal repeats	NA	2	11	0.8399	NA	1	1.1038	Viruses;Duplodnaviria;Heunggongvirae;Uroviricota;Caudoviricetes;;
k127_630202	666	No terminal repeats	NA	1	11	0.8397	NA	1	1.7183	Viruses;Duplodnaviria;Heunggongvirae;Uroviricota;Caudoviricetes;;Drexlerviridae
k127_536825	311	No terminal repeats	NA	1	11	0.8393	NA	1	1.3050	Viruses;Duplodnaviria;Heunggongvirae;Uroviricota;Caudoviricetes;;
k127_565546	392	No terminal repeats	NA	2	11	0.8387	NA	1	1.1262	Viruses;Duplodnaviria;Heunggongvirae;Uroviricota;Caudoviricetes;;
k127_241444	543	No terminal repeats	NA	1	11	0.8387	NA	1	1.5379	Viruses;Duplodnaviria;Heunggongvirae;Uroviricota;Caudoviricetes;;
k127_45866	1140	No terminal repeats	NA	1	11	0.8380	NA	1	1.7183	Viruses;Duplodnaviria;Heunggongvirae;Uroviricota;Caudoviricetes;;Drexlerviridae
k127_547695	1109	No terminal repeats	NA	1	11	0.8380	NA	1	1.7183	Viruses;Duplodnaviria;Heunggongvirae;Uroviricota;Caudoviricetes;;
k127_617518	956	No terminal repeats	NA	1	11	0.8375	NA	1	1.7183	Viruses;Duplodnaviria;Heunggongvirae;Uroviricota;Caudoviricetes;;Drexlerviridae
k127_496325	365	No terminal repeats	NA	1	11	0.8369	NA	1	1.7183	Viruses;Duplodnaviria;Heunggongvirae;Uroviricota;Caudoviricetes;;
k127_150889	672	No terminal repeats	NA	1	11	0.8348	NA	1	1.7183	Viruses;Duplodnaviria;Heunggongvirae;Uroviricota;Caudoviricetes;;
k127_363454	1079	No terminal repeats	NA	3	11	0.8329	NA	1	3.4366	Viruses;Duplodnaviria;Heunggongvirae;Uroviricota;Caudoviricetes;;Drexlerviridae
k127_33276	2544	No terminal repeats	NA	1	11	0.8316	NA	0	1.7183	Viruses;Duplodnaviria;Heunggongvirae;Uroviricota;Caudoviricetes;;
k127_27535	360	No terminal repeats	NA	1	11	0.8305	NA	1	1.1499	Viruses;Duplodnaviria;Heunggongvirae;Uroviricota;Caudoviricetes;;
k127_145219	411	No terminal repeats	NA	1	11	0.8302	NA	1	1.2306	Viruses;Duplodnaviria;Heunggongvirae;Uroviricota;Caudoviricetes;;
k127_105455	364	No terminal repeats	NA	2	11	0.8297	NA	1	1.1262	Viruses;Duplodnaviria;Heunggongvirae;Uroviricota;Caudoviricetes;;
k127_114112	457	No terminal repeats	NA	1	11	0.8271	NA	1	1.2695	Viruses;Duplodnaviria;Heunggongvirae;Uroviricota;Caudoviricetes;;
k127_93210	658	No terminal repeats	NA	1	11	0.8255	NA	1	1.2306	Viruses;Duplodnaviria;Heunggongvirae;Uroviricota;Caudoviricetes;;
k127_642475	590	No terminal repeats	NA	2	11	0.8254	NA	1	1.1262	Viruses;Duplodnaviria;Heunggongvirae;Uroviricota;Caudoviricetes;;
k127_581675	962	No terminal repeats	NA	1	11	0.8248	NA	1	1.7183	Viruses;Duplodnaviria;Heunggongvirae;Uroviricota;Caudoviricetes;;
k127_270301	367	No terminal repeats	NA	1	11	0.8245	NA	1	1.7183	Unclassified
k127_134350	659	No terminal repeats	NA	2	11	0.8239	NA	1	1.7183	Viruses;Duplodnaviria;Heunggongvirae;Uroviricota;Caudoviricetes;;Herelleviridae
k127_50780	1366	No terminal repeats	NA	1	11	0.8233	NA	1	1.7183	Viruses;Duplodnaviria;Heunggongvirae;Uroviricota;Caudoviricetes;;
k127_386952	372	No terminal repeats	NA	1	11	0.8228	NA	1	1.3845	Viruses;Duplodnaviria;Heunggongvirae;Uroviricota;Caudoviricetes;;
k127_519717	519	No terminal repeats	NA	1	11	0.8224	NA	1	1.7183	Viruses;Duplodnaviria;Heunggongvirae;Uroviricota;Caudoviricetes;;
k127_69610	399	No terminal repeats	NA	1	11	0.8212	NA	1	1.4880	Viruses;Duplodnaviria;Heunggongvirae;Uroviricota;Caudoviricetes;;
k127_65712	547	No terminal repeats	NA	1	11	0.8206	NA	1	1.1211	Viruses;Duplodnaviria;Heunggongvirae;Uroviricota;Caudoviricetes;;
k127_518050	1379	No terminal repeats	NA	1	11	0.8187	NA	1	1.7183	Viruses;Duplodnaviria;Heunggongvirae;Uroviricota;Caudoviricetes;;
k127_465529	2573	No terminal repeats	NA	3	11	0.8180	NA	0	3.1850	Viruses;Duplodnaviria;Heunggongvirae;Uroviricota;Caudoviricetes;;
k127_394481	638	No terminal repeats	NA	1	11	0.8175	NA	1	1.7183	Viruses;Duplodnaviria;Heunggongvirae;Uroviricota;Caudoviricetes;;
k127_190966	664	No terminal repeats	NA	1	11	0.8175	NA	1	1.7183	Viruses;Duplodnaviria;Heunggongvirae;Uroviricota;Caudoviricetes;;
k127_246310	346	No terminal repeats	NA	1	11	0.8170	NA	1	1.3358	Viruses;Duplodnaviria;Heunggongvirae;Uroviricota;Caudoviricetes;;
k127_509638	1048	No terminal repeats	NA	1	11	0.8145	NA	1	1.4749	Viruses;Duplodnaviria;Heunggongvirae;Uroviricota;Caudoviricetes;;
k127_549919	388	No terminal repeats	NA	1	11	0.8139	NA	1	1.7183	Viruses;Duplodnaviria;Heunggongvirae;Uroviricota;Caudoviricetes;;
k127_568723	433	No terminal repeats	NA	1	11	0.8124	NA	1	1.4049	Viruses;Duplodnaviria;Heunggongvirae;Uroviricota;Caudoviricetes;;
k127_121023	408	No terminal repeats	NA	1	11	0.8119	NA	1	1.2306	Viruses;Duplodnaviria;Heunggongvirae;Uroviricota;Caudoviricetes;;
k127_384706	527	No terminal repeats	NA	1	11	0.8118	NA	1	1.2306	Viruses;Duplodnaviria;Heunggongvirae;Uroviricota;Caudoviricetes;;
k127_516836	745	No terminal repeats	NA	2	11	0.8093	NA	1	1.7183	Viruses;Duplodnaviria;Heunggongvirae;Uroviricota;Caudoviricetes;;
k127_215798	379	No terminal repeats	NA	1	11	0.8093	NA	1	1.7183	Viruses;Duplodnaviria;Heunggongvirae;Uroviricota;Caudoviricetes;;
k127_229732	327	No terminal repeats	NA	2	11	0.8091	NA	1	1.4506	Viruses;Duplodnaviria;Heunggongvirae;Uroviricota;Caudoviricetes;;
k127_347178	362	No terminal repeats	NA	1	11	0.8087	NA	1	1.7183	Viruses;Duplodnaviria;Heunggongvirae;Uroviricota;Caudoviricetes;;
k127_263732	560	No terminal repeats	NA	1	11	0.8079	NA	1	1.2306	Viruses;Duplodnaviria;Heunggongvirae;Uroviricota;Caudoviricetes;;
k127_233760	626	No terminal repeats	NA	1	11	0.8077	NA	1	1.7183	Viruses;Duplodnaviria;Heunggongvirae;Uroviricota;Caudoviricetes;;
k127_366053	499	No terminal repeats	NA	1	11	0.8071	NA	1	1.0383	Viruses;Duplodnaviria;Heunggongvirae;Uroviricota;Caudoviricetes;;
k127_308028	388	No terminal repeats	NA	2	11	0.8059	NA	1	1.6774	Viruses;Duplodnaviria;Heunggongvirae;Uroviricota;Caudoviricetes;;
k127_49008	1022	No terminal repeats	NA	1	11	0.8058	NA	1	1.7183	Viruses;Duplodnaviria;Heunggongvirae;Uroviricota;Caudoviricetes;;
k127_548572	556	No terminal repeats	NA	1	11	0.8056	NA	1	1.2277	Viruses;Duplodnaviria;Heunggongvirae;Uroviricota;Caudoviricetes;;
k127_19739	624	No terminal repeats	NA	1	11	0.8038	NA	1	1.7173	Viruses;Duplodnaviria;Heunggongvirae;Uroviricota;Caudoviricetes;;
k127_54841	322	No terminal repeats	NA	1	11	0.8038	NA	1	1.2802	Viruses;Duplodnaviria;Heunggongvirae;Uroviricota;Caudoviricetes;;
k127_617254	664	No terminal repeats	NA	1	11	0.8031	NA	1	1.7183	Viruses;Duplodnaviria;Heunggongvirae;Uroviricota;Caudoviricetes;;
k127_642599	622	No terminal repeats	NA	1	11	0.8026	NA	1	1.0487	Viruses;Duplodnaviria;Heunggongvirae;Uroviricota;Caudoviricetes;;
k127_636087	897	No terminal repeats	NA	1	11	0.8012	NA	1	1.2306	Viruses;Duplodnaviria;Heunggongvirae;Uroviricota;Caudoviricetes;;
k127_17308	434	No terminal repeats	NA	1	11	0.7999	NA	1	1.2997	Viruses;Duplodnaviria;Heunggongvirae;Uroviricota;Caudoviricetes;;
k127_381008	1487	No terminal repeats	NA	1	11	0.7994	NA	1	1.2306	Viruses;Duplodnaviria;Heunggongvirae;Uroviricota;Caudoviricetes;;
k127_343280	400	No terminal repeats	NA	1	11	0.7982	NA	1	1.4880	Viruses;Duplodnaviria;Heunggongvirae;Uroviricota;Caudoviricetes;;
k127_301042	766	No terminal repeats	NA	1	11	0.7981	NA	1	1.7183	Viruses;Duplodnaviria;Heunggongvirae;Uroviricota;Caudoviricetes;;
k127_32041	847	No terminal repeats	NA	1	11	0.7952	NA	1	1.7183	Viruses;Duplodnaviria;Heunggongvirae;Uroviricota;Caudoviricetes;;
k127_85697	846	No terminal repeats	NA	1	11	0.7943	NA	1	1.7183	Viruses;Duplodnaviria;Heunggongvirae;Uroviricota;Caudoviricetes;;
k127_81635	560	No terminal repeats	NA	2	11	0.7941	NA	1	1.7144	Viruses;Duplodnaviria;Heunggongvirae;Uroviricota;Caudoviricetes;;
k127_120734	370	No terminal repeats	NA	1	11	0.7939	NA	1	1.7161	Viruses;Duplodnaviria;Heunggongvirae;Uroviricota;Caudoviricetes;;
k127_411965	407	No terminal repeats	NA	1	11	0.7938	NA	1	1.3388	Viruses;Duplodnaviria;Heunggongvirae;Uroviricota;Caudoviricetes;;
k127_644663	430	No terminal repeats	NA	1	11	0.7915	NA	1	1.4880	Viruses;Duplodnaviria;Heunggongvirae;Uroviricota;Caudoviricetes;;
k127_501642	1215	No terminal repeats	NA	1	11	0.7894	NA	1	1.1092	Viruses;Duplodnaviria;Heunggongvirae;Uroviricota;Caudoviricetes;;
k127_445265	368	No terminal repeats	NA	1	11	0.7890	NA	1	1.1262	Viruses;Duplodnaviria;Heunggongvirae;Uroviricota;Caudoviricetes;;
k127_546487	767	No terminal repeats	NA	1	11	0.7887	NA	1	1.7183	Viruses;Duplodnaviria;Heunggongvirae;Uroviricota;Caudoviricetes;;
k127_168858	307	No terminal repeats	NA	1	11	0.7881	NA	1	1.4880	Viruses;Duplodnaviria;Heunggongvirae;Uroviricota;Caudoviricetes;;
k127_138850	427	No terminal repeats	NA	1	11	0.7856	NA	1	1.3572	Viruses;Duplodnaviria;Heunggongvirae;Uroviricota;Caudoviricetes;;
k127_127066	635	No terminal repeats	NA	1	11	0.7851	NA	1	1.7183	Viruses;Duplodnaviria;Heunggongvirae;Uroviricota;Caudoviricetes;;
k127_256151	348	No terminal repeats	NA	1	11	0.7849	NA	1	1.4506	Viruses;Duplodnaviria;Heunggongvirae;Uroviricota;Caudoviricetes;;
k127_76817	851	No terminal repeats	NA	1	11	0.7841	NA	1	1.7183	Viruses;Duplodnaviria;Heunggongvirae;Uroviricota;Caudoviricetes;;
k127_598256	315	No terminal repeats	NA	1	15	0.7839	NA	1	1.6912	Viruses;Duplodnaviria;Heunggongvirae;Uroviricota;Caudoviricetes;;
k127_385916	452	No terminal repeats	NA	2	11	0.7827	NA	1	1.3050	Viruses;Duplodnaviria;Heunggongvirae;Uroviricota;Caudoviricetes;;
k127_368784	461	No terminal repeats	NA	2	11	0.7815	NA	1	1.0851	Viruses;Duplodnaviria;Heunggongvirae;Uroviricota;Caudoviricetes;;
k127_443664	718	No terminal repeats	NA	1	11	0.7793	NA	1	1.3550	Viruses;Duplodnaviria;Heunggongvirae;Uroviricota;Caudoviricetes;;
k127_319292	473	No terminal repeats	NA	1	11	0.7766	NA	1	1.2814	Viruses;Duplodnaviria;Heunggongvirae;Uroviricota;Caudoviricetes;;
k127_483407	308	No terminal repeats	NA	1	11	0.7765	NA	1	1.7161	Viruses;Duplodnaviria;Heunggongvirae;Uroviricota;Caudoviricetes;;
k127_76206	314	No terminal repeats	NA	1	11	0.7761	NA	1	1.2632	Viruses;Duplodnaviria;Heunggongvirae;Uroviricota;Caudoviricetes;;
k127_95438	698	No terminal repeats	NA	1	11	0.7757	NA	1	1.4764	Viruses;Duplodnaviria;Heunggongvirae;Uroviricota;Caudoviricetes;;
k127_44785	722	No terminal repeats	NA	2	11	0.7756	NA	1	1.4693	Viruses;Duplodnaviria;Heunggongvirae;Uroviricota;Caudoviricetes;;
k127_441463	361	No terminal repeats	NA	1	11	0.7745	NA	1	1.2449	Viruses;Duplodnaviria;Heunggongvirae;Uroviricota;Caudoviricetes;;
k127_53003	1307	No terminal repeats	NA	1	11	0.7741	NA	1	0.9221	Viruses;Duplodnaviria;Heunggongvirae;Uroviricota;Caudoviricetes;;Straboviridae
k127_575118	325	No terminal repeats	NA	1	11	0.7738	NA	1	1.2695	Viruses;Duplodnaviria;Heunggongvirae;Uroviricota;Caudoviricetes;;
k127_473166	534	No terminal repeats	NA	2	11	0.7730	NA	1	1.7183	Viruses;Duplodnaviria;Heunggongvirae;Uroviricota;Caudoviricetes;;
k127_34153	3004	No terminal repeats	NA	2	11	0.7710	NA	0	1.7183	Unclassified
k127_263739	650	No terminal repeats	NA	1	11	0.7701	NA	1	1.2306	Viruses;Duplodnaviria;Heunggongvirae;Uroviricota;Caudoviricetes;;
k127_121368	858	No terminal repeats	NA	2	11	0.7670	NA	1	1.7183	Viruses;Duplodnaviria;Heunggongvirae;Uroviricota;Caudoviricetes;;
k127_133287	1017	No terminal repeats	NA	1	11	0.7668	NA	1	1.7183	Viruses;Duplodnaviria;Heunggongvirae;Uroviricota;Caudoviricetes;;Drexlerviridae
k127_414681	780	No terminal repeats	NA	2	11	0.7640	NA	1	1.7158	Unclassified
k127_449580	404	No terminal repeats	NA	1	11	0.7630	NA	1	1.1262	Viruses;Duplodnaviria;Heunggongvirae;Uroviricota;Caudoviricetes;;
k127_116196	877	No terminal repeats	NA	2	11	0.7626	NA	2	3.4040	Viruses;Duplodnaviria;Heunggongvirae;Uroviricota;Caudoviricetes;;Drexlerviridae
k127_246797	324	No terminal repeats	NA	1	11	0.7618	NA	1	1.2847	Viruses;Duplodnaviria;Heunggongvirae;Uroviricota;Caudoviricetes;;
k127_461618	796	No terminal repeats	NA	2	11	0.7617	NA	1	1.3030	Viruses;Duplodnaviria;Heunggongvirae;Uroviricota;Caudoviricetes;;
k127_508518	372	No terminal repeats	NA	1	11	0.7602	NA	1	1.4049	Viruses;Duplodnaviria;Heunggongvirae;Uroviricota;Caudoviricetes;;
k127_554051	3664	No terminal repeats	NA	2	11	0.7602	NA	0	0.0000	Unclassified
k127_81397	1107	No terminal repeats	NA	3	11	0.7591	NA	1	1.0851	Viruses;Duplodnaviria;Heunggongvirae;Uroviricota;Caudoviricetes;;
k127_498814	1007	No terminal repeats	NA	2	11	0.7576	NA	1	1.7183	Viruses;Duplodnaviria;Heunggongvirae;Uroviricota;Caudoviricetes;;
k127_648540	521	No terminal repeats	NA	1	11	0.7569	NA	1	1.7020	Viruses;Duplodnaviria;Heunggongvirae;Uroviricota;Caudoviricetes;;
k127_212765	453	No terminal repeats	NA	1	11	0.7558	NA	1	1.6407	Viruses;Duplodnaviria;Heunggongvirae;Uroviricota;Caudoviricetes;;
k127_6172	854	No terminal repeats	NA	1	11	0.7555	NA	1	1.7183	Viruses;Duplodnaviria;Heunggongvirae;Uroviricota;Caudoviricetes;;
k127_622251	736	No terminal repeats	NA	1	11	0.7548	NA	1	1.7183	Viruses;Duplodnaviria;Heunggongvirae;Uroviricota;Caudoviricetes;;
k127_542988	689	No terminal repeats	NA	1	11	0.7530	NA	1	1.2306	Viruses;Duplodnaviria;Heunggongvirae;Uroviricota;Caudoviricetes;;
k127_101413	306	No terminal repeats	NA	1	11	0.7512	NA	1	1.4903	Viruses;Duplodnaviria;Heunggongvirae;Uroviricota;Caudoviricetes;;
k127_348616	1049	No terminal repeats	NA	1	11	0.7495	NA	1	1.7136	Viruses;Duplodnaviria;Heunggongvirae;Uroviricota;Caudoviricetes;;
k127_273831	500	No terminal repeats	NA	2	11	0.7494	NA	1	1.4506	Viruses;Duplodnaviria;Heunggongvirae;Uroviricota;Caudoviricetes;;
k127_490316	365	No terminal repeats	NA	1	11	0.7476	NA	1	1.7161	Viruses;Duplodnaviria;Heunggongvirae;Uroviricota;Caudoviricetes;;
k127_465683	2992	No terminal repeats	NA	2	11	0.7462	NA	0	1.7183	Unclassified
k127_603286	443	No terminal repeats	NA	2	11	0.7461	NA	1	1.4506	Viruses;Duplodnaviria;Heunggongvirae;Uroviricota;Caudoviricetes;;
k127_292210	1845	No terminal repeats	NA	3	11	0.7450	NA	1	1.7183	Viruses;Riboviria;Orthornavirae;Pisuviricota;Stelpaviricetes;Patatavirales;Potyviridae
k127_479479	878	No terminal repeats	NA	2	11	0.7426	NA	1	1.7161	Viruses;Duplodnaviria;Heunggongvirae;Uroviricota;Caudoviricetes;;
k127_229679	527	No terminal repeats	NA	1	11	0.7412	NA	1	1.0383	Viruses;Duplodnaviria;Heunggongvirae;Uroviricota;Caudoviricetes;;
k127_302088	859	No terminal repeats	NA	1	11	0.7394	NA	1	1.2306	Viruses;Duplodnaviria;Heunggongvirae;Uroviricota;Caudoviricetes;;
k127_29900	316	No terminal repeats	NA	1	11	0.7345	NA	1	1.3686	Viruses;Duplodnaviria;Heunggongvirae;Uroviricota;Caudoviricetes;;Drexlerviridae
k127_618076	470	No terminal repeats	NA	1	11	0.7325	NA	1	1.1904	Viruses;Duplodnaviria;Heunggongvirae;Uroviricota;Caudoviricetes;;
k127_211091	336	No terminal repeats	NA	1	11	0.7303	NA	1	1.3050	Viruses;Duplodnaviria;Heunggongvirae;Uroviricota;Caudoviricetes;;
k127_408961	574	No terminal repeats	NA	2	11	0.7297	NA	1	0.9531	Viruses;Duplodnaviria;Heunggongvirae;Uroviricota;Caudoviricetes;;
k127_296884	1342	No terminal repeats	NA	2	11	0.7258	NA	1	1.7183	Viruses;Duplodnaviria;Heunggongvirae;Uroviricota;Caudoviricetes;;
k127_360483	1211	No terminal repeats	NA	1	11	0.7245	NA	1	1.7183	Viruses;Duplodnaviria;Heunggongvirae;Uroviricota;Caudoviricetes;;
k127_585733	624	No terminal repeats	NA	1	11	0.7230	NA	1	1.1904	Viruses;Duplodnaviria;Heunggongvirae;Uroviricota;Caudoviricetes;;
k127_276984	1155	No terminal repeats	NA	1	11	0.7225	NA	1	1.7183	Viruses;Riboviria;Orthornavirae;Pisuviricota;Pisoniviricetes;Sobelivirales;Solemoviridae
k127_76911	551	No terminal repeats	NA	2	11	0.7208	NA	1	3.2932	Viruses;Duplodnaviria;Heunggongvirae;Uroviricota;Caudoviricetes;;
k127_619835	589	No terminal repeats	NA	1	11	0.7207	NA	1	0.9221	Viruses;Duplodnaviria;Heunggongvirae;Uroviricota;Caudoviricetes;;Straboviridae
k127_483779	351	No terminal repeats	NA	1	11	0.7199	NA	1	1.5379	Viruses;Duplodnaviria;Heunggongvirae;Uroviricota;Caudoviricetes;;
k127_476995	1249	No terminal repeats	NA	2	11	0.7199	NA	1	1.7183	Viruses;Duplodnaviria;Heunggongvirae;Uroviricota;Caudoviricetes;;
k127_213101	375	No terminal repeats	NA	1	11	0.7195	NA	1	1.1262	Viruses;Duplodnaviria;Heunggongvirae;Uroviricota;Caudoviricetes;;
k127_217907	668	No terminal repeats	NA	1	11	0.7181	NA	1	1.3358	Viruses;Duplodnaviria;Heunggongvirae;Uroviricota;Caudoviricetes;;
k127_439885	313	No terminal repeats	NA	1	11	0.7177	NA	1	1.6774	Viruses;Duplodnaviria;Heunggongvirae;Uroviricota;Caudoviricetes;;
k127_633686	713	No terminal repeats	NA	1	11	0.7176	NA	1	1.4063	Viruses;Duplodnaviria;Heunggongvirae;Uroviricota;Caudoviricetes;;
k127_503226	712	No terminal repeats	NA	1	11	0.7174	NA	1	1.1904	Viruses;Duplodnaviria;Heunggongvirae;Uroviricota;Caudoviricetes;;
k127_553024	831	No terminal repeats	NA	2	11	0.7170	NA	1	1.7173	Viruses;Duplodnaviria;Heunggongvirae;Uroviricota;Caudoviricetes;;
k127_193480	339	No terminal repeats	NA	2	11	0.7166	NA	1	1.5749	Viruses;Duplodnaviria;Heunggongvirae;Uroviricota;Caudoviricetes;;
k127_206411	597	No terminal repeats	NA	2	11	0.7156	NA	1	1.0851	Viruses;Duplodnaviria;Heunggongvirae;Uroviricota;Caudoviricetes;;
k127_29314	309	No terminal repeats	NA	1	11	0.7143	NA	1	1.6379	Viruses;Duplodnaviria;Heunggongvirae;Uroviricota;Caudoviricetes;;
k127_35764	347	No terminal repeats	NA	1	11	0.7117	NA	1	1.4597	Viruses;Duplodnaviria;Heunggongvirae;Uroviricota;Caudoviricetes;;
k127_234952	637	No terminal repeats	NA	2	11	0.7102	NA	1	1.7183	Viruses;Duplodnaviria;Heunggongvirae;Uroviricota;Caudoviricetes;;
k127_641214	659	No terminal repeats	NA	2	11	0.7072	NA	1	1.2306	Viruses;Duplodnaviria;Heunggongvirae;Uroviricota;Caudoviricetes;;
k127_227200	802	No terminal repeats	NA	1	11	0.7031	NA	1	1.7183	Viruses;Duplodnaviria;Heunggongvirae;Uroviricota;Caudoviricetes;;
k127_501292	319	No terminal repeats	NA	2	11	0.7002	NA	1	1.1262	Viruses;Duplodnaviria;Heunggongvirae;Uroviricota;Caudoviricetes;;
k127_528666	833	No terminal repeats	NA	1	11	0.7001	NA	1	1.4880	Viruses;Duplodnaviria;Heunggongvirae;Uroviricota;Caudoviricetes;;
