seq_name	length	topology	coordinates	n_genes	genetic_code	virus_score	fdr	n_hallmarks	marker_enrichment	taxonomy
k127_168547	9847	No terminal repeats	NA	15	11	0.9818	NA	4	17.6563	Viruses;Duplodnaviria;Heunggongvirae;Uroviricota;Caudoviricetes;;
k127_9432	5571	No terminal repeats	NA	9	11	0.9818	NA	2	8.1442	Viruses;Duplodnaviria;Heunggongvirae;Uroviricota;Caudoviricetes;;
k127_293407	10320	No terminal repeats	NA	13	11	0.9800	NA	3	14.1321	Viruses;Duplodnaviria;Heunggongvirae;Uroviricota;Caudoviricetes;;
k127_76486	20404	No terminal repeats	NA	20	11	0.9794	NA	2	17.9216	Viruses;Duplodnaviria;Heunggongvirae;Uroviricota;Caudoviricetes;;
k127_147353	10553	No terminal repeats	NA	12	11	0.9766	NA	4	6.3992	Viruses;Duplodnaviria;Heunggongvirae;Uroviricota;Caudoviricetes;;
k127_263033	19504	No terminal repeats	NA	36	11	0.9745	NA	3	18.3895	Viruses;Duplodnaviria;Heunggongvirae;Uroviricota;Caudoviricetes;;
k127_239694	12830	No terminal repeats	NA	22	11	0.9745	NA	1	8.9396	Viruses;Duplodnaviria;Heunggongvirae;Uroviricota;Caudoviricetes;;
k127_97818	8558	No terminal repeats	NA	15	11	0.9726	NA	0	7.8955	Viruses;Duplodnaviria;Heunggongvirae;Uroviricota;Caudoviricetes;;
k127_123793	2862	No terminal repeats	NA	2	11	0.9673	NA	0	1.7183	Unclassified
k127_86522	358	No terminal repeats	NA	1	11	0.9649	NA	1	1.7183	Viruses;Duplodnaviria;Heunggongvirae;Uroviricota;Caudoviricetes;;
k127_227390	408	No terminal repeats	NA	1	11	0.9647	NA	1	1.4840	Unclassified
k127_218755	4187	No terminal repeats	NA	7	11	0.9645	NA	5	8.4434	Viruses;Duplodnaviria;Heunggongvirae;Uroviricota;Caudoviricetes;;
k127_162605	391	No terminal repeats	NA	1	11	0.9610	NA	1	1.4595	Viruses;Duplodnaviria;Heunggongvirae;Uroviricota;Caudoviricetes;;
k127_152406	341	No terminal repeats	NA	1	11	0.9607	NA	1	1.7183	Viruses;Duplodnaviria;Heunggongvirae;Uroviricota;Caudoviricetes;;
k127_256547	328	No terminal repeats	NA	1	11	0.9605	NA	1	1.7183	Viruses;Duplodnaviria;Heunggongvirae;Uroviricota;Caudoviricetes;;
k127_91436	389	No terminal repeats	NA	2	11	0.9603	NA	1	3.4366	Viruses;Duplodnaviria;Heunggongvirae;Uroviricota;Caudoviricetes;;
k127_213389	2521	No terminal repeats	NA	2	11	0.9601	NA	0	3.4189	Viruses;Duplodnaviria;Heunggongvirae;Uroviricota;Caudoviricetes;;
k127_280638	334	No terminal repeats	NA	1	11	0.9601	NA	1	1.7183	Viruses;Duplodnaviria;Heunggongvirae;Uroviricota;Caudoviricetes;;
k127_264014	5107	No terminal repeats	NA	6	11	0.9599	NA	0	2.9782	Viruses;Duplodnaviria;Heunggongvirae;Uroviricota;Caudoviricetes;;
k127_122498	341	No terminal repeats	NA	1	11	0.9597	NA	1	1.4756	Viruses;Duplodnaviria;Heunggongvirae;Uroviricota;Caudoviricetes;;
k127_24120	28244	No terminal repeats	NA	54	11	0.9591	NA	6	20.0556	Viruses;Duplodnaviria;Heunggongvirae;Uroviricota;Caudoviricetes;;
k127_245608	391	No terminal repeats	NA	1	11	0.9581	NA	1	1.4698	Viruses;Duplodnaviria;Heunggongvirae;Uroviricota;Caudoviricetes;;
k127_326089	406	No terminal repeats	NA	1	11	0.9575	NA	1	1.7183	Unclassified
k127_207621	320	No terminal repeats	NA	1	11	0.9570	NA	1	1.7183	Viruses;Duplodnaviria;Heunggongvirae;Uroviricota;Caudoviricetes;;
k127_185275	2922	No terminal repeats	NA	5	11	0.9567	NA	0	3.4366	Viruses;Duplodnaviria;Heunggongvirae;Uroviricota;Caudoviricetes;;
k127_44370	396	No terminal repeats	NA	1	11	0.9566	NA	1	1.4595	Viruses;Duplodnaviria;Heunggongvirae;Uroviricota;Caudoviricetes;;
k127_21518	443	No terminal repeats	NA	1	11	0.9557	NA	1	1.7183	Viruses;Duplodnaviria;Heunggongvirae;Uroviricota;Caudoviricetes;;
k127_151511	580	No terminal repeats	NA	1	11	0.9553	NA	1	1.7183	Viruses;Duplodnaviria;Heunggongvirae;Uroviricota;Caudoviricetes;;
k127_101698	437	No terminal repeats	NA	1	11	0.9551	NA	1	1.7183	Unclassified
k127_118609	1497	No terminal repeats	NA	3	11	0.9546	NA	2	4.7602	Viruses;Duplodnaviria;Heunggongvirae;Uroviricota;Caudoviricetes;;
k127_246748	416	No terminal repeats	NA	1	11	0.9545	NA	1	1.7183	Viruses;Duplodnaviria;Heunggongvirae;Uroviricota;Caudoviricetes;;
k127_179267	366	No terminal repeats	NA	1	11	0.9542	NA	1	1.7183	Viruses;Duplodnaviria;Heunggongvirae;Uroviricota;Caudoviricetes;;
k127_79135	378	No terminal repeats	NA	2	11	0.9542	NA	1	1.7183	Viruses;Duplodnaviria;Heunggongvirae;Uroviricota;Caudoviricetes;;Herelleviridae
k127_1940	2705	No terminal repeats	NA	5	11	0.9538	NA	1	3.0158	Viruses;Duplodnaviria;Heunggongvirae;Uroviricota;Caudoviricetes;;
k127_78630	440	No terminal repeats	NA	1	11	0.9522	NA	1	1.7183	Viruses;Duplodnaviria;Heunggongvirae;Uroviricota;Caudoviricetes;;Drexlerviridae
k127_301493	447	No terminal repeats	NA	1	11	0.9520	NA	1	1.5202	Viruses;Duplodnaviria;Heunggongvirae;Uroviricota;Caudoviricetes;;
k127_188227	325	No terminal repeats	NA	1	11	0.9520	NA	1	1.7183	Viruses;Duplodnaviria;Heunggongvirae;Uroviricota;Caudoviricetes;;
k127_79527	330	No terminal repeats	NA	1	11	0.9518	NA	1	1.7183	Viruses;Duplodnaviria;Heunggongvirae;Uroviricota;Caudoviricetes;;
k127_229284	411	No terminal repeats	NA	1	11	0.9494	NA	1	1.7183	Viruses;Duplodnaviria;Heunggongvirae;Uroviricota;Caudoviricetes;;
k127_265218	353	No terminal repeats	NA	1	11	0.9484	NA	1	1.7183	Viruses;Duplodnaviria;Heunggongvirae;Uroviricota;Caudoviricetes;;
k127_316154	447	No terminal repeats	NA	1	11	0.9484	NA	1	1.7183	Viruses;Duplodnaviria;Heunggongvirae;Uroviricota;Caudoviricetes;;
k127_171591	497	No terminal repeats	NA	1	11	0.9475	NA	1	1.7183	Viruses;Duplodnaviria;Heunggongvirae;Uroviricota;Caudoviricetes;;
k127_319453	370	No terminal repeats	NA	1	11	0.9474	NA	1	1.2201	Viruses;Duplodnaviria;Heunggongvirae;Uroviricota;Caudoviricetes;;
k127_93060	338	No terminal repeats	NA	1	11	0.9450	NA	1	1.7183	Viruses;Duplodnaviria;Heunggongvirae;Uroviricota;Caudoviricetes;;
k127_340643	436	No terminal repeats	NA	1	11	0.9438	NA	1	1.7183	Viruses;Duplodnaviria;Heunggongvirae;Uroviricota;Caudoviricetes;;
k127_235967	301	No terminal repeats	NA	2	11	0.9438	NA	1	1.7183	Unclassified
k127_43711	555	No terminal repeats	NA	1	11	0.9432	NA	1	1.4699	Viruses;Duplodnaviria;Heunggongvirae;Uroviricota;Caudoviricetes;;
k127_55263	324	No terminal repeats	NA	1	11	0.9431	NA	1	1.7183	Viruses;Duplodnaviria;Heunggongvirae;Uroviricota;Caudoviricetes;;
k127_275819	451	No terminal repeats	NA	1	11	0.9427	NA	1	1.7183	Viruses;Duplodnaviria;Heunggongvirae;Uroviricota;Caudoviricetes;;
k127_338003	305	No terminal repeats	NA	1	11	0.9426	NA	1	1.7183	Viruses;Duplodnaviria;Heunggongvirae;Uroviricota;Caudoviricetes;;Straboviridae
k127_350163	643	No terminal repeats	NA	2	11	0.9423	NA	1	3.4366	Viruses;Duplodnaviria;Heunggongvirae;Uroviricota;Caudoviricetes;;
k127_127454	3612	No terminal repeats	NA	8	11	0.9412	NA	0	3.1348	Viruses;Duplodnaviria;Heunggongvirae;Uroviricota;Caudoviricetes;;
k127_222133	1065	No terminal repeats	NA	2	11	0.9410	NA	1	3.0037	Viruses;Duplodnaviria;Heunggongvirae;Uroviricota;Caudoviricetes;;
k127_262910	2919	No terminal repeats	NA	8	11	0.9407	NA	0	2.9306	Viruses;Duplodnaviria;Heunggongvirae;Uroviricota;Caudoviricetes;;
k127_328441	360	No terminal repeats	NA	1	11	0.9405	NA	1	1.2087	Viruses;Duplodnaviria;Heunggongvirae;Uroviricota;Caudoviricetes;;
k127_68749	459	No terminal repeats	NA	1	11	0.9397	NA	1	1.7183	Viruses;Duplodnaviria;Heunggongvirae;Uroviricota;Caudoviricetes;;
k127_106383	421	No terminal repeats	NA	1	11	0.9395	NA	1	1.7183	Viruses;Duplodnaviria;Heunggongvirae;Uroviricota;Caudoviricetes;;
k127_303584	456	No terminal repeats	NA	1	11	0.9394	NA	1	1.7183	Viruses;Duplodnaviria;Heunggongvirae;Uroviricota;Caudoviricetes;;
k127_123997	353	No terminal repeats	NA	1	11	0.9394	NA	1	1.7183	Viruses;Duplodnaviria;Heunggongvirae;Uroviricota;Caudoviricetes;;
k127_297792	426	No terminal repeats	NA	1	11	0.9390	NA	1	1.7183	Unclassified
k127_230676	438	No terminal repeats	NA	1	11	0.9383	NA	1	1.7183	Viruses;Duplodnaviria;Heunggongvirae;Uroviricota;Caudoviricetes;;
k127_158053	485	No terminal repeats	NA	1	11	0.9367	NA	1	1.7183	Viruses;Duplodnaviria;Heunggongvirae;Uroviricota;Caudoviricetes;;
k127_214921	740	No terminal repeats	NA	1	11	0.9367	NA	1	1.7183	Viruses;Duplodnaviria;Heunggongvirae;Uroviricota;Caudoviricetes;;
k127_195282	717	No terminal repeats	NA	1	11	0.9362	NA	1	1.7183	Viruses;Duplodnaviria;Heunggongvirae;Uroviricota;Caudoviricetes;;
k127_258402	632	No terminal repeats	NA	2	11	0.9354	NA	1	1.4242	Viruses;Duplodnaviria;Heunggongvirae;Uroviricota;Caudoviricetes;;
k127_251912	327	No terminal repeats	NA	1	11	0.9352	NA	1	1.5032	Viruses;Duplodnaviria;Heunggongvirae;Uroviricota;Caudoviricetes;;
k127_207599	3013	No terminal repeats	NA	9	11	0.9352	NA	0	4.3000	Viruses;Duplodnaviria;Heunggongvirae;Uroviricota;Caudoviricetes;;
k127_137867	333	No terminal repeats	NA	1	11	0.9350	NA	1	1.7183	Viruses;Duplodnaviria;Heunggongvirae;Uroviricota;Caudoviricetes;;
k127_59058	397	No terminal repeats	NA	1	11	0.9340	NA	1	1.7183	Viruses;Duplodnaviria;Heunggongvirae;Uroviricota;Caudoviricetes;;
k127_2603	585	No terminal repeats	NA	1	11	0.9321	NA	1	1.7183	Viruses;Duplodnaviria;Heunggongvirae;Uroviricota;Caudoviricetes;;
k127_217983	416	No terminal repeats	NA	2	11	0.9320	NA	1	1.7183	Unclassified
k127_164004	301	No terminal repeats	NA	1	11	0.9313	NA	1	1.4357	Viruses;Duplodnaviria;Heunggongvirae;Uroviricota;Caudoviricetes;;
k127_351513	4711	No terminal repeats	NA	8	11	0.9309	NA	1	4.7661	Viruses;Duplodnaviria;Heunggongvirae;Uroviricota;Caudoviricetes;;
k127_291211	400	No terminal repeats	NA	1	11	0.9306	NA	1	1.7183	Viruses;Duplodnaviria;Heunggongvirae;Uroviricota;Caudoviricetes;;
k127_192489	303	No terminal repeats	NA	1	11	0.9302	NA	1	1.3867	Viruses;Duplodnaviria;Heunggongvirae;Uroviricota;Caudoviricetes;;
k127_220394	308	No terminal repeats	NA	1	11	0.9297	NA	1	1.7183	Viruses;Duplodnaviria;Heunggongvirae;Uroviricota;Caudoviricetes;;
k127_336595	304	No terminal repeats	NA	1	11	0.9290	NA	1	1.5961	Unclassified
k127_151735	1568	No terminal repeats	NA	1	11	0.9285	NA	1	1.7183	Unclassified
k127_186462	330	No terminal repeats	NA	1	11	0.9277	NA	1	1.2087	Viruses;Duplodnaviria;Heunggongvirae;Uroviricota;Caudoviricetes;;
k127_337186	350	No terminal repeats	NA	1	11	0.9269	NA	1	1.7183	Viruses;Duplodnaviria;Heunggongvirae;Uroviricota;Caudoviricetes;;
k127_118730	373	No terminal repeats	NA	1	11	0.9264	NA	1	1.4464	Viruses;Duplodnaviria;Heunggongvirae;Uroviricota;Caudoviricetes;;
k127_102579	498	No terminal repeats	NA	1	11	0.9257	NA	1	1.2306	Viruses;Duplodnaviria;Heunggongvirae;Uroviricota;Caudoviricetes;;
k127_87044	753	No terminal repeats	NA	1	11	0.9256	NA	1	1.7183	Viruses;Duplodnaviria;Heunggongvirae;Uroviricota;Caudoviricetes;;
k127_246913	311	No terminal repeats	NA	2	11	0.9247	NA	1	1.7183	Unclassified
k127_66566	307	No terminal repeats	NA	1	11	0.9238	NA	1	1.7183	Viruses;Duplodnaviria;Heunggongvirae;Uroviricota;Caudoviricetes;;
k127_358268	383	No terminal repeats	NA	1	11	0.9237	NA	1	1.4595	Viruses;Duplodnaviria;Heunggongvirae;Uroviricota;Caudoviricetes;;
k127_193875	544	No terminal repeats	NA	2	11	0.9223	NA	1	1.7183	Viruses;Duplodnaviria;Heunggongvirae;Uroviricota;Caudoviricetes;;
k127_75634	429	No terminal repeats	NA	1	11	0.9210	NA	1	1.7183	Viruses;Duplodnaviria;Heunggongvirae;Uroviricota;Caudoviricetes;;
k127_208302	1477	No terminal repeats	NA	1	11	0.9197	NA	1	1.7183	Viruses;Duplodnaviria;Heunggongvirae;Uroviricota;Caudoviricetes;;
k127_307703	312	No terminal repeats	NA	1	11	0.9191	NA	1	1.4597	Viruses;Duplodnaviria;Heunggongvirae;Uroviricota;Caudoviricetes;;
k127_172983	343	No terminal repeats	NA	2	11	0.9189	NA	1	1.7183	Unclassified
k127_67373	503	No terminal repeats	NA	1	11	0.9188	NA	1	1.7183	Viruses;Duplodnaviria;Heunggongvirae;Uroviricota;Caudoviricetes;;
k127_99107	518	No terminal repeats	NA	1	11	0.9185	NA	1	1.7183	Viruses;Duplodnaviria;Heunggongvirae;Uroviricota;Caudoviricetes;;
k127_229028	857	No terminal repeats	NA	1	11	0.9183	NA	1	1.7183	Viruses;Duplodnaviria;Heunggongvirae;Uroviricota;Caudoviricetes;;
k127_186197	344	No terminal repeats	NA	1	11	0.9169	NA	1	1.4749	Viruses;Duplodnaviria;Heunggongvirae;Uroviricota;Caudoviricetes;;
k127_42044	412	No terminal repeats	NA	1	11	0.9163	NA	1	1.3273	Viruses;Duplodnaviria;Heunggongvirae;Uroviricota;Caudoviricetes;;
k127_263167	382	No terminal repeats	NA	1	11	0.9159	NA	1	1.7183	Viruses;Duplodnaviria;Heunggongvirae;Uroviricota;Caudoviricetes;;
k127_100533	1719	No terminal repeats	NA	1	11	0.9159	NA	1	1.5978	Viruses;Duplodnaviria;Heunggongvirae;Uroviricota;Caudoviricetes;;
k127_77355	444	No terminal repeats	NA	1	11	0.9158	NA	1	1.7183	Viruses;Duplodnaviria;Heunggongvirae;Uroviricota;Caudoviricetes;;
k127_111529	316	No terminal repeats	NA	1	11	0.9156	NA	1	1.4749	Viruses;Duplodnaviria;Heunggongvirae;Uroviricota;Caudoviricetes;;
k127_330509	828	No terminal repeats	NA	1	11	0.9150	NA	1	1.7183	Viruses;Duplodnaviria;Heunggongvirae;Uroviricota;Caudoviricetes;;
k127_94557	5646	No terminal repeats	NA	15	11	0.9134	NA	0	1.2014	Viruses;Duplodnaviria;Heunggongvirae;Uroviricota;Caudoviricetes;;
k127_107048	380	No terminal repeats	NA	1	11	0.9133	NA	1	1.6282	Viruses;Duplodnaviria;Heunggongvirae;Uroviricota;Caudoviricetes;;
k127_309294	329	No terminal repeats	NA	1	11	0.9118	NA	1	1.7183	Viruses;Duplodnaviria;Heunggongvirae;Uroviricota;Caudoviricetes;;
k127_112244	478	No terminal repeats	NA	1	11	0.9105	NA	1	1.7183	Viruses;Duplodnaviria;Heunggongvirae;Uroviricota;Caudoviricetes;;
k127_325672	6629	No terminal repeats	NA	15	11	0.9104	NA	0	4.6979	Viruses;Duplodnaviria;Heunggongvirae;Uroviricota;Caudoviricetes;;
k127_303156	764	No terminal repeats	NA	1	11	0.9092	NA	1	1.4595	Viruses;Duplodnaviria;Heunggongvirae;Uroviricota;Caudoviricetes;;
k127_263264	1009	No terminal repeats	NA	2	11	0.9085	NA	1	2.8045	Viruses;Duplodnaviria;Heunggongvirae;Uroviricota;Caudoviricetes;;
k127_226042	4817	No terminal repeats	NA	6	11	0.9075	NA	1	5.1324	Viruses;Duplodnaviria;Heunggongvirae;Uroviricota;Caudoviricetes;;
k127_79151	2876	No terminal repeats	NA	6	11	0.9068	NA	0	2.9343	Viruses;Duplodnaviria;Heunggongvirae;Uroviricota;Caudoviricetes;;
k127_329788	423	No terminal repeats	NA	2	11	0.9063	NA	1	1.7183	Viruses;Duplodnaviria;Heunggongvirae;Uroviricota;Caudoviricetes;;
k127_195914	508	No terminal repeats	NA	1	11	0.9061	NA	1	1.7183	Viruses;Duplodnaviria;Heunggongvirae;Uroviricota;Caudoviricetes;;
k127_13134	385	No terminal repeats	NA	1	11	0.9057	NA	1	1.7183	Viruses;Duplodnaviria;Heunggongvirae;Uroviricota;Caudoviricetes;;Kyanoviridae
k127_88505	627	No terminal repeats	NA	1	11	0.9053	NA	1	1.7183	Viruses;Riboviria;Orthornavirae;;;;
k127_79521	363	No terminal repeats	NA	1	11	0.9052	NA	1	1.4698	Viruses;Duplodnaviria;Heunggongvirae;Uroviricota;Caudoviricetes;;
k127_269388	492	No terminal repeats	NA	1	11	0.9050	NA	1	1.7183	Viruses;Duplodnaviria;Heunggongvirae;Uroviricota;Caudoviricetes;;
k127_306812	354	No terminal repeats	NA	1	11	0.9049	NA	1	1.7183	Viruses;Duplodnaviria;Heunggongvirae;Uroviricota;Caudoviricetes;;
k127_88280	324	No terminal repeats	NA	1	11	0.9033	NA	1	1.5750	Viruses;Duplodnaviria;Heunggongvirae;Uroviricota;Caudoviricetes;;
k127_177675	413	No terminal repeats	NA	1	11	0.9031	NA	1	1.7183	Viruses;Duplodnaviria;Heunggongvirae;Uroviricota;Caudoviricetes;;
k127_53519	597	No terminal repeats	NA	1	11	0.9031	NA	1	1.2802	Viruses;Duplodnaviria;Heunggongvirae;Uroviricota;Caudoviricetes;;
k127_308280	361	No terminal repeats	NA	1	11	0.9024	NA	1	1.7183	Viruses;Duplodnaviria;Heunggongvirae;Uroviricota;Caudoviricetes;;
k127_239850	553	No terminal repeats	NA	1	11	0.9007	NA	1	1.6066	Viruses;Duplodnaviria;Heunggongvirae;Uroviricota;Caudoviricetes;;
k127_273086	525	No terminal repeats	NA	1	11	0.9001	NA	1	1.5202	Viruses;Duplodnaviria;Heunggongvirae;Uroviricota;Caudoviricetes;;
k127_87785	2787	No terminal repeats	NA	4	11	0.9000	NA	0	3.2921	Viruses;Duplodnaviria;Heunggongvirae;Uroviricota;Caudoviricetes;;
k127_347344	684	No terminal repeats	NA	1	11	0.8999	NA	1	1.7183	Viruses;Duplodnaviria;Heunggongvirae;Uroviricota;Caudoviricetes;;
k127_168860	326	No terminal repeats	NA	1	11	0.8987	NA	1	1.7183	Viruses;Duplodnaviria;Heunggongvirae;Uroviricota;Caudoviricetes;;
k127_21332	324	No terminal repeats	NA	1	11	0.8984	NA	1	1.4005	Viruses;Duplodnaviria;Heunggongvirae;Uroviricota;Caudoviricetes;;
k127_241608	457	No terminal repeats	NA	1	11	0.8983	NA	1	1.7183	Viruses;Duplodnaviria;Heunggongvirae;Uroviricota;Caudoviricetes;;
k127_117314	367	No terminal repeats	NA	1	11	0.8979	NA	1	1.7183	Unclassified
k127_335849	372	No terminal repeats	NA	1	11	0.8978	NA	1	1.7183	Viruses;Duplodnaviria;Heunggongvirae;Uroviricota;Caudoviricetes;;
k127_297277	366	No terminal repeats	NA	1	11	0.8971	NA	1	1.3663	Viruses;Duplodnaviria;Heunggongvirae;Uroviricota;Caudoviricetes;;
k127_241348	3952	No terminal repeats	NA	6	11	0.8964	NA	0	1.3130	Viruses;Duplodnaviria;Heunggongvirae;Uroviricota;Caudoviricetes;;
k127_309385	413	No terminal repeats	NA	1	11	0.8964	NA	1	1.4880	Viruses;Duplodnaviria;Heunggongvirae;Uroviricota;Caudoviricetes;;
k127_318772	448	No terminal repeats	NA	2	11	0.8956	NA	1	2.8963	Viruses;Duplodnaviria;Heunggongvirae;Uroviricota;Caudoviricetes;;
k127_268302	304	No terminal repeats	NA	1	11	0.8950	NA	1	1.4645	Viruses;Duplodnaviria;Heunggongvirae;Uroviricota;Caudoviricetes;;
k127_142863	461	No terminal repeats	NA	1	11	0.8943	NA	1	1.7183	Viruses;Duplodnaviria;Heunggongvirae;Uroviricota;Caudoviricetes;;
k127_120545	315	No terminal repeats	NA	1	11	0.8936	NA	1	1.4880	Viruses;Duplodnaviria;Heunggongvirae;Uroviricota;Caudoviricetes;;
k127_339824	2532	No terminal repeats	NA	4	11	0.8933	NA	0	2.3108	Viruses;Duplodnaviria;Heunggongvirae;Uroviricota;Caudoviricetes;;
k127_272618	1060	No terminal repeats	NA	2	11	0.8927	NA	1	2.8343	Viruses;Duplodnaviria;Heunggongvirae;Uroviricota;Caudoviricetes;;
k127_279228	1245	No terminal repeats	NA	1	11	0.8921	NA	1	1.7183	Viruses;Duplodnaviria;Heunggongvirae;Uroviricota;Caudoviricetes;;
k127_146021	321	No terminal repeats	NA	1	11	0.8893	NA	1	1.7183	Viruses;Duplodnaviria;Heunggongvirae;Uroviricota;Caudoviricetes;;
k127_156448	890	No terminal repeats	NA	2	11	0.8889	NA	1	1.5109	Viruses;Duplodnaviria;Heunggongvirae;Uroviricota;Caudoviricetes;;
k127_357037	429	No terminal repeats	NA	1	11	0.8879	NA	1	1.4749	Viruses;Duplodnaviria;Heunggongvirae;Uroviricota;Caudoviricetes;;
k127_70682	438	No terminal repeats	NA	1	11	0.8877	NA	1	1.2306	Viruses;Duplodnaviria;Heunggongvirae;Uroviricota;Caudoviricetes;;
k127_163703	3448	No terminal repeats	NA	5	11	0.8869	NA	1	1.7183	Viruses;Duplodnaviria;Heunggongvirae;Uroviricota;Caudoviricetes;;
k127_305713	2709	No terminal repeats	NA	4	11	0.8860	NA	1	3.1083	Viruses;Duplodnaviria;Heunggongvirae;Uroviricota;Caudoviricetes;;
k127_7419	328	No terminal repeats	NA	1	11	0.8853	NA	1	1.7002	Viruses;Duplodnaviria;Heunggongvirae;Uroviricota;Caudoviricetes;;
k127_170426	335	No terminal repeats	NA	1	11	0.8851	NA	1	1.2632	Viruses;Duplodnaviria;Heunggongvirae;Uroviricota;Caudoviricetes;;
k127_98121	324	No terminal repeats	NA	1	11	0.8822	NA	1	1.2870	Viruses;Duplodnaviria;Heunggongvirae;Uroviricota;Caudoviricetes;;
k127_35462	673	No terminal repeats	NA	1	11	0.8819	NA	1	1.2306	Viruses;Duplodnaviria;Heunggongvirae;Uroviricota;Caudoviricetes;;
k127_89775	548	No terminal repeats	NA	1	11	0.8818	NA	1	1.4242	Viruses;Duplodnaviria;Heunggongvirae;Uroviricota;Caudoviricetes;;
k127_154656	724	No terminal repeats	NA	1	11	0.8810	NA	1	1.7183	Viruses;Duplodnaviria;Heunggongvirae;Uroviricota;Caudoviricetes;;
k127_80656	624	No terminal repeats	NA	1	11	0.8808	NA	1	1.7183	Viruses;Duplodnaviria;Heunggongvirae;Uroviricota;Caudoviricetes;;
k127_158110	450	No terminal repeats	NA	1	11	0.8802	NA	1	1.7183	Viruses;Duplodnaviria;Heunggongvirae;Uroviricota;Caudoviricetes;;
k127_264553	477	No terminal repeats	NA	1	11	0.8797	NA	1	1.6215	Unclassified
k127_13882	407	No terminal repeats	NA	1	11	0.8796	NA	1	1.2306	Viruses;Duplodnaviria;Heunggongvirae;Uroviricota;Caudoviricetes;;
k127_189419	462	No terminal repeats	NA	1	11	0.8769	NA	1	1.7077	Viruses;Duplodnaviria;Heunggongvirae;Uroviricota;Caudoviricetes;;
k127_335042	463	No terminal repeats	NA	1	11	0.8767	NA	1	1.2306	Viruses;Duplodnaviria;Heunggongvirae;Uroviricota;Caudoviricetes;;
k127_120144	834	No terminal repeats	NA	1	11	0.8760	NA	1	1.4595	Viruses;Duplodnaviria;Heunggongvirae;Uroviricota;Caudoviricetes;;
k127_135640	539	No terminal repeats	NA	1	11	0.8744	NA	1	1.5978	Viruses;Duplodnaviria;Heunggongvirae;Uroviricota;Caudoviricetes;;
k127_91960	477	No terminal repeats	NA	1	11	0.8743	NA	1	1.2306	Viruses;Duplodnaviria;Heunggongvirae;Uroviricota;Caudoviricetes;;
k127_98495	334	No terminal repeats	NA	1	11	0.8738	NA	1	1.7158	Unclassified
k127_321751	620	No terminal repeats	NA	1	11	0.8737	NA	1	1.4749	Viruses;Duplodnaviria;Heunggongvirae;Uroviricota;Caudoviricetes;;
k127_139851	389	No terminal repeats	NA	1	11	0.8732	NA	1	1.4749	Viruses;Duplodnaviria;Heunggongvirae;Uroviricota;Caudoviricetes;;
k127_270924	406	No terminal repeats	NA	1	11	0.8725	NA	1	1.2944	Viruses;Duplodnaviria;Heunggongvirae;Uroviricota;Caudoviricetes;;
k127_157018	375	No terminal repeats	NA	1	11	0.8711	NA	1	1.4211	Viruses;Duplodnaviria;Heunggongvirae;Uroviricota;Caudoviricetes;;
k127_336326	474	No terminal repeats	NA	2	11	0.8708	NA	1	1.7183	Viruses;Duplodnaviria;Heunggongvirae;Uroviricota;Caudoviricetes;;
k127_20229	366	No terminal repeats	NA	1	11	0.8701	NA	1	1.4405	Viruses;Duplodnaviria;Heunggongvirae;Uroviricota;Caudoviricetes;;
k127_113757	613	No terminal repeats	NA	2	11	0.8701	NA	1	1.7183	Viruses;Duplodnaviria;Heunggongvirae;Uroviricota;Caudoviricetes;;
k127_240924	331	No terminal repeats	NA	1	11	0.8700	NA	1	1.2449	Viruses;Duplodnaviria;Heunggongvirae;Uroviricota;Caudoviricetes;;
k127_214518	508	No terminal repeats	NA	1	11	0.8699	NA	1	1.3476	Viruses;Duplodnaviria;Heunggongvirae;Uroviricota;Caudoviricetes;;
k127_111074	317	No terminal repeats	NA	1	11	0.8691	NA	1	1.1125	Viruses;Duplodnaviria;Heunggongvirae;Uroviricota;Caudoviricetes;;
k127_278169	324	No terminal repeats	NA	1	11	0.8675	NA	1	1.1229	Viruses;Duplodnaviria;Heunggongvirae;Uroviricota;Caudoviricetes;;
k127_138324	348	No terminal repeats	NA	2	11	0.8674	NA	1	1.5068	Viruses;Duplodnaviria;Heunggongvirae;Uroviricota;Caudoviricetes;;
k127_124221	330	No terminal repeats	NA	1	11	0.8670	NA	1	1.3697	Viruses;Duplodnaviria;Heunggongvirae;Uroviricota;Caudoviricetes;;
k127_257240	1165	No terminal repeats	NA	1	11	0.8666	NA	1	1.7183	Viruses;Duplodnaviria;Heunggongvirae;Uroviricota;Caudoviricetes;;
k127_208372	762	No terminal repeats	NA	1	11	0.8655	NA	1	1.7183	Viruses;Duplodnaviria;Heunggongvirae;Uroviricota;Caudoviricetes;;
k127_64625	357	No terminal repeats	NA	1	11	0.8655	NA	1	1.3441	Viruses;Duplodnaviria;Heunggongvirae;Uroviricota;Caudoviricetes;;
k127_331400	312	No terminal repeats	NA	1	11	0.8648	NA	1	1.3483	Unclassified
k127_70443	314	No terminal repeats	NA	1	11	0.8640	NA	1	1.3873	Viruses;Duplodnaviria;Heunggongvirae;Uroviricota;Caudoviricetes;;
k127_43333	448	No terminal repeats	NA	1	11	0.8634	NA	1	1.7183	Viruses;Duplodnaviria;Heunggongvirae;Uroviricota;Caudoviricetes;;
k127_239701	330	No terminal repeats	NA	1	11	0.8632	NA	1	1.2870	Viruses;Duplodnaviria;Heunggongvirae;Uroviricota;Caudoviricetes;;
k127_86446	356	No terminal repeats	NA	2	11	0.8630	NA	1	1.3345	Viruses;Duplodnaviria;Heunggongvirae;Uroviricota;Caudoviricetes;;
k127_322483	351	No terminal repeats	NA	1	11	0.8629	NA	1	1.7183	Viruses;Duplodnaviria;Heunggongvirae;Uroviricota;Caudoviricetes;;
k127_234176	406	No terminal repeats	NA	1	11	0.8625	NA	1	1.2089	Viruses;Duplodnaviria;Heunggongvirae;Uroviricota;Caudoviricetes;;
k127_264804	335	No terminal repeats	NA	1	11	0.8606	NA	1	1.4749	Viruses;Duplodnaviria;Heunggongvirae;Uroviricota;Caudoviricetes;;
k127_179604	404	No terminal repeats	NA	1	11	0.8601	NA	1	1.6066	Viruses;Duplodnaviria;Heunggongvirae;Uroviricota;Caudoviricetes;;
k127_262689	446	No terminal repeats	NA	1	11	0.8584	NA	1	1.2306	Viruses;Duplodnaviria;Heunggongvirae;Uroviricota;Caudoviricetes;;
k127_163491	351	No terminal repeats	NA	1	11	0.8576	NA	1	1.2290	Viruses;Duplodnaviria;Heunggongvirae;Uroviricota;Caudoviricetes;;
k127_228986	376	No terminal repeats	NA	1	11	0.8568	NA	1	1.3159	Viruses;Duplodnaviria;Heunggongvirae;Uroviricota;Caudoviricetes;;
k127_187491	541	No terminal repeats	NA	1	11	0.8550	NA	1	1.3562	Viruses;Duplodnaviria;Heunggongvirae;Uroviricota;Caudoviricetes;;
k127_7844	1035	No terminal repeats	NA	1	11	0.8528	NA	1	1.7183	Viruses;Duplodnaviria;Heunggongvirae;Uroviricota;Caudoviricetes;;
k127_30642	599	No terminal repeats	NA	1	11	0.8524	NA	1	1.7183	Viruses;Duplodnaviria;Heunggongvirae;Uroviricota;Caudoviricetes;;Drexlerviridae
k127_215342	1926	No terminal repeats	NA	1	11	0.8514	NA	1	1.7183	Viruses;Duplodnaviria;Heunggongvirae;Uroviricota;Caudoviricetes;;
k127_90574	3127	No terminal repeats	NA	4	11	0.8475	NA	1	4.1015	Viruses;Duplodnaviria;Heunggongvirae;Uroviricota;Caudoviricetes;;
k127_64110	798	No terminal repeats	NA	1	11	0.8475	NA	1	1.7183	Viruses;Duplodnaviria;Heunggongvirae;Uroviricota;Caudoviricetes;;
k127_187174	804	No terminal repeats	NA	1	11	0.8472	NA	1	1.7183	Viruses;Duplodnaviria;Heunggongvirae;Uroviricota;Caudoviricetes;;
k127_356674	344	No terminal repeats	NA	1	11	0.8469	NA	1	1.4446	Viruses;Duplodnaviria;Heunggongvirae;Uroviricota;Caudoviricetes;;
k127_73770	709	No terminal repeats	NA	1	11	0.8453	NA	1	1.7183	Viruses;Duplodnaviria;Heunggongvirae;Uroviricota;Caudoviricetes;;
k127_351755	337	No terminal repeats	NA	1	11	0.8449	NA	1	1.4880	Viruses;Duplodnaviria;Heunggongvirae;Uroviricota;Caudoviricetes;;
k127_246550	344	No terminal repeats	NA	1	11	0.8437	NA	1	1.1556	Viruses;Duplodnaviria;Heunggongvirae;Uroviricota;Caudoviricetes;;
k127_137502	1386	No terminal repeats	NA	2	11	0.8435	NA	2	3.4356	Viruses;Duplodnaviria;Heunggongvirae;Uroviricota;Caudoviricetes;;Drexlerviridae
k127_55479	670	No terminal repeats	NA	1	11	0.8435	NA	1	1.7183	Viruses;Duplodnaviria;Heunggongvirae;Uroviricota;Caudoviricetes;;Drexlerviridae
k127_295330	724	No terminal repeats	NA	1	11	0.8423	NA	1	1.7183	Viruses;Duplodnaviria;Heunggongvirae;Uroviricota;Caudoviricetes;;Drexlerviridae
k127_272154	318	No terminal repeats	NA	1	11	0.8417	NA	1	1.7160	Unclassified
k127_140691	348	No terminal repeats	NA	1	11	0.8409	NA	1	1.6438	Unclassified
k127_133356	352	No terminal repeats	NA	1	11	0.8408	NA	1	1.4880	Viruses;Duplodnaviria;Heunggongvirae;Uroviricota;Caudoviricetes;;
k127_338745	538	No terminal repeats	NA	1	11	0.8400	NA	1	1.2306	Viruses;Duplodnaviria;Heunggongvirae;Uroviricota;Caudoviricetes;;
k127_7481	427	No terminal repeats	NA	1	11	0.8392	NA	1	0.9531	Viruses;Duplodnaviria;Heunggongvirae;Uroviricota;Caudoviricetes;;
k127_64433	461	No terminal repeats	NA	1	11	0.8386	NA	1	1.4880	Viruses;Duplodnaviria;Heunggongvirae;Uroviricota;Caudoviricetes;;
k127_2133	684	No terminal repeats	NA	3	11	0.8365	NA	1	1.3441	Viruses;Duplodnaviria;Heunggongvirae;Uroviricota;Caudoviricetes;;
k127_9902	601	No terminal repeats	NA	1	11	0.8364	NA	1	1.7183	Viruses;Duplodnaviria;Heunggongvirae;Uroviricota;Caudoviricetes;;
k127_258940	1282	No terminal repeats	NA	3	11	0.8353	NA	1	2.7272	Viruses;Duplodnaviria;Heunggongvirae;Uroviricota;Caudoviricetes;;
k127_180645	655	No terminal repeats	NA	2	11	0.8351	NA	1	1.4069	Viruses;Duplodnaviria;Heunggongvirae;Uroviricota;Caudoviricetes;;
k127_77572	314	No terminal repeats	NA	1	11	0.8349	NA	1	1.3595	Viruses;Duplodnaviria;Heunggongvirae;Uroviricota;Caudoviricetes;;
k127_55746	1101	No terminal repeats	NA	2	11	0.8347	NA	2	3.1334	Viruses;Duplodnaviria;Heunggongvirae;Uroviricota;Caudoviricetes;;
k127_242144	359	No terminal repeats	NA	1	11	0.8342	NA	1	1.5665	Viruses;Duplodnaviria;Heunggongvirae;Uroviricota;Caudoviricetes;;
k127_304988	404	No terminal repeats	NA	1	11	0.8335	NA	1	1.2306	Viruses;Duplodnaviria;Heunggongvirae;Uroviricota;Caudoviricetes;;
k127_95399	2112	No terminal repeats	NA	5	11	0.8310	NA	1	1.7090	Viruses;Duplodnaviria;Heunggongvirae;Uroviricota;Caudoviricetes;;
k127_133568	774	No terminal repeats	NA	2	11	0.8308	NA	1	1.3743	Viruses;Duplodnaviria;Heunggongvirae;Uroviricota;Caudoviricetes;;
k127_259564	725	No terminal repeats	NA	1	11	0.8295	NA	1	1.2306	Viruses;Duplodnaviria;Heunggongvirae;Uroviricota;Caudoviricetes;;
k127_339797	314	No terminal repeats	NA	1	11	0.8265	NA	1	1.5539	Viruses;Duplodnaviria;Heunggongvirae;Uroviricota;Caudoviricetes;;
k127_34448	462	No terminal repeats	NA	1	11	0.8252	NA	1	1.7183	Viruses;Duplodnaviria;Heunggongvirae;Uroviricota;Caudoviricetes;;
k127_171387	695	No terminal repeats	NA	1	11	0.8249	NA	1	1.7183	Viruses;Duplodnaviria;Heunggongvirae;Uroviricota;Caudoviricetes;;
k127_341096	627	No terminal repeats	NA	1	11	0.8241	NA	1	1.2306	Viruses;Duplodnaviria;Heunggongvirae;Uroviricota;Caudoviricetes;;
k127_26353	711	No terminal repeats	NA	1	11	0.8197	NA	1	1.7183	Viruses;Duplodnaviria;Heunggongvirae;Uroviricota;Caudoviricetes;;
k127_112837	428	No terminal repeats	NA	1	11	0.8194	NA	1	1.6734	Viruses;Duplodnaviria;Heunggongvirae;Uroviricota;Caudoviricetes;;
k127_274631	327	No terminal repeats	NA	1	11	0.8192	NA	1	1.5291	Viruses;Duplodnaviria;Heunggongvirae;Uroviricota;Caudoviricetes;;
k127_337694	519	No terminal repeats	NA	1	11	0.8176	NA	1	1.2306	Viruses;Duplodnaviria;Heunggongvirae;Uroviricota;Caudoviricetes;;
k127_282185	320	No terminal repeats	NA	1	11	0.8169	NA	1	1.1826	Unclassified
k127_307125	2649	No terminal repeats	NA	3	11	0.8168	NA	1	2.5629	Viruses;Duplodnaviria;Heunggongvirae;Uroviricota;Caudoviricetes;;
k127_262362	473	No terminal repeats	NA	2	11	0.8162	NA	1	1.7183	Viruses;Duplodnaviria;Heunggongvirae;Uroviricota;Caudoviricetes;;
k127_5232	374	No terminal repeats	NA	1	11	0.8157	NA	1	1.7183	Unclassified
k127_83605	770	No terminal repeats	NA	1	11	0.8150	NA	1	1.3476	Viruses;Duplodnaviria;Heunggongvirae;Uroviricota;Caudoviricetes;;
k127_130778	917	No terminal repeats	NA	1	11	0.8146	NA	1	1.7183	Viruses;Duplodnaviria;Heunggongvirae;Uroviricota;Caudoviricetes;;
k127_108648	598	No terminal repeats	NA	2	11	0.8141	NA	1	1.7170	Unclassified
k127_51655	370	No terminal repeats	NA	1	11	0.8141	NA	1	1.3984	Viruses;Duplodnaviria;Heunggongvirae;Uroviricota;Caudoviricetes;;
k127_243277	1489	No terminal repeats	NA	3	11	0.8140	NA	1	2.8214	Viruses;Duplodnaviria;Heunggongvirae;Uroviricota;Caudoviricetes;;
k127_104584	1138	No terminal repeats	NA	2	11	0.8126	NA	1	2.0026	Viruses;Duplodnaviria;Heunggongvirae;Uroviricota;Caudoviricetes;;
k127_306601	381	No terminal repeats	NA	1	11	0.8119	NA	1	1.2215	Viruses;Duplodnaviria;Heunggongvirae;Uroviricota;Caudoviricetes;;
k127_351163	515	No terminal repeats	NA	1	11	0.8116	NA	1	1.7082	Viruses;Duplodnaviria;Heunggongvirae;Uroviricota;Caudoviricetes;;
k127_108197	947	No terminal repeats	NA	2	11	0.8080	NA	1	2.9321	Viruses;Duplodnaviria;Heunggongvirae;Uroviricota;Caudoviricetes;;
k127_238330	552	No terminal repeats	NA	1	11	0.8072	NA	1	0.9531	Viruses;Duplodnaviria;Heunggongvirae;Uroviricota;Caudoviricetes;;
k127_281201	403	No terminal repeats	NA	1	11	0.8070	NA	1	1.2695	Viruses;Duplodnaviria;Heunggongvirae;Uroviricota;Caudoviricetes;;
k127_125655	348	No terminal repeats	NA	1	11	0.8069	NA	1	1.4749	Viruses;Duplodnaviria;Heunggongvirae;Uroviricota;Caudoviricetes;;
k127_224641	534	No terminal repeats	NA	1	11	0.8054	NA	1	1.7183	Viruses;Duplodnaviria;Heunggongvirae;Uroviricota;Caudoviricetes;;
k127_79023	1023	No terminal repeats	NA	2	11	0.8050	NA	1	1.7154	Unclassified
k127_307175	457	No terminal repeats	NA	1	11	0.8032	NA	1	1.2306	Viruses;Duplodnaviria;Heunggongvirae;Uroviricota;Caudoviricetes;;
k127_307584	924	No terminal repeats	NA	2	11	0.8007	NA	1	1.7183	Unclassified
k127_42215	372	No terminal repeats	NA	1	11	0.8001	NA	1	1.4880	Viruses;Duplodnaviria;Heunggongvirae;Uroviricota;Caudoviricetes;;
k127_165685	331	No terminal repeats	NA	1	11	0.7995	NA	1	1.2449	Viruses;Duplodnaviria;Heunggongvirae;Uroviricota;Caudoviricetes;;
k127_40837	4717	No terminal repeats	NA	11	11	0.7990	NA	1	2.3475	Viruses;Duplodnaviria;Heunggongvirae;Uroviricota;Caudoviricetes;;
k127_357669	577	No terminal repeats	NA	2	11	0.7989	NA	1	3.1786	Viruses;Duplodnaviria;Heunggongvirae;Uroviricota;Caudoviricetes;;
k127_249707	431	No terminal repeats	NA	2	11	0.7983	NA	1	1.1173	Unclassified
k127_29819	382	No terminal repeats	NA	1	11	0.7979	NA	1	1.7183	Viruses;Duplodnaviria;Heunggongvirae;Uroviricota;Caudoviricetes;;
k127_93630	339	No terminal repeats	NA	1	11	0.7977	NA	1	1.6774	Viruses;Duplodnaviria;Heunggongvirae;Uroviricota;Caudoviricetes;;
k127_172094	313	No terminal repeats	NA	1	11	0.7964	NA	1	1.6947	Viruses;Duplodnaviria;Heunggongvirae;Uroviricota;Caudoviricetes;;
k127_109067	567	No terminal repeats	NA	1	11	0.7940	NA	1	1.5281	Viruses;Duplodnaviria;Heunggongvirae;Uroviricota;Caudoviricetes;;
k127_301819	476	No terminal repeats	NA	1	11	0.7931	NA	1	1.2306	Viruses;Duplodnaviria;Heunggongvirae;Uroviricota;Caudoviricetes;;
k127_160140	648	No terminal repeats	NA	1	11	0.7924	NA	1	1.7183	Viruses;Duplodnaviria;Heunggongvirae;Uroviricota;Caudoviricetes;;
k127_331690	407	No terminal repeats	NA	2	11	0.7922	NA	1	1.1157	Viruses;Duplodnaviria;Heunggongvirae;Uroviricota;Caudoviricetes;;
k127_101815	374	No terminal repeats	NA	1	11	0.7903	NA	1	1.7183	Viruses;Duplodnaviria;Heunggongvirae;Uroviricota;Caudoviricetes;;
k127_268839	1062	No terminal repeats	NA	2	11	0.7899	NA	1	1.2332	Viruses;Duplodnaviria;Heunggongvirae;Uroviricota;Caudoviricetes;;
k127_246528	1090	No terminal repeats	NA	2	11	0.7898	NA	1	0.9221	Viruses;Duplodnaviria;Heunggongvirae;Uroviricota;Caudoviricetes;;Straboviridae
k127_10065	974	No terminal repeats	NA	1	11	0.7887	NA	1	1.7120	Viruses;Duplodnaviria;Heunggongvirae;Uroviricota;Caudoviricetes;;
k127_214929	889	No terminal repeats	NA	1	11	0.7884	NA	1	1.7183	Viruses;Duplodnaviria;Heunggongvirae;Uroviricota;Caudoviricetes;;
k127_322354	868	No terminal repeats	NA	2	11	0.7882	NA	1	1.6735	Viruses;Duplodnaviria;Heunggongvirae;Uroviricota;Caudoviricetes;;
k127_68403	585	No terminal repeats	NA	1	11	0.7872	NA	1	1.7033	Unclassified
k127_236012	431	No terminal repeats	NA	1	11	0.7833	NA	1	1.7183	Viruses;Duplodnaviria;Heunggongvirae;Uroviricota;Caudoviricetes;;
k127_200084	637	No terminal repeats	NA	1	11	0.7829	NA	1	1.7183	Viruses;Duplodnaviria;Heunggongvirae;Uroviricota;Caudoviricetes;;Drexlerviridae
k127_352851	384	No terminal repeats	NA	2	11	0.7802	NA	1	1.6469	Viruses;Duplodnaviria;Heunggongvirae;Uroviricota;Caudoviricetes;;
k127_21090	748	No terminal repeats	NA	1	11	0.7800	NA	1	1.6733	Viruses;Duplodnaviria;Heunggongvirae;Uroviricota;Caudoviricetes;;
k127_294153	412	No terminal repeats	NA	1	11	0.7785	NA	1	1.2442	Viruses;Duplodnaviria;Heunggongvirae;Uroviricota;Caudoviricetes;;
k127_254211	1054	No terminal repeats	NA	1	11	0.7785	NA	1	1.7183	Viruses;Duplodnaviria;Heunggongvirae;Uroviricota;Caudoviricetes;;Drexlerviridae
k127_64903	1943	No terminal repeats	NA	4	11	0.7755	NA	1	0.9660	Viruses;Duplodnaviria;Heunggongvirae;Uroviricota;Caudoviricetes;;
k127_277094	2055	No terminal repeats	NA	2	11	0.7738	NA	1	1.7183	Viruses;Duplodnaviria;Heunggongvirae;Uroviricota;Caudoviricetes;;
k127_137238	936	No terminal repeats	NA	1	11	0.7738	NA	1	1.5387	Viruses;Duplodnaviria;Heunggongvirae;Uroviricota;Caudoviricetes;;
k127_6363	954	No terminal repeats	NA	1	11	0.7713	NA	1	1.1262	Viruses;Duplodnaviria;Heunggongvirae;Uroviricota;Caudoviricetes;;
k127_1508	329	No terminal repeats	NA	1	11	0.7696	NA	1	1.1496	Viruses;Duplodnaviria;Heunggongvirae;Uroviricota;Caudoviricetes;;
k127_111051	461	No terminal repeats	NA	1	11	0.7695	NA	1	1.6802	Viruses;Duplodnaviria;Heunggongvirae;Uroviricota;Caudoviricetes;;
k127_341175	545	No terminal repeats	NA	2	11	0.7689	NA	1	1.6774	Viruses;Duplodnaviria;Heunggongvirae;Uroviricota;Caudoviricetes;;
k127_6683	476	No terminal repeats	NA	1	11	0.7662	NA	1	1.1499	Viruses;Duplodnaviria;Heunggongvirae;Uroviricota;Caudoviricetes;;
k127_48284	575	No terminal repeats	NA	1	11	0.7661	NA	1	1.2306	Viruses;Duplodnaviria;Heunggongvirae;Uroviricota;Caudoviricetes;;
k127_5862	311	No terminal repeats	NA	1	11	0.7637	NA	1	1.3639	Viruses;Duplodnaviria;Heunggongvirae;Uroviricota;Caudoviricetes;;
k127_286105	365	No terminal repeats	NA	1	11	0.7629	NA	1	1.2894	Viruses;Duplodnaviria;Heunggongvirae;Uroviricota;Caudoviricetes;;
k127_100955	620	No terminal repeats	NA	1	11	0.7621	NA	1	1.1806	Unclassified
k127_208103	315	No terminal repeats	NA	1	11	0.7591	NA	1	1.3562	Viruses;Duplodnaviria;Heunggongvirae;Uroviricota;Caudoviricetes;;
k127_296709	407	No terminal repeats	NA	1	11	0.7586	NA	1	1.3307	Viruses;Duplodnaviria;Heunggongvirae;Uroviricota;Caudoviricetes;;
k127_356961	605	No terminal repeats	NA	1	11	0.7582	NA	1	1.7050	Unclassified
k127_43132	396	No terminal repeats	NA	1	11	0.7576	NA	1	1.7177	Viruses;Duplodnaviria;Heunggongvirae;Uroviricota;Caudoviricetes;;
k127_343225	583	No terminal repeats	NA	1	11	0.7563	NA	1	1.6167	Viruses;Duplodnaviria;Heunggongvirae;Uroviricota;Caudoviricetes;;
k127_96423	344	No terminal repeats	NA	1	11	0.7556	NA	1	1.2449	Viruses;Duplodnaviria;Heunggongvirae;Uroviricota;Caudoviricetes;;
k127_352630	702	No terminal repeats	NA	1	11	0.7532	NA	1	1.7183	Viruses;Duplodnaviria;Heunggongvirae;Uroviricota;Caudoviricetes;;
k127_185772	338	No terminal repeats	NA	1	11	0.7529	NA	1	1.4903	Viruses;Duplodnaviria;Heunggongvirae;Uroviricota;Caudoviricetes;;
k127_130263	410	No terminal repeats	NA	1	11	0.7528	NA	1	1.2465	Viruses;Duplodnaviria;Heunggongvirae;Uroviricota;Caudoviricetes;;
k127_233078	728	No terminal repeats	NA	1	11	0.7523	NA	1	1.3181	Viruses;Duplodnaviria;Heunggongvirae;Uroviricota;Caudoviricetes;;
k127_219694	505	No terminal repeats	NA	1	11	0.7510	NA	1	1.6802	Viruses;Duplodnaviria;Heunggongvirae;Uroviricota;Caudoviricetes;;
k127_306405	370	No terminal repeats	NA	1	11	0.7495	NA	1	1.4880	Viruses;Duplodnaviria;Heunggongvirae;Uroviricota;Caudoviricetes;;
k127_221486	323	No terminal repeats	NA	1	11	0.7494	NA	1	1.6924	Viruses;Duplodnaviria;Heunggongvirae;Uroviricota;Caudoviricetes;;
k127_203502	1500	No terminal repeats	NA	1	11	0.7490	NA	1	1.7183	Viruses;Duplodnaviria;Heunggongvirae;Uroviricota;Caudoviricetes;;
k127_184664	632	No terminal repeats	NA	2	11	0.7488	NA	1	3.4040	Viruses;Duplodnaviria;Heunggongvirae;Uroviricota;Caudoviricetes;;
k127_90419	792	No terminal repeats	NA	2	11	0.7476	NA	1	1.7183	Viruses;Duplodnaviria;Heunggongvirae;Uroviricota;Caudoviricetes;;
k127_211663	327	No terminal repeats	NA	1	11	0.7469	NA	1	1.2869	Viruses;Duplodnaviria;Heunggongvirae;Uroviricota;Caudoviricetes;;
k127_825	792	No terminal repeats	NA	1	11	0.7465	NA	1	1.7183	Viruses;Duplodnaviria;Heunggongvirae;Uroviricota;Caudoviricetes;;
k127_232102	366	No terminal repeats	NA	1	11	0.7462	NA	1	1.4211	Viruses;Duplodnaviria;Heunggongvirae;Uroviricota;Caudoviricetes;;
k127_573	392	No terminal repeats	NA	1	11	0.7458	NA	1	1.0089	Viruses;Duplodnaviria;Heunggongvirae;Uroviricota;Caudoviricetes;;
k127_196402	635	No terminal repeats	NA	1	11	0.7457	NA	1	0.9221	Viruses;Duplodnaviria;Heunggongvirae;Uroviricota;Caudoviricetes;;Straboviridae
k127_326128	392	No terminal repeats	NA	1	11	0.7416	NA	1	1.0639	Viruses;Duplodnaviria;Heunggongvirae;Uroviricota;Caudoviricetes;;
k127_47490	314	No terminal repeats	NA	1	11	0.7411	NA	1	1.2934	Viruses;Duplodnaviria;Heunggongvirae;Uroviricota;Caudoviricetes;;
k127_342974	748	No terminal repeats	NA	2	11	0.7394	NA	1	1.7074	Viruses;Duplodnaviria;Heunggongvirae;Uroviricota;Caudoviricetes;;
k127_100960	475	No terminal repeats	NA	1	11	0.7389	NA	1	1.7136	Viruses;Duplodnaviria;Heunggongvirae;Uroviricota;Caudoviricetes;;
k127_259605	360	No terminal repeats	NA	1	11	0.7371	NA	1	1.6735	Viruses;Duplodnaviria;Heunggongvirae;Uroviricota;Caudoviricetes;;
k127_140395	711	No terminal repeats	NA	1	11	0.7361	NA	1	1.0036	Viruses;Duplodnaviria;Heunggongvirae;Uroviricota;Caudoviricetes;;
k127_282964	370	No terminal repeats	NA	1	11	0.7354	NA	1	1.5665	Viruses;Duplodnaviria;Heunggongvirae;Uroviricota;Caudoviricetes;;
k127_72516	372	No terminal repeats	NA	1	11	0.7342	NA	1	1.7136	Viruses;Duplodnaviria;Heunggongvirae;Uroviricota;Caudoviricetes;;
k127_50418	323	No terminal repeats	NA	1	11	0.7338	NA	1	1.6774	Viruses;Duplodnaviria;Heunggongvirae;Uroviricota;Caudoviricetes;;
k127_133425	313	No terminal repeats	NA	1	11	0.7328	NA	1	1.7020	Viruses;Duplodnaviria;Heunggongvirae;Uroviricota;Caudoviricetes;;
k127_351044	307	No terminal repeats	NA	1	11	0.7319	NA	1	1.5665	Viruses;Duplodnaviria;Heunggongvirae;Uroviricota;Caudoviricetes;;
k127_350176	310	No terminal repeats	NA	1	11	0.7307	NA	1	1.6774	Viruses;Duplodnaviria;Heunggongvirae;Uroviricota;Caudoviricetes;;
k127_258482	357	No terminal repeats	NA	1	11	0.7307	NA	1	1.6742	Viruses;Duplodnaviria;Heunggongvirae;Uroviricota;Caudoviricetes;;
k127_158930	504	No terminal repeats	NA	1	11	0.7296	NA	1	1.1262	Viruses;Duplodnaviria;Heunggongvirae;Uroviricota;Caudoviricetes;;
k127_103086	424	No terminal repeats	NA	1	11	0.7280	NA	1	1.6977	Viruses;Duplodnaviria;Heunggongvirae;Uroviricota;Caudoviricetes;;
k127_288404	362	No terminal repeats	NA	2	11	0.7267	NA	1	1.5081	Viruses;Duplodnaviria;Heunggongvirae;Uroviricota;Caudoviricetes;;
k127_125388	517	No terminal repeats	NA	2	11	0.7254	NA	1	1.2290	Viruses;Duplodnaviria;Heunggongvirae;Uroviricota;Caudoviricetes;;
k127_81665	1568	No terminal repeats	NA	3	11	0.7249	NA	1	1.7183	Viruses;Riboviria;Orthornavirae;Pisuviricota;Duplopiviricetes;Durnavirales;Partitiviridae
k127_346983	373	No terminal repeats	NA	1	11	0.7248	NA	1	1.4405	Viruses;Duplodnaviria;Heunggongvirae;Uroviricota;Caudoviricetes;;
k127_174192	2763	No terminal repeats	NA	6	11	0.7211	NA	0	0.0000	Unclassified
k127_261518	444	No terminal repeats	NA	1	11	0.7194	NA	1	1.1262	Viruses;Duplodnaviria;Heunggongvirae;Uroviricota;Caudoviricetes;;
k127_75241	2541	No terminal repeats	NA	3	11	0.7176	NA	0	0.0000	Unclassified
k127_52377	460	No terminal repeats	NA	1	11	0.7168	NA	1	1.2442	Viruses;Duplodnaviria;Heunggongvirae;Uroviricota;Caudoviricetes;;
k127_351660	328	No terminal repeats	NA	1	11	0.7168	NA	1	1.3139	Viruses;Duplodnaviria;Heunggongvirae;Uroviricota;Caudoviricetes;;
k127_326381	364	No terminal repeats	NA	1	11	0.7118	NA	1	1.5305	Viruses;Duplodnaviria;Heunggongvirae;Uroviricota;Caudoviricetes;;
k127_252076	427	No terminal repeats	NA	1	11	0.7109	NA	1	1.1499	Viruses;Duplodnaviria;Heunggongvirae;Uroviricota;Caudoviricetes;;
k127_162259	488	No terminal repeats	NA	1	11	0.7109	NA	1	1.7136	Viruses;Duplodnaviria;Heunggongvirae;Uroviricota;Caudoviricetes;;
k127_289680	534	No terminal repeats	NA	2	11	0.7107	NA	1	1.3743	Viruses;Duplodnaviria;Heunggongvirae;Uroviricota;Caudoviricetes;;
k127_210151	326	No terminal repeats	NA	1	11	0.7093	NA	1	1.2167	Viruses;Duplodnaviria;Heunggongvirae;Uroviricota;Caudoviricetes;;
k127_299266	303	No terminal repeats	NA	1	11	0.7086	NA	1	1.7173	Viruses;Duplodnaviria;Heunggongvirae;Uroviricota;Caudoviricetes;;
k127_345485	578	No terminal repeats	NA	1	11	0.7064	NA	1	1.2717	Viruses;Duplodnaviria;Heunggongvirae;Uroviricota;Caudoviricetes;;
k127_114895	452	No terminal repeats	NA	1	11	0.7055	NA	1	1.2916	Viruses;Duplodnaviria;Heunggongvirae;Uroviricota;Caudoviricetes;;
k127_60094	1018	No terminal repeats	NA	4	11	0.7046	NA	1	1.7183	Unclassified
