seq_name	length	topology	coordinates	n_genes	genetic_code	virus_score	fdr	n_hallmarks	marker_enrichment	taxonomy
k127_463425	397	No terminal repeats	NA	2	11	0.9708	NA	2	3.1676	Viruses;Duplodnaviria;Heunggongvirae;Uroviricota;Caudoviricetes;;
k127_131382	1100	No terminal repeats	NA	1	11	0.9691	NA	1	1.7183	Viruses;Duplodnaviria;Heunggongvirae;Uroviricota;Caudoviricetes;;
k127_463642	522	No terminal repeats	NA	1	11	0.9660	NA	1	1.5986	Viruses;Duplodnaviria;Heunggongvirae;Uroviricota;Caudoviricetes;;
k127_259985	308	No terminal repeats	NA	1	11	0.9651	NA	1	1.7183	Viruses;Duplodnaviria;Heunggongvirae;Uroviricota;Caudoviricetes;;
k127_238118	315	No terminal repeats	NA	1	11	0.9638	NA	1	1.7183	Viruses;Duplodnaviria;Heunggongvirae;Uroviricota;Caudoviricetes;;
k127_329072	462	No terminal repeats	NA	1	11	0.9637	NA	1	1.7183	Viruses;Duplodnaviria;Heunggongvirae;Uroviricota;Caudoviricetes;;
k127_152016	317	No terminal repeats	NA	1	11	0.9616	NA	1	1.7183	Viruses;Duplodnaviria;Heunggongvirae;Uroviricota;Caudoviricetes;;
k127_113767	322	No terminal repeats	NA	1	11	0.9613	NA	1	1.7183	Viruses;Duplodnaviria;Heunggongvirae;Uroviricota;Caudoviricetes;;
k127_260791	403	No terminal repeats	NA	1	11	0.9607	NA	1	1.7183	Viruses;Varidnaviria;Bamfordvirae;Nucleocytoviricota;Megaviricetes;Imitervirales;Mimiviridae
k127_142138	367	No terminal repeats	NA	1	11	0.9603	NA	1	1.7183	Viruses;Duplodnaviria;Heunggongvirae;Uroviricota;Caudoviricetes;;
k127_14315	459	No terminal repeats	NA	1	11	0.9577	NA	1	1.7183	Unclassified
k127_547199	368	No terminal repeats	NA	1	11	0.9577	NA	1	1.4595	Viruses;Duplodnaviria;Heunggongvirae;Uroviricota;Caudoviricetes;;
k127_229728	695	No terminal repeats	NA	1	11	0.9572	NA	1	1.7183	Viruses;Duplodnaviria;Heunggongvirae;Uroviricota;Caudoviricetes;;
k127_29745	360	No terminal repeats	NA	1	11	0.9563	NA	1	1.7183	Viruses;Duplodnaviria;Heunggongvirae;Uroviricota;Caudoviricetes;;
k127_85050	312	No terminal repeats	NA	1	11	0.9550	NA	1	1.5240	Viruses;Duplodnaviria;Heunggongvirae;Uroviricota;Caudoviricetes;;
k127_481629	307	No terminal repeats	NA	1	11	0.9548	NA	1	1.7183	Viruses;Duplodnaviria;Heunggongvirae;Uroviricota;Caudoviricetes;;
k127_369468	325	No terminal repeats	NA	1	11	0.9544	NA	1	1.7183	Viruses;Duplodnaviria;Heunggongvirae;Uroviricota;Caudoviricetes;;
k127_584909	439	No terminal repeats	NA	1	11	0.9538	NA	1	1.7183	Viruses;Duplodnaviria;Heunggongvirae;Uroviricota;Caudoviricetes;;
k127_156268	305	No terminal repeats	NA	1	11	0.9538	NA	1	1.7183	Unclassified
k127_502639	841	No terminal repeats	NA	1	11	0.9528	NA	1	1.7183	Viruses;Duplodnaviria;Heunggongvirae;Uroviricota;Caudoviricetes;;
k127_370502	471	No terminal repeats	NA	1	11	0.9523	NA	1	1.5292	Viruses;Duplodnaviria;Heunggongvirae;Uroviricota;Caudoviricetes;;
k127_164261	329	No terminal repeats	NA	1	11	0.9521	NA	1	1.7183	Viruses;Duplodnaviria;Heunggongvirae;Uroviricota;Caudoviricetes;;
k127_20772	375	No terminal repeats	NA	1	11	0.9516	NA	1	1.7183	Viruses;Duplodnaviria;Heunggongvirae;Uroviricota;Caudoviricetes;;
k127_436086	345	No terminal repeats	NA	1	11	0.9513	NA	1	1.7183	Viruses;Varidnaviria;Bamfordvirae;Preplasmiviricota;Polintoviricetes;Orthopolintovirales;Adintoviridae
k127_186057	309	No terminal repeats	NA	1	11	0.9512	NA	1	1.4840	Unclassified
k127_315046	363	No terminal repeats	NA	1	11	0.9511	NA	1	1.7183	Viruses;Duplodnaviria;Heunggongvirae;Uroviricota;Caudoviricetes;;
k127_155041	595	No terminal repeats	NA	1	11	0.9491	NA	1	1.2775	Viruses;Duplodnaviria;Heunggongvirae;Uroviricota;Caudoviricetes;;
k127_160447	346	No terminal repeats	NA	1	11	0.9489	NA	1	1.7183	Viruses;Duplodnaviria;Heunggongvirae;Uroviricota;Caudoviricetes;;
k127_133229	310	No terminal repeats	NA	1	11	0.9488	NA	1	1.7183	Viruses;Duplodnaviria;Heunggongvirae;Uroviricota;Caudoviricetes;;
k127_289243	333	No terminal repeats	NA	1	11	0.9487	NA	1	1.7183	Viruses;Duplodnaviria;Heunggongvirae;Uroviricota;Caudoviricetes;;
k127_519691	357	No terminal repeats	NA	1	11	0.9482	NA	1	1.7183	Viruses;Duplodnaviria;Heunggongvirae;Uroviricota;Caudoviricetes;;
k127_191639	593	No terminal repeats	NA	1	11	0.9475	NA	1	1.7183	Viruses;Duplodnaviria;Heunggongvirae;Uroviricota;Caudoviricetes;;
k127_145820	685	No terminal repeats	NA	1	11	0.9465	NA	1	1.7183	Viruses;Duplodnaviria;Heunggongvirae;Uroviricota;Caudoviricetes;;
k127_565449	319	No terminal repeats	NA	1	11	0.9460	NA	1	1.7183	Viruses;Duplodnaviria;Heunggongvirae;Uroviricota;Caudoviricetes;;
k127_481628	311	No terminal repeats	NA	1	11	0.9460	NA	1	1.7183	Unclassified
k127_433746	411	No terminal repeats	NA	1	11	0.9460	NA	1	1.7183	Viruses;Duplodnaviria;Heunggongvirae;Uroviricota;Caudoviricetes;;
k127_474190	486	No terminal repeats	NA	1	11	0.9459	NA	1	1.7183	Viruses;Duplodnaviria;Heunggongvirae;Uroviricota;Caudoviricetes;;
k127_568762	349	No terminal repeats	NA	1	11	0.9452	NA	1	1.6066	Viruses;Duplodnaviria;Heunggongvirae;Uroviricota;Caudoviricetes;;
k127_434172	322	No terminal repeats	NA	1	11	0.9450	NA	1	1.7183	Unclassified
k127_501010	321	No terminal repeats	NA	2	11	0.9448	NA	1	3.4366	Viruses;Duplodnaviria;Heunggongvirae;Uroviricota;Caudoviricetes;;
k127_344436	309	No terminal repeats	NA	1	11	0.9439	NA	1	1.7183	Viruses;Duplodnaviria;Heunggongvirae;Uroviricota;Caudoviricetes;;
k127_404607	312	No terminal repeats	NA	1	11	0.9434	NA	1	1.7183	Viruses;Duplodnaviria;Heunggongvirae;Uroviricota;Caudoviricetes;;
k127_311331	393	No terminal repeats	NA	1	11	0.9431	NA	1	1.7183	Viruses;Duplodnaviria;Heunggongvirae;Uroviricota;Caudoviricetes;;
k127_186028	302	No terminal repeats	NA	1	11	0.9430	NA	1	1.7183	Viruses;Duplodnaviria;Heunggongvirae;Uroviricota;Caudoviricetes;;
k127_301074	430	No terminal repeats	NA	1	11	0.9422	NA	1	1.7183	Viruses;Duplodnaviria;Heunggongvirae;Uroviricota;Caudoviricetes;;
k127_200768	381	No terminal repeats	NA	1	11	0.9415	NA	1	1.7183	Viruses;Duplodnaviria;Heunggongvirae;Uroviricota;Caudoviricetes;;
k127_251644	370	No terminal repeats	NA	1	11	0.9408	NA	1	1.7183	Viruses;Duplodnaviria;Heunggongvirae;Uroviricota;Caudoviricetes;;
k127_294624	317	No terminal repeats	NA	1	11	0.9403	NA	1	1.7183	Viruses;Duplodnaviria;Heunggongvirae;Uroviricota;Caudoviricetes;;
k127_2163	1002	No terminal repeats	NA	1	11	0.9390	NA	1	1.7183	Viruses;Duplodnaviria;Heunggongvirae;Uroviricota;Caudoviricetes;;
k127_52888	334	No terminal repeats	NA	1	11	0.9388	NA	1	1.7183	Unclassified
k127_183520	401	No terminal repeats	NA	1	11	0.9384	NA	1	1.7183	Viruses;Duplodnaviria;Heunggongvirae;Uroviricota;Caudoviricetes;;
k127_160723	425	No terminal repeats	NA	1	11	0.9383	NA	1	1.7183	Viruses;Duplodnaviria;Heunggongvirae;Uroviricota;Caudoviricetes;;
k127_387952	898	No terminal repeats	NA	2	11	0.9370	NA	2	2.9804	Viruses;Duplodnaviria;Heunggongvirae;Uroviricota;Caudoviricetes;;
k127_334718	350	No terminal repeats	NA	1	11	0.9368	NA	1	1.7183	Viruses;Duplodnaviria;Heunggongvirae;Uroviricota;Caudoviricetes;;
k127_39915	392	No terminal repeats	NA	1	11	0.9360	NA	1	1.2848	Viruses;Duplodnaviria;Heunggongvirae;Uroviricota;Caudoviricetes;;
k127_171501	413	No terminal repeats	NA	2	11	0.9348	NA	1	1.4840	Unclassified
k127_232385	469	No terminal repeats	NA	1	11	0.9330	NA	1	1.7183	Viruses;Duplodnaviria;Heunggongvirae;Uroviricota;Caudoviricetes;;
k127_252777	602	No terminal repeats	NA	1	11	0.9319	NA	1	1.7183	Viruses;Duplodnaviria;Heunggongvirae;Uroviricota;Caudoviricetes;;
k127_463754	788	No terminal repeats	NA	1	11	0.9317	NA	1	1.7183	Viruses;Duplodnaviria;Heunggongvirae;Uroviricota;Caudoviricetes;;
k127_147272	311	No terminal repeats	NA	1	11	0.9313	NA	1	1.4766	Viruses;Duplodnaviria;Heunggongvirae;Uroviricota;Caudoviricetes;;
k127_265918	468	No terminal repeats	NA	1	11	0.9307	NA	1	1.7183	Unclassified
k127_451381	706	No terminal repeats	NA	1	11	0.9301	NA	1	1.7183	Viruses;Duplodnaviria;Heunggongvirae;Uroviricota;Caudoviricetes;;
k127_524712	333	No terminal repeats	NA	1	11	0.9296	NA	1	1.5924	Viruses;Duplodnaviria;Heunggongvirae;Uroviricota;Caudoviricetes;;
k127_179103	416	No terminal repeats	NA	1	11	0.9293	NA	1	1.7183	Viruses;Duplodnaviria;Heunggongvirae;Uroviricota;Caudoviricetes;;
k127_196328	508	No terminal repeats	NA	1	11	0.9292	NA	1	1.7183	Viruses;Duplodnaviria;Heunggongvirae;Uroviricota;Caudoviricetes;;
k127_459017	359	No terminal repeats	NA	1	11	0.9291	NA	1	1.4840	Unclassified
k127_88348	541	No terminal repeats	NA	1	11	0.9287	NA	1	1.7183	Viruses;Duplodnaviria;Heunggongvirae;Uroviricota;Caudoviricetes;;
k127_296077	448	No terminal repeats	NA	1	11	0.9281	NA	1	1.7183	Viruses;Duplodnaviria;Heunggongvirae;Uroviricota;Caudoviricetes;;
k127_422187	339	No terminal repeats	NA	1	11	0.9267	NA	1	1.7183	Viruses;Duplodnaviria;Heunggongvirae;Uroviricota;Caudoviricetes;;
k127_502046	712	No terminal repeats	NA	1	11	0.9266	NA	1	1.7183	Viruses;Riboviria;Orthornavirae;Pisuviricota;Duplopiviricetes;Durnavirales;Partitiviridae
k127_230780	577	No terminal repeats	NA	1	11	0.9266	NA	1	1.7183	Viruses;Duplodnaviria;Heunggongvirae;Uroviricota;Caudoviricetes;;
k127_46880	341	No terminal repeats	NA	1	11	0.9263	NA	1	1.4005	Viruses;Duplodnaviria;Heunggongvirae;Uroviricota;Caudoviricetes;;
k127_265462	753	No terminal repeats	NA	2	11	0.9254	NA	1	3.1796	Viruses;Duplodnaviria;Heunggongvirae;Uroviricota;Caudoviricetes;;
k127_374840	322	No terminal repeats	NA	1	11	0.9252	NA	1	1.7183	Viruses;Duplodnaviria;Heunggongvirae;Uroviricota;Caudoviricetes;;
k127_380441	371	No terminal repeats	NA	1	11	0.9245	NA	1	1.7183	Viruses;Duplodnaviria;Heunggongvirae;Uroviricota;Caudoviricetes;;
k127_395711	712	No terminal repeats	NA	2	11	0.9233	NA	1	2.6544	Viruses;Duplodnaviria;Heunggongvirae;Uroviricota;Caudoviricetes;;
k127_163342	756	No terminal repeats	NA	1	11	0.9207	NA	1	1.7183	Unclassified
k127_196791	313	No terminal repeats	NA	1	11	0.9204	NA	1	1.7183	Unclassified
k127_204408	315	No terminal repeats	NA	1	11	0.9202	NA	1	1.4749	Viruses;Duplodnaviria;Heunggongvirae;Uroviricota;Caudoviricetes;;
k127_557577	470	No terminal repeats	NA	1	11	0.9197	NA	1	1.7183	Viruses;Duplodnaviria;Heunggongvirae;Uroviricota;Caudoviricetes;;
k127_284918	454	No terminal repeats	NA	1	11	0.9191	NA	1	1.5924	Viruses;Duplodnaviria;Heunggongvirae;Uroviricota;Caudoviricetes;;
k127_311315	376	No terminal repeats	NA	1	11	0.9182	NA	1	1.7183	Viruses;Duplodnaviria;Heunggongvirae;Uroviricota;Caudoviricetes;;
k127_586217	983	No terminal repeats	NA	2	11	0.9181	NA	1	2.9151	Viruses;Duplodnaviria;Heunggongvirae;Uroviricota;Caudoviricetes;;
k127_529769	411	No terminal repeats	NA	1	11	0.9180	NA	1	1.7183	Viruses;Duplodnaviria;Heunggongvirae;Uroviricota;Caudoviricetes;;
k127_293825	348	No terminal repeats	NA	1	11	0.9177	NA	1	1.6066	Viruses;Duplodnaviria;Heunggongvirae;Uroviricota;Caudoviricetes;;
k127_531890	342	No terminal repeats	NA	1	11	0.9169	NA	1	1.7183	Viruses;Duplodnaviria;Heunggongvirae;Uroviricota;Caudoviricetes;;
k127_149317	394	No terminal repeats	NA	1	11	0.9169	NA	1	1.2934	Viruses;Duplodnaviria;Heunggongvirae;Uroviricota;Caudoviricetes;;
k127_288972	616	No terminal repeats	NA	1	11	0.9164	NA	1	1.7183	Viruses;Duplodnaviria;Heunggongvirae;Uroviricota;Caudoviricetes;;
k127_417051	589	No terminal repeats	NA	1	11	0.9163	NA	1	1.7183	Viruses;Duplodnaviria;Heunggongvirae;Uroviricota;Caudoviricetes;;
k127_273053	403	No terminal repeats	NA	1	11	0.9160	NA	1	1.7183	Viruses;Duplodnaviria;Heunggongvirae;Uroviricota;Caudoviricetes;;
k127_116555	420	No terminal repeats	NA	1	11	0.9152	NA	1	1.2934	Viruses;Duplodnaviria;Heunggongvirae;Uroviricota;Caudoviricetes;;
k127_406286	443	No terminal repeats	NA	2	11	0.9145	NA	1	1.2443	Viruses;Duplodnaviria;Heunggongvirae;Uroviricota;Caudoviricetes;;
k127_12596	369	No terminal repeats	NA	1	11	0.9142	NA	1	1.5934	Unclassified
k127_266050	546	No terminal repeats	NA	2	11	0.9138	NA	1	1.4798	Viruses;Duplodnaviria;Heunggongvirae;Uroviricota;Caudoviricetes;;
k127_63562	364	No terminal repeats	NA	1	11	0.9130	NA	1	1.6066	Viruses;Duplodnaviria;Heunggongvirae;Uroviricota;Caudoviricetes;;
k127_362672	452	No terminal repeats	NA	1	11	0.9130	NA	1	1.7183	Viruses;Duplodnaviria;Heunggongvirae;Uroviricota;Caudoviricetes;;
k127_6874	505	No terminal repeats	NA	1	11	0.9127	NA	1	1.7183	Viruses;Duplodnaviria;Heunggongvirae;Uroviricota;Caudoviricetes;;
k127_377597	654	No terminal repeats	NA	1	11	0.9122	NA	1	1.7183	Viruses;Duplodnaviria;Heunggongvirae;Uroviricota;Caudoviricetes;;
k127_396687	425	No terminal repeats	NA	1	11	0.9119	NA	1	1.7183	Viruses;Duplodnaviria;Heunggongvirae;Uroviricota;Caudoviricetes;;
k127_384917	800	No terminal repeats	NA	1	11	0.9118	NA	1	1.7183	Viruses;Duplodnaviria;Heunggongvirae;Uroviricota;Caudoviricetes;;
k127_225788	321	No terminal repeats	NA	2	11	0.9114	NA	1	1.7183	Viruses;Duplodnaviria;Heunggongvirae;Uroviricota;Caudoviricetes;;
k127_449870	341	No terminal repeats	NA	1	11	0.9114	NA	1	1.4005	Viruses;Duplodnaviria;Heunggongvirae;Uroviricota;Caudoviricetes;;
k127_87712	1234	No terminal repeats	NA	1	11	0.9091	NA	1	1.5978	Viruses;Duplodnaviria;Heunggongvirae;Uroviricota;Caudoviricetes;;
k127_420017	304	No terminal repeats	NA	1	11	0.9088	NA	1	1.5924	Viruses;Duplodnaviria;Heunggongvirae;Uroviricota;Caudoviricetes;;
k127_520946	488	No terminal repeats	NA	1	11	0.9086	NA	1	1.7183	Viruses;Duplodnaviria;Heunggongvirae;Uroviricota;Caudoviricetes;;
k127_452908	787	No terminal repeats	NA	1	11	0.9080	NA	1	1.7183	Viruses;Duplodnaviria;Heunggongvirae;Uroviricota;Caudoviricetes;;
k127_477483	303	No terminal repeats	NA	2	11	0.9078	NA	1	1.7183	Unclassified
k127_431675	374	No terminal repeats	NA	1	11	0.9050	NA	1	1.4749	Viruses;Duplodnaviria;Heunggongvirae;Uroviricota;Caudoviricetes;;
k127_215208	468	No terminal repeats	NA	1	11	0.9039	NA	1	1.4698	Viruses;Duplodnaviria;Heunggongvirae;Uroviricota;Caudoviricetes;;
k127_561810	322	No terminal repeats	NA	1	11	0.9032	NA	1	1.4840	Unclassified
k127_292106	358	No terminal repeats	NA	1	11	0.9028	NA	1	1.7183	Viruses;Duplodnaviria;Heunggongvirae;Uroviricota;Caudoviricetes;;
k127_359951	354	No terminal repeats	NA	1	11	0.9025	NA	1	1.7183	Viruses;Duplodnaviria;Heunggongvirae;Uroviricota;Caudoviricetes;;
k127_93806	559	No terminal repeats	NA	1	11	0.9023	NA	1	1.7183	Viruses;Duplodnaviria;Heunggongvirae;Uroviricota;Caudoviricetes;;
k127_229799	551	No terminal repeats	NA	1	11	0.9019	NA	1	1.7183	Viruses;Duplodnaviria;Heunggongvirae;Uroviricota;Caudoviricetes;;
k127_139071	677	No terminal repeats	NA	1	11	0.9012	NA	1	1.7183	Viruses;Duplodnaviria;Heunggongvirae;Uroviricota;Caudoviricetes;;
k127_303464	330	No terminal repeats	NA	1	11	0.9010	NA	1	1.1267	Viruses;Duplodnaviria;Heunggongvirae;Uroviricota;Caudoviricetes;;
k127_202928	420	No terminal repeats	NA	2	11	0.9004	NA	1	1.7183	Unclassified
k127_47169	314	No terminal repeats	NA	1	11	0.9004	NA	1	1.7183	Viruses;Duplodnaviria;Heunggongvirae;Uroviricota;Caudoviricetes;;
k127_515938	320	No terminal repeats	NA	1	11	0.8990	NA	1	1.7183	Viruses;Duplodnaviria;Heunggongvirae;Uroviricota;Caudoviricetes;;
k127_352086	378	No terminal repeats	NA	2	11	0.8984	NA	1	1.0569	Viruses;Duplodnaviria;Heunggongvirae;Uroviricota;Caudoviricetes;;
k127_351677	348	No terminal repeats	NA	1	11	0.8982	NA	1	1.3888	Viruses;Duplodnaviria;Heunggongvirae;Uroviricota;Caudoviricetes;;Drexlerviridae
k127_453641	663	No terminal repeats	NA	2	11	0.8978	NA	1	3.1192	Viruses;Duplodnaviria;Heunggongvirae;Uroviricota;Caudoviricetes;;
k127_124824	655	No terminal repeats	NA	2	11	0.8977	NA	1	1.7183	Viruses;Duplodnaviria;Heunggongvirae;Uroviricota;Caudoviricetes;;
k127_28178	359	No terminal repeats	NA	1	11	0.8976	NA	1	1.7183	Viruses;Duplodnaviria;Heunggongvirae;Uroviricota;Caudoviricetes;;
k127_143192	553	No terminal repeats	NA	2	11	0.8972	NA	1	1.4493	Viruses;Duplodnaviria;Heunggongvirae;Uroviricota;Caudoviricetes;;
k127_200336	744	No terminal repeats	NA	1	11	0.8970	NA	1	1.7183	Viruses;Duplodnaviria;Heunggongvirae;Uroviricota;Caudoviricetes;;
k127_232626	330	No terminal repeats	NA	1	11	0.8965	NA	1	1.3388	Viruses;Duplodnaviria;Heunggongvirae;Uroviricota;Caudoviricetes;;
k127_134470	499	No terminal repeats	NA	1	11	0.8962	NA	1	1.4595	Viruses;Duplodnaviria;Heunggongvirae;Uroviricota;Caudoviricetes;;
k127_300537	691	No terminal repeats	NA	2	11	0.8959	NA	1	1.7169	Viruses;Duplodnaviria;Heunggongvirae;Uroviricota;Caudoviricetes;;
k127_545421	1143	No terminal repeats	NA	1	11	0.8958	NA	1	1.7183	Viruses;Duplodnaviria;Heunggongvirae;Uroviricota;Caudoviricetes;;
k127_257739	469	No terminal repeats	NA	1	11	0.8952	NA	1	1.5961	Unclassified
k127_267415	537	No terminal repeats	NA	2	11	0.8951	NA	1	3.4366	Viruses;Duplodnaviria;Heunggongvirae;Uroviricota;Caudoviricetes;;
k127_216691	1094	No terminal repeats	NA	3	11	0.8950	NA	1	2.9892	Viruses;Duplodnaviria;Heunggongvirae;Uroviricota;Caudoviricetes;;
k127_246473	400	No terminal repeats	NA	1	11	0.8945	NA	1	1.5934	Unclassified
k127_129347	357	No terminal repeats	NA	1	11	0.8944	NA	1	1.7183	Viruses;Duplodnaviria;Heunggongvirae;Uroviricota;Caudoviricetes;;
k127_475005	510	No terminal repeats	NA	1	11	0.8934	NA	1	1.2443	Viruses;Duplodnaviria;Heunggongvirae;Uroviricota;Caudoviricetes;;
k127_139074	498	No terminal repeats	NA	1	11	0.8929	NA	1	1.1011	Viruses;Duplodnaviria;Heunggongvirae;Uroviricota;Caudoviricetes;;
k127_92289	361	No terminal repeats	NA	1	11	0.8929	NA	1	1.4849	Viruses;Duplodnaviria;Heunggongvirae;Uroviricota;Caudoviricetes;;
k127_85860	471	No terminal repeats	NA	2	11	0.8927	NA	1	1.7183	Unclassified
k127_57442	368	No terminal repeats	NA	2	11	0.8923	NA	1	1.2167	Viruses;Duplodnaviria;Heunggongvirae;Uroviricota;Caudoviricetes;;
k127_98843	302	No terminal repeats	NA	1	11	0.8919	NA	1	1.4506	Viruses;Duplodnaviria;Heunggongvirae;Uroviricota;Caudoviricetes;;
k127_424821	313	No terminal repeats	NA	1	11	0.8915	NA	1	1.0089	Viruses;Duplodnaviria;Heunggongvirae;Uroviricota;Caudoviricetes;;
k127_447721	361	No terminal repeats	NA	1	11	0.8908	NA	1	1.7183	Viruses;Duplodnaviria;Heunggongvirae;Uroviricota;Caudoviricetes;;
k127_506654	567	No terminal repeats	NA	1	11	0.8908	NA	1	1.7183	Viruses;Duplodnaviria;Heunggongvirae;Uroviricota;Caudoviricetes;;
k127_367176	1003	No terminal repeats	NA	2	11	0.8902	NA	1	2.6762	Viruses;Duplodnaviria;Heunggongvirae;Uroviricota;Caudoviricetes;;
k127_374631	988	No terminal repeats	NA	1	11	0.8895	NA	1	1.7183	Viruses;Duplodnaviria;Heunggongvirae;Uroviricota;Caudoviricetes;;
k127_233127	1225	No terminal repeats	NA	1	11	0.8892	NA	1	1.7183	Viruses;Duplodnaviria;Heunggongvirae;Uroviricota;Caudoviricetes;;
k127_115188	1706	No terminal repeats	NA	1	11	0.8878	NA	1	1.7183	Viruses;Duplodnaviria;Heunggongvirae;Uroviricota;Caudoviricetes;;
k127_484972	505	No terminal repeats	NA	1	11	0.8875	NA	1	1.2306	Viruses;Duplodnaviria;Heunggongvirae;Uroviricota;Caudoviricetes;;
k127_552703	872	No terminal repeats	NA	2	11	0.8875	NA	1	1.7183	Unclassified
k127_577872	329	No terminal repeats	NA	2	11	0.8872	NA	1	1.3168	Viruses;Duplodnaviria;Heunggongvirae;Uroviricota;Caudoviricetes;;
k127_205398	487	No terminal repeats	NA	1	11	0.8871	NA	1	1.7183	Viruses;Duplodnaviria;Heunggongvirae;Uroviricota;Caudoviricetes;;
k127_327651	450	No terminal repeats	NA	1	11	0.8871	NA	1	1.7183	Viruses;Duplodnaviria;Heunggongvirae;Uroviricota;Caudoviricetes;;
k127_170546	361	No terminal repeats	NA	1	11	0.8849	NA	1	1.7183	Viruses;Duplodnaviria;Heunggongvirae;Uroviricota;Caudoviricetes;;
k127_213351	608	No terminal repeats	NA	1	11	0.8847	NA	1	1.7183	Viruses;Duplodnaviria;Heunggongvirae;Uroviricota;Caudoviricetes;;
k127_30741	340	No terminal repeats	NA	1	11	0.8840	NA	1	1.3148	Viruses;Duplodnaviria;Heunggongvirae;Uroviricota;Caudoviricetes;;
k127_217874	498	No terminal repeats	NA	1	11	0.8834	NA	1	1.2306	Viruses;Duplodnaviria;Heunggongvirae;Uroviricota;Caudoviricetes;;
k127_429529	699	No terminal repeats	NA	1	11	0.8825	NA	1	1.7183	Viruses;Duplodnaviria;Heunggongvirae;Uroviricota;Caudoviricetes;;
k127_396964	740	No terminal repeats	NA	1	11	0.8824	NA	1	1.7183	Viruses;Duplodnaviria;Heunggongvirae;Uroviricota;Caudoviricetes;;
k127_169205	435	No terminal repeats	NA	1	11	0.8813	NA	1	1.2306	Viruses;Duplodnaviria;Heunggongvirae;Uroviricota;Caudoviricetes;;
k127_301538	454	No terminal repeats	NA	2	11	0.8811	NA	1	1.7183	Viruses;Duplodnaviria;Heunggongvirae;Uroviricota;Caudoviricetes;;
k127_90075	334	No terminal repeats	NA	1	11	0.8808	NA	1	1.1011	Viruses;Duplodnaviria;Heunggongvirae;Uroviricota;Caudoviricetes;;
k127_414079	349	No terminal repeats	NA	1	11	0.8803	NA	1	1.3428	Viruses;Duplodnaviria;Heunggongvirae;Uroviricota;Caudoviricetes;;
k127_109012	482	No terminal repeats	NA	1	11	0.8785	NA	1	0.9079	Viruses;Duplodnaviria;Heunggongvirae;Uroviricota;Caudoviricetes;;
k127_495600	420	No terminal repeats	NA	1	11	0.8782	NA	1	1.7183	Viruses;Duplodnaviria;Heunggongvirae;Uroviricota;Caudoviricetes;;
k127_179170	315	No terminal repeats	NA	1	11	0.8775	NA	1	1.7183	Viruses;Duplodnaviria;Heunggongvirae;Uroviricota;Caudoviricetes;;
k127_2656	828	No terminal repeats	NA	1	11	0.8769	NA	1	1.7183	Viruses;Duplodnaviria;Heunggongvirae;Uroviricota;Caudoviricetes;;
k127_321222	412	No terminal repeats	NA	1	11	0.8763	NA	1	1.1262	Viruses;Duplodnaviria;Heunggongvirae;Uroviricota;Caudoviricetes;;
k127_417105	542	No terminal repeats	NA	1	11	0.8761	NA	1	1.7183	Viruses;Duplodnaviria;Heunggongvirae;Uroviricota;Caudoviricetes;;
k127_82310	369	No terminal repeats	NA	2	11	0.8759	NA	1	1.7183	Unclassified
k127_453179	938	No terminal repeats	NA	1	11	0.8755	NA	1	1.7183	Viruses;Duplodnaviria;Heunggongvirae;Uroviricota;Caudoviricetes;;
k127_546875	2056	No terminal repeats	NA	3	11	0.8749	NA	1	1.7183	Viruses;Riboviria;Orthornavirae;Pisuviricota;Duplopiviricetes;Durnavirales;Partitiviridae
k127_509945	503	No terminal repeats	NA	1	11	0.8739	NA	1	1.7183	Viruses;Duplodnaviria;Heunggongvirae;Uroviricota;Caudoviricetes;;
k127_369551	326	No terminal repeats	NA	1	11	0.8731	NA	1	1.7160	Viruses;Duplodnaviria;Heunggongvirae;Uroviricota;Caudoviricetes;;
k127_304076	826	No terminal repeats	NA	2	11	0.8726	NA	1	3.4366	Viruses;Duplodnaviria;Heunggongvirae;Uroviricota;Caudoviricetes;;
k127_418252	408	No terminal repeats	NA	1	11	0.8715	NA	1	1.3639	Viruses;Duplodnaviria;Heunggongvirae;Uroviricota;Caudoviricetes;;
k127_252275	449	No terminal repeats	NA	1	11	0.8709	NA	1	1.7183	Viruses;Duplodnaviria;Heunggongvirae;Uroviricota;Caudoviricetes;;
k127_453442	391	No terminal repeats	NA	1	11	0.8706	NA	1	1.3428	Viruses;Duplodnaviria;Heunggongvirae;Uroviricota;Caudoviricetes;;
k127_183152	736	No terminal repeats	NA	1	11	0.8701	NA	1	1.2306	Viruses;Duplodnaviria;Heunggongvirae;Uroviricota;Caudoviricetes;;
k127_592280	418	No terminal repeats	NA	1	11	0.8694	NA	1	1.2306	Viruses;Duplodnaviria;Heunggongvirae;Uroviricota;Caudoviricetes;;
k127_22106	337	No terminal repeats	NA	1	11	0.8676	NA	1	1.4749	Viruses;Duplodnaviria;Heunggongvirae;Uroviricota;Caudoviricetes;;
k127_9823	493	No terminal repeats	NA	1	11	0.8671	NA	1	1.3566	Viruses;Duplodnaviria;Heunggongvirae;Uroviricota;Caudoviricetes;;
k127_151388	786	No terminal repeats	NA	1	11	0.8663	NA	1	1.2306	Viruses;Duplodnaviria;Heunggongvirae;Uroviricota;Caudoviricetes;;
k127_8637	323	No terminal repeats	NA	1	11	0.8661	NA	1	1.3198	Viruses;Duplodnaviria;Heunggongvirae;Uroviricota;Caudoviricetes;;
k127_495715	336	No terminal repeats	NA	1	11	0.8657	NA	1	1.7157	Viruses;Duplodnaviria;Heunggongvirae;Uroviricota;Caudoviricetes;;
k127_490327	546	No terminal repeats	NA	1	11	0.8656	NA	1	1.7183	Viruses;Duplodnaviria;Heunggongvirae;Uroviricota;Caudoviricetes;;
k127_14925	307	No terminal repeats	NA	1	11	0.8652	NA	1	1.7183	Viruses;Duplodnaviria;Heunggongvirae;Uroviricota;Caudoviricetes;;
k127_354971	453	No terminal repeats	NA	2	11	0.8646	NA	1	1.7183	Viruses;Duplodnaviria;Heunggongvirae;Uroviricota;Caudoviricetes;;
k127_333413	395	No terminal repeats	NA	2	11	0.8643	NA	1	1.7183	Viruses;Duplodnaviria;Heunggongvirae;Uroviricota;Caudoviricetes;;
k127_348411	1018	No terminal repeats	NA	2	11	0.8629	NA	1	1.7183	Viruses;Duplodnaviria;Heunggongvirae;Uroviricota;Caudoviricetes;;
k127_81066	477	No terminal repeats	NA	1	11	0.8628	NA	1	1.1262	Viruses;Duplodnaviria;Heunggongvirae;Uroviricota;Caudoviricetes;;
k127_241657	304	No terminal repeats	NA	1	11	0.8623	NA	1	1.4880	Viruses;Duplodnaviria;Heunggongvirae;Uroviricota;Caudoviricetes;;
k127_333718	312	No terminal repeats	NA	1	11	0.8621	NA	1	1.7183	Viruses;Duplodnaviria;Heunggongvirae;Uroviricota;Caudoviricetes;;
k127_203602	328	No terminal repeats	NA	1	11	0.8620	NA	1	1.2443	Viruses;Duplodnaviria;Heunggongvirae;Uroviricota;Caudoviricetes;;
k127_292446	510	No terminal repeats	NA	1	11	0.8618	NA	1	1.3639	Viruses;Duplodnaviria;Heunggongvirae;Uroviricota;Caudoviricetes;;
k127_460439	523	No terminal repeats	NA	2	11	0.8618	NA	2	3.0242	Viruses;Duplodnaviria;Heunggongvirae;Uroviricota;Caudoviricetes;;
k127_324244	670	No terminal repeats	NA	1	11	0.8607	NA	1	1.7183	Viruses;Duplodnaviria;Heunggongvirae;Uroviricota;Caudoviricetes;;
k127_511713	509	No terminal repeats	NA	1	11	0.8606	NA	1	1.7183	Viruses;Duplodnaviria;Heunggongvirae;Uroviricota;Caudoviricetes;;
k127_161234	813	No terminal repeats	NA	1	11	0.8605	NA	1	1.7183	Viruses;Duplodnaviria;Heunggongvirae;Uroviricota;Caudoviricetes;;
k127_365949	378	No terminal repeats	NA	1	11	0.8599	NA	1	1.3168	Viruses;Duplodnaviria;Heunggongvirae;Uroviricota;Caudoviricetes;;
k127_479999	339	No terminal repeats	NA	2	11	0.8597	NA	1	1.7183	Viruses;Duplodnaviria;Heunggongvirae;Uroviricota;Caudoviricetes;;
k127_289836	478	No terminal repeats	NA	1	11	0.8590	NA	1	1.2306	Viruses;Duplodnaviria;Heunggongvirae;Uroviricota;Caudoviricetes;;
k127_133948	322	No terminal repeats	NA	1	11	0.8588	NA	1	1.3610	Viruses;Duplodnaviria;Heunggongvirae;Uroviricota;Caudoviricetes;;
k127_30760	385	No terminal repeats	NA	1	11	0.8573	NA	1	1.5924	Viruses;Duplodnaviria;Heunggongvirae;Uroviricota;Caudoviricetes;;
k127_422681	327	No terminal repeats	NA	1	11	0.8572	NA	1	1.3639	Viruses;Duplodnaviria;Heunggongvirae;Uroviricota;Caudoviricetes;;
k127_261440	1064	No terminal repeats	NA	1	11	0.8568	NA	1	1.7183	Viruses;Duplodnaviria;Heunggongvirae;Uroviricota;Caudoviricetes;;
k127_508983	524	No terminal repeats	NA	1	11	0.8568	NA	1	1.2306	Viruses;Duplodnaviria;Heunggongvirae;Uroviricota;Caudoviricetes;;
k127_299302	664	No terminal repeats	NA	1	11	0.8564	NA	1	1.3388	Viruses;Duplodnaviria;Heunggongvirae;Uroviricota;Caudoviricetes;;
k127_435761	445	No terminal repeats	NA	1	11	0.8562	NA	1	1.7159	Viruses;Duplodnaviria;Heunggongvirae;Uroviricota;Caudoviricetes;;
k127_521843	365	No terminal repeats	NA	1	11	0.8556	NA	1	1.2443	Viruses;Duplodnaviria;Heunggongvirae;Uroviricota;Caudoviricetes;;
k127_184844	878	No terminal repeats	NA	1	11	0.8549	NA	1	1.7183	Viruses;Duplodnaviria;Heunggongvirae;Uroviricota;Caudoviricetes;;
k127_551991	1022	No terminal repeats	NA	1	11	0.8545	NA	1	1.7183	Viruses;Duplodnaviria;Heunggongvirae;Uroviricota;Caudoviricetes;;
k127_556104	346	No terminal repeats	NA	1	11	0.8539	NA	1	1.3428	Viruses;Duplodnaviria;Heunggongvirae;Uroviricota;Caudoviricetes;;
k127_351382	330	No terminal repeats	NA	1	11	0.8538	NA	1	1.7170	Viruses;Duplodnaviria;Heunggongvirae;Uroviricota;Caudoviricetes;;
k127_270442	465	No terminal repeats	NA	2	11	0.8536	NA	1	1.6469	Viruses;Duplodnaviria;Heunggongvirae;Uroviricota;Caudoviricetes;;
k127_448037	457	No terminal repeats	NA	1	11	0.8536	NA	1	1.3983	Viruses;Duplodnaviria;Heunggongvirae;Uroviricota;Caudoviricetes;;
k127_500304	358	No terminal repeats	NA	1	11	0.8531	NA	1	1.3645	Viruses;Duplodnaviria;Heunggongvirae;Uroviricota;Caudoviricetes;;
k127_436027	1011	No terminal repeats	NA	2	11	0.8529	NA	1	1.7183	Viruses;Duplodnaviria;Heunggongvirae;Uroviricota;Caudoviricetes;;
k127_111588	365	No terminal repeats	NA	1	11	0.8522	NA	1	1.2087	Viruses;Duplodnaviria;Heunggongvirae;Uroviricota;Caudoviricetes;;
k127_145240	419	No terminal repeats	NA	1	11	0.8520	NA	1	1.7183	Viruses;Duplodnaviria;Heunggongvirae;Uroviricota;Caudoviricetes;;
k127_529360	408	No terminal repeats	NA	1	11	0.8517	NA	1	1.2443	Viruses;Duplodnaviria;Heunggongvirae;Uroviricota;Caudoviricetes;;
k127_503311	862	No terminal repeats	NA	1	11	0.8516	NA	1	1.7183	Viruses;Duplodnaviria;Heunggongvirae;Uroviricota;Caudoviricetes;;
k127_266282	780	No terminal repeats	NA	1	11	0.8506	NA	1	1.4749	Viruses;Duplodnaviria;Heunggongvirae;Uroviricota;Caudoviricetes;;
k127_6517	620	No terminal repeats	NA	1	11	0.8489	NA	1	1.7183	Viruses;Duplodnaviria;Heunggongvirae;Uroviricota;Caudoviricetes;;
k127_567404	390	No terminal repeats	NA	1	11	0.8488	NA	1	1.2306	Viruses;Duplodnaviria;Heunggongvirae;Uroviricota;Caudoviricetes;;
k127_258301	702	No terminal repeats	NA	1	11	0.8481	NA	1	1.2791	Viruses;Duplodnaviria;Heunggongvirae;Uroviricota;Caudoviricetes;;
k127_344261	1284	No terminal repeats	NA	1	11	0.8474	NA	1	1.7183	Viruses;Duplodnaviria;Heunggongvirae;Uroviricota;Caudoviricetes;;
k127_110460	468	No terminal repeats	NA	1	11	0.8466	NA	1	1.7183	Viruses;Duplodnaviria;Heunggongvirae;Uroviricota;Caudoviricetes;;
k127_93439	504	No terminal repeats	NA	1	11	0.8463	NA	1	1.7183	Viruses;Duplodnaviria;Heunggongvirae;Uroviricota;Caudoviricetes;;
k127_373299	447	No terminal repeats	NA	1	11	0.8450	NA	1	1.7183	Viruses;Duplodnaviria;Heunggongvirae;Uroviricota;Caudoviricetes;;
k127_313820	898	No terminal repeats	NA	1	11	0.8448	NA	1	1.7183	Viruses;Duplodnaviria;Heunggongvirae;Uroviricota;Caudoviricetes;;
k127_276407	557	No terminal repeats	NA	1	11	0.8447	NA	1	1.7183	Viruses;Duplodnaviria;Heunggongvirae;Uroviricota;Caudoviricetes;;
k127_71841	355	No terminal repeats	NA	1	11	0.8435	NA	1	1.2934	Viruses;Duplodnaviria;Heunggongvirae;Uroviricota;Caudoviricetes;;
k127_276446	368	No terminal repeats	NA	2	11	0.8433	NA	1	1.7183	Viruses;Duplodnaviria;Heunggongvirae;Uroviricota;Caudoviricetes;;
k127_490128	842	No terminal repeats	NA	2	11	0.8431	NA	1	1.7183	Viruses;Duplodnaviria;Heunggongvirae;Uroviricota;Caudoviricetes;;
k127_423138	328	No terminal repeats	NA	1	11	0.8430	NA	1	1.2657	Viruses;Duplodnaviria;Heunggongvirae;Uroviricota;Caudoviricetes;;
k127_494401	399	No terminal repeats	NA	1	11	0.8428	NA	1	1.3345	Viruses;Duplodnaviria;Heunggongvirae;Uroviricota;Caudoviricetes;;
k127_43869	753	No terminal repeats	NA	1	11	0.8422	NA	1	1.7183	Viruses;Duplodnaviria;Heunggongvirae;Uroviricota;Caudoviricetes;;
k127_25334	869	No terminal repeats	NA	1	11	0.8421	NA	1	1.7183	Viruses;Duplodnaviria;Heunggongvirae;Uroviricota;Caudoviricetes;;
k127_407405	597	No terminal repeats	NA	1	11	0.8420	NA	1	1.7164	Unclassified
k127_267028	502	No terminal repeats	NA	1	11	0.8420	NA	1	1.2306	Viruses;Duplodnaviria;Heunggongvirae;Uroviricota;Caudoviricetes;;
k127_162479	315	No terminal repeats	NA	2	11	0.8419	NA	1	1.6774	Viruses;Duplodnaviria;Heunggongvirae;Uroviricota;Caudoviricetes;;
k127_563550	511	No terminal repeats	NA	2	11	0.8407	NA	1	1.7183	Viruses;Duplodnaviria;Heunggongvirae;Uroviricota;Caudoviricetes;;
k127_237062	1292	No terminal repeats	NA	1	11	0.8407	NA	1	1.7183	Viruses;Duplodnaviria;Heunggongvirae;Uroviricota;Caudoviricetes;;
k127_372966	1279	No terminal repeats	NA	1	11	0.8406	NA	1	1.7183	Viruses;Duplodnaviria;Heunggongvirae;Uroviricota;Caudoviricetes;;
k127_106915	1444	No terminal repeats	NA	3	11	0.8403	NA	2	2.6667	Viruses;Duplodnaviria;Heunggongvirae;Uroviricota;Caudoviricetes;;
k127_172735	608	No terminal repeats	NA	1	11	0.8401	NA	1	1.7183	Unclassified
k127_454679	1043	No terminal repeats	NA	3	11	0.8396	NA	1	2.4992	Viruses;Duplodnaviria;Heunggongvirae;Uroviricota;Caudoviricetes;;
k127_394000	390	No terminal repeats	NA	1	11	0.8394	NA	1	1.5924	Viruses;Duplodnaviria;Heunggongvirae;Uroviricota;Caudoviricetes;;
k127_551235	821	No terminal repeats	NA	1	11	0.8392	NA	1	1.7183	Viruses;Duplodnaviria;Heunggongvirae;Uroviricota;Caudoviricetes;;
k127_493499	339	No terminal repeats	NA	1	11	0.8388	NA	1	1.3966	Viruses;Duplodnaviria;Heunggongvirae;Uroviricota;Caudoviricetes;;
k127_311212	358	No terminal repeats	NA	1	11	0.8373	NA	1	1.6734	Viruses;Duplodnaviria;Heunggongvirae;Uroviricota;Caudoviricetes;;
k127_286203	352	No terminal repeats	NA	1	11	0.8372	NA	1	1.2808	Viruses;Duplodnaviria;Heunggongvirae;Uroviricota;Caudoviricetes;;
k127_248611	504	No terminal repeats	NA	1	11	0.8371	NA	1	1.3878	Viruses;Duplodnaviria;Heunggongvirae;Uroviricota;Caudoviricetes;;
k127_95340	503	No terminal repeats	NA	1	11	0.8348	NA	1	1.7183	Viruses;Duplodnaviria;Heunggongvirae;Uroviricota;Caudoviricetes;;
k127_215854	767	No terminal repeats	NA	1	11	0.8342	NA	1	1.7183	Viruses;Duplodnaviria;Heunggongvirae;Uroviricota;Caudoviricetes;;
k127_316587	680	No terminal repeats	NA	2	11	0.8342	NA	1	1.7183	Unclassified
k127_68797	617	No terminal repeats	NA	1	11	0.8335	NA	1	1.7183	Viruses;Duplodnaviria;Heunggongvirae;Uroviricota;Caudoviricetes;;
k127_211001	628	No terminal repeats	NA	1	11	0.8333	NA	1	1.7183	Viruses;Duplodnaviria;Heunggongvirae;Uroviricota;Caudoviricetes;;
k127_294411	304	No terminal repeats	NA	1	11	0.8306	NA	1	1.6469	Viruses;Duplodnaviria;Heunggongvirae;Uroviricota;Caudoviricetes;;
k127_39992	974	No terminal repeats	NA	1	11	0.8302	NA	1	1.7183	Viruses;Duplodnaviria;Heunggongvirae;Uroviricota;Caudoviricetes;;
k127_121247	363	No terminal repeats	NA	1	11	0.8296	NA	1	1.3168	Viruses;Duplodnaviria;Heunggongvirae;Uroviricota;Caudoviricetes;;
k127_413341	363	No terminal repeats	NA	2	11	0.8285	NA	1	1.6545	Viruses;Duplodnaviria;Heunggongvirae;Uroviricota;Caudoviricetes;;
k127_116974	325	No terminal repeats	NA	1	11	0.8276	NA	1	1.2708	Viruses;Duplodnaviria;Heunggongvirae;Uroviricota;Caudoviricetes;;
k127_72741	857	No terminal repeats	NA	1	11	0.8276	NA	1	1.7183	Viruses;Riboviria;Orthornavirae;Pisuviricota;Stelpaviricetes;Stellavirales;Astroviridae
k127_461079	346	No terminal repeats	NA	1	11	0.8267	NA	1	1.3358	Viruses;Duplodnaviria;Heunggongvirae;Uroviricota;Caudoviricetes;;
k127_544061	563	No terminal repeats	NA	1	11	0.8263	NA	1	1.7183	Viruses;Duplodnaviria;Heunggongvirae;Uroviricota;Caudoviricetes;;
k127_468670	1027	No terminal repeats	NA	1	11	0.8258	NA	1	1.7183	Viruses;Duplodnaviria;Heunggongvirae;Uroviricota;Caudoviricetes;;
k127_209839	393	No terminal repeats	NA	1	11	0.8252	NA	1	1.1982	Viruses;Duplodnaviria;Heunggongvirae;Uroviricota;Caudoviricetes;;
k127_144057	1341	No terminal repeats	NA	1	11	0.8251	NA	1	1.7183	Unclassified
k127_100256	587	No terminal repeats	NA	2	11	0.8246	NA	1	1.4764	Viruses;Duplodnaviria;Heunggongvirae;Uroviricota;Caudoviricetes;;
k127_399876	357	No terminal repeats	NA	1	11	0.8241	NA	1	1.1157	Viruses;Duplodnaviria;Heunggongvirae;Uroviricota;Caudoviricetes;;
k127_170322	357	No terminal repeats	NA	1	11	0.8221	NA	1	1.7077	Viruses;Duplodnaviria;Heunggongvirae;Uroviricota;Caudoviricetes;;
k127_423965	431	No terminal repeats	NA	2	11	0.8214	NA	1	1.7183	Viruses;Duplodnaviria;Heunggongvirae;Uroviricota;Caudoviricetes;;
k127_385434	466	No terminal repeats	NA	1	11	0.8210	NA	1	1.7183	Viruses;Duplodnaviria;Heunggongvirae;Uroviricota;Caudoviricetes;;
k127_372004	449	No terminal repeats	NA	2	11	0.8202	NA	1	1.6245	Viruses;Duplodnaviria;Heunggongvirae;Uroviricota;Caudoviricetes;;
k127_235214	718	No terminal repeats	NA	2	11	0.8194	NA	1	1.7183	Viruses;Duplodnaviria;Heunggongvirae;Uroviricota;Caudoviricetes;;
k127_194627	431	No terminal repeats	NA	1	11	0.8190	NA	1	1.3350	Viruses;Duplodnaviria;Heunggongvirae;Uroviricota;Caudoviricetes;;
k127_127664	644	No terminal repeats	NA	1	11	0.8189	NA	1	1.2306	Viruses;Duplodnaviria;Heunggongvirae;Uroviricota;Caudoviricetes;;
k127_202268	419	No terminal repeats	NA	1	11	0.8185	NA	1	1.0597	Unclassified
k127_104826	642	No terminal repeats	NA	1	11	0.8175	NA	1	1.3070	Viruses;Duplodnaviria;Heunggongvirae;Uroviricota;Caudoviricetes;;
k127_550638	402	No terminal repeats	NA	1	11	0.8171	NA	1	1.6734	Viruses;Duplodnaviria;Heunggongvirae;Uroviricota;Caudoviricetes;;
k127_324875	351	No terminal repeats	NA	1	11	0.8166	NA	1	1.3608	Viruses;Duplodnaviria;Heunggongvirae;Uroviricota;Caudoviricetes;;Straboviridae
k127_28740	611	No terminal repeats	NA	1	11	0.8164	NA	1	1.7183	Viruses;Duplodnaviria;Heunggongvirae;Uroviricota;Caudoviricetes;;Drexlerviridae
k127_183881	814	No terminal repeats	NA	2	11	0.8163	NA	1	1.7183	Viruses;Duplodnaviria;Heunggongvirae;Uroviricota;Caudoviricetes;;
k127_55711	321	No terminal repeats	NA	1	11	0.8154	NA	1	1.2442	Viruses;Duplodnaviria;Heunggongvirae;Uroviricota;Caudoviricetes;;
k127_556082	488	No terminal repeats	NA	2	11	0.8149	NA	1	1.3639	Viruses;Duplodnaviria;Heunggongvirae;Uroviricota;Caudoviricetes;;
k127_292262	307	No terminal repeats	NA	1	11	0.8147	NA	1	1.7075	Viruses;Duplodnaviria;Heunggongvirae;Uroviricota;Caudoviricetes;;
k127_393912	830	No terminal repeats	NA	1	11	0.8142	NA	1	1.2306	Viruses;Duplodnaviria;Heunggongvirae;Uroviricota;Caudoviricetes;;
k127_239896	589	No terminal repeats	NA	1	11	0.8140	NA	1	1.7183	Viruses;Duplodnaviria;Heunggongvirae;Uroviricota;Caudoviricetes;;
k127_532299	308	No terminal repeats	NA	2	11	0.8134	NA	1	1.7183	Viruses;Duplodnaviria;Heunggongvirae;Uroviricota;Caudoviricetes;;
k127_346604	1190	No terminal repeats	NA	2	11	0.8134	NA	1	2.6687	Viruses;Duplodnaviria;Heunggongvirae;Uroviricota;Caudoviricetes;;
k127_495033	431	No terminal repeats	NA	1	11	0.8119	NA	1	1.2683	Viruses;Duplodnaviria;Heunggongvirae;Uroviricota;Caudoviricetes;;
k127_426025	320	No terminal repeats	NA	1	11	0.8115	NA	1	1.1191	Viruses;Duplodnaviria;Heunggongvirae;Uroviricota;Caudoviricetes;;
k127_467610	387	No terminal repeats	NA	2	11	0.8110	NA	1	1.1317	Viruses;Duplodnaviria;Heunggongvirae;Uroviricota;Caudoviricetes;;
k127_406823	389	No terminal repeats	NA	1	11	0.8107	NA	1	1.3483	Unclassified
k127_308915	305	No terminal repeats	NA	1	11	0.8101	NA	1	1.1808	Viruses;Duplodnaviria;Heunggongvirae;Uroviricota;Caudoviricetes;;
k127_505845	518	No terminal repeats	NA	1	11	0.8087	NA	1	1.2306	Viruses;Duplodnaviria;Heunggongvirae;Uroviricota;Caudoviricetes;;
k127_407601	368	No terminal repeats	NA	1	11	0.8085	NA	1	1.3610	Viruses;Duplodnaviria;Heunggongvirae;Uroviricota;Caudoviricetes;;
k127_488735	324	No terminal repeats	NA	1	11	0.8082	NA	1	1.2443	Viruses;Duplodnaviria;Heunggongvirae;Uroviricota;Caudoviricetes;;
k127_469895	617	No terminal repeats	NA	1	11	0.8077	NA	1	1.7183	Viruses;Duplodnaviria;Heunggongvirae;Uroviricota;Caudoviricetes;;
k127_431985	932	No terminal repeats	NA	1	11	0.8077	NA	1	1.7183	Viruses;Duplodnaviria;Heunggongvirae;Uroviricota;Caudoviricetes;;
k127_208699	550	No terminal repeats	NA	2	11	0.8071	NA	1	0.9531	Viruses;Duplodnaviria;Heunggongvirae;Uroviricota;Caudoviricetes;;
k127_87586	545	No terminal repeats	NA	1	11	0.8052	NA	1	1.7183	Viruses;Duplodnaviria;Heunggongvirae;Uroviricota;Caudoviricetes;;
k127_552288	848	No terminal repeats	NA	1	11	0.8050	NA	1	1.7183	Viruses;Duplodnaviria;Heunggongvirae;Uroviricota;Caudoviricetes;;
k127_442398	360	No terminal repeats	NA	1	11	0.8047	NA	1	1.5239	Viruses;Duplodnaviria;Heunggongvirae;Uroviricota;Caudoviricetes;;
k127_340231	521	No terminal repeats	NA	1	11	0.8043	NA	1	1.3242	Viruses;Duplodnaviria;Heunggongvirae;Uroviricota;Caudoviricetes;;
k127_486043	640	No terminal repeats	NA	1	11	0.8030	NA	1	1.7183	Viruses;Duplodnaviria;Heunggongvirae;Uroviricota;Caudoviricetes;;Drexlerviridae
k127_568833	680	No terminal repeats	NA	1	11	0.8014	NA	1	0.9221	Viruses;Duplodnaviria;Heunggongvirae;Uroviricota;Caudoviricetes;;Straboviridae
k127_133477	372	No terminal repeats	NA	2	11	0.8006	NA	1	1.7092	Viruses;Duplodnaviria;Heunggongvirae;Uroviricota;Caudoviricetes;;
k127_209179	451	No terminal repeats	NA	2	11	0.8001	NA	1	1.1262	Viruses;Duplodnaviria;Heunggongvirae;Uroviricota;Caudoviricetes;;
k127_156514	722	No terminal repeats	NA	1	11	0.7998	NA	1	1.7183	Viruses;Duplodnaviria;Heunggongvirae;Uroviricota;Caudoviricetes;;
k127_458861	502	No terminal repeats	NA	1	11	0.7996	NA	1	1.3307	Viruses;Duplodnaviria;Heunggongvirae;Uroviricota;Caudoviricetes;;
k127_303759	318	No terminal repeats	NA	1	11	0.7995	NA	1	1.7183	Unclassified
k127_410674	426	No terminal repeats	NA	1	11	0.7986	NA	1	1.7183	Viruses;Duplodnaviria;Heunggongvirae;Uroviricota;Caudoviricetes;;
k127_562529	1631	No terminal repeats	NA	2	11	0.7985	NA	1	1.2306	Viruses;Duplodnaviria;Heunggongvirae;Uroviricota;Caudoviricetes;;
k127_47264	358	No terminal repeats	NA	2	11	0.7983	NA	1	1.1808	Viruses;Duplodnaviria;Heunggongvirae;Uroviricota;Caudoviricetes;;
k127_56542	2003	No terminal repeats	NA	2	11	0.7969	NA	1	1.7183	Viruses;Duplodnaviria;Heunggongvirae;Uroviricota;Caudoviricetes;;
k127_118724	495	No terminal repeats	NA	1	11	0.7959	NA	1	1.2306	Viruses;Duplodnaviria;Heunggongvirae;Uroviricota;Caudoviricetes;;
k127_161348	646	No terminal repeats	NA	2	11	0.7957	NA	1	1.7183	Viruses;Duplodnaviria;Heunggongvirae;Uroviricota;Caudoviricetes;;
k127_392343	405	No terminal repeats	NA	1	11	0.7949	NA	1	1.3181	Viruses;Duplodnaviria;Heunggongvirae;Uroviricota;Caudoviricetes;;
k127_326864	383	No terminal repeats	NA	1	11	0.7942	NA	1	1.7175	Viruses;Duplodnaviria;Heunggongvirae;Uroviricota;Caudoviricetes;;
k127_244199	441	No terminal repeats	NA	1	11	0.7937	NA	1	1.4357	Viruses;Duplodnaviria;Heunggongvirae;Uroviricota;Caudoviricetes;;
k127_320503	1093	No terminal repeats	NA	1	11	0.7936	NA	1	1.7183	Viruses;Duplodnaviria;Heunggongvirae;Uroviricota;Caudoviricetes;;
k127_456188	1469	No terminal repeats	NA	2	11	0.7933	NA	1	1.7183	Viruses;Duplodnaviria;Heunggongvirae;Uroviricota;Caudoviricetes;;
k127_572484	453	No terminal repeats	NA	2	11	0.7918	NA	1	1.3181	Viruses;Duplodnaviria;Heunggongvirae;Uroviricota;Caudoviricetes;;
k127_559723	480	No terminal repeats	NA	1	11	0.7917	NA	1	1.4883	Viruses;Duplodnaviria;Heunggongvirae;Uroviricota;Caudoviricetes;;
k127_65245	426	No terminal repeats	NA	1	11	0.7908	NA	1	1.6469	Viruses;Duplodnaviria;Heunggongvirae;Uroviricota;Caudoviricetes;;
k127_586941	394	No terminal repeats	NA	1	11	0.7904	NA	1	1.3595	Viruses;Duplodnaviria;Heunggongvirae;Uroviricota;Caudoviricetes;;
k127_448079	382	No terminal repeats	NA	1	11	0.7887	NA	1	1.3388	Viruses;Duplodnaviria;Heunggongvirae;Uroviricota;Caudoviricetes;;
k127_356438	879	No terminal repeats	NA	1	11	0.7880	NA	1	1.7183	Viruses;Riboviria;Orthornavirae;;;;
k127_493767	598	No terminal repeats	NA	1	11	0.7877	NA	1	1.3639	Viruses;Duplodnaviria;Heunggongvirae;Uroviricota;Caudoviricetes;;
k127_274389	2661	No terminal repeats	NA	2	11	0.7874	NA	0	1.7183	Viruses;Duplodnaviria;Heunggongvirae;Uroviricota;Caudoviricetes;;
k127_348515	427	No terminal repeats	NA	1	11	0.7854	NA	1	1.0036	Viruses;Duplodnaviria;Heunggongvirae;Uroviricota;Caudoviricetes;;
k127_455343	463	No terminal repeats	NA	1	11	0.7853	NA	1	1.3595	Viruses;Duplodnaviria;Heunggongvirae;Uroviricota;Caudoviricetes;;
k127_226516	395	No terminal repeats	NA	1	11	0.7850	NA	1	1.2465	Viruses;Duplodnaviria;Heunggongvirae;Uroviricota;Caudoviricetes;;
k127_563925	710	No terminal repeats	NA	2	11	0.7834	NA	1	1.7183	Viruses;Duplodnaviria;Heunggongvirae;Uroviricota;Caudoviricetes;;
k127_528602	421	No terminal repeats	NA	1	11	0.7826	NA	1	1.7133	Viruses;Duplodnaviria;Heunggongvirae;Uroviricota;Caudoviricetes;;
k127_508792	342	No terminal repeats	NA	1	11	0.7815	NA	1	1.0036	Viruses;Duplodnaviria;Heunggongvirae;Uroviricota;Caudoviricetes;;
k127_241173	649	No terminal repeats	NA	2	11	0.7811	NA	1	1.7183	Viruses;Duplodnaviria;Heunggongvirae;Uroviricota;Caudoviricetes;;
k127_174374	1044	No terminal repeats	NA	1	11	0.7802	NA	1	1.7183	Viruses;Duplodnaviria;Heunggongvirae;Uroviricota;Caudoviricetes;;
k127_356444	984	No terminal repeats	NA	1	11	0.7796	NA	1	1.7183	Viruses;Duplodnaviria;Heunggongvirae;Uroviricota;Caudoviricetes;;
k127_348697	455	No terminal repeats	NA	1	11	0.7791	NA	1	1.7136	Viruses;Duplodnaviria;Heunggongvirae;Uroviricota;Caudoviricetes;;
k127_227655	349	No terminal repeats	NA	1	11	0.7790	NA	1	1.4519	Viruses;Duplodnaviria;Heunggongvirae;Uroviricota;Caudoviricetes;;
k127_223238	691	No terminal repeats	NA	1	11	0.7775	NA	1	1.7183	Viruses;Duplodnaviria;Heunggongvirae;Uroviricota;Caudoviricetes;;
k127_529009	623	No terminal repeats	NA	1	11	0.7769	NA	1	1.7183	Viruses;Duplodnaviria;Heunggongvirae;Uroviricota;Caudoviricetes;;
k127_348017	550	No terminal repeats	NA	2	11	0.7749	NA	1	1.1262	Viruses;Duplodnaviria;Heunggongvirae;Uroviricota;Caudoviricetes;;
k127_423051	324	No terminal repeats	NA	1	11	0.7745	NA	1	1.3070	Viruses;Duplodnaviria;Heunggongvirae;Uroviricota;Caudoviricetes;;
k127_459767	1867	No terminal repeats	NA	2	11	0.7739	NA	1	1.7183	Viruses;Duplodnaviria;Heunggongvirae;Uroviricota;Caudoviricetes;;
k127_247268	349	No terminal repeats	NA	1	11	0.7732	NA	1	1.6774	Viruses;Duplodnaviria;Heunggongvirae;Uroviricota;Caudoviricetes;;
k127_17341	691	No terminal repeats	NA	1	11	0.7713	NA	1	1.7183	Viruses;Duplodnaviria;Heunggongvirae;Uroviricota;Caudoviricetes;;
k127_456538	370	No terminal repeats	NA	1	11	0.7710	NA	1	1.2443	Viruses;Duplodnaviria;Heunggongvirae;Uroviricota;Caudoviricetes;;
k127_475271	1181	No terminal repeats	NA	1	11	0.7706	NA	1	1.2306	Viruses;Duplodnaviria;Heunggongvirae;Uroviricota;Caudoviricetes;;
k127_580591	464	No terminal repeats	NA	1	11	0.7689	NA	1	1.7183	Viruses;Duplodnaviria;Heunggongvirae;Uroviricota;Caudoviricetes;;
k127_481531	1113	No terminal repeats	NA	2	11	0.7689	NA	1	1.2306	Viruses;Duplodnaviria;Heunggongvirae;Uroviricota;Caudoviricetes;;
k127_25553	503	No terminal repeats	NA	1	11	0.7687	NA	1	1.4312	Viruses;Duplodnaviria;Heunggongvirae;Uroviricota;Caudoviricetes;;
k127_471734	412	No terminal repeats	NA	1	11	0.7677	NA	1	1.2306	Viruses;Duplodnaviria;Heunggongvirae;Uroviricota;Caudoviricetes;;
k127_417868	435	No terminal repeats	NA	1	11	0.7662	NA	1	1.3639	Viruses;Duplodnaviria;Heunggongvirae;Uroviricota;Caudoviricetes;;
k127_276450	559	No terminal repeats	NA	1	11	0.7661	NA	1	1.2306	Viruses;Duplodnaviria;Heunggongvirae;Uroviricota;Caudoviricetes;;
k127_417247	317	No terminal repeats	NA	1	11	0.7657	NA	1	1.4387	Viruses;Duplodnaviria;Heunggongvirae;Uroviricota;Caudoviricetes;;
k127_531881	392	No terminal repeats	NA	1	11	0.7646	NA	1	1.3562	Viruses;Duplodnaviria;Heunggongvirae;Uroviricota;Caudoviricetes;;
k127_129343	884	No terminal repeats	NA	1	11	0.7638	NA	1	1.7183	Viruses;Duplodnaviria;Heunggongvirae;Uroviricota;Caudoviricetes;;
k127_72758	322	No terminal repeats	NA	1	11	0.7637	NA	1	1.4720	Unclassified
k127_162729	681	No terminal repeats	NA	1	11	0.7629	NA	1	1.7183	Viruses;Duplodnaviria;Heunggongvirae;Uroviricota;Caudoviricetes;;
k127_8677	354	No terminal repeats	NA	1	11	0.7626	NA	1	1.6721	Unclassified
k127_269016	301	No terminal repeats	NA	2	11	0.7621	NA	1	1.3639	Viruses;Duplodnaviria;Heunggongvirae;Uroviricota;Caudoviricetes;;
k127_398074	391	No terminal repeats	NA	1	11	0.7617	NA	1	1.3639	Viruses;Duplodnaviria;Heunggongvirae;Uroviricota;Caudoviricetes;;
k127_547149	325	No terminal repeats	NA	1	11	0.7615	NA	1	1.0036	Viruses;Duplodnaviria;Heunggongvirae;Uroviricota;Caudoviricetes;;
k127_315217	449	No terminal repeats	NA	1	11	0.7611	NA	1	1.6774	Viruses;Duplodnaviria;Heunggongvirae;Uroviricota;Caudoviricetes;;
k127_119319	705	No terminal repeats	NA	1	11	0.7609	NA	1	1.2306	Viruses;Duplodnaviria;Heunggongvirae;Uroviricota;Caudoviricetes;;
k127_104832	339	No terminal repeats	NA	1	11	0.7603	NA	1	1.3595	Viruses;Duplodnaviria;Heunggongvirae;Uroviricota;Caudoviricetes;;
k127_546558	745	No terminal repeats	NA	2	11	0.7602	NA	1	1.4595	Viruses;Duplodnaviria;Heunggongvirae;Uroviricota;Caudoviricetes;;
k127_433411	722	No terminal repeats	NA	1	11	0.7601	NA	1	1.7183	Viruses;Duplodnaviria;Heunggongvirae;Uroviricota;Caudoviricetes;;
k127_188246	310	No terminal repeats	NA	1	11	0.7588	NA	1	1.2587	Viruses;Duplodnaviria;Heunggongvirae;Uroviricota;Caudoviricetes;;
k127_691	417	No terminal repeats	NA	1	11	0.7573	NA	1	1.4880	Viruses;Duplodnaviria;Heunggongvirae;Uroviricota;Caudoviricetes;;
k127_572533	626	No terminal repeats	NA	1	11	0.7569	NA	1	1.3608	Viruses;Duplodnaviria;Heunggongvirae;Uroviricota;Caudoviricetes;;Straboviridae
k127_135932	359	No terminal repeats	NA	1	11	0.7552	NA	1	1.5539	Viruses;Duplodnaviria;Heunggongvirae;Uroviricota;Caudoviricetes;;
k127_170403	511	No terminal repeats	NA	1	11	0.7551	NA	1	1.7183	Viruses;Duplodnaviria;Heunggongvirae;Uroviricota;Caudoviricetes;;
k127_183215	911	No terminal repeats	NA	2	11	0.7546	NA	1	1.7183	Viruses;Duplodnaviria;Heunggongvirae;Uroviricota;Caudoviricetes;;
k127_434522	312	No terminal repeats	NA	1	11	0.7529	NA	1	1.3610	Viruses;Duplodnaviria;Heunggongvirae;Uroviricota;Caudoviricetes;;
k127_587542	1325	No terminal repeats	NA	2	11	0.7520	NA	1	1.7183	Viruses;Riboviria;Orthornavirae;Pisuviricota;Stelpaviricetes;Patatavirales;Potyviridae
k127_244491	305	No terminal repeats	NA	2	11	0.7510	NA	1	1.6573	Viruses;Duplodnaviria;Heunggongvirae;Uroviricota;Caudoviricetes;;
k127_481113	396	No terminal repeats	NA	1	11	0.7500	NA	1	1.3878	Viruses;Duplodnaviria;Heunggongvirae;Uroviricota;Caudoviricetes;;
k127_381178	1144	No terminal repeats	NA	1	11	0.7497	NA	1	1.7183	Viruses;Duplodnaviria;Heunggongvirae;Uroviricota;Caudoviricetes;;
k127_219682	385	No terminal repeats	NA	2	11	0.7495	NA	1	1.7087	Viruses;Duplodnaviria;Heunggongvirae;Uroviricota;Caudoviricetes;;
k127_167799	369	No terminal repeats	NA	1	11	0.7468	NA	1	1.3070	Viruses;Duplodnaviria;Heunggongvirae;Uroviricota;Caudoviricetes;;
k127_135826	623	No terminal repeats	NA	2	11	0.7465	NA	1	1.4350	Viruses;Duplodnaviria;Heunggongvirae;Uroviricota;Caudoviricetes;;
k127_115573	363	No terminal repeats	NA	1	11	0.7458	NA	1	1.3729	Viruses;Duplodnaviria;Heunggongvirae;Uroviricota;Caudoviricetes;;
k127_208242	344	No terminal repeats	NA	1	11	0.7455	NA	1	1.3218	Viruses;Duplodnaviria;Heunggongvirae;Uroviricota;Caudoviricetes;;
k127_137706	409	No terminal repeats	NA	1	11	0.7455	NA	1	1.4414	Viruses;Duplodnaviria;Heunggongvirae;Uroviricota;Caudoviricetes;;
k127_152531	741	No terminal repeats	NA	2	11	0.7449	NA	1	1.2306	Viruses;Duplodnaviria;Heunggongvirae;Uroviricota;Caudoviricetes;;
k127_373083	419	No terminal repeats	NA	1	11	0.7435	NA	1	1.6734	Viruses;Duplodnaviria;Heunggongvirae;Uroviricota;Caudoviricetes;;
k127_535894	1339	No terminal repeats	NA	1	11	0.7430	NA	1	1.6244	Viruses;Duplodnaviria;Heunggongvirae;Uroviricota;Caudoviricetes;;
k127_62542	850	No terminal repeats	NA	1	11	0.7398	NA	1	1.7183	Viruses;Duplodnaviria;Heunggongvirae;Uroviricota;Caudoviricetes;;
k127_572401	416	No terminal repeats	NA	1	11	0.7394	NA	1	1.2306	Viruses;Duplodnaviria;Heunggongvirae;Uroviricota;Caudoviricetes;;
k127_101642	1268	No terminal repeats	NA	1	11	0.7388	NA	1	1.7183	Viruses;Duplodnaviria;Heunggongvirae;Uroviricota;Caudoviricetes;;
k127_289213	357	No terminal repeats	NA	1	11	0.7378	NA	1	1.7021	Viruses;Duplodnaviria;Heunggongvirae;Uroviricota;Caudoviricetes;;
k127_149849	367	No terminal repeats	NA	1	11	0.7359	NA	1	1.0036	Viruses;Duplodnaviria;Heunggongvirae;Uroviricota;Caudoviricetes;;
k127_162167	353	No terminal repeats	NA	1	11	0.7353	NA	1	1.0569	Viruses;Duplodnaviria;Heunggongvirae;Uroviricota;Caudoviricetes;;
k127_310717	504	No terminal repeats	NA	1	11	0.7351	NA	1	1.3562	Viruses;Duplodnaviria;Heunggongvirae;Uroviricota;Caudoviricetes;;
k127_556101	1168	No terminal repeats	NA	2	11	0.7347	NA	1	1.7183	Viruses;Duplodnaviria;Heunggongvirae;Uroviricota;Caudoviricetes;;
k127_207042	978	No terminal repeats	NA	1	11	0.7335	NA	1	0.9221	Viruses;Duplodnaviria;Heunggongvirae;Uroviricota;Caudoviricetes;;Straboviridae
k127_206217	1050	No terminal repeats	NA	1	11	0.7328	NA	1	1.7183	Viruses;Duplodnaviria;Heunggongvirae;Uroviricota;Caudoviricetes;;
k127_367054	930	No terminal repeats	NA	1	11	0.7327	NA	1	1.7183	Viruses;Duplodnaviria;Heunggongvirae;Uroviricota;Caudoviricetes;;
k127_160835	2273	No terminal repeats	NA	4	11	0.7319	NA	2	3.4356	Viruses;Duplodnaviria;Heunggongvirae;Uroviricota;Caudoviricetes;;Drexlerviridae
k127_487514	549	No terminal repeats	NA	2	11	0.7308	NA	1	1.5484	Viruses;Duplodnaviria;Heunggongvirae;Uroviricota;Caudoviricetes;;
k127_421444	432	No terminal repeats	NA	1	11	0.7304	NA	1	1.2306	Viruses;Duplodnaviria;Heunggongvirae;Uroviricota;Caudoviricetes;;
k127_413709	940	No terminal repeats	NA	1	11	0.7298	NA	1	1.2306	Viruses;Duplodnaviria;Heunggongvirae;Uroviricota;Caudoviricetes;;
k127_163083	360	No terminal repeats	NA	1	11	0.7267	NA	1	1.3595	Viruses;Duplodnaviria;Heunggongvirae;Uroviricota;Caudoviricetes;;
k127_263587	1057	No terminal repeats	NA	1	11	0.7265	NA	1	1.6734	Viruses;Duplodnaviria;Heunggongvirae;Uroviricota;Caudoviricetes;;
k127_518700	1122	No terminal repeats	NA	2	11	0.7248	NA	1	1.7183	Viruses;Duplodnaviria;Heunggongvirae;Uroviricota;Caudoviricetes;;
k127_166565	450	No terminal repeats	NA	2	11	0.7239	NA	1	1.4880	Viruses;Duplodnaviria;Heunggongvirae;Uroviricota;Caudoviricetes;;
k127_344753	648	No terminal repeats	NA	1	11	0.7232	NA	1	1.1191	Viruses;Duplodnaviria;Heunggongvirae;Uroviricota;Caudoviricetes;;
k127_139653	452	No terminal repeats	NA	1	11	0.7225	NA	1	1.6721	Unclassified
k127_292013	557	No terminal repeats	NA	1	11	0.7225	NA	1	1.4257	Viruses;Duplodnaviria;Heunggongvirae;Uroviricota;Caudoviricetes;;
k127_371198	434	No terminal repeats	NA	1	11	0.7217	NA	1	1.6971	Viruses;Duplodnaviria;Heunggongvirae;Uroviricota;Caudoviricetes;;
k127_7787	1111	No terminal repeats	NA	2	11	0.7209	NA	1	1.3483	Unclassified
k127_321607	474	No terminal repeats	NA	2	11	0.7203	NA	1	1.3996	Viruses;Duplodnaviria;Heunggongvirae;Uroviricota;Caudoviricetes;;
k127_73812	394	No terminal repeats	NA	2	11	0.7199	NA	1	1.6276	Unclassified
k127_357364	1159	No terminal repeats	NA	1	11	0.7199	NA	1	1.7183	Viruses;Duplodnaviria;Heunggongvirae;Uroviricota;Caudoviricetes;;
k127_569627	472	No terminal repeats	NA	1	11	0.7184	NA	1	1.2857	Viruses;Duplodnaviria;Heunggongvirae;Uroviricota;Caudoviricetes;;
k127_449584	706	No terminal repeats	NA	1	11	0.7173	NA	1	1.1530	Viruses;Duplodnaviria;Heunggongvirae;Uroviricota;Caudoviricetes;;
k127_71279	816	No terminal repeats	NA	1	11	0.7166	NA	1	1.7183	Viruses;Duplodnaviria;Heunggongvirae;Uroviricota;Caudoviricetes;;
k127_174025	696	No terminal repeats	NA	2	11	0.7162	NA	1	0.9481	Viruses;Duplodnaviria;Heunggongvirae;Uroviricota;Caudoviricetes;;
k127_444468	443	No terminal repeats	NA	1	11	0.7153	NA	1	1.0089	Viruses;Duplodnaviria;Heunggongvirae;Uroviricota;Caudoviricetes;;
k127_489788	348	No terminal repeats	NA	1	11	0.7146	NA	1	1.2261	Viruses;Duplodnaviria;Heunggongvirae;Uroviricota;Caudoviricetes;;
k127_439009	777	No terminal repeats	NA	1	11	0.7137	NA	1	1.3949	Viruses;Duplodnaviria;Heunggongvirae;Uroviricota;Caudoviricetes;;
k127_441829	321	No terminal repeats	NA	1	11	0.7125	NA	1	1.6416	Viruses;Duplodnaviria;Heunggongvirae;Uroviricota;Caudoviricetes;;
k127_506891	409	No terminal repeats	NA	2	11	0.7125	NA	1	1.0320	Viruses;Duplodnaviria;Heunggongvirae;Uroviricota;Caudoviricetes;;
k127_113788	397	No terminal repeats	NA	1	11	0.7115	NA	1	1.6793	Viruses;Duplodnaviria;Heunggongvirae;Uroviricota;Caudoviricetes;;
k127_318382	312	No terminal repeats	NA	1	11	0.7107	NA	1	1.3562	Viruses;Duplodnaviria;Heunggongvirae;Uroviricota;Caudoviricetes;;
k127_247045	315	No terminal repeats	NA	1	11	0.7071	NA	1	1.3471	Viruses;Duplodnaviria;Heunggongvirae;Uroviricota;Caudoviricetes;;
k127_169188	724	No terminal repeats	NA	1	11	0.7065	NA	1	1.3070	Viruses;Duplodnaviria;Heunggongvirae;Uroviricota;Caudoviricetes;;
k127_398175	312	No terminal repeats	NA	1	11	0.7061	NA	1	1.7150	Viruses;Duplodnaviria;Heunggongvirae;Uroviricota;Caudoviricetes;;
k127_440488	701	No terminal repeats	NA	1	11	0.7042	NA	1	1.3168	Viruses;Duplodnaviria;Heunggongvirae;Uroviricota;Caudoviricetes;;
k127_119281	1298	No terminal repeats	NA	1	11	0.7031	NA	1	1.7183	Viruses;Duplodnaviria;Heunggongvirae;Uroviricota;Caudoviricetes;;
k127_10646	356	No terminal repeats	NA	1	11	0.7027	NA	1	1.3608	Viruses;Duplodnaviria;Heunggongvirae;Uroviricota;Caudoviricetes;;Straboviridae
k127_387956	450	No terminal repeats	NA	1	11	0.7021	NA	1	1.3070	Viruses;Duplodnaviria;Heunggongvirae;Uroviricota;Caudoviricetes;;
k127_30994	463	No terminal repeats	NA	1	11	0.7006	NA	1	0.9531	Viruses;Duplodnaviria;Heunggongvirae;Uroviricota;Caudoviricetes;;
