seq_name	length	topology	coordinates	n_genes	genetic_code	virus_score	fdr	n_hallmarks	marker_enrichment	taxonomy
k127_20577	2918	No terminal repeats	NA	5	11	0.9800	NA	2	5.1548	Viruses;Monodnaviria;Sangervirae;Phixviricota;Malgrandaviricetes;Petitvirales;Microviridae
k127_46948	3645	No terminal repeats	NA	4	11	0.9790	NA	0	4.7786	Viruses;Duplodnaviria;Heunggongvirae;Uroviricota;Caudoviricetes;;
k127_202016	4246	No terminal repeats	NA	6	11	0.9780	NA	0	8.9934	Viruses;Duplodnaviria;Heunggongvirae;Uroviricota;Caudoviricetes;;
k127_166776	534	No terminal repeats	NA	1	11	0.9661	NA	1	1.4484	Viruses;Duplodnaviria;Heunggongvirae;Uroviricota;Caudoviricetes;;
k127_135985	453	No terminal repeats	NA	1	11	0.9648	NA	1	1.7183	Viruses;Duplodnaviria;Heunggongvirae;Uroviricota;Caudoviricetes;;
k127_188412	5749	No terminal repeats	NA	8	11	0.9647	NA	4	7.3899	Viruses;Duplodnaviria;Heunggongvirae;Uroviricota;Caudoviricetes;;
k127_20408	812	No terminal repeats	NA	1	11	0.9643	NA	1	1.7183	Viruses;Duplodnaviria;Heunggongvirae;Uroviricota;Caudoviricetes;;
k127_194043	7778	No terminal repeats	NA	16	11	0.9636	NA	0	6.3380	Viruses;Duplodnaviria;Heunggongvirae;Uroviricota;Caudoviricetes;;
k127_199300	424	No terminal repeats	NA	1	11	0.9626	NA	1	1.7183	Viruses;Duplodnaviria;Heunggongvirae;Uroviricota;Caudoviricetes;;
k127_285354	8597	No terminal repeats	NA	10	11	0.9625	NA	3	9.1417	Viruses;Duplodnaviria;Heunggongvirae;Uroviricota;Caudoviricetes;;
k127_87306	1603	No terminal repeats	NA	1	11	0.9611	NA	1	1.4839	Viruses;Duplodnaviria;Heunggongvirae;Uroviricota;Caudoviricetes;;
k127_68295	355	No terminal repeats	NA	1	11	0.9608	NA	1	1.7183	Viruses;Duplodnaviria;Heunggongvirae;Uroviricota;Caudoviricetes;;
k127_313588	353	No terminal repeats	NA	2	11	0.9581	NA	1	1.4708	Viruses;Duplodnaviria;Heunggongvirae;Uroviricota;Caudoviricetes;;
k127_167976	459	No terminal repeats	NA	1	11	0.9556	NA	1	1.7183	Viruses;Duplodnaviria;Heunggongvirae;Uroviricota;Caudoviricetes;;
k127_241617	355	No terminal repeats	NA	1	11	0.9542	NA	1	1.7183	Viruses;Duplodnaviria;Heunggongvirae;Uroviricota;Caudoviricetes;;
k127_59902	1956	No terminal repeats	NA	4	11	0.9538	NA	1	2.8445	Viruses;Duplodnaviria;Heunggongvirae;Uroviricota;Caudoviricetes;;Herelleviridae
k127_21896	348	No terminal repeats	NA	1	11	0.9530	NA	1	1.5049	Viruses;Duplodnaviria;Heunggongvirae;Uroviricota;Caudoviricetes;;
k127_85159	620	No terminal repeats	NA	1	11	0.9529	NA	1	1.7183	Viruses;Duplodnaviria;Heunggongvirae;Uroviricota;Caudoviricetes;;
k127_179319	399	No terminal repeats	NA	1	11	0.9527	NA	1	1.7183	Viruses;Duplodnaviria;Heunggongvirae;Uroviricota;Caudoviricetes;;
k127_40391	370	No terminal repeats	NA	1	11	0.9521	NA	1	1.7183	Viruses;Duplodnaviria;Heunggongvirae;Uroviricota;Caudoviricetes;;
k127_303656	844	No terminal repeats	NA	2	11	0.9517	NA	1	2.7648	Viruses;Duplodnaviria;Heunggongvirae;Uroviricota;Caudoviricetes;;
k127_104117	447	No terminal repeats	NA	1	11	0.9516	NA	1	1.7183	Viruses;Duplodnaviria;Heunggongvirae;Uroviricota;Caudoviricetes;;
k127_104655	786	No terminal repeats	NA	1	11	0.9514	NA	1	1.7183	Viruses;Duplodnaviria;Heunggongvirae;Uroviricota;Caudoviricetes;;
k127_121620	1270	No terminal repeats	NA	1	11	0.9514	NA	1	1.7183	Viruses;Duplodnaviria;Heunggongvirae;Uroviricota;Caudoviricetes;;
k127_259385	546	No terminal repeats	NA	1	11	0.9511	NA	1	1.7183	Viruses;Duplodnaviria;Heunggongvirae;Uroviricota;Caudoviricetes;;
k127_24413	422	No terminal repeats	NA	2	11	0.9510	NA	1	2.9260	Viruses;Duplodnaviria;Heunggongvirae;Uroviricota;Caudoviricetes;;
k127_148508	340	No terminal repeats	NA	1	11	0.9497	NA	1	1.7183	Viruses;Duplodnaviria;Heunggongvirae;Uroviricota;Caudoviricetes;;
k127_59828	381	No terminal repeats	NA	1	11	0.9495	NA	1	1.7183	Viruses;Duplodnaviria;Heunggongvirae;Uroviricota;Caudoviricetes;;
k127_362496	383	No terminal repeats	NA	1	11	0.9490	NA	1	1.4595	Viruses;Duplodnaviria;Heunggongvirae;Uroviricota;Caudoviricetes;;
k127_230581	820	No terminal repeats	NA	1	11	0.9489	NA	1	1.7183	Viruses;Duplodnaviria;Heunggongvirae;Uroviricota;Caudoviricetes;;
k127_312606	421	No terminal repeats	NA	1	11	0.9486	NA	1	1.7183	Viruses;Duplodnaviria;Heunggongvirae;Uroviricota;Caudoviricetes;;
k127_68199	337	No terminal repeats	NA	1	11	0.9483	NA	1	1.7183	Viruses;Duplodnaviria;Heunggongvirae;Uroviricota;Caudoviricetes;;
k127_268419	878	No terminal repeats	NA	1	11	0.9478	NA	1	1.7183	Viruses;Riboviria;Orthornavirae;Pisuviricota;Pisoniviricetes;Picornavirales;Secoviridae
k127_236330	349	No terminal repeats	NA	1	11	0.9469	NA	1	1.7183	Viruses;Duplodnaviria;Heunggongvirae;Uroviricota;Caudoviricetes;;
k127_264440	309	No terminal repeats	NA	1	11	0.9466	NA	1	1.7183	Viruses;Duplodnaviria;Heunggongvirae;Uroviricota;Caudoviricetes;;
k127_248230	1427	No terminal repeats	NA	3	11	0.9455	NA	1	1.5240	Viruses;Duplodnaviria;Heunggongvirae;Uroviricota;Caudoviricetes;;
k127_40385	307	No terminal repeats	NA	1	11	0.9446	NA	1	1.7183	Viruses;Duplodnaviria;Heunggongvirae;Uroviricota;Caudoviricetes;;
k127_340274	348	No terminal repeats	NA	1	11	0.9439	NA	1	1.7183	Viruses;Duplodnaviria;Heunggongvirae;Uroviricota;Caudoviricetes;;
k127_76863	652	No terminal repeats	NA	2	11	0.9436	NA	1	1.5240	Viruses;Duplodnaviria;Heunggongvirae;Uroviricota;Caudoviricetes;;
k127_78033	372	No terminal repeats	NA	1	11	0.9422	NA	1	1.7183	Viruses;Duplodnaviria;Heunggongvirae;Uroviricota;Caudoviricetes;;
k127_230337	403	No terminal repeats	NA	1	11	0.9415	NA	1	1.7183	Viruses;Duplodnaviria;Heunggongvirae;Uroviricota;Caudoviricetes;;
k127_194846	310	No terminal repeats	NA	1	11	0.9414	NA	1	1.5292	Viruses;Duplodnaviria;Heunggongvirae;Uroviricota;Caudoviricetes;;
k127_50326	456	No terminal repeats	NA	1	11	0.9412	NA	1	1.7183	Viruses;Duplodnaviria;Heunggongvirae;Uroviricota;Caudoviricetes;;
k127_81164	345	No terminal repeats	NA	1	11	0.9410	NA	1	1.7183	Viruses;Duplodnaviria;Heunggongvirae;Uroviricota;Caudoviricetes;;
k127_104384	326	No terminal repeats	NA	1	11	0.9409	NA	1	1.5144	Viruses;Duplodnaviria;Heunggongvirae;Uroviricota;Caudoviricetes;;
k127_219224	522	No terminal repeats	NA	1	11	0.9409	NA	1	1.7183	Viruses;Duplodnaviria;Heunggongvirae;Uroviricota;Caudoviricetes;;
k127_92536	352	No terminal repeats	NA	1	11	0.9401	NA	1	1.7183	Viruses;Duplodnaviria;Heunggongvirae;Uroviricota;Caudoviricetes;;
k127_367641	340	No terminal repeats	NA	1	11	0.9395	NA	1	1.7183	Viruses;Duplodnaviria;Heunggongvirae;Uroviricota;Caudoviricetes;;
k127_128023	306	No terminal repeats	NA	1	11	0.9393	NA	1	1.5934	Unclassified
k127_48524	573	No terminal repeats	NA	1	11	0.9386	NA	1	1.7183	Viruses;Duplodnaviria;Heunggongvirae;Uroviricota;Caudoviricetes;;
k127_273617	439	No terminal repeats	NA	1	11	0.9382	NA	1	1.7183	Viruses;Duplodnaviria;Heunggongvirae;Uroviricota;Caudoviricetes;;
k127_68457	347	No terminal repeats	NA	1	11	0.9358	NA	1	1.4749	Viruses;Duplodnaviria;Heunggongvirae;Uroviricota;Caudoviricetes;;
k127_164134	1425	No terminal repeats	NA	2	11	0.9354	NA	1	3.4366	Viruses;Duplodnaviria;Heunggongvirae;Uroviricota;Caudoviricetes;;Drexlerviridae
k127_294776	563	No terminal repeats	NA	1	11	0.9341	NA	1	1.4595	Viruses;Duplodnaviria;Heunggongvirae;Uroviricota;Caudoviricetes;;
k127_211102	1122	No terminal repeats	NA	2	11	0.9332	NA	1	2.8671	Viruses;Duplodnaviria;Heunggongvirae;Uroviricota;Caudoviricetes;;
k127_324325	307	No terminal repeats	NA	1	11	0.9329	NA	1	1.2277	Viruses;Duplodnaviria;Heunggongvirae;Uroviricota;Caudoviricetes;;
k127_702	376	No terminal repeats	NA	1	11	0.9328	NA	1	1.4749	Viruses;Duplodnaviria;Heunggongvirae;Uroviricota;Caudoviricetes;;
k127_136833	310	No terminal repeats	NA	1	11	0.9324	NA	1	1.7183	Viruses;Duplodnaviria;Heunggongvirae;Uroviricota;Caudoviricetes;;
k127_167204	304	No terminal repeats	NA	1	11	0.9317	NA	1	1.7183	Viruses;Duplodnaviria;Heunggongvirae;Uroviricota;Caudoviricetes;;
k127_14702	333	No terminal repeats	NA	1	11	0.9314	NA	1	1.7183	Unclassified
k127_131188	467	No terminal repeats	NA	1	11	0.9309	NA	1	1.7183	Viruses;Duplodnaviria;Heunggongvirae;Uroviricota;Caudoviricetes;;
k127_50859	691	No terminal repeats	NA	1	11	0.9305	NA	1	1.7183	Viruses;Duplodnaviria;Heunggongvirae;Uroviricota;Caudoviricetes;;
k127_111902	441	No terminal repeats	NA	1	11	0.9302	NA	1	1.4838	Viruses;Duplodnaviria;Heunggongvirae;Uroviricota;Caudoviricetes;;
k127_270919	306	No terminal repeats	NA	1	11	0.9288	NA	1	1.7183	Viruses;Duplodnaviria;Heunggongvirae;Uroviricota;Caudoviricetes;;
k127_45545	280	No terminal repeats	NA	1	11	0.9288	NA	1	1.7183	Viruses;Duplodnaviria;Heunggongvirae;Uroviricota;Caudoviricetes;;
k127_100537	440	No terminal repeats	NA	1	11	0.9285	NA	1	1.7183	Viruses;Duplodnaviria;Heunggongvirae;Uroviricota;Caudoviricetes;;
k127_106696	351	No terminal repeats	NA	1	11	0.9282	NA	1	1.7183	Viruses;Duplodnaviria;Heunggongvirae;Uroviricota;Caudoviricetes;;
k127_266910	426	No terminal repeats	NA	2	11	0.9273	NA	1	2.8914	Viruses;Duplodnaviria;Heunggongvirae;Uroviricota;Caudoviricetes;;
k127_19573	4116	No terminal repeats	NA	8	11	0.9273	NA	0	3.1036	Viruses;Duplodnaviria;Heunggongvirae;Uroviricota;Caudoviricetes;;
k127_30986	430	No terminal repeats	NA	2	11	0.9272	NA	1	2.7884	Viruses;Duplodnaviria;Heunggongvirae;Uroviricota;Caudoviricetes;;
k127_306536	503	No terminal repeats	NA	1	11	0.9269	NA	1	1.5278	Viruses;Duplodnaviria;Heunggongvirae;Uroviricota;Caudoviricetes;;
k127_88313	314	No terminal repeats	NA	1	11	0.9269	NA	1	1.7183	Viruses;Duplodnaviria;Heunggongvirae;Uroviricota;Caudoviricetes;;
k127_132159	461	No terminal repeats	NA	1	11	0.9269	NA	1	1.4736	Viruses;Duplodnaviria;Heunggongvirae;Uroviricota;Caudoviricetes;;
k127_234421	2290	No terminal repeats	NA	2	11	0.9261	NA	1	1.1733	Viruses;Duplodnaviria;Heunggongvirae;Uroviricota;Caudoviricetes;;
k127_106182	450	No terminal repeats	NA	1	11	0.9260	NA	1	1.7183	Viruses;Duplodnaviria;Heunggongvirae;Uroviricota;Caudoviricetes;;
k127_64584	366	No terminal repeats	NA	1	11	0.9257	NA	1	1.7183	Viruses;Duplodnaviria;Heunggongvirae;Uroviricota;Caudoviricetes;;
k127_290109	459	No terminal repeats	NA	1	11	0.9254	NA	1	1.7183	Viruses;Duplodnaviria;Heunggongvirae;Uroviricota;Caudoviricetes;;
k127_303845	801	No terminal repeats	NA	1	11	0.9254	NA	1	1.7183	Viruses;Riboviria;;;;;
k127_92465	326	No terminal repeats	NA	1	11	0.9242	NA	1	1.3578	Viruses;Duplodnaviria;Heunggongvirae;Uroviricota;Caudoviricetes;;
k127_317502	350	No terminal repeats	NA	1	11	0.9240	NA	1	1.7183	Viruses;Duplodnaviria;Heunggongvirae;Uroviricota;Caudoviricetes;;
k127_329510	407	No terminal repeats	NA	1	11	0.9236	NA	1	1.5961	Unclassified
k127_361168	345	No terminal repeats	NA	1	11	0.9231	NA	1	1.7183	Viruses;Duplodnaviria;Heunggongvirae;Uroviricota;Caudoviricetes;;
k127_29927	381	No terminal repeats	NA	1	11	0.9230	NA	1	1.4242	Viruses;Duplodnaviria;Heunggongvirae;Uroviricota;Caudoviricetes;;
k127_256200	324	No terminal repeats	NA	1	11	0.9225	NA	1	1.7183	Viruses;Duplodnaviria;Heunggongvirae;Uroviricota;Caudoviricetes;;
k127_347897	382	No terminal repeats	NA	1	11	0.9220	NA	1	1.4471	Viruses;Duplodnaviria;Heunggongvirae;Uroviricota;Caudoviricetes;;
k127_318202	1158	No terminal repeats	NA	2	11	0.9219	NA	1	2.6424	Viruses;Duplodnaviria;Heunggongvirae;Uroviricota;Caudoviricetes;;
k127_216335	220	No terminal repeats	NA	1	11	0.9216	NA	1	1.4764	Viruses;Duplodnaviria;Heunggongvirae;Uroviricota;Caudoviricetes;;
k127_140410	327	No terminal repeats	NA	2	11	0.9215	NA	1	1.2616	Viruses;Duplodnaviria;Heunggongvirae;Uroviricota;Caudoviricetes;;
k127_318451	663	No terminal repeats	NA	1	11	0.9206	NA	1	1.2306	Viruses;Duplodnaviria;Heunggongvirae;Uroviricota;Caudoviricetes;;
k127_52728	318	No terminal repeats	NA	1	11	0.9199	NA	1	1.7170	Unclassified
k127_206956	385	No terminal repeats	NA	2	11	0.9181	NA	1	1.7183	Viruses;Duplodnaviria;Heunggongvirae;Uroviricota;Caudoviricetes;;Herelleviridae
k127_301537	302	No terminal repeats	NA	1	11	0.9179	NA	1	1.7183	Viruses;Duplodnaviria;Heunggongvirae;Uroviricota;Caudoviricetes;;
k127_202776	2940	No terminal repeats	NA	6	11	0.9175	NA	1	6.5118	Viruses;Duplodnaviria;Heunggongvirae;Uroviricota;Caudoviricetes;;
k127_219375	410	No terminal repeats	NA	1	11	0.9173	NA	1	1.7183	Viruses;Duplodnaviria;Heunggongvirae;Uroviricota;Caudoviricetes;;
k127_281214	315	No terminal repeats	NA	1	11	0.9164	NA	1	1.7183	Viruses;Duplodnaviria;Heunggongvirae;Uroviricota;Caudoviricetes;;
k127_153834	317	No terminal repeats	NA	1	11	0.9159	NA	1	1.7183	Viruses;Duplodnaviria;Heunggongvirae;Uroviricota;Caudoviricetes;;
k127_198094	447	No terminal repeats	NA	2	11	0.9139	NA	2	2.8159	Viruses;Duplodnaviria;Heunggongvirae;Uroviricota;Caudoviricetes;;
k127_279397	356	No terminal repeats	NA	1	11	0.9124	NA	1	1.4425	Viruses;Duplodnaviria;Heunggongvirae;Uroviricota;Caudoviricetes;;
k127_126704	1659	No terminal repeats	NA	4	11	0.9123	NA	2	4.0882	Viruses;Duplodnaviria;Heunggongvirae;Uroviricota;Caudoviricetes;;
k127_16804	366	No terminal repeats	NA	1	11	0.9121	NA	1	1.2277	Viruses;Duplodnaviria;Heunggongvirae;Uroviricota;Caudoviricetes;;
k127_159558	312	No terminal repeats	NA	1	11	0.9119	NA	1	1.7170	Unclassified
k127_305959	345	No terminal repeats	NA	1	11	0.9119	NA	1	1.4595	Viruses;Duplodnaviria;Heunggongvirae;Uroviricota;Caudoviricetes;;
k127_56891	470	No terminal repeats	NA	1	11	0.9109	NA	1	1.7183	Viruses;Duplodnaviria;Heunggongvirae;Uroviricota;Caudoviricetes;;
k127_73562	343	No terminal repeats	NA	2	11	0.9096	NA	1	1.7164	Viruses;Duplodnaviria;Heunggongvirae;Uroviricota;Caudoviricetes;;
k127_149256	375	No terminal repeats	NA	2	11	0.9093	NA	1	1.1407	Viruses;Duplodnaviria;Heunggongvirae;Uroviricota;Caudoviricetes;;
k127_362883	509	No terminal repeats	NA	1	11	0.9090	NA	1	1.3273	Viruses;Duplodnaviria;Heunggongvirae;Uroviricota;Caudoviricetes;;
k127_22818	359	No terminal repeats	NA	2	11	0.9077	NA	1	1.7183	Viruses;Duplodnaviria;Heunggongvirae;Uroviricota;Caudoviricetes;;
k127_245561	502	No terminal repeats	NA	1	11	0.9069	NA	1	1.4840	Unclassified
k127_29329	782	No terminal repeats	NA	2	11	0.9068	NA	2	2.7879	Viruses;Duplodnaviria;Heunggongvirae;Uroviricota;Caudoviricetes;;
k127_225559	715	No terminal repeats	NA	1	11	0.9068	NA	1	1.7183	Viruses;Riboviria;Orthornavirae;;;;
k127_1194	471	No terminal repeats	NA	2	11	0.9067	NA	1	2.8903	Viruses;Duplodnaviria;Heunggongvirae;Uroviricota;Caudoviricetes;;
k127_85502	728	No terminal repeats	NA	1	11	0.9058	NA	1	1.7183	Viruses;Duplodnaviria;Heunggongvirae;Uroviricota;Caudoviricetes;;
k127_97372	433	No terminal repeats	NA	1	11	0.9048	NA	1	1.7183	Viruses;Duplodnaviria;Heunggongvirae;Uroviricota;Caudoviricetes;;
k127_1840	350	No terminal repeats	NA	1	11	0.9045	NA	1	1.7183	Viruses;Duplodnaviria;Heunggongvirae;Uroviricota;Caudoviricetes;;
k127_14457	2687	No terminal repeats	NA	6	11	0.9039	NA	1	2.2550	Viruses;Duplodnaviria;Heunggongvirae;Uroviricota;Caudoviricetes;;
k127_54015	689	No terminal repeats	NA	1	11	0.9034	NA	1	1.6066	Viruses;Duplodnaviria;Heunggongvirae;Uroviricota;Caudoviricetes;;
k127_60801	519	No terminal repeats	NA	1	11	0.9029	NA	1	1.7183	Viruses;Duplodnaviria;Heunggongvirae;Uroviricota;Caudoviricetes;;
k127_144	1015	No terminal repeats	NA	1	11	0.9029	NA	1	1.4749	Viruses;Duplodnaviria;Heunggongvirae;Uroviricota;Caudoviricetes;;
k127_357621	309	No terminal repeats	NA	1	11	0.9024	NA	1	1.1262	Viruses;Duplodnaviria;Heunggongvirae;Uroviricota;Caudoviricetes;;
k127_206105	426	No terminal repeats	NA	1	11	0.9019	NA	1	1.7183	Viruses;Duplodnaviria;Heunggongvirae;Uroviricota;Caudoviricetes;;
k127_324534	463	No terminal repeats	NA	1	11	0.9011	NA	1	1.7183	Viruses;Duplodnaviria;Heunggongvirae;Uroviricota;Caudoviricetes;;
k127_303377	431	No terminal repeats	NA	1	11	0.9005	NA	1	1.7183	Viruses;Duplodnaviria;Heunggongvirae;Uroviricota;Caudoviricetes;;
k127_111949	1351	No terminal repeats	NA	2	11	0.9005	NA	1	3.4366	Viruses;Duplodnaviria;Heunggongvirae;Uroviricota;Caudoviricetes;;
k127_353002	876	No terminal repeats	NA	1	11	0.8994	NA	1	1.5986	Viruses;Duplodnaviria;Heunggongvirae;Uroviricota;Caudoviricetes;;
k127_297107	310	No terminal repeats	NA	1	11	0.8994	NA	1	1.7175	Viruses;Duplodnaviria;Heunggongvirae;Uroviricota;Caudoviricetes;;
k127_109103	561	No terminal repeats	NA	2	11	0.8993	NA	1	1.7183	Viruses;Duplodnaviria;Heunggongvirae;Uroviricota;Caudoviricetes;;
k127_126	324	No terminal repeats	NA	1	11	0.8985	NA	1	1.4880	Viruses;Duplodnaviria;Heunggongvirae;Uroviricota;Caudoviricetes;;
k127_244543	322	No terminal repeats	NA	1	11	0.8982	NA	1	1.4883	Viruses;Duplodnaviria;Heunggongvirae;Uroviricota;Caudoviricetes;;
k127_173785	591	No terminal repeats	NA	1	11	0.8975	NA	1	1.5362	Viruses;Duplodnaviria;Heunggongvirae;Uroviricota;Caudoviricetes;;
k127_192650	362	No terminal repeats	NA	1	11	0.8974	NA	1	1.7183	Viruses;Duplodnaviria;Heunggongvirae;Peploviricota;Herviviricetes;Herpesvirales;Herpesviridae
k127_116016	534	No terminal repeats	NA	1	11	0.8973	NA	1	1.2306	Viruses;Duplodnaviria;Heunggongvirae;Uroviricota;Caudoviricetes;;
k127_310767	337	No terminal repeats	NA	1	11	0.8973	NA	1	1.7183	Viruses;Duplodnaviria;Heunggongvirae;Uroviricota;Caudoviricetes;;
k127_170064	502	No terminal repeats	NA	1	11	0.8971	NA	1	1.4749	Viruses;Duplodnaviria;Heunggongvirae;Uroviricota;Caudoviricetes;;
k127_177647	447	No terminal repeats	NA	1	11	0.8956	NA	1	1.4764	Viruses;Duplodnaviria;Heunggongvirae;Uroviricota;Caudoviricetes;;
k127_252253	524	No terminal repeats	NA	1	11	0.8943	NA	1	1.4764	Viruses;Duplodnaviria;Heunggongvirae;Uroviricota;Caudoviricetes;;
k127_158262	597	No terminal repeats	NA	1	11	0.8941	NA	1	1.7183	Viruses;Duplodnaviria;Heunggongvirae;Uroviricota;Caudoviricetes;;
k127_67943	669	No terminal repeats	NA	1	11	0.8938	NA	1	1.7183	Viruses;Duplodnaviria;Heunggongvirae;Uroviricota;Caudoviricetes;;
k127_78536	307	No terminal repeats	NA	1	11	0.8927	NA	1	1.2934	Viruses;Duplodnaviria;Heunggongvirae;Uroviricota;Caudoviricetes;;
k127_33284	368	No terminal repeats	NA	1	11	0.8913	NA	1	1.2847	Viruses;Duplodnaviria;Heunggongvirae;Uroviricota;Caudoviricetes;;
k127_114155	832	No terminal repeats	NA	2	11	0.8889	NA	1	3.4366	Viruses;Duplodnaviria;Heunggongvirae;Uroviricota;Caudoviricetes;;
k127_207675	346	No terminal repeats	NA	2	11	0.8887	NA	1	1.3996	Viruses;Duplodnaviria;Heunggongvirae;Uroviricota;Caudoviricetes;;
k127_200580	414	No terminal repeats	NA	1	11	0.8886	NA	1	1.7183	Viruses;Duplodnaviria;Heunggongvirae;Uroviricota;Caudoviricetes;;
k127_99480	770	No terminal repeats	NA	2	11	0.8884	NA	1	3.1535	Viruses;Duplodnaviria;Heunggongvirae;Uroviricota;Caudoviricetes;;
k127_243249	397	No terminal repeats	NA	1	11	0.8883	NA	1	1.7183	Unclassified
k127_44000	968	No terminal repeats	NA	1	11	0.8879	NA	1	1.7183	Viruses;Duplodnaviria;Heunggongvirae;Uroviricota;Caudoviricetes;;
k127_266914	361	No terminal repeats	NA	2	11	0.8878	NA	1	1.3996	Viruses;Duplodnaviria;Heunggongvirae;Uroviricota;Caudoviricetes;;
k127_264247	846	No terminal repeats	NA	1	11	0.8877	NA	1	1.7183	Viruses;Duplodnaviria;Heunggongvirae;Uroviricota;Caudoviricetes;;
k127_104548	387	No terminal repeats	NA	1	11	0.8869	NA	1	1.7183	Viruses;Duplodnaviria;Heunggongvirae;Uroviricota;Caudoviricetes;;
k127_327015	714	No terminal repeats	NA	2	11	0.8841	NA	2	2.9237	Viruses;Duplodnaviria;Heunggongvirae;Uroviricota;Caudoviricetes;;
k127_97308	403	No terminal repeats	NA	1	11	0.8841	NA	1	1.7183	Viruses;Duplodnaviria;Heunggongvirae;Uroviricota;Caudoviricetes;;
k127_175229	373	No terminal repeats	NA	1	11	0.8833	NA	1	1.3380	Viruses;Duplodnaviria;Heunggongvirae;Uroviricota;Caudoviricetes;;
k127_312677	712	No terminal repeats	NA	2	11	0.8819	NA	1	1.2717	Viruses;Duplodnaviria;Heunggongvirae;Uroviricota;Caudoviricetes;;
k127_160391	312	No terminal repeats	NA	1	11	0.8810	NA	1	1.3181	Viruses;Duplodnaviria;Heunggongvirae;Uroviricota;Caudoviricetes;;
k127_160507	316	No terminal repeats	NA	1	11	0.8802	NA	1	1.2442	Viruses;Duplodnaviria;Heunggongvirae;Uroviricota;Caudoviricetes;;
k127_149374	410	No terminal repeats	NA	1	11	0.8796	NA	1	1.7183	Viruses;Duplodnaviria;Heunggongvirae;Uroviricota;Caudoviricetes;;
k127_26838	614	No terminal repeats	NA	1	11	0.8790	NA	1	1.7183	Viruses;Duplodnaviria;Heunggongvirae;Uroviricota;Caudoviricetes;;
k127_51837	349	No terminal repeats	NA	1	11	0.8780	NA	1	1.6066	Viruses;Duplodnaviria;Heunggongvirae;Uroviricota;Caudoviricetes;;
k127_270352	549	No terminal repeats	NA	2	11	0.8769	NA	1	1.7183	Unclassified
k127_207791	668	No terminal repeats	NA	1	11	0.8753	NA	1	1.7183	Viruses;Duplodnaviria;Heunggongvirae;Uroviricota;Caudoviricetes;;
k127_196784	1029	No terminal repeats	NA	1	11	0.8743	NA	1	1.7183	Viruses;Duplodnaviria;Heunggongvirae;Uroviricota;Caudoviricetes;;
k127_284900	330	No terminal repeats	NA	1	11	0.8730	NA	1	1.4464	Viruses;Duplodnaviria;Heunggongvirae;Uroviricota;Caudoviricetes;;
k127_289691	707	No terminal repeats	NA	1	11	0.8728	NA	1	1.7183	Viruses;Duplodnaviria;Heunggongvirae;Uroviricota;Caudoviricetes;;
k127_34682	494	No terminal repeats	NA	1	11	0.8717	NA	1	1.3550	Viruses;Duplodnaviria;Heunggongvirae;Uroviricota;Caudoviricetes;;
k127_359737	1971	No terminal repeats	NA	1	11	0.8705	NA	1	1.7183	Viruses;Riboviria;Orthornavirae;Kitrinoviricota;Magsaviricetes;Nodamuvirales;Nodaviridae
k127_356245	643	No terminal repeats	NA	1	11	0.8690	NA	1	1.7183	Viruses;Riboviria;Orthornavirae;;;;
k127_161284	455	No terminal repeats	NA	1	11	0.8687	NA	1	1.2271	Viruses;Duplodnaviria;Heunggongvirae;Uroviricota;Caudoviricetes;;
k127_276251	637	No terminal repeats	NA	1	11	0.8672	NA	1	1.7183	Viruses;Duplodnaviria;Heunggongvirae;Uroviricota;Caudoviricetes;;
k127_188588	423	No terminal repeats	NA	1	11	0.8671	NA	1	1.7183	Viruses;Duplodnaviria;Heunggongvirae;Uroviricota;Caudoviricetes;;
k127_312279	335	No terminal repeats	NA	1	11	0.8666	NA	1	1.7183	Viruses;Duplodnaviria;Heunggongvirae;Uroviricota;Caudoviricetes;;
k127_68339	1061	No terminal repeats	NA	2	11	0.8663	NA	1	1.7139	Viruses;Duplodnaviria;Heunggongvirae;Uroviricota;Caudoviricetes;;
k127_168026	390	No terminal repeats	NA	2	11	0.8647	NA	1	1.7183	Viruses;Duplodnaviria;Heunggongvirae;Uroviricota;Caudoviricetes;;
k127_106792	332	No terminal repeats	NA	1	11	0.8647	NA	1	1.7183	Viruses;Duplodnaviria;Heunggongvirae;Uroviricota;Caudoviricetes;;
k127_225124	474	No terminal repeats	NA	1	11	0.8640	NA	1	1.4764	Viruses;Duplodnaviria;Heunggongvirae;Uroviricota;Caudoviricetes;;
k127_362430	497	No terminal repeats	NA	1	11	0.8636	NA	1	1.2306	Viruses;Duplodnaviria;Heunggongvirae;Uroviricota;Caudoviricetes;;
k127_194473	962	No terminal repeats	NA	3	11	0.8626	NA	1	4.4437	Viruses;Duplodnaviria;Heunggongvirae;Uroviricota;Caudoviricetes;;
k127_1862	318	No terminal repeats	NA	1	11	0.8626	NA	1	1.0834	Viruses;Duplodnaviria;Heunggongvirae;Uroviricota;Caudoviricetes;;
k127_251063	440	No terminal repeats	NA	1	11	0.8607	NA	1	1.1262	Viruses;Duplodnaviria;Heunggongvirae;Uroviricota;Caudoviricetes;;
k127_28820	318	No terminal repeats	NA	1	11	0.8606	NA	1	1.4920	Viruses;Duplodnaviria;Heunggongvirae;Uroviricota;Caudoviricetes;;
k127_357279	1070	No terminal repeats	NA	1	11	0.8582	NA	1	1.2306	Viruses;Duplodnaviria;Heunggongvirae;Uroviricota;Caudoviricetes;;
k127_244640	381	No terminal repeats	NA	2	11	0.8562	NA	1	1.7183	Viruses;Duplodnaviria;Heunggongvirae;Uroviricota;Caudoviricetes;;
k127_338608	388	No terminal repeats	NA	2	11	0.8542	NA	1	1.2847	Viruses;Duplodnaviria;Heunggongvirae;Uroviricota;Caudoviricetes;;
k127_353766	682	No terminal repeats	NA	1	11	0.8526	NA	1	1.7183	Viruses;Duplodnaviria;Heunggongvirae;Uroviricota;Caudoviricetes;;
k127_112169	739	No terminal repeats	NA	1	11	0.8524	NA	1	1.7183	Viruses;Duplodnaviria;Heunggongvirae;Uroviricota;Caudoviricetes;;Drexlerviridae
k127_28844	662	No terminal repeats	NA	2	11	0.8520	NA	1	1.7183	Viruses;Duplodnaviria;Heunggongvirae;Uroviricota;Caudoviricetes;;
k127_107170	410	No terminal repeats	NA	1	11	0.8517	NA	1	1.2306	Viruses;Duplodnaviria;Heunggongvirae;Uroviricota;Caudoviricetes;;
k127_128168	695	No terminal repeats	NA	2	11	0.8510	NA	1	3.3976	Viruses;Duplodnaviria;Heunggongvirae;Uroviricota;Caudoviricetes;;
k127_281714	533	No terminal repeats	NA	2	11	0.8474	NA	1	3.4366	Viruses;Duplodnaviria;Heunggongvirae;Uroviricota;Caudoviricetes;;
k127_360924	444	No terminal repeats	NA	2	11	0.8469	NA	1	3.1990	Viruses;Duplodnaviria;Heunggongvirae;Uroviricota;Caudoviricetes;;
k127_123356	356	No terminal repeats	NA	1	11	0.8453	NA	1	0.9221	Viruses;Duplodnaviria;Heunggongvirae;Uroviricota;Caudoviricetes;;Straboviridae
k127_188258	586	No terminal repeats	NA	1	11	0.8449	NA	1	1.7183	Viruses;Duplodnaviria;Heunggongvirae;Uroviricota;Caudoviricetes;;
k127_351479	417	No terminal repeats	NA	1	11	0.8449	NA	1	1.1262	Viruses;Duplodnaviria;Heunggongvirae;Uroviricota;Caudoviricetes;;
k127_226588	588	No terminal repeats	NA	1	11	0.8443	NA	1	1.2306	Viruses;Duplodnaviria;Heunggongvirae;Uroviricota;Caudoviricetes;;
k127_44076	803	No terminal repeats	NA	1	11	0.8437	NA	1	1.7183	Viruses;Duplodnaviria;Heunggongvirae;Uroviricota;Caudoviricetes;;
k127_60640	1892	No terminal repeats	NA	2	11	0.8430	NA	1	1.2396	Viruses;Duplodnaviria;Heunggongvirae;Uroviricota;Caudoviricetes;;
k127_200147	469	No terminal repeats	NA	1	11	0.8424	NA	1	1.0889	Viruses;Duplodnaviria;Heunggongvirae;Uroviricota;Caudoviricetes;;
k127_287025	549	No terminal repeats	NA	1	11	0.8410	NA	1	1.3159	Unclassified
k127_206875	487	No terminal repeats	NA	2	11	0.8360	NA	1	1.7183	Viruses;Duplodnaviria;Heunggongvirae;Uroviricota;Caudoviricetes;;
k127_132396	426	No terminal repeats	NA	1	11	0.8356	NA	1	1.7183	Viruses;Duplodnaviria;Heunggongvirae;Uroviricota;Caudoviricetes;;Drexlerviridae
k127_289785	562	No terminal repeats	NA	2	11	0.8355	NA	1	1.2927	Viruses;Duplodnaviria;Heunggongvirae;Uroviricota;Caudoviricetes;;
k127_169097	515	No terminal repeats	NA	2	11	0.8350	NA	1	1.3639	Viruses;Duplodnaviria;Heunggongvirae;Uroviricota;Caudoviricetes;;
k127_349777	450	No terminal repeats	NA	1	11	0.8349	NA	1	1.3856	Viruses;Duplodnaviria;Heunggongvirae;Uroviricota;Caudoviricetes;;
k127_367729	1134	No terminal repeats	NA	2	11	0.8345	NA	1	3.4366	Viruses;Duplodnaviria;Heunggongvirae;Uroviricota;Caudoviricetes;;Drexlerviridae
k127_120152	476	No terminal repeats	NA	1	11	0.8341	NA	1	1.7183	Viruses;Duplodnaviria;Heunggongvirae;Uroviricota;Caudoviricetes;;
k127_340350	352	No terminal repeats	NA	1	11	0.8337	NA	1	1.2847	Viruses;Duplodnaviria;Heunggongvirae;Uroviricota;Caudoviricetes;;
k127_233608	810	No terminal repeats	NA	1	11	0.8330	NA	1	1.3550	Viruses;Duplodnaviria;Heunggongvirae;Uroviricota;Caudoviricetes;;
k127_194728	1322	No terminal repeats	NA	3	11	0.8326	NA	1	2.3499	Viruses;Duplodnaviria;Heunggongvirae;Uroviricota;Caudoviricetes;;
k127_198541	311	No terminal repeats	NA	1	11	0.8324	NA	1	1.7183	Viruses;Duplodnaviria;Heunggongvirae;Uroviricota;Caudoviricetes;;
k127_253794	446	No terminal repeats	NA	1	11	0.8305	NA	1	1.7183	Viruses;Duplodnaviria;Heunggongvirae;Uroviricota;Caudoviricetes;;Drexlerviridae
k127_160257	451	No terminal repeats	NA	1	11	0.8298	NA	1	0.9531	Viruses;Duplodnaviria;Heunggongvirae;Uroviricota;Caudoviricetes;;
k127_202810	368	No terminal repeats	NA	1	11	0.8288	NA	1	1.4749	Viruses;Duplodnaviria;Heunggongvirae;Uroviricota;Caudoviricetes;;
k127_153104	395	No terminal repeats	NA	1	11	0.8281	NA	1	1.2306	Viruses;Duplodnaviria;Heunggongvirae;Uroviricota;Caudoviricetes;;
k127_47621	364	No terminal repeats	NA	1	11	0.8272	NA	1	1.4880	Viruses;Duplodnaviria;Heunggongvirae;Uroviricota;Caudoviricetes;;
k127_369556	388	DTR	NA	1	11	0.8272	NA	1	1.2997	Viruses;Duplodnaviria;Heunggongvirae;Uroviricota;Caudoviricetes;;
k127_239469	333	No terminal repeats	NA	1	11	0.8269	NA	1	1.3168	Viruses;Duplodnaviria;Heunggongvirae;Uroviricota;Caudoviricetes;;
k127_159343	1409	No terminal repeats	NA	3	11	0.8254	NA	1	1.2087	Viruses;Duplodnaviria;Heunggongvirae;Uroviricota;Caudoviricetes;;
k127_334142	435	No terminal repeats	NA	1	11	0.8244	NA	1	1.4597	Viruses;Duplodnaviria;Heunggongvirae;Uroviricota;Caudoviricetes;;
k127_225356	843	No terminal repeats	NA	1	11	0.8241	NA	1	1.4850	Viruses;Duplodnaviria;Heunggongvirae;Uroviricota;Caudoviricetes;;
k127_115519	306	No terminal repeats	NA	1	11	0.8232	NA	1	1.3595	Viruses;Duplodnaviria;Heunggongvirae;Uroviricota;Caudoviricetes;;
k127_246058	732	No terminal repeats	NA	1	11	0.8227	NA	1	1.7183	Viruses;Duplodnaviria;Heunggongvirae;Uroviricota;Caudoviricetes;;
k127_232572	662	No terminal repeats	NA	1	11	0.8212	NA	1	1.7183	Viruses;Duplodnaviria;Heunggongvirae;Uroviricota;Caudoviricetes;;
k127_331717	665	No terminal repeats	NA	2	11	0.8212	NA	1	1.1867	Viruses;Duplodnaviria;Heunggongvirae;Uroviricota;Caudoviricetes;;
k127_57345	830	No terminal repeats	NA	1	11	0.8208	NA	1	1.2306	Viruses;Duplodnaviria;Heunggongvirae;Uroviricota;Caudoviricetes;;
k127_241660	353	No terminal repeats	NA	1	15	0.8206	NA	1	1.6570	Viruses;Duplodnaviria;Heunggongvirae;Uroviricota;Caudoviricetes;;
k127_68175	553	No terminal repeats	NA	1	11	0.8169	NA	1	1.5278	Viruses;Duplodnaviria;Heunggongvirae;Uroviricota;Caudoviricetes;;
k127_50681	544	No terminal repeats	NA	1	11	0.8169	NA	1	1.7183	Viruses;Duplodnaviria;Heunggongvirae;Uroviricota;Caudoviricetes;;
k127_207991	314	No terminal repeats	NA	1	11	0.8165	NA	1	1.4880	Viruses;Duplodnaviria;Heunggongvirae;Uroviricota;Caudoviricetes;;
k127_360444	403	No terminal repeats	NA	1	11	0.8148	NA	1	1.0036	Viruses;Duplodnaviria;Heunggongvirae;Uroviricota;Caudoviricetes;;
k127_65787	2180	No terminal repeats	NA	2	11	0.8145	NA	1	1.7183	Viruses;Duplodnaviria;Heunggongvirae;Uroviricota;Caudoviricetes;;
k127_325391	627	No terminal repeats	NA	1	11	0.8137	NA	1	1.7128	Viruses;Duplodnaviria;Heunggongvirae;Uroviricota;Caudoviricetes;;
k127_349743	934	No terminal repeats	NA	1	11	0.8125	NA	1	1.7183	Viruses;Duplodnaviria;Heunggongvirae;Uroviricota;Caudoviricetes;;
k127_226596	408	No terminal repeats	NA	1	11	0.8093	NA	1	1.2306	Viruses;Duplodnaviria;Heunggongvirae;Uroviricota;Caudoviricetes;;
k127_310122	446	No terminal repeats	NA	1	11	0.8090	NA	1	1.2934	Viruses;Duplodnaviria;Heunggongvirae;Uroviricota;Caudoviricetes;;
k127_119345	378	No terminal repeats	NA	1	11	0.8079	NA	1	1.5030	Viruses;Duplodnaviria;Heunggongvirae;Uroviricota;Caudoviricetes;;
k127_323860	667	No terminal repeats	NA	1	11	0.8071	NA	1	1.2306	Viruses;Duplodnaviria;Heunggongvirae;Uroviricota;Caudoviricetes;;
k127_271783	1114	No terminal repeats	NA	2	11	0.8056	NA	1	1.7183	Viruses;Duplodnaviria;Heunggongvirae;Uroviricota;Caudoviricetes;;
k127_245246	434	No terminal repeats	NA	1	11	0.8040	NA	1	1.4506	Viruses;Duplodnaviria;Heunggongvirae;Uroviricota;Caudoviricetes;;
k127_94071	488	No terminal repeats	NA	1	11	0.8027	NA	1	1.6774	Viruses;Duplodnaviria;Heunggongvirae;Uroviricota;Caudoviricetes;;
k127_167374	458	No terminal repeats	NA	1	11	0.8022	NA	1	1.0485	Viruses;Duplodnaviria;Heunggongvirae;Uroviricota;Caudoviricetes;;
k127_276394	606	No terminal repeats	NA	1	11	0.8018	NA	1	1.1240	Viruses;Duplodnaviria;Heunggongvirae;Uroviricota;Caudoviricetes;;
k127_255233	548	No terminal repeats	NA	1	11	0.8007	NA	1	1.7183	Viruses;Duplodnaviria;Heunggongvirae;Uroviricota;Caudoviricetes;;
k127_252034	419	No terminal repeats	NA	1	11	0.7986	NA	1	1.7183	Viruses;Duplodnaviria;Heunggongvirae;Uroviricota;Caudoviricetes;;Drexlerviridae
k127_69510	327	No terminal repeats	NA	1	11	0.7977	NA	1	1.0089	Viruses;Duplodnaviria;Heunggongvirae;Uroviricota;Caudoviricetes;;
k127_144293	399	No terminal repeats	NA	1	11	0.7977	NA	1	0.9221	Viruses;Duplodnaviria;Heunggongvirae;Uroviricota;Caudoviricetes;;Straboviridae
k127_56484	372	No terminal repeats	NA	2	11	0.7966	NA	1	1.6857	Viruses;Duplodnaviria;Heunggongvirae;Uroviricota;Caudoviricetes;;
k127_313524	324	No terminal repeats	NA	1	11	0.7965	NA	1	1.3380	Viruses;Duplodnaviria;Heunggongvirae;Uroviricota;Caudoviricetes;;
k127_174071	487	No terminal repeats	NA	2	11	0.7954	NA	1	2.7375	Viruses;Duplodnaviria;Heunggongvirae;Uroviricota;Caudoviricetes;;
k127_188056	302	No terminal repeats	NA	1	11	0.7950	NA	1	1.2449	Viruses;Duplodnaviria;Heunggongvirae;Uroviricota;Caudoviricetes;;
k127_197232	554	No terminal repeats	NA	1	11	0.7940	NA	1	1.2306	Viruses;Duplodnaviria;Heunggongvirae;Uroviricota;Caudoviricetes;;
k127_126111	357	No terminal repeats	NA	2	11	0.7933	NA	1	1.5410	Viruses;Duplodnaviria;Heunggongvirae;Uroviricota;Caudoviricetes;;
k127_120696	639	No terminal repeats	NA	1	11	0.7917	NA	1	1.1157	Viruses;Duplodnaviria;Heunggongvirae;Uroviricota;Caudoviricetes;;
k127_260115	302	No terminal repeats	NA	1	11	0.7908	NA	1	1.2847	Viruses;Duplodnaviria;Heunggongvirae;Uroviricota;Caudoviricetes;;
k127_308525	570	No terminal repeats	NA	2	11	0.7907	NA	1	1.2306	Viruses;Duplodnaviria;Heunggongvirae;Uroviricota;Caudoviricetes;;
k127_358129	726	No terminal repeats	NA	2	11	0.7905	NA	1	1.7183	Viruses;Duplodnaviria;Heunggongvirae;Uroviricota;Caudoviricetes;;
k127_278617	578	No terminal repeats	NA	1	11	0.7889	NA	1	1.7183	Viruses;Duplodnaviria;Heunggongvirae;Uroviricota;Caudoviricetes;;
k127_314428	528	No terminal repeats	NA	2	11	0.7875	NA	1	1.7183	Viruses;Duplodnaviria;Heunggongvirae;Uroviricota;Caudoviricetes;;
k127_327620	370	No terminal repeats	NA	1	11	0.7856	NA	1	1.3139	Viruses;Duplodnaviria;Heunggongvirae;Uroviricota;Caudoviricetes;;
k127_24800	315	No terminal repeats	NA	1	11	0.7850	NA	1	1.3562	Viruses;Duplodnaviria;Heunggongvirae;Uroviricota;Caudoviricetes;;
k127_333271	775	No terminal repeats	NA	1	11	0.7815	NA	1	1.7183	Viruses;Duplodnaviria;Heunggongvirae;Uroviricota;Caudoviricetes;;
k127_274582	836	No terminal repeats	NA	2	11	0.7810	NA	1	1.3182	Viruses;Duplodnaviria;Heunggongvirae;Uroviricota;Caudoviricetes;;
k127_321903	313	No terminal repeats	NA	2	11	0.7809	NA	1	1.4034	Unclassified
k127_192123	322	No terminal repeats	NA	1	11	0.7805	NA	1	1.6774	Viruses;Duplodnaviria;Heunggongvirae;Uroviricota;Caudoviricetes;;
k127_150867	888	No terminal repeats	NA	1	11	0.7788	NA	1	1.7183	Viruses;Duplodnaviria;Heunggongvirae;Uroviricota;Caudoviricetes;;
k127_235732	413	No terminal repeats	NA	1	11	0.7770	NA	1	1.7183	Viruses;Duplodnaviria;Heunggongvirae;Uroviricota;Caudoviricetes;;
k127_102708	1127	No terminal repeats	NA	2	11	0.7762	NA	1	1.5978	Viruses;Duplodnaviria;Heunggongvirae;Uroviricota;Caudoviricetes;;
k127_308805	324	No terminal repeats	NA	1	11	0.7760	NA	1	1.6570	Viruses;Duplodnaviria;Heunggongvirae;Uroviricota;Caudoviricetes;;
k127_173125	703	No terminal repeats	NA	1	11	0.7732	NA	1	1.4764	Viruses;Duplodnaviria;Heunggongvirae;Uroviricota;Caudoviricetes;;
k127_313632	314	No terminal repeats	NA	1	11	0.7716	NA	1	1.3562	Viruses;Duplodnaviria;Heunggongvirae;Uroviricota;Caudoviricetes;;
k127_323858	488	No terminal repeats	NA	1	11	0.7708	NA	1	1.3181	Viruses;Duplodnaviria;Heunggongvirae;Uroviricota;Caudoviricetes;;
k127_225075	467	No terminal repeats	NA	1	11	0.7702	NA	1	1.7173	Viruses;Duplodnaviria;Heunggongvirae;Uroviricota;Caudoviricetes;;
k127_69334	643	No terminal repeats	NA	2	11	0.7692	NA	1	1.0089	Viruses;Duplodnaviria;Heunggongvirae;Uroviricota;Caudoviricetes;;
k127_318960	357	No terminal repeats	NA	2	11	0.7689	NA	1	1.2934	Viruses;Duplodnaviria;Heunggongvirae;Uroviricota;Caudoviricetes;;
k127_4239	581	No terminal repeats	NA	1	11	0.7678	NA	1	1.7183	Viruses;Duplodnaviria;Heunggongvirae;Uroviricota;Caudoviricetes;;Drexlerviridae
k127_263663	904	No terminal repeats	NA	2	11	0.7665	NA	1	1.2683	Viruses;Duplodnaviria;Heunggongvirae;Uroviricota;Caudoviricetes;;
k127_279498	443	No terminal repeats	NA	1	11	0.7665	NA	1	1.6774	Viruses;Duplodnaviria;Heunggongvirae;Uroviricota;Caudoviricetes;;
k127_117919	305	No terminal repeats	NA	1	11	0.7644	NA	1	1.2657	Viruses;Duplodnaviria;Heunggongvirae;Uroviricota;Caudoviricetes;;
k127_61115	444	No terminal repeats	NA	1	11	0.7631	NA	1	1.2449	Viruses;Duplodnaviria;Heunggongvirae;Uroviricota;Caudoviricetes;;
k127_84497	599	No terminal repeats	NA	1	11	0.7612	NA	1	1.7183	Viruses;Duplodnaviria;Heunggongvirae;Uroviricota;Caudoviricetes;;
k127_366178	612	No terminal repeats	NA	2	11	0.7606	NA	1	0.9531	Viruses;Duplodnaviria;Heunggongvirae;Uroviricota;Caudoviricetes;;
k127_298808	387	No terminal repeats	NA	1	11	0.7601	NA	1	1.2280	Unclassified
k127_320011	396	No terminal repeats	NA	1	11	0.7589	NA	1	1.1808	Viruses;Duplodnaviria;Heunggongvirae;Uroviricota;Caudoviricetes;;
k127_152137	367	No terminal repeats	NA	2	11	0.7569	NA	1	1.0089	Viruses;Duplodnaviria;Heunggongvirae;Uroviricota;Caudoviricetes;;
k127_117272	600	No terminal repeats	NA	1	11	0.7559	NA	1	0.9531	Viruses;Duplodnaviria;Heunggongvirae;Uroviricota;Caudoviricetes;;
k127_54418	336	No terminal repeats	NA	1	11	0.7517	NA	1	1.0941	Viruses;Duplodnaviria;Heunggongvirae;Uroviricota;Caudoviricetes;;
k127_277540	454	No terminal repeats	NA	1	11	0.7511	NA	1	1.2306	Viruses;Duplodnaviria;Heunggongvirae;Uroviricota;Caudoviricetes;;
k127_223497	400	No terminal repeats	NA	1	11	0.7505	NA	1	1.6708	Viruses;Duplodnaviria;Heunggongvirae;Uroviricota;Caudoviricetes;;
k127_118444	424	No terminal repeats	NA	1	11	0.7474	NA	1	1.3595	Viruses;Duplodnaviria;Heunggongvirae;Uroviricota;Caudoviricetes;;
k127_153710	773	No terminal repeats	NA	3	11	0.7432	NA	1	2.8963	Viruses;Duplodnaviria;Heunggongvirae;Uroviricota;Caudoviricetes;;
k127_329159	330	No terminal repeats	NA	1	11	0.7431	NA	1	1.4720	Unclassified
k127_162162	607	No terminal repeats	NA	1	11	0.7428	NA	1	1.7183	Viruses;Duplodnaviria;Heunggongvirae;Uroviricota;Caudoviricetes;;
k127_17122	539	No terminal repeats	NA	1	11	0.7405	NA	1	1.1262	Viruses;Duplodnaviria;Heunggongvirae;Uroviricota;Caudoviricetes;;
k127_304619	667	No terminal repeats	NA	1	11	0.7361	NA	1	1.2306	Viruses;Duplodnaviria;Heunggongvirae;Uroviricota;Caudoviricetes;;
k127_197044	644	No terminal repeats	NA	1	11	0.7346	NA	1	1.7183	Viruses;Duplodnaviria;Heunggongvirae;Uroviricota;Caudoviricetes;;
k127_106656	426	No terminal repeats	NA	2	11	0.7334	NA	1	1.7183	Viruses;Duplodnaviria;Heunggongvirae;Uroviricota;Caudoviricetes;;
k127_307514	330	No terminal repeats	NA	1	11	0.7308	NA	1	1.6696	Viruses;Duplodnaviria;Heunggongvirae;Uroviricota;Caudoviricetes;;
k127_112355	350	No terminal repeats	NA	1	11	0.7305	NA	1	1.3816	Viruses;Duplodnaviria;Heunggongvirae;Uroviricota;Caudoviricetes;;
k127_135201	493	No terminal repeats	NA	1	11	0.7296	NA	1	1.2306	Viruses;Duplodnaviria;Heunggongvirae;Uroviricota;Caudoviricetes;;
k127_241708	484	No terminal repeats	NA	1	11	0.7286	NA	1	1.2271	Viruses;Duplodnaviria;Heunggongvirae;Uroviricota;Caudoviricetes;;
k127_142703	470	No terminal repeats	NA	1	11	0.7253	NA	1	1.5411	Viruses;Duplodnaviria;Heunggongvirae;Uroviricota;Caudoviricetes;;
k127_284116	900	No terminal repeats	NA	1	11	0.7230	NA	1	1.2306	Viruses;Duplodnaviria;Heunggongvirae;Uroviricota;Caudoviricetes;;
k127_163091	479	No terminal repeats	NA	1	11	0.7212	NA	1	1.1750	Viruses;Duplodnaviria;Heunggongvirae;Uroviricota;Caudoviricetes;;
k127_143677	326	No terminal repeats	NA	1	11	0.7212	NA	1	1.2927	Viruses;Duplodnaviria;Heunggongvirae;Uroviricota;Caudoviricetes;;
k127_232933	868	No terminal repeats	NA	1	11	0.7211	NA	1	1.0446	Viruses;Duplodnaviria;Heunggongvirae;Uroviricota;Caudoviricetes;;
k127_352776	369	No terminal repeats	NA	1	11	0.7208	NA	1	1.6167	Viruses;Duplodnaviria;Heunggongvirae;Uroviricota;Caudoviricetes;;
k127_192478	935	No terminal repeats	NA	2	11	0.7204	NA	1	1.2306	Viruses;Duplodnaviria;Heunggongvirae;Uroviricota;Caudoviricetes;;
k127_337997	374	No terminal repeats	NA	1	11	0.7195	NA	1	1.5528	Viruses;Duplodnaviria;Heunggongvirae;Uroviricota;Caudoviricetes;;
k127_344697	810	No terminal repeats	NA	2	11	0.7186	NA	1	1.1806	Unclassified
k127_144624	513	No terminal repeats	NA	1	11	0.7170	NA	1	1.2847	Viruses;Duplodnaviria;Heunggongvirae;Uroviricota;Caudoviricetes;;
k127_24333	1558	No terminal repeats	NA	1	11	0.7156	NA	1	1.1328	Viruses;Duplodnaviria;Heunggongvirae;Uroviricota;Caudoviricetes;;
k127_115125	701	No terminal repeats	NA	2	11	0.7135	NA	1	1.2306	Viruses;Duplodnaviria;Heunggongvirae;Uroviricota;Caudoviricetes;;
k127_153798	610	No terminal repeats	NA	2	11	0.7125	NA	1	1.7183	Viruses;Duplodnaviria;Heunggongvirae;Uroviricota;Caudoviricetes;;
k127_85656	724	No terminal repeats	NA	2	11	0.7124	NA	1	1.7136	Viruses;Duplodnaviria;Heunggongvirae;Uroviricota;Caudoviricetes;;
k127_159965	310	No terminal repeats	NA	1	11	0.7124	NA	1	1.7132	Unclassified
k127_351752	955	No terminal repeats	NA	2	11	0.7119	NA	1	1.2306	Viruses;Duplodnaviria;Heunggongvirae;Uroviricota;Caudoviricetes;;
k127_171981	861	No terminal repeats	NA	2	11	0.7118	NA	1	0.9531	Viruses;Duplodnaviria;Heunggongvirae;Uroviricota;Caudoviricetes;;
k127_315286	2004	No terminal repeats	NA	3	11	0.7075	NA	1	1.8227	Viruses;Duplodnaviria;Heunggongvirae;Uroviricota;Caudoviricetes;;
k127_119766	735	No terminal repeats	NA	1	11	0.7070	NA	1	1.2934	Viruses;Duplodnaviria;Heunggongvirae;Uroviricota;Caudoviricetes;;
k127_127326	423	No terminal repeats	NA	1	11	0.7063	NA	1	1.0862	Viruses;Duplodnaviria;Heunggongvirae;Uroviricota;Caudoviricetes;;
k127_124115	411	No terminal repeats	NA	1	11	0.7057	NA	1	1.6625	Viruses;Duplodnaviria;Heunggongvirae;Uroviricota;Caudoviricetes;;Demerecviridae
k127_268062	1110	No terminal repeats	NA	2	11	0.7037	NA	1	1.7183	Viruses;Duplodnaviria;Heunggongvirae;Uroviricota;Caudoviricetes;;
k127_29984	348	No terminal repeats	NA	1	11	0.7013	NA	1	1.3562	Viruses;Duplodnaviria;Heunggongvirae;Uroviricota;Caudoviricetes;;
