seq_name	length	topology	coordinates	n_genes	genetic_code	virus_score	fdr	n_hallmarks	marker_enrichment	taxonomy
k127_1007505	5513	DTR	NA	8	11	0.9828	NA	3	12.0280	Viruses;Monodnaviria;Sangervirae;Phixviricota;Malgrandaviricetes;Petitvirales;Microviridae
k127_562675	348	No terminal repeats	NA	1	11	0.9653	NA	1	1.7183	Viruses;Duplodnaviria;Heunggongvirae;Uroviricota;Caudoviricetes;;
k127_956777	365	No terminal repeats	NA	1	11	0.9628	NA	1	1.7183	Viruses;Duplodnaviria;Heunggongvirae;Uroviricota;Caudoviricetes;;
k127_33175	440	No terminal repeats	NA	1	11	0.9594	NA	1	1.7183	Viruses;Duplodnaviria;Heunggongvirae;Uroviricota;Caudoviricetes;;
k127_763186	513	No terminal repeats	NA	1	11	0.9575	NA	1	1.7183	Viruses;Duplodnaviria;Heunggongvirae;Uroviricota;Caudoviricetes;;
k127_51177	362	No terminal repeats	NA	1	11	0.9569	NA	1	1.5070	Viruses;Duplodnaviria;Heunggongvirae;Uroviricota;Caudoviricetes;;
k127_472785	540	No terminal repeats	NA	1	11	0.9556	NA	1	1.7183	Viruses;Duplodnaviria;Heunggongvirae;Uroviricota;Caudoviricetes;;
k127_362016	352	No terminal repeats	NA	1	11	0.9554	NA	1	1.7183	Viruses;Duplodnaviria;Heunggongvirae;Uroviricota;Caudoviricetes;;
k127_889723	339	No terminal repeats	NA	1	11	0.9529	NA	1	1.7183	Viruses;Duplodnaviria;Heunggongvirae;Uroviricota;Caudoviricetes;;
k127_523217	353	No terminal repeats	NA	1	11	0.9528	NA	1	1.7183	Viruses;Duplodnaviria;Heunggongvirae;Uroviricota;Caudoviricetes;;
k127_1032	313	No terminal repeats	NA	1	11	0.9514	NA	1	1.7183	Viruses;Duplodnaviria;Heunggongvirae;Uroviricota;Caudoviricetes;;
k127_277949	348	No terminal repeats	NA	1	11	0.9509	NA	1	1.7183	Viruses;Duplodnaviria;Heunggongvirae;Uroviricota;Caudoviricetes;;
k127_324913	419	No terminal repeats	NA	1	11	0.9502	NA	1	1.7183	Viruses;Duplodnaviria;Heunggongvirae;Uroviricota;Caudoviricetes;;
k127_74744	470	No terminal repeats	NA	1	11	0.9501	NA	1	1.7183	Viruses;Duplodnaviria;Heunggongvirae;Uroviricota;Caudoviricetes;;
k127_667505	383	No terminal repeats	NA	1	11	0.9498	NA	1	1.7183	Viruses;Duplodnaviria;Heunggongvirae;Uroviricota;Caudoviricetes;;
k127_868553	414	No terminal repeats	NA	1	11	0.9494	NA	1	1.7183	Viruses;Duplodnaviria;Heunggongvirae;Uroviricota;Caudoviricetes;;
k127_604086	663	No terminal repeats	NA	1	11	0.9493	NA	1	1.7183	Viruses;Duplodnaviria;Heunggongvirae;Uroviricota;Caudoviricetes;;
k127_49403	767	No terminal repeats	NA	1	11	0.9491	NA	1	1.7183	Viruses;Duplodnaviria;Heunggongvirae;Uroviricota;Caudoviricetes;;
k127_973417	308	No terminal repeats	NA	1	11	0.9474	NA	1	1.7183	Viruses;Duplodnaviria;Heunggongvirae;Uroviricota;Caudoviricetes;;
k127_742517	327	No terminal repeats	NA	1	11	0.9468	NA	1	1.7183	Viruses;Duplodnaviria;Heunggongvirae;Uroviricota;Caudoviricetes;;
k127_916973	360	No terminal repeats	NA	1	11	0.9463	NA	1	1.7183	Viruses;Duplodnaviria;Heunggongvirae;Uroviricota;Caudoviricetes;;
k127_681670	303	No terminal repeats	NA	1	11	0.9461	NA	1	1.7183	Viruses;Duplodnaviria;Heunggongvirae;Uroviricota;Caudoviricetes;;
k127_748823	445	No terminal repeats	NA	1	11	0.9461	NA	1	1.7183	Viruses;Duplodnaviria;Heunggongvirae;Uroviricota;Caudoviricetes;;
k127_600179	354	No terminal repeats	NA	1	11	0.9456	NA	1	1.7183	Viruses;Duplodnaviria;Heunggongvirae;Uroviricota;Caudoviricetes;;
k127_759862	451	No terminal repeats	NA	1	11	0.9454	NA	1	1.7183	Viruses;Duplodnaviria;Heunggongvirae;Uroviricota;Caudoviricetes;;
k127_139448	317	No terminal repeats	NA	1	11	0.9453	NA	1	1.7183	Viruses;Duplodnaviria;Heunggongvirae;Uroviricota;Caudoviricetes;;
k127_275338	394	No terminal repeats	NA	1	11	0.9450	NA	1	1.2334	Viruses;Duplodnaviria;Heunggongvirae;Uroviricota;Caudoviricetes;;
k127_74532	311	No terminal repeats	NA	1	11	0.9445	NA	1	1.7183	Viruses;Duplodnaviria;Heunggongvirae;Uroviricota;Caudoviricetes;;
k127_649439	285	No terminal repeats	NA	1	11	0.9445	NA	1	1.7183	Viruses;Duplodnaviria;Heunggongvirae;Uroviricota;Caudoviricetes;;
k127_660218	451	No terminal repeats	NA	1	11	0.9436	NA	1	1.7183	Viruses;Duplodnaviria;Heunggongvirae;Uroviricota;Caudoviricetes;;
k127_756208	536	No terminal repeats	NA	1	11	0.9431	NA	1	1.7183	Viruses;Duplodnaviria;Heunggongvirae;Uroviricota;Caudoviricetes;;
k127_942208	339	No terminal repeats	NA	1	11	0.9427	NA	1	1.7183	Viruses;Duplodnaviria;Heunggongvirae;Uroviricota;Caudoviricetes;;
k127_741212	380	No terminal repeats	NA	1	11	0.9427	NA	1	1.7183	Viruses;Duplodnaviria;Heunggongvirae;Uroviricota;Caudoviricetes;;
k127_615716	451	No terminal repeats	NA	1	11	0.9424	NA	1	1.7183	Viruses;Duplodnaviria;Heunggongvirae;Uroviricota;Caudoviricetes;;
k127_364443	276	No terminal repeats	NA	1	11	0.9418	NA	1	1.7183	Viruses;Duplodnaviria;Heunggongvirae;Uroviricota;Caudoviricetes;;
k127_423658	514	No terminal repeats	NA	1	11	0.9418	NA	1	1.5293	Viruses;Duplodnaviria;Heunggongvirae;Uroviricota;Caudoviricetes;;
k127_140084	487	No terminal repeats	NA	1	11	0.9417	NA	1	1.7183	Viruses;Duplodnaviria;Heunggongvirae;Uroviricota;Caudoviricetes;;
k127_841942	331	No terminal repeats	NA	1	11	0.9414	NA	1	1.7183	Viruses;Duplodnaviria;Heunggongvirae;Uroviricota;Caudoviricetes;;
k127_35852	457	No terminal repeats	NA	1	11	0.9410	NA	1	1.7183	Viruses;Duplodnaviria;Heunggongvirae;Uroviricota;Caudoviricetes;;
k127_343867	1064	No terminal repeats	NA	4	11	0.9401	NA	3	6.1301	Viruses;Duplodnaviria;Heunggongvirae;Uroviricota;Caudoviricetes;;
k127_120689	439	No terminal repeats	NA	1	11	0.9399	NA	1	1.7183	Viruses;Duplodnaviria;Heunggongvirae;Uroviricota;Caudoviricetes;;
k127_413725	441	No terminal repeats	NA	1	11	0.9380	NA	1	1.7183	Viruses;Duplodnaviria;Heunggongvirae;Uroviricota;Caudoviricetes;;
k127_935067	472	No terminal repeats	NA	1	11	0.9377	NA	1	1.7183	Viruses;Duplodnaviria;Heunggongvirae;Uroviricota;Caudoviricetes;;
k127_621969	434	No terminal repeats	NA	1	11	0.9374	NA	1	1.7183	Viruses;Duplodnaviria;Heunggongvirae;Uroviricota;Caudoviricetes;;
k127_361647	373	No terminal repeats	NA	1	11	0.9369	NA	1	1.7183	Viruses;Duplodnaviria;Heunggongvirae;Uroviricota;Caudoviricetes;;
k127_198334	351	No terminal repeats	NA	1	11	0.9363	NA	1	1.7183	Viruses;Duplodnaviria;Heunggongvirae;Uroviricota;Caudoviricetes;;
k127_55727	359	No terminal repeats	NA	1	11	0.9352	NA	1	1.6317	Viruses;Duplodnaviria;Heunggongvirae;Uroviricota;Caudoviricetes;;
k127_988900	480	No terminal repeats	NA	1	11	0.9347	NA	1	1.7183	Viruses;Duplodnaviria;Heunggongvirae;Uroviricota;Caudoviricetes;;
k127_636261	690	No terminal repeats	NA	1	11	0.9344	NA	1	1.7183	Viruses;Duplodnaviria;Heunggongvirae;Uroviricota;Caudoviricetes;;
k127_693617	349	No terminal repeats	NA	1	11	0.9343	NA	1	1.7183	Viruses;Duplodnaviria;Heunggongvirae;Uroviricota;Caudoviricetes;;
k127_841872	374	No terminal repeats	NA	1	11	0.9331	NA	1	1.7183	Viruses;Duplodnaviria;Heunggongvirae;Uroviricota;Caudoviricetes;;
k127_129069	316	No terminal repeats	NA	1	11	0.9329	NA	1	1.7183	Viruses;Duplodnaviria;Heunggongvirae;Uroviricota;Caudoviricetes;;
k127_380357	496	No terminal repeats	NA	1	11	0.9326	NA	1	1.7183	Viruses;Duplodnaviria;Heunggongvirae;Uroviricota;Caudoviricetes;;
k127_670271	387	No terminal repeats	NA	1	11	0.9321	NA	1	1.7183	Viruses;Duplodnaviria;Heunggongvirae;Uroviricota;Caudoviricetes;;
k127_957578	347	No terminal repeats	NA	1	11	0.9319	NA	1	1.7183	Viruses;Duplodnaviria;Heunggongvirae;Uroviricota;Caudoviricetes;;
k127_906720	365	No terminal repeats	NA	1	11	0.9319	NA	1	1.7183	Viruses;Duplodnaviria;Heunggongvirae;Uroviricota;Caudoviricetes;;
k127_620709	506	No terminal repeats	NA	1	11	0.9316	NA	1	1.7183	Viruses;Duplodnaviria;Heunggongvirae;Uroviricota;Caudoviricetes;;
k127_860162	355	No terminal repeats	NA	1	11	0.9312	NA	1	1.7183	Viruses;Duplodnaviria;Heunggongvirae;Uroviricota;Caudoviricetes;;
k127_223768	323	No terminal repeats	NA	1	11	0.9307	NA	1	1.7183	Viruses;Duplodnaviria;Heunggongvirae;Uroviricota;Caudoviricetes;;
k127_16115	717	No terminal repeats	NA	1	11	0.9306	NA	1	1.7183	Viruses;Duplodnaviria;Heunggongvirae;Uroviricota;Caudoviricetes;;
k127_279216	318	No terminal repeats	NA	1	11	0.9301	NA	1	1.7183	Viruses;Duplodnaviria;Heunggongvirae;Uroviricota;Caudoviricetes;;
k127_836621	308	No terminal repeats	NA	1	11	0.9293	NA	1	1.7183	Viruses;Duplodnaviria;Heunggongvirae;Uroviricota;Caudoviricetes;;
k127_569150	344	No terminal repeats	NA	1	11	0.9291	NA	1	1.7183	Viruses;Duplodnaviria;Heunggongvirae;Uroviricota;Caudoviricetes;;
k127_905620	510	No terminal repeats	NA	1	11	0.9288	NA	1	1.7183	Viruses;Duplodnaviria;Heunggongvirae;Uroviricota;Caudoviricetes;;
k127_137770	544	No terminal repeats	NA	1	11	0.9285	NA	1	1.7183	Viruses;Duplodnaviria;Heunggongvirae;Uroviricota;Caudoviricetes;;
k127_581881	413	No terminal repeats	NA	1	11	0.9284	NA	1	1.7183	Viruses;Duplodnaviria;Heunggongvirae;Uroviricota;Caudoviricetes;;
k127_441076	387	No terminal repeats	NA	1	11	0.9281	NA	1	1.7183	Viruses;Duplodnaviria;Heunggongvirae;Uroviricota;Caudoviricetes;;Demerecviridae
k127_447940	362	No terminal repeats	NA	1	11	0.9281	NA	1	1.7183	Viruses;Duplodnaviria;Heunggongvirae;Uroviricota;Caudoviricetes;;
k127_243648	335	No terminal repeats	NA	1	11	0.9278	NA	1	1.7183	Viruses;Duplodnaviria;Heunggongvirae;Uroviricota;Caudoviricetes;;
k127_989386	312	No terminal repeats	NA	1	11	0.9277	NA	1	1.7183	Viruses;Duplodnaviria;Heunggongvirae;Uroviricota;Caudoviricetes;;
k127_914012	382	No terminal repeats	NA	1	11	0.9271	NA	1	1.7183	Viruses;Duplodnaviria;Heunggongvirae;Uroviricota;Caudoviricetes;;
k127_582950	320	No terminal repeats	NA	1	11	0.9271	NA	1	1.7183	Viruses;Duplodnaviria;Heunggongvirae;Uroviricota;Caudoviricetes;;
k127_408630	339	No terminal repeats	NA	1	11	0.9264	NA	1	1.7183	Viruses;Duplodnaviria;Heunggongvirae;Uroviricota;Caudoviricetes;;
k127_217297	382	No terminal repeats	NA	1	11	0.9252	NA	1	1.7183	Viruses;Duplodnaviria;Heunggongvirae;Uroviricota;Caudoviricetes;;
k127_904404	515	No terminal repeats	NA	2	11	0.9245	NA	1	1.7183	Viruses;Duplodnaviria;Heunggongvirae;Uroviricota;Caudoviricetes;;
k127_957430	1234	No terminal repeats	NA	1	11	0.9244	NA	1	1.7183	Viruses;Duplodnaviria;Heunggongvirae;Uroviricota;Caudoviricetes;;
k127_223329	370	No terminal repeats	NA	1	11	0.9242	NA	1	1.4850	Viruses;Duplodnaviria;Heunggongvirae;Uroviricota;Caudoviricetes;;
k127_596478	255	No terminal repeats	NA	1	11	0.9240	NA	1	1.7183	Viruses;Duplodnaviria;Heunggongvirae;Uroviricota;Caudoviricetes;;
k127_421678	554	No terminal repeats	NA	1	11	0.9234	NA	1	1.2306	Viruses;Duplodnaviria;Heunggongvirae;Uroviricota;Caudoviricetes;;
k127_592945	349	No terminal repeats	NA	1	11	0.9234	NA	1	1.7183	Unclassified
k127_32950	331	No terminal repeats	NA	1	11	0.9229	NA	1	1.7183	Viruses;Duplodnaviria;Heunggongvirae;Uroviricota;Caudoviricetes;;
k127_258456	683	No terminal repeats	NA	1	11	0.9223	NA	1	1.2850	Unclassified
k127_30811	375	No terminal repeats	NA	1	11	0.9218	NA	1	1.7183	Viruses;Duplodnaviria;Heunggongvirae;Uroviricota;Caudoviricetes;;
k127_836120	454	No terminal repeats	NA	1	11	0.9213	NA	1	1.7183	Viruses;Duplodnaviria;Heunggongvirae;Uroviricota;Caudoviricetes;;
k127_745109	315	No terminal repeats	NA	1	11	0.9203	NA	1	1.7183	Viruses;Duplodnaviria;Heunggongvirae;Uroviricota;Caudoviricetes;;
k127_149368	334	No terminal repeats	NA	1	11	0.9201	NA	1	1.7183	Viruses;Duplodnaviria;Heunggongvirae;Uroviricota;Caudoviricetes;;
k127_379085	436	No terminal repeats	NA	1	11	0.9201	NA	1	1.7183	Viruses;Duplodnaviria;Heunggongvirae;Uroviricota;Caudoviricetes;;
k127_88708	434	No terminal repeats	NA	1	11	0.9199	NA	1	1.7183	Viruses;Duplodnaviria;Heunggongvirae;Uroviricota;Caudoviricetes;;
k127_193262	380	No terminal repeats	NA	1	11	0.9198	NA	1	1.7183	Viruses;Duplodnaviria;Heunggongvirae;Uroviricota;Caudoviricetes;;
k127_768477	617	No terminal repeats	NA	1	11	0.9196	NA	1	1.7183	Viruses;Duplodnaviria;Heunggongvirae;Uroviricota;Caudoviricetes;;
k127_263846	341	No terminal repeats	NA	1	11	0.9190	NA	1	1.2873	Viruses;Duplodnaviria;Heunggongvirae;Uroviricota;Caudoviricetes;;
k127_729025	411	No terminal repeats	NA	1	11	0.9190	NA	1	1.7183	Viruses;Duplodnaviria;Heunggongvirae;Uroviricota;Caudoviricetes;;
k127_490477	516	No terminal repeats	NA	1	11	0.9175	NA	1	1.7183	Viruses;Duplodnaviria;Heunggongvirae;Uroviricota;Caudoviricetes;;
k127_438018	839	No terminal repeats	NA	2	11	0.9171	NA	1	1.7183	Viruses;Duplodnaviria;Heunggongvirae;Uroviricota;Caudoviricetes;;
k127_811238	276	No terminal repeats	NA	1	11	0.9164	NA	1	1.7183	Viruses;Duplodnaviria;Heunggongvirae;Uroviricota;Caudoviricetes;;
k127_871691	409	No terminal repeats	NA	1	11	0.9164	NA	1	1.7183	Viruses;Duplodnaviria;Heunggongvirae;Uroviricota;Caudoviricetes;;
k127_745006	430	No terminal repeats	NA	1	11	0.9162	NA	1	1.5330	Viruses;Duplodnaviria;Heunggongvirae;Uroviricota;Caudoviricetes;;
k127_939495	396	No terminal repeats	NA	1	11	0.9155	NA	1	1.7183	Viruses;Duplodnaviria;Heunggongvirae;Uroviricota;Caudoviricetes;;
k127_960082	380	No terminal repeats	NA	1	11	0.9153	NA	1	1.3523	Viruses;Duplodnaviria;Heunggongvirae;Uroviricota;Caudoviricetes;;
k127_914945	320	No terminal repeats	NA	2	11	0.9152	NA	1	1.7183	Viruses;Duplodnaviria;Heunggongvirae;Uroviricota;Caudoviricetes;;
k127_550386	557	No terminal repeats	NA	1	11	0.9145	NA	1	1.7183	Viruses;Duplodnaviria;Heunggongvirae;Uroviricota;Caudoviricetes;;
k127_331938	336	No terminal repeats	NA	1	11	0.9143	NA	1	1.7183	Viruses;Duplodnaviria;Heunggongvirae;Uroviricota;Caudoviricetes;;
k127_427851	327	No terminal repeats	NA	1	11	0.9143	NA	1	1.7183	Viruses;Duplodnaviria;Heunggongvirae;Uroviricota;Caudoviricetes;;
k127_496389	614	No terminal repeats	NA	1	11	0.9127	NA	1	1.7183	Viruses;Duplodnaviria;Heunggongvirae;Uroviricota;Caudoviricetes;;
k127_878552	439	No terminal repeats	NA	1	11	0.9125	NA	1	1.7183	Viruses;Duplodnaviria;Heunggongvirae;Uroviricota;Caudoviricetes;;
k127_373802	413	No terminal repeats	NA	1	11	0.9119	NA	1	1.7183	Viruses;Duplodnaviria;Heunggongvirae;Uroviricota;Caudoviricetes;;
k127_337539	530	No terminal repeats	NA	1	11	0.9116	NA	1	1.3617	Viruses;Duplodnaviria;Heunggongvirae;Uroviricota;Caudoviricetes;;
k127_560040	361	No terminal repeats	NA	1	11	0.9107	NA	1	1.1530	Viruses;Duplodnaviria;Heunggongvirae;Uroviricota;Caudoviricetes;;
k127_978374	441	No terminal repeats	NA	1	11	0.9094	NA	1	1.7183	Viruses;Duplodnaviria;Heunggongvirae;Uroviricota;Caudoviricetes;;
k127_832195	393	No terminal repeats	NA	1	11	0.9085	NA	1	1.7183	Viruses;Duplodnaviria;Heunggongvirae;Uroviricota;Caudoviricetes;;
k127_348465	369	No terminal repeats	NA	1	11	0.9084	NA	1	1.7183	Viruses;Duplodnaviria;Heunggongvirae;Uroviricota;Caudoviricetes;;
k127_679606	341	No terminal repeats	NA	1	11	0.9082	NA	1	1.7183	Unclassified
k127_673186	398	No terminal repeats	NA	1	11	0.9080	NA	1	1.7183	Viruses;Duplodnaviria;Heunggongvirae;Uroviricota;Caudoviricetes;;
k127_43220	339	No terminal repeats	NA	1	11	0.9075	NA	1	1.4597	Viruses;Duplodnaviria;Heunggongvirae;Uroviricota;Caudoviricetes;;
k127_841887	445	No terminal repeats	NA	1	11	0.9059	NA	1	1.7183	Viruses;Duplodnaviria;Heunggongvirae;Uroviricota;Caudoviricetes;;
k127_101485	540	No terminal repeats	NA	1	11	0.9059	NA	1	1.7183	Viruses;Duplodnaviria;Heunggongvirae;Uroviricota;Caudoviricetes;;
k127_304321	464	No terminal repeats	NA	1	11	0.9059	NA	1	1.7183	Viruses;Duplodnaviria;Heunggongvirae;Uroviricota;Caudoviricetes;;
k127_332980	847	No terminal repeats	NA	1	11	0.9057	NA	1	1.7183	Viruses;Duplodnaviria;Heunggongvirae;Uroviricota;Caudoviricetes;;
k127_646775	487	No terminal repeats	NA	1	11	0.9055	NA	1	1.4749	Viruses;Duplodnaviria;Heunggongvirae;Uroviricota;Caudoviricetes;;
k127_304390	345	No terminal repeats	NA	1	11	0.9053	NA	1	1.7183	Viruses;Duplodnaviria;Heunggongvirae;Uroviricota;Caudoviricetes;;
k127_881680	488	No terminal repeats	NA	1	11	0.9053	NA	1	1.7183	Viruses;Duplodnaviria;Heunggongvirae;Uroviricota;Caudoviricetes;;
k127_391843	319	No terminal repeats	NA	1	11	0.9045	NA	1	1.2436	Viruses;Duplodnaviria;Heunggongvirae;Uroviricota;Caudoviricetes;;Autographiviridae
k127_307830	443	No terminal repeats	NA	1	11	0.9042	NA	1	1.7183	Viruses;Duplodnaviria;Heunggongvirae;Uroviricota;Caudoviricetes;;
k127_331748	330	No terminal repeats	NA	1	11	0.9039	NA	1	1.4597	Viruses;Duplodnaviria;Heunggongvirae;Uroviricota;Caudoviricetes;;
k127_936365	612	No terminal repeats	NA	2	11	0.9039	NA	1	1.7183	Viruses;Duplodnaviria;Heunggongvirae;Uroviricota;Caudoviricetes;;
k127_907893	506	No terminal repeats	NA	1	11	0.9022	NA	1	1.7183	Viruses;Duplodnaviria;Heunggongvirae;Uroviricota;Caudoviricetes;;
k127_20782	533	No terminal repeats	NA	1	11	0.9022	NA	1	1.6317	Viruses;Duplodnaviria;Heunggongvirae;Uroviricota;Caudoviricetes;;
k127_50358	454	No terminal repeats	NA	1	11	0.9019	NA	1	1.7183	Viruses;Duplodnaviria;Heunggongvirae;Uroviricota;Caudoviricetes;;
k127_497612	264	No terminal repeats	NA	1	11	0.9015	NA	1	1.7183	Viruses;Duplodnaviria;Heunggongvirae;Uroviricota;Caudoviricetes;;
k127_324645	573	No terminal repeats	NA	1	11	0.9007	NA	1	1.7183	Viruses;Duplodnaviria;Heunggongvirae;Uroviricota;Caudoviricetes;;
k127_588432	496	No terminal repeats	NA	1	11	0.9007	NA	1	1.7183	Viruses;Duplodnaviria;Heunggongvirae;Uroviricota;Caudoviricetes;;
k127_579512	1566	No terminal repeats	NA	3	11	0.9005	NA	3	4.6561	Viruses;Duplodnaviria;Heunggongvirae;Uroviricota;Caudoviricetes;;
k127_876499	433	No terminal repeats	NA	1	11	0.9004	NA	1	1.7183	Viruses;Duplodnaviria;Heunggongvirae;Uroviricota;Caudoviricetes;;
k127_214135	405	No terminal repeats	NA	1	11	0.9002	NA	1	1.7164	Viruses;Duplodnaviria;Heunggongvirae;Uroviricota;Caudoviricetes;;
k127_579175	1245	No terminal repeats	NA	1	11	0.9002	NA	1	1.2306	Viruses;Duplodnaviria;Heunggongvirae;Uroviricota;Caudoviricetes;;
k127_585504	529	No terminal repeats	NA	1	11	0.8997	NA	1	1.2306	Viruses;Duplodnaviria;Heunggongvirae;Uroviricota;Caudoviricetes;;
k127_413748	352	No terminal repeats	NA	1	11	0.8995	NA	1	1.0597	Unclassified
k127_532967	255	No terminal repeats	NA	1	11	0.8995	NA	1	1.7183	Viruses;Duplodnaviria;Heunggongvirae;Uroviricota;Caudoviricetes;;
k127_434868	315	No terminal repeats	NA	1	11	0.8992	NA	1	1.7183	Viruses;Duplodnaviria;Heunggongvirae;Uroviricota;Caudoviricetes;;
k127_825228	314	No terminal repeats	NA	1	11	0.8986	NA	1	1.7183	Viruses;Duplodnaviria;Heunggongvirae;Uroviricota;Caudoviricetes;;
k127_868837	581	No terminal repeats	NA	1	11	0.8983	NA	1	1.7183	Viruses;Duplodnaviria;Heunggongvirae;Uroviricota;Caudoviricetes;;
k127_273341	303	No terminal repeats	NA	1	11	0.8980	NA	1	1.7183	Viruses;Duplodnaviria;Heunggongvirae;Uroviricota;Caudoviricetes;;
k127_960037	768	No terminal repeats	NA	1	11	0.8974	NA	1	1.7183	Viruses;Duplodnaviria;Heunggongvirae;Uroviricota;Caudoviricetes;;
k127_429329	427	No terminal repeats	NA	1	11	0.8966	NA	1	1.7183	Viruses;Duplodnaviria;Heunggongvirae;Uroviricota;Caudoviricetes;;
k127_139425	440	No terminal repeats	NA	1	11	0.8962	NA	1	1.7183	Viruses;Duplodnaviria;Heunggongvirae;Uroviricota;Caudoviricetes;;
k127_877040	370	No terminal repeats	NA	1	11	0.8956	NA	1	1.1530	Viruses;Duplodnaviria;Heunggongvirae;Uroviricota;Caudoviricetes;;
k127_405102	319	No terminal repeats	NA	1	11	0.8953	NA	1	1.0569	Viruses;Duplodnaviria;Heunggongvirae;Uroviricota;Caudoviricetes;;
k127_721483	587	No terminal repeats	NA	1	11	0.8946	NA	1	1.7183	Viruses;Duplodnaviria;Heunggongvirae;Uroviricota;Caudoviricetes;;
k127_837315	398	No terminal repeats	NA	1	11	0.8943	NA	1	1.7183	Viruses;Duplodnaviria;Heunggongvirae;Uroviricota;Caudoviricetes;;
k127_268053	464	No terminal repeats	NA	1	11	0.8940	NA	1	1.7183	Viruses;Duplodnaviria;Heunggongvirae;Uroviricota;Caudoviricetes;;
k127_453146	434	No terminal repeats	NA	1	11	0.8935	NA	1	1.7183	Viruses;Duplodnaviria;Heunggongvirae;Uroviricota;Caudoviricetes;;
k127_846737	631	No terminal repeats	NA	1	11	0.8934	NA	1	1.7183	Viruses;Duplodnaviria;Heunggongvirae;Uroviricota;Caudoviricetes;;
k127_402887	596	No terminal repeats	NA	2	11	0.8934	NA	1	1.7183	Viruses;Duplodnaviria;Heunggongvirae;Uroviricota;Caudoviricetes;;
k127_949799	336	No terminal repeats	NA	1	11	0.8932	NA	1	1.7183	Viruses;Duplodnaviria;Heunggongvirae;Uroviricota;Caudoviricetes;;
k127_787007	599	No terminal repeats	NA	1	11	0.8924	NA	1	1.7183	Viruses;Duplodnaviria;Heunggongvirae;Uroviricota;Caudoviricetes;;
k127_530740	464	No terminal repeats	NA	1	11	0.8915	NA	1	1.7183	Unclassified
k127_393390	343	No terminal repeats	NA	1	11	0.8907	NA	1	1.7183	Viruses;Duplodnaviria;Heunggongvirae;Uroviricota;Caudoviricetes;;
k127_16021	316	No terminal repeats	NA	1	11	0.8905	NA	1	1.7183	Viruses;Duplodnaviria;Heunggongvirae;Uroviricota;Caudoviricetes;;
k127_286169	505	No terminal repeats	NA	1	11	0.8890	NA	1	1.7183	Viruses;Duplodnaviria;Heunggongvirae;Uroviricota;Caudoviricetes;;
k127_600595	670	No terminal repeats	NA	1	11	0.8878	NA	1	1.7183	Viruses;Duplodnaviria;Heunggongvirae;Uroviricota;Caudoviricetes;;
k127_907068	866	No terminal repeats	NA	1	11	0.8874	NA	1	1.7183	Viruses;Duplodnaviria;Heunggongvirae;Uroviricota;Caudoviricetes;;
k127_698754	475	No terminal repeats	NA	2	11	0.8865	NA	1	1.0851	Viruses;Duplodnaviria;Heunggongvirae;Uroviricota;Caudoviricetes;;
k127_198588	338	No terminal repeats	NA	1	11	0.8863	NA	1	1.2332	Viruses;Duplodnaviria;Heunggongvirae;Uroviricota;Caudoviricetes;;
k127_84524	625	No terminal repeats	NA	2	11	0.8861	NA	2	3.1450	Viruses;Duplodnaviria;Heunggongvirae;Uroviricota;Caudoviricetes;;
k127_140640	478	No terminal repeats	NA	1	11	0.8851	NA	1	1.7183	Viruses;Duplodnaviria;Heunggongvirae;Uroviricota;Caudoviricetes;;
k127_337252	628	No terminal repeats	NA	1	11	0.8848	NA	1	1.7183	Viruses;Duplodnaviria;Heunggongvirae;Uroviricota;Caudoviricetes;;
k127_307779	652	No terminal repeats	NA	1	11	0.8838	NA	1	1.7183	Viruses;Duplodnaviria;Heunggongvirae;Uroviricota;Caudoviricetes;;
k127_311969	336	No terminal repeats	NA	1	11	0.8837	NA	1	1.7183	Viruses;Duplodnaviria;Heunggongvirae;Uroviricota;Caudoviricetes;;
k127_379487	403	No terminal repeats	NA	1	11	0.8818	NA	1	1.7183	Unclassified
k127_372960	436	No terminal repeats	NA	1	11	0.8809	NA	1	1.2306	Viruses;Duplodnaviria;Heunggongvirae;Uroviricota;Caudoviricetes;;
k127_328419	475	No terminal repeats	NA	1	11	0.8806	NA	1	1.7183	Viruses;Duplodnaviria;Heunggongvirae;Uroviricota;Caudoviricetes;;
k127_948242	600	No terminal repeats	NA	1	11	0.8796	NA	1	1.7183	Viruses;Duplodnaviria;Heunggongvirae;Uroviricota;Caudoviricetes;;
k127_820658	329	No terminal repeats	NA	1	11	0.8782	NA	1	1.2708	Viruses;Duplodnaviria;Heunggongvirae;Uroviricota;Caudoviricetes;;
k127_413494	400	No terminal repeats	NA	1	11	0.8775	NA	1	1.7183	Viruses;Duplodnaviria;Heunggongvirae;Uroviricota;Caudoviricetes;;
k127_356348	529	No terminal repeats	NA	1	11	0.8769	NA	1	1.7183	Viruses;Duplodnaviria;Heunggongvirae;Uroviricota;Caudoviricetes;;
k127_581044	348	No terminal repeats	NA	1	11	0.8734	NA	1	1.3068	Viruses;Duplodnaviria;Heunggongvirae;Uroviricota;Caudoviricetes;;
k127_29069	316	No terminal repeats	NA	1	11	0.8728	NA	1	1.4597	Viruses;Duplodnaviria;Heunggongvirae;Uroviricota;Caudoviricetes;;
k127_372362	1411	No terminal repeats	NA	1	11	0.8726	NA	1	1.7183	Viruses;Riboviria;Orthornavirae;Lenarviricota;Amabiliviricetes;Wolframvirales;Narnaviridae
k127_472080	871	No terminal repeats	NA	1	11	0.8725	NA	1	1.7183	Viruses;Duplodnaviria;Heunggongvirae;Uroviricota;Caudoviricetes;;
k127_936716	487	No terminal repeats	NA	1	11	0.8713	NA	1	1.7183	Viruses;Duplodnaviria;Heunggongvirae;Uroviricota;Caudoviricetes;;
k127_522337	471	No terminal repeats	NA	1	11	0.8713	NA	1	1.7183	Viruses;Duplodnaviria;Heunggongvirae;Uroviricota;Caudoviricetes;;
k127_947306	680	No terminal repeats	NA	1	11	0.8713	NA	1	1.2306	Viruses;Duplodnaviria;Heunggongvirae;Uroviricota;Caudoviricetes;;
k127_927740	999	No terminal repeats	NA	2	11	0.8711	NA	1	1.5293	Viruses;Duplodnaviria;Heunggongvirae;Uroviricota;Caudoviricetes;;
k127_813387	331	No terminal repeats	NA	1	11	0.8710	NA	1	1.7183	Viruses;Duplodnaviria;Heunggongvirae;Uroviricota;Caudoviricetes;;
k127_764290	842	No terminal repeats	NA	1	11	0.8706	NA	1	1.7183	Viruses;Duplodnaviria;Heunggongvirae;Uroviricota;Caudoviricetes;;
k127_651026	366	No terminal repeats	NA	1	11	0.8704	NA	1	1.7183	Viruses;Duplodnaviria;Heunggongvirae;Uroviricota;Caudoviricetes;;
k127_499543	468	No terminal repeats	NA	2	11	0.8696	NA	1	1.7183	Viruses;Duplodnaviria;Heunggongvirae;Uroviricota;Caudoviricetes;;
k127_400620	734	No terminal repeats	NA	1	11	0.8693	NA	1	1.7183	Viruses;Duplodnaviria;Heunggongvirae;Uroviricota;Caudoviricetes;;
k127_773706	395	No terminal repeats	NA	1	11	0.8684	NA	1	1.5032	Viruses;Duplodnaviria;Heunggongvirae;Uroviricota;Caudoviricetes;;
k127_1006957	901	No terminal repeats	NA	1	11	0.8667	NA	1	1.7158	Viruses;Duplodnaviria;Heunggongvirae;Uroviricota;Caudoviricetes;;
k127_905937	472	No terminal repeats	NA	1	11	0.8662	NA	1	1.7183	Viruses;Duplodnaviria;Heunggongvirae;Uroviricota;Caudoviricetes;;
k127_903207	571	No terminal repeats	NA	1	11	0.8655	NA	1	1.7183	Viruses;Duplodnaviria;Heunggongvirae;Uroviricota;Caudoviricetes;;
k127_890792	1005	No terminal repeats	NA	1	11	0.8654	NA	1	1.7183	Viruses;Duplodnaviria;Heunggongvirae;Uroviricota;Caudoviricetes;;Kyanoviridae
k127_256070	482	No terminal repeats	NA	2	11	0.8633	NA	1	1.7183	Viruses;Duplodnaviria;Heunggongvirae;Uroviricota;Caudoviricetes;;
k127_593628	470	No terminal repeats	NA	1	11	0.8627	NA	1	1.1904	Viruses;Duplodnaviria;Heunggongvirae;Uroviricota;Caudoviricetes;;
k127_229206	320	No terminal repeats	NA	1	11	0.8627	NA	1	1.2934	Viruses;Duplodnaviria;Heunggongvirae;Uroviricota;Caudoviricetes;;
k127_62924	606	No terminal repeats	NA	1	11	0.8602	NA	1	1.7183	Viruses;Duplodnaviria;Heunggongvirae;Uroviricota;Caudoviricetes;;
k127_901680	1152	No terminal repeats	NA	1	11	0.8588	NA	1	1.7183	Viruses;Duplodnaviria;Heunggongvirae;Uroviricota;Caudoviricetes;;
k127_834718	687	No terminal repeats	NA	1	11	0.8587	NA	1	1.7183	Viruses;Duplodnaviria;Heunggongvirae;Uroviricota;Caudoviricetes;;
k127_650676	495	No terminal repeats	NA	1	11	0.8581	NA	1	1.7183	Viruses;Duplodnaviria;Heunggongvirae;Uroviricota;Caudoviricetes;;
k127_958327	551	No terminal repeats	NA	1	11	0.8556	NA	1	1.7183	Viruses;Duplodnaviria;Heunggongvirae;Uroviricota;Caudoviricetes;;
k127_610405	620	No terminal repeats	NA	1	11	0.8554	NA	1	1.2934	Viruses;Duplodnaviria;Heunggongvirae;Uroviricota;Caudoviricetes;;
k127_909588	381	No terminal repeats	NA	1	11	0.8546	NA	1	1.7164	Viruses;Duplodnaviria;Heunggongvirae;Uroviricota;Caudoviricetes;;
k127_970567	801	No terminal repeats	NA	2	11	0.8536	NA	1	1.7183	Viruses;Duplodnaviria;Heunggongvirae;Uroviricota;Caudoviricetes;;
k127_814910	496	No terminal repeats	NA	1	11	0.8534	NA	1	1.3712	Viruses;Duplodnaviria;Heunggongvirae;Uroviricota;Caudoviricetes;;
k127_903422	1222	No terminal repeats	NA	2	11	0.8533	NA	1	1.7165	Viruses;Duplodnaviria;Heunggongvirae;Uroviricota;Caudoviricetes;;
k127_29040	523	No terminal repeats	NA	1	11	0.8517	NA	1	1.2306	Viruses;Duplodnaviria;Heunggongvirae;Uroviricota;Caudoviricetes;;
k127_858300	509	No terminal repeats	NA	1	11	0.8517	NA	1	1.7183	Viruses;Duplodnaviria;Heunggongvirae;Uroviricota;Caudoviricetes;;
k127_614923	467	No terminal repeats	NA	1	11	0.8500	NA	1	1.7183	Viruses;Duplodnaviria;Heunggongvirae;Uroviricota;Caudoviricetes;;
k127_975773	377	No terminal repeats	NA	2	11	0.8475	NA	1	1.0851	Viruses;Duplodnaviria;Heunggongvirae;Uroviricota;Caudoviricetes;;
k127_909384	469	No terminal repeats	NA	1	11	0.8465	NA	1	1.7183	Viruses;Duplodnaviria;Heunggongvirae;Uroviricota;Caudoviricetes;;
k127_337422	699	No terminal repeats	NA	1	11	0.8455	NA	1	1.7183	Viruses;Duplodnaviria;Heunggongvirae;Uroviricota;Caudoviricetes;;
k127_199511	302	No terminal repeats	NA	1	11	0.8453	NA	1	1.3074	Viruses;Duplodnaviria;Heunggongvirae;Uroviricota;Caudoviricetes;;
k127_573544	423	No terminal repeats	NA	1	11	0.8450	NA	1	1.0597	Unclassified
k127_592355	382	No terminal repeats	NA	1	11	0.8448	NA	1	1.5052	Viruses;Duplodnaviria;Heunggongvirae;Uroviricota;Caudoviricetes;;
k127_292160	473	No terminal repeats	NA	1	11	0.8447	NA	1	1.7183	Viruses;Duplodnaviria;Heunggongvirae;Uroviricota;Caudoviricetes;;
k127_132522	1048	No terminal repeats	NA	2	11	0.8430	NA	1	1.7183	Viruses;Duplodnaviria;Heunggongvirae;Uroviricota;Caudoviricetes;;
k127_1005899	767	No terminal repeats	NA	1	11	0.8416	NA	1	1.7183	Viruses;Duplodnaviria;Heunggongvirae;Uroviricota;Caudoviricetes;;
k127_484762	478	No terminal repeats	NA	1	11	0.8413	NA	1	1.7183	Viruses;Duplodnaviria;Heunggongvirae;Uroviricota;Caudoviricetes;;
k127_775653	347	No terminal repeats	NA	1	11	0.8405	NA	1	1.7183	Viruses;Duplodnaviria;Heunggongvirae;Uroviricota;Caudoviricetes;;
k127_172110	575	No terminal repeats	NA	1	11	0.8396	NA	1	1.7183	Viruses;Duplodnaviria;Heunggongvirae;Uroviricota;Caudoviricetes;;
k127_534534	452	No terminal repeats	NA	1	11	0.8393	NA	1	1.7183	Viruses;Duplodnaviria;Heunggongvirae;Uroviricota;Caudoviricetes;;
k127_244691	687	No terminal repeats	NA	1	11	0.8365	NA	1	1.7183	Viruses;Duplodnaviria;Heunggongvirae;Uroviricota;Caudoviricetes;;
k127_119511	348	No terminal repeats	NA	2	11	0.8355	NA	1	1.3996	Viruses;Duplodnaviria;Heunggongvirae;Uroviricota;Caudoviricetes;;
k127_289420	949	No terminal repeats	NA	1	11	0.8341	NA	1	1.2306	Viruses;Duplodnaviria;Heunggongvirae;Uroviricota;Caudoviricetes;;
k127_162147	698	No terminal repeats	NA	1	11	0.8337	NA	1	1.7183	Viruses;Duplodnaviria;Heunggongvirae;Uroviricota;Caudoviricetes;;
k127_299330	1039	No terminal repeats	NA	1	11	0.8332	NA	1	1.7183	Viruses;Duplodnaviria;Heunggongvirae;Uroviricota;Caudoviricetes;;
k127_232699	812	No terminal repeats	NA	1	11	0.8330	NA	1	1.7183	Viruses;Duplodnaviria;Heunggongvirae;Uroviricota;Caudoviricetes;;
k127_481557	563	No terminal repeats	NA	1	11	0.8324	NA	1	1.7183	Viruses;Duplodnaviria;Heunggongvirae;Uroviricota;Caudoviricetes;;
k127_889294	1189	No terminal repeats	NA	2	11	0.8320	NA	1	1.7183	Viruses;Duplodnaviria;Heunggongvirae;Uroviricota;Caudoviricetes;;
k127_319946	347	No terminal repeats	NA	1	4	0.8317	NA	1	1.7164	Viruses;Duplodnaviria;Heunggongvirae;Uroviricota;Caudoviricetes;;
k127_480444	690	No terminal repeats	NA	1	11	0.8303	NA	1	1.7183	Viruses;Duplodnaviria;Heunggongvirae;Uroviricota;Caudoviricetes;;
k127_908201	498	No terminal repeats	NA	1	11	0.8301	NA	1	1.7183	Viruses;Duplodnaviria;Heunggongvirae;Uroviricota;Caudoviricetes;;
k127_46293	860	No terminal repeats	NA	1	11	0.8300	NA	1	1.7183	Viruses;Duplodnaviria;Heunggongvirae;Uroviricota;Caudoviricetes;;
k127_712066	541	No terminal repeats	NA	2	11	0.8298	NA	1	1.7183	Viruses;Duplodnaviria;Heunggongvirae;Uroviricota;Caudoviricetes;;
k127_790784	601	No terminal repeats	NA	1	11	0.8293	NA	1	1.7183	Viruses;Duplodnaviria;Heunggongvirae;Uroviricota;Caudoviricetes;;
k127_241635	644	No terminal repeats	NA	1	11	0.8267	NA	1	1.7183	Viruses;Duplodnaviria;Heunggongvirae;Uroviricota;Caudoviricetes;;
k127_692407	590	No terminal repeats	NA	1	11	0.8266	NA	1	1.2306	Viruses;Duplodnaviria;Heunggongvirae;Uroviricota;Caudoviricetes;;
k127_563701	398	No terminal repeats	NA	1	11	0.8244	NA	1	1.7183	Viruses;Duplodnaviria;Heunggongvirae;Uroviricota;Caudoviricetes;;
k127_896472	870	No terminal repeats	NA	2	11	0.8237	NA	1	1.3450	Viruses;Duplodnaviria;Heunggongvirae;Uroviricota;Caudoviricetes;;
k127_266009	534	No terminal repeats	NA	1	11	0.8225	NA	1	1.7183	Viruses;Duplodnaviria;Heunggongvirae;Uroviricota;Caudoviricetes;;
k127_215936	562	No terminal repeats	NA	1	11	0.8218	NA	1	1.0597	Unclassified
k127_358178	362	No terminal repeats	NA	1	11	0.8207	NA	1	1.2609	Viruses;Duplodnaviria;Heunggongvirae;Uroviricota;Caudoviricetes;;
k127_490538	899	No terminal repeats	NA	2	11	0.8199	NA	1	1.7183	Viruses;Duplodnaviria;Heunggongvirae;Uroviricota;Caudoviricetes;;
k127_280224	590	No terminal repeats	NA	1	11	0.8195	NA	1	1.7183	Viruses;Duplodnaviria;Heunggongvirae;Uroviricota;Caudoviricetes;;
k127_634734	951	No terminal repeats	NA	2	11	0.8183	NA	1	1.7165	Viruses;Duplodnaviria;Heunggongvirae;Uroviricota;Caudoviricetes;;
k127_573126	676	No terminal repeats	NA	1	11	0.8163	NA	1	1.7183	Viruses;Duplodnaviria;Heunggongvirae;Uroviricota;Caudoviricetes;;
k127_237718	914	No terminal repeats	NA	2	11	0.8148	NA	1	1.7183	Viruses;Duplodnaviria;Heunggongvirae;Uroviricota;Caudoviricetes;;
k127_307795	703	No terminal repeats	NA	1	11	0.8142	NA	1	1.7183	Viruses;Duplodnaviria;Heunggongvirae;Uroviricota;Caudoviricetes;;
k127_819089	681	No terminal repeats	NA	1	11	0.8136	NA	1	1.7183	Viruses;Duplodnaviria;Heunggongvirae;Uroviricota;Caudoviricetes;;
k127_586239	368	No terminal repeats	NA	1	11	0.8118	NA	1	1.2683	Viruses;Duplodnaviria;Heunggongvirae;Uroviricota;Caudoviricetes;;
k127_890216	576	No terminal repeats	NA	1	11	0.8111	NA	1	1.7183	Viruses;Duplodnaviria;Heunggongvirae;Uroviricota;Caudoviricetes;;
k127_907271	587	No terminal repeats	NA	1	11	0.8098	NA	1	1.7183	Viruses;Duplodnaviria;Heunggongvirae;Uroviricota;Caudoviricetes;;
k127_587730	348	No terminal repeats	NA	1	11	0.8079	NA	1	1.2997	Viruses;Duplodnaviria;Heunggongvirae;Uroviricota;Caudoviricetes;;
k127_768304	740	No terminal repeats	NA	1	11	0.8079	NA	1	1.7183	Viruses;Duplodnaviria;Heunggongvirae;Uroviricota;Caudoviricetes;;
k127_1002465	894	No terminal repeats	NA	1	11	0.8078	NA	1	1.1240	Viruses;Duplodnaviria;Heunggongvirae;Uroviricota;Caudoviricetes;;
k127_932818	519	No terminal repeats	NA	1	11	0.8066	NA	1	1.7183	Viruses;Duplodnaviria;Heunggongvirae;Uroviricota;Caudoviricetes;;
k127_528382	395	No terminal repeats	NA	2	11	0.8057	NA	1	1.7183	Viruses;Duplodnaviria;Heunggongvirae;Uroviricota;Caudoviricetes;;
k127_230608	2277	No terminal repeats	NA	1	11	0.8034	NA	1	1.7183	Viruses;Duplodnaviria;Heunggongvirae;Peploviricota;Herviviricetes;Herpesvirales;Herpesviridae
k127_776014	462	No terminal repeats	NA	2	11	0.8026	NA	1	1.0851	Viruses;Duplodnaviria;Heunggongvirae;Uroviricota;Caudoviricetes;;
k127_55793	450	No terminal repeats	NA	1	11	0.8014	NA	1	1.7159	Viruses;Duplodnaviria;Heunggongvirae;Uroviricota;Caudoviricetes;;
k127_903860	867	No terminal repeats	NA	2	11	0.7998	NA	1	2.7075	Viruses;Duplodnaviria;Heunggongvirae;Uroviricota;Caudoviricetes;;
k127_380987	503	No terminal repeats	NA	1	11	0.7995	NA	1	1.3307	Viruses;Duplodnaviria;Heunggongvirae;Uroviricota;Caudoviricetes;;
k127_120604	337	No terminal repeats	NA	1	11	0.7986	NA	1	1.3663	Viruses;Duplodnaviria;Heunggongvirae;Uroviricota;Caudoviricetes;;
k127_149364	909	No terminal repeats	NA	1	11	0.7977	NA	1	1.7183	Viruses;Duplodnaviria;Heunggongvirae;Uroviricota;Caudoviricetes;;
k127_869181	359	No terminal repeats	NA	2	11	0.7975	NA	1	1.4645	Unclassified
k127_321705	338	No terminal repeats	NA	1	11	0.7971	NA	1	1.1406	Viruses;Duplodnaviria;Heunggongvirae;Uroviricota;Caudoviricetes;;
k127_546551	1373	No terminal repeats	NA	1	11	0.7956	NA	1	1.4067	Viruses;Duplodnaviria;Heunggongvirae;Uroviricota;Caudoviricetes;;
k127_505116	610	No terminal repeats	NA	1	11	0.7947	NA	1	1.7183	Viruses;Duplodnaviria;Heunggongvirae;Uroviricota;Caudoviricetes;;
k127_160760	885	No terminal repeats	NA	1	11	0.7942	NA	1	1.3307	Viruses;Duplodnaviria;Heunggongvirae;Uroviricota;Caudoviricetes;;
k127_42369	765	No terminal repeats	NA	2	11	0.7930	NA	1	1.7183	Viruses;Duplodnaviria;Heunggongvirae;Uroviricota;Caudoviricetes;;
k127_862839	441	No terminal repeats	NA	1	11	0.7918	NA	1	1.7183	Viruses;Duplodnaviria;Heunggongvirae;Uroviricota;Caudoviricetes;;
k127_470200	401	No terminal repeats	NA	1	11	0.7916	NA	1	1.3242	Viruses;Duplodnaviria;Heunggongvirae;Uroviricota;Caudoviricetes;;
k127_634716	502	No terminal repeats	NA	1	11	0.7905	NA	1	1.7020	Viruses;Duplodnaviria;Heunggongvirae;Uroviricota;Caudoviricetes;;
k127_955198	648	No terminal repeats	NA	1	11	0.7904	NA	1	1.1904	Viruses;Duplodnaviria;Heunggongvirae;Uroviricota;Caudoviricetes;;
k127_803821	354	No terminal repeats	NA	1	11	0.7895	NA	1	1.2995	Viruses;Duplodnaviria;Heunggongvirae;Uroviricota;Caudoviricetes;;Ackermannviridae
k127_540240	778	No terminal repeats	NA	1	11	0.7887	NA	1	1.7183	Viruses;Duplodnaviria;Heunggongvirae;Uroviricota;Caudoviricetes;;
k127_988880	456	No terminal repeats	NA	1	11	0.7876	NA	1	1.5299	Viruses;Duplodnaviria;Heunggongvirae;Uroviricota;Caudoviricetes;;
k127_341536	971	No terminal repeats	NA	2	11	0.7869	NA	1	1.7160	Viruses;Duplodnaviria;Heunggongvirae;Uroviricota;Caudoviricetes;;
k127_329164	650	No terminal repeats	NA	2	11	0.7863	NA	2	3.0173	Viruses;Duplodnaviria;Heunggongvirae;Uroviricota;Caudoviricetes;;
k127_728470	703	No terminal repeats	NA	2	11	0.7854	NA	1	1.7183	Viruses;Duplodnaviria;Heunggongvirae;Uroviricota;Caudoviricetes;;
k127_556997	1098	No terminal repeats	NA	1	11	0.7821	NA	1	1.7183	Viruses;Riboviria;Orthornavirae;Pisuviricota;Pisoniviricetes;Picornavirales;Secoviridae
k127_751336	311	No terminal repeats	NA	1	11	0.7817	NA	1	1.4903	Viruses;Duplodnaviria;Heunggongvirae;Uroviricota;Caudoviricetes;;
k127_82666	743	No terminal repeats	NA	2	11	0.7816	NA	1	1.7183	Viruses;Duplodnaviria;Heunggongvirae;Uroviricota;Caudoviricetes;;
k127_174521	587	No terminal repeats	NA	1	11	0.7804	NA	1	1.7183	Viruses;Duplodnaviria;Heunggongvirae;Uroviricota;Caudoviricetes;;
k127_137449	307	No terminal repeats	NA	1	11	0.7802	NA	1	1.2708	Viruses;Duplodnaviria;Heunggongvirae;Uroviricota;Caudoviricetes;;
k127_94873	374	No terminal repeats	NA	2	11	0.7775	NA	1	1.5876	Viruses;Duplodnaviria;Heunggongvirae;Uroviricota;Caudoviricetes;;
k127_196012	302	No terminal repeats	NA	1	11	0.7769	NA	1	1.2934	Viruses;Duplodnaviria;Heunggongvirae;Uroviricota;Caudoviricetes;;
k127_176177	667	No terminal repeats	NA	1	11	0.7751	NA	1	1.7183	Viruses;Duplodnaviria;Heunggongvirae;Uroviricota;Caudoviricetes;;
k127_874152	459	No terminal repeats	NA	1	11	0.7714	NA	1	1.3307	Viruses;Duplodnaviria;Heunggongvirae;Uroviricota;Caudoviricetes;;
k127_711079	561	No terminal repeats	NA	1	11	0.7714	NA	1	1.7183	Viruses;Duplodnaviria;Heunggongvirae;Uroviricota;Caudoviricetes;;
k127_394253	795	No terminal repeats	NA	2	11	0.7710	NA	1	1.0918	Viruses;Duplodnaviria;Heunggongvirae;Uroviricota;Caudoviricetes;;
k127_520247	585	No terminal repeats	NA	2	11	0.7688	NA	1	1.7183	Viruses;Duplodnaviria;Heunggongvirae;Uroviricota;Caudoviricetes;;
k127_297494	1442	No terminal repeats	NA	1	11	0.7681	NA	1	1.5299	Viruses;Duplodnaviria;Heunggongvirae;Uroviricota;Caudoviricetes;;
k127_258366	440	No terminal repeats	NA	2	11	0.7674	NA	1	1.7183	Viruses;Duplodnaviria;Heunggongvirae;Uroviricota;Caudoviricetes;;
k127_97019	1267	No terminal repeats	NA	1	11	0.7674	NA	1	1.7183	Viruses;Duplodnaviria;Heunggongvirae;Uroviricota;Caudoviricetes;;
k127_121015	387	No terminal repeats	NA	1	11	0.7656	NA	1	1.3358	Viruses;Duplodnaviria;Heunggongvirae;Uroviricota;Caudoviricetes;;
k127_995841	379	No terminal repeats	NA	1	11	0.7646	NA	1	1.4506	Viruses;Duplodnaviria;Heunggongvirae;Uroviricota;Caudoviricetes;;
k127_39932	341	No terminal repeats	NA	1	11	0.7643	NA	1	1.3523	Viruses;Duplodnaviria;Heunggongvirae;Uroviricota;Caudoviricetes;;
k127_605399	446	No terminal repeats	NA	2	11	0.7609	NA	1	1.0851	Viruses;Duplodnaviria;Heunggongvirae;Uroviricota;Caudoviricetes;;
k127_321681	844	No terminal repeats	NA	1	11	0.7600	NA	1	1.0383	Viruses;Duplodnaviria;Heunggongvirae;Uroviricota;Caudoviricetes;;
k127_12915	772	No terminal repeats	NA	1	11	0.7599	NA	1	1.7183	Viruses;Duplodnaviria;Heunggongvirae;Uroviricota;Caudoviricetes;;
k127_334206	925	No terminal repeats	NA	1	11	0.7575	NA	1	1.7183	Unclassified
k127_366190	703	No terminal repeats	NA	1	11	0.7563	NA	1	0.9079	Viruses;Duplodnaviria;Heunggongvirae;Uroviricota;Caudoviricetes;;
k127_132981	912	No terminal repeats	NA	1	11	0.7540	NA	1	1.3550	Viruses;Duplodnaviria;Heunggongvirae;Uroviricota;Caudoviricetes;;
k127_11940	602	No terminal repeats	NA	2	11	0.7535	NA	1	1.7183	Viruses;Duplodnaviria;Heunggongvirae;Uroviricota;Caudoviricetes;;
k127_454288	324	No terminal repeats	NA	1	11	0.7535	NA	1	1.1678	Viruses;Duplodnaviria;Heunggongvirae;Uroviricota;Caudoviricetes;;
k127_792952	382	No terminal repeats	NA	2	11	0.7532	NA	1	1.7183	Viruses;Duplodnaviria;Heunggongvirae;Uroviricota;Caudoviricetes;;
k127_464403	451	No terminal repeats	NA	1	11	0.7532	NA	1	1.2465	Viruses;Duplodnaviria;Heunggongvirae;Uroviricota;Caudoviricetes;;
k127_443947	4311	No terminal repeats	NA	5	11	0.7528	NA	0	1.6902	Viruses;Duplodnaviria;Heunggongvirae;Uroviricota;Caudoviricetes;;
k127_138944	505	No terminal repeats	NA	1	11	0.7515	NA	1	1.2995	Viruses;Duplodnaviria;Heunggongvirae;Uroviricota;Caudoviricetes;;Ackermannviridae
k127_679173	408	No terminal repeats	NA	1	11	0.7502	NA	1	1.4050	Viruses;Duplodnaviria;Heunggongvirae;Uroviricota;Caudoviricetes;;
k127_105729	535	No terminal repeats	NA	1	11	0.7500	NA	1	1.1904	Viruses;Duplodnaviria;Heunggongvirae;Uroviricota;Caudoviricetes;;
k127_92904	343	No terminal repeats	NA	1	11	0.7497	NA	1	1.2609	Viruses;Duplodnaviria;Heunggongvirae;Uroviricota;Caudoviricetes;;
k127_720732	401	No terminal repeats	NA	1	11	0.7490	NA	1	1.5470	Viruses;Duplodnaviria;Heunggongvirae;Uroviricota;Caudoviricetes;;
k127_907824	755	No terminal repeats	NA	1	11	0.7490	NA	1	1.7183	Viruses;Duplodnaviria;Heunggongvirae;Uroviricota;Caudoviricetes;;
k127_697056	320	No terminal repeats	NA	1	11	0.7482	NA	1	1.6763	Viruses;Duplodnaviria;Heunggongvirae;Uroviricota;Caudoviricetes;;
k127_545416	958	No terminal repeats	NA	1	11	0.7479	NA	1	1.7183	Viruses;Duplodnaviria;Heunggongvirae;Uroviricota;Caudoviricetes;;
k127_537762	495	No terminal repeats	NA	1	11	0.7466	NA	1	1.2306	Viruses;Duplodnaviria;Heunggongvirae;Uroviricota;Caudoviricetes;;
k127_660359	309	No terminal repeats	NA	1	11	0.7463	NA	1	1.5594	Viruses;Duplodnaviria;Heunggongvirae;Uroviricota;Caudoviricetes;;
k127_249039	383	No terminal repeats	NA	1	11	0.7460	NA	1	1.1178	Viruses;Duplodnaviria;Heunggongvirae;Uroviricota;Caudoviricetes;;
k127_723887	378	No terminal repeats	NA	1	11	0.7455	NA	1	1.2425	Viruses;Duplodnaviria;Heunggongvirae;Uroviricota;Caudoviricetes;;
k127_967826	502	No terminal repeats	NA	2	11	0.7452	NA	1	1.2708	Viruses;Duplodnaviria;Heunggongvirae;Uroviricota;Caudoviricetes;;
k127_785714	420	No terminal repeats	NA	1	11	0.7424	NA	1	1.5379	Viruses;Duplodnaviria;Heunggongvirae;Uroviricota;Caudoviricetes;;
k127_752297	1006	No terminal repeats	NA	1	11	0.7382	NA	1	1.7183	Viruses;Duplodnaviria;Heunggongvirae;Uroviricota;Caudoviricetes;;
k127_612665	882	No terminal repeats	NA	1	11	0.7381	NA	1	1.3307	Viruses;Duplodnaviria;Heunggongvirae;Uroviricota;Caudoviricetes;;
k127_835378	2540	No terminal repeats	NA	3	11	0.7375	NA	0	1.7124	Unclassified
k127_187520	306	No terminal repeats	NA	1	11	0.7365	NA	1	1.7020	Viruses;Duplodnaviria;Heunggongvirae;Uroviricota;Caudoviricetes;;
k127_640484	565	No terminal repeats	NA	2	11	0.7365	NA	1	1.6407	Viruses;Duplodnaviria;Heunggongvirae;Uroviricota;Caudoviricetes;;
k127_71520	426	No terminal repeats	NA	1	11	0.7340	NA	1	1.7183	Viruses;Duplodnaviria;Heunggongvirae;Uroviricota;Caudoviricetes;;
k127_691371	784	No terminal repeats	NA	1	11	0.7289	NA	1	1.1904	Viruses;Duplodnaviria;Heunggongvirae;Uroviricota;Caudoviricetes;;
k127_361542	766	No terminal repeats	NA	1	11	0.7272	NA	1	1.7183	Viruses;Duplodnaviria;Heunggongvirae;Uroviricota;Caudoviricetes;;
k127_948736	717	No terminal repeats	NA	1	11	0.7267	NA	1	1.2436	Viruses;Duplodnaviria;Heunggongvirae;Uroviricota;Caudoviricetes;;Autographiviridae
k127_844879	1766	No terminal repeats	NA	2	11	0.7262	NA	1	1.7183	Viruses;Duplodnaviria;Heunggongvirae;Uroviricota;Caudoviricetes;;
k127_596926	2019	No terminal repeats	NA	1	11	0.7255	NA	1	1.7183	Viruses;Riboviria;Orthornavirae;Pisuviricota;Duplopiviricetes;Durnavirales;Partitiviridae
k127_969289	754	No terminal repeats	NA	3	11	0.7243	NA	1	1.0851	Viruses;Duplodnaviria;Heunggongvirae;Uroviricota;Caudoviricetes;;
k127_901325	872	No terminal repeats	NA	1	11	0.7223	NA	1	1.7183	Viruses;Duplodnaviria;Heunggongvirae;Uroviricota;Caudoviricetes;;
k127_455294	962	No terminal repeats	NA	2	11	0.7222	NA	1	1.7183	Viruses;Duplodnaviria;Heunggongvirae;Uroviricota;Caudoviricetes;;
k127_368175	480	No terminal repeats	NA	2	11	0.7218	NA	1	1.7183	Viruses;Duplodnaviria;Heunggongvirae;Uroviricota;Caudoviricetes;;
k127_142445	435	No terminal repeats	NA	1	11	0.7216	NA	1	1.7020	Viruses;Duplodnaviria;Heunggongvirae;Uroviricota;Caudoviricetes;;
k127_516869	332	No terminal repeats	NA	1	11	0.7197	NA	1	1.1876	Viruses;Duplodnaviria;Heunggongvirae;Uroviricota;Caudoviricetes;;
k127_264433	389	No terminal repeats	NA	1	11	0.7195	NA	1	1.2436	Viruses;Duplodnaviria;Heunggongvirae;Uroviricota;Caudoviricetes;;Autographiviridae
k127_656054	525	No terminal repeats	NA	1	11	0.7178	NA	1	1.2944	Viruses;Duplodnaviria;Heunggongvirae;Uroviricota;Caudoviricetes;;
k127_647471	1008	No terminal repeats	NA	2	11	0.7172	NA	1	1.3842	Viruses;Duplodnaviria;Heunggongvirae;Uroviricota;Caudoviricetes;;
k127_747540	411	No terminal repeats	NA	1	11	0.7156	NA	1	1.7159	Viruses;Duplodnaviria;Heunggongvirae;Uroviricota;Caudoviricetes;;
k127_356341	914	No terminal repeats	NA	1	11	0.7140	NA	1	1.7183	Viruses;Duplodnaviria;Heunggongvirae;Uroviricota;Caudoviricetes;;
k127_921275	1238	No terminal repeats	NA	2	11	0.7137	NA	1	1.7183	Viruses;Duplodnaviria;Heunggongvirae;Uroviricota;Caudoviricetes;;
k127_311619	349	No terminal repeats	NA	1	11	0.7104	NA	1	1.6721	Unclassified
k127_954384	489	No terminal repeats	NA	1	11	0.7084	NA	1	1.7183	Viruses;Duplodnaviria;Heunggongvirae;Uroviricota;Caudoviricetes;;
k127_138981	431	No terminal repeats	NA	1	11	0.7083	NA	1	1.7020	Viruses;Duplodnaviria;Heunggongvirae;Uroviricota;Caudoviricetes;;
k127_800392	870	No terminal repeats	NA	1	11	0.7083	NA	1	1.7183	Viruses;Duplodnaviria;Heunggongvirae;Uroviricota;Caudoviricetes;;
k127_823505	2445	No terminal repeats	NA	2	11	0.7070	NA	1	1.7183	Viruses;Duplodnaviria;Heunggongvirae;Uroviricota;Caudoviricetes;;
k127_729799	994	No terminal repeats	NA	1	11	0.7038	NA	1	1.7183	Viruses;Duplodnaviria;Heunggongvirae;Uroviricota;Caudoviricetes;;
k127_414412	438	No terminal repeats	NA	1	11	0.7030	NA	1	1.2332	Viruses;Duplodnaviria;Heunggongvirae;Uroviricota;Caudoviricetes;;
k127_401664	328	No terminal repeats	NA	1	11	0.7013	NA	1	1.6284	Viruses;Duplodnaviria;Heunggongvirae;Uroviricota;Caudoviricetes;;
k127_888163	320	No terminal repeats	NA	1	11	0.7001	NA	1	1.6640	Viruses;Duplodnaviria;Heunggongvirae;Uroviricota;Caudoviricetes;;
