seq_name	length	topology	coordinates	n_genes	genetic_code	virus_score	fdr	n_hallmarks	marker_enrichment	taxonomy
k127_627101	12595	No terminal repeats	NA	13	11	0.9775	NA	0	11.2796	Viruses;Duplodnaviria;Heunggongvirae;Uroviricota;Caudoviricetes;;
k127_394730	3074	No terminal repeats	NA	3	11	0.9743	NA	0	3.2166	Viruses;Duplodnaviria;Heunggongvirae;Uroviricota;Caudoviricetes;;
k127_461206	870	No terminal repeats	NA	2	11	0.9742	NA	2	3.4310	Viruses;Duplodnaviria;Heunggongvirae;Uroviricota;Caudoviricetes;;
k127_47446	3318	No terminal repeats	NA	4	11	0.9741	NA	0	3.1677	Viruses;Duplodnaviria;Heunggongvirae;Uroviricota;Caudoviricetes;;
k127_536589	10300	No terminal repeats	NA	20	11	0.9718	NA	1	13.9832	Viruses;Duplodnaviria;Heunggongvirae;Uroviricota;Caudoviricetes;;
k127_277430	1334	No terminal repeats	NA	2	11	0.9706	NA	1	3.4366	Viruses;Duplodnaviria;Heunggongvirae;Uroviricota;Caudoviricetes;;
k127_566553	16757	No terminal repeats	NA	20	11	0.9700	NA	6	13.0030	Viruses;Duplodnaviria;Heunggongvirae;Uroviricota;Caudoviricetes;;
k127_277167	6920	No terminal repeats	NA	8	11	0.9698	NA	2	4.0569	Viruses;Duplodnaviria;Heunggongvirae;Uroviricota;Caudoviricetes;;
k127_576453	843	No terminal repeats	NA	2	11	0.9680	NA	1	3.0158	Viruses;Duplodnaviria;Heunggongvirae;Uroviricota;Caudoviricetes;;
k127_283956	377	No terminal repeats	NA	1	11	0.9678	NA	1	1.7183	Viruses;Duplodnaviria;Heunggongvirae;Uroviricota;Caudoviricetes;;
k127_349725	355	No terminal repeats	NA	1	11	0.9676	NA	1	1.7183	Viruses;Duplodnaviria;Heunggongvirae;Uroviricota;Caudoviricetes;;
k127_303363	512	No terminal repeats	NA	1	11	0.9676	NA	1	1.7183	Viruses;Duplodnaviria;Heunggongvirae;Uroviricota;Caudoviricetes;;
k127_279315	331	No terminal repeats	NA	1	11	0.9670	NA	1	1.7183	Viruses;Duplodnaviria;Heunggongvirae;Uroviricota;Caudoviricetes;;
k127_654351	305	No terminal repeats	NA	1	11	0.9666	NA	1	1.7183	Viruses;Duplodnaviria;Heunggongvirae;Uroviricota;Caudoviricetes;;
k127_47196	484	No terminal repeats	NA	1	15	0.9661	NA	1	1.7183	Viruses;Duplodnaviria;Heunggongvirae;Uroviricota;Caudoviricetes;;
k127_604240	10698	No terminal repeats	NA	14	11	0.9656	NA	0	5.9889	Viruses;Duplodnaviria;Heunggongvirae;Uroviricota;Caudoviricetes;;
k127_446	394	No terminal repeats	NA	1	11	0.9648	NA	1	1.7183	Viruses;Duplodnaviria;Heunggongvirae;Uroviricota;Caudoviricetes;;
k127_512118	651	No terminal repeats	NA	2	11	0.9646	NA	1	3.0590	Viruses;Duplodnaviria;Heunggongvirae;Uroviricota;Caudoviricetes;;
k127_176606	301	No terminal repeats	NA	1	11	0.9639	NA	1	1.7183	Viruses;Duplodnaviria;Heunggongvirae;Uroviricota;Caudoviricetes;;
k127_99443	5355	No terminal repeats	NA	10	11	0.9639	NA	3	9.2567	Viruses;Duplodnaviria;Heunggongvirae;Uroviricota;Caudoviricetes;;
k127_353088	535	No terminal repeats	NA	1	11	0.9625	NA	1	1.7183	Unclassified
k127_175785	335	No terminal repeats	NA	1	11	0.9620	NA	1	1.7183	Viruses;Duplodnaviria;Heunggongvirae;Uroviricota;Caudoviricetes;;
k127_303554	307	No terminal repeats	NA	1	11	0.9619	NA	1	1.7183	Viruses;Duplodnaviria;Heunggongvirae;Uroviricota;Caudoviricetes;;
k127_292219	379	No terminal repeats	NA	2	11	0.9615	NA	1	3.3456	Viruses;Duplodnaviria;Heunggongvirae;Uroviricota;Caudoviricetes;;
k127_445493	384	No terminal repeats	NA	1	11	0.9608	NA	1	1.7183	Viruses;Duplodnaviria;Heunggongvirae;Uroviricota;Caudoviricetes;;
k127_207323	781	No terminal repeats	NA	1	11	0.9599	NA	1	1.7183	Viruses;Duplodnaviria;Heunggongvirae;Uroviricota;Caudoviricetes;;
k127_139904	339	No terminal repeats	NA	1	11	0.9598	NA	1	1.7183	Viruses;Duplodnaviria;Heunggongvirae;Uroviricota;Caudoviricetes;;
k127_491313	10324	No terminal repeats	NA	8	11	0.9595	NA	3	9.9846	Viruses;Duplodnaviria;Heunggongvirae;Uroviricota;Caudoviricetes;;
k127_516676	335	No terminal repeats	NA	1	11	0.9592	NA	1	1.7183	Viruses;Duplodnaviria;Heunggongvirae;Uroviricota;Caudoviricetes;;Zobellviridae
k127_531162	358	No terminal repeats	NA	1	11	0.9590	NA	1	1.7183	Viruses;Duplodnaviria;Heunggongvirae;Uroviricota;Caudoviricetes;;
k127_213866	359	No terminal repeats	NA	1	11	0.9585	NA	1	1.7183	Viruses;Duplodnaviria;Heunggongvirae;Uroviricota;Caudoviricetes;;
k127_477619	379	No terminal repeats	NA	1	11	0.9581	NA	1	1.7183	Viruses;Duplodnaviria;Heunggongvirae;Uroviricota;Caudoviricetes;;
k127_91658	317	No terminal repeats	NA	1	11	0.9577	NA	1	1.7183	Viruses;Varidnaviria;Bamfordvirae;Preplasmiviricota;Maveriviricetes;Priklausovirales;Lavidaviridae
k127_202236	1714	No terminal repeats	NA	5	11	0.9574	NA	1	1.7183	Viruses;Duplodnaviria;Heunggongvirae;Uroviricota;Caudoviricetes;;
k127_602885	315	No terminal repeats	NA	1	11	0.9569	NA	1	1.7183	Unclassified
k127_404874	4754	No terminal repeats	NA	7	11	0.9569	NA	1	5.1012	Viruses;Duplodnaviria;Heunggongvirae;Uroviricota;Caudoviricetes;;
k127_589527	6278	No terminal repeats	NA	10	11	0.9564	NA	0	1.6841	Viruses;Duplodnaviria;Heunggongvirae;Uroviricota;Caudoviricetes;;
k127_606918	350	No terminal repeats	NA	1	11	0.9563	NA	1	1.4595	Viruses;Duplodnaviria;Heunggongvirae;Uroviricota;Caudoviricetes;;
k127_502279	3323	No terminal repeats	NA	1	11	0.9561	NA	0	1.7183	Viruses;Duplodnaviria;Heunggongvirae;Uroviricota;Caudoviricetes;;
k127_103599	1637	No terminal repeats	NA	1	11	0.9556	NA	1	1.7183	Viruses;Riboviria;Orthornavirae;Pisuviricota;Stelpaviricetes;Patatavirales;Potyviridae
k127_506836	729	No terminal repeats	NA	1	11	0.9555	NA	1	1.7183	Viruses;Varidnaviria;Bamfordvirae;Nucleocytoviricota;Megaviricetes;Pimascovirales;Iridoviridae
k127_557577	322	No terminal repeats	NA	1	11	0.9552	NA	1	1.7183	Viruses;Duplodnaviria;Heunggongvirae;Uroviricota;Caudoviricetes;;
k127_586993	693	No terminal repeats	NA	1	11	0.9548	NA	1	1.7183	Viruses;Duplodnaviria;Heunggongvirae;Uroviricota;Caudoviricetes;;
k127_335921	6809	No terminal repeats	NA	11	11	0.9530	NA	0	3.2622	Viruses;Duplodnaviria;Heunggongvirae;Uroviricota;Caudoviricetes;;
k127_542643	339	No terminal repeats	NA	1	11	0.9530	NA	1	1.7183	Viruses;Duplodnaviria;Heunggongvirae;Uroviricota;Caudoviricetes;;
k127_594909	363	No terminal repeats	NA	2	11	0.9528	NA	1	1.7183	Viruses;Duplodnaviria;Heunggongvirae;Uroviricota;Caudoviricetes;;
k127_91904	412	No terminal repeats	NA	1	11	0.9524	NA	1	1.7183	Viruses;Duplodnaviria;Heunggongvirae;Uroviricota;Caudoviricetes;;
k127_234572	887	No terminal repeats	NA	1	11	0.9514	NA	1	1.7183	Viruses;Duplodnaviria;Heunggongvirae;Uroviricota;Caudoviricetes;;
k127_557664	380	No terminal repeats	NA	1	11	0.9509	NA	1	1.7183	Viruses;Duplodnaviria;Heunggongvirae;Uroviricota;Caudoviricetes;;
k127_379833	1415	No terminal repeats	NA	3	11	0.9504	NA	1	3.0345	Viruses;Duplodnaviria;Heunggongvirae;Uroviricota;Caudoviricetes;;
k127_376651	1463	No terminal repeats	NA	2	11	0.9502	NA	2	3.1229	Viruses;Duplodnaviria;Heunggongvirae;Uroviricota;Caudoviricetes;;
k127_410227	4649	No terminal repeats	NA	5	11	0.9501	NA	2	2.9579	Viruses;Duplodnaviria;Heunggongvirae;Uroviricota;Caudoviricetes;;
k127_123100	325	No terminal repeats	NA	2	11	0.9495	NA	1	1.4974	Viruses;Duplodnaviria;Heunggongvirae;Uroviricota;Caudoviricetes;;
k127_542738	557	No terminal repeats	NA	1	11	0.9489	NA	1	1.7183	Viruses;Duplodnaviria;Heunggongvirae;Uroviricota;Caudoviricetes;;
k127_26130	678	No terminal repeats	NA	1	11	0.9489	NA	1	1.7183	Viruses;Duplodnaviria;Heunggongvirae;Uroviricota;Caudoviricetes;;
k127_183165	671	No terminal repeats	NA	2	11	0.9484	NA	1	1.7183	Viruses;Duplodnaviria;Heunggongvirae;Uroviricota;Caudoviricetes;;
k127_640699	445	No terminal repeats	NA	1	11	0.9482	NA	1	1.7183	Viruses;Duplodnaviria;Heunggongvirae;Uroviricota;Caudoviricetes;;
k127_531409	1374	No terminal repeats	NA	2	11	0.9482	NA	1	1.7183	Viruses;Duplodnaviria;Heunggongvirae;Uroviricota;Caudoviricetes;;
k127_349547	342	No terminal repeats	NA	1	11	0.9479	NA	1	1.7183	Viruses;Duplodnaviria;Heunggongvirae;Uroviricota;Caudoviricetes;;
k127_268602	590	No terminal repeats	NA	2	11	0.9472	NA	1	1.7183	Viruses;Duplodnaviria;Heunggongvirae;Uroviricota;Caudoviricetes;;
k127_63286	349	No terminal repeats	NA	1	11	0.9472	NA	1	1.4595	Viruses;Duplodnaviria;Heunggongvirae;Uroviricota;Caudoviricetes;;
k127_461534	429	No terminal repeats	NA	1	11	0.9470	NA	1	1.7183	Viruses;Duplodnaviria;Heunggongvirae;Uroviricota;Caudoviricetes;;
k127_310273	411	No terminal repeats	NA	2	11	0.9468	NA	1	1.7183	Viruses;Duplodnaviria;Heunggongvirae;Uroviricota;Caudoviricetes;;
k127_672225	5126	DTR	NA	7	11	0.9467	NA	0	1.4249	Unclassified
k127_83743	368	No terminal repeats	NA	1	11	0.9465	NA	1	1.7183	Viruses;Duplodnaviria;Heunggongvirae;Uroviricota;Caudoviricetes;;
k127_419404	458	No terminal repeats	NA	1	11	0.9461	NA	1	1.7183	Viruses;Duplodnaviria;Heunggongvirae;Uroviricota;Caudoviricetes;;
k127_150814	345	No terminal repeats	NA	1	11	0.9461	NA	1	1.7183	Unclassified
k127_318964	951	No terminal repeats	NA	2	11	0.9456	NA	2	2.7698	Viruses;Duplodnaviria;Heunggongvirae;Uroviricota;Caudoviricetes;;
k127_100150	1738	No terminal repeats	NA	1	11	0.9452	NA	1	1.7183	Viruses;Riboviria;Orthornavirae;Lenarviricota;Amabiliviricetes;Wolframvirales;Narnaviridae
k127_338780	361	No terminal repeats	NA	1	11	0.9450	NA	1	1.7183	Viruses;Duplodnaviria;Heunggongvirae;Uroviricota;Caudoviricetes;;
k127_342373	357	No terminal repeats	NA	1	11	0.9448	NA	1	1.7183	Viruses;Duplodnaviria;Heunggongvirae;Uroviricota;Caudoviricetes;;
k127_193735	367	No terminal repeats	NA	1	11	0.9445	NA	1	1.7183	Viruses;Duplodnaviria;Heunggongvirae;Uroviricota;Caudoviricetes;;
k127_476954	468	No terminal repeats	NA	1	11	0.9444	NA	1	1.2133	Viruses;Duplodnaviria;Heunggongvirae;Uroviricota;Caudoviricetes;;
k127_98409	424	No terminal repeats	NA	1	11	0.9442	NA	1	1.7183	Viruses;Duplodnaviria;Heunggongvirae;Uroviricota;Caudoviricetes;;
k127_203283	703	No terminal repeats	NA	1	11	0.9441	NA	1	1.7183	Viruses;Duplodnaviria;Heunggongvirae;Uroviricota;Caudoviricetes;;
k127_614032	518	No terminal repeats	NA	1	11	0.9440	NA	1	1.7183	Viruses;Duplodnaviria;Heunggongvirae;Uroviricota;Caudoviricetes;;
k127_658126	804	No terminal repeats	NA	1	11	0.9437	NA	1	1.4394	Viruses;Duplodnaviria;Heunggongvirae;Uroviricota;Caudoviricetes;;
k127_514989	454	No terminal repeats	NA	1	11	0.9428	NA	1	1.7183	Viruses;Duplodnaviria;Heunggongvirae;Uroviricota;Caudoviricetes;;
k127_437564	1781	No terminal repeats	NA	4	11	0.9419	NA	1	2.9596	Viruses;Duplodnaviria;Heunggongvirae;Uroviricota;Caudoviricetes;;
k127_167803	305	No terminal repeats	NA	1	11	0.9414	NA	1	1.7183	Viruses;Duplodnaviria;Heunggongvirae;Uroviricota;Caudoviricetes;;
k127_162072	311	No terminal repeats	NA	2	11	0.9408	NA	1	1.5109	Viruses;Duplodnaviria;Heunggongvirae;Uroviricota;Caudoviricetes;;
k127_51573	14610	No terminal repeats	NA	21	11	0.9405	NA	4	7.4853	Viruses;Duplodnaviria;Heunggongvirae;Uroviricota;Caudoviricetes;;
k127_24886	465	No terminal repeats	NA	1	11	0.9400	NA	1	1.7183	Viruses;Duplodnaviria;Heunggongvirae;Uroviricota;Caudoviricetes;;
k127_390379	323	No terminal repeats	NA	1	11	0.9395	NA	1	1.7183	Viruses;Duplodnaviria;Heunggongvirae;Uroviricota;Caudoviricetes;;
k127_161089	350	No terminal repeats	NA	1	11	0.9391	NA	1	1.6066	Viruses;Duplodnaviria;Heunggongvirae;Uroviricota;Caudoviricetes;;
k127_629220	305	No terminal repeats	NA	1	11	0.9389	NA	1	1.7183	Viruses;Duplodnaviria;Heunggongvirae;Uroviricota;Caudoviricetes;;
k127_573153	322	No terminal repeats	NA	1	11	0.9387	NA	1	1.7183	Viruses;Duplodnaviria;Heunggongvirae;Uroviricota;Caudoviricetes;;
k127_269628	392	No terminal repeats	NA	1	11	0.9386	NA	1	1.7183	Viruses;Duplodnaviria;Heunggongvirae;Uroviricota;Caudoviricetes;;
k127_497425	929	No terminal repeats	NA	1	11	0.9384	NA	1	1.7183	Viruses;Duplodnaviria;Heunggongvirae;Uroviricota;Caudoviricetes;;
k127_182885	344	No terminal repeats	NA	1	11	0.9383	NA	1	1.7183	Viruses;Duplodnaviria;Heunggongvirae;Uroviricota;Caudoviricetes;;
k127_485255	414	No terminal repeats	NA	1	11	0.9374	NA	1	1.7183	Viruses;Duplodnaviria;Heunggongvirae;Uroviricota;Caudoviricetes;;
k127_412034	327	No terminal repeats	NA	1	11	0.9373	NA	1	1.7183	Viruses;Duplodnaviria;Heunggongvirae;Uroviricota;Caudoviricetes;;
k127_116378	5067	No terminal repeats	NA	7	11	0.9373	NA	0	1.6164	Unclassified
k127_437062	498	No terminal repeats	NA	2	11	0.9368	NA	1	1.7183	Viruses;Duplodnaviria;Heunggongvirae;Uroviricota;Caudoviricetes;;
k127_601001	322	No terminal repeats	NA	1	4	0.9367	NA	1	1.7183	Viruses;Duplodnaviria;Heunggongvirae;Uroviricota;Caudoviricetes;;
k127_211137	366	No terminal repeats	NA	1	11	0.9364	NA	1	1.7183	Viruses;Duplodnaviria;Heunggongvirae;Uroviricota;Caudoviricetes;;
k127_460077	508	No terminal repeats	NA	1	11	0.9356	NA	1	1.7183	Viruses;Duplodnaviria;Heunggongvirae;Uroviricota;Caudoviricetes;;
k127_595001	1288	No terminal repeats	NA	3	11	0.9352	NA	1	3.3456	Viruses;Duplodnaviria;Heunggongvirae;Uroviricota;Caudoviricetes;;Herelleviridae
k127_664966	382	No terminal repeats	NA	2	11	0.9351	NA	1	3.4366	Viruses;Duplodnaviria;Heunggongvirae;Uroviricota;Caudoviricetes;;
k127_327545	585	No terminal repeats	NA	1	11	0.9346	NA	1	1.5070	Viruses;Duplodnaviria;Heunggongvirae;Uroviricota;Caudoviricetes;;
k127_621840	389	No terminal repeats	NA	2	11	0.9337	NA	1	1.7183	Viruses;Varidnaviria;Bamfordvirae;Preplasmiviricota;Maveriviricetes;Priklausovirales;Lavidaviridae
k127_385089	341	No terminal repeats	NA	1	11	0.9337	NA	1	1.2870	Viruses;Duplodnaviria;Heunggongvirae;Uroviricota;Caudoviricetes;;
k127_19246	376	No terminal repeats	NA	1	11	0.9335	NA	1	1.7183	Viruses;Duplodnaviria;Heunggongvirae;Uroviricota;Caudoviricetes;;Herelleviridae
k127_638174	336	No terminal repeats	NA	1	11	0.9335	NA	1	1.7183	Viruses;Duplodnaviria;Heunggongvirae;Uroviricota;Caudoviricetes;;
k127_431077	392	No terminal repeats	NA	1	11	0.9325	NA	1	1.7183	Viruses;Duplodnaviria;Heunggongvirae;Uroviricota;Caudoviricetes;;
k127_527418	421	No terminal repeats	NA	1	11	0.9322	NA	1	1.7183	Viruses;Duplodnaviria;Heunggongvirae;Uroviricota;Caudoviricetes;;
k127_558957	419	No terminal repeats	NA	1	11	0.9319	NA	1	1.7183	Viruses;Duplodnaviria;Heunggongvirae;Uroviricota;Caudoviricetes;;
k127_226392	301	No terminal repeats	NA	1	11	0.9318	NA	1	1.7183	Viruses;Duplodnaviria;Heunggongvirae;Uroviricota;Caudoviricetes;;
k127_636687	408	No terminal repeats	NA	1	11	0.9308	NA	1	1.4079	Viruses;Duplodnaviria;Heunggongvirae;Uroviricota;Caudoviricetes;;
k127_498269	384	No terminal repeats	NA	1	11	0.9303	NA	1	1.7183	Viruses;Duplodnaviria;Heunggongvirae;Uroviricota;Caudoviricetes;;
k127_235760	536	No terminal repeats	NA	1	11	0.9302	NA	1	1.7183	Viruses;Duplodnaviria;Heunggongvirae;Uroviricota;Caudoviricetes;;
k127_651121	1288	No terminal repeats	NA	2	11	0.9292	NA	1	2.9886	Viruses;Duplodnaviria;Heunggongvirae;Uroviricota;Caudoviricetes;;
k127_254592	485	No terminal repeats	NA	1	11	0.9286	NA	1	1.4464	Viruses;Duplodnaviria;Heunggongvirae;Uroviricota;Caudoviricetes;;
k127_60142	464	No terminal repeats	NA	1	11	0.9286	NA	1	1.7183	Viruses;Duplodnaviria;Heunggongvirae;Uroviricota;Caudoviricetes;;
k127_602767	346	No terminal repeats	NA	2	11	0.9281	NA	1	1.7183	Unclassified
k127_145802	335	No terminal repeats	NA	1	11	0.9277	NA	1	1.4698	Viruses;Duplodnaviria;Heunggongvirae;Uroviricota;Caudoviricetes;;
k127_546212	659	No terminal repeats	NA	1	11	0.9275	NA	1	1.7183	Viruses;Duplodnaviria;Heunggongvirae;Uroviricota;Caudoviricetes;;
k127_127225	341	No terminal repeats	NA	1	11	0.9265	NA	1	1.7183	Viruses;Duplodnaviria;Heunggongvirae;Uroviricota;Caudoviricetes;;
k127_210609	2976	No terminal repeats	NA	2	11	0.9261	NA	0	1.9997	Viruses;Duplodnaviria;Heunggongvirae;Uroviricota;Caudoviricetes;;
k127_176680	314	No terminal repeats	NA	2	11	0.9249	NA	1	1.7183	Viruses;Duplodnaviria;Heunggongvirae;Uroviricota;Caudoviricetes;;
k127_403071	474	No terminal repeats	NA	1	11	0.9247	NA	1	1.7183	Viruses;Duplodnaviria;Heunggongvirae;Uroviricota;Caudoviricetes;;
k127_195929	476	No terminal repeats	NA	1	11	0.9244	NA	1	1.7183	Viruses;Duplodnaviria;Heunggongvirae;Uroviricota;Caudoviricetes;;
k127_322948	340	No terminal repeats	NA	1	11	0.9236	NA	1	1.7183	Unclassified
k127_310930	410	No terminal repeats	NA	1	11	0.9235	NA	1	1.7183	Viruses;Duplodnaviria;Heunggongvirae;Uroviricota;Caudoviricetes;;
k127_329871	336	No terminal repeats	NA	1	11	0.9226	NA	1	1.4698	Viruses;Duplodnaviria;Heunggongvirae;Uroviricota;Caudoviricetes;;
k127_526987	556	No terminal repeats	NA	1	11	0.9211	NA	1	1.6244	Viruses;Duplodnaviria;Heunggongvirae;Uroviricota;Caudoviricetes;;
k127_245643	319	No terminal repeats	NA	1	11	0.9206	NA	1	1.7183	Viruses;Duplodnaviria;Heunggongvirae;Uroviricota;Caudoviricetes;;
k127_39661	459	No terminal repeats	NA	1	11	0.9205	NA	1	1.7183	Viruses;Duplodnaviria;Heunggongvirae;Uroviricota;Caudoviricetes;;
k127_313669	5200	No terminal repeats	NA	8	11	0.9193	NA	1	3.6185	Viruses;Duplodnaviria;Heunggongvirae;Uroviricota;Caudoviricetes;;
k127_77756	4932	No terminal repeats	NA	2	11	0.9187	NA	0	1.4924	Viruses;Duplodnaviria;Heunggongvirae;Uroviricota;Caudoviricetes;;
k127_648569	415	No terminal repeats	NA	1	11	0.9186	NA	1	1.7183	Viruses;Duplodnaviria;Heunggongvirae;Uroviricota;Caudoviricetes;;
k127_586942	349	No terminal repeats	NA	1	11	0.9182	NA	1	1.7183	Viruses;Duplodnaviria;Heunggongvirae;Uroviricota;Caudoviricetes;;
k127_578967	349	No terminal repeats	NA	1	11	0.9181	NA	1	1.7183	Viruses;Duplodnaviria;Heunggongvirae;Uroviricota;Caudoviricetes;;
k127_86376	479	No terminal repeats	NA	1	11	0.9176	NA	1	1.6066	Viruses;Duplodnaviria;Heunggongvirae;Uroviricota;Caudoviricetes;;
k127_536436	337	No terminal repeats	NA	1	11	0.9174	NA	1	1.2277	Viruses;Duplodnaviria;Heunggongvirae;Uroviricota;Caudoviricetes;;
k127_556466	370	No terminal repeats	NA	1	11	0.9173	NA	1	1.7183	Viruses;Duplodnaviria;Heunggongvirae;Uroviricota;Caudoviricetes;;
k127_652418	613	No terminal repeats	NA	1	11	0.9165	NA	1	1.1720	Viruses;Duplodnaviria;Heunggongvirae;Uroviricota;Caudoviricetes;;
k127_672220	49831	DTR	NA	54	11	0.9163	NA	2	30.8568	Viruses;Duplodnaviria;Heunggongvirae;Uroviricota;Caudoviricetes;;
k127_305123	502	No terminal repeats	NA	1	11	0.9157	NA	1	1.3467	Viruses;Duplodnaviria;Heunggongvirae;Uroviricota;Caudoviricetes;;
k127_194313	536	No terminal repeats	NA	1	11	0.9153	NA	1	1.4060	Viruses;Duplodnaviria;Heunggongvirae;Uroviricota;Caudoviricetes;;
k127_69185	322	No terminal repeats	NA	1	11	0.9148	NA	1	1.7183	Unclassified
k127_136044	400	No terminal repeats	NA	1	11	0.9145	NA	1	1.7183	Viruses;Duplodnaviria;Heunggongvirae;Uroviricota;Caudoviricetes;;
k127_509976	326	No terminal repeats	NA	1	11	0.9142	NA	1	1.4215	Viruses;Duplodnaviria;Heunggongvirae;Uroviricota;Caudoviricetes;;
k127_578729	426	No terminal repeats	NA	1	11	0.9136	NA	1	1.7183	Viruses;Duplodnaviria;Heunggongvirae;Uroviricota;Caudoviricetes;;
k127_35976	590	No terminal repeats	NA	1	11	0.9134	NA	1	1.4127	Viruses;Duplodnaviria;Heunggongvirae;Uroviricota;Caudoviricetes;;
k127_146897	347	No terminal repeats	NA	1	11	0.9130	NA	1	1.7183	Viruses;Duplodnaviria;Heunggongvirae;Uroviricota;Caudoviricetes;;
k127_525356	530	No terminal repeats	NA	2	11	0.9130	NA	1	1.7183	Viruses;Duplodnaviria;Heunggongvirae;Uroviricota;Caudoviricetes;;
k127_84741	2085	No terminal repeats	NA	3	11	0.9123	NA	1	3.0324	Viruses;Duplodnaviria;Heunggongvirae;Uroviricota;Caudoviricetes;;
k127_354181	316	No terminal repeats	NA	1	11	0.9122	NA	1	1.3050	Viruses;Duplodnaviria;Heunggongvirae;Uroviricota;Caudoviricetes;;
k127_404380	341	No terminal repeats	NA	1	11	0.9121	NA	1	1.5026	Viruses;Duplodnaviria;Heunggongvirae;Uroviricota;Caudoviricetes;;
k127_44069	316	No terminal repeats	NA	1	11	0.9121	NA	1	1.7183	Viruses;Duplodnaviria;Heunggongvirae;Uroviricota;Caudoviricetes;;
k127_672232	931	DTR	NA	4	11	0.9113	NA	2	3.2261	Viruses;Duplodnaviria;Heunggongvirae;Uroviricota;Caudoviricetes;;
k127_576276	386	No terminal repeats	NA	1	11	0.9105	NA	1	1.2064	Viruses;Duplodnaviria;Heunggongvirae;Uroviricota;Caudoviricetes;;
k127_594744	2431	No terminal repeats	NA	2	11	0.9105	NA	1	2.4830	Viruses;Duplodnaviria;Heunggongvirae;Uroviricota;Caudoviricetes;;
k127_326728	412	No terminal repeats	NA	1	11	0.9100	NA	1	1.2808	Viruses;Duplodnaviria;Heunggongvirae;Uroviricota;Caudoviricetes;;
k127_343625	61053	No terminal repeats	NA	107	11	0.9092	NA	2	7.2857	Viruses;Duplodnaviria;Heunggongvirae;Uroviricota;Caudoviricetes;;
k127_563460	394	No terminal repeats	NA	1	11	0.9092	NA	1	1.7183	Viruses;Duplodnaviria;Heunggongvirae;Uroviricota;Caudoviricetes;;
k127_503816	339	No terminal repeats	NA	1	11	0.9082	NA	1	1.2975	Viruses;Duplodnaviria;Heunggongvirae;Uroviricota;Caudoviricetes;;
k127_18095	421	No terminal repeats	NA	1	11	0.9080	NA	1	1.7183	Viruses;Riboviria;Orthornavirae;Kitrinoviricota;Flasuviricetes;Amarillovirales;Flaviviridae
k127_603538	379	No terminal repeats	NA	1	11	0.9080	NA	1	1.0446	Viruses;Duplodnaviria;Heunggongvirae;Uroviricota;Caudoviricetes;;
k127_104564	429	No terminal repeats	NA	1	11	0.9076	NA	1	1.4595	Viruses;Duplodnaviria;Heunggongvirae;Uroviricota;Caudoviricetes;;
k127_199587	311	No terminal repeats	NA	2	11	0.9069	NA	1	1.2167	Viruses;Duplodnaviria;Heunggongvirae;Uroviricota;Caudoviricetes;;
k127_454468	316	No terminal repeats	NA	1	11	0.9067	NA	1	1.7183	Viruses;Duplodnaviria;Heunggongvirae;Uroviricota;Caudoviricetes;;
k127_335092	356	No terminal repeats	NA	2	11	0.9066	NA	1	1.1215	Viruses;Duplodnaviria;Heunggongvirae;Uroviricota;Caudoviricetes;;
k127_583676	2136	No terminal repeats	NA	3	11	0.9058	NA	1	2.7668	Viruses;Duplodnaviria;Heunggongvirae;Uroviricota;Caudoviricetes;;
k127_333522	495	No terminal repeats	NA	1	11	0.9056	NA	1	1.7183	Viruses;Duplodnaviria;Heunggongvirae;Uroviricota;Caudoviricetes;;
k127_492218	573	No terminal repeats	NA	1	11	0.9055	NA	1	1.7183	Viruses;Duplodnaviria;Heunggongvirae;Uroviricota;Caudoviricetes;;
k127_142751	361	No terminal repeats	NA	1	11	0.9053	NA	1	1.4211	Viruses;Duplodnaviria;Heunggongvirae;Uroviricota;Caudoviricetes;;
k127_126648	434	No terminal repeats	NA	1	11	0.9048	NA	1	1.1904	Viruses;Duplodnaviria;Heunggongvirae;Uroviricota;Caudoviricetes;;
k127_668452	420	No terminal repeats	NA	1	11	0.9047	NA	1	1.7183	Viruses;Duplodnaviria;Heunggongvirae;Uroviricota;Caudoviricetes;;
k127_611579	716	No terminal repeats	NA	1	11	0.9044	NA	1	1.7183	Viruses;Duplodnaviria;Heunggongvirae;Uroviricota;Caudoviricetes;;
k127_458823	317	No terminal repeats	NA	1	11	0.9037	NA	1	1.4698	Viruses;Duplodnaviria;Heunggongvirae;Uroviricota;Caudoviricetes;;
k127_68437	377	No terminal repeats	NA	1	11	0.9030	NA	1	1.3060	Viruses;Duplodnaviria;Heunggongvirae;Uroviricota;Caudoviricetes;;
k127_647795	386	No terminal repeats	NA	1	11	0.9028	NA	1	1.7183	Viruses;Duplodnaviria;Heunggongvirae;Uroviricota;Caudoviricetes;;
k127_644900	423	No terminal repeats	NA	1	11	0.9026	NA	1	1.7183	Viruses;Duplodnaviria;Heunggongvirae;Uroviricota;Caudoviricetes;;
k127_486799	2867	No terminal repeats	NA	5	11	0.9020	NA	0	3.0611	Viruses;Duplodnaviria;Heunggongvirae;Uroviricota;Caudoviricetes;;
k127_20874	310	No terminal repeats	NA	1	11	0.9019	NA	1	1.4979	Viruses;Duplodnaviria;Heunggongvirae;Uroviricota;Caudoviricetes;;
k127_226327	16979	No terminal repeats	NA	23	11	0.9014	NA	1	4.3641	Viruses;Duplodnaviria;Heunggongvirae;Uroviricota;Caudoviricetes;;
k127_631085	308	No terminal repeats	NA	1	11	0.9011	NA	1	1.7183	Viruses;Duplodnaviria;Heunggongvirae;Uroviricota;Caudoviricetes;;
k127_216455	522	No terminal repeats	NA	1	11	0.9011	NA	1	1.7183	Viruses;Duplodnaviria;Heunggongvirae;Uroviricota;Caudoviricetes;;
k127_349891	392	No terminal repeats	NA	1	11	0.9008	NA	1	1.7183	Viruses;Duplodnaviria;Heunggongvirae;Uroviricota;Caudoviricetes;;
k127_77652	342	No terminal repeats	NA	1	11	0.9007	NA	1	1.3916	Viruses;Duplodnaviria;Heunggongvirae;Uroviricota;Caudoviricetes;;
k127_339414	3138	No terminal repeats	NA	3	11	0.9002	NA	1	1.3318	Unclassified
k127_244589	5853	No terminal repeats	NA	14	11	0.8996	NA	0	1.7183	Viruses;Duplodnaviria;Heunggongvirae;Uroviricota;Caudoviricetes;;
k127_586518	427	No terminal repeats	NA	1	11	0.8994	NA	1	1.7183	Viruses;Duplodnaviria;Heunggongvirae;Uroviricota;Caudoviricetes;;
k127_33726	2718	No terminal repeats	NA	4	11	0.8993	NA	0	1.4220	Unclassified
k127_333549	7952	No terminal repeats	NA	12	11	0.8990	NA	0	2.8573	Unclassified
k127_411010	431	No terminal repeats	NA	1	11	0.8988	NA	1	1.7183	Viruses;Duplodnaviria;Heunggongvirae;Uroviricota;Caudoviricetes;;
k127_289602	318	No terminal repeats	NA	2	11	0.8982	NA	1	1.4880	Viruses;Duplodnaviria;Heunggongvirae;Uroviricota;Caudoviricetes;;
k127_8147	404	No terminal repeats	NA	1	11	0.8980	NA	1	1.7183	Viruses;Duplodnaviria;Heunggongvirae;Uroviricota;Caudoviricetes;;
k127_4844	348	No terminal repeats	NA	1	11	0.8980	NA	1	1.2309	Viruses;Duplodnaviria;Heunggongvirae;Uroviricota;Caudoviricetes;;
k127_511035	463	No terminal repeats	NA	1	11	0.8977	NA	1	1.7183	Viruses;Duplodnaviria;Heunggongvirae;Uroviricota;Caudoviricetes;;
k127_599982	680	No terminal repeats	NA	2	11	0.8963	NA	1	1.7163	Viruses;Duplodnaviria;Heunggongvirae;Uroviricota;Caudoviricetes;;
k127_565762	325	No terminal repeats	NA	1	11	0.8961	NA	1	1.4660	Viruses;Duplodnaviria;Heunggongvirae;Uroviricota;Caudoviricetes;;
k127_97426	417	No terminal repeats	NA	1	11	0.8954	NA	1	1.7183	Viruses;Duplodnaviria;Heunggongvirae;Uroviricota;Caudoviricetes;;
k127_375988	567	No terminal repeats	NA	1	11	0.8949	NA	1	1.4880	Viruses;Duplodnaviria;Heunggongvirae;Uroviricota;Caudoviricetes;;
k127_480593	358	No terminal repeats	NA	1	11	0.8948	NA	1	1.7183	Viruses;Duplodnaviria;Heunggongvirae;Uroviricota;Caudoviricetes;;
k127_27597	519	No terminal repeats	NA	2	11	0.8946	NA	1	1.7183	Viruses;Duplodnaviria;Heunggongvirae;Uroviricota;Caudoviricetes;;
k127_2157	537	No terminal repeats	NA	2	11	0.8944	NA	2	2.6667	Viruses;Duplodnaviria;Heunggongvirae;Uroviricota;Caudoviricetes;;
k127_247457	453	No terminal repeats	NA	1	11	0.8943	NA	1	1.7183	Viruses;Duplodnaviria;Heunggongvirae;Uroviricota;Caudoviricetes;;
k127_185069	313	No terminal repeats	NA	1	11	0.8939	NA	1	1.7183	Viruses;Duplodnaviria;Heunggongvirae;Uroviricota;Caudoviricetes;;
k127_85975	723	No terminal repeats	NA	1	11	0.8938	NA	1	1.3168	Viruses;Duplodnaviria;Heunggongvirae;Uroviricota;Caudoviricetes;;
k127_271084	341	No terminal repeats	NA	1	11	0.8920	NA	1	1.2632	Viruses;Duplodnaviria;Heunggongvirae;Uroviricota;Caudoviricetes;;
k127_493494	9240	No terminal repeats	NA	19	11	0.8916	NA	0	6.6945	Viruses;Duplodnaviria;Heunggongvirae;Uroviricota;Caudoviricetes;;
k127_134473	549	No terminal repeats	NA	1	11	0.8916	NA	1	1.7183	Viruses;Duplodnaviria;Heunggongvirae;Uroviricota;Caudoviricetes;;
k127_427367	396	No terminal repeats	NA	1	11	0.8912	NA	1	1.4041	Viruses;Duplodnaviria;Heunggongvirae;Uroviricota;Caudoviricetes;;
k127_163147	340	No terminal repeats	NA	1	11	0.8907	NA	1	1.7183	Viruses;Duplodnaviria;Heunggongvirae;Uroviricota;Caudoviricetes;;
k127_128005	478	No terminal repeats	NA	2	11	0.8906	NA	1	1.7183	Viruses;Duplodnaviria;Heunggongvirae;Uroviricota;Caudoviricetes;;
k127_471996	358	No terminal repeats	NA	2	11	0.8904	NA	1	1.7183	Viruses;Duplodnaviria;Heunggongvirae;Uroviricota;Caudoviricetes;;
k127_585427	453	No terminal repeats	NA	1	11	0.8900	NA	1	1.7183	Viruses;Duplodnaviria;Heunggongvirae;Uroviricota;Caudoviricetes;;
k127_358902	392	No terminal repeats	NA	2	11	0.8898	NA	1	1.3533	Viruses;Duplodnaviria;Heunggongvirae;Uroviricota;Caudoviricetes;;
k127_25544	599	No terminal repeats	NA	1	11	0.8896	NA	1	1.7183	Viruses;Duplodnaviria;Heunggongvirae;Uroviricota;Caudoviricetes;;
k127_649686	628	No terminal repeats	NA	1	11	0.8894	NA	1	1.7183	Viruses;Riboviria;Orthornavirae;Pisuviricota;Duplopiviricetes;Durnavirales;Partitiviridae
k127_544357	735	No terminal repeats	NA	1	11	0.8892	NA	1	1.7183	Viruses;Duplodnaviria;Heunggongvirae;Uroviricota;Caudoviricetes;;
k127_246546	462	No terminal repeats	NA	1	11	0.8890	NA	1	1.2306	Viruses;Duplodnaviria;Heunggongvirae;Uroviricota;Caudoviricetes;;
k127_383782	3034	No terminal repeats	NA	6	11	0.8885	NA	0	4.8950	Viruses;Duplodnaviria;Heunggongvirae;Uroviricota;Caudoviricetes;;
k127_522575	420	No terminal repeats	NA	2	11	0.8881	NA	1	1.7183	Unclassified
k127_35999	308	No terminal repeats	NA	1	11	0.8880	NA	1	1.3483	Unclassified
k127_305955	483	No terminal repeats	NA	1	11	0.8874	NA	1	1.3558	Viruses;Duplodnaviria;Heunggongvirae;Uroviricota;Caudoviricetes;;
k127_200013	325	No terminal repeats	NA	1	11	0.8871	NA	1	1.1810	Unclassified
k127_631410	5752	No terminal repeats	NA	8	11	0.8869	NA	0	1.7591	Viruses;Duplodnaviria;Heunggongvirae;Uroviricota;Caudoviricetes;;
k127_652038	313	No terminal repeats	NA	1	11	0.8860	NA	1	1.4660	Viruses;Duplodnaviria;Heunggongvirae;Uroviricota;Caudoviricetes;;
k127_256197	631	No terminal repeats	NA	1	11	0.8838	NA	1	1.7183	Viruses;Duplodnaviria;Heunggongvirae;Uroviricota;Caudoviricetes;;
k127_645452	539	No terminal repeats	NA	1	11	0.8835	NA	1	1.7183	Viruses;Duplodnaviria;Heunggongvirae;Uroviricota;Caudoviricetes;;
k127_397987	332	No terminal repeats	NA	1	11	0.8830	NA	1	1.4211	Viruses;Duplodnaviria;Heunggongvirae;Uroviricota;Caudoviricetes;;
k127_285324	415	No terminal repeats	NA	1	11	0.8824	NA	1	1.7183	Viruses;Duplodnaviria;Heunggongvirae;Uroviricota;Caudoviricetes;;
k127_356968	316	No terminal repeats	NA	1	11	0.8824	NA	1	1.7168	Viruses;Duplodnaviria;Heunggongvirae;Uroviricota;Caudoviricetes;;
k127_352445	334	No terminal repeats	NA	1	11	0.8821	NA	1	1.4519	Viruses;Duplodnaviria;Heunggongvirae;Uroviricota;Caudoviricetes;;
k127_153112	395	No terminal repeats	NA	1	11	0.8819	NA	1	1.3050	Viruses;Duplodnaviria;Heunggongvirae;Uroviricota;Caudoviricetes;;
k127_618383	302	No terminal repeats	NA	1	11	0.8811	NA	1	1.7175	Viruses;Duplodnaviria;Heunggongvirae;Uroviricota;Caudoviricetes;;
k127_10998	581	No terminal repeats	NA	1	11	0.8810	NA	1	1.7183	Viruses;Duplodnaviria;Heunggongvirae;Uroviricota;Caudoviricetes;;
k127_521499	886	No terminal repeats	NA	2	11	0.8806	NA	1	1.5164	Viruses;Duplodnaviria;Heunggongvirae;Uroviricota;Caudoviricetes;;
k127_173829	417	No terminal repeats	NA	1	11	0.8800	NA	1	1.5606	Viruses;Duplodnaviria;Heunggongvirae;Uroviricota;Caudoviricetes;;
k127_451695	507	No terminal repeats	NA	1	11	0.8783	NA	1	1.5305	Viruses;Duplodnaviria;Heunggongvirae;Uroviricota;Caudoviricetes;;
k127_295284	791	No terminal repeats	NA	3	11	0.8776	NA	1	3.3932	Viruses;Duplodnaviria;Heunggongvirae;Uroviricota;Caudoviricetes;;
k127_629057	573	No terminal repeats	NA	2	11	0.8776	NA	1	3.4366	Unclassified
k127_532238	422	No terminal repeats	NA	1	11	0.8775	NA	1	1.7183	Unclassified
k127_293703	401	No terminal repeats	NA	1	11	0.8767	NA	1	1.0320	Viruses;Duplodnaviria;Heunggongvirae;Uroviricota;Caudoviricetes;;
k127_459615	489	No terminal repeats	NA	2	11	0.8766	NA	1	1.3335	Viruses;Duplodnaviria;Heunggongvirae;Uroviricota;Caudoviricetes;;
k127_116085	1176	No terminal repeats	NA	1	11	0.8764	NA	1	1.2850	Unclassified
k127_157486	945	No terminal repeats	NA	2	11	0.8761	NA	1	2.5342	Viruses;Duplodnaviria;Heunggongvirae;Uroviricota;Caudoviricetes;;
k127_456836	407	No terminal repeats	NA	1	11	0.8754	NA	1	1.7183	Viruses;Duplodnaviria;Heunggongvirae;Uroviricota;Caudoviricetes;;
k127_189838	1847	No terminal repeats	NA	2	11	0.8747	NA	1	1.3774	Viruses;Duplodnaviria;Heunggongvirae;Uroviricota;Caudoviricetes;;
k127_182476	2523	No terminal repeats	NA	5	11	0.8742	NA	0	1.4417	Viruses;Duplodnaviria;Heunggongvirae;Uroviricota;Caudoviricetes;;
k127_373132	337	No terminal repeats	NA	1	11	0.8740	NA	1	1.7161	Viruses;Duplodnaviria;Heunggongvirae;Uroviricota;Caudoviricetes;;
k127_182840	444	No terminal repeats	NA	2	11	0.8740	NA	1	1.7183	Viruses;Duplodnaviria;Heunggongvirae;Uroviricota;Caudoviricetes;;
k127_150869	2068	No terminal repeats	NA	2	11	0.8730	NA	1	1.3663	Viruses;Duplodnaviria;Heunggongvirae;Uroviricota;Caudoviricetes;;
k127_373492	469	No terminal repeats	NA	1	11	0.8728	NA	1	0.9355	Viruses;Duplodnaviria;Heunggongvirae;Uroviricota;Caudoviricetes;;
k127_497267	361	No terminal repeats	NA	1	11	0.8727	NA	1	1.7183	Unclassified
k127_402293	815	No terminal repeats	NA	2	11	0.8722	NA	1	1.0446	Viruses;Duplodnaviria;Heunggongvirae;Uroviricota;Caudoviricetes;;
k127_178081	1143	No terminal repeats	NA	1	11	0.8722	NA	1	1.7183	Viruses;Duplodnaviria;Heunggongvirae;Uroviricota;Caudoviricetes;;
k127_592727	399	No terminal repeats	NA	2	11	0.8719	NA	1	1.7183	Viruses;Duplodnaviria;Heunggongvirae;Uroviricota;Caudoviricetes;;
k127_91591	311	No terminal repeats	NA	1	11	0.8717	NA	1	1.2277	Viruses;Duplodnaviria;Heunggongvirae;Uroviricota;Caudoviricetes;;
k127_656299	419	No terminal repeats	NA	1	11	0.8704	NA	1	1.7183	Viruses;Duplodnaviria;Heunggongvirae;Uroviricota;Caudoviricetes;;
k127_639941	455	No terminal repeats	NA	1	11	0.8702	NA	1	1.7183	Viruses;Duplodnaviria;Heunggongvirae;Uroviricota;Caudoviricetes;;
k127_322114	460	No terminal repeats	NA	1	11	0.8700	NA	1	1.7183	Viruses;Duplodnaviria;Heunggongvirae;Uroviricota;Caudoviricetes;;
k127_618463	318	No terminal repeats	NA	1	11	0.8699	NA	1	1.2277	Viruses;Duplodnaviria;Heunggongvirae;Uroviricota;Caudoviricetes;;
k127_246116	493	No terminal repeats	NA	2	11	0.8699	NA	1	1.7129	Viruses;Duplodnaviria;Heunggongvirae;Uroviricota;Caudoviricetes;;
k127_360868	954	No terminal repeats	NA	1	11	0.8696	NA	1	1.7183	Viruses;Duplodnaviria;Heunggongvirae;Uroviricota;Caudoviricetes;;
k127_418894	907	No terminal repeats	NA	2	11	0.8673	NA	1	1.1231	Viruses;Duplodnaviria;Heunggongvirae;Uroviricota;Caudoviricetes;;
k127_298288	744	No terminal repeats	NA	1	11	0.8672	NA	1	1.7183	Viruses;Duplodnaviria;Heunggongvirae;Uroviricota;Caudoviricetes;;
k127_218537	341	No terminal repeats	NA	1	11	0.8670	NA	1	1.3276	Viruses;Duplodnaviria;Heunggongvirae;Uroviricota;Caudoviricetes;;
k127_278681	1067	No terminal repeats	NA	2	11	0.8668	NA	1	1.2813	Viruses;Duplodnaviria;Heunggongvirae;Uroviricota;Caudoviricetes;;
k127_369341	610	No terminal repeats	NA	2	11	0.8665	NA	1	1.7183	Viruses;Duplodnaviria;Heunggongvirae;Uroviricota;Caudoviricetes;;
k127_485184	816	No terminal repeats	NA	1	11	0.8659	NA	1	1.2449	Viruses;Duplodnaviria;Heunggongvirae;Uroviricota;Caudoviricetes;;
k127_202905	403	No terminal repeats	NA	1	11	0.8654	NA	1	1.2332	Viruses;Duplodnaviria;Heunggongvirae;Uroviricota;Caudoviricetes;;
k127_355573	314	No terminal repeats	NA	1	11	0.8643	NA	1	1.7183	Viruses;Duplodnaviria;Heunggongvirae;Uroviricota;Caudoviricetes;;
k127_63648	482	No terminal repeats	NA	2	11	0.8643	NA	1	1.2814	Viruses;Duplodnaviria;Heunggongvirae;Uroviricota;Caudoviricetes;;
k127_555765	677	No terminal repeats	NA	1	11	0.8629	NA	1	1.2306	Viruses;Duplodnaviria;Heunggongvirae;Uroviricota;Caudoviricetes;;
k127_652968	580	No terminal repeats	NA	1	11	0.8628	NA	1	1.7140	Viruses;Duplodnaviria;Heunggongvirae;Uroviricota;Caudoviricetes;;
k127_447589	1053	No terminal repeats	NA	3	11	0.8622	NA	1	1.2849	Viruses;Duplodnaviria;Heunggongvirae;Uroviricota;Caudoviricetes;;
k127_581113	614	No terminal repeats	NA	1	11	0.8617	NA	1	1.7183	Viruses;Duplodnaviria;Heunggongvirae;Peploviricota;Herviviricetes;Herpesvirales;Herpesviridae
k127_665456	358	No terminal repeats	NA	1	11	0.8611	NA	1	1.2752	Viruses;Duplodnaviria;Heunggongvirae;Uroviricota;Caudoviricetes;;
k127_405917	369	No terminal repeats	NA	1	11	0.8605	NA	1	1.2301	Viruses;Duplodnaviria;Heunggongvirae;Uroviricota;Caudoviricetes;;
k127_498343	399	No terminal repeats	NA	1	11	0.8600	NA	1	1.7183	Viruses;Duplodnaviria;Heunggongvirae;Uroviricota;Caudoviricetes;;
k127_99169	361	No terminal repeats	NA	1	11	0.8595	NA	1	1.5032	Viruses;Duplodnaviria;Heunggongvirae;Uroviricota;Caudoviricetes;;
k127_271933	349	No terminal repeats	NA	1	11	0.8588	NA	1	1.2808	Viruses;Duplodnaviria;Heunggongvirae;Uroviricota;Caudoviricetes;;
k127_290815	4581	No terminal repeats	NA	7	11	0.8581	NA	0	1.7183	Viruses;Duplodnaviria;Heunggongvirae;Uroviricota;Caudoviricetes;;
k127_61678	431	No terminal repeats	NA	1	11	0.8581	NA	1	0.9866	Viruses;Duplodnaviria;Heunggongvirae;Uroviricota;Caudoviricetes;;
k127_250419	2633	No terminal repeats	NA	2	11	0.8571	NA	0	1.6945	Viruses;Duplodnaviria;Heunggongvirae;Uroviricota;Caudoviricetes;;
k127_329698	585	No terminal repeats	NA	1	11	0.8566	NA	1	1.7183	Viruses;Duplodnaviria;Heunggongvirae;Uroviricota;Caudoviricetes;;
k127_328564	348	No terminal repeats	NA	1	11	0.8566	NA	1	1.7183	Viruses;Duplodnaviria;Heunggongvirae;Uroviricota;Caudoviricetes;;
k127_331583	3823	No terminal repeats	NA	6	11	0.8566	NA	0	3.4083	Viruses;Duplodnaviria;Heunggongvirae;Uroviricota;Caudoviricetes;;
k127_88667	314	No terminal repeats	NA	1	11	0.8557	NA	1	0.9483	Unclassified
k127_179361	666	No terminal repeats	NA	1	11	0.8554	NA	1	1.7183	Viruses;Duplodnaviria;Heunggongvirae;Uroviricota;Caudoviricetes;;
k127_166487	328	No terminal repeats	NA	1	11	0.8545	NA	1	1.2332	Viruses;Duplodnaviria;Heunggongvirae;Uroviricota;Caudoviricetes;;
k127_118132	1202	No terminal repeats	NA	1	11	0.8540	NA	1	1.7183	Viruses;Duplodnaviria;Heunggongvirae;Uroviricota;Caudoviricetes;;
k127_472588	314	No terminal repeats	NA	1	11	0.8539	NA	1	1.3682	Viruses;Duplodnaviria;Heunggongvirae;Uroviricota;Caudoviricetes;;
k127_40341	21314	No terminal repeats	NA	26	11	0.8536	NA	2	1.0204	Viruses;Duplodnaviria;Heunggongvirae;Uroviricota;Caudoviricetes;;
k127_428901	398	No terminal repeats	NA	1	11	0.8534	NA	1	1.0036	Viruses;Duplodnaviria;Heunggongvirae;Uroviricota;Caudoviricetes;;
k127_251633	3382	No terminal repeats	NA	6	11	0.8520	NA	0	1.7183	Unclassified
k127_513483	894	No terminal repeats	NA	3	11	0.8490	NA	1	1.7183	Viruses;Duplodnaviria;Heunggongvirae;Uroviricota;Caudoviricetes;;Kyanoviridae
k127_442673	462	No terminal repeats	NA	1	11	0.8447	NA	1	1.2676	Viruses;Duplodnaviria;Heunggongvirae;Uroviricota;Caudoviricetes;;
k127_199240	492	No terminal repeats	NA	1	11	0.8434	NA	1	1.3550	Viruses;Duplodnaviria;Heunggongvirae;Uroviricota;Caudoviricetes;;
k127_582863	329	No terminal repeats	NA	1	11	0.8428	NA	1	1.2814	Viruses;Duplodnaviria;Heunggongvirae;Uroviricota;Caudoviricetes;;
k127_223674	356	No terminal repeats	NA	1	11	0.8426	NA	1	1.2752	Viruses;Duplodnaviria;Heunggongvirae;Uroviricota;Caudoviricetes;;
k127_31473	698	No terminal repeats	NA	1	11	0.8423	NA	1	1.7183	Viruses;Duplodnaviria;Heunggongvirae;Uroviricota;Caudoviricetes;;
k127_357211	306	No terminal repeats	NA	1	11	0.8407	NA	1	1.1720	Viruses;Duplodnaviria;Heunggongvirae;Uroviricota;Caudoviricetes;;
k127_496975	1025	No terminal repeats	NA	3	11	0.8399	NA	2	3.2511	Viruses;Duplodnaviria;Heunggongvirae;Uroviricota;Caudoviricetes;;
k127_638709	340	No terminal repeats	NA	1	11	0.8398	NA	1	1.2616	Viruses;Duplodnaviria;Heunggongvirae;Uroviricota;Caudoviricetes;;
k127_104721	1623	No terminal repeats	NA	3	11	0.8393	NA	2	2.6732	Viruses;Duplodnaviria;Heunggongvirae;Uroviricota;Caudoviricetes;;
k127_77535	368	No terminal repeats	NA	2	11	0.8385	NA	1	3.0413	Viruses;Duplodnaviria;Heunggongvirae;Uroviricota;Caudoviricetes;;
k127_575457	315	No terminal repeats	NA	1	11	0.8372	NA	1	1.7183	Viruses;Duplodnaviria;Heunggongvirae;Uroviricota;Caudoviricetes;;
k127_477292	352	No terminal repeats	NA	1	11	0.8372	NA	1	1.2944	Viruses;Duplodnaviria;Heunggongvirae;Uroviricota;Caudoviricetes;;
k127_188774	308	No terminal repeats	NA	1	11	0.8370	NA	1	1.7078	Viruses;Duplodnaviria;Heunggongvirae;Uroviricota;Caudoviricetes;;
k127_648546	1102	No terminal repeats	NA	2	11	0.8365	NA	1	3.2176	Viruses;Duplodnaviria;Heunggongvirae;Uroviricota;Caudoviricetes;;
k127_549842	352	No terminal repeats	NA	1	11	0.8347	NA	1	1.3966	Viruses;Duplodnaviria;Heunggongvirae;Uroviricota;Caudoviricetes;;
k127_126834	407	No terminal repeats	NA	1	11	0.8345	NA	1	1.3188	Viruses;Duplodnaviria;Heunggongvirae;Uroviricota;Caudoviricetes;;
k127_328032	334	No terminal repeats	NA	1	11	0.8341	NA	1	1.2657	Viruses;Duplodnaviria;Heunggongvirae;Uroviricota;Caudoviricetes;;
k127_460269	813	No terminal repeats	NA	2	11	0.8330	NA	1	1.7183	Unclassified
k127_333804	383	No terminal repeats	NA	1	11	0.8327	NA	1	0.9079	Viruses;Duplodnaviria;Heunggongvirae;Uroviricota;Caudoviricetes;;
k127_535926	310	No terminal repeats	NA	1	11	0.8322	NA	1	1.3846	Viruses;Duplodnaviria;Heunggongvirae;Uroviricota;Caudoviricetes;;
k127_381312	372	No terminal repeats	NA	1	11	0.8320	NA	1	1.3483	Unclassified
k127_278286	378	No terminal repeats	NA	1	11	0.8320	NA	1	1.3050	Viruses;Duplodnaviria;Heunggongvirae;Uroviricota;Caudoviricetes;;
k127_516122	608	No terminal repeats	NA	2	11	0.8314	NA	1	1.7183	Viruses;Duplodnaviria;Heunggongvirae;Uroviricota;Caudoviricetes;;
k127_139007	367	No terminal repeats	NA	2	11	0.8312	NA	1	1.7183	Viruses;Duplodnaviria;Heunggongvirae;Uroviricota;Caudoviricetes;;
k127_58189	420	No terminal repeats	NA	1	11	0.8312	NA	1	1.3450	Viruses;Duplodnaviria;Heunggongvirae;Uroviricota;Caudoviricetes;;
k127_473550	312	No terminal repeats	NA	1	11	0.8278	NA	1	1.0597	Unclassified
k127_569304	1081	No terminal repeats	NA	3	11	0.8272	NA	1	1.2211	Viruses;Duplodnaviria;Heunggongvirae;Uroviricota;Caudoviricetes;;
k127_349723	638	No terminal repeats	NA	1	11	0.8260	NA	1	1.3550	Viruses;Duplodnaviria;Heunggongvirae;Uroviricota;Caudoviricetes;;
k127_539248	595	No terminal repeats	NA	1	11	0.8258	NA	1	1.2932	Viruses;Duplodnaviria;Heunggongvirae;Uroviricota;Caudoviricetes;;
k127_591160	335	No terminal repeats	NA	1	11	0.8250	NA	1	1.4920	Viruses;Duplodnaviria;Heunggongvirae;Uroviricota;Caudoviricetes;;
k127_523608	317	No terminal repeats	NA	2	11	0.8228	NA	1	1.7047	Viruses;Duplodnaviria;Heunggongvirae;Uroviricota;Caudoviricetes;;
k127_170122	405	No terminal repeats	NA	2	11	0.8225	NA	1	1.6479	Viruses;Duplodnaviria;Heunggongvirae;Uroviricota;Caudoviricetes;;
k127_456722	400	No terminal repeats	NA	1	11	0.8225	NA	1	1.3050	Viruses;Duplodnaviria;Heunggongvirae;Uroviricota;Caudoviricetes;;
k127_138542	2350	No terminal repeats	NA	4	11	0.8210	NA	1	1.1496	Viruses;Duplodnaviria;Heunggongvirae;Uroviricota;Caudoviricetes;;
k127_515515	423	No terminal repeats	NA	2	11	0.8208	NA	1	1.7164	Viruses;Duplodnaviria;Heunggongvirae;Uroviricota;Caudoviricetes;;
k127_524841	591	No terminal repeats	NA	1	11	0.8207	NA	1	1.7183	Viruses;Duplodnaviria;Heunggongvirae;Uroviricota;Caudoviricetes;;
k127_45138	1426	No terminal repeats	NA	1	11	0.8203	NA	1	1.7183	Viruses;Duplodnaviria;Heunggongvirae;Uroviricota;Caudoviricetes;;
k127_493503	523	No terminal repeats	NA	1	11	0.8201	NA	1	1.4595	Viruses;Duplodnaviria;Heunggongvirae;Uroviricota;Caudoviricetes;;
k127_493864	1430	No terminal repeats	NA	1	11	0.8186	NA	1	1.0495	Viruses;Duplodnaviria;Heunggongvirae;Uroviricota;Caudoviricetes;;
k127_329596	314	No terminal repeats	NA	1	11	0.8170	NA	1	1.6570	Viruses;Duplodnaviria;Heunggongvirae;Uroviricota;Caudoviricetes;;
k127_255884	800	No terminal repeats	NA	1	11	0.8148	NA	1	1.4698	Viruses;Duplodnaviria;Heunggongvirae;Uroviricota;Caudoviricetes;;
k127_635110	587	No terminal repeats	NA	1	11	0.8148	NA	1	1.7159	Viruses;Duplodnaviria;Heunggongvirae;Uroviricota;Caudoviricetes;;
k127_646086	1057	No terminal repeats	NA	1	11	0.8143	NA	1	1.2995	Viruses;Duplodnaviria;Heunggongvirae;Uroviricota;Caudoviricetes;;Ackermannviridae
k127_220710	424	No terminal repeats	NA	1	11	0.8112	NA	1	1.4422	Viruses;Duplodnaviria;Heunggongvirae;Uroviricota;Caudoviricetes;;
k127_567190	2070	No terminal repeats	NA	3	11	0.8110	NA	2	2.7908	Viruses;Duplodnaviria;Heunggongvirae;Uroviricota;Caudoviricetes;;
k127_295242	2545	No terminal repeats	NA	1	11	0.8102	NA	0	1.3733	Viruses;Duplodnaviria;Heunggongvirae;Uroviricota;Caudoviricetes;Crassvirales;
k127_179346	475	No terminal repeats	NA	1	11	0.8101	NA	1	1.7183	Viruses;Duplodnaviria;Heunggongvirae;Uroviricota;Caudoviricetes;;
k127_183800	565	No terminal repeats	NA	2	11	0.8098	NA	1	1.7183	Viruses;Duplodnaviria;Heunggongvirae;Uroviricota;Caudoviricetes;;
k127_275877	329	No terminal repeats	NA	1	11	0.8093	NA	1	1.7097	Viruses;Duplodnaviria;Heunggongvirae;Uroviricota;Caudoviricetes;;
k127_3378	3297	No terminal repeats	NA	4	11	0.8089	NA	0	1.6916	Viruses;Duplodnaviria;Heunggongvirae;Uroviricota;Caudoviricetes;;
k127_101760	624	No terminal repeats	NA	2	11	0.8082	NA	1	1.6735	Viruses;Duplodnaviria;Heunggongvirae;Uroviricota;Caudoviricetes;;
k127_663429	391	No terminal repeats	NA	1	11	0.8079	NA	1	1.6360	Viruses;Duplodnaviria;Heunggongvirae;Uroviricota;Caudoviricetes;;
k127_626904	1109	No terminal repeats	NA	2	11	0.8075	NA	1	1.7183	Viruses;Duplodnaviria;Heunggongvirae;Uroviricota;Caudoviricetes;;
k127_303496	304	No terminal repeats	NA	1	11	0.8062	NA	1	1.3153	Viruses;Duplodnaviria;Heunggongvirae;Uroviricota;Caudoviricetes;;
k127_395466	342	No terminal repeats	NA	1	11	0.8062	NA	1	1.5517	Viruses;Duplodnaviria;Heunggongvirae;Uroviricota;Caudoviricetes;;
k127_567991	1590	No terminal repeats	NA	1	11	0.8050	NA	1	1.7166	Viruses;Duplodnaviria;Heunggongvirae;Uroviricota;Caudoviricetes;;
k127_344700	689	No terminal repeats	NA	1	11	0.8039	NA	1	1.3023	Viruses;Duplodnaviria;Heunggongvirae;Uroviricota;Caudoviricetes;;
k127_485963	704	No terminal repeats	NA	1	11	0.8038	NA	1	1.7142	Viruses;Duplodnaviria;Heunggongvirae;Uroviricota;Caudoviricetes;;
k127_423848	768	No terminal repeats	NA	2	11	0.8035	NA	1	1.2306	Viruses;Duplodnaviria;Heunggongvirae;Uroviricota;Caudoviricetes;;
k127_465638	787	No terminal repeats	NA	1	11	0.8033	NA	1	1.7183	Viruses;Duplodnaviria;Heunggongvirae;Uroviricota;Caudoviricetes;;
k127_88552	486	No terminal repeats	NA	1	11	0.8033	NA	1	1.1687	Viruses;Varidnaviria;Bamfordvirae;;;;
k127_167619	764	No terminal repeats	NA	1	11	0.8027	NA	1	1.7183	Viruses;Duplodnaviria;Heunggongvirae;Uroviricota;Caudoviricetes;;
k127_568376	1200	No terminal repeats	NA	2	11	0.8025	NA	1	1.7183	Viruses;Duplodnaviria;Heunggongvirae;Uroviricota;Caudoviricetes;;
k127_447588	668	No terminal repeats	NA	1	11	0.8007	NA	1	1.3550	Viruses;Duplodnaviria;Heunggongvirae;Uroviricota;Caudoviricetes;;
k127_512074	774	No terminal repeats	NA	1	11	0.7992	NA	1	1.7183	Viruses;Duplodnaviria;Heunggongvirae;Uroviricota;Caudoviricetes;;
k127_165280	378	No terminal repeats	NA	1	11	0.7990	NA	1	1.0851	Viruses;Duplodnaviria;Heunggongvirae;Uroviricota;Caudoviricetes;;
k127_209550	588	No terminal repeats	NA	1	11	0.7981	NA	1	1.1904	Viruses;Duplodnaviria;Heunggongvirae;Uroviricota;Caudoviricetes;;
k127_184631	346	No terminal repeats	NA	1	11	0.7979	NA	1	1.2884	Viruses;Duplodnaviria;Heunggongvirae;Uroviricota;Caudoviricetes;;
k127_224125	818	No terminal repeats	NA	2	11	0.7960	NA	1	1.3578	Viruses;Duplodnaviria;Heunggongvirae;Uroviricota;Caudoviricetes;;
k127_71854	395	No terminal repeats	NA	1	11	0.7960	NA	1	1.7161	Viruses;Duplodnaviria;Heunggongvirae;Uroviricota;Caudoviricetes;;
k127_241120	3744	No terminal repeats	NA	7	11	0.7957	NA	0	0.0000	Unclassified
k127_220267	3539	No terminal repeats	NA	4	11	0.7956	NA	1	3.4293	Viruses;Duplodnaviria;Heunggongvirae;Uroviricota;Caudoviricetes;;
k127_90197	343	No terminal repeats	NA	1	11	0.7955	NA	1	1.3450	Viruses;Duplodnaviria;Heunggongvirae;Uroviricota;Caudoviricetes;;
k127_586001	985	No terminal repeats	NA	1	11	0.7947	NA	1	1.7183	Viruses;Duplodnaviria;Heunggongvirae;Uroviricota;Caudoviricetes;;
k127_82883	337	No terminal repeats	NA	2	11	0.7946	NA	1	1.7183	Unclassified
k127_351877	546	No terminal repeats	NA	1	11	0.7932	NA	1	1.7183	Viruses;Duplodnaviria;Heunggongvirae;Uroviricota;Caudoviricetes;;
k127_544169	430	No terminal repeats	NA	1	11	0.7930	NA	1	1.3988	Viruses;Duplodnaviria;Heunggongvirae;Uroviricota;Caudoviricetes;;
k127_443954	3035	No terminal repeats	NA	7	11	0.7924	NA	1	2.6852	Viruses;Duplodnaviria;Heunggongvirae;Uroviricota;Caudoviricetes;;
k127_223632	365	No terminal repeats	NA	1	11	0.7919	NA	1	1.4429	Viruses;Duplodnaviria;Heunggongvirae;Uroviricota;Caudoviricetes;;
k127_510174	2764	No terminal repeats	NA	4	11	0.7910	NA	2	4.7072	Viruses;Duplodnaviria;Heunggongvirae;Uroviricota;Caudoviricetes;;
k127_103992	346	No terminal repeats	NA	1	11	0.7908	NA	1	1.3829	Unclassified
k127_461577	418	No terminal repeats	NA	1	11	0.7904	NA	1	1.4830	Viruses;Duplodnaviria;Heunggongvirae;Uroviricota;Caudoviricetes;;
k127_625196	3054	No terminal repeats	NA	6	11	0.7871	NA	0	1.7655	Viruses;Duplodnaviria;Heunggongvirae;Uroviricota;Caudoviricetes;;
k127_130401	1275	No terminal repeats	NA	3	11	0.7822	NA	1	1.7183	Viruses;Duplodnaviria;Heunggongvirae;Uroviricota;Caudoviricetes;;
k127_72630	320	No terminal repeats	NA	1	11	0.7801	NA	1	1.5539	Viruses;Duplodnaviria;Heunggongvirae;Uroviricota;Caudoviricetes;;
k127_95838	459	No terminal repeats	NA	1	11	0.7800	NA	1	1.3427	Unclassified
k127_366975	479	No terminal repeats	NA	1	11	0.7799	NA	1	1.5305	Viruses;Duplodnaviria;Heunggongvirae;Uroviricota;Caudoviricetes;;
k127_579981	433	No terminal repeats	NA	1	11	0.7795	NA	1	1.6972	Viruses;Duplodnaviria;Heunggongvirae;Uroviricota;Caudoviricetes;;
k127_640265	1600	No terminal repeats	NA	2	11	0.7790	NA	1	1.7183	Viruses;Duplodnaviria;Heunggongvirae;Uroviricota;Caudoviricetes;;
k127_430058	2362	No terminal repeats	NA	5	11	0.7778	NA	1	1.6896	Viruses;Duplodnaviria;Heunggongvirae;Uroviricota;Caudoviricetes;;
k127_419229	1109	No terminal repeats	NA	1	11	0.7727	NA	1	1.7183	Viruses;Duplodnaviria;Heunggongvirae;Uroviricota;Caudoviricetes;;
k127_525263	759	No terminal repeats	NA	1	11	0.7726	NA	1	1.7183	Viruses;Duplodnaviria;Heunggongvirae;Uroviricota;Caudoviricetes;;
k127_11546	946	No terminal repeats	NA	1	11	0.7720	NA	1	1.7183	Viruses;Duplodnaviria;Heunggongvirae;Uroviricota;Caudoviricetes;;
k127_309896	429	No terminal repeats	NA	1	11	0.7718	NA	1	1.6602	Viruses;Duplodnaviria;Heunggongvirae;Uroviricota;Caudoviricetes;;
k127_239797	944	No terminal repeats	NA	1	11	0.7716	NA	1	1.7183	Viruses;Duplodnaviria;Heunggongvirae;Uroviricota;Caudoviricetes;;
k127_328240	302	No terminal repeats	NA	1	11	0.7696	NA	1	1.2997	Viruses;Duplodnaviria;Heunggongvirae;Uroviricota;Caudoviricetes;;
k127_12685	421	No terminal repeats	NA	1	11	0.7684	NA	1	1.0851	Viruses;Duplodnaviria;Heunggongvirae;Uroviricota;Caudoviricetes;;
k127_556964	365	No terminal repeats	NA	1	11	0.7656	NA	1	1.5222	Viruses;Duplodnaviria;Heunggongvirae;Uroviricota;Caudoviricetes;;
k127_593177	1189	No terminal repeats	NA	3	11	0.7648	NA	1	2.8598	Viruses;Duplodnaviria;Heunggongvirae;Uroviricota;Caudoviricetes;;
k127_592709	893	No terminal repeats	NA	1	11	0.7640	NA	1	1.7183	Viruses;Duplodnaviria;Heunggongvirae;Uroviricota;Caudoviricetes;;
k127_445776	565	No terminal repeats	NA	2	11	0.7628	NA	1	1.7183	Viruses;Duplodnaviria;Heunggongvirae;Uroviricota;Caudoviricetes;;
k127_129170	304	No terminal repeats	NA	1	11	0.7626	NA	1	1.4914	Viruses;Duplodnaviria;Heunggongvirae;Uroviricota;Caudoviricetes;;
k127_445236	495	No terminal repeats	NA	1	11	0.7612	NA	1	1.1300	Viruses;Duplodnaviria;Heunggongvirae;Uroviricota;Caudoviricetes;;
k127_231616	823	No terminal repeats	NA	2	11	0.7610	NA	1	1.2936	Viruses;Duplodnaviria;Heunggongvirae;Uroviricota;Caudoviricetes;;
k127_71995	358	No terminal repeats	NA	1	11	0.7605	NA	1	1.2171	Viruses;Duplodnaviria;Heunggongvirae;Uroviricota;Caudoviricetes;;
k127_277867	437	No terminal repeats	NA	1	11	0.7583	NA	1	1.7159	Viruses;Duplodnaviria;Heunggongvirae;Uroviricota;Caudoviricetes;;
k127_419299	1217	No terminal repeats	NA	4	11	0.7574	NA	1	1.3427	Unclassified
k127_343746	477	No terminal repeats	NA	1	11	0.7572	NA	1	1.7183	Viruses;Duplodnaviria;Heunggongvirae;Uroviricota;Caudoviricetes;;
k127_39936	436	No terminal repeats	NA	1	11	0.7569	NA	1	1.7136	Viruses;Duplodnaviria;Heunggongvirae;Uroviricota;Caudoviricetes;;
k127_245137	360	No terminal repeats	NA	2	11	0.7560	NA	1	1.1720	Viruses;Duplodnaviria;Heunggongvirae;Uroviricota;Caudoviricetes;;
k127_663078	359	No terminal repeats	NA	1	11	0.7545	NA	1	1.4494	Viruses;Duplodnaviria;Heunggongvirae;Uroviricota;Caudoviricetes;;
k127_272311	1450	No terminal repeats	NA	2	11	0.7532	NA	1	1.5876	Viruses;Duplodnaviria;Heunggongvirae;Uroviricota;Caudoviricetes;;
k127_265785	1873	No terminal repeats	NA	2	11	0.7518	NA	1	1.1304	Viruses;Duplodnaviria;Heunggongvirae;Uroviricota;Caudoviricetes;;
k127_440641	566	No terminal repeats	NA	1	11	0.7518	NA	1	1.7129	Viruses;Duplodnaviria;Heunggongvirae;Uroviricota;Caudoviricetes;;
k127_623490	317	No terminal repeats	NA	1	11	0.7508	NA	1	1.6529	Viruses;Duplodnaviria;Heunggongvirae;Uroviricota;Caudoviricetes;;
k127_374390	5701	No terminal repeats	NA	4	11	0.7500	NA	0	1.2193	Viruses;Duplodnaviria;Heunggongvirae;Uroviricota;Caudoviricetes;;
k127_455166	653	No terminal repeats	NA	1	11	0.7497	NA	1	1.2306	Viruses;Duplodnaviria;Heunggongvirae;Uroviricota;Caudoviricetes;;
k127_574300	417	No terminal repeats	NA	2	11	0.7494	NA	1	1.7026	Viruses;Duplodnaviria;Heunggongvirae;Uroviricota;Caudoviricetes;;
k127_311646	460	No terminal repeats	NA	2	11	0.7487	NA	1	1.2632	Viruses;Duplodnaviria;Heunggongvirae;Uroviricota;Caudoviricetes;;
k127_97257	1550	No terminal repeats	NA	2	11	0.7474	NA	1	1.2201	Viruses;Duplodnaviria;Heunggongvirae;Uroviricota;Caudoviricetes;;
k127_309422	980	No terminal repeats	NA	2	11	0.7453	NA	1	1.7183	Viruses;Duplodnaviria;Heunggongvirae;Uroviricota;Caudoviricetes;;
k127_640091	838	No terminal repeats	NA	2	11	0.7450	NA	1	1.2569	Viruses;Duplodnaviria;Heunggongvirae;Uroviricota;Caudoviricetes;;
k127_46376	1026	No terminal repeats	NA	3	11	0.7425	NA	1	2.8598	Viruses;Duplodnaviria;Heunggongvirae;Uroviricota;Caudoviricetes;;
k127_628753	376	No terminal repeats	NA	1	11	0.7423	NA	1	1.5656	Viruses;Duplodnaviria;Heunggongvirae;Uroviricota;Caudoviricetes;;
k127_470184	8487	No terminal repeats	NA	6	11	0.7399	NA	1	2.4244	Viruses;Duplodnaviria;Heunggongvirae;Uroviricota;Caudoviricetes;;
k127_618055	392	No terminal repeats	NA	1	11	0.7384	NA	1	1.6407	Viruses;Duplodnaviria;Heunggongvirae;Uroviricota;Caudoviricetes;;
k127_507144	346	No terminal repeats	NA	1	11	0.7371	NA	1	1.6281	Viruses;Duplodnaviria;Heunggongvirae;Uroviricota;Caudoviricetes;;
k127_311293	980	No terminal repeats	NA	2	11	0.7366	NA	1	1.7183	Viruses;Duplodnaviria;Heunggongvirae;Uroviricota;Caudoviricetes;;
k127_96144	7452	No terminal repeats	NA	13	11	0.7363	NA	0	2.7171	Viruses;Duplodnaviria;Heunggongvirae;Uroviricota;Caudoviricetes;;Ackermannviridae
k127_37706	1543	No terminal repeats	NA	3	11	0.7360	NA	1	3.4366	Viruses;Duplodnaviria;Heunggongvirae;Uroviricota;Caudoviricetes;;
k127_361772	413	No terminal repeats	NA	2	11	0.7357	NA	1	1.6947	Viruses;Duplodnaviria;Heunggongvirae;Uroviricota;Caudoviricetes;;
k127_353982	331	No terminal repeats	NA	1	11	0.7349	NA	1	1.6940	Viruses;Duplodnaviria;Heunggongvirae;Uroviricota;Caudoviricetes;;
k127_672222	11617	DTR	NA	20	11	0.7341	NA	0	1.7165	Unclassified
k127_374542	2562	No terminal repeats	NA	3	11	0.7333	NA	0	1.3384	Unclassified
k127_207483	429	No terminal repeats	NA	1	11	0.7331	NA	1	1.7142	Viruses;Duplodnaviria;Heunggongvirae;Uroviricota;Caudoviricetes;;
k127_612902	1359	No terminal repeats	NA	1	11	0.7331	NA	1	1.7183	Viruses;Duplodnaviria;Heunggongvirae;Uroviricota;Caudoviricetes;;
k127_29024	887	No terminal repeats	NA	2	11	0.7328	NA	1	1.4299	Viruses;Duplodnaviria;Heunggongvirae;Uroviricota;Caudoviricetes;;
k127_247505	569	No terminal repeats	NA	1	11	0.7325	NA	1	1.1530	Viruses;Duplodnaviria;Heunggongvirae;Uroviricota;Caudoviricetes;;
k127_13947	961	No terminal repeats	NA	1	11	0.7281	NA	1	1.5239	Viruses;Duplodnaviria;Heunggongvirae;Uroviricota;Caudoviricetes;;
k127_294525	2843	No terminal repeats	NA	5	11	0.7271	NA	0	0.0000	Unclassified
k127_630805	640	No terminal repeats	NA	2	11	0.7253	NA	1	1.4506	Viruses;Duplodnaviria;Heunggongvirae;Uroviricota;Caudoviricetes;;
k127_203439	684	No terminal repeats	NA	1	11	0.7234	NA	1	1.7183	Viruses;Duplodnaviria;Heunggongvirae;Uroviricota;Caudoviricetes;;
k127_171626	306	No terminal repeats	NA	1	11	0.7218	NA	1	1.4764	Viruses;Duplodnaviria;Heunggongvirae;Uroviricota;Caudoviricetes;;
k127_37697	431	No terminal repeats	NA	1	11	0.7213	NA	1	1.6721	Unclassified
k127_49746	639	No terminal repeats	NA	1	11	0.7198	NA	1	1.7165	Viruses;Duplodnaviria;Heunggongvirae;Uroviricota;Caudoviricetes;;
k127_435895	764	No terminal repeats	NA	1	11	0.7186	NA	1	1.7121	Viruses;Duplodnaviria;Heunggongvirae;Uroviricota;Caudoviricetes;;Demerecviridae
k127_461245	493	No terminal repeats	NA	1	11	0.7165	NA	1	1.7135	Unclassified
k127_307002	1073	No terminal repeats	NA	2	11	0.7152	NA	1	1.7183	Viruses;Duplodnaviria;Heunggongvirae;Uroviricota;Caudoviricetes;;
k127_465050	356	No terminal repeats	NA	1	11	0.7130	NA	1	1.6721	Unclassified
k127_122432	412	No terminal repeats	NA	1	11	0.7117	NA	1	1.6969	Unclassified
k127_500407	305	No terminal repeats	NA	1	11	0.7115	NA	1	1.6774	Viruses;Duplodnaviria;Heunggongvirae;Uroviricota;Caudoviricetes;;
k127_500733	2504	No terminal repeats	NA	6	11	0.7102	NA	0	1.3788	Viruses;Duplodnaviria;Heunggongvirae;Uroviricota;Caudoviricetes;;
k127_227192	9005	No terminal repeats	NA	8	11	0.7093	NA	0	3.3646	Viruses;Duplodnaviria;Heunggongvirae;Uroviricota;Caudoviricetes;;
k127_115447	402	No terminal repeats	NA	1	11	0.7087	NA	1	1.2997	Viruses;Duplodnaviria;Heunggongvirae;Uroviricota;Caudoviricetes;;
k127_148234	410	No terminal repeats	NA	1	11	0.7075	NA	1	1.2857	Viruses;Duplodnaviria;Heunggongvirae;Uroviricota;Caudoviricetes;;
k127_538944	528	No terminal repeats	NA	1	11	0.7069	NA	1	1.6802	Viruses;Duplodnaviria;Heunggongvirae;Uroviricota;Caudoviricetes;;
k127_176144	753	No terminal repeats	NA	1	11	0.7065	NA	1	1.7183	Viruses;Duplodnaviria;Heunggongvirae;Uroviricota;Caudoviricetes;;
k127_198708	3051	No terminal repeats	NA	5	11	0.7054	NA	1	2.9929	Viruses;Duplodnaviria;Heunggongvirae;Uroviricota;Caudoviricetes;;
k127_341851	623	No terminal repeats	NA	2	11	0.7035	NA	1	1.4049	Viruses;Duplodnaviria;Heunggongvirae;Uroviricota;Caudoviricetes;;
k127_193346	314	No terminal repeats	NA	2	11	0.7031	NA	1	1.3806	Viruses;Duplodnaviria;Heunggongvirae;Uroviricota;Caudoviricetes;;
k127_505172	6246	No terminal repeats	NA	7	11	0.7018	NA	0	0.0000	Unclassified
k127_253361	370	No terminal repeats	NA	1	11	0.7017	NA	1	1.7150	Viruses;Duplodnaviria;Heunggongvirae;Uroviricota;Caudoviricetes;;
k127_451025	642	No terminal repeats	NA	1	11	0.7011	NA	1	1.4877	Viruses;Duplodnaviria;Heunggongvirae;Uroviricota;Caudoviricetes;;
k127_315849	1372	No terminal repeats	NA	1	11	0.7009	NA	1	1.2306	Viruses;Duplodnaviria;Heunggongvirae;Uroviricota;Caudoviricetes;;
k127_549859	2715	No terminal repeats	NA	2	11	0.7003	NA	0	1.7183	Viruses;Duplodnaviria;Heunggongvirae;Uroviricota;Caudoviricetes;;
