seq_name	length	topology	coordinates	n_genes	genetic_code	virus_score	fdr	n_hallmarks	marker_enrichment	taxonomy
k127_3829	4550	No terminal repeats	NA	9	11	0.9768	NA	3	9.1154	Viruses;Duplodnaviria;Heunggongvirae;Uroviricota;Caudoviricetes;;
k127_316569	769	No terminal repeats	NA	1	11	0.9700	NA	1	1.7183	Viruses;Duplodnaviria;Heunggongvirae;Uroviricota;Caudoviricetes;;
k127_292005	612	No terminal repeats	NA	2	11	0.9634	NA	1	3.0797	Viruses;Duplodnaviria;Heunggongvirae;Uroviricota;Caudoviricetes;;
k127_404449	384	No terminal repeats	NA	1	11	0.9625	NA	1	1.7183	Viruses;Duplodnaviria;Heunggongvirae;Uroviricota;Caudoviricetes;;
k127_78857	328	No terminal repeats	NA	1	11	0.9616	NA	1	1.7183	Viruses;Duplodnaviria;Heunggongvirae;Uroviricota;Caudoviricetes;;
k127_91603	372	No terminal repeats	NA	1	11	0.9608	NA	1	1.7183	Viruses;Duplodnaviria;Heunggongvirae;Uroviricota;Caudoviricetes;;
k127_400931	353	No terminal repeats	NA	1	11	0.9602	NA	1	1.7183	Viruses;Duplodnaviria;Heunggongvirae;Uroviricota;Caudoviricetes;;
k127_345217	421	No terminal repeats	NA	1	11	0.9573	NA	1	1.7183	Viruses;Duplodnaviria;Heunggongvirae;Uroviricota;Caudoviricetes;;
k127_106149	307	No terminal repeats	NA	1	11	0.9559	NA	1	1.7183	Viruses;Duplodnaviria;Heunggongvirae;Uroviricota;Caudoviricetes;;
k127_433692	375	No terminal repeats	NA	1	11	0.9556	NA	1	1.7183	Viruses;Duplodnaviria;Heunggongvirae;Uroviricota;Caudoviricetes;;
k127_42246	367	No terminal repeats	NA	1	11	0.9555	NA	1	1.7183	Viruses;Duplodnaviria;Heunggongvirae;Uroviricota;Caudoviricetes;;
k127_108961	306	No terminal repeats	NA	1	11	0.9549	NA	1	1.7183	Viruses;Duplodnaviria;Heunggongvirae;Uroviricota;Caudoviricetes;;
k127_186151	311	No terminal repeats	NA	1	11	0.9536	NA	1	1.7183	Viruses;Duplodnaviria;Heunggongvirae;Uroviricota;Caudoviricetes;;
k127_337680	345	No terminal repeats	NA	1	11	0.9531	NA	1	1.7183	Viruses;Duplodnaviria;Heunggongvirae;Uroviricota;Caudoviricetes;;
k127_132327	333	No terminal repeats	NA	1	11	0.9526	NA	1	1.7183	Viruses;Duplodnaviria;Heunggongvirae;Uroviricota;Caudoviricetes;;
k127_170277	340	No terminal repeats	NA	1	11	0.9520	NA	1	1.7183	Viruses;Duplodnaviria;Heunggongvirae;Uroviricota;Caudoviricetes;;
k127_196193	693	No terminal repeats	NA	1	11	0.9517	NA	1	1.7183	Viruses;Duplodnaviria;Heunggongvirae;Uroviricota;Caudoviricetes;;
k127_224988	341	No terminal repeats	NA	1	11	0.9496	NA	1	1.7183	Viruses;Duplodnaviria;Heunggongvirae;Uroviricota;Caudoviricetes;;
k127_320270	322	No terminal repeats	NA	1	11	0.9495	NA	1	1.4839	Viruses;Duplodnaviria;Heunggongvirae;Uroviricota;Caudoviricetes;;
k127_303513	350	No terminal repeats	NA	1	11	0.9491	NA	1	1.4941	Viruses;Duplodnaviria;Heunggongvirae;Uroviricota;Caudoviricetes;;
k127_457355	419	No terminal repeats	NA	1	11	0.9480	NA	1	1.7183	Viruses;Duplodnaviria;Heunggongvirae;Uroviricota;Caudoviricetes;;
k127_48151	861	No terminal repeats	NA	2	11	0.9478	NA	2	2.9857	Viruses;Duplodnaviria;Heunggongvirae;Uroviricota;Caudoviricetes;;
k127_36861	397	No terminal repeats	NA	1	11	0.9474	NA	1	1.7183	Viruses;Duplodnaviria;Heunggongvirae;Uroviricota;Caudoviricetes;;
k127_315550	2244	No terminal repeats	NA	4	11	0.9465	NA	1	3.1056	Viruses;Duplodnaviria;Heunggongvirae;Uroviricota;Caudoviricetes;;
k127_378256	458	No terminal repeats	NA	1	11	0.9463	NA	1	1.7183	Viruses;Duplodnaviria;Heunggongvirae;Uroviricota;Caudoviricetes;;
k127_260402	608	No terminal repeats	NA	1	11	0.9462	NA	1	1.7183	Viruses;Duplodnaviria;Heunggongvirae;Uroviricota;Caudoviricetes;;
k127_162082	314	No terminal repeats	NA	1	11	0.9459	NA	1	1.7183	Viruses;Duplodnaviria;Heunggongvirae;Uroviricota;Caudoviricetes;;
k127_419705	369	No terminal repeats	NA	1	11	0.9455	NA	1	1.7183	Viruses;Duplodnaviria;Heunggongvirae;Uroviricota;Caudoviricetes;;
k127_77921	1693	No terminal repeats	NA	4	11	0.9440	NA	2	4.6242	Viruses;Duplodnaviria;Heunggongvirae;Uroviricota;Caudoviricetes;;
k127_127556	394	No terminal repeats	NA	1	15	0.9438	NA	1	1.7183	Viruses;Duplodnaviria;Heunggongvirae;Uroviricota;Caudoviricetes;;
k127_399265	684	No terminal repeats	NA	1	11	0.9426	NA	1	1.7183	Viruses;Duplodnaviria;Heunggongvirae;Uroviricota;Caudoviricetes;;
k127_366691	526	No terminal repeats	NA	2	11	0.9418	NA	1	2.9453	Viruses;Duplodnaviria;Heunggongvirae;Uroviricota;Caudoviricetes;;
k127_244553	607	No terminal repeats	NA	2	11	0.9409	NA	1	3.2124	Viruses;Duplodnaviria;Heunggongvirae;Uroviricota;Caudoviricetes;;
k127_204752	424	No terminal repeats	NA	1	11	0.9399	NA	1	1.7183	Viruses;Duplodnaviria;Heunggongvirae;Uroviricota;Caudoviricetes;;
k127_271438	309	No terminal repeats	NA	1	11	0.9394	NA	1	1.7183	Viruses;Duplodnaviria;Heunggongvirae;Uroviricota;Caudoviricetes;;
k127_458866	425	No terminal repeats	NA	1	11	0.9390	NA	1	1.7183	Viruses;Duplodnaviria;Heunggongvirae;Uroviricota;Caudoviricetes;;
k127_404784	483	No terminal repeats	NA	1	11	0.9381	NA	1	1.7183	Viruses;Duplodnaviria;Heunggongvirae;Uroviricota;Caudoviricetes;;
k127_366586	366	No terminal repeats	NA	1	11	0.9373	NA	1	1.2726	Viruses;Duplodnaviria;Heunggongvirae;Uroviricota;Caudoviricetes;;
k127_311466	356	No terminal repeats	NA	1	11	0.9366	NA	1	1.7183	Viruses;Duplodnaviria;Heunggongvirae;Uroviricota;Caudoviricetes;;
k127_177006	360	No terminal repeats	NA	1	11	0.9362	NA	1	1.7183	Viruses;Duplodnaviria;Heunggongvirae;Uroviricota;Caudoviricetes;;
k127_329881	387	No terminal repeats	NA	1	11	0.9361	NA	1	1.7183	Viruses;Duplodnaviria;Heunggongvirae;Uroviricota;Caudoviricetes;;
k127_174597	605	No terminal repeats	NA	1	11	0.9355	NA	1	1.7183	Viruses;Duplodnaviria;Heunggongvirae;Uroviricota;Caudoviricetes;;
k127_175548	452	No terminal repeats	NA	1	11	0.9353	NA	1	1.7183	Viruses;Duplodnaviria;Heunggongvirae;Uroviricota;Caudoviricetes;;
k127_203185	450	No terminal repeats	NA	1	11	0.9349	NA	1	1.7183	Viruses;Duplodnaviria;Heunggongvirae;Uroviricota;Caudoviricetes;;
k127_105670	441	No terminal repeats	NA	1	11	0.9347	NA	1	1.7183	Viruses;Duplodnaviria;Heunggongvirae;Uroviricota;Caudoviricetes;;
k127_279559	360	No terminal repeats	NA	1	11	0.9347	NA	1	1.7183	Viruses;Duplodnaviria;Heunggongvirae;Uroviricota;Caudoviricetes;;
k127_18506	354	No terminal repeats	NA	1	11	0.9341	NA	1	1.7183	Viruses;Duplodnaviria;Heunggongvirae;Uroviricota;Caudoviricetes;;
k127_2178	364	No terminal repeats	NA	2	11	0.9338	NA	1	1.7183	Viruses;Duplodnaviria;Heunggongvirae;Uroviricota;Caudoviricetes;;
k127_322968	475	No terminal repeats	NA	1	11	0.9334	NA	1	1.7183	Viruses;Duplodnaviria;Heunggongvirae;Uroviricota;Caudoviricetes;;
k127_344866	654	No terminal repeats	NA	1	11	0.9321	NA	1	1.5278	Viruses;Duplodnaviria;Heunggongvirae;Uroviricota;Caudoviricetes;;
k127_434455	690	No terminal repeats	NA	1	11	0.9320	NA	1	1.7183	Viruses;Duplodnaviria;Heunggongvirae;Uroviricota;Caudoviricetes;;
k127_235368	325	No terminal repeats	NA	1	11	0.9311	NA	1	1.7183	Viruses;Duplodnaviria;Heunggongvirae;Uroviricota;Caudoviricetes;;
k127_69962	459	No terminal repeats	NA	1	11	0.9295	NA	1	1.7183	Viruses;Duplodnaviria;Heunggongvirae;Uroviricota;Caudoviricetes;;
k127_377502	491	No terminal repeats	NA	1	11	0.9292	NA	1	1.7183	Viruses;Duplodnaviria;Heunggongvirae;Uroviricota;Caudoviricetes;;
k127_164343	633	No terminal repeats	NA	1	11	0.9290	NA	1	1.7183	Viruses;Duplodnaviria;Heunggongvirae;Uroviricota;Caudoviricetes;;
k127_188248	800	No terminal repeats	NA	2	11	0.9289	NA	2	3.4137	Viruses;Duplodnaviria;Heunggongvirae;Uroviricota;Caudoviricetes;;
k127_220461	480	No terminal repeats	NA	1	11	0.9285	NA	1	1.7183	Viruses;Duplodnaviria;Heunggongvirae;Uroviricota;Caudoviricetes;;
k127_309687	598	No terminal repeats	NA	1	11	0.9276	NA	1	1.7183	Viruses;Duplodnaviria;Heunggongvirae;Uroviricota;Caudoviricetes;;
k127_365369	490	No terminal repeats	NA	1	11	0.9269	NA	1	1.7183	Viruses;Duplodnaviria;Heunggongvirae;Uroviricota;Caudoviricetes;;
k127_89847	446	No terminal repeats	NA	1	11	0.9268	NA	1	1.1496	Viruses;Duplodnaviria;Heunggongvirae;Uroviricota;Caudoviricetes;;
k127_430173	335	No terminal repeats	NA	1	11	0.9264	NA	1	1.7183	Viruses;Duplodnaviria;Heunggongvirae;Uroviricota;Caudoviricetes;;
k127_181242	355	No terminal repeats	NA	1	11	0.9247	NA	1	1.7183	Viruses;Duplodnaviria;Heunggongvirae;Uroviricota;Caudoviricetes;;
k127_261079	337	No terminal repeats	NA	1	11	0.9236	NA	1	1.7183	Viruses;Duplodnaviria;Heunggongvirae;Uroviricota;Caudoviricetes;;
k127_129322	399	No terminal repeats	NA	1	11	0.9234	NA	1	1.7183	Viruses;Duplodnaviria;Heunggongvirae;Uroviricota;Caudoviricetes;;
k127_12749	383	No terminal repeats	NA	1	11	0.9219	NA	1	1.7183	Viruses;Duplodnaviria;Heunggongvirae;Uroviricota;Caudoviricetes;;
k127_63802	342	No terminal repeats	NA	1	11	0.9214	NA	1	1.7183	Viruses;Duplodnaviria;Heunggongvirae;Uroviricota;Caudoviricetes;;
k127_167369	431	No terminal repeats	NA	1	11	0.9212	NA	1	1.7183	Viruses;Duplodnaviria;Heunggongvirae;Uroviricota;Caudoviricetes;;
k127_94095	474	No terminal repeats	NA	1	11	0.9196	NA	1	1.7183	Viruses;Duplodnaviria;Heunggongvirae;Uroviricota;Caudoviricetes;;
k127_311348	863	No terminal repeats	NA	1	11	0.9181	NA	1	1.7183	Viruses;Duplodnaviria;Heunggongvirae;Uroviricota;Caudoviricetes;;
k127_204284	492	No terminal repeats	NA	1	11	0.9174	NA	1	1.7183	Viruses;Duplodnaviria;Heunggongvirae;Uroviricota;Caudoviricetes;;
k127_67062	407	No terminal repeats	NA	1	11	0.9171	NA	1	1.7183	Viruses;Duplodnaviria;Heunggongvirae;Uroviricota;Caudoviricetes;;
k127_16837	325	No terminal repeats	NA	1	11	0.9167	NA	1	1.7183	Viruses;Duplodnaviria;Heunggongvirae;Uroviricota;Caudoviricetes;;
k127_97313	333	No terminal repeats	NA	2	11	0.9161	NA	1	1.7183	Viruses;Duplodnaviria;Heunggongvirae;Uroviricota;Caudoviricetes;;
k127_49627	356	No terminal repeats	NA	1	11	0.9158	NA	1	1.4597	Viruses;Duplodnaviria;Heunggongvirae;Uroviricota;Caudoviricetes;;
k127_443635	449	No terminal repeats	NA	1	11	0.9157	NA	1	1.4839	Viruses;Duplodnaviria;Heunggongvirae;Uroviricota;Caudoviricetes;;
k127_371982	472	No terminal repeats	NA	1	11	0.9140	NA	1	1.7183	Viruses;Duplodnaviria;Heunggongvirae;Uroviricota;Caudoviricetes;;
k127_128948	367	No terminal repeats	NA	1	11	0.9135	NA	1	1.2938	Viruses;Duplodnaviria;Heunggongvirae;Uroviricota;Caudoviricetes;;
k127_275988	387	No terminal repeats	NA	2	11	0.9129	NA	2	3.0631	Viruses;Duplodnaviria;Heunggongvirae;Uroviricota;Caudoviricetes;;
k127_383537	462	No terminal repeats	NA	1	11	0.9121	NA	1	1.4944	Viruses;Duplodnaviria;Heunggongvirae;Uroviricota;Caudoviricetes;;
k127_373648	346	No terminal repeats	NA	1	11	0.9091	NA	1	1.3050	Viruses;Duplodnaviria;Heunggongvirae;Uroviricota;Caudoviricetes;;
k127_80117	824	No terminal repeats	NA	1	11	0.9088	NA	1	1.7183	Viruses;Duplodnaviria;Heunggongvirae;Uroviricota;Caudoviricetes;;
k127_78692	301	No terminal repeats	NA	1	11	0.9086	NA	1	1.7183	Viruses;Duplodnaviria;Heunggongvirae;Uroviricota;Caudoviricetes;;
k127_150136	657	No terminal repeats	NA	1	11	0.9082	NA	1	1.7183	Viruses;Duplodnaviria;Heunggongvirae;Uroviricota;Caudoviricetes;;
k127_273368	364	No terminal repeats	NA	1	11	0.9081	NA	1	1.7183	Viruses;Duplodnaviria;Heunggongvirae;Uroviricota;Caudoviricetes;;
k127_397085	500	No terminal repeats	NA	1	11	0.9079	NA	1	1.3602	Viruses;Duplodnaviria;Heunggongvirae;Uroviricota;Caudoviricetes;;
k127_116158	411	No terminal repeats	NA	1	11	0.9062	NA	1	1.7183	Viruses;Duplodnaviria;Heunggongvirae;Uroviricota;Caudoviricetes;;
k127_328353	362	No terminal repeats	NA	1	11	0.9057	NA	1	1.7159	Viruses;Duplodnaviria;Heunggongvirae;Uroviricota;Caudoviricetes;;
k127_359462	391	No terminal repeats	NA	1	11	0.9052	NA	1	1.7183	Viruses;Duplodnaviria;Heunggongvirae;Uroviricota;Caudoviricetes;;
k127_431436	355	No terminal repeats	NA	1	11	0.9047	NA	1	1.7183	Viruses;Duplodnaviria;Heunggongvirae;Uroviricota;Caudoviricetes;;
k127_379363	359	No terminal repeats	NA	1	11	0.9036	NA	1	1.1892	Viruses;Duplodnaviria;Heunggongvirae;Uroviricota;Caudoviricetes;;
k127_452048	417	No terminal repeats	NA	1	11	0.9025	NA	1	1.7183	Viruses;Duplodnaviria;Heunggongvirae;Uroviricota;Caudoviricetes;;
k127_428020	318	No terminal repeats	NA	1	11	0.9017	NA	1	1.7183	Viruses;Duplodnaviria;Heunggongvirae;Uroviricota;Caudoviricetes;;
k127_4147	446	No terminal repeats	NA	1	11	0.9013	NA	1	1.7183	Viruses;Duplodnaviria;Heunggongvirae;Uroviricota;Caudoviricetes;;
k127_279074	352	No terminal repeats	NA	1	4	0.9010	NA	1	1.3954	Viruses;Duplodnaviria;Heunggongvirae;Uroviricota;Caudoviricetes;;
k127_49284	1541	No terminal repeats	NA	3	11	0.9004	NA	1	3.2289	Viruses;Duplodnaviria;Heunggongvirae;Uroviricota;Caudoviricetes;;
k127_158315	455	No terminal repeats	NA	1	11	0.8993	NA	1	1.7183	Viruses;Duplodnaviria;Heunggongvirae;Uroviricota;Caudoviricetes;;
k127_114181	647	No terminal repeats	NA	1	11	0.8985	NA	1	1.7183	Viruses;Duplodnaviria;Heunggongvirae;Uroviricota;Caudoviricetes;;
k127_303772	449	No terminal repeats	NA	1	11	0.8970	NA	1	1.7183	Viruses;Duplodnaviria;Heunggongvirae;Uroviricota;Caudoviricetes;;
k127_172435	504	No terminal repeats	NA	1	11	0.8965	NA	1	1.1720	Viruses;Duplodnaviria;Heunggongvirae;Uroviricota;Caudoviricetes;;
k127_410441	355	No terminal repeats	NA	1	11	0.8963	NA	1	1.7183	Viruses;Duplodnaviria;Heunggongvirae;Uroviricota;Caudoviricetes;;
k127_30484	554	No terminal repeats	NA	1	11	0.8955	NA	1	1.7183	Viruses;Duplodnaviria;Heunggongvirae;Uroviricota;Caudoviricetes;;
k127_248138	560	No terminal repeats	NA	1	11	0.8938	NA	1	1.7183	Viruses;Duplodnaviria;Heunggongvirae;Uroviricota;Caudoviricetes;;
k127_82042	495	No terminal repeats	NA	1	11	0.8934	NA	1	1.7183	Viruses;Duplodnaviria;Heunggongvirae;Uroviricota;Caudoviricetes;;
k127_200726	374	No terminal repeats	NA	1	11	0.8932	NA	1	1.7183	Viruses;Duplodnaviria;Heunggongvirae;Uroviricota;Caudoviricetes;;
k127_3717	337	No terminal repeats	NA	1	11	0.8921	NA	1	1.7183	Viruses;Duplodnaviria;Heunggongvirae;Uroviricota;Caudoviricetes;;
k127_340053	425	No terminal repeats	NA	1	11	0.8915	NA	1	1.7183	Viruses;Duplodnaviria;Heunggongvirae;Uroviricota;Caudoviricetes;;
k127_261279	313	No terminal repeats	NA	1	11	0.8910	NA	1	1.4980	Viruses;Duplodnaviria;Heunggongvirae;Uroviricota;Caudoviricetes;;
k127_179171	329	No terminal repeats	NA	1	11	0.8909	NA	1	1.7183	Viruses;Duplodnaviria;Heunggongvirae;Uroviricota;Caudoviricetes;;
k127_402216	404	No terminal repeats	NA	1	11	0.8868	NA	1	1.7183	Viruses;Duplodnaviria;Heunggongvirae;Uroviricota;Caudoviricetes;;
k127_209361	550	No terminal repeats	NA	1	11	0.8861	NA	1	1.7183	Viruses;Duplodnaviria;Heunggongvirae;Uroviricota;Caudoviricetes;;
k127_429454	455	No terminal repeats	NA	2	11	0.8858	NA	2	3.4366	Viruses;Duplodnaviria;Heunggongvirae;Uroviricota;Caudoviricetes;;
k127_435768	1242	No terminal repeats	NA	3	11	0.8847	NA	1	2.9263	Viruses;Duplodnaviria;Heunggongvirae;Uroviricota;Caudoviricetes;;
k127_298716	1080	No terminal repeats	NA	1	11	0.8846	NA	1	1.4062	Viruses;Duplodnaviria;Heunggongvirae;Uroviricota;Caudoviricetes;;
k127_401335	355	No terminal repeats	NA	1	11	0.8843	NA	1	1.7183	Viruses;Duplodnaviria;Heunggongvirae;Uroviricota;Caudoviricetes;;
k127_288804	533	No terminal repeats	NA	2	11	0.8843	NA	1	1.7183	Viruses;Duplodnaviria;Heunggongvirae;Uroviricota;Caudoviricetes;;
k127_388253	943	No terminal repeats	NA	2	11	0.8823	NA	1	2.9027	Viruses;Duplodnaviria;Heunggongvirae;Uroviricota;Caudoviricetes;;
k127_45369	323	No terminal repeats	NA	1	11	0.8818	NA	1	1.7183	Viruses;Duplodnaviria;Heunggongvirae;Uroviricota;Caudoviricetes;;
k127_401087	453	No terminal repeats	NA	1	11	0.8816	NA	1	1.0522	Viruses;Duplodnaviria;Heunggongvirae;Uroviricota;Caudoviricetes;;
k127_62250	809	No terminal repeats	NA	1	11	0.8814	NA	1	1.7183	Viruses;Duplodnaviria;Heunggongvirae;Uroviricota;Caudoviricetes;;
k127_211680	562	No terminal repeats	NA	1	11	0.8786	NA	1	1.7183	Viruses;Duplodnaviria;Heunggongvirae;Uroviricota;Caudoviricetes;;
k127_337507	502	No terminal repeats	NA	1	11	0.8784	NA	1	1.7183	Viruses;Duplodnaviria;Heunggongvirae;Uroviricota;Caudoviricetes;;
k127_137765	313	No terminal repeats	NA	2	11	0.8782	NA	1	1.7183	Viruses;Duplodnaviria;Heunggongvirae;Uroviricota;Caudoviricetes;;
k127_179389	328	No terminal repeats	NA	1	11	0.8768	NA	1	1.7172	Viruses;Duplodnaviria;Heunggongvirae;Uroviricota;Caudoviricetes;;
k127_352801	929	No terminal repeats	NA	2	11	0.8755	NA	2	3.4137	Viruses;Duplodnaviria;Heunggongvirae;Uroviricota;Caudoviricetes;;
k127_90956	441	No terminal repeats	NA	1	11	0.8753	NA	1	1.7183	Viruses;Duplodnaviria;Heunggongvirae;Uroviricota;Caudoviricetes;;
k127_33374	543	No terminal repeats	NA	2	11	0.8729	NA	2	3.1612	Viruses;Duplodnaviria;Heunggongvirae;Uroviricota;Caudoviricetes;;
k127_7889	487	No terminal repeats	NA	1	11	0.8714	NA	1	1.2201	Viruses;Duplodnaviria;Heunggongvirae;Uroviricota;Caudoviricetes;;
k127_423516	812	No terminal repeats	NA	3	11	0.8703	NA	1	3.2666	Viruses;Duplodnaviria;Heunggongvirae;Uroviricota;Caudoviricetes;;
k127_105322	313	No terminal repeats	NA	2	11	0.8697	NA	1	1.4949	Viruses;Duplodnaviria;Heunggongvirae;Uroviricota;Caudoviricetes;;
k127_138526	434	No terminal repeats	NA	1	11	0.8691	NA	1	1.7183	Viruses;Duplodnaviria;Heunggongvirae;Uroviricota;Caudoviricetes;;
k127_36727	359	No terminal repeats	NA	2	11	0.8668	NA	1	1.7183	Viruses;Duplodnaviria;Heunggongvirae;Uroviricota;Caudoviricetes;;
k127_262153	550	No terminal repeats	NA	1	11	0.8659	NA	1	1.7183	Viruses;Duplodnaviria;Heunggongvirae;Uroviricota;Caudoviricetes;;
k127_157960	687	No terminal repeats	NA	1	11	0.8658	NA	1	1.5685	Viruses;Duplodnaviria;Heunggongvirae;Uroviricota;Caudoviricetes;;
k127_11599	640	No terminal repeats	NA	2	11	0.8648	NA	1	1.7183	Viruses;Duplodnaviria;Heunggongvirae;Uroviricota;Caudoviricetes;;
k127_221544	649	No terminal repeats	NA	1	11	0.8590	NA	1	1.3050	Viruses;Duplodnaviria;Heunggongvirae;Uroviricota;Caudoviricetes;;
k127_123449	365	No terminal repeats	NA	1	11	0.8576	NA	1	1.7160	Unclassified
k127_38034	658	No terminal repeats	NA	2	11	0.8546	NA	1	3.2724	Viruses;Duplodnaviria;Heunggongvirae;Uroviricota;Caudoviricetes;;
k127_348839	396	No terminal repeats	NA	1	11	0.8544	NA	1	1.7183	Viruses;Duplodnaviria;Heunggongvirae;Uroviricota;Caudoviricetes;;
k127_446713	455	No terminal repeats	NA	1	11	0.8538	NA	1	1.7183	Viruses;Duplodnaviria;Heunggongvirae;Uroviricota;Caudoviricetes;;
k127_331905	454	No terminal repeats	NA	1	11	0.8519	NA	1	1.7183	Viruses;Duplodnaviria;Heunggongvirae;Uroviricota;Caudoviricetes;;
k127_125372	797	No terminal repeats	NA	1	11	0.8507	NA	1	1.7183	Viruses;Duplodnaviria;Heunggongvirae;Uroviricota;Caudoviricetes;;
k127_120449	808	No terminal repeats	NA	1	11	0.8500	NA	1	1.7183	Viruses;Duplodnaviria;Heunggongvirae;Uroviricota;Caudoviricetes;;
k127_94861	334	No terminal repeats	NA	2	11	0.8479	NA	1	1.7183	Viruses;Duplodnaviria;Heunggongvirae;Uroviricota;Caudoviricetes;;
k127_41636	324	No terminal repeats	NA	1	11	0.8467	NA	1	1.3816	Viruses;Duplodnaviria;Heunggongvirae;Uroviricota;Caudoviricetes;;
k127_192623	398	No terminal repeats	NA	1	11	0.8448	NA	1	1.3182	Viruses;Duplodnaviria;Heunggongvirae;Uroviricota;Caudoviricetes;;
k127_98979	310	No terminal repeats	NA	1	11	0.8434	NA	1	1.4539	Viruses;Duplodnaviria;Heunggongvirae;Uroviricota;Caudoviricetes;;
k127_171618	592	No terminal repeats	NA	1	11	0.8426	NA	1	1.6742	Viruses;Duplodnaviria;Heunggongvirae;Uroviricota;Caudoviricetes;;
k127_70258	452	No terminal repeats	NA	1	11	0.8417	NA	1	1.7183	Viruses;Duplodnaviria;Heunggongvirae;Uroviricota;Caudoviricetes;;
k127_225856	654	No terminal repeats	NA	1	11	0.8402	NA	1	1.7183	Viruses;Duplodnaviria;Heunggongvirae;Uroviricota;Caudoviricetes;;
k127_347935	1015	No terminal repeats	NA	1	11	0.8398	NA	1	1.4067	Viruses;Duplodnaviria;Heunggongvirae;Uroviricota;Caudoviricetes;;
k127_161625	389	No terminal repeats	NA	1	11	0.8378	NA	1	1.1904	Viruses;Duplodnaviria;Heunggongvirae;Uroviricota;Caudoviricetes;;
k127_343991	360	No terminal repeats	NA	1	11	0.8358	NA	1	1.0851	Viruses;Duplodnaviria;Heunggongvirae;Uroviricota;Caudoviricetes;;
k127_298260	643	No terminal repeats	NA	2	11	0.8356	NA	1	1.7183	Viruses;Duplodnaviria;Heunggongvirae;Uroviricota;Caudoviricetes;;
k127_340638	985	No terminal repeats	NA	2	11	0.8354	NA	2	3.3661	Viruses;Duplodnaviria;Heunggongvirae;Uroviricota;Caudoviricetes;;
k127_174280	562	No terminal repeats	NA	1	11	0.8351	NA	1	1.3550	Viruses;Duplodnaviria;Heunggongvirae;Uroviricota;Caudoviricetes;;
k127_10997	467	No terminal repeats	NA	2	4	0.8344	NA	1	1.1720	Viruses;Duplodnaviria;Heunggongvirae;Uroviricota;Caudoviricetes;;
k127_179400	805	No terminal repeats	NA	1	11	0.8343	NA	1	1.1904	Viruses;Duplodnaviria;Heunggongvirae;Uroviricota;Caudoviricetes;;
k127_125522	775	No terminal repeats	NA	1	11	0.8343	NA	1	1.7183	Viruses;Duplodnaviria;Heunggongvirae;Uroviricota;Caudoviricetes;;
k127_55456	671	No terminal repeats	NA	1	11	0.8341	NA	1	0.9355	Viruses;Duplodnaviria;Heunggongvirae;Uroviricota;Caudoviricetes;;
k127_12	457	No terminal repeats	NA	1	11	0.8339	NA	1	1.7183	Viruses;Duplodnaviria;Heunggongvirae;Uroviricota;Caudoviricetes;;
k127_124995	480	No terminal repeats	NA	1	11	0.8338	NA	1	1.3550	Viruses;Duplodnaviria;Heunggongvirae;Uroviricota;Caudoviricetes;;
k127_411762	320	No terminal repeats	NA	1	11	0.8322	NA	1	1.3552	Viruses;Duplodnaviria;Heunggongvirae;Uroviricota;Caudoviricetes;;
k127_423994	429	No terminal repeats	NA	1	11	0.8309	NA	1	1.7183	Viruses;Duplodnaviria;Heunggongvirae;Uroviricota;Caudoviricetes;;
k127_178024	405	No terminal repeats	NA	2	11	0.8298	NA	1	1.4473	Viruses;Duplodnaviria;Heunggongvirae;Uroviricota;Caudoviricetes;;
k127_84069	1085	No terminal repeats	NA	1	11	0.8294	NA	1	1.7183	Viruses;Duplodnaviria;Heunggongvirae;Uroviricota;Caudoviricetes;;
k127_371998	595	No terminal repeats	NA	1	11	0.8292	NA	1	1.1083	Viruses;Duplodnaviria;Heunggongvirae;Uroviricota;Caudoviricetes;;Herelleviridae
k127_223320	529	No terminal repeats	NA	1	11	0.8282	NA	1	1.2952	Viruses;Duplodnaviria;Heunggongvirae;Uroviricota;Caudoviricetes;;
k127_119943	447	No terminal repeats	NA	1	11	0.8273	NA	1	1.1530	Viruses;Duplodnaviria;Heunggongvirae;Uroviricota;Caudoviricetes;;
k127_5216	470	No terminal repeats	NA	1	11	0.8265	NA	1	0.9780	Viruses;Duplodnaviria;Heunggongvirae;Uroviricota;Caudoviricetes;;
k127_102013	314	No terminal repeats	NA	1	11	0.8249	NA	1	1.3562	Viruses;Duplodnaviria;Heunggongvirae;Uroviricota;Caudoviricetes;;
k127_359697	1057	No terminal repeats	NA	2	11	0.8237	NA	1	1.7183	Viruses;Duplodnaviria;Heunggongvirae;Uroviricota;Caudoviricetes;;Straboviridae
k127_409546	581	No terminal repeats	NA	1	11	0.8200	NA	1	1.7183	Viruses;Duplodnaviria;Heunggongvirae;Uroviricota;Caudoviricetes;;
k127_439413	1148	No terminal repeats	NA	1	11	0.8197	NA	1	1.7183	Viruses;Duplodnaviria;Heunggongvirae;Uroviricota;Caudoviricetes;;
k127_179500	553	No terminal repeats	NA	2	11	0.8192	NA	1	1.4717	Viruses;Duplodnaviria;Heunggongvirae;Uroviricota;Caudoviricetes;;
k127_414809	302	No terminal repeats	NA	1	11	0.8143	NA	1	1.0597	Unclassified
k127_187061	305	No terminal repeats	NA	1	11	0.8132	NA	1	1.7080	Viruses;Duplodnaviria;Heunggongvirae;Uroviricota;Caudoviricetes;;
k127_59035	321	No terminal repeats	NA	1	11	0.8089	NA	1	1.2436	Viruses;Duplodnaviria;Heunggongvirae;Uroviricota;Caudoviricetes;;Autographiviridae
k127_188726	475	No terminal repeats	NA	1	11	0.8039	NA	1	1.3307	Viruses;Duplodnaviria;Heunggongvirae;Uroviricota;Caudoviricetes;;
k127_178685	607	No terminal repeats	NA	2	11	0.8036	NA	1	1.7183	Viruses;Varidnaviria;Bamfordvirae;Preplasmiviricota;Tectiliviricetes;Kalamavirales;Tectiviridae
k127_413788	511	No terminal repeats	NA	1	11	0.8015	NA	1	1.0597	Unclassified
k127_101365	343	No terminal repeats	NA	2	11	0.8009	NA	1	1.7183	Viruses;Duplodnaviria;Heunggongvirae;Uroviricota;Caudoviricetes;;
k127_302407	423	No terminal repeats	NA	1	11	0.7997	NA	1	1.7142	Viruses;Duplodnaviria;Heunggongvirae;Uroviricota;Caudoviricetes;;
k127_39050	330	No terminal repeats	NA	1	11	0.7982	NA	1	1.2436	Viruses;Duplodnaviria;Heunggongvirae;Uroviricota;Caudoviricetes;;Autographiviridae
k127_7408	1224	No terminal repeats	NA	2	11	0.7971	NA	1	1.4839	Viruses;Duplodnaviria;Heunggongvirae;Uroviricota;Caudoviricetes;;
k127_219509	703	No terminal repeats	NA	1	11	0.7965	NA	1	1.7183	Viruses;Riboviria;Orthornavirae;;;;
k127_168948	3150	No terminal repeats	NA	6	11	0.7947	NA	2	3.0365	Viruses;Duplodnaviria;Heunggongvirae;Uroviricota;Caudoviricetes;;
k127_91111	561	No terminal repeats	NA	1	11	0.7946	NA	1	1.3550	Viruses;Duplodnaviria;Heunggongvirae;Uroviricota;Caudoviricetes;;
k127_210587	831	No terminal repeats	NA	4	11	0.7908	NA	1	1.7183	Viruses;Duplodnaviria;Heunggongvirae;Uroviricota;Caudoviricetes;;
k127_118770	935	No terminal repeats	NA	1	11	0.7907	NA	1	1.7183	Viruses;Duplodnaviria;Heunggongvirae;Uroviricota;Caudoviricetes;;
k127_317720	336	No terminal repeats	NA	1	11	0.7906	NA	1	1.3307	Viruses;Duplodnaviria;Heunggongvirae;Uroviricota;Caudoviricetes;;
k127_86386	546	No terminal repeats	NA	1	11	0.7903	NA	1	1.7142	Viruses;Duplodnaviria;Heunggongvirae;Uroviricota;Caudoviricetes;;
k127_365640	312	No terminal repeats	NA	1	11	0.7891	NA	1	1.7068	Viruses;Duplodnaviria;Heunggongvirae;Uroviricota;Caudoviricetes;;
k127_272315	853	No terminal repeats	NA	1	11	0.7880	NA	1	0.9221	Viruses;Duplodnaviria;Heunggongvirae;Uroviricota;Caudoviricetes;;Straboviridae
k127_365607	319	No terminal repeats	NA	2	11	0.7870	NA	1	1.0851	Viruses;Duplodnaviria;Heunggongvirae;Uroviricota;Caudoviricetes;;
k127_186312	342	No terminal repeats	NA	1	11	0.7854	NA	1	1.7124	Viruses;Duplodnaviria;Heunggongvirae;Uroviricota;Caudoviricetes;;
k127_66456	453	No terminal repeats	NA	1	11	0.7853	NA	1	1.3307	Viruses;Duplodnaviria;Heunggongvirae;Uroviricota;Caudoviricetes;;
k127_263013	485	No terminal repeats	NA	1	11	0.7852	NA	1	1.7183	Viruses;Duplodnaviria;Heunggongvirae;Uroviricota;Caudoviricetes;;
k127_188732	464	No terminal repeats	NA	1	11	0.7803	NA	1	1.7183	Viruses;Duplodnaviria;Heunggongvirae;Uroviricota;Caudoviricetes;;
k127_399173	796	No terminal repeats	NA	1	11	0.7781	NA	1	1.7183	Viruses;Duplodnaviria;Heunggongvirae;Uroviricota;Caudoviricetes;;
k127_223282	3234	No terminal repeats	NA	2	4	0.7762	NA	0	0.0000	Unclassified
k127_311177	667	No terminal repeats	NA	2	11	0.7761	NA	1	1.7183	Viruses;Duplodnaviria;Heunggongvirae;Uroviricota;Caudoviricetes;;
k127_436478	364	No terminal repeats	NA	1	11	0.7754	NA	1	1.1191	Viruses;Duplodnaviria;Heunggongvirae;Uroviricota;Caudoviricetes;;
k127_348460	328	No terminal repeats	NA	1	11	0.7752	NA	1	1.4387	Viruses;Duplodnaviria;Heunggongvirae;Uroviricota;Caudoviricetes;;
k127_111314	685	No terminal repeats	NA	2	11	0.7694	NA	1	1.5091	Viruses;Duplodnaviria;Heunggongvirae;Uroviricota;Caudoviricetes;;
k127_397276	3349	No terminal repeats	NA	2	11	0.7686	NA	1	1.7183	Viruses;Duplodnaviria;Heunggongvirae;Uroviricota;Caudoviricetes;;
k127_422608	839	No terminal repeats	NA	1	11	0.7683	NA	1	1.6123	Viruses;Duplodnaviria;Heunggongvirae;Uroviricota;Caudoviricetes;;
k127_360235	1074	No terminal repeats	NA	2	11	0.7681	NA	1	1.7183	Viruses;Duplodnaviria;Heunggongvirae;Uroviricota;Caudoviricetes;;
k127_148737	2664	No terminal repeats	NA	2	11	0.7668	NA	0	1.7183	Viruses;Duplodnaviria;Heunggongvirae;Uroviricota;Caudoviricetes;;
k127_373555	310	No terminal repeats	NA	1	11	0.7654	NA	1	1.2944	Viruses;Duplodnaviria;Heunggongvirae;Uroviricota;Caudoviricetes;;
k127_47187	505	No terminal repeats	NA	1	11	0.7599	NA	1	1.7183	Viruses;Duplodnaviria;Heunggongvirae;Uroviricota;Caudoviricetes;;
k127_28519	1130	No terminal repeats	NA	1	11	0.7590	NA	1	1.7183	Viruses;Duplodnaviria;Heunggongvirae;Uroviricota;Caudoviricetes;;
k127_249381	378	No terminal repeats	NA	1	11	0.7590	NA	1	1.7068	Viruses;Duplodnaviria;Heunggongvirae;Uroviricota;Caudoviricetes;;
k127_378217	670	No terminal repeats	NA	2	11	0.7554	NA	1	1.1720	Viruses;Duplodnaviria;Heunggongvirae;Uroviricota;Caudoviricetes;;
k127_301221	2730	No terminal repeats	NA	1	11	0.7551	NA	0	0.0000	Unclassified
k127_456959	340	No terminal repeats	NA	1	11	0.7546	NA	1	1.1530	Viruses;Duplodnaviria;Heunggongvirae;Uroviricota;Caudoviricetes;;
k127_235944	393	No terminal repeats	NA	1	11	0.7538	NA	1	1.0276	Viruses;Duplodnaviria;Heunggongvirae;Uroviricota;Caudoviricetes;;
k127_442176	369	No terminal repeats	NA	2	11	0.7530	NA	1	1.7063	Viruses;Duplodnaviria;Heunggongvirae;Uroviricota;Caudoviricetes;;
k127_86496	558	No terminal repeats	NA	1	11	0.7519	NA	1	1.1579	Viruses;Duplodnaviria;Heunggongvirae;Uroviricota;Caudoviricetes;;
k127_187805	6176	No terminal repeats	NA	5	11	0.7510	NA	0	0.0000	Unclassified
k127_440239	333	No terminal repeats	NA	1	11	0.7502	NA	1	0.9780	Viruses;Duplodnaviria;Heunggongvirae;Uroviricota;Caudoviricetes;;
k127_92189	398	No terminal repeats	NA	2	11	0.7482	NA	1	1.0682	Viruses;Duplodnaviria;Heunggongvirae;Uroviricota;Caudoviricetes;;
k127_375806	321	No terminal repeats	NA	1	11	0.7459	NA	1	1.6972	Viruses;Duplodnaviria;Heunggongvirae;Uroviricota;Caudoviricetes;;
k127_281527	302	No terminal repeats	NA	1	11	0.7454	NA	1	1.5505	Viruses;Duplodnaviria;Heunggongvirae;Uroviricota;Caudoviricetes;;
k127_366651	421	No terminal repeats	NA	1	11	0.7450	NA	1	1.7132	Unclassified
k127_219019	305	No terminal repeats	NA	1	11	0.7450	NA	1	1.5123	Viruses;Duplodnaviria;Heunggongvirae;Uroviricota;Caudoviricetes;;
k127_135560	563	No terminal repeats	NA	1	11	0.7446	NA	1	1.5299	Viruses;Duplodnaviria;Heunggongvirae;Uroviricota;Caudoviricetes;;
k127_154583	895	No terminal repeats	NA	1	11	0.7433	NA	1	1.7183	Viruses;Duplodnaviria;Heunggongvirae;Uroviricota;Caudoviricetes;;
k127_134382	341	No terminal repeats	NA	1	11	0.7429	NA	1	1.0551	Viruses;Duplodnaviria;Heunggongvirae;Uroviricota;Caudoviricetes;;
k127_422861	1009	No terminal repeats	NA	2	11	0.7427	NA	1	1.3188	Viruses;Duplodnaviria;Heunggongvirae;Uroviricota;Caudoviricetes;;
k127_212656	414	No terminal repeats	NA	1	11	0.7356	NA	1	1.2425	Viruses;Duplodnaviria;Heunggongvirae;Uroviricota;Caudoviricetes;;
k127_410533	565	No terminal repeats	NA	1	11	0.7289	NA	1	1.3550	Viruses;Duplodnaviria;Heunggongvirae;Uroviricota;Caudoviricetes;;
k127_92619	461	No terminal repeats	NA	1	11	0.7267	NA	1	1.7063	Viruses;Duplodnaviria;Heunggongvirae;Uroviricota;Caudoviricetes;;
k127_392112	1029	No terminal repeats	NA	1	11	0.7248	NA	1	1.4067	Viruses;Duplodnaviria;Heunggongvirae;Uroviricota;Caudoviricetes;;
k127_56084	317	No terminal repeats	NA	1	11	0.7242	NA	1	1.5484	Viruses;Duplodnaviria;Heunggongvirae;Uroviricota;Caudoviricetes;;
k127_449013	384	No terminal repeats	NA	1	11	0.7233	NA	1	1.7132	Unclassified
k127_393336	348	No terminal repeats	NA	1	11	0.7201	NA	1	1.5068	Viruses;Duplodnaviria;Heunggongvirae;Uroviricota;Caudoviricetes;;
k127_3970	879	No terminal repeats	NA	2	11	0.7151	NA	1	1.7183	Viruses;Duplodnaviria;Heunggongvirae;Uroviricota;Caudoviricetes;;
k127_360061	450	No terminal repeats	NA	2	11	0.7127	NA	1	1.3830	Viruses;Varidnaviria;Bamfordvirae;Preplasmiviricota;Tectiliviricetes;Kalamavirales;Tectiviridae
k127_102616	774	No terminal repeats	NA	2	11	0.7119	NA	1	1.7183	Viruses;Duplodnaviria;Heunggongvirae;Uroviricota;Caudoviricetes;;
k127_162532	485	No terminal repeats	NA	1	11	0.7115	NA	1	1.6735	Viruses;Duplodnaviria;Heunggongvirae;Uroviricota;Caudoviricetes;;
k127_142648	318	No terminal repeats	NA	1	11	0.7110	NA	1	1.4776	Viruses;Duplodnaviria;Heunggongvirae;Uroviricota;Caudoviricetes;;
k127_102841	474	No terminal repeats	NA	1	11	0.7106	NA	1	1.6969	Unclassified
k127_344221	330	No terminal repeats	NA	1	11	0.7046	NA	1	1.4903	Viruses;Duplodnaviria;Heunggongvirae;Uroviricota;Caudoviricetes;;
k127_334196	323	No terminal repeats	NA	2	11	0.7025	NA	1	1.7139	Viruses;Duplodnaviria;Heunggongvirae;Uroviricota;Caudoviricetes;;
