seq_name	length	topology	coordinates	n_genes	genetic_code	virus_score	fdr	n_hallmarks	marker_enrichment	taxonomy
k127_181669	1497	No terminal repeats	NA	3	11	0.9788	NA	1	5.1377	Viruses;Duplodnaviria;Heunggongvirae;Uroviricota;Caudoviricetes;;
k127_391932	3887	No terminal repeats	NA	7	11	0.9765	NA	1	5.1548	Viruses;Duplodnaviria;Heunggongvirae;Uroviricota;Caudoviricetes;;
k127_238306	1704	No terminal repeats	NA	3	11	0.9747	NA	1	3.4366	Viruses;Monodnaviria;Sangervirae;Phixviricota;Malgrandaviricetes;Petitvirales;Microviridae
k127_309034	311	No terminal repeats	NA	1	11	0.9688	NA	1	1.7183	Viruses;Duplodnaviria;Heunggongvirae;Uroviricota;Caudoviricetes;;
k127_334030	543	No terminal repeats	NA	1	11	0.9681	NA	1	1.7183	Viruses;Duplodnaviria;Heunggongvirae;Uroviricota;Caudoviricetes;;
k127_395629	356	No terminal repeats	NA	1	11	0.9680	NA	1	1.7183	Viruses;Duplodnaviria;Heunggongvirae;Uroviricota;Caudoviricetes;;
k127_362543	371	No terminal repeats	NA	1	11	0.9676	NA	1	1.7183	Viruses;Duplodnaviria;Heunggongvirae;Uroviricota;Caudoviricetes;;
k127_249759	314	No terminal repeats	NA	1	11	0.9673	NA	1	1.4728	Viruses;Duplodnaviria;Heunggongvirae;Uroviricota;Caudoviricetes;;Zobellviridae
k127_148646	322	No terminal repeats	NA	1	11	0.9671	NA	1	1.7183	Viruses;Duplodnaviria;Heunggongvirae;Uroviricota;Caudoviricetes;;
k127_249287	768	No terminal repeats	NA	1	11	0.9664	NA	1	1.7183	Viruses;Duplodnaviria;Heunggongvirae;Uroviricota;Caudoviricetes;;
k127_385067	304	No terminal repeats	NA	1	11	0.9663	NA	1	1.7183	Viruses;Duplodnaviria;Heunggongvirae;Uroviricota;Caudoviricetes;;
k127_34912	304	No terminal repeats	NA	1	11	0.9660	NA	1	1.7183	Viruses;Duplodnaviria;Heunggongvirae;Uroviricota;Caudoviricetes;;
k127_392498	485	No terminal repeats	NA	2	11	0.9644	NA	1	1.7183	Unclassified
k127_121832	485	No terminal repeats	NA	1	11	0.9641	NA	1	1.4667	Viruses;Duplodnaviria;Heunggongvirae;Uroviricota;Caudoviricetes;;
k127_198343	6236	No terminal repeats	NA	11	11	0.9636	NA	1	3.9762	Viruses;Duplodnaviria;Heunggongvirae;Uroviricota;Caudoviricetes;;
k127_143310	1744	No terminal repeats	NA	3	15	0.9630	NA	1	3.4366	Viruses;Monodnaviria;Sangervirae;Phixviricota;Malgrandaviricetes;Petitvirales;Microviridae
k127_11384	400	No terminal repeats	NA	1	11	0.9626	NA	1	1.7183	Viruses;Duplodnaviria;Heunggongvirae;Uroviricota;Caudoviricetes;;
k127_186658	395	No terminal repeats	NA	1	11	0.9626	NA	1	1.7183	Viruses;Duplodnaviria;Heunggongvirae;Uroviricota;Caudoviricetes;;
k127_292104	913	No terminal repeats	NA	1	11	0.9626	NA	1	1.7183	Viruses;Duplodnaviria;Heunggongvirae;Uroviricota;Caudoviricetes;;
k127_189394	420	No terminal repeats	NA	1	11	0.9623	NA	1	1.4595	Viruses;Duplodnaviria;Heunggongvirae;Uroviricota;Caudoviricetes;;
k127_98083	309	No terminal repeats	NA	1	15	0.9613	NA	1	1.7183	Viruses;Duplodnaviria;Heunggongvirae;Uroviricota;Caudoviricetes;;
k127_108499	456	No terminal repeats	NA	1	11	0.9607	NA	1	1.7183	Viruses;Duplodnaviria;Heunggongvirae;Uroviricota;Caudoviricetes;;
k127_325272	481	No terminal repeats	NA	1	11	0.9607	NA	1	1.7183	Unclassified
k127_287787	360	No terminal repeats	NA	1	11	0.9607	NA	1	1.4595	Viruses;Duplodnaviria;Heunggongvirae;Uroviricota;Caudoviricetes;;
k127_394634	624	No terminal repeats	NA	1	11	0.9599	NA	1	1.7183	Viruses;Duplodnaviria;Heunggongvirae;Uroviricota;Caudoviricetes;;
k127_163121	922	No terminal repeats	NA	1	11	0.9582	NA	1	1.7183	Viruses;Duplodnaviria;Heunggongvirae;Uroviricota;Caudoviricetes;;
k127_196323	341	No terminal repeats	NA	1	11	0.9580	NA	1	1.7183	Unclassified
k127_415202	499	No terminal repeats	NA	1	11	0.9572	NA	1	1.7183	Viruses;Duplodnaviria;Heunggongvirae;Uroviricota;Caudoviricetes;;Zobellviridae
k127_38309	437	No terminal repeats	NA	1	11	0.9563	NA	1	1.7183	Unclassified
k127_373365	348	No terminal repeats	NA	1	11	0.9562	NA	1	1.6066	Viruses;Duplodnaviria;Heunggongvirae;Uroviricota;Caudoviricetes;;
k127_420091	302	No terminal repeats	NA	1	11	0.9562	NA	1	1.7183	Viruses;Duplodnaviria;Heunggongvirae;Uroviricota;Caudoviricetes;;
k127_18671	324	No terminal repeats	NA	1	11	0.9562	NA	1	1.7183	Viruses;Duplodnaviria;Heunggongvirae;Uroviricota;Caudoviricetes;;
k127_204965	1391	No terminal repeats	NA	3	11	0.9555	NA	1	2.8769	Viruses;Duplodnaviria;Heunggongvirae;Uroviricota;Caudoviricetes;;
k127_205383	355	No terminal repeats	NA	1	11	0.9549	NA	1	1.5123	Viruses;Duplodnaviria;Heunggongvirae;Uroviricota;Caudoviricetes;;
k127_338692	416	No terminal repeats	NA	1	11	0.9541	NA	1	1.7183	Viruses;Duplodnaviria;Heunggongvirae;Uroviricota;Caudoviricetes;;Zobellviridae
k127_210073	378	No terminal repeats	NA	1	11	0.9538	NA	1	1.4698	Viruses;Duplodnaviria;Heunggongvirae;Uroviricota;Caudoviricetes;;
k127_286068	2726	No terminal repeats	NA	2	11	0.9532	NA	0	1.7183	Viruses;Duplodnaviria;Heunggongvirae;Uroviricota;Caudoviricetes;;
k127_247891	390	No terminal repeats	NA	1	11	0.9527	NA	1	1.7183	Viruses;Duplodnaviria;Heunggongvirae;Uroviricota;Caudoviricetes;;
k127_14383	400	No terminal repeats	NA	1	11	0.9521	NA	1	1.7183	Viruses;Duplodnaviria;Heunggongvirae;Uroviricota;Caudoviricetes;;
k127_7987	461	No terminal repeats	NA	1	11	0.9513	NA	1	1.5968	Viruses;Duplodnaviria;Heunggongvirae;Uroviricota;Caudoviricetes;;
k127_184827	377	No terminal repeats	NA	1	11	0.9512	NA	1	1.7183	Viruses;Duplodnaviria;Heunggongvirae;Uroviricota;Caudoviricetes;;
k127_298938	986	No terminal repeats	NA	2	11	0.9512	NA	1	1.7183	Viruses;Duplodnaviria;Heunggongvirae;Uroviricota;Caudoviricetes;;
k127_187932	1110	No terminal repeats	NA	1	11	0.9511	NA	1	1.7183	Viruses;Riboviria;Orthornavirae;Lenarviricota;Amabiliviricetes;Wolframvirales;Narnaviridae
k127_220	333	No terminal repeats	NA	1	11	0.9511	NA	1	1.7183	Viruses;Duplodnaviria;Heunggongvirae;Uroviricota;Caudoviricetes;;
k127_104928	464	No terminal repeats	NA	1	15	0.9509	NA	1	1.4484	Viruses;Duplodnaviria;Heunggongvirae;Uroviricota;Caudoviricetes;;
k127_170325	562	No terminal repeats	NA	2	11	0.9499	NA	1	1.7183	Viruses;Duplodnaviria;Heunggongvirae;Uroviricota;Caudoviricetes;;
k127_222061	447	No terminal repeats	NA	2	11	0.9494	NA	1	1.4840	Unclassified
k127_338757	1117	No terminal repeats	NA	2	11	0.9494	NA	1	3.3756	Viruses;Duplodnaviria;Heunggongvirae;Uroviricota;Caudoviricetes;;
k127_106667	1249	No terminal repeats	NA	2	11	0.9493	NA	2	3.1750	Viruses;Duplodnaviria;Heunggongvirae;Uroviricota;Caudoviricetes;;
k127_261359	315	No terminal repeats	NA	2	11	0.9477	NA	1	1.7183	Viruses;Duplodnaviria;Heunggongvirae;Uroviricota;Caudoviricetes;;Zobellviridae
k127_381744	645	No terminal repeats	NA	1	11	0.9471	NA	1	1.7183	Viruses;Duplodnaviria;Heunggongvirae;Uroviricota;Caudoviricetes;;
k127_81245	452	No terminal repeats	NA	1	11	0.9465	NA	1	1.7183	Viruses;Duplodnaviria;Heunggongvirae;Uroviricota;Caudoviricetes;;Drexlerviridae
k127_335820	422	No terminal repeats	NA	1	11	0.9464	NA	1	1.7183	Viruses;Duplodnaviria;Heunggongvirae;Uroviricota;Caudoviricetes;;
k127_379273	484	No terminal repeats	NA	1	11	0.9440	NA	1	1.7183	Viruses;Duplodnaviria;Heunggongvirae;Uroviricota;Caudoviricetes;;
k127_387636	319	No terminal repeats	NA	1	11	0.9437	NA	1	1.7183	Viruses;Duplodnaviria;Heunggongvirae;Uroviricota;Caudoviricetes;;
k127_241690	317	No terminal repeats	NA	1	11	0.9430	NA	1	1.7183	Viruses;Duplodnaviria;Heunggongvirae;Uroviricota;Caudoviricetes;;
k127_347614	376	No terminal repeats	NA	1	11	0.9428	NA	1	1.7183	Viruses;Duplodnaviria;Heunggongvirae;Uroviricota;Caudoviricetes;;
k127_117260	419	No terminal repeats	NA	1	11	0.9425	NA	1	1.7183	Viruses;Duplodnaviria;Heunggongvirae;Uroviricota;Caudoviricetes;;
k127_278986	597	No terminal repeats	NA	1	11	0.9415	NA	1	1.7183	Viruses;Duplodnaviria;Heunggongvirae;Uroviricota;Caudoviricetes;;
k127_171542	367	No terminal repeats	NA	1	11	0.9413	NA	1	1.7183	Viruses;Duplodnaviria;Heunggongvirae;Uroviricota;Caudoviricetes;;
k127_15639	726	No terminal repeats	NA	1	11	0.9412	NA	1	1.7183	Viruses;Riboviria;Orthornavirae;Pisuviricota;Stelpaviricetes;Patatavirales;Potyviridae
k127_267597	310	No terminal repeats	NA	1	11	0.9412	NA	1	1.7183	Unclassified
k127_58444	421	No terminal repeats	NA	1	11	0.9403	NA	1	1.7183	Viruses;Duplodnaviria;Heunggongvirae;Uroviricota;Caudoviricetes;;
k127_280024	535	No terminal repeats	NA	1	11	0.9393	NA	1	1.7183	Viruses;Duplodnaviria;Heunggongvirae;Uroviricota;Caudoviricetes;;
k127_383544	331	No terminal repeats	NA	1	11	0.9386	NA	1	1.4464	Viruses;Duplodnaviria;Heunggongvirae;Uroviricota;Caudoviricetes;;
k127_3344	1632	No terminal repeats	NA	1	11	0.9380	NA	1	1.7183	Viruses;Riboviria;Orthornavirae;Kitrinoviricota;Magsaviricetes;Nodamuvirales;Nodaviridae
k127_347301	393	No terminal repeats	NA	1	11	0.9374	NA	1	1.4493	Viruses;Duplodnaviria;Heunggongvirae;Uroviricota;Caudoviricetes;;
k127_142755	376	No terminal repeats	NA	1	11	0.9374	NA	1	1.7183	Viruses;Duplodnaviria;Heunggongvirae;Uroviricota;Caudoviricetes;;
k127_231795	301	No terminal repeats	NA	1	11	0.9373	NA	1	1.3198	Viruses;Duplodnaviria;Heunggongvirae;Uroviricota;Caudoviricetes;;
k127_73802	768	No terminal repeats	NA	1	11	0.9371	NA	1	1.7183	Viruses;Duplodnaviria;Heunggongvirae;Uroviricota;Caudoviricetes;;
k127_337810	369	No terminal repeats	NA	1	11	0.9369	NA	1	1.7183	Viruses;Duplodnaviria;Heunggongvirae;Uroviricota;Caudoviricetes;;
k127_165336	412	No terminal repeats	NA	2	11	0.9364	NA	1	1.7183	Viruses;Duplodnaviria;Heunggongvirae;Uroviricota;Caudoviricetes;;Straboviridae
k127_371373	606	No terminal repeats	NA	1	11	0.9363	NA	1	1.7183	Viruses;Duplodnaviria;Heunggongvirae;Uroviricota;Caudoviricetes;;
k127_197179	749	No terminal repeats	NA	1	11	0.9363	NA	1	1.7183	Viruses;Duplodnaviria;Heunggongvirae;Uroviricota;Caudoviricetes;;
k127_65172	335	No terminal repeats	NA	1	11	0.9359	NA	1	1.7183	Viruses;Duplodnaviria;Heunggongvirae;Uroviricota;Caudoviricetes;;
k127_120919	329	No terminal repeats	NA	1	11	0.9356	NA	1	1.4698	Viruses;Duplodnaviria;Heunggongvirae;Uroviricota;Caudoviricetes;;
k127_379239	430	No terminal repeats	NA	2	11	0.9349	NA	2	2.9237	Viruses;Duplodnaviria;Heunggongvirae;Uroviricota;Caudoviricetes;;
k127_193369	641	No terminal repeats	NA	2	11	0.9332	NA	1	1.7183	Viruses;Varidnaviria;Bamfordvirae;Nucleocytoviricota;Megaviricetes;Imitervirales;Mimiviridae
k127_28002	512	No terminal repeats	NA	1	11	0.9331	NA	1	1.7183	Viruses;Duplodnaviria;Heunggongvirae;Uroviricota;Caudoviricetes;;
k127_358346	304	No terminal repeats	NA	1	11	0.9329	NA	1	1.7183	Viruses;Duplodnaviria;Heunggongvirae;Uroviricota;Caudoviricetes;;
k127_215018	336	No terminal repeats	NA	1	11	0.9328	NA	1	1.7183	Viruses;Duplodnaviria;Heunggongvirae;Uroviricota;Caudoviricetes;;
k127_97629	409	No terminal repeats	NA	1	11	0.9327	NA	1	1.2306	Viruses;Duplodnaviria;Heunggongvirae;Uroviricota;Caudoviricetes;;
k127_55242	309	No terminal repeats	NA	1	11	0.9326	NA	1	1.4749	Viruses;Duplodnaviria;Heunggongvirae;Uroviricota;Caudoviricetes;;
k127_28551	330	No terminal repeats	NA	1	11	0.9323	NA	1	1.7183	Viruses;Duplodnaviria;Heunggongvirae;Uroviricota;Caudoviricetes;;
k127_311028	427	No terminal repeats	NA	1	11	0.9322	NA	1	1.5961	Unclassified
k127_171898	442	No terminal repeats	NA	1	11	0.9321	NA	1	1.7183	Viruses;Duplodnaviria;Heunggongvirae;Uroviricota;Caudoviricetes;;
k127_258499	453	No terminal repeats	NA	1	11	0.9312	NA	1	1.5263	Viruses;Duplodnaviria;Heunggongvirae;Uroviricota;Caudoviricetes;;
k127_126872	356	No terminal repeats	NA	1	11	0.9311	NA	1	1.7183	Unclassified
k127_336910	754	No terminal repeats	NA	1	11	0.9311	NA	1	1.7183	Viruses;Duplodnaviria;Heunggongvirae;Uroviricota;Caudoviricetes;;
k127_235233	328	No terminal repeats	NA	1	11	0.9310	NA	1	1.7162	Viruses;Duplodnaviria;Heunggongvirae;Uroviricota;Caudoviricetes;;
k127_322955	376	No terminal repeats	NA	2	11	0.9309	NA	1	1.7183	Viruses;Duplodnaviria;Heunggongvirae;Uroviricota;Caudoviricetes;;
k127_135734	900	No terminal repeats	NA	2	11	0.9306	NA	1	3.2667	Viruses;Duplodnaviria;Heunggongvirae;Uroviricota;Caudoviricetes;;
k127_1334	1536	No terminal repeats	NA	5	11	0.9302	NA	1	2.6669	Viruses;Duplodnaviria;Heunggongvirae;Uroviricota;Caudoviricetes;;
k127_163878	704	No terminal repeats	NA	2	11	0.9302	NA	1	2.6634	Viruses;Duplodnaviria;Heunggongvirae;Uroviricota;Caudoviricetes;;
k127_3364	560	No terminal repeats	NA	1	11	0.9295	NA	1	1.7183	Viruses;Duplodnaviria;Heunggongvirae;Uroviricota;Caudoviricetes;;
k127_126518	301	No terminal repeats	NA	1	11	0.9295	NA	1	1.3867	Viruses;Duplodnaviria;Heunggongvirae;Uroviricota;Caudoviricetes;;
k127_294361	410	No terminal repeats	NA	1	11	0.9293	NA	1	1.7183	Viruses;Duplodnaviria;Heunggongvirae;Uroviricota;Caudoviricetes;;Drexlerviridae
k127_108102	383	No terminal repeats	NA	1	11	0.9285	NA	1	1.7183	Viruses;Duplodnaviria;Heunggongvirae;Uroviricota;Caudoviricetes;;
k127_82645	451	No terminal repeats	NA	1	11	0.9280	NA	1	1.7183	Viruses;Duplodnaviria;Heunggongvirae;Uroviricota;Caudoviricetes;;
k127_22121	1872	No terminal repeats	NA	3	11	0.9279	NA	2	4.5018	Viruses;Duplodnaviria;Heunggongvirae;Uroviricota;Caudoviricetes;;
k127_377090	303	No terminal repeats	NA	1	11	0.9269	NA	1	1.7183	Viruses;Duplodnaviria;Heunggongvirae;Uroviricota;Caudoviricetes;;
k127_160561	594	No terminal repeats	NA	1	11	0.9258	NA	1	1.4595	Viruses;Duplodnaviria;Heunggongvirae;Uroviricota;Caudoviricetes;;
k127_375495	2100	No terminal repeats	NA	2	11	0.9257	NA	1	1.7183	Viruses;Duplodnaviria;Heunggongvirae;Uroviricota;Caudoviricetes;;
k127_277337	354	No terminal repeats	NA	1	11	0.9256	NA	1	1.7183	Viruses;Duplodnaviria;Heunggongvirae;Uroviricota;Caudoviricetes;;
k127_73314	805	No terminal repeats	NA	2	11	0.9247	NA	1	1.7183	Viruses;Duplodnaviria;Heunggongvirae;Uroviricota;Caudoviricetes;;
k127_44666	604	No terminal repeats	NA	1	11	0.9245	NA	1	1.4506	Viruses;Duplodnaviria;Heunggongvirae;Uroviricota;Caudoviricetes;;
k127_417177	401	No terminal repeats	NA	1	11	0.9244	NA	1	1.7183	Viruses;Duplodnaviria;Heunggongvirae;Uroviricota;Caudoviricetes;;
k127_393752	305	No terminal repeats	NA	1	11	0.9235	NA	1	1.3617	Viruses;Duplodnaviria;Heunggongvirae;Uroviricota;Caudoviricetes;;
k127_191932	302	No terminal repeats	NA	1	11	0.9226	NA	1	1.7183	Viruses;Duplodnaviria;Heunggongvirae;Uroviricota;Caudoviricetes;;
k127_28282	398	No terminal repeats	NA	1	11	0.9223	NA	1	1.4211	Viruses;Duplodnaviria;Heunggongvirae;Uroviricota;Caudoviricetes;;
k127_214086	359	No terminal repeats	NA	1	11	0.9216	NA	1	1.7183	Viruses;Duplodnaviria;Heunggongvirae;Uroviricota;Caudoviricetes;;
k127_288077	347	No terminal repeats	NA	1	11	0.9207	NA	1	1.4749	Viruses;Duplodnaviria;Heunggongvirae;Uroviricota;Caudoviricetes;;
k127_357433	1294	No terminal repeats	NA	1	11	0.9192	NA	1	1.7183	Viruses;Riboviria;Orthornavirae;Lenarviricota;Amabiliviricetes;Wolframvirales;Narnaviridae
k127_218929	233	No terminal repeats	NA	1	11	0.9192	NA	1	1.1262	Viruses;Duplodnaviria;Heunggongvirae;Uroviricota;Caudoviricetes;;
k127_92831	357	No terminal repeats	NA	1	11	0.9190	NA	1	1.7183	Viruses;Duplodnaviria;Heunggongvirae;Uroviricota;Caudoviricetes;;
k127_108099	402	No terminal repeats	NA	1	11	0.9190	NA	1	1.3639	Viruses;Duplodnaviria;Heunggongvirae;Uroviricota;Caudoviricetes;;
k127_28567	305	No terminal repeats	NA	1	11	0.9178	NA	1	1.7183	Unclassified
k127_56950	345	No terminal repeats	NA	1	11	0.9173	NA	1	1.7183	Viruses;Duplodnaviria;Heunggongvirae;Uroviricota;Caudoviricetes;;
k127_173443	337	No terminal repeats	NA	1	11	0.9172	NA	1	1.7183	Viruses;Duplodnaviria;Heunggongvirae;Uroviricota;Caudoviricetes;;
k127_4472	517	No terminal repeats	NA	1	11	0.9170	NA	1	1.7183	Viruses;Duplodnaviria;Heunggongvirae;Uroviricota;Caudoviricetes;;
k127_47554	834	No terminal repeats	NA	1	11	0.9168	NA	1	1.7183	Viruses;Duplodnaviria;Heunggongvirae;Uroviricota;Caudoviricetes;;
k127_49499	343	No terminal repeats	NA	2	11	0.9164	NA	1	1.2701	Viruses;Duplodnaviria;Heunggongvirae;Uroviricota;Caudoviricetes;;
k127_350593	458	No terminal repeats	NA	1	11	0.9160	NA	1	1.2306	Viruses;Duplodnaviria;Heunggongvirae;Uroviricota;Caudoviricetes;;
k127_286751	398	No terminal repeats	NA	2	11	0.9159	NA	1	1.9436	Viruses;Duplodnaviria;Heunggongvirae;Uroviricota;Caudoviricetes;;
k127_294093	997	No terminal repeats	NA	3	11	0.9159	NA	1	1.7183	Viruses;Varidnaviria;Bamfordvirae;Nucleocytoviricota;Megaviricetes;Imitervirales;Mimiviridae
k127_335643	1282	No terminal repeats	NA	1	11	0.9158	NA	1	1.7183	Viruses;Duplodnaviria;Heunggongvirae;Uroviricota;Caudoviricetes;;
k127_276597	1540	No terminal repeats	NA	1	11	0.9152	NA	1	1.7183	Viruses;Duplodnaviria;Heunggongvirae;Uroviricota;Caudoviricetes;;Drexlerviridae
k127_355036	445	No terminal repeats	NA	1	11	0.9150	NA	1	1.7183	Viruses;Duplodnaviria;Heunggongvirae;Uroviricota;Caudoviricetes;;
k127_290195	550	No terminal repeats	NA	1	11	0.9145	NA	1	1.7183	Viruses;Duplodnaviria;Heunggongvirae;Uroviricota;Caudoviricetes;;
k127_22221	411	No terminal repeats	NA	1	11	0.9144	NA	1	1.7183	Viruses;Duplodnaviria;Heunggongvirae;Uroviricota;Caudoviricetes;;Drexlerviridae
k127_261218	356	No terminal repeats	NA	1	11	0.9134	NA	1	1.7183	Viruses;Duplodnaviria;Heunggongvirae;Uroviricota;Caudoviricetes;;
k127_72219	649	No terminal repeats	NA	1	11	0.9133	NA	1	1.7183	Viruses;Duplodnaviria;Heunggongvirae;Uroviricota;Caudoviricetes;;
k127_144963	274	No terminal repeats	NA	1	11	0.9127	NA	1	1.1262	Viruses;Duplodnaviria;Heunggongvirae;Uroviricota;Caudoviricetes;;
k127_347332	391	No terminal repeats	NA	1	11	0.9124	NA	1	1.7183	Viruses;Duplodnaviria;Heunggongvirae;Uroviricota;Caudoviricetes;;
k127_418058	410	No terminal repeats	NA	1	11	0.9110	NA	1	1.7183	Viruses;Duplodnaviria;Heunggongvirae;Uroviricota;Caudoviricetes;;
k127_129120	379	No terminal repeats	NA	1	11	0.9108	NA	1	1.4533	Viruses;Duplodnaviria;Heunggongvirae;Uroviricota;Caudoviricetes;;
k127_267511	410	No terminal repeats	NA	1	11	0.9102	NA	1	1.7183	Viruses;Duplodnaviria;Heunggongvirae;Uroviricota;Caudoviricetes;;
k127_197611	363	No terminal repeats	NA	1	11	0.9099	NA	1	1.2485	Viruses;Duplodnaviria;Heunggongvirae;Uroviricota;Caudoviricetes;;
k127_208400	371	No terminal repeats	NA	1	11	0.9093	NA	1	1.4900	Viruses;Duplodnaviria;Heunggongvirae;Uroviricota;Caudoviricetes;;
k127_329204	310	No terminal repeats	NA	1	11	0.9093	NA	1	1.7183	Viruses;Duplodnaviria;Heunggongvirae;Uroviricota;Caudoviricetes;;Herelleviridae
k127_364737	433	No terminal repeats	NA	1	11	0.9089	NA	1	1.2277	Viruses;Duplodnaviria;Heunggongvirae;Uroviricota;Caudoviricetes;;
k127_159552	384	No terminal repeats	NA	1	11	0.9084	NA	1	1.7183	Viruses;Duplodnaviria;Heunggongvirae;Uroviricota;Caudoviricetes;;
k127_54183	390	No terminal repeats	NA	1	11	0.9079	NA	1	1.2720	Viruses;Duplodnaviria;Heunggongvirae;Uroviricota;Caudoviricetes;;
k127_222782	550	No terminal repeats	NA	1	11	0.9076	NA	1	1.2306	Viruses;Duplodnaviria;Heunggongvirae;Uroviricota;Caudoviricetes;;
k127_49116	485	No terminal repeats	NA	1	11	0.9075	NA	1	1.6066	Viruses;Duplodnaviria;Heunggongvirae;Uroviricota;Caudoviricetes;;
k127_267558	373	No terminal repeats	NA	1	11	0.9075	NA	1	1.7183	Viruses;Duplodnaviria;Heunggongvirae;Uroviricota;Caudoviricetes;;
k127_51151	599	No terminal repeats	NA	1	11	0.9073	NA	1	1.3523	Viruses;Duplodnaviria;Heunggongvirae;Uroviricota;Caudoviricetes;;
k127_398235	418	No terminal repeats	NA	1	11	0.9068	NA	1	1.7183	Viruses;Duplodnaviria;Heunggongvirae;Uroviricota;Caudoviricetes;;
k127_405083	303	No terminal repeats	NA	1	11	0.9065	NA	1	1.7084	Viruses;Duplodnaviria;Heunggongvirae;Uroviricota;Caudoviricetes;;
k127_6055	428	No terminal repeats	NA	1	11	0.9058	NA	1	1.7183	Unclassified
k127_183757	359	No terminal repeats	NA	1	11	0.9058	NA	1	1.7183	Viruses;Duplodnaviria;Heunggongvirae;Uroviricota;Caudoviricetes;;
k127_63839	871	No terminal repeats	NA	2	11	0.9057	NA	2	3.2091	Viruses;Duplodnaviria;Heunggongvirae;Uroviricota;Caudoviricetes;;
k127_391154	462	No terminal repeats	NA	1	11	0.9045	NA	1	1.7183	Viruses;Duplodnaviria;Heunggongvirae;Uroviricota;Caudoviricetes;;Drexlerviridae
k127_218986	404	No terminal repeats	NA	1	11	0.9044	NA	1	1.7183	Viruses;Duplodnaviria;Heunggongvirae;Uroviricota;Caudoviricetes;;Drexlerviridae
k127_211403	1168	No terminal repeats	NA	1	11	0.9043	NA	1	1.7183	Viruses;Duplodnaviria;Heunggongvirae;Uroviricota;Caudoviricetes;;
k127_41073	494	No terminal repeats	NA	1	11	0.9039	NA	1	1.7183	Viruses;Duplodnaviria;Heunggongvirae;Uroviricota;Caudoviricetes;;
k127_4445	633	No terminal repeats	NA	1	11	0.9034	NA	1	1.5330	Viruses;Duplodnaviria;Heunggongvirae;Uroviricota;Caudoviricetes;;
k127_186473	307	No terminal repeats	NA	1	11	0.9033	NA	1	1.1262	Viruses;Duplodnaviria;Heunggongvirae;Uroviricota;Caudoviricetes;;
k127_199462	448	No terminal repeats	NA	1	11	0.9029	NA	1	1.4769	Unclassified
k127_126916	1147	No terminal repeats	NA	1	11	0.9026	NA	1	1.7183	Viruses;Duplodnaviria;Heunggongvirae;Uroviricota;Caudoviricetes;;
k127_197770	642	No terminal repeats	NA	1	11	0.9022	NA	1	1.2306	Viruses;Duplodnaviria;Heunggongvirae;Uroviricota;Caudoviricetes;;
k127_317705	455	No terminal repeats	NA	1	11	0.9020	NA	1	1.7183	Viruses;Duplodnaviria;Heunggongvirae;Uroviricota;Caudoviricetes;;
k127_66019	400	No terminal repeats	NA	1	11	0.9017	NA	1	1.7183	Viruses;Duplodnaviria;Heunggongvirae;Uroviricota;Caudoviricetes;;
k127_81618	395	No terminal repeats	NA	1	11	0.9015	NA	1	1.2746	Viruses;Duplodnaviria;Heunggongvirae;Uroviricota;Caudoviricetes;;
k127_95641	466	No terminal repeats	NA	1	11	0.9009	NA	1	1.7183	Viruses;Duplodnaviria;Heunggongvirae;Uroviricota;Caudoviricetes;;
k127_325103	305	No terminal repeats	NA	1	11	0.9003	NA	1	1.0089	Viruses;Duplodnaviria;Heunggongvirae;Uroviricota;Caudoviricetes;;
k127_92402	387	No terminal repeats	NA	1	11	0.8999	NA	1	1.7183	Viruses;Duplodnaviria;Heunggongvirae;Uroviricota;Caudoviricetes;;
k127_192658	369	No terminal repeats	NA	1	11	0.8997	NA	1	1.4595	Viruses;Duplodnaviria;Heunggongvirae;Uroviricota;Caudoviricetes;;
k127_55553	374	No terminal repeats	NA	1	11	0.8991	NA	1	1.4211	Viruses;Duplodnaviria;Heunggongvirae;Uroviricota;Caudoviricetes;;
k127_53047	1476	No terminal repeats	NA	1	11	0.8990	NA	1	1.7183	Viruses;Duplodnaviria;Heunggongvirae;Uroviricota;Caudoviricetes;;
k127_615	966	No terminal repeats	NA	1	4	0.8987	NA	1	1.1496	Viruses;Duplodnaviria;Heunggongvirae;Uroviricota;Caudoviricetes;;
k127_75876	435	No terminal repeats	NA	1	11	0.8984	NA	1	1.7183	Unclassified
k127_162710	349	No terminal repeats	NA	1	11	0.8979	NA	1	1.2934	Viruses;Duplodnaviria;Heunggongvirae;Uroviricota;Caudoviricetes;;
k127_406078	578	No terminal repeats	NA	1	11	0.8977	NA	1	1.7183	Viruses;Duplodnaviria;Heunggongvirae;Uroviricota;Caudoviricetes;;
k127_324863	360	No terminal repeats	NA	1	11	0.8973	NA	1	1.2764	Viruses;Duplodnaviria;Heunggongvirae;Uroviricota;Caudoviricetes;;
k127_348080	372	No terminal repeats	NA	1	11	0.8971	NA	1	1.7183	Viruses;Duplodnaviria;Heunggongvirae;Uroviricota;Caudoviricetes;;Drexlerviridae
k127_279631	331	No terminal repeats	NA	1	11	0.8970	NA	1	1.4211	Viruses;Duplodnaviria;Heunggongvirae;Uroviricota;Caudoviricetes;;
k127_267973	445	No terminal repeats	NA	1	11	0.8962	NA	1	1.4749	Viruses;Duplodnaviria;Heunggongvirae;Uroviricota;Caudoviricetes;;
k127_30704	392	No terminal repeats	NA	1	15	0.8960	NA	1	1.6882	Viruses;Duplodnaviria;Heunggongvirae;Uroviricota;Caudoviricetes;;
k127_170360	592	No terminal repeats	NA	1	11	0.8945	NA	1	1.1362	Viruses;Duplodnaviria;Heunggongvirae;Uroviricota;Caudoviricetes;;
k127_309178	826	No terminal repeats	NA	1	11	0.8936	NA	1	1.2306	Viruses;Duplodnaviria;Heunggongvirae;Uroviricota;Caudoviricetes;;
k127_149216	413	No terminal repeats	NA	1	11	0.8935	NA	1	1.2306	Viruses;Duplodnaviria;Heunggongvirae;Uroviricota;Caudoviricetes;;
k127_290251	313	No terminal repeats	NA	1	11	0.8935	NA	1	1.0036	Viruses;Duplodnaviria;Heunggongvirae;Uroviricota;Caudoviricetes;;
k127_33343	432	No terminal repeats	NA	1	11	0.8928	NA	1	1.4764	Viruses;Duplodnaviria;Heunggongvirae;Uroviricota;Caudoviricetes;;
k127_56905	350	No terminal repeats	NA	2	11	0.8927	NA	1	1.7183	Viruses;Duplodnaviria;Heunggongvirae;Uroviricota;Caudoviricetes;;Zobellviridae
k127_253742	415	No terminal repeats	NA	2	11	0.8920	NA	1	2.4108	Viruses;Duplodnaviria;Heunggongvirae;Uroviricota;Caudoviricetes;;
k127_50157	632	No terminal repeats	NA	1	11	0.8916	NA	1	1.7183	Viruses;Duplodnaviria;Heunggongvirae;Uroviricota;Caudoviricetes;;
k127_41591	350	No terminal repeats	NA	1	11	0.8914	NA	1	1.4880	Viruses;Duplodnaviria;Heunggongvirae;Uroviricota;Caudoviricetes;;
k127_259652	3027	No terminal repeats	NA	3	11	0.8913	NA	0	1.7183	Viruses;Duplodnaviria;Heunggongvirae;Uroviricota;Caudoviricetes;;Zobellviridae
k127_73195	305	No terminal repeats	NA	1	11	0.8908	NA	1	1.2449	Viruses;Duplodnaviria;Heunggongvirae;Uroviricota;Caudoviricetes;;
k127_295431	2902	No terminal repeats	NA	5	11	0.8905	NA	3	5.9255	Viruses;Duplodnaviria;Heunggongvirae;Uroviricota;Caudoviricetes;;
k127_338529	438	No terminal repeats	NA	1	11	0.8900	NA	1	1.3639	Viruses;Duplodnaviria;Heunggongvirae;Uroviricota;Caudoviricetes;;
k127_202574	328	No terminal repeats	NA	1	11	0.8890	NA	1	1.7183	Viruses;Duplodnaviria;Heunggongvirae;Uroviricota;Caudoviricetes;;Drexlerviridae
k127_418605	764	No terminal repeats	NA	1	11	0.8884	NA	1	1.7183	Viruses;Duplodnaviria;Heunggongvirae;Uroviricota;Caudoviricetes;;
k127_50818	857	No terminal repeats	NA	1	11	0.8882	NA	1	1.2306	Viruses;Duplodnaviria;Heunggongvirae;Uroviricota;Caudoviricetes;;
k127_163399	318	No terminal repeats	NA	1	11	0.8878	NA	1	1.7183	Viruses;Duplodnaviria;Heunggongvirae;Uroviricota;Caudoviricetes;;
k127_400139	944	No terminal repeats	NA	1	11	0.8873	NA	1	1.7183	Viruses;Duplodnaviria;Heunggongvirae;Uroviricota;Caudoviricetes;;
k127_20718	401	No terminal repeats	NA	1	11	0.8873	NA	1	1.7183	Viruses;Duplodnaviria;Heunggongvirae;Uroviricota;Caudoviricetes;;
k127_175345	369	No terminal repeats	NA	1	11	0.8860	NA	1	1.0464	Unclassified
k127_217562	333	No terminal repeats	NA	1	11	0.8859	NA	1	1.2108	Unclassified
k127_194401	405	No terminal repeats	NA	1	11	0.8859	NA	1	1.2720	Viruses;Duplodnaviria;Heunggongvirae;Uroviricota;Caudoviricetes;;
k127_262465	335	No terminal repeats	NA	1	11	0.8858	NA	1	1.7183	Viruses;Duplodnaviria;Heunggongvirae;Uroviricota;Caudoviricetes;;
k127_167401	595	No terminal repeats	NA	1	11	0.8856	NA	1	1.7183	Viruses;Duplodnaviria;Heunggongvirae;Uroviricota;Caudoviricetes;;
k127_380994	363	No terminal repeats	NA	2	11	0.8850	NA	1	1.7183	Viruses;Duplodnaviria;Heunggongvirae;Uroviricota;Caudoviricetes;;
k127_336438	339	No terminal repeats	NA	1	11	0.8849	NA	1	1.0036	Viruses;Duplodnaviria;Heunggongvirae;Uroviricota;Caudoviricetes;;
k127_136486	540	No terminal repeats	NA	1	11	0.8840	NA	1	1.2944	Viruses;Duplodnaviria;Heunggongvirae;Uroviricota;Caudoviricetes;;
k127_211838	2014	No terminal repeats	NA	4	11	0.8824	NA	2	4.1511	Viruses;Duplodnaviria;Heunggongvirae;Uroviricota;Caudoviricetes;;
k127_230403	394	No terminal repeats	NA	1	11	0.8816	NA	1	1.5070	Viruses;Duplodnaviria;Heunggongvirae;Uroviricota;Caudoviricetes;;
k127_210954	691	No terminal repeats	NA	1	11	0.8811	NA	1	1.4749	Viruses;Duplodnaviria;Heunggongvirae;Uroviricota;Caudoviricetes;;
k127_74107	742	No terminal repeats	NA	2	11	0.8806	NA	1	1.7183	Viruses;Duplodnaviria;Heunggongvirae;Uroviricota;Caudoviricetes;;
k127_303413	416	No terminal repeats	NA	1	11	0.8804	NA	1	1.7183	Viruses;Duplodnaviria;Heunggongvirae;Uroviricota;Caudoviricetes;;Drexlerviridae
k127_384321	556	No terminal repeats	NA	1	11	0.8798	NA	1	1.2306	Viruses;Duplodnaviria;Heunggongvirae;Uroviricota;Caudoviricetes;;
k127_419186	335	No terminal repeats	NA	1	11	0.8795	NA	1	1.3533	Viruses;Duplodnaviria;Heunggongvirae;Uroviricota;Caudoviricetes;;
k127_308558	643	No terminal repeats	NA	1	11	0.8791	NA	1	1.2734	Viruses;Duplodnaviria;Heunggongvirae;Uroviricota;Caudoviricetes;;
k127_414175	531	No terminal repeats	NA	1	11	0.8789	NA	1	1.7183	Viruses;Duplodnaviria;Heunggongvirae;Uroviricota;Caudoviricetes;;
k127_407081	377	No terminal repeats	NA	2	11	0.8783	NA	1	1.7183	Viruses;Varidnaviria;Bamfordvirae;Preplasmiviricota;Polintoviricetes;Orthopolintovirales;Adintoviridae
k127_337883	386	No terminal repeats	NA	1	11	0.8778	NA	1	1.7183	Viruses;Duplodnaviria;Heunggongvirae;Uroviricota;Caudoviricetes;;
k127_74678	320	No terminal repeats	NA	1	11	0.8774	NA	1	1.2277	Viruses;Duplodnaviria;Heunggongvirae;Uroviricota;Caudoviricetes;;
k127_45980	445	No terminal repeats	NA	1	11	0.8772	NA	1	1.2502	Viruses;Duplodnaviria;Heunggongvirae;Uroviricota;Caudoviricetes;;
k127_147536	350	No terminal repeats	NA	2	11	0.8770	NA	1	1.6847	Viruses;Duplodnaviria;Heunggongvirae;Uroviricota;Caudoviricetes;;
k127_391088	867	No terminal repeats	NA	3	11	0.8765	NA	1	3.1535	Viruses;Duplodnaviria;Heunggongvirae;Uroviricota;Caudoviricetes;;
k127_143779	1149	No terminal repeats	NA	1	11	0.8758	NA	1	1.7183	Viruses;Duplodnaviria;Heunggongvirae;Uroviricota;Caudoviricetes;;
k127_312815	404	No terminal repeats	NA	1	11	0.8750	NA	1	1.2193	Viruses;Duplodnaviria;Heunggongvirae;Uroviricota;Caudoviricetes;;
k127_320728	871	No terminal repeats	NA	1	11	0.8748	NA	1	1.7183	Viruses;Riboviria;Orthornavirae;Lenarviricota;Amabiliviricetes;Wolframvirales;Narnaviridae
k127_276437	349	No terminal repeats	NA	1	11	0.8735	NA	1	1.1157	Viruses;Duplodnaviria;Heunggongvirae;Uroviricota;Caudoviricetes;;
k127_86046	1691	No terminal repeats	NA	1	11	0.8725	NA	1	1.4749	Viruses;Duplodnaviria;Heunggongvirae;Uroviricota;Caudoviricetes;;
k127_321696	662	No terminal repeats	NA	1	11	0.8718	NA	1	1.7183	Viruses;Duplodnaviria;Heunggongvirae;Uroviricota;Caudoviricetes;;
k127_55077	395	No terminal repeats	NA	2	11	0.8694	NA	1	1.7183	Viruses;Duplodnaviria;Heunggongvirae;Uroviricota;Caudoviricetes;;
k127_158989	308	No terminal repeats	NA	1	11	0.8693	NA	1	1.0036	Viruses;Duplodnaviria;Heunggongvirae;Uroviricota;Caudoviricetes;;
k127_400103	437	No terminal repeats	NA	1	11	0.8686	NA	1	1.2306	Viruses;Duplodnaviria;Heunggongvirae;Uroviricota;Caudoviricetes;;
k127_282571	694	No terminal repeats	NA	1	11	0.8683	NA	1	1.2306	Viruses;Duplodnaviria;Heunggongvirae;Uroviricota;Caudoviricetes;;
k127_10985	328	No terminal repeats	NA	1	11	0.8674	NA	1	1.3639	Viruses;Duplodnaviria;Heunggongvirae;Uroviricota;Caudoviricetes;;
k127_236375	345	No terminal repeats	NA	1	11	0.8666	NA	1	1.2944	Viruses;Duplodnaviria;Heunggongvirae;Uroviricota;Caudoviricetes;;
k127_194854	447	No terminal repeats	NA	1	11	0.8661	NA	1	1.2277	Viruses;Duplodnaviria;Heunggongvirae;Uroviricota;Caudoviricetes;;
k127_393096	318	No terminal repeats	NA	1	11	0.8660	NA	1	1.1262	Viruses;Duplodnaviria;Heunggongvirae;Uroviricota;Caudoviricetes;;
k127_385229	305	No terminal repeats	NA	1	11	0.8657	NA	1	1.7183	Viruses;Duplodnaviria;Heunggongvirae;Uroviricota;Caudoviricetes;;
k127_167223	549	No terminal repeats	NA	1	15	0.8657	NA	1	1.2720	Viruses;Duplodnaviria;Heunggongvirae;Uroviricota;Caudoviricetes;;
k127_222488	321	No terminal repeats	NA	1	11	0.8645	NA	1	1.5393	Viruses;Duplodnaviria;Heunggongvirae;Uroviricota;Caudoviricetes;;
k127_132355	347	No terminal repeats	NA	1	11	0.8645	NA	1	1.0036	Viruses;Duplodnaviria;Heunggongvirae;Uroviricota;Caudoviricetes;;
k127_194947	409	No terminal repeats	NA	2	11	0.8639	NA	1	1.4414	Viruses;Duplodnaviria;Heunggongvirae;Uroviricota;Caudoviricetes;;
k127_338755	1308	No terminal repeats	NA	2	11	0.8631	NA	1	1.2768	Viruses;Duplodnaviria;Heunggongvirae;Uroviricota;Caudoviricetes;;
k127_126255	781	No terminal repeats	NA	2	11	0.8629	NA	1	2.0985	Viruses;Duplodnaviria;Heunggongvirae;Uroviricota;Caudoviricetes;;
k127_79847	344	No terminal repeats	NA	1	11	0.8623	NA	1	1.3608	Viruses;Duplodnaviria;Heunggongvirae;Uroviricota;Caudoviricetes;;Straboviridae
k127_341426	691	No terminal repeats	NA	1	11	0.8615	NA	1	1.7183	Viruses;Duplodnaviria;Heunggongvirae;Uroviricota;Caudoviricetes;;
k127_55462	744	No terminal repeats	NA	1	11	0.8606	NA	1	1.7183	Viruses;Duplodnaviria;Heunggongvirae;Uroviricota;Caudoviricetes;;
k127_234476	516	No terminal repeats	NA	1	11	0.8602	NA	1	1.7183	Viruses;Duplodnaviria;Heunggongvirae;Uroviricota;Caudoviricetes;;
k127_211002	1263	No terminal repeats	NA	1	11	0.8601	NA	1	1.2306	Viruses;Duplodnaviria;Heunggongvirae;Uroviricota;Caudoviricetes;;
k127_282476	352	No terminal repeats	NA	1	11	0.8576	NA	1	1.3181	Viruses;Duplodnaviria;Heunggongvirae;Uroviricota;Caudoviricetes;;
k127_5319	316	No terminal repeats	NA	1	11	0.8574	NA	1	1.7165	Viruses;Duplodnaviria;Heunggongvirae;Uroviricota;Caudoviricetes;;
k127_51010	1058	No terminal repeats	NA	3	11	0.8574	NA	2	2.9629	Viruses;Duplodnaviria;Heunggongvirae;Uroviricota;Caudoviricetes;;
k127_88769	421	No terminal repeats	NA	1	11	0.8572	NA	1	1.6802	Viruses;Duplodnaviria;Heunggongvirae;Uroviricota;Caudoviricetes;;
k127_85183	690	No terminal repeats	NA	1	11	0.8563	NA	1	1.7183	Viruses;Duplodnaviria;Heunggongvirae;Uroviricota;Caudoviricetes;;
k127_12336	488	No terminal repeats	NA	2	11	0.8554	NA	1	1.6774	Viruses;Duplodnaviria;Heunggongvirae;Uroviricota;Caudoviricetes;;
k127_302828	350	No terminal repeats	NA	1	11	0.8550	NA	1	0.9866	Viruses;Duplodnaviria;Heunggongvirae;Uroviricota;Caudoviricetes;;
k127_67785	342	No terminal repeats	NA	1	11	0.8548	NA	1	1.3181	Viruses;Duplodnaviria;Heunggongvirae;Uroviricota;Caudoviricetes;;
k127_348454	1218	No terminal repeats	NA	2	11	0.8541	NA	1	1.6066	Viruses;Duplodnaviria;Heunggongvirae;Uroviricota;Caudoviricetes;;
k127_375597	340	No terminal repeats	NA	1	11	0.8537	NA	1	1.4880	Viruses;Duplodnaviria;Heunggongvirae;Uroviricota;Caudoviricetes;;
k127_202457	450	No terminal repeats	NA	1	11	0.8536	NA	1	1.7183	Viruses;Duplodnaviria;Heunggongvirae;Uroviricota;Caudoviricetes;;
k127_398551	480	No terminal repeats	NA	1	11	0.8534	NA	1	1.2306	Viruses;Duplodnaviria;Heunggongvirae;Uroviricota;Caudoviricetes;;
k127_308863	307	No terminal repeats	NA	1	11	0.8532	NA	1	1.7183	Viruses;Duplodnaviria;Heunggongvirae;Uroviricota;Caudoviricetes;;
k127_48472	902	No terminal repeats	NA	1	11	0.8525	NA	1	1.7183	Viruses;Duplodnaviria;Heunggongvirae;Uroviricota;Caudoviricetes;;
k127_174492	680	No terminal repeats	NA	1	11	0.8524	NA	1	1.7183	Viruses;Duplodnaviria;Heunggongvirae;Uroviricota;Caudoviricetes;;
k127_106211	908	No terminal repeats	NA	1	11	0.8515	NA	1	1.7183	Viruses;Duplodnaviria;Heunggongvirae;Uroviricota;Caudoviricetes;;
k127_352942	349	No terminal repeats	NA	1	11	0.8500	NA	1	1.2449	Viruses;Duplodnaviria;Heunggongvirae;Uroviricota;Caudoviricetes;;
k127_304990	796	No terminal repeats	NA	1	11	0.8487	NA	1	1.2089	Viruses;Duplodnaviria;Heunggongvirae;Uroviricota;Caudoviricetes;;
k127_254714	423	No terminal repeats	NA	1	11	0.8478	NA	1	1.5070	Viruses;Duplodnaviria;Heunggongvirae;Uroviricota;Caudoviricetes;;
k127_204264	447	No terminal repeats	NA	1	11	0.8470	NA	1	1.1904	Viruses;Duplodnaviria;Heunggongvirae;Uroviricota;Caudoviricetes;;
k127_370115	367	No terminal repeats	NA	1	11	0.8461	NA	1	1.5305	Viruses;Duplodnaviria;Heunggongvirae;Uroviricota;Caudoviricetes;;
k127_253423	323	No terminal repeats	NA	1	11	0.8455	NA	1	1.2651	Viruses;Duplodnaviria;Heunggongvirae;Uroviricota;Caudoviricetes;;
k127_130290	306	No terminal repeats	NA	1	11	0.8455	NA	1	1.6929	Viruses;Duplodnaviria;Heunggongvirae;Uroviricota;Caudoviricetes;;
k127_341282	427	No terminal repeats	NA	2	11	0.8450	NA	1	0.9531	Viruses;Duplodnaviria;Heunggongvirae;Uroviricota;Caudoviricetes;;
k127_377963	488	No terminal repeats	NA	1	11	0.8448	NA	1	1.6669	Viruses;Duplodnaviria;Heunggongvirae;Uroviricota;Caudoviricetes;;
k127_308314	668	No terminal repeats	NA	1	11	0.8448	NA	1	1.3894	Viruses;Duplodnaviria;Heunggongvirae;Uroviricota;Caudoviricetes;;
k127_162630	318	No terminal repeats	NA	1	11	0.8440	NA	1	1.3308	Viruses;Duplodnaviria;Heunggongvirae;Uroviricota;Caudoviricetes;;
k127_392163	453	No terminal repeats	NA	2	11	0.8436	NA	1	1.7183	Viruses;Monodnaviria;Loebvirae;Hofneiviricota;Faserviricetes;Tubulavirales;Inoviridae
k127_419537	424	No terminal repeats	NA	1	11	0.8432	NA	1	1.2306	Viruses;Duplodnaviria;Heunggongvirae;Uroviricota;Caudoviricetes;;
k127_410854	460	No terminal repeats	NA	1	11	0.8431	NA	1	1.7183	Viruses;Duplodnaviria;Heunggongvirae;Uroviricota;Caudoviricetes;;
k127_218018	337	No terminal repeats	NA	2	11	0.8431	NA	1	1.3996	Viruses;Duplodnaviria;Heunggongvirae;Uroviricota;Caudoviricetes;;
k127_225329	408	No terminal repeats	NA	1	11	0.8418	NA	1	1.3562	Viruses;Duplodnaviria;Heunggongvirae;Uroviricota;Caudoviricetes;;
k127_108857	827	No terminal repeats	NA	1	11	0.8414	NA	1	1.2306	Viruses;Duplodnaviria;Heunggongvirae;Uroviricota;Caudoviricetes;;
k127_87019	736	No terminal repeats	NA	2	11	0.8407	NA	1	2.8214	Viruses;Duplodnaviria;Heunggongvirae;Uroviricota;Caudoviricetes;;
k127_113	934	No terminal repeats	NA	1	11	0.8397	NA	1	1.7183	Viruses;Duplodnaviria;Heunggongvirae;Uroviricota;Caudoviricetes;;
k127_292988	441	No terminal repeats	NA	1	11	0.8396	NA	1	1.1178	Viruses;Duplodnaviria;Heunggongvirae;Uroviricota;Caudoviricetes;;
k127_53248	343	No terminal repeats	NA	1	11	0.8394	NA	1	1.4368	Viruses;Duplodnaviria;Heunggongvirae;Uroviricota;Caudoviricetes;;
k127_308894	420	No terminal repeats	NA	1	11	0.8383	NA	1	1.5665	Viruses;Duplodnaviria;Heunggongvirae;Uroviricota;Caudoviricetes;;
k127_49076	630	No terminal repeats	NA	1	11	0.8377	NA	1	1.7183	Viruses;Duplodnaviria;Heunggongvirae;Uroviricota;Caudoviricetes;;
k127_355150	734	No terminal repeats	NA	1	11	0.8371	NA	1	1.7183	Viruses;Duplodnaviria;Heunggongvirae;Uroviricota;Caudoviricetes;;
k127_397820	727	No terminal repeats	NA	1	11	0.8365	NA	1	1.7183	Viruses;Duplodnaviria;Heunggongvirae;Uroviricota;Caudoviricetes;;
k127_414967	304	No terminal repeats	NA	1	11	0.8361	NA	1	1.3750	Viruses;Duplodnaviria;Heunggongvirae;Uroviricota;Caudoviricetes;;
k127_39340	568	No terminal repeats	NA	1	11	0.8360	NA	1	1.2306	Viruses;Duplodnaviria;Heunggongvirae;Uroviricota;Caudoviricetes;;
k127_113423	378	No terminal repeats	NA	2	11	0.8359	NA	1	1.6774	Viruses;Duplodnaviria;Heunggongvirae;Uroviricota;Caudoviricetes;;
k127_167106	533	No terminal repeats	NA	2	11	0.8357	NA	1	1.6066	Viruses;Duplodnaviria;Heunggongvirae;Uroviricota;Caudoviricetes;;
k127_204338	328	No terminal repeats	NA	1	11	0.8348	NA	1	1.0862	Viruses;Duplodnaviria;Heunggongvirae;Uroviricota;Caudoviricetes;;
k127_209403	304	No terminal repeats	NA	1	11	0.8334	NA	1	1.2442	Viruses;Duplodnaviria;Heunggongvirae;Uroviricota;Caudoviricetes;;
k127_17601	569	No terminal repeats	NA	1	11	0.8327	NA	1	1.3483	Unclassified
k127_412075	330	No terminal repeats	NA	1	11	0.8313	NA	1	1.3565	Viruses;Duplodnaviria;Heunggongvirae;Uroviricota;Caudoviricetes;;
k127_378258	495	No terminal repeats	NA	1	11	0.8308	NA	1	1.7183	Viruses;Duplodnaviria;Heunggongvirae;Uroviricota;Caudoviricetes;;
k127_140338	339	No terminal repeats	NA	1	11	0.8301	NA	1	1.0089	Viruses;Duplodnaviria;Heunggongvirae;Uroviricota;Caudoviricetes;;
k127_337671	851	No terminal repeats	NA	1	11	0.8298	NA	1	1.4880	Viruses;Duplodnaviria;Heunggongvirae;Uroviricota;Caudoviricetes;;
k127_412228	307	No terminal repeats	NA	1	11	0.8297	NA	1	1.3867	Viruses;Duplodnaviria;Heunggongvirae;Uroviricota;Caudoviricetes;;
k127_4110	428	No terminal repeats	NA	1	11	0.8294	NA	1	1.2306	Viruses;Duplodnaviria;Heunggongvirae;Uroviricota;Caudoviricetes;;
k127_326015	533	No terminal repeats	NA	1	11	0.8292	NA	1	1.3888	Viruses;Duplodnaviria;Heunggongvirae;Uroviricota;Caudoviricetes;;Drexlerviridae
k127_193378	314	No terminal repeats	NA	1	11	0.8291	NA	1	1.3639	Viruses;Duplodnaviria;Heunggongvirae;Uroviricota;Caudoviricetes;;
k127_273989	626	No terminal repeats	NA	1	11	0.8288	NA	1	1.7183	Viruses;Duplodnaviria;Heunggongvirae;Uroviricota;Caudoviricetes;;
k127_52566	373	No terminal repeats	NA	1	11	0.8287	NA	1	1.7183	Viruses;Duplodnaviria;Heunggongvirae;Uroviricota;Caudoviricetes;;
k127_262597	996	No terminal repeats	NA	2	11	0.8286	NA	1	1.7183	Viruses;Duplodnaviria;Heunggongvirae;Uroviricota;Caudoviricetes;;
k127_89060	854	No terminal repeats	NA	1	11	0.8277	NA	1	1.2306	Viruses;Duplodnaviria;Heunggongvirae;Uroviricota;Caudoviricetes;;
k127_309716	595	No terminal repeats	NA	2	11	0.8270	NA	1	1.7183	Viruses;Duplodnaviria;Heunggongvirae;Uroviricota;Caudoviricetes;;
k127_68757	347	No terminal repeats	NA	1	11	0.8264	NA	1	1.4113	Viruses;Duplodnaviria;Heunggongvirae;Uroviricota;Caudoviricetes;;
k127_208391	331	No terminal repeats	NA	1	11	0.8264	NA	1	1.4414	Viruses;Duplodnaviria;Heunggongvirae;Uroviricota;Caudoviricetes;;
k127_83276	1072	No terminal repeats	NA	1	11	0.8259	NA	1	1.7183	Viruses;Riboviria;Orthornavirae;Pisuviricota;Duplopiviricetes;Durnavirales;Partitiviridae
k127_398981	357	No terminal repeats	NA	1	11	0.8252	NA	1	1.6734	Viruses;Duplodnaviria;Heunggongvirae;Uroviricota;Caudoviricetes;;
k127_157665	565	No terminal repeats	NA	1	11	0.8241	NA	1	1.7183	Viruses;Duplodnaviria;Heunggongvirae;Uroviricota;Caudoviricetes;;
k127_394617	313	No terminal repeats	NA	1	11	0.8232	NA	1	1.0320	Viruses;Duplodnaviria;Heunggongvirae;Uroviricota;Caudoviricetes;;
k127_164640	876	No terminal repeats	NA	2	11	0.8218	NA	1	1.2306	Viruses;Duplodnaviria;Heunggongvirae;Uroviricota;Caudoviricetes;;
k127_59648	610	No terminal repeats	NA	1	11	0.8215	NA	1	1.7183	Viruses;Duplodnaviria;Heunggongvirae;Uroviricota;Caudoviricetes;;
k127_337443	690	No terminal repeats	NA	1	11	0.8211	NA	1	1.7011	Viruses;Duplodnaviria;Heunggongvirae;Uroviricota;Caudoviricetes;;
k127_144502	376	No terminal repeats	NA	2	11	0.8204	NA	1	1.3996	Viruses;Duplodnaviria;Heunggongvirae;Uroviricota;Caudoviricetes;;
k127_170366	526	No terminal repeats	NA	1	11	0.8202	NA	1	1.2716	Viruses;Duplodnaviria;Heunggongvirae;Uroviricota;Caudoviricetes;;
k127_102393	611	No terminal repeats	NA	1	11	0.8195	NA	1	1.2306	Viruses;Duplodnaviria;Heunggongvirae;Uroviricota;Caudoviricetes;;
k127_21657	358	No terminal repeats	NA	1	11	0.8193	NA	1	1.2442	Viruses;Duplodnaviria;Heunggongvirae;Uroviricota;Caudoviricetes;;
k127_389805	1128	No terminal repeats	NA	1	11	0.8189	NA	1	1.5986	Viruses;Duplodnaviria;Heunggongvirae;Uroviricota;Caudoviricetes;;
k127_311111	350	No terminal repeats	NA	1	11	0.8185	NA	1	1.3595	Viruses;Duplodnaviria;Heunggongvirae;Uroviricota;Caudoviricetes;;
k127_390519	367	No terminal repeats	NA	1	11	0.8182	NA	1	1.0036	Viruses;Duplodnaviria;Heunggongvirae;Uroviricota;Caudoviricetes;;
k127_307321	675	No terminal repeats	NA	1	11	0.8181	NA	1	1.7183	Viruses;Duplodnaviria;Heunggongvirae;Uroviricota;Caudoviricetes;;
k127_383599	1013	No terminal repeats	NA	1	11	0.8161	NA	1	1.7183	Viruses;Duplodnaviria;Heunggongvirae;Uroviricota;Caudoviricetes;;
k127_344479	746	No terminal repeats	NA	1	11	0.8155	NA	1	1.2306	Viruses;Duplodnaviria;Heunggongvirae;Uroviricota;Caudoviricetes;;
k127_95367	364	No terminal repeats	NA	1	11	0.8152	NA	1	1.1157	Viruses;Duplodnaviria;Heunggongvirae;Uroviricota;Caudoviricetes;;
k127_351926	1050	No terminal repeats	NA	2	11	0.8130	NA	1	1.7183	Viruses;Duplodnaviria;Heunggongvirae;Uroviricota;Caudoviricetes;;
k127_247685	740	No terminal repeats	NA	1	11	0.8125	NA	1	1.2306	Viruses;Duplodnaviria;Heunggongvirae;Uroviricota;Caudoviricetes;;
k127_414519	936	No terminal repeats	NA	1	11	0.8111	NA	1	1.7183	Viruses;Duplodnaviria;Heunggongvirae;Uroviricota;Caudoviricetes;;
k127_335211	436	No terminal repeats	NA	1	11	0.8111	NA	1	1.7162	Viruses;Duplodnaviria;Heunggongvirae;Uroviricota;Caudoviricetes;;
k127_187699	1213	No terminal repeats	NA	1	11	0.8104	NA	1	1.7183	Viruses;Duplodnaviria;Heunggongvirae;Uroviricota;Caudoviricetes;;Drexlerviridae
k127_382650	317	No terminal repeats	NA	1	11	0.8089	NA	1	1.7183	Viruses;Duplodnaviria;Heunggongvirae;Uroviricota;Caudoviricetes;;
k127_358750	321	No terminal repeats	NA	1	11	0.8051	NA	1	1.6100	Viruses;Duplodnaviria;Heunggongvirae;Uroviricota;Caudoviricetes;;
k127_408170	553	No terminal repeats	NA	2	11	0.8050	NA	1	1.2720	Viruses;Duplodnaviria;Heunggongvirae;Uroviricota;Caudoviricetes;;
k127_7007	641	No terminal repeats	NA	1	11	0.8048	NA	1	1.2306	Viruses;Duplodnaviria;Heunggongvirae;Uroviricota;Caudoviricetes;;
k127_215319	474	No terminal repeats	NA	1	11	0.8042	NA	1	1.7162	Viruses;Duplodnaviria;Heunggongvirae;Uroviricota;Caudoviricetes;;
k127_79920	354	No terminal repeats	NA	1	11	0.8035	NA	1	1.7143	Unclassified
k127_373768	1490	No terminal repeats	NA	1	11	0.8030	NA	1	1.7183	Viruses;Riboviria;Orthornavirae;Pisuviricota;Duplopiviricetes;Durnavirales;Partitiviridae
k127_2304	367	No terminal repeats	NA	1	11	0.8027	NA	1	1.5362	Viruses;Duplodnaviria;Heunggongvirae;Uroviricota;Caudoviricetes;;
k127_362683	894	No terminal repeats	NA	1	11	0.8024	NA	1	1.7183	Viruses;Duplodnaviria;Heunggongvirae;Uroviricota;Caudoviricetes;;
k127_55278	323	No terminal repeats	NA	1	11	0.8020	NA	1	1.0320	Viruses;Duplodnaviria;Heunggongvirae;Uroviricota;Caudoviricetes;;
k127_399379	1291	No terminal repeats	NA	1	11	0.8020	NA	1	1.7183	Viruses;Duplodnaviria;Heunggongvirae;Uroviricota;Caudoviricetes;;
k127_221265	934	No terminal repeats	NA	1	11	0.8020	NA	1	1.4749	Viruses;Duplodnaviria;Heunggongvirae;Uroviricota;Caudoviricetes;;
k127_202580	722	No terminal repeats	NA	2	11	0.8018	NA	1	1.2306	Viruses;Duplodnaviria;Heunggongvirae;Uroviricota;Caudoviricetes;;
k127_157929	315	No terminal repeats	NA	2	11	0.8013	NA	1	1.7183	Viruses;Duplodnaviria;Heunggongvirae;Uroviricota;Caudoviricetes;;
k127_22762	398	No terminal repeats	NA	1	11	0.8005	NA	1	1.7183	Viruses;Duplodnaviria;Heunggongvirae;Uroviricota;Caudoviricetes;;
k127_2368	419	No terminal repeats	NA	1	11	0.8004	NA	1	1.3878	Viruses;Duplodnaviria;Heunggongvirae;Uroviricota;Caudoviricetes;;
k127_74309	436	No terminal repeats	NA	2	11	0.7991	NA	1	1.7132	Viruses;Duplodnaviria;Heunggongvirae;Uroviricota;Caudoviricetes;;
k127_221098	673	No terminal repeats	NA	1	11	0.7987	NA	1	1.2306	Viruses;Duplodnaviria;Heunggongvirae;Uroviricota;Caudoviricetes;;
k127_309844	872	No terminal repeats	NA	1	11	0.7971	NA	1	1.6575	Viruses;Duplodnaviria;Heunggongvirae;Uroviricota;Caudoviricetes;;
k127_357572	307	No terminal repeats	NA	1	11	0.7935	NA	1	1.6669	Viruses;Duplodnaviria;Heunggongvirae;Uroviricota;Caudoviricetes;;
k127_12167	1409	No terminal repeats	NA	1	11	0.7934	NA	1	1.7183	Viruses;Duplodnaviria;Heunggongvirae;Uroviricota;Caudoviricetes;;
k127_364813	341	No terminal repeats	NA	1	11	0.7933	NA	1	1.4483	Viruses;Duplodnaviria;Heunggongvirae;Uroviricota;Caudoviricetes;;
k127_166564	327	No terminal repeats	NA	1	11	0.7929	NA	1	1.3562	Viruses;Duplodnaviria;Heunggongvirae;Uroviricota;Caudoviricetes;;
k127_21797	852	No terminal repeats	NA	1	11	0.7897	NA	1	1.7183	Viruses;Duplodnaviria;Heunggongvirae;Uroviricota;Caudoviricetes;;
k127_161429	307	No terminal repeats	NA	1	11	0.7893	NA	1	1.4880	Viruses;Duplodnaviria;Heunggongvirae;Uroviricota;Caudoviricetes;;
k127_408800	785	No terminal repeats	NA	1	11	0.7884	NA	1	1.7183	Viruses;Duplodnaviria;Heunggongvirae;Uroviricota;Caudoviricetes;;
k127_324377	329	No terminal repeats	NA	2	11	0.7882	NA	1	1.7183	Unclassified
k127_389053	304	No terminal repeats	NA	2	11	0.7880	NA	1	1.4506	Viruses;Duplodnaviria;Heunggongvirae;Uroviricota;Caudoviricetes;;
k127_295804	354	No terminal repeats	NA	1	11	0.7873	NA	1	1.1438	Viruses;Duplodnaviria;Heunggongvirae;Uroviricota;Caudoviricetes;;
k127_362182	313	No terminal repeats	NA	1	11	0.7869	NA	1	1.1702	Viruses;Duplodnaviria;Heunggongvirae;Uroviricota;Caudoviricetes;;
k127_174877	358	No terminal repeats	NA	1	11	0.7863	NA	1	1.3816	Viruses;Duplodnaviria;Heunggongvirae;Uroviricota;Caudoviricetes;;
k127_257389	694	No terminal repeats	NA	1	11	0.7858	NA	1	1.6669	Viruses;Duplodnaviria;Heunggongvirae;Uroviricota;Caudoviricetes;;
k127_8903	324	No terminal repeats	NA	1	11	0.7854	NA	1	1.6774	Viruses;Duplodnaviria;Heunggongvirae;Uroviricota;Caudoviricetes;;
k127_198114	311	No terminal repeats	NA	1	11	0.7837	NA	1	1.3388	Viruses;Duplodnaviria;Heunggongvirae;Uroviricota;Caudoviricetes;;
k127_10537	423	No terminal repeats	NA	1	11	0.7836	NA	1	1.2306	Viruses;Duplodnaviria;Heunggongvirae;Uroviricota;Caudoviricetes;;
k127_402413	733	No terminal repeats	NA	1	11	0.7821	NA	1	1.2306	Viruses;Duplodnaviria;Heunggongvirae;Uroviricota;Caudoviricetes;;
k127_356466	582	No terminal repeats	NA	1	11	0.7819	NA	1	1.6734	Viruses;Duplodnaviria;Heunggongvirae;Uroviricota;Caudoviricetes;;
k127_388714	536	No terminal repeats	NA	1	11	0.7805	NA	1	1.7077	Viruses;Duplodnaviria;Heunggongvirae;Uroviricota;Caudoviricetes;;
k127_232962	1849	No terminal repeats	NA	3	11	0.7799	NA	2	3.7141	Viruses;Duplodnaviria;Heunggongvirae;Uroviricota;Caudoviricetes;;
k127_224864	1350	No terminal repeats	NA	2	11	0.7780	NA	1	1.7183	Viruses;Duplodnaviria;Heunggongvirae;Uroviricota;Caudoviricetes;;
k127_23431	920	No terminal repeats	NA	2	11	0.7774	NA	1	1.2306	Viruses;Duplodnaviria;Heunggongvirae;Uroviricota;Caudoviricetes;;
k127_312639	817	No terminal repeats	NA	2	11	0.7763	NA	1	1.2306	Viruses;Duplodnaviria;Heunggongvirae;Uroviricota;Caudoviricetes;;
k127_201072	1197	No terminal repeats	NA	1	11	0.7757	NA	1	1.7159	Viruses;Duplodnaviria;Heunggongvirae;Uroviricota;Caudoviricetes;;
k127_93486	892	No terminal repeats	NA	3	11	0.7744	NA	1	2.8795	Viruses;Duplodnaviria;Heunggongvirae;Uroviricota;Caudoviricetes;;
k127_364221	422	No terminal repeats	NA	1	11	0.7734	NA	1	0.9531	Viruses;Duplodnaviria;Heunggongvirae;Uroviricota;Caudoviricetes;;
k127_94682	318	No terminal repeats	NA	1	11	0.7734	NA	1	1.3181	Viruses;Duplodnaviria;Heunggongvirae;Uroviricota;Caudoviricetes;;
k127_204111	517	No terminal repeats	NA	1	11	0.7721	NA	1	1.3746	Viruses;Duplodnaviria;Heunggongvirae;Uroviricota;Caudoviricetes;;
k127_192420	541	No terminal repeats	NA	1	11	0.7710	NA	1	1.2306	Viruses;Duplodnaviria;Heunggongvirae;Uroviricota;Caudoviricetes;;
k127_162438	865	No terminal repeats	NA	2	11	0.7707	NA	1	1.7183	Viruses;Duplodnaviria;Heunggongvirae;Uroviricota;Caudoviricetes;;
k127_237051	655	No terminal repeats	NA	1	11	0.7707	NA	1	1.3181	Viruses;Duplodnaviria;Heunggongvirae;Uroviricota;Caudoviricetes;;
k127_292989	973	No terminal repeats	NA	2	11	0.7700	NA	1	1.7183	Viruses;Duplodnaviria;Heunggongvirae;Uroviricota;Caudoviricetes;;Drexlerviridae
k127_363722	759	No terminal repeats	NA	2	11	0.7694	NA	1	1.7136	Viruses;Duplodnaviria;Heunggongvirae;Uroviricota;Caudoviricetes;;
k127_340185	367	No terminal repeats	NA	1	11	0.7691	NA	1	1.3314	Viruses;Duplodnaviria;Heunggongvirae;Uroviricota;Caudoviricetes;;
k127_6634	1023	No terminal repeats	NA	2	11	0.7688	NA	1	1.6575	Viruses;Duplodnaviria;Heunggongvirae;Uroviricota;Caudoviricetes;;
k127_349210	356	No terminal repeats	NA	1	11	0.7688	NA	1	1.5407	Viruses;Duplodnaviria;Heunggongvirae;Uroviricota;Caudoviricetes;;
k127_296379	810	No terminal repeats	NA	1	11	0.7688	NA	1	1.3308	Viruses;Duplodnaviria;Heunggongvirae;Uroviricota;Caudoviricetes;;
k127_336790	381	No terminal repeats	NA	1	11	0.7684	NA	1	1.2683	Viruses;Duplodnaviria;Heunggongvirae;Uroviricota;Caudoviricetes;;
k127_121547	866	No terminal repeats	NA	1	11	0.7683	NA	1	1.2306	Viruses;Duplodnaviria;Heunggongvirae;Uroviricota;Caudoviricetes;;
k127_140866	325	No terminal repeats	NA	1	11	0.7678	NA	1	1.3153	Viruses;Duplodnaviria;Heunggongvirae;Uroviricota;Caudoviricetes;;
k127_24483	467	No terminal repeats	NA	1	11	0.7677	NA	1	1.0663	Viruses;Duplodnaviria;Heunggongvirae;Uroviricota;Caudoviricetes;;
k127_339154	515	No terminal repeats	NA	1	11	0.7677	NA	1	1.4764	Viruses;Duplodnaviria;Heunggongvirae;Uroviricota;Caudoviricetes;;
k127_139446	468	No terminal repeats	NA	1	11	0.7672	NA	1	1.2720	Viruses;Duplodnaviria;Heunggongvirae;Uroviricota;Caudoviricetes;;
k127_333313	316	No terminal repeats	NA	1	11	0.7668	NA	1	1.4821	Viruses;Duplodnaviria;Heunggongvirae;Uroviricota;Caudoviricetes;;
k127_145526	3274	No terminal repeats	NA	3	11	0.7659	NA	1	2.4083	Viruses;Duplodnaviria;Heunggongvirae;Uroviricota;Caudoviricetes;;
k127_28704	348	No terminal repeats	NA	1	11	0.7656	NA	1	1.3610	Viruses;Duplodnaviria;Heunggongvirae;Uroviricota;Caudoviricetes;;
k127_124346	440	No terminal repeats	NA	1	11	0.7642	NA	1	1.7183	Unclassified
k127_249681	1136	No terminal repeats	NA	2	11	0.7637	NA	1	1.7183	Viruses;Riboviria;Orthornavirae;Pisuviricota;Stelpaviricetes;Patatavirales;Potyviridae
k127_391684	315	No terminal repeats	NA	1	11	0.7636	NA	1	1.0320	Viruses;Duplodnaviria;Heunggongvirae;Uroviricota;Caudoviricetes;;
k127_70157	950	No terminal repeats	NA	1	11	0.7632	NA	1	1.7183	Viruses;Duplodnaviria;Heunggongvirae;Uroviricota;Caudoviricetes;;
k127_20957	369	No terminal repeats	NA	1	11	0.7626	NA	1	1.3168	Viruses;Duplodnaviria;Heunggongvirae;Uroviricota;Caudoviricetes;;
k127_77079	430	No terminal repeats	NA	1	11	0.7603	NA	1	1.1157	Viruses;Duplodnaviria;Heunggongvirae;Uroviricota;Caudoviricetes;;
k127_164093	2727	No terminal repeats	NA	1	11	0.7602	NA	0	0.0000	Unclassified
k127_63128	509	No terminal repeats	NA	1	11	0.7597	NA	1	1.2952	Viruses;Duplodnaviria;Heunggongvirae;Uroviricota;Caudoviricetes;;
k127_204735	582	No terminal repeats	NA	1	11	0.7594	NA	1	1.0320	Viruses;Duplodnaviria;Heunggongvirae;Uroviricota;Caudoviricetes;;
k127_146047	632	No terminal repeats	NA	1	11	0.7590	NA	1	1.2306	Viruses;Duplodnaviria;Heunggongvirae;Uroviricota;Caudoviricetes;;
k127_278476	319	No terminal repeats	NA	1	11	0.7588	NA	1	1.4900	Viruses;Duplodnaviria;Heunggongvirae;Uroviricota;Caudoviricetes;;
k127_291722	333	No terminal repeats	NA	1	11	0.7585	NA	1	1.6669	Viruses;Duplodnaviria;Heunggongvirae;Uroviricota;Caudoviricetes;;
k127_187737	422	No terminal repeats	NA	1	11	0.7580	NA	1	1.2306	Viruses;Duplodnaviria;Heunggongvirae;Uroviricota;Caudoviricetes;;
k127_378686	540	No terminal repeats	NA	1	11	0.7556	NA	1	1.3150	Viruses;Duplodnaviria;Heunggongvirae;Uroviricota;Caudoviricetes;;
k127_210922	570	No terminal repeats	NA	1	11	0.7545	NA	1	1.2847	Viruses;Duplodnaviria;Heunggongvirae;Uroviricota;Caudoviricetes;;
k127_417323	774	No terminal repeats	NA	1	11	0.7541	NA	1	1.7183	Viruses;Duplodnaviria;Heunggongvirae;Uroviricota;Caudoviricetes;;
k127_213626	365	No terminal repeats	NA	1	11	0.7535	NA	1	1.4263	Unclassified
k127_113092	1483	No terminal repeats	NA	2	11	0.7519	NA	1	1.5978	Viruses;Duplodnaviria;Heunggongvirae;Uroviricota;Caudoviricetes;;
k127_122979	309	No terminal repeats	NA	1	11	0.7513	NA	1	1.2802	Viruses;Duplodnaviria;Heunggongvirae;Uroviricota;Caudoviricetes;;
k127_269488	335	No terminal repeats	NA	1	11	0.7513	NA	1	1.2944	Viruses;Duplodnaviria;Heunggongvirae;Uroviricota;Caudoviricetes;;
k127_248536	507	No terminal repeats	NA	1	11	0.7508	NA	1	1.7183	Viruses;Duplodnaviria;Heunggongvirae;Uroviricota;Caudoviricetes;;
k127_136521	1032	No terminal repeats	NA	2	11	0.7502	NA	1	1.7183	Viruses;Duplodnaviria;Heunggongvirae;Uroviricota;Caudoviricetes;;
k127_11105	1027	No terminal repeats	NA	2	11	0.7498	NA	1	1.7183	Viruses;Duplodnaviria;Heunggongvirae;Uroviricota;Caudoviricetes;;
k127_216456	325	No terminal repeats	NA	1	11	0.7497	NA	1	1.2657	Viruses;Duplodnaviria;Heunggongvirae;Uroviricota;Caudoviricetes;;
k127_61232	321	No terminal repeats	NA	1	11	0.7487	NA	1	1.3450	Viruses;Duplodnaviria;Heunggongvirae;Uroviricota;Caudoviricetes;;
k127_309282	433	No terminal repeats	NA	2	11	0.7460	NA	1	1.6972	Viruses;Duplodnaviria;Heunggongvirae;Uroviricota;Caudoviricetes;;
k127_235251	330	No terminal repeats	NA	1	11	0.7459	NA	1	1.6972	Viruses;Duplodnaviria;Heunggongvirae;Uroviricota;Caudoviricetes;;
k127_163738	1196	No terminal repeats	NA	1	11	0.7453	NA	1	1.2306	Viruses;Duplodnaviria;Heunggongvirae;Uroviricota;Caudoviricetes;;
k127_219992	1249	No terminal repeats	NA	1	11	0.7452	NA	1	1.2277	Viruses;Duplodnaviria;Heunggongvirae;Uroviricota;Caudoviricetes;;
k127_58307	336	No terminal repeats	NA	1	11	0.7448	NA	1	1.0089	Viruses;Duplodnaviria;Heunggongvirae;Uroviricota;Caudoviricetes;;
k127_330830	404	No terminal repeats	NA	1	11	0.7427	NA	1	1.2657	Viruses;Duplodnaviria;Heunggongvirae;Uroviricota;Caudoviricetes;;
k127_119129	358	No terminal repeats	NA	1	11	0.7426	NA	1	1.7136	Viruses;Duplodnaviria;Heunggongvirae;Uroviricota;Caudoviricetes;;
k127_14988	502	No terminal repeats	NA	1	11	0.7424	NA	1	1.2491	Viruses;Duplodnaviria;Heunggongvirae;Uroviricota;Caudoviricetes;;
k127_34984	550	No terminal repeats	NA	2	11	0.7423	NA	1	1.5600	Viruses;Duplodnaviria;Heunggongvirae;Uroviricota;Caudoviricetes;;
k127_8610	382	No terminal repeats	NA	1	11	0.7420	NA	1	1.1328	Viruses;Duplodnaviria;Heunggongvirae;Uroviricota;Caudoviricetes;;
k127_298044	455	No terminal repeats	NA	1	11	0.7404	NA	1	1.3198	Viruses;Duplodnaviria;Heunggongvirae;Uroviricota;Caudoviricetes;;
k127_283145	390	No terminal repeats	NA	1	11	0.7398	NA	1	1.1892	Viruses;Duplodnaviria;Heunggongvirae;Uroviricota;Caudoviricetes;;
k127_308388	3304	No terminal repeats	NA	8	11	0.7380	NA	0	0.2092	Viruses;Duplodnaviria;Heunggongvirae;Uroviricota;Caudoviricetes;;
k127_235807	362	No terminal repeats	NA	1	11	0.7372	NA	1	1.1579	Viruses;Duplodnaviria;Heunggongvirae;Uroviricota;Caudoviricetes;;
k127_21357	370	No terminal repeats	NA	1	11	0.7362	NA	1	1.7136	Viruses;Duplodnaviria;Heunggongvirae;Uroviricota;Caudoviricetes;;
k127_195064	656	No terminal repeats	NA	1	11	0.7359	NA	1	1.7183	Viruses;Duplodnaviria;Heunggongvirae;Uroviricota;Caudoviricetes;;
k127_20840	367	No terminal repeats	NA	1	11	0.7350	NA	1	1.7091	Viruses;Duplodnaviria;Heunggongvirae;Uroviricota;Caudoviricetes;;
k127_14485	342	No terminal repeats	NA	1	11	0.7338	NA	1	1.5600	Viruses;Duplodnaviria;Heunggongvirae;Uroviricota;Caudoviricetes;;
k127_379935	505	No terminal repeats	NA	1	11	0.7332	NA	1	1.1808	Viruses;Duplodnaviria;Heunggongvirae;Uroviricota;Caudoviricetes;;
k127_312742	345	No terminal repeats	NA	1	11	0.7324	NA	1	1.7104	Viruses;Duplodnaviria;Heunggongvirae;Uroviricota;Caudoviricetes;;
k127_28559	1940	No terminal repeats	NA	3	11	0.7289	NA	1	1.2751	Viruses;Duplodnaviria;Heunggongvirae;Uroviricota;Caudoviricetes;;
k127_322952	303	No terminal repeats	NA	1	11	0.7276	NA	1	1.3139	Viruses;Duplodnaviria;Heunggongvirae;Uroviricota;Caudoviricetes;;
k127_234960	537	No terminal repeats	NA	2	11	0.7272	NA	1	1.0036	Viruses;Duplodnaviria;Heunggongvirae;Uroviricota;Caudoviricetes;;
k127_123038	352	No terminal repeats	NA	1	11	0.7271	NA	1	1.3562	Viruses;Duplodnaviria;Heunggongvirae;Uroviricota;Caudoviricetes;;
k127_350856	309	No terminal repeats	NA	1	11	0.7271	NA	1	1.6742	Viruses;Duplodnaviria;Heunggongvirae;Uroviricota;Caudoviricetes;;
k127_220944	388	No terminal repeats	NA	2	11	0.7270	NA	1	1.3562	Viruses;Duplodnaviria;Heunggongvirae;Uroviricota;Caudoviricetes;;
k127_356988	367	No terminal repeats	NA	1	11	0.7263	NA	1	1.6918	Viruses;Duplodnaviria;Heunggongvirae;Uroviricota;Caudoviricetes;;
k127_189081	677	No terminal repeats	NA	1	11	0.7254	NA	1	1.7183	Viruses;Duplodnaviria;Heunggongvirae;Uroviricota;Caudoviricetes;;
k127_66567	1739	No terminal repeats	NA	2	11	0.7253	NA	1	1.7183	Viruses;Duplodnaviria;Heunggongvirae;Uroviricota;Caudoviricetes;;Drexlerviridae
k127_69343	500	No terminal repeats	NA	1	11	0.7251	NA	1	1.1556	Viruses;Duplodnaviria;Heunggongvirae;Uroviricota;Caudoviricetes;;
k127_338940	688	No terminal repeats	NA	2	11	0.7244	NA	1	0.9531	Viruses;Duplodnaviria;Heunggongvirae;Uroviricota;Caudoviricetes;;
k127_192846	891	No terminal repeats	NA	1	11	0.7236	NA	1	1.2720	Viruses;Duplodnaviria;Heunggongvirae;Uroviricota;Caudoviricetes;;
k127_321917	794	No terminal repeats	NA	2	11	0.7224	NA	1	1.7136	Viruses;Duplodnaviria;Heunggongvirae;Uroviricota;Caudoviricetes;;
k127_24211	1701	No terminal repeats	NA	2	11	0.7217	NA	1	1.7183	Viruses;Riboviria;Orthornavirae;Pisuviricota;Duplopiviricetes;Durnavirales;Partitiviridae
k127_127346	427	No terminal repeats	NA	1	11	0.7202	NA	1	1.3562	Viruses;Duplodnaviria;Heunggongvirae;Uroviricota;Caudoviricetes;;
k127_112678	332	No terminal repeats	NA	1	11	0.7202	NA	1	1.6774	Viruses;Duplodnaviria;Heunggongvirae;Uroviricota;Caudoviricetes;;
k127_5960	577	No terminal repeats	NA	1	11	0.7200	NA	1	1.0834	Viruses;Duplodnaviria;Heunggongvirae;Uroviricota;Caudoviricetes;;
k127_199432	424	No terminal repeats	NA	2	11	0.7198	NA	1	1.6734	Viruses;Duplodnaviria;Heunggongvirae;Uroviricota;Caudoviricetes;;
k127_83040	393	No terminal repeats	NA	1	11	0.7169	NA	1	1.6632	Viruses;Duplodnaviria;Heunggongvirae;Uroviricota;Caudoviricetes;;
k127_168145	561	No terminal repeats	NA	1	11	0.7153	NA	1	1.1826	Unclassified
k127_366031	479	No terminal repeats	NA	1	11	0.7136	NA	1	1.6734	Viruses;Duplodnaviria;Heunggongvirae;Uroviricota;Caudoviricetes;;
k127_404137	489	No terminal repeats	NA	1	11	0.7123	NA	1	1.3562	Viruses;Duplodnaviria;Heunggongvirae;Uroviricota;Caudoviricetes;;
k127_257832	415	No terminal repeats	NA	1	11	0.7122	NA	1	1.2987	Viruses;Duplodnaviria;Heunggongvirae;Uroviricota;Caudoviricetes;;
k127_118773	316	No terminal repeats	NA	1	11	0.7070	NA	1	1.3483	Unclassified
k127_190002	875	No terminal repeats	NA	2	11	0.7046	NA	1	1.1262	Viruses;Duplodnaviria;Heunggongvirae;Uroviricota;Caudoviricetes;;
k127_331059	771	No terminal repeats	NA	1	11	0.7044	NA	1	1.3307	Viruses;Duplodnaviria;Heunggongvirae;Uroviricota;Caudoviricetes;;
k127_228799	308	No terminal repeats	NA	1	11	0.7033	NA	1	1.3168	Viruses;Duplodnaviria;Heunggongvirae;Uroviricota;Caudoviricetes;;
k127_156346	393	No terminal repeats	NA	2	11	0.7029	NA	1	1.3639	Viruses;Duplodnaviria;Heunggongvirae;Uroviricota;Caudoviricetes;;
k127_238280	328	No terminal repeats	NA	1	11	0.7024	NA	1	1.7173	Viruses;Duplodnaviria;Heunggongvirae;Uroviricota;Caudoviricetes;;
k127_304597	316	No terminal repeats	NA	1	11	0.7022	NA	1	1.2683	Viruses;Duplodnaviria;Heunggongvirae;Uroviricota;Caudoviricetes;;
k127_347737	816	No terminal repeats	NA	2	11	0.7014	NA	1	1.1262	Viruses;Duplodnaviria;Heunggongvirae;Uroviricota;Caudoviricetes;;
k127_344713	1011	No terminal repeats	NA	2	11	0.7010	NA	1	3.3988	Viruses;Duplodnaviria;Heunggongvirae;Uroviricota;Caudoviricetes;;
