seq_name	length	topology	coordinates	n_genes	genetic_code	virus_score	fdr	n_hallmarks	marker_enrichment	taxonomy
k127_79509	1632	No terminal repeats	NA	4	11	0.9681	NA	1	4.5218	Viruses;Duplodnaviria;Heunggongvirae;Uroviricota;Caudoviricetes;;
k127_268161	1539	No terminal repeats	NA	2	11	0.9661	NA	1	3.4366	Viruses;Duplodnaviria;Heunggongvirae;Uroviricota;Caudoviricetes;;
k127_321530	325	No terminal repeats	NA	1	11	0.9659	NA	1	1.7183	Viruses;Duplodnaviria;Heunggongvirae;Uroviricota;Caudoviricetes;;Zobellviridae
k127_356537	374	No terminal repeats	NA	1	11	0.9625	NA	1	1.4595	Viruses;Duplodnaviria;Heunggongvirae;Uroviricota;Caudoviricetes;;
k127_76504	460	No terminal repeats	NA	1	11	0.9622	NA	1	1.4595	Viruses;Duplodnaviria;Heunggongvirae;Uroviricota;Caudoviricetes;;
k127_268202	460	No terminal repeats	NA	1	11	0.9612	NA	1	1.7183	Viruses;Duplodnaviria;Heunggongvirae;Uroviricota;Caudoviricetes;;Drexlerviridae
k127_69110	379	No terminal repeats	NA	1	11	0.9601	NA	1	1.4840	Unclassified
k127_69117	406	No terminal repeats	NA	1	11	0.9581	NA	1	1.4840	Unclassified
k127_134637	471	No terminal repeats	NA	1	11	0.9563	NA	1	1.7183	Viruses;Duplodnaviria;Heunggongvirae;Uroviricota;Caudoviricetes;;
k127_236360	399	No terminal repeats	NA	1	11	0.9507	NA	1	1.4595	Viruses;Duplodnaviria;Heunggongvirae;Uroviricota;Caudoviricetes;;
k127_318352	815	No terminal repeats	NA	1	11	0.9503	NA	1	1.5292	Viruses;Duplodnaviria;Heunggongvirae;Uroviricota;Caudoviricetes;;
k127_203383	320	No terminal repeats	NA	1	11	0.9484	NA	1	1.7183	Viruses;Duplodnaviria;Heunggongvirae;Uroviricota;Caudoviricetes;;
k127_316332	557	No terminal repeats	NA	1	11	0.9461	NA	1	1.6228	Unclassified
k127_368793	337	No terminal repeats	NA	1	11	0.9453	NA	1	1.7183	Viruses;Duplodnaviria;Heunggongvirae;Uroviricota;Caudoviricetes;;
k127_410294	390	No terminal repeats	NA	1	11	0.9449	NA	1	1.7183	Viruses;Duplodnaviria;Heunggongvirae;Uroviricota;Caudoviricetes;;
k127_259105	337	No terminal repeats	NA	1	11	0.9448	NA	1	1.7183	Viruses;Duplodnaviria;Heunggongvirae;Uroviricota;Caudoviricetes;;
k127_360394	329	No terminal repeats	NA	1	11	0.9445	NA	1	1.4595	Viruses;Duplodnaviria;Heunggongvirae;Uroviricota;Caudoviricetes;;
k127_242504	512	No terminal repeats	NA	1	11	0.9444	NA	1	1.4595	Viruses;Duplodnaviria;Heunggongvirae;Uroviricota;Caudoviricetes;;
k127_278880	447	No terminal repeats	NA	1	11	0.9427	NA	1	1.7183	Viruses;Duplodnaviria;Heunggongvirae;Uroviricota;Caudoviricetes;;
k127_394702	308	No terminal repeats	NA	1	11	0.9403	NA	1	1.7183	Viruses;Duplodnaviria;Heunggongvirae;Uroviricota;Caudoviricetes;;
k127_24189	363	No terminal repeats	NA	1	11	0.9400	NA	1	1.7183	Viruses;Duplodnaviria;Heunggongvirae;Uroviricota;Caudoviricetes;;
k127_320427	302	No terminal repeats	NA	1	11	0.9397	NA	1	1.7183	Viruses;Duplodnaviria;Heunggongvirae;Uroviricota;Caudoviricetes;;
k127_155414	581	No terminal repeats	NA	1	11	0.9392	NA	1	1.7183	Viruses;Duplodnaviria;Heunggongvirae;Uroviricota;Caudoviricetes;;Drexlerviridae
k127_9142	370	No terminal repeats	NA	1	11	0.9391	NA	1	1.7183	Viruses;Duplodnaviria;Heunggongvirae;Uroviricota;Caudoviricetes;;
k127_165170	899	No terminal repeats	NA	2	11	0.9379	NA	1	3.1535	Viruses;Duplodnaviria;Heunggongvirae;Uroviricota;Caudoviricetes;;
k127_104283	335	No terminal repeats	NA	1	11	0.9372	NA	1	1.3760	Viruses;Duplodnaviria;Heunggongvirae;Uroviricota;Caudoviricetes;;
k127_55858	443	No terminal repeats	NA	1	11	0.9368	NA	1	1.7183	Viruses;Duplodnaviria;Heunggongvirae;Uroviricota;Caudoviricetes;;Drexlerviridae
k127_291774	641	No terminal repeats	NA	1	11	0.9358	NA	1	1.5187	Viruses;Duplodnaviria;Heunggongvirae;Uroviricota;Caudoviricetes;;
k127_180647	565	No terminal repeats	NA	2	11	0.9356	NA	1	2.7935	Viruses;Duplodnaviria;Heunggongvirae;Uroviricota;Caudoviricetes;;
k127_311391	502	No terminal repeats	NA	1	11	0.9354	NA	1	1.4833	Viruses;Duplodnaviria;Heunggongvirae;Uroviricota;Caudoviricetes;;
k127_151728	303	No terminal repeats	NA	1	11	0.9348	NA	1	1.7183	Viruses;Duplodnaviria;Heunggongvirae;Uroviricota;Caudoviricetes;;
k127_299976	409	No terminal repeats	NA	1	11	0.9339	NA	1	1.4749	Viruses;Duplodnaviria;Heunggongvirae;Uroviricota;Caudoviricetes;;
k127_690	344	No terminal repeats	NA	1	11	0.9334	NA	1	1.7183	Viruses;Duplodnaviria;Heunggongvirae;Uroviricota;Caudoviricetes;;
k127_181888	479	No terminal repeats	NA	1	11	0.9334	NA	1	1.7183	Viruses;Duplodnaviria;Heunggongvirae;Uroviricota;Caudoviricetes;;
k127_304887	896	No terminal repeats	NA	1	11	0.9330	NA	1	1.7183	Viruses;Duplodnaviria;Heunggongvirae;Uroviricota;Caudoviricetes;;
k127_129739	332	No terminal repeats	NA	1	11	0.9320	NA	1	1.7183	Unclassified
k127_115550	665	No terminal repeats	NA	1	11	0.9309	NA	1	1.7183	Viruses;Duplodnaviria;Heunggongvirae;Uroviricota;Caudoviricetes;;
k127_131917	334	No terminal repeats	NA	1	11	0.9305	NA	1	1.4749	Viruses;Duplodnaviria;Heunggongvirae;Uroviricota;Caudoviricetes;;
k127_345850	382	No terminal repeats	NA	1	11	0.9298	NA	1	1.2746	Viruses;Duplodnaviria;Heunggongvirae;Uroviricota;Caudoviricetes;;
k127_41537	450	No terminal repeats	NA	1	11	0.9296	NA	1	1.5961	Unclassified
k127_257841	498	No terminal repeats	NA	1	11	0.9294	NA	1	1.7183	Viruses;Duplodnaviria;Heunggongvirae;Uroviricota;Caudoviricetes;;
k127_382225	417	No terminal repeats	NA	1	11	0.9289	NA	1	1.7183	Viruses;Duplodnaviria;Heunggongvirae;Uroviricota;Caudoviricetes;;
k127_276710	721	No terminal repeats	NA	2	11	0.9277	NA	1	3.0620	Viruses;Duplodnaviria;Heunggongvirae;Uroviricota;Caudoviricetes;;
k127_314784	356	No terminal repeats	NA	1	11	0.9275	NA	1	1.7183	Viruses;Duplodnaviria;Heunggongvirae;Uroviricota;Caudoviricetes;;
k127_98349	319	No terminal repeats	NA	1	11	0.9265	NA	1	1.3308	Viruses;Duplodnaviria;Heunggongvirae;Uroviricota;Caudoviricetes;;
k127_380315	357	No terminal repeats	NA	1	11	0.9263	NA	1	1.7183	Viruses;Duplodnaviria;Heunggongvirae;Uroviricota;Caudoviricetes;;
k127_374264	319	No terminal repeats	NA	1	11	0.9260	NA	1	1.4764	Viruses;Duplodnaviria;Heunggongvirae;Uroviricota;Caudoviricetes;;
k127_302671	334	No terminal repeats	NA	1	11	0.9246	NA	1	1.1262	Viruses;Duplodnaviria;Heunggongvirae;Uroviricota;Caudoviricetes;;
k127_83558	482	No terminal repeats	NA	1	11	0.9245	NA	1	1.7183	Viruses;Duplodnaviria;Heunggongvirae;Uroviricota;Caudoviricetes;;
k127_101619	684	No terminal repeats	NA	2	11	0.9243	NA	1	2.7952	Viruses;Duplodnaviria;Heunggongvirae;Uroviricota;Caudoviricetes;;
k127_73450	350	No terminal repeats	NA	1	11	0.9228	NA	1	1.7183	Viruses;Duplodnaviria;Heunggongvirae;Uroviricota;Caudoviricetes;;
k127_188211	365	No terminal repeats	NA	2	11	0.9219	NA	1	2.7884	Viruses;Duplodnaviria;Heunggongvirae;Uroviricota;Caudoviricetes;;
k127_179749	1397	No terminal repeats	NA	1	11	0.9211	NA	1	1.4749	Viruses;Duplodnaviria;Heunggongvirae;Uroviricota;Caudoviricetes;;
k127_388689	419	No terminal repeats	NA	1	11	0.9196	NA	1	1.7183	Viruses;Duplodnaviria;Heunggongvirae;Uroviricota;Caudoviricetes;;
k127_2574	1164	No terminal repeats	NA	1	11	0.9188	NA	1	1.7183	Viruses;Duplodnaviria;Heunggongvirae;Uroviricota;Caudoviricetes;;
k127_323553	386	No terminal repeats	NA	1	11	0.9177	NA	1	1.4764	Viruses;Duplodnaviria;Heunggongvirae;Uroviricota;Caudoviricetes;;
k127_184950	352	No terminal repeats	NA	1	11	0.9176	NA	1	1.7183	Viruses;Duplodnaviria;Heunggongvirae;Uroviricota;Caudoviricetes;;
k127_93520	392	No terminal repeats	NA	1	11	0.9171	NA	1	1.7183	Viruses;Duplodnaviria;Heunggongvirae;Uroviricota;Caudoviricetes;;
k127_134869	347	No terminal repeats	NA	1	11	0.9169	NA	1	1.7183	Viruses;Duplodnaviria;Heunggongvirae;Uroviricota;Caudoviricetes;;
k127_308087	1151	No terminal repeats	NA	1	11	0.9168	NA	1	1.7183	Viruses;Duplodnaviria;Heunggongvirae;Uroviricota;Caudoviricetes;;
k127_44827	799	No terminal repeats	NA	1	11	0.9167	NA	1	1.7183	Viruses;Riboviria;Orthornavirae;Pisuviricota;Stelpaviricetes;Patatavirales;Potyviridae
k127_22594	311	No terminal repeats	NA	1	11	0.9163	NA	1	1.1262	Viruses;Duplodnaviria;Heunggongvirae;Uroviricota;Caudoviricetes;;
k127_406390	429	No terminal repeats	NA	1	11	0.9155	NA	1	1.7183	Viruses;Duplodnaviria;Heunggongvirae;Uroviricota;Caudoviricetes;;Herelleviridae
k127_273252	400	No terminal repeats	NA	1	11	0.9155	NA	1	1.7183	Viruses;Duplodnaviria;Heunggongvirae;Uroviricota;Caudoviricetes;;
k127_547	360	No terminal repeats	NA	1	11	0.9149	NA	1	1.3388	Viruses;Duplodnaviria;Heunggongvirae;Uroviricota;Caudoviricetes;;
k127_255785	329	No terminal repeats	NA	1	11	0.9136	NA	1	1.7183	Viruses;Duplodnaviria;Heunggongvirae;Uroviricota;Caudoviricetes;;
k127_106688	300	No terminal repeats	NA	1	11	0.9135	NA	1	1.7183	Viruses;Duplodnaviria;Heunggongvirae;Uroviricota;Caudoviricetes;;
k127_360103	339	No terminal repeats	NA	1	11	0.9116	NA	1	1.7183	Viruses;Duplodnaviria;Heunggongvirae;Uroviricota;Caudoviricetes;;
k127_278009	628	No terminal repeats	NA	1	11	0.9115	NA	1	1.5986	Viruses;Duplodnaviria;Heunggongvirae;Uroviricota;Caudoviricetes;;
k127_89496	416	No terminal repeats	NA	1	11	0.9114	NA	1	1.7183	Viruses;Duplodnaviria;Heunggongvirae;Uroviricota;Caudoviricetes;;
k127_399623	799	No terminal repeats	NA	1	11	0.9114	NA	1	1.7183	Viruses;Duplodnaviria;Heunggongvirae;Uroviricota;Caudoviricetes;;
k127_348021	382	No terminal repeats	NA	1	11	0.9113	NA	1	1.3308	Viruses;Duplodnaviria;Heunggongvirae;Uroviricota;Caudoviricetes;;
k127_40520	923	No terminal repeats	NA	2	11	0.9113	NA	1	3.0620	Viruses;Duplodnaviria;Heunggongvirae;Uroviricota;Caudoviricetes;;Herelleviridae
k127_132629	484	No terminal repeats	NA	1	11	0.9106	NA	1	1.7183	Viruses;Duplodnaviria;Heunggongvirae;Uroviricota;Caudoviricetes;;
k127_129677	438	No terminal repeats	NA	1	11	0.9103	NA	1	1.7183	Viruses;Duplodnaviria;Heunggongvirae;Uroviricota;Caudoviricetes;;
k127_234150	494	No terminal repeats	NA	1	11	0.9088	NA	1	1.2306	Viruses;Duplodnaviria;Heunggongvirae;Uroviricota;Caudoviricetes;;
k127_36500	388	No terminal repeats	NA	1	11	0.9076	NA	1	1.4595	Viruses;Duplodnaviria;Heunggongvirae;Uroviricota;Caudoviricetes;;
k127_65401	356	No terminal repeats	NA	1	11	0.9075	NA	1	1.4764	Viruses;Duplodnaviria;Heunggongvirae;Uroviricota;Caudoviricetes;;
k127_315037	1096	No terminal repeats	NA	1	11	0.9075	NA	1	1.7183	Viruses;Riboviria;Orthornavirae;Kitrinoviricota;Magsaviricetes;Nodamuvirales;Nodaviridae
k127_223279	472	No terminal repeats	NA	2	11	0.9074	NA	1	2.8963	Viruses;Duplodnaviria;Heunggongvirae;Uroviricota;Caudoviricetes;;
k127_122523	457	No terminal repeats	NA	1	11	0.9071	NA	1	1.1262	Viruses;Duplodnaviria;Heunggongvirae;Uroviricota;Caudoviricetes;;
k127_334110	360	No terminal repeats	NA	1	11	0.9070	NA	1	1.4595	Viruses;Duplodnaviria;Heunggongvirae;Uroviricota;Caudoviricetes;;
k127_288424	350	No terminal repeats	NA	2	11	0.9055	NA	1	1.2277	Viruses;Duplodnaviria;Heunggongvirae;Uroviricota;Caudoviricetes;;
k127_196818	927	No terminal repeats	NA	2	11	0.9048	NA	1	3.4366	Viruses;Duplodnaviria;Heunggongvirae;Uroviricota;Caudoviricetes;;Drexlerviridae
k127_107084	853	No terminal repeats	NA	1	11	0.9047	NA	1	1.7183	Viruses;Duplodnaviria;Heunggongvirae;Uroviricota;Caudoviricetes;;
k127_12772	329	No terminal repeats	NA	2	11	0.9045	NA	1	1.4446	Viruses;Duplodnaviria;Heunggongvirae;Uroviricota;Caudoviricetes;;
k127_152143	333	No terminal repeats	NA	1	11	0.9044	NA	1	1.3308	Viruses;Duplodnaviria;Heunggongvirae;Uroviricota;Caudoviricetes;;
k127_80039	333	No terminal repeats	NA	2	11	0.9039	NA	1	1.4609	Unclassified
k127_162790	347	No terminal repeats	NA	1	11	0.9039	NA	1	1.7183	Viruses;Duplodnaviria;Heunggongvirae;Uroviricota;Caudoviricetes;;Drexlerviridae
k127_235337	1250	No terminal repeats	NA	1	11	0.9037	NA	1	1.7183	Viruses;Duplodnaviria;Heunggongvirae;Uroviricota;Caudoviricetes;;
k127_187346	319	No terminal repeats	NA	1	11	0.9032	NA	1	1.5934	Unclassified
k127_49513	856	No terminal repeats	NA	1	11	0.9031	NA	1	1.7183	Viruses;Duplodnaviria;Heunggongvirae;Uroviricota;Caudoviricetes;;
k127_279891	729	No terminal repeats	NA	1	11	0.9027	NA	1	1.7183	Viruses;Duplodnaviria;Heunggongvirae;Uroviricota;Caudoviricetes;;
k127_114936	378	No terminal repeats	NA	1	11	0.9024	NA	1	1.3639	Viruses;Duplodnaviria;Heunggongvirae;Uroviricota;Caudoviricetes;;
k127_217646	444	No terminal repeats	NA	1	11	0.9021	NA	1	1.7183	Viruses;Duplodnaviria;Heunggongvirae;Uroviricota;Caudoviricetes;;
k127_161788	732	No terminal repeats	NA	1	11	0.9014	NA	1	1.7183	Viruses;Duplodnaviria;Heunggongvirae;Uroviricota;Caudoviricetes;;
k127_286671	1390	No terminal repeats	NA	2	11	0.9001	NA	2	2.7123	Viruses;Duplodnaviria;Heunggongvirae;Uroviricota;Caudoviricetes;;
k127_149727	404	No terminal repeats	NA	1	11	0.9000	NA	1	1.7183	Viruses;Duplodnaviria;Heunggongvirae;Uroviricota;Caudoviricetes;;Drexlerviridae
k127_223088	666	No terminal repeats	NA	1	11	0.8996	NA	1	1.7183	Viruses;Duplodnaviria;Heunggongvirae;Uroviricota;Caudoviricetes;;
k127_398253	602	No terminal repeats	NA	1	11	0.8996	NA	1	1.7183	Unclassified
k127_70505	510	No terminal repeats	NA	1	11	0.8991	NA	1	1.2306	Viruses;Duplodnaviria;Heunggongvirae;Uroviricota;Caudoviricetes;;
k127_296435	338	No terminal repeats	NA	1	11	0.8988	NA	1	1.7183	Viruses;Duplodnaviria;Heunggongvirae;Uroviricota;Caudoviricetes;;
k127_144022	406	No terminal repeats	NA	1	11	0.8986	NA	1	1.2306	Viruses;Duplodnaviria;Heunggongvirae;Uroviricota;Caudoviricetes;;
k127_289248	391	No terminal repeats	NA	1	11	0.8984	NA	1	1.7183	Viruses;Duplodnaviria;Heunggongvirae;Uroviricota;Caudoviricetes;;
k127_112334	483	No terminal repeats	NA	1	11	0.8983	NA	1	1.2306	Viruses;Duplodnaviria;Heunggongvirae;Uroviricota;Caudoviricetes;;
k127_363773	762	No terminal repeats	NA	1	11	0.8979	NA	1	1.2306	Viruses;Duplodnaviria;Heunggongvirae;Uroviricota;Caudoviricetes;;
k127_102315	444	No terminal repeats	NA	2	11	0.8979	NA	1	1.4595	Viruses;Duplodnaviria;Heunggongvirae;Uroviricota;Caudoviricetes;;
k127_332349	920	No terminal repeats	NA	1	11	0.8977	NA	1	1.2306	Viruses;Duplodnaviria;Heunggongvirae;Uroviricota;Caudoviricetes;;
k127_2321	569	No terminal repeats	NA	1	11	0.8969	NA	1	1.6231	Viruses;Duplodnaviria;Heunggongvirae;Uroviricota;Caudoviricetes;;
k127_376488	475	No terminal repeats	NA	1	11	0.8956	NA	1	1.2306	Viruses;Duplodnaviria;Heunggongvirae;Uroviricota;Caudoviricetes;;
k127_351325	332	No terminal repeats	NA	1	11	0.8947	NA	1	1.7183	Viruses;Duplodnaviria;Heunggongvirae;Uroviricota;Caudoviricetes;;
k127_179479	683	No terminal repeats	NA	2	11	0.8935	NA	1	1.7183	Viruses;Duplodnaviria;Heunggongvirae;Uroviricota;Caudoviricetes;;
k127_288452	358	No terminal repeats	NA	1	11	0.8930	NA	1	1.3308	Viruses;Duplodnaviria;Heunggongvirae;Uroviricota;Caudoviricetes;;
k127_73436	387	No terminal repeats	NA	1	11	0.8930	NA	1	1.4880	Viruses;Duplodnaviria;Heunggongvirae;Uroviricota;Caudoviricetes;;
k127_368538	349	No terminal repeats	NA	1	11	0.8929	NA	1	1.6215	Unclassified
k127_173758	406	No terminal repeats	NA	1	11	0.8924	NA	1	1.2306	Viruses;Duplodnaviria;Heunggongvirae;Uroviricota;Caudoviricetes;;
k127_107900	302	No terminal repeats	NA	1	11	0.8907	NA	1	1.2934	Viruses;Duplodnaviria;Heunggongvirae;Uroviricota;Caudoviricetes;;
k127_232063	819	No terminal repeats	NA	1	11	0.8905	NA	1	1.4749	Viruses;Duplodnaviria;Heunggongvirae;Uroviricota;Caudoviricetes;;
k127_410619	339	No terminal repeats	NA	1	11	0.8905	NA	1	1.4853	Viruses;Duplodnaviria;Heunggongvirae;Uroviricota;Caudoviricetes;;
k127_10799	443	No terminal repeats	NA	1	11	0.8901	NA	1	1.7183	Viruses;Duplodnaviria;Heunggongvirae;Uroviricota;Caudoviricetes;;
k127_290668	451	No terminal repeats	NA	1	11	0.8894	NA	1	1.4749	Viruses;Duplodnaviria;Heunggongvirae;Uroviricota;Caudoviricetes;;
k127_132034	355	No terminal repeats	NA	2	11	0.8893	NA	1	1.7183	Unclassified
k127_32198	745	No terminal repeats	NA	1	11	0.8890	NA	1	1.2306	Viruses;Duplodnaviria;Heunggongvirae;Uroviricota;Caudoviricetes;;
k127_396467	867	No terminal repeats	NA	1	11	0.8887	NA	1	1.7183	Viruses;Duplodnaviria;Heunggongvirae;Uroviricota;Caudoviricetes;;
k127_213735	688	No terminal repeats	NA	1	11	0.8882	NA	1	1.4749	Viruses;Duplodnaviria;Heunggongvirae;Uroviricota;Caudoviricetes;;
k127_397766	366	No terminal repeats	NA	1	11	0.8870	NA	1	1.2485	Viruses;Duplodnaviria;Heunggongvirae;Uroviricota;Caudoviricetes;;
k127_30559	942	No terminal repeats	NA	1	11	0.8864	NA	1	1.7183	Viruses;Riboviria;Orthornavirae;Pisuviricota;Stelpaviricetes;Patatavirales;Potyviridae
k127_121753	638	No terminal repeats	NA	1	11	0.8863	NA	1	1.7183	Viruses;Duplodnaviria;Heunggongvirae;Uroviricota;Caudoviricetes;;Drexlerviridae
k127_409748	1058	No terminal repeats	NA	2	11	0.8858	NA	1	3.1086	Viruses;Duplodnaviria;Heunggongvirae;Uroviricota;Caudoviricetes;;
k127_271677	652	No terminal repeats	NA	1	11	0.8855	NA	1	1.2857	Viruses;Duplodnaviria;Heunggongvirae;Uroviricota;Caudoviricetes;;
k127_105331	957	No terminal repeats	NA	1	11	0.8846	NA	1	1.7183	Viruses;Duplodnaviria;Heunggongvirae;Uroviricota;Caudoviricetes;;
k127_216235	352	No terminal repeats	NA	1	11	0.8836	NA	1	1.4877	Viruses;Duplodnaviria;Heunggongvirae;Uroviricota;Caudoviricetes;;
k127_11541	471	No terminal repeats	NA	1	11	0.8833	NA	1	1.7183	Viruses;Duplodnaviria;Heunggongvirae;Uroviricota;Caudoviricetes;;Drexlerviridae
k127_30383	400	No terminal repeats	NA	1	11	0.8831	NA	1	1.7183	Viruses;Duplodnaviria;Heunggongvirae;Uroviricota;Caudoviricetes;;Drexlerviridae
k127_314990	594	No terminal repeats	NA	1	11	0.8829	NA	1	1.6244	Viruses;Duplodnaviria;Heunggongvirae;Uroviricota;Caudoviricetes;;
k127_398433	1124	No terminal repeats	NA	1	11	0.8828	NA	1	1.7183	Viruses;Duplodnaviria;Heunggongvirae;Uroviricota;Caudoviricetes;;
k127_9408	827	No terminal repeats	NA	2	11	0.8826	NA	2	2.7518	Viruses;Duplodnaviria;Heunggongvirae;Uroviricota;Caudoviricetes;;
k127_193249	905	No terminal repeats	NA	2	11	0.8823	NA	2	2.4853	Viruses;Duplodnaviria;Heunggongvirae;Uroviricota;Caudoviricetes;;
k127_70585	878	No terminal repeats	NA	1	11	0.8815	NA	1	1.2306	Viruses;Duplodnaviria;Heunggongvirae;Uroviricota;Caudoviricetes;;
k127_42957	413	No terminal repeats	NA	1	11	0.8801	NA	1	1.2306	Viruses;Duplodnaviria;Heunggongvirae;Uroviricota;Caudoviricetes;;
k127_84567	995	No terminal repeats	NA	1	11	0.8801	NA	1	1.2306	Viruses;Duplodnaviria;Heunggongvirae;Uroviricota;Caudoviricetes;;
k127_88828	317	No terminal repeats	NA	1	11	0.8790	NA	1	1.2277	Viruses;Duplodnaviria;Heunggongvirae;Uroviricota;Caudoviricetes;;
k127_287169	735	No terminal repeats	NA	2	11	0.8773	NA	1	1.7183	Viruses;Duplodnaviria;Heunggongvirae;Uroviricota;Caudoviricetes;;
k127_163678	427	No terminal repeats	NA	1	11	0.8767	NA	1	1.4749	Viruses;Duplodnaviria;Heunggongvirae;Uroviricota;Caudoviricetes;;
k127_194119	431	No terminal repeats	NA	1	11	0.8759	NA	1	1.7183	Viruses;Duplodnaviria;Heunggongvirae;Uroviricota;Caudoviricetes;;
k127_255392	439	No terminal repeats	NA	2	11	0.8758	NA	1	1.7183	Unclassified
k127_378148	1111	No terminal repeats	NA	1	11	0.8750	NA	1	1.2306	Viruses;Duplodnaviria;Heunggongvirae;Uroviricota;Caudoviricetes;;
k127_120959	487	No terminal repeats	NA	1	11	0.8743	NA	1	1.2306	Viruses;Duplodnaviria;Heunggongvirae;Uroviricota;Caudoviricetes;;
k127_254996	809	No terminal repeats	NA	1	11	0.8740	NA	1	1.2306	Viruses;Duplodnaviria;Heunggongvirae;Uroviricota;Caudoviricetes;;
k127_404721	302	No terminal repeats	NA	1	11	0.8738	NA	1	1.4880	Viruses;Duplodnaviria;Heunggongvirae;Uroviricota;Caudoviricetes;;
k127_52222	926	No terminal repeats	NA	1	11	0.8735	NA	1	1.7183	Viruses;Duplodnaviria;Heunggongvirae;Uroviricota;Caudoviricetes;;
k127_329725	420	No terminal repeats	NA	1	11	0.8731	NA	1	1.2277	Viruses;Duplodnaviria;Heunggongvirae;Uroviricota;Caudoviricetes;;
k127_758	1584	No terminal repeats	NA	3	11	0.8730	NA	1	2.6762	Viruses;Duplodnaviria;Heunggongvirae;Uroviricota;Caudoviricetes;;
k127_392622	385	No terminal repeats	NA	1	11	0.8713	NA	1	1.2290	Viruses;Duplodnaviria;Heunggongvirae;Uroviricota;Caudoviricetes;;
k127_249035	439	No terminal repeats	NA	1	11	0.8710	NA	1	1.4749	Viruses;Duplodnaviria;Heunggongvirae;Uroviricota;Caudoviricetes;;
k127_94214	572	No terminal repeats	NA	1	11	0.8710	NA	1	1.7183	Viruses;Duplodnaviria;Heunggongvirae;Uroviricota;Caudoviricetes;;
k127_23027	336	No terminal repeats	NA	1	11	0.8705	NA	1	1.7183	Viruses;Duplodnaviria;Heunggongvirae;Uroviricota;Caudoviricetes;;
k127_279012	823	No terminal repeats	NA	1	11	0.8677	NA	1	1.7183	Viruses;Duplodnaviria;Heunggongvirae;Uroviricota;Caudoviricetes;;Drexlerviridae
k127_23532	481	No terminal repeats	NA	1	11	0.8676	NA	1	1.2306	Viruses;Duplodnaviria;Heunggongvirae;Uroviricota;Caudoviricetes;;
k127_34856	349	No terminal repeats	NA	1	11	0.8667	NA	1	1.4749	Viruses;Duplodnaviria;Heunggongvirae;Uroviricota;Caudoviricetes;;
k127_73051	394	No terminal repeats	NA	1	11	0.8656	NA	1	1.2306	Viruses;Duplodnaviria;Heunggongvirae;Uroviricota;Caudoviricetes;;
k127_345393	651	No terminal repeats	NA	1	11	0.8656	NA	1	1.7183	Viruses;Duplodnaviria;Heunggongvirae;Uroviricota;Caudoviricetes;;
k127_153169	222	No terminal repeats	NA	1	11	0.8655	NA	1	1.1262	Viruses;Duplodnaviria;Heunggongvirae;Uroviricota;Caudoviricetes;;
k127_273660	1142	No terminal repeats	NA	2	11	0.8648	NA	1	1.1899	Viruses;Duplodnaviria;Heunggongvirae;Uroviricota;Caudoviricetes;;
k127_399657	417	No terminal repeats	NA	1	11	0.8644	NA	1	1.0089	Viruses;Duplodnaviria;Heunggongvirae;Uroviricota;Caudoviricetes;;
k127_20900	383	No terminal repeats	NA	1	11	0.8643	NA	1	1.6868	Viruses;Duplodnaviria;Heunggongvirae;Uroviricota;Caudoviricetes;;
k127_373923	492	No terminal repeats	NA	1	11	0.8640	NA	1	1.4764	Viruses;Duplodnaviria;Heunggongvirae;Uroviricota;Caudoviricetes;;
k127_144435	426	No terminal repeats	NA	1	11	0.8639	NA	1	1.1262	Viruses;Duplodnaviria;Heunggongvirae;Uroviricota;Caudoviricetes;;
k127_129039	1509	No terminal repeats	NA	1	11	0.8637	NA	1	1.7183	Viruses;Duplodnaviria;Heunggongvirae;Uroviricota;Caudoviricetes;;
k127_192783	255	No terminal repeats	NA	1	11	0.8632	NA	1	1.4880	Viruses;Duplodnaviria;Heunggongvirae;Uroviricota;Caudoviricetes;;
k127_273116	946	No terminal repeats	NA	1	11	0.8630	NA	1	1.7183	Viruses;Duplodnaviria;Heunggongvirae;Uroviricota;Caudoviricetes;;
k127_82815	401	No terminal repeats	NA	1	11	0.8626	NA	1	1.2449	Viruses;Duplodnaviria;Heunggongvirae;Uroviricota;Caudoviricetes;;
k127_296504	1190	No terminal repeats	NA	1	11	0.8618	NA	1	1.2306	Viruses;Duplodnaviria;Heunggongvirae;Uroviricota;Caudoviricetes;;
k127_49410	523	No terminal repeats	NA	1	11	0.8615	NA	1	1.1904	Viruses;Duplodnaviria;Heunggongvirae;Uroviricota;Caudoviricetes;;
k127_153165	284	No terminal repeats	NA	1	11	0.8615	NA	1	1.1262	Viruses;Duplodnaviria;Heunggongvirae;Uroviricota;Caudoviricetes;;
k127_385477	444	No terminal repeats	NA	1	11	0.8613	NA	1	1.1262	Viruses;Duplodnaviria;Heunggongvirae;Uroviricota;Caudoviricetes;;
k127_81517	443	No terminal repeats	NA	1	11	0.8611	NA	1	1.2306	Viruses;Duplodnaviria;Heunggongvirae;Uroviricota;Caudoviricetes;;
k127_263333	345	No terminal repeats	NA	1	11	0.8609	NA	1	1.3380	Viruses;Duplodnaviria;Heunggongvirae;Uroviricota;Caudoviricetes;;
k127_46852	447	No terminal repeats	NA	1	11	0.8607	NA	1	1.2306	Viruses;Duplodnaviria;Heunggongvirae;Uroviricota;Caudoviricetes;;
k127_117418	347	No terminal repeats	NA	1	11	0.8596	NA	1	1.2442	Viruses;Duplodnaviria;Heunggongvirae;Uroviricota;Caudoviricetes;;
k127_148273	901	No terminal repeats	NA	2	11	0.8594	NA	1	1.7183	Viruses;Duplodnaviria;Heunggongvirae;Uroviricota;Caudoviricetes;;
k127_245892	616	No terminal repeats	NA	3	11	0.8592	NA	1	2.0346	Unclassified
k127_315753	581	No terminal repeats	NA	1	11	0.8586	NA	1	1.4880	Viruses;Duplodnaviria;Heunggongvirae;Uroviricota;Caudoviricetes;;
k127_48158	625	No terminal repeats	NA	1	11	0.8584	NA	1	1.7183	Viruses;Duplodnaviria;Heunggongvirae;Uroviricota;Caudoviricetes;;
k127_163607	318	No terminal repeats	NA	1	11	0.8583	NA	1	1.7091	Viruses;Duplodnaviria;Heunggongvirae;Uroviricota;Caudoviricetes;;
k127_217435	426	No terminal repeats	NA	1	11	0.8572	NA	1	1.7183	Viruses;Duplodnaviria;Heunggongvirae;Uroviricota;Caudoviricetes;;
k127_313779	234	No terminal repeats	NA	1	11	0.8557	NA	1	1.4880	Viruses;Duplodnaviria;Heunggongvirae;Uroviricota;Caudoviricetes;;
k127_221523	957	No terminal repeats	NA	1	11	0.8555	NA	1	1.7183	Viruses;Duplodnaviria;Heunggongvirae;Uroviricota;Caudoviricetes;;
k127_297142	457	No terminal repeats	NA	1	11	0.8554	NA	1	1.1267	Viruses;Duplodnaviria;Heunggongvirae;Uroviricota;Caudoviricetes;;
k127_152978	632	No terminal repeats	NA	2	11	0.8542	NA	1	1.5305	Viruses;Duplodnaviria;Heunggongvirae;Uroviricota;Caudoviricetes;;
k127_209818	412	No terminal repeats	NA	1	11	0.8537	NA	1	1.2306	Viruses;Duplodnaviria;Heunggongvirae;Uroviricota;Caudoviricetes;;
k127_397197	565	No terminal repeats	NA	1	11	0.8535	NA	1	1.2306	Viruses;Duplodnaviria;Heunggongvirae;Uroviricota;Caudoviricetes;;
k127_265353	606	No terminal repeats	NA	1	11	0.8532	NA	1	1.7183	Viruses;Duplodnaviria;Heunggongvirae;Uroviricota;Caudoviricetes;;
k127_163459	673	No terminal repeats	NA	1	11	0.8531	NA	1	1.2306	Viruses;Duplodnaviria;Heunggongvirae;Uroviricota;Caudoviricetes;;
k127_225178	425	No terminal repeats	NA	1	11	0.8530	NA	1	1.7110	Viruses;Duplodnaviria;Heunggongvirae;Uroviricota;Caudoviricetes;;
k127_64287	604	No terminal repeats	NA	1	11	0.8527	NA	1	1.4880	Viruses;Duplodnaviria;Heunggongvirae;Uroviricota;Caudoviricetes;;
k127_5722	392	No terminal repeats	NA	1	11	0.8523	NA	1	1.2449	Viruses;Duplodnaviria;Heunggongvirae;Uroviricota;Caudoviricetes;;
k127_220369	1516	No terminal repeats	NA	2	11	0.8523	NA	1	3.4356	Viruses;Duplodnaviria;Heunggongvirae;Uroviricota;Caudoviricetes;;
k127_22908	640	No terminal repeats	NA	3	11	0.8515	NA	1	3.2932	Viruses;Duplodnaviria;Heunggongvirae;Uroviricota;Caudoviricetes;;
k127_214627	813	No terminal repeats	NA	2	11	0.8515	NA	1	1.2306	Viruses;Duplodnaviria;Heunggongvirae;Uroviricota;Caudoviricetes;;
k127_289272	5578	No terminal repeats	NA	5	11	0.8499	NA	2	4.1336	Viruses;Duplodnaviria;Heunggongvirae;Uroviricota;Caudoviricetes;;
k127_276643	1236	No terminal repeats	NA	1	11	0.8492	NA	1	1.7183	Viruses;Duplodnaviria;Heunggongvirae;Uroviricota;Caudoviricetes;;
k127_265028	365	No terminal repeats	NA	2	11	0.8491	NA	1	1.4595	Viruses;Duplodnaviria;Heunggongvirae;Uroviricota;Caudoviricetes;;
k127_369331	376	No terminal repeats	NA	2	11	0.8488	NA	1	1.1211	Viruses;Duplodnaviria;Heunggongvirae;Uroviricota;Caudoviricetes;;
k127_102758	784	No terminal repeats	NA	2	11	0.8475	NA	1	1.2944	Viruses;Duplodnaviria;Heunggongvirae;Uroviricota;Caudoviricetes;;
k127_330896	793	No terminal repeats	NA	1	11	0.8475	NA	1	1.2306	Viruses;Duplodnaviria;Heunggongvirae;Uroviricota;Caudoviricetes;;
k127_270441	346	No terminal repeats	NA	1	11	0.8475	NA	1	1.3562	Viruses;Duplodnaviria;Heunggongvirae;Uroviricota;Caudoviricetes;;
k127_216518	350	No terminal repeats	NA	1	11	0.8474	NA	1	1.7183	Viruses;Duplodnaviria;Heunggongvirae;Uroviricota;Caudoviricetes;;
k127_273650	459	No terminal repeats	NA	1	11	0.8474	NA	1	1.7183	Viruses;Duplodnaviria;Heunggongvirae;Uroviricota;Caudoviricetes;;Drexlerviridae
k127_206597	547	No terminal repeats	NA	1	11	0.8472	NA	1	1.7183	Viruses;Duplodnaviria;Heunggongvirae;Uroviricota;Caudoviricetes;;
k127_248769	564	No terminal repeats	NA	1	11	0.8465	NA	1	1.2306	Viruses;Duplodnaviria;Heunggongvirae;Uroviricota;Caudoviricetes;;
k127_292009	562	No terminal repeats	NA	1	11	0.8456	NA	1	1.4749	Viruses;Duplodnaviria;Heunggongvirae;Uroviricota;Caudoviricetes;;
k127_323637	411	No terminal repeats	NA	1	11	0.8431	NA	1	1.2306	Viruses;Duplodnaviria;Heunggongvirae;Uroviricota;Caudoviricetes;;
k127_143945	427	No terminal repeats	NA	1	11	0.8426	NA	1	1.4880	Viruses;Duplodnaviria;Heunggongvirae;Uroviricota;Caudoviricetes;;
k127_77952	329	No terminal repeats	NA	1	11	0.8422	NA	1	1.1262	Viruses;Duplodnaviria;Heunggongvirae;Uroviricota;Caudoviricetes;;
k127_157440	319	No terminal repeats	NA	1	11	0.8418	NA	1	1.3562	Viruses;Duplodnaviria;Heunggongvirae;Uroviricota;Caudoviricetes;;
k127_404284	480	No terminal repeats	NA	2	11	0.8416	NA	1	1.7183	Viruses;Duplodnaviria;Heunggongvirae;Uroviricota;Caudoviricetes;;
k127_15511	864	No terminal repeats	NA	1	11	0.8410	NA	1	1.7183	Viruses;Duplodnaviria;Heunggongvirae;Uroviricota;Caudoviricetes;;Drexlerviridae
k127_47476	682	No terminal repeats	NA	1	11	0.8410	NA	1	1.2306	Viruses;Duplodnaviria;Heunggongvirae;Uroviricota;Caudoviricetes;;
k127_307208	768	No terminal repeats	NA	1	11	0.8403	NA	1	1.5986	Viruses;Duplodnaviria;Heunggongvirae;Uroviricota;Caudoviricetes;;
k127_284719	540	No terminal repeats	NA	1	11	0.8399	NA	1	1.2306	Viruses;Duplodnaviria;Heunggongvirae;Uroviricota;Caudoviricetes;;
k127_125330	469	No terminal repeats	NA	1	11	0.8399	NA	1	1.7183	Viruses;Duplodnaviria;Heunggongvirae;Uroviricota;Caudoviricetes;;
k127_407113	315	No terminal repeats	NA	1	11	0.8372	NA	1	1.3181	Viruses;Duplodnaviria;Heunggongvirae;Uroviricota;Caudoviricetes;;
k127_313289	498	No terminal repeats	NA	1	11	0.8363	NA	1	1.2306	Viruses;Duplodnaviria;Heunggongvirae;Uroviricota;Caudoviricetes;;
k127_232101	827	No terminal repeats	NA	1	11	0.8362	NA	1	0.9079	Viruses;Duplodnaviria;Heunggongvirae;Uroviricota;Caudoviricetes;;
k127_89909	335	No terminal repeats	NA	1	11	0.8350	NA	1	1.1077	Viruses;Duplodnaviria;Heunggongvirae;Uroviricota;Caudoviricetes;;
k127_193268	1199	No terminal repeats	NA	3	11	0.8349	NA	2	2.4853	Viruses;Duplodnaviria;Heunggongvirae;Uroviricota;Caudoviricetes;;
k127_311356	314	No terminal repeats	NA	1	11	0.8349	NA	1	1.2449	Viruses;Duplodnaviria;Heunggongvirae;Uroviricota;Caudoviricetes;;
k127_396307	540	No terminal repeats	NA	1	11	0.8338	NA	1	1.7183	Viruses;Duplodnaviria;Heunggongvirae;Uroviricota;Caudoviricetes;;
k127_77611	1242	No terminal repeats	NA	4	11	0.8337	NA	1	3.1778	Viruses;Duplodnaviria;Heunggongvirae;Uroviricota;Caudoviricetes;;
k127_411193	731	No terminal repeats	NA	1	11	0.8333	NA	1	1.4749	Viruses;Duplodnaviria;Heunggongvirae;Uroviricota;Caudoviricetes;;
k127_302957	422	No terminal repeats	NA	1	11	0.8322	NA	1	1.2465	Viruses;Duplodnaviria;Heunggongvirae;Uroviricota;Caudoviricetes;;
k127_305343	1596	No terminal repeats	NA	3	11	0.8320	NA	1	1.4698	Viruses;Duplodnaviria;Heunggongvirae;Uroviricota;Caudoviricetes;;
k127_186554	717	No terminal repeats	NA	1	11	0.8303	NA	1	1.7183	Viruses;Duplodnaviria;Heunggongvirae;Uroviricota;Caudoviricetes;;
k127_80	611	No terminal repeats	NA	1	11	0.8294	NA	1	1.2306	Viruses;Duplodnaviria;Heunggongvirae;Uroviricota;Caudoviricetes;;
k127_54881	573	No terminal repeats	NA	1	11	0.8289	NA	1	1.2306	Viruses;Duplodnaviria;Heunggongvirae;Uroviricota;Caudoviricetes;;
k127_255283	425	No terminal repeats	NA	1	11	0.8285	NA	1	1.2306	Viruses;Duplodnaviria;Heunggongvirae;Uroviricota;Caudoviricetes;;
k127_215636	801	No terminal repeats	NA	1	11	0.8283	NA	1	1.7183	Viruses;Duplodnaviria;Heunggongvirae;Uroviricota;Caudoviricetes;;
k127_117904	949	No terminal repeats	NA	1	11	0.8278	NA	1	1.1262	Viruses;Duplodnaviria;Heunggongvirae;Uroviricota;Caudoviricetes;;
k127_18669	315	No terminal repeats	NA	1	11	0.8272	NA	1	1.4880	Viruses;Duplodnaviria;Heunggongvirae;Uroviricota;Caudoviricetes;;
k127_160519	343	No terminal repeats	NA	1	11	0.8268	NA	1	1.3966	Viruses;Duplodnaviria;Heunggongvirae;Uroviricota;Caudoviricetes;;
k127_302471	429	No terminal repeats	NA	1	11	0.8264	NA	1	1.2306	Viruses;Duplodnaviria;Heunggongvirae;Uroviricota;Caudoviricetes;;
k127_104293	436	No terminal repeats	NA	1	11	0.8254	NA	1	1.7183	Viruses;Duplodnaviria;Heunggongvirae;Uroviricota;Caudoviricetes;;
k127_115219	328	No terminal repeats	NA	1	11	0.8249	NA	1	1.3639	Viruses;Duplodnaviria;Heunggongvirae;Uroviricota;Caudoviricetes;;
k127_342778	411	No terminal repeats	NA	1	11	0.8233	NA	1	1.2442	Viruses;Duplodnaviria;Heunggongvirae;Uroviricota;Caudoviricetes;;
k127_184703	1003	No terminal repeats	NA	1	11	0.8223	NA	1	1.7183	Viruses;Duplodnaviria;Heunggongvirae;Uroviricota;Caudoviricetes;;Drexlerviridae
k127_230351	440	No terminal repeats	NA	2	11	0.8201	NA	1	1.0089	Viruses;Duplodnaviria;Heunggongvirae;Uroviricota;Caudoviricetes;;
k127_91927	698	No terminal repeats	NA	1	11	0.8199	NA	1	1.7183	Viruses;Duplodnaviria;Heunggongvirae;Uroviricota;Caudoviricetes;;
k127_121742	361	No terminal repeats	NA	1	11	0.8199	NA	1	1.7183	Viruses;Duplodnaviria;Heunggongvirae;Uroviricota;Caudoviricetes;;
k127_397723	504	No terminal repeats	NA	1	11	0.8197	NA	1	1.2306	Viruses;Duplodnaviria;Heunggongvirae;Uroviricota;Caudoviricetes;;
k127_144452	410	No terminal repeats	NA	1	11	0.8189	NA	1	1.7183	Viruses;Duplodnaviria;Heunggongvirae;Uroviricota;Caudoviricetes;;Drexlerviridae
k127_230651	451	No terminal repeats	NA	1	11	0.8187	NA	1	1.2306	Viruses;Duplodnaviria;Heunggongvirae;Uroviricota;Caudoviricetes;;
k127_380978	952	No terminal repeats	NA	1	11	0.8184	NA	1	1.7183	Viruses;Duplodnaviria;Heunggongvirae;Uroviricota;Caudoviricetes;;
k127_168152	565	No terminal repeats	NA	1	11	0.8178	NA	1	1.2442	Viruses;Duplodnaviria;Heunggongvirae;Uroviricota;Caudoviricetes;;
k127_228779	335	No terminal repeats	NA	1	11	0.8164	NA	1	1.2944	Viruses;Duplodnaviria;Heunggongvirae;Uroviricota;Caudoviricetes;;
k127_122785	466	No terminal repeats	NA	1	11	0.8155	NA	1	1.1745	Viruses;Duplodnaviria;Heunggongvirae;Uroviricota;Caudoviricetes;;
k127_59980	967	No terminal repeats	NA	1	11	0.8150	NA	1	1.7183	Viruses;Duplodnaviria;Heunggongvirae;Uroviricota;Caudoviricetes;;
k127_148726	490	No terminal repeats	NA	1	11	0.8147	NA	1	1.2306	Viruses;Duplodnaviria;Heunggongvirae;Uroviricota;Caudoviricetes;;
k127_223620	458	No terminal repeats	NA	1	11	0.8142	NA	1	1.4764	Viruses;Duplodnaviria;Heunggongvirae;Uroviricota;Caudoviricetes;;
k127_271939	489	No terminal repeats	NA	2	11	0.8140	NA	2	2.2704	Viruses;Duplodnaviria;Heunggongvirae;Uroviricota;Caudoviricetes;;
k127_18434	355	No terminal repeats	NA	1	11	0.8134	NA	1	1.0036	Viruses;Duplodnaviria;Heunggongvirae;Uroviricota;Caudoviricetes;;
k127_384951	625	No terminal repeats	NA	1	11	0.8134	NA	1	1.2306	Viruses;Duplodnaviria;Heunggongvirae;Uroviricota;Caudoviricetes;;
k127_139713	844	No terminal repeats	NA	1	11	0.8131	NA	1	1.2306	Viruses;Duplodnaviria;Heunggongvirae;Uroviricota;Caudoviricetes;;
k127_188650	444	No terminal repeats	NA	1	11	0.8116	NA	1	1.1211	Viruses;Duplodnaviria;Heunggongvirae;Uroviricota;Caudoviricetes;;
k127_86167	446	No terminal repeats	NA	1	11	0.8113	NA	1	1.7183	Viruses;Duplodnaviria;Heunggongvirae;Uroviricota;Caudoviricetes;;Drexlerviridae
k127_355093	527	No terminal repeats	NA	1	11	0.8107	NA	1	1.4880	Viruses;Duplodnaviria;Heunggongvirae;Uroviricota;Caudoviricetes;;
k127_31869	719	No terminal repeats	NA	1	11	0.8099	NA	1	1.2306	Viruses;Duplodnaviria;Heunggongvirae;Uroviricota;Caudoviricetes;;
k127_36090	2019	No terminal repeats	NA	1	11	0.8090	NA	1	1.2751	Viruses;Duplodnaviria;Heunggongvirae;Uroviricota;Caudoviricetes;;
k127_163022	762	No terminal repeats	NA	2	11	0.8080	NA	1	1.5961	Unclassified
k127_210258	706	No terminal repeats	NA	1	11	0.8078	NA	1	1.7183	Viruses;Duplodnaviria;Heunggongvirae;Uroviricota;Caudoviricetes;;Drexlerviridae
k127_226904	1011	No terminal repeats	NA	2	11	0.8068	NA	1	1.7183	Viruses;Duplodnaviria;Heunggongvirae;Uroviricota;Caudoviricetes;;
k127_256802	1215	No terminal repeats	NA	1	11	0.8043	NA	1	1.7183	Viruses;Duplodnaviria;Heunggongvirae;Uroviricota;Caudoviricetes;;
k127_263649	1056	No terminal repeats	NA	1	11	0.8041	NA	1	1.2306	Viruses;Duplodnaviria;Heunggongvirae;Uroviricota;Caudoviricetes;;
k127_311124	542	No terminal repeats	NA	1	11	0.8021	NA	1	1.2306	Viruses;Duplodnaviria;Heunggongvirae;Uroviricota;Caudoviricetes;;
k127_46476	330	No terminal repeats	NA	1	11	0.8012	NA	1	1.2934	Viruses;Duplodnaviria;Heunggongvirae;Uroviricota;Caudoviricetes;;
k127_85036	457	No terminal repeats	NA	1	11	0.8005	NA	1	1.1262	Viruses;Duplodnaviria;Heunggongvirae;Uroviricota;Caudoviricetes;;
k127_154484	301	No terminal repeats	NA	1	11	0.8000	NA	1	1.3348	Viruses;Duplodnaviria;Heunggongvirae;Uroviricota;Caudoviricetes;;
k127_116120	501	No terminal repeats	NA	1	11	0.7999	NA	1	1.2306	Viruses;Duplodnaviria;Heunggongvirae;Uroviricota;Caudoviricetes;;
k127_217709	1697	No terminal repeats	NA	1	11	0.7995	NA	1	1.7183	Viruses;Duplodnaviria;Heunggongvirae;Uroviricota;Caudoviricetes;;
k127_49974	530	No terminal repeats	NA	1	11	0.7990	NA	1	1.2306	Viruses;Duplodnaviria;Heunggongvirae;Uroviricota;Caudoviricetes;;
k127_117731	348	No terminal repeats	NA	1	11	0.7971	NA	1	1.3074	Viruses;Duplodnaviria;Heunggongvirae;Uroviricota;Caudoviricetes;;
k127_193877	423	No terminal repeats	NA	1	11	0.7967	NA	1	1.3070	Viruses;Duplodnaviria;Heunggongvirae;Uroviricota;Caudoviricetes;;
k127_306880	749	No terminal repeats	NA	1	11	0.7966	NA	1	1.7183	Viruses;Duplodnaviria;Heunggongvirae;Uroviricota;Caudoviricetes;;Drexlerviridae
k127_267127	442	No terminal repeats	NA	2	11	0.7953	NA	1	1.6774	Viruses;Duplodnaviria;Heunggongvirae;Uroviricota;Caudoviricetes;;
k127_71460	619	No terminal repeats	NA	1	11	0.7949	NA	1	1.2306	Viruses;Duplodnaviria;Heunggongvirae;Uroviricota;Caudoviricetes;;
k127_88447	340	No terminal repeats	NA	1	11	0.7940	NA	1	1.3682	Viruses;Duplodnaviria;Heunggongvirae;Uroviricota;Caudoviricetes;;
k127_304644	896	No terminal repeats	NA	1	11	0.7937	NA	1	1.2306	Viruses;Duplodnaviria;Heunggongvirae;Uroviricota;Caudoviricetes;;
k127_409266	562	No terminal repeats	NA	1	11	0.7934	NA	1	1.3046	Viruses;Duplodnaviria;Heunggongvirae;Uroviricota;Caudoviricetes;;
k127_24933	385	No terminal repeats	NA	1	11	0.7922	NA	1	1.7136	Viruses;Duplodnaviria;Heunggongvirae;Uroviricota;Caudoviricetes;;
k127_382862	361	No terminal repeats	NA	1	11	0.7919	NA	1	0.9531	Viruses;Duplodnaviria;Heunggongvirae;Uroviricota;Caudoviricetes;;
k127_400753	999	No terminal repeats	NA	1	11	0.7915	NA	1	1.2277	Viruses;Duplodnaviria;Heunggongvirae;Uroviricota;Caudoviricetes;;
k127_194963	406	No terminal repeats	NA	1	11	0.7910	NA	1	1.3168	Viruses;Duplodnaviria;Heunggongvirae;Uroviricota;Caudoviricetes;;
k127_38229	561	No terminal repeats	NA	1	11	0.7907	NA	1	1.7183	Viruses;Duplodnaviria;Heunggongvirae;Uroviricota;Caudoviricetes;;
k127_10526	370	No terminal repeats	NA	1	11	0.7906	NA	1	1.7056	Viruses;Duplodnaviria;Heunggongvirae;Uroviricota;Caudoviricetes;;
k127_337741	391	No terminal repeats	NA	1	11	0.7901	NA	1	1.3070	Viruses;Duplodnaviria;Heunggongvirae;Uroviricota;Caudoviricetes;;
k127_166128	909	No terminal repeats	NA	1	11	0.7868	NA	1	1.7183	Viruses;Duplodnaviria;Heunggongvirae;Uroviricota;Caudoviricetes;;
k127_273532	622	No terminal repeats	NA	1	11	0.7863	NA	1	1.2306	Viruses;Duplodnaviria;Heunggongvirae;Uroviricota;Caudoviricetes;;
k127_273448	875	No terminal repeats	NA	1	11	0.7858	NA	1	1.7183	Viruses;Duplodnaviria;Heunggongvirae;Uroviricota;Caudoviricetes;;
k127_125243	1342	No terminal repeats	NA	3	11	0.7854	NA	1	2.7764	Viruses;Duplodnaviria;Heunggongvirae;Uroviricota;Caudoviricetes;;
k127_76459	533	No terminal repeats	NA	1	11	0.7847	NA	1	1.7183	Viruses;Duplodnaviria;Heunggongvirae;Uroviricota;Caudoviricetes;;
k127_216683	374	No terminal repeats	NA	1	11	0.7845	NA	1	1.4211	Viruses;Duplodnaviria;Heunggongvirae;Uroviricota;Caudoviricetes;;
k127_1833	359	No terminal repeats	NA	2	11	0.7838	NA	1	1.1211	Viruses;Duplodnaviria;Heunggongvirae;Uroviricota;Caudoviricetes;;
k127_250988	313	No terminal repeats	NA	1	11	0.7828	NA	1	1.1808	Viruses;Duplodnaviria;Heunggongvirae;Uroviricota;Caudoviricetes;;
k127_285087	1017	No terminal repeats	NA	2	11	0.7806	NA	1	1.7183	Viruses;Duplodnaviria;Heunggongvirae;Uroviricota;Caudoviricetes;;
k127_290892	859	No terminal repeats	NA	1	11	0.7800	NA	1	1.7183	Viruses;Duplodnaviria;Heunggongvirae;Uroviricota;Caudoviricetes;;
k127_77709	843	No terminal repeats	NA	1	11	0.7774	NA	1	1.2306	Viruses;Duplodnaviria;Heunggongvirae;Uroviricota;Caudoviricetes;;
k127_105689	533	No terminal repeats	NA	1	11	0.7770	NA	1	1.7183	Viruses;Duplodnaviria;Heunggongvirae;Uroviricota;Caudoviricetes;;
k127_66837	382	No terminal repeats	NA	1	11	0.7764	NA	1	1.3608	Viruses;Duplodnaviria;Heunggongvirae;Uroviricota;Caudoviricetes;;Straboviridae
k127_180191	363	No terminal repeats	NA	1	11	0.7759	NA	1	1.2449	Viruses;Duplodnaviria;Heunggongvirae;Uroviricota;Caudoviricetes;;
k127_113736	902	No terminal repeats	NA	2	11	0.7757	NA	1	1.2306	Viruses;Duplodnaviria;Heunggongvirae;Uroviricota;Caudoviricetes;;
k127_151138	1157	No terminal repeats	NA	1	11	0.7750	NA	1	1.7183	Viruses;Duplodnaviria;Heunggongvirae;Uroviricota;Caudoviricetes;;
k127_393716	330	No terminal repeats	NA	1	11	0.7740	NA	1	1.3562	Viruses;Duplodnaviria;Heunggongvirae;Uroviricota;Caudoviricetes;;
k127_226116	747	No terminal repeats	NA	2	11	0.7739	NA	1	1.7183	Viruses;Duplodnaviria;Heunggongvirae;Uroviricota;Caudoviricetes;;Drexlerviridae
k127_55024	509	No terminal repeats	NA	1	11	0.7738	NA	1	1.7183	Viruses;Duplodnaviria;Heunggongvirae;Uroviricota;Caudoviricetes;;
k127_211907	984	No terminal repeats	NA	1	11	0.7734	NA	1	1.2306	Viruses;Duplodnaviria;Heunggongvirae;Uroviricota;Caudoviricetes;;
k127_134812	321	No terminal repeats	NA	1	11	0.7730	NA	1	1.7066	Viruses;Duplodnaviria;Heunggongvirae;Uroviricota;Caudoviricetes;;
k127_69760	523	No terminal repeats	NA	1	11	0.7725	NA	1	1.6774	Viruses;Duplodnaviria;Heunggongvirae;Uroviricota;Caudoviricetes;;
k127_380761	461	No terminal repeats	NA	1	11	0.7723	NA	1	1.1262	Viruses;Duplodnaviria;Heunggongvirae;Uroviricota;Caudoviricetes;;
k127_370744	341	No terminal repeats	NA	1	11	0.7711	NA	1	1.2870	Viruses;Duplodnaviria;Heunggongvirae;Uroviricota;Caudoviricetes;;
k127_174730	327	No terminal repeats	NA	2	11	0.7708	NA	1	1.1211	Viruses;Duplodnaviria;Heunggongvirae;Uroviricota;Caudoviricetes;;
k127_309542	470	No terminal repeats	NA	2	11	0.7705	NA	1	1.7183	Viruses;Duplodnaviria;Heunggongvirae;Uroviricota;Caudoviricetes;;
k127_332972	384	No terminal repeats	NA	1	11	0.7705	NA	1	1.5180	Unclassified
k127_359898	439	No terminal repeats	NA	1	11	0.7701	NA	1	1.2306	Viruses;Duplodnaviria;Heunggongvirae;Uroviricota;Caudoviricetes;;
k127_64670	480	No terminal repeats	NA	1	11	0.7691	NA	1	1.3888	Viruses;Duplodnaviria;Heunggongvirae;Uroviricota;Caudoviricetes;;Drexlerviridae
k127_406778	447	No terminal repeats	NA	1	11	0.7684	NA	1	1.7136	Viruses;Duplodnaviria;Heunggongvirae;Uroviricota;Caudoviricetes;;
k127_11612	460	No terminal repeats	NA	2	11	0.7677	NA	1	1.7084	Unclassified
k127_350904	474	No terminal repeats	NA	1	11	0.7673	NA	1	0.9531	Viruses;Duplodnaviria;Heunggongvirae;Uroviricota;Caudoviricetes;;
k127_42039	336	No terminal repeats	NA	1	11	0.7671	NA	1	1.4764	Viruses;Duplodnaviria;Heunggongvirae;Uroviricota;Caudoviricetes;;
k127_97212	412	No terminal repeats	NA	1	11	0.7663	NA	1	0.9531	Viruses;Duplodnaviria;Heunggongvirae;Uroviricota;Caudoviricetes;;
k127_120855	1069	No terminal repeats	NA	1	11	0.7641	NA	1	1.2306	Viruses;Duplodnaviria;Heunggongvirae;Uroviricota;Caudoviricetes;;
k127_254270	410	No terminal repeats	NA	1	11	0.7614	NA	1	1.6972	Viruses;Duplodnaviria;Heunggongvirae;Uroviricota;Caudoviricetes;;
k127_331316	492	No terminal repeats	NA	1	11	0.7604	NA	1	1.7136	Viruses;Duplodnaviria;Heunggongvirae;Uroviricota;Caudoviricetes;;
k127_249960	575	No terminal repeats	NA	1	11	0.7597	NA	1	1.2306	Viruses;Duplodnaviria;Heunggongvirae;Uroviricota;Caudoviricetes;;
k127_319785	345	No terminal repeats	NA	1	11	0.7597	NA	1	1.3608	Viruses;Duplodnaviria;Heunggongvirae;Uroviricota;Caudoviricetes;;Straboviridae
k127_49081	1160	No terminal repeats	NA	1	11	0.7593	NA	1	1.4749	Viruses;Duplodnaviria;Heunggongvirae;Uroviricota;Caudoviricetes;;
k127_278229	350	No terminal repeats	NA	1	11	0.7584	NA	1	1.7173	Viruses;Duplodnaviria;Heunggongvirae;Uroviricota;Caudoviricetes;;
k127_34970	747	No terminal repeats	NA	2	11	0.7576	NA	1	1.7173	Viruses;Duplodnaviria;Heunggongvirae;Uroviricota;Caudoviricetes;;
k127_65913	592	No terminal repeats	NA	1	11	0.7574	NA	1	1.1262	Viruses;Duplodnaviria;Heunggongvirae;Uroviricota;Caudoviricetes;;
k127_411974	343	No terminal repeats	NA	1	11	0.7562	NA	1	1.6245	Viruses;Duplodnaviria;Heunggongvirae;Uroviricota;Caudoviricetes;;
k127_42239	391	No terminal repeats	NA	1	11	0.7559	NA	1	1.2683	Viruses;Duplodnaviria;Heunggongvirae;Uroviricota;Caudoviricetes;;
k127_117929	313	No terminal repeats	NA	1	11	0.7540	NA	1	1.6774	Viruses;Duplodnaviria;Heunggongvirae;Uroviricota;Caudoviricetes;;
k127_161137	387	No terminal repeats	NA	1	11	0.7534	NA	1	0.9531	Viruses;Duplodnaviria;Heunggongvirae;Uroviricota;Caudoviricetes;;
k127_62043	917	No terminal repeats	NA	2	11	0.7533	NA	1	1.4464	Viruses;Duplodnaviria;Heunggongvirae;Uroviricota;Caudoviricetes;;
k127_381986	445	No terminal repeats	NA	2	11	0.7521	NA	1	1.7183	Viruses;Duplodnaviria;Heunggongvirae;Uroviricota;Caudoviricetes;;
k127_71443	400	No terminal repeats	NA	1	11	0.7521	NA	1	1.2306	Viruses;Duplodnaviria;Heunggongvirae;Uroviricota;Caudoviricetes;;
k127_344124	592	No terminal repeats	NA	2	11	0.7518	NA	1	1.7183	Viruses;Duplodnaviria;Heunggongvirae;Uroviricota;Caudoviricetes;;
k127_255233	1006	No terminal repeats	NA	2	11	0.7515	NA	1	1.2306	Viruses;Duplodnaviria;Heunggongvirae;Uroviricota;Caudoviricetes;;
k127_392669	381	No terminal repeats	NA	2	11	0.7506	NA	1	1.3598	Viruses;Duplodnaviria;Heunggongvirae;Uroviricota;Caudoviricetes;;
k127_130524	377	No terminal repeats	NA	2	11	0.7501	NA	1	1.3610	Viruses;Duplodnaviria;Heunggongvirae;Uroviricota;Caudoviricetes;;
k127_71380	372	No terminal repeats	NA	1	11	0.7487	NA	1	1.0089	Viruses;Duplodnaviria;Heunggongvirae;Uroviricota;Caudoviricetes;;
k127_119554	342	No terminal repeats	NA	1	11	0.7482	NA	1	1.6734	Viruses;Duplodnaviria;Heunggongvirae;Uroviricota;Caudoviricetes;;
k127_294438	317	No terminal repeats	NA	1	11	0.7459	NA	1	1.3515	Viruses;Duplodnaviria;Heunggongvirae;Uroviricota;Caudoviricetes;;
k127_348152	961	No terminal repeats	NA	1	11	0.7455	NA	1	1.7183	Viruses;Duplodnaviria;Heunggongvirae;Uroviricota;Caudoviricetes;;
k127_54851	642	No terminal repeats	NA	2	11	0.7443	NA	1	1.7136	Viruses;Duplodnaviria;Heunggongvirae;Uroviricota;Caudoviricetes;;
k127_65793	592	No terminal repeats	NA	2	11	0.7437	NA	1	1.2442	Viruses;Duplodnaviria;Heunggongvirae;Uroviricota;Caudoviricetes;;
k127_5415	449	No terminal repeats	NA	1	11	0.7410	NA	1	1.7136	Viruses;Duplodnaviria;Heunggongvirae;Uroviricota;Caudoviricetes;;
k127_246526	599	No terminal repeats	NA	1	11	0.7399	NA	1	0.9531	Viruses;Duplodnaviria;Heunggongvirae;Uroviricota;Caudoviricetes;;
k127_246663	643	No terminal repeats	NA	1	11	0.7385	NA	1	1.2306	Viruses;Duplodnaviria;Heunggongvirae;Uroviricota;Caudoviricetes;;
k127_397762	727	No terminal repeats	NA	1	11	0.7383	NA	1	1.7183	Viruses;Duplodnaviria;Heunggongvirae;Uroviricota;Caudoviricetes;;
k127_330098	434	No terminal repeats	NA	1	11	0.7381	NA	1	1.3168	Viruses;Duplodnaviria;Heunggongvirae;Uroviricota;Caudoviricetes;;
k127_302122	1780	No terminal repeats	NA	2	11	0.7358	NA	1	3.4366	Viruses;Duplodnaviria;Heunggongvirae;Uroviricota;Caudoviricetes;;
k127_259872	491	No terminal repeats	NA	1	11	0.7357	NA	1	1.6407	Viruses;Duplodnaviria;Heunggongvirae;Uroviricota;Caudoviricetes;;
k127_5199	626	No terminal repeats	NA	2	11	0.7355	NA	1	1.3639	Viruses;Duplodnaviria;Heunggongvirae;Uroviricota;Caudoviricetes;;
k127_85232	4455	No terminal repeats	NA	6	11	0.7346	NA	1	3.4315	Viruses;Duplodnaviria;Heunggongvirae;Uroviricota;Caudoviricetes;;
k127_295327	672	No terminal repeats	NA	1	11	0.7337	NA	1	1.4709	Viruses;Duplodnaviria;Heunggongvirae;Uroviricota;Caudoviricetes;;
k127_312109	363	No terminal repeats	NA	1	11	0.7328	NA	1	1.7136	Viruses;Duplodnaviria;Heunggongvirae;Uroviricota;Caudoviricetes;;
k127_376333	643	No terminal repeats	NA	1	11	0.7328	NA	1	1.7136	Viruses;Duplodnaviria;Heunggongvirae;Uroviricota;Caudoviricetes;;
k127_306045	753	No terminal repeats	NA	1	11	0.7320	NA	1	1.7183	Unclassified
k127_127511	423	No terminal repeats	NA	1	11	0.7319	NA	1	1.1328	Viruses;Duplodnaviria;Heunggongvirae;Uroviricota;Caudoviricetes;;
k127_100003	506	No terminal repeats	NA	1	11	0.7316	NA	1	1.3878	Viruses;Duplodnaviria;Heunggongvirae;Uroviricota;Caudoviricetes;;
k127_248276	585	No terminal repeats	NA	1	11	0.7304	NA	1	1.7156	Viruses;Duplodnaviria;Heunggongvirae;Uroviricota;Caudoviricetes;;
k127_220971	423	No terminal repeats	NA	1	11	0.7303	NA	1	1.7091	Viruses;Duplodnaviria;Heunggongvirae;Uroviricota;Caudoviricetes;;
k127_181700	682	No terminal repeats	NA	1	11	0.7294	NA	1	1.7183	Viruses;Duplodnaviria;Heunggongvirae;Uroviricota;Caudoviricetes;;Drexlerviridae
k127_268675	362	No terminal repeats	NA	1	11	0.7292	NA	1	1.5749	Viruses;Duplodnaviria;Heunggongvirae;Uroviricota;Caudoviricetes;;
k127_408633	730	No terminal repeats	NA	1	11	0.7286	NA	1	1.2465	Viruses;Duplodnaviria;Heunggongvirae;Uroviricota;Caudoviricetes;;
k127_257389	652	No terminal repeats	NA	1	11	0.7283	NA	1	1.1438	Viruses;Duplodnaviria;Heunggongvirae;Uroviricota;Caudoviricetes;;
k127_214393	895	No terminal repeats	NA	1	11	0.7277	NA	1	1.1328	Viruses;Duplodnaviria;Heunggongvirae;Uroviricota;Caudoviricetes;;
k127_339220	342	No terminal repeats	NA	1	11	0.7275	NA	1	1.3875	Viruses;Duplodnaviria;Heunggongvirae;Uroviricota;Caudoviricetes;;
k127_172606	1949	No terminal repeats	NA	2	11	0.7262	NA	1	1.4464	Viruses;Duplodnaviria;Heunggongvirae;Uroviricota;Caudoviricetes;;
k127_194406	662	No terminal repeats	NA	1	11	0.7250	NA	1	1.2306	Viruses;Duplodnaviria;Heunggongvirae;Uroviricota;Caudoviricetes;;
k127_217386	579	No terminal repeats	NA	1	11	0.7239	NA	1	1.3181	Viruses;Duplodnaviria;Heunggongvirae;Uroviricota;Caudoviricetes;;
k127_270878	330	No terminal repeats	NA	2	11	0.7235	NA	1	1.7183	Viruses;Duplodnaviria;Heunggongvirae;Uroviricota;Caudoviricetes;;
k127_62490	305	No terminal repeats	NA	1	11	0.7233	NA	1	1.5600	Viruses;Duplodnaviria;Heunggongvirae;Uroviricota;Caudoviricetes;;
k127_12825	325	No terminal repeats	NA	1	11	0.7212	NA	1	1.7090	Viruses;Duplodnaviria;Heunggongvirae;Uroviricota;Caudoviricetes;;
k127_67167	453	No terminal repeats	NA	1	11	0.7210	NA	1	1.1328	Viruses;Duplodnaviria;Heunggongvirae;Uroviricota;Caudoviricetes;;
k127_40099	340	No terminal repeats	NA	1	11	0.7197	NA	1	1.7020	Viruses;Duplodnaviria;Heunggongvirae;Uroviricota;Caudoviricetes;;
k127_204447	978	No terminal repeats	NA	2	11	0.7194	NA	1	1.7183	Viruses;Duplodnaviria;Heunggongvirae;Uroviricota;Caudoviricetes;;Drexlerviridae
k127_36269	1675	No terminal repeats	NA	1	11	0.7184	NA	1	1.7183	Viruses;Duplodnaviria;Heunggongvirae;Uroviricota;Caudoviricetes;;
k127_17628	1142	No terminal repeats	NA	2	11	0.7177	NA	1	1.4749	Viruses;Duplodnaviria;Heunggongvirae;Uroviricota;Caudoviricetes;;
k127_48401	764	No terminal repeats	NA	1	11	0.7163	NA	1	1.2847	Viruses;Duplodnaviria;Heunggongvirae;Uroviricota;Caudoviricetes;;
k127_362260	759	No terminal repeats	NA	1	11	0.7137	NA	1	1.2449	Viruses;Duplodnaviria;Heunggongvirae;Uroviricota;Caudoviricetes;;
k127_93959	366	No terminal repeats	NA	1	11	0.7107	NA	1	1.3181	Viruses;Duplodnaviria;Heunggongvirae;Uroviricota;Caudoviricetes;;
k127_335881	415	No terminal repeats	NA	1	11	0.7105	NA	1	1.0597	Unclassified
k127_67536	323	No terminal repeats	NA	1	11	0.7105	NA	1	1.6774	Viruses;Duplodnaviria;Heunggongvirae;Uroviricota;Caudoviricetes;;
k127_261449	449	No terminal repeats	NA	1	11	0.7102	NA	1	1.3878	Viruses;Duplodnaviria;Heunggongvirae;Uroviricota;Caudoviricetes;;
k127_127906	659	No terminal repeats	NA	2	11	0.7096	NA	1	1.4595	Viruses;Duplodnaviria;Heunggongvirae;Uroviricota;Caudoviricetes;;
k127_167696	685	No terminal repeats	NA	1	11	0.7085	NA	1	1.7166	Unclassified
k127_310300	919	No terminal repeats	NA	2	11	0.7079	NA	1	1.4880	Viruses;Duplodnaviria;Heunggongvirae;Uroviricota;Caudoviricetes;;
k127_304872	439	No terminal repeats	NA	2	11	0.7075	NA	1	1.6857	Viruses;Duplodnaviria;Heunggongvirae;Uroviricota;Caudoviricetes;;
k127_142364	830	No terminal repeats	NA	2	11	0.7073	NA	1	1.3639	Viruses;Duplodnaviria;Heunggongvirae;Uroviricota;Caudoviricetes;;
k127_94340	330	No terminal repeats	NA	1	11	0.7064	NA	1	1.6947	Viruses;Duplodnaviria;Heunggongvirae;Uroviricota;Caudoviricetes;;
k127_345516	589	No terminal repeats	NA	1	11	0.7064	NA	1	1.2277	Viruses;Duplodnaviria;Heunggongvirae;Uroviricota;Caudoviricetes;;
k127_348329	378	No terminal repeats	NA	1	11	0.7036	NA	1	1.6774	Viruses;Duplodnaviria;Heunggongvirae;Uroviricota;Caudoviricetes;;
k127_395699	824	No terminal repeats	NA	1	11	0.7035	NA	1	1.7183	Viruses;Duplodnaviria;Heunggongvirae;Uroviricota;Caudoviricetes;;
k127_197285	511	No terminal repeats	NA	1	11	0.7027	NA	1	1.7173	Viruses;Duplodnaviria;Heunggongvirae;Uroviricota;Caudoviricetes;;
k127_244096	1521	No terminal repeats	NA	2	11	0.7019	NA	1	1.7183	Viruses;Duplodnaviria;Heunggongvirae;Uroviricota;Caudoviricetes;;
k127_262080	784	No terminal repeats	NA	2	11	0.7019	NA	1	1.3996	Viruses;Duplodnaviria;Heunggongvirae;Uroviricota;Caudoviricetes;;
k127_58446	489	No terminal repeats	NA	2	11	0.7010	NA	1	1.4944	Viruses;Duplodnaviria;Heunggongvirae;Uroviricota;Caudoviricetes;;
k127_155946	729	No terminal repeats	NA	2	11	0.7006	NA	1	0.9531	Viruses;Duplodnaviria;Heunggongvirae;Uroviricota;Caudoviricetes;;
k127_16719	2203	No terminal repeats	NA	2	11	0.7005	NA	1	1.7183	Viruses;Duplodnaviria;Heunggongvirae;Uroviricota;Caudoviricetes;;
k127_178673	521	No terminal repeats	NA	1	11	0.7001	NA	1	1.4229	Viruses;Duplodnaviria;Heunggongvirae;Uroviricota;Caudoviricetes;;
