seq_name	length	topology	coordinates	n_genes	genetic_code	virus_score	fdr	n_hallmarks	marker_enrichment	taxonomy
k127_209565	2399	No terminal repeats	NA	3	11	0.9778	NA	2	4.6894	Viruses;Duplodnaviria;Heunggongvirae;Uroviricota;Caudoviricetes;;
k127_235602	482	No terminal repeats	NA	1	11	0.9687	NA	1	1.4595	Viruses;Duplodnaviria;Heunggongvirae;Uroviricota;Caudoviricetes;;
k127_230712	597	No terminal repeats	NA	1	15	0.9679	NA	1	1.7183	Viruses;Monodnaviria;Sangervirae;Phixviricota;Malgrandaviricetes;Petitvirales;Microviridae
k127_125473	376	No terminal repeats	NA	1	11	0.9670	NA	1	1.7183	Viruses;Duplodnaviria;Heunggongvirae;Uroviricota;Caudoviricetes;;
k127_344530	400	No terminal repeats	NA	1	11	0.9649	NA	1	1.7183	Viruses;Duplodnaviria;Heunggongvirae;Uroviricota;Caudoviricetes;;Zobellviridae
k127_190135	472	No terminal repeats	NA	1	11	0.9648	NA	1	1.7183	Viruses;Duplodnaviria;Heunggongvirae;Uroviricota;Caudoviricetes;;
k127_216276	488	No terminal repeats	NA	1	11	0.9611	NA	1	1.7183	Viruses;Monodnaviria;Sangervirae;Phixviricota;Malgrandaviricetes;Petitvirales;Microviridae
k127_443536	446	No terminal repeats	NA	1	11	0.9600	NA	1	1.7183	Viruses;Duplodnaviria;Heunggongvirae;Uroviricota;Caudoviricetes;;
k127_388441	311	No terminal repeats	NA	1	11	0.9590	NA	1	1.4595	Viruses;Duplodnaviria;Heunggongvirae;Uroviricota;Caudoviricetes;;
k127_333702	446	No terminal repeats	NA	1	11	0.9587	NA	1	1.7183	Viruses;Duplodnaviria;Heunggongvirae;Uroviricota;Caudoviricetes;;
k127_275329	444	No terminal repeats	NA	2	11	0.9550	NA	1	1.7183	Viruses;Duplodnaviria;Heunggongvirae;Uroviricota;Caudoviricetes;;Herelleviridae
k127_199885	396	No terminal repeats	NA	1	11	0.9545	NA	1	1.4464	Viruses;Duplodnaviria;Heunggongvirae;Uroviricota;Caudoviricetes;;
k127_382998	1136	No terminal repeats	NA	1	11	0.9541	NA	1	1.7183	Viruses;Duplodnaviria;Heunggongvirae;Uroviricota;Caudoviricetes;;
k127_201964	319	No terminal repeats	NA	1	11	0.9538	NA	1	1.7183	Viruses;Duplodnaviria;Heunggongvirae;Uroviricota;Caudoviricetes;;
k127_66609	665	No terminal repeats	NA	2	11	0.9531	NA	1	3.1103	Viruses;Duplodnaviria;Heunggongvirae;Uroviricota;Caudoviricetes;;
k127_379837	2895	No terminal repeats	NA	3	11	0.9526	NA	2	4.1511	Viruses;Duplodnaviria;Heunggongvirae;Uroviricota;Caudoviricetes;;
k127_246302	359	No terminal repeats	NA	1	11	0.9520	NA	1	1.4698	Viruses;Duplodnaviria;Heunggongvirae;Uroviricota;Caudoviricetes;;
k127_95889	349	No terminal repeats	NA	1	11	0.9505	NA	1	1.7183	Viruses;Duplodnaviria;Heunggongvirae;Uroviricota;Caudoviricetes;;
k127_288328	340	No terminal repeats	NA	1	11	0.9501	NA	1	1.7183	Unclassified
k127_476621	402	No terminal repeats	NA	1	11	0.9492	NA	1	1.4698	Viruses;Duplodnaviria;Heunggongvirae;Uroviricota;Caudoviricetes;;
k127_182537	535	No terminal repeats	NA	1	11	0.9492	NA	1	1.7183	Viruses;Duplodnaviria;Heunggongvirae;Uroviricota;Caudoviricetes;;
k127_114246	449	No terminal repeats	NA	1	11	0.9491	NA	1	1.4595	Viruses;Duplodnaviria;Heunggongvirae;Uroviricota;Caudoviricetes;;
k127_310996	305	No terminal repeats	NA	1	11	0.9491	NA	1	1.7183	Viruses;Duplodnaviria;Heunggongvirae;Uroviricota;Caudoviricetes;;
k127_422008	310	No terminal repeats	NA	1	11	0.9486	NA	1	1.7183	Viruses;Duplodnaviria;Heunggongvirae;Uroviricota;Caudoviricetes;;
k127_103921	326	No terminal repeats	NA	1	11	0.9479	NA	1	1.7183	Viruses;Duplodnaviria;Heunggongvirae;Uroviricota;Caudoviricetes;;
k127_83524	1411	No terminal repeats	NA	2	11	0.9467	NA	1	2.6544	Viruses;Duplodnaviria;Heunggongvirae;Uroviricota;Caudoviricetes;;
k127_248749	358	No terminal repeats	NA	1	11	0.9462	NA	1	1.7183	Viruses;Duplodnaviria;Heunggongvirae;Uroviricota;Caudoviricetes;;
k127_8370	327	No terminal repeats	NA	1	11	0.9451	NA	1	1.7183	Viruses;Duplodnaviria;Heunggongvirae;Uroviricota;Caudoviricetes;;
k127_89762	552	No terminal repeats	NA	1	11	0.9444	NA	1	1.7183	Viruses;Duplodnaviria;Heunggongvirae;Uroviricota;Caudoviricetes;;
k127_190123	439	No terminal repeats	NA	1	11	0.9434	NA	1	1.7183	Viruses;Duplodnaviria;Heunggongvirae;Uroviricota;Caudoviricetes;;
k127_260982	305	No terminal repeats	NA	1	11	0.9434	NA	1	1.7183	Viruses;Duplodnaviria;Heunggongvirae;Uroviricota;Caudoviricetes;;
k127_235815	366	No terminal repeats	NA	1	11	0.9429	NA	1	1.7183	Viruses;Duplodnaviria;Heunggongvirae;Uroviricota;Caudoviricetes;;Drexlerviridae
k127_59372	375	No terminal repeats	NA	1	11	0.9421	NA	1	1.7183	Viruses;Duplodnaviria;Heunggongvirae;Uroviricota;Caudoviricetes;;
k127_243893	568	No terminal repeats	NA	1	11	0.9418	NA	1	1.7183	Viruses;Riboviria;Orthornavirae;;;;
k127_100542	396	No terminal repeats	NA	1	11	0.9405	NA	1	1.7183	Viruses;Duplodnaviria;Heunggongvirae;Uroviricota;Caudoviricetes;;
k127_405305	1519	No terminal repeats	NA	1	11	0.9405	NA	1	1.7183	Viruses;Riboviria;Orthornavirae;Lenarviricota;Amabiliviricetes;Wolframvirales;Narnaviridae
k127_30442	330	No terminal repeats	NA	1	11	0.9404	NA	1	1.4595	Viruses;Duplodnaviria;Heunggongvirae;Uroviricota;Caudoviricetes;;
k127_328699	322	No terminal repeats	NA	1	11	0.9404	NA	1	1.7183	Viruses;Duplodnaviria;Heunggongvirae;Uroviricota;Caudoviricetes;;
k127_170001	319	No terminal repeats	NA	2	11	0.9389	NA	1	1.7183	Unclassified
k127_254270	375	No terminal repeats	NA	1	11	0.9387	NA	1	1.6215	Unclassified
k127_391457	338	No terminal repeats	NA	1	11	0.9383	NA	1	1.7183	Viruses;Duplodnaviria;Heunggongvirae;Uroviricota;Caudoviricetes;;
k127_185892	367	No terminal repeats	NA	1	11	0.9380	NA	1	1.7183	Viruses;Duplodnaviria;Heunggongvirae;Uroviricota;Caudoviricetes;;
k127_280412	325	No terminal repeats	NA	1	11	0.9377	NA	1	1.7183	Viruses;Duplodnaviria;Heunggongvirae;Uroviricota;Caudoviricetes;;
k127_38970	385	No terminal repeats	NA	1	11	0.9377	NA	1	1.7183	Viruses;Duplodnaviria;Heunggongvirae;Uroviricota;Caudoviricetes;;Drexlerviridae
k127_371917	317	No terminal repeats	NA	1	11	0.9362	NA	1	1.7183	Viruses;Duplodnaviria;Heunggongvirae;Uroviricota;Caudoviricetes;;
k127_399268	1129	No terminal repeats	NA	3	11	0.9355	NA	1	5.0115	Viruses;Duplodnaviria;Heunggongvirae;Uroviricota;Caudoviricetes;;
k127_152649	719	No terminal repeats	NA	1	11	0.9354	NA	1	1.7183	Viruses;Duplodnaviria;Heunggongvirae;Uroviricota;Caudoviricetes;;
k127_296047	412	No terminal repeats	NA	1	11	0.9351	NA	1	1.7183	Viruses;Duplodnaviria;Heunggongvirae;Uroviricota;Caudoviricetes;;
k127_143193	441	No terminal repeats	NA	2	11	0.9344	NA	1	2.9520	Viruses;Duplodnaviria;Heunggongvirae;Uroviricota;Caudoviricetes;;
k127_195516	303	No terminal repeats	NA	2	11	0.9331	NA	1	1.4840	Unclassified
k127_132959	516	No terminal repeats	NA	1	11	0.9313	NA	1	1.7183	Viruses;Duplodnaviria;Heunggongvirae;Uroviricota;Caudoviricetes;;
k127_230343	393	No terminal repeats	NA	2	11	0.9310	NA	1	2.4593	Viruses;Duplodnaviria;Heunggongvirae;Uroviricota;Caudoviricetes;;
k127_40989	502	No terminal repeats	NA	1	11	0.9308	NA	1	1.7183	Viruses;Duplodnaviria;Heunggongvirae;Uroviricota;Caudoviricetes;;
k127_127776	325	No terminal repeats	NA	1	11	0.9303	NA	1	1.7183	Viruses;Duplodnaviria;Heunggongvirae;Uroviricota;Caudoviricetes;;
k127_74802	1042	No terminal repeats	NA	3	11	0.9301	NA	1	5.0630	Viruses;Duplodnaviria;Heunggongvirae;Uroviricota;Caudoviricetes;;
k127_237127	411	No terminal repeats	NA	1	11	0.9300	NA	1	1.3807	Viruses;Duplodnaviria;Heunggongvirae;Uroviricota;Caudoviricetes;;
k127_268501	388	No terminal repeats	NA	1	11	0.9298	NA	1	1.2277	Viruses;Duplodnaviria;Heunggongvirae;Uroviricota;Caudoviricetes;;
k127_414211	381	No terminal repeats	NA	1	11	0.9294	NA	1	1.4698	Viruses;Duplodnaviria;Heunggongvirae;Uroviricota;Caudoviricetes;;
k127_362129	485	No terminal repeats	NA	1	11	0.9292	NA	1	1.4764	Viruses;Duplodnaviria;Heunggongvirae;Uroviricota;Caudoviricetes;;
k127_98928	327	No terminal repeats	NA	1	11	0.9287	NA	1	1.7183	Unclassified
k127_65726	535	No terminal repeats	NA	1	11	0.9286	NA	1	1.7183	Viruses;Duplodnaviria;Heunggongvirae;Uroviricota;Caudoviricetes;;Drexlerviridae
k127_94591	494	No terminal repeats	NA	1	11	0.9279	NA	1	1.4749	Viruses;Duplodnaviria;Heunggongvirae;Uroviricota;Caudoviricetes;;
k127_253196	453	No terminal repeats	NA	1	11	0.9274	NA	1	1.2277	Viruses;Duplodnaviria;Heunggongvirae;Uroviricota;Caudoviricetes;;
k127_339319	1162	No terminal repeats	NA	1	11	0.9270	NA	1	1.7183	Viruses;Duplodnaviria;Heunggongvirae;Uroviricota;Caudoviricetes;;
k127_166538	768	No terminal repeats	NA	1	11	0.9268	NA	1	1.7183	Viruses;Duplodnaviria;Heunggongvirae;Uroviricota;Caudoviricetes;;
k127_233826	427	No terminal repeats	NA	1	11	0.9267	NA	1	1.7183	Viruses;Duplodnaviria;Heunggongvirae;Uroviricota;Caudoviricetes;;Drexlerviridae
k127_294328	349	No terminal repeats	NA	1	11	0.9266	NA	1	1.4749	Viruses;Duplodnaviria;Heunggongvirae;Uroviricota;Caudoviricetes;;
k127_32665	853	No terminal repeats	NA	2	11	0.9266	NA	1	3.4366	Viruses;Duplodnaviria;Heunggongvirae;Uroviricota;Caudoviricetes;;Herelleviridae
k127_302760	409	No terminal repeats	NA	1	11	0.9254	NA	1	1.5961	Unclassified
k127_371121	774	No terminal repeats	NA	1	11	0.9247	NA	1	1.4595	Viruses;Duplodnaviria;Heunggongvirae;Uroviricota;Caudoviricetes;;
k127_138134	433	No terminal repeats	NA	1	11	0.9242	NA	1	1.5961	Unclassified
k127_127038	327	No terminal repeats	NA	1	11	0.9234	NA	1	1.4749	Viruses;Duplodnaviria;Heunggongvirae;Uroviricota;Caudoviricetes;;
k127_64880	287	No terminal repeats	NA	1	11	0.9224	NA	1	1.1262	Viruses;Duplodnaviria;Heunggongvirae;Uroviricota;Caudoviricetes;;
k127_250520	384	No terminal repeats	NA	1	11	0.9220	NA	1	1.7183	Viruses;Duplodnaviria;Heunggongvirae;Uroviricota;Caudoviricetes;;
k127_419437	406	No terminal repeats	NA	1	11	0.9217	NA	1	1.7183	Viruses;Duplodnaviria;Heunggongvirae;Uroviricota;Caudoviricetes;;
k127_224086	341	No terminal repeats	NA	1	11	0.9210	NA	1	1.3198	Viruses;Duplodnaviria;Heunggongvirae;Uroviricota;Caudoviricetes;;
k127_119745	364	No terminal repeats	NA	1	11	0.9209	NA	1	1.7183	Viruses;Duplodnaviria;Heunggongvirae;Uroviricota;Caudoviricetes;;Peduoviridae
k127_103732	343	No terminal repeats	NA	1	11	0.9207	NA	1	1.7183	Viruses;Duplodnaviria;Heunggongvirae;Uroviricota;Caudoviricetes;;
k127_174600	1124	No terminal repeats	NA	1	11	0.9193	NA	1	1.7183	Viruses;Duplodnaviria;Heunggongvirae;Uroviricota;Caudoviricetes;;
k127_203111	629	No terminal repeats	NA	1	11	0.9190	NA	1	1.7183	Viruses;Duplodnaviria;Heunggongvirae;Uroviricota;Caudoviricetes;;
k127_430568	343	No terminal repeats	NA	1	11	0.9182	NA	1	1.7183	Unclassified
k127_216282	308	No terminal repeats	NA	1	11	0.9180	NA	1	1.7183	Viruses;Duplodnaviria;Heunggongvirae;Uroviricota;Caudoviricetes;;
k127_355886	566	No terminal repeats	NA	1	11	0.9173	NA	1	1.7183	Viruses;Duplodnaviria;Heunggongvirae;Uroviricota;Caudoviricetes;;Drexlerviridae
k127_403623	536	No terminal repeats	NA	1	11	0.9173	NA	1	1.7183	Viruses;Duplodnaviria;Heunggongvirae;Uroviricota;Caudoviricetes;;
k127_287941	346	No terminal repeats	NA	1	11	0.9170	NA	1	1.5310	Viruses;Duplodnaviria;Heunggongvirae;Uroviricota;Caudoviricetes;;
k127_234214	325	No terminal repeats	NA	1	11	0.9161	NA	1	1.7183	Unclassified
k127_458459	539	No terminal repeats	NA	2	11	0.9145	NA	1	1.7183	Viruses;Duplodnaviria;Heunggongvirae;Uroviricota;Caudoviricetes;;
k127_99102	629	No terminal repeats	NA	2	11	0.9137	NA	2	2.7272	Viruses;Duplodnaviria;Heunggongvirae;Uroviricota;Caudoviricetes;;
k127_118967	377	No terminal repeats	NA	1	11	0.9134	NA	1	1.7183	Viruses;Duplodnaviria;Heunggongvirae;Uroviricota;Caudoviricetes;;
k127_151534	494	No terminal repeats	NA	1	11	0.9134	NA	1	1.2306	Viruses;Duplodnaviria;Heunggongvirae;Uroviricota;Caudoviricetes;;
k127_309401	761	No terminal repeats	NA	1	11	0.9127	NA	1	1.7183	Viruses;Duplodnaviria;Heunggongvirae;Uroviricota;Caudoviricetes;;
k127_439899	373	No terminal repeats	NA	1	11	0.9119	NA	1	1.4764	Viruses;Duplodnaviria;Heunggongvirae;Uroviricota;Caudoviricetes;;
k127_150445	1230	No terminal repeats	NA	1	11	0.9117	NA	1	1.7183	Viruses;Duplodnaviria;Heunggongvirae;Uroviricota;Caudoviricetes;;
k127_481260	336	No terminal repeats	NA	1	11	0.9103	NA	1	1.1262	Viruses;Duplodnaviria;Heunggongvirae;Uroviricota;Caudoviricetes;;
k127_300759	467	No terminal repeats	NA	2	11	0.9085	NA	1	1.7183	Viruses;Duplodnaviria;Heunggongvirae;Uroviricota;Caudoviricetes;;
k127_158005	338	No terminal repeats	NA	1	11	0.9084	NA	1	1.7183	Viruses;Duplodnaviria;Heunggongvirae;Uroviricota;Caudoviricetes;;
k127_20668	368	No terminal repeats	NA	1	11	0.9084	NA	1	1.3867	Viruses;Duplodnaviria;Heunggongvirae;Uroviricota;Caudoviricetes;;
k127_216733	208	No terminal repeats	NA	1	11	0.9083	NA	1	1.4764	Viruses;Duplodnaviria;Heunggongvirae;Uroviricota;Caudoviricetes;;
k127_242917	311	No terminal repeats	NA	1	11	0.9081	NA	1	1.7183	Viruses;Duplodnaviria;Heunggongvirae;Uroviricota;Caudoviricetes;;
k127_14670	1746	No terminal repeats	NA	1	11	0.9077	NA	1	1.7183	Viruses;Riboviria;Orthornavirae;Pisuviricota;Stelpaviricetes;Stellavirales;Astroviridae
k127_175768	571	No terminal repeats	NA	1	11	0.9074	NA	1	1.2277	Viruses;Duplodnaviria;Heunggongvirae;Uroviricota;Caudoviricetes;;
k127_413983	335	No terminal repeats	NA	1	11	0.9071	NA	1	1.7183	Viruses;Duplodnaviria;Heunggongvirae;Uroviricota;Caudoviricetes;;
k127_350224	744	No terminal repeats	NA	1	11	0.9060	NA	1	1.7183	Viruses;Duplodnaviria;Heunggongvirae;Uroviricota;Caudoviricetes;;
k127_388555	2573	No terminal repeats	NA	2	11	0.9059	NA	2	2.4838	Viruses;Duplodnaviria;Heunggongvirae;Uroviricota;Caudoviricetes;;
k127_61137	441	No terminal repeats	NA	1	11	0.9054	NA	1	1.7183	Viruses;Duplodnaviria;Heunggongvirae;Uroviricota;Caudoviricetes;;
k127_165402	338	No terminal repeats	NA	1	11	0.9044	NA	1	1.7183	Viruses;Duplodnaviria;Heunggongvirae;Uroviricota;Caudoviricetes;;
k127_330700	642	No terminal repeats	NA	1	11	0.9042	NA	1	1.6039	Viruses;Duplodnaviria;Heunggongvirae;Uroviricota;Caudoviricetes;;
k127_184776	360	No terminal repeats	NA	1	11	0.9040	NA	1	1.7183	Viruses;Duplodnaviria;Heunggongvirae;Uroviricota;Caudoviricetes;;Drexlerviridae
k127_139546	536	No terminal repeats	NA	1	11	0.9038	NA	1	1.7183	Viruses;Duplodnaviria;Heunggongvirae;Uroviricota;Caudoviricetes;;
k127_310783	376	No terminal repeats	NA	1	11	0.9036	NA	1	1.3966	Viruses;Duplodnaviria;Heunggongvirae;Uroviricota;Caudoviricetes;;
k127_426229	1155	No terminal repeats	NA	1	11	0.9034	NA	1	1.7183	Viruses;Duplodnaviria;Heunggongvirae;Uroviricota;Caudoviricetes;;
k127_204471	1293	No terminal repeats	NA	1	11	0.9033	NA	1	1.5978	Viruses;Duplodnaviria;Heunggongvirae;Uroviricota;Caudoviricetes;;
k127_475943	604	No terminal repeats	NA	1	11	0.9022	NA	1	1.2306	Viruses;Duplodnaviria;Heunggongvirae;Uroviricota;Caudoviricetes;;
k127_308345	344	No terminal repeats	NA	1	11	0.9017	NA	1	1.1077	Viruses;Duplodnaviria;Heunggongvirae;Uroviricota;Caudoviricetes;;
k127_64881	300	No terminal repeats	NA	1	11	0.9013	NA	1	1.1262	Viruses;Duplodnaviria;Heunggongvirae;Uroviricota;Caudoviricetes;;
k127_49773	605	No terminal repeats	NA	1	11	0.8996	NA	1	1.7183	Viruses;Duplodnaviria;Heunggongvirae;Uroviricota;Caudoviricetes;;
k127_234232	843	No terminal repeats	NA	2	11	0.8992	NA	2	2.8209	Viruses;Duplodnaviria;Heunggongvirae;Uroviricota;Caudoviricetes;;
k127_301412	956	No terminal repeats	NA	2	11	0.8989	NA	1	2.3616	Viruses;Duplodnaviria;Heunggongvirae;Uroviricota;Caudoviricetes;;
k127_289847	362	No terminal repeats	NA	1	11	0.8984	NA	1	1.5961	Unclassified
k127_284516	331	No terminal repeats	NA	1	11	0.8984	NA	1	1.3168	Viruses;Duplodnaviria;Heunggongvirae;Uroviricota;Caudoviricetes;;
k127_153299	382	No terminal repeats	NA	1	11	0.8980	NA	1	1.7162	Viruses;Duplodnaviria;Heunggongvirae;Uroviricota;Caudoviricetes;;
k127_259723	449	No terminal repeats	NA	1	11	0.8972	NA	1	1.5978	Viruses;Duplodnaviria;Heunggongvirae;Uroviricota;Caudoviricetes;;
k127_379115	285	No terminal repeats	NA	1	11	0.8969	NA	1	1.4764	Viruses;Duplodnaviria;Heunggongvirae;Uroviricota;Caudoviricetes;;
k127_427021	1402	No terminal repeats	NA	3	11	0.8969	NA	2	2.9513	Viruses;Duplodnaviria;Heunggongvirae;Uroviricota;Caudoviricetes;;
k127_471941	428	No terminal repeats	NA	1	11	0.8967	NA	1	1.7183	Viruses;Duplodnaviria;Heunggongvirae;Uroviricota;Caudoviricetes;;
k127_15239	964	No terminal repeats	NA	1	11	0.8967	NA	1	1.7183	Viruses;Duplodnaviria;Heunggongvirae;Uroviricota;Caudoviricetes;;Drexlerviridae
k127_42213	267	No terminal repeats	NA	1	11	0.8937	NA	1	1.4764	Viruses;Duplodnaviria;Heunggongvirae;Uroviricota;Caudoviricetes;;
k127_295218	334	No terminal repeats	NA	1	11	0.8933	NA	1	1.4764	Viruses;Duplodnaviria;Heunggongvirae;Uroviricota;Caudoviricetes;;
k127_184300	318	No terminal repeats	NA	1	11	0.8932	NA	1	1.4764	Viruses;Duplodnaviria;Heunggongvirae;Uroviricota;Caudoviricetes;;
k127_304253	375	No terminal repeats	NA	1	11	0.8931	NA	1	1.2277	Viruses;Duplodnaviria;Heunggongvirae;Uroviricota;Caudoviricetes;;
k127_202366	518	No terminal repeats	NA	2	11	0.8931	NA	1	1.7183	Viruses;Monodnaviria;Sangervirae;Phixviricota;Malgrandaviricetes;Petitvirales;Microviridae
k127_195598	456	No terminal repeats	NA	2	11	0.8931	NA	1	2.5607	Viruses;Duplodnaviria;Heunggongvirae;Uroviricota;Caudoviricetes;;
k127_355813	550	No terminal repeats	NA	2	11	0.8928	NA	1	3.1778	Viruses;Duplodnaviria;Heunggongvirae;Uroviricota;Caudoviricetes;;
k127_373647	335	No terminal repeats	NA	1	11	0.8927	NA	1	1.2708	Viruses;Duplodnaviria;Heunggongvirae;Uroviricota;Caudoviricetes;;
k127_128934	330	No terminal repeats	NA	2	11	0.8917	NA	1	3.2932	Viruses;Duplodnaviria;Heunggongvirae;Uroviricota;Caudoviricetes;;
k127_56609	313	No terminal repeats	NA	1	11	0.8915	NA	1	1.4764	Viruses;Duplodnaviria;Heunggongvirae;Uroviricota;Caudoviricetes;;
k127_298100	607	No terminal repeats	NA	1	11	0.8914	NA	1	1.7183	Viruses;Duplodnaviria;Heunggongvirae;Uroviricota;Caudoviricetes;;Drexlerviridae
k127_420503	632	No terminal repeats	NA	3	11	0.8911	NA	1	4.6377	Viruses;Duplodnaviria;Heunggongvirae;Uroviricota;Caudoviricetes;;
k127_235010	943	No terminal repeats	NA	3	11	0.8904	NA	1	2.7935	Viruses;Duplodnaviria;Heunggongvirae;Uroviricota;Caudoviricetes;;
k127_399521	1283	No terminal repeats	NA	1	11	0.8901	NA	1	1.2306	Viruses;Duplodnaviria;Heunggongvirae;Uroviricota;Caudoviricetes;;
k127_410056	288	No terminal repeats	NA	1	11	0.8898	NA	1	1.4764	Viruses;Duplodnaviria;Heunggongvirae;Uroviricota;Caudoviricetes;;
k127_237974	727	No terminal repeats	NA	1	11	0.8894	NA	1	1.7183	Viruses;Duplodnaviria;Heunggongvirae;Uroviricota;Caudoviricetes;;Drexlerviridae
k127_12116	497	No terminal repeats	NA	2	11	0.8884	NA	1	1.3610	Viruses;Duplodnaviria;Heunggongvirae;Uroviricota;Caudoviricetes;;
k127_144	434	No terminal repeats	NA	1	11	0.8881	NA	1	1.2306	Viruses;Duplodnaviria;Heunggongvirae;Uroviricota;Caudoviricetes;;
k127_393860	415	No terminal repeats	NA	2	11	0.8880	NA	1	1.7183	Viruses;Duplodnaviria;Heunggongvirae;Uroviricota;Caudoviricetes;;
k127_332242	364	No terminal repeats	NA	1	11	0.8876	NA	1	1.4263	Unclassified
k127_459664	324	No terminal repeats	NA	1	11	0.8874	NA	1	1.2982	Viruses;Duplodnaviria;Heunggongvirae;Uroviricota;Caudoviricetes;;
k127_51491	322	No terminal repeats	NA	1	11	0.8873	NA	1	1.7183	Viruses;Monodnaviria;Sangervirae;Phixviricota;Malgrandaviricetes;Petitvirales;Microviridae
k127_337084	294	No terminal repeats	NA	1	11	0.8872	NA	1	1.1262	Viruses;Duplodnaviria;Heunggongvirae;Uroviricota;Caudoviricetes;;
k127_102132	1131	No terminal repeats	NA	1	11	0.8872	NA	1	1.7183	Viruses;Duplodnaviria;Heunggongvirae;Uroviricota;Caudoviricetes;;
k127_210173	581	No terminal repeats	NA	1	11	0.8868	NA	1	1.7183	Viruses;Duplodnaviria;Heunggongvirae;Uroviricota;Caudoviricetes;;
k127_33897	1142	No terminal repeats	NA	2	11	0.8867	NA	2	2.4853	Viruses;Duplodnaviria;Heunggongvirae;Uroviricota;Caudoviricetes;;
k127_194948	517	No terminal repeats	NA	1	11	0.8860	NA	1	1.7183	Viruses;Duplodnaviria;Heunggongvirae;Uroviricota;Caudoviricetes;;
k127_213115	501	No terminal repeats	NA	1	11	0.8850	NA	1	1.2306	Viruses;Duplodnaviria;Heunggongvirae;Uroviricota;Caudoviricetes;;
k127_343622	639	No terminal repeats	NA	1	11	0.8848	NA	1	1.7183	Viruses;Duplodnaviria;Heunggongvirae;Uroviricota;Caudoviricetes;;
k127_380272	447	No terminal repeats	NA	1	11	0.8844	NA	1	1.2306	Viruses;Duplodnaviria;Heunggongvirae;Uroviricota;Caudoviricetes;;
k127_36842	349	No terminal repeats	NA	1	11	0.8841	NA	1	1.0036	Viruses;Duplodnaviria;Heunggongvirae;Uroviricota;Caudoviricetes;;
k127_414294	1401	No terminal repeats	NA	2	11	0.8827	NA	2	2.3217	Viruses;Duplodnaviria;Heunggongvirae;Uroviricota;Caudoviricetes;;
k127_152691	671	No terminal repeats	NA	1	11	0.8818	NA	1	1.7183	Viruses;Duplodnaviria;Heunggongvirae;Uroviricota;Caudoviricetes;;
k127_468447	496	No terminal repeats	NA	1	11	0.8812	NA	1	1.3550	Viruses;Duplodnaviria;Heunggongvirae;Uroviricota;Caudoviricetes;;
k127_10041	478	No terminal repeats	NA	1	11	0.8810	NA	1	1.2306	Viruses;Duplodnaviria;Heunggongvirae;Uroviricota;Caudoviricetes;;
k127_363947	523	No terminal repeats	NA	1	11	0.8785	NA	1	1.7183	Unclassified
k127_142977	412	No terminal repeats	NA	1	11	0.8777	NA	1	1.7183	Viruses;Duplodnaviria;Heunggongvirae;Uroviricota;Caudoviricetes;;
k127_273358	1094	No terminal repeats	NA	1	11	0.8776	NA	1	1.7183	Viruses;Duplodnaviria;Heunggongvirae;Uroviricota;Caudoviricetes;;
k127_434016	333	No terminal repeats	NA	1	11	0.8762	NA	1	1.7183	Viruses;Duplodnaviria;Heunggongvirae;Uroviricota;Caudoviricetes;;
k127_287344	516	No terminal repeats	NA	1	11	0.8761	NA	1	1.7169	Viruses;Duplodnaviria;Heunggongvirae;Uroviricota;Caudoviricetes;;
k127_483124	467	No terminal repeats	NA	1	11	0.8754	NA	1	1.7183	Viruses;Duplodnaviria;Heunggongvirae;Uroviricota;Caudoviricetes;;
k127_372349	774	No terminal repeats	NA	1	11	0.8736	NA	1	1.7183	Viruses;Duplodnaviria;Heunggongvirae;Uroviricota;Caudoviricetes;;
k127_436997	1192	No terminal repeats	NA	1	11	0.8733	NA	1	1.7183	Viruses;Duplodnaviria;Heunggongvirae;Uroviricota;Caudoviricetes;;
k127_109087	663	No terminal repeats	NA	2	11	0.8732	NA	1	2.9520	Viruses;Duplodnaviria;Heunggongvirae;Uroviricota;Caudoviricetes;;
k127_132994	409	No terminal repeats	NA	1	11	0.8730	NA	1	1.4749	Viruses;Duplodnaviria;Heunggongvirae;Uroviricota;Caudoviricetes;;
k127_35290	419	No terminal repeats	NA	1	11	0.8730	NA	1	1.1157	Viruses;Duplodnaviria;Heunggongvirae;Uroviricota;Caudoviricetes;;
k127_163482	857	No terminal repeats	NA	1	11	0.8726	NA	1	1.7183	Viruses;Duplodnaviria;Heunggongvirae;Uroviricota;Caudoviricetes;;
k127_442871	932	No terminal repeats	NA	3	11	0.8724	NA	1	5.0713	Viruses;Duplodnaviria;Heunggongvirae;Uroviricota;Caudoviricetes;;
k127_293746	497	No terminal repeats	NA	2	11	0.8715	NA	1	1.7183	Viruses;Duplodnaviria;Heunggongvirae;Uroviricota;Caudoviricetes;;
k127_471313	466	No terminal repeats	NA	1	11	0.8713	NA	1	1.7183	Viruses;Duplodnaviria;Heunggongvirae;Uroviricota;Caudoviricetes;;Drexlerviridae
k127_145985	683	No terminal repeats	NA	1	11	0.8705	NA	1	1.2306	Viruses;Duplodnaviria;Heunggongvirae;Uroviricota;Caudoviricetes;;
k127_126073	432	No terminal repeats	NA	1	11	0.8704	NA	1	1.4764	Viruses;Duplodnaviria;Heunggongvirae;Uroviricota;Caudoviricetes;;
k127_343626	427	No terminal repeats	NA	1	11	0.8701	NA	1	1.7183	Viruses;Duplodnaviria;Heunggongvirae;Uroviricota;Caudoviricetes;;
k127_372675	631	No terminal repeats	NA	2	11	0.8700	NA	1	2.7764	Viruses;Duplodnaviria;Heunggongvirae;Uroviricota;Caudoviricetes;;
k127_367264	498	No terminal repeats	NA	1	11	0.8698	NA	1	1.7183	Viruses;Duplodnaviria;Heunggongvirae;Uroviricota;Caudoviricetes;;Drexlerviridae
k127_247901	386	No terminal repeats	NA	1	11	0.8696	NA	1	1.3645	Viruses;Duplodnaviria;Heunggongvirae;Uroviricota;Caudoviricetes;;
k127_330900	615	No terminal repeats	NA	2	11	0.8694	NA	1	1.6774	Viruses;Duplodnaviria;Heunggongvirae;Uroviricota;Caudoviricetes;;
k127_393668	873	No terminal repeats	NA	2	11	0.8693	NA	1	2.6762	Viruses;Duplodnaviria;Heunggongvirae;Uroviricota;Caudoviricetes;;
k127_202707	2289	No terminal repeats	NA	3	11	0.8687	NA	1	2.8000	Viruses;Duplodnaviria;Heunggongvirae;Uroviricota;Caudoviricetes;;
k127_451996	475	No terminal repeats	NA	1	11	0.8684	NA	1	1.2306	Viruses;Duplodnaviria;Heunggongvirae;Uroviricota;Caudoviricetes;;
k127_105505	577	No terminal repeats	NA	1	11	0.8681	NA	1	1.2306	Viruses;Duplodnaviria;Heunggongvirae;Uroviricota;Caudoviricetes;;
k127_65503	331	No terminal repeats	NA	1	11	0.8674	NA	1	1.7183	Viruses;Duplodnaviria;Heunggongvirae;Uroviricota;Caudoviricetes;;Drexlerviridae
k127_296795	885	No terminal repeats	NA	1	11	0.8674	NA	1	1.2306	Viruses;Duplodnaviria;Heunggongvirae;Uroviricota;Caudoviricetes;;
k127_27663	359	No terminal repeats	NA	2	11	0.8669	NA	1	1.7183	Viruses;Duplodnaviria;Heunggongvirae;Uroviricota;Caudoviricetes;;
k127_353395	625	No terminal repeats	NA	2	11	0.8657	NA	1	2.6762	Viruses;Duplodnaviria;Heunggongvirae;Uroviricota;Caudoviricetes;;
k127_447258	582	No terminal repeats	NA	1	11	0.8650	NA	1	1.7183	Viruses;Duplodnaviria;Heunggongvirae;Uroviricota;Caudoviricetes;;Drexlerviridae
k127_341629	1712	No terminal repeats	NA	1	11	0.8645	NA	1	1.7183	Viruses;Duplodnaviria;Heunggongvirae;Uroviricota;Caudoviricetes;;
k127_214876	420	No terminal repeats	NA	1	11	0.8644	NA	1	1.2306	Viruses;Duplodnaviria;Heunggongvirae;Uroviricota;Caudoviricetes;;
k127_79791	1011	No terminal repeats	NA	1	11	0.8630	NA	1	1.7183	Viruses;Duplodnaviria;Heunggongvirae;Uroviricota;Caudoviricetes;;Drexlerviridae
k127_4672	605	No terminal repeats	NA	1	11	0.8621	NA	1	1.7183	Viruses;Duplodnaviria;Heunggongvirae;Uroviricota;Caudoviricetes;;
k127_90427	1541	No terminal repeats	NA	3	11	0.8618	NA	1	4.2095	Viruses;Duplodnaviria;Heunggongvirae;Uroviricota;Caudoviricetes;;
k127_461840	577	No terminal repeats	NA	1	11	0.8612	NA	1	1.7183	Viruses;Duplodnaviria;Heunggongvirae;Uroviricota;Caudoviricetes;;
k127_252333	365	No terminal repeats	NA	1	11	0.8598	NA	1	1.7183	Viruses;Duplodnaviria;Heunggongvirae;Uroviricota;Caudoviricetes;;
k127_480580	551	No terminal repeats	NA	2	11	0.8595	NA	1	2.0725	Viruses;Duplodnaviria;Heunggongvirae;Uroviricota;Caudoviricetes;;
k127_100086	756	No terminal repeats	NA	1	11	0.8594	NA	1	1.7183	Viruses;Duplodnaviria;Heunggongvirae;Uroviricota;Caudoviricetes;;Drexlerviridae
k127_364714	493	No terminal repeats	NA	1	11	0.8594	NA	1	1.2449	Viruses;Duplodnaviria;Heunggongvirae;Uroviricota;Caudoviricetes;;
k127_77415	692	No terminal repeats	NA	1	11	0.8592	NA	1	1.7183	Viruses;Duplodnaviria;Heunggongvirae;Uroviricota;Caudoviricetes;;Drexlerviridae
k127_42660	762	No terminal repeats	NA	1	11	0.8590	NA	1	1.7183	Viruses;Duplodnaviria;Heunggongvirae;Uroviricota;Caudoviricetes;;
k127_120417	852	No terminal repeats	NA	1	11	0.8586	NA	1	1.7183	Viruses;Duplodnaviria;Heunggongvirae;Uroviricota;Caudoviricetes;;
k127_170377	442	No terminal repeats	NA	1	11	0.8580	NA	1	1.2442	Viruses;Duplodnaviria;Heunggongvirae;Uroviricota;Caudoviricetes;;
k127_357176	343	No terminal repeats	NA	1	11	0.8565	NA	1	1.4880	Viruses;Duplodnaviria;Heunggongvirae;Uroviricota;Caudoviricetes;;
k127_195826	395	No terminal repeats	NA	1	11	0.8565	NA	1	1.1209	Viruses;Duplodnaviria;Heunggongvirae;Uroviricota;Caudoviricetes;;
k127_480809	502	No terminal repeats	NA	1	11	0.8552	NA	1	1.7183	Viruses;Duplodnaviria;Heunggongvirae;Uroviricota;Caudoviricetes;;
k127_4317	1308	No terminal repeats	NA	1	11	0.8551	NA	1	1.4749	Viruses;Duplodnaviria;Heunggongvirae;Uroviricota;Caudoviricetes;;
k127_478406	2038	No terminal repeats	NA	1	11	0.8549	NA	1	1.7183	Viruses;Riboviria;Orthornavirae;Pisuviricota;Duplopiviricetes;Durnavirales;Partitiviridae
k127_345113	377	No terminal repeats	NA	2	11	0.8542	NA	1	1.7183	Viruses;Duplodnaviria;Heunggongvirae;Uroviricota;Caudoviricetes;;
k127_272388	689	No terminal repeats	NA	1	11	0.8536	NA	1	1.7183	Viruses;Duplodnaviria;Heunggongvirae;Uroviricota;Caudoviricetes;;
k127_129785	550	No terminal repeats	NA	1	11	0.8524	NA	1	1.2306	Viruses;Duplodnaviria;Heunggongvirae;Uroviricota;Caudoviricetes;;
k127_400289	950	No terminal repeats	NA	1	11	0.8522	NA	1	1.7183	Viruses;Duplodnaviria;Heunggongvirae;Uroviricota;Caudoviricetes;;
k127_144480	313	No terminal repeats	NA	1	11	0.8518	NA	1	1.4764	Viruses;Duplodnaviria;Heunggongvirae;Uroviricota;Caudoviricetes;;
k127_13338	630	No terminal repeats	NA	1	11	0.8517	NA	1	1.2720	Viruses;Duplodnaviria;Heunggongvirae;Uroviricota;Caudoviricetes;;
k127_228215	846	No terminal repeats	NA	1	11	0.8516	NA	1	1.7183	Viruses;Duplodnaviria;Heunggongvirae;Uroviricota;Caudoviricetes;;
k127_186300	331	No terminal repeats	NA	1	11	0.8514	NA	1	1.3639	Viruses;Duplodnaviria;Heunggongvirae;Uroviricota;Caudoviricetes;;
k127_53993	787	No terminal repeats	NA	1	11	0.8513	NA	1	1.7183	Viruses;Duplodnaviria;Heunggongvirae;Uroviricota;Caudoviricetes;;
k127_145974	579	No terminal repeats	NA	1	11	0.8506	NA	1	1.7183	Viruses;Duplodnaviria;Heunggongvirae;Uroviricota;Caudoviricetes;;
k127_447906	616	No terminal repeats	NA	1	11	0.8499	NA	1	1.7183	Unclassified
k127_300397	343	No terminal repeats	NA	1	11	0.8494	NA	1	1.1157	Viruses;Duplodnaviria;Heunggongvirae;Uroviricota;Caudoviricetes;;
k127_75444	353	No terminal repeats	NA	1	11	0.8493	NA	1	1.0089	Viruses;Duplodnaviria;Heunggongvirae;Uroviricota;Caudoviricetes;;
k127_77698	736	No terminal repeats	NA	1	11	0.8482	NA	1	1.7183	Viruses;Duplodnaviria;Heunggongvirae;Uroviricota;Caudoviricetes;;
k127_443113	1122	No terminal repeats	NA	2	11	0.8466	NA	1	3.1050	Viruses;Duplodnaviria;Heunggongvirae;Uroviricota;Caudoviricetes;;
k127_490425	1734	No terminal repeats	NA	3	11	0.8464	NA	1	4.2095	Viruses;Duplodnaviria;Heunggongvirae;Uroviricota;Caudoviricetes;;
k127_331868	255	No terminal repeats	NA	1	11	0.8464	NA	1	1.2290	Viruses;Duplodnaviria;Heunggongvirae;Uroviricota;Caudoviricetes;;
k127_175657	313	No terminal repeats	NA	1	11	0.8460	NA	1	1.7183	Viruses;Duplodnaviria;Heunggongvirae;Uroviricota;Caudoviricetes;;
k127_376108	603	No terminal repeats	NA	1	11	0.8458	NA	1	1.7183	Viruses;Duplodnaviria;Heunggongvirae;Uroviricota;Caudoviricetes;;
k127_457524	893	No terminal repeats	NA	1	11	0.8434	NA	1	1.7183	Viruses;Duplodnaviria;Heunggongvirae;Uroviricota;Caudoviricetes;;
k127_159076	313	No terminal repeats	NA	1	11	0.8434	NA	1	1.2857	Viruses;Duplodnaviria;Heunggongvirae;Uroviricota;Caudoviricetes;;
k127_245770	330	No terminal repeats	NA	1	11	0.8425	NA	1	1.4749	Viruses;Duplodnaviria;Heunggongvirae;Uroviricota;Caudoviricetes;;
k127_103306	524	No terminal repeats	NA	1	11	0.8424	NA	1	1.2306	Viruses;Duplodnaviria;Heunggongvirae;Uroviricota;Caudoviricetes;;
k127_158358	338	No terminal repeats	NA	1	11	0.8423	NA	1	1.3358	Viruses;Duplodnaviria;Heunggongvirae;Uroviricota;Caudoviricetes;;
k127_21582	4118	No terminal repeats	NA	1	11	0.8423	NA	0	1.6677	Viruses;Duplodnaviria;Heunggongvirae;Uroviricota;Caudoviricetes;;
k127_322730	830	No terminal repeats	NA	1	11	0.8408	NA	1	1.2306	Viruses;Duplodnaviria;Heunggongvirae;Uroviricota;Caudoviricetes;;
k127_400608	941	No terminal repeats	NA	1	11	0.8405	NA	1	1.4749	Viruses;Duplodnaviria;Heunggongvirae;Uroviricota;Caudoviricetes;;
k127_455453	1508	No terminal repeats	NA	3	11	0.8402	NA	1	2.5112	Viruses;Duplodnaviria;Heunggongvirae;Uroviricota;Caudoviricetes;;
k127_342630	318	No terminal repeats	NA	1	11	0.8402	NA	1	1.2995	Viruses;Duplodnaviria;Heunggongvirae;Uroviricota;Caudoviricetes;;Ackermannviridae
k127_74544	688	No terminal repeats	NA	2	11	0.8399	NA	1	2.7764	Viruses;Duplodnaviria;Heunggongvirae;Uroviricota;Caudoviricetes;;
k127_388198	418	No terminal repeats	NA	1	11	0.8399	NA	1	1.7183	Viruses;Duplodnaviria;Heunggongvirae;Uroviricota;Caudoviricetes;;Drexlerviridae
k127_104678	390	No terminal repeats	NA	1	11	0.8374	NA	1	1.0089	Viruses;Duplodnaviria;Heunggongvirae;Uroviricota;Caudoviricetes;;
k127_115073	313	No terminal repeats	NA	1	11	0.8368	NA	1	1.3153	Viruses;Duplodnaviria;Heunggongvirae;Uroviricota;Caudoviricetes;;
k127_115176	428	No terminal repeats	NA	2	11	0.8362	NA	1	1.3442	Viruses;Duplodnaviria;Heunggongvirae;Uroviricota;Caudoviricetes;;
k127_285794	242	No terminal repeats	NA	1	11	0.8356	NA	1	1.2290	Viruses;Duplodnaviria;Heunggongvirae;Uroviricota;Caudoviricetes;;
k127_304269	407	No terminal repeats	NA	1	11	0.8354	NA	1	1.2306	Viruses;Duplodnaviria;Heunggongvirae;Uroviricota;Caudoviricetes;;
k127_147272	446	No terminal repeats	NA	2	11	0.8354	NA	1	1.2211	Viruses;Duplodnaviria;Heunggongvirae;Uroviricota;Caudoviricetes;;
k127_212260	457	No terminal repeats	NA	1	11	0.8350	NA	1	1.3663	Viruses;Duplodnaviria;Heunggongvirae;Uroviricota;Caudoviricetes;;
k127_422861	358	No terminal repeats	NA	1	11	0.8346	NA	1	1.4446	Viruses;Duplodnaviria;Heunggongvirae;Uroviricota;Caudoviricetes;;
k127_433238	1277	No terminal repeats	NA	1	11	0.8339	NA	1	1.2306	Viruses;Duplodnaviria;Heunggongvirae;Uroviricota;Caudoviricetes;;
k127_343964	350	No terminal repeats	NA	1	11	0.8338	NA	1	1.3273	Viruses;Duplodnaviria;Heunggongvirae;Uroviricota;Caudoviricetes;;
k127_310018	688	No terminal repeats	NA	1	11	0.8335	NA	1	1.2277	Viruses;Duplodnaviria;Heunggongvirae;Uroviricota;Caudoviricetes;;
k127_355935	630	No terminal repeats	NA	1	11	0.8335	NA	1	1.2306	Viruses;Duplodnaviria;Heunggongvirae;Uroviricota;Caudoviricetes;;
k127_292198	492	No terminal repeats	NA	1	11	0.8328	NA	1	1.2306	Viruses;Duplodnaviria;Heunggongvirae;Uroviricota;Caudoviricetes;;
k127_491435	854	No terminal repeats	NA	1	11	0.8326	NA	1	1.7183	Viruses;Duplodnaviria;Heunggongvirae;Uroviricota;Caudoviricetes;;
k127_281590	1325	No terminal repeats	NA	2	11	0.8324	NA	1	1.2306	Viruses;Duplodnaviria;Heunggongvirae;Uroviricota;Caudoviricetes;;
k127_451970	343	No terminal repeats	NA	1	11	0.8319	NA	1	1.2277	Viruses;Duplodnaviria;Heunggongvirae;Uroviricota;Caudoviricetes;;
k127_410065	709	No terminal repeats	NA	1	11	0.8315	NA	1	1.4749	Viruses;Duplodnaviria;Heunggongvirae;Uroviricota;Caudoviricetes;;
k127_86160	366	No terminal repeats	NA	1	11	0.8314	NA	1	1.7183	Viruses;Duplodnaviria;Heunggongvirae;Uroviricota;Caudoviricetes;;
k127_241645	491	No terminal repeats	NA	1	11	0.8303	NA	1	1.4880	Viruses;Duplodnaviria;Heunggongvirae;Uroviricota;Caudoviricetes;;
k127_210203	598	No terminal repeats	NA	1	11	0.8297	NA	1	1.2306	Viruses;Duplodnaviria;Heunggongvirae;Uroviricota;Caudoviricetes;;
k127_267394	715	No terminal repeats	NA	1	11	0.8283	NA	1	1.7183	Viruses;Duplodnaviria;Heunggongvirae;Uroviricota;Caudoviricetes;;
k127_351746	3115	No terminal repeats	NA	2	11	0.8281	NA	1	2.4083	Viruses;Duplodnaviria;Heunggongvirae;Uroviricota;Caudoviricetes;;
k127_21583	832	No terminal repeats	NA	1	11	0.8260	NA	1	1.7183	Viruses;Duplodnaviria;Heunggongvirae;Uroviricota;Caudoviricetes;;
k127_127328	682	No terminal repeats	NA	1	11	0.8258	NA	1	1.7183	Viruses;Duplodnaviria;Heunggongvirae;Uroviricota;Caudoviricetes;;
k127_501219	390	No terminal repeats	NA	2	11	0.8255	NA	1	1.1499	Viruses;Duplodnaviria;Heunggongvirae;Uroviricota;Caudoviricetes;;
k127_483889	515	No terminal repeats	NA	1	11	0.8255	NA	1	0.9531	Viruses;Duplodnaviria;Heunggongvirae;Uroviricota;Caudoviricetes;;
k127_361018	764	No terminal repeats	NA	1	11	0.8254	NA	1	1.2306	Viruses;Duplodnaviria;Heunggongvirae;Uroviricota;Caudoviricetes;;
k127_468014	362	No terminal repeats	NA	1	11	0.8249	NA	1	1.3562	Viruses;Duplodnaviria;Heunggongvirae;Uroviricota;Caudoviricetes;;
k127_132085	370	No terminal repeats	NA	1	11	0.8244	NA	1	1.2277	Viruses;Duplodnaviria;Heunggongvirae;Uroviricota;Caudoviricetes;;
k127_299924	432	No terminal repeats	NA	1	11	0.8242	NA	1	1.4880	Viruses;Duplodnaviria;Heunggongvirae;Uroviricota;Caudoviricetes;;
k127_203875	833	No terminal repeats	NA	1	11	0.8242	NA	1	1.7183	Viruses;Duplodnaviria;Heunggongvirae;Uroviricota;Caudoviricetes;;
k127_316913	306	No terminal repeats	NA	1	11	0.8228	NA	1	1.1593	Viruses;Duplodnaviria;Heunggongvirae;Uroviricota;Caudoviricetes;;
k127_269331	4775	No terminal repeats	NA	1	11	0.8224	NA	0	1.7183	Viruses;Duplodnaviria;Heunggongvirae;Peploviricota;Herviviricetes;Herpesvirales;Herpesviridae
k127_442550	458	No terminal repeats	NA	1	11	0.8211	NA	1	1.7183	Viruses;Duplodnaviria;Heunggongvirae;Uroviricota;Caudoviricetes;;
k127_203458	310	No terminal repeats	NA	1	11	0.8203	NA	1	1.4049	Viruses;Duplodnaviria;Heunggongvirae;Uroviricota;Caudoviricetes;;
k127_211150	791	No terminal repeats	NA	1	11	0.8190	NA	1	1.2396	Viruses;Duplodnaviria;Heunggongvirae;Uroviricota;Caudoviricetes;;
k127_230059	534	No terminal repeats	NA	2	11	0.8182	NA	1	1.7183	Viruses;Duplodnaviria;Heunggongvirae;Uroviricota;Caudoviricetes;;
k127_298774	771	No terminal repeats	NA	1	11	0.8171	NA	1	1.2306	Viruses;Duplodnaviria;Heunggongvirae;Uroviricota;Caudoviricetes;;
k127_173602	432	No terminal repeats	NA	1	11	0.8167	NA	1	1.2306	Viruses;Duplodnaviria;Heunggongvirae;Uroviricota;Caudoviricetes;;
k127_139987	1220	No terminal repeats	NA	2	11	0.8164	NA	1	1.6842	Viruses;Duplodnaviria;Heunggongvirae;Uroviricota;Caudoviricetes;;
k127_282418	3187	No terminal repeats	NA	3	11	0.8144	NA	1	3.4366	Viruses;Duplodnaviria;Heunggongvirae;Uroviricota;Caudoviricetes;;
k127_309204	368	No terminal repeats	NA	1	11	0.8136	NA	1	1.3358	Viruses;Duplodnaviria;Heunggongvirae;Uroviricota;Caudoviricetes;;
k127_69845	424	No terminal repeats	NA	1	11	0.8113	NA	1	1.7183	Viruses;Duplodnaviria;Heunggongvirae;Uroviricota;Caudoviricetes;;
k127_153425	521	No terminal repeats	NA	1	11	0.8111	NA	1	1.1262	Viruses;Duplodnaviria;Heunggongvirae;Uroviricota;Caudoviricetes;;
k127_456457	347	No terminal repeats	NA	1	11	0.8110	NA	1	1.7183	Viruses;Monodnaviria;Loebvirae;Hofneiviricota;Faserviricetes;Tubulavirales;Inoviridae
k127_408376	1227	No terminal repeats	NA	2	11	0.8104	NA	1	1.2306	Viruses;Duplodnaviria;Heunggongvirae;Uroviricota;Caudoviricetes;;
k127_152648	411	No terminal repeats	NA	1	11	0.8088	NA	1	1.4007	Viruses;Duplodnaviria;Heunggongvirae;Uroviricota;Caudoviricetes;;
k127_272250	829	No terminal repeats	NA	2	11	0.8085	NA	1	1.7183	Viruses;Duplodnaviria;Heunggongvirae;Uroviricota;Caudoviricetes;;Drexlerviridae
k127_268141	367	No terminal repeats	NA	1	11	0.8085	NA	1	1.2449	Viruses;Duplodnaviria;Heunggongvirae;Uroviricota;Caudoviricetes;;
k127_243155	1037	No terminal repeats	NA	1	11	0.8080	NA	1	1.1157	Viruses;Duplodnaviria;Heunggongvirae;Uroviricota;Caudoviricetes;;
k127_112107	431	No terminal repeats	NA	1	11	0.8050	NA	1	1.7183	Viruses;Duplodnaviria;Heunggongvirae;Uroviricota;Caudoviricetes;;
k127_46044	317	No terminal repeats	NA	1	11	0.8049	NA	1	1.7169	Viruses;Duplodnaviria;Heunggongvirae;Uroviricota;Caudoviricetes;;
k127_281917	324	No terminal repeats	NA	2	11	0.8024	NA	2	3.0176	Viruses;Duplodnaviria;Heunggongvirae;Uroviricota;Caudoviricetes;;
k127_186753	1220	No terminal repeats	NA	1	11	0.8021	NA	1	1.7183	Viruses;Duplodnaviria;Heunggongvirae;Uroviricota;Caudoviricetes;;
k127_11388	738	No terminal repeats	NA	1	11	0.8014	NA	1	1.7183	Viruses;Duplodnaviria;Heunggongvirae;Uroviricota;Caudoviricetes;;
k127_114079	597	No terminal repeats	NA	1	11	0.8007	NA	1	1.7183	Viruses;Duplodnaviria;Heunggongvirae;Uroviricota;Caudoviricetes;;Drexlerviridae
k127_94718	587	No terminal repeats	NA	2	11	0.8001	NA	1	1.7183	Viruses;Duplodnaviria;Heunggongvirae;Uroviricota;Caudoviricetes;;
k127_236342	736	No terminal repeats	NA	1	11	0.7998	NA	1	1.7183	Viruses;Duplodnaviria;Heunggongvirae;Uroviricota;Caudoviricetes;;
k127_193777	2687	No terminal repeats	NA	2	11	0.7997	NA	1	1.7183	Viruses;Duplodnaviria;Heunggongvirae;Uroviricota;Caudoviricetes;;
k127_292504	863	No terminal repeats	NA	2	11	0.7987	NA	1	1.7183	Viruses;Duplodnaviria;Heunggongvirae;Uroviricota;Caudoviricetes;;
k127_494627	366	No terminal repeats	NA	1	11	0.7985	NA	1	1.3562	Viruses;Duplodnaviria;Heunggongvirae;Uroviricota;Caudoviricetes;;
k127_140251	376	No terminal repeats	NA	1	11	0.7980	NA	1	1.3790	Viruses;Duplodnaviria;Heunggongvirae;Uroviricota;Caudoviricetes;;
k127_91767	348	No terminal repeats	NA	1	11	0.7979	NA	1	1.2449	Viruses;Duplodnaviria;Heunggongvirae;Uroviricota;Caudoviricetes;;
k127_212684	309	No terminal repeats	NA	1	11	0.7978	NA	1	1.2683	Viruses;Duplodnaviria;Heunggongvirae;Uroviricota;Caudoviricetes;;
k127_372496	571	No terminal repeats	NA	1	11	0.7966	NA	1	1.7183	Viruses;Duplodnaviria;Heunggongvirae;Uroviricota;Caudoviricetes;;Drexlerviridae
k127_489785	312	No terminal repeats	NA	1	11	0.7965	NA	1	1.4494	Viruses;Duplodnaviria;Heunggongvirae;Uroviricota;Caudoviricetes;;
k127_230993	406	No terminal repeats	NA	1	11	0.7950	NA	1	1.1328	Viruses;Duplodnaviria;Heunggongvirae;Uroviricota;Caudoviricetes;;
k127_119483	700	No terminal repeats	NA	1	11	0.7948	NA	1	1.4880	Viruses;Duplodnaviria;Heunggongvirae;Uroviricota;Caudoviricetes;;
k127_376585	318	No terminal repeats	NA	1	11	0.7947	NA	1	1.7132	Unclassified
k127_431191	317	No terminal repeats	NA	1	11	0.7944	NA	1	1.0834	Viruses;Duplodnaviria;Heunggongvirae;Uroviricota;Caudoviricetes;;
k127_44951	489	No terminal repeats	NA	1	11	0.7935	NA	1	1.7136	Viruses;Duplodnaviria;Heunggongvirae;Uroviricota;Caudoviricetes;;
k127_199900	321	No terminal repeats	NA	1	11	0.7921	NA	1	1.3608	Viruses;Duplodnaviria;Heunggongvirae;Uroviricota;Caudoviricetes;;Straboviridae
k127_68234	662	No terminal repeats	NA	2	11	0.7911	NA	1	1.2306	Viruses;Duplodnaviria;Heunggongvirae;Uroviricota;Caudoviricetes;;
k127_314552	358	No terminal repeats	NA	1	11	0.7909	NA	1	1.3562	Viruses;Duplodnaviria;Heunggongvirae;Uroviricota;Caudoviricetes;;
k127_218573	1647	No terminal repeats	NA	2	11	0.7908	NA	1	1.7183	Viruses;Duplodnaviria;Heunggongvirae;Uroviricota;Caudoviricetes;;
k127_140829	704	No terminal repeats	NA	1	11	0.7907	NA	1	1.7183	Viruses;Duplodnaviria;Heunggongvirae;Uroviricota;Caudoviricetes;;
k127_338903	360	No terminal repeats	NA	1	11	0.7900	NA	1	1.3663	Viruses;Duplodnaviria;Heunggongvirae;Uroviricota;Caudoviricetes;;
k127_73018	535	No terminal repeats	NA	1	11	0.7900	NA	1	1.4880	Viruses;Duplodnaviria;Heunggongvirae;Uroviricota;Caudoviricetes;;
k127_15732	564	No terminal repeats	NA	1	11	0.7893	NA	1	1.2306	Viruses;Duplodnaviria;Heunggongvirae;Uroviricota;Caudoviricetes;;
k127_143811	869	No terminal repeats	NA	1	11	0.7884	NA	1	1.7183	Viruses;Duplodnaviria;Heunggongvirae;Uroviricota;Caudoviricetes;;
k127_408664	408	No terminal repeats	NA	1	11	0.7879	NA	1	1.3358	Viruses;Duplodnaviria;Heunggongvirae;Uroviricota;Caudoviricetes;;
k127_163329	336	No terminal repeats	NA	1	11	0.7877	NA	1	1.2449	Viruses;Duplodnaviria;Heunggongvirae;Uroviricota;Caudoviricetes;;
k127_5959	340	No terminal repeats	NA	1	11	0.7875	NA	1	1.3663	Viruses;Duplodnaviria;Heunggongvirae;Uroviricota;Caudoviricetes;;
k127_5635	2383	No terminal repeats	NA	3	11	0.7874	NA	1	2.9459	Viruses;Duplodnaviria;Heunggongvirae;Uroviricota;Caudoviricetes;;
k127_283384	588	No terminal repeats	NA	2	11	0.7873	NA	1	1.1038	Viruses;Duplodnaviria;Heunggongvirae;Uroviricota;Caudoviricetes;;
k127_112657	284	No terminal repeats	NA	1	11	0.7869	NA	1	1.6774	Viruses;Duplodnaviria;Heunggongvirae;Uroviricota;Caudoviricetes;;
k127_218492	1625	No terminal repeats	NA	1	11	0.7866	NA	1	1.7183	Viruses;Duplodnaviria;Heunggongvirae;Uroviricota;Caudoviricetes;;Drexlerviridae
k127_226633	384	No terminal repeats	NA	1	11	0.7862	NA	1	1.2442	Viruses;Duplodnaviria;Heunggongvirae;Uroviricota;Caudoviricetes;;
k127_292370	388	No terminal repeats	NA	1	11	0.7848	NA	1	1.2306	Viruses;Duplodnaviria;Heunggongvirae;Uroviricota;Caudoviricetes;;
k127_436752	743	No terminal repeats	NA	1	11	0.7831	NA	1	1.7183	Viruses;Duplodnaviria;Heunggongvirae;Uroviricota;Caudoviricetes;;
k127_387408	455	No terminal repeats	NA	1	11	0.7831	NA	1	1.2306	Viruses;Duplodnaviria;Heunggongvirae;Uroviricota;Caudoviricetes;;
k127_80116	643	No terminal repeats	NA	1	11	0.7824	NA	1	1.7183	Viruses;Duplodnaviria;Heunggongvirae;Uroviricota;Caudoviricetes;;
k127_427237	950	No terminal repeats	NA	3	11	0.7819	NA	1	3.3620	Viruses;Duplodnaviria;Heunggongvirae;Uroviricota;Caudoviricetes;;
k127_213154	342	No terminal repeats	NA	2	11	0.7818	NA	1	1.3996	Viruses;Duplodnaviria;Heunggongvirae;Uroviricota;Caudoviricetes;;
k127_469555	418	No terminal repeats	NA	1	11	0.7815	NA	1	1.2652	Viruses;Duplodnaviria;Heunggongvirae;Uroviricota;Caudoviricetes;;
k127_429469	361	No terminal repeats	NA	1	11	0.7807	NA	1	1.7161	Viruses;Duplodnaviria;Heunggongvirae;Uroviricota;Caudoviricetes;;
k127_59029	478	No terminal repeats	NA	1	11	0.7798	NA	1	1.4764	Viruses;Duplodnaviria;Heunggongvirae;Uroviricota;Caudoviricetes;;
k127_466223	943	No terminal repeats	NA	1	11	0.7790	NA	1	1.2306	Viruses;Duplodnaviria;Heunggongvirae;Uroviricota;Caudoviricetes;;
k127_269457	433	No terminal repeats	NA	2	11	0.7740	NA	1	1.0089	Viruses;Duplodnaviria;Heunggongvirae;Uroviricota;Caudoviricetes;;
k127_405148	314	No terminal repeats	NA	1	11	0.7733	NA	1	1.7132	Unclassified
k127_95938	891	No terminal repeats	NA	2	11	0.7722	NA	1	1.2306	Viruses;Duplodnaviria;Heunggongvirae;Uroviricota;Caudoviricetes;;
k127_386687	855	No terminal repeats	NA	2	11	0.7709	NA	1	1.7183	Viruses;Duplodnaviria;Heunggongvirae;Uroviricota;Caudoviricetes;;
k127_84531	522	No terminal repeats	NA	1	11	0.7708	NA	1	1.2306	Viruses;Duplodnaviria;Heunggongvirae;Uroviricota;Caudoviricetes;;
k127_319335	573	No terminal repeats	NA	2	11	0.7687	NA	1	1.6774	Viruses;Duplodnaviria;Heunggongvirae;Uroviricota;Caudoviricetes;;
k127_259429	404	No terminal repeats	NA	2	11	0.7682	NA	1	1.7183	Viruses;Duplodnaviria;Heunggongvirae;Uroviricota;Caudoviricetes;;
k127_490042	520	No terminal repeats	NA	1	11	0.7675	NA	1	1.7136	Viruses;Duplodnaviria;Heunggongvirae;Uroviricota;Caudoviricetes;;
k127_127898	1203	No terminal repeats	NA	1	11	0.7671	NA	1	1.7183	Viruses;Duplodnaviria;Heunggongvirae;Uroviricota;Caudoviricetes;;
k127_19981	744	No terminal repeats	NA	1	11	0.7666	NA	1	0.9221	Viruses;Duplodnaviria;Heunggongvirae;Uroviricota;Caudoviricetes;;Straboviridae
k127_124779	912	No terminal repeats	NA	2	11	0.7663	NA	1	1.7183	Viruses;Duplodnaviria;Heunggongvirae;Uroviricota;Caudoviricetes;;
k127_416015	478	No terminal repeats	NA	2	11	0.7647	NA	1	1.7183	Viruses;Duplodnaviria;Heunggongvirae;Uroviricota;Caudoviricetes;;
k127_258910	687	No terminal repeats	NA	1	11	0.7622	NA	1	1.7183	Viruses;Duplodnaviria;Heunggongvirae;Uroviricota;Caudoviricetes;;
k127_226327	387	No terminal repeats	NA	2	11	0.7601	NA	1	1.3639	Viruses;Duplodnaviria;Heunggongvirae;Uroviricota;Caudoviricetes;;
k127_115880	511	No terminal repeats	NA	1	11	0.7596	NA	1	1.2306	Viruses;Duplodnaviria;Heunggongvirae;Uroviricota;Caudoviricetes;;
k127_279525	391	No terminal repeats	NA	1	11	0.7594	NA	1	1.6742	Viruses;Duplodnaviria;Heunggongvirae;Uroviricota;Caudoviricetes;;
k127_356800	354	No terminal repeats	NA	1	11	0.7593	NA	1	1.2475	Viruses;Duplodnaviria;Heunggongvirae;Uroviricota;Caudoviricetes;;Straboviridae
k127_200672	2624	No terminal repeats	NA	2	11	0.7573	NA	0	0.0000	Unclassified
k127_493124	1340	No terminal repeats	NA	2	11	0.7570	NA	1	1.4464	Viruses;Duplodnaviria;Heunggongvirae;Uroviricota;Caudoviricetes;;
k127_216810	751	No terminal repeats	NA	1	11	0.7559	NA	1	1.7183	Viruses;Duplodnaviria;Heunggongvirae;Uroviricota;Caudoviricetes;;
k127_155197	392	No terminal repeats	NA	1	11	0.7552	NA	1	1.7136	Viruses;Duplodnaviria;Heunggongvirae;Uroviricota;Caudoviricetes;;
k127_427740	378	No terminal repeats	NA	1	11	0.7544	NA	1	1.5168	Viruses;Duplodnaviria;Heunggongvirae;Uroviricota;Caudoviricetes;;
k127_310425	405	No terminal repeats	NA	2	11	0.7533	NA	1	1.0089	Viruses;Duplodnaviria;Heunggongvirae;Uroviricota;Caudoviricetes;;
k127_67611	828	No terminal repeats	NA	2	11	0.7510	NA	1	1.2306	Viruses;Duplodnaviria;Heunggongvirae;Uroviricota;Caudoviricetes;;
k127_496846	344	No terminal repeats	NA	2	11	0.7508	NA	1	1.5749	Viruses;Duplodnaviria;Heunggongvirae;Uroviricota;Caudoviricetes;;
k127_25487	685	No terminal repeats	NA	1	11	0.7482	NA	1	1.7183	Unclassified
k127_306315	528	No terminal repeats	NA	1	11	0.7413	NA	1	1.3168	Viruses;Duplodnaviria;Heunggongvirae;Uroviricota;Caudoviricetes;;
k127_138390	472	No terminal repeats	NA	2	11	0.7403	NA	1	1.7183	Viruses;Duplodnaviria;Heunggongvirae;Uroviricota;Caudoviricetes;;
k127_327800	350	No terminal repeats	NA	1	11	0.7394	NA	1	1.1773	Viruses;Duplodnaviria;Heunggongvirae;Uroviricota;Caudoviricetes;;
k127_389228	362	No terminal repeats	NA	1	11	0.7389	NA	1	1.4464	Viruses;Duplodnaviria;Heunggongvirae;Uroviricota;Caudoviricetes;;
k127_350155	638	No terminal repeats	NA	1	11	0.7380	NA	1	1.7183	Viruses;Duplodnaviria;Heunggongvirae;Uroviricota;Caudoviricetes;;
k127_200809	1822	No terminal repeats	NA	2	11	0.7377	NA	1	1.7183	Viruses;Riboviria;Orthornavirae;Pisuviricota;Duplopiviricetes;Durnavirales;Partitiviridae
k127_248245	401	No terminal repeats	NA	2	11	0.7374	NA	1	1.2277	Viruses;Duplodnaviria;Heunggongvirae;Uroviricota;Caudoviricetes;;
k127_90160	362	No terminal repeats	NA	1	11	0.7371	NA	1	1.7136	Viruses;Duplodnaviria;Heunggongvirae;Uroviricota;Caudoviricetes;;
k127_194627	290	No terminal repeats	NA	2	11	0.7368	NA	1	1.2847	Viruses;Duplodnaviria;Heunggongvirae;Uroviricota;Caudoviricetes;;
k127_87569	316	No terminal repeats	NA	1	11	0.7355	NA	1	1.6774	Viruses;Duplodnaviria;Heunggongvirae;Uroviricota;Caudoviricetes;;
k127_220256	692	No terminal repeats	NA	2	11	0.7354	NA	1	0.9531	Viruses;Duplodnaviria;Heunggongvirae;Uroviricota;Caudoviricetes;;
k127_9276	362	No terminal repeats	NA	1	11	0.7353	NA	1	1.7173	Viruses;Duplodnaviria;Heunggongvirae;Uroviricota;Caudoviricetes;;
k127_440051	366	No terminal repeats	NA	1	11	0.7350	NA	1	1.7136	Viruses;Duplodnaviria;Heunggongvirae;Uroviricota;Caudoviricetes;;
k127_252995	391	No terminal repeats	NA	1	11	0.7340	NA	1	1.7136	Viruses;Duplodnaviria;Heunggongvirae;Uroviricota;Caudoviricetes;;
k127_92740	1125	No terminal repeats	NA	1	11	0.7338	NA	1	1.2277	Viruses;Duplodnaviria;Heunggongvirae;Uroviricota;Caudoviricetes;;
k127_197987	307	No terminal repeats	NA	1	11	0.7334	NA	1	1.6989	Viruses;Duplodnaviria;Heunggongvirae;Uroviricota;Caudoviricetes;;
k127_376810	2567	No terminal repeats	NA	2	11	0.7329	NA	0	1.6522	Viruses;Duplodnaviria;Heunggongvirae;Uroviricota;Caudoviricetes;;
k127_174982	868	No terminal repeats	NA	1	11	0.7327	NA	1	1.2306	Viruses;Duplodnaviria;Heunggongvirae;Uroviricota;Caudoviricetes;;
k127_148994	795	No terminal repeats	NA	1	11	0.7310	NA	1	1.2306	Viruses;Duplodnaviria;Heunggongvirae;Uroviricota;Caudoviricetes;;
k127_241666	425	No terminal repeats	NA	2	11	0.7308	NA	1	1.7183	Viruses;Duplodnaviria;Heunggongvirae;Uroviricota;Caudoviricetes;;
k127_430324	776	No terminal repeats	NA	1	11	0.7298	NA	1	1.7183	Viruses;Duplodnaviria;Heunggongvirae;Uroviricota;Caudoviricetes;;
k127_40404	457	No terminal repeats	NA	2	11	0.7293	NA	1	1.2290	Viruses;Duplodnaviria;Heunggongvirae;Uroviricota;Caudoviricetes;;
k127_42996	314	No terminal repeats	NA	1	11	0.7291	NA	1	1.3996	Viruses;Duplodnaviria;Heunggongvirae;Uroviricota;Caudoviricetes;;
k127_289857	334	No terminal repeats	NA	1	11	0.7285	NA	1	1.2683	Viruses;Duplodnaviria;Heunggongvirae;Uroviricota;Caudoviricetes;;
k127_102411	1826	No terminal repeats	NA	1	11	0.7280	NA	1	1.1328	Viruses;Duplodnaviria;Heunggongvirae;Uroviricota;Caudoviricetes;;
k127_255534	448	No terminal repeats	NA	2	11	0.7270	NA	1	1.3450	Viruses;Duplodnaviria;Heunggongvirae;Uroviricota;Caudoviricetes;;
k127_438704	337	No terminal repeats	NA	1	11	0.7264	NA	1	1.2847	Viruses;Duplodnaviria;Heunggongvirae;Uroviricota;Caudoviricetes;;
k127_348993	891	No terminal repeats	NA	1	11	0.7260	NA	1	1.6735	Viruses;Duplodnaviria;Heunggongvirae;Uroviricota;Caudoviricetes;;
k127_306365	315	No terminal repeats	NA	1	11	0.7251	NA	1	1.2657	Viruses;Duplodnaviria;Heunggongvirae;Uroviricota;Caudoviricetes;;
k127_159617	678	No terminal repeats	NA	1	11	0.7247	NA	1	1.7183	Viruses;Duplodnaviria;Heunggongvirae;Uroviricota;Caudoviricetes;;
k127_79837	667	No terminal repeats	NA	2	11	0.7237	NA	1	1.6774	Viruses;Duplodnaviria;Heunggongvirae;Uroviricota;Caudoviricetes;;
k127_487498	365	No terminal repeats	NA	1	11	0.7210	NA	1	1.6924	Viruses;Duplodnaviria;Heunggongvirae;Uroviricota;Caudoviricetes;;
k127_263991	2737	No terminal repeats	NA	7	11	0.7177	NA	0	0.0000	Unclassified
k127_64038	593	No terminal repeats	NA	2	11	0.7166	NA	1	1.7136	Viruses;Duplodnaviria;Heunggongvirae;Uroviricota;Caudoviricetes;;
k127_72214	600	No terminal repeats	NA	1	11	0.7163	NA	1	1.1328	Viruses;Duplodnaviria;Heunggongvirae;Uroviricota;Caudoviricetes;;
k127_180402	948	No terminal repeats	NA	1	11	0.7153	NA	1	1.7183	Viruses;Duplodnaviria;Heunggongvirae;Uroviricota;Caudoviricetes;;
k127_147327	572	No terminal repeats	NA	1	11	0.7134	NA	1	0.9531	Viruses;Duplodnaviria;Heunggongvirae;Uroviricota;Caudoviricetes;;
k127_445407	453	No terminal repeats	NA	1	11	0.7105	NA	1	1.7173	Viruses;Duplodnaviria;Heunggongvirae;Uroviricota;Caudoviricetes;;
k127_151471	349	No terminal repeats	NA	1	11	0.7086	NA	1	1.5715	Viruses;Duplodnaviria;Heunggongvirae;Uroviricota;Caudoviricetes;;
k127_162309	354	No terminal repeats	NA	1	11	0.7061	NA	1	1.2449	Viruses;Duplodnaviria;Heunggongvirae;Uroviricota;Caudoviricetes;;
k127_301376	560	No terminal repeats	NA	2	11	0.7039	NA	1	0.9531	Viruses;Duplodnaviria;Heunggongvirae;Uroviricota;Caudoviricetes;;
k127_495792	733	No terminal repeats	NA	1	11	0.7032	NA	1	1.1191	Viruses;Duplodnaviria;Heunggongvirae;Uroviricota;Caudoviricetes;;
k127_87859	377	No terminal repeats	NA	2	11	0.7022	NA	1	1.7164	Unclassified
k127_36602	607	No terminal repeats	NA	2	11	0.7008	NA	1	1.1157	Viruses;Duplodnaviria;Heunggongvirae;Uroviricota;Caudoviricetes;;
