seq_name	length	topology	coordinates	n_genes	genetic_code	virus_score	fdr	n_hallmarks	marker_enrichment	taxonomy
k127_249226	7409	No terminal repeats	NA	12	11	0.9788	NA	2	9.8164	Viruses;Duplodnaviria;Heunggongvirae;Uroviricota;Caudoviricetes;;
k127_160981	408	No terminal repeats	NA	1	15	0.9705	NA	1	1.7183	Viruses;Varidnaviria;Bamfordvirae;Nucleocytoviricota;Megaviricetes;Imitervirales;Mimiviridae
k127_390313	385	No terminal repeats	NA	2	11	0.9702	NA	1	3.2316	Viruses;Duplodnaviria;Heunggongvirae;Uroviricota;Caudoviricetes;;
k127_184758	2823	No terminal repeats	NA	1	11	0.9697	NA	1	1.4590	Viruses;Duplodnaviria;Heunggongvirae;Uroviricota;Caudoviricetes;;
k127_10769	786	No terminal repeats	NA	2	11	0.9691	NA	1	3.4366	Viruses;Varidnaviria;Bamfordvirae;Preplasmiviricota;Tectiliviricetes;Kalamavirales;Tectiviridae
k127_270773	3241	No terminal repeats	NA	6	11	0.9650	NA	1	3.8073	Viruses;Duplodnaviria;Heunggongvirae;Uroviricota;Caudoviricetes;;
k127_75102	369	No terminal repeats	NA	1	11	0.9644	NA	1	1.7183	Viruses;Duplodnaviria;Heunggongvirae;Uroviricota;Caudoviricetes;;
k127_27071	480	No terminal repeats	NA	1	11	0.9628	NA	1	1.4922	Unclassified
k127_471808	316	No terminal repeats	NA	1	11	0.9623	NA	1	1.5010	Viruses;Duplodnaviria;Heunggongvirae;Uroviricota;Caudoviricetes;;
k127_410745	317	No terminal repeats	NA	1	11	0.9620	NA	1	1.7183	Viruses;Duplodnaviria;Heunggongvirae;Uroviricota;Caudoviricetes;;
k127_147121	318	No terminal repeats	NA	1	11	0.9597	NA	1	1.7183	Viruses;Duplodnaviria;Heunggongvirae;Uroviricota;Caudoviricetes;;
k127_114521	747	No terminal repeats	NA	1	11	0.9595	NA	1	1.7183	Viruses;Varidnaviria;Bamfordvirae;Preplasmiviricota;Tectiliviricetes;Kalamavirales;Tectiviridae
k127_219214	309	No terminal repeats	NA	1	11	0.9584	NA	1	1.7183	Viruses;Duplodnaviria;Heunggongvirae;Uroviricota;Caudoviricetes;;
k127_282974	499	No terminal repeats	NA	1	11	0.9571	NA	1	1.7183	Viruses;Duplodnaviria;Heunggongvirae;Uroviricota;Caudoviricetes;;
k127_509830	468	No terminal repeats	NA	1	11	0.9554	NA	1	1.7183	Unclassified
k127_199611	491	No terminal repeats	NA	1	11	0.9550	NA	1	1.7183	Viruses;Duplodnaviria;Heunggongvirae;Uroviricota;Caudoviricetes;;
k127_146179	328	No terminal repeats	NA	1	11	0.9544	NA	1	1.7183	Viruses;Duplodnaviria;Heunggongvirae;Uroviricota;Caudoviricetes;;
k127_97835	558	No terminal repeats	NA	1	11	0.9526	NA	1	1.7183	Viruses;Duplodnaviria;Heunggongvirae;Uroviricota;Caudoviricetes;;
k127_376620	427	No terminal repeats	NA	1	11	0.9516	NA	1	1.7183	Viruses;Duplodnaviria;Heunggongvirae;Uroviricota;Caudoviricetes;;
k127_293461	3070	No terminal repeats	NA	5	11	0.9515	NA	1	3.1214	Viruses;Duplodnaviria;Heunggongvirae;Uroviricota;Caudoviricetes;;
k127_529564	400	No terminal repeats	NA	1	11	0.9508	NA	1	1.7183	Viruses;Duplodnaviria;Heunggongvirae;Uroviricota;Caudoviricetes;;
k127_417671	492	No terminal repeats	NA	1	11	0.9507	NA	1	1.7183	Viruses;Duplodnaviria;Heunggongvirae;Uroviricota;Caudoviricetes;;
k127_41693	403	No terminal repeats	NA	1	11	0.9506	NA	1	1.7183	Unclassified
k127_431848	330	No terminal repeats	NA	1	11	0.9504	NA	1	1.7183	Viruses;Duplodnaviria;Heunggongvirae;Uroviricota;Caudoviricetes;;
k127_137730	524	No terminal repeats	NA	1	11	0.9497	NA	1	1.7183	Viruses;Duplodnaviria;Heunggongvirae;Uroviricota;Caudoviricetes;;
k127_307532	436	No terminal repeats	NA	1	11	0.9492	NA	1	1.7183	Viruses;Duplodnaviria;Heunggongvirae;Uroviricota;Caudoviricetes;;
k127_447404	1898	No terminal repeats	NA	5	11	0.9489	NA	1	4.9398	Viruses;Duplodnaviria;Heunggongvirae;Uroviricota;Caudoviricetes;;
k127_383434	588	No terminal repeats	NA	1	11	0.9489	NA	1	1.7183	Viruses;Riboviria;Orthornavirae;Pisuviricota;Stelpaviricetes;Patatavirales;Potyviridae
k127_244856	1112	No terminal repeats	NA	1	11	0.9487	NA	1	1.7183	Viruses;Duplodnaviria;Heunggongvirae;Uroviricota;Caudoviricetes;;Drexlerviridae
k127_292378	779	No terminal repeats	NA	3	11	0.9483	NA	1	3.4366	Viruses;Duplodnaviria;Heunggongvirae;Uroviricota;Caudoviricetes;;
k127_334936	317	No terminal repeats	NA	1	11	0.9477	NA	1	1.7183	Viruses;Duplodnaviria;Heunggongvirae;Uroviricota;Caudoviricetes;;
k127_197974	874	No terminal repeats	NA	1	11	0.9468	NA	1	1.7183	Viruses;Duplodnaviria;Heunggongvirae;Uroviricota;Caudoviricetes;;
k127_65212	317	No terminal repeats	NA	1	11	0.9457	NA	1	1.7183	Viruses;Duplodnaviria;Heunggongvirae;Uroviricota;Caudoviricetes;;
k127_296201	648	No terminal repeats	NA	2	11	0.9454	NA	1	1.7183	Viruses;Duplodnaviria;Heunggongvirae;Uroviricota;Caudoviricetes;;
k127_414234	393	No terminal repeats	NA	1	11	0.9453	NA	1	1.7183	Unclassified
k127_491485	447	No terminal repeats	NA	1	11	0.9445	NA	1	1.7183	Viruses;Duplodnaviria;Heunggongvirae;Uroviricota;Caudoviricetes;;
k127_389829	560	No terminal repeats	NA	1	11	0.9439	NA	1	1.7183	Viruses;Duplodnaviria;Heunggongvirae;Uroviricota;Caudoviricetes;;
k127_401682	394	No terminal repeats	NA	1	11	0.9437	NA	1	1.7183	Viruses;Duplodnaviria;Heunggongvirae;Uroviricota;Caudoviricetes;;
k127_400368	363	No terminal repeats	NA	1	11	0.9430	NA	1	1.5961	Unclassified
k127_185833	311	No terminal repeats	NA	1	11	0.9418	NA	1	1.7183	Viruses;Duplodnaviria;Heunggongvirae;Uroviricota;Caudoviricetes;;
k127_349591	334	No terminal repeats	NA	1	11	0.9416	NA	1	1.7183	Viruses;Duplodnaviria;Heunggongvirae;Uroviricota;Caudoviricetes;;
k127_494748	516	No terminal repeats	NA	1	11	0.9411	NA	1	1.7183	Viruses;Duplodnaviria;Heunggongvirae;Uroviricota;Caudoviricetes;;
k127_347044	1725	No terminal repeats	NA	5	11	0.9405	NA	1	3.2421	Viruses;Duplodnaviria;Heunggongvirae;Uroviricota;Caudoviricetes;;
k127_234550	606	No terminal repeats	NA	1	11	0.9404	NA	1	1.7183	Viruses;Duplodnaviria;Heunggongvirae;Uroviricota;Caudoviricetes;;
k127_285095	318	No terminal repeats	NA	1	11	0.9403	NA	1	1.7183	Viruses;Duplodnaviria;Heunggongvirae;Uroviricota;Caudoviricetes;;
k127_306435	312	No terminal repeats	NA	1	11	0.9391	NA	1	1.7183	Viruses;Duplodnaviria;Heunggongvirae;Uroviricota;Caudoviricetes;;
k127_66298	305	No terminal repeats	NA	1	11	0.9384	NA	1	1.7183	Viruses;Duplodnaviria;Heunggongvirae;Uroviricota;Caudoviricetes;;
k127_128544	436	No terminal repeats	NA	2	11	0.9382	NA	1	1.7183	Unclassified
k127_302803	544	No terminal repeats	NA	1	11	0.9376	NA	1	1.7183	Viruses;Duplodnaviria;Heunggongvirae;Uroviricota;Caudoviricetes;;
k127_513451	503	No terminal repeats	NA	1	11	0.9371	NA	1	1.7183	Viruses;Duplodnaviria;Heunggongvirae;Uroviricota;Caudoviricetes;;Drexlerviridae
k127_368157	572	No terminal repeats	NA	1	11	0.9359	NA	1	1.7183	Viruses;Duplodnaviria;Heunggongvirae;Uroviricota;Caudoviricetes;;
k127_64788	546	No terminal repeats	NA	1	11	0.9355	NA	1	1.7183	Viruses;Duplodnaviria;Heunggongvirae;Uroviricota;Caudoviricetes;;Drexlerviridae
k127_321296	340	No terminal repeats	NA	1	11	0.9354	NA	1	1.7183	Unclassified
k127_479608	357	No terminal repeats	NA	1	11	0.9351	NA	1	1.7183	Viruses;Duplodnaviria;Heunggongvirae;Uroviricota;Caudoviricetes;;
k127_56294	323	No terminal repeats	NA	1	11	0.9350	NA	1	1.7183	Unclassified
k127_183962	350	No terminal repeats	NA	1	11	0.9338	NA	1	1.7183	Viruses;Duplodnaviria;Heunggongvirae;Uroviricota;Caudoviricetes;;
k127_92257	847	No terminal repeats	NA	1	11	0.9332	NA	1	1.7183	Viruses;Duplodnaviria;Heunggongvirae;Uroviricota;Caudoviricetes;;
k127_2602	318	No terminal repeats	NA	1	11	0.9332	NA	1	1.4698	Viruses;Duplodnaviria;Heunggongvirae;Uroviricota;Caudoviricetes;;
k127_81307	620	No terminal repeats	NA	1	11	0.9332	NA	1	1.4119	Viruses;Duplodnaviria;Heunggongvirae;Uroviricota;Caudoviricetes;;
k127_381791	360	No terminal repeats	NA	1	11	0.9326	NA	1	1.5934	Unclassified
k127_29034	388	No terminal repeats	NA	1	11	0.9310	NA	1	1.7183	Viruses;Duplodnaviria;Heunggongvirae;Uroviricota;Caudoviricetes;;
k127_247182	334	No terminal repeats	NA	1	11	0.9307	NA	1	1.5934	Unclassified
k127_475602	328	No terminal repeats	NA	1	11	0.9306	NA	1	1.7183	Viruses;Duplodnaviria;Heunggongvirae;Uroviricota;Caudoviricetes;;
k127_55282	366	No terminal repeats	NA	1	11	0.9304	NA	1	1.7183	Viruses;Duplodnaviria;Heunggongvirae;Uroviricota;Caudoviricetes;;
k127_318307	354	No terminal repeats	NA	1	11	0.9302	NA	1	1.3552	Viruses;Duplodnaviria;Heunggongvirae;Uroviricota;Caudoviricetes;;
k127_157785	3248	No terminal repeats	NA	7	11	0.9301	NA	1	3.2526	Viruses;Duplodnaviria;Heunggongvirae;Uroviricota;Caudoviricetes;;
k127_359248	335	No terminal repeats	NA	2	11	0.9296	NA	1	1.7183	Viruses;Duplodnaviria;Heunggongvirae;Uroviricota;Caudoviricetes;;
k127_130601	301	No terminal repeats	NA	1	11	0.9296	NA	1	1.7183	Viruses;Duplodnaviria;Heunggongvirae;Uroviricota;Caudoviricetes;;
k127_440895	1178	No terminal repeats	NA	3	11	0.9289	NA	1	4.3360	Viruses;Duplodnaviria;Heunggongvirae;Uroviricota;Caudoviricetes;;
k127_378612	481	No terminal repeats	NA	1	11	0.9287	NA	1	1.7183	Viruses;Duplodnaviria;Heunggongvirae;Uroviricota;Caudoviricetes;;
k127_478694	414	No terminal repeats	NA	1	11	0.9280	NA	1	1.7183	Viruses;Duplodnaviria;Heunggongvirae;Uroviricota;Caudoviricetes;;Drexlerviridae
k127_263406	442	No terminal repeats	NA	1	11	0.9276	NA	1	1.7183	Viruses;Duplodnaviria;Heunggongvirae;Uroviricota;Caudoviricetes;;Drexlerviridae
k127_278887	611	No terminal repeats	NA	1	11	0.9274	NA	1	1.7183	Viruses;Duplodnaviria;Heunggongvirae;Uroviricota;Caudoviricetes;;
k127_30326	313	No terminal repeats	NA	1	11	0.9273	NA	1	1.7183	Unclassified
k127_230803	350	No terminal repeats	NA	1	11	0.9271	NA	1	1.7183	Viruses;Duplodnaviria;Heunggongvirae;Uroviricota;Caudoviricetes;;
k127_328272	373	No terminal repeats	NA	2	11	0.9270	NA	1	1.7183	Viruses;Duplodnaviria;Heunggongvirae;Uroviricota;Caudoviricetes;;Drexlerviridae
k127_433364	337	No terminal repeats	NA	1	11	0.9268	NA	1	1.5134	Viruses;Duplodnaviria;Heunggongvirae;Uroviricota;Caudoviricetes;;
k127_347664	508	No terminal repeats	NA	1	11	0.9268	NA	1	1.7183	Viruses;Duplodnaviria;Heunggongvirae;Uroviricota;Caudoviricetes;;
k127_309575	352	No terminal repeats	NA	1	11	0.9262	NA	1	1.5134	Viruses;Duplodnaviria;Heunggongvirae;Uroviricota;Caudoviricetes;;
k127_54069	346	No terminal repeats	NA	1	11	0.9260	NA	1	1.2814	Viruses;Duplodnaviria;Heunggongvirae;Uroviricota;Caudoviricetes;;
k127_287033	1814	No terminal repeats	NA	2	11	0.9256	NA	1	1.7183	Viruses;Duplodnaviria;Heunggongvirae;Uroviricota;Caudoviricetes;;
k127_452193	527	No terminal repeats	NA	1	11	0.9254	NA	1	1.7183	Unclassified
k127_96451	416	No terminal repeats	NA	1	11	0.9250	NA	1	1.5968	Viruses;Duplodnaviria;Heunggongvirae;Uroviricota;Caudoviricetes;;
k127_59240	466	No terminal repeats	NA	3	11	0.9249	NA	1	1.7183	Viruses;Varidnaviria;Bamfordvirae;Preplasmiviricota;Polintoviricetes;Orthopolintovirales;Adintoviridae
k127_108028	466	No terminal repeats	NA	2	11	0.9248	NA	1	1.2934	Viruses;Duplodnaviria;Heunggongvirae;Uroviricota;Caudoviricetes;;
k127_464473	470	No terminal repeats	NA	1	11	0.9242	NA	1	1.7183	Viruses;Duplodnaviria;Heunggongvirae;Uroviricota;Caudoviricetes;;
k127_90360	327	No terminal repeats	NA	1	11	0.9241	NA	1	1.7183	Viruses;Duplodnaviria;Heunggongvirae;Uroviricota;Caudoviricetes;;
k127_496009	320	No terminal repeats	NA	1	11	0.9239	NA	1	1.7183	Viruses;Duplodnaviria;Heunggongvirae;Uroviricota;Caudoviricetes;;
k127_249900	744	No terminal repeats	NA	1	11	0.9236	NA	1	1.4464	Viruses;Duplodnaviria;Heunggongvirae;Uroviricota;Caudoviricetes;;
k127_16421	595	No terminal repeats	NA	1	11	0.9234	NA	1	1.4119	Viruses;Duplodnaviria;Heunggongvirae;Uroviricota;Caudoviricetes;;
k127_291367	902	No terminal repeats	NA	1	11	0.9226	NA	1	1.7183	Viruses;Duplodnaviria;Heunggongvirae;Uroviricota;Caudoviricetes;;
k127_56033	341	No terminal repeats	NA	1	11	0.9224	NA	1	1.5924	Viruses;Duplodnaviria;Heunggongvirae;Uroviricota;Caudoviricetes;;
k127_391313	981	No terminal repeats	NA	2	11	0.9222	NA	2	2.4853	Viruses;Duplodnaviria;Heunggongvirae;Uroviricota;Caudoviricetes;;
k127_215477	492	No terminal repeats	NA	1	11	0.9222	NA	1	1.7183	Viruses;Duplodnaviria;Heunggongvirae;Uroviricota;Caudoviricetes;;
k127_402902	345	No terminal repeats	NA	1	11	0.9220	NA	1	1.7183	Viruses;Duplodnaviria;Heunggongvirae;Uroviricota;Caudoviricetes;;
k127_421658	325	No terminal repeats	NA	1	11	0.9212	NA	1	1.7162	Viruses;Duplodnaviria;Heunggongvirae;Uroviricota;Caudoviricetes;;
k127_470666	925	No terminal repeats	NA	1	11	0.9212	NA	1	1.4595	Viruses;Duplodnaviria;Heunggongvirae;Uroviricota;Caudoviricetes;;
k127_184884	450	No terminal repeats	NA	1	11	0.9203	NA	1	1.6282	Viruses;Duplodnaviria;Heunggongvirae;Uroviricota;Caudoviricetes;;
k127_185143	415	No terminal repeats	NA	2	11	0.9199	NA	1	1.1884	Viruses;Duplodnaviria;Heunggongvirae;Uroviricota;Caudoviricetes;;
k127_295404	327	No terminal repeats	NA	1	11	0.9198	NA	1	1.7183	Unclassified
k127_401801	344	No terminal repeats	NA	1	11	0.9184	NA	1	1.4263	Unclassified
k127_317508	470	No terminal repeats	NA	1	11	0.9182	NA	1	1.7183	Viruses;Duplodnaviria;Heunggongvirae;Uroviricota;Caudoviricetes;;
k127_321047	603	No terminal repeats	NA	1	11	0.9180	NA	1	1.3916	Viruses;Duplodnaviria;Heunggongvirae;Uroviricota;Caudoviricetes;;
k127_464820	352	No terminal repeats	NA	1	11	0.9180	NA	1	1.7183	Viruses;Duplodnaviria;Heunggongvirae;Uroviricota;Caudoviricetes;;
k127_159382	350	No terminal repeats	NA	1	11	0.9177	NA	1	1.3142	Viruses;Duplodnaviria;Heunggongvirae;Uroviricota;Caudoviricetes;;
k127_137603	458	No terminal repeats	NA	1	11	0.9176	NA	1	1.7158	Viruses;Duplodnaviria;Heunggongvirae;Uroviricota;Caudoviricetes;;
k127_93494	598	No terminal repeats	NA	1	11	0.9171	NA	1	1.4840	Unclassified
k127_158487	337	No terminal repeats	NA	2	11	0.9167	NA	1	1.4595	Viruses;Duplodnaviria;Heunggongvirae;Uroviricota;Caudoviricetes;;
k127_138844	367	No terminal repeats	NA	2	11	0.9160	NA	1	1.3800	Viruses;Duplodnaviria;Heunggongvirae;Uroviricota;Caudoviricetes;;
k127_362662	807	No terminal repeats	NA	2	11	0.9149	NA	1	2.8238	Viruses;Duplodnaviria;Heunggongvirae;Uroviricota;Caudoviricetes;;
k127_234539	380	No terminal repeats	NA	1	11	0.9137	NA	1	1.1262	Viruses;Duplodnaviria;Heunggongvirae;Uroviricota;Caudoviricetes;;
k127_73914	320	No terminal repeats	NA	2	11	0.9134	NA	1	1.7183	Unclassified
k127_195433	728	No terminal repeats	NA	1	11	0.9130	NA	1	1.7183	Viruses;Riboviria;Orthornavirae;Kitrinoviricota;Magsaviricetes;Nodamuvirales;Nodaviridae
k127_284750	559	No terminal repeats	NA	1	11	0.9123	NA	1	1.2306	Viruses;Duplodnaviria;Heunggongvirae;Uroviricota;Caudoviricetes;;
k127_446121	980	No terminal repeats	NA	1	11	0.9120	NA	1	1.4698	Viruses;Duplodnaviria;Heunggongvirae;Uroviricota;Caudoviricetes;;
k127_17566	462	No terminal repeats	NA	1	11	0.9117	NA	1	1.1262	Viruses;Duplodnaviria;Heunggongvirae;Uroviricota;Caudoviricetes;;
k127_327713	2041	No terminal repeats	NA	5	11	0.9112	NA	2	6.3292	Viruses;Duplodnaviria;Heunggongvirae;Uroviricota;Caudoviricetes;;
k127_497259	408	No terminal repeats	NA	2	11	0.9112	NA	1	2.9098	Viruses;Duplodnaviria;Heunggongvirae;Uroviricota;Caudoviricetes;;
k127_305606	374	No terminal repeats	NA	1	11	0.9110	NA	1	1.7183	Viruses;Duplodnaviria;Heunggongvirae;Uroviricota;Caudoviricetes;;
k127_125619	522	No terminal repeats	NA	1	11	0.9110	NA	1	1.2277	Viruses;Duplodnaviria;Heunggongvirae;Uroviricota;Caudoviricetes;;
k127_264566	376	No terminal repeats	NA	2	11	0.9105	NA	1	2.8635	Viruses;Duplodnaviria;Heunggongvirae;Uroviricota;Caudoviricetes;;
k127_408051	1102	No terminal repeats	NA	1	11	0.9104	NA	1	1.5978	Viruses;Duplodnaviria;Heunggongvirae;Uroviricota;Caudoviricetes;;
k127_146474	319	No terminal repeats	NA	1	11	0.9101	NA	1	1.3198	Viruses;Duplodnaviria;Heunggongvirae;Uroviricota;Caudoviricetes;;
k127_141429	1710	No terminal repeats	NA	1	11	0.9097	NA	1	1.7183	Viruses;Duplodnaviria;Heunggongvirae;Uroviricota;Caudoviricetes;;
k127_359998	764	No terminal repeats	NA	1	11	0.9093	NA	1	1.7183	Viruses;Duplodnaviria;Heunggongvirae;Uroviricota;Caudoviricetes;;
k127_24420	633	No terminal repeats	NA	1	11	0.9080	NA	1	1.2306	Viruses;Duplodnaviria;Heunggongvirae;Uroviricota;Caudoviricetes;;
k127_435130	651	No terminal repeats	NA	1	11	0.9077	NA	1	1.7183	Viruses;Duplodnaviria;Heunggongvirae;Uroviricota;Caudoviricetes;;
k127_288447	347	No terminal repeats	NA	1	11	0.9075	NA	1	1.7183	Viruses;Duplodnaviria;Heunggongvirae;Uroviricota;Caudoviricetes;;
k127_196583	341	No terminal repeats	NA	1	11	0.9072	NA	1	1.7183	Viruses;Duplodnaviria;Heunggongvirae;Uroviricota;Caudoviricetes;;
k127_164266	421	No terminal repeats	NA	1	11	0.9061	NA	1	1.7183	Viruses;Duplodnaviria;Heunggongvirae;Uroviricota;Caudoviricetes;;
k127_201873	989	No terminal repeats	NA	3	11	0.9058	NA	1	1.7183	Viruses;Varidnaviria;Bamfordvirae;Preplasmiviricota;Polintoviricetes;Orthopolintovirales;Adintoviridae
k127_179140	413	No terminal repeats	NA	1	11	0.9046	NA	1	1.4597	Viruses;Duplodnaviria;Heunggongvirae;Uroviricota;Caudoviricetes;;
k127_145918	660	No terminal repeats	NA	1	11	0.9044	NA	1	1.7183	Viruses;Duplodnaviria;Heunggongvirae;Uroviricota;Caudoviricetes;;
k127_39464	616	No terminal repeats	NA	1	11	0.9043	NA	1	1.5278	Viruses;Duplodnaviria;Heunggongvirae;Uroviricota;Caudoviricetes;;
k127_49175	339	No terminal repeats	NA	1	11	0.9043	NA	1	1.7168	Viruses;Duplodnaviria;Heunggongvirae;Uroviricota;Caudoviricetes;;
k127_273597	362	No terminal repeats	NA	1	11	0.9042	NA	1	1.2277	Viruses;Duplodnaviria;Heunggongvirae;Uroviricota;Caudoviricetes;;
k127_109301	343	No terminal repeats	NA	1	11	0.9042	NA	1	1.2277	Viruses;Duplodnaviria;Heunggongvirae;Uroviricota;Caudoviricetes;;
k127_521792	400	No terminal repeats	NA	1	11	0.9034	NA	1	1.7183	Unclassified
k127_107700	554	No terminal repeats	NA	1	11	0.9030	NA	1	1.7183	Viruses;Duplodnaviria;Heunggongvirae;Uroviricota;Caudoviricetes;;
k127_29267	307	No terminal repeats	NA	1	11	0.9029	NA	1	1.7183	Unclassified
k127_481414	352	No terminal repeats	NA	2	11	0.9025	NA	1	1.7183	Unclassified
k127_358421	464	No terminal repeats	NA	1	11	0.9019	NA	1	1.4595	Viruses;Duplodnaviria;Heunggongvirae;Uroviricota;Caudoviricetes;;
k127_356012	310	No terminal repeats	NA	1	11	0.9012	NA	1	1.3639	Viruses;Duplodnaviria;Heunggongvirae;Uroviricota;Caudoviricetes;;
k127_6121	455	No terminal repeats	NA	1	11	0.9004	NA	1	1.4597	Viruses;Duplodnaviria;Heunggongvirae;Uroviricota;Caudoviricetes;;
k127_59441	524	No terminal repeats	NA	1	11	0.8999	NA	1	1.7183	Viruses;Duplodnaviria;Heunggongvirae;Uroviricota;Caudoviricetes;;
k127_444307	384	No terminal repeats	NA	1	11	0.8982	NA	1	1.7183	Viruses;Duplodnaviria;Heunggongvirae;Uroviricota;Caudoviricetes;;
k127_481325	369	No terminal repeats	NA	1	11	0.8980	NA	1	1.7183	Viruses;Duplodnaviria;Heunggongvirae;Uroviricota;Caudoviricetes;;
k127_248384	303	No terminal repeats	NA	1	11	0.8979	NA	1	1.7183	Viruses;Duplodnaviria;Heunggongvirae;Uroviricota;Caudoviricetes;;
k127_447884	313	No terminal repeats	NA	1	11	0.8975	NA	1	1.7183	Viruses;Duplodnaviria;Heunggongvirae;Uroviricota;Caudoviricetes;;
k127_293457	1199	No terminal repeats	NA	2	11	0.8971	NA	1	2.7956	Viruses;Duplodnaviria;Heunggongvirae;Uroviricota;Caudoviricetes;;
k127_316696	426	No terminal repeats	NA	1	11	0.8964	NA	1	1.7183	Viruses;Duplodnaviria;Heunggongvirae;Uroviricota;Caudoviricetes;;
k127_301579	380	No terminal repeats	NA	1	11	0.8962	NA	1	1.3608	Viruses;Duplodnaviria;Heunggongvirae;Uroviricota;Caudoviricetes;;Straboviridae
k127_170334	367	No terminal repeats	NA	2	11	0.8960	NA	1	2.8963	Viruses;Duplodnaviria;Heunggongvirae;Uroviricota;Caudoviricetes;;
k127_425056	351	No terminal repeats	NA	1	11	0.8960	NA	1	1.1262	Viruses;Duplodnaviria;Heunggongvirae;Uroviricota;Caudoviricetes;;
k127_463616	338	No terminal repeats	NA	1	11	0.8959	NA	1	1.7183	Viruses;Duplodnaviria;Heunggongvirae;Uroviricota;Caudoviricetes;;
k127_224416	959	No terminal repeats	NA	1	11	0.8954	NA	1	1.7183	Viruses;Duplodnaviria;Heunggongvirae;Uroviricota;Caudoviricetes;;
k127_478124	525	No terminal repeats	NA	2	11	0.8952	NA	1	1.3743	Viruses;Duplodnaviria;Heunggongvirae;Uroviricota;Caudoviricetes;;
k127_395891	444	No terminal repeats	NA	1	11	0.8951	NA	1	1.4749	Viruses;Duplodnaviria;Heunggongvirae;Uroviricota;Caudoviricetes;;
k127_262772	350	No terminal repeats	NA	1	11	0.8944	NA	1	1.5968	Viruses;Duplodnaviria;Heunggongvirae;Uroviricota;Caudoviricetes;;
k127_154773	370	No terminal repeats	NA	1	11	0.8928	NA	1	1.7183	Viruses;Duplodnaviria;Heunggongvirae;Uroviricota;Caudoviricetes;;
k127_343286	484	No terminal repeats	NA	1	11	0.8915	NA	1	1.2306	Viruses;Duplodnaviria;Heunggongvirae;Uroviricota;Caudoviricetes;;
k127_290766	639	No terminal repeats	NA	1	11	0.8913	NA	1	1.7183	Viruses;Duplodnaviria;Heunggongvirae;Uroviricota;Caudoviricetes;;
k127_132515	502	No terminal repeats	NA	1	11	0.8910	NA	1	1.7183	Viruses;Duplodnaviria;Heunggongvirae;Uroviricota;Caudoviricetes;;
k127_431356	333	No terminal repeats	NA	1	11	0.8909	NA	1	1.4493	Viruses;Duplodnaviria;Heunggongvirae;Uroviricota;Caudoviricetes;;
k127_217477	573	No terminal repeats	NA	1	11	0.8908	NA	1	1.7183	Viruses;Duplodnaviria;Heunggongvirae;Uroviricota;Caudoviricetes;;
k127_219957	323	No terminal repeats	NA	1	11	0.8902	NA	1	1.7160	Viruses;Duplodnaviria;Heunggongvirae;Uroviricota;Caudoviricetes;;
k127_257439	490	No terminal repeats	NA	1	11	0.8901	NA	1	1.7183	Viruses;Duplodnaviria;Heunggongvirae;Uroviricota;Caudoviricetes;;
k127_178849	518	No terminal repeats	NA	1	11	0.8900	NA	1	1.7183	Viruses;Duplodnaviria;Heunggongvirae;Uroviricota;Caudoviricetes;;Drexlerviridae
k127_288416	421	No terminal repeats	NA	1	11	0.8892	NA	1	1.4247	Viruses;Duplodnaviria;Heunggongvirae;Uroviricota;Caudoviricetes;;
k127_52018	415	No terminal repeats	NA	1	11	0.8886	NA	1	1.7183	Viruses;Duplodnaviria;Heunggongvirae;Uroviricota;Caudoviricetes;;
k127_185368	856	No terminal repeats	NA	1	11	0.8880	NA	1	1.7183	Viruses;Duplodnaviria;Heunggongvirae;Uroviricota;Caudoviricetes;;
k127_59335	483	No terminal repeats	NA	1	11	0.8874	NA	1	1.2306	Viruses;Duplodnaviria;Heunggongvirae;Uroviricota;Caudoviricetes;;
k127_416301	317	No terminal repeats	NA	1	11	0.8865	NA	1	1.3380	Viruses;Duplodnaviria;Heunggongvirae;Uroviricota;Caudoviricetes;;
k127_477195	1025	No terminal repeats	NA	1	11	0.8865	NA	1	1.4595	Viruses;Duplodnaviria;Heunggongvirae;Uroviricota;Caudoviricetes;;
k127_148436	436	No terminal repeats	NA	1	11	0.8862	NA	1	1.4880	Viruses;Duplodnaviria;Heunggongvirae;Uroviricota;Caudoviricetes;;
k127_470008	460	No terminal repeats	NA	1	11	0.8858	NA	1	1.1240	Viruses;Duplodnaviria;Heunggongvirae;Uroviricota;Caudoviricetes;;
k127_380857	430	No terminal repeats	NA	1	11	0.8839	NA	1	1.2306	Viruses;Duplodnaviria;Heunggongvirae;Uroviricota;Caudoviricetes;;
k127_12131	477	No terminal repeats	NA	1	11	0.8839	NA	1	1.7183	Viruses;Duplodnaviria;Heunggongvirae;Uroviricota;Caudoviricetes;;Herelleviridae
k127_78264	592	No terminal repeats	NA	1	11	0.8836	NA	1	1.5986	Viruses;Duplodnaviria;Heunggongvirae;Uroviricota;Caudoviricetes;;
k127_418481	484	No terminal repeats	NA	1	11	0.8832	NA	1	1.2306	Viruses;Duplodnaviria;Heunggongvirae;Uroviricota;Caudoviricetes;;
k127_46385	352	No terminal repeats	NA	1	11	0.8831	NA	1	1.4880	Viruses;Duplodnaviria;Heunggongvirae;Uroviricota;Caudoviricetes;;
k127_519219	511	No terminal repeats	NA	1	11	0.8806	NA	1	1.7183	Viruses;Duplodnaviria;Heunggongvirae;Uroviricota;Caudoviricetes;;
k127_488447	322	No terminal repeats	NA	2	11	0.8801	NA	1	2.8668	Viruses;Duplodnaviria;Heunggongvirae;Uroviricota;Caudoviricetes;;
k127_473517	582	No terminal repeats	NA	1	11	0.8793	NA	1	1.4738	Viruses;Duplodnaviria;Heunggongvirae;Uroviricota;Caudoviricetes;;
k127_470723	809	No terminal repeats	NA	2	11	0.8793	NA	1	2.8963	Viruses;Duplodnaviria;Heunggongvirae;Uroviricota;Caudoviricetes;;
k127_314428	335	No terminal repeats	NA	1	11	0.8792	NA	1	1.2587	Viruses;Duplodnaviria;Heunggongvirae;Uroviricota;Caudoviricetes;;
k127_449187	448	No terminal repeats	NA	1	11	0.8791	NA	1	1.2306	Viruses;Duplodnaviria;Heunggongvirae;Uroviricota;Caudoviricetes;;
k127_422020	531	No terminal repeats	NA	1	11	0.8790	NA	1	1.7183	Unclassified
k127_460961	619	No terminal repeats	NA	1	11	0.8789	NA	1	1.7183	Viruses;Duplodnaviria;Heunggongvirae;Uroviricota;Caudoviricetes;;
k127_360382	344	No terminal repeats	NA	1	11	0.8787	NA	1	1.3388	Viruses;Duplodnaviria;Heunggongvirae;Uroviricota;Caudoviricetes;;
k127_207613	367	No terminal repeats	NA	1	11	0.8776	NA	1	1.7129	Viruses;Duplodnaviria;Heunggongvirae;Uroviricota;Caudoviricetes;;
k127_159415	625	No terminal repeats	NA	2	11	0.8774	NA	1	1.7183	Viruses;Duplodnaviria;Heunggongvirae;Uroviricota;Caudoviricetes;;
k127_346424	407	No terminal repeats	NA	2	11	0.8772	NA	1	1.3996	Viruses;Duplodnaviria;Heunggongvirae;Uroviricota;Caudoviricetes;;
k127_314333	871	No terminal repeats	NA	1	11	0.8770	NA	1	1.2277	Viruses;Duplodnaviria;Heunggongvirae;Uroviricota;Caudoviricetes;;
k127_287401	671	No terminal repeats	NA	1	11	0.8770	NA	1	1.7183	Unclassified
k127_337953	423	No terminal repeats	NA	1	11	0.8763	NA	1	1.4749	Viruses;Duplodnaviria;Heunggongvirae;Uroviricota;Caudoviricetes;;
k127_449846	1158	No terminal repeats	NA	1	11	0.8759	NA	1	1.6066	Viruses;Duplodnaviria;Heunggongvirae;Uroviricota;Caudoviricetes;;
k127_486801	675	No terminal repeats	NA	2	11	0.8748	NA	1	1.2277	Viruses;Duplodnaviria;Heunggongvirae;Uroviricota;Caudoviricetes;;
k127_268958	496	No terminal repeats	NA	1	11	0.8747	NA	1	1.7183	Viruses;Duplodnaviria;Heunggongvirae;Uroviricota;Caudoviricetes;;
k127_63069	385	No terminal repeats	NA	1	11	0.8746	NA	1	1.7183	Viruses;Duplodnaviria;Heunggongvirae;Uroviricota;Caudoviricetes;;
k127_112469	389	No terminal repeats	NA	1	11	0.8738	NA	1	1.2306	Viruses;Duplodnaviria;Heunggongvirae;Uroviricota;Caudoviricetes;;
k127_303495	353	No terminal repeats	NA	1	11	0.8733	NA	1	1.2086	Viruses;Duplodnaviria;Heunggongvirae;Uroviricota;Caudoviricetes;;
k127_423282	1086	No terminal repeats	NA	1	11	0.8728	NA	1	1.7183	Viruses;Duplodnaviria;Heunggongvirae;Uroviricota;Caudoviricetes;;
k127_70719	949	No terminal repeats	NA	2	11	0.8727	NA	2	3.0030	Viruses;Duplodnaviria;Heunggongvirae;Uroviricota;Caudoviricetes;;
k127_267355	390	No terminal repeats	NA	1	11	0.8720	NA	1	1.7183	Viruses;Duplodnaviria;Heunggongvirae;Uroviricota;Caudoviricetes;;Drexlerviridae
k127_126679	325	No terminal repeats	NA	1	11	0.8716	NA	1	1.2449	Viruses;Duplodnaviria;Heunggongvirae;Uroviricota;Caudoviricetes;;
k127_223191	337	No terminal repeats	NA	2	11	0.8715	NA	1	1.4892	Viruses;Duplodnaviria;Heunggongvirae;Uroviricota;Caudoviricetes;;
k127_351594	331	No terminal repeats	NA	1	11	0.8710	NA	1	1.3308	Viruses;Duplodnaviria;Heunggongvirae;Uroviricota;Caudoviricetes;;
k127_480727	1343	No terminal repeats	NA	2	11	0.8708	NA	1	1.5986	Viruses;Duplodnaviria;Heunggongvirae;Uroviricota;Caudoviricetes;;
k127_3028	306	No terminal repeats	NA	1	11	0.8707	NA	1	1.0639	Viruses;Duplodnaviria;Heunggongvirae;Uroviricota;Caudoviricetes;;
k127_219937	579	No terminal repeats	NA	1	11	0.8704	NA	1	1.2306	Viruses;Duplodnaviria;Heunggongvirae;Uroviricota;Caudoviricetes;;
k127_394068	372	No terminal repeats	NA	1	11	0.8704	NA	1	1.0834	Viruses;Duplodnaviria;Heunggongvirae;Uroviricota;Caudoviricetes;;
k127_360048	388	No terminal repeats	NA	1	11	0.8703	NA	1	1.7183	Viruses;Duplodnaviria;Heunggongvirae;Uroviricota;Caudoviricetes;;
k127_77735	391	No terminal repeats	NA	1	11	0.8702	NA	1	1.7183	Viruses;Duplodnaviria;Heunggongvirae;Uroviricota;Caudoviricetes;;
k127_54937	819	No terminal repeats	NA	2	11	0.8700	NA	1	3.4366	Viruses;Duplodnaviria;Heunggongvirae;Uroviricota;Caudoviricetes;;
k127_284104	977	No terminal repeats	NA	1	11	0.8700	NA	1	1.7183	Viruses;Duplodnaviria;Heunggongvirae;Uroviricota;Caudoviricetes;;
k127_122533	627	No terminal repeats	NA	1	11	0.8686	NA	1	1.4833	Viruses;Duplodnaviria;Heunggongvirae;Uroviricota;Caudoviricetes;;
k127_189368	1053	No terminal repeats	NA	1	11	0.8685	NA	1	1.7183	Viruses;Duplodnaviria;Heunggongvirae;Uroviricota;Caudoviricetes;;
k127_281477	1512	No terminal repeats	NA	5	11	0.8682	NA	1	1.2656	Viruses;Duplodnaviria;Heunggongvirae;Uroviricota;Caudoviricetes;;
k127_363766	437	No terminal repeats	NA	1	11	0.8680	NA	1	1.7183	Viruses;Duplodnaviria;Heunggongvirae;Uroviricota;Caudoviricetes;;
k127_486990	860	No terminal repeats	NA	2	11	0.8679	NA	1	2.6762	Viruses;Duplodnaviria;Heunggongvirae;Uroviricota;Caudoviricetes;;
k127_391246	679	No terminal repeats	NA	1	11	0.8675	NA	1	1.7183	Viruses;Duplodnaviria;Heunggongvirae;Uroviricota;Caudoviricetes;;
k127_354954	459	No terminal repeats	NA	1	11	0.8670	NA	1	1.2465	Viruses;Duplodnaviria;Heunggongvirae;Uroviricota;Caudoviricetes;;
k127_222279	333	No terminal repeats	NA	1	11	0.8670	NA	1	1.7183	Viruses;Duplodnaviria;Heunggongvirae;Uroviricota;Caudoviricetes;;Drexlerviridae
k127_194407	754	No terminal repeats	NA	1	15	0.8661	NA	1	1.7074	Viruses;Duplodnaviria;Heunggongvirae;Uroviricota;Caudoviricetes;;
k127_416745	634	No terminal repeats	NA	1	11	0.8655	NA	1	1.7183	Viruses;Duplodnaviria;Heunggongvirae;Uroviricota;Caudoviricetes;;
k127_141427	511	No terminal repeats	NA	1	11	0.8649	NA	1	1.2306	Viruses;Duplodnaviria;Heunggongvirae;Uroviricota;Caudoviricetes;;
k127_111675	410	No terminal repeats	NA	2	11	0.8643	NA	1	1.3996	Viruses;Duplodnaviria;Heunggongvirae;Uroviricota;Caudoviricetes;;
k127_415902	421	No terminal repeats	NA	1	11	0.8634	NA	1	1.7183	Viruses;Duplodnaviria;Heunggongvirae;Uroviricota;Caudoviricetes;;
k127_166023	464	No terminal repeats	NA	1	11	0.8634	NA	1	1.0036	Viruses;Duplodnaviria;Heunggongvirae;Uroviricota;Caudoviricetes;;
k127_480899	890	No terminal repeats	NA	2	11	0.8630	NA	1	1.7183	Viruses;Duplodnaviria;Heunggongvirae;Uroviricota;Caudoviricetes;;
k127_216053	1365	No terminal repeats	NA	2	11	0.8626	NA	1	1.7183	Viruses;Duplodnaviria;Heunggongvirae;Uroviricota;Caudoviricetes;;
k127_420926	797	No terminal repeats	NA	1	11	0.8624	NA	1	1.2306	Viruses;Duplodnaviria;Heunggongvirae;Uroviricota;Caudoviricetes;;
k127_286434	437	No terminal repeats	NA	1	11	0.8621	NA	1	1.7183	Viruses;Duplodnaviria;Heunggongvirae;Uroviricota;Caudoviricetes;;
k127_481744	396	No terminal repeats	NA	1	11	0.8616	NA	1	1.7183	Viruses;Duplodnaviria;Heunggongvirae;Uroviricota;Caudoviricetes;;
k127_304714	770	No terminal repeats	NA	1	11	0.8615	NA	1	1.7183	Viruses;Duplodnaviria;Heunggongvirae;Uroviricota;Caudoviricetes;;
k127_51890	769	No terminal repeats	NA	2	11	0.8606	NA	1	1.7183	Viruses;Duplodnaviria;Heunggongvirae;Uroviricota;Caudoviricetes;;
k127_510996	1322	No terminal repeats	NA	1	11	0.8597	NA	1	1.4749	Viruses;Duplodnaviria;Heunggongvirae;Uroviricota;Caudoviricetes;;
k127_140893	353	No terminal repeats	NA	1	11	0.8595	NA	1	1.7183	Viruses;Duplodnaviria;Heunggongvirae;Uroviricota;Caudoviricetes;;
k127_218431	357	No terminal repeats	NA	2	11	0.8592	NA	1	1.7183	Viruses;Duplodnaviria;Heunggongvirae;Uroviricota;Caudoviricetes;;Straboviridae
k127_228950	399	No terminal repeats	NA	1	11	0.8591	NA	1	1.5032	Viruses;Duplodnaviria;Heunggongvirae;Uroviricota;Caudoviricetes;;
k127_50675	456	No terminal repeats	NA	1	11	0.8585	NA	1	1.2306	Viruses;Duplodnaviria;Heunggongvirae;Uroviricota;Caudoviricetes;;
k127_406949	601	No terminal repeats	NA	1	11	0.8564	NA	1	1.4880	Viruses;Duplodnaviria;Heunggongvirae;Uroviricota;Caudoviricetes;;
k127_236731	1217	No terminal repeats	NA	1	11	0.8564	NA	1	1.2306	Viruses;Duplodnaviria;Heunggongvirae;Uroviricota;Caudoviricetes;;
k127_83348	666	No terminal repeats	NA	1	11	0.8547	NA	1	1.3639	Viruses;Duplodnaviria;Heunggongvirae;Uroviricota;Caudoviricetes;;
k127_144561	344	No terminal repeats	NA	1	11	0.8540	NA	1	1.1262	Viruses;Duplodnaviria;Heunggongvirae;Uroviricota;Caudoviricetes;;
k127_486844	1528	No terminal repeats	NA	1	11	0.8529	NA	1	1.2306	Viruses;Duplodnaviria;Heunggongvirae;Uroviricota;Caudoviricetes;;
k127_312920	595	No terminal repeats	NA	1	11	0.8513	NA	1	1.7183	Viruses;Duplodnaviria;Heunggongvirae;Uroviricota;Caudoviricetes;;
k127_426933	350	No terminal repeats	NA	2	11	0.8511	NA	1	1.7183	Viruses;Duplodnaviria;Heunggongvirae;Uroviricota;Caudoviricetes;;
k127_410600	370	No terminal repeats	NA	1	11	0.8510	NA	1	1.2934	Viruses;Duplodnaviria;Heunggongvirae;Uroviricota;Caudoviricetes;;
k127_431061	559	No terminal repeats	NA	1	11	0.8504	NA	1	1.7183	Viruses;Duplodnaviria;Heunggongvirae;Uroviricota;Caudoviricetes;;Drexlerviridae
k127_389309	327	No terminal repeats	NA	1	11	0.8491	NA	1	1.2449	Viruses;Duplodnaviria;Heunggongvirae;Uroviricota;Caudoviricetes;;
k127_303302	348	No terminal repeats	NA	1	11	0.8477	NA	1	1.3450	Viruses;Duplodnaviria;Heunggongvirae;Uroviricota;Caudoviricetes;;
k127_399962	935	No terminal repeats	NA	3	11	0.8477	NA	1	3.3154	Viruses;Duplodnaviria;Heunggongvirae;Uroviricota;Caudoviricetes;;
k127_406135	380	No terminal repeats	NA	1	11	0.8453	NA	1	1.7183	Viruses;Duplodnaviria;Heunggongvirae;Uroviricota;Caudoviricetes;;
k127_207727	1117	No terminal repeats	NA	1	11	0.8426	NA	1	1.7183	Viruses;Riboviria;Orthornavirae;Pisuviricota;Duplopiviricetes;Durnavirales;Partitiviridae
k127_251003	365	No terminal repeats	NA	1	11	0.8415	NA	1	0.9531	Viruses;Duplodnaviria;Heunggongvirae;Uroviricota;Caudoviricetes;;
k127_134714	584	No terminal repeats	NA	1	11	0.8415	NA	1	1.2306	Viruses;Duplodnaviria;Heunggongvirae;Uroviricota;Caudoviricetes;;
k127_97195	819	No terminal repeats	NA	1	11	0.8413	NA	1	1.7183	Viruses;Duplodnaviria;Heunggongvirae;Uroviricota;Caudoviricetes;;
k127_425034	317	No terminal repeats	NA	1	11	0.8410	NA	1	1.3663	Viruses;Duplodnaviria;Heunggongvirae;Uroviricota;Caudoviricetes;;
k127_388837	463	No terminal repeats	NA	1	11	0.8406	NA	1	1.7183	Viruses;Duplodnaviria;Heunggongvirae;Uroviricota;Caudoviricetes;;
k127_474454	306	No terminal repeats	NA	1	11	0.8405	NA	1	1.0320	Viruses;Duplodnaviria;Heunggongvirae;Uroviricota;Caudoviricetes;;
k127_161809	315	No terminal repeats	NA	1	11	0.8405	NA	1	1.3168	Viruses;Duplodnaviria;Heunggongvirae;Uroviricota;Caudoviricetes;;
k127_162411	639	No terminal repeats	NA	1	11	0.8399	NA	1	1.7183	Viruses;Duplodnaviria;Heunggongvirae;Uroviricota;Caudoviricetes;;
k127_11830	312	No terminal repeats	NA	1	11	0.8396	NA	1	1.4062	Viruses;Duplodnaviria;Heunggongvirae;Uroviricota;Caudoviricetes;;
k127_77453	414	No terminal repeats	NA	1	11	0.8384	NA	1	1.0834	Viruses;Duplodnaviria;Heunggongvirae;Uroviricota;Caudoviricetes;;
k127_288964	804	No terminal repeats	NA	2	11	0.8368	NA	2	2.3501	Viruses;Duplodnaviria;Heunggongvirae;Uroviricota;Caudoviricetes;;
k127_85951	720	No terminal repeats	NA	1	11	0.8368	NA	1	1.2306	Viruses;Duplodnaviria;Heunggongvirae;Uroviricota;Caudoviricetes;;
k127_16154	690	No terminal repeats	NA	2	11	0.8365	NA	1	1.7183	Viruses;Duplodnaviria;Heunggongvirae;Uroviricota;Caudoviricetes;;
k127_229057	327	No terminal repeats	NA	1	11	0.8364	NA	1	1.2632	Viruses;Duplodnaviria;Heunggongvirae;Uroviricota;Caudoviricetes;;
k127_277566	871	No terminal repeats	NA	1	11	0.8359	NA	1	1.2306	Viruses;Duplodnaviria;Heunggongvirae;Uroviricota;Caudoviricetes;;
k127_467838	581	No terminal repeats	NA	1	11	0.8346	NA	1	1.7183	Viruses;Duplodnaviria;Heunggongvirae;Uroviricota;Caudoviricetes;;
k127_397429	499	No terminal repeats	NA	2	11	0.8343	NA	1	1.7183	Viruses;Duplodnaviria;Heunggongvirae;Uroviricota;Caudoviricetes;;
k127_161578	467	No terminal repeats	NA	1	11	0.8343	NA	1	1.7095	Viruses;Duplodnaviria;Heunggongvirae;Uroviricota;Caudoviricetes;;
k127_424974	386	No terminal repeats	NA	1	11	0.8343	NA	1	1.3070	Viruses;Duplodnaviria;Heunggongvirae;Uroviricota;Caudoviricetes;;
k127_388445	405	No terminal repeats	NA	1	11	0.8342	NA	1	1.5362	Viruses;Duplodnaviria;Heunggongvirae;Uroviricota;Caudoviricetes;;
k127_526334	342	No terminal repeats	NA	2	11	0.8337	NA	1	1.4764	Viruses;Duplodnaviria;Heunggongvirae;Uroviricota;Caudoviricetes;;
k127_397644	360	No terminal repeats	NA	1	11	0.8336	NA	1	1.4880	Viruses;Duplodnaviria;Heunggongvirae;Uroviricota;Caudoviricetes;;
k127_59794	653	No terminal repeats	NA	1	11	0.8326	NA	1	1.7183	Viruses;Duplodnaviria;Heunggongvirae;Uroviricota;Caudoviricetes;;
k127_178362	499	No terminal repeats	NA	1	11	0.8324	NA	1	1.2306	Viruses;Duplodnaviria;Heunggongvirae;Uroviricota;Caudoviricetes;;
k127_30481	313	No terminal repeats	NA	2	11	0.8323	NA	1	1.7183	Viruses;Duplodnaviria;Heunggongvirae;Uroviricota;Caudoviricetes;;
k127_307301	1686	No terminal repeats	NA	3	11	0.8316	NA	1	2.8410	Viruses;Duplodnaviria;Heunggongvirae;Uroviricota;Caudoviricetes;;
k127_354968	305	No terminal repeats	NA	2	11	0.8300	NA	1	1.7183	Unclassified
k127_82056	347	No terminal repeats	NA	1	11	0.8291	NA	1	1.3562	Viruses;Duplodnaviria;Heunggongvirae;Uroviricota;Caudoviricetes;;
k127_194738	321	No terminal repeats	NA	1	11	0.8287	NA	1	1.0320	Viruses;Duplodnaviria;Heunggongvirae;Uroviricota;Caudoviricetes;;
k127_242663	1359	No terminal repeats	NA	1	11	0.8280	NA	1	1.7183	Viruses;Duplodnaviria;Heunggongvirae;Uroviricota;Caudoviricetes;;
k127_32992	519	No terminal repeats	NA	1	11	0.8263	NA	1	1.7183	Viruses;Duplodnaviria;Heunggongvirae;Uroviricota;Caudoviricetes;;
k127_229412	318	No terminal repeats	NA	1	11	0.8260	NA	1	1.7156	Viruses;Duplodnaviria;Heunggongvirae;Uroviricota;Caudoviricetes;;
k127_440334	304	No terminal repeats	NA	2	11	0.8256	NA	1	1.6469	Viruses;Duplodnaviria;Heunggongvirae;Uroviricota;Caudoviricetes;;
k127_505326	373	No terminal repeats	NA	1	11	0.8240	NA	1	1.1682	Viruses;Duplodnaviria;Heunggongvirae;Uroviricota;Caudoviricetes;;
k127_201592	555	No terminal repeats	NA	1	11	0.8237	NA	1	1.2306	Viruses;Duplodnaviria;Heunggongvirae;Uroviricota;Caudoviricetes;;
k127_285697	618	No terminal repeats	NA	1	11	0.8228	NA	1	1.7183	Viruses;Duplodnaviria;Heunggongvirae;Uroviricota;Caudoviricetes;;Drexlerviridae
k127_121845	1286	No terminal repeats	NA	1	11	0.8220	NA	1	1.7183	Viruses;Riboviria;Orthornavirae;Pisuviricota;Duplopiviricetes;Durnavirales;Partitiviridae
k127_445092	479	No terminal repeats	NA	1	11	0.8214	NA	1	1.4595	Viruses;Duplodnaviria;Heunggongvirae;Uroviricota;Caudoviricetes;;
k127_101884	393	No terminal repeats	NA	1	11	0.8214	NA	1	1.7156	Viruses;Duplodnaviria;Heunggongvirae;Uroviricota;Caudoviricetes;;
k127_378454	411	No terminal repeats	NA	1	11	0.8212	NA	1	1.2306	Viruses;Duplodnaviria;Heunggongvirae;Uroviricota;Caudoviricetes;;
k127_474513	305	No terminal repeats	NA	1	11	0.8209	NA	1	1.2167	Viruses;Duplodnaviria;Heunggongvirae;Uroviricota;Caudoviricetes;;
k127_299535	1707	No terminal repeats	NA	1	11	0.8206	NA	1	1.7183	Viruses;Duplodnaviria;Heunggongvirae;Uroviricota;Caudoviricetes;;
k127_146491	543	No terminal repeats	NA	1	11	0.8205	NA	1	1.2306	Viruses;Duplodnaviria;Heunggongvirae;Uroviricota;Caudoviricetes;;
k127_104348	332	No terminal repeats	NA	1	11	0.8191	NA	1	1.2683	Viruses;Duplodnaviria;Heunggongvirae;Uroviricota;Caudoviricetes;;
k127_320324	546	No terminal repeats	NA	1	11	0.8182	NA	1	1.2944	Viruses;Duplodnaviria;Heunggongvirae;Uroviricota;Caudoviricetes;;
k127_446684	403	No terminal repeats	NA	1	11	0.8157	NA	1	1.7183	Viruses;Duplodnaviria;Heunggongvirae;Uroviricota;Caudoviricetes;;
k127_245361	308	No terminal repeats	NA	1	11	0.8152	NA	1	1.3562	Viruses;Duplodnaviria;Heunggongvirae;Uroviricota;Caudoviricetes;;
k127_129947	494	No terminal repeats	NA	1	11	0.8149	NA	1	1.7136	Viruses;Duplodnaviria;Heunggongvirae;Uroviricota;Caudoviricetes;;
k127_39686	371	No terminal repeats	NA	1	11	0.8149	NA	1	1.0834	Viruses;Duplodnaviria;Heunggongvirae;Uroviricota;Caudoviricetes;;
k127_304969	304	No terminal repeats	NA	1	11	0.8141	NA	1	1.3562	Viruses;Duplodnaviria;Heunggongvirae;Uroviricota;Caudoviricetes;;
k127_371347	331	No terminal repeats	NA	1	11	0.8129	NA	1	1.5282	Viruses;Duplodnaviria;Heunggongvirae;Uroviricota;Caudoviricetes;;
k127_11733	1063	No terminal repeats	NA	1	11	0.8128	NA	1	1.7183	Viruses;Riboviria;Orthornavirae;Pisuviricota;Duplopiviricetes;Durnavirales;Partitiviridae
k127_131743	1031	No terminal repeats	NA	1	11	0.8121	NA	1	1.7183	Viruses;Duplodnaviria;Heunggongvirae;Uroviricota;Caudoviricetes;;
k127_230487	386	No terminal repeats	NA	1	11	0.8117	NA	1	1.6782	Viruses;Duplodnaviria;Heunggongvirae;Uroviricota;Caudoviricetes;;
k127_142141	752	No terminal repeats	NA	1	11	0.8113	NA	1	1.2277	Viruses;Duplodnaviria;Heunggongvirae;Uroviricota;Caudoviricetes;;
k127_227110	663	No terminal repeats	NA	1	11	0.8107	NA	1	1.7183	Viruses;Duplodnaviria;Heunggongvirae;Uroviricota;Caudoviricetes;;
k127_118864	511	No terminal repeats	NA	1	11	0.8106	NA	1	1.2306	Viruses;Duplodnaviria;Heunggongvirae;Uroviricota;Caudoviricetes;;
k127_366628	406	No terminal repeats	NA	1	11	0.8100	NA	1	1.3562	Viruses;Duplodnaviria;Heunggongvirae;Uroviricota;Caudoviricetes;;
k127_343765	731	No terminal repeats	NA	1	11	0.8094	NA	1	1.2306	Viruses;Duplodnaviria;Heunggongvirae;Uroviricota;Caudoviricetes;;
k127_504961	382	No terminal repeats	NA	1	11	0.8094	NA	1	1.0036	Viruses;Duplodnaviria;Heunggongvirae;Uroviricota;Caudoviricetes;;
k127_45863	365	No terminal repeats	NA	1	11	0.8092	NA	1	1.4247	Viruses;Duplodnaviria;Heunggongvirae;Uroviricota;Caudoviricetes;;
k127_363819	1171	No terminal repeats	NA	1	11	0.8082	NA	1	1.7183	Viruses;Duplodnaviria;Heunggongvirae;Uroviricota;Caudoviricetes;;
k127_382921	396	No terminal repeats	NA	2	11	0.8074	NA	1	1.3168	Viruses;Duplodnaviria;Heunggongvirae;Uroviricota;Caudoviricetes;;
k127_332612	422	No terminal repeats	NA	1	11	0.8070	NA	1	1.7074	Viruses;Duplodnaviria;Heunggongvirae;Uroviricota;Caudoviricetes;;
k127_347900	908	No terminal repeats	NA	1	11	0.8067	NA	1	1.2306	Viruses;Duplodnaviria;Heunggongvirae;Uroviricota;Caudoviricetes;;
k127_467204	442	No terminal repeats	NA	1	11	0.8066	NA	1	1.1262	Viruses;Duplodnaviria;Heunggongvirae;Uroviricota;Caudoviricetes;;
k127_134973	306	No terminal repeats	NA	1	11	0.8066	NA	1	1.3562	Viruses;Duplodnaviria;Heunggongvirae;Uroviricota;Caudoviricetes;;
k127_489249	1054	No terminal repeats	NA	2	11	0.8059	NA	1	1.2306	Viruses;Duplodnaviria;Heunggongvirae;Uroviricota;Caudoviricetes;;
k127_2566	527	No terminal repeats	NA	1	11	0.8042	NA	1	1.7183	Viruses;Duplodnaviria;Heunggongvirae;Uroviricota;Caudoviricetes;;
k127_210630	370	No terminal repeats	NA	1	11	0.8042	NA	1	1.7169	Viruses;Duplodnaviria;Heunggongvirae;Uroviricota;Caudoviricetes;;
k127_4081	481	No terminal repeats	NA	1	11	0.8040	NA	1	1.2752	Viruses;Duplodnaviria;Heunggongvirae;Uroviricota;Caudoviricetes;;
k127_454753	593	No terminal repeats	NA	1	11	0.8037	NA	1	1.2306	Viruses;Duplodnaviria;Heunggongvirae;Uroviricota;Caudoviricetes;;
k127_238906	320	No terminal repeats	NA	1	11	0.8035	NA	1	1.6782	Viruses;Duplodnaviria;Heunggongvirae;Uroviricota;Caudoviricetes;;
k127_299948	1077	No terminal repeats	NA	2	11	0.8035	NA	1	1.7183	Viruses;Duplodnaviria;Heunggongvirae;Uroviricota;Caudoviricetes;;
k127_295285	452	No terminal repeats	NA	1	11	0.8033	NA	1	1.2306	Viruses;Duplodnaviria;Heunggongvirae;Uroviricota;Caudoviricetes;;
k127_9306	380	No terminal repeats	NA	2	11	0.8026	NA	1	1.3639	Viruses;Duplodnaviria;Heunggongvirae;Uroviricota;Caudoviricetes;;
k127_517186	330	No terminal repeats	NA	1	11	0.8019	NA	1	1.3562	Viruses;Duplodnaviria;Heunggongvirae;Uroviricota;Caudoviricetes;;
k127_462504	580	No terminal repeats	NA	1	11	0.8002	NA	1	1.7183	Viruses;Duplodnaviria;Heunggongvirae;Uroviricota;Caudoviricetes;;
k127_416918	434	No terminal repeats	NA	1	11	0.7999	NA	1	1.7183	Viruses;Duplodnaviria;Heunggongvirae;Uroviricota;Caudoviricetes;;
k127_225231	396	No terminal repeats	NA	1	11	0.7999	NA	1	1.7183	Viruses;Duplodnaviria;Heunggongvirae;Uroviricota;Caudoviricetes;;
k127_322844	551	No terminal repeats	NA	1	11	0.7997	NA	1	1.4840	Unclassified
k127_199913	2614	No terminal repeats	NA	2	11	0.7995	NA	1	2.4083	Viruses;Duplodnaviria;Heunggongvirae;Uroviricota;Caudoviricetes;;
k127_337738	1774	No terminal repeats	NA	2	11	0.7994	NA	1	1.4749	Viruses;Duplodnaviria;Heunggongvirae;Uroviricota;Caudoviricetes;;
k127_328843	534	No terminal repeats	NA	1	11	0.7987	NA	1	1.4749	Viruses;Duplodnaviria;Heunggongvirae;Uroviricota;Caudoviricetes;;
k127_528363	523	No terminal repeats	NA	1	11	0.7986	NA	1	1.4764	Viruses;Duplodnaviria;Heunggongvirae;Uroviricota;Caudoviricetes;;
k127_362049	747	No terminal repeats	NA	1	11	0.7984	NA	1	1.2766	Viruses;Duplodnaviria;Heunggongvirae;Uroviricota;Caudoviricetes;;
k127_352236	897	No terminal repeats	NA	1	11	0.7983	NA	1	1.4880	Viruses;Duplodnaviria;Heunggongvirae;Uroviricota;Caudoviricetes;;
k127_328633	468	No terminal repeats	NA	1	11	0.7970	NA	1	1.2280	Unclassified
k127_2042	661	No terminal repeats	NA	1	11	0.7968	NA	1	1.2306	Viruses;Duplodnaviria;Heunggongvirae;Uroviricota;Caudoviricetes;;
k127_480593	1123	No terminal repeats	NA	1	11	0.7966	NA	1	1.3639	Viruses;Duplodnaviria;Heunggongvirae;Uroviricota;Caudoviricetes;;
k127_189327	339	No terminal repeats	NA	1	11	0.7958	NA	1	1.2847	Viruses;Duplodnaviria;Heunggongvirae;Uroviricota;Caudoviricetes;;
k127_307465	379	No terminal repeats	NA	1	11	0.7956	NA	1	1.6774	Viruses;Duplodnaviria;Heunggongvirae;Uroviricota;Caudoviricetes;;
k127_409194	848	No terminal repeats	NA	1	11	0.7955	NA	1	1.2306	Viruses;Duplodnaviria;Heunggongvirae;Uroviricota;Caudoviricetes;;
k127_238161	680	No terminal repeats	NA	1	11	0.7947	NA	1	1.2306	Viruses;Duplodnaviria;Heunggongvirae;Uroviricota;Caudoviricetes;;
k127_323720	798	No terminal repeats	NA	1	11	0.7947	NA	1	1.2306	Viruses;Duplodnaviria;Heunggongvirae;Uroviricota;Caudoviricetes;;
k127_488623	342	No terminal repeats	NA	1	11	0.7941	NA	1	1.1682	Viruses;Duplodnaviria;Heunggongvirae;Uroviricota;Caudoviricetes;;
k127_183940	346	No terminal repeats	NA	1	11	0.7937	NA	1	1.6774	Viruses;Duplodnaviria;Heunggongvirae;Uroviricota;Caudoviricetes;;
k127_342786	354	No terminal repeats	NA	2	11	0.7937	NA	1	1.3139	Viruses;Duplodnaviria;Heunggongvirae;Uroviricota;Caudoviricetes;;
k127_303612	364	No terminal repeats	NA	1	11	0.7933	NA	1	1.3168	Viruses;Duplodnaviria;Heunggongvirae;Uroviricota;Caudoviricetes;;
k127_63123	593	No terminal repeats	NA	1	11	0.7932	NA	1	1.2306	Viruses;Duplodnaviria;Heunggongvirae;Uroviricota;Caudoviricetes;;
k127_206852	616	No terminal repeats	NA	1	11	0.7920	NA	1	1.7183	Viruses;Duplodnaviria;Heunggongvirae;Uroviricota;Caudoviricetes;;
k127_439669	519	No terminal repeats	NA	1	11	0.7901	NA	1	1.7183	Viruses;Duplodnaviria;Heunggongvirae;Uroviricota;Caudoviricetes;;
k127_105011	719	No terminal repeats	NA	1	11	0.7897	NA	1	1.7183	Viruses;Duplodnaviria;Heunggongvirae;Uroviricota;Caudoviricetes;;
k127_58049	2603	No terminal repeats	NA	2	11	0.7892	NA	1	1.7183	Viruses;Duplodnaviria;Heunggongvirae;Uroviricota;Caudoviricetes;;
k127_442453	445	No terminal repeats	NA	1	11	0.7890	NA	1	1.3168	Viruses;Duplodnaviria;Heunggongvirae;Uroviricota;Caudoviricetes;;
k127_6219	351	No terminal repeats	NA	1	11	0.7887	NA	1	1.2277	Viruses;Duplodnaviria;Heunggongvirae;Uroviricota;Caudoviricetes;;
k127_309535	569	No terminal repeats	NA	1	11	0.7882	NA	1	1.7183	Viruses;Duplodnaviria;Heunggongvirae;Uroviricota;Caudoviricetes;;
k127_313914	420	No terminal repeats	NA	1	11	0.7879	NA	1	1.3050	Viruses;Duplodnaviria;Heunggongvirae;Uroviricota;Caudoviricetes;;
k127_269890	385	No terminal repeats	NA	1	11	0.7873	NA	1	1.0834	Viruses;Duplodnaviria;Heunggongvirae;Uroviricota;Caudoviricetes;;
k127_346368	953	No terminal repeats	NA	1	11	0.7873	NA	1	1.7183	Viruses;Duplodnaviria;Heunggongvirae;Uroviricota;Caudoviricetes;;
k127_429323	583	No terminal repeats	NA	1	11	0.7872	NA	1	1.2306	Viruses;Duplodnaviria;Heunggongvirae;Uroviricota;Caudoviricetes;;
k127_3934	656	No terminal repeats	NA	1	11	0.7870	NA	1	1.2306	Viruses;Duplodnaviria;Heunggongvirae;Uroviricota;Caudoviricetes;;
k127_344968	926	No terminal repeats	NA	2	11	0.7867	NA	1	1.3061	Viruses;Duplodnaviria;Heunggongvirae;Uroviricota;Caudoviricetes;;
k127_443133	1103	No terminal repeats	NA	1	11	0.7857	NA	1	1.2277	Viruses;Duplodnaviria;Heunggongvirae;Uroviricota;Caudoviricetes;;
k127_264959	380	No terminal repeats	NA	1	11	0.7853	NA	1	1.0722	Viruses;Duplodnaviria;Heunggongvirae;Uroviricota;Caudoviricetes;;
k127_8109	552	No terminal repeats	NA	1	11	0.7838	NA	1	1.2306	Viruses;Duplodnaviria;Heunggongvirae;Uroviricota;Caudoviricetes;;
k127_151763	472	No terminal repeats	NA	1	11	0.7818	NA	1	1.7077	Viruses;Duplodnaviria;Heunggongvirae;Uroviricota;Caudoviricetes;;
k127_260083	477	No terminal repeats	NA	1	11	0.7814	NA	1	1.6774	Viruses;Duplodnaviria;Heunggongvirae;Uroviricota;Caudoviricetes;;
k127_356930	391	No terminal repeats	NA	1	11	0.7812	NA	1	1.6245	Viruses;Duplodnaviria;Heunggongvirae;Uroviricota;Caudoviricetes;;
k127_449262	495	No terminal repeats	NA	1	11	0.7805	NA	1	1.1328	Viruses;Duplodnaviria;Heunggongvirae;Uroviricota;Caudoviricetes;;
k127_514356	356	No terminal repeats	NA	1	11	0.7799	NA	1	1.7136	Viruses;Duplodnaviria;Heunggongvirae;Uroviricota;Caudoviricetes;;
k127_200781	1471	No terminal repeats	NA	3	11	0.7797	NA	2	2.1837	Viruses;Duplodnaviria;Heunggongvirae;Uroviricota;Caudoviricetes;;
k127_261184	516	No terminal repeats	NA	1	11	0.7796	NA	1	1.1328	Viruses;Duplodnaviria;Heunggongvirae;Uroviricota;Caudoviricetes;;
k127_346466	632	No terminal repeats	NA	1	11	0.7792	NA	1	1.7183	Viruses;Duplodnaviria;Heunggongvirae;Uroviricota;Caudoviricetes;;
k127_308845	389	No terminal repeats	NA	1	11	0.7792	NA	1	1.3562	Viruses;Duplodnaviria;Heunggongvirae;Uroviricota;Caudoviricetes;;
k127_523199	607	No terminal repeats	NA	1	11	0.7787	NA	1	1.3523	Viruses;Duplodnaviria;Heunggongvirae;Uroviricota;Caudoviricetes;;
k127_262628	596	No terminal repeats	NA	1	11	0.7784	NA	1	1.2306	Viruses;Duplodnaviria;Heunggongvirae;Uroviricota;Caudoviricetes;;
k127_395509	504	No terminal repeats	NA	1	11	0.7781	NA	1	1.1826	Unclassified
k127_128873	311	No terminal repeats	NA	1	11	0.7777	NA	1	1.0036	Viruses;Duplodnaviria;Heunggongvirae;Uroviricota;Caudoviricetes;;
k127_120300	1611	No terminal repeats	NA	2	11	0.7770	NA	1	1.7183	Viruses;Duplodnaviria;Heunggongvirae;Uroviricota;Caudoviricetes;;
k127_39222	356	No terminal repeats	NA	1	11	0.7770	NA	1	1.7143	Unclassified
k127_179143	909	No terminal repeats	NA	1	11	0.7770	NA	1	1.7183	Viruses;Duplodnaviria;Heunggongvirae;Uroviricota;Caudoviricetes;;
k127_333061	850	No terminal repeats	NA	1	11	0.7768	NA	1	1.7183	Viruses;Duplodnaviria;Heunggongvirae;Uroviricota;Caudoviricetes;;Drexlerviridae
k127_467192	451	No terminal repeats	NA	1	11	0.7767	NA	1	1.3168	Viruses;Duplodnaviria;Heunggongvirae;Uroviricota;Caudoviricetes;;
k127_213205	478	No terminal repeats	NA	1	11	0.7766	NA	1	1.3663	Viruses;Duplodnaviria;Heunggongvirae;Uroviricota;Caudoviricetes;;
k127_5739	1100	No terminal repeats	NA	1	11	0.7766	NA	1	1.7183	Viruses;Duplodnaviria;Heunggongvirae;Uroviricota;Caudoviricetes;;
k127_310264	1813	No terminal repeats	NA	2	11	0.7758	NA	1	1.7183	Viruses;Riboviria;Orthornavirae;Pisuviricota;Duplopiviricetes;Durnavirales;Partitiviridae
k127_403538	315	No terminal repeats	NA	1	11	0.7756	NA	1	1.2944	Viruses;Duplodnaviria;Heunggongvirae;Uroviricota;Caudoviricetes;;
k127_92123	319	No terminal repeats	NA	1	11	0.7726	NA	1	1.3301	Viruses;Duplodnaviria;Heunggongvirae;Uroviricota;Caudoviricetes;;
k127_406734	418	No terminal repeats	NA	1	11	0.7725	NA	1	1.4211	Viruses;Duplodnaviria;Heunggongvirae;Uroviricota;Caudoviricetes;;
k127_452603	352	No terminal repeats	NA	1	11	0.7723	NA	1	1.6734	Viruses;Duplodnaviria;Heunggongvirae;Uroviricota;Caudoviricetes;;
k127_433430	316	No terminal repeats	NA	1	11	0.7723	NA	1	1.2802	Viruses;Duplodnaviria;Heunggongvirae;Uroviricota;Caudoviricetes;;
k127_357788	418	No terminal repeats	NA	1	11	0.7722	NA	1	1.1438	Viruses;Duplodnaviria;Heunggongvirae;Uroviricota;Caudoviricetes;;
k127_81301	446	No terminal repeats	NA	1	11	0.7718	NA	1	1.2306	Viruses;Duplodnaviria;Heunggongvirae;Uroviricota;Caudoviricetes;;
k127_494053	416	No terminal repeats	NA	1	11	0.7712	NA	1	0.9531	Viruses;Duplodnaviria;Heunggongvirae;Uroviricota;Caudoviricetes;;
k127_267712	450	No terminal repeats	NA	1	11	0.7709	NA	1	1.2306	Viruses;Duplodnaviria;Heunggongvirae;Uroviricota;Caudoviricetes;;
k127_212869	590	No terminal repeats	NA	2	11	0.7709	NA	2	3.3467	Viruses;Duplodnaviria;Heunggongvirae;Uroviricota;Caudoviricetes;;
k127_339758	782	No terminal repeats	NA	1	11	0.7692	NA	1	1.7183	Viruses;Duplodnaviria;Heunggongvirae;Uroviricota;Caudoviricetes;;
k127_51845	425	No terminal repeats	NA	2	11	0.7686	NA	1	1.1262	Viruses;Duplodnaviria;Heunggongvirae;Uroviricota;Caudoviricetes;;
k127_258317	372	No terminal repeats	NA	2	11	0.7681	NA	1	1.3358	Viruses;Duplodnaviria;Heunggongvirae;Uroviricota;Caudoviricetes;;
k127_450908	654	No terminal repeats	NA	1	11	0.7669	NA	1	1.7183	Viruses;Duplodnaviria;Heunggongvirae;Uroviricota;Caudoviricetes;;
k127_218750	428	No terminal repeats	NA	1	11	0.7663	NA	1	1.2306	Viruses;Duplodnaviria;Heunggongvirae;Uroviricota;Caudoviricetes;;
k127_96773	371	No terminal repeats	NA	1	11	0.7660	NA	1	1.2485	Viruses;Duplodnaviria;Heunggongvirae;Uroviricota;Caudoviricetes;;
k127_108531	316	No terminal repeats	NA	1	11	0.7655	NA	1	1.1826	Unclassified
k127_439578	578	No terminal repeats	NA	2	11	0.7654	NA	1	1.4859	Viruses;Duplodnaviria;Heunggongvirae;Uroviricota;Caudoviricetes;;
k127_307001	742	No terminal repeats	NA	2	11	0.7653	NA	1	1.3639	Viruses;Duplodnaviria;Heunggongvirae;Uroviricota;Caudoviricetes;;
k127_333159	1042	No terminal repeats	NA	2	11	0.7645	NA	1	1.4764	Viruses;Duplodnaviria;Heunggongvirae;Uroviricota;Caudoviricetes;;
k127_268856	405	No terminal repeats	NA	2	11	0.7628	NA	1	1.1157	Viruses;Duplodnaviria;Heunggongvirae;Uroviricota;Caudoviricetes;;
k127_160313	544	No terminal repeats	NA	1	11	0.7625	NA	1	1.2306	Viruses;Duplodnaviria;Heunggongvirae;Uroviricota;Caudoviricetes;;
k127_334507	916	No terminal repeats	NA	1	11	0.7617	NA	1	1.2306	Viruses;Duplodnaviria;Heunggongvirae;Uroviricota;Caudoviricetes;;
k127_298796	1012	No terminal repeats	NA	2	11	0.7610	NA	1	1.7183	Viruses;Duplodnaviria;Heunggongvirae;Uroviricota;Caudoviricetes;;
k127_209106	414	No terminal repeats	NA	1	11	0.7606	NA	1	1.2306	Viruses;Duplodnaviria;Heunggongvirae;Uroviricota;Caudoviricetes;;
k127_524236	378	No terminal repeats	NA	1	11	0.7605	NA	1	1.7175	Viruses;Duplodnaviria;Heunggongvirae;Uroviricota;Caudoviricetes;;
k127_196013	313	No terminal repeats	NA	1	11	0.7604	NA	1	1.0722	Viruses;Duplodnaviria;Heunggongvirae;Uroviricota;Caudoviricetes;;
k127_509379	1328	No terminal repeats	NA	3	11	0.7601	NA	2	2.1193	Viruses;Duplodnaviria;Heunggongvirae;Uroviricota;Caudoviricetes;;
k127_427938	1630	No terminal repeats	NA	1	11	0.7599	NA	1	1.2306	Viruses;Duplodnaviria;Heunggongvirae;Uroviricota;Caudoviricetes;;
k127_168987	2858	No terminal repeats	NA	2	11	0.7594	NA	0	1.7183	Viruses;Duplodnaviria;Heunggongvirae;Uroviricota;Caudoviricetes;;
k127_56010	355	No terminal repeats	NA	2	11	0.7591	NA	1	1.4944	Viruses;Duplodnaviria;Heunggongvirae;Uroviricota;Caudoviricetes;;
k127_525377	389	No terminal repeats	NA	1	11	0.7587	NA	1	1.4025	Viruses;Duplodnaviria;Heunggongvirae;Uroviricota;Caudoviricetes;;
k127_273287	378	No terminal repeats	NA	1	11	0.7587	NA	1	1.4413	Viruses;Duplodnaviria;Heunggongvirae;Uroviricota;Caudoviricetes;;
k127_361504	604	No terminal repeats	NA	1	11	0.7586	NA	1	1.2306	Viruses;Duplodnaviria;Heunggongvirae;Uroviricota;Caudoviricetes;;
k127_25864	490	No terminal repeats	NA	1	11	0.7584	NA	1	1.1157	Viruses;Duplodnaviria;Heunggongvirae;Uroviricota;Caudoviricetes;;
k127_55326	565	No terminal repeats	NA	1	11	0.7575	NA	1	1.2465	Viruses;Duplodnaviria;Heunggongvirae;Uroviricota;Caudoviricetes;;
k127_483489	805	No terminal repeats	NA	1	11	0.7570	NA	1	1.2306	Viruses;Duplodnaviria;Heunggongvirae;Uroviricota;Caudoviricetes;;
k127_122915	411	No terminal repeats	NA	2	11	0.7569	NA	1	1.7183	Unclassified
k127_204348	939	No terminal repeats	NA	3	11	0.7566	NA	1	1.7183	Viruses;Duplodnaviria;Heunggongvirae;Uroviricota;Caudoviricetes;;
k127_407747	374	No terminal repeats	NA	1	11	0.7565	NA	1	1.1328	Viruses;Duplodnaviria;Heunggongvirae;Uroviricota;Caudoviricetes;;
k127_78920	315	No terminal repeats	NA	1	11	0.7563	NA	1	1.4494	Viruses;Duplodnaviria;Heunggongvirae;Uroviricota;Caudoviricetes;;
k127_94680	411	No terminal repeats	NA	1	11	0.7549	NA	1	1.1328	Viruses;Duplodnaviria;Heunggongvirae;Uroviricota;Caudoviricetes;;
k127_271258	368	No terminal repeats	NA	1	11	0.7546	NA	1	1.4880	Viruses;Duplodnaviria;Heunggongvirae;Uroviricota;Caudoviricetes;;
k127_318202	481	No terminal repeats	NA	1	11	0.7510	NA	1	1.2306	Viruses;Duplodnaviria;Heunggongvirae;Uroviricota;Caudoviricetes;;
k127_11354	307	No terminal repeats	NA	1	11	0.7497	NA	1	1.0320	Viruses;Duplodnaviria;Heunggongvirae;Uroviricota;Caudoviricetes;;
k127_132099	560	No terminal repeats	NA	1	11	0.7493	NA	1	1.7136	Viruses;Duplodnaviria;Heunggongvirae;Uroviricota;Caudoviricetes;;
k127_519919	1370	No terminal repeats	NA	2	11	0.7471	NA	1	1.7183	Viruses;Duplodnaviria;Heunggongvirae;Uroviricota;Caudoviricetes;;
k127_95091	1627	No terminal repeats	NA	1	11	0.7462	NA	1	1.7183	Viruses;Duplodnaviria;Heunggongvirae;Uroviricota;Caudoviricetes;;
k127_195965	374	No terminal repeats	NA	1	11	0.7451	NA	1	1.3610	Viruses;Duplodnaviria;Heunggongvirae;Uroviricota;Caudoviricetes;;
k127_312256	332	No terminal repeats	NA	1	11	0.7449	NA	1	1.4211	Viruses;Duplodnaviria;Heunggongvirae;Uroviricota;Caudoviricetes;;
k127_405572	419	No terminal repeats	NA	1	11	0.7442	NA	1	1.3878	Viruses;Duplodnaviria;Heunggongvirae;Uroviricota;Caudoviricetes;;
k127_341834	354	No terminal repeats	NA	1	11	0.7438	NA	1	1.6746	Viruses;Duplodnaviria;Heunggongvirae;Uroviricota;Caudoviricetes;;
k127_28298	470	No terminal repeats	NA	1	11	0.7432	NA	1	1.2465	Viruses;Duplodnaviria;Heunggongvirae;Uroviricota;Caudoviricetes;;
k127_79594	723	No terminal repeats	NA	1	11	0.7431	NA	1	1.2280	Unclassified
k127_43618	591	No terminal repeats	NA	1	11	0.7424	NA	1	1.0036	Viruses;Duplodnaviria;Heunggongvirae;Uroviricota;Caudoviricetes;;
k127_455852	672	No terminal repeats	NA	1	11	0.7412	NA	1	1.7183	Viruses;Duplodnaviria;Heunggongvirae;Uroviricota;Caudoviricetes;;
k127_117368	383	No terminal repeats	NA	1	11	0.7409	NA	1	1.3875	Viruses;Duplodnaviria;Heunggongvirae;Uroviricota;Caudoviricetes;;
k127_207974	586	No terminal repeats	NA	1	11	0.7408	NA	1	1.6774	Viruses;Duplodnaviria;Heunggongvirae;Uroviricota;Caudoviricetes;;
k127_286668	739	No terminal repeats	NA	2	11	0.7402	NA	1	1.7136	Viruses;Duplodnaviria;Heunggongvirae;Uroviricota;Caudoviricetes;;
k127_43747	328	No terminal repeats	NA	1	11	0.7382	NA	1	1.5272	Viruses;Duplodnaviria;Heunggongvirae;Uroviricota;Caudoviricetes;;
k127_283818	700	No terminal repeats	NA	2	11	0.7364	NA	1	1.7183	Viruses;Duplodnaviria;Heunggongvirae;Uroviricota;Caudoviricetes;;Drexlerviridae
k127_354665	933	No terminal repeats	NA	3	11	0.7363	NA	1	2.7764	Viruses;Duplodnaviria;Heunggongvirae;Uroviricota;Caudoviricetes;;
k127_365973	2823	No terminal repeats	NA	1	11	0.7362	NA	0	1.7183	Viruses;Duplodnaviria;Heunggongvirae;Uroviricota;Caudoviricetes;;
k127_166274	386	No terminal repeats	NA	1	11	0.7359	NA	1	1.3562	Viruses;Duplodnaviria;Heunggongvirae;Uroviricota;Caudoviricetes;;
k127_220441	889	No terminal repeats	NA	2	11	0.7345	NA	1	1.4764	Viruses;Duplodnaviria;Heunggongvirae;Uroviricota;Caudoviricetes;;
k127_198002	623	No terminal repeats	NA	1	11	0.7328	NA	1	1.7085	Viruses;Duplodnaviria;Heunggongvirae;Uroviricota;Caudoviricetes;;
k127_525902	482	No terminal repeats	NA	1	11	0.7327	NA	1	1.3168	Viruses;Duplodnaviria;Heunggongvirae;Uroviricota;Caudoviricetes;;
k127_326955	369	No terminal repeats	NA	1	11	0.7316	NA	1	1.1157	Viruses;Duplodnaviria;Heunggongvirae;Uroviricota;Caudoviricetes;;
k127_182807	1194	No terminal repeats	NA	1	11	0.7285	NA	1	1.7136	Viruses;Duplodnaviria;Heunggongvirae;Uroviricota;Caudoviricetes;;
k127_426417	989	No terminal repeats	NA	2	11	0.7279	NA	1	1.2306	Viruses;Duplodnaviria;Heunggongvirae;Uroviricota;Caudoviricetes;;
k127_392318	390	No terminal repeats	NA	1	11	0.7277	NA	1	1.2720	Viruses;Duplodnaviria;Heunggongvirae;Uroviricota;Caudoviricetes;;
k127_337518	391	No terminal repeats	NA	1	11	0.7271	NA	1	1.6735	Viruses;Duplodnaviria;Heunggongvirae;Uroviricota;Caudoviricetes;;
k127_189322	340	No terminal repeats	NA	1	11	0.7263	NA	1	1.2474	Viruses;Duplodnaviria;Heunggongvirae;Uroviricota;Caudoviricetes;;
k127_4216	651	No terminal repeats	NA	1	11	0.7258	NA	1	1.2306	Viruses;Duplodnaviria;Heunggongvirae;Uroviricota;Caudoviricetes;;
k127_238063	934	No terminal repeats	NA	1	11	0.7251	NA	1	1.0656	Viruses;Duplodnaviria;Heunggongvirae;Uroviricota;Caudoviricetes;;
k127_95069	358	No terminal repeats	NA	1	11	0.7245	NA	1	1.3139	Viruses;Duplodnaviria;Heunggongvirae;Uroviricota;Caudoviricetes;;
k127_200342	409	No terminal repeats	NA	1	11	0.7232	NA	1	1.2485	Viruses;Duplodnaviria;Heunggongvirae;Uroviricota;Caudoviricetes;;
k127_420378	1399	No terminal repeats	NA	4	11	0.7225	NA	1	2.8795	Viruses;Duplodnaviria;Heunggongvirae;Uroviricota;Caudoviricetes;;
k127_54500	305	No terminal repeats	NA	1	11	0.7216	NA	1	1.6721	Unclassified
k127_150715	611	No terminal repeats	NA	2	11	0.7207	NA	2	2.9592	Viruses;Duplodnaviria;Heunggongvirae;Uroviricota;Caudoviricetes;;
k127_473031	709	No terminal repeats	NA	1	11	0.7206	NA	1	1.7183	Viruses;Duplodnaviria;Heunggongvirae;Uroviricota;Caudoviricetes;;
k127_225932	341	No terminal repeats	NA	1	11	0.7206	NA	1	1.7077	Viruses;Duplodnaviria;Heunggongvirae;Uroviricota;Caudoviricetes;;
k127_131957	1074	No terminal repeats	NA	2	4	0.7196	NA	1	1.1496	Viruses;Duplodnaviria;Heunggongvirae;Uroviricota;Caudoviricetes;;
k127_242583	366	No terminal repeats	NA	1	11	0.7167	NA	1	1.0036	Viruses;Duplodnaviria;Heunggongvirae;Uroviricota;Caudoviricetes;;
k127_247939	939	No terminal repeats	NA	2	11	0.7148	NA	1	1.7183	Viruses;Duplodnaviria;Heunggongvirae;Uroviricota;Caudoviricetes;;
k127_342394	362	No terminal repeats	NA	1	11	0.7136	NA	1	1.3150	Viruses;Duplodnaviria;Heunggongvirae;Uroviricota;Caudoviricetes;;
k127_231994	363	No terminal repeats	NA	1	11	0.7136	NA	1	1.0569	Viruses;Duplodnaviria;Heunggongvirae;Uroviricota;Caudoviricetes;;
k127_462047	371	No terminal repeats	NA	1	11	0.7134	NA	1	1.1808	Viruses;Duplodnaviria;Heunggongvirae;Uroviricota;Caudoviricetes;;
k127_421203	393	No terminal repeats	NA	1	11	0.7110	NA	1	1.3181	Viruses;Duplodnaviria;Heunggongvirae;Uroviricota;Caudoviricetes;;
k127_338307	516	No terminal repeats	NA	1	11	0.7102	NA	1	1.5761	Viruses;Duplodnaviria;Heunggongvirae;Uroviricota;Caudoviricetes;;
k127_24282	394	No terminal repeats	NA	1	11	0.7096	NA	1	1.1157	Viruses;Duplodnaviria;Heunggongvirae;Uroviricota;Caudoviricetes;;
k127_284409	642	No terminal repeats	NA	1	11	0.7082	NA	1	1.3639	Viruses;Duplodnaviria;Heunggongvirae;Uroviricota;Caudoviricetes;;
k127_91871	354	No terminal repeats	NA	1	11	0.7082	NA	1	1.3639	Viruses;Duplodnaviria;Heunggongvirae;Uroviricota;Caudoviricetes;;
k127_90312	931	No terminal repeats	NA	2	11	0.7067	NA	1	0.9531	Viruses;Duplodnaviria;Heunggongvirae;Uroviricota;Caudoviricetes;;
k127_236520	1755	No terminal repeats	NA	2	11	0.7065	NA	1	1.7183	Viruses;Duplodnaviria;Heunggongvirae;Uroviricota;Caudoviricetes;;
k127_246606	330	No terminal repeats	NA	1	11	0.7043	NA	1	1.6911	Viruses;Duplodnaviria;Heunggongvirae;Uroviricota;Caudoviricetes;;
k127_211232	454	No terminal repeats	NA	1	11	0.7033	NA	1	1.6734	Viruses;Duplodnaviria;Heunggongvirae;Uroviricota;Caudoviricetes;;
k127_503259	1597	No terminal repeats	NA	3	11	0.7032	NA	1	1.1328	Viruses;Duplodnaviria;Heunggongvirae;Uroviricota;Caudoviricetes;;
k127_188152	792	No terminal repeats	NA	1	11	0.7031	NA	1	1.7183	Viruses;Duplodnaviria;Heunggongvirae;Uroviricota;Caudoviricetes;;
k127_527447	3267	No terminal repeats	NA	5	4	0.7021	NA	0	1.7183	Viruses;Varidnaviria;Bamfordvirae;Preplasmiviricota;Tectiliviricetes;;Autolykiviridae
