seq_name	length	topology	coordinates	n_genes	genetic_code	virus_score	fdr	n_hallmarks	marker_enrichment	taxonomy
k127_662414	319	No terminal repeats	NA	1	11	0.9675	NA	1	1.4698	Viruses;Duplodnaviria;Heunggongvirae;Uroviricota;Caudoviricetes;;
k127_400563	347	No terminal repeats	NA	1	11	0.9665	NA	1	1.4595	Viruses;Duplodnaviria;Heunggongvirae;Uroviricota;Caudoviricetes;;
k127_658989	445	No terminal repeats	NA	1	11	0.9659	NA	1	1.4698	Viruses;Duplodnaviria;Heunggongvirae;Uroviricota;Caudoviricetes;;
k127_115820	315	No terminal repeats	NA	1	11	0.9627	NA	1	1.4698	Viruses;Duplodnaviria;Heunggongvirae;Uroviricota;Caudoviricetes;;
k127_589445	575	No terminal repeats	NA	1	11	0.9620	NA	1	1.7183	Viruses;Duplodnaviria;Heunggongvirae;Uroviricota;Caudoviricetes;;
k127_578890	530	No terminal repeats	NA	1	11	0.9617	NA	1	1.7183	Viruses;Duplodnaviria;Heunggongvirae;Uroviricota;Caudoviricetes;;
k127_430053	336	No terminal repeats	NA	1	11	0.9602	NA	1	1.7183	Viruses;Duplodnaviria;Heunggongvirae;Uroviricota;Caudoviricetes;;
k127_243817	325	No terminal repeats	NA	1	11	0.9595	NA	1	1.7183	Viruses;Duplodnaviria;Heunggongvirae;Uroviricota;Caudoviricetes;;
k127_680882	454	No terminal repeats	NA	1	11	0.9586	NA	1	1.7183	Viruses;Duplodnaviria;Heunggongvirae;Uroviricota;Caudoviricetes;;
k127_588656	368	No terminal repeats	NA	1	11	0.9584	NA	1	1.7183	Viruses;Duplodnaviria;Heunggongvirae;Uroviricota;Caudoviricetes;;
k127_152495	364	No terminal repeats	NA	1	11	0.9568	NA	1	1.7183	Viruses;Duplodnaviria;Heunggongvirae;Uroviricota;Caudoviricetes;;
k127_244059	399	No terminal repeats	NA	1	11	0.9563	NA	1	1.7183	Viruses;Duplodnaviria;Heunggongvirae;Uroviricota;Caudoviricetes;;
k127_551989	6190	No terminal repeats	NA	12	11	0.9560	NA	2	4.3943	Viruses;Varidnaviria;Bamfordvirae;Preplasmiviricota;Tectiliviricetes;Kalamavirales;Tectiviridae
k127_92895	2250	No terminal repeats	NA	3	11	0.9552	NA	2	2.9493	Viruses;Duplodnaviria;Heunggongvirae;Uroviricota;Caudoviricetes;;
k127_531682	356	No terminal repeats	NA	1	11	0.9549	NA	1	1.7183	Viruses;Duplodnaviria;Heunggongvirae;Uroviricota;Caudoviricetes;;
k127_589049	374	No terminal repeats	NA	2	11	0.9537	NA	1	1.7183	Viruses;Duplodnaviria;Heunggongvirae;Uroviricota;Caudoviricetes;;Herelleviridae
k127_556690	330	No terminal repeats	NA	1	11	0.9536	NA	1	1.4595	Viruses;Duplodnaviria;Heunggongvirae;Uroviricota;Caudoviricetes;;
k127_550924	314	No terminal repeats	NA	1	11	0.9536	NA	1	1.4698	Viruses;Duplodnaviria;Heunggongvirae;Uroviricota;Caudoviricetes;;
k127_350974	302	No terminal repeats	NA	1	11	0.9534	NA	1	1.7183	Viruses;Duplodnaviria;Heunggongvirae;Uroviricota;Caudoviricetes;;
k127_494220	526	No terminal repeats	NA	1	11	0.9525	NA	1	1.7183	Viruses;Duplodnaviria;Heunggongvirae;Uroviricota;Caudoviricetes;;Herelleviridae
k127_492578	1940	No terminal repeats	NA	1	11	0.9522	NA	1	1.7183	Unclassified
k127_664123	345	No terminal repeats	NA	1	11	0.9515	NA	1	1.7183	Viruses;Duplodnaviria;Heunggongvirae;Uroviricota;Caudoviricetes;;
k127_113849	393	No terminal repeats	NA	1	11	0.9515	NA	1	1.7183	Viruses;Duplodnaviria;Heunggongvirae;Uroviricota;Caudoviricetes;;
k127_278925	324	No terminal repeats	NA	1	11	0.9502	NA	1	1.4698	Viruses;Duplodnaviria;Heunggongvirae;Uroviricota;Caudoviricetes;;
k127_658273	712	No terminal repeats	NA	1	11	0.9493	NA	1	1.4595	Viruses;Duplodnaviria;Heunggongvirae;Uroviricota;Caudoviricetes;;
k127_520832	879	No terminal repeats	NA	1	11	0.9485	NA	1	1.4595	Viruses;Duplodnaviria;Heunggongvirae;Uroviricota;Caudoviricetes;;
k127_272081	414	No terminal repeats	NA	1	11	0.9467	NA	1	1.5337	Viruses;Duplodnaviria;Heunggongvirae;Uroviricota;Caudoviricetes;;
k127_69941	420	No terminal repeats	NA	1	11	0.9466	NA	1	1.7183	Viruses;Duplodnaviria;Heunggongvirae;Uroviricota;Caudoviricetes;;Zobellviridae
k127_403487	466	No terminal repeats	NA	1	11	0.9459	NA	1	1.7183	Viruses;Duplodnaviria;Heunggongvirae;Uroviricota;Caudoviricetes;;
k127_375570	358	No terminal repeats	NA	1	11	0.9453	NA	1	1.4698	Viruses;Duplodnaviria;Heunggongvirae;Uroviricota;Caudoviricetes;;
k127_60784	349	No terminal repeats	NA	1	11	0.9451	NA	1	1.7183	Viruses;Duplodnaviria;Heunggongvirae;Uroviricota;Caudoviricetes;;Drexlerviridae
k127_386773	3381	No terminal repeats	NA	1	4	0.9448	NA	0	1.7183	Viruses;Duplodnaviria;Heunggongvirae;Uroviricota;Caudoviricetes;;
k127_108056	941	No terminal repeats	NA	1	11	0.9436	NA	1	1.7183	Viruses;Duplodnaviria;Heunggongvirae;Uroviricota;Caudoviricetes;;
k127_670376	307	No terminal repeats	NA	1	11	0.9435	NA	1	1.7183	Viruses;Duplodnaviria;Heunggongvirae;Uroviricota;Caudoviricetes;;
k127_615699	327	No terminal repeats	NA	1	11	0.9434	NA	1	1.7183	Viruses;Duplodnaviria;Heunggongvirae;Uroviricota;Caudoviricetes;;
k127_339426	434	No terminal repeats	NA	1	11	0.9432	NA	1	1.7183	Viruses;Duplodnaviria;Heunggongvirae;Uroviricota;Caudoviricetes;;
k127_614106	359	No terminal repeats	NA	1	11	0.9428	NA	1	1.7183	Viruses;Duplodnaviria;Heunggongvirae;Uroviricota;Caudoviricetes;;
k127_502833	436	No terminal repeats	NA	1	11	0.9424	NA	1	1.1674	Viruses;Duplodnaviria;Heunggongvirae;Uroviricota;Caudoviricetes;;
k127_424753	302	No terminal repeats	NA	1	11	0.9420	NA	1	1.7183	Viruses;Duplodnaviria;Heunggongvirae;Uroviricota;Caudoviricetes;;
k127_293661	316	No terminal repeats	NA	1	11	0.9420	NA	1	1.7183	Viruses;Duplodnaviria;Heunggongvirae;Uroviricota;Caudoviricetes;;
k127_374406	227	No terminal repeats	NA	1	11	0.9419	NA	1	1.7183	Viruses;Duplodnaviria;Heunggongvirae;Uroviricota;Caudoviricetes;;Herelleviridae
k127_688238	459	No terminal repeats	NA	1	11	0.9413	NA	1	1.7183	Viruses;Duplodnaviria;Heunggongvirae;Uroviricota;Caudoviricetes;;
k127_202023	367	No terminal repeats	NA	1	11	0.9412	NA	1	1.7183	Viruses;Duplodnaviria;Heunggongvirae;Uroviricota;Caudoviricetes;;
k127_117898	334	No terminal repeats	NA	1	11	0.9403	NA	1	1.4595	Viruses;Duplodnaviria;Heunggongvirae;Uroviricota;Caudoviricetes;;
k127_340124	304	No terminal repeats	NA	1	11	0.9397	NA	1	1.4595	Viruses;Duplodnaviria;Heunggongvirae;Uroviricota;Caudoviricetes;;
k127_285062	354	No terminal repeats	NA	1	11	0.9393	NA	1	1.7183	Viruses;Duplodnaviria;Heunggongvirae;Uroviricota;Caudoviricetes;;Drexlerviridae
k127_43498	372	No terminal repeats	NA	1	11	0.9392	NA	1	1.7183	Viruses;Duplodnaviria;Heunggongvirae;Uroviricota;Caudoviricetes;;
k127_331737	383	No terminal repeats	NA	1	11	0.9389	NA	1	1.3050	Viruses;Duplodnaviria;Heunggongvirae;Uroviricota;Caudoviricetes;;
k127_631152	493	No terminal repeats	NA	1	11	0.9385	NA	1	1.4698	Viruses;Duplodnaviria;Heunggongvirae;Uroviricota;Caudoviricetes;;
k127_313207	320	No terminal repeats	NA	1	11	0.9385	NA	1	1.4595	Viruses;Duplodnaviria;Heunggongvirae;Uroviricota;Caudoviricetes;;
k127_629496	289	No terminal repeats	NA	1	11	0.9385	NA	1	1.7183	Viruses;Duplodnaviria;Heunggongvirae;Uroviricota;Caudoviricetes;;
k127_197267	589	No terminal repeats	NA	1	11	0.9383	NA	1	1.7183	Viruses;Duplodnaviria;Heunggongvirae;Uroviricota;Caudoviricetes;;
k127_287679	611	No terminal repeats	NA	1	11	0.9379	NA	1	1.7183	Viruses;Duplodnaviria;Heunggongvirae;Uroviricota;Caudoviricetes;;
k127_544016	366	No terminal repeats	NA	2	11	0.9375	NA	1	1.7183	Viruses;Duplodnaviria;Heunggongvirae;Uroviricota;Caudoviricetes;;
k127_401596	313	No terminal repeats	NA	1	11	0.9369	NA	1	1.1496	Viruses;Duplodnaviria;Heunggongvirae;Uroviricota;Caudoviricetes;;
k127_283407	328	No terminal repeats	NA	1	11	0.9365	NA	1	1.1496	Viruses;Duplodnaviria;Heunggongvirae;Uroviricota;Caudoviricetes;;
k127_628642	1186	No terminal repeats	NA	2	11	0.9361	NA	1	3.4366	Viruses;Duplodnaviria;Heunggongvirae;Uroviricota;Caudoviricetes;;Drexlerviridae
k127_530075	507	No terminal repeats	NA	1	11	0.9359	NA	1	1.7183	Viruses;Duplodnaviria;Heunggongvirae;Uroviricota;Caudoviricetes;;
k127_203591	342	No terminal repeats	NA	1	11	0.9358	NA	1	1.3050	Viruses;Duplodnaviria;Heunggongvirae;Uroviricota;Caudoviricetes;;
k127_200672	473	No terminal repeats	NA	1	11	0.9357	NA	1	1.7183	Viruses;Duplodnaviria;Heunggongvirae;Uroviricota;Caudoviricetes;;
k127_229422	354	No terminal repeats	NA	1	11	0.9353	NA	1	1.4698	Viruses;Duplodnaviria;Heunggongvirae;Uroviricota;Caudoviricetes;;
k127_369645	415	No terminal repeats	NA	1	11	0.9343	NA	1	1.4698	Viruses;Duplodnaviria;Heunggongvirae;Uroviricota;Caudoviricetes;;
k127_187011	413	No terminal repeats	NA	1	11	0.9337	NA	1	1.4698	Viruses;Duplodnaviria;Heunggongvirae;Uroviricota;Caudoviricetes;;
k127_577358	445	No terminal repeats	NA	1	11	0.9337	NA	1	1.4749	Viruses;Duplodnaviria;Heunggongvirae;Uroviricota;Caudoviricetes;;
k127_291734	332	No terminal repeats	NA	1	11	0.9331	NA	1	1.7183	Viruses;Duplodnaviria;Heunggongvirae;Uroviricota;Caudoviricetes;;
k127_698300	420	No terminal repeats	NA	1	11	0.9330	NA	1	1.7183	Viruses;Duplodnaviria;Heunggongvirae;Uroviricota;Caudoviricetes;;
k127_445263	492	No terminal repeats	NA	1	11	0.9318	NA	1	1.7183	Viruses;Duplodnaviria;Heunggongvirae;Uroviricota;Caudoviricetes;;
k127_232227	1847	No terminal repeats	NA	3	11	0.9317	NA	1	4.4487	Viruses;Duplodnaviria;Heunggongvirae;Uroviricota;Caudoviricetes;;
k127_41224	316	No terminal repeats	NA	1	11	0.9314	NA	1	1.7183	Viruses;Duplodnaviria;Heunggongvirae;Uroviricota;Caudoviricetes;;
k127_699086	433	No terminal repeats	NA	1	11	0.9310	NA	1	1.4595	Viruses;Duplodnaviria;Heunggongvirae;Uroviricota;Caudoviricetes;;
k127_618463	313	No terminal repeats	NA	1	11	0.9308	NA	1	1.7183	Viruses;Duplodnaviria;Heunggongvirae;Uroviricota;Caudoviricetes;;
k127_605467	1180	No terminal repeats	NA	3	11	0.9308	NA	2	2.9025	Viruses;Duplodnaviria;Heunggongvirae;Uroviricota;Caudoviricetes;;
k127_433373	344	No terminal repeats	NA	1	11	0.9306	NA	1	1.4595	Viruses;Duplodnaviria;Heunggongvirae;Uroviricota;Caudoviricetes;;
k127_529983	933	No terminal repeats	NA	1	11	0.9306	NA	1	1.7183	Viruses;Duplodnaviria;Heunggongvirae;Uroviricota;Caudoviricetes;;
k127_447703	460	No terminal repeats	NA	1	11	0.9305	NA	1	1.4698	Viruses;Duplodnaviria;Heunggongvirae;Uroviricota;Caudoviricetes;;
k127_117182	347	No terminal repeats	NA	1	11	0.9305	NA	1	1.4595	Viruses;Duplodnaviria;Heunggongvirae;Uroviricota;Caudoviricetes;;
k127_17116	390	No terminal repeats	NA	1	11	0.9303	NA	1	1.5004	Viruses;Duplodnaviria;Heunggongvirae;Uroviricota;Caudoviricetes;;
k127_177012	374	No terminal repeats	NA	1	11	0.9295	NA	1	1.7183	Viruses;Duplodnaviria;Heunggongvirae;Uroviricota;Caudoviricetes;;
k127_443932	1040	No terminal repeats	NA	1	11	0.9295	NA	1	1.7183	Viruses;Riboviria;Orthornavirae;Pisuviricota;Duplopiviricetes;Durnavirales;Partitiviridae
k127_505641	335	No terminal repeats	NA	1	11	0.9287	NA	1	1.7183	Viruses;Duplodnaviria;Heunggongvirae;Uroviricota;Caudoviricetes;;
k127_370457	427	No terminal repeats	NA	1	11	0.9286	NA	1	1.7183	Viruses;Duplodnaviria;Heunggongvirae;Uroviricota;Caudoviricetes;;
k127_634972	884	No terminal repeats	NA	1	11	0.9284	NA	1	1.7183	Viruses;Riboviria;Orthornavirae;Pisuviricota;Duplopiviricetes;Durnavirales;Partitiviridae
k127_651495	384	No terminal repeats	NA	1	11	0.9284	NA	1	1.7183	Viruses;Duplodnaviria;Heunggongvirae;Uroviricota;Caudoviricetes;;
k127_464638	361	No terminal repeats	NA	1	11	0.9281	NA	1	1.4595	Viruses;Duplodnaviria;Heunggongvirae;Uroviricota;Caudoviricetes;;
k127_477642	758	No terminal repeats	NA	1	11	0.9274	NA	1	1.7183	Viruses;Duplodnaviria;Heunggongvirae;Uroviricota;Caudoviricetes;;
k127_624243	354	No terminal repeats	NA	1	11	0.9273	NA	1	1.7183	Viruses;Duplodnaviria;Heunggongvirae;Uroviricota;Caudoviricetes;;
k127_304938	326	No terminal repeats	NA	1	11	0.9250	NA	1	1.1231	Viruses;Duplodnaviria;Heunggongvirae;Uroviricota;Caudoviricetes;;
k127_39057	217	No terminal repeats	NA	1	11	0.9249	NA	1	1.7183	Viruses;Duplodnaviria;Heunggongvirae;Uroviricota;Caudoviricetes;;Herelleviridae
k127_56412	976	No terminal repeats	NA	1	11	0.9243	NA	1	1.7183	Viruses;Duplodnaviria;Heunggongvirae;Uroviricota;Caudoviricetes;;
k127_245059	310	No terminal repeats	NA	1	11	0.9243	NA	1	1.7183	Viruses;Duplodnaviria;Heunggongvirae;Uroviricota;Caudoviricetes;;
k127_381420	450	No terminal repeats	NA	1	11	0.9242	NA	1	1.7183	Viruses;Duplodnaviria;Heunggongvirae;Uroviricota;Caudoviricetes;;
k127_667284	384	No terminal repeats	NA	1	11	0.9242	NA	1	1.2975	Viruses;Duplodnaviria;Heunggongvirae;Uroviricota;Caudoviricetes;;
k127_529495	319	No terminal repeats	NA	1	11	0.9241	NA	1	1.4764	Viruses;Duplodnaviria;Heunggongvirae;Uroviricota;Caudoviricetes;;
k127_278346	1803	No terminal repeats	NA	3	11	0.9237	NA	1	5.1038	Viruses;Duplodnaviria;Heunggongvirae;Uroviricota;Caudoviricetes;;
k127_273678	325	No terminal repeats	NA	1	11	0.9235	NA	1	1.7183	Viruses;Duplodnaviria;Heunggongvirae;Uroviricota;Caudoviricetes;;
k127_646930	1857	No terminal repeats	NA	4	11	0.9234	NA	1	5.0115	Viruses;Duplodnaviria;Heunggongvirae;Uroviricota;Caudoviricetes;;
k127_94268	2526	No terminal repeats	NA	4	11	0.9230	NA	1	5.0019	Viruses;Duplodnaviria;Heunggongvirae;Uroviricota;Caudoviricetes;;
k127_389569	2589	No terminal repeats	NA	1	11	0.9229	NA	0	1.7183	Unclassified
k127_491865	449	No terminal repeats	NA	1	11	0.9219	NA	1	1.7183	Viruses;Duplodnaviria;Heunggongvirae;Uroviricota;Caudoviricetes;;
k127_551952	1846	No terminal repeats	NA	3	11	0.9213	NA	2	4.1511	Viruses;Duplodnaviria;Heunggongvirae;Uroviricota;Caudoviricetes;;
k127_57181	934	No terminal repeats	NA	3	11	0.9207	NA	1	4.5468	Viruses;Duplodnaviria;Heunggongvirae;Uroviricota;Caudoviricetes;;
k127_292858	646	No terminal repeats	NA	2	11	0.9205	NA	1	1.4698	Viruses;Duplodnaviria;Heunggongvirae;Uroviricota;Caudoviricetes;;
k127_134426	390	No terminal repeats	NA	1	11	0.9201	NA	1	1.3483	Unclassified
k127_150329	333	No terminal repeats	NA	1	11	0.9197	NA	1	1.7183	Viruses;Duplodnaviria;Heunggongvirae;Uroviricota;Caudoviricetes;;
k127_108503	520	No terminal repeats	NA	1	11	0.9196	NA	1	1.7183	Viruses;Duplodnaviria;Heunggongvirae;Uroviricota;Caudoviricetes;;
k127_239479	692	No terminal repeats	NA	1	11	0.9186	NA	1	1.4749	Viruses;Duplodnaviria;Heunggongvirae;Uroviricota;Caudoviricetes;;
k127_680139	307	No terminal repeats	NA	1	11	0.9186	NA	1	1.7183	Viruses;Duplodnaviria;Heunggongvirae;Uroviricota;Caudoviricetes;;
k127_437782	432	No terminal repeats	NA	1	11	0.9184	NA	1	1.4595	Viruses;Duplodnaviria;Heunggongvirae;Uroviricota;Caudoviricetes;;
k127_585010	907	No terminal repeats	NA	1	11	0.9179	NA	1	1.7183	Viruses;Duplodnaviria;Heunggongvirae;Uroviricota;Caudoviricetes;;
k127_474666	718	No terminal repeats	NA	1	11	0.9175	NA	1	1.7183	Viruses;Duplodnaviria;Heunggongvirae;Uroviricota;Caudoviricetes;;
k127_115731	364	No terminal repeats	NA	1	11	0.9175	NA	1	1.7183	Viruses;Duplodnaviria;Heunggongvirae;Uroviricota;Caudoviricetes;;
k127_298758	375	No terminal repeats	NA	1	11	0.9170	NA	1	1.7183	Viruses;Duplodnaviria;Heunggongvirae;Uroviricota;Caudoviricetes;;
k127_685009	482	No terminal repeats	NA	1	11	0.9168	NA	1	1.7183	Viruses;Duplodnaviria;Heunggongvirae;Uroviricota;Caudoviricetes;;
k127_217739	1911	No terminal repeats	NA	1	11	0.9168	NA	1	1.7183	Viruses;Duplodnaviria;Heunggongvirae;Uroviricota;Caudoviricetes;;
k127_477450	1937	No terminal repeats	NA	5	11	0.9161	NA	1	6.6143	Viruses;Duplodnaviria;Heunggongvirae;Uroviricota;Caudoviricetes;;
k127_481434	572	No terminal repeats	NA	1	11	0.9160	NA	1	1.7183	Viruses;Duplodnaviria;Heunggongvirae;Uroviricota;Caudoviricetes;;
k127_340121	815	No terminal repeats	NA	2	11	0.9148	NA	1	3.1699	Viruses;Duplodnaviria;Heunggongvirae;Uroviricota;Caudoviricetes;;
k127_53609	861	No terminal repeats	NA	1	11	0.9148	NA	1	1.7183	Viruses;Duplodnaviria;Heunggongvirae;Uroviricota;Caudoviricetes;;
k127_336559	359	No terminal repeats	NA	1	11	0.9147	NA	1	1.4749	Viruses;Duplodnaviria;Heunggongvirae;Uroviricota;Caudoviricetes;;
k127_140173	304	No terminal repeats	NA	1	11	0.9144	NA	1	1.7183	Viruses;Duplodnaviria;Heunggongvirae;Uroviricota;Caudoviricetes;;
k127_309390	400	No terminal repeats	NA	1	11	0.9142	NA	1	1.4698	Viruses;Duplodnaviria;Heunggongvirae;Uroviricota;Caudoviricetes;;
k127_32958	411	No terminal repeats	NA	2	11	0.9135	NA	1	1.7183	Viruses;Duplodnaviria;Heunggongvirae;Uroviricota;Caudoviricetes;;Herelleviridae
k127_335056	410	No terminal repeats	NA	1	11	0.9129	NA	1	1.7183	Viruses;Duplodnaviria;Heunggongvirae;Uroviricota;Caudoviricetes;;
k127_316239	342	No terminal repeats	NA	1	11	0.9129	NA	1	1.7183	Viruses;Duplodnaviria;Heunggongvirae;Uroviricota;Caudoviricetes;;
k127_223801	902	No terminal repeats	NA	3	11	0.9127	NA	1	5.0115	Viruses;Duplodnaviria;Heunggongvirae;Uroviricota;Caudoviricetes;;
k127_310650	480	No terminal repeats	NA	1	11	0.9123	NA	1	1.7183	Viruses;Duplodnaviria;Heunggongvirae;Uroviricota;Caudoviricetes;;
k127_583036	407	No terminal repeats	NA	1	11	0.9116	NA	1	1.4595	Viruses;Duplodnaviria;Heunggongvirae;Uroviricota;Caudoviricetes;;
k127_313154	1983	No terminal repeats	NA	2	11	0.9104	NA	1	3.1086	Viruses;Duplodnaviria;Heunggongvirae;Uroviricota;Caudoviricetes;;
k127_662192	1703	No terminal repeats	NA	3	11	0.9100	NA	1	1.7183	Viruses;Varidnaviria;Bamfordvirae;Preplasmiviricota;Tectiliviricetes;Kalamavirales;Tectiviridae
k127_529374	454	No terminal repeats	NA	1	11	0.9099	NA	1	1.7183	Unclassified
k127_310315	856	No terminal repeats	NA	1	11	0.9096	NA	1	1.7183	Viruses;Duplodnaviria;Heunggongvirae;Uroviricota;Caudoviricetes;;
k127_123685	659	No terminal repeats	NA	1	11	0.9093	NA	1	1.7183	Viruses;Duplodnaviria;Heunggongvirae;Uroviricota;Caudoviricetes;;Drexlerviridae
k127_210603	359	No terminal repeats	NA	1	11	0.9092	NA	1	1.7183	Viruses;Duplodnaviria;Heunggongvirae;Uroviricota;Caudoviricetes;;
k127_39069	527	No terminal repeats	NA	1	11	0.9082	NA	1	1.7183	Viruses;Duplodnaviria;Heunggongvirae;Uroviricota;Caudoviricetes;;Herelleviridae
k127_126928	466	No terminal repeats	NA	1	11	0.9081	NA	1	1.7183	Viruses;Duplodnaviria;Heunggongvirae;Uroviricota;Caudoviricetes;;
k127_613836	695	No terminal repeats	NA	1	11	0.9081	NA	1	1.7183	Viruses;Duplodnaviria;Heunggongvirae;Uroviricota;Caudoviricetes;;
k127_566323	322	No terminal repeats	NA	1	11	0.9078	NA	1	1.7183	Viruses;Duplodnaviria;Heunggongvirae;Uroviricota;Caudoviricetes;;
k127_388677	588	No terminal repeats	NA	1	11	0.9076	NA	1	1.4595	Viruses;Duplodnaviria;Heunggongvirae;Uroviricota;Caudoviricetes;;
k127_29974	653	No terminal repeats	NA	1	11	0.9070	NA	1	1.3608	Viruses;Duplodnaviria;Heunggongvirae;Uroviricota;Caudoviricetes;;Straboviridae
k127_100190	514	No terminal repeats	NA	1	11	0.9068	NA	1	1.7183	Viruses;Duplodnaviria;Heunggongvirae;Uroviricota;Caudoviricetes;;Herelleviridae
k127_241908	431	No terminal repeats	NA	1	11	0.9050	NA	1	1.7183	Viruses;Duplodnaviria;Heunggongvirae;Uroviricota;Caudoviricetes;;
k127_44466	1831	No terminal repeats	NA	1	11	0.9049	NA	1	1.4464	Viruses;Duplodnaviria;Heunggongvirae;Uroviricota;Caudoviricetes;;
k127_211923	422	No terminal repeats	NA	2	11	0.9044	NA	1	1.7183	Viruses;Duplodnaviria;Heunggongvirae;Uroviricota;Caudoviricetes;;Herelleviridae
k127_163617	504	No terminal repeats	NA	2	11	0.9032	NA	1	1.7183	Viruses;Duplodnaviria;Heunggongvirae;Uroviricota;Caudoviricetes;;Herelleviridae
k127_160927	942	No terminal repeats	NA	1	11	0.9031	NA	1	1.4464	Viruses;Duplodnaviria;Heunggongvirae;Uroviricota;Caudoviricetes;;
k127_627615	632	No terminal repeats	NA	2	11	0.9029	NA	2	2.8209	Viruses;Duplodnaviria;Heunggongvirae;Uroviricota;Caudoviricetes;;
k127_370950	552	No terminal repeats	NA	1	11	0.9026	NA	1	1.7183	Viruses;Duplodnaviria;Heunggongvirae;Uroviricota;Caudoviricetes;;
k127_247289	543	No terminal repeats	NA	1	11	0.9024	NA	1	1.7183	Viruses;Duplodnaviria;Heunggongvirae;Uroviricota;Caudoviricetes;;
k127_435800	450	No terminal repeats	NA	1	11	0.9022	NA	1	1.7183	Viruses;Duplodnaviria;Heunggongvirae;Uroviricota;Caudoviricetes;;
k127_175687	847	No terminal repeats	NA	1	11	0.9019	NA	1	1.4595	Viruses;Duplodnaviria;Heunggongvirae;Uroviricota;Caudoviricetes;;
k127_421385	734	No terminal repeats	NA	1	11	0.9012	NA	1	1.7183	Viruses;Duplodnaviria;Heunggongvirae;Uroviricota;Caudoviricetes;;
k127_674580	1664	No terminal repeats	NA	1	11	0.9005	NA	1	1.7183	Viruses;Duplodnaviria;Heunggongvirae;Uroviricota;Caudoviricetes;;
k127_308869	891	No terminal repeats	NA	2	11	0.9001	NA	1	3.1778	Viruses;Duplodnaviria;Heunggongvirae;Uroviricota;Caudoviricetes;;
k127_137696	424	No terminal repeats	NA	1	11	0.8999	NA	1	1.3273	Viruses;Duplodnaviria;Heunggongvirae;Uroviricota;Caudoviricetes;;
k127_430021	301	No terminal repeats	NA	1	11	0.8992	NA	1	1.7183	Unclassified
k127_61744	501	No terminal repeats	NA	1	11	0.8991	NA	1	1.4464	Viruses;Duplodnaviria;Heunggongvirae;Uroviricota;Caudoviricetes;;
k127_94798	489	No terminal repeats	NA	1	11	0.8990	NA	1	1.2306	Viruses;Duplodnaviria;Heunggongvirae;Uroviricota;Caudoviricetes;;
k127_579372	724	No terminal repeats	NA	1	11	0.8983	NA	1	1.4595	Viruses;Duplodnaviria;Heunggongvirae;Uroviricota;Caudoviricetes;;
k127_286534	1082	No terminal repeats	NA	3	11	0.8960	NA	1	3.0620	Viruses;Duplodnaviria;Heunggongvirae;Uroviricota;Caudoviricetes;;Herelleviridae
k127_237927	387	No terminal repeats	NA	1	11	0.8960	NA	1	1.7183	Viruses;Duplodnaviria;Heunggongvirae;Uroviricota;Caudoviricetes;;
k127_303135	275	No terminal repeats	NA	1	11	0.8960	NA	1	1.4764	Viruses;Duplodnaviria;Heunggongvirae;Uroviricota;Caudoviricetes;;
k127_49212	402	No terminal repeats	NA	1	11	0.8956	NA	1	1.1262	Viruses;Duplodnaviria;Heunggongvirae;Uroviricota;Caudoviricetes;;
k127_265937	775	No terminal repeats	NA	2	11	0.8956	NA	1	3.4052	Viruses;Duplodnaviria;Heunggongvirae;Uroviricota;Caudoviricetes;;
k127_670456	372	No terminal repeats	NA	1	11	0.8952	NA	1	1.4764	Viruses;Duplodnaviria;Heunggongvirae;Uroviricota;Caudoviricetes;;
k127_73028	455	No terminal repeats	NA	1	11	0.8944	NA	1	1.4698	Viruses;Duplodnaviria;Heunggongvirae;Uroviricota;Caudoviricetes;;
k127_280297	964	No terminal repeats	NA	1	11	0.8938	NA	1	1.7183	Viruses;Duplodnaviria;Heunggongvirae;Uroviricota;Caudoviricetes;;
k127_230286	339	No terminal repeats	NA	1	11	0.8935	NA	1	1.4764	Viruses;Duplodnaviria;Heunggongvirae;Uroviricota;Caudoviricetes;;
k127_468396	841	No terminal repeats	NA	2	11	0.8929	NA	1	1.7183	Viruses;Duplodnaviria;Heunggongvirae;Uroviricota;Caudoviricetes;;Herelleviridae
k127_631708	849	No terminal repeats	NA	1	11	0.8929	NA	1	1.7183	Viruses;Duplodnaviria;Heunggongvirae;Uroviricota;Caudoviricetes;;
k127_502130	879	No terminal repeats	NA	1	11	0.8929	NA	1	1.7183	Viruses;Duplodnaviria;Heunggongvirae;Uroviricota;Caudoviricetes;;
k127_527847	1185	No terminal repeats	NA	2	11	0.8916	NA	2	2.9629	Viruses;Duplodnaviria;Heunggongvirae;Uroviricota;Caudoviricetes;;
k127_286047	459	No terminal repeats	NA	1	11	0.8914	NA	1	1.7183	Viruses;Duplodnaviria;Heunggongvirae;Uroviricota;Caudoviricetes;;
k127_278710	384	No terminal repeats	NA	1	11	0.8912	NA	1	1.2306	Viruses;Duplodnaviria;Heunggongvirae;Uroviricota;Caudoviricetes;;
k127_243477	1163	No terminal repeats	NA	1	11	0.8901	NA	1	1.7183	Viruses;Duplodnaviria;Heunggongvirae;Uroviricota;Caudoviricetes;;
k127_319539	324	No terminal repeats	NA	1	11	0.8901	NA	1	1.4764	Viruses;Duplodnaviria;Heunggongvirae;Uroviricota;Caudoviricetes;;
k127_100274	688	No terminal repeats	NA	2	11	0.8895	NA	1	2.6159	Viruses;Duplodnaviria;Heunggongvirae;Uroviricota;Caudoviricetes;;
k127_646882	396	No terminal repeats	NA	1	11	0.8890	NA	1	1.1262	Viruses;Duplodnaviria;Heunggongvirae;Uroviricota;Caudoviricetes;;
k127_497171	494	No terminal repeats	NA	1	11	0.8889	NA	1	1.7183	Viruses;Duplodnaviria;Heunggongvirae;Uroviricota;Caudoviricetes;;
k127_368538	432	No terminal repeats	NA	1	11	0.8885	NA	1	1.4595	Viruses;Duplodnaviria;Heunggongvirae;Uroviricota;Caudoviricetes;;
k127_163777	555	No terminal repeats	NA	1	11	0.8874	NA	1	1.5972	Viruses;Duplodnaviria;Heunggongvirae;Uroviricota;Caudoviricetes;;
k127_79192	792	No terminal repeats	NA	1	11	0.8874	NA	1	1.7183	Viruses;Duplodnaviria;Heunggongvirae;Uroviricota;Caudoviricetes;;
k127_279673	577	No terminal repeats	NA	1	11	0.8870	NA	1	1.7183	Viruses;Duplodnaviria;Heunggongvirae;Uroviricota;Caudoviricetes;;Drexlerviridae
k127_601500	711	No terminal repeats	NA	2	11	0.8869	NA	1	1.7183	Viruses;Duplodnaviria;Heunggongvirae;Uroviricota;Caudoviricetes;;Drexlerviridae
k127_244532	596	No terminal repeats	NA	1	4	0.8869	NA	1	1.2952	Viruses;Duplodnaviria;Heunggongvirae;Uroviricota;Caudoviricetes;;
k127_589046	440	No terminal repeats	NA	1	11	0.8869	NA	1	1.4749	Viruses;Duplodnaviria;Heunggongvirae;Uroviricota;Caudoviricetes;;
k127_404814	327	No terminal repeats	NA	1	11	0.8864	NA	1	1.7183	Viruses;Duplodnaviria;Heunggongvirae;Uroviricota;Caudoviricetes;;
k127_543076	425	No terminal repeats	NA	1	11	0.8862	NA	1	1.4749	Viruses;Duplodnaviria;Heunggongvirae;Uroviricota;Caudoviricetes;;
k127_171285	326	No terminal repeats	NA	1	11	0.8859	NA	1	1.3639	Viruses;Duplodnaviria;Heunggongvirae;Uroviricota;Caudoviricetes;;
k127_532432	454	No terminal repeats	NA	1	11	0.8859	NA	1	1.4749	Viruses;Duplodnaviria;Heunggongvirae;Uroviricota;Caudoviricetes;;
k127_595738	402	No terminal repeats	NA	1	11	0.8848	NA	1	1.3639	Viruses;Duplodnaviria;Heunggongvirae;Uroviricota;Caudoviricetes;;
k127_688638	662	No terminal repeats	NA	1	11	0.8845	NA	1	1.7183	Viruses;Duplodnaviria;Heunggongvirae;Uroviricota;Caudoviricetes;;
k127_182128	672	No terminal repeats	NA	1	11	0.8841	NA	1	1.7183	Viruses;Duplodnaviria;Heunggongvirae;Uroviricota;Caudoviricetes;;
k127_545015	763	No terminal repeats	NA	2	11	0.8835	NA	1	2.9740	Viruses;Duplodnaviria;Heunggongvirae;Uroviricota;Caudoviricetes;;
k127_224868	421	No terminal repeats	NA	1	11	0.8834	NA	1	1.7183	Viruses;Duplodnaviria;Heunggongvirae;Uroviricota;Caudoviricetes;;
k127_370571	321	No terminal repeats	NA	1	11	0.8832	NA	1	1.7183	Viruses;Duplodnaviria;Heunggongvirae;Uroviricota;Caudoviricetes;;
k127_17964	525	No terminal repeats	NA	1	11	0.8822	NA	1	1.4880	Viruses;Duplodnaviria;Heunggongvirae;Uroviricota;Caudoviricetes;;
k127_348565	381	No terminal repeats	NA	1	11	0.8818	NA	1	1.4749	Viruses;Duplodnaviria;Heunggongvirae;Uroviricota;Caudoviricetes;;
k127_550746	817	No terminal repeats	NA	2	11	0.8817	NA	1	1.9400	Viruses;Duplodnaviria;Heunggongvirae;Uroviricota;Caudoviricetes;;
k127_427248	463	No terminal repeats	NA	1	11	0.8816	NA	1	1.2306	Viruses;Duplodnaviria;Heunggongvirae;Uroviricota;Caudoviricetes;;
k127_324099	304	No terminal repeats	NA	1	11	0.8816	NA	1	1.4698	Viruses;Duplodnaviria;Heunggongvirae;Uroviricota;Caudoviricetes;;
k127_333411	316	No terminal repeats	NA	1	11	0.8815	NA	1	1.7183	Viruses;Duplodnaviria;Heunggongvirae;Uroviricota;Caudoviricetes;;
k127_338135	351	No terminal repeats	NA	1	11	0.8814	NA	1	1.3050	Viruses;Duplodnaviria;Heunggongvirae;Uroviricota;Caudoviricetes;;
k127_600401	395	No terminal repeats	NA	1	11	0.8814	NA	1	0.9531	Viruses;Duplodnaviria;Heunggongvirae;Uroviricota;Caudoviricetes;;
k127_322454	473	No terminal repeats	NA	1	11	0.8814	NA	1	1.4880	Viruses;Duplodnaviria;Heunggongvirae;Uroviricota;Caudoviricetes;;
k127_686657	334	No terminal repeats	NA	1	11	0.8808	NA	1	1.4880	Viruses;Duplodnaviria;Heunggongvirae;Uroviricota;Caudoviricetes;;
k127_412619	679	No terminal repeats	NA	1	11	0.8807	NA	1	1.7183	Viruses;Duplodnaviria;Heunggongvirae;Uroviricota;Caudoviricetes;;Drexlerviridae
k127_467853	1243	No terminal repeats	NA	1	11	0.8803	NA	1	1.7183	Viruses;Riboviria;Orthornavirae;Pisuviricota;Duplopiviricetes;Durnavirales;Partitiviridae
k127_27714	922	No terminal repeats	NA	1	11	0.8799	NA	1	1.7183	Viruses;Riboviria;Orthornavirae;Pisuviricota;Stelpaviricetes;Patatavirales;Potyviridae
k127_437804	357	No terminal repeats	NA	1	11	0.8787	NA	1	1.3050	Viruses;Duplodnaviria;Heunggongvirae;Uroviricota;Caudoviricetes;;
k127_231970	688	No terminal repeats	NA	1	11	0.8780	NA	1	1.7183	Viruses;Duplodnaviria;Heunggongvirae;Uroviricota;Caudoviricetes;;
k127_36668	475	No terminal repeats	NA	1	11	0.8777	NA	1	1.7183	Viruses;Duplodnaviria;Heunggongvirae;Uroviricota;Caudoviricetes;;
k127_733	923	No terminal repeats	NA	1	11	0.8773	NA	1	1.7183	Viruses;Duplodnaviria;Heunggongvirae;Uroviricota;Caudoviricetes;;
k127_39302	354	No terminal repeats	NA	1	11	0.8767	NA	1	1.4880	Viruses;Duplodnaviria;Heunggongvirae;Uroviricota;Caudoviricetes;;
k127_93971	366	No terminal repeats	NA	1	11	0.8758	NA	1	1.7183	Viruses;Duplodnaviria;Heunggongvirae;Uroviricota;Caudoviricetes;;
k127_670379	346	No terminal repeats	NA	1	11	0.8754	NA	1	1.4883	Viruses;Duplodnaviria;Heunggongvirae;Uroviricota;Caudoviricetes;Crassvirales;
k127_641907	458	No terminal repeats	NA	2	11	0.8753	NA	1	1.3301	Viruses;Duplodnaviria;Heunggongvirae;Uroviricota;Caudoviricetes;;
k127_304495	490	No terminal repeats	NA	1	11	0.8745	NA	1	1.7183	Viruses;Duplodnaviria;Heunggongvirae;Uroviricota;Caudoviricetes;;
k127_349707	493	No terminal repeats	NA	1	11	0.8745	NA	1	1.3608	Viruses;Duplodnaviria;Heunggongvirae;Uroviricota;Caudoviricetes;;Straboviridae
k127_441329	308	No terminal repeats	NA	1	11	0.8744	NA	1	1.7183	Viruses;Duplodnaviria;Heunggongvirae;Uroviricota;Caudoviricetes;;
k127_681166	495	No terminal repeats	NA	1	11	0.8744	NA	1	1.7183	Viruses;Duplodnaviria;Heunggongvirae;Uroviricota;Caudoviricetes;;
k127_522505	390	No terminal repeats	NA	1	11	0.8737	NA	1	1.7183	Viruses;Duplodnaviria;Heunggongvirae;Uroviricota;Caudoviricetes;;
k127_614884	383	No terminal repeats	NA	1	11	0.8733	NA	1	1.2720	Viruses;Duplodnaviria;Heunggongvirae;Uroviricota;Caudoviricetes;;
k127_151086	539	No terminal repeats	NA	1	11	0.8729	NA	1	1.7183	Viruses;Duplodnaviria;Heunggongvirae;Uroviricota;Caudoviricetes;;
k127_691091	616	No terminal repeats	NA	1	11	0.8729	NA	1	1.2306	Viruses;Duplodnaviria;Heunggongvirae;Uroviricota;Caudoviricetes;;
k127_664152	424	No terminal repeats	NA	1	11	0.8728	NA	1	1.7183	Viruses;Duplodnaviria;Heunggongvirae;Uroviricota;Caudoviricetes;;
k127_30756	702	No terminal repeats	NA	1	11	0.8727	NA	1	1.7183	Viruses;Duplodnaviria;Heunggongvirae;Uroviricota;Caudoviricetes;;
k127_510457	577	No terminal repeats	NA	1	11	0.8719	NA	1	1.2306	Viruses;Duplodnaviria;Heunggongvirae;Uroviricota;Caudoviricetes;;
k127_187438	531	No terminal repeats	NA	1	11	0.8719	NA	1	1.2306	Viruses;Duplodnaviria;Heunggongvirae;Uroviricota;Caudoviricetes;;
k127_670018	445	No terminal repeats	NA	1	11	0.8716	NA	1	1.4595	Viruses;Duplodnaviria;Heunggongvirae;Uroviricota;Caudoviricetes;;
k127_568516	279	No terminal repeats	NA	1	11	0.8712	NA	1	1.4880	Viruses;Duplodnaviria;Heunggongvirae;Uroviricota;Caudoviricetes;;
k127_239472	744	No terminal repeats	NA	1	11	0.8705	NA	1	1.4749	Viruses;Duplodnaviria;Heunggongvirae;Uroviricota;Caudoviricetes;;
k127_199554	479	No terminal repeats	NA	1	11	0.8699	NA	1	1.7183	Viruses;Duplodnaviria;Heunggongvirae;Uroviricota;Caudoviricetes;;
k127_699496	691	No terminal repeats	NA	2	11	0.8696	NA	1	1.7183	Viruses;Duplodnaviria;Heunggongvirae;Uroviricota;Caudoviricetes;;Herelleviridae
k127_688251	403	No terminal repeats	NA	1	11	0.8695	NA	1	1.4764	Viruses;Duplodnaviria;Heunggongvirae;Uroviricota;Caudoviricetes;;
k127_475009	463	No terminal repeats	NA	2	11	0.8684	NA	1	3.2932	Viruses;Duplodnaviria;Heunggongvirae;Uroviricota;Caudoviricetes;;
k127_676314	1158	No terminal repeats	NA	1	11	0.8675	NA	1	1.7183	Viruses;Duplodnaviria;Heunggongvirae;Uroviricota;Caudoviricetes;;Drexlerviridae
k127_283159	412	No terminal repeats	NA	1	11	0.8672	NA	1	1.4749	Viruses;Duplodnaviria;Heunggongvirae;Uroviricota;Caudoviricetes;;
k127_225639	379	No terminal repeats	NA	1	11	0.8670	NA	1	1.4413	Viruses;Duplodnaviria;Heunggongvirae;Uroviricota;Caudoviricetes;;
k127_571987	353	No terminal repeats	NA	1	11	0.8666	NA	1	1.3359	Viruses;Duplodnaviria;Heunggongvirae;Uroviricota;Caudoviricetes;;
k127_48576	1209	No terminal repeats	NA	2	11	0.8661	NA	1	3.4366	Viruses;Duplodnaviria;Heunggongvirae;Uroviricota;Caudoviricetes;;Drexlerviridae
k127_46547	361	No terminal repeats	NA	1	11	0.8653	NA	1	1.4749	Viruses;Duplodnaviria;Heunggongvirae;Uroviricota;Caudoviricetes;;
k127_532488	353	No terminal repeats	NA	1	11	0.8652	NA	1	1.4880	Viruses;Duplodnaviria;Heunggongvirae;Uroviricota;Caudoviricetes;;
k127_442538	556	No terminal repeats	NA	1	11	0.8651	NA	1	1.3682	Viruses;Duplodnaviria;Heunggongvirae;Uroviricota;Caudoviricetes;;
k127_36941	397	No terminal repeats	NA	1	11	0.8651	NA	1	1.2306	Viruses;Duplodnaviria;Heunggongvirae;Uroviricota;Caudoviricetes;;
k127_265427	707	No terminal repeats	NA	1	11	0.8631	NA	1	1.7183	Viruses;Duplodnaviria;Heunggongvirae;Uroviricota;Caudoviricetes;;Drexlerviridae
k127_19210	592	No terminal repeats	NA	1	11	0.8622	NA	1	1.2306	Viruses;Duplodnaviria;Heunggongvirae;Uroviricota;Caudoviricetes;;
k127_376269	521	No terminal repeats	NA	1	11	0.8621	NA	1	1.2306	Viruses;Duplodnaviria;Heunggongvirae;Uroviricota;Caudoviricetes;;
k127_584974	338	No terminal repeats	NA	1	11	0.8621	NA	1	1.3663	Viruses;Duplodnaviria;Heunggongvirae;Uroviricota;Caudoviricetes;;
k127_691494	660	No terminal repeats	NA	2	11	0.8618	NA	1	1.7173	Viruses;Duplodnaviria;Heunggongvirae;Uroviricota;Caudoviricetes;;
k127_281071	1249	No terminal repeats	NA	1	11	0.8615	NA	1	1.2306	Viruses;Duplodnaviria;Heunggongvirae;Uroviricota;Caudoviricetes;;
k127_224094	213	No terminal repeats	NA	1	11	0.8613	NA	1	1.4880	Viruses;Duplodnaviria;Heunggongvirae;Uroviricota;Caudoviricetes;;
k127_198727	332	No terminal repeats	NA	1	11	0.8613	NA	1	1.3168	Viruses;Duplodnaviria;Heunggongvirae;Uroviricota;Caudoviricetes;;
k127_16517	844	No terminal repeats	NA	1	11	0.8611	NA	1	1.7183	Viruses;Duplodnaviria;Heunggongvirae;Uroviricota;Caudoviricetes;;
k127_260469	438	No terminal repeats	NA	1	11	0.8595	NA	1	1.2306	Viruses;Duplodnaviria;Heunggongvirae;Uroviricota;Caudoviricetes;;
k127_450220	1168	No terminal repeats	NA	3	11	0.8593	NA	1	4.4437	Viruses;Duplodnaviria;Heunggongvirae;Uroviricota;Caudoviricetes;;
k127_319140	1557	No terminal repeats	NA	1	11	0.8590	NA	1	1.6724	Viruses;Duplodnaviria;Heunggongvirae;Uroviricota;Caudoviricetes;;
k127_621621	571	No terminal repeats	NA	2	11	0.8585	NA	1	1.7161	Viruses;Duplodnaviria;Heunggongvirae;Uroviricota;Caudoviricetes;;
k127_695788	1654	No terminal repeats	NA	1	11	0.8584	NA	1	1.7183	Viruses;Duplodnaviria;Heunggongvirae;Uroviricota;Caudoviricetes;;
k127_5048	623	No terminal repeats	NA	1	11	0.8582	NA	1	1.7183	Viruses;Duplodnaviria;Heunggongvirae;Uroviricota;Caudoviricetes;;
k127_634856	445	No terminal repeats	NA	1	11	0.8582	NA	1	1.7183	Viruses;Duplodnaviria;Heunggongvirae;Uroviricota;Caudoviricetes;;Drexlerviridae
k127_86951	858	No terminal repeats	NA	1	11	0.8579	NA	1	1.2306	Viruses;Duplodnaviria;Heunggongvirae;Uroviricota;Caudoviricetes;;
k127_656148	486	No terminal repeats	NA	1	11	0.8577	NA	1	1.7183	Viruses;Duplodnaviria;Heunggongvirae;Uroviricota;Caudoviricetes;;Drexlerviridae
k127_187045	253	No terminal repeats	NA	1	11	0.8576	NA	1	1.0089	Viruses;Duplodnaviria;Heunggongvirae;Uroviricota;Caudoviricetes;;
k127_402336	1272	No terminal repeats	NA	3	11	0.8575	NA	1	3.4155	Viruses;Duplodnaviria;Heunggongvirae;Uroviricota;Caudoviricetes;;
k127_567047	1451	No terminal repeats	NA	1	11	0.8568	NA	1	1.4595	Viruses;Duplodnaviria;Heunggongvirae;Uroviricota;Caudoviricetes;;
k127_502936	818	No terminal repeats	NA	1	11	0.8567	NA	1	1.2306	Viruses;Duplodnaviria;Heunggongvirae;Uroviricota;Caudoviricetes;;
k127_562745	459	No terminal repeats	NA	1	11	0.8565	NA	1	1.2306	Viruses;Duplodnaviria;Heunggongvirae;Uroviricota;Caudoviricetes;;
k127_372319	612	No terminal repeats	NA	1	11	0.8553	NA	1	1.2306	Viruses;Duplodnaviria;Heunggongvirae;Uroviricota;Caudoviricetes;;
k127_657632	928	No terminal repeats	NA	1	11	0.8550	NA	1	1.7183	Viruses;Duplodnaviria;Heunggongvirae;Uroviricota;Caudoviricetes;;
k127_457273	765	No terminal repeats	NA	1	11	0.8549	NA	1	1.7183	Viruses;Duplodnaviria;Heunggongvirae;Uroviricota;Caudoviricetes;;Drexlerviridae
k127_130282	332	No terminal repeats	NA	1	11	0.8546	NA	1	1.5379	Viruses;Duplodnaviria;Heunggongvirae;Uroviricota;Caudoviricetes;;
k127_258005	501	No terminal repeats	NA	1	11	0.8546	NA	1	1.7183	Viruses;Duplodnaviria;Heunggongvirae;Uroviricota;Caudoviricetes;;Drexlerviridae
k127_429975	351	No terminal repeats	NA	1	11	0.8546	NA	1	1.7183	Viruses;Duplodnaviria;Heunggongvirae;Uroviricota;Caudoviricetes;;Herelleviridae
k127_690330	1319	No terminal repeats	NA	1	11	0.8544	NA	1	1.7183	Viruses;Duplodnaviria;Heunggongvirae;Uroviricota;Caudoviricetes;;
k127_146985	448	No terminal repeats	NA	1	11	0.8543	NA	1	1.7183	Viruses;Duplodnaviria;Heunggongvirae;Uroviricota;Caudoviricetes;;
k127_527850	263	No terminal repeats	NA	1	11	0.8541	NA	1	1.4880	Viruses;Duplodnaviria;Heunggongvirae;Uroviricota;Caudoviricetes;;
k127_395090	1139	No terminal repeats	NA	2	11	0.8536	NA	1	1.7183	Viruses;Duplodnaviria;Heunggongvirae;Uroviricota;Caudoviricetes;;
k127_382193	661	No terminal repeats	NA	1	11	0.8535	NA	1	1.7183	Viruses;Duplodnaviria;Heunggongvirae;Uroviricota;Caudoviricetes;;
k127_21735	1035	No terminal repeats	NA	1	11	0.8522	NA	1	1.7183	Viruses;Duplodnaviria;Heunggongvirae;Uroviricota;Caudoviricetes;;
k127_267016	351	No terminal repeats	NA	1	11	0.8520	NA	1	1.4749	Viruses;Duplodnaviria;Heunggongvirae;Uroviricota;Caudoviricetes;;
k127_564375	731	No terminal repeats	NA	1	11	0.8519	NA	1	1.7183	Viruses;Duplodnaviria;Heunggongvirae;Uroviricota;Caudoviricetes;;Drexlerviridae
k127_62229	594	No terminal repeats	NA	1	11	0.8517	NA	1	1.2587	Viruses;Duplodnaviria;Heunggongvirae;Uroviricota;Caudoviricetes;;
k127_660765	1452	No terminal repeats	NA	1	11	0.8511	NA	1	1.7183	Viruses;Duplodnaviria;Heunggongvirae;Uroviricota;Caudoviricetes;;
k127_76518	628	No terminal repeats	NA	1	11	0.8510	NA	1	1.7183	Viruses;Duplodnaviria;Heunggongvirae;Uroviricota;Caudoviricetes;;
k127_520007	314	No terminal repeats	NA	1	11	0.8501	NA	1	1.7183	Viruses;Duplodnaviria;Heunggongvirae;Uroviricota;Caudoviricetes;;
k127_574191	1195	No terminal repeats	NA	2	11	0.8500	NA	1	2.9204	Viruses;Duplodnaviria;Heunggongvirae;Uroviricota;Caudoviricetes;;Drexlerviridae
k127_491621	360	No terminal repeats	NA	1	11	0.8496	NA	1	1.6677	Viruses;Duplodnaviria;Heunggongvirae;Uroviricota;Caudoviricetes;;
k127_3506	480	No terminal repeats	NA	1	11	0.8493	NA	1	1.7183	Viruses;Duplodnaviria;Heunggongvirae;Uroviricota;Caudoviricetes;;
k127_420648	501	No terminal repeats	NA	1	11	0.8490	NA	1	1.7183	Viruses;Duplodnaviria;Heunggongvirae;Uroviricota;Caudoviricetes;;
k127_610630	433	No terminal repeats	NA	3	11	0.8485	NA	1	1.7183	Viruses;Duplodnaviria;Heunggongvirae;Uroviricota;Caudoviricetes;;
k127_388642	659	No terminal repeats	NA	1	11	0.8478	NA	1	1.7183	Viruses;Duplodnaviria;Heunggongvirae;Uroviricota;Caudoviricetes;;
k127_306844	320	No terminal repeats	NA	1	11	0.8473	NA	1	1.0089	Viruses;Duplodnaviria;Heunggongvirae;Uroviricota;Caudoviricetes;;
k127_692003	758	No terminal repeats	NA	1	11	0.8469	NA	1	1.2306	Viruses;Duplodnaviria;Heunggongvirae;Uroviricota;Caudoviricetes;;
k127_596400	885	No terminal repeats	NA	1	11	0.8446	NA	1	1.2306	Viruses;Duplodnaviria;Heunggongvirae;Uroviricota;Caudoviricetes;;
k127_150944	319	No terminal repeats	NA	1	11	0.8437	NA	1	1.7161	Viruses;Duplodnaviria;Heunggongvirae;Uroviricota;Caudoviricetes;;
k127_621798	966	No terminal repeats	NA	1	11	0.8436	NA	1	1.7183	Viruses;Duplodnaviria;Heunggongvirae;Uroviricota;Caudoviricetes;;
k127_215942	656	No terminal repeats	NA	1	11	0.8436	NA	1	1.7183	Viruses;Duplodnaviria;Heunggongvirae;Uroviricota;Caudoviricetes;;Drexlerviridae
k127_82010	411	No terminal repeats	NA	2	11	0.8435	NA	1	1.1262	Viruses;Duplodnaviria;Heunggongvirae;Uroviricota;Caudoviricetes;;
k127_153674	1144	No terminal repeats	NA	1	11	0.8434	NA	1	1.4595	Viruses;Duplodnaviria;Heunggongvirae;Uroviricota;Caudoviricetes;;
k127_96783	463	No terminal repeats	NA	1	11	0.8432	NA	1	1.1773	Viruses;Duplodnaviria;Heunggongvirae;Uroviricota;Caudoviricetes;;
k127_525755	778	No terminal repeats	NA	1	11	0.8413	NA	1	1.7183	Viruses;Duplodnaviria;Heunggongvirae;Uroviricota;Caudoviricetes;;
k127_231161	708	No terminal repeats	NA	3	11	0.8411	NA	1	1.1262	Viruses;Duplodnaviria;Heunggongvirae;Uroviricota;Caudoviricetes;;
k127_668201	472	No terminal repeats	NA	1	11	0.8399	NA	1	1.1262	Viruses;Duplodnaviria;Heunggongvirae;Uroviricota;Caudoviricetes;;
k127_283745	310	No terminal repeats	NA	1	11	0.8398	NA	1	1.6210	Viruses;Duplodnaviria;Heunggongvirae;Uroviricota;Caudoviricetes;;
k127_244579	738	No terminal repeats	NA	3	11	0.8393	NA	1	3.3957	Viruses;Duplodnaviria;Heunggongvirae;Uroviricota;Caudoviricetes;;
k127_93126	649	No terminal repeats	NA	1	11	0.8390	NA	1	1.2306	Viruses;Duplodnaviria;Heunggongvirae;Uroviricota;Caudoviricetes;;
k127_187044	317	No terminal repeats	NA	1	11	0.8380	NA	1	1.0089	Viruses;Duplodnaviria;Heunggongvirae;Uroviricota;Caudoviricetes;;
k127_114431	502	No terminal repeats	NA	1	11	0.8376	NA	1	1.2306	Viruses;Duplodnaviria;Heunggongvirae;Uroviricota;Caudoviricetes;;
k127_33257	353	No terminal repeats	NA	1	11	0.8373	NA	1	1.6746	Viruses;Duplodnaviria;Heunggongvirae;Uroviricota;Caudoviricetes;;
k127_657315	764	No terminal repeats	NA	1	11	0.8370	NA	1	1.7183	Viruses;Duplodnaviria;Heunggongvirae;Uroviricota;Caudoviricetes;;
k127_646358	308	No terminal repeats	NA	1	11	0.8369	NA	1	1.4880	Viruses;Duplodnaviria;Heunggongvirae;Uroviricota;Caudoviricetes;;
k127_424255	393	No terminal repeats	NA	1	11	0.8362	NA	1	1.0089	Viruses;Duplodnaviria;Heunggongvirae;Uroviricota;Caudoviricetes;;
k127_319007	388	No terminal repeats	NA	1	11	0.8358	NA	1	1.2449	Viruses;Duplodnaviria;Heunggongvirae;Uroviricota;Caudoviricetes;;
k127_510636	1296	No terminal repeats	NA	3	11	0.8356	NA	1	4.2128	Viruses;Duplodnaviria;Heunggongvirae;Uroviricota;Caudoviricetes;;
k127_81942	690	No terminal repeats	NA	1	11	0.8355	NA	1	1.2306	Viruses;Duplodnaviria;Heunggongvirae;Uroviricota;Caudoviricetes;;
k127_589713	651	No terminal repeats	NA	1	11	0.8349	NA	1	1.2306	Viruses;Duplodnaviria;Heunggongvirae;Uroviricota;Caudoviricetes;;
k127_379770	832	No terminal repeats	NA	1	11	0.8346	NA	1	1.7183	Viruses;Duplodnaviria;Heunggongvirae;Uroviricota;Caudoviricetes;;Drexlerviridae
k127_534998	439	No terminal repeats	NA	1	11	0.8338	NA	1	1.2306	Viruses;Duplodnaviria;Heunggongvirae;Uroviricota;Caudoviricetes;;
k127_499110	448	No terminal repeats	NA	1	11	0.8325	NA	1	1.4764	Viruses;Duplodnaviria;Heunggongvirae;Uroviricota;Caudoviricetes;;
k127_109519	332	No terminal repeats	NA	1	11	0.8321	NA	1	0.9531	Viruses;Duplodnaviria;Heunggongvirae;Uroviricota;Caudoviricetes;;
k127_21404	1734	No terminal repeats	NA	3	11	0.8320	NA	1	2.7272	Viruses;Duplodnaviria;Heunggongvirae;Uroviricota;Caudoviricetes;;
k127_397372	452	No terminal repeats	NA	1	11	0.8317	NA	1	1.7183	Viruses;Duplodnaviria;Heunggongvirae;Uroviricota;Caudoviricetes;;
k127_532426	588	No terminal repeats	NA	1	11	0.8313	NA	1	1.4749	Viruses;Duplodnaviria;Heunggongvirae;Uroviricota;Caudoviricetes;;
k127_423299	712	No terminal repeats	NA	2	11	0.8313	NA	1	1.7183	Viruses;Duplodnaviria;Heunggongvirae;Uroviricota;Caudoviricetes;;Herelleviridae
k127_493759	341	No terminal repeats	NA	1	11	0.8310	NA	1	1.7183	Viruses;Duplodnaviria;Heunggongvirae;Uroviricota;Caudoviricetes;;Drexlerviridae
k127_57058	1366	No terminal repeats	NA	2	11	0.8303	NA	1	1.4764	Viruses;Duplodnaviria;Heunggongvirae;Uroviricota;Caudoviricetes;;
k127_431882	381	No terminal repeats	NA	1	11	0.8295	NA	1	1.2306	Viruses;Duplodnaviria;Heunggongvirae;Uroviricota;Caudoviricetes;;
k127_587804	345	No terminal repeats	NA	1	11	0.8289	NA	1	1.4764	Viruses;Duplodnaviria;Heunggongvirae;Uroviricota;Caudoviricetes;;
k127_170658	351	No terminal repeats	NA	1	11	0.8281	NA	1	1.2632	Viruses;Duplodnaviria;Heunggongvirae;Uroviricota;Caudoviricetes;;
k127_98320	512	No terminal repeats	NA	1	11	0.8274	NA	1	1.3617	Viruses;Duplodnaviria;Heunggongvirae;Uroviricota;Caudoviricetes;;
k127_521779	762	No terminal repeats	NA	2	11	0.8273	NA	1	3.3976	Viruses;Duplodnaviria;Heunggongvirae;Uroviricota;Caudoviricetes;;
k127_83554	1063	No terminal repeats	NA	1	11	0.8273	NA	1	1.7183	Viruses;Riboviria;Orthornavirae;Pisuviricota;Duplopiviricetes;Durnavirales;Partitiviridae
k127_141167	855	No terminal repeats	NA	1	11	0.8271	NA	1	1.7183	Viruses;Duplodnaviria;Heunggongvirae;Uroviricota;Caudoviricetes;;
k127_321208	540	No terminal repeats	NA	1	11	0.8271	NA	1	1.2306	Viruses;Duplodnaviria;Heunggongvirae;Uroviricota;Caudoviricetes;;
k127_369910	345	No terminal repeats	NA	1	11	0.8265	NA	1	1.1499	Viruses;Duplodnaviria;Heunggongvirae;Uroviricota;Caudoviricetes;;
k127_48767	889	No terminal repeats	NA	1	11	0.8265	NA	1	1.2306	Viruses;Duplodnaviria;Heunggongvirae;Uroviricota;Caudoviricetes;;
k127_602574	1019	No terminal repeats	NA	2	11	0.8265	NA	1	3.3447	Viruses;Duplodnaviria;Heunggongvirae;Uroviricota;Caudoviricetes;;
k127_165764	641	No terminal repeats	NA	1	11	0.8263	NA	1	1.2306	Viruses;Duplodnaviria;Heunggongvirae;Uroviricota;Caudoviricetes;;
k127_52587	604	No terminal repeats	NA	1	11	0.8257	NA	1	1.7183	Viruses;Duplodnaviria;Heunggongvirae;Uroviricota;Caudoviricetes;;
k127_417932	983	No terminal repeats	NA	2	11	0.8255	NA	1	2.5250	Viruses;Duplodnaviria;Heunggongvirae;Uroviricota;Caudoviricetes;;
k127_672299	605	No terminal repeats	NA	1	11	0.8255	NA	1	1.7183	Viruses;Duplodnaviria;Heunggongvirae;Uroviricota;Caudoviricetes;;
k127_510662	711	No terminal repeats	NA	1	11	0.8247	NA	1	1.7183	Viruses;Duplodnaviria;Heunggongvirae;Uroviricota;Caudoviricetes;;
k127_624380	1088	No terminal repeats	NA	1	11	0.8238	NA	1	1.2306	Viruses;Duplodnaviria;Heunggongvirae;Uroviricota;Caudoviricetes;;
k127_516721	672	No terminal repeats	NA	1	11	0.8232	NA	1	1.1262	Viruses;Duplodnaviria;Heunggongvirae;Uroviricota;Caudoviricetes;;
k127_590263	466	No terminal repeats	NA	1	11	0.8232	NA	1	1.0334	Viruses;Duplodnaviria;Heunggongvirae;Uroviricota;Caudoviricetes;;
k127_291129	857	No terminal repeats	NA	1	11	0.8226	NA	1	1.7183	Viruses;Duplodnaviria;Heunggongvirae;Uroviricota;Caudoviricetes;;
k127_398406	552	No terminal repeats	NA	1	11	0.8219	NA	1	1.7183	Viruses;Duplodnaviria;Heunggongvirae;Uroviricota;Caudoviricetes;;Drexlerviridae
k127_45449	840	No terminal repeats	NA	1	11	0.8214	NA	1	1.7183	Viruses;Duplodnaviria;Heunggongvirae;Uroviricota;Caudoviricetes;;
k127_289173	352	No terminal repeats	NA	1	11	0.8205	NA	1	1.3610	Viruses;Duplodnaviria;Heunggongvirae;Uroviricota;Caudoviricetes;;
k127_235003	686	No terminal repeats	NA	1	11	0.8203	NA	1	1.7183	Viruses;Duplodnaviria;Heunggongvirae;Uroviricota;Caudoviricetes;;
k127_82197	800	No terminal repeats	NA	1	11	0.8194	NA	1	1.7183	Viruses;Duplodnaviria;Heunggongvirae;Uroviricota;Caudoviricetes;;
k127_512361	635	No terminal repeats	NA	1	11	0.8193	NA	1	1.2094	Viruses;Duplodnaviria;Heunggongvirae;Uroviricota;Caudoviricetes;;
k127_676851	463	No terminal repeats	NA	1	11	0.8191	NA	1	1.6265	Viruses;Duplodnaviria;Heunggongvirae;Uroviricota;Caudoviricetes;;
k127_528461	328	No terminal repeats	NA	1	11	0.8191	NA	1	1.3608	Viruses;Duplodnaviria;Heunggongvirae;Uroviricota;Caudoviricetes;;Straboviridae
k127_92081	1560	No terminal repeats	NA	2	11	0.8183	NA	1	1.7183	Viruses;Duplodnaviria;Heunggongvirae;Uroviricota;Caudoviricetes;;
k127_126341	450	No terminal repeats	NA	1	11	0.8183	NA	1	1.2306	Viruses;Duplodnaviria;Heunggongvirae;Uroviricota;Caudoviricetes;;
k127_315822	360	No terminal repeats	NA	1	11	0.8181	NA	1	1.3085	Viruses;Duplodnaviria;Heunggongvirae;Uroviricota;Caudoviricetes;;
k127_580956	921	No terminal repeats	NA	2	11	0.8167	NA	1	1.7183	Viruses;Duplodnaviria;Heunggongvirae;Uroviricota;Caudoviricetes;;
k127_698636	548	No terminal repeats	NA	1	11	0.8160	NA	1	1.2306	Viruses;Duplodnaviria;Heunggongvirae;Uroviricota;Caudoviricetes;;
k127_594484	659	No terminal repeats	NA	1	11	0.8156	NA	1	1.7183	Viruses;Duplodnaviria;Heunggongvirae;Uroviricota;Caudoviricetes;;
k127_451180	342	No terminal repeats	NA	1	11	0.8152	NA	1	1.4173	Viruses;Duplodnaviria;Heunggongvirae;Uroviricota;Caudoviricetes;;
k127_182052	340	No terminal repeats	NA	1	11	0.8150	NA	1	0.9531	Viruses;Duplodnaviria;Heunggongvirae;Uroviricota;Caudoviricetes;;
k127_120763	2640	No terminal repeats	NA	3	11	0.8139	NA	1	4.4845	Viruses;Duplodnaviria;Heunggongvirae;Uroviricota;Caudoviricetes;;Drexlerviridae
k127_242102	1725	No terminal repeats	NA	4	11	0.8135	NA	1	4.2128	Viruses;Duplodnaviria;Heunggongvirae;Uroviricota;Caudoviricetes;;
k127_567506	1116	No terminal repeats	NA	1	11	0.8132	NA	1	1.1262	Viruses;Duplodnaviria;Heunggongvirae;Uroviricota;Caudoviricetes;;
k127_1121	950	No terminal repeats	NA	3	11	0.8127	NA	2	3.0440	Viruses;Duplodnaviria;Heunggongvirae;Uroviricota;Caudoviricetes;;
k127_667254	301	No terminal repeats	NA	1	11	0.8127	NA	1	1.7183	Viruses;Duplodnaviria;Heunggongvirae;Uroviricota;Caudoviricetes;;
k127_325118	1088	No terminal repeats	NA	1	11	0.8126	NA	1	1.2306	Viruses;Duplodnaviria;Heunggongvirae;Uroviricota;Caudoviricetes;;
k127_502680	1203	No terminal repeats	NA	2	11	0.8125	NA	2	3.0030	Viruses;Duplodnaviria;Heunggongvirae;Uroviricota;Caudoviricetes;;
k127_60708	579	No terminal repeats	NA	1	11	0.8122	NA	1	1.7183	Viruses;Duplodnaviria;Heunggongvirae;Uroviricota;Caudoviricetes;;
k127_151836	674	No terminal repeats	NA	1	11	0.8118	NA	1	1.7183	Viruses;Duplodnaviria;Heunggongvirae;Uroviricota;Caudoviricetes;;
k127_137357	517	No terminal repeats	NA	1	11	0.8115	NA	1	1.7183	Viruses;Duplodnaviria;Heunggongvirae;Uroviricota;Caudoviricetes;;
k127_587663	818	No terminal repeats	NA	1	11	0.8112	NA	1	1.7183	Viruses;Duplodnaviria;Heunggongvirae;Uroviricota;Caudoviricetes;;
k127_428214	2086	No terminal repeats	NA	1	11	0.8110	NA	1	1.6244	Viruses;Duplodnaviria;Heunggongvirae;Uroviricota;Caudoviricetes;;
k127_493051	283	No terminal repeats	NA	1	11	0.8109	NA	1	1.0089	Viruses;Duplodnaviria;Heunggongvirae;Uroviricota;Caudoviricetes;;
k127_145209	618	No terminal repeats	NA	1	11	0.8102	NA	1	1.2306	Viruses;Duplodnaviria;Heunggongvirae;Uroviricota;Caudoviricetes;;
k127_537528	947	No terminal repeats	NA	1	11	0.8102	NA	1	1.7183	Viruses;Duplodnaviria;Heunggongvirae;Uroviricota;Caudoviricetes;;
k127_166720	1728	No terminal repeats	NA	4	11	0.8097	NA	1	4.2128	Viruses;Duplodnaviria;Heunggongvirae;Uroviricota;Caudoviricetes;;
k127_429460	956	No terminal repeats	NA	1	11	0.8092	NA	1	1.4749	Viruses;Duplodnaviria;Heunggongvirae;Uroviricota;Caudoviricetes;;
k127_360330	630	No terminal repeats	NA	1	11	0.8090	NA	1	1.7183	Viruses;Duplodnaviria;Heunggongvirae;Uroviricota;Caudoviricetes;;
k127_404879	567	No terminal repeats	NA	1	11	0.8086	NA	1	1.2306	Viruses;Duplodnaviria;Heunggongvirae;Uroviricota;Caudoviricetes;;
k127_504006	350	No terminal repeats	NA	1	11	0.8086	NA	1	1.1438	Viruses;Duplodnaviria;Heunggongvirae;Uroviricota;Caudoviricetes;;
k127_297216	946	No terminal repeats	NA	3	11	0.8077	NA	1	3.3976	Viruses;Duplodnaviria;Heunggongvirae;Uroviricota;Caudoviricetes;;
k127_557083	593	No terminal repeats	NA	1	11	0.8066	NA	1	1.2306	Viruses;Duplodnaviria;Heunggongvirae;Uroviricota;Caudoviricetes;;
k127_491477	681	No terminal repeats	NA	1	11	0.8061	NA	1	1.2306	Viruses;Duplodnaviria;Heunggongvirae;Uroviricota;Caudoviricetes;;
k127_227596	705	No terminal repeats	NA	1	11	0.8049	NA	1	1.7183	Viruses;Duplodnaviria;Heunggongvirae;Uroviricota;Caudoviricetes;;
k127_135245	581	No terminal repeats	NA	1	11	0.8048	NA	1	1.3816	Viruses;Duplodnaviria;Heunggongvirae;Uroviricota;Caudoviricetes;;
k127_263654	365	No terminal repeats	NA	1	11	0.8044	NA	1	1.2587	Viruses;Duplodnaviria;Heunggongvirae;Uroviricota;Caudoviricetes;;
k127_488273	1318	No terminal repeats	NA	3	11	0.8043	NA	1	2.8173	Viruses;Duplodnaviria;Heunggongvirae;Uroviricota;Caudoviricetes;;Drexlerviridae
k127_475862	428	No terminal repeats	NA	3	11	0.8041	NA	1	1.7183	Viruses;Duplodnaviria;Heunggongvirae;Uroviricota;Caudoviricetes;;Herelleviridae
k127_334593	427	No terminal repeats	NA	2	11	0.8025	NA	1	1.2587	Viruses;Duplodnaviria;Heunggongvirae;Uroviricota;Caudoviricetes;;
k127_258658	710	No terminal repeats	NA	1	11	0.8023	NA	1	1.7183	Viruses;Duplodnaviria;Heunggongvirae;Uroviricota;Caudoviricetes;;
k127_295798	689	No terminal repeats	NA	1	11	0.8016	NA	1	1.7183	Viruses;Duplodnaviria;Heunggongvirae;Uroviricota;Caudoviricetes;;Drexlerviridae
k127_479694	656	No terminal repeats	NA	1	11	0.8013	NA	1	1.1499	Viruses;Duplodnaviria;Heunggongvirae;Uroviricota;Caudoviricetes;;
k127_384977	741	No terminal repeats	NA	1	11	0.8009	NA	1	1.7183	Viruses;Duplodnaviria;Heunggongvirae;Uroviricota;Caudoviricetes;;
k127_139288	807	No terminal repeats	NA	1	11	0.8006	NA	1	1.7183	Viruses;Duplodnaviria;Heunggongvirae;Uroviricota;Caudoviricetes;;
k127_455478	302	No terminal repeats	NA	1	11	0.7996	NA	1	1.4880	Viruses;Duplodnaviria;Heunggongvirae;Uroviricota;Caudoviricetes;;
k127_596009	1388	No terminal repeats	NA	2	11	0.7995	NA	1	1.8227	Viruses;Duplodnaviria;Heunggongvirae;Uroviricota;Caudoviricetes;;
k127_238357	922	No terminal repeats	NA	1	11	0.7995	NA	1	1.2306	Viruses;Duplodnaviria;Heunggongvirae;Uroviricota;Caudoviricetes;;
k127_573374	332	No terminal repeats	NA	1	11	0.7992	NA	1	1.1209	Viruses;Duplodnaviria;Heunggongvirae;Uroviricota;Caudoviricetes;;
k127_354742	485	No terminal repeats	NA	1	11	0.7984	NA	1	1.2306	Viruses;Duplodnaviria;Heunggongvirae;Uroviricota;Caudoviricetes;;
k127_403319	310	No terminal repeats	NA	2	11	0.7983	NA	1	1.4944	Viruses;Duplodnaviria;Heunggongvirae;Uroviricota;Caudoviricetes;;
k127_355122	720	No terminal repeats	NA	1	11	0.7980	NA	1	1.7183	Viruses;Duplodnaviria;Heunggongvirae;Uroviricota;Caudoviricetes;;Drexlerviridae
k127_621781	739	No terminal repeats	NA	1	11	0.7976	NA	1	1.2306	Viruses;Duplodnaviria;Heunggongvirae;Uroviricota;Caudoviricetes;;
k127_129805	398	No terminal repeats	NA	2	11	0.7975	NA	1	1.3608	Viruses;Duplodnaviria;Heunggongvirae;Uroviricota;Caudoviricetes;;Straboviridae
k127_570428	799	No terminal repeats	NA	2	11	0.7974	NA	1	1.7183	Viruses;Duplodnaviria;Heunggongvirae;Uroviricota;Caudoviricetes;;Drexlerviridae
k127_305015	384	No terminal repeats	NA	1	11	0.7972	NA	1	1.7183	Viruses;Duplodnaviria;Heunggongvirae;Uroviricota;Caudoviricetes;;
k127_359869	3311	No terminal repeats	NA	5	11	0.7969	NA	0	2.5790	Viruses;Duplodnaviria;Heunggongvirae;Uroviricota;Caudoviricetes;;
k127_368883	1010	No terminal repeats	NA	2	11	0.7958	NA	1	3.4366	Viruses;Duplodnaviria;Heunggongvirae;Uroviricota;Caudoviricetes;;Drexlerviridae
k127_10436	303	No terminal repeats	NA	1	11	0.7945	NA	1	1.0089	Viruses;Duplodnaviria;Heunggongvirae;Uroviricota;Caudoviricetes;;
k127_488302	362	No terminal repeats	NA	1	11	0.7940	NA	1	1.4880	Viruses;Duplodnaviria;Heunggongvirae;Uroviricota;Caudoviricetes;;
k127_483129	637	No terminal repeats	NA	1	11	0.7922	NA	1	1.7183	Viruses;Duplodnaviria;Heunggongvirae;Uroviricota;Caudoviricetes;;
k127_235018	1437	No terminal repeats	NA	3	11	0.7922	NA	1	3.1647	Viruses;Duplodnaviria;Heunggongvirae;Uroviricota;Caudoviricetes;;
k127_415143	338	No terminal repeats	NA	1	11	0.7922	NA	1	1.6774	Viruses;Duplodnaviria;Heunggongvirae;Uroviricota;Caudoviricetes;;
k127_659430	2519	No terminal repeats	NA	2	11	0.7918	NA	2	2.8510	Viruses;Duplodnaviria;Heunggongvirae;Uroviricota;Caudoviricetes;;Drexlerviridae
k127_520769	641	No terminal repeats	NA	1	11	0.7913	NA	1	1.2306	Viruses;Duplodnaviria;Heunggongvirae;Uroviricota;Caudoviricetes;;
k127_410104	447	No terminal repeats	NA	1	11	0.7911	NA	1	1.2306	Viruses;Duplodnaviria;Heunggongvirae;Uroviricota;Caudoviricetes;;
k127_473385	449	No terminal repeats	NA	1	11	0.7910	NA	1	1.1262	Viruses;Duplodnaviria;Heunggongvirae;Uroviricota;Caudoviricetes;;
k127_119005	645	No terminal repeats	NA	2	11	0.7907	NA	2	2.9148	Viruses;Duplodnaviria;Heunggongvirae;Uroviricota;Caudoviricetes;;
k127_646385	335	No terminal repeats	NA	1	11	0.7903	NA	1	1.0089	Viruses;Duplodnaviria;Heunggongvirae;Uroviricota;Caudoviricetes;;
k127_372555	1081	No terminal repeats	NA	1	11	0.7887	NA	1	1.4749	Viruses;Duplodnaviria;Heunggongvirae;Uroviricota;Caudoviricetes;;
k127_42333	363	No terminal repeats	NA	1	11	0.7886	NA	1	1.0597	Unclassified
k127_45543	749	No terminal repeats	NA	1	11	0.7873	NA	1	1.4880	Viruses;Duplodnaviria;Heunggongvirae;Uroviricota;Caudoviricetes;;
k127_7133	1153	No terminal repeats	NA	1	4	0.7872	NA	1	1.1496	Viruses;Duplodnaviria;Heunggongvirae;Uroviricota;Caudoviricetes;;
k127_207726	2287	No terminal repeats	NA	2	11	0.7840	NA	1	1.7183	Viruses;Duplodnaviria;Heunggongvirae;Uroviricota;Caudoviricetes;;
k127_564519	847	No terminal repeats	NA	1	11	0.7838	NA	1	1.7183	Viruses;Duplodnaviria;Heunggongvirae;Uroviricota;Caudoviricetes;;
k127_210589	564	No terminal repeats	NA	1	11	0.7837	NA	1	1.2306	Viruses;Duplodnaviria;Heunggongvirae;Uroviricota;Caudoviricetes;;
k127_202267	504	No terminal repeats	NA	1	11	0.7828	NA	1	1.2306	Viruses;Duplodnaviria;Heunggongvirae;Uroviricota;Caudoviricetes;;
k127_306323	1716	No terminal repeats	NA	2	11	0.7805	NA	1	1.7183	Viruses;Duplodnaviria;Heunggongvirae;Uroviricota;Caudoviricetes;;
k127_73150	3326	No terminal repeats	NA	6	11	0.7799	NA	0	3.4350	Viruses;Duplodnaviria;Heunggongvirae;Uroviricota;Caudoviricetes;;
k127_551897	314	No terminal repeats	NA	1	11	0.7791	NA	1	1.0089	Viruses;Duplodnaviria;Heunggongvirae;Uroviricota;Caudoviricetes;;
k127_240121	1273	No terminal repeats	NA	2	11	0.7790	NA	1	1.7183	Viruses;Duplodnaviria;Heunggongvirae;Uroviricota;Caudoviricetes;;Drexlerviridae
k127_91448	727	No terminal repeats	NA	1	11	0.7779	NA	1	1.2306	Viruses;Duplodnaviria;Heunggongvirae;Uroviricota;Caudoviricetes;;
k127_452763	368	No terminal repeats	NA	1	11	0.7774	NA	1	1.1262	Viruses;Duplodnaviria;Heunggongvirae;Uroviricota;Caudoviricetes;;
k127_244440	690	No terminal repeats	NA	1	11	0.7772	NA	1	1.0334	Viruses;Duplodnaviria;Heunggongvirae;Uroviricota;Caudoviricetes;;
k127_80342	2640	No terminal repeats	NA	3	11	0.7747	NA	1	4.4845	Viruses;Duplodnaviria;Heunggongvirae;Uroviricota;Caudoviricetes;;
k127_101778	417	No terminal repeats	NA	1	11	0.7747	NA	1	1.0756	Viruses;Duplodnaviria;Heunggongvirae;Uroviricota;Caudoviricetes;;
k127_535587	421	No terminal repeats	NA	1	11	0.7734	NA	1	1.4880	Viruses;Duplodnaviria;Heunggongvirae;Uroviricota;Caudoviricetes;;
k127_262327	959	No terminal repeats	NA	2	11	0.7729	NA	1	1.7183	Viruses;Duplodnaviria;Heunggongvirae;Uroviricota;Caudoviricetes;;
k127_682183	3153	No terminal repeats	NA	2	11	0.7729	NA	0	1.7183	Viruses;Duplodnaviria;Heunggongvirae;Uroviricota;Caudoviricetes;;
k127_676327	1167	No terminal repeats	NA	1	11	0.7728	NA	1	1.7183	Viruses;Duplodnaviria;Heunggongvirae;Uroviricota;Caudoviricetes;;Drexlerviridae
k127_489163	1301	No terminal repeats	NA	2	11	0.7728	NA	1	1.7183	Viruses;Riboviria;Orthornavirae;Pisuviricota;Duplopiviricetes;Durnavirales;Partitiviridae
k127_623345	464	No terminal repeats	NA	1	11	0.7717	NA	1	1.4749	Viruses;Duplodnaviria;Heunggongvirae;Uroviricota;Caudoviricetes;;
k127_164433	678	No terminal repeats	NA	1	11	0.7715	NA	1	1.2306	Viruses;Duplodnaviria;Heunggongvirae;Uroviricota;Caudoviricetes;;
k127_540137	408	No terminal repeats	NA	2	11	0.7711	NA	1	1.4880	Viruses;Duplodnaviria;Heunggongvirae;Uroviricota;Caudoviricetes;;
k127_202279	613	No terminal repeats	NA	1	11	0.7705	NA	1	1.2306	Viruses;Duplodnaviria;Heunggongvirae;Uroviricota;Caudoviricetes;;
k127_163014	1513	No terminal repeats	NA	1	11	0.7704	NA	1	1.7183	Unclassified
k127_7042	420	No terminal repeats	NA	1	11	0.7700	NA	1	1.0089	Viruses;Duplodnaviria;Heunggongvirae;Uroviricota;Caudoviricetes;;
k127_427358	846	No terminal repeats	NA	1	11	0.7687	NA	1	1.7183	Viruses;Duplodnaviria;Heunggongvirae;Uroviricota;Caudoviricetes;;
k127_493312	1780	No terminal repeats	NA	2	11	0.7681	NA	1	1.4595	Viruses;Duplodnaviria;Heunggongvirae;Uroviricota;Caudoviricetes;;
k127_298587	629	No terminal repeats	NA	1	11	0.7652	NA	1	1.2306	Viruses;Duplodnaviria;Heunggongvirae;Uroviricota;Caudoviricetes;;
k127_294863	441	No terminal repeats	NA	1	11	0.7643	NA	1	1.1262	Viruses;Duplodnaviria;Heunggongvirae;Uroviricota;Caudoviricetes;;
k127_330127	354	No terminal repeats	NA	2	11	0.7642	NA	1	1.0089	Viruses;Duplodnaviria;Heunggongvirae;Uroviricota;Caudoviricetes;;
k127_3507	315	No terminal repeats	NA	1	11	0.7642	NA	1	1.2802	Viruses;Duplodnaviria;Heunggongvirae;Uroviricota;Caudoviricetes;;
k127_307331	695	No terminal repeats	NA	2	11	0.7639	NA	1	1.7183	Viruses;Duplodnaviria;Heunggongvirae;Uroviricota;Caudoviricetes;;
k127_466558	578	No terminal repeats	NA	2	11	0.7636	NA	1	2.7375	Viruses;Duplodnaviria;Heunggongvirae;Uroviricota;Caudoviricetes;;
k127_449784	471	No terminal repeats	NA	1	11	0.7630	NA	1	1.2306	Viruses;Duplodnaviria;Heunggongvirae;Uroviricota;Caudoviricetes;;
k127_112047	2926	No terminal repeats	NA	1	11	0.7627	NA	0	0.0000	Unclassified
k127_466082	654	No terminal repeats	NA	1	11	0.7615	NA	1	1.7183	Viruses;Duplodnaviria;Heunggongvirae;Uroviricota;Caudoviricetes;;
k127_363919	4192	No terminal repeats	NA	5	11	0.7614	NA	0	2.9220	Viruses;Duplodnaviria;Heunggongvirae;Uroviricota;Caudoviricetes;;
k127_565296	1074	No terminal repeats	NA	1	11	0.7608	NA	1	1.1328	Viruses;Duplodnaviria;Heunggongvirae;Uroviricota;Caudoviricetes;;
k127_355123	455	No terminal repeats	NA	1	11	0.7600	NA	1	1.2306	Viruses;Duplodnaviria;Heunggongvirae;Uroviricota;Caudoviricetes;;
k127_486228	491	No terminal repeats	NA	2	11	0.7583	NA	1	2.9019	Viruses;Duplodnaviria;Heunggongvirae;Uroviricota;Caudoviricetes;;
k127_354945	316	No terminal repeats	NA	1	11	0.7578	NA	1	1.6947	Viruses;Duplodnaviria;Heunggongvirae;Uroviricota;Caudoviricetes;;
k127_604506	861	No terminal repeats	NA	2	11	0.7578	NA	1	1.4595	Viruses;Duplodnaviria;Heunggongvirae;Uroviricota;Caudoviricetes;;
k127_445473	454	No terminal repeats	NA	1	11	0.7576	NA	1	1.3878	Viruses;Duplodnaviria;Heunggongvirae;Uroviricota;Caudoviricetes;;
k127_216715	1111	No terminal repeats	NA	2	11	0.7563	NA	1	1.7183	Viruses;Duplodnaviria;Heunggongvirae;Uroviricota;Caudoviricetes;;
k127_580879	782	No terminal repeats	NA	1	11	0.7562	NA	1	1.7183	Viruses;Duplodnaviria;Heunggongvirae;Uroviricota;Caudoviricetes;;
k127_94485	465	No terminal repeats	NA	2	11	0.7553	NA	1	1.6847	Viruses;Duplodnaviria;Heunggongvirae;Uroviricota;Caudoviricetes;;
k127_323297	353	No terminal repeats	NA	1	11	0.7548	NA	1	1.1262	Viruses;Duplodnaviria;Heunggongvirae;Uroviricota;Caudoviricetes;;
k127_573195	541	No terminal repeats	NA	1	11	0.7547	NA	1	1.7164	Viruses;Duplodnaviria;Heunggongvirae;Uroviricota;Caudoviricetes;;
k127_531410	465	No terminal repeats	NA	1	11	0.7545	NA	1	1.5484	Viruses;Duplodnaviria;Heunggongvirae;Uroviricota;Caudoviricetes;;
k127_203681	429	No terminal repeats	NA	2	11	0.7539	NA	1	1.2847	Viruses;Duplodnaviria;Heunggongvirae;Uroviricota;Caudoviricetes;;
k127_44141	448	No terminal repeats	NA	2	11	0.7539	NA	1	1.3816	Viruses;Duplodnaviria;Heunggongvirae;Uroviricota;Caudoviricetes;;
k127_197229	738	No terminal repeats	NA	2	11	0.7535	NA	1	2.7764	Viruses;Duplodnaviria;Heunggongvirae;Uroviricota;Caudoviricetes;;
k127_107508	627	No terminal repeats	NA	3	11	0.7529	NA	1	1.7183	Viruses;Duplodnaviria;Heunggongvirae;Uroviricota;Caudoviricetes;;
k127_245973	577	No terminal repeats	NA	1	11	0.7519	NA	1	1.4764	Viruses;Duplodnaviria;Heunggongvirae;Uroviricota;Caudoviricetes;;
k127_296734	898	No terminal repeats	NA	1	11	0.7508	NA	1	1.7183	Viruses;Duplodnaviria;Heunggongvirae;Uroviricota;Caudoviricetes;;
k127_195109	313	No terminal repeats	NA	2	11	0.7491	NA	1	1.1038	Viruses;Duplodnaviria;Heunggongvirae;Uroviricota;Caudoviricetes;;
k127_49508	310	No terminal repeats	NA	1	11	0.7463	NA	1	1.2657	Viruses;Duplodnaviria;Heunggongvirae;Uroviricota;Caudoviricetes;;
k127_459216	1024	No terminal repeats	NA	2	11	0.7453	NA	1	1.7183	Viruses;Duplodnaviria;Heunggongvirae;Uroviricota;Caudoviricetes;;Drexlerviridae
k127_267186	432	No terminal repeats	NA	1	11	0.7447	NA	1	1.7183	Viruses;Duplodnaviria;Heunggongvirae;Uroviricota;Caudoviricetes;;
k127_82672	1893	No terminal repeats	NA	2	11	0.7437	NA	1	1.7183	Viruses;Duplodnaviria;Heunggongvirae;Uroviricota;Caudoviricetes;;
k127_940	706	No terminal repeats	NA	2	11	0.7432	NA	1	1.7169	Viruses;Duplodnaviria;Heunggongvirae;Uroviricota;Caudoviricetes;;
k127_440555	378	No terminal repeats	NA	1	11	0.7419	NA	1	1.1682	Viruses;Duplodnaviria;Heunggongvirae;Uroviricota;Caudoviricetes;;
k127_335392	802	No terminal repeats	NA	1	11	0.7409	NA	1	1.7183	Viruses;Duplodnaviria;Heunggongvirae;Uroviricota;Caudoviricetes;;
k127_592302	321	No terminal repeats	NA	1	11	0.7409	NA	1	1.0941	Viruses;Duplodnaviria;Heunggongvirae;Uroviricota;Caudoviricetes;;
k127_637663	319	No terminal repeats	NA	2	11	0.7402	NA	1	1.5749	Viruses;Duplodnaviria;Heunggongvirae;Uroviricota;Caudoviricetes;;
k127_655033	987	No terminal repeats	NA	1	11	0.7398	NA	1	1.7183	Viruses;Duplodnaviria;Heunggongvirae;Uroviricota;Caudoviricetes;;
k127_387696	733	No terminal repeats	NA	1	11	0.7380	NA	1	1.4749	Viruses;Duplodnaviria;Heunggongvirae;Uroviricota;Caudoviricetes;;
k127_90930	756	No terminal repeats	NA	1	11	0.7376	NA	1	1.4880	Viruses;Duplodnaviria;Heunggongvirae;Uroviricota;Caudoviricetes;;
k127_34397	1669	No terminal repeats	NA	2	11	0.7375	NA	1	1.7183	Viruses;Duplodnaviria;Heunggongvirae;Uroviricota;Caudoviricetes;;
k127_14057	618	No terminal repeats	NA	1	11	0.7375	NA	1	1.7183	Viruses;Duplodnaviria;Heunggongvirae;Uroviricota;Caudoviricetes;;
k127_337487	1565	No terminal repeats	NA	2	11	0.7355	NA	2	3.4317	Viruses;Duplodnaviria;Heunggongvirae;Uroviricota;Caudoviricetes;;
k127_638759	359	No terminal repeats	NA	1	11	0.7353	NA	1	1.7173	Viruses;Duplodnaviria;Heunggongvirae;Uroviricota;Caudoviricetes;;
k127_525492	407	No terminal repeats	NA	1	11	0.7351	NA	1	1.7066	Viruses;Duplodnaviria;Heunggongvirae;Uroviricota;Caudoviricetes;;
k127_466455	407	No terminal repeats	NA	2	11	0.7343	NA	1	1.0851	Viruses;Duplodnaviria;Heunggongvirae;Uroviricota;Caudoviricetes;;
k127_44122	333	No terminal repeats	NA	1	11	0.7330	NA	1	1.7161	Viruses;Duplodnaviria;Heunggongvirae;Uroviricota;Caudoviricetes;;
k127_666569	388	No terminal repeats	NA	1	11	0.7326	NA	1	1.5715	Viruses;Duplodnaviria;Heunggongvirae;Uroviricota;Caudoviricetes;;
k127_486707	368	No terminal repeats	NA	1	11	0.7298	NA	1	1.6735	Viruses;Duplodnaviria;Heunggongvirae;Uroviricota;Caudoviricetes;;
k127_572707	2823	No terminal repeats	NA	1	11	0.7296	NA	0	1.7183	Viruses;Duplodnaviria;Heunggongvirae;Uroviricota;Caudoviricetes;;
k127_649982	2839	No terminal repeats	NA	2	11	0.7295	NA	0	1.7183	Viruses;Duplodnaviria;Heunggongvirae;Uroviricota;Caudoviricetes;;
k127_79574	375	No terminal repeats	NA	1	11	0.7271	NA	1	1.0089	Viruses;Duplodnaviria;Heunggongvirae;Uroviricota;Caudoviricetes;;
k127_521115	722	No terminal repeats	NA	2	11	0.7266	NA	1	1.7183	Unclassified
k127_681290	1458	No terminal repeats	NA	1	11	0.7252	NA	1	1.7183	Viruses;Duplodnaviria;Heunggongvirae;Uroviricota;Caudoviricetes;;
k127_63879	945	No terminal repeats	NA	2	11	0.7245	NA	1	3.2932	Viruses;Duplodnaviria;Heunggongvirae;Uroviricota;Caudoviricetes;;
k127_393279	1034	No terminal repeats	NA	1	11	0.7244	NA	1	1.5249	Viruses;Duplodnaviria;Heunggongvirae;Uroviricota;Caudoviricetes;;
k127_268361	681	No terminal repeats	NA	1	11	0.7238	NA	1	1.7183	Viruses;Duplodnaviria;Heunggongvirae;Uroviricota;Caudoviricetes;;
k127_1084	279	No terminal repeats	NA	1	11	0.7230	NA	1	1.4764	Viruses;Duplodnaviria;Heunggongvirae;Uroviricota;Caudoviricetes;;
k127_630612	442	No terminal repeats	NA	1	11	0.7224	NA	1	1.2306	Viruses;Duplodnaviria;Heunggongvirae;Uroviricota;Caudoviricetes;;
k127_2177	369	No terminal repeats	NA	1	11	0.7220	NA	1	1.3663	Viruses;Duplodnaviria;Heunggongvirae;Uroviricota;Caudoviricetes;;
k127_500595	321	No terminal repeats	NA	1	11	0.7207	NA	1	1.2683	Viruses;Duplodnaviria;Heunggongvirae;Uroviricota;Caudoviricetes;;
k127_384771	1552	No terminal repeats	NA	3	11	0.7200	NA	1	1.8227	Viruses;Duplodnaviria;Heunggongvirae;Uroviricota;Caudoviricetes;;
k127_243763	997	No terminal repeats	NA	1	11	0.7176	NA	1	1.7183	Viruses;Duplodnaviria;Heunggongvirae;Uroviricota;Caudoviricetes;;
k127_305623	1566	No terminal repeats	NA	2	11	0.7172	NA	1	1.7183	Viruses;Duplodnaviria;Heunggongvirae;Uroviricota;Caudoviricetes;;
k127_315427	332	No terminal repeats	NA	1	11	0.7160	NA	1	1.4501	Viruses;Duplodnaviria;Heunggongvirae;Uroviricota;Caudoviricetes;;
k127_366997	669	No terminal repeats	NA	2	11	0.7158	NA	1	1.7183	Viruses;Duplodnaviria;Heunggongvirae;Uroviricota;Caudoviricetes;;
k127_439286	255	No terminal repeats	NA	1	11	0.7158	NA	1	1.6774	Viruses;Duplodnaviria;Heunggongvirae;Uroviricota;Caudoviricetes;;
k127_574851	1102	No terminal repeats	NA	4	11	0.7152	NA	1	3.2932	Viruses;Duplodnaviria;Heunggongvirae;Uroviricota;Caudoviricetes;;
k127_283142	810	No terminal repeats	NA	1	11	0.7143	NA	1	1.1240	Viruses;Duplodnaviria;Heunggongvirae;Uroviricota;Caudoviricetes;;
k127_572039	483	No terminal repeats	NA	2	11	0.7130	NA	1	1.6947	Viruses;Duplodnaviria;Heunggongvirae;Uroviricota;Caudoviricetes;;
k127_198762	1304	No terminal repeats	NA	2	11	0.7104	NA	1	1.7183	Viruses;Duplodnaviria;Heunggongvirae;Uroviricota;Caudoviricetes;;
k127_34629	1529	No terminal repeats	NA	3	11	0.7090	NA	1	1.7183	Viruses;Riboviria;Orthornavirae;Pisuviricota;Stelpaviricetes;Patatavirales;Potyviridae
k127_13501	677	No terminal repeats	NA	2	11	0.7060	NA	1	1.7183	Viruses;Duplodnaviria;Heunggongvirae;Uroviricota;Caudoviricetes;;
k127_425460	369	No terminal repeats	NA	1	11	0.7047	NA	1	1.7020	Viruses;Duplodnaviria;Heunggongvirae;Uroviricota;Caudoviricetes;;
k127_401206	1949	No terminal repeats	NA	2	11	0.7047	NA	1	1.7183	Viruses;Duplodnaviria;Heunggongvirae;Uroviricota;Caudoviricetes;;
k127_102801	840	No terminal repeats	NA	2	11	0.7036	NA	1	1.1262	Viruses;Duplodnaviria;Heunggongvirae;Uroviricota;Caudoviricetes;;
k127_148566	893	No terminal repeats	NA	2	11	0.7029	NA	1	1.5749	Viruses;Duplodnaviria;Heunggongvirae;Uroviricota;Caudoviricetes;;
k127_667377	831	No terminal repeats	NA	1	11	0.7029	NA	1	1.2306	Viruses;Duplodnaviria;Heunggongvirae;Uroviricota;Caudoviricetes;;
k127_644720	424	No terminal repeats	NA	1	11	0.7019	NA	1	1.7136	Viruses;Duplodnaviria;Heunggongvirae;Uroviricota;Caudoviricetes;;
k127_332521	1729	No terminal repeats	NA	2	11	0.7013	NA	1	3.4197	Viruses;Duplodnaviria;Heunggongvirae;Uroviricota;Caudoviricetes;;Drexlerviridae
k127_239046	433	No terminal repeats	NA	1	11	0.7012	NA	1	1.2449	Viruses;Duplodnaviria;Heunggongvirae;Uroviricota;Caudoviricetes;;
k127_68929	356	No terminal repeats	NA	1	11	0.7001	NA	1	1.3150	Viruses;Duplodnaviria;Heunggongvirae;Uroviricota;Caudoviricetes;;
