seq_name	length	topology	coordinates	n_genes	genetic_code	virus_score	fdr	n_hallmarks	marker_enrichment	taxonomy
k127_265075	311	No terminal repeats	NA	1	11	0.9648	NA	1	1.7183	Viruses;Duplodnaviria;Heunggongvirae;Uroviricota;Caudoviricetes;;
k127_161012	337	No terminal repeats	NA	1	11	0.9622	NA	1	1.4595	Viruses;Duplodnaviria;Heunggongvirae;Uroviricota;Caudoviricetes;;
k127_217906	353	No terminal repeats	NA	1	11	0.9592	NA	1	1.7183	Viruses;Duplodnaviria;Heunggongvirae;Uroviricota;Caudoviricetes;;
k127_266692	305	No terminal repeats	NA	1	11	0.9567	NA	1	1.7183	Viruses;Monodnaviria;Sangervirae;Phixviricota;Malgrandaviricetes;Petitvirales;Microviridae
k127_156109	357	No terminal repeats	NA	1	11	0.9561	NA	1	1.7183	Viruses;Duplodnaviria;Heunggongvirae;Uroviricota;Caudoviricetes;;
k127_277785	369	No terminal repeats	NA	1	11	0.9554	NA	1	1.7183	Viruses;Duplodnaviria;Heunggongvirae;Uroviricota;Caudoviricetes;;
k127_427424	504	No terminal repeats	NA	1	11	0.9532	NA	1	1.7183	Viruses;Duplodnaviria;Heunggongvirae;Uroviricota;Caudoviricetes;;
k127_96433	410	No terminal repeats	NA	2	11	0.9521	NA	1	1.7183	Unclassified
k127_444188	336	No terminal repeats	NA	2	11	0.9521	NA	1	1.7183	Viruses;Duplodnaviria;Heunggongvirae;Uroviricota;Caudoviricetes;;
k127_337351	308	No terminal repeats	NA	1	11	0.9514	NA	1	1.7183	Viruses;Duplodnaviria;Heunggongvirae;Uroviricota;Caudoviricetes;;
k127_251772	325	No terminal repeats	NA	1	11	0.9504	NA	1	1.7183	Viruses;Duplodnaviria;Heunggongvirae;Uroviricota;Caudoviricetes;;
k127_352882	337	No terminal repeats	NA	1	11	0.9486	NA	1	1.7183	Viruses;Duplodnaviria;Heunggongvirae;Uroviricota;Caudoviricetes;;
k127_349163	319	No terminal repeats	NA	1	11	0.9483	NA	1	1.7183	Viruses;Duplodnaviria;Heunggongvirae;Uroviricota;Caudoviricetes;;
k127_346887	397	No terminal repeats	NA	1	11	0.9475	NA	1	1.7183	Viruses;Duplodnaviria;Heunggongvirae;Uroviricota;Caudoviricetes;;
k127_402816	2537	No terminal repeats	NA	3	11	0.9458	NA	0	2.6119	Viruses;Duplodnaviria;Heunggongvirae;Uroviricota;Caudoviricetes;;
k127_332866	380	No terminal repeats	NA	1	11	0.9436	NA	1	1.7183	Viruses;Duplodnaviria;Heunggongvirae;Uroviricota;Caudoviricetes;;
k127_283018	303	No terminal repeats	NA	1	11	0.9435	NA	1	1.7183	Viruses;Duplodnaviria;Heunggongvirae;Uroviricota;Caudoviricetes;;
k127_241771	437	No terminal repeats	NA	1	11	0.9434	NA	1	1.7183	Viruses;Duplodnaviria;Heunggongvirae;Uroviricota;Caudoviricetes;;
k127_370048	378	No terminal repeats	NA	1	11	0.9416	NA	1	1.7183	Viruses;Duplodnaviria;Heunggongvirae;Uroviricota;Caudoviricetes;;
k127_220614	357	No terminal repeats	NA	1	11	0.9408	NA	1	1.7183	Viruses;Duplodnaviria;Heunggongvirae;Uroviricota;Caudoviricetes;;
k127_96352	441	No terminal repeats	NA	1	11	0.9402	NA	1	1.7183	Viruses;Duplodnaviria;Heunggongvirae;Uroviricota;Caudoviricetes;;
k127_288601	372	No terminal repeats	NA	1	11	0.9399	NA	1	1.7183	Viruses;Duplodnaviria;Heunggongvirae;Uroviricota;Caudoviricetes;;
k127_84154	395	No terminal repeats	NA	1	11	0.9389	NA	1	1.7183	Viruses;Duplodnaviria;Heunggongvirae;Uroviricota;Caudoviricetes;;
k127_194013	421	No terminal repeats	NA	1	11	0.9373	NA	1	1.7183	Viruses;Duplodnaviria;Heunggongvirae;Uroviricota;Caudoviricetes;;
k127_107258	333	No terminal repeats	NA	2	11	0.9369	NA	2	3.0631	Viruses;Duplodnaviria;Heunggongvirae;Uroviricota;Caudoviricetes;;
k127_345962	424	No terminal repeats	NA	1	11	0.9357	NA	1	1.7183	Viruses;Duplodnaviria;Heunggongvirae;Uroviricota;Caudoviricetes;;
k127_201715	577	No terminal repeats	NA	1	11	0.9349	NA	1	1.7183	Viruses;Duplodnaviria;Heunggongvirae;Uroviricota;Caudoviricetes;;
k127_193015	395	No terminal repeats	NA	1	11	0.9337	NA	1	1.7183	Viruses;Duplodnaviria;Heunggongvirae;Uroviricota;Caudoviricetes;;
k127_419754	410	No terminal repeats	NA	1	11	0.9323	NA	1	1.7183	Viruses;Duplodnaviria;Heunggongvirae;Uroviricota;Caudoviricetes;;
k127_275702	368	No terminal repeats	NA	1	11	0.9319	NA	1	1.7183	Viruses;Duplodnaviria;Heunggongvirae;Uroviricota;Caudoviricetes;;
k127_178585	440	No terminal repeats	NA	1	11	0.9319	NA	1	1.7183	Viruses;Duplodnaviria;Heunggongvirae;Uroviricota;Caudoviricetes;;
k127_224139	488	No terminal repeats	NA	2	11	0.9308	NA	1	1.7183	Unclassified
k127_188100	385	No terminal repeats	NA	1	11	0.9304	NA	1	1.7183	Viruses;Duplodnaviria;Heunggongvirae;Uroviricota;Caudoviricetes;;
k127_75555	512	No terminal repeats	NA	1	11	0.9299	NA	1	1.7183	Viruses;Duplodnaviria;Heunggongvirae;Uroviricota;Caudoviricetes;;
k127_446678	458	No terminal repeats	NA	2	11	0.9291	NA	1	1.7183	Viruses;Duplodnaviria;Heunggongvirae;Uroviricota;Caudoviricetes;;
k127_348015	593	No terminal repeats	NA	1	11	0.9289	NA	1	1.7183	Viruses;Duplodnaviria;Heunggongvirae;Uroviricota;Caudoviricetes;;
k127_169654	746	No terminal repeats	NA	2	11	0.9283	NA	1	1.7162	Viruses;Duplodnaviria;Heunggongvirae;Uroviricota;Caudoviricetes;;
k127_451751	384	No terminal repeats	NA	1	11	0.9282	NA	1	1.7183	Viruses;Duplodnaviria;Heunggongvirae;Uroviricota;Caudoviricetes;;
k127_72943	338	No terminal repeats	NA	1	11	0.9260	NA	1	1.4597	Viruses;Duplodnaviria;Heunggongvirae;Uroviricota;Caudoviricetes;;
k127_271634	338	No terminal repeats	NA	1	11	0.9255	NA	1	1.7183	Viruses;Duplodnaviria;Heunggongvirae;Uroviricota;Caudoviricetes;;
k127_174307	349	No terminal repeats	NA	1	11	0.9254	NA	1	1.7183	Viruses;Duplodnaviria;Heunggongvirae;Uroviricota;Caudoviricetes;;
k127_331783	723	No terminal repeats	NA	1	11	0.9251	NA	1	1.7183	Viruses;Duplodnaviria;Heunggongvirae;Uroviricota;Caudoviricetes;;
k127_71514	462	No terminal repeats	NA	1	11	0.9244	NA	1	1.7183	Viruses;Duplodnaviria;Heunggongvirae;Uroviricota;Caudoviricetes;;
k127_436192	819	No terminal repeats	NA	1	11	0.9242	NA	1	1.7183	Viruses;Duplodnaviria;Heunggongvirae;Uroviricota;Caudoviricetes;;
k127_210989	353	No terminal repeats	NA	1	11	0.9237	NA	1	1.7183	Viruses;Duplodnaviria;Heunggongvirae;Uroviricota;Caudoviricetes;;
k127_46914	738	No terminal repeats	NA	1	11	0.9234	NA	1	1.7183	Viruses;Duplodnaviria;Heunggongvirae;Uroviricota;Caudoviricetes;;
k127_107023	402	No terminal repeats	NA	1	11	0.9221	NA	1	1.7183	Viruses;Duplodnaviria;Heunggongvirae;Uroviricota;Caudoviricetes;;
k127_106291	460	No terminal repeats	NA	1	11	0.9209	NA	1	1.7183	Viruses;Duplodnaviria;Heunggongvirae;Uroviricota;Caudoviricetes;;
k127_258091	456	No terminal repeats	NA	1	11	0.9203	NA	1	1.7183	Viruses;Duplodnaviria;Heunggongvirae;Uroviricota;Caudoviricetes;;
k127_427632	347	No terminal repeats	NA	1	11	0.9196	NA	1	1.7183	Viruses;Duplodnaviria;Heunggongvirae;Uroviricota;Caudoviricetes;;
k127_37638	490	No terminal repeats	NA	1	11	0.9193	NA	1	1.7183	Viruses;Duplodnaviria;Heunggongvirae;Uroviricota;Caudoviricetes;;
k127_201493	413	No terminal repeats	NA	1	11	0.9188	NA	1	1.7183	Viruses;Duplodnaviria;Heunggongvirae;Uroviricota;Caudoviricetes;;
k127_78323	341	No terminal repeats	NA	1	11	0.9187	NA	1	1.4764	Viruses;Duplodnaviria;Heunggongvirae;Uroviricota;Caudoviricetes;;
k127_109922	448	No terminal repeats	NA	2	11	0.9181	NA	1	1.7183	Viruses;Duplodnaviria;Heunggongvirae;Uroviricota;Caudoviricetes;;
k127_111296	437	No terminal repeats	NA	2	11	0.9171	NA	2	3.2087	Viruses;Duplodnaviria;Heunggongvirae;Uroviricota;Caudoviricetes;;
k127_72242	374	No terminal repeats	NA	1	11	0.9162	NA	1	1.4764	Viruses;Duplodnaviria;Heunggongvirae;Uroviricota;Caudoviricetes;;
k127_93848	302	No terminal repeats	NA	1	11	0.9158	NA	1	1.7183	Viruses;Duplodnaviria;Heunggongvirae;Uroviricota;Caudoviricetes;;
k127_374529	390	No terminal repeats	NA	1	11	0.9154	NA	1	1.7183	Viruses;Duplodnaviria;Heunggongvirae;Uroviricota;Caudoviricetes;;
k127_425687	492	No terminal repeats	NA	1	11	0.9153	NA	1	1.7183	Viruses;Duplodnaviria;Heunggongvirae;Uroviricota;Caudoviricetes;;
k127_436450	416	No terminal repeats	NA	1	11	0.9152	NA	1	1.7183	Viruses;Duplodnaviria;Heunggongvirae;Uroviricota;Caudoviricetes;;
k127_395501	517	No terminal repeats	NA	1	11	0.9148	NA	1	1.7183	Viruses;Duplodnaviria;Heunggongvirae;Uroviricota;Caudoviricetes;;
k127_371084	326	No terminal repeats	NA	1	11	0.9147	NA	1	1.7183	Unclassified
k127_129016	434	No terminal repeats	NA	1	11	0.9146	NA	1	1.2306	Viruses;Duplodnaviria;Heunggongvirae;Uroviricota;Caudoviricetes;;
k127_89510	510	No terminal repeats	NA	1	11	0.9126	NA	1	1.7183	Viruses;Duplodnaviria;Heunggongvirae;Uroviricota;Caudoviricetes;;
k127_226752	371	No terminal repeats	NA	1	11	0.9109	NA	1	1.7183	Viruses;Duplodnaviria;Heunggongvirae;Uroviricota;Caudoviricetes;;
k127_286307	666	No terminal repeats	NA	1	11	0.9105	NA	1	1.7183	Viruses;Duplodnaviria;Heunggongvirae;Uroviricota;Caudoviricetes;;
k127_174640	342	No terminal repeats	NA	1	11	0.9100	NA	1	1.7183	Viruses;Duplodnaviria;Heunggongvirae;Uroviricota;Caudoviricetes;;
k127_428454	459	No terminal repeats	NA	1	11	0.9100	NA	1	1.7183	Viruses;Duplodnaviria;Heunggongvirae;Uroviricota;Caudoviricetes;;
k127_397753	431	No terminal repeats	NA	1	11	0.9097	NA	1	1.7183	Viruses;Duplodnaviria;Heunggongvirae;Uroviricota;Caudoviricetes;;
k127_187583	301	No terminal repeats	NA	1	11	0.9061	NA	1	1.7183	Viruses;Duplodnaviria;Heunggongvirae;Uroviricota;Caudoviricetes;;
k127_13017	791	No terminal repeats	NA	1	11	0.9057	NA	1	1.7183	Viruses;Duplodnaviria;Heunggongvirae;Uroviricota;Caudoviricetes;;
k127_212518	301	No terminal repeats	NA	1	11	0.9056	NA	1	1.4880	Viruses;Duplodnaviria;Heunggongvirae;Uroviricota;Caudoviricetes;;
k127_33013	551	No terminal repeats	NA	1	11	0.9021	NA	1	1.7183	Viruses;Duplodnaviria;Heunggongvirae;Uroviricota;Caudoviricetes;;Drexlerviridae
k127_59338	438	No terminal repeats	NA	1	11	0.9020	NA	1	1.0522	Viruses;Duplodnaviria;Heunggongvirae;Uroviricota;Caudoviricetes;;
k127_253512	365	No terminal repeats	NA	1	11	0.9010	NA	1	1.5032	Viruses;Duplodnaviria;Heunggongvirae;Uroviricota;Caudoviricetes;;
k127_197572	488	No terminal repeats	NA	1	11	0.9008	NA	1	1.7183	Viruses;Duplodnaviria;Heunggongvirae;Uroviricota;Caudoviricetes;;
k127_377507	325	No terminal repeats	NA	1	11	0.9005	NA	1	1.7183	Viruses;Duplodnaviria;Heunggongvirae;Uroviricota;Caudoviricetes;;
k127_320601	449	No terminal repeats	NA	1	11	0.9001	NA	1	1.7183	Viruses;Duplodnaviria;Heunggongvirae;Uroviricota;Caudoviricetes;;
k127_69064	521	No terminal repeats	NA	1	11	0.8995	NA	1	1.7183	Viruses;Duplodnaviria;Heunggongvirae;Uroviricota;Caudoviricetes;;
k127_206449	396	No terminal repeats	NA	1	11	0.8993	NA	1	1.7183	Unclassified
k127_299088	493	No terminal repeats	NA	2	11	0.8988	NA	1	2.7136	Viruses;Duplodnaviria;Heunggongvirae;Uroviricota;Caudoviricetes;;
k127_374856	1222	No terminal repeats	NA	1	11	0.8973	NA	1	1.7183	Viruses;Duplodnaviria;Heunggongvirae;Uroviricota;Caudoviricetes;;
k127_179532	613	No terminal repeats	NA	1	11	0.8969	NA	1	1.7183	Viruses;Duplodnaviria;Heunggongvirae;Uroviricota;Caudoviricetes;;
k127_311374	411	No terminal repeats	NA	1	11	0.8939	NA	1	1.7183	Viruses;Duplodnaviria;Heunggongvirae;Uroviricota;Caudoviricetes;;
k127_202457	716	No terminal repeats	NA	1	11	0.8921	NA	1	1.7183	Viruses;Duplodnaviria;Heunggongvirae;Uroviricota;Caudoviricetes;;
k127_200202	387	No terminal repeats	NA	1	11	0.8920	NA	1	1.7183	Viruses;Duplodnaviria;Heunggongvirae;Uroviricota;Caudoviricetes;;
k127_32274	403	No terminal repeats	NA	1	11	0.8919	NA	1	1.7183	Viruses;Duplodnaviria;Heunggongvirae;Uroviricota;Caudoviricetes;;
k127_135609	466	No terminal repeats	NA	1	11	0.8910	NA	1	1.7183	Viruses;Duplodnaviria;Heunggongvirae;Uroviricota;Caudoviricetes;;
k127_217985	803	No terminal repeats	NA	2	11	0.8908	NA	1	1.7183	Viruses;Duplodnaviria;Heunggongvirae;Uroviricota;Caudoviricetes;;
k127_354888	384	No terminal repeats	NA	1	11	0.8898	NA	1	1.7167	Viruses;Duplodnaviria;Heunggongvirae;Uroviricota;Caudoviricetes;;
k127_157740	538	No terminal repeats	NA	1	11	0.8890	NA	1	1.7183	Viruses;Duplodnaviria;Heunggongvirae;Uroviricota;Caudoviricetes;;
k127_10033	465	No terminal repeats	NA	1	11	0.8889	NA	1	1.7183	Viruses;Duplodnaviria;Heunggongvirae;Uroviricota;Caudoviricetes;;
k127_165966	378	No terminal repeats	NA	1	11	0.8886	NA	1	1.7183	Viruses;Duplodnaviria;Heunggongvirae;Uroviricota;Caudoviricetes;;
k127_203521	369	No terminal repeats	NA	2	11	0.8883	NA	1	1.4513	Viruses;Duplodnaviria;Heunggongvirae;Uroviricota;Caudoviricetes;;
k127_49331	432	No terminal repeats	NA	1	11	0.8878	NA	1	1.7183	Viruses;Duplodnaviria;Heunggongvirae;Uroviricota;Caudoviricetes;;
k127_210869	317	No terminal repeats	NA	1	11	0.8862	NA	1	1.2708	Viruses;Duplodnaviria;Heunggongvirae;Uroviricota;Caudoviricetes;;
k127_281179	397	No terminal repeats	NA	1	11	0.8855	NA	1	1.7183	Viruses;Duplodnaviria;Heunggongvirae;Uroviricota;Caudoviricetes;;
k127_123861	779	No terminal repeats	NA	1	11	0.8849	NA	1	1.7183	Viruses;Duplodnaviria;Heunggongvirae;Uroviricota;Caudoviricetes;;
k127_97989	397	No terminal repeats	NA	1	11	0.8848	NA	1	1.7183	Viruses;Duplodnaviria;Heunggongvirae;Uroviricota;Caudoviricetes;;
k127_449836	416	No terminal repeats	NA	1	11	0.8841	NA	1	1.7183	Viruses;Duplodnaviria;Heunggongvirae;Uroviricota;Caudoviricetes;;
k127_317935	758	No terminal repeats	NA	3	11	0.8840	NA	1	1.4904	Viruses;Duplodnaviria;Heunggongvirae;Uroviricota;Caudoviricetes;;
k127_157321	333	No terminal repeats	NA	1	11	0.8838	NA	1	1.7183	Viruses;Duplodnaviria;Heunggongvirae;Uroviricota;Caudoviricetes;;
k127_455173	1586	No terminal repeats	NA	1	11	0.8821	NA	1	1.4749	Viruses;Duplodnaviria;Heunggongvirae;Uroviricota;Caudoviricetes;;
k127_268835	431	No terminal repeats	NA	1	11	0.8816	NA	1	1.7183	Viruses;Duplodnaviria;Heunggongvirae;Uroviricota;Caudoviricetes;;
k127_63251	502	No terminal repeats	NA	1	11	0.8815	NA	1	1.7183	Viruses;Duplodnaviria;Heunggongvirae;Uroviricota;Caudoviricetes;;
k127_295249	1287	No terminal repeats	NA	1	11	0.8805	NA	1	1.7183	Viruses;Duplodnaviria;Heunggongvirae;Uroviricota;Caudoviricetes;;
k127_271208	328	No terminal repeats	NA	1	11	0.8788	NA	1	1.3168	Viruses;Duplodnaviria;Heunggongvirae;Uroviricota;Caudoviricetes;;
k127_309997	440	No terminal repeats	NA	2	11	0.8768	NA	1	1.7183	Viruses;Duplodnaviria;Heunggongvirae;Uroviricota;Caudoviricetes;;
k127_171270	1233	No terminal repeats	NA	2	11	0.8767	NA	1	1.8227	Viruses;Duplodnaviria;Heunggongvirae;Uroviricota;Caudoviricetes;;
k127_116691	355	No terminal repeats	NA	1	11	0.8762	NA	1	1.4597	Viruses;Duplodnaviria;Heunggongvirae;Uroviricota;Caudoviricetes;;
k127_179572	445	No terminal repeats	NA	1	11	0.8736	NA	1	1.7183	Viruses;Duplodnaviria;Heunggongvirae;Uroviricota;Caudoviricetes;;
k127_80271	948	No terminal repeats	NA	1	11	0.8733	NA	1	1.7183	Viruses;Duplodnaviria;Heunggongvirae;Uroviricota;Caudoviricetes;;
k127_431759	680	No terminal repeats	NA	1	11	0.8705	NA	1	1.7183	Viruses;Duplodnaviria;Heunggongvirae;Uroviricota;Caudoviricetes;;
k127_159606	392	No terminal repeats	NA	1	11	0.8693	NA	1	1.7183	Viruses;Duplodnaviria;Heunggongvirae;Uroviricota;Caudoviricetes;;
k127_408668	2935	No terminal repeats	NA	4	11	0.8688	NA	0	1.7183	Viruses;Duplodnaviria;Heunggongvirae;Uroviricota;Caudoviricetes;;
k127_104304	339	No terminal repeats	NA	1	11	0.8679	NA	1	1.4880	Viruses;Duplodnaviria;Heunggongvirae;Uroviricota;Caudoviricetes;;
k127_21498	363	No terminal repeats	NA	2	11	0.8677	NA	1	1.0928	Unclassified
k127_102588	511	No terminal repeats	NA	1	11	0.8651	NA	1	1.5293	Viruses;Duplodnaviria;Heunggongvirae;Uroviricota;Caudoviricetes;;
k127_443228	359	No terminal repeats	NA	1	11	0.8626	NA	1	1.1530	Viruses;Duplodnaviria;Heunggongvirae;Uroviricota;Caudoviricetes;;
k127_145763	381	No terminal repeats	NA	1	11	0.8624	NA	1	1.4793	Viruses;Duplodnaviria;Heunggongvirae;Uroviricota;Caudoviricetes;;
k127_441288	621	No terminal repeats	NA	1	11	0.8624	NA	1	1.7183	Viruses;Duplodnaviria;Heunggongvirae;Uroviricota;Caudoviricetes;;
k127_262445	462	No terminal repeats	NA	2	11	0.8615	NA	1	1.7183	Viruses;Duplodnaviria;Heunggongvirae;Uroviricota;Caudoviricetes;;
k127_258447	621	No terminal repeats	NA	1	11	0.8611	NA	1	1.7183	Viruses;Duplodnaviria;Heunggongvirae;Uroviricota;Caudoviricetes;;
k127_275081	581	No terminal repeats	NA	1	11	0.8585	NA	1	1.7183	Viruses;Duplodnaviria;Heunggongvirae;Uroviricota;Caudoviricetes;;
k127_159911	320	No terminal repeats	NA	1	11	0.8575	NA	1	1.7183	Viruses;Duplodnaviria;Heunggongvirae;Uroviricota;Caudoviricetes;;
k127_353982	651	No terminal repeats	NA	1	11	0.8575	NA	1	1.7183	Viruses;Duplodnaviria;Heunggongvirae;Uroviricota;Caudoviricetes;;
k127_330767	359	No terminal repeats	NA	1	11	0.8570	NA	1	1.5164	Viruses;Duplodnaviria;Heunggongvirae;Uroviricota;Caudoviricetes;;
k127_139746	1051	No terminal repeats	NA	2	11	0.8493	NA	1	2.4550	Viruses;Duplodnaviria;Heunggongvirae;Uroviricota;Caudoviricetes;;
k127_199227	562	No terminal repeats	NA	1	11	0.8493	NA	1	1.3984	Viruses;Duplodnaviria;Heunggongvirae;Uroviricota;Caudoviricetes;;
k127_455528	305	No terminal repeats	NA	1	11	0.8477	NA	1	1.2944	Viruses;Duplodnaviria;Heunggongvirae;Uroviricota;Caudoviricetes;;
k127_450422	422	No terminal repeats	NA	1	11	0.8458	NA	1	1.3074	Viruses;Duplodnaviria;Heunggongvirae;Uroviricota;Caudoviricetes;;
k127_57669	401	No terminal repeats	NA	1	11	0.8438	NA	1	1.3218	Viruses;Duplodnaviria;Heunggongvirae;Uroviricota;Caudoviricetes;;
k127_376656	803	No terminal repeats	NA	3	11	0.8432	NA	1	2.2972	Viruses;Duplodnaviria;Heunggongvirae;Uroviricota;Caudoviricetes;;
k127_23186	463	No terminal repeats	NA	1	11	0.8410	NA	1	1.7183	Viruses;Duplodnaviria;Heunggongvirae;Uroviricota;Caudoviricetes;;
k127_177583	516	No terminal repeats	NA	1	11	0.8394	NA	1	1.0597	Unclassified
k127_160847	483	No terminal repeats	NA	1	11	0.8376	NA	1	1.2306	Viruses;Duplodnaviria;Heunggongvirae;Uroviricota;Caudoviricetes;;
k127_151029	1274	No terminal repeats	NA	2	11	0.8369	NA	1	1.7183	Viruses;Riboviria;Orthornavirae;Pisuviricota;Duplopiviricetes;Durnavirales;Partitiviridae
k127_39372	578	No terminal repeats	NA	1	11	0.8368	NA	1	1.2306	Viruses;Duplodnaviria;Heunggongvirae;Uroviricota;Caudoviricetes;;
k127_432620	428	No terminal repeats	NA	2	11	0.8346	NA	1	2.5838	Viruses;Duplodnaviria;Heunggongvirae;Uroviricota;Caudoviricetes;;
k127_265211	398	No terminal repeats	NA	1	11	0.8343	NA	1	1.4242	Viruses;Duplodnaviria;Heunggongvirae;Uroviricota;Caudoviricetes;;
k127_6173	329	No terminal repeats	NA	1	11	0.8330	NA	1	1.4880	Viruses;Duplodnaviria;Heunggongvirae;Uroviricota;Caudoviricetes;;
k127_224215	329	No terminal repeats	NA	2	11	0.8330	NA	1	1.5379	Viruses;Duplodnaviria;Heunggongvirae;Uroviricota;Caudoviricetes;;
k127_333927	468	No terminal repeats	NA	1	11	0.8311	NA	1	1.0851	Viruses;Duplodnaviria;Heunggongvirae;Uroviricota;Caudoviricetes;;
k127_77436	577	No terminal repeats	NA	1	11	0.8297	NA	1	1.7183	Viruses;Duplodnaviria;Heunggongvirae;Uroviricota;Caudoviricetes;;
k127_67706	607	No terminal repeats	NA	1	11	0.8281	NA	1	1.3550	Viruses;Duplodnaviria;Heunggongvirae;Uroviricota;Caudoviricetes;;
k127_293295	465	No terminal repeats	NA	1	11	0.8279	NA	1	1.7183	Viruses;Duplodnaviria;Heunggongvirae;Uroviricota;Caudoviricetes;;
k127_103347	465	No terminal repeats	NA	1	11	0.8270	NA	1	1.0862	Viruses;Duplodnaviria;Heunggongvirae;Uroviricota;Caudoviricetes;;
k127_151623	336	No terminal repeats	NA	1	11	0.8262	NA	1	1.3639	Viruses;Duplodnaviria;Heunggongvirae;Uroviricota;Caudoviricetes;;
k127_264053	1251	No terminal repeats	NA	1	11	0.8256	NA	1	1.7183	Viruses;Riboviria;Orthornavirae;Pisuviricota;Duplopiviricetes;Durnavirales;Partitiviridae
k127_356686	331	No terminal repeats	NA	1	11	0.8251	NA	1	1.2332	Viruses;Duplodnaviria;Heunggongvirae;Uroviricota;Caudoviricetes;;
k127_330742	1301	No terminal repeats	NA	1	11	0.8218	NA	1	1.7183	Viruses;Duplodnaviria;Heunggongvirae;Uroviricota;Caudoviricetes;;
k127_352422	534	No terminal repeats	NA	1	11	0.8202	NA	1	1.7183	Unclassified
k127_266191	544	No terminal repeats	NA	1	11	0.8182	NA	1	1.7104	Viruses;Duplodnaviria;Heunggongvirae;Uroviricota;Caudoviricetes;;
k127_365225	361	No terminal repeats	NA	1	11	0.8173	NA	1	1.5168	Viruses;Duplodnaviria;Heunggongvirae;Uroviricota;Caudoviricetes;;
k127_68073	813	No terminal repeats	NA	1	11	0.8171	NA	1	1.7183	Viruses;Duplodnaviria;Heunggongvirae;Uroviricota;Caudoviricetes;;
k127_458687	442	No terminal repeats	NA	1	11	0.8170	NA	1	1.7183	Viruses;Duplodnaviria;Heunggongvirae;Uroviricota;Caudoviricetes;;
k127_447984	457	No terminal repeats	NA	1	11	0.8166	NA	1	1.2306	Viruses;Duplodnaviria;Heunggongvirae;Uroviricota;Caudoviricetes;;
k127_392304	323	No terminal repeats	NA	1	11	0.8160	NA	1	1.2708	Viruses;Duplodnaviria;Heunggongvirae;Uroviricota;Caudoviricetes;;
k127_302717	379	No terminal repeats	NA	1	11	0.8160	NA	1	1.4506	Viruses;Duplodnaviria;Heunggongvirae;Uroviricota;Caudoviricetes;;
k127_302417	528	No terminal repeats	NA	1	11	0.8081	NA	1	1.7183	Viruses;Duplodnaviria;Heunggongvirae;Uroviricota;Caudoviricetes;;
k127_277691	421	No terminal repeats	NA	1	11	0.8069	NA	1	1.3500	Viruses;Duplodnaviria;Heunggongvirae;Uroviricota;Caudoviricetes;;
k127_111306	442	No terminal repeats	NA	2	11	0.8068	NA	1	1.2594	Viruses;Duplodnaviria;Heunggongvirae;Uroviricota;Caudoviricetes;;
k127_147544	421	No terminal repeats	NA	2	11	0.8044	NA	1	1.7183	Viruses;Duplodnaviria;Heunggongvirae;Uroviricota;Caudoviricetes;;
k127_139926	318	No terminal repeats	NA	1	11	0.8009	NA	1	1.3168	Viruses;Duplodnaviria;Heunggongvirae;Uroviricota;Caudoviricetes;;
k127_58816	563	No terminal repeats	NA	1	11	0.8006	NA	1	1.7183	Viruses;Duplodnaviria;Heunggongvirae;Uroviricota;Caudoviricetes;;
k127_177831	741	No terminal repeats	NA	2	11	0.8003	NA	1	1.7183	Viruses;Duplodnaviria;Heunggongvirae;Uroviricota;Caudoviricetes;;
k127_387116	504	No terminal repeats	NA	1	11	0.7986	NA	1	1.2306	Viruses;Duplodnaviria;Heunggongvirae;Uroviricota;Caudoviricetes;;
k127_357128	1051	No terminal repeats	NA	3	11	0.7984	NA	2	3.2456	Viruses;Duplodnaviria;Heunggongvirae;Uroviricota;Caudoviricetes;;
k127_51700	934	No terminal repeats	NA	3	11	0.7983	NA	1	2.8795	Viruses;Duplodnaviria;Heunggongvirae;Uroviricota;Caudoviricetes;;
k127_400485	653	No terminal repeats	NA	2	11	0.7952	NA	1	1.3464	Viruses;Duplodnaviria;Heunggongvirae;Uroviricota;Caudoviricetes;;
k127_57505	710	No terminal repeats	NA	1	11	0.7949	NA	1	1.7171	Viruses;Duplodnaviria;Heunggongvirae;Uroviricota;Caudoviricetes;;
k127_436617	2574	No terminal repeats	NA	4	11	0.7929	NA	0	1.7183	Viruses;Duplodnaviria;Heunggongvirae;Uroviricota;Caudoviricetes;;
k127_241374	329	No terminal repeats	NA	1	11	0.7922	NA	1	1.3464	Viruses;Duplodnaviria;Heunggongvirae;Uroviricota;Caudoviricetes;;
k127_198316	344	No terminal repeats	NA	1	11	0.7921	NA	1	1.1256	Unclassified
k127_422118	694	No terminal repeats	NA	1	11	0.7919	NA	1	1.3383	Viruses;Duplodnaviria;Heunggongvirae;Uroviricota;Caudoviricetes;;
k127_112527	680	No terminal repeats	NA	2	11	0.7916	NA	1	1.6225	Viruses;Duplodnaviria;Heunggongvirae;Uroviricota;Caudoviricetes;;
k127_53783	1184	No terminal repeats	NA	1	11	0.7904	NA	1	1.7183	Viruses;Duplodnaviria;Heunggongvirae;Uroviricota;Caudoviricetes;;
k127_382394	408	No terminal repeats	NA	1	11	0.7899	NA	1	1.2436	Viruses;Duplodnaviria;Heunggongvirae;Uroviricota;Caudoviricetes;;Autographiviridae
k127_137703	573	No terminal repeats	NA	3	11	0.7860	NA	1	1.7183	Viruses;Duplodnaviria;Heunggongvirae;Uroviricota;Caudoviricetes;;
k127_406432	348	No terminal repeats	NA	1	11	0.7826	NA	1	1.6774	Viruses;Duplodnaviria;Heunggongvirae;Uroviricota;Caudoviricetes;;
k127_362386	480	No terminal repeats	NA	1	11	0.7816	NA	1	0.9531	Viruses;Duplodnaviria;Heunggongvirae;Uroviricota;Caudoviricetes;;
k127_362639	727	No terminal repeats	NA	1	11	0.7750	NA	1	1.7183	Viruses;Duplodnaviria;Heunggongvirae;Uroviricota;Caudoviricetes;;
k127_344428	533	No terminal repeats	NA	1	11	0.7739	NA	1	1.2306	Viruses;Duplodnaviria;Heunggongvirae;Uroviricota;Caudoviricetes;;
k127_103370	701	No terminal repeats	NA	2	11	0.7733	NA	1	1.7183	Viruses;Duplodnaviria;Heunggongvirae;Uroviricota;Caudoviricetes;;
k127_290028	870	No terminal repeats	NA	1	11	0.7713	NA	1	1.7183	Viruses;Duplodnaviria;Heunggongvirae;Uroviricota;Caudoviricetes;;
k127_240088	509	No terminal repeats	NA	2	11	0.7647	NA	1	1.3383	Viruses;Duplodnaviria;Heunggongvirae;Uroviricota;Caudoviricetes;;
k127_89312	319	No terminal repeats	NA	1	11	0.7632	NA	1	1.2709	Viruses;Duplodnaviria;Heunggongvirae;Uroviricota;Caudoviricetes;;Mesyanzhinovviridae
k127_10160	857	No terminal repeats	NA	1	11	0.7631	NA	1	1.7165	Viruses;Duplodnaviria;Heunggongvirae;Uroviricota;Caudoviricetes;;
k127_397522	401	No terminal repeats	NA	2	11	0.7594	NA	1	1.0851	Viruses;Duplodnaviria;Heunggongvirae;Uroviricota;Caudoviricetes;;
k127_161963	336	No terminal repeats	NA	1	11	0.7584	NA	1	1.0862	Viruses;Duplodnaviria;Heunggongvirae;Uroviricota;Caudoviricetes;;
k127_154989	310	No terminal repeats	NA	1	11	0.7536	NA	1	1.4704	Viruses;Duplodnaviria;Heunggongvirae;Uroviricota;Caudoviricetes;;
k127_226371	400	No terminal repeats	NA	1	11	0.7515	NA	1	1.3168	Viruses;Duplodnaviria;Heunggongvirae;Uroviricota;Caudoviricetes;;
k127_106800	922	No terminal repeats	NA	2	11	0.7512	NA	1	1.1262	Viruses;Duplodnaviria;Heunggongvirae;Uroviricota;Caudoviricetes;;
k127_261268	364	No terminal repeats	NA	1	11	0.7496	NA	1	1.7066	Viruses;Duplodnaviria;Heunggongvirae;Uroviricota;Caudoviricetes;;
k127_8172	872	No terminal repeats	NA	1	11	0.7489	NA	1	1.2306	Viruses;Duplodnaviria;Heunggongvirae;Uroviricota;Caudoviricetes;;
k127_68515	867	No terminal repeats	NA	1	11	0.7464	NA	1	1.2306	Viruses;Duplodnaviria;Heunggongvirae;Uroviricota;Caudoviricetes;;
k127_128702	1158	No terminal repeats	NA	2	11	0.7455	NA	1	1.4828	Viruses;Duplodnaviria;Heunggongvirae;Uroviricota;Caudoviricetes;;
k127_185635	407	No terminal repeats	NA	2	11	0.7436	NA	1	1.2290	Viruses;Duplodnaviria;Heunggongvirae;Uroviricota;Caudoviricetes;;
k127_286339	527	No terminal repeats	NA	2	11	0.7428	NA	1	1.7183	Viruses;Duplodnaviria;Heunggongvirae;Uroviricota;Caudoviricetes;;
k127_448884	525	No terminal repeats	NA	2	11	0.7426	NA	1	1.6857	Viruses;Duplodnaviria;Heunggongvirae;Uroviricota;Caudoviricetes;;
k127_245019	707	No terminal repeats	NA	1	11	0.7388	NA	1	1.7165	Viruses;Duplodnaviria;Heunggongvirae;Uroviricota;Caudoviricetes;;
k127_430816	349	No terminal repeats	NA	1	11	0.7384	NA	1	1.7020	Viruses;Duplodnaviria;Heunggongvirae;Uroviricota;Caudoviricetes;;
k127_96224	417	No terminal repeats	NA	1	11	0.7375	NA	1	1.7136	Viruses;Duplodnaviria;Heunggongvirae;Uroviricota;Caudoviricetes;;
k127_181501	1005	No terminal repeats	NA	2	11	0.7372	NA	1	1.7183	Viruses;Duplodnaviria;Heunggongvirae;Uroviricota;Caudoviricetes;;Drexlerviridae
k127_274961	498	No terminal repeats	NA	2	11	0.7362	NA	1	0.9531	Viruses;Duplodnaviria;Heunggongvirae;Uroviricota;Caudoviricetes;;
k127_377502	731	No terminal repeats	NA	2	11	0.7361	NA	1	1.7183	Viruses;Duplodnaviria;Heunggongvirae;Uroviricota;Caudoviricetes;;
k127_189028	312	No terminal repeats	NA	1	11	0.7335	NA	1	1.0597	Unclassified
k127_241877	590	No terminal repeats	NA	1	11	0.7327	NA	1	1.1904	Viruses;Duplodnaviria;Heunggongvirae;Uroviricota;Caudoviricetes;;
k127_24787	391	No terminal repeats	NA	1	11	0.7297	NA	1	1.2708	Viruses;Duplodnaviria;Heunggongvirae;Uroviricota;Caudoviricetes;;
k127_373737	2939	No terminal repeats	NA	2	11	0.7294	NA	0	3.1062	Viruses;Duplodnaviria;Heunggongvirae;Uroviricota;Caudoviricetes;;
k127_161165	374	No terminal repeats	NA	1	11	0.7289	NA	1	1.2261	Viruses;Duplodnaviria;Heunggongvirae;Uroviricota;Caudoviricetes;;
k127_217805	361	No terminal repeats	NA	1	11	0.7256	NA	1	1.2944	Viruses;Duplodnaviria;Heunggongvirae;Uroviricota;Caudoviricetes;;
k127_366213	318	No terminal repeats	NA	1	11	0.7245	NA	1	1.6245	Viruses;Duplodnaviria;Heunggongvirae;Uroviricota;Caudoviricetes;;
k127_139710	542	No terminal repeats	NA	1	11	0.7239	NA	1	1.2306	Viruses;Duplodnaviria;Heunggongvirae;Uroviricota;Caudoviricetes;;
k127_453063	339	No terminal repeats	NA	1	11	0.7191	NA	1	1.6276	Unclassified
k127_290545	424	No terminal repeats	NA	1	11	0.7145	NA	1	1.7020	Viruses;Duplodnaviria;Heunggongvirae;Uroviricota;Caudoviricetes;;
k127_29485	609	No terminal repeats	NA	1	11	0.7144	NA	1	1.3307	Viruses;Duplodnaviria;Heunggongvirae;Uroviricota;Caudoviricetes;;
k127_338384	429	No terminal repeats	NA	1	11	0.7109	NA	1	0.9531	Viruses;Duplodnaviria;Heunggongvirae;Uroviricota;Caudoviricetes;;
k127_136004	301	No terminal repeats	NA	1	11	0.7077	NA	1	1.5539	Viruses;Duplodnaviria;Heunggongvirae;Uroviricota;Caudoviricetes;;
k127_346125	333	No terminal repeats	NA	1	11	0.7060	NA	1	1.2332	Viruses;Duplodnaviria;Heunggongvirae;Uroviricota;Caudoviricetes;;
k127_79423	1363	No terminal repeats	NA	2	11	0.7048	NA	1	1.9400	Viruses;Duplodnaviria;Heunggongvirae;Uroviricota;Caudoviricetes;;
