seq_name	length	topology	coordinates	n_genes	genetic_code	virus_score	fdr	n_hallmarks	marker_enrichment	taxonomy
k127_428236	427	No terminal repeats	NA	1	11	0.9642	NA	1	1.4652	Viruses;Duplodnaviria;Heunggongvirae;Uroviricota;Caudoviricetes;;
k127_14210	307	No terminal repeats	NA	1	11	0.9630	NA	1	1.4595	Viruses;Duplodnaviria;Heunggongvirae;Uroviricota;Caudoviricetes;;
k127_252008	384	No terminal repeats	NA	1	11	0.9617	NA	1	1.7183	Viruses;Duplodnaviria;Heunggongvirae;Uroviricota;Caudoviricetes;;
k127_139405	326	No terminal repeats	NA	1	11	0.9589	NA	1	1.7183	Viruses;Duplodnaviria;Heunggongvirae;Uroviricota;Caudoviricetes;;
k127_236130	345	No terminal repeats	NA	1	11	0.9572	NA	1	1.7183	Viruses;Duplodnaviria;Heunggongvirae;Uroviricota;Caudoviricetes;;
k127_459485	499	No terminal repeats	NA	1	11	0.9567	NA	1	1.7183	Viruses;Duplodnaviria;Heunggongvirae;Uroviricota;Caudoviricetes;;
k127_248208	467	No terminal repeats	NA	1	11	0.9554	NA	1	1.7183	Viruses;Riboviria;Orthornavirae;Pisuviricota;Duplopiviricetes;Durnavirales;Partitiviridae
k127_52215	328	No terminal repeats	NA	1	11	0.9543	NA	1	1.4698	Viruses;Duplodnaviria;Heunggongvirae;Uroviricota;Caudoviricetes;;
k127_167049	312	No terminal repeats	NA	1	11	0.9495	NA	1	1.5961	Unclassified
k127_121481	360	No terminal repeats	NA	1	11	0.9495	NA	1	1.7183	Viruses;Duplodnaviria;Heunggongvirae;Uroviricota;Caudoviricetes;;
k127_358118	566	No terminal repeats	NA	1	11	0.9493	NA	1	1.7183	Viruses;Duplodnaviria;Heunggongvirae;Uroviricota;Caudoviricetes;;
k127_274361	341	No terminal repeats	NA	1	11	0.9489	NA	1	1.7183	Viruses;Duplodnaviria;Heunggongvirae;Uroviricota;Caudoviricetes;;
k127_215775	551	No terminal repeats	NA	1	11	0.9484	NA	1	1.4698	Viruses;Duplodnaviria;Heunggongvirae;Uroviricota;Caudoviricetes;;
k127_446113	2425	No terminal repeats	NA	3	11	0.9482	NA	1	4.5876	Viruses;Duplodnaviria;Heunggongvirae;Uroviricota;Caudoviricetes;;
k127_96462	596	No terminal repeats	NA	1	11	0.9477	NA	1	1.4698	Viruses;Duplodnaviria;Heunggongvirae;Uroviricota;Caudoviricetes;;
k127_187006	538	No terminal repeats	NA	1	11	0.9471	NA	1	1.4595	Viruses;Duplodnaviria;Heunggongvirae;Uroviricota;Caudoviricetes;;
k127_292231	442	No terminal repeats	NA	1	11	0.9465	NA	1	1.4698	Viruses;Duplodnaviria;Heunggongvirae;Uroviricota;Caudoviricetes;;
k127_359486	345	No terminal repeats	NA	1	11	0.9461	NA	1	1.4595	Viruses;Duplodnaviria;Heunggongvirae;Uroviricota;Caudoviricetes;;
k127_409275	340	No terminal repeats	NA	1	11	0.9459	NA	1	1.7183	Viruses;Duplodnaviria;Heunggongvirae;Uroviricota;Caudoviricetes;;
k127_239382	370	No terminal repeats	NA	1	11	0.9441	NA	1	1.7183	Viruses;Duplodnaviria;Heunggongvirae;Uroviricota;Caudoviricetes;;
k127_301141	419	No terminal repeats	NA	1	11	0.9427	NA	1	1.4595	Viruses;Duplodnaviria;Heunggongvirae;Uroviricota;Caudoviricetes;;
k127_413445	786	No terminal repeats	NA	2	11	0.9425	NA	2	2.4853	Viruses;Duplodnaviria;Heunggongvirae;Uroviricota;Caudoviricetes;;
k127_390891	327	No terminal repeats	NA	1	11	0.9418	NA	1	1.7183	Viruses;Duplodnaviria;Heunggongvirae;Uroviricota;Caudoviricetes;;
k127_336823	319	No terminal repeats	NA	1	11	0.9416	NA	1	1.4595	Viruses;Duplodnaviria;Heunggongvirae;Uroviricota;Caudoviricetes;;
k127_402722	570	No terminal repeats	NA	1	11	0.9415	NA	1	1.4595	Viruses;Duplodnaviria;Heunggongvirae;Uroviricota;Caudoviricetes;;
k127_393506	1075	No terminal repeats	NA	1	11	0.9412	NA	1	1.7183	Viruses;Duplodnaviria;Heunggongvirae;Uroviricota;Caudoviricetes;;
k127_336161	326	No terminal repeats	NA	1	11	0.9409	NA	1	1.4698	Viruses;Duplodnaviria;Heunggongvirae;Uroviricota;Caudoviricetes;;
k127_52661	352	No terminal repeats	NA	1	11	0.9409	NA	1	1.7183	Viruses;Duplodnaviria;Heunggongvirae;Uroviricota;Caudoviricetes;;
k127_79318	385	No terminal repeats	NA	1	11	0.9403	NA	1	1.7183	Viruses;Duplodnaviria;Heunggongvirae;Uroviricota;Caudoviricetes;;
k127_17247	380	No terminal repeats	NA	1	11	0.9397	NA	1	1.7183	Viruses;Duplodnaviria;Heunggongvirae;Uroviricota;Caudoviricetes;;
k127_222223	320	No terminal repeats	NA	1	11	0.9392	NA	1	1.7183	Viruses;Duplodnaviria;Heunggongvirae;Uroviricota;Caudoviricetes;;
k127_329515	389	No terminal repeats	NA	1	11	0.9391	NA	1	1.7183	Viruses;Duplodnaviria;Heunggongvirae;Uroviricota;Caudoviricetes;;
k127_137947	454	No terminal repeats	NA	1	11	0.9367	NA	1	1.7183	Viruses;Duplodnaviria;Heunggongvirae;Uroviricota;Caudoviricetes;;
k127_413291	893	No terminal repeats	NA	2	11	0.9364	NA	1	2.6762	Viruses;Duplodnaviria;Heunggongvirae;Uroviricota;Caudoviricetes;;
k127_32192	330	No terminal repeats	NA	1	11	0.9364	NA	1	1.7183	Viruses;Duplodnaviria;Heunggongvirae;Uroviricota;Caudoviricetes;;
k127_310115	648	No terminal repeats	NA	1	11	0.9353	NA	1	1.4595	Viruses;Duplodnaviria;Heunggongvirae;Uroviricota;Caudoviricetes;;
k127_394157	317	No terminal repeats	NA	1	11	0.9351	NA	1	1.7183	Viruses;Duplodnaviria;Heunggongvirae;Uroviricota;Caudoviricetes;;
k127_229878	389	No terminal repeats	NA	2	11	0.9338	NA	1	1.7183	Viruses;Duplodnaviria;Heunggongvirae;Uroviricota;Caudoviricetes;;Herelleviridae
k127_212612	531	No terminal repeats	NA	2	11	0.9338	NA	1	2.7935	Viruses;Duplodnaviria;Heunggongvirae;Uroviricota;Caudoviricetes;;
k127_102354	356	No terminal repeats	NA	1	11	0.9336	NA	1	1.7183	Viruses;Duplodnaviria;Heunggongvirae;Uroviricota;Caudoviricetes;;
k127_108492	1647	No terminal repeats	NA	2	11	0.9335	NA	1	2.8214	Viruses;Duplodnaviria;Heunggongvirae;Uroviricota;Caudoviricetes;;
k127_394832	366	No terminal repeats	NA	1	11	0.9334	NA	1	1.6094	Viruses;Duplodnaviria;Heunggongvirae;Uroviricota;Caudoviricetes;;
k127_339499	677	No terminal repeats	NA	1	11	0.9332	NA	1	1.7183	Viruses;Duplodnaviria;Heunggongvirae;Uroviricota;Caudoviricetes;;
k127_153797	323	No terminal repeats	NA	1	11	0.9331	NA	1	1.7183	Viruses;Duplodnaviria;Heunggongvirae;Uroviricota;Caudoviricetes;;
k127_206199	460	No terminal repeats	NA	1	11	0.9322	NA	1	1.4595	Viruses;Duplodnaviria;Heunggongvirae;Uroviricota;Caudoviricetes;;
k127_348664	513	No terminal repeats	NA	2	11	0.9322	NA	1	1.7183	Viruses;Duplodnaviria;Heunggongvirae;Uroviricota;Caudoviricetes;;Herelleviridae
k127_170747	422	No terminal repeats	NA	1	4	0.9314	NA	1	1.3035	Viruses;Duplodnaviria;Heunggongvirae;Uroviricota;Caudoviricetes;;
k127_460964	877	No terminal repeats	NA	1	11	0.9312	NA	1	1.4698	Viruses;Duplodnaviria;Heunggongvirae;Uroviricota;Caudoviricetes;;
k127_2945	454	No terminal repeats	NA	1	11	0.9312	NA	1	1.7183	Viruses;Duplodnaviria;Heunggongvirae;Uroviricota;Caudoviricetes;;
k127_236571	444	No terminal repeats	NA	1	11	0.9309	NA	1	1.7183	Viruses;Duplodnaviria;Heunggongvirae;Uroviricota;Caudoviricetes;;Straboviridae
k127_240000	624	No terminal repeats	NA	1	11	0.9296	NA	1	1.7183	Viruses;Duplodnaviria;Heunggongvirae;Uroviricota;Caudoviricetes;;Herelleviridae
k127_413608	335	No terminal repeats	NA	1	11	0.9289	NA	1	1.7183	Viruses;Duplodnaviria;Heunggongvirae;Uroviricota;Caudoviricetes;;
k127_212406	475	No terminal repeats	NA	2	11	0.9281	NA	1	1.7183	Viruses;Duplodnaviria;Heunggongvirae;Uroviricota;Caudoviricetes;;Herelleviridae
k127_253727	411	No terminal repeats	NA	1	11	0.9275	NA	1	1.7183	Viruses;Duplodnaviria;Heunggongvirae;Uroviricota;Caudoviricetes;;
k127_326	338	No terminal repeats	NA	2	11	0.9271	NA	1	1.7183	Unclassified
k127_384654	755	No terminal repeats	NA	1	11	0.9261	NA	1	1.7183	Viruses;Duplodnaviria;Heunggongvirae;Uroviricota;Caudoviricetes;;Drexlerviridae
k127_120576	635	No terminal repeats	NA	2	11	0.9258	NA	2	2.8009	Viruses;Duplodnaviria;Heunggongvirae;Uroviricota;Caudoviricetes;;
k127_111610	595	No terminal repeats	NA	1	11	0.9256	NA	1	1.4749	Viruses;Duplodnaviria;Heunggongvirae;Uroviricota;Caudoviricetes;;
k127_32925	324	No terminal repeats	NA	1	11	0.9256	NA	1	1.7183	Viruses;Duplodnaviria;Heunggongvirae;Uroviricota;Caudoviricetes;;
k127_216413	769	No terminal repeats	NA	2	11	0.9238	NA	1	3.1778	Viruses;Duplodnaviria;Heunggongvirae;Uroviricota;Caudoviricetes;;
k127_352037	316	No terminal repeats	NA	1	11	0.9238	NA	1	1.7183	Viruses;Duplodnaviria;Heunggongvirae;Uroviricota;Caudoviricetes;;
k127_113481	430	No terminal repeats	NA	1	11	0.9231	NA	1	1.7183	Viruses;Duplodnaviria;Heunggongvirae;Uroviricota;Caudoviricetes;;
k127_12671	440	No terminal repeats	NA	1	11	0.9225	NA	1	1.7183	Viruses;Duplodnaviria;Heunggongvirae;Uroviricota;Caudoviricetes;;
k127_387421	382	No terminal repeats	NA	1	11	0.9224	NA	1	1.7183	Viruses;Duplodnaviria;Heunggongvirae;Uroviricota;Caudoviricetes;;Drexlerviridae
k127_114705	1077	No terminal repeats	NA	3	11	0.9208	NA	1	5.0115	Viruses;Duplodnaviria;Heunggongvirae;Uroviricota;Caudoviricetes;;
k127_457259	583	No terminal repeats	NA	1	11	0.9200	NA	1	1.7183	Viruses;Duplodnaviria;Heunggongvirae;Uroviricota;Caudoviricetes;;
k127_434760	549	No terminal repeats	NA	1	11	0.9199	NA	1	1.7183	Viruses;Duplodnaviria;Heunggongvirae;Uroviricota;Caudoviricetes;;
k127_100998	524	No terminal repeats	NA	1	11	0.9195	NA	1	1.7183	Viruses;Duplodnaviria;Heunggongvirae;Uroviricota;Caudoviricetes;;
k127_46760	538	No terminal repeats	NA	1	11	0.9186	NA	1	1.4595	Viruses;Duplodnaviria;Heunggongvirae;Uroviricota;Caudoviricetes;;
k127_332565	479	No terminal repeats	NA	1	11	0.9185	NA	1	1.4764	Viruses;Duplodnaviria;Heunggongvirae;Uroviricota;Caudoviricetes;;
k127_41715	516	No terminal repeats	NA	1	11	0.9181	NA	1	1.7183	Viruses;Duplodnaviria;Heunggongvirae;Uroviricota;Caudoviricetes;;
k127_55620	386	No terminal repeats	NA	1	11	0.9178	NA	1	1.4595	Viruses;Duplodnaviria;Heunggongvirae;Uroviricota;Caudoviricetes;;
k127_80185	428	No terminal repeats	NA	1	11	0.9172	NA	1	1.7183	Viruses;Duplodnaviria;Heunggongvirae;Uroviricota;Caudoviricetes;;
k127_212950	360	No terminal repeats	NA	1	11	0.9169	NA	1	1.4749	Viruses;Duplodnaviria;Heunggongvirae;Uroviricota;Caudoviricetes;;
k127_383026	418	No terminal repeats	NA	1	11	0.9166	NA	1	1.7183	Viruses;Duplodnaviria;Heunggongvirae;Uroviricota;Caudoviricetes;;
k127_309982	503	No terminal repeats	NA	1	11	0.9165	NA	1	1.1806	Unclassified
k127_364494	332	No terminal repeats	NA	1	11	0.9163	NA	1	1.7183	Viruses;Duplodnaviria;Heunggongvirae;Uroviricota;Caudoviricetes;;
k127_16449	422	No terminal repeats	NA	1	11	0.9155	NA	1	1.2306	Viruses;Duplodnaviria;Heunggongvirae;Uroviricota;Caudoviricetes;;
k127_149498	307	No terminal repeats	NA	1	11	0.9155	NA	1	1.3916	Viruses;Duplodnaviria;Heunggongvirae;Uroviricota;Caudoviricetes;;
k127_10631	745	No terminal repeats	NA	1	11	0.9142	NA	1	1.7183	Viruses;Duplodnaviria;Heunggongvirae;Uroviricota;Caudoviricetes;;
k127_107485	397	No terminal repeats	NA	1	11	0.9136	NA	1	1.7183	Viruses;Duplodnaviria;Heunggongvirae;Uroviricota;Caudoviricetes;;
k127_216411	396	No terminal repeats	NA	1	11	0.9134	NA	1	1.4749	Viruses;Duplodnaviria;Heunggongvirae;Uroviricota;Caudoviricetes;;
k127_205504	868	No terminal repeats	NA	2	11	0.9122	NA	1	1.7183	Viruses;Duplodnaviria;Heunggongvirae;Uroviricota;Caudoviricetes;;
k127_151242	551	No terminal repeats	NA	1	11	0.9115	NA	1	1.7183	Viruses;Duplodnaviria;Heunggongvirae;Uroviricota;Caudoviricetes;;
k127_162952	555	No terminal repeats	NA	1	11	0.9109	NA	1	1.7183	Viruses;Duplodnaviria;Heunggongvirae;Uroviricota;Caudoviricetes;;
k127_342507	449	No terminal repeats	NA	1	11	0.9102	NA	1	1.7183	Viruses;Duplodnaviria;Heunggongvirae;Uroviricota;Caudoviricetes;;
k127_212030	1135	No terminal repeats	NA	2	11	0.9099	NA	1	2.5508	Viruses;Duplodnaviria;Heunggongvirae;Uroviricota;Caudoviricetes;;
k127_261177	481	No terminal repeats	NA	1	11	0.9097	NA	1	1.7183	Viruses;Duplodnaviria;Heunggongvirae;Uroviricota;Caudoviricetes;;
k127_170443	555	No terminal repeats	NA	1	11	0.9095	NA	1	1.7183	Viruses;Duplodnaviria;Heunggongvirae;Uroviricota;Caudoviricetes;;
k127_151419	536	No terminal repeats	NA	1	11	0.9095	NA	1	1.7183	Viruses;Duplodnaviria;Heunggongvirae;Uroviricota;Caudoviricetes;;Drexlerviridae
k127_219691	301	No terminal repeats	NA	1	11	0.9091	NA	1	1.7158	Unclassified
k127_97207	356	No terminal repeats	NA	1	11	0.9086	NA	1	1.4597	Viruses;Duplodnaviria;Heunggongvirae;Uroviricota;Caudoviricetes;;
k127_73343	349	No terminal repeats	NA	1	11	0.9083	NA	1	1.5393	Viruses;Duplodnaviria;Heunggongvirae;Uroviricota;Caudoviricetes;;
k127_409119	225	No terminal repeats	NA	1	11	0.9079	NA	1	1.4764	Viruses;Duplodnaviria;Heunggongvirae;Uroviricota;Caudoviricetes;;
k127_112018	421	No terminal repeats	NA	1	11	0.9059	NA	1	1.4764	Viruses;Duplodnaviria;Heunggongvirae;Uroviricota;Caudoviricetes;;
k127_113056	368	No terminal repeats	NA	1	11	0.9058	NA	1	1.4749	Viruses;Duplodnaviria;Heunggongvirae;Uroviricota;Caudoviricetes;;
k127_117128	375	No terminal repeats	NA	2	11	0.9057	NA	1	2.8963	Viruses;Duplodnaviria;Heunggongvirae;Uroviricota;Caudoviricetes;;
k127_232079	702	No terminal repeats	NA	1	11	0.9051	NA	1	1.7183	Viruses;Duplodnaviria;Heunggongvirae;Uroviricota;Caudoviricetes;;
k127_231748	383	No terminal repeats	NA	1	11	0.9040	NA	1	1.7183	Viruses;Duplodnaviria;Heunggongvirae;Uroviricota;Caudoviricetes;;Herelleviridae
k127_347093	429	No terminal repeats	NA	2	11	0.9038	NA	1	1.7183	Viruses;Duplodnaviria;Heunggongvirae;Uroviricota;Caudoviricetes;;
k127_182451	623	No terminal repeats	NA	1	11	0.9034	NA	1	1.4880	Viruses;Duplodnaviria;Heunggongvirae;Uroviricota;Caudoviricetes;;
k127_427280	317	No terminal repeats	NA	1	11	0.9032	NA	1	1.3050	Viruses;Duplodnaviria;Heunggongvirae;Uroviricota;Caudoviricetes;;
k127_265060	507	No terminal repeats	NA	1	11	0.9026	NA	1	1.7183	Viruses;Duplodnaviria;Heunggongvirae;Uroviricota;Caudoviricetes;;
k127_298430	347	No terminal repeats	NA	1	11	0.9020	NA	1	1.4698	Viruses;Duplodnaviria;Heunggongvirae;Uroviricota;Caudoviricetes;;
k127_314766	665	No terminal repeats	NA	1	11	0.9019	NA	1	1.7183	Viruses;Duplodnaviria;Heunggongvirae;Uroviricota;Caudoviricetes;;
k127_224796	557	No terminal repeats	NA	1	11	0.9009	NA	1	1.7183	Viruses;Duplodnaviria;Heunggongvirae;Uroviricota;Caudoviricetes;;
k127_189877	323	No terminal repeats	NA	1	11	0.9008	NA	1	1.4880	Viruses;Duplodnaviria;Heunggongvirae;Uroviricota;Caudoviricetes;;
k127_102340	515	No terminal repeats	NA	1	11	0.9006	NA	1	1.7183	Viruses;Duplodnaviria;Heunggongvirae;Uroviricota;Caudoviricetes;;
k127_286184	310	No terminal repeats	NA	1	11	0.9001	NA	1	1.4764	Viruses;Duplodnaviria;Heunggongvirae;Uroviricota;Caudoviricetes;;
k127_238388	624	No terminal repeats	NA	2	11	0.8998	NA	1	1.4698	Viruses;Duplodnaviria;Heunggongvirae;Uroviricota;Caudoviricetes;;
k127_115075	318	No terminal repeats	NA	1	11	0.8998	NA	1	1.4764	Viruses;Duplodnaviria;Heunggongvirae;Uroviricota;Caudoviricetes;;
k127_131543	410	No terminal repeats	NA	1	11	0.8992	NA	1	1.4749	Viruses;Duplodnaviria;Heunggongvirae;Uroviricota;Caudoviricetes;;
k127_354100	339	No terminal repeats	NA	1	11	0.8991	NA	1	1.3823	Viruses;Duplodnaviria;Heunggongvirae;Uroviricota;Caudoviricetes;;
k127_43244	565	No terminal repeats	NA	1	11	0.8990	NA	1	1.1262	Viruses;Duplodnaviria;Heunggongvirae;Uroviricota;Caudoviricetes;;
k127_248687	1737	No terminal repeats	NA	1	11	0.8983	NA	1	1.7183	Viruses;Riboviria;Orthornavirae;Pisuviricota;Duplopiviricetes;Durnavirales;
k127_363833	803	No terminal repeats	NA	1	11	0.8980	NA	1	1.7183	Viruses;Duplodnaviria;Heunggongvirae;Uroviricota;Caudoviricetes;;
k127_265616	357	No terminal repeats	NA	1	11	0.8975	NA	1	1.4749	Viruses;Duplodnaviria;Heunggongvirae;Uroviricota;Caudoviricetes;;
k127_82225	442	No terminal repeats	NA	2	11	0.8973	NA	1	2.6762	Viruses;Duplodnaviria;Heunggongvirae;Uroviricota;Caudoviricetes;;
k127_205165	347	No terminal repeats	NA	1	11	0.8960	NA	1	1.4005	Viruses;Duplodnaviria;Heunggongvirae;Uroviricota;Caudoviricetes;;
k127_452961	442	No terminal repeats	NA	1	11	0.8959	NA	1	1.7161	Viruses;Duplodnaviria;Heunggongvirae;Uroviricota;Caudoviricetes;;
k127_280369	608	No terminal repeats	NA	1	11	0.8957	NA	1	1.4749	Viruses;Duplodnaviria;Heunggongvirae;Uroviricota;Caudoviricetes;;
k127_276724	514	No terminal repeats	NA	1	11	0.8954	NA	1	1.7183	Viruses;Duplodnaviria;Heunggongvirae;Uroviricota;Caudoviricetes;;
k127_395989	601	No terminal repeats	NA	2	11	0.8952	NA	1	3.4366	Viruses;Duplodnaviria;Heunggongvirae;Uroviricota;Caudoviricetes;;
k127_392590	453	No terminal repeats	NA	1	11	0.8951	NA	1	1.7183	Viruses;Duplodnaviria;Heunggongvirae;Uroviricota;Caudoviricetes;;
k127_417051	514	No terminal repeats	NA	1	11	0.8951	NA	1	1.7183	Viruses;Duplodnaviria;Heunggongvirae;Uroviricota;Caudoviricetes;;Drexlerviridae
k127_242935	908	No terminal repeats	NA	2	11	0.8950	NA	2	2.9629	Viruses;Duplodnaviria;Heunggongvirae;Uroviricota;Caudoviricetes;;
k127_57370	451	No terminal repeats	NA	1	11	0.8948	NA	1	1.7183	Viruses;Duplodnaviria;Heunggongvirae;Uroviricota;Caudoviricetes;;Drexlerviridae
k127_322547	1279	No terminal repeats	NA	3	11	0.8943	NA	2	2.6667	Viruses;Duplodnaviria;Heunggongvirae;Uroviricota;Caudoviricetes;;
k127_402657	346	No terminal repeats	NA	1	11	0.8933	NA	1	1.7183	Viruses;Duplodnaviria;Heunggongvirae;Uroviricota;Caudoviricetes;;Zobellviridae
k127_298641	331	No terminal repeats	NA	1	11	0.8925	NA	1	1.7183	Viruses;Duplodnaviria;Heunggongvirae;Uroviricota;Caudoviricetes;;
k127_437709	604	No terminal repeats	NA	1	11	0.8921	NA	1	1.4464	Viruses;Duplodnaviria;Heunggongvirae;Uroviricota;Caudoviricetes;;
k127_13767	1119	No terminal repeats	NA	1	11	0.8910	NA	1	1.7183	Viruses;Duplodnaviria;Heunggongvirae;Uroviricota;Caudoviricetes;;
k127_452021	608	No terminal repeats	NA	1	11	0.8900	NA	1	1.7183	Viruses;Duplodnaviria;Heunggongvirae;Uroviricota;Caudoviricetes;;
k127_242592	352	No terminal repeats	NA	1	11	0.8898	NA	1	1.7183	Viruses;Duplodnaviria;Heunggongvirae;Uroviricota;Caudoviricetes;;
k127_26384	399	No terminal repeats	NA	1	11	0.8894	NA	1	1.7183	Viruses;Duplodnaviria;Heunggongvirae;Uroviricota;Caudoviricetes;;
k127_28457	407	No terminal repeats	NA	1	11	0.8886	NA	1	1.4005	Viruses;Duplodnaviria;Heunggongvirae;Uroviricota;Caudoviricetes;;
k127_175290	825	No terminal repeats	NA	1	11	0.8882	NA	1	1.7183	Viruses;Duplodnaviria;Heunggongvirae;Uroviricota;Caudoviricetes;;
k127_99041	423	No terminal repeats	NA	1	11	0.8881	NA	1	1.7183	Viruses;Duplodnaviria;Heunggongvirae;Uroviricota;Caudoviricetes;;
k127_361014	441	No terminal repeats	NA	1	11	0.8874	NA	1	1.1262	Viruses;Duplodnaviria;Heunggongvirae;Uroviricota;Caudoviricetes;;
k127_132977	606	No terminal repeats	NA	1	11	0.8861	NA	1	1.7183	Viruses;Duplodnaviria;Heunggongvirae;Uroviricota;Caudoviricetes;;
k127_323367	360	No terminal repeats	NA	1	11	0.8854	NA	1	1.4880	Viruses;Duplodnaviria;Heunggongvirae;Uroviricota;Caudoviricetes;;
k127_74229	632	No terminal repeats	NA	1	11	0.8813	NA	1	1.0610	Viruses;Duplodnaviria;Heunggongvirae;Uroviricota;Caudoviricetes;;
k127_321852	301	No terminal repeats	NA	1	11	0.8813	NA	1	1.7183	Viruses;Duplodnaviria;Heunggongvirae;Uroviricota;Caudoviricetes;;
k127_392409	959	No terminal repeats	NA	1	11	0.8809	NA	1	1.7183	Viruses;Duplodnaviria;Heunggongvirae;Uroviricota;Caudoviricetes;;
k127_9785	350	No terminal repeats	NA	1	11	0.8803	NA	1	1.2277	Viruses;Duplodnaviria;Heunggongvirae;Uroviricota;Caudoviricetes;;
k127_462407	1604	No terminal repeats	NA	3	11	0.8793	NA	1	1.2751	Viruses;Duplodnaviria;Heunggongvirae;Uroviricota;Caudoviricetes;;
k127_125352	498	No terminal repeats	NA	1	11	0.8793	NA	1	1.2306	Viruses;Duplodnaviria;Heunggongvirae;Uroviricota;Caudoviricetes;;
k127_55203	315	No terminal repeats	NA	1	11	0.8792	NA	1	1.7002	Viruses;Duplodnaviria;Heunggongvirae;Uroviricota;Caudoviricetes;;
k127_417219	488	No terminal repeats	NA	2	11	0.8789	NA	1	1.4506	Viruses;Duplodnaviria;Heunggongvirae;Uroviricota;Caudoviricetes;;
k127_7152	624	No terminal repeats	NA	1	11	0.8786	NA	1	1.4749	Viruses;Duplodnaviria;Heunggongvirae;Uroviricota;Caudoviricetes;;
k127_262892	370	No terminal repeats	NA	1	11	0.8769	NA	1	1.3565	Viruses;Duplodnaviria;Heunggongvirae;Uroviricota;Caudoviricetes;;
k127_254062	312	No terminal repeats	NA	1	11	0.8768	NA	1	1.4049	Viruses;Duplodnaviria;Heunggongvirae;Uroviricota;Caudoviricetes;;
k127_399609	422	No terminal repeats	NA	1	11	0.8768	NA	1	1.7183	Viruses;Duplodnaviria;Heunggongvirae;Uroviricota;Caudoviricetes;;
k127_254115	452	No terminal repeats	NA	1	11	0.8763	NA	1	1.7183	Viruses;Duplodnaviria;Heunggongvirae;Uroviricota;Caudoviricetes;;Herelleviridae
k127_330919	373	No terminal repeats	NA	1	11	0.8762	NA	1	1.4749	Viruses;Duplodnaviria;Heunggongvirae;Uroviricota;Caudoviricetes;;
k127_410386	414	No terminal repeats	NA	1	11	0.8758	NA	1	1.7183	Viruses;Duplodnaviria;Heunggongvirae;Uroviricota;Caudoviricetes;;
k127_275902	435	No terminal repeats	NA	1	11	0.8757	NA	1	1.4880	Viruses;Duplodnaviria;Heunggongvirae;Uroviricota;Caudoviricetes;;
k127_320948	1158	No terminal repeats	NA	1	11	0.8752	NA	1	1.2306	Viruses;Duplodnaviria;Heunggongvirae;Uroviricota;Caudoviricetes;;
k127_15714	715	No terminal repeats	NA	1	11	0.8751	NA	1	1.7183	Viruses;Duplodnaviria;Heunggongvirae;Uroviricota;Caudoviricetes;;
k127_293888	406	No terminal repeats	NA	2	11	0.8747	NA	2	3.0176	Viruses;Duplodnaviria;Heunggongvirae;Uroviricota;Caudoviricetes;;
k127_412873	482	No terminal repeats	NA	1	11	0.8741	NA	1	1.7183	Viruses;Duplodnaviria;Heunggongvirae;Uroviricota;Caudoviricetes;;Drexlerviridae
k127_33420	681	No terminal repeats	NA	1	11	0.8736	NA	1	1.7183	Viruses;Duplodnaviria;Heunggongvirae;Uroviricota;Caudoviricetes;;Drexlerviridae
k127_139742	362	No terminal repeats	NA	1	11	0.8735	NA	1	1.4631	Viruses;Duplodnaviria;Heunggongvirae;Uroviricota;Caudoviricetes;;
k127_43237	649	No terminal repeats	NA	2	11	0.8734	NA	1	2.7935	Viruses;Duplodnaviria;Heunggongvirae;Uroviricota;Caudoviricetes;;
k127_74830	620	No terminal repeats	NA	1	11	0.8727	NA	1	1.7183	Viruses;Duplodnaviria;Heunggongvirae;Uroviricota;Caudoviricetes;;
k127_109951	321	No terminal repeats	NA	1	11	0.8711	NA	1	1.4880	Viruses;Duplodnaviria;Heunggongvirae;Uroviricota;Caudoviricetes;;
k127_97838	375	No terminal repeats	NA	1	11	0.8705	NA	1	1.2507	Viruses;Duplodnaviria;Heunggongvirae;Uroviricota;Caudoviricetes;;
k127_71163	361	No terminal repeats	NA	1	11	0.8700	NA	1	1.1262	Viruses;Duplodnaviria;Heunggongvirae;Uroviricota;Caudoviricetes;;
k127_423665	430	No terminal repeats	NA	1	11	0.8700	NA	1	1.7183	Viruses;Duplodnaviria;Heunggongvirae;Uroviricota;Caudoviricetes;;
k127_91810	908	No terminal repeats	NA	1	11	0.8699	NA	1	1.7183	Viruses;Duplodnaviria;Heunggongvirae;Uroviricota;Caudoviricetes;;
k127_306916	632	No terminal repeats	NA	1	11	0.8690	NA	1	1.7183	Viruses;Duplodnaviria;Heunggongvirae;Uroviricota;Caudoviricetes;;Drexlerviridae
k127_311153	325	No terminal repeats	NA	1	11	0.8682	NA	1	1.2847	Viruses;Duplodnaviria;Heunggongvirae;Uroviricota;Caudoviricetes;;
k127_13408	1548	No terminal repeats	NA	3	11	0.8677	NA	1	3.6933	Viruses;Duplodnaviria;Heunggongvirae;Uroviricota;Caudoviricetes;;
k127_322627	391	No terminal repeats	NA	1	11	0.8670	NA	1	1.4749	Viruses;Duplodnaviria;Heunggongvirae;Uroviricota;Caudoviricetes;;
k127_211192	1480	No terminal repeats	NA	4	11	0.8668	NA	1	3.1699	Viruses;Duplodnaviria;Heunggongvirae;Uroviricota;Caudoviricetes;;
k127_224348	319	No terminal repeats	NA	1	11	0.8660	NA	1	1.2934	Viruses;Duplodnaviria;Heunggongvirae;Uroviricota;Caudoviricetes;;
k127_76911	517	No terminal repeats	NA	1	11	0.8659	NA	1	1.7169	Viruses;Duplodnaviria;Heunggongvirae;Uroviricota;Caudoviricetes;;
k127_107196	314	No terminal repeats	NA	1	11	0.8653	NA	1	1.4506	Viruses;Duplodnaviria;Heunggongvirae;Uroviricota;Caudoviricetes;;
k127_10422	302	No terminal repeats	NA	1	11	0.8652	NA	1	1.0089	Viruses;Duplodnaviria;Heunggongvirae;Uroviricota;Caudoviricetes;;
k127_415598	615	No terminal repeats	NA	1	11	0.8651	NA	1	1.2306	Viruses;Duplodnaviria;Heunggongvirae;Uroviricota;Caudoviricetes;;
k127_202651	499	No terminal repeats	NA	1	11	0.8649	NA	1	1.4880	Viruses;Duplodnaviria;Heunggongvirae;Uroviricota;Caudoviricetes;;
k127_49710	980	No terminal repeats	NA	2	11	0.8642	NA	2	2.4853	Viruses;Duplodnaviria;Heunggongvirae;Uroviricota;Caudoviricetes;;
k127_237542	409	No terminal repeats	NA	1	11	0.8639	NA	1	1.7183	Viruses;Duplodnaviria;Heunggongvirae;Uroviricota;Caudoviricetes;;Drexlerviridae
k127_314531	513	No terminal repeats	NA	1	11	0.8634	NA	1	1.4880	Viruses;Duplodnaviria;Heunggongvirae;Uroviricota;Caudoviricetes;;
k127_102165	321	No terminal repeats	NA	2	11	0.8631	NA	1	1.4880	Viruses;Duplodnaviria;Heunggongvirae;Uroviricota;Caudoviricetes;;
k127_128622	824	No terminal repeats	NA	1	11	0.8620	NA	1	1.7183	Viruses;Duplodnaviria;Heunggongvirae;Uroviricota;Caudoviricetes;;
k127_371313	446	No terminal repeats	NA	1	11	0.8606	NA	1	1.0089	Viruses;Duplodnaviria;Heunggongvirae;Uroviricota;Caudoviricetes;;
k127_419005	974	No terminal repeats	NA	1	11	0.8598	NA	1	1.2306	Viruses;Duplodnaviria;Heunggongvirae;Uroviricota;Caudoviricetes;;
k127_370409	496	No terminal repeats	NA	1	11	0.8593	NA	1	1.7183	Viruses;Duplodnaviria;Heunggongvirae;Uroviricota;Caudoviricetes;;Straboviridae
k127_419	618	No terminal repeats	NA	1	11	0.8586	NA	1	1.2306	Viruses;Duplodnaviria;Heunggongvirae;Uroviricota;Caudoviricetes;;
k127_464299	407	No terminal repeats	NA	1	11	0.8586	NA	1	1.4764	Viruses;Duplodnaviria;Heunggongvirae;Uroviricota;Caudoviricetes;;
k127_398691	383	No terminal repeats	NA	1	11	0.8580	NA	1	1.2306	Viruses;Duplodnaviria;Heunggongvirae;Uroviricota;Caudoviricetes;;
k127_147380	500	No terminal repeats	NA	1	11	0.8579	NA	1	1.2306	Viruses;Duplodnaviria;Heunggongvirae;Uroviricota;Caudoviricetes;;
k127_256682	478	No terminal repeats	NA	1	11	0.8557	NA	1	1.2632	Viruses;Duplodnaviria;Heunggongvirae;Uroviricota;Caudoviricetes;;
k127_20307	417	No terminal repeats	NA	1	11	0.8555	NA	1	1.2306	Viruses;Duplodnaviria;Heunggongvirae;Uroviricota;Caudoviricetes;;
k127_94913	705	No terminal repeats	NA	1	11	0.8552	NA	1	1.7159	Viruses;Duplodnaviria;Heunggongvirae;Uroviricota;Caudoviricetes;;Autographiviridae
k127_16750	989	No terminal repeats	NA	1	11	0.8543	NA	1	1.2306	Viruses;Duplodnaviria;Heunggongvirae;Uroviricota;Caudoviricetes;;
k127_220343	500	No terminal repeats	NA	1	11	0.8543	NA	1	1.4749	Viruses;Duplodnaviria;Heunggongvirae;Uroviricota;Caudoviricetes;;
k127_352458	384	No terminal repeats	NA	1	11	0.8539	NA	1	1.2306	Viruses;Duplodnaviria;Heunggongvirae;Uroviricota;Caudoviricetes;;
k127_322900	478	No terminal repeats	NA	2	11	0.8536	NA	1	1.7183	Viruses;Duplodnaviria;Heunggongvirae;Uroviricota;Caudoviricetes;;
k127_444450	343	No terminal repeats	NA	1	11	0.8529	NA	1	1.4073	Viruses;Duplodnaviria;Heunggongvirae;Uroviricota;Caudoviricetes;;
k127_447657	472	No terminal repeats	NA	1	11	0.8524	NA	1	1.2306	Viruses;Duplodnaviria;Heunggongvirae;Uroviricota;Caudoviricetes;;
k127_308144	1738	No terminal repeats	NA	3	11	0.8523	NA	3	4.5806	Viruses;Duplodnaviria;Heunggongvirae;Uroviricota;Caudoviricetes;;
k127_4911	333	No terminal repeats	NA	1	11	0.8519	NA	1	1.4880	Viruses;Duplodnaviria;Heunggongvirae;Uroviricota;Caudoviricetes;;
k127_384958	542	No terminal repeats	NA	1	11	0.8488	NA	1	1.4749	Viruses;Duplodnaviria;Heunggongvirae;Uroviricota;Caudoviricetes;;
k127_108907	1229	No terminal repeats	NA	1	11	0.8481	NA	1	1.7183	Viruses;Duplodnaviria;Heunggongvirae;Uroviricota;Caudoviricetes;;
k127_313349	306	No terminal repeats	NA	1	11	0.8479	NA	1	1.4880	Viruses;Duplodnaviria;Heunggongvirae;Uroviricota;Caudoviricetes;;
k127_294192	988	No terminal repeats	NA	1	11	0.8475	NA	1	1.2306	Viruses;Duplodnaviria;Heunggongvirae;Uroviricota;Caudoviricetes;;
k127_126128	438	No terminal repeats	NA	1	11	0.8467	NA	1	1.2306	Viruses;Duplodnaviria;Heunggongvirae;Uroviricota;Caudoviricetes;;
k127_129463	413	No terminal repeats	NA	1	11	0.8465	NA	1	1.7183	Viruses;Duplodnaviria;Heunggongvirae;Uroviricota;Caudoviricetes;;
k127_449748	547	No terminal repeats	NA	2	11	0.8461	NA	1	1.7183	Viruses;Duplodnaviria;Heunggongvirae;Uroviricota;Caudoviricetes;;Drexlerviridae
k127_1299	1744	No terminal repeats	NA	1	11	0.8458	NA	1	1.7183	Viruses;Duplodnaviria;Heunggongvirae;Uroviricota;Caudoviricetes;;
k127_237193	477	No terminal repeats	NA	1	11	0.8448	NA	1	1.7183	Viruses;Duplodnaviria;Heunggongvirae;Uroviricota;Caudoviricetes;;
k127_310297	993	No terminal repeats	NA	2	11	0.8446	NA	1	1.7183	Viruses;Duplodnaviria;Heunggongvirae;Uroviricota;Caudoviricetes;;
k127_413928	460	No terminal repeats	NA	1	11	0.8443	NA	1	1.4242	Viruses;Duplodnaviria;Heunggongvirae;Uroviricota;Caudoviricetes;;
k127_249702	598	No terminal repeats	NA	1	11	0.8435	NA	1	1.7183	Viruses;Duplodnaviria;Heunggongvirae;Uroviricota;Caudoviricetes;;
k127_450356	549	No terminal repeats	NA	1	11	0.8434	NA	1	1.2306	Viruses;Duplodnaviria;Heunggongvirae;Uroviricota;Caudoviricetes;;
k127_27586	317	No terminal repeats	NA	1	11	0.8431	NA	1	1.1262	Viruses;Duplodnaviria;Heunggongvirae;Uroviricota;Caudoviricetes;;
k127_430516	451	No terminal repeats	NA	1	11	0.8415	NA	1	1.3345	Viruses;Duplodnaviria;Heunggongvirae;Uroviricota;Caudoviricetes;;
k127_282230	622	No terminal repeats	NA	1	11	0.8415	NA	1	1.7183	Viruses;Duplodnaviria;Heunggongvirae;Uroviricota;Caudoviricetes;;Drexlerviridae
k127_293590	1956	No terminal repeats	NA	2	11	0.8412	NA	1	1.7183	Viruses;Riboviria;Orthornavirae;Pisuviricota;Duplopiviricetes;Durnavirales;Partitiviridae
k127_312944	342	No terminal repeats	NA	1	11	0.8412	NA	1	1.3617	Viruses;Duplodnaviria;Heunggongvirae;Uroviricota;Caudoviricetes;;
k127_87285	427	No terminal repeats	NA	1	11	0.8410	NA	1	1.2306	Viruses;Duplodnaviria;Heunggongvirae;Uroviricota;Caudoviricetes;;
k127_223332	497	No terminal repeats	NA	1	11	0.8404	NA	1	1.1328	Viruses;Duplodnaviria;Heunggongvirae;Uroviricota;Caudoviricetes;;
k127_414918	568	No terminal repeats	NA	1	11	0.8403	NA	1	1.3617	Viruses;Duplodnaviria;Heunggongvirae;Uroviricota;Caudoviricetes;;
k127_345390	427	No terminal repeats	NA	1	11	0.8388	NA	1	1.7183	Viruses;Duplodnaviria;Heunggongvirae;Uroviricota;Caudoviricetes;;Drexlerviridae
k127_424666	417	No terminal repeats	NA	1	11	0.8386	NA	1	1.4000	Viruses;Duplodnaviria;Heunggongvirae;Uroviricota;Caudoviricetes;;
k127_140216	495	No terminal repeats	NA	1	11	0.8381	NA	1	1.2306	Viruses;Duplodnaviria;Heunggongvirae;Uroviricota;Caudoviricetes;;
k127_395454	806	No terminal repeats	NA	1	11	0.8379	NA	1	1.7183	Viruses;Duplodnaviria;Heunggongvirae;Uroviricota;Caudoviricetes;;
k127_93380	398	No terminal repeats	NA	1	11	0.8379	NA	1	1.3608	Viruses;Duplodnaviria;Heunggongvirae;Uroviricota;Caudoviricetes;;Straboviridae
k127_335567	605	No terminal repeats	NA	1	11	0.8379	NA	1	1.4595	Viruses;Duplodnaviria;Heunggongvirae;Uroviricota;Caudoviricetes;;
k127_159940	597	No terminal repeats	NA	2	11	0.8377	NA	1	1.0656	Viruses;Duplodnaviria;Heunggongvirae;Uroviricota;Caudoviricetes;;
k127_220837	698	No terminal repeats	NA	1	11	0.8371	NA	1	1.2306	Viruses;Duplodnaviria;Heunggongvirae;Uroviricota;Caudoviricetes;;
k127_70876	367	No terminal repeats	NA	1	11	0.8369	NA	1	0.9531	Viruses;Duplodnaviria;Heunggongvirae;Uroviricota;Caudoviricetes;;
k127_432084	415	No terminal repeats	NA	1	11	0.8352	NA	1	1.4595	Viruses;Duplodnaviria;Heunggongvirae;Uroviricota;Caudoviricetes;;
k127_14060	839	No terminal repeats	NA	1	11	0.8348	NA	1	1.7183	Viruses;Duplodnaviria;Heunggongvirae;Uroviricota;Caudoviricetes;;
k127_317425	1155	No terminal repeats	NA	3	11	0.8346	NA	1	2.9204	Viruses;Duplodnaviria;Heunggongvirae;Uroviricota;Caudoviricetes;;Drexlerviridae
k127_160188	495	No terminal repeats	NA	1	11	0.8341	NA	1	1.4920	Viruses;Duplodnaviria;Heunggongvirae;Uroviricota;Caudoviricetes;;
k127_112490	322	No terminal repeats	NA	1	11	0.8329	NA	1	1.3182	Viruses;Duplodnaviria;Heunggongvirae;Uroviricota;Caudoviricetes;;
k127_74831	452	No terminal repeats	NA	1	11	0.8324	NA	1	1.2306	Viruses;Duplodnaviria;Heunggongvirae;Uroviricota;Caudoviricetes;;
k127_292892	521	No terminal repeats	NA	1	11	0.8323	NA	1	1.2306	Viruses;Duplodnaviria;Heunggongvirae;Uroviricota;Caudoviricetes;;
k127_197181	571	No terminal repeats	NA	1	11	0.8320	NA	1	1.2306	Viruses;Duplodnaviria;Heunggongvirae;Uroviricota;Caudoviricetes;;
k127_161049	392	No terminal repeats	NA	1	11	0.8319	NA	1	1.2306	Viruses;Duplodnaviria;Heunggongvirae;Uroviricota;Caudoviricetes;;
k127_188061	341	No terminal repeats	NA	2	11	0.8319	NA	1	1.7158	Unclassified
k127_265171	562	No terminal repeats	NA	1	11	0.8316	NA	1	1.2306	Viruses;Duplodnaviria;Heunggongvirae;Uroviricota;Caudoviricetes;;
k127_459916	327	No terminal repeats	NA	1	11	0.8315	NA	1	1.0089	Viruses;Duplodnaviria;Heunggongvirae;Uroviricota;Caudoviricetes;;
k127_373328	1137	No terminal repeats	NA	2	11	0.8311	NA	1	1.7173	Viruses;Duplodnaviria;Heunggongvirae;Uroviricota;Caudoviricetes;;
k127_81042	306	No terminal repeats	NA	1	11	0.8308	NA	1	1.2683	Viruses;Duplodnaviria;Heunggongvirae;Uroviricota;Caudoviricetes;;
k127_97734	205	No terminal repeats	NA	1	11	0.8296	NA	1	1.2290	Viruses;Duplodnaviria;Heunggongvirae;Uroviricota;Caudoviricetes;;
k127_142244	472	No terminal repeats	NA	1	11	0.8292	NA	1	1.2306	Viruses;Duplodnaviria;Heunggongvirae;Uroviricota;Caudoviricetes;;
k127_134902	452	No terminal repeats	NA	1	11	0.8290	NA	1	1.7183	Viruses;Duplodnaviria;Heunggongvirae;Uroviricota;Caudoviricetes;;
k127_434168	420	No terminal repeats	NA	1	11	0.8284	NA	1	1.1328	Viruses;Duplodnaviria;Heunggongvirae;Uroviricota;Caudoviricetes;;
k127_272198	386	No terminal repeats	NA	1	11	0.8280	NA	1	1.0805	Viruses;Duplodnaviria;Heunggongvirae;Uroviricota;Caudoviricetes;;
k127_177890	397	No terminal repeats	NA	1	11	0.8276	NA	1	1.2934	Viruses;Duplodnaviria;Heunggongvirae;Uroviricota;Caudoviricetes;;
k127_14045	483	No terminal repeats	NA	2	11	0.8274	NA	1	1.7183	Viruses;Duplodnaviria;Heunggongvirae;Uroviricota;Caudoviricetes;;Drexlerviridae
k127_160333	514	No terminal repeats	NA	1	11	0.8268	NA	1	1.7183	Viruses;Duplodnaviria;Heunggongvirae;Uroviricota;Caudoviricetes;;
k127_235403	369	No terminal repeats	NA	1	11	0.8266	NA	1	1.1499	Viruses;Duplodnaviria;Heunggongvirae;Uroviricota;Caudoviricetes;;
k127_300872	424	No terminal repeats	NA	1	11	0.8263	NA	1	0.9531	Viruses;Duplodnaviria;Heunggongvirae;Uroviricota;Caudoviricetes;;
k127_425442	346	No terminal repeats	NA	1	11	0.8262	NA	1	1.1178	Viruses;Duplodnaviria;Heunggongvirae;Uroviricota;Caudoviricetes;;
k127_275125	700	No terminal repeats	NA	1	11	0.8239	NA	1	1.2306	Viruses;Duplodnaviria;Heunggongvirae;Uroviricota;Caudoviricetes;;
k127_283366	318	No terminal repeats	NA	1	11	0.8234	NA	1	1.7161	Viruses;Duplodnaviria;Heunggongvirae;Uroviricota;Caudoviricetes;;
k127_179237	332	No terminal repeats	NA	1	11	0.8226	NA	1	1.6774	Viruses;Duplodnaviria;Heunggongvirae;Uroviricota;Caudoviricetes;;
k127_82237	737	No terminal repeats	NA	2	11	0.8219	NA	1	2.6762	Viruses;Duplodnaviria;Heunggongvirae;Uroviricota;Caudoviricetes;;
k127_6232	354	No terminal repeats	NA	1	11	0.8212	NA	1	1.1499	Viruses;Duplodnaviria;Heunggongvirae;Uroviricota;Caudoviricetes;;
k127_45591	1205	No terminal repeats	NA	1	11	0.8211	NA	1	1.7183	Viruses;Duplodnaviria;Heunggongvirae;Uroviricota;Caudoviricetes;;
k127_189844	301	No terminal repeats	NA	1	11	0.8209	NA	1	1.6947	Viruses;Duplodnaviria;Heunggongvirae;Uroviricota;Caudoviricetes;;
k127_289612	748	No terminal repeats	NA	2	11	0.8206	NA	1	1.7183	Viruses;Duplodnaviria;Heunggongvirae;Uroviricota;Caudoviricetes;;
k127_99869	460	No terminal repeats	NA	1	11	0.8193	NA	1	1.7183	Viruses;Duplodnaviria;Heunggongvirae;Uroviricota;Caudoviricetes;;
k127_382608	768	No terminal repeats	NA	1	11	0.8184	NA	1	1.7183	Viruses;Duplodnaviria;Heunggongvirae;Uroviricota;Caudoviricetes;;
k127_90421	393	No terminal repeats	NA	1	11	0.8184	NA	1	1.5379	Viruses;Duplodnaviria;Heunggongvirae;Uroviricota;Caudoviricetes;;
k127_314063	562	No terminal repeats	NA	1	11	0.8182	NA	1	1.2306	Viruses;Duplodnaviria;Heunggongvirae;Uroviricota;Caudoviricetes;;
k127_292655	397	No terminal repeats	NA	1	11	0.8182	NA	1	1.5356	Viruses;Duplodnaviria;Heunggongvirae;Uroviricota;Caudoviricetes;;
k127_452178	302	No terminal repeats	NA	1	11	0.8178	NA	1	1.1178	Viruses;Duplodnaviria;Heunggongvirae;Uroviricota;Caudoviricetes;;
k127_189709	1056	No terminal repeats	NA	1	11	0.8156	NA	1	1.7183	Viruses;Duplodnaviria;Heunggongvirae;Uroviricota;Caudoviricetes;;
k127_122901	459	No terminal repeats	NA	1	11	0.8154	NA	1	1.2306	Viruses;Duplodnaviria;Heunggongvirae;Uroviricota;Caudoviricetes;;
k127_351404	450	No terminal repeats	NA	1	11	0.8152	NA	1	0.9079	Viruses;Duplodnaviria;Heunggongvirae;Uroviricota;Caudoviricetes;;
k127_217151	500	No terminal repeats	NA	1	11	0.8141	NA	1	1.4749	Viruses;Duplodnaviria;Heunggongvirae;Uroviricota;Caudoviricetes;;
k127_231393	433	No terminal repeats	NA	1	11	0.8137	NA	1	0.9531	Viruses;Duplodnaviria;Heunggongvirae;Uroviricota;Caudoviricetes;;
k127_20114	559	No terminal repeats	NA	1	11	0.8126	NA	1	1.2306	Viruses;Duplodnaviria;Heunggongvirae;Uroviricota;Caudoviricetes;;
k127_234726	370	No terminal repeats	NA	1	11	0.8117	NA	1	1.0089	Viruses;Duplodnaviria;Heunggongvirae;Uroviricota;Caudoviricetes;;
k127_104881	348	No terminal repeats	NA	1	11	0.8114	NA	1	1.2696	Viruses;Duplodnaviria;Heunggongvirae;Uroviricota;Caudoviricetes;;
k127_244771	931	No terminal repeats	NA	2	11	0.8101	NA	1	3.3447	Viruses;Duplodnaviria;Heunggongvirae;Uroviricota;Caudoviricetes;;
k127_359233	1246	No terminal repeats	NA	1	11	0.8096	NA	1	1.1262	Viruses;Duplodnaviria;Heunggongvirae;Uroviricota;Caudoviricetes;;
k127_114924	712	No terminal repeats	NA	1	11	0.8086	NA	1	1.7183	Viruses;Duplodnaviria;Heunggongvirae;Uroviricota;Caudoviricetes;;
k127_411912	353	No terminal repeats	NA	2	11	0.8079	NA	1	1.6857	Viruses;Duplodnaviria;Heunggongvirae;Uroviricota;Caudoviricetes;;
k127_194235	748	No terminal repeats	NA	1	11	0.8076	NA	1	1.4764	Viruses;Duplodnaviria;Heunggongvirae;Uroviricota;Caudoviricetes;;
k127_294960	437	No terminal repeats	NA	1	11	0.8068	NA	1	1.2306	Viruses;Duplodnaviria;Heunggongvirae;Uroviricota;Caudoviricetes;;
k127_278505	1121	No terminal repeats	NA	2	11	0.8060	NA	1	3.3530	Viruses;Duplodnaviria;Heunggongvirae;Uroviricota;Caudoviricetes;;
k127_137384	470	No terminal repeats	NA	1	11	0.8058	NA	1	1.1262	Viruses;Duplodnaviria;Heunggongvirae;Uroviricota;Caudoviricetes;;
k127_156957	394	No terminal repeats	NA	1	11	0.8007	NA	1	1.7173	Viruses;Duplodnaviria;Heunggongvirae;Uroviricota;Caudoviricetes;;
k127_399833	1529	No terminal repeats	NA	3	11	0.7972	NA	1	4.4845	Viruses;Duplodnaviria;Heunggongvirae;Uroviricota;Caudoviricetes;;
k127_245235	599	No terminal repeats	NA	1	11	0.7972	NA	1	1.7183	Viruses;Duplodnaviria;Heunggongvirae;Uroviricota;Caudoviricetes;;
k127_209532	462	No terminal repeats	NA	1	11	0.7965	NA	1	1.4749	Viruses;Duplodnaviria;Heunggongvirae;Uroviricota;Caudoviricetes;;
k127_423462	305	No terminal repeats	NA	1	11	0.7964	NA	1	1.4049	Viruses;Duplodnaviria;Heunggongvirae;Uroviricota;Caudoviricetes;;
k127_256044	417	No terminal repeats	NA	1	11	0.7962	NA	1	1.4025	Unclassified
k127_453869	360	No terminal repeats	NA	1	11	0.7960	NA	1	1.1262	Viruses;Duplodnaviria;Heunggongvirae;Uroviricota;Caudoviricetes;;
k127_242188	609	No terminal repeats	NA	2	11	0.7952	NA	1	1.4764	Viruses;Duplodnaviria;Heunggongvirae;Uroviricota;Caudoviricetes;;
k127_6275	543	No terminal repeats	NA	1	11	0.7951	NA	1	1.2306	Viruses;Duplodnaviria;Heunggongvirae;Uroviricota;Caudoviricetes;;
k127_457108	1190	No terminal repeats	NA	2	11	0.7943	NA	1	1.7183	Viruses;Duplodnaviria;Heunggongvirae;Uroviricota;Caudoviricetes;;Herelleviridae
k127_194515	690	No terminal repeats	NA	1	11	0.7926	NA	1	1.7183	Viruses;Duplodnaviria;Heunggongvirae;Uroviricota;Caudoviricetes;;Drexlerviridae
k127_204791	608	No terminal repeats	NA	2	11	0.7923	NA	1	1.7183	Viruses;Duplodnaviria;Heunggongvirae;Uroviricota;Caudoviricetes;;
k127_310769	715	No terminal repeats	NA	1	11	0.7901	NA	1	1.4749	Viruses;Duplodnaviria;Heunggongvirae;Uroviricota;Caudoviricetes;;
k127_414767	487	No terminal repeats	NA	1	11	0.7892	NA	1	1.0089	Viruses;Duplodnaviria;Heunggongvirae;Uroviricota;Caudoviricetes;;
k127_370632	340	No terminal repeats	NA	1	11	0.7887	NA	1	1.2696	Viruses;Duplodnaviria;Heunggongvirae;Uroviricota;Caudoviricetes;;
k127_33758	508	No terminal repeats	NA	1	11	0.7884	NA	1	1.2306	Viruses;Duplodnaviria;Heunggongvirae;Uroviricota;Caudoviricetes;;
k127_401122	339	No terminal repeats	NA	1	11	0.7881	NA	1	1.0089	Viruses;Duplodnaviria;Heunggongvirae;Uroviricota;Caudoviricetes;;
k127_53902	641	No terminal repeats	NA	1	11	0.7874	NA	1	1.7183	Viruses;Duplodnaviria;Heunggongvirae;Uroviricota;Caudoviricetes;;
k127_82702	317	No terminal repeats	NA	2	11	0.7873	NA	1	1.6857	Viruses;Duplodnaviria;Heunggongvirae;Uroviricota;Caudoviricetes;;
k127_184482	932	No terminal repeats	NA	3	11	0.7873	NA	1	2.8060	Viruses;Duplodnaviria;Heunggongvirae;Uroviricota;Caudoviricetes;;
k127_312983	1278	No terminal repeats	NA	2	11	0.7869	NA	2	3.0236	Viruses;Duplodnaviria;Heunggongvirae;Uroviricota;Caudoviricetes;;
k127_31445	459	No terminal repeats	NA	1	11	0.7868	NA	1	1.2306	Viruses;Duplodnaviria;Heunggongvirae;Uroviricota;Caudoviricetes;;
k127_304116	956	No terminal repeats	NA	2	11	0.7867	NA	1	1.7183	Viruses;Duplodnaviria;Heunggongvirae;Uroviricota;Caudoviricetes;;
k127_253569	772	No terminal repeats	NA	1	11	0.7849	NA	1	1.7183	Viruses;Duplodnaviria;Heunggongvirae;Uroviricota;Caudoviricetes;;
k127_138667	915	No terminal repeats	NA	1	11	0.7825	NA	1	1.2306	Viruses;Duplodnaviria;Heunggongvirae;Uroviricota;Caudoviricetes;;
k127_306725	602	No terminal repeats	NA	1	11	0.7794	NA	1	1.7183	Viruses;Duplodnaviria;Heunggongvirae;Uroviricota;Caudoviricetes;;
k127_154029	1255	No terminal repeats	NA	3	11	0.7787	NA	1	4.4437	Viruses;Duplodnaviria;Heunggongvirae;Uroviricota;Caudoviricetes;;
k127_236102	437	No terminal repeats	NA	2	11	0.7781	NA	1	1.3856	Viruses;Duplodnaviria;Heunggongvirae;Uroviricota;Caudoviricetes;;
k127_43082	521	No terminal repeats	NA	1	11	0.7764	NA	1	1.2306	Viruses;Duplodnaviria;Heunggongvirae;Uroviricota;Caudoviricetes;;
k127_171643	2949	No terminal repeats	NA	2	11	0.7761	NA	0	0.0000	Unclassified
k127_51195	383	No terminal repeats	NA	2	11	0.7758	NA	1	0.9355	Viruses;Duplodnaviria;Heunggongvirae;Uroviricota;Caudoviricetes;;
k127_160366	913	No terminal repeats	NA	2	11	0.7749	NA	1	0.9531	Viruses;Duplodnaviria;Heunggongvirae;Uroviricota;Caudoviricetes;;
k127_341603	302	No terminal repeats	NA	1	11	0.7720	NA	1	1.4903	Viruses;Duplodnaviria;Heunggongvirae;Uroviricota;Caudoviricetes;;
k127_111243	528	No terminal repeats	NA	1	11	0.7718	NA	1	1.2306	Viruses;Duplodnaviria;Heunggongvirae;Uroviricota;Caudoviricetes;;
k127_389105	497	No terminal repeats	NA	1	11	0.7696	NA	1	1.7183	Viruses;Duplodnaviria;Heunggongvirae;Uroviricota;Caudoviricetes;;Drexlerviridae
k127_245578	557	No terminal repeats	NA	1	11	0.7693	NA	1	1.7183	Viruses;Duplodnaviria;Heunggongvirae;Uroviricota;Caudoviricetes;;Drexlerviridae
k127_26995	368	No terminal repeats	NA	1	11	0.7679	NA	1	1.7143	Viruses;Duplodnaviria;Heunggongvirae;Uroviricota;Caudoviricetes;;
k127_409441	359	No terminal repeats	NA	1	11	0.7678	NA	1	1.7173	Viruses;Duplodnaviria;Heunggongvirae;Uroviricota;Caudoviricetes;;
k127_369646	358	No terminal repeats	NA	1	11	0.7671	NA	1	1.5379	Viruses;Duplodnaviria;Heunggongvirae;Uroviricota;Caudoviricetes;;
k127_313226	306	No terminal repeats	NA	2	11	0.7658	NA	1	1.2290	Viruses;Duplodnaviria;Heunggongvirae;Uroviricota;Caudoviricetes;;
k127_436407	538	No terminal repeats	NA	1	11	0.7640	NA	1	1.2306	Viruses;Duplodnaviria;Heunggongvirae;Uroviricota;Caudoviricetes;;
k127_403098	880	No terminal repeats	NA	1	11	0.7640	NA	1	1.7183	Viruses;Duplodnaviria;Heunggongvirae;Uroviricota;Caudoviricetes;;
k127_62313	438	No terminal repeats	NA	1	11	0.7640	NA	1	1.0089	Viruses;Duplodnaviria;Heunggongvirae;Uroviricota;Caudoviricetes;;
k127_375401	773	No terminal repeats	NA	1	11	0.7635	NA	1	1.2306	Viruses;Duplodnaviria;Heunggongvirae;Uroviricota;Caudoviricetes;;
k127_168661	384	No terminal repeats	NA	1	11	0.7631	NA	1	1.3610	Viruses;Duplodnaviria;Heunggongvirae;Uroviricota;Caudoviricetes;;
k127_48677	1074	No terminal repeats	NA	1	11	0.7622	NA	1	1.2094	Viruses;Duplodnaviria;Heunggongvirae;Uroviricota;Caudoviricetes;;
k127_171818	561	No terminal repeats	NA	1	11	0.7620	NA	1	1.2306	Viruses;Duplodnaviria;Heunggongvirae;Uroviricota;Caudoviricetes;;
k127_159098	623	No terminal repeats	NA	1	11	0.7617	NA	1	1.2306	Viruses;Duplodnaviria;Heunggongvirae;Uroviricota;Caudoviricetes;;
k127_396282	820	No terminal repeats	NA	1	11	0.7614	NA	1	1.2306	Viruses;Duplodnaviria;Heunggongvirae;Uroviricota;Caudoviricetes;;
k127_100732	474	No terminal repeats	NA	1	11	0.7604	NA	1	1.2857	Viruses;Duplodnaviria;Heunggongvirae;Uroviricota;Caudoviricetes;;
k127_444928	777	No terminal repeats	NA	1	11	0.7600	NA	1	1.2306	Viruses;Duplodnaviria;Heunggongvirae;Uroviricota;Caudoviricetes;;
k127_89747	480	No terminal repeats	NA	1	11	0.7596	NA	1	1.1262	Viruses;Duplodnaviria;Heunggongvirae;Uroviricota;Caudoviricetes;;
k127_55998	404	No terminal repeats	NA	1	11	0.7573	NA	1	1.2306	Viruses;Duplodnaviria;Heunggongvirae;Uroviricota;Caudoviricetes;;
k127_90107	533	No terminal repeats	NA	1	11	0.7570	NA	1	1.2306	Viruses;Duplodnaviria;Heunggongvirae;Uroviricota;Caudoviricetes;;
k127_139399	488	No terminal repeats	NA	1	11	0.7564	NA	1	0.9531	Viruses;Duplodnaviria;Heunggongvirae;Uroviricota;Caudoviricetes;;
k127_448057	321	No terminal repeats	NA	1	11	0.7549	NA	1	1.6774	Viruses;Duplodnaviria;Heunggongvirae;Uroviricota;Caudoviricetes;;
k127_1653	1953	No terminal repeats	NA	2	11	0.7544	NA	1	1.7183	Viruses;Riboviria;Orthornavirae;Pisuviricota;Duplopiviricetes;Durnavirales;Partitiviridae
k127_235859	557	No terminal repeats	NA	1	11	0.7543	NA	1	1.1387	Viruses;Duplodnaviria;Heunggongvirae;Uroviricota;Caudoviricetes;;
k127_252949	791	No terminal repeats	NA	1	11	0.7539	NA	1	0.9531	Viruses;Duplodnaviria;Heunggongvirae;Uroviricota;Caudoviricetes;;
k127_119394	589	No terminal repeats	NA	1	11	0.7537	NA	1	1.7183	Viruses;Duplodnaviria;Heunggongvirae;Uroviricota;Caudoviricetes;;
k127_200990	716	No terminal repeats	NA	1	11	0.7525	NA	1	1.7183	Viruses;Duplodnaviria;Heunggongvirae;Uroviricota;Caudoviricetes;;
k127_416568	731	No terminal repeats	NA	1	11	0.7525	NA	1	1.2306	Viruses;Duplodnaviria;Heunggongvirae;Uroviricota;Caudoviricetes;;
k127_9180	543	No terminal repeats	NA	1	11	0.7522	NA	1	1.4464	Viruses;Duplodnaviria;Heunggongvirae;Uroviricota;Caudoviricetes;;
k127_101146	462	No terminal repeats	NA	2	11	0.7496	NA	1	1.7183	Viruses;Duplodnaviria;Heunggongvirae;Uroviricota;Caudoviricetes;;
k127_246361	303	No terminal repeats	NA	1	11	0.7496	NA	1	1.0089	Viruses;Duplodnaviria;Heunggongvirae;Uroviricota;Caudoviricetes;;
k127_160322	368	No terminal repeats	NA	1	11	0.7492	NA	1	1.3821	Viruses;Duplodnaviria;Heunggongvirae;Uroviricota;Caudoviricetes;;Autographiviridae
k127_237003	1013	No terminal repeats	NA	1	11	0.7483	NA	1	1.7183	Viruses;Duplodnaviria;Heunggongvirae;Uroviricota;Caudoviricetes;;
k127_327148	376	No terminal repeats	NA	1	11	0.7481	NA	1	1.3856	Viruses;Duplodnaviria;Heunggongvirae;Uroviricota;Caudoviricetes;;
k127_226943	309	No terminal repeats	NA	2	11	0.7456	NA	1	1.1262	Viruses;Duplodnaviria;Heunggongvirae;Uroviricota;Caudoviricetes;;
k127_71115	349	No terminal repeats	NA	1	11	0.7451	NA	1	1.1499	Viruses;Duplodnaviria;Heunggongvirae;Uroviricota;Caudoviricetes;;
k127_415946	330	No terminal repeats	NA	1	11	0.7449	NA	1	1.1157	Viruses;Duplodnaviria;Heunggongvirae;Uroviricota;Caudoviricetes;;
k127_83358	376	No terminal repeats	NA	1	11	0.7439	NA	1	1.3562	Viruses;Duplodnaviria;Heunggongvirae;Uroviricota;Caudoviricetes;;
k127_434446	1576	No terminal repeats	NA	2	11	0.7433	NA	1	2.6018	Viruses;Duplodnaviria;Heunggongvirae;Uroviricota;Caudoviricetes;;
k127_310062	539	No terminal repeats	NA	1	11	0.7430	NA	1	1.0089	Viruses;Duplodnaviria;Heunggongvirae;Uroviricota;Caudoviricetes;;
k127_397568	592	No terminal repeats	NA	1	11	0.7426	NA	1	1.2306	Viruses;Duplodnaviria;Heunggongvirae;Uroviricota;Caudoviricetes;;
k127_28815	402	No terminal repeats	NA	1	11	0.7387	NA	1	1.2306	Viruses;Duplodnaviria;Heunggongvirae;Uroviricota;Caudoviricetes;;
k127_277974	966	No terminal repeats	NA	1	11	0.7366	NA	1	1.2306	Viruses;Duplodnaviria;Heunggongvirae;Uroviricota;Caudoviricetes;;
k127_244896	3469	No terminal repeats	NA	4	11	0.7366	NA	2	2.6667	Viruses;Duplodnaviria;Heunggongvirae;Uroviricota;Caudoviricetes;;
k127_164606	451	No terminal repeats	NA	2	11	0.7361	NA	1	1.3074	Viruses;Duplodnaviria;Heunggongvirae;Uroviricota;Caudoviricetes;;
k127_373806	2388	No terminal repeats	NA	4	11	0.7342	NA	1	1.4749	Viruses;Duplodnaviria;Heunggongvirae;Uroviricota;Caudoviricetes;;
k127_137379	533	No terminal repeats	NA	2	11	0.7318	NA	1	1.1262	Viruses;Duplodnaviria;Heunggongvirae;Uroviricota;Caudoviricetes;;
k127_197841	477	No terminal repeats	NA	1	11	0.7305	NA	1	1.4764	Viruses;Duplodnaviria;Heunggongvirae;Uroviricota;Caudoviricetes;;
k127_403825	366	No terminal repeats	NA	1	11	0.7301	NA	1	1.1329	Viruses;Duplodnaviria;Heunggongvirae;Uroviricota;Caudoviricetes;;
k127_249171	453	No terminal repeats	NA	2	11	0.7292	NA	1	1.6774	Viruses;Duplodnaviria;Heunggongvirae;Uroviricota;Caudoviricetes;;
k127_388063	310	No terminal repeats	NA	1	11	0.7286	NA	1	1.3168	Viruses;Duplodnaviria;Heunggongvirae;Uroviricota;Caudoviricetes;;
k127_123012	525	No terminal repeats	NA	1	11	0.7279	NA	1	1.3617	Viruses;Duplodnaviria;Heunggongvirae;Uroviricota;Caudoviricetes;;
k127_98470	945	No terminal repeats	NA	1	11	0.7277	NA	1	1.2306	Viruses;Duplodnaviria;Heunggongvirae;Uroviricota;Caudoviricetes;;
k127_371965	334	No terminal repeats	NA	1	11	0.7259	NA	1	1.4049	Viruses;Duplodnaviria;Heunggongvirae;Uroviricota;Caudoviricetes;;
k127_303083	612	No terminal repeats	NA	1	11	0.7241	NA	1	0.9531	Viruses;Duplodnaviria;Heunggongvirae;Uroviricota;Caudoviricetes;;
k127_86171	404	No terminal repeats	NA	1	11	0.7236	NA	1	1.7173	Viruses;Duplodnaviria;Heunggongvirae;Uroviricota;Caudoviricetes;;
k127_435537	917	No terminal repeats	NA	2	11	0.7222	NA	1	1.7183	Viruses;Duplodnaviria;Heunggongvirae;Uroviricota;Caudoviricetes;;Herelleviridae
k127_456597	909	No terminal repeats	NA	1	11	0.7204	NA	1	0.9221	Viruses;Duplodnaviria;Heunggongvirae;Uroviricota;Caudoviricetes;;Straboviridae
k127_461439	371	No terminal repeats	NA	2	11	0.7204	NA	1	1.0089	Viruses;Duplodnaviria;Heunggongvirae;Uroviricota;Caudoviricetes;;
k127_317259	692	No terminal repeats	NA	2	11	0.7198	NA	1	0.9531	Viruses;Duplodnaviria;Heunggongvirae;Uroviricota;Caudoviricetes;;
k127_39802	407	No terminal repeats	NA	1	11	0.7189	NA	1	1.3878	Viruses;Duplodnaviria;Heunggongvirae;Uroviricota;Caudoviricetes;;
k127_376096	698	No terminal repeats	NA	2	11	0.7186	NA	1	0.9531	Viruses;Duplodnaviria;Heunggongvirae;Uroviricota;Caudoviricetes;;
k127_374770	308	No terminal repeats	NA	1	11	0.7184	NA	1	1.6947	Viruses;Duplodnaviria;Heunggongvirae;Uroviricota;Caudoviricetes;;
k127_215092	364	No terminal repeats	NA	2	11	0.7183	NA	1	1.4483	Viruses;Duplodnaviria;Heunggongvirae;Uroviricota;Caudoviricetes;;
k127_379646	754	No terminal repeats	NA	1	11	0.7169	NA	1	1.4749	Viruses;Duplodnaviria;Heunggongvirae;Uroviricota;Caudoviricetes;;
k127_4606	436	No terminal repeats	NA	2	11	0.7168	NA	1	1.4506	Viruses;Duplodnaviria;Heunggongvirae;Uroviricota;Caudoviricetes;;
k127_416888	575	No terminal repeats	NA	1	11	0.7157	NA	1	1.2072	Viruses;Duplodnaviria;Heunggongvirae;Uroviricota;Caudoviricetes;;
k127_281885	681	No terminal repeats	NA	1	11	0.7157	NA	1	1.2306	Viruses;Duplodnaviria;Heunggongvirae;Uroviricota;Caudoviricetes;;
k127_33183	758	No terminal repeats	NA	1	11	0.7130	NA	1	1.7183	Viruses;Duplodnaviria;Heunggongvirae;Uroviricota;Caudoviricetes;;
k127_461020	733	No terminal repeats	NA	1	11	0.7127	NA	1	1.7183	Viruses;Duplodnaviria;Heunggongvirae;Uroviricota;Caudoviricetes;;Drexlerviridae
k127_15	496	No terminal repeats	NA	1	11	0.7108	NA	1	1.7183	Viruses;Duplodnaviria;Heunggongvirae;Uroviricota;Caudoviricetes;;
k127_136113	1372	No terminal repeats	NA	2	11	0.7106	NA	1	1.7183	Viruses;Duplodnaviria;Heunggongvirae;Uroviricota;Caudoviricetes;;Drexlerviridae
k127_278985	445	No terminal repeats	NA	2	11	0.7100	NA	1	1.3182	Viruses;Duplodnaviria;Heunggongvirae;Uroviricota;Caudoviricetes;;
k127_347273	306	No terminal repeats	NA	1	11	0.7061	NA	1	1.6774	Viruses;Duplodnaviria;Heunggongvirae;Uroviricota;Caudoviricetes;;
k127_82734	349	No terminal repeats	NA	2	11	0.7057	NA	1	1.6774	Viruses;Duplodnaviria;Heunggongvirae;Uroviricota;Caudoviricetes;;
k127_452148	936	No terminal repeats	NA	2	11	0.7053	NA	1	3.2932	Viruses;Duplodnaviria;Heunggongvirae;Uroviricota;Caudoviricetes;;
k127_110083	314	No terminal repeats	NA	1	11	0.7049	NA	1	1.6379	Viruses;Duplodnaviria;Heunggongvirae;Uroviricota;Caudoviricetes;;
k127_7929	404	No terminal repeats	NA	1	11	0.7046	NA	1	1.1328	Viruses;Duplodnaviria;Heunggongvirae;Uroviricota;Caudoviricetes;;
k127_428008	1058	No terminal repeats	NA	2	11	0.7041	NA	1	1.7183	Viruses;Riboviria;Orthornavirae;;;;
k127_46443	455	No terminal repeats	NA	1	11	0.7037	NA	1	1.2651	Viruses;Duplodnaviria;Heunggongvirae;Uroviricota;Caudoviricetes;;
k127_396343	398	No terminal repeats	NA	2	11	0.7028	NA	1	1.6414	Unclassified
