seq_name	length	topology	coordinates	n_genes	genetic_code	virus_score	fdr	n_hallmarks	marker_enrichment	taxonomy
k127_593593	374	No terminal repeats	NA	1	15	0.9715	NA	1	1.5118	Viruses;Duplodnaviria;Heunggongvirae;Uroviricota;Caudoviricetes;;
k127_357169	398	No terminal repeats	NA	1	15	0.9670	NA	1	1.7183	Viruses;Monodnaviria;Sangervirae;Phixviricota;Malgrandaviricetes;Petitvirales;Microviridae
k127_681404	558	No terminal repeats	NA	2	11	0.9661	NA	1	1.7183	Viruses;Duplodnaviria;Heunggongvirae;Uroviricota;Caudoviricetes;;Herelleviridae
k127_516592	591	No terminal repeats	NA	1	11	0.9660	NA	1	1.4698	Viruses;Duplodnaviria;Heunggongvirae;Uroviricota;Caudoviricetes;;
k127_281382	448	No terminal repeats	NA	1	11	0.9645	NA	1	1.7183	Viruses;Duplodnaviria;Heunggongvirae;Uroviricota;Caudoviricetes;;
k127_413068	1133	No terminal repeats	NA	1	11	0.9641	NA	1	1.7183	Viruses;Riboviria;Orthornavirae;Lenarviricota;Amabiliviricetes;Wolframvirales;Narnaviridae
k127_675291	378	No terminal repeats	NA	1	11	0.9639	NA	1	1.4698	Viruses;Duplodnaviria;Heunggongvirae;Uroviricota;Caudoviricetes;;
k127_643882	302	No terminal repeats	NA	1	11	0.9627	NA	1	1.7183	Viruses;Duplodnaviria;Heunggongvirae;Uroviricota;Caudoviricetes;;
k127_578688	390	No terminal repeats	NA	1	11	0.9615	NA	1	1.7183	Viruses;Duplodnaviria;Heunggongvirae;Uroviricota;Caudoviricetes;;
k127_817261	335	No terminal repeats	NA	1	11	0.9614	NA	1	1.7183	Viruses;Duplodnaviria;Heunggongvirae;Uroviricota;Caudoviricetes;;
k127_373591	338	No terminal repeats	NA	1	11	0.9613	NA	1	1.4595	Viruses;Duplodnaviria;Heunggongvirae;Uroviricota;Caudoviricetes;;
k127_707811	387	No terminal repeats	NA	1	11	0.9605	NA	1	1.4698	Viruses;Duplodnaviria;Heunggongvirae;Uroviricota;Caudoviricetes;;
k127_506379	352	No terminal repeats	NA	1	11	0.9596	NA	1	1.7183	Viruses;Duplodnaviria;Heunggongvirae;Uroviricota;Caudoviricetes;;
k127_259980	502	No terminal repeats	NA	1	11	0.9592	NA	1	1.7183	Viruses;Riboviria;Orthornavirae;Pisuviricota;Duplopiviricetes;Durnavirales;Partitiviridae
k127_155020	490	No terminal repeats	NA	1	11	0.9588	NA	1	1.7183	Viruses;Duplodnaviria;Heunggongvirae;Uroviricota;Caudoviricetes;;
k127_81582	437	No terminal repeats	NA	1	11	0.9587	NA	1	1.4698	Viruses;Duplodnaviria;Heunggongvirae;Uroviricota;Caudoviricetes;;
k127_394291	827	No terminal repeats	NA	1	11	0.9585	NA	1	1.4595	Viruses;Duplodnaviria;Heunggongvirae;Uroviricota;Caudoviricetes;;
k127_629316	374	No terminal repeats	NA	1	11	0.9582	NA	1	1.4595	Viruses;Duplodnaviria;Heunggongvirae;Uroviricota;Caudoviricetes;;
k127_346977	618	No terminal repeats	NA	1	11	0.9576	NA	1	1.4595	Viruses;Duplodnaviria;Heunggongvirae;Uroviricota;Caudoviricetes;;
k127_738649	315	No terminal repeats	NA	1	11	0.9575	NA	1	1.7183	Viruses;Duplodnaviria;Heunggongvirae;Uroviricota;Caudoviricetes;;
k127_383413	318	No terminal repeats	NA	1	11	0.9560	NA	1	1.7183	Viruses;Duplodnaviria;Heunggongvirae;Uroviricota;Caudoviricetes;;
k127_469188	317	No terminal repeats	NA	1	11	0.9554	NA	1	1.7183	Viruses;Duplodnaviria;Heunggongvirae;Uroviricota;Caudoviricetes;;
k127_7933	567	No terminal repeats	NA	1	11	0.9546	NA	1	1.7183	Viruses;Duplodnaviria;Heunggongvirae;Uroviricota;Caudoviricetes;;
k127_673495	333	No terminal repeats	NA	1	11	0.9539	NA	1	1.4698	Viruses;Duplodnaviria;Heunggongvirae;Uroviricota;Caudoviricetes;;
k127_267074	304	No terminal repeats	NA	1	11	0.9536	NA	1	1.7183	Viruses;Monodnaviria;Sangervirae;Phixviricota;Malgrandaviricetes;Petitvirales;Microviridae
k127_367929	326	No terminal repeats	NA	1	11	0.9526	NA	1	1.7183	Viruses;Duplodnaviria;Heunggongvirae;Uroviricota;Caudoviricetes;;
k127_636540	353	No terminal repeats	NA	1	11	0.9526	NA	1	1.7183	Viruses;Duplodnaviria;Heunggongvirae;Uroviricota;Caudoviricetes;;
k127_415534	338	No terminal repeats	NA	1	11	0.9512	NA	1	1.7183	Viruses;Duplodnaviria;Heunggongvirae;Peploviricota;Herviviricetes;Herpesvirales;Herpesviridae
k127_586619	314	No terminal repeats	NA	1	11	0.9507	NA	1	1.7183	Viruses;Duplodnaviria;Heunggongvirae;Uroviricota;Caudoviricetes;;
k127_114202	1772	No terminal repeats	NA	1	11	0.9506	NA	1	1.7183	Viruses;Duplodnaviria;Heunggongvirae;Uroviricota;Caudoviricetes;;
k127_223122	307	No terminal repeats	NA	1	11	0.9505	NA	1	1.7183	Viruses;Duplodnaviria;Heunggongvirae;Uroviricota;Caudoviricetes;;
k127_193075	1159	No terminal repeats	NA	2	11	0.9502	NA	1	2.8173	Viruses;Duplodnaviria;Heunggongvirae;Uroviricota;Caudoviricetes;;Drexlerviridae
k127_493086	375	No terminal repeats	NA	1	11	0.9487	NA	1	1.7183	Viruses;Duplodnaviria;Heunggongvirae;Uroviricota;Caudoviricetes;;
k127_545633	415	No terminal repeats	NA	1	11	0.9487	NA	1	1.7183	Viruses;Duplodnaviria;Heunggongvirae;Uroviricota;Caudoviricetes;;
k127_667344	309	No terminal repeats	NA	1	11	0.9480	NA	1	1.7183	Viruses;Duplodnaviria;Heunggongvirae;Uroviricota;Caudoviricetes;;
k127_418905	391	No terminal repeats	NA	1	11	0.9476	NA	1	1.7183	Viruses;Duplodnaviria;Heunggongvirae;Uroviricota;Caudoviricetes;;
k127_630997	344	No terminal repeats	NA	2	11	0.9469	NA	1	1.7183	Viruses;Duplodnaviria;Heunggongvirae;Uroviricota;Caudoviricetes;;Herelleviridae
k127_246516	651	No terminal repeats	NA	1	11	0.9462	NA	1	1.7183	Viruses;Duplodnaviria;Heunggongvirae;Uroviricota;Caudoviricetes;;
k127_454508	1579	No terminal repeats	NA	4	11	0.9462	NA	1	5.0115	Viruses;Duplodnaviria;Heunggongvirae;Uroviricota;Caudoviricetes;;
k127_785703	346	No terminal repeats	NA	1	11	0.9453	NA	1	1.7183	Viruses;Duplodnaviria;Heunggongvirae;Uroviricota;Caudoviricetes;;
k127_757334	301	No terminal repeats	NA	1	11	0.9452	NA	1	1.5134	Viruses;Duplodnaviria;Heunggongvirae;Uroviricota;Caudoviricetes;;
k127_705284	440	No terminal repeats	NA	2	11	0.9451	NA	2	3.0880	Viruses;Duplodnaviria;Heunggongvirae;Uroviricota;Caudoviricetes;;
k127_639122	352	No terminal repeats	NA	1	11	0.9450	NA	1	1.4464	Viruses;Duplodnaviria;Heunggongvirae;Uroviricota;Caudoviricetes;;
k127_676479	331	No terminal repeats	NA	1	11	0.9449	NA	1	1.5961	Unclassified
k127_631100	366	No terminal repeats	NA	1	11	0.9449	NA	1	1.4595	Viruses;Duplodnaviria;Heunggongvirae;Uroviricota;Caudoviricetes;;
k127_520559	371	No terminal repeats	NA	2	11	0.9442	NA	1	3.0921	Viruses;Duplodnaviria;Heunggongvirae;Uroviricota;Caudoviricetes;;
k127_123529	370	No terminal repeats	NA	1	11	0.9438	NA	1	1.7183	Viruses;Duplodnaviria;Heunggongvirae;Uroviricota;Caudoviricetes;;
k127_71415	382	No terminal repeats	NA	1	11	0.9429	NA	1	1.4698	Viruses;Duplodnaviria;Heunggongvirae;Uroviricota;Caudoviricetes;;
k127_299501	412	No terminal repeats	NA	1	11	0.9423	NA	1	1.4749	Viruses;Duplodnaviria;Heunggongvirae;Uroviricota;Caudoviricetes;;
k127_680137	761	No terminal repeats	NA	1	11	0.9418	NA	1	1.7183	Viruses;Duplodnaviria;Heunggongvirae;Uroviricota;Caudoviricetes;;
k127_173835	481	No terminal repeats	NA	2	11	0.9415	NA	1	1.7159	Viruses;Duplodnaviria;Heunggongvirae;Uroviricota;Caudoviricetes;;
k127_480575	391	No terminal repeats	NA	1	11	0.9399	NA	1	1.7183	Viruses;Duplodnaviria;Heunggongvirae;Uroviricota;Caudoviricetes;;
k127_795704	378	No terminal repeats	NA	1	11	0.9397	NA	1	1.7183	Viruses;Duplodnaviria;Heunggongvirae;Uroviricota;Caudoviricetes;;
k127_269514	308	No terminal repeats	NA	1	11	0.9396	NA	1	1.4749	Viruses;Duplodnaviria;Heunggongvirae;Uroviricota;Caudoviricetes;;
k127_264338	350	No terminal repeats	NA	1	11	0.9393	NA	1	1.7183	Viruses;Duplodnaviria;Heunggongvirae;Uroviricota;Caudoviricetes;;
k127_210315	309	No terminal repeats	NA	1	11	0.9392	NA	1	1.7183	Viruses;Duplodnaviria;Heunggongvirae;Uroviricota;Caudoviricetes;;
k127_662188	514	No terminal repeats	NA	1	11	0.9391	NA	1	1.7183	Viruses;Duplodnaviria;Heunggongvirae;Uroviricota;Caudoviricetes;;
k127_823520	314	No terminal repeats	NA	1	11	0.9390	NA	1	1.4749	Viruses;Duplodnaviria;Heunggongvirae;Uroviricota;Caudoviricetes;;
k127_234431	310	No terminal repeats	NA	1	11	0.9387	NA	1	1.7183	Viruses;Duplodnaviria;Heunggongvirae;Uroviricota;Caudoviricetes;;
k127_414618	430	No terminal repeats	NA	1	11	0.9381	NA	1	1.4242	Viruses;Duplodnaviria;Heunggongvirae;Uroviricota;Caudoviricetes;;
k127_209464	395	No terminal repeats	NA	1	11	0.9376	NA	1	1.7183	Viruses;Duplodnaviria;Heunggongvirae;Uroviricota;Caudoviricetes;;
k127_439964	364	No terminal repeats	NA	1	11	0.9370	NA	1	1.7183	Viruses;Duplodnaviria;Heunggongvirae;Uroviricota;Caudoviricetes;;
k127_577601	301	No terminal repeats	NA	1	11	0.9356	NA	1	1.7183	Viruses;Duplodnaviria;Heunggongvirae;Uroviricota;Caudoviricetes;;
k127_329068	323	No terminal repeats	NA	1	11	0.9351	NA	1	1.7183	Viruses;Duplodnaviria;Heunggongvirae;Uroviricota;Caudoviricetes;;
k127_775128	843	No terminal repeats	NA	2	11	0.9350	NA	2	2.8209	Viruses;Duplodnaviria;Heunggongvirae;Uroviricota;Caudoviricetes;;
k127_429512	412	No terminal repeats	NA	1	11	0.9350	NA	1	1.7183	Viruses;Duplodnaviria;Heunggongvirae;Uroviricota;Caudoviricetes;;
k127_634313	414	No terminal repeats	NA	1	11	0.9349	NA	1	1.7183	Viruses;Duplodnaviria;Heunggongvirae;Uroviricota;Caudoviricetes;;Herelleviridae
k127_805216	576	No terminal repeats	NA	1	11	0.9344	NA	1	1.7183	Viruses;Duplodnaviria;Heunggongvirae;Uroviricota;Caudoviricetes;;Herelleviridae
k127_89977	415	No terminal repeats	NA	2	11	0.9341	NA	1	1.3823	Viruses;Duplodnaviria;Heunggongvirae;Uroviricota;Caudoviricetes;;
k127_746818	424	No terminal repeats	NA	1	11	0.9330	NA	1	1.7183	Viruses;Duplodnaviria;Heunggongvirae;Uroviricota;Caudoviricetes;;
k127_715064	426	No terminal repeats	NA	1	11	0.9328	NA	1	1.7183	Viruses;Duplodnaviria;Heunggongvirae;Uroviricota;Caudoviricetes;;
k127_746823	424	No terminal repeats	NA	1	11	0.9326	NA	1	1.7183	Viruses;Duplodnaviria;Heunggongvirae;Uroviricota;Caudoviricetes;;
k127_21240	479	No terminal repeats	NA	1	11	0.9325	NA	1	1.4595	Viruses;Duplodnaviria;Heunggongvirae;Uroviricota;Caudoviricetes;;
k127_69663	406	No terminal repeats	NA	2	11	0.9314	NA	1	1.7183	Viruses;Duplodnaviria;Heunggongvirae;Uroviricota;Caudoviricetes;;Herelleviridae
k127_764667	401	No terminal repeats	NA	1	11	0.9313	NA	1	1.4595	Viruses;Duplodnaviria;Heunggongvirae;Uroviricota;Caudoviricetes;;
k127_203744	852	No terminal repeats	NA	1	11	0.9305	NA	1	1.7183	Viruses;Duplodnaviria;Heunggongvirae;Uroviricota;Caudoviricetes;;
k127_706208	276	No terminal repeats	NA	1	11	0.9304	NA	1	1.7183	Viruses;Duplodnaviria;Heunggongvirae;Uroviricota;Caudoviricetes;;
k127_155803	435	No terminal repeats	NA	1	11	0.9304	NA	1	1.7183	Viruses;Duplodnaviria;Heunggongvirae;Uroviricota;Caudoviricetes;;
k127_447720	669	No terminal repeats	NA	1	11	0.9303	NA	1	1.7183	Viruses;Duplodnaviria;Heunggongvirae;Uroviricota;Caudoviricetes;;
k127_334085	721	No terminal repeats	NA	1	11	0.9294	NA	1	1.7183	Viruses;Duplodnaviria;Heunggongvirae;Uroviricota;Caudoviricetes;;
k127_554919	1024	No terminal repeats	NA	1	11	0.9286	NA	1	1.7183	Viruses;Riboviria;Orthornavirae;Pisuviricota;Duplopiviricetes;Durnavirales;Partitiviridae
k127_134008	848	No terminal repeats	NA	2	11	0.9281	NA	1	3.1129	Viruses;Duplodnaviria;Heunggongvirae;Uroviricota;Caudoviricetes;;
k127_601604	409	No terminal repeats	NA	1	11	0.9275	NA	1	1.7183	Viruses;Duplodnaviria;Heunggongvirae;Uroviricota;Caudoviricetes;;Herelleviridae
k127_32493	318	No terminal repeats	NA	1	11	0.9275	NA	1	1.4595	Viruses;Duplodnaviria;Heunggongvirae;Uroviricota;Caudoviricetes;;
k127_753169	447	No terminal repeats	NA	1	11	0.9274	NA	1	1.4749	Viruses;Duplodnaviria;Heunggongvirae;Uroviricota;Caudoviricetes;;
k127_592987	426	No terminal repeats	NA	1	11	0.9272	NA	1	1.7183	Viruses;Duplodnaviria;Heunggongvirae;Uroviricota;Caudoviricetes;;
k127_822958	914	No terminal repeats	NA	1	11	0.9262	NA	1	1.4749	Viruses;Duplodnaviria;Heunggongvirae;Uroviricota;Caudoviricetes;;
k127_437963	324	No terminal repeats	NA	1	11	0.9249	NA	1	1.7183	Viruses;Duplodnaviria;Heunggongvirae;Uroviricota;Caudoviricetes;;
k127_816179	642	No terminal repeats	NA	2	11	0.9240	NA	1	1.7183	Viruses;Varidnaviria;Bamfordvirae;Nucleocytoviricota;Megaviricetes;Imitervirales;Mimiviridae
k127_481577	376	No terminal repeats	NA	1	11	0.9240	NA	1	1.4764	Viruses;Duplodnaviria;Heunggongvirae;Uroviricota;Caudoviricetes;;
k127_695838	568	No terminal repeats	NA	1	11	0.9239	NA	1	1.7183	Viruses;Duplodnaviria;Heunggongvirae;Uroviricota;Caudoviricetes;;
k127_309594	343	No terminal repeats	NA	1	11	0.9235	NA	1	1.6317	Viruses;Duplodnaviria;Heunggongvirae;Uroviricota;Caudoviricetes;;
k127_762091	539	No terminal repeats	NA	1	11	0.9235	NA	1	1.7183	Viruses;Duplodnaviria;Heunggongvirae;Uroviricota;Caudoviricetes;;
k127_669786	460	No terminal repeats	NA	2	11	0.9230	NA	2	2.9237	Viruses;Duplodnaviria;Heunggongvirae;Uroviricota;Caudoviricetes;;
k127_461715	336	No terminal repeats	NA	1	11	0.9229	NA	1	1.4749	Viruses;Duplodnaviria;Heunggongvirae;Uroviricota;Caudoviricetes;;
k127_660007	485	No terminal repeats	NA	1	11	0.9220	NA	1	1.7167	Viruses;Duplodnaviria;Heunggongvirae;Uroviricota;Caudoviricetes;;
k127_719933	322	No terminal repeats	NA	1	11	0.9216	NA	1	1.4749	Viruses;Duplodnaviria;Heunggongvirae;Uroviricota;Caudoviricetes;;
k127_627177	395	No terminal repeats	NA	1	11	0.9214	NA	1	1.7183	Viruses;Duplodnaviria;Heunggongvirae;Uroviricota;Caudoviricetes;;
k127_639002	437	No terminal repeats	NA	1	11	0.9213	NA	1	1.7183	Viruses;Duplodnaviria;Heunggongvirae;Uroviricota;Caudoviricetes;;
k127_816066	1200	No terminal repeats	NA	2	11	0.9209	NA	1	1.7183	Viruses;Duplodnaviria;Heunggongvirae;Uroviricota;Caudoviricetes;;
k127_612294	384	No terminal repeats	NA	1	11	0.9207	NA	1	1.4749	Viruses;Duplodnaviria;Heunggongvirae;Uroviricota;Caudoviricetes;;
k127_275277	790	No terminal repeats	NA	2	11	0.9206	NA	1	3.4366	Viruses;Duplodnaviria;Heunggongvirae;Uroviricota;Caudoviricetes;;
k127_720446	397	No terminal repeats	NA	2	11	0.9201	NA	1	1.7183	Viruses;Duplodnaviria;Heunggongvirae;Uroviricota;Caudoviricetes;;Herelleviridae
k127_75972	584	No terminal repeats	NA	1	11	0.9201	NA	1	1.7183	Viruses;Duplodnaviria;Heunggongvirae;Uroviricota;Caudoviricetes;;
k127_505603	658	No terminal repeats	NA	1	11	0.9200	NA	1	1.7183	Viruses;Duplodnaviria;Heunggongvirae;Uroviricota;Caudoviricetes;;
k127_796943	422	No terminal repeats	NA	1	11	0.9197	NA	1	1.4749	Viruses;Duplodnaviria;Heunggongvirae;Uroviricota;Caudoviricetes;;
k127_262037	305	No terminal repeats	NA	1	11	0.9194	NA	1	1.5934	Unclassified
k127_711654	370	No terminal repeats	NA	1	11	0.9193	NA	1	1.7183	Viruses;Duplodnaviria;Heunggongvirae;Uroviricota;Caudoviricetes;;
k127_285908	375	No terminal repeats	NA	1	11	0.9188	NA	1	1.3050	Viruses;Duplodnaviria;Heunggongvirae;Uroviricota;Caudoviricetes;;
k127_632123	306	No terminal repeats	NA	1	11	0.9187	NA	1	1.5961	Unclassified
k127_673090	245	No terminal repeats	NA	1	11	0.9185	NA	1	1.7183	Viruses;Duplodnaviria;Heunggongvirae;Uroviricota;Caudoviricetes;;
k127_729407	466	No terminal repeats	NA	1	11	0.9183	NA	1	1.7183	Viruses;Duplodnaviria;Heunggongvirae;Uroviricota;Caudoviricetes;;
k127_494086	354	No terminal repeats	NA	1	11	0.9172	NA	1	1.7183	Viruses;Duplodnaviria;Heunggongvirae;Uroviricota;Caudoviricetes;;
k127_88634	566	No terminal repeats	NA	2	11	0.9171	NA	1	1.7183	Viruses;Duplodnaviria;Heunggongvirae;Uroviricota;Caudoviricetes;;Herelleviridae
k127_646098	1080	No terminal repeats	NA	2	11	0.9169	NA	1	3.1071	Viruses;Duplodnaviria;Heunggongvirae;Uroviricota;Caudoviricetes;;Drexlerviridae
k127_672771	436	No terminal repeats	NA	1	11	0.9160	NA	1	1.7183	Unclassified
k127_42653	569	No terminal repeats	NA	1	11	0.9160	NA	1	1.7183	Viruses;Duplodnaviria;Heunggongvirae;Uroviricota;Caudoviricetes;;
k127_472167	327	No terminal repeats	NA	1	11	0.9159	NA	1	1.1262	Viruses;Duplodnaviria;Heunggongvirae;Uroviricota;Caudoviricetes;;
k127_528301	595	No terminal repeats	NA	1	11	0.9158	NA	1	1.7183	Viruses;Duplodnaviria;Heunggongvirae;Uroviricota;Caudoviricetes;;
k127_214449	432	No terminal repeats	NA	1	11	0.9151	NA	1	1.1702	Viruses;Duplodnaviria;Heunggongvirae;Uroviricota;Caudoviricetes;;
k127_719372	1164	No terminal repeats	NA	3	11	0.9151	NA	1	4.5805	Viruses;Duplodnaviria;Heunggongvirae;Uroviricota;Caudoviricetes;;
k127_12493	452	No terminal repeats	NA	1	11	0.9150	NA	1	1.7183	Viruses;Duplodnaviria;Heunggongvirae;Uroviricota;Caudoviricetes;;
k127_625447	547	No terminal repeats	NA	1	11	0.9149	NA	1	1.7183	Viruses;Duplodnaviria;Heunggongvirae;Uroviricota;Caudoviricetes;;
k127_91058	382	No terminal repeats	NA	1	11	0.9140	NA	1	1.7183	Viruses;Duplodnaviria;Heunggongvirae;Uroviricota;Caudoviricetes;;
k127_467500	481	No terminal repeats	NA	1	11	0.9139	NA	1	1.4764	Viruses;Duplodnaviria;Heunggongvirae;Uroviricota;Caudoviricetes;;
k127_114543	374	No terminal repeats	NA	1	11	0.9138	NA	1	1.7183	Viruses;Duplodnaviria;Heunggongvirae;Uroviricota;Caudoviricetes;;
k127_714447	824	No terminal repeats	NA	2	11	0.9135	NA	1	1.4698	Viruses;Duplodnaviria;Heunggongvirae;Uroviricota;Caudoviricetes;;
k127_618369	302	No terminal repeats	NA	1	11	0.9133	NA	1	1.1262	Viruses;Duplodnaviria;Heunggongvirae;Uroviricota;Caudoviricetes;;
k127_323223	373	No terminal repeats	NA	1	11	0.9131	NA	1	1.7183	Viruses;Duplodnaviria;Heunggongvirae;Uroviricota;Caudoviricetes;;
k127_605595	405	No terminal repeats	NA	1	11	0.9126	NA	1	1.4595	Viruses;Duplodnaviria;Heunggongvirae;Uroviricota;Caudoviricetes;;
k127_742800	381	No terminal repeats	NA	1	11	0.9126	NA	1	1.4749	Viruses;Duplodnaviria;Heunggongvirae;Uroviricota;Caudoviricetes;;
k127_775364	468	No terminal repeats	NA	1	11	0.9111	NA	1	1.7183	Viruses;Duplodnaviria;Heunggongvirae;Uroviricota;Caudoviricetes;;
k127_350643	280	No terminal repeats	NA	1	11	0.9105	NA	1	1.1262	Viruses;Duplodnaviria;Heunggongvirae;Uroviricota;Caudoviricetes;;
k127_4473	641	No terminal repeats	NA	2	11	0.9105	NA	1	2.6762	Viruses;Duplodnaviria;Heunggongvirae;Uroviricota;Caudoviricetes;;
k127_535833	495	No terminal repeats	NA	1	11	0.9099	NA	1	1.7183	Viruses;Duplodnaviria;Heunggongvirae;Uroviricota;Caudoviricetes;;
k127_639826	418	No terminal repeats	NA	1	11	0.9095	NA	1	1.7183	Viruses;Duplodnaviria;Heunggongvirae;Uroviricota;Caudoviricetes;;
k127_233470	531	No terminal repeats	NA	1	11	0.9095	NA	1	1.7183	Viruses;Duplodnaviria;Heunggongvirae;Uroviricota;Caudoviricetes;;
k127_731982	863	No terminal repeats	NA	2	11	0.9091	NA	1	3.1778	Viruses;Duplodnaviria;Heunggongvirae;Uroviricota;Caudoviricetes;;
k127_229200	473	No terminal repeats	NA	1	11	0.9087	NA	1	1.7183	Viruses;Duplodnaviria;Heunggongvirae;Uroviricota;Caudoviricetes;;
k127_411659	351	No terminal repeats	NA	1	11	0.9086	NA	1	1.3453	Viruses;Duplodnaviria;Heunggongvirae;Uroviricota;Caudoviricetes;;
k127_482654	252	No terminal repeats	NA	1	11	0.9079	NA	1	1.4764	Viruses;Duplodnaviria;Heunggongvirae;Uroviricota;Caudoviricetes;;
k127_428996	495	No terminal repeats	NA	1	11	0.9073	NA	1	1.7183	Viruses;Duplodnaviria;Heunggongvirae;Uroviricota;Caudoviricetes;;
k127_627955	424	No terminal repeats	NA	1	11	0.9072	NA	1	1.4880	Viruses;Duplodnaviria;Heunggongvirae;Uroviricota;Caudoviricetes;;
k127_111997	384	No terminal repeats	NA	1	11	0.9068	NA	1	1.7183	Viruses;Duplodnaviria;Heunggongvirae;Uroviricota;Caudoviricetes;;
k127_457343	415	No terminal repeats	NA	1	11	0.9065	NA	1	1.7183	Viruses;Duplodnaviria;Heunggongvirae;Uroviricota;Caudoviricetes;;
k127_547903	479	No terminal repeats	NA	1	11	0.9062	NA	1	1.7183	Viruses;Duplodnaviria;Heunggongvirae;Uroviricota;Caudoviricetes;;Drexlerviridae
k127_592223	313	No terminal repeats	NA	1	11	0.9062	NA	1	1.7183	Unclassified
k127_103962	809	No terminal repeats	NA	1	11	0.9057	NA	1	1.7183	Viruses;Duplodnaviria;Heunggongvirae;Uroviricota;Caudoviricetes;;
k127_281787	330	No terminal repeats	NA	1	11	0.9053	NA	1	1.4749	Viruses;Duplodnaviria;Heunggongvirae;Uroviricota;Caudoviricetes;;
k127_600355	479	No terminal repeats	NA	1	11	0.9049	NA	1	1.7183	Viruses;Duplodnaviria;Heunggongvirae;Uroviricota;Caudoviricetes;;
k127_196189	301	No terminal repeats	NA	1	11	0.9048	NA	1	1.3983	Viruses;Duplodnaviria;Heunggongvirae;Uroviricota;Caudoviricetes;;
k127_506827	619	No terminal repeats	NA	1	11	0.9046	NA	1	1.4595	Viruses;Duplodnaviria;Heunggongvirae;Uroviricota;Caudoviricetes;;
k127_391689	350	No terminal repeats	NA	1	11	0.9035	NA	1	1.3168	Viruses;Duplodnaviria;Heunggongvirae;Uroviricota;Caudoviricetes;;
k127_791214	462	No terminal repeats	NA	1	11	0.9031	NA	1	1.7183	Viruses;Duplodnaviria;Heunggongvirae;Uroviricota;Caudoviricetes;;
k127_803552	605	No terminal repeats	NA	1	11	0.9029	NA	1	1.7183	Viruses;Duplodnaviria;Heunggongvirae;Uroviricota;Caudoviricetes;;
k127_743202	502	No terminal repeats	NA	2	11	0.9027	NA	1	2.4550	Viruses;Duplodnaviria;Heunggongvirae;Uroviricota;Caudoviricetes;;
k127_108702	327	No terminal repeats	NA	1	11	0.9016	NA	1	1.4764	Viruses;Duplodnaviria;Heunggongvirae;Uroviricota;Caudoviricetes;;
k127_668658	370	No terminal repeats	NA	1	11	0.9012	NA	1	1.4749	Viruses;Duplodnaviria;Heunggongvirae;Uroviricota;Caudoviricetes;;
k127_604489	500	No terminal repeats	NA	1	11	0.9009	NA	1	1.7159	Viruses;Duplodnaviria;Heunggongvirae;Uroviricota;Caudoviricetes;;
k127_459700	512	No terminal repeats	NA	2	11	0.9002	NA	1	1.7183	Viruses;Duplodnaviria;Heunggongvirae;Uroviricota;Caudoviricetes;;
k127_594417	506	No terminal repeats	NA	1	11	0.9000	NA	1	1.7183	Viruses;Duplodnaviria;Heunggongvirae;Uroviricota;Caudoviricetes;;
k127_167063	368	No terminal repeats	NA	1	11	0.8999	NA	1	1.7158	Unclassified
k127_308083	398	No terminal repeats	NA	1	11	0.8997	NA	1	1.7183	Viruses;Duplodnaviria;Heunggongvirae;Uroviricota;Caudoviricetes;;
k127_345374	371	No terminal repeats	NA	1	11	0.8997	NA	1	1.7183	Viruses;Duplodnaviria;Heunggongvirae;Uroviricota;Caudoviricetes;;
k127_80271	349	No terminal repeats	NA	2	11	0.8994	NA	1	1.4764	Viruses;Duplodnaviria;Heunggongvirae;Uroviricota;Caudoviricetes;;
k127_406315	402	No terminal repeats	NA	1	11	0.8992	NA	1	1.7183	Viruses;Duplodnaviria;Heunggongvirae;Uroviricota;Caudoviricetes;;
k127_125977	395	No terminal repeats	NA	1	11	0.8989	NA	1	1.4764	Viruses;Duplodnaviria;Heunggongvirae;Uroviricota;Caudoviricetes;;
k127_399027	909	No terminal repeats	NA	1	11	0.8985	NA	1	1.7183	Unclassified
k127_269076	622	No terminal repeats	NA	1	11	0.8985	NA	1	1.7183	Viruses;Duplodnaviria;Heunggongvirae;Uroviricota;Caudoviricetes;;
k127_381512	350	No terminal repeats	NA	1	11	0.8982	NA	1	1.7183	Viruses;Duplodnaviria;Heunggongvirae;Uroviricota;Caudoviricetes;;
k127_697369	363	No terminal repeats	NA	1	11	0.8976	NA	1	1.4698	Viruses;Duplodnaviria;Heunggongvirae;Uroviricota;Caudoviricetes;;
k127_554556	449	No terminal repeats	NA	1	11	0.8973	NA	1	1.7183	Viruses;Duplodnaviria;Heunggongvirae;Uroviricota;Caudoviricetes;;
k127_777558	413	No terminal repeats	NA	1	11	0.8967	NA	1	1.2306	Viruses;Duplodnaviria;Heunggongvirae;Uroviricota;Caudoviricetes;;
k127_466132	390	No terminal repeats	NA	1	11	0.8965	NA	1	1.7183	Viruses;Duplodnaviria;Heunggongvirae;Uroviricota;Caudoviricetes;;
k127_185255	475	No terminal repeats	NA	1	11	0.8951	NA	1	1.4595	Viruses;Duplodnaviria;Heunggongvirae;Uroviricota;Caudoviricetes;;
k127_487982	501	No terminal repeats	NA	2	11	0.8948	NA	1	2.8963	Viruses;Duplodnaviria;Heunggongvirae;Uroviricota;Caudoviricetes;;
k127_453692	1464	No terminal repeats	NA	2	11	0.8947	NA	1	2.5321	Viruses;Duplodnaviria;Heunggongvirae;Uroviricota;Caudoviricetes;;
k127_285820	612	No terminal repeats	NA	1	11	0.8941	NA	1	1.7183	Viruses;Duplodnaviria;Heunggongvirae;Uroviricota;Caudoviricetes;;
k127_680923	999	No terminal repeats	NA	1	11	0.8941	NA	1	1.7183	Viruses;Duplodnaviria;Heunggongvirae;Uroviricota;Caudoviricetes;;
k127_440043	487	No terminal repeats	NA	1	11	0.8940	NA	1	1.7183	Viruses;Duplodnaviria;Heunggongvirae;Uroviricota;Caudoviricetes;;
k127_17010	410	No terminal repeats	NA	1	11	0.8936	NA	1	1.4764	Viruses;Duplodnaviria;Heunggongvirae;Uroviricota;Caudoviricetes;;
k127_632049	368	No terminal repeats	NA	1	11	0.8933	NA	1	1.7183	Viruses;Duplodnaviria;Heunggongvirae;Uroviricota;Caudoviricetes;;
k127_388252	664	No terminal repeats	NA	2	11	0.8932	NA	2	2.7272	Viruses;Duplodnaviria;Heunggongvirae;Uroviricota;Caudoviricetes;;
k127_360290	1009	No terminal repeats	NA	2	11	0.8917	NA	1	3.4293	Viruses;Duplodnaviria;Heunggongvirae;Uroviricota;Caudoviricetes;;
k127_389212	360	No terminal repeats	NA	1	11	0.8912	NA	1	1.7183	Viruses;Duplodnaviria;Heunggongvirae;Uroviricota;Caudoviricetes;;
k127_751263	423	No terminal repeats	NA	1	11	0.8910	NA	1	1.4840	Unclassified
k127_424012	457	No terminal repeats	NA	1	11	0.8906	NA	1	1.7183	Viruses;Duplodnaviria;Heunggongvirae;Uroviricota;Caudoviricetes;;
k127_106444	521	No terminal repeats	NA	1	11	0.8903	NA	1	1.2306	Viruses;Duplodnaviria;Heunggongvirae;Uroviricota;Caudoviricetes;;
k127_748754	914	No terminal repeats	NA	1	11	0.8895	NA	1	1.7183	Viruses;Duplodnaviria;Heunggongvirae;Uroviricota;Caudoviricetes;;
k127_315364	707	No terminal repeats	NA	1	11	0.8894	NA	1	1.7183	Viruses;Duplodnaviria;Heunggongvirae;Uroviricota;Caudoviricetes;;
k127_53803	328	No terminal repeats	NA	1	11	0.8892	NA	1	1.4764	Viruses;Duplodnaviria;Heunggongvirae;Uroviricota;Caudoviricetes;;
k127_146855	374	No terminal repeats	NA	2	11	0.8888	NA	1	1.4764	Viruses;Duplodnaviria;Heunggongvirae;Uroviricota;Caudoviricetes;;
k127_180563	761	No terminal repeats	NA	1	11	0.8886	NA	1	1.7183	Viruses;Duplodnaviria;Heunggongvirae;Uroviricota;Caudoviricetes;;
k127_619737	718	No terminal repeats	NA	1	11	0.8880	NA	1	1.7183	Viruses;Duplodnaviria;Heunggongvirae;Uroviricota;Caudoviricetes;;Drexlerviridae
k127_197299	523	No terminal repeats	NA	1	11	0.8876	NA	1	1.2306	Viruses;Duplodnaviria;Heunggongvirae;Uroviricota;Caudoviricetes;;
k127_97290	1206	No terminal repeats	NA	3	11	0.8875	NA	1	2.9132	Viruses;Duplodnaviria;Heunggongvirae;Uroviricota;Caudoviricetes;;
k127_106552	2051	No terminal repeats	NA	1	11	0.8869	NA	1	1.7183	Viruses;Duplodnaviria;Heunggongvirae;Uroviricota;Caudoviricetes;;
k127_810915	650	No terminal repeats	NA	1	11	0.8868	NA	1	1.7183	Viruses;Duplodnaviria;Heunggongvirae;Uroviricota;Caudoviricetes;;
k127_541168	451	No terminal repeats	NA	1	11	0.8865	NA	1	1.7183	Viruses;Duplodnaviria;Heunggongvirae;Uroviricota;Caudoviricetes;;
k127_652292	682	No terminal repeats	NA	1	11	0.8864	NA	1	1.1904	Viruses;Duplodnaviria;Heunggongvirae;Uroviricota;Caudoviricetes;;
k127_191528	393	No terminal repeats	NA	2	11	0.8863	NA	1	1.7183	Unclassified
k127_221516	333	No terminal repeats	NA	1	11	0.8861	NA	1	1.7183	Viruses;Duplodnaviria;Heunggongvirae;Uroviricota;Caudoviricetes;;
k127_125974	358	No terminal repeats	NA	1	11	0.8860	NA	1	1.4764	Viruses;Duplodnaviria;Heunggongvirae;Uroviricota;Caudoviricetes;;
k127_267277	885	No terminal repeats	NA	2	11	0.8857	NA	2	2.8009	Viruses;Duplodnaviria;Heunggongvirae;Uroviricota;Caudoviricetes;;
k127_552585	458	No terminal repeats	NA	2	11	0.8851	NA	1	1.7183	Viruses;Duplodnaviria;Heunggongvirae;Uroviricota;Caudoviricetes;;
k127_600916	370	No terminal repeats	NA	1	11	0.8844	NA	1	1.0522	Viruses;Duplodnaviria;Heunggongvirae;Uroviricota;Caudoviricetes;;
k127_396303	1111	No terminal repeats	NA	2	11	0.8841	NA	1	2.8593	Viruses;Duplodnaviria;Heunggongvirae;Uroviricota;Caudoviricetes;;
k127_382600	1299	No terminal repeats	NA	1	11	0.8840	NA	1	1.2306	Viruses;Duplodnaviria;Heunggongvirae;Uroviricota;Caudoviricetes;;
k127_501199	462	No terminal repeats	NA	1	11	0.8839	NA	1	1.7183	Viruses;Duplodnaviria;Heunggongvirae;Uroviricota;Caudoviricetes;;
k127_508623	334	No terminal repeats	NA	1	11	0.8835	NA	1	1.1952	Viruses;Duplodnaviria;Heunggongvirae;Uroviricota;Caudoviricetes;;
k127_520660	968	No terminal repeats	NA	1	11	0.8830	NA	1	1.7183	Viruses;Duplodnaviria;Heunggongvirae;Uroviricota;Caudoviricetes;;Drexlerviridae
k127_575029	1011	No terminal repeats	NA	1	11	0.8819	NA	1	1.7183	Viruses;Duplodnaviria;Heunggongvirae;Uroviricota;Caudoviricetes;;
k127_342104	474	No terminal repeats	NA	1	11	0.8813	NA	1	1.2306	Viruses;Duplodnaviria;Heunggongvirae;Uroviricota;Caudoviricetes;;
k127_530481	822	No terminal repeats	NA	1	11	0.8811	NA	1	1.7183	Viruses;Duplodnaviria;Heunggongvirae;Uroviricota;Caudoviricetes;;
k127_598541	810	No terminal repeats	NA	1	11	0.8810	NA	1	1.7183	Viruses;Duplodnaviria;Heunggongvirae;Uroviricota;Caudoviricetes;;
k127_569771	462	No terminal repeats	NA	1	11	0.8800	NA	1	1.2277	Viruses;Duplodnaviria;Heunggongvirae;Uroviricota;Caudoviricetes;;
k127_460530	452	No terminal repeats	NA	1	11	0.8800	NA	1	1.4749	Viruses;Duplodnaviria;Heunggongvirae;Uroviricota;Caudoviricetes;;
k127_123837	552	No terminal repeats	NA	1	11	0.8794	NA	1	1.4749	Viruses;Duplodnaviria;Heunggongvirae;Uroviricota;Caudoviricetes;;
k127_692673	320	No terminal repeats	NA	1	11	0.8792	NA	1	1.4749	Viruses;Duplodnaviria;Heunggongvirae;Uroviricota;Caudoviricetes;;
k127_196450	1163	No terminal repeats	NA	3	11	0.8790	NA	1	5.0544	Viruses;Duplodnaviria;Heunggongvirae;Uroviricota;Caudoviricetes;;
k127_208667	2466	No terminal repeats	NA	1	11	0.8787	NA	1	1.7183	Viruses;Duplodnaviria;Heunggongvirae;Uroviricota;Caudoviricetes;;
k127_598321	354	No terminal repeats	NA	1	11	0.8786	NA	1	1.0089	Viruses;Duplodnaviria;Heunggongvirae;Uroviricota;Caudoviricetes;;
k127_32632	426	No terminal repeats	NA	1	11	0.8785	NA	1	1.3050	Viruses;Duplodnaviria;Heunggongvirae;Uroviricota;Caudoviricetes;;
k127_453582	473	No terminal repeats	NA	1	11	0.8776	NA	1	1.2277	Viruses;Duplodnaviria;Heunggongvirae;Uroviricota;Caudoviricetes;;
k127_751422	701	No terminal repeats	NA	1	11	0.8769	NA	1	1.2306	Viruses;Duplodnaviria;Heunggongvirae;Uroviricota;Caudoviricetes;;
k127_582686	919	No terminal repeats	NA	3	11	0.8761	NA	1	4.4520	Viruses;Duplodnaviria;Heunggongvirae;Uroviricota;Caudoviricetes;;
k127_340043	561	No terminal repeats	NA	1	11	0.8760	NA	1	1.7183	Viruses;Duplodnaviria;Heunggongvirae;Uroviricota;Caudoviricetes;;
k127_426232	361	No terminal repeats	NA	1	11	0.8757	NA	1	1.2934	Viruses;Duplodnaviria;Heunggongvirae;Uroviricota;Caudoviricetes;;
k127_473902	925	No terminal repeats	NA	1	11	0.8756	NA	1	1.7183	Viruses;Duplodnaviria;Heunggongvirae;Uroviricota;Caudoviricetes;;Drexlerviridae
k127_396376	856	No terminal repeats	NA	1	11	0.8751	NA	1	1.7183	Viruses;Duplodnaviria;Heunggongvirae;Uroviricota;Caudoviricetes;;
k127_807213	352	No terminal repeats	NA	1	11	0.8750	NA	1	1.7183	Viruses;Duplodnaviria;Heunggongvirae;Uroviricota;Caudoviricetes;;
k127_104384	1028	No terminal repeats	NA	1	11	0.8750	NA	1	1.2306	Viruses;Duplodnaviria;Heunggongvirae;Uroviricota;Caudoviricetes;;
k127_815907	693	No terminal repeats	NA	1	11	0.8749	NA	1	1.7183	Viruses;Riboviria;Orthornavirae;Pisuviricota;Duplopiviricetes;Durnavirales;Partitiviridae
k127_550304	335	No terminal repeats	NA	1	11	0.8745	NA	1	1.0756	Viruses;Duplodnaviria;Heunggongvirae;Uroviricota;Caudoviricetes;;
k127_149536	699	No terminal repeats	NA	1	11	0.8744	NA	1	1.4595	Viruses;Duplodnaviria;Heunggongvirae;Uroviricota;Caudoviricetes;;
k127_592644	568	No terminal repeats	NA	1	11	0.8740	NA	1	1.7183	Viruses;Duplodnaviria;Heunggongvirae;Uroviricota;Caudoviricetes;;
k127_673435	936	No terminal repeats	NA	2	11	0.8737	NA	2	2.8209	Viruses;Duplodnaviria;Heunggongvirae;Uroviricota;Caudoviricetes;;
k127_363450	1076	No terminal repeats	NA	2	11	0.8729	NA	1	2.9037	Viruses;Duplodnaviria;Heunggongvirae;Uroviricota;Caudoviricetes;;
k127_509622	426	No terminal repeats	NA	1	11	0.8708	NA	1	1.7183	Viruses;Duplodnaviria;Heunggongvirae;Uroviricota;Caudoviricetes;;
k127_121104	331	No terminal repeats	NA	1	11	0.8708	NA	1	1.2934	Viruses;Duplodnaviria;Heunggongvirae;Uroviricota;Caudoviricetes;;
k127_187384	420	No terminal repeats	NA	1	11	0.8693	NA	1	1.4880	Viruses;Duplodnaviria;Heunggongvirae;Uroviricota;Caudoviricetes;;
k127_323518	784	No terminal repeats	NA	1	11	0.8690	NA	1	1.7183	Viruses;Duplodnaviria;Heunggongvirae;Uroviricota;Caudoviricetes;;
k127_391527	331	No terminal repeats	NA	1	11	0.8690	NA	1	1.4880	Viruses;Duplodnaviria;Heunggongvirae;Uroviricota;Caudoviricetes;;
k127_761832	1299	No terminal repeats	NA	2	11	0.8689	NA	1	1.7183	Viruses;Duplodnaviria;Heunggongvirae;Uroviricota;Caudoviricetes;;
k127_445567	663	No terminal repeats	NA	1	11	0.8688	NA	1	1.7183	Viruses;Duplodnaviria;Heunggongvirae;Uroviricota;Caudoviricetes;;
k127_213776	359	No terminal repeats	NA	1	11	0.8687	NA	1	1.7159	Viruses;Duplodnaviria;Heunggongvirae;Uroviricota;Caudoviricetes;;
k127_517134	655	No terminal repeats	NA	1	11	0.8676	NA	1	1.0610	Viruses;Duplodnaviria;Heunggongvirae;Uroviricota;Caudoviricetes;;
k127_257042	577	No terminal repeats	NA	1	11	0.8673	NA	1	1.7183	Viruses;Duplodnaviria;Heunggongvirae;Uroviricota;Caudoviricetes;;
k127_48266	455	No terminal repeats	NA	1	11	0.8673	NA	1	1.1262	Viruses;Duplodnaviria;Heunggongvirae;Uroviricota;Caudoviricetes;;
k127_47663	383	No terminal repeats	NA	1	11	0.8671	NA	1	1.4880	Viruses;Duplodnaviria;Heunggongvirae;Uroviricota;Caudoviricetes;;
k127_396731	540	No terminal repeats	NA	1	11	0.8663	NA	1	1.7183	Viruses;Duplodnaviria;Heunggongvirae;Uroviricota;Caudoviricetes;;
k127_756473	500	No terminal repeats	NA	1	11	0.8663	NA	1	1.2306	Viruses;Duplodnaviria;Heunggongvirae;Uroviricota;Caudoviricetes;;
k127_193828	1047	No terminal repeats	NA	1	11	0.8661	NA	1	1.7183	Viruses;Duplodnaviria;Heunggongvirae;Uroviricota;Caudoviricetes;;
k127_173928	1018	No terminal repeats	NA	1	11	0.8660	NA	1	1.2306	Viruses;Duplodnaviria;Heunggongvirae;Uroviricota;Caudoviricetes;;
k127_496975	350	No terminal repeats	NA	1	11	0.8659	NA	1	1.2847	Viruses;Duplodnaviria;Heunggongvirae;Uroviricota;Caudoviricetes;;
k127_278437	470	No terminal repeats	NA	1	11	0.8656	NA	1	1.4000	Viruses;Duplodnaviria;Heunggongvirae;Uroviricota;Caudoviricetes;;
k127_61542	511	No terminal repeats	NA	1	11	0.8655	NA	1	1.7183	Viruses;Duplodnaviria;Heunggongvirae;Uroviricota;Caudoviricetes;;Drexlerviridae
k127_323256	453	No terminal repeats	NA	1	11	0.8655	NA	1	0.9531	Viruses;Duplodnaviria;Heunggongvirae;Uroviricota;Caudoviricetes;;
k127_595903	697	No terminal repeats	NA	1	11	0.8631	NA	1	1.2306	Viruses;Duplodnaviria;Heunggongvirae;Uroviricota;Caudoviricetes;;
k127_462570	571	No terminal repeats	NA	1	11	0.8618	NA	1	1.2306	Viruses;Duplodnaviria;Heunggongvirae;Uroviricota;Caudoviricetes;;
k127_578314	531	No terminal repeats	NA	1	11	0.8616	NA	1	1.7183	Viruses;Duplodnaviria;Heunggongvirae;Uroviricota;Caudoviricetes;;
k127_323211	601	No terminal repeats	NA	1	11	0.8612	NA	1	1.7183	Viruses;Duplodnaviria;Heunggongvirae;Uroviricota;Caudoviricetes;;
k127_195251	514	No terminal repeats	NA	1	11	0.8609	NA	1	1.5290	Viruses;Duplodnaviria;Heunggongvirae;Uroviricota;Caudoviricetes;;
k127_457657	236	No terminal repeats	NA	1	11	0.8607	NA	1	1.0089	Viruses;Duplodnaviria;Heunggongvirae;Uroviricota;Caudoviricetes;;
k127_682317	578	No terminal repeats	NA	1	11	0.8598	NA	1	1.7183	Viruses;Duplodnaviria;Heunggongvirae;Uroviricota;Caudoviricetes;;
k127_70387	382	No terminal repeats	NA	1	11	0.8594	NA	1	1.7183	Viruses;Duplodnaviria;Heunggongvirae;Uroviricota;Caudoviricetes;;
k127_311151	328	No terminal repeats	NA	1	11	0.8587	NA	1	1.4749	Viruses;Duplodnaviria;Heunggongvirae;Uroviricota;Caudoviricetes;;
k127_518492	334	No terminal repeats	NA	1	11	0.8585	NA	1	1.7183	Viruses;Duplodnaviria;Heunggongvirae;Uroviricota;Caudoviricetes;;
k127_98382	362	No terminal repeats	NA	1	11	0.8584	NA	1	1.0639	Viruses;Duplodnaviria;Heunggongvirae;Uroviricota;Caudoviricetes;;
k127_267177	402	No terminal repeats	NA	1	11	0.8579	NA	1	1.4880	Viruses;Duplodnaviria;Heunggongvirae;Uroviricota;Caudoviricetes;;
k127_268002	508	No terminal repeats	NA	1	11	0.8572	NA	1	1.7183	Viruses;Duplodnaviria;Heunggongvirae;Uroviricota;Caudoviricetes;;
k127_175782	419	No terminal repeats	NA	1	11	0.8571	NA	1	1.7183	Viruses;Duplodnaviria;Heunggongvirae;Uroviricota;Caudoviricetes;;
k127_160275	499	No terminal repeats	NA	1	11	0.8569	NA	1	1.7159	Viruses;Duplodnaviria;Heunggongvirae;Uroviricota;Caudoviricetes;;
k127_449814	707	No terminal repeats	NA	2	11	0.8565	NA	1	3.3976	Viruses;Duplodnaviria;Heunggongvirae;Uroviricota;Caudoviricetes;;
k127_413248	941	No terminal repeats	NA	1	11	0.8563	NA	1	1.7183	Viruses;Duplodnaviria;Heunggongvirae;Uroviricota;Caudoviricetes;;
k127_727877	694	No terminal repeats	NA	1	11	0.8557	NA	1	1.2442	Viruses;Duplodnaviria;Heunggongvirae;Uroviricota;Caudoviricetes;;
k127_391128	405	No terminal repeats	NA	1	11	0.8549	NA	1	1.7183	Viruses;Duplodnaviria;Heunggongvirae;Uroviricota;Caudoviricetes;;Drexlerviridae
k127_278202	473	No terminal repeats	NA	1	11	0.8543	NA	1	1.0089	Viruses;Duplodnaviria;Heunggongvirae;Uroviricota;Caudoviricetes;;
k127_64006	428	No terminal repeats	NA	1	11	0.8536	NA	1	1.1262	Viruses;Duplodnaviria;Heunggongvirae;Uroviricota;Caudoviricetes;;
k127_360060	707	No terminal repeats	NA	1	11	0.8535	NA	1	1.7183	Viruses;Duplodnaviria;Heunggongvirae;Uroviricota;Caudoviricetes;;
k127_489085	333	No terminal repeats	NA	1	11	0.8531	NA	1	1.2802	Viruses;Duplodnaviria;Heunggongvirae;Uroviricota;Caudoviricetes;;
k127_616583	1482	No terminal repeats	NA	1	11	0.8531	NA	1	1.2306	Viruses;Duplodnaviria;Heunggongvirae;Uroviricota;Caudoviricetes;;
k127_159405	1308	No terminal repeats	NA	1	11	0.8530	NA	1	1.2306	Viruses;Duplodnaviria;Heunggongvirae;Uroviricota;Caudoviricetes;;
k127_114120	554	No terminal repeats	NA	1	11	0.8526	NA	1	1.7183	Viruses;Duplodnaviria;Heunggongvirae;Uroviricota;Caudoviricetes;;
k127_806908	698	No terminal repeats	NA	1	11	0.8524	NA	1	1.4749	Viruses;Duplodnaviria;Heunggongvirae;Uroviricota;Caudoviricetes;;
k127_626170	913	No terminal repeats	NA	2	11	0.8523	NA	1	1.7183	Viruses;Duplodnaviria;Heunggongvirae;Uroviricota;Caudoviricetes;;
k127_354738	939	No terminal repeats	NA	1	11	0.8520	NA	1	1.4595	Viruses;Duplodnaviria;Heunggongvirae;Uroviricota;Caudoviricetes;;
k127_209574	479	No terminal repeats	NA	1	11	0.8515	NA	1	1.2306	Viruses;Duplodnaviria;Heunggongvirae;Uroviricota;Caudoviricetes;;
k127_374988	547	No terminal repeats	NA	1	11	0.8510	NA	1	1.3870	Viruses;Duplodnaviria;Heunggongvirae;Uroviricota;Caudoviricetes;;
k127_602617	312	No terminal repeats	NA	1	11	0.8505	NA	1	1.4049	Viruses;Duplodnaviria;Heunggongvirae;Uroviricota;Caudoviricetes;;
k127_102476	409	No terminal repeats	NA	1	11	0.8499	NA	1	1.7161	Viruses;Duplodnaviria;Heunggongvirae;Uroviricota;Caudoviricetes;;
k127_54695	484	No terminal repeats	NA	1	11	0.8495	NA	1	1.3550	Viruses;Duplodnaviria;Heunggongvirae;Uroviricota;Caudoviricetes;;
k127_7399	502	No terminal repeats	NA	1	11	0.8495	NA	1	1.2306	Viruses;Duplodnaviria;Heunggongvirae;Uroviricota;Caudoviricetes;;
k127_72991	1127	No terminal repeats	NA	1	11	0.8495	NA	1	1.2306	Viruses;Duplodnaviria;Heunggongvirae;Uroviricota;Caudoviricetes;;
k127_576697	411	No terminal repeats	NA	1	11	0.8493	NA	1	1.7183	Viruses;Duplodnaviria;Heunggongvirae;Uroviricota;Caudoviricetes;;Drexlerviridae
k127_767711	873	No terminal repeats	NA	2	11	0.8492	NA	1	2.8795	Viruses;Duplodnaviria;Heunggongvirae;Uroviricota;Caudoviricetes;;
k127_34673	499	No terminal repeats	NA	1	11	0.8489	NA	1	1.2306	Viruses;Duplodnaviria;Heunggongvirae;Uroviricota;Caudoviricetes;;
k127_416392	347	No terminal repeats	NA	1	11	0.8488	NA	1	1.4749	Viruses;Duplodnaviria;Heunggongvirae;Uroviricota;Caudoviricetes;;
k127_493939	507	No terminal repeats	NA	1	11	0.8485	NA	1	1.2306	Viruses;Duplodnaviria;Heunggongvirae;Uroviricota;Caudoviricetes;;
k127_381777	431	No terminal repeats	NA	1	11	0.8484	NA	1	1.7183	Viruses;Duplodnaviria;Heunggongvirae;Uroviricota;Caudoviricetes;;
k127_784295	314	No terminal repeats	NA	1	11	0.8484	NA	1	1.3928	Viruses;Duplodnaviria;Heunggongvirae;Uroviricota;Caudoviricetes;;
k127_693495	721	No terminal repeats	NA	1	11	0.8480	NA	1	1.7183	Viruses;Duplodnaviria;Heunggongvirae;Uroviricota;Caudoviricetes;;
k127_805312	456	No terminal repeats	NA	1	11	0.8479	NA	1	1.2306	Viruses;Duplodnaviria;Heunggongvirae;Uroviricota;Caudoviricetes;;
k127_76706	892	No terminal repeats	NA	1	11	0.8478	NA	1	1.7183	Viruses;Duplodnaviria;Heunggongvirae;Uroviricota;Caudoviricetes;;
k127_644780	314	No terminal repeats	NA	1	11	0.8470	NA	1	1.7183	Viruses;Duplodnaviria;Heunggongvirae;Uroviricota;Caudoviricetes;;
k127_30228	488	No terminal repeats	NA	1	11	0.8462	NA	1	1.2306	Viruses;Duplodnaviria;Heunggongvirae;Uroviricota;Caudoviricetes;;
k127_380782	461	No terminal repeats	NA	2	11	0.8462	NA	1	1.2201	Viruses;Duplodnaviria;Heunggongvirae;Uroviricota;Caudoviricetes;;
k127_369313	320	No terminal repeats	NA	1	11	0.8457	NA	1	1.2632	Viruses;Duplodnaviria;Heunggongvirae;Uroviricota;Caudoviricetes;;
k127_772382	479	No terminal repeats	NA	1	11	0.8456	NA	1	1.2306	Viruses;Duplodnaviria;Heunggongvirae;Uroviricota;Caudoviricetes;;
k127_237841	405	No terminal repeats	NA	1	11	0.8453	NA	1	1.3050	Viruses;Duplodnaviria;Heunggongvirae;Uroviricota;Caudoviricetes;;
k127_382286	471	No terminal repeats	NA	1	11	0.8452	NA	1	1.7183	Viruses;Duplodnaviria;Heunggongvirae;Uroviricota;Caudoviricetes;;
k127_30235	600	No terminal repeats	NA	1	11	0.8448	NA	1	1.2306	Viruses;Duplodnaviria;Heunggongvirae;Uroviricota;Caudoviricetes;;
k127_450041	356	No terminal repeats	NA	1	11	0.8448	NA	1	1.7183	Viruses;Duplodnaviria;Heunggongvirae;Uroviricota;Caudoviricetes;;
k127_190140	444	No terminal repeats	NA	1	11	0.8446	NA	1	1.2306	Viruses;Duplodnaviria;Heunggongvirae;Uroviricota;Caudoviricetes;;
k127_632481	526	No terminal repeats	NA	1	11	0.8445	NA	1	1.2306	Viruses;Duplodnaviria;Heunggongvirae;Uroviricota;Caudoviricetes;;
k127_394339	416	No terminal repeats	NA	1	11	0.8436	NA	1	1.7183	Viruses;Duplodnaviria;Heunggongvirae;Uroviricota;Caudoviricetes;;
k127_356866	466	No terminal repeats	NA	1	11	0.8428	NA	1	0.9531	Viruses;Duplodnaviria;Heunggongvirae;Uroviricota;Caudoviricetes;;
k127_339594	661	No terminal repeats	NA	1	11	0.8426	NA	1	1.7183	Viruses;Duplodnaviria;Heunggongvirae;Uroviricota;Caudoviricetes;;
k127_94134	862	No terminal repeats	NA	1	11	0.8423	NA	1	1.7183	Viruses;Duplodnaviria;Heunggongvirae;Uroviricota;Caudoviricetes;;
k127_428913	322	No terminal repeats	NA	1	11	0.8409	NA	1	1.1262	Viruses;Duplodnaviria;Heunggongvirae;Uroviricota;Caudoviricetes;;
k127_547043	365	No terminal repeats	NA	1	11	0.8406	NA	1	1.2449	Viruses;Duplodnaviria;Heunggongvirae;Uroviricota;Caudoviricetes;;
k127_462740	679	No terminal repeats	NA	1	11	0.8406	NA	1	1.4749	Viruses;Duplodnaviria;Heunggongvirae;Uroviricota;Caudoviricetes;;
k127_503946	583	No terminal repeats	NA	1	11	0.8402	NA	1	1.2306	Viruses;Duplodnaviria;Heunggongvirae;Uroviricota;Caudoviricetes;;
k127_642528	734	No terminal repeats	NA	1	11	0.8400	NA	1	1.7183	Viruses;Duplodnaviria;Heunggongvirae;Uroviricota;Caudoviricetes;;
k127_510032	556	No terminal repeats	NA	1	11	0.8393	NA	1	1.7183	Viruses;Duplodnaviria;Heunggongvirae;Uroviricota;Caudoviricetes;;
k127_464071	376	No terminal repeats	NA	1	11	0.8385	NA	1	1.7183	Viruses;Duplodnaviria;Heunggongvirae;Uroviricota;Caudoviricetes;;
k127_267664	976	No terminal repeats	NA	1	11	0.8384	NA	1	1.7183	Viruses;Duplodnaviria;Heunggongvirae;Uroviricota;Caudoviricetes;;
k127_182639	439	No terminal repeats	NA	2	11	0.8381	NA	1	1.6774	Viruses;Duplodnaviria;Heunggongvirae;Uroviricota;Caudoviricetes;;
k127_329017	315	No terminal repeats	NA	1	11	0.8375	NA	1	1.7183	Viruses;Duplodnaviria;Heunggongvirae;Uroviricota;Caudoviricetes;;
k127_599434	307	No terminal repeats	NA	2	11	0.8373	NA	1	1.5749	Viruses;Duplodnaviria;Heunggongvirae;Uroviricota;Caudoviricetes;;
k127_404955	487	No terminal repeats	NA	1	11	0.8372	NA	1	1.4880	Viruses;Duplodnaviria;Heunggongvirae;Uroviricota;Caudoviricetes;;
k127_611775	1008	No terminal repeats	NA	2	11	0.8372	NA	1	2.6762	Viruses;Duplodnaviria;Heunggongvirae;Uroviricota;Caudoviricetes;;
k127_227679	443	No terminal repeats	NA	1	11	0.8365	NA	1	1.7183	Viruses;Duplodnaviria;Heunggongvirae;Uroviricota;Caudoviricetes;;
k127_480286	828	No terminal repeats	NA	2	11	0.8355	NA	1	3.4366	Viruses;Duplodnaviria;Heunggongvirae;Uroviricota;Caudoviricetes;;
k127_637655	714	No terminal repeats	NA	1	11	0.8346	NA	1	1.7183	Viruses;Duplodnaviria;Heunggongvirae;Uroviricota;Caudoviricetes;;Drexlerviridae
k127_621809	343	No terminal repeats	NA	1	11	0.8338	NA	1	1.0089	Viruses;Duplodnaviria;Heunggongvirae;Uroviricota;Caudoviricetes;;
k127_630371	3127	No terminal repeats	NA	1	11	0.8330	NA	0	1.7183	Viruses;Duplodnaviria;Heunggongvirae;Uroviricota;Caudoviricetes;;
k127_321868	515	No terminal repeats	NA	1	11	0.8322	NA	1	1.7183	Viruses;Duplodnaviria;Heunggongvirae;Uroviricota;Caudoviricetes;;
k127_609233	516	No terminal repeats	NA	2	11	0.8320	NA	1	1.7183	Viruses;Duplodnaviria;Heunggongvirae;Uroviricota;Caudoviricetes;;
k127_742756	436	No terminal repeats	NA	1	11	0.8317	NA	1	1.4464	Viruses;Duplodnaviria;Heunggongvirae;Uroviricota;Caudoviricetes;;
k127_110745	301	No terminal repeats	NA	1	11	0.8309	NA	1	1.7161	Viruses;Duplodnaviria;Heunggongvirae;Uroviricota;Caudoviricetes;;
k127_620802	399	No terminal repeats	NA	1	11	0.8299	NA	1	1.3856	Viruses;Duplodnaviria;Heunggongvirae;Uroviricota;Caudoviricetes;;
k127_266644	465	No terminal repeats	NA	1	11	0.8286	NA	1	1.2306	Viruses;Duplodnaviria;Heunggongvirae;Uroviricota;Caudoviricetes;;
k127_61188	865	No terminal repeats	NA	2	11	0.8285	NA	1	2.6762	Viruses;Duplodnaviria;Heunggongvirae;Uroviricota;Caudoviricetes;;
k127_304015	678	No terminal repeats	NA	1	11	0.8284	NA	1	1.7183	Viruses;Duplodnaviria;Heunggongvirae;Uroviricota;Caudoviricetes;;
k127_530032	398	No terminal repeats	NA	1	11	0.8281	NA	1	1.1826	Unclassified
k127_512258	555	No terminal repeats	NA	2	11	0.8277	NA	1	1.7183	Viruses;Duplodnaviria;Heunggongvirae;Uroviricota;Caudoviricetes;;
k127_421586	1010	No terminal repeats	NA	1	11	0.8277	NA	1	1.7183	Viruses;Duplodnaviria;Heunggongvirae;Uroviricota;Caudoviricetes;;
k127_54394	372	No terminal repeats	NA	1	11	0.8268	NA	1	1.0597	Unclassified
k127_713649	499	No terminal repeats	NA	1	11	0.8265	NA	1	1.2306	Viruses;Duplodnaviria;Heunggongvirae;Uroviricota;Caudoviricetes;;
k127_658515	599	No terminal repeats	NA	1	11	0.8264	NA	1	1.1904	Viruses;Duplodnaviria;Heunggongvirae;Uroviricota;Caudoviricetes;;
k127_61193	310	No terminal repeats	NA	1	11	0.8256	NA	1	1.0089	Viruses;Duplodnaviria;Heunggongvirae;Uroviricota;Caudoviricetes;;
k127_18361	355	No terminal repeats	NA	1	11	0.8255	NA	1	1.2449	Viruses;Duplodnaviria;Heunggongvirae;Uroviricota;Caudoviricetes;;
k127_2967	1362	No terminal repeats	NA	1	11	0.8255	NA	1	1.7183	Viruses;Duplodnaviria;Heunggongvirae;Uroviricota;Caudoviricetes;;Drexlerviridae
k127_40936	691	No terminal repeats	NA	1	11	0.8254	NA	1	1.7183	Viruses;Duplodnaviria;Heunggongvirae;Uroviricota;Caudoviricetes;;
k127_521292	670	No terminal repeats	NA	1	11	0.8243	NA	1	1.7183	Viruses;Duplodnaviria;Heunggongvirae;Uroviricota;Caudoviricetes;;
k127_382745	790	No terminal repeats	NA	1	11	0.8242	NA	1	1.2306	Viruses;Duplodnaviria;Heunggongvirae;Uroviricota;Caudoviricetes;;
k127_666165	583	No terminal repeats	NA	1	11	0.8238	NA	1	1.4880	Viruses;Duplodnaviria;Heunggongvirae;Uroviricota;Caudoviricetes;;
k127_448836	763	No terminal repeats	NA	1	11	0.8231	NA	1	1.7183	Viruses;Duplodnaviria;Heunggongvirae;Uroviricota;Caudoviricetes;;
k127_375491	332	No terminal repeats	NA	1	11	0.8219	NA	1	1.4049	Viruses;Duplodnaviria;Heunggongvirae;Uroviricota;Caudoviricetes;;
k127_819221	1257	No terminal repeats	NA	3	11	0.8217	NA	1	1.4698	Viruses;Duplodnaviria;Heunggongvirae;Uroviricota;Caudoviricetes;;
k127_403930	648	No terminal repeats	NA	1	11	0.8215	NA	1	1.2306	Viruses;Duplodnaviria;Heunggongvirae;Uroviricota;Caudoviricetes;;
k127_128433	648	No terminal repeats	NA	1	11	0.8215	NA	1	1.7183	Viruses;Duplodnaviria;Heunggongvirae;Uroviricota;Caudoviricetes;;Drexlerviridae
k127_601509	526	No terminal repeats	NA	2	11	0.8213	NA	1	1.3428	Viruses;Duplodnaviria;Heunggongvirae;Uroviricota;Caudoviricetes;;
k127_383322	543	No terminal repeats	NA	2	11	0.8195	NA	1	1.7183	Viruses;Duplodnaviria;Heunggongvirae;Uroviricota;Caudoviricetes;;
k127_483671	657	No terminal repeats	NA	1	11	0.8184	NA	1	1.7183	Viruses;Duplodnaviria;Heunggongvirae;Uroviricota;Caudoviricetes;;
k127_736008	432	No terminal repeats	NA	1	11	0.8181	NA	1	1.2306	Viruses;Duplodnaviria;Heunggongvirae;Uroviricota;Caudoviricetes;;
k127_780490	399	No terminal repeats	NA	1	11	0.8176	NA	1	1.7183	Viruses;Duplodnaviria;Heunggongvirae;Uroviricota;Caudoviricetes;;Drexlerviridae
k127_283962	1126	No terminal repeats	NA	1	11	0.8153	NA	1	1.7183	Viruses;Duplodnaviria;Heunggongvirae;Uroviricota;Caudoviricetes;;
k127_488501	1206	No terminal repeats	NA	3	11	0.8149	NA	1	3.2932	Viruses;Duplodnaviria;Heunggongvirae;Uroviricota;Caudoviricetes;;
k127_442972	496	No terminal repeats	NA	1	11	0.8139	NA	1	1.0089	Viruses;Duplodnaviria;Heunggongvirae;Uroviricota;Caudoviricetes;;
k127_380240	555	No terminal repeats	NA	1	11	0.8133	NA	1	1.2306	Viruses;Duplodnaviria;Heunggongvirae;Uroviricota;Caudoviricetes;;
k127_62473	335	No terminal repeats	NA	1	11	0.8118	NA	1	1.7161	Viruses;Duplodnaviria;Heunggongvirae;Uroviricota;Caudoviricetes;;
k127_58017	587	No terminal repeats	NA	1	11	0.8117	NA	1	1.7183	Viruses;Duplodnaviria;Heunggongvirae;Uroviricota;Caudoviricetes;;Drexlerviridae
k127_397271	355	No terminal repeats	NA	1	11	0.8113	NA	1	1.7161	Viruses;Duplodnaviria;Heunggongvirae;Uroviricota;Caudoviricetes;;
k127_404184	474	No terminal repeats	NA	2	11	0.8110	NA	1	1.6774	Viruses;Duplodnaviria;Heunggongvirae;Uroviricota;Caudoviricetes;;
k127_76549	389	No terminal repeats	NA	2	11	0.8105	NA	1	1.3996	Viruses;Duplodnaviria;Heunggongvirae;Uroviricota;Caudoviricetes;;
k127_188254	616	No terminal repeats	NA	1	11	0.8100	NA	1	1.2306	Viruses;Duplodnaviria;Heunggongvirae;Uroviricota;Caudoviricetes;;
k127_382584	1238	No terminal repeats	NA	1	11	0.8096	NA	1	1.2306	Viruses;Duplodnaviria;Heunggongvirae;Uroviricota;Caudoviricetes;;
k127_800859	830	No terminal repeats	NA	1	11	0.8095	NA	1	1.3050	Viruses;Duplodnaviria;Heunggongvirae;Uroviricota;Caudoviricetes;;
k127_161486	732	No terminal repeats	NA	1	11	0.8091	NA	1	1.6870	Viruses;Duplodnaviria;Heunggongvirae;Uroviricota;Caudoviricetes;;
k127_604380	452	No terminal repeats	NA	1	11	0.8086	NA	1	1.3050	Viruses;Duplodnaviria;Heunggongvirae;Uroviricota;Caudoviricetes;;
k127_486423	409	No terminal repeats	NA	1	11	0.8084	NA	1	1.1038	Viruses;Duplodnaviria;Heunggongvirae;Uroviricota;Caudoviricetes;;
k127_810216	388	No terminal repeats	NA	1	11	0.8082	NA	1	1.3182	Viruses;Duplodnaviria;Heunggongvirae;Uroviricota;Caudoviricetes;;
k127_792183	1297	No terminal repeats	NA	2	11	0.8082	NA	1	1.7183	Viruses;Duplodnaviria;Heunggongvirae;Uroviricota;Caudoviricetes;;
k127_467820	895	No terminal repeats	NA	3	11	0.8079	NA	1	1.0851	Viruses;Duplodnaviria;Heunggongvirae;Uroviricota;Caudoviricetes;;
k127_338428	508	No terminal repeats	NA	2	11	0.8075	NA	1	1.7161	Viruses;Duplodnaviria;Heunggongvirae;Uroviricota;Caudoviricetes;;
k127_259842	364	No terminal repeats	NA	1	11	0.8074	NA	1	1.3467	Viruses;Duplodnaviria;Heunggongvirae;Uroviricota;Caudoviricetes;;
k127_144590	887	No terminal repeats	NA	1	11	0.8069	NA	1	1.7183	Viruses;Duplodnaviria;Heunggongvirae;Uroviricota;Caudoviricetes;;
k127_692859	873	No terminal repeats	NA	2	11	0.8068	NA	1	1.7183	Viruses;Duplodnaviria;Heunggongvirae;Uroviricota;Caudoviricetes;;
k127_506086	419	No terminal repeats	NA	1	11	0.8066	NA	1	1.7183	Viruses;Duplodnaviria;Heunggongvirae;Uroviricota;Caudoviricetes;;
k127_795030	556	No terminal repeats	NA	2	11	0.8061	NA	1	0.9531	Viruses;Duplodnaviria;Heunggongvirae;Uroviricota;Caudoviricetes;;
k127_569499	707	No terminal repeats	NA	1	11	0.8052	NA	1	1.7183	Viruses;Duplodnaviria;Heunggongvirae;Uroviricota;Caudoviricetes;;
k127_311169	545	No terminal repeats	NA	1	11	0.8050	NA	1	1.2683	Viruses;Duplodnaviria;Heunggongvirae;Uroviricota;Caudoviricetes;;
k127_284829	502	No terminal repeats	NA	1	11	0.8049	NA	1	1.6716	Viruses;Duplodnaviria;Heunggongvirae;Uroviricota;Caudoviricetes;;
k127_737147	471	No terminal repeats	NA	1	11	0.8042	NA	1	1.2847	Viruses;Duplodnaviria;Heunggongvirae;Uroviricota;Caudoviricetes;;
k127_326577	3005	No terminal repeats	NA	2	11	0.8040	NA	0	1.7183	Viruses;Duplodnaviria;Heunggongvirae;Uroviricota;Caudoviricetes;;
k127_498844	620	No terminal repeats	NA	1	11	0.8032	NA	1	1.7183	Viruses;Duplodnaviria;Heunggongvirae;Uroviricota;Caudoviricetes;;Drexlerviridae
k127_297657	776	No terminal repeats	NA	1	11	0.8024	NA	1	1.4880	Viruses;Duplodnaviria;Heunggongvirae;Uroviricota;Caudoviricetes;;
k127_400497	823	No terminal repeats	NA	1	11	0.8018	NA	1	1.2306	Viruses;Duplodnaviria;Heunggongvirae;Uroviricota;Caudoviricetes;;
k127_817173	336	No terminal repeats	NA	1	11	0.8016	NA	1	1.3168	Viruses;Duplodnaviria;Heunggongvirae;Uroviricota;Caudoviricetes;;
k127_266907	589	No terminal repeats	NA	1	11	0.8014	NA	1	1.2306	Viruses;Duplodnaviria;Heunggongvirae;Uroviricota;Caudoviricetes;;
k127_686567	449	No terminal repeats	NA	1	11	0.8008	NA	1	1.2306	Viruses;Duplodnaviria;Heunggongvirae;Uroviricota;Caudoviricetes;;
k127_106577	1273	No terminal repeats	NA	2	11	0.7999	NA	1	3.0620	Viruses;Duplodnaviria;Heunggongvirae;Uroviricota;Caudoviricetes;;Herelleviridae
k127_576357	572	No terminal repeats	NA	1	11	0.7993	NA	1	0.9613	Viruses;Monodnaviria;Shotokuvirae;Cressdnaviricota;Arfiviricetes;Cirlivirales;Circoviridae
k127_277173	694	No terminal repeats	NA	1	11	0.7986	NA	1	1.7183	Viruses;Duplodnaviria;Heunggongvirae;Uroviricota;Caudoviricetes;;
k127_558969	413	No terminal repeats	NA	1	11	0.7980	NA	1	0.9531	Viruses;Duplodnaviria;Heunggongvirae;Uroviricota;Caudoviricetes;;
k127_295086	1395	No terminal repeats	NA	1	11	0.7980	NA	1	1.7183	Viruses;Duplodnaviria;Heunggongvirae;Uroviricota;Caudoviricetes;;
k127_816260	536	No terminal repeats	NA	1	11	0.7977	NA	1	1.2306	Viruses;Duplodnaviria;Heunggongvirae;Uroviricota;Caudoviricetes;;
k127_472873	593	No terminal repeats	NA	1	11	0.7974	NA	1	0.9531	Viruses;Duplodnaviria;Heunggongvirae;Uroviricota;Caudoviricetes;;
k127_359222	516	No terminal repeats	NA	2	11	0.7974	NA	1	1.4595	Viruses;Duplodnaviria;Heunggongvirae;Uroviricota;Caudoviricetes;;
k127_603113	691	No terminal repeats	NA	1	11	0.7973	NA	1	1.2306	Viruses;Duplodnaviria;Heunggongvirae;Uroviricota;Caudoviricetes;;
k127_256693	309	No terminal repeats	NA	1	11	0.7969	NA	1	1.3168	Viruses;Duplodnaviria;Heunggongvirae;Uroviricota;Caudoviricetes;;
k127_416705	358	No terminal repeats	NA	1	11	0.7969	NA	1	1.4880	Viruses;Duplodnaviria;Heunggongvirae;Uroviricota;Caudoviricetes;;
k127_30169	552	No terminal repeats	NA	1	11	0.7969	NA	1	1.1904	Viruses;Duplodnaviria;Heunggongvirae;Uroviricota;Caudoviricetes;;
k127_477253	531	No terminal repeats	NA	2	11	0.7965	NA	1	1.2934	Viruses;Duplodnaviria;Heunggongvirae;Uroviricota;Caudoviricetes;;
k127_466648	611	No terminal repeats	NA	1	11	0.7964	NA	1	1.3359	Viruses;Duplodnaviria;Heunggongvirae;Uroviricota;Caudoviricetes;;
k127_704004	446	No terminal repeats	NA	1	11	0.7955	NA	1	1.7183	Viruses;Duplodnaviria;Heunggongvirae;Uroviricota;Caudoviricetes;;
k127_563469	457	No terminal repeats	NA	2	11	0.7954	NA	1	1.0756	Viruses;Duplodnaviria;Heunggongvirae;Uroviricota;Caudoviricetes;;
k127_529131	937	No terminal repeats	NA	2	11	0.7944	NA	1	1.7183	Viruses;Duplodnaviria;Heunggongvirae;Uroviricota;Caudoviricetes;;Herelleviridae
k127_319571	934	No terminal repeats	NA	2	11	0.7941	NA	1	1.2277	Viruses;Duplodnaviria;Heunggongvirae;Uroviricota;Caudoviricetes;;
k127_289160	393	No terminal repeats	NA	1	11	0.7938	NA	1	1.7183	Viruses;Duplodnaviria;Heunggongvirae;Uroviricota;Caudoviricetes;;
k127_323574	357	No terminal repeats	NA	1	11	0.7936	NA	1	1.0089	Viruses;Duplodnaviria;Heunggongvirae;Uroviricota;Caudoviricetes;;
k127_706651	1149	No terminal repeats	NA	1	11	0.7930	NA	1	1.7183	Viruses;Duplodnaviria;Heunggongvirae;Uroviricota;Caudoviricetes;;
k127_409309	784	No terminal repeats	NA	1	11	0.7929	NA	1	1.7183	Viruses;Duplodnaviria;Heunggongvirae;Uroviricota;Caudoviricetes;;
k127_466361	904	No terminal repeats	NA	1	11	0.7924	NA	1	1.2306	Viruses;Duplodnaviria;Heunggongvirae;Uroviricota;Caudoviricetes;;
k127_711425	441	No terminal repeats	NA	1	11	0.7918	NA	1	1.2847	Viruses;Duplodnaviria;Heunggongvirae;Uroviricota;Caudoviricetes;;
k127_220230	417	No terminal repeats	NA	1	11	0.7914	NA	1	1.7183	Viruses;Duplodnaviria;Heunggongvirae;Uroviricota;Caudoviricetes;;
k127_212290	472	No terminal repeats	NA	1	11	0.7906	NA	1	1.2306	Viruses;Duplodnaviria;Heunggongvirae;Uroviricota;Caudoviricetes;;
k127_275769	693	No terminal repeats	NA	1	11	0.7888	NA	1	0.9221	Viruses;Duplodnaviria;Heunggongvirae;Uroviricota;Caudoviricetes;;Straboviridae
k127_177734	320	No terminal repeats	NA	1	11	0.7885	NA	1	1.0089	Viruses;Duplodnaviria;Heunggongvirae;Uroviricota;Caudoviricetes;;
k127_64000	581	No terminal repeats	NA	1	11	0.7883	NA	1	1.1262	Viruses;Duplodnaviria;Heunggongvirae;Uroviricota;Caudoviricetes;;
k127_212156	327	No terminal repeats	NA	1	11	0.7882	NA	1	1.6972	Viruses;Duplodnaviria;Heunggongvirae;Uroviricota;Caudoviricetes;;
k127_412933	573	No terminal repeats	NA	1	11	0.7881	NA	1	1.2306	Viruses;Duplodnaviria;Heunggongvirae;Uroviricota;Caudoviricetes;;
k127_163164	364	No terminal repeats	NA	1	11	0.7880	NA	1	1.0597	Unclassified
k127_593110	325	No terminal repeats	NA	1	11	0.7838	NA	1	1.7092	Unclassified
k127_77487	478	No terminal repeats	NA	2	11	0.7838	NA	1	2.7375	Viruses;Duplodnaviria;Heunggongvirae;Uroviricota;Caudoviricetes;;
k127_619768	356	No terminal repeats	NA	1	11	0.7837	NA	1	1.1499	Viruses;Duplodnaviria;Heunggongvirae;Uroviricota;Caudoviricetes;;
k127_746836	2533	No terminal repeats	NA	3	11	0.7827	NA	0	2.9880	Unclassified
k127_370939	892	No terminal repeats	NA	1	11	0.7815	NA	1	1.7183	Viruses;Duplodnaviria;Heunggongvirae;Uroviricota;Caudoviricetes;;
k127_305366	355	No terminal repeats	NA	1	11	0.7810	NA	1	1.3562	Viruses;Duplodnaviria;Heunggongvirae;Uroviricota;Caudoviricetes;;
k127_260694	557	No terminal repeats	NA	2	11	0.7802	NA	1	1.7161	Viruses;Duplodnaviria;Heunggongvirae;Uroviricota;Caudoviricetes;;
k127_278640	611	No terminal repeats	NA	1	11	0.7794	NA	1	1.2306	Viruses;Duplodnaviria;Heunggongvirae;Uroviricota;Caudoviricetes;;
k127_308246	703	No terminal repeats	NA	3	11	0.7790	NA	1	1.0569	Viruses;Duplodnaviria;Heunggongvirae;Uroviricota;Caudoviricetes;;
k127_752196	333	No terminal repeats	NA	1	11	0.7790	NA	1	1.3562	Viruses;Duplodnaviria;Heunggongvirae;Uroviricota;Caudoviricetes;;
k127_11797	983	No terminal repeats	NA	1	11	0.7777	NA	1	1.7183	Viruses;Duplodnaviria;Heunggongvirae;Uroviricota;Caudoviricetes;;
k127_2767	654	No terminal repeats	NA	1	11	0.7768	NA	1	1.7183	Viruses;Duplodnaviria;Heunggongvirae;Uroviricota;Caudoviricetes;;
k127_691632	483	No terminal repeats	NA	1	11	0.7766	NA	1	1.2306	Viruses;Duplodnaviria;Heunggongvirae;Uroviricota;Caudoviricetes;;
k127_4126	566	No terminal repeats	NA	2	11	0.7765	NA	1	1.7183	Viruses;Duplodnaviria;Heunggongvirae;Uroviricota;Caudoviricetes;;
k127_240121	436	No terminal repeats	NA	2	11	0.7761	NA	1	2.7375	Viruses;Duplodnaviria;Heunggongvirae;Uroviricota;Caudoviricetes;;
k127_88736	662	No terminal repeats	NA	1	11	0.7759	NA	1	1.2306	Viruses;Duplodnaviria;Heunggongvirae;Uroviricota;Caudoviricetes;;
k127_136603	448	No terminal repeats	NA	1	11	0.7757	NA	1	1.3070	Viruses;Duplodnaviria;Heunggongvirae;Uroviricota;Caudoviricetes;;
k127_381308	1560	No terminal repeats	NA	1	11	0.7743	NA	1	1.3159	Viruses;Duplodnaviria;Heunggongvirae;Uroviricota;Caudoviricetes;;
k127_711886	481	No terminal repeats	NA	1	11	0.7740	NA	1	1.4446	Viruses;Duplodnaviria;Heunggongvirae;Uroviricota;Caudoviricetes;;
k127_653146	1589	No terminal repeats	NA	1	11	0.7734	NA	1	1.7183	Viruses;Duplodnaviria;Heunggongvirae;Uroviricota;Caudoviricetes;;
k127_138174	474	No terminal repeats	NA	1	11	0.7734	NA	1	1.7183	Viruses;Duplodnaviria;Heunggongvirae;Uroviricota;Caudoviricetes;;Drexlerviridae
k127_377707	641	No terminal repeats	NA	2	11	0.7723	NA	1	1.7183	Viruses;Duplodnaviria;Heunggongvirae;Uroviricota;Caudoviricetes;;
k127_391693	305	No terminal repeats	NA	1	11	0.7718	NA	1	1.4049	Viruses;Duplodnaviria;Heunggongvirae;Uroviricota;Caudoviricetes;;
k127_601283	1065	No terminal repeats	NA	1	11	0.7716	NA	1	1.7183	Viruses;Duplodnaviria;Heunggongvirae;Uroviricota;Caudoviricetes;;
k127_632406	858	No terminal repeats	NA	1	11	0.7714	NA	1	1.7183	Viruses;Duplodnaviria;Heunggongvirae;Uroviricota;Caudoviricetes;;
k127_628546	355	No terminal repeats	NA	1	11	0.7713	NA	1	1.7020	Viruses;Duplodnaviria;Heunggongvirae;Uroviricota;Caudoviricetes;;
k127_221903	709	No terminal repeats	NA	1	11	0.7702	NA	1	1.7183	Viruses;Duplodnaviria;Heunggongvirae;Uroviricota;Caudoviricetes;;
k127_545853	859	No terminal repeats	NA	2	11	0.7697	NA	1	1.7183	Viruses;Duplodnaviria;Heunggongvirae;Uroviricota;Caudoviricetes;;
k127_177030	518	No terminal repeats	NA	1	11	0.7685	NA	1	1.6235	Unclassified
k127_462727	336	No terminal repeats	NA	1	11	0.7684	NA	1	1.2632	Viruses;Duplodnaviria;Heunggongvirae;Uroviricota;Caudoviricetes;;
k127_159391	336	No terminal repeats	NA	1	11	0.7683	NA	1	1.4880	Viruses;Duplodnaviria;Heunggongvirae;Uroviricota;Caudoviricetes;;
k127_564295	549	No terminal repeats	NA	1	11	0.7680	NA	1	1.7183	Viruses;Duplodnaviria;Heunggongvirae;Uroviricota;Caudoviricetes;;
k127_171970	317	No terminal repeats	NA	1	11	0.7671	NA	1	1.6245	Viruses;Duplodnaviria;Heunggongvirae;Uroviricota;Caudoviricetes;;
k127_190131	1189	No terminal repeats	NA	1	11	0.7671	NA	1	1.2751	Viruses;Duplodnaviria;Heunggongvirae;Uroviricota;Caudoviricetes;;
k127_80767	971	No terminal repeats	NA	1	11	0.7671	NA	1	1.3159	Viruses;Duplodnaviria;Heunggongvirae;Uroviricota;Caudoviricetes;;
k127_490045	326	No terminal repeats	NA	1	11	0.7670	NA	1	1.7161	Viruses;Duplodnaviria;Heunggongvirae;Uroviricota;Caudoviricetes;;
k127_357381	507	No terminal repeats	NA	1	11	0.7664	NA	1	1.0639	Viruses;Duplodnaviria;Heunggongvirae;Uroviricota;Caudoviricetes;;
k127_700134	361	No terminal repeats	NA	1	11	0.7664	NA	1	1.7167	Viruses;Duplodnaviria;Heunggongvirae;Uroviricota;Caudoviricetes;;
k127_77343	1027	No terminal repeats	NA	4	11	0.7661	NA	1	2.9878	Viruses;Duplodnaviria;Heunggongvirae;Uroviricota;Caudoviricetes;;
k127_499214	979	No terminal repeats	NA	1	11	0.7657	NA	1	1.7183	Viruses;Duplodnaviria;Heunggongvirae;Uroviricota;Caudoviricetes;;
k127_534104	1228	No terminal repeats	NA	1	11	0.7654	NA	1	1.1262	Viruses;Duplodnaviria;Heunggongvirae;Uroviricota;Caudoviricetes;;
k127_377946	825	No terminal repeats	NA	1	11	0.7649	NA	1	1.2306	Viruses;Duplodnaviria;Heunggongvirae;Uroviricota;Caudoviricetes;;
k127_148058	1844	No terminal repeats	NA	1	11	0.7646	NA	1	1.7183	Viruses;Duplodnaviria;Heunggongvirae;Uroviricota;Caudoviricetes;;
k127_210383	551	No terminal repeats	NA	2	11	0.7630	NA	1	1.7183	Viruses;Duplodnaviria;Heunggongvirae;Uroviricota;Caudoviricetes;;
k127_157406	474	No terminal repeats	NA	1	11	0.7621	NA	1	1.3358	Viruses;Duplodnaviria;Heunggongvirae;Uroviricota;Caudoviricetes;;
k127_716829	787	No terminal repeats	NA	1	11	0.7611	NA	1	1.2746	Viruses;Duplodnaviria;Heunggongvirae;Uroviricota;Caudoviricetes;;
k127_426486	946	No terminal repeats	NA	1	11	0.7607	NA	1	1.7183	Viruses;Duplodnaviria;Heunggongvirae;Uroviricota;Caudoviricetes;;
k127_673865	831	No terminal repeats	NA	1	11	0.7606	NA	1	1.3074	Viruses;Duplodnaviria;Heunggongvirae;Uroviricota;Caudoviricetes;;
k127_397511	356	No terminal repeats	NA	1	11	0.7601	NA	1	1.1870	Unclassified
k127_74513	865	No terminal repeats	NA	2	11	0.7595	NA	1	1.7183	Viruses;Duplodnaviria;Heunggongvirae;Uroviricota;Caudoviricetes;;
k127_467348	1499	No terminal repeats	NA	2	11	0.7592	NA	2	2.7597	Viruses;Duplodnaviria;Heunggongvirae;Uroviricota;Caudoviricetes;;
k127_344339	368	No terminal repeats	NA	1	11	0.7591	NA	1	1.6742	Viruses;Duplodnaviria;Heunggongvirae;Uroviricota;Caudoviricetes;;
k127_477644	872	No terminal repeats	NA	1	11	0.7585	NA	1	1.7183	Viruses;Duplodnaviria;Heunggongvirae;Uroviricota;Caudoviricetes;;
k127_578822	966	No terminal repeats	NA	1	11	0.7581	NA	1	1.7183	Viruses;Duplodnaviria;Heunggongvirae;Uroviricota;Caudoviricetes;;Drexlerviridae
k127_696262	1032	No terminal repeats	NA	1	11	0.7580	NA	1	1.2306	Viruses;Duplodnaviria;Heunggongvirae;Uroviricota;Caudoviricetes;;
k127_357331	480	No terminal repeats	NA	2	11	0.7577	NA	1	1.6947	Viruses;Duplodnaviria;Heunggongvirae;Uroviricota;Caudoviricetes;;
k127_88196	2787	No terminal repeats	NA	2	11	0.7561	NA	0	1.3392	Unclassified
k127_149657	313	No terminal repeats	NA	1	11	0.7559	NA	1	1.4446	Viruses;Duplodnaviria;Heunggongvirae;Uroviricota;Caudoviricetes;;
k127_808459	955	No terminal repeats	NA	2	11	0.7555	NA	1	1.7183	Viruses;Duplodnaviria;Heunggongvirae;Uroviricota;Caudoviricetes;;
k127_552039	1670	No terminal repeats	NA	1	11	0.7554	NA	1	1.7183	Viruses;Duplodnaviria;Heunggongvirae;Uroviricota;Caudoviricetes;;
k127_739779	335	No terminal repeats	NA	1	11	0.7546	NA	1	1.0851	Viruses;Duplodnaviria;Heunggongvirae;Uroviricota;Caudoviricetes;;
k127_659574	651	No terminal repeats	NA	1	11	0.7542	NA	1	1.2306	Viruses;Duplodnaviria;Heunggongvirae;Uroviricota;Caudoviricetes;;
k127_569449	568	No terminal repeats	NA	1	11	0.7540	NA	1	1.3050	Viruses;Duplodnaviria;Heunggongvirae;Uroviricota;Caudoviricetes;;
k127_64863	510	No terminal repeats	NA	2	11	0.7540	NA	1	1.0851	Viruses;Duplodnaviria;Heunggongvirae;Uroviricota;Caudoviricetes;;
k127_369196	323	No terminal repeats	NA	1	11	0.7538	NA	1	1.5594	Viruses;Duplodnaviria;Heunggongvirae;Uroviricota;Caudoviricetes;;
k127_204520	355	No terminal repeats	NA	2	11	0.7530	NA	1	1.3483	Unclassified
k127_284571	340	No terminal repeats	NA	1	11	0.7518	NA	1	1.4880	Viruses;Duplodnaviria;Heunggongvirae;Uroviricota;Caudoviricetes;;
k127_113841	1202	No terminal repeats	NA	1	11	0.7512	NA	1	1.7183	Viruses;Duplodnaviria;Heunggongvirae;Uroviricota;Caudoviricetes;;
k127_469355	437	No terminal repeats	NA	2	11	0.7509	NA	1	1.3608	Viruses;Duplodnaviria;Heunggongvirae;Uroviricota;Caudoviricetes;;Straboviridae
k127_558923	425	No terminal repeats	NA	2	11	0.7502	NA	1	1.3182	Viruses;Duplodnaviria;Heunggongvirae;Uroviricota;Caudoviricetes;;
k127_424835	448	No terminal repeats	NA	2	11	0.7501	NA	1	1.3608	Viruses;Duplodnaviria;Heunggongvirae;Uroviricota;Caudoviricetes;;Straboviridae
k127_539130	668	No terminal repeats	NA	1	11	0.7495	NA	1	1.1387	Viruses;Duplodnaviria;Heunggongvirae;Uroviricota;Caudoviricetes;;
k127_138749	493	No terminal repeats	NA	1	11	0.7480	NA	1	1.7161	Viruses;Duplodnaviria;Heunggongvirae;Uroviricota;Caudoviricetes;;
k127_54960	1463	No terminal repeats	NA	1	11	0.7479	NA	1	1.7183	Viruses;Duplodnaviria;Heunggongvirae;Uroviricota;Caudoviricetes;;
k127_454713	523	No terminal repeats	NA	1	11	0.7465	NA	1	1.3068	Viruses;Duplodnaviria;Heunggongvirae;Uroviricota;Caudoviricetes;;
k127_289738	1519	No terminal repeats	NA	1	11	0.7455	NA	1	1.7183	Viruses;Duplodnaviria;Heunggongvirae;Uroviricota;Caudoviricetes;;
k127_238923	327	No terminal repeats	NA	1	11	0.7442	NA	1	1.6774	Viruses;Duplodnaviria;Heunggongvirae;Uroviricota;Caudoviricetes;;
k127_48228	334	No terminal repeats	NA	1	11	0.7438	NA	1	1.6742	Viruses;Duplodnaviria;Heunggongvirae;Uroviricota;Caudoviricetes;;
k127_215088	1417	No terminal repeats	NA	3	11	0.7434	NA	1	1.4506	Viruses;Duplodnaviria;Heunggongvirae;Uroviricota;Caudoviricetes;;
k127_115556	1063	No terminal repeats	NA	1	11	0.7429	NA	1	1.1328	Viruses;Duplodnaviria;Heunggongvirae;Uroviricota;Caudoviricetes;;
k127_174538	524	No terminal repeats	NA	2	11	0.7425	NA	1	0.9531	Viruses;Duplodnaviria;Heunggongvirae;Uroviricota;Caudoviricetes;;
k127_137433	931	No terminal repeats	NA	2	11	0.7419	NA	1	1.6759	Viruses;Duplodnaviria;Heunggongvirae;Uroviricota;Caudoviricetes;;
k127_208920	425	No terminal repeats	NA	1	11	0.7416	NA	1	1.3273	Viruses;Duplodnaviria;Heunggongvirae;Uroviricota;Caudoviricetes;;
k127_13320	631	No terminal repeats	NA	1	11	0.7399	NA	1	1.7183	Viruses;Duplodnaviria;Heunggongvirae;Uroviricota;Caudoviricetes;;
k127_186934	645	No terminal repeats	NA	1	11	0.7395	NA	1	1.0597	Unclassified
k127_854	794	No terminal repeats	NA	2	11	0.7390	NA	1	1.7183	Viruses;Duplodnaviria;Heunggongvirae;Uroviricota;Caudoviricetes;;
k127_114190	436	No terminal repeats	NA	1	11	0.7389	NA	1	1.3358	Viruses;Duplodnaviria;Heunggongvirae;Uroviricota;Caudoviricetes;;
k127_684030	2431	No terminal repeats	NA	3	11	0.7377	NA	2	2.8009	Viruses;Duplodnaviria;Heunggongvirae;Uroviricota;Caudoviricetes;;
k127_679739	1365	No terminal repeats	NA	2	11	0.7346	NA	1	1.2306	Viruses;Duplodnaviria;Heunggongvirae;Uroviricota;Caudoviricetes;;
k127_416527	560	No terminal repeats	NA	1	11	0.7344	NA	1	1.7183	Viruses;Duplodnaviria;Heunggongvirae;Uroviricota;Caudoviricetes;;Drexlerviridae
k127_738968	602	No terminal repeats	NA	1	11	0.7339	NA	1	1.0036	Viruses;Duplodnaviria;Heunggongvirae;Uroviricota;Caudoviricetes;;
k127_741973	483	No terminal repeats	NA	1	11	0.7336	NA	1	1.0089	Viruses;Duplodnaviria;Heunggongvirae;Uroviricota;Caudoviricetes;;
k127_395323	333	No terminal repeats	NA	2	11	0.7310	NA	1	1.3831	Viruses;Duplodnaviria;Heunggongvirae;Uroviricota;Caudoviricetes;;
k127_348190	449	No terminal repeats	NA	1	11	0.7307	NA	1	1.1262	Viruses;Duplodnaviria;Heunggongvirae;Uroviricota;Caudoviricetes;;
k127_569990	1147	No terminal repeats	NA	2	11	0.7306	NA	1	2.7678	Viruses;Duplodnaviria;Heunggongvirae;Uroviricota;Caudoviricetes;;
k127_205044	1139	No terminal repeats	NA	1	11	0.7297	NA	1	1.2094	Viruses;Duplodnaviria;Heunggongvirae;Uroviricota;Caudoviricetes;;
k127_524588	303	No terminal repeats	NA	1	11	0.7297	NA	1	1.4860	Viruses;Duplodnaviria;Heunggongvirae;Uroviricota;Caudoviricetes;;
k127_291450	2570	No terminal repeats	NA	1	11	0.7290	NA	0	0.0000	Unclassified
k127_715705	353	No terminal repeats	NA	1	11	0.7281	NA	1	1.4749	Viruses;Duplodnaviria;Heunggongvirae;Uroviricota;Caudoviricetes;;
k127_728602	879	No terminal repeats	NA	2	11	0.7277	NA	1	1.7183	Viruses;Duplodnaviria;Heunggongvirae;Uroviricota;Caudoviricetes;;
k127_155844	675	No terminal repeats	NA	1	11	0.7276	NA	1	1.4880	Viruses;Duplodnaviria;Heunggongvirae;Uroviricota;Caudoviricetes;;
k127_757194	807	No terminal repeats	NA	1	11	0.7274	NA	1	1.2306	Viruses;Duplodnaviria;Heunggongvirae;Uroviricota;Caudoviricetes;;
k127_481298	303	No terminal repeats	NA	1	11	0.7264	NA	1	1.2167	Viruses;Duplodnaviria;Heunggongvirae;Uroviricota;Caudoviricetes;;
k127_379132	348	No terminal repeats	NA	1	11	0.7255	NA	1	1.0862	Viruses;Duplodnaviria;Heunggongvirae;Uroviricota;Caudoviricetes;;
k127_297539	1078	No terminal repeats	NA	3	11	0.7246	NA	1	1.3419	Viruses;Duplodnaviria;Heunggongvirae;Uroviricota;Caudoviricetes;;
k127_271724	359	No terminal repeats	NA	1	11	0.7215	NA	1	1.7173	Viruses;Duplodnaviria;Heunggongvirae;Uroviricota;Caudoviricetes;;
k127_598960	930	No terminal repeats	NA	1	11	0.7212	NA	1	1.2306	Viruses;Duplodnaviria;Heunggongvirae;Uroviricota;Caudoviricetes;;
k127_665119	493	No terminal repeats	NA	1	11	0.7210	NA	1	1.1808	Viruses;Duplodnaviria;Heunggongvirae;Uroviricota;Caudoviricetes;;
k127_660818	909	No terminal repeats	NA	1	11	0.7199	NA	1	1.2306	Viruses;Duplodnaviria;Heunggongvirae;Uroviricota;Caudoviricetes;;
k127_320492	350	No terminal repeats	NA	2	11	0.7196	NA	1	1.5961	Viruses;Duplodnaviria;Heunggongvirae;Uroviricota;Caudoviricetes;;
k127_717948	320	No terminal repeats	NA	1	11	0.7191	NA	1	1.6235	Unclassified
k127_752248	842	No terminal repeats	NA	1	11	0.7164	NA	1	0.9531	Viruses;Duplodnaviria;Heunggongvirae;Uroviricota;Caudoviricetes;;
k127_104675	475	No terminal repeats	NA	1	11	0.7144	NA	1	1.2683	Viruses;Duplodnaviria;Heunggongvirae;Uroviricota;Caudoviricetes;;
k127_590583	929	No terminal repeats	NA	1	11	0.7137	NA	1	1.3550	Viruses;Duplodnaviria;Heunggongvirae;Uroviricota;Caudoviricetes;;
k127_411247	376	No terminal repeats	NA	1	11	0.7126	NA	1	1.5749	Viruses;Duplodnaviria;Heunggongvirae;Uroviricota;Caudoviricetes;;
k127_15522	876	No terminal repeats	NA	1	11	0.7121	NA	1	1.2449	Viruses;Duplodnaviria;Heunggongvirae;Uroviricota;Caudoviricetes;;
k127_90120	779	No terminal repeats	NA	2	11	0.7115	NA	1	1.5231	Viruses;Duplodnaviria;Heunggongvirae;Uroviricota;Caudoviricetes;;
k127_233781	513	No terminal repeats	NA	1	11	0.7112	NA	1	1.4880	Viruses;Duplodnaviria;Heunggongvirae;Uroviricota;Caudoviricetes;;
k127_155195	307	No terminal repeats	NA	1	11	0.7102	NA	1	1.6344	Viruses;Duplodnaviria;Heunggongvirae;Uroviricota;Caudoviricetes;;
k127_400455	346	No terminal repeats	NA	1	11	0.7095	NA	1	1.3639	Viruses;Duplodnaviria;Heunggongvirae;Uroviricota;Caudoviricetes;;
k127_774177	1077	No terminal repeats	NA	2	11	0.7093	NA	1	1.7183	Viruses;Duplodnaviria;Heunggongvirae;Uroviricota;Caudoviricetes;;
k127_222100	489	No terminal repeats	NA	1	11	0.7078	NA	1	1.5600	Viruses;Duplodnaviria;Heunggongvirae;Uroviricota;Caudoviricetes;;
k127_322306	660	No terminal repeats	NA	1	11	0.7068	NA	1	1.7183	Viruses;Duplodnaviria;Heunggongvirae;Uroviricota;Caudoviricetes;;
k127_425110	391	No terminal repeats	NA	1	11	0.7062	NA	1	1.7020	Viruses;Duplodnaviria;Heunggongvirae;Uroviricota;Caudoviricetes;;
k127_651320	362	No terminal repeats	NA	1	11	0.7060	NA	1	1.6774	Viruses;Duplodnaviria;Heunggongvirae;Uroviricota;Caudoviricetes;;
k127_573942	446	No terminal repeats	NA	1	11	0.7051	NA	1	1.1328	Viruses;Duplodnaviria;Heunggongvirae;Uroviricota;Caudoviricetes;;
k127_711731	317	No terminal repeats	NA	1	11	0.7043	NA	1	1.6610	Unclassified
k127_239311	333	No terminal repeats	NA	1	11	0.7041	NA	1	1.0722	Viruses;Duplodnaviria;Heunggongvirae;Uroviricota;Caudoviricetes;;
k127_384380	301	No terminal repeats	NA	2	11	0.7041	NA	1	1.1808	Viruses;Duplodnaviria;Heunggongvirae;Uroviricota;Caudoviricetes;;
k127_232576	323	No terminal repeats	NA	1	11	0.7040	NA	1	1.6245	Viruses;Duplodnaviria;Heunggongvirae;Uroviricota;Caudoviricetes;;
k127_440267	2028	No terminal repeats	NA	2	11	0.7019	NA	1	1.7183	Viruses;Riboviria;Orthornavirae;Pisuviricota;Duplopiviricetes;Durnavirales;Partitiviridae
k127_387573	968	No terminal repeats	NA	2	11	0.7001	NA	1	1.7183	Viruses;Duplodnaviria;Heunggongvirae;Uroviricota;Caudoviricetes;;
