seq_name	length	topology	coordinates	n_genes	genetic_code	virus_score	fdr	n_hallmarks	marker_enrichment	taxonomy
k127_743304	5513	DTR	NA	8	11	0.9829	NA	2	12.0280	Viruses;Monodnaviria;Sangervirae;Phixviricota;Malgrandaviricetes;Petitvirales;Microviridae
k127_364649	307	No terminal repeats	NA	1	11	0.9617	NA	1	1.7183	Viruses;Duplodnaviria;Heunggongvirae;Uroviricota;Caudoviricetes;;
k127_109823	571	No terminal repeats	NA	1	11	0.9615	NA	1	1.7183	Viruses;Duplodnaviria;Heunggongvirae;Uroviricota;Caudoviricetes;;Drexlerviridae
k127_403247	324	No terminal repeats	NA	1	11	0.9595	NA	1	1.7183	Viruses;Duplodnaviria;Heunggongvirae;Uroviricota;Caudoviricetes;;
k127_335071	310	No terminal repeats	NA	1	11	0.9590	NA	1	1.7183	Viruses;Duplodnaviria;Heunggongvirae;Uroviricota;Caudoviricetes;;
k127_305004	444	No terminal repeats	NA	1	11	0.9588	NA	1	1.7183	Viruses;Duplodnaviria;Heunggongvirae;Uroviricota;Caudoviricetes;;
k127_538883	644	No terminal repeats	NA	1	11	0.9581	NA	1	1.7183	Viruses;Duplodnaviria;Heunggongvirae;Uroviricota;Caudoviricetes;;
k127_265156	484	No terminal repeats	NA	1	11	0.9558	NA	1	1.7183	Viruses;Duplodnaviria;Heunggongvirae;Uroviricota;Caudoviricetes;;
k127_677103	346	No terminal repeats	NA	1	11	0.9554	NA	1	1.7183	Viruses;Duplodnaviria;Heunggongvirae;Uroviricota;Caudoviricetes;;
k127_489697	312	No terminal repeats	NA	1	11	0.9539	NA	1	1.7183	Viruses;Duplodnaviria;Heunggongvirae;Uroviricota;Caudoviricetes;;
k127_655254	505	No terminal repeats	NA	1	11	0.9496	NA	1	1.7183	Viruses;Duplodnaviria;Heunggongvirae;Uroviricota;Caudoviricetes;;
k127_387018	309	No terminal repeats	NA	1	11	0.9495	NA	1	1.7183	Viruses;Duplodnaviria;Heunggongvirae;Uroviricota;Caudoviricetes;;
k127_210815	479	No terminal repeats	NA	1	11	0.9481	NA	1	1.7183	Viruses;Duplodnaviria;Heunggongvirae;Uroviricota;Caudoviricetes;;
k127_490052	326	No terminal repeats	NA	1	11	0.9468	NA	1	1.7183	Viruses;Duplodnaviria;Heunggongvirae;Uroviricota;Caudoviricetes;;
k127_685536	513	No terminal repeats	NA	1	11	0.9465	NA	1	1.7183	Viruses;Duplodnaviria;Heunggongvirae;Uroviricota;Caudoviricetes;;
k127_216771	648	No terminal repeats	NA	1	11	0.9458	NA	1	1.7183	Viruses;Duplodnaviria;Heunggongvirae;Uroviricota;Caudoviricetes;;
k127_103819	331	No terminal repeats	NA	1	11	0.9457	NA	1	1.7183	Viruses;Duplodnaviria;Heunggongvirae;Uroviricota;Caudoviricetes;;
k127_21560	307	No terminal repeats	NA	1	11	0.9452	NA	1	1.7183	Viruses;Duplodnaviria;Heunggongvirae;Uroviricota;Caudoviricetes;;
k127_637886	370	No terminal repeats	NA	1	11	0.9416	NA	1	1.7183	Viruses;Duplodnaviria;Heunggongvirae;Uroviricota;Caudoviricetes;;
k127_169468	381	No terminal repeats	NA	1	11	0.9414	NA	1	1.7183	Viruses;Duplodnaviria;Heunggongvirae;Uroviricota;Caudoviricetes;;
k127_568312	371	No terminal repeats	NA	1	11	0.9411	NA	1	1.7183	Viruses;Duplodnaviria;Heunggongvirae;Uroviricota;Caudoviricetes;;
k127_207804	406	No terminal repeats	NA	1	11	0.9410	NA	1	1.7183	Viruses;Duplodnaviria;Heunggongvirae;Uroviricota;Caudoviricetes;;
k127_479564	477	No terminal repeats	NA	1	11	0.9404	NA	1	1.7183	Viruses;Duplodnaviria;Heunggongvirae;Uroviricota;Caudoviricetes;;
k127_707692	343	No terminal repeats	NA	1	11	0.9399	NA	1	1.7183	Viruses;Duplodnaviria;Heunggongvirae;Uroviricota;Caudoviricetes;;
k127_242607	343	No terminal repeats	NA	1	11	0.9392	NA	1	1.7183	Viruses;Duplodnaviria;Heunggongvirae;Uroviricota;Caudoviricetes;;
k127_390079	354	No terminal repeats	NA	1	11	0.9391	NA	1	1.7183	Viruses;Duplodnaviria;Heunggongvirae;Uroviricota;Caudoviricetes;;
k127_91703	3029	No terminal repeats	NA	1	11	0.9372	NA	0	1.7183	Unclassified
k127_645717	491	No terminal repeats	NA	1	11	0.9370	NA	1	1.7183	Viruses;Duplodnaviria;Heunggongvirae;Uroviricota;Caudoviricetes;;
k127_516614	341	No terminal repeats	NA	1	11	0.9370	NA	1	1.1496	Viruses;Duplodnaviria;Heunggongvirae;Uroviricota;Caudoviricetes;;
k127_136773	512	No terminal repeats	NA	1	11	0.9368	NA	1	1.7183	Viruses;Duplodnaviria;Heunggongvirae;Uroviricota;Caudoviricetes;;
k127_81954	383	No terminal repeats	NA	1	11	0.9359	NA	1	1.7183	Viruses;Duplodnaviria;Heunggongvirae;Uroviricota;Caudoviricetes;;
k127_66947	421	No terminal repeats	NA	1	11	0.9345	NA	1	1.7183	Viruses;Duplodnaviria;Heunggongvirae;Uroviricota;Caudoviricetes;;
k127_349853	668	No terminal repeats	NA	1	11	0.9341	NA	1	1.7183	Viruses;Duplodnaviria;Heunggongvirae;Uroviricota;Caudoviricetes;;
k127_224171	327	No terminal repeats	NA	1	11	0.9326	NA	1	1.7183	Viruses;Duplodnaviria;Heunggongvirae;Uroviricota;Caudoviricetes;;
k127_241304	349	No terminal repeats	NA	1	11	0.9324	NA	1	1.7183	Viruses;Duplodnaviria;Heunggongvirae;Uroviricota;Caudoviricetes;;
k127_617012	383	No terminal repeats	NA	1	11	0.9308	NA	1	1.7183	Viruses;Duplodnaviria;Heunggongvirae;Uroviricota;Caudoviricetes;;
k127_137349	440	No terminal repeats	NA	1	11	0.9306	NA	1	1.7183	Viruses;Duplodnaviria;Heunggongvirae;Uroviricota;Caudoviricetes;;
k127_122924	384	No terminal repeats	NA	1	11	0.9297	NA	1	1.7183	Viruses;Duplodnaviria;Heunggongvirae;Uroviricota;Caudoviricetes;;
k127_493849	390	No terminal repeats	NA	1	11	0.9296	NA	1	1.7183	Viruses;Duplodnaviria;Heunggongvirae;Uroviricota;Caudoviricetes;;
k127_86769	327	No terminal repeats	NA	1	11	0.9293	NA	1	1.7183	Viruses;Duplodnaviria;Heunggongvirae;Uroviricota;Caudoviricetes;;
k127_112308	390	No terminal repeats	NA	1	11	0.9283	NA	1	1.7183	Viruses;Duplodnaviria;Heunggongvirae;Uroviricota;Caudoviricetes;;
k127_657833	484	No terminal repeats	NA	1	11	0.9272	NA	1	1.7183	Viruses;Duplodnaviria;Heunggongvirae;Uroviricota;Caudoviricetes;;
k127_264166	339	No terminal repeats	NA	1	11	0.9271	NA	1	1.7183	Viruses;Duplodnaviria;Heunggongvirae;Uroviricota;Caudoviricetes;;
k127_232769	477	No terminal repeats	NA	2	11	0.9267	NA	1	1.7183	Viruses;Duplodnaviria;Heunggongvirae;Uroviricota;Caudoviricetes;;
k127_119671	362	No terminal repeats	NA	1	11	0.9251	NA	1	1.7183	Viruses;Duplodnaviria;Heunggongvirae;Uroviricota;Caudoviricetes;;
k127_342413	362	No terminal repeats	NA	1	11	0.9235	NA	1	1.5032	Viruses;Duplodnaviria;Heunggongvirae;Uroviricota;Caudoviricetes;;
k127_286339	473	No terminal repeats	NA	1	11	0.9230	NA	1	1.7183	Viruses;Duplodnaviria;Heunggongvirae;Uroviricota;Caudoviricetes;;
k127_566696	709	No terminal repeats	NA	1	11	0.9228	NA	1	1.7183	Viruses;Riboviria;Orthornavirae;Pisuviricota;Stelpaviricetes;Patatavirales;Potyviridae
k127_321355	529	No terminal repeats	NA	1	11	0.9227	NA	1	1.7183	Viruses;Duplodnaviria;Heunggongvirae;Uroviricota;Caudoviricetes;;
k127_411402	316	No terminal repeats	NA	1	11	0.9226	NA	1	1.7183	Viruses;Duplodnaviria;Heunggongvirae;Uroviricota;Caudoviricetes;;
k127_137947	639	No terminal repeats	NA	1	11	0.9223	NA	1	1.7183	Viruses;Duplodnaviria;Heunggongvirae;Uroviricota;Caudoviricetes;;
k127_610467	854	No terminal repeats	NA	1	11	0.9223	NA	1	1.7183	Viruses;Duplodnaviria;Heunggongvirae;Uroviricota;Caudoviricetes;;
k127_278893	445	No terminal repeats	NA	1	11	0.9223	NA	1	1.7183	Viruses;Duplodnaviria;Heunggongvirae;Uroviricota;Caudoviricetes;;
k127_383834	867	No terminal repeats	NA	1	11	0.9219	NA	1	1.7183	Viruses;Duplodnaviria;Heunggongvirae;Uroviricota;Caudoviricetes;;
k127_741032	329	No terminal repeats	NA	1	11	0.9215	NA	1	1.7183	Viruses;Duplodnaviria;Heunggongvirae;Uroviricota;Caudoviricetes;;
k127_269456	944	No terminal repeats	NA	1	11	0.9197	NA	1	1.7183	Viruses;Duplodnaviria;Heunggongvirae;Uroviricota;Caudoviricetes;;
k127_120521	349	No terminal repeats	NA	1	11	0.9195	NA	1	1.7183	Viruses;Duplodnaviria;Heunggongvirae;Uroviricota;Caudoviricetes;;
k127_548855	329	No terminal repeats	NA	2	11	0.9194	NA	1	1.7183	Viruses;Duplodnaviria;Heunggongvirae;Uroviricota;Caudoviricetes;;
k127_296613	719	No terminal repeats	NA	1	11	0.9191	NA	1	1.7183	Viruses;Duplodnaviria;Heunggongvirae;Uroviricota;Caudoviricetes;;
k127_178063	550	No terminal repeats	NA	1	11	0.9181	NA	1	1.7183	Viruses;Duplodnaviria;Heunggongvirae;Uroviricota;Caudoviricetes;;
k127_670744	518	No terminal repeats	NA	1	11	0.9180	NA	1	1.7183	Viruses;Duplodnaviria;Heunggongvirae;Uroviricota;Caudoviricetes;;
k127_374168	337	No terminal repeats	NA	1	11	0.9158	NA	1	1.7183	Viruses;Duplodnaviria;Heunggongvirae;Uroviricota;Caudoviricetes;;
k127_73388	306	No terminal repeats	NA	1	11	0.9152	NA	1	1.4597	Viruses;Duplodnaviria;Heunggongvirae;Uroviricota;Caudoviricetes;;
k127_155923	563	No terminal repeats	NA	1	11	0.9134	NA	1	1.7183	Viruses;Duplodnaviria;Heunggongvirae;Uroviricota;Caudoviricetes;;
k127_669223	404	No terminal repeats	NA	1	11	0.9123	NA	1	1.7183	Viruses;Duplodnaviria;Heunggongvirae;Uroviricota;Caudoviricetes;;
k127_283478	856	No terminal repeats	NA	1	11	0.9115	NA	1	1.7183	Viruses;Duplodnaviria;Heunggongvirae;Uroviricota;Caudoviricetes;;
k127_437929	309	No terminal repeats	NA	1	11	0.9111	NA	1	1.7183	Viruses;Duplodnaviria;Heunggongvirae;Uroviricota;Caudoviricetes;;
k127_313071	334	No terminal repeats	NA	2	11	0.9110	NA	1	1.7183	Viruses;Duplodnaviria;Heunggongvirae;Uroviricota;Caudoviricetes;;
k127_384308	959	No terminal repeats	NA	1	11	0.9100	NA	1	1.7183	Viruses;Duplodnaviria;Heunggongvirae;Uroviricota;Caudoviricetes;;
k127_453638	307	No terminal repeats	NA	1	11	0.9092	NA	1	1.7183	Viruses;Duplodnaviria;Heunggongvirae;Uroviricota;Caudoviricetes;;
k127_367491	394	No terminal repeats	NA	1	11	0.9089	NA	1	1.7183	Viruses;Duplodnaviria;Heunggongvirae;Uroviricota;Caudoviricetes;;
k127_228146	567	No terminal repeats	NA	1	11	0.9085	NA	1	1.7183	Unclassified
k127_302657	576	No terminal repeats	NA	1	11	0.9083	NA	1	1.7183	Viruses;Duplodnaviria;Heunggongvirae;Uroviricota;Caudoviricetes;;
k127_376076	1664	No terminal repeats	NA	2	11	0.9080	NA	1	1.7183	Viruses;Duplodnaviria;Heunggongvirae;Uroviricota;Caudoviricetes;;
k127_226236	503	No terminal repeats	NA	2	11	0.9068	NA	1	1.7183	Viruses;Duplodnaviria;Heunggongvirae;Uroviricota;Caudoviricetes;;
k127_454810	465	No terminal repeats	NA	1	11	0.9057	NA	1	1.7183	Viruses;Duplodnaviria;Heunggongvirae;Uroviricota;Caudoviricetes;;
k127_318744	467	No terminal repeats	NA	1	11	0.9054	NA	1	1.7183	Viruses;Duplodnaviria;Heunggongvirae;Uroviricota;Caudoviricetes;;
k127_281016	554	No terminal repeats	NA	1	11	0.9049	NA	1	1.7183	Unclassified
k127_199442	582	No terminal repeats	NA	1	11	0.9041	NA	1	1.7183	Viruses;Duplodnaviria;Heunggongvirae;Uroviricota;Caudoviricetes;;
k127_17638	370	No terminal repeats	NA	1	11	0.9041	NA	1	1.7183	Viruses;Duplodnaviria;Heunggongvirae;Uroviricota;Caudoviricetes;;
k127_157072	581	No terminal repeats	NA	1	11	0.9033	NA	1	1.7183	Viruses;Duplodnaviria;Heunggongvirae;Uroviricota;Caudoviricetes;;
k127_450484	343	No terminal repeats	NA	1	11	0.9024	NA	1	1.7183	Viruses;Duplodnaviria;Heunggongvirae;Uroviricota;Caudoviricetes;;
k127_113532	352	No terminal repeats	NA	1	11	0.9017	NA	1	1.7164	Viruses;Duplodnaviria;Heunggongvirae;Uroviricota;Caudoviricetes;;
k127_253231	689	No terminal repeats	NA	1	11	0.9015	NA	1	1.7183	Viruses;Duplodnaviria;Heunggongvirae;Uroviricota;Caudoviricetes;;
k127_470288	1250	No terminal repeats	NA	1	11	0.8998	NA	1	1.2306	Viruses;Duplodnaviria;Heunggongvirae;Uroviricota;Caudoviricetes;;
k127_141920	618	No terminal repeats	NA	1	11	0.8983	NA	1	1.7183	Viruses;Duplodnaviria;Heunggongvirae;Uroviricota;Caudoviricetes;;
k127_78321	304	No terminal repeats	NA	1	11	0.8967	NA	1	1.7164	Viruses;Duplodnaviria;Heunggongvirae;Uroviricota;Caudoviricetes;;
k127_377415	471	No terminal repeats	NA	1	11	0.8950	NA	1	1.7183	Viruses;Duplodnaviria;Heunggongvirae;Uroviricota;Caudoviricetes;;
k127_323864	319	No terminal repeats	NA	1	11	0.8950	NA	1	1.0746	Viruses;Duplodnaviria;Heunggongvirae;Uroviricota;Caudoviricetes;;
k127_729520	441	No terminal repeats	NA	1	11	0.8943	NA	1	1.7183	Viruses;Duplodnaviria;Heunggongvirae;Uroviricota;Caudoviricetes;;
k127_143649	329	No terminal repeats	NA	1	11	0.8933	NA	1	1.7183	Viruses;Duplodnaviria;Heunggongvirae;Uroviricota;Caudoviricetes;;
k127_440316	682	No terminal repeats	NA	1	11	0.8932	NA	1	1.7183	Viruses;Duplodnaviria;Heunggongvirae;Uroviricota;Caudoviricetes;;
k127_356318	443	No terminal repeats	NA	1	11	0.8928	NA	1	1.2306	Viruses;Duplodnaviria;Heunggongvirae;Uroviricota;Caudoviricetes;;
k127_235539	1991	No terminal repeats	NA	1	11	0.8887	NA	1	1.7183	Viruses;Duplodnaviria;Heunggongvirae;Uroviricota;Caudoviricetes;;
k127_574288	921	No terminal repeats	NA	1	11	0.8874	NA	1	1.2306	Viruses;Duplodnaviria;Heunggongvirae;Uroviricota;Caudoviricetes;;
k127_475391	1198	No terminal repeats	NA	1	11	0.8871	NA	1	1.7183	Viruses;Duplodnaviria;Heunggongvirae;Uroviricota;Caudoviricetes;;
k127_112872	715	No terminal repeats	NA	1	11	0.8867	NA	1	1.7183	Viruses;Duplodnaviria;Heunggongvirae;Uroviricota;Caudoviricetes;;
k127_712353	335	No terminal repeats	NA	1	11	0.8849	NA	1	1.7183	Viruses;Duplodnaviria;Heunggongvirae;Uroviricota;Caudoviricetes;;
k127_705300	3500	No terminal repeats	NA	2	11	0.8845	NA	0	1.7183	Viruses;Duplodnaviria;Heunggongvirae;Uroviricota;Caudoviricetes;;
k127_615121	1068	No terminal repeats	NA	3	11	0.8812	NA	1	2.9209	Viruses;Duplodnaviria;Heunggongvirae;Uroviricota;Caudoviricetes;;
k127_702351	539	No terminal repeats	NA	1	11	0.8811	NA	1	1.7183	Viruses;Duplodnaviria;Heunggongvirae;Uroviricota;Caudoviricetes;;
k127_240541	508	No terminal repeats	NA	1	11	0.8809	NA	1	1.0522	Viruses;Duplodnaviria;Heunggongvirae;Uroviricota;Caudoviricetes;;
k127_550957	526	No terminal repeats	NA	1	11	0.8800	NA	1	1.2306	Viruses;Duplodnaviria;Heunggongvirae;Uroviricota;Caudoviricetes;;
k127_159300	333	No terminal repeats	NA	1	11	0.8789	NA	1	1.3182	Viruses;Duplodnaviria;Heunggongvirae;Uroviricota;Caudoviricetes;;
k127_258198	1428	No terminal repeats	NA	1	11	0.8786	NA	1	1.2306	Viruses;Duplodnaviria;Heunggongvirae;Uroviricota;Caudoviricetes;;
k127_17834	742	No terminal repeats	NA	1	11	0.8784	NA	1	1.2306	Viruses;Duplodnaviria;Heunggongvirae;Uroviricota;Caudoviricetes;;
k127_338312	583	No terminal repeats	NA	1	11	0.8779	NA	1	1.7183	Viruses;Duplodnaviria;Heunggongvirae;Uroviricota;Caudoviricetes;;
k127_169286	585	No terminal repeats	NA	1	11	0.8755	NA	1	1.7183	Viruses;Duplodnaviria;Heunggongvirae;Uroviricota;Caudoviricetes;;
k127_682785	680	No terminal repeats	NA	2	11	0.8741	NA	1	1.7183	Unclassified
k127_14891	585	No terminal repeats	NA	1	11	0.8733	NA	1	1.7183	Viruses;Duplodnaviria;Heunggongvirae;Uroviricota;Caudoviricetes;;
k127_330493	393	No terminal repeats	NA	1	11	0.8731	NA	1	1.7183	Viruses;Duplodnaviria;Heunggongvirae;Uroviricota;Caudoviricetes;;
k127_224090	511	No terminal repeats	NA	1	11	0.8727	NA	1	1.7183	Viruses;Duplodnaviria;Heunggongvirae;Uroviricota;Caudoviricetes;;
k127_7847	325	No terminal repeats	NA	1	11	0.8709	NA	1	1.2396	Viruses;Duplodnaviria;Heunggongvirae;Uroviricota;Caudoviricetes;;
k127_734336	433	No terminal repeats	NA	1	11	0.8700	NA	1	1.7183	Viruses;Duplodnaviria;Heunggongvirae;Uroviricota;Caudoviricetes;;
k127_283894	616	No terminal repeats	NA	1	11	0.8672	NA	1	1.7183	Viruses;Duplodnaviria;Heunggongvirae;Uroviricota;Caudoviricetes;;
k127_522918	442	No terminal repeats	NA	1	11	0.8671	NA	1	1.0597	Unclassified
k127_119649	399	No terminal repeats	NA	1	11	0.8662	NA	1	1.3499	Viruses;Duplodnaviria;Heunggongvirae;Uroviricota;Caudoviricetes;;
k127_717059	567	No terminal repeats	NA	1	11	0.8658	NA	1	1.7183	Viruses;Duplodnaviria;Heunggongvirae;Uroviricota;Caudoviricetes;;
k127_281285	693	No terminal repeats	NA	1	11	0.8652	NA	1	1.7183	Viruses;Duplodnaviria;Heunggongvirae;Uroviricota;Caudoviricetes;;
k127_171023	702	No terminal repeats	NA	2	11	0.8648	NA	1	1.7183	Viruses;Duplodnaviria;Heunggongvirae;Uroviricota;Caudoviricetes;;
k127_269505	473	No terminal repeats	NA	1	11	0.8645	NA	1	1.5032	Viruses;Duplodnaviria;Heunggongvirae;Uroviricota;Caudoviricetes;;
k127_541221	555	No terminal repeats	NA	1	11	0.8640	NA	1	1.7183	Viruses;Duplodnaviria;Heunggongvirae;Uroviricota;Caudoviricetes;;
k127_732048	366	No terminal repeats	NA	1	11	0.8624	NA	1	1.7183	Viruses;Duplodnaviria;Heunggongvirae;Uroviricota;Caudoviricetes;;
k127_650661	2925	No terminal repeats	NA	3	11	0.8618	NA	0	1.7183	Viruses;Duplodnaviria;Heunggongvirae;Uroviricota;Caudoviricetes;;
k127_589830	426	No terminal repeats	NA	1	11	0.8608	NA	1	1.7183	Viruses;Duplodnaviria;Heunggongvirae;Uroviricota;Caudoviricetes;;
k127_674874	383	No terminal repeats	NA	1	11	0.8600	NA	1	1.7183	Viruses;Duplodnaviria;Heunggongvirae;Uroviricota;Caudoviricetes;;
k127_10134	515	No terminal repeats	NA	1	11	0.8599	NA	1	1.7183	Viruses;Duplodnaviria;Heunggongvirae;Uroviricota;Caudoviricetes;;
k127_346643	407	No terminal repeats	NA	1	11	0.8597	NA	1	1.7183	Viruses;Duplodnaviria;Heunggongvirae;Uroviricota;Caudoviricetes;;
k127_136748	664	No terminal repeats	NA	1	11	0.8595	NA	1	1.3550	Viruses;Duplodnaviria;Heunggongvirae;Uroviricota;Caudoviricetes;;
k127_85735	377	No terminal repeats	NA	1	11	0.8589	NA	1	1.2934	Viruses;Duplodnaviria;Heunggongvirae;Uroviricota;Caudoviricetes;;
k127_640822	320	No terminal repeats	NA	1	11	0.8570	NA	1	1.7075	Viruses;Duplodnaviria;Heunggongvirae;Uroviricota;Caudoviricetes;;
k127_704828	916	No terminal repeats	NA	1	11	0.8547	NA	1	1.7183	Viruses;Duplodnaviria;Heunggongvirae;Uroviricota;Caudoviricetes;;
k127_262303	305	No terminal repeats	NA	1	11	0.8529	NA	1	1.7183	Viruses;Duplodnaviria;Heunggongvirae;Uroviricota;Caudoviricetes;;
k127_252565	615	No terminal repeats	NA	1	11	0.8512	NA	1	1.2306	Viruses;Duplodnaviria;Heunggongvirae;Uroviricota;Caudoviricetes;;
k127_367401	329	No terminal repeats	NA	1	11	0.8500	NA	1	1.2332	Viruses;Duplodnaviria;Heunggongvirae;Uroviricota;Caudoviricetes;;
k127_570827	402	No terminal repeats	NA	1	11	0.8486	NA	1	1.7183	Viruses;Duplodnaviria;Heunggongvirae;Uroviricota;Caudoviricetes;;
k127_252720	733	No terminal repeats	NA	2	11	0.8477	NA	1	1.7183	Viruses;Duplodnaviria;Heunggongvirae;Uroviricota;Caudoviricetes;;
k127_99798	1553	No terminal repeats	NA	3	11	0.8476	NA	1	1.2306	Viruses;Duplodnaviria;Heunggongvirae;Uroviricota;Caudoviricetes;;
k127_162814	356	No terminal repeats	NA	1	11	0.8465	NA	1	1.7183	Unclassified
k127_550984	506	No terminal repeats	NA	1	11	0.8464	NA	1	1.2306	Viruses;Duplodnaviria;Heunggongvirae;Uroviricota;Caudoviricetes;;
k127_472459	407	No terminal repeats	NA	1	11	0.8463	NA	1	1.7183	Unclassified
k127_595837	563	No terminal repeats	NA	1	11	0.8462	NA	1	1.2609	Viruses;Duplodnaviria;Heunggongvirae;Uroviricota;Caudoviricetes;;
k127_135521	575	No terminal repeats	NA	1	11	0.8447	NA	1	1.2306	Viruses;Duplodnaviria;Heunggongvirae;Uroviricota;Caudoviricetes;;
k127_161832	1011	No terminal repeats	NA	2	11	0.8446	NA	1	1.7183	Viruses;Duplodnaviria;Heunggongvirae;Uroviricota;Caudoviricetes;;
k127_368234	460	No terminal repeats	NA	1	11	0.8441	NA	1	1.7183	Viruses;Duplodnaviria;Heunggongvirae;Uroviricota;Caudoviricetes;;
k127_361091	462	No terminal repeats	NA	1	11	0.8439	NA	1	1.7183	Viruses;Duplodnaviria;Heunggongvirae;Uroviricota;Caudoviricetes;;
k127_322043	401	No terminal repeats	NA	2	11	0.8424	NA	1	3.4224	Viruses;Duplodnaviria;Heunggongvirae;Uroviricota;Caudoviricetes;;
k127_317006	507	No terminal repeats	NA	1	11	0.8390	NA	1	1.7183	Viruses;Duplodnaviria;Heunggongvirae;Uroviricota;Caudoviricetes;;
k127_412848	544	No terminal repeats	NA	1	11	0.8381	NA	1	1.7183	Viruses;Duplodnaviria;Heunggongvirae;Uroviricota;Caudoviricetes;;
k127_68115	576	No terminal repeats	NA	1	11	0.8379	NA	1	1.0597	Unclassified
k127_61805	954	No terminal repeats	NA	1	11	0.8366	NA	1	1.7183	Viruses;Duplodnaviria;Heunggongvirae;Uroviricota;Caudoviricetes;;
k127_545704	1142	No terminal repeats	NA	2	11	0.8364	NA	1	1.7183	Viruses;Duplodnaviria;Heunggongvirae;Uroviricota;Caudoviricetes;;
k127_712293	409	No terminal repeats	NA	1	11	0.8360	NA	1	1.7183	Unclassified
k127_523326	814	No terminal repeats	NA	2	11	0.8360	NA	1	1.7183	Viruses;Duplodnaviria;Heunggongvirae;Uroviricota;Caudoviricetes;;
k127_734750	503	No terminal repeats	NA	1	11	0.8349	NA	1	1.2306	Viruses;Duplodnaviria;Heunggongvirae;Uroviricota;Caudoviricetes;;
k127_347049	3212	No terminal repeats	NA	6	11	0.8339	NA	0	0.0000	Unclassified
k127_407744	1017	No terminal repeats	NA	1	11	0.8339	NA	1	1.7183	Viruses;Duplodnaviria;Heunggongvirae;Uroviricota;Caudoviricetes;;
k127_600117	420	No terminal repeats	NA	1	11	0.8334	NA	1	1.5278	Viruses;Duplodnaviria;Heunggongvirae;Uroviricota;Caudoviricetes;;
k127_450846	322	No terminal repeats	NA	1	11	0.8333	NA	1	1.1826	Unclassified
k127_151228	322	No terminal repeats	NA	1	11	0.8329	NA	1	1.1830	Viruses;Duplodnaviria;Heunggongvirae;Uroviricota;Caudoviricetes;;
k127_339993	404	No terminal repeats	NA	1	11	0.8320	NA	1	1.0569	Viruses;Duplodnaviria;Heunggongvirae;Uroviricota;Caudoviricetes;;
k127_638184	394	No terminal repeats	NA	1	11	0.8311	NA	1	1.0597	Unclassified
k127_76569	621	No terminal repeats	NA	1	11	0.8305	NA	1	1.7183	Viruses;Duplodnaviria;Heunggongvirae;Uroviricota;Caudoviricetes;;
k127_115967	600	No terminal repeats	NA	1	11	0.8295	NA	1	1.7183	Viruses;Duplodnaviria;Heunggongvirae;Uroviricota;Caudoviricetes;;
k127_30392	351	No terminal repeats	NA	1	11	0.8295	NA	1	1.7101	Unclassified
k127_235063	4698	No terminal repeats	NA	3	11	0.8288	NA	1	1.3663	Viruses;Duplodnaviria;Heunggongvirae;Uroviricota;Caudoviricetes;;
k127_551141	646	No terminal repeats	NA	1	11	0.8275	NA	1	1.1904	Viruses;Duplodnaviria;Heunggongvirae;Uroviricota;Caudoviricetes;;
k127_564530	2040	No terminal repeats	NA	3	11	0.8271	NA	1	1.7183	Viruses;Duplodnaviria;Heunggongvirae;Uroviricota;Caudoviricetes;;
k127_344280	666	No terminal repeats	NA	1	11	0.8268	NA	1	1.7183	Viruses;Duplodnaviria;Heunggongvirae;Uroviricota;Caudoviricetes;;
k127_554889	392	No terminal repeats	NA	2	11	0.8226	NA	1	1.7183	Unclassified
k127_308930	389	No terminal repeats	NA	2	11	0.8176	NA	1	1.7183	Viruses;Duplodnaviria;Heunggongvirae;Uroviricota;Caudoviricetes;;
k127_272763	330	No terminal repeats	NA	1	11	0.8172	NA	1	1.1745	Viruses;Duplodnaviria;Heunggongvirae;Uroviricota;Caudoviricetes;;
k127_32707	429	No terminal repeats	NA	1	11	0.8172	NA	1	1.7183	Viruses;Duplodnaviria;Heunggongvirae;Uroviricota;Caudoviricetes;;
k127_74194	504	No terminal repeats	NA	1	11	0.8163	NA	1	1.7183	Viruses;Duplodnaviria;Heunggongvirae;Uroviricota;Caudoviricetes;;
k127_459052	375	No terminal repeats	NA	1	11	0.8136	NA	1	1.7120	Viruses;Duplodnaviria;Heunggongvirae;Uroviricota;Caudoviricetes;;
k127_725802	1001	No terminal repeats	NA	1	11	0.8136	NA	1	1.4920	Viruses;Duplodnaviria;Heunggongvirae;Uroviricota;Caudoviricetes;;
k127_458665	335	No terminal repeats	NA	1	11	0.8121	NA	1	1.3450	Viruses;Duplodnaviria;Heunggongvirae;Uroviricota;Caudoviricetes;;
k127_706988	354	No terminal repeats	NA	1	11	0.8117	NA	1	1.5032	Viruses;Duplodnaviria;Heunggongvirae;Uroviricota;Caudoviricetes;;
k127_124008	564	No terminal repeats	NA	3	11	0.8112	NA	1	1.0851	Viruses;Duplodnaviria;Heunggongvirae;Uroviricota;Caudoviricetes;;
k127_422775	487	No terminal repeats	NA	2	11	0.8110	NA	1	1.7183	Viruses;Duplodnaviria;Heunggongvirae;Uroviricota;Caudoviricetes;;
k127_531695	320	No terminal repeats	NA	1	11	0.8078	NA	1	1.7174	Viruses;Duplodnaviria;Heunggongvirae;Uroviricota;Caudoviricetes;;
k127_234050	503	No terminal repeats	NA	1	11	0.8075	NA	1	1.7183	Viruses;Duplodnaviria;Heunggongvirae;Uroviricota;Caudoviricetes;;
k127_614747	679	No terminal repeats	NA	2	11	0.8057	NA	2	3.0631	Viruses;Duplodnaviria;Heunggongvirae;Uroviricota;Caudoviricetes;;
k127_494515	787	No terminal repeats	NA	1	11	0.8055	NA	1	1.7183	Viruses;Duplodnaviria;Heunggongvirae;Uroviricota;Caudoviricetes;;
k127_464042	826	No terminal repeats	NA	1	11	0.8042	NA	1	1.7183	Viruses;Duplodnaviria;Heunggongvirae;Uroviricota;Caudoviricetes;;
k127_8172	880	No terminal repeats	NA	2	11	0.8035	NA	1	1.7165	Viruses;Duplodnaviria;Heunggongvirae;Uroviricota;Caudoviricetes;;
k127_179569	623	No terminal repeats	NA	2	11	0.8032	NA	1	1.3593	Viruses;Duplodnaviria;Heunggongvirae;Uroviricota;Caudoviricetes;;Herelleviridae
k127_636702	683	No terminal repeats	NA	1	11	0.8000	NA	1	1.7183	Viruses;Duplodnaviria;Heunggongvirae;Uroviricota;Caudoviricetes;;
k127_321904	1452	No terminal repeats	NA	1	11	0.7976	NA	1	1.7183	Viruses;Duplodnaviria;Heunggongvirae;Uroviricota;Caudoviricetes;;Straboviridae
k127_77766	571	No terminal repeats	NA	1	11	0.7969	NA	1	1.3865	Unclassified
k127_728892	599	No terminal repeats	NA	1	11	0.7962	NA	1	1.3388	Viruses;Duplodnaviria;Heunggongvirae;Uroviricota;Caudoviricetes;;
k127_318673	1340	No terminal repeats	NA	3	11	0.7960	NA	1	1.7183	Viruses;Duplodnaviria;Heunggongvirae;Uroviricota;Caudoviricetes;;
k127_539151	1255	No terminal repeats	NA	2	11	0.7937	NA	1	1.7183	Viruses;Duplodnaviria;Heunggongvirae;Uroviricota;Caudoviricetes;;
k127_549768	324	No terminal repeats	NA	1	11	0.7933	NA	1	1.2332	Viruses;Duplodnaviria;Heunggongvirae;Uroviricota;Caudoviricetes;;
k127_341071	467	No terminal repeats	NA	1	11	0.7928	NA	1	1.2332	Viruses;Duplodnaviria;Heunggongvirae;Uroviricota;Caudoviricetes;;
k127_667836	807	No terminal repeats	NA	1	11	0.7921	NA	1	1.7183	Viruses;Duplodnaviria;Heunggongvirae;Uroviricota;Caudoviricetes;;
k127_176821	397	No terminal repeats	NA	2	11	0.7915	NA	1	1.1262	Viruses;Duplodnaviria;Heunggongvirae;Uroviricota;Caudoviricetes;;
k127_678552	1482	No terminal repeats	NA	2	11	0.7906	NA	1	1.7183	Viruses;Duplodnaviria;Heunggongvirae;Uroviricota;Caudoviricetes;;
k127_661350	353	No terminal repeats	NA	1	11	0.7903	NA	1	1.2964	Viruses;Duplodnaviria;Heunggongvirae;Uroviricota;Caudoviricetes;;
k127_251967	4334	No terminal repeats	NA	7	11	0.7891	NA	0	2.4640	Viruses;Duplodnaviria;Heunggongvirae;Uroviricota;Caudoviricetes;;
k127_162213	4348	No terminal repeats	NA	4	11	0.7871	NA	0	1.2796	Viruses;Duplodnaviria;Heunggongvirae;Uroviricota;Caudoviricetes;;
k127_455353	471	No terminal repeats	NA	1	11	0.7847	NA	1	1.7183	Viruses;Riboviria;Orthornavirae;Pisuviricota;Pisoniviricetes;Sobelivirales;Solemoviridae
k127_271721	338	No terminal repeats	NA	1	11	0.7829	NA	1	1.2425	Viruses;Duplodnaviria;Heunggongvirae;Uroviricota;Caudoviricetes;;
k127_87877	365	No terminal repeats	NA	2	11	0.7815	NA	1	1.7134	Viruses;Duplodnaviria;Heunggongvirae;Uroviricota;Caudoviricetes;;
k127_666204	478	No terminal repeats	NA	1	11	0.7813	NA	1	1.2171	Viruses;Duplodnaviria;Heunggongvirae;Uroviricota;Caudoviricetes;;
k127_197592	412	No terminal repeats	NA	1	11	0.7802	NA	1	1.3121	Viruses;Duplodnaviria;Heunggongvirae;Uroviricota;Caudoviricetes;;
k127_367446	527	No terminal repeats	NA	1	11	0.7794	NA	1	1.7183	Viruses;Duplodnaviria;Heunggongvirae;Uroviricota;Caudoviricetes;;
k127_153982	335	No terminal repeats	NA	1	11	0.7790	NA	1	1.3562	Viruses;Duplodnaviria;Heunggongvirae;Uroviricota;Caudoviricetes;;
k127_340359	344	No terminal repeats	NA	1	11	0.7771	NA	1	1.2651	Viruses;Duplodnaviria;Heunggongvirae;Uroviricota;Caudoviricetes;;
k127_739582	383	No terminal repeats	NA	1	11	0.7769	NA	1	1.3550	Viruses;Duplodnaviria;Heunggongvirae;Uroviricota;Caudoviricetes;;
k127_463652	1335	No terminal repeats	NA	3	11	0.7741	NA	1	1.3326	Viruses;Duplodnaviria;Heunggongvirae;Uroviricota;Caudoviricetes;;
k127_164664	378	No terminal repeats	NA	1	11	0.7736	NA	1	0.9221	Viruses;Duplodnaviria;Heunggongvirae;Uroviricota;Caudoviricetes;;Straboviridae
k127_98203	1942	No terminal repeats	NA	2	11	0.7725	NA	1	1.7183	Viruses;Duplodnaviria;Heunggongvirae;Uroviricota;Caudoviricetes;;
k127_124336	3490	No terminal repeats	NA	5	11	0.7718	NA	0	1.7151	Viruses;Duplodnaviria;Heunggongvirae;Uroviricota;Caudoviricetes;;
k127_166056	325	No terminal repeats	NA	2	11	0.7711	NA	2	2.8629	Viruses;Duplodnaviria;Heunggongvirae;Uroviricota;Caudoviricetes;;
k127_550737	325	No terminal repeats	NA	1	11	0.7706	NA	1	1.4506	Viruses;Duplodnaviria;Heunggongvirae;Uroviricota;Caudoviricetes;;
k127_204548	710	No terminal repeats	NA	1	11	0.7676	NA	1	1.7183	Viruses;Duplodnaviria;Heunggongvirae;Uroviricota;Caudoviricetes;;
k127_314067	375	No terminal repeats	NA	1	11	0.7675	NA	1	1.2072	Viruses;Duplodnaviria;Heunggongvirae;Uroviricota;Caudoviricetes;;
k127_592455	387	No terminal repeats	NA	2	11	0.7671	NA	1	1.2651	Viruses;Duplodnaviria;Heunggongvirae;Uroviricota;Caudoviricetes;;
k127_650042	580	No terminal repeats	NA	1	11	0.7647	NA	1	1.7136	Viruses;Duplodnaviria;Heunggongvirae;Uroviricota;Caudoviricetes;;
k127_500370	748	No terminal repeats	NA	1	11	0.7642	NA	1	1.7183	Viruses;Duplodnaviria;Heunggongvirae;Uroviricota;Caudoviricetes;;
k127_704681	1497	No terminal repeats	NA	1	11	0.7627	NA	1	1.2936	Viruses;Duplodnaviria;Heunggongvirae;Uroviricota;Caudoviricetes;;
k127_695691	690	No terminal repeats	NA	1	11	0.7618	NA	1	1.2332	Viruses;Duplodnaviria;Heunggongvirae;Uroviricota;Caudoviricetes;;
k127_403855	1015	No terminal repeats	NA	1	11	0.7609	NA	1	1.7183	Viruses;Duplodnaviria;Heunggongvirae;Uroviricota;Caudoviricetes;;
k127_285433	316	No terminal repeats	NA	1	11	0.7593	NA	1	1.7020	Viruses;Duplodnaviria;Heunggongvirae;Uroviricota;Caudoviricetes;;
k127_495576	1944	No terminal repeats	NA	2	11	0.7588	NA	1	1.7183	Viruses;Duplodnaviria;Heunggongvirae;Uroviricota;Caudoviricetes;;
k127_716940	932	No terminal repeats	NA	2	11	0.7578	NA	1	1.7183	Viruses;Duplodnaviria;Heunggongvirae;Uroviricota;Caudoviricetes;;
k127_659639	3519	No terminal repeats	NA	4	11	0.7578	NA	0	1.7183	Unclassified
k127_532615	389	No terminal repeats	NA	1	11	0.7578	NA	1	1.2425	Viruses;Duplodnaviria;Heunggongvirae;Uroviricota;Caudoviricetes;;
k127_105945	496	No terminal repeats	NA	1	11	0.7575	NA	1	1.2332	Viruses;Duplodnaviria;Heunggongvirae;Uroviricota;Caudoviricetes;;
k127_82113	355	No terminal repeats	NA	1	11	0.7522	NA	1	1.2997	Viruses;Duplodnaviria;Heunggongvirae;Uroviricota;Caudoviricetes;;
k127_10581	2825	No terminal repeats	NA	2	11	0.7512	NA	0	1.7183	Viruses;Duplodnaviria;Heunggongvirae;Uroviricota;Caudoviricetes;;
k127_691876	527	No terminal repeats	NA	1	11	0.7503	NA	1	1.7183	Viruses;Duplodnaviria;Heunggongvirae;Uroviricota;Caudoviricetes;;
k127_227049	530	No terminal repeats	NA	1	11	0.7503	NA	1	1.3790	Viruses;Duplodnaviria;Heunggongvirae;Uroviricota;Caudoviricetes;;
k127_10532	630	No terminal repeats	NA	1	11	0.7487	NA	1	1.1904	Viruses;Duplodnaviria;Heunggongvirae;Uroviricota;Caudoviricetes;;
k127_368213	462	No terminal repeats	NA	1	11	0.7478	NA	1	1.7122	Unclassified
k127_514489	925	No terminal repeats	NA	2	11	0.7471	NA	1	1.7183	Unclassified
k127_720886	434	No terminal repeats	NA	1	11	0.7461	NA	1	1.2110	Viruses;Duplodnaviria;Heunggongvirae;Uroviricota;Caudoviricetes;;
k127_638231	2618	No terminal repeats	NA	4	11	0.7415	NA	0	0.0000	Unclassified
k127_473996	645	No terminal repeats	NA	1	11	0.7392	NA	1	1.1362	Viruses;Duplodnaviria;Heunggongvirae;Uroviricota;Caudoviricetes;;
k127_439054	461	No terminal repeats	NA	1	11	0.7382	NA	1	1.2716	Viruses;Duplodnaviria;Heunggongvirae;Uroviricota;Caudoviricetes;;
k127_320784	341	No terminal repeats	NA	1	11	0.7379	NA	1	1.6721	Unclassified
k127_245489	543	No terminal repeats	NA	1	11	0.7368	NA	1	1.7183	Viruses;Duplodnaviria;Heunggongvirae;Uroviricota;Caudoviricetes;;
k127_213520	419	No terminal repeats	NA	1	11	0.7352	NA	1	1.3388	Viruses;Duplodnaviria;Heunggongvirae;Uroviricota;Caudoviricetes;;
k127_428229	1133	No terminal repeats	NA	2	11	0.7338	NA	1	1.7183	Viruses;Duplodnaviria;Heunggongvirae;Uroviricota;Caudoviricetes;;
k127_632529	307	No terminal repeats	NA	1	11	0.7327	NA	1	1.3562	Viruses;Duplodnaviria;Heunggongvirae;Uroviricota;Caudoviricetes;;
k127_169482	792	No terminal repeats	NA	1	11	0.7316	NA	1	1.3550	Viruses;Duplodnaviria;Heunggongvirae;Uroviricota;Caudoviricetes;;
k127_522640	539	No terminal repeats	NA	2	11	0.7312	NA	1	1.3383	Viruses;Duplodnaviria;Heunggongvirae;Uroviricota;Caudoviricetes;;
k127_28230	329	No terminal repeats	NA	1	11	0.7312	NA	1	1.0862	Viruses;Duplodnaviria;Heunggongvirae;Uroviricota;Caudoviricetes;;
k127_617638	333	No terminal repeats	NA	1	11	0.7308	NA	1	1.3821	Viruses;Duplodnaviria;Heunggongvirae;Uroviricota;Caudoviricetes;;Autographiviridae
k127_59950	907	No terminal repeats	NA	1	11	0.7288	NA	1	1.3307	Viruses;Duplodnaviria;Heunggongvirae;Uroviricota;Caudoviricetes;;
k127_82483	2718	No terminal repeats	NA	2	11	0.7265	NA	0	1.7154	Viruses;Duplodnaviria;Heunggongvirae;Uroviricota;Caudoviricetes;;
k127_18372	301	No terminal repeats	NA	1	11	0.7263	NA	1	1.7117	Unclassified
k127_304548	313	No terminal repeats	NA	1	11	0.7245	NA	1	1.7020	Viruses;Duplodnaviria;Heunggongvirae;Uroviricota;Caudoviricetes;;
k127_535333	410	No terminal repeats	NA	1	11	0.7233	NA	1	1.3949	Viruses;Duplodnaviria;Heunggongvirae;Uroviricota;Caudoviricetes;;
k127_634848	495	No terminal repeats	NA	1	11	0.7232	NA	1	0.9079	Viruses;Duplodnaviria;Heunggongvirae;Uroviricota;Caudoviricetes;;
k127_666364	928	No terminal repeats	NA	2	11	0.7221	NA	1	1.7183	Viruses;Duplodnaviria;Heunggongvirae;Uroviricota;Caudoviricetes;;
k127_191936	613	No terminal repeats	NA	1	11	0.7213	NA	1	1.7183	Viruses;Duplodnaviria;Heunggongvirae;Uroviricota;Caudoviricetes;;
k127_345208	4670	No terminal repeats	NA	8	11	0.7199	NA	0	1.7029	Unclassified
k127_431654	1446	No terminal repeats	NA	1	11	0.7184	NA	1	1.7183	Viruses;Duplodnaviria;Heunggongvirae;Uroviricota;Caudoviricetes;;
k127_60596	425	No terminal repeats	NA	2	11	0.7175	NA	1	3.0725	Viruses;Duplodnaviria;Heunggongvirae;Uroviricota;Caudoviricetes;;
k127_595823	773	No terminal repeats	NA	1	11	0.7155	NA	1	1.1904	Viruses;Duplodnaviria;Heunggongvirae;Uroviricota;Caudoviricetes;;
k127_150187	671	No terminal repeats	NA	1	11	0.7150	NA	1	1.3307	Viruses;Duplodnaviria;Heunggongvirae;Uroviricota;Caudoviricetes;;
k127_173705	1747	No terminal repeats	NA	3	11	0.7120	NA	1	1.3359	Viruses;Duplodnaviria;Heunggongvirae;Uroviricota;Caudoviricetes;;
k127_595775	424	No terminal repeats	NA	1	11	0.7105	NA	1	1.3816	Viruses;Duplodnaviria;Heunggongvirae;Uroviricota;Caudoviricetes;;
k127_562399	418	No terminal repeats	NA	1	11	0.7098	NA	1	1.7020	Viruses;Duplodnaviria;Heunggongvirae;Uroviricota;Caudoviricetes;;
k127_94289	376	No terminal repeats	NA	1	11	0.7087	NA	1	1.6414	Unclassified
k127_25312	961	No terminal repeats	NA	2	11	0.7069	NA	1	1.7183	Viruses;Duplodnaviria;Heunggongvirae;Uroviricota;Caudoviricetes;;
k127_479228	346	No terminal repeats	NA	1	11	0.7068	NA	1	1.1593	Viruses;Duplodnaviria;Heunggongvirae;Uroviricota;Caudoviricetes;;
k127_154138	364	No terminal repeats	NA	1	11	0.7060	NA	1	1.2436	Viruses;Duplodnaviria;Heunggongvirae;Uroviricota;Caudoviricetes;;Autographiviridae
k127_146058	416	No terminal repeats	NA	1	11	0.7047	NA	1	1.3168	Viruses;Duplodnaviria;Heunggongvirae;Uroviricota;Caudoviricetes;;
k127_125341	1276	No terminal repeats	NA	1	11	0.7040	NA	1	1.7183	Viruses;Duplodnaviria;Heunggongvirae;Uroviricota;Caudoviricetes;;
k127_388803	1015	No terminal repeats	NA	2	11	0.7013	NA	1	1.7183	Viruses;Duplodnaviria;Heunggongvirae;Uroviricota;Caudoviricetes;;
k127_395611	500	No terminal repeats	NA	1	11	0.7004	NA	1	1.5552	Viruses;Duplodnaviria;Heunggongvirae;Uroviricota;Caudoviricetes;;
