gene	start	end	length	strand	gc_content	genetic_code	rbs_motif	marker	evalue	bitscore	uscg	plasmid_hallmark	virus_hallmark	taxid	taxname	annotation_conjscan	annotation_amr	annotation_accessions	annotation_description
k127_115060_1	3	410	408	1	0.718	11	None	GENOMAD.068590.VV	1.585e-21	92	0	0	1	2561	Caudoviricetes	NA	NA	PF13871;PF11242;K11654;TIGR00721	C-terminal domain on Strawberry notch homologue
k127_518265_1	1	669	669	1	0.712	11	None	GENOMAD.060259.VV	1.378e-05	48	0	0	1	2561	Caudoviricetes	NA	NA	PF20307;TIGR02236;COG0468;K04484	Divergent DnaB-like ATPase
k127_58113_1	1	408	408	-1	0.681	11	None	GENOMAD.169508.VP	1.164e-16	78	0	0	1	2561	Caudoviricetes	NA	NA	PF04708;PF13262;COG1961;K14060	Site-specific DNA recombinase related to the DNA invertase Pin
k127_345774_1	3	425	423	1	0.650	11	None	GENOMAD.026355.VV	3.104e-16	77	0	0	1	2561	Caudoviricetes	NA	NA	PF20307;TIGR02238	Divergent DnaB-like ATPase
k127_403426_1	3	563	561	1	0.681	11	None	GENOMAD.068048.VV	7.585e-12	66	0	0	1	2561	Caudoviricetes	NA	NA	PF20307;TIGR03600;K02314;COG0305	phage replicative helicase, DnaB family, HK022 subfamily
k127_58891_1	1	195	195	-1	0.703	11	GGAG/GAGG	GENOMAD.064807.VV	4.233e-13	64	0	0	0	1	NA	NA	NA	NA	NA
k127_58891_2	195	476	282	-1	0.691	11	None	GENOMAD.060865.VV	2.745e-14	69	0	0	1	2561	Caudoviricetes	NA	NA	PF17212	Tail tubular protein
k127_461502_1	1	453	453	-1	0.651	11	None	GENOMAD.053137.VV	3.489e-19	86	0	0	1	2561	Caudoviricetes	NA	NA	PF17482	Phage tail sheath C-terminal domain
k127_289092_1	1	477	477	-1	0.667	11	None	GENOMAD.068048.VV	6.256e-15	74	0	0	1	2561	Caudoviricetes	NA	NA	PF20307;TIGR03600;K02314;COG0305	phage replicative helicase, DnaB family, HK022 subfamily
k127_290199_1	3	440	438	1	0.600	11	None	GENOMAD.068048.VV	2.052e-13	69	0	0	1	2561	Caudoviricetes	NA	NA	PF20307;TIGR03600;K02314;COG0305	phage replicative helicase, DnaB family, HK022 subfamily
k127_2848_1	2	421	420	1	0.705	11	None	GENOMAD.068590.VV	1.317e-05	46	0	0	1	2561	Caudoviricetes	NA	NA	PF13871;PF11242;K11654;TIGR00721	C-terminal domain on Strawberry notch homologue
k127_463691_1	1	309	309	-1	0.628	11	None	GENOMAD.168708.VP	3.809e-07	49	0	0	1	2561	Caudoviricetes	NA	NA	PF14464;PF06805;COG4723;K21140;TIGR02256	Phage-related protein, tail component
k127_406230_1	2	70	69	1	0.739	11	None	NA	NA	NA	0	0	0	1	NA	NA	NA	NA	NA
k127_406230_2	188	355	168	1	0.708	11	AGGAG	GENOMAD.093363.VV	3.275e-05	41	0	0	1	2561	Caudoviricetes	NA	NA	PF09124;COG1158	T4 recombination endonuclease VII, dimerisation
k127_349180_1	3	491	489	-1	0.755	11	None	GENOMAD.065578.VV	4.373e-31	121	0	0	1	2561	Caudoviricetes	NA	NA	PF04860;PF04233;TIGR01537;COG4695;K06904	phage portal protein, HK97 family
k127_406877_1	3	374	372	1	0.763	11	None	GENOMAD.207635.VV	3.801e-06	47	0	0	1	8278	Ackermannviridae	NA	NA	PF04865	Baseplate J-like protein
k127_119509_1	1	504	504	1	0.635	11	None	GENOMAD.222507.VP	2.427e-08	55	0	0	1	1	NA	NA	NA	PF16754;COG3772	Bacterial toxin homologue of phage lysozyme, C-term
k127_464867_1	1	378	378	-1	0.466	11	GGAG/GAGG	GENOMAD.033662.VV	5.373e-70	231	0	0	1	2790	Microviridae	NA	NA	PF02305	Capsid protein (F protein)
k127_464867_2	415	531	117	-1	0.496	11	AGGAG	NA	NA	NA	0	0	0	1	NA	NA	NA	NA	NA
k127_464867_3	531	989	459	-1	0.464	11	GGA/GAG/AGG	GENOMAD.067220.VV	2.353e-83	271	0	0	0	2790	Microviridae	NA	NA	PF02925	Bacteriophage scaffolding protein D
k127_464867_4	986	1246	261	-1	0.414	11	3Base/5BMM	GENOMAD.169375.VV	6.142e-26	102	0	0	0	2790	Microviridae	NA	NA	PF12025	Phage protein C
k127_464867_5	1243	2175	933	-1	0.450	11	None	GENOMAD.065430.VV	2.225e-205	632	0	0	0	2790	Microviridae	NA	NA	NA	NA
k127_293025_1	2	520	519	1	0.713	11	None	GENOMAD.195568.VP	1.288e-07	53	0	0	1	2561	Caudoviricetes	NA	NA	PF20025;PF01331;K18951;TIGR04120;COG1793	DNA ligase, ATP-dependent, PP_1105 family
k127_120418_1	2	691	690	1	0.681	11	None	GENOMAD.068048.VV	1.982e-13	72	0	0	1	2561	Caudoviricetes	NA	NA	PF20307;TIGR03600;K02314;COG0305	phage replicative helicase, DnaB family, HK022 subfamily
k127_5598_1	2	484	483	1	0.712	11	None	GENOMAD.056845.VV	2.863e-43	156	0	0	1	2561	Caudoviricetes	NA	NA	PF19821;TIGR04387	Phage capsid protein
k127_5598_2	489	869	381	1	0.696	11	GGAGG	GENOMAD.052958.VV	2.885e-28	111	0	0	0	2561	Caudoviricetes	NA	NA	NA	NA
k127_178742_1	3	533	531	1	0.659	11	None	GENOMAD.169508.VP	3.011e-08	55	0	0	1	2561	Caudoviricetes	NA	NA	PF04708;PF13262;COG1961;K14060	Site-specific DNA recombinase related to the DNA invertase Pin
k127_294178_1	1	360	360	1	0.572	11	None	GENOMAD.002027.VV	9.449e-21	89	0	0	1	2561	Caudoviricetes	NA	NA	PF05766	Bacteriophage Lambda NinG protein
k127_236720_1	1	933	933	1	0.700	11	None	GENOMAD.013210.VV	2.328e-30	125	0	0	1	2561	Caudoviricetes	NA	NA	PF00211;PF08994;PF08993;COG2114	Adenylate and Guanylate cyclase catalytic domain; T4 gene Gp59 loader of gp41 DNA helicase C-term; T4 gene Gp59 loader of gp41 DNA helicase
k127_236975_1	1	726	726	1	0.740	11	None	GENOMAD.195568.VP	2.036e-07	54	0	0	1	2561	Caudoviricetes	NA	NA	PF20025;PF01331;K18951;TIGR04120;COG1793	DNA ligase, ATP-dependent, PP_1105 family
k127_409495_1	1	459	459	-1	0.695	11	None	GENOMAD.060259.VV	1.822e-05	46	0	0	1	2561	Caudoviricetes	NA	NA	PF20307;TIGR02236;COG0468;K04484	Divergent DnaB-like ATPase
k127_295210_1	1	120	120	1	0.558	11	None	NA	NA	NA	0	0	0	1	NA	NA	NA	NA	NA
k127_295210_2	123	554	432	1	0.639	11	AGGAG	GENOMAD.022372.VV	6.412e-07	50	0	0	1	2561	Caudoviricetes	NA	NA	PF04708;COG1961;K14060	Site-specific DNA recombinase related to the DNA invertase Pin
k127_525179_1	2	220	219	-1	0.667	11	AGGAG	GENOMAD.152240.VV	6.345e-06	44	0	0	1	2561	Caudoviricetes	NA	NA	COG4675	Microcystin-dependent protein  (function unknown)
k127_525179_2	233	391	159	-1	0.660	11	None	NA	NA	NA	0	0	0	1	NA	NA	NA	NA	NA
k127_410174_1	2	556	555	1	0.663	11	None	GENOMAD.068048.VV	3.181e-13	70	0	0	1	2561	Caudoviricetes	NA	NA	PF20307;TIGR03600;K02314;COG0305	phage replicative helicase, DnaB family, HK022 subfamily
k127_237957_1	2	445	444	1	0.673	11	None	GENOMAD.068048.VV	1.885e-15	75	0	0	1	2561	Caudoviricetes	NA	NA	PF20307;TIGR03600;K02314;COG0305	phage replicative helicase, DnaB family, HK022 subfamily
k127_237957_2	432	557	126	1	0.754	11	GGA/GAG/AGG	NA	NA	NA	0	0	0	1	NA	NA	NA	NA	NA
k127_295530_1	1	384	384	1	0.677	11	None	GENOMAD.068048.VV	8.249e-17	78	0	0	1	2561	Caudoviricetes	NA	NA	PF20307;TIGR03600;K02314;COG0305	phage replicative helicase, DnaB family, HK022 subfamily
k127_295530_2	381	653	273	1	0.747	11	GGAG/GAGG	NA	NA	NA	0	0	0	1	NA	NA	NA	NA	NA
k127_122943_1	1	78	78	-1	0.731	11	None	NA	NA	NA	0	0	0	1	NA	NA	NA	NA	NA
k127_122943_2	75	725	651	-1	0.685	11	None	GENOMAD.068048.VV	6.538e-16	79	0	0	1	2561	Caudoviricetes	NA	NA	PF20307;TIGR03600;K02314;COG0305	phage replicative helicase, DnaB family, HK022 subfamily
k127_8437_1	1	210	210	1	0.643	11	None	GENOMAD.220787.VP	1.16e-19	83	0	0	0	2561	Caudoviricetes	NA	NA	NA	NA
k127_8437_2	243	431	189	1	0.598	11	AGGA/GGAG/GAGG	GENOMAD.044473.VV	5.492e-10	55	0	0	1	2561	Caudoviricetes	NA	NA	PF05894;TIGR01547;COG1783	Podovirus DNA encapsidation protein (Gp16)
k127_238537_1	1	393	393	1	0.616	11	None	GENOMAD.094226.VV	5.523e-23	96	0	0	1	2561	Caudoviricetes	NA	NA	PF03354;COG5410	Terminase large subunit, ATPase domain
k127_181652_1	1	288	288	1	0.628	11	None	GENOMAD.208864.VP	3.07e-29	112	0	0	1	2561	Caudoviricetes	NA	NA	PF19307;TIGR01554;COG4653	Phage capsid-like protein
k127_411701_1	3	1031	1029	1	0.700	11	None	GENOMAD.068048.VV	2.281e-12	71	0	0	1	2561	Caudoviricetes	NA	NA	PF20307;TIGR03600;K02314;COG0305	phage replicative helicase, DnaB family, HK022 subfamily
k127_411794_1	3	713	711	-1	0.710	11	AGGAG	GENOMAD.071900.VV	1.312e-88	291	0	0	1	2561	Caudoviricetes	NA	NA	PF13479;TIGR01618;COG2087;K04484	phage nucleotide-binding protein
k127_469480_1	1	336	336	1	0.702	11	None	GENOMAD.032636.VV	4.394e-09	55	0	0	1	2561	Caudoviricetes	NA	NA	PF20307;PF07486;TIGR02239;COG0468;K18947	Divergent DnaB-like ATPase; Cell Wall Hydrolase
k127_355203_1	42	707	666	-1	0.643	11	None	GENOMAD.068048.VV	7.421e-16	79	0	0	1	2561	Caudoviricetes	NA	NA	PF20307;TIGR03600;K02314;COG0305	phage replicative helicase, DnaB family, HK022 subfamily
k127_125386_1	11	823	813	-1	0.729	11	None	GENOMAD.068590.VV	9.842e-15	77	0	0	1	2561	Caudoviricetes	NA	NA	PF13871;PF11242;K11654;TIGR00721	C-terminal domain on Strawberry notch homologue
k127_356015_1	2	1906	1905	-1	0.697	11	None	GENOMAD.068048.VV	3.259e-14	79	0	0	1	2561	Caudoviricetes	NA	NA	PF20307;TIGR03600;K02314;COG0305	phage replicative helicase, DnaB family, HK022 subfamily
k127_68532_1	2	304	303	1	0.667	11	None	GENOMAD.087771.VV	9.522e-05	42	0	0	1	2561	Caudoviricetes	NA	NA	PF09293	T4 RNase H, C terminal
k127_241989_1	2	694	693	-1	0.651	11	None	GENOMAD.013210.VV	1.986e-10	63	0	0	1	2561	Caudoviricetes	NA	NA	PF00211;PF08994;PF08993;COG2114	Adenylate and Guanylate cyclase catalytic domain; T4 gene Gp59 loader of gp41 DNA helicase C-term; T4 gene Gp59 loader of gp41 DNA helicase
k127_184720_1	102	329	228	-1	0.719	11	None	GENOMAD.182548.VP	3.087e-06	45	0	0	1	6064	Autographiviridae	NA	NA	PF17879	DNA ligase C-terminal domain
k127_472937_1	3	632	630	-1	0.660	11	None	GENOMAD.060259.VV	1.153e-05	48	0	0	1	2561	Caudoviricetes	NA	NA	PF20307;TIGR02236;COG0468;K04484	Divergent DnaB-like ATPase
k127_301382_1	3	1199	1197	-1	0.641	11	None	GENOMAD.042498.VV	0.0001987	46	0	0	1	2561	Caudoviricetes	NA	NA	PF09293	T4 RNase H, C terminal
k127_474239_1	91	396	306	1	0.739	11	None	GENOMAD.076976.VV	8.759e-22	91	0	0	1	2561	Caudoviricetes	NA	NA	PF05119;TIGR01558;COG3747	phage terminase, small subunit, putative, P27 family
k127_359730_1	1	333	333	1	0.673	11	None	GENOMAD.104670.VP	1.065e-15	74	0	0	1	2561	Caudoviricetes	NA	NA	PF20454	Terminase large subunit gpA, endonuclease domain
k127_302980_1	3	779	777	1	0.634	11	None	GENOMAD.129403.VV	8.823e-05	46	0	0	1	2561	Caudoviricetes	NA	NA	PF11651;TIGR04387	P22 coat protein - gene protein 5
k127_417759_1	3	362	360	-1	0.742	11	None	GENOMAD.094097.VV	3.602e-05	44	0	0	1	2561	Caudoviricetes	NA	NA	PF09588;COG5377;TIGR03033	Phage-related protein, predicted endonuclease
k127_303317_1	3	356	354	1	0.672	11	None	GENOMAD.182236.VP	6.953e-06	46	0	0	1	2561	Caudoviricetes	NA	NA	PF16724;COG4119;TIGR02705;K12152	T4-like virus Myoviridae tail sheath stabiliser
k127_130481_1	2	328	327	1	0.703	11	None	GENOMAD.208864.VP	2.168e-23	96	0	0	1	2561	Caudoviricetes	NA	NA	PF19307;TIGR01554;COG4653	Phage capsid-like protein
k127_246240_1	1	474	474	1	0.730	11	None	GENOMAD.013210.VV	4.857e-18	83	0	0	1	2561	Caudoviricetes	NA	NA	PF00211;PF08994;PF08993;COG2114	Adenylate and Guanylate cyclase catalytic domain; T4 gene Gp59 loader of gp41 DNA helicase C-term; T4 gene Gp59 loader of gp41 DNA helicase
k127_73372_1	3	440	438	1	0.658	11	None	GENOMAD.013210.VV	7.687e-26	105	0	0	1	2561	Caudoviricetes	NA	NA	PF00211;PF08994;PF08993;COG2114	Adenylate and Guanylate cyclase catalytic domain; T4 gene Gp59 loader of gp41 DNA helicase C-term; T4 gene Gp59 loader of gp41 DNA helicase
k127_361483_1	1	189	189	-1	0.693	11	None	GENOMAD.224435.VP	7.023e-08	49	0	0	1	2561	Caudoviricetes	NA	NA	PF04965;K06903;COG3628;TIGR03357	Baseplate wedge protein gp25
k127_361483_2	196	366	171	-1	0.655	11	None	NA	NA	NA	0	0	0	1	NA	NA	NA	NA	NA
k127_131354_1	5	415	411	-1	0.710	11	None	GENOMAD.182548.VP	0.0001237	43	0	0	1	6064	Autographiviridae	NA	NA	PF17879	DNA ligase C-terminal domain
k127_132490_1	2	427	426	1	0.739	11	None	GENOMAD.195568.VP	1.262e-07	52	0	0	1	2561	Caudoviricetes	NA	NA	PF20025;PF01331;K18951;TIGR04120;COG1793	DNA ligase, ATP-dependent, PP_1105 family
k127_190675_1	3	497	495	-1	0.624	11	None	GENOMAD.073447.VV	5.023e-07	51	0	0	1	2561	Caudoviricetes	NA	NA	PF00580;TIGR04095;COG4373	UvrD/REP helicase N-terminal domain
k127_363549_1	3	764	762	-1	0.681	11	None	GENOMAD.060259.VV	4.95e-07	53	0	0	1	2561	Caudoviricetes	NA	NA	PF20307;TIGR02236;COG0468;K04484	Divergent DnaB-like ATPase
k127_248582_1	2	127	126	1	0.659	11	None	NA	NA	NA	0	0	0	1	NA	NA	NA	NA	NA
k127_248582_2	153	356	204	1	0.711	11	GGAG/GAGG	GENOMAD.089042.VV	8.695e-15	69	0	0	1	2561	Caudoviricetes	NA	NA	COG5301	NA
k127_18562_1	1	636	636	-1	0.728	11	None	GENOMAD.218988.VP	0.0004911	43	0	0	1	1	NA	NA	NA	PF09293	T4 RNase H, C terminal
k127_248804_1	2	319	318	-1	0.711	11	None	GENOMAD.162197.VP	1.579e-09	56	0	0	1	2561	Caudoviricetes	NA	NA	PF20441;COG5362	Terminase large subunit, endonuclease domain
k127_421633_1	1	684	684	-1	0.658	11	None	GENOMAD.068048.VV	3.626e-20	92	0	0	1	2561	Caudoviricetes	NA	NA	PF20307;TIGR03600;K02314;COG0305	phage replicative helicase, DnaB family, HK022 subfamily
k127_422301_1	1	432	432	1	0.600	11	None	GENOMAD.053137.VV	8.507e-24	99	0	0	1	2561	Caudoviricetes	NA	NA	PF17482	Phage tail sheath C-terminal domain
k127_479670_1	3	389	387	-1	0.602	11	None	GENOMAD.068048.VV	6.236e-12	64	0	0	1	2561	Caudoviricetes	NA	NA	PF20307;TIGR03600;K02314;COG0305	phage replicative helicase, DnaB family, HK022 subfamily
k127_480009_1	2	472	471	1	0.692	11	None	GENOMAD.013210.VV	2.469e-16	78	0	0	1	2561	Caudoviricetes	NA	NA	PF00211;PF08994;PF08993;COG2114	Adenylate and Guanylate cyclase catalytic domain; T4 gene Gp59 loader of gp41 DNA helicase C-term; T4 gene Gp59 loader of gp41 DNA helicase
k127_539554_1	2	2401	2400	-1	0.660	11	None	GENOMAD.070625.VV	0.0005158	46	0	0	1	2561	Caudoviricetes	NA	NA	PF06714	Gp5 N-terminal OB domain
k127_310405_1	3	227	225	1	0.751	11	None	NA	NA	NA	0	0	0	1	NA	NA	NA	NA	NA
k127_310405_2	231	830	600	1	0.723	11	AGGAG/GGAGG	GENOMAD.012458.VV	1.049e-07	54	0	0	1	2561	Caudoviricetes	NA	NA	PF13514;PF06841;TIGR03185;K19171;COG1195	DNA sulfur modification protein DndD
k127_253000_1	130	492	363	1	0.694	11	AGGA	GENOMAD.062910.VV	0.0001799	42	0	0	1	2561	Caudoviricetes	NA	NA	PF11242;TIGR02844;K06283;COG4584	sporulation transcriptional regulator SpoIIID
k127_23267_1	2	319	318	1	0.695	11	None	GENOMAD.054986.VV	4.25e-07	49	0	0	1	2561	Caudoviricetes	NA	NA	PF09293	T4 RNase H, C terminal
k127_23270_1	1	234	234	-1	0.684	11	None	GENOMAD.070325.VV	7.874e-06	44	0	0	1	1	NA	NA	NA	PF09293	T4 RNase H, C terminal
k127_482918_1	1	219	219	1	0.703	11	None	GENOMAD.068265.VV	2.705e-06	45	0	0	1	1	NA	NA	NA	PF06892;COG1476;TIGR00673	DNA-binding transcriptional regulator, XRE-family HTH domain
k127_80718_1	3	221	219	1	0.767	11	None	NA	NA	NA	0	0	0	1	NA	NA	NA	NA	NA
k127_80718_2	200	340	141	1	0.738	11	AGGAG	GENOMAD.051128.VV	3.148e-08	49	0	0	1	2561	Caudoviricetes	NA	NA	PF10665;TIGR01563;COG5614	Minor capsid protein
k127_368881_1	2	337	336	-1	0.676	11	None	GENOMAD.068048.VV	6.43e-13	66	0	0	1	2561	Caudoviricetes	NA	NA	PF20307;TIGR03600;K02314;COG0305	phage replicative helicase, DnaB family, HK022 subfamily
k127_426235_1	39	356	318	-1	0.632	11	None	GENOMAD.068048.VV	1.851e-15	73	0	0	1	2561	Caudoviricetes	NA	NA	PF20307;TIGR03600;K02314;COG0305	phage replicative helicase, DnaB family, HK022 subfamily
k127_369401_1	1	366	366	1	0.716	11	None	GENOMAD.005158.VV	4.035e-14	70	0	0	1	2561	Caudoviricetes	NA	NA	PF04586;PF13395;TIGR02646;K06904	TIGR02646 family protein
k127_426748_1	3	371	369	1	0.678	11	None	GENOMAD.070325.VV	1.79e-05	45	0	0	1	1	NA	NA	NA	PF09293	T4 RNase H, C terminal
k127_196830_1	3	395	393	1	0.672	11	None	GENOMAD.124233.VP	2.823e-30	117	0	0	1	2561	Caudoviricetes	NA	NA	PF03864	Phage major capsid protein E
k127_484066_1	71	634	564	-1	0.686	11	None	GENOMAD.053137.VV	1.154e-39	147	0	0	1	2561	Caudoviricetes	NA	NA	PF17482	Phage tail sheath C-terminal domain
k127_370685_1	3	863	861	-1	0.645	11	None	GENOMAD.013210.VV	3.033e-55	197	0	0	1	2561	Caudoviricetes	NA	NA	PF00211;PF08994;PF08993;COG2114	Adenylate and Guanylate cyclase catalytic domain; T4 gene Gp59 loader of gp41 DNA helicase C-term; T4 gene Gp59 loader of gp41 DNA helicase
k127_370695_1	2	358	357	1	0.720	11	None	GENOMAD.190509.VP	1.584e-05	45	0	0	1	2561	Caudoviricetes	NA	NA	PF03354;COG4626	Phage terminase-like protein, large subunit, contains N-terminal HTH domain
k127_82982_1	3	353	351	1	0.735	11	None	GENOMAD.123622.VP	2.812e-07	50	0	0	1	2561	Caudoviricetes	NA	NA	PF04586;PF03354;COG4626;K06904;TIGR01543	Phage terminase-like protein, large subunit, contains N-terminal HTH domain
k127_543497_1	3	422	420	-1	0.764	11	None	GENOMAD.024487.VV	6.28e-05	44	0	0	1	2561	Caudoviricetes	NA	NA	PF09293;K18950;TIGR00593;COG0258	T4 RNase H, C terminal
k127_371571_1	2	793	792	1	0.663	11	None	GENOMAD.068048.VV	8.732e-21	95	0	0	1	2561	Caudoviricetes	NA	NA	PF20307;TIGR03600;K02314;COG0305	phage replicative helicase, DnaB family, HK022 subfamily
k127_140753_1	1	393	393	-1	0.601	11	None	GENOMAD.053137.VV	1.364e-12	66	0	0	1	2561	Caudoviricetes	NA	NA	PF17482	Phage tail sheath C-terminal domain
k127_485836_1	1	495	495	1	0.681	11	None	GENOMAD.068048.VV	8.086e-14	71	0	0	1	2561	Caudoviricetes	NA	NA	PF20307;TIGR03600;K02314;COG0305	phage replicative helicase, DnaB family, HK022 subfamily
k127_371877_1	2	328	327	1	0.550	11	None	GENOMAD.154686.VV	2.185e-15	73	0	0	1	2561	Caudoviricetes	NA	NA	PF17288	Terminase RNAseH like domain
k127_371885_1	2	1054	1053	-1	0.599	11	AGGA/GGAG/GAGG	GENOMAD.118228.VV	1.89e-05	49	0	0	0	1	NA	NA	NA	PF02543;K00612;COG2192;TIGR03723	Predicted carbamoyl transferase, NodU family
k127_371885_2	1072	1830	759	-1	0.605	11	GGAG/GAGG	NA	NA	NA	0	0	0	1	NA	NA	NA	NA	NA
k127_371885_3	1830	3209	1380	-1	0.613	11	GGAGG	GENOMAD.076433.VV	2.432e-12	72	0	0	0	2561	Caudoviricetes	NA	NA	PF01041;K13017;TIGR03588;COG0399	UDP-4-amino-4,6-dideoxy-N-acetyl-beta-L-altrosamine transaminase
k127_199300_1	3	398	396	1	0.636	11	None	GENOMAD.222396.VV	0.0001084	43	0	0	1	2561	Caudoviricetes	NA	NA	PF05766;TIGR02646	Bacteriophage Lambda NinG protein
k127_544095_1	3	326	324	-1	0.630	11	AGGA	NA	NA	NA	0	0	0	1	NA	NA	NA	NA	NA
k127_544095_2	370	765	396	-1	0.674	11	None	GENOMAD.053137.VV	1.269e-30	118	0	0	1	2561	Caudoviricetes	NA	NA	PF17482	Phage tail sheath C-terminal domain
k127_314787_1	6	326	321	-1	0.632	11	None	GENOMAD.068048.VV	9.583e-15	71	0	0	1	2561	Caudoviricetes	NA	NA	PF20307;TIGR03600;K02314;COG0305	phage replicative helicase, DnaB family, HK022 subfamily
k127_199488_1	3	704	702	1	0.712	11	None	GENOMAD.158991.VC	1.036e-53	190	0	0	1	2561	Caudoviricetes	NA	NA	PF04860;TIGR01537;COG4695	phage portal protein, HK97 family
k127_430080_1	2	364	363	1	0.631	11	None	GENOMAD.053137.VV	3.519e-31	119	0	0	1	2561	Caudoviricetes	NA	NA	PF17482	Phage tail sheath C-terminal domain
k127_430080_2	393	596	204	1	0.554	11	AGGAGG	NA	NA	NA	0	0	0	1	NA	NA	NA	NA	NA
k127_142186_1	2	838	837	1	0.750	11	None	GENOMAD.071900.VV	1.696e-48	177	0	0	1	2561	Caudoviricetes	NA	NA	PF13479;TIGR01618;COG2087;K04484	phage nucleotide-binding protein
k127_257989_1	1	378	378	1	0.754	11	None	GENOMAD.172074.VP	1.957e-05	45	0	0	1	2561	Caudoviricetes	NA	NA	PF05954;K06905;COG3500;TIGR03361	Phage protein D
k127_488079_1	3	446	444	1	0.628	11	None	GENOMAD.068048.VV	2.107e-14	72	0	0	1	2561	Caudoviricetes	NA	NA	PF20307;TIGR03600;K02314;COG0305	phage replicative helicase, DnaB family, HK022 subfamily
k127_431847_1	1	870	870	-1	0.441	11	None	GENOMAD.033662.VV	5.588e-185	572	0	0	1	2790	Microviridae	NA	NA	PF02305	Capsid protein (F protein)
k127_202154_1	3	389	387	1	0.661	11	None	GENOMAD.208864.VP	4.2e-25	102	0	0	1	2561	Caudoviricetes	NA	NA	PF19307;TIGR01554;COG4653	Phage capsid-like protein
k127_318035_1	1	213	213	-1	0.568	11	AGGAG	NA	NA	NA	0	0	0	1	NA	NA	NA	NA	NA
k127_318035_2	232	594	363	-1	0.540	11	None	GENOMAD.032961.VV	1.148e-18	83	0	0	1	2561	Caudoviricetes	NA	NA	PF13479;TIGR01618;COG2087;K04484	phage nucleotide-binding protein
k127_489676_1	1	396	396	-1	0.505	11	None	GENOMAD.054804.VV	1.01e-41	150	0	0	1	2561	Caudoviricetes	NA	NA	PF04466;COG5323;TIGR01547	Large terminase phage packaging protein
k127_489676_2	393	608	216	-1	0.532	11	None	GENOMAD.218256.VP	3.582e-10	56	0	0	0	1	NA	NA	NA	NA	NA
k127_202824_1	3	317	315	1	0.686	11	None	GENOMAD.215716.VP	4.92e-05	43	0	0	1	2561	Caudoviricetes	NA	NA	PF04860;TIGR01537;COG4695	phage portal protein, HK97 family
k127_547751_1	1	303	303	-1	0.686	11	None	GENOMAD.192716.VV	3.386e-23	95	0	0	1	2561	Caudoviricetes	NA	NA	PF04865;COG3299	Baseplate J-like protein
k127_260875_1	1	111	111	-1	0.514	11	None	NA	NA	NA	0	0	0	1	NA	NA	NA	NA	NA
k127_260875_2	124	318	195	1	0.533	11	None	GENOMAD.020262.VV	9.483e-13	63	0	0	1	2561	Caudoviricetes	NA	NA	PF16462	Phage tail assembly chaperone protein, TAC
k127_261594_1	1	747	747	1	0.616	11	None	GENOMAD.169508.VP	1.06e-07	55	0	0	1	2561	Caudoviricetes	NA	NA	PF04708;PF13262;COG1961;K14060	Site-specific DNA recombinase related to the DNA invertase Pin
k127_204465_1	1	390	390	1	0.600	11	None	GENOMAD.068048.VV	2.68e-13	68	0	0	1	2561	Caudoviricetes	NA	NA	PF20307;TIGR03600;K02314;COG0305	phage replicative helicase, DnaB family, HK022 subfamily
k127_319920_1	9	794	786	-1	0.740	11	None	GENOMAD.057710.VV	5.351e-07	53	0	0	1	2561	Caudoviricetes	NA	NA	PF00589;PF04860;K07358;TIGR01537	Phage integrase family; Phage portal protein
k127_377337_1	2	823	822	-1	0.703	11	None	GENOMAD.060259.VV	2.636e-06	51	0	0	1	2561	Caudoviricetes	NA	NA	PF20307;TIGR02236;COG0468;K04484	Divergent DnaB-like ATPase
k127_377670_1	1	501	501	1	0.681	11	None	GENOMAD.068048.VV	8.34e-14	71	0	0	1	2561	Caudoviricetes	NA	NA	PF20307;TIGR03600;K02314;COG0305	phage replicative helicase, DnaB family, HK022 subfamily
k127_32976_1	86	391	306	-1	0.657	11	None	GENOMAD.068048.VV	8.621e-14	68	0	0	1	2561	Caudoviricetes	NA	NA	PF20307;TIGR03600;K02314;COG0305	phage replicative helicase, DnaB family, HK022 subfamily
k127_205571_1	1	726	726	-1	0.464	11	GGAG/GAGG	GENOMAD.109387.VV	4.68e-120	382	0	0	0	2790	Microviridae	NA	NA	PF04687	Microvirus H protein (pilot protein)
k127_205571_2	735	1109	375	-1	0.437	11	None	GENOMAD.145242.VV	3.545e-57	194	0	0	1	2790	Microviridae	NA	NA	PF02306	Major spike protein (G protein)
k127_435521_1	1	720	720	-1	0.725	11	None	GENOMAD.068590.VV	7.803e-28	115	0	0	1	2561	Caudoviricetes	NA	NA	PF13871;PF11242;K11654;TIGR00721	C-terminal domain on Strawberry notch homologue
k127_263478_1	2	505	504	1	0.653	11	None	GENOMAD.068048.VV	1.671e-15	76	0	0	1	2561	Caudoviricetes	NA	NA	PF20307;TIGR03600;K02314;COG0305	phage replicative helicase, DnaB family, HK022 subfamily
k127_492853_1	142	327	186	1	0.500	11	GGA/GAG/AGG	GENOMAD.177125.VV	1.504e-07	48	0	0	1	2561	Caudoviricetes	NA	NA	PF07141;COG2826;TIGR03418	Putative bacteriophage terminase small subunit
k127_492966_1	2	445	444	1	0.658	11	None	GENOMAD.068048.VV	6.919e-19	85	0	0	1	2561	Caudoviricetes	NA	NA	PF20307;TIGR03600;K02314;COG0305	phage replicative helicase, DnaB family, HK022 subfamily
k127_91255_1	2	415	414	-1	0.751	11	None	GENOMAD.129999.VP	1.955e-20	89	0	0	1	2561	Caudoviricetes	NA	NA	PF04708;COG1961;K21528	Site-specific DNA recombinase related to the DNA invertase Pin
k127_494333_1	3	482	480	-1	0.640	11	None	GENOMAD.068048.VV	1.714e-11	64	0	0	1	2561	Caudoviricetes	NA	NA	PF20307;TIGR03600;K02314;COG0305	phage replicative helicase, DnaB family, HK022 subfamily
k127_92347_1	1	381	381	-1	0.706	11	None	GENOMAD.178051.VP	4.458e-15	73	0	0	1	2561	Caudoviricetes	NA	NA	PF02195;PF17288;TIGR00180;COG1475	ParB/RepB/Spo0J family partition protein
k127_207456_1	2	334	333	-1	0.730	11	None	GENOMAD.182548.VP	0.000648	40	0	0	1	6064	Autographiviridae	NA	NA	PF17879	DNA ligase C-terminal domain
k127_552596_1	3	605	603	1	0.720	11	None	GENOMAD.068590.VV	4.004e-18	85	0	0	1	2561	Caudoviricetes	NA	NA	PF13871;PF11242;K11654;TIGR00721	C-terminal domain on Strawberry notch homologue
k127_323406_1	1	471	471	1	0.654	11	None	GENOMAD.068048.VV	2.386e-16	78	0	0	1	2561	Caudoviricetes	NA	NA	PF20307;TIGR03600;K02314;COG0305	phage replicative helicase, DnaB family, HK022 subfamily
k127_208471_1	2	397	396	-1	0.634	11	None	GENOMAD.111208.VP	1.059e-24	101	0	0	1	2561	Caudoviricetes	NA	NA	PF20441	Terminase large subunit, endonuclease domain
k127_93489_1	2	340	339	1	0.599	11	None	GENOMAD.123534.VP	3.442e-12	64	0	0	1	2561	Caudoviricetes	NA	NA	PF05133;TIGR01538	Phage portal protein, SPP1 Gp6-like
k127_151127_1	3	350	348	-1	0.718	11	None	GENOMAD.195568.VP	1.333e-06	48	0	0	1	2561	Caudoviricetes	NA	NA	PF20025;PF01331;K18951;TIGR04120;COG1793	DNA ligase, ATP-dependent, PP_1105 family
k127_496852_1	1	669	669	1	0.714	11	None	GENOMAD.194288.VP	0.0002667	44	0	0	1	2561	Caudoviricetes	NA	NA	PF11242;TIGR02844;COG2826	sporulation transcriptional regulator SpoIIID
k127_94897_1	3	86	84	1	0.726	11	None	NA	NA	NA	0	0	0	1	NA	NA	NA	NA	NA
k127_94897_2	100	300	201	1	0.677	11	AGxAGG/AGGxGG	GENOMAD.131725.VV	0.0006259	38	0	0	1	1	NA	NA	NA	PF06892;COG5606;TIGR02612;K22302	Phage regulatory protein CII (CP76)
k127_267808_1	2	319	318	1	0.616	11	None	GENOMAD.068048.VV	4.567e-14	69	0	0	1	2561	Caudoviricetes	NA	NA	PF20307;TIGR03600;K02314;COG0305	phage replicative helicase, DnaB family, HK022 subfamily
k127_267814_1	3	518	516	-1	0.628	11	None	GENOMAD.068048.VV	1.024e-12	68	0	0	1	2561	Caudoviricetes	NA	NA	PF20307;TIGR03600;K02314;COG0305	phage replicative helicase, DnaB family, HK022 subfamily
k127_152179_1	19	867	849	1	0.618	11	AGGAG	GENOMAD.169508.VP	4.648e-11	66	0	0	1	2561	Caudoviricetes	NA	NA	PF04708;PF13262;COG1961;K14060	Site-specific DNA recombinase related to the DNA invertase Pin
k127_440371_1	2	439	438	1	0.719	11	None	GENOMAD.060572.VV	3.347e-05	45	0	0	1	2561	Caudoviricetes	NA	NA	PF09293	T4 RNase H, C terminal
k127_95700_1	122	310	189	1	0.550	11	AGGA	GENOMAD.081096.VV	3.04e-15	70	0	0	1	2561	Caudoviricetes	NA	NA	PF11651;TIGR04387;COG4653	P22 coat protein - gene protein 5
k127_383375_1	3	668	666	-1	0.638	11	GGGGG	GENOMAD.025766.VV	3.511e-09	59	0	0	1	2561	Caudoviricetes	NA	NA	PF03354;COG4373;TIGR01547	Mu-like prophage FluMu protein gp28
k127_383375_2	661	825	165	-1	0.679	11	None	NA	NA	NA	0	0	0	1	NA	NA	NA	NA	NA
k127_268473_1	1	516	516	1	0.587	11	None	GENOMAD.169508.VP	5.668e-09	57	0	0	1	2561	Caudoviricetes	NA	NA	PF04708;PF13262;COG1961;K14060	Site-specific DNA recombinase related to the DNA invertase Pin
k127_440832_1	1	609	609	-1	0.614	11	None	GENOMAD.033727.VV	5.185e-12	67	0	0	1	2561	Caudoviricetes	NA	NA	PF05133;TIGR01538	phage portal protein, SPP1 family
k127_268649_1	1	330	330	1	0.682	11	None	GENOMAD.005410.VV	4.562e-24	98	0	0	1	2561	Caudoviricetes	NA	NA	PF06199;COG5437;TIGR02126	Phage tail tube protein
k127_39358_1	2	517	516	1	0.481	11	None	GENOMAD.160446.VP	2.745e-05	46	0	0	1	2561	Caudoviricetes	NA	NA	PF16790	Bacteriophage clamp loader A subunit
k127_384199_1	1	672	672	-1	0.677	11	None	GENOMAD.032636.VV	3.806e-14	74	0	0	1	2561	Caudoviricetes	NA	NA	PF20307;PF07486;TIGR02239;COG0468;K18947	Divergent DnaB-like ATPase; Cell Wall Hydrolase
k127_153700_1	67	1215	1149	-1	0.714	11	None	GENOMAD.068048.VV	1.699e-20	97	0	0	1	2561	Caudoviricetes	NA	NA	PF20307;TIGR03600;K02314;COG0305	phage replicative helicase, DnaB family, HK022 subfamily
k127_270158_1	3	254	252	-1	0.611	11	AGGAG/GGAGG	NA	NA	NA	0	0	0	1	NA	NA	NA	NA	NA
k127_270158_2	314	646	333	-1	0.652	11	AGGAG	GENOMAD.206251.VV	1.185e-05	45	0	0	0	1	NA	NA	NA	PF00166;COG0234	Co-chaperonin GroES (HSP10)
k127_270158_3	1097	1312	216	-1	0.375	11	GGA/GAG/AGG	NA	NA	NA	0	0	0	1	NA	NA	NA	NA	NA
k127_270158_4	1372	2229	858	1	0.562	11	GGAGG	NA	NA	NA	0	0	0	1	NA	NA	NA	NA	NA
k127_270158_5	2486	2620	135	1	0.481	11	AGGAGG	NA	NA	NA	0	0	0	1	NA	NA	NA	NA	NA
k127_270158_6	2767	2952	186	-1	0.538	11	GGAG/GAGG	NA	NA	NA	0	0	0	1	NA	NA	NA	NA	NA
k127_270158_7	2942	3244	303	-1	0.574	11	GGA/GAG/AGG	GENOMAD.195877.VV	3.429e-38	138	0	0	0	1	NA	NA	NA	NA	NA
k127_270158_8	3244	3651	408	-1	0.539	11	None	NA	NA	NA	0	0	0	1	NA	NA	NA	NA	NA
k127_499926_1	3	371	369	1	0.694	11	None	GENOMAD.205389.VV	8.107e-32	121	0	0	1	2561	Caudoviricetes	NA	NA	PF05136;TIGR01539;COG5511;K09961	phage portal protein, lambda family
k127_154836_1	1	366	366	1	0.628	11	None	GENOMAD.054986.VV	6.264e-09	55	0	0	1	2561	Caudoviricetes	NA	NA	PF09293	T4 RNase H, C terminal
k127_40725_1	3	395	393	-1	0.611	11	None	GENOMAD.222396.VV	2.132e-06	48	0	0	1	2561	Caudoviricetes	NA	NA	PF05766;TIGR02646	Bacteriophage Lambda NinG protein
k127_213170_1	3	581	579	1	0.696	11	None	GENOMAD.053137.VV	1.496e-29	118	0	0	1	2561	Caudoviricetes	NA	NA	PF17482	Phage tail sheath C-terminal domain
k127_271268_1	3	464	462	1	0.628	11	None	GENOMAD.068048.VV	1.131e-14	73	0	0	1	2561	Caudoviricetes	NA	NA	PF20307;TIGR03600;K02314;COG0305	phage replicative helicase, DnaB family, HK022 subfamily
k127_214369_1	3	497	495	1	0.673	11	None	GENOMAD.053137.VV	7.01e-26	106	0	0	1	2561	Caudoviricetes	NA	NA	PF17482	Phage tail sheath C-terminal domain
k127_99897_1	1	390	390	-1	0.762	11	None	GENOMAD.182236.VP	9.405e-07	49	0	0	1	2561	Caudoviricetes	NA	NA	PF16724;COG4119;TIGR02705;K12152	T4-like virus Myoviridae tail sheath stabiliser
k127_214845_1	61	489	429	-1	0.671	11	None	GENOMAD.053137.VV	4.505e-30	117	0	0	1	2561	Caudoviricetes	NA	NA	PF17482	Phage tail sheath C-terminal domain
k127_501847_1	1	660	660	1	0.692	11	None	GENOMAD.193019.VV	1.437e-18	87	0	0	1	2561	Caudoviricetes	NA	NA	PF17541;COG3497;TIGR02243	Phage tail sheath protein FI
k127_157406_1	1	741	741	1	0.673	11	None	GENOMAD.068048.VV	1.325e-16	82	0	0	1	2561	Caudoviricetes	NA	NA	PF20307;TIGR03600;K02314;COG0305	phage replicative helicase, DnaB family, HK022 subfamily
k127_157406_2	741	848	108	1	0.769	11	None	NA	NA	NA	0	0	0	1	NA	NA	NA	NA	NA
k127_43331_1	3	485	483	1	0.619	11	None	GENOMAD.060259.VV	4.564e-07	51	0	0	1	2561	Caudoviricetes	NA	NA	PF20307;TIGR02236;COG0468;K04484	Divergent DnaB-like ATPase
k127_560616_1	2	346	345	1	0.609	11	None	GENOMAD.054986.VV	1.087e-08	54	0	0	1	2561	Caudoviricetes	NA	NA	PF09293	T4 RNase H, C terminal
k127_157936_1	2	544	543	1	0.724	11	None	GENOMAD.169508.VP	1.525e-08	56	0	0	1	2561	Caudoviricetes	NA	NA	PF04708;PF13262;COG1961;K14060	Site-specific DNA recombinase related to the DNA invertase Pin
k127_216545_1	3	521	519	-1	0.686	11	None	GENOMAD.068590.VV	2.377e-12	67	0	0	1	2561	Caudoviricetes	NA	NA	PF13871;PF11242;K11654;TIGR00721	C-terminal domain on Strawberry notch homologue
k127_446598_1	2	412	411	-1	0.440	11	GGA/GAG/AGG	GENOMAD.012458.VV	2.106e-09	57	0	0	1	2561	Caudoviricetes	NA	NA	PF13514;PF06841;TIGR03185;K19171;COG1195	DNA sulfur modification protein DndD
k127_446598_2	409	996	588	-1	0.444	11	None	NA	NA	NA	0	0	0	1	NA	NA	NA	NA	NA
k127_503978_1	3	320	318	-1	0.604	11	None	GENOMAD.113239.VV	4.25e-07	49	0	0	1	2561	Caudoviricetes	NA	NA	PF16677	DNA-packaging protein gp3
k127_389846_1	1	255	255	-1	0.686	11	3Base/5BMM	GENOMAD.039919.VV	4.203e-07	48	0	0	1	2561	Caudoviricetes	NA	NA	COG3497	Phage tail sheath protein FI
k127_389846_2	286	441	156	-1	0.622	11	None	NA	NA	NA	0	0	0	1	NA	NA	NA	NA	NA
k127_333256_1	1	348	348	-1	0.753	11	None	GENOMAD.024487.VV	6.521e-06	46	0	0	1	2561	Caudoviricetes	NA	NA	PF09293;K18950;TIGR00593;COG0258	T4 RNase H, C terminal
k127_562763_1	1	414	414	-1	0.703	11	None	GENOMAD.118632.VP	1.188e-06	49	0	0	1	2561	Caudoviricetes	NA	NA	PF00476;PF07141	DNA polymerase family A; Putative bacteriophage terminase small subunit
k127_390362_1	3	839	837	-1	0.729	11	AGGAG	GENOMAD.071900.VV	3.305e-89	295	0	0	1	2561	Caudoviricetes	NA	NA	PF13479;TIGR01618;COG2087;K04484	phage nucleotide-binding protein
k127_563291_1	1	645	645	1	0.685	11	None	GENOMAD.060259.VV	3.014e-08	56	0	0	1	2561	Caudoviricetes	NA	NA	PF20307;TIGR02236;COG0468;K04484	Divergent DnaB-like ATPase
k127_334351_1	3	308	306	-1	0.618	11	None	GENOMAD.049806.VV	2.956e-17	78	0	0	1	2561	Caudoviricetes	NA	NA	PF13479;TIGR01618;COG0468;K04484	phage nucleotide-binding protein
k127_46643_1	2	367	366	-1	0.719	11	None	GENOMAD.224435.VP	3.069e-08	53	0	0	1	2561	Caudoviricetes	NA	NA	PF04965;K06903;COG3628;TIGR03357	Baseplate wedge protein gp25
k127_506368_1	3	593	591	1	0.729	11	None	GENOMAD.013210.VV	1.282e-22	98	0	0	1	2561	Caudoviricetes	NA	NA	PF00211;PF08994;PF08993;COG2114	Adenylate and Guanylate cyclase catalytic domain; T4 gene Gp59 loader of gp41 DNA helicase C-term; T4 gene Gp59 loader of gp41 DNA helicase
k127_277012_1	1	1611	1611	1	0.683	11	None	NA	NA	NA	0	0	0	1	NA	NA	NA	NA	NA
k127_277012_2	1608	1775	168	1	0.679	11	GGAG/GAGG	NA	NA	NA	0	0	0	1	NA	NA	NA	NA	NA
k127_277012_3	1772	2476	705	1	0.708	11	AGGAG	NA	NA	NA	0	0	0	1	NA	NA	NA	NA	NA
k127_277012_4	2473	3342	870	1	0.697	11	3Base/5BMM	GENOMAD.078770.VV	1.278e-05	49	0	0	0	2561	Caudoviricetes	NA	NA	PF06508;TIGR02055;COG2102	thioredoxin-dependent adenylylsulfate APS reductase
k127_277012_5	3344	3550	207	1	0.667	11	AGGAG/GGAGG	NA	NA	NA	0	0	0	1	NA	NA	NA	NA	NA
k127_564442_1	1	318	318	1	0.635	11	None	GENOMAD.042498.VV	9.444e-07	48	0	0	1	2561	Caudoviricetes	NA	NA	PF09293	T4 RNase H, C terminal
k127_336312_1	3	656	654	1	0.754	11	None	GENOMAD.013210.VV	3.365e-11	65	0	0	1	2561	Caudoviricetes	NA	NA	PF00211;PF08994;PF08993;COG2114	Adenylate and Guanylate cyclase catalytic domain; T4 gene Gp59 loader of gp41 DNA helicase C-term; T4 gene Gp59 loader of gp41 DNA helicase
k127_278291_1	1	462	462	1	0.641	11	None	GENOMAD.068048.VV	2.953e-12	66	0	0	1	2561	Caudoviricetes	NA	NA	PF20307;TIGR03600;K02314;COG0305	phage replicative helicase, DnaB family, HK022 subfamily
k127_162638_1	1	477	477	-1	0.679	11	None	GENOMAD.060259.VV	1.926e-08	55	0	0	1	2561	Caudoviricetes	NA	NA	PF20307;TIGR02236;COG0468;K04484	Divergent DnaB-like ATPase
k127_48607_1	3	533	531	1	0.670	11	None	GENOMAD.032636.VV	6.043e-11	63	0	0	1	2561	Caudoviricetes	NA	NA	PF20307;PF07486;TIGR02239;COG0468;K18947	Divergent DnaB-like ATPase; Cell Wall Hydrolase
k127_278498_1	109	318	210	-1	0.486	11	None	GENOMAD.172137.VP	1.15e-12	63	0	0	1	2561	Caudoviricetes	NA	NA	PF07141;COG3728;TIGR02036	Putative bacteriophage terminase small subunit
k127_565877_1	52	408	357	-1	0.641	11	None	GENOMAD.068048.VV	2.25e-10	59	0	0	1	2561	Caudoviricetes	NA	NA	PF20307;TIGR03600;K02314;COG0305	phage replicative helicase, DnaB family, HK022 subfamily
k127_163241_1	3	305	303	1	0.587	11	None	GENOMAD.176832.VV	7.773e-15	71	0	0	1	2561	Caudoviricetes	NA	NA	PF03592;K07474;COG3728	Phage terminase, small subunit
k127_163301_1	106	561	456	1	0.640	11	AGGAG	GENOMAD.063098.VV	1.621e-07	52	0	0	1	2561	Caudoviricetes	NA	NA	PF11126	Transcriptional regulator DsbA
k127_163380_1	3	239	237	1	0.688	11	None	GENOMAD.101992.VV	1.568e-06	46	0	0	1	2561	Caudoviricetes	NA	NA	PF20387	NA
k127_163380_2	248	352	105	1	0.714	11	GGAG/GAGG	NA	NA	NA	0	0	0	1	NA	NA	NA	NA	NA
k127_49330_1	3	353	351	-1	0.658	11	None	GENOMAD.054986.VV	2.587e-08	53	0	0	1	2561	Caudoviricetes	NA	NA	PF09293	T4 RNase H, C terminal
k127_452078_1	3	374	372	1	0.677	11	None	GENOMAD.068048.VV	1.789e-15	74	0	0	1	2561	Caudoviricetes	NA	NA	PF20307;TIGR03600;K02314;COG0305	phage replicative helicase, DnaB family, HK022 subfamily
k127_222270_1	120	347	228	1	0.724	11	None	GENOMAD.062910.VV	3.635e-05	42	0	0	1	2561	Caudoviricetes	NA	NA	PF11242;TIGR02844;K06283;COG4584	sporulation transcriptional regulator SpoIIID
k127_509133_1	3	629	627	1	0.692	11	None	GENOMAD.060259.VV	2.53e-06	50	0	0	1	2561	Caudoviricetes	NA	NA	PF20307;TIGR02236;COG0468;K04484	Divergent DnaB-like ATPase
k127_567629_1	59	421	363	-1	0.700	11	None	GENOMAD.068048.VV	2.812e-17	79	0	0	1	2561	Caudoviricetes	NA	NA	PF20307;TIGR03600;K02314;COG0305	phage replicative helicase, DnaB family, HK022 subfamily
k127_338687_1	1	432	432	1	0.657	11	None	GENOMAD.026355.VV	6.49e-18	82	0	0	1	2561	Caudoviricetes	NA	NA	PF20307;TIGR02238	Divergent DnaB-like ATPase
k127_568596_1	1	312	312	-1	0.631	11	None	GENOMAD.068048.VV	3.956e-15	72	0	0	1	2561	Caudoviricetes	NA	NA	PF20307;TIGR03600;K02314;COG0305	phage replicative helicase, DnaB family, HK022 subfamily
k127_109488_1	2	430	429	-1	0.678	11	GGA/GAG/AGG	GENOMAD.068048.VV	3.621e-15	74	0	0	1	2561	Caudoviricetes	NA	NA	PF20307;TIGR03600;K02314;COG0305	phage replicative helicase, DnaB family, HK022 subfamily
k127_52356_1	112	501	390	-1	0.633	11	None	GENOMAD.068048.VV	1.165e-13	69	0	0	1	2561	Caudoviricetes	NA	NA	PF20307;TIGR03600;K02314;COG0305	phage replicative helicase, DnaB family, HK022 subfamily
k127_511823_1	2	778	777	-1	0.680	11	None	GENOMAD.068048.VV	1.759e-16	82	0	0	1	2561	Caudoviricetes	NA	NA	PF20307;TIGR03600;K02314;COG0305	phage replicative helicase, DnaB family, HK022 subfamily
k127_511841_1	3	722	720	1	0.660	11	None	GENOMAD.068048.VV	5.122e-18	86	0	0	1	2561	Caudoviricetes	NA	NA	PF20307;TIGR03600;K02314;COG0305	phage replicative helicase, DnaB family, HK022 subfamily
k127_569718_1	3	482	480	-1	0.415	11	None	GENOMAD.132083.VV	2.137e-05	46	0	0	1	1	NA	NA	NA	PF05579;TIGR02038;K04772;COG0265	Equine arteritis virus serine endopeptidase S32
k127_455165_1	1	417	417	1	0.693	11	None	GENOMAD.054986.VV	1.157e-07	52	0	0	1	2561	Caudoviricetes	NA	NA	PF09293	T4 RNase H, C terminal
k127_570065_1	1	303	303	1	0.690	11	None	GENOMAD.208864.VP	1.234e-25	102	0	0	1	2561	Caudoviricetes	NA	NA	PF19307;TIGR01554;COG4653	Phage capsid-like protein
k127_341404_1	3	329	327	1	0.615	11	None	GENOMAD.068048.VV	5.706e-13	66	0	0	1	2561	Caudoviricetes	NA	NA	PF20307;TIGR03600;K02314;COG0305	phage replicative helicase, DnaB family, HK022 subfamily
k127_341448_1	2	247	246	-1	0.626	11	GGxGG	GENOMAD.208864.VP	4.1e-28	108	0	0	1	2561	Caudoviricetes	NA	NA	PF19307;TIGR01554;COG4653	Phage capsid-like protein
k127_456551_1	1	402	402	-1	0.629	11	None	GENOMAD.068048.VV	7.432e-12	64	0	0	1	2561	Caudoviricetes	NA	NA	PF20307;TIGR03600;K02314;COG0305	phage replicative helicase, DnaB family, HK022 subfamily
k127_168361_1	1	345	345	-1	0.684	11	None	GENOMAD.073447.VV	1.186e-07	51	0	0	1	2561	Caudoviricetes	NA	NA	PF00580;TIGR04095;COG4373	UvrD/REP helicase N-terminal domain
k127_112336_1	1	597	597	1	0.760	11	None	GENOMAD.035019.VV	7.029e-21	93	0	0	1	2561	Caudoviricetes	NA	NA	PF03354;COG4626;TIGR01547	Phage terminase-like protein, large subunit, contains N-terminal HTH domain
k127_514274_1	2	1594	1593	-1	0.645	11	None	GENOMAD.051820.VV	0.0003031	46	0	0	1	7033	Permutotetraviridae	NA	NA	PF04197;PF20488	Birnavirus RNA dependent RNA polymerase (VP1), palm domain; Birnavirus RNA dependent RNA polymerase (VP1), thumb domain
k127_343354_1	3	542	540	1	0.706	11	None	GENOMAD.118632.VP	1.49e-08	56	0	0	1	2561	Caudoviricetes	NA	NA	PF00476;PF07141	DNA polymerase family A; Putative bacteriophage terminase small subunit
k127_169569_1	3	323	321	1	0.607	11	None	GENOMAD.102149.VV	2.173e-06	47	0	0	1	1	NA	NA	NA	PF11985	Bacteriophage Mu, Gp27
k127_56019_1	3	323	321	1	0.698	11	None	GENOMAD.104494.VV	5.263e-05	43	0	0	1	1	NA	NA	NA	PF06892;TIGR02612;K07729;COG3620	Phage regulatory protein CII (CP76)
k127_400676_1	111	434	324	1	0.645	11	AGGA	GENOMAD.005158.VV	4.993e-06	46	0	0	1	2561	Caudoviricetes	NA	NA	PF04586;PF13395;TIGR02646;K06904	TIGR02646 family protein
k127_573125_1	2	520	519	-1	0.640	11	AGGAG	GENOMAD.049806.VV	2.927e-31	122	0	0	1	2561	Caudoviricetes	NA	NA	PF13479;TIGR01618;COG0468;K04484	phage nucleotide-binding protein
k127_228870_1	3	356	354	1	0.698	11	None	GENOMAD.224435.VP	6.436e-07	49	0	0	1	2561	Caudoviricetes	NA	NA	PF04965;K06903;COG3628;TIGR03357	Baseplate wedge protein gp25
k127_344757_1	1	444	444	-1	0.678	11	AGGA	GENOMAD.152240.VV	6.825e-08	53	0	0	1	2561	Caudoviricetes	NA	NA	COG4675	Microcystin-dependent protein  (function unknown)
k127_344757_2	446	613	168	-1	0.643	11	None	NA	NA	NA	0	0	0	1	NA	NA	NA	NA	NA
k127_286819_1	3	335	333	1	0.754	11	None	GENOMAD.072479.VV	1.225e-05	45	0	0	1	1	NA	NA	NA	PF20198	Sm_like domain
k127_401745_1	1	324	324	1	0.725	11	None	GENOMAD.218988.VP	5.441e-05	43	0	0	1	1	NA	NA	NA	PF09293	T4 RNase H, C terminal
k127_287206_1	1	408	408	-1	0.642	11	None	GENOMAD.113056.VV	0.00027	42	0	0	1	2561	Caudoviricetes	NA	NA	PF09151;TIGR03655	NA
