gene	start	end	length	strand	gc_content	genetic_code	rbs_motif	marker	evalue	bitscore	uscg	plasmid_hallmark	virus_hallmark	taxid	taxname	annotation_conjscan	annotation_amr	annotation_accessions	annotation_description
k127_40455_1	1	654	654	1	0.674	11	None	GENOMAD.068048.VV	1.49e-14	75	0	0	1	2561	Caudoviricetes	NA	NA	PF20307;TIGR03600;K02314;COG0305	phage replicative helicase, DnaB family, HK022 subfamily
k127_40455_2	654	749	96	1	0.698	11	GGxGG	NA	NA	NA	0	0	0	1	NA	NA	NA	NA	NA
k127_780_1	1	459	459	1	0.621	11	None	GENOMAD.016854.VV	1.729e-06	49	0	0	1	9067	Straboviridae	NA	NA	PF11053;K21524;COG0420;TIGR00619	Terminase DNA packaging enzyme
k127_120347_1	2	535	534	1	0.665	11	None	GENOMAD.114919.VV	0.0006302	42	0	0	1	1	NA	NA	NA	PF11242;PF05551;COG4584;TIGR02844;K07499	Transposase
k127_120382_1	1	402	402	1	0.662	11	None	GENOMAD.068048.VV	6.307e-14	70	0	0	1	2561	Caudoviricetes	NA	NA	PF20307;TIGR03600;K02314;COG0305	phage replicative helicase, DnaB family, HK022 subfamily
k127_81009_1	1	456	456	-1	0.686	11	None	GENOMAD.068048.VV	2.956e-11	63	0	0	1	2561	Caudoviricetes	NA	NA	PF20307;TIGR03600;K02314;COG0305	phage replicative helicase, DnaB family, HK022 subfamily
k127_359226_1	3	926	924	-1	0.666	11	None	GENOMAD.205389.VV	5.203e-46	171	0	0	1	2561	Caudoviricetes	NA	NA	PF05136;TIGR01539;COG5511;K09961	phage portal protein, lambda family
k127_120991_1	1	309	309	-1	0.741	11	GGA/GAG/AGG	GENOMAD.089768.VV	5.598e-19	83	0	0	1	2561	Caudoviricetes	NA	NA	PF05396	Phage T7 capsid assembly protein
k127_120991_2	337	522	186	-1	0.747	11	None	GENOMAD.071371.VV	4.413e-11	58	0	0	0	2561	Caudoviricetes	NA	NA	NA	NA
k127_160959_1	3	584	582	1	0.345	11	None	GENOMAD.012458.VV	4.261e-11	64	0	0	1	2561	Caudoviricetes	NA	NA	PF13514;PF06841;TIGR03185;K19171;COG1195	DNA sulfur modification protein DndD
k127_42095_1	41	364	324	1	0.735	11	GGxGG	GENOMAD.021096.VV	0.0005902	40	0	0	1	1	NA	NA	NA	COG3772	Phage-related lysozyme (muramidase), GH24 family
k127_360548_1	2	592	591	1	0.330	11	None	NA	NA	NA	0	0	0	1	NA	NA	NA	NA	NA
k127_360548_2	594	947	354	-1	0.339	11	ATA	NA	NA	NA	0	0	0	1	NA	NA	NA	NA	NA
k127_360548_3	1002	1289	288	-1	0.333	11	None	NA	NA	NA	0	0	0	1	NA	NA	NA	NA	NA
k127_360548_4	1341	1769	429	-1	0.326	11	ATATA	NA	NA	NA	0	0	0	1	NA	NA	NA	NA	NA
k127_360548_5	1812	2000	189	1	0.339	11	TATA	NA	NA	NA	0	0	0	1	NA	NA	NA	NA	NA
k127_360548_6	2276	2617	342	-1	0.383	11	ATA	NA	NA	NA	0	0	0	1	NA	NA	NA	NA	NA
k127_360548_7	2813	3415	603	1	0.318	11	ATA	NA	NA	NA	0	0	0	1	NA	NA	NA	NA	NA
k127_360548_8	3459	3551	93	1	0.269	11	ATAT	NA	NA	NA	0	0	0	1	NA	NA	NA	NA	NA
k127_360548_9	3604	4128	525	-1	0.314	11	ATATA	NA	NA	NA	0	0	0	1	NA	NA	NA	NA	NA
k127_360548_10	4535	4738	204	1	0.299	11	ATATA	NA	NA	NA	0	0	0	1	NA	NA	NA	NA	NA
k127_360548_11	5753	6094	342	1	0.339	11	None	GENOMAD.219449.VC	4.985e-08	52	0	0	0	1	NA	NA	NA	PF18689	Primase X
k127_360548_12	6949	7170	222	1	0.333	11	TATA	NA	NA	NA	0	0	0	1	NA	NA	NA	NA	NA
k127_122193_1	1	354	354	-1	0.749	11	None	GENOMAD.162066.VP	0.0001647	42	0	0	1	2561	Caudoviricetes	NA	NA	PF04717;COG4540;TIGR01644	Phage P2 baseplate assembly protein gpV
k127_122241_1	1	1233	1233	1	0.685	11	None	GENOMAD.013210.VV	6.666e-16	83	0	0	1	2561	Caudoviricetes	NA	NA	PF00211;PF08994;PF08993;COG2114	Adenylate and Guanylate cyclase catalytic domain; T4 gene Gp59 loader of gp41 DNA helicase C-term; T4 gene Gp59 loader of gp41 DNA helicase
k127_122603_1	3	797	795	1	0.692	11	None	GENOMAD.060259.VV	1.51e-09	61	0	0	1	2561	Caudoviricetes	NA	NA	PF20307;TIGR02236;COG0468;K04484	Divergent DnaB-like ATPase
k127_321607_1	3	593	591	1	0.739	11	None	GENOMAD.152328.VP	9.72e-07	51	0	0	1	2561	Caudoviricetes	NA	NA	PF06941;COG4502;K05967;TIGR02243	5'(3')-deoxyribonucleotidase
k127_281879_1	3	128	126	1	0.468	11	None	NA	NA	NA	0	0	0	1	NA	NA	NA	NA	NA
k127_281879_2	132	473	342	1	0.696	11	GGA/GAG/AGG	GENOMAD.194288.VP	6.11e-06	46	0	0	1	2561	Caudoviricetes	NA	NA	PF11242;TIGR02844;COG2826	sporulation transcriptional regulator SpoIIID
k127_43717_1	2	193	192	1	0.693	11	None	NA	NA	NA	0	0	0	1	NA	NA	NA	NA	NA
k127_43717_2	194	406	213	-1	0.671	11	None	GENOMAD.183790.VP	6.292e-05	41	0	0	1	2561	Caudoviricetes	NA	NA	PF14354;TIGR03655;COG3478	restriction alleviation protein, Lar family
k127_3907_1	2	598	597	1	0.752	11	None	GENOMAD.013210.VV	1.007e-06	51	0	0	1	2561	Caudoviricetes	NA	NA	PF00211;PF08994;PF08993;COG2114	Adenylate and Guanylate cyclase catalytic domain; T4 gene Gp59 loader of gp41 DNA helicase C-term; T4 gene Gp59 loader of gp41 DNA helicase
k127_322700_1	3	302	300	-1	0.617	11	None	GENOMAD.138398.VP	1.095e-18	82	0	0	1	2561	Caudoviricetes	NA	NA	PF04466;TIGR01547;COG1783	phage terminase, large subunit, PBSX family
k127_322901_1	1	639	639	1	0.703	11	None	GENOMAD.095876.VV	1.186e-05	48	0	0	1	2561	Caudoviricetes	NA	NA	PF20307;K18947;TIGR02236	Divergent DnaB-like ATPase
k127_322901_2	608	910	303	1	0.762	11	GGA/GAG/AGG	NA	NA	NA	0	0	0	1	NA	NA	NA	NA	NA
k127_124276_1	3	704	702	-1	0.717	11	None	GENOMAD.013210.VV	2.194e-15	78	0	0	1	2561	Caudoviricetes	NA	NA	PF00211;PF08994;PF08993;COG2114	Adenylate and Guanylate cyclase catalytic domain; T4 gene Gp59 loader of gp41 DNA helicase C-term; T4 gene Gp59 loader of gp41 DNA helicase
k127_323489_1	1	531	531	-1	0.710	11	None	GENOMAD.060259.VV	0.0002956	43	0	0	1	2561	Caudoviricetes	NA	NA	PF20307;TIGR02236;COG0468;K04484	Divergent DnaB-like ATPase
k127_283743_1	3	269	267	1	0.670	11	None	NA	NA	NA	0	0	0	1	NA	NA	NA	NA	NA
k127_283743_2	348	1232	885	1	0.607	11	None	GENOMAD.081096.VV	9.272e-54	193	0	0	1	2561	Caudoviricetes	NA	NA	PF11651;TIGR04387;COG4653	P22 coat protein - gene protein 5
k127_204659_1	2	727	726	1	0.696	11	None	GENOMAD.169508.VP	4.589e-08	56	0	0	1	2561	Caudoviricetes	NA	NA	PF04708;PF13262;COG1961;K14060	Site-specific DNA recombinase related to the DNA invertase Pin
k127_204841_1	3	614	612	-1	0.381	11	None	GENOMAD.160446.VP	2.336e-06	50	0	0	1	2561	Caudoviricetes	NA	NA	PF16790	Bacteriophage clamp loader A subunit
k127_124997_1	2	619	618	1	0.727	11	None	GENOMAD.155663.VV	0.0004556	43	0	0	1	3365	Caliciviridae	NA	NA	PF05416	Southampton virus-type processing peptidase
k127_284708_1	2	322	321	1	0.676	11	None	GENOMAD.064539.VV	9.786e-07	48	0	0	1	8973	Herpesviridae	NA	NA	PF14531;K19455;COG2112;TIGR03724	Kinase-like
k127_285149_1	1	177	177	-1	0.610	11	GGA/GAG/AGG	NA	NA	NA	0	0	0	1	NA	NA	NA	NA	NA
k127_285149_2	190	522	333	-1	0.598	11	GGA/GAG/AGG	NA	NA	NA	0	0	0	1	NA	NA	NA	NA	NA
k127_285149_3	527	1024	498	-1	0.663	11	None	NA	NA	NA	0	0	0	1	NA	NA	NA	NA	NA
k127_285149_4	1029	1133	105	-1	0.590	11	GGA/GAG/AGG	NA	NA	NA	0	0	0	1	NA	NA	NA	NA	NA
k127_285149_5	1133	2191	1059	-1	0.651	11	GGAG/GAGG	GENOMAD.021660.VV	1.467e-08	59	0	0	0	2561	Caudoviricetes	NA	NA	COG3179;K18950	Predicted chitinase
k127_285149_6	2462	2989	528	-1	0.657	11	GGA/GAG/AGG	NA	NA	NA	0	0	0	1	NA	NA	NA	NA	NA
k127_285149_7	3086	3673	588	-1	0.631	11	None	NA	NA	NA	0	0	0	1	NA	NA	NA	NA	NA
k127_285149_8	3796	4236	441	-1	0.687	11	GGAG/GAGG	NA	NA	NA	0	0	0	1	NA	NA	NA	NA	NA
k127_285149_9	4372	4647	276	-1	0.674	11	None	NA	NA	NA	0	0	0	1	NA	NA	NA	NA	NA
k127_285149_10	4677	4913	237	-1	0.616	11	GGAG/GAGG	NA	NA	NA	0	0	0	1	NA	NA	NA	NA	NA
k127_285149_11	4882	5124	243	-1	0.601	11	None	NA	NA	NA	0	0	0	1	NA	NA	NA	NA	NA
k127_46979_1	1	408	408	-1	0.654	11	None	GENOMAD.053137.VV	4.013e-20	88	0	0	1	2561	Caudoviricetes	NA	NA	PF17482	Phage tail sheath C-terminal domain
k127_326468_1	1	438	438	-1	0.705	11	None	GENOMAD.142194.VP	2.781e-09	57	0	0	1	1	NA	NA	NA	PF03354;COG4626;TIGR01547	Phage terminase-like protein, large subunit, contains N-terminal HTH domain
k127_366098_1	1	342	342	1	0.564	11	None	GENOMAD.099865.VV	4.021e-19	84	0	0	1	2561	Caudoviricetes	NA	NA	PF04466;PF17289;TIGR01547;COG5323;K06909	phage terminase, large subunit, PBSX family
k127_87877_1	1	486	486	1	0.667	11	None	GENOMAD.023991.VV	4.377e-09	57	0	0	1	2561	Caudoviricetes	NA	NA	COG5410	Mu-like prophage FluMu protein gp28
k127_247440_1	3	458	456	-1	0.763	11	None	GENOMAD.068590.VV	3.925e-18	83	0	0	1	2561	Caudoviricetes	NA	NA	PF13871;PF11242;K11654;TIGR00721	C-terminal domain on Strawberry notch homologue
k127_167915_1	98	652	555	1	0.751	11	None	GENOMAD.062910.VV	0.0007162	42	0	0	1	2561	Caudoviricetes	NA	NA	PF11242;TIGR02844;K06283;COG4584	sporulation transcriptional regulator SpoIIID
k127_127713_1	3	320	318	-1	0.638	11	None	GENOMAD.031720.VV	2.098e-06	47	0	0	1	2561	Caudoviricetes	NA	NA	K21531	NA
k127_127771_1	3	659	657	1	0.735	11	None	GENOMAD.169508.VP	6.867e-08	55	0	0	1	2561	Caudoviricetes	NA	NA	PF04708;PF13262;COG1961;K14060	Site-specific DNA recombinase related to the DNA invertase Pin
k127_207830_1	66	551	486	-1	0.634	11	AGGAG	GENOMAD.082189.VV	4.626e-20	89	0	0	1	2561	Caudoviricetes	NA	NA	PF00959;COG3772	Phage-related lysozyme (muramidase), GH24 family
k127_287540_1	2	730	729	-1	0.661	11	None	GENOMAD.068048.VV	5.746e-14	74	0	0	1	2561	Caudoviricetes	NA	NA	PF20307;TIGR03600;K02314;COG0305	phage replicative helicase, DnaB family, HK022 subfamily
k127_287620_1	2	337	336	1	0.688	11	None	GENOMAD.068048.VV	1.065e-15	74	0	0	1	2561	Caudoviricetes	NA	NA	PF20307;TIGR03600;K02314;COG0305	phage replicative helicase, DnaB family, HK022 subfamily
k127_287620_2	334	666	333	1	0.742	11	None	NA	NA	NA	0	0	0	1	NA	NA	NA	NA	NA
k127_287885_1	1	657	657	1	0.773	11	None	GENOMAD.057710.VV	5.786e-05	46	0	0	1	2561	Caudoviricetes	NA	NA	PF00589;PF04860;K07358;TIGR01537	Phage integrase family; Phage portal protein
k127_248480_1	108	344	237	-1	0.713	11	None	GENOMAD.071187.VV	2.778e-08	51	0	0	1	1	NA	NA	NA	PF00863;TIGR02038;COG0265	periplasmic serine pepetdase DegS
k127_168755_1	1	465	465	-1	0.688	11	None	GENOMAD.013210.VV	6.417e-23	97	0	0	1	2561	Caudoviricetes	NA	NA	PF00211;PF08994;PF08993;COG2114	Adenylate and Guanylate cyclase catalytic domain; T4 gene Gp59 loader of gp41 DNA helicase C-term; T4 gene Gp59 loader of gp41 DNA helicase
k127_128795_1	2	334	333	1	0.652	11	None	GENOMAD.068048.VV	8.575e-10	57	0	0	1	2561	Caudoviricetes	NA	NA	PF20307;TIGR03600;K02314;COG0305	phage replicative helicase, DnaB family, HK022 subfamily
k127_128802_1	1	522	522	1	0.655	11	None	GENOMAD.068048.VV	1.259e-09	59	0	0	1	2561	Caudoviricetes	NA	NA	PF20307;TIGR03600;K02314;COG0305	phage replicative helicase, DnaB family, HK022 subfamily
k127_49977_1	3	2054	2052	-1	0.603	11	None	GENOMAD.129229.VP	8.289e-22	104	0	0	1	2561	Caudoviricetes	NA	NA	COG5280	Phage-related minor tail protein
k127_49977_2	2334	2711	378	-1	0.569	11	None	NA	NA	NA	0	0	0	1	NA	NA	NA	NA	NA
k127_49977_3	2732	3139	408	-1	0.679	11	None	GENOMAD.124435.VP	2.277e-17	80	0	0	1	2561	Caudoviricetes	NA	NA	PF05069;TIGR01725;COG5005	phage protein, HK97 gp10 family
k127_49977_4	3143	3547	405	-1	0.630	11	None	NA	NA	NA	0	0	0	1	NA	NA	NA	NA	NA
k127_367703_1	2	427	426	1	0.692	11	None	GENOMAD.068048.VV	8.374e-14	70	0	0	1	2561	Caudoviricetes	NA	NA	PF20307;TIGR03600;K02314;COG0305	phage replicative helicase, DnaB family, HK022 subfamily
k127_128875_1	3	80	78	-1	0.756	11	GGxGG	NA	NA	NA	0	0	0	1	NA	NA	NA	NA	NA
k127_128875_2	80	376	297	-1	0.653	11	None	GENOMAD.068048.VV	1.526e-14	70	0	0	1	2561	Caudoviricetes	NA	NA	PF20307;TIGR03600;K02314;COG0305	phage replicative helicase, DnaB family, HK022 subfamily
k127_367850_1	2	106	105	-1	0.267	11	TAA	NA	NA	NA	0	0	0	1	NA	NA	NA	NA	NA
k127_367850_2	457	654	198	-1	0.419	11	TAA	NA	NA	NA	0	0	0	1	NA	NA	NA	NA	NA
k127_367850_3	790	1185	396	-1	0.424	11	None	GENOMAD.053137.VV	5.523e-23	96	0	0	1	2561	Caudoviricetes	NA	NA	PF17482	Phage tail sheath C-terminal domain
k127_89358_1	3	425	423	1	0.681	11	None	GENOMAD.044447.VV	1.257e-06	49	0	0	1	2561	Caudoviricetes	NA	NA	PF04965;K21530;COG3628;TIGR03357	Phage baseplate assembly protein W
k127_89462_1	2	631	630	1	0.722	11	None	GENOMAD.013210.VV	1.303e-12	69	0	0	1	2561	Caudoviricetes	NA	NA	PF00211;PF08994;PF08993;COG2114	Adenylate and Guanylate cyclase catalytic domain; T4 gene Gp59 loader of gp41 DNA helicase C-term; T4 gene Gp59 loader of gp41 DNA helicase
k127_50299_1	3	80	78	-1	0.705	11	AGGAG	NA	NA	NA	0	0	0	1	NA	NA	NA	NA	NA
k127_50299_2	93	530	438	-1	0.726	11	None	GENOMAD.053137.VV	2.148e-22	95	0	0	1	2561	Caudoviricetes	NA	NA	PF17482	Phage tail sheath C-terminal domain
k127_10802_1	1	201	201	1	0.512	11	None	GENOMAD.089084.VV	1.262e-10	57	0	0	1	2561	Caudoviricetes	NA	NA	PF05367;K21525	Phage endonuclease I
k127_209756_1	1	342	342	1	0.719	11	None	GENOMAD.205389.VV	2.689e-31	119	0	0	1	2561	Caudoviricetes	NA	NA	PF05136;TIGR01539;COG5511;K09961	phage portal protein, lambda family
k127_51469_1	2	565	564	1	0.700	11	None	GENOMAD.060259.VV	8.073e-06	48	0	0	1	2561	Caudoviricetes	NA	NA	PF20307;TIGR02236;COG0468;K04484	Divergent DnaB-like ATPase
k127_11568_1	3	371	369	1	0.596	11	None	GENOMAD.053137.VV	9.317e-22	92	0	0	1	2561	Caudoviricetes	NA	NA	PF17482	Phage tail sheath C-terminal domain
k127_250600_1	1	816	816	1	0.632	11	None	GENOMAD.108459.VV	7.508e-32	128	0	0	1	2561	Caudoviricetes	NA	NA	PF09343;PF05939;COG5448;TIGR02217	TIGR02217 family protein
k127_250600_2	1091	1267	177	1	0.571	11	GGAG/GAGG	NA	NA	NA	0	0	0	1	NA	NA	NA	NA	NA
k127_91283_1	1	702	702	1	0.715	11	None	GENOMAD.068590.VV	4.756e-33	130	0	0	1	2561	Caudoviricetes	NA	NA	PF13871;PF11242;K11654;TIGR00721	C-terminal domain on Strawberry notch homologue
k127_251456_1	2	583	582	-1	0.670	11	None	GENOMAD.060259.VV	9.234e-11	63	0	0	1	2561	Caudoviricetes	NA	NA	PF20307;TIGR02236;COG0468;K04484	Divergent DnaB-like ATPase
k127_171786_1	1	411	411	1	0.730	11	None	GENOMAD.068590.VV	1.427e-23	98	0	0	1	2561	Caudoviricetes	NA	NA	PF13871;PF11242;K11654;TIGR00721	C-terminal domain on Strawberry notch homologue
k127_370876_1	2	814	813	-1	0.337	11	ATA	NA	NA	NA	0	0	0	1	NA	NA	NA	NA	NA
k127_370876_2	875	1978	1104	-1	0.386	11	TATA	NA	NA	NA	0	0	0	1	NA	NA	NA	NA	NA
k127_370876_3	2090	2194	105	1	0.333	11	TAT	NA	NA	NA	0	0	0	1	NA	NA	NA	NA	NA
k127_370876_4	2250	3644	1395	-1	0.377	11	None	NA	NA	NA	0	0	0	1	NA	NA	NA	NA	NA
k127_332321_1	3	68	66	-1	0.576	11	None	NA	NA	NA	0	0	0	1	NA	NA	NA	NA	NA
k127_332321_2	142	348	207	1	0.667	11	None	GENOMAD.062910.VV	2.679e-05	42	0	0	1	2561	Caudoviricetes	NA	NA	PF11242;TIGR02844;K06283;COG4584	sporulation transcriptional regulator SpoIIID
k127_13905_1	2	337	336	-1	0.702	11	None	GENOMAD.013124.VV	1.165e-06	48	0	0	1	377	Drexlerviridae	NA	NA	PF13262;COG5410	NA
k127_253078_1	1	348	348	1	0.713	11	None	GENOMAD.196645.VV	5.077e-09	55	0	0	1	2561	Caudoviricetes	NA	NA	PF17289;COG5362;TIGR01630	Phage terminase large subunit
k127_173656_1	3	1505	1503	1	0.656	11	None	GENOMAD.169936.VP	1.07e-19	96	0	0	1	2561	Caudoviricetes	NA	NA	PF13550	Putative phage tail protein
k127_54481_1	1	204	204	-1	0.711	11	GGAG/GAGG	GENOMAD.120968.VV	8.889e-08	49	0	0	1	2561	Caudoviricetes	NA	NA	COG3497	Phage tail sheath protein FI
k127_54481_2	288	395	108	-1	0.722	11	None	NA	NA	NA	0	0	0	1	NA	NA	NA	NA	NA
k127_173827_1	1	315	315	-1	0.679	11	None	GENOMAD.129169.VV	0.0001091	42	0	0	1	2561	Caudoviricetes	NA	NA	COG4675	Microcystin-dependent protein  (function unknown)
k127_293081_1	1	501	501	1	0.643	11	None	GENOMAD.026355.VV	9.105e-13	68	0	0	1	2561	Caudoviricetes	NA	NA	PF20307;TIGR02238	Divergent DnaB-like ATPase
k127_93808_1	2	376	375	-1	0.691	11	None	GENOMAD.068048.VV	1.534e-08	54	0	0	1	2561	Caudoviricetes	NA	NA	PF20307;TIGR03600;K02314;COG0305	phage replicative helicase, DnaB family, HK022 subfamily
k127_293394_1	3	353	351	-1	0.729	11	None	GENOMAD.021278.VV	1.27e-07	51	0	0	1	2561	Caudoviricetes	NA	NA	PF03237;COG4373;TIGR01630	Mu-like prophage FluMu protein gp28
k127_213934_1	3	335	333	1	0.700	11	None	GENOMAD.068048.VV	1.906e-09	56	0	0	1	2561	Caudoviricetes	NA	NA	PF20307;TIGR03600;K02314;COG0305	phage replicative helicase, DnaB family, HK022 subfamily
k127_174560_1	9	488	480	-1	0.738	11	None	GENOMAD.168140.VC	2.09e-05	46	0	0	1	1	NA	NA	NA	PF00436;PF11242;TIGR00621;COG0629	Single-strand binding protein family
k127_373102_1	3	641	639	1	0.665	11	None	GENOMAD.068048.VV	1.351e-14	75	0	0	1	2561	Caudoviricetes	NA	NA	PF20307;TIGR03600;K02314;COG0305	phage replicative helicase, DnaB family, HK022 subfamily
k127_15405_1	1	1056	1056	1	0.746	11	None	GENOMAD.068590.VV	2.95e-53	194	0	0	1	2561	Caudoviricetes	NA	NA	PF13871;PF11242;K11654;TIGR00721	C-terminal domain on Strawberry notch homologue
k127_214374_1	1	252	252	1	0.750	11	None	GENOMAD.025419.VV	1.936e-06	46	0	0	1	2561	Caudoviricetes	NA	NA	PF16460;COG5437	Predicted secreted protein
k127_334368_1	3	434	432	-1	0.741	11	None	GENOMAD.195568.VP	3.067e-06	48	0	0	1	2561	Caudoviricetes	NA	NA	PF20025;PF01331;K18951;TIGR04120;COG1793	DNA ligase, ATP-dependent, PP_1105 family
k127_134894_1	2	520	519	1	0.676	11	None	GENOMAD.169508.VP	2.486e-11	64	0	0	1	2561	Caudoviricetes	NA	NA	PF04708;PF13262;COG1961;K14060	Site-specific DNA recombinase related to the DNA invertase Pin
k127_175899_1	84	452	369	-1	0.675	11	None	GENOMAD.068048.VV	1.506e-16	77	0	0	1	2561	Caudoviricetes	NA	NA	PF20307;TIGR03600;K02314;COG0305	phage replicative helicase, DnaB family, HK022 subfamily
k127_215329_1	3	419	417	1	0.528	11	None	GENOMAD.169508.VP	3.406e-14	71	0	0	1	2561	Caudoviricetes	NA	NA	PF04708;PF13262;COG1961;K14060	Site-specific DNA recombinase related to the DNA invertase Pin
k127_176322_1	2	73	72	-1	0.611	11	None	NA	NA	NA	0	0	0	1	NA	NA	NA	NA	NA
k127_176322_2	115	453	339	-1	0.658	11	None	GENOMAD.068048.VV	2.471e-15	73	0	0	1	2561	Caudoviricetes	NA	NA	PF20307;TIGR03600;K02314;COG0305	phage replicative helicase, DnaB family, HK022 subfamily
k127_96272_1	141	857	717	1	0.721	11	AGGAG	GENOMAD.071900.VV	5.892e-90	295	0	0	1	2561	Caudoviricetes	NA	NA	PF13479;TIGR01618;COG2087;K04484	phage nucleotide-binding protein
k127_176861_1	3	410	408	1	0.696	11	None	GENOMAD.060259.VV	1.122e-06	49	0	0	1	2561	Caudoviricetes	NA	NA	PF20307;TIGR02236;COG0468;K04484	Divergent DnaB-like ATPase
k127_177054_1	1	519	519	1	0.374	11	None	GENOMAD.071187.VV	2.809e-06	49	0	0	1	1	NA	NA	NA	PF00863;TIGR02038;COG0265	periplasmic serine pepetdase DegS
k127_97093_1	2	727	726	1	0.766	11	None	GENOMAD.057710.VV	3.565e-05	47	0	0	1	2561	Caudoviricetes	NA	NA	PF00589;PF04860;K07358;TIGR01537	Phage integrase family; Phage portal protein
k127_297392_1	1	348	348	1	0.655	11	None	GENOMAD.152240.VV	1.441e-05	45	0	0	1	2561	Caudoviricetes	NA	NA	COG4675	Microcystin-dependent protein  (function unknown)
k127_337600_1	3	392	390	1	0.623	11	None	GENOMAD.054986.VV	3.988e-08	53	0	0	1	2561	Caudoviricetes	NA	NA	PF09293	T4 RNase H, C terminal
k127_217944_1	49	459	411	1	0.655	11	None	GENOMAD.016854.VV	2.534e-06	48	0	0	1	9067	Straboviridae	NA	NA	PF11053;K21524;COG0420;TIGR00619	Terminase DNA packaging enzyme
k127_297674_1	1	468	468	-1	0.739	11	None	GENOMAD.068590.VV	1.001e-17	82	0	0	1	2561	Caudoviricetes	NA	NA	PF13871;PF11242;K11654;TIGR00721	C-terminal domain on Strawberry notch homologue
k127_137662_1	2	565	564	-1	0.762	11	None	GENOMAD.062910.VV	0.0001665	44	0	0	1	2561	Caudoviricetes	NA	NA	PF11242;TIGR02844;K06283;COG4584	sporulation transcriptional regulator SpoIIID
k127_217999_1	1	351	351	1	0.664	11	None	GENOMAD.222396.VV	1.488e-05	45	0	0	1	2561	Caudoviricetes	NA	NA	PF05766;TIGR02646	Bacteriophage Lambda NinG protein
k127_137824_1	1	441	441	-1	0.694	11	None	GENOMAD.053137.VV	1.944e-24	101	0	0	1	2561	Caudoviricetes	NA	NA	PF17482	Phage tail sheath C-terminal domain
k127_258643_1	2	394	393	1	0.692	11	None	GENOMAD.054986.VV	4.951e-05	44	0	0	1	2561	Caudoviricetes	NA	NA	PF09293	T4 RNase H, C terminal
k127_258794_1	1	870	870	1	0.684	11	None	GENOMAD.169508.VP	1.648e-07	55	0	0	1	2561	Caudoviricetes	NA	NA	PF04708;PF13262;COG1961;K14060	Site-specific DNA recombinase related to the DNA invertase Pin
k127_378000_1	2	439	438	-1	0.671	11	None	GENOMAD.042265.VV	1.537e-05	46	0	0	1	2561	Caudoviricetes	NA	NA	PF20307;TIGR02237;COG0468;K04485	Divergent DnaB-like ATPase
k127_20236_1	1	348	348	1	0.681	11	None	GENOMAD.068048.VV	6.207e-15	72	0	0	1	2561	Caudoviricetes	NA	NA	PF20307;TIGR03600;K02314;COG0305	phage replicative helicase, DnaB family, HK022 subfamily
k127_259561_1	3	422	420	1	0.633	11	None	GENOMAD.194288.VP	2.679e-06	48	0	0	1	2561	Caudoviricetes	NA	NA	PF11242;TIGR02844;COG2826	sporulation transcriptional regulator SpoIIID
k127_259561_2	364	876	513	1	0.604	11	None	GENOMAD.100194.VV	2.189e-24	102	0	0	1	2561	Caudoviricetes	NA	NA	PF04466;TIGR01547;COG5323	Phage terminase large subunit
k127_139156_1	3	350	348	1	0.664	11	None	GENOMAD.068048.VV	1.253e-15	74	0	0	1	2561	Caudoviricetes	NA	NA	PF20307;TIGR03600;K02314;COG0305	phage replicative helicase, DnaB family, HK022 subfamily
k127_378831_1	2	379	378	1	0.685	11	None	GENOMAD.208864.VP	8.388e-33	124	0	0	1	2561	Caudoviricetes	NA	NA	PF19307;TIGR01554;COG4653	Phage capsid-like protein
k127_299943_1	96	311	216	1	0.713	11	GGAG/GAGG	GENOMAD.218010.VP	3.336e-11	59	0	0	1	2561	Caudoviricetes	NA	NA	TIGR01558;COG3747	phage terminase, small subunit, putative, P27 family
k127_139961_1	1	330	330	1	0.730	11	None	GENOMAD.001748.VV	1.125e-22	94	0	0	1	2561	Caudoviricetes	NA	NA	PF20387	NA
k127_21893_1	2	736	735	-1	0.690	11	None	GENOMAD.060259.VV	9.326e-07	52	0	0	1	2561	Caudoviricetes	NA	NA	PF20307;TIGR02236;COG0468;K04484	Divergent DnaB-like ATPase
k127_22016_1	11	301	291	1	0.670	11	GGAGG	GENOMAD.208864.VP	2.741e-31	118	0	0	1	2561	Caudoviricetes	NA	NA	PF19307;TIGR01554;COG4653	Phage capsid-like protein
k127_62372_1	1	393	393	-1	0.662	11	None	GENOMAD.127066.VP	4.685e-06	47	0	0	1	2561	Caudoviricetes	NA	NA	PF03354;COG4626	Phage terminase-like protein, large subunit, contains N-terminal HTH domain
k127_301023_1	2	331	330	-1	0.661	11	None	GENOMAD.160552.VV	4.478e-08	52	0	0	1	2561	Caudoviricetes	NA	NA	PF09588;COG5377;TIGR03033	Phage-related protein, predicted endonuclease
k127_63904_1	2	361	360	-1	0.722	11	None	GENOMAD.061466.VV	7.405e-06	46	0	0	1	2561	Caudoviricetes	NA	NA	PF09293;TIGR00593;K23786;COG0258	DNA polymerase I
k127_263203_1	2	286	285	1	0.705	11	None	GENOMAD.004589.VV	1.493e-05	44	0	0	1	6064	Autographiviridae	NA	NA	PF05367;K21525	Phage endonuclease I
k127_263770_1	3	899	897	1	0.701	11	None	GENOMAD.060259.VV	9.659e-09	59	0	0	1	2561	Caudoviricetes	NA	NA	PF20307;TIGR02236;COG0468;K04484	Divergent DnaB-like ATPase
k127_264069_1	54	929	876	1	0.568	11	AGGAG/GGAGG	GENOMAD.025766.VV	1.298e-05	49	0	0	1	2561	Caudoviricetes	NA	NA	PF03354;COG4373;TIGR01547	Mu-like prophage FluMu protein gp28
k127_143612_1	100	552	453	-1	0.693	11	None	GENOMAD.208864.VP	1.108e-40	148	0	0	1	2561	Caudoviricetes	NA	NA	PF19307;TIGR01554;COG4653	Phage capsid-like protein
k127_224332_1	2	604	603	1	0.645	11	None	GENOMAD.013210.VV	3.693e-19	88	0	0	1	2561	Caudoviricetes	NA	NA	PF00211;PF08994;PF08993;COG2114	Adenylate and Guanylate cyclase catalytic domain; T4 gene Gp59 loader of gp41 DNA helicase C-term; T4 gene Gp59 loader of gp41 DNA helicase
k127_143744_1	51	392	342	-1	0.661	11	None	GENOMAD.068048.VV	1.275e-14	71	0	0	1	2561	Caudoviricetes	NA	NA	PF20307;TIGR03600;K02314;COG0305	phage replicative helicase, DnaB family, HK022 subfamily
k127_344245_1	1	309	309	1	0.683	11	None	GENOMAD.062910.VV	0.000102	42	0	0	1	2561	Caudoviricetes	NA	NA	PF11242;TIGR02844;K06283;COG4584	sporulation transcriptional regulator SpoIIID
k127_144085_1	43	1062	1020	-1	0.693	11	None	GENOMAD.014312.VV	4.778e-27	116	0	0	1	2561	Caudoviricetes	NA	NA	PF06152;TIGR01641;COG5585	phage putative head morphogenesis protein, SPP1 gp7 family
k127_144085_2	1066	2481	1416	-1	0.596	11	GGA/GAG/AGG	GENOMAD.120813.VC	2.573e-12	72	0	0	0	2561	Caudoviricetes	NA	NA	NA	NA
k127_144085_3	2503	2586	84	-1	0.571	11	None	NA	NA	NA	0	0	0	1	NA	NA	NA	NA	NA
k127_185888_1	1	678	678	-1	0.687	11	None	GENOMAD.060259.VV	8.578e-12	67	0	0	1	2561	Caudoviricetes	NA	NA	PF20307;TIGR02236;COG0468;K04484	Divergent DnaB-like ATPase
k127_66653_1	1	690	690	1	0.678	11	None	GENOMAD.108459.VV	1.842e-44	163	0	0	1	2561	Caudoviricetes	NA	NA	PF09343;PF05939;COG5448;TIGR02217	TIGR02217 family protein
k127_305586_1	15	326	312	1	0.654	11	None	GENOMAD.195656.VP	4.341e-06	46	0	0	1	9067	Straboviridae	NA	NA	PF19835;PF07453;TIGR01453;COG2827	group I intron endonuclease
k127_27052_1	1	414	414	-1	0.715	11	None	GENOMAD.044416.VV	2.605e-06	48	0	0	1	2561	Caudoviricetes	NA	NA	TIGR01537	NA
k127_67304_1	3	503	501	-1	0.762	11	None	GENOMAD.062910.VV	0.0002466	43	0	0	1	2561	Caudoviricetes	NA	NA	PF11242;TIGR02844;K06283;COG4584	sporulation transcriptional regulator SpoIIID
k127_105581_1	169	522	354	1	0.695	11	GGA/GAG/AGG	GENOMAD.062910.VV	0.0001647	42	0	0	1	2561	Caudoviricetes	NA	NA	PF11242;TIGR02844;K06283;COG4584	sporulation transcriptional regulator SpoIIID
k127_145418_1	2	193	192	-1	0.688	11	None	NA	NA	NA	0	0	0	1	NA	NA	NA	NA	NA
k127_145418_2	150	722	573	-1	0.656	11	None	GENOMAD.023316.VV	1.233e-19	89	0	0	1	2561	Caudoviricetes	NA	NA	PF03167;PF18906;TIGR00758;COG1573;K21929	uracil-DNA glycosylase, family 4
k127_346864_1	19	348	330	-1	0.652	11	None	GENOMAD.068048.VV	1.977e-16	76	0	0	1	2561	Caudoviricetes	NA	NA	PF20307;TIGR03600;K02314;COG0305	phage replicative helicase, DnaB family, HK022 subfamily
k127_347059_1	1	525	525	-1	0.695	11	None	GENOMAD.060259.VV	2.874e-08	55	0	0	1	2561	Caudoviricetes	NA	NA	PF20307;TIGR02236;COG0468;K04484	Divergent DnaB-like ATPase
k127_227579_1	1	1188	1188	-1	0.705	11	None	GENOMAD.113442.VP	9.658e-05	47	0	0	1	2561	Caudoviricetes	NA	NA	PF04865;COG3299	Baseplate J-like protein
k127_68949_1	1	297	297	1	0.677	11	None	GENOMAD.056982.VV	9.027e-20	85	0	0	1	1	NA	NA	NA	PF16459	Phage tail assembly chaperone, TAC
k127_147066_1	3	251	249	1	0.671	11	None	NA	NA	NA	0	0	0	1	NA	NA	NA	NA	NA
k127_147066_2	245	817	573	1	0.729	11	AGGAGG	GENOMAD.104311.VV	1.892e-07	53	0	0	1	1	NA	NA	NA	PF08273;TIGR01391;COG0358	Zinc-binding domain of primase-helicase
k127_69412_1	3	449	447	1	0.709	11	None	GENOMAD.068590.VV	9.142e-16	76	0	0	1	2561	Caudoviricetes	NA	NA	PF13871;PF11242;K11654;TIGR00721	C-terminal domain on Strawberry notch homologue
k127_268627_1	1	366	366	1	0.658	11	None	GENOMAD.107792.VV	2.1e-12	65	0	0	1	2561	Caudoviricetes	NA	NA	PF16724	T4-like virus Myoviridae tail sheath stabiliser
k127_386604_1	280	1311	1032	1	0.354	11	None	GENOMAD.013210.VV	1.465e-15	81	0	0	1	2561	Caudoviricetes	NA	NA	PF00211;PF08994;PF08993;COG2114	Adenylate and Guanylate cyclase catalytic domain; T4 gene Gp59 loader of gp41 DNA helicase C-term; T4 gene Gp59 loader of gp41 DNA helicase
k127_308361_1	1	372	372	1	0.707	11	None	GENOMAD.064381.VV	3.801e-06	47	0	0	1	2561	Caudoviricetes	NA	NA	PF04717;TIGR01644;COG4384	phage baseplate assembly protein V
k127_147648_1	2	76	75	-1	0.680	11	None	NA	NA	NA	0	0	0	1	NA	NA	NA	NA	NA
k127_147648_2	73	564	492	-1	0.697	11	None	GENOMAD.068048.VV	5.778e-18	83	0	0	1	2561	Caudoviricetes	NA	NA	PF20307;TIGR03600;K02314;COG0305	phage replicative helicase, DnaB family, HK022 subfamily
k127_189506_1	1	879	879	1	0.753	11	None	GENOMAD.013210.VV	6.109e-13	72	0	0	1	2561	Caudoviricetes	NA	NA	PF00211;PF08994;PF08993;COG2114	Adenylate and Guanylate cyclase catalytic domain; T4 gene Gp59 loader of gp41 DNA helicase C-term; T4 gene Gp59 loader of gp41 DNA helicase
k127_269852_1	1	336	336	-1	0.705	11	None	GENOMAD.060259.VV	4.394e-09	55	0	0	1	2561	Caudoviricetes	NA	NA	PF20307;TIGR02236;COG0468;K04484	Divergent DnaB-like ATPase
k127_309207_1	2	466	465	-1	0.690	11	None	GENOMAD.042265.VV	0.0001935	43	0	0	1	2561	Caudoviricetes	NA	NA	PF20307;TIGR02237;COG0468;K04485	Divergent DnaB-like ATPase
k127_348933_1	3	425	423	-1	0.643	11	None	GENOMAD.068048.VV	1.287e-17	81	0	0	1	2561	Caudoviricetes	NA	NA	PF20307;TIGR03600;K02314;COG0305	phage replicative helicase, DnaB family, HK022 subfamily
k127_70794_1	3	392	390	-1	0.682	11	None	GENOMAD.122996.VV	3.614e-27	108	0	0	1	2561	Caudoviricetes	NA	NA	PF17482	Phage tail sheath C-terminal domain
k127_270027_1	3	317	315	1	0.648	11	None	GENOMAD.070864.VV	7.526e-09	54	0	0	1	1	NA	NA	NA	PF18906	Phage tail tube protein
k127_349239_1	1	300	300	-1	0.727	11	AGGAG	GENOMAD.071900.VV	1.254e-40	145	0	0	1	2561	Caudoviricetes	NA	NA	PF13479;TIGR01618;COG2087;K04484	phage nucleotide-binding protein
k127_388036_1	1	372	372	1	0.712	11	None	GENOMAD.068048.VV	3.483e-16	76	0	0	1	2561	Caudoviricetes	NA	NA	PF20307;TIGR03600;K02314;COG0305	phage replicative helicase, DnaB family, HK022 subfamily
k127_190648_1	3	416	414	-1	0.684	11	None	GENOMAD.064539.VV	5.966e-05	44	0	0	1	8973	Herpesviridae	NA	NA	PF14531;K19455;COG2112;TIGR03724	Kinase-like
k127_71292_1	1	240	240	-1	0.629	11	None	GENOMAD.072479.VV	1.708e-06	46	0	0	1	1	NA	NA	NA	PF20198	Sm_like domain
k127_270619_1	3	338	336	1	0.693	11	None	GENOMAD.082189.VV	1.576e-11	62	0	0	1	2561	Caudoviricetes	NA	NA	PF00959;COG3772	Phage-related lysozyme (muramidase), GH24 family
k127_310031_1	3	407	405	1	0.667	11	None	GENOMAD.068048.VV	2.613e-15	74	0	0	1	2561	Caudoviricetes	NA	NA	PF20307;TIGR03600;K02314;COG0305	phage replicative helicase, DnaB family, HK022 subfamily
k127_310079_1	3	308	306	1	0.663	11	None	GENOMAD.053137.VV	2.167e-20	87	0	0	1	2561	Caudoviricetes	NA	NA	PF17482	Phage tail sheath C-terminal domain
k127_31686_1	1	447	447	-1	0.694	11	None	GENOMAD.205389.VV	2.852e-38	141	0	0	1	2561	Caudoviricetes	NA	NA	PF05136;TIGR01539;COG5511;K09961	phage portal protein, lambda family
k127_71852_1	1	312	312	1	0.734	11	None	GENOMAD.072479.VV	4.755e-05	43	0	0	1	1	NA	NA	NA	PF20198	Sm_like domain
k127_310581_1	2	574	573	-1	0.682	11	None	GENOMAD.169508.VP	3.74e-13	70	0	0	1	2561	Caudoviricetes	NA	NA	PF04708;PF13262;COG1961;K14060	Site-specific DNA recombinase related to the DNA invertase Pin
k127_310778_1	1	405	405	1	0.662	11	None	GENOMAD.068048.VV	2.951e-14	71	0	0	1	2561	Caudoviricetes	NA	NA	PF20307;TIGR03600;K02314;COG0305	phage replicative helicase, DnaB family, HK022 subfamily
k127_272187_1	1	309	309	-1	0.728	11	None	GENOMAD.071900.VV	2.954e-33	124	0	0	1	2561	Caudoviricetes	NA	NA	PF13479;TIGR01618;COG2087;K04484	phage nucleotide-binding protein
k127_192915_1	1	828	828	1	0.676	11	None	GENOMAD.068048.VV	1.159e-18	89	0	0	1	2561	Caudoviricetes	NA	NA	PF20307;TIGR03600;K02314;COG0305	phage replicative helicase, DnaB family, HK022 subfamily
k127_312702_1	2	484	483	1	0.727	11	None	GENOMAD.169508.VP	9.643e-08	53	0	0	1	2561	Caudoviricetes	NA	NA	PF04708;PF13262;COG1961;K14060	Site-specific DNA recombinase related to the DNA invertase Pin
k127_193922_1	3	581	579	-1	0.637	11	None	GENOMAD.013210.VV	1.384e-30	121	0	0	1	2561	Caudoviricetes	NA	NA	PF00211;PF08994;PF08993;COG2114	Adenylate and Guanylate cyclase catalytic domain; T4 gene Gp59 loader of gp41 DNA helicase C-term; T4 gene Gp59 loader of gp41 DNA helicase
k127_233506_1	94	834	741	1	0.749	11	None	GENOMAD.013210.VV	1.355e-16	82	0	0	1	2561	Caudoviricetes	NA	NA	PF00211;PF08994;PF08993;COG2114	Adenylate and Guanylate cyclase catalytic domain; T4 gene Gp59 loader of gp41 DNA helicase C-term; T4 gene Gp59 loader of gp41 DNA helicase
k127_391483_1	3	335	333	1	0.592	11	None	GENOMAD.114427.VV	0.0001327	42	0	0	1	1	NA	NA	NA	PF11242;TIGR00721;COG0856;K00204	DNA-binding protein, Tfx family
k127_313228_1	3	665	663	1	0.638	11	None	GENOMAD.162088.VV	5.083e-25	106	0	0	1	2561	Caudoviricetes	NA	NA	PF05136;TIGR01539;COG5511;K09961	phage portal protein, lambda family
k127_273892_1	1	942	942	1	0.670	11	None	GENOMAD.068048.VV	1.185e-19	93	0	0	1	2561	Caudoviricetes	NA	NA	PF20307;TIGR03600;K02314;COG0305	phage replicative helicase, DnaB family, HK022 subfamily
k127_313289_1	2	454	453	1	0.704	11	None	GENOMAD.219105.VP	3.672e-06	48	0	0	1	2561	Caudoviricetes	NA	NA	PF20025;PF01068;K18951;TIGR04120;COG5226	DNA ligase, ATP-dependent, PP_1105 family
k127_74615_1	1	303	303	1	0.584	11	None	GENOMAD.054986.VV	1.3e-09	56	0	0	1	2561	Caudoviricetes	NA	NA	PF09293	T4 RNase H, C terminal
k127_152311_1	1	456	456	-1	0.743	11	None	GENOMAD.013210.VV	8.012e-19	85	0	0	1	2561	Caudoviricetes	NA	NA	PF00211;PF08994;PF08993;COG2114	Adenylate and Guanylate cyclase catalytic domain; T4 gene Gp59 loader of gp41 DNA helicase C-term; T4 gene Gp59 loader of gp41 DNA helicase
k127_274466_1	3	548	546	-1	0.692	11	None	GENOMAD.013210.VV	7.142e-34	130	0	0	1	2561	Caudoviricetes	NA	NA	PF00211;PF08994;PF08993;COG2114	Adenylate and Guanylate cyclase catalytic domain; T4 gene Gp59 loader of gp41 DNA helicase C-term; T4 gene Gp59 loader of gp41 DNA helicase
k127_195209_1	2	568	567	1	0.654	11	None	GENOMAD.007283.VV	8.534e-25	104	0	0	1	2561	Caudoviricetes	NA	NA	PF10124;COG4397	Mu-like prophage major head subunit gpT
k127_235811_1	3	1646	1644	1	0.398	11	None	GENOMAD.222936.VP	3.348e-08	59	0	0	0	1	NA	NA	NA	NA	NA
k127_235811_2	1658	2821	1164	1	0.392	11	TAA	NA	NA	NA	0	0	0	1	NA	NA	NA	NA	NA
k127_393879_1	3	779	777	1	0.681	11	None	GENOMAD.060259.VV	3.571e-13	72	0	0	1	2561	Caudoviricetes	NA	NA	PF20307;TIGR02236;COG0468;K04484	Divergent DnaB-like ATPase
k127_154366_1	1	528	528	1	0.746	11	None	GENOMAD.068590.VV	8.613e-29	115	0	0	1	2561	Caudoviricetes	NA	NA	PF13871;PF11242;K11654;TIGR00721	C-terminal domain on Strawberry notch homologue
k127_394297_1	1	342	342	-1	0.690	11	None	GENOMAD.053137.VV	1.091e-16	77	0	0	1	2561	Caudoviricetes	NA	NA	PF17482	Phage tail sheath C-terminal domain
k127_236647_1	2	322	321	-1	0.657	11	None	GENOMAD.097639.VV	2.198e-22	93	0	0	1	2561	Caudoviricetes	NA	NA	PF17289;TIGR01630;COG5362	phage uncharacterized protein (putative large terminase), C-terminal domain
k127_37658_1	1	354	354	-1	0.675	11	None	GENOMAD.022740.VV	2.353e-18	82	0	0	1	2561	Caudoviricetes	NA	NA	PF17482;PF00062	Phage tail sheath C-terminal domain; C-type lysozyme/alpha-lactalbumin family
k127_237790_1	3	311	309	-1	0.680	11	None	GENOMAD.070325.VV	8.473e-07	48	0	0	1	1	NA	NA	NA	PF09293	T4 RNase H, C terminal
k127_78625_1	46	459	414	-1	0.671	11	None	GENOMAD.068048.VV	1.555e-13	69	0	0	1	2561	Caudoviricetes	NA	NA	PF20307;TIGR03600;K02314;COG0305	phage replicative helicase, DnaB family, HK022 subfamily
k127_116691_1	1	693	693	1	0.681	11	None	GENOMAD.013210.VV	4.587e-32	127	0	0	1	2561	Caudoviricetes	NA	NA	PF00211;PF08994;PF08993;COG2114	Adenylate and Guanylate cyclase catalytic domain; T4 gene Gp59 loader of gp41 DNA helicase C-term; T4 gene Gp59 loader of gp41 DNA helicase
k127_198609_1	1	510	510	1	0.706	11	None	GENOMAD.013210.VV	4.044e-15	75	0	0	1	2561	Caudoviricetes	NA	NA	PF00211;PF08994;PF08993;COG2114	Adenylate and Guanylate cyclase catalytic domain; T4 gene Gp59 loader of gp41 DNA helicase C-term; T4 gene Gp59 loader of gp41 DNA helicase
k127_396029_1	3	644	642	-1	0.701	11	None	GENOMAD.013210.VV	1.433e-10	63	0	0	1	2561	Caudoviricetes	NA	NA	PF00211;PF08994;PF08993;COG2114	Adenylate and Guanylate cyclase catalytic domain; T4 gene Gp59 loader of gp41 DNA helicase C-term; T4 gene Gp59 loader of gp41 DNA helicase
k127_156659_1	2	352	351	1	0.701	11	None	GENOMAD.116417.VC	1.025e-42	152	0	0	1	2561	Caudoviricetes	NA	NA	PF20441;PF03354;COG4373;TIGR01547	Mu-like prophage FluMu protein gp28
k127_39578_1	54	230	177	-1	0.689	11	GGA/GAG/AGG	NA	NA	NA	0	0	0	1	NA	NA	NA	NA	NA
k127_39578_2	258	611	354	-1	0.650	11	None	GENOMAD.068048.VV	6.104e-16	75	0	0	1	2561	Caudoviricetes	NA	NA	PF20307;TIGR03600;K02314;COG0305	phage replicative helicase, DnaB family, HK022 subfamily
k127_396890_1	2	385	384	1	0.464	11	None	GENOMAD.067220.VV	1.71e-74	244	0	0	0	2790	Microviridae	NA	NA	PF02925	Bacteriophage scaffolding protein D
k127_396890_2	385	501	117	1	0.496	11	AGGAG	NA	NA	NA	0	0	0	1	NA	NA	NA	NA	NA
k127_396890_3	538	1821	1284	1	0.449	11	GGAG/GAGG	GENOMAD.033662.VV	3.182e-269	823	0	0	1	2790	Microviridae	NA	NA	PF02305	Capsid protein (F protein)
k127_396890_4	1932	2459	528	1	0.420	11	AGGAG	GENOMAD.145242.VV	5.002e-78	257	0	0	1	2790	Microviridae	NA	NA	PF02306	Major spike protein (G protein)
k127_396890_5	2468	3454	987	1	0.450	11	GGAG/GAGG	GENOMAD.109387.VV	1.074e-170	533	0	0	0	2790	Microviridae	NA	NA	PF04687	Microvirus H protein (pilot protein)
k127_396890_6	3518	5059	1542	1	0.448	11	GGAGG	GENOMAD.065430.VV	0.0	1082	0	0	0	2790	Microviridae	NA	NA	NA	NA
k127_396890_7	5056	5316	261	1	0.418	11	3Base/5BMM	GENOMAD.169375.VV	6.142e-26	102	0	0	0	2790	Microviridae	NA	NA	PF12025	Phage protein C
k127_396890_8	5313	5513	201	1	0.463	11	GGA/GAG/AGG	GENOMAD.067220.VV	1.149e-33	123	0	0	0	2790	Microviridae	NA	NA	PF02925	Bacteriophage scaffolding protein D
k127_117838_1	3	605	603	1	0.697	11	None	GENOMAD.118632.VP	1.071e-11	66	0	0	1	2561	Caudoviricetes	NA	NA	PF00476;PF07141	DNA polymerase family A; Putative bacteriophage terminase small subunit
k127_118031_1	3	584	582	-1	0.725	11	None	GENOMAD.218988.VP	8.962e-06	48	0	0	1	1	NA	NA	NA	PF09293	T4 RNase H, C terminal
