gene	start	end	length	strand	gc_content	genetic_code	rbs_motif	marker	evalue	bitscore	uscg	plasmid_hallmark	virus_hallmark	taxid	taxname	annotation_conjscan	annotation_amr	annotation_accessions	annotation_description
k127_379622_1	1	300	300	-1	0.610	11	None	GENOMAD.064271.VV	1.017e-11	62	0	0	1	2561	Caudoviricetes	NA	NA	PF09588;COG5377	Phage-related protein, predicted endonuclease
k127_94971_1	1	324	324	-1	0.556	11	None	GENOMAD.116655.VV	1.38e-27	108	0	0	1	2561	Caudoviricetes	NA	NA	PF04860;TIGR01537;COG5005	phage portal protein, HK97 family
k127_427136_1	1	555	555	-1	0.613	11	None	GENOMAD.099865.VV	1.114e-29	118	0	0	1	2561	Caudoviricetes	NA	NA	PF04466;PF17289;TIGR01547;COG5323;K06909	phage terminase, large subunit, PBSX family
k127_284822_1	3	314	312	1	0.359	11	None	GENOMAD.030656.VV	1.712e-07	50	0	0	1	12031	Mimiviridae	NA	NA	PF03290	Vaccinia virus I7 processing peptidase
k127_142678_1	3	359	357	1	0.647	11	None	GENOMAD.099865.VV	9.062e-21	89	0	0	1	2561	Caudoviricetes	NA	NA	PF04466;PF17289;TIGR01547;COG5323;K06909	phage terminase, large subunit, PBSX family
k127_332913_1	3	392	390	1	0.667	11	None	GENOMAD.042265.VV	2.195e-05	45	0	0	1	2561	Caudoviricetes	NA	NA	PF20307;TIGR02237;COG0468;K04485	Divergent DnaB-like ATPase
k127_143646_1	2	358	357	-1	0.675	11	None	GENOMAD.219885.VP	6.745e-24	98	0	0	1	2561	Caudoviricetes	NA	NA	PF05954;COG4379;TIGR03361;K06905	Mu-like prophage tail protein gpP
k127_380967_1	1	435	435	1	0.556	11	None	GENOMAD.013210.VV	2.521e-29	115	0	0	1	2561	Caudoviricetes	NA	NA	PF00211;PF08994;PF08993;COG2114	Adenylate and Guanylate cyclase catalytic domain; T4 gene Gp59 loader of gp41 DNA helicase C-term; T4 gene Gp59 loader of gp41 DNA helicase
k127_49110_1	2	73	72	-1	0.611	11	GGGGG	NA	NA	NA	0	0	0	1	NA	NA	NA	NA	NA
k127_49110_2	57	338	282	-1	0.688	11	None	GENOMAD.151092.VV	1.437e-05	44	0	0	1	2561	Caudoviricetes	NA	NA	PF09588;COG5377;TIGR03033;K01143	Phage-related protein, predicted endonuclease
k127_381239_1	194	847	654	-1	0.668	11	None	GENOMAD.013210.VV	3.267e-10	62	0	0	1	2561	Caudoviricetes	NA	NA	PF00211;PF08994;PF08993;COG2114	Adenylate and Guanylate cyclase catalytic domain; T4 gene Gp59 loader of gp41 DNA helicase C-term; T4 gene Gp59 loader of gp41 DNA helicase
k127_381561_1	3	335	333	-1	0.700	11	None	GENOMAD.147571.VP	4.329e-17	78	0	0	1	2561	Caudoviricetes	NA	NA	PF20441;COG5362	Terminase large subunit, endonuclease domain
k127_334340_1	63	380	318	1	0.619	11	GGAG/GAGG	GENOMAD.148607.VV	0.0002419	41	0	0	1	9067	Straboviridae	NA	NA	PF06591	T4-like phage nuclear disruption protein (Ndd)
k127_239292_1	3	476	474	-1	0.631	11	None	GENOMAD.013210.VV	6.053e-15	74	0	0	1	2561	Caudoviricetes	NA	NA	PF00211;PF08994;PF08993;COG2114	Adenylate and Guanylate cyclase catalytic domain; T4 gene Gp59 loader of gp41 DNA helicase C-term; T4 gene Gp59 loader of gp41 DNA helicase
k127_287013_1	1	399	399	1	0.644	11	None	GENOMAD.068048.VV	2.517e-15	74	0	0	1	2561	Caudoviricetes	NA	NA	PF20307;TIGR03600;K02314;COG0305	phage replicative helicase, DnaB family, HK022 subfamily
k127_49813_1	2	628	627	-1	0.644	11	None	GENOMAD.222055.VP	0.0002251	44	0	0	1	2561	Caudoviricetes	NA	NA	PF11242;COG4584;TIGR00721;K22103	Transposase
k127_334596_1	1	465	465	-1	0.673	11	None	GENOMAD.097639.VV	3.164e-31	121	0	0	1	2561	Caudoviricetes	NA	NA	PF17289;TIGR01630;COG5362	phage uncharacterized protein (putative large terminase), C-terminal domain
k127_239527_1	2	616	615	-1	0.663	11	None	GENOMAD.013210.VV	4.076e-20	91	0	0	1	2561	Caudoviricetes	NA	NA	PF00211;PF08994;PF08993;COG2114	Adenylate and Guanylate cyclase catalytic domain; T4 gene Gp59 loader of gp41 DNA helicase C-term; T4 gene Gp59 loader of gp41 DNA helicase
k127_50128_1	2	385	384	1	0.633	11	None	GENOMAD.013124.VV	1.569e-09	57	0	0	1	377	Drexlerviridae	NA	NA	PF13262;COG5410	NA
k127_192487_1	1	393	393	-1	0.664	11	None	GENOMAD.068048.VV	9.628e-17	78	0	0	1	2561	Caudoviricetes	NA	NA	PF20307;TIGR03600;K02314;COG0305	phage replicative helicase, DnaB family, HK022 subfamily
k127_50247_1	2	613	612	-1	0.639	11	None	GENOMAD.100194.VV	2.063e-30	121	0	0	1	2561	Caudoviricetes	NA	NA	PF04466;TIGR01547;COG5323	Phage terminase large subunit
k127_2713_1	3	368	366	1	0.639	11	None	GENOMAD.104632.VP	1.131e-19	86	0	0	1	2561	Caudoviricetes	NA	NA	PF06378;PF04466;TIGR01547;COG5323	Phage terminase large subunit
k127_145295_1	239	346	108	1	0.694	11	GGA/GAG/AGG	GENOMAD.147427.VP	1.142e-05	41	0	0	1	2561	Caudoviricetes	NA	NA	PF07141	Putative bacteriophage terminase small subunit
k127_50552_1	3	410	408	-1	0.632	11	None	GENOMAD.169508.VP	9.914e-09	55	0	0	1	2561	Caudoviricetes	NA	NA	PF04708;PF13262;COG1961;K14060	Site-specific DNA recombinase related to the DNA invertase Pin
k127_145567_1	2	499	498	-1	0.544	11	None	GENOMAD.102927.VV	3.794e-14	72	0	0	1	2561	Caudoviricetes	NA	NA	PF16510	Phage P22-like portal protein
k127_193066_1	3	539	537	1	0.644	11	None	GENOMAD.169508.VP	6.368e-11	63	0	0	1	2561	Caudoviricetes	NA	NA	PF04708;PF13262;COG1961;K14060	Site-specific DNA recombinase related to the DNA invertase Pin
k127_335642_1	1	231	231	1	0.541	11	None	NA	NA	NA	0	0	0	1	NA	NA	NA	NA	NA
k127_335642_2	257	694	438	1	0.589	11	GGAG/GAGG	GENOMAD.223589.VP	1.48e-06	49	0	0	1	2561	Caudoviricetes	NA	NA	PF08273;COG4643;TIGR01391	Uncharacterized domain associated with phage/plasmid primase
k127_146052_1	96	2378	2283	-1	0.559	11	GGxGG	NA	NA	NA	0	0	0	1	NA	NA	NA	NA	NA
k127_51224_1	1	180	180	1	0.594	11	None	NA	NA	NA	0	0	0	1	NA	NA	NA	NA	NA
k127_51224_2	177	536	360	1	0.581	11	GGA/GAG/AGG	GENOMAD.009149.VV	1.43e-32	123	0	0	1	2561	Caudoviricetes	NA	NA	PF17288;TIGR01630	Terminase RNAseH like domain
k127_193573_1	3	371	369	1	0.661	11	None	GENOMAD.223594.VP	7.332e-07	49	0	0	1	2561	Caudoviricetes	NA	NA	PF11994;PF09684;TIGR01634;COG4385	phage tail protein, P2 protein I family
k127_193573_2	368	448	81	1	0.679	11	GGAG/GAGG	NA	NA	NA	0	0	0	1	NA	NA	NA	NA	NA
k127_3749_1	1	3039	3039	1	0.640	11	None	GENOMAD.064018.VV	8.273e-15	82	0	0	0	2561	Caudoviricetes	NA	NA	PF13872;K14440;COG1111;TIGR04095	ERCC4-related helicase
k127_288529_1	1	858	858	1	0.601	11	None	GENOMAD.013210.VV	6.46e-25	108	0	0	1	2561	Caudoviricetes	NA	NA	PF00211;PF08994;PF08993;COG2114	Adenylate and Guanylate cyclase catalytic domain; T4 gene Gp59 loader of gp41 DNA helicase C-term; T4 gene Gp59 loader of gp41 DNA helicase
k127_193635_1	1	1002	1002	1	0.578	11	None	GENOMAD.013210.VV	4.19e-28	119	0	0	1	2561	Caudoviricetes	NA	NA	PF00211;PF08994;PF08993;COG2114	Adenylate and Guanylate cyclase catalytic domain; T4 gene Gp59 loader of gp41 DNA helicase C-term; T4 gene Gp59 loader of gp41 DNA helicase
k127_3789_1	1	462	462	1	0.532	11	None	GENOMAD.017632.VV	0.0008822	41	0	0	1	2561	Caudoviricetes	NA	NA	PF03354;COG5410;TIGR01547	phage terminase, large subunit, PBSX family
k127_51380_1	1	660	660	1	0.659	11	None	GENOMAD.068590.VV	7.332e-14	73	0	0	1	2561	Caudoviricetes	NA	NA	PF13871;PF11242;K11654;TIGR00721	C-terminal domain on Strawberry notch homologue
k127_146271_1	2	715	714	-1	0.632	11	None	GENOMAD.169508.VP	1.952e-23	102	0	0	1	2561	Caudoviricetes	NA	NA	PF04708;PF13262;COG1961;K14060	Site-specific DNA recombinase related to the DNA invertase Pin
k127_240854_1	1	588	588	1	0.588	11	None	GENOMAD.169508.VP	2.234e-25	106	0	0	1	2561	Caudoviricetes	NA	NA	PF04708;PF13262;COG1961;K14060	Site-specific DNA recombinase related to the DNA invertase Pin
k127_431165_1	2	304	303	1	0.736	11	None	GENOMAD.111208.VP	7.006e-16	74	0	0	1	2561	Caudoviricetes	NA	NA	PF20441	Terminase large subunit, endonuclease domain
k127_99160_1	3	500	498	-1	0.576	11	GGAG/GAGG	GENOMAD.019218.VV	3.414e-26	107	0	0	1	2561	Caudoviricetes	NA	NA	COG5410	NA
k127_99160_2	500	643	144	-1	0.556	11	None	NA	NA	NA	0	0	0	1	NA	NA	NA	NA	NA
k127_99295_1	148	441	294	1	0.622	11	GGAG/GAGG	GENOMAD.192935.VP	1.731e-05	44	0	0	1	2561	Caudoviricetes	NA	NA	PF07141;COG2826;TIGR02844	Putative bacteriophage terminase small subunit
k127_146778_1	2	355	354	-1	0.599	11	None	GENOMAD.068048.VV	4.168e-12	64	0	0	1	2561	Caudoviricetes	NA	NA	PF20307;TIGR03600;K02314;COG0305	phage replicative helicase, DnaB family, HK022 subfamily
k127_289197_1	1	390	390	1	0.672	11	None	GENOMAD.068048.VV	2.68e-13	68	0	0	1	2561	Caudoviricetes	NA	NA	PF20307;TIGR03600;K02314;COG0305	phage replicative helicase, DnaB family, HK022 subfamily
k127_99437_1	125	271	147	1	0.463	11	None	NA	NA	NA	0	0	0	1	NA	NA	NA	NA	NA
k127_99437_2	278	1375	1098	1	0.434	11	GGA/GAG/AGG	NA	NA	NA	0	0	0	1	NA	NA	NA	NA	NA
k127_99437_3	1518	3203	1686	1	0.469	11	None	NA	NA	NA	0	0	0	1	NA	NA	NA	NA	NA
k127_52306_1	49	333	285	1	0.649	11	None	GENOMAD.147427.VP	2.177e-17	78	0	0	1	2561	Caudoviricetes	NA	NA	PF07141	Putative bacteriophage terminase small subunit
k127_99914_1	1	303	303	1	0.584	11	None	GENOMAD.010633.VV	3.537e-07	49	0	0	1	2561	Caudoviricetes	NA	NA	PF11650	P22 tail accessory factor
k127_195095_1	3	392	390	1	0.615	11	None	NA	NA	NA	0	0	0	1	NA	NA	NA	NA	NA
k127_195095_2	340	1332	993	1	0.608	11	None	GENOMAD.169508.VP	5.37e-08	57	0	0	1	2561	Caudoviricetes	NA	NA	PF04708;PF13262;COG1961;K14060	Site-specific DNA recombinase related to the DNA invertase Pin
k127_195101_1	3	758	756	-1	0.608	11	None	GENOMAD.013210.VV	4.889e-29	119	0	0	1	2561	Caudoviricetes	NA	NA	PF00211;PF08994;PF08993;COG2114	Adenylate and Guanylate cyclase catalytic domain; T4 gene Gp59 loader of gp41 DNA helicase C-term; T4 gene Gp59 loader of gp41 DNA helicase
k127_100451_1	2	328	327	1	0.612	11	None	GENOMAD.059582.VV	2.415e-14	70	0	0	1	2561	Caudoviricetes	NA	NA	TIGR01725	phage protein, HK97 gp10 family
k127_100635_1	3	860	858	1	0.392	11	None	NA	NA	NA	0	0	0	1	NA	NA	NA	NA	NA
k127_100635_2	890	1198	309	1	0.298	11	GGA/GAG/AGG	NA	NA	NA	0	0	0	1	NA	NA	NA	NA	NA
k127_100635_3	1255	2871	1617	1	0.328	11	None	NA	NA	NA	0	0	0	1	NA	NA	NA	NA	NA
k127_100635_4	2896	3744	849	1	0.337	11	None	NA	NA	NA	0	0	0	1	NA	NA	NA	NA	NA
k127_338045_1	1	702	702	-1	0.627	11	None	GENOMAD.013210.VV	9.118e-09	58	0	0	1	2561	Caudoviricetes	NA	NA	PF00211;PF08994;PF08993;COG2114	Adenylate and Guanylate cyclase catalytic domain; T4 gene Gp59 loader of gp41 DNA helicase C-term; T4 gene Gp59 loader of gp41 DNA helicase
k127_433042_1	3	797	795	1	0.638	11	None	GENOMAD.013210.VV	3.997e-51	184	0	0	1	2561	Caudoviricetes	NA	NA	PF00211;PF08994;PF08993;COG2114	Adenylate and Guanylate cyclase catalytic domain; T4 gene Gp59 loader of gp41 DNA helicase C-term; T4 gene Gp59 loader of gp41 DNA helicase
k127_101412_1	3	209	207	1	0.536	11	None	NA	NA	NA	0	0	0	1	NA	NA	NA	NA	NA
k127_101412_2	193	609	417	1	0.571	11	GGAGG	GENOMAD.009848.VV	1.301e-16	78	0	0	1	9913	Herelleviridae	NA	NA	COG5377;TIGR03033	Phage-related protein, predicted endonuclease
k127_101413_1	1	414	414	1	0.669	11	None	GENOMAD.013124.VV	1.123e-07	52	0	0	1	377	Drexlerviridae	NA	NA	PF13262;COG5410	NA
k127_101895_1	1	792	792	-1	0.670	11	None	GENOMAD.068048.VV	8.582e-14	74	0	0	1	2561	Caudoviricetes	NA	NA	PF20307;TIGR03600;K02314;COG0305	phage replicative helicase, DnaB family, HK022 subfamily
k127_434150_1	2	409	408	1	0.637	11	None	GENOMAD.022372.VV	1.371e-23	98	0	0	1	2561	Caudoviricetes	NA	NA	PF04708;COG1961;K14060	Site-specific DNA recombinase related to the DNA invertase Pin
k127_6993_1	1	870	870	1	0.597	11	None	GENOMAD.013210.VV	5.521e-34	135	0	0	1	2561	Caudoviricetes	NA	NA	PF00211;PF08994;PF08993;COG2114	Adenylate and Guanylate cyclase catalytic domain; T4 gene Gp59 loader of gp41 DNA helicase C-term; T4 gene Gp59 loader of gp41 DNA helicase
k127_7215_1	49	345	297	-1	0.266	11	None	GENOMAD.072560.VV	3.644e-21	89	0	0	1	5947	Adintoviridae	NA	NA	PF00770	Adenovirus endoprotease
k127_7218_1	3	299	297	1	0.263	11	None	GENOMAD.072560.VV	3.644e-21	89	0	0	1	5947	Adintoviridae	NA	NA	PF00770	Adenovirus endoprotease
k127_7218_2	326	529	204	1	0.294	11	TATA	NA	NA	NA	0	0	0	1	NA	NA	NA	NA	NA
k127_339651_1	245	640	396	-1	0.619	11	None	GENOMAD.014058.VV	0.0005188	41	0	0	0	2561	Caudoviricetes	NA	NA	NA	NA
k127_339651_2	588	1883	1296	-1	0.640	11	GGA/GAG/AGG	GENOMAD.013124.VV	4.305e-17	87	0	0	1	377	Drexlerviridae	NA	NA	PF13262;COG5410	NA
k127_339651_3	1880	2257	378	-1	0.616	11	None	GENOMAD.069545.VV	1.9e-05	45	0	0	0	1	NA	NA	NA	PF18932	NA
k127_434509_1	1	303	303	-1	0.647	11	None	GENOMAD.154021.VP	2.552e-18	81	0	0	1	2561	Caudoviricetes	NA	NA	PF07141;TIGR03384	Putative bacteriophage terminase small subunit
k127_434509_2	296	1267	972	-1	0.641	11	None	GENOMAD.208446.VP	7.144e-24	106	0	0	0	2561	Caudoviricetes	NA	NA	PF01555;COG4725;K13581	N6-adenosine-specific RNA methylase IME4
k127_292171_1	3	488	486	1	0.562	11	None	GENOMAD.057710.VV	4.718e-05	45	0	0	1	2561	Caudoviricetes	NA	NA	PF00589;PF04860;K07358;TIGR01537	Phage integrase family; Phage portal protein
k127_7425_1	56	385	330	1	0.615	11	None	GENOMAD.031977.VV	9.944e-08	51	0	0	1	2561	Caudoviricetes	NA	NA	COG3740;K06904	Phage head maturation protease
k127_102597_1	1	348	348	-1	0.560	11	None	GENOMAD.147427.VP	5.077e-09	55	0	0	1	2561	Caudoviricetes	NA	NA	PF07141	Putative bacteriophage terminase small subunit
k127_55472_1	1	330	330	-1	0.661	11	None	GENOMAD.023991.VV	1.656e-34	128	0	0	1	2561	Caudoviricetes	NA	NA	COG5410	Mu-like prophage FluMu protein gp28
k127_55629_1	3	314	312	-1	0.619	11	None	GENOMAD.100194.VV	5.939e-11	60	0	0	1	2561	Caudoviricetes	NA	NA	PF04466;TIGR01547;COG5323	Phage terminase large subunit
k127_387900_1	1	300	300	1	0.630	11	None	GENOMAD.141999.VP	8.879e-05	42	0	0	1	2561	Caudoviricetes	NA	NA	PF16677;TIGR02844;COG2826;K00204	DNA-packaging protein gp3
k127_340646_1	2	370	369	1	0.604	11	None	GENOMAD.159194.VV	7.57e-07	49	0	0	1	2561	Caudoviricetes	NA	NA	COG4675	Microcystin-dependent protein  (function unknown)
k127_435534_1	1	495	495	-1	0.628	11	None	GENOMAD.169508.VP	4.347e-11	63	0	0	1	2561	Caudoviricetes	NA	NA	PF04708;PF13262;COG1961;K14060	Site-specific DNA recombinase related to the DNA invertase Pin
k127_245383_1	1	384	384	1	0.378	11	None	GENOMAD.030656.VV	1.639e-08	54	0	0	1	12031	Mimiviridae	NA	NA	PF03290	Vaccinia virus I7 processing peptidase
k127_198649_1	1	471	471	-1	0.552	11	None	GENOMAD.013210.VV	4.004e-20	89	0	0	1	2561	Caudoviricetes	NA	NA	PF00211;PF08994;PF08993;COG2114	Adenylate and Guanylate cyclase catalytic domain; T4 gene Gp59 loader of gp41 DNA helicase C-term; T4 gene Gp59 loader of gp41 DNA helicase
k127_436178_1	2	292	291	1	0.667	11	None	GENOMAD.147571.VP	9.58e-11	59	0	0	1	2561	Caudoviricetes	NA	NA	PF20441;COG5362	Terminase large subunit, endonuclease domain
k127_436178_2	265	324	60	1	0.700	11	GGAG/GAGG	NA	NA	NA	0	0	0	1	NA	NA	NA	NA	NA
k127_8965_1	374	1171	798	-1	0.660	11	None	GENOMAD.099865.VV	1.439e-30	124	0	0	1	2561	Caudoviricetes	NA	NA	PF04466;PF17289;TIGR01547;COG5323;K06909	phage terminase, large subunit, PBSX family
k127_294018_1	160	627	468	1	0.618	11	GGAGG	GENOMAD.063098.VV	1.849e-07	52	0	0	1	2561	Caudoviricetes	NA	NA	PF11126	Transcriptional regulator DsbA
k127_388940_1	1	330	330	-1	0.627	11	None	GENOMAD.023991.VV	4.082e-09	55	0	0	1	2561	Caudoviricetes	NA	NA	COG5410	Mu-like prophage FluMu protein gp28
k127_436461_1	1	501	501	-1	0.641	11	None	GENOMAD.169508.VP	4.992e-09	57	0	0	1	2561	Caudoviricetes	NA	NA	PF04708;PF13262;COG1961;K14060	Site-specific DNA recombinase related to the DNA invertase Pin
k127_341680_1	227	664	438	-1	0.393	11	None	GENOMAD.030656.VV	3.011e-07	51	0	0	1	12031	Mimiviridae	NA	NA	PF03290	Vaccinia virus I7 processing peptidase
k127_341680_2	668	1057	390	-1	0.446	11	None	NA	NA	NA	0	0	0	1	NA	NA	NA	NA	NA
k127_56880_1	3	419	417	1	0.631	11	None	GENOMAD.181728.VV	1.188e-06	49	0	0	1	2561	Caudoviricetes	NA	NA	PF09588;COG5377;TIGR03033	Phage-related protein, predicted endonuclease
k127_56880_2	403	624	222	1	0.626	11	GGAG/GAGG	NA	NA	NA	0	0	0	1	NA	NA	NA	NA	NA
k127_436697_1	2	514	513	1	0.632	11	None	GENOMAD.038338.VV	3.556e-17	81	0	0	0	2561	Caudoviricetes	NA	NA	COG3392	NA
k127_436697_2	486	788	303	1	0.663	11	AGGAG	GENOMAD.129590.VP	4.623e-20	86	0	0	1	2561	Caudoviricetes	NA	NA	PF07141	Putative bacteriophage terminase small subunit
k127_246294_1	3	227	225	-1	0.360	11	None	GENOMAD.070533.VV	3.087e-06	45	0	0	1	5947	Adintoviridae	NA	NA	PF00770	Adenovirus endoprotease
k127_152345_1	3	356	354	1	0.579	11	None	GENOMAD.120931.VP	9.258e-12	63	0	0	1	2561	Caudoviricetes	NA	NA	PF09588;COG5377;TIGR03033;K01143	Phage-related protein, predicted endonuclease
k127_342365_1	2	385	384	-1	0.693	11	None	GENOMAD.118632.VP	3.74e-08	53	0	0	1	2561	Caudoviricetes	NA	NA	PF00476;PF07141	DNA polymerase family A; Putative bacteriophage terminase small subunit
k127_10015_1	3	200	198	-1	0.652	11	None	GENOMAD.152079.VP	2.51e-11	59	0	0	1	2561	Caudoviricetes	NA	NA	PF07141;COG2826;TIGR00721	Putative bacteriophage terminase small subunit
k127_152810_1	2	502	501	-1	0.625	11	None	GENOMAD.013210.VV	5.72e-20	89	0	0	1	2561	Caudoviricetes	NA	NA	PF00211;PF08994;PF08993;COG2114	Adenylate and Guanylate cyclase catalytic domain; T4 gene Gp59 loader of gp41 DNA helicase C-term; T4 gene Gp59 loader of gp41 DNA helicase
k127_200188_1	3	722	720	1	0.600	11	None	GENOMAD.013210.VV	9.852e-23	100	0	0	1	2561	Caudoviricetes	NA	NA	PF00211;PF08994;PF08993;COG2114	Adenylate and Guanylate cyclase catalytic domain; T4 gene Gp59 loader of gp41 DNA helicase C-term; T4 gene Gp59 loader of gp41 DNA helicase
k127_10238_1	1	702	702	1	0.590	11	None	GENOMAD.169508.VP	4.74e-13	71	0	0	1	2561	Caudoviricetes	NA	NA	PF04708;PF13262;COG1961;K14060	Site-specific DNA recombinase related to the DNA invertase Pin
k127_437560_1	76	441	366	-1	0.552	11	None	GENOMAD.068048.VV	1.917e-13	68	0	0	1	2561	Caudoviricetes	NA	NA	PF20307;TIGR03600;K02314;COG0305	phage replicative helicase, DnaB family, HK022 subfamily
k127_437721_1	2	469	468	-1	0.645	11	None	GENOMAD.013210.VV	5.665e-15	74	0	0	1	2561	Caudoviricetes	NA	NA	PF00211;PF08994;PF08993;COG2114	Adenylate and Guanylate cyclase catalytic domain; T4 gene Gp59 loader of gp41 DNA helicase C-term; T4 gene Gp59 loader of gp41 DNA helicase
k127_342993_1	3	299	297	-1	0.630	11	GGA/GAG/AGG	GENOMAD.017632.VV	9.763e-12	62	0	0	1	2561	Caudoviricetes	NA	NA	PF03354;COG5410;TIGR01547	phage terminase, large subunit, PBSX family
k127_342993_2	299	388	90	-1	0.622	11	None	NA	NA	NA	0	0	0	1	NA	NA	NA	NA	NA
k127_153589_1	1	1233	1233	1	0.616	11	None	GENOMAD.000175.VV	0.0004212	45	0	0	1	8305	Partitiviridae	NA	NA	PF00680;COG3344	Viral RNA-dependent RNA polymerase
k127_10968_1	3	386	384	-1	0.641	11	None	GENOMAD.017840.VV	1.52e-35	132	0	0	1	2561	Caudoviricetes	NA	NA	PF17288	Terminase RNAseH like domain
k127_11060_1	1	465	465	-1	0.634	11	GGA/GAG/AGG	GENOMAD.022372.VV	1.306e-23	99	0	0	1	2561	Caudoviricetes	NA	NA	PF04708;COG1961;K14060	Site-specific DNA recombinase related to the DNA invertase Pin
k127_11060_2	452	976	525	-1	0.623	11	GGAG/GAGG	NA	NA	NA	0	0	0	1	NA	NA	NA	NA	NA
k127_11060_3	973	1443	471	-1	0.650	11	AGGAG	GENOMAD.223594.VP	9.008e-06	47	0	0	1	2561	Caudoviricetes	NA	NA	PF11994;PF09684;TIGR01634;COG4385	phage tail protein, P2 protein I family
k127_438324_1	2	298	297	1	0.650	11	None	GENOMAD.152079.VP	2.319e-10	58	0	0	1	2561	Caudoviricetes	NA	NA	PF07141;COG2826;TIGR00721	Putative bacteriophage terminase small subunit
k127_153759_1	1	345	345	1	0.696	11	None	GENOMAD.070997.VV	1.352e-05	45	0	0	1	2561	Caudoviricetes	NA	NA	PF09588;TIGR03033;COG5377	putative phage-type endonuclease
k127_106541_1	2	427	426	-1	0.373	11	None	GENOMAD.145765.VV	2.907e-06	48	0	0	1	2561	Caudoviricetes	NA	NA	COG3941	Phage tail tape-measure protein, controls tail length
k127_154138_1	2	352	351	1	0.593	11	None	GENOMAD.022372.VV	1.014e-18	83	0	0	1	2561	Caudoviricetes	NA	NA	PF04708;COG1961;K14060	Site-specific DNA recombinase related to the DNA invertase Pin
k127_391295_1	1	348	348	1	0.649	11	None	GENOMAD.136131.VV	7.029e-05	43	0	0	1	2561	Caudoviricetes	NA	NA	PF04717;COG4540;TIGR01644	Phage P2 baseplate assembly protein gpV
k127_391715_1	3	338	336	1	0.613	11	None	GENOMAD.147427.VP	1.576e-11	62	0	0	1	2561	Caudoviricetes	NA	NA	PF07141	Putative bacteriophage terminase small subunit
k127_391718_1	2	277	276	-1	0.623	11	None	GENOMAD.147427.VP	7.28e-12	62	0	0	1	2561	Caudoviricetes	NA	NA	PF07141	Putative bacteriophage terminase small subunit
k127_391856_1	1	807	807	1	0.556	11	None	GENOMAD.158965.VP	2.432e-49	179	0	0	1	2561	Caudoviricetes	NA	NA	PF05772;PF04404;COG5362	NinB protein; ERF superfamily
k127_12172_1	48	437	390	-1	0.628	11	None	GENOMAD.147427.VP	1.98e-16	77	0	0	1	2561	Caudoviricetes	NA	NA	PF07141	Putative bacteriophage terminase small subunit
k127_344543_1	1	768	768	1	0.621	11	None	GENOMAD.013210.VV	6.974e-12	68	0	0	1	2561	Caudoviricetes	NA	NA	PF00211;PF08994;PF08993;COG2114	Adenylate and Guanylate cyclase catalytic domain; T4 gene Gp59 loader of gp41 DNA helicase C-term; T4 gene Gp59 loader of gp41 DNA helicase
k127_107380_1	1	468	468	-1	0.581	11	None	GENOMAD.013210.VV	1.249e-14	73	0	0	1	2561	Caudoviricetes	NA	NA	PF00211;PF08994;PF08993;COG2114	Adenylate and Guanylate cyclase catalytic domain; T4 gene Gp59 loader of gp41 DNA helicase C-term; T4 gene Gp59 loader of gp41 DNA helicase
k127_248936_1	2	352	351	-1	0.638	11	None	GENOMAD.104632.VP	1.378e-23	97	0	0	1	2561	Caudoviricetes	NA	NA	PF06378;PF04466;TIGR01547;COG5323	Phage terminase large subunit
k127_392259_1	1	423	423	1	0.615	11	None	GENOMAD.154021.VP	6.322e-17	79	0	0	1	2561	Caudoviricetes	NA	NA	PF07141;TIGR03384	Putative bacteriophage terminase small subunit
k127_392269_1	3	347	345	-1	0.507	11	None	GENOMAD.065955.VV	1.289e-06	48	0	0	1	1	NA	NA	NA	PF03336;K07394;COG3128	Poxvirus C4/C10 protein
k127_297578_1	3	680	678	1	0.586	11	None	GENOMAD.068048.VV	1.74e-16	81	0	0	1	2561	Caudoviricetes	NA	NA	PF20307;TIGR03600;K02314;COG0305	phage replicative helicase, DnaB family, HK022 subfamily
k127_297578_2	781	858	78	1	0.577	11	AGGAGG	NA	NA	NA	0	0	0	1	NA	NA	NA	NA	NA
k127_202751_1	3	566	564	1	0.635	11	None	GENOMAD.169508.VP	1.017e-21	95	0	0	1	2561	Caudoviricetes	NA	NA	PF04708;PF13262;COG1961;K14060	Site-specific DNA recombinase related to the DNA invertase Pin
k127_297709_1	1	291	291	-1	0.560	11	GGAGG	NA	NA	NA	0	0	0	1	NA	NA	NA	NA	NA
k127_297709_2	291	908	618	-1	0.552	11	None	GENOMAD.160586.VV	2.151e-17	83	0	0	1	2561	Caudoviricetes	NA	NA	PF04466;PF17288;TIGR01547;COG1783;K06909	phage terminase, large subunit, PBSX family
k127_202811_1	316	1644	1329	-1	0.619	11	None	GENOMAD.000178.VV	0.0002327	46	0	0	1	1135	Nodaviridae	NA	NA	PF00998	Viral RNA dependent RNA polymerase
k127_392534_1	47	310	264	-1	0.542	11	3Base/5BMM	GENOMAD.195656.VP	2.546e-05	43	0	0	1	9067	Straboviridae	NA	NA	PF19835;PF07453;TIGR01453;COG2827	group I intron endonuclease
k127_155455_1	2	322	321	-1	0.645	11	None	GENOMAD.109691.VV	6.656e-19	83	0	0	1	2561	Caudoviricetes	NA	NA	PF06141	Phage minor tail protein U
k127_345244_1	1	264	264	1	0.246	11	None	GENOMAD.072560.VV	3.551e-17	77	0	0	1	5947	Adintoviridae	NA	NA	PF00770	Adenovirus endoprotease
k127_202967_1	1	765	765	1	0.652	11	None	GENOMAD.169508.VP	6.365e-25	107	0	0	1	2561	Caudoviricetes	NA	NA	PF04708;PF13262;COG1961;K14060	Site-specific DNA recombinase related to the DNA invertase Pin
k127_13136_1	3	350	348	-1	0.261	11	TATA	NA	NA	NA	0	0	0	1	NA	NA	NA	NA	NA
k127_13136_2	372	650	279	-1	0.294	11	None	GENOMAD.072560.VV	1.383e-20	87	0	0	1	5947	Adintoviridae	NA	NA	PF00770	Adenovirus endoprotease
k127_108151_1	2	1264	1263	-1	0.642	11	AGGA	GENOMAD.013124.VV	2.162e-18	91	0	0	1	377	Drexlerviridae	NA	NA	PF13262;COG5410	NA
k127_108151_2	1264	1632	369	-1	0.602	11	None	GENOMAD.192021.VP	7.88e-06	46	0	0	0	2561	Caudoviricetes	NA	NA	PF18932	NA
k127_298021_1	139	417	279	1	0.642	11	GGAG/GAGG	NA	NA	NA	0	0	0	1	NA	NA	NA	NA	NA
k127_298021_2	410	793	384	1	0.615	11	GGA/GAG/AGG	GENOMAD.154021.VP	8.249e-17	78	0	0	1	2561	Caudoviricetes	NA	NA	PF07141;TIGR03384	Putative bacteriophage terminase small subunit
k127_298021_3	963	2216	1254	1	0.636	11	AGGA	GENOMAD.099865.VV	4.652e-70	246	0	0	1	2561	Caudoviricetes	NA	NA	PF04466;PF17289;TIGR01547;COG5323;K06909	phage terminase, large subunit, PBSX family
k127_13221_1	1	267	267	-1	0.247	15	None	GENOMAD.070884.VV	4.949e-07	48	0	0	1	2561	Caudoviricetes	NA	NA	K18949	NA
k127_440530_1	2	469	468	1	0.585	11	None	GENOMAD.022372.VV	4.184e-19	86	0	0	1	2561	Caudoviricetes	NA	NA	PF04708;COG1961;K14060	Site-specific DNA recombinase related to the DNA invertase Pin
k127_345818_1	3	767	765	-1	0.643	11	None	GENOMAD.013124.VV	1.233e-08	58	0	0	1	377	Drexlerviridae	NA	NA	PF13262;COG5410	NA
k127_393259_1	1	465	465	1	0.368	11	None	NA	NA	NA	0	0	0	1	NA	NA	NA	NA	NA
k127_393259_2	551	2782	2232	1	0.345	11	TAT	NA	NA	NA	0	0	0	1	NA	NA	NA	NA	NA
k127_108726_1	49	327	279	-1	0.652	11	None	GENOMAD.154021.VP	2.499e-07	49	0	0	1	2561	Caudoviricetes	NA	NA	PF07141;TIGR03384	Putative bacteriophage terminase small subunit
k127_346240_1	133	1353	1221	1	0.393	11	TATA	NA	NA	NA	0	0	0	1	NA	NA	NA	NA	NA
k127_346240_2	1410	4241	2832	1	0.321	11	ATCTA	NA	NA	NA	0	0	0	1	NA	NA	NA	NA	NA
k127_156671_1	1	339	339	1	0.516	11	None	GENOMAD.218127.VP	1.205e-06	48	0	0	1	2561	Caudoviricetes	NA	NA	PF07471;COG4220;K22014;TIGR02043	Phage DNA packaging protein, Nu1 subunit of terminase
k127_204093_1	3	368	366	-1	0.639	11	None	GENOMAD.148122.VP	3.798e-23	96	0	0	1	2561	Caudoviricetes	NA	NA	PF20441	Terminase large subunit, endonuclease domain
k127_299977_1	2	1036	1035	-1	0.599	11	None	GENOMAD.019218.VV	2.388e-87	293	0	0	1	2561	Caudoviricetes	NA	NA	COG5410	NA
k127_110133_1	2	304	303	1	0.515	11	None	GENOMAD.211707.VV	0.0004696	40	0	0	1	1	NA	NA	NA	PF11242;COG2826;TIGR02844;K01994	Transposase and inactivated derivatives, IS30 family
k127_15208_1	1	441	441	-1	0.667	11	None	GENOMAD.061091.VV	3.604e-26	106	0	0	1	2561	Caudoviricetes	NA	NA	PF17212	Tail tubular protein
k127_110466_1	2	637	636	1	0.303	11	None	GENOMAD.056741.VV	0.0001112	45	0	0	1	5678	Poxviridae	NA	NA	PF04665;TIGR00678;COG1618;K17240	Poxvirus A32 protein
k127_251615_1	1	444	444	1	0.653	11	None	GENOMAD.013124.VV	5.009e-13	68	0	0	1	377	Drexlerviridae	NA	NA	PF13262;COG5410	NA
k127_348056_1	2	220	219	-1	0.603	11	None	GENOMAD.147427.VP	6.345e-06	44	0	0	1	2561	Caudoviricetes	NA	NA	PF07141	Putative bacteriophage terminase small subunit
k127_443280_1	216	1241	1026	-1	0.579	11	None	GENOMAD.019218.VV	5.01e-28	119	0	0	1	2561	Caudoviricetes	NA	NA	COG5410	NA
k127_206064_1	1	312	312	-1	0.657	11	None	GENOMAD.013124.VV	4.341e-06	46	0	0	1	377	Drexlerviridae	NA	NA	PF13262;COG5410	NA
k127_111270_1	34	555	522	-1	0.642	11	None	GENOMAD.013210.VV	1.553e-19	88	0	0	1	2561	Caudoviricetes	NA	NA	PF00211;PF08994;PF08993;COG2114	Adenylate and Guanylate cyclase catalytic domain; T4 gene Gp59 loader of gp41 DNA helicase C-term; T4 gene Gp59 loader of gp41 DNA helicase
k127_16287_1	2	406	405	-1	0.595	11	None	GENOMAD.151092.VV	2.521e-05	45	0	0	1	2561	Caudoviricetes	NA	NA	PF09588;COG5377;TIGR03033;K01143	Phage-related protein, predicted endonuclease
k127_206287_1	33	305	273	-1	0.692	11	None	GENOMAD.107803.VV	6.385e-05	42	0	0	1	1	NA	NA	NA	PF11242;TIGR03879;COG1342	probable regulatory domain
k127_348897_1	1	435	435	1	0.630	11	None	GENOMAD.002932.VV	2.136e-12	66	0	0	1	2561	Caudoviricetes	NA	NA	TIGR01630;COG5362	phage uncharacterized protein (putative large terminase), C-terminal domain
k127_348897_2	432	554	123	1	0.585	11	None	NA	NA	NA	0	0	0	1	NA	NA	NA	NA	NA
k127_206581_1	3	110	108	-1	0.630	11	AGGAG	NA	NA	NA	0	0	0	1	NA	NA	NA	NA	NA
k127_206581_2	120	785	666	-1	0.631	11	None	GENOMAD.190144.VV	3.337e-08	56	0	0	1	2561	Caudoviricetes	NA	NA	COG4675	Microcystin-dependent protein  (function unknown)
k127_444009_1	1	765	765	-1	0.643	11	None	GENOMAD.169508.VP	1.317e-09	61	0	0	1	2561	Caudoviricetes	NA	NA	PF04708;PF13262;COG1961;K14060	Site-specific DNA recombinase related to the DNA invertase Pin
k127_444009_2	854	1135	282	-1	0.613	11	None	GENOMAD.077972.VV	1.229e-14	70	0	0	0	2561	Caudoviricetes	NA	NA	PF00589;COG4973;K21039;TIGR02249	Site-specific recombinase XerC
k127_349275_1	1	282	282	1	0.656	11	None	NA	NA	NA	0	0	0	1	NA	NA	NA	NA	NA
k127_349275_2	269	1231	963	1	0.637	11	None	GENOMAD.169508.VP	6.902e-25	109	0	0	1	2561	Caudoviricetes	NA	NA	PF04708;PF13262;COG1961;K14060	Site-specific DNA recombinase related to the DNA invertase Pin
k127_396663_1	3	497	495	1	0.610	11	None	NA	NA	NA	0	0	0	1	NA	NA	NA	NA	NA
k127_396663_2	605	1180	576	1	0.592	11	None	GENOMAD.116655.VV	2.413e-42	155	0	0	1	2561	Caudoviricetes	NA	NA	PF04860;TIGR01537;COG5005	phage portal protein, HK97 family
k127_302087_1	2	580	579	-1	0.566	11	None	GENOMAD.060259.VV	1.933e-06	50	0	0	1	2561	Caudoviricetes	NA	NA	PF20307;TIGR02236;COG0468;K04484	Divergent DnaB-like ATPase
k127_302487_1	2	166	165	-1	0.624	11	None	NA	NA	NA	0	0	0	1	NA	NA	NA	NA	NA
k127_302487_2	243	380	138	1	0.674	11	None	GENOMAD.154824.VP	1.171e-09	53	0	0	1	2561	Caudoviricetes	NA	NA	PF07141;TIGR00721;COG4584	Putative bacteriophage terminase small subunit
k127_253493_1	1	480	480	-1	0.625	11	GGA/GAG/AGG	GENOMAD.023991.VV	1.808e-10	61	0	0	1	2561	Caudoviricetes	NA	NA	COG5410	Mu-like prophage FluMu protein gp28
k127_444920_1	1	519	519	1	0.615	11	None	GENOMAD.169508.VP	1.849e-27	111	0	0	1	2561	Caudoviricetes	NA	NA	PF04708;PF13262;COG1961;K14060	Site-specific DNA recombinase related to the DNA invertase Pin
k127_397526_1	159	437	279	1	0.563	11	GGA/GAG/AGG	GENOMAD.141999.VP	5.014e-08	51	0	0	1	2561	Caudoviricetes	NA	NA	PF16677;TIGR02844;COG2826;K00204	DNA-packaging protein gp3
k127_253745_1	3	383	381	1	0.601	11	None	GENOMAD.068048.VV	1.082e-13	69	0	0	1	2561	Caudoviricetes	NA	NA	PF20307;TIGR03600;K02314;COG0305	phage replicative helicase, DnaB family, HK022 subfamily
k127_65489_1	82	1449	1368	1	0.645	11	GGAG/GAGG	GENOMAD.099865.VV	6.197e-73	256	0	0	1	2561	Caudoviricetes	NA	NA	PF04466;PF17289;TIGR01547;COG5323;K06909	phage terminase, large subunit, PBSX family
k127_397803_1	2	460	459	1	0.571	11	None	GENOMAD.169508.VP	1.209e-23	99	0	0	1	2561	Caudoviricetes	NA	NA	PF04708;PF13262;COG1961;K14060	Site-specific DNA recombinase related to the DNA invertase Pin
k127_208072_1	2	331	330	1	0.639	11	None	GENOMAD.045267.VV	8.259e-10	57	0	0	1	2561	Caudoviricetes	NA	NA	PF20387;COG3864	Predicted metal-dependent peptidase
k127_350449_1	5	967	963	-1	0.551	11	None	GENOMAD.013210.VV	2.696e-18	89	0	0	1	2561	Caudoviricetes	NA	NA	PF00211;PF08994;PF08993;COG2114	Adenylate and Guanylate cyclase catalytic domain; T4 gene Gp59 loader of gp41 DNA helicase C-term; T4 gene Gp59 loader of gp41 DNA helicase
k127_303133_1	2	463	462	1	0.623	11	None	GENOMAD.169508.VP	9.325e-18	82	0	0	1	2561	Caudoviricetes	NA	NA	PF04708;PF13262;COG1961;K14060	Site-specific DNA recombinase related to the DNA invertase Pin
k127_445505_1	1	381	381	1	0.664	11	None	GENOMAD.084403.VV	7.468e-59	199	0	0	1	1	NA	NA	NA	PF04883;TIGR01725;COG5005	phage protein, HK97 gp10 family
k127_445660_1	60	344	285	1	0.537	11	GGxGG	GENOMAD.195656.VP	1.493e-05	44	0	0	1	9067	Straboviridae	NA	NA	PF19835;PF07453;TIGR01453;COG2827	group I intron endonuclease
k127_66171_1	3	308	306	-1	0.552	11	AGGAG	GENOMAD.208744.VP	1.352e-09	56	0	0	1	2561	Caudoviricetes	NA	NA	PF07141	Putative bacteriophage terminase small subunit
k127_208770_1	3	152	150	-1	0.680	11	None	GENOMAD.154824.VP	2.862e-10	55	0	0	1	2561	Caudoviricetes	NA	NA	PF07141;TIGR00721;COG4584	Putative bacteriophage terminase small subunit
k127_208770_2	178	534	357	-1	0.636	11	None	GENOMAD.038338.VV	1.413e-15	74	0	0	0	2561	Caudoviricetes	NA	NA	COG3392	NA
k127_254655_1	1	366	366	-1	0.667	11	None	GENOMAD.073447.VV	1.277e-09	57	0	0	1	2561	Caudoviricetes	NA	NA	PF00580;TIGR04095;COG4373	UvrD/REP helicase N-terminal domain
k127_446190_1	3	335	333	-1	0.664	11	None	GENOMAD.073447.VV	9.41e-09	54	0	0	1	2561	Caudoviricetes	NA	NA	PF00580;TIGR04095;COG4373	UvrD/REP helicase N-terminal domain
k127_304034_1	3	914	912	-1	0.686	11	None	GENOMAD.053137.VV	9.619e-29	120	0	0	1	2561	Caudoviricetes	NA	NA	PF17482	Phage tail sheath C-terminal domain
k127_304040_1	2	379	378	-1	0.717	11	None	GENOMAD.053137.VV	5.133e-13	67	0	0	1	2561	Caudoviricetes	NA	NA	PF17482	Phage tail sheath C-terminal domain
k127_446549_1	149	448	300	-1	0.633	11	None	GENOMAD.154021.VP	2.178e-11	61	0	0	1	2561	Caudoviricetes	NA	NA	PF07141;TIGR03384	Putative bacteriophage terminase small subunit
k127_161961_1	1	321	321	1	0.545	11	None	GENOMAD.149681.VV	1.348e-11	62	0	0	1	1	NA	NA	NA	PF11242	NA
k127_255156_1	3	350	348	-1	0.638	11	None	GENOMAD.053137.VV	7.817e-13	66	0	0	1	2561	Caudoviricetes	NA	NA	PF17482	Phage tail sheath C-terminal domain
k127_304559_1	1	660	660	-1	0.635	11	None	GENOMAD.023991.VV	1.541e-08	57	0	0	1	2561	Caudoviricetes	NA	NA	COG5410	Mu-like prophage FluMu protein gp28
k127_19700_1	158	565	408	1	0.630	11	None	GENOMAD.053100.VV	7.962e-12	64	0	0	1	1	NA	NA	NA	PF16510	Phage P22-like portal protein
k127_447018_1	3	1049	1047	1	0.634	11	None	GENOMAD.208446.VP	4.645e-20	95	0	0	0	2561	Caudoviricetes	NA	NA	PF01555;COG4725;K13581	N6-adenosine-specific RNA methylase IME4
k127_447018_2	1039	1425	387	1	0.587	11	GGAGG	GENOMAD.209380.VP	4.553e-05	44	0	0	0	2561	Caudoviricetes	NA	NA	PF18932	NA
k127_447018_3	1418	1666	249	1	0.590	11	None	GENOMAD.017632.VV	4.856e-05	42	0	0	1	2561	Caudoviricetes	NA	NA	PF03354;COG5410;TIGR01547	phage terminase, large subunit, PBSX family
k127_255450_1	2	469	468	-1	0.692	11	None	GENOMAD.116655.VV	8.01e-30	117	0	0	1	2561	Caudoviricetes	NA	NA	PF04860;TIGR01537;COG5005	phage portal protein, HK97 family
k127_19841_1	1	393	393	1	0.702	11	None	GENOMAD.124507.VV	6.134e-38	139	0	0	1	2561	Caudoviricetes	NA	NA	PF11242;K22300;COG3655;TIGR00673	DNA-binding transcriptional regulator, XRE family
k127_114773_1	2	316	315	-1	0.638	11	None	GENOMAD.064271.VV	1.245e-11	62	0	0	1	2561	Caudoviricetes	NA	NA	PF09588;COG5377	Phage-related protein, predicted endonuclease
k127_399565_1	3	152	150	-1	0.400	11	TAT	NA	NA	NA	0	0	0	1	NA	NA	NA	NA	NA
k127_399565_2	149	316	168	-1	0.321	11	None	GENOMAD.035718.VV	2.731e-06	44	0	0	1	2561	Caudoviricetes	NA	NA	PF11650	P22 tail accessory factor
k127_19961_1	1	306	306	1	0.657	11	None	GENOMAD.099865.VV	3.279e-16	75	0	0	1	2561	Caudoviricetes	NA	NA	PF04466;PF17289;TIGR01547;COG5323;K06909	phage terminase, large subunit, PBSX family
k127_209990_1	34	318	285	1	0.660	11	None	GENOMAD.147427.VP	2.177e-17	78	0	0	1	2561	Caudoviricetes	NA	NA	PF07141	Putative bacteriophage terminase small subunit
k127_352543_1	25	198	174	-1	0.626	11	AGGAG	NA	NA	NA	0	0	0	1	NA	NA	NA	NA	NA
k127_352543_2	259	873	615	-1	0.576	11	None	GENOMAD.084246.VV	4.989e-39	146	0	0	1	2561	Caudoviricetes	NA	NA	PF05954;COG3500;TIGR03361	Phage protein D
k127_20472_1	3	509	507	1	0.637	11	None	GENOMAD.013210.VV	8.096e-16	77	0	0	1	2561	Caudoviricetes	NA	NA	PF00211;PF08994;PF08993;COG2114	Adenylate and Guanylate cyclase catalytic domain; T4 gene Gp59 loader of gp41 DNA helicase C-term; T4 gene Gp59 loader of gp41 DNA helicase
k127_210621_1	1	690	690	-1	0.642	11	None	GENOMAD.013210.VV	6.715e-25	106	0	0	1	2561	Caudoviricetes	NA	NA	PF00211;PF08994;PF08993;COG2114	Adenylate and Guanylate cyclase catalytic domain; T4 gene Gp59 loader of gp41 DNA helicase C-term; T4 gene Gp59 loader of gp41 DNA helicase
k127_352987_1	2	637	636	1	0.623	11	None	GENOMAD.097639.VV	1.155e-31	125	0	0	1	2561	Caudoviricetes	NA	NA	PF17289;TIGR01630;COG5362	phage uncharacterized protein (putative large terminase), C-terminal domain
k127_20720_1	1	1089	1089	1	0.605	11	None	GENOMAD.169508.VP	4.31e-10	64	0	0	1	2561	Caudoviricetes	NA	NA	PF04708;PF13262;COG1961;K14060	Site-specific DNA recombinase related to the DNA invertase Pin
k127_163271_1	3	314	312	1	0.699	11	None	GENOMAD.159695.VP	7.987e-08	51	0	0	1	2561	Caudoviricetes	NA	NA	PF07141;TIGR00721;COG2826	Putative bacteriophage terminase small subunit
k127_353153_1	1	348	348	1	0.670	11	None	GENOMAD.119462.VV	6.459e-15	72	0	0	1	2561	Caudoviricetes	NA	NA	TIGR01543	phage prohead protease, HK97 family
k127_163414_1	3	926	924	1	0.646	11	None	GENOMAD.169508.VP	1.116e-24	108	0	0	1	2561	Caudoviricetes	NA	NA	PF04708;PF13262;COG1961;K14060	Site-specific DNA recombinase related to the DNA invertase Pin
k127_21077_1	1	462	462	1	0.649	11	None	GENOMAD.013210.VV	2.062e-17	81	0	0	1	2561	Caudoviricetes	NA	NA	PF00211;PF08994;PF08993;COG2114	Adenylate and Guanylate cyclase catalytic domain; T4 gene Gp59 loader of gp41 DNA helicase C-term; T4 gene Gp59 loader of gp41 DNA helicase
k127_163736_1	1	327	327	-1	0.584	11	None	GENOMAD.035454.VV	1.146e-05	45	0	0	1	2561	Caudoviricetes	NA	NA	PF04965;COG3628;K06903;TIGR03357	Phage baseplate assembly protein W
k127_116273_1	2	532	531	1	0.669	11	None	GENOMAD.050380.VV	2.544e-34	131	0	0	1	2561	Caudoviricetes	NA	NA	PF16510	Phage P22-like portal protein
k127_116273_2	529	672	144	1	0.660	11	None	NA	NA	NA	0	0	0	1	NA	NA	NA	NA	NA
k127_448692_1	3	428	426	1	0.648	11	None	GENOMAD.005158.VV	2.463e-09	57	0	0	1	2561	Caudoviricetes	NA	NA	PF04586;PF13395;TIGR02646;K06904	TIGR02646 family protein
k127_211578_1	2	358	357	1	0.675	11	None	GENOMAD.147017.VP	6.109e-25	101	0	0	1	2561	Caudoviricetes	NA	NA	PF04466;TIGR01547;COG1783	Phage terminase large subunit
k127_353987_1	292	585	294	-1	0.323	11	None	GENOMAD.070533.VV	1.668e-05	44	0	0	1	5947	Adintoviridae	NA	NA	PF00770	Adenovirus endoprotease
k127_211661_1	1	819	819	-1	0.692	11	None	GENOMAD.068590.VV	4.306e-12	69	0	0	1	2561	Caudoviricetes	NA	NA	PF13871;PF11242;K11654;TIGR00721	C-terminal domain on Strawberry notch homologue
k127_69282_1	313	660	348	1	0.626	11	GGA/GAG/AGG	GENOMAD.099754.VV	0.0001504	42	0	0	1	1	NA	NA	NA	PF17289;TIGR01630;COG5362	phage uncharacterized protein (putative large terminase), C-terminal domain
k127_69282_2	645	713	69	1	0.565	11	GGxGG	NA	NA	NA	0	0	0	1	NA	NA	NA	NA	NA
k127_116701_1	141	929	789	1	0.683	11	GGAG/GAGG	GENOMAD.013210.VV	1.923e-18	88	0	0	1	2561	Caudoviricetes	NA	NA	PF00211;PF08994;PF08993;COG2114	Adenylate and Guanylate cyclase catalytic domain; T4 gene Gp59 loader of gp41 DNA helicase C-term; T4 gene Gp59 loader of gp41 DNA helicase
k127_306897_1	3	335	333	1	0.640	11	None	GENOMAD.073447.VV	1.031e-07	51	0	0	1	2561	Caudoviricetes	NA	NA	PF00580;TIGR04095;COG4373	UvrD/REP helicase N-terminal domain
k127_69511_1	1	741	741	-1	0.634	11	None	GENOMAD.169508.VP	9.671e-28	115	0	0	1	2561	Caudoviricetes	NA	NA	PF04708;PF13262;COG1961;K14060	Site-specific DNA recombinase related to the DNA invertase Pin
k127_164902_1	1	225	225	-1	0.649	11	None	GENOMAD.017133.VV	9.648e-10	55	0	0	1	2561	Caudoviricetes	NA	NA	PF05894;TIGR01547;COG4373	Podovirus DNA encapsidation protein (Gp16)
k127_164902_2	338	757	420	-1	0.643	11	None	GENOMAD.154021.VP	1.094e-18	84	0	0	1	2561	Caudoviricetes	NA	NA	PF07141;TIGR03384	Putative bacteriophage terminase small subunit
k127_164902_3	750	860	111	-1	0.631	11	None	NA	NA	NA	0	0	0	1	NA	NA	NA	NA	NA
k127_70019_1	2	889	888	1	0.562	11	None	GENOMAD.060259.VV	1.347e-05	49	0	0	1	2561	Caudoviricetes	NA	NA	PF20307;TIGR02236;COG0468;K04484	Divergent DnaB-like ATPase
k127_70157_1	3	2687	2685	-1	0.489	11	None	NA	NA	NA	0	0	0	1	NA	NA	NA	NA	NA
k127_307628_1	3	311	309	-1	0.537	11	GGGG	NA	NA	NA	0	0	0	1	NA	NA	NA	NA	NA
k127_307628_2	308	1267	960	-1	0.560	11	None	GENOMAD.013210.VV	2.871e-31	128	0	0	1	2561	Caudoviricetes	NA	NA	PF00211;PF08994;PF08993;COG2114	Adenylate and Guanylate cyclase catalytic domain; T4 gene Gp59 loader of gp41 DNA helicase C-term; T4 gene Gp59 loader of gp41 DNA helicase
k127_212687_1	2	625	624	1	0.577	11	None	GENOMAD.142933.VP	1.008e-41	154	0	0	1	1	NA	NA	NA	COG3740;K06904	Phage head maturation protease
k127_212719_1	1	303	303	1	0.330	11	None	GENOMAD.070533.VV	7.585e-07	48	0	0	1	5947	Adintoviridae	NA	NA	PF00770	Adenovirus endoprotease
k127_70377_1	2	319	318	-1	0.591	11	None	GENOMAD.017314.VV	9.437e-23	94	0	0	1	2561	Caudoviricetes	NA	NA	PF04466;TIGR01547;COG1783;K06909	phage terminase, large subunit, PBSX family
k127_117741_1	3	500	498	-1	0.627	11	None	GENOMAD.013210.VV	1.3e-28	114	0	0	1	2561	Caudoviricetes	NA	NA	PF00211;PF08994;PF08993;COG2114	Adenylate and Guanylate cyclase catalytic domain; T4 gene Gp59 loader of gp41 DNA helicase C-term; T4 gene Gp59 loader of gp41 DNA helicase
k127_355193_1	2	310	309	-1	0.650	11	None	GENOMAD.218244.VP	1.272e-10	59	0	0	1	2561	Caudoviricetes	NA	NA	PF07030;COG4387	Mu-like prophage protein gp36
k127_23095_1	1	300	300	1	0.717	11	None	GENOMAD.124507.VV	1.308e-24	99	0	0	1	2561	Caudoviricetes	NA	NA	PF11242;K22300;COG3655;TIGR00673	DNA-binding transcriptional regulator, XRE family
k127_118049_1	2	304	303	-1	0.611	11	None	GENOMAD.213443.VV	2.392e-42	150	0	0	1	2561	Caudoviricetes	NA	NA	PF18906	Phage tail tube protein
k127_23491_1	3	74	72	1	0.667	11	None	NA	NA	NA	0	0	0	1	NA	NA	NA	NA	NA
k127_23491_2	281	1222	942	1	0.679	11	GGA/GAG/AGG	GENOMAD.013210.VV	4.427e-15	79	0	0	1	2561	Caudoviricetes	NA	NA	PF00211;PF08994;PF08993;COG2114	Adenylate and Guanylate cyclase catalytic domain; T4 gene Gp59 loader of gp41 DNA helicase C-term; T4 gene Gp59 loader of gp41 DNA helicase
k127_118424_1	1	330	330	1	0.658	11	None	GENOMAD.097639.VV	1.686e-18	82	0	0	1	2561	Caudoviricetes	NA	NA	PF17289;TIGR01630;COG5362	phage uncharacterized protein (putative large terminase), C-terminal domain
k127_258906_1	2	571	570	1	0.718	11	None	GENOMAD.057710.VV	8.364e-06	48	0	0	1	2561	Caudoviricetes	NA	NA	PF00589;PF04860;K07358;TIGR01537	Phage integrase family; Phage portal protein
k127_71190_1	3	389	387	1	0.571	11	None	GENOMAD.195656.VP	9.435e-06	46	0	0	1	9067	Straboviridae	NA	NA	PF19835;PF07453;TIGR01453;COG2827	group I intron endonuclease
k127_213661_1	1	870	870	1	0.629	11	None	GENOMAD.013124.VV	1.42e-15	80	0	0	1	377	Drexlerviridae	NA	NA	PF13262;COG5410	NA
k127_213661_2	871	1341	471	1	0.618	11	None	GENOMAD.002932.VV	1.777e-08	55	0	0	1	2561	Caudoviricetes	NA	NA	TIGR01630;COG5362	phage uncharacterized protein (putative large terminase), C-terminal domain
k127_213661_3	1373	1579	207	-1	0.633	11	None	NA	NA	NA	0	0	0	1	NA	NA	NA	NA	NA
k127_166603_1	1	714	714	-1	0.646	11	None	GENOMAD.013210.VV	1.523e-28	117	0	0	1	2561	Caudoviricetes	NA	NA	PF00211;PF08994;PF08993;COG2114	Adenylate and Guanylate cyclase catalytic domain; T4 gene Gp59 loader of gp41 DNA helicase C-term; T4 gene Gp59 loader of gp41 DNA helicase
k127_309123_1	2	334	333	1	0.471	11	None	GENOMAD.023991.VV	7.087e-28	109	0	0	1	2561	Caudoviricetes	NA	NA	COG5410	Mu-like prophage FluMu protein gp28
k127_119538_1	143	349	207	1	0.628	11	AGGAG	GENOMAD.129590.VP	2.293e-13	65	0	0	1	2561	Caudoviricetes	NA	NA	PF07141	Putative bacteriophage terminase small subunit
k127_309931_1	3	323	321	1	0.639	11	None	GENOMAD.068048.VV	8.157e-17	77	0	0	1	2561	Caudoviricetes	NA	NA	PF20307;TIGR03600;K02314;COG0305	phage replicative helicase, DnaB family, HK022 subfamily
k127_404712_1	1	81	81	-1	0.556	11	AGGAG	NA	NA	NA	0	0	0	1	NA	NA	NA	NA	NA
k127_404712_2	162	341	180	-1	0.622	11	GGA/GAG/AGG	GENOMAD.158545.VP	4.428e-17	75	0	0	1	1	NA	NA	NA	PF13554	Bacteriophage related domain of unknown function
k127_120046_1	1	357	357	1	0.429	11	None	GENOMAD.100198.VP	1.844e-29	114	0	0	1	2561	Caudoviricetes	NA	NA	PF04883;TIGR01725;COG5005	phage protein, HK97 gp10 family
k127_405197_1	70	516	447	-1	0.617	11	GGAG/GAGG	GENOMAD.063098.VV	1.616e-05	46	0	0	1	2561	Caudoviricetes	NA	NA	PF11126	Transcriptional regulator DsbA
k127_25440_1	2	427	426	1	0.660	11	None	GENOMAD.013210.VV	1.852e-13	69	0	0	1	2561	Caudoviricetes	NA	NA	PF00211;PF08994;PF08993;COG2114	Adenylate and Guanylate cyclase catalytic domain; T4 gene Gp59 loader of gp41 DNA helicase C-term; T4 gene Gp59 loader of gp41 DNA helicase
k127_452764_1	105	515	411	-1	0.584	11	AGGAG	GENOMAD.129590.VP	4.393e-19	85	0	0	1	2561	Caudoviricetes	NA	NA	PF07141	Putative bacteriophage terminase small subunit
k127_215728_1	3	323	321	1	0.654	11	None	GENOMAD.154021.VP	1.104e-13	68	0	0	1	2561	Caudoviricetes	NA	NA	PF07141;TIGR03384	Putative bacteriophage terminase small subunit
k127_73712_1	1	324	324	-1	0.580	11	None	GENOMAD.208608.VV	1.271e-12	65	0	0	1	2561	Caudoviricetes	NA	NA	PF07141	Putative bacteriophage terminase small subunit
k127_453483_1	3	326	324	-1	0.633	11	None	GENOMAD.148016.VP	1.014e-06	48	0	0	1	2561	Caudoviricetes	NA	NA	PF05119;COG3747;TIGR01558	Phage terminase, small subunit
k127_261486_1	2	526	525	1	0.615	11	None	GENOMAD.169508.VP	1.779e-18	85	0	0	1	2561	Caudoviricetes	NA	NA	PF04708;PF13262;COG1961;K14060	Site-specific DNA recombinase related to the DNA invertase Pin
k127_216336_1	1	222	222	-1	0.599	11	GGAGG	GENOMAD.093978.VV	6.629e-06	44	0	0	0	2561	Caudoviricetes	NA	NA	PF18932	NA
k127_216336_2	212	1540	1329	-1	0.629	11	GGAG/GAGG	GENOMAD.208446.VP	1.941e-33	138	0	0	0	2561	Caudoviricetes	NA	NA	PF01555;COG4725;K13581	N6-adenosine-specific RNA methylase IME4
k127_216336_3	1854	2588	735	-1	0.586	11	GGAG/GAGG	NA	NA	NA	0	0	0	1	NA	NA	NA	NA	NA
k127_261727_1	1	429	429	-1	0.578	11	None	GENOMAD.010633.VV	6.526e-06	47	0	0	1	2561	Caudoviricetes	NA	NA	PF11650	P22 tail accessory factor
k127_311620_1	131	655	525	-1	0.411	15	None	GENOMAD.145242.VV	6.986e-74	245	0	0	1	2790	Microviridae	NA	NA	PF02306	Major spike protein (G protein)
k127_121546_1	234	527	294	-1	0.333	11	None	GENOMAD.070533.VV	7.492e-06	45	0	0	1	5947	Adintoviridae	NA	NA	PF00770	Adenovirus endoprotease
k127_216753_1	3	362	360	1	0.536	11	None	GENOMAD.126169.VV	7.126e-40	144	0	0	1	2561	Caudoviricetes	NA	NA	PF04586;K06904;COG3740;TIGR01543	Phage head maturation protease
k127_359227_1	106	501	396	-1	0.394	11	AAT	GENOMAD.030656.VV	2.132e-06	48	0	0	1	12031	Mimiviridae	NA	NA	PF03290	Vaccinia virus I7 processing peptidase
k127_359227_2	504	587	84	-1	0.369	11	None	NA	NA	NA	0	0	0	1	NA	NA	NA	NA	NA
k127_407027_1	3	560	558	-1	0.642	11	None	GENOMAD.097639.VV	1.206e-28	115	0	0	1	2561	Caudoviricetes	NA	NA	PF17289;TIGR01630;COG5362	phage uncharacterized protein (putative large terminase), C-terminal domain
k127_74852_1	1	102	102	-1	0.706	11	None	GENOMAD.147427.VP	1.019e-05	41	0	0	1	2561	Caudoviricetes	NA	NA	PF07141	Putative bacteriophage terminase small subunit
k127_74852_2	144	428	285	-1	0.642	11	None	GENOMAD.059582.VV	1.284e-14	70	0	0	1	2561	Caudoviricetes	NA	NA	TIGR01725	phage protein, HK97 gp10 family
k127_454461_1	1	570	570	-1	0.602	11	None	GENOMAD.116655.VV	1.543e-37	141	0	0	1	2561	Caudoviricetes	NA	NA	PF04860;TIGR01537;COG5005	phage portal protein, HK97 family
k127_27515_1	1	222	222	1	0.257	15	None	GENOMAD.070884.VV	2.62e-07	48	0	0	1	2561	Caudoviricetes	NA	NA	K18949	NA
k127_122438_1	1	405	405	-1	0.373	11	None	GENOMAD.030656.VV	1.976e-09	57	0	0	1	12031	Mimiviridae	NA	NA	PF03290	Vaccinia virus I7 processing peptidase
k127_262686_1	1	507	507	1	0.690	11	None	GENOMAD.065578.VV	7.248e-37	138	0	0	1	2561	Caudoviricetes	NA	NA	PF04860;PF04233;TIGR01537;COG4695;K06904	phage portal protein, HK97 family
k127_27836_1	1	573	573	1	0.623	11	None	GENOMAD.022372.VV	3.856e-26	108	0	0	1	2561	Caudoviricetes	NA	NA	PF04708;COG1961;K14060	Site-specific DNA recombinase related to the DNA invertase Pin
k127_455081_1	1	1761	1761	1	0.331	11	None	NA	NA	NA	0	0	0	1	NA	NA	NA	NA	NA
k127_312955_1	2	118	117	-1	0.658	11	GGAG/GAGG	NA	NA	NA	0	0	0	1	NA	NA	NA	NA	NA
k127_312955_2	115	552	438	-1	0.648	11	None	GENOMAD.223594.VP	6.59e-07	50	0	0	1	2561	Caudoviricetes	NA	NA	PF11994;PF09684;TIGR01634;COG4385	phage tail protein, P2 protein I family
k127_313009_1	3	308	306	-1	0.614	11	None	GENOMAD.213443.VV	8.402e-38	137	0	0	1	2561	Caudoviricetes	NA	NA	PF18906	Phage tail tube protein
k127_75650_1	3	467	465	1	0.637	11	None	GENOMAD.169508.VP	2.895e-23	98	0	0	1	2561	Caudoviricetes	NA	NA	PF04708;PF13262;COG1961;K14060	Site-specific DNA recombinase related to the DNA invertase Pin
k127_407896_1	1	207	207	1	0.343	11	None	GENOMAD.070533.VV	2.364e-06	45	0	0	1	5947	Adintoviridae	NA	NA	PF00770	Adenovirus endoprotease
k127_407897_1	1	291	291	1	0.326	11	None	GENOMAD.070533.VV	7.218e-06	45	0	0	1	5947	Adintoviridae	NA	NA	PF00770	Adenovirus endoprotease
k127_360683_1	1	315	315	1	0.603	11	None	GENOMAD.026922.VV	4.498e-06	46	0	0	1	2561	Caudoviricetes	NA	NA	PF04985;COG3498;K06908;TIGR01611	Phage tail tube protein FII
k127_123336_1	3	332	330	-1	0.248	4	None	GENOMAD.154384.VP	5.81e-05	43	0	0	1	2561	Caudoviricetes	NA	NA	PF19835;TIGR01453;COG3680	group I intron endonuclease
k127_28376_1	1	528	528	-1	0.653	11	None	GENOMAD.116655.VV	4.741e-36	136	0	0	1	2561	Caudoviricetes	NA	NA	PF04860;TIGR01537;COG5005	phage portal protein, HK97 family
k127_455656_1	1	312	312	-1	0.631	11	None	GENOMAD.129999.VP	6.563e-10	57	0	0	1	2561	Caudoviricetes	NA	NA	PF04708;COG1961;K21528	Site-specific DNA recombinase related to the DNA invertase Pin
k127_218906_1	2	400	399	-1	0.632	11	None	GENOMAD.182236.VP	4.963e-06	47	0	0	1	2561	Caudoviricetes	NA	NA	PF16724;COG4119;TIGR02705;K12152	T4-like virus Myoviridae tail sheath stabiliser
k127_456154_1	3	449	447	-1	0.644	11	AGGAG	GENOMAD.159695.VP	5.177e-13	68	0	0	1	2561	Caudoviricetes	NA	NA	PF07141;TIGR00721;COG2826	Putative bacteriophage terminase small subunit
k127_456233_1	3	335	333	-1	0.577	11	None	GENOMAD.158965.VP	3.492e-35	130	0	0	1	2561	Caudoviricetes	NA	NA	PF05772;PF04404;COG5362	NinB protein; ERF superfamily
k127_76793_1	3	437	435	-1	0.605	11	None	GENOMAD.169508.VP	1.492e-17	81	0	0	1	2561	Caudoviricetes	NA	NA	PF04708;PF13262;COG1961;K14060	Site-specific DNA recombinase related to the DNA invertase Pin
k127_456331_1	3	491	489	1	0.519	11	None	GENOMAD.008604.VV	1.914e-10	61	0	0	1	2561	Caudoviricetes	NA	NA	PF03420;PF18143	Prohead core protein serine protease; HAD domain in Swiss Army Knife RNA repair proteins
k127_456331_2	616	1125	510	1	0.543	11	None	NA	NA	NA	0	0	0	1	NA	NA	NA	NA	NA
k127_456331_3	1157	1252	96	1	0.552	11	None	NA	NA	NA	0	0	0	1	NA	NA	NA	NA	NA
k127_219387_1	3	317	315	-1	0.641	11	None	GENOMAD.017632.VV	8.289e-08	51	0	0	1	2561	Caudoviricetes	NA	NA	PF03354;COG5410;TIGR01547	phage terminase, large subunit, PBSX family
k127_77116_1	1	825	825	1	0.607	11	None	GENOMAD.116655.VV	1.228e-133	423	0	0	1	2561	Caudoviricetes	NA	NA	PF04860;TIGR01537;COG5005	phage portal protein, HK97 family
k127_77116_2	985	1311	327	1	0.572	11	AGGAG	GENOMAD.096777.VV	2.114e-47	165	0	0	0	1	NA	NA	NA	NA	NA
k127_77170_1	3	65	63	-1	0.714	11	GGAG/GAGG	NA	NA	NA	0	0	0	1	NA	NA	NA	NA	NA
k127_77170_2	62	469	408	-1	0.627	11	None	GENOMAD.100194.VV	6.01e-15	73	0	0	1	2561	Caudoviricetes	NA	NA	PF04466;TIGR01547;COG5323	Phage terminase large subunit
k127_264496_1	1	483	483	1	0.627	11	None	GENOMAD.169508.VP	8.724e-22	94	0	0	1	2561	Caudoviricetes	NA	NA	PF04708;PF13262;COG1961;K14060	Site-specific DNA recombinase related to the DNA invertase Pin
k127_314707_1	2	586	585	1	0.648	11	None	GENOMAD.013210.VV	1.94e-05	47	0	0	1	2561	Caudoviricetes	NA	NA	PF00211;PF08994;PF08993;COG2114	Adenylate and Guanylate cyclase catalytic domain; T4 gene Gp59 loader of gp41 DNA helicase C-term; T4 gene Gp59 loader of gp41 DNA helicase
k127_219961_1	1	213	213	1	0.568	11	None	NA	NA	NA	0	0	0	1	NA	NA	NA	NA	NA
k127_219961_2	197	709	513	1	0.563	11	GGAGG	GENOMAD.009848.VV	1.451e-19	88	0	0	1	9913	Herelleviridae	NA	NA	COG5377;TIGR03033	Phage-related protein, predicted endonuclease
k127_362456_1	3	797	795	1	0.628	11	None	GENOMAD.169508.VP	1.51e-09	61	0	0	1	2561	Caudoviricetes	NA	NA	PF04708;PF13262;COG1961;K14060	Site-specific DNA recombinase related to the DNA invertase Pin
k127_315164_1	1	669	669	1	0.641	11	None	GENOMAD.099865.VV	1.935e-40	151	0	0	1	2561	Caudoviricetes	NA	NA	PF04466;PF17289;TIGR01547;COG5323;K06909	phage terminase, large subunit, PBSX family
k127_410113_1	1	1212	1212	1	0.483	11	None	NA	NA	NA	0	0	0	1	NA	NA	NA	NA	NA
k127_410113_2	1599	2981	1383	1	0.500	11	None	NA	NA	NA	0	0	0	1	NA	NA	NA	NA	NA
k127_410233_1	1	159	159	-1	0.654	11	None	NA	NA	NA	0	0	0	1	NA	NA	NA	NA	NA
k127_410233_2	156	788	633	-1	0.682	11	GGA/GAG/AGG	GENOMAD.140351.VV	2.65e-15	77	0	0	1	2561	Caudoviricetes	NA	NA	COG4675	Microcystin-dependent protein  (function unknown)
k127_410233_3	785	1714	930	-1	0.680	11	None	GENOMAD.033798.VV	1.092e-69	240	0	0	1	2561	Caudoviricetes	NA	NA	PF11134	Phage stabilisation protein
k127_78108_1	2	478	477	-1	0.621	11	None	GENOMAD.051174.VV	3.403e-32	124	0	0	1	2561	Caudoviricetes	NA	NA	PF16510	Phage P22-like portal protein
k127_265410_1	2	382	381	1	0.680	11	None	GENOMAD.154686.VV	8.237e-25	101	0	0	1	2561	Caudoviricetes	NA	NA	PF17288	Terminase RNAseH like domain
k127_173261_1	93	365	273	1	0.656	11	AGGAG	GENOMAD.009413.VV	3.123e-12	63	0	0	1	2561	Caudoviricetes	NA	NA	TIGR01547	phage terminase, large subunit, PBSX family
k127_125625_1	3	677	675	-1	0.628	11	None	GENOMAD.013124.VV	7.558e-08	55	0	0	1	377	Drexlerviridae	NA	NA	PF13262;COG5410	NA
k127_78314_1	3	590	588	1	0.600	11	None	GENOMAD.068048.VV	1.609e-17	83	0	0	1	2561	Caudoviricetes	NA	NA	PF20307;TIGR03600;K02314;COG0305	phage replicative helicase, DnaB family, HK022 subfamily
k127_265639_1	1	375	375	1	0.611	11	None	GENOMAD.105412.VV	3.281e-08	53	0	0	1	2561	Caudoviricetes	NA	NA	COG4675	Microcystin-dependent protein  (function unknown)
k127_265639_2	379	459	81	1	0.457	11	GGA/GAG/AGG	NA	NA	NA	0	0	0	1	NA	NA	NA	NA	NA
k127_125817_1	1	561	561	-1	0.665	11	None	GENOMAD.013210.VV	2.464e-19	88	0	0	1	2561	Caudoviricetes	NA	NA	PF00211;PF08994;PF08993;COG2114	Adenylate and Guanylate cyclase catalytic domain; T4 gene Gp59 loader of gp41 DNA helicase C-term; T4 gene Gp59 loader of gp41 DNA helicase
k127_265727_1	2	385	384	-1	0.516	11	None	GENOMAD.017632.VV	9.435e-06	46	0	0	1	2561	Caudoviricetes	NA	NA	PF03354;COG5410;TIGR01547	phage terminase, large subunit, PBSX family
k127_265871_1	75	596	522	-1	0.676	11	None	GENOMAD.068048.VV	2.141e-14	73	0	0	1	2561	Caudoviricetes	NA	NA	PF20307;TIGR03600;K02314;COG0305	phage replicative helicase, DnaB family, HK022 subfamily
k127_411066_1	3	371	369	1	0.583	11	None	GENOMAD.068048.VV	2.262e-12	65	0	0	1	2561	Caudoviricetes	NA	NA	PF20307;TIGR03600;K02314;COG0305	phage replicative helicase, DnaB family, HK022 subfamily
k127_221303_1	3	461	459	-1	0.580	11	None	GENOMAD.068048.VV	1.05e-15	76	0	0	1	2561	Caudoviricetes	NA	NA	PF20307;TIGR03600;K02314;COG0305	phage replicative helicase, DnaB family, HK022 subfamily
k127_411176_1	1	1188	1188	-1	0.628	11	None	GENOMAD.169508.VP	9.257e-09	60	0	0	1	2561	Caudoviricetes	NA	NA	PF04708;PF13262;COG1961;K14060	Site-specific DNA recombinase related to the DNA invertase Pin
k127_316568_1	1	546	546	1	0.661	11	None	GENOMAD.116655.VV	3.254e-10	61	0	0	1	2561	Caudoviricetes	NA	NA	PF04860;TIGR01537;COG5005	phage portal protein, HK97 family
k127_266346_1	3	278	276	1	0.652	11	None	NA	NA	NA	0	0	0	1	NA	NA	NA	NA	NA
k127_266346_2	236	622	387	1	0.643	11	None	GENOMAD.002932.VV	1.75e-08	54	0	0	1	2561	Caudoviricetes	NA	NA	TIGR01630;COG5362	phage uncharacterized protein (putative large terminase), C-terminal domain
k127_316814_1	3	308	306	1	0.614	11	None	GENOMAD.147427.VP	6.454e-09	54	0	0	1	2561	Caudoviricetes	NA	NA	PF07141	Putative bacteriophage terminase small subunit
k127_316814_2	253	738	486	1	0.679	11	None	GENOMAD.039786.VV	4.541e-08	54	0	0	0	2561	Caudoviricetes	NA	NA	NA	NA
k127_126847_1	2	238	237	1	0.565	11	None	NA	NA	NA	0	0	0	1	NA	NA	NA	NA	NA
k127_126847_2	235	681	447	1	0.595	11	GGAG/GAGG	GENOMAD.017632.VV	7.018e-08	53	0	0	1	2561	Caudoviricetes	NA	NA	PF03354;COG5410;TIGR01547	phage terminase, large subunit, PBSX family
k127_79776_1	2	337	336	-1	0.622	11	None	GENOMAD.116914.VV	2.802e-05	44	0	0	1	2561	Caudoviricetes	NA	NA	PF04865;COG3299	Baseplate J-like protein
k127_412148_1	1	585	585	1	0.573	11	None	GENOMAD.102926.VP	2.02e-09	59	0	0	0	2561	Caudoviricetes	NA	NA	PF04404	ERF superfamily
k127_412148_2	569	1246	678	1	0.575	11	GGAGG	GENOMAD.009848.VV	6.693e-22	97	0	0	1	9913	Herelleviridae	NA	NA	COG5377;TIGR03033	Phage-related protein, predicted endonuclease
k127_127435_1	3	332	330	-1	0.539	11	None	GENOMAD.042498.VV	4.9e-07	49	0	0	1	2561	Caudoviricetes	NA	NA	PF09293	T4 RNase H, C terminal
k127_364811_1	3	308	306	-1	0.725	11	None	GENOMAD.053137.VV	1.494e-08	53	0	0	1	2561	Caudoviricetes	NA	NA	PF17482	Phage tail sheath C-terminal domain
k127_317437_1	3	326	324	1	0.611	11	None	GENOMAD.002026.VV	2.455e-05	44	0	0	1	2561	Caudoviricetes	NA	NA	PF05766;TIGR02646	Bacteriophage Lambda NinG protein
k127_222460_1	1	381	381	1	0.575	11	None	GENOMAD.060259.VV	1.765e-07	51	0	0	1	2561	Caudoviricetes	NA	NA	PF20307;TIGR02236;COG0468;K04484	Divergent DnaB-like ATPase
k127_267568_1	1	660	660	1	0.656	11	None	GENOMAD.099865.VV	7.819e-41	152	0	0	1	2561	Caudoviricetes	NA	NA	PF04466;PF17289;TIGR01547;COG5323;K06909	phage terminase, large subunit, PBSX family
k127_412773_1	1	492	492	1	0.766	11	None	GENOMAD.124507.VV	4.712e-39	144	0	0	1	2561	Caudoviricetes	NA	NA	PF11242;K22300;COG3655;TIGR00673	DNA-binding transcriptional regulator, XRE family
k127_412773_2	438	551	114	-1	0.719	11	None	NA	NA	NA	0	0	0	1	NA	NA	NA	NA	NA
k127_365418_1	2	820	819	1	0.623	11	None	GENOMAD.181728.VV	2.187e-24	106	0	0	1	2561	Caudoviricetes	NA	NA	PF09588;COG5377;TIGR03033	Phage-related protein, predicted endonuclease
k127_365418_2	804	1208	405	1	0.647	11	None	GENOMAD.153720.VP	9.608e-09	55	0	0	0	377	Drexlerviridae	NA	NA	PF04404	ERF superfamily
k127_223075_1	3	470	468	-1	0.641	11	None	GENOMAD.104632.VP	1.128e-34	131	0	0	1	2561	Caudoviricetes	NA	NA	PF06378;PF04466;TIGR01547;COG5323	Phage terminase large subunit
k127_223138_1	3	362	360	1	0.528	11	None	GENOMAD.028761.VV	3.736e-14	70	0	0	1	2561	Caudoviricetes	NA	NA	PF14550;TIGR01543;COG3740;K06904	Putative phage serine protease XkdF
k127_175871_1	3	314	312	1	0.615	11	None	GENOMAD.100194.VV	4.852e-13	66	0	0	1	2561	Caudoviricetes	NA	NA	PF04466;TIGR01547;COG5323	Phage terminase large subunit
k127_267829_1	2	469	468	1	0.600	11	None	GENOMAD.151393.VP	1.19e-42	154	0	0	1	2561	Caudoviricetes	NA	NA	PF17288;TIGR01547;COG1783	phage terminase, large subunit, PBSX family
k127_413216_1	1	450	450	1	0.651	11	None	GENOMAD.068048.VV	4.624e-15	74	0	0	1	2561	Caudoviricetes	NA	NA	PF20307;TIGR03600;K02314;COG0305	phage replicative helicase, DnaB family, HK022 subfamily
k127_318564_1	1	999	999	1	0.654	11	None	GENOMAD.013210.VV	4.082e-31	128	0	0	1	2561	Caudoviricetes	NA	NA	PF00211;PF08994;PF08993;COG2114	Adenylate and Guanylate cyclase catalytic domain; T4 gene Gp59 loader of gp41 DNA helicase C-term; T4 gene Gp59 loader of gp41 DNA helicase
k127_460790_1	3	317	315	1	0.273	11	None	GENOMAD.072560.VV	2.134e-21	90	0	0	1	5947	Adintoviridae	NA	NA	PF00770	Adenovirus endoprotease
k127_366164_1	1	522	522	1	0.544	11	None	GENOMAD.017632.VV	0.0002805	43	0	0	1	2561	Caudoviricetes	NA	NA	PF03354;COG5410;TIGR01547	phage terminase, large subunit, PBSX family
k127_176546_1	2	511	510	-1	0.625	11	None	GENOMAD.169508.VP	8.891e-15	74	0	0	1	2561	Caudoviricetes	NA	NA	PF04708;PF13262;COG1961;K14060	Site-specific DNA recombinase related to the DNA invertase Pin
k127_413736_1	3	419	417	1	0.626	11	None	GENOMAD.045267.VV	6.162e-16	76	0	0	1	2561	Caudoviricetes	NA	NA	PF20387;COG3864	Predicted metal-dependent peptidase
k127_461416_1	24	602	579	-1	0.699	11	None	GENOMAD.118632.VP	1.696e-14	74	0	0	1	2561	Caudoviricetes	NA	NA	PF00476;PF07141	DNA polymerase family A; Putative bacteriophage terminase small subunit
k127_224378_1	592	2844	2253	1	0.464	11	TATA	GENOMAD.204830.VV	0.0009605	45	0	0	0	1	NA	NA	NA	NA	NA
k127_269028_1	139	621	483	-1	0.571	11	AAA	GENOMAD.147427.VP	6.464e-15	74	0	0	1	2561	Caudoviricetes	NA	NA	PF07141	Putative bacteriophage terminase small subunit
k127_129552_1	2	316	315	-1	0.616	11	None	GENOMAD.129999.VP	2.774e-11	61	0	0	1	2561	Caudoviricetes	NA	NA	PF04708;COG1961;K21528	Site-specific DNA recombinase related to the DNA invertase Pin
k127_224816_1	3	320	318	1	0.676	11	None	GENOMAD.068048.VV	1.06e-13	68	0	0	1	2561	Caudoviricetes	NA	NA	PF20307;TIGR03600;K02314;COG0305	phage replicative helicase, DnaB family, HK022 subfamily
k127_320078_1	11	421	411	-1	0.642	11	None	GENOMAD.068048.VV	6.778e-14	70	0	0	1	2561	Caudoviricetes	NA	NA	PF20307;TIGR03600;K02314;COG0305	phage replicative helicase, DnaB family, HK022 subfamily
k127_320083_1	3	413	411	1	0.647	11	None	GENOMAD.068048.VV	6.233e-15	73	0	0	1	2561	Caudoviricetes	NA	NA	PF20307;TIGR03600;K02314;COG0305	phage replicative helicase, DnaB family, HK022 subfamily
k127_367558_1	1	447	447	-1	0.624	11	None	GENOMAD.169508.VP	4.134e-16	77	0	0	1	2561	Caudoviricetes	NA	NA	PF04708;PF13262;COG1961;K14060	Site-specific DNA recombinase related to the DNA invertase Pin
k127_130432_1	62	304	243	1	0.634	11	GGAG/GAGG	GENOMAD.192935.VP	2.519e-10	57	0	0	1	2561	Caudoviricetes	NA	NA	PF07141;COG2826;TIGR02844	Putative bacteriophage terminase small subunit
k127_35347_1	2	562	561	-1	0.626	11	None	GENOMAD.169508.VP	6.853e-27	110	0	0	1	2561	Caudoviricetes	NA	NA	PF04708;PF13262;COG1961;K14060	Site-specific DNA recombinase related to the DNA invertase Pin
k127_35438_1	2	358	357	-1	0.496	11	None	GENOMAD.151436.VP	3.494e-05	44	0	0	1	2561	Caudoviricetes	NA	NA	PF17288;TIGR01547;COG1783	phage terminase, large subunit, PBSX family
k127_178448_1	3	1178	1176	1	0.586	11	None	GENOMAD.165534.VV	0.0001924	46	0	0	1	1	NA	NA	NA	PF05367	Phage endonuclease I
k127_35681_1	2	67	66	1	0.197	11	None	NA	NA	NA	0	0	0	1	NA	NA	NA	NA	NA
k127_35681_2	201	338	138	-1	0.254	11	None	NA	NA	NA	0	0	0	1	NA	NA	NA	NA	NA
k127_35681_3	360	764	405	-1	0.274	11	None	GENOMAD.072560.VV	3.211e-30	117	0	0	1	5947	Adintoviridae	NA	NA	PF00770	Adenovirus endoprotease
k127_130840_1	3	449	447	-1	0.595	11	None	GENOMAD.105748.VP	3.492e-06	48	0	0	1	377	Drexlerviridae	NA	NA	TIGR01630;COG5410	phage uncharacterized protein (putative large terminase), C-terminal domain
k127_35740_1	3	659	657	1	0.597	11	None	GENOMAD.022372.VV	1.228e-21	96	0	0	1	2561	Caudoviricetes	NA	NA	PF04708;COG1961;K14060	Site-specific DNA recombinase related to the DNA invertase Pin
k127_178658_1	3	860	858	1	0.620	11	None	GENOMAD.013210.VV	1.266e-28	119	0	0	1	2561	Caudoviricetes	NA	NA	PF00211;PF08994;PF08993;COG2114	Adenylate and Guanylate cyclase catalytic domain; T4 gene Gp59 loader of gp41 DNA helicase C-term; T4 gene Gp59 loader of gp41 DNA helicase
k127_178658_2	802	1287	486	1	0.547	11	GGAG/GAGG	NA	NA	NA	0	0	0	1	NA	NA	NA	NA	NA
k127_178658_3	1323	1430	108	1	0.611	11	AGGAGG	NA	NA	NA	0	0	0	1	NA	NA	NA	NA	NA
k127_35820_1	222	3188	2967	-1	0.334	11	None	NA	NA	NA	0	0	0	1	NA	NA	NA	NA	NA
k127_35820_2	3134	4255	1122	-1	0.406	11	None	NA	NA	NA	0	0	0	1	NA	NA	NA	NA	NA
k127_463046_1	2	346	345	1	0.643	11	None	GENOMAD.099865.VV	1.705e-20	88	0	0	1	2561	Caudoviricetes	NA	NA	PF04466;PF17289;TIGR01547;COG5323;K06909	phage terminase, large subunit, PBSX family
k127_463055_1	2	823	822	-1	0.642	11	GGA/GAG/AGG	GENOMAD.099865.VV	2.418e-40	153	0	0	1	2561	Caudoviricetes	NA	NA	PF04466;PF17289;TIGR01547;COG5323;K06909	phage terminase, large subunit, PBSX family
k127_83660_1	1	312	312	1	0.599	11	None	GENOMAD.002932.VV	4.341e-06	46	0	0	1	2561	Caudoviricetes	NA	NA	TIGR01630;COG5362	phage uncharacterized protein (putative large terminase), C-terminal domain
k127_131091_1	2	367	366	1	0.563	11	None	GENOMAD.109691.VV	6.949e-25	101	0	0	1	2561	Caudoviricetes	NA	NA	PF06141	Phage minor tail protein U
k127_416081_1	1	447	447	1	0.611	11	None	GENOMAD.116655.VV	5.764e-64	215	0	0	1	2561	Caudoviricetes	NA	NA	PF04860;TIGR01537;COG5005	phage portal protein, HK97 family
k127_463392_1	3	1595	1593	-1	0.654	11	None	GENOMAD.013124.VV	3.039e-25	114	0	0	1	377	Drexlerviridae	NA	NA	PF13262;COG5410	NA
k127_131492_1	2	340	339	1	0.617	11	None	GENOMAD.099865.VV	8.587e-19	83	0	0	1	2561	Caudoviricetes	NA	NA	PF04466;PF17289;TIGR01547;COG5323;K06909	phage terminase, large subunit, PBSX family
k127_84130_1	1	885	885	-1	0.673	11	None	GENOMAD.013210.VV	6.194e-13	72	0	0	1	2561	Caudoviricetes	NA	NA	PF00211;PF08994;PF08993;COG2114	Adenylate and Guanylate cyclase catalytic domain; T4 gene Gp59 loader of gp41 DNA helicase C-term; T4 gene Gp59 loader of gp41 DNA helicase
k127_84184_1	2	337	336	-1	0.619	11	None	GENOMAD.053100.VV	2.735e-22	93	0	0	1	1	NA	NA	NA	PF16510	Phage P22-like portal protein
k127_369125_1	3	548	546	-1	0.593	11	None	GENOMAD.169508.VP	1.397e-12	68	0	0	1	2561	Caudoviricetes	NA	NA	PF04708;PF13262;COG1961;K14060	Site-specific DNA recombinase related to the DNA invertase Pin
k127_131669_1	41	442	402	1	0.619	11	None	GENOMAD.017133.VV	4.864e-17	79	0	0	1	2561	Caudoviricetes	NA	NA	PF05894;TIGR01547;COG4373	Podovirus DNA encapsidation protein (Gp16)
k127_271543_1	2	319	318	-1	0.632	11	None	GENOMAD.053137.VV	7.061e-18	80	0	0	1	2561	Caudoviricetes	NA	NA	PF17482	Phage tail sheath C-terminal domain
k127_464585_1	3	104	102	-1	0.569	11	GGA/GAG/AGG	NA	NA	NA	0	0	0	1	NA	NA	NA	NA	NA
k127_464585_2	91	489	399	-1	0.561	11	None	GENOMAD.097639.VV	8.113e-10	58	0	0	1	2561	Caudoviricetes	NA	NA	PF17289;TIGR01630;COG5362	phage uncharacterized protein (putative large terminase), C-terminal domain
k127_464590_1	1	348	348	1	0.589	11	None	GENOMAD.097639.VV	5.107e-17	78	0	0	1	2561	Caudoviricetes	NA	NA	PF17289;TIGR01630;COG5362	phage uncharacterized protein (putative large terminase), C-terminal domain
k127_370108_1	37	510	474	1	0.622	11	GGAGG	GENOMAD.063098.VV	1.956e-06	49	0	0	1	2561	Caudoviricetes	NA	NA	PF11126	Transcriptional regulator DsbA
k127_85286_1	39	518	480	1	0.581	11	GGAG/GAGG	NA	NA	NA	0	0	0	1	NA	NA	NA	NA	NA
k127_85286_2	511	1143	633	1	0.637	11	GGA/GAG/AGG	GENOMAD.013124.VV	1.313e-13	72	0	0	1	377	Drexlerviridae	NA	NA	PF13262;COG5410	NA
k127_180419_1	3	332	330	-1	0.636	11	None	GENOMAD.032636.VV	1.087e-06	48	0	0	1	2561	Caudoviricetes	NA	NA	PF20307;PF07486;TIGR02239;COG0468;K18947	Divergent DnaB-like ATPase; Cell Wall Hydrolase
k127_464721_1	3	338	336	-1	0.512	11	None	GENOMAD.090257.VV	9.759e-09	54	0	0	1	2561	Caudoviricetes	NA	NA	PF05709;COG4722;TIGR01633	Phage tail protein
k127_464790_1	2	373	372	-1	0.648	11	None	GENOMAD.154021.VP	5.208e-12	64	0	0	1	2561	Caudoviricetes	NA	NA	PF07141;TIGR03384	Putative bacteriophage terminase small subunit
k127_85423_1	2	1072	1071	1	0.602	11	None	GENOMAD.020821.VV	3.246e-14	77	0	0	1	2561	Caudoviricetes	NA	NA	PF05876;PF16203;K14440;COG5410;TIGR04095	ERCC4-related helicase
k127_464825_1	2	730	729	-1	0.602	11	None	GENOMAD.032636.VV	4.91e-23	101	0	0	1	2561	Caudoviricetes	NA	NA	PF20307;PF07486;TIGR02239;COG0468;K18947	Divergent DnaB-like ATPase; Cell Wall Hydrolase
k127_322934_1	2	442	441	1	0.642	11	None	GENOMAD.223594.VP	3.095e-07	51	0	0	1	2561	Caudoviricetes	NA	NA	PF11994;PF09684;TIGR01634;COG4385	phage tail protein, P2 protein I family
k127_465106_1	2	1408	1407	-1	0.670	11	None	GENOMAD.013210.VV	1.153e-16	86	0	0	1	2561	Caudoviricetes	NA	NA	PF00211;PF08994;PF08993;COG2114	Adenylate and Guanylate cyclase catalytic domain; T4 gene Gp59 loader of gp41 DNA helicase C-term; T4 gene Gp59 loader of gp41 DNA helicase
k127_272512_1	3	362	360	1	0.511	11	None	GENOMAD.151436.VP	4.915e-11	61	0	0	1	2561	Caudoviricetes	NA	NA	PF17288;TIGR01547;COG1783	phage terminase, large subunit, PBSX family
k127_370956_1	1	477	477	1	0.654	11	None	GENOMAD.048660.VV	1.533e-32	125	0	0	1	2561	Caudoviricetes	NA	NA	PF16510	Phage P22-like portal protein
k127_86429_1	3	323	321	1	0.645	11	None	GENOMAD.121614.VP	9.786e-07	48	0	0	1	2561	Caudoviricetes	NA	NA	PF10758;COG3497	Phage tail sheath protein FI
k127_86532_1	3	359	357	-1	0.754	11	None	GENOMAD.124507.VV	2.496e-34	128	0	0	1	2561	Caudoviricetes	NA	NA	PF11242;K22300;COG3655;TIGR00673	DNA-binding transcriptional regulator, XRE family
k127_371516_1	3	1106	1104	1	0.652	11	None	GENOMAD.169508.VP	1.216e-18	91	0	0	1	2561	Caudoviricetes	NA	NA	PF04708;PF13262;COG1961;K14060	Site-specific DNA recombinase related to the DNA invertase Pin
k127_466033_1	2	202	201	-1	0.687	11	None	GENOMAD.091780.VV	1.149e-33	123	0	0	1	1	NA	NA	NA	PF11650	P22 tail accessory factor
k127_466033_2	199	339	141	-1	0.738	11	None	NA	NA	NA	0	0	0	1	NA	NA	NA	NA	NA
k127_181783_1	1	312	312	1	0.635	11	None	GENOMAD.038338.VV	4.657e-13	66	0	0	0	2561	Caudoviricetes	NA	NA	COG3392	NA
k127_181783_2	321	446	126	1	0.683	11	None	GENOMAD.154824.VP	2.412e-08	49	0	0	1	2561	Caudoviricetes	NA	NA	PF07141;TIGR00721;COG4584	Putative bacteriophage terminase small subunit
k127_466218_1	1	351	351	-1	0.650	11	None	GENOMAD.155508.VV	4.59e-27	107	0	0	1	1	NA	NA	NA	COG4723	NA
k127_39369_1	701	3868	3168	1	0.406	11	GGA/GAG/AGG	NA	NA	NA	0	0	0	1	NA	NA	NA	NA	NA
k127_466657_1	2	184	183	1	0.322	15	None	NA	NA	NA	0	0	0	1	NA	NA	NA	NA	NA
k127_466657_2	420	620	201	1	0.284	15	TAAAA	GENOMAD.072560.VV	1.12e-11	60	0	0	1	5947	Adintoviridae	NA	NA	PF00770	Adenovirus endoprotease
k127_324931_1	103	450	348	1	0.618	11	None	GENOMAD.100194.VV	9.733e-19	83	0	0	1	2561	Caudoviricetes	NA	NA	PF04466;TIGR01547;COG5323	Phage terminase large subunit
k127_467359_1	3	611	609	-1	0.594	11	None	GENOMAD.169508.VP	2.648e-26	109	0	0	1	2561	Caudoviricetes	NA	NA	PF04708;PF13262;COG1961;K14060	Site-specific DNA recombinase related to the DNA invertase Pin
k127_135292_1	1	363	363	1	0.554	11	None	GENOMAD.068048.VV	4.492e-12	64	0	0	1	2561	Caudoviricetes	NA	NA	PF20307;TIGR03600;K02314;COG0305	phage replicative helicase, DnaB family, HK022 subfamily
k127_325603_1	1	462	462	1	0.647	11	None	GENOMAD.154021.VP	8.308e-19	85	0	0	1	2561	Caudoviricetes	NA	NA	PF07141;TIGR03384	Putative bacteriophage terminase small subunit
k127_325603_2	510	854	345	1	0.667	11	GGA/GAG/AGG	GENOMAD.126166.VV	3.718e-12	64	0	0	1	2561	Caudoviricetes	NA	NA	PF05894;TIGR01547;COG5323	phage terminase, large subunit, PBSX family
k127_420300_1	2	361	360	-1	0.608	11	None	GENOMAD.124233.VP	1.907e-21	91	0	0	1	2561	Caudoviricetes	NA	NA	PF03864	Phage major capsid protein E
k127_274582_1	49	498	450	-1	0.704	11	None	GENOMAD.057710.VV	1.601e-06	49	0	0	1	2561	Caudoviricetes	NA	NA	PF00589;PF04860;K07358;TIGR01537	Phage integrase family; Phage portal protein
k127_40463_1	129	1301	1173	1	0.453	11	GGAG/GAGG	GENOMAD.033662.VV	3.85e-240	737	0	0	1	2790	Microviridae	NA	NA	PF02305	Capsid protein (F protein)
k127_183754_1	2	346	345	1	0.548	11	None	GENOMAD.115798.VV	8.068e-52	178	0	0	0	2561	Caudoviricetes	NA	NA	NA	NA
k127_183754_2	346	783	438	1	0.619	11	GGxGG	GENOMAD.093408.VV	6.558e-69	229	0	0	1	2561	Caudoviricetes	NA	NA	PF09356;PF11836;TIGR02218	phage conserved hypothetical protein BR0599
k127_183754_3	792	908	117	1	0.573	11	None	GENOMAD.110781.VV	2.659e-06	43	0	0	0	2561	Caudoviricetes	NA	NA	NA	NA
k127_231029_1	1	327	327	-1	0.667	11	AGGA	GENOMAD.053100.VV	1.959e-24	99	0	0	1	1	NA	NA	NA	PF16510	Phage P22-like portal protein
k127_184052_1	200	637	438	-1	0.623	11	GGxGG	GENOMAD.093408.VV	6.558e-69	229	0	0	1	2561	Caudoviricetes	NA	NA	PF09356;PF11836;TIGR02218	phage conserved hypothetical protein BR0599
k127_184052_2	637	834	198	-1	0.561	11	None	GENOMAD.115798.VV	4.187e-35	127	0	0	0	2561	Caudoviricetes	NA	NA	NA	NA
k127_184052_3	782	1078	297	-1	0.569	11	None	GENOMAD.051479.VV	1.567e-06	47	0	0	0	2561	Caudoviricetes	NA	NA	NA	NA
k127_326342_1	3	872	870	-1	0.554	11	None	GENOMAD.013210.VV	1.597e-19	92	0	0	1	2561	Caudoviricetes	NA	NA	PF00211;PF08994;PF08993;COG2114	Adenylate and Guanylate cyclase catalytic domain; T4 gene Gp59 loader of gp41 DNA helicase C-term; T4 gene Gp59 loader of gp41 DNA helicase
k127_468554_1	2	325	324	-1	0.725	11	None	GENOMAD.095300.VV	2.056e-07	50	0	0	1	2561	Caudoviricetes	NA	NA	PF05119;COG3747;TIGR01558	Phage terminase, small subunit
k127_41316_1	2	214	213	-1	0.587	11	None	GENOMAD.140743.VP	9.045e-09	52	0	0	1	2561	Caudoviricetes	NA	NA	PF07278;COG4220;K22014	Phage DNA packaging protein, Nu1 subunit of terminase
k127_421559_1	3	803	801	1	0.644	11	None	GENOMAD.169508.VP	7.311e-30	122	0	0	1	2561	Caudoviricetes	NA	NA	PF04708;PF13262;COG1961;K14060	Site-specific DNA recombinase related to the DNA invertase Pin
k127_468920_1	2	352	351	1	0.638	11	None	GENOMAD.178916.VP	1.119e-17	80	0	0	1	2561	Caudoviricetes	NA	NA	PF05065;TIGR01554;COG1659	phage major capsid protein, HK97 family
k127_231859_1	1	399	399	-1	0.602	11	None	GENOMAD.068048.VV	2.306e-16	77	0	0	1	2561	Caudoviricetes	NA	NA	PF20307;TIGR03600;K02314;COG0305	phage replicative helicase, DnaB family, HK022 subfamily
k127_327291_1	2	151	150	1	0.333	11	None	NA	NA	NA	0	0	0	1	NA	NA	NA	NA	NA
k127_327291_2	213	488	276	1	0.293	11	None	GENOMAD.072560.VV	7.28e-12	62	0	0	1	5947	Adintoviridae	NA	NA	PF00770	Adenovirus endoprotease
k127_375058_1	1	345	345	-1	0.261	11	None	GENOMAD.070884.VV	2.988e-05	44	0	0	1	2561	Caudoviricetes	NA	NA	K18949	NA
k127_232585_1	1	144	144	1	0.299	11	None	GENOMAD.072560.VV	6.23e-09	51	0	0	1	5947	Adintoviridae	NA	NA	PF00770	Adenovirus endoprotease
k127_90309_1	11	445	435	-1	0.630	11	GGA/GAG/AGG	NA	NA	NA	0	0	0	1	NA	NA	NA	NA	NA
k127_90309_2	464	1699	1236	-1	0.596	11	AGGA	GENOMAD.000073.VV	2.483e-05	49	0	0	1	6233	Potyviridae	NA	NA	PF00680	Viral RNA-dependent RNA polymerase
k127_469800_1	2	124	123	1	0.407	11	None	NA	NA	NA	0	0	0	1	NA	NA	NA	NA	NA
k127_469800_2	127	531	405	1	0.373	11	None	GENOMAD.030656.VV	4.964e-07	50	0	0	1	12031	Mimiviridae	NA	NA	PF03290	Vaccinia virus I7 processing peptidase
k127_276749_1	1	327	327	1	0.642	11	None	GENOMAD.009149.VV	6.553e-12	63	0	0	1	2561	Caudoviricetes	NA	NA	PF17288;TIGR01630	Terminase RNAseH like domain
k127_423107_1	1	687	687	-1	0.659	11	None	GENOMAD.013210.VV	1.982e-13	72	0	0	1	2561	Caudoviricetes	NA	NA	PF00211;PF08994;PF08993;COG2114	Adenylate and Guanylate cyclase catalytic domain; T4 gene Gp59 loader of gp41 DNA helicase C-term; T4 gene Gp59 loader of gp41 DNA helicase
k127_90990_1	1	294	294	1	0.493	11	None	GENOMAD.208744.VP	6.114e-08	51	0	0	1	2561	Caudoviricetes	NA	NA	PF07141	Putative bacteriophage terminase small subunit
k127_328619_1	3	248	246	-1	0.268	11	TATA	NA	NA	NA	0	0	0	1	NA	NA	NA	NA	NA
k127_328619_2	270	611	342	-1	0.263	11	None	GENOMAD.072560.VV	3.478e-28	110	0	0	1	5947	Adintoviridae	NA	NA	PF00770	Adenovirus endoprotease
k127_186211_1	1	327	327	-1	0.554	11	None	GENOMAD.158965.VP	5.287e-30	115	0	0	1	2561	Caudoviricetes	NA	NA	PF05772;PF04404;COG5362	NinB protein; ERF superfamily
k127_470636_1	55	399	345	-1	0.362	11	None	GENOMAD.030656.VV	9.583e-10	57	0	0	1	12031	Mimiviridae	NA	NA	PF03290	Vaccinia virus I7 processing peptidase
k127_470638_1	2	268	267	-1	0.393	11	None	GENOMAD.030656.VV	8.887e-09	53	0	0	1	12031	Mimiviridae	NA	NA	PF03290	Vaccinia virus I7 processing peptidase
k127_423708_1	1	333	333	-1	0.643	11	None	GENOMAD.195095.VP	3.917e-18	81	0	0	1	2561	Caudoviricetes	NA	NA	PF07141	Putative bacteriophage terminase small subunit
k127_233975_1	1	1059	1059	1	0.535	11	None	GENOMAD.013210.VV	6.27e-27	116	0	0	1	2561	Caudoviricetes	NA	NA	PF00211;PF08994;PF08993;COG2114	Adenylate and Guanylate cyclase catalytic domain; T4 gene Gp59 loader of gp41 DNA helicase C-term; T4 gene Gp59 loader of gp41 DNA helicase
k127_234119_1	1	498	498	1	0.689	11	None	GENOMAD.060259.VV	1.114e-06	50	0	0	1	2561	Caudoviricetes	NA	NA	PF20307;TIGR02236;COG0468;K04484	Divergent DnaB-like ATPase
k127_234233_1	209	874	666	-1	0.637	11	None	GENOMAD.097639.VV	3.73e-30	121	0	0	1	2561	Caudoviricetes	NA	NA	PF17289;TIGR01630;COG5362	phage uncharacterized protein (putative large terminase), C-terminal domain
k127_139431_1	1	642	642	-1	0.648	11	None	GENOMAD.013124.VV	1.217e-18	87	0	0	1	377	Drexlerviridae	NA	NA	PF13262;COG5410	NA
k127_329742_1	3	428	426	-1	0.606	11	None	GENOMAD.169508.VP	8.602e-23	96	0	0	1	2561	Caudoviricetes	NA	NA	PF04708;PF13262;COG1961;K14060	Site-specific DNA recombinase related to the DNA invertase Pin
k127_377222_1	2	403	402	-1	0.565	11	None	GENOMAD.068048.VV	1.644e-11	63	0	0	1	2561	Caudoviricetes	NA	NA	PF20307;TIGR03600;K02314;COG0305	phage replicative helicase, DnaB family, HK022 subfamily
k127_424433_1	2	346	345	-1	0.388	11	AAA	GENOMAD.030656.VV	5.348e-08	52	0	0	1	12031	Mimiviridae	NA	NA	PF03290	Vaccinia virus I7 processing peptidase
k127_424433_2	349	510	162	-1	0.420	11	None	NA	NA	NA	0	0	0	1	NA	NA	NA	NA	NA
k127_187652_1	1	255	255	1	0.353	11	None	NA	NA	NA	0	0	0	1	NA	NA	NA	NA	NA
k127_187652_2	239	649	411	1	0.423	11	AGxAGG/AGGxGG	GENOMAD.146551.VP	7.777e-30	116	0	0	1	2561	Caudoviricetes	NA	NA	PF11114;TIGR01725;COG5005	phage protein, HK97 gp10 family
k127_44894_1	1	276	276	1	0.645	11	None	GENOMAD.181728.VV	5.362e-07	48	0	0	1	2561	Caudoviricetes	NA	NA	PF09588;COG5377;TIGR03033	Phage-related protein, predicted endonuclease
k127_235148_1	2	553	552	1	0.654	11	None	GENOMAD.013124.VV	1.151e-17	83	0	0	1	377	Drexlerviridae	NA	NA	PF13262;COG5410	NA
k127_377812_1	1	747	747	-1	0.652	11	None	GENOMAD.169508.VP	2.46e-25	108	0	0	1	2561	Caudoviricetes	NA	NA	PF04708;PF13262;COG1961;K14060	Site-specific DNA recombinase related to the DNA invertase Pin
k127_93022_1	1	108	108	1	0.556	11	None	NA	NA	NA	0	0	0	1	NA	NA	NA	NA	NA
k127_93022_2	101	358	258	1	0.612	11	GGA/GAG/AGG	GENOMAD.017632.VV	3.135e-10	57	0	0	1	2561	Caudoviricetes	NA	NA	PF03354;COG5410;TIGR01547	phage terminase, large subunit, PBSX family
k127_140446_1	2	535	534	-1	0.702	11	None	GENOMAD.104632.VP	5.602e-35	133	0	0	1	2561	Caudoviricetes	NA	NA	PF06378;PF04466;TIGR01547;COG5323	Phage terminase large subunit
k127_140566_1	2	370	369	1	0.648	11	None	GENOMAD.152079.VP	6.482e-09	55	0	0	1	2561	Caudoviricetes	NA	NA	PF07141;COG2826;TIGR00721	Putative bacteriophage terminase small subunit
k127_425396_1	3	440	438	-1	0.646	11	None	GENOMAD.013210.VV	1.68e-16	78	0	0	1	2561	Caudoviricetes	NA	NA	PF00211;PF08994;PF08993;COG2114	Adenylate and Guanylate cyclase catalytic domain; T4 gene Gp59 loader of gp41 DNA helicase C-term; T4 gene Gp59 loader of gp41 DNA helicase
k127_188476_1	1	360	360	-1	0.606	11	None	GENOMAD.160552.VV	1.19e-09	57	0	0	1	2561	Caudoviricetes	NA	NA	PF09588;COG5377;TIGR03033	Phage-related protein, predicted endonuclease
k127_279642_1	1	339	339	1	0.631	11	None	GENOMAD.151393.VP	4.682e-33	124	0	0	1	2561	Caudoviricetes	NA	NA	PF17288;TIGR01547;COG1783	phage terminase, large subunit, PBSX family
k127_140742_1	2	985	984	-1	0.680	11	None	GENOMAD.038745.VV	8.064e-28	118	0	0	1	2561	Caudoviricetes	NA	NA	PF12236	Bacteriophage head to tail connecting protein
k127_140748_1	3	440	438	1	0.678	11	None	GENOMAD.053100.VV	4.686e-13	68	0	0	1	1	NA	NA	NA	PF16510	Phage P22-like portal protein
k127_235792_1	1	1179	1179	1	0.606	11	None	GENOMAD.019218.VV	1.495e-86	293	0	0	1	2561	Caudoviricetes	NA	NA	COG5410	NA
k127_279759_1	2	211	210	1	0.281	11	None	GENOMAD.072560.VV	1.85e-08	51	0	0	1	5947	Adintoviridae	NA	NA	PF00770	Adenovirus endoprotease
k127_93505_1	1	306	306	-1	0.611	11	None	GENOMAD.063955.VV	2.004e-13	67	0	0	1	2561	Caudoviricetes	NA	NA	PF05876;COG5410	NA
k127_279913_1	2	310	309	-1	0.686	11	None	GENOMAD.119462.VV	1.553e-08	53	0	0	1	2561	Caudoviricetes	NA	NA	TIGR01543	phage prohead protease, HK97 family
k127_331124_1	1	225	225	1	0.707	11	None	GENOMAD.004489.VV	1.318e-06	46	0	0	0	2561	Caudoviricetes	NA	NA	NA	NA
k127_331124_2	222	953	732	1	0.682	11	GGA/GAG/AGG	GENOMAD.033798.VV	8.827e-28	115	0	0	1	2561	Caudoviricetes	NA	NA	PF11134	Phage stabilisation protein
k127_331206_1	1	339	339	1	0.605	11	None	GENOMAD.049806.VV	8.416e-11	60	0	0	1	2561	Caudoviricetes	NA	NA	PF13479;TIGR01618;COG0468;K04484	phage nucleotide-binding protein
k127_141123_1	12	320	309	-1	0.595	11	None	GENOMAD.142009.VV	1.232e-57	194	0	0	1	2561	Caudoviricetes	NA	NA	PF11651;TIGR04387	P22 coat protein - gene protein 5
k127_236112_1	1	456	456	1	0.680	11	None	GENOMAD.038338.VV	4.101e-17	80	0	0	0	2561	Caudoviricetes	NA	NA	COG3392	NA
k127_236112_2	482	973	492	1	0.642	11	GGAG/GAGG	GENOMAD.017632.VV	1.773e-12	67	0	0	1	2561	Caudoviricetes	NA	NA	PF03354;COG5410;TIGR01547	phage terminase, large subunit, PBSX family
k127_45982_1	2	643	642	-1	0.623	11	None	GENOMAD.169508.VP	5.076e-21	94	0	0	1	2561	Caudoviricetes	NA	NA	PF04708;PF13262;COG1961;K14060	Site-specific DNA recombinase related to the DNA invertase Pin
k127_379000_1	3	260	258	-1	0.682	11	GGAGG	GENOMAD.179355.VP	1.959e-07	49	0	0	1	2561	Caudoviricetes	NA	NA	PF07874	NA
k127_473467_1	17	454	438	-1	0.358	11	GGA/GAG/AGG	GENOMAD.072560.VV	5.93e-09	56	0	0	1	5947	Adintoviridae	NA	NA	PF00770	Adenovirus endoprotease
k127_141506_1	3	371	369	-1	0.621	11	GGA/GAG/AGG	GENOMAD.129124.VV	5.457e-36	133	0	0	1	2561	Caudoviricetes	NA	NA	PF14550;TIGR01543;COG3740;K06904	phage prohead protease, HK97 family
k127_141506_2	440	607	168	-1	0.619	11	None	NA	NA	NA	0	0	0	1	NA	NA	NA	NA	NA
k127_473575_1	2	361	360	1	0.483	11	None	GENOMAD.105995.VV	1.681e-46	163	0	0	1	2561	Caudoviricetes	NA	NA	PF06488;TIGR01603	phage major tail protein, phi13 family
k127_473575_2	363	440	78	1	0.359	11	AGGA	NA	NA	NA	0	0	0	1	NA	NA	NA	NA	NA
k127_280639_1	1	825	825	1	0.647	11	None	GENOMAD.169508.VP	2.466e-17	85	0	0	1	2561	Caudoviricetes	NA	NA	PF04708;PF13262;COG1961;K14060	Site-specific DNA recombinase related to the DNA invertase Pin
k127_46510_1	3	308	306	1	0.572	11	None	GENOMAD.223820.VV	4.042e-06	46	0	0	1	2561	Caudoviricetes	NA	NA	PF05766	Bacteriophage Lambda NinG protein
k127_379446_1	3	170	168	1	0.571	11	None	NA	NA	NA	0	0	0	1	NA	NA	NA	NA	NA
k127_379446_2	167	520	354	1	0.585	11	GGA/GAG/AGG	GENOMAD.109691.VV	1.753e-21	91	0	0	1	2561	Caudoviricetes	NA	NA	PF06141	Phage minor tail protein U
k127_189745_1	3	308	306	1	0.634	11	None	GENOMAD.100194.VV	4.469e-13	66	0	0	1	2561	Caudoviricetes	NA	NA	PF04466;TIGR01547;COG5323	Phage terminase large subunit
k127_189755_1	3	704	702	1	0.642	11	None	GENOMAD.099865.VV	1.759e-36	140	0	0	1	2561	Caudoviricetes	NA	NA	PF04466;PF17289;TIGR01547;COG5323;K06909	phage terminase, large subunit, PBSX family
k127_426689_1	3	407	405	1	0.617	11	None	GENOMAD.124302.VV	2.191e-07	51	0	0	1	2561	Caudoviricetes	NA	NA	PF07141	NA
k127_426689_2	418	486	69	1	0.754	11	None	NA	NA	NA	0	0	0	1	NA	NA	NA	NA	NA
k127_426773_1	1	576	576	1	0.696	11	None	GENOMAD.147017.VP	7.659e-47	168	0	0	1	2561	Caudoviricetes	NA	NA	PF04466;TIGR01547;COG1783	Phage terminase large subunit
k127_237000_1	1	483	483	-1	0.613	11	None	GENOMAD.169508.VP	8.724e-22	94	0	0	1	2561	Caudoviricetes	NA	NA	PF04708;PF13262;COG1961;K14060	Site-specific DNA recombinase related to the DNA invertase Pin
k127_94770_1	2	1294	1293	1	0.612	11	None	GENOMAD.000175.VV	6.478e-06	51	0	0	1	8305	Partitiviridae	NA	NA	PF00680;COG3344	Viral RNA-dependent RNA polymerase
k127_281128_1	3	842	840	-1	0.657	11	None	GENOMAD.013210.VV	5.56e-26	111	0	0	1	2561	Caudoviricetes	NA	NA	PF00211;PF08994;PF08993;COG2114	Adenylate and Guanylate cyclase catalytic domain; T4 gene Gp59 loader of gp41 DNA helicase C-term; T4 gene Gp59 loader of gp41 DNA helicase
k127_46927_1	16	483	468	-1	0.594	11	None	GENOMAD.063098.VV	8.256e-08	53	0	0	1	2561	Caudoviricetes	NA	NA	PF11126	Transcriptional regulator DsbA
k127_282347_1	3	854	852	-1	0.705	11	None	GENOMAD.013210.VV	2.994e-18	88	0	0	1	2561	Caudoviricetes	NA	NA	PF00211;PF08994;PF08993;COG2114	Adenylate and Guanylate cyclase catalytic domain; T4 gene Gp59 loader of gp41 DNA helicase C-term; T4 gene Gp59 loader of gp41 DNA helicase
