gene	start	end	length	strand	gc_content	genetic_code	rbs_motif	marker	evalue	bitscore	uscg	plasmid_hallmark	virus_hallmark	taxid	taxname	annotation_conjscan	annotation_amr	annotation_accessions	annotation_description
k127_70_1	351	698	348	1	0.583	11	None	GENOMAD.022705.VV	7.521e-13	66	0	0	1	2561	Caudoviricetes	NA	NA	PF08875;COG4672;TIGR01600	Phage-related protein
k127_102_1	1	570	570	-1	0.591	11	None	GENOMAD.013210.VV	3.177e-47	169	0	0	1	2561	Caudoviricetes	NA	NA	PF00211;PF08994;PF08993;COG2114	Adenylate and Guanylate cyclase catalytic domain; T4 gene Gp59 loader of gp41 DNA helicase C-term; T4 gene Gp59 loader of gp41 DNA helicase
k127_346194_1	2	454	453	-1	0.620	11	None	GENOMAD.013210.VV	4.101e-17	80	0	0	1	2561	Caudoviricetes	NA	NA	PF00211;PF08994;PF08993;COG2114	Adenylate and Guanylate cyclase catalytic domain; T4 gene Gp59 loader of gp41 DNA helicase C-term; T4 gene Gp59 loader of gp41 DNA helicase
k127_77339_1	1	699	699	-1	0.539	11	None	GENOMAD.013210.VV	3.526e-24	104	0	0	1	2561	Caudoviricetes	NA	NA	PF00211;PF08994;PF08993;COG2114	Adenylate and Guanylate cyclase catalytic domain; T4 gene Gp59 loader of gp41 DNA helicase C-term; T4 gene Gp59 loader of gp41 DNA helicase
k127_192734_1	1	807	807	-1	0.686	11	None	GENOMAD.068590.VV	2.182e-17	85	0	0	1	2561	Caudoviricetes	NA	NA	PF13871;PF11242;K11654;TIGR00721	C-terminal domain on Strawberry notch homologue
k127_77634_1	1	198	198	-1	0.611	11	AGGAG	GENOMAD.129590.VP	1.423e-09	54	0	0	1	2561	Caudoviricetes	NA	NA	PF07141	Putative bacteriophage terminase small subunit
k127_77634_2	170	445	276	-1	0.634	11	None	NA	NA	NA	0	0	0	1	NA	NA	NA	NA	NA
k127_269782_1	91	501	411	-1	0.664	11	None	GENOMAD.068048.VV	1.381e-14	72	0	0	1	2561	Caudoviricetes	NA	NA	PF20307;TIGR03600;K02314;COG0305	phage replicative helicase, DnaB family, HK022 subfamily
k127_308196_1	1	279	279	-1	0.663	11	GGA/GAG/AGG	GENOMAD.190144.VV	4.216e-10	57	0	0	1	2561	Caudoviricetes	NA	NA	COG4675	Microcystin-dependent protein  (function unknown)
k127_308196_2	276	596	321	-1	0.720	11	None	GENOMAD.075956.VV	2.136e-14	70	0	0	0	2561	Caudoviricetes	NA	NA	NA	NA
k127_346644_1	1	456	456	1	0.616	11	None	GENOMAD.026355.VV	6.104e-12	65	0	0	1	2561	Caudoviricetes	NA	NA	PF20307;TIGR02238	Divergent DnaB-like ATPase
k127_308215_1	1	465	465	-1	0.662	11	GGA/GAG/AGG	GENOMAD.033798.VV	1.043e-16	79	0	0	1	2561	Caudoviricetes	NA	NA	PF11134	Phage stabilisation protein
k127_308215_2	462	758	297	-1	0.670	11	None	GENOMAD.041571.VV	5.737e-09	54	0	0	1	2561	Caudoviricetes	NA	NA	PF20387	NA
k127_193405_1	2	391	390	1	0.636	11	None	GENOMAD.022372.VV	1.714e-18	83	0	0	1	2561	Caudoviricetes	NA	NA	PF04708;COG1961;K14060	Site-specific DNA recombinase related to the DNA invertase Pin
k127_116645_1	2	1093	1092	1	0.647	11	None	GENOMAD.013210.VV	3.528e-25	111	0	0	1	2561	Caudoviricetes	NA	NA	PF00211;PF08994;PF08993;COG2114	Adenylate and Guanylate cyclase catalytic domain; T4 gene Gp59 loader of gp41 DNA helicase C-term; T4 gene Gp59 loader of gp41 DNA helicase
k127_78330_1	1	414	414	1	0.681	11	None	GENOMAD.073447.VV	5.417e-07	50	0	0	1	2561	Caudoviricetes	NA	NA	PF00580;TIGR04095;COG4373	UvrD/REP helicase N-terminal domain
k127_270640_1	3	398	396	1	0.566	11	None	GENOMAD.068048.VV	1.482e-11	63	0	0	1	2561	Caudoviricetes	NA	NA	PF20307;TIGR03600;K02314;COG0305	phage replicative helicase, DnaB family, HK022 subfamily
k127_309366_1	1	576	576	-1	0.604	11	None	GENOMAD.017840.VV	1.555e-47	170	0	0	1	2561	Caudoviricetes	NA	NA	PF17288	Terminase RNAseH like domain
k127_232558_1	1	696	696	1	0.707	11	None	GENOMAD.068590.VV	4.475e-16	80	0	0	1	2561	Caudoviricetes	NA	NA	PF13871;PF11242;K11654;TIGR00721	C-terminal domain on Strawberry notch homologue
k127_79118_1	1	876	876	-1	0.631	11	None	GENOMAD.169508.VP	3.408e-27	115	0	0	1	2561	Caudoviricetes	NA	NA	PF04708;PF13262;COG1961;K14060	Site-specific DNA recombinase related to the DNA invertase Pin
k127_309692_1	2	607	606	-1	0.612	11	None	GENOMAD.013210.VV	7.968e-42	154	0	0	1	2561	Caudoviricetes	NA	NA	PF00211;PF08994;PF08993;COG2114	Adenylate and Guanylate cyclase catalytic domain; T4 gene Gp59 loader of gp41 DNA helicase C-term; T4 gene Gp59 loader of gp41 DNA helicase
k127_232950_1	22	597	576	1	0.665	11	None	GENOMAD.060259.VV	4.177e-08	55	0	0	1	2561	Caudoviricetes	NA	NA	PF20307;TIGR02236;COG0468;K04484	Divergent DnaB-like ATPase
k127_118088_1	2	319	318	1	0.629	11	None	GENOMAD.154021.VP	2.509e-12	64	0	0	1	2561	Caudoviricetes	NA	NA	PF07141;TIGR03384	Putative bacteriophage terminase small subunit
k127_41385_1	1	408	408	1	0.534	11	None	GENOMAD.006689.VV	1.627e-12	66	0	0	1	2561	Caudoviricetes	NA	NA	PF19307	NA
k127_118323_1	1	213	213	1	0.615	11	None	GENOMAD.004725.VV	1.937e-08	51	0	0	1	1	NA	NA	NA	PF19905	NA
k127_118323_2	203	328	126	1	0.683	11	GGAG/GAGG	NA	NA	NA	0	0	0	1	NA	NA	NA	NA	NA
k127_195211_1	2	937	936	-1	0.665	11	None	GENOMAD.078358.VV	5.656e-59	209	0	0	1	2561	Caudoviricetes	NA	NA	PF13550;COG4733	Phage-related protein, tail component
k127_195347_1	1	372	372	1	0.624	11	None	GENOMAD.068048.VV	1.961e-14	71	0	0	1	2561	Caudoviricetes	NA	NA	PF20307;TIGR03600;K02314;COG0305	phage replicative helicase, DnaB family, HK022 subfamily
k127_3279_1	23	1210	1188	-1	0.541	11	None	GENOMAD.011549.VV	1.63e-40	158	0	0	1	2561	Caudoviricetes	NA	NA	PF03906	Phage T7 tail fibre protein
k127_156962_1	148	795	648	-1	0.600	11	None	GENOMAD.020821.VV	1.386e-15	78	0	0	1	2561	Caudoviricetes	NA	NA	PF05876;PF16203;K14440;COG5410;TIGR04095	ERCC4-related helicase
k127_310480_1	1	543	543	-1	0.624	11	None	GENOMAD.178006.VP	1.176e-15	77	0	0	1	2561	Caudoviricetes	NA	NA	PF20441;PF03354;COG4626;TIGR01547	Phage terminase-like protein, large subunit, contains N-terminal HTH domain
k127_3483_1	2	379	378	1	0.630	11	None	GENOMAD.181728.VV	1.709e-07	51	0	0	1	2561	Caudoviricetes	NA	NA	PF09588;COG5377;TIGR03033	Phage-related protein, predicted endonuclease
k127_272331_1	3	77	75	1	0.440	11	None	NA	NA	NA	0	0	0	1	NA	NA	NA	NA	NA
k127_272331_2	93	431	339	1	0.348	11	TAA	GENOMAD.123958.VP	1.068e-07	51	0	0	1	2561	Caudoviricetes	NA	NA	PF05135;TIGR01560	Phage gp6-like head-tail connector protein
k127_272331_3	428	748	321	1	0.371	11	AAAAAA	NA	NA	NA	0	0	0	1	NA	NA	NA	NA	NA
k127_272331_4	762	1142	381	1	0.430	11	TAA	GENOMAD.146551.VP	5.578e-29	113	0	0	1	2561	Caudoviricetes	NA	NA	PF11114;TIGR01725;COG5005	phage protein, HK97 gp10 family
k127_272331_5	1139	1573	435	1	0.389	11	None	NA	NA	NA	0	0	0	1	NA	NA	NA	NA	NA
k127_272331_6	1602	2195	594	1	0.438	11	AAAAAA	GENOMAD.148528.VP	1.716e-39	147	0	0	0	2561	Caudoviricetes	NA	NA	NA	NA
k127_272331_7	2268	2579	312	1	0.353	11	AAAA	NA	NA	NA	0	0	0	1	NA	NA	NA	NA	NA
k127_272331_8	2579	2932	354	1	0.376	11	AAAA	NA	NA	NA	0	0	0	1	NA	NA	NA	NA	NA
k127_272331_9	2929	6393	3465	1	0.410	11	AAAAAA	GENOMAD.121850.VP	1.96e-24	114	0	0	0	2561	Caudoviricetes	NA	NA	NA	NA
k127_272331_10	6394	7158	765	1	0.404	11	None	GENOMAD.041726.VV	3.381e-15	78	0	0	0	2561	Caudoviricetes	NA	NA	PF20195;COG4722;TIGR01633	Phage-related protein
k127_272331_11	7177	9999	2823	1	0.403	11	TAAAAA	GENOMAD.099127.VP	1.981e-58	224	0	0	0	2561	Caudoviricetes	NA	NA	COG4926	Phage-related protein
k127_272331_12	10010	10234	225	1	0.311	11	AATAA	NA	NA	NA	0	0	0	1	NA	NA	NA	NA	NA
k127_272331_13	10231	10533	303	1	0.403	11	TAAA	GENOMAD.223991.VP	3.406e-07	49	0	0	1	2561	Caudoviricetes	NA	NA	PF06946	Bacteriophage A118-like holin, Hol118
k127_272331_14	10536	10859	324	1	0.432	11	None	NA	NA	NA	0	0	0	1	NA	NA	NA	NA	NA
k127_272331_15	10875	13883	3009	1	0.389	11	TAAA	NA	NA	NA	0	0	0	1	NA	NA	NA	NA	NA
k127_272331_16	13876	14568	693	1	0.398	11	TAA	NA	NA	NA	0	0	0	1	NA	NA	NA	NA	NA
k127_272331_17	14597	15160	564	1	0.420	11	TAA	NA	NA	NA	0	0	0	1	NA	NA	NA	NA	NA
k127_272331_18	15700	15957	258	1	0.372	11	None	NA	NA	NA	0	0	0	1	NA	NA	NA	NA	NA
k127_272331_19	16097	17023	927	-1	0.312	11	AATAA	GENOMAD.223221.VP	4.496e-08	57	0	0	0	1	NA	NA	NA	PF18008	NA
k127_272331_20	17423	18103	681	1	0.347	11	None	NA	NA	NA	0	0	0	1	NA	NA	NA	NA	NA
k127_272331_21	18417	18599	183	1	0.279	11	AAAAA	NA	NA	NA	0	0	0	1	NA	NA	NA	NA	NA
k127_272331_22	18596	18898	303	1	0.340	11	None	NA	NA	NA	0	0	0	1	NA	NA	NA	NA	NA
k127_272331_23	18956	19168	213	1	0.263	11	None	NA	NA	NA	0	0	0	1	NA	NA	NA	NA	NA
k127_272331_24	19328	19531	204	1	0.402	11	AAAAA	GENOMAD.065660.VV	2.157e-06	45	0	0	0	1	NA	NA	NA	NA	NA
k127_272331_25	19622	19810	189	-1	0.354	11	TAA	NA	NA	NA	0	0	0	1	NA	NA	NA	NA	NA
k127_118869_1	2	322	321	1	0.417	15	None	GENOMAD.219701.VP	4.31e-39	141	0	0	1	2561	Caudoviricetes	NA	NA	PF06381;TIGR01555;K09961;COG3567	phage-related protein, HI1409 family
k127_310752_1	2	628	627	1	0.681	11	None	GENOMAD.057710.VV	5.002e-05	46	0	0	1	2561	Caudoviricetes	NA	NA	PF00589;PF04860;K07358;TIGR01537	Phage integrase family; Phage portal protein
k127_349430_1	3	620	618	1	0.642	11	None	GENOMAD.057437.VV	2.546e-09	59	0	0	1	1	NA	NA	NA	PF04233;TIGR01641	phage putative head morphogenesis protein, SPP1 gp7 family
k127_42464_1	78	2411	2334	1	0.550	11	None	GENOMAD.095573.VV	0.0002472	47	0	0	0	1	NA	NA	NA	NA	NA
k127_42464_2	2546	3001	456	1	0.520	11	GGAG/GAGG	NA	NA	NA	0	0	0	1	NA	NA	NA	NA	NA
k127_272898_1	3	266	264	1	0.708	11	None	GENOMAD.142538.VP	3.656e-09	54	0	0	0	2561	Caudoviricetes	NA	NA	PF18932	NA
k127_272898_2	254	1093	840	1	0.695	11	AGGAG/GGAGG	GENOMAD.104632.VP	3.695e-36	141	0	0	1	2561	Caudoviricetes	NA	NA	PF06378;PF04466;TIGR01547;COG5323	Phage terminase large subunit
k127_196561_1	3	443	441	-1	0.653	11	None	GENOMAD.060259.VV	1.576e-05	46	0	0	1	2561	Caudoviricetes	NA	NA	PF20307;TIGR02236;COG0468;K04484	Divergent DnaB-like ATPase
k127_273623_1	92	568	477	-1	0.621	11	GGAGG	GENOMAD.063098.VV	9.436e-06	47	0	0	1	2561	Caudoviricetes	NA	NA	PF11126	Transcriptional regulator DsbA
k127_81758_1	1	456	456	-1	0.654	11	None	GENOMAD.155508.VV	1.015e-15	76	0	0	1	1	NA	NA	NA	COG4723	NA
k127_158802_1	1	405	405	-1	0.647	11	None	GENOMAD.223594.VP	2.394e-06	48	0	0	1	2561	Caudoviricetes	NA	NA	PF11994;PF09684;TIGR01634;COG4385	phage tail protein, P2 protein I family
k127_235619_1	3	377	375	1	0.664	11	None	GENOMAD.097639.VV	1.886e-31	120	0	0	1	2561	Caudoviricetes	NA	NA	PF17289;TIGR01630;COG5362	phage uncharacterized protein (putative large terminase), C-terminal domain
k127_235619_2	404	523	120	1	0.617	11	None	NA	NA	NA	0	0	0	1	NA	NA	NA	NA	NA
k127_120764_1	3	200	198	1	0.672	11	None	GENOMAD.063098.VV	8.751e-07	46	0	0	1	2561	Caudoviricetes	NA	NA	PF11126	Transcriptional regulator DsbA
k127_82340_1	2	352	351	1	0.538	11	None	GENOMAD.132191.VP	2.17e-10	59	0	0	1	2561	Caudoviricetes	NA	NA	TIGR01537	phage portal protein, HK97 family
k127_312601_1	1	519	519	-1	0.703	11	None	GENOMAD.145777.VV	3.77e-28	113	0	0	1	2561	Caudoviricetes	NA	NA	PF05065;TIGR01554;COG4653	phage major capsid protein, HK97 family
k127_351406_1	1	339	339	1	0.717	11	None	GENOMAD.004420.VV	2.573e-15	73	0	0	1	2561	Caudoviricetes	NA	NA	PF20441;COG5362	Terminase large subunit, endonuclease domain
k127_274909_1	3	1502	1500	-1	0.641	11	GGA/GAG/AGG	GENOMAD.169508.VP	4.831e-25	113	0	0	1	2561	Caudoviricetes	NA	NA	PF04708;PF13262;COG1961;K14060	Site-specific DNA recombinase related to the DNA invertase Pin
k127_274909_2	1698	2168	471	-1	0.658	11	AGGAG	GENOMAD.096056.VV	4.149e-06	48	0	0	0	3337	Mesyanzhinovviridae	NA	NA	PF11994	NA
k127_313162_1	2	379	378	1	0.659	11	None	GENOMAD.005158.VV	1.586e-08	54	0	0	1	2561	Caudoviricetes	NA	NA	PF04586;PF13395;TIGR02646;K06904	TIGR02646 family protein
k127_313187_1	1	312	312	-1	0.599	11	None	GENOMAD.068048.VV	4.852e-13	66	0	0	1	2561	Caudoviricetes	NA	NA	PF20307;TIGR03600;K02314;COG0305	phage replicative helicase, DnaB family, HK022 subfamily
k127_236674_1	406	672	267	-1	0.599	11	None	GENOMAD.097639.VV	1.062e-06	47	0	0	1	2561	Caudoviricetes	NA	NA	PF17289;TIGR01630;COG5362	phage uncharacterized protein (putative large terminase), C-terminal domain
k127_83437_1	2	322	321	-1	0.483	11	None	GENOMAD.110224.VV	5.481e-13	66	0	0	1	1	NA	NA	NA	PF04586;TIGR01543;COG3740;K06904	phage prohead protease, HK97 family
k127_236912_1	2	67	66	1	0.576	11	None	NA	NA	NA	0	0	0	1	NA	NA	NA	NA	NA
k127_236912_2	27	1232	1206	1	0.629	11	None	GENOMAD.169508.VP	6.612e-25	111	0	0	1	2561	Caudoviricetes	NA	NA	PF04708;PF13262;COG1961;K14060	Site-specific DNA recombinase related to the DNA invertase Pin
k127_275378_1	1	318	318	1	0.629	11	None	GENOMAD.154173.VV	3.449e-25	101	0	0	1	2561	Caudoviricetes	NA	NA	PF17288;TIGR01547	phage terminase, large subunit, PBSX family
k127_122306_1	1	324	324	-1	0.614	11	None	GENOMAD.224435.VP	5.441e-05	43	0	0	1	2561	Caudoviricetes	NA	NA	PF04965;K06903;COG3628;TIGR03357	Baseplate wedge protein gp25
k127_45531_1	2	457	456	-1	0.651	11	None	GENOMAD.060259.VV	0.0001813	43	0	0	1	2561	Caudoviricetes	NA	NA	PF20307;TIGR02236;COG0468;K04484	Divergent DnaB-like ATPase
k127_84173_1	2	412	411	1	0.620	11	None	GENOMAD.129124.VV	1.231e-33	127	0	0	1	2561	Caudoviricetes	NA	NA	PF14550;TIGR01543;COG3740;K06904	phage prohead protease, HK97 family
k127_314274_1	1	516	516	1	0.578	11	None	GENOMAD.169508.VP	2.271e-24	102	0	0	1	2561	Caudoviricetes	NA	NA	PF04708;PF13262;COG1961;K14060	Site-specific DNA recombinase related to the DNA invertase Pin
k127_237721_1	1	99	99	-1	0.626	11	None	NA	NA	NA	0	0	0	1	NA	NA	NA	NA	NA
k127_237721_2	104	307	204	-1	0.657	11	None	GENOMAD.061361.VV	3.025e-24	96	0	0	1	2561	Caudoviricetes	NA	NA	PF16463;COG5437;TIGR02126	Phage tail tube protein family
k127_353284_1	1	1146	1146	1	0.623	11	None	GENOMAD.099865.VV	2.233e-62	222	0	0	1	2561	Caudoviricetes	NA	NA	PF04466;PF17289;TIGR01547;COG5323;K06909	phage terminase, large subunit, PBSX family
k127_8017_1	3	89	87	-1	0.483	11	GGA/GAG/AGG	NA	NA	NA	0	0	0	1	NA	NA	NA	NA	NA
k127_8017_2	79	267	189	-1	0.587	11	GGAG/GAGG	GENOMAD.038364.VV	3.379e-07	47	0	0	1	1	NA	NA	NA	PF09550;TIGR02216	phage conserved hypothetical protein
k127_8017_3	264	581	318	-1	0.689	11	GGAGG	GENOMAD.153091.VC	5.829e-43	152	0	0	1	1	NA	NA	NA	PF11836	Phage tail tube protein, GTA-gp10
k127_8017_4	583	855	273	-1	0.586	11	None	GENOMAD.062241.VV	1.207e-28	110	0	0	1	2561	Caudoviricetes	NA	NA	PF06199;COG5437;TIGR02126	Predicted secreted protein
k127_200165_1	3	167	165	-1	0.636	11	None	GENOMAD.152079.VP	1.863e-09	53	0	0	1	2561	Caudoviricetes	NA	NA	PF07141;COG2826;TIGR00721	Putative bacteriophage terminase small subunit
k127_200165_2	263	475	213	-1	0.671	11	None	NA	NA	NA	0	0	0	1	NA	NA	NA	NA	NA
k127_315089_1	2	259	258	1	0.616	11	None	GENOMAD.151092.VV	1.052e-05	44	0	0	1	2561	Caudoviricetes	NA	NA	PF09588;COG5377;TIGR03033;K01143	Phage-related protein, predicted endonuclease
k127_315089_2	246	362	117	1	0.658	11	GGAGG	NA	NA	NA	0	0	0	1	NA	NA	NA	NA	NA
k127_85062_1	3	305	303	-1	0.587	11	None	GENOMAD.002932.VV	1.588e-07	50	0	0	1	2561	Caudoviricetes	NA	NA	TIGR01630;COG5362	phage uncharacterized protein (putative large terminase), C-terminal domain
k127_315281_1	1	465	465	-1	0.637	11	None	GENOMAD.169508.VP	7.59e-21	91	0	0	1	2561	Caudoviricetes	NA	NA	PF04708;PF13262;COG1961;K14060	Site-specific DNA recombinase related to the DNA invertase Pin
k127_85185_1	1	321	321	1	0.408	11	None	NA	NA	NA	0	0	0	1	NA	NA	NA	NA	NA
k127_85185_2	318	560	243	1	0.457	11	GGA/GAG/AGG	GENOMAD.016997.VV	4.015e-13	65	0	0	1	2561	Caudoviricetes	NA	NA	PF13479;TIGR01618;COG2087;K10957	phage nucleotide-binding protein
k127_162261_1	7	324	318	-1	0.645	11	None	GENOMAD.053137.VV	2.976e-26	104	0	0	1	2561	Caudoviricetes	NA	NA	PF17482	Phage tail sheath C-terminal domain
k127_162320_1	3	125	123	1	0.642	11	None	NA	NA	NA	0	0	0	1	NA	NA	NA	NA	NA
k127_162320_2	116	358	243	1	0.634	11	GGAGT	GENOMAD.064089.VV	1.005e-11	61	0	0	1	1	NA	NA	NA	PF03592;K07474;COG3728	Terminase small subunit
k127_47104_1	1	135	135	-1	0.541	11	None	GENOMAD.110781.VV	3.678e-06	43	0	0	0	2561	Caudoviricetes	NA	NA	NA	NA
k127_47104_2	144	395	252	-1	0.627	11	None	GENOMAD.093408.VV	9.604e-28	107	0	0	1	2561	Caudoviricetes	NA	NA	PF09356;PF11836;TIGR02218	phage conserved hypothetical protein BR0599
k127_239050_1	2	304	303	1	0.587	11	None	GENOMAD.090150.VV	8.267e-14	68	0	0	1	1	NA	NA	NA	PF05939	NA
k127_315818_1	2	442	441	1	0.583	11	None	GENOMAD.019218.VV	1.351e-28	113	0	0	1	2561	Caudoviricetes	NA	NA	COG5410	NA
k127_315899_1	3	719	717	-1	0.697	11	None	GENOMAD.013210.VV	4.387e-23	101	0	0	1	2561	Caudoviricetes	NA	NA	PF00211;PF08994;PF08993;COG2114	Adenylate and Guanylate cyclase catalytic domain; T4 gene Gp59 loader of gp41 DNA helicase C-term; T4 gene Gp59 loader of gp41 DNA helicase
k127_239232_1	3	581	579	-1	0.611	11	None	GENOMAD.013210.VV	7.833e-38	142	0	0	1	2561	Caudoviricetes	NA	NA	PF00211;PF08994;PF08993;COG2114	Adenylate and Guanylate cyclase catalytic domain; T4 gene Gp59 loader of gp41 DNA helicase C-term; T4 gene Gp59 loader of gp41 DNA helicase
k127_277866_1	2	436	435	1	0.667	11	None	GENOMAD.013210.VV	5.105e-30	117	0	0	1	2561	Caudoviricetes	NA	NA	PF00211;PF08994;PF08993;COG2114	Adenylate and Guanylate cyclase catalytic domain; T4 gene Gp59 loader of gp41 DNA helicase C-term; T4 gene Gp59 loader of gp41 DNA helicase
k127_86158_1	3	500	498	-1	0.614	11	None	GENOMAD.116655.VV	1.744e-93	301	0	0	1	2561	Caudoviricetes	NA	NA	PF04860;TIGR01537;COG5005	phage portal protein, HK97 family
k127_124655_1	3	530	528	-1	0.561	11	None	GENOMAD.013210.VV	1.283e-23	100	0	0	1	2561	Caudoviricetes	NA	NA	PF00211;PF08994;PF08993;COG2114	Adenylate and Guanylate cyclase catalytic domain; T4 gene Gp59 loader of gp41 DNA helicase C-term; T4 gene Gp59 loader of gp41 DNA helicase
k127_278284_1	58	306	249	-1	0.622	11	None	GENOMAD.063098.VV	7.4e-08	50	0	0	1	2561	Caudoviricetes	NA	NA	PF11126	Transcriptional regulator DsbA
k127_355103_1	1	402	402	1	0.585	11	None	GENOMAD.153574.VV	1.913e-09	57	0	0	1	2561	Caudoviricetes	NA	NA	PF05065;TIGR01554;COG4653	phage major capsid protein, HK97 family
k127_9635_1	1	396	396	1	0.636	11	None	GENOMAD.147427.VP	1e-16	78	0	0	1	2561	Caudoviricetes	NA	NA	PF07141	Putative bacteriophage terminase small subunit
k127_240166_1	85	483	399	1	0.642	11	None	GENOMAD.147427.VP	3.251e-21	91	0	0	1	2561	Caudoviricetes	NA	NA	PF07141	Putative bacteriophage terminase small subunit
k127_125372_1	2	340	339	1	0.646	11	None	GENOMAD.223594.VP	2.802e-05	44	0	0	1	2561	Caudoviricetes	NA	NA	PF11994;PF09684;TIGR01634;COG4385	phage tail protein, P2 protein I family
k127_125372_2	337	750	414	1	0.657	11	None	NA	NA	NA	0	0	0	1	NA	NA	NA	NA	NA
k127_48425_1	1	402	402	-1	0.784	11	None	GENOMAD.124507.VV	1.981e-35	132	0	0	1	2561	Caudoviricetes	NA	NA	PF11242;K22300;COG3655;TIGR00673	DNA-binding transcriptional regulator, XRE family
k127_355699_1	3	809	807	1	0.556	11	None	GENOMAD.013210.VV	4.006e-27	114	0	0	1	2561	Caudoviricetes	NA	NA	PF00211;PF08994;PF08993;COG2114	Adenylate and Guanylate cyclase catalytic domain; T4 gene Gp59 loader of gp41 DNA helicase C-term; T4 gene Gp59 loader of gp41 DNA helicase
k127_87055_1	2	286	285	1	0.646	11	None	GENOMAD.154021.VP	1.968e-10	58	0	0	1	2561	Caudoviricetes	NA	NA	PF07141;TIGR03384	Putative bacteriophage terminase small subunit
k127_87055_2	283	429	147	1	0.619	11	GGAG/GAGG	NA	NA	NA	0	0	0	1	NA	NA	NA	NA	NA
k127_125616_1	2	499	498	-1	0.488	11	None	GENOMAD.102751.VV	1.744e-93	301	0	0	1	1	NA	NA	NA	PF11650	P22 tail accessory factor
k127_202516_1	2	760	759	-1	0.661	11	None	GENOMAD.159842.VV	7.914e-35	136	0	0	1	2561	Caudoviricetes	NA	NA	PF05772;PF04466;TIGR01547;COG5323	NinB protein; Phage terminase large subunit
k127_164044_1	1	303	303	-1	0.587	11	None	GENOMAD.195656.VP	9.522e-05	42	0	0	1	9067	Straboviridae	NA	NA	PF19835;PF07453;TIGR01453;COG2827	group I intron endonuclease
k127_10575_1	2	196	195	-1	0.405	11	GGA/GAG/AGG	NA	NA	NA	0	0	0	1	NA	NA	NA	NA	NA
k127_10575_2	183	461	279	-1	0.373	11	None	GENOMAD.010708.VV	1.717e-41	147	0	0	1	2561	Caudoviricetes	NA	NA	PF05521;TIGR01563;COG5614	phage head-tail adaptor, putative, SPP1 family
k127_48999_1	1	405	405	1	0.622	11	None	GENOMAD.181728.VV	5.514e-16	76	0	0	1	2561	Caudoviricetes	NA	NA	PF09588;COG5377;TIGR03033	Phage-related protein, predicted endonuclease
k127_164473_1	1	318	318	-1	0.638	11	None	GENOMAD.058181.VV	5.195e-21	89	0	0	1	1	NA	NA	NA	PF11134	Phage stabilisation protein
k127_280023_1	27	1193	1167	-1	0.620	11	None	GENOMAD.013210.VV	3.295e-12	71	0	0	1	2561	Caudoviricetes	NA	NA	PF00211;PF08994;PF08993;COG2114	Adenylate and Guanylate cyclase catalytic domain; T4 gene Gp59 loader of gp41 DNA helicase C-term; T4 gene Gp59 loader of gp41 DNA helicase
k127_280527_1	3	671	669	1	0.592	11	None	GENOMAD.020821.VV	7.397e-18	85	0	0	1	2561	Caudoviricetes	NA	NA	PF05876;PF16203;K14440;COG5410;TIGR04095	ERCC4-related helicase
k127_127129_1	2	445	444	1	0.696	11	None	GENOMAD.073447.VV	2.781e-10	60	0	0	1	2561	Caudoviricetes	NA	NA	PF00580;TIGR04095;COG4373	UvrD/REP helicase N-terminal domain
k127_280790_1	2	319	318	1	0.629	11	None	GENOMAD.099865.VV	1.574e-17	79	0	0	1	2561	Caudoviricetes	NA	NA	PF04466;PF17289;TIGR01547;COG5323;K06909	phage terminase, large subunit, PBSX family
k127_242291_1	3	320	318	-1	0.692	11	None	GENOMAD.147017.VP	1.028e-29	114	0	0	1	2561	Caudoviricetes	NA	NA	PF04466;TIGR01547;COG1783	Phage terminase large subunit
k127_319097_1	3	356	354	-1	0.367	11	None	GENOMAD.180650.VP	3.929e-29	113	0	0	1	2561	Caudoviricetes	NA	NA	PF14359;COG4626	Phage terminase-like protein, large subunit, contains N-terminal HTH domain
k127_204538_1	1	309	309	-1	0.579	11	None	GENOMAD.153941.VV	8.259e-23	94	0	0	1	2561	Caudoviricetes	NA	NA	PF13479;K19789;TIGR01618	phage nucleotide-binding protein
k127_204745_1	3	317	315	1	0.549	11	None	GENOMAD.129169.VV	2.025e-06	47	0	0	1	2561	Caudoviricetes	NA	NA	COG4675	Microcystin-dependent protein  (function unknown)
k127_12801_1	1	372	372	1	0.685	11	None	GENOMAD.137904.VV	1.259e-10	60	0	0	1	2561	Caudoviricetes	NA	NA	PF07141;COG2963;K01994;TIGR03879	Putative bacteriophage terminase small subunit
k127_281608_1	2	586	585	-1	0.571	11	None	GENOMAD.013210.VV	1.609e-29	118	0	0	1	2561	Caudoviricetes	NA	NA	PF00211;PF08994;PF08993;COG2114	Adenylate and Guanylate cyclase catalytic domain; T4 gene Gp59 loader of gp41 DNA helicase C-term; T4 gene Gp59 loader of gp41 DNA helicase
k127_205045_1	3	425	423	1	0.645	11	None	GENOMAD.099865.VV	1.676e-23	98	0	0	1	2561	Caudoviricetes	NA	NA	PF04466;PF17289;TIGR01547;COG5323;K06909	phage terminase, large subunit, PBSX family
k127_205110_1	2	340	339	1	0.702	11	None	GENOMAD.147017.VP	2.324e-32	122	0	0	1	2561	Caudoviricetes	NA	NA	PF04466;TIGR01547;COG1783	Phage terminase large subunit
k127_281911_1	3	353	351	-1	0.584	11	None	GENOMAD.158965.VP	1.527e-30	117	0	0	1	2561	Caudoviricetes	NA	NA	PF05772;PF04404;COG5362	NinB protein; ERF superfamily
k127_319972_1	1	384	384	1	0.729	11	None	GENOMAD.068590.VV	5.061e-14	70	0	0	1	2561	Caudoviricetes	NA	NA	PF13871;PF11242;K11654;TIGR00721	C-terminal domain on Strawberry notch homologue
k127_90158_1	3	569	567	1	0.547	11	None	GENOMAD.169508.VP	8.192e-11	63	0	0	1	2561	Caudoviricetes	NA	NA	PF04708;PF13262;COG1961;K14060	Site-specific DNA recombinase related to the DNA invertase Pin
k127_13835_1	2	223	222	-1	0.595	11	None	NA	NA	NA	0	0	0	1	NA	NA	NA	NA	NA
k127_13835_2	236	712	477	1	0.662	11	None	GENOMAD.099865.VV	4.071e-30	118	0	0	1	2561	Caudoviricetes	NA	NA	PF04466;PF17289;TIGR01547;COG5323;K06909	phage terminase, large subunit, PBSX family
k127_244061_1	3	560	558	-1	0.599	11	None	GENOMAD.169508.VP	7.893e-09	57	0	0	1	2561	Caudoviricetes	NA	NA	PF04708;PF13262;COG1961;K14060	Site-specific DNA recombinase related to the DNA invertase Pin
k127_167510_1	3	215	213	1	0.624	11	None	GENOMAD.010774.VV	3.852e-09	53	0	0	1	1	NA	NA	NA	PF07880	Bacteriophage T4 gp9/10-like protein
k127_167510_2	212	334	123	1	0.691	11	GGAG/GAGG	NA	NA	NA	0	0	0	1	NA	NA	NA	NA	NA
k127_91212_1	3	401	399	1	0.581	11	None	GENOMAD.068048.VV	5.583e-15	73	0	0	1	2561	Caudoviricetes	NA	NA	PF20307;TIGR03600;K02314;COG0305	phage replicative helicase, DnaB family, HK022 subfamily
k127_321251_1	1	489	489	-1	0.658	11	None	GENOMAD.099865.VV	4.373e-31	121	0	0	1	2561	Caudoviricetes	NA	NA	PF04466;PF17289;TIGR01547;COG5323;K06909	phage terminase, large subunit, PBSX family
k127_244792_1	2	433	432	-1	0.618	11	None	GENOMAD.099865.VV	1.695e-15	75	0	0	1	2561	Caudoviricetes	NA	NA	PF04466;PF17289;TIGR01547;COG5323;K06909	phage terminase, large subunit, PBSX family
k127_91431_1	3	482	480	-1	0.677	11	None	GENOMAD.099865.VV	1.715e-22	96	0	0	1	2561	Caudoviricetes	NA	NA	PF04466;PF17289;TIGR01547;COG5323;K06909	phage terminase, large subunit, PBSX family
k127_206784_1	3	161	159	1	0.648	11	None	NA	NA	NA	0	0	0	1	NA	NA	NA	NA	NA
k127_206784_2	154	360	207	1	0.589	11	GGAG/GAGG	GENOMAD.071130.VV	1.452e-17	77	0	0	1	1	NA	NA	NA	PF06892;COG3655;TIGR02684	DNA-binding transcriptional regulator, XRE family
k127_130161_1	2	343	342	-1	0.626	11	None	GENOMAD.179816.VP	5.408e-16	75	0	0	1	2561	Caudoviricetes	NA	NA	PF20307;TIGR02239;COG3598;K08482	Divergent DnaB-like ATPase
k127_168748_1	1	303	303	1	0.538	11	None	GENOMAD.178916.VP	3.203e-08	52	0	0	1	2561	Caudoviricetes	NA	NA	PF05065;TIGR01554;COG1659	phage major capsid protein, HK97 family
k127_361005_1	3	563	561	-1	0.610	11	None	GENOMAD.169508.VP	2.024e-22	97	0	0	1	2561	Caudoviricetes	NA	NA	PF04708;PF13262;COG1961;K14060	Site-specific DNA recombinase related to the DNA invertase Pin
k127_130673_1	3	413	411	1	0.679	11	None	GENOMAD.013210.VV	2.891e-24	100	0	0	1	2561	Caudoviricetes	NA	NA	PF00211;PF08994;PF08993;COG2114	Adenylate and Guanylate cyclase catalytic domain; T4 gene Gp59 loader of gp41 DNA helicase C-term; T4 gene Gp59 loader of gp41 DNA helicase
k127_53875_1	1	324	324	-1	0.580	11	None	GENOMAD.172137.VP	9.252e-08	51	0	0	1	2561	Caudoviricetes	NA	NA	PF07141;COG3728;TIGR02036	Putative bacteriophage terminase small subunit
k127_169306_1	2	460	459	-1	0.593	11	None	GENOMAD.129999.VP	1.318e-22	96	0	0	1	2561	Caudoviricetes	NA	NA	PF04708;COG1961;K21528	Site-specific DNA recombinase related to the DNA invertase Pin
k127_284572_1	2	832	831	1	0.644	11	None	GENOMAD.169508.VP	5.005e-26	111	0	0	1	2561	Caudoviricetes	NA	NA	PF04708;PF13262;COG1961;K14060	Site-specific DNA recombinase related to the DNA invertase Pin
k127_131355_1	1	363	363	1	0.523	11	None	GENOMAD.068048.VV	1.131e-10	60	0	0	1	2561	Caudoviricetes	NA	NA	PF20307;TIGR03600;K02314;COG0305	phage replicative helicase, DnaB family, HK022 subfamily
k127_16016_1	2	532	531	1	0.610	11	None	GENOMAD.116655.VV	3.789e-39	145	0	0	1	2561	Caudoviricetes	NA	NA	PF04860;TIGR01537;COG5005	phage portal protein, HK97 family
k127_284786_1	1	717	717	-1	0.625	11	AGGA	GENOMAD.100194.VV	2.243e-35	137	0	0	1	2561	Caudoviricetes	NA	NA	PF04466;TIGR01547;COG5323	Phage terminase large subunit
k127_285012_1	3	410	408	-1	0.610	11	None	GENOMAD.169508.VP	4.013e-20	88	0	0	1	2561	Caudoviricetes	NA	NA	PF04708;PF13262;COG1961;K14060	Site-specific DNA recombinase related to the DNA invertase Pin
k127_361957_1	3	470	468	1	0.620	11	None	GENOMAD.160552.VV	1.52e-11	64	0	0	1	2561	Caudoviricetes	NA	NA	PF09588;COG5377;TIGR03033	Phage-related protein, predicted endonuclease
k127_246573_1	2	157	156	1	0.622	11	None	NA	NA	NA	0	0	0	1	NA	NA	NA	NA	NA
k127_246573_2	147	533	387	1	0.568	11	GGAG/GAGG	GENOMAD.017632.VV	2.009e-06	48	0	0	1	2561	Caudoviricetes	NA	NA	PF03354;COG5410;TIGR01547	phage terminase, large subunit, PBSX family
k127_93250_1	2	346	345	1	0.632	11	None	GENOMAD.038338.VV	2.953e-14	70	0	0	0	2561	Caudoviricetes	NA	NA	COG3392	NA
k127_93250_2	388	822	435	1	0.634	11	None	GENOMAD.147427.VP	2.561e-20	89	0	0	1	2561	Caudoviricetes	NA	NA	PF07141	Putative bacteriophage terminase small subunit
k127_170016_1	226	408	183	1	0.410	11	GGAG/GAGG	NA	NA	NA	0	0	0	1	NA	NA	NA	NA	NA
k127_170016_2	714	1220	507	1	0.414	11	AGxAGG/AGGxGG	GENOMAD.197716.VP	1.617e-16	79	0	0	0	2561	Caudoviricetes	NA	NA	PF07141;COG2826	Putative bacteriophage terminase small subunit
k127_170016_3	1213	2583	1371	1	0.435	11	GGA/GAG/AGG	GENOMAD.023991.VV	1.436e-46	178	0	0	1	2561	Caudoviricetes	NA	NA	COG5410	Mu-like prophage FluMu protein gp28
k127_170016_4	2585	2761	177	1	0.367	11	GGAGG	NA	NA	NA	0	0	0	1	NA	NA	NA	NA	NA
k127_170016_5	2758	2940	183	1	0.290	11	AGGAG	NA	NA	NA	0	0	0	1	NA	NA	NA	NA	NA
k127_170016_6	2937	3047	111	1	0.360	11	AGGA/GGAG/GAGG	NA	NA	NA	0	0	0	1	NA	NA	NA	NA	NA
k127_170016_7	3063	5177	2115	1	0.421	11	AGGAGG	GENOMAD.096148.VC	2.97e-32	138	0	0	1	2561	Caudoviricetes	NA	NA	PF04860;TIGR01537;COG4695	phage portal protein, HK97 family
k127_170016_8	5190	5993	804	1	0.399	11	AGxAGG/AGGxGG	GENOMAD.074795.VV	2.093e-17	85	0	0	1	2561	Caudoviricetes	NA	NA	PF04586;COG3740;K06904;TIGR01543	Phage head maturation protease
k127_170016_9	6008	7315	1308	1	0.405	11	AGGAG	GENOMAD.104534.VP	1.323e-87	298	0	0	0	2561	Caudoviricetes	NA	NA	COG1659	Uncharacterized protein, linocin/CFP29 family
k127_170016_10	7368	7712	345	1	0.394	11	AGGAG	GENOMAD.177203.CV	1.352e-05	45	0	0	0	1	NA	NA	NA	COG1158	Transcription termination factor Rho
k127_170016_11	7716	7955	240	1	0.458	11	GGAGG	NA	NA	NA	0	0	0	1	NA	NA	NA	NA	NA
k127_170016_12	7955	8143	189	1	0.444	11	AGxAGG/AGGxGG	NA	NA	NA	0	0	0	1	NA	NA	NA	NA	NA
k127_323141_1	1	372	372	1	0.575	11	None	GENOMAD.009848.VV	8.05e-16	75	0	0	1	9913	Herelleviridae	NA	NA	COG5377;TIGR03033	Phage-related protein, predicted endonuclease
k127_93696_1	1	372	372	1	0.632	11	None	GENOMAD.053137.VV	8.342e-24	98	0	0	1	2561	Caudoviricetes	NA	NA	PF17482	Phage tail sheath C-terminal domain
k127_17218_1	151	339	189	1	0.608	11	AGGAGG	GENOMAD.181728.VV	4.024e-06	44	0	0	1	2561	Caudoviricetes	NA	NA	PF09588;COG5377;TIGR03033	Phage-related protein, predicted endonuclease
k127_209265_1	3	791	789	1	0.602	11	None	GENOMAD.169508.VP	8.732e-21	95	0	0	1	2561	Caudoviricetes	NA	NA	PF04708;PF13262;COG1961;K14060	Site-specific DNA recombinase related to the DNA invertase Pin
k127_17342_1	1	489	489	1	0.566	11	None	GENOMAD.057710.VV	2.232e-05	46	0	0	1	2561	Caudoviricetes	NA	NA	PF00589;PF04860;K07358;TIGR01537	Phage integrase family; Phage portal protein
k127_17342_2	557	1246	690	-1	0.541	11	None	GENOMAD.046845.VV	2.66e-27	113	0	0	0	2561	Caudoviricetes	NA	NA	PF10431	NA
k127_17365_1	1	864	864	-1	0.588	11	None	GENOMAD.004561.VV	1.085e-97	320	0	0	1	2561	Caudoviricetes	NA	NA	PF06381;K09961;TIGR01555;COG3567	phage-related protein, HI1409 family
k127_286172_1	1	402	402	1	0.644	11	None	GENOMAD.147427.VP	3.083e-22	94	0	0	1	2561	Caudoviricetes	NA	NA	PF07141	Putative bacteriophage terminase small subunit
k127_94400_1	3	320	318	-1	0.664	11	None	GENOMAD.097639.VV	8.658e-16	74	0	0	1	2561	Caudoviricetes	NA	NA	PF17289;TIGR01630;COG5362	phage uncharacterized protein (putative large terminase), C-terminal domain
k127_133033_1	2	310	309	1	0.615	11	None	GENOMAD.068048.VV	4.031e-14	69	0	0	1	2561	Caudoviricetes	NA	NA	PF20307;TIGR03600;K02314;COG0305	phage replicative helicase, DnaB family, HK022 subfamily
k127_248030_1	26	334	309	1	0.709	11	GGAG/GAGG	GENOMAD.127022.VV	5.157e-12	63	0	0	1	2561	Caudoviricetes	NA	NA	PF04586;K06904;COG3740;TIGR01543	Phage head maturation protease
k127_363606_1	2	223	222	-1	0.721	11	GGA/GAG/AGG	GENOMAD.143515.VV	0.0001681	40	0	0	1	1	NA	NA	NA	PF07750;PF11242;K13583;COG5352;TIGR00721	GcrA cell cycle regulator
k127_133272_1	1	84	84	1	0.548	11	None	NA	NA	NA	0	0	0	1	NA	NA	NA	NA	NA
k127_133272_2	81	377	297	-1	0.572	11	None	GENOMAD.146111.VP	7.774e-06	45	0	0	1	2561	Caudoviricetes	NA	NA	PF07141;COG2826	Putative bacteriophage terminase small subunit
k127_56748_1	2	445	444	-1	0.523	11	None	GENOMAD.158965.VP	3.268e-07	51	0	0	1	2561	Caudoviricetes	NA	NA	PF05772;PF04404;COG5362	NinB protein; ERF superfamily
k127_364292_1	3	116	114	-1	0.623	11	GGAG/GAGG	GENOMAD.054804.VV	5.667e-06	42	0	0	1	2561	Caudoviricetes	NA	NA	PF04466;COG5323;TIGR01547	Large terminase phage packaging protein
k127_56970_1	3	431	429	1	0.648	11	None	GENOMAD.013210.VV	1.386e-17	81	0	0	1	2561	Caudoviricetes	NA	NA	PF00211;PF08994;PF08993;COG2114	Adenylate and Guanylate cyclase catalytic domain; T4 gene Gp59 loader of gp41 DNA helicase C-term; T4 gene Gp59 loader of gp41 DNA helicase
k127_249126_1	121	1509	1389	1	0.681	11	None	GENOMAD.050380.VV	2.515e-63	228	0	0	1	2561	Caudoviricetes	NA	NA	PF16510	Phage P22-like portal protein
k127_364722_1	3	158	156	1	0.397	11	None	NA	NA	NA	0	0	0	1	NA	NA	NA	NA	NA
k127_364722_2	161	448	288	1	0.378	11	AAAAAA	GENOMAD.023192.VV	1.845e-11	61	0	0	1	2561	Caudoviricetes	NA	NA	PF05135;TIGR01560	Phage gp6-like head-tail connector protein
k127_19627_1	3	89	87	-1	0.379	11	AAAAAA	GENOMAD.121276.VP	2.311e-09	51	0	0	0	2561	Caudoviricetes	NA	NA	NA	NA
k127_19627_2	108	560	453	-1	0.395	11	None	GENOMAD.096761.VP	4.267e-51	178	0	0	1	2561	Caudoviricetes	NA	NA	PF04630;TIGR01603	Phage tail tube protein
k127_365731_1	1	315	315	1	0.648	11	None	GENOMAD.053137.VV	3.362e-17	78	0	0	1	2561	Caudoviricetes	NA	NA	PF17482	Phage tail sheath C-terminal domain
k127_20032_1	1	300	300	1	0.610	11	None	GENOMAD.123974.VV	3.06e-47	164	0	0	1	2561	Caudoviricetes	NA	NA	PF07409;COG4381	Phage protein GP46
k127_58669_1	1	537	537	1	0.646	11	None	GENOMAD.013210.VV	2.429e-15	76	0	0	1	2561	Caudoviricetes	NA	NA	PF00211;PF08994;PF08993;COG2114	Adenylate and Guanylate cyclase catalytic domain; T4 gene Gp59 loader of gp41 DNA helicase C-term; T4 gene Gp59 loader of gp41 DNA helicase
k127_212617_1	1	249	249	1	0.635	11	None	GENOMAD.151092.VV	9.307e-06	44	0	0	1	2561	Caudoviricetes	NA	NA	PF09588;COG5377;TIGR03033;K01143	Phage-related protein, predicted endonuclease
k127_212617_2	233	316	84	1	0.607	11	GGAGG	NA	NA	NA	0	0	0	1	NA	NA	NA	NA	NA
k127_250962_1	2	721	720	1	0.632	11	None	GENOMAD.068048.VV	1.154e-16	82	0	0	1	2561	Caudoviricetes	NA	NA	PF20307;TIGR03600;K02314;COG0305	phage replicative helicase, DnaB family, HK022 subfamily
k127_327413_1	3	527	525	1	0.646	11	None	GENOMAD.169508.VP	2.275e-14	73	0	0	1	2561	Caudoviricetes	NA	NA	PF04708;PF13262;COG1961;K14060	Site-specific DNA recombinase related to the DNA invertase Pin
k127_366924_1	2	556	555	1	0.629	11	None	GENOMAD.023991.VV	7.015e-12	66	0	0	1	2561	Caudoviricetes	NA	NA	COG5410	Mu-like prophage FluMu protein gp28
k127_366924_2	590	757	168	1	0.607	11	None	NA	NA	NA	0	0	0	1	NA	NA	NA	NA	NA
k127_174873_1	2	406	405	-1	0.704	11	None	GENOMAD.068590.VV	1.316e-23	98	0	0	1	2561	Caudoviricetes	NA	NA	PF13871;PF11242;K11654;TIGR00721	C-terminal domain on Strawberry notch homologue
k127_327835_1	2	427	426	1	0.559	11	None	GENOMAD.108416.VP	1.676e-23	98	0	0	1	2561	Caudoviricetes	NA	NA	PF11863;COG4386	Mu-like prophage tail sheath protein gpL
k127_59677_1	67	483	417	1	0.628	11	GGA/GAG/AGG	GENOMAD.100194.VV	2.427e-18	83	0	0	1	2561	Caudoviricetes	NA	NA	PF04466;TIGR01547;COG5323	Phage terminase large subunit
k127_21519_1	3	182	180	-1	0.639	11	None	GENOMAD.147427.VP	3.488e-06	44	0	0	1	2561	Caudoviricetes	NA	NA	PF07141	Putative bacteriophage terminase small subunit
k127_21519_2	175	957	783	-1	0.641	11	None	GENOMAD.059582.VV	3.808e-20	93	0	0	1	2561	Caudoviricetes	NA	NA	TIGR01725	phage protein, HK97 gp10 family
k127_136850_1	1	393	393	1	0.682	11	None	GENOMAD.053137.VV	1.228e-22	95	0	0	1	2561	Caudoviricetes	NA	NA	PF17482	Phage tail sheath C-terminal domain
k127_213546_1	3	539	537	-1	0.590	11	None	GENOMAD.169508.VP	3.176e-06	49	0	0	1	2561	Caudoviricetes	NA	NA	PF04708;PF13262;COG1961;K14060	Site-specific DNA recombinase related to the DNA invertase Pin
k127_328117_1	3	455	453	1	0.649	11	None	GENOMAD.063098.VV	3.449e-07	51	0	0	1	2561	Caudoviricetes	NA	NA	PF11126	Transcriptional regulator DsbA
k127_21831_1	2	316	315	1	0.283	11	None	GENOMAD.119468.VP	4.099e-07	49	0	0	1	1	NA	NA	NA	PF19835;PF07460;PF07453;TIGR01453;COG2827	group I intron endonuclease
k127_367766_1	3	218	216	1	0.681	11	None	NA	NA	NA	0	0	0	1	NA	NA	NA	NA	NA
k127_367766_2	242	403	162	1	0.673	11	None	GENOMAD.225706.VP	1.098e-06	45	0	0	0	1	NA	NA	NA	NA	NA
k127_367766_3	400	837	438	1	0.614	11	None	GENOMAD.169508.VP	3.427e-17	80	0	0	1	2561	Caudoviricetes	NA	NA	PF04708;PF13262;COG1961;K14060	Site-specific DNA recombinase related to the DNA invertase Pin
k127_291232_1	3	404	402	-1	0.582	11	None	GENOMAD.060259.VV	0.0001175	43	0	0	1	2561	Caudoviricetes	NA	NA	PF20307;TIGR02236;COG0468;K04484	Divergent DnaB-like ATPase
k127_22821_1	1	354	354	-1	0.655	11	None	GENOMAD.062972.VV	5.932e-08	52	0	0	1	2561	Caudoviricetes	NA	NA	PF16510	Phage P22-like portal protein
k127_329381_1	3	296	294	1	0.670	11	None	GENOMAD.195461.VP	3.039e-07	49	0	0	1	2561	Caudoviricetes	NA	NA	PF05766;COG4338	Bacteriophage Lambda NinG protein
k127_329381_2	293	496	204	1	0.662	11	GGA/GAG/AGG	NA	NA	NA	0	0	0	1	NA	NA	NA	NA	NA
k127_215152_1	1	243	243	1	0.654	11	None	GENOMAD.151092.VV	8.566e-06	44	0	0	1	2561	Caudoviricetes	NA	NA	PF09588;COG5377;TIGR03033;K01143	Phage-related protein, predicted endonuclease
k127_215152_2	227	304	78	1	0.654	11	AGGAG	NA	NA	NA	0	0	0	1	NA	NA	NA	NA	NA
k127_177081_1	3	590	588	-1	0.622	11	None	GENOMAD.025405.VV	1.995e-55	193	0	0	1	2561	Caudoviricetes	NA	NA	PF03354;COG4626	Phage terminase-like protein, large subunit, contains N-terminal HTH domain
k127_177081_2	587	883	297	-1	0.660	11	None	NA	NA	NA	0	0	0	1	NA	NA	NA	NA	NA
k127_253392_1	88	636	549	-1	0.685	11	None	GENOMAD.013210.VV	1.961e-20	91	0	0	1	2561	Caudoviricetes	NA	NA	PF00211;PF08994;PF08993;COG2114	Adenylate and Guanylate cyclase catalytic domain; T4 gene Gp59 loader of gp41 DNA helicase C-term; T4 gene Gp59 loader of gp41 DNA helicase
k127_253463_1	1	603	603	1	0.678	11	None	GENOMAD.033798.VV	1.46e-22	98	0	0	1	2561	Caudoviricetes	NA	NA	PF11134	Phage stabilisation protein
k127_100359_1	1	402	402	1	0.637	11	None	GENOMAD.147427.VP	1.83e-19	86	0	0	1	2561	Caudoviricetes	NA	NA	PF07141	Putative bacteriophage terminase small subunit
k127_215649_1	96	401	306	1	0.676	11	AGxAGG/AGGxGG	GENOMAD.097639.VV	7.897e-23	94	0	0	1	2561	Caudoviricetes	NA	NA	PF17289;TIGR01630;COG5362	phage uncharacterized protein (putative large terminase), C-terminal domain
k127_138898_1	4	519	516	-1	0.589	11	GGAG/GAGG	GENOMAD.019218.VV	1.862e-26	108	0	0	1	2561	Caudoviricetes	NA	NA	COG5410	NA
k127_369437_1	2	322	321	-1	0.564	11	None	GENOMAD.110224.VV	1.642e-17	79	0	0	1	1	NA	NA	NA	PF04586;TIGR01543;COG3740;K06904	phage prohead protease, HK97 family
k127_139025_1	9	431	423	-1	0.600	11	None	GENOMAD.068048.VV	1.867e-12	66	0	0	1	2561	Caudoviricetes	NA	NA	PF20307;TIGR03600;K02314;COG0305	phage replicative helicase, DnaB family, HK022 subfamily
k127_369623_1	3	170	168	-1	0.554	11	AGGAGG	GENOMAD.126912.VP	2.521e-07	47	0	0	1	2561	Caudoviricetes	NA	NA	PF11863;COG4386	Mu-like prophage tail sheath protein gpL
k127_369623_2	207	341	135	1	0.622	11	AGGA	NA	NA	NA	0	0	0	1	NA	NA	NA	NA	NA
k127_100687_1	1	288	288	-1	0.628	11	GGA/GAG/AGG	GENOMAD.020789.VV	2.374e-09	55	0	0	1	2561	Caudoviricetes	NA	NA	COG5410	NA
k127_100687_2	288	674	387	-1	0.594	11	None	GENOMAD.192021.VP	4.553e-05	44	0	0	0	2561	Caudoviricetes	NA	NA	PF18932	NA
k127_330478_1	16	804	789	1	0.567	11	GGAG/GAGG	GENOMAD.068048.VV	1.766e-13	73	0	0	1	2561	Caudoviricetes	NA	NA	PF20307;TIGR03600;K02314;COG0305	phage replicative helicase, DnaB family, HK022 subfamily
k127_24045_1	2	661	660	1	0.662	11	None	GENOMAD.078358.VV	2.768e-21	95	0	0	1	2561	Caudoviricetes	NA	NA	PF13550;COG4733	Phage-related protein, tail component
k127_330629_1	1	342	342	1	0.629	11	None	GENOMAD.090446.VV	2.953e-14	70	0	0	1	2561	Caudoviricetes	NA	NA	PF04860;TIGR01537;COG4695	phage portal protein, HK97 family
k127_370007_1	3	602	600	1	0.630	11	None	GENOMAD.169508.VP	2.921e-23	100	0	0	1	2561	Caudoviricetes	NA	NA	PF04708;PF13262;COG1961;K14060	Site-specific DNA recombinase related to the DNA invertase Pin
k127_293041_1	3	431	429	-1	0.564	11	None	GENOMAD.013210.VV	3.621e-15	74	0	0	1	2561	Caudoviricetes	NA	NA	PF00211;PF08994;PF08993;COG2114	Adenylate and Guanylate cyclase catalytic domain; T4 gene Gp59 loader of gp41 DNA helicase C-term; T4 gene Gp59 loader of gp41 DNA helicase
k127_216434_1	1	555	555	1	0.652	11	None	GENOMAD.013124.VV	3.502e-10	61	0	0	1	377	Drexlerviridae	NA	NA	PF13262;COG5410	NA
k127_139804_1	3	560	558	1	0.642	11	None	GENOMAD.068048.VV	6.045e-16	78	0	0	1	2561	Caudoviricetes	NA	NA	PF20307;TIGR03600;K02314;COG0305	phage replicative helicase, DnaB family, HK022 subfamily
k127_293627_1	3	347	345	-1	0.536	11	GGAG/GAGG	NA	NA	NA	0	0	0	1	NA	NA	NA	NA	NA
k127_293627_2	328	906	579	-1	0.528	11	None	GENOMAD.002027.VV	4.06e-11	64	0	0	1	2561	Caudoviricetes	NA	NA	PF05766	Bacteriophage Lambda NinG protein
k127_293627_3	903	1265	363	-1	0.551	11	None	GENOMAD.190366.VP	0.0001747	42	0	0	0	2561	Caudoviricetes	NA	NA	NA	NA
k127_293665_1	5	712	708	-1	0.605	11	None	GENOMAD.045267.VV	3.906e-07	53	0	0	1	2561	Caudoviricetes	NA	NA	PF20387;COG3864	Predicted metal-dependent peptidase
k127_331303_1	2	277	276	-1	0.594	11	GGAG/GAGG	GENOMAD.009767.VV	9.031e-10	56	0	0	1	2561	Caudoviricetes	NA	NA	PF11651	P22 coat protein - gene protein 5
k127_178620_1	1	702	702	-1	0.598	11	None	GENOMAD.013210.VV	1.047e-32	129	0	0	1	2561	Caudoviricetes	NA	NA	PF00211;PF08994;PF08993;COG2114	Adenylate and Guanylate cyclase catalytic domain; T4 gene Gp59 loader of gp41 DNA helicase C-term; T4 gene Gp59 loader of gp41 DNA helicase
k127_217138_1	1	438	438	1	0.653	11	None	GENOMAD.147427.VP	1.034e-12	67	0	0	1	2561	Caudoviricetes	NA	NA	PF07141	Putative bacteriophage terminase small subunit
k127_293931_1	1	132	132	1	0.409	11	None	GENOMAD.170634.VP	3.478e-12	60	0	0	0	2561	Caudoviricetes	NA	NA	NA	NA
k127_293931_2	146	331	186	1	0.419	11	AGxAGG/AGGxGG	GENOMAD.111751.VP	4.102e-19	81	0	0	1	2561	Caudoviricetes	NA	NA	COG5280	Phage-related minor tail protein
k127_25253_1	326	610	285	1	0.575	11	GGA/GAG/AGG	GENOMAD.147427.VP	2.692e-15	72	0	0	1	2561	Caudoviricetes	NA	NA	PF07141	Putative bacteriophage terminase small subunit
k127_371145_1	1	342	342	-1	0.667	11	None	GENOMAD.060259.VV	2.988e-05	44	0	0	1	2561	Caudoviricetes	NA	NA	PF20307;TIGR02236;COG0468;K04484	Divergent DnaB-like ATPase
k127_255277_1	3	353	351	-1	0.462	11	None	GENOMAD.008079.VV	5.125e-58	196	0	0	1	2561	Caudoviricetes	NA	NA	PF11651;TIGR04387	P22 coat protein - gene protein 5
k127_371458_1	1	1080	1080	-1	0.641	11	None	GENOMAD.169508.VP	1.491e-24	109	0	0	1	2561	Caudoviricetes	NA	NA	PF04708;PF13262;COG1961;K14060	Site-specific DNA recombinase related to the DNA invertase Pin
k127_294604_1	1	411	411	-1	0.672	11	None	GENOMAD.068048.VV	3.172e-14	71	0	0	1	2561	Caudoviricetes	NA	NA	PF20307;TIGR03600;K02314;COG0305	phage replicative helicase, DnaB family, HK022 subfamily
k127_217929_1	2	343	342	1	0.620	11	None	GENOMAD.129590.VP	7.656e-12	63	0	0	1	2561	Caudoviricetes	NA	NA	PF07141	Putative bacteriophage terminase small subunit
k127_25934_1	3	362	360	1	0.569	11	None	GENOMAD.148122.VP	5.778e-26	104	0	0	1	2561	Caudoviricetes	NA	NA	PF20441	Terminase large subunit, endonuclease domain
k127_371979_1	2	283	282	-1	0.652	11	None	GENOMAD.154021.VP	5.171e-16	74	0	0	1	2561	Caudoviricetes	NA	NA	PF07141;TIGR03384	Putative bacteriophage terminase small subunit
k127_372037_1	3	353	351	1	0.658	11	None	GENOMAD.223594.VP	4.4e-11	61	0	0	1	2561	Caudoviricetes	NA	NA	PF11994;PF09684;TIGR01634;COG4385	phage tail protein, P2 protein I family
k127_332770_1	2	484	483	1	0.648	11	None	GENOMAD.013210.VV	9.454e-21	91	0	0	1	2561	Caudoviricetes	NA	NA	PF00211;PF08994;PF08993;COG2114	Adenylate and Guanylate cyclase catalytic domain; T4 gene Gp59 loader of gp41 DNA helicase C-term; T4 gene Gp59 loader of gp41 DNA helicase
k127_218614_1	2	427	426	1	0.648	11	None	GENOMAD.013210.VV	6.861e-34	128	0	0	1	2561	Caudoviricetes	NA	NA	PF00211;PF08994;PF08993;COG2114	Adenylate and Guanylate cyclase catalytic domain; T4 gene Gp59 loader of gp41 DNA helicase C-term; T4 gene Gp59 loader of gp41 DNA helicase
k127_295439_1	2	166	165	1	0.576	11	None	GENOMAD.129884.VP	3.978e-09	52	0	0	1	2561	Caudoviricetes	NA	NA	PF10618	Phage tail tube protein
k127_295439_2	179	316	138	1	0.580	11	AGGAG	NA	NA	NA	0	0	0	1	NA	NA	NA	NA	NA
k127_218729_1	2	115	114	-1	0.570	11	GGA/GAG/AGG	NA	NA	NA	0	0	0	1	NA	NA	NA	NA	NA
k127_218729_2	158	406	249	-1	0.570	11	None	GENOMAD.154021.VP	1.656e-07	49	0	0	1	2561	Caudoviricetes	NA	NA	PF07141;TIGR03384	Putative bacteriophage terminase small subunit
k127_256609_1	3	473	471	-1	0.601	11	None	GENOMAD.013210.VV	4.904e-27	109	0	0	1	2561	Caudoviricetes	NA	NA	PF00211;PF08994;PF08993;COG2114	Adenylate and Guanylate cyclase catalytic domain; T4 gene Gp59 loader of gp41 DNA helicase C-term; T4 gene Gp59 loader of gp41 DNA helicase
k127_142382_1	2	439	438	-1	0.628	11	None	GENOMAD.169508.VP	5.898e-20	88	0	0	1	2561	Caudoviricetes	NA	NA	PF04708;PF13262;COG1961;K14060	Site-specific DNA recombinase related to the DNA invertase Pin
k127_333800_1	3	326	324	1	0.651	11	None	GENOMAD.181728.VV	1.703e-09	56	0	0	1	2561	Caudoviricetes	NA	NA	PF09588;COG5377;TIGR03033	Phage-related protein, predicted endonuclease
k127_181239_1	189	629	441	1	0.651	11	AGGA	GENOMAD.160642.VP	6.667e-19	85	0	0	1	1	NA	NA	NA	PF07278;COG4220;K22014	Phage DNA packaging protein, Nu1 subunit of terminase
k127_181392_1	2	130	129	-1	0.667	11	None	GENOMAD.154824.VP	5.038e-09	51	0	0	1	2561	Caudoviricetes	NA	NA	PF07141;TIGR00721;COG4584	Putative bacteriophage terminase small subunit
k127_181392_2	173	391	219	-1	0.658	11	None	GENOMAD.038338.VV	1.068e-07	49	0	0	0	2561	Caudoviricetes	NA	NA	COG3392	NA
k127_219788_1	1	363	363	1	0.656	11	None	GENOMAD.068048.VV	2.1e-12	65	0	0	1	2561	Caudoviricetes	NA	NA	PF20307;TIGR03600;K02314;COG0305	phage replicative helicase, DnaB family, HK022 subfamily
k127_257796_1	3	422	420	-1	0.624	11	None	GENOMAD.169508.VP	2.712e-26	106	0	0	1	2561	Caudoviricetes	NA	NA	PF04708;PF13262;COG1961;K14060	Site-specific DNA recombinase related to the DNA invertase Pin
k127_143396_1	3	308	306	-1	0.471	11	None	GENOMAD.124381.VP	1.808e-14	70	0	0	1	2561	Caudoviricetes	NA	NA	PF18906	Phage tail tube protein
k127_334519_1	1	99	99	-1	0.616	11	GGAG/GAGG	NA	NA	NA	0	0	0	1	NA	NA	NA	NA	NA
k127_334519_2	118	342	225	-1	0.596	11	None	GENOMAD.158545.VP	1.384e-27	106	0	0	1	1	NA	NA	NA	PF13554	Bacteriophage related domain of unknown function
k127_181957_1	3	332	330	-1	0.555	11	GGAGG	GENOMAD.009848.VV	2.061e-16	76	0	0	1	9913	Herelleviridae	NA	NA	COG5377;TIGR03033	Phage-related protein, predicted endonuclease
k127_181957_2	316	729	414	-1	0.577	11	None	GENOMAD.102926.VP	1.962e-10	60	0	0	0	2561	Caudoviricetes	NA	NA	PF04404	ERF superfamily
k127_258191_1	2	343	342	1	0.664	11	None	GENOMAD.092143.VV	3.295e-21	90	0	0	1	2561	Caudoviricetes	NA	NA	PF11367	NA
k127_66877_1	3	392	390	-1	0.538	11	GGA/GAG/AGG	GENOMAD.208744.VP	7.012e-11	61	0	0	1	2561	Caudoviricetes	NA	NA	PF07141	Putative bacteriophage terminase small subunit
k127_66877_2	425	529	105	-1	0.562	11	None	NA	NA	NA	0	0	0	1	NA	NA	NA	NA	NA
k127_28496_1	1	315	315	1	0.632	11	None	GENOMAD.034933.VV	2.509e-12	64	0	0	1	2561	Caudoviricetes	NA	NA	PF05065;PF11367;TIGR01554	phage major capsid protein, HK97 family
k127_28501_1	2	562	561	1	0.538	11	None	GENOMAD.111827.VV	4.557e-50	177	0	0	0	2561	Caudoviricetes	NA	NA	PF09343;TIGR02217;COG5448	TIGR02217 family protein
k127_28501_2	559	1014	456	1	0.596	11	None	GENOMAD.103071.VC	1.656e-28	113	0	0	1	2561	Caudoviricetes	NA	NA	PF05100;TIGR02218;COG5449	Phage minor tail protein L
k127_28696_1	1	726	726	-1	0.686	11	None	GENOMAD.050380.VV	3.608e-41	154	0	0	1	2561	Caudoviricetes	NA	NA	PF16510	Phage P22-like portal protein
k127_28889_1	1	492	492	-1	0.648	11	None	GENOMAD.099865.VV	1.688e-24	102	0	0	1	2561	Caudoviricetes	NA	NA	PF04466;PF17289;TIGR01547;COG5323;K06909	phage terminase, large subunit, PBSX family
k127_182689_1	2	535	534	-1	0.605	11	None	GENOMAD.019218.VV	1.943e-38	143	0	0	1	2561	Caudoviricetes	NA	NA	COG5410	NA
k127_182689_2	737	1264	528	-1	0.572	11	GGAG/GAGG	GENOMAD.019218.VV	7.629e-30	118	0	0	1	2561	Caudoviricetes	NA	NA	COG5410	NA
k127_182693_1	1	321	321	1	0.604	11	None	GENOMAD.161610.VP	1.983e-07	50	0	0	1	2561	Caudoviricetes	NA	NA	PF04865;COG3299	Baseplate J-like protein
k127_105910_1	1	666	666	1	0.658	11	None	GENOMAD.097639.VV	3.73e-30	121	0	0	1	2561	Caudoviricetes	NA	NA	PF17289;TIGR01630;COG5362	phage uncharacterized protein (putative large terminase), C-terminal domain
k127_67679_1	2	349	348	1	0.647	11	None	GENOMAD.068048.VV	7.817e-13	66	0	0	1	2561	Caudoviricetes	NA	NA	PF20307;TIGR03600;K02314;COG0305	phage replicative helicase, DnaB family, HK022 subfamily
k127_183194_1	2	322	321	1	0.664	11	None	GENOMAD.026596.VV	2.369e-37	136	0	0	1	2561	Caudoviricetes	NA	NA	PF05894;K06909;TIGR01547;COG1783	Podovirus DNA encapsidation protein (Gp16)
k127_221651_1	1	408	408	1	0.591	11	None	GENOMAD.169508.VP	3.664e-21	91	0	0	1	2561	Caudoviricetes	NA	NA	PF04708;PF13262;COG1961;K14060	Site-specific DNA recombinase related to the DNA invertase Pin
k127_106851_1	1	306	306	-1	0.716	11	None	GENOMAD.011850.VV	1.808e-14	70	0	0	1	2561	Caudoviricetes	NA	NA	PF11134	Phage stabilisation protein
k127_183651_1	2	304	303	1	0.663	11	None	GENOMAD.135981.VP	3.141e-16	75	0	0	1	2561	Caudoviricetes	NA	NA	PF05065;COG1659	Phage capsid family
k127_336252_1	2	784	783	-1	0.576	11	None	GENOMAD.000073.VV	4.84e-06	50	0	0	1	6233	Potyviridae	NA	NA	PF00680	Viral RNA-dependent RNA polymerase
k127_145548_1	2	343	342	1	0.620	11	None	GENOMAD.023991.VV	4.446e-26	104	0	0	1	2561	Caudoviricetes	NA	NA	COG5410	Mu-like prophage FluMu protein gp28
k127_299067_1	1	468	468	1	0.630	11	None	GENOMAD.017133.VV	7.521e-10	59	0	0	1	2561	Caudoviricetes	NA	NA	PF05894;TIGR01547;COG4373	Podovirus DNA encapsidation protein (Gp16)
k127_145586_1	1	387	387	-1	0.618	11	GGAG/GAGG	GENOMAD.108416.VP	1.413e-28	112	0	0	1	2561	Caudoviricetes	NA	NA	PF11863;COG4386	Mu-like prophage tail sheath protein gpL
k127_222445_1	3	422	420	1	0.643	11	None	GENOMAD.154021.VP	4.931e-19	85	0	0	1	2561	Caudoviricetes	NA	NA	PF07141;TIGR03384	Putative bacteriophage terminase small subunit
k127_222445_2	535	1212	678	1	0.647	11	GGA/GAG/AGG	GENOMAD.100194.VV	4.136e-31	124	0	0	1	2561	Caudoviricetes	NA	NA	PF04466;TIGR01547;COG5323	Phage terminase large subunit
k127_336691_1	2	301	300	-1	0.673	11	GGxGG	GENOMAD.143515.VV	7.585e-07	48	0	0	1	1	NA	NA	NA	PF07750;PF11242;K13583;COG5352;TIGR00721	GcrA cell cycle regulator
k127_145944_1	3	911	909	1	0.696	11	None	GENOMAD.013210.VV	1.753e-15	80	0	0	1	2561	Caudoviricetes	NA	NA	PF00211;PF08994;PF08993;COG2114	Adenylate and Guanylate cyclase catalytic domain; T4 gene Gp59 loader of gp41 DNA helicase C-term; T4 gene Gp59 loader of gp41 DNA helicase
k127_260558_1	1	435	435	1	0.508	11	None	GENOMAD.017807.VV	1.608e-67	225	0	0	1	2561	Caudoviricetes	NA	NA	PF12236	Bacteriophage head to tail connecting protein
k127_261211_1	1	378	378	-1	0.640	11	None	GENOMAD.034519.VV	3.243e-09	56	0	0	1	2561	Caudoviricetes	NA	NA	PF05136;TIGR01537;COG4695	phage portal protein, HK97 family
k127_31743_1	3	359	357	-1	0.619	11	None	GENOMAD.024710.VV	1.102e-18	83	0	0	1	2561	Caudoviricetes	NA	NA	PF18352;TIGR01644;COG4540	Phage protein Gp138 N-terminal domain
k127_338072_1	3	425	423	-1	0.664	11	None	GENOMAD.033798.VV	5.212e-28	111	0	0	1	2561	Caudoviricetes	NA	NA	PF11134	Phage stabilisation protein
k127_300715_1	2	733	732	1	0.637	11	None	GENOMAD.013210.VV	5.865e-14	74	0	0	1	2561	Caudoviricetes	NA	NA	PF00211;PF08994;PF08993;COG2114	Adenylate and Guanylate cyclase catalytic domain; T4 gene Gp59 loader of gp41 DNA helicase C-term; T4 gene Gp59 loader of gp41 DNA helicase
k127_224031_1	1	327	327	-1	0.590	11	None	GENOMAD.095943.VV	3.943e-25	101	0	0	1	2561	Caudoviricetes	NA	NA	PF11651;TIGR04387	P22 coat protein - gene protein 5
k127_109028_1	2	649	648	-1	0.627	11	None	GENOMAD.013210.VV	2.646e-05	47	0	0	1	2561	Caudoviricetes	NA	NA	PF00211;PF08994;PF08993;COG2114	Adenylate and Guanylate cyclase catalytic domain; T4 gene Gp59 loader of gp41 DNA helicase C-term; T4 gene Gp59 loader of gp41 DNA helicase
k127_224126_1	1	417	417	-1	0.576	11	None	GENOMAD.107055.VV	2.884e-16	77	0	0	1	2561	Caudoviricetes	NA	NA	PF17288	Terminase RNAseH like domain
k127_186084_1	1	267	267	-1	0.719	11	GGA/GAG/AGG	GENOMAD.224435.VP	4.437e-08	51	0	0	1	2561	Caudoviricetes	NA	NA	PF04965;K06903;COG3628;TIGR03357	Baseplate wedge protein gp25
k127_186084_2	277	354	78	-1	0.603	11	None	NA	NA	NA	0	0	0	1	NA	NA	NA	NA	NA
k127_301477_1	3	491	489	1	0.697	11	None	GENOMAD.060259.VV	2.254e-06	49	0	0	1	2561	Caudoviricetes	NA	NA	PF20307;TIGR02236;COG0468;K04484	Divergent DnaB-like ATPase
k127_224688_1	2	301	300	-1	0.653	11	None	GENOMAD.017840.VV	2.845e-32	121	0	0	1	2561	Caudoviricetes	NA	NA	PF17288	Terminase RNAseH like domain
k127_109713_1	2	475	474	-1	0.618	11	None	GENOMAD.053100.VV	8.681e-30	117	0	0	1	1	NA	NA	NA	PF16510	Phage P22-like portal protein
k127_186507_1	1	168	168	-1	0.655	11	None	GENOMAD.152079.VP	9.882e-09	51	0	0	1	2561	Caudoviricetes	NA	NA	PF07141;COG2826;TIGR00721	Putative bacteriophage terminase small subunit
k127_186507_2	231	443	213	-1	0.638	11	None	NA	NA	NA	0	0	0	1	NA	NA	NA	NA	NA
k127_339108_1	1	1182	1182	1	0.636	11	None	GENOMAD.169508.VP	9.295e-14	76	0	0	1	2561	Caudoviricetes	NA	NA	PF04708;PF13262;COG1961;K14060	Site-specific DNA recombinase related to the DNA invertase Pin
k127_71175_1	3	371	369	-1	0.607	11	None	GENOMAD.189735.VP	4.193e-14	70	0	0	1	2561	Caudoviricetes	NA	NA	PF05065	Phage capsid family
k127_378922_1	3	419	417	-1	0.571	11	None	GENOMAD.084246.VV	8.03e-31	119	0	0	1	2561	Caudoviricetes	NA	NA	PF05954;COG3500;TIGR03361	Phage protein D
k127_301905_1	3	314	312	1	0.513	11	None	GENOMAD.154686.VV	1.061e-20	88	0	0	1	2561	Caudoviricetes	NA	NA	PF17288	Terminase RNAseH like domain
k127_71364_1	2	778	777	1	0.674	11	None	GENOMAD.013210.VV	1.682e-14	76	0	0	1	2561	Caudoviricetes	NA	NA	PF00211;PF08994;PF08993;COG2114	Adenylate and Guanylate cyclase catalytic domain; T4 gene Gp59 loader of gp41 DNA helicase C-term; T4 gene Gp59 loader of gp41 DNA helicase
k127_71364_2	620	1183	564	-1	0.629	11	None	NA	NA	NA	0	0	0	1	NA	NA	NA	NA	NA
k127_378948_1	2	514	513	1	0.558	11	None	GENOMAD.068048.VV	1.166e-09	59	0	0	1	2561	Caudoviricetes	NA	NA	PF20307;TIGR03600;K02314;COG0305	phage replicative helicase, DnaB family, HK022 subfamily
k127_33123_1	2	553	552	-1	0.582	11	None	GENOMAD.169508.VP	3.241e-25	105	0	0	1	2561	Caudoviricetes	NA	NA	PF04708;PF13262;COG1961;K14060	Site-specific DNA recombinase related to the DNA invertase Pin
k127_379061_1	3	320	318	1	0.623	11	None	GENOMAD.136161.VV	3.508e-17	78	0	0	1	2561	Caudoviricetes	NA	NA	PF11651;TIGR04387	P22 coat protein - gene protein 5
k127_302063_1	73	429	357	-1	0.608	11	None	GENOMAD.150914.VV	6.991e-15	72	0	0	1	7662	Tectiviridae	NA	NA	PF09018	P3 major capsid protein
k127_225448_1	1	780	780	-1	0.558	11	None	GENOMAD.160586.VV	2.516e-44	164	0	0	1	2561	Caudoviricetes	NA	NA	PF04466;PF17288;TIGR01547;COG1783;K06909	phage terminase, large subunit, PBSX family
k127_148906_1	3	446	444	1	0.649	11	None	GENOMAD.004561.VV	1.968e-33	127	0	0	1	2561	Caudoviricetes	NA	NA	PF06381;K09961;TIGR01555;COG3567	phage-related protein, HI1409 family
k127_33540_1	2	385	384	1	0.643	11	None	GENOMAD.002027.VV	0.000219	42	0	0	1	2561	Caudoviricetes	NA	NA	PF05766	Bacteriophage Lambda NinG protein
k127_379548_1	2	391	390	-1	0.567	11	None	GENOMAD.053137.VV	2.195e-05	45	0	0	1	2561	Caudoviricetes	NA	NA	PF17482	Phage tail sheath C-terminal domain
k127_149350_1	2	904	903	1	0.683	11	None	GENOMAD.042265.VV	1.396e-05	49	0	0	1	2561	Caudoviricetes	NA	NA	PF20307;TIGR02237;COG0468;K04485	Divergent DnaB-like ATPase
k127_34167_1	3	371	369	-1	0.691	11	GGAG/GAGG	GENOMAD.224435.VP	0.0004068	41	0	0	1	2561	Caudoviricetes	NA	NA	PF04965;K06903;COG3628;TIGR03357	Baseplate wedge protein gp25
k127_34167_2	379	459	81	-1	0.716	11	None	NA	NA	NA	0	0	0	1	NA	NA	NA	NA	NA
k127_72554_1	2	331	330	-1	0.667	11	None	GENOMAD.157932.VP	0.0006283	40	0	0	1	2561	Caudoviricetes	NA	NA	PF11367	NA
k127_72640_1	13	465	453	-1	0.656	11	None	GENOMAD.192935.VP	2.778e-11	63	0	0	1	2561	Caudoviricetes	NA	NA	PF07141;COG2826;TIGR02844	Putative bacteriophage terminase small subunit
k127_111420_1	2	322	321	1	0.670	11	None	GENOMAD.070325.VV	0.0001166	42	0	0	1	1	NA	NA	NA	PF09293	T4 RNase H, C terminal
k127_264147_1	2	937	936	1	0.730	11	None	GENOMAD.013210.VV	1.217e-25	111	0	0	1	2561	Caudoviricetes	NA	NA	PF00211;PF08994;PF08993;COG2114	Adenylate and Guanylate cyclase catalytic domain; T4 gene Gp59 loader of gp41 DNA helicase C-term; T4 gene Gp59 loader of gp41 DNA helicase
k127_72899_1	2	568	567	-1	0.704	11	None	GENOMAD.053137.VV	1.883e-24	103	0	0	1	2561	Caudoviricetes	NA	NA	PF17482	Phage tail sheath C-terminal domain
k127_188455_1	1	312	312	-1	0.545	11	None	GENOMAD.034519.VV	1.613e-08	53	0	0	1	2561	Caudoviricetes	NA	NA	PF05136;TIGR01537;COG4695	phage portal protein, HK97 family
k127_150258_1	2	439	438	1	0.626	11	None	GENOMAD.169508.VP	9.608e-14	70	0	0	1	2561	Caudoviricetes	NA	NA	PF04708;PF13262;COG1961;K14060	Site-specific DNA recombinase related to the DNA invertase Pin
k127_264507_1	1	306	306	-1	0.657	11	None	GENOMAD.160642.VP	1.352e-09	56	0	0	1	1	NA	NA	NA	PF07278;COG4220;K22014	Phage DNA packaging protein, Nu1 subunit of terminase
k127_111921_1	3	485	483	1	0.665	11	None	GENOMAD.068048.VV	1.239e-16	79	0	0	1	2561	Caudoviricetes	NA	NA	PF20307;TIGR03600;K02314;COG0305	phage replicative helicase, DnaB family, HK022 subfamily
k127_111921_2	482	553	72	1	0.681	11	None	NA	NA	NA	0	0	0	1	NA	NA	NA	NA	NA
k127_226958_1	1	744	744	1	0.465	11	None	GENOMAD.017807.VV	4.398e-115	368	0	0	1	2561	Caudoviricetes	NA	NA	PF12236	Bacteriophage head to tail connecting protein
k127_380918_1	130	483	354	1	0.582	11	GGAG/GAGG	GENOMAD.116655.VV	3.251e-55	188	0	0	1	2561	Caudoviricetes	NA	NA	PF04860;TIGR01537;COG5005	phage portal protein, HK97 family
k127_150550_1	2	442	441	1	0.639	11	None	GENOMAD.013210.VV	9.939e-14	70	0	0	1	2561	Caudoviricetes	NA	NA	PF00211;PF08994;PF08993;COG2114	Adenylate and Guanylate cyclase catalytic domain; T4 gene Gp59 loader of gp41 DNA helicase C-term; T4 gene Gp59 loader of gp41 DNA helicase
k127_35177_1	1	438	438	1	0.685	11	None	GENOMAD.068590.VV	8.9e-15	73	0	0	1	2561	Caudoviricetes	NA	NA	PF13871;PF11242;K11654;TIGR00721	C-terminal domain on Strawberry notch homologue
k127_73606_1	2	340	339	1	0.590	11	None	NA	NA	NA	0	0	0	1	NA	NA	NA	NA	NA
k127_73606_2	333	746	414	1	0.616	11	GGA/GAG/AGG	GENOMAD.017632.VV	1.883e-11	63	0	0	1	2561	Caudoviricetes	NA	NA	PF03354;COG5410;TIGR01547	phage terminase, large subunit, PBSX family
k127_189304_1	2	364	363	-1	0.603	11	None	GENOMAD.068048.VV	1.747e-14	71	0	0	1	2561	Caudoviricetes	NA	NA	PF20307;TIGR03600;K02314;COG0305	phage replicative helicase, DnaB family, HK022 subfamily
k127_189367_1	2	325	324	1	0.645	11	None	GENOMAD.097639.VV	9.252e-08	51	0	0	1	2561	Caudoviricetes	NA	NA	PF17289;TIGR01630;COG5362	phage uncharacterized protein (putative large terminase), C-terminal domain
k127_112662_1	3	338	336	-1	0.598	11	None	GENOMAD.116655.VV	3.835e-50	173	0	0	1	2561	Caudoviricetes	NA	NA	PF04860;TIGR01537;COG5005	phage portal protein, HK97 family
k127_74380_1	43	345	303	-1	0.640	11	None	GENOMAD.053137.VV	2.201e-19	84	0	0	1	2561	Caudoviricetes	NA	NA	PF17482	Phage tail sheath C-terminal domain
k127_74390_1	2	754	753	-1	0.603	11	None	GENOMAD.022372.VV	4.502e-30	122	0	0	1	2561	Caudoviricetes	NA	NA	PF04708;COG1961;K14060	Site-specific DNA recombinase related to the DNA invertase Pin
k127_151676_1	198	980	783	-1	0.676	11	None	GENOMAD.065578.VV	2.027e-47	173	0	0	1	2561	Caudoviricetes	NA	NA	PF04860;PF04233;TIGR01537;COG4695;K06904	phage portal protein, HK97 family
k127_36288_1	3	320	318	1	0.648	11	None	GENOMAD.178916.VP	2.331e-21	90	0	0	1	2561	Caudoviricetes	NA	NA	PF05065;TIGR01554;COG1659	phage major capsid protein, HK97 family
k127_228290_1	1	1224	1224	-1	0.570	11	GGAGG	GENOMAD.000175.VV	7.043e-07	54	0	0	1	8305	Partitiviridae	NA	NA	PF00680;COG3344	Viral RNA-dependent RNA polymerase
k127_190169_1	1	477	477	-1	0.618	11	None	GENOMAD.169508.VP	3.038e-14	72	0	0	1	2561	Caudoviricetes	NA	NA	PF04708;PF13262;COG1961;K14060	Site-specific DNA recombinase related to the DNA invertase Pin
k127_74688_1	3	512	510	-1	0.537	11	None	GENOMAD.013210.VV	1.046e-11	65	0	0	1	2561	Caudoviricetes	NA	NA	PF00211;PF08994;PF08993;COG2114	Adenylate and Guanylate cyclase catalytic domain; T4 gene Gp59 loader of gp41 DNA helicase C-term; T4 gene Gp59 loader of gp41 DNA helicase
k127_74921_1	1	345	345	1	0.606	11	None	GENOMAD.151092.VV	5.627e-07	49	0	0	1	2561	Caudoviricetes	NA	NA	PF09588;COG5377;TIGR03033;K01143	Phage-related protein, predicted endonuclease
k127_305618_1	3	221	219	-1	0.639	11	None	GENOMAD.147427.VP	1.117e-07	49	0	0	1	2561	Caudoviricetes	NA	NA	PF07141	Putative bacteriophage terminase small subunit
k127_305618_2	214	348	135	-1	0.630	11	None	NA	NA	NA	0	0	0	1	NA	NA	NA	NA	NA
k127_152335_1	2	313	312	1	0.683	11	None	GENOMAD.137904.VV	4.341e-06	46	0	0	1	2561	Caudoviricetes	NA	NA	PF07141;COG2963;K01994;TIGR03879	Putative bacteriophage terminase small subunit
k127_266406_1	1	516	516	-1	0.628	11	GGAG/GAGG	GENOMAD.169508.VP	4.049e-16	78	0	0	1	2561	Caudoviricetes	NA	NA	PF04708;PF13262;COG1961;K14060	Site-specific DNA recombinase related to the DNA invertase Pin
k127_36920_1	2	559	558	1	0.608	11	None	GENOMAD.169508.VP	3.358e-25	105	0	0	1	2561	Caudoviricetes	NA	NA	PF04708;PF13262;COG1961;K14060	Site-specific DNA recombinase related to the DNA invertase Pin
k127_36920_2	534	743	210	1	0.614	11	GGA/GAG/AGG	NA	NA	NA	0	0	0	1	NA	NA	NA	NA	NA
k127_382737_1	1	195	195	-1	0.621	11	None	GENOMAD.140343.VP	1.202e-10	57	0	0	1	2561	Caudoviricetes	NA	NA	PF06805;COG4723;TIGR01687;K03636	Phage-related protein, tail component
k127_382737_2	192	488	297	-1	0.606	11	None	GENOMAD.142398.VP	9.368e-12	62	0	0	0	2561	Caudoviricetes	NA	NA	TIGR02219;K13695	putative phage cell wall peptidase, NlpC/P60 family
k127_75182_1	151	615	465	-1	0.634	11	None	GENOMAD.223594.VP	1.755e-07	52	0	0	1	2561	Caudoviricetes	NA	NA	PF11994;PF09684;TIGR01634;COG4385	phage tail protein, P2 protein I family
k127_113924_1	1	390	390	-1	0.628	11	None	GENOMAD.064229.VV	7.579e-44	156	0	0	1	2561	Caudoviricetes	NA	NA	PF05133;TIGR01538	phage portal protein, SPP1 family
k127_114150_1	2	367	366	1	0.645	11	None	GENOMAD.030335.VV	1.881e-22	94	0	0	1	2561	Caudoviricetes	NA	NA	PF09681;TIGR01714	N-terminal phage replisome organiser (Phage_rep_org_N)
k127_383067_1	1	384	384	-1	0.667	11	None	GENOMAD.147571.VP	2.086e-15	74	0	0	1	2561	Caudoviricetes	NA	NA	PF20441;COG5362	Terminase large subunit, endonuclease domain
k127_383102_1	1	699	699	-1	0.707	11	None	GENOMAD.013210.VV	4.507e-17	83	0	0	1	2561	Caudoviricetes	NA	NA	PF00211;PF08994;PF08993;COG2114	Adenylate and Guanylate cyclase catalytic domain; T4 gene Gp59 loader of gp41 DNA helicase C-term; T4 gene Gp59 loader of gp41 DNA helicase
k127_229405_1	2	541	540	-1	0.635	11	None	GENOMAD.169508.VP	1.175e-26	109	0	0	1	2561	Caudoviricetes	NA	NA	PF04708;PF13262;COG1961;K14060	Site-specific DNA recombinase related to the DNA invertase Pin
k127_229556_1	3	440	438	1	0.619	11	None	GENOMAD.068048.VV	3.886e-15	74	0	0	1	2561	Caudoviricetes	NA	NA	PF20307;TIGR03600;K02314;COG0305	phage replicative helicase, DnaB family, HK022 subfamily
k127_114568_1	2	481	480	-1	0.569	11	None	GENOMAD.013210.VV	2.464e-36	136	0	0	1	2561	Caudoviricetes	NA	NA	PF00211;PF08994;PF08993;COG2114	Adenylate and Guanylate cyclase catalytic domain; T4 gene Gp59 loader of gp41 DNA helicase C-term; T4 gene Gp59 loader of gp41 DNA helicase
k127_115017_1	1	312	312	1	0.587	11	None	GENOMAD.068048.VV	1.613e-08	53	0	0	1	2561	Caudoviricetes	NA	NA	PF20307;TIGR03600;K02314;COG0305	phage replicative helicase, DnaB family, HK022 subfamily
k127_38101_1	3	365	363	1	0.559	11	None	GENOMAD.148532.VV	1.635e-23	97	0	0	1	2561	Caudoviricetes	NA	NA	PF04492;TIGR01714	Bacteriophage replication protein O
k127_344254_1	149	436	288	-1	0.576	11	AGGA	GENOMAD.009149.VV	7.601e-28	108	0	0	1	2561	Caudoviricetes	NA	NA	PF17288;TIGR01630	Terminase RNAseH like domain
k127_76701_1	3	203	201	1	0.682	11	None	GENOMAD.056739.VV	6.43e-24	95	0	0	1	2561	Caudoviricetes	NA	NA	PF10665;COG5614;TIGR01563	Minor capsid protein
k127_76701_2	203	367	165	1	0.685	11	AGxAGG/AGGxGG	NA	NA	NA	0	0	0	1	NA	NA	NA	NA	NA
k127_268531_1	235	654	420	1	0.657	11	GGA/GAG/AGG	GENOMAD.053100.VV	5e-28	111	0	0	1	1	NA	NA	NA	PF16510	Phage P22-like portal protein
k127_268533_1	185	1744	1560	-1	0.561	11	None	GENOMAD.013210.VV	4.339e-29	126	0	0	1	2561	Caudoviricetes	NA	NA	PF00211;PF08994;PF08993;COG2114	Adenylate and Guanylate cyclase catalytic domain; T4 gene Gp59 loader of gp41 DNA helicase C-term; T4 gene Gp59 loader of gp41 DNA helicase
