gene	start	end	length	strand	gc_content	genetic_code	rbs_motif	marker	evalue	bitscore	uscg	plasmid_hallmark	virus_hallmark	taxid	taxname	annotation_conjscan	annotation_amr	annotation_accessions	annotation_description
k127_93134_1	2	304	303	-1	0.710	11	None	GENOMAD.129999.VP	2.073e-20	87	0	0	1	2561	Caudoviricetes	NA	NA	PF04708;COG1961;K21528	Site-specific DNA recombinase related to the DNA invertase Pin
k127_465850_1	2	517	516	1	0.671	11	None	GENOMAD.068048.VV	1.106e-11	65	0	0	1	2561	Caudoviricetes	NA	NA	PF20307;TIGR03600;K02314;COG0305	phage replicative helicase, DnaB family, HK022 subfamily
k127_93621_1	1	384	384	-1	0.570	11	None	GENOMAD.169508.VP	1.448e-10	60	0	0	1	2561	Caudoviricetes	NA	NA	PF04708;PF13262;COG1961;K14060	Site-specific DNA recombinase related to the DNA invertase Pin
k127_559561_1	1	312	312	-1	0.590	11	None	GENOMAD.103088.VV	3.254e-09	55	0	0	1	2561	Caudoviricetes	NA	NA	PF09588;COG5377;TIGR03033	Phage-related protein, predicted endonuclease
k127_466731_1	1	267	267	-1	0.607	11	AGGAG	GENOMAD.131725.VV	0.0006836	39	0	0	1	1	NA	NA	NA	PF06892;COG5606;TIGR02612;K22302	Phage regulatory protein CII (CP76)
k127_1149_1	211	1446	1236	1	0.401	11	None	GENOMAD.071187.VV	5.046e-05	48	0	0	1	1	NA	NA	NA	PF00863;TIGR02038;COG0265	periplasmic serine pepetdase DegS
k127_746194_1	1	579	579	1	0.627	11	None	GENOMAD.068590.VV	4.16e-11	64	0	0	1	2561	Caudoviricetes	NA	NA	PF13871;PF11242;K11654;TIGR00721	C-terminal domain on Strawberry notch homologue
k127_280743_1	133	468	336	1	0.723	11	AGGAG	GENOMAD.071900.VV	5.431e-47	164	0	0	1	2561	Caudoviricetes	NA	NA	PF13479;TIGR01618;COG2087;K04484	phage nucleotide-binding protein
k127_187931_1	98	340	243	1	0.675	11	GGA/GAG/AGG	GENOMAD.085971.VV	3.553e-07	48	0	0	1	1	NA	NA	NA	PF05119;COG3747;TIGR01558	Phage terminase, small subunit
k127_281016_1	1	339	339	-1	0.752	11	None	GENOMAD.071900.VV	6.957e-13	66	0	0	1	2561	Caudoviricetes	NA	NA	PF13479;TIGR01618;COG2087;K04484	phage nucleotide-binding protein
k127_560800_1	3	314	312	1	0.654	11	None	GENOMAD.068048.VV	3.254e-09	55	0	0	1	2561	Caudoviricetes	NA	NA	PF20307;TIGR03600;K02314;COG0305	phage replicative helicase, DnaB family, HK022 subfamily
k127_560807_1	163	363	201	1	0.701	11	GGAG/GAGG	GENOMAD.172137.VP	2.448e-05	42	0	0	1	2561	Caudoviricetes	NA	NA	PF07141;COG3728;TIGR02036	Putative bacteriophage terminase small subunit
k127_467709_1	1	516	516	-1	0.578	11	None	GENOMAD.169508.VP	1.106e-11	65	0	0	1	2561	Caudoviricetes	NA	NA	PF04708;PF13262;COG1961;K14060	Site-specific DNA recombinase related to the DNA invertase Pin
k127_468037_1	3	395	393	-1	0.621	11	None	GENOMAD.162088.VV	2.484e-23	97	0	0	1	2561	Caudoviricetes	NA	NA	PF05136;TIGR01539;COG5511;K09961	phage portal protein, lambda family
k127_95798_1	1	561	561	1	0.711	11	None	GENOMAD.212786.VV	7.703e-05	45	0	0	1	2561	Caudoviricetes	NA	NA	PF20307;PF00772;TIGR00665;K02314;COG0305	replicative DNA helicase
k127_375163_1	2	184	183	-1	0.623	11	AGGAG	NA	NA	NA	0	0	0	1	NA	NA	NA	NA	NA
k127_375163_2	734	1387	654	-1	0.523	11	None	GENOMAD.222507.VP	1.463e-08	57	0	0	1	1	NA	NA	NA	PF16754;COG3772	Bacterial toxin homologue of phage lysozyme, C-term
k127_2854_1	1	1032	1032	1	0.684	11	None	GENOMAD.068048.VV	1.956e-19	93	0	0	1	2561	Caudoviricetes	NA	NA	PF20307;TIGR03600;K02314;COG0305	phage replicative helicase, DnaB family, HK022 subfamily
k127_655134_1	1	402	402	-1	0.490	11	None	GENOMAD.123534.VP	3.045e-47	166	0	0	1	2561	Caudoviricetes	NA	NA	PF05133;TIGR01538	Phage portal protein, SPP1 Gp6-like
k127_97142_1	1	384	384	1	0.667	11	None	GENOMAD.026355.VV	3.74e-08	53	0	0	1	2561	Caudoviricetes	NA	NA	PF20307;TIGR02238	Divergent DnaB-like ATPase
k127_655501_1	131	1441	1311	-1	0.369	11	None	GENOMAD.013260.VV	6.626e-06	51	0	0	1	2561	Caudoviricetes	NA	NA	PF11056;PF14582;TIGR00619;COG0420;K07096	Recombination, repair and ssDNA binding protein UvsY; Metallophosphoesterase, calcineurin superfamily
k127_655501_2	1717	1827	111	-1	0.369	11	None	NA	NA	NA	0	0	0	1	NA	NA	NA	NA	NA
k127_563079_1	3	347	345	-1	0.658	11	AGGAG	GENOMAD.048823.VV	1.289e-06	48	0	0	1	2561	Caudoviricetes	NA	NA	PF05954;TIGR03361;COG3500;K06905	type VI secretion system Vgr family protein
k127_563079_2	344	460	117	-1	0.632	11	None	NA	NA	NA	0	0	0	1	NA	NA	NA	NA	NA
k127_377982_1	1	501	501	-1	0.727	11	None	GENOMAD.032942.VV	8.601e-14	71	0	0	1	2561	Caudoviricetes	NA	NA	PF04466;TIGR01547;COG1783	Phage terminase large subunit
k127_750768_1	2	595	594	1	0.682	11	None	GENOMAD.205389.VV	8.221e-49	174	0	0	1	2561	Caudoviricetes	NA	NA	PF05136;TIGR01539;COG5511;K09961	phage portal protein, lambda family
k127_285192_1	2	382	381	1	0.696	11	None	GENOMAD.189516.VP	8.249e-17	78	0	0	1	2561	Caudoviricetes	NA	NA	PF20441;PF03354;COG4626;TIGR01547	Phage terminase-like protein, large subunit, contains N-terminal HTH domain
k127_657215_1	1	300	300	1	0.670	11	None	GENOMAD.158955.VP	7.585e-07	48	0	0	1	2561	Caudoviricetes	NA	NA	PF14550;TIGR01543;COG3740;K06904	phage prohead protease, HK97 family
k127_751324_1	3	344	342	1	0.696	11	None	GENOMAD.162088.VV	4.725e-09	55	0	0	1	2561	Caudoviricetes	NA	NA	PF05136;TIGR01539;COG5511;K09961	phage portal protein, lambda family
k127_472238_1	72	425	354	-1	0.655	11	None	GENOMAD.006456.VV	1.378e-06	48	0	0	1	2561	Caudoviricetes	NA	NA	PF19821;TIGR04387	Phage capsid protein
k127_472238_2	422	559	138	-1	0.710	11	None	NA	NA	NA	0	0	0	1	NA	NA	NA	NA	NA
k127_751796_1	1	366	366	-1	0.626	11	None	GENOMAD.063035.VV	1.501e-07	51	0	0	1	2561	Caudoviricetes	NA	NA	PF04233;TIGR01641	phage putative head morphogenesis protein, SPP1 gp7 family
k127_658234_1	128	757	630	-1	0.687	11	None	GENOMAD.068590.VV	2.582e-15	77	0	0	1	2561	Caudoviricetes	NA	NA	PF13871;PF11242;K11654;TIGR00721	C-terminal domain on Strawberry notch homologue
k127_845361_1	1	501	501	-1	0.639	11	None	GENOMAD.205389.VV	1.773e-34	131	0	0	1	2561	Caudoviricetes	NA	NA	PF05136;TIGR01539;COG5511;K09961	phage portal protein, lambda family
k127_845452_1	1	648	648	1	0.664	11	None	GENOMAD.169508.VP	1.255e-05	48	0	0	1	2561	Caudoviricetes	NA	NA	PF04708;PF13262;COG1961;K14060	Site-specific DNA recombinase related to the DNA invertase Pin
k127_100880_1	37	960	924	1	0.719	11	AGGAG	GENOMAD.071900.VV	9.332e-91	301	0	0	1	2561	Caudoviricetes	NA	NA	PF13479;TIGR01618;COG2087;K04484	phage nucleotide-binding protein
k127_380253_1	33	1514	1482	-1	0.673	11	None	GENOMAD.153941.VV	1.547e-47	182	0	0	1	2561	Caudoviricetes	NA	NA	PF13479;K19789;TIGR01618	phage nucleotide-binding protein
k127_566792_1	1	954	954	1	0.735	11	None	GENOMAD.194580.VP	2.402e-36	143	0	0	1	2561	Caudoviricetes	NA	NA	PF03354;PF05521;PF20441;COG4626;TIGR01563	Phage terminase-like protein, large subunit, contains N-terminal HTH domain
k127_8052_1	3	476	474	-1	0.599	11	GGA/GAG/AGG	GENOMAD.138398.VP	5.565e-26	106	0	0	1	2561	Caudoviricetes	NA	NA	PF04466;TIGR01547;COG1783	phage terminase, large subunit, PBSX family
k127_8214_1	3	722	720	1	0.650	11	None	GENOMAD.068048.VV	5.27e-16	80	0	0	1	2561	Caudoviricetes	NA	NA	PF20307;TIGR03600;K02314;COG0305	phage replicative helicase, DnaB family, HK022 subfamily
k127_474100_1	2	622	621	-1	0.649	11	None	GENOMAD.205389.VV	2.331e-40	150	0	0	1	2561	Caudoviricetes	NA	NA	PF05136;TIGR01539;COG5511;K09961	phage portal protein, lambda family
k127_567604_1	3	512	510	1	0.718	11	None	GENOMAD.013124.VV	1.201e-07	53	0	0	1	377	Drexlerviridae	NA	NA	PF13262;COG5410	NA
k127_102024_1	338	541	204	1	0.608	11	AGGAG	GENOMAD.179484.VP	2.456e-12	62	0	0	1	2561	Caudoviricetes	NA	NA	PF05119;COG3747;TIGR01558	Phage terminase, small subunit
k127_288522_1	3	617	615	-1	0.689	11	None	GENOMAD.013210.VV	1.958e-19	89	0	0	1	2561	Caudoviricetes	NA	NA	PF00211;PF08994;PF08993;COG2114	Adenylate and Guanylate cyclase catalytic domain; T4 gene Gp59 loader of gp41 DNA helicase C-term; T4 gene Gp59 loader of gp41 DNA helicase
k127_9325_1	2	346	345	1	0.652	11	None	GENOMAD.017133.VV	2.789e-15	73	0	0	1	2561	Caudoviricetes	NA	NA	PF05894;TIGR01547;COG4373	Podovirus DNA encapsidation protein (Gp16)
k127_475004_1	1	480	480	1	0.642	11	None	GENOMAD.068048.VV	6.256e-15	74	0	0	1	2561	Caudoviricetes	NA	NA	PF20307;TIGR03600;K02314;COG0305	phage replicative helicase, DnaB family, HK022 subfamily
k127_475049_1	3	368	366	1	0.650	11	None	GENOMAD.205389.VV	7.445e-16	75	0	0	1	2561	Caudoviricetes	NA	NA	PF05136;TIGR01539;COG5511;K09961	phage portal protein, lambda family
k127_754681_1	1	693	693	-1	0.720	11	None	GENOMAD.142138.VV	3.697e-07	53	0	0	1	2561	Caudoviricetes	NA	NA	PF03237;COG4373;TIGR01547	Mu-like prophage FluMu protein gp28
k127_476083_1	2	421	420	1	0.669	11	None	GENOMAD.026355.VV	8.448e-13	67	0	0	1	2561	Caudoviricetes	NA	NA	PF20307;TIGR02238	Divergent DnaB-like ATPase
k127_103689_1	12	476	465	-1	0.716	11	None	GENOMAD.172137.VP	1.62e-20	90	0	0	1	2561	Caudoviricetes	NA	NA	PF07141;COG3728;TIGR02036	Putative bacteriophage terminase small subunit
k127_755775_1	3	320	318	-1	0.582	11	None	GENOMAD.212309.VP	7.092e-10	57	0	0	1	2561	Caudoviricetes	NA	NA	PF07141	Putative bacteriophage terminase small subunit
k127_104519_1	3	497	495	1	0.663	11	None	GENOMAD.064229.VV	1.455e-44	160	0	0	1	2561	Caudoviricetes	NA	NA	PF05133;TIGR01538	phage portal protein, SPP1 family
k127_661814_1	1	321	321	-1	0.614	11	None	GENOMAD.186111.VV	0.0005717	40	0	0	1	1	NA	NA	NA	PF11242;TIGR00721;COG4584	DNA-binding protein, Tfx family
k127_661814_2	302	541	240	-1	0.600	11	None	NA	NA	NA	0	0	0	1	NA	NA	NA	NA	NA
k127_570695_1	3	467	465	-1	0.645	11	None	GENOMAD.013210.VV	1.296e-13	70	0	0	1	2561	Caudoviricetes	NA	NA	PF00211;PF08994;PF08993;COG2114	Adenylate and Guanylate cyclase catalytic domain; T4 gene Gp59 loader of gp41 DNA helicase C-term; T4 gene Gp59 loader of gp41 DNA helicase
k127_12102_1	3	353	351	1	0.718	11	None	GENOMAD.035288.VV	5.732e-08	52	0	0	1	2561	Caudoviricetes	NA	NA	PF03420	Prohead core protein serine protease
k127_571470_1	51	515	465	-1	0.645	11	None	GENOMAD.068048.VV	4.92e-16	77	0	0	1	2561	Caudoviricetes	NA	NA	PF20307;TIGR03600;K02314;COG0305	phage replicative helicase, DnaB family, HK022 subfamily
k127_478334_1	2	367	366	1	0.694	11	None	GENOMAD.180962.VP	6.774e-17	78	0	0	1	2561	Caudoviricetes	NA	NA	PF20441	Terminase large subunit, endonuclease domain
k127_850896_1	3	182	180	-1	0.600	11	GGA/GAG/AGG	GENOMAD.191988.VV	9.423e-11	57	0	0	1	2561	Caudoviricetes	NA	NA	PF03592;K07474;COG3728	Phage terminase, small subunit
k127_850918_1	2	448	447	-1	0.550	11	None	GENOMAD.138398.VP	5.492e-31	120	0	0	1	2561	Caudoviricetes	NA	NA	PF04466;TIGR01547;COG1783	phage terminase, large subunit, PBSX family
k127_572387_1	3	305	303	-1	0.719	11	None	GENOMAD.172137.VP	1.06e-11	62	0	0	1	2561	Caudoviricetes	NA	NA	PF07141;COG3728;TIGR02036	Putative bacteriophage terminase small subunit
k127_479026_1	2	331	330	1	0.645	11	None	NA	NA	NA	0	0	0	1	NA	NA	NA	NA	NA
k127_479026_2	339	731	393	1	0.636	11	GGAG/GAGG	GENOMAD.046671.VV	2.258e-05	45	0	0	1	2561	Caudoviricetes	NA	NA	COG3948	Phage-related baseplate assembly protein
k127_13561_1	3	545	543	1	0.615	11	None	GENOMAD.133121.VP	7.148e-07	51	0	0	1	2561	Caudoviricetes	NA	NA	COG4675	NA
k127_851651_1	2	310	309	1	0.718	11	None	GENOMAD.142194.VP	1.553e-08	53	0	0	1	1	NA	NA	NA	PF03354;COG4626;TIGR01547	Phage terminase-like protein, large subunit, contains N-terminal HTH domain
k127_292906_1	218	1024	807	1	0.576	11	AGGAG	GENOMAD.057710.VV	4.645e-05	47	0	0	1	2561	Caudoviricetes	NA	NA	PF00589;PF04860;K07358;TIGR01537	Phage integrase family; Phage portal protein
k127_386333_1	3	341	339	-1	0.619	11	None	GENOMAD.153941.VV	4.705e-25	101	0	0	1	2561	Caudoviricetes	NA	NA	PF13479;K19789;TIGR01618	phage nucleotide-binding protein
k127_107250_1	3	371	369	-1	0.729	11	None	GENOMAD.224435.VP	2.928e-09	56	0	0	1	2561	Caudoviricetes	NA	NA	PF04965;K06903;COG3628;TIGR03357	Baseplate wedge protein gp25
k127_479692_1	2	415	414	1	0.691	11	None	GENOMAD.053137.VV	3.564e-13	68	0	0	1	2561	Caudoviricetes	NA	NA	PF17482	Phage tail sheath C-terminal domain
k127_107849_1	3	1157	1155	-1	0.600	11	None	GENOMAD.022372.VV	0.0001877	46	0	0	1	2561	Caudoviricetes	NA	NA	PF04708;COG1961;K14060	Site-specific DNA recombinase related to the DNA invertase Pin
k127_760133_1	1	345	345	1	0.707	11	None	GENOMAD.177873.VP	2.207e-09	56	0	0	1	2561	Caudoviricetes	NA	NA	COG5362	Phage terminase large subunit
k127_760258_1	2	451	450	1	0.604	11	None	GENOMAD.068048.VV	3.819e-17	80	0	0	1	2561	Caudoviricetes	NA	NA	PF20307;TIGR03600;K02314;COG0305	phage replicative helicase, DnaB family, HK022 subfamily
k127_760258_2	438	533	96	1	0.594	11	GGA/GAG/AGG	NA	NA	NA	0	0	0	1	NA	NA	NA	NA	NA
k127_574405_1	3	386	384	1	0.672	11	None	GENOMAD.068048.VV	5.806e-12	64	0	0	1	2561	Caudoviricetes	NA	NA	PF20307;TIGR03600;K02314;COG0305	phage replicative helicase, DnaB family, HK022 subfamily
k127_574405_2	383	451	69	1	0.768	11	None	NA	NA	NA	0	0	0	1	NA	NA	NA	NA	NA
k127_481064_1	1	375	375	1	0.651	11	None	GENOMAD.068048.VV	2.147e-13	68	0	0	1	2561	Caudoviricetes	NA	NA	PF20307;TIGR03600;K02314;COG0305	phage replicative helicase, DnaB family, HK022 subfamily
k127_481064_2	372	590	219	1	0.721	11	None	NA	NA	NA	0	0	0	1	NA	NA	NA	NA	NA
k127_202282_1	1	627	627	-1	0.743	11	None	GENOMAD.013210.VV	5.364e-06	49	0	0	1	2561	Caudoviricetes	NA	NA	PF00211;PF08994;PF08993;COG2114	Adenylate and Guanylate cyclase catalytic domain; T4 gene Gp59 loader of gp41 DNA helicase C-term; T4 gene Gp59 loader of gp41 DNA helicase
k127_108837_1	1	327	327	1	0.636	11	None	NA	NA	NA	0	0	0	1	NA	NA	NA	NA	NA
k127_108837_2	749	2011	1263	1	0.613	11	GGAGG	GENOMAD.000073.VV	1.508e-06	53	0	0	1	6233	Potyviridae	NA	NA	PF00680	Viral RNA-dependent RNA polymerase
k127_295067_1	61	516	456	-1	0.649	11	None	GENOMAD.068048.VV	9.802e-16	76	0	0	1	2561	Caudoviricetes	NA	NA	PF20307;TIGR03600;K02314;COG0305	phage replicative helicase, DnaB family, HK022 subfamily
k127_15920_1	2	421	420	-1	0.705	11	None	GENOMAD.013210.VV	9.115e-12	64	0	0	1	2561	Caudoviricetes	NA	NA	PF00211;PF08994;PF08993;COG2114	Adenylate and Guanylate cyclase catalytic domain; T4 gene Gp59 loader of gp41 DNA helicase C-term; T4 gene Gp59 loader of gp41 DNA helicase
k127_388374_1	1	351	351	-1	0.598	11	None	GENOMAD.060259.VV	5.261e-09	55	0	0	1	2561	Caudoviricetes	NA	NA	PF20307;TIGR02236;COG0468;K04484	Divergent DnaB-like ATPase
k127_575016_1	1	276	276	1	0.663	11	None	NA	NA	NA	0	0	0	1	NA	NA	NA	NA	NA
k127_575016_2	263	787	525	1	0.621	11	GGAG/GAGG	GENOMAD.162088.VV	4.451e-16	78	0	0	1	2561	Caudoviricetes	NA	NA	PF05136;TIGR01539;COG5511;K09961	phage portal protein, lambda family
k127_854081_1	2	502	501	1	0.675	11	None	GENOMAD.116501.VP	2.367e-08	55	0	0	1	2561	Caudoviricetes	NA	NA	PF05136;TIGR01539;COG5511	phage portal protein, lambda family
k127_481726_1	2	358	357	-1	0.697	11	None	GENOMAD.068048.VV	7.272e-15	72	0	0	1	2561	Caudoviricetes	NA	NA	PF20307;TIGR03600;K02314;COG0305	phage replicative helicase, DnaB family, HK022 subfamily
k127_854305_1	1	387	387	1	0.643	11	None	GENOMAD.109691.VV	1.028e-23	98	0	0	1	2561	Caudoviricetes	NA	NA	PF06141	Phage minor tail protein U
k127_854722_1	325	3375	3051	1	0.654	11	GGA/GAG/AGG	GENOMAD.065723.VV	5.887e-45	181	0	0	0	2561	Caudoviricetes	NA	NA	PF07733;PF02811;K02337;TIGR00594;COG0587	DNA-directed DNA polymerase III (polc)
k127_296777_1	1	402	402	1	0.659	11	None	GENOMAD.053137.VV	5.312e-16	76	0	0	1	2561	Caudoviricetes	NA	NA	PF17482	Phage tail sheath C-terminal domain
k127_390766_1	371	697	327	1	0.700	11	None	GENOMAD.223017.VP	4.163e-08	52	0	0	1	1	NA	NA	NA	PF07141	Putative bacteriophage terminase small subunit
k127_856441_1	2	727	726	1	0.672	11	None	GENOMAD.068048.VV	1.117e-19	91	0	0	1	2561	Caudoviricetes	NA	NA	PF20307;TIGR03600;K02314;COG0305	phage replicative helicase, DnaB family, HK022 subfamily
k127_856441_2	727	804	78	1	0.654	11	None	NA	NA	NA	0	0	0	1	NA	NA	NA	NA	NA
k127_484018_1	2	268	267	-1	0.704	11	AGGAG	GENOMAD.071900.VV	6.151e-35	128	0	0	1	2561	Caudoviricetes	NA	NA	PF13479;TIGR01618;COG2087;K04484	phage nucleotide-binding protein
k127_205572_1	1	108	108	-1	0.648	11	AGGA	NA	NA	NA	0	0	0	1	NA	NA	NA	NA	NA
k127_205572_2	127	594	468	-1	0.609	11	None	GENOMAD.068048.VV	5.878e-14	71	0	0	1	2561	Caudoviricetes	NA	NA	PF20307;TIGR03600;K02314;COG0305	phage replicative helicase, DnaB family, HK022 subfamily
k127_668311_1	3	173	171	1	0.626	11	None	NA	NA	NA	0	0	0	1	NA	NA	NA	NA	NA
k127_668311_2	176	520	345	1	0.649	11	GGAG/GAGG	GENOMAD.145246.VP	2.988e-05	44	0	0	1	2561	Caudoviricetes	NA	NA	PF11114;TIGR01725;COG5005	phage protein, HK97 gp10 family
k127_668311_3	517	585	69	1	0.551	11	GGA/GAG/AGG	NA	NA	NA	0	0	0	1	NA	NA	NA	NA	NA
k127_484475_1	3	380	378	1	0.704	11	None	GENOMAD.068048.VV	3.767e-16	76	0	0	1	2561	Caudoviricetes	NA	NA	PF20307;TIGR03600;K02314;COG0305	phage replicative helicase, DnaB family, HK022 subfamily
k127_668512_1	3	323	321	1	0.632	11	None	GENOMAD.046148.VV	4.25e-07	49	0	0	1	9067	Straboviridae	NA	NA	PF04965;K21530;COG3628	Baseplate wedge protein gp25
k127_668512_2	320	499	180	1	0.639	11	GGAG/GAGG	NA	NA	NA	0	0	0	1	NA	NA	NA	NA	NA
k127_484896_1	58	333	276	1	0.623	11	AGGAG	GENOMAD.031720.VV	2.499e-07	49	0	0	1	2561	Caudoviricetes	NA	NA	K21531	NA
k127_578436_1	2	76	75	-1	0.667	11	GGAGG	NA	NA	NA	0	0	0	1	NA	NA	NA	NA	NA
k127_578436_2	76	441	366	-1	0.642	11	GGAG/GAGG	GENOMAD.222908.VP	3.462e-06	47	0	0	1	2561	Caudoviricetes	NA	NA	TIGR01558;COG3747	phage terminase, small subunit, putative, P27 family
k127_578569_1	2	745	744	-1	0.681	11	None	GENOMAD.205389.VV	1.011e-60	211	0	0	1	2561	Caudoviricetes	NA	NA	PF05136;TIGR01539;COG5511;K09961	phage portal protein, lambda family
k127_19770_1	3	572	570	1	0.665	11	None	GENOMAD.169508.VP	1.385e-17	83	0	0	1	2561	Caudoviricetes	NA	NA	PF04708;PF13262;COG1961;K14060	Site-specific DNA recombinase related to the DNA invertase Pin
k127_112856_1	1	396	396	-1	0.667	11	None	GENOMAD.068048.VV	6.383e-13	67	0	0	1	2561	Caudoviricetes	NA	NA	PF20307;TIGR03600;K02314;COG0305	phage replicative helicase, DnaB family, HK022 subfamily
k127_19934_1	3	617	615	-1	0.566	11	None	GENOMAD.005158.VV	5.239e-07	52	0	0	1	2561	Caudoviricetes	NA	NA	PF04586;PF13395;TIGR02646;K06904	TIGR02646 family protein
k127_299590_1	3	311	309	-1	0.631	11	None	GENOMAD.002932.VV	9.311e-06	45	0	0	1	2561	Caudoviricetes	NA	NA	TIGR01630;COG5362	phage uncharacterized protein (putative large terminase), C-terminal domain
k127_20338_1	2	415	414	1	0.691	11	None	GENOMAD.159455.VP	0.0002838	42	0	0	1	2561	Caudoviricetes	NA	NA	PF02413	Caudovirales tail fibre assembly protein, lambda gpK
k127_765504_1	1	426	426	-1	0.683	11	None	GENOMAD.223740.VP	1.388e-05	46	0	0	1	1	NA	NA	NA	PF01696;TIGR04247;K07218	Adenovirus EB1 55K protein / large t-antigen
k127_858405_1	2	325	324	-1	0.719	11	None	GENOMAD.138089.VV	1.247e-28	111	0	0	1	6064	Autographiviridae	NA	NA	PF03237;PF17289;COG5410;TIGR01547	Large terminase phage packaging protein
k127_766098_1	2	337	336	-1	0.723	11	AGGAG	GENOMAD.071900.VV	5.431e-47	164	0	0	1	2561	Caudoviricetes	NA	NA	PF13479;TIGR01618;COG2087;K04484	phage nucleotide-binding protein
k127_486491_1	2	979	978	-1	0.597	11	AGGAGG	GENOMAD.023991.VV	3.336e-21	98	0	0	1	2561	Caudoviricetes	NA	NA	COG5410	Mu-like prophage FluMu protein gp28
k127_486491_2	976	1068	93	-1	0.634	11	None	NA	NA	NA	0	0	0	1	NA	NA	NA	NA	NA
k127_393669_1	1	462	462	-1	0.617	11	None	GENOMAD.068048.VV	1.517e-10	61	0	0	1	2561	Caudoviricetes	NA	NA	PF20307;TIGR03600;K02314;COG0305	phage replicative helicase, DnaB family, HK022 subfamily
k127_21447_1	60	362	303	-1	0.680	11	None	GENOMAD.063098.VV	3.406e-07	49	0	0	1	2561	Caudoviricetes	NA	NA	PF11126	Transcriptional regulator DsbA
k127_208096_1	1	393	393	-1	0.623	11	GGAG/GAGG	GENOMAD.086497.VV	4.951e-05	44	0	0	1	1	NA	NA	NA	PF11242;TIGR03826;COG1609	flagellar operon protein TIGR03826
k127_670799_1	3	356	354	1	0.576	11	None	GENOMAD.068048.VV	6.991e-15	72	0	0	1	2561	Caudoviricetes	NA	NA	PF20307;TIGR03600;K02314;COG0305	phage replicative helicase, DnaB family, HK022 subfamily
k127_487890_1	2	223	222	-1	0.716	11	None	NA	NA	NA	0	0	0	1	NA	NA	NA	NA	NA
k127_487890_2	220	519	300	-1	0.640	11	None	GENOMAD.032636.VV	8.064e-06	45	0	0	1	2561	Caudoviricetes	NA	NA	PF20307;PF07486;TIGR02239;COG0468;K18947	Divergent DnaB-like ATPase; Cell Wall Hydrolase
k127_302273_1	3	389	387	-1	0.693	11	None	GENOMAD.205389.VV	1.367e-20	89	0	0	1	2561	Caudoviricetes	NA	NA	PF05136;TIGR01539;COG5511;K09961	phage portal protein, lambda family
k127_22903_1	3	1628	1626	-1	0.710	11	GGAG/GAGG	GENOMAD.013210.VV	9.911e-14	77	0	0	1	2561	Caudoviricetes	NA	NA	PF00211;PF08994;PF08993;COG2114	Adenylate and Guanylate cyclase catalytic domain; T4 gene Gp59 loader of gp41 DNA helicase C-term; T4 gene Gp59 loader of gp41 DNA helicase
k127_395481_1	3	650	648	-1	0.628	11	None	GENOMAD.053137.VV	1.238e-32	128	0	0	1	2561	Caudoviricetes	NA	NA	PF17482	Phage tail sheath C-terminal domain
k127_861276_1	1	348	348	-1	0.491	11	None	GENOMAD.123534.VP	4.885e-58	196	0	0	1	2561	Caudoviricetes	NA	NA	PF05133;TIGR01538	Phage portal protein, SPP1 Gp6-like
k127_861403_1	70	525	456	-1	0.586	11	None	GENOMAD.136711.VP	7.725e-19	85	0	0	1	2561	Caudoviricetes	NA	NA	PF03354;COG5323	Large terminase phage packaging protein
k127_396386_1	3	494	492	1	0.585	11	None	GENOMAD.169508.VP	1.988e-22	96	0	0	1	2561	Caudoviricetes	NA	NA	PF04708;PF13262;COG1961;K14060	Site-specific DNA recombinase related to the DNA invertase Pin
k127_117274_1	16	522	507	-1	0.655	11	None	GENOMAD.068590.VV	1.948e-13	70	0	0	1	2561	Caudoviricetes	NA	NA	PF13871;PF11242;K11654;TIGR00721	C-terminal domain on Strawberry notch homologue
k127_24803_1	1	426	426	-1	0.688	11	None	GENOMAD.196007.VP	9.045e-13	67	0	0	1	2561	Caudoviricetes	NA	NA	COG5377;TIGR03033	Phage-related protein, predicted endonuclease
k127_118173_1	3	434	432	1	0.669	11	None	GENOMAD.068590.VV	4.235e-13	68	0	0	1	2561	Caudoviricetes	NA	NA	PF13871;PF11242;K11654;TIGR00721	C-terminal domain on Strawberry notch homologue
k127_490441_1	3	902	900	1	0.734	11	None	GENOMAD.013210.VV	5.72e-11	66	0	0	1	2561	Caudoviricetes	NA	NA	PF00211;PF08994;PF08993;COG2114	Adenylate and Guanylate cyclase catalytic domain; T4 gene Gp59 loader of gp41 DNA helicase C-term; T4 gene Gp59 loader of gp41 DNA helicase
k127_212047_1	1	423	423	1	0.695	11	None	GENOMAD.013210.VV	1.523e-15	75	0	0	1	2561	Caudoviricetes	NA	NA	PF00211;PF08994;PF08993;COG2114	Adenylate and Guanylate cyclase catalytic domain; T4 gene Gp59 loader of gp41 DNA helicase C-term; T4 gene Gp59 loader of gp41 DNA helicase
k127_770860_1	3	326	324	1	0.645	11	None	GENOMAD.218214.VV	1.014e-06	48	0	0	1	2561	Caudoviricetes	NA	NA	PF17541;COG3497	Phage tail sheath protein FI
k127_674538_1	3	566	564	1	0.661	11	None	GENOMAD.205389.VV	4.552e-42	154	0	0	1	2561	Caudoviricetes	NA	NA	PF05136;TIGR01539;COG5511;K09961	phage portal protein, lambda family
k127_26592_1	3	317	315	-1	0.721	11	None	GENOMAD.021133.VV	4.92e-05	43	0	0	1	1	NA	NA	NA	PF12236	Bacteriophage head to tail connecting protein
k127_120056_1	2	319	318	-1	0.597	11	None	GENOMAD.070325.VV	4.25e-07	49	0	0	1	1	NA	NA	NA	PF09293	T4 RNase H, C terminal
k127_306774_1	2	937	936	1	0.615	11	None	GENOMAD.068048.VV	1.886e-14	77	0	0	1	2561	Caudoviricetes	NA	NA	PF20307;TIGR03600;K02314;COG0305	phage replicative helicase, DnaB family, HK022 subfamily
k127_306774_2	930	1445	516	1	0.651	11	GGA/GAG/AGG	NA	NA	NA	0	0	0	1	NA	NA	NA	NA	NA
k127_586268_1	1	219	219	1	0.694	11	None	GENOMAD.094667.VV	8.653e-24	95	0	0	1	2561	Caudoviricetes	NA	NA	PF05119;COG3747;TIGR01558	Phage terminase, small subunit
k127_586268_2	203	430	228	1	0.715	11	4Base/6BMM	NA	NA	NA	0	0	0	1	NA	NA	NA	NA	NA
k127_400354_1	1	471	471	1	0.669	11	None	GENOMAD.193019.VV	3.124e-23	98	0	0	1	2561	Caudoviricetes	NA	NA	PF17541;COG3497;TIGR02243	Phage tail sheath protein FI
k127_400721_1	584	2098	1515	1	0.383	11	ATA	NA	NA	NA	0	0	0	1	NA	NA	NA	NA	NA
k127_28185_1	2	313	312	1	0.615	11	None	GENOMAD.068048.VV	2.177e-13	67	0	0	1	2561	Caudoviricetes	NA	NA	PF20307;TIGR03600;K02314;COG0305	phage replicative helicase, DnaB family, HK022 subfamily
k127_587454_1	1	360	360	1	0.658	11	None	GENOMAD.205389.VV	5.815e-34	127	0	0	1	2561	Caudoviricetes	NA	NA	PF05136;TIGR01539;COG5511;K09961	phage portal protein, lambda family
k127_122496_1	1	312	312	-1	0.734	11	None	GENOMAD.071900.VV	1.388e-33	125	0	0	1	2561	Caudoviricetes	NA	NA	PF13479;TIGR01618;COG2087;K04484	phage nucleotide-binding protein
k127_774275_1	1	582	582	-1	0.643	11	None	GENOMAD.053137.VV	2.394e-23	100	0	0	1	2561	Caudoviricetes	NA	NA	PF17482	Phage tail sheath C-terminal domain
k127_29359_1	3	398	396	-1	0.677	11	None	GENOMAD.053137.VV	1.405e-21	92	0	0	1	2561	Caudoviricetes	NA	NA	PF17482	Phage tail sheath C-terminal domain
k127_774468_1	1	360	360	1	0.664	11	None	GENOMAD.068048.VV	3.401e-15	73	0	0	1	2561	Caudoviricetes	NA	NA	PF20307;TIGR03600;K02314;COG0305	phage replicative helicase, DnaB family, HK022 subfamily
k127_494876_1	1	582	582	1	0.677	11	None	GENOMAD.013210.VV	4.599e-25	105	0	0	1	2561	Caudoviricetes	NA	NA	PF00211;PF08994;PF08993;COG2114	Adenylate and Guanylate cyclase catalytic domain; T4 gene Gp59 loader of gp41 DNA helicase C-term; T4 gene Gp59 loader of gp41 DNA helicase
k127_677441_1	2	346	345	-1	0.736	11	GGAG/GAGG	GENOMAD.078696.VV	5.348e-08	52	0	0	1	2561	Caudoviricetes	NA	NA	PF09646	Gp37 protein
k127_589424_1	3	446	444	1	0.664	11	None	GENOMAD.053137.VV	3.426e-27	109	0	0	1	2561	Caudoviricetes	NA	NA	PF17482	Phage tail sheath C-terminal domain
k127_678669_1	2	829	828	-1	0.540	11	None	GENOMAD.208864.VP	1.151e-05	49	0	0	1	2561	Caudoviricetes	NA	NA	PF19307;TIGR01554;COG4653	Phage capsid-like protein
k127_776335_1	1	351	351	1	0.647	11	None	GENOMAD.053137.VV	7.393e-14	69	0	0	1	2561	Caudoviricetes	NA	NA	PF17482	Phage tail sheath C-terminal domain
k127_404131_1	1	378	378	1	0.447	11	None	GENOMAD.033662.VV	1.033e-70	233	0	0	1	2790	Microviridae	NA	NA	PF02305	Capsid protein (F protein)
k127_869281_1	2	403	402	-1	0.711	11	GGAG/GAGG	GENOMAD.102019.VV	4.705e-26	105	0	0	1	2561	Caudoviricetes	NA	NA	PF10758;COG3497	Phage tail sheath protein FI
k127_869281_2	487	921	435	-1	0.733	11	None	NA	NA	NA	0	0	0	1	NA	NA	NA	NA	NA
k127_218652_1	1	321	321	-1	0.642	11	None	GENOMAD.005158.VV	5.481e-13	66	0	0	1	2561	Caudoviricetes	NA	NA	PF04586;PF13395;TIGR02646;K06904	TIGR02646 family protein
k127_776553_1	248	403	156	1	0.712	11	None	GENOMAD.166483.VV	6.05e-05	40	0	0	1	1	NA	NA	NA	PF06892;TIGR00673;COG4197;K22299	cyanase
k127_311486_1	1	339	339	1	0.596	11	None	GENOMAD.151436.VP	6.315e-14	69	0	0	1	2561	Caudoviricetes	NA	NA	PF17288;TIGR01547;COG1783	phage terminase, large subunit, PBSX family
k127_219506_1	2	520	519	-1	0.707	11	None	GENOMAD.169508.VP	5.81e-09	57	0	0	1	2561	Caudoviricetes	NA	NA	PF04708;PF13262;COG1961;K14060	Site-specific DNA recombinase related to the DNA invertase Pin
k127_591767_1	2	310	309	1	0.715	11	None	GENOMAD.071900.VV	1.773e-38	139	0	0	1	2561	Caudoviricetes	NA	NA	PF13479;TIGR01618;COG2087;K04484	phage nucleotide-binding protein
k127_126169_1	3	443	441	-1	0.658	11	None	GENOMAD.068048.VV	8.522e-16	76	0	0	1	2561	Caudoviricetes	NA	NA	PF20307;TIGR03600;K02314;COG0305	phage replicative helicase, DnaB family, HK022 subfamily
k127_126185_1	1	195	195	1	0.677	11	None	NA	NA	NA	0	0	0	1	NA	NA	NA	NA	NA
k127_126185_2	343	537	195	1	0.677	11	GGAG/GAGG	GENOMAD.127022.VV	4.233e-13	64	0	0	1	2561	Caudoviricetes	NA	NA	PF04586;K06904;COG3740;TIGR01543	Phage head maturation protease
k127_870922_1	3	992	990	1	0.749	11	None	GENOMAD.068590.VV	6.221e-17	85	0	0	1	2561	Caudoviricetes	NA	NA	PF13871;PF11242;K11654;TIGR00721	C-terminal domain on Strawberry notch homologue
k127_870922_2	1005	1109	105	1	0.762	11	None	GENOMAD.132134.VV	5.484e-05	39	0	0	0	1	NA	NA	NA	PF14446	NA
k127_592445_1	1	435	435	-1	0.628	11	None	GENOMAD.023991.VV	2.534e-10	60	0	0	1	2561	Caudoviricetes	NA	NA	COG5410	Mu-like prophage FluMu protein gp28
k127_406594_1	2	832	831	-1	0.667	11	None	GENOMAD.067680.VV	5.578e-18	87	0	0	0	2561	Caudoviricetes	NA	NA	PF06100;TIGR00031;K20678;COG0562	UDP-galactopyranose mutase
k127_406594_2	825	2129	1305	-1	0.718	11	GGA/GAG/AGG	NA	NA	NA	0	0	0	1	NA	NA	NA	NA	NA
k127_406594_3	2358	2783	426	-1	0.714	11	None	GENOMAD.070016.VV	3.656e-14	71	0	0	0	2561	Caudoviricetes	NA	NA	NA	NA
k127_221457_1	1	348	348	1	0.578	11	None	GENOMAD.068048.VV	1.03e-17	80	0	0	1	2561	Caudoviricetes	NA	NA	PF20307;TIGR03600;K02314;COG0305	phage replicative helicase, DnaB family, HK022 subfamily
k127_221457_2	338	976	639	1	0.678	11	None	NA	NA	NA	0	0	0	1	NA	NA	NA	NA	NA
k127_221457_3	951	1262	312	1	0.673	11	GGAGG	NA	NA	NA	0	0	0	1	NA	NA	NA	NA	NA
k127_779332_1	1	426	426	-1	0.683	11	None	GENOMAD.208864.VP	1.678e-32	124	0	0	1	2561	Caudoviricetes	NA	NA	PF19307;TIGR01554;COG4653	Phage capsid-like protein
k127_593513_1	3	272	270	-1	0.719	11	GGAG/GAGG	GENOMAD.121529.VV	6.385e-05	42	0	0	1	2561	Caudoviricetes	NA	NA	PF10934;COG3628;K06903;TIGR03357	Phage baseplate assembly protein W
k127_593513_2	269	583	315	-1	0.714	11	None	NA	NA	NA	0	0	0	1	NA	NA	NA	NA	NA
k127_314348_1	3	905	903	-1	0.538	11	AGxAGG/AGGxGG	GENOMAD.004071.VV	0.0002489	45	0	0	1	2561	Caudoviricetes	NA	NA	PF04233;COG5585;TIGR01641	NAD+--asparagine ADP-ribosyltransferase
k127_314348_2	926	1663	738	-1	0.560	11	GGAG/GAGG	NA	NA	NA	0	0	0	1	NA	NA	NA	NA	NA
k127_221629_1	3	812	810	1	0.775	11	None	GENOMAD.097185.VP	6.486e-08	56	0	0	1	2561	Caudoviricetes	NA	NA	PF04865;COG3299	Baseplate J-like protein
k127_779614_1	3	332	330	1	0.618	11	None	GENOMAD.068048.VV	1.129e-14	71	0	0	1	2561	Caudoviricetes	NA	NA	PF20307;TIGR03600;K02314;COG0305	phage replicative helicase, DnaB family, HK022 subfamily
k127_407296_1	1	393	393	-1	0.601	11	None	GENOMAD.094226.VV	1.364e-12	66	0	0	1	2561	Caudoviricetes	NA	NA	PF03354;COG5410	Terminase large subunit, ATPase domain
k127_594270_1	1	390	390	1	0.649	11	None	GENOMAD.053137.VV	5.827e-22	93	0	0	1	2561	Caudoviricetes	NA	NA	PF17482	Phage tail sheath C-terminal domain
k127_35509_1	3	347	345	1	0.678	11	None	GENOMAD.085060.VV	2.411e-08	53	0	0	1	2561	Caudoviricetes	NA	NA	PF10124;COG4397	Mu-like prophage major head subunit gpT
k127_873211_1	1	1866	1866	-1	0.686	11	None	GENOMAD.013210.VV	7.268e-11	68	0	0	1	2561	Caudoviricetes	NA	NA	PF00211;PF08994;PF08993;COG2114	Adenylate and Guanylate cyclase catalytic domain; T4 gene Gp59 loader of gp41 DNA helicase C-term; T4 gene Gp59 loader of gp41 DNA helicase
k127_315570_1	3	521	519	1	0.721	11	None	GENOMAD.013210.VV	9.191e-16	77	0	0	1	2561	Caudoviricetes	NA	NA	PF00211;PF08994;PF08993;COG2114	Adenylate and Guanylate cyclase catalytic domain; T4 gene Gp59 loader of gp41 DNA helicase C-term; T4 gene Gp59 loader of gp41 DNA helicase
k127_501148_1	100	834	735	-1	0.620	11	None	GENOMAD.068048.VV	5.899e-16	80	0	0	1	2561	Caudoviricetes	NA	NA	PF20307;TIGR03600;K02314;COG0305	phage replicative helicase, DnaB family, HK022 subfamily
k127_501296_1	1	324	324	-1	0.710	11	None	GENOMAD.218988.VP	0.0001205	42	0	0	1	1	NA	NA	NA	PF09293	T4 RNase H, C terminal
k127_780993_1	3	1268	1266	-1	0.359	11	TATATA	GENOMAD.170863.VC	0.0002169	46	0	0	1	1	NA	NA	NA	PF00944;TIGR02038;COG0265	periplasmic serine pepetdase DegS
k127_316084_1	3	116	114	-1	0.719	11	None	NA	NA	NA	0	0	0	1	NA	NA	NA	NA	NA
k127_316084_2	139	411	273	-1	0.663	11	None	GENOMAD.082189.VV	3.335e-11	60	0	0	1	2561	Caudoviricetes	NA	NA	PF00959;COG3772	Phage-related lysozyme (muramidase), GH24 family
k127_316127_1	1	861	861	1	0.696	11	None	GENOMAD.068048.VV	1.108e-11	68	0	0	1	2561	Caudoviricetes	NA	NA	PF20307;TIGR03600;K02314;COG0305	phage replicative helicase, DnaB family, HK022 subfamily
k127_316267_1	1	696	696	1	0.681	11	None	GENOMAD.068048.VV	1.874e-08	57	0	0	1	2561	Caudoviricetes	NA	NA	PF20307;TIGR03600;K02314;COG0305	phage replicative helicase, DnaB family, HK022 subfamily
k127_36515_1	3	443	441	1	0.673	11	None	GENOMAD.098207.VP	8.522e-16	76	0	0	1	2561	Caudoviricetes	NA	NA	PF06673;TIGR01554;COG1659	Lactococcus lactis bacteriophage major capsid protein
k127_36618_1	2	136	135	1	0.659	11	None	NA	NA	NA	0	0	0	1	NA	NA	NA	NA	NA
k127_36618_2	105	362	258	1	0.733	11	None	GENOMAD.086374.VV	2.511e-12	63	0	0	1	3337	Mesyanzhinovviridae	NA	NA	PF18751;TIGR03574;COG4185	P-loop Nucleotide Kinase3
k127_409231_1	284	493	210	1	0.676	11	GGA/GAG/AGG	GENOMAD.068645.VV	2.679e-05	42	0	0	1	1	NA	NA	NA	PF06892;COG3226;TIGR00673;K22106	DNA-binding transcriptional regulator YbjK
k127_683549_1	1	414	414	-1	0.725	11	None	GENOMAD.035019.VV	2.55e-17	80	0	0	1	2561	Caudoviricetes	NA	NA	PF03354;COG4626;TIGR01547	Phage terminase-like protein, large subunit, contains N-terminal HTH domain
k127_874783_1	1	729	729	1	0.738	11	None	NA	NA	NA	0	0	0	1	NA	NA	NA	NA	NA
k127_874783_2	570	965	396	-1	0.735	11	None	GENOMAD.187216.VV	1.734e-09	57	0	0	1	1	NA	NA	NA	PF16945	Putative lactococcus lactis phage r1t holin
k127_596134_1	1	621	621	-1	0.639	11	None	GENOMAD.097639.VV	1.118e-29	119	0	0	1	2561	Caudoviricetes	NA	NA	PF17289;TIGR01630;COG5362	phage uncharacterized protein (putative large terminase), C-terminal domain
k127_596567_1	83	328	246	-1	0.606	11	None	GENOMAD.178345.VP	7.089e-08	50	0	0	1	2561	Caudoviricetes	NA	NA	PF05069;TIGR01635;COG5005	phage virion morphogenesis (putative tail completion) protein
k127_317686_1	1	366	366	1	0.716	11	None	GENOMAD.129999.VP	1.074e-11	63	0	0	1	2561	Caudoviricetes	NA	NA	PF04708;COG1961;K21528	Site-specific DNA recombinase related to the DNA invertase Pin
k127_317811_1	3	425	423	-1	0.664	11	None	GENOMAD.060259.VV	6.189e-06	47	0	0	1	2561	Caudoviricetes	NA	NA	PF20307;TIGR02236;COG0468;K04484	Divergent DnaB-like ATPase
k127_782808_1	2	313	312	-1	0.564	11	None	GENOMAD.068048.VV	4.852e-13	66	0	0	1	2561	Caudoviricetes	NA	NA	PF20307;TIGR03600;K02314;COG0305	phage replicative helicase, DnaB family, HK022 subfamily
k127_597086_1	3	347	345	-1	0.667	11	None	GENOMAD.081804.VV	3.718e-12	64	0	0	1	2561	Caudoviricetes	NA	NA	PF05876;COG5410	Phage terminase, large subunit GpA
k127_131621_1	3	362	360	1	0.697	11	None	GENOMAD.061958.VV	7.405e-06	46	0	0	1	2561	Caudoviricetes	NA	NA	PF05065	Phage capsid family
k127_225636_1	2	697	696	-1	0.733	11	None	GENOMAD.013210.VV	4.16e-09	59	0	0	1	2561	Caudoviricetes	NA	NA	PF00211;PF08994;PF08993;COG2114	Adenylate and Guanylate cyclase catalytic domain; T4 gene Gp59 loader of gp41 DNA helicase C-term; T4 gene Gp59 loader of gp41 DNA helicase
k127_504396_1	1	393	393	-1	0.651	11	4Base/6BMM	GENOMAD.013124.VV	6.694e-12	64	0	0	1	377	Drexlerviridae	NA	NA	PF13262;COG5410	NA
k127_877294_1	179	772	594	1	0.712	11	GGAGG	GENOMAD.169508.VP	2.142e-10	62	0	0	1	2561	Caudoviricetes	NA	NA	PF04708;PF13262;COG1961;K14060	Site-specific DNA recombinase related to the DNA invertase Pin
k127_877294_2	769	996	228	1	0.662	11	GGAGG	NA	NA	NA	0	0	0	1	NA	NA	NA	NA	NA
k127_877294_3	1078	1572	495	-1	0.691	11	None	GENOMAD.216436.VV	0.0002328	43	0	0	0	1	NA	NA	NA	K01994	NA
k127_598698_1	2	514	513	1	0.558	11	None	GENOMAD.013210.VV	7.569e-18	83	0	0	1	2561	Caudoviricetes	NA	NA	PF00211;PF08994;PF08993;COG2114	Adenylate and Guanylate cyclase catalytic domain; T4 gene Gp59 loader of gp41 DNA helicase C-term; T4 gene Gp59 loader of gp41 DNA helicase
k127_877563_1	3	431	429	1	0.671	11	None	GENOMAD.097639.VV	1.044e-29	116	0	0	1	2561	Caudoviricetes	NA	NA	PF17289;TIGR01630;COG5362	phage uncharacterized protein (putative large terminase), C-terminal domain
k127_785295_1	3	434	432	1	0.648	11	None	GENOMAD.085060.VV	2.456e-10	60	0	0	1	2561	Caudoviricetes	NA	NA	PF10124;COG4397	Mu-like prophage major head subunit gpT
k127_227606_1	2	316	315	1	0.695	11	None	GENOMAD.068048.VV	1.675e-08	53	0	0	1	2561	Caudoviricetes	NA	NA	PF20307;TIGR03600;K02314;COG0305	phage replicative helicase, DnaB family, HK022 subfamily
k127_413307_1	2	325	324	-1	0.685	11	None	GENOMAD.162088.VV	2.562e-13	67	0	0	1	2561	Caudoviricetes	NA	NA	PF05136;TIGR01539;COG5511;K09961	phage portal protein, lambda family
k127_687004_1	1	1662	1662	-1	0.270	11	GGA/GAG/AGG	GENOMAD.012458.VV	2.037e-09	63	0	0	1	2561	Caudoviricetes	NA	NA	PF13514;PF06841;TIGR03185;K19171;COG1195	DNA sulfur modification protein DndD
k127_687004_2	1665	1847	183	-1	0.257	11	None	NA	NA	NA	0	0	0	1	NA	NA	NA	NA	NA
k127_228430_1	1	342	342	1	0.652	11	None	GENOMAD.053137.VV	4.314e-10	58	0	0	1	2561	Caudoviricetes	NA	NA	PF17482	Phage tail sheath C-terminal domain
k127_228438_1	3	152	150	1	0.387	11	None	NA	NA	NA	0	0	0	1	NA	NA	NA	NA	NA
k127_228438_2	286	597	312	1	0.378	11	TAA	GENOMAD.084246.VV	9.572e-22	91	0	0	1	2561	Caudoviricetes	NA	NA	PF05954;COG3500;TIGR03361	Phage protein D
k127_600399_1	1	456	456	1	0.669	11	None	GENOMAD.123496.VV	3.765e-06	48	0	0	1	2561	Caudoviricetes	NA	NA	PF10758;COG3497	Phage tail sheath protein FI
k127_600620_1	2	328	327	1	0.648	11	None	GENOMAD.090434.VV	1.943e-08	53	0	0	1	2561	Caudoviricetes	NA	NA	PF05065;TIGR01554;COG4653	phage major capsid protein, HK97 family
k127_134844_1	2	394	393	-1	0.684	11	None	GENOMAD.162088.VV	2.484e-23	97	0	0	1	2561	Caudoviricetes	NA	NA	PF05136;TIGR01539;COG5511;K09961	phage portal protein, lambda family
k127_229115_1	2	325	324	-1	0.534	11	None	GENOMAD.222196.VP	2.25e-06	47	0	0	1	2561	Caudoviricetes	NA	NA	PF07278;COG4220;K22014;TIGR01481	Phage DNA packaging protein, Nu1 subunit of terminase
k127_322208_1	1	360	360	1	0.703	11	None	NA	NA	NA	0	0	0	1	NA	NA	NA	NA	NA
k127_322208_2	370	1035	666	1	0.598	11	AGGAG	NA	NA	NA	0	0	0	1	NA	NA	NA	NA	NA
k127_322208_3	1038	2864	1827	1	0.643	11	GGA/GAG/AGG	GENOMAD.070603.VV	6.548e-07	55	0	0	1	2561	Caudoviricetes	NA	NA	PF05954;K06905;COG3500;TIGR03361	Phage protein D
k127_322208_4	2882	3172	291	1	0.701	11	AGGAG	NA	NA	NA	0	0	0	1	NA	NA	NA	NA	NA
k127_322208_5	3179	3661	483	1	0.675	11	GGAGG	GENOMAD.123275.VP	0.0001018	44	0	0	1	2561	Caudoviricetes	NA	NA	PF04965;K06903;COG3628;TIGR03357	Phage baseplate assembly protein W
k127_601507_1	2	343	342	-1	0.515	11	None	GENOMAD.123534.VP	1.471e-37	137	0	0	1	2561	Caudoviricetes	NA	NA	PF05133;TIGR01538	Phage portal protein, SPP1 Gp6-like
k127_135806_1	24	425	402	-1	0.545	11	None	GENOMAD.102979.VP	2.744e-14	71	0	0	1	2561	Caudoviricetes	NA	NA	PF04233;PF10122;TIGR01641;COG5585	phage putative head morphogenesis protein, SPP1 gp7 family
k127_229832_1	1	525	525	1	0.669	11	None	GENOMAD.042265.VV	2.909e-05	46	0	0	1	2561	Caudoviricetes	NA	NA	PF20307;TIGR02237;COG0468;K04485	Divergent DnaB-like ATPase
k127_136212_1	1	78	78	-1	0.718	11	AGGAG(G)/GGAGG	NA	NA	NA	0	0	0	1	NA	NA	NA	NA	NA
k127_136212_2	78	476	399	-1	0.677	11	None	GENOMAD.068048.VV	2.22e-16	77	0	0	1	2561	Caudoviricetes	NA	NA	PF20307;TIGR03600;K02314;COG0305	phage replicative helicase, DnaB family, HK022 subfamily
k127_509279_1	3	434	432	-1	0.625	11	None	GENOMAD.053137.VV	6.47e-27	108	0	0	1	2561	Caudoviricetes	NA	NA	PF17482	Phage tail sheath C-terminal domain
k127_416399_1	3	677	675	1	0.631	11	None	GENOMAD.169508.VP	1.735e-09	60	0	0	1	2561	Caudoviricetes	NA	NA	PF04708;PF13262;COG1961;K14060	Site-specific DNA recombinase related to the DNA invertase Pin
k127_416404_1	3	488	486	1	0.621	11	None	GENOMAD.169508.VP	9.554e-09	56	0	0	1	2561	Caudoviricetes	NA	NA	PF04708;PF13262;COG1961;K14060	Site-specific DNA recombinase related to the DNA invertase Pin
k127_881885_1	1	1041	1041	-1	0.744	11	GGAGG	GENOMAD.013210.VV	4.427e-06	51	0	0	1	2561	Caudoviricetes	NA	NA	PF00211;PF08994;PF08993;COG2114	Adenylate and Guanylate cyclase catalytic domain; T4 gene Gp59 loader of gp41 DNA helicase C-term; T4 gene Gp59 loader of gp41 DNA helicase
k127_44411_1	2	394	393	-1	0.636	11	None	GENOMAD.053137.VV	1.783e-18	83	0	0	1	2561	Caudoviricetes	NA	NA	PF17482	Phage tail sheath C-terminal domain
k127_44414_1	2	394	393	-1	0.636	11	None	GENOMAD.053137.VV	8.025e-19	84	0	0	1	2561	Caudoviricetes	NA	NA	PF17482	Phage tail sheath C-terminal domain
k127_603613_1	3	311	309	1	0.583	11	None	GENOMAD.068048.VV	1.631e-15	73	0	0	1	2561	Caudoviricetes	NA	NA	PF20307;TIGR03600;K02314;COG0305	phage replicative helicase, DnaB family, HK022 subfamily
k127_603613_2	304	426	123	1	0.634	11	GGA/GAG/AGG	NA	NA	NA	0	0	0	1	NA	NA	NA	NA	NA
k127_882517_1	3	383	381	1	0.709	11	None	GENOMAD.071900.VV	3.938e-33	125	0	0	1	2561	Caudoviricetes	NA	NA	PF13479;TIGR01618;COG2087;K04484	phage nucleotide-binding protein
k127_510943_1	1	369	369	1	0.648	11	None	GENOMAD.053137.VV	2.564e-27	108	0	0	1	2561	Caudoviricetes	NA	NA	PF17482	Phage tail sheath C-terminal domain
k127_510943_2	397	744	348	1	0.678	11	None	NA	NA	NA	0	0	0	1	NA	NA	NA	NA	NA
k127_45445_1	3	845	843	-1	0.643	11	None	GENOMAD.013210.VV	5.792e-16	81	0	0	1	2561	Caudoviricetes	NA	NA	PF00211;PF08994;PF08993;COG2114	Adenylate and Guanylate cyclase catalytic domain; T4 gene Gp59 loader of gp41 DNA helicase C-term; T4 gene Gp59 loader of gp41 DNA helicase
k127_325571_1	1	378	378	1	0.611	11	None	GENOMAD.109691.VV	7.475e-26	104	0	0	1	2561	Caudoviricetes	NA	NA	PF06141	Phage minor tail protein U
k127_418011_1	2	355	354	1	0.715	11	None	GENOMAD.013028.VV	1.413e-15	74	0	0	1	2561	Caudoviricetes	NA	NA	PF20441;PF09355;TIGR02215	Terminase large subunit, endonuclease domain; Phage protein Gp19/Gp15/Gp42
k127_45865_1	2	355	354	1	0.746	11	None	GENOMAD.196158.VP	1.488e-05	45	0	0	1	2561	Caudoviricetes	NA	NA	PF11242	NA
k127_45865_2	352	1365	1014	1	0.724	11	GGxGG	GENOMAD.191270.VP	1.802e-38	150	0	0	1	2561	Caudoviricetes	NA	NA	PF04466;TIGR01547;COG1783	Phage terminase large subunit
k127_46100_1	1	435	435	1	0.740	11	None	GENOMAD.097639.VV	4.361e-23	97	0	0	1	2561	Caudoviricetes	NA	NA	PF17289;TIGR01630;COG5362	phage uncharacterized protein (putative large terminase), C-terminal domain
k127_691369_1	162	476	315	-1	0.667	11	None	GENOMAD.063098.VV	1.953e-06	47	0	0	1	2561	Caudoviricetes	NA	NA	PF11126	Transcriptional regulator DsbA
k127_326222_1	3	551	549	-1	0.663	11	None	GENOMAD.099865.VV	2.287e-29	117	0	0	1	2561	Caudoviricetes	NA	NA	PF04466;PF17289;TIGR01547;COG5323;K06909	phage terminase, large subunit, PBSX family
k127_233440_1	15	533	519	-1	0.726	11	None	GENOMAD.057710.VV	5.896e-07	51	0	0	1	2561	Caudoviricetes	NA	NA	PF00589;PF04860;K07358;TIGR01537	Phage integrase family; Phage portal protein
k127_884146_1	2	307	306	1	0.585	11	None	GENOMAD.059586.VV	1.808e-14	70	0	0	1	2561	Caudoviricetes	NA	NA	PF04466;PF11436;TIGR02215;COG5565	phage conserved hypothetical protein, phiE125 gp8 family
k127_419155_1	3	125	123	1	0.293	11	None	NA	NA	NA	0	0	0	1	NA	NA	NA	NA	NA
k127_419155_2	924	1325	402	1	0.318	11	None	NA	NA	NA	0	0	0	1	NA	NA	NA	NA	NA
k127_419155_3	1356	1643	288	-1	0.333	11	None	NA	NA	NA	0	0	0	1	NA	NA	NA	NA	NA
k127_419155_4	1701	1865	165	1	0.321	11	None	NA	NA	NA	0	0	0	1	NA	NA	NA	NA	NA
k127_419155_5	1932	2729	798	-1	0.406	11	None	GENOMAD.203736.VV	1.918e-14	76	0	0	0	2561	Caudoviricetes	NA	NA	PF03089;COG3055;TIGR03547;K23330	N-acetylneuraminic acid mutarotase
k127_692524_1	1	210	210	1	0.538	11	None	NA	NA	NA	0	0	0	1	NA	NA	NA	NA	NA
k127_692524_2	259	390	132	-1	0.598	11	None	GENOMAD.094667.VV	7.802e-12	59	0	0	1	2561	Caudoviricetes	NA	NA	PF05119;COG3747;TIGR01558	Phage terminase, small subunit
k127_606483_1	2	628	627	-1	0.601	11	None	GENOMAD.013210.VV	9.073e-22	96	0	0	1	2561	Caudoviricetes	NA	NA	PF00211;PF08994;PF08993;COG2114	Adenylate and Guanylate cyclase catalytic domain; T4 gene Gp59 loader of gp41 DNA helicase C-term; T4 gene Gp59 loader of gp41 DNA helicase
k127_140989_1	2	676	675	1	0.644	11	None	GENOMAD.169508.VP	2.625e-25	107	0	0	1	2561	Caudoviricetes	NA	NA	PF04708;PF13262;COG1961;K14060	Site-specific DNA recombinase related to the DNA invertase Pin
k127_420420_1	1	1767	1767	1	0.665	11	None	GENOMAD.068048.VV	3.753e-08	59	0	0	1	2561	Caudoviricetes	NA	NA	PF20307;TIGR03600;K02314;COG0305	phage replicative helicase, DnaB family, HK022 subfamily
k127_235300_1	2	682	681	1	0.633	11	None	GENOMAD.169508.VP	1.886e-14	75	0	0	1	2561	Caudoviricetes	NA	NA	PF04708;PF13262;COG1961;K14060	Site-specific DNA recombinase related to the DNA invertase Pin
k127_328038_1	1	540	540	1	0.696	11	None	GENOMAD.002350.VV	1.653e-21	94	0	0	1	2561	Caudoviricetes	NA	NA	PF04233;TIGR01641	Phage Mu protein F like protein
k127_607273_1	2	385	384	1	0.594	11	None	GENOMAD.151092.VV	4.016e-07	50	0	0	1	2561	Caudoviricetes	NA	NA	PF09588;COG5377;TIGR03033;K01143	Phage-related protein, predicted endonuclease
k127_693720_1	3	2831	2829	1	0.662	11	None	GENOMAD.121586.VV	3.851e-05	50	0	0	0	2561	Caudoviricetes	NA	NA	NA	NA
k127_421692_1	2	376	375	-1	0.733	11	AGGAG	GENOMAD.116116.VV	0.000969	40	0	0	1	1	NA	NA	NA	PF06892;TIGR02607;COG1476;K00204	addiction module antidote protein, HigA family
k127_49911_1	2	403	402	1	0.689	11	None	GENOMAD.053137.VV	2.613e-15	74	0	0	1	2561	Caudoviricetes	NA	NA	PF17482	Phage tail sheath C-terminal domain
k127_237365_1	1	372	372	1	0.688	11	None	GENOMAD.218988.VP	4.058e-05	44	0	0	1	1	NA	NA	NA	PF09293	T4 RNase H, C terminal
k127_609048_1	119	985	867	-1	0.751	11	None	GENOMAD.013210.VV	6.952e-07	53	0	0	1	2561	Caudoviricetes	NA	NA	PF00211;PF08994;PF08993;COG2114	Adenylate and Guanylate cyclase catalytic domain; T4 gene Gp59 loader of gp41 DNA helicase C-term; T4 gene Gp59 loader of gp41 DNA helicase
k127_516120_1	35	496	462	1	0.732	11	None	GENOMAD.195366.VP	0.0001894	43	0	0	1	1	NA	NA	NA	PF05766;COG3024	Endogenous inhibitor of DNA gyrase, YacG/DUF329 family
k127_609363_1	1	420	420	1	0.679	11	None	GENOMAD.034157.VV	1.35e-16	78	0	0	1	2561	Caudoviricetes	NA	NA	PF20441;PF03354;COG4626;TIGR01547	Phage terminase-like protein, large subunit, contains N-terminal HTH domain
k127_50830_1	1	360	360	1	0.600	11	None	GENOMAD.146092.VV	4.1e-13	67	0	0	1	2561	Caudoviricetes	NA	NA	PF05065;COG4653;TIGR01554	Predicted phage phi-C31 gp36 major capsid-like protein
k127_424125_1	1	303	303	1	0.594	11	None	GENOMAD.093456.VV	1.234e-25	102	0	0	1	2561	Caudoviricetes	NA	NA	PF09684;TIGR01634;COG4385	phage tail protein, P2 protein I family
k127_889401_1	1	426	426	1	0.695	11	None	GENOMAD.170348.VP	6.603e-05	44	0	0	1	2561	Caudoviricetes	NA	NA	COG5362	Phage terminase large subunit
k127_332054_1	3	785	783	-1	0.670	11	None	GENOMAD.062910.VV	4.333e-05	47	0	0	1	2561	Caudoviricetes	NA	NA	PF11242;TIGR02844;K06283;COG4584	sporulation transcriptional regulator SpoIIID
k127_796926_1	1	330	330	1	0.745	11	None	GENOMAD.195532.VP	0.0002843	41	0	0	1	2561	Caudoviricetes	NA	NA	PF03354;COG4626;TIGR01547	Phage terminase-like protein, large subunit, contains N-terminal HTH domain
k127_424791_1	3	911	909	-1	0.546	11	None	GENOMAD.000175.VV	5.371e-10	63	0	0	1	8305	Partitiviridae	NA	NA	PF00680;COG3344	Viral RNA-dependent RNA polymerase
k127_145545_1	2	628	627	1	0.727	11	None	GENOMAD.013210.VV	1.273e-12	69	0	0	1	2561	Caudoviricetes	NA	NA	PF00211;PF08994;PF08993;COG2114	Adenylate and Guanylate cyclase catalytic domain; T4 gene Gp59 loader of gp41 DNA helicase C-term; T4 gene Gp59 loader of gp41 DNA helicase
k127_52802_1	2	265	264	-1	0.720	11	GGA/GAG/AGG	GENOMAD.158944.VP	2.647e-05	43	0	0	1	1	NA	NA	NA	PF06892;K22302;COG2452;TIGR00721	Predicted site-specific integrase-resolvase
k127_611478_1	3	794	792	1	0.611	11	None	GENOMAD.169508.VP	1.869e-22	100	0	0	1	2561	Caudoviricetes	NA	NA	PF04708;PF13262;COG1961;K14060	Site-specific DNA recombinase related to the DNA invertase Pin
k127_332925_1	1	498	498	-1	0.739	11	None	GENOMAD.192420.VV	2.43e-05	46	0	0	1	2561	Caudoviricetes	NA	NA	PF04586;COG4540;TIGR01644	Phage P2 baseplate assembly protein gpV
k127_797602_1	3	617	615	-1	0.699	11	None	GENOMAD.053137.VV	1.66e-22	98	0	0	1	2561	Caudoviricetes	NA	NA	PF17482	Phage tail sheath C-terminal domain
k127_518753_1	2	1099	1098	1	0.694	11	None	GENOMAD.068048.VV	2.452e-11	68	0	0	1	2561	Caudoviricetes	NA	NA	PF20307;TIGR03600;K02314;COG0305	phage replicative helicase, DnaB family, HK022 subfamily
k127_425606_1	1	963	963	1	0.591	11	None	GENOMAD.000175.VV	1.584e-05	49	0	0	1	8305	Partitiviridae	NA	NA	PF00680;COG3344	Viral RNA-dependent RNA polymerase
k127_333259_1	1	315	315	-1	0.686	11	None	GENOMAD.068048.VV	1.018e-13	68	0	0	1	2561	Caudoviricetes	NA	NA	PF20307;TIGR03600;K02314;COG0305	phage replicative helicase, DnaB family, HK022 subfamily
k127_890911_1	1	381	381	1	0.667	11	None	GENOMAD.162088.VV	2.317e-22	94	0	0	1	2561	Caudoviricetes	NA	NA	PF05136;TIGR01539;COG5511;K09961	phage portal protein, lambda family
k127_697683_1	3	107	105	-1	0.667	11	AGGA	NA	NA	NA	0	0	0	1	NA	NA	NA	NA	NA
k127_697683_2	118	504	387	-1	0.599	11	None	GENOMAD.068048.VV	1.028e-14	72	0	0	1	2561	Caudoviricetes	NA	NA	PF20307;TIGR03600;K02314;COG0305	phage replicative helicase, DnaB family, HK022 subfamily
k127_333499_1	2	340	339	-1	0.560	11	None	GENOMAD.195656.VP	5.912e-06	46	0	0	1	9067	Straboviridae	NA	NA	PF19835;PF07453;TIGR01453;COG2827	group I intron endonuclease
k127_612341_1	3	518	516	1	0.647	11	None	GENOMAD.151235.VP	1.788e-45	163	0	0	1	2561	Caudoviricetes	NA	NA	PF03354;PF05065;COG4626	Phage terminase-like protein, large subunit, contains N-terminal HTH domain
k127_612592_1	3	659	657	-1	0.705	11	GGAGG	GENOMAD.013124.VV	1.584e-10	63	0	0	1	377	Drexlerviridae	NA	NA	PF13262;COG5410	NA
k127_612592_2	643	891	249	-1	0.651	11	None	NA	NA	NA	0	0	0	1	NA	NA	NA	NA	NA
k127_519685_1	1	321	321	1	0.642	11	None	GENOMAD.153941.VV	3.168e-18	81	0	0	1	2561	Caudoviricetes	NA	NA	PF13479;K19789;TIGR01618	phage nucleotide-binding protein
k127_519685_2	314	691	378	1	0.651	11	GGA/GAG/AGG	GENOMAD.042665.VV	1.154e-45	161	0	0	0	2561	Caudoviricetes	NA	NA	PF05037	NA
k127_54130_1	2	454	453	-1	0.596	11	None	GENOMAD.053137.VV	1.12e-23	99	0	0	1	2561	Caudoviricetes	NA	NA	PF17482	Phage tail sheath C-terminal domain
k127_612844_1	2	754	753	1	0.664	11	None	GENOMAD.068048.VV	2.901e-11	66	0	0	1	2561	Caudoviricetes	NA	NA	PF20307;TIGR03600;K02314;COG0305	phage replicative helicase, DnaB family, HK022 subfamily
k127_241681_1	3	494	492	-1	0.701	11	None	GENOMAD.169508.VP	3.787e-13	69	0	0	1	2561	Caudoviricetes	NA	NA	PF04708;PF13262;COG1961;K14060	Site-specific DNA recombinase related to the DNA invertase Pin
k127_427113_1	2	355	354	1	0.692	11	None	GENOMAD.117231.VV	3.388e-05	44	0	0	1	2561	Caudoviricetes	NA	NA	PF09293	T4 RNase H, C terminal
k127_892545_1	1	357	357	-1	0.625	11	None	GENOMAD.170348.VP	1.776e-13	68	0	0	1	2561	Caudoviricetes	NA	NA	COG5362	Phage terminase large subunit
k127_799766_1	8	319	312	-1	0.638	11	None	GENOMAD.211720.VP	2.833e-10	58	0	0	1	2561	Caudoviricetes	NA	NA	PF05119;TIGR01558;COG3747	phage terminase, small subunit, putative, P27 family
k127_520974_1	203	307	105	1	0.495	11	GGAG/GAGG	GENOMAD.128478.VV	9.446e-07	44	0	0	1	1	NA	NA	NA	PF05939;TIGR02217;COG4718	Phage minor tail protein
k127_521315_1	3	383	381	1	0.738	11	None	GENOMAD.071900.VV	4.253e-24	99	0	0	1	2561	Caudoviricetes	NA	NA	PF13479;TIGR01618;COG2087;K04484	phage nucleotide-binding protein
k127_148725_1	2	475	474	1	0.639	11	None	GENOMAD.068590.VV	6.914e-13	68	0	0	1	2561	Caudoviricetes	NA	NA	PF13871;PF11242;K11654;TIGR00721	C-terminal domain on Strawberry notch homologue
k127_428067_1	1	447	447	1	0.673	11	None	GENOMAD.013210.VV	4.27e-25	103	0	0	1	2561	Caudoviricetes	NA	NA	PF00211;PF08994;PF08993;COG2114	Adenylate and Guanylate cyclase catalytic domain; T4 gene Gp59 loader of gp41 DNA helicase C-term; T4 gene Gp59 loader of gp41 DNA helicase
k127_699708_1	3	809	807	-1	0.686	11	None	GENOMAD.129302.VP	2.182e-17	85	0	0	1	2561	Caudoviricetes	NA	NA	PF04717;COG4540;TIGR01644	Phage P2 baseplate assembly protein gpV
k127_699997_1	3	383	381	1	0.627	11	None	GENOMAD.205389.VV	1.261e-20	89	0	0	1	2561	Caudoviricetes	NA	NA	PF05136;TIGR01539;COG5511;K09961	phage portal protein, lambda family
k127_56109_1	1	384	384	1	0.667	11	None	GENOMAD.068048.VV	2.281e-14	71	0	0	1	2561	Caudoviricetes	NA	NA	PF20307;TIGR03600;K02314;COG0305	phage replicative helicase, DnaB family, HK022 subfamily
k127_336376_1	1	309	309	-1	0.625	11	None	GENOMAD.196279.VP	3.131e-09	55	0	0	1	1	NA	NA	NA	PF07141;COG2826	Putative bacteriophage terminase small subunit
k127_801499_1	2	871	870	-1	0.738	11	None	GENOMAD.071900.VV	1.426e-56	201	0	0	1	2561	Caudoviricetes	NA	NA	PF13479;TIGR01618;COG2087;K04484	phage nucleotide-binding protein
k127_700947_1	2	409	408	-1	0.757	11	None	GENOMAD.089768.VV	9.717e-36	133	0	0	1	2561	Caudoviricetes	NA	NA	PF05396	Phage T7 capsid assembly protein
k127_150468_1	1	315	315	1	0.638	11	None	GENOMAD.053137.VV	7.352e-25	100	0	0	1	2561	Caudoviricetes	NA	NA	PF17482	Phage tail sheath C-terminal domain
k127_244887_1	204	389	186	1	0.661	11	AGGAG	GENOMAD.222436.VP	8.631e-06	43	0	0	1	1	NA	NA	NA	PF06892;TIGR02612;COG5606;K22300	mobile mystery protein A
k127_57497_1	2	415	414	1	0.703	11	None	GENOMAD.205389.VV	9.633e-20	87	0	0	1	2561	Caudoviricetes	NA	NA	PF05136;TIGR01539;COG5511;K09961	phage portal protein, lambda family
k127_523333_1	3	362	360	1	0.575	11	None	GENOMAD.192061.VP	0.0001696	42	0	0	1	2561	Caudoviricetes	NA	NA	PF05119;COG3747;TIGR01558	Phage terminase, small subunit
k127_895341_1	3	392	390	-1	0.705	11	None	GENOMAD.064788.VV	1.365e-37	138	0	0	1	2561	Caudoviricetes	NA	NA	PF20441;PF03354;COG4626	Phage terminase-like protein, large subunit, contains N-terminal HTH domain
k127_701519_1	1	393	393	1	0.662	11	None	GENOMAD.038338.VV	3.808e-18	82	0	0	0	2561	Caudoviricetes	NA	NA	COG3392	NA
k127_701519_2	383	772	390	1	0.641	11	GGAGG	GENOMAD.093978.VV	0.0001027	43	0	0	0	2561	Caudoviricetes	NA	NA	PF18932	NA
k127_701519_3	772	1173	402	1	0.627	11	GGA/GAG/AGG	GENOMAD.017632.VV	9.309e-09	55	0	0	1	2561	Caudoviricetes	NA	NA	PF03354;COG5410;TIGR01547	phage terminase, large subunit, PBSX family
k127_616727_1	1	429	429	-1	0.695	11	None	GENOMAD.042265.VV	1.299e-07	52	0	0	1	2561	Caudoviricetes	NA	NA	PF20307;TIGR02237;COG0468;K04485	Divergent DnaB-like ATPase
k127_338075_1	2	349	348	1	0.687	11	None	GENOMAD.169186.VV	2.813e-31	119	0	0	0	2561	Caudoviricetes	NA	NA	PF14439;TIGR02571;COG0590;K01498	ComE operon protein 2
k127_338075_2	342	488	147	1	0.673	11	GGA/GAG/AGG	GENOMAD.152079.VP	3.494e-08	49	0	0	1	2561	Caudoviricetes	NA	NA	PF07141;COG2826;TIGR00721	Putative bacteriophage terminase small subunit
k127_338550_1	2	304	303	-1	0.719	11	None	GENOMAD.129421.VV	8.621e-14	68	0	0	1	2561	Caudoviricetes	NA	NA	PF04466;PF17288;TIGR01547;COG1783;K06909	phage terminase, large subunit, PBSX family
k127_896246_1	3	362	360	-1	0.675	11	None	GENOMAD.106248.VV	1.19e-09	57	0	0	1	2561	Caudoviricetes	NA	NA	PF03420	Prohead core protein serine protease
k127_246420_1	2	376	375	-1	0.629	11	None	GENOMAD.033718.VV	2.889e-10	59	0	0	1	2561	Caudoviricetes	NA	NA	PF08813;K21038	Phage tail tube protein, TTP
k127_246543_1	1	309	309	1	0.683	11	None	GENOMAD.095300.VV	2.069e-05	44	0	0	1	2561	Caudoviricetes	NA	NA	PF05119;COG3747;TIGR01558	Phage terminase, small subunit
k127_339052_1	2	325	324	1	0.679	11	None	GENOMAD.046974.VV	2.374e-05	44	0	0	1	2561	Caudoviricetes	NA	NA	PF10934;COG3628;K06903;TIGR03357	Phage baseplate assembly protein W
k127_339052_2	325	453	129	1	0.682	11	GGAG/GAGG	NA	NA	NA	0	0	0	1	NA	NA	NA	NA	NA
k127_618050_1	1	498	498	-1	0.627	11	None	GENOMAD.169508.VP	9.667e-23	97	0	0	1	2561	Caudoviricetes	NA	NA	PF04708;PF13262;COG1961;K14060	Site-specific DNA recombinase related to the DNA invertase Pin
k127_702858_1	28	333	306	-1	0.578	11	None	GENOMAD.196650.VP	1.174e-10	59	0	0	1	2561	Caudoviricetes	NA	NA	PF05367;TIGR04104	Phage endonuclease I
k127_431892_1	3	377	375	1	0.608	11	None	GENOMAD.097639.VV	8.701e-24	98	0	0	1	2561	Caudoviricetes	NA	NA	PF17289;TIGR01630;COG5362	phage uncharacterized protein (putative large terminase), C-terminal domain
k127_897385_1	2	352	351	-1	0.601	11	None	GENOMAD.146092.VV	1.644e-13	68	0	0	1	2561	Caudoviricetes	NA	NA	PF05065;COG4653;TIGR01554	Predicted phage phi-C31 gp36 major capsid-like protein
k127_152900_1	1	357	357	1	0.630	11	None	GENOMAD.073447.VV	1.471e-06	48	0	0	1	2561	Caudoviricetes	NA	NA	PF00580;TIGR04095;COG4373	UvrD/REP helicase N-terminal domain
k127_897397_1	3	596	594	1	0.677	11	None	GENOMAD.031720.VV	9.578e-06	48	0	0	1	2561	Caudoviricetes	NA	NA	K21531	NA
k127_247562_1	1	510	510	1	0.665	11	None	GENOMAD.068048.VV	7.081e-18	83	0	0	1	2561	Caudoviricetes	NA	NA	PF20307;TIGR03600;K02314;COG0305	phage replicative helicase, DnaB family, HK022 subfamily
k127_247562_2	507	584	78	1	0.756	11	GGA/GAG/AGG	NA	NA	NA	0	0	0	1	NA	NA	NA	NA	NA
k127_618851_1	3	320	318	1	0.717	11	None	GENOMAD.071900.VV	1.845e-39	142	0	0	1	2561	Caudoviricetes	NA	NA	PF13479;TIGR01618;COG2087;K04484	phage nucleotide-binding protein
k127_340149_1	3	332	330	1	0.645	11	None	GENOMAD.068048.VV	1.022e-15	74	0	0	1	2561	Caudoviricetes	NA	NA	PF20307;TIGR03600;K02314;COG0305	phage replicative helicase, DnaB family, HK022 subfamily
k127_60266_1	2	436	435	1	0.722	11	None	GENOMAD.102019.VV	5.603e-29	114	0	0	1	2561	Caudoviricetes	NA	NA	PF10758;COG3497	Phage tail sheath protein FI
k127_897986_1	1	519	519	-1	0.692	11	None	GENOMAD.068048.VV	9.191e-16	77	0	0	1	2561	Caudoviricetes	NA	NA	PF20307;TIGR03600;K02314;COG0305	phage replicative helicase, DnaB family, HK022 subfamily
k127_433263_1	1	459	459	1	0.708	11	None	GENOMAD.194580.VP	4.068e-18	83	0	0	1	2561	Caudoviricetes	NA	NA	PF03354;PF05521;PF20441;COG4626;TIGR01563	Phage terminase-like protein, large subunit, contains N-terminal HTH domain
k127_704263_1	2	436	435	-1	0.655	11	None	GENOMAD.129302.VP	2.859e-08	54	0	0	1	2561	Caudoviricetes	NA	NA	PF04717;COG4540;TIGR01644	Phage P2 baseplate assembly protein gpV
k127_341256_1	1	390	390	1	0.669	11	None	GENOMAD.205389.VV	3.696e-35	131	0	0	1	2561	Caudoviricetes	NA	NA	PF05136;TIGR01539;COG5511;K09961	phage portal protein, lambda family
k127_61711_1	2	385	384	1	0.654	11	None	GENOMAD.046148.VV	4.163e-06	47	0	0	1	9067	Straboviridae	NA	NA	PF04965;K21530;COG3628	Baseplate wedge protein gp25
k127_61711_2	385	492	108	1	0.685	11	GGxGG	NA	NA	NA	0	0	0	1	NA	NA	NA	NA	NA
k127_528008_1	2	370	369	-1	0.656	11	None	GENOMAD.013124.VV	7.57e-07	49	0	0	1	377	Drexlerviridae	NA	NA	PF13262;COG5410	NA
k127_342652_1	2	334	333	-1	0.604	11	None	GENOMAD.068048.VV	1.576e-11	62	0	0	1	2561	Caudoviricetes	NA	NA	PF20307;TIGR03600;K02314;COG0305	phage replicative helicase, DnaB family, HK022 subfamily
k127_435518_1	1	663	663	-1	0.653	11	GGAGG	GENOMAD.181453.VV	6.373e-06	49	0	0	1	2561	Caudoviricetes	NA	NA	PF03354;TIGR01547;COG5323;K21523	Terminase large subunit, ATPase domain
k127_435518_2	647	955	309	-1	0.667	11	None	NA	NA	NA	0	0	0	1	NA	NA	NA	NA	NA
k127_63643_1	3	1076	1074	1	0.514	11	None	GENOMAD.013210.VV	6.531e-24	107	0	0	1	2561	Caudoviricetes	NA	NA	PF00211;PF08994;PF08993;COG2114	Adenylate and Guanylate cyclase catalytic domain; T4 gene Gp59 loader of gp41 DNA helicase C-term; T4 gene Gp59 loader of gp41 DNA helicase
k127_622432_1	2	181	180	-1	0.594	11	4Base/6BMM	GENOMAD.089084.VV	2.942e-14	67	0	0	1	2561	Caudoviricetes	NA	NA	PF05367;K21525	Phage endonuclease I
k127_901537_1	2	379	378	1	0.561	11	None	GENOMAD.136711.VP	4.291e-15	73	0	0	1	2561	Caudoviricetes	NA	NA	PF03354;COG5323	Large terminase phage packaging protein
k127_808867_1	3	416	414	1	0.667	11	None	GENOMAD.053137.VV	3.62e-22	94	0	0	1	2561	Caudoviricetes	NA	NA	PF17482	Phage tail sheath C-terminal domain
k127_707128_1	3	506	504	-1	0.696	11	None	GENOMAD.102019.VV	1.847e-34	131	0	0	1	2561	Caudoviricetes	NA	NA	PF10758;COG3497	Phage tail sheath protein FI
k127_902018_1	50	1060	1011	-1	0.692	11	None	GENOMAD.065578.VV	1.869e-35	141	0	0	1	2561	Caudoviricetes	NA	NA	PF04860;PF04233;TIGR01537;COG4695;K06904	phage portal protein, HK97 family
k127_902252_1	248	1492	1245	-1	0.606	11	None	GENOMAD.003874.VV	1.236e-05	50	0	0	1	7436	Astroviridae	NA	NA	PF00680	Viral RNA-dependent RNA polymerase
k127_809602_1	1	549	549	1	0.634	11	None	GENOMAD.013210.VV	4.914e-18	84	0	0	1	2561	Caudoviricetes	NA	NA	PF00211;PF08994;PF08993;COG2114	Adenylate and Guanylate cyclase catalytic domain; T4 gene Gp59 loader of gp41 DNA helicase C-term; T4 gene Gp59 loader of gp41 DNA helicase
k127_902729_1	1	294	294	-1	0.721	11	None	NA	NA	NA	0	0	0	1	NA	NA	NA	NA	NA
k127_902729_2	295	801	507	-1	0.582	11	None	GENOMAD.068048.VV	7.84e-16	77	0	0	1	2561	Caudoviricetes	NA	NA	PF20307;TIGR03600;K02314;COG0305	phage replicative helicase, DnaB family, HK022 subfamily
k127_345222_1	2	544	543	1	0.530	11	None	GENOMAD.058588.VV	0.0001484	44	0	0	1	2561	Caudoviricetes	NA	NA	PF04492;TIGR01714	NA
k127_65366_1	3	830	828	-1	0.646	11	None	GENOMAD.013210.VV	1.054e-13	74	0	0	1	2561	Caudoviricetes	NA	NA	PF00211;PF08994;PF08993;COG2114	Adenylate and Guanylate cyclase catalytic domain; T4 gene Gp59 loader of gp41 DNA helicase C-term; T4 gene Gp59 loader of gp41 DNA helicase
k127_345621_1	2	175	174	1	0.759	11	None	NA	NA	NA	0	0	0	1	NA	NA	NA	NA	NA
k127_345621_2	227	592	366	-1	0.686	11	None	GENOMAD.068048.VV	1.591e-15	74	0	0	1	2561	Caudoviricetes	NA	NA	PF20307;TIGR03600;K02314;COG0305	phage replicative helicase, DnaB family, HK022 subfamily
k127_158666_1	1	837	837	-1	0.688	11	None	GENOMAD.193019.VV	2.258e-29	121	0	0	1	2561	Caudoviricetes	NA	NA	PF17541;COG3497;TIGR02243	Phage tail sheath protein FI
k127_253747_1	3	710	708	-1	0.643	11	None	GENOMAD.183037.VP	6.508e-29	118	0	0	1	2561	Caudoviricetes	NA	NA	PF10124;PF03420;COG4397	Mu-like prophage major head subunit gpT; Prohead core protein serine protease
k127_159487_1	3	530	528	1	0.657	11	None	GENOMAD.013124.VV	5.885e-11	63	0	0	1	377	Drexlerviridae	NA	NA	PF13262;COG5410	NA
k127_532292_1	30	503	474	1	0.713	11	GGAG/GAGG	GENOMAD.005158.VV	8.584e-09	56	0	0	1	2561	Caudoviricetes	NA	NA	PF04586;PF13395;TIGR02646;K06904	TIGR02646 family protein
k127_254962_1	70	324	255	-1	0.671	11	None	GENOMAD.063098.VV	8.055e-08	50	0	0	1	2561	Caudoviricetes	NA	NA	PF11126	Transcriptional regulator DsbA
k127_812241_1	1	552	552	1	0.639	11	None	GENOMAD.116655.VV	2.688e-72	241	0	0	1	2561	Caudoviricetes	NA	NA	PF04860;TIGR01537;COG5005	phage portal protein, HK97 family
k127_255253_1	3	107	105	1	0.752	11	None	GENOMAD.080911.VV	2.009e-06	43	0	0	1	2561	Caudoviricetes	NA	NA	PF00959;COG3772	Phage-related lysozyme (muramidase), GH24 family
k127_255253_2	109	339	231	1	0.693	11	GGAGG	GENOMAD.178434.VP	5.963e-15	70	0	0	0	2561	Caudoviricetes	NA	NA	PF11351	Holin of 3TMs, for gene-transfer release
k127_812585_1	128	634	507	-1	0.679	11	None	GENOMAD.068590.VV	7.84e-16	77	0	0	1	2561	Caudoviricetes	NA	NA	PF13871;PF11242;K11654;TIGR00721	C-terminal domain on Strawberry notch homologue
k127_905744_1	3	821	819	-1	0.681	11	None	GENOMAD.195648.VP	6.054e-07	53	0	0	1	9067	Straboviridae	NA	NA	PF20025;PF01331;PF14743;K18951;TIGR04120;COG1793	DNA ligase, ATP-dependent, PP_1105 family
k127_348286_1	161	436	276	-1	0.670	11	None	GENOMAD.061599.VV	4.066e-17	77	0	0	1	2561	Caudoviricetes	NA	NA	PF04233;TIGR01641	Phage Mu protein F like protein
k127_348642_1	1	345	345	1	0.687	11	None	GENOMAD.068048.VV	6.207e-15	72	0	0	1	2561	Caudoviricetes	NA	NA	PF20307;TIGR03600;K02314;COG0305	phage replicative helicase, DnaB family, HK022 subfamily
k127_348651_1	1	369	369	1	0.667	11	None	GENOMAD.205389.VV	1.342e-34	129	0	0	1	2561	Caudoviricetes	NA	NA	PF05136;TIGR01539;COG5511;K09961	phage portal protein, lambda family
k127_256315_1	3	215	213	1	0.610	11	None	NA	NA	NA	0	0	0	1	NA	NA	NA	NA	NA
k127_256315_2	222	1280	1059	1	0.602	11	AGGAG/GGAGG	GENOMAD.013124.VV	4.41e-18	89	0	0	1	377	Drexlerviridae	NA	NA	PF13262;COG5410	NA
k127_906513_1	3	308	306	-1	0.663	11	None	GENOMAD.168055.VP	7.409e-08	51	0	0	1	2561	Caudoviricetes	NA	NA	PF20441	Terminase large subunit, endonuclease domain
k127_711620_1	1	1197	1197	-1	0.733	11	None	GENOMAD.068590.VV	4.792e-21	99	0	0	1	2561	Caudoviricetes	NA	NA	PF13871;PF11242;K11654;TIGR00721	C-terminal domain on Strawberry notch homologue
k127_535504_1	1	366	366	-1	0.648	11	None	GENOMAD.053137.VV	2.564e-27	108	0	0	1	2561	Caudoviricetes	NA	NA	PF17482	Phage tail sheath C-terminal domain
k127_70851_1	3	512	510	-1	0.771	11	GGAGG	GENOMAD.132083.VV	1.225e-05	47	0	0	1	1	NA	NA	NA	PF05579;TIGR02038;K04772;COG0265	Equine arteritis virus serine endopeptidase S32
k127_908574_1	2	481	480	-1	0.667	11	None	GENOMAD.193019.VV	4.147e-09	57	0	0	1	2561	Caudoviricetes	NA	NA	PF17541;COG3497;TIGR02243	Phage tail sheath protein FI
k127_909010_1	2	271	270	-1	0.656	11	GGA/GAG/AGG	GENOMAD.170837.VV	3.718e-10	57	0	0	1	2561	Caudoviricetes	NA	NA	PF05119;COG3747;TIGR01558	Phage terminase, small subunit
k127_351505_1	1	345	345	1	0.716	11	None	GENOMAD.205604.VV	2.789e-15	73	0	0	1	2561	Caudoviricetes	NA	NA	PF18906;PF08273;TIGR01391;COG0358	Phage tail tube protein; Zinc-binding domain of primase-helicase
k127_164412_1	3	350	348	-1	0.681	11	None	GENOMAD.158976.VV	1.081e-41	149	0	0	1	2561	Caudoviricetes	NA	NA	PF17288	Terminase RNAseH like domain
k127_909527_1	45	1490	1446	1	0.716	11	None	GENOMAD.020823.VV	5.476e-12	71	0	0	1	2561	Caudoviricetes	NA	NA	PF05133;TIGR01538	Phage portal protein, SPP1 Gp6-like
k127_909527_2	1615	2259	645	1	0.743	11	GGA/GAG/AGG	NA	NA	NA	0	0	0	1	NA	NA	NA	NA	NA
k127_630749_1	8	112	105	-1	0.324	11	ATA	NA	NA	NA	0	0	0	1	NA	NA	NA	NA	NA
k127_630749_2	214	1350	1137	1	0.370	11	ATA	GENOMAD.076433.VV	6.569e-19	92	0	0	0	2561	Caudoviricetes	NA	NA	PF01041;K13017;TIGR03588;COG0399	UDP-4-amino-4,6-dideoxy-N-acetyl-beta-L-altrosamine transaminase
k127_630749_3	2127	2699	573	1	0.379	11	ATA	NA	NA	NA	0	0	0	1	NA	NA	NA	NA	NA
k127_538305_1	3	623	621	1	0.684	11	None	GENOMAD.169508.VP	1.161e-14	75	0	0	1	2561	Caudoviricetes	NA	NA	PF04708;PF13262;COG1961;K14060	Site-specific DNA recombinase related to the DNA invertase Pin
k127_165802_1	1	441	441	-1	0.601	11	None	GENOMAD.068048.VV	8.522e-16	76	0	0	1	2561	Caudoviricetes	NA	NA	PF20307;TIGR03600;K02314;COG0305	phage replicative helicase, DnaB family, HK022 subfamily
k127_911329_1	2	625	624	-1	0.532	11	None	GENOMAD.208864.VP	1.119e-05	48	0	0	1	2561	Caudoviricetes	NA	NA	PF19307;TIGR01554;COG4653	Phage capsid-like protein
k127_261670_1	70	594	525	1	0.592	11	None	GENOMAD.013124.VV	5.73e-11	63	0	0	1	377	Drexlerviridae	NA	NA	PF13262;COG5410	NA
k127_632530_1	3	455	453	1	0.653	11	None	GENOMAD.099865.VV	7.841e-28	111	0	0	1	2561	Caudoviricetes	NA	NA	PF04466;PF17289;TIGR01547;COG5323;K06909	phage terminase, large subunit, PBSX family
k127_74272_1	3	386	384	-1	0.698	11	None	GENOMAD.028993.VV	1.313e-20	89	0	0	1	2561	Caudoviricetes	NA	NA	PF11134	Phage stabilisation protein
k127_74952_1	2	364	363	-1	0.545	11	AGxAGG/AGGxGG	GENOMAD.138398.VP	9.987e-29	112	0	0	1	2561	Caudoviricetes	NA	NA	PF04466;TIGR01547;COG1783	phage terminase, large subunit, PBSX family
k127_447587_1	2	304	303	-1	0.597	11	None	GENOMAD.214359.VP	6.454e-09	54	0	0	1	2561	Caudoviricetes	NA	NA	PF14236;K21527;COG3818	Predicted acetyltransferase, GNAT superfamily
k127_820174_1	2	577	576	-1	0.738	11	None	GENOMAD.035019.VV	6.341e-19	87	0	0	1	2561	Caudoviricetes	NA	NA	PF03354;COG4626;TIGR01547	Phage terminase-like protein, large subunit, contains N-terminal HTH domain
k127_76055_1	3	764	762	-1	0.667	11	GGAGG	GENOMAD.005158.VV	1.128e-07	55	0	0	1	2561	Caudoviricetes	NA	NA	PF04586;PF13395;TIGR02646;K06904	TIGR02646 family protein
k127_634668_1	1	558	558	-1	0.608	11	None	GENOMAD.151436.VP	3.269e-13	70	0	0	1	2561	Caudoviricetes	NA	NA	PF17288;TIGR01547;COG1783	phage terminase, large subunit, PBSX family
k127_168967_1	41	529	489	-1	0.607	11	None	GENOMAD.068048.VV	1.144e-18	85	0	0	1	2561	Caudoviricetes	NA	NA	PF20307;TIGR03600;K02314;COG0305	phage replicative helicase, DnaB family, HK022 subfamily
k127_448486_1	3	647	645	1	0.719	11	None	GENOMAD.172074.VP	5.497e-05	46	0	0	1	2561	Caudoviricetes	NA	NA	PF05954;K06905;COG3500;TIGR03361	Phage protein D
k127_821007_1	461	925	465	-1	0.645	11	GGA/GAG/AGG	GENOMAD.072657.VV	2.284e-76	251	0	0	1	2561	Caudoviricetes	NA	NA	TIGR01558;COG3747	phage terminase, small subunit, putative, P27 family
k127_914044_1	90	956	867	-1	0.585	11	None	GENOMAD.000175.VV	8.661e-09	59	0	0	1	8305	Partitiviridae	NA	NA	PF00680;COG3344	Viral RNA-dependent RNA polymerase
k127_914257_1	1	363	363	1	0.653	11	None	GENOMAD.053653.VV	7.405e-06	46	0	0	1	2561	Caudoviricetes	NA	NA	COG4675	Microcystin-dependent protein  (function unknown)
k127_914257_2	379	843	465	1	0.656	11	AGGAG	GENOMAD.129169.VV	7.905e-09	56	0	0	1	2561	Caudoviricetes	NA	NA	COG4675	Microcystin-dependent protein  (function unknown)
k127_449353_1	2	403	402	1	0.687	11	None	GENOMAD.219105.VP	2.191e-07	51	0	0	1	2561	Caudoviricetes	NA	NA	PF20025;PF01068;K18951;TIGR04120;COG5226	DNA ligase, ATP-dependent, PP_1105 family
k127_357349_1	2	337	336	-1	0.598	11	None	GENOMAD.068048.VV	6.689e-13	66	0	0	1	2561	Caudoviricetes	NA	NA	PF20307;TIGR03600;K02314;COG0305	phage replicative helicase, DnaB family, HK022 subfamily
k127_77502_1	2	415	414	1	0.674	11	None	GENOMAD.034157.VV	1.785e-21	92	0	0	1	2561	Caudoviricetes	NA	NA	PF20441;PF03354;COG4626;TIGR01547	Phage terminase-like protein, large subunit, contains N-terminal HTH domain
k127_77654_1	2	466	465	-1	0.660	11	None	GENOMAD.123073.VV	8.56e-07	50	0	0	1	2561	Caudoviricetes	NA	NA	PF04717;COG4540;TIGR01644	Phage P2 baseplate assembly protein gpV
k127_915079_1	2	316	315	-1	0.730	11	None	GENOMAD.064381.VV	4.099e-07	49	0	0	1	2561	Caudoviricetes	NA	NA	PF04717;TIGR01644;COG4384	phage baseplate assembly protein V
k127_358048_1	19	771	753	-1	0.693	11	None	GENOMAD.118632.VP	1.401e-19	91	0	0	1	2561	Caudoviricetes	NA	NA	PF00476;PF07141	DNA polymerase family A; Putative bacteriophage terminase small subunit
k127_915712_1	2	430	429	-1	0.692	11	None	GENOMAD.169508.VP	1.228e-08	55	0	0	1	2561	Caudoviricetes	NA	NA	PF04708;PF13262;COG1961;K14060	Site-specific DNA recombinase related to the DNA invertase Pin
k127_544298_1	1	192	192	-1	0.661	11	GGAGG	GENOMAD.039919.VV	8.349e-07	46	0	0	1	2561	Caudoviricetes	NA	NA	COG3497	Phage tail sheath protein FI
k127_359456_1	95	691	597	1	0.583	11	None	GENOMAD.169508.VP	1.013e-10	63	0	0	1	2561	Caudoviricetes	NA	NA	PF04708;PF13262;COG1961;K14060	Site-specific DNA recombinase related to the DNA invertase Pin
k127_451804_1	1	312	312	1	0.603	11	None	GENOMAD.196284.VP	1.323e-10	59	0	0	1	2561	Caudoviricetes	NA	NA	PF05136;TIGR01539;COG5511;K09961	phage portal protein, lambda family
k127_452143_1	3	599	597	-1	0.645	11	AGxAG	GENOMAD.047592.VV	4.576e-06	49	0	0	0	2561	Caudoviricetes	NA	NA	PF13238;TIGR02237;COG1618;K04800	AAA domain
k127_452143_2	653	1417	765	-1	0.642	11	None	GENOMAD.068048.VV	1.566e-18	88	0	0	1	2561	Caudoviricetes	NA	NA	PF20307;TIGR03600;K02314;COG0305	phage replicative helicase, DnaB family, HK022 subfamily
k127_80456_1	3	263	261	1	0.659	11	None	GENOMAD.122996.VV	6.142e-26	102	0	0	1	2561	Caudoviricetes	NA	NA	PF17482	Phage tail sheath C-terminal domain
k127_80456_2	327	779	453	1	0.645	11	GGAG/GAGG	GENOMAD.222086.VV	3.541e-07	51	0	0	1	2561	Caudoviricetes	NA	NA	PF04985;K06908;TIGR01611;COG3498	phage contractile tail tube protein, P2 family
k127_360398_1	1	357	357	1	0.521	11	None	GENOMAD.142009.VV	1.256e-57	195	0	0	1	2561	Caudoviricetes	NA	NA	PF11651;TIGR04387	P22 coat protein - gene protein 5
k127_360429_1	2	487	486	-1	0.679	11	None	GENOMAD.013210.VV	7.361e-14	71	0	0	1	2561	Caudoviricetes	NA	NA	PF00211;PF08994;PF08993;COG2114	Adenylate and Guanylate cyclase catalytic domain; T4 gene Gp59 loader of gp41 DNA helicase C-term; T4 gene Gp59 loader of gp41 DNA helicase
k127_546078_1	1	438	438	-1	0.685	11	None	GENOMAD.169508.VP	4.025e-15	74	0	0	1	2561	Caudoviricetes	NA	NA	PF04708;PF13262;COG1961;K14060	Site-specific DNA recombinase related to the DNA invertase Pin
k127_720816_1	1	597	597	-1	0.682	11	None	GENOMAD.023316.VV	9.048e-16	78	0	0	1	2561	Caudoviricetes	NA	NA	PF03167;PF18906;TIGR00758;COG1573;K21929	uracil-DNA glycosylase, family 4
k127_825343_1	65	379	315	1	0.584	11	GGAGG	GENOMAD.006634.VV	1.613e-08	53	0	0	1	2561	Caudoviricetes	NA	NA	PF20223;COG1783	Phage terminase large subunit
k127_825343_2	512	634	123	1	0.610	11	GGAGG	NA	NA	NA	0	0	0	1	NA	NA	NA	NA	NA
k127_81621_1	2	685	684	-1	0.687	11	None	GENOMAD.106248.VV	8.282e-09	58	0	0	1	2561	Caudoviricetes	NA	NA	PF03420	Prohead core protein serine protease
k127_269303_1	1	492	492	-1	0.681	11	None	GENOMAD.205389.VV	1.053e-47	169	0	0	1	2561	Caudoviricetes	NA	NA	PF05136;TIGR01539;COG5511;K09961	phage portal protein, lambda family
k127_721742_1	1	486	486	1	0.615	11	None	GENOMAD.162088.VV	1.702e-23	99	0	0	1	2561	Caudoviricetes	NA	NA	PF05136;TIGR01539;COG5511;K09961	phage portal protein, lambda family
k127_826417_1	1	330	330	-1	0.670	11	None	GENOMAD.022740.VV	8.259e-10	57	0	0	1	2561	Caudoviricetes	NA	NA	PF17482;PF00062	Phage tail sheath C-terminal domain; C-type lysozyme/alpha-lactalbumin family
k127_826613_1	1	468	468	-1	0.709	11	None	GENOMAD.195646.VP	9.151e-05	44	0	0	1	2561	Caudoviricetes	NA	NA	PF11114;TIGR01725	phage protein, HK97 gp10 family
k127_826803_1	32	1156	1125	-1	0.635	11	None	GENOMAD.068048.VV	2.512e-17	87	0	0	1	2561	Caudoviricetes	NA	NA	PF20307;TIGR03600;K02314;COG0305	phage replicative helicase, DnaB family, HK022 subfamily
k127_920785_1	1	216	216	-1	0.731	11	AGGA/GGAG/GAGG	GENOMAD.105901.VC	6.65e-12	61	0	0	1	2561	Caudoviricetes	NA	NA	PF05135;TIGR02215	phage conserved hypothetical protein, phiE125 gp8 family
k127_920785_2	223	615	393	-1	0.738	11	AGGAG	NA	NA	NA	0	0	0	1	NA	NA	NA	NA	NA
k127_920785_3	677	1090	414	-1	0.679	11	GGA/GAG/AGG	GENOMAD.045480.VV	6.464e-15	73	0	0	0	1	NA	NA	NA	NA	NA
k127_920785_4	1120	1485	366	-1	0.667	11	None	NA	NA	NA	0	0	0	1	NA	NA	NA	NA	NA
k127_456110_1	1	441	441	-1	0.723	11	None	GENOMAD.068590.VV	5.566e-11	62	0	0	1	2561	Caudoviricetes	NA	NA	PF13871;PF11242;K11654;TIGR00721	C-terminal domain on Strawberry notch homologue
k127_364264_1	102	650	549	1	0.621	11	None	GENOMAD.169508.VP	1.081e-17	83	0	0	1	2561	Caudoviricetes	NA	NA	PF04708;PF13262;COG1961;K14060	Site-specific DNA recombinase related to the DNA invertase Pin
k127_643067_1	3	506	504	-1	0.669	11	None	GENOMAD.205389.VV	9.38e-13	68	0	0	1	2561	Caudoviricetes	NA	NA	PF05136;TIGR01539;COG5511;K09961	phage portal protein, lambda family
k127_829035_1	2	478	477	-1	0.637	11	None	GENOMAD.211720.VP	4.035e-09	57	0	0	1	2561	Caudoviricetes	NA	NA	PF05119;TIGR01558;COG3747	phage terminase, small subunit, putative, P27 family
k127_829144_1	1	399	399	1	0.702	11	None	GENOMAD.194580.VP	4.682e-17	79	0	0	1	2561	Caudoviricetes	NA	NA	PF03354;PF05521;PF20441;COG4626;TIGR01563	Phage terminase-like protein, large subunit, contains N-terminal HTH domain
k127_724485_1	16	369	354	-1	0.734	11	None	GENOMAD.124507.VV	4.157e-36	133	0	0	1	2561	Caudoviricetes	NA	NA	PF11242;K22300;COG3655;TIGR00673	DNA-binding transcriptional regulator, XRE family
k127_177915_1	1	363	363	-1	0.713	11	None	GENOMAD.129999.VP	7.863e-15	72	0	0	1	2561	Caudoviricetes	NA	NA	PF04708;COG1961;K21528	Site-specific DNA recombinase related to the DNA invertase Pin
k127_457387_1	2	448	447	1	0.691	11	None	GENOMAD.205389.VV	7.657e-36	134	0	0	1	2561	Caudoviricetes	NA	NA	PF05136;TIGR01539;COG5511;K09961	phage portal protein, lambda family
k127_457413_1	2	775	774	1	0.641	11	None	GENOMAD.205389.VV	3.754e-37	143	0	0	1	2561	Caudoviricetes	NA	NA	PF05136;TIGR01539;COG5511;K09961	phage portal protein, lambda family
k127_273469_1	7	435	429	-1	0.730	11	None	GENOMAD.194580.VP	1.226e-18	84	0	0	1	2561	Caudoviricetes	NA	NA	PF03354;PF05521;PF20441;COG4626;TIGR01563	Phage terminase-like protein, large subunit, contains N-terminal HTH domain
k127_273805_1	104	325	222	-1	0.640	11	None	GENOMAD.097975.VV	0.000161	40	0	0	1	1	NA	NA	NA	PF17302;COG1107;TIGR03655	Archaea-specific RecJ-like exonuclease, contains DnaJ-type Zn finger domain
k127_86349_1	1	765	765	-1	0.635	11	None	GENOMAD.013210.VV	2.686e-27	114	0	0	1	2561	Caudoviricetes	NA	NA	PF00211;PF08994;PF08993;COG2114	Adenylate and Guanylate cyclase catalytic domain; T4 gene Gp59 loader of gp41 DNA helicase C-term; T4 gene Gp59 loader of gp41 DNA helicase
k127_923996_1	1	456	456	-1	0.750	11	None	GENOMAD.181992.VC	0.0001813	43	0	0	1	1	NA	NA	NA	PF05119;COG3747;TIGR01558	Phage terminase, small subunit
k127_923996_2	458	1171	714	-1	0.718	11	None	GENOMAD.038338.VV	1.088e-15	79	0	0	0	2561	Caudoviricetes	NA	NA	COG3392	NA
k127_552053_1	3	632	630	-1	0.638	11	GGAGG	GENOMAD.000175.VV	1.153e-05	48	0	0	1	8305	Partitiviridae	NA	NA	PF00680;COG3344	Viral RNA-dependent RNA polymerase
k127_552053_2	629	910	282	-1	0.677	11	AGxAGG/AGGxGG	NA	NA	NA	0	0	0	1	NA	NA	NA	NA	NA
k127_179243_1	684	1121	438	-1	0.619	11	None	GENOMAD.068048.VV	3.587e-16	77	0	0	1	2561	Caudoviricetes	NA	NA	PF20307;TIGR03600;K02314;COG0305	phage replicative helicase, DnaB family, HK022 subfamily
k127_924472_1	1	288	288	-1	0.722	11	AGGA/GGAG/GAGG	GENOMAD.207669.VP	1.845e-11	61	0	0	0	2561	Caudoviricetes	NA	NA	NA	NA
k127_924472_2	351	1154	804	1	0.739	11	3Base/5BMM	GENOMAD.105501.VV	2.613e-47	173	0	0	1	2561	Caudoviricetes	NA	NA	PF03434;COG3948	Phage-related baseplate assembly protein
k127_924472_3	1154	1213	60	1	0.750	11	GGAGG	NA	NA	NA	0	0	0	1	NA	NA	NA	NA	NA
k127_646065_1	2	436	435	-1	0.660	11	None	GENOMAD.068048.VV	3.305e-17	80	0	0	1	2561	Caudoviricetes	NA	NA	PF20307;TIGR03600;K02314;COG0305	phage replicative helicase, DnaB family, HK022 subfamily
k127_553291_1	2	277	276	-1	0.576	11	AGGAG	GENOMAD.129169.VV	1.384e-05	44	0	0	1	2561	Caudoviricetes	NA	NA	COG4675	Microcystin-dependent protein  (function unknown)
k127_553291_2	307	825	519	-1	0.553	11	AGGAG	GENOMAD.152240.VV	1.259e-07	53	0	0	1	2561	Caudoviricetes	NA	NA	COG4675	Microcystin-dependent protein  (function unknown)
k127_553291_3	847	1173	327	-1	0.520	11	None	NA	NA	NA	0	0	0	1	NA	NA	NA	NA	NA
k127_925337_1	1	624	624	-1	0.590	11	None	GENOMAD.169508.VP	2.34e-17	83	0	0	1	2561	Caudoviricetes	NA	NA	PF04708;PF13262;COG1961;K14060	Site-specific DNA recombinase related to the DNA invertase Pin
k127_88608_1	40	372	333	-1	0.655	11	None	GENOMAD.068048.VV	2.277e-15	73	0	0	1	2561	Caudoviricetes	NA	NA	PF20307;TIGR03600;K02314;COG0305	phage replicative helicase, DnaB family, HK022 subfamily
k127_832981_1	218	1801	1584	-1	0.562	11	None	GENOMAD.013210.VV	5.769e-31	132	0	0	1	2561	Caudoviricetes	NA	NA	PF00211;PF08994;PF08993;COG2114	Adenylate and Guanylate cyclase catalytic domain; T4 gene Gp59 loader of gp41 DNA helicase C-term; T4 gene Gp59 loader of gp41 DNA helicase
k127_181380_1	1	312	312	1	0.712	11	None	GENOMAD.056845.VV	4.451e-29	112	0	0	1	2561	Caudoviricetes	NA	NA	PF19821;TIGR04387	Phage capsid protein
k127_181380_2	316	387	72	1	0.625	11	AGGAG	GENOMAD.052958.VV	8.696e-09	49	0	0	0	2561	Caudoviricetes	NA	NA	NA	NA
k127_727698_1	2	592	591	1	0.677	11	None	GENOMAD.013210.VV	1.123e-24	104	0	0	1	2561	Caudoviricetes	NA	NA	PF00211;PF08994;PF08993;COG2114	Adenylate and Guanylate cyclase catalytic domain; T4 gene Gp59 loader of gp41 DNA helicase C-term; T4 gene Gp59 loader of gp41 DNA helicase
k127_926187_1	2	463	462	1	0.680	11	None	GENOMAD.013210.VV	1.008e-16	79	0	0	1	2561	Caudoviricetes	NA	NA	PF00211;PF08994;PF08993;COG2114	Adenylate and Guanylate cyclase catalytic domain; T4 gene Gp59 loader of gp41 DNA helicase C-term; T4 gene Gp59 loader of gp41 DNA helicase
k127_554497_1	55	396	342	1	0.468	11	AGGAGG	GENOMAD.147427.VP	6.604e-05	43	0	0	1	2561	Caudoviricetes	NA	NA	PF07141	Putative bacteriophage terminase small subunit
k127_926539_1	1	411	411	1	0.616	11	None	GENOMAD.049806.VV	7.726e-22	93	0	0	1	2561	Caudoviricetes	NA	NA	PF13479;TIGR01618;COG0468;K04484	phage nucleotide-binding protein
k127_461298_1	1	300	300	-1	0.577	11	None	GENOMAD.068048.VV	1.128e-10	59	0	0	1	2561	Caudoviricetes	NA	NA	PF20307;TIGR03600;K02314;COG0305	phage replicative helicase, DnaB family, HK022 subfamily
k127_370019_1	2	523	522	1	0.670	11	None	GENOMAD.169508.VP	1.259e-09	59	0	0	1	2561	Caudoviricetes	NA	NA	PF04708;PF13262;COG1961;K14060	Site-specific DNA recombinase related to the DNA invertase Pin
k127_90159_1	1	462	462	1	0.608	11	None	GENOMAD.169508.VP	4.216e-18	83	0	0	1	2561	Caudoviricetes	NA	NA	PF04708;PF13262;COG1961;K14060	Site-specific DNA recombinase related to the DNA invertase Pin
k127_90216_1	1	327	327	-1	0.642	11	None	GENOMAD.053137.VV	4.832e-23	95	0	0	1	2561	Caudoviricetes	NA	NA	PF17482	Phage tail sheath C-terminal domain
k127_278128_1	3	311	309	-1	0.573	11	GGAG/GAGG	GENOMAD.117102.VP	8.473e-07	48	0	0	1	2561	Caudoviricetes	NA	NA	PF19835;TIGR01453;COG2827	group I intron endonuclease
k127_648939_1	2	577	576	1	0.670	11	None	GENOMAD.013210.VV	4.45e-24	102	0	0	1	2561	Caudoviricetes	NA	NA	PF00211;PF08994;PF08993;COG2114	Adenylate and Guanylate cyclase catalytic domain; T4 gene Gp59 loader of gp41 DNA helicase C-term; T4 gene Gp59 loader of gp41 DNA helicase
k127_278234_1	1	324	324	1	0.688	11	None	GENOMAD.042265.VV	1.108e-05	45	0	0	1	2561	Caudoviricetes	NA	NA	PF20307;TIGR02237;COG0468;K04485	Divergent DnaB-like ATPase
k127_649065_1	2	472	471	-1	0.622	11	None	GENOMAD.013124.VV	3.441e-11	63	0	0	1	377	Drexlerviridae	NA	NA	PF13262;COG5410	NA
k127_462588_1	580	1317	738	-1	0.379	11	None	NA	NA	NA	0	0	0	1	NA	NA	NA	NA	NA
k127_462588_2	1301	2146	846	-1	0.390	11	None	NA	NA	NA	0	0	0	1	NA	NA	NA	NA	NA
k127_462588_3	2561	4318	1758	-1	0.355	11	GGA/GAG/AGG	GENOMAD.014118.VV	1.167e-17	90	0	0	0	12031	Mimiviridae	NA	NA	COG1796	DNA polymerase/3'-5' exonuclease PolX
k127_278731_1	3	317	315	-1	0.625	11	None	GENOMAD.053137.VV	1.361e-18	82	0	0	1	2561	Caudoviricetes	NA	NA	PF17482	Phage tail sheath C-terminal domain
k127_729885_1	2	430	429	-1	0.655	11	None	GENOMAD.068590.VV	2.38e-10	60	0	0	1	2561	Caudoviricetes	NA	NA	PF13871;PF11242;K11654;TIGR00721	C-terminal domain on Strawberry notch homologue
k127_928955_1	2	214	213	1	0.634	11	None	GENOMAD.100194.VV	2.187e-07	48	0	0	1	2561	Caudoviricetes	NA	NA	PF04466;TIGR01547;COG5323	Phage terminase large subunit
k127_928955_2	156	350	195	1	0.595	11	GGA/GAG/AGG	NA	NA	NA	0	0	0	1	NA	NA	NA	NA	NA
k127_928957_1	2	334	333	-1	0.688	11	AGGAGG	GENOMAD.170348.VP	9.41e-09	54	0	0	1	2561	Caudoviricetes	NA	NA	COG5362	Phage terminase large subunit
k127_463426_1	1	309	309	-1	0.676	11	None	GENOMAD.032636.VV	7.693e-08	51	0	0	1	2561	Caudoviricetes	NA	NA	PF20307;PF07486;TIGR02239;COG0468;K18947	Divergent DnaB-like ATPase; Cell Wall Hydrolase
k127_371814_1	1	651	651	1	0.645	11	None	GENOMAD.068048.VV	1.458e-15	78	0	0	1	2561	Caudoviricetes	NA	NA	PF20307;TIGR03600;K02314;COG0305	phage replicative helicase, DnaB family, HK022 subfamily
k127_929270_1	1	315	315	1	0.470	11	None	GENOMAD.123534.VP	3.51e-56	190	0	0	1	2561	Caudoviricetes	NA	NA	PF05133;TIGR01538	Phage portal protein, SPP1 Gp6-like
k127_731127_1	1	231	231	-1	0.589	11	AGGAGG	NA	NA	NA	0	0	0	1	NA	NA	NA	NA	NA
k127_731127_2	253	675	423	-1	0.617	11	None	GENOMAD.053137.VV	4.552e-29	114	0	0	1	2561	Caudoviricetes	NA	NA	PF17482	Phage tail sheath C-terminal domain
k127_92954_1	1	420	420	1	0.721	11	None	GENOMAD.068048.VV	1.317e-05	46	0	0	1	2561	Caudoviricetes	NA	NA	PF20307;TIGR03600;K02314;COG0305	phage replicative helicase, DnaB family, HK022 subfamily
k127_731992_1	1	393	393	1	0.598	11	None	GENOMAD.151393.VP	2.336e-15	74	0	0	1	2561	Caudoviricetes	NA	NA	PF17288;TIGR01547;COG1783	phage terminase, large subunit, PBSX family
k127_465424_1	1	519	519	-1	0.674	11	AGxAG	GENOMAD.161099.VV	6.052e-06	48	0	0	1	2561	Caudoviricetes	NA	NA	PF16724;COG4119;TIGR02705;K12629	T4-like virus Myoviridae tail sheath stabiliser
k127_465424_2	525	629	105	-1	0.600	11	None	NA	NA	NA	0	0	0	1	NA	NA	NA	NA	NA
k127_732370_1	2	787	786	-1	0.712	11	None	GENOMAD.013210.VV	4.372e-05	47	0	0	1	2561	Caudoviricetes	NA	NA	PF00211;PF08994;PF08993;COG2114	Adenylate and Guanylate cyclase catalytic domain; T4 gene Gp59 loader of gp41 DNA helicase C-term; T4 gene Gp59 loader of gp41 DNA helicase
k127_735646_1	2	352	351	1	0.664	11	None	GENOMAD.192716.VV	2.787e-40	145	0	0	1	2561	Caudoviricetes	NA	NA	PF04865;COG3299	Baseplate J-like protein
k127_736132_1	1	1104	1104	1	0.658	11	None	GENOMAD.068590.VV	2.058e-05	49	0	0	1	2561	Caudoviricetes	NA	NA	PF13871;PF11242;K11654;TIGR00721	C-terminal domain on Strawberry notch homologue
k127_736720_1	3	128	126	-1	0.452	11	None	NA	NA	NA	0	0	0	1	NA	NA	NA	NA	NA
k127_736720_2	171	611	441	1	0.367	11	None	GENOMAD.084246.VV	6.083e-29	114	0	0	1	2561	Caudoviricetes	NA	NA	PF05954;COG3500;TIGR03361	Phage protein D
k127_738932_1	3	743	741	-1	0.412	11	None	NA	NA	NA	0	0	0	1	NA	NA	NA	NA	NA
k127_738932_2	859	1992	1134	-1	0.407	11	None	GENOMAD.076433.VV	5.952e-18	89	0	0	0	2561	Caudoviricetes	NA	NA	PF01041;K13017;TIGR03588;COG0399	UDP-4-amino-4,6-dideoxy-N-acetyl-beta-L-altrosamine transaminase
k127_738932_3	2345	3013	669	-1	0.414	11	None	NA	NA	NA	0	0	0	1	NA	NA	NA	NA	NA
k127_742333_1	1	687	687	1	0.699	11	None	GENOMAD.068590.VV	1.105e-28	117	0	0	1	2561	Caudoviricetes	NA	NA	PF13871;PF11242;K11654;TIGR00721	C-terminal domain on Strawberry notch homologue
