gene	start	end	length	strand	gc_content	genetic_code	rbs_motif	marker	evalue	bitscore	uscg	plasmid_hallmark	virus_hallmark	taxid	taxname	annotation_conjscan	annotation_amr	annotation_accessions	annotation_description
k127_120572_1	3	326	324	1	0.611	11	None	GENOMAD.095943.VV	3.788e-09	55	0	0	1	2561	Caudoviricetes	NA	NA	PF11651;TIGR04387	P22 coat protein - gene protein 5
k127_90519_1	3	212	210	-1	0.467	11	None	GENOMAD.146551.VP	1.912e-15	71	0	0	1	2561	Caudoviricetes	NA	NA	PF11114;TIGR01725;COG5005	phage protein, HK97 gp10 family
k127_90519_2	226	441	216	-1	0.394	11	None	NA	NA	NA	0	0	0	1	NA	NA	NA	NA	NA
k127_180916_1	3	317	315	-1	0.644	11	None	GENOMAD.068048.VV	2.509e-12	64	0	0	1	2561	Caudoviricetes	NA	NA	PF20307;TIGR03600;K02314;COG0305	phage replicative helicase, DnaB family, HK022 subfamily
k127_150838_1	1	246	246	1	0.305	11	None	NA	NA	NA	0	0	0	1	NA	NA	NA	NA	NA
k127_150838_2	186	338	153	1	0.418	11	AGGAG	GENOMAD.029363.VV	9.917e-07	45	0	0	1	2561	Caudoviricetes	NA	NA	PF04630;TIGR01603	phage major tail protein, phi13 family
k127_30313_1	1	423	423	-1	0.690	11	None	GENOMAD.007178.VV	2.072e-46	164	0	0	1	2561	Caudoviricetes	NA	NA	COG4653	Predicted phage phi-C31 gp36 major capsid-like protein
k127_271557_1	3	362	360	1	0.422	11	None	GENOMAD.023991.VV	1.042e-19	86	0	0	1	2561	Caudoviricetes	NA	NA	COG5410	Mu-like prophage FluMu protein gp28
k127_151268_1	3	326	324	-1	0.654	11	None	GENOMAD.059140.VV	1.692e-25	102	0	0	1	2561	Caudoviricetes	NA	NA	PF04630;TIGR01603	phage major tail protein, phi13 family
k127_613_1	1	417	417	-1	0.410	11	None	GENOMAD.071981.VV	8.297e-39	142	0	0	1	10778	Baculoviridae	NA	NA	PF04878	Baculovirus P48 protein
k127_211599_1	2	217	216	-1	0.449	4	None	GENOMAD.090608.VV	3.752e-10	56	0	0	1	10778	Baculoviridae	NA	NA	PF06385	Baculovirus LEF-11 protein
k127_211599_2	374	478	105	-1	0.400	4	TTAA	NA	NA	NA	0	0	0	1	NA	NA	NA	NA	NA
k127_211599_3	795	965	171	1	0.287	4	None	NA	NA	NA	0	0	0	1	NA	NA	NA	NA	NA
k127_241800_1	29	385	357	1	0.454	11	AAA	GENOMAD.071396.VV	1.617e-14	71	0	0	1	10778	Baculoviridae	NA	NA	PF05789	Baculovirus VP1054 protein
k127_181540_1	1	699	699	1	0.657	11	None	GENOMAD.048660.VV	4.134e-55	194	0	0	1	2561	Caudoviricetes	NA	NA	PF16510	Phage P22-like portal protein
k127_272064_1	3	530	528	1	0.640	11	None	GENOMAD.026355.VV	3.178e-21	93	0	0	1	2561	Caudoviricetes	NA	NA	PF20307;TIGR02238	Divergent DnaB-like ATPase
k127_272064_2	527	607	81	1	0.728	11	GGA/GAG/AGG	NA	NA	NA	0	0	0	1	NA	NA	NA	NA	NA
k127_181916_1	3	161	159	1	0.396	15	None	GENOMAD.079335.VV	5.515e-19	80	0	0	0	2561	Caudoviricetes	NA	NA	PF16478	Phage tail tube protein, GTA-gp10
k127_181916_2	272	511	240	1	0.346	15	3Base/5BMM	GENOMAD.111643.VV	3.428e-14	68	0	0	1	2561	Caudoviricetes	NA	NA	PF09550;TIGR02216	phage conserved hypothetical protein
k127_272308_1	1	384	384	1	0.646	11	None	GENOMAD.020082.VV	5.608e-38	139	0	0	1	2561	Caudoviricetes	NA	NA	PF03354	NA
k127_91828_1	25	465	441	-1	0.469	4	TTATT	GENOMAD.072649.VV	4.536e-23	97	0	0	1	10778	Baculoviridae	NA	NA	PF03258	Baculovirus FP protein
k127_91861_1	3	254	252	1	0.536	11	None	GENOMAD.129884.VP	1.41e-16	75	0	0	1	2561	Caudoviricetes	NA	NA	PF10618	Phage tail tube protein
k127_1488_1	2	109	108	-1	0.667	11	GGAG/GAGG	NA	NA	NA	0	0	0	1	NA	NA	NA	NA	NA
k127_1488_2	106	318	213	-1	0.643	11	None	GENOMAD.105804.VV	2.801e-05	42	0	0	1	1	NA	NA	NA	PF05521;COG5614;TIGR01563	Bacteriophage head-tail adaptor
k127_272750_1	3	1406	1404	-1	0.417	11	None	GENOMAD.071399.VV	7.819e-56	206	0	0	1	10778	Baculoviridae	NA	NA	PF04735;K21242;TIGR01613;COG0125	Baculovirus DNA helicase
k127_272750_2	1414	1878	465	1	0.409	11	None	GENOMAD.075496.VV	2.22e-68	228	0	0	1	10778	Baculoviridae	NA	NA	PF04798	Baculovirus 19 kDa protein conserved region
k127_272750_3	1945	2058	114	-1	0.447	11	None	NA	NA	NA	0	0	0	1	NA	NA	NA	NA	NA
k127_1599_1	3	455	453	1	0.651	11	None	GENOMAD.047415.VV	0.0001773	43	0	0	1	2561	Caudoviricetes	NA	NA	PF03906	Phage T7 tail fibre protein
k127_152488_1	64	363	300	1	0.320	11	AAAA	GENOMAD.100727.VV	2.677e-09	55	0	0	1	2561	Caudoviricetes	NA	NA	PF05135;TIGR01560	Phage gp6-like head-tail connector protein
k127_152488_2	350	691	342	1	0.368	11	AAAAA	GENOMAD.141183.VP	3.442e-12	64	0	0	1	2561	Caudoviricetes	NA	NA	PF05521;TIGR01563;COG5614	phage head-tail adaptor, putative, SPP1 family
k127_152488_3	658	789	132	1	0.348	11	AAAA	NA	NA	NA	0	0	0	1	NA	NA	NA	NA	NA
k127_32089_1	1	135	135	-1	0.622	11	None	GENOMAD.040134.VV	6.066e-15	68	0	0	1	2561	Caudoviricetes	NA	NA	PF07409;COG4381	Phage protein GP46
k127_32089_2	132	311	180	-1	0.744	11	None	NA	NA	NA	0	0	0	1	NA	NA	NA	NA	NA
k127_2011_1	1	375	375	1	0.299	11	None	GENOMAD.090257.VV	4.523e-14	70	0	0	1	2561	Caudoviricetes	NA	NA	PF05709;COG4722;TIGR01633	Phage tail protein
k127_32263_1	30	404	375	1	0.733	11	AGGA	GENOMAD.222213.VP	1.304e-10	60	0	0	1	2561	Caudoviricetes	NA	NA	PF07141	Putative bacteriophage terminase small subunit
k127_243531_1	79	375	297	1	0.640	11	AGGA	GENOMAD.100772.VV	4.697e-19	83	0	0	1	2561	Caudoviricetes	NA	NA	PF16460;COG5437;TIGR02126	Phage tail tube, TTP, lambda-like
k127_153232_1	3	446	444	-1	0.387	11	None	GENOMAD.113454.VV	1.016e-40	148	0	0	1	2561	Caudoviricetes	NA	NA	PF08804	gp32 DNA binding protein like
k127_273928_1	3	452	450	1	0.507	11	None	GENOMAD.071390.VV	1.272e-30	119	0	0	1	10778	Baculoviridae	NA	NA	PF04913	Baculovirus Y142 protein
k127_123452_1	1	513	513	-1	0.409	11	TAAAA	GENOMAD.074182.VV	6.697e-73	242	0	0	1	10778	Baculoviridae	NA	NA	PF05820	Baculoviridae AC81
k127_2834_1	3	305	303	-1	0.538	11	None	GENOMAD.090965.VV	3.485e-15	72	0	0	1	2561	Caudoviricetes	NA	NA	PF05065;TIGR01554;COG4653	phage major capsid protein, HK97 family
k127_183782_1	1	570	570	1	0.640	11	None	GENOMAD.124233.VP	1.785e-05	47	0	0	1	2561	Caudoviricetes	NA	NA	PF03864	Phage major capsid protein E
k127_33186_1	3	581	579	1	0.359	11	None	GENOMAD.099319.VV	9.386e-71	237	0	0	0	2561	Caudoviricetes	NA	NA	NA	NA
k127_33186_2	590	2272	1683	1	0.374	11	GGA/GAG/AGG	GENOMAD.116455.VP	5.468e-277	853	0	0	0	2561	Caudoviricetes	NA	NA	PF00136;COG0417	DNA polymerase elongation subunit (family B)
k127_33186_3	2278	4086	1809	1	0.370	11	AGxAGG/AGGxGG	NA	NA	NA	0	0	0	1	NA	NA	NA	NA	NA
k127_33186_4	4407	4763	357	1	0.364	11	GGA/GAG/AGG	NA	NA	NA	0	0	0	1	NA	NA	NA	NA	NA
k127_33186_5	4753	4980	228	1	0.355	11	GGA/GAG/AGG	NA	NA	NA	0	0	0	1	NA	NA	NA	NA	NA
k127_33186_6	4994	5377	384	1	0.357	11	None	NA	NA	NA	0	0	0	1	NA	NA	NA	NA	NA
k127_183856_1	2	340	339	1	0.670	11	None	GENOMAD.053137.VV	2.855e-22	93	0	0	1	2561	Caudoviricetes	NA	NA	PF17482	Phage tail sheath C-terminal domain
k127_153906_1	2	334	333	1	0.697	11	None	GENOMAD.181434.VP	1.944e-17	79	0	0	1	2561	Caudoviricetes	NA	NA	PF20441	Terminase large subunit, endonuclease domain
k127_214130_1	3	326	324	1	0.719	11	None	GENOMAD.116501.VP	5.12e-22	92	0	0	1	2561	Caudoviricetes	NA	NA	PF05136;TIGR01539;COG5511	phage portal protein, lambda family
k127_3232_1	59	301	243	1	0.642	11	GGA/GAG/AGG	GENOMAD.195532.VP	1.415e-08	52	0	0	1	2561	Caudoviricetes	NA	NA	PF03354;COG4626;TIGR01547	Phage terminase-like protein, large subunit, contains N-terminal HTH domain
k127_93721_1	1	60	60	-1	0.450	11	TAA	NA	NA	NA	0	0	0	1	NA	NA	NA	NA	NA
k127_93721_2	64	432	369	-1	0.401	11	TAA	GENOMAD.151780.VP	6.774e-17	78	0	0	1	2561	Caudoviricetes	NA	NA	PF05521;COG5614;TIGR01563	Bacteriophage head-tail adaptor
k127_93721_3	447	731	285	-1	0.337	11	TAAAAA	GENOMAD.028739.VV	2.323e-39	141	0	0	1	2561	Caudoviricetes	NA	NA	PF05135;TIGR01560	Phage gp6-like head-tail connector protein
k127_93721_4	731	1117	387	-1	0.385	11	None	NA	NA	NA	0	0	0	1	NA	NA	NA	NA	NA
k127_93721_5	1187	2323	1137	-1	0.404	11	None	GENOMAD.024686.VV	1.007e-42	164	0	0	1	2561	Caudoviricetes	NA	NA	PF05065;COG4653;TIGR01554	Predicted phage phi-C31 gp36 major capsid-like protein
k127_93721_6	2311	2766	456	-1	0.397	11	None	GENOMAD.151668.VV	4.101e-17	80	0	0	1	2561	Caudoviricetes	NA	NA	PF04586;COG3740;K06904;TIGR01543	Phage head maturation protease
k127_274656_1	3	416	414	1	0.568	11	None	GENOMAD.106143.VV	2.259e-35	132	0	0	1	1	NA	NA	NA	PF10109	Phage tail assembly chaperone proteins, E, or 41 or 14
k127_274656_2	600	698	99	1	0.465	11	GGA/GAG/AGG	NA	NA	NA	0	0	0	1	NA	NA	NA	NA	NA
k127_274670_1	1	483	483	1	0.660	11	None	GENOMAD.153941.VV	4.157e-48	170	0	0	1	2561	Caudoviricetes	NA	NA	PF13479;K19789;TIGR01618	phage nucleotide-binding protein
k127_214907_1	1	381	381	-1	0.656	11	None	GENOMAD.212786.VV	9.161e-06	46	0	0	1	2561	Caudoviricetes	NA	NA	PF20307;PF00772;TIGR00665;K02314;COG0305	replicative DNA helicase
k127_154874_1	2	400	399	1	0.471	11	None	GENOMAD.071687.VV	3.758e-19	85	0	0	1	10778	Baculoviridae	NA	NA	PF04700	Structural glycoprotein p40/gp41 conserved region
k127_215125_1	2	454	453	-1	0.497	11	GGAG/GAGG	GENOMAD.062364.VV	2.685e-12	66	0	0	1	2561	Caudoviricetes	NA	NA	COG5283	Phage-related tail protein
k127_215125_2	656	832	177	-1	0.407	11	None	GENOMAD.076253.VV	5.989e-21	86	0	0	0	2561	Caudoviricetes	NA	NA	NA	NA
k127_64901_1	2	325	324	1	0.664	11	None	GENOMAD.068048.VV	4.483e-15	72	0	0	1	2561	Caudoviricetes	NA	NA	PF20307;TIGR03600;K02314;COG0305	phage replicative helicase, DnaB family, HK022 subfamily
k127_64901_2	325	432	108	1	0.731	11	GGA/GAG/AGG	NA	NA	NA	0	0	0	1	NA	NA	NA	NA	NA
k127_4577_1	3	485	483	-1	0.640	11	None	GENOMAD.116946.VP	9.915e-07	50	0	0	1	2561	Caudoviricetes	NA	NA	COG3941	Phage tail tape-measure protein, controls tail length
k127_95193_1	1	420	420	1	0.631	11	None	GENOMAD.140454.VP	2.878e-05	45	0	0	1	2561	Caudoviricetes	NA	NA	PF17948;PF09681;TIGR01714	DnaT DNA-binding domain; N-terminal phage replisome organiser (Phage_rep_org_N)
k127_215981_1	2	304	303	-1	0.677	11	None	GENOMAD.019615.VV	7.872e-07	48	0	0	1	2561	Caudoviricetes	NA	NA	PF05954;COG4379	Mu-like prophage tail protein gpP
k127_276193_1	3	713	711	1	0.408	11	None	GENOMAD.071401.VV	1.169e-98	320	0	0	1	10778	Baculoviridae	NA	NA	PF05112	Baculovirus P47 protein
k127_125695_1	1	351	351	-1	0.675	11	None	GENOMAD.053137.VV	3.324e-14	70	0	0	1	2561	Caudoviricetes	NA	NA	PF17482	Phage tail sheath C-terminal domain
k127_155822_1	2	514	513	1	0.669	11	None	GENOMAD.060259.VV	0.0002657	43	0	0	1	2561	Caudoviricetes	NA	NA	PF20307;TIGR02236;COG0468;K04484	Divergent DnaB-like ATPase
k127_95515_1	55	423	369	1	0.694	11	None	GENOMAD.137295.VP	6.576e-26	104	0	0	1	2561	Caudoviricetes	NA	NA	PF14550;TIGR01543;COG3740	Putative phage serine protease XkdF
k127_5033_1	1	921	921	-1	0.678	11	None	GENOMAD.053137.VV	9.902e-31	126	0	0	1	2561	Caudoviricetes	NA	NA	PF17482	Phage tail sheath C-terminal domain
k127_276437_1	2	436	435	1	0.418	11	None	NA	NA	NA	0	0	0	1	NA	NA	NA	NA	NA
k127_276437_2	438	620	183	1	0.301	11	AGGAG	NA	NA	NA	0	0	0	1	NA	NA	NA	NA	NA
k127_276437_3	635	871	237	1	0.316	11	GGAGG	GENOMAD.223394.VP	1.792e-19	83	0	0	1	2561	Caudoviricetes	NA	NA	PF04688;TIGR01592	holin, SPP1 family
k127_276437_4	996	1310	315	1	0.362	11	None	GENOMAD.118719.VV	1.081e-12	65	0	0	0	2561	Caudoviricetes	NA	NA	NA	NA
k127_276437_5	1313	1420	108	1	0.444	11	GGAGG	NA	NA	NA	0	0	0	1	NA	NA	NA	NA	NA
k127_95682_1	1	660	660	1	0.527	11	None	GENOMAD.068609.VV	7.569e-13	70	0	0	1	2561	Caudoviricetes	NA	NA	PF04865;COG3299	Baseplate J-like protein
k127_276502_1	3	617	615	-1	0.385	11	AGxAGG/AGGxGG	GENOMAD.085853.VP	5.49e-11	64	0	0	1	2561	Caudoviricetes	NA	NA	PF06605;PF18994;TIGR01665;COG4926	phage minor structural protein, N-terminal region
k127_216365_1	2	475	474	1	0.700	11	None	GENOMAD.118632.VP	2.004e-06	49	0	0	1	2561	Caudoviricetes	NA	NA	PF00476;PF07141	DNA polymerase family A; Putative bacteriophage terminase small subunit
k127_65665_1	1	321	321	-1	0.667	11	None	GENOMAD.087771.VV	0.0002583	41	0	0	1	2561	Caudoviricetes	NA	NA	PF09293	T4 RNase H, C terminal
k127_276617_1	2	70	69	-1	0.348	11	AGxAGG/AGGxGG	NA	NA	NA	0	0	0	1	NA	NA	NA	NA	NA
k127_276617_2	67	333	267	-1	0.423	11	None	GENOMAD.100198.VP	2.722e-27	106	0	0	1	2561	Caudoviricetes	NA	NA	PF04883;TIGR01725;COG5005	phage protein, HK97 gp10 family
k127_65717_1	1	456	456	-1	0.491	11	None	GENOMAD.069089.VV	1.381e-30	119	0	0	1	10778	Baculoviridae	NA	NA	PF05006	Per os infectivity factor 3
k127_95909_1	1	438	438	1	0.381	11	None	GENOMAD.090257.VV	3.587e-16	77	0	0	1	2561	Caudoviricetes	NA	NA	PF05709;COG4722;TIGR01633	Phage tail protein
k127_95909_2	435	497	63	1	0.270	11	None	NA	NA	NA	0	0	0	1	NA	NA	NA	NA	NA
k127_126369_1	3	2057	2055	-1	0.487	11	GGA/GAG/AGG	GENOMAD.101183.VP	5.282e-66	243	0	0	0	2561	Caudoviricetes	NA	NA	COG4926	Phage-related protein
k127_126369_2	2054	3343	1290	-1	0.474	11	None	GENOMAD.090257.VV	5.331e-74	258	0	0	1	2561	Caudoviricetes	NA	NA	PF05709;COG4722;TIGR01633	Phage tail protein
k127_35983_1	1	480	480	1	0.448	11	None	GENOMAD.078785.VV	5.276e-45	161	0	0	1	2561	Caudoviricetes	NA	NA	PF04860;TIGR01537;COG4695	phage portal protein, HK97 family
k127_247117_1	3	293	291	-1	0.660	11	GGA/GAG/AGG	GENOMAD.161754.VP	4.15e-27	106	0	0	1	2561	Caudoviricetes	NA	NA	PF05521;COG5614;TIGR01563	Bacteriophage head-tail adaptor
k127_247117_2	290	724	435	-1	0.671	11	None	NA	NA	NA	0	0	0	1	NA	NA	NA	NA	NA
k127_66371_1	1	318	318	1	0.550	11	None	GENOMAD.108416.VP	2.86e-19	84	0	0	1	2561	Caudoviricetes	NA	NA	PF11863;COG4386	Mu-like prophage tail sheath protein gpL
k127_6099_1	86	295	210	-1	0.738	11	3Base/5BMM	NA	NA	NA	0	0	0	1	NA	NA	NA	NA	NA
k127_6099_2	292	546	255	-1	0.737	11	AGGA	NA	NA	NA	0	0	0	1	NA	NA	NA	NA	NA
k127_6099_3	543	1061	519	-1	0.775	11	None	GENOMAD.223164.VP	5.928e-06	48	0	0	0	1	NA	NA	NA	PF02467	Transcription factor WhiB
k127_6099_4	1101	1364	264	-1	0.716	11	AGxAGG/AGGxGG	NA	NA	NA	0	0	0	1	NA	NA	NA	NA	NA
k127_6099_5	1386	1937	552	-1	0.737	11	AGGA/GGAG/GAGG	NA	NA	NA	0	0	0	1	NA	NA	NA	NA	NA
k127_6099_6	1937	2209	273	-1	0.681	11	AGGAG	NA	NA	NA	0	0	0	1	NA	NA	NA	NA	NA
k127_6099_7	2206	2454	249	-1	0.735	11	3Base/5BMM	NA	NA	NA	0	0	0	1	NA	NA	NA	NA	NA
k127_6099_8	2451	3176	726	-1	0.736	11	None	NA	NA	NA	0	0	0	1	NA	NA	NA	NA	NA
k127_217215_1	1	213	213	-1	0.427	11	None	NA	NA	NA	0	0	0	1	NA	NA	NA	NA	NA
k127_217215_2	239	586	348	-1	0.443	11	None	GENOMAD.070488.VV	3.432e-37	136	0	0	1	10778	Baculoviridae	NA	NA	PF04639	Baculoviral E56 protein, specific to ODV envelope
k127_156984_1	1	339	339	-1	0.640	11	None	GENOMAD.034006.VV	4.157e-10	58	0	0	1	2561	Caudoviricetes	NA	NA	PF05069;TIGR01635;COG5005	Phage virion morphogenesis family
k127_156995_1	2	442	441	-1	0.728	11	None	GENOMAD.068590.VV	3.852e-16	77	0	0	1	2561	Caudoviricetes	NA	NA	PF13871;PF11242;K11654;TIGR00721	C-terminal domain on Strawberry notch homologue
k127_217286_1	3	629	627	1	0.477	11	None	GENOMAD.071390.VV	1.048e-41	154	0	0	1	10778	Baculoviridae	NA	NA	PF04913	Baculovirus Y142 protein
k127_66819_1	3	419	417	-1	0.590	11	None	GENOMAD.011850.VV	8.364e-22	93	0	0	1	2561	Caudoviricetes	NA	NA	PF11134	Phage stabilisation protein
k127_36656_1	2	541	540	-1	0.650	11	None	GENOMAD.195648.VP	3.24e-06	49	0	0	1	9067	Straboviridae	NA	NA	PF20025;PF01331;PF14743;K18951;TIGR04120;COG1793	DNA ligase, ATP-dependent, PP_1105 family
k127_66847_1	1	432	432	1	0.664	11	None	GENOMAD.103386.VV	1.19e-09	58	0	0	1	1	NA	NA	NA	PF16510	Phage P22-like portal protein
k127_217556_1	3	347	345	-1	0.699	11	None	GENOMAD.129396.VP	1.381e-14	71	0	0	1	2561	Caudoviricetes	NA	NA	PF20454	Terminase large subunit gpA, endonuclease domain
k127_36988_1	8	631	624	-1	0.417	11	None	NA	NA	NA	0	0	0	1	NA	NA	NA	NA	NA
k127_36988_2	634	1218	585	-1	0.426	11	None	GENOMAD.071688.VV	1.832e-55	193	0	0	1	10778	Baculoviridae	NA	NA	PF01896;K21241;TIGR00335;COG1467	DNA primase, eukaryotic-type, small subunit, putative
k127_157727_1	3	560	558	1	0.396	11	None	GENOMAD.133889.VP	1.731e-43	158	0	0	1	2561	Caudoviricetes	NA	NA	COG4626	Phage terminase-like protein, large subunit, contains N-terminal HTH domain
k127_37148_1	1	441	441	-1	0.703	11	None	GENOMAD.180754.VP	5.151e-22	94	0	0	1	2561	Caudoviricetes	NA	NA	PF05876;PF20454;K21512;COG5525;TIGR04104	Phage terminase, large subunit GpA
k127_278202_1	2	394	393	-1	0.651	11	None	GENOMAD.068048.VV	1.482e-11	63	0	0	1	2561	Caudoviricetes	NA	NA	PF20307;TIGR03600;K02314;COG0305	phage replicative helicase, DnaB family, HK022 subfamily
k127_218033_1	2	346	345	1	0.655	11	None	GENOMAD.053137.VV	2.294e-17	79	0	0	1	2561	Caudoviricetes	NA	NA	PF17482	Phage tail sheath C-terminal domain
k127_218083_1	1	753	753	-1	0.644	11	None	GENOMAD.068048.VV	3.087e-13	72	0	0	1	2561	Caudoviricetes	NA	NA	PF20307;TIGR03600;K02314;COG0305	phage replicative helicase, DnaB family, HK022 subfamily
k127_67616_1	37	321	285	-1	0.684	11	None	GENOMAD.007178.VV	4.783e-32	120	0	0	1	2561	Caudoviricetes	NA	NA	COG4653	Predicted phage phi-C31 gp36 major capsid-like protein
k127_158273_1	1	348	348	1	0.747	11	None	GENOMAD.002817.VV	6.021e-07	49	0	0	1	2561	Caudoviricetes	NA	NA	COG3941	Phage tail tape-measure protein, controls tail length
k127_67864_1	3	341	339	1	0.383	11	None	GENOMAD.111751.VP	8.571e-27	106	0	0	1	2561	Caudoviricetes	NA	NA	COG5280	Phage-related minor tail protein
k127_67937_1	1	345	345	1	0.551	11	None	GENOMAD.070488.VV	6.929e-30	115	0	0	1	10778	Baculoviridae	NA	NA	PF04639	Baculoviral E56 protein, specific to ODV envelope
k127_218669_1	1	339	339	-1	0.649	11	None	GENOMAD.053137.VV	2.332e-16	76	0	0	1	2561	Caudoviricetes	NA	NA	PF17482	Phage tail sheath C-terminal domain
k127_7723_1	140	325	186	1	0.629	11	None	GENOMAD.192935.VP	5.913e-09	52	0	0	1	2561	Caudoviricetes	NA	NA	PF07141;COG2826;TIGR02844	Putative bacteriophage terminase small subunit
k127_219007_1	371	1072	702	1	0.480	4	None	GENOMAD.201109.VV	0.0002972	44	0	0	1	4401	Narnaviridae	NA	NA	PF05919	NA
k127_128894_1	2	130	129	1	0.612	11	None	NA	NA	NA	0	0	0	1	NA	NA	NA	NA	NA
k127_128894_2	117	380	264	1	0.557	11	GGAG/GAGG	GENOMAD.078186.VV	3.416e-10	57	0	0	1	2561	Caudoviricetes	NA	NA	PF13479;TIGR01618;COG2087;K04484	phage nucleotide-binding protein
k127_128984_1	1	381	381	1	0.693	11	None	GENOMAD.096808.VV	3.861e-25	102	0	0	1	2561	Caudoviricetes	NA	NA	PF05136;TIGR01539;COG5511	phage portal protein, lambda family
k127_219271_1	1	309	309	-1	0.379	11	None	GENOMAD.160913.VP	7.693e-08	51	0	0	1	2561	Caudoviricetes	NA	NA	PF05766;COG3024	Bacteriophage Lambda NinG protein
k127_38511_1	2	703	702	1	0.423	11	None	NA	NA	NA	0	0	0	1	NA	NA	NA	NA	NA
k127_38511_2	878	2146	1269	-1	0.397	11	GGA/GAG/AGG	NA	NA	NA	0	0	0	1	NA	NA	NA	NA	NA
k127_38511_3	2297	2539	243	1	0.440	11	GGA/GAG/AGG	GENOMAD.104714.VV	4.295e-12	62	0	0	1	10778	Baculoviridae	NA	NA	PF05531	Nucleopolyhedrovirus P10 protein
k127_38511_4	2567	3061	495	-1	0.463	11	GGA/GAG/AGG	NA	NA	NA	0	0	0	1	NA	NA	NA	NA	NA
k127_38511_5	3123	3389	267	1	0.416	11	None	NA	NA	NA	0	0	0	1	NA	NA	NA	NA	NA
k127_38511_6	3424	3705	282	-1	0.376	11	None	NA	NA	NA	0	0	0	1	NA	NA	NA	NA	NA
k127_38614_1	1	255	255	1	0.314	11	None	GENOMAD.051391.VV	1.028e-12	64	0	0	1	2561	Caudoviricetes	NA	NA	PF06199;TIGR02126;COG5437	phage major tail protein, TP901-1 family
k127_38614_2	281	595	315	1	0.283	11	AAAA	GENOMAD.043939.VV	1.061e-20	88	0	0	0	2561	Caudoviricetes	NA	NA	PF16478	Phage tail tube protein, GTA-gp10
k127_38614_3	567	719	153	1	0.333	11	AAAAA	NA	NA	NA	0	0	0	1	NA	NA	NA	NA	NA
k127_189245_1	70	732	663	-1	0.686	11	None	GENOMAD.053137.VV	5.194e-36	138	0	0	1	2561	Caudoviricetes	NA	NA	PF17482	Phage tail sheath C-terminal domain
k127_279845_1	1	354	354	-1	0.486	11	ATA	GENOMAD.068246.VV	1.057e-18	83	0	0	1	10778	Baculoviridae	NA	NA	PF04512	Baculovirus polyhedron envelope protein, PEP, N terminus
k127_279845_2	371	496	126	-1	0.333	11	None	NA	NA	NA	0	0	0	1	NA	NA	NA	NA	NA
k127_279858_1	1	309	309	-1	0.291	11	None	GENOMAD.002961.VV	2.089e-13	67	0	0	1	2561	Caudoviricetes	NA	NA	PF04233;COG5585;TIGR01641	NAD+--asparagine ADP-ribosyltransferase
k127_99100_1	1	342	342	-1	0.278	11	ATA	NA	NA	NA	0	0	0	1	NA	NA	NA	NA	NA
k127_99100_2	425	982	558	-1	0.285	11	TATA	GENOMAD.023316.VV	1.456e-13	71	0	0	1	2561	Caudoviricetes	NA	NA	PF03167;PF18906;TIGR00758;COG1573;K21929	uracil-DNA glycosylase, family 4
k127_219734_1	2	523	522	-1	0.398	11	None	GENOMAD.028430.VV	0.0001311	44	0	0	0	2561	Caudoviricetes	NA	NA	PF10651	BppU N-terminal domain
k127_219734_2	549	1175	627	-1	0.396	11	None	GENOMAD.046448.VV	2.055e-42	156	0	0	1	2561	Caudoviricetes	NA	NA	PF05521;COG5614;TIGR01563	Bacteriophage head-tail adaptor
k127_69056_1	3	323	321	-1	0.660	11	None	GENOMAD.053100.VV	2.697e-20	87	0	0	1	1	NA	NA	NA	PF16510	Phage P22-like portal protein
k127_189452_1	3	887	885	1	0.713	11	None	GENOMAD.068590.VV	7.385e-16	81	0	0	1	2561	Caudoviricetes	NA	NA	PF13871;PF11242;K11654;TIGR00721	C-terminal domain on Strawberry notch homologue
k127_69252_1	1	378	378	1	0.471	11	None	GENOMAD.036231.VV	1.833e-24	100	0	0	1	2561	Caudoviricetes	NA	NA	PF13479;TIGR01618;COG2087	phage nucleotide-binding protein
k127_189662_1	1	372	372	1	0.599	11	None	GENOMAD.068048.VV	3.974e-15	73	0	0	1	2561	Caudoviricetes	NA	NA	PF20307;TIGR03600;K02314;COG0305	phage replicative helicase, DnaB family, HK022 subfamily
k127_249995_1	64	753	690	-1	0.670	11	None	GENOMAD.068048.VV	9.022e-16	79	0	0	1	2561	Caudoviricetes	NA	NA	PF20307;TIGR03600;K02314;COG0305	phage replicative helicase, DnaB family, HK022 subfamily
k127_250037_1	16	312	297	-1	0.404	11	TAAA	GENOMAD.191900.VV	3.491e-06	46	0	0	1	1	NA	NA	NA	PF06946	Bacteriophage A118-like holin, Hol118
k127_39139_1	1	624	624	-1	0.721	11	None	NA	NA	NA	0	0	0	1	NA	NA	NA	NA	NA
k127_39139_2	660	971	312	-1	0.641	11	AGxAGG/AGGxGG	GENOMAD.074476.VV	1.661e-23	96	0	0	0	2561	Caudoviricetes	NA	NA	NA	NA
k127_39139_3	968	1474	507	-1	0.679	11	AGGAG	NA	NA	NA	0	0	0	1	NA	NA	NA	NA	NA
k127_39139_4	1478	2884	1407	-1	0.698	11	GGA/GAG/AGG	GENOMAD.167887.VP	3.011e-33	138	0	0	1	2561	Caudoviricetes	NA	NA	PF04860;TIGR01537;COG4383	phage portal protein, HK97 family
k127_39139_5	2889	3140	252	-1	0.750	11	GGAG/GAGG	NA	NA	NA	0	0	0	1	NA	NA	NA	NA	NA
k127_39139_6	3182	4885	1704	-1	0.747	11	None	GENOMAD.037086.VV	7.657e-70	251	0	0	1	2561	Caudoviricetes	NA	NA	PF20441;PF03354;COG4626;TIGR01547	Phage terminase-like protein, large subunit, contains N-terminal HTH domain
k127_39139_7	4882	5295	414	-1	0.734	11	GGAGG	NA	NA	NA	0	0	0	1	NA	NA	NA	NA	NA
k127_159885_1	1	498	498	-1	0.440	11	None	GENOMAD.073593.VV	2.901e-18	84	0	0	1	10778	Baculoviridae	NA	NA	PF03041;K21244	lef-2
k127_220512_1	3	407	405	1	0.494	11	None	GENOMAD.062364.VV	2.521e-05	45	0	0	1	2561	Caudoviricetes	NA	NA	COG5283	Phage-related tail protein
k127_250673_1	53	322	270	-1	0.607	11	None	GENOMAD.068048.VV	6.399e-12	62	0	0	1	2561	Caudoviricetes	NA	NA	PF20307;TIGR03600;K02314;COG0305	phage replicative helicase, DnaB family, HK022 subfamily
k127_100117_1	3	332	330	1	0.415	11	None	GENOMAD.087146.VV	3.041e-28	110	0	0	1	2561	Caudoviricetes	NA	NA	PF05065;COG4653	Phage capsid family
k127_9822_1	42	347	306	1	0.314	11	TAAAAA	GENOMAD.061571.VV	1.457e-39	142	0	0	1	2561	Caudoviricetes	NA	NA	COG3747;TIGR01558;K21510	Phage terminase, small subunit
k127_9822_2	362	1960	1599	1	0.372	11	TAA	GENOMAD.133889.VP	2.609e-92	316	0	0	1	2561	Caudoviricetes	NA	NA	COG4626	Phage terminase-like protein, large subunit, contains N-terminal HTH domain
k127_9943_1	1	327	327	-1	0.358	11	AGGAG	NA	NA	NA	0	0	0	1	NA	NA	NA	NA	NA
k127_9943_2	496	738	243	-1	0.465	11	AGGAG	GENOMAD.223394.VP	1.227e-16	75	0	0	1	2561	Caudoviricetes	NA	NA	PF04688;TIGR01592	holin, SPP1 family
k127_100403_1	2	1666	1665	1	0.660	11	None	GENOMAD.114528.VV	4.123e-09	62	0	0	1	2561	Caudoviricetes	NA	NA	PF11134	Phage stabilisation protein
k127_100403_2	1663	1884	222	1	0.640	11	None	NA	NA	NA	0	0	0	1	NA	NA	NA	NA	NA
k127_100403_3	1901	2485	585	1	0.684	11	AGGA	NA	NA	NA	0	0	0	1	NA	NA	NA	NA	NA
k127_281546_1	1	99	99	1	0.253	4	None	NA	NA	NA	0	0	0	1	NA	NA	NA	NA	NA
k127_281546_2	165	533	369	1	0.379	4	AGGAG	GENOMAD.013974.VV	1.019e-12	66	0	0	1	2561	Caudoviricetes	NA	NA	PF20036;TIGR04387	major capsid protein, N4-gp56 family
k127_10436_1	1	429	429	-1	0.352	11	GGAG/GAGG	GENOMAD.096761.VP	3.867e-57	195	0	0	1	2561	Caudoviricetes	NA	NA	PF04630;TIGR01603	Phage tail tube protein
k127_70923_1	2	154	153	1	0.255	11	None	GENOMAD.105336.VP	2.532e-11	58	0	0	0	2561	Caudoviricetes	NA	NA	PF05657	NA
k127_70923_2	155	583	429	1	0.366	11	GGAG/GAGG	GENOMAD.096761.VP	1.915e-56	193	0	0	1	2561	Caudoviricetes	NA	NA	PF04630;TIGR01603	Phage tail tube protein
k127_191427_1	1	183	183	-1	0.432	11	None	GENOMAD.078056.VV	1.559e-20	85	0	0	1	10778	Baculoviridae	NA	NA	PF10717	Occlusion-derived virus envelope protein ODV-E18
k127_191427_2	187	315	129	-1	0.310	11	None	NA	NA	NA	0	0	0	1	NA	NA	NA	NA	NA
k127_40762_1	1	294	294	1	0.677	11	None	GENOMAD.121529.VV	0.000184	41	0	0	1	2561	Caudoviricetes	NA	NA	PF10934;COG3628;K06903;TIGR03357	Phage baseplate assembly protein W
k127_191487_1	2	151	150	-1	0.687	11	None	NA	NA	NA	0	0	0	1	NA	NA	NA	NA	NA
k127_191487_2	166	450	285	-1	0.688	11	None	GENOMAD.068048.VV	8.817e-11	59	0	0	1	2561	Caudoviricetes	NA	NA	PF20307;TIGR03600;K02314;COG0305	phage replicative helicase, DnaB family, HK022 subfamily
k127_71180_1	3	305	303	-1	0.290	11	None	GENOMAD.004494.VV	1.408e-16	76	0	0	1	2561	Caudoviricetes	NA	NA	PF05133;TIGR01538	phage portal protein, SPP1 family
k127_101290_1	2	388	387	1	0.413	11	None	GENOMAD.129891.VP	1.98e-16	77	0	0	1	2561	Caudoviricetes	NA	NA	COG5280	Phage-related minor tail protein
k127_101326_1	2	1576	1575	1	0.411	11	None	GENOMAD.127450.VV	2.603e-68	245	0	0	1	2561	Caudoviricetes	NA	NA	COG5280	Phage-related minor tail protein
k127_191778_1	2	694	693	1	0.367	11	None	GENOMAD.078785.VV	3.431e-65	223	0	0	1	2561	Caudoviricetes	NA	NA	PF04860;TIGR01537;COG4695	phage portal protein, HK97 family
k127_191778_2	691	981	291	1	0.333	11	AGGAGG	GENOMAD.096083.VP	1.108e-09	56	0	0	0	2561	Caudoviricetes	NA	NA	PF00574;K01358;TIGR00493;COG0740	ATP-dependent Clp endopeptidase, proteolytic subunit ClpP
k127_222041_1	3	305	303	1	0.373	11	None	GENOMAD.100198.VP	2.371e-26	104	0	0	1	2561	Caudoviricetes	NA	NA	PF04883;TIGR01725;COG5005	phage protein, HK97 gp10 family
k127_10992_1	3	344	342	-1	0.442	11	None	GENOMAD.078785.VV	1.799e-35	131	0	0	1	2561	Caudoviricetes	NA	NA	PF04860;TIGR01537;COG4695	phage portal protein, HK97 family
k127_101542_1	2	697	696	1	0.386	11	None	GENOMAD.071089.VV	8.183e-83	274	0	0	1	10778	Baculoviridae	NA	NA	PF04941	Late expression factor 8 (LEF-8)
k127_71836_1	3	455	453	1	0.439	11	None	GENOMAD.078785.VV	9.297e-60	203	0	0	1	2561	Caudoviricetes	NA	NA	PF04860;TIGR01537;COG4695	phage portal protein, HK97 family
k127_71904_1	1	306	306	1	0.392	11	None	GENOMAD.072650.VV	4.1e-53	181	0	0	1	10778	Baculoviridae	NA	NA	PF05815	Autographa californica nuclear polyhedrosis virus (AcMNPV), Orf101
k127_222645_1	1	573	573	1	0.651	11	None	GENOMAD.151139.VP	2.163e-23	100	0	0	1	2561	Caudoviricetes	NA	NA	PF14594;COG4379	Siphovirus ReqiPepy6 Gp37-like protein
k127_41832_1	2	859	858	-1	0.632	11	None	GENOMAD.053137.VV	6.855e-22	99	0	0	1	2561	Caudoviricetes	NA	NA	PF17482	Phage tail sheath C-terminal domain
k127_132680_1	3	302	300	1	0.623	11	None	GENOMAD.063726.VV	4.112e-13	66	0	0	1	2561	Caudoviricetes	NA	NA	PF04586;COG3740;TIGR01543	Phage head maturation protease
k127_41904_1	1	522	522	1	0.379	11	None	GENOMAD.004008.VV	1.947e-45	163	0	0	1	2561	Caudoviricetes	NA	NA	PF04860;TIGR01537;COG4695	phage portal protein, HK97 family
k127_72198_1	1	150	150	-1	0.500	11	None	NA	NA	NA	0	0	0	1	NA	NA	NA	NA	NA
k127_72198_2	187	1074	888	1	0.409	11	TAAA	GENOMAD.071101.VV	6.405e-152	477	0	0	1	10778	Baculoviridae	NA	NA	PF05094	Late expression factor 9 (LEF-9)
k127_223033_1	3	347	345	-1	0.435	4	None	GENOMAD.067497.VV	6.916e-38	138	0	0	1	10778	Baculoviridae	NA	NA	PF04631	Per os infectivity factor 2
k127_223033_2	399	518	120	-1	0.350	4	None	NA	NA	NA	0	0	0	1	NA	NA	NA	NA	NA
k127_283227_1	1	369	369	1	0.694	11	None	GENOMAD.072479.VV	1.671e-06	48	0	0	1	1	NA	NA	NA	PF20198	Sm_like domain
k127_162871_1	30	416	387	1	0.475	11	GGxGG	GENOMAD.085853.VP	2.134e-05	45	0	0	1	2561	Caudoviricetes	NA	NA	PF06605;PF18994;TIGR01665;COG4926	phage minor structural protein, N-terminal region
k127_162983_1	3	326	324	-1	0.679	11	None	GENOMAD.033798.VV	2.543e-21	90	0	0	1	2561	Caudoviricetes	NA	NA	PF11134	Phage stabilisation protein
k127_253522_1	3	626	624	1	0.710	11	None	GENOMAD.068590.VV	1.158e-29	119	0	0	1	2561	Caudoviricetes	NA	NA	PF13871;PF11242;K11654;TIGR00721	C-terminal domain on Strawberry notch homologue
k127_72968_1	3	386	384	1	0.398	11	None	GENOMAD.071101.VV	5.752e-54	185	0	0	1	10778	Baculoviridae	NA	NA	PF05094	Late expression factor 9 (LEF-9)
k127_12620_1	64	273	210	-1	0.443	11	TAA	GENOMAD.073864.VV	0.0001353	40	0	0	0	1	NA	NA	NA	NA	NA
k127_12620_2	286	1575	1290	-1	0.400	11	None	NA	NA	NA	0	0	0	1	NA	NA	NA	NA	NA
k127_12620_3	1535	2317	783	-1	0.363	11	None	NA	NA	NA	0	0	0	1	NA	NA	NA	NA	NA
k127_12620_4	2314	2520	207	-1	0.420	11	None	NA	NA	NA	0	0	0	1	NA	NA	NA	NA	NA
k127_193569_1	1	306	306	-1	0.310	11	AGGAGG	GENOMAD.133594.VV	1.953e-21	90	0	0	1	2561	Caudoviricetes	NA	NA	PF04586;COG3740;K06904;TIGR01543	Phage head maturation protease
k127_193569_2	284	1063	780	-1	0.350	11	None	GENOMAD.004008.VV	9.049e-86	284	0	0	1	2561	Caudoviricetes	NA	NA	PF04860;TIGR01537;COG4695	phage portal protein, HK97 family
k127_193587_1	3	308	306	-1	0.703	11	None	GENOMAD.119462.VV	6.593e-17	77	0	0	1	2561	Caudoviricetes	NA	NA	TIGR01543	phage prohead protease, HK97 family
k127_193612_1	27	434	408	-1	0.635	11	None	GENOMAD.076709.VV	5.052e-17	79	0	0	1	2561	Caudoviricetes	NA	NA	PF20441	Terminase large subunit, endonuclease domain
k127_12832_1	3	512	510	-1	0.708	11	None	GENOMAD.013210.VV	3.321e-18	84	0	0	1	2561	Caudoviricetes	NA	NA	PF00211;PF08994;PF08993;COG2114	Adenylate and Guanylate cyclase catalytic domain; T4 gene Gp59 loader of gp41 DNA helicase C-term; T4 gene Gp59 loader of gp41 DNA helicase
k127_254198_1	2	565	564	1	0.668	11	None	GENOMAD.013210.VV	2.464e-19	88	0	0	1	2561	Caudoviricetes	NA	NA	PF00211;PF08994;PF08993;COG2114	Adenylate and Guanylate cyclase catalytic domain; T4 gene Gp59 loader of gp41 DNA helicase C-term; T4 gene Gp59 loader of gp41 DNA helicase
k127_254198_2	562	711	150	1	0.700	11	None	NA	NA	NA	0	0	0	1	NA	NA	NA	NA	NA
k127_13081_1	3	575	573	1	0.365	11	None	GENOMAD.029481.VV	0.0007719	42	0	0	0	2561	Caudoviricetes	NA	NA	NA	NA
k127_13081_2	591	917	327	1	0.382	11	AGGAGG	GENOMAD.196934.VC	3.788e-09	55	0	0	1	1	NA	NA	NA	PF06946	Bacteriophage A118-like holin, Hol118
k127_13081_3	946	1545	600	1	0.417	11	GGA/GAG/AGG	NA	NA	NA	0	0	0	1	NA	NA	NA	NA	NA
k127_194444_1	1	1083	1083	-1	0.476	11	AGGAGG	GENOMAD.094997.VV	7.015e-14	76	0	0	0	2561	Caudoviricetes	NA	NA	PF16203;K19789;COG3189	Uncharacterized conserved protein YeaO, DUF488 family
k127_194444_2	1080	1820	741	-1	0.464	11	GGAG/GAGG	GENOMAD.036231.VV	5.872e-57	200	0	0	1	2561	Caudoviricetes	NA	NA	PF13479;TIGR01618;COG2087	phage nucleotide-binding protein
k127_194444_3	1817	2296	480	-1	0.446	11	AGGAGG	GENOMAD.198195.VP	9.449e-07	50	0	0	0	2561	Caudoviricetes	NA	NA	PF05565;COG4396	Siphovirus Gp157
k127_194444_4	2317	2493	177	-1	0.384	11	AGGAGG	NA	NA	NA	0	0	0	1	NA	NA	NA	NA	NA
k127_194444_5	2516	2980	465	-1	0.501	11	None	NA	NA	NA	0	0	0	1	NA	NA	NA	NA	NA
k127_74043_1	3	683	681	-1	0.646	11	None	GENOMAD.068048.VV	8.426e-17	82	0	0	1	2561	Caudoviricetes	NA	NA	PF20307;TIGR03600;K02314;COG0305	phage replicative helicase, DnaB family, HK022 subfamily
k127_134682_1	2	316	315	-1	0.581	11	None	GENOMAD.141431.VP	3.298e-25	101	0	0	1	2561	Caudoviricetes	NA	NA	PF04466;TIGR01547;COG1783	Phage terminase large subunit
k127_284917_1	2	355	354	-1	0.678	11	None	GENOMAD.147017.VP	4.341e-28	110	0	0	1	2561	Caudoviricetes	NA	NA	PF04466;TIGR01547;COG1783	Phage terminase large subunit
k127_43853_1	1	117	117	1	0.393	11	None	NA	NA	NA	0	0	0	1	NA	NA	NA	NA	NA
k127_43853_2	148	444	297	1	0.310	11	AAAA	GENOMAD.100732.VV	3.553e-14	69	0	0	1	10778	Baculoviridae	NA	NA	PF10860	NA
k127_104279_1	2	1495	1494	-1	0.697	11	GGxGG	GENOMAD.114707.VP	2.775e-16	85	0	0	0	2561	Caudoviricetes	NA	NA	COG5412	Phage-related protein
k127_104279_2	1513	1947	435	-1	0.722	11	GGxGG	GENOMAD.042635.VV	5.961e-19	85	0	0	1	2561	Caudoviricetes	NA	NA	PF11114;TIGR01725;COG5005	phage protein, HK97 gp10 family
k127_74251_1	3	362	360	1	0.658	11	None	GENOMAD.034519.VV	3.162e-24	99	0	0	1	2561	Caudoviricetes	NA	NA	PF05136;TIGR01537;COG4695	phage portal protein, HK97 family
k127_74273_1	1	567	567	1	0.707	11	None	GENOMAD.057710.VV	3.677e-05	46	0	0	1	2561	Caudoviricetes	NA	NA	PF00589;PF04860;K07358;TIGR01537	Phage integrase family; Phage portal protein
k127_194693_1	3	320	318	1	0.632	11	None	GENOMAD.068048.VV	4.3e-15	72	0	0	1	2561	Caudoviricetes	NA	NA	PF20307;TIGR03600;K02314;COG0305	phage replicative helicase, DnaB family, HK022 subfamily
k127_164850_1	2	352	351	-1	0.644	11	None	GENOMAD.151371.VP	3.39e-22	93	0	0	1	2561	Caudoviricetes	NA	NA	PF04233	Phage Mu protein F like protein
k127_13974_1	2	1012	1011	-1	0.408	11	None	GENOMAD.016208.VV	3.317e-108	353	0	0	1	2561	Caudoviricetes	NA	NA	PF20441;COG4626;TIGR01554	Phage terminase-like protein, large subunit, contains N-terminal HTH domain
k127_135501_1	97	504	408	-1	0.659	11	GGAG/GAGG	GENOMAD.094772.VV	8.57e-20	87	0	0	1	1	NA	NA	NA	PF06222	Phage tail assembly chaperone
k127_135501_2	549	947	399	-1	0.634	11	GGA/GAG/AGG	GENOMAD.015071.VV	3.322e-37	137	0	0	1	2561	Caudoviricetes	NA	NA	PF06199;TIGR02126;COG5437	phage major tail protein, TP901-1 family
k127_135501_3	952	1359	408	-1	0.640	11	GGxGG	GENOMAD.028092.VV	2.511e-33	126	0	0	0	2561	Caudoviricetes	NA	NA	NA	NA
k127_135501_4	1359	2009	651	-1	0.702	11	GGA/GAG/AGG	GENOMAD.080602.VV	2.732e-32	127	0	0	1	2561	Caudoviricetes	NA	NA	PF05135;TIGR02215	phage conserved hypothetical protein, phiE125 gp8 family
k127_135501_5	2019	2900	882	-1	0.751	11	AGGA	NA	NA	NA	0	0	0	1	NA	NA	NA	NA	NA
k127_135501_6	2920	4353	1434	-1	0.719	11	GGAG/GAGG	GENOMAD.064449.VV	1.348e-150	483	0	0	1	2561	Caudoviricetes	NA	NA	PF05065;TIGR01554;COG4653	phage major capsid protein, HK97 family
k127_135501_7	4990	5244	255	-1	0.718	11	GGA/GAG/AGG	NA	NA	NA	0	0	0	1	NA	NA	NA	NA	NA
k127_135501_8	5256	5393	138	-1	0.623	11	GGA/GAG/AGG	NA	NA	NA	0	0	0	1	NA	NA	NA	NA	NA
k127_135501_9	5390	5812	423	-1	0.693	11	None	GENOMAD.220282.VP	3.919e-22	94	0	0	1	1	NA	NA	NA	PF20223;PF03420	Prohead core protein serine protease
k127_135620_1	1	819	819	1	0.516	11	None	GENOMAD.142933.VP	1.95e-83	278	0	0	1	1	NA	NA	NA	COG3740;K06904	Phage head maturation protease
k127_165730_1	2	415	414	-1	0.621	11	None	GENOMAD.098843.VV	5.966e-05	44	0	0	1	2561	Caudoviricetes	NA	NA	TIGR01537;COG4695	phage portal protein, HK97 family
k127_165767_1	3	509	507	1	0.394	11	None	GENOMAD.073448.VV	2.272e-41	151	0	0	1	10778	Baculoviridae	NA	NA	PF04838;PF11792	Baculoviridae late expression factor 5; Baculoviridae late expression factor 5 C-terminal domain
k127_14824_1	2	346	345	1	0.707	11	None	GENOMAD.153532.VC	0.0001504	42	0	0	1	2561	Caudoviricetes	NA	NA	PF09293	T4 RNase H, C terminal
k127_195927_1	36	662	627	1	0.651	11	None	GENOMAD.147369.VP	5.445e-16	79	0	0	1	2561	Caudoviricetes	NA	NA	PF09355;COG5632	Phage protein Gp19/Gp15/Gp42
k127_256400_1	3	377	375	-1	0.677	11	None	GENOMAD.053137.VV	1.405e-18	83	0	0	1	2561	Caudoviricetes	NA	NA	PF17482	Phage tail sheath C-terminal domain
k127_45475_1	1	423	423	-1	0.331	11	None	GENOMAD.036328.VV	1.401e-16	78	0	0	1	2561	Caudoviricetes	NA	NA	PF05709;COG4722;TIGR01633	Phage-related protein
k127_45476_1	2	340	339	-1	0.711	11	None	GENOMAD.116501.VP	7.771e-20	86	0	0	1	2561	Caudoviricetes	NA	NA	PF05136;TIGR01539;COG5511	phage portal protein, lambda family
k127_226575_1	44	307	264	-1	0.636	11	None	GENOMAD.153322.VP	2.28e-06	46	0	0	1	2561	Caudoviricetes	NA	NA	PF10124;COG4397	Mu-like prophage major head subunit gpT
k127_226576_1	3	482	480	-1	0.360	11	GGAGG	GENOMAD.090257.VV	1.332e-34	131	0	0	1	2561	Caudoviricetes	NA	NA	PF05709;COG4722;TIGR01633	Phage tail protein
k127_226576_2	472	582	111	-1	0.405	11	None	NA	NA	NA	0	0	0	1	NA	NA	NA	NA	NA
k127_106099_1	1	822	822	-1	0.584	11	None	GENOMAD.004274.VV	9.998e-64	221	0	0	1	2561	Caudoviricetes	NA	NA	PF12236	Bacteriophage head to tail connecting protein
k127_45721_1	1	213	213	1	0.596	11	None	NA	NA	NA	0	0	0	1	NA	NA	NA	NA	NA
k127_45721_2	210	497	288	1	0.569	11	AGGAG	GENOMAD.017632.VV	3.582e-05	43	0	0	1	2561	Caudoviricetes	NA	NA	PF03354;COG5410;TIGR01547	phage terminase, large subunit, PBSX family
k127_76223_1	3	440	438	-1	0.370	11	None	GENOMAD.088359.VV	7.949e-84	272	0	0	1	2561	Caudoviricetes	NA	NA	PF05065;PF18316;PF17078;TIGR01554;COG4653	phage major capsid protein, HK97 family
k127_136930_1	3	170	168	1	0.661	11	None	NA	NA	NA	0	0	0	1	NA	NA	NA	NA	NA
k127_136930_2	167	373	207	1	0.700	11	None	NA	NA	NA	0	0	0	1	NA	NA	NA	NA	NA
k127_136930_3	354	767	414	1	0.732	11	GGAG/GAGG	NA	NA	NA	0	0	0	1	NA	NA	NA	NA	NA
k127_136930_4	770	1066	297	1	0.731	11	GGAGG	NA	NA	NA	0	0	0	1	NA	NA	NA	NA	NA
k127_136930_5	1063	1413	351	1	0.764	11	GGA/GAG/AGG	NA	NA	NA	0	0	0	1	NA	NA	NA	NA	NA
k127_136930_6	1447	1932	486	1	0.763	11	GGAGG	NA	NA	NA	0	0	0	1	NA	NA	NA	NA	NA
k127_136930_7	1954	3132	1179	1	0.694	11	AGGAG	GENOMAD.030599.VV	8.572e-20	95	0	0	0	2561	Caudoviricetes	NA	NA	NA	NA
k127_46159_1	2	367	366	1	0.658	11	None	GENOMAD.226386.VP	1.568e-06	48	0	0	1	1	NA	NA	NA	PF09018	P3 major capsid protein
k127_197113_1	131	1225	1095	1	0.465	11	ATA	GENOMAD.090257.VV	3.183e-72	250	0	0	1	2561	Caudoviricetes	NA	NA	PF05709;COG4722;TIGR01633	Phage tail protein
k127_106774_1	3	323	321	1	0.657	11	None	GENOMAD.191910.VP	3.648e-09	55	0	0	1	2561	Caudoviricetes	NA	NA	PF20441	Terminase large subunit, endonuclease domain
k127_197222_1	2	304	303	-1	0.696	11	None	GENOMAD.010978.VV	1.438e-08	53	0	0	1	2561	Caudoviricetes	NA	NA	PF11041;COG4385;TIGR02242	Bacteriophage Mu-like, Gp48
k127_167341_1	2	586	585	1	0.468	11	None	GENOMAD.133889.VP	3.14e-49	175	0	0	1	2561	Caudoviricetes	NA	NA	COG4626	Phage terminase-like protein, large subunit, contains N-terminal HTH domain
k127_167341_2	599	895	297	1	0.444	11	GGAG/GAGG	GENOMAD.100727.VV	2.76e-16	75	0	0	1	2561	Caudoviricetes	NA	NA	PF05135;TIGR01560	Phage gp6-like head-tail connector protein
k127_167341_3	882	1256	375	1	0.488	11	AGGAGG	GENOMAD.046186.VV	9.618e-55	187	0	0	1	2561	Caudoviricetes	NA	NA	PF05521;COG5614;TIGR01563	Bacteriophage head-tail adaptor
k127_167341_4	1247	1627	381	1	0.499	11	GGAGG	GENOMAD.050629.VV	3.505e-26	105	0	0	1	2561	Caudoviricetes	NA	NA	COG5005;TIGR01725	NA
k127_257859_1	1	189	189	-1	0.593	11	GGA/GAG/AGG	NA	NA	NA	0	0	0	1	NA	NA	NA	NA	NA
k127_257859_2	204	377	174	-1	0.580	11	None	GENOMAD.096766.VV	5.957e-07	46	0	0	1	2561	Caudoviricetes	NA	NA	PF11114;TIGR01725;COG5005	phage protein, HK97 gp10 family
k127_257916_1	2	202	201	-1	0.607	11	GGAG/GAGG	GENOMAD.008443.VV	4.664e-13	64	0	0	1	2561	Caudoviricetes	NA	NA	PF05766;PF06508;TIGR00434;COG0175	Bacteriophage Lambda NinG protein; Queuosine biosynthesis protein QueC
k127_257916_2	199	303	105	-1	0.629	11	None	NA	NA	NA	0	0	0	1	NA	NA	NA	NA	NA
k127_137962_1	2	130	129	-1	0.403	11	GGAG/GAGG	GENOMAD.079335.VV	1.376e-13	64	0	0	0	2561	Caudoviricetes	NA	NA	PF16478	Phage tail tube protein, GTA-gp10
k127_137962_2	152	514	363	-1	0.424	11	None	GENOMAD.162335.VP	1.927e-29	114	0	0	1	2561	Caudoviricetes	NA	NA	PF16463;COG5437;TIGR02126	Phage tail tube protein family
k127_137967_1	2	1528	1527	-1	0.489	11	None	GENOMAD.106245.VV	1.769e-13	76	0	0	0	2561	Caudoviricetes	NA	NA	PF00692;PF14902;TIGR00576;COG0756	deoxyuridine 5'-triphosphate nucleotidohydrolase (dut)
k127_137967_2	1735	2052	318	-1	0.560	11	None	NA	NA	NA	0	0	0	1	NA	NA	NA	NA	NA
k127_137967_3	2086	2793	708	-1	0.520	11	None	NA	NA	NA	0	0	0	1	NA	NA	NA	NA	NA
k127_137967_4	2777	2956	180	-1	0.483	11	None	NA	NA	NA	0	0	0	1	NA	NA	NA	NA	NA
k127_16847_1	2	325	324	1	0.691	11	None	GENOMAD.068048.VV	3.818e-17	78	0	0	1	2561	Caudoviricetes	NA	NA	PF20307;TIGR03600;K02314;COG0305	phage replicative helicase, DnaB family, HK022 subfamily
k127_107504_1	2	595	594	1	0.657	11	None	GENOMAD.068048.VV	1.622e-18	86	0	0	1	2561	Caudoviricetes	NA	NA	PF20307;TIGR03600;K02314;COG0305	phage replicative helicase, DnaB family, HK022 subfamily
k127_167943_1	2	376	375	1	0.667	11	None	GENOMAD.174531.VV	1.655e-07	51	0	0	1	1	NA	NA	NA	PF01696;TIGR03808	Adenovirus EB1 55K protein / large t-antigen
k127_258163_1	3	1106	1104	-1	0.692	11	None	GENOMAD.068048.VV	4.46e-16	83	0	0	1	2561	Caudoviricetes	NA	NA	PF20307;TIGR03600;K02314;COG0305	phage replicative helicase, DnaB family, HK022 subfamily
k127_198011_1	2	127	126	-1	0.444	11	TAAAAA	NA	NA	NA	0	0	0	1	NA	NA	NA	NA	NA
k127_198011_2	129	380	252	-1	0.357	11	None	GENOMAD.012592.VV	2.17e-05	43	0	0	1	9067	Straboviridae	NA	NA	PF06841;TIGR02241	T4-like virus tail tube protein gp19
k127_228351_1	3	365	363	1	0.614	11	None	GENOMAD.063098.VV	3.108e-07	50	0	0	1	2561	Caudoviricetes	NA	NA	PF11126	Transcriptional regulator DsbA
k127_17218_1	3	812	810	1	0.398	11	None	GENOMAD.071089.VV	6.384e-113	363	0	0	1	10778	Baculoviridae	NA	NA	PF04941	Late expression factor 8 (LEF-8)
k127_17398_1	2	511	510	1	0.567	11	None	GENOMAD.114517.VV	2.118e-12	67	0	0	1	2561	Caudoviricetes	NA	NA	PF08748	Phage tail assembly chaperone
k127_78544_1	3	314	312	1	0.304	11	None	GENOMAD.003968.VV	2.177e-13	67	0	0	1	2561	Caudoviricetes	NA	NA	PF06152;COG5585;TIGR01641	NAD+--asparagine ADP-ribosyltransferase
k127_289344_1	2	121	120	1	0.625	11	None	NA	NA	NA	0	0	0	1	NA	NA	NA	NA	NA
k127_289344_2	118	372	255	1	0.631	11	None	GENOMAD.161999.VV	2.918e-25	100	0	0	1	2561	Caudoviricetes	NA	NA	PF05894;K06909;TIGR01547;COG1783	Podovirus DNA encapsidation protein (Gp16)
k127_139355_1	1	348	348	-1	0.609	11	None	GENOMAD.192935.VP	1.227e-07	51	0	0	1	2561	Caudoviricetes	NA	NA	PF07141;COG2826;TIGR02844	Putative bacteriophage terminase small subunit
k127_78689_1	3	512	510	1	0.661	11	None	GENOMAD.068048.VV	9.949e-13	68	0	0	1	2561	Caudoviricetes	NA	NA	PF20307;TIGR03600;K02314;COG0305	phage replicative helicase, DnaB family, HK022 subfamily
k127_229343_1	1	147	147	1	0.585	11	None	NA	NA	NA	0	0	0	1	NA	NA	NA	NA	NA
k127_229343_2	134	307	174	1	0.609	11	GGAG/GAGG	GENOMAD.091556.VV	3.166e-06	44	0	0	1	2561	Caudoviricetes	NA	NA	PF19905	NA
k127_48605_1	2	634	633	1	0.414	11	None	GENOMAD.071683.VV	1.089e-41	154	0	0	1	10778	Baculoviridae	NA	NA	PF05674	Baculovirus protein of unknown function (DUF816)
k127_48605_2	655	1845	1191	-1	0.433	11	None	NA	NA	NA	0	0	0	1	NA	NA	NA	NA	NA
k127_109062_1	1	345	345	-1	0.583	11	None	GENOMAD.224435.VP	2.853e-06	47	0	0	1	2561	Caudoviricetes	NA	NA	PF04965;K06903;COG3628;TIGR03357	Baseplate wedge protein gp25
k127_139740_1	3	467	465	-1	0.667	11	None	GENOMAD.002817.VV	5.342e-34	129	0	0	1	2561	Caudoviricetes	NA	NA	COG3941	Phage tail tape-measure protein, controls tail length
k127_229700_1	1	420	420	-1	0.650	11	None	GENOMAD.166399.VC	2.878e-05	45	0	0	1	2561	Caudoviricetes	NA	NA	PF04860;TIGR01537;COG4695	phage portal protein, HK97 family
k127_199636_1	168	626	459	1	0.621	11	GGAGG	GENOMAD.063098.VV	8.137e-07	50	0	0	1	2561	Caudoviricetes	NA	NA	PF11126	Transcriptional regulator DsbA
k127_109322_1	2	172	171	1	0.269	4	None	GENOMAD.105336.VP	4.267e-16	72	0	0	0	2561	Caudoviricetes	NA	NA	PF05657	NA
k127_109322_2	172	357	186	1	0.360	4	GGAG/GAGG	GENOMAD.103542.VP	3.25e-14	67	0	0	1	2561	Caudoviricetes	NA	NA	PF06488;TIGR01603	phage major tail protein, phi13 family
k127_48893_1	2	481	480	1	0.717	11	None	GENOMAD.068048.VV	1.521e-13	70	0	0	1	2561	Caudoviricetes	NA	NA	PF20307;TIGR03600;K02314;COG0305	phage replicative helicase, DnaB family, HK022 subfamily
k127_140035_1	27	497	471	1	0.495	11	AGGA	GENOMAD.062364.VV	1.382e-13	70	0	0	1	2561	Caudoviricetes	NA	NA	COG5283	Phage-related tail protein
k127_79416_1	3	338	336	1	0.574	11	None	GENOMAD.108416.VP	6.737e-21	89	0	0	1	2561	Caudoviricetes	NA	NA	PF11863;COG4386	Mu-like prophage tail sheath protein gpL
k127_199929_1	27	491	465	-1	0.677	11	None	GENOMAD.068048.VV	5.297e-15	74	0	0	1	2561	Caudoviricetes	NA	NA	PF20307;TIGR03600;K02314;COG0305	phage replicative helicase, DnaB family, HK022 subfamily
k127_49179_1	1	384	384	-1	0.674	11	None	GENOMAD.053137.VV	2.086e-15	74	0	0	1	2561	Caudoviricetes	NA	NA	PF17482	Phage tail sheath C-terminal domain
k127_199991_1	3	428	426	1	0.716	11	None	GENOMAD.096808.VV	3.393e-33	126	0	0	1	2561	Caudoviricetes	NA	NA	PF05136;TIGR01539;COG5511	phage portal protein, lambda family
k127_49237_1	1	756	756	-1	0.394	4	None	GENOMAD.100732.VV	8.136e-34	133	0	0	1	10778	Baculoviridae	NA	NA	PF10860	NA
k127_230289_1	1	363	363	-1	0.410	11	None	GENOMAD.133889.VP	5.373e-19	84	0	0	1	2561	Caudoviricetes	NA	NA	COG4626	Phage terminase-like protein, large subunit, contains N-terminal HTH domain
k127_170071_1	1	387	387	1	0.419	11	None	NA	NA	NA	0	0	0	1	NA	NA	NA	NA	NA
k127_170071_2	415	1431	1017	1	0.385	11	None	GENOMAD.026964.VV	3.765e-40	155	0	0	1	2561	Caudoviricetes	NA	NA	PF05133;TIGR01542	phage portal protein, putative, A118 family
k127_200152_1	1	336	336	1	0.616	11	None	GENOMAD.220518.VV	9.07e-26	103	0	0	1	2561	Caudoviricetes	NA	NA	PF03420	Prohead core protein serine protease
k127_170122_1	2	127	126	1	0.389	11	None	NA	NA	NA	0	0	0	1	NA	NA	NA	NA	NA
k127_170122_2	165	1859	1695	1	0.363	11	ATA	GENOMAD.179276.VP	4.476e-245	761	0	0	1	2561	Caudoviricetes	NA	NA	PF20441;COG4626	Phage terminase-like protein, large subunit, contains N-terminal HTH domain
k127_49537_1	41	628	588	1	0.706	11	GGAGG	NA	NA	NA	0	0	0	1	NA	NA	NA	NA	NA
k127_49537_2	631	921	291	1	0.729	11	AGGAG	NA	NA	NA	0	0	0	1	NA	NA	NA	NA	NA
k127_49537_3	924	2543	1620	1	0.723	11	None	GENOMAD.193133.VV	1.392e-15	83	0	0	0	2561	Caudoviricetes	NA	NA	NA	NA
k127_49537_4	2543	2794	252	1	0.738	11	GGxGG	NA	NA	NA	0	0	0	1	NA	NA	NA	NA	NA
k127_49537_5	2806	3558	753	-1	0.734	11	GGAGG	NA	NA	NA	0	0	0	1	NA	NA	NA	NA	NA
k127_49537_6	3700	3990	291	1	0.739	11	GGAGG	NA	NA	NA	0	0	0	1	NA	NA	NA	NA	NA
k127_49537_7	4391	4486	96	-1	0.646	11	GGAGG	NA	NA	NA	0	0	0	1	NA	NA	NA	NA	NA
k127_49537_8	4483	4773	291	-1	0.763	11	None	NA	NA	NA	0	0	0	1	NA	NA	NA	NA	NA
k127_49537_9	4851	5438	588	-1	0.694	11	None	NA	NA	NA	0	0	0	1	NA	NA	NA	NA	NA
k127_49537_10	5443	5940	498	-1	0.663	11	GGA/GAG/AGG	GENOMAD.088415.VV	4.553e-10	60	0	0	0	2561	Caudoviricetes	NA	NA	NA	NA
k127_49537_11	5956	9435	3480	-1	0.711	11	GGxGG	GENOMAD.088844.VV	5.089e-117	410	0	0	0	2561	Caudoviricetes	NA	NA	NA	NA
k127_140596_1	1	3243	3243	1	0.511	11	None	GENOMAD.104532.VP	5.959e-69	259	0	0	0	2561	Caudoviricetes	NA	NA	NA	NA
k127_290745_1	1	75	75	1	0.560	11	None	NA	NA	NA	0	0	0	1	NA	NA	NA	NA	NA
k127_290745_2	72	440	369	1	0.593	11	GGA/GAG/AGG	GENOMAD.029467.VV	2.928e-09	56	0	0	1	1	NA	NA	NA	PF13554	Bacteriophage related domain of unknown function
k127_200416_1	1	501	501	1	0.401	11	None	GENOMAD.133889.VP	3.291e-36	136	0	0	1	2561	Caudoviricetes	NA	NA	COG4626	Phage terminase-like protein, large subunit, contains N-terminal HTH domain
k127_260750_1	3	452	450	-1	0.700	11	GGGGG	GENOMAD.070347.VV	1.175e-22	96	0	0	1	2561	Caudoviricetes	NA	NA	PF04586;K06904;COG3740;TIGR01543	Phage head maturation protease
k127_260750_2	462	605	144	-1	0.597	11	None	NA	NA	NA	0	0	0	1	NA	NA	NA	NA	NA
k127_170520_1	25	315	291	-1	0.732	11	None	GENOMAD.112793.VP	7.43e-21	88	0	0	1	2561	Caudoviricetes	NA	NA	PF14550;TIGR01543	Putative phage serine protease XkdF
k127_80174_1	3	329	327	-1	0.804	11	None	GENOMAD.042351.VV	5.167e-06	46	0	0	1	2561	Caudoviricetes	NA	NA	PF12322	T4 bacteriophage base plate protein
k127_49833_1	1	369	369	1	0.642	11	None	GENOMAD.097054.VV	1.322e-09	57	0	0	1	2561	Caudoviricetes	NA	NA	PF04233;TIGR01641	phage putative head morphogenesis protein, SPP1 gp7 family
k127_80239_1	1	585	585	-1	0.369	11	None	GENOMAD.020443.VV	2.815e-21	94	0	0	1	2561	Caudoviricetes	NA	NA	PF06152;COG5585;TIGR01641	Phage minor capsid protein 2
k127_80239_2	578	691	114	-1	0.360	11	None	NA	NA	NA	0	0	0	1	NA	NA	NA	NA	NA
k127_291374_1	3	1175	1173	-1	0.431	11	None	GENOMAD.078785.VV	3.799e-133	428	0	0	1	2561	Caudoviricetes	NA	NA	PF04860;TIGR01537;COG4695	phage portal protein, HK97 family
k127_291374_2	1138	2808	1671	-1	0.457	11	None	GENOMAD.133889.VP	9.781e-96	327	0	0	1	2561	Caudoviricetes	NA	NA	COG4626	Phage terminase-like protein, large subunit, contains N-terminal HTH domain
k127_291437_1	3	284	282	1	0.362	11	None	GENOMAD.092879.VV	1.054e-23	96	0	0	0	2561	Caudoviricetes	NA	NA	PF05657	NA
k127_291437_2	297	455	159	1	0.308	11	TAA	GENOMAD.075299.VV	3.905e-15	69	0	0	0	2561	Caudoviricetes	NA	NA	NA	NA
k127_291437_3	464	763	300	1	0.303	11	AAAA	GENOMAD.100727.VV	5.386e-10	57	0	0	1	2561	Caudoviricetes	NA	NA	PF05135;TIGR01560	Phage gp6-like head-tail connector protein
k127_291437_4	750	848	99	1	0.333	11	AAAAA	NA	NA	NA	0	0	0	1	NA	NA	NA	NA	NA
k127_110817_1	1	303	303	1	0.713	11	None	GENOMAD.072479.VV	3.898e-06	46	0	0	1	1	NA	NA	NA	PF20198	Sm_like domain
k127_261480_1	3	260	258	1	0.345	4	None	GENOMAD.223394.VP	1.725e-15	72	0	0	1	2561	Caudoviricetes	NA	NA	PF04688;TIGR01592	holin, SPP1 family
k127_261480_2	301	444	144	1	0.264	4	GGAGG	NA	NA	NA	0	0	0	1	NA	NA	NA	NA	NA
k127_111110_1	3	164	162	1	0.525	11	None	NA	NA	NA	0	0	0	1	NA	NA	NA	NA	NA
k127_111110_2	159	698	540	-1	0.478	11	GGAG/GAGG	GENOMAD.067752.VV	1.389e-51	181	0	0	1	10778	Baculoviridae	NA	NA	PF05092	Per os infectivity
k127_111110_3	710	928	219	-1	0.402	11	None	NA	NA	NA	0	0	0	1	NA	NA	NA	NA	NA
k127_261684_1	2	643	642	1	0.690	11	None	GENOMAD.121041.VV	6.745e-40	149	0	0	1	2561	Caudoviricetes	NA	NA	PF04860;TIGR01537;COG4695	phage portal protein, HK97 family
k127_231726_1	3	377	375	1	0.667	11	None	GENOMAD.087771.VV	1.778e-06	48	0	0	1	2561	Caudoviricetes	NA	NA	PF09293	T4 RNase H, C terminal
k127_231752_1	1	456	456	1	0.601	11	None	GENOMAD.099644.VP	6.104e-12	65	0	0	1	2561	Caudoviricetes	NA	NA	PF09588;COG5377;TIGR03033;K01143	Phage-related protein, predicted endonuclease
k127_20768_1	1	300	300	1	0.340	11	None	GENOMAD.123958.VP	2.046e-12	64	0	0	1	2561	Caudoviricetes	NA	NA	PF05135;TIGR01560	Phage gp6-like head-tail connector protein
k127_232470_1	2	349	348	1	0.532	11	None	GENOMAD.049842.VV	1.253e-15	74	0	0	1	2561	Caudoviricetes	NA	NA	PF04883;TIGR01725;COG5005	phage protein, HK97 gp10 family
k127_232470_2	349	693	345	1	0.467	11	AGGAG	GENOMAD.092879.VV	2.086e-26	105	0	0	0	2561	Caudoviricetes	NA	NA	PF05657	NA
k127_142700_1	1	300	300	1	0.653	11	None	GENOMAD.140636.VP	4.562e-12	63	0	0	1	1	NA	NA	NA	PF20307;TIGR03600;COG0468	phage replicative helicase, DnaB family, HK022 subfamily
k127_142757_1	2	448	447	1	0.662	11	None	GENOMAD.068048.VV	1.804e-16	78	0	0	1	2561	Caudoviricetes	NA	NA	PF20307;TIGR03600;K02314;COG0305	phage replicative helicase, DnaB family, HK022 subfamily
k127_292944_1	1	312	312	1	0.343	11	None	GENOMAD.171346.VC	1.462e-09	56	0	0	1	2561	Caudoviricetes	NA	NA	PF04860;TIGR01537;COG4695;K09961	phage portal protein, HK97 family
k127_172751_1	2	331	330	1	0.455	11	None	GENOMAD.208864.VP	8.367e-18	80	0	0	1	2561	Caudoviricetes	NA	NA	PF19307;TIGR01554;COG4653	Phage capsid-like protein
k127_233066_1	1	270	270	1	0.696	11	None	NA	NA	NA	0	0	0	1	NA	NA	NA	NA	NA
k127_233066_2	224	778	555	1	0.686	11	GGAG/GAGG	GENOMAD.151371.VP	7.772e-08	54	0	0	1	2561	Caudoviricetes	NA	NA	PF04233	Phage Mu protein F like protein
k127_263258_1	3	356	354	1	0.373	11	None	GENOMAD.133889.VP	3.742e-21	90	0	0	1	2561	Caudoviricetes	NA	NA	COG4626	Phage terminase-like protein, large subunit, contains N-terminal HTH domain
k127_263258_2	371	664	294	1	0.340	11	AGGAGG	GENOMAD.078785.VV	3.117e-38	138	0	0	1	2561	Caudoviricetes	NA	NA	PF04860;TIGR01537;COG4695	phage portal protein, HK97 family
k127_82651_1	1	726	726	1	0.457	11	None	GENOMAD.088336.VV	1.543e-30	123	0	0	1	2561	Caudoviricetes	NA	NA	PF06605;TIGR01665;COG4926	phage minor structural protein, N-terminal region
k127_113012_1	2	556	555	-1	0.661	11	None	GENOMAD.127187.VV	6.045e-16	78	0	0	1	2561	Caudoviricetes	NA	NA	PF20441;COG4626	Phage terminase-like protein, large subunit, contains N-terminal HTH domain
k127_173216_1	1	321	321	1	0.623	11	None	GENOMAD.082189.VV	6.656e-19	83	0	0	1	2561	Caudoviricetes	NA	NA	PF00959;COG3772	Phage-related lysozyme (muramidase), GH24 family
k127_203443_1	1	315	315	-1	0.727	11	None	GENOMAD.073447.VV	9.988e-06	45	0	0	1	2561	Caudoviricetes	NA	NA	PF00580;TIGR04095;COG4373	UvrD/REP helicase N-terminal domain
k127_293725_1	1	714	714	-1	0.396	11	AGGAGG	GENOMAD.078785.VV	1.044e-91	300	0	0	1	2561	Caudoviricetes	NA	NA	PF04860;TIGR01537;COG4695	phage portal protein, HK97 family
k127_293725_2	727	1104	378	-1	0.444	11	None	GENOMAD.133889.VP	8.701e-24	98	0	0	1	2561	Caudoviricetes	NA	NA	COG4626	Phage terminase-like protein, large subunit, contains N-terminal HTH domain
k127_293839_1	1	474	474	1	0.726	11	None	GENOMAD.068590.VV	4.857e-18	83	0	0	1	2561	Caudoviricetes	NA	NA	PF13871;PF11242;K11654;TIGR00721	C-terminal domain on Strawberry notch homologue
k127_143996_1	1	522	522	1	0.458	11	None	GENOMAD.070200.VV	5.855e-101	323	0	0	1	10778	Baculoviridae	NA	NA	PF04850;K01727	Baculovirus E66 occlusion-derived virus envelope protein
k127_22739_1	2	466	465	-1	0.409	15	None	GENOMAD.010176.VV	3.429e-10	60	0	0	1	2561	Caudoviricetes	NA	NA	COG5280	Phage-related minor tail protein
k127_113499_1	2	331	330	1	0.658	11	None	GENOMAD.056342.VV	2.143e-31	119	0	0	1	1	NA	NA	NA	PF11367	NA
k127_113499_2	351	443	93	1	0.591	11	GGAGG	NA	NA	NA	0	0	0	1	NA	NA	NA	NA	NA
k127_53135_1	1	657	657	1	0.650	11	None	GENOMAD.013210.VV	2.301e-24	104	0	0	1	2561	Caudoviricetes	NA	NA	PF00211;PF08994;PF08993;COG2114	Adenylate and Guanylate cyclase catalytic domain; T4 gene Gp59 loader of gp41 DNA helicase C-term; T4 gene Gp59 loader of gp41 DNA helicase
k127_264229_1	1	240	240	-1	0.575	11	GGGT	GENOMAD.026704.VV	0.0002156	40	0	0	1	2561	Caudoviricetes	NA	NA	PF10934;COG3628;K06903;TIGR03357	Phage baseplate assembly protein W
k127_173931_1	2	1096	1095	1	0.468	11	None	GENOMAD.178814.VP	1.025e-10	66	0	0	0	2561	Caudoviricetes	NA	NA	NA	NA
k127_173931_2	1106	1396	291	1	0.364	11	AGGAGG	NA	NA	NA	0	0	0	1	NA	NA	NA	NA	NA
k127_173931_3	1411	1653	243	1	0.432	11	AGGAGG	GENOMAD.220567.VP	5.488e-17	76	0	0	1	2561	Caudoviricetes	NA	NA	PF04688;TIGR01592	holin, SPP1 family
k127_173931_4	1897	2199	303	1	0.419	11	GGAGG	GENOMAD.118719.VV	2.268e-11	61	0	0	0	2561	Caudoviricetes	NA	NA	NA	NA
k127_173931_5	2196	2897	702	1	0.484	11	None	GENOMAD.056053.VV	8.01e-07	52	0	0	0	2561	Caudoviricetes	NA	NA	COG0860;TIGR02883	N-acetylmuramoyl-L-alanine amidase
k127_173931_6	3152	3970	819	1	0.391	11	GGAGG	NA	NA	NA	0	0	0	1	NA	NA	NA	NA	NA
k127_173931_7	3963	4124	162	1	0.340	11	AGGAG	NA	NA	NA	0	0	0	1	NA	NA	NA	NA	NA
k127_173931_8	4151	4357	207	1	0.343	11	GGAG/GAGG	NA	NA	NA	0	0	0	1	NA	NA	NA	NA	NA
k127_173931_9	4618	4995	378	1	0.505	11	AGGAGG	GENOMAD.150116.VV	6.946e-18	81	0	0	0	1	NA	NA	NA	NA	NA
k127_173931_10	4999	6738	1740	1	0.366	11	3Base/5BMM	GENOMAD.042914.VV	2.644e-10	66	0	0	0	2561	Caudoviricetes	NA	NA	PF10651	BppU N-terminal domain
k127_173931_11	6903	7115	213	-1	0.455	11	GGAG/GAGG	NA	NA	NA	0	0	0	1	NA	NA	NA	NA	NA
k127_173931_12	7118	7300	183	-1	0.470	11	AGGAGG	NA	NA	NA	0	0	0	1	NA	NA	NA	NA	NA
k127_173931_13	7312	7410	99	-1	0.192	11	AGGAGG	NA	NA	NA	0	0	0	1	NA	NA	NA	NA	NA
k127_173931_14	7429	7602	174	-1	0.420	11	AGGAG	NA	NA	NA	0	0	0	1	NA	NA	NA	NA	NA
k127_173931_15	7589	7798	210	-1	0.367	11	AGGAGG	NA	NA	NA	0	0	0	1	NA	NA	NA	NA	NA
k127_173931_16	7832	8170	339	-1	0.389	11	AGGAG/GGAGG	NA	NA	NA	0	0	0	1	NA	NA	NA	NA	NA
k127_173931_17	8387	9322	936	-1	0.402	11	None	NA	NA	NA	0	0	0	1	NA	NA	NA	NA	NA
k127_144359_1	1	99	99	1	0.606	11	None	NA	NA	NA	0	0	0	1	NA	NA	NA	NA	NA
k127_144359_2	65	583	519	1	0.638	11	None	GENOMAD.009149.VV	6.241e-31	121	0	0	1	2561	Caudoviricetes	NA	NA	PF17288;TIGR01630	Terminase RNAseH like domain
k127_144359_3	594	854	261	-1	0.544	11	None	NA	NA	NA	0	0	0	1	NA	NA	NA	NA	NA
k127_294344_1	3	470	468	1	0.703	11	None	GENOMAD.219105.VP	9.008e-06	47	0	0	1	2561	Caudoviricetes	NA	NA	PF20025;PF01068;K18951;TIGR04120;COG5226	DNA ligase, ATP-dependent, PP_1105 family
k127_113884_1	1	606	606	-1	0.686	11	None	GENOMAD.073447.VV	9.706e-05	45	0	0	1	2561	Caudoviricetes	NA	NA	PF00580;TIGR04095;COG4373	UvrD/REP helicase N-terminal domain
k127_144458_1	3	122	120	-1	0.458	11	TAT	NA	NA	NA	0	0	0	1	NA	NA	NA	NA	NA
k127_144458_2	163	393	231	1	0.359	11	TATA	GENOMAD.104714.VV	7.546e-06	44	0	0	1	10778	Baculoviridae	NA	NA	PF05531	Nucleopolyhedrovirus P10 protein
k127_204300_1	3	536	534	-1	0.685	11	None	GENOMAD.033798.VV	3.021e-42	154	0	0	1	2561	Caudoviricetes	NA	NA	PF11134	Phage stabilisation protein
k127_204508_1	3	359	357	-1	0.429	11	AAAA	GENOMAD.073119.VV	0.0001696	42	0	0	1	10778	Baculoviridae	NA	NA	PF05959	Nucleopolyhedrovirus protein of unknown function (DUF884)
k127_204508_2	379	768	390	1	0.413	11	None	NA	NA	NA	0	0	0	1	NA	NA	NA	NA	NA
k127_144772_1	2	652	651	1	0.373	11	None	GENOMAD.004008.VV	4.548e-73	245	0	0	1	2561	Caudoviricetes	NA	NA	PF04860;TIGR01537;COG4695	phage portal protein, HK97 family
k127_144772_2	636	788	153	1	0.346	11	AGxAGG/AGGxGG	NA	NA	NA	0	0	0	1	NA	NA	NA	NA	NA
k127_114212_1	27	323	297	1	0.434	11	GGAG/GAGG	GENOMAD.100727.VV	6.84e-15	71	0	0	1	2561	Caudoviricetes	NA	NA	PF05135;TIGR01560	Phage gp6-like head-tail connector protein
k127_174449_1	2	397	396	1	0.667	11	None	GENOMAD.147017.VP	1.093e-15	75	0	0	1	2561	Caudoviricetes	NA	NA	PF04466;TIGR01547;COG1783	Phage terminase large subunit
k127_84080_1	2	586	585	1	0.689	11	None	GENOMAD.068048.VV	4.153e-13	70	0	0	1	2561	Caudoviricetes	NA	NA	PF20307;TIGR03600;K02314;COG0305	phage replicative helicase, DnaB family, HK022 subfamily
k127_145119_1	2	316	315	1	0.619	11	None	GENOMAD.192716.VV	8.289e-08	51	0	0	1	2561	Caudoviricetes	NA	NA	PF04865;COG3299	Baseplate J-like protein
k127_23848_1	18	377	360	-1	0.372	11	None	GENOMAD.136127.VP	4.107e-29	113	0	0	1	2561	Caudoviricetes	NA	NA	PF05119;COG3747;TIGR01558	Phage terminase, small subunit
k127_84413_1	3	401	399	1	0.579	11	None	GENOMAD.055577.VV	5.455e-24	99	0	0	1	1	NA	NA	NA	PF03864	Phage major capsid protein E
k127_205082_1	1	318	318	1	0.459	11	None	GENOMAD.078785.VV	9.437e-23	94	0	0	1	2561	Caudoviricetes	NA	NA	PF04860;TIGR01537;COG4695	phage portal protein, HK97 family
k127_145275_1	3	329	327	-1	0.505	11	None	GENOMAD.105995.VV	2.859e-44	156	0	0	1	2561	Caudoviricetes	NA	NA	PF06488;TIGR01603	phage major tail protein, phi13 family
k127_235251_1	1	426	426	-1	0.552	11	None	GENOMAD.013210.VV	1.124e-19	87	0	0	1	2561	Caudoviricetes	NA	NA	PF00211;PF08994;PF08993;COG2114	Adenylate and Guanylate cyclase catalytic domain; T4 gene Gp59 loader of gp41 DNA helicase C-term; T4 gene Gp59 loader of gp41 DNA helicase
k127_24218_1	1	315	315	1	0.403	11	None	GENOMAD.072654.VV	3.742e-39	141	0	0	1	10778	Baculoviridae	NA	NA	PF05274	Occlusion-derived virus envelope protein E25
k127_24218_2	368	526	159	-1	0.346	11	None	NA	NA	NA	0	0	0	1	NA	NA	NA	NA	NA
k127_84741_1	103	462	360	-1	0.647	11	None	GENOMAD.053137.VV	4.49e-20	87	0	0	1	2561	Caudoviricetes	NA	NA	PF17482	Phage tail sheath C-terminal domain
k127_265519_1	2	511	510	-1	0.743	11	None	GENOMAD.008374.VV	5.685e-06	48	0	0	1	2561	Caudoviricetes	NA	NA	PF04965;K21530;COG3628;TIGR03357	Phage baseplate assembly protein W
k127_145943_1	1	405	405	1	0.373	11	None	GENOMAD.036328.VV	5.391e-25	102	0	0	1	2561	Caudoviricetes	NA	NA	PF05709;COG4722;TIGR01633	Phage-related protein
k127_295932_1	1	507	507	-1	0.513	11	None	GENOMAD.098212.VV	6.625e-38	141	0	0	0	10515	Nucleocytoviricota	NA	NA	NA	NA
k127_295932_2	666	875	210	1	0.500	11	None	GENOMAD.104338.VV	2.576e-12	62	0	0	1	10778	Baculoviridae	NA	NA	PF06096	Baculoviridae 8.2 KDa protein
k127_54924_1	2	337	336	1	0.393	11	None	GENOMAD.081783.VV	1.802e-10	59	0	0	1	2561	Caudoviricetes	NA	NA	PF05709;TIGR01633;COG4722	putative phage tail component, N-terminal domain
k127_85139_1	3	785	783	-1	0.704	11	None	GENOMAD.064541.VV	0.0001859	45	0	0	1	11831	Demerecviridae	NA	NA	PF20307	Divergent DnaB-like ATPase
k127_115334_1	3	695	693	-1	0.639	11	None	GENOMAD.050033.VV	3.19e-05	47	0	0	1	1	NA	NA	NA	PF13479;TIGR01618;COG0194;K07331	phage nucleotide-binding protein
k127_115338_1	1	372	372	-1	0.710	11	None	GENOMAD.001554.VV	7.254e-08	52	0	0	1	2561	Caudoviricetes	NA	NA	PF04233;TIGR01641	Phage Mu protein F like protein
k127_265997_1	2	103	102	-1	0.471	11	None	NA	NA	NA	0	0	0	1	NA	NA	NA	NA	NA
k127_265997_2	105	542	438	1	0.427	11	None	GENOMAD.071981.VV	1.239e-37	139	0	0	1	10778	Baculoviridae	NA	NA	PF04878	Baculovirus P48 protein
k127_175782_1	1	348	348	-1	0.316	11	None	GENOMAD.133889.VP	1.081e-33	126	0	0	1	2561	Caudoviricetes	NA	NA	COG4626	Phage terminase-like protein, large subunit, contains N-terminal HTH domain
k127_24929_1	1	309	309	-1	0.437	11	None	GENOMAD.071687.VV	7.63e-16	74	0	0	1	10778	Baculoviridae	NA	NA	PF04700	Structural glycoprotein p40/gp41 conserved region
k127_206180_1	1	627	627	1	0.683	11	None	GENOMAD.068048.VV	2.582e-15	77	0	0	1	2561	Caudoviricetes	NA	NA	PF20307;TIGR03600;K02314;COG0305	phage replicative helicase, DnaB family, HK022 subfamily
k127_85605_1	3	275	273	1	0.370	11	None	GENOMAD.159591.VP	1.151e-06	47	0	0	0	2561	Caudoviricetes	NA	NA	NA	NA
k127_85605_2	346	1116	771	1	0.384	11	None	GENOMAD.160402.VP	2.625e-08	57	0	0	0	2561	Caudoviricetes	NA	NA	PF09445;K13581;COG3392;TIGR00755	Adenine-specific DNA methylase
k127_85605_3	1130	2233	1104	1	0.363	11	TAA	GENOMAD.078785.VV	7.837e-122	394	0	0	1	2561	Caudoviricetes	NA	NA	PF04860;TIGR01537;COG4695	phage portal protein, HK97 family
k127_236425_1	3	530	528	-1	0.663	11	GGA/GAG/AGG	GENOMAD.018596.VV	1.357e-08	56	0	0	1	2561	Caudoviricetes	NA	NA	PF17482	Phage tail sheath C-terminal domain
k127_236425_2	597	770	174	-1	0.609	11	None	NA	NA	NA	0	0	0	1	NA	NA	NA	NA	NA
k127_25424_1	40	822	783	-1	0.474	11	AAA	GENOMAD.071980.VV	1.592e-24	106	0	0	1	10778	Baculoviridae	NA	NA	PF04501	Baculovirus major capsid protein VP39
k127_176365_1	2	688	687	1	0.416	11	None	GENOMAD.100029.VP	5.659e-27	112	0	0	1	2561	Caudoviricetes	NA	NA	PF20441	Terminase large subunit, endonuclease domain
k127_176365_2	702	1430	729	1	0.405	11	AGGAGG	GENOMAD.109483.VP	4.184e-78	261	0	0	1	2561	Caudoviricetes	NA	NA	PF04860;TIGR01537;COG4695	phage portal protein, HK97 family
k127_116133_1	1	387	387	-1	0.594	11	None	GENOMAD.136748.VP	2.009e-06	48	0	0	1	2561	Caudoviricetes	NA	NA	PF04865;COG3948;TIGR02243	Phage-related baseplate assembly protein
k127_25507_1	1	210	210	-1	0.390	11	None	NA	NA	NA	0	0	0	1	NA	NA	NA	NA	NA
k127_25507_2	207	719	513	-1	0.398	11	TAA	GENOMAD.050298.VV	4.044e-15	75	0	0	1	2561	Caudoviricetes	NA	NA	PF06992	Replication protein P
k127_25507_3	694	1137	444	-1	0.327	11	None	GENOMAD.024440.VV	4.168e-15	74	0	0	0	2561	Caudoviricetes	NA	NA	PF06926	NA
k127_206954_1	2	826	825	1	0.648	11	None	GENOMAD.017423.VV	2.5e-40	153	0	0	1	2561	Caudoviricetes	NA	NA	PF16510;TIGR01538	Phage P22-like portal protein
k127_176691_1	2	400	399	-1	0.574	11	None	GENOMAD.042265.VV	0.0001144	43	0	0	1	2561	Caudoviricetes	NA	NA	PF20307;TIGR02237;COG0468;K04485	Divergent DnaB-like ATPase
k127_147273_1	1	438	438	1	0.674	11	None	GENOMAD.013210.VV	1.11e-11	64	0	0	1	2561	Caudoviricetes	NA	NA	PF00211;PF08994;PF08993;COG2114	Adenylate and Guanylate cyclase catalytic domain; T4 gene Gp59 loader of gp41 DNA helicase C-term; T4 gene Gp59 loader of gp41 DNA helicase
k127_25959_1	3	128	126	-1	0.413	11	TAA	NA	NA	NA	0	0	0	1	NA	NA	NA	NA	NA
k127_25959_2	350	703	354	-1	0.364	11	AAAAAA	GENOMAD.111030.VP	1.251e-40	146	0	0	0	2561	Caudoviricetes	NA	NA	PF19591	NA
k127_25959_3	720	1286	567	-1	0.395	11	None	GENOMAD.096761.VP	6.512e-73	243	0	0	1	2561	Caudoviricetes	NA	NA	PF04630;TIGR01603	Phage tail tube protein
k127_25959_4	1286	1615	330	-1	0.327	11	None	GENOMAD.105336.VP	1.75e-33	125	0	0	0	2561	Caudoviricetes	NA	NA	PF05657	NA
k127_25959_5	1612	1968	357	-1	0.367	11	None	GENOMAD.100198.VP	1.445e-31	120	0	0	1	2561	Caudoviricetes	NA	NA	PF04883;TIGR01725;COG5005	phage protein, HK97 gp10 family
k127_25959_6	1961	2305	345	-1	0.362	11	AAAA	GENOMAD.010708.VV	2.432e-56	191	0	0	1	2561	Caudoviricetes	NA	NA	PF05521;TIGR01563;COG5614	phage head-tail adaptor, putative, SPP1 family
k127_25959_7	2286	2573	288	-1	0.368	11	TAA	GENOMAD.033831.VV	1.659e-12	64	0	0	0	2561	Caudoviricetes	NA	NA	NA	NA
k127_25959_8	2577	3050	474	-1	0.388	11	AATAA	NA	NA	NA	0	0	0	1	NA	NA	NA	NA	NA
k127_25959_9	3181	4338	1158	-1	0.385	11	AAA	GENOMAD.088359.VV	5.614e-189	589	0	0	1	2561	Caudoviricetes	NA	NA	PF05065;PF18316;PF17078;TIGR01554;COG4653	phage major capsid protein, HK97 family
k127_25959_10	4338	4925	588	-1	0.372	11	None	GENOMAD.133594.VV	7.935e-48	171	0	0	1	2561	Caudoviricetes	NA	NA	PF04586;COG3740;K06904;TIGR01543	Phage head maturation protease
k127_237193_1	1	93	93	1	0.527	11	None	NA	NA	NA	0	0	0	1	NA	NA	NA	NA	NA
k127_237193_2	95	400	306	1	0.732	11	GGAG/GAGG	GENOMAD.044447.VV	1.817e-06	47	0	0	1	2561	Caudoviricetes	NA	NA	PF04965;K21530;COG3628;TIGR03357	Phage baseplate assembly protein W
k127_56390_1	1	354	354	1	0.486	11	None	GENOMAD.075245.VV	6.953e-06	46	0	0	1	2561	Caudoviricetes	NA	NA	COG4675	Microcystin-dependent protein  (function unknown)
k127_267362_1	2	403	402	-1	0.582	11	None	GENOMAD.068048.VV	1.397e-13	69	0	0	1	2561	Caudoviricetes	NA	NA	PF20307;TIGR03600;K02314;COG0305	phage replicative helicase, DnaB family, HK022 subfamily
k127_86902_1	3	161	159	1	0.371	11	None	GENOMAD.061571.VV	1.383e-17	76	0	0	1	2561	Caudoviricetes	NA	NA	COG3747;TIGR01558;K21510	Phage terminase, small subunit
k127_86902_2	176	367	192	1	0.271	11	AATAA	NA	NA	NA	0	0	0	1	NA	NA	NA	NA	NA
k127_86944_1	3	380	378	-1	0.643	11	None	GENOMAD.154686.VV	2.313e-13	68	0	0	1	2561	Caudoviricetes	NA	NA	PF17288	Terminase RNAseH like domain
k127_26509_1	3	356	354	1	0.483	11	None	GENOMAD.136711.VP	4.307e-20	87	0	0	1	2561	Caudoviricetes	NA	NA	PF03354;COG5323	Large terminase phage packaging protein
k127_298006_1	2	316	315	1	0.638	11	None	GENOMAD.158991.VC	4.342e-38	138	0	0	1	2561	Caudoviricetes	NA	NA	PF04860;TIGR01537;COG4695	phage portal protein, HK97 family
k127_87132_1	128	379	252	1	0.417	11	AAAAAA	NA	NA	NA	0	0	0	1	NA	NA	NA	NA	NA
k127_87132_2	394	1314	921	1	0.425	11	TAA	NA	NA	NA	0	0	0	1	NA	NA	NA	NA	NA
k127_87132_3	1764	1946	183	1	0.306	11	AAAA	NA	NA	NA	0	0	0	1	NA	NA	NA	NA	NA
k127_87132_4	1943	2218	276	1	0.348	11	None	NA	NA	NA	0	0	0	1	NA	NA	NA	NA	NA
k127_87132_5	2218	3864	1647	1	0.395	11	None	GENOMAD.005582.VV	3.492e-12	72	0	0	0	2561	Caudoviricetes	NA	NA	NA	NA
k127_117434_1	3	296	294	-1	0.653	11	GGAG/GAGG	NA	NA	NA	0	0	0	1	NA	NA	NA	NA	NA
k127_117434_2	293	1282	990	-1	0.671	11	GGA/GAG/AGG	GENOMAD.157931.VP	2.183e-13	74	0	0	1	2561	Caudoviricetes	NA	NA	PF20454;K21512;COG5525	Phage terminase, large subunit GpA
k127_117434_3	1275	2771	1497	-1	0.666	11	GGA/GAG/AGG	GENOMAD.167766.VP	3.105e-63	229	0	0	0	2561	Caudoviricetes	NA	NA	PF04860;TIGR01537;COG4695	phage portal protein, HK97 family
k127_298459_1	1	897	897	1	0.465	11	None	GENOMAD.070200.VV	1.358e-153	482	0	0	1	10778	Baculoviridae	NA	NA	PF04850;K01727	Baculovirus E66 occlusion-derived virus envelope protein
k127_117952_1	41	481	441	1	0.433	11	None	GENOMAD.071398.VV	3.272e-18	83	0	0	1	10778	Baculoviridae	NA	NA	PF05314	Baculovirus occlusion-derived virus envelope protein EC27
k127_57632_1	3	194	192	1	0.438	11	None	NA	NA	NA	0	0	0	1	NA	NA	NA	NA	NA
k127_57632_2	191	982	792	1	0.471	11	AGGAGG	GENOMAD.158277.VP	4.04e-15	78	0	0	0	2561	Caudoviricetes	NA	NA	PF00574;PF19602;K01358;TIGR00493;COG3904	ATP-dependent Clp endopeptidase, proteolytic subunit ClpP
k127_57632_3	998	2146	1149	1	0.479	11	AGGA/GGAG/GAGG	GENOMAD.090965.VV	1.052e-74	258	0	0	1	2561	Caudoviricetes	NA	NA	PF05065;TIGR01554;COG4653	phage major capsid protein, HK97 family
k127_57632_4	2159	2455	297	1	0.431	11	GGAG/GAGG	GENOMAD.100727.VV	2.76e-16	75	0	0	1	2561	Caudoviricetes	NA	NA	PF05135;TIGR01560	Phage gp6-like head-tail connector protein
k127_57632_5	2442	2816	375	1	0.461	11	AGGAGG	GENOMAD.046186.VV	5.81e-52	179	0	0	1	2561	Caudoviricetes	NA	NA	PF05521;COG5614;TIGR01563	Bacteriophage head-tail adaptor
k127_57632_6	2807	3199	393	1	0.486	11	GGAGG	GENOMAD.050629.VV	5.459e-31	119	0	0	1	2561	Caudoviricetes	NA	NA	COG5005;TIGR01725	NA
k127_57632_7	3200	3583	384	1	0.430	11	AGGAGG	GENOMAD.092879.VV	1.066e-30	118	0	0	0	2561	Caudoviricetes	NA	NA	PF05657	NA
k127_57632_8	3784	4380	597	1	0.496	11	AGGAG	GENOMAD.105995.VV	1.642e-84	277	0	0	1	2561	Caudoviricetes	NA	NA	PF06488;TIGR01603	phage major tail protein, phi13 family
k127_57632_9	4395	4592	198	1	0.354	11	AGGAGG	GENOMAD.017993.VV	2.392e-11	59	0	0	0	2561	Caudoviricetes	NA	NA	NA	NA
k127_57632_10	4629	4802	174	1	0.345	11	GGAG/GAGG	GENOMAD.076253.VV	2.995e-20	84	0	0	0	2561	Caudoviricetes	NA	NA	NA	NA
k127_117992_1	2	550	549	-1	0.419	11	None	GENOMAD.071392.VV	6.91e-25	104	0	0	1	10778	Baculoviridae	NA	NA	PF05098;K21243	Late expression factor 4 (LEF-4)
k127_298840_1	2	559	558	1	0.651	11	None	GENOMAD.060259.VV	0.0001612	44	0	0	1	2561	Caudoviricetes	NA	NA	PF20307;TIGR02236;COG0468;K04484	Divergent DnaB-like ATPase
k127_238800_1	2	181	180	-1	0.294	11	AAA	GENOMAD.076253.VV	2.964e-21	87	0	0	0	2561	Caudoviricetes	NA	NA	NA	NA
k127_238800_2	265	858	594	-1	0.396	11	TAA	GENOMAD.105995.VV	2.397e-88	288	0	0	1	2561	Caudoviricetes	NA	NA	PF06488;TIGR01603	phage major tail protein, phi13 family
k127_238800_3	871	1161	291	-1	0.371	11	None	GENOMAD.092879.VV	5.831e-31	117	0	0	0	2561	Caudoviricetes	NA	NA	PF05657	NA
k127_27704_1	2	592	591	-1	0.682	11	None	GENOMAD.060259.VV	4.547e-07	52	0	0	1	2561	Caudoviricetes	NA	NA	PF20307;TIGR02236;COG0468;K04484	Divergent DnaB-like ATPase
k127_58088_1	3	701	699	-1	0.352	11	ATA	GENOMAD.036328.VV	8.418e-22	97	0	0	1	2561	Caudoviricetes	NA	NA	PF05709;COG4722;TIGR01633	Phage-related protein
k127_58088_2	716	1000	285	-1	0.344	11	None	NA	NA	NA	0	0	0	1	NA	NA	NA	NA	NA
k127_239125_1	1	384	384	-1	0.617	11	None	GENOMAD.023991.VV	1.028e-14	72	0	0	1	2561	Caudoviricetes	NA	NA	COG5410	Mu-like prophage FluMu protein gp28
k127_269280_1	3	311	309	1	0.673	11	None	GENOMAD.127022.VV	7.449e-24	97	0	0	1	2561	Caudoviricetes	NA	NA	PF04586;K06904;COG3740;TIGR01543	Phage head maturation protease
k127_269349_1	3	356	354	-1	0.345	11	None	GENOMAD.119468.VP	5.45e-09	55	0	0	1	1	NA	NA	NA	PF19835;PF07460;PF07453;TIGR01453;COG2827	group I intron endonuclease
k127_88669_1	2	301	300	1	0.500	11	None	GENOMAD.071397.VV	1.01e-58	197	0	0	1	10778	Baculoviridae	NA	NA	PF00738	Polyhedrin
k127_299697_1	52	504	453	1	0.634	11	GGAG/GAGG	GENOMAD.076856.VV	1.741e-27	110	0	0	1	2561	Caudoviricetes	NA	NA	PF10876	NA
k127_209671_1	1	480	480	-1	0.363	11	None	GENOMAD.090257.VV	1.151e-17	82	0	0	1	2561	Caudoviricetes	NA	NA	PF05709;COG4722;TIGR01633	Phage tail protein
k127_119288_1	9	344	336	-1	0.646	11	None	GENOMAD.053137.VV	7.842e-27	106	0	0	1	2561	Caudoviricetes	NA	NA	PF17482	Phage tail sheath C-terminal domain
k127_269904_1	1	207	207	1	0.353	11	None	GENOMAD.111751.VP	2.043e-14	68	0	0	1	2561	Caudoviricetes	NA	NA	COG5280	Phage-related minor tail protein
k127_209966_1	1	462	462	-1	0.628	11	None	GENOMAD.120570.VV	4.909e-43	155	0	0	1	2561	Caudoviricetes	NA	NA	PF03354;K21523;COG5410	Mu-like prophage FluMu protein gp28
k127_300175_1	2	391	390	1	0.495	11	None	GENOMAD.071685.VV	1.072e-23	98	0	0	1	10778	Baculoviridae	NA	NA	PF05054	Autographa californica nuclear polyhedrosis virus (AcMNPV) protein
k127_270094_1	1	561	561	-1	0.742	11	None	GENOMAD.013210.VV	4.771e-21	93	0	0	1	2561	Caudoviricetes	NA	NA	PF00211;PF08994;PF08993;COG2114	Adenylate and Guanylate cyclase catalytic domain; T4 gene Gp59 loader of gp41 DNA helicase C-term; T4 gene Gp59 loader of gp41 DNA helicase
k127_300485_1	3	470	468	1	0.346	11	None	GENOMAD.133889.VP	3.296e-31	121	0	0	1	2561	Caudoviricetes	NA	NA	COG4626	Phage terminase-like protein, large subunit, contains N-terminal HTH domain
k127_240214_1	62	406	345	1	0.342	11	AGGAG	GENOMAD.109016.VV	3.278e-37	136	0	0	0	1	NA	NA	NA	PF05657	NA
k127_240214_2	419	553	135	1	0.333	11	AGGAG	GENOMAD.013654.VV	1.725e-12	61	0	0	1	2561	Caudoviricetes	NA	NA	PF04630;TIGR01603	Phage tail tube protein
k127_270389_1	3	113	111	1	0.315	11	None	NA	NA	NA	0	0	0	1	NA	NA	NA	NA	NA
k127_270389_2	100	441	342	1	0.383	11	TAA	GENOMAD.113164.VP	1.548e-12	65	0	0	1	2561	Caudoviricetes	NA	NA	PF05521;COG5614;TIGR01563	Bacteriophage head-tail adaptor
k127_270389_3	441	845	405	1	0.410	11	None	NA	NA	NA	0	0	0	1	NA	NA	NA	NA	NA
k127_270389_4	842	1186	345	1	0.362	11	AAAAA	GENOMAD.109016.VV	1.799e-35	131	0	0	0	1	NA	NA	NA	PF05657	NA
k127_270389_5	1199	1462	264	1	0.424	11	TAA	GENOMAD.013654.VV	6.752e-26	102	0	0	1	2561	Caudoviricetes	NA	NA	PF04630;TIGR01603	Phage tail tube protein
k127_180195_1	3	431	429	-1	0.359	11	None	GENOMAD.032657.VV	6.769e-05	44	0	0	1	2561	Caudoviricetes	NA	NA	PF06605;PF18994;COG4926;TIGR01665	Phage-related protein
k127_89847_1	1	348	348	-1	0.468	11	None	GENOMAD.213200.VP	7.817e-13	66	0	0	1	2561	Caudoviricetes	NA	NA	PF19307;TIGR01554;COG4653	Phage capsid-like protein
k127_29815_1	56	247	192	-1	0.333	11	AGGAGG	GENOMAD.017993.VV	6.205e-09	52	0	0	0	2561	Caudoviricetes	NA	NA	NA	NA
k127_29815_2	260	403	144	-1	0.535	11	None	GENOMAD.029363.VV	5.496e-10	54	0	0	1	2561	Caudoviricetes	NA	NA	PF04630;TIGR01603	phage major tail protein, phi13 family
k127_271153_1	3	359	357	1	0.658	11	None	GENOMAD.030229.VV	1.108e-09	57	0	0	1	2561	Caudoviricetes	NA	NA	PF17289;COG5362;TIGR01630	Phage terminase large subunit
k127_271153_2	356	499	144	1	0.688	11	None	GENOMAD.218201.VP	9.702e-06	42	0	0	0	1	NA	NA	NA	NA	NA
