gene	start	end	length	strand	gc_content	genetic_code	rbs_motif	marker	evalue	bitscore	uscg	plasmid_hallmark	virus_hallmark	taxid	taxname	annotation_conjscan	annotation_amr	annotation_accessions	annotation_description
k127_138726_1	2	160	159	1	0.579	11	None	NA	NA	NA	0	0	0	1	NA	NA	NA	NA	NA
k127_138726_2	429	770	342	1	0.617	11	None	GENOMAD.046211.VV	6.11e-06	46	0	0	1	2561	Caudoviricetes	NA	NA	PF10124;COG4397	Mu-like prophage major head subunit gpT
k127_231519_1	2	388	387	-1	0.491	11	None	GENOMAD.195656.VP	4.142e-07	50	0	0	1	9067	Straboviridae	NA	NA	PF19835;PF07453;TIGR01453;COG2827	group I intron endonuclease
k127_324260_1	3	323	321	1	0.651	11	None	GENOMAD.017632.VV	7.37e-10	57	0	0	1	2561	Caudoviricetes	NA	NA	PF03354;COG5410;TIGR01547	phage terminase, large subunit, PBSX family
k127_324283_1	2	376	375	1	0.515	11	None	GENOMAD.016110.VV	2.133e-22	94	0	0	1	2561	Caudoviricetes	NA	NA	PF11134	Phage stabilisation protein
k127_278262_1	1	300	300	-1	0.640	11	None	GENOMAD.124283.VV	1.568e-30	116	0	0	1	2561	Caudoviricetes	NA	NA	PF04865;COG3299	Baseplate J-like protein
k127_139712_1	3	668	666	1	0.563	11	None	GENOMAD.102926.VP	1.647e-10	63	0	0	0	2561	Caudoviricetes	NA	NA	PF04404	ERF superfamily
k127_139712_2	652	861	210	1	0.538	11	GGAGG	GENOMAD.009848.VV	5.771e-12	61	0	0	1	9913	Herelleviridae	NA	NA	COG5377;TIGR03033	Phage-related protein, predicted endonuclease
k127_139712_3	846	1328	483	1	0.559	11	None	GENOMAD.120931.VP	3.138e-14	72	0	0	1	2561	Caudoviricetes	NA	NA	PF09588;COG5377;TIGR03033;K01143	Phage-related protein, predicted endonuclease
k127_278352_1	2	619	618	-1	0.647	11	None	GENOMAD.154021.VP	5.619e-10	61	0	0	1	2561	Caudoviricetes	NA	NA	PF07141;TIGR03384	Putative bacteriophage terminase small subunit
k127_186152_1	2	316	315	1	0.619	11	None	GENOMAD.017248.VV	2.217e-05	44	0	0	1	1	NA	NA	NA	K21531	NA
k127_93718_1	79	267	189	1	0.571	11	None	NA	NA	NA	0	0	0	1	NA	NA	NA	NA	NA
k127_93718_2	280	1002	723	1	0.550	11	GGAG/GAGG	GENOMAD.010615.VV	0.0001548	45	0	0	1	2561	Caudoviricetes	NA	NA	PF20387	NA
k127_93729_1	2	469	468	-1	0.598	11	None	GENOMAD.105389.VV	2.047e-18	84	0	0	1	1	NA	NA	NA	PF04233;TIGR01641	phage putative head morphogenesis protein, SPP1 gp7 family
k127_417319_1	2	748	747	1	0.624	11	None	GENOMAD.068609.VV	2.989e-16	81	0	0	1	2561	Caudoviricetes	NA	NA	PF04865;COG3299	Baseplate J-like protein
k127_417319_2	763	825	63	1	0.667	11	AGGA	NA	NA	NA	0	0	0	1	NA	NA	NA	NA	NA
k127_325068_1	2	163	162	1	0.574	11	None	NA	NA	NA	0	0	0	1	NA	NA	NA	NA	NA
k127_325068_2	166	936	771	1	0.515	11	GGA/GAG/AGG	GENOMAD.082189.VV	6.326e-10	62	0	0	1	2561	Caudoviricetes	NA	NA	PF00959;COG3772	Phage-related lysozyme (muramidase), GH24 family
k127_1720_1	2	394	393	-1	0.636	11	None	GENOMAD.044852.VV	1.953e-17	80	0	0	1	2561	Caudoviricetes	NA	NA	PF06074;COG4383;TIGR01555	Mu-like prophage protein gp29
k127_186646_1	3	413	411	1	0.618	11	None	GENOMAD.191261.VV	1.023e-08	55	0	0	1	2561	Caudoviricetes	NA	NA	PF06222;PF04860;TIGR01537;COG4383	Phage tail assembly chaperone; Phage portal protein
k127_186672_1	2	409	408	1	0.684	11	None	GENOMAD.002932.VV	4.056e-10	59	0	0	1	2561	Caudoviricetes	NA	NA	TIGR01630;COG5362	phage uncharacterized protein (putative large terminase), C-terminal domain
k127_417800_1	3	383	381	1	0.648	11	None	GENOMAD.223594.VP	8.32e-07	49	0	0	1	2561	Caudoviricetes	NA	NA	PF11994;PF09684;TIGR01634;COG4385	phage tail protein, P2 protein I family
k127_417800_2	380	826	447	1	0.644	11	GGA/GAG/AGG	NA	NA	NA	0	0	0	1	NA	NA	NA	NA	NA
k127_94495_1	2	97	96	1	0.583	11	None	NA	NA	NA	0	0	0	1	NA	NA	NA	NA	NA
k127_94495_2	79	357	279	1	0.591	11	AGGA/GGAG/GAGG	GENOMAD.141028.VP	3.787e-11	60	0	0	1	2561	Caudoviricetes	NA	NA	PF04466;PF17289;TIGR01547;COG1783;K06909	phage terminase, large subunit, PBSX family
k127_48436_1	3	431	429	-1	0.604	11	None	GENOMAD.148122.VP	6.211e-27	108	0	0	1	2561	Caudoviricetes	NA	NA	PF20441	Terminase large subunit, endonuclease domain
k127_417989_1	3	488	486	-1	0.591	11	None	GENOMAD.013210.VV	1.325e-16	79	0	0	1	2561	Caudoviricetes	NA	NA	PF00211;PF08994;PF08993;COG2114	Adenylate and Guanylate cyclase catalytic domain; T4 gene Gp59 loader of gp41 DNA helicase C-term; T4 gene Gp59 loader of gp41 DNA helicase
k127_2223_1	3	710	708	-1	0.641	11	None	GENOMAD.099865.VV	5.105e-44	162	0	0	1	2561	Caudoviricetes	NA	NA	PF04466;PF17289;TIGR01547;COG5323;K06909	phage terminase, large subunit, PBSX family
k127_418257_1	3	305	303	1	0.647	11	None	GENOMAD.070986.VV	1.563e-15	73	0	0	1	2561	Caudoviricetes	NA	NA	PF11836	Phage tail tube protein, GTA-gp10
k127_418281_1	1	675	675	-1	0.517	11	None	GENOMAD.138175.VV	6.722e-06	49	0	0	1	2561	Caudoviricetes	NA	NA	PF04860;TIGR01537;COG4695	phage portal protein, HK97 family
k127_2541_1	78	938	861	-1	0.652	11	AGGAG	GENOMAD.057710.VV	2.577e-05	48	0	0	1	2561	Caudoviricetes	NA	NA	PF00589;PF04860;K07358;TIGR01537	Phage integrase family; Phage portal protein
k127_141243_1	2	130	129	-1	0.550	11	GGGGTG	NA	NA	NA	0	0	0	1	NA	NA	NA	NA	NA
k127_141243_2	127	402	276	-1	0.580	11	None	GENOMAD.109388.VV	1.821e-17	78	0	0	1	1	NA	NA	NA	PF11114;TIGR01725;COG5005	phage protein, HK97 gp10 family
k127_233647_1	1	612	612	-1	0.497	11	None	GENOMAD.160443.VP	9.629e-59	203	0	0	1	2561	Caudoviricetes	NA	NA	PF20307;TIGR03600;K18947;COG0305	phage replicative helicase, DnaB family, HK022 subfamily
k127_141544_1	3	317	315	1	0.613	11	None	GENOMAD.017632.VV	7.495e-17	77	0	0	1	2561	Caudoviricetes	NA	NA	PF03354;COG5410;TIGR01547	phage terminase, large subunit, PBSX family
k127_187816_1	3	362	360	-1	0.628	11	None	GENOMAD.178916.VP	1.587e-39	143	0	0	1	2561	Caudoviricetes	NA	NA	PF05065;TIGR01554;COG1659	phage major capsid protein, HK97 family
k127_141637_1	3	311	309	1	0.566	11	None	GENOMAD.129396.VP	2.264e-20	87	0	0	1	2561	Caudoviricetes	NA	NA	PF20454	Terminase large subunit gpA, endonuclease domain
k127_95447_1	2	742	741	1	0.625	11	None	GENOMAD.005167.VV	8.73e-06	49	0	0	1	639	Flaviviridae	NA	NA	PF00998	Viral RNA dependent RNA polymerase
k127_234269_1	2	193	192	-1	0.625	11	AGGAG	NA	NA	NA	0	0	0	1	NA	NA	NA	NA	NA
k127_234269_2	237	608	372	-1	0.664	11	None	GENOMAD.022331.VV	1.019e-12	66	0	0	1	2561	Caudoviricetes	NA	NA	PF13554	Bacteriophage related domain of unknown function
k127_234470_1	1	117	117	1	0.453	11	None	NA	NA	NA	0	0	0	1	NA	NA	NA	NA	NA
k127_234470_2	86	403	318	1	0.440	11	None	GENOMAD.020544.VV	7.82e-17	77	0	0	1	10823	Zobellviridae	NA	NA	PF03237;COG5410;TIGR01547	Mu-like prophage FluMu protein gp28
k127_188483_1	2	349	348	-1	0.655	11	None	GENOMAD.053137.VV	1.611e-21	91	0	0	1	2561	Caudoviricetes	NA	NA	PF17482	Phage tail sheath C-terminal domain
k127_49975_1	3	377	375	-1	0.624	11	None	GENOMAD.123974.VV	1.513e-58	198	0	0	1	2561	Caudoviricetes	NA	NA	PF07409;COG4381	Phage protein GP46
k127_327251_1	1	849	849	1	0.597	11	None	GENOMAD.057710.VV	3.533e-08	57	0	0	1	2561	Caudoviricetes	NA	NA	PF00589;PF04860;K07358;TIGR01537	Phage integrase family; Phage portal protein
k127_96234_1	1	363	363	1	0.694	11	None	GENOMAD.078448.VV	7.64e-06	46	0	0	1	2561	Caudoviricetes	NA	NA	PF20307;TIGR03600;COG0468;K04484	phage replicative helicase, DnaB family, HK022 subfamily
k127_142600_1	2	478	477	-1	0.610	11	GGA/GAG/AGG	GENOMAD.059582.VV	5.273e-53	184	0	0	1	2561	Caudoviricetes	NA	NA	TIGR01725	phage protein, HK97 gp10 family
k127_142600_2	481	621	141	-1	0.525	11	None	NA	NA	NA	0	0	0	1	NA	NA	NA	NA	NA
k127_50258_1	3	317	315	-1	0.651	11	None	GENOMAD.017133.VV	1.851e-15	73	0	0	1	2561	Caudoviricetes	NA	NA	PF05894;TIGR01547;COG4373	Podovirus DNA encapsidation protein (Gp16)
k127_373599_1	1	108	108	1	0.611	11	None	NA	NA	NA	0	0	0	1	NA	NA	NA	NA	NA
k127_373599_2	123	428	306	1	0.667	11	AGGA	GENOMAD.017133.VV	3.328e-08	52	0	0	1	2561	Caudoviricetes	NA	NA	PF05894;TIGR01547;COG4373	Podovirus DNA encapsidation protein (Gp16)
k127_419799_1	3	341	339	1	0.451	11	None	GENOMAD.022740.VV	5.728e-15	72	0	0	1	2561	Caudoviricetes	NA	NA	PF17482;PF00062	Phage tail sheath C-terminal domain; C-type lysozyme/alpha-lactalbumin family
k127_235046_1	1	240	240	1	0.546	11	None	NA	NA	NA	0	0	0	1	NA	NA	NA	NA	NA
k127_235046_2	243	497	255	1	0.647	11	GGAGG	GENOMAD.011850.VV	9.4e-07	47	0	0	1	2561	Caudoviricetes	NA	NA	PF11134	Phage stabilisation protein
k127_50591_1	1	342	342	1	0.491	11	None	GENOMAD.100194.VV	2.953e-14	70	0	0	1	2561	Caudoviricetes	NA	NA	PF04466;TIGR01547;COG5323	Phage terminase large subunit
k127_4408_1	89	307	219	1	0.626	11	GGA/GAG/AGG	GENOMAD.117356.VP	1.561e-11	60	0	0	1	2561	Caudoviricetes	NA	NA	PF04865;COG3299;TIGR02243	Baseplate J-like protein
k127_51233_1	3	344	342	1	0.614	11	None	GENOMAD.034909.VV	1.548e-12	65	0	0	1	2561	Caudoviricetes	NA	NA	PF16463;COG5437;TIGR02126	Phage tail tube protein family
k127_51277_1	3	329	327	1	0.505	11	None	GENOMAD.062140.VV	2.539e-05	44	0	0	1	1	NA	NA	NA	PF05367	Phage endonuclease I
k127_51518_1	3	383	381	1	0.646	11	None	GENOMAD.013124.VV	1.181e-12	66	0	0	1	377	Drexlerviridae	NA	NA	PF13262;COG5410	NA
k127_51647_1	3	959	957	-1	0.624	11	None	GENOMAD.169508.VP	6.609e-25	109	0	0	1	2561	Caudoviricetes	NA	NA	PF04708;PF13262;COG1961;K14060	Site-specific DNA recombinase related to the DNA invertase Pin
k127_190249_1	1	318	318	-1	0.582	11	None	GENOMAD.214866.VV	7.092e-10	57	0	0	0	2561	Caudoviricetes	NA	NA	NA	NA
k127_190249_2	302	505	204	-1	0.578	11	None	GENOMAD.038364.VV	1.905e-07	48	0	0	1	1	NA	NA	NA	PF09550;TIGR02216	phage conserved hypothetical protein
k127_421251_1	3	686	684	1	0.635	11	None	GENOMAD.099865.VV	3.615e-34	133	0	0	1	2561	Caudoviricetes	NA	NA	PF04466;PF17289;TIGR01547;COG5323;K06909	phage terminase, large subunit, PBSX family
k127_97880_1	1	588	588	-1	0.571	11	None	GENOMAD.179365.VP	4.378e-12	67	0	0	1	2561	Caudoviricetes	NA	NA	PF17289;COG5362	Phage terminase large subunit
k127_282746_1	2	592	591	-1	0.435	11	None	GENOMAD.046434.VV	9.72e-07	51	0	0	1	2561	Caudoviricetes	NA	NA	PF20043;PF11649	Virus neck protein
k127_236547_1	2	319	318	1	0.591	11	None	GENOMAD.181728.VV	9.444e-07	48	0	0	1	2561	Caudoviricetes	NA	NA	PF09588;COG5377;TIGR03033	Phage-related protein, predicted endonuclease
k127_5533_1	1	342	342	1	0.558	11	None	GENOMAD.078186.VV	1.327e-14	71	0	0	1	2561	Caudoviricetes	NA	NA	PF13479;TIGR01618;COG2087;K04484	phage nucleotide-binding protein
k127_421496_1	2	709	708	1	0.708	11	None	GENOMAD.013210.VV	1.05e-16	82	0	0	1	2561	Caudoviricetes	NA	NA	PF00211;PF08994;PF08993;COG2114	Adenylate and Guanylate cyclase catalytic domain; T4 gene Gp59 loader of gp41 DNA helicase C-term; T4 gene Gp59 loader of gp41 DNA helicase
k127_421579_1	2	112	111	1	0.486	11	None	GENOMAD.011086.VV	6.812e-10	53	0	0	0	2561	Caudoviricetes	NA	NA	PF11681	Bacteriophage KPP10, Structural protein ORF10
k127_421579_2	113	451	339	1	0.363	11	None	GENOMAD.075639.VV	7.693e-52	178	0	0	1	2561	Caudoviricetes	NA	NA	PF10876	Phage tail assembly chaperone protein, TAC
k127_329646_1	57	416	360	-1	0.756	11	None	GENOMAD.054998.VV	1.471e-06	48	0	0	1	1	NA	NA	NA	PF04883;TIGR01725;COG5005	phage protein, HK97 gp10 family
k127_375974_1	1	210	210	1	0.400	11	None	GENOMAD.058334.VV	4.077e-15	70	0	0	1	2561	Caudoviricetes	NA	NA	COG5614;TIGR01563	Bacteriophage head-tail adaptor
k127_375974_2	207	344	138	1	0.326	11	None	GENOMAD.058809.VV	1.171e-09	53	0	0	0	2561	Caudoviricetes	NA	NA	NA	NA
k127_6354_1	3	362	360	1	0.508	11	None	GENOMAD.019792.VV	1.634e-05	45	0	0	1	2561	Caudoviricetes	NA	NA	PF16790;K18945	Bacteriophage clamp loader A subunit
k127_422214_1	17	469	453	-1	0.594	11	AGGAG	GENOMAD.063098.VV	1.643e-06	49	0	0	1	2561	Caudoviricetes	NA	NA	PF11126	Transcriptional regulator DsbA
k127_191296_1	30	329	300	1	0.750	11	None	GENOMAD.124507.VV	1.983e-20	87	0	0	1	2561	Caudoviricetes	NA	NA	PF11242;K22300;COG3655;TIGR00673	DNA-binding transcriptional regulator, XRE family
k127_329909_1	1	732	732	1	0.627	11	None	GENOMAD.099865.VV	5.131e-37	142	0	0	1	2561	Caudoviricetes	NA	NA	PF04466;PF17289;TIGR01547;COG5323;K06909	phage terminase, large subunit, PBSX family
k127_145358_1	2	607	606	-1	0.655	11	AGGAG	GENOMAD.121791.VV	9.024e-18	84	0	0	1	2561	Caudoviricetes	NA	NA	PF09681	N-terminal phage replisome organiser (Phage_rep_org_N)
k127_145358_2	661	789	129	-1	0.659	11	None	NA	NA	NA	0	0	0	1	NA	NA	NA	NA	NA
k127_422588_1	3	461	459	1	0.743	11	None	GENOMAD.124507.VV	5.975e-40	146	0	0	1	2561	Caudoviricetes	NA	NA	PF11242;K22300;COG3655;TIGR00673	DNA-binding transcriptional regulator, XRE family
k127_237825_1	2	355	354	-1	0.528	11	None	GENOMAD.003590.VV	1.207e-65	218	0	0	1	2561	Caudoviricetes	NA	NA	PF04860;TIGR01537;COG4695	phage portal protein, HK97 family
k127_422850_1	2	370	369	1	0.694	11	None	GENOMAD.160684.VP	8.125e-06	46	0	0	1	2561	Caudoviricetes	NA	NA	PF05069	Phage virion morphogenesis family
k127_284269_1	2	355	354	-1	0.593	11	None	GENOMAD.123534.VP	8.771e-37	135	0	0	1	2561	Caudoviricetes	NA	NA	PF05133;TIGR01538	Phage portal protein, SPP1 Gp6-like
k127_145799_1	1	669	669	-1	0.578	11	None	GENOMAD.023911.VV	2.434e-37	142	0	0	1	2561	Caudoviricetes	NA	NA	PF04466;TIGR01547;COG5323	phage terminase, large subunit, PBSX family
k127_7174_1	1	609	609	1	0.657	11	None	GENOMAD.099865.VV	4.081e-31	123	0	0	1	2561	Caudoviricetes	NA	NA	PF04466;PF17289;TIGR01547;COG5323;K06909	phage terminase, large subunit, PBSX family
k127_53594_1	2	427	426	1	0.620	11	None	GENOMAD.039909.VV	1.191e-08	55	0	0	1	2561	Caudoviricetes	NA	NA	PF12236;TIGR01538	Bacteriophage head to tail connecting protein
k127_7323_1	1	525	525	-1	0.655	11	None	GENOMAD.036693.VV	4.989e-14	72	0	0	1	2561	Caudoviricetes	NA	NA	PF04860;PF05065;TIGR01537;COG4695	phage portal protein, HK97 family
k127_145996_1	1	285	285	-1	0.582	11	AGGAG	GENOMAD.126912.VP	4.37e-18	80	0	0	1	2561	Caudoviricetes	NA	NA	PF11863;COG4386	Mu-like prophage tail sheath protein gpL
k127_145996_2	298	495	198	-1	0.672	11	None	GENOMAD.149541.VV	2.125e-12	62	0	0	0	1	NA	NA	NA	PF10948	NA
k127_99999_1	1	444	444	-1	0.579	11	None	GENOMAD.068048.VV	3.991e-16	77	0	0	1	2561	Caudoviricetes	NA	NA	PF20307;TIGR03600;K02314;COG0305	phage replicative helicase, DnaB family, HK022 subfamily
k127_100029_1	1	315	315	1	0.597	11	None	GENOMAD.022524.VV	9.988e-06	45	0	0	1	6064	Autographiviridae	NA	NA	PF03906	Phage T7 tail fibre protein
k127_238684_1	3	269	267	1	0.622	11	None	GENOMAD.097639.VV	9.858e-15	70	0	0	1	2561	Caudoviricetes	NA	NA	PF17289;TIGR01630;COG5362	phage uncharacterized protein (putative large terminase), C-terminal domain
k127_238684_2	297	446	150	1	0.587	11	3Base/5BMM	NA	NA	NA	0	0	0	1	NA	NA	NA	NA	NA
k127_8159_1	2	496	495	-1	0.517	11	None	GENOMAD.095266.VV	7.282e-26	106	0	0	1	2561	Caudoviricetes	NA	NA	COG4653	Predicted phage phi-C31 gp36 major capsid-like protein
k127_100748_1	1	474	474	-1	0.542	11	None	GENOMAD.159706.VV	6.049e-34	129	0	0	1	2561	Caudoviricetes	NA	NA	PF17288;PF07141	Terminase RNAseH like domain; Putative bacteriophage terminase small subunit
k127_193326_1	1	402	402	-1	0.629	11	None	GENOMAD.169508.VP	1.178e-15	75	0	0	1	2561	Caudoviricetes	NA	NA	PF04708;PF13262;COG1961;K14060	Site-specific DNA recombinase related to the DNA invertase Pin
k127_100801_1	2	388	387	-1	0.615	11	None	GENOMAD.005158.VV	6.774e-11	61	0	0	1	2561	Caudoviricetes	NA	NA	PF04586;PF13395;TIGR02646;K06904	TIGR02646 family protein
k127_100819_1	1	300	300	-1	0.647	11	None	GENOMAD.029120.VV	1.662e-14	70	0	0	1	2561	Caudoviricetes	NA	NA	PF06141	Phage minor tail protein U
k127_331816_1	3	263	261	1	0.655	11	None	GENOMAD.154021.VP	8.76e-08	50	0	0	1	2561	Caudoviricetes	NA	NA	PF07141;TIGR03384	Putative bacteriophage terminase small subunit
k127_331816_2	376	702	327	1	0.651	11	GGA/GAG/AGG	GENOMAD.017133.VV	1.198e-13	68	0	0	1	2561	Caudoviricetes	NA	NA	PF05894;TIGR01547;COG4373	Podovirus DNA encapsidation protein (Gp16)
k127_147108_1	2	253	252	1	0.647	11	None	GENOMAD.129590.VP	1.028e-12	64	0	0	1	2561	Caudoviricetes	NA	NA	PF07141	Putative bacteriophage terminase small subunit
k127_101063_1	1	336	336	1	0.658	11	None	GENOMAD.039033.VV	3.644e-11	61	0	0	1	2561	Caudoviricetes	NA	NA	PF04466;COG5410	Phage terminase large subunit
k127_193745_1	3	440	438	-1	0.600	11	None	GENOMAD.113513.VP	2.096e-73	242	0	0	1	2561	Caudoviricetes	NA	NA	PF11863;COG4386	Mu-like prophage tail sheath protein gpL
k127_286174_1	2	598	597	1	0.573	11	None	GENOMAD.012701.VV	4.387e-05	46	0	0	1	1	NA	NA	NA	PF16510;TIGR01538	Phage P22-like portal protein
k127_378583_1	3	464	462	1	0.563	11	None	GENOMAD.148122.VP	3.218e-39	144	0	0	1	2561	Caudoviricetes	NA	NA	PF20441	Terminase large subunit, endonuclease domain
k127_8952_1	3	371	369	-1	0.493	11	None	GENOMAD.161999.VV	3.011e-42	151	0	0	1	2561	Caudoviricetes	NA	NA	PF05894;K06909;TIGR01547;COG1783	Podovirus DNA encapsidation protein (Gp16)
k127_55400_1	1	399	399	1	0.591	11	None	GENOMAD.169508.VP	1.238e-14	72	0	0	1	2561	Caudoviricetes	NA	NA	PF04708;PF13262;COG1961;K14060	Site-specific DNA recombinase related to the DNA invertase Pin
k127_286276_1	2	316	315	1	0.692	11	None	GENOMAD.065547.VV	4.099e-07	49	0	0	1	2561	Caudoviricetes	NA	NA	PF06714	Gp5 N-terminal OB domain
k127_194113_1	1	126	126	1	0.500	11	None	NA	NA	NA	0	0	0	1	NA	NA	NA	NA	NA
k127_194113_2	329	574	246	1	0.524	11	GGAG/GAGG	NA	NA	NA	0	0	0	1	NA	NA	NA	NA	NA
k127_194113_3	606	1016	411	-1	0.589	11	None	GENOMAD.031763.VV	0.0005885	41	0	0	1	2561	Caudoviricetes	NA	NA	PF11114	Minor capsid protein
k127_332566_1	2	862	861	-1	0.718	11	None	GENOMAD.057710.VV	5.352e-05	47	0	0	1	2561	Caudoviricetes	NA	NA	PF00589;PF04860;K07358;TIGR01537	Phage integrase family; Phage portal protein
k127_379345_1	2	433	432	1	0.600	11	None	GENOMAD.068048.VV	4.059e-14	71	0	0	1	2561	Caudoviricetes	NA	NA	PF20307;TIGR03600;K02314;COG0305	phage replicative helicase, DnaB family, HK022 subfamily
k127_194787_1	2	268	267	-1	0.652	11	GGxGG	NA	NA	NA	0	0	0	1	NA	NA	NA	NA	NA
k127_194787_2	446	1111	666	-1	0.589	11	None	GENOMAD.013210.VV	8.769e-29	117	0	0	1	2561	Caudoviricetes	NA	NA	PF00211;PF08994;PF08993;COG2114	Adenylate and Guanylate cyclase catalytic domain; T4 gene Gp59 loader of gp41 DNA helicase C-term; T4 gene Gp59 loader of gp41 DNA helicase
k127_102232_1	3	587	585	-1	0.632	11	None	GENOMAD.088345.VV	1.586e-39	147	0	0	1	2561	Caudoviricetes	NA	NA	PF06381;TIGR01555;K09961;COG3567	phage-related protein, HI1409 family
k127_379521_1	1	459	459	1	0.608	11	None	GENOMAD.169508.VP	1.015e-25	105	0	0	1	2561	Caudoviricetes	NA	NA	PF04708;PF13262;COG1961;K14060	Site-specific DNA recombinase related to the DNA invertase Pin
k127_379525_1	3	413	411	1	0.620	11	None	GENOMAD.012591.VV	4.412e-28	111	0	0	1	2561	Caudoviricetes	NA	NA	PF16510;PF11650	Phage P22-like portal protein; P22 tail accessory factor
k127_195092_1	3	350	348	1	0.595	11	None	GENOMAD.034519.VV	1.611e-21	91	0	0	1	2561	Caudoviricetes	NA	NA	PF05136;TIGR01537;COG4695	phage portal protein, HK97 family
k127_56567_1	2	301	300	1	0.670	11	None	GENOMAD.059868.VV	6.866e-08	51	0	0	1	1	NA	NA	NA	PF20307;COG0305;TIGR02239;K04484	Divergent DnaB-like ATPase
k127_195231_1	2	316	315	-1	0.565	11	None	GENOMAD.129124.VV	7.225e-33	123	0	0	1	2561	Caudoviricetes	NA	NA	PF14550;TIGR01543;COG3740;K06904	phage prohead protease, HK97 family
k127_287467_1	58	381	324	1	0.642	11	None	GENOMAD.214229.VP	2.374e-05	44	0	0	1	2561	Caudoviricetes	NA	NA	PF07141;COG2826	Putative bacteriophage terminase small subunit
k127_287467_2	320	823	504	1	0.621	11	None	GENOMAD.087713.VP	4.098e-34	130	0	0	1	2561	Caudoviricetes	NA	NA	PF03237;COG4626	Phage terminase-like protein, large subunit, contains N-terminal HTH domain
k127_333873_1	2	391	390	1	0.510	11	None	GENOMAD.022958.VV	2.009e-06	48	0	0	1	2561	Caudoviricetes	NA	NA	PF11114;TIGR01725	Minor capsid protein
k127_287775_1	3	383	381	1	0.593	11	None	GENOMAD.060259.VV	1.891e-06	48	0	0	1	2561	Caudoviricetes	NA	NA	PF20307;TIGR02236;COG0468;K04484	Divergent DnaB-like ATPase
k127_380236_1	1	72	72	1	0.625	11	None	NA	NA	NA	0	0	0	1	NA	NA	NA	NA	NA
k127_380236_2	135	848	714	1	0.629	11	None	GENOMAD.013210.VV	1.276e-31	126	0	0	1	2561	Caudoviricetes	NA	NA	PF00211;PF08994;PF08993;COG2114	Adenylate and Guanylate cyclase catalytic domain; T4 gene Gp59 loader of gp41 DNA helicase C-term; T4 gene Gp59 loader of gp41 DNA helicase
k127_10623_1	2	340	339	1	0.655	11	None	GENOMAD.002368.VV	2.112e-25	102	0	0	1	2561	Caudoviricetes	NA	NA	PF04630;PF03354;TIGR01603;COG4626	phage major tail protein, phi13 family
k127_287862_1	1	867	867	-1	0.656	11	GGA/GAG/AGG	GENOMAD.099865.VV	1.509e-43	163	0	0	1	2561	Caudoviricetes	NA	NA	PF04466;PF17289;TIGR01547;COG5323;K06909	phage terminase, large subunit, PBSX family
k127_287862_2	980	1240	261	-1	0.632	11	None	GENOMAD.154021.VP	8.76e-08	50	0	0	1	2561	Caudoviricetes	NA	NA	PF07141;TIGR03384	Putative bacteriophage terminase small subunit
k127_57135_1	3	1547	1545	-1	0.667	11	None	GENOMAD.117045.VV	2.207e-64	233	0	0	1	2561	Caudoviricetes	NA	NA	PF04233;TIGR01641;K21690	phage putative head morphogenesis protein, SPP1 gp7 family
k127_195826_1	3	308	306	1	0.582	11	None	GENOMAD.023991.VV	1.222e-10	59	0	0	1	2561	Caudoviricetes	NA	NA	COG5410	Mu-like prophage FluMu protein gp28
k127_10787_1	3	350	348	1	0.517	11	None	GENOMAD.019349.VV	6.555e-31	118	0	0	1	2561	Caudoviricetes	NA	NA	COG5565;TIGR01547	Bacteriophage terminase large (ATPase) subunit and inactivated derivatives
k127_288233_1	3	506	504	1	0.667	11	None	GENOMAD.050027.VV	3.113e-28	113	0	0	1	1	NA	NA	NA	PF18906	Phage tail tube protein
k127_242002_1	3	374	372	1	0.540	11	None	GENOMAD.205313.VV	1.551e-07	51	0	0	1	2561	Caudoviricetes	NA	NA	PF10668;COG5484	Uncharacterized protein YjcR, contains N-terminal HTH domain
k127_196201_1	3	458	456	1	0.645	11	None	GENOMAD.013210.VV	6.89e-10	59	0	0	1	2561	Caudoviricetes	NA	NA	PF00211;PF08994;PF08993;COG2114	Adenylate and Guanylate cyclase catalytic domain; T4 gene Gp59 loader of gp41 DNA helicase C-term; T4 gene Gp59 loader of gp41 DNA helicase
k127_381171_1	3	344	342	-1	0.626	11	None	GENOMAD.023991.VV	1.996e-26	105	0	0	1	2561	Caudoviricetes	NA	NA	COG5410	Mu-like prophage FluMu protein gp28
k127_288872_1	1	819	819	1	0.676	11	None	GENOMAD.006053.VV	9.158e-28	116	0	0	1	2561	Caudoviricetes	NA	NA	PF18352;COG4540;TIGR01644	Phage protein Gp138 N-terminal domain
k127_288872_2	871	1365	495	1	0.699	11	GGA/GAG/AGG	GENOMAD.016383.VV	2.153e-21	93	0	0	0	2561	Caudoviricetes	NA	NA	PF10934	NA
k127_288872_3	1362	1877	516	1	0.715	11	None	NA	NA	NA	0	0	0	1	NA	NA	NA	NA	NA
k127_288872_4	1877	2077	201	1	0.617	11	GGA/GAG/AGG	GENOMAD.197473.VP	8.953e-21	86	0	0	0	2561	Caudoviricetes	NA	NA	NA	NA
k127_288872_5	2074	2424	351	1	0.610	11	None	GENOMAD.005285.VV	5.541e-17	78	0	0	0	2561	Caudoviricetes	NA	NA	PF03434;COG3299	Uncharacterized phage protein gp47/JayE
k127_11696_1	866	2116	1251	1	0.534	11	GGAGG	GENOMAD.000175.VV	3.583e-07	55	0	0	1	8305	Partitiviridae	NA	NA	PF00680;COG3344	Viral RNA-dependent RNA polymerase
k127_11696_2	2097	2396	300	1	0.600	11	None	NA	NA	NA	0	0	0	1	NA	NA	NA	NA	NA
k127_242676_1	2	604	603	1	0.532	11	None	GENOMAD.013210.VV	2.346e-09	59	0	0	1	2561	Caudoviricetes	NA	NA	PF00211;PF08994;PF08993;COG2114	Adenylate and Guanylate cyclase catalytic domain; T4 gene Gp59 loader of gp41 DNA helicase C-term; T4 gene Gp59 loader of gp41 DNA helicase
k127_335321_1	3	290	288	1	0.392	11	None	GENOMAD.077926.VV	1.55e-05	44	0	0	1	2561	Caudoviricetes	NA	NA	COG3772	Phage-related lysozyme (muramidase), GH24 family
k127_150625_1	3	365	363	1	0.653	11	None	GENOMAD.172137.VP	9.457e-13	66	0	0	1	2561	Caudoviricetes	NA	NA	PF07141;COG3728;TIGR02036	Putative bacteriophage terminase small subunit
k127_242915_1	1	444	444	1	0.599	11	None	GENOMAD.068048.VV	8.828e-16	76	0	0	1	2561	Caudoviricetes	NA	NA	PF20307;TIGR03600;K02314;COG0305	phage replicative helicase, DnaB family, HK022 subfamily
k127_58657_1	3	374	372	1	0.683	11	None	GENOMAD.109691.VV	1.115e-20	89	0	0	1	2561	Caudoviricetes	NA	NA	PF06141	Phage minor tail protein U
k127_197408_1	2	1054	1053	1	0.616	11	None	GENOMAD.003874.VV	0.0006655	44	0	0	1	7436	Astroviridae	NA	NA	PF00680	Viral RNA-dependent RNA polymerase
k127_104813_1	1	339	339	1	0.587	11	None	NA	NA	NA	0	0	0	1	NA	NA	NA	NA	NA
k127_104813_2	332	1105	774	1	0.628	11	None	GENOMAD.013124.VV	1.708e-15	79	0	0	1	377	Drexlerviridae	NA	NA	PF13262;COG5410	NA
k127_428492_1	1	315	315	1	0.711	11	None	GENOMAD.116655.VV	6.766e-18	80	0	0	1	2561	Caudoviricetes	NA	NA	PF04860;TIGR01537;COG5005	phage portal protein, HK97 family
k127_289879_1	142	387	246	1	0.610	11	GGAG/GAGG	GENOMAD.033530.VV	6.438e-39	139	0	0	1	2561	Caudoviricetes	NA	NA	PF05065;TIGR01554;COG4653	phage major capsid protein, HK97 family
k127_12693_1	3	311	309	-1	0.595	11	None	GENOMAD.142278.VP	0.000102	42	0	0	1	2561	Caudoviricetes	NA	NA	PF09588;COG5377;TIGR03033	Phage-related protein, predicted endonuclease
k127_151477_1	1	339	339	-1	0.649	11	None	GENOMAD.216231.VP	2.453e-07	50	0	0	1	2561	Caudoviricetes	NA	NA	PF05521;TIGR01563;COG5614	phage head-tail adaptor, putative, SPP1 family
k127_197789_1	1	117	117	1	0.684	11	None	NA	NA	NA	0	0	0	1	NA	NA	NA	NA	NA
k127_197789_2	159	254	96	1	0.698	11	None	GENOMAD.147427.VP	9.086e-06	41	0	0	1	2561	Caudoviricetes	NA	NA	PF07141	Putative bacteriophage terminase small subunit
k127_428788_1	1	618	618	-1	0.550	11	None	GENOMAD.060259.VV	0.0002164	44	0	0	1	2561	Caudoviricetes	NA	NA	PF20307;TIGR02236;COG0468;K04484	Divergent DnaB-like ATPase
k127_59262_1	1	1311	1311	-1	0.655	11	None	GENOMAD.169508.VP	2.539e-13	75	0	0	1	2561	Caudoviricetes	NA	NA	PF04708;PF13262;COG1961;K14060	Site-specific DNA recombinase related to the DNA invertase Pin
k127_290168_1	3	251	249	-1	0.554	11	None	GENOMAD.159431.VP	2.823e-17	77	0	0	1	2561	Caudoviricetes	NA	NA	PF05894;TIGR01547;COG1783	Podovirus DNA encapsidation protein (Gp16)
k127_336461_1	1	288	288	1	0.587	11	None	GENOMAD.100194.VV	5.652e-08	51	0	0	1	2561	Caudoviricetes	NA	NA	PF04466;TIGR01547;COG5323	Phage terminase large subunit
k127_59456_1	2	358	357	1	0.658	11	None	GENOMAD.068048.VV	3.946e-13	67	0	0	1	2561	Caudoviricetes	NA	NA	PF20307;TIGR03600;K02314;COG0305	phage replicative helicase, DnaB family, HK022 subfamily
k127_290621_1	2	553	552	1	0.623	11	None	GENOMAD.068048.VV	1.353e-14	74	0	0	1	2561	Caudoviricetes	NA	NA	PF20307;TIGR03600;K02314;COG0305	phage replicative helicase, DnaB family, HK022 subfamily
k127_152163_1	3	80	78	1	0.667	11	None	NA	NA	NA	0	0	0	1	NA	NA	NA	NA	NA
k127_152163_2	73	636	564	1	0.697	11	None	GENOMAD.159646.VP	6.226e-47	168	0	0	0	2561	Caudoviricetes	NA	NA	NA	NA
k127_152163_3	653	991	339	1	0.678	11	GGAGG	GENOMAD.017632.VV	6.398e-05	43	0	0	1	2561	Caudoviricetes	NA	NA	PF03354;COG5410;TIGR01547	phage terminase, large subunit, PBSX family
k127_244387_1	1	366	366	-1	0.645	11	None	GENOMAD.151092.VV	3.573e-06	47	0	0	1	2561	Caudoviricetes	NA	NA	PF09588;COG5377;TIGR03033;K01143	Phage-related protein, predicted endonuclease
k127_60173_1	3	305	303	1	0.644	11	None	GENOMAD.208446.VP	1.662e-14	70	0	0	0	2561	Caudoviricetes	NA	NA	PF01555;COG4725;K13581	N6-adenosine-specific RNA methylase IME4
k127_60173_2	347	442	96	1	0.698	11	None	GENOMAD.147427.VP	9.086e-06	41	0	0	1	2561	Caudoviricetes	NA	NA	PF07141	Putative bacteriophage terminase small subunit
k127_291172_1	3	338	336	-1	0.646	11	None	GENOMAD.099865.VV	3.024e-21	90	0	0	1	2561	Caudoviricetes	NA	NA	PF04466;PF17289;TIGR01547;COG5323;K06909	phage terminase, large subunit, PBSX family
k127_60537_1	1	405	405	-1	0.560	11	None	GENOMAD.039033.VV	6.539e-14	70	0	0	1	2561	Caudoviricetes	NA	NA	PF04466;COG5410	Phage terminase large subunit
k127_383936_1	2	340	339	-1	0.622	11	None	GENOMAD.023292.VV	6.398e-05	43	0	0	1	2561	Caudoviricetes	NA	NA	PF13479;TIGR01618;COG2087;K04484	phage nucleotide-binding protein
k127_60587_1	2	157	156	1	0.667	11	None	NA	NA	NA	0	0	0	1	NA	NA	NA	NA	NA
k127_60587_2	144	326	183	1	0.645	11	GGAGG	GENOMAD.147427.VP	1.552e-13	65	0	0	1	2561	Caudoviricetes	NA	NA	PF07141	Putative bacteriophage terminase small subunit
k127_245257_1	2	409	408	-1	0.618	11	GGA/GAG/AGG	GENOMAD.051520.VV	1.649e-21	92	0	0	0	2561	Caudoviricetes	NA	NA	NA	NA
k127_245257_2	421	651	231	-1	0.597	11	None	GENOMAD.008482.VV	7.141e-13	64	0	0	1	2561	Caudoviricetes	NA	NA	PF11041;TIGR02242	Bacteriophage Mu-like, Gp48
k127_245571_1	1	387	387	1	0.522	11	None	GENOMAD.110218.VV	1.879e-07	51	0	0	1	1	NA	NA	NA	PF13479;TIGR01618;COG2874;K04484	phage nucleotide-binding protein
k127_61086_1	1	381	381	-1	0.570	11	None	GENOMAD.123974.VV	6.317e-11	61	0	0	1	2561	Caudoviricetes	NA	NA	PF07409;COG4381	Phage protein GP46
k127_292245_1	3	440	438	1	0.614	11	None	GENOMAD.013124.VV	5.393e-11	62	0	0	1	377	Drexlerviridae	NA	NA	PF13262;COG5410	NA
k127_61471_1	3	851	849	1	0.549	11	None	GENOMAD.116655.VV	2.145e-33	133	0	0	1	2561	Caudoviricetes	NA	NA	PF04860;TIGR01537;COG5005	phage portal protein, HK97 family
k127_384905_1	3	434	432	-1	0.699	11	None	NA	NA	NA	0	0	0	1	NA	NA	NA	NA	NA
k127_384905_2	444	1049	606	-1	0.639	11	None	GENOMAD.016767.VV	1.371e-23	101	0	0	1	2561	Caudoviricetes	NA	NA	PF16510;TIGR01542	Phage P22-like portal protein
k127_246344_1	1	885	885	1	0.558	11	None	GENOMAD.046139.VV	3.396e-30	124	0	0	1	1	NA	NA	NA	PF11134	Phage stabilisation protein
k127_431548_1	3	374	372	1	0.548	11	None	GENOMAD.004550.VV	1.603e-07	51	0	0	1	2561	Caudoviricetes	NA	NA	PF11134	Phage stabilisation protein
k127_246745_1	3	383	381	1	0.612	11	None	GENOMAD.068048.VV	2.008e-15	74	0	0	1	2561	Caudoviricetes	NA	NA	PF20307;TIGR03600;K02314;COG0305	phage replicative helicase, DnaB family, HK022 subfamily
k127_108200_1	1	639	639	1	0.554	11	None	GENOMAD.013210.VV	5.421e-32	126	0	0	1	2561	Caudoviricetes	NA	NA	PF00211;PF08994;PF08993;COG2114	Adenylate and Guanylate cyclase catalytic domain; T4 gene Gp59 loader of gp41 DNA helicase C-term; T4 gene Gp59 loader of gp41 DNA helicase
k127_339378_1	2	301	300	1	0.703	11	None	GENOMAD.124156.VV	7.45e-15	71	0	0	1	2561	Caudoviricetes	NA	NA	PF04586;COG3740;TIGR01543;K06904	Phage head maturation protease
k127_62356_1	1	738	738	1	0.675	11	None	GENOMAD.032636.VV	2.859e-16	81	0	0	1	2561	Caudoviricetes	NA	NA	PF20307;PF07486;TIGR02239;COG0468;K18947	Divergent DnaB-like ATPase; Cell Wall Hydrolase
k127_293274_1	2	307	306	1	0.549	11	None	GENOMAD.016517.VV	7.409e-08	51	0	0	1	2561	Caudoviricetes	NA	NA	PF06199;COG5437;TIGR02126	Predicted secreted protein
k127_108455_1	3	299	297	-1	0.542	11	GGAG/GAGG	GENOMAD.093553.VV	1.627e-06	47	0	0	0	1	NA	NA	NA	NA	NA
k127_108455_2	296	469	174	-1	0.592	11	None	GENOMAD.114686.VV	1.527e-05	42	0	0	1	1	NA	NA	NA	PF05939;COG4718;TIGR02217	Phage minor tail protein
k127_431948_1	1	456	456	-1	0.498	11	None	GENOMAD.034519.VV	3.316e-09	57	0	0	1	2561	Caudoviricetes	NA	NA	PF05136;TIGR01537;COG4695	phage portal protein, HK97 family
k127_247300_1	2	475	474	-1	0.665	11	None	GENOMAD.013210.VV	1.707e-10	61	0	0	1	2561	Caudoviricetes	NA	NA	PF00211;PF08994;PF08993;COG2114	Adenylate and Guanylate cyclase catalytic domain; T4 gene Gp59 loader of gp41 DNA helicase C-term; T4 gene Gp59 loader of gp41 DNA helicase
k127_16299_1	1	453	453	-1	0.616	11	GGAGG	GENOMAD.063098.VV	3.541e-07	51	0	0	1	2561	Caudoviricetes	NA	NA	PF11126	Transcriptional regulator DsbA
k127_293658_1	1	453	453	1	0.450	11	None	GENOMAD.057710.VV	2.841e-21	92	0	0	1	2561	Caudoviricetes	NA	NA	PF00589;PF04860;K07358;TIGR01537	Phage integrase family; Phage portal protein
k127_108812_1	3	530	528	-1	0.640	11	None	GENOMAD.142428.VP	2.587e-12	67	0	0	1	2561	Caudoviricetes	NA	NA	COG4653	Predicted phage phi-C31 gp36 major capsid-like protein
k127_293785_1	3	392	390	1	0.587	11	None	GENOMAD.022244.VV	4.172e-17	79	0	0	1	2561	Caudoviricetes	NA	NA	PF04466;PF17288;TIGR01547;COG1783;K06909	phage terminase, large subunit, PBSX family
k127_155215_1	103	744	642	1	0.636	11	GGA/GAG/AGG	GENOMAD.013124.VV	2.76e-17	83	0	0	1	377	Drexlerviridae	NA	NA	PF13262;COG5410	NA
k127_201843_1	2	412	411	-1	0.603	11	None	GENOMAD.179365.VP	2.917e-15	74	0	0	1	2561	Caudoviricetes	NA	NA	PF17289;COG5362	Phage terminase large subunit
k127_247809_1	2	136	135	-1	0.481	11	AGGAG	NA	NA	NA	0	0	0	1	NA	NA	NA	NA	NA
k127_247809_2	133	351	219	-1	0.521	11	GGA/GAG/AGG	GENOMAD.121578.VV	2.705e-06	45	0	0	1	1	NA	NA	NA	PF06892;K22299;TIGR00673;COG4197	NA
k127_340413_1	1	309	309	1	0.518	11	None	GENOMAD.123534.VP	7.186e-40	143	0	0	1	2561	Caudoviricetes	NA	NA	PF05133;TIGR01538	Phage portal protein, SPP1 Gp6-like
k127_63469_1	2	448	447	-1	0.450	11	None	GENOMAD.017497.VV	5.177e-13	68	0	0	1	2561	Caudoviricetes	NA	NA	PF20307;K21502;TIGR03878;COG0468	Divergent DnaB-like ATPase
k127_248148_1	2	556	555	1	0.649	11	None	GENOMAD.011994.VV	3.493e-05	46	0	0	1	7436	Astroviridae	NA	NA	PF00680	Viral RNA-dependent RNA polymerase
k127_63588_1	2	199	198	1	0.657	11	None	GENOMAD.129590.VP	5.627e-11	58	0	0	1	2561	Caudoviricetes	NA	NA	PF07141	Putative bacteriophage terminase small subunit
k127_340768_1	3	377	375	1	0.608	11	None	GENOMAD.068048.VV	2.147e-13	68	0	0	1	2561	Caudoviricetes	NA	NA	PF20307;TIGR03600;K02314;COG0305	phage replicative helicase, DnaB family, HK022 subfamily
k127_294671_1	2	577	576	-1	0.637	11	None	GENOMAD.016767.VV	1.314e-19	89	0	0	1	2561	Caudoviricetes	NA	NA	PF16510;TIGR01542	Phage P22-like portal protein
k127_387194_1	2	493	492	-1	0.616	11	None	GENOMAD.169508.VP	1.988e-22	96	0	0	1	2561	Caudoviricetes	NA	NA	PF04708;PF13262;COG1961;K14060	Site-specific DNA recombinase related to the DNA invertase Pin
k127_387338_1	3	1328	1326	1	0.676	11	None	GENOMAD.013210.VV	1.269e-13	76	0	0	1	2561	Caudoviricetes	NA	NA	PF00211;PF08994;PF08993;COG2114	Adenylate and Guanylate cyclase catalytic domain; T4 gene Gp59 loader of gp41 DNA helicase C-term; T4 gene Gp59 loader of gp41 DNA helicase
k127_110303_1	2	190	189	1	0.630	11	None	NA	NA	NA	0	0	0	1	NA	NA	NA	NA	NA
k127_110303_2	262	579	318	1	0.607	11	GGAG/GAGG	GENOMAD.223589.VP	4.658e-06	46	0	0	1	2561	Caudoviricetes	NA	NA	PF08273;COG4643;TIGR01391	Uncharacterized domain associated with phage/plasmid primase
k127_110477_1	1	327	327	-1	0.575	11	GGAG/GAGG	GENOMAD.031977.VV	1.322e-12	65	0	0	1	2561	Caudoviricetes	NA	NA	COG3740;K06904	Phage head maturation protease
k127_156877_1	1	330	330	-1	0.588	11	None	GENOMAD.105068.VV	2.624e-05	44	0	0	1	1	NA	NA	NA	PF08762	CRPV capsid protein like
k127_388096_1	3	377	375	1	0.659	11	None	GENOMAD.008778.VV	1.329e-35	132	0	0	1	2561	Caudoviricetes	NA	NA	PF05069;COG5005;TIGR01635	NA
k127_295864_1	2	307	306	-1	0.657	11	None	GENOMAD.053137.VV	3.012e-09	55	0	0	1	2561	Caudoviricetes	NA	NA	PF17482	Phage tail sheath C-terminal domain
k127_249552_1	1	549	549	1	0.599	11	None	GENOMAD.123482.VP	4.766e-19	87	0	0	1	2561	Caudoviricetes	NA	NA	PF12571;COG5301	Phage-related tail fibre protein
k127_203603_1	2	697	696	-1	0.565	11	None	GENOMAD.013210.VV	1.045e-31	126	0	0	1	2561	Caudoviricetes	NA	NA	PF00211;PF08994;PF08993;COG2114	Adenylate and Guanylate cyclase catalytic domain; T4 gene Gp59 loader of gp41 DNA helicase C-term; T4 gene Gp59 loader of gp41 DNA helicase
k127_388352_1	1	369	369	1	0.653	11	None	GENOMAD.017133.VV	5.829e-19	84	0	0	1	2561	Caudoviricetes	NA	NA	PF05894;TIGR01547;COG4373	Podovirus DNA encapsidation protein (Gp16)
k127_18740_1	1	552	552	1	0.603	11	None	GENOMAD.088345.VV	1.959e-21	94	0	0	1	2561	Caudoviricetes	NA	NA	PF06381;TIGR01555;K09961;COG3567	phage-related protein, HI1409 family
k127_249958_1	2	367	366	-1	0.579	11	None	GENOMAD.001204.VV	3.069e-08	53	0	0	1	2561	Caudoviricetes	NA	NA	PF20387	NA
k127_18962_1	3	665	663	1	0.624	11	None	GENOMAD.169508.VP	7.738e-13	70	0	0	1	2561	Caudoviricetes	NA	NA	PF04708;PF13262;COG1961;K14060	Site-specific DNA recombinase related to the DNA invertase Pin
k127_250015_1	1	174	174	1	0.655	11	None	NA	NA	NA	0	0	0	1	NA	NA	NA	NA	NA
k127_250015_2	175	420	246	1	0.650	11	GGAGG	GENOMAD.018835.VV	6.601e-09	53	0	0	1	2561	Caudoviricetes	NA	NA	COG3740;TIGR01543;K06904	Phage head maturation protease
k127_435423_1	3	308	306	-1	0.585	11	None	GENOMAD.191703.VP	6.068e-10	57	0	0	1	2561	Caudoviricetes	NA	NA	PF04466;TIGR01547;COG5410	Phage terminase large subunit
k127_250608_1	3	413	411	-1	0.611	11	None	GENOMAD.063565.VV	8.565e-46	162	0	0	1	2561	Caudoviricetes	NA	NA	PF10124;COG4397	Mu-like prophage major head subunit gpT
k127_19746_1	2	343	342	1	0.588	11	None	GENOMAD.181728.VV	2.328e-08	53	0	0	1	2561	Caudoviricetes	NA	NA	PF09588;COG5377;TIGR03033	Phage-related protein, predicted endonuclease
k127_112264_1	3	335	333	1	0.655	11	None	GENOMAD.181728.VV	2.495e-06	47	0	0	1	2561	Caudoviricetes	NA	NA	PF09588;COG5377;TIGR03033	Phage-related protein, predicted endonuclease
k127_389768_1	1	309	309	-1	0.634	11	None	GENOMAD.030037.VV	4.203e-14	69	0	0	1	1	NA	NA	NA	PF08804;K18946	gp32 DNA binding protein like
k127_205263_1	3	857	855	1	0.592	11	None	GENOMAD.109691.VV	1.363e-64	224	0	0	1	2561	Caudoviricetes	NA	NA	PF06141	Phage minor tail protein U
k127_205263_2	809	940	132	-1	0.591	11	None	NA	NA	NA	0	0	0	1	NA	NA	NA	NA	NA
k127_205353_1	2	301	300	-1	0.610	11	None	GENOMAD.148237.VV	1.738e-29	113	0	0	1	2561	Caudoviricetes	NA	NA	PF17288	Terminase RNAseH like domain
k127_251392_1	3	347	345	1	0.530	11	None	GENOMAD.019555.VV	9.941e-10	57	0	0	1	2561	Caudoviricetes	NA	NA	PF11134	Phage stabilisation protein
k127_436427_1	2	475	474	-1	0.631	11	None	GENOMAD.017632.VV	2.004e-06	49	0	0	1	2561	Caudoviricetes	NA	NA	PF03354;COG5410;TIGR01547	phage terminase, large subunit, PBSX family
k127_113003_1	3	308	306	-1	0.634	11	GGA/GAG/AGG	GENOMAD.017632.VV	2.46e-11	61	0	0	1	2561	Caudoviricetes	NA	NA	PF03354;COG5410;TIGR01547	phage terminase, large subunit, PBSX family
k127_113003_2	305	694	390	-1	0.621	11	GGAGG	GENOMAD.093978.VV	0.000225	42	0	0	0	2561	Caudoviricetes	NA	NA	PF18932	NA
k127_113003_3	684	860	177	-1	0.695	11	None	NA	NA	NA	0	0	0	1	NA	NA	NA	NA	NA
k127_159281_1	2	547	546	-1	0.566	11	None	GENOMAD.136711.VP	1.587e-23	100	0	0	1	2561	Caudoviricetes	NA	NA	PF03354;COG5323	Large terminase phage packaging protein
k127_205772_1	2	121	120	-1	0.675	11	None	GENOMAD.195366.VP	1.247e-06	44	0	0	1	1	NA	NA	NA	PF05766;COG3024	Endogenous inhibitor of DNA gyrase, YacG/DUF329 family
k127_251726_1	3	323	321	-1	0.632	11	None	GENOMAD.123534.VP	3.182e-42	150	0	0	1	2561	Caudoviricetes	NA	NA	PF05133;TIGR01538	Phage portal protein, SPP1 Gp6-like
k127_20841_1	85	405	321	-1	0.595	11	None	GENOMAD.116655.VV	4.072e-55	187	0	0	1	2561	Caudoviricetes	NA	NA	PF04860;TIGR01537;COG5005	phage portal protein, HK97 family
k127_67347_1	3	308	306	-1	0.660	11	None	GENOMAD.154021.VP	5.359e-19	83	0	0	1	2561	Caudoviricetes	NA	NA	PF07141;TIGR03384	Putative bacteriophage terminase small subunit
k127_67347_2	301	702	402	-1	0.642	11	None	GENOMAD.038338.VV	1.348e-13	69	0	0	0	2561	Caudoviricetes	NA	NA	COG3392	NA
k127_67347_3	719	1570	852	-1	0.638	11	None	GENOMAD.005053.VV	1.368e-18	89	0	0	0	2561	Caudoviricetes	NA	NA	NA	NA
k127_206019_1	1	81	81	1	0.617	11	None	NA	NA	NA	0	0	0	1	NA	NA	NA	NA	NA
k127_206019_2	106	540	435	1	0.595	11	GGAG/GAGG	GENOMAD.063565.VV	1.389e-52	182	0	0	1	2561	Caudoviricetes	NA	NA	PF10124;COG4397	Mu-like prophage major head subunit gpT
k127_67464_1	2	304	303	-1	0.561	11	None	GENOMAD.032636.VV	2.897e-09	55	0	0	1	2561	Caudoviricetes	NA	NA	PF20307;PF07486;TIGR02239;COG0468;K18947	Divergent DnaB-like ATPase; Cell Wall Hydrolase
k127_21082_1	3	170	168	1	0.679	11	None	NA	NA	NA	0	0	0	1	NA	NA	NA	NA	NA
k127_21082_2	170	445	276	1	0.681	11	None	GENOMAD.025894.VV	4.044e-10	57	0	0	1	2561	Caudoviricetes	NA	NA	PF05939;COG4718	Phage-related protein
k127_206331_1	2	370	369	1	0.612	11	None	GENOMAD.109691.VV	6.576e-26	104	0	0	1	2561	Caudoviricetes	NA	NA	PF06141	Phage minor tail protein U
k127_206435_1	3	308	306	-1	0.569	11	None	GENOMAD.017632.VV	9.857e-05	42	0	0	1	2561	Caudoviricetes	NA	NA	PF03354;COG5410;TIGR01547	phage terminase, large subunit, PBSX family
k127_345305_1	3	377	375	1	0.549	11	None	GENOMAD.160783.VP	1.329e-35	132	0	0	1	2561	Caudoviricetes	NA	NA	PF04466;TIGR01547;COG5323	phage terminase, large subunit, PBSX family
k127_206931_1	1	1041	1041	1	0.622	11	None	GENOMAD.068048.VV	2.125e-20	96	0	0	1	2561	Caudoviricetes	NA	NA	PF20307;TIGR03600;K02314;COG0305	phage replicative helicase, DnaB family, HK022 subfamily
k127_114357_1	1	1167	1167	-1	0.640	11	None	GENOMAD.169508.VP	3.803e-13	74	0	0	1	2561	Caudoviricetes	NA	NA	PF04708;PF13262;COG1961;K14060	Site-specific DNA recombinase related to the DNA invertase Pin
k127_391710_1	3	368	366	1	0.615	11	None	GENOMAD.178051.VP	1.131e-19	86	0	0	1	2561	Caudoviricetes	NA	NA	PF02195;PF17288;TIGR00180;COG1475	ParB/RepB/Spo0J family partition protein
k127_299332_1	2	637	636	1	0.629	11	None	GENOMAD.169508.VP	1.165e-17	84	0	0	1	2561	Caudoviricetes	NA	NA	PF04708;PF13262;COG1961;K14060	Site-specific DNA recombinase related to the DNA invertase Pin
k127_299332_2	585	923	339	-1	0.608	11	None	NA	NA	NA	0	0	0	1	NA	NA	NA	NA	NA
k127_160669_1	1	336	336	1	0.592	11	None	GENOMAD.008810.VV	3.344e-20	87	0	0	1	2561	Caudoviricetes	NA	NA	PF05133;TIGR01538	phage portal protein, SPP1 family
k127_391938_1	3	356	354	-1	0.712	11	None	GENOMAD.007178.VV	1.308e-32	123	0	0	1	2561	Caudoviricetes	NA	NA	COG4653	Predicted phage phi-C31 gp36 major capsid-like protein
k127_438142_1	1	249	249	-1	0.602	11	GGAG/GAGG	GENOMAD.055746.VV	5.499e-11	59	0	0	1	2561	Caudoviricetes	NA	NA	PF10876	Phage tail assembly chaperone protein, TAC
k127_438142_2	249	344	96	-1	0.667	11	None	NA	NA	NA	0	0	0	1	NA	NA	NA	NA	NA
k127_22312_1	2	385	384	-1	0.578	11	None	GENOMAD.116655.VV	1.849e-33	126	0	0	1	2561	Caudoviricetes	NA	NA	PF04860;TIGR01537;COG5005	phage portal protein, HK97 family
k127_438217_1	3	488	486	-1	0.650	11	None	GENOMAD.169399.VP	2.168e-20	90	0	0	1	2561	Caudoviricetes	NA	NA	PF05876;PF20454;COG5525;K21512	Phage terminase, large subunit GpA
k127_114751_1	3	371	369	-1	0.631	11	None	GENOMAD.073447.VV	6.482e-09	55	0	0	1	2561	Caudoviricetes	NA	NA	PF00580;TIGR04095;COG4373	UvrD/REP helicase N-terminal domain
k127_160961_1	1	426	426	1	0.552	11	None	GENOMAD.152240.VV	2.15e-11	63	0	0	1	2561	Caudoviricetes	NA	NA	COG4675	Microcystin-dependent protein  (function unknown)
k127_392139_1	2	670	669	1	0.608	11	None	GENOMAD.180947.VP	2.434e-37	142	0	0	1	2561	Caudoviricetes	NA	NA	PF04466;COG5323;TIGR01547;K21523	Large terminase phage packaging protein
k127_438354_1	1	525	525	-1	0.371	11	None	GENOMAD.078402.VV	2.869e-67	226	0	0	1	2561	Caudoviricetes	NA	NA	PF06381;K09961;TIGR01555;COG3567	phage-related protein, HI1409 family
k127_207618_1	2	379	378	-1	0.616	11	None	GENOMAD.125812.VV	1.139e-12	66	0	0	1	2561	Caudoviricetes	NA	NA	PF04466;TIGR01547;COG1783;K06909	phage terminase, large subunit, PBSX family
k127_115044_1	2	472	471	1	0.667	11	None	GENOMAD.003939.VV	1.692e-30	119	0	0	1	2561	Caudoviricetes	NA	NA	PF04865;COG3299	Baseplate J-like protein
k127_161287_1	1	669	669	-1	0.635	11	None	GENOMAD.169508.VP	1.06e-26	111	0	0	1	2561	Caudoviricetes	NA	NA	PF04708;PF13262;COG1961;K14060	Site-specific DNA recombinase related to the DNA invertase Pin
k127_161308_1	2	214	213	1	0.714	11	None	GENOMAD.042635.VV	1.525e-10	57	0	0	1	2561	Caudoviricetes	NA	NA	PF11114;TIGR01725;COG5005	phage protein, HK97 gp10 family
k127_161308_2	207	311	105	1	0.657	11	AGGA	NA	NA	NA	0	0	0	1	NA	NA	NA	NA	NA
k127_438662_1	2	343	342	-1	0.626	11	None	GENOMAD.110224.VV	5.164e-08	52	0	0	1	1	NA	NA	NA	PF04586;TIGR01543;COG3740;K06904	phage prohead protease, HK97 family
k127_300313_1	2	667	666	1	0.664	11	None	GENOMAD.013124.VV	7.421e-17	82	0	0	1	377	Drexlerviridae	NA	NA	PF13262;COG5410	NA
k127_23082_1	2	64	63	-1	0.540	11	AGGAG	NA	NA	NA	0	0	0	1	NA	NA	NA	NA	NA
k127_23082_2	291	680	390	-1	0.577	11	None	GENOMAD.116655.VV	3.391e-68	226	0	0	1	2561	Caudoviricetes	NA	NA	PF04860;TIGR01537;COG5005	phage portal protein, HK97 family
k127_208440_1	1	372	372	-1	0.731	11	None	GENOMAD.089902.VV	1.385e-26	106	0	0	1	2561	Caudoviricetes	NA	NA	PF11242;COG1609;TIGR02405	NA
k127_162053_1	3	1202	1200	1	0.572	11	None	GENOMAD.145315.VC	8.974e-61	218	0	0	1	2561	Caudoviricetes	NA	NA	PF13550	Putative phage tail protein
k127_162053_2	1199	1396	198	1	0.576	11	GGA/GAG/AGG	GENOMAD.225998.VP	1.689e-36	131	0	0	0	1	NA	NA	NA	NA	NA
k127_162053_3	1566	1763	198	1	0.596	11	None	NA	NA	NA	0	0	0	1	NA	NA	NA	NA	NA
k127_162053_4	1771	1836	66	1	0.530	11	GGAG/GAGG	NA	NA	NA	0	0	0	1	NA	NA	NA	NA	NA
k127_254542_1	2	376	375	1	0.669	11	None	GENOMAD.033798.VV	5.892e-28	110	0	0	1	2561	Caudoviricetes	NA	NA	PF11134	Phage stabilisation protein
k127_347062_1	3	377	375	1	0.629	11	None	GENOMAD.147571.VP	5.223e-21	90	0	0	1	2561	Caudoviricetes	NA	NA	PF20441;COG5362	Terminase large subunit, endonuclease domain
k127_254603_1	3	323	321	1	0.760	11	None	GENOMAD.124507.VV	2.136e-14	70	0	0	1	2561	Caudoviricetes	NA	NA	PF11242;K22300;COG3655;TIGR00673	DNA-binding transcriptional regulator, XRE family
k127_162457_1	1	102	102	1	0.725	11	None	NA	NA	NA	0	0	0	1	NA	NA	NA	NA	NA
k127_162457_2	55	384	330	-1	0.718	11	None	GENOMAD.109436.VV	4.868e-15	72	0	0	1	2561	Caudoviricetes	NA	NA	PF04865;COG3299	Baseplate J-like protein
k127_70186_1	37	411	375	-1	0.627	11	None	GENOMAD.035079.VV	2.253e-21	91	0	0	1	2561	Caudoviricetes	NA	NA	PF18906	Phage tail tube protein
k127_301497_1	2	358	357	-1	0.678	11	None	GENOMAD.064038.VV	3.594e-14	70	0	0	1	2561	Caudoviricetes	NA	NA	PF04860;TIGR01537;COG4695	phage portal protein, HK97 family
k127_347687_1	3	314	312	1	0.625	11	None	GENOMAD.161610.VP	5.157e-12	63	0	0	1	2561	Caudoviricetes	NA	NA	PF04865;COG3299	Baseplate J-like protein
k127_347687_2	316	453	138	1	0.667	11	None	NA	NA	NA	0	0	0	1	NA	NA	NA	NA	NA
k127_255206_1	2	334	333	1	0.550	11	None	GENOMAD.179239.VC	1.431e-12	65	0	0	1	2561	Caudoviricetes	NA	NA	PF04860;TIGR01537;COG4695	phage portal protein, HK97 family
k127_162958_1	2	538	537	1	0.680	11	None	GENOMAD.097639.VV	5.776e-25	104	0	0	1	2561	Caudoviricetes	NA	NA	PF17289;TIGR01630;COG5362	phage uncharacterized protein (putative large terminase), C-terminal domain
k127_116860_1	2	361	360	-1	0.653	11	None	GENOMAD.017133.VV	1.53e-15	74	0	0	1	2561	Caudoviricetes	NA	NA	PF05894;TIGR01547;COG4373	Podovirus DNA encapsidation protein (Gp16)
k127_117002_1	3	428	426	1	0.446	4	None	GENOMAD.097629.VV	7.17e-25	102	0	0	1	2561	Caudoviricetes	NA	NA	PF04466;PF17288;TIGR01547;COG1783;K06909	phage terminase, large subunit, PBSX family
k127_117046_1	3	344	342	-1	0.670	11	None	GENOMAD.129874.VP	8.103e-60	201	0	0	1	2561	Caudoviricetes	NA	NA	PF10076;COG3778;TIGR02242	Uncharacterized protein YmfQ in lambdoid prophage, DUF2313 family
k127_71072_1	1	315	315	1	0.584	11	None	GENOMAD.005453.VV	1.887e-30	116	0	0	1	2561	Caudoviricetes	NA	NA	PF11863;COG4386	Mu-like prophage tail sheath protein gpL
k127_302008_1	1	225	225	1	0.676	11	None	GENOMAD.152079.VP	6.081e-14	67	0	0	1	2561	Caudoviricetes	NA	NA	PF07141;COG2826;TIGR00721	Putative bacteriophage terminase small subunit
k127_394565_1	2	457	456	-1	0.513	11	GGA/GAG/AGG	NA	NA	NA	0	0	0	1	NA	NA	NA	NA	NA
k127_394565_2	460	1362	903	-1	0.526	11	AGGA/GGAG/GAGG	NA	NA	NA	0	0	0	1	NA	NA	NA	NA	NA
k127_394565_3	1363	1884	522	-1	0.579	11	3Base/5BMM	NA	NA	NA	0	0	0	1	NA	NA	NA	NA	NA
k127_394565_4	2993	4348	1356	-1	0.591	11	GGA/GAG/AGG	NA	NA	NA	0	0	0	1	NA	NA	NA	NA	NA
k127_394565_5	4363	4869	507	-1	0.515	11	GGA/GAG/AGG	NA	NA	NA	0	0	0	1	NA	NA	NA	NA	NA
k127_394565_6	4847	5836	990	-1	0.572	11	AGGAG	NA	NA	NA	0	0	0	1	NA	NA	NA	NA	NA
k127_394565_7	5829	6143	315	-1	0.470	11	GGA/GAG/AGG	NA	NA	NA	0	0	0	1	NA	NA	NA	NA	NA
k127_394565_8	6296	7198	903	-1	0.601	11	None	GENOMAD.051127.VV	1.421e-36	143	0	0	0	1	NA	NA	NA	NA	NA
k127_71254_1	3	401	399	1	0.551	11	None	GENOMAD.180773.VP	9.017e-09	55	0	0	1	2561	Caudoviricetes	NA	NA	PF17289;COG5362;TIGR01630	Phage terminase large subunit
k127_302209_1	2	586	585	-1	0.644	11	None	GENOMAD.013124.VV	9.563e-10	60	0	0	1	377	Drexlerviridae	NA	NA	PF13262;COG5410	NA
k127_209998_1	3	323	321	1	0.629	11	None	GENOMAD.226499.VP	4.163e-31	118	0	0	0	1	NA	NA	NA	PF07764;COG4226;TIGR04563;K07722	Predicted nuclease of the RNAse H fold, HicB family
k127_209998_2	473	1642	1170	1	0.599	11	GGAGG	GENOMAD.169508.VP	6.876e-18	89	0	0	1	2561	Caudoviricetes	NA	NA	PF04708;PF13262;COG1961;K14060	Site-specific DNA recombinase related to the DNA invertase Pin
k127_163619_1	2	148	147	1	0.571	11	None	NA	NA	NA	0	0	0	1	NA	NA	NA	NA	NA
k127_163619_2	165	584	420	1	0.588	11	GGAGG	GENOMAD.169508.VP	3.253e-15	74	0	0	1	2561	Caudoviricetes	NA	NA	PF04708;PF13262;COG1961;K14060	Site-specific DNA recombinase related to the DNA invertase Pin
k127_163624_1	3	422	420	-1	0.586	11	GGAGG	GENOMAD.169508.VP	3.253e-15	74	0	0	1	2561	Caudoviricetes	NA	NA	PF04708;PF13262;COG1961;K14060	Site-specific DNA recombinase related to the DNA invertase Pin
k127_302534_1	3	434	432	1	0.634	11	None	GENOMAD.116655.VV	8.178e-58	197	0	0	1	2561	Caudoviricetes	NA	NA	PF04860;TIGR01537;COG5005	phage portal protein, HK97 family
k127_441177_1	1	363	363	1	0.562	11	None	GENOMAD.068048.VV	3.401e-15	73	0	0	1	2561	Caudoviricetes	NA	NA	PF20307;TIGR03600;K02314;COG0305	phage replicative helicase, DnaB family, HK022 subfamily
k127_25383_1	3	374	372	1	0.605	11	None	GENOMAD.068048.VV	1.961e-14	71	0	0	1	2561	Caudoviricetes	NA	NA	PF20307;TIGR03600;K02314;COG0305	phage replicative helicase, DnaB family, HK022 subfamily
k127_302699_1	3	329	327	1	0.584	11	None	GENOMAD.067824.VV	1.607e-10	59	0	0	1	2561	Caudoviricetes	NA	NA	PF06141	Phage minor tail protein U
k127_210458_1	2	358	357	-1	0.627	11	None	NA	NA	NA	0	0	0	1	NA	NA	NA	NA	NA
k127_210458_2	355	798	444	-1	0.619	11	GGAG/GAGG	GENOMAD.032929.VV	3.317e-06	48	0	0	1	2561	Caudoviricetes	NA	NA	PF05069;TIGR01635;COG5005	phage virion morphogenesis (putative tail completion) protein
k127_210458_3	795	995	201	-1	0.667	11	None	NA	NA	NA	0	0	0	1	NA	NA	NA	NA	NA
k127_25631_1	2	1453	1452	-1	0.653	11	None	GENOMAD.068590.VV	6.152e-17	87	0	0	1	2561	Caudoviricetes	NA	NA	PF13871;PF11242;K11654;TIGR00721	C-terminal domain on Strawberry notch homologue
k127_26208_1	1	438	438	-1	0.616	11	None	GENOMAD.169508.VP	9.608e-14	70	0	0	1	2561	Caudoviricetes	NA	NA	PF04708;PF13262;COG1961;K14060	Site-specific DNA recombinase related to the DNA invertase Pin
k127_349937_1	1	417	417	1	0.460	11	None	GENOMAD.005163.VV	1.476e-32	124	0	0	1	2561	Caudoviricetes	NA	NA	PF11651;TIGR04387	P22 coat protein - gene protein 5
k127_211550_1	2	304	303	1	0.680	11	None	GENOMAD.130585.VV	3.898e-06	46	0	0	1	2561	Caudoviricetes	NA	NA	PF05119;COG3747;TIGR01558	Phage terminase, small subunit
k127_26576_1	3	923	921	1	0.679	11	None	GENOMAD.013210.VV	9.789e-18	87	0	0	1	2561	Caudoviricetes	NA	NA	PF00211;PF08994;PF08993;COG2114	Adenylate and Guanylate cyclase catalytic domain; T4 gene Gp59 loader of gp41 DNA helicase C-term; T4 gene Gp59 loader of gp41 DNA helicase
k127_211697_1	1	330	330	-1	0.645	11	None	GENOMAD.020866.VV	2.624e-05	44	0	0	1	2561	Caudoviricetes	NA	NA	PF16463;COG5437;TIGR02126	Phage tail tube protein family
k127_211697_2	341	493	153	-1	0.601	11	None	NA	NA	NA	0	0	0	1	NA	NA	NA	NA	NA
k127_396489_1	99	347	249	1	0.542	11	GGAG/GAGG	GENOMAD.009413.VV	9.697e-06	44	0	0	1	2561	Caudoviricetes	NA	NA	TIGR01547	phage terminase, large subunit, PBSX family
k127_442634_1	61	342	282	-1	0.610	11	None	GENOMAD.097639.VV	1.888e-10	58	0	0	1	2561	Caudoviricetes	NA	NA	PF17289;TIGR01630;COG5362	phage uncharacterized protein (putative large terminase), C-terminal domain
k127_211866_1	2	154	153	-1	0.771	11	GGA/GAG/AGG	NA	NA	NA	0	0	0	1	NA	NA	NA	NA	NA
k127_211866_2	173	610	438	-1	0.680	11	None	GENOMAD.068048.VV	2.052e-13	69	0	0	1	2561	Caudoviricetes	NA	NA	PF20307;TIGR03600;K02314;COG0305	phage replicative helicase, DnaB family, HK022 subfamily
k127_73274_1	3	500	498	-1	0.691	11	None	GENOMAD.068590.VV	1.82e-24	102	0	0	1	2561	Caudoviricetes	NA	NA	PF13871;PF11242;K11654;TIGR00721	C-terminal domain on Strawberry notch homologue
k127_257974_1	3	800	798	-1	0.569	11	AGGAG	GENOMAD.180398.VP	2.52e-47	173	0	0	1	1	NA	NA	NA	TIGR04387	major capsid protein, N4-gp56 family
k127_257974_2	839	1261	423	-1	0.582	11	GGAGG	NA	NA	NA	0	0	0	1	NA	NA	NA	NA	NA
k127_257974_3	1277	2695	1419	-1	0.595	11	None	NA	NA	NA	0	0	0	1	NA	NA	NA	NA	NA
k127_257974_4	2747	2980	234	1	0.577	11	GGAG/GAGG	GENOMAD.052433.VV	7.546e-06	44	0	0	0	2561	Caudoviricetes	NA	NA	NA	NA
k127_257974_5	2958	3839	882	-1	0.593	11	GGAG/GAGG	GENOMAD.178359.VP	5.268e-11	66	0	0	0	2561	Caudoviricetes	NA	NA	NA	NA
k127_257974_6	3836	4009	174	-1	0.552	11	GGAG/GAGG	GENOMAD.064555.VV	3.569e-18	78	0	0	0	1	NA	NA	NA	NA	NA
k127_257974_7	4030	4239	210	-1	0.567	11	GGA/GAG/AGG	NA	NA	NA	0	0	0	1	NA	NA	NA	NA	NA
k127_257974_8	4236	5132	897	-1	0.563	11	None	NA	NA	NA	0	0	0	1	NA	NA	NA	NA	NA
k127_257993_1	3	776	774	-1	0.513	11	None	GENOMAD.061750.VV	6.404e-27	113	0	0	1	1	NA	NA	NA	PF16510	Phage P22-like portal protein
k127_27104_1	3	566	564	1	0.635	11	None	GENOMAD.145926.VV	7.044e-14	72	0	0	1	2561	Caudoviricetes	NA	NA	PF11242;TIGR00721;COG4584;K01994	Cry35Ab1 HTH C-terminal domain
k127_27104_2	559	759	201	1	0.657	11	GGAGG	NA	NA	NA	0	0	0	1	NA	NA	NA	NA	NA
k127_27104_3	756	953	198	1	0.682	11	GGAG/GAGG	NA	NA	NA	0	0	0	1	NA	NA	NA	NA	NA
k127_27458_1	44	307	264	-1	0.735	11	None	GENOMAD.069707.VV	5.793e-27	105	0	0	1	2561	Caudoviricetes	NA	NA	PF05069;TIGR01725;COG5005	Phage virion morphogenesis family
k127_443473_1	1	669	669	-1	0.644	11	None	GENOMAD.107165.VP	1.188e-24	105	0	0	1	2561	Caudoviricetes	NA	NA	COG5280	Phage-related minor tail protein
k127_120331_1	1	468	468	-1	0.656	11	None	GENOMAD.113513.VP	3.81e-55	190	0	0	1	2561	Caudoviricetes	NA	NA	PF11863;COG4386	Mu-like prophage tail sheath protein gpL
k127_351349_1	2	409	408	1	0.549	11	None	GENOMAD.147427.VP	6.539e-14	70	0	0	1	2561	Caudoviricetes	NA	NA	PF07141	Putative bacteriophage terminase small subunit
k127_443996_1	2	307	306	1	0.641	11	None	GENOMAD.003597.VV	2.221e-12	64	0	0	1	2561	Caudoviricetes	NA	NA	PF16510	NA
k127_213197_1	3	254	252	-1	0.575	11	GGAG/GAGG	GENOMAD.106143.VV	4.275e-21	88	0	0	1	1	NA	NA	NA	PF10109	Phage tail assembly chaperone proteins, E, or 41 or 14
k127_444081_1	2	343	342	1	0.567	11	None	GENOMAD.076091.VV	1.049e-08	54	0	0	1	2561	Caudoviricetes	NA	NA	PF19782	NA
k127_398007_1	3	404	402	-1	0.612	11	None	GENOMAD.116655.VV	1.924e-27	109	0	0	1	2561	Caudoviricetes	NA	NA	PF04860;TIGR01537;COG5005	phage portal protein, HK97 family
k127_213428_1	3	689	687	-1	0.689	11	None	GENOMAD.069227.VV	1.486e-05	48	0	0	1	2561	Caudoviricetes	NA	NA	PF05268	Phage tail fibre adhesin Gp38
k127_213539_1	3	371	369	1	0.659	11	None	GENOMAD.060259.VV	3.428e-07	50	0	0	1	2561	Caudoviricetes	NA	NA	PF20307;TIGR02236;COG0468;K04484	Divergent DnaB-like ATPase
k127_305815_1	2	310	309	-1	0.602	11	GGA/GAG/AGG	GENOMAD.014251.VV	1.884e-06	47	0	0	0	2561	Caudoviricetes	NA	NA	NA	NA
k127_305815_2	321	941	621	-1	0.601	11	None	GENOMAD.105412.VV	5.481e-08	55	0	0	1	2561	Caudoviricetes	NA	NA	COG4675	Microcystin-dependent protein  (function unknown)
k127_398283_1	1	465	465	1	0.695	11	None	GENOMAD.068590.VV	6.906e-11	62	0	0	1	2561	Caudoviricetes	NA	NA	PF13871;PF11242;K11654;TIGR00721	C-terminal domain on Strawberry notch homologue
k127_398283_2	537	608	72	1	0.653	11	GGAGG	NA	NA	NA	0	0	0	1	NA	NA	NA	NA	NA
k127_305872_1	2	682	681	-1	0.601	11	None	GENOMAD.019889.VV	6.899e-06	49	0	0	1	3032	Kyanoviridae	NA	NA	PF19782	NA
k127_167234_1	1	684	684	1	0.686	11	None	GENOMAD.013210.VV	7.97e-34	132	0	0	1	2561	Caudoviricetes	NA	NA	PF00211;PF08994;PF08993;COG2114	Adenylate and Guanylate cyclase catalytic domain; T4 gene Gp59 loader of gp41 DNA helicase C-term; T4 gene Gp59 loader of gp41 DNA helicase
k127_167320_1	2	496	495	1	0.628	11	None	GENOMAD.169508.VP	3.02e-27	110	0	0	1	2561	Caudoviricetes	NA	NA	PF04708;PF13262;COG1961;K14060	Site-specific DNA recombinase related to the DNA invertase Pin
k127_167324_1	3	401	399	1	0.627	11	None	GENOMAD.169508.VP	6.582e-22	93	0	0	1	2561	Caudoviricetes	NA	NA	PF04708;PF13262;COG1961;K14060	Site-specific DNA recombinase related to the DNA invertase Pin
k127_398559_1	82	405	324	1	0.559	11	GGAG/GAGG	GENOMAD.018218.VV	4.224e-16	75	0	0	1	2561	Caudoviricetes	NA	NA	PF03864	Phage major capsid protein E
k127_121387_1	2	112	111	1	0.703	11	None	NA	NA	NA	0	0	0	1	NA	NA	NA	NA	NA
k127_121387_2	129	302	174	-1	0.690	11	None	GENOMAD.057879.VV	3.015e-06	44	0	0	1	1	NA	NA	NA	PF09035;COG4220;TIGR01764	Excisionase from transposon Tn916
k127_28891_1	1	564	564	-1	0.642	11	None	GENOMAD.169508.VP	3.575e-12	67	0	0	1	2561	Caudoviricetes	NA	NA	PF04708;PF13262;COG1961;K14060	Site-specific DNA recombinase related to the DNA invertase Pin
k127_28961_1	2	487	486	-1	0.652	11	None	GENOMAD.013210.VV	2.004e-09	58	0	0	1	2561	Caudoviricetes	NA	NA	PF00211;PF08994;PF08993;COG2114	Adenylate and Guanylate cyclase catalytic domain; T4 gene Gp59 loader of gp41 DNA helicase C-term; T4 gene Gp59 loader of gp41 DNA helicase
k127_214026_1	2	343	342	-1	0.620	11	None	GENOMAD.059582.VV	2.429e-16	76	0	0	1	2561	Caudoviricetes	NA	NA	TIGR01725	phage protein, HK97 gp10 family
k127_260089_1	3	374	372	-1	0.586	11	None	GENOMAD.138398.VP	1.856e-23	97	0	0	1	2561	Caudoviricetes	NA	NA	PF04466;TIGR01547;COG1783	phage terminase, large subunit, PBSX family
k127_121656_1	1	351	351	-1	0.590	11	None	GENOMAD.148016.VP	5.732e-08	52	0	0	1	2561	Caudoviricetes	NA	NA	PF05119;COG3747;TIGR01558	Phage terminase, small subunit
k127_214226_1	3	368	366	-1	0.481	11	None	GENOMAD.160443.VP	1.547e-24	100	0	0	1	2561	Caudoviricetes	NA	NA	PF20307;TIGR03600;K18947;COG0305	phage replicative helicase, DnaB family, HK022 subfamily
k127_306551_1	279	1280	1002	1	0.601	11	AGGA	GENOMAD.001977.VV	1.639e-96	319	0	0	1	2561	Caudoviricetes	NA	NA	PF04586;TIGR01543;K06904	phage prohead protease, HK97 family
k127_76023_1	1	855	855	1	0.577	11	None	GENOMAD.013210.VV	1.135e-31	128	0	0	1	2561	Caudoviricetes	NA	NA	PF00211;PF08994;PF08993;COG2114	Adenylate and Guanylate cyclase catalytic domain; T4 gene Gp59 loader of gp41 DNA helicase C-term; T4 gene Gp59 loader of gp41 DNA helicase
k127_122178_1	2	667	666	-1	0.683	11	None	GENOMAD.099865.VV	2.926e-34	133	0	0	1	2561	Caudoviricetes	NA	NA	PF04466;PF17289;TIGR01547;COG5323;K06909	phage terminase, large subunit, PBSX family
k127_214736_1	2	112	111	1	0.667	11	None	NA	NA	NA	0	0	0	1	NA	NA	NA	NA	NA
k127_214736_2	60	425	366	-1	0.634	11	None	GENOMAD.119462.VV	1.035e-11	63	0	0	1	2561	Caudoviricetes	NA	NA	TIGR01543	phage prohead protease, HK97 family
k127_445589_1	84	1223	1140	-1	0.604	11	None	GENOMAD.057710.VV	0.0001829	46	0	0	1	2561	Caudoviricetes	NA	NA	PF00589;PF04860;K07358;TIGR01537	Phage integrase family; Phage portal protein
k127_445589_2	1220	1438	219	-1	0.603	11	None	NA	NA	NA	0	0	0	1	NA	NA	NA	NA	NA
k127_214801_1	3	743	741	1	0.582	11	None	GENOMAD.020821.VV	2.803e-18	87	0	0	1	2561	Caudoviricetes	NA	NA	PF05876;PF16203;K14440;COG5410;TIGR04095	ERCC4-related helicase
k127_445738_1	1	549	549	-1	0.627	11	None	GENOMAD.169508.VP	3.128e-25	105	0	0	1	2561	Caudoviricetes	NA	NA	PF04708;PF13262;COG1961;K14060	Site-specific DNA recombinase related to the DNA invertase Pin
k127_30103_1	2	337	336	1	0.408	11	None	GENOMAD.068048.VV	2.167e-08	53	0	0	1	2561	Caudoviricetes	NA	NA	PF20307;TIGR03600;K02314;COG0305	phage replicative helicase, DnaB family, HK022 subfamily
k127_261193_1	2	337	336	1	0.604	11	None	GENOMAD.068048.VV	1.11e-15	74	0	0	1	2561	Caudoviricetes	NA	NA	PF20307;TIGR03600;K02314;COG0305	phage replicative helicase, DnaB family, HK022 subfamily
k127_446073_1	1	306	306	-1	0.657	11	None	GENOMAD.073447.VV	4.951e-12	63	0	0	1	2561	Caudoviricetes	NA	NA	PF00580;TIGR04095;COG4373	UvrD/REP helicase N-terminal domain
k127_122770_1	3	314	312	1	0.615	11	None	GENOMAD.005158.VV	1.323e-10	59	0	0	1	2561	Caudoviricetes	NA	NA	PF04586;PF13395;TIGR02646;K06904	TIGR02646 family protein
k127_122802_1	2	640	639	1	0.599	11	None	GENOMAD.095548.VV	2.505e-05	47	0	0	0	2561	Caudoviricetes	NA	NA	PF06067;TIGR03299	phage/plasmid-like protein TIGR03299
k127_122802_2	701	916	216	1	0.560	11	GGAG/GAGG	NA	NA	NA	0	0	0	1	NA	NA	NA	NA	NA
k127_122802_3	913	1089	177	1	0.463	11	AGGAG	NA	NA	NA	0	0	0	1	NA	NA	NA	NA	NA
k127_122802_4	1092	1352	261	1	0.544	11	GGAG/GAGG	GENOMAD.131820.VV	1.095e-05	44	0	0	0	1	NA	NA	NA	NA	NA
k127_122802_5	1365	2588	1224	1	0.582	11	AGGA	GENOMAD.084328.VV	1.597e-25	113	0	0	0	1	NA	NA	NA	PF01930;TIGR00372	CRISPR-associated protein Cas4
k127_122802_6	2581	3615	1035	1	0.598	11	GGAG/GAGG	GENOMAD.015234.VV	6.076e-50	184	0	0	0	2561	Caudoviricetes	NA	NA	NA	NA
k127_122802_7	3655	3924	270	1	0.585	11	GGAG/GAGG	GENOMAD.060104.VV	2.082e-30	115	0	0	0	1	NA	NA	NA	NA	NA
k127_122802_8	3921	4190	270	1	0.567	11	GGAGG	NA	NA	NA	0	0	0	1	NA	NA	NA	NA	NA
k127_122802_9	4457	4711	255	1	0.557	11	GGA/GAG/AGG	NA	NA	NA	0	0	0	1	NA	NA	NA	NA	NA
k127_122802_10	4822	5766	945	1	0.535	11	GGAG/GAGG	GENOMAD.084756.VV	5.688e-21	97	0	0	1	2561	Caudoviricetes	NA	NA	PF09681;TIGR01714	N-terminal phage replisome organiser (Phage_rep_org_N)
k127_122802_11	5871	6269	399	1	0.559	11	3Base/5BMM	NA	NA	NA	0	0	0	1	NA	NA	NA	NA	NA
k127_122802_12	6262	7584	1323	1	0.609	11	AGGAG	GENOMAD.068048.VV	3.62e-21	100	0	0	1	2561	Caudoviricetes	NA	NA	PF20307;TIGR03600;K02314;COG0305	phage replicative helicase, DnaB family, HK022 subfamily
k127_122802_13	7878	8189	312	1	0.599	11	None	GENOMAD.195645.VP	4.189e-06	46	0	0	0	2561	Caudoviricetes	NA	NA	PF03852;COG3727;TIGR00632	G:T-mismatch repair DNA endonuclease, very short patch repair protein
k127_122802_14	8199	8450	252	1	0.508	11	GGA/GAG/AGG	NA	NA	NA	0	0	0	1	NA	NA	NA	NA	NA
k127_122802_15	8447	8860	414	1	0.570	11	AGGAG	GENOMAD.221993.VP	1.685e-12	66	0	0	0	1	NA	NA	NA	NA	NA
k127_122802_16	8867	9112	246	1	0.565	11	GGAG/GAGG	NA	NA	NA	0	0	0	1	NA	NA	NA	NA	NA
k127_122802_17	9109	9318	210	1	0.529	11	AGxAGG/AGGxGG	NA	NA	NA	0	0	0	1	NA	NA	NA	NA	NA
k127_122802_18	9473	9667	195	1	0.590	11	GGAGG	NA	NA	NA	0	0	0	1	NA	NA	NA	NA	NA
k127_122802_19	9676	10014	339	-1	0.578	11	GGAGG	NA	NA	NA	0	0	0	1	NA	NA	NA	NA	NA
k127_122802_20	10210	11208	999	-1	0.606	11	GGA/GAG/AGG	GENOMAD.039241.VV	3.397e-10	64	0	0	0	2561	Caudoviricetes	NA	NA	NA	NA
k127_122802_21	11498	12223	726	1	0.489	11	AGGAG	GENOMAD.121428.VP	8.901e-26	109	0	0	0	2561	Caudoviricetes	NA	NA	NA	NA
k127_122802_22	12210	13661	1452	-1	0.607	11	AGGAG	GENOMAD.051312.VV	7.631e-24	109	0	0	0	1	NA	NA	NA	NA	NA
k127_122802_23	13663	14298	636	-1	0.574	11	GGA/GAG/AGG	GENOMAD.181205.VV	5.995e-08	55	0	0	0	2561	Caudoviricetes	NA	NA	PF05735	Thrombospondin C-terminal region
k127_122802_24	14302	14463	162	-1	0.593	11	GGA/GAG/AGG	NA	NA	NA	0	0	0	1	NA	NA	NA	NA	NA
k127_122802_25	14511	14765	255	-1	0.549	11	3Base/5BMM	NA	NA	NA	0	0	0	1	NA	NA	NA	NA	NA
k127_122802_26	14749	15450	702	-1	0.573	11	GGAG/GAGG	GENOMAD.220840.VP	2.598e-41	154	0	0	0	1	NA	NA	NA	NA	NA
k127_122802_27	16022	16393	372	-1	0.594	11	GGAGG	NA	NA	NA	0	0	0	1	NA	NA	NA	NA	NA
k127_122802_28	16396	16995	600	-1	0.602	11	AGxAGG/AGGxGG	NA	NA	NA	0	0	0	1	NA	NA	NA	NA	NA
k127_122802_29	17010	17309	300	-1	0.567	11	AGGAG	NA	NA	NA	0	0	0	1	NA	NA	NA	NA	NA
k127_122802_30	17429	17722	294	-1	0.697	11	GGAG/GAGG	NA	NA	NA	0	0	0	1	NA	NA	NA	NA	NA
k127_122802_31	18219	18419	201	1	0.577	11	GGA/GAG/AGG	NA	NA	NA	0	0	0	1	NA	NA	NA	NA	NA
k127_122802_32	18420	18551	132	1	0.576	11	None	NA	NA	NA	0	0	0	1	NA	NA	NA	NA	NA
k127_353810_1	2	358	357	1	0.583	11	None	GENOMAD.008115.VV	2.772e-08	53	0	0	1	2561	Caudoviricetes	NA	NA	PF08931	NA
k127_169156_1	2	430	429	1	0.634	11	None	NA	NA	NA	0	0	0	1	NA	NA	NA	NA	NA
k127_169156_2	921	1514	594	1	0.613	11	AGGAG	GENOMAD.000175.VV	0.0001937	44	0	0	1	8305	Partitiviridae	NA	NA	PF00680;COG3344	Viral RNA-dependent RNA polymerase
k127_261674_1	2	337	336	-1	0.586	11	GGAG/GAGG	GENOMAD.116655.VV	2.441e-55	188	0	0	1	2561	Caudoviricetes	NA	NA	PF04860;TIGR01537;COG5005	phage portal protein, HK97 family
k127_308136_1	3	509	507	-1	0.677	11	GGA/GAG/AGG	GENOMAD.039786.VV	5.255e-09	57	0	0	0	2561	Caudoviricetes	NA	NA	NA	NA
k127_308136_2	510	1016	507	-1	0.609	11	None	GENOMAD.147427.VP	2.888e-19	87	0	0	1	2561	Caudoviricetes	NA	NA	PF07141	Putative bacteriophage terminase small subunit
k127_308138_1	18	476	459	-1	0.651	11	None	GENOMAD.181728.VV	6.499e-11	62	0	0	1	2561	Caudoviricetes	NA	NA	PF09588;COG5377;TIGR03033	Phage-related protein, predicted endonuclease
k127_123343_1	3	341	339	-1	0.431	11	None	GENOMAD.134152.VV	1.405e-13	68	0	0	1	2561	Caudoviricetes	NA	NA	PF07230;TIGR01539;COG5511	phage portal protein, lambda family
k127_31093_1	2	349	348	1	0.629	11	None	GENOMAD.062972.VV	5.077e-09	55	0	0	1	2561	Caudoviricetes	NA	NA	PF16510	Phage P22-like portal protein
k127_354633_1	3	701	699	1	0.698	11	None	GENOMAD.073447.VV	8.976e-09	58	0	0	1	2561	Caudoviricetes	NA	NA	PF00580;TIGR04095;COG4373	UvrD/REP helicase N-terminal domain
k127_354668_1	3	344	342	1	0.579	11	None	GENOMAD.093281.VV	2.689e-31	119	0	0	1	2561	Caudoviricetes	NA	NA	COG4518	NA
k127_447055_1	105	407	303	1	0.518	11	GGAGG	GENOMAD.212309.VP	2.514e-10	58	0	0	1	2561	Caudoviricetes	NA	NA	PF07141	Putative bacteriophage terminase small subunit
k127_354797_1	180	908	729	1	0.481	11	GGxGG	GENOMAD.051130.VV	1.575e-42	158	0	0	1	1	NA	NA	NA	PF13479;TIGR01618;COG2087;K08482	phage nucleotide-binding protein
k127_308732_1	2	127	126	-1	0.587	11	None	NA	NA	NA	0	0	0	1	NA	NA	NA	NA	NA
k127_308732_2	131	364	234	-1	0.577	11	None	GENOMAD.030812.VV	5.956e-08	50	0	0	1	2561	Caudoviricetes	NA	NA	PF05133;TIGR01538	Phage portal protein, SPP1 Gp6-like
k127_123893_1	2	220	219	1	0.658	11	None	GENOMAD.017632.VV	1.489e-11	60	0	0	1	2561	Caudoviricetes	NA	NA	PF03354;COG5410;TIGR01547	phage terminase, large subunit, PBSX family
k127_123893_2	217	351	135	1	0.593	11	GGA/GAG/AGG	NA	NA	NA	0	0	0	1	NA	NA	NA	NA	NA
k127_354933_1	3	344	342	-1	0.649	11	None	GENOMAD.032636.VV	4.725e-09	55	0	0	1	2561	Caudoviricetes	NA	NA	PF20307;PF07486;TIGR02239;COG0468;K18947	Divergent DnaB-like ATPase; Cell Wall Hydrolase
k127_354955_1	1	348	348	-1	0.664	11	None	GENOMAD.023435.VV	5.32e-17	78	0	0	1	2561	Caudoviricetes	NA	NA	PF05065;TIGR01554;COG4653	phage major capsid protein, HK97 family
k127_262490_1	80	466	387	-1	0.607	11	None	GENOMAD.097639.VV	1.313e-20	89	0	0	1	2561	Caudoviricetes	NA	NA	PF17289;TIGR01630;COG5362	phage uncharacterized protein (putative large terminase), C-terminal domain
k127_123972_1	1	309	309	-1	0.560	11	None	GENOMAD.009149.VV	8.955e-30	114	0	0	1	2561	Caudoviricetes	NA	NA	PF17288;TIGR01630	Terminase RNAseH like domain
k127_447484_1	1	162	162	-1	0.525	11	TAT	NA	NA	NA	0	0	0	1	NA	NA	NA	NA	NA
k127_447484_2	155	355	201	-1	0.463	11	None	GENOMAD.128478.VV	4.082e-07	47	0	0	1	1	NA	NA	NA	PF05939;TIGR02217;COG4718	Phage minor tail protein
k127_309014_1	1	228	228	1	0.632	11	None	GENOMAD.170676.VP	4.025e-25	99	0	0	1	2561	Caudoviricetes	NA	NA	PF10934;COG3628;K06903;TIGR03357	Phage baseplate assembly protein W
k127_309014_2	232	366	135	1	0.607	11	None	NA	NA	NA	0	0	0	1	NA	NA	NA	NA	NA
k127_216786_1	1	348	348	1	0.514	11	None	GENOMAD.141431.VP	6.549e-23	95	0	0	1	2561	Caudoviricetes	NA	NA	PF04466;TIGR01547;COG1783	Phage terminase large subunit
k127_170487_1	2	391	390	1	0.615	11	None	GENOMAD.068048.VV	9.265e-17	78	0	0	1	2561	Caudoviricetes	NA	NA	PF20307;TIGR03600;K02314;COG0305	phage replicative helicase, DnaB family, HK022 subfamily
k127_309187_1	3	551	549	1	0.384	11	None	GENOMAD.142497.VP	2.898e-26	108	0	0	1	2561	Caudoviricetes	NA	NA	PF17288;PF04466;K06909;TIGR01547;COG1783	phage terminase, large subunit, PBSX family
k127_355423_1	3	338	336	1	0.488	11	None	GENOMAD.215346.VP	2.369e-07	50	0	0	1	2561	Caudoviricetes	NA	NA	PF17288	Terminase RNAseH like domain
k127_32145_1	2	1207	1206	-1	0.585	11	None	GENOMAD.020031.VV	0.0002011	46	0	0	1	2561	Caudoviricetes	NA	NA	PF11134	Phage stabilisation protein
k127_32145_2	1212	1466	255	-1	0.604	11	None	NA	NA	NA	0	0	0	1	NA	NA	NA	NA	NA
k127_170802_1	1	321	321	1	0.673	11	None	GENOMAD.136711.VP	7.37e-10	57	0	0	1	2561	Caudoviricetes	NA	NA	PF03354;COG5323	Large terminase phage packaging protein
k127_78612_1	1	594	594	1	0.628	11	None	GENOMAD.169508.VP	5.272e-25	105	0	0	1	2561	Caudoviricetes	NA	NA	PF04708;PF13262;COG1961;K14060	Site-specific DNA recombinase related to the DNA invertase Pin
k127_263244_1	2	322	321	1	0.539	11	None	GENOMAD.053137.VV	2.331e-21	90	0	0	1	2561	Caudoviricetes	NA	NA	PF17482	Phage tail sheath C-terminal domain
k127_217547_1	3	344	342	1	0.532	11	None	GENOMAD.068048.VV	5.192e-16	75	0	0	1	2561	Caudoviricetes	NA	NA	PF20307;TIGR03600;K02314;COG0305	phage replicative helicase, DnaB family, HK022 subfamily
k127_217587_1	2	316	315	-1	0.667	11	None	GENOMAD.218988.VP	4.92e-05	43	0	0	1	1	NA	NA	NA	PF09293	T4 RNase H, C terminal
k127_356117_1	47	247	201	1	0.657	11	AGGA	NA	NA	NA	0	0	0	1	NA	NA	NA	NA	NA
k127_356117_2	244	666	423	1	0.700	11	GGAG/GAGG	NA	NA	NA	0	0	0	1	NA	NA	NA	NA	NA
k127_356117_3	845	2479	1635	1	0.637	11	GGAG/GAGG	GENOMAD.093505.VP	3.798e-05	49	0	0	1	2561	Caudoviricetes	NA	NA	COG3941	Phage tail tape-measure protein, controls tail length
k127_356117_4	2479	2913	435	1	0.671	11	GGAG/GAGG	NA	NA	NA	0	0	0	1	NA	NA	NA	NA	NA
k127_263699_1	1	507	507	1	0.675	11	None	NA	NA	NA	0	0	0	1	NA	NA	NA	NA	NA
k127_263699_2	512	1012	501	1	0.635	11	GGA/GAG/AGG	GENOMAD.028596.VV	1.264e-19	88	0	0	1	2561	Caudoviricetes	NA	NA	PF20387	NA
k127_171462_1	1	399	399	1	0.659	11	None	GENOMAD.068048.VV	6.083e-14	70	0	0	1	2561	Caudoviricetes	NA	NA	PF20307;TIGR03600;K02314;COG0305	phage replicative helicase, DnaB family, HK022 subfamily
k127_402553_1	1	558	558	-1	0.690	11	None	GENOMAD.068048.VV	3.588e-10	61	0	0	1	2561	Caudoviricetes	NA	NA	PF20307;TIGR03600;K02314;COG0305	phage replicative helicase, DnaB family, HK022 subfamily
k127_79283_1	1	423	423	1	0.494	11	None	GENOMAD.099997.VV	7.464e-15	73	0	0	1	2561	Caudoviricetes	NA	NA	PF03237;PF17288;TIGR01547;COG1783;K06909	phage terminase, large subunit, PBSX family
k127_79375_1	1	354	354	-1	0.525	11	None	GENOMAD.141028.VP	1.876e-12	65	0	0	1	2561	Caudoviricetes	NA	NA	PF04466;PF17289;TIGR01547;COG1783;K06909	phage terminase, large subunit, PBSX family
k127_79614_1	1	435	435	-1	0.621	11	None	GENOMAD.169508.VP	1.499e-05	46	0	0	1	2561	Caudoviricetes	NA	NA	PF04708;PF13262;COG1961;K14060	Site-specific DNA recombinase related to the DNA invertase Pin
k127_356964_1	2	394	393	-1	0.394	11	None	GENOMAD.099865.VV	3.293e-20	88	0	0	1	2561	Caudoviricetes	NA	NA	PF04466;PF17289;TIGR01547;COG5323;K06909	phage terminase, large subunit, PBSX family
k127_357038_1	2	484	483	-1	0.433	11	None	GENOMAD.219701.VP	1.949e-56	194	0	0	1	2561	Caudoviricetes	NA	NA	PF06381;TIGR01555;K09961;COG3567	phage-related protein, HI1409 family
k127_80055_1	2	415	414	1	0.589	11	None	GENOMAD.023911.VV	1.321e-41	150	0	0	1	2561	Caudoviricetes	NA	NA	PF04466;TIGR01547;COG5323	phage terminase, large subunit, PBSX family
k127_80070_1	1	177	177	-1	0.644	11	AGGAG	NA	NA	NA	0	0	0	1	NA	NA	NA	NA	NA
k127_80070_2	190	912	723	-1	0.685	11	None	GENOMAD.091943.VP	1.622e-28	117	0	0	1	2561	Caudoviricetes	NA	NA	PF04233;TIGR01641	phage putative head morphogenesis protein, SPP1 gp7 family
k127_357446_1	3	353	351	1	0.632	11	None	GENOMAD.068439.VV	1.522e-22	94	0	0	1	2561	Caudoviricetes	NA	NA	PF12236	Bacteriophage head to tail connecting protein
k127_449820_1	3	776	774	-1	0.614	11	None	GENOMAD.013124.VV	7.857e-20	92	0	0	1	377	Drexlerviridae	NA	NA	PF13262;COG5410	NA
k127_449820_2	769	1155	387	-1	0.587	11	None	GENOMAD.209380.VP	4.553e-05	44	0	0	0	2561	Caudoviricetes	NA	NA	PF18932	NA
k127_449820_3	1145	1288	144	-1	0.632	11	None	NA	NA	NA	0	0	0	1	NA	NA	NA	NA	NA
k127_449970_1	2	394	393	1	0.621	11	None	GENOMAD.100194.VV	3.612e-19	85	0	0	1	2561	Caudoviricetes	NA	NA	PF04466;TIGR01547;COG5323	Phage terminase large subunit
k127_126781_1	1	402	402	-1	0.609	11	None	GENOMAD.013448.VV	2.557e-24	100	0	0	1	2561	Caudoviricetes	NA	NA	PF11134	Phage stabilisation protein
k127_404113_1	3	518	516	1	0.636	11	None	GENOMAD.169508.VP	4.049e-16	78	0	0	1	2561	Caudoviricetes	NA	NA	PF04708;PF13262;COG1961;K14060	Site-specific DNA recombinase related to the DNA invertase Pin
k127_357937_1	2	400	399	1	0.659	11	None	GENOMAD.097639.VV	1.76e-19	86	0	0	1	2561	Caudoviricetes	NA	NA	PF17289;TIGR01630;COG5362	phage uncharacterized protein (putative large terminase), C-terminal domain
k127_34509_1	3	335	333	-1	0.586	11	None	GENOMAD.094455.VP	1.298e-13	68	0	0	1	2561	Caudoviricetes	NA	NA	PF09588;COG5377;TIGR03033;K01143	Phage-related protein, predicted endonuclease
k127_219491_1	2	355	354	-1	0.540	11	None	GENOMAD.136711.VP	1.709e-13	68	0	0	1	2561	Caudoviricetes	NA	NA	PF03354;COG5323	Large terminase phage packaging protein
k127_450498_1	2	457	456	-1	0.673	11	None	GENOMAD.154319.VP	5.247e-24	100	0	0	1	2561	Caudoviricetes	NA	NA	PF05876;K21512;COG5525	Phage terminase, large subunit GpA
k127_173558_1	2	316	315	1	0.597	11	None	GENOMAD.068048.VV	1.018e-13	68	0	0	1	2561	Caudoviricetes	NA	NA	PF20307;TIGR03600;K02314;COG0305	phage replicative helicase, DnaB family, HK022 subfamily
k127_219892_1	2	514	513	-1	0.554	11	None	GENOMAD.013124.VV	5.781e-05	45	0	0	1	377	Drexlerviridae	NA	NA	PF13262;COG5410	NA
k127_127334_1	2	307	306	-1	0.663	11	None	GENOMAD.116348.VP	1.195e-18	82	0	0	1	2561	Caudoviricetes	NA	NA	PF06673;TIGR01554;COG4653	Lactococcus lactis bacteriophage major capsid protein
k127_358567_1	3	413	411	1	0.562	11	None	GENOMAD.002327.VV	4.643e-09	56	0	0	1	2561	Caudoviricetes	NA	NA	PF12236	Bacteriophage head to tail connecting protein
k127_404823_1	126	737	612	-1	0.600	11	GGA/GAG/AGG	GENOMAD.022372.VV	1.077e-13	72	0	0	1	2561	Caudoviricetes	NA	NA	PF04708;COG1961;K14060	Site-specific DNA recombinase related to the DNA invertase Pin
k127_404950_1	2	742	741	-1	0.529	11	None	GENOMAD.051701.VV	1.106e-08	58	0	0	1	2561	Caudoviricetes	NA	NA	PF13550;COG4733	Phage-related protein, tail component
k127_404965_1	31	279	249	1	0.671	11	None	GENOMAD.147427.VP	8.791e-14	67	0	0	1	2561	Caudoviricetes	NA	NA	PF07141	Putative bacteriophage terminase small subunit
k127_127922_1	1	573	573	-1	0.647	11	None	GENOMAD.099865.VV	4.563e-34	131	0	0	1	2561	Caudoviricetes	NA	NA	PF04466;PF17289;TIGR01547;COG5323;K06909	phage terminase, large subunit, PBSX family
k127_35609_1	1	501	501	1	0.599	11	None	GENOMAD.002040.VV	2.358e-82	269	0	0	1	2561	Caudoviricetes	NA	NA	PF06488	Phage tail tube protein
k127_220625_1	2	322	321	-1	0.626	11	None	GENOMAD.195532.VP	3.648e-09	55	0	0	1	2561	Caudoviricetes	NA	NA	PF03354;COG4626;TIGR01547	Phage terminase-like protein, large subunit, contains N-terminal HTH domain
k127_174430_1	1	306	306	1	0.595	11	None	GENOMAD.151393.VP	3.769e-38	138	0	0	1	2561	Caudoviricetes	NA	NA	PF17288;TIGR01547;COG1783	phage terminase, large subunit, PBSX family
k127_128229_1	3	416	414	-1	0.669	11	None	GENOMAD.160783.VP	3.287e-14	71	0	0	1	2561	Caudoviricetes	NA	NA	PF04466;TIGR01547;COG5323	phage terminase, large subunit, PBSX family
k127_359432_1	1	870	870	1	0.697	11	None	GENOMAD.068590.VV	6.515e-15	78	0	0	1	2561	Caudoviricetes	NA	NA	PF13871;PF11242;K11654;TIGR00721	C-terminal domain on Strawberry notch homologue
k127_221570_1	3	272	270	1	0.681	11	None	GENOMAD.170003.VP	0.0006836	39	0	0	1	1	NA	NA	NA	PF06892;COG1476;TIGR00673	DNA-binding transcriptional regulator, XRE-family HTH domain
k127_82972_1	1	570	570	-1	0.495	11	None	GENOMAD.068648.VV	3.205e-73	244	0	0	1	2561	Caudoviricetes	NA	NA	PF20441;PF03354;COG4626;TIGR01547	Phage terminase-like protein, large subunit, contains N-terminal HTH domain
k127_82991_1	1	723	723	1	0.639	11	None	GENOMAD.086594.VV	2.565e-34	134	0	0	1	1	NA	NA	NA	PF03864	Phage major capsid protein E
k127_83226_1	1	324	324	1	0.577	11	None	GENOMAD.181434.VP	6.949e-11	60	0	0	1	2561	Caudoviricetes	NA	NA	PF20441	Terminase large subunit, endonuclease domain
k127_129470_1	2	355	354	-1	0.641	11	None	GENOMAD.160443.VP	6.953e-06	46	0	0	1	2561	Caudoviricetes	NA	NA	PF20307;TIGR03600;K18947;COG0305	phage replicative helicase, DnaB family, HK022 subfamily
k127_268129_1	3	428	426	-1	0.709	11	None	GENOMAD.124507.VV	1.737e-40	147	0	0	1	2561	Caudoviricetes	NA	NA	PF11242;K22300;COG3655;TIGR00673	DNA-binding transcriptional regulator, XRE family
k127_83581_1	2	451	450	-1	0.378	11	None	GENOMAD.007954.VV	1.479e-62	211	0	0	1	2561	Caudoviricetes	NA	NA	PF11134	Phage stabilisation protein
k127_83773_1	85	447	363	1	0.625	11	AGGAG	GENOMAD.178051.VP	5.373e-19	84	0	0	1	2561	Caudoviricetes	NA	NA	PF02195;PF17288;TIGR00180;COG1475	ParB/RepB/Spo0J family partition protein
k127_129940_1	1	513	513	1	0.600	11	None	GENOMAD.061466.VV	2.692e-06	49	0	0	1	2561	Caudoviricetes	NA	NA	PF09293;TIGR00593;K23786;COG0258	DNA polymerase I
k127_83901_1	97	324	228	-1	0.667	11	None	GENOMAD.031105.VV	3.484e-05	42	0	0	1	2561	Caudoviricetes	NA	NA	PF14354;TIGR03655;COG3478	restriction alleviation protein, Lar family
k127_361066_1	3	656	654	1	0.587	11	None	GENOMAD.160783.VP	4.199e-66	225	0	0	1	2561	Caudoviricetes	NA	NA	PF04466;TIGR01547;COG5323	phage terminase, large subunit, PBSX family
k127_176492_1	3	359	357	1	0.661	11	None	GENOMAD.160783.VP	3.007e-07	50	0	0	1	2561	Caudoviricetes	NA	NA	PF04466;TIGR01547;COG5323	phage terminase, large subunit, PBSX family
k127_361394_1	3	113	111	-1	0.757	11	GGA/GAG/AGG	NA	NA	NA	0	0	0	1	NA	NA	NA	NA	NA
k127_361394_2	106	420	315	-1	0.638	11	None	GENOMAD.068048.VV	1.601e-16	76	0	0	1	2561	Caudoviricetes	NA	NA	PF20307;TIGR03600;K02314;COG0305	phage replicative helicase, DnaB family, HK022 subfamily
k127_222949_1	1	651	651	1	0.673	11	None	GENOMAD.044416.VV	1.255e-05	48	0	0	1	2561	Caudoviricetes	NA	NA	TIGR01537	NA
k127_222949_2	648	776	129	1	0.628	11	None	NA	NA	NA	0	0	0	1	NA	NA	NA	NA	NA
k127_315290_1	3	326	324	1	0.654	11	None	GENOMAD.097639.VV	1.874e-24	99	0	0	1	2561	Caudoviricetes	NA	NA	PF17289;TIGR01630;COG5362	phage uncharacterized protein (putative large terminase), C-terminal domain
k127_223102_1	3	320	318	-1	0.692	11	None	GENOMAD.004221.VV	4.658e-06	46	0	0	1	2561	Caudoviricetes	NA	NA	PF09293	T4 RNase H, C terminal
k127_84449_1	1	501	501	1	0.601	11	None	GENOMAD.065578.VV	1.24e-29	117	0	0	1	2561	Caudoviricetes	NA	NA	PF04860;PF04233;TIGR01537;COG4695;K06904	phage portal protein, HK97 family
k127_84640_1	3	80	78	1	0.756	11	None	NA	NA	NA	0	0	0	1	NA	NA	NA	NA	NA
k127_84640_2	77	451	375	1	0.723	11	None	GENOMAD.025405.VV	4.308e-23	96	0	0	1	2561	Caudoviricetes	NA	NA	PF03354;COG4626	Phage terminase-like protein, large subunit, contains N-terminal HTH domain
k127_84824_1	25	537	513	-1	0.669	11	None	GENOMAD.068590.VV	2.387e-10	61	0	0	1	2561	Caudoviricetes	NA	NA	PF13871;PF11242;K11654;TIGR00721	C-terminal domain on Strawberry notch homologue
k127_38523_1	3	140	138	-1	0.601	11	None	NA	NA	NA	0	0	0	1	NA	NA	NA	NA	NA
k127_38523_2	137	760	624	-1	0.604	11	None	GENOMAD.026655.VV	5.334e-15	76	0	0	1	1	NA	NA	NA	PF20387	NA
k127_408339_1	1	258	258	-1	0.593	11	GGA/GAG/AGG	GENOMAD.153734.VC	8.98e-30	113	0	0	0	2561	Caudoviricetes	NA	NA	PF06940;COG3738;K13695;TIGR02219	Uncharacterized protein YijF, DUF1287 family
k127_408339_2	255	461	207	-1	0.614	11	None	GENOMAD.093408.VV	3.179e-24	96	0	0	1	2561	Caudoviricetes	NA	NA	PF09356;PF11836;TIGR02218	phage conserved hypothetical protein BR0599
k127_454450_1	3	107	105	1	0.629	11	None	NA	NA	NA	0	0	0	1	NA	NA	NA	NA	NA
k127_454450_2	122	448	327	1	0.596	11	GGAGG	GENOMAD.127022.VV	2.667e-13	67	0	0	1	2561	Caudoviricetes	NA	NA	PF04586;K06904;COG3740;TIGR01543	Phage head maturation protease
k127_85138_1	2	424	423	-1	0.593	11	None	GENOMAD.182236.VP	2.542e-08	54	0	0	1	2561	Caudoviricetes	NA	NA	PF16724;COG4119;TIGR02705;K12152	T4-like virus Myoviridae tail sheath stabiliser
k127_131218_1	56	226	171	1	0.661	11	AGGAG	NA	NA	NA	0	0	0	1	NA	NA	NA	NA	NA
k127_131218_2	226	384	159	1	0.623	11	GGA/GAG/AGG	GENOMAD.014388.VV	6.298e-11	57	0	0	0	2561	Caudoviricetes	NA	NA	NA	NA
k127_131218_3	571	798	228	1	0.531	11	AGGA	GENOMAD.005163.VV	1.308e-21	89	0	0	1	2561	Caudoviricetes	NA	NA	PF11651;TIGR04387	P22 coat protein - gene protein 5
k127_38873_1	2	511	510	1	0.539	11	None	GENOMAD.170348.VP	5.39e-09	57	0	0	1	2561	Caudoviricetes	NA	NA	COG5362	Phage terminase large subunit
k127_269935_1	79	972	894	1	0.626	11	GGAG/GAGG	GENOMAD.013124.VV	1.719e-16	83	0	0	1	377	Drexlerviridae	NA	NA	PF13262;COG5410	NA
k127_408841_1	1	363	363	1	0.639	11	None	GENOMAD.181728.VV	1.568e-06	48	0	0	1	2561	Caudoviricetes	NA	NA	PF09588;COG5377;TIGR03033	Phage-related protein, predicted endonuclease
k127_270054_1	3	317	315	-1	0.425	11	None	GENOMAD.068048.VV	5.054e-13	66	0	0	1	2561	Caudoviricetes	NA	NA	PF20307;TIGR03600;K02314;COG0305	phage replicative helicase, DnaB family, HK022 subfamily
k127_454945_1	3	392	390	1	0.700	11	None	GENOMAD.124507.VV	3.808e-18	82	0	0	1	2561	Caudoviricetes	NA	NA	PF11242;K22300;COG3655;TIGR00673	DNA-binding transcriptional regulator, XRE family
k127_177928_1	3	89	87	1	0.678	11	None	NA	NA	NA	0	0	0	1	NA	NA	NA	NA	NA
k127_177928_2	67	567	501	-1	0.651	11	None	GENOMAD.013210.VV	1.514e-16	79	0	0	1	2561	Caudoviricetes	NA	NA	PF00211;PF08994;PF08993;COG2114	Adenylate and Guanylate cyclase catalytic domain; T4 gene Gp59 loader of gp41 DNA helicase C-term; T4 gene Gp59 loader of gp41 DNA helicase
k127_85499_1	96	383	288	-1	0.559	11	None	GENOMAD.081999.VV	6.683e-14	68	0	0	1	2561	Caudoviricetes	NA	NA	PF13252;TIGR04387	major capsid protein, N4-gp56 family
k127_131642_1	2	328	327	-1	0.557	11	None	GENOMAD.116655.VV	2.581e-53	182	0	0	1	2561	Caudoviricetes	NA	NA	PF04860;TIGR01537;COG5005	phage portal protein, HK97 family
k127_131646_1	1	456	456	-1	0.651	11	None	GENOMAD.099865.VV	9.761e-26	105	0	0	1	2561	Caudoviricetes	NA	NA	PF04466;PF17289;TIGR01547;COG5323;K06909	phage terminase, large subunit, PBSX family
k127_131711_1	3	725	723	1	0.643	11	None	GENOMAD.108451.VV	1.014e-08	58	0	0	1	2561	Caudoviricetes	NA	NA	PF14550;PF17302;TIGR01543;COG3740;K06904	phage prohead protease, HK97 family
k127_409248_1	3	560	558	-1	0.667	11	None	GENOMAD.193019.VV	1.224e-17	83	0	0	1	2561	Caudoviricetes	NA	NA	PF17541;COG3497;TIGR02243	Phage tail sheath protein FI
k127_363032_1	3	383	381	-1	0.630	11	None	GENOMAD.123534.VP	2.851e-11	62	0	0	1	2561	Caudoviricetes	NA	NA	PF05133;TIGR01538	Phage portal protein, SPP1 Gp6-like
k127_363032_2	387	479	93	-1	0.516	11	None	NA	NA	NA	0	0	0	1	NA	NA	NA	NA	NA
k127_363162_1	3	341	339	1	0.634	11	None	GENOMAD.107253.VP	4.557e-09	55	0	0	1	2561	Caudoviricetes	NA	NA	TIGR01760	phage tail tape measure protein, TP901 family, core region
k127_363620_1	3	494	492	-1	0.691	11	None	GENOMAD.042265.VV	2.306e-06	49	0	0	1	2561	Caudoviricetes	NA	NA	PF20307;TIGR02237;COG0468;K04485	Divergent DnaB-like ATPase
k127_455954_1	1	336	336	-1	0.661	11	None	GENOMAD.097639.VV	1.227e-22	94	0	0	1	2561	Caudoviricetes	NA	NA	PF17289;TIGR01630;COG5362	phage uncharacterized protein (putative large terminase), C-terminal domain
k127_179045_1	3	317	315	-1	0.584	11	None	GENOMAD.002026.VV	4.498e-06	46	0	0	1	2561	Caudoviricetes	NA	NA	PF05766;TIGR02646	Bacteriophage Lambda NinG protein
k127_86642_1	3	686	684	1	0.643	11	None	GENOMAD.013124.VV	1.786e-17	84	0	0	1	377	Drexlerviridae	NA	NA	PF13262;COG5410	NA
k127_132712_1	3	326	324	-1	0.617	11	None	GENOMAD.068048.VV	1.271e-12	65	0	0	1	2561	Caudoviricetes	NA	NA	PF20307;TIGR03600;K02314;COG0305	phage replicative helicase, DnaB family, HK022 subfamily
k127_86930_1	2	349	348	1	0.557	11	None	GENOMAD.065274.VV	1.779e-20	88	0	0	1	2561	Caudoviricetes	NA	NA	PF01930;COG5377;TIGR00372	Phage-related protein, predicted endonuclease
k127_364167_1	1	186	186	1	0.624	11	None	NA	NA	NA	0	0	0	1	NA	NA	NA	NA	NA
k127_364167_2	183	371	189	1	0.630	11	None	GENOMAD.011850.VV	8.6e-13	63	0	0	1	2561	Caudoviricetes	NA	NA	PF11134	Phage stabilisation protein
k127_87021_1	2	361	360	1	0.322	11	None	GENOMAD.160783.VP	8.304e-14	69	0	0	1	2561	Caudoviricetes	NA	NA	PF04466;TIGR01547;COG5323	phage terminase, large subunit, PBSX family
k127_226025_1	2	304	303	1	0.587	11	None	GENOMAD.123040.VV	1.923e-13	67	0	0	1	2561	Caudoviricetes	NA	NA	PF09681;TIGR01714	NA
k127_87587_1	2	571	570	-1	0.667	11	None	GENOMAD.000254.VV	8.089e-05	45	0	0	1	4401	Narnaviridae	NA	NA	PF05919	Mitovirus RNA-dependent RNA polymerase
k127_41370_1	2	307	306	1	0.627	11	None	GENOMAD.068048.VV	4.469e-13	66	0	0	1	2561	Caudoviricetes	NA	NA	PF20307;TIGR03600;K02314;COG0305	phage replicative helicase, DnaB family, HK022 subfamily
k127_457255_1	3	344	342	-1	0.605	11	None	GENOMAD.013124.VV	2.328e-08	53	0	0	1	377	Drexlerviridae	NA	NA	PF13262;COG5410	NA
k127_272470_1	3	455	453	-1	0.664	11	None	GENOMAD.026355.VV	3.672e-06	48	0	0	1	2561	Caudoviricetes	NA	NA	PF20307;TIGR02238	Divergent DnaB-like ATPase
k127_133900_1	1	306	306	1	0.614	11	None	GENOMAD.095101.VV	8.621e-14	68	0	0	1	2561	Caudoviricetes	NA	NA	PF05100;TIGR02218;COG5449	Phage minor tail protein L
k127_133900_2	301	390	90	-1	0.511	11	None	NA	NA	NA	0	0	0	1	NA	NA	NA	NA	NA
k127_180405_1	1	321	321	-1	0.607	11	AGGA	GENOMAD.078186.VV	1.642e-17	79	0	0	1	2561	Caudoviricetes	NA	NA	PF13479;TIGR01618;COG2087;K04484	phage nucleotide-binding protein
k127_180405_2	407	721	315	-1	0.559	11	GGAG/GAGG	NA	NA	NA	0	0	0	1	NA	NA	NA	NA	NA
k127_272702_1	2	328	327	-1	0.554	11	None	GENOMAD.017564.VV	8.872e-17	77	0	0	1	2561	Caudoviricetes	NA	NA	PF11651	P22 coat protein - gene protein 5
k127_272710_1	3	185	183	1	0.590	11	None	GENOMAD.066341.VV	6.076e-08	49	0	0	1	2561	Caudoviricetes	NA	NA	TIGR02241	conserved hypothetical phage tail region protein
k127_272710_2	182	451	270	1	0.678	11	GGA/GAG/AGG	NA	NA	NA	0	0	0	1	NA	NA	NA	NA	NA
k127_365367_1	1	162	162	1	0.636	11	None	NA	NA	NA	0	0	0	1	NA	NA	NA	NA	NA
k127_365367_2	244	1044	801	1	0.652	11	AGGAG	GENOMAD.005453.VV	1.177e-35	139	0	0	1	2561	Caudoviricetes	NA	NA	PF11863;COG4386	Mu-like prophage tail sheath protein gpL
k127_457776_1	2	625	624	-1	0.612	11	None	GENOMAD.075949.VV	3.339e-36	138	0	0	1	2561	Caudoviricetes	NA	NA	PF04860	NA
k127_134534_1	3	212	210	-1	0.538	11	None	NA	NA	NA	0	0	0	1	NA	NA	NA	NA	NA
k127_134534_2	307	942	636	-1	0.564	11	None	GENOMAD.008133.VV	2.336e-19	89	0	0	1	2561	Caudoviricetes	NA	NA	PF20441;PF03354;COG4626;TIGR01547	Phage terminase-like protein, large subunit, contains N-terminal HTH domain
k127_134536_1	3	1715	1713	-1	0.657	11	None	GENOMAD.023472.VV	2.089e-31	134	0	0	1	1	NA	NA	NA	PF11134	Phage stabilisation protein
k127_227237_1	2	277	276	-1	0.562	11	AGGAG/GGAGG	GENOMAD.133874.VP	3.087e-20	86	0	0	1	2561	Caudoviricetes	NA	NA	TIGR01714	NA
k127_42365_1	2	82	81	-1	0.519	11	GGA/GAG/AGG	NA	NA	NA	0	0	0	1	NA	NA	NA	NA	NA
k127_42365_2	82	447	366	-1	0.590	11	None	GENOMAD.037397.VV	3.35e-40	145	0	0	1	2561	Caudoviricetes	NA	NA	PF04883;TIGR01725	phage protein, HK97 gp10 family
k127_88803_1	145	996	852	1	0.707	11	GGAG/GAGG	GENOMAD.013210.VV	2.866e-16	82	0	0	1	2561	Caudoviricetes	NA	NA	PF00211;PF08994;PF08993;COG2114	Adenylate and Guanylate cyclase catalytic domain; T4 gene Gp59 loader of gp41 DNA helicase C-term; T4 gene Gp59 loader of gp41 DNA helicase
k127_412170_1	1	510	510	-1	0.571	11	AGGAG	NA	NA	NA	0	0	0	1	NA	NA	NA	NA	NA
k127_412170_2	721	999	279	-1	0.559	11	GGAG/GAGG	NA	NA	NA	0	0	0	1	NA	NA	NA	NA	NA
k127_412170_3	1075	2793	1719	-1	0.559	11	GGA/GAG/AGG	NA	NA	NA	0	0	0	1	NA	NA	NA	NA	NA
k127_412170_4	2803	4308	1506	-1	0.595	11	AGGA	NA	NA	NA	0	0	0	1	NA	NA	NA	NA	NA
k127_412170_5	4319	4921	603	-1	0.458	11	AGGAG	GENOMAD.148132.VC	4.718e-13	70	0	0	0	2561	Caudoviricetes	NA	NA	PF00961	LAGLIDADG endonuclease
k127_412170_6	4959	5144	186	-1	0.618	11	GGAG/GAGG	NA	NA	NA	0	0	0	1	NA	NA	NA	NA	NA
k127_412170_7	5194	5640	447	-1	0.593	11	GGAG/GAGG	GENOMAD.208911.VP	1.028e-13	70	0	0	0	1	NA	NA	NA	NA	NA
k127_412170_8	5655	6110	456	-1	0.601	11	GGAG/GAGG	GENOMAD.208911.VP	1.302e-11	64	0	0	0	1	NA	NA	NA	NA	NA
k127_412170_9	6115	6273	159	-1	0.616	11	AGxAGG/AGGxGG	NA	NA	NA	0	0	0	1	NA	NA	NA	NA	NA
k127_412170_10	6279	6731	453	-1	0.585	11	GGA/GAG/AGG	NA	NA	NA	0	0	0	1	NA	NA	NA	NA	NA
k127_412170_11	6728	7309	582	-1	0.497	11	GGAG/GAGG	NA	NA	NA	0	0	0	1	NA	NA	NA	NA	NA
k127_412170_12	7332	7859	528	-1	0.591	11	GGA/GAG/AGG	NA	NA	NA	0	0	0	1	NA	NA	NA	NA	NA
k127_412170_13	7864	8292	429	-1	0.594	11	AGGAG	GENOMAD.208911.VP	3.494e-15	74	0	0	0	1	NA	NA	NA	NA	NA
k127_412170_14	8323	8619	297	-1	0.579	11	None	GENOMAD.180398.VP	1.633e-21	90	0	0	1	1	NA	NA	NA	TIGR04387	major capsid protein, N4-gp56 family
k127_42624_1	3	320	318	1	0.462	11	None	GENOMAD.014920.VV	9.164e-39	140	0	0	1	2561	Caudoviricetes	NA	NA	PF09950;COG4834;TIGR01555	phage-related protein, HI1409 family
k127_458629_1	2	67	66	-1	0.667	11	AGGAG	NA	NA	NA	0	0	0	1	NA	NA	NA	NA	NA
k127_458629_2	64	552	489	-1	0.697	11	None	GENOMAD.034157.VV	5.947e-36	135	0	0	1	2561	Caudoviricetes	NA	NA	PF20441;PF03354;COG4626;TIGR01547	Phage terminase-like protein, large subunit, contains N-terminal HTH domain
k127_366375_1	2	448	447	-1	0.658	11	None	GENOMAD.068048.VV	7.018e-08	53	0	0	1	2561	Caudoviricetes	NA	NA	PF20307;TIGR03600;K02314;COG0305	phage replicative helicase, DnaB family, HK022 subfamily
k127_89658_1	3	680	678	1	0.709	11	None	GENOMAD.023991.VV	1.756e-32	128	0	0	1	2561	Caudoviricetes	NA	NA	COG5410	Mu-like prophage FluMu protein gp28
k127_89911_1	1	363	363	1	0.623	11	None	GENOMAD.151393.VP	1.661e-39	143	0	0	1	2561	Caudoviricetes	NA	NA	PF17288;TIGR01547;COG1783	phage terminase, large subunit, PBSX family
k127_459319_1	3	359	357	1	0.627	11	None	GENOMAD.100194.VV	3.27e-15	73	0	0	1	2561	Caudoviricetes	NA	NA	PF04466;TIGR01547;COG5323	Phage terminase large subunit
k127_182365_1	2	181	180	1	0.656	11	None	GENOMAD.038338.VV	5.107e-09	52	0	0	0	2561	Caudoviricetes	NA	NA	COG3392	NA
k127_182365_2	178	351	174	1	0.649	11	GGAGG	GENOMAD.172137.VP	6.257e-07	46	0	0	1	2561	Caudoviricetes	NA	NA	PF07141;COG3728;TIGR02036	Putative bacteriophage terminase small subunit
k127_413358_1	68	514	447	-1	0.588	11	None	GENOMAD.116655.VV	1.288e-79	260	0	0	1	2561	Caudoviricetes	NA	NA	PF04860;TIGR01537;COG5005	phage portal protein, HK97 family
k127_321062_1	1	336	336	-1	0.464	11	None	GENOMAD.009541.VV	5.509e-23	95	0	0	1	2561	Caudoviricetes	NA	NA	PF11041;TIGR02242	DUF276
k127_136141_1	3	323	321	-1	0.558	11	GGA/GAG/AGG	GENOMAD.017632.VV	4.483e-15	72	0	0	1	2561	Caudoviricetes	NA	NA	PF03354;COG5410;TIGR01547	phage terminase, large subunit, PBSX family
k127_136141_2	316	390	75	-1	0.493	11	None	NA	NA	NA	0	0	0	1	NA	NA	NA	NA	NA
k127_274816_1	1	357	357	1	0.633	11	None	GENOMAD.147427.VP	8.769e-13	66	0	0	1	2561	Caudoviricetes	NA	NA	PF07141	Putative bacteriophage terminase small subunit
k127_274822_1	32	457	426	1	0.641	11	None	GENOMAD.147427.VP	1.91e-22	95	0	0	1	2561	Caudoviricetes	NA	NA	PF07141	Putative bacteriophage terminase small subunit
k127_321212_1	50	151	102	-1	0.598	11	AGGAG	NA	NA	NA	0	0	0	1	NA	NA	NA	NA	NA
k127_321212_2	162	989	828	-1	0.678	11	None	GENOMAD.083949.VV	5.497e-40	152	0	0	1	2561	Caudoviricetes	NA	NA	PF04233;COG2369;TIGR01641	Uncharacterized conserved protein, contains phage Mu gpF-like domain
k127_321212_3	1018	1284	267	-1	0.633	11	AGGAG	NA	NA	NA	0	0	0	1	NA	NA	NA	NA	NA
k127_321212_4	1281	2894	1614	-1	0.656	11	GGAG/GAGG	GENOMAD.003432.VV	8.726e-50	190	0	0	1	2561	Caudoviricetes	NA	NA	PF06381;K09961;TIGR01555;COG3567	phage-related protein, HI1409 family
k127_413616_1	3	395	393	-1	0.606	11	None	GENOMAD.151002.VV	9.478e-34	127	0	0	1	2561	Caudoviricetes	NA	NA	PF17288;PF04466;TIGR01547;COG1783;K06909	phage terminase, large subunit, PBSX family
k127_229129_1	1	507	507	-1	0.600	11	None	GENOMAD.151235.VP	2.644e-65	220	0	0	1	2561	Caudoviricetes	NA	NA	PF03354;PF05065;COG4626	Phage terminase-like protein, large subunit, contains N-terminal HTH domain
k127_413971_1	22	834	813	-1	0.630	11	None	GENOMAD.223594.VP	2.264e-05	48	0	0	1	2561	Caudoviricetes	NA	NA	PF11994;PF09684;TIGR01634;COG4385	phage tail protein, P2 protein I family
k127_275351_1	2	187	186	-1	0.656	11	None	NA	NA	NA	0	0	0	1	NA	NA	NA	NA	NA
k127_275351_2	194	1099	906	-1	0.643	11	GGAG/GAGG	GENOMAD.044416.VV	0.0001213	46	0	0	1	2561	Caudoviricetes	NA	NA	TIGR01537	NA
k127_44462_1	2	631	630	1	0.668	11	None	GENOMAD.013210.VV	1.007e-19	90	0	0	1	2561	Caudoviricetes	NA	NA	PF00211;PF08994;PF08993;COG2114	Adenylate and Guanylate cyclase catalytic domain; T4 gene Gp59 loader of gp41 DNA helicase C-term; T4 gene Gp59 loader of gp41 DNA helicase
k127_44605_1	3	368	366	1	0.607	11	None	GENOMAD.068048.VV	1.747e-14	71	0	0	1	2561	Caudoviricetes	NA	NA	PF20307;TIGR03600;K02314;COG0305	phage replicative helicase, DnaB family, HK022 subfamily
k127_321986_1	3	416	414	1	0.635	11	None	GENOMAD.223594.VP	2.66e-05	45	0	0	1	2561	Caudoviricetes	NA	NA	PF11994;PF09684;TIGR01634;COG4385	phage tail protein, P2 protein I family
k127_91021_1	226	1227	1002	-1	0.581	11	None	GENOMAD.057710.VV	1.712e-05	49	0	0	1	2561	Caudoviricetes	NA	NA	PF00589;PF04860;K07358;TIGR01537	Phage integrase family; Phage portal protein
k127_91064_1	2	196	195	-1	0.503	11	GGAG/GAGG	GENOMAD.005163.VV	9.483e-13	63	0	0	1	2561	Caudoviricetes	NA	NA	PF11651;TIGR04387	P22 coat protein - gene protein 5
k127_137215_1	2	127	126	1	0.651	11	None	NA	NA	NA	0	0	0	1	NA	NA	NA	NA	NA
k127_137215_2	120	533	414	1	0.628	11	None	GENOMAD.154021.VP	1.208e-16	78	0	0	1	2561	Caudoviricetes	NA	NA	PF07141;TIGR03384	Putative bacteriophage terminase small subunit
k127_137215_3	670	1623	954	1	0.608	11	None	GENOMAD.099865.VV	5.378e-51	186	0	0	1	2561	Caudoviricetes	NA	NA	PF04466;PF17289;TIGR01547;COG5323;K06909	phage terminase, large subunit, PBSX family
k127_414587_1	1	357	357	1	0.627	11	None	GENOMAD.022524.VV	1.584e-05	45	0	0	1	6064	Autographiviridae	NA	NA	PF03906	Phage T7 tail fibre protein
k127_91263_1	3	80	78	-1	0.705	11	None	NA	NA	NA	0	0	0	1	NA	NA	NA	NA	NA
k127_91263_2	86	799	714	-1	0.668	11	None	GENOMAD.097639.VV	1.729e-25	108	0	0	1	2561	Caudoviricetes	NA	NA	PF17289;TIGR01630;COG5362	phage uncharacterized protein (putative large terminase), C-terminal domain
k127_137309_1	2	319	318	-1	0.701	11	None	GENOMAD.091780.VV	5.195e-21	89	0	0	1	1	NA	NA	NA	PF11650	P22 tail accessory factor
k127_230222_1	1	375	375	1	0.648	11	None	GENOMAD.053137.VV	1.695e-16	77	0	0	1	2561	Caudoviricetes	NA	NA	PF17482	Phage tail sheath C-terminal domain
k127_414954_1	3	443	441	1	0.764	11	None	NA	NA	NA	0	0	0	1	NA	NA	NA	NA	NA
k127_414954_2	447	785	339	1	0.743	11	GGAG/GAGG	NA	NA	NA	0	0	0	1	NA	NA	NA	NA	NA
k127_414954_3	921	1322	402	1	0.731	11	GGAGG	GENOMAD.043111.VV	5.116e-16	76	0	0	0	2561	Caudoviricetes	NA	NA	PF09956;COG5471	Predicted phage recombinase, RecA/RadA family
k127_414954_4	1428	2372	945	1	0.648	11	AGGA/GGAG/GAGG	GENOMAD.038079.VV	1.009e-92	307	0	0	1	2561	Caudoviricetes	NA	NA	PF05065;COG4653;TIGR04387	Phage capsid family
k127_414954_5	2455	2589	135	1	0.711	11	GGA/GAG/AGG	NA	NA	NA	0	0	0	1	NA	NA	NA	NA	NA
k127_137722_1	3	362	360	1	0.672	11	None	GENOMAD.224435.VP	6.35e-08	52	0	0	1	2561	Caudoviricetes	NA	NA	PF04965;K06903;COG3628;TIGR03357	Baseplate wedge protein gp25
k127_322969_1	1	135	135	-1	0.630	11	GGA/GAG/AGG	GENOMAD.123974.VV	5.606e-09	51	0	0	1	2561	Caudoviricetes	NA	NA	PF07409;COG4381	Phage protein GP46
k127_322969_2	139	333	195	-1	0.559	11	None	NA	NA	NA	0	0	0	1	NA	NA	NA	NA	NA
k127_415409_1	2	328	327	-1	0.431	11	None	GENOMAD.068048.VV	1.977e-16	76	0	0	1	2561	Caudoviricetes	NA	NA	PF20307;TIGR03600;K02314;COG0305	phage replicative helicase, DnaB family, HK022 subfamily
k127_45801_1	131	682	552	1	0.707	11	None	GENOMAD.195366.VP	1.606e-05	47	0	0	1	1	NA	NA	NA	PF05766;COG3024	Endogenous inhibitor of DNA gyrase, YacG/DUF329 family
k127_138135_1	3	311	309	-1	0.414	11	None	GENOMAD.078402.VV	4.789e-44	155	0	0	1	2561	Caudoviricetes	NA	NA	PF06381;K09961;TIGR01555;COG3567	phage-related protein, HI1409 family
k127_184765_1	2	334	333	-1	0.535	11	GGA/GAG/AGG	GENOMAD.068648.VV	1.049e-63	212	0	0	1	2561	Caudoviricetes	NA	NA	PF20441;PF03354;COG4626;TIGR01547	Phage terminase-like protein, large subunit, contains N-terminal HTH domain
