gene	start	end	length	strand	gc_content	genetic_code	rbs_motif	marker	evalue	bitscore	uscg	plasmid_hallmark	virus_hallmark	taxid	taxname	annotation_conjscan	annotation_amr	annotation_accessions	annotation_description
k127_54114_1	1	750	750	-1	0.627	11	None	GENOMAD.068048.VV	5.109e-08	56	0	0	1	2561	Caudoviricetes	NA	NA	PF20307;TIGR03600;K02314;COG0305	phage replicative helicase, DnaB family, HK022 subfamily
k127_38_1	2	286	285	-1	0.674	11	4Base/6BMM	GENOMAD.013330.VV	1.649e-35	130	0	0	0	2561	Caudoviricetes	NA	NA	NA	NA
k127_38_2	306	1103	798	-1	0.663	11	None	GENOMAD.048660.VV	4.187e-39	149	0	0	1	2561	Caudoviricetes	NA	NA	PF16510	Phage P22-like portal protein
k127_324870_1	1	573	573	-1	0.698	11	GGA/GAG/AGG	GENOMAD.013210.VV	3.602e-14	73	0	0	1	2561	Caudoviricetes	NA	NA	PF00211;PF08994;PF08993;COG2114	Adenylate and Guanylate cyclase catalytic domain; T4 gene Gp59 loader of gp41 DNA helicase C-term; T4 gene Gp59 loader of gp41 DNA helicase
k127_216720_1	3	512	510	1	0.631	11	None	GENOMAD.068048.VV	8.619e-15	74	0	0	1	2561	Caudoviricetes	NA	NA	PF20307;TIGR03600;K02314;COG0305	phage replicative helicase, DnaB family, HK022 subfamily
k127_325259_1	2	664	663	1	0.729	11	None	GENOMAD.013210.VV	7.572e-15	76	0	0	1	2561	Caudoviricetes	NA	NA	PF00211;PF08994;PF08993;COG2114	Adenylate and Guanylate cyclase catalytic domain; T4 gene Gp59 loader of gp41 DNA helicase C-term; T4 gene Gp59 loader of gp41 DNA helicase
k127_325288_1	2	415	414	-1	0.676	11	None	GENOMAD.118632.VP	5.417e-07	50	0	0	1	2561	Caudoviricetes	NA	NA	PF00476;PF07141	DNA polymerase family A; Putative bacteriophage terminase small subunit
k127_109049_1	1	603	603	1	0.687	11	None	GENOMAD.060259.VV	2.346e-09	59	0	0	1	2561	Caudoviricetes	NA	NA	PF20307;TIGR02236;COG0468;K04484	Divergent DnaB-like ATPase
k127_217472_1	1	201	201	1	0.532	11	None	GENOMAD.130441.VP	5.258e-05	41	0	0	1	2561	Caudoviricetes	NA	NA	PF05069;COG5005;TIGR01725	Mu-like prophage protein gpG
k127_217472_2	198	473	276	1	0.591	11	GGA/GAG/AGG	NA	NA	NA	0	0	0	1	NA	NA	NA	NA	NA
k127_163521_1	3	332	330	1	0.648	11	None	GENOMAD.124136.VV	8.367e-18	80	0	0	1	2561	Caudoviricetes	NA	NA	PF03864	Phage major capsid protein E
k127_163607_1	3	557	555	1	0.672	11	None	GENOMAD.036986.VV	6.572e-45	162	0	0	1	2561	Caudoviricetes	NA	NA	PF18906	Phage tail tube protein
k127_163607_2	569	781	213	1	0.695	11	AGGAG	GENOMAD.094772.VV	2.832e-12	62	0	0	1	1	NA	NA	NA	PF06222	Phage tail assembly chaperone
k127_434141_1	3	188	186	-1	0.570	11	GGA/GAG/AGG	GENOMAD.063438.VV	1.327e-08	51	0	0	0	2561	Caudoviricetes	NA	NA	NA	NA
k127_434141_2	185	391	207	-1	0.541	11	None	GENOMAD.183689.VV	5.073e-06	44	0	0	1	2561	Caudoviricetes	NA	NA	PF05069;TIGR01635;COG5005	phage virion morphogenesis (putative tail completion) protein
k127_163928_1	1	192	192	-1	0.651	11	GGAG/GAGG	NA	NA	NA	0	0	0	1	NA	NA	NA	NA	NA
k127_163928_2	321	716	396	-1	0.601	11	None	GENOMAD.012044.VV	4.929e-57	194	0	0	1	2561	Caudoviricetes	NA	NA	COG4653	Predicted phage phi-C31 gp36 major capsid-like protein
k127_272179_1	3	308	306	1	0.592	11	None	GENOMAD.063098.VV	3.203e-08	52	0	0	1	2561	Caudoviricetes	NA	NA	PF11126	Transcriptional regulator DsbA
k127_110334_1	2	316	315	-1	0.660	11	None	GENOMAD.129999.VP	4.099e-07	49	0	0	1	2561	Caudoviricetes	NA	NA	PF04708;COG1961;K21528	Site-specific DNA recombinase related to the DNA invertase Pin
k127_326696_1	3	305	303	-1	0.551	11	None	GENOMAD.158172.VP	2.831e-17	78	0	0	1	2561	Caudoviricetes	NA	NA	PF04466;TIGR01547;COG5323	phage terminase, large subunit, PBSX family
k127_489368_1	2	328	327	-1	0.630	11	None	GENOMAD.039395.VV	6.552e-20	86	0	0	1	2561	Caudoviricetes	NA	NA	PF08875;COG4672;TIGR01600	Phage-related protein
k127_219224_1	1	384	384	-1	0.529	11	None	GENOMAD.005185.VV	1.694e-08	54	0	0	1	2561	Caudoviricetes	NA	NA	PF11650	P22 tail accessory factor
k127_165349_1	1	357	357	-1	0.602	11	None	GENOMAD.119462.VV	2.017e-20	88	0	0	1	2561	Caudoviricetes	NA	NA	TIGR01543	phage prohead protease, HK97 family
k127_274014_1	2	313	312	1	0.603	11	None	GENOMAD.119462.VV	1.774e-15	73	0	0	1	2561	Caudoviricetes	NA	NA	TIGR01543	phage prohead protease, HK97 family
k127_57803_1	1	303	303	1	0.419	11	None	GENOMAD.107307.VV	3.203e-08	52	0	0	1	10823	Zobellviridae	NA	NA	COG5410	NA
k127_328241_1	3	338	336	1	0.640	11	None	GENOMAD.181728.VV	4.394e-09	55	0	0	1	2561	Caudoviricetes	NA	NA	PF09588;COG5377;TIGR03033	Phage-related protein, predicted endonuclease
k127_274217_1	3	386	384	-1	0.703	11	None	GENOMAD.048768.VV	2.069e-40	146	0	0	1	2561	Caudoviricetes	NA	NA	PF04233;TIGR01641	Phage Mu protein F like protein
k127_58080_1	1	315	315	-1	0.683	11	None	GENOMAD.127022.VV	1.376e-10	59	0	0	1	2561	Caudoviricetes	NA	NA	PF04586;K06904;COG3740;TIGR01543	Phage head maturation protease
k127_58160_1	3	272	270	-1	0.630	11	GGA/GAG/AGG	GENOMAD.072984.VV	2.57e-06	46	0	0	1	2561	Caudoviricetes	NA	NA	PF05135;TIGR01560	Phage gp6-like head-tail connector protein
k127_58160_2	288	383	96	-1	0.688	11	None	NA	NA	NA	0	0	0	1	NA	NA	NA	NA	NA
k127_4126_1	2	370	369	1	0.561	11	None	GENOMAD.101649.VV	0.000893	40	0	0	1	2561	Caudoviricetes	NA	NA	PF04965;K06903;COG3628	NA
k127_4126_2	367	453	87	1	0.517	11	None	NA	NA	NA	0	0	0	1	NA	NA	NA	NA	NA
k127_274778_1	3	338	336	1	0.708	11	None	GENOMAD.179239.VC	9.759e-09	54	0	0	1	2561	Caudoviricetes	NA	NA	PF04860;TIGR01537;COG4695	phage portal protein, HK97 family
k127_382932_1	3	848	846	1	0.721	11	None	GENOMAD.044416.VV	1.21e-05	49	0	0	1	2561	Caudoviricetes	NA	NA	TIGR01537	NA
k127_166685_1	2	409	408	-1	0.738	11	None	GENOMAD.004420.VV	4.663e-08	53	0	0	1	2561	Caudoviricetes	NA	NA	PF20441;COG5362	Terminase large subunit, endonuclease domain
k127_4507_1	2	517	516	-1	0.525	11	None	GENOMAD.013210.VV	3.066e-30	119	0	0	1	2561	Caudoviricetes	NA	NA	PF00211;PF08994;PF08993;COG2114	Adenylate and Guanylate cyclase catalytic domain; T4 gene Gp59 loader of gp41 DNA helicase C-term; T4 gene Gp59 loader of gp41 DNA helicase
k127_58955_1	3	431	429	-1	0.622	11	None	GENOMAD.100194.VV	2.372e-20	89	0	0	1	2561	Caudoviricetes	NA	NA	PF04466;TIGR01547;COG5323	Phage terminase large subunit
k127_437722_1	2	373	372	1	0.570	11	None	GENOMAD.123622.VP	2.79e-10	59	0	0	1	2561	Caudoviricetes	NA	NA	PF04586;PF03354;COG4626;K06904;TIGR01543	Phage terminase-like protein, large subunit, contains N-terminal HTH domain
k127_437833_1	3	347	345	1	0.701	11	None	GENOMAD.064252.VV	5.676e-24	98	0	0	1	2561	Caudoviricetes	NA	NA	PF03354;COG4626;TIGR01547	Terminase large subunit, ATPase domain
k127_221668_1	2	250	249	1	0.655	11	None	GENOMAD.063098.VV	1.477e-08	52	0	0	1	2561	Caudoviricetes	NA	NA	PF11126	Transcriptional regulator DsbA
k127_329933_1	3	395	393	1	0.723	11	None	GENOMAD.107803.VV	0.0001055	43	0	0	1	1	NA	NA	NA	PF11242;TIGR03879;COG1342	probable regulatory domain
k127_329933_2	445	555	111	1	0.721	11	None	NA	NA	NA	0	0	0	1	NA	NA	NA	NA	NA
k127_114298_1	2	331	330	1	0.636	11	None	GENOMAD.142448.VP	5.81e-05	43	0	0	1	2561	Caudoviricetes	NA	NA	PF07141;COG2826	Putative bacteriophage terminase small subunit
k127_114346_1	1	330	330	1	0.703	11	None	GENOMAD.162197.VP	3.069e-20	87	0	0	1	2561	Caudoviricetes	NA	NA	PF20441;COG5362	Terminase large subunit, endonuclease domain
k127_493430_1	3	341	339	-1	0.637	11	None	GENOMAD.019237.VV	1.047e-16	77	0	0	1	2561	Caudoviricetes	NA	NA	PF11651	P22 coat protein - gene protein 5
k127_439325_1	1	552	552	-1	0.741	11	None	GENOMAD.068590.VV	1.701e-23	100	0	0	1	2561	Caudoviricetes	NA	NA	PF13871;PF11242;K11654;TIGR00721	C-terminal domain on Strawberry notch homologue
k127_6822_1	1	330	330	-1	0.430	11	AGGAG	GENOMAD.196905.VP	1.087e-06	48	0	0	1	2561	Caudoviricetes	NA	NA	PF07463;PF11242;TIGR00721;COG5352	NUMOD4 motif
k127_385654_1	103	402	300	-1	0.623	11	None	GENOMAD.195656.VP	8.879e-05	42	0	0	1	9067	Straboviridae	NA	NA	PF19835;PF07453;TIGR01453;COG2827	group I intron endonuclease
k127_331576_1	3	329	327	1	0.691	11	None	NA	NA	NA	0	0	0	1	NA	NA	NA	NA	NA
k127_331576_2	326	538	213	1	0.690	11	GGT	GENOMAD.127022.VV	3.184e-11	59	0	0	1	2561	Caudoviricetes	NA	NA	PF04586;K06904;COG3740;TIGR01543	Phage head maturation protease
k127_169369_1	1	426	426	1	0.641	11	None	GENOMAD.167887.VP	9.98e-55	188	0	0	1	2561	Caudoviricetes	NA	NA	PF04860;TIGR01537;COG4383	phage portal protein, HK97 family
k127_7285_1	2	604	603	1	0.668	11	None	GENOMAD.013210.VV	4.38e-16	79	0	0	1	2561	Caudoviricetes	NA	NA	PF00211;PF08994;PF08993;COG2114	Adenylate and Guanylate cyclase catalytic domain; T4 gene Gp59 loader of gp41 DNA helicase C-term; T4 gene Gp59 loader of gp41 DNA helicase
k127_493960_1	1	357	357	-1	0.748	11	None	GENOMAD.053137.VV	7.176e-06	46	0	0	1	2561	Caudoviricetes	NA	NA	PF17482	Phage tail sheath C-terminal domain
k127_494183_1	3	203	201	1	0.458	11	None	GENOMAD.013735.VV	7.176e-23	92	0	0	1	2561	Caudoviricetes	NA	NA	PF19905	NA
k127_494183_2	178	387	210	1	0.433	11	GGA/GAG/AGG	NA	NA	NA	0	0	0	1	NA	NA	NA	NA	NA
k127_7622_1	2	319	318	1	0.635	11	None	GENOMAD.020430.VV	1.739e-08	53	0	0	1	1	NA	NA	NA	PF11134	Phage stabilisation protein
k127_494377_1	3	578	576	1	0.661	11	None	GENOMAD.103523.VV	8.982e-08	54	0	0	1	2561	Caudoviricetes	NA	NA	PF05065;COG4653;TIGR01554	Predicted phage phi-C31 gp36 major capsid-like protein
k127_332314_1	3	497	495	1	0.588	11	None	GENOMAD.158965.VP	8.304e-51	178	0	0	1	2561	Caudoviricetes	NA	NA	PF05772;PF04404;COG5362	NinB protein; ERF superfamily
k127_8015_1	355	630	276	1	0.583	11	None	GENOMAD.101890.VP	2.36e-15	72	0	0	1	2561	Caudoviricetes	NA	NA	PF20454	Terminase large subunit gpA, endonuclease domain
k127_8164_1	3	467	465	-1	0.465	11	None	GENOMAD.137926.VV	1.296e-13	70	0	0	1	2561	Caudoviricetes	NA	NA	PF10124;COG4397	Mu-like prophage major head subunit gpT
k127_224522_1	2	580	579	-1	0.677	11	None	GENOMAD.066913.VV	0.0008059	42	0	0	1	2561	Caudoviricetes	NA	NA	PF06841;TIGR02241	T4-like virus tail tube protein gp19
k127_278757_1	3	407	405	-1	0.677	11	None	GENOMAD.066181.VV	6.151e-32	122	0	0	1	2561	Caudoviricetes	NA	NA	PF03237;COG4626;TIGR01547	Phage terminase-like protein, large subunit, contains N-terminal HTH domain
k127_440796_1	3	782	780	-1	0.632	11	None	GENOMAD.169508.VP	6.219e-29	119	0	0	1	2561	Caudoviricetes	NA	NA	PF04708;PF13262;COG1961;K14060	Site-specific DNA recombinase related to the DNA invertase Pin
k127_387220_1	92	598	507	-1	0.651	11	None	GENOMAD.053137.VV	9.932e-33	126	0	0	1	2561	Caudoviricetes	NA	NA	PF17482	Phage tail sheath C-terminal domain
k127_495427_1	2	91	90	1	0.589	11	None	GENOMAD.225973.VP	1.505e-06	43	0	0	1	1	NA	NA	NA	COG3747;TIGR01558	Phage terminase, small subunit
k127_495427_2	170	331	162	1	0.648	11	AGGAG	NA	NA	NA	0	0	0	1	NA	NA	NA	NA	NA
k127_333474_1	1	300	300	1	0.530	11	None	GENOMAD.017564.VV	1.538e-38	139	0	0	1	2561	Caudoviricetes	NA	NA	PF11651	P22 coat protein - gene protein 5
k127_171351_1	1	300	300	-1	0.677	11	None	GENOMAD.060262.VV	8.889e-21	88	0	0	1	1	NA	NA	NA	PF06199;COG5437	Phage tail tube protein
k127_9170_1	1	312	312	1	0.641	11	None	GENOMAD.068048.VV	8.818e-15	71	0	0	1	2561	Caudoviricetes	NA	NA	PF20307;TIGR03600;K02314;COG0305	phage replicative helicase, DnaB family, HK022 subfamily
k127_496134_1	3	347	345	1	0.629	11	None	GENOMAD.053137.VV	5.632e-16	75	0	0	1	2561	Caudoviricetes	NA	NA	PF17482	Phage tail sheath C-terminal domain
k127_497244_1	1	93	93	1	0.505	11	None	NA	NA	NA	0	0	0	1	NA	NA	NA	NA	NA
k127_497244_2	170	712	543	1	0.530	11	GGA/GAG/AGG	GENOMAD.035019.VV	8.024e-22	95	0	0	1	2561	Caudoviricetes	NA	NA	PF03354;COG4626;TIGR01547	Phage terminase-like protein, large subunit, contains N-terminal HTH domain
k127_335999_1	1	753	753	1	0.668	11	None	GENOMAD.013210.VV	2.808e-23	102	0	0	1	2561	Caudoviricetes	NA	NA	PF00211;PF08994;PF08993;COG2114	Adenylate and Guanylate cyclase catalytic domain; T4 gene Gp59 loader of gp41 DNA helicase C-term; T4 gene Gp59 loader of gp41 DNA helicase
k127_66086_1	1	411	411	1	0.652	11	None	GENOMAD.005158.VV	4.498e-09	56	0	0	1	2561	Caudoviricetes	NA	NA	PF04586;PF13395;TIGR02646;K06904	TIGR02646 family protein
k127_228582_1	2	328	327	1	0.636	11	None	GENOMAD.059586.VV	6.552e-20	86	0	0	1	2561	Caudoviricetes	NA	NA	PF04466;PF11436;TIGR02215;COG5565	phage conserved hypothetical protein, phiE125 gp8 family
k127_174660_1	3	386	384	1	0.654	11	None	GENOMAD.058181.VV	1.296e-28	112	0	0	1	1	NA	NA	NA	PF11134	Phage stabilisation protein
k127_174660_2	474	533	60	1	0.517	11	GGA/GAG/AGG	NA	NA	NA	0	0	0	1	NA	NA	NA	NA	NA
k127_391497_1	1	342	342	-1	0.690	11	None	GENOMAD.097639.VV	2.128e-09	56	0	0	1	2561	Caudoviricetes	NA	NA	PF17289;TIGR01630;COG5362	phage uncharacterized protein (putative large terminase), C-terminal domain
k127_283461_1	146	937	792	-1	0.460	11	None	GENOMAD.044416.VV	2.128e-05	48	0	0	1	2561	Caudoviricetes	NA	NA	TIGR01537	NA
k127_445665_1	2	718	717	1	0.640	11	None	GENOMAD.207635.VV	3.813e-06	50	0	0	1	8278	Ackermannviridae	NA	NA	PF04865	Baseplate J-like protein
k127_175561_1	3	323	321	1	0.676	11	None	GENOMAD.002026.VV	0.0001166	42	0	0	1	2561	Caudoviricetes	NA	NA	PF05766;TIGR02646	Bacteriophage Lambda NinG protein
k127_229926_1	2	325	324	1	0.636	11	None	GENOMAD.116655.VV	2.267e-30	116	0	0	1	2561	Caudoviricetes	NA	NA	PF04860;TIGR01537;COG5005	phage portal protein, HK97 family
k127_392159_1	2	901	900	-1	0.599	11	None	GENOMAD.188918.VV	0.0002473	45	0	0	1	2561	Caudoviricetes	NA	NA	PF14354;TIGR03655	restriction alleviation protein, Lar family
k127_446135_1	2	427	426	1	0.556	11	None	GENOMAD.068048.VV	2.463e-09	57	0	0	1	2561	Caudoviricetes	NA	NA	PF20307;TIGR03600;K02314;COG0305	phage replicative helicase, DnaB family, HK022 subfamily
k127_500490_1	3	191	189	1	0.661	11	None	NA	NA	NA	0	0	0	1	NA	NA	NA	NA	NA
k127_500490_2	188	673	486	-1	0.720	11	None	GENOMAD.068590.VV	1.931e-21	93	0	0	1	2561	Caudoviricetes	NA	NA	PF13871;PF11242;K11654;TIGR00721	C-terminal domain on Strawberry notch homologue
k127_13964_1	2	442	441	-1	0.612	11	None	GENOMAD.015093.VV	1.576e-05	46	0	0	1	2561	Caudoviricetes	NA	NA	K21523;TIGR02952	NA
k127_230987_1	2	748	747	-1	0.669	11	None	GENOMAD.013210.VV	1.367e-19	91	0	0	1	2561	Caudoviricetes	NA	NA	PF00211;PF08994;PF08993;COG2114	Adenylate and Guanylate cyclase catalytic domain; T4 gene Gp59 loader of gp41 DNA helicase C-term; T4 gene Gp59 loader of gp41 DNA helicase
k127_339242_1	3	353	351	-1	0.701	11	None	GENOMAD.012923.VV	8.391e-45	158	0	0	1	2561	Caudoviricetes	NA	NA	PF20441	Terminase large subunit, endonuclease domain
k127_123143_1	2	370	369	-1	0.669	11	None	GENOMAD.022238.VV	4.591e-13	67	0	0	1	2561	Caudoviricetes	NA	NA	PF09681;TIGR01714	phage replisome organizer, putative, N-terminal region
k127_285438_1	2	478	477	-1	0.692	11	None	GENOMAD.193019.VV	1.664e-11	64	0	0	1	2561	Caudoviricetes	NA	NA	PF17541;COG3497;TIGR02243	Phage tail sheath protein FI
k127_123297_1	2	508	507	-1	0.641	11	None	GENOMAD.013124.VV	3.678e-16	78	0	0	1	377	Drexlerviridae	NA	NA	PF13262;COG5410	NA
k127_69604_1	3	785	783	1	0.637	11	None	GENOMAD.169508.VP	3.403e-11	66	0	0	1	2561	Caudoviricetes	NA	NA	PF04708;PF13262;COG1961;K14060	Site-specific DNA recombinase related to the DNA invertase Pin
k127_340164_1	2	358	357	-1	0.636	11	None	GENOMAD.129999.VP	7.702e-05	43	0	0	1	2561	Caudoviricetes	NA	NA	PF04708;COG1961;K21528	Site-specific DNA recombinase related to the DNA invertase Pin
k127_15791_1	3	353	351	1	0.732	11	None	GENOMAD.173419.VV	3.285e-05	44	0	0	1	1	NA	NA	NA	TIGR01725	phage protein, HK97 gp10 family
k127_502492_1	1	534	534	-1	0.515	11	None	GENOMAD.056138.VV	1.837e-19	88	0	0	1	2561	Caudoviricetes	NA	NA	PF13550	Putative phage tail protein
k127_70376_1	3	449	447	1	0.702	11	None	GENOMAD.023435.VV	2.508e-22	95	0	0	1	2561	Caudoviricetes	NA	NA	PF05065;TIGR01554;COG4653	phage major capsid protein, HK97 family
k127_16270_1	2	634	633	-1	0.706	11	None	GENOMAD.013210.VV	2.442e-18	86	0	0	1	2561	Caudoviricetes	NA	NA	PF00211;PF08994;PF08993;COG2114	Adenylate and Guanylate cyclase catalytic domain; T4 gene Gp59 loader of gp41 DNA helicase C-term; T4 gene Gp59 loader of gp41 DNA helicase
k127_124510_1	2	322	321	-1	0.533	11	None	GENOMAD.060572.VV	1.818e-16	76	0	0	1	2561	Caudoviricetes	NA	NA	PF09293	T4 RNase H, C terminal
k127_70731_1	44	439	396	-1	0.634	11	None	GENOMAD.195461.VP	4.116e-08	53	0	0	1	2561	Caudoviricetes	NA	NA	PF05766;COG4338	Bacteriophage Lambda NinG protein
k127_286759_1	1	861	861	-1	0.519	11	None	GENOMAD.208864.VP	4.506e-10	63	0	0	1	2561	Caudoviricetes	NA	NA	PF19307;TIGR01554;COG4653	Phage capsid-like protein
k127_286959_1	3	161	159	-1	0.742	11	None	NA	NA	NA	0	0	0	1	NA	NA	NA	NA	NA
k127_286959_2	185	1111	927	-1	0.740	11	None	GENOMAD.061466.VV	1.465e-05	49	0	0	1	2561	Caudoviricetes	NA	NA	PF09293;TIGR00593;K23786;COG0258	DNA polymerase I
k127_232968_1	1	330	330	1	0.676	11	None	GENOMAD.068048.VV	3.062e-12	64	0	0	1	2561	Caudoviricetes	NA	NA	PF20307;TIGR03600;K02314;COG0305	phage replicative helicase, DnaB family, HK022 subfamily
k127_179223_1	3	401	399	1	0.579	11	None	GENOMAD.101890.VP	1.989e-08	54	0	0	1	2561	Caudoviricetes	NA	NA	PF20454	Terminase large subunit gpA, endonuclease domain
k127_179245_1	2	232	231	1	0.602	11	None	GENOMAD.158976.VV	1.017e-16	75	0	0	1	2561	Caudoviricetes	NA	NA	PF17288	Terminase RNAseH like domain
k127_395464_1	2	721	720	1	0.571	11	None	GENOMAD.116655.VV	1.123e-45	167	0	0	1	2561	Caudoviricetes	NA	NA	PF04860;TIGR01537;COG5005	phage portal protein, HK97 family
k127_395536_1	3	308	306	-1	0.549	11	None	GENOMAD.190269.VV	8.168e-07	48	0	0	1	2561	Caudoviricetes	NA	NA	PF17289;COG5362;TIGR01630	Phage terminase large subunit
k127_179385_1	1	315	315	1	0.778	11	None	GENOMAD.124507.VV	3.654e-24	98	0	0	1	2561	Caudoviricetes	NA	NA	PF11242;K22300;COG3655;TIGR00673	DNA-binding transcriptional regulator, XRE family
k127_125335_1	3	308	306	-1	0.582	11	None	GENOMAD.125725.VV	1.808e-14	70	0	0	1	2561	Caudoviricetes	NA	NA	PF06074;COG4383;TIGR01537	Mu-like prophage protein gp29
k127_395707_1	1	408	408	-1	0.664	11	None	GENOMAD.012044.VV	2.343e-67	224	0	0	1	2561	Caudoviricetes	NA	NA	COG4653	Predicted phage phi-C31 gp36 major capsid-like protein
k127_71593_1	1	231	231	1	0.636	11	None	GENOMAD.087347.VV	4.014e-11	59	0	0	1	1	NA	NA	NA	PF06141	Phage minor tail protein U
k127_71593_2	235	426	192	1	0.562	11	AGGAG	GENOMAD.151658.VV	4.031e-13	64	0	0	0	2561	Caudoviricetes	NA	NA	NA	NA
k127_287617_1	1	150	150	-1	0.620	11	None	GENOMAD.172137.VP	4.186e-07	46	0	0	1	2561	Caudoviricetes	NA	NA	PF07141;COG3728;TIGR02036	Putative bacteriophage terminase small subunit
k127_287712_1	1	522	522	-1	0.667	11	None	GENOMAD.013210.VV	4.051e-17	81	0	0	1	2561	Caudoviricetes	NA	NA	PF00211;PF08994;PF08993;COG2114	Adenylate and Guanylate cyclase catalytic domain; T4 gene Gp59 loader of gp41 DNA helicase C-term; T4 gene Gp59 loader of gp41 DNA helicase
k127_125755_1	2	307	306	1	0.614	11	None	GENOMAD.053465.VV	8.986e-06	45	0	0	1	1	NA	NA	NA	TIGR01543	NA
k127_396674_1	54	293	240	-1	0.654	11	GGAG/GAGG	GENOMAD.066749.VV	5.237e-17	76	0	0	1	2561	Caudoviricetes	NA	NA	PF17469	Gp68-like predicted RNA polymerase component
k127_126653_1	3	416	414	-1	0.640	11	None	GENOMAD.116655.VV	2.138e-19	86	0	0	1	2561	Caudoviricetes	NA	NA	PF04860;TIGR01537;COG5005	phage portal protein, HK97 family
k127_126757_1	1	399	399	-1	0.514	11	AGGAGG	GENOMAD.160710.VP	2.517e-15	74	0	0	1	2561	Caudoviricetes	NA	NA	PF18906	Phage tail tube protein
k127_126757_2	464	637	174	-1	0.523	11	None	NA	NA	NA	0	0	0	1	NA	NA	NA	NA	NA
k127_397233_1	3	413	411	-1	0.650	11	None	GENOMAD.060259.VV	8.885e-11	61	0	0	1	2561	Caudoviricetes	NA	NA	PF20307;TIGR02236;COG0468;K04484	Divergent DnaB-like ATPase
k127_289152_1	3	191	189	1	0.577	11	None	GENOMAD.036697.VV	9.22e-12	60	0	0	1	2561	Caudoviricetes	NA	NA	PF10746	Phage holin T7 family, holin superfamily II
k127_73264_1	3	416	414	-1	0.676	11	None	GENOMAD.064788.VV	2.784e-58	198	0	0	1	2561	Caudoviricetes	NA	NA	PF20441;PF03354;COG4626	Phage terminase-like protein, large subunit, contains N-terminal HTH domain
k127_451686_1	1	480	480	1	0.665	11	None	GENOMAD.013210.VV	2.733e-16	78	0	0	1	2561	Caudoviricetes	NA	NA	PF00211;PF08994;PF08993;COG2114	Adenylate and Guanylate cyclase catalytic domain; T4 gene Gp59 loader of gp41 DNA helicase C-term; T4 gene Gp59 loader of gp41 DNA helicase
k127_73462_1	2	376	375	1	0.648	11	None	GENOMAD.096808.VV	1.162e-20	89	0	0	1	2561	Caudoviricetes	NA	NA	PF05136;TIGR01539;COG5511	phage portal protein, lambda family
k127_289988_1	3	329	327	-1	0.676	11	None	GENOMAD.033798.VV	1.198e-13	68	0	0	1	2561	Caudoviricetes	NA	NA	PF11134	Phage stabilisation protein
k127_290620_1	330	647	318	1	0.701	11	GGAG/GAGG	GENOMAD.195366.VP	1.034e-05	45	0	0	1	1	NA	NA	NA	PF05766;COG3024	Endogenous inhibitor of DNA gyrase, YacG/DUF329 family
k127_290642_1	1	249	249	1	0.598	11	None	GENOMAD.060018.VV	0.0001044	41	0	0	1	1	NA	NA	NA	PF17302;TIGR03655	Tryptophan RNA-binding attenuator protein inhibitory protein
k127_290642_2	246	341	96	1	0.531	11	None	NA	NA	NA	0	0	0	1	NA	NA	NA	NA	NA
k127_344909_1	3	362	360	-1	0.717	11	None	GENOMAD.126169.VV	8.696e-38	138	0	0	1	2561	Caudoviricetes	NA	NA	PF04586;K06904;COG3740;TIGR01543	Phage head maturation protease
k127_74899_1	3	314	312	-1	0.606	11	None	GENOMAD.108416.VP	2.844e-26	104	0	0	1	2561	Caudoviricetes	NA	NA	PF11863;COG4386	Mu-like prophage tail sheath protein gpL
k127_183025_1	3	434	432	1	0.655	11	None	NA	NA	NA	0	0	0	1	NA	NA	NA	NA	NA
k127_183025_2	422	868	447	1	0.626	11	None	NA	NA	NA	0	0	0	1	NA	NA	NA	NA	NA
k127_183025_3	865	1431	567	1	0.665	11	GGAG/GAGG	NA	NA	NA	0	0	0	1	NA	NA	NA	NA	NA
k127_183025_4	1444	2238	795	1	0.733	11	GGA/GAG/AGG	GENOMAD.215268.VP	1.614e-41	156	0	0	0	2561	Caudoviricetes	NA	NA	PF01555;COG4725;TIGR00571	DNA methylase
k127_183025_5	2963	3925	963	-1	0.680	11	AGGA/GGAG/GAGG	GENOMAD.181469.VP	3.756e-12	70	0	0	0	1	NA	NA	NA	NA	NA
k127_183025_6	4103	4288	186	-1	0.516	11	AGGA/GGAG/GAGG	NA	NA	NA	0	0	0	1	NA	NA	NA	NA	NA
k127_183025_7	4258	5271	1014	-1	0.550	11	None	NA	NA	NA	0	0	0	1	NA	NA	NA	NA	NA
k127_183025_8	5268	5579	312	-1	0.724	11	GGAGG	NA	NA	NA	0	0	0	1	NA	NA	NA	NA	NA
k127_183025_9	5539	5925	387	-1	0.646	11	None	NA	NA	NA	0	0	0	1	NA	NA	NA	NA	NA
k127_183025_10	5925	6389	465	-1	0.677	11	GGAG/GAGG	NA	NA	NA	0	0	0	1	NA	NA	NA	NA	NA
k127_183025_11	6370	6513	144	-1	0.583	11	GGA/GAG/AGG	NA	NA	NA	0	0	0	1	NA	NA	NA	NA	NA
k127_183025_12	6513	6941	429	-1	0.655	11	AGGAG/GGAGG	NA	NA	NA	0	0	0	1	NA	NA	NA	NA	NA
k127_183025_13	7067	7567	501	-1	0.631	11	None	GENOMAD.126134.VV	0.000242	43	0	0	0	1	NA	NA	NA	PF18896	Lysozyme like domain
k127_183025_14	7564	7917	354	-1	0.653	11	GGA/GAG/AGG	NA	NA	NA	0	0	0	1	NA	NA	NA	NA	NA
k127_183025_15	7933	8673	741	-1	0.702	11	None	NA	NA	NA	0	0	0	1	NA	NA	NA	NA	NA
k127_183025_16	8670	9641	972	-1	0.680	11	GGA/GAG/AGG	NA	NA	NA	0	0	0	1	NA	NA	NA	NA	NA
k127_183025_17	9645	9812	168	-1	0.631	11	None	NA	NA	NA	0	0	0	1	NA	NA	NA	NA	NA
k127_183025_18	9816	10100	285	-1	0.670	11	None	NA	NA	NA	0	0	0	1	NA	NA	NA	NA	NA
k127_183025_19	10103	10219	117	-1	0.658	11	GGAGG	NA	NA	NA	0	0	0	1	NA	NA	NA	NA	NA
k127_183025_20	10234	10656	423	-1	0.735	11	GGA/GAG/AGG	NA	NA	NA	0	0	0	1	NA	NA	NA	NA	NA
k127_183025_21	10658	11839	1182	-1	0.657	11	AGGA	NA	NA	NA	0	0	0	1	NA	NA	NA	NA	NA
k127_183025_22	11836	12312	477	-1	0.671	11	None	NA	NA	NA	0	0	0	1	NA	NA	NA	NA	NA
k127_183025_23	12316	12891	576	-1	0.715	11	AGGAG	NA	NA	NA	0	0	0	1	NA	NA	NA	NA	NA
k127_183025_24	13055	13867	813	-1	0.615	11	GGA/GAG/AGG	GENOMAD.225260.VP	3.381e-09	60	0	0	0	1	NA	NA	NA	PF07088;COG1618;TIGR00041;K16786	GvpD gas vesicle protein, P-loop domain
k127_183025_25	14054	14971	918	-1	0.725	11	None	NA	NA	NA	0	0	0	1	NA	NA	NA	NA	NA
k127_183025_26	15127	15561	435	1	0.685	11	GGAG/GAGG	NA	NA	NA	0	0	0	1	NA	NA	NA	NA	NA
k127_183025_27	15558	15899	342	1	0.623	11	GGA/GAG/AGG	NA	NA	NA	0	0	0	1	NA	NA	NA	NA	NA
k127_183025_28	15896	16324	429	1	0.685	11	AGGA	NA	NA	NA	0	0	0	1	NA	NA	NA	NA	NA
k127_183025_29	16476	16652	177	1	0.638	11	GGA/GAG/AGG	NA	NA	NA	0	0	0	1	NA	NA	NA	NA	NA
k127_345122_1	2	439	438	1	0.712	11	None	GENOMAD.013210.VV	5.035e-12	65	0	0	1	2561	Caudoviricetes	NA	NA	PF00211;PF08994;PF08993;COG2114	Adenylate and Guanylate cyclase catalytic domain; T4 gene Gp59 loader of gp41 DNA helicase C-term; T4 gene Gp59 loader of gp41 DNA helicase
k127_507432_1	1	528	528	1	0.742	11	None	GENOMAD.068590.VV	7.26e-21	92	0	0	1	2561	Caudoviricetes	NA	NA	PF13871;PF11242;K11654;TIGR00721	C-terminal domain on Strawberry notch homologue
k127_20941_1	2	328	327	-1	0.719	11	None	GENOMAD.101275.VV	4.868e-15	72	0	0	1	2561	Caudoviricetes	NA	NA	PF03354;TIGR01547;COG5525;K21523	phage terminase, large subunit, PBSX family
k127_345405_1	3	506	504	-1	0.621	11	None	GENOMAD.169508.VP	5.924e-20	89	0	0	1	2561	Caudoviricetes	NA	NA	PF04708;PF13262;COG1961;K14060	Site-specific DNA recombinase related to the DNA invertase Pin
k127_345420_1	1	465	465	1	0.688	11	None	GENOMAD.085103.VV	6.689e-57	195	0	0	1	2561	Caudoviricetes	NA	NA	PF03864	Phage major capsid protein E
k127_345511_1	2	190	189	1	0.677	11	None	GENOMAD.200969.VV	7.593e-07	46	0	0	1	1	NA	NA	NA	PF06892;K22302;TIGR00721;COG1476	Phage regulatory protein CII (CP76)
k127_345511_2	199	327	129	-1	0.643	11	None	NA	NA	NA	0	0	0	1	NA	NA	NA	NA	NA
k127_129544_1	1	342	342	1	0.637	11	None	GENOMAD.117356.VP	3.932e-11	61	0	0	1	2561	Caudoviricetes	NA	NA	PF04865;COG3299;TIGR02243	Baseplate J-like protein
k127_21211_1	3	350	348	1	0.606	11	None	GENOMAD.099865.VV	8.586e-12	63	0	0	1	2561	Caudoviricetes	NA	NA	PF04466;PF17289;TIGR01547;COG5323;K06909	phage terminase, large subunit, PBSX family
k127_453966_1	3	491	489	1	0.648	11	None	GENOMAD.103421.VV	5.686e-28	112	0	0	1	2561	Caudoviricetes	NA	NA	PF05954	Phage tail baseplate hub (GPD)
k127_345773_1	1	504	504	1	0.696	11	None	GENOMAD.068048.VV	8.094e-15	74	0	0	1	2561	Caudoviricetes	NA	NA	PF20307;TIGR03600;K02314;COG0305	phage replicative helicase, DnaB family, HK022 subfamily
k127_345773_2	504	794	291	1	0.742	11	None	NA	NA	NA	0	0	0	1	NA	NA	NA	NA	NA
k127_454056_1	164	559	396	1	0.717	11	None	GENOMAD.195366.VP	2.062e-07	51	0	0	1	1	NA	NA	NA	PF05766;COG3024	Endogenous inhibitor of DNA gyrase, YacG/DUF329 family
k127_400018_1	1	90	90	1	0.656	11	None	NA	NA	NA	0	0	0	1	NA	NA	NA	NA	NA
k127_400018_2	87	275	189	1	0.598	11	None	NA	NA	NA	0	0	0	1	NA	NA	NA	NA	NA
k127_400018_3	299	580	282	1	0.667	11	None	GENOMAD.115854.VV	6.444e-06	45	0	0	0	1	NA	NA	NA	NA	NA
k127_400018_4	522	941	420	1	0.729	11	GGA/GAG/AGG	GENOMAD.118434.VV	7.809e-14	70	0	0	1	2561	Caudoviricetes	NA	NA	PF04466;TIGR01547;COG5323	Phage terminase large subunit
k127_345909_1	2	454	453	1	0.689	11	None	GENOMAD.053137.VV	9.018e-26	105	0	0	1	2561	Caudoviricetes	NA	NA	PF17482	Phage tail sheath C-terminal domain
k127_292257_1	1	180	180	1	0.739	11	None	NA	NA	NA	0	0	0	1	NA	NA	NA	NA	NA
k127_292257_2	180	791	612	1	0.658	11	GGA/GAG/AGG	GENOMAD.091147.VV	1.053e-05	48	0	0	1	2561	Caudoviricetes	NA	NA	PF05954;K06905;COG3500;TIGR03361	Phage protein D
k127_130507_1	3	230	228	-1	0.680	11	GGA/GAG/AGG	GENOMAD.129874.VP	1.184e-37	135	0	0	1	2561	Caudoviricetes	NA	NA	PF10076;COG3778;TIGR02242	Uncharacterized protein YmfQ in lambdoid prophage, DUF2313 family
k127_130507_2	223	318	96	-1	0.604	11	None	NA	NA	NA	0	0	0	1	NA	NA	NA	NA	NA
k127_130578_1	1	342	342	1	0.608	11	None	GENOMAD.003088.VV	1.247e-06	48	0	0	1	2561	Caudoviricetes	NA	NA	PF12236	Bacteriophage head to tail connecting protein
k127_76651_1	1	144	144	1	0.597	11	None	NA	NA	NA	0	0	0	1	NA	NA	NA	NA	NA
k127_76651_2	141	356	216	1	0.579	11	None	GENOMAD.017840.VV	2.157e-22	91	0	0	1	2561	Caudoviricetes	NA	NA	PF17288	Terminase RNAseH like domain
k127_22448_1	2	523	522	-1	0.692	11	None	GENOMAD.118632.VP	2.851e-07	52	0	0	1	2561	Caudoviricetes	NA	NA	PF00476;PF07141	DNA polymerase family A; Putative bacteriophage terminase small subunit
k127_22694_1	1	249	249	1	0.651	11	None	NA	NA	NA	0	0	0	1	NA	NA	NA	NA	NA
k127_22694_2	191	358	168	1	0.631	11	None	GENOMAD.085725.VV	0.0001663	39	0	0	1	2561	Caudoviricetes	NA	NA	PF06223;TIGR01715	Minor tail protein T
k127_76974_1	1	399	399	-1	0.619	11	AGGAG	GENOMAD.047188.VV	2.536e-32	123	0	0	1	2561	Caudoviricetes	NA	NA	PF05065;TIGR01554;COG4653	phage major capsid protein, HK97 family
k127_76974_2	406	618	213	-1	0.643	11	None	NA	NA	NA	0	0	0	1	NA	NA	NA	NA	NA
k127_509354_1	2	463	462	-1	0.561	11	GGA/GAG/AGG	GENOMAD.013124.VV	1.682e-08	55	0	0	1	377	Drexlerviridae	NA	NA	PF13262;COG5410	NA
k127_509354_2	460	600	141	-1	0.589	11	None	NA	NA	NA	0	0	0	1	NA	NA	NA	NA	NA
k127_401416_1	2	349	348	1	0.618	11	None	GENOMAD.021435.VV	2.39e-17	79	0	0	1	2561	Caudoviricetes	NA	NA	PF11651	P22 coat protein - gene protein 5
k127_239618_1	1	492	492	1	0.663	11	None	GENOMAD.075466.VV	8.294e-59	201	0	0	1	2561	Caudoviricetes	NA	NA	PF05133;TIGR01538;COG5511	phage portal protein, SPP1 family
k127_77445_1	2	262	261	-1	0.674	11	GGxGG	GENOMAD.115235.VV	4.69e-29	111	0	0	1	1	NA	NA	NA	PF11836	Phage tail tube protein, GTA-gp10
k127_77445_2	259	396	138	-1	0.587	11	None	GENOMAD.134093.VC	1.708e-19	81	0	0	1	2561	Caudoviricetes	NA	NA	PF06199;TIGR02126;COG5437	Phage tail tube protein
k127_510068_1	3	203	201	-1	0.697	11	GGAG/GAGG	GENOMAD.146673.VV	6.368e-32	118	0	0	1	2561	Caudoviricetes	NA	NA	PF05521;TIGR01563;COG5614	phage head-tail adaptor, putative, SPP1 family
k127_240285_1	2	301	300	-1	0.657	11	None	GENOMAD.189735.VP	2.785e-09	55	0	0	1	2561	Caudoviricetes	NA	NA	PF05065	Phage capsid family
k127_402408_1	1	492	492	1	0.598	11	None	GENOMAD.007473.VV	7.734e-34	129	0	0	1	2561	Caudoviricetes	NA	NA	PF07230;TIGR01537	Bacteriophage T4-like portal protein (Gp20)
k127_402550_1	3	893	891	-1	0.620	11	AGGA	GENOMAD.099865.VV	7.458e-47	173	0	0	1	2561	Caudoviricetes	NA	NA	PF04466;PF17289;TIGR01547;COG5323;K06909	phage terminase, large subunit, PBSX family
k127_402727_1	2	403	402	-1	0.614	11	None	GENOMAD.017840.VV	7.142e-30	116	0	0	1	2561	Caudoviricetes	NA	NA	PF17288	Terminase RNAseH like domain
k127_186679_1	3	350	348	-1	0.684	11	None	GENOMAD.018508.VV	2.635e-16	76	0	0	1	2561	Caudoviricetes	NA	NA	PF14594;TIGR01665	Siphovirus ReqiPepy6 Gp37-like protein
k127_78964_1	2	475	474	1	0.700	11	None	GENOMAD.068590.VV	3.142e-13	69	0	0	1	2561	Caudoviricetes	NA	NA	PF13871;PF11242;K11654;TIGR00721	C-terminal domain on Strawberry notch homologue
k127_403218_1	3	314	312	1	0.606	11	None	GENOMAD.179355.VP	1.774e-15	73	0	0	1	2561	Caudoviricetes	NA	NA	PF07874	NA
k127_403219_1	3	338	336	-1	0.717	11	None	GENOMAD.219114.VV	5.501e-15	72	0	0	1	2561	Caudoviricetes	NA	NA	PF05065;TIGR01554;COG4653	phage major capsid protein, HK97 family
k127_295373_1	1	357	357	1	0.681	11	None	GENOMAD.053137.VV	5.178e-10	58	0	0	1	2561	Caudoviricetes	NA	NA	PF17482	Phage tail sheath C-terminal domain
k127_457619_1	1	396	396	1	0.664	11	None	GENOMAD.120840.VV	3.013e-38	140	0	0	1	2561	Caudoviricetes	NA	NA	PF04586;COG3740;K06904;TIGR01543	Phage head maturation protease
k127_241624_1	1	969	969	-1	0.667	11	None	GENOMAD.104632.VP	4.939e-41	157	0	0	1	2561	Caudoviricetes	NA	NA	PF06378;PF04466;TIGR01547;COG5323	Phage terminase large subunit
k127_511786_1	3	1127	1125	1	0.545	11	None	GENOMAD.068048.VV	8.951e-15	79	0	0	1	2561	Caudoviricetes	NA	NA	PF20307;TIGR03600;K02314;COG0305	phage replicative helicase, DnaB family, HK022 subfamily
k127_295992_1	2	1093	1092	1	0.636	11	None	GENOMAD.174531.VV	2.78e-07	55	0	0	1	1	NA	NA	NA	PF01696;TIGR03808	Adenovirus EB1 55K protein / large t-antigen
k127_79999_1	3	302	300	1	0.613	11	None	GENOMAD.049806.VV	6.712e-16	74	0	0	1	2561	Caudoviricetes	NA	NA	PF13479;TIGR01618;COG0468;K04484	phage nucleotide-binding protein
k127_188176_1	3	311	309	1	0.621	11	None	GENOMAD.017840.VV	1.351e-25	102	0	0	1	2561	Caudoviricetes	NA	NA	PF17288	Terminase RNAseH like domain
k127_350502_1	72	521	450	-1	0.602	11	None	GENOMAD.068048.VV	3.819e-17	80	0	0	1	2561	Caudoviricetes	NA	NA	PF20307;TIGR03600;K02314;COG0305	phage replicative helicase, DnaB family, HK022 subfamily
k127_80430_1	3	449	447	-1	0.691	11	None	GENOMAD.068590.VV	1.063e-13	70	0	0	1	2561	Caudoviricetes	NA	NA	PF13871;PF11242;K11654;TIGR00721	C-terminal domain on Strawberry notch homologue
k127_242689_1	1	234	234	1	0.585	11	None	GENOMAD.209603.VP	6.702e-07	47	0	0	1	2561	Caudoviricetes	NA	NA	PF07471;COG4220;K22014	Phage DNA packaging protein, Nu1 subunit of terminase
k127_80952_1	2	157	156	-1	0.635	11	GGA/GAG/AGG	NA	NA	NA	0	0	0	1	NA	NA	NA	NA	NA
k127_80952_2	323	490	168	-1	0.649	11	None	NA	NA	NA	0	0	0	1	NA	NA	NA	NA	NA
k127_80952_3	490	585	96	-1	0.740	11	None	GENOMAD.222908.VP	3.807e-06	42	0	0	1	2561	Caudoviricetes	NA	NA	TIGR01558;COG3747	phage terminase, small subunit, putative, P27 family
k127_513291_1	1	477	477	1	0.654	11	None	GENOMAD.147571.VP	1.176e-26	108	0	0	1	2561	Caudoviricetes	NA	NA	PF20441;COG5362	Terminase large subunit, endonuclease domain
k127_513306_1	3	335	333	-1	0.489	11	None	GENOMAD.009541.VV	3.835e-50	173	0	0	1	2561	Caudoviricetes	NA	NA	PF11041;TIGR02242	DUF276
k127_189583_1	1	285	285	1	0.723	11	None	GENOMAD.107803.VV	3.327e-05	43	0	0	1	1	NA	NA	NA	PF11242;TIGR03879;COG1342	probable regulatory domain
k127_189595_1	1	183	183	-1	0.716	11	None	GENOMAD.224435.VP	1.627e-06	45	0	0	1	2561	Caudoviricetes	NA	NA	PF04965;K06903;COG3628;TIGR03357	Baseplate wedge protein gp25
k127_189595_2	180	338	159	-1	0.654	11	None	NA	NA	NA	0	0	0	1	NA	NA	NA	NA	NA
k127_460014_1	1	924	924	1	0.570	11	None	GENOMAD.029241.VV	0.0002599	45	0	0	1	2561	Caudoviricetes	NA	NA	PF04860;TIGR01537;COG4695	Phage portal protein
k127_351790_1	1	498	498	1	0.691	11	None	GENOMAD.068048.VV	1.27e-18	85	0	0	1	2561	Caudoviricetes	NA	NA	PF20307;TIGR03600;K02314;COG0305	phage replicative helicase, DnaB family, HK022 subfamily
k127_351790_2	495	644	150	1	0.780	11	None	NA	NA	NA	0	0	0	1	NA	NA	NA	NA	NA
k127_460121_1	270	722	453	1	0.634	11	AGGAG	GENOMAD.063098.VV	1.643e-06	49	0	0	1	2561	Caudoviricetes	NA	NA	PF11126	Transcriptional regulator DsbA
k127_298080_1	37	429	393	-1	0.656	11	None	GENOMAD.038366.VV	0.0001055	43	0	0	1	3032	Kyanoviridae	NA	NA	PF03336;COG3128;K07336	Predicted 2-oxoglutarate- and Fe(II)-dependent dioxygenase YbiX
k127_406512_1	1	303	303	1	0.653	11	None	GENOMAD.094691.VV	1.928e-05	44	0	0	1	2561	Caudoviricetes	NA	NA	PF05119;COG3747;TIGR01558	Phage terminase, small subunit
k127_352815_1	2	409	408	-1	0.559	11	None	GENOMAD.064229.VV	1.096e-42	153	0	0	1	2561	Caudoviricetes	NA	NA	PF05133;TIGR01538	phage portal protein, SPP1 family
k127_515098_1	3	311	309	1	0.553	11	None	GENOMAD.056631.VV	1.802e-30	116	0	0	1	2561	Caudoviricetes	NA	NA	PF19821;TIGR04387	major capsid protein, N4-gp56 family
k127_28641_1	2	928	927	-1	0.636	11	AGGAG/GGAGG	GENOMAD.000175.VV	2.462e-09	61	0	0	1	8305	Partitiviridae	NA	NA	PF00680;COG3344	Viral RNA-dependent RNA polymerase
k127_28711_1	3	347	345	-1	0.559	11	None	GENOMAD.000997.VV	9.941e-10	57	0	0	1	2561	Caudoviricetes	NA	NA	PF20387	NA
k127_137141_1	3	671	669	1	0.565	11	None	GENOMAD.134078.VP	6.079e-05	46	0	0	1	2561	Caudoviricetes	NA	NA	PF07141	Putative bacteriophage terminase small subunit
k127_515433_1	86	478	393	1	0.562	11	GGA/GAG/AGG	GENOMAD.216242.VP	0.0002311	42	0	0	0	2561	Caudoviricetes	NA	NA	PF18932	NA
k127_515433_2	484	759	276	1	0.533	11	AGGA	GENOMAD.017632.VV	2.245e-08	52	0	0	1	2561	Caudoviricetes	NA	NA	PF03354;COG5410;TIGR01547	phage terminase, large subunit, PBSX family
k127_29327_1	2	670	669	1	0.628	11	None	GENOMAD.169508.VP	1.444e-20	93	0	0	1	2561	Caudoviricetes	NA	NA	PF04708;PF13262;COG1961;K14060	Site-specific DNA recombinase related to the DNA invertase Pin
k127_461900_1	2	445	444	1	0.480	11	None	GENOMAD.096223.VV	3.426e-27	109	0	0	1	2561	Caudoviricetes	NA	NA	PF04466;TIGR01547;K06909;COG1783	phage terminase, large subunit, PBSX family
k127_137752_1	3	1127	1125	1	0.537	11	None	GENOMAD.013210.VV	6.176e-12	70	0	0	1	2561	Caudoviricetes	NA	NA	PF00211;PF08994;PF08993;COG2114	Adenylate and Guanylate cyclase catalytic domain; T4 gene Gp59 loader of gp41 DNA helicase C-term; T4 gene Gp59 loader of gp41 DNA helicase
k127_83713_1	3	191	189	1	0.677	11	None	GENOMAD.084403.VV	1.04e-10	57	0	0	1	1	NA	NA	NA	PF04883;TIGR01725;COG5005	phage protein, HK97 gp10 family
k127_83713_2	240	434	195	1	0.692	11	GGA/GAG/AGG	NA	NA	NA	0	0	0	1	NA	NA	NA	NA	NA
k127_137956_1	3	578	576	-1	0.714	11	None	GENOMAD.219105.VP	8.351e-05	45	0	0	1	2561	Caudoviricetes	NA	NA	PF20025;PF01068;K18951;TIGR04120;COG5226	DNA ligase, ATP-dependent, PP_1105 family
k127_408170_1	3	266	264	1	0.742	11	None	GENOMAD.124507.VV	4.919e-21	88	0	0	1	2561	Caudoviricetes	NA	NA	PF11242;K22300;COG3655;TIGR00673	DNA-binding transcriptional regulator, XRE family
k127_84574_1	3	431	429	1	0.622	11	None	GENOMAD.068048.VV	5.92e-08	53	0	0	1	2561	Caudoviricetes	NA	NA	PF20307;TIGR03600;K02314;COG0305	phage replicative helicase, DnaB family, HK022 subfamily
k127_463030_1	2	334	333	-1	0.595	11	None	GENOMAD.124283.VV	1.724e-42	151	0	0	1	2561	Caudoviricetes	NA	NA	PF04865;COG3299	Baseplate J-like protein
k127_30760_1	3	470	468	-1	0.613	11	None	GENOMAD.169508.VP	6.492e-13	68	0	0	1	2561	Caudoviricetes	NA	NA	PF04708;PF13262;COG1961;K14060	Site-specific DNA recombinase related to the DNA invertase Pin
k127_463413_1	131	844	714	-1	0.597	11	None	GENOMAD.068048.VV	5.069e-15	77	0	0	1	2561	Caudoviricetes	NA	NA	PF20307;TIGR03600;K02314;COG0305	phage replicative helicase, DnaB family, HK022 subfamily
k127_409181_1	2	418	417	1	0.635	11	None	GENOMAD.160552.VV	8.815e-12	64	0	0	1	2561	Caudoviricetes	NA	NA	PF09588;COG5377;TIGR03033	Phage-related protein, predicted endonuclease
k127_301996_1	1	318	318	-1	0.645	11	None	GENOMAD.068048.VV	4.759e-14	69	0	0	1	2561	Caudoviricetes	NA	NA	PF20307;TIGR03600;K02314;COG0305	phage replicative helicase, DnaB family, HK022 subfamily
k127_139982_1	1	408	408	-1	0.537	11	None	GENOMAD.017425.VV	3.178e-31	120	0	0	1	2561	Caudoviricetes	NA	NA	PF11863;COG4386	Mu-like prophage tail sheath protein gpL
k127_247920_1	2	649	648	1	0.597	11	None	GENOMAD.013210.VV	2.932e-31	124	0	0	1	2561	Caudoviricetes	NA	NA	PF00211;PF08994;PF08993;COG2114	Adenylate and Guanylate cyclase catalytic domain; T4 gene Gp59 loader of gp41 DNA helicase C-term; T4 gene Gp59 loader of gp41 DNA helicase
k127_247985_1	3	365	363	1	0.570	11	None	GENOMAD.119024.VV	6.033e-26	104	0	0	1	2561	Caudoviricetes	NA	NA	PF04586;COG3740;TIGR01543	Caudovirus prohead serine protease
k127_464470_1	3	335	333	-1	0.619	11	None	GENOMAD.005520.VV	1.907e-41	148	0	0	1	2561	Caudoviricetes	NA	NA	PF11134	Phage stabilisation protein
k127_464617_1	2	439	438	-1	0.626	11	AGGAG	GENOMAD.063098.VV	3.095e-07	51	0	0	1	2561	Caudoviricetes	NA	NA	PF11126	Transcriptional regulator DsbA
k127_86489_1	37	537	501	-1	0.695	11	None	GENOMAD.048768.VV	2.221e-31	122	0	0	1	2561	Caudoviricetes	NA	NA	PF04233;TIGR01641	Phage Mu protein F like protein
k127_518661_1	2	343	342	-1	0.605	11	None	GENOMAD.108416.VP	5.973e-39	141	0	0	1	2561	Caudoviricetes	NA	NA	PF11863;COG4386	Mu-like prophage tail sheath protein gpL
k127_86626_1	1	639	639	-1	0.710	11	None	GENOMAD.097828.VV	6.693e-29	117	0	0	1	1	NA	NA	NA	PF06199;TIGR02126	NA
k127_464866_1	24	527	504	-1	0.653	11	None	GENOMAD.013210.VV	8.094e-15	74	0	0	1	2561	Caudoviricetes	NA	NA	PF00211;PF08994;PF08993;COG2114	Adenylate and Guanylate cyclase catalytic domain; T4 gene Gp59 loader of gp41 DNA helicase C-term; T4 gene Gp59 loader of gp41 DNA helicase
k127_302905_1	1	516	516	1	0.645	11	None	GENOMAD.023991.VV	1.232e-08	56	0	0	1	2561	Caudoviricetes	NA	NA	COG5410	Mu-like prophage FluMu protein gp28
k127_411142_1	3	584	582	-1	0.603	11	None	GENOMAD.023991.VV	1.916e-12	68	0	0	1	2561	Caudoviricetes	NA	NA	COG5410	Mu-like prophage FluMu protein gp28
k127_249197_1	1	381	381	1	0.677	11	None	GENOMAD.224435.VP	7.417e-09	55	0	0	1	2561	Caudoviricetes	NA	NA	PF04965;K06903;COG3628;TIGR03357	Baseplate wedge protein gp25
k127_141299_1	3	449	447	1	0.638	11	None	GENOMAD.136378.VP	7.92e-27	108	0	0	1	2561	Caudoviricetes	NA	NA	PF05136;PF04965;TIGR01539;K06903;COG5511	phage portal protein, lambda family
k127_519581_1	1	333	333	1	0.604	11	None	GENOMAD.053100.VV	1.3e-21	91	0	0	1	1	NA	NA	NA	PF16510	Phage P22-like portal protein
k127_303559_1	3	302	300	1	0.643	11	None	GENOMAD.110264.VV	1.128e-10	59	0	0	1	2561	Caudoviricetes	NA	NA	PF04865;COG3948	Phage-related baseplate assembly protein
k127_411494_1	3	1094	1092	1	0.635	11	None	GENOMAD.000175.VV	2.373e-06	52	0	0	1	8305	Partitiviridae	NA	NA	PF00680;COG3344	Viral RNA-dependent RNA polymerase
k127_519706_1	2	430	429	-1	0.606	11	None	GENOMAD.013210.VV	2.589e-19	86	0	0	1	2561	Caudoviricetes	NA	NA	PF00211;PF08994;PF08993;COG2114	Adenylate and Guanylate cyclase catalytic domain; T4 gene Gp59 loader of gp41 DNA helicase C-term; T4 gene Gp59 loader of gp41 DNA helicase
k127_33594_1	1	492	492	-1	0.673	11	None	GENOMAD.222213.VP	1.32e-17	82	0	0	1	2561	Caudoviricetes	NA	NA	PF07141	Putative bacteriophage terminase small subunit
k127_195799_1	2	406	405	1	0.640	11	None	GENOMAD.068048.VV	1.223e-15	75	0	0	1	2561	Caudoviricetes	NA	NA	PF20307;TIGR03600;K02314;COG0305	phage replicative helicase, DnaB family, HK022 subfamily
k127_411954_1	1	423	423	1	0.468	11	None	GENOMAD.092674.VV	1.287e-17	81	0	0	1	2561	Caudoviricetes	NA	NA	COG5362;TIGR01630	Phage terminase large subunit
k127_412025_1	1	288	288	1	0.458	11	None	GENOMAD.032636.VV	2.812e-07	49	0	0	1	2561	Caudoviricetes	NA	NA	PF20307;PF07486;TIGR02239;COG0468;K18947	Divergent DnaB-like ATPase; Cell Wall Hydrolase
k127_466419_1	1	948	948	1	0.690	11	None	GENOMAD.068590.VV	2.48e-18	89	0	0	1	2561	Caudoviricetes	NA	NA	PF13871;PF11242;K11654;TIGR00721	C-terminal domain on Strawberry notch homologue
k127_89083_1	69	314	246	1	0.585	11	None	GENOMAD.041455.VV	5.397e-18	79	0	0	1	2561	Caudoviricetes	NA	NA	PF09681	N-terminal phage replisome organiser (Phage_rep_org_N)
k127_251051_1	3	1106	1104	-1	0.534	11	None	GENOMAD.011509.VV	1.833e-26	115	0	0	1	2561	Caudoviricetes	NA	NA	PF11134;PF11650	Phage stabilisation protein; P22 tail accessory factor
k127_197097_1	1	333	333	1	0.697	11	None	GENOMAD.127022.VV	1.933e-25	102	0	0	1	2561	Caudoviricetes	NA	NA	PF04586;K06904;COG3740;TIGR01543	Phage head maturation protease
k127_143281_1	3	362	360	-1	0.656	11	None	GENOMAD.068048.VV	3.736e-14	70	0	0	1	2561	Caudoviricetes	NA	NA	PF20307;TIGR03600;K02314;COG0305	phage replicative helicase, DnaB family, HK022 subfamily
k127_413149_1	2	466	465	-1	0.658	11	None	GENOMAD.013210.VV	3.24e-11	63	0	0	1	2561	Caudoviricetes	NA	NA	PF00211;PF08994;PF08993;COG2114	Adenylate and Guanylate cyclase catalytic domain; T4 gene Gp59 loader of gp41 DNA helicase C-term; T4 gene Gp59 loader of gp41 DNA helicase
k127_413159_1	1	387	387	-1	0.718	11	None	GENOMAD.169508.VP	2.368e-14	71	0	0	1	2561	Caudoviricetes	NA	NA	PF04708;PF13262;COG1961;K14060	Site-specific DNA recombinase related to the DNA invertase Pin
k127_143349_1	1	339	339	1	0.670	11	None	GENOMAD.068048.VV	1.275e-14	71	0	0	1	2561	Caudoviricetes	NA	NA	PF20307;TIGR03600;K02314;COG0305	phage replicative helicase, DnaB family, HK022 subfamily
k127_467636_1	3	599	597	1	0.613	11	None	GENOMAD.068048.VV	4.601e-13	70	0	0	1	2561	Caudoviricetes	NA	NA	PF20307;TIGR03600;K02314;COG0305	phage replicative helicase, DnaB family, HK022 subfamily
k127_467920_1	45	527	483	-1	0.638	11	None	GENOMAD.068048.VV	3.346e-13	69	0	0	1	2561	Caudoviricetes	NA	NA	PF20307;TIGR03600;K02314;COG0305	phage replicative helicase, DnaB family, HK022 subfamily
k127_359843_1	2	349	348	1	0.557	11	None	GENOMAD.109691.VV	4.083e-11	61	0	0	1	2561	Caudoviricetes	NA	NA	PF06141	Phage minor tail protein U
k127_252001_1	3	203	201	-1	0.756	11	GGA/GAG/AGG	NA	NA	NA	0	0	0	1	NA	NA	NA	NA	NA
k127_252001_2	203	862	660	-1	0.677	11	None	GENOMAD.068048.VV	1.533e-15	78	0	0	1	2561	Caudoviricetes	NA	NA	PF20307;TIGR03600;K02314;COG0305	phage replicative helicase, DnaB family, HK022 subfamily
k127_197948_1	1	777	777	-1	0.690	11	None	GENOMAD.032636.VV	8.136e-19	89	0	0	1	2561	Caudoviricetes	NA	NA	PF20307;PF07486;TIGR02239;COG0468;K18947	Divergent DnaB-like ATPase; Cell Wall Hydrolase
k127_522414_1	2	364	363	1	0.612	11	None	GENOMAD.181728.VV	1.233e-09	57	0	0	1	2561	Caudoviricetes	NA	NA	PF09588;COG5377;TIGR03033	Phage-related protein, predicted endonuclease
k127_414418_1	3	302	300	1	0.697	11	None	GENOMAD.008878.VV	0.0004539	40	0	0	1	6064	Autographiviridae	NA	NA	PF09293	T4 RNase H, C terminal
k127_144819_1	2	385	384	-1	0.505	11	None	GENOMAD.017632.VV	4.553e-05	44	0	0	1	2561	Caudoviricetes	NA	NA	PF03354;COG5410;TIGR01547	phage terminase, large subunit, PBSX family
k127_306839_1	3	455	453	1	0.704	11	None	GENOMAD.147571.VP	2.95e-21	92	0	0	1	2561	Caudoviricetes	NA	NA	PF20441;COG5362	Terminase large subunit, endonuclease domain
k127_36666_1	2	325	324	-1	0.636	11	None	GENOMAD.005163.VV	2.816e-20	87	0	0	1	2561	Caudoviricetes	NA	NA	PF11651;TIGR04387	P22 coat protein - gene protein 5
k127_253048_1	45	341	297	-1	0.633	11	None	GENOMAD.063098.VV	2.852e-08	52	0	0	1	2561	Caudoviricetes	NA	NA	PF11126	Transcriptional regulator DsbA
k127_415099_1	2	343	342	1	0.667	11	None	GENOMAD.068048.VV	1.942e-10	59	0	0	1	2561	Caudoviricetes	NA	NA	PF20307;TIGR03600;K02314;COG0305	phage replicative helicase, DnaB family, HK022 subfamily
k127_361411_1	3	458	456	1	0.605	11	None	GENOMAD.013210.VV	1.603e-37	139	0	0	1	2561	Caudoviricetes	NA	NA	PF00211;PF08994;PF08993;COG2114	Adenylate and Guanylate cyclase catalytic domain; T4 gene Gp59 loader of gp41 DNA helicase C-term; T4 gene Gp59 loader of gp41 DNA helicase
k127_253446_1	1	348	348	-1	0.698	11	None	GENOMAD.037086.VV	9.733e-19	83	0	0	1	2561	Caudoviricetes	NA	NA	PF20441;PF03354;COG4626;TIGR01547	Phage terminase-like protein, large subunit, contains N-terminal HTH domain
k127_37345_1	3	356	354	1	0.647	11	None	GENOMAD.019218.VV	4.819e-43	153	0	0	1	2561	Caudoviricetes	NA	NA	COG5410	NA
k127_361625_1	2	679	678	1	0.630	11	None	GENOMAD.169508.VP	1.633e-19	90	0	0	1	2561	Caudoviricetes	NA	NA	PF04708;PF13262;COG1961;K14060	Site-specific DNA recombinase related to the DNA invertase Pin
k127_415672_1	3	350	348	1	0.592	11	None	GENOMAD.064229.VV	1.195e-40	146	0	0	1	2561	Caudoviricetes	NA	NA	PF05133;TIGR01538	phage portal protein, SPP1 family
k127_307938_1	3	377	375	1	0.520	11	None	GENOMAD.099644.VP	6.674e-18	81	0	0	1	2561	Caudoviricetes	NA	NA	PF09588;COG5377;TIGR03033;K01143	Phage-related protein, predicted endonuclease
k127_199911_1	2	325	324	1	0.583	11	None	GENOMAD.019237.VV	1.141e-21	91	0	0	1	2561	Caudoviricetes	NA	NA	PF11651	P22 coat protein - gene protein 5
k127_146216_1	1	360	360	1	0.667	11	None	GENOMAD.059288.VV	4.121e-37	136	0	0	1	2561	Caudoviricetes	NA	NA	PF18906	Phage tail tube protein
k127_308375_1	2	946	945	-1	0.679	11	None	GENOMAD.065578.VV	1.516e-44	167	0	0	1	2561	Caudoviricetes	NA	NA	PF04860;PF04233;TIGR01537;COG4695;K06904	phage portal protein, HK97 family
k127_362371_1	2	223	222	1	0.599	11	None	NA	NA	NA	0	0	0	1	NA	NA	NA	NA	NA
k127_362371_2	251	802	552	1	0.569	11	GGA/GAG/AGG	GENOMAD.207058.VP	3.418e-10	61	0	0	1	2561	Caudoviricetes	NA	NA	PF04860;PF04275;TIGR01537;K19797;COG4383	phage portal protein, HK97 family
k127_200617_1	2	1648	1647	1	0.696	11	None	GENOMAD.068590.VV	4.991e-14	78	0	0	1	2561	Caudoviricetes	NA	NA	PF13871;PF11242;K11654;TIGR00721	C-terminal domain on Strawberry notch homologue
k127_362740_1	1	378	378	1	0.656	11	None	GENOMAD.017564.VV	3.454e-42	151	0	0	1	2561	Caudoviricetes	NA	NA	PF11651	P22 coat protein - gene protein 5
k127_200888_1	4	288	285	-1	0.596	11	None	GENOMAD.214229.VP	5.432e-08	51	0	0	1	2561	Caudoviricetes	NA	NA	PF07141;COG2826	Putative bacteriophage terminase small subunit
k127_471240_1	3	530	528	1	0.515	11	None	GENOMAD.065960.VV	4.05e-18	84	0	0	1	1	NA	NA	NA	PF11134	Phage stabilisation protein
k127_147304_1	3	452	450	-1	0.696	11	None	GENOMAD.060259.VV	1.505e-08	55	0	0	1	2561	Caudoviricetes	NA	NA	PF20307;TIGR02236;COG0468;K04484	Divergent DnaB-like ATPase
k127_363221_1	2	562	561	-1	0.654	11	None	GENOMAD.013210.VV	3.359e-13	70	0	0	1	2561	Caudoviricetes	NA	NA	PF00211;PF08994;PF08993;COG2114	Adenylate and Guanylate cyclase catalytic domain; T4 gene Gp59 loader of gp41 DNA helicase C-term; T4 gene Gp59 loader of gp41 DNA helicase
k127_417208_1	1	315	315	1	0.565	11	None	GENOMAD.178455.VP	4.099e-07	49	0	0	1	2561	Caudoviricetes	NA	NA	PF08813;COG5437;TIGR02126	Phage tail tube protein, TTP
k127_93550_1	2	1567	1566	1	0.695	11	None	GENOMAD.118632.VP	1.033e-18	93	0	0	1	2561	Caudoviricetes	NA	NA	PF00476;PF07141	DNA polymerase family A; Putative bacteriophage terminase small subunit
k127_471908_1	1	312	312	-1	0.510	11	None	GENOMAD.063409.VV	9.572e-22	91	0	0	1	2561	Caudoviricetes	NA	NA	PF07230	Bacteriophage T4-like portal protein (Gp20)
k127_363534_1	2	340	339	1	0.563	11	None	GENOMAD.068048.VV	6.689e-13	66	0	0	1	2561	Caudoviricetes	NA	NA	PF20307;TIGR03600;K02314;COG0305	phage replicative helicase, DnaB family, HK022 subfamily
k127_201614_1	3	329	327	1	0.627	11	None	GENOMAD.056631.VV	6.478e-28	109	0	0	1	2561	Caudoviricetes	NA	NA	PF19821;TIGR04387	major capsid protein, N4-gp56 family
k127_201663_1	1	699	699	-1	0.598	11	GGA/GAG/AGG	GENOMAD.005163.VV	7.354e-25	106	0	0	1	2561	Caudoviricetes	NA	NA	PF11651;TIGR04387	P22 coat protein - gene protein 5
k127_309859_1	1	165	165	1	0.770	11	None	NA	NA	NA	0	0	0	1	NA	NA	NA	NA	NA
k127_309859_2	184	555	372	1	0.688	11	GGAG/GAGG	GENOMAD.124156.VV	4.019e-31	119	0	0	1	2561	Caudoviricetes	NA	NA	PF04586;COG3740;TIGR01543;K06904	Phage head maturation protease
k127_472037_1	3	1232	1230	-1	0.603	11	None	GENOMAD.017564.VV	5.439e-76	263	0	0	1	2561	Caudoviricetes	NA	NA	PF11651	P22 coat protein - gene protein 5
k127_472160_1	1	306	306	1	0.657	11	None	GENOMAD.068048.VV	1.733e-14	70	0	0	1	2561	Caudoviricetes	NA	NA	PF20307;TIGR03600;K02314;COG0305	phage replicative helicase, DnaB family, HK022 subfamily
k127_472160_2	296	748	453	1	0.704	11	None	NA	NA	NA	0	0	0	1	NA	NA	NA	NA	NA
k127_310033_1	198	344	147	1	0.476	11	AGGAG	GENOMAD.005360.VV	6.102e-10	54	0	0	1	2561	Caudoviricetes	NA	NA	PF11651;TIGR04387	P22 coat protein - gene protein 5
k127_472529_1	2	955	954	1	0.615	11	None	GENOMAD.013210.VV	1.343e-29	123	0	0	1	2561	Caudoviricetes	NA	NA	PF00211;PF08994;PF08993;COG2114	Adenylate and Guanylate cyclase catalytic domain; T4 gene Gp59 loader of gp41 DNA helicase C-term; T4 gene Gp59 loader of gp41 DNA helicase
k127_94473_1	188	742	555	1	0.310	11	None	NA	NA	NA	0	0	0	1	NA	NA	NA	NA	NA
k127_94473_2	1051	2667	1617	1	0.343	11	None	NA	NA	NA	0	0	0	1	NA	NA	NA	NA	NA
k127_40193_1	3	143	141	-1	0.518	11	AGGAG	NA	NA	NA	0	0	0	1	NA	NA	NA	NA	NA
k127_40193_2	227	436	210	-1	0.552	11	None	GENOMAD.067824.VV	5.771e-12	61	0	0	1	2561	Caudoviricetes	NA	NA	PF06141	Phage minor tail protein U
k127_418315_1	1	408	408	1	0.738	11	None	GENOMAD.107860.VV	1.058e-07	52	0	0	1	1	NA	NA	NA	PF11367	NA
k127_202461_1	2	361	360	1	0.669	11	None	GENOMAD.120544.VP	3.489e-23	96	0	0	1	2561	Caudoviricetes	NA	NA	PF05100;TIGR01600;COG4672	lambda-like phage minor tail protein L
k127_256606_1	2	172	171	-1	0.614	11	GGA/GAG/AGG	GENOMAD.022733.VV	2.06e-09	53	0	0	1	2561	Caudoviricetes	NA	NA	PF09681;TIGR01714	N-terminal phage replisome organiser (Phage_rep_org_N)
k127_256606_2	172	393	222	-1	0.680	11	None	NA	NA	NA	0	0	0	1	NA	NA	NA	NA	NA
k127_473055_1	1	456	456	1	0.647	11	None	GENOMAD.147427.VP	6.004e-22	94	0	0	1	2561	Caudoviricetes	NA	NA	PF07141	Putative bacteriophage terminase small subunit
k127_40933_1	2	529	528	1	0.415	11	None	GENOMAD.098974.VV	2.78e-42	154	0	0	1	2561	Caudoviricetes	NA	NA	PF12236	Bacteriophage head to tail connecting protein
k127_40957_1	2	685	684	1	0.664	11	None	GENOMAD.003597.VV	1.527e-35	137	0	0	1	2561	Caudoviricetes	NA	NA	PF16510	NA
k127_527300_1	3	146	144	1	0.701	11	None	GENOMAD.014295.VV	1.592e-07	47	0	0	1	2561	Caudoviricetes	NA	NA	PF05135;TIGR02215	phage conserved hypothetical protein, phiE125 gp8 family
k127_527300_2	157	279	123	1	0.797	11	AGGAG	NA	NA	NA	0	0	0	1	NA	NA	NA	NA	NA
k127_527300_3	283	450	168	1	0.690	11	GGAG/GAGG	NA	NA	NA	0	0	0	1	NA	NA	NA	NA	NA
k127_95860_1	3	380	378	1	0.701	11	None	GENOMAD.103421.VV	1.242e-11	63	0	0	1	2561	Caudoviricetes	NA	NA	PF05954	Phage tail baseplate hub (GPD)
k127_150234_1	2	487	486	-1	0.687	11	None	GENOMAD.062735.VV	4.819e-05	45	0	0	1	5820	Rhabdoviridae	NA	NA	PF00946	Mononegavirales RNA dependent RNA polymerase
k127_150389_1	2	280	279	1	0.523	11	None	GENOMAD.009733.VV	4.243e-40	143	0	0	1	2561	Caudoviricetes	NA	NA	PF04883;TIGR01725	phage protein, HK97 gp10 family
k127_96510_1	1	411	411	1	0.574	11	None	GENOMAD.070447.VV	1.685e-12	66	0	0	1	2561	Caudoviricetes	NA	NA	PF03864	Phage major capsid protein E
k127_420690_1	61	285	225	-1	0.658	11	GGGGG	GENOMAD.112409.VV	5.875e-07	47	0	0	1	1	NA	NA	NA	PF05356	Inovirus Coat protein B
k127_475188_1	3	314	312	1	0.718	11	None	GENOMAD.065857.VV	1.323e-10	59	0	0	1	1	NA	NA	NA	PF06841;TIGR02241	T4-like virus tail tube protein gp19
k127_420873_1	3	338	336	1	0.536	11	None	GENOMAD.123534.VP	5.748e-38	138	0	0	1	2561	Caudoviricetes	NA	NA	PF05133;TIGR01538	Phage portal protein, SPP1 Gp6-like
k127_420873_2	357	509	153	1	0.549	11	GGA/GAG/AGG	NA	NA	NA	0	0	0	1	NA	NA	NA	NA	NA
k127_421194_1	3	182	180	1	0.706	11	None	NA	NA	NA	0	0	0	1	NA	NA	NA	NA	NA
k127_421194_2	168	506	339	-1	0.779	11	None	GENOMAD.124507.VV	1.11e-23	97	0	0	1	2561	Caudoviricetes	NA	NA	PF11242;K22300;COG3655;TIGR00673	DNA-binding transcriptional regulator, XRE family
k127_421317_1	2	325	324	1	0.648	11	None	GENOMAD.154686.VV	3.117e-19	84	0	0	1	2561	Caudoviricetes	NA	NA	PF17288	Terminase RNAseH like domain
k127_313958_1	2	490	489	1	0.689	11	None	GENOMAD.013210.VV	3.235e-15	75	0	0	1	2561	Caudoviricetes	NA	NA	PF00211;PF08994;PF08993;COG2114	Adenylate and Guanylate cyclase catalytic domain; T4 gene Gp59 loader of gp41 DNA helicase C-term; T4 gene Gp59 loader of gp41 DNA helicase
k127_43769_1	2	340	339	-1	0.661	11	None	GENOMAD.097639.VV	5.753e-23	95	0	0	1	2561	Caudoviricetes	NA	NA	PF17289;TIGR01630;COG5362	phage uncharacterized protein (putative large terminase), C-terminal domain
k127_314212_1	3	818	816	-1	0.647	11	None	GENOMAD.169508.VP	9.158e-28	116	0	0	1	2561	Caudoviricetes	NA	NA	PF04708;PF13262;COG1961;K14060	Site-specific DNA recombinase related to the DNA invertase Pin
k127_260176_1	31	423	393	-1	0.506	11	None	GENOMAD.147330.VV	1.209e-13	69	0	0	1	2561	Caudoviricetes	NA	NA	PF17288	Terminase RNAseH like domain
k127_530327_1	3	326	324	-1	0.617	11	None	GENOMAD.073447.VV	4.993e-06	46	0	0	1	2561	Caudoviricetes	NA	NA	PF00580;TIGR04095;COG4373	UvrD/REP helicase N-terminal domain
k127_314632_1	1	90	90	1	0.500	11	None	NA	NA	NA	0	0	0	1	NA	NA	NA	NA	NA
k127_314632_2	71	304	234	1	0.577	11	None	GENOMAD.009413.VV	2.778e-08	51	0	0	1	2561	Caudoviricetes	NA	NA	TIGR01547	phage terminase, large subunit, PBSX family
k127_368607_1	3	320	318	1	0.664	11	None	GENOMAD.001873.VV	1.158e-20	88	0	0	1	2561	Caudoviricetes	NA	NA	PF20387;K21507	NA
k127_98899_1	3	911	909	-1	0.688	11	None	GENOMAD.068048.VV	1.781e-15	80	0	0	1	2561	Caudoviricetes	NA	NA	PF20307;TIGR03600;K02314;COG0305	phage replicative helicase, DnaB family, HK022 subfamily
k127_477193_1	2	61	60	-1	0.483	11	GGAG/GAGG	NA	NA	NA	0	0	0	1	NA	NA	NA	NA	NA
k127_477193_2	39	647	609	-1	0.499	11	None	GENOMAD.103140.VC	1.921e-30	121	0	0	1	2561	Caudoviricetes	NA	NA	PF09356;PF05100;TIGR02218;COG5449	Phage minor tail protein L
k127_368728_1	171	383	213	1	0.549	11	None	GENOMAD.195656.VP	1.153e-06	46	0	0	1	9067	Straboviridae	NA	NA	PF19835;PF07453;TIGR01453;COG2827	group I intron endonuclease
k127_368779_1	1	330	330	1	0.615	11	None	GENOMAD.008292.VV	1.245e-21	91	0	0	1	2561	Caudoviricetes	NA	NA	PF11134	Phage stabilisation protein
k127_44949_1	3	494	492	1	0.350	11	None	GENOMAD.068590.VV	2.33e-05	46	0	0	1	2561	Caudoviricetes	NA	NA	PF13871;PF11242;K11654;TIGR00721	C-terminal domain on Strawberry notch homologue
k127_477506_1	91	765	675	-1	0.576	11	None	GENOMAD.068048.VV	7.993e-16	79	0	0	1	2561	Caudoviricetes	NA	NA	PF20307;TIGR03600;K02314;COG0305	phage replicative helicase, DnaB family, HK022 subfamily
k127_477631_1	2	316	315	-1	0.603	11	None	GENOMAD.103289.VV	7.137e-41	146	0	0	1	2561	Caudoviricetes	NA	NA	PF03864;COG1659	Phage major capsid protein E
k127_531275_1	3	251	249	1	0.526	11	None	NA	NA	NA	0	0	0	1	NA	NA	NA	NA	NA
k127_531275_2	266	1261	996	1	0.517	11	None	GENOMAD.027491.VV	1.794e-22	102	0	0	1	2561	Caudoviricetes	NA	NA	PF06074;COG4383;TIGR01537	Mu-like prophage protein gp29
k127_423423_1	2	934	933	1	0.670	11	None	GENOMAD.068048.VV	5.013e-19	91	0	0	1	2561	Caudoviricetes	NA	NA	PF20307;TIGR03600;K02314;COG0305	phage replicative helicase, DnaB family, HK022 subfamily
k127_369802_1	2	1003	1002	-1	0.634	11	None	GENOMAD.169508.VP	4.234e-30	125	0	0	1	2561	Caudoviricetes	NA	NA	PF04708;PF13262;COG1961;K14060	Site-specific DNA recombinase related to the DNA invertase Pin
k127_532144_1	2	358	357	1	0.678	11	None	GENOMAD.005158.VV	1.148e-09	57	0	0	1	2561	Caudoviricetes	NA	NA	PF04586;PF13395;TIGR02646;K06904	TIGR02646 family protein
k127_478859_1	2	304	303	1	0.644	11	None	GENOMAD.167887.VP	1.06e-11	62	0	0	1	2561	Caudoviricetes	NA	NA	PF04860;TIGR01537;COG4383	phage portal protein, HK97 family
k127_46461_1	2	118	117	1	0.718	11	None	NA	NA	NA	0	0	0	1	NA	NA	NA	NA	NA
k127_46461_2	104	382	279	-1	0.763	11	None	GENOMAD.124507.VV	1.177e-14	70	0	0	1	2561	Caudoviricetes	NA	NA	PF11242;K22300;COG3655;TIGR00673	DNA-binding transcriptional regulator, XRE family
k127_370432_1	1	402	402	1	0.637	11	None	GENOMAD.099865.VV	5.684e-24	99	0	0	1	2561	Caudoviricetes	NA	NA	PF04466;PF17289;TIGR01547;COG5323;K06909	phage terminase, large subunit, PBSX family
k127_46551_1	1	357	357	-1	0.675	11	None	GENOMAD.027491.VV	7.654e-63	210	0	0	1	2561	Caudoviricetes	NA	NA	PF06074;COG4383;TIGR01537	Mu-like prophage protein gp29
k127_424705_1	2	325	324	-1	0.580	11	None	GENOMAD.097639.VV	2.543e-21	90	0	0	1	2561	Caudoviricetes	NA	NA	PF17289;TIGR01630;COG5362	phage uncharacterized protein (putative large terminase), C-terminal domain
k127_155804_1	3	338	336	1	0.610	11	None	GENOMAD.121625.VV	1.351e-13	68	0	0	1	2561	Caudoviricetes	NA	NA	PF11651;TIGR04387	P22 coat protein - gene protein 5
k127_156040_1	1	372	372	1	0.651	11	None	GENOMAD.104632.VP	1.013e-21	92	0	0	1	2561	Caudoviricetes	NA	NA	PF06378;PF04466;TIGR01547;COG5323	Phage terminase large subunit
k127_533690_1	3	485	483	-1	0.602	11	None	GENOMAD.167295.VP	1.766e-11	64	0	0	1	2561	Caudoviricetes	NA	NA	PF13539;TIGR01537	D-alanyl-D-alanine carboxypeptidase
k127_156137_1	88	405	318	1	0.692	11	GGA/GAG/AGG	GENOMAD.053100.VV	1.431e-10	59	0	0	1	1	NA	NA	NA	PF16510	Phage P22-like portal protein
k127_47647_1	3	401	399	1	0.594	11	None	GENOMAD.136131.VV	5.228e-05	44	0	0	1	2561	Caudoviricetes	NA	NA	PF04717;COG4540;TIGR01644	Phage P2 baseplate assembly protein gpV
k127_264051_1	1	393	393	1	0.679	11	None	GENOMAD.065924.VV	4.951e-05	44	0	0	1	2561	Caudoviricetes	NA	NA	PF16461;COG5437;TIGR02126	Predicted secreted protein
k127_264055_1	2	379	378	-1	0.463	11	TAAA	NA	NA	NA	0	0	0	1	NA	NA	NA	NA	NA
k127_264055_2	392	868	477	-1	0.526	11	None	GENOMAD.090207.VV	4.351e-06	48	0	0	1	2561	Caudoviricetes	NA	NA	PF05954;K06905;COG3500;TIGR03361	Phage protein D
k127_102279_1	1	657	657	-1	0.725	11	None	NA	NA	NA	0	0	0	1	NA	NA	NA	NA	NA
k127_102279_2	692	967	276	-1	0.601	11	GGAG/GAGG	NA	NA	NA	0	0	0	1	NA	NA	NA	NA	NA
k127_102279_3	968	1642	675	-1	0.630	11	None	GENOMAD.180376.VV	1.733e-15	78	0	0	1	2561	Caudoviricetes	NA	NA	PF04233;PF14890;COG2369;TIGR01641	Uncharacterized conserved protein, contains phage Mu gpF-like domain
k127_480607_1	3	302	300	-1	0.613	11	None	GENOMAD.094177.VV	1.497e-15	73	0	0	1	2561	Caudoviricetes	NA	NA	TIGR01539;COG5511	phage portal protein, lambda family
k127_48285_1	3	338	336	-1	0.592	11	None	GENOMAD.109691.VV	2.235e-24	99	0	0	1	2561	Caudoviricetes	NA	NA	PF06141	Phage minor tail protein U
k127_372381_1	1	435	435	1	0.743	11	None	GENOMAD.068590.VV	2.561e-20	89	0	0	1	2561	Caudoviricetes	NA	NA	PF13871;PF11242;K11654;TIGR00721	C-terminal domain on Strawberry notch homologue
k127_102851_1	163	327	165	-1	0.576	11	None	GENOMAD.063098.VV	1.317e-05	42	0	0	1	2561	Caudoviricetes	NA	NA	PF11126	Transcriptional regulator DsbA
k127_372528_1	2	640	639	1	0.670	11	None	GENOMAD.053137.VV	2.934e-29	118	0	0	1	2561	Caudoviricetes	NA	NA	PF17482	Phage tail sheath C-terminal domain
k127_319056_1	1	483	483	1	0.571	11	None	GENOMAD.068048.VV	7.132e-14	71	0	0	1	2561	Caudoviricetes	NA	NA	PF20307;TIGR03600;K02314;COG0305	phage replicative helicase, DnaB family, HK022 subfamily
k127_319309_1	1	285	285	1	0.621	11	None	GENOMAD.063098.VV	2.704e-07	49	0	0	1	2561	Caudoviricetes	NA	NA	PF11126	Transcriptional regulator DsbA
k127_534989_1	1	450	450	-1	0.591	11	None	GENOMAD.161123.VP	1.344e-10	61	0	0	1	2561	Caudoviricetes	NA	NA	PF04860;TIGR01537;COG4383	phage portal protein, HK97 family
k127_481608_1	2	349	348	1	0.667	11	None	GENOMAD.073447.VV	3.184e-05	44	0	0	1	2561	Caudoviricetes	NA	NA	PF00580;TIGR04095;COG4373	UvrD/REP helicase N-terminal domain
k127_427101_1	1	330	330	1	0.645	11	None	GENOMAD.060015.VV	1.084e-14	71	0	0	1	2561	Caudoviricetes	NA	NA	PF04586;COG3740;K06904;TIGR01543	Phage head maturation protease
k127_211687_1	1	300	300	-1	0.610	11	None	GENOMAD.054986.VV	8.363e-06	45	0	0	1	2561	Caudoviricetes	NA	NA	PF09293	T4 RNase H, C terminal
k127_373904_1	2	481	480	-1	0.671	11	None	GENOMAD.000175.VV	2.102e-06	49	0	0	1	8305	Partitiviridae	NA	NA	PF00680;COG3344	Viral RNA-dependent RNA polymerase
k127_266334_1	1	405	405	-1	0.664	11	None	GENOMAD.034157.VV	4.226e-19	85	0	0	1	2561	Caudoviricetes	NA	NA	PF20441;PF03354;COG4626;TIGR01547	Phage terminase-like protein, large subunit, contains N-terminal HTH domain
k127_104852_1	2	691	690	1	0.625	11	None	GENOMAD.068048.VV	4.184e-17	83	0	0	1	2561	Caudoviricetes	NA	NA	PF20307;TIGR03600;K02314;COG0305	phage replicative helicase, DnaB family, HK022 subfamily
k127_483204_1	3	347	345	-1	0.681	11	None	GENOMAD.036744.VV	6.814e-05	43	0	0	1	639	Flaviviridae	NA	NA	PF02907;K22273	Hepatitis C virus NS3 protease
k127_483272_1	2	205	204	-1	0.588	11	GGAGG	GENOMAD.100562.VV	2.561e-05	42	0	0	1	1	NA	NA	NA	PF10734	NA
k127_483272_2	205	471	267	-1	0.592	11	None	NA	NA	NA	0	0	0	1	NA	NA	NA	NA	NA
k127_483470_1	3	302	300	-1	0.557	11	None	NA	NA	NA	0	0	0	1	NA	NA	NA	NA	NA
k127_483470_2	328	831	504	-1	0.587	11	GGAGG	GENOMAD.032463.VV	1.003e-22	97	0	0	0	2561	Caudoviricetes	NA	NA	PF10772	Bacteriophage HP1, Orf24
k127_483470_3	837	1457	621	-1	0.596	11	None	GENOMAD.027593.VV	8.265e-22	96	0	0	1	2561	Caudoviricetes	NA	NA	PF10758;COG3497	Phage tail sheath protein FI
k127_213273_1	1	441	441	-1	0.630	11	None	GENOMAD.141431.VP	7.726e-35	131	0	0	1	2561	Caudoviricetes	NA	NA	PF04466;TIGR01547;COG1783	Phage terminase large subunit
k127_213280_1	1	1026	1026	1	0.666	11	None	GENOMAD.032636.VV	3.541e-17	86	0	0	1	2561	Caudoviricetes	NA	NA	PF20307;PF07486;TIGR02239;COG0468;K18947	Divergent DnaB-like ATPase; Cell Wall Hydrolase
k127_375171_1	1	120	120	1	0.625	11	None	NA	NA	NA	0	0	0	1	NA	NA	NA	NA	NA
k127_375171_2	141	374	234	1	0.624	11	GGAG/GAGG	GENOMAD.008443.VV	1.568e-06	46	0	0	1	2561	Caudoviricetes	NA	NA	PF05766;PF06508;TIGR00434;COG0175	Bacteriophage Lambda NinG protein; Queuosine biosynthesis protein QueC
k127_321620_1	2	319	318	-1	0.575	11	None	GENOMAD.059582.VV	2.86e-19	84	0	0	1	2561	Caudoviricetes	NA	NA	TIGR01725	phage protein, HK97 gp10 family
k127_51301_1	2	430	429	-1	0.622	11	None	GENOMAD.013210.VV	1.448e-34	130	0	0	1	2561	Caudoviricetes	NA	NA	PF00211;PF08994;PF08993;COG2114	Adenylate and Guanylate cyclase catalytic domain; T4 gene Gp59 loader of gp41 DNA helicase C-term; T4 gene Gp59 loader of gp41 DNA helicase
k127_51528_1	3	416	414	-1	0.698	11	None	GENOMAD.220282.VP	1.053e-18	84	0	0	1	1	NA	NA	NA	PF20223;PF03420	Prohead core protein serine protease
k127_484298_1	3	329	327	1	0.569	11	None	GENOMAD.193815.VP	1.977e-16	76	0	0	1	2561	Caudoviricetes	NA	NA	PF05119;COG3747;TIGR01558	Phage terminase, small subunit
k127_429657_1	2	388	387	1	0.610	11	None	GENOMAD.060259.VV	7.923e-09	55	0	0	1	2561	Caudoviricetes	NA	NA	PF20307;TIGR02236;COG0468;K04484	Divergent DnaB-like ATPase
k127_214254_1	3	839	837	-1	0.652	11	GGA/GAG/AGG	GENOMAD.013124.VV	2.728e-19	91	0	0	1	377	Drexlerviridae	NA	NA	PF13262;COG5410	NA
k127_214254_2	839	1228	390	-1	0.623	11	GGAGG	GENOMAD.093978.VV	4.683e-05	44	0	0	0	2561	Caudoviricetes	NA	NA	PF18932	NA
k127_214254_3	1218	2060	843	-1	0.650	11	None	GENOMAD.208446.VP	2.793e-20	94	0	0	0	2561	Caudoviricetes	NA	NA	PF01555;COG4725;K13581	N6-adenosine-specific RNA methylase IME4
k127_160695_1	2	355	354	-1	0.655	11	None	GENOMAD.208174.VP	3.537e-22	93	0	0	1	2561	Caudoviricetes	NA	NA	PF11242;PF00271;TIGR00721;COG4584	DNA-binding protein, Tfx family
k127_485288_1	2	358	357	-1	0.681	11	None	GENOMAD.053137.VV	4.327e-12	64	0	0	1	2561	Caudoviricetes	NA	NA	PF17482	Phage tail sheath C-terminal domain
k127_215061_1	3	329	327	-1	0.578	11	GGxGG	NA	NA	NA	0	0	0	1	NA	NA	NA	NA	NA
k127_215061_2	290	670	381	-1	0.614	11	None	GENOMAD.002932.VV	2.992e-10	59	0	0	1	2561	Caudoviricetes	NA	NA	TIGR01630;COG5362	phage uncharacterized protein (putative large terminase), C-terminal domain
k127_161502_1	3	398	396	1	0.697	11	None	GENOMAD.068590.VV	1.193e-14	72	0	0	1	2561	Caudoviricetes	NA	NA	PF13871;PF11242;K11654;TIGR00721	C-terminal domain on Strawberry notch homologue
k127_323527_1	1	564	564	1	0.720	11	None	GENOMAD.057710.VV	8.073e-06	48	0	0	1	2561	Caudoviricetes	NA	NA	PF00589;PF04860;K07358;TIGR01537	Phage integrase family; Phage portal protein
k127_430926_1	2	190	189	-1	0.630	11	GGGGT	GENOMAD.022733.VV	3.544e-07	47	0	0	1	2561	Caudoviricetes	NA	NA	PF09681;TIGR01714	N-terminal phage replisome organiser (Phage_rep_org_N)
k127_430926_2	171	344	174	-1	0.592	11	None	NA	NA	NA	0	0	0	1	NA	NA	NA	NA	NA
k127_269408_1	17	319	303	1	0.696	11	AGGA	GENOMAD.127022.VV	1.06e-11	62	0	0	1	2561	Caudoviricetes	NA	NA	PF04586;K06904;COG3740;TIGR01543	Phage head maturation protease
k127_215866_1	3	701	699	1	0.738	11	None	GENOMAD.068590.VV	3.526e-24	104	0	0	1	2561	Caudoviricetes	NA	NA	PF13871;PF11242;K11654;TIGR00721	C-terminal domain on Strawberry notch homologue
k127_378336_1	1	324	324	-1	0.590	11	None	GENOMAD.129421.VV	4.993e-06	46	0	0	1	2561	Caudoviricetes	NA	NA	PF04466;PF17288;TIGR01547;COG1783;K06909	phage terminase, large subunit, PBSX family
k127_432269_1	86	334	249	-1	0.695	11	None	GENOMAD.124507.VV	2.415e-18	80	0	0	1	2561	Caudoviricetes	NA	NA	PF11242;K22300;COG3655;TIGR00673	DNA-binding transcriptional regulator, XRE family
k127_432505_1	194	835	642	1	0.720	11	None	GENOMAD.195366.VP	0.0002368	44	0	0	1	1	NA	NA	NA	PF05766;COG3024	Endogenous inhibitor of DNA gyrase, YacG/DUF329 family
