gene	start	end	length	strand	gc_content	genetic_code	rbs_motif	marker	evalue	bitscore	uscg	plasmid_hallmark	virus_hallmark	taxid	taxname	annotation_conjscan	annotation_amr	annotation_accessions	annotation_description
k127_278686_1	1	378	378	1	0.725	11	None	GENOMAD.064449.VV	8.894e-06	46	0	0	1	2561	Caudoviricetes	NA	NA	PF05065;TIGR01554;COG4653	phage major capsid protein, HK97 family
k127_223065_1	1	354	354	-1	0.588	11	None	GENOMAD.123534.VP	2.25e-10	59	0	0	1	2561	Caudoviricetes	NA	NA	PF05133;TIGR01538	Phage portal protein, SPP1 Gp6-like
k127_167469_1	3	308	306	1	0.768	11	None	GENOMAD.124507.VV	1.291e-25	102	0	0	1	2561	Caudoviricetes	NA	NA	PF11242;K22300;COG3655;TIGR00673	DNA-binding transcriptional regulator, XRE family
k127_334867_1	1	468	468	1	0.596	11	None	GENOMAD.009623.VV	4.532e-27	109	0	0	1	2561	Caudoviricetes	NA	NA	PF19307	Phage capsid-like protein
k127_390637_1	3	218	216	1	0.593	11	None	GENOMAD.105501.VV	3.688e-24	96	0	0	1	2561	Caudoviricetes	NA	NA	PF03434;COG3948	Phage-related baseplate assembly protein
k127_390637_2	211	306	96	1	0.677	11	None	NA	NA	NA	0	0	0	1	NA	NA	NA	NA	NA
k127_805_1	2	1195	1194	1	0.630	11	None	GENOMAD.024527.VV	3.527e-12	71	0	0	1	2561	Caudoviricetes	NA	NA	PF14594;COG4379;TIGR03361	Mu-like prophage tail protein gpP
k127_913_1	1	552	552	1	0.578	11	None	GENOMAD.151235.VP	1.263e-63	216	0	0	1	2561	Caudoviricetes	NA	NA	PF03354;PF05065;COG4626	Phage terminase-like protein, large subunit, contains N-terminal HTH domain
k127_112507_1	1	252	252	-1	0.659	11	GGAGG	NA	NA	NA	0	0	0	1	NA	NA	NA	NA	NA
k127_112507_2	252	1496	1245	-1	0.685	11	None	GENOMAD.018508.VV	1.136e-78	271	0	0	1	2561	Caudoviricetes	NA	NA	PF14594;TIGR01665	Siphovirus ReqiPepy6 Gp37-like protein
k127_112507_3	1493	2167	675	-1	0.704	11	None	GENOMAD.027819.VV	1.031e-27	114	0	0	0	2561	Caudoviricetes	NA	NA	PF20195;COG4722;TIGR01633	Phage-related protein
k127_502432_1	1	609	609	-1	0.691	11	GGxGG	GENOMAD.206218.VV	2.643e-64	219	0	0	0	1	NA	NA	NA	NA	NA
k127_502432_2	606	1037	432	-1	0.699	11	GGAGG	NA	NA	NA	0	0	0	1	NA	NA	NA	NA	NA
k127_502432_3	1034	1351	318	-1	0.764	11	AGxAGG/AGGxGG	NA	NA	NA	0	0	0	1	NA	NA	NA	NA	NA
k127_502432_4	1351	1710	360	-1	0.656	11	GGxGG	NA	NA	NA	0	0	0	1	NA	NA	NA	NA	NA
k127_502432_5	1710	1895	186	-1	0.683	11	None	NA	NA	NA	0	0	0	1	NA	NA	NA	NA	NA
k127_502432_6	1900	2148	249	-1	0.667	11	GGAGG	NA	NA	NA	0	0	0	1	NA	NA	NA	NA	NA
k127_502432_7	2245	2493	249	-1	0.663	11	AGGAG	NA	NA	NA	0	0	0	1	NA	NA	NA	NA	NA
k127_502432_8	2575	2685	111	-1	0.739	11	None	NA	NA	NA	0	0	0	1	NA	NA	NA	NA	NA
k127_56860_1	3	299	297	1	0.552	11	None	GENOMAD.219885.VP	1.292e-16	76	0	0	1	2561	Caudoviricetes	NA	NA	PF05954;COG4379;TIGR03361;K06905	Mu-like prophage tail protein gpP
k127_502480_1	3	62	60	-1	0.467	11	AGxAGG/AGGxGG	NA	NA	NA	0	0	0	1	NA	NA	NA	NA	NA
k127_502480_2	201	419	219	-1	0.466	11	GGA/GAG/AGG	NA	NA	NA	0	0	0	1	NA	NA	NA	NA	NA
k127_502480_3	419	898	480	-1	0.510	11	GGA/GAG/AGG	NA	NA	NA	0	0	0	1	NA	NA	NA	NA	NA
k127_502480_4	899	2083	1185	-1	0.511	11	AGGAG	NA	NA	NA	0	0	0	1	NA	NA	NA	NA	NA
k127_502480_5	2097	2441	345	-1	0.493	11	AGGAG	NA	NA	NA	0	0	0	1	NA	NA	NA	NA	NA
k127_502480_6	2536	2748	213	-1	0.479	11	None	NA	NA	NA	0	0	0	1	NA	NA	NA	NA	NA
k127_502480_7	2748	2918	171	-1	0.450	11	None	GENOMAD.177894.VC	1.074e-14	68	0	0	0	2561	Caudoviricetes	NA	NA	PF03734;COG3034	L,D-transpeptidase catalytic domain
k127_56923_1	3	1421	1419	-1	0.559	11	AGGAG/GGAGG	GENOMAD.124156.VV	1.285e-22	105	0	0	1	2561	Caudoviricetes	NA	NA	PF04586;COG3740;TIGR01543;K06904	Phage head maturation protease
k127_56923_2	1418	1510	93	-1	0.484	11	None	NA	NA	NA	0	0	0	1	NA	NA	NA	NA	NA
k127_391206_1	2	349	348	-1	0.721	11	None	GENOMAD.004420.VV	8.819e-20	86	0	0	1	2561	Caudoviricetes	NA	NA	PF20441;COG5362	Terminase large subunit, endonuclease domain
k127_446897_1	2	532	531	1	0.623	11	None	GENOMAD.023991.VV	6.405e-09	57	0	0	1	2561	Caudoviricetes	NA	NA	COG5410	Mu-like prophage FluMu protein gp28
k127_112851_1	1	183	183	1	0.628	11	None	GENOMAD.159179.VP	1.064e-09	54	0	0	1	2561	Caudoviricetes	NA	NA	COG5004;K06370	P2-like prophage tail protein X
k127_112851_2	185	415	231	1	0.645	11	GGA/GAG/AGG	NA	NA	NA	0	0	0	1	NA	NA	NA	NA	NA
k127_446984_1	3	1211	1209	-1	0.637	11	GGAG/GAGG	GENOMAD.013210.VV	1.455e-16	85	0	0	1	2561	Caudoviricetes	NA	NA	PF00211;PF08994;PF08993;COG2114	Adenylate and Guanylate cyclase catalytic domain; T4 gene Gp59 loader of gp41 DNA helicase C-term; T4 gene Gp59 loader of gp41 DNA helicase
k127_502674_1	86	466	381	-1	0.654	11	None	GENOMAD.085971.VV	0.0009952	40	0	0	1	1	NA	NA	NA	PF05119;COG3747;TIGR01558	Phage terminase, small subunit
k127_169201_1	1	321	321	1	0.682	11	None	GENOMAD.012874.VV	1.642e-17	79	0	0	1	2561	Caudoviricetes	NA	NA	PF16466;PF16467;COG4379	Mu-like prophage tail protein gpP
k127_280581_1	44	310	267	1	0.393	11	GGAG/GAGG	GENOMAD.207396.VP	8.887e-09	53	0	0	1	2561	Caudoviricetes	NA	NA	PF10109	Phage tail assembly chaperone proteins, E, or 41 or 14
k127_447803_1	3	1019	1017	-1	0.657	11	None	GENOMAD.039786.VV	6.519e-09	60	0	0	0	2561	Caudoviricetes	NA	NA	NA	NA
k127_447803_2	964	1401	438	-1	0.635	11	None	GENOMAD.147427.VP	1.058e-21	93	0	0	1	2561	Caudoviricetes	NA	NA	PF07141	Putative bacteriophage terminase small subunit
k127_447803_3	1443	1997	555	-1	0.636	11	None	GENOMAD.059582.VV	4.923e-19	87	0	0	1	2561	Caudoviricetes	NA	NA	TIGR01725	phage protein, HK97 gp10 family
k127_113793_1	2	127	126	1	0.706	11	None	NA	NA	NA	0	0	0	1	NA	NA	NA	NA	NA
k127_113793_2	124	366	243	1	0.695	11	GGxGG	GENOMAD.064227.VV	2.989e-23	94	0	0	1	2561	Caudoviricetes	NA	NA	PF06141	Phage minor tail protein U
k127_336492_1	3	128	126	-1	0.683	11	None	NA	NA	NA	0	0	0	1	NA	NA	NA	NA	NA
k127_336492_2	118	357	240	-1	0.650	11	None	GENOMAD.065329.VV	4.123e-05	42	0	0	1	2561	Caudoviricetes	NA	NA	PF07141	Putative bacteriophage terminase small subunit
k127_447984_1	1	318	318	1	0.682	11	None	GENOMAD.003939.VV	5.264e-13	66	0	0	1	2561	Caudoviricetes	NA	NA	PF04865;COG3299	Baseplate J-like protein
k127_392507_1	333	512	180	1	0.744	11	GGAG/GAGG	GENOMAD.068187.VV	1.551e-06	45	0	0	1	2561	Caudoviricetes	NA	NA	PF06892;TIGR00673;K22299;COG3655	cyanase
k127_169649_1	3	431	429	-1	0.576	11	None	GENOMAD.068048.VV	1.916e-13	69	0	0	1	2561	Caudoviricetes	NA	NA	PF20307;TIGR03600;K02314;COG0305	phage replicative helicase, DnaB family, HK022 subfamily
k127_58339_1	30	359	330	1	0.618	11	GGAG/GAGG	NA	NA	NA	0	0	0	1	NA	NA	NA	NA	NA
k127_58339_2	322	735	414	1	0.674	11	None	GENOMAD.013210.VV	5.108e-08	53	0	0	1	2561	Caudoviricetes	NA	NA	PF00211;PF08994;PF08993;COG2114	Adenylate and Guanylate cyclase catalytic domain; T4 gene Gp59 loader of gp41 DNA helicase C-term; T4 gene Gp59 loader of gp41 DNA helicase
k127_448302_1	3	293	291	1	0.722	11	None	GENOMAD.057881.VV	6.219e-46	160	0	0	0	2561	Caudoviricetes	NA	NA	NA	NA
k127_448302_2	300	491	192	1	0.661	11	GGAG/GAGG	GENOMAD.032635.VV	1.165e-24	97	0	0	1	2561	Caudoviricetes	NA	NA	PF06199;COG5437;TIGR02126	Predicted secreted protein
k127_3117_1	1	303	303	-1	0.644	11	None	GENOMAD.064381.VV	8.67e-06	45	0	0	1	2561	Caudoviricetes	NA	NA	PF04717;TIGR01644;COG4384	phage baseplate assembly protein V
k127_393053_1	2	271	270	-1	0.507	11	None	GENOMAD.116915.VP	2.184e-30	115	0	0	1	2561	Caudoviricetes	NA	NA	PF11651	P22 coat protein - gene protein 5
k127_393053_2	268	414	147	-1	0.429	11	None	GENOMAD.082356.VV	2.579e-10	55	0	0	0	2561	Caudoviricetes	NA	NA	NA	NA
k127_114940_1	3	578	576	1	0.698	11	None	GENOMAD.142437.VP	5.864e-50	177	0	0	1	2561	Caudoviricetes	NA	NA	PF04466;PF17288;TIGR01547;COG1783;K06909	phage terminase, large subunit, PBSX family
k127_3679_1	3	134	132	1	0.606	11	None	NA	NA	NA	0	0	0	1	NA	NA	NA	NA	NA
k127_3679_2	74	526	453	-1	0.649	11	None	GENOMAD.098853.VV	1.099e-13	70	0	0	1	2561	Caudoviricetes	NA	NA	PF18352;COG4384;TIGR01644	Mu-like prophage protein gp45
k127_337741_1	2	340	339	1	0.268	11	None	GENOMAD.072560.VV	2.989e-37	136	0	0	1	5947	Adintoviridae	NA	NA	PF00770	Adenovirus endoprotease
k127_337741_2	330	731	402	1	0.271	11	ATA	NA	NA	NA	0	0	0	1	NA	NA	NA	NA	NA
k127_337741_3	748	867	120	1	0.350	11	TAT	NA	NA	NA	0	0	0	1	NA	NA	NA	NA	NA
k127_3715_1	3	413	411	1	0.582	11	None	GENOMAD.005163.VV	7.616e-13	67	0	0	1	2561	Caudoviricetes	NA	NA	PF11651;TIGR04387	P22 coat protein - gene protein 5
k127_449248_1	1	213	213	1	0.596	11	None	NA	NA	NA	0	0	0	1	NA	NA	NA	NA	NA
k127_449248_2	215	700	486	1	0.603	11	None	GENOMAD.067701.VV	3.099e-60	205	0	0	1	2561	Caudoviricetes	NA	NA	PF05135;TIGR02215	phage conserved hypothetical protein, phiE125 gp8 family
k127_282243_1	3	383	381	1	0.567	11	None	GENOMAD.168715.VV	4.791e-31	119	0	0	1	2561	Caudoviricetes	NA	NA	PF05894;K06909;TIGR01547;COG1783	Podovirus DNA encapsidation protein (Gp16)
k127_171133_1	1	594	594	-1	0.569	11	None	GENOMAD.195801.VP	4.5e-06	49	0	0	1	2561	Caudoviricetes	NA	NA	PF20441;PF03354;COG4373;TIGR01630	Mu-like prophage FluMu protein gp28
k127_338270_1	2	472	471	1	0.631	11	None	GENOMAD.097054.VV	2.551e-68	228	0	0	1	2561	Caudoviricetes	NA	NA	PF04233;TIGR01641	phage putative head morphogenesis protein, SPP1 gp7 family
k127_282562_1	1	276	276	1	0.699	11	None	GENOMAD.115235.VV	9.012e-40	142	0	0	1	1	NA	NA	NA	PF11836	Phage tail tube protein, GTA-gp10
k127_282562_2	273	467	195	1	0.708	11	None	NA	NA	NA	0	0	0	1	NA	NA	NA	NA	NA
k127_282562_3	523	1077	555	1	0.744	11	GGAGG	GENOMAD.049689.VV	3.71e-60	206	0	0	0	1	NA	NA	NA	NA	NA
k127_282562_4	1074	1214	141	1	0.681	11	GGAG/GAGG	NA	NA	NA	0	0	0	1	NA	NA	NA	NA	NA
k127_282997_1	2	454	453	1	0.671	11	None	GENOMAD.057479.VV	3.108e-38	141	0	0	1	2561	Caudoviricetes	NA	NA	PF05065;COG4653;TIGR01554	Phage capsid family
k127_450410_1	3	893	891	-1	0.681	11	None	GENOMAD.020821.VV	3.258e-14	76	0	0	1	2561	Caudoviricetes	NA	NA	PF05876;PF16203;K14440;COG5410;TIGR04095	ERCC4-related helicase
k127_450606_1	526	1902	1377	-1	0.561	11	GGA/GAG/AGG	GENOMAD.068048.VV	5.235e-17	87	0	0	1	2561	Caudoviricetes	NA	NA	PF20307;TIGR03600;K02314;COG0305	phage replicative helicase, DnaB family, HK022 subfamily
k127_450644_1	33	365	333	1	0.544	11	AGGA	GENOMAD.082789.VV	4.468e-48	167	0	0	1	2561	Caudoviricetes	NA	NA	PF08748	Phage tail assembly chaperone
k127_450644_2	383	523	141	1	0.574	11	AGGA/GGAG/GAGG	GENOMAD.153806.VP	1.196e-16	73	0	0	0	2561	Caudoviricetes	NA	NA	PF08809	Phage related hypothetical protein (DUF1799)
k127_61060_1	2	463	462	-1	0.686	11	None	GENOMAD.208864.VP	1.682e-08	55	0	0	1	2561	Caudoviricetes	NA	NA	PF19307;TIGR01554;COG4653	Phage capsid-like protein
k127_450776_1	1	216	216	-1	0.356	11	TAA	GENOMAD.108320.VV	1.363e-05	43	0	0	0	1	NA	NA	NA	NA	NA
k127_450776_2	209	613	405	-1	0.395	11	None	GENOMAD.089141.VV	4.064e-19	85	0	0	1	2561	Caudoviricetes	NA	NA	PF09588;TIGR03033;COG5377	putative phage-type endonuclease
k127_5803_1	1	171	171	1	0.696	11	None	GENOMAD.110944.VV	1.699e-17	76	0	0	1	2561	Caudoviricetes	NA	NA	PF11114;TIGR01725;COG5005	Minor capsid protein
k127_5803_2	171	347	177	1	0.689	11	None	NA	NA	NA	0	0	0	1	NA	NA	NA	NA	NA
k127_229095_1	3	83	81	1	0.704	11	None	NA	NA	NA	0	0	0	1	NA	NA	NA	NA	NA
k127_229095_2	83	310	228	1	0.667	11	AGxAGG/AGGxGG	GENOMAD.013924.VV	4.014e-11	59	0	0	1	2561	Caudoviricetes	NA	NA	TIGR01714	phage replisome organizer, putative, N-terminal region
k127_62222_1	3	68	66	-1	0.621	11	AGxAGG/AGGxGG	NA	NA	NA	0	0	0	1	NA	NA	NA	NA	NA
k127_62222_2	68	289	222	-1	0.649	11	GGAGG	GENOMAD.095111.VP	2.942e-27	105	0	0	1	2561	Caudoviricetes	NA	NA	PF11753	Protein of unknwon function (DUF3310)
k127_62222_3	289	357	69	-1	0.739	11	None	NA	NA	NA	0	0	0	1	NA	NA	NA	NA	NA
k127_118160_1	1	258	258	-1	0.713	11	AGGAG	GENOMAD.094896.VV	8.458e-23	93	0	0	1	2561	Caudoviricetes	NA	NA	PF02831	gpW
k127_118160_2	276	656	381	-1	0.698	11	None	GENOMAD.094368.VV	1.834e-06	48	0	0	0	1	NA	NA	NA	NA	NA
k127_62581_1	3	395	393	-1	0.710	11	None	GENOMAD.053137.VV	1.364e-12	66	0	0	1	2561	Caudoviricetes	NA	NA	PF17482	Phage tail sheath C-terminal domain
k127_285165_1	1	198	198	-1	0.657	11	GGA/GAG/AGG	NA	NA	NA	0	0	0	1	NA	NA	NA	NA	NA
k127_285165_2	210	440	231	-1	0.649	11	None	GENOMAD.032635.VV	1.308e-21	89	0	0	1	2561	Caudoviricetes	NA	NA	PF06199;COG5437;TIGR02126	Predicted secreted protein
k127_396985_1	3	179	177	1	0.621	11	None	GENOMAD.146673.VV	6.197e-28	106	0	0	1	2561	Caudoviricetes	NA	NA	PF05521;TIGR01563;COG5614	phage head-tail adaptor, putative, SPP1 family
k127_396985_2	176	385	210	1	0.638	11	AGGAG	NA	NA	NA	0	0	0	1	NA	NA	NA	NA	NA
k127_174234_1	3	128	126	1	0.611	11	None	GENOMAD.067686.VV	1.392e-12	61	0	0	1	2561	Caudoviricetes	NA	NA	PF06141	Phage minor tail protein U
k127_174234_2	148	354	207	1	0.527	11	AGGA	NA	NA	NA	0	0	0	1	NA	NA	NA	NA	NA
k127_229925_1	109	423	315	1	0.502	11	AGxAGG/AGGxGG	GENOMAD.073947.VV	1.966e-14	70	0	0	1	2561	Caudoviricetes	NA	NA	PF11836	Phage tail tube protein, GTA-gp10
k127_452453_1	1	375	375	-1	0.661	11	None	GENOMAD.068048.VV	5.401e-12	64	0	0	1	2561	Caudoviricetes	NA	NA	PF20307;TIGR03600;K02314;COG0305	phage replicative helicase, DnaB family, HK022 subfamily
k127_7644_1	2	292	291	1	0.533	11	None	GENOMAD.140989.VP	2.308e-40	144	0	0	1	2561	Caudoviricetes	NA	NA	PF05069;TIGR01635;COG5005	phage virion morphogenesis (putative tail completion) protein
k127_7644_2	304	375	72	-1	0.444	11	None	NA	NA	NA	0	0	0	1	NA	NA	NA	NA	NA
k127_509104_1	1	426	426	1	0.664	11	None	GENOMAD.050380.VV	2.167e-46	164	0	0	1	2561	Caudoviricetes	NA	NA	PF16510	Phage P22-like portal protein
k127_174863_1	3	533	531	-1	0.614	11	None	GENOMAD.002060.VV	5.917e-94	303	0	0	1	2561	Caudoviricetes	NA	NA	PF20441;PF04466;COG4626;TIGR01547;K06909	Phage terminase-like protein, large subunit, contains N-terminal HTH domain
k127_509377_1	3	395	393	1	0.545	11	None	GENOMAD.136881.VP	4.744e-16	76	0	0	1	2561	Caudoviricetes	NA	NA	PF09588;TIGR03033;COG5377	putative phage-type endonuclease
k127_175287_1	1	414	414	-1	0.700	11	None	GENOMAD.133504.VP	1.611e-13	69	0	0	1	2561	Caudoviricetes	NA	NA	PF04466;TIGR01547;COG5410	phage terminase, large subunit, PBSX family
k127_64074_1	1	420	420	-1	0.640	11	None	GENOMAD.169508.VP	8.701e-22	93	0	0	1	2561	Caudoviricetes	NA	NA	PF04708;PF13262;COG1961;K14060	Site-specific DNA recombinase related to the DNA invertase Pin
k127_509880_1	3	473	471	-1	0.690	11	GGAG/GAGG	GENOMAD.084403.VV	9.17e-63	212	0	0	1	1	NA	NA	NA	PF04883;TIGR01725;COG5005	phage protein, HK97 gp10 family
k127_509880_2	724	1026	303	-1	0.660	11	None	NA	NA	NA	0	0	0	1	NA	NA	NA	NA	NA
k127_64225_1	208	420	213	1	0.521	11	None	GENOMAD.071029.VV	9.045e-09	52	0	0	1	2561	Caudoviricetes	NA	NA	PF07278;COG4220;K22014;TIGR01764	Phage DNA packaging protein, Nu1 subunit of terminase
k127_398574_1	3	317	315	-1	0.711	11	None	GENOMAD.222908.VP	5.322e-36	132	0	0	1	2561	Caudoviricetes	NA	NA	TIGR01558;COG3747	phage terminase, small subunit, putative, P27 family
k127_8865_1	1	159	159	-1	0.384	11	ATA	GENOMAD.045203.VV	1.167e-12	62	0	0	1	2561	Caudoviricetes	NA	NA	PF02413	Caudovirales tail fibre assembly protein, lambda gpK
k127_9359_1	3	311	309	1	0.608	11	None	GENOMAD.079042.VV	2.042e-21	90	0	0	1	2561	Caudoviricetes	NA	NA	PF04233;COG2369;TIGR01641	Uncharacterized conserved protein, contains phage Mu gpF-like domain
k127_176514_1	1	369	369	1	0.637	11	None	GENOMAD.068048.VV	1.887e-14	71	0	0	1	2561	Caudoviricetes	NA	NA	PF20307;TIGR03600;K02314;COG0305	phage replicative helicase, DnaB family, HK022 subfamily
k127_287700_1	2	382	381	-1	0.709	11	None	GENOMAD.220282.VP	1.575e-26	106	0	0	1	1	NA	NA	NA	PF20223;PF03420	Prohead core protein serine protease
k127_65514_1	2	1018	1017	1	0.572	11	None	GENOMAD.172018.VP	1.79e-39	153	0	0	1	2561	Caudoviricetes	NA	NA	PF05876;PF20454;COG5525;K21512	Phage terminase, large subunit GpA
k127_176883_1	2	577	576	-1	0.503	11	None	GENOMAD.036693.VV	3.961e-12	67	0	0	1	2561	Caudoviricetes	NA	NA	PF04860;PF05065;TIGR01537;COG4695	phage portal protein, HK97 family
k127_288035_1	2	622	621	1	0.670	11	None	GENOMAD.068048.VV	5.605e-13	70	0	0	1	2561	Caudoviricetes	NA	NA	PF20307;TIGR03600;K02314;COG0305	phage replicative helicase, DnaB family, HK022 subfamily
k127_10073_1	2	418	417	-1	0.640	11	None	GENOMAD.068048.VV	1.668e-13	69	0	0	1	2561	Caudoviricetes	NA	NA	PF20307;TIGR03600;K02314;COG0305	phage replicative helicase, DnaB family, HK022 subfamily
k127_288415_1	127	381	255	1	0.573	11	GGAG/GAGG	GENOMAD.013924.VV	2.49e-19	83	0	0	1	2561	Caudoviricetes	NA	NA	TIGR01714	phage replisome organizer, putative, N-terminal region
k127_400237_1	3	197	195	-1	0.590	11	None	NA	NA	NA	0	0	0	1	NA	NA	NA	NA	NA
k127_400237_2	194	577	384	-1	0.612	11	None	GENOMAD.068048.VV	4.876e-14	70	0	0	1	2561	Caudoviricetes	NA	NA	PF20307;TIGR03600;K02314;COG0305	phage replicative helicase, DnaB family, HK022 subfamily
k127_288688_1	2	598	597	1	0.615	11	None	GENOMAD.169508.VP	2.05e-14	74	0	0	1	2561	Caudoviricetes	NA	NA	PF04708;PF13262;COG1961;K14060	Site-specific DNA recombinase related to the DNA invertase Pin
k127_344687_1	1	345	345	1	0.687	11	None	GENOMAD.063098.VV	5.821e-07	49	0	0	1	2561	Caudoviricetes	NA	NA	PF11126	Transcriptional regulator DsbA
k127_512094_1	3	557	555	-1	0.688	11	None	GENOMAD.193019.VV	2.756e-16	79	0	0	1	2561	Caudoviricetes	NA	NA	PF17541;COG3497;TIGR02243	Phage tail sheath protein FI
k127_344784_1	3	1040	1038	-1	0.732	11	None	GENOMAD.013210.VV	4.32e-11	67	0	0	1	2561	Caudoviricetes	NA	NA	PF00211;PF08994;PF08993;COG2114	Adenylate and Guanylate cyclase catalytic domain; T4 gene Gp59 loader of gp41 DNA helicase C-term; T4 gene Gp59 loader of gp41 DNA helicase
k127_233521_1	3	554	552	-1	0.661	11	GGAG/GAGG	GENOMAD.105523.VV	1.047e-82	271	0	0	1	2561	Caudoviricetes	NA	NA	PF03864	Phage major capsid protein E
k127_289038_1	284	1132	849	1	0.683	11	GGAGG	GENOMAD.019257.VV	5.194e-05	47	0	0	1	2561	Caudoviricetes	NA	NA	K21531	NA
k127_10878_1	2	355	354	1	0.393	11	None	GENOMAD.029241.VV	5.932e-08	52	0	0	1	2561	Caudoviricetes	NA	NA	PF04860;TIGR01537;COG4695	Phage portal protein
k127_233710_1	1	618	618	1	0.689	11	None	GENOMAD.018271.VV	1.153e-74	249	0	0	1	2561	Caudoviricetes	NA	NA	PF04586;COG3740;K06904;TIGR01543	Phage head maturation protease
k127_233710_2	773	1318	546	1	0.738	11	AGGAG	GENOMAD.012044.VV	5.283e-28	113	0	0	1	2561	Caudoviricetes	NA	NA	COG4653	Predicted phage phi-C31 gp36 major capsid-like protein
k127_345078_1	3	155	153	-1	0.588	11	AGGAG	GENOMAD.222086.VV	5.236e-19	80	0	0	1	2561	Caudoviricetes	NA	NA	PF04985;K06908;TIGR01611;COG3498	phage contractile tail tube protein, P2 family
k127_345078_2	168	311	144	-1	0.556	11	None	GENOMAD.039233.VV	6.061e-23	91	0	0	1	1	NA	NA	NA	PF17482	Phage tail sheath C-terminal domain
k127_345087_1	1	300	300	-1	0.540	11	None	GENOMAD.142009.VV	3.386e-46	161	0	0	1	2561	Caudoviricetes	NA	NA	PF11651;TIGR04387	P22 coat protein - gene protein 5
k127_11028_1	3	806	804	-1	0.600	11	None	GENOMAD.013210.VV	1.971e-24	106	0	0	1	2561	Caudoviricetes	NA	NA	PF00211;PF08994;PF08993;COG2114	Adenylate and Guanylate cyclase catalytic domain; T4 gene Gp59 loader of gp41 DNA helicase C-term; T4 gene Gp59 loader of gp41 DNA helicase
k127_66853_1	1	303	303	1	0.653	11	None	GENOMAD.012874.VV	4.423e-20	86	0	0	1	2561	Caudoviricetes	NA	NA	PF16466;PF16467;COG4379	Mu-like prophage tail protein gpP
k127_66853_2	290	871	582	1	0.718	11	GGxGG	GENOMAD.061822.VV	0.0008173	42	0	0	0	2561	Caudoviricetes	NA	NA	NA	NA
k127_345192_1	2	415	414	1	0.539	11	None	GENOMAD.222043.VV	5.814e-05	44	0	0	1	2561	Caudoviricetes	NA	NA	PF07278;K22014;COG4220;TIGR01764	Phage DNA packaging protein, Nu1 subunit of terminase
k127_66898_1	2	157	156	-1	0.564	11	AGGAG	NA	NA	NA	0	0	0	1	NA	NA	NA	NA	NA
k127_66898_2	192	347	156	-1	0.500	11	None	GENOMAD.197403.VP	8.71e-08	48	0	0	1	1	NA	NA	NA	PF11367	Bacteriophage minor capsid protein
k127_456245_1	1	846	846	1	0.548	11	None	GENOMAD.013210.VV	1.258e-15	80	0	0	1	2561	Caudoviricetes	NA	NA	PF00211;PF08994;PF08993;COG2114	Adenylate and Guanylate cyclase catalytic domain; T4 gene Gp59 loader of gp41 DNA helicase C-term; T4 gene Gp59 loader of gp41 DNA helicase
k127_401194_1	1	789	789	-1	0.625	11	None	GENOMAD.013210.VV	1.952e-49	179	0	0	1	2561	Caudoviricetes	NA	NA	PF00211;PF08994;PF08993;COG2114	Adenylate and Guanylate cyclase catalytic domain; T4 gene Gp59 loader of gp41 DNA helicase C-term; T4 gene Gp59 loader of gp41 DNA helicase
k127_512843_1	1	465	465	-1	0.643	11	None	GENOMAD.013210.VV	2.657e-24	101	0	0	1	2561	Caudoviricetes	NA	NA	PF00211;PF08994;PF08993;COG2114	Adenylate and Guanylate cyclase catalytic domain; T4 gene Gp59 loader of gp41 DNA helicase C-term; T4 gene Gp59 loader of gp41 DNA helicase
k127_123152_1	3	86	84	1	0.750	11	None	NA	NA	NA	0	0	0	1	NA	NA	NA	NA	NA
k127_123152_2	83	304	222	1	0.707	11	GGAGG	GENOMAD.146291.VV	1.168e-07	49	0	0	1	2561	Caudoviricetes	NA	NA	PF04883;COG5005	Bacteriophage HK97-gp10, putative tail-component
k127_289645_1	3	320	318	1	0.692	11	None	GENOMAD.046671.VV	4.658e-06	46	0	0	1	2561	Caudoviricetes	NA	NA	COG3948	Phage-related baseplate assembly protein
k127_178553_1	1	447	447	-1	0.669	11	None	GENOMAD.050380.VV	1.869e-34	130	0	0	1	2561	Caudoviricetes	NA	NA	PF16510	Phage P22-like portal protein
k127_234440_1	2	469	468	-1	0.761	11	None	GENOMAD.004420.VV	4.031e-07	51	0	0	1	2561	Caudoviricetes	NA	NA	PF20441;COG5362	Terminase large subunit, endonuclease domain
k127_234534_1	2	460	459	1	0.614	11	None	GENOMAD.068048.VV	4.951e-15	74	0	0	1	2561	Caudoviricetes	NA	NA	PF20307;TIGR03600;K02314;COG0305	phage replicative helicase, DnaB family, HK022 subfamily
k127_234704_1	2	277	276	1	0.641	11	None	GENOMAD.054955.VV	1.736e-10	58	0	0	1	2561	Caudoviricetes	NA	NA	PF02831	gpW
k127_234704_2	287	472	186	1	0.645	11	AGGAG	GENOMAD.066453.VV	1.327e-08	51	0	0	0	10102	Casjensviridae	NA	NA	NA	NA
k127_67646_1	1	441	441	1	0.673	11	None	GENOMAD.221952.VV	3.818e-34	129	0	0	1	2561	Caudoviricetes	NA	NA	PF06890;COG4384;TIGR01644	Mu-like prophage protein gp45
k127_67706_1	1	303	303	1	0.670	11	None	GENOMAD.053137.VV	5.267e-11	60	0	0	1	2561	Caudoviricetes	NA	NA	PF17482	Phage tail sheath C-terminal domain
k127_12007_1	1	360	360	-1	0.653	11	None	GENOMAD.182861.VP	5.158e-19	84	0	0	1	2561	Caudoviricetes	NA	NA	PF05840	Bacteriophage replication gene A protein (GPA)
k127_457425_1	2	1003	1002	-1	0.596	11	None	GENOMAD.141307.VV	4.106e-06	51	0	0	1	2561	Caudoviricetes	NA	NA	COG3941	Phage tail tape-measure protein, controls tail length
k127_457425_2	996	1193	198	-1	0.561	11	None	NA	NA	NA	0	0	0	1	NA	NA	NA	NA	NA
k127_179498_1	1	333	333	1	0.505	11	None	NA	NA	NA	0	0	0	1	NA	NA	NA	NA	NA
k127_179498_2	335	736	402	1	0.592	11	None	GENOMAD.114356.VP	1.079e-16	78	0	0	1	2561	Caudoviricetes	NA	NA	PF03354;COG4626	Phage terminase-like protein, large subunit, contains N-terminal HTH domain
k127_402454_1	1	72	72	-1	0.611	11	AGGAG	NA	NA	NA	0	0	0	1	NA	NA	NA	NA	NA
k127_402454_2	83	679	597	-1	0.680	11	None	GENOMAD.053137.VV	3.149e-32	126	0	0	1	2561	Caudoviricetes	NA	NA	PF17482	Phage tail sheath C-terminal domain
k127_235544_1	2	388	387	-1	0.669	11	None	GENOMAD.053137.VV	5.729e-13	67	0	0	1	2561	Caudoviricetes	NA	NA	PF17482	Phage tail sheath C-terminal domain
k127_402889_1	3	389	387	1	0.646	11	None	GENOMAD.072058.VV	1.932e-33	126	0	0	1	2561	Caudoviricetes	NA	NA	PF17212;PF12236	Tail tubular protein; Bacteriophage head to tail connecting protein
k127_402965_1	2	700	699	-1	0.682	11	None	GENOMAD.068048.VV	9.349e-10	61	0	0	1	2561	Caudoviricetes	NA	NA	PF20307;TIGR03600;K02314;COG0305	phage replicative helicase, DnaB family, HK022 subfamily
k127_403040_1	1	459	459	-1	0.547	11	None	GENOMAD.141028.VP	5.122e-15	74	0	0	1	2561	Caudoviricetes	NA	NA	PF04466;PF17289;TIGR01547;COG1783;K06909	phage terminase, large subunit, PBSX family
k127_514660_1	1	438	438	-1	0.653	11	None	GENOMAD.224435.VP	3.347e-05	45	0	0	1	2561	Caudoviricetes	NA	NA	PF04965;K06903;COG3628;TIGR03357	Baseplate wedge protein gp25
k127_236105_1	2	355	354	-1	0.672	11	None	GENOMAD.195366.VP	0.0001647	42	0	0	1	1	NA	NA	NA	PF05766;COG3024	Endogenous inhibitor of DNA gyrase, YacG/DUF329 family
k127_236106_1	2	1087	1086	-1	0.695	11	AGGAG/GGAGG	GENOMAD.108416.VP	1.31e-93	312	0	0	1	2561	Caudoviricetes	NA	NA	PF11863;COG4386	Mu-like prophage tail sheath protein gpL
k127_236106_2	1090	1290	201	-1	0.706	11	AGGA	GENOMAD.055806.VV	9.169e-07	46	0	0	0	2561	Caudoviricetes	NA	NA	PF10948	NA
k127_236106_3	1302	1565	264	-1	0.670	11	None	GENOMAD.064227.VV	1.693e-16	75	0	0	1	2561	Caudoviricetes	NA	NA	PF06141	Phage minor tail protein U
k127_69041_1	1	300	300	-1	0.673	11	None	GENOMAD.016846.VV	5.058e-11	60	0	0	1	2561	Caudoviricetes	NA	NA	PF16461;TIGR02126	phage major tail protein, TP901-1 family
k127_125212_1	2	625	624	-1	0.599	11	None	GENOMAD.063565.VV	4.942e-41	152	0	0	1	2561	Caudoviricetes	NA	NA	PF10124;COG4397	Mu-like prophage major head subunit gpT
k127_69308_1	3	563	561	1	0.504	11	None	GENOMAD.123534.VP	2.321e-83	273	0	0	1	2561	Caudoviricetes	NA	NA	PF05133;TIGR01538	Phage portal protein, SPP1 Gp6-like
k127_69308_2	576	725	150	1	0.507	11	AAGAA	NA	NA	NA	0	0	0	1	NA	NA	NA	NA	NA
k127_458656_1	1	393	393	1	0.588	11	None	GENOMAD.034571.VV	2.325e-32	123	0	0	1	2561	Caudoviricetes	NA	NA	PF05944	Phage small terminase subunit
k127_458742_1	1	657	657	-1	0.632	11	None	GENOMAD.024527.VV	1.533e-15	78	0	0	1	2561	Caudoviricetes	NA	NA	PF14594;COG4379;TIGR03361	Mu-like prophage tail protein gpP
k127_458755_1	2	358	357	-1	0.672	11	GGAG/GAGG	GENOMAD.059288.VV	2.037e-28	111	0	0	1	2561	Caudoviricetes	NA	NA	PF18906	Phage tail tube protein
k127_458991_1	3	239	237	-1	0.578	11	GGAG/GAGG	NA	NA	NA	0	0	0	1	NA	NA	NA	NA	NA
k127_458991_2	347	1099	753	-1	0.531	11	GGAGG	GENOMAD.160402.VP	1.384e-12	70	0	0	0	2561	Caudoviricetes	NA	NA	PF09445;K13581;COG3392;TIGR00755	Adenine-specific DNA methylase
k127_458991_3	1096	1368	273	-1	0.495	11	None	NA	NA	NA	0	0	0	1	NA	NA	NA	NA	NA
k127_458991_4	1356	1691	336	-1	0.440	11	GGA/GAG/AGG	GENOMAD.190705.VP	2.148e-16	76	0	0	0	2561	Caudoviricetes	NA	NA	PF03838;COG3331	Recombination protein U
k127_458991_5	1709	1927	219	-1	0.475	11	AGGA	NA	NA	NA	0	0	0	1	NA	NA	NA	NA	NA
k127_458991_6	1920	2339	420	-1	0.510	11	GGA/GAG/AGG	GENOMAD.052950.VV	0.0006329	41	0	0	0	2561	Caudoviricetes	NA	NA	NA	NA
k127_458991_7	2336	2539	204	-1	0.461	11	None	NA	NA	NA	0	0	0	1	NA	NA	NA	NA	NA
k127_458991_8	2530	2706	177	-1	0.435	11	GGAG/GAGG	NA	NA	NA	0	0	0	1	NA	NA	NA	NA	NA
k127_458991_9	2856	3122	267	-1	0.461	11	AGGA	NA	NA	NA	0	0	0	1	NA	NA	NA	NA	NA
k127_348186_1	1	552	552	-1	0.509	11	GGA/GAG/AGG	GENOMAD.223400.VP	1.475e-12	68	0	0	1	1	NA	NA	NA	PF07278;COG4220;K22014	Phage DNA packaging protein, Nu1 subunit of terminase
k127_14121_1	3	305	303	1	0.683	11	None	NA	NA	NA	0	0	0	1	NA	NA	NA	NA	NA
k127_14121_2	394	1041	648	1	0.682	11	AGxAGG/AGGxGG	GENOMAD.167295.VP	1.796e-26	110	0	0	1	2561	Caudoviricetes	NA	NA	PF13539;TIGR01537	D-alanyl-D-alanine carboxypeptidase
k127_459076_1	39	305	267	-1	0.625	11	None	GENOMAD.063098.VV	1.062e-06	47	0	0	1	2561	Caudoviricetes	NA	NA	PF11126	Transcriptional regulator DsbA
k127_292443_1	1	591	591	1	0.701	11	None	GENOMAD.068590.VV	8.989e-14	72	0	0	1	2561	Caudoviricetes	NA	NA	PF13871;PF11242;K11654;TIGR00721	C-terminal domain on Strawberry notch homologue
k127_292443_2	588	704	117	1	0.752	11	None	NA	NA	NA	0	0	0	1	NA	NA	NA	NA	NA
k127_126253_1	3	344	342	-1	0.529	11	None	GENOMAD.190509.VP	3.932e-11	61	0	0	1	2561	Caudoviricetes	NA	NA	PF03354;COG4626	Phage terminase-like protein, large subunit, contains N-terminal HTH domain
k127_459550_1	1	303	303	1	0.670	11	None	GENOMAD.053137.VV	2.132e-12	64	0	0	1	2561	Caudoviricetes	NA	NA	PF17482	Phage tail sheath C-terminal domain
k127_516239_1	53	337	285	-1	0.551	11	None	GENOMAD.195656.VP	3.327e-05	43	0	0	1	9067	Straboviridae	NA	NA	PF19835;PF07453;TIGR01453;COG2827	group I intron endonuclease
k127_292883_1	2	451	450	1	0.731	11	None	GENOMAD.012044.VV	1.281e-21	93	0	0	1	2561	Caudoviricetes	NA	NA	COG4653	Predicted phage phi-C31 gp36 major capsid-like protein
k127_237822_1	1	198	198	1	0.677	11	None	GENOMAD.048015.VV	1.202e-10	57	0	0	1	2561	Caudoviricetes	NA	NA	TIGR01725;COG5005	phage protein, HK97 gp10 family
k127_237822_2	174	602	429	1	0.678	11	GGGGG	NA	NA	NA	0	0	0	1	NA	NA	NA	NA	NA
k127_126642_1	1	318	318	-1	0.723	11	None	GENOMAD.147571.VP	2.612e-12	64	0	0	1	2561	Caudoviricetes	NA	NA	PF20441;COG5362	Terminase large subunit, endonuclease domain
k127_405026_1	3	326	324	-1	0.664	11	None	GENOMAD.180962.VP	4.163e-08	52	0	0	1	2561	Caudoviricetes	NA	NA	PF20441	Terminase large subunit, endonuclease domain
k127_349284_1	1	336	336	1	0.688	11	None	GENOMAD.016256.VV	8.233e-19	83	0	0	1	2561	Caudoviricetes	NA	NA	PF11134	Phage stabilisation protein
k127_182352_1	2	178	177	1	0.695	11	None	NA	NA	NA	0	0	0	1	NA	NA	NA	NA	NA
k127_182352_2	178	1173	996	1	0.702	11	None	GENOMAD.068921.VV	3.114e-66	231	0	0	0	2561	Caudoviricetes	NA	NA	PF13395;TIGR02646	NA
k127_182352_3	1170	1346	177	1	0.701	11	AGxAGG/AGGxGG	NA	NA	NA	0	0	0	1	NA	NA	NA	NA	NA
k127_182352_4	1343	2287	945	1	0.729	11	GGxGG	NA	NA	NA	0	0	0	1	NA	NA	NA	NA	NA
k127_182352_5	2280	2525	246	1	0.659	11	GGA/GAG/AGG	NA	NA	NA	0	0	0	1	NA	NA	NA	NA	NA
k127_182352_6	2522	2728	207	1	0.667	11	GGA/GAG/AGG	NA	NA	NA	0	0	0	1	NA	NA	NA	NA	NA
k127_182352_7	2725	2976	252	1	0.647	11	None	NA	NA	NA	0	0	0	1	NA	NA	NA	NA	NA
k127_126989_1	3	329	327	-1	0.615	11	None	GENOMAD.153574.VV	4.318e-08	52	0	0	1	2561	Caudoviricetes	NA	NA	PF05065;TIGR01554;COG4653	phage major capsid protein, HK97 family
k127_15491_1	1	375	375	1	0.552	11	None	GENOMAD.062035.VV	1.859e-15	74	0	0	1	2561	Caudoviricetes	NA	NA	PF17482	NA
k127_71288_1	3	164	162	1	0.432	11	None	NA	NA	NA	0	0	0	1	NA	NA	NA	NA	NA
k127_71288_2	154	354	201	1	0.443	11	None	GENOMAD.161223.VV	0.0006259	38	0	0	1	1	NA	NA	NA	PF11242;COG1342;TIGR03879	Cry35Ab1 HTH C-terminal domain
k127_293493_1	3	620	618	1	0.604	11	None	GENOMAD.130201.VP	1.496e-54	191	0	0	1	2561	Caudoviricetes	NA	NA	COG5283	Phage-related tail protein
k127_238478_1	3	878	876	1	0.693	11	None	GENOMAD.068590.VV	2.282e-10	64	0	0	1	2561	Caudoviricetes	NA	NA	PF13871;PF11242;K11654;TIGR00721	C-terminal domain on Strawberry notch homologue
k127_127262_1	1	1074	1074	-1	0.669	11	AGGAG	GENOMAD.080602.VV	1.262e-12	72	0	0	1	2561	Caudoviricetes	NA	NA	PF05135;TIGR02215	phage conserved hypothetical protein, phiE125 gp8 family
k127_127262_2	1195	1599	405	-1	0.721	11	GGA/GAG/AGG	GENOMAD.127022.VV	1.776e-10	60	0	0	1	2561	Caudoviricetes	NA	NA	PF04586;K06904;COG3740;TIGR01543	Phage head maturation protease
k127_127262_3	1596	1916	321	-1	0.701	11	GGAGG	NA	NA	NA	0	0	0	1	NA	NA	NA	NA	NA
k127_127262_4	1970	2152	183	1	0.699	11	None	NA	NA	NA	0	0	0	1	NA	NA	NA	NA	NA
k127_127262_5	2145	3269	1125	-1	0.682	11	GGA/GAG/AGG	GENOMAD.065578.VV	3.895e-45	171	0	0	1	2561	Caudoviricetes	NA	NA	PF04860;PF04233;TIGR01537;COG4695;K06904	phage portal protein, HK97 family
k127_127262_6	3387	3725	339	-1	0.696	11	AGGAG	NA	NA	NA	0	0	0	1	NA	NA	NA	NA	NA
k127_127262_7	3828	4772	945	-1	0.726	11	None	GENOMAD.182459.VP	1.965e-14	77	0	0	0	2561	Caudoviricetes	NA	NA	PF13086	NA
k127_516965_1	1	213	213	1	0.751	11	None	GENOMAD.100507.VV	7.627e-17	75	0	0	1	1	NA	NA	NA	PF07471;COG4220;K22014	Phage DNA packaging protein, Nu1 subunit of terminase
k127_516965_2	213	1112	900	1	0.679	11	GGA/GAG/AGG	GENOMAD.179152.VP	9.876e-44	164	0	0	1	2561	Caudoviricetes	NA	NA	PF20454;PF05876;K21512;COG5525	Phage terminase, large subunit GpA
k127_349870_1	2	172	171	1	0.526	11	None	NA	NA	NA	0	0	0	1	NA	NA	NA	NA	NA
k127_349870_2	172	642	471	1	0.603	11	None	GENOMAD.105548.VP	1.646e-39	145	0	0	1	2561	Caudoviricetes	NA	NA	PF05876;PF20454;K21512;COG5525	Phage terminase, large subunit GpA
k127_71572_1	1	150	150	1	0.633	11	None	NA	NA	NA	0	0	0	1	NA	NA	NA	NA	NA
k127_71572_2	158	328	171	1	0.713	11	GGA/GAG/AGG	GENOMAD.224435.VP	2.649e-07	47	0	0	1	2561	Caudoviricetes	NA	NA	PF04965;K06903;COG3628;TIGR03357	Baseplate wedge protein gp25
k127_460585_1	3	119	117	-1	0.274	11	TAAAT	GENOMAD.072560.VV	4.606e-08	48	0	0	1	5947	Adintoviridae	NA	NA	PF00770	Adenovirus endoprotease
k127_460585_2	124	486	363	-1	0.325	11	TATA	NA	NA	NA	0	0	0	1	NA	NA	NA	NA	NA
k127_127655_1	2	166	165	-1	0.745	11	None	GENOMAD.195366.VP	2.399e-07	47	0	0	1	1	NA	NA	NA	PF05766;COG3024	Endogenous inhibitor of DNA gyrase, YacG/DUF329 family
k127_127655_2	202	393	192	-1	0.646	11	None	NA	NA	NA	0	0	0	1	NA	NA	NA	NA	NA
k127_460726_1	244	450	207	-1	0.372	11	None	GENOMAD.067991.VV	0.0001294	40	0	0	1	1	NA	NA	NA	PF17302;TIGR03655	NA
k127_406039_1	89	1036	948	1	0.651	11	GGA/GAG/AGG	GENOMAD.099865.VV	6.381e-47	174	0	0	1	2561	Caudoviricetes	NA	NA	PF04466;PF17289;TIGR01547;COG5323;K06909	phage terminase, large subunit, PBSX family
k127_294176_1	1	372	372	1	0.495	11	None	GENOMAD.180962.VP	1.203e-27	109	0	0	1	2561	Caudoviricetes	NA	NA	PF20441	Terminase large subunit, endonuclease domain
k127_239212_1	2	415	414	-1	0.688	11	None	GENOMAD.025828.VV	2.498e-26	106	0	0	1	2561	Caudoviricetes	NA	NA	PF16466;PF16467;COG4379;K06905;TIGR01665	Mu-like prophage tail protein gpP
k127_16470_1	1	423	423	-1	0.586	11	GGAG/GAGG	NA	NA	NA	0	0	0	1	NA	NA	NA	NA	NA
k127_16470_2	420	575	156	-1	0.622	11	None	GENOMAD.112793.VP	2.232e-06	44	0	0	1	2561	Caudoviricetes	NA	NA	PF14550;TIGR01543	Putative phage serine protease XkdF
k127_517903_1	113	418	306	-1	0.729	11	AGGA	NA	NA	NA	0	0	0	1	NA	NA	NA	NA	NA
k127_517903_2	415	1167	753	-1	0.710	11	None	GENOMAD.044416.VV	4.32e-06	50	0	0	1	2561	Caudoviricetes	NA	NA	TIGR01537	NA
k127_16542_1	2	265	264	1	0.583	11	None	GENOMAD.114503.VV	4.219e-15	71	0	0	1	2561	Caudoviricetes	NA	NA	PF09684;COG4385;TIGR01634	Bacteriophage P2-related tail formation protein
k127_16542_2	262	570	309	1	0.628	11	GGA/GAG/AGG	GENOMAD.118528.VP	7.094e-56	189	0	0	1	2561	Caudoviricetes	NA	NA	PF12571;COG5301	Phage-related tail fibre protein
k127_183741_1	2	901	900	1	0.681	11	None	GENOMAD.137500.VC	7.319e-80	269	0	0	1	2561	Caudoviricetes	NA	NA	PF13550	Putative phage tail protein
k127_183741_2	933	1436	504	1	0.675	11	GGA/GAG/AGG	GENOMAD.220754.VP	2.481e-05	46	0	0	1	1	NA	NA	NA	COG4384;TIGR01644	Mu-like prophage protein gp45
k127_183741_3	1616	1747	132	1	0.591	11	GGA/GAG/AGG	NA	NA	NA	0	0	0	1	NA	NA	NA	NA	NA
k127_294838_1	1	339	339	1	0.702	11	None	GENOMAD.064252.VV	1.282e-22	94	0	0	1	2561	Caudoviricetes	NA	NA	PF03354;COG4626;TIGR01547	Terminase large subunit, ATPase domain
k127_518312_1	2	364	363	-1	0.631	11	GGA/GAG/AGG	GENOMAD.055817.VV	4.426e-21	90	0	0	1	10102	Casjensviridae	NA	NA	PF05100;TIGR01600;COG5449	lambda-like phage minor tail protein L
k127_518312_2	364	786	423	-1	0.501	11	None	GENOMAD.209178.VV	2.013e-11	63	0	0	0	1	NA	NA	NA	NA	NA
k127_294922_1	2	415	414	1	0.688	11	None	GENOMAD.013210.VV	3.287e-14	71	0	0	1	2561	Caudoviricetes	NA	NA	PF00211;PF08994;PF08993;COG2114	Adenylate and Guanylate cyclase catalytic domain; T4 gene Gp59 loader of gp41 DNA helicase C-term; T4 gene Gp59 loader of gp41 DNA helicase
k127_461729_1	3	554	552	1	0.556	11	None	GENOMAD.193019.VV	1.632e-08	56	0	0	1	2561	Caudoviricetes	NA	NA	PF17541;COG3497;TIGR02243	Phage tail sheath protein FI
k127_406949_1	1	348	348	1	0.655	11	None	GENOMAD.104670.VP	5.864e-16	75	0	0	1	2561	Caudoviricetes	NA	NA	PF20454	Terminase large subunit gpA, endonuclease domain
k127_407020_1	2	232	231	1	0.641	11	None	NA	NA	NA	0	0	0	1	NA	NA	NA	NA	NA
k127_407020_2	225	440	216	1	0.593	11	GGAGG	GENOMAD.095111.VP	3.579e-17	76	0	0	1	2561	Caudoviricetes	NA	NA	PF11753	Protein of unknwon function (DUF3310)
k127_240211_1	2	334	333	1	0.658	11	None	GENOMAD.099154.VV	6.43e-13	66	0	0	1	2561	Caudoviricetes	NA	NA	PF04865;COG3299	Baseplate J-like protein
k127_462013_1	3	656	654	1	0.498	11	None	GENOMAD.168715.VV	4.829e-36	138	0	0	1	2561	Caudoviricetes	NA	NA	PF05894;K06909;TIGR01547;COG1783	Podovirus DNA encapsidation protein (Gp16)
k127_17578_1	2	562	561	-1	0.601	11	None	GENOMAD.004561.VV	3.664e-44	160	0	0	1	2561	Caudoviricetes	NA	NA	PF06381;K09961;TIGR01555;COG3567	phage-related protein, HI1409 family
k127_407654_1	3	413	411	1	0.577	11	None	GENOMAD.068048.VV	3.6e-12	65	0	0	1	2561	Caudoviricetes	NA	NA	PF20307;TIGR03600;K02314;COG0305	phage replicative helicase, DnaB family, HK022 subfamily
k127_407654_2	410	1003	594	1	0.581	11	AGGA	NA	NA	NA	0	0	0	1	NA	NA	NA	NA	NA
k127_462496_1	3	197	195	1	0.692	11	None	NA	NA	NA	0	0	0	1	NA	NA	NA	NA	NA
k127_462496_2	199	450	252	-1	0.683	11	GGAGG	GENOMAD.080877.VV	8.791e-14	67	0	0	1	2561	Caudoviricetes	NA	NA	PF16945	Putative lactococcus lactis phage r1t holin
k127_462496_3	447	551	105	-1	0.648	11	None	NA	NA	NA	0	0	0	1	NA	NA	NA	NA	NA
k127_407917_1	1	450	450	1	0.611	11	None	GENOMAD.013124.VV	2.6e-12	66	0	0	1	377	Drexlerviridae	NA	NA	PF13262;COG5410	NA
k127_462842_1	2	523	522	1	0.674	11	None	GENOMAD.099865.VV	4.051e-17	81	0	0	1	2561	Caudoviricetes	NA	NA	PF04466;PF17289;TIGR01547;COG5323;K06909	phage terminase, large subunit, PBSX family
k127_241176_1	1	357	357	1	0.392	11	None	GENOMAD.084246.VV	2.224e-19	85	0	0	1	2561	Caudoviricetes	NA	NA	PF05954;COG3500;TIGR03361	Phage protein D
k127_74108_1	3	329	327	-1	0.578	11	None	GENOMAD.109691.VV	7.171e-27	106	0	0	1	2561	Caudoviricetes	NA	NA	PF06141	Phage minor tail protein U
k127_296444_1	74	334	261	-1	0.605	11	GGG	NA	NA	NA	0	0	0	1	NA	NA	NA	NA	NA
k127_296444_2	514	1272	759	1	0.619	11	GGGGTG	GENOMAD.178333.VV	7.089e-48	174	0	0	1	2561	Caudoviricetes	NA	NA	TIGR01760;COG5283	phage tail tape measure protein, TP901 family, core region
k127_296481_1	2	301	300	-1	0.593	11	None	NA	NA	NA	0	0	0	1	NA	NA	NA	NA	NA
k127_296481_2	377	874	498	-1	0.655	11	AGGAG	GENOMAD.220754.VP	1.089e-06	50	0	0	1	1	NA	NA	NA	COG4384;TIGR01644	Mu-like prophage protein gp45
k127_296481_3	884	1441	558	-1	0.629	11	None	GENOMAD.137500.VC	1.162e-38	144	0	0	1	2561	Caudoviricetes	NA	NA	PF13550	Putative phage tail protein
k127_408481_1	2	64	63	-1	0.698	11	None	NA	NA	NA	0	0	0	1	NA	NA	NA	NA	NA
k127_408481_2	98	370	273	1	0.619	11	None	GENOMAD.005095.VV	2.972e-05	43	0	0	1	2561	Caudoviricetes	NA	NA	PF11650	P22 tail accessory factor
k127_352983_1	3	416	414	1	0.703	11	None	GENOMAD.087016.VV	2.728e-50	175	0	0	1	2561	Caudoviricetes	NA	NA	PF17236;TIGR01554;COG4653	Phage capsid-like protein
k127_19095_1	3	863	861	-1	0.646	11	None	GENOMAD.105303.VP	4.592e-36	141	0	0	1	2561	Caudoviricetes	NA	NA	PF05876;COG5525;K21512;TIGR01547	Phage terminase, large subunit GpA
k127_186074_1	2	310	309	1	0.469	11	None	GENOMAD.126166.VV	4.189e-06	46	0	0	1	2561	Caudoviricetes	NA	NA	PF05894;TIGR01547;COG5323	phage terminase, large subunit, PBSX family
k127_408940_1	2	379	378	1	0.429	11	None	GENOMAD.072560.VV	6.937e-09	55	0	0	1	5947	Adintoviridae	NA	NA	PF00770	Adenovirus endoprotease
k127_408940_2	504	647	144	-1	0.479	11	None	NA	NA	NA	0	0	0	1	NA	NA	NA	NA	NA
k127_353602_1	1	252	252	-1	0.603	11	AGGAG	NA	NA	NA	0	0	0	1	NA	NA	NA	NA	NA
k127_353602_2	288	857	570	-1	0.674	11	None	GENOMAD.053137.VV	9.36e-34	130	0	0	1	2561	Caudoviricetes	NA	NA	PF17482	Phage tail sheath C-terminal domain
k127_297238_1	3	515	513	1	0.630	11	None	GENOMAD.053137.VV	4.309e-25	104	0	0	1	2561	Caudoviricetes	NA	NA	PF17482	Phage tail sheath C-terminal domain
k127_186787_1	2	472	471	-1	0.601	11	None	GENOMAD.002060.VV	3.378e-90	291	0	0	1	2561	Caudoviricetes	NA	NA	PF20441;PF04466;COG4626;TIGR01547;K06909	Phage terminase-like protein, large subunit, contains N-terminal HTH domain
k127_242791_1	27	428	402	-1	0.269	11	None	NA	NA	NA	0	0	0	1	NA	NA	NA	NA	NA
k127_242791_2	418	801	384	-1	0.284	11	GGA/GAG/AGG	GENOMAD.072560.VV	3.99e-41	148	0	0	1	5947	Adintoviridae	NA	NA	PF00770	Adenovirus endoprotease
k127_242791_3	806	964	159	-1	0.371	11	None	NA	NA	NA	0	0	0	1	NA	NA	NA	NA	NA
k127_354245_1	2	580	579	1	0.539	11	None	GENOMAD.063120.VV	1.968e-07	53	0	0	1	1	NA	NA	NA	PF12236	Bacteriophage head to tail connecting protein
k127_354485_1	3	419	417	-1	0.624	11	None	GENOMAD.068048.VV	1.416e-15	75	0	0	1	2561	Caudoviricetes	NA	NA	PF20307;TIGR03600;K02314;COG0305	phage replicative helicase, DnaB family, HK022 subfamily
k127_20381_1	3	341	339	1	0.608	11	None	GENOMAD.019555.VV	4.703e-17	78	0	0	1	2561	Caudoviricetes	NA	NA	PF11134	Phage stabilisation protein
k127_243487_1	1	660	660	1	0.623	11	None	GENOMAD.005158.VV	6.564e-07	52	0	0	1	2561	Caudoviricetes	NA	NA	PF04586;PF13395;TIGR02646;K06904	TIGR02646 family protein
k127_243487_2	657	1262	606	1	0.642	11	None	GENOMAD.119108.VC	1.109e-10	63	0	0	1	2561	Caudoviricetes	NA	NA	PF09293;TIGR00593;K23786;COG0258	DNA polymerase I
k127_522008_1	3	431	429	-1	0.730	11	None	GENOMAD.013210.VV	4.235e-13	68	0	0	1	2561	Caudoviricetes	NA	NA	PF00211;PF08994;PF08993;COG2114	Adenylate and Guanylate cyclase catalytic domain; T4 gene Gp59 loader of gp41 DNA helicase C-term; T4 gene Gp59 loader of gp41 DNA helicase
k127_20711_1	2	256	255	1	0.686	11	None	GENOMAD.035571.VV	5.139e-12	62	0	0	1	2561	Caudoviricetes	NA	NA	PF20387	NA
k127_20711_2	253	354	102	1	0.686	11	GGAG/GAGG	NA	NA	NA	0	0	0	1	NA	NA	NA	NA	NA
k127_465335_1	1	426	426	1	0.617	11	None	GENOMAD.169508.VP	1.226e-18	84	0	0	1	2561	Caudoviricetes	NA	NA	PF04708;PF13262;COG1961;K14060	Site-specific DNA recombinase related to the DNA invertase Pin
k127_187818_1	1	315	315	1	0.651	11	None	GENOMAD.049848.VV	8.302e-16	74	0	0	1	2561	Caudoviricetes	NA	NA	PF11134	Phage stabilisation protein
k127_20878_1	2	118	117	1	0.658	11	None	NA	NA	NA	0	0	0	1	NA	NA	NA	NA	NA
k127_20878_2	222	1082	861	1	0.641	11	GGAG/GAGG	GENOMAD.057710.VV	2.577e-05	48	0	0	1	2561	Caudoviricetes	NA	NA	PF00589;PF04860;K07358;TIGR01537	Phage integrase family; Phage portal protein
k127_188025_1	1	327	327	-1	0.676	11	None	GENOMAD.116501.VP	5.378e-14	69	0	0	1	2561	Caudoviricetes	NA	NA	PF05136;TIGR01539;COG5511	phage portal protein, lambda family
k127_410908_1	3	299	297	1	0.697	11	None	GENOMAD.192963.VV	3.282e-22	92	0	0	1	1	NA	NA	NA	PF11367	NA
k127_410908_2	399	806	408	1	0.625	11	AGGAG	GENOMAD.134093.VC	2.669e-57	195	0	0	1	2561	Caudoviricetes	NA	NA	PF06199;TIGR02126;COG5437	Phage tail tube protein
k127_410908_3	803	889	87	1	0.667	11	GGAG/GAGG	GENOMAD.115235.VV	1.505e-06	43	0	0	1	1	NA	NA	NA	PF11836	Phage tail tube protein, GTA-gp10
k127_21188_1	165	374	210	1	0.676	11	AGGAG	GENOMAD.145505.VV	4.278e-15	70	0	0	1	2561	Caudoviricetes	NA	NA	PF07141	Putative bacteriophage terminase small subunit
k127_299000_1	3	212	210	-1	0.519	11	GGAG/GAGG	GENOMAD.126169.VV	1.206e-12	63	0	0	1	2561	Caudoviricetes	NA	NA	PF04586;K06904;COG3740;TIGR01543	Phage head maturation protease
k127_299000_2	212	334	123	-1	0.455	11	None	NA	NA	NA	0	0	0	1	NA	NA	NA	NA	NA
k127_465802_1	1	363	363	1	0.658	11	None	GENOMAD.105501.VV	5.537e-43	153	0	0	1	2561	Caudoviricetes	NA	NA	PF03434;COG3948	Phage-related baseplate assembly protein
k127_465876_1	3	527	525	1	0.632	11	None	GENOMAD.220643.VP	4.784e-26	107	0	0	1	8016	Inoviridae	NA	NA	PF05356	Inovirus Coat protein B
k127_355751_1	1	300	300	1	0.693	11	None	GENOMAD.082189.VV	1.383e-08	53	0	0	1	2561	Caudoviricetes	NA	NA	PF00959;COG3772	Phage-related lysozyme (muramidase), GH24 family
k127_522877_1	8	457	450	-1	0.618	11	None	GENOMAD.068048.VV	4.134e-16	77	0	0	1	2561	Caudoviricetes	NA	NA	PF20307;TIGR03600;K02314;COG0305	phage replicative helicase, DnaB family, HK022 subfamily
k127_77422_1	1	270	270	1	0.641	11	None	GENOMAD.097639.VV	4.85e-22	91	0	0	1	2561	Caudoviricetes	NA	NA	PF17289;TIGR01630;COG5362	phage uncharacterized protein (putative large terminase), C-terminal domain
k127_77422_2	273	476	204	1	0.598	11	GGAG/GAGG	NA	NA	NA	0	0	0	1	NA	NA	NA	NA	NA
k127_244573_1	1	381	381	1	0.318	11	None	GENOMAD.006634.VV	8.987e-49	170	0	0	1	2561	Caudoviricetes	NA	NA	PF20223;COG1783	Phage terminase large subunit
k127_77533_1	1	330	330	1	0.673	11	None	GENOMAD.121414.VV	1.245e-21	91	0	0	1	2561	Caudoviricetes	NA	NA	PF07409;COG4381	Phage protein GP46
k127_356146_1	1	441	441	1	0.658	11	None	GENOMAD.053137.VV	6.402e-28	111	0	0	1	2561	Caudoviricetes	NA	NA	PF17482	Phage tail sheath C-terminal domain
k127_356146_2	485	646	162	1	0.593	11	GGA/GAG/AGG	NA	NA	NA	0	0	0	1	NA	NA	NA	NA	NA
k127_188923_1	2	364	363	1	0.540	11	None	GENOMAD.141999.VP	3.108e-07	50	0	0	1	2561	Caudoviricetes	NA	NA	PF16677;TIGR02844;COG2826;K00204	DNA-packaging protein gp3
k127_133671_1	1	417	417	-1	0.767	11	None	GENOMAD.182236.VP	2.393e-08	54	0	0	1	2561	Caudoviricetes	NA	NA	PF16724;COG4119;TIGR02705;K12152	T4-like virus Myoviridae tail sheath stabiliser
k127_133671_2	422	1012	591	-1	0.643	11	None	NA	NA	NA	0	0	0	1	NA	NA	NA	NA	NA
k127_77887_1	1	369	369	1	0.680	11	None	GENOMAD.095805.VV	1.805e-31	120	0	0	1	2561	Caudoviricetes	NA	NA	PF05069;TIGR01635;COG5005	phage virion morphogenesis (putative tail completion) protein
k127_77978_1	3	455	453	1	0.634	11	None	GENOMAD.001649.VV	1.396e-20	90	0	0	1	2561	Caudoviricetes	NA	NA	PF20441;PF03354;COG4626;TIGR01547	Phage terminase-like protein, large subunit, contains N-terminal HTH domain
k127_412033_1	3	323	321	1	0.601	11	None	GENOMAD.002176.VV	1.441e-34	128	0	0	1	2561	Caudoviricetes	NA	NA	PF11650	P22 tail accessory factor
k127_300063_1	48	497	450	1	0.656	11	GGAG/GAGG	GENOMAD.115146.VV	3.129e-09	57	0	0	1	2561	Caudoviricetes	NA	NA	COG3772	Phage-related lysozyme (muramidase), GH24 family
k127_412241_1	66	368	303	1	0.432	11	AGGAG	GENOMAD.025619.VV	1.234e-25	102	0	0	1	2561	Caudoviricetes	NA	NA	K09961;TIGR01555;COG3567	phage-related protein, HI1409 family
k127_78424_1	1	363	363	1	0.579	11	None	GENOMAD.064229.VV	8.24e-39	141	0	0	1	2561	Caudoviricetes	NA	NA	PF05133;TIGR01538	phage portal protein, SPP1 family
k127_412516_1	2	496	495	-1	0.604	11	3Base/5BMM	GENOMAD.166314.VP	6.148e-37	138	0	0	1	2561	Caudoviricetes	NA	NA	K22111;TIGR01644;COG4540	phage baseplate assembly protein V
k127_412516_2	565	792	228	-1	0.575	11	None	GENOMAD.140989.VP	4.486e-24	96	0	0	1	2561	Caudoviricetes	NA	NA	PF05069;TIGR01635;COG5005	phage virion morphogenesis (putative tail completion) protein
k127_412518_1	2	340	339	1	0.693	11	None	GENOMAD.158172.VP	2.112e-17	79	0	0	1	2561	Caudoviricetes	NA	NA	PF04466;TIGR01547;COG5323	phage terminase, large subunit, PBSX family
k127_357284_1	3	419	417	1	0.597	11	None	GENOMAD.123534.VP	3.987e-63	212	0	0	1	2561	Caudoviricetes	NA	NA	PF05133;TIGR01538	Phage portal protein, SPP1 Gp6-like
k127_524629_1	2	76	75	1	0.640	11	None	NA	NA	NA	0	0	0	1	NA	NA	NA	NA	NA
k127_524629_2	169	423	255	1	0.635	11	AGGAG/GGAGG	NA	NA	NA	0	0	0	1	NA	NA	NA	NA	NA
k127_524629_3	655	810	156	1	0.577	11	GGAG/GAGG	NA	NA	NA	0	0	0	1	NA	NA	NA	NA	NA
k127_524629_4	807	1337	531	1	0.589	11	GGAGG	NA	NA	NA	0	0	0	1	NA	NA	NA	NA	NA
k127_524629_5	1747	1995	249	-1	0.558	11	GGAG/GAGG	NA	NA	NA	0	0	0	1	NA	NA	NA	NA	NA
k127_524629_6	2461	2655	195	1	0.554	11	None	NA	NA	NA	0	0	0	1	NA	NA	NA	NA	NA
k127_524629_7	2680	2991	312	1	0.619	11	GGAGG	NA	NA	NA	0	0	0	1	NA	NA	NA	NA	NA
k127_524629_8	3163	3423	261	1	0.617	11	GGxGG	GENOMAD.088630.VV	4.033e-15	71	0	0	0	1	NA	NA	NA	NA	NA
k127_524629_9	3420	4358	939	1	0.603	11	AGGA	NA	NA	NA	0	0	0	1	NA	NA	NA	NA	NA
k127_524629_10	4355	4942	588	1	0.612	11	GGAGG	NA	NA	NA	0	0	0	1	NA	NA	NA	NA	NA
k127_524629_11	4942	5112	171	1	0.509	11	GGAG/GAGG	GENOMAD.151977.VP	1.208e-13	65	0	0	0	2561	Caudoviricetes	NA	NA	NA	NA
k127_524629_12	5109	5897	789	1	0.589	11	GGAG/GAGG	GENOMAD.102926.VP	8.015e-13	71	0	0	0	2561	Caudoviricetes	NA	NA	PF04404	ERF superfamily
k127_524629_13	5894	6607	714	1	0.583	11	GGxGG	GENOMAD.099644.VP	4.476e-21	95	0	0	1	2561	Caudoviricetes	NA	NA	PF09588;COG5377;TIGR03033;K01143	Phage-related protein, predicted endonuclease
k127_524629_14	6604	6762	159	1	0.616	11	GGAG/GAGG	GENOMAD.098994.VV	3.781e-09	52	0	0	0	2561	Caudoviricetes	NA	NA	PF18743;COG1591;K03552	Holliday junction resolvase, archaeal type
k127_134995_1	2	745	744	-1	0.716	11	GGAG/GAGG	GENOMAD.048768.VV	6.896e-56	197	0	0	1	2561	Caudoviricetes	NA	NA	PF04233;TIGR01641	Phage Mu protein F like protein
k127_134995_2	711	1505	795	-1	0.678	11	None	GENOMAD.024049.VV	2.063e-78	263	0	0	0	2561	Caudoviricetes	NA	NA	NA	NA
k127_79260_1	83	352	270	1	0.633	11	None	GENOMAD.003927.VV	5.738e-06	45	0	0	1	6064	Autographiviridae	NA	NA	PF05367;K21525	Phage endonuclease I
k127_413456_1	1	345	345	1	0.452	11	None	GENOMAD.212346.VP	3.797e-20	87	0	0	1	2561	Caudoviricetes	NA	NA	PF16452;PF06892;COG1974	Bacteriophage CI repressor C-terminal domain; Phage regulatory protein CII (CP76)
k127_413476_1	2	436	435	-1	0.644	11	None	GENOMAD.151363.VV	6.271e-08	53	0	0	1	2561	Caudoviricetes	NA	NA	PF10758;COG3497	Phage tail sheath protein FI
k127_358087_1	2	391	390	-1	0.721	11	None	GENOMAD.001717.VV	8.852e-26	104	0	0	1	2561	Caudoviricetes	NA	NA	PF20441;PF03354;COG4626;TIGR01547	Phage terminase-like protein, large subunit, contains N-terminal HTH domain
k127_413944_1	3	449	447	-1	0.318	11	None	NA	NA	NA	0	0	0	1	NA	NA	NA	NA	NA
k127_413944_2	463	837	375	1	0.269	11	None	NA	NA	NA	0	0	0	1	NA	NA	NA	NA	NA
k127_413944_3	823	1212	390	-1	0.267	11	None	NA	NA	NA	0	0	0	1	NA	NA	NA	NA	NA
k127_413944_4	1227	1469	243	-1	0.329	11	None	NA	NA	NA	0	0	0	1	NA	NA	NA	NA	NA
k127_413944_5	1478	1750	273	-1	0.333	11	None	NA	NA	NA	0	0	0	1	NA	NA	NA	NA	NA
k127_413944_6	1806	2276	471	-1	0.289	11	None	NA	NA	NA	0	0	0	1	NA	NA	NA	NA	NA
k127_413944_7	2277	2450	174	-1	0.276	11	GGA/GAG/AGG	NA	NA	NA	0	0	0	1	NA	NA	NA	NA	NA
k127_413944_8	2444	2824	381	-1	0.312	11	None	NA	NA	NA	0	0	0	1	NA	NA	NA	NA	NA
k127_525646_1	1	366	366	1	0.653	11	None	GENOMAD.158430.VP	6.774e-17	78	0	0	1	2561	Caudoviricetes	NA	NA	PF06141	Phage minor tail protein U
k127_247335_1	2	334	333	1	0.640	11	None	GENOMAD.123534.VP	1.225e-05	45	0	0	1	2561	Caudoviricetes	NA	NA	PF05133;TIGR01538	Phage portal protein, SPP1 Gp6-like
k127_24427_1	18	380	363	-1	0.664	11	None	GENOMAD.223594.VP	3.355e-06	47	0	0	1	2561	Caudoviricetes	NA	NA	PF11994;PF09684;TIGR01634;COG4385	phage tail protein, P2 protein I family
k127_358695_1	1	675	675	1	0.719	11	None	GENOMAD.013433.VV	0.0001304	45	0	0	1	2561	Caudoviricetes	NA	NA	PF05396	Phage T7 capsid assembly protein
k127_359101_1	1	465	465	1	0.563	11	None	GENOMAD.044975.VV	4.369e-18	83	0	0	1	2561	Caudoviricetes	NA	NA	PF04860;PF11367;TIGR01537	phage portal protein, HK97 family
k127_302549_1	2	517	516	-1	0.655	11	None	GENOMAD.129999.VP	2.457e-23	99	0	0	1	2561	Caudoviricetes	NA	NA	PF04708;COG1961;K21528	Site-specific DNA recombinase related to the DNA invertase Pin
k127_81019_1	1	303	303	1	0.637	11	None	GENOMAD.158976.VV	3.553e-46	161	0	0	1	2561	Caudoviricetes	NA	NA	PF17288	Terminase RNAseH like domain
k127_248267_1	2	262	261	1	0.295	11	None	NA	NA	NA	0	0	0	1	NA	NA	NA	NA	NA
k127_248267_2	294	659	366	1	0.322	11	AAA	NA	NA	NA	0	0	0	1	NA	NA	NA	NA	NA
k127_248267_3	664	894	231	1	0.281	11	AAA	GENOMAD.072560.VV	1.603e-27	106	0	0	1	5947	Adintoviridae	NA	NA	PF00770	Adenovirus endoprotease
k127_303064_1	24	485	462	1	0.602	11	GGAG/GAGG	GENOMAD.012453.VV	1.257e-23	99	0	0	1	2561	Caudoviricetes	NA	NA	PF13252;TIGR04387	major capsid protein, N4-gp56 family
k127_192405_1	2	592	591	-1	0.651	11	None	GENOMAD.006053.VV	3.211e-41	152	0	0	1	2561	Caudoviricetes	NA	NA	PF18352;COG4540;TIGR01644	Phage protein Gp138 N-terminal domain
k127_470077_1	1	306	306	1	0.667	11	None	GENOMAD.078186.VV	1.222e-10	59	0	0	1	2561	Caudoviricetes	NA	NA	PF13479;TIGR01618;COG2087;K04484	phage nucleotide-binding protein
k127_248713_1	1	585	585	-1	0.677	11	AGxAGG/AGGxGG	NA	NA	NA	0	0	0	1	NA	NA	NA	NA	NA
k127_248713_2	586	753	168	-1	0.619	11	GGA/GAG/AGG	NA	NA	NA	0	0	0	1	NA	NA	NA	NA	NA
k127_248713_3	750	1043	294	-1	0.643	11	AGGA	GENOMAD.147427.VP	1.23e-08	53	0	0	1	2561	Caudoviricetes	NA	NA	PF07141	Putative bacteriophage terminase small subunit
k127_248713_4	1040	1234	195	-1	0.508	11	None	NA	NA	NA	0	0	0	1	NA	NA	NA	NA	NA
k127_81687_1	465	716	252	-1	0.575	11	GGxGG	GENOMAD.133906.VP	9.828e-13	64	0	0	1	2561	Caudoviricetes	NA	NA	PF07141	NA
k127_470836_1	1	423	423	1	0.416	11	None	GENOMAD.087713.VP	6.574e-34	128	0	0	1	2561	Caudoviricetes	NA	NA	PF03237;COG4626	Phage terminase-like protein, large subunit, contains N-terminal HTH domain
k127_193545_1	1	654	654	1	0.653	11	None	GENOMAD.068048.VV	7.264e-12	67	0	0	1	2561	Caudoviricetes	NA	NA	PF20307;TIGR03600;K02314;COG0305	phage replicative helicase, DnaB family, HK022 subfamily
k127_193571_1	3	362	360	-1	0.669	11	None	GENOMAD.023991.VV	1.42e-24	100	0	0	1	2561	Caudoviricetes	NA	NA	COG5410	Mu-like prophage FluMu protein gp28
k127_26807_1	3	74	72	1	0.125	11	None	NA	NA	NA	0	0	0	1	NA	NA	NA	NA	NA
k127_26807_2	105	671	567	1	0.319	11	None	GENOMAD.023316.VV	6.271e-17	81	0	0	1	2561	Caudoviricetes	NA	NA	PF03167;PF18906;TIGR00758;COG1573;K21929	uracil-DNA glycosylase, family 4
k127_416534_1	2	649	648	-1	0.588	11	None	GENOMAD.158976.VV	7.695e-49	175	0	0	1	2561	Caudoviricetes	NA	NA	PF17288	Terminase RNAseH like domain
k127_82685_1	2	304	303	-1	0.571	11	None	GENOMAD.068048.VV	8.621e-14	68	0	0	1	2561	Caudoviricetes	NA	NA	PF20307;TIGR03600;K02314;COG0305	phage replicative helicase, DnaB family, HK022 subfamily
k127_27327_1	1	354	354	1	0.678	11	None	GENOMAD.059288.VV	3.219e-31	119	0	0	1	2561	Caudoviricetes	NA	NA	PF18906	Phage tail tube protein
k127_250322_1	185	886	702	1	0.509	11	None	GENOMAD.107307.VV	4.74e-13	71	0	0	1	10823	Zobellviridae	NA	NA	COG5410	NA
k127_250328_1	17	361	345	-1	0.643	11	None	GENOMAD.017840.VV	2.432e-32	122	0	0	1	2561	Caudoviricetes	NA	NA	PF17288	Terminase RNAseH like domain
k127_528994_1	2	328	327	-1	0.541	11	None	GENOMAD.013124.VV	1.943e-08	53	0	0	1	377	Drexlerviridae	NA	NA	PF13262;COG5410	NA
k127_139420_1	3	728	726	1	0.508	11	None	GENOMAD.197359.VV	2.619e-14	75	0	0	1	2561	Caudoviricetes	NA	NA	PF17289;COG5323;TIGR01630	Large terminase phage packaging protein
k127_529142_1	1	561	561	-1	0.635	11	None	GENOMAD.169508.VP	7.958e-25	104	0	0	1	2561	Caudoviricetes	NA	NA	PF04708;PF13262;COG1961;K14060	Site-specific DNA recombinase related to the DNA invertase Pin
k127_305439_1	35	442	408	1	0.630	11	AGGAG	GENOMAD.063098.VV	4.808e-08	53	0	0	1	2561	Caudoviricetes	NA	NA	PF11126	Transcriptional regulator DsbA
k127_305577_1	80	697	618	-1	0.654	11	None	GENOMAD.013210.VV	5.34e-13	70	0	0	1	2561	Caudoviricetes	NA	NA	PF00211;PF08994;PF08993;COG2114	Adenylate and Guanylate cyclase catalytic domain; T4 gene Gp59 loader of gp41 DNA helicase C-term; T4 gene Gp59 loader of gp41 DNA helicase
k127_529428_1	2	85	84	-1	0.702	11	GGAG/GAGG	NA	NA	NA	0	0	0	1	NA	NA	NA	NA	NA
k127_529428_2	213	482	270	1	0.619	11	GGAG/GAGG	GENOMAD.116277.VV	4.85e-22	91	0	0	0	2561	Caudoviricetes	NA	NA	NA	NA
k127_529428_3	466	837	372	1	0.659	11	AGGA	GENOMAD.125799.VP	1.709e-32	123	0	0	1	2561	Caudoviricetes	NA	NA	PF06891	P2 phage tail completion protein R (GpR)
k127_139708_1	46	432	387	-1	0.664	11	None	GENOMAD.009002.VV	5.37e-22	93	0	0	1	2561	Caudoviricetes	NA	NA	PF10934;COG3628	Phage baseplate assembly protein W
k127_305708_1	3	443	441	1	0.726	11	None	GENOMAD.068590.VV	5.151e-22	94	0	0	1	2561	Caudoviricetes	NA	NA	PF13871;PF11242;K11654;TIGR00721	C-terminal domain on Strawberry notch homologue
k127_529548_1	1	420	420	1	0.690	11	None	GENOMAD.088392.VV	5.263e-08	53	0	0	0	2561	Caudoviricetes	NA	NA	NA	NA
k127_529548_2	442	1344	903	1	0.687	11	AGGAG	GENOMAD.059267.VV	1.43e-81	274	0	0	1	2561	Caudoviricetes	NA	NA	PF05065;TIGR01554;COG4653	phage major capsid protein, HK97 family
k127_529548_3	1360	1611	252	1	0.687	11	GGxGG	NA	NA	NA	0	0	0	1	NA	NA	NA	NA	NA
k127_529548_4	1626	2042	417	1	0.671	11	GGAGG	GENOMAD.042684.VV	3.146e-32	123	0	0	1	2561	Caudoviricetes	NA	NA	PF09355	Phage protein Gp19/Gp15/Gp42
k127_529548_5	2039	2425	387	1	0.680	11	GGAG/GAGG	GENOMAD.039920.VV	1.01e-31	121	0	0	0	2561	Caudoviricetes	NA	NA	PF19586	NA
k127_529548_6	2418	2618	201	1	0.672	11	GGxGG	GENOMAD.048015.VV	7.508e-09	52	0	0	1	2561	Caudoviricetes	NA	NA	TIGR01725;COG5005	phage protein, HK97 gp10 family
k127_529552_1	3	416	414	1	0.587	11	None	GENOMAD.114503.VV	4.675e-44	157	0	0	1	2561	Caudoviricetes	NA	NA	PF09684;COG4385;TIGR01634	Bacteriophage P2-related tail formation protein
k127_529552_2	413	544	132	1	0.598	11	GGA/GAG/AGG	NA	NA	NA	0	0	0	1	NA	NA	NA	NA	NA
k127_195279_1	3	155	153	1	0.601	11	None	GENOMAD.212578.VP	6.427e-10	54	0	0	1	2561	Caudoviricetes	NA	NA	PF16463;TIGR02126;COG5437	Phage tail tube protein family
k127_195279_2	162	461	300	1	0.623	11	None	NA	NA	NA	0	0	0	1	NA	NA	NA	NA	NA
k127_84182_1	2	490	489	-1	0.706	11	None	GENOMAD.153453.VP	1.858e-49	174	0	0	1	2561	Caudoviricetes	NA	NA	PF09588;COG5377;TIGR03033	Phage-related protein, predicted endonuclease
k127_305953_1	2	427	426	-1	0.688	11	None	GENOMAD.068590.VV	1.852e-13	69	0	0	1	2561	Caudoviricetes	NA	NA	PF13871;PF11242;K11654;TIGR00721	C-terminal domain on Strawberry notch homologue
k127_362736_1	1	339	339	1	0.602	11	None	GENOMAD.023558.VV	1.548e-12	65	0	0	1	2561	Caudoviricetes	NA	NA	PF05136;TIGR01539;COG5511	phage portal protein, lambda family
k127_472900_1	3	362	360	1	0.600	11	None	GENOMAD.096808.VV	6.88e-16	75	0	0	1	2561	Caudoviricetes	NA	NA	PF05136;TIGR01539;COG5511	phage portal protein, lambda family
k127_251687_1	2	85	84	-1	0.714	11	GGAG/GAGG	NA	NA	NA	0	0	0	1	NA	NA	NA	NA	NA
k127_251687_2	82	474	393	-1	0.667	11	None	GENOMAD.223594.VP	9.999e-06	46	0	0	1	2561	Caudoviricetes	NA	NA	PF11994;PF09684;TIGR01634;COG4385	phage tail protein, P2 protein I family
k127_28904_1	3	311	309	1	0.722	11	None	GENOMAD.182236.VP	1.553e-08	53	0	0	1	2561	Caudoviricetes	NA	NA	PF16724;COG4119;TIGR02705;K12152	T4-like virus Myoviridae tail sheath stabiliser
k127_363129_1	3	335	333	1	0.694	11	None	GENOMAD.068048.VV	6.18e-13	66	0	0	1	2561	Caudoviricetes	NA	NA	PF20307;TIGR03600;K02314;COG0305	phage replicative helicase, DnaB family, HK022 subfamily
k127_363129_2	345	749	405	1	0.699	11	GGAG/GAGG	GENOMAD.067736.VV	1.572e-12	66	0	0	0	2561	Caudoviricetes	NA	NA	PF00709;PF13186;COG0104;TIGR00184	Adenylosuccinate synthase
k127_418997_1	3	428	426	1	0.587	11	None	GENOMAD.068048.VV	1.523e-15	75	0	0	1	2561	Caudoviricetes	NA	NA	PF20307;TIGR03600;K02314;COG0305	phage replicative helicase, DnaB family, HK022 subfamily
k127_419023_1	2	388	387	-1	0.561	11	None	GENOMAD.087016.VV	3.059e-11	62	0	0	1	2561	Caudoviricetes	NA	NA	PF17236;TIGR01554;COG4653	Phage capsid-like protein
k127_530649_1	2	67	66	1	0.576	11	None	NA	NA	NA	0	0	0	1	NA	NA	NA	NA	NA
k127_530649_2	51	350	300	1	0.517	11	GGAGG	GENOMAD.009848.VV	1.844e-13	67	0	0	1	9913	Herelleviridae	NA	NA	COG5377;TIGR03033	Phage-related protein, predicted endonuclease
k127_85128_1	1	327	327	1	0.612	11	None	GENOMAD.130585.VV	2.539e-05	44	0	0	1	2561	Caudoviricetes	NA	NA	PF05119;COG3747;TIGR01558	Phage terminase, small subunit
k127_29421_1	1	387	387	-1	0.514	11	None	GENOMAD.017054.VV	1.244e-21	92	0	0	1	2561	Caudoviricetes	NA	NA	PF04466;TIGR01547;COG5323	Phage terminase large subunit
k127_141053_1	2	442	441	-1	0.499	11	GGA/GAG/AGG	NA	NA	NA	0	0	0	1	NA	NA	NA	NA	NA
k127_141053_2	533	733	201	1	0.498	11	GGAG/GAGG	GENOMAD.220942.VV	1.685e-08	51	0	0	1	2561	Caudoviricetes	NA	NA	PF06892	Phage regulatory protein CII (CP76)
k127_530947_1	2	334	333	1	0.634	11	None	GENOMAD.068048.VV	2.619e-14	70	0	0	1	2561	Caudoviricetes	NA	NA	PF20307;TIGR03600;K02314;COG0305	phage replicative helicase, DnaB family, HK022 subfamily
k127_473794_1	1	435	435	-1	0.607	11	None	GENOMAD.060259.VV	1.441e-06	49	0	0	1	2561	Caudoviricetes	NA	NA	PF20307;TIGR02236;COG0468;K04484	Divergent DnaB-like ATPase
k127_419558_1	2	319	318	-1	0.557	11	None	GENOMAD.121300.VV	1.739e-08	53	0	0	1	2561	Caudoviricetes	NA	NA	PF07141;K01994;COG2826;TIGR02844	Putative bacteriophage terminase small subunit
k127_29811_1	2	70	69	-1	0.710	11	None	NA	NA	NA	0	0	0	1	NA	NA	NA	NA	NA
k127_29811_2	67	345	279	-1	0.613	11	None	GENOMAD.075011.VV	8.743e-33	122	0	0	1	2561	Caudoviricetes	NA	NA	PF09355	Phage protein Gp19/Gp15/Gp42
k127_474018_1	1	438	438	1	0.621	11	None	GENOMAD.140351.VV	1.265e-09	58	0	0	1	2561	Caudoviricetes	NA	NA	COG4675	Microcystin-dependent protein  (function unknown)
k127_474075_1	1	984	984	1	0.644	11	None	GENOMAD.068048.VV	1.02e-13	75	0	0	1	2561	Caudoviricetes	NA	NA	PF20307;TIGR03600;K02314;COG0305	phage replicative helicase, DnaB family, HK022 subfamily
k127_196966_1	44	394	351	-1	0.670	11	None	GENOMAD.151371.VP	5.365e-25	101	0	0	1	2561	Caudoviricetes	NA	NA	PF04233	Phage Mu protein F like protein
k127_531393_1	3	218	216	1	0.579	11	None	GENOMAD.015616.VV	1.304e-05	43	0	0	1	2561	Caudoviricetes	NA	NA	PF20387	NA
k127_531393_2	219	428	210	1	0.629	11	None	GENOMAD.019298.VV	4.798e-14	67	0	0	0	2561	Caudoviricetes	NA	NA	NA	NA
k127_364377_1	2	424	423	1	0.617	11	None	GENOMAD.045267.VV	5.584e-08	53	0	0	1	2561	Caudoviricetes	NA	NA	PF20387;COG3864	Predicted metal-dependent peptidase
k127_474350_1	2	565	564	-1	0.631	11	None	GENOMAD.212786.VV	1.781e-07	53	0	0	1	2561	Caudoviricetes	NA	NA	PF20307;PF00772;TIGR00665;K02314;COG0305	replicative DNA helicase
k127_474356_1	1	159	159	-1	0.509	11	GGxGG	GENOMAD.129122.VP	9.211e-15	68	0	0	1	2561	Caudoviricetes	NA	NA	PF05954;K06905;COG3500;TIGR03361	Phage protein D
k127_474356_2	159	479	321	-1	0.561	11	None	GENOMAD.048118.VV	1.261e-27	108	0	0	0	2561	Caudoviricetes	NA	NA	NA	NA
k127_364666_1	2	310	309	1	0.573	11	None	GENOMAD.147017.VP	1.661e-23	96	0	0	1	2561	Caudoviricetes	NA	NA	PF04466;TIGR01547;COG1783	Phage terminase large subunit
k127_307946_1	2	580	579	1	0.675	11	None	GENOMAD.068048.VV	7.422e-16	78	0	0	1	2561	Caudoviricetes	NA	NA	PF20307;TIGR03600;K02314;COG0305	phage replicative helicase, DnaB family, HK022 subfamily
k127_307976_1	1	741	741	1	0.556	11	None	GENOMAD.073411.VV	1.251e-11	67	0	0	1	2561	Caudoviricetes	NA	NA	PF04860;TIGR01540;COG4695	phage portal protein, PBSX family
k127_420597_1	3	368	366	-1	0.656	11	None	GENOMAD.074879.VV	2.599e-10	59	0	0	1	2561	Caudoviricetes	NA	NA	PF09293;TIGR00593;K23786;COG0258	DNA polymerase I
k127_365294_1	3	374	372	1	0.667	11	None	GENOMAD.218988.VP	8.376e-06	46	0	0	1	1	NA	NA	NA	PF09293	T4 RNase H, C terminal
k127_87117_1	3	320	318	-1	0.500	11	None	GENOMAD.008778.VV	3.186e-10	58	0	0	1	2561	Caudoviricetes	NA	NA	PF05069;COG5005;TIGR01635	NA
k127_87292_1	1	525	525	1	0.669	11	None	GENOMAD.068048.VV	1.961e-16	79	0	0	1	2561	Caudoviricetes	NA	NA	PF20307;TIGR03600;K02314;COG0305	phage replicative helicase, DnaB family, HK022 subfamily
k127_87292_2	522	659	138	1	0.703	11	GGA/GAG/AGG	NA	NA	NA	0	0	0	1	NA	NA	NA	NA	NA
k127_475588_1	1	480	480	-1	0.573	11	None	GENOMAD.024527.VV	2.733e-16	78	0	0	1	2561	Caudoviricetes	NA	NA	PF14594;COG4379;TIGR03361	Mu-like prophage tail protein gpP
k127_32013_1	1	276	276	1	0.627	11	None	GENOMAD.149681.VV	2.972e-05	43	0	0	1	1	NA	NA	NA	PF11242	NA
k127_143678_1	3	269	267	1	0.404	11	None	GENOMAD.118637.VV	1.706e-09	55	0	0	0	2561	Caudoviricetes	NA	NA	PF09035;K22302;COG2452	NA
k127_143678_2	295	429	135	1	0.467	11	AAA	GENOMAD.052598.VV	1.111e-09	53	0	0	1	2561	Caudoviricetes	NA	NA	PF06892	Phage regulatory protein CII (CP76)
k127_366364_1	2	523	522	1	0.546	11	None	GENOMAD.193019.VV	5.348e-12	66	0	0	1	2561	Caudoviricetes	NA	NA	PF17541;COG3497;TIGR02243	Phage tail sheath protein FI
k127_88092_1	2	169	168	-1	0.530	11	GGA/GAG/AGG	GENOMAD.196650.VP	6.067e-13	63	0	0	1	2561	Caudoviricetes	NA	NA	PF05367;TIGR04104	Phage endonuclease I
k127_143955_1	2	520	519	1	0.640	11	None	GENOMAD.068048.VV	2.377e-12	67	0	0	1	2561	Caudoviricetes	NA	NA	PF20307;TIGR03600;K02314;COG0305	phage replicative helicase, DnaB family, HK022 subfamily
k127_422322_1	1	354	354	-1	0.545	11	None	GENOMAD.103014.VV	8.69e-21	89	0	0	1	2561	Caudoviricetes	NA	NA	PF05133;TIGR01538;COG3567;K09961	phage portal protein, SPP1 family
k127_422326_1	1	309	309	1	0.718	11	None	GENOMAD.129999.VP	1.535e-16	76	0	0	1	2561	Caudoviricetes	NA	NA	PF04708;COG1961;K21528	Site-specific DNA recombinase related to the DNA invertase Pin
k127_476555_1	1	399	399	1	0.599	11	None	GENOMAD.023558.VV	1.522e-29	115	0	0	1	2561	Caudoviricetes	NA	NA	PF05136;TIGR01539;COG5511	phage portal protein, lambda family
k127_88673_1	2	178	177	-1	0.729	11	GGGG	NA	NA	NA	0	0	0	1	NA	NA	NA	NA	NA
k127_88673_2	181	396	216	-1	0.685	11	GGCGG	NA	NA	NA	0	0	0	1	NA	NA	NA	NA	NA
k127_88673_3	696	1676	981	-1	0.717	11	GGAGG	GENOMAD.087457.VV	4.005e-12	70	0	0	0	2561	Caudoviricetes	NA	NA	PF18319;TIGR01206;COG2835	NA
k127_88673_4	1669	1947	279	-1	0.652	11	GGGGGT	GENOMAD.090342.VV	8.53e-18	79	0	0	0	1	NA	NA	NA	NA	NA
k127_88673_5	1944	2699	756	-1	0.697	11	GGG	GENOMAD.196009.VP	4.474e-72	244	0	0	0	2561	Caudoviricetes	NA	NA	NA	NA
k127_88673_6	2699	2938	240	-1	0.667	11	None	NA	NA	NA	0	0	0	1	NA	NA	NA	NA	NA
k127_422627_1	1	909	909	1	0.503	11	None	GENOMAD.085695.VV	0.0002505	45	0	0	1	2561	Caudoviricetes	NA	NA	PF05954;K06905;COG3500;TIGR03361	Phage protein D
k127_422627_2	899	976	78	1	0.474	11	AGGA	NA	NA	NA	0	0	0	1	NA	NA	NA	NA	NA
k127_33100_1	1	327	327	1	0.508	11	None	GENOMAD.067824.VV	2.944e-12	64	0	0	1	2561	Caudoviricetes	NA	NA	PF06141	Phage minor tail protein U
k127_367448_1	2	481	480	-1	0.621	11	None	GENOMAD.002932.VV	1.897e-09	58	0	0	1	2561	Caudoviricetes	NA	NA	TIGR01630;COG5362	phage uncharacterized protein (putative large terminase), C-terminal domain
k127_367448_2	478	1167	690	-1	0.645	11	GGA/GAG/AGG	GENOMAD.032850.VV	3.594e-07	53	0	0	0	2561	Caudoviricetes	NA	NA	NA	NA
k127_367676_1	1	360	360	1	0.625	11	None	GENOMAD.068048.VV	3.736e-14	70	0	0	1	2561	Caudoviricetes	NA	NA	PF20307;TIGR03600;K02314;COG0305	phage replicative helicase, DnaB family, HK022 subfamily
k127_145145_1	1	321	321	-1	0.411	11	GGAG/GAGG	GENOMAD.004022.VV	4.483e-15	72	0	0	1	2561	Caudoviricetes	NA	NA	PF11114;TIGR01725;COG5005	Minor capsid protein
k127_33726_1	3	416	414	1	0.541	11	None	GENOMAD.068048.VV	7.278e-14	70	0	0	1	2561	Caudoviricetes	NA	NA	PF20307;TIGR03600;K02314;COG0305	phage replicative helicase, DnaB family, HK022 subfamily
k127_89890_1	2	511	510	-1	0.533	11	None	GENOMAD.147017.VP	1.832e-35	134	0	0	1	2561	Caudoviricetes	NA	NA	PF04466;TIGR01547;COG1783	Phage terminase large subunit
k127_477880_1	23	733	711	1	0.685	11	GGAG/GAGG	GENOMAD.013210.VV	1.034e-18	88	0	0	1	2561	Caudoviricetes	NA	NA	PF00211;PF08994;PF08993;COG2114	Adenylate and Guanylate cyclase catalytic domain; T4 gene Gp59 loader of gp41 DNA helicase C-term; T4 gene Gp59 loader of gp41 DNA helicase
k127_368302_1	1	333	333	-1	0.694	11	None	GENOMAD.004420.VV	7.893e-19	83	0	0	1	2561	Caudoviricetes	NA	NA	PF20441;COG5362	Terminase large subunit, endonuclease domain
k127_423943_1	3	224	222	-1	0.644	11	None	GENOMAD.015384.VV	3.337e-05	42	0	0	1	1	NA	NA	NA	PF03906	Phage T7 tail fibre protein
k127_311494_1	3	257	255	1	0.706	11	None	GENOMAD.195366.VP	2.259e-05	43	0	0	1	1	NA	NA	NA	PF05766;COG3024	Endogenous inhibitor of DNA gyrase, YacG/DUF329 family
k127_478303_1	2	349	348	-1	0.672	11	None	GENOMAD.136711.VP	1.305e-15	74	0	0	1	2561	Caudoviricetes	NA	NA	PF03354;COG5323	Large terminase phage packaging protein
k127_368895_1	2	283	282	1	0.727	11	None	GENOMAD.016135.VV	8.457e-11	59	0	0	1	2561	Caudoviricetes	NA	NA	PF11367	NA
k127_424476_1	1	276	276	1	0.699	11	None	GENOMAD.124471.VC	1.558e-11	61	0	0	0	2561	Caudoviricetes	NA	NA	PF09343;TIGR02217;COG5448	TIGR02217 family protein
k127_424476_2	273	1088	816	1	0.689	11	GGAG/GAGG	GENOMAD.103140.VC	1.572e-45	168	0	0	1	2561	Caudoviricetes	NA	NA	PF09356;PF05100;TIGR02218;COG5449	Phage minor tail protein L
k127_424476_3	1088	1516	429	1	0.702	11	GGxGG	GENOMAD.170843.VV	8.602e-23	96	0	0	0	2561	Caudoviricetes	NA	NA	PF06940;COG3738;K13695;TIGR02219	Uncharacterized protein YijF, DUF1287 family
k127_424476_4	1498	2112	615	1	0.694	11	AGGAGG	GENOMAD.137500.VC	4.37e-111	354	0	0	1	2561	Caudoviricetes	NA	NA	PF13550	Putative phage tail protein
k127_201837_1	3	437	435	-1	0.591	11	None	GENOMAD.102019.VV	1.135e-29	116	0	0	1	2561	Caudoviricetes	NA	NA	PF10758;COG3497	Phage tail sheath protein FI
k127_312156_1	243	569	327	-1	0.566	11	None	GENOMAD.012983.VV	4.163e-08	52	0	0	1	2561	Caudoviricetes	NA	NA	TIGR01630;COG5362	phage uncharacterized protein (putative large terminase), C-terminal domain
k127_257929_1	2	331	330	-1	0.621	11	None	GENOMAD.171347.VC	4.045e-57	193	0	0	1	2561	Caudoviricetes	NA	NA	COG4653	Predicted phage phi-C31 gp36 major capsid-like protein
k127_257998_1	3	773	771	-1	0.634	11	None	GENOMAD.099865.VV	1.1e-43	162	0	0	1	2561	Caudoviricetes	NA	NA	PF04466;PF17289;TIGR01547;COG5323;K06909	phage terminase, large subunit, PBSX family
k127_312324_1	3	407	405	-1	0.474	11	GGAG/GAGG	NA	NA	NA	0	0	0	1	NA	NA	NA	NA	NA
k127_312324_2	547	1254	708	-1	0.468	11	GGA/GAG/AGG	NA	NA	NA	0	0	0	1	NA	NA	NA	NA	NA
k127_312324_3	1358	2062	705	-1	0.495	11	GGA/GAG/AGG	NA	NA	NA	0	0	0	1	NA	NA	NA	NA	NA
k127_312324_4	2059	2217	159	-1	0.428	11	AGGAG	NA	NA	NA	0	0	0	1	NA	NA	NA	NA	NA
k127_312324_5	2268	2750	483	-1	0.455	11	GGA/GAG/AGG	NA	NA	NA	0	0	0	1	NA	NA	NA	NA	NA
k127_312324_6	2751	3965	1215	-1	0.468	11	None	NA	NA	NA	0	0	0	1	NA	NA	NA	NA	NA
k127_312324_7	4157	5512	1356	-1	0.464	11	None	GENOMAD.224457.VP	1.069e-33	139	0	0	0	1	NA	NA	NA	PF03175;COG0417	DNA polymerase type B, organellar and viral
k127_35221_1	1	561	561	1	0.592	11	None	GENOMAD.068048.VV	1.497e-13	71	0	0	1	2561	Caudoviricetes	NA	NA	PF20307;TIGR03600;K02314;COG0305	phage replicative helicase, DnaB family, HK022 subfamily
k127_35221_2	640	816	177	1	0.655	11	GGA/GAG/AGG	NA	NA	NA	0	0	0	1	NA	NA	NA	NA	NA
k127_146871_1	3	383	381	1	0.675	11	None	GENOMAD.068048.VV	1.082e-13	69	0	0	1	2561	Caudoviricetes	NA	NA	PF20307;TIGR03600;K02314;COG0305	phage replicative helicase, DnaB family, HK022 subfamily
k127_536734_1	1	357	357	-1	0.597	11	None	GENOMAD.068048.VV	1.776e-13	68	0	0	1	2561	Caudoviricetes	NA	NA	PF20307;TIGR03600;K02314;COG0305	phage replicative helicase, DnaB family, HK022 subfamily
k127_91358_1	1	588	588	-1	0.707	11	None	GENOMAD.013210.VV	2.061e-11	65	0	0	1	2561	Caudoviricetes	NA	NA	PF00211;PF08994;PF08993;COG2114	Adenylate and Guanylate cyclase catalytic domain; T4 gene Gp59 loader of gp41 DNA helicase C-term; T4 gene Gp59 loader of gp41 DNA helicase
k127_370092_1	153	479	327	1	0.547	11	AGGA	GENOMAD.225687.VP	2.4e-22	93	0	0	1	1	NA	NA	NA	PF05119;COG3747;TIGR01558	Phage terminase, small subunit
k127_537620_1	1	309	309	1	0.592	11	None	GENOMAD.068048.VV	4.657e-13	66	0	0	1	2561	Caudoviricetes	NA	NA	PF20307;TIGR03600;K02314;COG0305	phage replicative helicase, DnaB family, HK022 subfamily
k127_537648_1	1	321	321	1	0.657	11	None	GENOMAD.068048.VV	4.483e-15	72	0	0	1	2561	Caudoviricetes	NA	NA	PF20307;TIGR03600;K02314;COG0305	phage replicative helicase, DnaB family, HK022 subfamily
k127_203391_1	1	414	414	-1	0.659	11	None	GENOMAD.004578.VV	6.703e-15	73	0	0	1	2561	Caudoviricetes	NA	NA	PF06381;K09961;TIGR01555;COG3567	phage-related protein, HI1409 family
k127_426189_1	208	378	171	-1	0.649	11	None	GENOMAD.063098.VV	2.87e-06	44	0	0	1	2561	Caudoviricetes	NA	NA	PF11126	Transcriptional regulator DsbA
k127_259429_1	2	235	234	1	0.679	11	None	NA	NA	NA	0	0	0	1	NA	NA	NA	NA	NA
k127_259429_2	232	567	336	1	0.711	11	GGAGG	GENOMAD.129302.VP	2.726e-14	70	0	0	1	2561	Caudoviricetes	NA	NA	PF04717;COG4540;TIGR01644	Phage P2 baseplate assembly protein gpV
k127_203544_1	97	393	297	-1	0.556	11	None	GENOMAD.147427.VP	3.066e-15	72	0	0	1	2561	Caudoviricetes	NA	NA	PF07141	Putative bacteriophage terminase small subunit
k127_313647_1	3	989	987	1	0.714	11	None	GENOMAD.068590.VV	1.127e-43	165	0	0	1	2561	Caudoviricetes	NA	NA	PF13871;PF11242;K11654;TIGR00721	C-terminal domain on Strawberry notch homologue
k127_92487_1	1	282	282	1	0.713	11	None	GENOMAD.091823.VV	7.21e-20	85	0	0	1	1	NA	NA	NA	PF05135;TIGR02215	phage conserved hypothetical protein, phiE125 gp8 family
k127_92487_2	320	445	126	1	0.659	11	GGAG/GAGG	GENOMAD.146673.VV	6.508e-20	82	0	0	1	2561	Caudoviricetes	NA	NA	PF05521;TIGR01563;COG5614	phage head-tail adaptor, putative, SPP1 family
k127_92532_1	1	561	561	1	0.681	11	None	GENOMAD.053137.VV	4.771e-21	93	0	0	1	2561	Caudoviricetes	NA	NA	PF17482	Phage tail sheath C-terminal domain
k127_92653_1	1	402	402	1	0.619	11	None	GENOMAD.049806.VV	6.243e-23	96	0	0	1	2561	Caudoviricetes	NA	NA	PF13479;TIGR01618;COG0468;K04484	phage nucleotide-binding protein
k127_480543_1	3	824	822	1	0.680	11	None	GENOMAD.023991.VV	5.239e-21	96	0	0	1	2561	Caudoviricetes	NA	NA	COG5410	Mu-like prophage FluMu protein gp28
k127_371289_1	2	325	324	-1	0.691	11	AGGAG	GENOMAD.019257.VV	1.014e-06	48	0	0	1	2561	Caudoviricetes	NA	NA	K21531	NA
k127_480907_1	3	659	657	1	0.626	11	None	GENOMAD.169508.VP	3.248e-16	80	0	0	1	2561	Caudoviricetes	NA	NA	PF04708;PF13262;COG1961;K14060	Site-specific DNA recombinase related to the DNA invertase Pin
k127_314420_1	2	415	414	-1	0.575	11	None	GENOMAD.027421.VV	1.124e-26	107	0	0	1	6064	Autographiviridae	NA	NA	PF03354;PF17289;COG5323;TIGR01547	Large terminase phage packaging protein
k127_480992_1	3	326	324	-1	0.623	11	None	GENOMAD.005185.VV	1.703e-09	56	0	0	1	2561	Caudoviricetes	NA	NA	PF11650	P22 tail accessory factor
k127_260337_1	2	67	66	1	0.576	11	None	NA	NA	NA	0	0	0	1	NA	NA	NA	NA	NA
k127_260337_2	51	362	312	1	0.532	11	GGAGG	GENOMAD.009848.VV	3.956e-15	72	0	0	1	9913	Herelleviridae	NA	NA	COG5377;TIGR03033	Phage-related protein, predicted endonuclease
k127_260535_1	2	400	399	-1	0.622	11	None	GENOMAD.048388.VV	4.513e-26	105	0	0	1	2561	Caudoviricetes	NA	NA	PF12236	Bacteriophage head to tail connecting protein
k127_314674_1	2	484	483	-1	0.660	11	None	GENOMAD.038143.VV	1.345e-43	157	0	0	1	2561	Caudoviricetes	NA	NA	PF11134	Phage stabilisation protein
k127_93533_1	1	540	540	1	0.483	11	None	GENOMAD.091836.VV	9.822e-18	83	0	0	1	2561	Caudoviricetes	NA	NA	PF17289;TIGR01630	phage uncharacterized protein (putative large terminase), C-terminal domain
k127_538945_1	2	325	324	1	0.556	11	None	GENOMAD.147571.VP	1.402e-11	62	0	0	1	2561	Caudoviricetes	NA	NA	PF20441;COG5362	Terminase large subunit, endonuclease domain
k127_427526_1	1	303	303	1	0.380	11	None	GENOMAD.014266.VV	1.733e-14	70	0	0	1	2561	Caudoviricetes	NA	NA	PF18352;COG4540;TIGR01644	Phage protein Gp138 N-terminal domain
k127_372325_1	2	355	354	-1	0.636	11	None	GENOMAD.141431.VP	2.636e-33	125	0	0	1	2561	Caudoviricetes	NA	NA	PF04466;TIGR01547;COG1783	Phage terminase large subunit
k127_481733_1	122	313	192	1	0.573	11	AGGA	GENOMAD.012090.VV	7.252e-22	89	0	0	1	2561	Caudoviricetes	NA	NA	PF20387	NA
k127_94472_1	1	306	306	1	0.526	11	None	GENOMAD.153290.VP	9.963e-13	65	0	0	1	2561	Caudoviricetes	NA	NA	PF20307;COG3598;TIGR02239;K04485	Divergent DnaB-like ATPase
k127_539860_1	2	643	642	1	0.654	11	None	GENOMAD.027593.VV	1.057e-21	96	0	0	1	2561	Caudoviricetes	NA	NA	PF10758;COG3497	Phage tail sheath protein FI
k127_428667_1	2	325	324	-1	0.657	11	None	GENOMAD.075440.VV	4.993e-06	46	0	0	1	2561	Caudoviricetes	NA	NA	PF06381;K09961;TIGR01555;COG3567	phage-related protein, HI1409 family
k127_482528_1	3	107	105	1	0.695	11	None	NA	NA	NA	0	0	0	1	NA	NA	NA	NA	NA
k127_482528_2	77	400	324	-1	0.679	11	None	GENOMAD.068048.VV	1.818e-16	76	0	0	1	2561	Caudoviricetes	NA	NA	PF20307;TIGR03600;K02314;COG0305	phage replicative helicase, DnaB family, HK022 subfamily
k127_150859_1	3	614	612	-1	0.626	11	None	GENOMAD.169508.VP	1.243e-26	110	0	0	1	2561	Caudoviricetes	NA	NA	PF04708;PF13262;COG1961;K14060	Site-specific DNA recombinase related to the DNA invertase Pin
k127_373310_1	2	382	381	-1	0.659	11	None	GENOMAD.068048.VV	5.325e-13	67	0	0	1	2561	Caudoviricetes	NA	NA	PF20307;TIGR03600;K02314;COG0305	phage replicative helicase, DnaB family, HK022 subfamily
k127_540374_1	1	345	345	-1	0.661	11	AGGAG	GENOMAD.102019.VV	1.144e-24	100	0	0	1	2561	Caudoviricetes	NA	NA	PF10758;COG3497	Phage tail sheath protein FI
k127_540374_2	361	609	249	-1	0.679	11	None	NA	NA	NA	0	0	0	1	NA	NA	NA	NA	NA
k127_540526_1	3	464	462	-1	0.695	11	None	GENOMAD.065578.VV	8.843e-28	111	0	0	1	2561	Caudoviricetes	NA	NA	PF04860;PF04233;TIGR01537;COG4695;K06904	phage portal protein, HK97 family
k127_151237_1	3	350	348	-1	0.713	11	None	GENOMAD.129396.VP	5.32e-17	78	0	0	1	2561	Caudoviricetes	NA	NA	PF20454	Terminase large subunit gpA, endonuclease domain
k127_151326_1	3	341	339	1	0.558	11	None	GENOMAD.109691.VV	1.91e-26	105	0	0	1	2561	Caudoviricetes	NA	NA	PF06141	Phage minor tail protein U
k127_540792_1	3	326	324	1	0.602	11	None	GENOMAD.116501.VP	2.46e-13	67	0	0	1	2561	Caudoviricetes	NA	NA	PF05136;TIGR01539;COG5511	phage portal protein, lambda family
k127_316802_1	2	568	567	1	0.608	11	None	GENOMAD.179816.VP	2.315e-21	94	0	0	1	2561	Caudoviricetes	NA	NA	PF20307;TIGR02239;COG3598;K08482	Divergent DnaB-like ATPase
k127_39879_1	83	448	366	1	0.574	11	None	GENOMAD.141431.VP	8.174e-15	72	0	0	1	2561	Caudoviricetes	NA	NA	PF04466;TIGR01547;COG1783	Phage terminase large subunit
k127_95763_1	1	426	426	1	0.700	11	None	GENOMAD.013210.VV	1.191e-08	55	0	0	1	2561	Caudoviricetes	NA	NA	PF00211;PF08994;PF08993;COG2114	Adenylate and Guanylate cyclase catalytic domain; T4 gene Gp59 loader of gp41 DNA helicase C-term; T4 gene Gp59 loader of gp41 DNA helicase
k127_541288_1	3	254	252	1	0.754	11	None	GENOMAD.124507.VV	3.867e-07	48	0	0	1	2561	Caudoviricetes	NA	NA	PF11242;K22300;COG3655;TIGR00673	DNA-binding transcriptional regulator, XRE family
k127_541288_2	200	472	273	-1	0.700	11	None	NA	NA	NA	0	0	0	1	NA	NA	NA	NA	NA
k127_262971_1	2	331	330	-1	0.682	11	None	GENOMAD.061958.VV	4.152e-17	78	0	0	1	2561	Caudoviricetes	NA	NA	PF05065	Phage capsid family
k127_40212_1	3	173	171	1	0.760	11	None	GENOMAD.102979.VP	1.121e-07	48	0	0	1	2561	Caudoviricetes	NA	NA	PF04233;PF10122;TIGR01641;COG5585	phage putative head morphogenesis protein, SPP1 gp7 family
k127_40212_2	185	367	183	1	0.727	11	None	NA	NA	NA	0	0	0	1	NA	NA	NA	NA	NA
k127_374442_1	2	373	372	-1	0.624	11	None	GENOMAD.068048.VV	8.05e-16	75	0	0	1	2561	Caudoviricetes	NA	NA	PF20307;TIGR03600;K02314;COG0305	phage replicative helicase, DnaB family, HK022 subfamily
k127_152096_1	2	382	381	-1	0.609	11	None	GENOMAD.099865.VV	1.146e-21	92	0	0	1	2561	Caudoviricetes	NA	NA	PF04466;PF17289;TIGR01547;COG5323;K06909	phage terminase, large subunit, PBSX family
k127_374457_1	2	376	375	1	0.691	11	None	GENOMAD.068048.VV	8.829e-15	72	0	0	1	2561	Caudoviricetes	NA	NA	PF20307;TIGR03600;K02314;COG0305	phage replicative helicase, DnaB family, HK022 subfamily
k127_374457_2	325	429	105	-1	0.695	11	None	NA	NA	NA	0	0	0	1	NA	NA	NA	NA	NA
k127_40561_1	1	576	576	1	0.495	11	None	GENOMAD.160586.VV	1.809e-26	109	0	0	1	2561	Caudoviricetes	NA	NA	PF04466;PF17288;TIGR01547;COG1783;K06909	phage terminase, large subunit, PBSX family
k127_40680_1	1	1203	1203	-1	0.334	11	TATATA	NA	NA	NA	0	0	0	1	NA	NA	NA	NA	NA
k127_40680_2	1234	1455	222	-1	0.275	11	TAT	NA	NA	NA	0	0	0	1	NA	NA	NA	NA	NA
k127_40680_3	1481	2239	759	-1	0.296	11	ATTTA	NA	NA	NA	0	0	0	1	NA	NA	NA	NA	NA
k127_40680_4	2243	2692	450	-1	0.296	11	None	NA	NA	NA	0	0	0	1	NA	NA	NA	NA	NA
k127_317681_1	1	339	339	1	0.723	11	None	GENOMAD.001717.VV	2.838e-14	70	0	0	1	2561	Caudoviricetes	NA	NA	PF20441;PF03354;COG4626;TIGR01547	Phage terminase-like protein, large subunit, contains N-terminal HTH domain
k127_484227_1	138	374	237	1	0.578	11	GGAG/GAGG	GENOMAD.005360.VV	1.296e-08	52	0	0	1	2561	Caudoviricetes	NA	NA	PF11651;TIGR04387	P22 coat protein - gene protein 5
k127_484329_1	3	245	243	-1	0.539	11	AGGAGG	GENOMAD.010599.VV	2.873e-16	74	0	0	1	2561	Caudoviricetes	NA	NA	PF17288;TIGR01630	Terminase RNAseH like domain
k127_484329_2	242	316	75	-1	0.507	11	None	NA	NA	NA	0	0	0	1	NA	NA	NA	NA	NA
k127_208167_1	1	333	333	1	0.745	11	None	GENOMAD.068187.VV	1.125e-06	48	0	0	1	2561	Caudoviricetes	NA	NA	PF06892;TIGR00673;K22299;COG3655	cyanase
k127_484555_1	1	318	318	1	0.588	11	None	GENOMAD.056631.VV	1.243e-35	131	0	0	1	2561	Caudoviricetes	NA	NA	PF19821;TIGR04387	major capsid protein, N4-gp56 family
k127_97092_1	3	521	519	1	0.686	11	None	GENOMAD.068048.VV	5.81e-09	57	0	0	1	2561	Caudoviricetes	NA	NA	PF20307;TIGR03600;K02314;COG0305	phage replicative helicase, DnaB family, HK022 subfamily
k127_431407_1	52	495	444	-1	0.655	11	None	GENOMAD.057710.VV	1.453e-07	52	0	0	1	2561	Caudoviricetes	NA	NA	PF00589;PF04860;K07358;TIGR01537	Phage integrase family; Phage portal protein
k127_431459_1	2	103	102	-1	0.647	11	GGA/GAG/AGG	NA	NA	NA	0	0	0	1	NA	NA	NA	NA	NA
k127_431459_2	140	502	363	-1	0.556	11	GGAG/GAGG	GENOMAD.170830.VP	1.072e-51	178	0	0	1	2561	Caudoviricetes	NA	NA	PF06892	Phage regulatory protein CII (CP76)
k127_431459_3	537	620	84	-1	0.464	11	None	GENOMAD.081831.VV	1.821e-10	54	0	0	0	2561	Caudoviricetes	NA	NA	PF11112;COG3311;TIGR01764	Pyocin activator protein PrtN
k127_153534_1	3	398	396	1	0.558	11	None	GENOMAD.026052.VV	3.671e-10	59	0	0	1	2561	Caudoviricetes	NA	NA	PF16462	Phage tail assembly chaperone protein, TAC
k127_485145_1	2	73	72	-1	0.694	11	GGA/GAG/AGG	NA	NA	NA	0	0	0	1	NA	NA	NA	NA	NA
k127_485145_2	75	320	246	-1	0.659	11	None	GENOMAD.061355.VV	3.589e-14	68	0	0	1	2561	Caudoviricetes	NA	NA	PF12691	Bacteriophage minor capsid protein
k127_318897_1	2	67	66	-1	0.515	11	GGA/GAG/AGG	NA	NA	NA	0	0	0	1	NA	NA	NA	NA	NA
k127_318897_2	68	406	339	-1	0.646	11	AGGAG	GENOMAD.066989.VV	2.167e-08	53	0	0	1	2561	Caudoviricetes	NA	NA	PF04883;TIGR01725;COG5005	phage protein, HK97 gp10 family
k127_153932_1	3	326	324	-1	0.688	11	None	GENOMAD.108416.VP	7.592e-26	103	0	0	1	2561	Caudoviricetes	NA	NA	PF11863;COG4386	Mu-like prophage tail sheath protein gpL
k127_153980_1	3	131	129	1	0.481	11	None	GENOMAD.067935.VV	1.591e-05	41	0	0	1	2561	Caudoviricetes	NA	NA	COG4675	Microcystin-dependent protein  (function unknown)
k127_153980_2	131	739	609	1	0.450	11	ATA	GENOMAD.167268.VP	1.083e-27	113	0	0	1	2561	Caudoviricetes	NA	NA	PF02413	Caudovirales tail fibre assembly protein, lambda gpK
k127_98206_1	2	124	123	1	0.610	11	None	NA	NA	NA	0	0	0	1	NA	NA	NA	NA	NA
k127_98206_2	132	614	483	1	0.638	11	4Base/6BMM	GENOMAD.023677.VV	1.988e-30	119	0	0	1	2561	Caudoviricetes	NA	NA	PF04865;COG3299	Baseplate J-like protein
k127_485791_1	3	509	507	1	0.744	11	None	GENOMAD.013210.VV	3.441e-17	81	0	0	1	2561	Caudoviricetes	NA	NA	PF00211;PF08994;PF08993;COG2114	Adenylate and Guanylate cyclase catalytic domain; T4 gene Gp59 loader of gp41 DNA helicase C-term; T4 gene Gp59 loader of gp41 DNA helicase
k127_319417_1	37	351	315	-1	0.603	11	None	GENOMAD.008790.VV	1.081e-12	65	0	0	1	2561	Caudoviricetes	NA	NA	PF11753	Protein of unknwon function (DUF3310)
k127_265677_1	1	303	303	1	0.538	11	None	GENOMAD.056631.VV	3.246e-39	141	0	0	1	2561	Caudoviricetes	NA	NA	PF19821;TIGR04387	major capsid protein, N4-gp56 family
k127_319647_1	1	384	384	1	0.477	11	None	GENOMAD.168146.VP	4.435e-24	99	0	0	1	2561	Caudoviricetes	NA	NA	PF17288;PF04466;K06909;TIGR01547;COG1783	phage terminase, large subunit, PBSX family
k127_43082_1	2	259	258	1	0.740	11	None	GENOMAD.176974.VV	8.402e-08	50	0	0	1	2561	Caudoviricetes	NA	NA	PF17288	Terminase RNAseH like domain
k127_43082_2	275	445	171	1	0.731	11	GGAGG	NA	NA	NA	0	0	0	1	NA	NA	NA	NA	NA
k127_210330_1	1	321	321	1	0.536	11	None	GENOMAD.124233.VP	3.607e-25	101	0	0	1	2561	Caudoviricetes	NA	NA	PF03864	Phage major capsid protein E
k127_155079_1	66	338	273	-1	0.696	11	GGA/GAG/AGG	GENOMAD.221284.VP	3.135e-42	149	0	0	0	2561	Caudoviricetes	NA	NA	NA	NA
k127_155079_2	335	889	555	-1	0.654	11	GGA/GAG/AGG	GENOMAD.113127.VV	0.0007053	42	0	0	0	2561	Caudoviricetes	NA	NA	PF05838;COG3926;K22918	Lysozyme family protein
k127_155079_3	1391	1726	336	1	0.595	11	3Base/5BMM	NA	NA	NA	0	0	0	1	NA	NA	NA	NA	NA
k127_155079_4	1734	2924	1191	1	0.651	11	GGA/GAG/AGG	NA	NA	NA	0	0	0	1	NA	NA	NA	NA	NA
k127_486560_1	3	461	459	-1	0.525	11	None	GENOMAD.114356.VP	1.209e-23	99	0	0	1	2561	Caudoviricetes	NA	NA	PF03354;COG4626	Phage terminase-like protein, large subunit, contains N-terminal HTH domain
k127_486560_2	424	669	246	-1	0.480	11	None	NA	NA	NA	0	0	0	1	NA	NA	NA	NA	NA
k127_155226_1	1	390	390	1	0.654	11	None	GENOMAD.060864.VV	4.172e-17	79	0	0	1	2561	Caudoviricetes	NA	NA	PF05133;TIGR01542	phage portal protein, putative, A118 family
k127_320159_1	1	309	309	-1	0.521	11	None	GENOMAD.100772.VV	4.376e-37	135	0	0	1	2561	Caudoviricetes	NA	NA	PF16460;COG5437;TIGR02126	Phage tail tube, TTP, lambda-like
k127_544587_1	3	329	327	1	0.560	11	None	GENOMAD.160947.VP	8.743e-09	54	0	0	1	2561	Caudoviricetes	NA	NA	COG5281	Phage-related minor tail protein
k127_544631_1	1	195	195	-1	0.621	11	AGxAGG/AGGxGG	GENOMAD.075457.VV	6.048e-10	55	0	0	1	2561	Caudoviricetes	NA	NA	PF09588;COG5377;TIGR03033	Phage-related protein, predicted endonuclease
k127_544631_2	192	311	120	-1	0.625	11	None	NA	NA	NA	0	0	0	1	NA	NA	NA	NA	NA
k127_486885_1	3	341	339	-1	0.625	11	None	GENOMAD.001873.VV	3.442e-12	64	0	0	1	2561	Caudoviricetes	NA	NA	PF20387;K21507	NA
k127_544821_1	2	340	339	1	0.640	11	None	GENOMAD.162197.VP	1.047e-16	77	0	0	1	2561	Caudoviricetes	NA	NA	PF20441;COG5362	Terminase large subunit, endonuclease domain
k127_155813_1	1	150	150	-1	0.473	11	AGGAG	NA	NA	NA	0	0	0	1	NA	NA	NA	NA	NA
k127_155813_2	238	375	138	-1	0.601	11	None	GENOMAD.002406.VV	5.396e-16	71	0	0	1	2561	Caudoviricetes	NA	NA	PF05065	phage major capsid protein, HK97 family
k127_266878_1	3	365	363	-1	0.620	11	None	GENOMAD.084246.VV	3.679e-31	119	0	0	1	2561	Caudoviricetes	NA	NA	PF05954;COG3500;TIGR03361	Phage protein D
k127_155975_1	3	677	675	1	0.684	11	None	GENOMAD.042265.VV	1.676e-08	57	0	0	1	2561	Caudoviricetes	NA	NA	PF20307;TIGR02237;COG0468;K04485	Divergent DnaB-like ATPase
k127_320892_1	2	370	369	-1	0.558	11	None	GENOMAD.097639.VV	5.829e-19	84	0	0	1	2561	Caudoviricetes	NA	NA	PF17289;TIGR01630;COG5362	phage uncharacterized protein (putative large terminase), C-terminal domain
k127_100011_1	2	325	324	1	0.466	11	None	GENOMAD.012023.VV	1.649e-57	194	0	0	1	2561	Caudoviricetes	NA	NA	TIGR04387	major capsid protein, N4-gp56 family
k127_434283_1	1	411	411	1	0.574	11	None	GENOMAD.170962.VP	2.633e-25	103	0	0	1	2561	Caudoviricetes	NA	NA	PF05876;PF20454;COG5525;K21512	Phage terminase, large subunit GpA
k127_379079_1	2	313	312	-1	0.590	11	None	GENOMAD.061199.VV	8.788e-07	48	0	0	1	1	NA	NA	NA	COG3497	Phage tail sheath protein FI
k127_546043_1	1	423	423	-1	0.681	11	None	GENOMAD.038023.VV	5.899e-07	50	0	0	1	2561	Caudoviricetes	NA	NA	PF05136;TIGR01539	Phage portal protein, lambda family
k127_45296_1	31	375	345	-1	0.687	11	None	GENOMAD.068048.VV	1.769e-11	62	0	0	1	2561	Caudoviricetes	NA	NA	PF20307;TIGR03600;K02314;COG0305	phage replicative helicase, DnaB family, HK022 subfamily
k127_435107_1	2	478	477	-1	0.734	11	None	GENOMAD.070748.VV	3.66e-22	95	0	0	1	1	NA	NA	NA	PF04233;TIGR01641	Phage Mu protein F like protein
k127_101175_1	1	375	375	1	0.549	11	None	GENOMAD.066212.VV	1.405e-18	83	0	0	1	2561	Caudoviricetes	NA	NA	PF04860;TIGR01537;COG4695	phage portal protein, HK97 family
k127_379679_1	2	313	312	-1	0.567	11	None	GENOMAD.170348.VP	1.777e-07	50	0	0	1	2561	Caudoviricetes	NA	NA	COG5362	Phage terminase large subunit
k127_435396_1	54	389	336	1	0.536	11	None	GENOMAD.195656.VP	2.287e-07	50	0	0	1	9067	Straboviridae	NA	NA	PF19835;PF07453;TIGR01453;COG2827	group I intron endonuclease
k127_488795_1	3	644	642	-1	0.664	11	None	GENOMAD.020821.VV	6.662e-11	64	0	0	1	2561	Caudoviricetes	NA	NA	PF05876;PF16203;K14440;COG5410;TIGR04095	ERCC4-related helicase
k127_268588_1	1	450	450	-1	0.573	11	None	GENOMAD.194580.VP	1.396e-20	90	0	0	1	2561	Caudoviricetes	NA	NA	PF03354;PF05521;PF20441;COG4626;TIGR01563	Phage terminase-like protein, large subunit, contains N-terminal HTH domain
k127_157644_1	2	337	336	1	0.613	11	None	GENOMAD.177668.VP	1.165e-06	48	0	0	1	2561	Caudoviricetes	NA	NA	PF17289;COG5362	Phage terminase large subunit
k127_45871_1	2	274	273	-1	0.582	11	None	GENOMAD.029045.VV	5.966e-06	45	0	0	1	2561	Caudoviricetes	NA	NA	PF14550;TIGR01543	Putative phage serine protease XkdF
k127_45871_2	255	500	246	-1	0.573	11	AGGAG	NA	NA	NA	0	0	0	1	NA	NA	NA	NA	NA
k127_45871_3	524	658	135	-1	0.667	11	None	NA	NA	NA	0	0	0	1	NA	NA	NA	NA	NA
k127_101798_1	1	375	375	1	0.643	11	None	GENOMAD.068048.VV	3.392e-08	53	0	0	1	2561	Caudoviricetes	NA	NA	PF20307;TIGR03600;K02314;COG0305	phage replicative helicase, DnaB family, HK022 subfamily
k127_269101_1	1	468	468	1	0.615	11	None	GENOMAD.129553.VV	7.094e-40	146	0	0	1	2561	Caudoviricetes	NA	NA	PF20441	Terminase large subunit, endonuclease domain
k127_46263_1	1	306	306	-1	0.699	11	None	GENOMAD.191536.VV	4.438e-05	43	0	0	1	1	NA	NA	NA	PF11242;TIGR00721;COG4367;K01994	DNA-binding protein, Tfx family
k127_489466_1	603	1526	924	1	0.609	11	GGAGG	GENOMAD.000175.VV	2.995e-11	67	0	0	1	8305	Partitiviridae	NA	NA	PF00680;COG3344	Viral RNA-dependent RNA polymerase
k127_269520_1	3	326	324	-1	0.590	11	None	GENOMAD.023991.VV	1.528e-26	105	0	0	1	2561	Caudoviricetes	NA	NA	COG5410	Mu-like prophage FluMu protein gp28
k127_158555_1	2	190	189	1	0.471	11	None	NA	NA	NA	0	0	0	1	NA	NA	NA	NA	NA
k127_158555_2	251	1033	783	1	0.506	11	TAT	GENOMAD.158311.VV	3.744e-21	96	0	0	1	2561	Caudoviricetes	NA	NA	PF05135;TIGR02215	phage conserved hypothetical protein, phiE125 gp8 family
k127_323253_1	1	333	333	-1	0.438	11	None	GENOMAD.012023.VV	1.721e-50	174	0	0	1	2561	Caudoviricetes	NA	NA	TIGR04387	major capsid protein, N4-gp56 family
k127_547997_1	1	99	99	1	0.687	11	None	NA	NA	NA	0	0	0	1	NA	NA	NA	NA	NA
k127_547997_2	99	476	378	1	0.646	11	GGGT	GENOMAD.214339.VP	8.894e-06	46	0	0	1	2561	Caudoviricetes	NA	NA	PF09681	NA
k127_548246_1	3	365	363	1	0.634	11	None	GENOMAD.053137.VV	1.591e-15	74	0	0	1	2561	Caudoviricetes	NA	NA	PF17482	Phage tail sheath C-terminal domain
k127_437034_1	1	792	792	-1	0.670	11	None	GENOMAD.068048.VV	3.358e-10	63	0	0	1	2561	Caudoviricetes	NA	NA	PF20307;TIGR03600;K02314;COG0305	phage replicative helicase, DnaB family, HK022 subfamily
k127_381668_1	1	567	567	-1	0.584	11	GGAG/GAGG	GENOMAD.178051.VP	1.194e-19	89	0	0	1	2561	Caudoviricetes	NA	NA	PF02195;PF17288;TIGR00180;COG1475	ParB/RepB/Spo0J family partition protein
k127_324015_1	2	451	450	1	0.589	11	None	GENOMAD.122996.VV	5.729e-12	65	0	0	1	2561	Caudoviricetes	NA	NA	PF17482	Phage tail sheath C-terminal domain
k127_159844_1	3	491	489	1	0.706	11	None	GENOMAD.142437.VP	6.007e-45	161	0	0	1	2561	Caudoviricetes	NA	NA	PF04466;PF17288;TIGR01547;COG1783;K06909	phage terminase, large subunit, PBSX family
k127_104013_1	1	444	444	1	0.678	11	None	GENOMAD.068048.VV	4.168e-15	74	0	0	1	2561	Caudoviricetes	NA	NA	PF20307;TIGR03600;K02314;COG0305	phage replicative helicase, DnaB family, HK022 subfamily
k127_104013_2	470	535	66	-1	0.697	11	None	NA	NA	NA	0	0	0	1	NA	NA	NA	NA	NA
k127_437885_1	1	222	222	-1	0.464	11	GGAGG	GENOMAD.196905.VP	0.0001681	40	0	0	1	2561	Caudoviricetes	NA	NA	PF07463;PF11242;TIGR00721;COG5352	NUMOD4 motif
k127_437885_2	219	569	351	-1	0.504	11	None	GENOMAD.141834.VP	5.077e-09	55	0	0	0	2561	Caudoviricetes	NA	NA	PF11496	Class II histone deacetylase complex subunits 2 and 3
k127_324673_1	1	705	705	-1	0.638	11	None	GENOMAD.169508.VP	2.19e-11	66	0	0	1	2561	Caudoviricetes	NA	NA	PF04708;PF13262;COG1961;K14060	Site-specific DNA recombinase related to the DNA invertase Pin
k127_104100_1	3	143	141	1	0.681	11	None	NA	NA	NA	0	0	0	1	NA	NA	NA	NA	NA
k127_104100_2	154	528	375	1	0.672	11	AGGAG	GENOMAD.020866.VV	3.548e-25	102	0	0	1	2561	Caudoviricetes	NA	NA	PF16463;COG5437;TIGR02126	Phage tail tube protein family
k127_438181_1	2	331	330	1	0.576	11	None	GENOMAD.009848.VV	4.59e-16	75	0	0	1	9913	Herelleviridae	NA	NA	COG5377;TIGR03033	Phage-related protein, predicted endonuclease
k127_491461_1	3	533	531	1	0.678	11	None	GENOMAD.052304.VV	4.319e-17	81	0	0	0	1	NA	NA	NA	NA	NA
k127_491461_2	741	1076	336	1	0.628	11	GGAG/GAGG	GENOMAD.057479.VV	6.699e-29	112	0	0	1	2561	Caudoviricetes	NA	NA	PF05065;COG4653;TIGR01554	Phage capsid family
k127_271711_1	3	227	225	-1	0.596	11	GGAG/GAGG	GENOMAD.048518.VV	9.648e-10	55	0	0	1	2561	Caudoviricetes	NA	NA	PF05125;TIGR01551	phage major capsid protein, P2 family
k127_271711_2	279	344	66	-1	0.667	11	None	NA	NA	NA	0	0	0	1	NA	NA	NA	NA	NA
k127_216207_1	1	441	441	-1	0.671	11	None	GENOMAD.068590.VV	1.52e-06	49	0	0	1	2561	Caudoviricetes	NA	NA	PF13871;PF11242;K11654;TIGR00721	C-terminal domain on Strawberry notch homologue
k127_216705_1	3	329	327	-1	0.578	11	None	GENOMAD.064381.VV	4.318e-08	52	0	0	1	2561	Caudoviricetes	NA	NA	PF04717;TIGR01644;COG4384	phage baseplate assembly protein V
k127_325875_1	2	307	306	-1	0.634	11	None	GENOMAD.032636.VV	2.723e-10	58	0	0	1	2561	Caudoviricetes	NA	NA	PF20307;PF07486;TIGR02239;COG0468;K18947	Divergent DnaB-like ATPase; Cell Wall Hydrolase
k127_492405_1	3	422	420	-1	0.521	11	None	GENOMAD.213250.VV	3.919e-22	94	0	0	1	2561	Caudoviricetes	NA	NA	PF13550;COG4379	Putative phage tail protein
k127_105663_1	1	78	78	-1	0.333	11	TAAAT	NA	NA	NA	0	0	0	1	NA	NA	NA	NA	NA
k127_105663_2	128	1078	951	1	0.318	11	TATA	GENOMAD.022622.VV	2.647e-09	61	0	0	1	10515	Nucleocytoviricota	NA	NA	PF04665;TIGR00678;COG1618;K18944	Poxvirus A32 protein
k127_439726_1	1	174	174	1	0.718	11	None	GENOMAD.033923.VV	3.207e-12	61	0	0	0	2561	Caudoviricetes	NA	NA	NA	NA
k127_439726_2	171	680	510	1	0.678	11	None	GENOMAD.114503.VV	1.65e-27	111	0	0	1	2561	Caudoviricetes	NA	NA	PF09684;COG4385;TIGR01634	Bacteriophage P2-related tail formation protein
k127_50035_1	3	1634	1632	-1	0.670	11	None	GENOMAD.068048.VV	3.798e-05	49	0	0	1	2561	Caudoviricetes	NA	NA	PF20307;TIGR03600;K02314;COG0305	phage replicative helicase, DnaB family, HK022 subfamily
k127_493034_1	1	546	546	-1	0.698	11	None	GENOMAD.167887.VP	6.269e-62	211	0	0	1	2561	Caudoviricetes	NA	NA	PF04860;TIGR01537;COG4383	phage portal protein, HK97 family
k127_326622_1	1	336	336	1	0.628	11	None	GENOMAD.013124.VV	5.254e-07	49	0	0	1	377	Drexlerviridae	NA	NA	PF13262;COG5410	NA
k127_50394_1	1	372	372	1	0.688	11	None	GENOMAD.136378.VP	7.742e-16	75	0	0	1	2561	Caudoviricetes	NA	NA	PF05136;PF04965;TIGR01539;K06903;COG5511	phage portal protein, lambda family
k127_50394_2	385	555	171	1	0.643	11	AGGAG	GENOMAD.120968.VV	3.618e-11	58	0	0	1	2561	Caudoviricetes	NA	NA	COG3497	Phage tail sheath protein FI
k127_162533_1	3	503	501	1	0.607	11	None	GENOMAD.052543.VV	5.57e-39	144	0	0	1	2561	Caudoviricetes	NA	NA	PF07278;COG4220;K22014	Phage DNA packaging protein, Nu1 subunit of terminase
k127_50712_1	38	463	426	-1	0.617	11	None	GENOMAD.125799.VP	5.322e-19	85	0	0	1	2561	Caudoviricetes	NA	NA	PF06891	P2 phage tail completion protein R (GpR)
k127_440434_1	2	418	417	1	0.427	11	None	GENOMAD.072560.VV	4.79e-09	56	0	0	1	5947	Adintoviridae	NA	NA	PF00770	Adenovirus endoprotease
k127_440434_2	574	762	189	-1	0.492	11	None	NA	NA	NA	0	0	0	1	NA	NA	NA	NA	NA
k127_50838_1	3	194	192	-1	0.625	11	AGGA	GENOMAD.045376.VV	5.764e-10	55	0	0	1	2561	Caudoviricetes	NA	NA	PF05065;COG4653;TIGR01554	Predicted phage phi-C31 gp36 major capsid-like protein
k127_50838_2	212	709	498	-1	0.624	11	AGGAGG	GENOMAD.090512.VV	3.349e-69	231	0	0	0	2561	Caudoviricetes	NA	NA	PF14265	NA
k127_162870_1	1	405	405	1	0.358	11	None	GENOMAD.004871.VV	2.333e-42	152	0	0	1	2561	Caudoviricetes	NA	NA	PF06381;K09961;TIGR01555;COG3567	phage-related protein, HI1409 family
k127_218259_1	2	481	480	-1	0.579	11	None	GENOMAD.151393.VP	4.454e-07	51	0	0	1	2561	Caudoviricetes	NA	NA	PF17288;TIGR01547;COG1783	phage terminase, large subunit, PBSX family
k127_385257_1	1	342	342	1	0.652	11	None	GENOMAD.097639.VV	3.289e-29	113	0	0	1	2561	Caudoviricetes	NA	NA	PF17289;TIGR01630;COG5362	phage uncharacterized protein (putative large terminase), C-terminal domain
k127_107014_1	1	786	786	-1	0.434	11	None	GENOMAD.008482.VV	3.154e-28	117	0	0	1	2561	Caudoviricetes	NA	NA	PF11041;TIGR02242	Bacteriophage Mu-like, Gp48
k127_385462_1	3	653	651	-1	0.625	11	None	GENOMAD.063711.VV	1.272e-05	48	0	0	1	326	Orthornavirae	NA	NA	PF00998	Viral RNA dependent RNA polymerase
k127_494160_1	1	2529	2529	-1	0.394	11	None	NA	NA	NA	0	0	0	1	NA	NA	NA	NA	NA
k127_218673_1	3	743	741	-1	0.626	11	None	GENOMAD.013124.VV	1.27e-20	94	0	0	1	377	Drexlerviridae	NA	NA	PF13262;COG5410	NA
k127_218673_2	736	1122	387	-1	0.576	11	GGAGG	GENOMAD.209380.VP	0.000219	42	0	0	0	2561	Caudoviricetes	NA	NA	PF18932	NA
k127_218673_3	1112	1783	672	-1	0.637	11	None	GENOMAD.038338.VV	7.614e-17	82	0	0	0	2561	Caudoviricetes	NA	NA	COG3392	NA
k127_274480_1	1	477	477	-1	0.625	11	None	GENOMAD.169508.VP	6.256e-15	74	0	0	1	2561	Caudoviricetes	NA	NA	PF04708;PF13262;COG1961;K14060	Site-specific DNA recombinase related to the DNA invertase Pin
k127_327920_1	1	345	345	-1	0.643	11	None	GENOMAD.142437.VP	3.438e-21	90	0	0	1	2561	Caudoviricetes	NA	NA	PF04466;PF17288;TIGR01547;COG1783;K06909	phage terminase, large subunit, PBSX family
k127_219479_1	2	433	432	1	0.581	11	None	GENOMAD.002406.VV	2.928e-07	51	0	0	1	2561	Caudoviricetes	NA	NA	PF05065	phage major capsid protein, HK97 family
k127_108256_1	3	485	483	1	0.629	11	None	GENOMAD.207635.VV	9.643e-08	53	0	0	1	8278	Ackermannviridae	NA	NA	PF04865	Baseplate J-like protein
k127_52320_1	1	348	348	1	0.624	11	None	GENOMAD.162059.VP	2.943e-31	119	0	0	1	2561	Caudoviricetes	NA	NA	PF04860;TIGR01537;COG4695	phage portal protein, HK97 family
k127_108541_1	2	373	372	-1	0.750	11	None	GENOMAD.097639.VV	3.002e-18	82	0	0	1	2561	Caudoviricetes	NA	NA	PF17289;TIGR01630;COG5362	phage uncharacterized protein (putative large terminase), C-terminal domain
k127_553779_1	2	757	756	-1	0.352	11	None	NA	NA	NA	0	0	0	1	NA	NA	NA	NA	NA
k127_553779_2	834	1190	357	-1	0.269	11	TATA	GENOMAD.195315.VV	1.535e-05	45	0	0	0	11844	Phycodnaviridae	NA	NA	PF05899	EutQ-like cupin domain
k127_553779_3	1488	1859	372	-1	0.277	11	ATA	NA	NA	NA	0	0	0	1	NA	NA	NA	NA	NA
k127_553779_4	1999	2571	573	-1	0.227	11	None	NA	NA	NA	0	0	0	1	NA	NA	NA	NA	NA
k127_108568_1	3	563	561	1	0.595	11	None	GENOMAD.182445.VP	2.012e-68	230	0	0	1	2561	Caudoviricetes	NA	NA	PF17429;PF11242;TIGR00721;COG3415	Gene product 70
k127_108596_1	2	469	468	1	0.701	11	None	GENOMAD.012044.VV	1.778e-29	116	0	0	1	2561	Caudoviricetes	NA	NA	COG4653	Predicted phage phi-C31 gp36 major capsid-like protein
k127_164573_1	2	361	360	-1	0.647	11	None	GENOMAD.071900.VV	7.126e-40	144	0	0	1	2561	Caudoviricetes	NA	NA	PF13479;TIGR01618;COG2087;K04484	phage nucleotide-binding protein
k127_53038_1	1	612	612	1	0.683	11	None	GENOMAD.053137.VV	4.42e-40	149	0	0	1	2561	Caudoviricetes	NA	NA	PF17482	Phage tail sheath C-terminal domain
k127_276792_1	2	355	354	-1	0.503	11	None	GENOMAD.026868.VV	1.452e-47	166	0	0	1	2561	Caudoviricetes	NA	NA	PF18906	Phage tail tube protein
k127_221350_1	1	561	561	1	0.586	11	None	GENOMAD.153941.VV	1.191e-18	86	0	0	1	2561	Caudoviricetes	NA	NA	PF13479;K19789;TIGR01618	phage nucleotide-binding protein
k127_444198_1	3	86	84	-1	0.595	11	GGAG/GAGG	NA	NA	NA	0	0	0	1	NA	NA	NA	NA	NA
k127_444198_2	70	390	321	-1	0.626	11	None	GENOMAD.181728.VV	4.25e-07	49	0	0	1	2561	Caudoviricetes	NA	NA	PF09588;COG5377;TIGR03033	Phage-related protein, predicted endonuclease
k127_555576_1	2	478	477	1	0.612	11	None	GENOMAD.013210.VV	1.166e-35	134	0	0	1	2561	Caudoviricetes	NA	NA	PF00211;PF08994;PF08993;COG2114	Adenylate and Guanylate cyclase catalytic domain; T4 gene Gp59 loader of gp41 DNA helicase C-term; T4 gene Gp59 loader of gp41 DNA helicase
k127_497223_1	2	259	258	-1	0.593	11	AGGAG	GENOMAD.162335.VP	7.241e-17	76	0	0	1	2561	Caudoviricetes	NA	NA	PF16463;COG5437;TIGR02126	Phage tail tube protein family
k127_497223_2	293	697	405	-1	0.595	11	None	GENOMAD.116270.VV	1.67e-20	89	0	0	1	1	NA	NA	NA	PF11367	NA
k127_497223_3	694	1080	387	-1	0.599	11	GGAG/GAGG	GENOMAD.129603.VP	5.524e-13	67	0	0	1	2561	Caudoviricetes	NA	NA	PF11114;TIGR01725;COG5005	phage protein, HK97 gp10 family
k127_497223_4	1080	1307	228	-1	0.561	11	None	NA	NA	NA	0	0	0	1	NA	NA	NA	NA	NA
k127_110656_1	2	562	561	-1	0.396	11	None	GENOMAD.203851.VV	0.0001639	44	0	0	1	1365	Cressdnaviricota	NA	NA	PF02443	Circovirus capsid protein
k127_54608_1	2	340	339	1	0.584	11	None	GENOMAD.167268.VP	5.501e-15	72	0	0	1	2561	Caudoviricetes	NA	NA	PF02413	Caudovirales tail fibre assembly protein, lambda gpK
k127_222077_1	1	216	216	1	0.606	11	None	GENOMAD.129874.VP	3.724e-39	139	0	0	1	2561	Caudoviricetes	NA	NA	PF10076;COG3778;TIGR02242	Uncharacterized protein YmfQ in lambdoid prophage, DUF2313 family
k127_222077_2	233	334	102	1	0.618	11	GGAG/GAGG	NA	NA	NA	0	0	0	1	NA	NA	NA	NA	NA
k127_497445_1	2	394	393	1	0.646	11	None	GENOMAD.060015.VV	4.335e-42	151	0	0	1	2561	Caudoviricetes	NA	NA	PF04586;COG3740;K06904;TIGR01543	Phage head maturation protease
k127_444973_1	3	323	321	-1	0.505	11	None	GENOMAD.123534.VP	4.31e-39	141	0	0	1	2561	Caudoviricetes	NA	NA	PF05133;TIGR01538	Phage portal protein, SPP1 Gp6-like
k127_389886_1	2	397	396	-1	0.727	11	None	GENOMAD.014312.VV	1.459e-29	115	0	0	1	2561	Caudoviricetes	NA	NA	PF06152;TIGR01641;COG5585	phage putative head morphogenesis protein, SPP1 gp7 family
k127_499527_1	2	331	330	1	0.533	11	None	GENOMAD.134216.VV	2.33e-06	47	0	0	1	1	NA	NA	NA	PF04965;COG3628;TIGR03357;K06903	Phage baseplate assembly protein W
k127_499527_2	328	579	252	1	0.556	11	GGAGG	NA	NA	NA	0	0	0	1	NA	NA	NA	NA	NA
k127_500075_1	3	371	369	-1	0.659	11	None	GENOMAD.005000.VV	2.693e-10	59	0	0	1	2561	Caudoviricetes	NA	NA	PF11651	P22 coat protein - gene protein 5
k127_333828_1	1	1089	1089	1	0.663	11	None	GENOMAD.154772.VP	1.82e-09	62	0	0	1	2561	Caudoviricetes	NA	NA	COG3941	Phage tail tape-measure protein, controls tail length
