gene	start	end	length	strand	gc_content	genetic_code	rbs_motif	marker	evalue	bitscore	uscg	plasmid_hallmark	virus_hallmark	taxid	taxname	annotation_conjscan	annotation_amr	annotation_accessions	annotation_description
k127_184474_1	3	584	582	1	0.672	11	None	GENOMAD.068048.VV	3.804e-14	73	0	0	1	2561	Caudoviricetes	NA	NA	PF20307;TIGR03600;K02314;COG0305	phage replicative helicase, DnaB family, HK022 subfamily
k127_430827_1	2	835	834	1	0.736	11	None	GENOMAD.068590.VV	2.195e-29	121	0	0	1	2561	Caudoviricetes	NA	NA	PF13871;PF11242;K11654;TIGR00721	C-terminal domain on Strawberry notch homologue
k127_308080_1	3	1025	1023	-1	0.691	11	None	GENOMAD.068048.VV	1.429e-15	81	0	0	1	2561	Caudoviricetes	NA	NA	PF20307;TIGR03600;K02314;COG0305	phage replicative helicase, DnaB family, HK022 subfamily
k127_431418_1	2	379	378	1	0.743	11	None	GENOMAD.015531.VV	6.098e-11	61	0	0	1	2561	Caudoviricetes	NA	NA	PF16677	NA
k127_308457_1	1	612	612	1	0.737	11	None	GENOMAD.068590.VV	4.801e-15	76	0	0	1	2561	Caudoviricetes	NA	NA	PF13871;PF11242;K11654;TIGR00721	C-terminal domain on Strawberry notch homologue
k127_185588_1	3	77	75	1	0.627	11	None	NA	NA	NA	0	0	0	1	NA	NA	NA	NA	NA
k127_185588_2	85	549	465	1	0.720	11	AGGAG	GENOMAD.062035.VV	4.051e-06	48	0	0	1	2561	Caudoviricetes	NA	NA	PF17482	NA
k127_554679_1	1	387	387	1	0.716	11	None	GENOMAD.005158.VV	9.759e-16	75	0	0	1	2561	Caudoviricetes	NA	NA	PF04586;PF13395;TIGR02646;K06904	TIGR02646 family protein
k127_554909_1	1	441	441	1	0.592	11	None	GENOMAD.013210.VV	3.852e-16	77	0	0	1	2561	Caudoviricetes	NA	NA	PF00211;PF08994;PF08993;COG2114	Adenylate and Guanylate cyclase catalytic domain; T4 gene Gp59 loader of gp41 DNA helicase C-term; T4 gene Gp59 loader of gp41 DNA helicase
k127_63244_1	1	498	498	1	0.689	11	None	GENOMAD.208864.VP	3.233e-44	159	0	0	1	2561	Caudoviricetes	NA	NA	PF19307;TIGR01554;COG4653	Phage capsid-like protein
k127_555163_1	3	542	540	1	0.443	4	None	GENOMAD.013210.VV	6.306e-12	66	0	0	1	2561	Caudoviricetes	NA	NA	PF00211;PF08994;PF08993;COG2114	Adenylate and Guanylate cyclase catalytic domain; T4 gene Gp59 loader of gp41 DNA helicase C-term; T4 gene Gp59 loader of gp41 DNA helicase
k127_309273_1	3	641	639	-1	0.687	11	None	GENOMAD.042265.VV	6.373e-09	58	0	0	1	2561	Caudoviricetes	NA	NA	PF20307;TIGR02237;COG0468;K04485	Divergent DnaB-like ATPase
k127_2143_1	2	91	90	1	0.667	11	None	NA	NA	NA	0	0	0	1	NA	NA	NA	NA	NA
k127_2143_2	93	389	297	1	0.677	11	GGAGG	GENOMAD.016789.VV	1.795e-05	44	0	0	1	2561	Caudoviricetes	NA	NA	K21531	NA
k127_371144_1	2	310	309	1	0.696	11	None	GENOMAD.192062.VP	2.069e-05	44	0	0	1	9913	Herelleviridae	NA	NA	PF10934;COG3628;K06903	Phage baseplate assembly protein W
k127_371205_1	2	730	729	-1	0.689	11	None	GENOMAD.060259.VV	7.585e-05	46	0	0	1	2561	Caudoviricetes	NA	NA	PF20307;TIGR02236;COG0468;K04484	Divergent DnaB-like ATPase
k127_186873_1	2	487	486	1	0.695	11	None	GENOMAD.205389.VV	2.465e-54	188	0	0	1	2561	Caudoviricetes	NA	NA	PF05136;TIGR01539;COG5511;K09961	phage portal protein, lambda family
k127_64022_1	1	813	813	1	0.659	11	None	GENOMAD.068048.VV	3.14e-08	57	0	0	1	2561	Caudoviricetes	NA	NA	PF20307;TIGR03600;K02314;COG0305	phage replicative helicase, DnaB family, HK022 subfamily
k127_125956_1	2	403	402	1	0.667	11	None	GENOMAD.136131.VV	2.326e-06	48	0	0	1	2561	Caudoviricetes	NA	NA	PF04717;COG4540;TIGR01644	Phage P2 baseplate assembly protein gpV
k127_310323_1	2	328	327	1	0.679	11	None	GENOMAD.056845.VV	7.094e-35	129	0	0	1	2561	Caudoviricetes	NA	NA	PF19821;TIGR04387	Phage capsid protein
k127_310640_1	2	340	339	1	0.658	11	None	GENOMAD.053137.VV	2.335e-24	99	0	0	1	2561	Caudoviricetes	NA	NA	PF17482	Phage tail sheath C-terminal domain
k127_66312_1	3	428	426	1	0.660	11	None	GENOMAD.068048.VV	1.578e-15	75	0	0	1	2561	Caudoviricetes	NA	NA	PF20307;TIGR03600;K02314;COG0305	phage replicative helicase, DnaB family, HK022 subfamily
k127_66746_1	1	303	303	-1	0.670	11	None	GENOMAD.147017.VP	4.501e-28	109	0	0	1	2561	Caudoviricetes	NA	NA	PF04466;TIGR01547;COG1783	Phage terminase large subunit
k127_435672_1	17	808	792	-1	0.751	11	None	GENOMAD.068590.VV	5.756e-45	166	0	0	1	2561	Caudoviricetes	NA	NA	PF13871;PF11242;K11654;TIGR00721	C-terminal domain on Strawberry notch homologue
k127_189715_1	84	989	906	-1	0.611	11	None	GENOMAD.068048.VV	1.537e-13	74	0	0	1	2561	Caudoviricetes	NA	NA	PF20307;TIGR03600;K02314;COG0305	phage replicative helicase, DnaB family, HK022 subfamily
k127_66989_1	1	474	474	-1	0.747	11	None	GENOMAD.068590.VV	1.157e-16	79	0	0	1	2561	Caudoviricetes	NA	NA	PF13871;PF11242;K11654;TIGR00721	C-terminal domain on Strawberry notch homologue
k127_313176_1	3	647	645	-1	0.752	11	GGA/GAG/AGG	GENOMAD.062910.VV	0.0002428	44	0	0	1	2561	Caudoviricetes	NA	NA	PF11242;TIGR02844;K06283;COG4584	sporulation transcriptional regulator SpoIIID
k127_560283_1	3	848	846	-1	0.699	11	None	GENOMAD.013210.VV	1.352e-19	92	0	0	1	2561	Caudoviricetes	NA	NA	PF00211;PF08994;PF08993;COG2114	Adenylate and Guanylate cyclase catalytic domain; T4 gene Gp59 loader of gp41 DNA helicase C-term; T4 gene Gp59 loader of gp41 DNA helicase
k127_130536_1	3	473	471	-1	0.444	11	None	GENOMAD.170863.VC	9.22e-06	47	0	0	1	1	NA	NA	NA	PF00944;TIGR02038;COG0265	periplasmic serine pepetdase DegS
k127_7558_1	2	313	312	1	0.663	11	None	GENOMAD.107792.VV	3.131e-09	55	0	0	1	2561	Caudoviricetes	NA	NA	PF16724	T4-like virus Myoviridae tail sheath stabiliser
k127_130960_1	2	385	384	1	0.734	11	None	GENOMAD.014312.VV	8.576e-17	78	0	0	1	2561	Caudoviricetes	NA	NA	PF06152;TIGR01641;COG5585	phage putative head morphogenesis protein, SPP1 gp7 family
k127_131333_1	1	513	513	1	0.717	11	None	GENOMAD.071900.VV	2.706e-40	148	0	0	1	2561	Caudoviricetes	NA	NA	PF13479;TIGR01618;COG2087;K04484	phage nucleotide-binding protein
k127_377316_1	2	157	156	-1	0.647	11	None	NA	NA	NA	0	0	0	1	NA	NA	NA	NA	NA
k127_377316_2	165	464	300	1	0.663	11	None	GENOMAD.032636.VV	2.785e-09	55	0	0	1	2561	Caudoviricetes	NA	NA	PF20307;PF07486;TIGR02239;COG0468;K18947	Divergent DnaB-like ATPase; Cell Wall Hydrolase
k127_131532_1	2	1132	1131	1	0.607	11	None	GENOMAD.013210.VV	1.122e-32	134	0	0	1	2561	Caudoviricetes	NA	NA	PF00211;PF08994;PF08993;COG2114	Adenylate and Guanylate cyclase catalytic domain; T4 gene Gp59 loader of gp41 DNA helicase C-term; T4 gene Gp59 loader of gp41 DNA helicase
k127_8951_1	1	897	897	1	0.633	11	None	GENOMAD.068048.VV	1.474e-13	74	0	0	1	2561	Caudoviricetes	NA	NA	PF20307;TIGR03600;K02314;COG0305	phage replicative helicase, DnaB family, HK022 subfamily
k127_194091_1	1	573	573	-1	0.618	11	None	GENOMAD.013210.VV	1.427e-17	83	0	0	1	2561	Caudoviricetes	NA	NA	PF00211;PF08994;PF08993;COG2114	Adenylate and Guanylate cyclase catalytic domain; T4 gene Gp59 loader of gp41 DNA helicase C-term; T4 gene Gp59 loader of gp41 DNA helicase
k127_132914_1	23	985	963	-1	0.693	11	None	GENOMAD.068048.VV	4.467e-14	76	0	0	1	2561	Caudoviricetes	NA	NA	PF20307;TIGR03600;K02314;COG0305	phage replicative helicase, DnaB family, HK022 subfamily
k127_379394_1	2	319	318	1	0.682	11	None	GENOMAD.047188.VV	2.612e-12	64	0	0	1	2561	Caudoviricetes	NA	NA	PF05065;TIGR01554;COG4653	phage major capsid protein, HK97 family
k127_194873_1	1	336	336	1	0.625	11	None	GENOMAD.177125.VV	4.984e-16	75	0	0	1	2561	Caudoviricetes	NA	NA	PF07141;COG2826;TIGR03418	Putative bacteriophage terminase small subunit
k127_317803_1	1	309	309	1	0.712	11	None	GENOMAD.030890.VV	1.701e-15	73	0	0	1	2561	Caudoviricetes	NA	NA	PF04466;TIGR01547	phage terminase, large subunit, PBSX family
k127_72662_1	2	745	744	-1	0.730	11	None	GENOMAD.013210.VV	1.386e-16	82	0	0	1	2561	Caudoviricetes	NA	NA	PF00211;PF08994;PF08993;COG2114	Adenylate and Guanylate cyclase catalytic domain; T4 gene Gp59 loader of gp41 DNA helicase C-term; T4 gene Gp59 loader of gp41 DNA helicase
k127_257247_1	2	901	900	1	0.659	11	None	GENOMAD.032636.VV	7.886e-16	81	0	0	1	2561	Caudoviricetes	NA	NA	PF20307;PF07486;TIGR02239;COG0468;K18947	Divergent DnaB-like ATPase; Cell Wall Hydrolase
k127_257247_2	898	1068	171	1	0.743	11	GGA/GAG/AGG	NA	NA	NA	0	0	0	1	NA	NA	NA	NA	NA
k127_502655_1	3	713	711	1	0.689	11	None	GENOMAD.068048.VV	5.072e-14	74	0	0	1	2561	Caudoviricetes	NA	NA	PF20307;TIGR03600;K02314;COG0305	phage replicative helicase, DnaB family, HK022 subfamily
k127_380457_1	2	958	957	-1	0.703	11	None	GENOMAD.060259.VV	3.023e-10	64	0	0	1	2561	Caudoviricetes	NA	NA	PF20307;TIGR02236;COG0468;K04484	Divergent DnaB-like ATPase
k127_319443_1	1	672	672	1	0.545	11	None	GENOMAD.053137.VV	2.257e-38	145	0	0	1	2561	Caudoviricetes	NA	NA	PF17482	Phage tail sheath C-terminal domain
k127_319443_2	732	1073	342	1	0.482	11	AGGAG	NA	NA	NA	0	0	0	1	NA	NA	NA	NA	NA
k127_136138_1	1	441	441	-1	0.717	11	None	GENOMAD.169508.VP	9.939e-14	70	0	0	1	2561	Caudoviricetes	NA	NA	PF04708;PF13262;COG1961;K14060	Site-specific DNA recombinase related to the DNA invertase Pin
k127_566799_1	2	358	357	-1	0.709	11	AGGAG	GENOMAD.016789.VV	1.584e-05	45	0	0	1	2561	Caudoviricetes	NA	NA	K21531	NA
k127_198433_1	2	301	300	1	0.703	11	None	GENOMAD.068048.VV	2.514e-10	58	0	0	1	2561	Caudoviricetes	NA	NA	PF20307;TIGR03600;K02314;COG0305	phage replicative helicase, DnaB family, HK022 subfamily
k127_198654_1	21	329	309	1	0.638	11	AGGAG	GENOMAD.068048.VV	6.882e-17	77	0	0	1	2561	Caudoviricetes	NA	NA	PF20307;TIGR03600;K02314;COG0305	phage replicative helicase, DnaB family, HK022 subfamily
k127_13904_1	35	436	402	-1	0.694	11	None	GENOMAD.053137.VV	5.642e-32	122	0	0	1	2561	Caudoviricetes	NA	NA	PF17482	Phage tail sheath C-terminal domain
k127_137384_1	3	368	366	1	0.661	11	None	GENOMAD.212786.VV	1.277e-09	57	0	0	1	2561	Caudoviricetes	NA	NA	PF20307;PF00772;TIGR00665;K02314;COG0305	replicative DNA helicase
k127_14018_1	1	462	462	1	0.279	4	None	GENOMAD.129503.VP	8.04e-08	53	0	0	1	2561	Caudoviricetes	NA	NA	PF19835;PF03333;TIGR01453;COG2827	group I intron endonuclease
k127_76165_1	2	385	384	1	0.685	11	None	GENOMAD.062910.VV	2.073e-05	45	0	0	1	2561	Caudoviricetes	NA	NA	PF11242;TIGR02844;K06283;COG4584	sporulation transcriptional regulator SpoIIID
k127_76169_1	1	480	480	-1	0.700	11	None	GENOMAD.013124.VV	9.68e-07	50	0	0	1	377	Drexlerviridae	NA	NA	PF13262;COG5410	NA
k127_199488_1	1	504	504	1	0.651	11	None	GENOMAD.060259.VV	1.145e-07	53	0	0	1	2561	Caudoviricetes	NA	NA	PF20307;TIGR02236;COG0468;K04484	Divergent DnaB-like ATPase
k127_139158_1	1	78	78	1	0.667	11	None	NA	NA	NA	0	0	0	1	NA	NA	NA	NA	NA
k127_139158_2	69	320	252	1	0.706	11	AGGAGG	GENOMAD.104311.VV	1.802e-07	49	0	0	1	1	NA	NA	NA	PF08273;TIGR01391;COG0358	Zinc-binding domain of primase-helicase
k127_385303_1	3	365	363	1	0.691	11	None	GENOMAD.068048.VV	1.747e-14	71	0	0	1	2561	Caudoviricetes	NA	NA	PF20307;TIGR03600;K02314;COG0305	phage replicative helicase, DnaB family, HK022 subfamily
k127_201064_1	2	349	348	-1	0.707	11	GGA/GAG/AGG	GENOMAD.067736.VV	8.586e-12	63	0	0	0	2561	Caudoviricetes	NA	NA	PF00709;PF13186;COG0104;TIGR00184	Adenylosuccinate synthase
k127_201064_2	391	858	468	-1	0.654	11	None	GENOMAD.068048.VV	4.722e-17	80	0	0	1	2561	Caudoviricetes	NA	NA	PF20307;TIGR03600;K02314;COG0305	phage replicative helicase, DnaB family, HK022 subfamily
k127_16464_1	3	314	312	-1	0.660	11	None	GENOMAD.129169.VV	3.254e-09	55	0	0	1	2561	Caudoviricetes	NA	NA	COG4675	Microcystin-dependent protein  (function unknown)
k127_386138_1	1	177	177	1	0.655	11	None	GENOMAD.089042.VV	4.723e-16	72	0	0	1	2561	Caudoviricetes	NA	NA	COG5301	NA
k127_386138_2	199	312	114	1	0.667	11	AGGAG	NA	NA	NA	0	0	0	1	NA	NA	NA	NA	NA
k127_140332_1	2	892	891	1	0.750	11	None	GENOMAD.013210.VV	4.041e-21	97	0	0	1	2561	Caudoviricetes	NA	NA	PF00211;PF08994;PF08993;COG2114	Adenylate and Guanylate cyclase catalytic domain; T4 gene Gp59 loader of gp41 DNA helicase C-term; T4 gene Gp59 loader of gp41 DNA helicase
k127_17570_1	3	413	411	-1	0.681	11	None	GENOMAD.013210.VV	7.024e-14	70	0	0	1	2561	Caudoviricetes	NA	NA	PF00211;PF08994;PF08993;COG2114	Adenylate and Guanylate cyclase catalytic domain; T4 gene Gp59 loader of gp41 DNA helicase C-term; T4 gene Gp59 loader of gp41 DNA helicase
k127_387129_1	160	417	258	1	0.504	11	AGGA	GENOMAD.124223.VV	0.0002629	40	0	0	1	1	NA	NA	NA	PF06892;TIGR02147;COG1476;K22299	TIGR02147 family protein
k127_387322_1	2	481	480	-1	0.706	11	None	GENOMAD.130062.VP	8.846e-48	169	0	0	1	2561	Caudoviricetes	NA	NA	PF17288;COG5410	Phage terminase large subunit
k127_449072_1	2	322	321	-1	0.695	11	None	GENOMAD.023991.VV	1.618e-25	102	0	0	1	2561	Caudoviricetes	NA	NA	COG5410	Mu-like prophage FluMu protein gp28
k127_141542_1	3	413	411	1	0.569	11	None	GENOMAD.054986.VV	4.956e-08	53	0	0	1	2561	Caudoviricetes	NA	NA	PF09293	T4 RNase H, C terminal
k127_265011_1	2	2209	2208	-1	0.463	11	AGGAG(G)/GGAGG	NA	NA	NA	0	0	0	1	NA	NA	NA	NA	NA
k127_265011_2	2481	3134	654	-1	0.408	11	None	NA	NA	NA	0	0	0	1	NA	NA	NA	NA	NA
k127_265011_3	3131	3481	351	-1	0.439	11	GGA/GAG/AGG	NA	NA	NA	0	0	0	1	NA	NA	NA	NA	NA
k127_265011_4	3504	4022	519	-1	0.414	11	GGA/GAG/AGG	NA	NA	NA	0	0	0	1	NA	NA	NA	NA	NA
k127_265011_5	4009	6240	2232	-1	0.422	11	GGAG/GAGG	GENOMAD.219818.VP	0.0001161	48	0	0	0	2561	Caudoviricetes	NA	NA	PF02914	Bacteriophage Mu transposase
k127_388006_1	3	599	597	-1	0.769	11	None	GENOMAD.013210.VV	6.621e-22	96	0	0	1	2561	Caudoviricetes	NA	NA	PF00211;PF08994;PF08993;COG2114	Adenylate and Guanylate cyclase catalytic domain; T4 gene Gp59 loader of gp41 DNA helicase C-term; T4 gene Gp59 loader of gp41 DNA helicase
k127_18755_1	3	323	321	-1	0.511	11	None	GENOMAD.032636.VV	8.116e-09	54	0	0	1	2561	Caudoviricetes	NA	NA	PF20307;PF07486;TIGR02239;COG0468;K18947	Divergent DnaB-like ATPase; Cell Wall Hydrolase
k127_573285_1	2	355	354	1	0.720	11	None	GENOMAD.053137.VV	1.555e-14	71	0	0	1	2561	Caudoviricetes	NA	NA	PF17482	Phage tail sheath C-terminal domain
k127_19732_1	2	169	168	1	0.571	11	None	NA	NA	NA	0	0	0	1	NA	NA	NA	NA	NA
k127_19732_2	156	1082	927	-1	0.618	11	None	GENOMAD.068048.VV	8.576e-15	78	0	0	1	2561	Caudoviricetes	NA	NA	PF20307;TIGR03600;K02314;COG0305	phage replicative helicase, DnaB family, HK022 subfamily
k127_19805_1	3	428	426	-1	0.692	11	None	GENOMAD.218988.VP	0.0006791	41	0	0	1	1	NA	NA	NA	PF09293	T4 RNase H, C terminal
k127_573915_1	1	336	336	1	0.729	11	None	GENOMAD.004221.VV	0.000137	42	0	0	1	2561	Caudoviricetes	NA	NA	PF09293	T4 RNase H, C terminal
k127_204996_1	1	339	339	1	0.652	11	None	GENOMAD.208864.VP	1.561e-28	111	0	0	1	2561	Caudoviricetes	NA	NA	PF19307;TIGR01554;COG4653	Phage capsid-like protein
k127_267723_1	3	302	300	-1	0.693	11	None	GENOMAD.060259.VV	1.689e-06	47	0	0	1	2561	Caudoviricetes	NA	NA	PF20307;TIGR02236;COG0468;K04484	Divergent DnaB-like ATPase
k127_21716_1	3	329	327	-1	0.670	11	None	GENOMAD.070325.VV	2.539e-05	44	0	0	1	1	NA	NA	NA	PF09293	T4 RNase H, C terminal
k127_329195_1	3	479	477	-1	0.681	11	None	GENOMAD.193019.VV	1.473e-13	70	0	0	1	2561	Caudoviricetes	NA	NA	PF17541;COG3497;TIGR02243	Phage tail sheath protein FI
k127_269589_1	3	356	354	-1	0.712	11	None	GENOMAD.029783.VV	6.991e-15	72	0	0	1	2561	Caudoviricetes	NA	NA	PF05894	NA
k127_576973_1	2	469	468	1	0.703	11	None	GENOMAD.013210.VV	7.741e-10	59	0	0	1	2561	Caudoviricetes	NA	NA	PF00211;PF08994;PF08993;COG2114	Adenylate and Guanylate cyclase catalytic domain; T4 gene Gp59 loader of gp41 DNA helicase C-term; T4 gene Gp59 loader of gp41 DNA helicase
k127_146578_1	1	309	309	-1	0.696	11	None	GENOMAD.127022.VV	1.126e-19	85	0	0	1	2561	Caudoviricetes	NA	NA	PF04586;K06904;COG3740;TIGR01543	Phage head maturation protease
k127_270426_1	1	327	327	1	0.728	11	None	GENOMAD.119462.VV	1.769e-09	56	0	0	1	2561	Caudoviricetes	NA	NA	TIGR01543	phage prohead protease, HK97 family
k127_86139_1	3	191	189	-1	0.704	11	AGxAGG/AGGxGG	NA	NA	NA	0	0	0	1	NA	NA	NA	NA	NA
k127_86139_2	136	393	258	-1	0.671	11	None	GENOMAD.225687.VP	2.15e-13	66	0	0	1	1	NA	NA	NA	PF05119;COG3747;TIGR01558	Phage terminase, small subunit
k127_209054_1	2	733	732	-1	0.596	11	None	GENOMAD.013210.VV	1.06e-23	103	0	0	1	2561	Caudoviricetes	NA	NA	PF00211;PF08994;PF08993;COG2114	Adenylate and Guanylate cyclase catalytic domain; T4 gene Gp59 loader of gp41 DNA helicase C-term; T4 gene Gp59 loader of gp41 DNA helicase
k127_515275_1	2	475	474	-1	0.622	11	None	GENOMAD.169508.VP	4.239e-07	51	0	0	1	2561	Caudoviricetes	NA	NA	PF04708;PF13262;COG1961;K14060	Site-specific DNA recombinase related to the DNA invertase Pin
k127_331029_1	3	806	804	1	0.695	11	None	GENOMAD.154319.VP	4.606e-05	47	0	0	1	2561	Caudoviricetes	NA	NA	PF05876;K21512;COG5525	Phage terminase, large subunit GpA
k127_455367_1	1	693	693	-1	0.737	11	None	GENOMAD.068590.VV	3.322e-24	104	0	0	1	2561	Caudoviricetes	NA	NA	PF13871;PF11242;K11654;TIGR00721	C-terminal domain on Strawberry notch homologue
k127_209844_1	1	465	465	-1	0.744	11	GGAG/GAGG	GENOMAD.062910.VV	0.0001935	43	0	0	1	2561	Caudoviricetes	NA	NA	PF11242;TIGR02844;K06283;COG4584	sporulation transcriptional regulator SpoIIID
k127_394878_1	1	525	525	1	0.665	11	None	GENOMAD.013210.VV	1.203e-33	129	0	0	1	2561	Caudoviricetes	NA	NA	PF00211;PF08994;PF08993;COG2114	Adenylate and Guanylate cyclase catalytic domain; T4 gene Gp59 loader of gp41 DNA helicase C-term; T4 gene Gp59 loader of gp41 DNA helicase
k127_272204_1	2	394	393	1	0.677	11	None	GENOMAD.068590.VV	3.023e-12	65	0	0	1	2561	Caudoviricetes	NA	NA	PF13871;PF11242;K11654;TIGR00721	C-terminal domain on Strawberry notch homologue
k127_272247_1	1	141	141	1	0.433	11	None	NA	NA	NA	0	0	0	1	NA	NA	NA	NA	NA
k127_272247_2	974	1528	555	-1	0.371	11	ATA	NA	NA	NA	0	0	0	1	NA	NA	NA	NA	NA
k127_272247_3	1821	2108	288	-1	0.368	11	ATA	NA	NA	NA	0	0	0	1	NA	NA	NA	NA	NA
k127_272247_4	2545	2715	171	-1	0.287	11	TAT	NA	NA	NA	0	0	0	1	NA	NA	NA	NA	NA
k127_516939_1	47	277	231	-1	0.801	11	None	GENOMAD.124435.VP	3.635e-05	42	0	0	1	2561	Caudoviricetes	NA	NA	PF05069;TIGR01725;COG5005	phage protein, HK97 gp10 family
k127_579845_1	548	1651	1104	-1	0.352	11	TATA	GENOMAD.075938.VV	3.534e-42	162	0	0	0	1	NA	NA	NA	PF13524	NA
k127_579845_2	1843	2772	930	-1	0.357	11	TATAT	GENOMAD.108649.VV	4.533e-08	57	0	0	0	2561	Caudoviricetes	NA	NA	PF08659;K02473;TIGR01472;COG1091	GDP-mannose 4,6-dehydratase
k127_333208_1	1	522	522	-1	0.741	11	GGxGG	GENOMAD.016757.VV	1.217e-10	62	0	0	1	2561	Caudoviricetes	NA	NA	COG5410	NA
k127_333208_2	519	815	297	-1	0.761	11	None	GENOMAD.147427.VP	1.731e-05	44	0	0	1	2561	Caudoviricetes	NA	NA	PF07141	Putative bacteriophage terminase small subunit
k127_273322_1	3	380	378	1	0.685	11	None	GENOMAD.086341.VV	4.301e-05	44	0	0	1	2561	Caudoviricetes	NA	NA	PF06199;TIGR02126	Phage tail tube protein
k127_518045_1	40	321	282	-1	0.713	11	None	GENOMAD.082189.VV	8.457e-11	59	0	0	1	2561	Caudoviricetes	NA	NA	PF00959;COG3772	Phage-related lysozyme (muramidase), GH24 family
k127_334286_1	1	99	99	-1	0.677	11	GGAGG	NA	NA	NA	0	0	0	1	NA	NA	NA	NA	NA
k127_334286_2	96	497	402	-1	0.689	11	GGA/GAG/AGG	GENOMAD.047463.VV	1.989e-08	54	0	0	1	2561	Caudoviricetes	NA	NA	PF04965;COG3628;K21530;TIGR03357	Phage baseplate assembly protein W
k127_334286_3	510	599	90	-1	0.633	11	None	NA	NA	NA	0	0	0	1	NA	NA	NA	NA	NA
k127_518644_1	1	393	393	1	0.595	11	None	GENOMAD.196650.VP	1.605e-10	60	0	0	1	2561	Caudoviricetes	NA	NA	PF05367;TIGR04104	Phage endonuclease I
k127_213218_1	2	379	378	1	0.675	11	None	GENOMAD.062972.VV	1.586e-08	54	0	0	1	2561	Caudoviricetes	NA	NA	PF16510	Phage P22-like portal protein
k127_459358_1	2	418	417	1	0.662	11	None	GENOMAD.149681.VV	1.283e-05	46	0	0	1	1	NA	NA	NA	PF11242	NA
k127_275589_1	1	303	303	1	0.660	11	None	GENOMAD.053100.VV	2.981e-32	121	0	0	1	1	NA	NA	NA	PF16510	Phage P22-like portal protein
k127_459880_1	2	817	816	1	0.651	11	None	GENOMAD.068048.VV	1.028e-15	80	0	0	1	2561	Caudoviricetes	NA	NA	PF20307;TIGR03600;K02314;COG0305	phage replicative helicase, DnaB family, HK022 subfamily
k127_459880_2	932	1315	384	1	0.531	11	None	NA	NA	NA	0	0	0	1	NA	NA	NA	NA	NA
k127_91067_1	1	333	333	1	0.736	11	None	GENOMAD.068439.VV	1.431e-12	65	0	0	1	2561	Caudoviricetes	NA	NA	PF12236	Bacteriophage head to tail connecting protein
k127_335983_1	3	839	837	1	0.472	11	None	GENOMAD.013210.VV	1.811e-34	136	0	0	1	2561	Caudoviricetes	NA	NA	PF00211;PF08994;PF08993;COG2114	Adenylate and Guanylate cyclase catalytic domain; T4 gene Gp59 loader of gp41 DNA helicase C-term; T4 gene Gp59 loader of gp41 DNA helicase
k127_91797_1	1	459	459	-1	0.747	11	None	GENOMAD.182548.VP	0.0008642	41	0	0	1	6064	Autographiviridae	NA	NA	PF17879	DNA ligase C-terminal domain
k127_461544_1	1	477	477	1	0.618	11	None	GENOMAD.124078.VV	4.345e-07	51	0	0	1	2561	Caudoviricetes	NA	NA	PF04586;COG3740;K06904;TIGR01543	Phage head maturation protease
k127_215669_1	1	471	471	1	0.684	11	None	GENOMAD.026355.VV	1.474e-12	67	0	0	1	2561	Caudoviricetes	NA	NA	PF20307;TIGR02238	Divergent DnaB-like ATPase
k127_521509_1	1	825	825	1	0.731	11	None	GENOMAD.068590.VV	2.818e-38	147	0	0	1	2561	Caudoviricetes	NA	NA	PF13871;PF11242;K11654;TIGR00721	C-terminal domain on Strawberry notch homologue
k127_337925_1	1	198	198	-1	0.677	11	GGAG/GAGG	NA	NA	NA	0	0	0	1	NA	NA	NA	NA	NA
k127_337925_2	241	957	717	-1	0.674	11	None	GENOMAD.068048.VV	1.113e-15	79	0	0	1	2561	Caudoviricetes	NA	NA	PF20307;TIGR03600;K02314;COG0305	phage replicative helicase, DnaB family, HK022 subfamily
k127_522186_1	1	738	738	1	0.669	11	None	GENOMAD.068048.VV	1.295e-16	82	0	0	1	2561	Caudoviricetes	NA	NA	PF20307;TIGR03600;K02314;COG0305	phage replicative helicase, DnaB family, HK022 subfamily
k127_156056_1	2	319	318	1	0.569	11	None	GENOMAD.053137.VV	1.508e-17	79	0	0	1	2561	Caudoviricetes	NA	NA	PF17482	Phage tail sheath C-terminal domain
k127_280045_1	1	348	348	1	0.612	11	None	GENOMAD.068048.VV	3.516e-13	67	0	0	1	2561	Caudoviricetes	NA	NA	PF20307;TIGR03600;K02314;COG0305	phage replicative helicase, DnaB family, HK022 subfamily
k127_32977_1	72	386	315	-1	0.556	11	None	GENOMAD.068048.VV	7.96e-16	74	0	0	1	2561	Caudoviricetes	NA	NA	PF20307;TIGR03600;K02314;COG0305	phage replicative helicase, DnaB family, HK022 subfamily
k127_156362_1	3	182	180	-1	0.672	11	GGA/GAG/AGG	NA	NA	NA	0	0	0	1	NA	NA	NA	NA	NA
k127_156362_2	275	853	579	-1	0.639	11	None	GENOMAD.068048.VV	8.078e-14	72	0	0	1	2561	Caudoviricetes	NA	NA	PF20307;TIGR03600;K02314;COG0305	phage replicative helicase, DnaB family, HK022 subfamily
k127_157005_1	2	586	585	1	0.615	11	None	GENOMAD.068048.VV	3.756e-15	76	0	0	1	2561	Caudoviricetes	NA	NA	PF20307;TIGR03600;K02314;COG0305	phage replicative helicase, DnaB family, HK022 subfamily
k127_341259_1	3	512	510	-1	0.569	11	AGGAG/GGAGG	GENOMAD.025766.VV	2.638e-05	46	0	0	1	2561	Caudoviricetes	NA	NA	PF03354;COG4373;TIGR01547	Mu-like prophage FluMu protein gp28
k127_341259_2	502	756	255	-1	0.592	11	None	NA	NA	NA	0	0	0	1	NA	NA	NA	NA	NA
k127_282217_1	3	362	360	-1	0.711	11	None	GENOMAD.068048.VV	9.107e-13	66	0	0	1	2561	Caudoviricetes	NA	NA	PF20307;TIGR03600;K02314;COG0305	phage replicative helicase, DnaB family, HK022 subfamily
k127_220875_1	2	514	513	-1	0.610	11	None	GENOMAD.068048.VV	1.898e-15	76	0	0	1	2561	Caudoviricetes	NA	NA	PF20307;TIGR03600;K02314;COG0305	phage replicative helicase, DnaB family, HK022 subfamily
k127_98359_1	2	376	375	1	0.763	11	None	GENOMAD.098843.VV	8.632e-06	46	0	0	1	2561	Caudoviricetes	NA	NA	TIGR01537;COG4695	phage portal protein, HK97 family
k127_343268_1	1	180	180	1	0.600	11	None	NA	NA	NA	0	0	0	1	NA	NA	NA	NA	NA
k127_343268_2	390	1556	1167	1	0.602	11	GGAG/GAGG	GENOMAD.013210.VV	2.291e-23	106	0	0	1	2561	Caudoviricetes	NA	NA	PF00211;PF08994;PF08993;COG2114	Adenylate and Guanylate cyclase catalytic domain; T4 gene Gp59 loader of gp41 DNA helicase C-term; T4 gene Gp59 loader of gp41 DNA helicase
k127_99182_1	2	247	246	-1	0.467	11	None	NA	NA	NA	0	0	0	1	NA	NA	NA	NA	NA
k127_99182_2	340	828	489	-1	0.515	11	None	GENOMAD.165534.VV	1.233e-17	82	0	0	1	1	NA	NA	NA	PF05367	Phage endonuclease I
k127_343671_1	56	523	468	1	0.667	11	GGAGG	GENOMAD.063098.VV	3.929e-07	51	0	0	1	2561	Caudoviricetes	NA	NA	PF11126	Transcriptional regulator DsbA
k127_527917_1	2	409	408	1	0.652	11	None	GENOMAD.026355.VV	3.6e-12	65	0	0	1	2561	Caudoviricetes	NA	NA	PF20307;TIGR02238	Divergent DnaB-like ATPase
k127_591420_1	2	451	450	1	0.704	11	None	GENOMAD.071900.VV	5.688e-48	169	0	0	1	2561	Caudoviricetes	NA	NA	PF13479;TIGR01618;COG2087;K04484	phage nucleotide-binding protein
k127_100328_1	2	430	429	-1	0.716	11	None	GENOMAD.053137.VV	4.409e-22	94	0	0	1	2561	Caudoviricetes	NA	NA	PF17482	Phage tail sheath C-terminal domain
k127_100883_1	1	903	903	-1	0.618	11	None	GENOMAD.032636.VV	1.612e-14	77	0	0	1	2561	Caudoviricetes	NA	NA	PF20307;PF07486;TIGR02239;COG0468;K18947	Divergent DnaB-like ATPase; Cell Wall Hydrolase
k127_224111_1	1	444	444	1	0.725	11	None	GENOMAD.068590.VV	4.655e-14	71	0	0	1	2561	Caudoviricetes	NA	NA	PF13871;PF11242;K11654;TIGR00721	C-terminal domain on Strawberry notch homologue
k127_39403_1	100	834	735	-1	0.722	11	None	GENOMAD.068590.VV	2.73e-14	75	0	0	1	2561	Caudoviricetes	NA	NA	PF13871;PF11242;K11654;TIGR00721	C-terminal domain on Strawberry notch homologue
k127_593392_1	3	941	939	-1	0.661	11	GGAG/GAGG	GENOMAD.169508.VP	1.237e-26	114	0	0	1	2561	Caudoviricetes	NA	NA	PF04708;PF13262;COG1961;K14060	Site-specific DNA recombinase related to the DNA invertase Pin
k127_593392_2	947	1501	555	-1	0.694	11	GGAG/GAGG	NA	NA	NA	0	0	0	1	NA	NA	NA	NA	NA
k127_593392_3	1506	1727	222	-1	0.730	11	None	NA	NA	NA	0	0	0	1	NA	NA	NA	NA	NA
k127_347071_1	20	1054	1035	-1	0.751	11	None	GENOMAD.068590.VV	1.547e-46	174	0	0	1	2561	Caudoviricetes	NA	NA	PF13871;PF11242;K11654;TIGR00721	C-terminal domain on Strawberry notch homologue
k127_102805_1	3	353	351	1	0.724	11	None	GENOMAD.072479.VV	6.226e-07	49	0	0	1	1	NA	NA	NA	PF20198	Sm_like domain
k127_593965_1	1	387	387	1	0.695	11	None	GENOMAD.068048.VV	5.524e-13	67	0	0	1	2561	Caudoviricetes	NA	NA	PF20307;TIGR03600;K02314;COG0305	phage replicative helicase, DnaB family, HK022 subfamily
k127_593965_2	374	628	255	1	0.745	11	GGA/GAG/AGG	NA	NA	NA	0	0	0	1	NA	NA	NA	NA	NA
k127_40990_1	2	352	351	-1	0.707	11	None	GENOMAD.068048.VV	1.069e-09	57	0	0	1	2561	Caudoviricetes	NA	NA	PF20307;TIGR03600;K02314;COG0305	phage replicative helicase, DnaB family, HK022 subfamily
k127_226585_1	1	630	630	1	0.710	11	None	GENOMAD.042265.VV	5.446e-06	49	0	0	1	2561	Caudoviricetes	NA	NA	PF20307;TIGR02237;COG0468;K04485	Divergent DnaB-like ATPase
k127_347658_1	3	632	630	1	0.711	11	None	GENOMAD.101146.VC	5.142e-05	46	0	0	1	2561	Caudoviricetes	NA	NA	PF09293;TIGR00593;K18950;COG0258	DNA polymerase I
k127_165240_1	3	332	330	-1	0.770	11	None	GENOMAD.004420.VV	1.245e-21	91	0	0	1	2561	Caudoviricetes	NA	NA	PF20441;COG5362	Terminase large subunit, endonuclease domain
k127_104499_1	1	126	126	-1	0.429	11	GGA/GAG/AGG	NA	NA	NA	0	0	0	1	NA	NA	NA	NA	NA
k127_104499_2	142	777	636	-1	0.388	11	None	GENOMAD.013210.VV	3.246e-27	112	0	0	1	2561	Caudoviricetes	NA	NA	PF00211;PF08994;PF08993;COG2114	Adenylate and Guanylate cyclase catalytic domain; T4 gene Gp59 loader of gp41 DNA helicase C-term; T4 gene Gp59 loader of gp41 DNA helicase
k127_165736_1	1	117	117	-1	0.675	11	GGGGG	NA	NA	NA	0	0	0	1	NA	NA	NA	NA	NA
k127_165736_2	136	702	567	-1	0.642	11	None	GENOMAD.060259.VV	3.829e-07	52	0	0	1	2561	Caudoviricetes	NA	NA	PF20307;TIGR02236;COG0468;K04484	Divergent DnaB-like ATPase
k127_289605_1	86	793	708	-1	0.576	11	GGA/GAG/AGG	GENOMAD.065293.VV	3.632e-06	50	0	0	0	2561	Caudoviricetes	NA	NA	PF00226;K05516;TIGR02349;COG0484	chaperone protein DnaJ
k127_289605_2	796	1470	675	-1	0.582	11	AGGAG/GGAGG	NA	NA	NA	0	0	0	1	NA	NA	NA	NA	NA
k127_289605_3	1548	3455	1908	-1	0.603	11	AGGAG	NA	NA	NA	0	0	0	1	NA	NA	NA	NA	NA
k127_289605_4	3541	3726	186	-1	0.570	11	GGA/GAG/AGG	NA	NA	NA	0	0	0	1	NA	NA	NA	NA	NA
k127_289605_5	3914	4027	114	-1	0.553	11	None	NA	NA	NA	0	0	0	1	NA	NA	NA	NA	NA
k127_533438_1	3	395	393	1	0.728	11	None	GENOMAD.068590.VV	2.779e-13	68	0	0	1	2561	Caudoviricetes	NA	NA	PF13871;PF11242;K11654;TIGR00721	C-terminal domain on Strawberry notch homologue
k127_412582_1	2	124	123	-1	0.667	11	GGA/GAG/AGG	NA	NA	NA	0	0	0	1	NA	NA	NA	NA	NA
k127_412582_2	121	438	318	-1	0.613	11	None	GENOMAD.068048.VV	8.302e-16	74	0	0	1	2561	Caudoviricetes	NA	NA	PF20307;TIGR03600;K02314;COG0305	phage replicative helicase, DnaB family, HK022 subfamily
k127_105441_1	56	394	339	-1	0.611	11	None	GENOMAD.068048.VV	2.726e-14	70	0	0	1	2561	Caudoviricetes	NA	NA	PF20307;TIGR03600;K02314;COG0305	phage replicative helicase, DnaB family, HK022 subfamily
k127_229298_1	1	411	411	1	0.686	11	None	GENOMAD.068048.VV	4.643e-09	56	0	0	1	2561	Caudoviricetes	NA	NA	PF20307;TIGR03600;K02314;COG0305	phage replicative helicase, DnaB family, HK022 subfamily
k127_44706_1	2	304	303	1	0.703	11	None	GENOMAD.072479.VV	4.285e-05	43	0	0	1	1	NA	NA	NA	PF20198	Sm_like domain
k127_534940_1	3	659	657	-1	0.760	11	None	GENOMAD.013210.VV	4.499e-26	109	0	0	1	2561	Caudoviricetes	NA	NA	PF00211;PF08994;PF08993;COG2114	Adenylate and Guanylate cyclase catalytic domain; T4 gene Gp59 loader of gp41 DNA helicase C-term; T4 gene Gp59 loader of gp41 DNA helicase
k127_230408_1	113	1147	1035	-1	0.677	11	None	GENOMAD.062910.VV	1.821e-05	49	0	0	1	2561	Caudoviricetes	NA	NA	PF11242;TIGR02844;K06283;COG4584	sporulation transcriptional regulator SpoIIID
k127_476682_1	1	768	768	-1	0.660	11	None	GENOMAD.068048.VV	1.539e-12	70	0	0	1	2561	Caudoviricetes	NA	NA	PF20307;TIGR03600;K02314;COG0305	phage replicative helicase, DnaB family, HK022 subfamily
k127_45886_1	1	480	480	1	0.698	11	None	GENOMAD.194288.VP	2.137e-05	46	0	0	1	2561	Caudoviricetes	NA	NA	PF11242;TIGR02844;COG2826	sporulation transcriptional regulator SpoIIID
k127_292801_1	1	465	465	-1	0.665	11	None	GENOMAD.060259.VV	1.863e-06	49	0	0	1	2561	Caudoviricetes	NA	NA	PF20307;TIGR02236;COG0468;K04484	Divergent DnaB-like ATPase
k127_599301_1	1	519	519	-1	0.605	11	None	GENOMAD.054986.VV	1.262e-08	56	0	0	1	2561	Caudoviricetes	NA	NA	PF09293	T4 RNase H, C terminal
k127_293126_1	56	463	408	-1	0.669	11	None	GENOMAD.149681.VV	5.516e-05	44	0	0	1	1	NA	NA	NA	PF11242	NA
k127_169612_1	1	327	327	1	0.722	11	None	GENOMAD.034157.VV	1.064e-30	117	0	0	1	2561	Caudoviricetes	NA	NA	PF20441;PF03354;COG4626;TIGR01547	Phage terminase-like protein, large subunit, contains N-terminal HTH domain
k127_293488_1	3	410	408	1	0.721	11	None	GENOMAD.068590.VV	1.627e-12	66	0	0	1	2561	Caudoviricetes	NA	NA	PF13871;PF11242;K11654;TIGR00721	C-terminal domain on Strawberry notch homologue
k127_293496_1	2	523	522	-1	0.703	11	None	GENOMAD.013210.VV	6.777e-21	92	0	0	1	2561	Caudoviricetes	NA	NA	PF00211;PF08994;PF08993;COG2114	Adenylate and Guanylate cyclase catalytic domain; T4 gene Gp59 loader of gp41 DNA helicase C-term; T4 gene Gp59 loader of gp41 DNA helicase
k127_169832_1	2	424	423	1	0.721	11	None	GENOMAD.124435.VP	2.826e-26	106	0	0	1	2561	Caudoviricetes	NA	NA	PF05069;TIGR01725;COG5005	phage protein, HK97 gp10 family
k127_232548_1	1	450	450	1	0.711	11	None	GENOMAD.060259.VV	7.999e-05	44	0	0	1	2561	Caudoviricetes	NA	NA	PF20307;TIGR02236;COG0468;K04484	Divergent DnaB-like ATPase
k127_416351_1	1	666	666	-1	0.662	11	GGAGG	GENOMAD.013210.VV	1.699e-11	66	0	0	1	2561	Caudoviricetes	NA	NA	PF00211;PF08994;PF08993;COG2114	Adenylate and Guanylate cyclase catalytic domain; T4 gene Gp59 loader of gp41 DNA helicase C-term; T4 gene Gp59 loader of gp41 DNA helicase
k127_170313_1	1	657	657	-1	0.680	11	None	GENOMAD.068048.VV	1.448e-17	84	0	0	1	2561	Caudoviricetes	NA	NA	PF20307;TIGR03600;K02314;COG0305	phage replicative helicase, DnaB family, HK022 subfamily
k127_478614_1	2	490	489	-1	0.699	11	None	GENOMAD.042265.VV	1.014e-07	53	0	0	1	2561	Caudoviricetes	NA	NA	PF20307;TIGR02237;COG0468;K04485	Divergent DnaB-like ATPase
k127_537627_1	2	364	363	1	0.678	11	None	GENOMAD.208864.VP	2.239e-36	134	0	0	1	2561	Caudoviricetes	NA	NA	PF19307;TIGR01554;COG4653	Phage capsid-like protein
k127_294572_1	1	333	333	-1	0.667	11	None	GENOMAD.068048.VV	1.176e-14	71	0	0	1	2561	Caudoviricetes	NA	NA	PF20307;TIGR03600;K02314;COG0305	phage replicative helicase, DnaB family, HK022 subfamily
k127_294709_1	2	79	78	-1	0.705	11	GGAG/GAGG	NA	NA	NA	0	0	0	1	NA	NA	NA	NA	NA
k127_294709_2	89	406	318	-1	0.651	11	None	GENOMAD.068048.VV	1.851e-15	73	0	0	1	2561	Caudoviricetes	NA	NA	PF20307;TIGR03600;K02314;COG0305	phage replicative helicase, DnaB family, HK022 subfamily
k127_233651_1	1	684	684	1	0.740	11	None	GENOMAD.068590.VV	6.317e-25	106	0	0	1	2561	Caudoviricetes	NA	NA	PF13871;PF11242;K11654;TIGR00721	C-terminal domain on Strawberry notch homologue
k127_48470_1	2	64	63	-1	0.698	11	None	NA	NA	NA	0	0	0	1	NA	NA	NA	NA	NA
k127_48470_2	64	921	858	-1	0.663	11	None	GENOMAD.032636.VV	1.275e-14	77	0	0	1	2561	Caudoviricetes	NA	NA	PF20307;PF07486;TIGR02239;COG0468;K18947	Divergent DnaB-like ATPase; Cell Wall Hydrolase
k127_295291_1	1	441	441	1	0.703	11	None	GENOMAD.195568.VP	3.028e-08	54	0	0	1	2561	Caudoviricetes	NA	NA	PF20025;PF01331;K18951;TIGR04120;COG1793	DNA ligase, ATP-dependent, PP_1105 family
k127_172668_1	1	498	498	-1	0.329	11	None	GENOMAD.013210.VV	7.349e-16	77	0	0	1	2561	Caudoviricetes	NA	NA	PF00211;PF08994;PF08993;COG2114	Adenylate and Guanylate cyclase catalytic domain; T4 gene Gp59 loader of gp41 DNA helicase C-term; T4 gene Gp59 loader of gp41 DNA helicase
k127_296402_1	2	307	306	1	0.660	11	None	GENOMAD.068048.VV	3.485e-15	72	0	0	1	2561	Caudoviricetes	NA	NA	PF20307;TIGR03600;K02314;COG0305	phage replicative helicase, DnaB family, HK022 subfamily
k127_296402_2	304	387	84	1	0.655	11	None	NA	NA	NA	0	0	0	1	NA	NA	NA	NA	NA
k127_49723_1	2	847	846	1	0.682	11	None	GENOMAD.013210.VV	1.352e-19	92	0	0	1	2561	Caudoviricetes	NA	NA	PF00211;PF08994;PF08993;COG2114	Adenylate and Guanylate cyclase catalytic domain; T4 gene Gp59 loader of gp41 DNA helicase C-term; T4 gene Gp59 loader of gp41 DNA helicase
k127_49903_1	1	309	309	1	0.670	11	None	GENOMAD.068048.VV	4.469e-13	66	0	0	1	2561	Caudoviricetes	NA	NA	PF20307;TIGR03600;K02314;COG0305	phage replicative helicase, DnaB family, HK022 subfamily
k127_49903_2	309	539	231	1	0.723	11	None	NA	NA	NA	0	0	0	1	NA	NA	NA	NA	NA
k127_112201_1	1	327	327	-1	0.697	11	None	GENOMAD.068048.VV	1.198e-13	68	0	0	1	2561	Caudoviricetes	NA	NA	PF20307;TIGR03600;K02314;COG0305	phage replicative helicase, DnaB family, HK022 subfamily
k127_235929_1	3	392	390	1	0.710	11	None	GENOMAD.158172.VP	1.714e-18	83	0	0	1	2561	Caudoviricetes	NA	NA	PF04466;TIGR01547;COG5323	phage terminase, large subunit, PBSX family
k127_540421_1	2	919	918	1	0.734	11	None	GENOMAD.068590.VV	2.149e-29	122	0	0	1	2561	Caudoviricetes	NA	NA	PF13871;PF11242;K11654;TIGR00721	C-terminal domain on Strawberry notch homologue
k127_297384_1	3	359	357	-1	0.723	11	None	GENOMAD.154824.VP	9.611e-12	63	0	0	1	2561	Caudoviricetes	NA	NA	PF07141;TIGR00721;COG4584	Putative bacteriophage terminase small subunit
k127_604731_1	3	764	762	1	0.726	11	None	GENOMAD.068590.VV	1.138e-41	156	0	0	1	2561	Caudoviricetes	NA	NA	PF13871;PF11242;K11654;TIGR00721	C-terminal domain on Strawberry notch homologue
k127_237498_1	3	503	501	1	0.705	11	None	GENOMAD.068590.VV	3.679e-15	75	0	0	1	2561	Caudoviricetes	NA	NA	PF13871;PF11242;K11654;TIGR00721	C-terminal domain on Strawberry notch homologue
k127_421295_1	2	514	513	1	0.651	11	None	GENOMAD.060259.VV	0.000124	44	0	0	1	2561	Caudoviricetes	NA	NA	PF20307;TIGR02236;COG0468;K04484	Divergent DnaB-like ATPase
k127_175496_1	1	522	522	-1	0.722	11	None	GENOMAD.013210.VV	4.051e-17	81	0	0	1	2561	Caudoviricetes	NA	NA	PF00211;PF08994;PF08993;COG2114	Adenylate and Guanylate cyclase catalytic domain; T4 gene Gp59 loader of gp41 DNA helicase C-term; T4 gene Gp59 loader of gp41 DNA helicase
k127_114817_1	3	851	849	1	0.456	11	None	GENOMAD.104669.VV	0.0002205	45	0	0	1	2561	Caudoviricetes	NA	NA	PF13479;TIGR01618;COG0468;K04484	phage nucleotide-binding protein
k127_299589_1	3	317	315	-1	0.670	11	None	GENOMAD.068048.VV	9.194e-15	71	0	0	1	2561	Caudoviricetes	NA	NA	PF20307;TIGR03600;K02314;COG0305	phage replicative helicase, DnaB family, HK022 subfamily
k127_239954_1	2	394	393	-1	0.641	11	None	GENOMAD.212786.VV	4.685e-06	47	0	0	1	2561	Caudoviricetes	NA	NA	PF20307;PF00772;TIGR00665;K02314;COG0305	replicative DNA helicase
k127_116581_1	1	846	846	1	0.738	11	None	GENOMAD.123622.VP	1.322e-23	104	0	0	1	2561	Caudoviricetes	NA	NA	PF04586;PF03354;COG4626;K06904;TIGR01543	Phage terminase-like protein, large subunit, contains N-terminal HTH domain
k127_54649_1	1	300	300	1	0.627	11	None	GENOMAD.152240.VV	6.207e-09	54	0	0	1	2561	Caudoviricetes	NA	NA	COG4675	Microcystin-dependent protein  (function unknown)
k127_361233_1	1	636	636	1	0.687	11	None	GENOMAD.042265.VV	1.338e-08	57	0	0	1	2561	Caudoviricetes	NA	NA	PF20307;TIGR02237;COG0468;K04485	Divergent DnaB-like ATPase
k127_424247_1	1	462	462	-1	0.677	11	None	GENOMAD.223333.VP	1.818e-06	49	0	0	1	2561	Caudoviricetes	NA	NA	COG3497	Phage tail sheath protein FI
k127_301817_1	2	397	396	-1	0.699	11	None	GENOMAD.060259.VV	4.248e-08	53	0	0	1	2561	Caudoviricetes	NA	NA	PF20307;TIGR02236;COG0468;K04484	Divergent DnaB-like ATPase
k127_117702_1	2	298	297	1	0.700	11	None	GENOMAD.068048.VV	9.368e-12	62	0	0	1	2561	Caudoviricetes	NA	NA	PF20307;TIGR03600;K02314;COG0305	phage replicative helicase, DnaB family, HK022 subfamily
k127_117967_1	1	585	585	1	0.744	11	None	GENOMAD.013210.VV	9.453e-11	63	0	0	1	2561	Caudoviricetes	NA	NA	PF00211;PF08994;PF08993;COG2114	Adenylate and Guanylate cyclase catalytic domain; T4 gene Gp59 loader of gp41 DNA helicase C-term; T4 gene Gp59 loader of gp41 DNA helicase
k127_178647_1	1	1002	1002	1	0.682	11	None	GENOMAD.068048.VV	1.565e-18	90	0	0	1	2561	Caudoviricetes	NA	NA	PF20307;TIGR03600;K02314;COG0305	phage replicative helicase, DnaB family, HK022 subfamily
k127_487301_1	3	362	360	-1	0.678	11	None	GENOMAD.119462.VV	5.158e-19	84	0	0	1	2561	Caudoviricetes	NA	NA	TIGR01543	phage prohead protease, HK97 family
k127_487664_1	1	465	465	1	0.720	11	None	GENOMAD.169508.VP	3.791e-29	115	0	0	1	2561	Caudoviricetes	NA	NA	PF04708;PF13262;COG1961;K14060	Site-specific DNA recombinase related to the DNA invertase Pin
k127_179667_1	1	507	507	-1	0.746	11	None	GENOMAD.071900.VV	5.271e-22	95	0	0	1	2561	Caudoviricetes	NA	NA	PF13479;TIGR01618;COG2087;K04484	phage nucleotide-binding protein
k127_303668_1	3	431	429	-1	0.667	11	None	GENOMAD.068048.VV	7.39e-16	76	0	0	1	2561	Caudoviricetes	NA	NA	PF20307;TIGR03600;K02314;COG0305	phage replicative helicase, DnaB family, HK022 subfamily
k127_610086_1	1	537	537	-1	0.672	11	None	GENOMAD.068048.VV	2.69e-13	70	0	0	1	2561	Caudoviricetes	NA	NA	PF20307;TIGR03600;K02314;COG0305	phage replicative helicase, DnaB family, HK022 subfamily
k127_242872_1	2	568	567	-1	0.646	11	None	GENOMAD.060259.VV	3.924e-08	55	0	0	1	2561	Caudoviricetes	NA	NA	PF20307;TIGR02236;COG0468;K04484	Divergent DnaB-like ATPase
k127_426253_1	3	275	273	1	0.780	11	None	GENOMAD.093777.VV	6.385e-05	42	0	0	1	9236	Togaviridae	NA	NA	PF00944	Alphavirus core protein
k127_363951_1	1	345	345	1	0.664	11	None	GENOMAD.068048.VV	1.204e-15	74	0	0	1	2561	Caudoviricetes	NA	NA	PF20307;TIGR03600;K02314;COG0305	phage replicative helicase, DnaB family, HK022 subfamily
k127_489297_1	2	646	645	-1	0.454	11	None	GENOMAD.005158.VV	5.861e-06	49	0	0	1	2561	Caudoviricetes	NA	NA	PF04586;PF13395;TIGR02646;K06904	TIGR02646 family protein
k127_243936_1	3	710	708	1	0.726	11	None	GENOMAD.013210.VV	1.384e-28	117	0	0	1	2561	Caudoviricetes	NA	NA	PF00211;PF08994;PF08993;COG2114	Adenylate and Guanylate cyclase catalytic domain; T4 gene Gp59 loader of gp41 DNA helicase C-term; T4 gene Gp59 loader of gp41 DNA helicase
k127_548403_1	2	220	219	-1	0.667	11	AGGA	NA	NA	NA	0	0	0	1	NA	NA	NA	NA	NA
k127_548403_2	217	750	534	-1	0.652	11	GGAG/GAGG	GENOMAD.172137.VP	1.232e-24	103	0	0	1	2561	Caudoviricetes	NA	NA	PF07141;COG3728;TIGR02036	Putative bacteriophage terminase small subunit
k127_548403_3	750	1049	300	-1	0.653	11	None	GENOMAD.038338.VV	1.015e-26	105	0	0	0	2561	Caudoviricetes	NA	NA	COG3392	NA
k127_305390_1	1	318	318	1	0.745	11	None	GENOMAD.034157.VV	5.656e-28	109	0	0	1	2561	Caudoviricetes	NA	NA	PF20441;PF03354;COG4626;TIGR01547	Phage terminase-like protein, large subunit, contains N-terminal HTH domain
k127_244604_1	3	575	573	-1	0.679	11	None	GENOMAD.013210.VV	1.715e-13	71	0	0	1	2561	Caudoviricetes	NA	NA	PF00211;PF08994;PF08993;COG2114	Adenylate and Guanylate cyclase catalytic domain; T4 gene Gp59 loader of gp41 DNA helicase C-term; T4 gene Gp59 loader of gp41 DNA helicase
k127_428405_1	2	526	525	1	0.682	11	None	GENOMAD.053137.VV	5.212e-34	130	0	0	1	2561	Caudoviricetes	NA	NA	PF17482	Phage tail sheath C-terminal domain
k127_428405_2	560	847	288	1	0.625	11	AGGA	NA	NA	NA	0	0	0	1	NA	NA	NA	NA	NA
k127_245515_1	2	643	642	-1	0.738	11	None	GENOMAD.068590.VV	7.403e-28	114	0	0	1	2561	Caudoviricetes	NA	NA	PF13871;PF11242;K11654;TIGR00721	C-terminal domain on Strawberry notch homologue
k127_549342_1	2	448	447	1	0.673	11	None	GENOMAD.068048.VV	8.45e-17	79	0	0	1	2561	Caudoviricetes	NA	NA	PF20307;TIGR03600;K02314;COG0305	phage replicative helicase, DnaB family, HK022 subfamily
k127_60874_1	3	3107	3105	-1	0.563	11	None	GENOMAD.053077.VV	0.0001738	48	0	0	1	2561	Caudoviricetes	NA	NA	PF07880	Bacteriophage T4 gp9/10-like protein
k127_613810_1	2	373	372	1	0.688	11	None	GENOMAD.068048.VV	2.068e-13	68	0	0	1	2561	Caudoviricetes	NA	NA	PF20307;TIGR03600;K02314;COG0305	phage replicative helicase, DnaB family, HK022 subfamily
k127_613810_2	373	477	105	1	0.752	11	AGGAG	NA	NA	NA	0	0	0	1	NA	NA	NA	NA	NA
k127_614295_1	2	730	729	1	0.684	11	None	GENOMAD.068048.VV	9.102e-07	52	0	0	1	2561	Caudoviricetes	NA	NA	PF20307;TIGR03600;K02314;COG0305	phage replicative helicase, DnaB family, HK022 subfamily
k127_551974_1	1	300	300	-1	0.720	11	AGGAG	GENOMAD.071900.VV	2.796e-40	144	0	0	1	2561	Caudoviricetes	NA	NA	PF13479;TIGR01618;COG2087;K04484	phage nucleotide-binding protein
