gene	start	end	length	strand	gc_content	genetic_code	rbs_motif	marker	evalue	bitscore	uscg	plasmid_hallmark	virus_hallmark	taxid	taxname	annotation_conjscan	annotation_amr	annotation_accessions	annotation_description
k127_231994_1	3	326	324	-1	0.562	11	None	GENOMAD.110069.VP	6.947e-19	83	0	0	1	377	Drexlerviridae	NA	NA	PF05100;TIGR01600;COG4672	lambda-like phage minor tail protein L
k127_695535_1	1	522	522	-1	0.663	11	None	GENOMAD.013210.VV	3.07e-21	93	0	0	1	2561	Caudoviricetes	NA	NA	PF00211;PF08994;PF08993;COG2114	Adenylate and Guanylate cyclase catalytic domain; T4 gene Gp59 loader of gp41 DNA helicase C-term; T4 gene Gp59 loader of gp41 DNA helicase
k127_386569_1	2	304	303	1	0.710	11	None	GENOMAD.116655.VV	1.369e-24	99	0	0	1	2561	Caudoviricetes	NA	NA	PF04860;TIGR01537;COG5005	phage portal protein, HK97 family
k127_232190_1	1	315	315	-1	0.394	11	None	GENOMAD.035718.VV	7.137e-41	146	0	0	1	2561	Caudoviricetes	NA	NA	PF11650	P22 tail accessory factor
k127_155030_1	2	304	303	1	0.607	11	None	GENOMAD.071342.VV	3.866e-14	69	0	0	1	2561	Caudoviricetes	NA	NA	PF05894;TIGR01547;COG1783	Podovirus DNA encapsidation protein (Gp16)
k127_800_1	2	343	342	-1	0.596	11	None	GENOMAD.109691.VV	5.435e-24	98	0	0	1	2561	Caudoviricetes	NA	NA	PF06141	Phage minor tail protein U
k127_77973_1	2	391	390	1	0.662	11	None	GENOMAD.026355.VV	8.915e-17	78	0	0	1	2561	Caudoviricetes	NA	NA	PF20307;TIGR02238	Divergent DnaB-like ATPase
k127_77973_2	388	492	105	1	0.705	11	GGxGG	NA	NA	NA	0	0	0	1	NA	NA	NA	NA	NA
k127_541619_1	2	1726	1725	-1	0.621	11	None	GENOMAD.013210.VV	1.303e-27	122	0	0	1	2561	Caudoviricetes	NA	NA	PF00211;PF08994;PF08993;COG2114	Adenylate and Guanylate cyclase catalytic domain; T4 gene Gp59 loader of gp41 DNA helicase C-term; T4 gene Gp59 loader of gp41 DNA helicase
k127_619565_1	3	386	384	1	0.641	11	None	GENOMAD.190509.VP	4.016e-07	50	0	0	1	2561	Caudoviricetes	NA	NA	PF03354;COG4626	Phage terminase-like protein, large subunit, contains N-terminal HTH domain
k127_696838_1	2	466	465	1	0.632	11	None	GENOMAD.013210.VV	2.953e-12	66	0	0	1	2561	Caudoviricetes	NA	NA	PF00211;PF08994;PF08993;COG2114	Adenylate and Guanylate cyclase catalytic domain; T4 gene Gp59 loader of gp41 DNA helicase C-term; T4 gene Gp59 loader of gp41 DNA helicase
k127_156820_1	1	1734	1734	-1	0.681	11	None	GENOMAD.068048.VV	6.438e-11	68	0	0	1	2561	Caudoviricetes	NA	NA	PF20307;TIGR03600;K02314;COG0305	phage replicative helicase, DnaB family, HK022 subfamily
k127_697636_1	3	368	366	1	0.617	11	None	GENOMAD.068048.VV	3.349e-16	76	0	0	1	2561	Caudoviricetes	NA	NA	PF20307;TIGR03600;K02314;COG0305	phage replicative helicase, DnaB family, HK022 subfamily
k127_311246_1	3	377	375	1	0.520	11	None	GENOMAD.013124.VV	1.655e-07	51	0	0	1	377	Drexlerviridae	NA	NA	PF13262;COG5410	NA
k127_233997_1	138	1124	987	-1	0.448	11	GGAG/GAGG	GENOMAD.109387.VV	2.615e-169	529	0	0	0	2790	Microviridae	NA	NA	PF04687	Microvirus H protein (pilot protein)
k127_233997_2	1133	1660	528	-1	0.422	11	AGGAG	GENOMAD.145242.VV	2.474e-77	255	0	0	1	2790	Microviridae	NA	NA	PF02306	Major spike protein (G protein)
k127_233997_3	1771	3054	1284	-1	0.446	11	GGAG/GAGG	GENOMAD.033662.VV	3.821e-267	817	0	0	1	2790	Microviridae	NA	NA	PF02305	Capsid protein (F protein)
k127_233997_4	3091	3207	117	-1	0.496	11	AGGAG	NA	NA	NA	0	0	0	1	NA	NA	NA	NA	NA
k127_233997_5	3207	3665	459	-1	0.466	11	GGA/GAG/AGG	GENOMAD.067220.VV	4.753e-84	273	0	0	0	2790	Microviridae	NA	NA	PF02925	Bacteriophage scaffolding protein D
k127_233997_6	3662	3922	261	-1	0.421	11	3Base/5BMM	GENOMAD.169375.VV	1.525e-24	98	0	0	0	2790	Microviridae	NA	NA	PF12025	Phage protein C
k127_233997_7	3919	5460	1542	-1	0.446	11	GGAGG	GENOMAD.065430.VV	0.0	1077	0	0	0	2790	Microviridae	NA	NA	NA	NA
k127_311429_1	2	142	141	1	0.333	11	None	NA	NA	NA	0	0	0	1	NA	NA	NA	NA	NA
k127_311429_2	139	324	186	1	0.355	11	None	GENOMAD.049108.VV	3.915e-12	61	0	0	0	2561	Caudoviricetes	NA	NA	PF04448	NA
k127_311429_3	324	536	213	1	0.352	11	AGGAG	NA	NA	NA	0	0	0	1	NA	NA	NA	NA	NA
k127_311429_4	533	757	225	1	0.347	11	GGA/GAG/AGG	NA	NA	NA	0	0	0	1	NA	NA	NA	NA	NA
k127_311429_5	735	983	249	1	0.309	11	GGA/GAG/AGG	NA	NA	NA	0	0	0	1	NA	NA	NA	NA	NA
k127_311429_6	1128	1304	177	1	0.271	11	AGGA	NA	NA	NA	0	0	0	1	NA	NA	NA	NA	NA
k127_311429_7	1282	1791	510	1	0.335	11	AGxAG	NA	NA	NA	0	0	0	1	NA	NA	NA	NA	NA
k127_311429_8	1964	2143	180	1	0.394	11	AGGA	GENOMAD.027043.VV	2.012e-10	56	0	0	0	2561	Caudoviricetes	NA	NA	NA	NA
k127_311429_9	2133	2315	183	1	0.366	11	AGGAG	NA	NA	NA	0	0	0	1	NA	NA	NA	NA	NA
k127_311429_10	2447	2665	219	1	0.361	11	GGA/GAG/AGG	NA	NA	NA	0	0	0	1	NA	NA	NA	NA	NA
k127_311429_11	2704	2961	258	-1	0.314	11	GGAG/GAGG	NA	NA	NA	0	0	0	1	NA	NA	NA	NA	NA
k127_311429_12	2951	3250	300	-1	0.340	11	AGxAGG/AGGxGG	NA	NA	NA	0	0	0	1	NA	NA	NA	NA	NA
k127_311429_13	3322	3516	195	-1	0.374	11	AGGAG	GENOMAD.137327.VP	1.293e-09	54	0	0	0	1	NA	NA	NA	NA	NA
k127_311429_14	3628	4209	582	1	0.390	11	AGGAG	NA	NA	NA	0	0	0	1	NA	NA	NA	NA	NA
k127_621086_1	1	207	207	1	0.754	11	None	NA	NA	NA	0	0	0	1	NA	NA	NA	NA	NA
k127_621086_2	185	370	186	1	0.720	11	3Base/5BMM	GENOMAD.195366.VP	3.838e-06	44	0	0	1	1	NA	NA	NA	PF05766;COG3024	Endogenous inhibitor of DNA gyrase, YacG/DUF329 family
k127_80245_1	3	356	354	1	0.585	11	None	GENOMAD.181728.VV	4.4e-11	61	0	0	1	2561	Caudoviricetes	NA	NA	PF09588;COG5377;TIGR03033	Phage-related protein, predicted endonuclease
k127_80245_2	340	513	174	1	0.603	11	GGAGG	NA	NA	NA	0	0	0	1	NA	NA	NA	NA	NA
k127_543904_1	3	200	198	-1	0.561	11	GGA/GAG/AGG	GENOMAD.123040.VV	4.005e-21	87	0	0	1	2561	Caudoviricetes	NA	NA	PF09681;TIGR01714	NA
k127_543904_2	214	303	90	-1	0.700	11	None	NA	NA	NA	0	0	0	1	NA	NA	NA	NA	NA
k127_311933_1	1	297	297	-1	0.330	11	TATAT	NA	NA	NA	0	0	0	1	NA	NA	NA	NA	NA
k127_311933_2	358	738	381	1	0.341	11	ATA	GENOMAD.120662.VV	2.764e-28	111	0	0	0	2561	Caudoviricetes	NA	NA	NA	NA
k127_311933_3	750	947	198	1	0.298	11	None	NA	NA	NA	0	0	0	1	NA	NA	NA	NA	NA
k127_311933_4	957	1259	303	1	0.261	11	None	NA	NA	NA	0	0	0	1	NA	NA	NA	NA	NA
k127_311933_5	1243	1617	375	1	0.299	11	ATA	GENOMAD.091936.VV	1.138e-28	112	0	0	0	2561	Caudoviricetes	NA	NA	NA	NA
k127_311933_6	1632	3089	1458	1	0.394	11	ATATA	NA	NA	NA	0	0	0	1	NA	NA	NA	NA	NA
k127_311933_7	3227	3394	168	-1	0.196	11	ATATA	NA	NA	NA	0	0	0	1	NA	NA	NA	NA	NA
k127_311933_8	3432	4604	1173	-1	0.345	11	None	NA	NA	NA	0	0	0	1	NA	NA	NA	NA	NA
k127_311933_9	4801	4932	132	-1	0.394	11	None	NA	NA	NA	0	0	0	1	NA	NA	NA	NA	NA
k127_234895_1	2	1447	1446	1	0.645	11	None	GENOMAD.169508.VP	4.576e-20	97	0	0	1	2561	Caudoviricetes	NA	NA	PF04708;PF13262;COG1961;K14060	Site-specific DNA recombinase related to the DNA invertase Pin
k127_699277_1	114	1472	1359	1	0.598	11	GGAG/GAGG	GENOMAD.116655.VV	3.318e-202	631	0	0	1	2561	Caudoviricetes	NA	NA	PF04860;TIGR01537;COG5005	phage portal protein, HK97 family
k127_235774_1	63	803	741	-1	0.578	11	None	GENOMAD.044416.VV	8.636e-06	49	0	0	1	2561	Caudoviricetes	NA	NA	TIGR01537	NA
k127_4701_1	1	405	405	-1	0.568	11	None	GENOMAD.218193.VP	3.58e-54	186	0	0	1	2561	Caudoviricetes	NA	NA	PF04233;TIGR01641	phage putative head morphogenesis protein, SPP1 gp7 family
k127_546389_1	3	140	138	-1	0.609	11	GGAG/GAGG	NA	NA	NA	0	0	0	1	NA	NA	NA	NA	NA
k127_546389_2	252	995	744	-1	0.671	11	None	GENOMAD.013210.VV	1.358e-15	79	0	0	1	2561	Caudoviricetes	NA	NA	PF00211;PF08994;PF08993;COG2114	Adenylate and Guanylate cyclase catalytic domain; T4 gene Gp59 loader of gp41 DNA helicase C-term; T4 gene Gp59 loader of gp41 DNA helicase
k127_314332_1	2	430	429	1	0.615	11	None	GENOMAD.053137.VV	1.986e-22	95	0	0	1	2561	Caudoviricetes	NA	NA	PF17482	Phage tail sheath C-terminal domain
k127_624028_1	3	1457	1455	-1	0.577	11	AGGAG	GENOMAD.048059.VV	1.935e-10	66	0	0	1	2561	Caudoviricetes	NA	NA	PF03903	NA
k127_702001_1	1	366	366	1	0.710	11	None	GENOMAD.119462.VV	1.172e-10	60	0	0	1	2561	Caudoviricetes	NA	NA	TIGR01543	phage prohead protease, HK97 family
k127_547746_1	159	854	696	-1	0.455	11	None	NA	NA	NA	0	0	0	1	NA	NA	NA	NA	NA
k127_547746_2	915	4046	3132	-1	0.454	11	None	NA	NA	NA	0	0	0	1	NA	NA	NA	NA	NA
k127_625142_1	99	689	591	1	0.726	11	GGAG/GAGG	GENOMAD.012458.VV	4.425e-06	49	0	0	1	2561	Caudoviricetes	NA	NA	PF13514;PF06841;TIGR03185;K19171;COG1195	DNA sulfur modification protein DndD
k127_315976_1	2	469	468	1	0.641	11	None	GENOMAD.003381.VV	2.532e-25	104	0	0	1	2561	Caudoviricetes	NA	NA	PF12236	Bacteriophage head to tail connecting protein
k127_393713_1	3	557	555	1	0.569	11	None	GENOMAD.071630.VV	7.851e-61	208	0	0	1	2561	Caudoviricetes	NA	NA	PF16510	Phage P22-like portal protein
k127_393782_1	1	420	420	-1	0.674	11	None	GENOMAD.034933.VV	1.257e-06	49	0	0	1	2561	Caudoviricetes	NA	NA	PF05065;PF11367;TIGR01554	phage major capsid protein, HK97 family
k127_393874_1	3	416	414	-1	0.761	11	None	GENOMAD.013210.VV	9.184e-11	61	0	0	1	2561	Caudoviricetes	NA	NA	PF00211;PF08994;PF08993;COG2114	Adenylate and Guanylate cyclase catalytic domain; T4 gene Gp59 loader of gp41 DNA helicase C-term; T4 gene Gp59 loader of gp41 DNA helicase
k127_239645_1	1	66	66	1	0.545	11	None	NA	NA	NA	0	0	0	1	NA	NA	NA	NA	NA
k127_239645_2	63	485	423	1	0.643	11	None	GENOMAD.169508.VP	1.523e-15	75	0	0	1	2561	Caudoviricetes	NA	NA	PF04708;PF13262;COG1961;K14060	Site-specific DNA recombinase related to the DNA invertase Pin
k127_549373_1	1	354	354	1	0.627	11	None	GENOMAD.171422.VP	9.258e-12	63	0	0	1	2561	Caudoviricetes	NA	NA	PF05876;PF20454;COG5525;K21512;TIGR01547	Phage terminase, large subunit GpA
k127_85903_1	2	226	225	1	0.618	11	None	GENOMAD.181471.VP	4.625e-16	73	0	0	1	2561	Caudoviricetes	NA	NA	PF09393	Phage tail tube protein
k127_85903_2	226	435	210	1	0.729	11	None	GENOMAD.093281.VV	7.033e-25	98	0	0	1	2561	Caudoviricetes	NA	NA	COG4518	NA
k127_704626_1	82	807	726	-1	0.561	11	None	GENOMAD.068048.VV	1.144e-11	67	0	0	1	2561	Caudoviricetes	NA	NA	PF20307;TIGR03600;K02314;COG0305	phage replicative helicase, DnaB family, HK022 subfamily
k127_549973_1	1	600	600	1	0.315	4	None	GENOMAD.154384.VP	9.893e-06	48	0	0	1	2561	Caudoviricetes	NA	NA	PF19835;TIGR01453;COG3680	group I intron endonuclease
k127_394667_1	1	894	894	1	0.606	11	None	GENOMAD.013210.VV	4.853e-54	194	0	0	1	2561	Caudoviricetes	NA	NA	PF00211;PF08994;PF08993;COG2114	Adenylate and Guanylate cyclase catalytic domain; T4 gene Gp59 loader of gp41 DNA helicase C-term; T4 gene Gp59 loader of gp41 DNA helicase
k127_317615_1	3	1358	1356	-1	0.684	11	AGGA	GENOMAD.026404.VV	2.334e-56	207	0	0	0	2561	Caudoviricetes	NA	NA	PF00521;PF00986;K02469;TIGR01063;COG0188	DNA gyrase, A subunit
k127_317615_2	1388	2524	1137	-1	0.687	11	None	GENOMAD.111985.VV	4.759e-10	64	0	0	0	2561	Caudoviricetes	NA	NA	PF16898	C-terminal associated domain of TOPRIM
k127_395104_1	2	394	393	-1	0.547	11	None	GENOMAD.218549.VP	1.151e-31	121	0	0	1	2561	Caudoviricetes	NA	NA	PF05876;COG4373	Mu-like prophage FluMu protein gp28
k127_395583_1	3	350	348	-1	0.618	11	GGxGG	GENOMAD.034157.VV	5.32e-17	78	0	0	1	2561	Caudoviricetes	NA	NA	PF20441;PF03354;COG4626;TIGR01547	Phage terminase-like protein, large subunit, contains N-terminal HTH domain
k127_395746_1	1	840	840	1	0.650	11	None	GENOMAD.013210.VV	5.56e-26	111	0	0	1	2561	Caudoviricetes	NA	NA	PF00211;PF08994;PF08993;COG2114	Adenylate and Guanylate cyclase catalytic domain; T4 gene Gp59 loader of gp41 DNA helicase C-term; T4 gene Gp59 loader of gp41 DNA helicase
k127_164746_1	1	459	459	-1	0.453	11	None	GENOMAD.019349.VV	7.046e-21	91	0	0	1	2561	Caudoviricetes	NA	NA	COG5565;TIGR01547	Bacteriophage terminase large (ATPase) subunit and inactivated derivatives
k127_551881_1	1	282	282	1	0.592	11	None	GENOMAD.003705.VV	4.216e-10	57	0	0	1	2561	Caudoviricetes	NA	NA	PF16510	Phage P22-like portal protein
k127_88163_1	3	359	357	-1	0.608	11	None	GENOMAD.064229.VV	1.01e-27	109	0	0	1	2561	Caudoviricetes	NA	NA	PF05133;TIGR01538	phage portal protein, SPP1 family
k127_319434_1	1	138	138	1	0.703	11	None	NA	NA	NA	0	0	0	1	NA	NA	NA	NA	NA
k127_319434_2	93	857	765	-1	0.627	11	None	GENOMAD.006160.VV	1.217e-08	58	0	0	1	2561	Caudoviricetes	NA	NA	PF02649;PF03237;K09007;COG1469;TIGR00294	GTP cyclohydrolase FolE2
k127_11980_1	1	270	270	-1	0.252	4	TAA	NA	NA	NA	0	0	0	1	NA	NA	NA	NA	NA
k127_11980_2	303	1370	1068	-1	0.222	4	None	GENOMAD.041353.VV	8.384e-10	63	0	0	1	2561	Caudoviricetes	NA	NA	PF19835;TIGR01453;COG2827	group I intron endonuclease
k127_11989_1	3	407	405	1	0.602	11	None	GENOMAD.022372.VV	4.623e-18	82	0	0	1	2561	Caudoviricetes	NA	NA	PF04708;COG1961;K14060	Site-specific DNA recombinase related to the DNA invertase Pin
k127_88957_1	1	657	657	1	0.715	11	None	GENOMAD.121763.VP	5.713e-21	94	0	0	0	2561	Caudoviricetes	NA	NA	PF07157;COG4228	Mu-like prophage DNA circulation protein
k127_88957_2	654	1238	585	1	0.638	11	GGA/GAG/AGG	GENOMAD.219885.VP	5.331e-52	183	0	0	1	2561	Caudoviricetes	NA	NA	PF05954;COG4379;TIGR03361;K06905	Mu-like prophage tail protein gpP
k127_88957_3	1257	1736	480	1	0.692	11	None	GENOMAD.219885.VP	8.105e-22	94	0	0	1	2561	Caudoviricetes	NA	NA	PF05954;COG4379;TIGR03361;K06905	Mu-like prophage tail protein gpP
k127_88957_4	1781	2293	513	1	0.622	11	GGAG/GAGG	NA	NA	NA	0	0	0	1	NA	NA	NA	NA	NA
k127_88957_5	2290	2394	105	1	0.629	11	GGA/GAG/AGG	NA	NA	NA	0	0	0	1	NA	NA	NA	NA	NA
k127_707359_1	2	103	102	1	0.647	11	None	NA	NA	NA	0	0	0	1	NA	NA	NA	NA	NA
k127_707359_2	196	396	201	1	0.627	11	GGAG/GAGG	GENOMAD.062821.VV	2.352e-19	82	0	0	1	1	NA	NA	NA	PF10618	Phage tail tube protein
k127_707682_1	2	340	339	1	0.581	11	None	GENOMAD.068048.VV	8.587e-19	83	0	0	1	2561	Caudoviricetes	NA	NA	PF20307;TIGR03600;K02314;COG0305	phage replicative helicase, DnaB family, HK022 subfamily
k127_242942_1	1	333	333	1	0.604	11	None	GENOMAD.019349.VV	1.724e-42	151	0	0	1	2561	Caudoviricetes	NA	NA	COG5565;TIGR01547	Bacteriophage terminase large (ATPase) subunit and inactivated derivatives
k127_89605_1	1	174	174	1	0.598	11	None	NA	NA	NA	0	0	0	1	NA	NA	NA	NA	NA
k127_89605_2	174	542	369	1	0.621	11	GGAG/GAGG	GENOMAD.017632.VV	2.068e-13	68	0	0	1	2561	Caudoviricetes	NA	NA	PF03354;COG5410;TIGR01547	phage terminase, large subunit, PBSX family
k127_89737_1	1	354	354	1	0.596	11	None	GENOMAD.068048.VV	1.233e-16	77	0	0	1	2561	Caudoviricetes	NA	NA	PF20307;TIGR03600;K02314;COG0305	phage replicative helicase, DnaB family, HK022 subfamily
k127_708160_1	1	261	261	-1	0.556	11	None	NA	NA	NA	0	0	0	1	NA	NA	NA	NA	NA
k127_708160_2	280	747	468	-1	0.632	11	GGA/GAG/AGG	NA	NA	NA	0	0	0	1	NA	NA	NA	NA	NA
k127_708160_3	992	1273	282	-1	0.642	11	GGAG/GAGG	GENOMAD.037481.VV	8.921e-18	79	0	0	0	2561	Caudoviricetes	NA	NA	NA	NA
k127_708160_4	1330	1551	222	-1	0.649	11	GGAG/GAGG	GENOMAD.114645.VP	2.473e-14	68	0	0	0	2561	Caudoviricetes	NA	NA	PF11195	NA
k127_708160_5	1551	3362	1812	-1	0.618	11	GGA/GAG/AGG	GENOMAD.180947.VP	1.966e-95	328	0	0	1	2561	Caudoviricetes	NA	NA	PF04466;COG5323;TIGR01547;K21523	Large terminase phage packaging protein
k127_708160_6	3364	3876	513	-1	0.698	11	GGAGG	NA	NA	NA	0	0	0	1	NA	NA	NA	NA	NA
k127_708160_7	4102	4365	264	-1	0.652	11	GGA/GAG/AGG	NA	NA	NA	0	0	0	1	NA	NA	NA	NA	NA
k127_708160_8	4362	4988	627	-1	0.670	11	None	GENOMAD.009848.VV	1.115e-16	81	0	0	1	9913	Herelleviridae	NA	NA	COG5377;TIGR03033	Phage-related protein, predicted endonuclease
k127_89872_1	3	410	408	-1	0.620	11	None	GENOMAD.017632.VV	2.326e-07	51	0	0	1	2561	Caudoviricetes	NA	NA	PF03354;COG5410;TIGR01547	phage terminase, large subunit, PBSX family
k127_167253_1	1	468	468	1	0.677	11	None	GENOMAD.068590.VV	4.149e-06	48	0	0	1	2561	Caudoviricetes	NA	NA	PF13871;PF11242;K11654;TIGR00721	C-terminal domain on Strawberry notch homologue
k127_398478_1	1	411	411	1	0.689	11	None	GENOMAD.109691.VV	3.172e-23	97	0	0	1	2561	Caudoviricetes	NA	NA	PF06141	Phage minor tail protein U
k127_14160_1	2	436	435	1	0.717	11	None	GENOMAD.124507.VV	4.767e-22	94	0	0	1	2561	Caudoviricetes	NA	NA	PF11242;K22300;COG3655;TIGR00673	DNA-binding transcriptional regulator, XRE family
k127_168272_1	2	316	315	1	0.629	11	None	GENOMAD.034909.VV	3.725e-16	75	0	0	1	2561	Caudoviricetes	NA	NA	PF16463;COG5437;TIGR02126	Phage tail tube protein family
k127_321891_1	3	350	348	1	0.652	11	None	GENOMAD.129874.VP	1.458e-22	94	0	0	1	2561	Caudoviricetes	NA	NA	PF10076;COG3778;TIGR02242	Uncharacterized protein YmfQ in lambdoid prophage, DUF2313 family
k127_14596_1	1	306	306	1	0.725	11	None	GENOMAD.028504.VV	1.684e-22	93	0	0	1	2561	Caudoviricetes	NA	NA	PF06199;COG5437;TIGR02126	Phage tail tube protein
k127_632110_1	2	820	819	-1	0.709	11	None	GENOMAD.013210.VV	4.992e-16	81	0	0	1	2561	Caudoviricetes	NA	NA	PF00211;PF08994;PF08993;COG2114	Adenylate and Guanylate cyclase catalytic domain; T4 gene Gp59 loader of gp41 DNA helicase C-term; T4 gene Gp59 loader of gp41 DNA helicase
k127_709650_1	2	367	366	-1	0.628	11	None	GENOMAD.007178.VV	5.76e-35	130	0	0	1	2561	Caudoviricetes	NA	NA	COG4653	Predicted phage phi-C31 gp36 major capsid-like protein
k127_14820_1	2	556	555	1	0.560	11	None	GENOMAD.013210.VV	1.445e-35	135	0	0	1	2561	Caudoviricetes	NA	NA	PF00211;PF08994;PF08993;COG2114	Adenylate and Guanylate cyclase catalytic domain; T4 gene Gp59 loader of gp41 DNA helicase C-term; T4 gene Gp59 loader of gp41 DNA helicase
k127_14820_2	529	951	423	1	0.593	11	None	GENOMAD.037989.VV	6.322e-17	79	0	0	0	2561	Caudoviricetes	NA	NA	COG4252	Extracellular (periplasmic) sensor domain CHASE2 (specificity unknown)
k127_632228_1	311	1468	1158	1	0.591	11	GGAGG	GENOMAD.000073.VV	5.39e-06	51	0	0	1	6233	Potyviridae	NA	NA	PF00680	Viral RNA-dependent RNA polymerase
k127_632387_1	1	432	432	1	0.602	11	None	GENOMAD.169508.VP	1.321e-18	84	0	0	1	2561	Caudoviricetes	NA	NA	PF04708;PF13262;COG1961;K14060	Site-specific DNA recombinase related to the DNA invertase Pin
k127_322253_1	3	317	315	1	0.590	11	None	GENOMAD.122996.VV	2.217e-05	44	0	0	1	2561	Caudoviricetes	NA	NA	PF17482	Phage tail sheath C-terminal domain
k127_555479_1	2	424	423	1	0.641	11	None	GENOMAD.068048.VV	3.372e-15	74	0	0	1	2561	Caudoviricetes	NA	NA	PF20307;TIGR03600;K02314;COG0305	phage replicative helicase, DnaB family, HK022 subfamily
k127_91779_1	2	328	327	1	0.486	11	None	GENOMAD.208744.VP	2.33e-06	47	0	0	1	2561	Caudoviricetes	NA	NA	PF07141	Putative bacteriophage terminase small subunit
k127_169255_1	2	487	486	-1	0.634	11	None	GENOMAD.013124.VV	3.131e-15	75	0	0	1	377	Drexlerviridae	NA	NA	PF13262;COG5410	NA
k127_92150_1	2	418	417	-1	0.566	11	None	GENOMAD.152240.VV	5.865e-06	47	0	0	1	2561	Caudoviricetes	NA	NA	COG4675	Microcystin-dependent protein  (function unknown)
k127_92150_2	421	510	90	-1	0.511	11	None	NA	NA	NA	0	0	0	1	NA	NA	NA	NA	NA
k127_15936_1	1	162	162	1	0.642	11	None	NA	NA	NA	0	0	0	1	NA	NA	NA	NA	NA
k127_15936_2	90	512	423	-1	0.622	11	None	GENOMAD.109691.VV	1.541e-32	124	0	0	1	2561	Caudoviricetes	NA	NA	PF06141	Phage minor tail protein U
k127_633437_1	3	296	294	-1	0.650	11	GGA/GAG/AGG	GENOMAD.170676.VP	2.541e-40	144	0	0	1	2561	Caudoviricetes	NA	NA	PF10934;COG3628;K06903;TIGR03357	Phage baseplate assembly protein W
k127_477541_1	3	1406	1404	1	0.619	11	None	GENOMAD.138089.VV	1.518e-09	63	0	0	1	6064	Autographiviridae	NA	NA	PF03237;PF17289;COG5410;TIGR01547	Large terminase phage packaging protein
k127_711572_1	2	325	324	1	0.370	11	None	GENOMAD.008079.VV	3.076e-27	107	0	0	1	2561	Caudoviricetes	NA	NA	PF11651;TIGR04387	P22 coat protein - gene protein 5
k127_170543_1	3	527	525	1	0.665	11	None	GENOMAD.022274.VV	4.451e-16	78	0	0	1	2561	Caudoviricetes	NA	NA	PF14550;TIGR01543;COG3740;K06904	Putative phage serine protease XkdF
k127_17123_1	283	1797	1515	1	0.354	11	None	NA	NA	NA	0	0	0	1	NA	NA	NA	NA	NA
k127_17123_2	1957	2691	735	1	0.318	11	None	NA	NA	NA	0	0	0	1	NA	NA	NA	NA	NA
k127_324181_1	2	322	321	1	0.567	11	None	GENOMAD.070603.VV	2.886e-11	61	0	0	1	2561	Caudoviricetes	NA	NA	PF05954;K06905;COG3500;TIGR03361	Phage protein D
k127_557607_1	2	733	732	1	0.596	11	None	GENOMAD.013210.VV	1.552e-31	126	0	0	1	2561	Caudoviricetes	NA	NA	PF00211;PF08994;PF08993;COG2114	Adenylate and Guanylate cyclase catalytic domain; T4 gene Gp59 loader of gp41 DNA helicase C-term; T4 gene Gp59 loader of gp41 DNA helicase
k127_247417_1	3	374	372	-1	0.691	11	None	GENOMAD.068048.VV	1.058e-12	66	0	0	1	2561	Caudoviricetes	NA	NA	PF20307;TIGR03600;K02314;COG0305	phage replicative helicase, DnaB family, HK022 subfamily
k127_247421_1	3	374	372	-1	0.699	11	None	GENOMAD.068048.VV	2.147e-13	68	0	0	1	2561	Caudoviricetes	NA	NA	PF20307;TIGR03600;K02314;COG0305	phage replicative helicase, DnaB family, HK022 subfamily
k127_94209_1	3	476	474	-1	0.542	11	None	GENOMAD.061750.VV	1.592e-90	292	0	0	1	1	NA	NA	NA	PF16510	Phage P22-like portal protein
k127_94224_1	17	442	426	-1	0.549	11	None	GENOMAD.013210.VV	1.789e-13	69	0	0	1	2561	Caudoviricetes	NA	NA	PF00211;PF08994;PF08993;COG2114	Adenylate and Guanylate cyclase catalytic domain; T4 gene Gp59 loader of gp41 DNA helicase C-term; T4 gene Gp59 loader of gp41 DNA helicase
k127_171442_1	3	1127	1125	-1	0.597	11	None	GENOMAD.068048.VV	6.176e-12	70	0	0	1	2561	Caudoviricetes	NA	NA	PF20307;TIGR03600;K02314;COG0305	phage replicative helicase, DnaB family, HK022 subfamily
k127_635247_1	1	333	333	1	0.315	11	None	GENOMAD.116607.VP	1.836e-09	56	0	0	1	2561	Caudoviricetes	NA	NA	PF19835;TIGR01453;COG2827	group I intron endonuclease
k127_635847_1	3	401	399	-1	0.599	11	GGAGG	GENOMAD.123073.VV	0.0001144	43	0	0	1	2561	Caudoviricetes	NA	NA	PF04717;COG4540;TIGR01644	Phage P2 baseplate assembly protein gpV
k127_635847_2	401	466	66	-1	0.652	11	None	NA	NA	NA	0	0	0	1	NA	NA	NA	NA	NA
k127_636002_1	2	304	303	-1	0.700	11	None	GENOMAD.019018.VV	8.67e-06	45	0	0	1	2561	Caudoviricetes	NA	NA	PF05135;TIGR02215	phage conserved hypothetical protein, phiE125 gp8 family
k127_18846_1	3	383	381	-1	0.635	11	None	GENOMAD.181728.VV	6.855e-10	58	0	0	1	2561	Caudoviricetes	NA	NA	PF09588;COG5377;TIGR03033	Phage-related protein, predicted endonuclease
k127_402966_1	216	1184	969	1	0.431	11	GGAG/GAGG	GENOMAD.010279.VV	2.632e-192	595	0	0	1	2561	Caudoviricetes	NA	NA	PF13252;TIGR04387	major capsid protein, N4-gp56 family
k127_713849_1	2	301	300	-1	0.600	11	None	GENOMAD.178916.VP	3.34e-15	72	0	0	1	2561	Caudoviricetes	NA	NA	PF05065;TIGR01554;COG1659	phage major capsid protein, HK97 family
k127_95686_1	2	532	531	-1	0.693	11	None	GENOMAD.068590.VV	3.011e-08	55	0	0	1	2561	Caudoviricetes	NA	NA	PF13871;PF11242;K11654;TIGR00721	C-terminal domain on Strawberry notch homologue
k127_95700_1	2	748	747	-1	0.672	11	None	GENOMAD.020821.VV	1.359e-12	70	0	0	1	2561	Caudoviricetes	NA	NA	PF05876;PF16203;K14440;COG5410;TIGR04095	ERCC4-related helicase
k127_326705_1	2	502	501	-1	0.385	11	GGA/GAG/AGG	GENOMAD.016860.VV	1.313e-63	215	0	0	1	2561	Caudoviricetes	NA	NA	PF11134	Phage stabilisation protein
k127_249962_1	2	379	378	-1	0.643	11	None	GENOMAD.022740.VV	5.6e-12	64	0	0	1	2561	Caudoviricetes	NA	NA	PF17482;PF00062	Phage tail sheath C-terminal domain; C-type lysozyme/alpha-lactalbumin family
k127_637799_1	2	397	396	-1	0.672	11	None	GENOMAD.042265.VV	2.322e-05	45	0	0	1	2561	Caudoviricetes	NA	NA	PF20307;TIGR02237;COG0468;K04485	Divergent DnaB-like ATPase
k127_96951_1	242	2701	2460	1	0.623	11	None	GENOMAD.026404.VV	1.296e-51	201	0	0	0	2561	Caudoviricetes	NA	NA	PF00521;PF00986;K02469;TIGR01063;COG0188	DNA gyrase, A subunit
k127_560772_1	1	306	306	1	0.608	11	None	GENOMAD.151393.VP	6.963e-32	120	0	0	1	2561	Caudoviricetes	NA	NA	PF17288;TIGR01547;COG1783	phage terminase, large subunit, PBSX family
k127_97552_1	1	711	711	-1	0.698	11	None	GENOMAD.000175.VV	4.012e-07	53	0	0	1	8305	Partitiviridae	NA	NA	PF00680;COG3344	Viral RNA-dependent RNA polymerase
k127_175178_1	2	511	510	-1	0.567	11	None	GENOMAD.116655.VV	8.891e-15	74	0	0	1	2561	Caudoviricetes	NA	NA	PF04860;TIGR01537;COG5005	phage portal protein, HK97 family
k127_639843_1	3	218	216	-1	0.699	11	None	GENOMAD.195366.VP	1.206e-06	46	0	0	1	1	NA	NA	NA	PF05766;COG3024	Endogenous inhibitor of DNA gyrase, YacG/DUF329 family
k127_406162_1	1	273	273	-1	0.623	11	GGA/GAG/AGG	GENOMAD.170837.VV	1.935e-09	55	0	0	1	2561	Caudoviricetes	NA	NA	PF05119;COG3747;TIGR01558	Phage terminase, small subunit
k127_406255_1	2	217	216	-1	0.657	11	GGAGG	NA	NA	NA	0	0	0	1	NA	NA	NA	NA	NA
k127_406255_2	204	734	531	-1	0.616	11	None	GENOMAD.181728.VV	5.885e-11	63	0	0	1	2561	Caudoviricetes	NA	NA	PF09588;COG5377;TIGR03033	Phage-related protein, predicted endonuclease
k127_483125_1	3	605	603	1	0.690	11	None	GENOMAD.118632.VP	1.085e-10	63	0	0	1	2561	Caudoviricetes	NA	NA	PF00476;PF07141	DNA polymerase family A; Putative bacteriophage terminase small subunit
k127_329298_1	1	375	375	1	0.600	11	None	NA	NA	NA	0	0	0	1	NA	NA	NA	NA	NA
k127_329298_2	372	647	276	1	0.601	11	AGGA/GGAG/GAGG	GENOMAD.045267.VV	1.006e-08	53	0	0	1	2561	Caudoviricetes	NA	NA	PF20387;COG3864	Predicted metal-dependent peptidase
k127_252182_1	1	366	366	-1	0.658	11	None	GENOMAD.109691.VV	1.881e-22	94	0	0	1	2561	Caudoviricetes	NA	NA	PF06141	Phage minor tail protein U
k127_483679_1	2	487	486	-1	0.733	11	None	GENOMAD.028147.VV	1.033e-05	47	0	0	1	1	NA	NA	NA	PF04865;COG3948	Baseplate J-like protein
k127_717969_1	3	182	180	1	0.656	11	None	NA	NA	NA	0	0	0	1	NA	NA	NA	NA	NA
k127_717969_2	134	358	225	-1	0.640	11	GGAGG	NA	NA	NA	0	0	0	1	NA	NA	NA	NA	NA
k127_717969_3	462	1178	717	-1	0.628	11	None	NA	NA	NA	0	0	0	1	NA	NA	NA	NA	NA
k127_717969_4	1670	1870	201	1	0.547	11	GGAG/GAGG	NA	NA	NA	0	0	0	1	NA	NA	NA	NA	NA
k127_717969_5	1867	2322	456	1	0.601	11	GGAGG	GENOMAD.195230.VC	6.142e-56	192	0	0	0	1	NA	NA	NA	PF02650;TIGR03879;COG2739	probable regulatory domain
k127_717969_6	2631	3101	471	1	0.592	11	GGA/GAG/AGG	NA	NA	NA	0	0	0	1	NA	NA	NA	NA	NA
k127_717969_7	3121	4287	1167	1	0.614	11	None	GENOMAD.115239.VV	1.316e-06	53	0	0	0	1	NA	NA	NA	NA	NA
k127_252988_1	1	552	552	1	0.650	11	None	GENOMAD.097639.VV	2.019e-31	123	0	0	1	2561	Caudoviricetes	NA	NA	PF17289;TIGR01630;COG5362	phage uncharacterized protein (putative large terminase), C-terminal domain
k127_718397_1	531	989	459	-1	0.625	11	None	GENOMAD.063098.VV	1.665e-07	52	0	0	1	2561	Caudoviricetes	NA	NA	PF11126	Transcriptional regulator DsbA
k127_484188_1	2	382	381	1	0.640	11	None	GENOMAD.129874.VP	1.586e-58	198	0	0	1	2561	Caudoviricetes	NA	NA	PF10076;COG3778;TIGR02242	Uncharacterized protein YmfQ in lambdoid prophage, DUF2313 family
k127_100341_1	2	913	912	-1	0.633	11	None	GENOMAD.013210.VV	1.952e-47	175	0	0	1	2561	Caudoviricetes	NA	NA	PF00211;PF08994;PF08993;COG2114	Adenylate and Guanylate cyclase catalytic domain; T4 gene Gp59 loader of gp41 DNA helicase C-term; T4 gene Gp59 loader of gp41 DNA helicase
k127_23985_1	3	884	882	1	0.198	11	None	GENOMAD.129503.VP	5.268e-11	66	0	0	1	2561	Caudoviricetes	NA	NA	PF19835;PF03333;TIGR01453;COG2827	group I intron endonuclease
k127_718715_1	3	653	651	1	0.433	11	None	GENOMAD.056179.VV	1.918e-26	110	0	0	1	2561	Caudoviricetes	NA	NA	PF04466;TIGR01547;COG1783;K06909	phage terminase, large subunit, PBSX family
k127_718816_1	3	404	402	1	0.647	11	None	GENOMAD.178916.VP	5.106e-06	47	0	0	1	2561	Caudoviricetes	NA	NA	PF05065;TIGR01554;COG1659	phage major capsid protein, HK97 family
k127_330708_1	1	672	672	-1	0.655	11	None	GENOMAD.116655.VV	1.424e-34	134	0	0	1	2561	Caudoviricetes	NA	NA	PF04860;TIGR01537;COG5005	phage portal protein, HK97 family
k127_24261_1	1	165	165	1	0.661	11	None	NA	NA	NA	0	0	0	1	NA	NA	NA	NA	NA
k127_24261_2	177	371	195	1	0.687	11	AGGAG	GENOMAD.126912.VP	3.44e-08	50	0	0	1	2561	Caudoviricetes	NA	NA	PF11863;COG4386	Mu-like prophage tail sheath protein gpL
k127_24381_1	1	384	384	-1	0.570	11	None	GENOMAD.151393.VP	6.348e-53	182	0	0	1	2561	Caudoviricetes	NA	NA	PF17288;TIGR01547;COG1783	phage terminase, large subunit, PBSX family
k127_408096_1	1	363	363	1	0.573	11	None	GENOMAD.068048.VV	1.453e-07	51	0	0	1	2561	Caudoviricetes	NA	NA	PF20307;TIGR03600;K02314;COG0305	phage replicative helicase, DnaB family, HK022 subfamily
k127_254261_1	34	372	339	1	0.286	11	None	GENOMAD.116607.VP	2.246e-08	53	0	0	1	2561	Caudoviricetes	NA	NA	PF19835;TIGR01453;COG2827	group I intron endonuclease
k127_719765_1	2	406	405	1	0.686	11	None	GENOMAD.053137.VV	1.445e-22	95	0	0	1	2561	Caudoviricetes	NA	NA	PF17482	Phage tail sheath C-terminal domain
k127_254520_1	1	468	468	1	0.577	11	None	GENOMAD.129999.VP	1.52e-11	64	0	0	1	2561	Caudoviricetes	NA	NA	PF04708;COG1961;K21528	Site-specific DNA recombinase related to the DNA invertase Pin
k127_101684_1	2	304	303	-1	0.601	11	None	GENOMAD.017632.VV	1.438e-08	53	0	0	1	2561	Caudoviricetes	NA	NA	PF03354;COG5410;TIGR01547	phage terminase, large subunit, PBSX family
k127_485642_1	3	314	312	1	0.660	11	None	GENOMAD.068048.VV	7.245e-09	54	0	0	1	2561	Caudoviricetes	NA	NA	PF20307;TIGR03600;K02314;COG0305	phage replicative helicase, DnaB family, HK022 subfamily
k127_254896_1	3	323	321	1	0.660	11	None	GENOMAD.099865.VV	7.369e-18	80	0	0	1	2561	Caudoviricetes	NA	NA	PF04466;PF17289;TIGR01547;COG5323;K06909	phage terminase, large subunit, PBSX family
k127_179284_1	2	238	237	-1	0.692	11	None	GENOMAD.121414.VV	1.834e-12	63	0	0	1	2561	Caudoviricetes	NA	NA	PF07409;COG4381	Phage protein GP46
k127_255149_1	1	360	360	1	0.611	11	None	GENOMAD.068048.VV	1.519e-06	48	0	0	1	2561	Caudoviricetes	NA	NA	PF20307;TIGR03600;K02314;COG0305	phage replicative helicase, DnaB family, HK022 subfamily
k127_332160_1	1	942	942	1	0.687	11	None	GENOMAD.068590.VV	9.203e-15	78	0	0	1	2561	Caudoviricetes	NA	NA	PF13871;PF11242;K11654;TIGR00721	C-terminal domain on Strawberry notch homologue
k127_721027_1	3	665	663	1	0.268	4	None	GENOMAD.154384.VP	7.528e-11	64	0	0	1	2561	Caudoviricetes	NA	NA	PF19835;TIGR01453;COG3680	group I intron endonuclease
k127_643967_1	3	392	390	-1	0.603	11	None	GENOMAD.068048.VV	1.209e-13	69	0	0	1	2561	Caudoviricetes	NA	NA	PF20307;TIGR03600;K02314;COG0305	phage replicative helicase, DnaB family, HK022 subfamily
k127_180106_1	3	362	360	1	0.603	11	None	GENOMAD.045267.VV	8.769e-13	66	0	0	1	2561	Caudoviricetes	NA	NA	PF20387;COG3864	Predicted metal-dependent peptidase
k127_180160_1	1	402	402	1	0.774	11	None	GENOMAD.124507.VV	2.916e-31	120	0	0	1	2561	Caudoviricetes	NA	NA	PF11242;K22300;COG3655;TIGR00673	DNA-binding transcriptional regulator, XRE family
k127_567150_1	3	374	372	-1	0.578	11	None	GENOMAD.053137.VV	6.674e-18	81	0	0	1	2561	Caudoviricetes	NA	NA	PF17482	Phage tail sheath C-terminal domain
k127_333288_1	2	319	318	-1	0.566	11	None	GENOMAD.094455.VP	8.601e-08	51	0	0	1	2561	Caudoviricetes	NA	NA	PF09588;COG5377;TIGR03033;K01143	Phage-related protein, predicted endonuclease
k127_256606_1	2	364	363	-1	0.554	11	None	GENOMAD.158965.VP	1.354e-33	126	0	0	1	2561	Caudoviricetes	NA	NA	PF05772;PF04404;COG5362	NinB protein; ERF superfamily
k127_722293_1	165	554	390	1	0.615	11	None	GENOMAD.145255.VP	5.459e-31	119	0	0	1	2561	Caudoviricetes	NA	NA	PF18352;COG4540;TIGR01644	Phage P2 baseplate assembly protein gpV
k127_256773_1	18	458	441	-1	0.605	11	None	GENOMAD.068048.VV	1.82e-15	75	0	0	1	2561	Caudoviricetes	NA	NA	PF20307;TIGR03600;K02314;COG0305	phage replicative helicase, DnaB family, HK022 subfamily
k127_645504_1	1	456	456	-1	0.643	11	None	GENOMAD.013210.VV	1.982e-26	107	0	0	1	2561	Caudoviricetes	NA	NA	PF00211;PF08994;PF08993;COG2114	Adenylate and Guanylate cyclase catalytic domain; T4 gene Gp59 loader of gp41 DNA helicase C-term; T4 gene Gp59 loader of gp41 DNA helicase
k127_645522_1	1	528	528	1	0.642	11	None	GENOMAD.169508.VP	2.697e-11	64	0	0	1	2561	Caudoviricetes	NA	NA	PF04708;PF13262;COG1961;K14060	Site-specific DNA recombinase related to the DNA invertase Pin
k127_28456_1	1	1680	1680	1	0.592	11	None	GENOMAD.036442.VV	8.265e-85	295	0	0	1	2561	Caudoviricetes	NA	NA	PF16510;TIGR01538	Phage P22-like portal protein
k127_28456_2	1804	2307	504	1	0.696	11	GGAG/GAGG	NA	NA	NA	0	0	0	1	NA	NA	NA	NA	NA
k127_28456_3	2348	2926	579	1	0.667	11	GGAG/GAGG	GENOMAD.190751.CV	4.133e-10	61	0	0	0	1	NA	NA	NA	PF13448;PF07589;TIGR03370	PEP-CTERM motif
k127_28456_4	2960	3433	474	1	0.724	11	GGAG/GAGG	NA	NA	NA	0	0	0	1	NA	NA	NA	NA	NA
k127_28456_5	3491	3676	186	1	0.667	11	AGGAG	NA	NA	NA	0	0	0	1	NA	NA	NA	NA	NA
k127_28456_6	3687	4226	540	1	0.574	11	GGA/GAG/AGG	NA	NA	NA	0	0	0	1	NA	NA	NA	NA	NA
k127_28456_7	4233	5249	1017	1	0.638	11	GGA/GAG/AGG	GENOMAD.033520.VV	1.74e-39	153	0	0	0	2561	Caudoviricetes	NA	NA	PF17236	NA
k127_257646_1	1	564	564	-1	0.679	11	None	GENOMAD.116655.VV	1.819e-24	103	0	0	1	2561	Caudoviricetes	NA	NA	PF04860;TIGR01537;COG5005	phage portal protein, HK97 family
k127_723818_1	203	1681	1479	-1	0.634	11	None	GENOMAD.013124.VV	2.159e-25	114	0	0	1	377	Drexlerviridae	NA	NA	PF13262;COG5410	NA
k127_258151_1	2	388	387	1	0.625	11	None	GENOMAD.068048.VV	2.584e-13	68	0	0	1	2561	Caudoviricetes	NA	NA	PF20307;TIGR03600;K02314;COG0305	phage replicative helicase, DnaB family, HK022 subfamily
k127_182891_1	1	312	312	-1	0.580	11	None	GENOMAD.151393.VP	2.058e-37	136	0	0	1	2561	Caudoviricetes	NA	NA	PF17288;TIGR01547;COG1783	phage terminase, large subunit, PBSX family
k127_182993_1	3	320	318	1	0.733	11	None	GENOMAD.124507.VV	3.976e-31	118	0	0	1	2561	Caudoviricetes	NA	NA	PF11242;K22300;COG3655;TIGR00673	DNA-binding transcriptional regulator, XRE family
k127_724850_1	1	354	354	1	0.607	11	None	GENOMAD.154686.VV	2.856e-16	76	0	0	1	2561	Caudoviricetes	NA	NA	PF17288	Terminase RNAseH like domain
k127_490302_1	1	462	462	1	0.571	11	None	GENOMAD.013210.VV	1.008e-16	79	0	0	1	2561	Caudoviricetes	NA	NA	PF00211;PF08994;PF08993;COG2114	Adenylate and Guanylate cyclase catalytic domain; T4 gene Gp59 loader of gp41 DNA helicase C-term; T4 gene Gp59 loader of gp41 DNA helicase
k127_31262_1	1	321	321	1	0.620	11	None	GENOMAD.058181.VV	6.055e-12	63	0	0	1	1	NA	NA	NA	PF11134	Phage stabilisation protein
k127_649191_1	298	759	462	-1	0.513	11	None	GENOMAD.116655.VV	1.441e-72	240	0	0	1	2561	Caudoviricetes	NA	NA	PF04860;TIGR01537;COG5005	phage portal protein, HK97 family
k127_31722_1	100	363	264	-1	0.602	11	None	GENOMAD.045267.VV	4.707e-14	68	0	0	1	2561	Caudoviricetes	NA	NA	PF20387;COG3864	Predicted metal-dependent peptidase
k127_337359_1	1	2049	2049	-1	0.627	11	None	GENOMAD.054240.VV	7.477e-14	78	0	0	0	11831	Demerecviridae	NA	NA	PF03120;PF01653;COG0272;TIGR00575;K01972	NAD-dependent DNA ligase
k127_337359_2	2136	2798	663	-1	0.656	11	None	NA	NA	NA	0	0	0	1	NA	NA	NA	NA	NA
k127_571851_1	1	645	645	-1	0.668	11	None	GENOMAD.116655.VV	1.251e-18	87	0	0	1	2561	Caudoviricetes	NA	NA	PF04860;TIGR01537;COG5005	phage portal protein, HK97 family
k127_491609_1	2	190	189	1	0.593	11	None	NA	NA	NA	0	0	0	1	NA	NA	NA	NA	NA
k127_491609_2	187	846	660	1	0.623	11	4Base/6BMM	GENOMAD.023316.VV	3.327e-09	59	0	0	1	2561	Caudoviricetes	NA	NA	PF03167;PF18906;TIGR00758;COG1573;K21929	uracil-DNA glycosylase, family 4
k127_649565_1	1	282	282	-1	0.709	11	None	GENOMAD.226588.VP	0.0001593	41	0	0	1	1	NA	NA	NA	PF11242;COG4584;TIGR00721;K07500	Transposase
k127_108304_1	1	828	828	-1	0.213	11	AATAA	GENOMAD.154384.VP	0.0002094	45	0	0	1	2561	Caudoviricetes	NA	NA	PF19835;TIGR01453;COG3680	group I intron endonuclease
k127_108304_2	970	1047	78	-1	0.308	11	None	NA	NA	NA	0	0	0	1	NA	NA	NA	NA	NA
k127_572118_1	189	2156	1968	-1	0.559	11	3Base/5BMM	NA	NA	NA	0	0	0	1	NA	NA	NA	NA	NA
k127_726932_1	2	523	522	1	0.630	11	None	GENOMAD.013210.VV	1.062e-13	71	0	0	1	2561	Caudoviricetes	NA	NA	PF00211;PF08994;PF08993;COG2114	Adenylate and Guanylate cyclase catalytic domain; T4 gene Gp59 loader of gp41 DNA helicase C-term; T4 gene Gp59 loader of gp41 DNA helicase
k127_260983_1	1	609	609	1	0.601	11	None	GENOMAD.181728.VV	1.974e-17	83	0	0	1	2561	Caudoviricetes	NA	NA	PF09588;COG5377;TIGR03033	Phage-related protein, predicted endonuclease
k127_260983_2	596	775	180	1	0.606	11	GGAG/GAGG	NA	NA	NA	0	0	0	1	NA	NA	NA	NA	NA
k127_491807_1	1	303	303	1	0.528	11	None	GENOMAD.125897.VV	2.073e-20	87	0	0	1	2561	Caudoviricetes	NA	NA	PF04586;K06904;COG3740;TIGR01543	Phage head maturation protease
k127_572511_1	1	306	306	-1	0.569	11	AGGAG	NA	NA	NA	0	0	0	1	NA	NA	NA	NA	NA
k127_572511_2	346	705	360	-1	0.522	11	None	GENOMAD.053137.VV	3.69e-22	93	0	0	1	2561	Caudoviricetes	NA	NA	PF17482	Phage tail sheath C-terminal domain
k127_492354_1	3	332	330	1	0.600	11	None	GENOMAD.151393.VP	1.114e-30	117	0	0	1	2561	Caudoviricetes	NA	NA	PF17288;TIGR01547;COG1783	phage terminase, large subunit, PBSX family
k127_492418_1	128	427	300	1	0.593	11	None	GENOMAD.045267.VV	1.593e-14	70	0	0	1	2561	Caudoviricetes	NA	NA	PF20387;COG3864	Predicted metal-dependent peptidase
k127_33072_1	2	352	351	-1	0.630	11	None	GENOMAD.068048.VV	6.104e-16	75	0	0	1	2561	Caudoviricetes	NA	NA	PF20307;TIGR03600;K02314;COG0305	phage replicative helicase, DnaB family, HK022 subfamily
k127_186879_1	1	513	513	1	0.587	11	None	GENOMAD.013210.VV	6.105e-21	92	0	0	1	2561	Caudoviricetes	NA	NA	PF00211;PF08994;PF08993;COG2114	Adenylate and Guanylate cyclase catalytic domain; T4 gene Gp59 loader of gp41 DNA helicase C-term; T4 gene Gp59 loader of gp41 DNA helicase
k127_492893_1	2	583	582	-1	0.550	11	None	GENOMAD.060259.VV	4.203e-06	49	0	0	1	2561	Caudoviricetes	NA	NA	PF20307;TIGR02236;COG0468;K04484	Divergent DnaB-like ATPase
k127_728374_1	1	918	918	1	0.664	11	None	GENOMAD.116655.VV	5.466e-44	165	0	0	1	2561	Caudoviricetes	NA	NA	PF04860;TIGR01537;COG5005	phage portal protein, HK97 family
k127_651159_1	3	506	504	-1	0.641	11	None	GENOMAD.093760.VV	1.04e-22	97	0	0	1	2561	Caudoviricetes	NA	NA	PF05876;K21512;COG5525;TIGR01547	Phage terminase, large subunit GpA
k127_493412_1	2	391	390	-1	0.272	11	None	GENOMAD.004528.VV	9.071e-34	127	0	0	1	2561	Caudoviricetes	NA	NA	PF11134	Phage stabilisation protein
k127_651837_1	1	210	210	1	0.676	11	None	NA	NA	NA	0	0	0	1	NA	NA	NA	NA	NA
k127_651837_2	200	841	642	-1	0.704	11	None	GENOMAD.068590.VV	7.641e-27	111	0	0	1	2561	Caudoviricetes	NA	NA	PF13871;PF11242;K11654;TIGR00721	C-terminal domain on Strawberry notch homologue
k127_651920_1	2	442	441	-1	0.574	11	None	GENOMAD.180754.VP	8.002e-26	105	0	0	1	2561	Caudoviricetes	NA	NA	PF05876;PF20454;K21512;COG5525;TIGR04104	Phage terminase, large subunit GpA
k127_729708_1	2	349	348	-1	0.598	11	None	GENOMAD.068048.VV	5.864e-16	75	0	0	1	2561	Caudoviricetes	NA	NA	PF20307;TIGR03600;K02314;COG0305	phage replicative helicase, DnaB family, HK022 subfamily
k127_263571_1	2	316	315	1	0.746	11	None	GENOMAD.049904.VV	1.245e-11	62	0	0	1	2561	Caudoviricetes	NA	NA	PF05069;COG5005;TIGR01725	Mu-like prophage protein gpG
k127_263591_1	2	232	231	-1	0.580	11	TATA	GENOMAD.129590.VP	2.984e-14	68	0	0	1	2561	Caudoviricetes	NA	NA	PF07141	Putative bacteriophage terminase small subunit
k127_111445_1	2	850	849	1	0.715	11	None	GENOMAD.013210.VV	2.968e-19	91	0	0	1	2561	Caudoviricetes	NA	NA	PF00211;PF08994;PF08993;COG2114	Adenylate and Guanylate cyclase catalytic domain; T4 gene Gp59 loader of gp41 DNA helicase C-term; T4 gene Gp59 loader of gp41 DNA helicase
k127_575356_1	1	540	540	1	0.659	11	None	GENOMAD.068048.VV	3.172e-09	58	0	0	1	2561	Caudoviricetes	NA	NA	PF20307;TIGR03600;K02314;COG0305	phage replicative helicase, DnaB family, HK022 subfamily
k127_111680_1	1	366	366	1	0.664	11	None	GENOMAD.068048.VV	1.816e-14	71	0	0	1	2561	Caudoviricetes	NA	NA	PF20307;TIGR03600;K02314;COG0305	phage replicative helicase, DnaB family, HK022 subfamily
k127_575898_1	1	840	840	1	0.620	11	None	GENOMAD.068048.VV	1.295e-19	92	0	0	1	2561	Caudoviricetes	NA	NA	PF20307;TIGR03600;K02314;COG0305	phage replicative helicase, DnaB family, HK022 subfamily
k127_731561_1	1	465	465	1	0.647	11	None	GENOMAD.013210.VV	5.478e-15	74	0	0	1	2561	Caudoviricetes	NA	NA	PF00211;PF08994;PF08993;COG2114	Adenylate and Guanylate cyclase catalytic domain; T4 gene Gp59 loader of gp41 DNA helicase C-term; T4 gene Gp59 loader of gp41 DNA helicase
k127_419027_1	1	396	396	-1	0.561	11	None	GENOMAD.123534.VP	2.779e-47	166	0	0	1	2561	Caudoviricetes	NA	NA	PF05133;TIGR01538	Phage portal protein, SPP1 Gp6-like
k127_36926_1	2	280	279	1	0.670	11	None	GENOMAD.119462.VV	5.578e-07	48	0	0	1	2561	Caudoviricetes	NA	NA	TIGR01543	phage prohead protease, HK97 family
k127_36926_2	277	342	66	1	0.606	11	AGGA	NA	NA	NA	0	0	0	1	NA	NA	NA	NA	NA
k127_419340_1	3	383	381	1	0.630	11	None	GENOMAD.068048.VV	1.763e-16	77	0	0	1	2561	Caudoviricetes	NA	NA	PF20307;TIGR03600;K02314;COG0305	phage replicative helicase, DnaB family, HK022 subfamily
k127_265745_1	3	416	414	1	0.587	11	None	GENOMAD.161999.VV	3.007e-49	172	0	0	1	2561	Caudoviricetes	NA	NA	PF05894;K06909;TIGR01547;COG1783	Podovirus DNA encapsidation protein (Gp16)
k127_190765_1	123	332	210	1	0.633	11	None	GENOMAD.152079.VP	7.662e-10	55	0	0	1	2561	Caudoviricetes	NA	NA	PF07141;COG2826;TIGR00721	Putative bacteriophage terminase small subunit
k127_732438_1	2	340	339	1	0.670	11	None	GENOMAD.017632.VV	1.012e-08	54	0	0	1	2561	Caudoviricetes	NA	NA	PF03354;COG5410;TIGR01547	phage terminase, large subunit, PBSX family
k127_192031_1	2	346	345	1	0.646	11	None	GENOMAD.116655.VV	6.273e-23	95	0	0	1	2561	Caudoviricetes	NA	NA	PF04860;TIGR01537;COG5005	phage portal protein, HK97 family
k127_656193_1	3	203	201	1	0.488	11	None	NA	NA	NA	0	0	0	1	NA	NA	NA	NA	NA
k127_656193_2	203	1885	1683	1	0.483	11	None	NA	NA	NA	0	0	0	1	NA	NA	NA	NA	NA
k127_656193_3	2054	2302	249	1	0.534	11	AGGAG	NA	NA	NA	0	0	0	1	NA	NA	NA	NA	NA
k127_267141_1	3	260	258	1	0.733	11	None	NA	NA	NA	0	0	0	1	NA	NA	NA	NA	NA
k127_267141_2	603	1049	447	1	0.740	11	GGAGG	GENOMAD.124507.VV	9.238e-42	151	0	0	1	2561	Caudoviricetes	NA	NA	PF11242;K22300;COG3655;TIGR00673	DNA-binding transcriptional regulator, XRE family
k127_192648_1	2	322	321	1	0.636	11	None	GENOMAD.013124.VV	4.013e-08	52	0	0	1	377	Drexlerviridae	NA	NA	PF13262;COG5410	NA
k127_421555_1	109	729	621	-1	0.675	11	None	GENOMAD.057710.VV	5.122e-06	49	0	0	1	2561	Caudoviricetes	NA	NA	PF00589;PF04860;K07358;TIGR01537	Phage integrase family; Phage portal protein
k127_421555_2	726	950	225	-1	0.644	11	None	NA	NA	NA	0	0	0	1	NA	NA	NA	NA	NA
k127_657242_1	1	375	375	-1	0.565	11	None	GENOMAD.208174.VP	9.173e-15	72	0	0	1	2561	Caudoviricetes	NA	NA	PF11242;PF00271;TIGR00721;COG4584	DNA-binding protein, Tfx family
k127_579658_1	1	273	273	-1	0.736	11	None	GENOMAD.124507.VV	1.47e-19	84	0	0	1	2561	Caudoviricetes	NA	NA	PF11242;K22300;COG3655;TIGR00673	DNA-binding transcriptional regulator, XRE family
k127_734777_1	3	470	468	-1	0.571	11	None	GENOMAD.111208.VP	1.909e-06	49	0	0	1	2561	Caudoviricetes	NA	NA	PF20441	Terminase large subunit, endonuclease domain
k127_344686_1	1	645	645	1	0.225	4	None	GENOMAD.041353.VV	0.0002428	44	0	0	1	2561	Caudoviricetes	NA	NA	PF19835;TIGR01453;COG2827	group I intron endonuclease
k127_422144_1	1	321	321	1	0.632	11	None	GENOMAD.221952.VV	7.37e-10	57	0	0	1	2561	Caudoviricetes	NA	NA	PF06890;COG4384;TIGR01644	Mu-like prophage protein gp45
k127_345375_1	4	384	381	-1	0.714	11	None	GENOMAD.124507.VV	3.768e-33	125	0	0	1	2561	Caudoviricetes	NA	NA	PF11242;K22300;COG3655;TIGR00673	DNA-binding transcriptional regulator, XRE family
k127_423289_1	3	260	258	-1	0.733	11	AGGAG	NA	NA	NA	0	0	0	1	NA	NA	NA	NA	NA
k127_423289_2	274	2391	2118	-1	0.700	11	GGA/GAG/AGG	GENOMAD.019024.VV	3.143e-100	346	0	0	0	2561	Caudoviricetes	NA	NA	NA	NA
k127_423289_3	2396	2713	318	-1	0.619	11	None	NA	NA	NA	0	0	0	1	NA	NA	NA	NA	NA
k127_423289_4	2715	2903	189	-1	0.630	11	GGAGG	NA	NA	NA	0	0	0	1	NA	NA	NA	NA	NA
k127_423289_5	2905	3210	306	-1	0.703	11	None	NA	NA	NA	0	0	0	1	NA	NA	NA	NA	NA
k127_423289_6	3550	3765	216	1	0.648	11	GGAGG	NA	NA	NA	0	0	0	1	NA	NA	NA	NA	NA
k127_423289_7	3758	4288	531	1	0.669	11	GGAGG	NA	NA	NA	0	0	0	1	NA	NA	NA	NA	NA
k127_41670_1	41	370	330	-1	0.588	11	None	GENOMAD.158965.VP	7.094e-35	129	0	0	1	2561	Caudoviricetes	NA	NA	PF05772;PF04404;COG5362	NinB protein; ERF superfamily
k127_117760_1	1	351	351	1	0.570	11	None	GENOMAD.171651.VP	1.132e-41	149	0	0	1	2561	Caudoviricetes	NA	NA	PF10076	Bacteriophage Mu-like, Gp48
k127_346410_1	1	360	360	1	0.619	11	None	GENOMAD.116655.VV	6.109e-25	101	0	0	1	2561	Caudoviricetes	NA	NA	PF04860;TIGR01537;COG5005	phage portal protein, HK97 family
k127_423565_1	3	329	327	-1	0.254	11	None	GENOMAD.154384.VP	1.607e-10	59	0	0	1	2561	Caudoviricetes	NA	NA	PF19835;TIGR01453;COG3680	group I intron endonuclease
k127_269702_1	136	315	180	1	0.706	11	None	GENOMAD.124507.VV	4.155e-18	78	0	0	1	2561	Caudoviricetes	NA	NA	PF11242;K22300;COG3655;TIGR00673	DNA-binding transcriptional regulator, XRE family
k127_269703_1	1	369	369	-1	0.629	11	None	GENOMAD.068048.VV	7.742e-16	75	0	0	1	2561	Caudoviricetes	NA	NA	PF20307;TIGR03600;K02314;COG0305	phage replicative helicase, DnaB family, HK022 subfamily
k127_581676_1	3	374	372	-1	0.653	11	GGAGG	GENOMAD.062241.VV	3.152e-42	151	0	0	1	2561	Caudoviricetes	NA	NA	PF06199;COG5437;TIGR02126	Predicted secreted protein
k127_581676_2	529	936	408	-1	0.664	11	GGAG/GAGG	GENOMAD.092143.VV	4.462e-27	108	0	0	1	2561	Caudoviricetes	NA	NA	PF11367	NA
k127_581676_3	933	1247	315	-1	0.705	11	GGA/GAG/AGG	GENOMAD.027719.VV	3.589e-08	52	0	0	1	2561	Caudoviricetes	NA	NA	PF05521;COG5614;TIGR01563	Bacteriophage head-tail adaptor
k127_581676_4	1244	1807	564	-1	0.688	11	AGGA	GENOMAD.104698.VC	7.975e-35	133	0	0	1	2561	Caudoviricetes	NA	NA	PF05135;TIGR02215	phage conserved hypothetical protein, phiE125 gp8 family
k127_581676_5	1819	1926	108	-1	0.750	11	None	NA	NA	NA	0	0	0	1	NA	NA	NA	NA	NA
k127_659558_1	3	497	495	-1	0.657	11	None	GENOMAD.064229.VV	2.816e-54	188	0	0	1	2561	Caudoviricetes	NA	NA	PF05133;TIGR01538	phage portal protein, SPP1 family
k127_42539_1	1	1278	1278	1	0.620	11	None	NA	NA	NA	0	0	0	1	NA	NA	NA	NA	NA
k127_42539_2	1987	2526	540	1	0.637	11	GGA/GAG/AGG	GENOMAD.220115.VV	1.473e-07	53	0	0	0	2561	Caudoviricetes	NA	NA	PF02075;COG0817;TIGR00228	Holliday junction resolvasome RuvABC endonuclease subunit
k127_42539_3	2931	3287	357	-1	0.591	11	GGAG/GAGG	GENOMAD.132443.VP	7.169e-31	118	0	0	0	2561	Caudoviricetes	NA	NA	NA	NA
k127_347291_1	3	329	327	1	0.624	11	None	GENOMAD.068048.VV	1.041e-14	71	0	0	1	2561	Caudoviricetes	NA	NA	PF20307;TIGR03600;K02314;COG0305	phage replicative helicase, DnaB family, HK022 subfamily
k127_501352_1	3	686	684	-1	0.664	11	None	GENOMAD.068048.VV	8.282e-09	58	0	0	1	2561	Caudoviricetes	NA	NA	PF20307;TIGR03600;K02314;COG0305	phage replicative helicase, DnaB family, HK022 subfamily
k127_582780_1	3	350	348	-1	0.569	11	None	GENOMAD.158965.VP	7.246e-30	115	0	0	1	2561	Caudoviricetes	NA	NA	PF05772;PF04404;COG5362	NinB protein; ERF superfamily
k127_737875_1	2	754	753	-1	0.360	11	None	GENOMAD.016860.VV	7.057e-120	382	0	0	1	2561	Caudoviricetes	NA	NA	PF11134	Phage stabilisation protein
k127_501541_1	2	643	642	1	0.581	11	None	GENOMAD.169508.VP	2.734e-31	124	0	0	1	2561	Caudoviricetes	NA	NA	PF04708;PF13262;COG1961;K14060	Site-specific DNA recombinase related to the DNA invertase Pin
k127_582984_1	3	677	675	1	0.659	11	None	GENOMAD.013210.VV	3.832e-13	71	0	0	1	2561	Caudoviricetes	NA	NA	PF00211;PF08994;PF08993;COG2114	Adenylate and Guanylate cyclase catalytic domain; T4 gene Gp59 loader of gp41 DNA helicase C-term; T4 gene Gp59 loader of gp41 DNA helicase
k127_582984_2	695	793	99	-1	0.576	11	None	NA	NA	NA	0	0	0	1	NA	NA	NA	NA	NA
k127_501786_1	2	796	795	1	0.655	11	None	GENOMAD.013210.VV	1.966e-18	88	0	0	1	2561	Caudoviricetes	NA	NA	PF00211;PF08994;PF08993;COG2114	Adenylate and Guanylate cyclase catalytic domain; T4 gene Gp59 loader of gp41 DNA helicase C-term; T4 gene Gp59 loader of gp41 DNA helicase
k127_425208_1	2	385	384	-1	0.422	11	None	GENOMAD.129421.VV	8.85e-07	49	0	0	1	2561	Caudoviricetes	NA	NA	PF04466;PF17288;TIGR01547;COG1783;K06909	phage terminase, large subunit, PBSX family
k127_502115_1	2	580	579	-1	0.622	11	None	GENOMAD.013210.VV	8.585e-13	69	0	0	1	2561	Caudoviricetes	NA	NA	PF00211;PF08994;PF08993;COG2114	Adenylate and Guanylate cyclase catalytic domain; T4 gene Gp59 loader of gp41 DNA helicase C-term; T4 gene Gp59 loader of gp41 DNA helicase
k127_43885_1	3	887	885	-1	0.592	11	None	GENOMAD.169508.VP	6.281e-13	72	0	0	1	2561	Caudoviricetes	NA	NA	PF04708;PF13262;COG1961;K14060	Site-specific DNA recombinase related to the DNA invertase Pin
k127_197497_1	1	369	369	1	0.705	11	None	GENOMAD.056631.VV	6.072e-43	153	0	0	1	2561	Caudoviricetes	NA	NA	PF19821;TIGR04387	major capsid protein, N4-gp56 family
k127_425657_1	1	690	690	1	0.680	11	None	GENOMAD.068590.VV	1.915e-10	63	0	0	1	2561	Caudoviricetes	NA	NA	PF13871;PF11242;K11654;TIGR00721	C-terminal domain on Strawberry notch homologue
k127_197736_1	2	784	783	-1	0.621	11	None	GENOMAD.013210.VV	7.968e-23	101	0	0	1	2561	Caudoviricetes	NA	NA	PF00211;PF08994;PF08993;COG2114	Adenylate and Guanylate cyclase catalytic domain; T4 gene Gp59 loader of gp41 DNA helicase C-term; T4 gene Gp59 loader of gp41 DNA helicase
k127_120705_1	3	311	309	1	0.583	11	None	GENOMAD.060259.VV	9.311e-06	45	0	0	1	2561	Caudoviricetes	NA	NA	PF20307;TIGR02236;COG0468;K04484	Divergent DnaB-like ATPase
k127_503076_1	1	603	603	-1	0.663	11	GGA/GAG/AGG	GENOMAD.033718.VV	9.567e-05	45	0	0	1	2561	Caudoviricetes	NA	NA	PF08813;K21038	Phage tail tube protein, TTP
k127_198273_1	93	347	255	1	0.584	11	GGA/GAG/AGG	GENOMAD.129590.VP	1.725e-15	72	0	0	1	2561	Caudoviricetes	NA	NA	PF07141	Putative bacteriophage terminase small subunit
k127_739990_1	3	503	501	-1	0.681	11	None	GENOMAD.070325.VV	2.481e-05	46	0	0	1	1	NA	NA	NA	PF09293	T4 RNase H, C terminal
k127_272921_1	2	427	426	1	0.601	11	None	GENOMAD.013210.VV	3.085e-34	129	0	0	1	2561	Caudoviricetes	NA	NA	PF00211;PF08994;PF08993;COG2114	Adenylate and Guanylate cyclase catalytic domain; T4 gene Gp59 loader of gp41 DNA helicase C-term; T4 gene Gp59 loader of gp41 DNA helicase
k127_121422_1	2	427	426	-1	0.573	11	None	GENOMAD.023991.VV	3.537e-24	100	0	0	1	2561	Caudoviricetes	NA	NA	COG5410	Mu-like prophage FluMu protein gp28
k127_663147_1	3	434	432	1	0.579	11	None	GENOMAD.169508.VP	1.069e-20	90	0	0	1	2561	Caudoviricetes	NA	NA	PF04708;PF13262;COG1961;K14060	Site-specific DNA recombinase related to the DNA invertase Pin
k127_585544_1	3	344	342	1	0.737	11	None	GENOMAD.124507.VV	1.627e-36	134	0	0	1	2561	Caudoviricetes	NA	NA	PF11242;K22300;COG3655;TIGR00673	DNA-binding transcriptional regulator, XRE family
k127_585802_1	135	671	537	-1	0.680	11	None	GENOMAD.013210.VV	1.352e-10	62	0	0	1	2561	Caudoviricetes	NA	NA	PF00211;PF08994;PF08993;COG2114	Adenylate and Guanylate cyclase catalytic domain; T4 gene Gp59 loader of gp41 DNA helicase C-term; T4 gene Gp59 loader of gp41 DNA helicase
k127_504429_1	2	883	882	1	0.632	11	None	GENOMAD.053137.VV	8.136e-24	105	0	0	1	2561	Caudoviricetes	NA	NA	PF17482	Phage tail sheath C-terminal domain
k127_122535_1	3	482	480	1	0.673	11	None	GENOMAD.053137.VV	4.12e-21	92	0	0	1	2561	Caudoviricetes	NA	NA	PF17482	Phage tail sheath C-terminal domain
k127_664153_1	1	201	201	-1	0.657	11	GGAG/GAGG	GENOMAD.196905.VP	4.846e-06	44	0	0	1	2561	Caudoviricetes	NA	NA	PF07463;PF11242;TIGR00721;COG5352	NUMOD4 motif
k127_46700_1	1	687	687	1	0.681	11	None	GENOMAD.169508.VP	7.077e-06	49	0	0	1	2561	Caudoviricetes	NA	NA	PF04708;PF13262;COG1961;K14060	Site-specific DNA recombinase related to the DNA invertase Pin
k127_428137_1	2	349	348	1	0.667	11	None	GENOMAD.068048.VV	5.864e-16	75	0	0	1	2561	Caudoviricetes	NA	NA	PF20307;TIGR03600;K02314;COG0305	phage replicative helicase, DnaB family, HK022 subfamily
k127_428998_1	1	384	384	1	0.622	11	None	GENOMAD.068048.VV	9.897e-15	72	0	0	1	2561	Caudoviricetes	NA	NA	PF20307;TIGR03600;K02314;COG0305	phage replicative helicase, DnaB family, HK022 subfamily
k127_123634_1	2	211	210	-1	0.495	11	None	GENOMAD.195656.VP	2.187e-07	48	0	0	1	9067	Straboviridae	NA	NA	PF19835;PF07453;TIGR01453;COG2827	group I intron endonuclease
k127_123983_1	3	491	489	1	0.685	11	None	GENOMAD.118632.VP	9.165e-10	59	0	0	1	2561	Caudoviricetes	NA	NA	PF00476;PF07141	DNA polymerase family A; Putative bacteriophage terminase small subunit
k127_665683_1	1	522	522	1	0.630	11	None	GENOMAD.013210.VV	2.445e-12	67	0	0	1	2561	Caudoviricetes	NA	NA	PF00211;PF08994;PF08993;COG2114	Adenylate and Guanylate cyclase catalytic domain; T4 gene Gp59 loader of gp41 DNA helicase C-term; T4 gene Gp59 loader of gp41 DNA helicase
k127_665873_1	3	593	591	1	0.494	11	None	GENOMAD.012383.VV	9.737e-12	66	0	0	1	2561	Caudoviricetes	NA	NA	PF11134	Phage stabilisation protein
k127_352452_1	1	426	426	-1	0.655	11	None	GENOMAD.109691.VV	1.453e-25	104	0	0	1	2561	Caudoviricetes	NA	NA	PF06141	Phage minor tail protein U
k127_506208_1	393	1034	642	1	0.556	11	GGAGG	NA	NA	NA	0	0	0	1	NA	NA	NA	NA	NA
k127_506208_2	1205	2074	870	-1	0.625	11	GGA/GAG/AGG	GENOMAD.034315.VV	2.777e-31	127	0	0	0	2561	Caudoviricetes	NA	NA	PF01083;K08095;TIGR03056;COG3208	Cutinase
k127_506208_3	2076	2387	312	-1	0.599	11	AGGAG/GGAGG	GENOMAD.202522.VV	1.498e-24	99	0	0	0	1	NA	NA	NA	NA	NA
k127_506208_4	2712	2900	189	1	0.577	11	GGA/GAG/AGG	GENOMAD.086822.PP	6.694e-08	49	0	0	0	1	NA	NA	NA	PF10921;COG0718;TIGR00103;K09747	YbaB/EbfC DNA-binding family
k127_506208_5	3018	3428	411	-1	0.672	11	None	NA	NA	NA	0	0	0	1	NA	NA	NA	NA	NA
k127_48958_1	1	468	468	-1	0.669	11	None	GENOMAD.081761.VV	3.883e-08	54	0	0	0	1	NA	NA	NA	PF20195;COG4722	Phage-related protein
k127_48958_2	465	1169	705	-1	0.624	11	None	GENOMAD.112791.VP	3.46e-25	107	0	0	1	2561	Caudoviricetes	NA	NA	COG5280	NA
k127_49374_1	1	465	465	-1	0.662	11	None	GENOMAD.013210.VV	6.288e-13	68	0	0	1	2561	Caudoviricetes	NA	NA	PF00211;PF08994;PF08993;COG2114	Adenylate and Guanylate cyclase catalytic domain; T4 gene Gp59 loader of gp41 DNA helicase C-term; T4 gene Gp59 loader of gp41 DNA helicase
k127_276655_1	81	485	405	-1	0.630	11	None	GENOMAD.147427.VP	4.864e-17	79	0	0	1	2561	Caudoviricetes	NA	NA	PF07141	Putative bacteriophage terminase small subunit
k127_202905_1	3	188	186	1	0.672	11	None	GENOMAD.124507.VV	4.982e-10	55	0	0	1	2561	Caudoviricetes	NA	NA	PF11242;K22300;COG3655;TIGR00673	DNA-binding transcriptional regulator, XRE family
k127_49572_1	2	799	798	-1	0.652	11	None	GENOMAD.029399.VV	1.53e-09	61	0	0	1	1	NA	NA	NA	PF04865	Baseplate J-like protein
k127_430729_1	18	515	498	1	0.612	11	AGGAG	GENOMAD.127022.VV	1.146e-29	117	0	0	1	2561	Caudoviricetes	NA	NA	PF04586;K06904;COG3740;TIGR01543	Phage head maturation protease
k127_430729_2	696	755	60	1	0.550	11	AGGAG	NA	NA	NA	0	0	0	1	NA	NA	NA	NA	NA
k127_507481_1	1	387	387	-1	0.633	11	None	GENOMAD.169508.VP	1.067e-14	72	0	0	1	2561	Caudoviricetes	NA	NA	PF04708;PF13262;COG1961;K14060	Site-specific DNA recombinase related to the DNA invertase Pin
k127_126084_1	2	253	252	-1	0.540	11	AAAA	GENOMAD.064381.VV	1.01e-05	44	0	0	1	2561	Caudoviricetes	NA	NA	PF04717;TIGR01644;COG4384	phage baseplate assembly protein V
k127_126153_1	1	702	702	-1	0.642	11	None	GENOMAD.013210.VV	2.168e-16	81	0	0	1	2561	Caudoviricetes	NA	NA	PF00211;PF08994;PF08993;COG2114	Adenylate and Guanylate cyclase catalytic domain; T4 gene Gp59 loader of gp41 DNA helicase C-term; T4 gene Gp59 loader of gp41 DNA helicase
k127_507772_1	2	577	576	1	0.517	11	None	GENOMAD.023991.VV	8.807e-11	63	0	0	1	2561	Caudoviricetes	NA	NA	COG5410	Mu-like prophage FluMu protein gp28
k127_354276_1	1	288	288	1	0.646	11	None	GENOMAD.059582.VV	5.015e-32	120	0	0	1	2561	Caudoviricetes	NA	NA	TIGR01725	phage protein, HK97 gp10 family
k127_354276_2	285	665	381	1	0.680	11	GGAG/GAGG	GENOMAD.109691.VV	1.146e-21	92	0	0	1	2561	Caudoviricetes	NA	NA	PF06141	Phage minor tail protein U
k127_354282_1	3	320	318	1	0.616	11	None	GENOMAD.129999.VP	6.427e-11	60	0	0	1	2561	Caudoviricetes	NA	NA	PF04708;COG1961;K21528	Site-specific DNA recombinase related to the DNA invertase Pin
k127_668045_1	3	707	705	-1	0.579	11	None	GENOMAD.116655.VV	1.078e-53	190	0	0	1	2561	Caudoviricetes	NA	NA	PF04860;TIGR01537;COG5005	phage portal protein, HK97 family
k127_354519_1	61	423	363	-1	0.642	11	None	GENOMAD.063098.VV	6.872e-07	49	0	0	1	2561	Caudoviricetes	NA	NA	PF11126	Transcriptional regulator DsbA
k127_354520_1	2	2773	2772	1	0.485	11	None	NA	NA	NA	0	0	0	1	NA	NA	NA	NA	NA
k127_126796_1	100	1134	1035	1	0.689	11	None	GENOMAD.042265.VV	3.741e-05	48	0	0	1	2561	Caudoviricetes	NA	NA	PF20307;TIGR02237;COG0468;K04485	Divergent DnaB-like ATPase
k127_432048_1	1	441	441	-1	0.535	11	None	GENOMAD.020679.VV	1.07e-39	145	0	0	1	2561	Caudoviricetes	NA	NA	PF20441;PF05876;COG4626;TIGR01547	Phage terminase-like protein, large subunit, contains N-terminal HTH domain
k127_354876_1	2	460	459	-1	0.645	11	AGGAG	GENOMAD.031977.VV	1.214e-13	70	0	0	1	2561	Caudoviricetes	NA	NA	COG3740;K06904	Phage head maturation protease
k127_354940_1	1	528	528	1	0.705	11	None	GENOMAD.121414.VV	1.336e-22	97	0	0	1	2561	Caudoviricetes	NA	NA	PF07409;COG4381	Phage protein GP46
k127_354940_2	532	675	144	1	0.729	11	None	NA	NA	NA	0	0	0	1	NA	NA	NA	NA	NA
k127_127257_1	1	570	570	1	0.632	11	None	GENOMAD.038338.VV	2.947e-17	82	0	0	0	2561	Caudoviricetes	NA	NA	COG3392	NA
k127_127257_2	563	982	420	1	0.655	11	AGxAGG/AGGxGG	GENOMAD.154021.VP	4.931e-19	85	0	0	1	2561	Caudoviricetes	NA	NA	PF07141;TIGR03384	Putative bacteriophage terminase small subunit
k127_127257_3	972	2162	1191	1	0.647	11	AGxAGG/AGGxGG	GENOMAD.099865.VV	4.469e-58	210	0	0	1	2561	Caudoviricetes	NA	NA	PF04466;PF17289;TIGR01547;COG5323;K06909	phage terminase, large subunit, PBSX family
k127_355403_1	2	709	708	1	0.205	11	None	GENOMAD.108545.VV	1.017e-10	64	0	0	1	1	NA	NA	NA	PF19835;TIGR01453	group I intron endonuclease
k127_127544_1	1	447	447	1	0.463	11	None	GENOMAD.068648.VV	1.852e-84	274	0	0	1	2561	Caudoviricetes	NA	NA	PF20441;PF03354;COG4626;TIGR01547	Phage terminase-like protein, large subunit, contains N-terminal HTH domain
k127_509111_1	2	370	369	1	0.599	11	None	GENOMAD.106143.VV	3.198e-49	171	0	0	1	1	NA	NA	NA	PF10109	Phage tail assembly chaperone proteins, E, or 41 or 14
k127_509111_2	559	702	144	1	0.583	11	GGAG/GAGG	NA	NA	NA	0	0	0	1	NA	NA	NA	NA	NA
k127_592000_1	1	345	345	1	0.632	11	None	GENOMAD.219885.VP	2.294e-17	79	0	0	1	2561	Caudoviricetes	NA	NA	PF05954;COG4379;TIGR03361;K06905	Mu-like prophage tail protein gpP
k127_205842_1	2	664	663	1	0.585	11	None	GENOMAD.140454.VP	7.74e-12	67	0	0	1	2561	Caudoviricetes	NA	NA	PF17948;PF09681;TIGR01714	DnaT DNA-binding domain; N-terminal phage replisome organiser (Phage_rep_org_N)
k127_509672_1	52	1176	1125	1	0.705	11	GGAG/GAGG	GENOMAD.065578.VV	1.105e-69	243	0	0	1	2561	Caudoviricetes	NA	NA	PF04860;PF04233;TIGR01537;COG4695;K06904	phage portal protein, HK97 family
k127_509672_2	1199	1645	447	1	0.629	11	GGAG/GAGG	NA	NA	NA	0	0	0	1	NA	NA	NA	NA	NA
k127_433536_1	197	649	453	1	0.589	11	GGAGG	GENOMAD.082189.VV	4.442e-25	103	0	0	1	2561	Caudoviricetes	NA	NA	PF00959;COG3772	Phage-related lysozyme (muramidase), GH24 family
k127_128451_1	3	131	129	-1	0.620	11	GGA/GAG/AGG	NA	NA	NA	0	0	0	1	NA	NA	NA	NA	NA
k127_128451_2	213	848	636	-1	0.616	11	None	GENOMAD.057710.VV	2.722e-07	53	0	0	1	2561	Caudoviricetes	NA	NA	PF00589;PF04860;K07358;TIGR01537	Phage integrase family; Phage portal protein
k127_53095_1	3	1238	1236	-1	0.373	11	AGGA	NA	NA	NA	0	0	0	1	NA	NA	NA	NA	NA
k127_53095_2	1241	1855	615	-1	0.389	11	AGGA	NA	NA	NA	0	0	0	1	NA	NA	NA	NA	NA
k127_53095_3	1865	2221	357	-1	0.356	11	None	NA	NA	NA	0	0	0	1	NA	NA	NA	NA	NA
k127_53095_4	2218	5625	3408	-1	0.371	11	None	GENOMAD.133744.VP	2.089e-11	71	0	0	0	2561	Caudoviricetes	NA	NA	PF16190	Ubiquitin-activating enzyme E1 FCCH domain
k127_592900_1	1	357	357	1	0.641	11	None	GENOMAD.038338.VV	3.457e-14	70	0	0	0	2561	Caudoviricetes	NA	NA	COG3392	NA
k127_592900_2	399	554	156	1	0.679	11	None	GENOMAD.154824.VP	1.251e-11	59	0	0	1	2561	Caudoviricetes	NA	NA	PF07141;TIGR00721;COG4584	Putative bacteriophage terminase small subunit
k127_206930_1	83	325	243	1	0.560	11	GGA/GAG/AGG	GENOMAD.045267.VV	1.415e-08	52	0	0	1	2561	Caudoviricetes	NA	NA	PF20387;COG3864	Predicted metal-dependent peptidase
k127_671257_1	3	332	330	-1	0.667	11	None	GENOMAD.222396.VV	2.411e-06	47	0	0	1	2561	Caudoviricetes	NA	NA	PF05766;TIGR02646	Bacteriophage Lambda NinG protein
k127_671315_1	3	572	570	-1	0.653	11	None	GENOMAD.013210.VV	3.198e-16	79	0	0	1	2561	Caudoviricetes	NA	NA	PF00211;PF08994;PF08993;COG2114	Adenylate and Guanylate cyclase catalytic domain; T4 gene Gp59 loader of gp41 DNA helicase C-term; T4 gene Gp59 loader of gp41 DNA helicase
k127_510776_1	1	375	375	1	0.643	11	None	GENOMAD.223594.VP	1.724e-06	48	0	0	1	2561	Caudoviricetes	NA	NA	PF11994;PF09684;TIGR01634;COG4385	phage tail protein, P2 protein I family
k127_671324_1	3	1289	1287	-1	0.671	11	None	GENOMAD.108416.VP	2.85e-54	200	0	0	1	2561	Caudoviricetes	NA	NA	PF11863;COG4386	Mu-like prophage tail sheath protein gpL
k127_129599_1	1	324	324	1	0.614	11	None	GENOMAD.016110.VV	1.873e-08	53	0	0	1	2561	Caudoviricetes	NA	NA	PF11134	Phage stabilisation protein
k127_357528_1	1	99	99	1	0.657	11	None	NA	NA	NA	0	0	0	1	NA	NA	NA	NA	NA
k127_357528_2	74	376	303	1	0.604	11	None	GENOMAD.159706.VV	2.917e-24	98	0	0	1	2561	Caudoviricetes	NA	NA	PF17288;PF07141	Terminase RNAseH like domain; Putative bacteriophage terminase small subunit
k127_671477_1	3	455	453	1	0.556	11	None	GENOMAD.119087.VP	2.185e-75	248	0	0	1	2561	Caudoviricetes	NA	NA	PF05876;PF20454;COG5525;K21512;TIGR01547	Phage terminase, large subunit GpA
k127_357552_1	3	545	543	1	0.545	11	None	NA	NA	NA	0	0	0	1	NA	NA	NA	NA	NA
k127_357552_2	584	2566	1983	1	0.491	11	None	NA	NA	NA	0	0	0	1	NA	NA	NA	NA	NA
k127_671600_1	3	308	306	-1	0.556	11	None	GENOMAD.171651.VP	6.19e-41	146	0	0	1	2561	Caudoviricetes	NA	NA	PF10076	Bacteriophage Mu-like, Gp48
k127_671600_2	310	591	282	-1	0.582	11	None	NA	NA	NA	0	0	0	1	NA	NA	NA	NA	NA
k127_280940_1	1	621	621	-1	0.655	11	None	GENOMAD.068590.VV	2.524e-14	74	0	0	1	2561	Caudoviricetes	NA	NA	PF13871;PF11242;K11654;TIGR00721	C-terminal domain on Strawberry notch homologue
k127_281337_1	3	497	495	-1	0.329	11	AGGAG	GENOMAD.024083.VV	1.635e-34	131	0	0	1	2561	Caudoviricetes	NA	NA	PF16510;PF11650	Phage P22-like portal protein; P22 tail accessory factor
k127_281337_2	457	777	321	-1	0.346	11	None	NA	NA	NA	0	0	0	1	NA	NA	NA	NA	NA
k127_281416_1	1	336	336	-1	0.664	11	None	GENOMAD.172137.VP	5.509e-23	95	0	0	1	2561	Caudoviricetes	NA	NA	PF07141;COG3728;TIGR02036	Putative bacteriophage terminase small subunit
k127_358302_1	1	306	306	1	0.641	11	None	GENOMAD.004420.VV	1.761e-22	93	0	0	1	2561	Caudoviricetes	NA	NA	PF20441;COG5362	Terminase large subunit, endonuclease domain
k127_511830_1	2	400	399	1	0.524	11	None	GENOMAD.115798.VV	2.56e-56	192	0	0	0	2561	Caudoviricetes	NA	NA	NA	NA
k127_511830_2	444	731	288	1	0.569	11	GGAG/GAGG	GENOMAD.093408.VV	2.521e-47	164	0	0	1	2561	Caudoviricetes	NA	NA	PF09356;PF11836;TIGR02218	phage conserved hypothetical protein BR0599
k127_672698_1	2	307	306	-1	0.686	11	None	GENOMAD.051743.VV	1.222e-10	59	0	0	1	2561	Caudoviricetes	NA	NA	PF12206;COG5614;TIGR01563	Minor capsid protein
k127_282199_1	22	414	393	-1	0.603	11	None	GENOMAD.045267.VV	2.917e-12	65	0	0	1	2561	Caudoviricetes	NA	NA	PF20387;COG3864	Predicted metal-dependent peptidase
k127_595359_1	3	500	498	1	0.681	11	None	GENOMAD.068048.VV	1.619e-15	76	0	0	1	2561	Caudoviricetes	NA	NA	PF20307;TIGR03600;K02314;COG0305	phage replicative helicase, DnaB family, HK022 subfamily
k127_359504_1	1	456	456	-1	0.664	11	None	GENOMAD.068590.VV	6.499e-11	62	0	0	1	2561	Caudoviricetes	NA	NA	PF13871;PF11242;K11654;TIGR00721	C-terminal domain on Strawberry notch homologue
k127_673695_1	2	439	438	1	0.737	11	None	GENOMAD.013210.VV	9.608e-14	70	0	0	1	2561	Caudoviricetes	NA	NA	PF00211;PF08994;PF08993;COG2114	Adenylate and Guanylate cyclase catalytic domain; T4 gene Gp59 loader of gp41 DNA helicase C-term; T4 gene Gp59 loader of gp41 DNA helicase
k127_209789_1	1	1815	1815	1	0.649	11	None	GENOMAD.024976.VV	4.391e-05	49	0	0	0	2561	Caudoviricetes	NA	NA	COG5471	Predicted phage recombinase, RecA/RadA family
k127_209789_2	1988	2359	372	1	0.653	11	GGA/GAG/AGG	NA	NA	NA	0	0	0	1	NA	NA	NA	NA	NA
k127_209789_3	2422	3516	1095	-1	0.636	11	None	GENOMAD.046845.VV	1.767e-28	121	0	0	0	2561	Caudoviricetes	NA	NA	PF10431	NA
k127_209828_1	3	503	501	1	0.697	11	None	GENOMAD.118632.VP	2.467e-06	49	0	0	1	2561	Caudoviricetes	NA	NA	PF00476;PF07141	DNA polymerase family A; Putative bacteriophage terminase small subunit
k127_514200_1	28	366	339	-1	0.658	11	None	GENOMAD.116655.VV	3.006e-13	67	0	0	1	2561	Caudoviricetes	NA	NA	PF04860;TIGR01537;COG5005	phage portal protein, HK97 family
k127_284487_1	346	2313	1968	1	0.646	11	GGAGG	GENOMAD.013210.VV	4.752e-12	72	0	0	1	2561	Caudoviricetes	NA	NA	PF00211;PF08994;PF08993;COG2114	Adenylate and Guanylate cyclase catalytic domain; T4 gene Gp59 loader of gp41 DNA helicase C-term; T4 gene Gp59 loader of gp41 DNA helicase
k127_598180_1	2	811	810	-1	0.528	11	AGxAG	GENOMAD.004454.VV	3.048e-57	202	0	0	1	2561	Caudoviricetes	NA	NA	PF13252;TIGR04387	major capsid protein, N4-gp56 family
k127_598180_2	825	1553	729	-1	0.506	11	None	NA	NA	NA	0	0	0	1	NA	NA	NA	NA	NA
k127_134164_1	3	311	309	-1	0.576	11	None	GENOMAD.183398.VP	4.553e-21	89	0	0	1	2561	Caudoviricetes	NA	NA	PF10934;K06903;COG3628;TIGR03357	Phage baseplate assembly protein W
k127_598319_1	50	589	540	-1	0.589	11	None	GENOMAD.109691.VV	1.082e-45	164	0	0	1	2561	Caudoviricetes	NA	NA	PF06141	Phage minor tail protein U
k127_598637_1	1	339	339	1	0.664	11	None	GENOMAD.101890.VP	1.703e-11	62	0	0	1	2561	Caudoviricetes	NA	NA	PF20454	Terminase large subunit gpA, endonuclease domain
k127_598987_1	35	340	306	1	0.706	11	GGAGG	GENOMAD.127022.VV	1.761e-22	93	0	0	1	2561	Caudoviricetes	NA	NA	PF04586;K06904;COG3740;TIGR01543	Phage head maturation protease
k127_439361_1	1	1383	1383	-1	0.556	11	None	GENOMAD.028424.VV	3.554e-26	116	0	0	1	2561	Caudoviricetes	NA	NA	PF05876;PF14058;COG5525	Phage terminase, large subunit GpA
k127_439361_2	1361	1621	261	-1	0.548	11	None	GENOMAD.159104.VV	3.918e-08	51	0	0	0	1	NA	NA	NA	NA	NA
k127_285786_1	1	354	354	1	0.658	11	None	GENOMAD.099865.VV	4.13e-20	87	0	0	1	2561	Caudoviricetes	NA	NA	PF04466;PF17289;TIGR01547;COG5323;K06909	phage terminase, large subunit, PBSX family
k127_599730_1	3	422	420	-1	0.690	11	None	GENOMAD.078399.VV	7.946e-23	96	0	0	1	2561	Caudoviricetes	NA	NA	PF04233;TIGR01641	phage putative head morphogenesis protein, SPP1 gp7 family
k127_59860_1	3	617	615	-1	0.400	11	TAA	GENOMAD.037169.VV	8.334e-33	128	0	0	0	2561	Caudoviricetes	NA	NA	PF17236	Phage capsid-like protein
k127_59860_2	623	1705	1083	-1	0.386	11	None	NA	NA	NA	0	0	0	1	NA	NA	NA	NA	NA
k127_59860_3	1773	3884	2112	-1	0.381	11	None	GENOMAD.029162.VV	9.032e-78	279	0	0	1	2561	Caudoviricetes	NA	NA	PF16510;TIGR01538	Phage P22-like portal protein
k127_440251_1	1	393	393	1	0.636	11	None	GENOMAD.114356.VP	1.783e-18	83	0	0	1	2561	Caudoviricetes	NA	NA	PF03354;COG4626	Phage terminase-like protein, large subunit, contains N-terminal HTH domain
k127_213801_1	2	706	705	1	0.652	11	None	GENOMAD.013210.VV	1.79e-23	102	0	0	1	2561	Caudoviricetes	NA	NA	PF00211;PF08994;PF08993;COG2114	Adenylate and Guanylate cyclase catalytic domain; T4 gene Gp59 loader of gp41 DNA helicase C-term; T4 gene Gp59 loader of gp41 DNA helicase
k127_136022_1	1	354	354	-1	0.669	11	None	GENOMAD.116655.VV	1.588e-22	94	0	0	1	2561	Caudoviricetes	NA	NA	PF04860;TIGR01537;COG5005	phage portal protein, HK97 family
k127_600356_1	2	442	441	1	0.687	11	None	GENOMAD.061958.VV	4.845e-13	68	0	0	1	2561	Caudoviricetes	NA	NA	PF05065	Phage capsid family
k127_60370_1	3	335	333	1	0.607	11	None	GENOMAD.124111.VV	6.454e-21	89	0	0	1	2561	Caudoviricetes	NA	NA	PF04586;COG3740;K06904;TIGR01543	Phage head maturation protease
k127_214280_1	2	838	837	-1	0.575	11	None	GENOMAD.116655.VV	3.392e-37	144	0	0	1	2561	Caudoviricetes	NA	NA	PF04860;TIGR01537;COG5005	phage portal protein, HK97 family
k127_363764_1	2	733	732	-1	0.617	11	None	GENOMAD.013210.VV	1.056e-37	144	0	0	1	2561	Caudoviricetes	NA	NA	PF00211;PF08994;PF08993;COG2114	Adenylate and Guanylate cyclase catalytic domain; T4 gene Gp59 loader of gp41 DNA helicase C-term; T4 gene Gp59 loader of gp41 DNA helicase
k127_60727_1	3	344	342	1	0.649	11	None	GENOMAD.099865.VV	4.44e-18	81	0	0	1	2561	Caudoviricetes	NA	NA	PF04466;PF17289;TIGR01547;COG5323;K06909	phage terminase, large subunit, PBSX family
k127_678665_1	3	311	309	-1	0.712	11	None	GENOMAD.050027.VV	1.701e-15	73	0	0	1	1	NA	NA	NA	PF18906	Phage tail tube protein
k127_601022_1	2	373	372	-1	0.583	11	None	GENOMAD.181434.VP	1.115e-20	89	0	0	1	2561	Caudoviricetes	NA	NA	PF20441	Terminase large subunit, endonuclease domain
k127_679285_1	3	1067	1065	-1	0.704	11	None	GENOMAD.068048.VV	5.268e-12	70	0	0	1	2561	Caudoviricetes	NA	NA	PF20307;TIGR03600;K02314;COG0305	phage replicative helicase, DnaB family, HK022 subfamily
k127_756425_1	2	661	660	-1	0.620	11	None	GENOMAD.013210.VV	1.382e-19	90	0	0	1	2561	Caudoviricetes	NA	NA	PF00211;PF08994;PF08993;COG2114	Adenylate and Guanylate cyclase catalytic domain; T4 gene Gp59 loader of gp41 DNA helicase C-term; T4 gene Gp59 loader of gp41 DNA helicase
k127_215335_1	3	581	579	-1	0.644	11	None	GENOMAD.013124.VV	4.062e-12	67	0	0	1	377	Drexlerviridae	NA	NA	PF13262;COG5410	NA
k127_756522_1	3	635	633	-1	0.700	11	None	GENOMAD.060259.VV	6.139e-09	58	0	0	1	2561	Caudoviricetes	NA	NA	PF20307;TIGR02236;COG0468;K04484	Divergent DnaB-like ATPase
k127_601902_1	350	568	219	1	0.648	11	AGGA/GGAG/GAGG	GENOMAD.129999.VP	4.938e-15	70	0	0	1	2561	Caudoviricetes	NA	NA	PF04708;COG1961;K21528	Site-specific DNA recombinase related to the DNA invertase Pin
k127_518227_1	1	270	270	1	0.633	11	None	GENOMAD.063098.VV	1.986e-08	52	0	0	1	2561	Caudoviricetes	NA	NA	PF11126	Transcriptional regulator DsbA
k127_138495_1	3	440	438	-1	0.710	11	None	GENOMAD.068590.VV	8.416e-25	102	0	0	1	2561	Caudoviricetes	NA	NA	PF13871;PF11242;K11654;TIGR00721	C-terminal domain on Strawberry notch homologue
k127_757683_1	1	354	354	1	0.647	11	None	GENOMAD.073802.VV	1.25e-32	123	0	0	1	2561	Caudoviricetes	NA	NA	PF11836	Phage tail tube protein, GTA-gp10
k127_757683_2	347	442	96	1	0.625	11	GGAGG	NA	NA	NA	0	0	0	1	NA	NA	NA	NA	NA
k127_365754_1	1	354	354	-1	0.751	11	None	GENOMAD.124507.VV	9.669e-28	109	0	0	1	2561	Caudoviricetes	NA	NA	PF11242;K22300;COG3655;TIGR00673	DNA-binding transcriptional regulator, XRE family
k127_681206_1	3	341	339	-1	0.678	11	AGGA	GENOMAD.127022.VV	1.548e-12	65	0	0	1	2561	Caudoviricetes	NA	NA	PF04586;K06904;COG3740;TIGR01543	Phage head maturation protease
k127_519748_1	1	84	84	-1	0.643	11	GGAG/GAGG	NA	NA	NA	0	0	0	1	NA	NA	NA	NA	NA
k127_519748_2	84	554	471	-1	0.656	11	None	GENOMAD.195648.VP	1.953e-05	46	0	0	1	9067	Straboviridae	NA	NA	PF20025;PF01331;PF14743;K18951;TIGR04120;COG1793	DNA ligase, ATP-dependent, PP_1105 family
k127_217310_1	2	466	465	1	0.475	11	None	GENOMAD.012456.VV	4.559e-17	80	0	0	1	2561	Caudoviricetes	NA	NA	PF17288;TIGR01547	phage terminase, large subunit, PBSX family
k127_217310_2	466	582	117	1	0.470	11	TAAA	NA	NA	NA	0	0	0	1	NA	NA	NA	NA	NA
k127_758558_1	191	1129	939	-1	0.659	11	None	GENOMAD.000175.VV	7.325e-06	50	0	0	1	8305	Partitiviridae	NA	NA	PF00680;COG3344	Viral RNA-dependent RNA polymerase
k127_139808_1	3	878	876	1	0.630	11	None	GENOMAD.102918.VV	0.0004821	44	0	0	1	2561	Caudoviricetes	NA	NA	PF10076;COG3778	Uncharacterized protein YmfQ in lambdoid prophage, DUF2313 family
k127_443976_1	1	522	522	1	0.544	11	None	NA	NA	NA	0	0	0	1	NA	NA	NA	NA	NA
k127_443976_2	702	1172	471	1	0.459	11	None	GENOMAD.181005.VV	1.909e-06	49	0	0	1	2561	Caudoviricetes	NA	NA	PF07141	Putative bacteriophage terminase small subunit
k127_444399_1	2	802	801	1	0.718	11	None	GENOMAD.064539.VV	1.064e-05	49	0	0	1	8973	Herpesviridae	NA	NA	PF14531;K19455;COG2112;TIGR03724	Kinase-like
k127_367668_1	2	385	384	1	0.586	11	None	GENOMAD.120931.VP	1.028e-14	72	0	0	1	2561	Caudoviricetes	NA	NA	PF09588;COG5377;TIGR03033;K01143	Phage-related protein, predicted endonuclease
k127_64910_1	3	413	411	-1	0.567	11	None	GENOMAD.223985.VP	2.534e-06	48	0	0	1	1	NA	NA	NA	PF00959;COG3772	Phage-related lysozyme (muramidase), GH24 family
k127_291219_1	2	418	417	-1	0.616	11	None	GENOMAD.064271.VV	8.815e-12	64	0	0	1	2561	Caudoviricetes	NA	NA	PF09588;COG5377	Phage-related protein, predicted endonuclease
k127_521159_1	2	481	480	1	0.619	11	None	GENOMAD.051250.VV	6.549e-25	103	0	0	1	2561	Caudoviricetes	NA	NA	PF16510	Phage P22-like portal protein
k127_605651_1	1	816	816	-1	0.575	11	AGGAG	GENOMAD.057710.VV	1.246e-06	52	0	0	1	2561	Caudoviricetes	NA	NA	PF00589;PF04860;K07358;TIGR01537	Phage integrase family; Phage portal protein
k127_605651_2	938	1048	111	-1	0.541	11	None	NA	NA	NA	0	0	0	1	NA	NA	NA	NA	NA
k127_605689_1	2	553	552	1	0.688	11	None	GENOMAD.118632.VP	1.64e-07	53	0	0	1	2561	Caudoviricetes	NA	NA	PF00476;PF07141	DNA polymerase family A; Putative bacteriophage terminase small subunit
k127_521802_1	3	158	156	-1	0.660	11	None	GENOMAD.154824.VP	2.807e-11	58	0	0	1	2561	Caudoviricetes	NA	NA	PF07141;TIGR00721;COG4584	Putative bacteriophage terminase small subunit
k127_521802_2	200	415	216	-1	0.685	11	None	NA	NA	NA	0	0	0	1	NA	NA	NA	NA	NA
k127_606134_1	3	377	375	-1	0.707	11	None	GENOMAD.195366.VP	0.0002016	42	0	0	1	1	NA	NA	NA	PF05766;COG3024	Endogenous inhibitor of DNA gyrase, YacG/DUF329 family
k127_522378_1	2	346	345	-1	0.641	11	None	GENOMAD.117103.VV	2.853e-06	47	0	0	1	2561	Caudoviricetes	NA	NA	PF18906	Phage tail tube protein
k127_761399_1	3	101	99	-1	0.525	11	GGAG/GAGG	NA	NA	NA	0	0	0	1	NA	NA	NA	NA	NA
k127_761399_2	115	1107	993	-1	0.652	11	None	GENOMAD.053137.VV	3.913e-28	119	0	0	1	2561	Caudoviricetes	NA	NA	PF17482	Phage tail sheath C-terminal domain
k127_66727_1	3	353	351	1	0.456	11	None	GENOMAD.056631.VV	1.022e-26	106	0	0	1	2561	Caudoviricetes	NA	NA	PF19821;TIGR04387	major capsid protein, N4-gp56 family
k127_66815_1	2	295	294	1	0.684	11	None	GENOMAD.124507.VV	1.406e-22	93	0	0	1	2561	Caudoviricetes	NA	NA	PF11242;K22300;COG3655;TIGR00673	DNA-binding transcriptional regulator, XRE family
k127_292993_1	1	342	342	1	0.553	11	None	GENOMAD.082189.VV	4.703e-17	78	0	0	1	2561	Caudoviricetes	NA	NA	PF00959;COG3772	Phage-related lysozyme (muramidase), GH24 family
k127_142970_1	2	340	339	-1	0.631	11	None	GENOMAD.012539.VV	1.106e-07	51	0	0	1	2561	Caudoviricetes	NA	NA	PF20441;TIGR01547;COG5323	Terminase large subunit, endonuclease domain
k127_293777_1	2	493	492	-1	0.612	11	None	GENOMAD.068048.VV	6.424e-17	80	0	0	1	2561	Caudoviricetes	NA	NA	PF20307;TIGR03600;K02314;COG0305	phage replicative helicase, DnaB family, HK022 subfamily
k127_370951_1	3	1517	1515	1	0.647	11	None	GENOMAD.013124.VV	8.126e-23	106	0	0	1	377	Drexlerviridae	NA	NA	PF13262;COG5410	NA
k127_371031_1	3	350	348	-1	0.575	11	None	GENOMAD.183754.VP	2.949e-06	47	0	0	1	2561	Caudoviricetes	NA	NA	COG4675	Microcystin-dependent protein  (function unknown)
k127_448020_1	2	2431	2430	1	0.731	11	None	GENOMAD.068590.VV	1.599e-19	97	0	0	1	2561	Caudoviricetes	NA	NA	PF13871;PF11242;K11654;TIGR00721	C-terminal domain on Strawberry notch homologue
k127_448020_2	2428	2736	309	1	0.725	11	None	NA	NA	NA	0	0	0	1	NA	NA	NA	NA	NA
k127_223187_1	2	478	477	-1	0.671	11	None	GENOMAD.053137.VV	2.455e-17	81	0	0	1	2561	Caudoviricetes	NA	NA	PF17482	Phage tail sheath C-terminal domain
k127_764220_1	3	344	342	-1	0.608	11	None	GENOMAD.068048.VV	1.204e-15	74	0	0	1	2561	Caudoviricetes	NA	NA	PF20307;TIGR03600;K02314;COG0305	phage replicative helicase, DnaB family, HK022 subfamily
k127_764411_1	3	377	375	1	0.600	11	None	GENOMAD.068048.VV	3.623e-16	76	0	0	1	2561	Caudoviricetes	NA	NA	PF20307;TIGR03600;K02314;COG0305	phage replicative helicase, DnaB family, HK022 subfamily
k127_687493_1	2	325	324	-1	0.642	11	None	GENOMAD.022524.VV	2.318e-14	70	0	0	1	6064	Autographiviridae	NA	NA	PF03906	Phage T7 tail fibre protein
k127_69741_1	3	314	312	-1	0.667	11	None	GENOMAD.068048.VV	2.666e-11	61	0	0	1	2561	Caudoviricetes	NA	NA	PF20307;TIGR03600;K02314;COG0305	phage replicative helicase, DnaB family, HK022 subfamily
k127_609902_1	1	906	906	-1	0.483	11	None	GENOMAD.004274.VV	2.106e-23	104	0	0	1	2561	Caudoviricetes	NA	NA	PF12236	Bacteriophage head to tail connecting protein
k127_69898_1	21	254	234	1	0.709	11	GGA/GAG/AGG	GENOMAD.121414.VV	1.752e-12	63	0	0	1	2561	Caudoviricetes	NA	NA	PF07409;COG4381	Phage protein GP46
k127_687925_1	2	511	510	1	0.688	11	None	GENOMAD.068048.VV	4.776e-12	66	0	0	1	2561	Caudoviricetes	NA	NA	PF20307;TIGR03600;K02314;COG0305	phage replicative helicase, DnaB family, HK022 subfamily
k127_146050_1	412	3585	3174	1	0.660	11	None	GENOMAD.018874.VV	1.436e-13	78	0	0	0	2561	Caudoviricetes	NA	NA	PF00211;COG2114	Adenylate and Guanylate cyclase catalytic domain
k127_146050_2	3582	3719	138	1	0.739	11	GGAG/GAGG	NA	NA	NA	0	0	0	1	NA	NA	NA	NA	NA
k127_70558_1	3	389	387	-1	0.599	11	None	GENOMAD.151393.VP	2.389e-39	143	0	0	1	2561	Caudoviricetes	NA	NA	PF17288;TIGR01547;COG1783	phage terminase, large subunit, PBSX family
k127_450087_1	3	401	399	1	0.682	11	None	GENOMAD.006465.VV	4.513e-26	105	0	0	1	2561	Caudoviricetes	NA	NA	TIGR01547	phage terminase, large subunit, PBSX family
k127_526547_1	2	745	744	1	0.562	11	None	GENOMAD.153349.VP	3.793e-05	47	0	0	1	2561	Caudoviricetes	NA	NA	PF20307;TIGR02237;COG3950;K10554	Divergent DnaB-like ATPase
k127_526547_2	738	869	132	1	0.606	11	GGA/GAG/AGG	NA	NA	NA	0	0	0	1	NA	NA	NA	NA	NA
k127_450339_1	2	397	396	1	0.609	11	None	GENOMAD.123622.VP	5.38e-15	73	0	0	1	2561	Caudoviricetes	NA	NA	PF04586;PF03354;COG4626;K06904;TIGR01543	Phage terminase-like protein, large subunit, contains N-terminal HTH domain
k127_296842_1	3	308	306	-1	0.480	11	None	GENOMAD.124283.VV	2.819e-33	124	0	0	1	2561	Caudoviricetes	NA	NA	PF04865;COG3299	Baseplate J-like protein
k127_71259_1	1	348	348	1	0.575	11	None	GENOMAD.068048.VV	5.632e-16	75	0	0	1	2561	Caudoviricetes	NA	NA	PF20307;TIGR03600;K02314;COG0305	phage replicative helicase, DnaB family, HK022 subfamily
k127_225315_1	3	1232	1230	1	0.677	11	None	GENOMAD.141028.VP	1.212e-05	50	0	0	1	2561	Caudoviricetes	NA	NA	PF04466;PF17289;TIGR01547;COG1783;K06909	phage terminase, large subunit, PBSX family
k127_225315_2	1393	1755	363	1	0.683	11	AGGA	GENOMAD.141040.VC	4.663e-12	64	0	0	1	2561	Caudoviricetes	NA	NA	PF04860;TIGR01537;COG4695	phage portal protein, HK97 family
k127_527087_1	28	345	318	1	0.557	11	None	GENOMAD.129124.VV	9.437e-23	94	0	0	1	2561	Caudoviricetes	NA	NA	PF14550;TIGR01543;COG3740;K06904	phage prohead protease, HK97 family
k127_450760_1	2	319	318	-1	0.770	11	None	GENOMAD.105158.VV	2.537e-28	110	0	0	1	2561	Caudoviricetes	NA	NA	PF05065;PF17318	Phage capsid family
k127_527322_1	2	514	513	1	0.641	11	None	GENOMAD.013210.VV	1.862e-26	108	0	0	1	2561	Caudoviricetes	NA	NA	PF00211;PF08994;PF08993;COG2114	Adenylate and Guanylate cyclase catalytic domain; T4 gene Gp59 loader of gp41 DNA helicase C-term; T4 gene Gp59 loader of gp41 DNA helicase
k127_690497_1	1	177	177	1	0.712	11	None	NA	NA	NA	0	0	0	1	NA	NA	NA	NA	NA
k127_690497_2	184	918	735	1	0.634	11	None	GENOMAD.028596.VV	1.101e-22	100	0	0	1	2561	Caudoviricetes	NA	NA	PF20387	NA
k127_690497_3	1033	1233	201	1	0.617	11	AGGA	NA	NA	NA	0	0	0	1	NA	NA	NA	NA	NA
k127_767916_1	1	237	237	1	0.679	11	None	NA	NA	NA	0	0	0	1	NA	NA	NA	NA	NA
k127_767916_2	234	668	435	-1	0.722	11	None	GENOMAD.077040.VV	5.755e-09	56	0	0	1	2561	Caudoviricetes	NA	NA	PF06152;TIGR01641	Phage minor capsid protein 2
k127_375398_1	2	310	309	1	0.663	11	None	GENOMAD.053137.VV	9.371e-14	68	0	0	1	2561	Caudoviricetes	NA	NA	PF17482	Phage tail sheath C-terminal domain
k127_227096_1	1	324	324	1	0.651	11	None	GENOMAD.054260.VV	2.543e-21	90	0	0	1	2561	Caudoviricetes	NA	NA	PF03354;COG4626	Phage terminase-like protein, large subunit, contains N-terminal HTH domain
k127_613529_1	3	314	312	1	0.644	11	None	GENOMAD.129999.VP	5.939e-11	60	0	0	1	2561	Caudoviricetes	NA	NA	PF04708;COG1961;K21528	Site-specific DNA recombinase related to the DNA invertase Pin
k127_691729_1	2	478	477	-1	0.740	11	GGA/GAG/AGG	NA	NA	NA	0	0	0	1	NA	NA	NA	NA	NA
k127_691729_2	465	884	420	-1	0.636	11	None	GENOMAD.068048.VV	1.947e-11	63	0	0	1	2561	Caudoviricetes	NA	NA	PF20307;TIGR03600;K02314;COG0305	phage replicative helicase, DnaB family, HK022 subfamily
k127_529251_1	2	73	72	1	0.583	11	None	NA	NA	NA	0	0	0	1	NA	NA	NA	NA	NA
k127_529251_2	70	1029	960	1	0.619	11	GGAG/GAGG	GENOMAD.111985.VV	2.693e-09	61	0	0	0	2561	Caudoviricetes	NA	NA	PF16898	C-terminal associated domain of TOPRIM
k127_529251_3	1074	2612	1539	1	0.648	11	GGAG/GAGG	GENOMAD.026404.VV	5.031e-59	217	0	0	0	2561	Caudoviricetes	NA	NA	PF00521;PF00986;K02469;TIGR01063;COG0188	DNA gyrase, A subunit
k127_376323_1	3	1136	1134	1	0.661	11	None	GENOMAD.068048.VV	8.672e-23	104	0	0	1	2561	Caudoviricetes	NA	NA	PF20307;TIGR03600;K02314;COG0305	phage replicative helicase, DnaB family, HK022 subfamily
k127_692307_1	1	423	423	1	0.652	11	None	GENOMAD.116655.VV	2.135e-29	115	0	0	1	2561	Caudoviricetes	NA	NA	PF04860;TIGR01537;COG5005	phage portal protein, HK97 family
k127_769448_1	3	134	132	1	0.659	11	None	NA	NA	NA	0	0	0	1	NA	NA	NA	NA	NA
k127_769448_2	198	569	372	1	0.656	11	AGGAG	GENOMAD.129884.VP	5.296e-20	87	0	0	1	2561	Caudoviricetes	NA	NA	PF10618	Phage tail tube protein
k127_769448_3	615	938	324	1	0.636	11	AGGAG	GENOMAD.073439.VV	4.483e-15	72	0	0	1	2561	Caudoviricetes	NA	NA	PF10109;COG4518	Phage tail assembly chaperone proteins, E, or 41 or 14
k127_769448_4	1068	1394	327	1	0.673	11	GGA/GAG/AGG	NA	NA	NA	0	0	0	1	NA	NA	NA	NA	NA
k127_300019_1	1	525	525	-1	0.505	11	None	GENOMAD.004274.VV	2.445e-34	131	0	0	1	2561	Caudoviricetes	NA	NA	PF12236	Bacteriophage head to tail connecting protein
k127_150780_1	222	1673	1452	1	0.650	11	None	GENOMAD.013210.VV	7.631e-24	109	0	0	1	2561	Caudoviricetes	NA	NA	PF00211;PF08994;PF08993;COG2114	Adenylate and Guanylate cyclase catalytic domain; T4 gene Gp59 loader of gp41 DNA helicase C-term; T4 gene Gp59 loader of gp41 DNA helicase
k127_150780_2	1963	2262	300	1	0.670	11	None	NA	NA	NA	0	0	0	1	NA	NA	NA	NA	NA
k127_377125_1	2	355	354	-1	0.579	11	None	GENOMAD.145777.VV	3.144e-15	73	0	0	1	2561	Caudoviricetes	NA	NA	PF05065;TIGR01554;COG4653	phage major capsid protein, HK97 family
k127_453870_1	3	341	339	-1	0.631	11	None	GENOMAD.060259.VV	1.871e-10	59	0	0	1	2561	Caudoviricetes	NA	NA	PF20307;TIGR02236;COG0468;K04484	Divergent DnaB-like ATPase
k127_229940_1	1	564	564	-1	0.617	11	None	GENOMAD.013210.VV	7.623e-36	136	0	0	1	2561	Caudoviricetes	NA	NA	PF00211;PF08994;PF08993;COG2114	Adenylate and Guanylate cyclase catalytic domain; T4 gene Gp59 loader of gp41 DNA helicase C-term; T4 gene Gp59 loader of gp41 DNA helicase
k127_615793_1	1	243	243	1	0.588	11	None	NA	NA	NA	0	0	0	1	NA	NA	NA	NA	NA
k127_615793_2	243	896	654	1	0.624	11	None	GENOMAD.013124.VV	1.36e-18	87	0	0	1	377	Drexlerviridae	NA	NA	PF13262;COG5410	NA
k127_770927_1	3	491	489	-1	0.650	11	None	GENOMAD.116655.VV	2.293e-72	240	0	0	1	2561	Caudoviricetes	NA	NA	PF04860;TIGR01537;COG5005	phage portal protein, HK97 family
k127_454814_1	3	497	495	1	0.604	11	None	GENOMAD.009848.VV	9.056e-12	65	0	0	1	9913	Herelleviridae	NA	NA	COG5377;TIGR03033	Phage-related protein, predicted endonuclease
k127_301572_1	2	397	396	1	0.545	11	None	GENOMAD.060259.VV	1.059e-05	46	0	0	1	2561	Caudoviricetes	NA	NA	PF20307;TIGR02236;COG0468;K04484	Divergent DnaB-like ATPase
k127_694982_1	153	755	603	-1	0.662	11	None	GENOMAD.013210.VV	2.105e-14	74	0	0	1	2561	Caudoviricetes	NA	NA	PF00211;PF08994;PF08993;COG2114	Adenylate and Guanylate cyclase catalytic domain; T4 gene Gp59 loader of gp41 DNA helicase C-term; T4 gene Gp59 loader of gp41 DNA helicase
k127_617010_1	3	1256	1254	1	0.604	11	None	GENOMAD.023991.VV	2.994e-15	81	0	0	1	2561	Caudoviricetes	NA	NA	COG5410	Mu-like prophage FluMu protein gp28
k127_532167_1	1	327	327	1	0.630	11	None	GENOMAD.099865.VV	1.322e-12	65	0	0	1	2561	Caudoviricetes	NA	NA	PF04466;PF17289;TIGR01547;COG5323;K06909	phage terminase, large subunit, PBSX family
k127_533488_1	1	675	675	1	0.683	11	None	GENOMAD.116655.VV	1.818e-12	69	0	0	1	2561	Caudoviricetes	NA	NA	PF04860;TIGR01537;COG5005	phage portal protein, HK97 family
k127_304183_1	3	410	408	-1	0.725	11	GGAG/GAGG	GENOMAD.124507.VV	2.527e-25	103	0	0	1	2561	Caudoviricetes	NA	NA	PF11242;K22300;COG3655;TIGR00673	DNA-binding transcriptional regulator, XRE family
k127_304183_2	556	687	132	1	0.667	11	AGGAG	NA	NA	NA	0	0	0	1	NA	NA	NA	NA	NA
k127_381812_1	2	316	315	1	0.698	11	None	GENOMAD.064229.VV	6.524e-34	126	0	0	1	2561	Caudoviricetes	NA	NA	PF05133;TIGR01538	phage portal protein, SPP1 family
k127_458578_1	2	346	345	-1	0.675	11	None	GENOMAD.072479.VV	3.085e-05	44	0	0	1	1	NA	NA	NA	PF20198	Sm_like domain
k127_382388_1	1	447	447	-1	0.671	11	None	GENOMAD.013210.VV	3.039e-09	57	0	0	1	2561	Caudoviricetes	NA	NA	PF00211;PF08994;PF08993;COG2114	Adenylate and Guanylate cyclase catalytic domain; T4 gene Gp59 loader of gp41 DNA helicase C-term; T4 gene Gp59 loader of gp41 DNA helicase
k127_307023_1	1	462	462	1	0.602	11	None	GENOMAD.013210.VV	4.48e-35	132	0	0	1	2561	Caudoviricetes	NA	NA	PF00211;PF08994;PF08993;COG2114	Adenylate and Guanylate cyclase catalytic domain; T4 gene Gp59 loader of gp41 DNA helicase C-term; T4 gene Gp59 loader of gp41 DNA helicase
k127_384456_1	3	365	363	-1	0.661	11	None	GENOMAD.086122.VP	3.883e-14	70	0	0	1	2561	Caudoviricetes	NA	NA	PF09588;COG5377;TIGR03033;K01143	Phage-related protein, predicted endonuclease
k127_308546_1	1	186	186	-1	0.763	11	GGA/GAG/AGG	GENOMAD.124507.VV	1.04e-10	57	0	0	1	2561	Caudoviricetes	NA	NA	PF11242;K22300;COG3655;TIGR00673	DNA-binding transcriptional regulator, XRE family
k127_308546_2	421	708	288	-1	0.729	11	None	NA	NA	NA	0	0	0	1	NA	NA	NA	NA	NA
k127_308943_1	1	1272	1272	1	0.649	11	None	GENOMAD.013210.VV	1.145e-13	76	0	0	1	2561	Caudoviricetes	NA	NA	PF00211;PF08994;PF08993;COG2114	Adenylate and Guanylate cyclase catalytic domain; T4 gene Gp59 loader of gp41 DNA helicase C-term; T4 gene Gp59 loader of gp41 DNA helicase
k127_461979_1	132	311	180	1	0.650	11	GGA/GAG/AGG	GENOMAD.147427.VP	4.743e-10	55	0	0	1	2561	Caudoviricetes	NA	NA	PF07141	Putative bacteriophage terminase small subunit
k127_385780_1	1	69	69	-1	0.667	11	GGAG/GAGG	NA	NA	NA	0	0	0	1	NA	NA	NA	NA	NA
k127_385780_2	66	365	300	-1	0.627	11	None	GENOMAD.059582.VV	5.461e-33	123	0	0	1	2561	Caudoviricetes	NA	NA	TIGR01725	phage protein, HK97 gp10 family
k127_462858_1	95	937	843	-1	0.676	11	None	GENOMAD.013210.VV	5.05e-13	72	0	0	1	2561	Caudoviricetes	NA	NA	PF00211;PF08994;PF08993;COG2114	Adenylate and Guanylate cyclase catalytic domain; T4 gene Gp59 loader of gp41 DNA helicase C-term; T4 gene Gp59 loader of gp41 DNA helicase
k127_540570_1	1	606	606	1	0.649	11	None	GENOMAD.116655.VV	1.083e-27	113	0	0	1	2561	Caudoviricetes	NA	NA	PF04860;TIGR01537;COG5005	phage portal protein, HK97 family
