gene	start	end	length	strand	gc_content	genetic_code	rbs_motif	marker	evalue	bitscore	uscg	plasmid_hallmark	virus_hallmark	taxid	taxname	annotation_conjscan	annotation_amr	annotation_accessions	annotation_description
k127_260802_1	3	164	162	-1	0.605	11	None	GENOMAD.074085.VV	1.015e-07	48	0	0	1	1	NA	NA	NA	PF20387	NA
k127_260802_2	193	333	141	-1	0.610	11	None	NA	NA	NA	0	0	0	1	NA	NA	NA	NA	NA
k127_126_1	2	361	360	-1	0.581	11	None	GENOMAD.104546.VV	9.107e-13	66	0	0	1	2561	Caudoviricetes	NA	NA	PF04865;COG3948	Phage-related baseplate assembly protein
k127_415_1	2	970	969	-1	0.577	11	AGxAGG/AGGxGG	GENOMAD.000073.VV	3.834e-06	51	0	0	1	6233	Potyviridae	NA	NA	PF00680	Viral RNA-dependent RNA polymerase
k127_130796_1	2	427	426	1	0.568	11	None	GENOMAD.009149.VV	1.387e-34	130	0	0	1	2561	Caudoviricetes	NA	NA	PF17288;TIGR01630	Terminase RNAseH like domain
k127_163490_1	1	336	336	-1	0.545	11	None	GENOMAD.110224.VV	1.834e-18	82	0	0	1	1	NA	NA	NA	PF04586;TIGR01543;COG3740;K06904	phage prohead protease, HK97 family
k127_65793_1	15	383	369	-1	0.707	11	None	GENOMAD.124507.VV	3.798e-23	96	0	0	1	2561	Caudoviricetes	NA	NA	PF11242;K22300;COG3655;TIGR00673	DNA-binding transcriptional regulator, XRE family
k127_130987_1	1	327	327	1	0.505	11	None	GENOMAD.068048.VV	3.246e-11	61	0	0	1	2561	Caudoviricetes	NA	NA	PF20307;TIGR03600;K02314;COG0305	phage replicative helicase, DnaB family, HK022 subfamily
k127_65909_1	1	405	405	1	0.696	11	None	GENOMAD.073447.VV	8.313e-11	61	0	0	1	2561	Caudoviricetes	NA	NA	PF00580;TIGR04095;COG4373	UvrD/REP helicase N-terminal domain
k127_163743_1	2	634	633	1	0.548	11	None	GENOMAD.033945.VV	5.212e-05	46	0	0	1	2561	Caudoviricetes	NA	NA	PF04466;TIGR01547;COG5323	Phage terminase large subunit
k127_33522_1	1	714	714	1	0.578	11	None	GENOMAD.170676.VP	7.127e-05	46	0	0	1	2561	Caudoviricetes	NA	NA	PF10934;COG3628;K06903;TIGR03357	Phage baseplate assembly protein W
k127_33522_2	732	1904	1173	1	0.640	11	None	GENOMAD.121704.VV	1.559e-07	56	0	0	1	2561	Caudoviricetes	NA	NA	PF04865;COG3299	Baseplate J-like protein
k127_131280_1	1	285	285	-1	0.593	11	AGGAG	GENOMAD.129884.VP	5.178e-24	97	0	0	1	2561	Caudoviricetes	NA	NA	PF10618	Phage tail tube protein
k127_294606_1	2	583	582	1	0.668	11	None	GENOMAD.013210.VV	7.577e-29	116	0	0	1	2561	Caudoviricetes	NA	NA	PF00211;PF08994;PF08993;COG2114	Adenylate and Guanylate cyclase catalytic domain; T4 gene Gp59 loader of gp41 DNA helicase C-term; T4 gene Gp59 loader of gp41 DNA helicase
k127_229744_1	3	440	438	-1	0.589	11	None	GENOMAD.013124.VV	2.122e-13	69	0	0	1	377	Drexlerviridae	NA	NA	PF13262;COG5410	NA
k127_262464_1	1	1263	1263	1	0.583	11	None	GENOMAD.013210.VV	5.244e-05	48	0	0	1	2561	Caudoviricetes	NA	NA	PF00211;PF08994;PF08993;COG2114	Adenylate and Guanylate cyclase catalytic domain; T4 gene Gp59 loader of gp41 DNA helicase C-term; T4 gene Gp59 loader of gp41 DNA helicase
k127_197210_1	2	319	318	-1	0.670	11	None	GENOMAD.100507.VV	1.579e-09	56	0	0	1	1	NA	NA	NA	PF07471;COG4220;K22014	Phage DNA packaging protein, Nu1 subunit of terminase
k127_67391_1	1	315	315	1	0.625	11	None	GENOMAD.062541.VV	3.725e-16	75	0	0	1	2561	Caudoviricetes	NA	NA	PF09646	Gp37 protein
k127_2488_1	1	366	366	-1	0.732	11	None	GENOMAD.022733.VV	1.619e-06	48	0	0	1	2561	Caudoviricetes	NA	NA	PF09681;TIGR01714	N-terminal phage replisome organiser (Phage_rep_org_N)
k127_132922_1	2	508	507	1	0.615	11	None	GENOMAD.017840.VV	1.078e-22	97	0	0	1	2561	Caudoviricetes	NA	NA	PF17288	Terminase RNAseH like domain
k127_132980_1	1	420	420	-1	0.671	11	AGGA	GENOMAD.066721.VV	6.297e-34	128	0	0	1	1	NA	NA	NA	PF06199;COG5437;TIGR02126	Phage tail tube protein
k127_198608_1	2	412	411	1	0.618	11	None	GENOMAD.002932.VV	1.685e-12	66	0	0	1	2561	Caudoviricetes	NA	NA	TIGR01630;COG5362	phage uncharacterized protein (putative large terminase), C-terminal domain
k127_3504_1	3	755	753	1	0.533	11	None	GENOMAD.060259.VV	3.947e-05	47	0	0	1	2561	Caudoviricetes	NA	NA	PF20307;TIGR02236;COG0468;K04484	Divergent DnaB-like ATPase
k127_36206_1	2	328	327	1	0.679	11	None	GENOMAD.219105.VP	1.943e-08	53	0	0	1	2561	Caudoviricetes	NA	NA	PF20025;PF01068;K18951;TIGR04120;COG5226	DNA ligase, ATP-dependent, PP_1105 family
k127_101602_1	1	474	474	1	0.521	11	None	GENOMAD.180947.VP	1.927e-29	116	0	0	1	2561	Caudoviricetes	NA	NA	PF04466;COG5323;TIGR01547;K21523	Large terminase phage packaging protein
k127_68935_1	2	448	447	1	0.622	11	None	GENOMAD.013210.VV	2.692e-11	63	0	0	1	2561	Caudoviricetes	NA	NA	PF00211;PF08994;PF08993;COG2114	Adenylate and Guanylate cyclase catalytic domain; T4 gene Gp59 loader of gp41 DNA helicase C-term; T4 gene Gp59 loader of gp41 DNA helicase
k127_134004_1	1	69	69	-1	0.667	11	GGA/GAG/AGG	NA	NA	NA	0	0	0	1	NA	NA	NA	NA	NA
k127_134004_2	69	341	273	-1	0.678	11	None	GENOMAD.066721.VV	2.276e-22	92	0	0	1	1	NA	NA	NA	PF06199;COG5437;TIGR02126	Phage tail tube protein
k127_101781_1	1	333	333	-1	0.658	11	None	GENOMAD.005163.VV	1.906e-09	56	0	0	1	2561	Caudoviricetes	NA	NA	PF11651;TIGR04387	P22 coat protein - gene protein 5
k127_101787_1	2	376	375	-1	0.661	11	None	GENOMAD.223594.VP	4.178e-05	44	0	0	1	2561	Caudoviricetes	NA	NA	PF11994;PF09684;TIGR01634;COG4385	phage tail protein, P2 protein I family
k127_69307_1	1	357	357	1	0.599	11	None	GENOMAD.085060.VV	1.857e-45	160	0	0	1	2561	Caudoviricetes	NA	NA	PF10124;COG4397	Mu-like prophage major head subunit gpT
k127_199469_1	2	430	429	-1	0.478	11	None	GENOMAD.068648.VV	1.738e-57	196	0	0	1	2561	Caudoviricetes	NA	NA	PF20441;PF03354;COG4626;TIGR01547	Phage terminase-like protein, large subunit, contains N-terminal HTH domain
k127_4292_1	3	314	312	-1	0.394	11	None	GENOMAD.006634.VV	1.445e-17	79	0	0	1	2561	Caudoviricetes	NA	NA	PF20223;COG1783	Phage terminase large subunit
k127_102154_1	1	345	345	-1	0.510	11	None	GENOMAD.005185.VV	1.398e-54	186	0	0	1	2561	Caudoviricetes	NA	NA	PF11650	P22 tail accessory factor
k127_167112_1	1	558	558	-1	0.695	11	None	GENOMAD.068590.VV	1.609e-11	65	0	0	1	2561	Caudoviricetes	NA	NA	PF13871;PF11242;K11654;TIGR00721	C-terminal domain on Strawberry notch homologue
k127_134528_1	2	1000	999	-1	0.445	11	None	GENOMAD.009434.VV	6.22e-108	352	0	0	1	2561	Caudoviricetes	NA	NA	PF06673;PF04586;TIGR01543;COG3740;K06904	phage prohead protease, HK97 family
k127_69808_1	2	910	909	-1	0.623	11	None	GENOMAD.169508.VP	3.082e-12	70	0	0	1	2561	Caudoviricetes	NA	NA	PF04708;PF13262;COG1961;K14060	Site-specific DNA recombinase related to the DNA invertase Pin
k127_167363_1	3	242	240	-1	0.696	11	GGA/GAG/AGG	GENOMAD.020789.VV	0.000483	39	0	0	1	2561	Caudoviricetes	NA	NA	COG5410	NA
k127_167363_2	235	306	72	-1	0.597	11	None	NA	NA	NA	0	0	0	1	NA	NA	NA	NA	NA
k127_102583_1	2	685	684	-1	0.458	11	None	GENOMAD.010604.VV	3.735e-08	56	0	0	1	2561	Caudoviricetes	NA	NA	PF17541;COG3497	Phage tail sheath protein FI
k127_233088_1	3	401	399	-1	0.622	11	None	GENOMAD.181728.VV	1.989e-08	54	0	0	1	2561	Caudoviricetes	NA	NA	PF09588;COG5377;TIGR03033	Phage-related protein, predicted endonuclease
k127_102691_1	1	234	234	-1	0.538	11	GGA/GAG/AGG	GENOMAD.117356.VP	2.203e-10	57	0	0	1	2561	Caudoviricetes	NA	NA	PF04865;COG3299;TIGR02243	Baseplate J-like protein
k127_37755_1	2	538	537	1	0.564	11	None	GENOMAD.068048.VV	6.204e-11	63	0	0	1	2561	Caudoviricetes	NA	NA	PF20307;TIGR03600;K02314;COG0305	phage replicative helicase, DnaB family, HK022 subfamily
k127_5095_1	3	359	357	1	0.669	11	None	GENOMAD.013124.VV	2.772e-08	53	0	0	1	377	Drexlerviridae	NA	NA	PF13262;COG5410	NA
k127_167776_1	2	124	123	1	0.504	11	None	NA	NA	NA	0	0	0	1	NA	NA	NA	NA	NA
k127_167776_2	127	402	276	1	0.373	11	GGAG/GAGG	GENOMAD.009733.VV	4.827e-31	117	0	0	1	2561	Caudoviricetes	NA	NA	PF04883;TIGR01725	phage protein, HK97 gp10 family
k127_102937_1	2	133	132	-1	0.394	11	GGxGG	GENOMAD.009733.VV	3.488e-06	43	0	0	1	2561	Caudoviricetes	NA	NA	PF04883;TIGR01725	phage protein, HK97 gp10 family
k127_102937_2	136	315	180	-1	0.422	11	None	GENOMAD.101755.VV	1.624e-26	102	0	0	0	1	NA	NA	NA	NA	NA
k127_200435_1	2	73	72	-1	0.667	11	GGGG	NA	NA	NA	0	0	0	1	NA	NA	NA	NA	NA
k127_200435_2	70	393	324	-1	0.657	11	None	GENOMAD.066341.VV	6.684e-11	60	0	0	1	2561	Caudoviricetes	NA	NA	TIGR02241	conserved hypothetical phage tail region protein
k127_5332_1	1	432	432	-1	0.639	11	None	GENOMAD.023991.VV	2.618e-09	57	0	0	1	2561	Caudoviricetes	NA	NA	COG5410	Mu-like prophage FluMu protein gp28
k127_135238_1	2	340	339	-1	0.735	11	None	GENOMAD.066181.VV	2.101e-33	125	0	0	1	2561	Caudoviricetes	NA	NA	PF03237;COG4626;TIGR01547	Phage terminase-like protein, large subunit, contains N-terminal HTH domain
k127_167970_1	1	336	336	1	0.640	11	None	GENOMAD.167295.VP	3.311e-12	64	0	0	1	2561	Caudoviricetes	NA	NA	PF13539;TIGR01537	D-alanyl-D-alanine carboxypeptidase
k127_70538_1	2	163	162	1	0.685	11	None	NA	NA	NA	0	0	0	1	NA	NA	NA	NA	NA
k127_70538_2	166	813	648	1	0.659	11	None	GENOMAD.013124.VV	5.386e-21	94	0	0	1	377	Drexlerviridae	NA	NA	PF13262;COG5410	NA
k127_5627_1	2	343	342	1	0.646	11	None	GENOMAD.097639.VV	5.438e-07	49	0	0	1	2561	Caudoviricetes	NA	NA	PF17289;TIGR01630;COG5362	phage uncharacterized protein (putative large terminase), C-terminal domain
k127_299059_1	2	535	534	1	0.573	11	None	GENOMAD.057710.VV	6.405e-09	57	0	0	1	2561	Caudoviricetes	NA	NA	PF00589;PF04860;K07358;TIGR01537	Phage integrase family; Phage portal protein
k127_299059_2	532	819	288	1	0.562	11	None	NA	NA	NA	0	0	0	1	NA	NA	NA	NA	NA
k127_135520_1	2	352	351	1	0.632	11	None	GENOMAD.172137.VP	7.109e-14	69	0	0	1	2561	Caudoviricetes	NA	NA	PF07141;COG3728;TIGR02036	Putative bacteriophage terminase small subunit
k127_135520_2	342	449	108	1	0.620	11	GGA/GAG/AGG	NA	NA	NA	0	0	0	1	NA	NA	NA	NA	NA
k127_234095_1	1	393	393	1	0.758	11	None	GENOMAD.182236.VP	2.132e-06	48	0	0	1	2561	Caudoviricetes	NA	NA	PF16724;COG4119;TIGR02705;K12152	T4-like virus Myoviridae tail sheath stabiliser
k127_5938_1	1	969	969	-1	0.634	11	None	GENOMAD.169508.VP	3.111e-32	131	0	0	1	2561	Caudoviricetes	NA	NA	PF04708;PF13262;COG1961;K14060	Site-specific DNA recombinase related to the DNA invertase Pin
k127_38738_1	1	687	687	1	0.611	11	None	GENOMAD.013210.VV	3.284e-23	101	0	0	1	2561	Caudoviricetes	NA	NA	PF00211;PF08994;PF08993;COG2114	Adenylate and Guanylate cyclase catalytic domain; T4 gene Gp59 loader of gp41 DNA helicase C-term; T4 gene Gp59 loader of gp41 DNA helicase
k127_135845_1	1	249	249	1	0.655	11	None	NA	NA	NA	0	0	0	1	NA	NA	NA	NA	NA
k127_135845_2	246	533	288	1	0.656	11	GGAG/GAGG	NA	NA	NA	0	0	0	1	NA	NA	NA	NA	NA
k127_135845_3	548	850	303	1	0.597	11	AGGA	NA	NA	NA	0	0	0	1	NA	NA	NA	NA	NA
k127_135845_4	879	1148	270	1	0.537	11	GGAG/GAGG	NA	NA	NA	0	0	0	1	NA	NA	NA	NA	NA
k127_135845_5	1220	1387	168	1	0.482	11	AGGAG	NA	NA	NA	0	0	0	1	NA	NA	NA	NA	NA
k127_135845_6	1403	1627	225	1	0.591	11	GGAG/GAGG	GENOMAD.052966.VV	1.48e-19	83	0	0	0	2561	Caudoviricetes	NA	NA	NA	NA
k127_135845_7	1633	1899	267	1	0.427	11	GGAG/GAGG	NA	NA	NA	0	0	0	1	NA	NA	NA	NA	NA
k127_135845_8	1969	2253	285	1	0.653	11	AGGA	NA	NA	NA	0	0	0	1	NA	NA	NA	NA	NA
k127_135845_9	2278	2808	531	1	0.475	11	GGA/GAG/AGG	NA	NA	NA	0	0	0	1	NA	NA	NA	NA	NA
k127_135845_10	2873	3049	177	1	0.616	11	GGAG/GAGG	NA	NA	NA	0	0	0	1	NA	NA	NA	NA	NA
k127_135845_11	3212	3448	237	1	0.603	11	AGGAG	GENOMAD.179718.VP	1.24e-08	52	0	0	0	2561	Caudoviricetes	NA	NA	NA	NA
k127_135845_12	3445	3564	120	1	0.558	11	None	NA	NA	NA	0	0	0	1	NA	NA	NA	NA	NA
k127_71126_1	1	387	387	1	0.605	11	None	GENOMAD.110224.VV	4.2e-25	102	0	0	1	1	NA	NA	NA	PF04586;TIGR01543;COG3740;K06904	phage prohead protease, HK97 family
k127_266748_1	1	204	204	1	0.672	11	None	NA	NA	NA	0	0	0	1	NA	NA	NA	NA	NA
k127_266748_2	201	1079	879	1	0.642	11	GGAG/GAGG	GENOMAD.099865.VV	1.15e-36	143	0	0	1	2561	Caudoviricetes	NA	NA	PF04466;PF17289;TIGR01547;COG5323;K06909	phage terminase, large subunit, PBSX family
k127_6195_1	3	338	336	-1	0.509	11	None	GENOMAD.158976.VV	3.024e-21	90	0	0	1	2561	Caudoviricetes	NA	NA	PF17288	Terminase RNAseH like domain
k127_168766_1	2	334	333	1	0.598	11	None	GENOMAD.116655.VV	1.417e-36	134	0	0	1	2561	Caudoviricetes	NA	NA	PF04860;TIGR01537;COG5005	phage portal protein, HK97 family
k127_168775_1	2	337	336	1	0.583	11	None	GENOMAD.021435.VV	4.811e-08	52	0	0	1	2561	Caudoviricetes	NA	NA	PF11651	P22 coat protein - gene protein 5
k127_168848_1	1	483	483	1	0.586	11	None	GENOMAD.109691.VV	5.706e-36	135	0	0	1	2561	Caudoviricetes	NA	NA	PF06141	Phage minor tail protein U
k127_299904_1	1	357	357	1	0.675	11	None	GENOMAD.023991.VV	6.651e-07	49	0	0	1	2561	Caudoviricetes	NA	NA	COG5410	Mu-like prophage FluMu protein gp28
k127_71598_1	1	207	207	-1	0.599	11	AGGAG	GENOMAD.005969.VV	6.019e-05	41	0	0	1	2561	Caudoviricetes	NA	NA	PF06199;COG5437;TIGR02126	Predicted secreted protein
k127_71598_2	218	307	90	-1	0.600	11	None	NA	NA	NA	0	0	0	1	NA	NA	NA	NA	NA
k127_267418_1	1	312	312	-1	0.660	11	None	GENOMAD.099754.VV	9.377e-30	114	0	0	1	1	NA	NA	NA	PF17289;TIGR01630;COG5362	phage uncharacterized protein (putative large terminase), C-terminal domain
k127_39491_1	2	346	345	1	0.664	11	None	GENOMAD.172137.VP	1.289e-06	48	0	0	1	2561	Caudoviricetes	NA	NA	PF07141;COG3728;TIGR02036	Putative bacteriophage terminase small subunit
k127_300174_1	1	318	318	1	0.670	11	None	GENOMAD.142194.VP	3.186e-10	58	0	0	1	1	NA	NA	NA	PF03354;COG4626;TIGR01547	Phage terminase-like protein, large subunit, contains N-terminal HTH domain
k127_71847_1	3	488	486	1	0.730	11	None	GENOMAD.013210.VV	7.827e-13	68	0	0	1	2561	Caudoviricetes	NA	NA	PF00211;PF08994;PF08993;COG2114	Adenylate and Guanylate cyclase catalytic domain; T4 gene Gp59 loader of gp41 DNA helicase C-term; T4 gene Gp59 loader of gp41 DNA helicase
k127_201891_1	1	348	348	1	0.621	11	None	GENOMAD.129590.VP	1.672e-12	65	0	0	1	2561	Caudoviricetes	NA	NA	PF07141	Putative bacteriophage terminase small subunit
k127_201891_2	320	1114	795	1	0.679	11	None	GENOMAD.039786.VV	7.175e-10	62	0	0	0	2561	Caudoviricetes	NA	NA	NA	NA
k127_267674_1	1	333	333	1	0.595	11	None	GENOMAD.028596.VV	2.139e-24	99	0	0	1	2561	Caudoviricetes	NA	NA	PF20387	NA
k127_235346_1	2	238	237	-1	0.388	11	AGGA	GENOMAD.009733.VV	1.355e-22	92	0	0	1	2561	Caudoviricetes	NA	NA	PF04883;TIGR01725	phage protein, HK97 gp10 family
k127_235346_2	241	393	153	-1	0.431	11	None	NA	NA	NA	0	0	0	1	NA	NA	NA	NA	NA
k127_7269_1	2	190	189	1	0.624	11	None	GENOMAD.158976.VV	5.772e-16	72	0	0	1	2561	Caudoviricetes	NA	NA	PF17288	Terminase RNAseH like domain
k127_7477_1	2	448	447	-1	0.602	11	None	GENOMAD.148101.VP	1.304e-10	61	0	0	1	2561	Caudoviricetes	NA	NA	PF09588;COG5377;TIGR03033	Phage-related protein, predicted endonuclease
k127_169833_1	2	301	300	1	0.603	11	None	GENOMAD.195823.VV	2.043e-51	176	0	0	1	2561	Caudoviricetes	NA	NA	PF19307;TIGR01554;COG4653	Phage capsid-like protein
k127_300983_1	2	325	324	1	0.620	11	None	GENOMAD.181728.VV	7.657e-10	57	0	0	1	2561	Caudoviricetes	NA	NA	PF09588;COG5377;TIGR03033	Phage-related protein, predicted endonuclease
k127_202563_1	1	447	447	1	0.369	11	None	GENOMAD.012103.VV	1.222e-11	64	0	0	1	2561	Caudoviricetes	NA	NA	PF05367	Phage endonuclease I
k127_137351_1	1	414	414	1	0.662	11	None	GENOMAD.023991.VV	5.108e-08	53	0	0	1	2561	Caudoviricetes	NA	NA	COG5410	Mu-like prophage FluMu protein gp28
k127_40443_1	3	350	348	-1	0.592	11	None	GENOMAD.053647.VV	7.817e-13	66	0	0	1	2561	Caudoviricetes	NA	NA	TIGR02243	NA
k127_268546_1	1	303	303	-1	0.521	11	None	GENOMAD.005453.VV	8.377e-22	91	0	0	1	2561	Caudoviricetes	NA	NA	PF11863;COG4386	Mu-like prophage tail sheath protein gpL
k127_72955_1	3	326	324	1	0.627	11	None	GENOMAD.074085.VV	1.38e-27	108	0	0	1	1	NA	NA	NA	PF20387	NA
k127_236105_1	3	527	525	1	0.697	11	None	GENOMAD.013210.VV	2.874e-08	55	0	0	1	2561	Caudoviricetes	NA	NA	PF00211;PF08994;PF08993;COG2114	Adenylate and Guanylate cyclase catalytic domain; T4 gene Gp59 loader of gp41 DNA helicase C-term; T4 gene Gp59 loader of gp41 DNA helicase
k127_268738_1	1	384	384	1	0.664	11	None	GENOMAD.023991.VV	2.954e-11	62	0	0	1	2561	Caudoviricetes	NA	NA	COG5410	Mu-like prophage FluMu protein gp28
k127_40836_1	1	489	489	-1	0.583	11	None	GENOMAD.039909.VV	7.125e-15	74	0	0	1	2561	Caudoviricetes	NA	NA	PF12236;TIGR01538	Bacteriophage head to tail connecting protein
k127_170618_1	3	383	381	1	0.682	11	None	GENOMAD.182236.VP	7.417e-09	55	0	0	1	2561	Caudoviricetes	NA	NA	PF16724;COG4119;TIGR02705;K12152	T4-like virus Myoviridae tail sheath stabiliser
k127_236481_1	3	272	270	1	0.619	11	None	GENOMAD.151092.VV	1.232e-05	44	0	0	1	2561	Caudoviricetes	NA	NA	PF09588;COG5377;TIGR03033;K01143	Phage-related protein, predicted endonuclease
k127_236481_2	259	456	198	1	0.586	11	GGAGG	NA	NA	NA	0	0	0	1	NA	NA	NA	NA	NA
k127_73435_1	2	334	333	-1	0.447	11	None	GENOMAD.137925.VP	3.18e-28	110	0	0	1	2561	Caudoviricetes	NA	NA	PF20307;TIGR03600;K18947;COG0305	phage replicative helicase, DnaB family, HK022 subfamily
k127_73623_1	3	335	333	1	0.682	11	None	GENOMAD.052644.VV	5.074e-07	49	0	0	1	2561	Caudoviricetes	NA	NA	PF11134	Phage stabilisation protein
k127_106403_1	2	484	483	1	0.580	11	None	GENOMAD.060259.VV	9.915e-07	50	0	0	1	2561	Caudoviricetes	NA	NA	PF20307;TIGR02236;COG0468;K04484	Divergent DnaB-like ATPase
k127_73682_1	1	438	438	1	0.724	11	None	GENOMAD.004420.VV	2.882e-28	112	0	0	1	2561	Caudoviricetes	NA	NA	PF20441;COG5362	Terminase large subunit, endonuclease domain
k127_41395_1	3	389	387	1	0.669	11	None	GENOMAD.027551.VV	5.253e-14	70	0	0	1	2561	Caudoviricetes	NA	NA	PF13479;TIGR01618;COG0468;K04484	phage nucleotide-binding protein
k127_138356_1	1	303	303	-1	0.673	11	None	GENOMAD.060259.VV	3.898e-06	46	0	0	1	2561	Caudoviricetes	NA	NA	PF20307;TIGR02236;COG0468;K04484	Divergent DnaB-like ATPase
k127_41612_1	3	308	306	1	0.549	11	None	GENOMAD.005163.VV	4.469e-13	66	0	0	1	2561	Caudoviricetes	NA	NA	PF11651;TIGR04387	P22 coat protein - gene protein 5
k127_106859_1	1	921	921	1	0.630	11	None	GENOMAD.169508.VP	4.002e-15	79	0	0	1	2561	Caudoviricetes	NA	NA	PF04708;PF13262;COG1961;K14060	Site-specific DNA recombinase related to the DNA invertase Pin
k127_237186_1	2	319	318	-1	0.569	11	None	GENOMAD.008862.VV	3.449e-25	101	0	0	1	2561	Caudoviricetes	NA	NA	PF13479;TIGR01618;COG0468;K10957	phage nucleotide-binding protein
k127_269912_1	3	377	375	-1	0.595	11	None	GENOMAD.081999.VV	2.842e-19	85	0	0	1	2561	Caudoviricetes	NA	NA	PF13252;TIGR04387	major capsid protein, N4-gp56 family
k127_74330_1	2	772	771	-1	0.651	11	None	GENOMAD.013124.VV	1.506e-11	67	0	0	1	377	Drexlerviridae	NA	NA	PF13262;COG5410	NA
k127_9854_1	2	484	483	1	0.619	11	None	GENOMAD.151002.VV	1.055e-37	140	0	0	1	2561	Caudoviricetes	NA	NA	PF17288;PF04466;TIGR01547;COG1783;K06909	phage terminase, large subunit, PBSX family
k127_9988_1	12	359	348	-1	0.626	11	None	GENOMAD.109676.VP	9.363e-27	106	0	0	1	2561	Caudoviricetes	NA	NA	PF10618;TIGR01539	Phage tail tube protein
k127_107767_1	2	325	324	1	0.599	11	None	GENOMAD.125725.VV	1.873e-08	53	0	0	1	2561	Caudoviricetes	NA	NA	PF06074;COG4383;TIGR01537	Mu-like prophage protein gp29
k127_108129_1	2	502	501	-1	0.691	11	None	GENOMAD.060259.VV	2.467e-06	49	0	0	1	2561	Caudoviricetes	NA	NA	PF20307;TIGR02236;COG0468;K04484	Divergent DnaB-like ATPase
k127_303846_1	2	364	363	1	0.634	11	None	GENOMAD.172137.VP	7.346e-24	98	0	0	1	2561	Caudoviricetes	NA	NA	PF07141;COG3728;TIGR02036	Putative bacteriophage terminase small subunit
k127_75647_1	40	330	291	1	0.526	11	GGAG/GAGG	GENOMAD.009848.VV	3.263e-14	69	0	0	1	9913	Herelleviridae	NA	NA	COG5377;TIGR03033	Phage-related protein, predicted endonuclease
k127_108508_1	1	387	387	1	0.664	11	None	GENOMAD.038079.VV	2.853e-29	114	0	0	1	2561	Caudoviricetes	NA	NA	PF05065;COG4653;TIGR04387	Phage capsid family
k127_10907_1	1	657	657	1	0.603	11	None	GENOMAD.186748.VV	0.0001215	45	0	0	1	326	Orthornavirae	NA	NA	PF00978	RNA dependent RNA polymerase
k127_10972_1	1	414	414	1	0.657	11	None	GENOMAD.013124.VV	3.026e-15	74	0	0	1	377	Drexlerviridae	NA	NA	PF13262;COG5410	NA
k127_271871_1	1	585	585	1	0.709	11	None	GENOMAD.060259.VV	9.375e-07	51	0	0	1	2561	Caudoviricetes	NA	NA	PF20307;TIGR02236;COG0468;K04484	Divergent DnaB-like ATPase
k127_239248_1	3	608	606	1	0.599	11	None	GENOMAD.013210.VV	9.728e-29	116	0	0	1	2561	Caudoviricetes	NA	NA	PF00211;PF08994;PF08993;COG2114	Adenylate and Guanylate cyclase catalytic domain; T4 gene Gp59 loader of gp41 DNA helicase C-term; T4 gene Gp59 loader of gp41 DNA helicase
k127_239287_1	2	331	330	-1	0.618	11	None	GENOMAD.090434.VV	2.515e-14	70	0	0	1	2561	Caudoviricetes	NA	NA	PF05065;TIGR01554;COG4653	phage major capsid protein, HK97 family
k127_140670_1	2	106	105	1	0.648	11	None	NA	NA	NA	0	0	0	1	NA	NA	NA	NA	NA
k127_140670_2	96	716	621	1	0.615	11	GGA/GAG/AGG	GENOMAD.169508.VP	1.567e-24	104	0	0	1	2561	Caudoviricetes	NA	NA	PF04708;PF13262;COG1961;K14060	Site-specific DNA recombinase related to the DNA invertase Pin
k127_11267_1	3	323	321	1	0.623	11	None	GENOMAD.034519.VV	4.406e-07	49	0	0	1	2561	Caudoviricetes	NA	NA	PF05136;TIGR01537;COG4695	phage portal protein, HK97 family
k127_239572_1	3	326	324	1	0.614	11	None	GENOMAD.005158.VV	7.37e-10	57	0	0	1	2561	Caudoviricetes	NA	NA	PF04586;PF13395;TIGR02646;K06904	TIGR02646 family protein
k127_239709_1	3	362	360	1	0.633	11	None	GENOMAD.129999.VP	5.778e-26	104	0	0	1	2561	Caudoviricetes	NA	NA	PF04708;COG1961;K21528	Site-specific DNA recombinase related to the DNA invertase Pin
k127_76688_1	1	354	354	-1	0.542	11	None	GENOMAD.059524.VV	3.388e-05	44	0	0	1	2561	Caudoviricetes	NA	NA	PF17212	Tail tubular protein
k127_109388_1	1	306	306	-1	0.663	11	None	GENOMAD.097639.VV	2.403e-19	84	0	0	1	2561	Caudoviricetes	NA	NA	PF17289;TIGR01630;COG5362	phage uncharacterized protein (putative large terminase), C-terminal domain
k127_76726_1	2	454	453	1	0.618	11	None	GENOMAD.013210.VV	6.538e-30	117	0	0	1	2561	Caudoviricetes	NA	NA	PF00211;PF08994;PF08993;COG2114	Adenylate and Guanylate cyclase catalytic domain; T4 gene Gp59 loader of gp41 DNA helicase C-term; T4 gene Gp59 loader of gp41 DNA helicase
k127_173697_1	2	535	534	-1	0.427	11	None	GENOMAD.172137.VP	3.781e-20	90	0	0	1	2561	Caudoviricetes	NA	NA	PF07141;COG3728;TIGR02036	Putative bacteriophage terminase small subunit
k127_173697_2	571	714	144	-1	0.479	11	None	NA	NA	NA	0	0	0	1	NA	NA	NA	NA	NA
k127_240374_1	1	357	357	-1	0.616	11	None	GENOMAD.141959.VP	9.993e-20	86	0	0	1	2561	Caudoviricetes	NA	NA	COG3948	Phage-related baseplate assembly protein
k127_12199_1	2	877	876	1	0.600	11	None	GENOMAD.000073.VV	0.0001134	46	0	0	1	6233	Potyviridae	NA	NA	PF00680	Viral RNA-dependent RNA polymerase
k127_77747_1	337	1659	1323	-1	0.610	11	None	GENOMAD.000178.VV	2.77e-05	49	0	0	1	1135	Nodaviridae	NA	NA	PF00998	Viral RNA dependent RNA polymerase
k127_77747_2	1841	2050	210	-1	0.633	11	None	NA	NA	NA	0	0	0	1	NA	NA	NA	NA	NA
k127_45597_1	2	328	327	-1	0.697	11	AGGA	GENOMAD.044447.VV	4.731e-07	49	0	0	1	2561	Caudoviricetes	NA	NA	PF04965;K21530;COG3628;TIGR03357	Phage baseplate assembly protein W
k127_207316_1	1	369	369	-1	0.680	11	None	GENOMAD.005502.VV	0.0001905	42	0	0	1	1	NA	NA	NA	PF09293	T4 RNase H, C terminal
k127_273683_1	2	1369	1368	1	0.595	11	None	GENOMAD.000073.VV	7.095e-06	51	0	0	1	6233	Potyviridae	NA	NA	PF00680	Viral RNA-dependent RNA polymerase
k127_111071_1	1	498	498	-1	0.705	11	None	GENOMAD.173419.VV	0.000242	43	0	0	1	1	NA	NA	NA	TIGR01725	phage protein, HK97 gp10 family
k127_46122_1	2	370	369	1	0.686	11	None	GENOMAD.087016.VV	7.57e-07	49	0	0	1	2561	Caudoviricetes	NA	NA	PF17236;TIGR01554;COG4653	Phage capsid-like protein
k127_175308_1	54	344	291	1	0.595	11	None	GENOMAD.129874.VP	2.646e-47	164	0	0	1	2561	Caudoviricetes	NA	NA	PF10076;COG3778;TIGR02242	Uncharacterized protein YmfQ in lambdoid prophage, DUF2313 family
k127_46399_1	3	545	543	1	0.584	11	None	GENOMAD.109691.VV	6.941e-43	156	0	0	1	2561	Caudoviricetes	NA	NA	PF06141	Phage minor tail protein U
k127_78698_1	1	363	363	1	0.488	11	None	GENOMAD.032961.VV	2.224e-28	111	0	0	1	2561	Caudoviricetes	NA	NA	PF13479;TIGR01618;COG2087;K04484	phage nucleotide-binding protein
k127_13713_1	131	334	204	1	0.706	11	None	GENOMAD.195366.VP	2.561e-05	42	0	0	1	1	NA	NA	NA	PF05766;COG3024	Endogenous inhibitor of DNA gyrase, YacG/DUF329 family
k127_13756_1	72	434	363	-1	0.579	11	None	GENOMAD.182994.VP	1.295e-08	54	0	0	1	1	NA	NA	NA	PF07141	Putative bacteriophage terminase small subunit
k127_307259_1	3	515	513	1	0.499	11	None	GENOMAD.061750.VV	1.908e-35	134	0	0	1	1	NA	NA	NA	PF16510	Phage P22-like portal protein
k127_241993_1	3	314	312	-1	0.587	11	None	GENOMAD.129874.VP	4.54e-45	158	0	0	1	2561	Caudoviricetes	NA	NA	PF10076;COG3778;TIGR02242	Uncharacterized protein YmfQ in lambdoid prophage, DUF2313 family
k127_175813_1	1	369	369	-1	0.696	11	None	GENOMAD.052507.VV	1.435e-08	54	0	0	1	2561	Caudoviricetes	NA	NA	PF06199	NA
k127_111893_1	2	322	321	-1	0.667	11	None	GENOMAD.159842.VV	3.66e-17	78	0	0	1	2561	Caudoviricetes	NA	NA	PF05772;PF04466;TIGR01547;COG5323	NinB protein; Phage terminase large subunit
k127_208628_1	1	399	399	-1	0.617	11	None	GENOMAD.209745.VV	1.135e-15	75	0	0	1	2561	Caudoviricetes	NA	NA	PF04860;TIGR01537	phage portal protein, HK97 family
k127_307832_1	2	370	369	1	0.653	11	None	GENOMAD.108416.VP	3.961e-23	96	0	0	1	2561	Caudoviricetes	NA	NA	PF11863;COG4386	Mu-like prophage tail sheath protein gpL
k127_79633_1	1	597	597	1	0.472	11	None	GENOMAD.033798.VV	4.576e-06	49	0	0	1	2561	Caudoviricetes	NA	NA	PF11134	Phage stabilisation protein
k127_79769_1	1	2658	2658	-1	0.419	11	None	NA	NA	NA	0	0	0	1	NA	NA	NA	NA	NA
k127_47567_1	2	553	552	-1	0.620	11	None	GENOMAD.052644.VV	3.525e-08	55	0	0	1	2561	Caudoviricetes	NA	NA	PF11134	Phage stabilisation protein
k127_143847_1	1	327	327	1	0.578	11	None	GENOMAD.147571.VP	1.769e-09	56	0	0	1	2561	Caudoviricetes	NA	NA	PF20441;COG5362	Terminase large subunit, endonuclease domain
k127_275739_1	2	391	390	1	0.572	11	None	GENOMAD.116655.VV	3.086e-45	160	0	0	1	2561	Caudoviricetes	NA	NA	PF04860;TIGR01537;COG5005	phage portal protein, HK97 family
k127_80162_1	2	805	804	1	0.618	11	None	GENOMAD.000175.VV	2.225e-05	48	0	0	1	8305	Partitiviridae	NA	NA	PF00680;COG3344	Viral RNA-dependent RNA polymerase
k127_144202_1	2	64	63	-1	0.635	11	GGA/GAG/AGG	NA	NA	NA	0	0	0	1	NA	NA	NA	NA	NA
k127_144202_2	45	392	348	-1	0.586	11	None	GENOMAD.064271.VV	5.821e-07	49	0	0	1	2561	Caudoviricetes	NA	NA	PF09588;COG5377	Phage-related protein, predicted endonuclease
k127_48368_1	3	329	327	1	0.538	11	None	GENOMAD.177668.VP	1.05e-06	48	0	0	1	2561	Caudoviricetes	NA	NA	PF17289;COG5362	Phage terminase large subunit
k127_48431_1	3	311	309	1	0.450	11	None	GENOMAD.068648.VV	6.417e-57	192	0	0	1	2561	Caudoviricetes	NA	NA	PF20441;PF03354;COG4626;TIGR01547	Phage terminase-like protein, large subunit, contains N-terminal HTH domain
k127_177405_1	1	450	450	1	0.671	11	None	GENOMAD.023991.VV	2.6e-12	66	0	0	1	2561	Caudoviricetes	NA	NA	COG5410	Mu-like prophage FluMu protein gp28
k127_243733_1	1	477	477	-1	0.459	11	None	GENOMAD.009780.VV	1.038e-70	235	0	0	1	2561	Caudoviricetes	NA	NA	PF17289;COG5362;TIGR01630	Phage terminase large subunit
k127_177438_1	2	307	306	1	0.533	11	None	GENOMAD.190269.VV	1.649e-07	50	0	0	1	2561	Caudoviricetes	NA	NA	PF17289;COG5362;TIGR01630	Phage terminase large subunit
k127_177475_1	104	541	438	-1	0.632	11	None	GENOMAD.147427.VP	1.058e-21	93	0	0	1	2561	Caudoviricetes	NA	NA	PF07141	Putative bacteriophage terminase small subunit
k127_177475_2	583	1107	525	-1	0.642	11	None	GENOMAD.038338.VV	1.721e-18	85	0	0	0	2561	Caudoviricetes	NA	NA	COG3392	NA
k127_276498_1	1	432	432	-1	0.579	11	None	GENOMAD.013210.VV	3.752e-15	74	0	0	1	2561	Caudoviricetes	NA	NA	PF00211;PF08994;PF08993;COG2114	Adenylate and Guanylate cyclase catalytic domain; T4 gene Gp59 loader of gp41 DNA helicase C-term; T4 gene Gp59 loader of gp41 DNA helicase
k127_309323_1	2	328	327	-1	0.685	11	None	GENOMAD.182236.VP	9.593e-08	51	0	0	1	2561	Caudoviricetes	NA	NA	PF16724;COG4119;TIGR02705;K12152	T4-like virus Myoviridae tail sheath stabiliser
k127_48806_1	2	418	417	-1	0.712	11	None	GENOMAD.167887.VP	8.815e-12	64	0	0	1	2561	Caudoviricetes	NA	NA	PF04860;TIGR01537;COG4383	phage portal protein, HK97 family
k127_309506_1	1	1263	1263	1	0.630	11	None	GENOMAD.169508.VP	0.0002161	46	0	0	1	2561	Caudoviricetes	NA	NA	PF04708;PF13262;COG1961;K14060	Site-specific DNA recombinase related to the DNA invertase Pin
k127_178005_1	1	984	984	1	0.690	11	None	GENOMAD.013210.VV	3.397e-21	98	0	0	1	2561	Caudoviricetes	NA	NA	PF00211;PF08994;PF08993;COG2114	Adenylate and Guanylate cyclase catalytic domain; T4 gene Gp59 loader of gp41 DNA helicase C-term; T4 gene Gp59 loader of gp41 DNA helicase
k127_145324_1	1	360	360	1	0.603	11	None	GENOMAD.107279.VP	2.42e-10	59	0	0	1	2561	Caudoviricetes	NA	NA	PF09588;TIGR03033;COG5377;K01143	putative phage-type endonuclease
k127_81493_1	3	332	330	1	0.555	11	None	GENOMAD.154686.VV	2.266e-23	96	0	0	1	2561	Caudoviricetes	NA	NA	PF17288	Terminase RNAseH like domain
k127_145470_1	2	448	447	-1	0.501	11	None	GENOMAD.002040.VV	1.248e-55	191	0	0	1	2561	Caudoviricetes	NA	NA	PF06488	Phage tail tube protein
k127_244615_1	1	1008	1008	1	0.637	11	None	GENOMAD.169508.VP	1.804e-20	96	0	0	1	2561	Caudoviricetes	NA	NA	PF04708;PF13262;COG1961;K14060	Site-specific DNA recombinase related to the DNA invertase Pin
k127_49463_1	1	453	453	-1	0.645	11	None	GENOMAD.042852.VV	1.12e-23	99	0	0	1	2561	Caudoviricetes	NA	NA	PF19821	Phage capsid protein
k127_49545_1	3	857	855	1	0.580	11	None	GENOMAD.057710.VV	0.000222	45	0	0	1	2561	Caudoviricetes	NA	NA	PF00589;PF04860;K07358;TIGR01537	Phage integrase family; Phage portal protein
k127_310191_1	3	944	942	1	0.636	11	None	GENOMAD.169508.VP	1.386e-10	65	0	0	1	2561	Caudoviricetes	NA	NA	PF04708;PF13262;COG1961;K14060	Site-specific DNA recombinase related to the DNA invertase Pin
k127_81828_1	1	339	339	1	0.723	11	None	GENOMAD.179365.VP	2.246e-08	53	0	0	1	2561	Caudoviricetes	NA	NA	PF17289;COG5362	Phage terminase large subunit
k127_145714_1	1	387	387	-1	0.615	11	None	GENOMAD.116655.VV	7.671e-76	248	0	0	1	2561	Caudoviricetes	NA	NA	PF04860;TIGR01537;COG5005	phage portal protein, HK97 family
k127_277533_1	1	168	168	-1	0.589	11	AGGAG	GENOMAD.131206.VV	2.418e-21	87	0	0	1	1	NA	NA	NA	PF06890	NA
k127_277533_2	178	420	243	-1	0.551	11	None	NA	NA	NA	0	0	0	1	NA	NA	NA	NA	NA
k127_16698_1	2	373	372	1	0.435	11	None	GENOMAD.003590.VV	7.984e-65	216	0	0	1	2561	Caudoviricetes	NA	NA	PF04860;TIGR01537;COG4695	phage portal protein, HK97 family
k127_16840_1	3	287	285	1	0.733	11	None	GENOMAD.124507.VV	9.933e-25	99	0	0	1	2561	Caudoviricetes	NA	NA	PF11242;K22300;COG3655;TIGR00673	DNA-binding transcriptional regulator, XRE family
k127_114773_1	1	321	321	1	0.623	11	None	GENOMAD.172137.VP	5.09e-05	43	0	0	1	2561	Caudoviricetes	NA	NA	PF07141;COG3728;TIGR02036	Putative bacteriophage terminase small subunit
k127_277832_1	2	328	327	1	0.596	11	None	GENOMAD.178916.VP	1.319e-20	88	0	0	1	2561	Caudoviricetes	NA	NA	PF05065;TIGR01554;COG1659	phage major capsid protein, HK97 family
k127_211360_1	2	487	486	1	0.609	11	None	GENOMAD.169508.VP	1.566e-24	102	0	0	1	2561	Caudoviricetes	NA	NA	PF04708;PF13262;COG1961;K14060	Site-specific DNA recombinase related to the DNA invertase Pin
k127_211637_1	2	781	780	1	0.635	11	None	GENOMAD.169508.VP	1.36e-28	118	0	0	1	2561	Caudoviricetes	NA	NA	PF04708;PF13262;COG1961;K14060	Site-specific DNA recombinase related to the DNA invertase Pin
k127_245792_1	3	302	300	1	0.613	11	None	GENOMAD.116655.VV	3.096e-39	141	0	0	1	2561	Caudoviricetes	NA	NA	PF04860;TIGR01537;COG5005	phage portal protein, HK97 family
k127_50566_1	1	570	570	-1	0.698	11	None	GENOMAD.013210.VV	3.945e-10	61	0	0	1	2561	Caudoviricetes	NA	NA	PF00211;PF08994;PF08993;COG2114	Adenylate and Guanylate cyclase catalytic domain; T4 gene Gp59 loader of gp41 DNA helicase C-term; T4 gene Gp59 loader of gp41 DNA helicase
k127_179328_1	1	822	822	1	0.661	11	None	GENOMAD.044416.VV	0.0002047	45	0	0	1	2561	Caudoviricetes	NA	NA	TIGR01537	NA
k127_179360_1	1	414	414	-1	0.599	11	None	GENOMAD.002932.VV	9.863e-10	58	0	0	1	2561	Caudoviricetes	NA	NA	TIGR01630;COG5362	phage uncharacterized protein (putative large terminase), C-terminal domain
k127_115703_1	1	348	348	-1	0.578	11	GGAG/GAGG	GENOMAD.063565.VV	2.178e-42	151	0	0	1	2561	Caudoviricetes	NA	NA	PF10124;COG4397	Mu-like prophage major head subunit gpT
k127_311510_1	3	374	372	1	0.597	11	None	GENOMAD.056631.VV	2.122e-46	163	0	0	1	2561	Caudoviricetes	NA	NA	PF19821;TIGR04387	major capsid protein, N4-gp56 family
k127_18074_1	1	324	324	1	0.623	11	None	GENOMAD.108416.VP	5.669e-21	89	0	0	1	2561	Caudoviricetes	NA	NA	PF11863;COG4386	Mu-like prophage tail sheath protein gpL
k127_83389_1	33	311	279	-1	0.620	11	None	GENOMAD.079897.VV	3.26e-12	63	0	0	1	2561	Caudoviricetes	NA	NA	PF04883;TIGR01725;COG5005	phage protein, HK97 gp10 family
k127_51193_1	1	339	339	-1	0.676	11	None	GENOMAD.068048.VV	2.246e-08	53	0	0	1	2561	Caudoviricetes	NA	NA	PF20307;TIGR03600;K02314;COG0305	phage replicative helicase, DnaB family, HK022 subfamily
k127_51252_1	2	664	663	1	0.591	11	None	GENOMAD.169508.VP	4.519e-27	112	0	0	1	2561	Caudoviricetes	NA	NA	PF04708;PF13262;COG1961;K14060	Site-specific DNA recombinase related to the DNA invertase Pin
k127_279297_1	1	375	375	1	0.659	11	None	NA	NA	NA	0	0	0	1	NA	NA	NA	NA	NA
k127_279297_2	465	746	282	1	0.582	11	GGAGG	GENOMAD.062253.VV	1.769e-11	61	0	0	1	1	NA	NA	NA	PF03864	NA
k127_116396_1	1	303	303	1	0.611	11	None	GENOMAD.158042.VP	1.25e-09	56	0	0	1	2561	Caudoviricetes	NA	NA	PF05521;TIGR01563;COG5614	phage head-tail adaptor, putative, SPP1 family
k127_116396_2	321	407	87	-1	0.552	11	None	NA	NA	NA	0	0	0	1	NA	NA	NA	NA	NA
k127_180352_1	3	191	189	1	0.725	11	None	NA	NA	NA	0	0	0	1	NA	NA	NA	NA	NA
k127_180352_2	274	531	258	1	0.671	11	GGAGG	GENOMAD.127022.VV	1.451e-17	78	0	0	1	2561	Caudoviricetes	NA	NA	PF04586;K06904;COG3740;TIGR01543	Phage head maturation protease
k127_279697_1	1	507	507	1	0.665	11	None	GENOMAD.026355.VV	7.582e-17	80	0	0	1	2561	Caudoviricetes	NA	NA	PF20307;TIGR02238	Divergent DnaB-like ATPase
k127_280042_1	2	415	414	-1	0.623	11	None	GENOMAD.169508.VP	1.055e-08	55	0	0	1	2561	Caudoviricetes	NA	NA	PF04708;PF13262;COG1961;K14060	Site-specific DNA recombinase related to the DNA invertase Pin
k127_84445_1	1	1104	1104	1	0.596	11	None	GENOMAD.013210.VV	2.755e-19	93	0	0	1	2561	Caudoviricetes	NA	NA	PF00211;PF08994;PF08993;COG2114	Adenylate and Guanylate cyclase catalytic domain; T4 gene Gp59 loader of gp41 DNA helicase C-term; T4 gene Gp59 loader of gp41 DNA helicase
k127_148319_1	1	252	252	-1	0.643	11	GGAG/GAGG	GENOMAD.110224.VV	1.186e-18	81	0	0	1	1	NA	NA	NA	PF04586;TIGR01543;COG3740;K06904	phage prohead protease, HK97 family
k127_148319_2	249	335	87	-1	0.690	11	None	NA	NA	NA	0	0	0	1	NA	NA	NA	NA	NA
k127_280274_1	457	1734	1278	-1	0.613	11	None	GENOMAD.013210.VV	8.47e-24	108	0	0	1	2561	Caudoviricetes	NA	NA	PF00211;PF08994;PF08993;COG2114	Adenylate and Guanylate cyclase catalytic domain; T4 gene Gp59 loader of gp41 DNA helicase C-term; T4 gene Gp59 loader of gp41 DNA helicase
k127_280274_2	1740	1919	180	-1	0.600	11	None	NA	NA	NA	0	0	0	1	NA	NA	NA	NA	NA
k127_52492_1	3	206	204	-1	0.608	11	AGGAG	GENOMAD.071130.VV	4.421e-21	87	0	0	1	1	NA	NA	NA	PF06892;COG3655;TIGR02684	DNA-binding transcriptional regulator, XRE family
k127_52492_2	215	337	123	-1	0.553	11	None	NA	NA	NA	0	0	0	1	NA	NA	NA	NA	NA
k127_52633_1	2	961	960	1	0.604	11	None	GENOMAD.068048.VV	2.253e-15	80	0	0	1	2561	Caudoviricetes	NA	NA	PF20307;TIGR03600;K02314;COG0305	phage replicative helicase, DnaB family, HK022 subfamily
k127_148573_1	2	307	306	1	0.533	11	None	GENOMAD.150914.VV	4.469e-13	66	0	0	1	7662	Tectiviridae	NA	NA	PF09018	P3 major capsid protein
k127_280545_1	2	385	384	-1	0.620	11	None	GENOMAD.099865.VV	3.657e-26	105	0	0	1	2561	Caudoviricetes	NA	NA	PF04466;PF17289;TIGR01547;COG5323;K06909	phage terminase, large subunit, PBSX family
k127_19744_1	2	523	522	-1	0.559	11	None	GENOMAD.013210.VV	2.445e-12	67	0	0	1	2561	Caudoviricetes	NA	NA	PF00211;PF08994;PF08993;COG2114	Adenylate and Guanylate cyclase catalytic domain; T4 gene Gp59 loader of gp41 DNA helicase C-term; T4 gene Gp59 loader of gp41 DNA helicase
k127_280862_1	3	404	402	1	0.455	15	None	GENOMAD.059586.VV	1.913e-09	57	0	0	1	2561	Caudoviricetes	NA	NA	PF04466;PF11436;TIGR02215;COG5565	phage conserved hypothetical protein, phiE125 gp8 family
k127_53022_1	74	274	201	1	0.353	11	GGAG/GAGG	GENOMAD.223820.VV	1.04e-05	43	0	0	1	2561	Caudoviricetes	NA	NA	PF05766	Bacteriophage Lambda NinG protein
k127_53022_2	252	470	219	1	0.379	11	AGGA/GGAG/GAGG	NA	NA	NA	0	0	0	1	NA	NA	NA	NA	NA
k127_53066_1	2	511	510	1	0.594	11	None	GENOMAD.013210.VV	1.136e-09	59	0	0	1	2561	Caudoviricetes	NA	NA	PF00211;PF08994;PF08993;COG2114	Adenylate and Guanylate cyclase catalytic domain; T4 gene Gp59 loader of gp41 DNA helicase C-term; T4 gene Gp59 loader of gp41 DNA helicase
k127_248355_1	2	391	390	-1	0.703	11	None	GENOMAD.007178.VV	6.628e-29	113	0	0	1	2561	Caudoviricetes	NA	NA	COG4653	Predicted phage phi-C31 gp36 major capsid-like protein
k127_181735_1	3	479	477	-1	0.600	11	None	GENOMAD.068048.VV	3.142e-13	69	0	0	1	2561	Caudoviricetes	NA	NA	PF20307;TIGR03600;K02314;COG0305	phage replicative helicase, DnaB family, HK022 subfamily
k127_313845_1	1	453	453	1	0.662	11	None	NA	NA	NA	0	0	0	1	NA	NA	NA	NA	NA
k127_313845_2	440	1021	582	1	0.627	11	GGxGG	GENOMAD.169508.VP	1.941e-26	109	0	0	1	2561	Caudoviricetes	NA	NA	PF04708;PF13262;COG1961;K14060	Site-specific DNA recombinase related to the DNA invertase Pin
k127_181867_1	1	321	321	1	0.573	11	None	GENOMAD.021774.VV	9.786e-07	48	0	0	1	2561	Caudoviricetes	NA	NA	PF08875;COG4672;TIGR01600	Phage-related protein
k127_313964_1	82	378	297	1	0.603	11	AGGA	GENOMAD.109691.VV	1.083e-10	59	0	0	1	2561	Caudoviricetes	NA	NA	PF06141	Phage minor tail protein U
k127_20465_1	3	323	321	1	0.558	11	None	GENOMAD.107055.VV	1.221e-12	65	0	0	1	2561	Caudoviricetes	NA	NA	PF17288	Terminase RNAseH like domain
k127_53491_1	1	684	684	1	0.583	11	None	GENOMAD.068048.VV	1.908e-15	78	0	0	1	2561	Caudoviricetes	NA	NA	PF20307;TIGR03600;K02314;COG0305	phage replicative helicase, DnaB family, HK022 subfamily
k127_248713_1	2	739	738	-1	0.569	11	None	GENOMAD.161999.VV	1.66e-53	190	0	0	1	2561	Caudoviricetes	NA	NA	PF05894;K06909;TIGR01547;COG1783	Podovirus DNA encapsidation protein (Gp16)
k127_85879_1	188	403	216	-1	0.597	11	None	GENOMAD.063098.VV	1.02e-07	49	0	0	1	2561	Caudoviricetes	NA	NA	PF11126	Transcriptional regulator DsbA
k127_281528_1	123	284	162	1	0.469	11	AGGAGG	NA	NA	NA	0	0	0	1	NA	NA	NA	NA	NA
k127_281528_2	304	831	528	1	0.532	11	AGGAG	GENOMAD.028110.VV	1.718e-19	88	0	0	1	2561	Caudoviricetes	NA	NA	PF13479;TIGR01618;COG0467	phage nucleotide-binding protein
k127_182346_1	1	519	519	1	0.630	11	None	GENOMAD.167290.VP	5.81e-09	57	0	0	1	2561	Caudoviricetes	NA	NA	PF11863;COG4386	Mu-like prophage tail sheath protein gpL
k127_281745_1	3	134	132	1	0.576	11	None	NA	NA	NA	0	0	0	1	NA	NA	NA	NA	NA
k127_281745_2	230	457	228	1	0.553	11	GGAG/GAGG	GENOMAD.147427.VP	7.141e-13	64	0	0	1	2561	Caudoviricetes	NA	NA	PF07141	Putative bacteriophage terminase small subunit
k127_314798_1	3	398	396	-1	0.561	11	None	GENOMAD.060259.VV	2.062e-07	51	0	0	1	2561	Caudoviricetes	NA	NA	PF20307;TIGR02236;COG0468;K04484	Divergent DnaB-like ATPase
k127_249473_1	2	442	441	1	0.592	11	None	GENOMAD.169508.VP	2.322e-22	95	0	0	1	2561	Caudoviricetes	NA	NA	PF04708;PF13262;COG1961;K14060	Site-specific DNA recombinase related to the DNA invertase Pin
k127_249523_1	1	318	318	-1	0.623	11	None	GENOMAD.017980.VV	8.28e-40	143	0	0	1	2561	Caudoviricetes	NA	NA	PF20387	NA
k127_86617_1	1	348	348	1	0.589	11	None	GENOMAD.034519.VV	1.333e-06	48	0	0	1	2561	Caudoviricetes	NA	NA	PF05136;TIGR01537;COG4695	phage portal protein, HK97 family
k127_150230_1	1	351	351	-1	0.444	15	None	GENOMAD.014920.VV	2.289e-50	174	0	0	1	2561	Caudoviricetes	NA	NA	PF09950;COG4834;TIGR01555	phage-related protein, HI1409 family
k127_119455_1	2	307	306	-1	0.500	11	None	GENOMAD.068648.VV	2.744e-57	193	0	0	1	2561	Caudoviricetes	NA	NA	PF20441;PF03354;COG4626;TIGR01547	Phage terminase-like protein, large subunit, contains N-terminal HTH domain
k127_215441_1	2	451	450	-1	0.693	11	None	GENOMAD.013210.VV	8.082e-18	82	0	0	1	2561	Caudoviricetes	NA	NA	PF00211;PF08994;PF08993;COG2114	Adenylate and Guanylate cyclase catalytic domain; T4 gene Gp59 loader of gp41 DNA helicase C-term; T4 gene Gp59 loader of gp41 DNA helicase
k127_150326_1	236	1015	780	-1	0.544	11	None	GENOMAD.057710.VV	2.278e-06	51	0	0	1	2561	Caudoviricetes	NA	NA	PF00589;PF04860;K07358;TIGR01537	Phage integrase family; Phage portal protein
k127_86778_1	1	324	324	-1	0.642	11	None	GENOMAD.170348.VP	0.0001205	42	0	0	1	2561	Caudoviricetes	NA	NA	COG5362	Phage terminase large subunit
k127_183164_1	1	645	645	-1	0.678	11	None	GENOMAD.181728.VV	2.907e-07	53	0	0	1	2561	Caudoviricetes	NA	NA	PF09588;COG5377;TIGR03033	Phage-related protein, predicted endonuclease
k127_54792_1	3	323	321	-1	0.626	11	None	GENOMAD.126166.VV	4.958e-14	69	0	0	1	2561	Caudoviricetes	NA	NA	PF05894;TIGR01547;COG5323	phage terminase, large subunit, PBSX family
k127_87050_1	3	581	579	1	0.660	11	None	GENOMAD.208174.VP	1.877e-05	47	0	0	1	2561	Caudoviricetes	NA	NA	PF11242;PF00271;TIGR00721;COG4584	DNA-binding protein, Tfx family
k127_183395_1	2	349	348	1	0.647	11	None	GENOMAD.219885.VP	2.39e-17	79	0	0	1	2561	Caudoviricetes	NA	NA	PF05954;COG4379;TIGR03361;K06905	Mu-like prophage tail protein gpP
k127_315633_1	3	203	201	1	0.572	11	None	NA	NA	NA	0	0	0	1	NA	NA	NA	NA	NA
k127_315633_2	187	378	192	1	0.500	11	GGAGG	GENOMAD.009848.VV	2.279e-11	59	0	0	1	9913	Herelleviridae	NA	NA	COG5377;TIGR03033	Phage-related protein, predicted endonuclease
k127_283017_1	1	1008	1008	1	0.708	11	None	GENOMAD.013210.VV	1.343e-15	81	0	0	1	2561	Caudoviricetes	NA	NA	PF00211;PF08994;PF08993;COG2114	Adenylate and Guanylate cyclase catalytic domain; T4 gene Gp59 loader of gp41 DNA helicase C-term; T4 gene Gp59 loader of gp41 DNA helicase
k127_55241_1	2	175	174	-1	0.575	11	GGA/GAG/AGG	GENOMAD.009848.VV	2.783e-07	47	0	0	1	9913	Herelleviridae	NA	NA	COG5377;TIGR03033	Phage-related protein, predicted endonuclease
k127_55241_2	169	369	201	-1	0.498	11	None	NA	NA	NA	0	0	0	1	NA	NA	NA	NA	NA
k127_87782_1	1	324	324	-1	0.438	15	None	GENOMAD.032961.VV	2.297e-22	93	0	0	1	2561	Caudoviricetes	NA	NA	PF13479;TIGR01618;COG2087;K04484	phage nucleotide-binding protein
k127_87853_1	2	484	483	-1	0.594	11	None	GENOMAD.116655.VV	1.034e-71	238	0	0	1	2561	Caudoviricetes	NA	NA	PF04860;TIGR01537;COG5005	phage portal protein, HK97 family
k127_316222_1	3	518	516	1	0.609	11	None	GENOMAD.111208.VP	5.806e-06	48	0	0	1	2561	Caudoviricetes	NA	NA	PF20441	Terminase large subunit, endonuclease domain
k127_184089_1	2	175	174	-1	0.632	11	GGA/GAG/AGG	GENOMAD.153734.VC	2.994e-13	64	0	0	0	2561	Caudoviricetes	NA	NA	PF06940;COG3738;K13695;TIGR02219	Uncharacterized protein YijF, DUF1287 family
k127_184089_2	172	441	270	-1	0.615	11	None	GENOMAD.093408.VV	3.769e-32	120	0	0	1	2561	Caudoviricetes	NA	NA	PF09356;PF11836;TIGR02218	phage conserved hypothetical protein BR0599
k127_184177_1	1	390	390	-1	0.721	11	None	GENOMAD.191933.VP	2.195e-05	45	0	0	1	7220	Circoviridae	NA	NA	PF02407;PF00910;COG1618;TIGR01618;K10957	Putative viral replication protein; RNA helicase
k127_55771_1	2	352	351	1	0.638	11	None	GENOMAD.172137.VP	1.358e-15	74	0	0	1	2561	Caudoviricetes	NA	NA	PF07141;COG3728;TIGR02036	Putative bacteriophage terminase small subunit
k127_316571_1	3	212	210	-1	0.710	11	GGA/GAG/AGG	GENOMAD.226588.VP	0.0001414	40	0	0	1	1	NA	NA	NA	PF11242;COG4584;TIGR00721;K07500	Transposase
k127_56069_1	14	661	648	1	0.640	11	None	GENOMAD.013124.VV	5.892e-19	88	0	0	1	377	Drexlerviridae	NA	NA	PF13262;COG5410	NA
k127_151758_1	2	370	369	1	0.558	11	None	GENOMAD.111208.VP	5.296e-20	87	0	0	1	2561	Caudoviricetes	NA	NA	PF20441	Terminase large subunit, endonuclease domain
k127_216942_1	139	831	693	1	0.651	11	None	GENOMAD.023991.VV	9.577e-13	70	0	0	1	2561	Caudoviricetes	NA	NA	COG5410	Mu-like prophage FluMu protein gp28
k127_283932_1	3	764	762	1	0.567	11	None	GENOMAD.013210.VV	1.028e-30	124	0	0	1	2561	Caudoviricetes	NA	NA	PF00211;PF08994;PF08993;COG2114	Adenylate and Guanylate cyclase catalytic domain; T4 gene Gp59 loader of gp41 DNA helicase C-term; T4 gene Gp59 loader of gp41 DNA helicase
k127_316765_1	3	596	594	1	0.224	11	None	GENOMAD.154384.VP	0.0001909	44	0	0	1	2561	Caudoviricetes	NA	NA	PF19835;TIGR01453;COG3680	group I intron endonuclease
k127_284023_1	3	332	330	1	0.603	11	None	GENOMAD.023991.VV	1.022e-15	74	0	0	1	2561	Caudoviricetes	NA	NA	COG5410	Mu-like prophage FluMu protein gp28
k127_23225_1	3	86	84	1	0.655	11	None	NA	NA	NA	0	0	0	1	NA	NA	NA	NA	NA
k127_23225_2	186	350	165	1	0.612	11	GGA/GAG/AGG	GENOMAD.001967.VV	5.122e-14	66	0	0	1	2561	Caudoviricetes	NA	NA	PF20387	NA
k127_121213_1	2	94	93	1	0.613	11	None	NA	NA	NA	0	0	0	1	NA	NA	NA	NA	NA
k127_121213_2	87	677	591	1	0.621	11	GGAG/GAGG	GENOMAD.022372.VV	9.422e-06	48	0	0	1	2561	Caudoviricetes	NA	NA	PF04708;COG1961;K14060	Site-specific DNA recombinase related to the DNA invertase Pin
k127_184800_1	1	354	354	-1	0.421	11	GGAG/GAGG	GENOMAD.009733.VV	1.452e-47	166	0	0	1	2561	Caudoviricetes	NA	NA	PF04883;TIGR01725	phage protein, HK97 gp10 family
k127_184800_2	366	509	144	-1	0.458	11	None	NA	NA	NA	0	0	0	1	NA	NA	NA	NA	NA
k127_217280_1	2	394	393	-1	0.601	11	None	GENOMAD.003893.VV	2.336e-15	74	0	0	1	2561	Caudoviricetes	NA	NA	PF04860;TIGR01537;COG4695	phage portal protein, HK97 family
k127_23930_1	3	326	324	1	0.648	11	None	GENOMAD.071268.VV	7.657e-10	57	0	0	1	2561	Caudoviricetes	NA	NA	PF11134	Phage stabilisation protein
k127_89244_1	1	924	924	1	0.702	11	None	GENOMAD.013210.VV	2.117e-17	86	0	0	1	2561	Caudoviricetes	NA	NA	PF00211;PF08994;PF08993;COG2114	Adenylate and Guanylate cyclase catalytic domain; T4 gene Gp59 loader of gp41 DNA helicase C-term; T4 gene Gp59 loader of gp41 DNA helicase
k127_284866_1	2	106	105	1	0.533	11	None	NA	NA	NA	0	0	0	1	NA	NA	NA	NA	NA
k127_284866_2	103	996	894	1	0.577	11	AGGAGG	GENOMAD.017198.VV	3.97e-27	115	0	0	1	2561	Caudoviricetes	NA	NA	PF16510;TIGR01538	Phage P22-like portal protein
k127_24007_1	2	355	354	-1	0.562	11	None	GENOMAD.109691.VV	4.75e-19	84	0	0	1	2561	Caudoviricetes	NA	NA	PF06141	Phage minor tail protein U
k127_122227_1	3	113	111	-1	0.532	11	GGAGG	GENOMAD.073512.VV	4.695e-07	45	0	0	1	1	NA	NA	NA	PF18751;COG2019;TIGR03709;K15518	P-loop Nucleotide Kinase3
k127_285112_1	3	470	468	1	0.564	11	None	GENOMAD.038143.VV	2.755e-14	72	0	0	1	2561	Caudoviricetes	NA	NA	PF11134	Phage stabilisation protein
k127_218018_1	3	299	297	-1	0.539	11	None	GENOMAD.034519.VV	1.472e-07	50	0	0	1	2561	Caudoviricetes	NA	NA	PF05136;TIGR01537;COG4695	phage portal protein, HK97 family
k127_122300_1	2	478	477	-1	0.730	11	None	GENOMAD.195366.VP	9.76e-05	44	0	0	1	1	NA	NA	NA	PF05766;COG3024	Endogenous inhibitor of DNA gyrase, YacG/DUF329 family
k127_317947_1	2	385	384	1	0.672	11	None	GENOMAD.191926.VP	4.553e-05	44	0	0	1	2561	Caudoviricetes	NA	NA	COG5377	Phage-related protein, predicted endonuclease
k127_318053_1	1	612	612	1	0.475	11	None	GENOMAD.014964.VV	1.16e-09	60	0	0	1	2561	Caudoviricetes	NA	NA	PF12236	Bacteriophage head to tail connecting protein
k127_318108_1	2	403	402	1	0.614	11	None	GENOMAD.068048.VV	2.846e-14	71	0	0	1	2561	Caudoviricetes	NA	NA	PF20307;TIGR03600;K02314;COG0305	phage replicative helicase, DnaB family, HK022 subfamily
k127_252757_1	2	580	579	1	0.492	11	None	GENOMAD.002040.VV	2.297e-78	259	0	0	1	2561	Caudoviricetes	NA	NA	PF06488	Phage tail tube protein
k127_318223_1	2	223	222	1	0.653	11	None	GENOMAD.066721.VV	1.762e-17	77	0	0	1	1	NA	NA	NA	PF06199;COG5437;TIGR02126	Phage tail tube protein
k127_318223_2	223	303	81	1	0.642	11	None	NA	NA	NA	0	0	0	1	NA	NA	NA	NA	NA
k127_218372_1	2	313	312	-1	0.702	11	None	GENOMAD.168708.VP	8.788e-07	48	0	0	1	2561	Caudoviricetes	NA	NA	PF14464;PF06805;COG4723;K21140;TIGR02256	Phage-related protein, tail component
k127_252952_1	3	359	357	-1	0.605	11	None	GENOMAD.105523.VV	3.69e-22	93	0	0	1	2561	Caudoviricetes	NA	NA	PF03864	Phage major capsid protein E
k127_57770_1	1	747	747	1	0.442	11	None	GENOMAD.009780.VV	1.63e-44	164	0	0	1	2561	Caudoviricetes	NA	NA	PF17289;COG5362;TIGR01630	Phage terminase large subunit
k127_57808_1	1	522	522	-1	0.684	11	None	GENOMAD.085643.VV	5.578e-11	63	0	0	1	2561	Caudoviricetes	NA	NA	PF06074;COG4383;TIGR01537	Mu-like prophage protein gp29
k127_318483_1	2	73	72	-1	0.764	11	GGAG/GAGG	NA	NA	NA	0	0	0	1	NA	NA	NA	NA	NA
k127_318483_2	73	345	273	-1	0.626	11	None	GENOMAD.127022.VV	3.887e-17	77	0	0	1	2561	Caudoviricetes	NA	NA	PF04586;K06904;COG3740;TIGR01543	Phage head maturation protease
k127_57941_1	2	166	165	-1	0.655	11	AGGAG	GENOMAD.171605.VV	1.067e-07	48	0	0	1	2561	Caudoviricetes	NA	NA	PF11133;COG5471	Head fiber protein
k127_285813_1	3	305	303	1	0.663	11	None	GENOMAD.097609.VV	6.535e-40	143	0	0	1	1	NA	NA	NA	PF07030;COG4387	Mu-like prophage protein gp36
k127_318647_1	3	167	165	1	0.436	11	None	GENOMAD.009733.VV	2.807e-26	101	0	0	1	2561	Caudoviricetes	NA	NA	PF04883;TIGR01725	phage protein, HK97 gp10 family
k127_318647_2	160	1524	1365	1	0.387	11	AGGAGG	GENOMAD.087127.VP	4.253e-103	344	0	0	0	2561	Caudoviricetes	NA	NA	NA	NA
k127_318647_3	1528	1680	153	1	0.373	11	4Base/6BMM	NA	NA	NA	0	0	0	1	NA	NA	NA	NA	NA
k127_318712_1	3	116	114	-1	0.632	11	GGAG/GAGG	NA	NA	NA	0	0	0	1	NA	NA	NA	NA	NA
k127_318712_2	166	348	183	-1	0.585	11	None	GENOMAD.107483.VV	1.326e-21	88	0	0	1	1	NA	NA	NA	PF09682;TIGR01673	Bacteriophage holin of superfamily 6 (Holin_LLH)
k127_286025_1	1	264	264	-1	0.629	11	GGA/GAG/AGG	GENOMAD.181728.VV	4.753e-07	48	0	0	1	2561	Caudoviricetes	NA	NA	PF09588;COG5377;TIGR03033	Phage-related protein, predicted endonuclease
k127_25222_1	2	268	267	-1	0.588	11	GGAGG	NA	NA	NA	0	0	0	1	NA	NA	NA	NA	NA
k127_25222_2	255	869	615	-1	0.620	11	None	GENOMAD.181728.VV	3.954e-20	91	0	0	1	2561	Caudoviricetes	NA	NA	PF09588;COG5377;TIGR03033	Phage-related protein, predicted endonuclease
k127_123244_1	1	297	297	-1	0.653	11	None	GENOMAD.087347.VV	1.201e-09	56	0	0	1	1	NA	NA	NA	PF06141	Phage minor tail protein U
k127_123244_2	297	383	87	-1	0.540	11	None	NA	NA	NA	0	0	0	1	NA	NA	NA	NA	NA
k127_153936_1	2	397	396	1	0.583	11	None	GENOMAD.190782.VV	3.931e-43	154	0	0	1	2561	Caudoviricetes	NA	NA	PF03864	Phage major capsid protein E
k127_90774_1	3	476	474	-1	0.622	11	None	GENOMAD.129124.VV	1.639e-48	171	0	0	1	2561	Caudoviricetes	NA	NA	PF14550;TIGR01543;COG3740;K06904	phage prohead protease, HK97 family
k127_90820_1	2	361	360	1	0.669	11	None	GENOMAD.169858.VV	1.264e-17	80	0	0	1	2561	Caudoviricetes	NA	NA	PF07030;PF06074;COG4387	Mu-like prophage protein gp36
k127_26075_1	3	482	480	1	0.544	11	None	GENOMAD.031947.VV	9.968e-05	44	0	0	1	2561	Caudoviricetes	NA	NA	PF04860;TIGR01537	phage portal protein, HK97 family
k127_124122_1	3	596	594	1	0.665	11	None	GENOMAD.085060.VV	1.033e-36	139	0	0	1	2561	Caudoviricetes	NA	NA	PF10124;COG4397	Mu-like prophage major head subunit gpT
k127_287027_1	1	474	474	-1	0.597	11	None	GENOMAD.169508.VP	5.239e-17	80	0	0	1	2561	Caudoviricetes	NA	NA	PF04708;PF13262;COG1961;K14060	Site-specific DNA recombinase related to the DNA invertase Pin
k127_287027_2	471	590	120	-1	0.600	11	None	NA	NA	NA	0	0	0	1	NA	NA	NA	NA	NA
k127_91423_1	2	481	480	-1	0.394	15	AGGAG	GENOMAD.009246.VV	9.87e-20	88	0	0	1	2561	Caudoviricetes	NA	NA	PF11863;COG4386	Mu-like prophage tail sheath protein gpL
k127_319934_1	28	786	759	1	0.601	11	None	GENOMAD.181728.VV	6.018e-25	107	0	0	1	2561	Caudoviricetes	NA	NA	PF09588;COG5377;TIGR03033	Phage-related protein, predicted endonuclease
k127_124610_1	3	458	456	1	0.612	11	None	GENOMAD.017564.VV	8.012e-19	85	0	0	1	2561	Caudoviricetes	NA	NA	PF11651	P22 coat protein - gene protein 5
k127_320119_1	3	707	705	-1	0.566	11	GGAGG	GENOMAD.023316.VV	1.039e-12	70	0	0	1	2561	Caudoviricetes	NA	NA	PF03167;PF18906;TIGR00758;COG1573;K21929	uracil-DNA glycosylase, family 4
k127_91861_1	3	302	300	-1	0.600	11	GGA/GAG/AGG	GENOMAD.147427.VP	1.86e-05	44	0	0	1	2561	Caudoviricetes	NA	NA	PF07141	Putative bacteriophage terminase small subunit
k127_124827_1	1	453	453	-1	0.561	11	None	GENOMAD.212786.VV	8.185e-05	44	0	0	1	2561	Caudoviricetes	NA	NA	PF20307;PF00772;TIGR00665;K02314;COG0305	replicative DNA helicase
k127_320950_1	3	554	552	1	0.685	11	None	GENOMAD.068590.VV	3.218e-12	67	0	0	1	2561	Caudoviricetes	NA	NA	PF13871;PF11242;K11654;TIGR00721	C-terminal domain on Strawberry notch homologue
k127_60490_1	3	560	558	1	0.722	11	None	GENOMAD.023991.VV	2.239e-20	91	0	0	1	2561	Caudoviricetes	NA	NA	COG5410	Mu-like prophage FluMu protein gp28
k127_220981_1	2	772	771	-1	0.588	11	None	GENOMAD.013210.VV	5.186e-54	192	0	0	1	2561	Caudoviricetes	NA	NA	PF00211;PF08994;PF08993;COG2114	Adenylate and Guanylate cyclase catalytic domain; T4 gene Gp59 loader of gp41 DNA helicase C-term; T4 gene Gp59 loader of gp41 DNA helicase
k127_288467_1	2	367	366	-1	0.609	11	None	GENOMAD.154173.VV	6.16e-18	81	0	0	1	2561	Caudoviricetes	NA	NA	PF17288;TIGR01547	phage terminase, large subunit, PBSX family
k127_125620_1	3	350	348	1	0.592	11	None	GENOMAD.062883.VV	3.382e-13	67	0	0	1	2561	Caudoviricetes	NA	NA	PF05065;TIGR01554;COG1659	Phage capsid family
k127_27640_1	2	307	306	-1	0.614	11	None	GENOMAD.129999.VP	4.951e-12	63	0	0	1	2561	Caudoviricetes	NA	NA	PF04708;COG1961;K21528	Site-specific DNA recombinase related to the DNA invertase Pin
k127_27649_1	1	306	306	1	0.598	11	None	GENOMAD.096848.VV	1.195e-18	82	0	0	1	2561	Caudoviricetes	NA	NA	PF11651;TIGR04387	P22 coat protein - gene protein 5
k127_92840_1	3	326	324	1	0.546	11	None	GENOMAD.116655.VV	6.3e-12	63	0	0	1	2561	Caudoviricetes	NA	NA	PF04860;TIGR01537;COG5005	phage portal protein, HK97 family
k127_92852_1	1	498	498	1	0.639	11	None	GENOMAD.004790.VV	8.388e-34	129	0	0	1	2561	Caudoviricetes	NA	NA	PF19307	Phage capsid-like protein
k127_27737_1	2	868	867	1	0.562	11	None	GENOMAD.013210.VV	1.137e-11	68	0	0	1	2561	Caudoviricetes	NA	NA	PF00211;PF08994;PF08993;COG2114	Adenylate and Guanylate cyclase catalytic domain; T4 gene Gp59 loader of gp41 DNA helicase C-term; T4 gene Gp59 loader of gp41 DNA helicase
k127_288699_1	1	618	618	-1	0.644	11	None	GENOMAD.068590.VV	5.471e-13	70	0	0	1	2561	Caudoviricetes	NA	NA	PF13871;PF11242;K11654;TIGR00721	C-terminal domain on Strawberry notch homologue
k127_60880_1	1	468	468	-1	0.451	11	None	GENOMAD.068648.VV	2.412e-93	300	0	0	1	2561	Caudoviricetes	NA	NA	PF20441;PF03354;COG4626;TIGR01547	Phage terminase-like protein, large subunit, contains N-terminal HTH domain
k127_188911_1	3	338	336	-1	0.595	11	None	GENOMAD.219885.VP	1.225e-14	71	0	0	1	2561	Caudoviricetes	NA	NA	PF05954;COG4379;TIGR03361;K06905	Mu-like prophage tail protein gpP
k127_256501_1	3	566	564	1	0.578	11	None	GENOMAD.151393.VP	1.455e-27	112	0	0	1	2561	Caudoviricetes	NA	NA	PF17288;TIGR01547;COG1783	phage terminase, large subunit, PBSX family
k127_93708_1	3	1121	1119	1	0.562	11	None	GENOMAD.013210.VV	2.713e-18	90	0	0	1	2561	Caudoviricetes	NA	NA	PF00211;PF08994;PF08993;COG2114	Adenylate and Guanylate cyclase catalytic domain; T4 gene Gp59 loader of gp41 DNA helicase C-term; T4 gene Gp59 loader of gp41 DNA helicase
k127_189505_1	1	324	324	-1	0.522	11	None	GENOMAD.032961.VV	1.548e-18	82	0	0	1	2561	Caudoviricetes	NA	NA	PF13479;TIGR01618;COG2087;K04484	phage nucleotide-binding protein
k127_156807_1	3	668	666	-1	0.341	11	None	GENOMAD.007954.VV	1.746e-95	310	0	0	1	2561	Caudoviricetes	NA	NA	PF11134	Phage stabilisation protein
k127_28676_1	2	388	387	1	0.649	11	None	GENOMAD.117356.VP	1.165e-13	69	0	0	1	2561	Caudoviricetes	NA	NA	PF04865;COG3299;TIGR02243	Baseplate J-like protein
k127_289613_1	1	387	387	-1	0.638	11	None	GENOMAD.068048.VV	1.067e-14	72	0	0	1	2561	Caudoviricetes	NA	NA	PF20307;TIGR03600;K02314;COG0305	phage replicative helicase, DnaB family, HK022 subfamily
k127_157084_1	3	329	327	1	0.587	11	None	GENOMAD.118375.VP	3.246e-11	61	0	0	1	2561	Caudoviricetes	NA	NA	PF11863;COG4386	Mu-like prophage tail sheath protein gpL
k127_289827_1	2	313	312	-1	0.606	11	None	GENOMAD.117231.VV	0.0001055	42	0	0	1	2561	Caudoviricetes	NA	NA	PF09293	T4 RNase H, C terminal
k127_289954_1	263	550	288	1	0.535	11	GGAGG	GENOMAD.190782.VV	1.21e-23	96	0	0	1	2561	Caudoviricetes	NA	NA	PF03864	Phage major capsid protein E
k127_94363_1	2	307	306	1	0.598	11	None	GENOMAD.116655.VV	2.113e-28	110	0	0	1	2561	Caudoviricetes	NA	NA	PF04860;TIGR01537;COG5005	phage portal protein, HK97 family
k127_127206_1	1	381	381	1	0.546	11	None	GENOMAD.021419.VV	2.014e-05	45	0	0	1	1	NA	NA	NA	PF03906	Phage T7 tail fibre protein
k127_257419_1	89	328	240	-1	0.463	11	None	GENOMAD.107483.VV	2.586e-09	54	0	0	1	1	NA	NA	NA	PF09682;TIGR01673	Bacteriophage holin of superfamily 6 (Holin_LLH)
k127_322756_1	38	343	306	-1	0.539	11	GGAG/GAGG	GENOMAD.195656.VP	1.928e-05	44	0	0	1	9067	Straboviridae	NA	NA	PF19835;PF07453;TIGR01453;COG2827	group I intron endonuclease
k127_62323_1	1	912	912	1	0.604	11	None	GENOMAD.000175.VV	8.991e-08	56	0	0	1	8305	Partitiviridae	NA	NA	PF00680;COG3344	Viral RNA-dependent RNA polymerase
k127_94494_1	2	199	198	-1	0.611	11	GGxGG	GENOMAD.093408.VV	8.845e-36	129	0	0	1	2561	Caudoviricetes	NA	NA	PF09356;PF11836;TIGR02218	phage conserved hypothetical protein BR0599
k127_94494_2	199	945	747	-1	0.576	11	GGAG/GAGG	GENOMAD.115798.VV	3.038e-75	253	0	0	0	2561	Caudoviricetes	NA	NA	NA	NA
k127_94494_3	947	1153	207	-1	0.585	11	None	NA	NA	NA	0	0	0	1	NA	NA	NA	NA	NA
k127_222690_1	2	610	609	-1	0.634	11	None	GENOMAD.013210.VV	5.084e-13	70	0	0	1	2561	Caudoviricetes	NA	NA	PF00211;PF08994;PF08993;COG2114	Adenylate and Guanylate cyclase catalytic domain; T4 gene Gp59 loader of gp41 DNA helicase C-term; T4 gene Gp59 loader of gp41 DNA helicase
k127_127602_1	1	369	369	-1	0.637	11	None	GENOMAD.126109.VV	1.671e-06	48	0	0	1	2561	Caudoviricetes	NA	NA	PF04860;TIGR01537;COG4695	phage portal protein, HK97 family
k127_223033_1	1	267	267	1	0.562	11	None	NA	NA	NA	0	0	0	1	NA	NA	NA	NA	NA
k127_223033_2	277	504	228	1	0.553	11	AGGAG	GENOMAD.014453.VV	8.139e-19	81	0	0	1	2561	Caudoviricetes	NA	NA	PF11863;COG4386	Mu-like prophage tail sheath protein gpL
k127_62804_1	3	1181	1179	-1	0.646	11	None	GENOMAD.169508.VP	6.562e-28	120	0	0	1	2561	Caudoviricetes	NA	NA	PF04708;PF13262;COG1961;K14060	Site-specific DNA recombinase related to the DNA invertase Pin
k127_29746_1	3	554	552	-1	0.690	11	None	GENOMAD.068048.VV	1.64e-07	53	0	0	1	2561	Caudoviricetes	NA	NA	PF20307;TIGR03600;K02314;COG0305	phage replicative helicase, DnaB family, HK022 subfamily
k127_29750_1	3	299	297	1	0.643	11	None	GENOMAD.154686.VV	1.33e-08	53	0	0	1	2561	Caudoviricetes	NA	NA	PF17288	Terminase RNAseH like domain
k127_127793_1	1	333	333	-1	0.544	11	None	GENOMAD.020420.VV	2.842e-45	159	0	0	1	2561	Caudoviricetes	NA	NA	COG3497	NA
k127_95035_1	19	321	303	1	0.634	11	GGA/GAG/AGG	GENOMAD.108416.VP	2.073e-20	87	0	0	1	2561	Caudoviricetes	NA	NA	PF11863;COG4386	Mu-like prophage tail sheath protein gpL
k127_63007_1	1	303	303	-1	0.657	11	GGAG/GAGG	GENOMAD.116655.VV	5.331e-42	149	0	0	1	2561	Caudoviricetes	NA	NA	PF04860;TIGR01537;COG5005	phage portal protein, HK97 family
k127_63007_2	345	455	111	-1	0.604	11	None	GENOMAD.079562.VV	1.142e-05	41	0	0	0	2561	Caudoviricetes	NA	NA	NA	NA
k127_323568_1	2	817	816	1	0.592	11	None	GENOMAD.013210.VV	8.442e-11	65	0	0	1	2561	Caudoviricetes	NA	NA	PF00211;PF08994;PF08993;COG2114	Adenylate and Guanylate cyclase catalytic domain; T4 gene Gp59 loader of gp41 DNA helicase C-term; T4 gene Gp59 loader of gp41 DNA helicase
k127_30060_1	2	244	243	1	0.346	11	None	GENOMAD.011998.VV	1.779e-35	129	0	0	0	2561	Caudoviricetes	NA	NA	NA	NA
k127_30060_2	247	717	471	1	0.335	11	GGA/GAG/AGG	GENOMAD.002040.VV	1.646e-39	145	0	0	1	2561	Caudoviricetes	NA	NA	PF06488	Phage tail tube protein
k127_158236_1	2	139	138	1	0.594	11	None	NA	NA	NA	0	0	0	1	NA	NA	NA	NA	NA
k127_158236_2	141	368	228	1	0.553	11	GGA/GAG/AGG	GENOMAD.183790.VP	2.543e-08	51	0	0	1	2561	Caudoviricetes	NA	NA	PF14354;TIGR03655;COG3478	restriction alleviation protein, Lar family
k127_63504_1	2	367	366	1	0.423	11	None	GENOMAD.180962.VP	7.332e-07	49	0	0	1	2561	Caudoviricetes	NA	NA	PF20441	Terminase large subunit, endonuclease domain
k127_223801_1	2	592	591	1	0.596	11	None	GENOMAD.013210.VV	3.281e-31	123	0	0	1	2561	Caudoviricetes	NA	NA	PF00211;PF08994;PF08993;COG2114	Adenylate and Guanylate cyclase catalytic domain; T4 gene Gp59 loader of gp41 DNA helicase C-term; T4 gene Gp59 loader of gp41 DNA helicase
k127_128608_1	3	380	378	-1	0.537	11	None	GENOMAD.110224.VV	8.32e-07	49	0	0	1	1	NA	NA	NA	PF04586;TIGR01543;COG3740;K06904	phage prohead protease, HK97 family
k127_128685_1	3	479	477	1	0.562	11	None	GENOMAD.013210.VV	1.615e-11	64	0	0	1	2561	Caudoviricetes	NA	NA	PF00211;PF08994;PF08993;COG2114	Adenylate and Guanylate cyclase catalytic domain; T4 gene Gp59 loader of gp41 DNA helicase C-term; T4 gene Gp59 loader of gp41 DNA helicase
k127_259047_1	1	318	318	1	0.723	11	None	GENOMAD.195366.VP	0.0005537	40	0	0	1	1	NA	NA	NA	PF05766;COG3024	Endogenous inhibitor of DNA gyrase, YacG/DUF329 family
k127_191652_1	2	574	573	1	0.640	11	None	GENOMAD.023991.VV	3.602e-14	73	0	0	1	2561	Caudoviricetes	NA	NA	COG5410	Mu-like prophage FluMu protein gp28
k127_159011_1	3	560	558	1	0.541	11	None	GENOMAD.057710.VV	7.75e-07	51	0	0	1	2561	Caudoviricetes	NA	NA	PF00589;PF04860;K07358;TIGR01537	Phage integrase family; Phage portal protein
k127_159011_2	666	761	96	1	0.500	11	AGGA/GGAG/GAGG	NA	NA	NA	0	0	0	1	NA	NA	NA	NA	NA
k127_291844_1	3	917	915	1	0.411	11	None	GENOMAD.068648.VV	1.027e-185	575	0	0	1	2561	Caudoviricetes	NA	NA	PF20441;PF03354;COG4626;TIGR01547	Phage terminase-like protein, large subunit, contains N-terminal HTH domain
k127_128980_1	3	491	489	-1	0.626	11	None	GENOMAD.005163.VV	1.261e-27	111	0	0	1	2561	Caudoviricetes	NA	NA	PF11651;TIGR04387	P22 coat protein - gene protein 5
k127_159083_1	2	319	318	-1	0.582	11	None	GENOMAD.158965.VP	3.395e-33	124	0	0	1	2561	Caudoviricetes	NA	NA	PF05772;PF04404;COG5362	NinB protein; ERF superfamily
k127_224278_1	2	364	363	1	0.639	11	None	GENOMAD.068048.VV	1.591e-15	74	0	0	1	2561	Caudoviricetes	NA	NA	PF20307;TIGR03600;K02314;COG0305	phage replicative helicase, DnaB family, HK022 subfamily
k127_191879_1	1	456	456	-1	0.548	11	None	GENOMAD.007677.VV	3.316e-09	57	0	0	1	1	NA	NA	NA	PF11134	Phage stabilisation protein
k127_292211_1	1	618	618	1	0.586	11	None	GENOMAD.194580.VP	3.548e-23	100	0	0	1	2561	Caudoviricetes	NA	NA	PF03354;PF05521;PF20441;COG4626;TIGR01563	Phage terminase-like protein, large subunit, contains N-terminal HTH domain
k127_192304_1	2	301	300	1	0.653	11	None	GENOMAD.066721.VV	1.662e-14	70	0	0	1	1	NA	NA	NA	PF06199;COG5437;TIGR02126	Phage tail tube protein
k127_96892_1	1	534	534	-1	0.644	11	None	GENOMAD.181728.VV	5.45e-14	72	0	0	1	2561	Caudoviricetes	NA	NA	PF09588;COG5377;TIGR03033	Phage-related protein, predicted endonuclease
k127_224888_1	2	364	363	-1	0.680	11	None	GENOMAD.009329.VV	1.685e-05	45	0	0	1	9067	Straboviridae	NA	NA	PF17289;COG5362;TIGR01630	Phage terminase large subunit
k127_64809_1	2	301	300	1	0.573	11	None	GENOMAD.147017.VP	5.165e-34	126	0	0	1	2561	Caudoviricetes	NA	NA	PF04466;TIGR01547;COG1783	Phage terminase large subunit
k127_159762_1	1	438	438	1	0.587	11	None	GENOMAD.169508.VP	4.148e-24	100	0	0	1	2561	Caudoviricetes	NA	NA	PF04708;PF13262;COG1961;K14060	Site-specific DNA recombinase related to the DNA invertase Pin
k127_325328_1	1	228	228	1	0.645	11	None	NA	NA	NA	0	0	0	1	NA	NA	NA	NA	NA
k127_325328_2	174	410	237	-1	0.675	11	None	GENOMAD.124507.VV	7.831e-13	64	0	0	1	2561	Caudoviricetes	NA	NA	PF11242;K22300;COG3655;TIGR00673	DNA-binding transcriptional regulator, XRE family
k127_325372_1	3	872	870	-1	0.545	11	None	GENOMAD.012591.VV	5.526e-79	266	0	0	1	2561	Caudoviricetes	NA	NA	PF16510;PF11650	Phage P22-like portal protein; P22 tail accessory factor
k127_97308_1	2	304	303	-1	0.587	11	None	GENOMAD.032636.VV	3.537e-07	49	0	0	1	2561	Caudoviricetes	NA	NA	PF20307;PF07486;TIGR02239;COG0468;K18947	Divergent DnaB-like ATPase; Cell Wall Hydrolase
k127_192818_1	3	755	753	1	0.392	11	None	GENOMAD.002318.VV	1.459e-57	202	0	0	1	2561	Caudoviricetes	NA	NA	PF11242;TIGR00721	NA
k127_160137_1	2	166	165	-1	0.600	11	AGGAG	GENOMAD.147427.VP	5.394e-07	46	0	0	1	2561	Caudoviricetes	NA	NA	PF07141	Putative bacteriophage terminase small subunit
k127_160137_2	138	533	396	-1	0.601	11	None	GENOMAD.113239.VV	1.866e-08	54	0	0	1	2561	Caudoviricetes	NA	NA	PF16677	DNA-packaging protein gp3
k127_260482_1	2	442	441	1	0.646	11	None	GENOMAD.169508.VP	1.576e-05	46	0	0	1	2561	Caudoviricetes	NA	NA	PF04708;PF13262;COG1961;K14060	Site-specific DNA recombinase related to the DNA invertase Pin
k127_32320_1	2	316	315	1	0.638	11	None	GENOMAD.023991.VV	1e-21	91	0	0	1	2561	Caudoviricetes	NA	NA	COG5410	Mu-like prophage FluMu protein gp28
k127_260487_1	1	309	309	-1	0.544	11	None	GENOMAD.195656.VP	2.069e-05	44	0	0	1	9067	Straboviridae	NA	NA	PF19835;PF07453;TIGR01453;COG2827	group I intron endonuclease
k127_260650_1	1	687	687	-1	0.626	11	None	GENOMAD.068048.VV	1.982e-13	72	0	0	1	2561	Caudoviricetes	NA	NA	PF20307;TIGR03600;K02314;COG0305	phage replicative helicase, DnaB family, HK022 subfamily
k127_193610_1	2	598	597	-1	0.655	11	None	GENOMAD.223594.VP	9.735e-06	48	0	0	1	2561	Caudoviricetes	NA	NA	PF11994;PF09684;TIGR01634;COG4385	phage tail protein, P2 protein I family
k127_226863_1	2	403	402	-1	0.672	11	None	GENOMAD.034157.VV	1.67e-20	89	0	0	1	2561	Caudoviricetes	NA	NA	PF20441;PF03354;COG4626;TIGR01547	Phage terminase-like protein, large subunit, contains N-terminal HTH domain
k127_195087_1	3	890	888	1	0.625	11	None	GENOMAD.009997.VV	3.772e-18	88	0	0	1	2561	Caudoviricetes	NA	NA	PF16510;TIGR01538	Phage P22-like portal protein
