gene	start	end	length	strand	gc_content	genetic_code	rbs_motif	marker	evalue	bitscore	uscg	plasmid_hallmark	virus_hallmark	taxid	taxname	annotation_conjscan	annotation_amr	annotation_accessions	annotation_description
k127_575859_1	2	313	312	1	0.679	11	None	GENOMAD.053137.VV	7.987e-08	51	0	0	1	2561	Caudoviricetes	NA	NA	PF17482	Phage tail sheath C-terminal domain
k127_360217_1	3	407	405	1	0.647	11	None	GENOMAD.116655.VV	6.01e-15	73	0	0	1	2561	Caudoviricetes	NA	NA	PF04860;TIGR01537;COG5005	phage portal protein, HK97 family
k127_288679_1	3	395	393	-1	0.695	11	None	GENOMAD.127022.VV	3.96e-18	82	0	0	1	2561	Caudoviricetes	NA	NA	PF04586;K06904;COG3740;TIGR01543	Phage head maturation protease
k127_216792_1	1	387	387	-1	0.672	11	None	GENOMAD.068048.VV	5.729e-13	67	0	0	1	2561	Caudoviricetes	NA	NA	PF20307;TIGR03600;K02314;COG0305	phage replicative helicase, DnaB family, HK022 subfamily
k127_217320_1	2	532	531	1	0.695	11	None	GENOMAD.053137.VV	3.419e-31	122	0	0	1	2561	Caudoviricetes	NA	NA	PF17482	Phage tail sheath C-terminal domain
k127_217339_1	1	324	324	-1	0.679	11	None	GENOMAD.068048.VV	5.164e-14	69	0	0	1	2561	Caudoviricetes	NA	NA	PF20307;TIGR03600;K02314;COG0305	phage replicative helicase, DnaB family, HK022 subfamily
k127_577419_1	16	384	369	-1	0.680	11	None	GENOMAD.053137.VV	2.073e-21	91	0	0	1	2561	Caudoviricetes	NA	NA	PF17482	Phage tail sheath C-terminal domain
k127_146134_1	3	479	477	-1	0.721	11	None	GENOMAD.057710.VV	9.164e-08	53	0	0	1	2561	Caudoviricetes	NA	NA	PF00589;PF04860;K07358;TIGR01537	Phage integrase family; Phage portal protein
k127_146601_1	3	125	123	-1	0.561	11	GGAG/GAGG	NA	NA	NA	0	0	0	1	NA	NA	NA	NA	NA
k127_146601_2	194	736	543	-1	0.547	11	None	GENOMAD.068048.VV	2.637e-14	73	0	0	1	2561	Caudoviricetes	NA	NA	PF20307;TIGR03600;K02314;COG0305	phage replicative helicase, DnaB family, HK022 subfamily
k127_578397_1	1	564	564	1	0.523	11	None	GENOMAD.170863.VC	8.073e-06	48	0	0	1	1	NA	NA	NA	PF00944;TIGR02038;COG0265	periplasmic serine pepetdase DegS
k127_506375_1	3	353	351	-1	0.658	11	None	GENOMAD.068048.VV	1.233e-16	77	0	0	1	2561	Caudoviricetes	NA	NA	PF20307;TIGR03600;K02314;COG0305	phage replicative helicase, DnaB family, HK022 subfamily
k127_74583_1	1	822	822	1	0.684	11	None	GENOMAD.171833.VP	7.929e-46	169	0	0	1	2561	Caudoviricetes	NA	NA	PF20454;PF05876;PF00574;K21512;COG5525;TIGR00493	Phage terminase, large subunit GpA
k127_650678_1	1	390	390	-1	0.677	11	None	GENOMAD.205389.VV	1.179e-22	95	0	0	1	2561	Caudoviricetes	NA	NA	PF05136;TIGR01539;COG5511;K09961	phage portal protein, lambda family
k127_578893_1	1	186	186	1	0.597	11	None	NA	NA	NA	0	0	0	1	NA	NA	NA	NA	NA
k127_578893_2	190	366	177	1	0.571	11	GGAG/GAGG	NA	NA	NA	0	0	0	1	NA	NA	NA	NA	NA
k127_578893_3	363	551	189	1	0.561	11	GGA/GAG/AGG	NA	NA	NA	0	0	0	1	NA	NA	NA	NA	NA
k127_578893_4	544	744	201	1	0.488	11	AGxAGG/AGGxGG	NA	NA	NA	0	0	0	1	NA	NA	NA	NA	NA
k127_578893_5	741	860	120	1	0.517	11	GGAG/GAGG	NA	NA	NA	0	0	0	1	NA	NA	NA	NA	NA
k127_578893_6	881	1051	171	1	0.649	11	GGAG/GAGG	NA	NA	NA	0	0	0	1	NA	NA	NA	NA	NA
k127_578893_7	1044	1205	162	1	0.574	11	GGAG/GAGG	NA	NA	NA	0	0	0	1	NA	NA	NA	NA	NA
k127_578893_8	1202	1354	153	1	0.484	11	None	NA	NA	NA	0	0	0	1	NA	NA	NA	NA	NA
k127_578893_9	1358	1660	303	1	0.700	11	AGGAGG	NA	NA	NA	0	0	0	1	NA	NA	NA	NA	NA
k127_578893_10	1660	1953	294	1	0.602	11	GGA/GAG/AGG	NA	NA	NA	0	0	0	1	NA	NA	NA	NA	NA
k127_578893_11	1940	2104	165	1	0.624	11	GGxGG	NA	NA	NA	0	0	0	1	NA	NA	NA	NA	NA
k127_578893_12	2101	2289	189	1	0.519	11	GGAG/GAGG	NA	NA	NA	0	0	0	1	NA	NA	NA	NA	NA
k127_578893_13	2286	2414	129	1	0.620	11	GGAG/GAGG	NA	NA	NA	0	0	0	1	NA	NA	NA	NA	NA
k127_578893_14	2411	2698	288	1	0.594	11	GGA/GAG/AGG	NA	NA	NA	0	0	0	1	NA	NA	NA	NA	NA
k127_578893_15	2698	2925	228	1	0.588	11	GGAG/GAGG	NA	NA	NA	0	0	0	1	NA	NA	NA	NA	NA
k127_578893_16	2922	3350	429	1	0.660	11	None	NA	NA	NA	0	0	0	1	NA	NA	NA	NA	NA
k127_578893_17	3347	3553	207	1	0.527	11	GGAG/GAGG	NA	NA	NA	0	0	0	1	NA	NA	NA	NA	NA
k127_506933_1	3	332	330	1	0.658	11	None	GENOMAD.158802.VP	9.944e-08	51	0	0	1	2561	Caudoviricetes	NA	NA	COG4675	Microcystin-dependent protein  (function unknown)
k127_579348_1	2	400	399	-1	0.737	11	None	GENOMAD.129999.VP	2.517e-15	74	0	0	1	2561	Caudoviricetes	NA	NA	PF04708;COG1961;K21528	Site-specific DNA recombinase related to the DNA invertase Pin
k127_579840_1	2	367	366	1	0.593	11	None	GENOMAD.161001.VC	1.501e-07	51	0	0	1	2561	Caudoviricetes	NA	NA	PF03354;TIGR01547;COG1783	phage terminase, large subunit, PBSX family
k127_4189_1	92	1159	1068	-1	0.717	11	None	GENOMAD.068590.VV	6.536e-26	113	0	0	1	2561	Caudoviricetes	NA	NA	PF13871;PF11242;K11654;TIGR00721	C-terminal domain on Strawberry notch homologue
k127_364206_1	74	751	678	1	0.737	11	None	GENOMAD.013210.VV	8.393e-16	79	0	0	1	2561	Caudoviricetes	NA	NA	PF00211;PF08994;PF08993;COG2114	Adenylate and Guanylate cyclase catalytic domain; T4 gene Gp59 loader of gp41 DNA helicase C-term; T4 gene Gp59 loader of gp41 DNA helicase
k127_4701_1	2	319	318	1	0.660	11	None	GENOMAD.068048.VV	2.049e-14	70	0	0	1	2561	Caudoviricetes	NA	NA	PF20307;TIGR03600;K02314;COG0305	phage replicative helicase, DnaB family, HK022 subfamily
k127_4701_2	316	414	99	1	0.697	11	GGxGG	NA	NA	NA	0	0	0	1	NA	NA	NA	NA	NA
k127_76732_1	3	662	660	-1	0.686	11	None	GENOMAD.059288.VV	9.262e-58	201	0	0	1	2561	Caudoviricetes	NA	NA	PF18906	Phage tail tube protein
k127_580923_1	2	403	402	-1	0.674	11	None	GENOMAD.068590.VV	9.309e-09	55	0	0	1	2561	Caudoviricetes	NA	NA	PF13871;PF11242;K11654;TIGR00721	C-terminal domain on Strawberry notch homologue
k127_437723_1	3	530	528	1	0.508	11	None	GENOMAD.104669.VV	0.000136	44	0	0	1	2561	Caudoviricetes	NA	NA	PF13479;TIGR01618;COG0468;K04484	phage nucleotide-binding protein
k127_365670_1	1	432	432	1	0.620	11	None	GENOMAD.013210.VV	6.182e-36	134	0	0	1	2561	Caudoviricetes	NA	NA	PF00211;PF08994;PF08993;COG2114	Adenylate and Guanylate cyclase catalytic domain; T4 gene Gp59 loader of gp41 DNA helicase C-term; T4 gene Gp59 loader of gp41 DNA helicase
k127_6103_1	2	319	318	-1	0.638	11	None	GENOMAD.213972.VP	1.045e-21	91	0	0	1	2561	Caudoviricetes	NA	NA	PF19307;TIGR01554;COG4653	Phage capsid-like protein
k127_366337_1	2	2158	2157	-1	0.584	11	GGAGG	GENOMAD.116682.VP	1.625e-28	126	0	0	0	2561	Caudoviricetes	NA	NA	NA	NA
k127_366337_2	2177	2611	435	-1	0.674	11	None	GENOMAD.054453.VV	4.585e-22	94	0	0	0	2561	Caudoviricetes	NA	NA	PF17318	NA
k127_366337_3	2554	3150	597	-1	0.677	11	None	NA	NA	NA	0	0	0	1	NA	NA	NA	NA	NA
k127_294406_1	2	511	510	-1	0.735	11	None	GENOMAD.013210.VV	1.614e-17	82	0	0	1	2561	Caudoviricetes	NA	NA	PF00211;PF08994;PF08993;COG2114	Adenylate and Guanylate cyclase catalytic domain; T4 gene Gp59 loader of gp41 DNA helicase C-term; T4 gene Gp59 loader of gp41 DNA helicase
k127_366391_1	3	326	324	1	0.577	11	None	GENOMAD.060259.VV	4.566e-07	49	0	0	1	2561	Caudoviricetes	NA	NA	PF20307;TIGR02236;COG0468;K04484	Divergent DnaB-like ATPase
k127_654310_1	3	182	180	1	0.539	11	None	GENOMAD.080824.VV	2.274e-09	53	0	0	0	1	NA	NA	NA	NA	NA
k127_654310_2	189	2504	2316	1	0.501	11	None	NA	NA	NA	0	0	0	1	NA	NA	NA	NA	NA
k127_438880_1	1	417	417	-1	0.688	11	None	GENOMAD.013210.VV	2.884e-16	77	0	0	1	2561	Caudoviricetes	NA	NA	PF00211;PF08994;PF08993;COG2114	Adenylate and Guanylate cyclase catalytic domain; T4 gene Gp59 loader of gp41 DNA helicase C-term; T4 gene Gp59 loader of gp41 DNA helicase
k127_223055_1	3	317	315	1	0.660	11	None	GENOMAD.068048.VV	3.956e-15	72	0	0	1	2561	Caudoviricetes	NA	NA	PF20307;TIGR03600;K02314;COG0305	phage replicative helicase, DnaB family, HK022 subfamily
k127_223055_2	337	495	159	1	0.711	11	GGA/GAG/AGG	NA	NA	NA	0	0	0	1	NA	NA	NA	NA	NA
k127_78741_1	22	360	339	-1	0.670	11	None	GENOMAD.063098.VV	1.068e-07	51	0	0	1	2561	Caudoviricetes	NA	NA	PF11126	Transcriptional regulator DsbA
k127_439188_1	3	671	669	1	0.691	11	None	GENOMAD.068048.VV	3.573e-09	59	0	0	1	2561	Caudoviricetes	NA	NA	PF20307;TIGR03600;K02314;COG0305	phage replicative helicase, DnaB family, HK022 subfamily
k127_78835_1	2	2827	2826	-1	0.656	11	AGGAG	GENOMAD.084652.VV	2.007e-12	74	0	0	0	2561	Caudoviricetes	NA	NA	NA	NA
k127_78835_2	3265	4122	858	-1	0.457	11	AGGA	NA	NA	NA	0	0	0	1	NA	NA	NA	NA	NA
k127_78835_3	4250	4921	672	-1	0.546	11	None	NA	NA	NA	0	0	0	1	NA	NA	NA	NA	NA
k127_223415_1	2	244	243	1	0.621	11	None	GENOMAD.046148.VV	1.919e-05	43	0	0	1	9067	Straboviridae	NA	NA	PF04965;K21530;COG3628	Baseplate wedge protein gp25
k127_223415_2	244	543	300	1	0.633	11	None	NA	NA	NA	0	0	0	1	NA	NA	NA	NA	NA
k127_366963_1	3	350	348	1	0.681	11	None	GENOMAD.167887.VP	1.581e-13	68	0	0	1	2561	Caudoviricetes	NA	NA	PF04860;TIGR01537;COG4383	phage portal protein, HK97 family
k127_151462_1	3	455	453	1	0.675	11	None	GENOMAD.073447.VV	1.686e-06	49	0	0	1	2561	Caudoviricetes	NA	NA	PF00580;TIGR04095;COG4373	UvrD/REP helicase N-terminal domain
k127_366967_1	2	511	510	1	0.539	11	None	GENOMAD.161251.VP	1.359e-72	241	0	0	1	2561	Caudoviricetes	NA	NA	PF07471;K22014;COG4220	Phage DNA packaging protein, Nu1 subunit of terminase
k127_366967_2	486	2411	1926	1	0.540	11	None	GENOMAD.129396.VP	7.237e-124	413	0	0	1	2561	Caudoviricetes	NA	NA	PF20454	Terminase large subunit gpA, endonuclease domain
k127_366967_3	2408	2614	207	1	0.536	11	GGAG/GAGG	GENOMAD.048581.VV	2.21e-20	85	0	0	1	2561	Caudoviricetes	NA	NA	PF02831	gpW
k127_366967_4	2611	4212	1602	1	0.582	11	AGGA	GENOMAD.010238.VV	2.472e-93	319	0	0	0	2561	Caudoviricetes	NA	NA	NA	NA
k127_366967_5	4193	5512	1320	1	0.608	11	AGGAG	GENOMAD.083008.VV	1.231e-63	228	0	0	0	2561	Caudoviricetes	NA	NA	NA	NA
k127_366967_6	5522	5854	333	1	0.598	11	GGA/GAG/AGG	GENOMAD.083152.VV	1.1e-54	186	0	0	0	2561	Caudoviricetes	NA	NA	PF02924	Bacteriophage lambda head decoration protein D
k127_366967_7	5910	6935	1026	1	0.560	11	GGA/GAG/AGG	GENOMAD.018218.VV	1.801e-197	611	0	0	1	2561	Caudoviricetes	NA	NA	PF03864	Phage major capsid protein E
k127_366967_8	6977	7375	399	1	0.569	11	GGAGG	GENOMAD.099706.VV	1.249e-47	167	0	0	1	2561	Caudoviricetes	NA	NA	PF14000	DNA packaging protein FI
k127_366967_9	7387	7740	354	1	0.582	11	GGAGG	GENOMAD.098697.VV	6.952e-63	210	0	0	0	2561	Caudoviricetes	NA	NA	PF05354	Phage Head-Tail Attachment
k127_366967_10	7752	8330	579	1	0.553	11	AGxAGG/AGGxGG	GENOMAD.076681.VV	1.402e-57	199	0	0	1	2561	Caudoviricetes	NA	NA	PF06763	Prophage minor tail protein Z (GPZ)
k127_366967_11	8327	8722	396	1	0.545	11	4Base/6BMM	GENOMAD.076682.VV	1.848e-67	224	0	0	1	2561	Caudoviricetes	NA	NA	PF06141	Phage minor tail protein U
k127_366967_12	8730	9470	741	1	0.582	11	GGAG/GAGG	GENOMAD.062575.VV	2.557e-76	256	0	0	1	2561	Caudoviricetes	NA	NA	PF16461;COG5437;TIGR02126	Lambda phage tail tube protein, TTP
k127_366967_13	9486	9908	423	1	0.539	11	GGAG/GAGG	GENOMAD.085080.VV	9.103e-55	188	0	0	1	2561	Caudoviricetes	NA	NA	PF06894;TIGR01674	phage minor tail protein G
k127_366967_14	9890	10324	435	1	0.568	11	None	GENOMAD.084182.VV	7.777e-75	246	0	0	1	2561	Caudoviricetes	NA	NA	PF06223;TIGR01715	phage tail assembly protein T
k127_366967_15	10317	12878	2562	1	0.589	11	AGGAG	GENOMAD.126767.VP	9.254e-213	682	0	0	1	2561	Caudoviricetes	NA	NA	PF05100;PF20350;K22111;TIGR01600;COG4672	lambda-like phage minor tail protein L
k127_366967_16	12875	13204	330	1	0.558	11	GGAGG	GENOMAD.080897.VV	8.689e-33	123	0	0	0	2561	Caudoviricetes	NA	NA	NA	NA
k127_366967_17	13204	13902	699	1	0.557	11	AGxAGG/AGGxGG	GENOMAD.126767.VP	1.024e-97	317	0	0	1	2561	Caudoviricetes	NA	NA	PF05100;PF20350;K22111;TIGR01600;COG4672	lambda-like phage minor tail protein L
k127_366967_18	13908	14651	744	1	0.597	11	None	GENOMAD.168265.VP	6.6e-46	168	0	0	0	2561	Caudoviricetes	NA	NA	PF14464;COG1310;K21140;TIGR02256	Proteasome lid subunit RPN8/RPN11, contains Jab1/MPN domain metalloenzyme (JAMM) motif
k127_366967_19	14648	15220	573	1	0.590	11	None	GENOMAD.147332.VP	5.109e-68	229	0	0	1	2561	Caudoviricetes	NA	NA	PF06805;COG4723;TIGR01687	Phage-related protein, tail component
k127_366967_20	15281	18679	3399	1	0.571	11	GGAG/GAGG	GENOMAD.210417.VP	3.68e-273	871	0	0	1	2561	Caudoviricetes	NA	NA	COG4733	Phage-related protein, tail component
k127_366967_21	18741	19361	621	1	0.544	11	GGAG/GAGG	GENOMAD.100731.VV	5.122e-06	49	0	0	0	2561	Caudoviricetes	NA	NA	PF06316;K07804;TIGR04273	Enterobacterial Ail/Lom protein
k127_366967_22	19426	20631	1206	1	0.582	11	None	GENOMAD.082762.VV	4.05e-98	327	0	0	0	2561	Caudoviricetes	NA	NA	NA	NA
k127_366967_23	20805	21749	945	1	0.517	11	None	GENOMAD.197848.VP	8.524e-95	313	0	0	0	9067	Straboviridae	NA	NA	PF12571;COG5301	Phage-related tail fibre protein
k127_366967_24	21749	22333	585	1	0.489	11	GGAG/GAGG	GENOMAD.167268.VP	3.393e-57	198	0	0	1	2561	Caudoviricetes	NA	NA	PF02413	Caudovirales tail fibre assembly protein, lambda gpK
k127_366967_25	22462	23694	1233	-1	0.314	11	GGAG/GAGG	NA	NA	NA	0	0	0	1	NA	NA	NA	NA	NA
k127_366967_26	24285	25175	891	-1	0.378	11	GGA/GAG/AGG	NA	NA	NA	0	0	0	1	NA	NA	NA	NA	NA
k127_366967_27	25172	26749	1578	-1	0.363	11	GGA/GAG/AGG	NA	NA	NA	0	0	0	1	NA	NA	NA	NA	NA
k127_366967_28	27588	28658	1071	-1	0.450	11	GGAG/GAGG	GENOMAD.212092.VP	4.59e-18	89	0	0	0	2561	Caudoviricetes	NA	NA	PF09003;K21039	Bacteriophage lambda integrase, Arm DNA-binding domain
k127_366967_29	28894	29061	168	-1	0.464	11	GGAG/GAGG	GENOMAD.221362.VP	4.279e-30	112	0	0	0	2561	Caudoviricetes	NA	NA	NA	NA
k127_366967_30	29150	29431	282	-1	0.387	11	AGGAG	GENOMAD.198914.VV	2.151e-63	210	0	0	0	1	NA	NA	NA	NA	NA
k127_366967_31	29623	30171	549	-1	0.483	11	GGAG/GAGG	GENOMAD.140768.VV	9.974e-57	196	0	0	0	1	NA	NA	NA	NA	NA
k127_366967_32	30781	30972	192	-1	0.438	11	GGAG/GAGG	GENOMAD.160640.VP	1.724e-20	85	0	0	0	2561	Caudoviricetes	NA	NA	PF07131	NA
k127_366967_33	30945	31127	183	-1	0.481	11	GGAG/GAGG	GENOMAD.212831.VP	6.161e-29	109	0	0	0	2561	Caudoviricetes	NA	NA	PF07026	NA
k127_366967_34	31124	31804	681	-1	0.523	11	AGxAGG/AGGxGG	GENOMAD.095346.VP	1.338e-134	423	0	0	1	2561	Caudoviricetes	NA	NA	PF09588;K01143;COG5377;TIGR03033	Phage-related protein, predicted endonuclease
k127_366967_35	31801	32586	786	-1	0.517	11	GGAG/GAGG	GENOMAD.193812.VP	3.063e-28	117	0	0	0	2561	Caudoviricetes	NA	NA	NA	NA
k127_366967_36	32592	32888	297	-1	0.512	11	AGGAG	GENOMAD.098863.VV	3.051e-54	184	0	0	0	2561	Caudoviricetes	NA	NA	PF06064	Host-nuclease inhibitor protein Gam
k127_366967_37	32963	33106	144	-1	0.361	11	AGGAG	GENOMAD.095966.VV	3.03e-22	89	0	0	0	2561	Caudoviricetes	NA	NA	PF06301	Bacteriophage lambda Kil protein
k127_366967_38	33075	33239	165	-1	0.467	11	AGGAG	GENOMAD.070657.VV	1.368e-18	79	0	0	0	2561	Caudoviricetes	NA	NA	PF02061	Lambda Phage CIII
k127_366967_39	33312	33680	369	-1	0.385	11	GGAG/GAGG	GENOMAD.076556.VV	1.448e-57	195	0	0	0	2561	Caudoviricetes	NA	NA	PF10800	NA
k127_366967_40	33863	34063	201	-1	0.408	11	AGGA	GENOMAD.094608.VV	1.168e-40	143	0	0	0	2561	Caudoviricetes	NA	NA	PF11058;COG4332	Antirestriction protein Ral
k127_366967_41	34273	34812	540	1	0.389	11	GGA/GAG/AGG	NA	NA	NA	0	0	0	1	NA	NA	NA	NA	NA
k127_366967_42	34813	35136	324	-1	0.497	11	AGGAG	GENOMAD.089780.VV	2.877e-67	222	0	0	0	2561	Caudoviricetes	NA	NA	PF11438	36-mer N-terminal peptide of the N protein (N36)
k127_366967_43	35601	36035	435	-1	0.425	11	AGGAG	NA	NA	NA	0	0	0	1	NA	NA	NA	NA	NA
k127_366967_44	36051	36890	840	-1	0.402	11	GGA/GAG/AGG	NA	NA	NA	0	0	0	1	NA	NA	NA	NA	NA
k127_366967_45	37003	37716	714	-1	0.448	11	None	GENOMAD.222303.VP	2.346e-13	72	0	0	0	2561	Caudoviricetes	NA	NA	PF06223;K10762	Minor tail protein T
k127_366967_46	37817	38017	201	1	0.428	11	AGGAGG	GENOMAD.061471.VV	2.504e-18	79	0	0	1	2561	Caudoviricetes	NA	NA	PF09048;TIGR03339;K22302;COG1609	Cro
k127_366967_47	38136	38429	294	1	0.510	11	AGGA/GGAG/GAGG	GENOMAD.129061.VV	2.187e-41	147	0	0	1	2561	Caudoviricetes	NA	NA	PF05269;TIGR00721	Bacteriophage CII protein
k127_366967_48	38462	39361	900	1	0.481	11	AGGAG	GENOMAD.208204.VP	2.282e-112	363	0	0	0	2561	Caudoviricetes	NA	NA	PF04492;TIGR01610	phage replication protein O, N-terminal domain
k127_366967_49	39358	40059	702	1	0.534	11	GGxGG	GENOMAD.069184.VV	5.763e-51	182	0	0	1	2561	Caudoviricetes	NA	NA	PF06992	Replication protein P
k127_366967_50	40056	40346	291	1	0.515	11	AGGAG	GENOMAD.086130.VV	7e-37	134	0	0	0	2561	Caudoviricetes	NA	NA	PF08222;TIGR00373;COG4519	CodY helix-turn-helix domain
k127_366967_51	40420	40860	441	1	0.501	11	GGAG/GAGG	GENOMAD.140891.VP	1.422e-27	110	0	0	0	2561	Caudoviricetes	NA	NA	PF05772	NinB protein
k127_366967_52	40857	41729	873	1	0.463	11	GGAG/GAGG	GENOMAD.167186.VP	1.611e-20	95	0	0	0	2561	Caudoviricetes	NA	NA	NA	NA
k127_366967_53	42208	42819	612	1	0.495	11	GGAG/GAGG	GENOMAD.069979.VV	1.563e-61	211	0	0	1	2561	Caudoviricetes	NA	NA	PF05766;TIGR02646	Bacteriophage Lambda NinG protein
k127_366967_54	42816	43022	207	1	0.440	11	GGA/GAG/AGG	GENOMAD.038325.VV	2.061e-28	108	0	0	0	2561	Caudoviricetes	NA	NA	PF06322;COG3311;TIGR02424	Phage NinH protein
k127_366967_55	43000	43665	666	1	0.449	11	GGAG/GAGG	GENOMAD.083577.VV	3.585e-13	71	0	0	0	2561	Caudoviricetes	NA	NA	K07314;TIGR00668	bis(5'-nucleosyl)-tetraphosphatase (symmetrical)
k127_366967_56	43662	44285	624	1	0.516	11	GGAG/GAGG	GENOMAD.161274.VP	1.573e-35	136	0	0	0	2561	Caudoviricetes	NA	NA	NA	NA
k127_366967_57	45269	45745	477	1	0.501	11	GGAG/GAGG	NA	NA	NA	0	0	0	1	NA	NA	NA	NA	NA
k127_366967_58	45742	46203	462	1	0.513	11	GGA/GAG/AGG	GENOMAD.219285.VP	5.677e-41	149	0	0	0	2561	Caudoviricetes	NA	NA	PF03245	Bacteriophage Rz lysis protein
k127_366967_59	46235	46528	294	-1	0.439	11	GGA/GAG/AGG	NA	NA	NA	0	0	0	1	NA	NA	NA	NA	NA
k127_366967_60	46818	47228	411	-1	0.324	11	GGA/GAG/AGG	GENOMAD.227189.VP	5.833e-33	125	0	0	0	2561	Caudoviricetes	NA	NA	NA	NA
k127_366967_61	47514	47720	207	1	0.391	11	GGAG/GAGG	GENOMAD.227340.VP	5.416e-34	124	0	0	0	1	NA	NA	NA	NA	NA
k127_367054_1	3	335	333	-1	0.505	11	None	GENOMAD.138060.VP	2.287e-07	50	0	0	1	2561	Caudoviricetes	NA	NA	PF00961;PF11242;PF03161;COG1481;TIGR00647	DNA-binding transcriptional regulator WhiA, involved in cell division
k127_511650_1	1	303	303	1	0.696	11	None	GENOMAD.061466.VV	1.752e-06	47	0	0	1	2561	Caudoviricetes	NA	NA	PF09293;TIGR00593;K23786;COG0258	DNA polymerase I
k127_367375_1	5	859	855	-1	0.752	11	None	GENOMAD.057710.VV	8.304e-09	59	0	0	1	2561	Caudoviricetes	NA	NA	PF00589;PF04860;K07358;TIGR01537	Phage integrase family; Phage portal protein
k127_584154_1	1	459	459	-1	0.638	11	None	GENOMAD.153532.VC	1.822e-05	46	0	0	1	2561	Caudoviricetes	NA	NA	PF09293	T4 RNase H, C terminal
k127_584158_1	3	503	501	-1	0.693	11	None	GENOMAD.013210.VV	2.427e-07	52	0	0	1	2561	Caudoviricetes	NA	NA	PF00211;PF08994;PF08993;COG2114	Adenylate and Guanylate cyclase catalytic domain; T4 gene Gp59 loader of gp41 DNA helicase C-term; T4 gene Gp59 loader of gp41 DNA helicase
k127_655840_1	1	321	321	1	0.642	11	None	GENOMAD.068048.VV	1.173e-12	65	0	0	1	2561	Caudoviricetes	NA	NA	PF20307;TIGR03600;K02314;COG0305	phage replicative helicase, DnaB family, HK022 subfamily
k127_656001_1	1	303	303	-1	0.614	11	None	GENOMAD.029574.VV	7.872e-07	48	0	0	1	2561	Caudoviricetes	NA	NA	COG5362;TIGR01630	Phage terminase large subunit
k127_80234_1	1	327	327	1	0.590	11	None	GENOMAD.068048.VV	1.15e-13	68	0	0	1	2561	Caudoviricetes	NA	NA	PF20307;TIGR03600;K02314;COG0305	phage replicative helicase, DnaB family, HK022 subfamily
k127_368272_1	3	530	528	1	0.688	11	None	GENOMAD.159194.VV	6.103e-09	57	0	0	1	2561	Caudoviricetes	NA	NA	COG4675	Microcystin-dependent protein  (function unknown)
k127_368272_2	570	758	189	1	0.667	11	GGA/GAG/AGG	GENOMAD.152240.VV	1.79e-06	45	0	0	1	2561	Caudoviricetes	NA	NA	COG4675	Microcystin-dependent protein  (function unknown)
k127_368333_1	1	171	171	-1	0.415	11	None	NA	NA	NA	0	0	0	1	NA	NA	NA	NA	NA
k127_368333_2	356	982	627	-1	0.362	11	None	NA	NA	NA	0	0	0	1	NA	NA	NA	NA	NA
k127_368333_3	1529	2065	537	-1	0.389	11	None	GENOMAD.203736.VV	3.023e-09	58	0	0	0	2561	Caudoviricetes	NA	NA	PF03089;COG3055;TIGR03547;K23330	N-acetylneuraminic acid mutarotase
k127_441492_1	2	430	429	-1	0.671	11	None	GENOMAD.042265.VV	6.238e-07	50	0	0	1	2561	Caudoviricetes	NA	NA	PF20307;TIGR02237;COG0468;K04485	Divergent DnaB-like ATPase
k127_81299_1	2	571	570	-1	0.677	11	None	GENOMAD.087016.VV	2.028e-52	184	0	0	1	2561	Caudoviricetes	NA	NA	PF17236;TIGR01554;COG4653	Phage capsid-like protein
k127_153938_1	17	424	408	-1	0.561	11	None	GENOMAD.068048.VV	2.711e-15	74	0	0	1	2561	Caudoviricetes	NA	NA	PF20307;TIGR03600;K02314;COG0305	phage replicative helicase, DnaB family, HK022 subfamily
k127_585705_1	1	366	366	1	0.710	11	None	GENOMAD.064381.VV	7.88e-06	46	0	0	1	2561	Caudoviricetes	NA	NA	PF04717;TIGR01644;COG4384	phage baseplate assembly protein V
k127_225952_1	3	455	453	-1	0.711	11	None	GENOMAD.013210.VV	1.71e-18	84	0	0	1	2561	Caudoviricetes	NA	NA	PF00211;PF08994;PF08993;COG2114	Adenylate and Guanylate cyclase catalytic domain; T4 gene Gp59 loader of gp41 DNA helicase C-term; T4 gene Gp59 loader of gp41 DNA helicase
k127_226177_1	1	549	549	1	0.692	11	None	GENOMAD.060259.VV	3.448e-08	55	0	0	1	2561	Caudoviricetes	NA	NA	PF20307;TIGR02236;COG0468;K04484	Divergent DnaB-like ATPase
k127_514120_1	1	450	450	-1	0.704	11	None	GENOMAD.218988.VP	1.696e-05	46	0	0	1	1	NA	NA	NA	PF09293	T4 RNase H, C terminal
k127_82142_1	2	784	783	-1	0.669	11	None	GENOMAD.013210.VV	2.261e-46	170	0	0	1	2561	Caudoviricetes	NA	NA	PF00211;PF08994;PF08993;COG2114	Adenylate and Guanylate cyclase catalytic domain; T4 gene Gp59 loader of gp41 DNA helicase C-term; T4 gene Gp59 loader of gp41 DNA helicase
k127_226813_1	2	424	423	-1	0.662	11	None	GENOMAD.060259.VV	6.189e-06	47	0	0	1	2561	Caudoviricetes	NA	NA	PF20307;TIGR02236;COG0468;K04484	Divergent DnaB-like ATPase
k127_82899_1	2	343	342	1	0.515	11	None	GENOMAD.129999.VP	1.247e-06	48	0	0	1	2561	Caudoviricetes	NA	NA	PF04708;COG1961;K21528	Site-specific DNA recombinase related to the DNA invertase Pin
k127_371086_1	3	317	315	1	0.698	11	None	GENOMAD.196645.VV	1.109e-20	88	0	0	1	2561	Caudoviricetes	NA	NA	PF17289;COG5362;TIGR01630	Phage terminase large subunit
k127_371129_1	2	367	366	-1	0.708	11	None	GENOMAD.072099.VV	6.79e-08	52	0	0	1	6064	Autographiviridae	NA	NA	PF00959;COG3772;K01185	Phage-related lysozyme (muramidase), GH24 family
k127_227913_1	3	992	990	-1	0.708	11	None	GENOMAD.193019.VV	9.617e-13	72	0	0	1	2561	Caudoviricetes	NA	NA	PF17541;COG3497;TIGR02243	Phage tail sheath protein FI
k127_155960_1	483	1646	1164	-1	0.405	11	None	GENOMAD.071187.VV	0.0003849	45	0	0	1	1	NA	NA	NA	PF00863;TIGR02038;COG0265	periplasmic serine pepetdase DegS
k127_371390_1	1	711	711	-1	0.693	11	None	GENOMAD.068048.VV	1.091e-13	73	0	0	1	2561	Caudoviricetes	NA	NA	PF20307;TIGR03600;K02314;COG0305	phage replicative helicase, DnaB family, HK022 subfamily
k127_11937_1	3	1025	1023	-1	0.690	11	GGAGG	GENOMAD.092059.VV	1.429e-15	81	0	0	0	2561	Caudoviricetes	NA	NA	PF00226;K05516;TIGR02349;COG0484	chaperone protein DnaJ
k127_11937_2	1060	1758	699	-1	0.641	11	GGxGG	NA	NA	NA	0	0	0	1	NA	NA	NA	NA	NA
k127_11937_3	1755	3206	1452	-1	0.645	11	None	GENOMAD.147868.VC	4.008e-19	94	0	0	0	2561	Caudoviricetes	NA	NA	NA	NA
k127_588047_1	2	451	450	-1	0.747	11	None	GENOMAD.068590.VV	2.256e-14	72	0	0	1	2561	Caudoviricetes	NA	NA	PF13871;PF11242;K11654;TIGR00721	C-terminal domain on Strawberry notch homologue
k127_516161_1	2	334	333	1	0.670	11	None	GENOMAD.094062.VV	2.277e-15	73	0	0	1	1	NA	NA	NA	PF11650	P22 tail accessory factor
k127_588371_1	3	428	426	-1	0.728	11	None	GENOMAD.065578.VV	1.593e-24	101	0	0	1	2561	Caudoviricetes	NA	NA	PF04860;PF04233;TIGR01537;COG4695;K06904	phage portal protein, HK97 family
k127_444803_1	1	420	420	-1	0.702	11	None	GENOMAD.065578.VV	1.694e-31	121	0	0	1	2561	Caudoviricetes	NA	NA	PF04860;PF04233;TIGR01537;COG4695;K06904	phage portal protein, HK97 family
k127_229133_1	1	321	321	-1	0.573	11	None	GENOMAD.146092.VV	1.818e-16	76	0	0	1	2561	Caudoviricetes	NA	NA	PF05065;COG4653;TIGR01554	Predicted phage phi-C31 gp36 major capsid-like protein
k127_660577_1	2	625	624	-1	0.692	11	None	GENOMAD.013210.VV	5.857e-10	61	0	0	1	2561	Caudoviricetes	NA	NA	PF00211;PF08994;PF08993;COG2114	Adenylate and Guanylate cyclase catalytic domain; T4 gene Gp59 loader of gp41 DNA helicase C-term; T4 gene Gp59 loader of gp41 DNA helicase
k127_372865_1	1	444	444	1	0.667	11	None	GENOMAD.013210.VV	6.359e-20	88	0	0	1	2561	Caudoviricetes	NA	NA	PF00211;PF08994;PF08993;COG2114	Adenylate and Guanylate cyclase catalytic domain; T4 gene Gp59 loader of gp41 DNA helicase C-term; T4 gene Gp59 loader of gp41 DNA helicase
k127_13430_1	3	362	360	1	0.733	11	None	GENOMAD.071900.VV	8.655e-30	115	0	0	1	2561	Caudoviricetes	NA	NA	PF13479;TIGR01618;COG2087;K04484	phage nucleotide-binding protein
k127_373071_1	3	512	510	1	0.676	11	None	GENOMAD.101890.VP	8.619e-15	74	0	0	1	2561	Caudoviricetes	NA	NA	PF20454	Terminase large subunit gpA, endonuclease domain
k127_373071_2	523	1122	600	1	0.657	11	GGA/GAG/AGG	GENOMAD.020720.VV	1.597e-31	124	0	0	0	2561	Caudoviricetes	NA	NA	PF19645	NA
k127_373071_3	1119	1967	849	1	0.684	11	GGA/GAG/AGG	GENOMAD.096254.VV	2.092e-47	174	0	0	1	2561	Caudoviricetes	NA	NA	PF05136;TIGR01539;COG5511	phage portal protein, lambda family
k127_301695_1	3	431	429	-1	0.699	11	None	GENOMAD.151363.VV	1.425e-05	46	0	0	1	2561	Caudoviricetes	NA	NA	PF10758;COG3497	Phage tail sheath protein FI
k127_14102_1	3	323	321	1	0.654	11	None	GENOMAD.053137.VV	1.547e-25	102	0	0	1	2561	Caudoviricetes	NA	NA	PF17482	Phage tail sheath C-terminal domain
k127_590676_1	3	317	315	1	0.683	11	None	GENOMAD.054986.VV	2.025e-06	47	0	0	1	2561	Caudoviricetes	NA	NA	PF09293	T4 RNase H, C terminal
k127_590683_1	3	728	726	-1	0.729	11	None	GENOMAD.068590.VV	2.272e-22	99	0	0	1	2561	Caudoviricetes	NA	NA	PF13871;PF11242;K11654;TIGR00721	C-terminal domain on Strawberry notch homologue
k127_14696_1	1	306	306	-1	0.703	11	None	GENOMAD.068048.VV	8.108e-15	71	0	0	1	2561	Caudoviricetes	NA	NA	PF20307;TIGR03600;K02314;COG0305	phage replicative helicase, DnaB family, HK022 subfamily
k127_158994_1	1	210	210	-1	0.695	11	GGA/GAG/AGG	GENOMAD.224435.VP	1.937e-08	51	0	0	1	2561	Caudoviricetes	NA	NA	PF04965;K06903;COG3628;TIGR03357	Baseplate wedge protein gp25
k127_158994_2	220	318	99	-1	0.667	11	None	NA	NA	NA	0	0	0	1	NA	NA	NA	NA	NA
k127_662377_1	2	151	150	-1	0.633	11	AGGA/GGAG/GAGG	NA	NA	NA	0	0	0	1	NA	NA	NA	NA	NA
k127_662377_2	250	1020	771	-1	0.643	11	GGAG/GAGG	GENOMAD.145365.VP	7.551e-15	77	0	0	0	2561	Caudoviricetes	NA	NA	NA	NA
k127_662377_3	1033	1542	510	-1	0.653	11	GGxGG	NA	NA	NA	0	0	0	1	NA	NA	NA	NA	NA
k127_662377_4	1539	1832	294	-1	0.650	11	GGA/GAG/AGG	GENOMAD.033509.VV	1.23e-08	53	0	0	0	2561	Caudoviricetes	NA	NA	PF05354	Phage Head-Tail Attachment
k127_662377_5	1917	2357	441	-1	0.667	11	GGAG/GAGG	GENOMAD.153268.VP	5.066e-39	143	0	0	0	2561	Caudoviricetes	NA	NA	NA	NA
k127_662377_6	2442	2906	465	-1	0.652	11	None	GENOMAD.109440.VV	1.64e-29	116	0	0	1	2561	Caudoviricetes	NA	NA	COG4653	Predicted phage phi-C31 gp36 major capsid-like protein
k127_15623_1	3	383	381	1	0.724	11	None	GENOMAD.218988.VP	9.715e-05	43	0	0	1	1	NA	NA	NA	PF09293	T4 RNase H, C terminal
k127_448135_1	3	344	342	1	0.681	11	None	GENOMAD.099556.VV	8.102e-28	109	0	0	1	1	NA	NA	NA	PF05133;TIGR01538	phage portal protein, SPP1 family
k127_592164_1	2	421	420	-1	0.700	11	None	GENOMAD.218988.VP	2.753e-06	48	0	0	1	1	NA	NA	NA	PF09293	T4 RNase H, C terminal
k127_16231_1	1	801	801	1	0.734	11	None	GENOMAD.013210.VV	3.245e-30	123	0	0	1	2561	Caudoviricetes	NA	NA	PF00211;PF08994;PF08993;COG2114	Adenylate and Guanylate cyclase catalytic domain; T4 gene Gp59 loader of gp41 DNA helicase C-term; T4 gene Gp59 loader of gp41 DNA helicase
k127_232494_1	1	330	330	-1	0.558	11	None	GENOMAD.160586.VV	8.367e-18	80	0	0	1	2561	Caudoviricetes	NA	NA	PF04466;PF17288;TIGR01547;COG1783;K06909	phage terminase, large subunit, PBSX family
k127_88129_1	2	1351	1350	-1	0.699	11	None	GENOMAD.065578.VV	4.945e-55	203	0	0	1	2561	Caudoviricetes	NA	NA	PF04860;PF04233;TIGR01537;COG4695;K06904	phage portal protein, HK97 family
k127_88426_1	2	601	600	1	0.673	11	None	GENOMAD.035131.VV	9.292e-05	45	0	0	1	3032	Kyanoviridae	NA	NA	PF11246;COG4675	Base plate wedge protein 53
k127_88426_2	611	682	72	1	0.625	11	AGGAGG	NA	NA	NA	0	0	0	1	NA	NA	NA	NA	NA
k127_160903_1	1	321	321	1	0.642	11	None	GENOMAD.045267.VV	1.488e-10	59	0	0	1	2561	Caudoviricetes	NA	NA	PF20387;COG3864	Predicted metal-dependent peptidase
k127_376481_1	2	649	648	-1	0.691	11	None	GENOMAD.013210.VV	1.495e-12	69	0	0	1	2561	Caudoviricetes	NA	NA	PF00211;PF08994;PF08993;COG2114	Adenylate and Guanylate cyclase catalytic domain; T4 gene Gp59 loader of gp41 DNA helicase C-term; T4 gene Gp59 loader of gp41 DNA helicase
k127_17223_1	1	654	654	1	0.680	11	None	GENOMAD.068048.VV	6.87e-15	76	0	0	1	2561	Caudoviricetes	NA	NA	PF20307;TIGR03600;K02314;COG0305	phage replicative helicase, DnaB family, HK022 subfamily
k127_449410_1	2	145	144	-1	0.688	11	GGAGG	NA	NA	NA	0	0	0	1	NA	NA	NA	NA	NA
k127_449410_2	148	456	309	-1	0.693	11	None	GENOMAD.012874.VV	7.716e-31	117	0	0	1	2561	Caudoviricetes	NA	NA	PF16466;PF16467;COG4379	Mu-like prophage tail protein gpP
k127_377103_1	73	918	846	-1	0.686	11	None	GENOMAD.053137.VV	3.049e-40	153	0	0	1	2561	Caudoviricetes	NA	NA	PF17482	Phage tail sheath C-terminal domain
k127_450065_1	3	449	447	1	0.709	11	None	GENOMAD.035288.VV	1.601e-06	49	0	0	1	2561	Caudoviricetes	NA	NA	PF03420	Prohead core protein serine protease
k127_162341_1	3	968	966	-1	0.707	11	AGGA	GENOMAD.020821.VV	1.839e-12	71	0	0	1	2561	Caudoviricetes	NA	NA	PF05876;PF16203;K14440;COG5410;TIGR04095	ERCC4-related helicase
k127_18409_1	39	782	744	1	0.727	11	AGGAG	GENOMAD.071900.VV	3.597e-91	299	0	0	1	2561	Caudoviricetes	NA	NA	PF13479;TIGR01618;COG2087;K04484	phage nucleotide-binding protein
k127_450552_1	1	408	408	-1	0.679	11	None	GENOMAD.129999.VP	8.912e-20	87	0	0	1	2561	Caudoviricetes	NA	NA	PF04708;COG1961;K21528	Site-specific DNA recombinase related to the DNA invertase Pin
k127_163366_1	1	516	516	1	0.707	11	None	GENOMAD.125787.VV	2.195e-13	70	0	0	1	2561	Caudoviricetes	NA	NA	PF03354;PF17288;TIGR01547;COG1783;K21523	phage terminase, large subunit, PBSX family
k127_163575_1	3	509	507	1	0.700	11	None	GENOMAD.063070.VV	3.919e-15	75	0	0	1	2561	Caudoviricetes	NA	NA	PF04233;TIGR01641	Phage Mu protein F like protein
k127_235666_1	1	378	378	-1	0.677	11	None	GENOMAD.060259.VV	8.894e-06	46	0	0	1	2561	Caudoviricetes	NA	NA	PF20307;TIGR02236;COG0468;K04484	Divergent DnaB-like ATPase
k127_524069_1	3	458	456	-1	0.647	11	None	GENOMAD.169508.VP	8.929e-27	108	0	0	1	2561	Caudoviricetes	NA	NA	PF04708;PF13262;COG1961;K14060	Site-specific DNA recombinase related to the DNA invertase Pin
k127_379085_1	53	649	597	-1	0.724	11	None	GENOMAD.071187.VV	4.63e-07	52	0	0	1	1	NA	NA	NA	PF00863;TIGR02038;COG0265	periplasmic serine pepetdase DegS
k127_667754_1	1	582	582	1	0.667	11	None	GENOMAD.068048.VV	9.234e-11	63	0	0	1	2561	Caudoviricetes	NA	NA	PF20307;TIGR03600;K02314;COG0305	phage replicative helicase, DnaB family, HK022 subfamily
k127_164671_1	3	515	513	1	0.702	11	None	GENOMAD.060259.VV	5.766e-07	51	0	0	1	2561	Caudoviricetes	NA	NA	PF20307;TIGR02236;COG0468;K04484	Divergent DnaB-like ATPase
k127_668065_1	75	734	660	-1	0.397	11	None	GENOMAD.053137.VV	1.806e-28	116	0	0	1	2561	Caudoviricetes	NA	NA	PF17482	Phage tail sheath C-terminal domain
k127_452925_1	3	911	909	-1	0.738	11	None	GENOMAD.068590.VV	1.819e-32	131	0	0	1	2561	Caudoviricetes	NA	NA	PF13871;PF11242;K11654;TIGR00721	C-terminal domain on Strawberry notch homologue
k127_308270_1	1	309	309	1	0.644	11	None	GENOMAD.052062.VV	3.704e-23	95	0	0	1	2561	Caudoviricetes	NA	NA	PF10076;COG3778;TIGR02242	Bacteriophage Mu-like, Gp48
k127_453154_1	2	349	348	1	0.457	11	None	GENOMAD.195656.VP	3.184e-05	44	0	0	1	9067	Straboviridae	NA	NA	PF19835;PF07453;TIGR01453;COG2827	group I intron endonuclease
k127_308471_1	95	904	810	-1	0.564	11	None	GENOMAD.180962.VP	4.22e-41	155	0	0	1	2561	Caudoviricetes	NA	NA	PF20441	Terminase large subunit, endonuclease domain
k127_525378_1	3	62	60	-1	0.567	11	GGAG/GAGG	NA	NA	NA	0	0	0	1	NA	NA	NA	NA	NA
k127_525378_2	64	459	396	-1	0.694	11	None	GENOMAD.053137.VV	9.232e-26	104	0	0	1	2561	Caudoviricetes	NA	NA	PF17482	Phage tail sheath C-terminal domain
k127_381145_1	2	760	759	1	0.671	11	None	GENOMAD.008810.VV	4.473e-91	299	0	0	1	2561	Caudoviricetes	NA	NA	PF05133;TIGR01538	phage portal protein, SPP1 family
k127_669448_1	1	222	222	1	0.748	11	None	GENOMAD.086097.VV	3.196e-05	42	0	0	1	2561	Caudoviricetes	NA	NA	PF05119;TIGR01558;COG3747	phage terminase, small subunit, putative, P27 family
k127_94366_1	2	340	339	-1	0.740	11	None	GENOMAD.034157.VV	6.973e-37	135	0	0	1	2561	Caudoviricetes	NA	NA	PF20441;PF03354;COG4626;TIGR01547	Phage terminase-like protein, large subunit, contains N-terminal HTH domain
k127_94401_1	2	448	447	1	0.633	11	None	GENOMAD.068048.VV	2.692e-11	63	0	0	1	2561	Caudoviricetes	NA	NA	PF20307;TIGR03600;K02314;COG0305	phage replicative helicase, DnaB family, HK022 subfamily
k127_94521_1	3	305	303	1	0.564	11	None	GENOMAD.016652.VV	5.413e-34	126	0	0	1	2561	Caudoviricetes	NA	NA	PF05069;TIGR01635	Phage virion morphogenesis family
k127_527079_1	2	361	360	-1	0.700	11	None	GENOMAD.064381.VV	2.868e-08	53	0	0	1	2561	Caudoviricetes	NA	NA	PF04717;TIGR01644;COG4384	phage baseplate assembly protein V
k127_94940_1	1	567	567	1	0.644	11	None	GENOMAD.053137.VV	2.754e-29	117	0	0	1	2561	Caudoviricetes	NA	NA	PF17482	Phage tail sheath C-terminal domain
k127_94940_2	577	723	147	1	0.633	11	AGGAG	NA	NA	NA	0	0	0	1	NA	NA	NA	NA	NA
k127_95108_1	3	113	111	1	0.802	11	None	NA	NA	NA	0	0	0	1	NA	NA	NA	NA	NA
k127_95108_2	324	1190	867	1	0.710	11	None	GENOMAD.060259.VV	1.278e-05	49	0	0	1	2561	Caudoviricetes	NA	NA	PF20307;TIGR02236;COG0468;K04484	Divergent DnaB-like ATPase
k127_95324_1	1	327	327	-1	0.651	11	None	GENOMAD.068048.VV	9.593e-08	51	0	0	1	2561	Caudoviricetes	NA	NA	PF20307;TIGR03600;K02314;COG0305	phage replicative helicase, DnaB family, HK022 subfamily
k127_671277_1	1	402	402	1	0.602	11	None	GENOMAD.169508.VP	2.326e-06	48	0	0	1	2561	Caudoviricetes	NA	NA	PF04708;PF13262;COG1961;K14060	Site-specific DNA recombinase related to the DNA invertase Pin
k127_528272_1	3	386	384	-1	0.633	11	None	GENOMAD.054986.VV	7.667e-09	55	0	0	1	2561	Caudoviricetes	NA	NA	PF09293	T4 RNase H, C terminal
k127_311245_1	2	316	315	1	0.657	11	None	GENOMAD.068048.VV	3.725e-16	75	0	0	1	2561	Caudoviricetes	NA	NA	PF20307;TIGR03600;K02314;COG0305	phage replicative helicase, DnaB family, HK022 subfamily
k127_24132_1	3	1538	1536	-1	0.661	11	None	GENOMAD.013210.VV	2.922e-26	117	0	0	1	2561	Caudoviricetes	NA	NA	PF00211;PF08994;PF08993;COG2114	Adenylate and Guanylate cyclase catalytic domain; T4 gene Gp59 loader of gp41 DNA helicase C-term; T4 gene Gp59 loader of gp41 DNA helicase
k127_671637_1	1	357	357	1	0.717	11	None	GENOMAD.162197.VP	2.334e-10	59	0	0	1	2561	Caudoviricetes	NA	NA	PF20441;COG5362	Terminase large subunit, endonuclease domain
k127_600770_1	2	631	630	-1	0.702	11	GGA/GAG/AGG	GENOMAD.067736.VV	1.316e-11	66	0	0	0	2561	Caudoviricetes	NA	NA	PF00709;PF13186;COG0104;TIGR00184	Adenylosuccinate synthase
k127_600770_2	657	1073	417	-1	0.657	11	None	GENOMAD.068048.VV	6.703e-15	73	0	0	1	2561	Caudoviricetes	NA	NA	PF20307;TIGR03600;K02314;COG0305	phage replicative helicase, DnaB family, HK022 subfamily
k127_384065_1	1	534	534	1	0.712	11	None	GENOMAD.053137.VV	1.277e-24	103	0	0	1	2561	Caudoviricetes	NA	NA	PF17482	Phage tail sheath C-terminal domain
k127_457125_1	1	180	180	-1	0.761	11	GGAG/GAGG	GENOMAD.060452.VV	6.076e-08	49	0	0	0	2561	Caudoviricetes	NA	NA	NA	NA
k127_457125_2	180	476	297	-1	0.751	11	None	GENOMAD.067476.VV	6.357e-08	51	0	0	1	2561	Caudoviricetes	NA	NA	PF17212	Tail tubular protein
k127_601311_1	3	506	504	1	0.637	11	None	GENOMAD.097154.VV	9.38e-13	68	0	0	1	2561	Caudoviricetes	NA	NA	PF04586;COG3740;TIGR01543;K06904	Phage head maturation protease
k127_97203_1	3	338	336	-1	0.690	11	None	GENOMAD.102019.VV	4.085e-18	81	0	0	1	2561	Caudoviricetes	NA	NA	PF10758;COG3497	Phage tail sheath protein FI
k127_241683_1	2	2371	2370	1	0.598	11	None	GENOMAD.082182.VV	0.0001252	48	0	0	0	2561	Caudoviricetes	NA	NA	NA	NA
k127_241683_2	2396	2905	510	1	0.553	11	None	NA	NA	NA	0	0	0	1	NA	NA	NA	NA	NA
k127_241683_3	3110	4501	1392	1	0.671	11	None	NA	NA	NA	0	0	0	1	NA	NA	NA	NA	NA
k127_241683_4	4764	5345	582	1	0.574	11	GGAGG	NA	NA	NA	0	0	0	1	NA	NA	NA	NA	NA
k127_241866_1	46	471	426	-1	0.751	11	None	GENOMAD.005158.VV	9.424e-12	64	0	0	1	2561	Caudoviricetes	NA	NA	PF04586;PF13395;TIGR02646;K06904	TIGR02646 family protein
k127_673138_1	2	343	342	-1	0.646	11	None	GENOMAD.068048.VV	6.571e-14	69	0	0	1	2561	Caudoviricetes	NA	NA	PF20307;TIGR03600;K02314;COG0305	phage replicative helicase, DnaB family, HK022 subfamily
k127_26519_1	2	334	333	-1	0.721	11	None	GENOMAD.044975.VV	1.735e-10	59	0	0	1	2561	Caudoviricetes	NA	NA	PF04860;PF11367;TIGR01537	phage portal protein, HK97 family
k127_170982_1	2	286	285	1	0.772	11	None	GENOMAD.043111.VV	2.082e-17	78	0	0	0	2561	Caudoviricetes	NA	NA	PF09956;COG5471	Predicted phage recombinase, RecA/RadA family
k127_170982_2	315	572	258	1	0.678	11	AGGA	GENOMAD.038079.VV	2.752e-26	103	0	0	1	2561	Caudoviricetes	NA	NA	PF05065;COG4653;TIGR04387	Phage capsid family
k127_26771_1	2	610	609	-1	0.627	11	None	GENOMAD.060259.VV	2.445e-09	59	0	0	1	2561	Caudoviricetes	NA	NA	PF20307;TIGR02236;COG0468;K04484	Divergent DnaB-like ATPase
k127_459138_1	3	347	345	-1	0.710	11	None	GENOMAD.068439.VV	9.072e-11	60	0	0	1	2561	Caudoviricetes	NA	NA	PF12236	Bacteriophage head to tail connecting protein
k127_171313_1	1	462	462	1	0.589	11	None	GENOMAD.194580.VP	3.035e-22	95	0	0	1	2561	Caudoviricetes	NA	NA	PF03354;PF05521;PF20441;COG4626;TIGR01563	Phage terminase-like protein, large subunit, contains N-terminal HTH domain
k127_531392_1	6	695	690	-1	0.696	11	None	GENOMAD.023316.VV	4.226e-15	77	0	0	1	2561	Caudoviricetes	NA	NA	PF03167;PF18906;TIGR00758;COG1573;K21929	uracil-DNA glycosylase, family 4
k127_386411_1	1	633	633	1	0.687	11	None	GENOMAD.053137.VV	2.719e-40	150	0	0	1	2561	Caudoviricetes	NA	NA	PF17482	Phage tail sheath C-terminal domain
k127_459900_1	3	818	816	1	0.702	11	None	GENOMAD.032636.VV	1.081e-17	86	0	0	1	2561	Caudoviricetes	NA	NA	PF20307;PF07486;TIGR02239;COG0468;K18947	Divergent DnaB-like ATPase; Cell Wall Hydrolase
k127_460148_1	1	654	654	1	0.690	11	None	GENOMAD.053137.VV	2.098e-46	168	0	0	1	2561	Caudoviricetes	NA	NA	PF17482	Phage tail sheath C-terminal domain
k127_460148_2	655	852	198	1	0.662	11	GGA/GAG/AGG	NA	NA	NA	0	0	0	1	NA	NA	NA	NA	NA
k127_244384_1	3	521	519	1	0.676	11	None	GENOMAD.068048.VV	2.021e-15	76	0	0	1	2561	Caudoviricetes	NA	NA	PF20307;TIGR03600;K02314;COG0305	phage replicative helicase, DnaB family, HK022 subfamily
k127_315343_1	2	313	312	1	0.712	11	None	GENOMAD.173419.VV	0.0001055	42	0	0	1	1	NA	NA	NA	TIGR01725	phage protein, HK97 gp10 family
k127_28473_1	2	349	348	-1	0.641	11	None	GENOMAD.068048.VV	1.738e-12	65	0	0	1	2561	Caudoviricetes	NA	NA	PF20307;TIGR03600;K02314;COG0305	phage replicative helicase, DnaB family, HK022 subfamily
k127_315842_1	2	883	882	-1	0.585	11	GGA/GAG/AGG	GENOMAD.115348.VV	2.734e-05	48	0	0	1	1	NA	NA	NA	PF19835;PF07764;COG0322;TIGR00194	Excinuclease UvrABC, nuclease subunit
k127_315842_2	920	1261	342	-1	0.558	11	AGGAG	NA	NA	NA	0	0	0	1	NA	NA	NA	NA	NA
k127_533576_1	2	394	393	1	0.697	11	None	GENOMAD.005158.VV	2.336e-15	74	0	0	1	2561	Caudoviricetes	NA	NA	PF04586;PF13395;TIGR02646;K06904	TIGR02646 family protein
k127_245542_1	1	363	363	-1	0.716	11	AGGAG	GENOMAD.019257.VV	7.099e-07	49	0	0	1	2561	Caudoviricetes	NA	NA	K21531	NA
k127_245542_2	373	447	75	-1	0.747	11	None	NA	NA	NA	0	0	0	1	NA	NA	NA	NA	NA
k127_461579_1	2	373	372	-1	0.691	11	None	GENOMAD.177668.VP	1.724e-06	48	0	0	1	2561	Caudoviricetes	NA	NA	PF17289;COG5362	Phage terminase large subunit
k127_173709_1	2	367	366	-1	0.686	11	None	GENOMAD.060259.VV	1.619e-06	48	0	0	1	2561	Caudoviricetes	NA	NA	PF20307;TIGR02236;COG0468;K04484	Divergent DnaB-like ATPase
k127_533993_1	3	368	366	1	0.650	11	None	GENOMAD.222396.VV	3.825e-05	44	0	0	1	2561	Caudoviricetes	NA	NA	PF05766;TIGR02646	Bacteriophage Lambda NinG protein
k127_316907_1	1	669	669	-1	0.671	11	None	GENOMAD.068048.VV	7.987e-11	64	0	0	1	2561	Caudoviricetes	NA	NA	PF20307;TIGR03600;K02314;COG0305	phage replicative helicase, DnaB family, HK022 subfamily
k127_317096_1	1	447	447	-1	0.723	11	None	GENOMAD.013210.VV	3.521e-18	83	0	0	1	2561	Caudoviricetes	NA	NA	PF00211;PF08994;PF08993;COG2114	Adenylate and Guanylate cyclase catalytic domain; T4 gene Gp59 loader of gp41 DNA helicase C-term; T4 gene Gp59 loader of gp41 DNA helicase
k127_388880_1	3	749	747	1	0.691	11	None	GENOMAD.042265.VV	3.87e-05	47	0	0	1	2561	Caudoviricetes	NA	NA	PF20307;TIGR02237;COG0468;K04485	Divergent DnaB-like ATPase
k127_317184_1	154	750	597	1	0.690	11	None	GENOMAD.062910.VV	2.068e-05	47	0	0	1	2561	Caudoviricetes	NA	NA	PF11242;TIGR02844;K06283;COG4584	sporulation transcriptional regulator SpoIIID
k127_174385_1	1	543	543	-1	0.689	11	None	GENOMAD.013210.VV	2.441e-16	79	0	0	1	2561	Caudoviricetes	NA	NA	PF00211;PF08994;PF08993;COG2114	Adenylate and Guanylate cyclase catalytic domain; T4 gene Gp59 loader of gp41 DNA helicase C-term; T4 gene Gp59 loader of gp41 DNA helicase
k127_606269_1	704	1663	960	1	0.471	11	GGA/GAG/AGG	GENOMAD.064510.VV	4.745e-15	79	0	0	0	2561	Caudoviricetes	NA	NA	PF09225;PF01555;K24451;COG0863	Restriction endonuclease PvuII; DNA methylase
k127_606269_2	1994	2542	549	1	0.481	11	GGxGG	NA	NA	NA	0	0	0	1	NA	NA	NA	NA	NA
k127_246491_1	3	527	525	1	0.581	11	None	GENOMAD.024261.VV	1.355e-05	47	0	0	1	2561	Caudoviricetes	NA	NA	PF16778	Phage tail assembly chaperone protein
k127_534773_1	2	472	471	1	0.692	11	None	GENOMAD.042265.VV	1.998e-05	46	0	0	1	2561	Caudoviricetes	NA	NA	PF20307;TIGR02237;COG0468;K04485	Divergent DnaB-like ATPase
k127_102367_1	1	438	438	1	0.710	11	None	GENOMAD.060089.VV	0.0003432	42	0	0	1	2561	Caudoviricetes	NA	NA	PF19161	NA
k127_606638_1	1	315	315	1	0.673	11	None	GENOMAD.042265.VV	4.498e-06	46	0	0	1	2561	Caudoviricetes	NA	NA	PF20307;TIGR02237;COG0468;K04485	Divergent DnaB-like ATPase
k127_677920_1	1	417	417	1	0.743	11	None	GENOMAD.046852.VV	5.865e-06	47	0	0	1	2561	Caudoviricetes	NA	NA	PF12322;PF04865	T4 bacteriophage base plate protein; Baseplate J-like protein
k127_317965_1	47	553	507	1	0.627	11	AGGAG	GENOMAD.035131.VV	1.175e-05	47	0	0	1	3032	Kyanoviridae	NA	NA	PF11246;COG4675	Base plate wedge protein 53
k127_317965_2	632	892	261	1	0.632	11	AGGAG	NA	NA	NA	0	0	0	1	NA	NA	NA	NA	NA
k127_535395_1	3	317	315	-1	0.676	11	None	GENOMAD.053137.VV	1.816e-23	96	0	0	1	2561	Caudoviricetes	NA	NA	PF17482	Phage tail sheath C-terminal domain
k127_678755_1	3	341	339	-1	0.655	11	None	GENOMAD.060259.VV	5.912e-06	46	0	0	1	2561	Caudoviricetes	NA	NA	PF20307;TIGR02236;COG0468;K04484	Divergent DnaB-like ATPase
k127_678807_1	3	380	378	1	0.640	11	None	GENOMAD.068048.VV	2.116e-14	71	0	0	1	2561	Caudoviricetes	NA	NA	PF20307;TIGR03600;K02314;COG0305	phage replicative helicase, DnaB family, HK022 subfamily
k127_318885_1	1	1362	1362	-1	0.672	11	AGGAG	GENOMAD.053137.VV	5.095e-17	87	0	0	1	2561	Caudoviricetes	NA	NA	PF17482	Phage tail sheath C-terminal domain
k127_318885_2	2097	3242	1146	-1	0.632	11	None	NA	NA	NA	0	0	0	1	NA	NA	NA	NA	NA
k127_31705_1	44	370	327	-1	0.755	11	None	GENOMAD.126682.VV	4.566e-07	49	0	0	1	1	NA	NA	NA	PF09124	T4 recombination endonuclease VII, dimerisation
k127_176272_1	1	783	783	-1	0.674	11	None	GENOMAD.068048.VV	1.331e-08	58	0	0	1	2561	Caudoviricetes	NA	NA	PF20307;TIGR03600;K02314;COG0305	phage replicative helicase, DnaB family, HK022 subfamily
k127_679289_1	3	434	432	-1	0.722	11	None	GENOMAD.015463.VV	1.462e-05	46	0	0	1	2561	Caudoviricetes	NA	NA	PF07880;K18949	Bacteriophage T4 gp9/10-like protein
k127_319100_1	1	510	510	1	0.700	11	None	GENOMAD.054986.VV	2.549e-08	55	0	0	1	2561	Caudoviricetes	NA	NA	PF09293	T4 RNase H, C terminal
k127_391708_1	2	145	144	-1	0.410	11	GGAGG	NA	NA	NA	0	0	0	1	NA	NA	NA	NA	NA
k127_391708_2	650	2344	1695	1	0.524	11	GGA/GAG/AGG	GENOMAD.135948.VV	1.186e-06	54	0	0	0	2561	Caudoviricetes	NA	NA	PF00145;PF13395;TIGR00675;COG0270;K18896	DNA-methyltransferase (dcm)
k127_391708_3	2381	2524	144	1	0.500	11	GGxGG	NA	NA	NA	0	0	0	1	NA	NA	NA	NA	NA
k127_391708_4	2678	3733	1056	1	0.491	11	GGA/GAG/AGG	GENOMAD.109551.VV	0.0001608	46	0	0	0	2561	Caudoviricetes	NA	NA	PF00145;COG0270;TIGR00675;K15336	Site-specific DNA-cytosine methylase
k127_391708_5	4070	5182	1113	1	0.438	11	3Base/5BMM	NA	NA	NA	0	0	0	1	NA	NA	NA	NA	NA
k127_391708_6	5187	5597	411	1	0.477	11	None	NA	NA	NA	0	0	0	1	NA	NA	NA	NA	NA
k127_392403_1	1	63	63	-1	0.556	11	AGGAGG	NA	NA	NA	0	0	0	1	NA	NA	NA	NA	NA
k127_392403_2	73	414	342	-1	0.596	11	None	GENOMAD.053137.VV	7.032e-21	89	0	0	1	2561	Caudoviricetes	NA	NA	PF17482	Phage tail sheath C-terminal domain
k127_250202_1	1	426	426	-1	0.662	11	GGA/GAG/AGG	GENOMAD.168189.VP	1.336e-17	81	0	0	1	2561	Caudoviricetes	NA	NA	PF05876;K21512;COG5525	Phage terminase, large subunit GpA
k127_250202_2	392	838	447	-1	0.682	11	None	NA	NA	NA	0	0	0	1	NA	NA	NA	NA	NA
k127_250202_3	842	1303	462	-1	0.628	11	None	GENOMAD.181100.VV	7.827e-08	53	0	0	0	2561	Caudoviricetes	NA	NA	PF08774	VRR-NUC domain
k127_250202_4	1300	1839	540	-1	0.665	11	None	GENOMAD.196834.VV	1.426e-09	59	0	0	0	2561	Caudoviricetes	NA	NA	PF20039	Prophage minor tail protein Z (GPZ)
k127_250202_5	1887	2048	162	-1	0.673	11	GGAG/GAGG	NA	NA	NA	0	0	0	1	NA	NA	NA	NA	NA
k127_250202_6	2061	2408	348	-1	0.632	11	GGA/GAG/AGG	NA	NA	NA	0	0	0	1	NA	NA	NA	NA	NA
k127_466644_1	35	529	495	-1	0.644	11	None	GENOMAD.068048.VV	1.723e-13	70	0	0	1	2561	Caudoviricetes	NA	NA	PF20307;TIGR03600;K02314;COG0305	phage replicative helicase, DnaB family, HK022 subfamily
k127_393761_1	1	429	429	1	0.627	11	None	NA	NA	NA	0	0	0	1	NA	NA	NA	NA	NA
k127_393761_2	439	759	321	1	0.713	11	GGA/GAG/AGG	GENOMAD.224435.VP	1.805e-08	53	0	0	1	2561	Caudoviricetes	NA	NA	PF04965;K06903;COG3628;TIGR03357	Baseplate wedge protein gp25
k127_540095_1	3	332	330	1	0.624	11	None	GENOMAD.223740.VP	2.411e-06	47	0	0	1	1	NA	NA	NA	PF01696;TIGR04247;K07218	Adenovirus EB1 55K protein / large t-antigen
k127_468358_1	1	219	219	1	0.644	11	None	GENOMAD.060018.VV	3.059e-05	42	0	0	1	1	NA	NA	NA	PF17302;TIGR03655	Tryptophan RNA-binding attenuator protein inhibitory protein
k127_108267_1	2	292	291	-1	0.704	11	AGGA	GENOMAD.058696.VV	6.114e-08	51	0	0	1	1	NA	NA	NA	TIGR01598	NA
k127_108530_1	3	314	312	1	0.663	11	None	GENOMAD.068048.VV	8.457e-15	71	0	0	1	2561	Caudoviricetes	NA	NA	PF20307;TIGR03600;K02314;COG0305	phage replicative helicase, DnaB family, HK022 subfamily
k127_108530_2	311	490	180	1	0.672	11	GGxGG	NA	NA	NA	0	0	0	1	NA	NA	NA	NA	NA
k127_468959_1	1	102	102	-1	0.667	11	GGA/GAG/AGG	NA	NA	NA	0	0	0	1	NA	NA	NA	NA	NA
k127_468959_2	102	437	336	-1	0.699	11	None	GENOMAD.044278.VV	1.225e-05	45	0	0	1	2561	Caudoviricetes	NA	NA	PF04965;COG3628;TIGR03357;K06903	Phage baseplate assembly protein W
k127_36781_1	3	3191	3189	1	0.660	11	None	GENOMAD.178387.VP	2.563e-40	166	0	0	0	2561	Caudoviricetes	NA	NA	NA	NA
k127_613226_1	3	494	492	1	0.728	11	None	GENOMAD.161280.VP	1.079e-05	47	0	0	1	2561	Caudoviricetes	NA	NA	PF03592;COG3728;K07474	Terminase small subunit
k127_684362_1	1	957	957	1	0.704	11	None	GENOMAD.129076.VV	1.442e-10	65	0	0	1	2561	Caudoviricetes	NA	NA	PF09588;COG5377;TIGR03033	Phage-related protein, predicted endonuclease
k127_684557_1	3	320	318	1	0.714	11	None	GENOMAD.046148.VV	9.111e-07	48	0	0	1	9067	Straboviridae	NA	NA	PF04965;K21530;COG3628	Baseplate wedge protein gp25
k127_324652_1	1	330	330	1	0.679	11	None	GENOMAD.129421.VV	2.016e-08	53	0	0	1	2561	Caudoviricetes	NA	NA	PF04466;PF17288;TIGR01547;COG1783;K06909	phage terminase, large subunit, PBSX family
k127_396741_1	1	414	414	-1	0.705	11	None	GENOMAD.123040.VV	4.34e-20	88	0	0	1	2561	Caudoviricetes	NA	NA	PF09681;TIGR01714	NA
k127_685881_1	2	334	333	1	0.676	11	None	GENOMAD.142437.VP	6.358e-37	135	0	0	1	2561	Caudoviricetes	NA	NA	PF04466;PF17288;TIGR01547;COG1783;K06909	phage terminase, large subunit, PBSX family
k127_255409_1	1	375	375	1	0.667	11	None	GENOMAD.068048.VV	3.974e-15	73	0	0	1	2561	Caudoviricetes	NA	NA	PF20307;TIGR03600;K02314;COG0305	phage replicative helicase, DnaB family, HK022 subfamily
k127_686737_1	2	745	744	-1	0.645	11	GGAG/GAGG	GENOMAD.189392.VV	1.204e-48	176	0	0	1	2561	Caudoviricetes	NA	NA	PF03864	Phage major capsid protein E
k127_686737_2	825	1178	354	-1	0.723	11	GGAG/GAGG	GENOMAD.196584.VP	8.916e-12	63	0	0	0	2561	Caudoviricetes	NA	NA	PF09956;COG5471	Uncharacterized conserved protein (DUF2190)
k127_686737_3	1263	1736	474	-1	0.722	11	AGGAG	NA	NA	NA	0	0	0	1	NA	NA	NA	NA	NA
k127_615719_1	1	480	480	1	0.669	11	None	GENOMAD.053137.VV	1.579e-23	99	0	0	1	2561	Caudoviricetes	NA	NA	PF17482	Phage tail sheath C-terminal domain
k127_256006_1	1	321	321	1	0.720	11	None	GENOMAD.219105.VP	1.348e-11	62	0	0	1	2561	Caudoviricetes	NA	NA	PF20025;PF01068;K18951;TIGR04120;COG5226	DNA ligase, ATP-dependent, PP_1105 family
k127_615735_1	2	1873	1872	-1	0.421	11	AGGAG(G)/GGAGG	GENOMAD.104669.VV	0.0003766	46	0	0	1	2561	Caudoviricetes	NA	NA	PF13479;TIGR01618;COG0468;K04484	phage nucleotide-binding protein
k127_111528_1	2	121	120	-1	0.683	11	None	GENOMAD.172137.VP	2.809e-06	43	0	0	1	2561	Caudoviricetes	NA	NA	PF07141;COG3728;TIGR02036	Putative bacteriophage terminase small subunit
k127_326530_1	3	596	594	-1	0.579	11	None	GENOMAD.000175.VV	2.036e-05	47	0	0	1	8305	Partitiviridae	NA	NA	PF00680;COG3344	Viral RNA-dependent RNA polymerase
k127_544074_1	1	315	315	1	0.663	11	None	GENOMAD.090224.VV	0.000536	40	0	0	1	6064	Autographiviridae	NA	NA	PF17574	Inhibitor of toxin/antitoxin system (Gp4.5)
k127_39622_1	3	926	924	1	0.695	11	None	GENOMAD.068048.VV	1.689e-13	74	0	0	1	2561	Caudoviricetes	NA	NA	PF20307;TIGR03600;K02314;COG0305	phage replicative helicase, DnaB family, HK022 subfamily
k127_687053_1	1	801	801	1	0.698	11	None	GENOMAD.068048.VV	3.5e-10	63	0	0	1	2561	Caudoviricetes	NA	NA	PF20307;TIGR03600;K02314;COG0305	phage replicative helicase, DnaB family, HK022 subfamily
k127_398624_1	3	401	399	1	0.634	11	None	GENOMAD.068048.VV	5.583e-15	73	0	0	1	2561	Caudoviricetes	NA	NA	PF20307;TIGR03600;K02314;COG0305	phage replicative helicase, DnaB family, HK022 subfamily
k127_544508_1	1	69	69	1	0.667	11	None	NA	NA	NA	0	0	0	1	NA	NA	NA	NA	NA
k127_544508_2	66	353	288	1	0.715	11	3Base/5BMM	GENOMAD.168708.VP	2.636e-08	52	0	0	1	2561	Caudoviricetes	NA	NA	PF14464;PF06805;COG4723;K21140;TIGR02256	Phage-related protein, tail component
k127_399059_1	3	371	369	1	0.688	11	None	GENOMAD.053137.VV	2.954e-26	105	0	0	1	2561	Caudoviricetes	NA	NA	PF17482	Phage tail sheath C-terminal domain
k127_472741_1	1	450	450	1	0.660	11	None	GENOMAD.142437.VP	7.832e-53	183	0	0	1	2561	Caudoviricetes	NA	NA	PF04466;PF17288;TIGR01547;COG1783;K06909	phage terminase, large subunit, PBSX family
k127_616746_1	3	953	951	1	0.702	11	None	GENOMAD.068048.VV	2.327e-16	83	0	0	1	2561	Caudoviricetes	NA	NA	PF20307;TIGR03600;K02314;COG0305	phage replicative helicase, DnaB family, HK022 subfamily
k127_185302_1	3	1181	1179	-1	0.666	11	None	GENOMAD.192420.VV	7.424e-34	138	0	0	1	2561	Caudoviricetes	NA	NA	PF04586;COG4540;TIGR01644	Phage P2 baseplate assembly protein gpV
k127_185302_2	1254	1577	324	-1	0.679	11	None	GENOMAD.033119.VV	2.374e-05	44	0	0	0	1	NA	NA	NA	NA	NA
k127_185304_1	1	519	519	1	0.738	11	None	GENOMAD.044416.VV	2.809e-06	49	0	0	1	2561	Caudoviricetes	NA	NA	TIGR01537	NA
k127_40940_1	3	116	114	1	0.632	11	None	NA	NA	NA	0	0	0	1	NA	NA	NA	NA	NA
k127_40940_2	222	980	759	1	0.685	11	None	GENOMAD.013210.VV	7.18e-17	83	0	0	1	2561	Caudoviricetes	NA	NA	PF00211;PF08994;PF08993;COG2114	Adenylate and Guanylate cyclase catalytic domain; T4 gene Gp59 loader of gp41 DNA helicase C-term; T4 gene Gp59 loader of gp41 DNA helicase
k127_473371_1	3	410	408	-1	0.679	11	None	GENOMAD.024487.VV	5.663e-05	44	0	0	1	2561	Caudoviricetes	NA	NA	PF09293;K18950;TIGR00593;COG0258	T4 RNase H, C terminal
k127_113232_1	1	483	483	-1	0.677	11	None	GENOMAD.068048.VV	7.59e-13	68	0	0	1	2561	Caudoviricetes	NA	NA	PF20307;TIGR03600;K02314;COG0305	phage replicative helicase, DnaB family, HK022 subfamily
k127_41184_1	1	363	363	1	0.744	11	None	GENOMAD.116417.VC	1.217e-26	106	0	0	1	2561	Caudoviricetes	NA	NA	PF20441;PF03354;COG4373;TIGR01547	Mu-like prophage FluMu protein gp28
k127_400208_1	2	571	570	1	0.668	11	None	GENOMAD.068048.VV	7.337e-15	75	0	0	1	2561	Caudoviricetes	NA	NA	PF20307;TIGR03600;K02314;COG0305	phage replicative helicase, DnaB family, HK022 subfamily
k127_328304_1	1	603	603	1	0.657	11	None	GENOMAD.013210.VV	9.978e-14	72	0	0	1	2561	Caudoviricetes	NA	NA	PF00211;PF08994;PF08993;COG2114	Adenylate and Guanylate cyclase catalytic domain; T4 gene Gp59 loader of gp41 DNA helicase C-term; T4 gene Gp59 loader of gp41 DNA helicase
k127_328581_1	1	525	525	1	0.674	11	None	GENOMAD.038079.VV	2.8e-41	151	0	0	1	2561	Caudoviricetes	NA	NA	PF05065;COG4653;TIGR04387	Phage capsid family
k127_328581_2	537	926	390	1	0.708	11	GGAGG	GENOMAD.132784.VV	1.622e-09	57	0	0	0	2561	Caudoviricetes	NA	NA	NA	NA
k127_328581_3	1030	1242	213	1	0.653	11	GGAGG	GENOMAD.070561.VV	2.801e-05	42	0	0	0	2561	Caudoviricetes	NA	NA	NA	NA
k127_328581_4	1245	1679	435	1	0.690	11	GGA/GAG/AGG	GENOMAD.130361.VP	9.285e-14	70	0	0	0	2561	Caudoviricetes	NA	NA	NA	NA
k127_113904_1	110	313	204	1	0.676	11	AGGAG	GENOMAD.068265.VV	5.756e-05	41	0	0	1	1	NA	NA	NA	PF06892;COG1476;TIGR00673	DNA-binding transcriptional regulator, XRE-family HTH domain
k127_474215_1	1	342	342	1	0.637	11	None	GENOMAD.063098.VV	1.049e-08	54	0	0	1	2561	Caudoviricetes	NA	NA	PF11126	Transcriptional regulator DsbA
k127_186794_1	1	672	672	-1	0.679	11	None	GENOMAD.068048.VV	7.993e-16	79	0	0	1	2561	Caudoviricetes	NA	NA	PF20307;TIGR03600;K02314;COG0305	phage replicative helicase, DnaB family, HK022 subfamily
k127_618841_1	3	305	303	1	0.726	11	None	GENOMAD.097639.VV	2.831e-17	78	0	0	1	2561	Caudoviricetes	NA	NA	PF17289;TIGR01630;COG5362	phage uncharacterized protein (putative large terminase), C-terminal domain
k127_187144_1	117	335	219	-1	0.671	11	None	NA	NA	NA	0	0	0	1	NA	NA	NA	NA	NA
k127_187144_2	332	595	264	-1	0.655	11	None	NA	NA	NA	0	0	0	1	NA	NA	NA	NA	NA
k127_187144_3	592	960	369	-1	0.621	11	None	GENOMAD.068048.VV	4.035e-14	70	0	0	1	2561	Caudoviricetes	NA	NA	PF20307;TIGR03600;K02314;COG0305	phage replicative helicase, DnaB family, HK022 subfamily
k127_115514_1	3	1010	1008	1	0.723	11	None	GENOMAD.003207.VV	1.499e-09	62	0	0	1	1	NA	NA	NA	COG4733	Phage-related protein, tail component
k127_548040_1	3	287	285	-1	0.649	11	GGxGG	GENOMAD.097154.VV	7.892e-20	85	0	0	1	2561	Caudoviricetes	NA	NA	PF04586;COG3740;TIGR01543;K06904	Phage head maturation protease
k127_548040_2	290	370	81	-1	0.716	11	None	NA	NA	NA	0	0	0	1	NA	NA	NA	NA	NA
k127_43432_1	3	554	552	-1	0.688	11	None	GENOMAD.042265.VV	7.504e-06	48	0	0	1	2561	Caudoviricetes	NA	NA	PF20307;TIGR02237;COG0468;K04485	Divergent DnaB-like ATPase
k127_331087_1	1	492	492	-1	0.705	11	None	GENOMAD.129999.VP	1.62e-14	73	0	0	1	2561	Caudoviricetes	NA	NA	PF04708;COG1961;K21528	Site-specific DNA recombinase related to the DNA invertase Pin
k127_403416_1	37	453	417	-1	0.727	11	None	GENOMAD.044416.VV	5.707e-06	47	0	0	1	2561	Caudoviricetes	NA	NA	TIGR01537	NA
k127_549606_1	2	469	468	1	0.662	11	None	GENOMAD.111208.VP	7.876e-21	91	0	0	1	2561	Caudoviricetes	NA	NA	PF20441	Terminase large subunit, endonuclease domain
k127_692752_1	2	556	555	-1	0.636	11	None	GENOMAD.068048.VV	2.903e-15	76	0	0	1	2561	Caudoviricetes	NA	NA	PF20307;TIGR03600;K02314;COG0305	phage replicative helicase, DnaB family, HK022 subfamily
k127_189970_1	1	309	309	1	0.712	11	None	GENOMAD.014453.VV	1.248e-18	82	0	0	1	2561	Caudoviricetes	NA	NA	PF11863;COG4386	Mu-like prophage tail sheath protein gpL
k127_693604_1	147	965	819	1	0.716	11	AGGAG	GENOMAD.071900.VV	3.332e-86	286	0	0	1	2561	Caudoviricetes	NA	NA	PF13479;TIGR01618;COG2087;K04484	phage nucleotide-binding protein
k127_478515_1	1	315	315	-1	0.571	11	None	GENOMAD.212786.VV	9.111e-07	48	0	0	1	2561	Caudoviricetes	NA	NA	PF20307;PF00772;TIGR00665;K02314;COG0305	replicative DNA helicase
k127_693824_1	3	383	381	1	0.727	11	None	GENOMAD.218988.VP	0.0002131	42	0	0	1	1	NA	NA	NA	PF09293	T4 RNase H, C terminal
k127_478707_1	1	666	666	-1	0.677	11	None	GENOMAD.115332.VP	1.36e-05	48	0	0	1	2561	Caudoviricetes	NA	NA	PF04466;PF17288;TIGR01547;COG5323;K06909	phage terminase, large subunit, PBSX family
k127_622673_1	48	323	276	-1	0.674	11	None	GENOMAD.009149.VV	1.406e-27	107	0	0	1	2561	Caudoviricetes	NA	NA	PF17288;TIGR01630	Terminase RNAseH like domain
k127_406317_1	1	309	309	-1	0.680	11	None	GENOMAD.056541.VV	1.351e-25	102	0	0	1	2561	Caudoviricetes	NA	NA	PF05069;TIGR01635;COG5005	Phage virion morphogenesis family
k127_119784_1	2	559	558	-1	0.688	11	None	GENOMAD.107803.VV	0.0003427	43	0	0	1	1	NA	NA	NA	PF11242;TIGR03879;COG1342	probable regulatory domain
k127_192377_1	2	535	534	1	0.663	11	None	GENOMAD.068048.VV	1.041e-15	77	0	0	1	2561	Caudoviricetes	NA	NA	PF20307;TIGR03600;K02314;COG0305	phage replicative helicase, DnaB family, HK022 subfamily
k127_192377_2	536	658	123	1	0.740	11	None	NA	NA	NA	0	0	0	1	NA	NA	NA	NA	NA
k127_624415_1	2	784	783	1	0.622	11	None	GENOMAD.013210.VV	3.014e-09	60	0	0	1	2561	Caudoviricetes	NA	NA	PF00211;PF08994;PF08993;COG2114	Adenylate and Guanylate cyclase catalytic domain; T4 gene Gp59 loader of gp41 DNA helicase C-term; T4 gene Gp59 loader of gp41 DNA helicase
k127_624432_1	3	305	303	-1	0.723	11	None	GENOMAD.009149.VV	4.287e-13	66	0	0	1	2561	Caudoviricetes	NA	NA	PF17288;TIGR01630	Terminase RNAseH like domain
k127_335679_1	3	320	318	-1	0.676	11	None	GENOMAD.068048.VV	1.431e-10	59	0	0	1	2561	Caudoviricetes	NA	NA	PF20307;TIGR03600;K02314;COG0305	phage replicative helicase, DnaB family, HK022 subfamily
k127_696631_1	1	363	363	1	0.636	11	None	GENOMAD.053137.VV	2.415e-19	85	0	0	1	2561	Caudoviricetes	NA	NA	PF17482	Phage tail sheath C-terminal domain
k127_481496_1	1	624	624	-1	0.712	11	None	GENOMAD.057710.VV	1.119e-05	48	0	0	1	2561	Caudoviricetes	NA	NA	PF00589;PF04860;K07358;TIGR01537	Phage integrase family; Phage portal protein
k127_121549_1	3	308	306	-1	0.745	11	None	GENOMAD.136711.VP	1.352e-09	56	0	0	1	2561	Caudoviricetes	NA	NA	PF03354;COG5323	Large terminase phage packaging protein
k127_697251_1	3	365	363	1	0.606	11	None	GENOMAD.101275.VV	1.453e-07	51	0	0	1	2561	Caudoviricetes	NA	NA	PF03354;TIGR01547;COG5525;K21523	phage terminase, large subunit, PBSX family
k127_194477_1	1	462	462	1	0.385	11	None	GENOMAD.068048.VV	1.341e-12	67	0	0	1	2561	Caudoviricetes	NA	NA	PF20307;TIGR03600;K02314;COG0305	phage replicative helicase, DnaB family, HK022 subfamily
k127_482332_1	3	362	360	1	0.700	11	None	GENOMAD.068048.VV	1.519e-06	48	0	0	1	2561	Caudoviricetes	NA	NA	PF20307;TIGR03600;K02314;COG0305	phage replicative helicase, DnaB family, HK022 subfamily
k127_336963_1	3	461	459	1	0.641	11	None	GENOMAD.169508.VP	9e-18	82	0	0	1	2561	Caudoviricetes	NA	NA	PF04708;PF13262;COG1961;K14060	Site-specific DNA recombinase related to the DNA invertase Pin
k127_482458_1	3	386	384	-1	0.573	11	None	GENOMAD.075466.VV	1.028e-14	72	0	0	1	2561	Caudoviricetes	NA	NA	PF05133;TIGR01538;COG5511	phage portal protein, SPP1 family
k127_337600_1	1	1032	1032	1	0.634	11	None	GENOMAD.046852.VV	2.052e-11	68	0	0	1	2561	Caudoviricetes	NA	NA	PF12322;PF04865	T4 bacteriophage base plate protein; Baseplate J-like protein
k127_337675_1	3	383	381	1	0.701	11	None	GENOMAD.099154.VV	2.014e-05	45	0	0	1	2561	Caudoviricetes	NA	NA	PF04865;COG3299	Baseplate J-like protein
k127_698391_1	3	887	885	-1	0.713	11	GGAG/GAGG	GENOMAD.023991.VV	2.575e-11	67	0	0	1	2561	Caudoviricetes	NA	NA	COG5410	Mu-like prophage FluMu protein gp28
k127_50720_1	33	680	648	-1	0.664	11	None	GENOMAD.068048.VV	3.078e-14	74	0	0	1	2561	Caudoviricetes	NA	NA	PF20307;TIGR03600;K02314;COG0305	phage replicative helicase, DnaB family, HK022 subfamily
k127_196235_1	1	336	336	1	0.726	11	None	GENOMAD.004420.VV	2.471e-15	73	0	0	1	2561	Caudoviricetes	NA	NA	PF20441;COG5362	Terminase large subunit, endonuclease domain
k127_268596_1	1	288	288	1	0.667	11	None	GENOMAD.056845.VV	5.831e-31	117	0	0	1	2561	Caudoviricetes	NA	NA	PF19821;TIGR04387	Phage capsid protein
k127_268759_1	2	502	501	-1	0.687	11	None	GENOMAD.068048.VV	1.36e-18	85	0	0	1	2561	Caudoviricetes	NA	NA	PF20307;TIGR03600;K02314;COG0305	phage replicative helicase, DnaB family, HK022 subfamily
k127_268764_1	2	481	480	-1	0.667	11	None	GENOMAD.068048.VV	1.067e-18	85	0	0	1	2561	Caudoviricetes	NA	NA	PF20307;TIGR03600;K02314;COG0305	phage replicative helicase, DnaB family, HK022 subfamily
k127_52417_1	2	100	99	1	0.636	11	None	NA	NA	NA	0	0	0	1	NA	NA	NA	NA	NA
k127_52417_2	79	357	279	1	0.685	11	None	GENOMAD.047188.VV	7.454e-35	128	0	0	1	2561	Caudoviricetes	NA	NA	PF05065;TIGR01554;COG4653	phage major capsid protein, HK97 family
k127_411810_1	2	316	315	-1	0.606	11	None	GENOMAD.068048.VV	1.018e-13	68	0	0	1	2561	Caudoviricetes	NA	NA	PF20307;TIGR03600;K02314;COG0305	phage replicative helicase, DnaB family, HK022 subfamily
k127_412456_1	3	662	660	1	0.665	11	None	GENOMAD.193019.VV	2.374e-24	104	0	0	1	2561	Caudoviricetes	NA	NA	PF17541;COG3497;TIGR02243	Phage tail sheath protein FI
k127_701264_1	1	258	258	1	0.709	11	None	GENOMAD.197072.VP	0.0005878	39	0	0	0	2561	Caudoviricetes	NA	NA	PF20223	NA
k127_701264_2	258	548	291	1	0.698	11	GGxGG	GENOMAD.047616.VV	1.453e-06	47	0	0	0	2561	Caudoviricetes	NA	NA	NA	NA
k127_701264_3	571	1119	549	1	0.667	11	GGAGG	GENOMAD.194288.VP	1.894e-21	94	0	0	1	2561	Caudoviricetes	NA	NA	PF11242;TIGR02844;COG2826	sporulation transcriptional regulator SpoIIID
k127_340751_1	1	402	402	1	0.664	11	None	GENOMAD.053137.VV	4.705e-26	105	0	0	1	2561	Caudoviricetes	NA	NA	PF17482	Phage tail sheath C-terminal domain
k127_412794_1	3	509	507	-1	0.716	11	GGGT	GENOMAD.025766.VV	5.511e-07	51	0	0	1	2561	Caudoviricetes	NA	NA	PF03354;COG4373;TIGR01547	Mu-like prophage FluMu protein gp28
k127_412794_2	499	1167	669	-1	0.664	11	GGGG	NA	NA	NA	0	0	0	1	NA	NA	NA	NA	NA
k127_53904_1	89	355	267	1	0.715	11	AGGAG	GENOMAD.071900.VV	1.372e-34	127	0	0	1	2561	Caudoviricetes	NA	NA	PF13479;TIGR01618;COG2087;K04484	phage nucleotide-binding protein
k127_126583_1	1	633	633	1	0.654	11	None	GENOMAD.068048.VV	2.722e-14	74	0	0	1	2561	Caudoviricetes	NA	NA	PF20307;TIGR03600;K02314;COG0305	phage replicative helicase, DnaB family, HK022 subfamily
k127_126583_2	644	856	213	1	0.723	11	GGA/GAG/AGG	NA	NA	NA	0	0	0	1	NA	NA	NA	NA	NA
k127_413317_1	2	325	324	1	0.670	11	None	GENOMAD.068048.VV	1.15e-13	68	0	0	1	2561	Caudoviricetes	NA	NA	PF20307;TIGR03600;K02314;COG0305	phage replicative helicase, DnaB family, HK022 subfamily
k127_199463_1	2	694	693	1	0.672	11	None	GENOMAD.060259.VV	2.069e-13	72	0	0	1	2561	Caudoviricetes	NA	NA	PF20307;TIGR02236;COG0468;K04484	Divergent DnaB-like ATPase
k127_341838_1	3	302	300	-1	0.607	11	None	GENOMAD.181728.VV	1.529e-07	50	0	0	1	2561	Caudoviricetes	NA	NA	PF09588;COG5377;TIGR03033	Phage-related protein, predicted endonuclease
k127_54780_1	2	538	537	1	0.687	11	None	GENOMAD.068048.VV	6.819e-08	54	0	0	1	2561	Caudoviricetes	NA	NA	PF20307;TIGR03600;K02314;COG0305	phage replicative helicase, DnaB family, HK022 subfamily
k127_199992_1	3	3689	3687	1	0.661	11	None	GENOMAD.008033.VV	0.0001057	49	0	0	1	2561	Caudoviricetes	NA	NA	PF16724	T4-like virus Myoviridae tail sheath stabiliser
k127_55755_1	1	228	228	1	0.654	11	None	NA	NA	NA	0	0	0	1	NA	NA	NA	NA	NA
k127_55755_2	238	777	540	1	0.728	11	AGGAG(G)/GGAGG	GENOMAD.013210.VV	2.637e-14	73	0	0	1	2561	Caudoviricetes	NA	NA	PF00211;PF08994;PF08993;COG2114	Adenylate and Guanylate cyclase catalytic domain; T4 gene Gp59 loader of gp41 DNA helicase C-term; T4 gene Gp59 loader of gp41 DNA helicase
k127_703603_1	2	409	408	1	0.711	11	None	GENOMAD.013210.VV	1.381e-14	72	0	0	1	2561	Caudoviricetes	NA	NA	PF00211;PF08994;PF08993;COG2114	Adenylate and Guanylate cyclase catalytic domain; T4 gene Gp59 loader of gp41 DNA helicase C-term; T4 gene Gp59 loader of gp41 DNA helicase
k127_56279_1	2	310	309	1	0.638	11	None	GENOMAD.081999.VV	1.997e-29	113	0	0	1	2561	Caudoviricetes	NA	NA	PF13252;TIGR04387	major capsid protein, N4-gp56 family
k127_633265_1	2	463	462	1	0.667	11	None	GENOMAD.078399.VV	1.438e-30	119	0	0	1	2561	Caudoviricetes	NA	NA	PF04233;TIGR01641	phage putative head morphogenesis protein, SPP1 gp7 family
k127_633265_2	393	764	372	-1	0.642	11	GGA/GAG/AGG	NA	NA	NA	0	0	0	1	NA	NA	NA	NA	NA
k127_633265_3	784	984	201	1	0.552	11	GGAGG	GENOMAD.017785.VV	7.033e-16	72	0	0	0	2561	Caudoviricetes	NA	NA	NA	NA
k127_633265_4	984	1124	141	1	0.567	11	GGA/GAG/AGG	NA	NA	NA	0	0	0	1	NA	NA	NA	NA	NA
k127_633265_5	1124	1294	171	1	0.661	11	AGxAGG/AGGxGG	NA	NA	NA	0	0	0	1	NA	NA	NA	NA	NA
k127_633265_6	1310	1600	291	1	0.649	11	GGAG/GAGG	NA	NA	NA	0	0	0	1	NA	NA	NA	NA	NA
k127_633265_7	1597	1851	255	-1	0.541	11	AGGAG	NA	NA	NA	0	0	0	1	NA	NA	NA	NA	NA
k127_633265_8	1885	2556	672	1	0.662	11	GGAG/GAGG	NA	NA	NA	0	0	0	1	NA	NA	NA	NA	NA
k127_633265_9	2619	3830	1212	1	0.666	11	AGGA	GENOMAD.047991.VV	8.251e-65	230	0	0	1	2561	Caudoviricetes	NA	NA	PF11651	P22 coat protein - gene protein 5
k127_633265_10	3830	3913	84	1	0.607	11	None	NA	NA	NA	0	0	0	1	NA	NA	NA	NA	NA
k127_415778_1	1	426	426	1	0.704	11	None	GENOMAD.192062.VP	2.83e-06	48	0	0	1	9913	Herelleviridae	NA	NA	PF10934;COG3628;K06903	Phage baseplate assembly protein W
k127_415778_2	423	689	267	1	0.715	11	GGA/GAG/AGG	NA	NA	NA	0	0	0	1	NA	NA	NA	NA	NA
k127_343811_1	1	123	123	1	0.740	11	None	NA	NA	NA	0	0	0	1	NA	NA	NA	NA	NA
k127_343811_2	187	432	246	-1	0.728	11	None	GENOMAD.071187.VV	7.089e-08	50	0	0	1	1	NA	NA	NA	PF00863;TIGR02038;COG0265	periplasmic serine pepetdase DegS
k127_274308_1	2	550	549	1	0.756	11	None	GENOMAD.068590.VV	1.212e-27	112	0	0	1	2561	Caudoviricetes	NA	NA	PF13871;PF11242;K11654;TIGR00721	C-terminal domain on Strawberry notch homologue
k127_202053_1	3	323	321	1	0.667	11	None	GENOMAD.053137.VV	2.697e-20	87	0	0	1	2561	Caudoviricetes	NA	NA	PF17482	Phage tail sheath C-terminal domain
k127_490005_1	1	228	228	1	0.680	11	None	NA	NA	NA	0	0	0	1	NA	NA	NA	NA	NA
k127_490005_2	232	540	309	1	0.693	11	None	GENOMAD.068048.VV	3.793e-15	72	0	0	1	2561	Caudoviricetes	NA	NA	PF20307;TIGR03600;K02314;COG0305	phage replicative helicase, DnaB family, HK022 subfamily
k127_274645_1	2	325	324	1	0.586	11	None	GENOMAD.130585.VV	3.788e-09	55	0	0	1	2561	Caudoviricetes	NA	NA	PF05119;COG3747;TIGR01558	Phage terminase, small subunit
k127_562794_1	3	245	243	-1	0.679	11	GGA/GAG/AGG	GENOMAD.224435.VP	7.955e-07	47	0	0	1	2561	Caudoviricetes	NA	NA	PF04965;K06903;COG3628;TIGR03357	Baseplate wedge protein gp25
k127_562794_2	256	339	84	-1	0.643	11	None	NA	NA	NA	0	0	0	1	NA	NA	NA	NA	NA
k127_705478_1	2	814	813	-1	0.685	11	None	GENOMAD.013210.VV	4.884e-21	96	0	0	1	2561	Caudoviricetes	NA	NA	PF00211;PF08994;PF08993;COG2114	Adenylate and Guanylate cyclase catalytic domain; T4 gene Gp59 loader of gp41 DNA helicase C-term; T4 gene Gp59 loader of gp41 DNA helicase
k127_563757_1	1	534	534	1	0.674	11	None	GENOMAD.042265.VV	3.079e-05	46	0	0	1	2561	Caudoviricetes	NA	NA	PF20307;TIGR02237;COG0468;K04485	Divergent DnaB-like ATPase
k127_417696_1	2	337	336	1	0.688	11	None	GENOMAD.053137.VV	4.308e-25	101	0	0	1	2561	Caudoviricetes	NA	NA	PF17482	Phage tail sheath C-terminal domain
k127_418037_1	2	601	600	-1	0.683	11	None	GENOMAD.193019.VV	2.03e-15	77	0	0	1	2561	Caudoviricetes	NA	NA	PF17541;COG3497;TIGR02243	Phage tail sheath protein FI
k127_635849_1	2	397	396	-1	0.747	11	None	GENOMAD.097639.VV	6.321e-22	93	0	0	1	2561	Caudoviricetes	NA	NA	PF17289;TIGR01630;COG5362	phage uncharacterized protein (putative large terminase), C-terminal domain
k127_276469_1	3	374	372	1	0.715	11	None	GENOMAD.117231.VV	0.000196	42	0	0	1	2561	Caudoviricetes	NA	NA	PF09293	T4 RNase H, C terminal
k127_418227_1	1	339	339	-1	0.678	11	None	GENOMAD.208864.VP	8.571e-27	106	0	0	1	2561	Caudoviricetes	NA	NA	PF19307;TIGR01554;COG4653	Phage capsid-like protein
k127_59548_1	2	811	810	1	0.631	11	None	GENOMAD.068048.VV	2.1e-14	76	0	0	1	2561	Caudoviricetes	NA	NA	PF20307;TIGR03600;K02314;COG0305	phage replicative helicase, DnaB family, HK022 subfamily
k127_707730_1	3	431	429	1	0.611	11	None	GENOMAD.013210.VV	3.071e-17	80	0	0	1	2561	Caudoviricetes	NA	NA	PF00211;PF08994;PF08993;COG2114	Adenylate and Guanylate cyclase catalytic domain; T4 gene Gp59 loader of gp41 DNA helicase C-term; T4 gene Gp59 loader of gp41 DNA helicase
k127_205069_1	2	448	447	1	0.651	11	None	GENOMAD.084246.VV	1.283e-38	142	0	0	1	2561	Caudoviricetes	NA	NA	PF05954;COG3500;TIGR03361	Phage protein D
k127_347193_1	2	292	291	-1	0.742	11	None	NA	NA	NA	0	0	0	1	NA	NA	NA	NA	NA
k127_347193_2	289	588	300	-1	0.687	11	None	GENOMAD.068048.VV	1.768e-13	67	0	0	1	2561	Caudoviricetes	NA	NA	PF20307;TIGR03600;K02314;COG0305	phage replicative helicase, DnaB family, HK022 subfamily
k127_133431_1	2	496	495	1	0.733	11	None	GENOMAD.068590.VV	3.012e-17	81	0	0	1	2561	Caudoviricetes	NA	NA	PF13871;PF11242;K11654;TIGR00721	C-terminal domain on Strawberry notch homologue
k127_133705_1	3	332	330	1	0.679	11	None	GENOMAD.068048.VV	4.59e-16	75	0	0	1	2561	Caudoviricetes	NA	NA	PF20307;TIGR03600;K02314;COG0305	phage replicative helicase, DnaB family, HK022 subfamily
k127_638742_1	2	343	342	1	0.605	11	None	GENOMAD.158976.VV	1.089e-40	146	0	0	1	2561	Caudoviricetes	NA	NA	PF17288	Terminase RNAseH like domain
k127_421515_1	2	592	591	-1	0.650	11	None	GENOMAD.013210.VV	8.182e-17	81	0	0	1	2561	Caudoviricetes	NA	NA	PF00211;PF08994;PF08993;COG2114	Adenylate and Guanylate cyclase catalytic domain; T4 gene Gp59 loader of gp41 DNA helicase C-term; T4 gene Gp59 loader of gp41 DNA helicase
k127_421625_1	1	351	351	-1	0.655	11	None	GENOMAD.068048.VV	4.4e-11	61	0	0	1	2561	Caudoviricetes	NA	NA	PF20307;TIGR03600;K02314;COG0305	phage replicative helicase, DnaB family, HK022 subfamily
k127_349694_1	1	81	81	-1	0.691	11	AGGAG	NA	NA	NA	0	0	0	1	NA	NA	NA	NA	NA
k127_349694_2	71	1636	1566	-1	0.666	11	GGAG/GAGG	GENOMAD.021340.VV	4.493e-205	643	0	0	1	2561	Caudoviricetes	NA	NA	PF05136;TIGR01539;COG5511	phage portal protein, lambda family
k127_349694_3	1717	2016	300	-1	0.683	11	None	GENOMAD.141941.VV	2.178e-11	61	0	0	0	1	NA	NA	NA	NA	NA
k127_349694_4	2086	2154	69	-1	0.638	11	None	NA	NA	NA	0	0	0	1	NA	NA	NA	NA	NA
k127_280406_1	2	451	450	1	0.747	11	None	GENOMAD.048823.VV	6.852e-20	88	0	0	1	2561	Caudoviricetes	NA	NA	PF05954;TIGR03361;COG3500;K06905	type VI secretion system Vgr family protein
k127_350124_1	240	647	408	-1	0.583	11	None	GENOMAD.068048.VV	2.486e-16	77	0	0	1	2561	Caudoviricetes	NA	NA	PF20307;TIGR03600;K02314;COG0305	phage replicative helicase, DnaB family, HK022 subfamily
k127_640152_1	1	342	342	1	0.675	11	None	GENOMAD.116655.VV	8.059e-44	155	0	0	1	2561	Caudoviricetes	NA	NA	PF04860;TIGR01537;COG5005	phage portal protein, HK97 family
k127_280939_1	2	349	348	-1	0.675	11	None	GENOMAD.068048.VV	2.498e-08	53	0	0	1	2561	Caudoviricetes	NA	NA	PF20307;TIGR03600;K02314;COG0305	phage replicative helicase, DnaB family, HK022 subfamily
k127_64304_1	1	387	387	-1	0.711	11	None	GENOMAD.172137.VP	1.067e-14	72	0	0	1	2561	Caudoviricetes	NA	NA	PF07141;COG3728;TIGR02036	Putative bacteriophage terminase small subunit
k127_497515_1	3	470	468	1	0.673	11	None	GENOMAD.026355.VV	2.047e-18	84	0	0	1	2561	Caudoviricetes	NA	NA	PF20307;TIGR02238	Divergent DnaB-like ATPase
k127_210107_1	1	321	321	1	0.480	11	None	GENOMAD.074795.VV	4.406e-07	49	0	0	1	2561	Caudoviricetes	NA	NA	PF04586;COG3740;K06904;TIGR01543	Phage head maturation protease
k127_641949_1	3	803	801	1	0.698	11	None	GENOMAD.068048.VV	4.357e-16	81	0	0	1	2561	Caudoviricetes	NA	NA	PF20307;TIGR03600;K02314;COG0305	phage replicative helicase, DnaB family, HK022 subfamily
k127_352244_1	3	449	447	-1	0.682	11	None	GENOMAD.068590.VV	7.018e-08	53	0	0	1	2561	Caudoviricetes	NA	NA	PF13871;PF11242;K11654;TIGR00721	C-terminal domain on Strawberry notch homologue
k127_498349_1	2	751	750	1	0.705	11	None	GENOMAD.219105.VP	0.0003499	44	0	0	1	2561	Caudoviricetes	NA	NA	PF20025;PF01068;K18951;TIGR04120;COG5226	DNA ligase, ATP-dependent, PP_1105 family
k127_138647_1	2	355	354	-1	0.596	11	None	GENOMAD.054986.VV	1.108e-09	57	0	0	1	2561	Caudoviricetes	NA	NA	PF09293	T4 RNase H, C terminal
k127_283237_1	3	626	624	1	0.676	11	None	GENOMAD.042265.VV	2.588e-07	53	0	0	1	2561	Caudoviricetes	NA	NA	PF20307;TIGR02237;COG0468;K04485	Divergent DnaB-like ATPase
k127_353057_1	2	463	462	1	0.697	11	None	GENOMAD.031977.VV	2.556e-24	101	0	0	1	2561	Caudoviricetes	NA	NA	COG3740;K06904	Phage head maturation protease
k127_353061_1	3	509	507	1	0.677	11	None	GENOMAD.068048.VV	1.193e-06	50	0	0	1	2561	Caudoviricetes	NA	NA	PF20307;TIGR03600;K02314;COG0305	phage replicative helicase, DnaB family, HK022 subfamily
k127_714638_1	2	301	300	1	0.540	11	None	GENOMAD.154384.VP	7.585e-07	48	0	0	1	2561	Caudoviricetes	NA	NA	PF19835;TIGR01453;COG3680	group I intron endonuclease
k127_425916_1	2	604	603	-1	0.706	11	None	GENOMAD.013210.VV	4.196e-17	82	0	0	1	2561	Caudoviricetes	NA	NA	PF00211;PF08994;PF08993;COG2114	Adenylate and Guanylate cyclase catalytic domain; T4 gene Gp59 loader of gp41 DNA helicase C-term; T4 gene Gp59 loader of gp41 DNA helicase
k127_643603_1	2	592	591	-1	0.687	11	None	GENOMAD.068048.VV	9.229e-14	72	0	0	1	2561	Caudoviricetes	NA	NA	PF20307;TIGR03600;K02314;COG0305	phage replicative helicase, DnaB family, HK022 subfamily
k127_572663_1	2	460	459	1	0.695	11	None	GENOMAD.068048.VV	9.732e-17	79	0	0	1	2561	Caudoviricetes	NA	NA	PF20307;TIGR03600;K02314;COG0305	phage replicative helicase, DnaB family, HK022 subfamily
k127_212559_1	1	351	351	1	0.519	11	None	GENOMAD.054986.VV	6.226e-07	49	0	0	1	2561	Caudoviricetes	NA	NA	PF09293	T4 RNase H, C terminal
k127_500029_1	3	425	423	1	0.749	11	None	GENOMAD.068590.VV	3.955e-13	68	0	0	1	2561	Caudoviricetes	NA	NA	PF13871;PF11242;K11654;TIGR00721	C-terminal domain on Strawberry notch homologue
k127_572823_1	1	744	744	1	0.664	11	None	GENOMAD.169508.VP	6.354e-14	74	0	0	1	2561	Caudoviricetes	NA	NA	PF04708;PF13262;COG1961;K14060	Site-specific DNA recombinase related to the DNA invertase Pin
k127_644577_1	2	343	342	-1	0.722	11	None	GENOMAD.097639.VV	4.021e-19	84	0	0	1	2561	Caudoviricetes	NA	NA	PF17289;TIGR01630;COG5362	phage uncharacterized protein (putative large terminase), C-terminal domain
k127_68743_1	28	405	378	-1	0.616	11	None	GENOMAD.068048.VV	9.173e-15	72	0	0	1	2561	Caudoviricetes	NA	NA	PF20307;TIGR03600;K02314;COG0305	phage replicative helicase, DnaB family, HK022 subfamily
k127_645586_1	3	302	300	-1	0.650	11	None	GENOMAD.104670.VP	2.268e-11	61	0	0	1	2561	Caudoviricetes	NA	NA	PF20454	Terminase large subunit gpA, endonuclease domain
k127_501692_1	89	673	585	-1	0.634	11	None	GENOMAD.068048.VV	7.86e-16	78	0	0	1	2561	Caudoviricetes	NA	NA	PF20307;TIGR03600;K02314;COG0305	phage replicative helicase, DnaB family, HK022 subfamily
k127_645949_1	1	714	714	1	0.650	11	None	GENOMAD.068048.VV	2.327e-16	81	0	0	1	2561	Caudoviricetes	NA	NA	PF20307;TIGR03600;K02314;COG0305	phage replicative helicase, DnaB family, HK022 subfamily
k127_717241_1	2	325	324	-1	0.741	11	None	GENOMAD.162197.VP	1.15e-13	68	0	0	1	2561	Caudoviricetes	NA	NA	PF20441;COG5362	Terminase large subunit, endonuclease domain
k127_214490_1	1	564	564	1	0.691	11	None	GENOMAD.193019.VV	1.516e-14	74	0	0	1	2561	Caudoviricetes	NA	NA	PF17541;COG3497;TIGR02243	Phage tail sheath protein FI
k127_502103_1	1	297	297	-1	0.653	11	GGA/GAG/AGG	GENOMAD.153773.VP	5.603e-25	100	0	0	1	2561	Caudoviricetes	NA	NA	PF05521;COG5614;TIGR01563	Bacteriophage head-tail adaptor
k127_502103_2	294	371	78	-1	0.667	11	None	NA	NA	NA	0	0	0	1	NA	NA	NA	NA	NA
k127_428709_1	1	183	183	-1	0.601	11	None	GENOMAD.010615.VV	6.927e-14	66	0	0	1	2561	Caudoviricetes	NA	NA	PF20387	NA
k127_428709_2	257	490	234	1	0.551	11	None	NA	NA	NA	0	0	0	1	NA	NA	NA	NA	NA
k127_502504_1	1	519	519	-1	0.692	11	None	GENOMAD.068048.VV	1.228e-09	59	0	0	1	2561	Caudoviricetes	NA	NA	PF20307;TIGR03600;K02314;COG0305	phage replicative helicase, DnaB family, HK022 subfamily
k127_503156_1	2	610	609	1	0.425	11	None	GENOMAD.000937.VV	1.128e-08	57	0	0	1	11835	Mitoviridae	NA	NA	PF05919	Mitovirus RNA-dependent RNA polymerase
k127_357975_1	1	588	588	-1	0.730	11	None	GENOMAD.013210.VV	3.087e-20	91	0	0	1	2561	Caudoviricetes	NA	NA	PF00211;PF08994;PF08993;COG2114	Adenylate and Guanylate cyclase catalytic domain; T4 gene Gp59 loader of gp41 DNA helicase C-term; T4 gene Gp59 loader of gp41 DNA helicase
k127_357975_2	655	798	144	-1	0.771	11	None	NA	NA	NA	0	0	0	1	NA	NA	NA	NA	NA
