gene	start	end	length	strand	gc_content	genetic_code	rbs_motif	marker	evalue	bitscore	uscg	plasmid_hallmark	virus_hallmark	taxid	taxname	annotation_conjscan	annotation_amr	annotation_accessions	annotation_description
k127_135909_1	3	617	615	-1	0.540	11	None	GENOMAD.013210.VV	3.771e-33	129	0	0	1	2561	Caudoviricetes	NA	NA	PF00211;PF08994;PF08993;COG2114	Adenylate and Guanylate cyclase catalytic domain; T4 gene Gp59 loader of gp41 DNA helicase C-term; T4 gene Gp59 loader of gp41 DNA helicase
k127_362699_1	3	329	327	-1	0.627	11	None	GENOMAD.060261.VV	2.33e-06	47	0	0	1	2561	Caudoviricetes	NA	NA	PF16510	Phage P22-like portal protein
k127_327_1	3	668	666	1	0.643	11	None	GENOMAD.059582.VV	2.98e-20	92	0	0	1	2561	Caudoviricetes	NA	NA	TIGR01725	phage protein, HK97 gp10 family
k127_327_2	677	1021	345	1	0.652	11	None	GENOMAD.147427.VP	3.112e-22	93	0	0	1	2561	Caudoviricetes	NA	NA	PF07141	Putative bacteriophage terminase small subunit
k127_136334_1	1	324	324	1	0.630	11	None	GENOMAD.108660.VV	1.703e-09	56	0	0	1	2561	Caudoviricetes	NA	NA	PF07409;COG4381;K21530	Phage protein GP46
k127_466_1	1	435	435	1	0.375	11	None	GENOMAD.151092.VV	2.859e-08	54	0	0	1	2561	Caudoviricetes	NA	NA	PF09588;COG5377;TIGR03033;K01143	Phage-related protein, predicted endonuclease
k127_363053_1	1	588	588	1	0.643	11	None	GENOMAD.166913.VP	7.948e-17	81	0	0	1	1	NA	NA	NA	PF05065;TIGR01554;COG4653	phage major capsid protein, HK97 family
k127_46080_1	1	456	456	1	0.509	11	None	GENOMAD.158965.VP	3.765e-06	48	0	0	1	2561	Caudoviricetes	NA	NA	PF05772;PF04404;COG5362	NinB protein; ERF superfamily
k127_136632_1	403	813	411	1	0.450	11	AGGA/GGAG/GAGG	GENOMAD.178051.VP	7.726e-22	93	0	0	1	2561	Caudoviricetes	NA	NA	PF02195;PF17288;TIGR00180;COG1475	ParB/RepB/Spo0J family partition protein
k127_363692_1	1	258	258	-1	0.291	11	None	GENOMAD.084141.VV	1.095e-05	44	0	0	1	741	Megaviricetes	NA	NA	PF09588;TIGR03033;COG5377;K01143	putative phage-type endonuclease
k127_91849_1	1	174	174	-1	0.598	11	GGAG/GAGG	GENOMAD.183398.VP	3.611e-05	41	0	0	1	2561	Caudoviricetes	NA	NA	PF10934;K06903;COG3628;TIGR03357	Phage baseplate assembly protein W
k127_1293_1	3	212	210	1	0.376	11	None	GENOMAD.072560.VV	1.85e-08	51	0	0	1	5947	Adintoviridae	NA	NA	PF00770	Adenovirus endoprotease
k127_273087_1	1	450	450	1	0.689	11	None	GENOMAD.013210.VV	4.282e-16	77	0	0	1	2561	Caudoviricetes	NA	NA	PF00211;PF08994;PF08993;COG2114	Adenylate and Guanylate cyclase catalytic domain; T4 gene Gp59 loader of gp41 DNA helicase C-term; T4 gene Gp59 loader of gp41 DNA helicase
k127_1717_1	2	328	327	1	0.661	11	None	GENOMAD.090694.VV	4.868e-15	72	0	0	1	2561	Caudoviricetes	NA	NA	PF05119;COG3747;TIGR01558	Phage terminase, small subunit
k127_409500_1	57	563	507	-1	0.598	11	None	GENOMAD.045267.VV	4.508e-12	66	0	0	1	2561	Caudoviricetes	NA	NA	PF20387;COG3864	Predicted metal-dependent peptidase
k127_273546_1	2	307	306	1	0.683	11	None	GENOMAD.116655.VV	2.831e-17	78	0	0	1	2561	Caudoviricetes	NA	NA	PF04860;TIGR01537;COG5005	phage portal protein, HK97 family
k127_47134_1	28	342	315	1	0.327	11	TAA	GENOMAD.072560.VV	4.487e-22	92	0	0	1	5947	Adintoviridae	NA	NA	PF00770	Adenovirus endoprotease
k127_1810_1	2	685	684	-1	0.640	11	None	GENOMAD.028596.VV	9.742e-31	123	0	0	1	2561	Caudoviricetes	NA	NA	PF20387	NA
k127_1810_2	701	1042	342	-1	0.637	11	GGA/GAG/AGG	NA	NA	NA	0	0	0	1	NA	NA	NA	NA	NA
k127_1810_3	1052	1375	324	-1	0.639	11	GGAG/GAGG	NA	NA	NA	0	0	0	1	NA	NA	NA	NA	NA
k127_318939_1	1	318	318	-1	0.645	11	None	GENOMAD.160552.VV	8.601e-08	51	0	0	1	2561	Caudoviricetes	NA	NA	PF09588;COG5377;TIGR03033	Phage-related protein, predicted endonuclease
k127_92446_1	1	354	354	1	0.508	4	None	NA	NA	NA	0	0	0	1	NA	NA	NA	NA	NA
k127_92446_2	357	728	372	1	0.392	4	None	GENOMAD.072560.VV	2.693e-10	59	0	0	1	5947	Adintoviridae	NA	NA	PF00770	Adenovirus endoprotease
k127_228326_1	3	686	684	1	0.711	11	None	GENOMAD.010604.VV	4.159e-12	68	0	0	1	2561	Caudoviricetes	NA	NA	PF17541;COG3497	Phage tail sheath protein FI
k127_47426_1	3	707	705	1	0.566	11	None	GENOMAD.036442.VV	4.882e-107	344	0	0	1	2561	Caudoviricetes	NA	NA	PF16510;TIGR01538	Phage P22-like portal protein
k127_47633_1	1	567	567	-1	0.668	11	None	GENOMAD.068048.VV	3.669e-12	67	0	0	1	2561	Caudoviricetes	NA	NA	PF20307;TIGR03600;K02314;COG0305	phage replicative helicase, DnaB family, HK022 subfamily
k127_2471_1	2	538	537	1	0.384	11	None	GENOMAD.087713.VP	1.063e-62	213	0	0	1	2561	Caudoviricetes	NA	NA	PF03237;COG4626	Phage terminase-like protein, large subunit, contains N-terminal HTH domain
k127_2471_2	617	904	288	1	0.431	11	None	NA	NA	NA	0	0	0	1	NA	NA	NA	NA	NA
k127_319680_1	2	499	498	1	0.614	11	None	GENOMAD.147017.VP	1.514e-16	79	0	0	1	2561	Caudoviricetes	NA	NA	PF04466;TIGR01547;COG1783	Phage terminase large subunit
k127_93208_1	2	352	351	1	0.219	11	None	GENOMAD.108545.VV	4.013e-12	64	0	0	1	1	NA	NA	NA	PF19835;TIGR01453	group I intron endonuclease
k127_48966_1	2	415	414	1	0.457	11	None	GENOMAD.010117.VV	4.33e-10	59	0	0	1	2561	Caudoviricetes	NA	NA	PF11041;COG4385;TIGR02242	Bacteriophage Mu-like, Gp48
k127_49304_1	2	388	387	-1	0.499	11	None	GENOMAD.109691.VV	1.028e-23	98	0	0	1	2561	Caudoviricetes	NA	NA	PF06141	Phage minor tail protein U
k127_411919_1	2	322	321	-1	0.626	11	None	GENOMAD.146511.VP	5.263e-05	43	0	0	1	2561	Caudoviricetes	NA	NA	PF20441;COG5362	Terminase large subunit, endonuclease domain
k127_275865_1	2	634	633	-1	0.615	11	AGxAGG/AGGxGG	GENOMAD.025419.VV	6.52e-39	146	0	0	1	2561	Caudoviricetes	NA	NA	PF16460;COG5437	Predicted secreted protein
k127_275865_2	634	723	90	-1	0.489	11	None	NA	NA	NA	0	0	0	1	NA	NA	NA	NA	NA
k127_49675_1	3	422	420	1	0.621	11	None	GENOMAD.013210.VV	7.202e-15	73	0	0	1	2561	Caudoviricetes	NA	NA	PF00211;PF08994;PF08993;COG2114	Adenylate and Guanylate cyclase catalytic domain; T4 gene Gp59 loader of gp41 DNA helicase C-term; T4 gene Gp59 loader of gp41 DNA helicase
k127_4765_1	2	337	336	1	0.592	11	None	GENOMAD.068048.VV	2.471e-15	73	0	0	1	2561	Caudoviricetes	NA	NA	PF20307;TIGR03600;K02314;COG0305	phage replicative helicase, DnaB family, HK022 subfamily
k127_185761_1	3	353	351	-1	0.570	11	None	GENOMAD.104546.VV	2.258e-18	82	0	0	1	2561	Caudoviricetes	NA	NA	PF04865;COG3948	Phage-related baseplate assembly protein
k127_231832_1	3	305	303	-1	0.604	11	None	GENOMAD.137800.VV	7.872e-07	48	0	0	1	2561	Caudoviricetes	NA	NA	PF17288;TIGR01547;COG1783	phage terminase, large subunit, PBSX family
k127_367800_1	1	327	327	1	0.676	11	None	GENOMAD.024487.VV	2.539e-05	44	0	0	1	2561	Caudoviricetes	NA	NA	PF09293;K18950;TIGR00593;COG0258	T4 RNase H, C terminal
k127_367835_1	3	524	522	-1	0.705	11	None	GENOMAD.195366.VP	0.000599	42	0	0	1	1	NA	NA	NA	PF05766;COG3024	Endogenous inhibitor of DNA gyrase, YacG/DUF329 family
k127_141340_1	1	468	468	-1	0.585	11	GGA/GAG/AGG	GENOMAD.031503.VV	7.25e-22	94	0	0	0	2561	Caudoviricetes	NA	NA	PF01555;K07319;COG4725;TIGR00537	N6-adenosine-specific RNA methylase IME4
k127_141340_2	502	1365	864	-1	0.546	11	GGAG/GAGG	GENOMAD.032471.VV	7.687e-41	155	0	0	1	2561	Caudoviricetes	NA	NA	PF06745;TIGR01618;K07331;COG0467	phage nucleotide-binding protein
k127_141340_3	1405	1779	375	-1	0.549	11	AGGAG	NA	NA	NA	0	0	0	1	NA	NA	NA	NA	NA
k127_141340_4	1812	1964	153	-1	0.588	11	AGGAG	NA	NA	NA	0	0	0	1	NA	NA	NA	NA	NA
k127_141340_5	1993	2895	903	-1	0.559	11	AGGAG	GENOMAD.014907.VV	7.947e-89	295	0	0	0	2561	Caudoviricetes	NA	NA	PF12684;COG2887;TIGR01896;K07465	RecB family exonuclease
k127_141340_6	2895	3122	228	-1	0.526	11	AGGAG	NA	NA	NA	0	0	0	1	NA	NA	NA	NA	NA
k127_141340_7	3124	3351	228	-1	0.539	11	GGA/GAG/AGG	NA	NA	NA	0	0	0	1	NA	NA	NA	NA	NA
k127_141340_8	3348	3500	153	-1	0.438	11	GGAG/GAGG	NA	NA	NA	0	0	0	1	NA	NA	NA	NA	NA
k127_141340_9	3676	3891	216	-1	0.537	11	AGxAG	NA	NA	NA	0	0	0	1	NA	NA	NA	NA	NA
k127_141340_10	3898	4104	207	-1	0.522	11	GGAG/GAGG	NA	NA	NA	0	0	0	1	NA	NA	NA	NA	NA
k127_141340_11	4136	4621	486	-1	0.556	11	None	NA	NA	NA	0	0	0	1	NA	NA	NA	NA	NA
k127_96565_1	1	552	552	1	0.639	11	None	GENOMAD.013210.VV	4.176e-21	93	0	0	1	2561	Caudoviricetes	NA	NA	PF00211;PF08994;PF08993;COG2114	Adenylate and Guanylate cyclase catalytic domain; T4 gene Gp59 loader of gp41 DNA helicase C-term; T4 gene Gp59 loader of gp41 DNA helicase
k127_414836_1	1	291	291	1	0.577	11	None	GENOMAD.010594.VV	1.608e-05	44	0	0	1	2561	Caudoviricetes	NA	NA	PF19835;TIGR01453	group I intron endonuclease
k127_233494_1	1	552	552	-1	0.703	11	None	GENOMAD.013210.VV	1.353e-14	74	0	0	1	2561	Caudoviricetes	NA	NA	PF00211;PF08994;PF08993;COG2114	Adenylate and Guanylate cyclase catalytic domain; T4 gene Gp59 loader of gp41 DNA helicase C-term; T4 gene Gp59 loader of gp41 DNA helicase
k127_142736_1	1	426	426	1	0.676	11	None	GENOMAD.129124.VV	9.045e-13	67	0	0	1	2561	Caudoviricetes	NA	NA	PF14550;TIGR01543;COG3740;K06904	phage prohead protease, HK97 family
k127_187976_1	2	355	354	-1	0.607	11	None	GENOMAD.151393.VP	4.351e-36	133	0	0	1	2561	Caudoviricetes	NA	NA	PF17288;TIGR01547;COG1783	phage terminase, large subunit, PBSX family
k127_415181_1	1	600	600	-1	0.350	11	AATAA	NA	NA	NA	0	0	0	1	NA	NA	NA	NA	NA
k127_415181_2	629	1168	540	-1	0.315	11	TAA	NA	NA	NA	0	0	0	1	NA	NA	NA	NA	NA
k127_415181_3	1647	2042	396	-1	0.391	11	TAA	NA	NA	NA	0	0	0	1	NA	NA	NA	NA	NA
k127_415181_4	2537	2935	399	-1	0.494	11	TAA	GENOMAD.149166.VV	2.195e-06	48	0	0	0	5678	Poxviridae	NA	NA	PF17122;TIGR00570;COG5220	Zinc-finger
k127_415181_5	2975	3151	177	1	0.339	11	TAAAAA	NA	NA	NA	0	0	0	1	NA	NA	NA	NA	NA
k127_415181_6	3418	3819	402	-1	0.326	11	TAA	NA	NA	NA	0	0	0	1	NA	NA	NA	NA	NA
k127_415181_7	4586	4747	162	-1	0.420	11	None	NA	NA	NA	0	0	0	1	NA	NA	NA	NA	NA
k127_415393_1	1	63	63	-1	0.222	11	TAT	NA	NA	NA	0	0	0	1	NA	NA	NA	NA	NA
k127_415393_2	63	362	300	-1	0.243	11	None	GENOMAD.072560.VV	5.603e-25	100	0	0	1	5947	Adintoviridae	NA	NA	PF00770	Adenovirus endoprotease
k127_143141_1	3	485	483	1	0.669	11	None	GENOMAD.068048.VV	2.933e-15	75	0	0	1	2561	Caudoviricetes	NA	NA	PF20307;TIGR03600;K02314;COG0305	phage replicative helicase, DnaB family, HK022 subfamily
k127_143141_2	482	604	123	1	0.691	11	None	NA	NA	NA	0	0	0	1	NA	NA	NA	NA	NA
k127_234439_1	36	389	354	-1	0.554	11	None	GENOMAD.063565.VV	2.301e-58	197	0	0	1	2561	Caudoviricetes	NA	NA	PF10124;COG4397	Mu-like prophage major head subunit gpT
k127_143697_1	3	725	723	1	0.672	11	None	GENOMAD.188918.VV	0.0006686	43	0	0	1	2561	Caudoviricetes	NA	NA	PF14354;TIGR03655	restriction alleviation protein, Lar family
k127_235035_1	1	162	162	1	0.562	11	None	GENOMAD.067824.VV	1.684e-09	53	0	0	1	2561	Caudoviricetes	NA	NA	PF06141	Phage minor tail protein U
k127_235035_2	260	331	72	1	0.611	11	GGAG/GAGG	NA	NA	NA	0	0	0	1	NA	NA	NA	NA	NA
k127_370910_1	1	459	459	1	0.693	11	None	GENOMAD.173419.VV	8.564e-05	44	0	0	1	1	NA	NA	NA	TIGR01725	phage protein, HK97 gp10 family
k127_371347_1	2	433	432	-1	0.532	11	None	GENOMAD.120931.VP	7.66e-16	76	0	0	1	2561	Caudoviricetes	NA	NA	PF09588;COG5377;TIGR03033;K01143	Phage-related protein, predicted endonuclease
k127_280598_1	158	1018	861	-1	0.667	11	AGGAG	GENOMAD.057710.VV	2.926e-06	51	0	0	1	2561	Caudoviricetes	NA	NA	PF00589;PF04860;K07358;TIGR01537	Phage integrase family; Phage portal protein
k127_326303_1	2	124	123	1	0.602	11	None	NA	NA	NA	0	0	0	1	NA	NA	NA	NA	NA
k127_326303_2	102	416	315	1	0.575	11	GGAGG	GENOMAD.058569.VV	9.988e-06	45	0	0	1	1	NA	NA	NA	COG5410	NA
k127_54619_1	1	162	162	1	0.642	11	None	GENOMAD.055806.VV	0.0003235	38	0	0	0	2561	Caudoviricetes	NA	NA	PF10948	NA
k127_54619_2	166	705	540	1	0.674	11	GGA/GAG/AGG	GENOMAD.113513.VP	3.266e-23	99	0	0	1	2561	Caudoviricetes	NA	NA	PF11863;COG4386	Mu-like prophage tail sheath protein gpL
k127_190316_1	1	342	342	1	0.333	11	None	GENOMAD.222799.VP	5.627e-07	49	0	0	1	2561	Caudoviricetes	NA	NA	PF05367;PF14353	Phage endonuclease I; CpXC protein
k127_145660_1	2	607	606	1	0.642	11	None	GENOMAD.028424.VV	2.925e-24	103	0	0	1	2561	Caudoviricetes	NA	NA	PF05876;PF14058;COG5525	Phage terminase, large subunit GpA
k127_191184_1	3	371	369	-1	0.629	11	None	GENOMAD.177668.VP	7.57e-07	49	0	0	1	2561	Caudoviricetes	NA	NA	PF17289;COG5362	Phage terminase large subunit
k127_191569_1	3	392	390	1	0.628	11	None	GENOMAD.148122.VP	4.38e-25	102	0	0	1	2561	Caudoviricetes	NA	NA	PF20441	Terminase large subunit, endonuclease domain
k127_238035_1	3	548	546	1	0.593	11	None	GENOMAD.000175.VV	3.312e-05	46	0	0	1	8305	Partitiviridae	NA	NA	PF00680;COG3344	Viral RNA-dependent RNA polymerase
k127_147086_1	2	811	810	-1	0.694	11	None	GENOMAD.042265.VV	7.088e-09	59	0	0	1	2561	Caudoviricetes	NA	NA	PF20307;TIGR02237;COG0468;K04485	Divergent DnaB-like ATPase
k127_329069_1	3	413	411	1	0.637	11	None	GENOMAD.219701.VP	6.394e-49	171	0	0	1	2561	Caudoviricetes	NA	NA	PF06381;TIGR01555;K09961;COG3567	phage-related protein, HI1409 family
k127_329412_1	2	847	846	1	0.652	11	None	GENOMAD.068048.VV	7.353e-08	56	0	0	1	2561	Caudoviricetes	NA	NA	PF20307;TIGR03600;K02314;COG0305	phage replicative helicase, DnaB family, HK022 subfamily
k127_329578_1	1	342	342	1	0.564	11	None	GENOMAD.017115.VV	1.462e-13	68	0	0	1	2561	Caudoviricetes	NA	NA	PF05133;TIGR01538	phage portal protein, SPP1 family
k127_329613_1	1	390	390	-1	0.685	11	None	GENOMAD.169508.VP	2.68e-13	68	0	0	1	2561	Caudoviricetes	NA	NA	PF04708;PF13262;COG1961;K14060	Site-specific DNA recombinase related to the DNA invertase Pin
k127_193094_1	1	342	342	-1	0.462	11	None	GENOMAD.124283.VV	1.462e-13	68	0	0	1	2561	Caudoviricetes	NA	NA	PF04865;COG3299	Baseplate J-like protein
k127_193100_1	183	830	648	1	0.583	11	GGAG/GAGG	GENOMAD.063438.VV	8.165e-27	111	0	0	0	2561	Caudoviricetes	NA	NA	NA	NA
k127_193100_2	827	1090	264	1	0.606	11	GGxGG	GENOMAD.059582.VV	1.062e-06	47	0	0	1	2561	Caudoviricetes	NA	NA	TIGR01725	phage protein, HK97 gp10 family
k127_374969_1	2	433	432	-1	0.660	11	None	GENOMAD.106143.VV	9.928e-56	191	0	0	1	1	NA	NA	NA	PF10109	Phage tail assembly chaperone proteins, E, or 41 or 14
k127_58424_1	3	146	144	-1	0.382	11	AATAA	NA	NA	NA	0	0	0	1	NA	NA	NA	NA	NA
k127_58424_2	158	505	348	-1	0.411	11	None	GENOMAD.025619.VV	1.142e-32	123	0	0	1	2561	Caudoviricetes	NA	NA	K09961;TIGR01555;COG3567	phage-related protein, HI1409 family
k127_58607_1	1	333	333	1	0.721	11	None	GENOMAD.124507.VV	1.427e-28	111	0	0	1	2561	Caudoviricetes	NA	NA	PF11242;K22300;COG3655;TIGR00673	DNA-binding transcriptional regulator, XRE family
k127_330843_1	2	244	243	1	0.399	11	None	NA	NA	NA	0	0	0	1	NA	NA	NA	NA	NA
k127_330843_2	296	514	219	1	0.333	11	None	NA	NA	NA	0	0	0	1	NA	NA	NA	NA	NA
k127_330843_3	516	866	351	1	0.339	11	None	GENOMAD.072560.VV	2.903e-15	73	0	0	1	5947	Adintoviridae	NA	NA	PF00770	Adenovirus endoprotease
k127_330843_4	927	1121	195	-1	0.262	11	None	NA	NA	NA	0	0	0	1	NA	NA	NA	NA	NA
k127_422042_1	3	662	660	-1	0.605	11	None	NA	NA	NA	0	0	0	1	NA	NA	NA	NA	NA
k127_422042_2	659	889	231	-1	0.476	11	None	NA	NA	NA	0	0	0	1	NA	NA	NA	NA	NA
k127_422042_3	890	1186	297	-1	0.549	11	None	NA	NA	NA	0	0	0	1	NA	NA	NA	NA	NA
k127_422042_4	1224	2291	1068	-1	0.584	11	None	GENOMAD.097875.VV	8.062e-16	82	0	0	0	2561	Caudoviricetes	NA	NA	NA	NA
k127_422915_1	1	375	375	-1	0.651	11	None	GENOMAD.068048.VV	1.198e-11	63	0	0	1	2561	Caudoviricetes	NA	NA	PF20307;TIGR03600;K02314;COG0305	phage replicative helicase, DnaB family, HK022 subfamily
k127_286667_1	1	399	399	-1	0.654	11	None	GENOMAD.008115.VV	4.383e-08	53	0	0	1	2561	Caudoviricetes	NA	NA	PF08931	NA
k127_377715_1	2	340	339	1	0.593	11	None	GENOMAD.210047.VV	4.218e-50	173	0	0	1	2561	Caudoviricetes	NA	NA	PF09646;PF17482;COG5003	Gp37 protein; Phage tail sheath C-terminal domain
k127_377918_1	1	93	93	1	0.688	11	None	NA	NA	NA	0	0	0	1	NA	NA	NA	NA	NA
k127_377918_2	102	743	642	1	0.565	11	AGGAGG	GENOMAD.113156.VV	6.265e-50	178	0	0	1	2561	Caudoviricetes	NA	NA	PF09355;TIGR02215	Phage protein Gp19/Gp15/Gp42
k127_377918_3	746	1027	282	1	0.592	11	AGGA	NA	NA	NA	0	0	0	1	NA	NA	NA	NA	NA
k127_377918_4	1122	1226	105	1	0.590	11	GGAG/GAGG	NA	NA	NA	0	0	0	1	NA	NA	NA	NA	NA
k127_423770_1	2	529	528	1	0.708	11	None	GENOMAD.057710.VV	2.965e-05	46	0	0	1	2561	Caudoviricetes	NA	NA	PF00589;PF04860;K07358;TIGR01537	Phage integrase family; Phage portal protein
k127_196172_1	1	405	405	1	0.652	11	None	GENOMAD.129396.VP	1.976e-09	57	0	0	1	2561	Caudoviricetes	NA	NA	PF20454	Terminase large subunit gpA, endonuclease domain
k127_378171_1	71	298	228	1	0.610	11	AGGAG	GENOMAD.060991.VV	1.085e-08	52	0	0	1	2561	Caudoviricetes	NA	NA	PF02831	gpW
k127_378171_2	295	360	66	1	0.712	11	None	NA	NA	NA	0	0	0	1	NA	NA	NA	NA	NA
k127_242797_1	1	717	717	1	0.623	11	None	GENOMAD.053137.VV	1.033e-09	61	0	0	1	2561	Caudoviricetes	NA	NA	PF17482	Phage tail sheath C-terminal domain
k127_288044_1	72	341	270	-1	0.304	11	None	GENOMAD.041551.VV	1.853e-16	75	0	0	1	13252	Lavidaviridae	NA	NA	PF00770	Adenovirus endoprotease
k127_243208_1	3	605	603	1	0.685	11	None	GENOMAD.068590.VV	1.06e-10	63	0	0	1	2561	Caudoviricetes	NA	NA	PF13871;PF11242;K11654;TIGR00721	C-terminal domain on Strawberry notch homologue
k127_288399_1	1	336	336	1	0.738	11	None	GENOMAD.124507.VV	1.062e-23	97	0	0	1	2561	Caudoviricetes	NA	NA	PF11242;K22300;COG3655;TIGR00673	DNA-binding transcriptional regulator, XRE family
k127_152075_1	2	217	216	-1	0.694	11	None	GENOMAD.124507.VV	1.326e-12	63	0	0	1	2561	Caudoviricetes	NA	NA	PF11242;K22300;COG3655;TIGR00673	DNA-binding transcriptional regulator, XRE family
k127_152075_2	384	602	219	1	0.621	11	GGAGG	NA	NA	NA	0	0	0	1	NA	NA	NA	NA	NA
k127_197281_1	2	370	369	-1	0.501	11	None	GENOMAD.001397.VV	4.896e-29	113	0	0	1	2561	Caudoviricetes	NA	NA	PF11650	P22 tail accessory factor
k127_197646_1	2	499	498	-1	0.645	11	None	GENOMAD.167887.VP	9.167e-33	126	0	0	1	2561	Caudoviricetes	NA	NA	PF04860;TIGR01537;COG4383	phage portal protein, HK97 family
k127_63315_1	2	631	630	1	0.532	11	None	GENOMAD.013210.VV	3.139e-27	112	0	0	1	2561	Caudoviricetes	NA	NA	PF00211;PF08994;PF08993;COG2114	Adenylate and Guanylate cyclase catalytic domain; T4 gene Gp59 loader of gp41 DNA helicase C-term; T4 gene Gp59 loader of gp41 DNA helicase
k127_153224_1	3	404	402	1	0.632	11	None	NA	NA	NA	0	0	0	1	NA	NA	NA	NA	NA
k127_153224_2	446	973	528	1	0.640	11	GGA/GAG/AGG	GENOMAD.033530.VV	1.141e-94	305	0	0	1	2561	Caudoviricetes	NA	NA	PF05065;TIGR01554;COG4653	phage major capsid protein, HK97 family
k127_289897_1	1	372	372	-1	0.409	15	None	GENOMAD.056179.VV	3.54e-07	50	0	0	1	2561	Caudoviricetes	NA	NA	PF04466;TIGR01547;COG1783;K06909	phage terminase, large subunit, PBSX family
k127_18607_1	2	898	897	-1	0.615	11	GGAGG	GENOMAD.111070.VC	1.941e-20	95	0	0	0	2561	Caudoviricetes	NA	NA	PF13203;PF16786;COG3864	Putative metallopeptidase domain; Recombination enhancement, RecA-dependent nuclease
k127_18607_2	895	1854	960	-1	0.569	11	GGAGG	GENOMAD.211402.VP	3.068e-26	113	0	0	0	2561	Caudoviricetes	NA	NA	PF11348	NA
k127_18607_3	1851	2516	666	-1	0.616	11	None	GENOMAD.070227.VV	7.572e-15	76	0	0	0	2561	Caudoviricetes	NA	NA	NA	NA
k127_18722_1	1	330	330	1	0.664	11	None	GENOMAD.073447.VV	4.082e-09	55	0	0	1	2561	Caudoviricetes	NA	NA	PF00580;TIGR04095;COG4373	UvrD/REP helicase N-terminal domain
k127_335830_1	2	310	309	1	0.638	11	None	GENOMAD.023991.VV	8.082e-31	117	0	0	1	2561	Caudoviricetes	NA	NA	COG5410	Mu-like prophage FluMu protein gp28
k127_64486_1	73	396	324	1	0.636	11	GGAG/GAGG	GENOMAD.048409.VV	2.173e-06	47	0	0	1	2561	Caudoviricetes	NA	NA	PF19905	NA
k127_64486_2	396	710	315	1	0.654	11	GGAGG	NA	NA	NA	0	0	0	1	NA	NA	NA	NA	NA
k127_64721_1	3	497	495	-1	0.707	11	None	GENOMAD.013210.VV	4.553e-10	60	0	0	1	2561	Caudoviricetes	NA	NA	PF00211;PF08994;PF08993;COG2114	Adenylate and Guanylate cyclase catalytic domain; T4 gene Gp59 loader of gp41 DNA helicase C-term; T4 gene Gp59 loader of gp41 DNA helicase
k127_19317_1	2	238	237	1	0.241	11	None	NA	NA	NA	0	0	0	1	NA	NA	NA	NA	NA
k127_19317_2	483	2207	1725	1	0.229	11	GGA/GAG/AGG	GENOMAD.147210.VP	5.581e-33	139	0	0	0	1	NA	NA	NA	PF03175;K21237;COG0417	DNA polymerase type B, organellar and viral
k127_19317_3	2648	3625	978	1	0.224	11	None	NA	NA	NA	0	0	0	1	NA	NA	NA	NA	NA
k127_19317_4	3575	3676	102	-1	0.186	11	None	NA	NA	NA	0	0	0	1	NA	NA	NA	NA	NA
k127_199484_1	28	537	510	1	0.659	11	GGAG/GAGG	GENOMAD.022274.VV	4.044e-15	75	0	0	1	2561	Caudoviricetes	NA	NA	PF14550;TIGR01543;COG3740;K06904	Putative phage serine protease XkdF
k127_154452_1	407	1630	1224	1	0.527	11	None	GENOMAD.147697.VP	4.745e-39	154	0	0	0	2561	Caudoviricetes	NA	NA	PF13148;TIGR02640;COG0714;K03924	AAA domain
k127_154452_2	1602	1760	159	-1	0.579	11	AGGAG	GENOMAD.021518.VV	1.814e-08	50	0	0	0	1	NA	NA	NA	NA	NA
k127_154452_3	1760	1897	138	-1	0.594	11	AGGAG	NA	NA	NA	0	0	0	1	NA	NA	NA	NA	NA
k127_154452_4	1907	2317	411	-1	0.540	11	GGAG/GAGG	GENOMAD.003678.VV	1.066e-17	81	0	0	0	2561	Caudoviricetes	NA	NA	NA	NA
k127_154452_5	2314	2772	459	-1	0.532	11	GGA/GAG/AGG	NA	NA	NA	0	0	0	1	NA	NA	NA	NA	NA
k127_154452_6	2775	3059	285	-1	0.523	11	None	NA	NA	NA	0	0	0	1	NA	NA	NA	NA	NA
k127_154452_7	3056	4081	1026	-1	0.589	11	GGAG/GAGG	GENOMAD.101087.VV	7.484e-05	47	0	0	0	1	NA	NA	NA	NA	NA
k127_154452_8	4092	4202	111	-1	0.604	11	None	NA	NA	NA	0	0	0	1	NA	NA	NA	NA	NA
k127_381689_1	3	350	348	-1	0.609	11	None	GENOMAD.053137.VV	1.305e-15	74	0	0	1	2561	Caudoviricetes	NA	NA	PF17482	Phage tail sheath C-terminal domain
k127_246349_1	2	421	420	-1	0.614	11	None	GENOMAD.169399.VP	6.026e-06	47	0	0	1	2561	Caudoviricetes	NA	NA	PF05876;PF20454;COG5525;K21512	Phage terminase, large subunit GpA
k127_382073_1	3	1064	1062	-1	0.635	11	None	GENOMAD.178047.VV	0.0006781	44	0	0	1	2561	Caudoviricetes	NA	NA	PF11242;TIGR02417;COG1609	NA
k127_19911_1	3	332	330	1	0.606	11	None	GENOMAD.181728.VV	1.836e-09	56	0	0	1	2561	Caudoviricetes	NA	NA	PF09588;COG5377;TIGR03033	Phage-related protein, predicted endonuclease
k127_382317_1	3	170	168	-1	0.560	11	None	NA	NA	NA	0	0	0	1	NA	NA	NA	NA	NA
k127_382317_2	214	1974	1761	-1	0.444	11	None	GENOMAD.027349.VV	1.661e-19	96	0	0	1	2561	Caudoviricetes	NA	NA	PF11134	Phage stabilisation protein
k127_200227_1	1	435	435	-1	0.515	11	None	GENOMAD.196645.VV	1.796e-24	101	0	0	1	2561	Caudoviricetes	NA	NA	PF17289;COG5362;TIGR01630	Phage terminase large subunit
k127_428543_1	3	302	300	-1	0.647	11	None	GENOMAD.068048.VV	4.112e-13	66	0	0	1	2561	Caudoviricetes	NA	NA	PF20307;TIGR03600;K02314;COG0305	phage replicative helicase, DnaB family, HK022 subfamily
k127_66013_1	1	684	684	-1	0.620	11	None	GENOMAD.169508.VP	2.728e-26	110	0	0	1	2561	Caudoviricetes	NA	NA	PF04708;PF13262;COG1961;K14060	Site-specific DNA recombinase related to the DNA invertase Pin
k127_66207_1	1	303	303	-1	0.525	11	None	GENOMAD.123534.VP	9.623e-52	177	0	0	1	2561	Caudoviricetes	NA	NA	PF05133;TIGR01538	Phage portal protein, SPP1 Gp6-like
k127_247404_1	1	390	390	1	0.641	11	None	GENOMAD.068048.VV	5.451e-14	70	0	0	1	2561	Caudoviricetes	NA	NA	PF20307;TIGR03600;K02314;COG0305	phage replicative helicase, DnaB family, HK022 subfamily
k127_429175_1	2	361	360	1	0.653	11	None	GENOMAD.073447.VV	1.091e-10	60	0	0	1	2561	Caudoviricetes	NA	NA	PF00580;TIGR04095;COG4373	UvrD/REP helicase N-terminal domain
k127_20959_1	1	81	81	1	0.420	11	None	NA	NA	NA	0	0	0	1	NA	NA	NA	NA	NA
k127_20959_2	74	574	501	1	0.515	11	AGGTG	GENOMAD.032471.VV	7.132e-45	161	0	0	1	2561	Caudoviricetes	NA	NA	PF06745;TIGR01618;K07331;COG0467	phage nucleotide-binding protein
k127_338097_1	3	431	429	-1	0.632	11	GGAG/GAGG	GENOMAD.082189.VV	8.948e-23	96	0	0	1	2561	Caudoviricetes	NA	NA	PF00959;COG3772	Phage-related lysozyme (muramidase), GH24 family
k127_429280_1	2	367	366	-1	0.669	11	None	GENOMAD.223594.VP	1.619e-06	48	0	0	1	2561	Caudoviricetes	NA	NA	PF11994;PF09684;TIGR01634;COG4385	phage tail protein, P2 protein I family
k127_111691_1	1	360	360	-1	0.503	11	None	GENOMAD.005520.VV	4.492e-12	64	0	0	1	2561	Caudoviricetes	NA	NA	PF11134	Phage stabilisation protein
k127_383495_1	2	73	72	-1	0.653	11	GGA/GAG/AGG	NA	NA	NA	0	0	0	1	NA	NA	NA	NA	NA
k127_383495_2	91	474	384	-1	0.609	11	None	GENOMAD.004420.VV	3.621e-08	53	0	0	1	2561	Caudoviricetes	NA	NA	PF20441;COG5362	Terminase large subunit, endonuclease domain
k127_201652_1	1	321	321	-1	0.698	11	None	GENOMAD.023991.VV	4.483e-15	72	0	0	1	2561	Caudoviricetes	NA	NA	COG5410	Mu-like prophage FluMu protein gp28
k127_157148_1	2	421	420	-1	0.583	11	None	GENOMAD.152240.VV	6.28e-05	44	0	0	1	2561	Caudoviricetes	NA	NA	COG4675	Microcystin-dependent protein  (function unknown)
k127_293833_1	2	442	441	1	0.612	11	None	GENOMAD.068048.VV	7.866e-17	79	0	0	1	2561	Caudoviricetes	NA	NA	PF20307;TIGR03600;K02314;COG0305	phage replicative helicase, DnaB family, HK022 subfamily
k127_112742_1	2	547	546	1	0.643	11	None	GENOMAD.045267.VV	1.239e-14	74	0	0	1	2561	Caudoviricetes	NA	NA	PF20387;COG3864	Predicted metal-dependent peptidase
k127_112857_1	1	693	693	1	0.569	11	None	GENOMAD.013210.VV	1.806e-20	93	0	0	1	2561	Caudoviricetes	NA	NA	PF00211;PF08994;PF08993;COG2114	Adenylate and Guanylate cyclase catalytic domain; T4 gene Gp59 loader of gp41 DNA helicase C-term; T4 gene Gp59 loader of gp41 DNA helicase
k127_157438_1	1	708	708	1	0.734	11	None	GENOMAD.057710.VV	6.975e-05	46	0	0	1	2561	Caudoviricetes	NA	NA	PF00589;PF04860;K07358;TIGR01537	Phage integrase family; Phage portal protein
k127_384818_1	2	886	885	1	0.705	11	None	GENOMAD.147738.VP	2.754e-05	48	0	0	1	1	NA	NA	NA	PF11242;COG4584;TIGR02417	Transposase
k127_339696_1	3	335	333	1	0.706	11	None	GENOMAD.017840.VV	1.918e-33	125	0	0	1	2561	Caudoviricetes	NA	NA	PF17288	Terminase RNAseH like domain
k127_385140_1	1	453	453	-1	0.653	11	None	GENOMAD.013210.VV	2.685e-12	66	0	0	1	2561	Caudoviricetes	NA	NA	PF00211;PF08994;PF08993;COG2114	Adenylate and Guanylate cyclase catalytic domain; T4 gene Gp59 loader of gp41 DNA helicase C-term; T4 gene Gp59 loader of gp41 DNA helicase
k127_385150_1	3	218	216	1	0.426	11	None	NA	NA	NA	0	0	0	1	NA	NA	NA	NA	NA
k127_385150_2	215	571	357	1	0.459	11	TAAAAA	GENOMAD.136131.VV	2.744e-25	102	0	0	1	2561	Caudoviricetes	NA	NA	PF04717;COG4540;TIGR01644	Phage P2 baseplate assembly protein gpV
k127_23034_1	1	636	636	1	0.668	11	None	GENOMAD.068048.VV	1.365e-12	69	0	0	1	2561	Caudoviricetes	NA	NA	PF20307;TIGR03600;K02314;COG0305	phage replicative helicase, DnaB family, HK022 subfamily
k127_385475_1	2	106	105	1	0.571	11	None	NA	NA	NA	0	0	0	1	NA	NA	NA	NA	NA
k127_385475_2	267	788	522	-1	0.554	11	None	GENOMAD.068048.VV	2.585e-10	61	0	0	1	2561	Caudoviricetes	NA	NA	PF20307;TIGR03600;K02314;COG0305	phage replicative helicase, DnaB family, HK022 subfamily
k127_113844_1	2	91	90	-1	0.556	11	None	NA	NA	NA	0	0	0	1	NA	NA	NA	NA	NA
k127_113844_2	348	2024	1677	-1	0.561	11	None	GENOMAD.036442.VV	1.282e-70	253	0	0	1	2561	Caudoviricetes	NA	NA	PF16510;TIGR01538	Phage P22-like portal protein
k127_113844_3	2021	2740	720	-1	0.554	11	None	NA	NA	NA	0	0	0	1	NA	NA	NA	NA	NA
k127_113844_4	2980	3210	231	-1	0.571	11	None	NA	NA	NA	0	0	0	1	NA	NA	NA	NA	NA
k127_113844_5	3207	3770	564	-1	0.537	11	None	NA	NA	NA	0	0	0	1	NA	NA	NA	NA	NA
k127_113844_6	3770	4024	255	-1	0.471	11	None	NA	NA	NA	0	0	0	1	NA	NA	NA	NA	NA
k127_113844_7	4021	5613	1593	-1	0.547	11	None	GENOMAD.180947.VP	2.438e-117	389	0	0	1	2561	Caudoviricetes	NA	NA	PF04466;COG5323;TIGR01547;K21523	Large terminase phage packaging protein
k127_250129_1	181	519	339	1	0.525	11	GGAG/GAGG	GENOMAD.195656.VP	6.198e-05	43	0	0	1	9067	Straboviridae	NA	NA	PF19835;PF07453;TIGR01453;COG2827	group I intron endonuclease
k127_69199_1	3	365	363	-1	0.647	11	None	GENOMAD.063098.VV	0.0003954	41	0	0	1	2561	Caudoviricetes	NA	NA	PF11126	Transcriptional regulator DsbA
k127_250362_1	1	330	330	1	0.633	11	None	GENOMAD.210047.VV	2.747e-29	113	0	0	1	2561	Caudoviricetes	NA	NA	PF09646;PF17482;COG5003	Gp37 protein; Phage tail sheath C-terminal domain
k127_250421_1	1	675	675	-1	0.671	11	None	GENOMAD.013210.VV	3.336e-20	92	0	0	1	2561	Caudoviricetes	NA	NA	PF00211;PF08994;PF08993;COG2114	Adenylate and Guanylate cyclase catalytic domain; T4 gene Gp59 loader of gp41 DNA helicase C-term; T4 gene Gp59 loader of gp41 DNA helicase
k127_340859_1	57	1187	1131	-1	0.660	11	None	GENOMAD.068590.VV	2.096e-15	81	0	0	1	2561	Caudoviricetes	NA	NA	PF13871;PF11242;K11654;TIGR00721	C-terminal domain on Strawberry notch homologue
k127_295526_1	2	598	597	1	0.672	11	None	GENOMAD.068048.VV	2.116e-13	71	0	0	1	2561	Caudoviricetes	NA	NA	PF20307;TIGR03600;K02314;COG0305	phage replicative helicase, DnaB family, HK022 subfamily
k127_69461_1	1	381	381	-1	0.627	11	None	GENOMAD.068048.VV	2.851e-11	62	0	0	1	2561	Caudoviricetes	NA	NA	PF20307;TIGR03600;K02314;COG0305	phage replicative helicase, DnaB family, HK022 subfamily
k127_115118_1	3	410	408	1	0.598	11	None	GENOMAD.151393.VP	1.468e-39	144	0	0	1	2561	Caudoviricetes	NA	NA	PF17288;TIGR01547;COG1783	phage terminase, large subunit, PBSX family
k127_25088_1	1	771	771	-1	0.654	11	AGGAGG	GENOMAD.136541.VP	0.0003718	44	0	0	1	2561	Caudoviricetes	NA	NA	PF04233;TIGR01641	Phage Mu protein F like protein
k127_25088_2	1016	1138	123	-1	0.675	11	None	NA	NA	NA	0	0	0	1	NA	NA	NA	NA	NA
k127_25088_3	1175	1399	225	-1	0.676	11	None	NA	NA	NA	0	0	0	1	NA	NA	NA	NA	NA
k127_115964_1	3	377	375	1	0.456	11	None	GENOMAD.068048.VV	3.135e-09	56	0	0	1	2561	Caudoviricetes	NA	NA	PF20307;TIGR03600;K02314;COG0305	phage replicative helicase, DnaB family, HK022 subfamily
k127_71159_1	1	516	516	-1	0.665	11	None	GENOMAD.013124.VV	4.049e-16	78	0	0	1	377	Drexlerviridae	NA	NA	PF13262;COG5410	NA
k127_71315_1	355	1110	756	1	0.655	11	AGGAG	GENOMAD.000175.VV	2.493e-08	57	0	0	1	8305	Partitiviridae	NA	NA	PF00680;COG3344	Viral RNA-dependent RNA polymerase
k127_387993_1	3	389	387	-1	0.643	11	None	GENOMAD.068048.VV	5.253e-14	70	0	0	1	2561	Caudoviricetes	NA	NA	PF20307;TIGR03600;K02314;COG0305	phage replicative helicase, DnaB family, HK022 subfamily
k127_297735_1	2	181	180	1	0.322	11	None	NA	NA	NA	0	0	0	1	NA	NA	NA	NA	NA
k127_297735_2	184	357	174	1	0.305	11	AAAA	GENOMAD.072560.VV	1.092e-08	51	0	0	1	5947	Adintoviridae	NA	NA	PF00770	Adenovirus endoprotease
k127_252880_1	1	477	477	1	0.562	11	None	GENOMAD.036442.VV	2.163e-79	260	0	0	1	2561	Caudoviricetes	NA	NA	PF16510;TIGR01538	Phage P22-like portal protein
k127_116756_1	1	267	267	1	0.603	11	None	GENOMAD.147427.VP	0.0001321	41	0	0	1	2561	Caudoviricetes	NA	NA	PF07141	Putative bacteriophage terminase small subunit
k127_116756_2	245	475	231	1	0.654	11	None	NA	NA	NA	0	0	0	1	NA	NA	NA	NA	NA
k127_343308_1	1	324	324	-1	0.213	11	None	GENOMAD.078394.VV	9.252e-08	51	0	0	1	2561	Caudoviricetes	NA	NA	PF19835;TIGR01453;COG2827	group I intron endonuclease
k127_434532_1	3	299	297	-1	0.694	11	None	GENOMAD.124507.VV	1.897e-20	87	0	0	1	2561	Caudoviricetes	NA	NA	PF11242;K22300;COG3655;TIGR00673	DNA-binding transcriptional regulator, XRE family
k127_26850_1	2	2545	2544	-1	0.471	11	None	NA	NA	NA	0	0	0	1	NA	NA	NA	NA	NA
k127_435343_1	3	107	105	1	0.657	11	None	NA	NA	NA	0	0	0	1	NA	NA	NA	NA	NA
k127_435343_2	104	544	441	-1	0.617	11	None	GENOMAD.068048.VV	1.034e-12	67	0	0	1	2561	Caudoviricetes	NA	NA	PF20307;TIGR03600;K02314;COG0305	phage replicative helicase, DnaB family, HK022 subfamily
k127_435404_1	3	491	489	1	0.661	11	None	GENOMAD.013124.VV	1.468e-15	76	0	0	1	377	Drexlerviridae	NA	NA	PF13262;COG5410	NA
k127_344456_1	76	930	855	1	0.636	11	None	GENOMAD.034519.VV	2.669e-29	121	0	0	1	2561	Caudoviricetes	NA	NA	PF05136;TIGR01537;COG4695	phage portal protein, HK97 family
k127_118009_1	2	535	534	-1	0.655	11	GGA/GAG/AGG	GENOMAD.116655.VV	9.289e-29	115	0	0	1	2561	Caudoviricetes	NA	NA	PF04860;TIGR01537;COG5005	phage portal protein, HK97 family
k127_162227_1	2	430	429	-1	0.706	11	None	GENOMAD.124507.VV	5.382e-37	137	0	0	1	2561	Caudoviricetes	NA	NA	PF11242;K22300;COG3655;TIGR00673	DNA-binding transcriptional regulator, XRE family
k127_389728_1	3	386	384	1	0.424	11	None	GENOMAD.019218.VV	5.518e-30	116	0	0	1	2561	Caudoviricetes	NA	NA	COG5410	NA
k127_254629_1	1	396	396	1	0.682	11	None	GENOMAD.099865.VV	1.691e-19	86	0	0	1	2561	Caudoviricetes	NA	NA	PF04466;PF17289;TIGR01547;COG5323;K06909	phage terminase, large subunit, PBSX family
k127_73517_1	2	319	318	-1	0.629	11	None	GENOMAD.109691.VV	3.508e-17	78	0	0	1	2561	Caudoviricetes	NA	NA	PF06141	Phage minor tail protein U
k127_208083_1	2	400	399	1	0.619	11	None	GENOMAD.109691.VV	6.582e-22	93	0	0	1	2561	Caudoviricetes	NA	NA	PF06141	Phage minor tail protein U
k127_390714_1	3	320	318	-1	0.726	11	None	GENOMAD.124507.VV	9.28e-31	117	0	0	1	2561	Caudoviricetes	NA	NA	PF11242;K22300;COG3655;TIGR00673	DNA-binding transcriptional regulator, XRE family
k127_163255_1	1	477	477	1	0.654	11	None	GENOMAD.097639.VV	1.677e-31	122	0	0	1	2561	Caudoviricetes	NA	NA	PF17289;TIGR01630;COG5362	phage uncharacterized protein (putative large terminase), C-terminal domain
k127_345908_1	2	679	678	1	0.563	11	None	GENOMAD.057710.VV	1.514e-06	51	0	0	1	2561	Caudoviricetes	NA	NA	PF00589;PF04860;K07358;TIGR01537	Phage integrase family; Phage portal protein
k127_163670_1	1	435	435	-1	0.586	11	None	GENOMAD.068048.VV	1.757e-15	75	0	0	1	2561	Caudoviricetes	NA	NA	PF20307;TIGR03600;K02314;COG0305	phage replicative helicase, DnaB family, HK022 subfamily
k127_29550_1	1	372	372	1	0.266	11	None	GENOMAD.044495.VV	3.623e-16	76	0	0	1	13252	Lavidaviridae	NA	NA	PF09018	P3 major capsid protein
k127_301441_1	2	361	360	-1	0.639	11	None	GENOMAD.222055.VP	0.0001747	42	0	0	1	2561	Caudoviricetes	NA	NA	PF11242;COG4584;TIGR00721;K22103	Transposase
k127_29650_1	2	193	192	-1	0.552	11	AGGAGG	NA	NA	NA	0	0	0	1	NA	NA	NA	NA	NA
k127_29650_2	190	387	198	-1	0.576	11	None	GENOMAD.129999.VP	7.724e-08	49	0	0	1	2561	Caudoviricetes	NA	NA	PF04708;COG1961;K21528	Site-specific DNA recombinase related to the DNA invertase Pin
k127_256774_1	2	1021	1020	-1	0.541	11	None	GENOMAD.068048.VV	8.494e-11	66	0	0	1	2561	Caudoviricetes	NA	NA	PF20307;TIGR03600;K02314;COG0305	phage replicative helicase, DnaB family, HK022 subfamily
k127_29908_1	3	314	312	1	0.641	11	None	GENOMAD.108416.VP	2.366e-20	87	0	0	1	2561	Caudoviricetes	NA	NA	PF11863;COG4386	Mu-like prophage tail sheath protein gpL
k127_392315_1	26	424	399	-1	0.622	11	None	GENOMAD.179365.VP	4.927e-16	76	0	0	1	2561	Caudoviricetes	NA	NA	PF17289;COG5362	Phage terminase large subunit
k127_210002_1	623	1051	429	1	0.653	11	None	GENOMAD.149526.VV	0.000695	41	0	0	1	1	NA	NA	NA	PF16462	Phage tail assembly chaperone protein, TAC
k127_120886_1	1	1329	1329	1	0.668	11	None	GENOMAD.116655.VV	1.037e-47	181	0	0	1	2561	Caudoviricetes	NA	NA	PF04860;TIGR01537;COG5005	phage portal protein, HK97 family
k127_302172_1	29	349	321	1	0.595	11	None	GENOMAD.168708.VP	4.824e-06	46	0	0	1	2561	Caudoviricetes	NA	NA	PF14464;PF06805;COG4723;K21140;TIGR02256	Phage-related protein, tail component
k127_439404_1	3	155	153	1	0.444	11	None	NA	NA	NA	0	0	0	1	NA	NA	NA	NA	NA
k127_439404_2	152	517	366	1	0.467	11	None	GENOMAD.063903.VV	1.011e-44	158	0	0	0	1	NA	NA	NA	NA	NA
k127_439404_3	480	1757	1278	1	0.455	11	None	GENOMAD.044430.VV	5.488e-84	287	0	0	0	1	NA	NA	NA	PF02786;TIGR01161;K01945;COG0439	phosphoribosylaminoimidazole carboxylase, PurK protein
k127_439404_4	1754	2989	1236	-1	0.457	11	None	GENOMAD.162004.VP	7.542e-17	86	0	0	0	2561	Caudoviricetes	NA	NA	PF13148	NA
k127_439404_5	3016	3267	252	-1	0.425	11	ATA	NA	NA	NA	0	0	0	1	NA	NA	NA	NA	NA
k127_439404_6	3264	3461	198	-1	0.364	11	None	NA	NA	NA	0	0	0	1	NA	NA	NA	NA	NA
k127_439404_7	3458	3865	408	-1	0.446	11	None	NA	NA	NA	0	0	0	1	NA	NA	NA	NA	NA
k127_211329_1	2	1150	1149	1	0.735	11	None	GENOMAD.013210.VV	3.073e-07	55	0	0	1	2561	Caudoviricetes	NA	NA	PF00211;PF08994;PF08993;COG2114	Adenylate and Guanylate cyclase catalytic domain; T4 gene Gp59 loader of gp41 DNA helicase C-term; T4 gene Gp59 loader of gp41 DNA helicase
k127_77878_1	2	454	453	1	0.521	11	None	GENOMAD.153532.VC	2.865e-11	63	0	0	1	2561	Caudoviricetes	NA	NA	PF09293	T4 RNase H, C terminal
k127_78151_1	1	507	507	1	0.617	11	None	GENOMAD.018271.VV	5.548e-31	121	0	0	1	2561	Caudoviricetes	NA	NA	PF04586;COG3740;K06904;TIGR01543	Phage head maturation protease
k127_259783_1	1	426	426	1	0.592	11	None	GENOMAD.116655.VV	3.511e-41	149	0	0	1	2561	Caudoviricetes	NA	NA	PF04860;TIGR01537;COG5005	phage portal protein, HK97 family
k127_441432_1	2	502	501	1	0.607	11	None	GENOMAD.008810.VV	1.622e-35	134	0	0	1	2561	Caudoviricetes	NA	NA	PF05133;TIGR01538	phage portal protein, SPP1 family
k127_441463_1	1	489	489	1	0.640	11	None	GENOMAD.013210.VV	1.185e-18	85	0	0	1	2561	Caudoviricetes	NA	NA	PF00211;PF08994;PF08993;COG2114	Adenylate and Guanylate cyclase catalytic domain; T4 gene Gp59 loader of gp41 DNA helicase C-term; T4 gene Gp59 loader of gp41 DNA helicase
k127_78933_1	1	420	420	1	0.638	11	None	GENOMAD.063098.VV	2.54e-07	51	0	0	1	2561	Caudoviricetes	NA	NA	PF11126	Transcriptional regulator DsbA
k127_442190_1	3	122	120	1	0.500	11	None	NA	NA	NA	0	0	0	1	NA	NA	NA	NA	NA
k127_442190_2	122	304	183	1	0.388	11	GGA/GAG/AGG	GENOMAD.154384.VP	9.898e-11	57	0	0	1	2561	Caudoviricetes	NA	NA	PF19835;TIGR01453;COG3680	group I intron endonuclease
k127_350913_1	1	549	549	1	0.557	11	None	GENOMAD.196645.VV	1.606e-07	53	0	0	1	2561	Caudoviricetes	NA	NA	PF17289;COG5362;TIGR01630	Phage terminase large subunit
k127_168647_1	2	451	450	1	0.571	11	None	GENOMAD.116655.VV	1.219e-39	145	0	0	1	2561	Caudoviricetes	NA	NA	PF04860;TIGR01537;COG5005	phage portal protein, HK97 family
k127_34176_1	2	268	267	1	0.655	11	None	GENOMAD.063098.VV	1.905e-08	52	0	0	1	2561	Caudoviricetes	NA	NA	PF11126	Transcriptional regulator DsbA
k127_34270_1	1	726	726	1	0.342	11	None	GENOMAD.025632.VV	1.863e-06	51	0	0	1	1	NA	NA	NA	PF04665;COG3709;TIGR00678	Poxvirus A32 protein
k127_34270_2	711	896	186	1	0.376	11	TATATA	NA	NA	NA	0	0	0	1	NA	NA	NA	NA	NA
k127_34270_3	1064	1219	156	1	0.359	11	ATA	NA	NA	NA	0	0	0	1	NA	NA	NA	NA	NA
k127_80234_1	1	432	432	1	0.697	11	None	GENOMAD.013210.VV	1.695e-15	75	0	0	1	2561	Caudoviricetes	NA	NA	PF00211;PF08994;PF08993;COG2114	Adenylate and Guanylate cyclase catalytic domain; T4 gene Gp59 loader of gp41 DNA helicase C-term; T4 gene Gp59 loader of gp41 DNA helicase
k127_443130_1	1	414	414	1	0.626	11	None	GENOMAD.169508.VP	1.785e-21	92	0	0	1	2561	Caudoviricetes	NA	NA	PF04708;PF13262;COG1961;K14060	Site-specific DNA recombinase related to the DNA invertase Pin
k127_306523_1	1	450	450	-1	0.609	11	None	GENOMAD.150914.VV	3.581e-06	48	0	0	1	7662	Tectiviridae	NA	NA	PF09018	P3 major capsid protein
k127_80619_1	1	360	360	-1	0.594	11	GGA/GAG/AGG	GENOMAD.151393.VP	2.318e-19	85	0	0	1	2561	Caudoviricetes	NA	NA	PF17288;TIGR01547;COG1783	phage terminase, large subunit, PBSX family
k127_261863_1	3	428	426	1	0.631	11	None	GENOMAD.068048.VV	1.998e-12	66	0	0	1	2561	Caudoviricetes	NA	NA	PF20307;TIGR03600;K02314;COG0305	phage replicative helicase, DnaB family, HK022 subfamily
k127_214644_1	1	414	414	1	0.618	11	None	GENOMAD.068048.VV	1.821e-11	63	0	0	1	2561	Caudoviricetes	NA	NA	PF20307;TIGR03600;K02314;COG0305	phage replicative helicase, DnaB family, HK022 subfamily
k127_169874_1	413	559	147	-1	0.272	15	None	GENOMAD.072560.VV	9.702e-06	42	0	0	1	5947	Adintoviridae	NA	NA	PF00770	Adenovirus endoprotease
k127_307435_1	2	352	351	1	0.638	11	None	GENOMAD.068048.VV	3.021e-15	73	0	0	1	2561	Caudoviricetes	NA	NA	PF20307;TIGR03600;K02314;COG0305	phage replicative helicase, DnaB family, HK022 subfamily
k127_352949_1	3	596	594	-1	0.455	11	AGGAG	NA	NA	NA	0	0	0	1	NA	NA	NA	NA	NA
k127_352949_2	615	1664	1050	-1	0.493	11	3Base/5BMM	GENOMAD.015502.VV	5.737e-54	196	0	0	0	2561	Caudoviricetes	NA	NA	K02334	NA
k127_352949_3	1697	2767	1071	-1	0.480	11	None	GENOMAD.053134.VV	4.923e-19	92	0	0	0	2561	Caudoviricetes	NA	NA	NA	NA
k127_352949_4	2771	3241	471	-1	0.533	11	None	GENOMAD.027343.VV	2.567e-15	75	0	0	0	2561	Caudoviricetes	NA	NA	NA	NA
k127_35892_1	3	212	210	1	0.500	11	None	GENOMAD.032471.VV	6.491e-18	78	0	0	1	2561	Caudoviricetes	NA	NA	PF06745;TIGR01618;K07331;COG0467	phage nucleotide-binding protein
k127_35892_2	205	387	183	1	0.546	11	AGGAG	NA	NA	NA	0	0	0	1	NA	NA	NA	NA	NA
k127_444665_1	1	546	546	-1	0.656	11	None	GENOMAD.013124.VV	5.218e-17	81	0	0	1	377	Drexlerviridae	NA	NA	PF13262;COG5410	NA
k127_82296_1	3	470	468	-1	0.660	11	None	GENOMAD.083957.VV	1.08e-16	79	0	0	1	2561	Caudoviricetes	NA	NA	PF05954;COG3500;K06905	Phage protein D
k127_216183_1	2	349	348	1	0.580	11	None	GENOMAD.013179.VV	3.184e-05	44	0	0	1	2561	Caudoviricetes	NA	NA	PF11134	Phage stabilisation protein
k127_354151_1	2	898	897	1	0.649	11	None	GENOMAD.099865.VV	9.558e-44	164	0	0	1	2561	Caudoviricetes	NA	NA	PF04466;PF17289;TIGR01547;COG5323;K06909	phage terminase, large subunit, PBSX family
k127_445672_1	1	777	777	1	0.602	11	None	GENOMAD.013210.VV	1.764e-37	144	0	0	1	2561	Caudoviricetes	NA	NA	PF00211;PF08994;PF08993;COG2114	Adenylate and Guanylate cyclase catalytic domain; T4 gene Gp59 loader of gp41 DNA helicase C-term; T4 gene Gp59 loader of gp41 DNA helicase
k127_171845_1	1	213	213	1	0.573	11	None	NA	NA	NA	0	0	0	1	NA	NA	NA	NA	NA
k127_171845_2	197	409	213	1	0.554	11	GGAGG	GENOMAD.009848.VV	1.598e-10	57	0	0	1	9913	Herelleviridae	NA	NA	COG5377;TIGR03033	Phage-related protein, predicted endonuclease
k127_216943_1	3	341	339	-1	0.705	11	GGA/GAG/AGG	GENOMAD.124507.VV	1.91e-26	105	0	0	1	2561	Caudoviricetes	NA	NA	PF11242;K22300;COG3655;TIGR00673	DNA-binding transcriptional regulator, XRE family
k127_216943_2	577	978	402	-1	0.749	11	None	NA	NA	NA	0	0	0	1	NA	NA	NA	NA	NA
k127_309445_1	3	398	396	1	0.687	11	None	GENOMAD.118632.VP	9.986e-07	49	0	0	1	2561	Caudoviricetes	NA	NA	PF00476;PF07141	DNA polymerase family A; Putative bacteriophage terminase small subunit
k127_83620_1	1	315	315	1	0.565	11	None	GENOMAD.068048.VV	2.509e-12	64	0	0	1	2561	Caudoviricetes	NA	NA	PF20307;TIGR03600;K02314;COG0305	phage replicative helicase, DnaB family, HK022 subfamily
k127_128964_1	2	304	303	1	0.683	11	None	GENOMAD.087771.VV	0.0004696	40	0	0	1	2561	Caudoviricetes	NA	NA	PF09293	T4 RNase H, C terminal
k127_217827_1	2	649	648	1	0.671	11	None	GENOMAD.012458.VV	0.0001171	45	0	0	1	2561	Caudoviricetes	NA	NA	PF13514;PF06841;TIGR03185;K19171;COG1195	DNA sulfur modification protein DndD
k127_355561_1	3	254	252	1	0.619	11	None	NA	NA	NA	0	0	0	1	NA	NA	NA	NA	NA
k127_355561_2	251	772	522	1	0.684	11	None	GENOMAD.195366.VP	0.0001311	44	0	0	1	1	NA	NA	NA	PF05766;COG3024	Endogenous inhibitor of DNA gyrase, YacG/DUF329 family
k127_129147_1	2	403	402	-1	0.716	11	None	GENOMAD.171882.VP	0.0001175	43	0	0	1	2561	Caudoviricetes	NA	NA	PF06892;K22302;TIGR00721;COG3311	Phage regulatory protein CII (CP76)
k127_38911_1	14	622	609	-1	0.621	11	None	GENOMAD.169508.VP	2.283e-13	71	0	0	1	2561	Caudoviricetes	NA	NA	PF04708;PF13262;COG1961;K14060	Site-specific DNA recombinase related to the DNA invertase Pin
k127_310622_1	3	377	375	1	0.664	11	None	GENOMAD.068048.VV	2.229e-13	68	0	0	1	2561	Caudoviricetes	NA	NA	PF20307;TIGR03600;K02314;COG0305	phage replicative helicase, DnaB family, HK022 subfamily
k127_39222_1	1	1320	1320	1	0.546	11	None	GENOMAD.158980.VP	3.818e-11	68	0	0	0	2561	Caudoviricetes	NA	NA	NA	NA
k127_39222_2	1409	1771	363	1	0.529	11	GGAG/GAGG	NA	NA	NA	0	0	0	1	NA	NA	NA	NA	NA
k127_39222_3	1719	1934	216	1	0.565	11	GGA/GAG/AGG	NA	NA	NA	0	0	0	1	NA	NA	NA	NA	NA
k127_39222_4	1936	2844	909	1	0.502	11	AGGAG	GENOMAD.035541.VV	3.318e-06	51	0	0	0	2561	Caudoviricetes	NA	NA	NA	NA
k127_39222_5	2844	3302	459	1	0.551	11	None	NA	NA	NA	0	0	0	1	NA	NA	NA	NA	NA
k127_39222_6	3392	3676	285	1	0.614	11	GGAG/GAGG	NA	NA	NA	0	0	0	1	NA	NA	NA	NA	NA
k127_218530_1	2	307	306	-1	0.716	11	None	GENOMAD.219105.VP	7.409e-08	51	0	0	1	2561	Caudoviricetes	NA	NA	PF20025;PF01068;K18951;TIGR04120;COG5226	DNA ligase, ATP-dependent, PP_1105 family
k127_401450_1	1	585	585	1	0.634	11	None	NA	NA	NA	0	0	0	1	NA	NA	NA	NA	NA
k127_401450_2	570	1250	681	-1	0.633	11	None	GENOMAD.013210.VV	3.293e-21	95	0	0	1	2561	Caudoviricetes	NA	NA	PF00211;PF08994;PF08993;COG2114	Adenylate and Guanylate cyclase catalytic domain; T4 gene Gp59 loader of gp41 DNA helicase C-term; T4 gene Gp59 loader of gp41 DNA helicase
k127_130025_1	3	551	549	1	0.636	11	None	GENOMAD.169508.VP	1.577e-05	47	0	0	1	2561	Caudoviricetes	NA	NA	PF04708;PF13262;COG1961;K14060	Site-specific DNA recombinase related to the DNA invertase Pin
k127_448187_1	2	514	513	-1	0.651	11	None	GENOMAD.013210.VV	5.142e-11	63	0	0	1	2561	Caudoviricetes	NA	NA	PF00211;PF08994;PF08993;COG2114	Adenylate and Guanylate cyclase catalytic domain; T4 gene Gp59 loader of gp41 DNA helicase C-term; T4 gene Gp59 loader of gp41 DNA helicase
k127_219114_1	1	372	372	1	0.621	11	None	GENOMAD.068048.VV	6.18e-10	58	0	0	1	2561	Caudoviricetes	NA	NA	PF20307;TIGR03600;K02314;COG0305	phage replicative helicase, DnaB family, HK022 subfamily
k127_311713_1	1	357	357	1	0.672	11	None	GENOMAD.154021.VP	2.224e-19	85	0	0	1	2561	Caudoviricetes	NA	NA	PF07141;TIGR03384	Putative bacteriophage terminase small subunit
k127_85713_1	3	353	351	-1	0.533	11	None	GENOMAD.221952.VV	1.119e-17	80	0	0	1	2561	Caudoviricetes	NA	NA	PF06890;COG4384;TIGR01644	Mu-like prophage protein gp45
k127_219570_1	3	260	258	-1	0.547	11	GGA/GAG/AGG	GENOMAD.009848.VV	5.026e-13	65	0	0	1	9913	Herelleviridae	NA	NA	COG5377;TIGR03033	Phage-related protein, predicted endonuclease
k127_219570_2	241	702	462	-1	0.565	11	None	GENOMAD.102926.VP	7.475e-09	56	0	0	0	2561	Caudoviricetes	NA	NA	PF04404	ERF superfamily
k127_357610_1	3	314	312	-1	0.721	11	None	GENOMAD.146253.VV	1.777e-07	50	0	0	1	8973	Herpesviridae	NA	NA	PF11668	HCMV glycoprotein pUL130
k127_449101_1	72	251	180	-1	0.539	11	GGAG/GAGG	NA	NA	NA	0	0	0	1	NA	NA	NA	NA	NA
k127_449101_2	261	425	165	-1	0.527	11	None	GENOMAD.067824.VV	5.849e-06	43	0	0	1	2561	Caudoviricetes	NA	NA	PF06141	Phage minor tail protein U
k127_312302_1	3	503	501	1	0.625	11	None	GENOMAD.068048.VV	2.043e-11	64	0	0	1	2561	Caudoviricetes	NA	NA	PF20307;TIGR03600;K02314;COG0305	phage replicative helicase, DnaB family, HK022 subfamily
k127_40854_1	3	419	417	-1	0.619	11	None	GENOMAD.116655.VV	4.931e-19	85	0	0	1	2561	Caudoviricetes	NA	NA	PF04860;TIGR01537;COG5005	phage portal protein, HK97 family
k127_403213_1	2	418	417	1	0.647	11	None	GENOMAD.125876.VV	1.018e-09	58	0	0	1	2561	Caudoviricetes	NA	NA	PF04586;COG3740;TIGR01543;K06904	Phage head maturation protease
k127_268338_1	1	795	795	1	0.657	11	None	GENOMAD.003486.VV	0.0001921	45	0	0	1	2561	Caudoviricetes	NA	NA	PF04233;TIGR01641	Phage Mu protein F like protein
k127_41709_1	2	223	222	-1	0.653	11	GGA/GAG/AGG	GENOMAD.071342.VV	2.068e-16	74	0	0	1	2561	Caudoviricetes	NA	NA	PF05894;TIGR01547;COG1783	Podovirus DNA encapsidation protein (Gp16)
k127_41709_2	186	317	132	-1	0.598	11	None	NA	NA	NA	0	0	0	1	NA	NA	NA	NA	NA
k127_313577_1	3	320	318	-1	0.616	11	None	GENOMAD.068048.VV	3.885e-16	75	0	0	1	2561	Caudoviricetes	NA	NA	PF20307;TIGR03600;K02314;COG0305	phage replicative helicase, DnaB family, HK022 subfamily
k127_359029_1	3	485	483	1	0.470	11	None	GENOMAD.078784.VV	4.372e-47	167	0	0	1	2561	Caudoviricetes	NA	NA	PF13479;TIGR01618;COG1618;K04484	phage nucleotide-binding protein
k127_359029_2	482	1630	1149	1	0.415	11	AACAA	GENOMAD.092230.VV	5.148e-16	83	0	0	0	2561	Caudoviricetes	NA	NA	PF05970;PF11750;K01144;COG1435;TIGR00678	PIF1-like helicase
k127_359029_3	1633	2010	378	1	0.481	11	None	NA	NA	NA	0	0	0	1	NA	NA	NA	NA	NA
k127_359029_4	2169	2663	495	1	0.499	11	AACAA	NA	NA	NA	0	0	0	1	NA	NA	NA	NA	NA
k127_359029_5	2840	2938	99	1	0.414	11	None	NA	NA	NA	0	0	0	1	NA	NA	NA	NA	NA
k127_359074_1	3	287	285	-1	0.544	11	None	GENOMAD.007164.VV	5.652e-08	51	0	0	1	2561	Caudoviricetes	NA	NA	PF18352;COG4540;TIGR01644	Phage protein Gp138 N-terminal domain
k127_313937_1	1	243	243	1	0.568	11	None	NA	NA	NA	0	0	0	1	NA	NA	NA	NA	NA
k127_313937_2	240	836	597	1	0.633	11	4Base/6BMM	GENOMAD.023316.VV	1.044e-09	60	0	0	1	2561	Caudoviricetes	NA	NA	PF03167;PF18906;TIGR00758;COG1573;K21929	uracil-DNA glycosylase, family 4
k127_87894_1	249	1109	861	1	0.446	11	GGA/GAG/AGG	GENOMAD.027349.VV	2.716e-56	200	0	0	1	2561	Caudoviricetes	NA	NA	PF11134	Phage stabilisation protein
k127_87894_2	1106	1468	363	1	0.457	11	GGA/GAG/AGG	NA	NA	NA	0	0	0	1	NA	NA	NA	NA	NA
k127_87894_3	1470	2093	624	1	0.481	11	GGA/GAG/AGG	GENOMAD.054476.VV	1.975e-20	92	0	0	0	2561	Caudoviricetes	NA	NA	NA	NA
k127_87894_4	2098	2733	636	1	0.486	11	None	NA	NA	NA	0	0	0	1	NA	NA	NA	NA	NA
k127_87894_5	2733	3521	789	1	0.468	11	GGAGG	NA	NA	NA	0	0	0	1	NA	NA	NA	NA	NA
k127_87894_6	3525	4304	780	1	0.514	11	None	NA	NA	NA	0	0	0	1	NA	NA	NA	NA	NA
k127_450827_1	3	311	309	1	0.667	11	None	GENOMAD.032636.VV	7.693e-08	51	0	0	1	2561	Caudoviricetes	NA	NA	PF20307;PF07486;TIGR02239;COG0468;K18947	Divergent DnaB-like ATPase; Cell Wall Hydrolase
k127_42342_1	1	216	216	-1	0.560	11	AGGAG/GGAGG	GENOMAD.206545.VV	0.0003464	39	0	0	1	1	NA	NA	NA	PF11242;COG5352;TIGR00721;K13583	DNA-binding transcriptional regulator, XRE family
k127_88584_1	3	479	477	-1	0.608	11	None	GENOMAD.013210.VV	3.243e-13	69	0	0	1	2561	Caudoviricetes	NA	NA	PF00211;PF08994;PF08993;COG2114	Adenylate and Guanylate cyclase catalytic domain; T4 gene Gp59 loader of gp41 DNA helicase C-term; T4 gene Gp59 loader of gp41 DNA helicase
k127_222162_1	2	151	150	-1	0.707	11	GGAG/GAGG	NA	NA	NA	0	0	0	1	NA	NA	NA	NA	NA
k127_222162_2	148	366	219	-1	0.644	11	None	GENOMAD.059582.VV	1.734e-24	97	0	0	1	2561	Caudoviricetes	NA	NA	TIGR01725	phage protein, HK97 gp10 family
k127_269938_1	3	218	216	1	0.380	11	None	GENOMAD.191065.VV	3.582e-10	56	0	0	1	9067	Straboviridae	NA	NA	PF00959;COG3772	Phage-related lysozyme (muramidase), GH24 family
k127_222247_1	1	285	285	1	0.646	11	None	GENOMAD.080662.VV	0.0001652	41	0	0	1	2561	Caudoviricetes	NA	NA	PF04965;COG3628;TIGR03357;K11905	Baseplate wedge protein gp25
k127_43090_1	2	331	330	1	0.642	11	None	GENOMAD.161999.VV	2.027e-32	122	0	0	1	2561	Caudoviricetes	NA	NA	PF05894;K06909;TIGR01547;COG1783	Podovirus DNA encapsidation protein (Gp16)
k127_451801_1	142	591	450	-1	0.669	11	None	GENOMAD.121791.VV	1.758e-26	107	0	0	1	2561	Caudoviricetes	NA	NA	PF09681	N-terminal phage replisome organiser (Phage_rep_org_N)
k127_405604_1	2	439	438	-1	0.639	11	None	GENOMAD.169508.VP	6.452e-08	53	0	0	1	2561	Caudoviricetes	NA	NA	PF04708;PF13262;COG1961;K14060	Site-specific DNA recombinase related to the DNA invertase Pin
k127_360530_1	1	594	594	-1	0.685	11	None	GENOMAD.118632.VP	2.194e-08	56	0	0	1	2561	Caudoviricetes	NA	NA	PF00476;PF07141	DNA polymerase family A; Putative bacteriophage terminase small subunit
k127_134121_1	3	128	126	-1	0.635	11	GGA/GAG/AGG	GENOMAD.094455.VP	5.424e-08	48	0	0	1	2561	Caudoviricetes	NA	NA	PF09588;COG5377;TIGR03033;K01143	Phage-related protein, predicted endonuclease
k127_134121_2	125	346	222	-1	0.595	11	None	NA	NA	NA	0	0	0	1	NA	NA	NA	NA	NA
k127_360640_1	2	157	156	1	0.596	11	None	NA	NA	NA	0	0	0	1	NA	NA	NA	NA	NA
k127_360640_2	661	1914	1254	1	0.595	11	None	GENOMAD.000175.VV	1.251e-05	50	0	0	1	8305	Partitiviridae	NA	NA	PF00680;COG3344	Viral RNA-dependent RNA polymerase
k127_222721_1	2	364	363	-1	0.579	11	None	GENOMAD.068048.VV	1.448e-16	77	0	0	1	2561	Caudoviricetes	NA	NA	PF20307;TIGR03600;K02314;COG0305	phage replicative helicase, DnaB family, HK022 subfamily
k127_452161_1	1	840	840	1	0.446	11	None	GENOMAD.033662.VV	3.47e-176	546	0	0	1	2790	Microviridae	NA	NA	PF02305	Capsid protein (F protein)
k127_452161_2	951	1478	528	1	0.420	11	AGGAG	GENOMAD.145242.VV	5.002e-78	257	0	0	1	2790	Microviridae	NA	NA	PF02306	Major spike protein (G protein)
k127_452161_3	1487	2473	987	1	0.452	11	GGAG/GAGG	GENOMAD.109387.VV	1.29e-168	527	0	0	0	2790	Microviridae	NA	NA	PF04687	Microvirus H protein (pilot protein)
k127_452161_4	2537	4078	1542	1	0.448	11	GGAGG	GENOMAD.065430.VV	0.0	1082	0	0	0	2790	Microviridae	NA	NA	NA	NA
k127_452161_5	4075	4335	261	1	0.418	11	3Base/5BMM	GENOMAD.169375.VV	6.142e-26	102	0	0	0	2790	Microviridae	NA	NA	PF12025	Phage protein C
k127_452161_6	4332	4790	459	1	0.464	11	GGA/GAG/AGG	GENOMAD.067220.VV	4.753e-84	273	0	0	0	2790	Microviridae	NA	NA	PF02925	Bacteriophage scaffolding protein D
k127_452161_7	4790	4906	117	1	0.496	11	AGGAG	NA	NA	NA	0	0	0	1	NA	NA	NA	NA	NA
k127_452161_8	4943	5512	570	1	0.456	11	GGAG/GAGG	GENOMAD.033662.VV	7.31e-115	364	0	0	1	2790	Microviridae	NA	NA	PF02305	Capsid protein (F protein)
k127_222979_1	2	898	897	1	0.623	11	None	GENOMAD.012044.VV	2.243e-94	311	0	0	1	2561	Caudoviricetes	NA	NA	COG4653	Predicted phage phi-C31 gp36 major capsid-like protein
k127_89544_1	1	306	306	1	0.650	11	None	GENOMAD.085119.VV	1.997e-05	44	0	0	1	1	NA	NA	NA	PF16461;COG5437	Lambda phage tail tube protein, TTP
k127_44133_1	2	400	399	1	0.539	11	None	GENOMAD.123534.VP	4.034e-60	203	0	0	1	2561	Caudoviricetes	NA	NA	PF05133;TIGR01538	Phage portal protein, SPP1 Gp6-like
k127_315943_1	3	329	327	-1	0.676	11	None	GENOMAD.218988.VP	0.0001245	42	0	0	1	1	NA	NA	NA	PF09293	T4 RNase H, C terminal
k127_315978_1	1	570	570	-1	0.570	11	GGAG/GAGG	GENOMAD.028596.VV	3.867e-11	64	0	0	1	2561	Caudoviricetes	NA	NA	PF20387	NA
k127_315978_2	596	901	306	-1	0.562	11	GGAG/GAGG	GENOMAD.059448.VV	8.621e-14	68	0	0	0	2561	Caudoviricetes	NA	NA	NA	NA
k127_315978_3	922	1740	819	-1	0.606	11	GGAG/GAGG	NA	NA	NA	0	0	0	1	NA	NA	NA	NA	NA
k127_315978_4	1753	2769	1017	-1	0.559	11	GGA/GAG/AGG	GENOMAD.033520.VV	2.248e-74	255	0	0	0	2561	Caudoviricetes	NA	NA	PF17236	NA
k127_315978_5	2802	3329	528	-1	0.549	11	AGGAG	NA	NA	NA	0	0	0	1	NA	NA	NA	NA	NA
k127_315978_6	3356	3511	156	-1	0.571	11	AGGAG	NA	NA	NA	0	0	0	1	NA	NA	NA	NA	NA
k127_315978_7	3524	3766	243	-1	0.547	11	AGGAGG	NA	NA	NA	0	0	0	1	NA	NA	NA	NA	NA
k127_315978_8	3763	3939	177	-1	0.554	11	None	NA	NA	NA	0	0	0	1	NA	NA	NA	NA	NA
k127_44222_1	51	503	453	-1	0.629	11	None	GENOMAD.068048.VV	1.021e-14	73	0	0	1	2561	Caudoviricetes	NA	NA	PF20307;TIGR03600;K02314;COG0305	phage replicative helicase, DnaB family, HK022 subfamily
k127_134884_1	1	450	450	-1	0.593	11	None	GENOMAD.068048.VV	1.789e-17	81	0	0	1	2561	Caudoviricetes	NA	NA	PF20307;TIGR03600;K02314;COG0305	phage replicative helicase, DnaB family, HK022 subfamily
k127_44283_1	1	498	498	-1	0.590	11	GGxGG	GENOMAD.215225.VP	5.142e-07	51	0	0	1	2561	Caudoviricetes	NA	NA	PF07120;COG3756;TIGR01714	Uncharacterized conserved protein YdaU, DUF1376 family
k127_223547_1	916	1140	225	1	0.418	11	AGGAG/GGAGG	NA	NA	NA	0	0	0	1	NA	NA	NA	NA	NA
k127_223547_2	1140	1622	483	1	0.493	11	None	NA	NA	NA	0	0	0	1	NA	NA	NA	NA	NA
k127_223547_3	1626	3035	1410	1	0.494	11	4Base/6BMM	GENOMAD.023991.VV	2.749e-66	237	0	0	1	2561	Caudoviricetes	NA	NA	COG5410	Mu-like prophage FluMu protein gp28
k127_90115_1	2	265	264	1	0.602	11	None	GENOMAD.045267.VV	1.363e-18	81	0	0	1	2561	Caudoviricetes	NA	NA	PF20387;COG3864	Predicted metal-dependent peptidase
k127_90115_2	378	512	135	1	0.496	11	AGGAGG	NA	NA	NA	0	0	0	1	NA	NA	NA	NA	NA
k127_135411_1	217	687	471	1	0.607	11	GGAGG	GENOMAD.063098.VV	8.777e-07	50	0	0	1	2561	Caudoviricetes	NA	NA	PF11126	Transcriptional regulator DsbA
k127_135556_1	1	513	513	1	0.669	11	None	GENOMAD.000175.VV	5.806e-06	48	0	0	1	8305	Partitiviridae	NA	NA	PF00680;COG3344	Viral RNA-dependent RNA polymerase
k127_135641_1	3	620	618	-1	0.657	11	None	GENOMAD.052171.VV	1.013e-40	151	0	0	1	2561	Caudoviricetes	NA	NA	PF16510	Phage P22-like portal protein
k127_224730_1	3	302	300	1	0.583	11	None	GENOMAD.017564.VV	2.711e-17	78	0	0	1	2561	Caudoviricetes	NA	NA	PF11651	P22 coat protein - gene protein 5
k127_180882_1	2	316	315	1	0.641	11	None	GENOMAD.053137.VV	4.049e-23	95	0	0	1	2561	Caudoviricetes	NA	NA	PF17482	Phage tail sheath C-terminal domain
k127_226070_1	2	583	582	1	0.558	11	None	GENOMAD.053137.VV	5.995e-21	93	0	0	1	2561	Caudoviricetes	NA	NA	PF17482	Phage tail sheath C-terminal domain
