gene	start	end	length	strand	gc_content	genetic_code	rbs_motif	marker	evalue	bitscore	uscg	plasmid_hallmark	virus_hallmark	taxid	taxname	annotation_conjscan	annotation_amr	annotation_accessions	annotation_description
k127_306228_1	2	340	339	1	0.448	11	None	GENOMAD.145242.VV	1.478e-52	180	0	0	1	2790	Microviridae	NA	NA	PF02306	Major spike protein (G protein)
k127_306228_2	349	552	204	1	0.520	11	GGAG/GAGG	GENOMAD.109387.VV	1.735e-15	71	0	0	0	2790	Microviridae	NA	NA	PF04687	Microvirus H protein (pilot protein)
k127_706_1	3	629	627	-1	0.443	11	GGA/GAG/AGG	GENOMAD.010733.VV	1.567e-36	139	0	0	1	10823	Zobellviridae	NA	NA	PF05367;COG5410;K21525	Phage endonuclease I
k127_706_2	601	696	96	-1	0.396	11	None	NA	NA	NA	0	0	0	1	NA	NA	NA	NA	NA
k127_136764_1	1	111	111	-1	0.595	11	AGGAG	NA	NA	NA	0	0	0	1	NA	NA	NA	NA	NA
k127_136764_2	112	441	330	-1	0.585	11	None	GENOMAD.071130.VV	7.953e-10	57	0	0	1	1	NA	NA	NA	PF06892;COG3655;TIGR02684	DNA-binding transcriptional regulator, XRE family
k127_273136_1	2	136	135	-1	0.600	11	AGGAG	GENOMAD.036138.VV	2.202e-10	55	0	0	1	2561	Caudoviricetes	NA	NA	PF16463;COG5437;TIGR02126	Phage tail tube protein family
k127_273136_2	193	588	396	-1	0.556	11	None	GENOMAD.157932.VP	3.28e-11	62	0	0	1	2561	Caudoviricetes	NA	NA	PF11367	NA
k127_171208_1	63	806	744	-1	0.680	11	None	GENOMAD.013210.VV	5.842e-21	95	0	0	1	2561	Caudoviricetes	NA	NA	PF00211;PF08994;PF08993;COG2114	Adenylate and Guanylate cyclase catalytic domain; T4 gene Gp59 loader of gp41 DNA helicase C-term; T4 gene Gp59 loader of gp41 DNA helicase
k127_1361_1	1	108	108	1	0.426	11	None	NA	NA	NA	0	0	0	1	NA	NA	NA	NA	NA
k127_1361_2	105	323	219	1	0.502	11	GGA/GAG/AGG	GENOMAD.111204.VC	5.534e-14	67	0	0	1	2561	Caudoviricetes	NA	NA	PF20025;K18951	NA
k127_2003_1	206	1366	1161	1	0.438	11	GGA/GAG/AGG	GENOMAD.004998.VV	1.332e-84	287	0	0	0	10823	Zobellviridae	NA	NA	K21502	NA
k127_2003_2	1332	1640	309	1	0.382	11	AGGA	GENOMAD.090763.VV	2.343e-27	107	0	0	0	1	NA	NA	NA	NA	NA
k127_2003_3	1640	2572	933	1	0.441	11	AGxAG	GENOMAD.028236.VV	4.909e-100	328	0	0	0	10823	Zobellviridae	NA	NA	NA	NA
k127_273931_1	3	320	318	-1	0.698	11	None	GENOMAD.054986.VV	5.09e-05	43	0	0	1	2561	Caudoviricetes	NA	NA	PF09293	T4 RNase H, C terminal
k127_69995_1	2	628	627	-1	0.619	11	None	GENOMAD.169508.VP	1.146e-16	81	0	0	1	2561	Caudoviricetes	NA	NA	PF04708;PF13262;COG1961;K14060	Site-specific DNA recombinase related to the DNA invertase Pin
k127_206228_1	3	323	321	1	0.611	11	None	GENOMAD.191988.VV	0.0002583	41	0	0	1	2561	Caudoviricetes	NA	NA	PF03592;K07474;COG3728	Phage terminase, small subunit
k127_104758_1	3	386	384	1	0.682	11	None	GENOMAD.008878.VV	9.99e-05	43	0	0	1	6064	Autographiviridae	NA	NA	PF09293	T4 RNase H, C terminal
k127_308879_1	1	273	273	-1	0.685	11	GGA/GAG/AGG	GENOMAD.072479.VV	5.966e-06	45	0	0	1	1	NA	NA	NA	PF20198	Sm_like domain
k127_308879_2	266	508	243	-1	0.691	11	None	NA	NA	NA	0	0	0	1	NA	NA	NA	NA	NA
k127_206818_1	3	302	300	1	0.660	11	None	GENOMAD.148237.VV	2.917e-24	98	0	0	1	2561	Caudoviricetes	NA	NA	PF17288	Terminase RNAseH like domain
k127_207184_1	3	353	351	1	0.624	11	None	GENOMAD.208744.VP	5.261e-09	55	0	0	1	2561	Caudoviricetes	NA	NA	PF07141	Putative bacteriophage terminase small subunit
k127_71859_1	3	704	702	1	0.688	11	None	GENOMAD.042265.VV	9.509e-10	61	0	0	1	2561	Caudoviricetes	NA	NA	PF20307;TIGR02237;COG0468;K04485	Divergent DnaB-like ATPase
k127_38238_1	2	331	330	1	0.667	11	None	GENOMAD.032636.VV	1.146e-05	45	0	0	1	2561	Caudoviricetes	NA	NA	PF20307;PF07486;TIGR02239;COG0468;K18947	Divergent DnaB-like ATPase; Cell Wall Hydrolase
k127_4428_1	3	482	480	1	0.625	11	None	GENOMAD.068048.VV	1.473e-13	70	0	0	1	2561	Caudoviricetes	NA	NA	PF20307;TIGR03600;K02314;COG0305	phage replicative helicase, DnaB family, HK022 subfamily
k127_4428_2	589	651	63	1	0.746	11	None	NA	NA	NA	0	0	0	1	NA	NA	NA	NA	NA
k127_72494_1	2	301	300	1	0.600	11	None	GENOMAD.129999.VP	6.207e-09	54	0	0	1	2561	Caudoviricetes	NA	NA	PF04708;COG1961;K21528	Site-specific DNA recombinase related to the DNA invertase Pin
k127_106537_1	1	333	333	1	0.700	11	None	GENOMAD.168708.VP	1.125e-06	48	0	0	1	2561	Caudoviricetes	NA	NA	PF14464;PF06805;COG4723;K21140;TIGR02256	Phage-related protein, tail component
k127_310724_1	3	320	318	-1	0.572	11	None	GENOMAD.123534.VP	1.113e-44	157	0	0	1	2561	Caudoviricetes	NA	NA	PF05133;TIGR01538	Phage portal protein, SPP1 Gp6-like
k127_242663_1	97	429	333	1	0.709	11	GGGGG	GENOMAD.124507.VV	2.874e-29	113	0	0	1	2561	Caudoviricetes	NA	NA	PF11242;K22300;COG3655;TIGR00673	DNA-binding transcriptional regulator, XRE family
k127_4925_1	7	414	408	-1	0.554	11	None	GENOMAD.044278.VV	5.252e-06	47	0	0	1	2561	Caudoviricetes	NA	NA	PF04965;COG3628;TIGR03357;K06903	Phage baseplate assembly protein W
k127_4925_2	423	590	168	-1	0.530	11	None	NA	NA	NA	0	0	0	1	NA	NA	NA	NA	NA
k127_242718_1	1	108	108	1	0.630	11	None	NA	NA	NA	0	0	0	1	NA	NA	NA	NA	NA
k127_242718_2	113	307	195	1	0.626	11	GGAG/GAGG	GENOMAD.119391.VP	8.033e-14	66	0	0	1	2561	Caudoviricetes	NA	NA	PF11753	Protein of unknwon function (DUF3310)
k127_39474_1	1	327	327	-1	0.480	11	None	GENOMAD.097639.VV	3.575e-10	58	0	0	1	2561	Caudoviricetes	NA	NA	PF17289;TIGR01630;COG5362	phage uncharacterized protein (putative large terminase), C-terminal domain
k127_5670_1	3	512	510	1	0.633	11	None	GENOMAD.068048.VV	3.919e-15	75	0	0	1	2561	Caudoviricetes	NA	NA	PF20307;TIGR03600;K02314;COG0305	phage replicative helicase, DnaB family, HK022 subfamily
k127_277855_1	2	73	72	-1	0.625	11	None	NA	NA	NA	0	0	0	1	NA	NA	NA	NA	NA
k127_277855_2	100	417	318	-1	0.673	11	None	GENOMAD.068048.VV	2.509e-12	64	0	0	1	2561	Caudoviricetes	NA	NA	PF20307;TIGR03600;K02314;COG0305	phage replicative helicase, DnaB family, HK022 subfamily
k127_312050_1	3	464	462	1	0.671	11	None	GENOMAD.053137.VV	1.313e-31	122	0	0	1	2561	Caudoviricetes	NA	NA	PF17482	Phage tail sheath C-terminal domain
k127_312050_2	500	559	60	1	0.617	11	AGGAG	NA	NA	NA	0	0	0	1	NA	NA	NA	NA	NA
k127_210000_1	1	384	384	-1	0.612	11	None	GENOMAD.018420.VV	1.821e-07	51	0	0	1	2561	Caudoviricetes	NA	NA	PF04466;PF17288;TIGR01547;COG1783;K06909	phage terminase, large subunit, PBSX family
k127_244303_1	110	397	288	-1	0.569	11	None	GENOMAD.063098.VV	5.652e-08	51	0	0	1	2561	Caudoviricetes	NA	NA	PF11126	Transcriptional regulator DsbA
k127_74450_1	3	323	321	1	0.654	11	None	GENOMAD.158976.VV	7.925e-33	123	0	0	1	2561	Caudoviricetes	NA	NA	PF17288	Terminase RNAseH like domain
k127_278482_1	1	681	681	1	0.675	11	None	GENOMAD.064539.VV	1.45e-05	48	0	0	1	8973	Herpesviridae	NA	NA	PF14531;K19455;COG2112;TIGR03724	Kinase-like
k127_278577_1	31	474	444	-1	0.642	11	None	GENOMAD.154021.VP	3.553e-17	80	0	0	1	2561	Caudoviricetes	NA	NA	PF07141;TIGR03384	Putative bacteriophage terminase small subunit
k127_7078_1	2	382	381	1	0.606	11	None	GENOMAD.116655.VV	2.721e-53	183	0	0	1	2561	Caudoviricetes	NA	NA	PF04860;TIGR01537;COG5005	phage portal protein, HK97 family
k127_75341_1	3	326	324	1	0.738	11	None	GENOMAD.013675.VV	2.46e-13	67	0	0	1	2561	Caudoviricetes	NA	NA	PF17212	Tail tubular protein
k127_41748_1	3	455	453	1	0.442	11	None	GENOMAD.013184.VV	1.583e-53	185	0	0	1	10823	Zobellviridae	NA	NA	PF17289;COG5362;TIGR01630	Phage terminase large subunit
k127_41748_2	452	1132	681	1	0.457	11	GGxGG	GENOMAD.019310.VV	1.016e-40	152	0	0	0	10823	Zobellviridae	NA	NA	NA	NA
k127_110150_1	1	663	663	-1	0.709	11	None	GENOMAD.140544.VP	2.149e-66	226	0	0	1	2561	Caudoviricetes	NA	NA	PF20454;K21512;COG5525;TIGR01539	Phage terminase, large subunit GpA
k127_110150_2	663	899	237	-1	0.705	11	None	GENOMAD.094896.VV	2.794e-15	71	0	0	1	2561	Caudoviricetes	NA	NA	PF02831	gpW
k127_8294_1	3	368	366	-1	0.178	4	None	GENOMAD.154384.VP	8.419e-05	43	0	0	1	2561	Caudoviricetes	NA	NA	PF19835;TIGR01453;COG3680	group I intron endonuclease
k127_8337_1	3	308	306	-1	0.676	11	None	GENOMAD.041658.VV	1.47e-16	76	0	0	1	2561	Caudoviricetes	NA	NA	PF05065;COG1659;TIGR01554	Phage capsid family
k127_8623_1	1	345	345	-1	0.583	11	None	GENOMAD.219701.VP	1.703e-36	134	0	0	1	2561	Caudoviricetes	NA	NA	PF06381;TIGR01555;K09961;COG3567	phage-related protein, HI1409 family
k127_8745_1	2	400	399	-1	0.667	11	AGGAG	GENOMAD.062035.VV	2.387e-05	45	0	0	1	2561	Caudoviricetes	NA	NA	PF17482	NA
k127_8745_2	525	821	297	-1	0.710	11	None	NA	NA	NA	0	0	0	1	NA	NA	NA	NA	NA
k127_280590_1	3	299	297	1	0.556	11	None	GENOMAD.123534.VP	9.753e-43	151	0	0	1	2561	Caudoviricetes	NA	NA	PF05133;TIGR01538	Phage portal protein, SPP1 Gp6-like
k127_280592_1	3	299	297	1	0.559	11	None	GENOMAD.123534.VP	9.753e-43	151	0	0	1	2561	Caudoviricetes	NA	NA	PF05133;TIGR01538	Phage portal protein, SPP1 Gp6-like
k127_280677_1	3	353	351	1	0.641	11	None	GENOMAD.053137.VV	2.409e-25	102	0	0	1	2561	Caudoviricetes	NA	NA	PF17482	Phage tail sheath C-terminal domain
k127_280677_2	389	490	102	1	0.588	11	GGA/GAG/AGG	NA	NA	NA	0	0	0	1	NA	NA	NA	NA	NA
k127_246614_1	1	498	498	-1	0.604	11	None	GENOMAD.009149.VV	5.852e-38	141	0	0	1	2561	Caudoviricetes	NA	NA	PF17288;TIGR01630	Terminase RNAseH like domain
k127_246625_1	1	354	354	-1	0.585	11	None	GENOMAD.053137.VV	1.764e-29	114	0	0	1	2561	Caudoviricetes	NA	NA	PF17482	Phage tail sheath C-terminal domain
k127_76946_1	75	557	483	-1	0.640	11	None	GENOMAD.068048.VV	3.138e-14	72	0	0	1	2561	Caudoviricetes	NA	NA	PF20307;TIGR03600;K02314;COG0305	phage replicative helicase, DnaB family, HK022 subfamily
k127_247386_1	2	160	159	1	0.642	11	None	NA	NA	NA	0	0	0	1	NA	NA	NA	NA	NA
k127_247386_2	162	356	195	1	0.626	11	AGGA	GENOMAD.009149.VV	1.357e-09	54	0	0	1	2561	Caudoviricetes	NA	NA	PF17288;TIGR01630	Terminase RNAseH like domain
k127_111675_1	2	454	453	1	0.673	11	None	GENOMAD.053137.VV	5.047e-24	100	0	0	1	2561	Caudoviricetes	NA	NA	PF17482	Phage tail sheath C-terminal domain
k127_44071_1	1	489	489	1	0.624	11	None	GENOMAD.068048.VV	7.827e-13	68	0	0	1	2561	Caudoviricetes	NA	NA	PF20307;TIGR03600;K02314;COG0305	phage replicative helicase, DnaB family, HK022 subfamily
k127_111984_1	1	519	519	-1	0.455	11	None	GENOMAD.033662.VV	5.075e-102	326	0	0	1	2790	Microviridae	NA	NA	PF02305	Capsid protein (F protein)
k127_248473_1	3	335	333	-1	0.691	11	None	GENOMAD.104632.VP	3.894e-26	104	0	0	1	2561	Caudoviricetes	NA	NA	PF06378;PF04466;TIGR01547;COG5323	Phage terminase large subunit
k127_44851_1	2	331	330	1	0.676	11	None	GENOMAD.013675.VV	4.59e-16	75	0	0	1	2561	Caudoviricetes	NA	NA	PF17212	Tail tubular protein
k127_248708_1	1	270	270	-1	0.670	11	None	GENOMAD.004584.VV	3.49e-18	80	0	0	1	2561	Caudoviricetes	NA	NA	PF20387	NA
k127_146949_1	1	408	408	1	0.686	11	None	GENOMAD.013210.VV	9.751e-19	84	0	0	1	2561	Caudoviricetes	NA	NA	PF00211;PF08994;PF08993;COG2114	Adenylate and Guanylate cyclase catalytic domain; T4 gene Gp59 loader of gp41 DNA helicase C-term; T4 gene Gp59 loader of gp41 DNA helicase
k127_214464_1	66	320	255	1	0.631	11	AGGA	GENOMAD.005163.VV	3.096e-17	77	0	0	1	2561	Caudoviricetes	NA	NA	PF11651;TIGR04387	P22 coat protein - gene protein 5
k127_181125_1	2	538	537	1	0.486	11	None	GENOMAD.029770.VV	6.668e-08	54	0	0	0	2561	Caudoviricetes	NA	NA	NA	NA
k127_181125_2	522	767	246	1	0.451	11	GGAG/GAGG	NA	NA	NA	0	0	0	1	NA	NA	NA	NA	NA
k127_181125_3	767	2722	1956	1	0.473	11	None	GENOMAD.108370.VC	2.466e-180	578	0	0	0	2561	Caudoviricetes	NA	NA	PF00476;PF13482;K21238;COG0749	DNA polymerase I - 3'-5' exonuclease and polymerase domains
k127_181125_4	2670	2804	135	1	0.400	11	GGAG/GAGG	NA	NA	NA	0	0	0	1	NA	NA	NA	NA	NA
k127_181438_1	2	319	318	1	0.626	11	None	GENOMAD.053100.VV	2.86e-19	84	0	0	1	1	NA	NA	NA	PF16510	Phage P22-like portal protein
k127_283339_1	1	303	303	-1	0.624	11	None	GENOMAD.017133.VV	3.866e-14	69	0	0	1	2561	Caudoviricetes	NA	NA	PF05894;TIGR01547;COG4373	Podovirus DNA encapsidation protein (Gp16)
k127_249619_1	2	445	444	1	0.453	11	None	GENOMAD.013184.VV	3.983e-34	129	0	0	1	10823	Zobellviridae	NA	NA	PF17289;COG5362;TIGR01630	Phage terminase large subunit
k127_283926_1	2	565	564	-1	0.683	11	None	GENOMAD.068048.VV	7.242e-14	72	0	0	1	2561	Caudoviricetes	NA	NA	PF20307;TIGR03600;K02314;COG0305	phage replicative helicase, DnaB family, HK022 subfamily
k127_284287_1	3	350	348	-1	0.661	11	None	GENOMAD.023991.VV	1.195e-24	100	0	0	1	2561	Caudoviricetes	NA	NA	COG5410	Mu-like prophage FluMu protein gp28
k127_182567_1	3	539	537	-1	0.663	11	None	GENOMAD.053137.VV	5.346e-36	136	0	0	1	2561	Caudoviricetes	NA	NA	PF17482	Phage tail sheath C-terminal domain
k127_46777_1	3	335	333	-1	0.628	11	None	GENOMAD.005158.VV	8.575e-10	57	0	0	1	2561	Caudoviricetes	NA	NA	PF04586;PF13395;TIGR02646;K06904	TIGR02646 family protein
k127_216387_1	3	326	324	1	0.642	11	None	GENOMAD.068048.VV	4.051e-16	75	0	0	1	2561	Caudoviricetes	NA	NA	PF20307;TIGR03600;K02314;COG0305	phage replicative helicase, DnaB family, HK022 subfamily
k127_216387_2	323	571	249	1	0.707	11	GGA/GAG/AGG	NA	NA	NA	0	0	0	1	NA	NA	NA	NA	NA
k127_81186_1	3	473	471	-1	0.679	11	None	GENOMAD.005158.VV	1.826e-08	55	0	0	1	2561	Caudoviricetes	NA	NA	PF04586;PF13395;TIGR02646;K06904	TIGR02646 family protein
k127_285240_1	1	375	375	1	0.723	11	None	GENOMAD.068590.VV	5.223e-21	90	0	0	1	2561	Caudoviricetes	NA	NA	PF13871;PF11242;K11654;TIGR00721	C-terminal domain on Strawberry notch homologue
k127_81229_1	2	367	366	1	0.683	11	None	GENOMAD.060259.VV	5.285e-11	61	0	0	1	2561	Caudoviricetes	NA	NA	PF20307;TIGR02236;COG0468;K04484	Divergent DnaB-like ATPase
k127_81616_1	144	389	246	1	0.691	11	None	GENOMAD.195366.VP	0.0002337	40	0	0	1	1	NA	NA	NA	PF05766;COG3024	Endogenous inhibitor of DNA gyrase, YacG/DUF329 family
k127_149839_1	2	343	342	1	0.617	11	None	GENOMAD.065960.VV	2.429e-16	76	0	0	1	1	NA	NA	NA	PF11134	Phage stabilisation protein
k127_48617_1	1	147	147	1	0.714	11	None	NA	NA	NA	0	0	0	1	NA	NA	NA	NA	NA
k127_48617_2	227	652	426	-1	0.622	11	None	GENOMAD.063098.VV	2.83e-06	48	0	0	1	2561	Caudoviricetes	NA	NA	PF11126	Transcriptional regulator DsbA
k127_286397_1	1	213	213	1	0.662	11	None	NA	NA	NA	0	0	0	1	NA	NA	NA	NA	NA
k127_286397_2	164	334	171	1	0.673	11	GGAG/GAGG	GENOMAD.009413.VV	3.015e-06	44	0	0	1	2561	Caudoviricetes	NA	NA	TIGR01547	phage terminase, large subunit, PBSX family
k127_150567_1	2	337	336	1	0.661	11	None	GENOMAD.068048.VV	2.026e-17	79	0	0	1	2561	Caudoviricetes	NA	NA	PF20307;TIGR03600;K02314;COG0305	phage replicative helicase, DnaB family, HK022 subfamily
k127_150735_1	2	664	663	-1	0.683	11	None	GENOMAD.013210.VV	1.93e-28	116	0	0	1	2561	Caudoviricetes	NA	NA	PF00211;PF08994;PF08993;COG2114	Adenylate and Guanylate cyclase catalytic domain; T4 gene Gp59 loader of gp41 DNA helicase C-term; T4 gene Gp59 loader of gp41 DNA helicase
k127_252685_1	1	351	351	1	0.644	11	None	GENOMAD.068048.VV	6.459e-15	72	0	0	1	2561	Caudoviricetes	NA	NA	PF20307;TIGR03600;K02314;COG0305	phage replicative helicase, DnaB family, HK022 subfamily
k127_252685_2	314	517	204	-1	0.686	11	None	NA	NA	NA	0	0	0	1	NA	NA	NA	NA	NA
k127_321048_1	43	330	288	1	0.667	11	GGAG/GAGG	GENOMAD.143515.VV	1.182e-08	53	0	0	1	1	NA	NA	NA	PF07750;PF11242;K13583;COG5352;TIGR00721	GcrA cell cycle regulator
k127_321713_1	2	301	300	1	0.557	11	None	GENOMAD.023991.VV	6.712e-16	74	0	0	1	2561	Caudoviricetes	NA	NA	COG5410	Mu-like prophage FluMu protein gp28
k127_185939_1	1	99	99	-1	0.384	11	GGAG/GAGG	NA	NA	NA	0	0	0	1	NA	NA	NA	NA	NA
k127_185939_2	210	479	270	-1	0.437	11	None	GENOMAD.033662.VV	7.254e-49	168	0	0	1	2790	Microviridae	NA	NA	PF02305	Capsid protein (F protein)
k127_83944_1	3	365	363	-1	0.642	11	4Base/6BMM	GENOMAD.161999.VV	8.192e-31	118	0	0	1	2561	Caudoviricetes	NA	NA	PF05894;K06909;TIGR01547;COG1783	Podovirus DNA encapsidation protein (Gp16)
k127_83944_2	346	648	303	-1	0.620	11	GGAG/GAGG	GENOMAD.142538.VP	3.009e-16	75	0	0	0	2561	Caudoviricetes	NA	NA	PF18932	NA
k127_254000_1	1	492	492	-1	0.689	11	None	GENOMAD.013210.VV	9.243e-32	123	0	0	1	2561	Caudoviricetes	NA	NA	PF00211;PF08994;PF08993;COG2114	Adenylate and Guanylate cyclase catalytic domain; T4 gene Gp59 loader of gp41 DNA helicase C-term; T4 gene Gp59 loader of gp41 DNA helicase
k127_118475_1	3	461	459	1	0.237	4	None	GENOMAD.119468.VP	2.242e-15	75	0	0	1	1	NA	NA	NA	PF19835;PF07460;PF07453;TIGR01453;COG2827	group I intron endonuclease
k127_118475_2	520	627	108	1	0.278	4	TAA	NA	NA	NA	0	0	0	1	NA	NA	NA	NA	NA
k127_50648_1	1	318	318	1	0.667	11	None	GENOMAD.154173.VV	3.113e-26	104	0	0	1	2561	Caudoviricetes	NA	NA	PF17288;TIGR01547	phage terminase, large subunit, PBSX family
k127_118530_1	3	359	357	1	0.667	11	None	GENOMAD.053137.VV	1.232e-25	103	0	0	1	2561	Caudoviricetes	NA	NA	PF17482	Phage tail sheath C-terminal domain
k127_254481_1	3	404	402	1	0.652	11	None	GENOMAD.099865.VV	4.064e-19	85	0	0	1	2561	Caudoviricetes	NA	NA	PF04466;PF17289;TIGR01547;COG5323;K06909	phage terminase, large subunit, PBSX family
k127_322832_1	1	384	384	-1	0.227	4	None	GENOMAD.154384.VP	1.821e-07	51	0	0	1	2561	Caudoviricetes	NA	NA	PF19835;TIGR01453;COG3680	group I intron endonuclease
k127_51266_1	1	162	162	1	0.438	11	None	NA	NA	NA	0	0	0	1	NA	NA	NA	NA	NA
k127_51266_2	166	309	144	1	0.368	11	None	GENOMAD.026460.VV	9.702e-06	42	0	0	1	2561	Caudoviricetes	NA	NA	PF03592;COG3728;K07474	Phage terminase, small subunit
k127_323246_1	2	340	339	-1	0.614	11	None	GENOMAD.099865.VV	3.489e-20	87	0	0	1	2561	Caudoviricetes	NA	NA	PF04466;PF17289;TIGR01547;COG5323;K06909	phage terminase, large subunit, PBSX family
k127_187524_1	2	349	348	1	0.632	11	None	GENOMAD.068048.VV	1.581e-13	68	0	0	1	2561	Caudoviricetes	NA	NA	PF20307;TIGR03600;K02314;COG0305	phage replicative helicase, DnaB family, HK022 subfamily
k127_153614_1	3	446	444	1	0.592	11	None	GENOMAD.068048.VV	7.866e-17	79	0	0	1	2561	Caudoviricetes	NA	NA	PF20307;TIGR03600;K02314;COG0305	phage replicative helicase, DnaB family, HK022 subfamily
k127_255390_1	3	677	675	-1	0.659	11	None	GENOMAD.013210.VV	3.873e-11	65	0	0	1	2561	Caudoviricetes	NA	NA	PF00211;PF08994;PF08993;COG2114	Adenylate and Guanylate cyclase catalytic domain; T4 gene Gp59 loader of gp41 DNA helicase C-term; T4 gene Gp59 loader of gp41 DNA helicase
k127_255449_1	1	306	306	-1	0.644	11	None	GENOMAD.071268.VV	1.494e-08	53	0	0	1	2561	Caudoviricetes	NA	NA	PF11134	Phage stabilisation protein
k127_17859_1	3	467	465	-1	0.654	11	None	GENOMAD.023991.VV	1.729e-08	55	0	0	1	2561	Caudoviricetes	NA	NA	COG5410	Mu-like prophage FluMu protein gp28
k127_119778_1	3	476	474	1	0.703	11	None	GENOMAD.068048.VV	2.745e-15	75	0	0	1	2561	Caudoviricetes	NA	NA	PF20307;TIGR03600;K02314;COG0305	phage replicative helicase, DnaB family, HK022 subfamily
k127_187971_1	109	300	192	1	0.682	11	GGA/GAG/AGG	GENOMAD.001967.VV	3.194e-15	70	0	0	1	2561	Caudoviricetes	NA	NA	PF20387	NA
k127_119904_1	2	361	360	1	0.336	11	None	GENOMAD.077754.VV	1.681e-14	71	0	0	1	1	NA	NA	NA	PF20387	NA
k127_290686_1	1	75	75	1	0.653	11	None	NA	NA	NA	0	0	0	1	NA	NA	NA	NA	NA
k127_290686_2	80	349	270	1	0.685	11	GGAG/GAGG	GENOMAD.054522.VV	3.135e-19	83	0	0	1	2561	Caudoviricetes	NA	NA	PF17212	Tail tubular protein
k127_52852_1	2	328	327	1	0.612	11	None	GENOMAD.138398.VP	5.349e-22	92	0	0	1	2561	Caudoviricetes	NA	NA	PF04466;TIGR01547;COG1783	phage terminase, large subunit, PBSX family
k127_87139_1	149	352	204	-1	0.721	11	None	GENOMAD.124507.VV	4.846e-06	44	0	0	1	2561	Caudoviricetes	NA	NA	PF11242;K22300;COG3655;TIGR00673	DNA-binding transcriptional regulator, XRE family
k127_222311_1	3	341	339	1	0.643	11	None	GENOMAD.151393.VP	4.682e-33	124	0	0	1	2561	Caudoviricetes	NA	NA	PF17288;TIGR01547;COG1783	phage terminase, large subunit, PBSX family
k127_189414_1	185	1303	1119	-1	0.206	4	None	GENOMAD.001328.VV	2.563e-11	68	0	0	1	6064	Autographiviridae	NA	NA	PF00940;PF20307;K21502;TIGR02239;COG0468	DNA-dependent RNA polymerase; Divergent DnaB-like ATPase
k127_19560_1	1	474	474	1	0.688	11	None	GENOMAD.013210.VV	3.344e-12	66	0	0	1	2561	Caudoviricetes	NA	NA	PF00211;PF08994;PF08993;COG2114	Adenylate and Guanylate cyclase catalytic domain; T4 gene Gp59 loader of gp41 DNA helicase C-term; T4 gene Gp59 loader of gp41 DNA helicase
k127_155666_1	46	462	417	1	0.595	11	AGGA/GGAG/GAGG	GENOMAD.064229.VV	2.712e-34	129	0	0	1	2561	Caudoviricetes	NA	NA	PF05133;TIGR01538	phage portal protein, SPP1 family
k127_121601_1	3	329	327	1	0.639	11	None	GENOMAD.032636.VV	7.953e-10	57	0	0	1	2561	Caudoviricetes	NA	NA	PF20307;PF07486;TIGR02239;COG0468;K18947	Divergent DnaB-like ATPase; Cell Wall Hydrolase
k127_155765_1	1	315	315	-1	0.663	11	None	GENOMAD.054986.VV	9.111e-07	48	0	0	1	2561	Caudoviricetes	NA	NA	PF09293	T4 RNase H, C terminal
k127_325997_1	2	1672	1671	1	0.602	11	None	GENOMAD.008856.VV	0.0003229	46	0	0	1	1507	Riboviria	NA	NA	PF00680	Viral RNA-dependent RNA polymerase
k127_20250_1	3	332	330	1	0.636	11	None	GENOMAD.056631.VV	1.581e-34	128	0	0	1	2561	Caudoviricetes	NA	NA	PF19821;TIGR04387	major capsid protein, N4-gp56 family
k127_20455_1	1	318	318	-1	0.601	11	None	GENOMAD.002970.VV	4.69e-22	92	0	0	1	2561	Caudoviricetes	NA	NA	PF12236	Bacteriophage head to tail connecting protein
k127_223810_1	1	339	339	-1	0.681	11	None	GENOMAD.073447.VV	4.157e-10	58	0	0	1	2561	Caudoviricetes	NA	NA	PF00580;TIGR04095;COG4373	UvrD/REP helicase N-terminal domain
k127_327332_1	93	323	231	1	0.693	11	None	GENOMAD.195366.VP	0.0001907	40	0	0	1	1	NA	NA	NA	PF05766;COG3024	Endogenous inhibitor of DNA gyrase, YacG/DUF329 family
k127_89551_1	2	553	552	1	0.681	11	None	GENOMAD.068590.VV	7.597e-07	51	0	0	1	2561	Caudoviricetes	NA	NA	PF13871;PF11242;K11654;TIGR00721	C-terminal domain on Strawberry notch homologue
k127_327657_1	2	331	330	1	0.600	11	None	GENOMAD.005158.VV	8.743e-09	54	0	0	1	2561	Caudoviricetes	NA	NA	PF04586;PF13395;TIGR02646;K06904	TIGR02646 family protein
k127_158324_1	1	1014	1014	1	0.457	11	None	GENOMAD.020337.VV	9.06e-35	139	0	0	0	10823	Zobellviridae	NA	NA	NA	NA
k127_158324_2	1014	1277	264	1	0.405	11	AGGA/GGAG/GAGG	GENOMAD.219674.VP	1.098e-20	87	0	0	0	10823	Zobellviridae	NA	NA	NA	NA
k127_158324_3	1274	2056	783	1	0.447	11	GGAG/GAGG	GENOMAD.032179.VV	3.571e-23	102	0	0	0	10823	Zobellviridae	NA	NA	NA	NA
k127_158324_4	2068	2841	774	1	0.513	11	AGGAG	GENOMAD.064032.VV	3.792e-68	233	0	0	0	10823	Zobellviridae	NA	NA	NA	NA
k127_124199_1	2	358	357	-1	0.664	11	None	GENOMAD.071235.VV	6.161e-41	147	0	0	1	2561	Caudoviricetes	NA	NA	PF19821;TIGR04387	Phage capsid protein
k127_328625_1	2	346	345	-1	0.545	11	None	GENOMAD.032636.VV	9.941e-10	57	0	0	1	2561	Caudoviricetes	NA	NA	PF20307;PF07486;TIGR02239;COG0468;K18947	Divergent DnaB-like ATPase; Cell Wall Hydrolase
k127_23102_1	3	341	339	1	0.726	11	None	NA	NA	NA	0	0	0	1	NA	NA	NA	NA	NA
k127_23102_2	341	1225	885	1	0.729	11	GGA/GAG/AGG	GENOMAD.012458.VV	0.0001165	46	0	0	1	2561	Caudoviricetes	NA	NA	PF13514;PF06841;TIGR03185;K19171;COG1195	DNA sulfur modification protein DndD
k127_125186_1	2	307	306	1	0.693	11	None	GENOMAD.021278.VV	1.222e-10	59	0	0	1	2561	Caudoviricetes	NA	NA	PF03237;COG4373;TIGR01630	Mu-like prophage FluMu protein gp28
k127_261063_1	2	490	489	1	0.697	11	None	GENOMAD.060259.VV	0.0001061	44	0	0	1	2561	Caudoviricetes	NA	NA	PF20307;TIGR02236;COG0468;K04484	Divergent DnaB-like ATPase
k127_91487_1	2	1144	1143	-1	0.693	11	None	GENOMAD.020821.VV	4.849e-10	64	0	0	1	2561	Caudoviricetes	NA	NA	PF05876;PF16203;K14440;COG5410;TIGR04095	ERCC4-related helicase
k127_226409_1	3	305	303	-1	0.551	11	None	GENOMAD.008557.VV	7.872e-07	48	0	0	1	377	Drexlerviridae	NA	NA	PF06381;K09961;TIGR01555;COG3567	phage-related protein, HI1409 family
k127_295637_1	1	231	231	1	0.619	11	None	GENOMAD.152665.VP	3.261e-20	85	0	0	0	2561	Caudoviricetes	NA	NA	PF14301	NA
k127_295637_2	242	502	261	1	0.625	11	AGxAGG/AGGxGG	GENOMAD.131206.VV	9.865e-22	90	0	0	1	1	NA	NA	NA	PF06890	NA
k127_193863_1	38	424	387	-1	0.625	11	None	GENOMAD.068048.VV	1.028e-14	72	0	0	1	2561	Caudoviricetes	NA	NA	PF20307;TIGR03600;K02314;COG0305	phage replicative helicase, DnaB family, HK022 subfamily
k127_23932_1	2	322	321	-1	0.617	11	None	GENOMAD.053137.VV	3.312e-10	58	0	0	1	2561	Caudoviricetes	NA	NA	PF17482	Phage tail sheath C-terminal domain
k127_296021_1	2	361	360	-1	0.681	11	None	GENOMAD.060259.VV	6.872e-07	49	0	0	1	2561	Caudoviricetes	NA	NA	PF20307;TIGR02236;COG0468;K04484	Divergent DnaB-like ATPase
k127_24301_1	106	408	303	-1	0.644	11	None	GENOMAD.068048.VV	8.267e-14	68	0	0	1	2561	Caudoviricetes	NA	NA	PF20307;TIGR03600;K02314;COG0305	phage replicative helicase, DnaB family, HK022 subfamily
k127_262715_1	1	438	438	1	0.708	11	None	GENOMAD.013210.VV	1.968e-14	72	0	0	1	2561	Caudoviricetes	NA	NA	PF00211;PF08994;PF08993;COG2114	Adenylate and Guanylate cyclase catalytic domain; T4 gene Gp59 loader of gp41 DNA helicase C-term; T4 gene Gp59 loader of gp41 DNA helicase
k127_161176_1	2	328	327	-1	0.578	11	None	GENOMAD.116655.VV	4.71e-47	164	0	0	1	2561	Caudoviricetes	NA	NA	PF04860;TIGR01537;COG5005	phage portal protein, HK97 family
k127_59714_1	107	382	276	-1	0.743	11	None	GENOMAD.124507.VV	2.144e-23	95	0	0	1	2561	Caudoviricetes	NA	NA	PF11242;K22300;COG3655;TIGR00673	DNA-binding transcriptional regulator, XRE family
k127_25592_1	1	312	312	1	0.619	11	None	GENOMAD.068048.VV	1.774e-15	73	0	0	1	2561	Caudoviricetes	NA	NA	PF20307;TIGR03600;K02314;COG0305	phage replicative helicase, DnaB family, HK022 subfamily
k127_331819_1	2	301	300	-1	0.723	11	GGA/GAG/AGG	GENOMAD.224435.VP	3.406e-07	49	0	0	1	2561	Caudoviricetes	NA	NA	PF04965;K06903;COG3628;TIGR03357	Baseplate wedge protein gp25
k127_331819_2	311	448	138	-1	0.652	11	None	NA	NA	NA	0	0	0	1	NA	NA	NA	NA	NA
k127_162167_1	3	335	333	1	0.523	11	None	GENOMAD.017632.VV	2.712e-05	44	0	0	1	2561	Caudoviricetes	NA	NA	PF03354;COG5410;TIGR01547	phage terminase, large subunit, PBSX family
k127_162201_1	3	299	297	1	0.646	11	None	GENOMAD.154021.VP	5.386e-10	57	0	0	1	2561	Caudoviricetes	NA	NA	PF07141;TIGR03384	Putative bacteriophage terminase small subunit
k127_332136_1	2	439	438	-1	0.660	11	None	GENOMAD.169508.VP	6.109e-09	56	0	0	1	2561	Caudoviricetes	NA	NA	PF04708;PF13262;COG1961;K14060	Site-specific DNA recombinase related to the DNA invertase Pin
k127_94547_1	1	261	261	1	0.697	11	None	GENOMAD.005185.VV	3.06e-25	100	0	0	1	2561	Caudoviricetes	NA	NA	PF11650	P22 tail accessory factor
k127_94547_2	266	379	114	1	0.728	11	None	NA	NA	NA	0	0	0	1	NA	NA	NA	NA	NA
k127_162910_1	1	369	369	1	0.667	11	None	GENOMAD.019218.VV	6.412e-18	81	0	0	1	2561	Caudoviricetes	NA	NA	COG5410	NA
k127_61204_1	1	348	348	-1	0.670	11	None	GENOMAD.104632.VP	1.081e-25	103	0	0	1	2561	Caudoviricetes	NA	NA	PF06378;PF04466;TIGR01547;COG5323	Phage terminase large subunit
k127_299154_1	1	426	426	-1	0.413	11	None	GENOMAD.068648.VV	5.445e-53	183	0	0	1	2561	Caudoviricetes	NA	NA	PF20441;PF03354;COG4626;TIGR01547	Phage terminase-like protein, large subunit, contains N-terminal HTH domain
k127_197281_1	1	354	354	1	0.706	11	None	GENOMAD.016110.VV	1.057e-18	83	0	0	1	2561	Caudoviricetes	NA	NA	PF11134	Phage stabilisation protein
k127_27448_1	1	471	471	-1	0.726	11	None	GENOMAD.068590.VV	5.061e-17	80	0	0	1	2561	Caudoviricetes	NA	NA	PF13871;PF11242;K11654;TIGR00721	C-terminal domain on Strawberry notch homologue
k127_95542_1	3	308	306	1	0.572	11	None	GENOMAD.009848.VV	1.808e-14	70	0	0	1	9913	Herelleviridae	NA	NA	COG5377;TIGR03033	Phage-related protein, predicted endonuclease
k127_27901_1	2	157	156	1	0.673	11	None	NA	NA	NA	0	0	0	1	NA	NA	NA	NA	NA
k127_27901_2	175	543	369	-1	0.604	11	GGGG	GENOMAD.124156.VV	2.829e-26	105	0	0	1	2561	Caudoviricetes	NA	NA	PF04586;COG3740;TIGR01543;K06904	Phage head maturation protease
k127_28690_1	1	324	324	1	0.602	11	None	GENOMAD.063098.VV	1.873e-08	53	0	0	1	2561	Caudoviricetes	NA	NA	PF11126	Transcriptional regulator DsbA
k127_198807_1	2	454	453	1	0.658	11	None	GENOMAD.169508.VP	6.538e-21	91	0	0	1	2561	Caudoviricetes	NA	NA	PF04708;PF13262;COG1961;K14060	Site-specific DNA recombinase related to the DNA invertase Pin
k127_165038_1	3	476	474	1	0.629	11	None	GENOMAD.169508.VP	2.372e-17	81	0	0	1	2561	Caudoviricetes	NA	NA	PF04708;PF13262;COG1961;K14060	Site-specific DNA recombinase related to the DNA invertase Pin
k127_301098_1	3	314	312	1	0.583	11	None	GENOMAD.116655.VV	1.228e-58	197	0	0	1	2561	Caudoviricetes	NA	NA	PF04860;TIGR01537;COG5005	phage portal protein, HK97 family
k127_97139_1	1	312	312	1	0.670	11	None	GENOMAD.124233.VP	1.925e-22	93	0	0	1	2561	Caudoviricetes	NA	NA	PF03864	Phage major capsid protein E
k127_131863_1	3	548	546	1	0.705	11	None	GENOMAD.013210.VV	8.9e-21	92	0	0	1	2561	Caudoviricetes	NA	NA	PF00211;PF08994;PF08993;COG2114	Adenylate and Guanylate cyclase catalytic domain; T4 gene Gp59 loader of gp41 DNA helicase C-term; T4 gene Gp59 loader of gp41 DNA helicase
k127_166163_1	3	170	168	-1	0.690	11	None	NA	NA	NA	0	0	0	1	NA	NA	NA	NA	NA
k127_166163_2	239	1123	885	-1	0.699	11	None	GENOMAD.020821.VV	9.202e-09	59	0	0	1	2561	Caudoviricetes	NA	NA	PF05876;PF16203;K14440;COG5410;TIGR04095	ERCC4-related helicase
k127_132197_1	1	570	570	1	0.654	11	None	GENOMAD.068048.VV	8.542e-10	60	0	0	1	2561	Caudoviricetes	NA	NA	PF20307;TIGR03600;K02314;COG0305	phage replicative helicase, DnaB family, HK022 subfamily
k127_98169_1	2	334	333	1	0.489	11	None	GENOMAD.161999.VV	1.175e-22	94	0	0	1	2561	Caudoviricetes	NA	NA	PF05894;K06909;TIGR01547;COG1783	Podovirus DNA encapsidation protein (Gp16)
k127_232887_1	1	324	324	1	0.673	11	None	GENOMAD.013124.VV	1.873e-08	53	0	0	1	377	Drexlerviridae	NA	NA	PF13262;COG5410	NA
k127_302981_1	3	392	390	1	0.672	11	None	GENOMAD.068048.VV	2.166e-15	74	0	0	1	2561	Caudoviricetes	NA	NA	PF20307;TIGR03600;K02314;COG0305	phage replicative helicase, DnaB family, HK022 subfamily
k127_302981_2	389	472	84	1	0.726	11	GGxGG	NA	NA	NA	0	0	0	1	NA	NA	NA	NA	NA
k127_303018_1	3	329	327	1	0.661	11	None	GENOMAD.182236.VP	4.731e-07	49	0	0	1	2561	Caudoviricetes	NA	NA	PF16724;COG4119;TIGR02705;K12152	T4-like virus Myoviridae tail sheath stabiliser
k127_268761_1	2	607	606	-1	0.673	11	None	GENOMAD.013210.VV	9.828e-16	78	0	0	1	2561	Caudoviricetes	NA	NA	PF00211;PF08994;PF08993;COG2114	Adenylate and Guanylate cyclase catalytic domain; T4 gene Gp59 loader of gp41 DNA helicase C-term; T4 gene Gp59 loader of gp41 DNA helicase
k127_31375_1	47	325	279	1	0.728	11	GGAG/GAGG	GENOMAD.019662.VV	2.889e-06	46	0	0	1	2561	Caudoviricetes	NA	NA	PF03592;K07474;COG3728	Terminase small subunit
k127_133520_1	10	309	300	-1	0.623	11	None	GENOMAD.063098.VV	1.627e-06	47	0	0	1	2561	Caudoviricetes	NA	NA	PF11126	Transcriptional regulator DsbA
k127_31543_1	3	395	393	-1	0.585	11	None	GENOMAD.116417.VC	1.016e-24	101	0	0	1	2561	Caudoviricetes	NA	NA	PF20441;PF03354;COG4373;TIGR01547	Mu-like prophage FluMu protein gp28
k127_337620_1	2	556	555	1	0.627	11	None	GENOMAD.169508.VP	1.52e-25	106	0	0	1	2561	Caudoviricetes	NA	NA	PF04708;PF13262;COG1961;K14060	Site-specific DNA recombinase related to the DNA invertase Pin
k127_303824_1	19	411	393	1	0.567	11	TATATA	GENOMAD.055451.VV	2e-07	51	0	0	1	1	NA	NA	NA	PF19905	NA
k127_100082_1	2	331	330	1	0.621	11	None	GENOMAD.064229.VV	7.43e-35	129	0	0	1	2561	Caudoviricetes	NA	NA	PF05133;TIGR01538	phage portal protein, SPP1 family
k127_269960_1	1	408	408	1	0.522	11	None	GENOMAD.123534.VP	1.556e-63	213	0	0	1	2561	Caudoviricetes	NA	NA	PF05133;TIGR01538	Phage portal protein, SPP1 Gp6-like
k127_202409_1	3	545	543	-1	0.622	11	None	GENOMAD.013210.VV	1.897e-20	91	0	0	1	2561	Caudoviricetes	NA	NA	PF00211;PF08994;PF08993;COG2114	Adenylate and Guanylate cyclase catalytic domain; T4 gene Gp59 loader of gp41 DNA helicase C-term; T4 gene Gp59 loader of gp41 DNA helicase
k127_66819_1	3	353	351	-1	0.707	11	None	GENOMAD.147017.VP	3.759e-29	113	0	0	1	2561	Caudoviricetes	NA	NA	PF04466;TIGR01547;COG1783	Phage terminase large subunit
k127_33210_1	1	177	177	-1	0.672	11	GGA/GAG/AGG	NA	NA	NA	0	0	0	1	NA	NA	NA	NA	NA
k127_33210_2	257	547	291	-1	0.684	11	None	GENOMAD.047463.VV	5.297e-09	54	0	0	1	2561	Caudoviricetes	NA	NA	PF04965;COG3628;K21530;TIGR03357	Phage baseplate assembly protein W
k127_135840_1	2	856	855	-1	0.627	11	None	GENOMAD.000175.VV	1.239e-05	49	0	0	1	8305	Partitiviridae	NA	NA	PF00680;COG3344	Viral RNA-dependent RNA polymerase
