gene	start	end	length	strand	gc_content	genetic_code	rbs_motif	marker	evalue	bitscore	uscg	plasmid_hallmark	virus_hallmark	taxid	taxname	annotation_conjscan	annotation_amr	annotation_accessions	annotation_description
k127_457806_1	1	462	462	-1	0.747	11	None	GENOMAD.056466.VV	1.818e-06	49	0	0	1	326	Orthornavirae	NA	NA	PF00680	Viral RNA-dependent RNA polymerase
k127_534065_1	3	386	384	1	0.505	11	None	GENOMAD.223820.VV	8.85e-07	49	0	0	1	2561	Caudoviricetes	NA	NA	PF05766	Bacteriophage Lambda NinG protein
k127_610752_1	1	768	768	-1	0.701	11	None	GENOMAD.195568.VP	9.582e-06	49	0	0	1	2561	Caudoviricetes	NA	NA	PF20025;PF01331;K18951;TIGR04120;COG1793	DNA ligase, ATP-dependent, PP_1105 family
k127_77424_1	3	137	135	-1	0.696	11	GGAG/GAGG	NA	NA	NA	0	0	0	1	NA	NA	NA	NA	NA
k127_77424_2	124	321	198	-1	0.687	11	None	GENOMAD.224435.VP	2.233e-05	42	0	0	1	2561	Caudoviricetes	NA	NA	PF04965;K06903;COG3628;TIGR03357	Baseplate wedge protein gp25
k127_1403_1	1	261	261	-1	0.602	11	GGAGG	GENOMAD.129590.VP	8.173e-09	53	0	0	1	2561	Caudoviricetes	NA	NA	PF07141	Putative bacteriophage terminase small subunit
k127_230155_1	1	309	309	-1	0.570	11	GGAGG	GENOMAD.017632.VV	6.973e-09	54	0	0	1	2561	Caudoviricetes	NA	NA	PF03354;COG5410;TIGR01547	phage terminase, large subunit, PBSX family
k127_230155_2	296	454	159	-1	0.585	11	None	NA	NA	NA	0	0	0	1	NA	NA	NA	NA	NA
k127_78095_1	1	348	348	-1	0.652	11	None	GENOMAD.143515.VV	3.184e-05	44	0	0	1	1	NA	NA	NA	PF07750;PF11242;K13583;COG5352;TIGR00721	GcrA cell cycle regulator
k127_78298_1	2	400	399	1	0.639	11	None	GENOMAD.013124.VV	1.852e-09	57	0	0	1	377	Drexlerviridae	NA	NA	PF13262;COG5410	NA
k127_535874_1	1	336	336	-1	0.702	11	None	GENOMAD.068048.VV	6.689e-13	66	0	0	1	2561	Caudoviricetes	NA	NA	PF20307;TIGR03600;K02314;COG0305	phage replicative helicase, DnaB family, HK022 subfamily
k127_612509_1	2	439	438	-1	0.687	11	None	GENOMAD.053137.VV	1.308e-19	87	0	0	1	2561	Caudoviricetes	NA	NA	PF17482	Phage tail sheath C-terminal domain
k127_383679_1	3	569	567	-1	0.681	11	None	GENOMAD.023316.VV	1.194e-19	89	0	0	1	2561	Caudoviricetes	NA	NA	PF03167;PF18906;TIGR00758;COG1573;K21929	uracil-DNA glycosylase, family 4
k127_383679_2	584	679	96	-1	0.552	11	None	NA	NA	NA	0	0	0	1	NA	NA	NA	NA	NA
k127_613041_1	1	321	321	-1	0.461	11	None	GENOMAD.123534.VP	3.166e-58	196	0	0	1	2561	Caudoviricetes	NA	NA	PF05133;TIGR01538	Phage portal protein, SPP1 Gp6-like
k127_536645_1	156	380	225	-1	0.720	11	None	GENOMAD.124507.VV	1.456e-12	63	0	0	1	2561	Caudoviricetes	NA	NA	PF11242;K22300;COG3655;TIGR00673	DNA-binding transcriptional regulator, XRE family
k127_4061_1	1	363	363	1	0.719	11	None	GENOMAD.222908.VP	5.097e-11	61	0	0	1	2561	Caudoviricetes	NA	NA	TIGR01558;COG3747	phage terminase, small subunit, putative, P27 family
k127_232777_1	1	384	384	1	0.654	11	None	GENOMAD.068048.VV	2.008e-15	74	0	0	1	2561	Caudoviricetes	NA	NA	PF20307;TIGR03600;K02314;COG0305	phage replicative helicase, DnaB family, HK022 subfamily
k127_232777_2	381	524	144	1	0.715	11	None	NA	NA	NA	0	0	0	1	NA	NA	NA	NA	NA
k127_4373_1	6	650	645	-1	0.673	11	None	GENOMAD.169508.VP	6.662e-11	64	0	0	1	2561	Caudoviricetes	NA	NA	PF04708;PF13262;COG1961;K14060	Site-specific DNA recombinase related to the DNA invertase Pin
k127_157183_1	1	468	468	-1	0.748	11	None	GENOMAD.068590.VV	1.744e-20	90	0	0	1	2561	Caudoviricetes	NA	NA	PF13871;PF11242;K11654;TIGR00721	C-terminal domain on Strawberry notch homologue
k127_80941_1	2	313	312	-1	0.715	11	None	GENOMAD.127245.VV	9.767e-14	68	0	0	1	2561	Caudoviricetes	NA	NA	PF04586;COG3740;TIGR01543;K06904	Phage head maturation protease
k127_386298_1	1	612	612	-1	0.618	11	None	GENOMAD.020821.VV	5.308e-12	67	0	0	1	2561	Caudoviricetes	NA	NA	PF05876;PF16203;K14440;COG5410;TIGR04095	ERCC4-related helicase
k127_386298_2	689	796	108	-1	0.546	11	None	NA	NA	NA	0	0	0	1	NA	NA	NA	NA	NA
k127_538940_1	1	363	363	1	0.623	11	None	GENOMAD.179239.VC	7.099e-07	49	0	0	1	2561	Caudoviricetes	NA	NA	PF04860;TIGR01537;COG4695	phage portal protein, HK97 family
k127_538974_1	3	365	363	1	0.529	11	None	GENOMAD.011465.VV	1.103e-27	109	0	0	1	2561	Caudoviricetes	NA	NA	PF05133;TIGR01538	phage portal protein, SPP1 family
k127_539320_1	1	564	564	1	0.612	11	None	GENOMAD.116655.VV	1.745e-70	236	0	0	1	2561	Caudoviricetes	NA	NA	PF04860;TIGR01537;COG5005	phage portal protein, HK97 family
k127_463192_1	2	424	423	-1	0.598	11	None	GENOMAD.129427.VP	2.83e-06	48	0	0	1	2561	Caudoviricetes	NA	NA	PF09588;COG5377;TIGR03033;K01143	Phage-related protein, predicted endonuclease
k127_310912_1	3	341	339	1	0.504	11	None	GENOMAD.064539.VV	1.308e-05	45	0	0	1	8973	Herpesviridae	NA	NA	PF14531;K19455;COG2112;TIGR03724	Kinase-like
k127_82114_1	1	192	192	1	0.641	11	None	NA	NA	NA	0	0	0	1	NA	NA	NA	NA	NA
k127_82114_2	202	447	246	1	0.724	11	GGA/GAG/AGG	GENOMAD.224435.VP	7.4e-08	50	0	0	1	2561	Caudoviricetes	NA	NA	PF04965;K06903;COG3628;TIGR03357	Baseplate wedge protein gp25
k127_387107_1	1	348	348	1	0.681	11	None	GENOMAD.068048.VV	6.459e-15	72	0	0	1	2561	Caudoviricetes	NA	NA	PF20307;TIGR03600;K02314;COG0305	phage replicative helicase, DnaB family, HK022 subfamily
k127_539955_1	25	318	294	1	0.503	11	GGAG/GAGG	GENOMAD.128478.VV	2.162e-26	104	0	0	1	1	NA	NA	NA	PF05939;TIGR02217;COG4718	Phage minor tail protein
k127_311728_1	2	316	315	-1	0.644	11	None	GENOMAD.053137.VV	4.125e-15	72	0	0	1	2561	Caudoviricetes	NA	NA	PF17482	Phage tail sheath C-terminal domain
k127_311729_1	3	350	348	1	0.695	11	None	GENOMAD.060259.VV	2.949e-06	47	0	0	1	2561	Caudoviricetes	NA	NA	PF20307;TIGR02236;COG0468;K04484	Divergent DnaB-like ATPase
k127_235971_1	2	1648	1647	1	0.717	11	None	GENOMAD.020821.VV	4.172e-13	75	0	0	1	2561	Caudoviricetes	NA	NA	PF05876;PF16203;K14440;COG5410;TIGR04095	ERCC4-related helicase
k127_617391_1	1	579	579	-1	0.515	11	None	GENOMAD.147440.VP	5.57e-42	154	0	0	1	2561	Caudoviricetes	NA	NA	PF13550;COG4733	Phage-related protein, tail component
k127_464505_1	3	479	477	-1	0.516	11	None	GENOMAD.123534.VP	2.541e-69	231	0	0	1	2561	Caudoviricetes	NA	NA	PF05133;TIGR01538	Phage portal protein, SPP1 Gp6-like
k127_693547_1	434	724	291	1	0.677	11	GGAG/GAGG	GENOMAD.093363.VV	8.269e-05	42	0	0	1	2561	Caudoviricetes	NA	NA	PF09124;COG1158	T4 recombination endonuclease VII, dimerisation
k127_236677_1	3	788	786	1	0.655	11	None	GENOMAD.068048.VV	8.484e-15	77	0	0	1	2561	Caudoviricetes	NA	NA	PF20307;TIGR03600;K02314;COG0305	phage replicative helicase, DnaB family, HK022 subfamily
k127_389248_1	3	320	318	-1	0.538	11	None	GENOMAD.142009.VV	1.108e-52	180	0	0	1	2561	Caudoviricetes	NA	NA	PF11651;TIGR04387	P22 coat protein - gene protein 5
k127_313748_1	3	593	591	1	0.741	11	None	GENOMAD.013124.VV	4.629e-10	61	0	0	1	377	Drexlerviridae	NA	NA	PF13262;COG5410	NA
k127_237698_1	3	878	876	-1	0.734	11	None	GENOMAD.068590.VV	1.529e-28	119	0	0	1	2561	Caudoviricetes	NA	NA	PF13871;PF11242;K11654;TIGR00721	C-terminal domain on Strawberry notch homologue
k127_313894_1	1	429	429	1	0.655	11	None	GENOMAD.013124.VV	5.92e-08	53	0	0	1	377	Drexlerviridae	NA	NA	PF13262;COG5410	NA
k127_466213_1	2	178	177	1	0.678	11	None	NA	NA	NA	0	0	0	1	NA	NA	NA	NA	NA
k127_466213_2	182	868	687	-1	0.674	11	None	GENOMAD.013210.VV	1.243e-26	111	0	0	1	2561	Caudoviricetes	NA	NA	PF00211;PF08994;PF08993;COG2114	Adenylate and Guanylate cyclase catalytic domain; T4 gene Gp59 loader of gp41 DNA helicase C-term; T4 gene Gp59 loader of gp41 DNA helicase
k127_619326_1	1	360	360	1	0.667	11	None	GENOMAD.068048.VV	3.946e-13	67	0	0	1	2561	Caudoviricetes	NA	NA	PF20307;TIGR03600;K02314;COG0305	phage replicative helicase, DnaB family, HK022 subfamily
k127_314399_1	1	666	666	1	0.665	11	None	GENOMAD.068048.VV	1.451e-06	51	0	0	1	2561	Caudoviricetes	NA	NA	PF20307;TIGR03600;K02314;COG0305	phage replicative helicase, DnaB family, HK022 subfamily
k127_85736_1	2	379	378	-1	0.688	11	None	GENOMAD.068590.VV	5.133e-13	67	0	0	1	2561	Caudoviricetes	NA	NA	PF13871;PF11242;K11654;TIGR00721	C-terminal domain on Strawberry notch homologue
k127_619940_1	1	606	606	-1	0.665	11	None	GENOMAD.026355.VV	7.722e-21	93	0	0	1	2561	Caudoviricetes	NA	NA	PF20307;TIGR02238	Divergent DnaB-like ATPase
k127_86128_1	1	2226	2226	1	0.673	11	None	GENOMAD.016071.VV	5.555e-19	95	0	0	0	2561	Caudoviricetes	NA	NA	K02469;COG0188	DNA gyrase/topoisomerase IV, subunit A
k127_86128_2	2613	3086	474	-1	0.658	11	None	NA	NA	NA	0	0	0	1	NA	NA	NA	NA	NA
k127_86128_3	3083	3397	315	-1	0.711	11	None	GENOMAD.028915.VV	1.613e-08	53	0	0	0	2561	Caudoviricetes	NA	NA	PF13395;TIGR02646	TIGR02646 family protein
k127_162628_1	1	471	471	1	0.665	11	None	GENOMAD.053137.VV	1.203e-15	76	0	0	1	2561	Caudoviricetes	NA	NA	PF17482	Phage tail sheath C-terminal domain
k127_10349_1	3	422	420	-1	0.743	11	None	GENOMAD.013210.VV	2.013e-11	63	0	0	1	2561	Caudoviricetes	NA	NA	PF00211;PF08994;PF08993;COG2114	Adenylate and Guanylate cyclase catalytic domain; T4 gene Gp59 loader of gp41 DNA helicase C-term; T4 gene Gp59 loader of gp41 DNA helicase
k127_543977_1	1	1362	1362	1	0.710	11	None	GENOMAD.068590.VV	3.671e-20	97	0	0	1	2561	Caudoviricetes	NA	NA	PF13871;PF11242;K11654;TIGR00721	C-terminal domain on Strawberry notch homologue
k127_239354_1	2	142	141	-1	0.645	11	AGxAGG/AGGxGG	NA	NA	NA	0	0	0	1	NA	NA	NA	NA	NA
k127_239354_2	152	601	450	-1	0.644	11	None	GENOMAD.053137.VV	3.241e-19	86	0	0	1	2561	Caudoviricetes	NA	NA	PF17482	Phage tail sheath C-terminal domain
k127_87255_1	132	1529	1398	-1	0.708	11	None	GENOMAD.068590.VV	1.696e-14	79	0	0	1	2561	Caudoviricetes	NA	NA	PF13871;PF11242;K11654;TIGR00721	C-terminal domain on Strawberry notch homologue
k127_87519_1	1	660	660	1	0.630	11	None	GENOMAD.169508.VP	4.646e-26	109	0	0	1	2561	Caudoviricetes	NA	NA	PF04708;PF13262;COG1961;K14060	Site-specific DNA recombinase related to the DNA invertase Pin
k127_621498_1	3	350	348	1	0.684	11	None	GENOMAD.056631.VV	3.961e-20	87	0	0	1	2561	Caudoviricetes	NA	NA	PF19821;TIGR04387	major capsid protein, N4-gp56 family
k127_392418_1	1	585	585	-1	0.697	11	None	GENOMAD.013210.VV	3.348e-18	85	0	0	1	2561	Caudoviricetes	NA	NA	PF00211;PF08994;PF08993;COG2114	Adenylate and Guanylate cyclase catalytic domain; T4 gene Gp59 loader of gp41 DNA helicase C-term; T4 gene Gp59 loader of gp41 DNA helicase
k127_392523_1	1	315	315	-1	0.648	11	None	GENOMAD.068048.VV	1.851e-15	73	0	0	1	2561	Caudoviricetes	NA	NA	PF20307;TIGR03600;K02314;COG0305	phage replicative helicase, DnaB family, HK022 subfamily
k127_165242_1	54	464	411	-1	0.572	11	None	GENOMAD.068048.VV	3.6e-12	65	0	0	1	2561	Caudoviricetes	NA	NA	PF20307;TIGR03600;K02314;COG0305	phage replicative helicase, DnaB family, HK022 subfamily
k127_89548_1	1	408	408	1	0.738	11	None	GENOMAD.068590.VV	3.046e-23	97	0	0	1	2561	Caudoviricetes	NA	NA	PF13871;PF11242;K11654;TIGR00721	C-terminal domain on Strawberry notch homologue
k127_699528_1	1	201	201	1	0.418	11	None	NA	NA	NA	0	0	0	1	NA	NA	NA	NA	NA
k127_699528_2	198	458	261	1	0.425	11	3Base/5BMM	GENOMAD.169375.VV	1.525e-24	98	0	0	0	2790	Microviridae	NA	NA	PF12025	Phage protein C
k127_699528_3	455	616	162	1	0.451	11	GGA/GAG/AGG	GENOMAD.067220.VV	8.29e-23	91	0	0	0	2790	Microviridae	NA	NA	PF02925	Bacteriophage scaffolding protein D
k127_699528_4	746	913	168	1	0.464	11	None	GENOMAD.067220.VV	9.191e-23	91	0	0	0	2790	Microviridae	NA	NA	PF02925	Bacteriophage scaffolding protein D
k127_699528_5	913	1029	117	1	0.496	11	AGGAG	NA	NA	NA	0	0	0	1	NA	NA	NA	NA	NA
k127_699528_6	1066	1713	648	1	0.454	11	GGAG/GAGG	GENOMAD.033662.VV	1.163e-130	411	0	0	1	2790	Microviridae	NA	NA	PF02305	Capsid protein (F protein)
k127_699583_1	1	549	549	1	0.723	11	None	GENOMAD.057710.VV	7.228e-06	48	0	0	1	2561	Caudoviricetes	NA	NA	PF00589;PF04860;K07358;TIGR01537	Phage integrase family; Phage portal protein
k127_13745_1	2	532	531	1	0.685	11	None	GENOMAD.068590.VV	6.491e-23	98	0	0	1	2561	Caudoviricetes	NA	NA	PF13871;PF11242;K11654;TIGR00721	C-terminal domain on Strawberry notch homologue
k127_13758_1	3	437	435	-1	0.703	11	None	GENOMAD.224435.VP	3.266e-05	45	0	0	1	2561	Caudoviricetes	NA	NA	PF04965;K06903;COG3628;TIGR03357	Baseplate wedge protein gp25
k127_470968_1	1	384	384	-1	0.682	11	None	GENOMAD.023991.VV	3.206e-10	59	0	0	1	2561	Caudoviricetes	NA	NA	COG5410	Mu-like prophage FluMu protein gp28
k127_318687_1	2	409	408	-1	0.664	11	None	GENOMAD.012383.VV	1.183e-05	46	0	0	1	2561	Caudoviricetes	NA	NA	PF11134	Phage stabilisation protein
k127_166724_1	1	522	522	-1	0.695	11	None	GENOMAD.013210.VV	4.314e-16	78	0	0	1	2561	Caudoviricetes	NA	NA	PF00211;PF08994;PF08993;COG2114	Adenylate and Guanylate cyclase catalytic domain; T4 gene Gp59 loader of gp41 DNA helicase C-term; T4 gene Gp59 loader of gp41 DNA helicase
k127_700889_1	3	581	579	1	0.620	11	None	GENOMAD.169508.VP	3.652e-15	76	0	0	1	2561	Caudoviricetes	NA	NA	PF04708;PF13262;COG1961;K14060	Site-specific DNA recombinase related to the DNA invertase Pin
k127_15437_1	1	513	513	1	0.649	11	None	GENOMAD.068048.VV	1.668e-17	82	0	0	1	2561	Caudoviricetes	NA	NA	PF20307;TIGR03600;K02314;COG0305	phage replicative helicase, DnaB family, HK022 subfamily
k127_91892_1	3	332	330	1	0.652	11	None	GENOMAD.042265.VV	2.624e-05	44	0	0	1	2561	Caudoviricetes	NA	NA	PF20307;TIGR02237;COG0468;K04485	Divergent DnaB-like ATPase
k127_244457_1	3	632	630	1	0.679	11	None	GENOMAD.002534.VV	5.142e-05	46	0	0	1	2561	Caudoviricetes	NA	NA	PF20458;TIGR01542	phage portal protein, putative, A118 family
k127_92271_1	3	1244	1242	1	0.639	11	None	GENOMAD.013210.VV	2.331e-31	131	0	0	1	2561	Caudoviricetes	NA	NA	PF00211;PF08994;PF08993;COG2114	Adenylate and Guanylate cyclase catalytic domain; T4 gene Gp59 loader of gp41 DNA helicase C-term; T4 gene Gp59 loader of gp41 DNA helicase
k127_16853_1	3	374	372	-1	0.570	11	None	GENOMAD.036744.VV	1.844e-05	45	0	0	1	639	Flaviviridae	NA	NA	PF02907;K22273	Hepatitis C virus NS3 protease
k127_628137_1	1	336	336	-1	0.622	11	None	GENOMAD.097203.VV	5.254e-07	49	0	0	1	1	NA	NA	NA	PF14354;TIGR03655;COG4068	restriction alleviation protein, Lar family
k127_323038_1	3	1061	1059	1	0.672	11	None	GENOMAD.068048.VV	1.044e-19	94	0	0	1	2561	Caudoviricetes	NA	NA	PF20307;TIGR03600;K02314;COG0305	phage replicative helicase, DnaB family, HK022 subfamily
k127_323038_2	1078	1167	90	1	0.711	11	3Base/5BMM	NA	NA	NA	0	0	0	1	NA	NA	NA	NA	NA
k127_18097_1	1	1164	1164	-1	0.596	11	None	GENOMAD.000175.VV	5.44e-06	51	0	0	1	8305	Partitiviridae	NA	NA	PF00680;COG3344	Viral RNA-dependent RNA polymerase
k127_628864_1	1	636	636	1	0.712	11	None	GENOMAD.068048.VV	6.101e-08	55	0	0	1	2561	Caudoviricetes	NA	NA	PF20307;TIGR03600;K02314;COG0305	phage replicative helicase, DnaB family, HK022 subfamily
k127_399812_1	3	524	522	-1	0.540	11	None	GENOMAD.013210.VV	3.793e-18	84	0	0	1	2561	Caudoviricetes	NA	NA	PF00211;PF08994;PF08993;COG2114	Adenylate and Guanylate cyclase catalytic domain; T4 gene Gp59 loader of gp41 DNA helicase C-term; T4 gene Gp59 loader of gp41 DNA helicase
k127_171277_1	3	749	747	1	0.731	11	None	GENOMAD.068590.VV	1.023e-40	153	0	0	1	2561	Caudoviricetes	NA	NA	PF13871;PF11242;K11654;TIGR00721	C-terminal domain on Strawberry notch homologue
k127_323996_1	3	560	558	-1	0.710	11	None	GENOMAD.068590.VV	1.686e-09	59	0	0	1	2561	Caudoviricetes	NA	NA	PF13871;PF11242;K11654;TIGR00721	C-terminal domain on Strawberry notch homologue
k127_476244_1	1	387	387	-1	0.636	11	GGA/GAG/AGG	GENOMAD.017632.VV	7.337e-10	58	0	0	1	2561	Caudoviricetes	NA	NA	PF03354;COG5410;TIGR01547	phage terminase, large subunit, PBSX family
k127_476244_2	387	776	390	-1	0.638	11	GGAGG	GENOMAD.209380.VP	0.0004924	41	0	0	0	2561	Caudoviricetes	NA	NA	PF18932	NA
k127_476244_3	766	1032	267	-1	0.674	11	None	GENOMAD.038338.VV	9.858e-15	70	0	0	0	2561	Caudoviricetes	NA	NA	COG3392	NA
k127_705337_1	1	327	327	-1	0.630	11	GGAG/GAGG	GENOMAD.146533.VV	2.657e-21	90	0	0	1	1	NA	NA	NA	PF11367	NA
k127_705337_2	338	670	333	-1	0.658	11	GGAG/GAGG	GENOMAD.092546.VV	3.714e-10	58	0	0	1	2561	Caudoviricetes	NA	NA	PF05521;COG5614;TIGR01563	Bacteriophage head-tail adaptor
k127_705337_3	667	744	78	-1	0.692	11	None	NA	NA	NA	0	0	0	1	NA	NA	NA	NA	NA
k127_95756_1	1	330	330	1	0.697	11	None	GENOMAD.011071.VV	1.05e-06	48	0	0	1	2561	Caudoviricetes	NA	NA	PF09215;K21530;COG3628;TIGR03357	Bacteriophage T4, Gp8
k127_95756_2	327	533	207	1	0.671	11	GGAGG	NA	NA	NA	0	0	0	1	NA	NA	NA	NA	NA
k127_248483_1	1	630	630	-1	0.533	11	None	GENOMAD.060259.VV	5.697e-07	52	0	0	1	2561	Caudoviricetes	NA	NA	PF20307;TIGR02236;COG0468;K04484	Divergent DnaB-like ATPase
k127_19709_1	2	292	291	1	0.670	11	None	NA	NA	NA	0	0	0	1	NA	NA	NA	NA	NA
k127_19709_2	409	801	393	-1	0.601	11	None	GENOMAD.068048.VV	1.108e-14	72	0	0	1	2561	Caudoviricetes	NA	NA	PF20307;TIGR03600;K02314;COG0305	phage replicative helicase, DnaB family, HK022 subfamily
k127_553580_1	2	646	645	1	0.740	11	None	GENOMAD.068590.VV	1.251e-18	87	0	0	1	2561	Caudoviricetes	NA	NA	PF13871;PF11242;K11654;TIGR00721	C-terminal domain on Strawberry notch homologue
k127_630234_1	1	330	330	-1	0.636	11	None	GENOMAD.097639.VV	1.67e-10	59	0	0	1	2561	Caudoviricetes	NA	NA	PF17289;TIGR01630;COG5362	phage uncharacterized protein (putative large terminase), C-terminal domain
k127_172411_1	1	321	321	1	0.592	11	None	GENOMAD.136711.VP	6.055e-12	63	0	0	1	2561	Caudoviricetes	NA	NA	PF03354;COG5323	Large terminase phage packaging protein
k127_400950_1	4	342	339	-1	0.587	11	GGAG/GAGG	GENOMAD.223594.VP	2.581e-06	47	0	0	1	2561	Caudoviricetes	NA	NA	PF11994;PF09684;TIGR01634;COG4385	phage tail protein, P2 protein I family
k127_400967_1	3	323	321	-1	0.707	11	None	GENOMAD.153439.VV	2.374e-05	44	0	0	1	2561	Caudoviricetes	NA	NA	PF00863;PF04202;TIGR02038;COG0265	periplasmic serine pepetdase DegS
k127_477465_1	58	894	837	1	0.241	11	AAAA	GENOMAD.129503.VP	9.788e-12	68	0	0	1	2561	Caudoviricetes	NA	NA	PF19835;PF03333;TIGR01453;COG2827	group I intron endonuclease
k127_477495_1	224	3049	2826	1	0.690	11	GGAGG	GENOMAD.051102.VV	2.174e-09	64	0	0	0	2561	Caudoviricetes	NA	NA	PF02562;K01144	PhoH-like protein
k127_173029_1	3	530	528	-1	0.642	11	None	GENOMAD.099865.VV	5.806e-24	101	0	0	1	2561	Caudoviricetes	NA	NA	PF04466;PF17289;TIGR01547;COG5323;K06909	phage terminase, large subunit, PBSX family
k127_97562_1	1	537	537	1	0.642	11	None	GENOMAD.013124.VV	4.464e-18	84	0	0	1	377	Drexlerviridae	NA	NA	PF13262;COG5410	NA
k127_631539_1	1	675	675	-1	0.671	11	None	GENOMAD.053137.VV	6.385e-23	100	0	0	1	2561	Caudoviricetes	NA	NA	PF17482	Phage tail sheath C-terminal domain
k127_173918_1	2	538	537	1	0.678	11	None	GENOMAD.193019.VV	4.751e-17	81	0	0	1	2561	Caudoviricetes	NA	NA	PF17541;COG3497;TIGR02243	Phage tail sheath protein FI
k127_173977_1	1	495	495	-1	0.689	11	None	GENOMAD.068590.VV	1.985e-11	64	0	0	1	2561	Caudoviricetes	NA	NA	PF13871;PF11242;K11654;TIGR00721	C-terminal domain on Strawberry notch homologue
k127_631886_1	25	369	345	-1	0.388	15	None	GENOMAD.068048.VV	2.679e-15	73	0	0	1	2561	Caudoviricetes	NA	NA	PF20307;TIGR03600;K02314;COG0305	phage replicative helicase, DnaB family, HK022 subfamily
k127_98688_1	1	72	72	-1	0.722	11	GGA/GAG/AGG	NA	NA	NA	0	0	0	1	NA	NA	NA	NA	NA
k127_98688_2	69	479	411	-1	0.686	11	GGAGG	GENOMAD.015071.VV	1.617e-38	141	0	0	1	2561	Caudoviricetes	NA	NA	PF06199;TIGR02126;COG5437	phage major tail protein, TP901-1 family
k127_98688_3	483	884	402	-1	0.706	11	AGxAGG/AGGxGG	GENOMAD.028092.VV	5.994e-23	96	0	0	0	2561	Caudoviricetes	NA	NA	NA	NA
k127_98688_4	884	994	111	-1	0.721	11	None	NA	NA	NA	0	0	0	1	NA	NA	NA	NA	NA
k127_327409_1	3	548	546	1	0.656	11	None	GENOMAD.110218.VV	3.389e-07	52	0	0	1	1	NA	NA	NA	PF13479;TIGR01618;COG2874;K04484	phage nucleotide-binding protein
k127_403401_1	542	1264	723	1	0.633	11	GGAGG	GENOMAD.000175.VV	3.565e-05	47	0	0	1	8305	Partitiviridae	NA	NA	PF00680;COG3344	Viral RNA-dependent RNA polymerase
k127_327669_1	1	558	558	-1	0.706	11	GGAGG	GENOMAD.012458.VV	7.786e-06	48	0	0	1	2561	Caudoviricetes	NA	NA	PF13514;PF06841;TIGR03185;K19171;COG1195	DNA sulfur modification protein DndD
k127_327669_2	558	1199	642	-1	0.701	11	None	NA	NA	NA	0	0	0	1	NA	NA	NA	NA	NA
k127_99437_1	1	69	69	-1	0.638	11	GGAG/GAGG	NA	NA	NA	0	0	0	1	NA	NA	NA	NA	NA
k127_99437_2	103	912	810	-1	0.567	11	AGxAGG/AGGxGG	GENOMAD.208908.VP	5.718e-36	140	0	0	0	2561	Caudoviricetes	NA	NA	NA	NA
k127_99437_3	913	1554	642	-1	0.583	11	GGxGG	GENOMAD.205796.VP	3.352e-48	173	0	0	0	2561	Caudoviricetes	NA	NA	NA	NA
k127_99437_4	1570	1944	375	-1	0.600	11	None	GENOMAD.089271.VV	2.91e-59	200	0	0	0	2561	Caudoviricetes	NA	NA	NA	NA
k127_99437_5	1944	2252	309	-1	0.605	11	GGAG/GAGG	NA	NA	NA	0	0	0	1	NA	NA	NA	NA	NA
k127_99437_6	2273	2815	543	-1	0.591	11	3Base/5BMM	GENOMAD.049540.VV	2.031e-56	195	0	0	0	2561	Caudoviricetes	NA	NA	NA	NA
k127_99437_7	2861	3595	735	-1	0.561	11	GGAG/GAGG	GENOMAD.056631.VV	1.035e-94	309	0	0	1	2561	Caudoviricetes	NA	NA	PF19821;TIGR04387	major capsid protein, N4-gp56 family
k127_99437_8	3633	4049	417	-1	0.609	11	AGGAG	GENOMAD.059538.VV	5.938e-42	151	0	0	0	2561	Caudoviricetes	NA	NA	NA	NA
k127_99437_9	4046	5239	1194	-1	0.560	11	None	GENOMAD.064229.VV	2.554e-112	368	0	0	1	2561	Caudoviricetes	NA	NA	PF05133;TIGR01538	phage portal protein, SPP1 family
k127_328209_1	2	391	390	1	0.497	11	None	GENOMAD.068048.VV	1.067e-14	72	0	0	1	2561	Caudoviricetes	NA	NA	PF20307;TIGR03600;K02314;COG0305	phage replicative helicase, DnaB family, HK022 subfamily
k127_404144_1	1	915	915	1	0.692	11	None	GENOMAD.118632.VP	4.923e-09	60	0	0	1	2561	Caudoviricetes	NA	NA	PF00476;PF07141	DNA polymerase family A; Putative bacteriophage terminase small subunit
k127_556993_1	1	594	594	1	0.655	11	None	GENOMAD.026355.VV	1.496e-20	92	0	0	1	2561	Caudoviricetes	NA	NA	PF20307;TIGR02238	Divergent DnaB-like ATPase
k127_99916_1	3	1091	1089	-1	0.689	11	None	GENOMAD.068590.VV	1.681e-56	204	0	0	1	2561	Caudoviricetes	NA	NA	PF13871;PF11242;K11654;TIGR00721	C-terminal domain on Strawberry notch homologue
k127_633802_1	2	625	624	-1	0.660	11	GGA/GAG/AGG	GENOMAD.091147.VV	5.283e-06	49	0	0	1	2561	Caudoviricetes	NA	NA	PF05954;K06905;COG3500;TIGR03361	Phage protein D
k127_633802_2	625	1212	588	-1	0.697	11	None	NA	NA	NA	0	0	0	1	NA	NA	NA	NA	NA
k127_99991_1	1	378	378	-1	0.619	11	None	GENOMAD.171651.VP	5.181e-46	162	0	0	1	2561	Caudoviricetes	NA	NA	PF10076	Bacteriophage Mu-like, Gp48
k127_404459_1	174	332	159	1	0.686	11	GGAGG	GENOMAD.145505.VV	6.629e-11	57	0	0	1	2561	Caudoviricetes	NA	NA	PF07141	Putative bacteriophage terminase small subunit
k127_404615_1	2	328	327	1	0.606	11	None	GENOMAD.078775.VV	2.539e-05	44	0	0	1	1	NA	NA	NA	PF11242;TIGR02844;COG2344;K01994	sporulation transcriptional regulator SpoIIID
k127_710075_1	2	1030	1029	-1	0.724	11	None	GENOMAD.083526.VV	0.0001545	46	0	0	1	2561	Caudoviricetes	NA	NA	PF07230;TIGR01537	Bacteriophage T4-like portal protein (Gp20)
k127_634960_1	2	244	243	-1	0.728	11	GGAG/GAGG	GENOMAD.224435.VP	7.089e-08	50	0	0	1	2561	Caudoviricetes	NA	NA	PF04965;K06903;COG3628;TIGR03357	Baseplate wedge protein gp25
k127_634960_2	241	318	78	-1	0.692	11	None	NA	NA	NA	0	0	0	1	NA	NA	NA	NA	NA
k127_482024_1	1	1332	1332	-1	0.600	11	GGAG/GAGG	GENOMAD.116655.VV	1.432e-198	620	0	0	1	2561	Caudoviricetes	NA	NA	PF04860;TIGR01537;COG5005	phage portal protein, HK97 family
k127_482024_2	1416	1646	231	1	0.628	11	None	NA	NA	NA	0	0	0	1	NA	NA	NA	NA	NA
k127_482024_3	1646	1966	321	1	0.579	11	None	GENOMAD.116655.VV	1.052e-53	183	0	0	1	2561	Caudoviricetes	NA	NA	PF04860;TIGR01537;COG5005	phage portal protein, HK97 family
k127_101843_1	2	991	990	1	0.649	11	None	GENOMAD.013210.VV	3.552e-33	134	0	0	1	2561	Caudoviricetes	NA	NA	PF00211;PF08994;PF08993;COG2114	Adenylate and Guanylate cyclase catalytic domain; T4 gene Gp59 loader of gp41 DNA helicase C-term; T4 gene Gp59 loader of gp41 DNA helicase
k127_25585_1	3	572	570	1	0.691	11	None	GENOMAD.023316.VV	3.106e-16	79	0	0	1	2561	Caudoviricetes	NA	NA	PF03167;PF18906;TIGR00758;COG1573;K21929	uracil-DNA glycosylase, family 4
k127_330614_1	3	218	216	1	0.616	11	None	GENOMAD.038338.VV	3.184e-11	59	0	0	0	2561	Caudoviricetes	NA	NA	COG3392	NA
k127_330614_2	205	369	165	1	0.624	11	GGAGG	GENOMAD.129590.VP	2.598e-06	44	0	0	1	2561	Caudoviricetes	NA	NA	PF07141	Putative bacteriophage terminase small subunit
k127_330614_3	379	486	108	1	0.620	11	None	NA	NA	NA	0	0	0	1	NA	NA	NA	NA	NA
k127_102696_1	28	1305	1278	-1	0.692	11	None	GENOMAD.068048.VV	2.513e-19	94	0	0	1	2561	Caudoviricetes	NA	NA	PF20307;TIGR03600;K02314;COG0305	phage replicative helicase, DnaB family, HK022 subfamily
k127_256012_1	3	857	855	-1	0.727	11	None	GENOMAD.068590.VV	8.988e-37	143	0	0	1	2561	Caudoviricetes	NA	NA	PF13871;PF11242;K11654;TIGR00721	C-terminal domain on Strawberry notch homologue
k127_484175_1	141	467	327	-1	0.505	11	None	GENOMAD.195656.VP	5.441e-05	43	0	0	1	9067	Straboviridae	NA	NA	PF19835;PF07453;TIGR01453;COG2827	group I intron endonuclease
k127_256133_1	2	304	303	1	0.614	11	None	NA	NA	NA	0	0	0	1	NA	NA	NA	NA	NA
k127_256133_2	169	801	633	-1	0.603	11	GGA/GAG/AGG	GENOMAD.044142.VV	6.038e-29	117	0	0	0	2561	Caudoviricetes	NA	NA	PF11436;TIGR02215	phage conserved hypothetical protein, phiE125 gp8 family
k127_256133_3	806	1264	459	-1	0.610	11	None	NA	NA	NA	0	0	0	1	NA	NA	NA	NA	NA
k127_256133_4	1270	2076	807	-1	0.584	11	None	GENOMAD.109691.VV	1.748e-63	220	0	0	1	2561	Caudoviricetes	NA	NA	PF06141	Phage minor tail protein U
k127_332545_1	1	486	486	1	0.667	11	None	GENOMAD.068048.VV	2.923e-16	78	0	0	1	2561	Caudoviricetes	NA	NA	PF20307;TIGR03600;K02314;COG0305	phage replicative helicase, DnaB family, HK022 subfamily
k127_27509_1	3	812	810	1	0.710	11	None	GENOMAD.057710.VV	5.223e-06	50	0	0	1	2561	Caudoviricetes	NA	NA	PF00589;PF04860;K07358;TIGR01537	Phage integrase family; Phage portal protein
k127_638084_1	1	639	639	1	0.665	11	None	GENOMAD.000175.VV	6.207e-08	55	0	0	1	8305	Partitiviridae	NA	NA	PF00680;COG3344	Viral RNA-dependent RNA polymerase
k127_484655_1	3	569	567	1	0.675	11	None	GENOMAD.023991.VV	3.106e-16	79	0	0	1	2561	Caudoviricetes	NA	NA	COG5410	Mu-like prophage FluMu protein gp28
k127_408612_1	1	402	402	-1	0.682	11	None	GENOMAD.068048.VV	6.307e-14	70	0	0	1	2561	Caudoviricetes	NA	NA	PF20307;TIGR03600;K02314;COG0305	phage replicative helicase, DnaB family, HK022 subfamily
k127_561479_1	1	471	471	1	0.675	11	None	GENOMAD.053137.VV	3.01e-32	124	0	0	1	2561	Caudoviricetes	NA	NA	PF17482	Phage tail sheath C-terminal domain
k127_638416_1	3	251	249	1	0.691	11	None	GENOMAD.038338.VV	2.101e-12	63	0	0	0	2561	Caudoviricetes	NA	NA	COG3392	NA
k127_638416_2	241	648	408	1	0.618	11	AGxAGG/AGGxGG	GENOMAD.192021.VP	2.521e-05	45	0	0	0	2561	Caudoviricetes	NA	NA	PF18932	NA
k127_638416_3	659	970	312	1	0.654	11	GGA/GAG/AGG	GENOMAD.017632.VV	6.973e-09	54	0	0	1	2561	Caudoviricetes	NA	NA	PF03354;COG5410;TIGR01547	phage terminase, large subunit, PBSX family
k127_638416_4	1013	2143	1131	1	0.629	11	None	GENOMAD.031112.VV	1.23e-17	88	0	0	1	2561	Caudoviricetes	NA	NA	COG5362	Phage terminase large subunit
k127_638416_5	2378	2500	123	1	0.585	11	AGGAG	NA	NA	NA	0	0	0	1	NA	NA	NA	NA	NA
k127_27919_1	72	362	291	-1	0.632	11	None	GENOMAD.023636.VV	1.02e-17	79	0	0	1	2561	Caudoviricetes	NA	NA	PF11651;TIGR04387	P22 coat protein - gene protein 5
k127_334225_1	1	537	537	-1	0.680	11	None	GENOMAD.169508.VP	3.176e-06	49	0	0	1	2561	Caudoviricetes	NA	NA	PF04708;PF13262;COG1961;K14060	Site-specific DNA recombinase related to the DNA invertase Pin
k127_639773_1	3	554	552	1	0.743	11	None	GENOMAD.180647.VP	6.832e-12	66	0	0	0	1	NA	NA	NA	NA	NA
k127_639773_2	547	945	399	1	0.747	11	AGGAG/GGAGG	GENOMAD.025766.VV	1.029e-06	49	0	0	1	2561	Caudoviricetes	NA	NA	PF03354;COG4373;TIGR01547	Mu-like prophage FluMu protein gp28
k127_105980_1	1	453	453	-1	0.667	11	None	GENOMAD.037540.VV	8.185e-05	44	0	0	1	2561	Caudoviricetes	NA	NA	PF20387	NA
k127_29853_1	33	1091	1059	1	0.640	11	AGGAG	GENOMAD.000175.VV	2.215e-11	68	0	0	1	8305	Partitiviridae	NA	NA	PF00680;COG3344	Viral RNA-dependent RNA polymerase
k127_640554_1	1	513	513	-1	0.649	11	None	GENOMAD.000175.VV	5.806e-06	48	0	0	1	8305	Partitiviridae	NA	NA	PF00680;COG3344	Viral RNA-dependent RNA polymerase
k127_716162_1	1	576	576	-1	0.634	11	None	GENOMAD.068048.VV	7.068e-17	81	0	0	1	2561	Caudoviricetes	NA	NA	PF20307;TIGR03600;K02314;COG0305	phage replicative helicase, DnaB family, HK022 subfamily
k127_335481_1	3	371	369	1	0.669	11	None	NA	NA	NA	0	0	0	1	NA	NA	NA	NA	NA
k127_335481_2	379	726	348	1	0.655	11	GGAG/GAGG	GENOMAD.152240.VV	6.021e-07	49	0	0	1	2561	Caudoviricetes	NA	NA	COG4675	Microcystin-dependent protein  (function unknown)
k127_716633_1	1	315	315	-1	0.670	11	None	GENOMAD.133504.VP	3.726e-08	52	0	0	1	2561	Caudoviricetes	NA	NA	PF04466;TIGR01547;COG5410	phage terminase, large subunit, PBSX family
k127_335816_1	1	468	468	1	0.647	11	None	GENOMAD.140351.VV	8.256e-08	53	0	0	1	2561	Caudoviricetes	NA	NA	COG4675	Microcystin-dependent protein  (function unknown)
k127_335830_1	1	354	354	-1	0.681	11	None	GENOMAD.153532.VC	6.953e-06	46	0	0	1	2561	Caudoviricetes	NA	NA	PF09293	T4 RNase H, C terminal
k127_30960_1	3	260	258	1	0.574	11	None	NA	NA	NA	0	0	0	1	NA	NA	NA	NA	NA
k127_30960_2	378	812	435	1	0.589	11	GGA/GAG/AGG	GENOMAD.063438.VV	2.552e-70	233	0	0	0	2561	Caudoviricetes	NA	NA	NA	NA
k127_30960_3	900	1079	180	1	0.589	11	AGGA	NA	NA	NA	0	0	0	1	NA	NA	NA	NA	NA
k127_30960_4	1081	1827	747	1	0.578	11	GGAG/GAGG	GENOMAD.115798.VV	2.783e-76	256	0	0	0	2561	Caudoviricetes	NA	NA	NA	NA
k127_30960_5	1827	2264	438	1	0.630	11	GGxGG	GENOMAD.093408.VV	6.558e-69	229	0	0	1	2561	Caudoviricetes	NA	NA	PF09356;PF11836;TIGR02218	phage conserved hypothetical protein BR0599
k127_30960_6	2610	2969	360	1	0.633	11	GGAG/GAGG	NA	NA	NA	0	0	0	1	NA	NA	NA	NA	NA
k127_717259_1	1	408	408	-1	0.674	11	None	GENOMAD.064038.VV	2.164e-18	83	0	0	1	2561	Caudoviricetes	NA	NA	PF04860;TIGR01537;COG4695	phage portal protein, HK97 family
k127_488197_1	1	420	420	1	0.745	11	None	GENOMAD.068590.VV	6.092e-17	79	0	0	1	2561	Caudoviricetes	NA	NA	PF13871;PF11242;K11654;TIGR00721	C-terminal domain on Strawberry notch homologue
k127_565054_1	2	379	378	1	0.606	11	None	GENOMAD.053137.VV	3.57e-17	79	0	0	1	2561	Caudoviricetes	NA	NA	PF17482	Phage tail sheath C-terminal domain
k127_412791_1	1	309	309	-1	0.647	11	None	GENOMAD.147017.VP	1.015e-20	88	0	0	1	2561	Caudoviricetes	NA	NA	PF04466;TIGR01547;COG1783	Phage terminase large subunit
k127_336984_1	3	308	306	1	0.549	11	None	GENOMAD.123534.VP	5.592e-42	149	0	0	1	2561	Caudoviricetes	NA	NA	PF05133;TIGR01538	Phage portal protein, SPP1 Gp6-like
k127_261121_1	140	613	474	1	0.633	11	AGGAG	GENOMAD.063098.VV	1.826e-08	55	0	0	1	2561	Caudoviricetes	NA	NA	PF11126	Transcriptional regulator DsbA
k127_108918_1	2	184	183	-1	0.645	11	GGAG/GAGG	GENOMAD.129999.VP	1.552e-13	65	0	0	1	2561	Caudoviricetes	NA	NA	PF04708;COG1961;K21528	Site-specific DNA recombinase related to the DNA invertase Pin
k127_108918_2	197	478	282	-1	0.599	11	None	NA	NA	NA	0	0	0	1	NA	NA	NA	NA	NA
k127_718620_1	1	783	783	-1	0.705	11	None	GENOMAD.013210.VV	3.561e-24	105	0	0	1	2561	Caudoviricetes	NA	NA	PF00211;PF08994;PF08993;COG2114	Adenylate and Guanylate cyclase catalytic domain; T4 gene Gp59 loader of gp41 DNA helicase C-term; T4 gene Gp59 loader of gp41 DNA helicase
k127_489614_1	1	426	426	1	0.702	11	None	GENOMAD.013210.VV	7.734e-15	73	0	0	1	2561	Caudoviricetes	NA	NA	PF00211;PF08994;PF08993;COG2114	Adenylate and Guanylate cyclase catalytic domain; T4 gene Gp59 loader of gp41 DNA helicase C-term; T4 gene Gp59 loader of gp41 DNA helicase
k127_109325_1	2	70	69	1	0.667	11	None	NA	NA	NA	0	0	0	1	NA	NA	NA	NA	NA
k127_109325_2	67	999	933	1	0.681	11	GGAG/GAGG	GENOMAD.013210.VV	1.121e-19	93	0	0	1	2561	Caudoviricetes	NA	NA	PF00211;PF08994;PF08993;COG2114	Adenylate and Guanylate cyclase catalytic domain; T4 gene Gp59 loader of gp41 DNA helicase C-term; T4 gene Gp59 loader of gp41 DNA helicase
k127_643492_1	3	386	384	1	0.562	11	None	GENOMAD.140409.VP	2.281e-14	71	0	0	1	2561	Caudoviricetes	NA	NA	PF13550;COG4733	Phage-related protein, tail component
k127_110135_1	2	376	375	1	0.725	11	None	GENOMAD.002176.VV	8.632e-06	46	0	0	1	2561	Caudoviricetes	NA	NA	PF11650	P22 tail accessory factor
k127_186238_1	2	115	114	-1	0.807	11	GGAGG	NA	NA	NA	0	0	0	1	NA	NA	NA	NA	NA
k127_186238_2	112	672	561	-1	0.708	11	None	GENOMAD.068590.VV	5.902e-17	81	0	0	1	2561	Caudoviricetes	NA	NA	PF13871;PF11242;K11654;TIGR00721	C-terminal domain on Strawberry notch homologue
k127_110596_1	2	289	288	-1	0.618	11	GGA/GAG/AGG	GENOMAD.002932.VV	5.297e-09	54	0	0	1	2561	Caudoviricetes	NA	NA	TIGR01630;COG5362	phage uncharacterized protein (putative large terminase), C-terminal domain
k127_110596_2	283	609	327	-1	0.645	11	None	NA	NA	NA	0	0	0	1	NA	NA	NA	NA	NA
k127_415217_1	1	792	792	1	0.688	11	None	GENOMAD.032636.VV	4.186e-16	81	0	0	1	2561	Caudoviricetes	NA	NA	PF20307;PF07486;TIGR02239;COG0468;K18947	Divergent DnaB-like ATPase; Cell Wall Hydrolase
k127_263237_1	75	386	312	-1	0.625	11	None	GENOMAD.063098.VV	1.553e-08	53	0	0	1	2561	Caudoviricetes	NA	NA	PF11126	Transcriptional regulator DsbA
k127_567982_1	1	414	414	-1	0.696	11	None	GENOMAD.053137.VV	6.096e-25	102	0	0	1	2561	Caudoviricetes	NA	NA	PF17482	Phage tail sheath C-terminal domain
k127_415880_1	2	394	393	1	0.679	11	None	GENOMAD.053137.VV	3.612e-19	85	0	0	1	2561	Caudoviricetes	NA	NA	PF17482	Phage tail sheath C-terminal domain
k127_111675_1	1	345	345	1	0.728	11	None	GENOMAD.129999.VP	2.53e-16	76	0	0	1	2561	Caudoviricetes	NA	NA	PF04708;COG1961;K21528	Site-specific DNA recombinase related to the DNA invertase Pin
k127_340331_1	3	413	411	-1	0.732	11	None	GENOMAD.068590.VV	1.184e-25	104	0	0	1	2561	Caudoviricetes	NA	NA	PF13871;PF11242;K11654;TIGR00721	C-terminal domain on Strawberry notch homologue
k127_187806_1	1	669	669	-1	0.653	11	None	GENOMAD.068590.VV	8.068e-12	67	0	0	1	2561	Caudoviricetes	NA	NA	PF13871;PF11242;K11654;TIGR00721	C-terminal domain on Strawberry notch homologue
k127_35186_1	3	296	294	1	0.619	11	None	GENOMAD.115854.VV	1.668e-05	44	0	0	0	1	NA	NA	NA	NA	NA
k127_35186_2	268	519	252	1	0.595	11	GGA/GAG/AGG	GENOMAD.071342.VV	2.651e-18	80	0	0	1	2561	Caudoviricetes	NA	NA	PF05894;TIGR01547;COG1783	Podovirus DNA encapsidation protein (Gp16)
k127_721477_1	1	492	492	1	0.646	11	None	GENOMAD.095266.VV	1.039e-07	53	0	0	1	2561	Caudoviricetes	NA	NA	COG4653	Predicted phage phi-C31 gp36 major capsid-like protein
k127_264594_1	2	310	309	1	0.644	11	None	NA	NA	NA	0	0	0	1	NA	NA	NA	NA	NA
k127_264594_2	303	1091	789	1	0.669	11	AGGAG	GENOMAD.220449.VP	0.0003875	44	0	0	0	2561	Caudoviricetes	NA	NA	NA	NA
k127_264594_3	1146	2228	1083	1	0.704	11	AGGAG	NA	NA	NA	0	0	0	1	NA	NA	NA	NA	NA
k127_264594_4	2225	2692	468	1	0.707	11	3Base/5BMM	NA	NA	NA	0	0	0	1	NA	NA	NA	NA	NA
k127_569538_1	2	148	147	1	0.571	11	None	GENOMAD.107659.VV	1.017e-11	59	0	0	0	2561	Caudoviricetes	NA	NA	NA	NA
k127_569538_2	152	1726	1575	1	0.575	11	GGAG/GAGG	NA	NA	NA	0	0	0	1	NA	NA	NA	NA	NA
k127_569538_3	1737	2165	429	1	0.562	11	AGGAG	GENOMAD.181471.VP	3.73e-32	123	0	0	1	2561	Caudoviricetes	NA	NA	PF09393	Phage tail tube protein
k127_569538_4	2165	2509	345	1	0.597	11	GGAGG	GENOMAD.093281.VV	8.059e-44	155	0	0	1	2561	Caudoviricetes	NA	NA	COG4518	NA
k127_569538_5	2557	2679	123	1	0.585	11	AGGA	GENOMAD.173061.VV	1.17e-13	64	0	0	0	1	NA	NA	NA	NA	NA
k127_569538_6	2676	3632	957	1	0.605	11	GGAG/GAGG	NA	NA	NA	0	0	0	1	NA	NA	NA	NA	NA
k127_417119_1	3	419	417	1	0.698	11	None	GENOMAD.218988.VP	2.804e-05	45	0	0	1	1	NA	NA	NA	PF09293	T4 RNase H, C terminal
k127_417222_1	3	443	441	1	0.714	11	None	GENOMAD.002176.VV	3.317e-06	48	0	0	1	2561	Caudoviricetes	NA	NA	PF11650	P22 tail accessory factor
k127_341975_1	2	487	486	-1	0.630	11	None	GENOMAD.100194.VV	4.431e-21	92	0	0	1	2561	Caudoviricetes	NA	NA	PF04466;TIGR01547;COG5323	Phage terminase large subunit
k127_113653_1	2	775	774	-1	0.708	11	GGA/GAG/AGG	GENOMAD.060259.VV	0.0003749	44	0	0	1	2561	Caudoviricetes	NA	NA	PF20307;TIGR02236;COG0468;K04484	Divergent DnaB-like ATPase
k127_571026_1	1	657	657	1	0.682	11	None	GENOMAD.068048.VV	3.387e-14	74	0	0	1	2561	Caudoviricetes	NA	NA	PF20307;TIGR03600;K02314;COG0305	phage replicative helicase, DnaB family, HK022 subfamily
k127_37292_1	2	253	252	-1	0.671	11	GGA/GAG/AGG	NA	NA	NA	0	0	0	1	NA	NA	NA	NA	NA
k127_37292_2	253	693	441	-1	0.660	11	None	GENOMAD.068048.VV	4.348e-14	71	0	0	1	2561	Caudoviricetes	NA	NA	PF20307;TIGR03600;K02314;COG0305	phage replicative helicase, DnaB family, HK022 subfamily
k127_189963_1	3	443	441	1	0.685	11	None	GENOMAD.118632.VP	1.414e-07	52	0	0	1	2561	Caudoviricetes	NA	NA	PF00476;PF07141	DNA polymerase family A; Putative bacteriophage terminase small subunit
k127_571271_1	2	583	582	1	0.689	11	None	GENOMAD.057710.VV	9.205e-07	51	0	0	1	2561	Caudoviricetes	NA	NA	PF00589;PF04860;K07358;TIGR01537	Phage integrase family; Phage portal protein
k127_114090_1	2	517	516	1	0.702	11	None	GENOMAD.057710.VV	5.896e-07	51	0	0	1	2561	Caudoviricetes	NA	NA	PF00589;PF04860;K07358;TIGR01537	Phage integrase family; Phage portal protein
k127_114300_1	2	673	672	-1	0.622	11	None	GENOMAD.013210.VV	5.279e-26	109	0	0	1	2561	Caudoviricetes	NA	NA	PF00211;PF08994;PF08993;COG2114	Adenylate and Guanylate cyclase catalytic domain; T4 gene Gp59 loader of gp41 DNA helicase C-term; T4 gene Gp59 loader of gp41 DNA helicase
k127_494921_1	2	442	441	1	0.673	11	None	GENOMAD.070325.VV	3.43e-05	45	0	0	1	1	NA	NA	NA	PF09293	T4 RNase H, C terminal
k127_37903_1	1	321	321	1	0.667	11	None	GENOMAD.060259.VV	9.786e-07	48	0	0	1	2561	Caudoviricetes	NA	NA	PF20307;TIGR02236;COG0468;K04484	Divergent DnaB-like ATPase
k127_571761_1	1	567	567	1	0.690	11	None	GENOMAD.118632.VP	1.818e-07	53	0	0	1	2561	Caudoviricetes	NA	NA	PF00476;PF07141	DNA polymerase family A; Putative bacteriophage terminase small subunit
k127_114642_1	2	133	132	1	0.674	11	None	NA	NA	NA	0	0	0	1	NA	NA	NA	NA	NA
k127_114642_2	133	420	288	1	0.698	11	3Base/5BMM	GENOMAD.168708.VP	2.924e-07	49	0	0	1	2561	Caudoviricetes	NA	NA	PF14464;PF06805;COG4723;K21140;TIGR02256	Phage-related protein, tail component
k127_419461_1	3	458	456	1	0.623	11	None	GENOMAD.068048.VV	1.057e-14	73	0	0	1	2561	Caudoviricetes	NA	NA	PF20307;TIGR03600;K02314;COG0305	phage replicative helicase, DnaB family, HK022 subfamily
k127_419461_2	455	709	255	1	0.694	11	GGxGG	NA	NA	NA	0	0	0	1	NA	NA	NA	NA	NA
k127_573586_1	1	327	327	1	0.587	11	None	GENOMAD.116655.VV	1.919e-64	214	0	0	1	2561	Caudoviricetes	NA	NA	PF04860;TIGR01537;COG5005	phage portal protein, HK97 family
k127_651120_1	2	607	606	1	0.701	11	None	GENOMAD.082189.VV	4.887e-07	52	0	0	1	2561	Caudoviricetes	NA	NA	PF00959;COG3772	Phage-related lysozyme (muramidase), GH24 family
k127_726734_1	3	620	618	-1	0.604	11	None	GENOMAD.005158.VV	5.619e-10	61	0	0	1	2561	Caudoviricetes	NA	NA	PF04586;PF13395;TIGR02646;K06904	TIGR02646 family protein
k127_193247_1	51	395	345	-1	0.510	11	None	GENOMAD.128478.VV	4.916e-25	101	0	0	1	1	NA	NA	NA	PF05939;TIGR02217;COG4718	Phage minor tail protein
k127_346653_1	1	354	354	1	0.503	11	None	GENOMAD.003590.VV	3.993e-61	205	0	0	1	2561	Caudoviricetes	NA	NA	PF04860;TIGR01537;COG4695	phage portal protein, HK97 family
k127_498562_1	1	153	153	1	0.712	11	None	NA	NA	NA	0	0	0	1	NA	NA	NA	NA	NA
k127_498562_2	163	498	336	1	0.699	11	AGGAG	GENOMAD.019257.VV	1.165e-06	48	0	0	1	2561	Caudoviricetes	NA	NA	K21531	NA
k127_194120_1	2	832	831	-1	0.712	11	None	GENOMAD.013210.VV	2.428e-25	109	0	0	1	2561	Caudoviricetes	NA	NA	PF00211;PF08994;PF08993;COG2114	Adenylate and Guanylate cyclase catalytic domain; T4 gene Gp59 loader of gp41 DNA helicase C-term; T4 gene Gp59 loader of gp41 DNA helicase
k127_727762_1	1	321	321	-1	0.688	11	None	GENOMAD.124507.VV	3.257e-26	104	0	0	1	2561	Caudoviricetes	NA	NA	PF11242;K22300;COG3655;TIGR00673	DNA-binding transcriptional regulator, XRE family
k127_194876_1	82	714	633	-1	0.738	11	None	GENOMAD.068590.VV	2.552e-30	121	0	0	1	2561	Caudoviricetes	NA	NA	PF13871;PF11242;K11654;TIGR00721	C-terminal domain on Strawberry notch homologue
k127_576140_1	2	586	585	-1	0.723	11	None	GENOMAD.195568.VP	1.94e-05	47	0	0	1	2561	Caudoviricetes	NA	NA	PF20025;PF01331;K18951;TIGR04120;COG1793	DNA ligase, ATP-dependent, PP_1105 family
k127_728597_1	1	495	495	1	0.644	11	None	GENOMAD.068048.VV	4.13e-12	66	0	0	1	2561	Caudoviricetes	NA	NA	PF20307;TIGR03600;K02314;COG0305	phage replicative helicase, DnaB family, HK022 subfamily
k127_195082_1	3	779	777	1	0.645	11	None	GENOMAD.084135.VV	0.0007814	43	0	0	1	1	NA	NA	NA	PF07880	Bacteriophage T4 gp9/10-like protein
k127_424508_1	3	1154	1152	1	0.620	11	None	GENOMAD.000175.VV	2.206e-05	49	0	0	1	8305	Partitiviridae	NA	NA	PF00680;COG3344	Viral RNA-dependent RNA polymerase
k127_653848_1	3	437	435	-1	0.237	11	AAAA	GENOMAD.154384.VP	1.227e-09	58	0	0	1	2561	Caudoviricetes	NA	NA	PF19835;TIGR01453;COG3680	group I intron endonuclease
k127_348707_1	108	389	282	1	0.599	11	GGA/GAG/AGG	NA	NA	NA	0	0	0	1	NA	NA	NA	NA	NA
k127_348707_2	403	1614	1212	1	0.692	11	GGA/GAG/AGG	NA	NA	NA	0	0	0	1	NA	NA	NA	NA	NA
k127_348707_3	1741	3747	2007	1	0.660	11	None	GENOMAD.053052.VV	1.181e-32	139	0	0	0	1	NA	NA	NA	PF01431;K07386;COG3590	Predicted metalloendopeptidase
k127_273050_1	3	812	810	1	0.617	11	None	GENOMAD.000175.VV	4.645e-05	47	0	0	1	8305	Partitiviridae	NA	NA	PF00680;COG3344	Viral RNA-dependent RNA polymerase
k127_577760_1	2	364	363	1	0.716	11	None	GENOMAD.129999.VP	1.316e-17	80	0	0	1	2561	Caudoviricetes	NA	NA	PF04708;COG1961;K21528	Site-specific DNA recombinase related to the DNA invertase Pin
k127_654696_1	3	875	873	1	0.670	11	None	GENOMAD.099865.VV	1.97e-52	189	0	0	1	2561	Caudoviricetes	NA	NA	PF04466;PF17289;TIGR01547;COG5323;K06909	phage terminase, large subunit, PBSX family
k127_121703_1	45	401	357	1	0.490	11	GGAG/GAGG	GENOMAD.128478.VV	1.844e-29	114	0	0	1	1	NA	NA	NA	PF05939;TIGR02217;COG4718	Phage minor tail protein
k127_655821_1	1	75	75	1	0.653	11	None	NA	NA	NA	0	0	0	1	NA	NA	NA	NA	NA
k127_655821_2	45	410	366	-1	0.708	11	None	GENOMAD.011071.VV	7.64e-06	46	0	0	1	2561	Caudoviricetes	NA	NA	PF09215;K21530;COG3628;TIGR03357	Bacteriophage T4, Gp8
k127_274610_1	1	2925	2925	-1	0.666	11	None	GENOMAD.004243.VV	8.058e-05	49	0	0	0	6064	Autographiviridae	NA	NA	NA	NA
k127_274610_2	3093	3335	243	-1	0.621	11	None	NA	NA	NA	0	0	0	1	NA	NA	NA	NA	NA
k127_274610_3	3368	4270	903	-1	0.694	11	GGA/GAG/AGG	NA	NA	NA	0	0	0	1	NA	NA	NA	NA	NA
k127_274610_4	4538	4702	165	-1	0.600	11	GGAGG	NA	NA	NA	0	0	0	1	NA	NA	NA	NA	NA
k127_656002_1	2	571	570	1	0.695	11	None	GENOMAD.034157.VV	2.091e-23	100	0	0	1	2561	Caudoviricetes	NA	NA	PF20441;PF03354;COG4626;TIGR01547	Phage terminase-like protein, large subunit, contains N-terminal HTH domain
k127_274971_1	3	335	333	-1	0.694	11	None	GENOMAD.124507.VV	4.308e-25	101	0	0	1	2561	Caudoviricetes	NA	NA	PF11242;K22300;COG3655;TIGR00673	DNA-binding transcriptional regulator, XRE family
k127_656397_1	1	468	468	1	0.724	11	None	GENOMAD.054986.VV	1.909e-06	49	0	0	1	2561	Caudoviricetes	NA	NA	PF09293	T4 RNase H, C terminal
k127_427179_1	2	385	384	-1	0.536	11	None	GENOMAD.053137.VV	1.313e-20	89	0	0	1	2561	Caudoviricetes	NA	NA	PF17482	Phage tail sheath C-terminal domain
k127_503424_1	2	709	708	-1	0.644	11	None	GENOMAD.053137.VV	4.848e-17	83	0	0	1	2561	Caudoviricetes	NA	NA	PF17482	Phage tail sheath C-terminal domain
k127_504218_1	3	485	483	-1	0.702	11	None	GENOMAD.013210.VV	1.023e-19	88	0	0	1	2561	Caudoviricetes	NA	NA	PF00211;PF08994;PF08993;COG2114	Adenylate and Guanylate cyclase catalytic domain; T4 gene Gp59 loader of gp41 DNA helicase C-term; T4 gene Gp59 loader of gp41 DNA helicase
k127_428326_1	3	359	357	-1	0.689	11	None	GENOMAD.068048.VV	6.138e-08	52	0	0	1	2561	Caudoviricetes	NA	NA	PF20307;TIGR03600;K02314;COG0305	phage replicative helicase, DnaB family, HK022 subfamily
k127_276467_1	2	976	975	1	0.727	11	None	GENOMAD.013210.VV	1.504e-31	129	0	0	1	2561	Caudoviricetes	NA	NA	PF00211;PF08994;PF08993;COG2114	Adenylate and Guanylate cyclase catalytic domain; T4 gene Gp59 loader of gp41 DNA helicase C-term; T4 gene Gp59 loader of gp41 DNA helicase
k127_199897_1	1	336	336	1	0.622	11	None	GENOMAD.124193.VP	7.366e-12	63	0	0	1	2561	Caudoviricetes	NA	NA	PF05100;TIGR01600;COG4672	lambda-like phage minor tail protein L
k127_429171_1	103	993	891	-1	0.666	11	None	GENOMAD.020821.VV	2.819e-12	70	0	0	1	2561	Caudoviricetes	NA	NA	PF05876;PF16203;K14440;COG5410;TIGR04095	ERCC4-related helicase
k127_429691_1	2	460	459	-1	0.693	11	None	GENOMAD.118632.VP	1.71e-07	52	0	0	1	2561	Caudoviricetes	NA	NA	PF00476;PF07141	DNA polymerase family A; Putative bacteriophage terminase small subunit
k127_659340_1	2	439	438	1	0.616	11	None	GENOMAD.013210.VV	3.717e-16	77	0	0	1	2561	Caudoviricetes	NA	NA	PF00211;PF08994;PF08993;COG2114	Adenylate and Guanylate cyclase catalytic domain; T4 gene Gp59 loader of gp41 DNA helicase C-term; T4 gene Gp59 loader of gp41 DNA helicase
k127_278247_1	2	769	768	1	0.688	11	None	GENOMAD.042265.VV	2.625e-08	57	0	0	1	2561	Caudoviricetes	NA	NA	PF20307;TIGR02237;COG0468;K04485	Divergent DnaB-like ATPase
k127_506137_1	17	838	822	-1	0.735	11	None	GENOMAD.068590.VV	1.063e-40	154	0	0	1	2561	Caudoviricetes	NA	NA	PF13871;PF11242;K11654;TIGR00721	C-terminal domain on Strawberry notch homologue
k127_125999_1	12	608	597	-1	0.685	11	None	GENOMAD.118632.VP	4.682e-11	64	0	0	1	2561	Caudoviricetes	NA	NA	PF00476;PF07141	DNA polymerase family A; Putative bacteriophage terminase small subunit
k127_735718_1	2	451	450	1	0.664	11	None	GENOMAD.032636.VV	1.578e-07	52	0	0	1	2561	Caudoviricetes	NA	NA	PF20307;PF07486;TIGR02239;COG0468;K18947	Divergent DnaB-like ATPase; Cell Wall Hydrolase
k127_49826_1	2	934	933	1	0.608	11	None	GENOMAD.169508.VP	1.184e-22	102	0	0	1	2561	Caudoviricetes	NA	NA	PF04708;PF13262;COG1961;K14060	Site-specific DNA recombinase related to the DNA invertase Pin
k127_49954_1	3	413	411	-1	0.669	11	None	GENOMAD.054986.VV	1.216e-05	46	0	0	1	2561	Caudoviricetes	NA	NA	PF09293	T4 RNase H, C terminal
k127_736503_1	3	314	312	-1	0.651	11	None	GENOMAD.042265.VV	9.645e-06	45	0	0	1	2561	Caudoviricetes	NA	NA	PF20307;TIGR02237;COG0468;K04485	Divergent DnaB-like ATPase
k127_507588_1	2	337	336	1	0.613	11	None	GENOMAD.068048.VV	1.351e-13	68	0	0	1	2561	Caudoviricetes	NA	NA	PF20307;TIGR03600;K02314;COG0305	phage replicative helicase, DnaB family, HK022 subfamily
k127_508236_1	2	346	345	1	0.652	11	None	GENOMAD.209380.VP	2.988e-05	44	0	0	0	2561	Caudoviricetes	NA	NA	PF18932	NA
k127_508236_2	346	1176	831	1	0.643	11	None	GENOMAD.013124.VV	1.197e-17	86	0	0	1	377	Drexlerviridae	NA	NA	PF13262;COG5410	NA
k127_508334_1	3	443	441	-1	0.646	11	None	GENOMAD.161610.VP	3.028e-08	54	0	0	1	2561	Caudoviricetes	NA	NA	PF04865;COG3299	Baseplate J-like protein
k127_584953_1	1	339	339	1	0.581	11	None	GENOMAD.178975.VV	9.759e-09	54	0	0	0	1	NA	NA	NA	NA	NA
k127_584953_2	311	1390	1080	1	0.550	11	GGA/GAG/AGG	GENOMAD.085533.VV	7.499e-31	128	0	0	1	2561	Caudoviricetes	NA	NA	PF05954;COG4379;TIGR03361;K06905	Mu-like prophage tail protein gpP
k127_584953_3	1399	1950	552	1	0.569	11	AGGAG	GENOMAD.069055.VV	1.505e-52	184	0	0	1	2561	Caudoviricetes	NA	NA	COG4540;TIGR01644	Phage P2 baseplate assembly protein gpV
k127_584953_4	1956	2324	369	1	0.561	11	AGGA	GENOMAD.170676.VP	1.178e-51	178	0	0	1	2561	Caudoviricetes	NA	NA	PF10934;COG3628;K06903;TIGR03357	Phage baseplate assembly protein W
k127_584953_5	2326	3444	1119	1	0.568	11	GGA/GAG/AGG	GENOMAD.161610.VP	5.737e-53	194	0	0	1	2561	Caudoviricetes	NA	NA	PF04865;COG3299	Baseplate J-like protein
k127_584953_6	3446	3550	105	1	0.610	11	None	NA	NA	NA	0	0	0	1	NA	NA	NA	NA	NA
k127_204139_1	1	468	468	1	0.472	11	None	GENOMAD.002040.VV	6.749e-49	172	0	0	1	2561	Caudoviricetes	NA	NA	PF06488	Phage tail tube protein
k127_280582_1	2	352	351	1	0.681	11	None	GENOMAD.070325.VV	6.734e-06	46	0	0	1	1	NA	NA	NA	PF09293	T4 RNase H, C terminal
k127_738320_1	1	2013	2013	1	0.697	11	None	GENOMAD.068590.VV	4.167e-50	194	0	0	1	2561	Caudoviricetes	NA	NA	PF13871;PF11242;K11654;TIGR00721	C-terminal domain on Strawberry notch homologue
k127_52042_1	3	749	747	-1	0.704	11	None	GENOMAD.118632.VP	1.247e-10	64	0	0	1	2561	Caudoviricetes	NA	NA	PF00476;PF07141	DNA polymerase family A; Putative bacteriophage terminase small subunit
k127_434041_1	2	307	306	-1	0.794	11	None	GENOMAD.081013.VV	9.963e-13	65	0	0	1	2561	Caudoviricetes	NA	NA	PF05135;TIGR02215	phage conserved hypothetical protein, phiE125 gp8 family
k127_586949_1	2	724	723	-1	0.711	11	AGGA	GENOMAD.013210.VV	2.443e-11	66	0	0	1	2561	Caudoviricetes	NA	NA	PF00211;PF08994;PF08993;COG2114	Adenylate and Guanylate cyclase catalytic domain; T4 gene Gp59 loader of gp41 DNA helicase C-term; T4 gene Gp59 loader of gp41 DNA helicase
k127_510468_1	1	138	138	1	0.652	11	None	NA	NA	NA	0	0	0	1	NA	NA	NA	NA	NA
k127_510468_2	736	2019	1284	1	0.657	11	GGT	GENOMAD.000175.VV	1.075e-08	60	0	0	1	8305	Partitiviridae	NA	NA	PF00680;COG3344	Viral RNA-dependent RNA polymerase
k127_510686_1	1	453	453	1	0.689	11	None	GENOMAD.068590.VV	3.046e-10	60	0	0	1	2561	Caudoviricetes	NA	NA	PF13871;PF11242;K11654;TIGR00721	C-terminal domain on Strawberry notch homologue
k127_131008_1	65	1090	1026	-1	0.596	11	None	GENOMAD.109691.VV	5.872e-62	219	0	0	1	2561	Caudoviricetes	NA	NA	PF06141	Phage minor tail protein U
k127_131434_1	1	708	708	1	0.660	11	None	GENOMAD.000175.VV	8.903e-08	55	0	0	1	8305	Partitiviridae	NA	NA	PF00680;COG3344	Viral RNA-dependent RNA polymerase
k127_436268_1	1	2337	2337	1	0.668	11	None	GENOMAD.003207.VV	9.189e-07	55	0	0	1	1	NA	NA	NA	COG4733	Phage-related protein, tail component
k127_131923_1	1	693	693	-1	0.636	11	None	GENOMAD.169508.VP	3.322e-24	104	0	0	1	2561	Caudoviricetes	NA	NA	PF04708;PF13262;COG1961;K14060	Site-specific DNA recombinase related to the DNA invertase Pin
k127_665780_1	2	697	696	-1	0.657	11	None	GENOMAD.013210.VV	7.135e-25	106	0	0	1	2561	Caudoviricetes	NA	NA	PF00211;PF08994;PF08993;COG2114	Adenylate and Guanylate cyclase catalytic domain; T4 gene Gp59 loader of gp41 DNA helicase C-term; T4 gene Gp59 loader of gp41 DNA helicase
k127_284820_1	2	718	717	-1	0.693	11	None	GENOMAD.042265.VV	7.279e-05	46	0	0	1	2561	Caudoviricetes	NA	NA	PF20307;TIGR02237;COG0468;K04485	Divergent DnaB-like ATPase
k127_742107_1	1	681	681	1	0.708	11	None	GENOMAD.013210.VV	8.809e-13	70	0	0	1	2561	Caudoviricetes	NA	NA	PF00211;PF08994;PF08993;COG2114	Adenylate and Guanylate cyclase catalytic domain; T4 gene Gp59 loader of gp41 DNA helicase C-term; T4 gene Gp59 loader of gp41 DNA helicase
k127_284954_1	1	642	642	-1	0.704	11	None	GENOMAD.068590.VV	1.351e-15	78	0	0	1	2561	Caudoviricetes	NA	NA	PF13871;PF11242;K11654;TIGR00721	C-terminal domain on Strawberry notch homologue
k127_666317_1	37	369	333	-1	0.628	11	None	GENOMAD.063098.VV	1.087e-06	48	0	0	1	2561	Caudoviricetes	NA	NA	PF11126	Transcriptional regulator DsbA
k127_132567_1	2	397	396	1	0.740	11	None	GENOMAD.068590.VV	2.881e-13	68	0	0	1	2561	Caudoviricetes	NA	NA	PF13871;PF11242;K11654;TIGR00721	C-terminal domain on Strawberry notch homologue
k127_208801_1	2	514	513	1	0.719	11	None	GENOMAD.013210.VV	6.572e-20	89	0	0	1	2561	Caudoviricetes	NA	NA	PF00211;PF08994;PF08993;COG2114	Adenylate and Guanylate cyclase catalytic domain; T4 gene Gp59 loader of gp41 DNA helicase C-term; T4 gene Gp59 loader of gp41 DNA helicase
k127_208811_1	3	416	414	-1	0.717	11	None	GENOMAD.068590.VV	4.159e-11	62	0	0	1	2561	Caudoviricetes	NA	NA	PF13871;PF11242;K11654;TIGR00721	C-terminal domain on Strawberry notch homologue
k127_437780_1	2	532	531	1	0.729	11	None	GENOMAD.013210.VV	2.027e-17	82	0	0	1	2561	Caudoviricetes	NA	NA	PF00211;PF08994;PF08993;COG2114	Adenylate and Guanylate cyclase catalytic domain; T4 gene Gp59 loader of gp41 DNA helicase C-term; T4 gene Gp59 loader of gp41 DNA helicase
k127_56778_1	2	334	333	1	0.691	11	None	GENOMAD.064229.VV	1.166e-30	117	0	0	1	2561	Caudoviricetes	NA	NA	PF05133;TIGR01538	phage portal protein, SPP1 family
k127_667592_1	2	679	678	1	0.699	11	None	GENOMAD.118632.VP	8.002e-18	85	0	0	1	2561	Caudoviricetes	NA	NA	PF00476;PF07141	DNA polymerase family A; Putative bacteriophage terminase small subunit
k127_133927_1	1	75	75	-1	0.720	11	GGA/GAG/AGG	NA	NA	NA	0	0	0	1	NA	NA	NA	NA	NA
k127_133927_2	78	374	297	-1	0.623	11	None	GENOMAD.032636.VV	7.035e-07	48	0	0	1	2561	Caudoviricetes	NA	NA	PF20307;PF07486;TIGR02239;COG0468;K18947	Divergent DnaB-like ATPase; Cell Wall Hydrolase
k127_210379_1	1	312	312	-1	0.583	11	None	GENOMAD.045267.VV	3.254e-09	55	0	0	1	2561	Caudoviricetes	NA	NA	PF20387;COG3864	Predicted metal-dependent peptidase
k127_57592_1	31	474	444	-1	0.694	11	None	GENOMAD.118632.VP	6.636e-08	53	0	0	1	2561	Caudoviricetes	NA	NA	PF00476;PF07141	DNA polymerase family A; Putative bacteriophage terminase small subunit
k127_58118_1	2	382	381	-1	0.735	11	None	GENOMAD.192716.VV	1.522e-18	83	0	0	1	2561	Caudoviricetes	NA	NA	PF04865;COG3299	Baseplate J-like protein
k127_58138_1	4	345	342	-1	0.646	11	None	GENOMAD.194640.VP	1.047e-16	77	0	0	1	2561	Caudoviricetes	NA	NA	PF04717;COG4540;TIGR01644	Phage P2 baseplate assembly protein gpV
k127_515520_1	2	577	576	1	0.550	11	None	GENOMAD.060259.VV	4.058e-06	49	0	0	1	2561	Caudoviricetes	NA	NA	PF20307;TIGR02236;COG0468;K04484	Divergent DnaB-like ATPase
k127_58311_1	30	386	357	-1	0.658	11	None	GENOMAD.053137.VV	2.379e-26	105	0	0	1	2561	Caudoviricetes	NA	NA	PF17482	Phage tail sheath C-terminal domain
k127_669059_1	200	421	222	1	0.676	11	GGA/GAG/AGG	GENOMAD.195366.VP	7.489e-05	41	0	0	1	1	NA	NA	NA	PF05766;COG3024	Endogenous inhibitor of DNA gyrase, YacG/DUF329 family
k127_135370_1	132	422	291	-1	0.570	11	GGA/GAG/AGG	GENOMAD.195656.VP	1.608e-05	44	0	0	1	9067	Straboviridae	NA	NA	PF19835;PF07453;TIGR01453;COG2827	group I intron endonuclease
k127_135634_1	19	1215	1197	-1	0.651	11	None	GENOMAD.068590.VV	3.59e-18	90	0	0	1	2561	Caudoviricetes	NA	NA	PF13871;PF11242;K11654;TIGR00721	C-terminal domain on Strawberry notch homologue
k127_745465_1	102	548	447	-1	0.582	11	GGAG/GAGG	GENOMAD.014015.VV	5.373e-12	65	0	0	1	3032	Kyanoviridae	NA	NA	PF19782;PF12643	NA
k127_669951_1	3	782	780	1	0.671	11	None	GENOMAD.068048.VV	3.811e-15	78	0	0	1	2561	Caudoviricetes	NA	NA	PF20307;TIGR03600;K02314;COG0305	phage replicative helicase, DnaB family, HK022 subfamily
k127_516924_1	57	662	606	-1	0.673	11	None	GENOMAD.068590.VV	1.071e-11	66	0	0	1	2561	Caudoviricetes	NA	NA	PF13871;PF11242;K11654;TIGR00721	C-terminal domain on Strawberry notch homologue
k127_517307_1	1	504	504	1	0.728	11	None	GENOMAD.195648.VP	2.533e-05	46	0	0	1	9067	Straboviridae	NA	NA	PF20025;PF01331;PF14743;K18951;TIGR04120;COG1793	DNA ligase, ATP-dependent, PP_1105 family
k127_365834_1	1	462	462	1	0.695	11	None	GENOMAD.088849.VV	2.861e-12	66	0	0	1	2561	Caudoviricetes	NA	NA	PF20048;K18948	NA
k127_365834_2	453	551	99	1	0.737	11	GGA/GAG/AGG	NA	NA	NA	0	0	0	1	NA	NA	NA	NA	NA
k127_670991_1	1	603	603	1	0.662	11	None	GENOMAD.193019.VV	1.918e-17	83	0	0	1	2561	Caudoviricetes	NA	NA	PF17541;COG3497;TIGR02243	Phage tail sheath protein FI
k127_671421_1	1	519	519	1	0.640	11	None	GENOMAD.013210.VV	2.547e-23	99	0	0	1	2561	Caudoviricetes	NA	NA	PF00211;PF08994;PF08993;COG2114	Adenylate and Guanylate cyclase catalytic domain; T4 gene Gp59 loader of gp41 DNA helicase C-term; T4 gene Gp59 loader of gp41 DNA helicase
k127_518180_1	3	470	468	1	0.703	11	None	GENOMAD.193019.VV	9.255e-19	85	0	0	1	2561	Caudoviricetes	NA	NA	PF17541;COG3497;TIGR02243	Phage tail sheath protein FI
k127_671559_1	1	270	270	-1	0.456	11	AGGAGG	GENOMAD.068648.VV	1.131e-52	179	0	0	1	2561	Caudoviricetes	NA	NA	PF20441;PF03354;COG4626;TIGR01547	Phage terminase-like protein, large subunit, contains N-terminal HTH domain
k127_214023_1	3	461	459	1	0.678	11	None	GENOMAD.013210.VV	1.695e-19	87	0	0	1	2561	Caudoviricetes	NA	NA	PF00211;PF08994;PF08993;COG2114	Adenylate and Guanylate cyclase catalytic domain; T4 gene Gp59 loader of gp41 DNA helicase C-term; T4 gene Gp59 loader of gp41 DNA helicase
k127_61349_1	2	340	339	-1	0.487	15	GGAG/GAGG	GENOMAD.109387.VV	3.816e-43	153	0	0	0	2790	Microviridae	NA	NA	PF04687	Microvirus H protein (pilot protein)
k127_61349_2	349	876	528	-1	0.422	15	AGGAG	GENOMAD.145242.VV	1.223e-76	253	0	0	1	2790	Microviridae	NA	NA	PF02306	Major spike protein (G protein)
k127_61349_3	987	1751	765	-1	0.456	15	None	GENOMAD.033662.VV	2.464e-150	470	0	0	1	2790	Microviridae	NA	NA	PF02305	Capsid protein (F protein)
k127_672249_1	1	675	675	1	0.677	11	None	GENOMAD.068048.VV	8.303e-11	64	0	0	1	2561	Caudoviricetes	NA	NA	PF20307;TIGR03600;K02314;COG0305	phage replicative helicase, DnaB family, HK022 subfamily
k127_518909_1	1	333	333	1	0.616	11	None	GENOMAD.068048.VV	5.6e-14	69	0	0	1	2561	Caudoviricetes	NA	NA	PF20307;TIGR03600;K02314;COG0305	phage replicative helicase, DnaB family, HK022 subfamily
k127_518909_2	773	955	183	-1	0.574	11	None	NA	NA	NA	0	0	0	1	NA	NA	NA	NA	NA
k127_214919_1	27	356	330	-1	0.658	11	None	GENOMAD.053137.VV	8.788e-25	100	0	0	1	2561	Caudoviricetes	NA	NA	PF17482	Phage tail sheath C-terminal domain
k127_595990_1	1	372	372	-1	0.734	11	None	GENOMAD.222213.VP	1.741e-48	169	0	0	1	2561	Caudoviricetes	NA	NA	PF07141	Putative bacteriophage terminase small subunit
k127_443464_1	1	549	549	-1	0.612	11	None	GENOMAD.129124.VV	5.267e-47	168	0	0	1	2561	Caudoviricetes	NA	NA	PF14550;TIGR01543;COG3740;K06904	phage prohead protease, HK97 family
k127_443464_2	619	996	378	-1	0.579	11	None	NA	NA	NA	0	0	0	1	NA	NA	NA	NA	NA
k127_443464_3	1007	2416	1410	-1	0.648	11	None	GENOMAD.154396.VV	1.524e-09	63	0	0	0	2561	Caudoviricetes	NA	NA	NA	NA
k127_62427_1	43	426	384	-1	0.643	11	AGGAG	GENOMAD.068048.VV	2.401e-13	68	0	0	1	2561	Caudoviricetes	NA	NA	PF20307;TIGR03600;K02314;COG0305	phage replicative helicase, DnaB family, HK022 subfamily
k127_139273_1	1	369	369	1	0.602	11	None	GENOMAD.129169.VV	1.551e-07	51	0	0	1	2561	Caudoviricetes	NA	NA	COG4675	Microcystin-dependent protein  (function unknown)
k127_749046_1	2	703	702	1	0.738	11	None	GENOMAD.068590.VV	4.908e-32	127	0	0	1	2561	Caudoviricetes	NA	NA	PF13871;PF11242;K11654;TIGR00721	C-terminal domain on Strawberry notch homologue
k127_63141_1	2	451	450	1	0.644	11	None	GENOMAD.100194.VV	3.958e-17	80	0	0	1	2561	Caudoviricetes	NA	NA	PF04466;TIGR01547;COG5323	Phage terminase large subunit
k127_63159_1	3	488	486	1	0.646	11	None	GENOMAD.154021.VP	1.105e-18	85	0	0	1	2561	Caudoviricetes	NA	NA	PF07141;TIGR03384	Putative bacteriophage terminase small subunit
k127_63159_2	601	1194	594	1	0.646	11	GGA/GAG/AGG	GENOMAD.100194.VV	2.231e-26	109	0	0	1	2561	Caudoviricetes	NA	NA	PF04466;TIGR01547;COG5323	Phage terminase large subunit
k127_292351_1	1	501	501	-1	0.543	11	None	GENOMAD.141028.VP	3.447e-16	78	0	0	1	2561	Caudoviricetes	NA	NA	PF04466;PF17289;TIGR01547;COG1783;K06909	phage terminase, large subunit, PBSX family
k127_292406_1	3	935	933	1	0.743	11	None	GENOMAD.068590.VV	1.26e-45	170	0	0	1	2561	Caudoviricetes	NA	NA	PF13871;PF11242;K11654;TIGR00721	C-terminal domain on Strawberry notch homologue
k127_444732_1	3	668	666	1	0.554	11	None	GENOMAD.132751.VV	6.005e-05	46	0	0	1	2561	Caudoviricetes	NA	NA	PF13392;PF11242;TIGR00721;COG3415	HNH endonuclease
k127_674139_1	2	259	258	1	0.585	11	None	GENOMAD.221804.VP	6.004e-11	59	0	0	1	1	NA	NA	NA	PF07278;COG4220;K22014	Phage DNA packaging protein, Nu1 subunit of terminase
k127_368976_1	1	549	549	-1	0.661	11	None	GENOMAD.013124.VV	6.832e-12	66	0	0	1	377	Drexlerviridae	NA	NA	PF13262;COG5410	NA
k127_64219_1	1	156	156	1	0.705	11	None	NA	NA	NA	0	0	0	1	NA	NA	NA	NA	NA
k127_64219_2	168	746	579	1	0.682	11	AGxAGG/AGGxGG	GENOMAD.002176.VV	4.219e-07	52	0	0	1	2561	Caudoviricetes	NA	NA	PF11650	P22 tail accessory factor
k127_675273_1	90	323	234	-1	0.474	11	None	GENOMAD.147427.VP	7.546e-06	44	0	0	1	2561	Caudoviricetes	NA	NA	PF07141	Putative bacteriophage terminase small subunit
k127_675356_1	1	390	390	1	0.646	11	None	GENOMAD.013124.VV	1.807e-08	54	0	0	1	377	Drexlerviridae	NA	NA	PF13262;COG5410	NA
k127_141592_1	3	629	627	1	0.715	11	None	GENOMAD.057710.VV	5.364e-06	49	0	0	1	2561	Caudoviricetes	NA	NA	PF00589;PF04860;K07358;TIGR01537	Phage integrase family; Phage portal protein
k127_141599_1	2	565	564	1	0.709	11	None	GENOMAD.057710.VV	8.22e-07	51	0	0	1	2561	Caudoviricetes	NA	NA	PF00589;PF04860;K07358;TIGR01537	Phage integrase family; Phage portal protein
k127_522083_1	1	234	234	-1	0.517	11	GGAG/GAGG	GENOMAD.128478.VV	4.473e-18	79	0	0	1	1	NA	NA	NA	PF05939;TIGR02217;COG4718	Phage minor tail protein
k127_751592_1	1	516	516	1	0.729	11	None	GENOMAD.068590.VV	3.311e-19	87	0	0	1	2561	Caudoviricetes	NA	NA	PF13871;PF11242;K11654;TIGR00721	C-terminal domain on Strawberry notch homologue
k127_446695_1	2	367	366	1	0.609	11	None	GENOMAD.160552.VV	2.599e-10	59	0	0	1	2561	Caudoviricetes	NA	NA	PF09588;COG5377;TIGR03033	Phage-related protein, predicted endonuclease
k127_522669_1	2	583	582	1	0.687	11	None	GENOMAD.118632.VP	8.962e-06	48	0	0	1	2561	Caudoviricetes	NA	NA	PF00476;PF07141	DNA polymerase family A; Putative bacteriophage terminase small subunit
k127_218431_1	1	303	303	-1	0.680	11	None	GENOMAD.068048.VV	7.773e-15	71	0	0	1	2561	Caudoviricetes	NA	NA	PF20307;TIGR03600;K02314;COG0305	phage replicative helicase, DnaB family, HK022 subfamily
k127_295168_1	3	587	585	1	0.614	11	None	GENOMAD.074524.VV	3.104e-40	149	0	0	0	2561	Caudoviricetes	NA	NA	NA	NA
k127_295168_2	587	1207	621	1	0.562	11	GGA/GAG/AGG	GENOMAD.111827.VV	8.003e-62	212	0	0	0	2561	Caudoviricetes	NA	NA	PF09343;TIGR02217;COG5448	TIGR02217 family protein
k127_295168_3	1204	1962	759	1	0.585	11	None	GENOMAD.093408.VV	6.57e-59	206	0	0	1	2561	Caudoviricetes	NA	NA	PF09356;PF11836;TIGR02218	phage conserved hypothetical protein BR0599
k127_447423_1	1	261	261	-1	0.724	11	GGAGG	NA	NA	NA	0	0	0	1	NA	NA	NA	NA	NA
k127_447423_2	263	760	498	-1	0.697	11	None	GENOMAD.068048.VV	1.672e-14	73	0	0	1	2561	Caudoviricetes	NA	NA	PF20307;TIGR03600;K02314;COG0305	phage replicative helicase, DnaB family, HK022 subfamily
k127_219079_1	1	558	558	1	0.652	11	None	GENOMAD.068048.VV	2.903e-15	76	0	0	1	2561	Caudoviricetes	NA	NA	PF20307;TIGR03600;K02314;COG0305	phage replicative helicase, DnaB family, HK022 subfamily
k127_219480_1	148	1293	1146	-1	0.649	11	None	GENOMAD.000175.VV	2.364e-10	65	0	0	1	8305	Partitiviridae	NA	NA	PF00680;COG3344	Viral RNA-dependent RNA polymerase
k127_372052_1	3	455	453	-1	0.684	11	None	GENOMAD.060259.VV	7.729e-07	50	0	0	1	2561	Caudoviricetes	NA	NA	PF20307;TIGR02236;COG0468;K04484	Divergent DnaB-like ATPase
k127_219916_1	3	383	381	-1	0.633	11	None	GENOMAD.068048.VV	9.897e-15	72	0	0	1	2561	Caudoviricetes	NA	NA	PF20307;TIGR03600;K02314;COG0305	phage replicative helicase, DnaB family, HK022 subfamily
k127_372951_1	3	389	387	-1	0.677	11	None	GENOMAD.068590.VV	6.774e-11	61	0	0	1	2561	Caudoviricetes	NA	NA	PF13871;PF11242;K11654;TIGR00721	C-terminal domain on Strawberry notch homologue
k127_220716_1	1	1188	1188	1	0.673	11	None	GENOMAD.064381.VV	0.0001956	46	0	0	1	2561	Caudoviricetes	NA	NA	PF04717;TIGR01644;COG4384	phage baseplate assembly protein V
k127_220716_2	1198	1359	162	1	0.722	11	GGA/GAG/AGG	NA	NA	NA	0	0	0	1	NA	NA	NA	NA	NA
k127_525206_1	3	410	408	-1	0.699	11	None	GENOMAD.068590.VV	7.354e-13	67	0	0	1	2561	Caudoviricetes	NA	NA	PF13871;PF11242;K11654;TIGR00721	C-terminal domain on Strawberry notch homologue
k127_449678_1	34	483	450	1	0.678	11	GGAGG	GENOMAD.063098.VV	7.531e-07	50	0	0	1	2561	Caudoviricetes	NA	NA	PF11126	Transcriptional regulator DsbA
k127_449694_1	3	908	906	-1	0.714	11	None	GENOMAD.013210.VV	4.1e-30	124	0	0	1	2561	Caudoviricetes	NA	NA	PF00211;PF08994;PF08993;COG2114	Adenylate and Guanylate cyclase catalytic domain; T4 gene Gp59 loader of gp41 DNA helicase C-term; T4 gene Gp59 loader of gp41 DNA helicase
k127_297645_1	1	639	639	1	0.698	11	None	GENOMAD.013210.VV	4.926e-21	94	0	0	1	2561	Caudoviricetes	NA	NA	PF00211;PF08994;PF08993;COG2114	Adenylate and Guanylate cyclase catalytic domain; T4 gene Gp59 loader of gp41 DNA helicase C-term; T4 gene Gp59 loader of gp41 DNA helicase
k127_602471_1	3	365	363	-1	0.592	11	None	GENOMAD.129396.VP	6.658e-25	101	0	0	1	2561	Caudoviricetes	NA	NA	PF20454	Terminase large subunit gpA, endonuclease domain
k127_298259_1	3	365	363	-1	0.617	11	AGGAG	GENOMAD.147427.VP	6.51e-17	78	0	0	1	2561	Caudoviricetes	NA	NA	PF07141	Putative bacteriophage terminase small subunit
k127_298259_2	355	555	201	-1	0.567	11	None	NA	NA	NA	0	0	0	1	NA	NA	NA	NA	NA
k127_526336_1	3	356	354	1	0.585	11	None	GENOMAD.109691.VV	3.537e-22	93	0	0	1	2561	Caudoviricetes	NA	NA	PF06141	Phage minor tail protein U
k127_526467_1	2	796	795	1	0.688	11	None	GENOMAD.068590.VV	1.918e-14	76	0	0	1	2561	Caudoviricetes	NA	NA	PF13871;PF11242;K11654;TIGR00721	C-terminal domain on Strawberry notch homologue
k127_450716_1	2	550	549	-1	0.565	11	GGAG/GAGG	GENOMAD.016968.VV	7.366e-06	48	0	0	0	2561	Caudoviricetes	NA	NA	NA	NA
k127_450716_2	629	1111	483	-1	0.559	11	GGAG/GAGG	GENOMAD.053583.VV	2.254e-54	188	0	0	0	1	NA	NA	NA	NA	NA
k127_450716_3	1139	2392	1254	-1	0.605	11	GGAG/GAGG	GENOMAD.152011.VP	3.857e-85	290	0	0	0	2561	Caudoviricetes	NA	NA	NA	NA
k127_450716_4	2425	2622	198	-1	0.596	11	None	NA	NA	NA	0	0	0	1	NA	NA	NA	NA	NA
k127_375453_1	1	63	63	-1	0.508	11	GGAG/GAGG	NA	NA	NA	0	0	0	1	NA	NA	NA	NA	NA
k127_375453_2	306	752	447	-1	0.655	11	None	GENOMAD.097639.VV	3.426e-27	109	0	0	1	2561	Caudoviricetes	NA	NA	PF17289;TIGR01630;COG5362	phage uncharacterized protein (putative large terminase), C-terminal domain
k127_604250_1	68	496	429	-1	0.615	11	None	GENOMAD.116655.VV	1.073e-45	162	0	0	1	2561	Caudoviricetes	NA	NA	PF04860;TIGR01537;COG5005	phage portal protein, HK97 family
k127_681083_1	2	292	291	1	0.708	11	None	GENOMAD.124507.VV	4.883e-25	100	0	0	1	2561	Caudoviricetes	NA	NA	PF11242;K22300;COG3655;TIGR00673	DNA-binding transcriptional regulator, XRE family
k127_604693_1	3	449	447	-1	0.694	11	None	GENOMAD.068590.VV	2.979e-20	89	0	0	1	2561	Caudoviricetes	NA	NA	PF13871;PF11242;K11654;TIGR00721	C-terminal domain on Strawberry notch homologue
k127_604843_1	1	510	510	1	0.688	11	None	GENOMAD.068048.VV	2.007e-13	70	0	0	1	2561	Caudoviricetes	NA	NA	PF20307;TIGR03600;K02314;COG0305	phage replicative helicase, DnaB family, HK022 subfamily
k127_604843_2	512	1156	645	1	0.676	11	AGGAG	NA	NA	NA	0	0	0	1	NA	NA	NA	NA	NA
k127_300114_1	11	436	426	-1	0.664	11	None	GENOMAD.068048.VV	1.401e-16	78	0	0	1	2561	Caudoviricetes	NA	NA	PF20307;TIGR03600;K02314;COG0305	phage replicative helicase, DnaB family, HK022 subfamily
k127_223933_1	3	320	318	-1	0.557	11	None	GENOMAD.068048.VV	1.296e-11	62	0	0	1	2561	Caudoviricetes	NA	NA	PF20307;TIGR03600;K02314;COG0305	phage replicative helicase, DnaB family, HK022 subfamily
k127_300253_1	2	334	333	-1	0.598	11	None	GENOMAD.068048.VV	1.298e-13	68	0	0	1	2561	Caudoviricetes	NA	NA	PF20307;TIGR03600;K02314;COG0305	phage replicative helicase, DnaB family, HK022 subfamily
k127_71527_1	2	286	285	1	0.653	11	None	GENOMAD.154021.VP	8.817e-11	59	0	0	1	2561	Caudoviricetes	NA	NA	PF07141;TIGR03384	Putative bacteriophage terminase small subunit
k127_757551_1	3	542	540	-1	0.654	11	None	GENOMAD.099865.VV	2.216e-28	114	0	0	1	2561	Caudoviricetes	NA	NA	PF04466;PF17289;TIGR01547;COG5323;K06909	phage terminase, large subunit, PBSX family
k127_224318_1	1	615	615	-1	0.686	11	None	GENOMAD.118632.VP	5.34e-13	70	0	0	1	2561	Caudoviricetes	NA	NA	PF00476;PF07141	DNA polymerase family A; Putative bacteriophage terminase small subunit
k127_224618_1	2	2278	2277	1	0.670	11	None	GENOMAD.084889.VV	1.785e-06	54	0	0	0	2561	Caudoviricetes	NA	NA	PF13524;TIGR04348;COG4641	putative glycosyltransferase, TIGR04348 family
k127_224618_2	2312	2587	276	1	0.710	11	None	NA	NA	NA	0	0	0	1	NA	NA	NA	NA	NA
k127_453133_1	1	885	885	-1	0.740	11	None	GENOMAD.013124.VV	1.568e-15	80	0	0	1	377	Drexlerviridae	NA	NA	PF13262;COG5410	NA
k127_682419_1	1	324	324	1	0.676	11	None	GENOMAD.053137.VV	6.011e-20	86	0	0	1	2561	Caudoviricetes	NA	NA	PF17482	Phage tail sheath C-terminal domain
k127_758135_1	3	1037	1035	1	0.684	11	None	GENOMAD.013210.VV	9.385e-20	94	0	0	1	2561	Caudoviricetes	NA	NA	PF00211;PF08994;PF08993;COG2114	Adenylate and Guanylate cyclase catalytic domain; T4 gene Gp59 loader of gp41 DNA helicase C-term; T4 gene Gp59 loader of gp41 DNA helicase
k127_377389_1	3	407	405	-1	0.649	11	None	GENOMAD.099865.VV	7.821e-21	90	0	0	1	2561	Caudoviricetes	NA	NA	PF04466;PF17289;TIGR01547;COG5323;K06909	phage terminase, large subunit, PBSX family
k127_605849_1	3	383	381	1	0.690	11	None	GENOMAD.068048.VV	7.174e-09	55	0	0	1	2561	Caudoviricetes	NA	NA	PF20307;TIGR03600;K02314;COG0305	phage replicative helicase, DnaB family, HK022 subfamily
k127_605849_2	380	1105	726	1	0.723	11	GGAG/GAGG	GENOMAD.210380.VP	0.0003219	44	0	0	0	2561	Caudoviricetes	NA	NA	PF14532;TIGR03420;COG1618;K19973	DnaA regulatory inactivator Hda
k127_605849_3	1156	1236	81	1	0.679	11	None	NA	NA	NA	0	0	0	1	NA	NA	NA	NA	NA
k127_301135_1	3	317	315	1	0.667	11	None	GENOMAD.104635.VP	8.289e-08	51	0	0	1	2561	Caudoviricetes	NA	NA	TIGR01760	phage tail tape measure protein, TP901 family, core region
k127_225179_1	3	617	615	-1	0.735	11	None	GENOMAD.057710.VV	5.381e-08	55	0	0	1	2561	Caudoviricetes	NA	NA	PF00589;PF04860;K07358;TIGR01537	Phage integrase family; Phage portal protein
k127_529310_1	1	666	666	1	0.733	11	None	GENOMAD.068590.VV	2.528e-36	139	0	0	1	2561	Caudoviricetes	NA	NA	PF13871;PF11242;K11654;TIGR00721	C-terminal domain on Strawberry notch homologue
k127_149123_1	3	320	318	-1	0.566	11	None	GENOMAD.129421.VV	4.25e-07	49	0	0	1	2561	Caudoviricetes	NA	NA	PF04466;PF17288;TIGR01547;COG1783;K06909	phage terminase, large subunit, PBSX family
k127_606843_1	1	471	471	1	0.665	11	None	GENOMAD.053137.VV	5.451e-16	77	0	0	1	2561	Caudoviricetes	NA	NA	PF17482	Phage tail sheath C-terminal domain
k127_149601_1	1	330	330	-1	0.642	11	None	GENOMAD.053137.VV	1.125e-22	94	0	0	1	2561	Caudoviricetes	NA	NA	PF17482	Phage tail sheath C-terminal domain
k127_530689_1	1	489	489	1	0.695	11	None	GENOMAD.060259.VV	2.205e-07	52	0	0	1	2561	Caudoviricetes	NA	NA	PF20307;TIGR02236;COG0468;K04484	Divergent DnaB-like ATPase
k127_302865_1	1	315	315	-1	0.600	11	None	GENOMAD.168031.VP	9.194e-15	71	0	0	1	2561	Caudoviricetes	NA	NA	PF05521;COG5614;TIGR01563	Bacteriophage head-tail adaptor
k127_150320_1	1	1053	1053	1	0.596	11	None	GENOMAD.020821.VV	2.299e-20	96	0	0	1	2561	Caudoviricetes	NA	NA	PF05876;PF16203;K14440;COG5410;TIGR04095	ERCC4-related helicase
k127_150412_1	2	541	540	-1	0.637	11	None	GENOMAD.026355.VV	2.23e-17	82	0	0	1	2561	Caudoviricetes	NA	NA	PF20307;TIGR02238	Divergent DnaB-like ATPase
k127_684615_1	1	402	402	-1	0.654	11	None	GENOMAD.136498.VV	5.106e-06	47	0	0	1	1	NA	NA	NA	PF05766	NA
k127_227155_1	3	302	300	1	0.627	11	None	GENOMAD.141431.VP	8.267e-14	68	0	0	1	2561	Caudoviricetes	NA	NA	PF04466;TIGR01547;COG1783	Phage terminase large subunit
k127_227203_1	2	538	537	1	0.667	11	None	GENOMAD.013210.VV	3.647e-21	93	0	0	1	2561	Caudoviricetes	NA	NA	PF00211;PF08994;PF08993;COG2114	Adenylate and Guanylate cyclase catalytic domain; T4 gene Gp59 loader of gp41 DNA helicase C-term; T4 gene Gp59 loader of gp41 DNA helicase
k127_455752_1	1	654	654	-1	0.714	11	AGGAG	GENOMAD.012458.VV	1.29e-05	48	0	0	1	2561	Caudoviricetes	NA	NA	PF13514;PF06841;TIGR03185;K19171;COG1195	DNA sulfur modification protein DndD
k127_455752_2	654	1271	618	-1	0.706	11	None	GENOMAD.119255.VV	4.794e-05	46	0	0	0	1	NA	NA	NA	PF12850;TIGR00619;COG0420;K03547	exonuclease SbcD
k127_75262_1	1	831	831	1	0.564	11	None	GENOMAD.032636.VV	5.465e-18	87	0	0	1	2561	Caudoviricetes	NA	NA	PF20307;PF07486;TIGR02239;COG0468;K18947	Divergent DnaB-like ATPase; Cell Wall Hydrolase
k127_151592_1	2	604	603	-1	0.580	11	None	GENOMAD.138398.VP	3.807e-19	88	0	0	1	2561	Caudoviricetes	NA	NA	PF04466;TIGR01547;COG1783	phage terminase, large subunit, PBSX family
k127_761849_1	44	841	798	1	0.718	11	GGAG/GAGG	GENOMAD.195366.VP	0.0004001	44	0	0	1	1	NA	NA	NA	PF05766;COG3024	Endogenous inhibitor of DNA gyrase, YacG/DUF329 family
