gene	start	end	length	strand	gc_content	genetic_code	rbs_motif	marker	evalue	bitscore	uscg	plasmid_hallmark	virus_hallmark	taxid	taxname	annotation_conjscan	annotation_amr	annotation_accessions	annotation_description
k127_188275_1	2	415	414	1	0.548	11	None	GENOMAD.068048.VV	7.616e-13	67	0	0	1	2561	Caudoviricetes	NA	NA	PF20307;TIGR03600;K02314;COG0305	phage replicative helicase, DnaB family, HK022 subfamily
k127_564882_1	125	973	849	-1	0.683	11	None	GENOMAD.032636.VV	2.877e-18	88	0	0	1	2561	Caudoviricetes	NA	NA	PF20307;PF07486;TIGR02239;COG0468;K18947	Divergent DnaB-like ATPase; Cell Wall Hydrolase
k127_62979_1	3	86	84	-1	0.452	11	AGGAG	NA	NA	NA	0	0	0	1	NA	NA	NA	NA	NA
k127_62979_2	158	433	276	-1	0.529	11	None	GENOMAD.142009.VV	1.975e-47	164	0	0	1	2561	Caudoviricetes	NA	NA	PF11651;TIGR04387	P22 coat protein - gene protein 5
k127_63037_1	2	883	882	-1	0.637	11	None	GENOMAD.013124.VV	3.115e-14	76	0	0	1	377	Drexlerviridae	NA	NA	PF13262;COG5410	NA
k127_376846_1	1	1002	1002	-1	0.655	11	None	GENOMAD.013210.VV	7.108e-18	88	0	0	1	2561	Caudoviricetes	NA	NA	PF00211;PF08994;PF08993;COG2114	Adenylate and Guanylate cyclase catalytic domain; T4 gene Gp59 loader of gp41 DNA helicase C-term; T4 gene Gp59 loader of gp41 DNA helicase
k127_502454_1	1	1041	1041	-1	0.682	11	GGA/GAG/AGG	GENOMAD.013210.VV	7.339e-16	82	0	0	1	2561	Caudoviricetes	NA	NA	PF00211;PF08994;PF08993;COG2114	Adenylate and Guanylate cyclase catalytic domain; T4 gene Gp59 loader of gp41 DNA helicase C-term; T4 gene Gp59 loader of gp41 DNA helicase
k127_314281_1	3	362	360	1	0.653	11	None	GENOMAD.099865.VV	8.304e-14	69	0	0	1	2561	Caudoviricetes	NA	NA	PF04466;PF17289;TIGR01547;COG5323;K06909	phage terminase, large subunit, PBSX family
k127_188840_1	1	354	354	-1	0.559	11	None	GENOMAD.062438.VV	2.678e-08	53	0	0	1	1	NA	NA	NA	PF07141	NA
k127_189083_1	1	525	525	1	0.691	11	None	GENOMAD.118632.VP	4.843e-14	72	0	0	1	2561	Caudoviricetes	NA	NA	PF00476;PF07141	DNA polymerase family A; Putative bacteriophage terminase small subunit
k127_787_1	171	371	201	1	0.667	11	GGA/GAG/AGG	GENOMAD.124507.VV	9.408e-21	86	0	0	1	2561	Caudoviricetes	NA	NA	PF11242;K22300;COG3655;TIGR00673	DNA-binding transcriptional regulator, XRE family
k127_565716_1	1	315	315	1	0.673	11	None	GENOMAD.087771.VV	2.217e-05	44	0	0	1	2561	Caudoviricetes	NA	NA	PF09293	T4 RNase H, C terminal
k127_189299_1	1	390	390	-1	0.674	11	None	GENOMAD.109691.VV	1.179e-22	95	0	0	1	2561	Caudoviricetes	NA	NA	PF06141	Phage minor tail protein U
k127_189506_1	1	279	279	-1	0.559	11	None	GENOMAD.195656.VP	1.295e-06	47	0	0	1	9067	Straboviridae	NA	NA	PF19835;PF07453;TIGR01453;COG2827	group I intron endonuclease
k127_503189_1	1	396	396	1	0.475	11	None	GENOMAD.002040.VV	8.984e-35	130	0	0	1	2561	Caudoviricetes	NA	NA	PF06488	Phage tail tube protein
k127_126840_1	1	423	423	-1	0.667	11	None	GENOMAD.068048.VV	5.584e-08	53	0	0	1	2561	Caudoviricetes	NA	NA	PF20307;TIGR03600;K02314;COG0305	phage replicative helicase, DnaB family, HK022 subfamily
k127_126942_1	3	773	771	1	0.628	11	None	GENOMAD.169508.VP	1.467e-24	106	0	0	1	2561	Caudoviricetes	NA	NA	PF04708;PF13262;COG1961;K14060	Site-specific DNA recombinase related to the DNA invertase Pin
k127_252443_1	2	1207	1206	-1	0.603	11	GGxGG	GENOMAD.000175.VV	0.0002011	46	0	0	1	8305	Partitiviridae	NA	NA	PF00680;COG3344	Viral RNA-dependent RNA polymerase
k127_377988_1	2	391	390	1	0.710	11	None	GENOMAD.008810.VV	2.797e-46	163	0	0	1	2561	Caudoviricetes	NA	NA	PF05133;TIGR01538	phage portal protein, SPP1 family
k127_378080_1	1	366	366	-1	0.587	11	None	GENOMAD.099154.VV	1.501e-07	51	0	0	1	2561	Caudoviricetes	NA	NA	PF04865;COG3299	Baseplate J-like protein
k127_127250_1	2	304	303	1	0.584	11	None	GENOMAD.158172.VP	5.534e-26	103	0	0	1	2561	Caudoviricetes	NA	NA	PF04466;TIGR01547;COG5323	phage terminase, large subunit, PBSX family
k127_127256_1	1	345	345	1	0.716	11	None	GENOMAD.167806.VP	5.107e-17	78	0	0	1	2561	Caudoviricetes	NA	NA	PF04860;TIGR01537;COG5518	phage portal protein, HK97 family
k127_503747_1	1	558	558	-1	0.677	11	None	GENOMAD.223059.VP	7.938e-08	54	0	0	1	2561	Caudoviricetes	NA	NA	PF05766;TIGR02300;COG4530	TIGR02300 family protein
k127_64539_1	3	350	348	1	0.534	11	None	GENOMAD.142009.VV	1.987e-59	200	0	0	1	2561	Caudoviricetes	NA	NA	PF11651;TIGR04387	P22 coat protein - gene protein 5
k127_441240_1	1	219	219	-1	0.639	11	None	GENOMAD.017133.VV	6.968e-12	61	0	0	1	2561	Caudoviricetes	NA	NA	PF05894;TIGR01547;COG4373	Podovirus DNA encapsidation protein (Gp16)
k127_64696_1	1	411	411	-1	0.572	11	None	GENOMAD.009149.VV	5.025e-35	131	0	0	1	2561	Caudoviricetes	NA	NA	PF17288;TIGR01630	Terminase RNAseH like domain
k127_1995_1	1	873	873	-1	0.623	11	None	GENOMAD.169508.VP	6.298e-14	75	0	0	1	2561	Caudoviricetes	NA	NA	PF04708;PF13262;COG1961;K14060	Site-specific DNA recombinase related to the DNA invertase Pin
k127_566991_1	1	447	447	1	0.667	11	None	GENOMAD.068590.VV	5.548e-12	65	0	0	1	2561	Caudoviricetes	NA	NA	PF13871;PF11242;K11654;TIGR00721	C-terminal domain on Strawberry notch homologue
k127_379073_1	3	560	558	-1	0.475	11	None	GENOMAD.068648.VV	9.735e-110	349	0	0	1	2561	Caudoviricetes	NA	NA	PF20441;PF03354;COG4626;TIGR01547	Phage terminase-like protein, large subunit, contains N-terminal HTH domain
k127_442282_1	3	809	807	-1	0.581	11	GGA/GAG/AGG	GENOMAD.179152.VP	1.806e-53	191	0	0	1	2561	Caudoviricetes	NA	NA	PF20454;PF05876;K21512;COG5525	Phage terminase, large subunit GpA
k127_442282_2	809	964	156	-1	0.532	11	None	NA	NA	NA	0	0	0	1	NA	NA	NA	NA	NA
k127_2952_1	3	797	795	-1	0.698	11	None	GENOMAD.068590.VV	4.095e-14	75	0	0	1	2561	Caudoviricetes	NA	NA	PF13871;PF11242;K11654;TIGR00721	C-terminal domain on Strawberry notch homologue
k127_192343_1	3	812	810	-1	0.535	11	None	GENOMAD.008678.VV	9.684e-05	46	0	0	1	4401	Narnaviridae	NA	NA	PF05919	Mitovirus RNA-dependent RNA polymerase
k127_254794_1	3	317	315	1	0.711	11	None	GENOMAD.073447.VV	1.519e-09	56	0	0	1	2561	Caudoviricetes	NA	NA	PF00580;TIGR04095;COG4373	UvrD/REP helicase N-terminal domain
k127_317636_1	3	746	744	1	0.656	11	None	GENOMAD.059582.VV	5.992e-20	92	0	0	1	2561	Caudoviricetes	NA	NA	TIGR01725	phage protein, HK97 gp10 family
k127_317636_2	739	1158	420	1	0.633	11	None	GENOMAD.154021.VP	4.512e-20	88	0	0	1	2561	Caudoviricetes	NA	NA	PF07141;TIGR03384	Putative bacteriophage terminase small subunit
k127_317636_3	1265	1414	150	1	0.653	11	None	NA	NA	NA	0	0	0	1	NA	NA	NA	NA	NA
k127_129723_1	2	316	315	1	0.740	11	None	GENOMAD.014312.VV	4.741e-53	181	0	0	1	2561	Caudoviricetes	NA	NA	PF06152;TIGR01641;COG5585	phage putative head morphogenesis protein, SPP1 gp7 family
k127_380757_1	3	1022	1020	1	0.693	11	None	GENOMAD.013210.VV	2.217e-12	71	0	0	1	2561	Caudoviricetes	NA	NA	PF00211;PF08994;PF08993;COG2114	Adenylate and Guanylate cyclase catalytic domain; T4 gene Gp59 loader of gp41 DNA helicase C-term; T4 gene Gp59 loader of gp41 DNA helicase
k127_4349_1	1	654	654	-1	0.650	11	None	GENOMAD.013210.VV	5.713e-21	94	0	0	1	2561	Caudoviricetes	NA	NA	PF00211;PF08994;PF08993;COG2114	Adenylate and Guanylate cyclase catalytic domain; T4 gene Gp59 loader of gp41 DNA helicase C-term; T4 gene Gp59 loader of gp41 DNA helicase
k127_506484_1	3	362	360	-1	0.700	11	GGA/GAG/AGG	GENOMAD.224435.VP	2.868e-08	53	0	0	1	2561	Caudoviricetes	NA	NA	PF04965;K06903;COG3628;TIGR03357	Baseplate wedge protein gp25
k127_506484_2	372	461	90	-1	0.611	11	None	NA	NA	NA	0	0	0	1	NA	NA	NA	NA	NA
k127_130040_1	1	156	156	-1	0.667	11	None	NA	NA	NA	0	0	0	1	NA	NA	NA	NA	NA
k127_130040_2	263	655	393	-1	0.649	11	None	GENOMAD.154021.VP	1.714e-18	83	0	0	1	2561	Caudoviricetes	NA	NA	PF07141;TIGR03384	Putative bacteriophage terminase small subunit
k127_255792_1	2	409	408	-1	0.654	11	None	GENOMAD.100194.VV	8.912e-20	87	0	0	1	2561	Caudoviricetes	NA	NA	PF04466;TIGR01547;COG5323	Phage terminase large subunit
k127_444365_1	2	367	366	1	0.664	11	None	GENOMAD.053137.VV	7.665e-24	98	0	0	1	2561	Caudoviricetes	NA	NA	PF17482	Phage tail sheath C-terminal domain
k127_507047_1	1	339	339	1	0.676	11	None	GENOMAD.070325.VV	2.67e-06	47	0	0	1	1	NA	NA	NA	PF09293	T4 RNase H, C terminal
k127_318862_1	2	409	408	-1	0.615	11	None	GENOMAD.032636.VV	2.184e-08	54	0	0	1	2561	Caudoviricetes	NA	NA	PF20307;PF07486;TIGR02239;COG0468;K18947	Divergent DnaB-like ATPase; Cell Wall Hydrolase
k127_5087_1	47	349	303	-1	0.498	11	None	GENOMAD.128478.VV	1.451e-23	96	0	0	1	1	NA	NA	NA	PF05939;TIGR02217;COG4718	Phage minor tail protein
k127_319021_1	2	343	342	1	0.614	11	None	GENOMAD.014181.VV	1.335e-30	117	0	0	1	2561	Caudoviricetes	NA	NA	PF04586;K06904;COG3740;TIGR01543	Caudovirus prohead serine protease
k127_194213_1	3	1157	1155	-1	0.636	11	None	GENOMAD.169508.VP	1.494e-18	91	0	0	1	2561	Caudoviricetes	NA	NA	PF04708;PF13262;COG1961;K14060	Site-specific DNA recombinase related to the DNA invertase Pin
k127_507681_1	2	196	195	-1	0.651	11	None	NA	NA	NA	0	0	0	1	NA	NA	NA	NA	NA
k127_507681_2	228	671	444	-1	0.698	11	None	GENOMAD.068048.VV	1.605e-17	81	0	0	1	2561	Caudoviricetes	NA	NA	PF20307;TIGR03600;K02314;COG0305	phage replicative helicase, DnaB family, HK022 subfamily
k127_256656_1	1	150	150	1	0.693	11	None	NA	NA	NA	0	0	0	1	NA	NA	NA	NA	NA
k127_256656_2	89	304	216	-1	0.611	11	None	GENOMAD.011975.VV	8.028e-10	55	0	0	1	1	NA	NA	NA	PF06199;COG5437;TIGR02126	Predicted secreted protein
k127_5713_1	1	654	654	-1	0.717	11	None	GENOMAD.013210.VV	1.563e-12	69	0	0	1	2561	Caudoviricetes	NA	NA	PF00211;PF08994;PF08993;COG2114	Adenylate and Guanylate cyclase catalytic domain; T4 gene Gp59 loader of gp41 DNA helicase C-term; T4 gene Gp59 loader of gp41 DNA helicase
k127_256915_1	2	610	609	1	0.760	11	None	GENOMAD.013210.VV	5.275e-10	61	0	0	1	2561	Caudoviricetes	NA	NA	PF00211;PF08994;PF08993;COG2114	Adenylate and Guanylate cyclase catalytic domain; T4 gene Gp59 loader of gp41 DNA helicase C-term; T4 gene Gp59 loader of gp41 DNA helicase
k127_68830_1	3	491	489	-1	0.624	11	None	GENOMAD.169508.VP	6.196e-27	109	0	0	1	2561	Caudoviricetes	NA	NA	PF04708;PF13262;COG1961;K14060	Site-specific DNA recombinase related to the DNA invertase Pin
k127_320045_1	1	417	417	1	0.655	11	None	GENOMAD.169508.VP	1.857e-21	92	0	0	1	2561	Caudoviricetes	NA	NA	PF04708;PF13262;COG1961;K14060	Site-specific DNA recombinase related to the DNA invertase Pin
k127_571439_1	3	386	384	1	0.742	11	None	GENOMAD.158944.VP	4.553e-05	44	0	0	1	1	NA	NA	NA	PF06892;K22302;COG2452;TIGR00721	Predicted site-specific integrase-resolvase
k127_445924_1	3	512	510	1	0.727	11	None	GENOMAD.068590.VV	1.875e-25	105	0	0	1	2561	Caudoviricetes	NA	NA	PF13871;PF11242;K11654;TIGR00721	C-terminal domain on Strawberry notch homologue
k127_69360_1	3	533	531	1	0.586	11	None	GENOMAD.169852.VP	1.981e-28	114	0	0	1	2561	Caudoviricetes	NA	NA	PF20454;PF05876;COG5525;K21512	Phage terminase, large subunit GpA
k127_571719_1	1	825	825	1	0.716	11	None	GENOMAD.013210.VV	4.175e-11	66	0	0	1	2561	Caudoviricetes	NA	NA	PF00211;PF08994;PF08993;COG2114	Adenylate and Guanylate cyclase catalytic domain; T4 gene Gp59 loader of gp41 DNA helicase C-term; T4 gene Gp59 loader of gp41 DNA helicase
k127_195753_1	3	236	234	-1	0.637	11	GGA/GAG/AGG	GENOMAD.180270.VV	0.0001987	40	0	0	1	1	NA	NA	NA	PF06892;TIGR00673;COG1974;K22299	cyanase
k127_572492_1	2	862	861	1	0.691	11	None	GENOMAD.032636.VV	5.352e-05	47	0	0	1	2561	Caudoviricetes	NA	NA	PF20307;PF07486;TIGR02239;COG0468;K18947	Divergent DnaB-like ATPase; Cell Wall Hydrolase
k127_196386_1	3	323	321	1	0.607	11	None	GENOMAD.129590.VP	1.173e-12	65	0	0	1	2561	Caudoviricetes	NA	NA	PF07141	Putative bacteriophage terminase small subunit
k127_509809_1	3	314	312	-1	0.660	11	None	GENOMAD.070325.VV	4.341e-06	46	0	0	1	1	NA	NA	NA	PF09293	T4 RNase H, C terminal
k127_133378_1	1	543	543	1	0.657	11	None	GENOMAD.097639.VV	2.122e-29	117	0	0	1	2561	Caudoviricetes	NA	NA	PF17289;TIGR01630;COG5362	phage uncharacterized protein (putative large terminase), C-terminal domain
k127_384390_1	3	404	402	-1	0.654	11	None	GENOMAD.013124.VV	3.924e-10	59	0	0	1	377	Drexlerviridae	NA	NA	PF13262;COG5410	NA
k127_448178_1	3	302	300	-1	0.623	11	None	GENOMAD.017632.VV	5.058e-11	60	0	0	1	2561	Caudoviricetes	NA	NA	PF03354;COG5410;TIGR01547	phage terminase, large subunit, PBSX family
k127_510807_1	3	305	303	1	0.700	11	None	GENOMAD.168708.VP	1.174e-10	59	0	0	1	2561	Caudoviricetes	NA	NA	PF14464;PF06805;COG4723;K21140;TIGR02256	Phage-related protein, tail component
k127_259997_1	3	590	588	-1	0.736	11	None	GENOMAD.068590.VV	1.086e-24	104	0	0	1	2561	Caudoviricetes	NA	NA	PF13871;PF11242;K11654;TIGR00721	C-terminal domain on Strawberry notch homologue
k127_511208_1	2	433	432	1	0.674	11	None	GENOMAD.013124.VV	1.04e-11	64	0	0	1	377	Drexlerviridae	NA	NA	PF13262;COG5410	NA
k127_260138_1	2	1270	1269	-1	0.723	11	None	GENOMAD.013210.VV	2.543e-09	62	0	0	1	2561	Caudoviricetes	NA	NA	PF00211;PF08994;PF08993;COG2114	Adenylate and Guanylate cyclase catalytic domain; T4 gene Gp59 loader of gp41 DNA helicase C-term; T4 gene Gp59 loader of gp41 DNA helicase
k127_71996_1	116	520	405	-1	0.612	11	None	GENOMAD.109691.VV	1.311e-31	121	0	0	1	2561	Caudoviricetes	NA	NA	PF06141	Phage minor tail protein U
k127_134927_1	3	296	294	1	0.626	11	None	NA	NA	NA	0	0	0	1	NA	NA	NA	NA	NA
k127_134927_2	283	2091	1809	1	0.638	11	GGA/GAG/AGG	GENOMAD.013124.VV	5.65e-26	117	0	0	1	377	Drexlerviridae	NA	NA	PF13262;COG5410	NA
k127_511492_1	3	803	801	-1	0.658	11	None	GENOMAD.068048.VV	9.521e-16	80	0	0	1	2561	Caudoviricetes	NA	NA	PF20307;TIGR03600;K02314;COG0305	phage replicative helicase, DnaB family, HK022 subfamily
k127_198565_1	1	345	345	-1	0.548	11	None	GENOMAD.129421.VV	9.072e-11	60	0	0	1	2561	Caudoviricetes	NA	NA	PF04466;PF17288;TIGR01547;COG1783;K06909	phage terminase, large subunit, PBSX family
k127_72431_1	1	651	651	1	0.699	11	None	GENOMAD.013210.VV	8.72e-27	111	0	0	1	2561	Caudoviricetes	NA	NA	PF00211;PF08994;PF08993;COG2114	Adenylate and Guanylate cyclase catalytic domain; T4 gene Gp59 loader of gp41 DNA helicase C-term; T4 gene Gp59 loader of gp41 DNA helicase
k127_512165_1	119	328	210	-1	0.633	11	None	GENOMAD.063098.VV	2.679e-05	42	0	0	1	2561	Caudoviricetes	NA	NA	PF11126	Transcriptional regulator DsbA
k127_450292_1	1	339	339	-1	0.640	11	None	GENOMAD.099865.VV	1.912e-18	82	0	0	1	2561	Caudoviricetes	NA	NA	PF04466;PF17289;TIGR01547;COG5323;K06909	phage terminase, large subunit, PBSX family
k127_136346_1	1	489	489	1	0.644	11	None	GENOMAD.091147.VV	1.014e-07	53	0	0	1	2561	Caudoviricetes	NA	NA	PF05954;K06905;COG3500;TIGR03361	Phage protein D
k127_199842_1	1	396	396	1	0.639	11	None	GENOMAD.068048.VV	4.248e-08	53	0	0	1	2561	Caudoviricetes	NA	NA	PF20307;TIGR03600;K02314;COG0305	phage replicative helicase, DnaB family, HK022 subfamily
k127_324532_1	3	335	333	-1	0.637	11	None	GENOMAD.116655.VV	1.062e-23	97	0	0	1	2561	Caudoviricetes	NA	NA	PF04860;TIGR01537;COG5005	phage portal protein, HK97 family
k127_324532_2	332	967	636	-1	0.610	11	None	GENOMAD.044142.VV	7.148e-27	111	0	0	0	2561	Caudoviricetes	NA	NA	PF11436;TIGR02215	phage conserved hypothetical protein, phiE125 gp8 family
k127_324532_3	972	1097	126	-1	0.651	11	None	NA	NA	NA	0	0	0	1	NA	NA	NA	NA	NA
k127_200413_1	3	1319	1317	-1	0.680	11	None	GENOMAD.125725.VV	5.232e-80	276	0	0	1	2561	Caudoviricetes	NA	NA	PF06074;COG4383;TIGR01537	Mu-like prophage protein gp29
k127_137142_1	1	201	201	1	0.687	11	None	GENOMAD.097639.VV	4.998e-12	61	0	0	1	2561	Caudoviricetes	NA	NA	PF17289;TIGR01630;COG5362	phage uncharacterized protein (putative large terminase), C-terminal domain
k127_137142_2	198	485	288	1	0.590	11	None	GENOMAD.097639.VV	2.812e-07	49	0	0	1	2561	Caudoviricetes	NA	NA	PF17289;TIGR01630;COG5362	phage uncharacterized protein (putative large terminase), C-terminal domain
k127_137142_3	651	773	123	1	0.659	11	GGA/GAG/AGG	NA	NA	NA	0	0	0	1	NA	NA	NA	NA	NA
k127_137175_1	2	829	828	1	0.539	11	None	GENOMAD.068048.VV	1.037e-13	74	0	0	1	2561	Caudoviricetes	NA	NA	PF20307;TIGR03600;K02314;COG0305	phage replicative helicase, DnaB family, HK022 subfamily
k127_577207_1	55	552	498	-1	0.705	11	None	GENOMAD.037322.VV	2.38e-05	46	0	0	1	2561	Caudoviricetes	NA	NA	PF20025;K18951;TIGR04120	DNA ligase, ATP-dependent, PP_1105 family
k127_201047_1	3	683	681	-1	0.664	11	GGA/GAG/AGG	GENOMAD.013124.VV	3.527e-20	92	0	0	1	377	Drexlerviridae	NA	NA	PF13262;COG5410	NA
k127_201047_2	680	790	111	-1	0.577	11	None	NA	NA	NA	0	0	0	1	NA	NA	NA	NA	NA
k127_74922_1	3	500	498	1	0.610	11	None	GENOMAD.068048.VV	1.777e-13	70	0	0	1	2561	Caudoviricetes	NA	NA	PF20307;TIGR03600;K02314;COG0305	phage replicative helicase, DnaB family, HK022 subfamily
k127_74922_2	547	627	81	-1	0.704	11	None	NA	NA	NA	0	0	0	1	NA	NA	NA	NA	NA
k127_201368_1	31	339	309	1	0.715	11	None	GENOMAD.195366.VP	0.000102	42	0	0	1	1	NA	NA	NA	PF05766;COG3024	Endogenous inhibitor of DNA gyrase, YacG/DUF329 family
k127_452169_1	2	754	753	-1	0.542	11	None	GENOMAD.060259.VV	4.78e-07	53	0	0	1	2561	Caudoviricetes	NA	NA	PF20307;TIGR02236;COG0468;K04484	Divergent DnaB-like ATPase
k127_263432_1	2	709	708	1	0.668	11	None	GENOMAD.013210.VV	8.184e-24	103	0	0	1	2561	Caudoviricetes	NA	NA	PF00211;PF08994;PF08993;COG2114	Adenylate and Guanylate cyclase catalytic domain; T4 gene Gp59 loader of gp41 DNA helicase C-term; T4 gene Gp59 loader of gp41 DNA helicase
k127_263432_2	766	1071	306	1	0.745	11	GGAGG	NA	NA	NA	0	0	0	1	NA	NA	NA	NA	NA
k127_75457_1	3	608	606	1	0.587	11	None	GENOMAD.096254.VV	5.453e-26	108	0	0	1	2561	Caudoviricetes	NA	NA	PF05136;TIGR01539;COG5511	phage portal protein, lambda family
k127_75457_2	619	1047	429	1	0.636	11	GGA/GAG/AGG	GENOMAD.089557.VV	1.228e-08	55	0	0	0	2561	Caudoviricetes	NA	NA	K03987	NA
k127_138368_1	3	749	747	1	0.651	11	None	GENOMAD.097639.VV	2.077e-28	117	0	0	1	2561	Caudoviricetes	NA	NA	PF17289;TIGR01630;COG5362	phage uncharacterized protein (putative large terminase), C-terminal domain
k127_138373_1	2	583	582	1	0.598	11	None	GENOMAD.129396.VP	3.983e-27	111	0	0	1	2561	Caudoviricetes	NA	NA	PF20454	Terminase large subunit gpA, endonuclease domain
k127_263933_1	2	442	441	1	0.728	11	None	GENOMAD.068590.VV	2.359e-12	66	0	0	1	2561	Caudoviricetes	NA	NA	PF13871;PF11242;K11654;TIGR00721	C-terminal domain on Strawberry notch homologue
k127_13305_1	3	437	435	-1	0.566	11	None	GENOMAD.068048.VV	2.37e-11	63	0	0	1	2561	Caudoviricetes	NA	NA	PF20307;TIGR03600;K02314;COG0305	phage replicative helicase, DnaB family, HK022 subfamily
k127_139215_1	1	327	327	-1	0.642	11	None	GENOMAD.129169.VV	3.933e-09	55	0	0	1	2561	Caudoviricetes	NA	NA	COG4675	Microcystin-dependent protein  (function unknown)
k127_139249_1	2	469	468	-1	0.635	11	None	GENOMAD.169508.VP	6.121e-24	100	0	0	1	2561	Caudoviricetes	NA	NA	PF04708;PF13262;COG1961;K14060	Site-specific DNA recombinase related to the DNA invertase Pin
k127_264554_1	3	329	327	-1	0.606	11	None	GENOMAD.007175.VV	1.943e-08	53	0	0	1	2561	Caudoviricetes	NA	NA	PF20441;COG5362;TIGR01630	Phage terminase large subunit
k127_76556_1	88	321	234	1	0.722	11	None	GENOMAD.062910.VV	1.765e-05	43	0	0	1	2561	Caudoviricetes	NA	NA	PF11242;TIGR02844;K06283;COG4584	sporulation transcriptional regulator SpoIIID
k127_76886_1	1	321	321	1	0.576	11	None	GENOMAD.032636.VV	1.805e-08	53	0	0	1	2561	Caudoviricetes	NA	NA	PF20307;PF07486;TIGR02239;COG0468;K18947	Divergent DnaB-like ATPase; Cell Wall Hydrolase
k127_390888_1	3	125	123	-1	0.626	11	GGA/GAG/AGG	NA	NA	NA	0	0	0	1	NA	NA	NA	NA	NA
k127_390888_2	164	382	219	-1	0.584	11	None	GENOMAD.097639.VV	2.123e-08	51	0	0	1	2561	Caudoviricetes	NA	NA	PF17289;TIGR01630;COG5362	phage uncharacterized protein (putative large terminase), C-terminal domain
k127_203747_1	8	379	372	-1	0.567	11	GGAG/GAGG	GENOMAD.171422.VP	1.019e-12	66	0	0	1	2561	Caudoviricetes	NA	NA	PF05876;PF20454;COG5525;K21512;TIGR01547	Phage terminase, large subunit GpA
k127_265344_1	3	215	213	1	0.648	11	None	NA	NA	NA	0	0	0	1	NA	NA	NA	NA	NA
k127_265344_2	212	394	183	1	0.639	11	GGAG/GAGG	GENOMAD.071342.VV	1.433e-07	48	0	0	1	2561	Caudoviricetes	NA	NA	PF05894;TIGR01547;COG1783	Podovirus DNA encapsidation protein (Gp16)
k127_516627_1	1	396	396	1	0.598	11	None	GENOMAD.068048.VV	9.628e-17	78	0	0	1	2561	Caudoviricetes	NA	NA	PF20307;TIGR03600;K02314;COG0305	phage replicative helicase, DnaB family, HK022 subfamily
k127_454636_1	6	671	666	-1	0.598	11	None	GENOMAD.053842.VV	7.553e-10	61	0	0	1	2561	Caudoviricetes	NA	NA	PF11242	NA
k127_203936_1	3	647	645	-1	0.625	11	None	GENOMAD.023991.VV	1.445e-13	72	0	0	1	2561	Caudoviricetes	NA	NA	COG5410	Mu-like prophage FluMu protein gp28
k127_140372_1	76	534	459	-1	0.601	11	AGGAG	GENOMAD.063098.VV	3.636e-07	51	0	0	1	2561	Caudoviricetes	NA	NA	PF11126	Transcriptional regulator DsbA
k127_265632_1	1	831	831	1	0.600	11	None	GENOMAD.060259.VV	0.0004347	44	0	0	1	2561	Caudoviricetes	NA	NA	PF20307;TIGR02236;COG0468;K04484	Divergent DnaB-like ATPase
k127_77516_1	308	772	465	-1	0.314	11	TAT	NA	NA	NA	0	0	0	1	NA	NA	NA	NA	NA
k127_77516_2	793	1062	270	-1	0.333	11	ATATA	NA	NA	NA	0	0	0	1	NA	NA	NA	NA	NA
k127_77516_3	1273	2541	1269	-1	0.340	11	None	GENOMAD.111395.VV	0.0002169	46	0	0	0	1	NA	NA	NA	PF13641;K19427;TIGR04017;COG1216	colanic acid biosynthesis glycosyl transferase WcaA
k127_455277_1	1	687	687	1	0.652	11	None	GENOMAD.013210.VV	9.109e-12	67	0	0	1	2561	Caudoviricetes	NA	NA	PF00211;PF08994;PF08993;COG2114	Adenylate and Guanylate cyclase catalytic domain; T4 gene Gp59 loader of gp41 DNA helicase C-term; T4 gene Gp59 loader of gp41 DNA helicase
k127_391814_1	1	1020	1020	1	0.550	11	None	GENOMAD.013210.VV	1.18e-13	75	0	0	1	2561	Caudoviricetes	NA	NA	PF00211;PF08994;PF08993;COG2114	Adenylate and Guanylate cyclase catalytic domain; T4 gene Gp59 loader of gp41 DNA helicase C-term; T4 gene Gp59 loader of gp41 DNA helicase
k127_140947_1	2	448	447	1	0.664	11	None	GENOMAD.053137.VV	5.78e-30	117	0	0	1	2561	Caudoviricetes	NA	NA	PF17482	Phage tail sheath C-terminal domain
k127_455691_1	196	1926	1731	-1	0.657	11	GGxGG	GENOMAD.013210.VV	8.467e-37	151	0	0	1	2561	Caudoviricetes	NA	NA	PF00211;PF08994;PF08993;COG2114	Adenylate and Guanylate cyclase catalytic domain; T4 gene Gp59 loader of gp41 DNA helicase C-term; T4 gene Gp59 loader of gp41 DNA helicase
k127_455760_1	3	524	522	1	0.644	11	None	GENOMAD.169508.VP	2.74e-09	58	0	0	1	2561	Caudoviricetes	NA	NA	PF04708;PF13262;COG1961;K14060	Site-specific DNA recombinase related to the DNA invertase Pin
k127_329138_1	1	111	111	1	0.532	11	None	GENOMAD.009733.VV	7.44e-16	70	0	0	1	2561	Caudoviricetes	NA	NA	PF04883;TIGR01725	phage protein, HK97 gp10 family
k127_329138_2	111	392	282	1	0.468	11	AGGTG	NA	NA	NA	0	0	0	1	NA	NA	NA	NA	NA
k127_329443_1	1	474	474	1	0.536	11	None	GENOMAD.064272.VV	2.044e-05	46	0	0	1	1	NA	NA	NA	PF11242;K22206;TIGR00721;COG3415	DNA-binding protein, Tfx family
k127_205363_1	2	415	414	1	0.657	11	None	GENOMAD.013210.VV	1.053e-18	84	0	0	1	2561	Caudoviricetes	NA	NA	PF00211;PF08994;PF08993;COG2114	Adenylate and Guanylate cyclase catalytic domain; T4 gene Gp59 loader of gp41 DNA helicase C-term; T4 gene Gp59 loader of gp41 DNA helicase
k127_392620_1	48	593	546	1	0.467	11	ATA	GENOMAD.196890.VP	1.45e-11	65	0	0	1	2561	Caudoviricetes	NA	NA	PF03336	Poxvirus C4/C10 protein
k127_78856_1	1	357	357	1	0.700	11	None	GENOMAD.068048.VV	3.946e-13	67	0	0	1	2561	Caudoviricetes	NA	NA	PF20307;TIGR03600;K02314;COG0305	phage replicative helicase, DnaB family, HK022 subfamily
k127_456718_1	1	135	135	-1	0.689	11	AGGA/GGAG/GAGG	NA	NA	NA	0	0	0	1	NA	NA	NA	NA	NA
k127_456718_2	158	610	453	-1	0.737	11	None	GENOMAD.013210.VV	8.755e-17	79	0	0	1	2561	Caudoviricetes	NA	NA	PF00211;PF08994;PF08993;COG2114	Adenylate and Guanylate cyclase catalytic domain; T4 gene Gp59 loader of gp41 DNA helicase C-term; T4 gene Gp59 loader of gp41 DNA helicase
k127_519010_1	1	456	456	1	0.645	11	None	GENOMAD.099865.VV	4.398e-26	106	0	0	1	2561	Caudoviricetes	NA	NA	PF04466;PF17289;TIGR01547;COG5323;K06909	phage terminase, large subunit, PBSX family
k127_582964_1	2	319	318	-1	0.714	11	None	GENOMAD.027551.VV	1.296e-11	62	0	0	1	2561	Caudoviricetes	NA	NA	PF13479;TIGR01618;COG0468;K04484	phage nucleotide-binding protein
k127_268317_1	1	288	288	1	0.642	11	None	GENOMAD.038338.VV	6.683e-14	68	0	0	0	2561	Caudoviricetes	NA	NA	COG3392	NA
k127_268317_2	281	496	216	1	0.639	11	None	GENOMAD.154021.VP	1.674e-10	57	0	0	1	2561	Caudoviricetes	NA	NA	PF07141;TIGR03384	Putative bacteriophage terminase small subunit
k127_80198_1	1	417	417	1	0.683	11	None	GENOMAD.160783.VP	1.539e-14	72	0	0	1	2561	Caudoviricetes	NA	NA	PF04466;TIGR01547;COG5323	phage terminase, large subunit, PBSX family
k127_457792_1	2	997	996	-1	0.645	11	None	GENOMAD.169508.VP	4.259e-12	70	0	0	1	2561	Caudoviricetes	NA	NA	PF04708;PF13262;COG1961;K14060	Site-specific DNA recombinase related to the DNA invertase Pin
k127_80638_1	3	503	501	-1	0.621	11	None	GENOMAD.103507.VV	0.0001149	44	0	0	1	2561	Caudoviricetes	NA	NA	PF04586;TIGR01543;COG3740	NA
k127_17928_1	3	359	357	-1	0.661	11	None	GENOMAD.064337.VV	3.494e-05	44	0	0	1	1	NA	NA	NA	PF05521;COG5614;TIGR01563	Bacteriophage head-tail adaptor
k127_583999_1	2	838	837	1	0.632	11	None	GENOMAD.013124.VV	4.408e-11	66	0	0	1	377	Drexlerviridae	NA	NA	PF13262;COG5410	NA
k127_207677_1	2	373	372	1	0.559	11	None	GENOMAD.129169.VV	3.281e-08	53	0	0	1	2561	Caudoviricetes	NA	NA	COG4675	Microcystin-dependent protein  (function unknown)
k127_520314_1	3	491	489	1	0.601	11	None	GENOMAD.093760.VV	1.608e-42	154	0	0	1	2561	Caudoviricetes	NA	NA	PF05876;K21512;COG5525;TIGR01547	Phage terminase, large subunit GpA
k127_520471_1	2	1174	1173	1	0.685	11	None	GENOMAD.104635.VP	1.031e-14	79	0	0	1	2561	Caudoviricetes	NA	NA	TIGR01760	phage tail tape measure protein, TP901 family, core region
k127_18692_1	3	1133	1131	1	0.698	11	None	GENOMAD.013210.VV	4.795e-28	120	0	0	1	2561	Caudoviricetes	NA	NA	PF00211;PF08994;PF08993;COG2114	Adenylate and Guanylate cyclase catalytic domain; T4 gene Gp59 loader of gp41 DNA helicase C-term; T4 gene Gp59 loader of gp41 DNA helicase
k127_18692_2	1163	1345	183	1	0.694	11	None	NA	NA	NA	0	0	0	1	NA	NA	NA	NA	NA
k127_332406_1	2	985	984	-1	0.624	11	GGAGG	GENOMAD.000175.VV	3.405e-05	48	0	0	1	8305	Partitiviridae	NA	NA	PF00680;COG3344	Viral RNA-dependent RNA polymerase
k127_18969_1	2	325	324	-1	0.648	11	None	GENOMAD.182236.VP	1.873e-08	53	0	0	1	2561	Caudoviricetes	NA	NA	PF16724;COG4119;TIGR02705;K12152	T4-like virus Myoviridae tail sheath stabiliser
k127_521281_1	3	596	594	1	0.621	11	None	GENOMAD.169508.VP	9.412e-28	113	0	0	1	2561	Caudoviricetes	NA	NA	PF04708;PF13262;COG1961;K14060	Site-specific DNA recombinase related to the DNA invertase Pin
k127_82180_1	1	603	603	1	0.718	11	None	GENOMAD.121646.VV	9.567e-05	45	0	0	1	2561	Caudoviricetes	NA	NA	PF07880	Bacteriophage T4 gp9/10-like protein
k127_333867_1	1	138	138	-1	0.543	11	None	NA	NA	NA	0	0	0	1	NA	NA	NA	NA	NA
k127_333867_2	135	677	543	-1	0.573	11	None	GENOMAD.120931.VP	1.141e-15	77	0	0	1	2561	Caudoviricetes	NA	NA	PF09588;COG5377;TIGR03033;K01143	Phage-related protein, predicted endonuclease
k127_460918_1	3	542	540	1	0.706	11	None	GENOMAD.007145.VV	0.0006513	42	0	0	1	6064	Autographiviridae	NA	NA	PF09293	NA
k127_586646_1	3	383	381	-1	0.688	11	None	GENOMAD.064038.VV	1.833e-16	77	0	0	1	2561	Caudoviricetes	NA	NA	PF04860;TIGR01537;COG4695	phage portal protein, HK97 family
k127_210606_1	3	359	357	1	0.633	11	None	GENOMAD.064271.VV	1.584e-05	45	0	0	1	2561	Caudoviricetes	NA	NA	PF09588;COG5377	Phage-related protein, predicted endonuclease
k127_146802_1	1	369	369	-1	0.734	11	None	GENOMAD.034157.VV	1.07e-20	89	0	0	1	2561	Caudoviricetes	NA	NA	PF20441;PF03354;COG4626;TIGR01547	Phage terminase-like protein, large subunit, contains N-terminal HTH domain
k127_272029_1	3	863	861	-1	0.575	11	AGxAGG/AGGxGG	GENOMAD.000175.VV	3.325e-07	54	0	0	1	8305	Partitiviridae	NA	NA	PF00680;COG3344	Viral RNA-dependent RNA polymerase
k127_272029_2	1056	1415	360	-1	0.617	11	AGxAGG/AGGxGG	NA	NA	NA	0	0	0	1	NA	NA	NA	NA	NA
k127_272029_3	1379	1612	234	-1	0.624	11	None	NA	NA	NA	0	0	0	1	NA	NA	NA	NA	NA
k127_461650_1	1	324	324	-1	0.685	11	None	GENOMAD.068048.VV	1.713e-17	79	0	0	1	2561	Caudoviricetes	NA	NA	PF20307;TIGR03600;K02314;COG0305	phage replicative helicase, DnaB family, HK022 subfamily
k127_334653_1	1	321	321	-1	0.595	11	None	GENOMAD.054986.VV	8.116e-09	54	0	0	1	2561	Caudoviricetes	NA	NA	PF09293	T4 RNase H, C terminal
k127_84122_1	3	461	459	1	0.584	11	None	GENOMAD.109691.VV	1.313e-31	122	0	0	1	2561	Caudoviricetes	NA	NA	PF06141	Phage minor tail protein U
k127_461935_1	1	237	237	-1	0.650	11	None	GENOMAD.147427.VP	7.323e-14	67	0	0	1	2561	Caudoviricetes	NA	NA	PF07141	Putative bacteriophage terminase small subunit
k127_461935_2	280	540	261	-1	0.655	11	None	GENOMAD.038338.VV	2.511e-12	63	0	0	0	2561	Caudoviricetes	NA	NA	COG3392	NA
k127_398420_1	1	480	480	1	0.675	11	None	GENOMAD.068048.VV	6.692e-14	71	0	0	1	2561	Caudoviricetes	NA	NA	PF20307;TIGR03600;K02314;COG0305	phage replicative helicase, DnaB family, HK022 subfamily
k127_524233_1	2	388	387	1	0.522	11	None	GENOMAD.123534.VP	2.527e-71	235	0	0	1	2561	Caudoviricetes	NA	NA	PF05133;TIGR01538	Phage portal protein, SPP1 Gp6-like
k127_588369_1	3	632	630	1	0.690	11	None	GENOMAD.068048.VV	2.838e-10	62	0	0	1	2561	Caudoviricetes	NA	NA	PF20307;TIGR03600;K02314;COG0305	phage replicative helicase, DnaB family, HK022 subfamily
k127_84885_1	1	321	321	-1	0.651	11	None	GENOMAD.222396.VV	1.983e-07	50	0	0	1	2561	Caudoviricetes	NA	NA	PF05766;TIGR02646	Bacteriophage Lambda NinG protein
k127_212409_1	3	407	405	1	0.541	11	None	GENOMAD.053137.VV	2.557e-24	100	0	0	1	2561	Caudoviricetes	NA	NA	PF17482	Phage tail sheath C-terminal domain
k127_273602_1	1	549	549	1	0.614	11	None	GENOMAD.002932.VV	3.254e-10	61	0	0	1	2561	Caudoviricetes	NA	NA	TIGR01630;COG5362	phage uncharacterized protein (putative large terminase), C-terminal domain
k127_273602_2	567	629	63	1	0.556	11	GGA/GAG/AGG	NA	NA	NA	0	0	0	1	NA	NA	NA	NA	NA
k127_399281_1	3	524	522	1	0.701	11	None	GENOMAD.193019.VV	5.578e-11	63	0	0	1	2561	Caudoviricetes	NA	NA	PF17541;COG3497;TIGR02243	Phage tail sheath protein FI
k127_148816_1	116	742	627	-1	0.652	11	None	GENOMAD.118632.VP	2.703e-09	59	0	0	1	2561	Caudoviricetes	NA	NA	PF00476;PF07141	DNA polymerase family A; Putative bacteriophage terminase small subunit
k127_148892_1	1	84	84	1	0.607	11	None	NA	NA	NA	0	0	0	1	NA	NA	NA	NA	NA
k127_148892_2	214	1683	1470	1	0.690	11	None	GENOMAD.032636.VV	4.198e-19	94	0	0	1	2561	Caudoviricetes	NA	NA	PF20307;PF07486;TIGR02239;COG0468;K18947	Divergent DnaB-like ATPase; Cell Wall Hydrolase
k127_85848_1	1	309	309	-1	0.618	11	None	GENOMAD.068048.VV	1.885e-14	70	0	0	1	2561	Caudoviricetes	NA	NA	PF20307;TIGR03600;K02314;COG0305	phage replicative helicase, DnaB family, HK022 subfamily
k127_85960_1	63	296	234	-1	0.714	11	AGGAG	GENOMAD.143890.VV	2.106e-10	57	0	0	0	1	NA	NA	NA	NA	NA
k127_85960_2	307	483	177	-1	0.729	11	None	GENOMAD.004420.VV	1.238e-07	48	0	0	1	2561	Caudoviricetes	NA	NA	PF20441;COG5362	Terminase large subunit, endonuclease domain
k127_589611_1	2	313	312	1	0.696	11	None	GENOMAD.037322.VV	9.645e-06	45	0	0	1	2561	Caudoviricetes	NA	NA	PF20025;K18951;TIGR04120	DNA ligase, ATP-dependent, PP_1105 family
k127_213559_1	2	601	600	1	0.430	11	None	GENOMAD.071187.VV	9.893e-06	48	0	0	1	1	NA	NA	NA	PF00863;TIGR02038;COG0265	periplasmic serine pepetdase DegS
k127_275226_1	3	359	357	1	0.625	11	None	GENOMAD.147427.VP	2.973e-16	76	0	0	1	2561	Caudoviricetes	NA	NA	PF07141	Putative bacteriophage terminase small subunit
k127_337789_1	2	451	450	-1	0.573	11	None	GENOMAD.013210.VV	8.244e-27	108	0	0	1	2561	Caudoviricetes	NA	NA	PF00211;PF08994;PF08993;COG2114	Adenylate and Guanylate cyclase catalytic domain; T4 gene Gp59 loader of gp41 DNA helicase C-term; T4 gene Gp59 loader of gp41 DNA helicase
k127_465277_1	2	379	378	1	0.661	11	None	GENOMAD.063098.VV	1.834e-06	48	0	0	1	2561	Caudoviricetes	NA	NA	PF11126	Transcriptional regulator DsbA
k127_338002_1	6	530	525	-1	0.625	11	None	GENOMAD.097639.VV	1.194e-23	100	0	0	1	2561	Caudoviricetes	NA	NA	PF17289;TIGR01630;COG5362	phage uncharacterized protein (putative large terminase), C-terminal domain
k127_465631_1	2	442	441	1	0.562	11	None	GENOMAD.158172.VP	1.787e-42	153	0	0	1	2561	Caudoviricetes	NA	NA	PF04466;TIGR01547;COG5323	phage terminase, large subunit, PBSX family
k127_591744_1	3	422	420	-1	0.602	11	None	GENOMAD.116655.VV	9.209e-30	116	0	0	1	2561	Caudoviricetes	NA	NA	PF04860;TIGR01537;COG5005	phage portal protein, HK97 family
k127_402214_1	3	362	360	1	0.608	11	None	GENOMAD.017632.VV	2.214e-11	62	0	0	1	2561	Caudoviricetes	NA	NA	PF03354;COG5410;TIGR01547	phage terminase, large subunit, PBSX family
k127_215756_1	1	375	375	-1	0.731	11	None	GENOMAD.186111.VV	0.0002016	42	0	0	1	1	NA	NA	NA	PF11242;TIGR00721;COG4584	DNA-binding protein, Tfx family
k127_466582_1	1	195	195	-1	0.610	11	GGA/GAG/AGG	NA	NA	NA	0	0	0	1	NA	NA	NA	NA	NA
k127_466582_2	182	538	357	-1	0.577	11	None	GENOMAD.181728.VV	6.436e-07	49	0	0	1	2561	Caudoviricetes	NA	NA	PF09588;COG5377;TIGR03033	Phage-related protein, predicted endonuclease
k127_151858_1	3	335	333	-1	0.598	11	None	GENOMAD.181728.VV	1.031e-07	51	0	0	1	2561	Caudoviricetes	NA	NA	PF09588;COG5377;TIGR03033	Phage-related protein, predicted endonuclease
k127_528408_1	1	402	402	-1	0.669	11	None	GENOMAD.161099.VV	1.12e-05	46	0	0	1	2561	Caudoviricetes	NA	NA	PF16724;COG4119;TIGR02705;K12629	T4-like virus Myoviridae tail sheath stabiliser
k127_26177_1	3	323	321	-1	0.611	11	None	GENOMAD.100194.VV	2.012e-15	73	0	0	1	2561	Caudoviricetes	NA	NA	PF04466;TIGR01547;COG5323	Phage terminase large subunit
k127_277822_1	3	527	525	1	0.640	11	None	GENOMAD.068590.VV	1.149e-12	68	0	0	1	2561	Caudoviricetes	NA	NA	PF13871;PF11242;K11654;TIGR00721	C-terminal domain on Strawberry notch homologue
k127_593358_1	2	379	378	1	0.664	11	None	GENOMAD.013124.VV	3.505e-08	53	0	0	1	377	Drexlerviridae	NA	NA	PF13262;COG5410	NA
k127_26770_1	2	418	417	-1	0.643	11	None	GENOMAD.213311.VP	8.815e-12	64	0	0	1	2561	Caudoviricetes	NA	NA	PF09681;TIGR01714	N-terminal phage replisome organiser (Phage_rep_org_N)
k127_153194_1	1	267	267	1	0.461	11	None	NA	NA	NA	0	0	0	1	NA	NA	NA	NA	NA
k127_153194_2	390	650	261	-1	0.352	11	TATATA	NA	NA	NA	0	0	0	1	NA	NA	NA	NA	NA
k127_153194_3	931	1476	546	-1	0.350	11	TATA	NA	NA	NA	0	0	0	1	NA	NA	NA	NA	NA
k127_153194_4	1851	2810	960	-1	0.411	11	None	NA	NA	NA	0	0	0	1	NA	NA	NA	NA	NA
k127_153194_5	2983	3429	447	-1	0.360	11	ATATA	GENOMAD.092059.VV	2.608e-11	63	0	0	0	2561	Caudoviricetes	NA	NA	PF00226;K05516;TIGR02349;COG0484	chaperone protein DnaJ
k127_153194_6	4131	5396	1266	-1	0.336	11	ATA	NA	NA	NA	0	0	0	1	NA	NA	NA	NA	NA
k127_593879_1	1	441	441	-1	0.574	11	None	GENOMAD.116655.VV	6.082e-79	258	0	0	1	2561	Caudoviricetes	NA	NA	PF04860;TIGR01537;COG5005	phage portal protein, HK97 family
k127_468314_1	3	383	381	-1	0.635	11	None	GENOMAD.068048.VV	9.897e-15	72	0	0	1	2561	Caudoviricetes	NA	NA	PF20307;TIGR03600;K02314;COG0305	phage replicative helicase, DnaB family, HK022 subfamily
k127_468580_1	2	364	363	-1	0.628	11	None	GENOMAD.154021.VP	3.537e-15	73	0	0	1	2561	Caudoviricetes	NA	NA	PF07141;TIGR03384	Putative bacteriophage terminase small subunit
k127_529764_1	2	412	411	-1	0.601	11	None	GENOMAD.023991.VV	1.491e-31	121	0	0	1	2561	Caudoviricetes	NA	NA	COG5410	Mu-like prophage FluMu protein gp28
k127_153949_1	1	657	657	-1	0.654	11	None	GENOMAD.099865.VV	1.539e-41	154	0	0	1	2561	Caudoviricetes	NA	NA	PF04466;PF17289;TIGR01547;COG5323;K06909	phage terminase, large subunit, PBSX family
k127_153949_2	667	765	99	-1	0.556	11	None	NA	NA	NA	0	0	0	1	NA	NA	NA	NA	NA
k127_341384_1	71	724	654	-1	0.576	11	None	GENOMAD.020821.VV	6.708e-16	79	0	0	1	2561	Caudoviricetes	NA	NA	PF05876;PF16203;K14440;COG5410;TIGR04095	ERCC4-related helicase
k127_218495_1	2	124	123	-1	0.789	11	AGGAG	NA	NA	NA	0	0	0	1	NA	NA	NA	NA	NA
k127_218495_2	124	438	315	-1	0.670	11	None	GENOMAD.068048.VV	9.767e-14	68	0	0	1	2561	Caudoviricetes	NA	NA	PF20307;TIGR03600;K02314;COG0305	phage replicative helicase, DnaB family, HK022 subfamily
k127_404982_1	3	119	117	1	0.709	11	None	NA	NA	NA	0	0	0	1	NA	NA	NA	NA	NA
k127_404982_2	130	306	177	1	0.667	11	AGGAG	GENOMAD.066341.VV	7.891e-19	80	0	0	1	2561	Caudoviricetes	NA	NA	TIGR02241	conserved hypothetical phage tail region protein
k127_594994_1	2	460	459	-1	0.641	11	None	GENOMAD.162088.VV	1.05e-15	76	0	0	1	2561	Caudoviricetes	NA	NA	PF05136;TIGR01539;COG5511;K09961	phage portal protein, lambda family
k127_279530_1	3	374	372	-1	0.642	11	None	GENOMAD.064229.VV	3.124e-34	128	0	0	1	2561	Caudoviricetes	NA	NA	PF05133;TIGR01538	phage portal protein, SPP1 family
k127_279533_1	1	309	309	1	0.631	11	None	GENOMAD.208446.VP	1.051e-27	108	0	0	0	2561	Caudoviricetes	NA	NA	PF01555;COG4725;K13581	N6-adenosine-specific RNA methylase IME4
k127_279533_2	312	836	525	1	0.592	11	3Base/5BMM	GENOMAD.208807.VP	4.051e-17	81	0	0	1	2561	Caudoviricetes	NA	NA	PF05136;TIGR01539;COG5511	phage portal protein, lambda family
k127_279533_3	836	1459	624	1	0.606	11	GGA/GAG/AGG	GENOMAD.093760.VV	1.134e-49	177	0	0	1	2561	Caudoviricetes	NA	NA	PF05876;K21512;COG5525;TIGR01547	Phage terminase, large subunit GpA
k127_341999_1	2	340	339	1	0.652	11	None	GENOMAD.109691.VV	2.855e-22	93	0	0	1	2561	Caudoviricetes	NA	NA	PF06141	Phage minor tail protein U
k127_595514_1	1	573	573	1	0.654	11	None	GENOMAD.068048.VV	3.198e-16	79	0	0	1	2561	Caudoviricetes	NA	NA	PF20307;TIGR03600;K02314;COG0305	phage replicative helicase, DnaB family, HK022 subfamily
k127_595514_2	540	614	75	-1	0.640	11	None	NA	NA	NA	0	0	0	1	NA	NA	NA	NA	NA
k127_280694_1	2	310	309	1	0.725	11	None	GENOMAD.009149.VV	4.933e-28	109	0	0	1	2561	Caudoviricetes	NA	NA	PF17288;TIGR01630	Terminase RNAseH like domain
k127_92696_1	1	336	336	1	0.696	11	None	GENOMAD.068048.VV	1.11e-15	74	0	0	1	2561	Caudoviricetes	NA	NA	PF20307;TIGR03600;K02314;COG0305	phage replicative helicase, DnaB family, HK022 subfamily
k127_406713_1	2	646	645	1	0.681	11	None	GENOMAD.013124.VV	6.671e-14	73	0	0	1	377	Drexlerviridae	NA	NA	PF13262;COG5410	NA
k127_596712_1	2	352	351	1	0.613	11	None	GENOMAD.063098.VV	2.812e-07	50	0	0	1	2561	Caudoviricetes	NA	NA	PF11126	Transcriptional regulator DsbA
k127_155980_1	21	338	318	1	0.717	11	None	GENOMAD.195366.VP	2.295e-05	44	0	0	1	1	NA	NA	NA	PF05766;COG3024	Endogenous inhibitor of DNA gyrase, YacG/DUF329 family
k127_406744_1	3	191	189	1	0.556	11	None	GENOMAD.074731.VV	1.504e-07	48	0	0	0	1	NA	NA	NA	NA	NA
k127_406744_2	195	656	462	1	0.610	11	GGA/GAG/AGG	GENOMAD.067686.VV	4.58e-60	204	0	0	1	2561	Caudoviricetes	NA	NA	PF06141	Phage minor tail protein U
k127_406744_3	709	1095	387	1	0.599	11	None	NA	NA	NA	0	0	0	1	NA	NA	NA	NA	NA
k127_596881_1	2	436	435	-1	0.639	11	None	GENOMAD.068048.VV	1.901e-14	72	0	0	1	2561	Caudoviricetes	NA	NA	PF20307;TIGR03600;K02314;COG0305	phage replicative helicase, DnaB family, HK022 subfamily
k127_92929_1	3	356	354	-1	0.641	11	None	GENOMAD.023991.VV	6.953e-06	46	0	0	1	2561	Caudoviricetes	NA	NA	COG5410	Mu-like prophage FluMu protein gp28
k127_30084_1	1	828	828	-1	0.378	11	None	GENOMAD.045082.VV	9.203e-66	227	0	0	1	1	NA	NA	NA	PF16510;COG4068	Phage P22-like portal protein
k127_156212_1	21	791	771	1	0.542	11	AGGA	GENOMAD.068048.VV	6.778e-11	65	0	0	1	2561	Caudoviricetes	NA	NA	PF20307;TIGR03600;K02314;COG0305	phage replicative helicase, DnaB family, HK022 subfamily
k127_281316_1	73	369	297	-1	0.596	11	None	GENOMAD.151436.VP	7.035e-07	48	0	0	1	2561	Caudoviricetes	NA	NA	PF17288;TIGR01547;COG1783	phage terminase, large subunit, PBSX family
k127_281487_1	2	556	555	-1	0.676	11	None	GENOMAD.037653.VV	0.0001586	44	0	0	1	1	NA	NA	NA	PF13479;TIGR01618;COG2874;K04484	phage nucleotide-binding protein
k127_471870_1	1	417	417	1	0.619	11	None	GENOMAD.169508.VP	1.857e-21	92	0	0	1	2561	Caudoviricetes	NA	NA	PF04708;PF13262;COG1961;K14060	Site-specific DNA recombinase related to the DNA invertase Pin
k127_93726_1	3	341	339	1	0.581	11	None	GENOMAD.053137.VV	3.344e-20	87	0	0	1	2561	Caudoviricetes	NA	NA	PF17482	Phage tail sheath C-terminal domain
k127_93726_2	352	441	90	1	0.567	11	AGGAGG	NA	NA	NA	0	0	0	1	NA	NA	NA	NA	NA
k127_281886_1	1	345	345	-1	0.670	11	None	GENOMAD.097639.VV	8.47e-28	109	0	0	1	2561	Caudoviricetes	NA	NA	PF17289;TIGR01630;COG5362	phage uncharacterized protein (putative large terminase), C-terminal domain
k127_472489_1	2	472	471	-1	0.754	11	None	GENOMAD.068590.VV	7.554e-11	62	0	0	1	2561	Caudoviricetes	NA	NA	PF13871;PF11242;K11654;TIGR00721	C-terminal domain on Strawberry notch homologue
k127_157259_1	2	349	348	1	0.638	11	None	GENOMAD.218988.VP	6.521e-06	46	0	0	1	1	NA	NA	NA	PF09293	T4 RNase H, C terminal
k127_344750_1	2	493	492	1	0.400	11	None	GENOMAD.104669.VV	1.079e-05	47	0	0	1	2561	Caudoviricetes	NA	NA	PF13479;TIGR01618;COG0468;K04484	phage nucleotide-binding protein
k127_344846_1	1	459	459	-1	0.660	11	None	GENOMAD.023991.VV	3.412e-09	57	0	0	1	2561	Caudoviricetes	NA	NA	COG5410	Mu-like prophage FluMu protein gp28
k127_282586_1	1	657	657	-1	0.619	11	None	GENOMAD.013210.VV	2.935e-19	89	0	0	1	2561	Caudoviricetes	NA	NA	PF00211;PF08994;PF08993;COG2114	Adenylate and Guanylate cyclase catalytic domain; T4 gene Gp59 loader of gp41 DNA helicase C-term; T4 gene Gp59 loader of gp41 DNA helicase
k127_345390_1	3	521	519	-1	0.636	11	None	GENOMAD.013210.VV	3.468e-29	116	0	0	1	2561	Caudoviricetes	NA	NA	PF00211;PF08994;PF08993;COG2114	Adenylate and Guanylate cyclase catalytic domain; T4 gene Gp59 loader of gp41 DNA helicase C-term; T4 gene Gp59 loader of gp41 DNA helicase
k127_158129_1	3	434	432	-1	0.697	11	None	GENOMAD.013210.VV	1.836e-14	72	0	0	1	2561	Caudoviricetes	NA	NA	PF00211;PF08994;PF08993;COG2114	Adenylate and Guanylate cyclase catalytic domain; T4 gene Gp59 loader of gp41 DNA helicase C-term; T4 gene Gp59 loader of gp41 DNA helicase
k127_599560_1	1	324	324	-1	0.694	11	None	GENOMAD.116655.VV	4.967e-62	207	0	0	1	2561	Caudoviricetes	NA	NA	PF04860;TIGR01537;COG5005	phage portal protein, HK97 family
k127_534898_1	3	275	273	1	0.656	11	None	NA	NA	NA	0	0	0	1	NA	NA	NA	NA	NA
k127_534898_2	248	682	435	1	0.653	11	None	GENOMAD.097639.VV	3.752e-15	74	0	0	1	2561	Caudoviricetes	NA	NA	PF17289;TIGR01630;COG5362	phage uncharacterized protein (putative large terminase), C-terminal domain
k127_283748_1	1	588	588	1	0.672	11	None	GENOMAD.036838.VV	1.407e-50	179	0	0	1	2561	Caudoviricetes	NA	NA	COG5437	NA
k127_534975_1	3	374	372	1	0.661	11	None	GENOMAD.068048.VV	1.887e-14	71	0	0	1	2561	Caudoviricetes	NA	NA	PF20307;TIGR03600;K02314;COG0305	phage replicative helicase, DnaB family, HK022 subfamily
k127_284098_1	1	309	309	1	0.621	11	None	GENOMAD.073447.VV	3.131e-09	55	0	0	1	2561	Caudoviricetes	NA	NA	PF00580;TIGR04095;COG4373	UvrD/REP helicase N-terminal domain
k127_474670_1	2	664	663	-1	0.615	11	None	GENOMAD.000175.VV	1.342e-05	48	0	0	1	8305	Partitiviridae	NA	NA	PF00680;COG3344	Viral RNA-dependent RNA polymerase
k127_159124_1	2	142	141	-1	0.624	11	GGAG/GAGG	GENOMAD.153734.VC	1.701e-13	64	0	0	0	2561	Caudoviricetes	NA	NA	PF06940;COG3738;K13695;TIGR02219	Uncharacterized protein YijF, DUF1287 family
k127_159124_2	139	384	246	-1	0.577	11	None	GENOMAD.093408.VV	2.166e-26	103	0	0	1	2561	Caudoviricetes	NA	NA	PF09356;PF11836;TIGR02218	phage conserved hypothetical protein BR0599
k127_410036_1	1	369	369	-1	0.599	11	None	GENOMAD.017632.VV	0.0001905	42	0	0	1	2561	Caudoviricetes	NA	NA	PF03354;COG5410;TIGR01547	phage terminase, large subunit, PBSX family
k127_33364_1	2	547	546	1	0.689	11	None	GENOMAD.101146.VC	7.296e-07	51	0	0	1	2561	Caudoviricetes	NA	NA	PF09293;TIGR00593;K18950;COG0258	DNA polymerase I
k127_410081_1	3	743	741	-1	0.640	11	None	GENOMAD.013124.VV	2.332e-08	57	0	0	1	377	Drexlerviridae	NA	NA	PF13262;COG5410	NA
k127_410081_2	740	850	111	-1	0.694	11	None	NA	NA	NA	0	0	0	1	NA	NA	NA	NA	NA
k127_600485_1	1	633	633	1	0.638	11	None	GENOMAD.099865.VV	3.922e-24	103	0	0	1	2561	Caudoviricetes	NA	NA	PF04466;PF17289;TIGR01547;COG5323;K06909	phage terminase, large subunit, PBSX family
k127_96710_1	1	441	441	-1	0.687	11	None	GENOMAD.016722.VV	2.527e-11	63	0	0	1	2561	Caudoviricetes	NA	NA	PF05135;TIGR02215	phage conserved hypothetical protein, phiE125 gp8 family
k127_285005_1	2	169	168	1	0.667	11	None	GENOMAD.124507.VV	3.696e-10	55	0	0	1	2561	Caudoviricetes	NA	NA	PF11242;K22300;COG3655;TIGR00673	DNA-binding transcriptional regulator, XRE family
k127_601042_1	1	483	483	-1	0.700	11	None	GENOMAD.195568.VP	2.184e-05	46	0	0	1	2561	Caudoviricetes	NA	NA	PF20025;PF01331;K18951;TIGR04120;COG1793	DNA ligase, ATP-dependent, PP_1105 family
k127_160134_1	1	258	258	1	0.702	11	None	NA	NA	NA	0	0	0	1	NA	NA	NA	NA	NA
k127_160134_2	255	500	246	1	0.675	11	AGGA	GENOMAD.011975.VV	3.492e-22	91	0	0	1	1	NA	NA	NA	PF06199;COG5437;TIGR02126	Predicted secreted protein
k127_34193_1	2	376	375	-1	0.597	11	None	GENOMAD.181728.VV	3.135e-09	56	0	0	1	2561	Caudoviricetes	NA	NA	PF09588;COG5377;TIGR03033	Phage-related protein, predicted endonuclease
k127_601283_1	2	373	372	1	0.597	11	None	GENOMAD.068048.VV	2.068e-13	68	0	0	1	2561	Caudoviricetes	NA	NA	PF20307;TIGR03600;K02314;COG0305	phage replicative helicase, DnaB family, HK022 subfamily
k127_347919_1	3	179	177	-1	0.633	11	AGGA	GENOMAD.223017.VP	1.3e-07	48	0	0	1	1	NA	NA	NA	PF07141	Putative bacteriophage terminase small subunit
k127_97494_1	3	473	471	1	0.705	11	None	GENOMAD.068048.VV	3.987e-08	54	0	0	1	2561	Caudoviricetes	NA	NA	PF20307;TIGR03600;K02314;COG0305	phage replicative helicase, DnaB family, HK022 subfamily
k127_476814_1	2	511	510	1	0.663	11	None	GENOMAD.068048.VV	8.619e-15	74	0	0	1	2561	Caudoviricetes	NA	NA	PF20307;TIGR03600;K02314;COG0305	phage replicative helicase, DnaB family, HK022 subfamily
k127_476814_2	508	741	234	1	0.752	11	None	NA	NA	NA	0	0	0	1	NA	NA	NA	NA	NA
k127_476814_3	768	1274	507	1	0.694	11	None	GENOMAD.067736.VV	2.578e-06	49	0	0	0	2561	Caudoviricetes	NA	NA	PF00709;PF13186;COG0104;TIGR00184	Adenylosuccinate synthase
k127_537529_1	1	387	387	1	0.721	11	None	GENOMAD.068590.VV	1.381e-11	63	0	0	1	2561	Caudoviricetes	NA	NA	PF13871;PF11242;K11654;TIGR00721	C-terminal domain on Strawberry notch homologue
k127_161503_1	2	349	348	1	0.687	11	None	GENOMAD.129999.VP	2.39e-17	79	0	0	1	2561	Caudoviricetes	NA	NA	PF04708;COG1961;K21528	Site-specific DNA recombinase related to the DNA invertase Pin
k127_226457_1	3	545	543	1	0.632	11	None	GENOMAD.169508.VP	3.079e-11	64	0	0	1	2561	Caudoviricetes	NA	NA	PF04708;PF13262;COG1961;K14060	Site-specific DNA recombinase related to the DNA invertase Pin
k127_477826_1	2	775	774	1	0.609	11	None	GENOMAD.169508.VP	3.172e-25	108	0	0	1	2561	Caudoviricetes	NA	NA	PF04708;PF13262;COG1961;K14060	Site-specific DNA recombinase related to the DNA invertase Pin
k127_603139_1	3	452	450	-1	0.647	11	None	GENOMAD.161001.VC	3.686e-05	45	0	0	1	2561	Caudoviricetes	NA	NA	PF03354;TIGR01547;COG1783	phage terminase, large subunit, PBSX family
k127_603139_2	436	705	270	-1	0.593	11	None	NA	NA	NA	0	0	0	1	NA	NA	NA	NA	NA
k127_36119_1	1	396	396	-1	0.662	11	None	GENOMAD.002060.VV	8.984e-35	130	0	0	1	2561	Caudoviricetes	NA	NA	PF20441;PF04466;COG4626;TIGR01547;K06909	Phage terminase-like protein, large subunit, contains N-terminal HTH domain
k127_603346_1	1	312	312	-1	0.574	11	None	GENOMAD.023991.VV	2.622e-19	84	0	0	1	2561	Caudoviricetes	NA	NA	COG5410	Mu-like prophage FluMu protein gp28
k127_162766_1	33	824	792	-1	0.670	11	None	GENOMAD.013210.VV	4.146e-18	87	0	0	1	2561	Caudoviricetes	NA	NA	PF00211;PF08994;PF08993;COG2114	Adenylate and Guanylate cyclase catalytic domain; T4 gene Gp59 loader of gp41 DNA helicase C-term; T4 gene Gp59 loader of gp41 DNA helicase
k127_478674_1	1	678	678	1	0.671	11	None	GENOMAD.013210.VV	1.001e-28	117	0	0	1	2561	Caudoviricetes	NA	NA	PF00211;PF08994;PF08993;COG2114	Adenylate and Guanylate cyclase catalytic domain; T4 gene Gp59 loader of gp41 DNA helicase C-term; T4 gene Gp59 loader of gp41 DNA helicase
k127_350568_1	3	638	636	1	0.656	11	None	GENOMAD.195648.VP	1.25e-06	51	0	0	1	9067	Straboviridae	NA	NA	PF20025;PF01331;PF14743;K18951;TIGR04120;COG1793	DNA ligase, ATP-dependent, PP_1105 family
k127_350987_1	1	288	288	1	0.635	11	None	GENOMAD.038338.VV	2.533e-08	52	0	0	0	2561	Caudoviricetes	NA	NA	COG3392	NA
k127_350987_2	260	508	249	1	0.643	11	None	GENOMAD.147427.VP	1.966e-13	66	0	0	1	2561	Caudoviricetes	NA	NA	PF07141	Putative bacteriophage terminase small subunit
k127_228892_1	1	312	312	1	0.635	11	None	GENOMAD.140409.VP	1.613e-08	53	0	0	1	2561	Caudoviricetes	NA	NA	PF13550;COG4733	Phage-related protein, tail component
k127_100595_1	2	733	732	-1	0.626	11	None	GENOMAD.169508.VP	9.729e-26	109	0	0	1	2561	Caudoviricetes	NA	NA	PF04708;PF13262;COG1961;K14060	Site-specific DNA recombinase related to the DNA invertase Pin
k127_479702_1	1	495	495	1	0.620	11	None	GENOMAD.068048.VV	1.567e-15	76	0	0	1	2561	Caudoviricetes	NA	NA	PF20307;TIGR03600;K02314;COG0305	phage replicative helicase, DnaB family, HK022 subfamily
k127_228943_1	3	452	450	-1	0.553	11	None	GENOMAD.068048.VV	2.778e-11	63	0	0	1	2561	Caudoviricetes	NA	NA	PF20307;TIGR03600;K02314;COG0305	phage replicative helicase, DnaB family, HK022 subfamily
k127_414742_1	1	309	309	1	0.657	11	None	GENOMAD.166399.VC	1.712e-07	50	0	0	1	2561	Caudoviricetes	NA	NA	PF04860;TIGR01537;COG4695	phage portal protein, HK97 family
k127_229175_1	2	730	729	-1	0.608	11	None	GENOMAD.116655.VV	7.535e-98	318	0	0	1	2561	Caudoviricetes	NA	NA	PF04860;TIGR01537;COG5005	phage portal protein, HK97 family
k127_351531_1	120	1751	1632	-1	0.619	11	AGGAG/GGAGG	GENOMAD.155321.VV	0.0001547	47	0	0	0	1	NA	NA	NA	NA	NA
k127_351531_2	1897	2808	912	-1	0.713	11	None	NA	NA	NA	0	0	0	1	NA	NA	NA	NA	NA
k127_38509_1	3	452	450	1	0.593	11	None	GENOMAD.068048.VV	9.467e-16	76	0	0	1	2561	Caudoviricetes	NA	NA	PF20307;TIGR03600;K02314;COG0305	phage replicative helicase, DnaB family, HK022 subfamily
k127_540913_1	3	500	498	1	0.604	11	None	GENOMAD.169508.VP	1.416e-27	111	0	0	1	2561	Caudoviricetes	NA	NA	PF04708;PF13262;COG1961;K14060	Site-specific DNA recombinase related to the DNA invertase Pin
k127_541084_1	2	469	468	1	0.724	11	None	GENOMAD.013287.VV	4.149e-06	48	0	0	1	2561	Caudoviricetes	NA	NA	PF04865;TIGR02243;COG3299	putative baseplate assembly protein
k127_230205_1	2	394	393	1	0.682	11	None	GENOMAD.073447.VV	7.258e-11	61	0	0	1	2561	Caudoviricetes	NA	NA	PF00580;TIGR04095;COG4373	UvrD/REP helicase N-terminal domain
k127_230545_1	1	333	333	1	0.712	11	None	GENOMAD.071187.VV	1.906e-09	56	0	0	1	1	NA	NA	NA	PF00863;TIGR02038;COG0265	periplasmic serine pepetdase DegS
k127_290735_1	2	469	468	-1	0.692	11	None	GENOMAD.118632.VP	1.777e-08	55	0	0	1	2561	Caudoviricetes	NA	NA	PF00476;PF07141	DNA polymerase family A; Putative bacteriophage terminase small subunit
k127_230961_1	2	376	375	-1	0.627	11	None	GENOMAD.011994.VV	1.9e-05	45	0	0	1	7436	Astroviridae	NA	NA	PF00680	Viral RNA-dependent RNA polymerase
k127_39803_1	2	421	420	-1	0.674	11	None	GENOMAD.068048.VV	2.163e-10	60	0	0	1	2561	Caudoviricetes	NA	NA	PF20307;TIGR03600;K02314;COG0305	phage replicative helicase, DnaB family, HK022 subfamily
k127_607134_1	1	255	255	-1	0.588	11	GGAGG	GENOMAD.161280.VP	4.203e-07	48	0	0	1	2561	Caudoviricetes	NA	NA	PF03592;COG3728;K07474	Terminase small subunit
k127_607134_2	236	460	225	-1	0.596	11	None	NA	NA	NA	0	0	0	1	NA	NA	NA	NA	NA
k127_482064_1	3	389	387	1	0.602	11	None	GENOMAD.169508.VP	1.244e-21	92	0	0	1	2561	Caudoviricetes	NA	NA	PF04708;PF13262;COG1961;K14060	Site-specific DNA recombinase related to the DNA invertase Pin
k127_607891_1	3	467	465	1	0.675	11	None	GENOMAD.068048.VV	9.325e-18	82	0	0	1	2561	Caudoviricetes	NA	NA	PF20307;TIGR03600;K02314;COG0305	phage replicative helicase, DnaB family, HK022 subfamily
k127_607891_2	464	742	279	1	0.688	11	GGxGG	NA	NA	NA	0	0	0	1	NA	NA	NA	NA	NA
k127_167015_1	2	346	345	-1	0.646	11	None	GENOMAD.099865.VV	5.107e-17	78	0	0	1	2561	Caudoviricetes	NA	NA	PF04466;PF17289;TIGR01547;COG5323;K06909	phage terminase, large subunit, PBSX family
k127_40792_1	2	511	510	-1	0.690	11	None	GENOMAD.013210.VV	3.093e-19	87	0	0	1	2561	Caudoviricetes	NA	NA	PF00211;PF08994;PF08993;COG2114	Adenylate and Guanylate cyclase catalytic domain; T4 gene Gp59 loader of gp41 DNA helicase C-term; T4 gene Gp59 loader of gp41 DNA helicase
k127_167250_1	1	1053	1053	1	0.696	11	None	GENOMAD.167887.VP	5.717e-36	143	0	0	1	2561	Caudoviricetes	NA	NA	PF04860;TIGR01537;COG4383	phage portal protein, HK97 family
k127_543618_1	83	421	339	1	0.575	11	GGAGG	GENOMAD.116655.VV	6.007e-54	184	0	0	1	2561	Caudoviricetes	NA	NA	PF04860;TIGR01537;COG5005	phage portal protein, HK97 family
k127_168046_1	10	369	360	-1	0.647	11	None	GENOMAD.099865.VV	2.7e-17	79	0	0	1	2561	Caudoviricetes	NA	NA	PF04466;PF17289;TIGR01547;COG5323;K06909	phage terminase, large subunit, PBSX family
k127_544402_1	1	1167	1167	-1	0.590	11	None	GENOMAD.129396.VP	2.015e-53	196	0	0	1	2561	Caudoviricetes	NA	NA	PF20454	Terminase large subunit gpA, endonuclease domain
k127_168516_1	3	341	339	1	0.714	11	None	GENOMAD.082462.VV	1.91e-26	105	0	0	1	2561	Caudoviricetes	NA	NA	PF04586;COG3740;K06904;TIGR01543	Phage head maturation protease
k127_168568_1	3	410	408	-1	0.676	11	None	GENOMAD.013124.VV	4.498e-09	56	0	0	1	377	Drexlerviridae	NA	NA	PF13262;COG5410	NA
k127_544741_1	1	387	387	1	0.550	11	None	GENOMAD.129421.VV	2.584e-13	68	0	0	1	2561	Caudoviricetes	NA	NA	PF04466;PF17288;TIGR01547;COG1783;K06909	phage terminase, large subunit, PBSX family
k127_484862_1	2	649	648	-1	0.502	11	AGGAGG	GENOMAD.068648.VV	7.275e-128	403	0	0	1	2561	Caudoviricetes	NA	NA	PF20441;PF03354;COG4626;TIGR01547	Phage terminase-like protein, large subunit, contains N-terminal HTH domain
k127_293940_1	83	382	300	-1	0.687	11	None	GENOMAD.097639.VV	7.926e-14	68	0	0	1	2561	Caudoviricetes	NA	NA	PF17289;TIGR01630;COG5362	phage uncharacterized protein (putative large terminase), C-terminal domain
k127_485033_1	3	263	261	-1	0.617	11	AGGAG	GENOMAD.208864.VP	1.892e-30	115	0	0	1	2561	Caudoviricetes	NA	NA	PF19307;TIGR01554;COG4653	Phage capsid-like protein
k127_420069_1	1	672	672	-1	0.641	11	AGGAG	GENOMAD.039919.VV	1.396e-05	48	0	0	1	2561	Caudoviricetes	NA	NA	COG3497	Phage tail sheath protein FI
k127_420069_2	806	904	99	-1	0.687	11	None	NA	NA	NA	0	0	0	1	NA	NA	NA	NA	NA
k127_485615_1	3	392	390	-1	0.503	11	None	GENOMAD.123534.VP	1.313e-70	233	0	0	1	2561	Caudoviricetes	NA	NA	PF05133;TIGR01538	Phage portal protein, SPP1 Gp6-like
k127_420210_1	2	544	543	1	0.681	11	None	GENOMAD.013210.VV	7.041e-09	57	0	0	1	2561	Caudoviricetes	NA	NA	PF00211;PF08994;PF08993;COG2114	Adenylate and Guanylate cyclase catalytic domain; T4 gene Gp59 loader of gp41 DNA helicase C-term; T4 gene Gp59 loader of gp41 DNA helicase
k127_294610_1	1	537	537	-1	0.704	11	GGAG/GAGG	GENOMAD.095581.VV	2.028e-18	85	0	0	1	2561	Caudoviricetes	NA	NA	PF09684;TIGR02242;COG4385	phage tail protein domain
k127_294610_2	540	827	288	-1	0.677	11	None	NA	NA	NA	0	0	0	1	NA	NA	NA	NA	NA
k127_545883_1	3	572	570	-1	0.672	11	GGA/GAG/AGG	GENOMAD.023991.VV	1.78e-11	65	0	0	1	2561	Caudoviricetes	NA	NA	COG5410	Mu-like prophage FluMu protein gp28
k127_545883_2	562	690	129	-1	0.628	11	None	NA	NA	NA	0	0	0	1	NA	NA	NA	NA	NA
k127_357234_1	2	343	342	1	0.585	11	None	GENOMAD.109460.VV	2.539e-07	50	0	0	1	2561	Caudoviricetes	NA	NA	PF20454	Terminase large subunit gpA, endonuclease domain
k127_357391_1	2	301	300	1	0.650	11	None	GENOMAD.075466.VV	1.787e-21	90	0	0	1	2561	Caudoviricetes	NA	NA	PF05133;TIGR01538;COG5511	phage portal protein, SPP1 family
k127_44230_1	2	475	474	1	0.728	11	None	GENOMAD.013210.VV	1.244e-15	76	0	0	1	2561	Caudoviricetes	NA	NA	PF00211;PF08994;PF08993;COG2114	Adenylate and Guanylate cyclase catalytic domain; T4 gene Gp59 loader of gp41 DNA helicase C-term; T4 gene Gp59 loader of gp41 DNA helicase
k127_357670_1	2	367	366	-1	0.686	11	None	GENOMAD.081013.VV	3.349e-16	76	0	0	1	2561	Caudoviricetes	NA	NA	PF05135;TIGR02215	phage conserved hypothetical protein, phiE125 gp8 family
k127_611961_1	2	106	105	1	0.600	11	None	NA	NA	NA	0	0	0	1	NA	NA	NA	NA	NA
k127_611961_2	90	545	456	1	0.572	11	GGAGG	GENOMAD.009848.VV	5.15e-14	71	0	0	1	9913	Herelleviridae	NA	NA	COG5377;TIGR03033	Phage-related protein, predicted endonuclease
k127_611961_3	559	651	93	-1	0.495	11	None	NA	NA	NA	0	0	0	1	NA	NA	NA	NA	NA
k127_612080_1	1	387	387	1	0.566	11	None	GENOMAD.068048.VV	6.774e-11	61	0	0	1	2561	Caudoviricetes	NA	NA	PF20307;TIGR03600;K02314;COG0305	phage replicative helicase, DnaB family, HK022 subfamily
k127_236151_1	2	391	390	-1	0.608	11	None	GENOMAD.169508.VP	1.072e-23	98	0	0	1	2561	Caudoviricetes	NA	NA	PF04708;PF13262;COG1961;K14060	Site-specific DNA recombinase related to the DNA invertase Pin
k127_357909_1	1	354	354	1	0.633	11	None	GENOMAD.100194.VV	3.144e-15	73	0	0	1	2561	Caudoviricetes	NA	NA	PF04466;TIGR01547;COG5323	Phage terminase large subunit
k127_421318_1	3	86	84	-1	0.536	11	AGxAGG/AGGxGG	NA	NA	NA	0	0	0	1	NA	NA	NA	NA	NA
k127_421318_2	83	430	348	-1	0.647	11	None	GENOMAD.017133.VV	1.137e-16	77	0	0	1	2561	Caudoviricetes	NA	NA	PF05894;TIGR01547;COG4373	Podovirus DNA encapsidation protein (Gp16)
k127_236310_1	1	327	327	1	0.639	11	None	GENOMAD.142009.VV	8.584e-57	192	0	0	1	2561	Caudoviricetes	NA	NA	PF11651;TIGR04387	P22 coat protein - gene protein 5
k127_295782_1	2	556	555	-1	0.636	11	None	GENOMAD.099865.VV	2.884e-27	111	0	0	1	2561	Caudoviricetes	NA	NA	PF04466;PF17289;TIGR01547;COG5323;K06909	phage terminase, large subunit, PBSX family
k127_421540_1	1	333	333	-1	0.664	11	None	GENOMAD.053137.VV	4.783e-16	75	0	0	1	2561	Caudoviricetes	NA	NA	PF17482	Phage tail sheath C-terminal domain
k127_236541_1	3	1196	1194	-1	0.646	11	GGAGG	GENOMAD.013210.VV	1.279e-10	66	0	0	1	2561	Caudoviricetes	NA	NA	PF00211;PF08994;PF08993;COG2114	Adenylate and Guanylate cyclase catalytic domain; T4 gene Gp59 loader of gp41 DNA helicase C-term; T4 gene Gp59 loader of gp41 DNA helicase
k127_171356_1	3	311	309	1	0.511	11	None	GENOMAD.128478.VV	3.928e-22	92	0	0	1	1	NA	NA	NA	PF05939;TIGR02217;COG4718	Phage minor tail protein
k127_171356_2	304	615	312	1	0.500	11	AAA	GENOMAD.173216.VV	1.151e-27	108	0	0	0	1	NA	NA	NA	PF09343;TIGR02217;COG5448	Conserved hypothetical protein 2217 (DUF2460)
k127_296367_1	29	319	291	-1	0.629	11	None	GENOMAD.017133.VV	1.182e-08	53	0	0	1	2561	Caudoviricetes	NA	NA	PF05894;TIGR01547;COG4373	Podovirus DNA encapsidation protein (Gp16)
k127_422107_1	48	461	414	-1	0.587	11	None	GENOMAD.109691.VV	1.491e-31	121	0	0	1	2561	Caudoviricetes	NA	NA	PF06141	Phage minor tail protein U
k127_422482_1	11	934	924	-1	0.650	11	None	GENOMAD.013210.VV	4.132e-34	136	0	0	1	2561	Caudoviricetes	NA	NA	PF00211;PF08994;PF08993;COG2114	Adenylate and Guanylate cyclase catalytic domain; T4 gene Gp59 loader of gp41 DNA helicase C-term; T4 gene Gp59 loader of gp41 DNA helicase
k127_296940_1	2	163	162	-1	0.623	11	AGGAGG	GENOMAD.145505.VV	1.091e-13	65	0	0	1	2561	Caudoviricetes	NA	NA	PF07141	Putative bacteriophage terminase small subunit
k127_613517_1	1	330	330	-1	0.618	11	None	GENOMAD.068048.VV	1.247e-13	68	0	0	1	2561	Caudoviricetes	NA	NA	PF20307;TIGR03600;K02314;COG0305	phage replicative helicase, DnaB family, HK022 subfamily
k127_296978_1	3	620	618	1	0.542	11	None	GENOMAD.060259.VV	1.135e-06	51	0	0	1	2561	Caudoviricetes	NA	NA	PF20307;TIGR02236;COG0468;K04484	Divergent DnaB-like ATPase
k127_613700_1	3	404	402	-1	0.669	11	None	GENOMAD.053137.VV	6.852e-22	93	0	0	1	2561	Caudoviricetes	NA	NA	PF17482	Phage tail sheath C-terminal domain
k127_237802_1	3	617	615	1	0.676	11	None	GENOMAD.060259.VV	2.555e-10	62	0	0	1	2561	Caudoviricetes	NA	NA	PF20307;TIGR02236;COG0468;K04484	Divergent DnaB-like ATPase
k127_488677_1	1	465	465	-1	0.622	11	None	GENOMAD.169508.VP	8.239e-20	88	0	0	1	2561	Caudoviricetes	NA	NA	PF04708;PF13262;COG1961;K14060	Site-specific DNA recombinase related to the DNA invertase Pin
k127_109649_1	1	303	303	1	0.634	11	None	GENOMAD.097639.VV	1.408e-16	76	0	0	1	2561	Caudoviricetes	NA	NA	PF17289;TIGR01630;COG5362	phage uncharacterized protein (putative large terminase), C-terminal domain
k127_614541_1	3	398	396	-1	0.639	11	AGxAG	GENOMAD.017632.VV	7.511e-11	61	0	0	1	2561	Caudoviricetes	NA	NA	PF03354;COG5410;TIGR01547	phage terminase, large subunit, PBSX family
k127_614541_2	439	825	387	-1	0.643	11	None	GENOMAD.192021.VP	9.99e-05	43	0	0	0	2561	Caudoviricetes	NA	NA	PF18932	NA
k127_46876_1	2	754	753	-1	0.724	11	GGAGG	GENOMAD.193019.VV	8.202e-05	46	0	0	1	2561	Caudoviricetes	NA	NA	PF17541;COG3497;TIGR02243	Phage tail sheath protein FI
k127_46876_2	751	1152	402	-1	0.699	11	GGA/GAG/AGG	GENOMAD.224435.VP	4.383e-08	53	0	0	1	2561	Caudoviricetes	NA	NA	PF04965;K06903;COG3628;TIGR03357	Baseplate wedge protein gp25
k127_46876_3	1162	1401	240	-1	0.629	11	None	NA	NA	NA	0	0	0	1	NA	NA	NA	NA	NA
k127_109881_1	2	547	546	1	0.698	11	None	GENOMAD.195648.VP	3.305e-06	49	0	0	1	9067	Straboviridae	NA	NA	PF20025;PF01331;PF14743;K18951;TIGR04120;COG1793	DNA ligase, ATP-dependent, PP_1105 family
k127_423933_1	1	354	354	-1	0.638	11	None	GENOMAD.068048.VV	2.056e-11	62	0	0	1	2561	Caudoviricetes	NA	NA	PF20307;TIGR03600;K02314;COG0305	phage replicative helicase, DnaB family, HK022 subfamily
k127_489827_1	76	321	246	-1	0.642	11	None	GENOMAD.063098.VV	3.553e-07	48	0	0	1	2561	Caudoviricetes	NA	NA	PF11126	Transcriptional regulator DsbA
k127_298533_1	2	607	606	1	0.614	11	None	GENOMAD.132392.VP	2.166e-05	47	0	0	1	9913	Herelleviridae	NA	NA	PF04865;COG3948	Phage-related baseplate assembly protein
k127_110352_1	1	456	456	1	0.664	11	None	GENOMAD.000453.VV	1.164e-23	99	0	0	1	2561	Caudoviricetes	NA	NA	PF20387	NA
k127_110650_1	3	455	453	-1	0.576	11	None	GENOMAD.104670.VP	8.58e-27	108	0	0	1	2561	Caudoviricetes	NA	NA	PF20454	Terminase large subunit gpA, endonuclease domain
k127_361328_1	1	381	381	-1	0.575	11	None	GENOMAD.049247.VV	6.848e-19	84	0	0	1	2561	Caudoviricetes	NA	NA	PF05876;PF02831;K21512;COG5525	Phage terminase, large subunit GpA
k127_424718_1	3	332	330	-1	0.606	11	None	GENOMAD.007175.VV	1.836e-09	56	0	0	1	2561	Caudoviricetes	NA	NA	PF20441;COG5362;TIGR01630	Phage terminase large subunit
k127_48193_1	3	374	372	1	0.645	11	None	GENOMAD.166202.VP	4.058e-05	44	0	0	1	2561	Caudoviricetes	NA	NA	PF05876;COG5410;TIGR01547	Phage terminase large subunit gpA, ATPase domain
k127_175047_1	2	295	294	1	0.643	11	None	GENOMAD.075845.VV	0.000184	41	0	0	1	1	NA	NA	NA	PF05367;K21525	Phage endonuclease I
k127_426161_1	32	475	444	-1	0.604	11	None	GENOMAD.169508.VP	6.667e-19	85	0	0	1	2561	Caudoviricetes	NA	NA	PF04708;PF13262;COG1961;K14060	Site-specific DNA recombinase related to the DNA invertase Pin
k127_112319_1	3	776	774	1	0.708	11	None	GENOMAD.060259.VV	2.031e-05	48	0	0	1	2561	Caudoviricetes	NA	NA	PF20307;TIGR02236;COG0468;K04484	Divergent DnaB-like ATPase
k127_492233_1	1	501	501	-1	0.685	11	None	GENOMAD.068048.VV	4.149e-13	69	0	0	1	2561	Caudoviricetes	NA	NA	PF20307;TIGR03600;K02314;COG0305	phage replicative helicase, DnaB family, HK022 subfamily
k127_426498_1	3	350	348	1	0.569	11	None	GENOMAD.123534.VP	1.475e-62	209	0	0	1	2561	Caudoviricetes	NA	NA	PF05133;TIGR01538	Phage portal protein, SPP1 Gp6-like
k127_552182_1	3	338	336	1	0.723	11	None	GENOMAD.072479.VV	1.266e-05	45	0	0	1	1	NA	NA	NA	PF20198	Sm_like domain
k127_492696_1	3	347	345	-1	0.623	11	None	GENOMAD.097639.VV	4.203e-27	107	0	0	1	2561	Caudoviricetes	NA	NA	PF17289;TIGR01630;COG5362	phage uncharacterized protein (putative large terminase), C-terminal domain
k127_176650_1	1	498	498	-1	0.552	11	None	GENOMAD.123534.VP	5.856e-72	239	0	0	1	2561	Caudoviricetes	NA	NA	PF05133;TIGR01538	Phage portal protein, SPP1 Gp6-like
k127_363882_1	168	353	186	1	0.753	11	GGA/GAG/AGG	GENOMAD.195366.VP	2.981e-08	50	0	0	1	1	NA	NA	NA	PF05766;COG3024	Endogenous inhibitor of DNA gyrase, YacG/DUF329 family
k127_301927_1	53	1210	1158	1	0.603	11	None	GENOMAD.116655.VV	4.572e-174	546	0	0	1	2561	Caudoviricetes	NA	NA	PF04860;TIGR01537;COG5005	phage portal protein, HK97 family
k127_493437_1	3	713	711	1	0.691	11	None	GENOMAD.023991.VV	1.05e-33	132	0	0	1	2561	Caudoviricetes	NA	NA	COG5410	Mu-like prophage FluMu protein gp28
k127_619162_1	540	1802	1263	1	0.654	11	GGAGG	GENOMAD.000175.VV	6.022e-10	64	0	0	1	8305	Partitiviridae	NA	NA	PF00680;COG3344	Viral RNA-dependent RNA polymerase
k127_243575_1	3	308	306	-1	0.595	11	None	GENOMAD.116655.VV	4.095e-61	204	0	0	1	2561	Caudoviricetes	NA	NA	PF04860;TIGR01537;COG5005	phage portal protein, HK97 family
k127_243803_1	1	456	456	-1	0.553	11	GGAGG	GENOMAD.009848.VV	1.504e-20	90	0	0	1	9913	Herelleviridae	NA	NA	COG5377;TIGR03033	Phage-related protein, predicted endonuclease
k127_243803_2	440	883	444	-1	0.581	11	None	GENOMAD.102926.VP	1.225e-10	61	0	0	0	2561	Caudoviricetes	NA	NA	PF04404	ERF superfamily
k127_494809_1	2	388	387	1	0.700	11	None	GENOMAD.053137.VV	2.414e-22	94	0	0	1	2561	Caudoviricetes	NA	NA	PF17482	Phage tail sheath C-terminal domain
k127_428905_1	1	495	495	1	0.681	11	None	GENOMAD.097639.VV	1.311e-27	111	0	0	1	2561	Caudoviricetes	NA	NA	PF17289;TIGR01630;COG5362	phage uncharacterized protein (putative large terminase), C-terminal domain
k127_178845_1	720	2351	1632	-1	0.336	11	ATA	GENOMAD.038680.VV	4.899e-14	78	0	0	0	1	NA	NA	NA	PF04679;PF11272;TIGR02776	DNA ligase D
k127_365904_1	2	430	429	-1	0.592	11	None	GENOMAD.158172.VP	3.22e-34	129	0	0	1	2561	Caudoviricetes	NA	NA	PF04466;TIGR01547;COG5323	phage terminase, large subunit, PBSX family
k127_429224_1	1	711	711	1	0.662	11	None	GENOMAD.023991.VV	2.292e-17	84	0	0	1	2561	Caudoviricetes	NA	NA	COG5410	Mu-like prophage FluMu protein gp28
k127_620613_1	2	763	762	-1	0.647	11	None	GENOMAD.013124.VV	1.217e-08	58	0	0	1	377	Drexlerviridae	NA	NA	PF13262;COG5410	NA
k127_620936_1	3	476	474	1	0.635	11	None	GENOMAD.169508.VP	3.926e-09	57	0	0	1	2561	Caudoviricetes	NA	NA	PF04708;PF13262;COG1961;K14060	Site-specific DNA recombinase related to the DNA invertase Pin
k127_245354_1	2	463	462	1	0.619	11	None	GENOMAD.068048.VV	1.05e-15	76	0	0	1	2561	Caudoviricetes	NA	NA	PF20307;TIGR03600;K02314;COG0305	phage replicative helicase, DnaB family, HK022 subfamily
k127_245381_1	1	345	345	-1	0.565	11	None	GENOMAD.060259.VV	5.821e-07	49	0	0	1	2561	Caudoviricetes	NA	NA	PF20307;TIGR02236;COG0468;K04484	Divergent DnaB-like ATPase
k127_245699_1	1	114	114	1	0.561	11	None	NA	NA	NA	0	0	0	1	NA	NA	NA	NA	NA
k127_245699_2	101	559	459	1	0.608	11	GGAG/GAGG	GENOMAD.147427.VP	2.772e-12	66	0	0	1	2561	Caudoviricetes	NA	NA	PF07141	Putative bacteriophage terminase small subunit
k127_555659_1	1	612	612	1	0.636	11	None	GENOMAD.117045.VV	2.297e-06	50	0	0	1	2561	Caudoviricetes	NA	NA	PF04233;TIGR01641;K21690	phage putative head morphogenesis protein, SPP1 gp7 family
k127_555659_2	590	688	99	-1	0.677	11	None	NA	NA	NA	0	0	0	1	NA	NA	NA	NA	NA
k127_496472_1	2	1408	1407	-1	0.603	11	GGAG/GAGG	GENOMAD.116946.VP	1.508e-05	50	0	0	1	2561	Caudoviricetes	NA	NA	COG3941	Phage tail tape-measure protein, controls tail length
k127_496472_2	1409	1480	72	-1	0.611	11	None	NA	NA	NA	0	0	0	1	NA	NA	NA	NA	NA
k127_496934_1	2	916	915	-1	0.620	11	None	GENOMAD.057710.VV	3.367e-06	51	0	0	1	2561	Caudoviricetes	NA	NA	PF00589;PF04860;K07358;TIGR01537	Phage integrase family; Phage portal protein
k127_305265_1	1	426	426	-1	0.655	11	AGGA	GENOMAD.028268.VV	2.15e-11	63	0	0	1	2561	Caudoviricetes	NA	NA	PF04586;COG3740;TIGR01543;K06904	Phage head maturation protease
k127_622568_1	3	584	582	-1	0.689	11	None	GENOMAD.068048.VV	9.353e-10	60	0	0	1	2561	Caudoviricetes	NA	NA	PF20307;TIGR03600;K02314;COG0305	phage replicative helicase, DnaB family, HK022 subfamily
k127_54658_1	1	435	435	-1	0.641	11	None	GENOMAD.222396.VV	0.0001545	43	0	0	1	2561	Caudoviricetes	NA	NA	PF05766;TIGR02646	Bacteriophage Lambda NinG protein
k127_54797_1	3	335	333	1	0.736	11	None	GENOMAD.004420.VV	6.43e-13	66	0	0	1	2561	Caudoviricetes	NA	NA	PF20441;COG5362	Terminase large subunit, endonuclease domain
k127_247196_1	2	802	801	1	0.604	11	None	GENOMAD.129235.VP	1.064e-05	49	0	0	1	2561	Caudoviricetes	NA	NA	PF13550;PF06805;COG4733;TIGR01687	Phage-related protein, tail component
k127_432236_1	1	381	381	-1	0.724	11	None	GENOMAD.034157.VV	6.233e-20	87	0	0	1	2561	Caudoviricetes	NA	NA	PF20441;PF03354;COG4626;TIGR01547	Phage terminase-like protein, large subunit, contains N-terminal HTH domain
k127_557951_1	2	367	366	1	0.593	11	None	GENOMAD.208744.VP	6.79e-08	52	0	0	1	2561	Caudoviricetes	NA	NA	PF07141	Putative bacteriophage terminase small subunit
k127_119141_1	3	317	315	-1	0.625	11	None	GENOMAD.100194.VV	1.376e-10	59	0	0	1	2561	Caudoviricetes	NA	NA	PF04466;TIGR01547;COG5323	Phage terminase large subunit
k127_119476_1	2	304	303	-1	0.568	11	None	GENOMAD.145441.VP	1.174e-10	59	0	0	1	2561	Caudoviricetes	NA	NA	PF17288	Terminase RNAseH like domain
k127_433196_1	1	270	270	1	0.622	11	None	GENOMAD.154021.VP	2.215e-07	49	0	0	1	2561	Caudoviricetes	NA	NA	PF07141;TIGR03384	Putative bacteriophage terminase small subunit
k127_433249_1	91	654	564	-1	0.707	11	None	GENOMAD.057710.VV	3.705e-06	49	0	0	1	2561	Caudoviricetes	NA	NA	PF00589;PF04860;K07358;TIGR01537	Phage integrase family; Phage portal protein
k127_499801_1	1	435	435	-1	0.554	11	None	GENOMAD.009434.VV	1.492e-17	81	0	0	1	2561	Caudoviricetes	NA	NA	PF06673;PF04586;TIGR01543;COG3740;K06904	phage prohead protease, HK97 family
k127_57655_1	3	521	519	1	0.611	11	None	GENOMAD.053137.VV	1.665e-18	85	0	0	1	2561	Caudoviricetes	NA	NA	PF17482	Phage tail sheath C-terminal domain
k127_626223_1	2	643	642	-1	0.625	11	GGA/GAG/AGG	GENOMAD.013124.VV	5.8e-18	85	0	0	1	377	Drexlerviridae	NA	NA	PF13262;COG5410	NA
k127_626223_2	643	873	231	-1	0.636	11	GGA/GAG/AGG	NA	NA	NA	0	0	0	1	NA	NA	NA	NA	NA
k127_626223_3	1021	1509	489	-1	0.667	11	None	GENOMAD.038338.VV	1.421e-15	76	0	0	0	2561	Caudoviricetes	NA	NA	COG3392	NA
k127_58186_1	3	362	360	1	0.544	11	None	GENOMAD.006105.VV	8.769e-13	66	0	0	1	2561	Caudoviricetes	NA	NA	PF11650;PF11134	P22 tail accessory factor; Phage stabilisation protein
k127_626799_1	2	688	687	1	0.674	11	None	GENOMAD.032636.VV	9.022e-16	79	0	0	1	2561	Caudoviricetes	NA	NA	PF20307;PF07486;TIGR02239;COG0468;K18947	Divergent DnaB-like ATPase; Cell Wall Hydrolase
k127_501586_1	2	307	306	1	0.601	11	None	GENOMAD.068048.VV	3.636e-15	72	0	0	1	2561	Caudoviricetes	NA	NA	PF20307;TIGR03600;K02314;COG0305	phage replicative helicase, DnaB family, HK022 subfamily
k127_185195_1	1	429	429	1	0.657	11	None	GENOMAD.171605.VV	6.769e-05	44	0	0	1	2561	Caudoviricetes	NA	NA	PF11133;COG5471	Head fiber protein
k127_185752_1	2	262	261	-1	0.559	11	AGGAG	GENOMAD.152240.VV	1.139e-05	44	0	0	1	2561	Caudoviricetes	NA	NA	COG4675	Microcystin-dependent protein  (function unknown)
k127_59942_1	3	560	558	1	0.608	11	None	GENOMAD.181728.VV	3.269e-13	70	0	0	1	2561	Caudoviricetes	NA	NA	PF09588;COG5377;TIGR03033	Phage-related protein, predicted endonuclease
k127_563002_1	1	498	498	-1	0.685	11	None	GENOMAD.068590.VV	2.141e-10	61	0	0	1	2561	Caudoviricetes	NA	NA	PF13871;PF11242;K11654;TIGR00721	C-terminal domain on Strawberry notch homologue
k127_563759_1	1	498	498	-1	0.673	11	None	GENOMAD.108115.VV	5.116e-21	92	0	0	1	2561	Caudoviricetes	NA	NA	PF09681;TIGR01714	phage replisome organizer, putative, N-terminal region
k127_563759_2	498	632	135	-1	0.637	11	None	NA	NA	NA	0	0	0	1	NA	NA	NA	NA	NA
k127_564406_1	1	66	66	-1	0.576	11	GGA/GAG/AGG	NA	NA	NA	0	0	0	1	NA	NA	NA	NA	NA
k127_564406_2	24	299	276	-1	0.580	11	None	GENOMAD.002932.VV	4.322e-09	54	0	0	1	2561	Caudoviricetes	NA	NA	TIGR01630;COG5362	phage uncharacterized protein (putative large terminase), C-terminal domain
k127_375628_1	2	406	405	-1	0.632	11	None	GENOMAD.147427.VP	7.133e-22	93	0	0	1	2561	Caudoviricetes	NA	NA	PF07141	Putative bacteriophage terminase small subunit
k127_313270_1	1	372	372	-1	0.677	11	GGA/GAG/AGG	NA	NA	NA	0	0	0	1	NA	NA	NA	NA	NA
k127_313270_2	382	732	351	-1	0.749	11	None	GENOMAD.105389.VV	3.184e-05	44	0	0	1	1	NA	NA	NA	PF04233;TIGR01641	phage putative head morphogenesis protein, SPP1 gp7 family
k127_313317_1	3	395	393	1	0.494	11	None	GENOMAD.001416.VV	6.765e-37	136	0	0	0	2561	Caudoviricetes	NA	NA	NA	NA
k127_313317_2	409	1206	798	1	0.474	11	None	GENOMAD.003590.VV	1.125e-130	414	0	0	1	2561	Caudoviricetes	NA	NA	PF04860;TIGR01537;COG4695	phage portal protein, HK97 family
k127_438886_1	1	654	654	-1	0.687	11	None	GENOMAD.166960.VP	6.465e-32	126	0	0	1	2561	Caudoviricetes	NA	NA	PF04860;COG5518;TIGR01537	Bacteriophage capsid portal protein
