gene	start	end	length	strand	gc_content	genetic_code	rbs_motif	marker	evalue	bitscore	uscg	plasmid_hallmark	virus_hallmark	taxid	taxname	annotation_conjscan	annotation_amr	annotation_accessions	annotation_description
k127_144141_1	1	654	654	-1	0.668	11	None	GENOMAD.057710.VV	0.00012	45	0	0	1	2561	Caudoviricetes	NA	NA	PF00589;PF04860;K07358;TIGR01537	Phage integrase family; Phage portal protein
k127_115487_1	2	487	486	1	0.724	11	None	GENOMAD.222213.VP	2.923e-16	78	0	0	1	2561	Caudoviricetes	NA	NA	PF07141	Putative bacteriophage terminase small subunit
k127_173349_1	1	345	345	1	0.632	11	None	GENOMAD.154021.VP	2.953e-14	70	0	0	1	2561	Caudoviricetes	NA	NA	PF07141;TIGR03384	Putative bacteriophage terminase small subunit
k127_259937_1	3	143	141	-1	0.582	11	None	NA	NA	NA	0	0	0	1	NA	NA	NA	NA	NA
k127_259937_2	277	516	240	1	0.558	11	GGAG/GAGG	GENOMAD.075457.VV	4.812e-11	59	0	0	1	2561	Caudoviricetes	NA	NA	PF09588;COG5377;TIGR03033	Phage-related protein, predicted endonuclease
k127_87093_1	2	154	153	-1	0.732	11	GGAGG	NA	NA	NA	0	0	0	1	NA	NA	NA	NA	NA
k127_87093_2	154	507	354	-1	0.732	11	None	GENOMAD.105501.VV	1.119e-17	80	0	0	1	2561	Caudoviricetes	NA	NA	PF03434;COG3948	Phage-related baseplate assembly protein
k127_173739_1	2	304	303	1	0.706	11	None	GENOMAD.072479.VV	1.588e-07	50	0	0	1	1	NA	NA	NA	PF20198	Sm_like domain
k127_260298_1	1	393	393	1	0.728	11	None	GENOMAD.068590.VV	6.694e-12	64	0	0	1	2561	Caudoviricetes	NA	NA	PF13871;PF11242;K11654;TIGR00721	C-terminal domain on Strawberry notch homologue
k127_202879_1	34	306	273	1	0.648	11	None	GENOMAD.129590.VP	9.079e-17	76	0	0	1	2561	Caudoviricetes	NA	NA	PF07141	Putative bacteriophage terminase small subunit
k127_87584_1	3	302	300	1	0.717	11	None	GENOMAD.138089.VV	9.378e-36	131	0	0	1	6064	Autographiviridae	NA	NA	PF03237;PF17289;COG5410;TIGR01547	Large terminase phage packaging protein
k127_1197_1	2	421	420	1	0.683	11	None	GENOMAD.013210.VV	6.63e-16	76	0	0	1	2561	Caudoviricetes	NA	NA	PF00211;PF08994;PF08993;COG2114	Adenylate and Guanylate cyclase catalytic domain; T4 gene Gp59 loader of gp41 DNA helicase C-term; T4 gene Gp59 loader of gp41 DNA helicase
k127_59328_1	131	448	318	1	0.623	11	None	GENOMAD.147427.VP	8.658e-16	74	0	0	1	2561	Caudoviricetes	NA	NA	PF07141	Putative bacteriophage terminase small subunit
k127_1658_1	3	83	81	1	0.617	11	None	NA	NA	NA	0	0	0	1	NA	NA	NA	NA	NA
k127_1658_2	80	343	264	1	0.614	11	GGGG	GENOMAD.003703.VV	9.882e-30	113	0	0	1	2561	Caudoviricetes	NA	NA	PF19905	NA
k127_30708_1	2	910	909	-1	0.609	11	None	GENOMAD.000175.VV	0.0001228	46	0	0	1	8305	Partitiviridae	NA	NA	PF00680;COG3344	Viral RNA-dependent RNA polymerase
k127_117537_1	1	798	798	-1	0.625	11	None	GENOMAD.169508.VP	3.541e-28	117	0	0	1	2561	Caudoviricetes	NA	NA	PF04708;PF13262;COG1961;K14060	Site-specific DNA recombinase related to the DNA invertase Pin
k127_2278_1	1	369	369	-1	0.789	11	None	GENOMAD.003205.VV	3.686e-06	47	0	0	1	11592	Lenarviricota	NA	NA	PF05919	Mitovirus RNA-dependent RNA polymerase
k127_232963_1	1	432	432	-1	0.741	11	None	GENOMAD.057710.VV	2.928e-07	51	0	0	1	2561	Caudoviricetes	NA	NA	PF00589;PF04860;K07358;TIGR01537	Phage integrase family; Phage portal protein
k127_261864_1	3	449	447	-1	0.611	11	None	GENOMAD.109691.VV	4.27e-25	103	0	0	1	2561	Caudoviricetes	NA	NA	PF06141	Phage minor tail protein U
k127_233118_1	3	377	375	1	0.621	11	None	GENOMAD.002932.VV	1.417e-09	57	0	0	1	2561	Caudoviricetes	NA	NA	TIGR01630;COG5362	phage uncharacterized protein (putative large terminase), C-terminal domain
k127_31288_1	2	253	252	1	0.619	11	None	GENOMAD.093408.VV	3.87e-29	111	0	0	1	2561	Caudoviricetes	NA	NA	PF09356;PF11836;TIGR02218	phage conserved hypothetical protein BR0599
k127_31288_2	262	462	201	1	0.602	11	None	GENOMAD.115798.VV	2.631e-18	79	0	0	0	2561	Caudoviricetes	NA	NA	NA	NA
k127_89137_1	1	540	540	1	0.644	11	None	GENOMAD.013124.VV	1.014e-17	83	0	0	1	377	Drexlerviridae	NA	NA	PF13262;COG5410	NA
k127_89159_1	2	379	378	-1	0.717	11	None	GENOMAD.070325.VV	9.446e-05	43	0	0	1	1	NA	NA	NA	PF09293	T4 RNase H, C terminal
k127_262440_1	3	329	327	1	0.651	11	None	GENOMAD.056631.VV	1.192e-21	91	0	0	1	2561	Caudoviricetes	NA	NA	PF19821;TIGR04387	major capsid protein, N4-gp56 family
k127_31802_1	1	468	468	1	0.662	11	None	GENOMAD.068048.VV	1.209e-14	73	0	0	1	2561	Caudoviricetes	NA	NA	PF20307;TIGR03600;K02314;COG0305	phage replicative helicase, DnaB family, HK022 subfamily
k127_31802_2	471	755	285	1	0.667	11	None	NA	NA	NA	0	0	0	1	NA	NA	NA	NA	NA
k127_176028_1	3	338	336	1	0.649	11	None	GENOMAD.079980.VV	6.198e-05	43	0	0	1	2561	Caudoviricetes	NA	NA	PF09681;TIGR01714	N-terminal phage replisome organiser (Phage_rep_org_N)
k127_205143_1	108	308	201	1	0.607	11	GGAG/GAGG	GENOMAD.003597.VV	1.089e-05	43	0	0	1	2561	Caudoviricetes	NA	NA	PF16510	NA
k127_89936_1	2	346	345	1	0.719	11	None	GENOMAD.136711.VP	1.883e-19	85	0	0	1	2561	Caudoviricetes	NA	NA	PF03354;COG5323	Large terminase phage packaging protein
k127_176696_1	2	385	384	-1	0.729	11	None	GENOMAD.124435.VP	8.961e-25	101	0	0	1	2561	Caudoviricetes	NA	NA	PF05069;TIGR01725;COG5005	phage protein, HK97 gp10 family
k127_32562_1	3	500	498	-1	0.669	11	None	GENOMAD.013210.VV	2.139e-22	96	0	0	1	2561	Caudoviricetes	NA	NA	PF00211;PF08994;PF08993;COG2114	Adenylate and Guanylate cyclase catalytic domain; T4 gene Gp59 loader of gp41 DNA helicase C-term; T4 gene Gp59 loader of gp41 DNA helicase
k127_90579_1	1	390	390	-1	0.377	11	None	GENOMAD.119468.VP	3.432e-10	59	0	0	1	1	NA	NA	NA	PF19835;PF07460;PF07453;TIGR01453;COG2827	group I intron endonuclease
k127_90640_1	3	803	801	1	0.643	11	None	GENOMAD.013124.VV	1.311e-07	55	0	0	1	377	Drexlerviridae	NA	NA	PF13262;COG5410	NA
k127_61818_1	2	337	336	-1	0.655	11	None	GENOMAD.068048.VV	1.351e-13	68	0	0	1	2561	Caudoviricetes	NA	NA	PF20307;TIGR03600;K02314;COG0305	phage replicative helicase, DnaB family, HK022 subfamily
k127_263666_1	3	563	561	1	0.686	11	None	GENOMAD.068048.VV	7.391e-12	66	0	0	1	2561	Caudoviricetes	NA	NA	PF20307;TIGR03600;K02314;COG0305	phage replicative helicase, DnaB family, HK022 subfamily
k127_234995_1	2	442	441	1	0.717	11	None	GENOMAD.013210.VV	9.214e-15	73	0	0	1	2561	Caudoviricetes	NA	NA	PF00211;PF08994;PF08993;COG2114	Adenylate and Guanylate cyclase catalytic domain; T4 gene Gp59 loader of gp41 DNA helicase C-term; T4 gene Gp59 loader of gp41 DNA helicase
k127_119834_1	3	290	288	-1	0.580	11	GGAG/GAGG	GENOMAD.116655.VV	9.235e-50	171	0	0	1	2561	Caudoviricetes	NA	NA	PF04860;TIGR01537;COG5005	phage portal protein, HK97 family
k127_264077_1	3	668	666	1	0.688	11	None	GENOMAD.013210.VV	1.651e-15	78	0	0	1	2561	Caudoviricetes	NA	NA	PF00211;PF08994;PF08993;COG2114	Adenylate and Guanylate cyclase catalytic domain; T4 gene Gp59 loader of gp41 DNA helicase C-term; T4 gene Gp59 loader of gp41 DNA helicase
k127_5109_1	3	317	315	-1	0.638	11	None	GENOMAD.153563.VV	1.851e-15	73	0	0	1	2561	Caudoviricetes	NA	NA	PF05065;COG4653;TIGR01554	Predicted phage phi-C31 gp36 major capsid-like protein
k127_235940_1	3	719	717	-1	0.649	11	None	GENOMAD.013210.VV	5.009e-19	89	0	0	1	2561	Caudoviricetes	NA	NA	PF00211;PF08994;PF08993;COG2114	Adenylate and Guanylate cyclase catalytic domain; T4 gene Gp59 loader of gp41 DNA helicase C-term; T4 gene Gp59 loader of gp41 DNA helicase
k127_34069_1	3	701	699	1	0.715	11	None	GENOMAD.013210.VV	1.64e-23	102	0	0	1	2561	Caudoviricetes	NA	NA	PF00211;PF08994;PF08993;COG2114	Adenylate and Guanylate cyclase catalytic domain; T4 gene Gp59 loader of gp41 DNA helicase C-term; T4 gene Gp59 loader of gp41 DNA helicase
k127_149505_1	1	366	366	1	0.672	11	None	GENOMAD.053137.VV	2.224e-28	111	0	0	1	2561	Caudoviricetes	NA	NA	PF17482	Phage tail sheath C-terminal domain
k127_149505_2	392	505	114	1	0.614	11	AGGAG	NA	NA	NA	0	0	0	1	NA	NA	NA	NA	NA
k127_178759_1	2	499	498	1	0.707	11	None	GENOMAD.060259.VV	1.114e-06	50	0	0	1	2561	Caudoviricetes	NA	NA	PF20307;TIGR02236;COG0468;K04484	Divergent DnaB-like ATPase
k127_178774_1	3	599	597	1	0.516	11	None	GENOMAD.032636.VV	9.998e-13	69	0	0	1	2561	Caudoviricetes	NA	NA	PF20307;PF07486;TIGR02239;COG0468;K18947	Divergent DnaB-like ATPase; Cell Wall Hydrolase
k127_121273_1	2	301	300	1	0.667	11	None	GENOMAD.068048.VV	2.514e-10	58	0	0	1	2561	Caudoviricetes	NA	NA	PF20307;TIGR03600;K02314;COG0305	phage replicative helicase, DnaB family, HK022 subfamily
k127_179050_1	2	385	384	-1	0.664	11	None	GENOMAD.068048.VV	2.491e-13	68	0	0	1	2561	Caudoviricetes	NA	NA	PF20307;TIGR03600;K02314;COG0305	phage replicative helicase, DnaB family, HK022 subfamily
k127_265494_1	3	455	453	1	0.656	11	None	GENOMAD.026355.VV	3.773e-05	45	0	0	1	2561	Caudoviricetes	NA	NA	PF20307;TIGR02238	Divergent DnaB-like ATPase
k127_92832_1	3	602	600	1	0.647	11	None	GENOMAD.169508.VP	4.945e-10	61	0	0	1	2561	Caudoviricetes	NA	NA	PF04708;PF13262;COG1961;K14060	Site-specific DNA recombinase related to the DNA invertase Pin
k127_35113_1	2	358	357	1	0.440	15	None	GENOMAD.093508.VV	7.702e-05	43	0	0	1	2561	Caudoviricetes	NA	NA	PF05876;COG5410	Phage terminase large subunit gpA, ATPase domain
k127_6258_1	2	367	366	-1	0.552	11	None	GENOMAD.109691.VV	5.083e-20	87	0	0	1	2561	Caudoviricetes	NA	NA	PF06141	Phage minor tail protein U
k127_35232_1	316	426	111	1	0.586	11	GGA/GAG/AGG	GENOMAD.129590.VP	2.086e-07	46	0	0	1	2561	Caudoviricetes	NA	NA	PF07141	Putative bacteriophage terminase small subunit
k127_208500_1	2	319	318	1	0.619	11	None	GENOMAD.129590.VP	1.519e-09	56	0	0	1	2561	Caudoviricetes	NA	NA	PF07141	Putative bacteriophage terminase small subunit
k127_208500_2	264	977	714	1	0.667	11	None	GENOMAD.039786.VV	4.577e-09	59	0	0	0	2561	Caudoviricetes	NA	NA	NA	NA
k127_208860_1	3	788	786	-1	0.632	11	None	GENOMAD.169508.VP	1.731e-23	103	0	0	1	2561	Caudoviricetes	NA	NA	PF04708;PF13262;COG1961;K14060	Site-specific DNA recombinase related to the DNA invertase Pin
k127_151164_1	114	365	252	-1	0.587	11	None	GENOMAD.053787.VV	4.036e-44	154	0	0	1	2561	Caudoviricetes	NA	NA	PF05065;TIGR01554	NA
k127_266544_1	1	477	477	1	0.574	11	None	GENOMAD.109691.VV	9.873e-29	114	0	0	1	2561	Caudoviricetes	NA	NA	PF06141	Phage minor tail protein U
k127_93976_1	3	497	495	-1	0.586	11	GGAG/GAGG	GENOMAD.178051.VP	2.232e-21	93	0	0	1	2561	Caudoviricetes	NA	NA	PF02195;PF17288;TIGR00180;COG1475	ParB/RepB/Spo0J family partition protein
k127_209368_1	3	383	381	-1	0.609	11	None	GENOMAD.116655.VV	6.966e-76	248	0	0	1	2561	Caudoviricetes	NA	NA	PF04860;TIGR01537;COG5005	phage portal protein, HK97 family
k127_94047_1	3	2225	2223	1	0.523	11	None	NA	NA	NA	0	0	0	1	NA	NA	NA	NA	NA
k127_94047_2	2103	2639	537	-1	0.499	11	None	NA	NA	NA	0	0	0	1	NA	NA	NA	NA	NA
k127_94047_3	2903	3235	333	1	0.619	11	ATAT	NA	NA	NA	0	0	0	1	NA	NA	NA	NA	NA
k127_94051_1	1	375	375	1	0.627	11	None	GENOMAD.013124.VV	6.937e-09	55	0	0	1	377	Drexlerviridae	NA	NA	PF13262;COG5410	NA
k127_7603_1	1	438	438	-1	0.632	11	None	GENOMAD.068048.VV	3.717e-16	77	0	0	1	2561	Caudoviricetes	NA	NA	PF20307;TIGR03600;K02314;COG0305	phage replicative helicase, DnaB family, HK022 subfamily
k127_94289_1	3	377	375	1	0.597	11	None	GENOMAD.109691.VV	2.133e-22	94	0	0	1	2561	Caudoviricetes	NA	NA	PF06141	Phage minor tail protein U
k127_210069_1	3	374	372	1	0.680	11	None	GENOMAD.053137.VV	1.789e-15	74	0	0	1	2561	Caudoviricetes	NA	NA	PF17482	Phage tail sheath C-terminal domain
k127_181220_1	3	485	483	-1	0.615	11	None	GENOMAD.194580.VP	3.07e-25	104	0	0	1	2561	Caudoviricetes	NA	NA	PF03354;PF05521;PF20441;COG4626;TIGR01563	Phage terminase-like protein, large subunit, contains N-terminal HTH domain
k127_123671_1	2	718	717	-1	0.693	11	None	GENOMAD.068048.VV	2.357e-11	66	0	0	1	2561	Caudoviricetes	NA	NA	PF20307;TIGR03600;K02314;COG0305	phage replicative helicase, DnaB family, HK022 subfamily
k127_268050_1	3	446	444	1	0.640	11	None	GENOMAD.169508.VP	6.825e-08	53	0	0	1	2561	Caudoviricetes	NA	NA	PF04708;PF13262;COG1961;K14060	Site-specific DNA recombinase related to the DNA invertase Pin
k127_37506_1	2	496	495	-1	0.622	11	None	GENOMAD.169508.VP	1.27e-18	85	0	0	1	2561	Caudoviricetes	NA	NA	PF04708;PF13262;COG1961;K14060	Site-specific DNA recombinase related to the DNA invertase Pin
k127_268264_1	2	484	483	1	0.435	11	None	GENOMAD.117001.VP	3.709e-91	294	0	0	1	2561	Caudoviricetes	NA	NA	PF05876;PF20454;COG5525;TIGR01547	Phage terminase, large subunit GpA
k127_124589_1	1	114	114	1	0.561	11	None	NA	NA	NA	0	0	0	1	NA	NA	NA	NA	NA
k127_124589_2	133	588	456	1	0.621	11	AGGA	GENOMAD.064227.VV	4.946e-42	152	0	0	1	2561	Caudoviricetes	NA	NA	PF06141	Phage minor tail protein U
k127_66938_1	1	306	306	1	0.644	11	None	GENOMAD.068048.VV	1.631e-15	73	0	0	1	2561	Caudoviricetes	NA	NA	PF20307;TIGR03600;K02314;COG0305	phage replicative helicase, DnaB family, HK022 subfamily
k127_9482_1	2	112	111	1	0.604	11	None	NA	NA	NA	0	0	0	1	NA	NA	NA	NA	NA
k127_9482_2	177	599	423	1	0.582	11	GGT	GENOMAD.002932.VV	8.448e-13	67	0	0	1	2561	Caudoviricetes	NA	NA	TIGR01630;COG5362	phage uncharacterized protein (putative large terminase), C-terminal domain
k127_9485_1	70	474	405	-1	0.647	11	None	GENOMAD.097639.VV	2.326e-06	48	0	0	1	2561	Caudoviricetes	NA	NA	PF17289;TIGR01630;COG5362	phage uncharacterized protein (putative large terminase), C-terminal domain
k127_182681_1	52	525	474	-1	0.506	11	None	GENOMAD.044416.VV	9.22e-06	47	0	0	1	2561	Caudoviricetes	NA	NA	TIGR01537	NA
k127_125306_1	1	1509	1509	1	0.632	11	None	GENOMAD.013124.VV	1.028e-24	112	0	0	1	377	Drexlerviridae	NA	NA	PF13262;COG5410	NA
k127_125611_1	1	339	339	1	0.534	11	None	GENOMAD.147427.VP	1.548e-12	65	0	0	1	2561	Caudoviricetes	NA	NA	PF07141	Putative bacteriophage terminase small subunit
k127_240924_1	58	360	303	-1	0.677	11	None	GENOMAD.068048.VV	1.497e-15	73	0	0	1	2561	Caudoviricetes	NA	NA	PF20307;TIGR03600;K02314;COG0305	phage replicative helicase, DnaB family, HK022 subfamily
k127_269622_1	3	755	753	1	0.648	11	None	GENOMAD.169508.VP	1.479e-15	79	0	0	1	2561	Caudoviricetes	NA	NA	PF04708;PF13262;COG1961;K14060	Site-specific DNA recombinase related to the DNA invertase Pin
k127_183243_1	42	353	312	1	0.679	11	None	GENOMAD.085060.VV	6.563e-10	57	0	0	1	2561	Caudoviricetes	NA	NA	PF10124;COG4397	Mu-like prophage major head subunit gpT
k127_183395_1	3	395	393	-1	0.588	11	GGAGG	GENOMAD.009848.VV	9.628e-17	78	0	0	1	9913	Herelleviridae	NA	NA	COG5377;TIGR03033	Phage-related protein, predicted endonuclease
k127_183395_2	379	618	240	-1	0.550	11	None	NA	NA	NA	0	0	0	1	NA	NA	NA	NA	NA
k127_126052_1	2	301	300	-1	0.627	11	GGA/GAG/AGG	GENOMAD.147427.VP	4.562e-12	63	0	0	1	2561	Caudoviricetes	NA	NA	PF07141	Putative bacteriophage terminase small subunit
k127_270171_1	2	583	582	-1	0.632	11	None	GENOMAD.013124.VV	3.593e-16	79	0	0	1	377	Drexlerviridae	NA	NA	PF13262;COG5410	NA
k127_39586_1	3	1847	1845	1	0.420	11	None	NA	NA	NA	0	0	0	1	NA	NA	NA	NA	NA
k127_184076_1	28	564	537	-1	0.682	11	None	GENOMAD.013210.VV	4.322e-18	84	0	0	1	2561	Caudoviricetes	NA	NA	PF00211;PF08994;PF08993;COG2114	Adenylate and Guanylate cyclase catalytic domain; T4 gene Gp59 loader of gp41 DNA helicase C-term; T4 gene Gp59 loader of gp41 DNA helicase
k127_11022_1	3	452	450	-1	0.618	11	None	GENOMAD.002932.VV	1.262e-11	64	0	0	1	2561	Caudoviricetes	NA	NA	TIGR01630;COG5362	phage uncharacterized protein (putative large terminase), C-terminal domain
k127_11060_1	3	356	354	1	0.684	11	None	GENOMAD.179239.VC	4.994e-10	58	0	0	1	2561	Caudoviricetes	NA	NA	PF04860;TIGR01537;COG4695	phage portal protein, HK97 family
k127_68842_1	2	358	357	-1	0.681	11	None	GENOMAD.158311.VV	5.178e-10	58	0	0	1	2561	Caudoviricetes	NA	NA	PF05135;TIGR02215	phage conserved hypothetical protein, phiE125 gp8 family
k127_213359_1	2	331	330	-1	0.636	11	None	GENOMAD.013124.VV	1.67e-10	59	0	0	1	377	Drexlerviridae	NA	NA	PF13262;COG5410	NA
k127_40275_1	1	318	318	-1	0.676	11	None	GENOMAD.080618.VV	8.658e-16	74	0	0	1	2561	Caudoviricetes	NA	NA	PF04586;COG3740;TIGR01543;K06904	Phage head maturation protease
k127_242557_1	3	332	330	1	0.615	11	None	GENOMAD.221952.VV	9.186e-25	100	0	0	1	2561	Caudoviricetes	NA	NA	PF06890;COG4384;TIGR01644	Mu-like prophage protein gp45
k127_12013_1	3	344	342	1	0.643	11	None	GENOMAD.068048.VV	2.953e-14	70	0	0	1	2561	Caudoviricetes	NA	NA	PF20307;TIGR03600;K02314;COG0305	phage replicative helicase, DnaB family, HK022 subfamily
k127_12018_1	2	418	417	1	0.635	11	None	GENOMAD.116655.VV	1.414e-32	124	0	0	1	2561	Caudoviricetes	NA	NA	PF04860;TIGR01537;COG5005	phage portal protein, HK97 family
k127_12018_2	455	778	324	1	0.617	11	None	GENOMAD.063438.VV	1.649e-49	171	0	0	0	2561	Caudoviricetes	NA	NA	NA	NA
k127_127734_1	1	606	606	1	0.650	11	None	GENOMAD.060259.VV	9.706e-05	45	0	0	1	2561	Caudoviricetes	NA	NA	PF20307;TIGR02236;COG0468;K04484	Divergent DnaB-like ATPase
k127_156752_1	2	412	411	1	0.730	11	None	GENOMAD.068590.VV	5.852e-25	102	0	0	1	2561	Caudoviricetes	NA	NA	PF13871;PF11242;K11654;TIGR00721	C-terminal domain on Strawberry notch homologue
k127_128216_1	3	161	159	-1	0.635	11	GGAG/GAGG	GENOMAD.115235.VV	1.457e-17	76	0	0	1	1	NA	NA	NA	PF11836	Phage tail tube protein, GTA-gp10
k127_128216_2	158	334	177	-1	0.638	11	None	GENOMAD.134093.VC	1.339e-20	85	0	0	1	2561	Caudoviricetes	NA	NA	PF06199;TIGR02126;COG5437	Phage tail tube protein
k127_243544_1	2	1093	1092	-1	0.646	11	None	GENOMAD.013210.VV	1.24e-19	94	0	0	1	2561	Caudoviricetes	NA	NA	PF00211;PF08994;PF08993;COG2114	Adenylate and Guanylate cyclase catalytic domain; T4 gene Gp59 loader of gp41 DNA helicase C-term; T4 gene Gp59 loader of gp41 DNA helicase
k127_272285_1	2	478	477	-1	0.610	11	None	GENOMAD.013210.VV	1.794e-21	93	0	0	1	2561	Caudoviricetes	NA	NA	PF00211;PF08994;PF08993;COG2114	Adenylate and Guanylate cyclase catalytic domain; T4 gene Gp59 loader of gp41 DNA helicase C-term; T4 gene Gp59 loader of gp41 DNA helicase
k127_215065_1	1	315	315	1	0.702	11	None	GENOMAD.069012.VV	2.217e-05	44	0	0	1	1	NA	NA	NA	TIGR01537	NA
k127_272890_1	311	715	405	1	0.588	11	GGAG/GAGG	GENOMAD.178051.VP	5.052e-17	79	0	0	1	2561	Caudoviricetes	NA	NA	PF02195;PF17288;TIGR00180;COG1475	ParB/RepB/Spo0J family partition protein
k127_244391_1	1	153	153	-1	0.706	11	GGAG/GAGG	NA	NA	NA	0	0	0	1	NA	NA	NA	NA	NA
k127_244391_2	167	403	237	1	0.738	11	None	GENOMAD.158944.VP	0.0001987	40	0	0	1	1	NA	NA	NA	PF06892;K22302;COG2452;TIGR00721	Predicted site-specific integrase-resolvase
k127_13605_1	2	322	321	-1	0.664	11	None	GENOMAD.032636.VV	4.406e-07	49	0	0	1	2561	Caudoviricetes	NA	NA	PF20307;PF07486;TIGR02239;COG0468;K18947	Divergent DnaB-like ATPase; Cell Wall Hydrolase
k127_244415_1	3	584	582	1	0.727	11	None	GENOMAD.071187.VV	4.263e-08	55	0	0	1	1	NA	NA	NA	PF00863;TIGR02038;COG0265	periplasmic serine pepetdase DegS
k127_100393_1	1	684	684	-1	0.658	11	None	GENOMAD.057710.VV	0.0002819	44	0	0	1	2561	Caudoviricetes	NA	NA	PF00589;PF04860;K07358;TIGR01537	Phage integrase family; Phage portal protein
k127_129253_1	3	1322	1320	-1	0.676	11	None	GENOMAD.172074.VP	0.0009502	44	0	0	1	2561	Caudoviricetes	NA	NA	PF05954;K06905;COG3500;TIGR03361	Phage protein D
k127_215830_1	3	329	327	-1	0.664	11	None	GENOMAD.097639.VV	9.728e-24	97	0	0	1	2561	Caudoviricetes	NA	NA	PF17289;TIGR01630;COG5362	phage uncharacterized protein (putative large terminase), C-terminal domain
k127_215857_1	3	1304	1302	-1	0.647	11	GGA/GAG/AGG	GENOMAD.099865.VV	1.812e-68	242	0	0	1	2561	Caudoviricetes	NA	NA	PF04466;PF17289;TIGR01547;COG5323;K06909	phage terminase, large subunit, PBSX family
k127_187177_1	1	324	324	1	0.682	11	None	GENOMAD.172074.VP	5.706e-13	66	0	0	1	2561	Caudoviricetes	NA	NA	PF05954;K06905;COG3500;TIGR03361	Phage protein D
k127_72520_1	1	528	528	1	0.642	11	None	GENOMAD.013124.VV	6.372e-08	54	0	0	1	377	Drexlerviridae	NA	NA	PF13262;COG5410	NA
k127_130309_1	1	294	294	1	0.565	11	None	NA	NA	NA	0	0	0	1	NA	NA	NA	NA	NA
k127_130309_2	278	928	651	1	0.548	11	GGAGG	GENOMAD.009848.VV	5.809e-20	91	0	0	1	9913	Herelleviridae	NA	NA	COG5377;TIGR03033	Phage-related protein, predicted endonuclease
k127_101869_1	2	655	654	-1	0.676	11	None	GENOMAD.068048.VV	3.308e-14	74	0	0	1	2561	Caudoviricetes	NA	NA	PF20307;TIGR03600;K02314;COG0305	phage replicative helicase, DnaB family, HK022 subfamily
k127_217245_1	2	499	498	1	0.681	11	None	GENOMAD.068048.VV	0.0001126	44	0	0	1	2561	Caudoviricetes	NA	NA	PF20307;TIGR03600;K02314;COG0305	phage replicative helicase, DnaB family, HK022 subfamily
k127_188384_1	3	314	312	1	0.712	11	None	GENOMAD.073447.VV	7.987e-08	51	0	0	1	2561	Caudoviricetes	NA	NA	PF00580;TIGR04095;COG4373	UvrD/REP helicase N-terminal domain
k127_15363_1	3	728	726	1	0.627	11	None	GENOMAD.023991.VV	2.262e-57	201	0	0	1	2561	Caudoviricetes	NA	NA	COG5410	Mu-like prophage FluMu protein gp28
k127_44535_1	12	368	357	1	0.641	11	None	GENOMAD.224435.VP	0.0003734	41	0	0	1	2561	Caudoviricetes	NA	NA	PF04965;K06903;COG3628;TIGR03357	Baseplate wedge protein gp25
k127_15860_1	3	344	342	-1	0.629	11	None	GENOMAD.073447.VV	1.145e-07	51	0	0	1	2561	Caudoviricetes	NA	NA	PF00580;TIGR04095;COG4373	UvrD/REP helicase N-terminal domain
k127_44775_1	61	969	909	-1	0.641	11	None	GENOMAD.020821.VV	4.067e-17	85	0	0	1	2561	Caudoviricetes	NA	NA	PF05876;PF16203;K14440;COG5410;TIGR04095	ERCC4-related helicase
k127_217873_1	3	392	390	1	0.646	11	None	GENOMAD.013124.VV	3.988e-08	53	0	0	1	377	Drexlerviridae	NA	NA	PF13262;COG5410	NA
k127_16262_1	3	659	657	1	0.621	11	None	GENOMAD.013124.VV	6.151e-20	91	0	0	1	377	Drexlerviridae	NA	NA	PF13262;COG5410	NA
k127_276004_1	3	776	774	1	0.612	11	None	GENOMAD.013210.VV	2.805e-28	117	0	0	1	2561	Caudoviricetes	NA	NA	PF00211;PF08994;PF08993;COG2114	Adenylate and Guanylate cyclase catalytic domain; T4 gene Gp59 loader of gp41 DNA helicase C-term; T4 gene Gp59 loader of gp41 DNA helicase
k127_276389_1	3	389	387	-1	0.630	11	GGA/GAG/AGG	GENOMAD.178047.VV	1.165e-13	69	0	0	1	2561	Caudoviricetes	NA	NA	PF11242;TIGR02417;COG1609	NA
k127_276413_1	1	423	423	1	0.589	11	None	GENOMAD.147427.VP	5.322e-19	85	0	0	1	2561	Caudoviricetes	NA	NA	PF07141	Putative bacteriophage terminase small subunit
k127_103596_1	3	389	387	-1	0.618	11	None	GENOMAD.162088.VV	1.807e-17	80	0	0	1	2561	Caudoviricetes	NA	NA	PF05136;TIGR01539;COG5511;K09961	phage portal protein, lambda family
k127_247816_1	2	358	357	-1	0.647	11	None	GENOMAD.172137.VP	1.829e-21	91	0	0	1	2561	Caudoviricetes	NA	NA	PF07141;COG3728;TIGR02036	Putative bacteriophage terminase small subunit
k127_190222_1	3	707	705	-1	0.701	11	GGA/GAG/AGG	GENOMAD.013210.VV	4.86e-14	74	0	0	1	2561	Caudoviricetes	NA	NA	PF00211;PF08994;PF08993;COG2114	Adenylate and Guanylate cyclase catalytic domain; T4 gene Gp59 loader of gp41 DNA helicase C-term; T4 gene Gp59 loader of gp41 DNA helicase
k127_17174_1	3	164	162	1	0.648	11	None	NA	NA	NA	0	0	0	1	NA	NA	NA	NA	NA
k127_17174_2	330	848	519	1	0.669	11	GGA/GAG/AGG	GENOMAD.013124.VV	9.191e-16	77	0	0	1	377	Drexlerviridae	NA	NA	PF13262;COG5410	NA
k127_276694_1	3	311	309	-1	0.634	11	None	GENOMAD.097639.VV	1.384e-17	79	0	0	1	2561	Caudoviricetes	NA	NA	PF17289;TIGR01630;COG5362	phage uncharacterized protein (putative large terminase), C-terminal domain
k127_276856_1	1	273	273	-1	0.623	11	GGA/GAG/AGG	GENOMAD.017632.VV	8.663e-10	56	0	0	1	2561	Caudoviricetes	NA	NA	PF03354;COG5410;TIGR01547	phage terminase, large subunit, PBSX family
k127_276856_2	273	569	297	-1	0.620	11	None	NA	NA	NA	0	0	0	1	NA	NA	NA	NA	NA
k127_276878_1	2	910	909	1	0.630	11	None	GENOMAD.169508.VP	9.642e-20	93	0	0	1	2561	Caudoviricetes	NA	NA	PF04708;PF13262;COG1961;K14060	Site-specific DNA recombinase related to the DNA invertase Pin
k127_17500_1	163	624	462	1	0.645	11	None	GENOMAD.057710.VV	8.564e-05	44	0	0	1	2561	Caudoviricetes	NA	NA	PF00589;PF04860;K07358;TIGR01537	Phage integrase family; Phage portal protein
k127_190595_1	1	450	450	1	0.618	11	None	GENOMAD.086497.VV	0.0008114	41	0	0	1	1	NA	NA	NA	PF11242;TIGR03826;COG1609	flagellar operon protein TIGR03826
k127_161794_1	1	783	783	1	0.587	11	None	GENOMAD.013210.VV	1.463e-27	115	0	0	1	2561	Caudoviricetes	NA	NA	PF00211;PF08994;PF08993;COG2114	Adenylate and Guanylate cyclase catalytic domain; T4 gene Gp59 loader of gp41 DNA helicase C-term; T4 gene Gp59 loader of gp41 DNA helicase
k127_133066_1	2	424	423	1	0.582	11	None	GENOMAD.068048.VV	2.992e-16	77	0	0	1	2561	Caudoviricetes	NA	NA	PF20307;TIGR03600;K02314;COG0305	phage replicative helicase, DnaB family, HK022 subfamily
k127_190683_1	3	443	441	-1	0.748	11	None	GENOMAD.087713.VP	1.232e-29	116	0	0	1	2561	Caudoviricetes	NA	NA	PF03237;COG4626	Phage terminase-like protein, large subunit, contains N-terminal HTH domain
k127_190855_1	2	385	384	1	0.680	11	None	GENOMAD.068048.VV	2.281e-14	71	0	0	1	2561	Caudoviricetes	NA	NA	PF20307;TIGR03600;K02314;COG0305	phage replicative helicase, DnaB family, HK022 subfamily
k127_191031_1	2	724	723	-1	0.698	11	None	GENOMAD.073447.VV	1.863e-06	51	0	0	1	2561	Caudoviricetes	NA	NA	PF00580;TIGR04095;COG4373	UvrD/REP helicase N-terminal domain
k127_133585_1	3	305	303	-1	0.597	11	None	GENOMAD.123534.VP	6.535e-40	143	0	0	1	2561	Caudoviricetes	NA	NA	PF05133;TIGR01538	Phage portal protein, SPP1 Gp6-like
k127_191408_1	1	831	831	1	0.687	11	None	GENOMAD.042265.VV	2.708e-06	51	0	0	1	2561	Caudoviricetes	NA	NA	PF20307;TIGR02237;COG0468;K04485	Divergent DnaB-like ATPase
k127_76138_1	3	299	297	1	0.616	11	None	GENOMAD.059582.VV	3.553e-14	69	0	0	1	2561	Caudoviricetes	NA	NA	TIGR01725	phage protein, HK97 gp10 family
k127_249361_1	3	362	360	1	0.642	11	None	GENOMAD.160552.VV	6.35e-08	52	0	0	1	2561	Caudoviricetes	NA	NA	PF09588;COG5377;TIGR03033	Phage-related protein, predicted endonuclease
k127_134269_1	1	603	603	-1	0.711	11	None	GENOMAD.169508.VP	5.018e-11	64	0	0	1	2561	Caudoviricetes	NA	NA	PF04708;PF13262;COG1961;K14060	Site-specific DNA recombinase related to the DNA invertase Pin
k127_278385_1	3	65	63	-1	0.651	11	GGAG/GAGG	NA	NA	NA	0	0	0	1	NA	NA	NA	NA	NA
k127_278385_2	201	1142	942	-1	0.586	11	None	GENOMAD.000073.VV	0.0005485	44	0	0	1	6233	Potyviridae	NA	NA	PF00680	Viral RNA-dependent RNA polymerase
k127_249723_1	70	420	351	-1	0.624	11	None	GENOMAD.093408.VV	2.676e-56	191	0	0	1	2561	Caudoviricetes	NA	NA	PF09356;PF11836;TIGR02218	phage conserved hypothetical protein BR0599
k127_249723_2	417	968	552	-1	0.569	11	None	GENOMAD.115798.VV	1.27e-71	239	0	0	0	2561	Caudoviricetes	NA	NA	NA	NA
k127_76801_1	1	582	582	-1	0.625	11	GGxGG	GENOMAD.169508.VP	1.941e-26	109	0	0	1	2561	Caudoviricetes	NA	NA	PF04708;PF13262;COG1961;K14060	Site-specific DNA recombinase related to the DNA invertase Pin
k127_76801_2	569	865	297	-1	0.646	11	None	NA	NA	NA	0	0	0	1	NA	NA	NA	NA	NA
k127_134654_1	3	695	693	1	0.644	11	None	GENOMAD.169508.VP	1.517e-24	105	0	0	1	2561	Caudoviricetes	NA	NA	PF04708;PF13262;COG1961;K14060	Site-specific DNA recombinase related to the DNA invertase Pin
k127_19256_1	1	165	165	-1	0.655	11	None	GENOMAD.100194.VV	1.384e-05	42	0	0	1	2561	Caudoviricetes	NA	NA	PF04466;TIGR01547;COG5323	Phage terminase large subunit
k127_19256_2	232	324	93	-1	0.602	11	None	NA	NA	NA	0	0	0	1	NA	NA	NA	NA	NA
k127_250092_1	3	605	603	-1	0.692	11	None	GENOMAD.118632.VP	4.887e-07	52	0	0	1	2561	Caudoviricetes	NA	NA	PF00476;PF07141	DNA polymerase family A; Putative bacteriophage terminase small subunit
k127_77032_1	2	310	309	1	0.631	11	None	GENOMAD.220254.VV	4.189e-06	46	0	0	1	2561	Caudoviricetes	NA	NA	PF05065;TIGR01554;COG4653	phage major capsid protein, HK97 family
k127_250369_1	2	328	327	-1	0.664	11	None	GENOMAD.002027.VV	0.0001245	42	0	0	1	2561	Caudoviricetes	NA	NA	PF05766	Bacteriophage Lambda NinG protein
k127_19660_1	3	617	615	1	0.647	11	None	GENOMAD.060259.VV	5.239e-07	52	0	0	1	2561	Caudoviricetes	NA	NA	PF20307;TIGR02236;COG0468;K04484	Divergent DnaB-like ATPase
k127_135322_1	1	516	516	1	0.671	11	None	GENOMAD.068048.VV	2.676e-08	55	0	0	1	2561	Caudoviricetes	NA	NA	PF20307;TIGR03600;K02314;COG0305	phage replicative helicase, DnaB family, HK022 subfamily
k127_192929_1	1	345	345	1	0.641	11	None	GENOMAD.154021.VP	2.953e-14	70	0	0	1	2561	Caudoviricetes	NA	NA	PF07141;TIGR03384	Putative bacteriophage terminase small subunit
k127_192929_2	305	733	429	1	0.604	11	None	GENOMAD.017133.VV	5.585e-09	56	0	0	1	2561	Caudoviricetes	NA	NA	PF05894;TIGR01547;COG4373	Podovirus DNA encapsidation protein (Gp16)
k127_20440_1	3	377	375	1	0.749	11	None	GENOMAD.068048.VV	1.534e-08	54	0	0	1	2561	Caudoviricetes	NA	NA	PF20307;TIGR03600;K02314;COG0305	phage replicative helicase, DnaB family, HK022 subfamily
k127_279959_1	2	343	342	-1	0.684	11	None	GENOMAD.024487.VV	0.0001458	42	0	0	1	2561	Caudoviricetes	NA	NA	PF09293;K18950;TIGR00593;COG0258	T4 RNase H, C terminal
k127_279989_1	2	319	318	1	0.657	11	None	GENOMAD.068048.VV	1.06e-13	68	0	0	1	2561	Caudoviricetes	NA	NA	PF20307;TIGR03600;K02314;COG0305	phage replicative helicase, DnaB family, HK022 subfamily
k127_222353_1	2	742	741	1	0.646	11	None	GENOMAD.068590.VV	2.171e-07	54	0	0	1	2561	Caudoviricetes	NA	NA	PF13871;PF11242;K11654;TIGR00721	C-terminal domain on Strawberry notch homologue
k127_136199_1	2	370	369	1	0.691	11	None	GENOMAD.070325.VV	8.668e-05	43	0	0	1	1	NA	NA	NA	PF09293	T4 RNase H, C terminal
k127_280341_1	3	353	351	1	0.638	11	None	GENOMAD.147427.VP	4.13e-20	87	0	0	1	2561	Caudoviricetes	NA	NA	PF07141	Putative bacteriophage terminase small subunit
k127_21055_1	1	339	339	-1	0.664	11	None	GENOMAD.096138.VP	0.0001414	42	0	0	1	2561	Caudoviricetes	NA	NA	PF14090;PF20036	Helix-turn-helix domain; Major capsid protein 13-like
k127_21264_1	50	175	126	1	0.563	11	None	NA	NA	NA	0	0	0	1	NA	NA	NA	NA	NA
k127_21264_2	184	456	273	1	0.604	11	None	GENOMAD.170837.VV	4.322e-09	54	0	0	1	2561	Caudoviricetes	NA	NA	PF05119;COG3747;TIGR01558	Phage terminase, small subunit
k127_165600_1	3	518	516	-1	0.527	11	None	GENOMAD.023292.VV	0.0005786	42	0	0	1	2561	Caudoviricetes	NA	NA	PF13479;TIGR01618;COG2087;K04484	phage nucleotide-binding protein
k127_281021_1	3	419	417	1	0.528	11	None	GENOMAD.142009.VV	1.828e-71	236	0	0	1	2561	Caudoviricetes	NA	NA	PF11651;TIGR04387	P22 coat protein - gene protein 5
k127_281257_1	2	310	309	-1	0.612	11	None	GENOMAD.068048.VV	4.203e-14	69	0	0	1	2561	Caudoviricetes	NA	NA	PF20307;TIGR03600;K02314;COG0305	phage replicative helicase, DnaB family, HK022 subfamily
k127_79444_1	1	162	162	1	0.673	11	None	NA	NA	NA	0	0	0	1	NA	NA	NA	NA	NA
k127_79444_2	204	641	438	1	0.632	11	None	GENOMAD.147427.VP	4.767e-22	94	0	0	1	2561	Caudoviricetes	NA	NA	PF07141	Putative bacteriophage terminase small subunit
k127_252648_1	3	485	483	1	0.559	11	None	GENOMAD.120931.VP	2.63e-17	81	0	0	1	2561	Caudoviricetes	NA	NA	PF09588;COG5377;TIGR03033;K01143	Phage-related protein, predicted endonuclease
k127_195005_1	2	475	474	-1	0.696	11	None	GENOMAD.118632.VP	1.707e-10	61	0	0	1	2561	Caudoviricetes	NA	NA	PF00476;PF07141	DNA polymerase family A; Putative bacteriophage terminase small subunit
k127_166260_1	1	345	345	1	0.690	11	None	GENOMAD.158863.VP	2.207e-09	56	0	0	1	2561	Caudoviricetes	NA	NA	PF18906	Phage tail tube protein
k127_195182_1	3	416	414	-1	0.594	11	None	GENOMAD.161500.VC	1.249e-05	46	0	0	0	2561	Caudoviricetes	NA	NA	NA	NA
k127_195182_2	426	857	432	-1	0.606	11	None	GENOMAD.153734.VC	2.749e-44	158	0	0	0	2561	Caudoviricetes	NA	NA	PF06940;COG3738;K13695;TIGR02219	Uncharacterized protein YijF, DUF1287 family
k127_195182_3	854	1711	858	-1	0.577	11	None	GENOMAD.093408.VV	6.298e-75	254	0	0	1	2561	Caudoviricetes	NA	NA	PF09356;PF11836;TIGR02218	phage conserved hypothetical protein BR0599
k127_281790_1	3	548	546	1	0.460	15	None	GENOMAD.050290.VV	2.284e-38	143	0	0	1	2561	Caudoviricetes	NA	NA	PF04860;TIGR01537;COG4695	phage portal protein, HK97 family
k127_109108_1	2	589	588	-1	0.713	11	None	GENOMAD.013210.VV	9.504e-12	66	0	0	1	2561	Caudoviricetes	NA	NA	PF00211;PF08994;PF08993;COG2114	Adenylate and Guanylate cyclase catalytic domain; T4 gene Gp59 loader of gp41 DNA helicase C-term; T4 gene Gp59 loader of gp41 DNA helicase
k127_166843_1	2	379	378	-1	0.598	11	None	GENOMAD.143030.VV	7.475e-26	104	0	0	1	2561	Caudoviricetes	NA	NA	PF20036	Major capsid protein 13-like
k127_22867_1	2	349	348	1	0.667	11	None	GENOMAD.068048.VV	3.516e-13	67	0	0	1	2561	Caudoviricetes	NA	NA	PF20307;TIGR03600;K02314;COG0305	phage replicative helicase, DnaB family, HK022 subfamily
k127_138507_1	2	532	531	1	0.486	11	None	GENOMAD.048876.VV	6.293e-51	179	0	0	1	2561	Caudoviricetes	NA	NA	PF05065;TIGR01554	phage major capsid protein, HK97 family
k127_51830_1	2	442	441	1	0.664	11	None	GENOMAD.085060.VV	9.214e-15	73	0	0	1	2561	Caudoviricetes	NA	NA	PF10124;COG4397	Mu-like prophage major head subunit gpT
k127_167246_1	3	365	363	-1	0.667	11	None	GENOMAD.116655.VV	4.139e-54	185	0	0	1	2561	Caudoviricetes	NA	NA	PF04860;TIGR01537;COG5005	phage portal protein, HK97 family
k127_224919_1	3	317	315	-1	0.714	11	None	GENOMAD.071900.VV	1e-21	91	0	0	1	2561	Caudoviricetes	NA	NA	PF13479;TIGR01618;COG2087;K04484	phage nucleotide-binding protein
k127_51953_1	1	381	381	1	0.661	11	None	GENOMAD.023991.VV	1.517e-09	57	0	0	1	2561	Caudoviricetes	NA	NA	COG5410	Mu-like prophage FluMu protein gp28
k127_225002_1	3	722	720	1	0.676	11	None	GENOMAD.068048.VV	5.335e-17	83	0	0	1	2561	Caudoviricetes	NA	NA	PF20307;TIGR03600;K02314;COG0305	phage replicative helicase, DnaB family, HK022 subfamily
k127_282639_1	3	347	345	1	0.638	11	None	GENOMAD.209380.VP	2.988e-05	44	0	0	0	2561	Caudoviricetes	NA	NA	PF18932	NA
k127_282639_2	347	1030	684	1	0.651	11	GGA/GAG/AGG	GENOMAD.013124.VV	1.724e-19	90	0	0	1	377	Drexlerviridae	NA	NA	PF13262;COG5410	NA
k127_109928_1	1	765	765	1	0.681	11	None	GENOMAD.023991.VV	3.481e-17	84	0	0	1	2561	Caudoviricetes	NA	NA	COG5410	Mu-like prophage FluMu protein gp28
k127_254277_1	3	521	519	-1	0.726	11	None	GENOMAD.069988.VV	9.753e-15	74	0	0	1	2561	Caudoviricetes	NA	NA	PF04233;TIGR01641	Phage Mu protein F like protein
k127_139260_1	2	337	336	1	0.604	11	None	GENOMAD.116655.VV	1.484e-60	203	0	0	1	2561	Caudoviricetes	NA	NA	PF04860;TIGR01537;COG5005	phage portal protein, HK97 family
k127_196896_1	51	332	282	-1	0.762	11	None	GENOMAD.097639.VV	8.457e-11	59	0	0	1	2561	Caudoviricetes	NA	NA	PF17289;TIGR01630;COG5362	phage uncharacterized protein (putative large terminase), C-terminal domain
k127_225680_1	3	611	609	1	0.624	11	None	GENOMAD.099865.VV	1.063e-38	145	0	0	1	2561	Caudoviricetes	NA	NA	PF04466;PF17289;TIGR01547;COG5323;K06909	phage terminase, large subunit, PBSX family
k127_254736_1	1	393	393	1	0.733	11	None	GENOMAD.068590.VV	2.259e-24	100	0	0	1	2561	Caudoviricetes	NA	NA	PF13871;PF11242;K11654;TIGR00721	C-terminal domain on Strawberry notch homologue
k127_110772_1	2	436	435	1	0.611	11	None	GENOMAD.002932.VV	7.108e-05	44	0	0	1	2561	Caudoviricetes	NA	NA	TIGR01630;COG5362	phage uncharacterized protein (putative large terminase), C-terminal domain
k127_283828_1	3	368	366	1	0.708	11	None	GENOMAD.068048.VV	8.629e-14	69	0	0	1	2561	Caudoviricetes	NA	NA	PF20307;TIGR03600;K02314;COG0305	phage replicative helicase, DnaB family, HK022 subfamily
k127_283828_2	369	737	369	1	0.710	11	GGAG/GAGG	NA	NA	NA	0	0	0	1	NA	NA	NA	NA	NA
k127_140018_1	3	347	345	-1	0.606	11	None	GENOMAD.219174.VP	2.411e-08	53	0	0	1	2561	Caudoviricetes	NA	NA	COG4675	Microcystin-dependent protein  (function unknown)
k127_140177_1	1	357	357	1	0.675	11	None	GENOMAD.097639.VV	6.745e-24	98	0	0	1	2561	Caudoviricetes	NA	NA	PF17289;TIGR01630;COG5362	phage uncharacterized protein (putative large terminase), C-terminal domain
k127_226541_1	1	804	804	-1	0.629	11	None	GENOMAD.169508.VP	9.964e-19	89	0	0	1	2561	Caudoviricetes	NA	NA	PF04708;PF13262;COG1961;K14060	Site-specific DNA recombinase related to the DNA invertase Pin
k127_140292_1	2	370	369	1	0.650	11	None	GENOMAD.053137.VV	4.365e-22	93	0	0	1	2561	Caudoviricetes	NA	NA	PF17482	Phage tail sheath C-terminal domain
k127_111535_1	1	321	321	-1	0.626	11	GGA/GAG/AGG	GENOMAD.017632.VV	2.719e-12	64	0	0	1	2561	Caudoviricetes	NA	NA	PF03354;COG5410;TIGR01547	phage terminase, large subunit, PBSX family
k127_111535_2	321	386	66	-1	0.606	11	None	NA	NA	NA	0	0	0	1	NA	NA	NA	NA	NA
k127_197917_1	1	417	417	-1	0.676	11	None	GENOMAD.053137.VV	1.786e-30	118	0	0	1	2561	Caudoviricetes	NA	NA	PF17482	Phage tail sheath C-terminal domain
k127_168998_1	2	352	351	1	0.667	11	None	GENOMAD.032636.VV	2.812e-07	50	0	0	1	2561	Caudoviricetes	NA	NA	PF20307;PF07486;TIGR02239;COG0468;K18947	Divergent DnaB-like ATPase; Cell Wall Hydrolase
k127_140397_1	3	536	534	1	0.629	11	None	GENOMAD.013210.VV	1.963e-18	85	0	0	1	2561	Caudoviricetes	NA	NA	PF00211;PF08994;PF08993;COG2114	Adenylate and Guanylate cyclase catalytic domain; T4 gene Gp59 loader of gp41 DNA helicase C-term; T4 gene Gp59 loader of gp41 DNA helicase
k127_82654_1	1	303	303	1	0.696	11	None	GENOMAD.161099.VV	8.67e-06	45	0	0	1	2561	Caudoviricetes	NA	NA	PF16724;COG4119;TIGR02705;K12629	T4-like virus Myoviridae tail sheath stabiliser
k127_53960_1	1	333	333	-1	0.586	11	None	GENOMAD.068048.VV	2.619e-14	70	0	0	1	2561	Caudoviricetes	NA	NA	PF20307;TIGR03600;K02314;COG0305	phage replicative helicase, DnaB family, HK022 subfamily
k127_25288_1	1	411	411	-1	0.679	11	None	GENOMAD.004871.VV	6.464e-15	73	0	0	1	2561	Caudoviricetes	NA	NA	PF06381;K09961;TIGR01555;COG3567	phage-related protein, HI1409 family
k127_256078_1	111	368	258	-1	0.717	11	None	GENOMAD.107803.VV	2.352e-05	43	0	0	1	1	NA	NA	NA	PF11242;TIGR03879;COG1342	probable regulatory domain
k127_54258_1	3	344	342	1	0.722	11	None	GENOMAD.102019.VV	1.091e-16	77	0	0	1	2561	Caudoviricetes	NA	NA	PF10758;COG3497	Phage tail sheath protein FI
k127_140960_1	2	607	606	-1	0.644	11	None	GENOMAD.013124.VV	1.089e-07	54	0	0	1	377	Drexlerviridae	NA	NA	PF13262;COG5410	NA
k127_140970_1	3	623	621	1	0.652	11	None	GENOMAD.013124.VV	2.451e-06	50	0	0	1	377	Drexlerviridae	NA	NA	PF13262;COG5410	NA
k127_227398_1	3	476	474	1	0.627	11	None	GENOMAD.068048.VV	2.655e-15	75	0	0	1	2561	Caudoviricetes	NA	NA	PF20307;TIGR03600;K02314;COG0305	phage replicative helicase, DnaB family, HK022 subfamily
k127_227463_1	3	218	216	1	0.667	11	None	GENOMAD.122996.VV	9.19e-23	92	0	0	1	2561	Caudoviricetes	NA	NA	PF17482	Phage tail sheath C-terminal domain
k127_227463_2	282	431	150	1	0.633	11	GGAG/GAGG	GENOMAD.222086.VV	2.121e-06	44	0	0	1	2561	Caudoviricetes	NA	NA	PF04985;K06908;TIGR01611;COG3498	phage contractile tail tube protein, P2 family
k127_256495_1	3	326	324	1	0.694	11	None	GENOMAD.158863.VP	1.38e-27	108	0	0	1	2561	Caudoviricetes	NA	NA	PF18906	Phage tail tube protein
k127_54614_1	2	649	648	-1	0.668	11	None	GENOMAD.023991.VV	6.703e-15	76	0	0	1	2561	Caudoviricetes	NA	NA	COG5410	Mu-like prophage FluMu protein gp28
k127_83755_1	1	111	111	-1	0.577	11	GGAG/GAGG	NA	NA	NA	0	0	0	1	NA	NA	NA	NA	NA
k127_83755_2	162	350	189	1	0.651	11	GGAG/GAGG	GENOMAD.100194.VV	7.963e-07	46	0	0	1	2561	Caudoviricetes	NA	NA	PF04466;TIGR01547;COG5323	Phage terminase large subunit
k127_199246_1	3	908	906	-1	0.598	11	None	GENOMAD.116655.VV	2.338e-131	418	0	0	1	2561	Caudoviricetes	NA	NA	PF04860;TIGR01537;COG5005	phage portal protein, HK97 family
k127_83898_1	2	361	360	1	0.564	11	None	GENOMAD.208174.VP	1.729e-22	94	0	0	1	2561	Caudoviricetes	NA	NA	PF11242;PF00271;TIGR00721;COG4584	DNA-binding protein, Tfx family
k127_55081_1	3	971	969	-1	0.585	11	None	GENOMAD.145315.VC	2.808e-74	254	0	0	1	2561	Caudoviricetes	NA	NA	PF13550	Putative phage tail protein
k127_257086_1	3	554	552	-1	0.705	11	None	GENOMAD.068590.VV	3.525e-08	55	0	0	1	2561	Caudoviricetes	NA	NA	PF13871;PF11242;K11654;TIGR00721	C-terminal domain on Strawberry notch homologue
k127_228354_1	67	1431	1365	-1	0.655	11	None	GENOMAD.013210.VV	1.205e-17	89	0	0	1	2561	Caudoviricetes	NA	NA	PF00211;PF08994;PF08993;COG2114	Adenylate and Guanylate cyclase catalytic domain; T4 gene Gp59 loader of gp41 DNA helicase C-term; T4 gene Gp59 loader of gp41 DNA helicase
k127_55761_1	1	330	330	1	0.721	11	None	GENOMAD.168708.VP	8.259e-10	57	0	0	1	2561	Caudoviricetes	NA	NA	PF14464;PF06805;COG4723;K21140;TIGR02256	Phage-related protein, tail component
k127_228940_1	3	398	396	1	0.631	11	None	GENOMAD.093408.VV	1.21e-55	190	0	0	1	2561	Caudoviricetes	NA	NA	PF09356;PF11836;TIGR02218	phage conserved hypothetical protein BR0599
k127_228940_2	497	763	267	1	0.633	11	None	GENOMAD.115798.VV	6.752e-26	102	0	0	0	2561	Caudoviricetes	NA	NA	NA	NA
k127_228940_3	835	1113	279	1	0.631	11	GGA/GAG/AGG	NA	NA	NA	0	0	0	1	NA	NA	NA	NA	NA
k127_142658_1	3	146	144	-1	0.604	11	None	NA	NA	NA	0	0	0	1	NA	NA	NA	NA	NA
k127_142658_2	136	324	189	-1	0.545	11	None	GENOMAD.178500.VV	9.835e-05	40	0	0	1	2561	Caudoviricetes	NA	NA	PF07141;COG4584;TIGR03298	Putative bacteriophage terminase small subunit
k127_56166_1	2	346	345	-1	0.693	11	None	GENOMAD.161099.VV	3.085e-05	44	0	0	1	2561	Caudoviricetes	NA	NA	PF16724;COG4119;TIGR02705;K12629	T4-like virus Myoviridae tail sheath stabiliser
k127_200494_1	35	688	654	-1	0.569	11	None	GENOMAD.109691.VV	9.741e-56	195	0	0	1	2561	Caudoviricetes	NA	NA	PF06141	Phage minor tail protein U
k127_171750_1	1	420	420	1	0.595	11	None	GENOMAD.060259.VV	0.0001369	43	0	0	1	2561	Caudoviricetes	NA	NA	PF20307;TIGR02236;COG0468;K04484	Divergent DnaB-like ATPase
k127_200759_1	322	657	336	-1	0.524	11	GGxGG	GENOMAD.214229.VP	7.8e-11	60	0	0	1	2561	Caudoviricetes	NA	NA	PF07141;COG2826	Putative bacteriophage terminase small subunit
k127_115255_1	3	485	483	1	0.747	11	None	GENOMAD.068590.VV	1.471e-14	73	0	0	1	2561	Caudoviricetes	NA	NA	PF13871;PF11242;K11654;TIGR00721	C-terminal domain on Strawberry notch homologue
k127_144096_1	1	435	435	-1	0.713	11	None	GENOMAD.068048.VV	2.698e-09	57	0	0	1	2561	Caudoviricetes	NA	NA	PF20307;TIGR03600;K02314;COG0305	phage replicative helicase, DnaB family, HK022 subfamily
