gene	start	end	length	strand	gc_content	genetic_code	rbs_motif	marker	evalue	bitscore	uscg	plasmid_hallmark	virus_hallmark	taxid	taxname	annotation_conjscan	annotation_amr	annotation_accessions	annotation_description
k127_907824_1	3	701	699	1	0.708	11	None	GENOMAD.013210.VV	5.386e-30	121	0	0	1	2561	Caudoviricetes	NA	NA	PF00211;PF08994;PF08993;COG2114	Adenylate and Guanylate cyclase catalytic domain; T4 gene Gp59 loader of gp41 DNA helicase C-term; T4 gene Gp59 loader of gp41 DNA helicase
k127_907893_1	1	504	504	1	0.687	11	None	GENOMAD.042265.VV	5.451e-05	45	0	0	1	2561	Caudoviricetes	NA	NA	PF20307;TIGR02237;COG0468;K04485	Divergent DnaB-like ATPase
k127_605399_1	2	151	150	1	0.700	11	None	NA	NA	NA	0	0	0	1	NA	NA	NA	NA	NA
k127_605399_2	148	444	297	1	0.734	11	GGA/GAG/AGG	GENOMAD.224435.VP	2.965e-08	52	0	0	1	2561	Caudoviricetes	NA	NA	PF04965;K06903;COG3628;TIGR03357	Baseplate wedge protein gp25
k127_908201_1	2	496	495	-1	0.679	11	None	GENOMAD.013210.VV	1.465e-16	79	0	0	1	2561	Caudoviricetes	NA	NA	PF00211;PF08994;PF08993;COG2114	Adenylate and Guanylate cyclase catalytic domain; T4 gene Gp59 loader of gp41 DNA helicase C-term; T4 gene Gp59 loader of gp41 DNA helicase
k127_101485_1	1	540	540	1	0.661	11	None	GENOMAD.060259.VV	3.24e-06	49	0	0	1	2561	Caudoviricetes	NA	NA	PF20307;TIGR02236;COG0468;K04484	Divergent DnaB-like ATPase
k127_505116_1	2	610	609	-1	0.714	11	None	GENOMAD.013210.VV	2.833e-25	106	0	0	1	2561	Caudoviricetes	NA	NA	PF00211;PF08994;PF08993;COG2114	Adenylate and Guanylate cyclase catalytic domain; T4 gene Gp59 loader of gp41 DNA helicase C-term; T4 gene Gp59 loader of gp41 DNA helicase
k127_1032_1	2	313	312	1	0.728	11	None	GENOMAD.018508.VV	4.852e-13	66	0	0	1	2561	Caudoviricetes	NA	NA	PF14594;TIGR01665	Siphovirus ReqiPepy6 Gp37-like protein
k127_304321_1	1	462	462	-1	0.669	11	None	GENOMAD.060259.VV	4.044e-05	45	0	0	1	2561	Caudoviricetes	NA	NA	PF20307;TIGR02236;COG0468;K04484	Divergent DnaB-like ATPase
k127_909384_1	3	467	465	1	0.723	11	None	GENOMAD.071900.VV	1.579e-47	168	0	0	1	2561	Caudoviricetes	NA	NA	PF13479;TIGR01618;COG2087;K04484	phage nucleotide-binding protein
k127_304390_1	1	345	345	1	0.684	11	None	GENOMAD.068048.VV	1.381e-14	71	0	0	1	2561	Caudoviricetes	NA	NA	PF20307;TIGR03600;K02314;COG0305	phage replicative helicase, DnaB family, HK022 subfamily
k127_909588_1	31	381	351	-1	0.641	11	None	GENOMAD.042498.VV	1.227e-07	51	0	0	1	2561	Caudoviricetes	NA	NA	PF09293	T4 RNase H, C terminal
k127_405102_1	3	317	315	-1	0.635	11	None	GENOMAD.222908.VP	4.498e-06	46	0	0	1	2561	Caudoviricetes	NA	NA	TIGR01558;COG3747	phage terminase, small subunit, putative, P27 family
k127_811238_1	2	274	273	1	0.725	11	None	GENOMAD.071900.VV	6.3e-28	108	0	0	1	2561	Caudoviricetes	NA	NA	PF13479;TIGR01618;COG2087;K04484	phage nucleotide-binding protein
k127_711079_1	2	559	558	-1	0.751	11	None	GENOMAD.013210.VV	1.017e-20	92	0	0	1	2561	Caudoviricetes	NA	NA	PF00211;PF08994;PF08993;COG2114	Adenylate and Guanylate cyclase catalytic domain; T4 gene Gp59 loader of gp41 DNA helicase C-term; T4 gene Gp59 loader of gp41 DNA helicase
k127_307779_1	136	651	516	-1	0.665	11	None	GENOMAD.068048.VV	2.015e-14	73	0	0	1	2561	Caudoviricetes	NA	NA	PF20307;TIGR03600;K02314;COG0305	phage replicative helicase, DnaB family, HK022 subfamily
k127_307795_1	2	703	702	-1	0.742	11	None	GENOMAD.071900.VV	3.364e-38	145	0	0	1	2561	Caudoviricetes	NA	NA	PF13479;TIGR01618;COG2087;K04484	phage nucleotide-binding protein
k127_610405_1	143	364	222	-1	0.482	11	GGAG/GAGG	GENOMAD.172137.VP	1.117e-07	49	0	0	1	2561	Caudoviricetes	NA	NA	PF07141;COG3728;TIGR02036	Putative bacteriophage terminase small subunit
k127_307830_1	1	441	441	-1	0.630	11	None	GENOMAD.068048.VV	2.195e-13	69	0	0	1	2561	Caudoviricetes	NA	NA	PF20307;TIGR03600;K02314;COG0305	phage replicative helicase, DnaB family, HK022 subfamily
k127_105729_1	1	504	504	1	0.692	11	None	GENOMAD.118632.VP	9.105e-13	68	0	0	1	2561	Caudoviricetes	NA	NA	PF00476;PF07141	DNA polymerase family A; Putative bacteriophage terminase small subunit
k127_712066_1	11	412	402	-1	0.699	11	AGxAGG/AGGxGG	GENOMAD.063441.VV	4.963e-06	47	0	0	1	2561	Caudoviricetes	NA	NA	PF04965;K06903;COG3628;TIGR03357	Phage baseplate assembly protein W
k127_712066_2	421	540	120	-1	0.700	11	None	NA	NA	NA	0	0	0	1	NA	NA	NA	NA	NA
k127_408630_1	1	339	339	1	0.717	11	None	GENOMAD.076976.VV	1.156e-15	74	0	0	1	2561	Caudoviricetes	NA	NA	PF05119;TIGR01558;COG3747	phage terminase, small subunit, putative, P27 family
k127_914012_1	1	381	381	-1	0.564	11	None	GENOMAD.015790.VV	1.399e-10	60	0	0	1	2561	Caudoviricetes	NA	NA	PF06805;COG4723;TIGR01687	Phage-related protein, tail component
k127_813387_1	3	329	327	-1	0.728	11	None	GENOMAD.071900.VV	2.6e-37	136	0	0	1	2561	Caudoviricetes	NA	NA	PF13479;TIGR01618;COG2087;K04484	phage nucleotide-binding protein
k127_612665_1	1	882	882	-1	0.638	11	None	GENOMAD.212786.VV	2.746e-12	70	0	0	1	2561	Caudoviricetes	NA	NA	PF20307;PF00772;TIGR00665;K02314;COG0305	replicative DNA helicase
k127_914945_1	1	234	234	-1	0.620	11	None	GENOMAD.080662.VV	3.955e-05	42	0	0	1	2561	Caudoviricetes	NA	NA	PF04965;COG3628;TIGR03357;K11905	Baseplate wedge protein gp25
k127_914945_2	252	320	69	-1	0.609	11	None	NA	NA	NA	0	0	0	1	NA	NA	NA	NA	NA
k127_814910_1	3	494	492	1	0.683	11	None	GENOMAD.121786.VP	1.928e-11	64	0	0	1	2561	Caudoviricetes	NA	NA	PF20454;PF05876	Terminase large subunit gpA, endonuclease domain; Phage terminase large subunit gpA, ATPase domain
k127_311619_1	3	347	345	1	0.704	11	None	GENOMAD.070325.VV	3.085e-05	44	0	0	1	1	NA	NA	NA	PF09293	T4 RNase H, C terminal
k127_311969_1	3	335	333	1	0.721	11	None	GENOMAD.071900.VV	2.853e-37	136	0	0	1	2561	Caudoviricetes	NA	NA	PF13479;TIGR01618;COG2087;K04484	phage nucleotide-binding protein
k127_916973_1	1	360	360	-1	0.647	11	None	GENOMAD.053137.VV	7.562e-15	72	0	0	1	2561	Caudoviricetes	NA	NA	PF17482	Phage tail sheath C-terminal domain
k127_614923_1	3	467	465	1	0.716	11	None	GENOMAD.060259.VV	4.051e-06	48	0	0	1	2561	Caudoviricetes	NA	NA	PF20307;TIGR02236;COG0468;K04484	Divergent DnaB-like ATPase
k127_615716_1	1	450	450	-1	0.673	11	None	GENOMAD.068048.VV	1.344e-10	61	0	0	1	2561	Caudoviricetes	NA	NA	PF20307;TIGR03600;K02314;COG0305	phage replicative helicase, DnaB family, HK022 subfamily
k127_11940_1	3	491	489	1	0.722	11	None	GENOMAD.068590.VV	9.05e-22	94	0	0	1	2561	Caudoviricetes	NA	NA	PF13871;PF11242;K11654;TIGR00721	C-terminal domain on Strawberry notch homologue
k127_11940_2	488	601	114	-1	0.737	11	None	NA	NA	NA	0	0	0	1	NA	NA	NA	NA	NA
k127_413494_1	2	400	399	1	0.689	11	None	GENOMAD.024487.VV	2.26e-06	48	0	0	1	2561	Caudoviricetes	NA	NA	PF09293;K18950;TIGR00593;COG0258	T4 RNase H, C terminal
k127_214135_1	3	404	402	1	0.644	11	None	GENOMAD.042498.VV	2.191e-07	51	0	0	1	2561	Caudoviricetes	NA	NA	PF09293	T4 RNase H, C terminal
k127_819089_1	1	681	681	1	0.718	11	None	GENOMAD.013210.VV	1.829e-16	81	0	0	1	2561	Caudoviricetes	NA	NA	PF00211;PF08994;PF08993;COG2114	Adenylate and Guanylate cyclase catalytic domain; T4 gene Gp59 loader of gp41 DNA helicase C-term; T4 gene Gp59 loader of gp41 DNA helicase
k127_413725_1	2	439	438	-1	0.630	11	None	GENOMAD.053137.VV	1.968e-14	72	0	0	1	2561	Caudoviricetes	NA	NA	PF17482	Phage tail sheath C-terminal domain
k127_413748_1	3	350	348	-1	0.649	11	None	GENOMAD.218988.VP	6.521e-06	46	0	0	1	1	NA	NA	NA	PF09293	T4 RNase H, C terminal
k127_516869_1	1	330	330	-1	0.730	11	None	GENOMAD.218244.VP	3.374e-11	61	0	0	1	2561	Caudoviricetes	NA	NA	PF07030;COG4387	Mu-like prophage protein gp36
k127_12915_1	2	772	771	1	0.676	11	None	GENOMAD.013210.VV	3.625e-18	87	0	0	1	2561	Caudoviricetes	NA	NA	PF00211;PF08994;PF08993;COG2114	Adenylate and Guanylate cyclase catalytic domain; T4 gene Gp59 loader of gp41 DNA helicase C-term; T4 gene Gp59 loader of gp41 DNA helicase
k127_414412_1	125	436	312	-1	0.647	11	None	GENOMAD.208864.VP	2.954e-33	124	0	0	1	2561	Caudoviricetes	NA	NA	PF19307;TIGR01554;COG4653	Phage capsid-like protein
k127_921275_1	32	589	558	-1	0.507	11	None	NA	NA	NA	0	0	0	1	NA	NA	NA	NA	NA
k127_921275_2	630	1238	609	-1	0.591	11	None	GENOMAD.068590.VV	2.395e-09	59	0	0	1	2561	Caudoviricetes	NA	NA	PF13871;PF11242;K11654;TIGR00721	C-terminal domain on Strawberry notch homologue
k127_820658_1	2	328	327	1	0.725	11	None	GENOMAD.167887.VP	1.616e-18	82	0	0	1	2561	Caudoviricetes	NA	NA	PF04860;TIGR01537;COG4383	phage portal protein, HK97 family
k127_215936_1	3	560	558	-1	0.701	11	None	GENOMAD.218988.VP	3.554e-05	46	0	0	1	1	NA	NA	NA	PF09293	T4 RNase H, C terminal
k127_720732_1	3	401	399	-1	0.692	11	None	GENOMAD.089042.VV	4.649e-34	128	0	0	1	2561	Caudoviricetes	NA	NA	COG5301	NA
k127_721483_1	3	587	585	-1	0.653	11	None	GENOMAD.013210.VV	8.464e-28	113	0	0	1	2561	Caudoviricetes	NA	NA	PF00211;PF08994;PF08993;COG2114	Adenylate and Guanylate cyclase catalytic domain; T4 gene Gp59 loader of gp41 DNA helicase C-term; T4 gene Gp59 loader of gp41 DNA helicase
k127_620709_1	57	506	450	-1	0.687	11	None	GENOMAD.053137.VV	1.233e-21	93	0	0	1	2561	Caudoviricetes	NA	NA	PF17482	Phage tail sheath C-terminal domain
k127_217297_1	92	382	291	1	0.725	11	AGGAG	GENOMAD.071900.VV	2.011e-34	127	0	0	1	2561	Caudoviricetes	NA	NA	PF13479;TIGR01618;COG2087;K04484	phage nucleotide-binding protein
k127_520247_1	2	292	291	1	0.674	11	None	GENOMAD.068048.VV	2.636e-08	52	0	0	1	2561	Caudoviricetes	NA	NA	PF20307;TIGR03600;K02314;COG0305	phage replicative helicase, DnaB family, HK022 subfamily
k127_520247_2	292	585	294	1	0.704	11	GGA/GAG/AGG	NA	NA	NA	0	0	0	1	NA	NA	NA	NA	NA
k127_16021_1	1	315	315	-1	0.705	11	None	GENOMAD.076976.VV	1.519e-09	56	0	0	1	2561	Caudoviricetes	NA	NA	PF05119;TIGR01558;COG3747	phage terminase, small subunit, putative, P27 family
k127_16115_1	3	716	714	-1	0.735	11	None	GENOMAD.057710.VV	3.451e-05	47	0	0	1	2561	Caudoviricetes	NA	NA	PF00589;PF04860;K07358;TIGR01537	Phage integrase family; Phage portal protein
k127_621969_1	3	386	384	1	0.664	11	None	GENOMAD.053137.VV	2.374e-30	117	0	0	1	2561	Caudoviricetes	NA	NA	PF17482	Phage tail sheath C-terminal domain
k127_823505_1	1188	1901	714	-1	0.312	11	GGA/GAG/AGG	GENOMAD.013210.VV	4.276e-08	56	0	0	1	2561	Caudoviricetes	NA	NA	PF00211;PF08994;PF08993;COG2114	Adenylate and Guanylate cyclase catalytic domain; T4 gene Gp59 loader of gp41 DNA helicase C-term; T4 gene Gp59 loader of gp41 DNA helicase
k127_823505_2	2263	2445	183	1	0.333	11	None	NA	NA	NA	0	0	0	1	NA	NA	NA	NA	NA
k127_319946_1	1	345	345	-1	0.461	4	None	GENOMAD.043703.VV	0.0001504	42	0	0	1	2561	Caudoviricetes	NA	NA	PF09293	T4 RNase H, C terminal
k127_723887_1	1	378	378	-1	0.627	11	None	GENOMAD.222396.VV	8.894e-06	46	0	0	1	2561	Caudoviricetes	NA	NA	PF05766;TIGR02646	Bacteriophage Lambda NinG protein
k127_522337_1	3	470	468	-1	0.688	11	None	GENOMAD.068048.VV	5.269e-16	77	0	0	1	2561	Caudoviricetes	NA	NA	PF20307;TIGR03600;K02314;COG0305	phage replicative helicase, DnaB family, HK022 subfamily
k127_825228_1	1	312	312	-1	0.724	11	None	GENOMAD.071900.VV	2.037e-45	159	0	0	1	2561	Caudoviricetes	NA	NA	PF13479;TIGR01618;COG2087;K04484	phage nucleotide-binding protein
k127_321681_1	2	844	843	-1	0.707	11	None	GENOMAD.194580.VP	2.114e-32	130	0	0	1	2561	Caudoviricetes	NA	NA	PF03354;PF05521;PF20441;COG4626;TIGR01563	Phage terminase-like protein, large subunit, contains N-terminal HTH domain
k127_523217_1	1	351	351	1	0.667	11	None	GENOMAD.012453.VV	1.25e-32	123	0	0	1	2561	Caudoviricetes	NA	NA	PF13252;TIGR04387	major capsid protein, N4-gp56 family
k127_321705_1	44	337	294	1	0.724	11	None	GENOMAD.145635.VP	7.035e-07	48	0	0	1	2561	Caudoviricetes	NA	NA	PF05521;COG5614;TIGR01563	Bacteriophage head-tail adaptor
k127_927740_1	3	803	801	-1	0.719	11	GGAG/GAGG	GENOMAD.064252.VV	1.187e-06	52	0	0	1	2561	Caudoviricetes	NA	NA	PF03354;COG4626;TIGR01547	Terminase large subunit, ATPase domain
k127_927740_2	857	997	141	-1	0.716	11	None	NA	NA	NA	0	0	0	1	NA	NA	NA	NA	NA
k127_20782_1	1	531	531	1	0.731	11	None	GENOMAD.034157.VV	2.419e-44	160	0	0	1	2561	Caudoviricetes	NA	NA	PF20441;PF03354;COG4626;TIGR01547	Phage terminase-like protein, large subunit, contains N-terminal HTH domain
k127_223329_1	2	370	369	-1	0.740	11	None	GENOMAD.098843.VV	8.125e-06	46	0	0	1	2561	Caudoviricetes	NA	NA	TIGR01537;COG4695	phage portal protein, HK97 family
k127_324645_1	1	555	555	1	0.685	11	None	GENOMAD.068048.VV	3.094e-13	70	0	0	1	2561	Caudoviricetes	NA	NA	PF20307;TIGR03600;K02314;COG0305	phage replicative helicase, DnaB family, HK022 subfamily
k127_223768_1	1	321	321	1	0.673	11	None	GENOMAD.005158.VV	1.348e-11	62	0	0	1	2561	Caudoviricetes	NA	NA	PF04586;PF13395;TIGR02646;K06904	TIGR02646 family protein
k127_324913_1	1	408	408	1	0.676	11	None	GENOMAD.053137.VV	6.772e-31	119	0	0	1	2561	Caudoviricetes	NA	NA	PF17482	Phage tail sheath C-terminal domain
k127_421678_1	1	552	552	-1	0.632	11	None	GENOMAD.169508.VP	3.532e-07	52	0	0	1	2561	Caudoviricetes	NA	NA	PF04708;PF13262;COG1961;K14060	Site-specific DNA recombinase related to the DNA invertase Pin
k127_119511_1	2	76	75	-1	0.720	11	GGAG/GAGG	NA	NA	NA	0	0	0	1	NA	NA	NA	NA	NA
k127_119511_2	60	347	288	-1	0.705	11	None	GENOMAD.151092.VV	2.812e-07	49	0	0	1	2561	Caudoviricetes	NA	NA	PF09588;COG5377;TIGR03033;K01143	Phage-related protein, predicted endonuclease
k127_728470_1	3	173	171	1	0.731	11	None	NA	NA	NA	0	0	0	1	NA	NA	NA	NA	NA
k127_728470_2	177	701	525	1	0.703	11	AGGAG/GGAGG	GENOMAD.012458.VV	1.348e-07	53	0	0	1	2561	Caudoviricetes	NA	NA	PF13514;PF06841;TIGR03185;K19171;COG1195	DNA sulfur modification protein DndD
k127_729025_1	3	410	408	-1	0.679	11	None	GENOMAD.053137.VV	6.769e-23	96	0	0	1	2561	Caudoviricetes	NA	NA	PF17482	Phage tail sheath C-terminal domain
k127_120604_1	1	336	336	-1	0.685	11	None	GENOMAD.111208.VP	2.026e-17	79	0	0	1	2561	Caudoviricetes	NA	NA	PF20441	Terminase large subunit, endonuclease domain
k127_120689_1	2	439	438	1	0.680	11	None	GENOMAD.068048.VV	1.188e-10	61	0	0	1	2561	Caudoviricetes	NA	NA	PF20307;TIGR03600;K02314;COG0305	phage replicative helicase, DnaB family, HK022 subfamily
k127_729799_1	3	551	549	1	0.667	11	None	GENOMAD.013210.VV	7.731e-23	98	0	0	1	2561	Caudoviricetes	NA	NA	PF00211;PF08994;PF08993;COG2114	Adenylate and Guanylate cyclase catalytic domain; T4 gene Gp59 loader of gp41 DNA helicase C-term; T4 gene Gp59 loader of gp41 DNA helicase
k127_121015_1	3	386	384	-1	0.555	11	None	GENOMAD.129421.VV	7.093e-10	58	0	0	1	2561	Caudoviricetes	NA	NA	PF04466;PF17288;TIGR01547;COG1783;K06909	phage terminase, large subunit, PBSX family
k127_528382_1	3	239	237	-1	0.629	11	GGAGG	GENOMAD.064381.VV	1.456e-07	49	0	0	1	2561	Caudoviricetes	NA	NA	PF04717;TIGR01644;COG4384	phage baseplate assembly protein V
k127_528382_2	239	394	156	-1	0.628	11	None	NA	NA	NA	0	0	0	1	NA	NA	NA	NA	NA
k127_423658_1	1	513	513	1	0.427	11	None	GENOMAD.064889.VV	2.133e-85	278	0	0	1	2561	Caudoviricetes	NA	NA	PF04466;PF17288;TIGR01547;COG1783;K06909	phage terminase, large subunit, PBSX family
k127_328419_1	1	474	474	1	0.709	11	None	GENOMAD.068590.VV	1.244e-15	76	0	0	1	2561	Caudoviricetes	NA	NA	PF13871;PF11242;K11654;TIGR00721	C-terminal domain on Strawberry notch homologue
k127_832195_1	1	393	393	1	0.677	11	None	GENOMAD.068048.VV	1.364e-12	66	0	0	1	2561	Caudoviricetes	NA	NA	PF20307;TIGR03600;K02314;COG0305	phage replicative helicase, DnaB family, HK022 subfamily
k127_932818_1	2	517	516	1	0.397	11	None	GENOMAD.016208.VV	8.52e-54	187	0	0	1	2561	Caudoviricetes	NA	NA	PF20441;COG4626;TIGR01554	Phage terminase-like protein, large subunit, contains N-terminal HTH domain
k127_329164_1	1	165	165	1	0.703	11	None	GENOMAD.146533.VV	2.755e-12	61	0	0	1	1	NA	NA	NA	PF11367	NA
k127_329164_2	199	606	408	1	0.684	11	AGGA	GENOMAD.062241.VV	6.435e-48	168	0	0	1	2561	Caudoviricetes	NA	NA	PF06199;COG5437;TIGR02126	Predicted secreted protein
k127_530740_1	1	447	447	-1	0.655	11	GGAG/GAGG	GENOMAD.099556.VV	1.725e-17	81	0	0	1	1	NA	NA	NA	PF05133;TIGR01538	phage portal protein, SPP1 family
k127_229206_1	3	320	318	1	0.500	11	None	GENOMAD.172137.VP	1.739e-08	53	0	0	1	2561	Caudoviricetes	NA	NA	PF07141;COG3728;TIGR02036	Putative bacteriophage terminase small subunit
k127_834718_1	2	685	684	1	0.696	11	None	GENOMAD.013210.VV	1.596e-21	96	0	0	1	2561	Caudoviricetes	NA	NA	PF00211;PF08994;PF08993;COG2114	Adenylate and Guanylate cyclase catalytic domain; T4 gene Gp59 loader of gp41 DNA helicase C-term; T4 gene Gp59 loader of gp41 DNA helicase
k127_935067_1	3	470	468	1	0.603	11	None	GENOMAD.044416.VV	1.953e-05	46	0	0	1	2561	Caudoviricetes	NA	NA	TIGR01537	NA
k127_532967_1	3	254	252	1	0.698	11	None	GENOMAD.071900.VV	5.584e-26	102	0	0	1	2561	Caudoviricetes	NA	NA	PF13479;TIGR01618;COG2087;K04484	phage nucleotide-binding protein
k127_230608_1	3	2276	2274	-1	0.699	11	None	GENOMAD.100668.VV	2.936e-05	50	0	0	1	8973	Herpesviridae	NA	NA	PF04523	Herpes virus tegument protein U30
k127_835378_1	3	419	417	-1	0.417	11	GGA/GAG/AGG	NA	NA	NA	0	0	0	1	NA	NA	NA	NA	NA
k127_835378_2	962	2233	1272	-1	0.432	11	None	NA	NA	NA	0	0	0	1	NA	NA	NA	NA	NA
k127_835378_3	2333	2539	207	1	0.459	11	GGA/GAG/AGG	GENOMAD.102928.VV	0.0001353	40	0	0	0	1	NA	NA	NA	PF20075;TIGR00673;COG3655;K22299	cyanase
k127_331748_1	1	330	330	-1	0.709	11	None	GENOMAD.119462.VV	1.376e-12	65	0	0	1	2561	Caudoviricetes	NA	NA	TIGR01543	phage prohead protease, HK97 family
k127_331938_1	2	334	333	1	0.706	11	None	GENOMAD.068048.VV	1.125e-06	48	0	0	1	2561	Caudoviricetes	NA	NA	PF20307;TIGR03600;K02314;COG0305	phage replicative helicase, DnaB family, HK022 subfamily
k127_634716_1	1	501	501	-1	0.621	11	None	GENOMAD.054986.VV	1.05e-09	59	0	0	1	2561	Caudoviricetes	NA	NA	PF09293	T4 RNase H, C terminal
k127_634734_1	59	655	597	1	0.668	11	GGGT	GENOMAD.023316.VV	1.021e-08	57	0	0	1	2561	Caudoviricetes	NA	NA	PF03167;PF18906;TIGR00758;COG1573;K21929	uracil-DNA glycosylase, family 4
k127_634734_2	621	950	330	1	0.606	11	GGG	NA	NA	NA	0	0	0	1	NA	NA	NA	NA	NA
k127_427851_1	1	327	327	1	0.682	11	None	GENOMAD.068048.VV	5.378e-14	69	0	0	1	2561	Caudoviricetes	NA	NA	PF20307;TIGR03600;K02314;COG0305	phage replicative helicase, DnaB family, HK022 subfamily
k127_836120_1	3	452	450	1	0.653	11	None	GENOMAD.068048.VV	1.262e-11	64	0	0	1	2561	Caudoviricetes	NA	NA	PF20307;TIGR03600;K02314;COG0305	phage replicative helicase, DnaB family, HK022 subfamily
k127_936365_1	3	293	291	1	0.663	11	None	GENOMAD.068048.VV	6.976e-14	68	0	0	1	2561	Caudoviricetes	NA	NA	PF20307;TIGR03600;K02314;COG0305	phage replicative helicase, DnaB family, HK022 subfamily
k127_936365_2	305	610	306	1	0.712	11	None	NA	NA	NA	0	0	0	1	NA	NA	NA	NA	NA
k127_29040_1	3	521	519	-1	0.653	11	None	GENOMAD.169508.VP	1.288e-07	53	0	0	1	2561	Caudoviricetes	NA	NA	PF04708;PF13262;COG1961;K14060	Site-specific DNA recombinase related to the DNA invertase Pin
k127_29069_1	2	316	315	1	0.714	11	None	GENOMAD.119462.VV	1.851e-15	73	0	0	1	2561	Caudoviricetes	NA	NA	TIGR01543	phage prohead protease, HK97 family
k127_836621_1	2	307	306	1	0.722	11	None	GENOMAD.047463.VV	3.328e-08	52	0	0	1	2561	Caudoviricetes	NA	NA	PF04965;COG3628;K21530;TIGR03357	Phage baseplate assembly protein W
k127_936716_1	1	486	486	1	0.749	11	None	GENOMAD.068590.VV	5.582e-18	83	0	0	1	2561	Caudoviricetes	NA	NA	PF13871;PF11242;K11654;TIGR00721	C-terminal domain on Strawberry notch homologue
k127_332980_1	3	824	822	1	0.719	11	None	GENOMAD.047125.VV	1.122e-05	49	0	0	1	2561	Caudoviricetes	NA	NA	PF16463;COG5437;TIGR02126	Phage tail tube protein family
k127_534534_1	10	450	441	-1	0.735	11	None	GENOMAD.013210.VV	2.447e-11	63	0	0	1	2561	Caudoviricetes	NA	NA	PF00211;PF08994;PF08993;COG2114	Adenylate and Guanylate cyclase catalytic domain; T4 gene Gp59 loader of gp41 DNA helicase C-term; T4 gene Gp59 loader of gp41 DNA helicase
k127_837315_1	2	397	396	1	0.727	11	None	GENOMAD.068590.VV	2.22e-16	77	0	0	1	2561	Caudoviricetes	NA	NA	PF13871;PF11242;K11654;TIGR00721	C-terminal domain on Strawberry notch homologue
k127_232699_1	3	812	810	1	0.704	11	None	GENOMAD.013210.VV	1.519e-32	130	0	0	1	2561	Caudoviricetes	NA	NA	PF00211;PF08994;PF08993;COG2114	Adenylate and Guanylate cyclase catalytic domain; T4 gene Gp59 loader of gp41 DNA helicase C-term; T4 gene Gp59 loader of gp41 DNA helicase
k127_636261_1	3	689	687	1	0.639	11	None	GENOMAD.068048.VV	4.262e-14	74	0	0	1	2561	Caudoviricetes	NA	NA	PF20307;TIGR03600;K02314;COG0305	phage replicative helicase, DnaB family, HK022 subfamily
k127_429329_1	1	426	426	1	0.660	11	None	GENOMAD.013210.VV	2.089e-21	92	0	0	1	2561	Caudoviricetes	NA	NA	PF00211;PF08994;PF08993;COG2114	Adenylate and Guanylate cyclase catalytic domain; T4 gene Gp59 loader of gp41 DNA helicase C-term; T4 gene Gp59 loader of gp41 DNA helicase
k127_334206_1	2	925	924	1	0.764	11	None	GENOMAD.003207.VV	7.128e-06	50	0	0	1	1	NA	NA	NA	COG4733	Phage-related protein, tail component
k127_30811_1	49	375	327	-1	0.636	11	None	GENOMAD.068048.VV	1.15e-13	68	0	0	1	2561	Caudoviricetes	NA	NA	PF20307;TIGR03600;K02314;COG0305	phage replicative helicase, DnaB family, HK022 subfamily
k127_939495_1	1	396	396	-1	0.727	11	None	GENOMAD.039777.VV	2.425e-15	74	0	0	1	2561	Caudoviricetes	NA	NA	PF04586;COG3740;TIGR01543;K06904	Phage head maturation protease
k127_537762_1	1	495	495	-1	0.701	11	None	GENOMAD.169508.VP	4.13e-12	66	0	0	1	2561	Caudoviricetes	NA	NA	PF04708;PF13262;COG1961;K14060	Site-specific DNA recombinase related to the DNA invertase Pin
k127_129069_1	3	257	255	1	0.686	11	None	GENOMAD.063098.VV	2.259e-05	43	0	0	1	2561	Caudoviricetes	NA	NA	PF11126	Transcriptional regulator DsbA
k127_32950_1	3	329	327	1	0.688	11	None	GENOMAD.053137.VV	2.168e-23	96	0	0	1	2561	Caudoviricetes	NA	NA	PF17482	Phage tail sheath C-terminal domain
k127_33175_1	3	440	438	1	0.639	11	None	GENOMAD.053137.VV	4.955e-22	94	0	0	1	2561	Caudoviricetes	NA	NA	PF17482	Phage tail sheath C-terminal domain
k127_337252_1	1	627	627	-1	0.671	11	None	GENOMAD.060259.VV	5.071e-05	46	0	0	1	2561	Caudoviricetes	NA	NA	PF20307;TIGR02236;COG0468;K04484	Divergent DnaB-like ATPase
k127_337422_1	3	698	696	-1	0.703	11	None	GENOMAD.068048.VV	4.547e-13	71	0	0	1	2561	Caudoviricetes	NA	NA	PF20307;TIGR03600;K02314;COG0305	phage replicative helicase, DnaB family, HK022 subfamily
k127_337539_1	1	528	528	1	0.708	11	None	GENOMAD.129396.VP	6.751e-22	95	0	0	1	2561	Caudoviricetes	NA	NA	PF20454	Terminase large subunit gpA, endonuclease domain
k127_841872_1	2	373	372	1	0.653	11	None	GENOMAD.068048.VV	4.355e-14	70	0	0	1	2561	Caudoviricetes	NA	NA	PF20307;TIGR03600;K02314;COG0305	phage replicative helicase, DnaB family, HK022 subfamily
k127_841887_1	3	443	441	1	0.687	11	None	GENOMAD.068048.VV	9.939e-14	70	0	0	1	2561	Caudoviricetes	NA	NA	PF20307;TIGR03600;K02314;COG0305	phage replicative helicase, DnaB family, HK022 subfamily
k127_841942_1	2	331	330	1	0.658	11	None	GENOMAD.068048.VV	6.815e-12	63	0	0	1	2561	Caudoviricetes	NA	NA	PF20307;TIGR03600;K02314;COG0305	phage replicative helicase, DnaB family, HK022 subfamily
k127_640484_1	1	63	63	-1	0.746	11	GGAG/GAGG	NA	NA	NA	0	0	0	1	NA	NA	NA	NA	NA
k127_640484_2	63	563	501	-1	0.679	11	None	GENOMAD.026355.VV	1.131e-20	91	0	0	1	2561	Caudoviricetes	NA	NA	PF20307;TIGR02238	Divergent DnaB-like ATPase
k127_741212_1	1	378	378	-1	0.669	11	None	GENOMAD.068048.VV	2.526e-12	65	0	0	1	2561	Caudoviricetes	NA	NA	PF20307;TIGR03600;K02314;COG0305	phage replicative helicase, DnaB family, HK022 subfamily
k127_942208_1	3	308	306	-1	0.729	11	GGAG/GAGG	GENOMAD.076976.VV	1.953e-21	90	0	0	1	2561	Caudoviricetes	NA	NA	PF05119;TIGR01558;COG3747	phage terminase, small subunit, putative, P27 family
k127_237718_1	3	614	612	1	0.676	11	None	GENOMAD.013210.VV	3.628e-21	94	0	0	1	2561	Caudoviricetes	NA	NA	PF00211;PF08994;PF08993;COG2114	Adenylate and Guanylate cyclase catalytic domain; T4 gene Gp59 loader of gp41 DNA helicase C-term; T4 gene Gp59 loader of gp41 DNA helicase
k127_237718_2	479	850	372	-1	0.656	11	GGAGG	NA	NA	NA	0	0	0	1	NA	NA	NA	NA	NA
k127_540240_1	3	776	774	-1	0.689	11	None	GENOMAD.013210.VV	2.677e-29	120	0	0	1	2561	Caudoviricetes	NA	NA	PF00211;PF08994;PF08993;COG2114	Adenylate and Guanylate cyclase catalytic domain; T4 gene Gp59 loader of gp41 DNA helicase C-term; T4 gene Gp59 loader of gp41 DNA helicase
k127_35852_1	73	456	384	-1	0.659	11	None	GENOMAD.053137.VV	3.181e-27	108	0	0	1	2561	Caudoviricetes	NA	NA	PF17482	Phage tail sheath C-terminal domain
k127_742517_1	2	325	324	-1	0.660	11	None	GENOMAD.068048.VV	5.164e-14	69	0	0	1	2561	Caudoviricetes	NA	NA	PF20307;TIGR03600;K02314;COG0305	phage replicative helicase, DnaB family, HK022 subfamily
k127_132522_1	2	817	816	1	0.689	11	None	GENOMAD.068048.VV	2.198e-15	79	0	0	1	2561	Caudoviricetes	NA	NA	PF20307;TIGR03600;K02314;COG0305	phage replicative helicase, DnaB family, HK022 subfamily
k127_132522_2	830	1048	219	1	0.744	11	AGGAG	NA	NA	NA	0	0	0	1	NA	NA	NA	NA	NA
k127_434868_1	1	315	315	-1	0.343	11	None	GENOMAD.111643.VV	6.823e-10	57	0	0	1	2561	Caudoviricetes	NA	NA	PF09550;TIGR02216	phage conserved hypothetical protein
k127_844879_1	3	926	924	-1	0.613	11	AGGA/GGAG/GAGG	GENOMAD.013210.VV	1.465e-05	49	0	0	1	2561	Caudoviricetes	NA	NA	PF00211;PF08994;PF08993;COG2114	Adenylate and Guanylate cyclase catalytic domain; T4 gene Gp59 loader of gp41 DNA helicase C-term; T4 gene Gp59 loader of gp41 DNA helicase
k127_844879_2	1273	1764	492	1	0.608	11	AGGAGG	NA	NA	NA	0	0	0	1	NA	NA	NA	NA	NA
k127_132981_1	34	912	879	-1	0.693	11	None	GENOMAD.193019.VV	3.41e-17	85	0	0	1	2561	Caudoviricetes	NA	NA	PF17541;COG3497;TIGR02243	Phage tail sheath protein FI
k127_341536_1	3	68	66	-1	0.561	11	GGAGG	NA	NA	NA	0	0	0	1	NA	NA	NA	NA	NA
k127_341536_2	73	969	897	-1	0.629	11	None	GENOMAD.043147.VV	5.096e-10	63	0	0	1	2561	Caudoviricetes	NA	NA	PF17541;COG3497	Phage tail sheath protein FI
k127_745006_1	2	430	429	1	0.713	11	None	GENOMAD.061599.VV	3.892e-32	123	0	0	1	2561	Caudoviricetes	NA	NA	PF04233;TIGR01641	Phage Mu protein F like protein
k127_745109_1	1	315	315	1	0.657	11	None	GENOMAD.068048.VV	2.509e-12	64	0	0	1	2561	Caudoviricetes	NA	NA	PF20307;TIGR03600;K02314;COG0305	phage replicative helicase, DnaB family, HK022 subfamily
k127_241635_1	1	375	375	1	0.637	11	None	GENOMAD.068048.VV	4.355e-14	70	0	0	1	2561	Caudoviricetes	NA	NA	PF20307;TIGR03600;K02314;COG0305	phage replicative helicase, DnaB family, HK022 subfamily
k127_846737_1	3	587	585	1	0.721	11	None	GENOMAD.068048.VV	3.423e-17	82	0	0	1	2561	Caudoviricetes	NA	NA	PF20307;TIGR03600;K02314;COG0305	phage replicative helicase, DnaB family, HK022 subfamily
k127_39932_1	171	341	171	1	0.696	11	AGGA	GENOMAD.193815.VP	3.207e-12	61	0	0	1	2561	Caudoviricetes	NA	NA	PF05119;COG3747;TIGR01558	Phage terminase, small subunit
k127_947306_1	3	680	678	1	0.698	11	None	GENOMAD.169508.VP	3.442e-07	53	0	0	1	2561	Caudoviricetes	NA	NA	PF04708;PF13262;COG1961;K14060	Site-specific DNA recombinase related to the DNA invertase Pin
k127_343867_1	3	218	216	-1	0.731	11	GGA/GAG/AGG	GENOMAD.090495.VV	3.357e-18	79	0	0	1	2561	Caudoviricetes	NA	NA	PF11367	NA
k127_343867_2	219	587	369	-1	0.702	11	AGGAGG	GENOMAD.183456.VP	1.506e-16	77	0	0	1	2561	Caudoviricetes	NA	NA	PF11114;TIGR01725;COG5005	phage protein, HK97 gp10 family
k127_343867_3	602	934	333	-1	0.739	11	GGA/GAG/AGG	GENOMAD.049739.VV	7.565e-19	83	0	0	0	1	NA	NA	NA	NA	NA
k127_343867_4	936	1064	129	-1	0.729	11	None	GENOMAD.074680.VV	1.876e-10	55	0	0	1	2561	Caudoviricetes	NA	NA	PF12206;COG5614;TIGR01563	Bacteriophage head-tail adaptor
k127_545416_1	2	958	957	-1	0.736	11	None	GENOMAD.068590.VV	6.089e-32	130	0	0	1	2561	Caudoviricetes	NA	NA	PF13871;PF11242;K11654;TIGR00721	C-terminal domain on Strawberry notch homologue
k127_438018_1	1	348	348	1	0.638	11	None	GENOMAD.053137.VV	8.456e-20	86	0	0	1	2561	Caudoviricetes	NA	NA	PF17482	Phage tail sheath C-terminal domain
k127_438018_2	360	839	480	1	0.646	11	AGGAG	NA	NA	NA	0	0	0	1	NA	NA	NA	NA	NA
k127_646775_1	1	486	486	1	0.669	11	None	GENOMAD.099865.VV	2.678e-36	136	0	0	1	2561	Caudoviricetes	NA	NA	PF04466;PF17289;TIGR01547;COG5323;K06909	phage terminase, large subunit, PBSX family
k127_243648_1	2	334	333	1	0.691	11	None	GENOMAD.025766.VV	4.235e-09	55	0	0	1	2561	Caudoviricetes	NA	NA	PF03354;COG4373;TIGR01547	Mu-like prophage FluMu protein gp28
k127_747540_1	1	411	411	1	0.718	11	None	GENOMAD.008676.VV	3.561e-55	189	0	0	1	2561	Caudoviricetes	NA	NA	PF20441;COG4626;TIGR01547	Phage terminase-like protein, large subunit, contains N-terminal HTH domain
k127_948242_1	243	599	357	-1	0.647	11	None	GENOMAD.068048.VV	3.457e-14	70	0	0	1	2561	Caudoviricetes	NA	NA	PF20307;TIGR03600;K02314;COG0305	phage replicative helicase, DnaB family, HK022 subfamily
k127_647471_1	42	797	756	1	0.578	11	GGAGG	GENOMAD.115332.VP	1.243e-09	61	0	0	1	2561	Caudoviricetes	NA	NA	PF04466;PF17288;TIGR01547;COG5323;K06909	phage terminase, large subunit, PBSX family
k127_647471_2	834	1007	174	1	0.615	11	GGA/GAG/AGG	NA	NA	NA	0	0	0	1	NA	NA	NA	NA	NA
k127_948736_1	3	530	528	1	0.741	11	None	GENOMAD.182548.VP	0.0006093	42	0	0	1	6064	Autographiviridae	NA	NA	PF17879	DNA ligase C-terminal domain
k127_546551_1	172	1239	1068	1	0.394	11	TAAA	GENOMAD.160446.VP	4.624e-06	51	0	0	1	2561	Caudoviricetes	NA	NA	PF16790	Bacteriophage clamp loader A subunit
k127_244691_1	249	686	438	1	0.717	11	AGGAG	GENOMAD.013210.VV	4.686e-13	68	0	0	1	2561	Caudoviricetes	NA	NA	PF00211;PF08994;PF08993;COG2114	Adenylate and Guanylate cyclase catalytic domain; T4 gene Gp59 loader of gp41 DNA helicase C-term; T4 gene Gp59 loader of gp41 DNA helicase
k127_748823_1	3	443	441	-1	0.642	11	None	GENOMAD.068048.VV	1.069e-12	67	0	0	1	2561	Caudoviricetes	NA	NA	PF20307;TIGR03600;K02314;COG0305	phage replicative helicase, DnaB family, HK022 subfamily
k127_42369_1	2	307	306	-1	0.755	11	GGA/GAG/AGG	NA	NA	NA	0	0	0	1	NA	NA	NA	NA	NA
k127_42369_2	304	765	462	-1	0.660	11	None	GENOMAD.068048.VV	1.05e-15	76	0	0	1	2561	Caudoviricetes	NA	NA	PF20307;TIGR03600;K02314;COG0305	phage replicative helicase, DnaB family, HK022 subfamily
k127_949799_1	3	335	333	1	0.453	11	None	GENOMAD.060259.VV	7.8e-11	60	0	0	1	2561	Caudoviricetes	NA	NA	PF20307;TIGR02236;COG0468;K04484	Divergent DnaB-like ATPase
k127_137449_1	2	307	306	1	0.712	11	None	GENOMAD.167887.VP	6.068e-10	57	0	0	1	2561	Caudoviricetes	NA	NA	PF04860;TIGR01537;COG4383	phage portal protein, HK97 family
k127_43220_1	2	337	336	-1	0.741	11	None	GENOMAD.119462.VV	2.471e-15	73	0	0	1	2561	Caudoviricetes	NA	NA	TIGR01543	phage prohead protease, HK97 family
k127_649439_1	1	285	285	1	0.663	11	None	GENOMAD.068048.VV	5.089e-09	54	0	0	1	2561	Caudoviricetes	NA	NA	PF20307;TIGR03600;K02314;COG0305	phage replicative helicase, DnaB family, HK022 subfamily
k127_137770_1	1	543	543	-1	0.630	11	None	GENOMAD.068048.VV	5.945e-14	72	0	0	1	2561	Caudoviricetes	NA	NA	PF20307;TIGR03600;K02314;COG0305	phage replicative helicase, DnaB family, HK022 subfamily
k127_441076_1	1	387	387	1	0.693	11	None	GENOMAD.064541.VV	9.124e-07	49	0	0	1	11831	Demerecviridae	NA	NA	PF20307	Divergent DnaB-like ATPase
k127_751336_1	1	309	309	1	0.663	11	None	GENOMAD.117231.VV	1.884e-06	47	0	0	1	2561	Caudoviricetes	NA	NA	PF09293	T4 RNase H, C terminal
k127_650676_1	1	495	495	1	0.707	11	None	GENOMAD.044416.VV	2.359e-06	49	0	0	1	2561	Caudoviricetes	NA	NA	TIGR01537	NA
k127_348465_1	32	367	336	-1	0.625	11	None	GENOMAD.068048.VV	1.298e-13	68	0	0	1	2561	Caudoviricetes	NA	NA	PF20307;TIGR03600;K02314;COG0305	phage replicative helicase, DnaB family, HK022 subfamily
k127_651026_1	2	364	363	1	0.780	11	None	GENOMAD.004420.VV	1.652e-31	120	0	0	1	2561	Caudoviricetes	NA	NA	PF20441;COG5362	Terminase large subunit, endonuclease domain
k127_138944_1	3	503	501	-1	0.651	11	None	GENOMAD.207635.VV	1.151e-05	47	0	0	1	8278	Ackermannviridae	NA	NA	PF04865	Baseplate J-like protein
k127_138981_1	3	431	429	1	0.660	11	None	GENOMAD.054986.VV	5.585e-09	56	0	0	1	2561	Caudoviricetes	NA	NA	PF09293	T4 RNase H, C terminal
k127_550386_1	59	532	474	1	0.662	11	GGAGG	GENOMAD.063098.VV	8.702e-08	53	0	0	1	2561	Caudoviricetes	NA	NA	PF11126	Transcriptional regulator DsbA
k127_752297_1	258	1004	747	-1	0.755	11	None	GENOMAD.097013.VV	0.0003436	44	0	0	1	2561	Caudoviricetes	NA	NA	PF11836	Phage tail tube protein, GTA-gp10
k127_139425_1	1	438	438	1	0.689	11	None	GENOMAD.068590.VV	5.753e-10	59	0	0	1	2561	Caudoviricetes	NA	NA	PF13871;PF11242;K11654;TIGR00721	C-terminal domain on Strawberry notch homologue
k127_139448_1	1	315	315	1	0.578	11	None	GENOMAD.082189.VV	3.035e-18	81	0	0	1	2561	Caudoviricetes	NA	NA	PF00959;COG3772	Phage-related lysozyme (muramidase), GH24 family
k127_249039_1	2	382	381	1	0.688	11	None	GENOMAD.180962.VP	6.233e-20	87	0	0	1	2561	Caudoviricetes	NA	NA	PF20441	Terminase large subunit, endonuclease domain
k127_140084_1	1	486	486	-1	0.679	11	None	GENOMAD.068048.VV	2.202e-06	49	0	0	1	2561	Caudoviricetes	NA	NA	PF20307;TIGR03600;K02314;COG0305	phage replicative helicase, DnaB family, HK022 subfamily
k127_46293_1	32	859	828	-1	0.705	11	None	GENOMAD.013210.VV	2.349e-41	156	0	0	1	2561	Caudoviricetes	NA	NA	PF00211;PF08994;PF08993;COG2114	Adenylate and Guanylate cyclase catalytic domain; T4 gene Gp59 loader of gp41 DNA helicase C-term; T4 gene Gp59 loader of gp41 DNA helicase
k127_140640_1	2	478	477	-1	0.725	11	None	GENOMAD.068590.VV	1.52e-23	99	0	0	1	2561	Caudoviricetes	NA	NA	PF13871;PF11242;K11654;TIGR00721	C-terminal domain on Strawberry notch homologue
k127_954384_1	114	488	375	1	0.712	11	GGAG/GAGG	GENOMAD.062910.VV	9.182e-05	43	0	0	1	2561	Caudoviricetes	NA	NA	PF11242;TIGR02844;K06283;COG4584	sporulation transcriptional regulator SpoIIID
k127_443947_1	1	318	318	-1	0.428	11	None	NA	NA	NA	0	0	0	1	NA	NA	NA	NA	NA
k127_443947_2	433	1554	1122	-1	0.381	11	GGA/GAG/AGG	GENOMAD.142709.VV	5.069e-06	51	0	0	0	2561	Caudoviricetes	NA	NA	PF01555;K07319;COG0863;TIGR00755	DNA methylase
k127_443947_3	1877	2125	249	1	0.418	11	None	NA	NA	NA	0	0	0	1	NA	NA	NA	NA	NA
k127_443947_4	3474	3743	270	1	0.378	11	None	NA	NA	NA	0	0	0	1	NA	NA	NA	NA	NA
k127_443947_5	3743	4294	552	1	0.379	11	GGAG/GAGG	NA	NA	NA	0	0	0	1	NA	NA	NA	NA	NA
k127_955198_1	1	648	648	1	0.702	11	None	GENOMAD.118632.VP	3.203e-10	62	0	0	1	2561	Caudoviricetes	NA	NA	PF00476;PF07141	DNA polymerase family A; Putative bacteriophage terminase small subunit
k127_142445_1	1	435	435	1	0.621	11	None	GENOMAD.054986.VV	6.271e-08	53	0	0	1	2561	Caudoviricetes	NA	NA	PF09293	T4 RNase H, C terminal
k127_756208_1	3	464	462	1	0.690	11	None	GENOMAD.082189.VV	5.504e-14	71	0	0	1	2561	Caudoviricetes	NA	NA	PF00959;COG3772	Phage-related lysozyme (muramidase), GH24 family
k127_956777_1	58	363	306	-1	0.634	11	None	GENOMAD.068048.VV	7.773e-15	71	0	0	1	2561	Caudoviricetes	NA	NA	PF20307;TIGR03600;K02314;COG0305	phage replicative helicase, DnaB family, HK022 subfamily
k127_49403_1	2	766	765	1	0.659	11	None	GENOMAD.013210.VV	1.116e-29	121	0	0	1	2561	Caudoviricetes	NA	NA	PF00211;PF08994;PF08993;COG2114	Adenylate and Guanylate cyclase catalytic domain; T4 gene Gp59 loader of gp41 DNA helicase C-term; T4 gene Gp59 loader of gp41 DNA helicase
k127_656054_1	90	524	435	-1	0.520	11	None	GENOMAD.168189.VP	2.006e-31	121	0	0	1	2561	Caudoviricetes	NA	NA	PF05876;K21512;COG5525	Phage terminase, large subunit GpA
k127_957430_1	2	1096	1095	1	0.668	11	None	GENOMAD.068048.VV	8.048e-15	79	0	0	1	2561	Caudoviricetes	NA	NA	PF20307;TIGR03600;K02314;COG0305	phage replicative helicase, DnaB family, HK022 subfamily
k127_957578_1	3	311	309	1	0.647	11	None	GENOMAD.068048.VV	2.004e-13	67	0	0	1	2561	Caudoviricetes	NA	NA	PF20307;TIGR03600;K02314;COG0305	phage replicative helicase, DnaB family, HK022 subfamily
k127_50358_1	1	453	453	-1	0.713	11	None	GENOMAD.068590.VV	4.435e-16	77	0	0	1	2561	Caudoviricetes	NA	NA	PF13871;PF11242;K11654;TIGR00721	C-terminal domain on Strawberry notch homologue
k127_858300_1	1	507	507	1	0.736	11	None	GENOMAD.013210.VV	1.561e-17	82	0	0	1	2561	Caudoviricetes	NA	NA	PF00211;PF08994;PF08993;COG2114	Adenylate and Guanylate cyclase catalytic domain; T4 gene Gp59 loader of gp41 DNA helicase C-term; T4 gene Gp59 loader of gp41 DNA helicase
k127_958327_1	3	551	549	-1	0.674	11	None	GENOMAD.060259.VV	7.446e-07	51	0	0	1	2561	Caudoviricetes	NA	NA	PF20307;TIGR02236;COG0468;K04484	Divergent DnaB-like ATPase
k127_51177_1	2	361	360	1	0.650	11	None	GENOMAD.081999.VV	3.519e-31	119	0	0	1	2561	Caudoviricetes	NA	NA	PF13252;TIGR04387	major capsid protein, N4-gp56 family
k127_556997_1	542	1096	555	-1	0.404	11	None	GENOMAD.139016.VV	0.000332	43	0	0	1	6047	Secoviridae	NA	NA	PF02248	Small coat protein
k127_860162_1	3	353	351	1	0.695	11	None	GENOMAD.068048.VV	3.021e-15	73	0	0	1	2561	Caudoviricetes	NA	NA	PF20307;TIGR03600;K02314;COG0305	phage replicative helicase, DnaB family, HK022 subfamily
k127_356341_1	2	913	912	1	0.780	11	None	GENOMAD.057710.VV	0.0001236	46	0	0	1	2561	Caudoviricetes	NA	NA	PF00589;PF04860;K07358;TIGR01537	Phage integrase family; Phage portal protein
k127_356348_1	2	529	528	-1	0.758	11	None	GENOMAD.057710.VV	2.965e-05	46	0	0	1	2561	Caudoviricetes	NA	NA	PF00589;PF04860;K07358;TIGR01537	Phage integrase family; Phage portal protein
k127_447940_1	3	362	360	1	0.658	11	None	GENOMAD.068048.VV	1.53e-15	74	0	0	1	2561	Caudoviricetes	NA	NA	PF20307;TIGR03600;K02314;COG0305	phage replicative helicase, DnaB family, HK022 subfamily
k127_960037_1	2	685	684	1	0.689	11	None	GENOMAD.013210.VV	1.898e-13	72	0	0	1	2561	Caudoviricetes	NA	NA	PF00211;PF08994;PF08993;COG2114	Adenylate and Guanylate cyclase catalytic domain; T4 gene Gp59 loader of gp41 DNA helicase C-term; T4 gene Gp59 loader of gp41 DNA helicase
k127_256070_1	3	89	87	-1	0.598	11	GGAGG	NA	NA	NA	0	0	0	1	NA	NA	NA	NA	NA
k127_256070_2	100	480	381	-1	0.625	11	None	GENOMAD.068048.VV	2.313e-13	68	0	0	1	2561	Caudoviricetes	NA	NA	PF20307;TIGR03600;K02314;COG0305	phage replicative helicase, DnaB family, HK022 subfamily
k127_960082_1	3	380	378	1	0.778	11	None	GENOMAD.193815.VP	5.6e-12	64	0	0	1	2561	Caudoviricetes	NA	NA	PF05119;COG3747;TIGR01558	Phage terminase, small subunit
k127_759862_1	3	449	447	-1	0.698	11	None	GENOMAD.053137.VV	3.819e-17	80	0	0	1	2561	Caudoviricetes	NA	NA	PF17482	Phage tail sheath C-terminal domain
k127_660218_1	86	451	366	1	0.699	11	AGGA	GENOMAD.016789.VV	1.737e-05	45	0	0	1	2561	Caudoviricetes	NA	NA	K21531	NA
k127_660359_1	2	307	306	1	0.673	11	None	GENOMAD.087771.VV	8.986e-06	45	0	0	1	2561	Caudoviricetes	NA	NA	PF09293	T4 RNase H, C terminal
k127_358178_1	1	360	360	1	0.708	11	None	GENOMAD.179239.VC	6.872e-07	49	0	0	1	2561	Caudoviricetes	NA	NA	PF04860;TIGR01537;COG4695	phage portal protein, HK97 family
k127_560040_1	1	360	360	-1	0.694	11	None	GENOMAD.195568.VP	3.108e-07	50	0	0	1	2561	Caudoviricetes	NA	NA	PF20025;PF01331;K18951;TIGR04120;COG1793	DNA ligase, ATP-dependent, PP_1105 family
k127_862839_1	1	441	441	1	0.760	11	None	GENOMAD.013210.VV	4.315e-24	100	0	0	1	2561	Caudoviricetes	NA	NA	PF00211;PF08994;PF08993;COG2114	Adenylate and Guanylate cyclase catalytic domain; T4 gene Gp59 loader of gp41 DNA helicase C-term; T4 gene Gp59 loader of gp41 DNA helicase
k127_258366_1	1	63	63	-1	0.746	11	GGAG/GAGG	NA	NA	NA	0	0	0	1	NA	NA	NA	NA	NA
k127_258366_2	77	439	363	-1	0.669	11	None	GENOMAD.068048.VV	4.1e-13	67	0	0	1	2561	Caudoviricetes	NA	NA	PF20307;TIGR03600;K02314;COG0305	phage replicative helicase, DnaB family, HK022 subfamily
k127_258456_1	1	681	681	1	0.546	11	None	GENOMAD.222507.VP	1.732e-08	57	0	0	1	1	NA	NA	NA	PF16754;COG3772	Bacterial toxin homologue of phage lysozyme, C-term
k127_55727_1	3	359	357	1	0.720	11	None	GENOMAD.034157.VV	3.029e-24	99	0	0	1	2561	Caudoviricetes	NA	NA	PF20441;PF03354;COG4626;TIGR01547	Phage terminase-like protein, large subunit, contains N-terminal HTH domain
k127_55793_1	1	450	450	-1	0.738	11	None	GENOMAD.008676.VV	3.097e-46	164	0	0	1	2561	Caudoviricetes	NA	NA	PF20441;COG4626;TIGR01547	Phage terminase-like protein, large subunit, contains N-terminal HTH domain
k127_763186_1	2	445	444	1	0.651	11	None	GENOMAD.053137.VV	5.151e-22	94	0	0	1	2561	Caudoviricetes	NA	NA	PF17482	Phage tail sheath C-terminal domain
k127_149364_1	3	908	906	1	0.672	11	None	GENOMAD.053137.VV	4.482e-21	97	0	0	1	2561	Caudoviricetes	NA	NA	PF17482	Phage tail sheath C-terminal domain
k127_149368_1	2	334	333	-1	0.664	11	None	GENOMAD.053137.VV	2.372e-15	73	0	0	1	2561	Caudoviricetes	NA	NA	PF17482	Phage tail sheath C-terminal domain
k127_764290_1	182	841	660	-1	0.709	11	None	GENOMAD.013210.VV	6.151e-20	91	0	0	1	2561	Caudoviricetes	NA	NA	PF00211;PF08994;PF08993;COG2114	Adenylate and Guanylate cyclase catalytic domain; T4 gene Gp59 loader of gp41 DNA helicase C-term; T4 gene Gp59 loader of gp41 DNA helicase
k127_562675_1	3	347	345	1	0.687	11	None	GENOMAD.068048.VV	5.348e-08	52	0	0	1	2561	Caudoviricetes	NA	NA	PF20307;TIGR03600;K02314;COG0305	phage replicative helicase, DnaB family, HK022 subfamily
k127_361542_1	1	765	765	-1	0.714	11	None	GENOMAD.013210.VV	3.463e-18	87	0	0	1	2561	Caudoviricetes	NA	NA	PF00211;PF08994;PF08993;COG2114	Adenylate and Guanylate cyclase catalytic domain; T4 gene Gp59 loader of gp41 DNA helicase C-term; T4 gene Gp59 loader of gp41 DNA helicase
k127_361647_1	63	371	309	-1	0.696	11	None	GENOMAD.068048.VV	8.108e-15	71	0	0	1	2561	Caudoviricetes	NA	NA	PF20307;TIGR03600;K02314;COG0305	phage replicative helicase, DnaB family, HK022 subfamily
k127_362016_1	1	351	351	-1	0.707	11	None	GENOMAD.053137.VV	3.021e-15	73	0	0	1	2561	Caudoviricetes	NA	NA	PF17482	Phage tail sheath C-terminal domain
k127_563701_1	99	398	300	1	0.707	11	GGA/GAG/AGG	GENOMAD.062910.VV	4.137e-05	43	0	0	1	2561	Caudoviricetes	NA	NA	PF11242;TIGR02844;K06283;COG4584	sporulation transcriptional regulator SpoIIID
k127_453146_1	1	180	180	1	0.572	11	None	GENOMAD.034909.VV	5.787e-08	49	0	0	1	2561	Caudoviricetes	NA	NA	PF16463;COG5437;TIGR02126	Phage tail tube protein family
k127_454288_1	2	247	246	-1	0.488	11	ATA	GENOMAD.196650.VP	7.516e-15	70	0	0	1	2561	Caudoviricetes	NA	NA	PF05367;TIGR04104	Phage endonuclease I
k127_364443_1	1	276	276	1	0.736	11	None	GENOMAD.071900.VV	4.252e-17	77	0	0	1	2561	Caudoviricetes	NA	NA	PF13479;TIGR01618;COG2087;K04484	phage nucleotide-binding protein
k127_868553_1	3	413	411	-1	0.710	11	None	GENOMAD.020262.VV	3.414e-39	143	0	0	1	2561	Caudoviricetes	NA	NA	PF16462	Phage tail assembly chaperone protein, TAC
k127_263846_1	1	339	339	1	0.740	11	None	GENOMAD.127166.VP	5.178e-32	121	0	0	1	2561	Caudoviricetes	NA	NA	PF04233;TIGR01641	Phage Mu protein F like protein
k127_967826_1	2	211	210	1	0.710	11	None	NA	NA	NA	0	0	0	1	NA	NA	NA	NA	NA
k127_967826_2	215	502	288	1	0.736	11	None	GENOMAD.167887.VP	4.77e-10	57	0	0	1	2561	Caudoviricetes	NA	NA	PF04860;TIGR01537;COG4383	phage portal protein, HK97 family
k127_868837_1	3	581	579	-1	0.693	11	None	GENOMAD.068048.VV	7.639e-16	78	0	0	1	2561	Caudoviricetes	NA	NA	PF20307;TIGR03600;K02314;COG0305	phage replicative helicase, DnaB family, HK022 subfamily
k127_667505_1	1	381	381	1	0.675	11	None	GENOMAD.068048.VV	1.181e-12	66	0	0	1	2561	Caudoviricetes	NA	NA	PF20307;TIGR03600;K02314;COG0305	phage replicative helicase, DnaB family, HK022 subfamily
k127_869181_1	1	150	150	1	0.760	11	None	NA	NA	NA	0	0	0	1	NA	NA	NA	NA	NA
k127_869181_2	147	359	213	1	0.770	11	AGGAG	GENOMAD.146533.VV	5.344e-28	107	0	0	1	1	NA	NA	NA	PF11367	NA
k127_264433_1	41	388	348	-1	0.741	11	None	GENOMAD.182548.VP	0.000731	40	0	0	1	6064	Autographiviridae	NA	NA	PF17879	DNA ligase C-terminal domain
k127_455294_1	2	148	147	1	0.707	11	None	NA	NA	NA	0	0	0	1	NA	NA	NA	NA	NA
k127_455294_2	198	962	765	1	0.761	11	None	GENOMAD.013210.VV	3.463e-18	87	0	0	1	2561	Caudoviricetes	NA	NA	PF00211;PF08994;PF08993;COG2114	Adenylate and Guanylate cyclase catalytic domain; T4 gene Gp59 loader of gp41 DNA helicase C-term; T4 gene Gp59 loader of gp41 DNA helicase
k127_768304_1	3	740	738	-1	0.703	11	None	GENOMAD.013210.VV	5.138e-24	104	0	0	1	2561	Caudoviricetes	NA	NA	PF00211;PF08994;PF08993;COG2114	Adenylate and Guanylate cyclase catalytic domain; T4 gene Gp59 loader of gp41 DNA helicase C-term; T4 gene Gp59 loader of gp41 DNA helicase
k127_768477_1	3	617	615	1	0.673	11	None	GENOMAD.013210.VV	1.859e-20	92	0	0	1	2561	Caudoviricetes	NA	NA	PF00211;PF08994;PF08993;COG2114	Adenylate and Guanylate cyclase catalytic domain; T4 gene Gp59 loader of gp41 DNA helicase C-term; T4 gene Gp59 loader of gp41 DNA helicase
k127_366190_1	2	703	702	1	0.715	11	None	GENOMAD.219105.VP	1.577e-05	48	0	0	1	2561	Caudoviricetes	NA	NA	PF20025;PF01068;K18951;TIGR04120;COG5226	DNA ligase, ATP-dependent, PP_1105 family
k127_969289_1	1	171	171	-1	0.632	11	GGAGG	NA	NA	NA	0	0	0	1	NA	NA	NA	NA	NA
k127_969289_2	176	571	396	-1	0.677	11	GGA/GAG/AGG	GENOMAD.224435.VP	1.866e-08	54	0	0	1	2561	Caudoviricetes	NA	NA	PF04965;K06903;COG3628;TIGR03357	Baseplate wedge protein gp25
k127_969289_3	581	754	174	-1	0.661	11	None	NA	NA	NA	0	0	0	1	NA	NA	NA	NA	NA
k127_62924_1	3	551	549	1	0.685	11	None	GENOMAD.068048.VV	1.339e-13	71	0	0	1	2561	Caudoviricetes	NA	NA	PF20307;TIGR03600;K02314;COG0305	phage replicative helicase, DnaB family, HK022 subfamily
k127_266009_1	1	534	534	1	0.682	11	None	GENOMAD.013210.VV	1.485e-22	97	0	0	1	2561	Caudoviricetes	NA	NA	PF00211;PF08994;PF08993;COG2114	Adenylate and Guanylate cyclase catalytic domain; T4 gene Gp59 loader of gp41 DNA helicase C-term; T4 gene Gp59 loader of gp41 DNA helicase
k127_970567_1	10	453	444	-1	0.628	11	AGGAGG	NA	NA	NA	0	0	0	1	NA	NA	NA	NA	NA
k127_970567_2	492	800	309	-1	0.650	11	None	GENOMAD.053137.VV	1.291e-25	102	0	0	1	2561	Caudoviricetes	NA	NA	PF17482	Phage tail sheath C-terminal domain
k127_871691_1	3	407	405	1	0.640	11	None	GENOMAD.068048.VV	1.332e-14	72	0	0	1	2561	Caudoviricetes	NA	NA	PF20307;TIGR03600;K02314;COG0305	phage replicative helicase, DnaB family, HK022 subfamily
k127_569150_1	1	342	342	-1	0.667	11	None	GENOMAD.053137.VV	2.953e-14	70	0	0	1	2561	Caudoviricetes	NA	NA	PF17482	Phage tail sheath C-terminal domain
k127_670271_1	2	385	384	-1	0.633	11	None	GENOMAD.053137.VV	2.919e-20	88	0	0	1	2561	Caudoviricetes	NA	NA	PF17482	Phage tail sheath C-terminal domain
k127_368175_1	1	141	141	-1	0.603	11	AGGAG	NA	NA	NA	0	0	0	1	NA	NA	NA	NA	NA
k127_368175_2	152	478	327	-1	0.636	11	None	GENOMAD.053137.VV	2.297e-22	93	0	0	1	2561	Caudoviricetes	NA	NA	PF17482	Phage tail sheath C-terminal domain
k127_268053_1	60	464	405	-1	0.760	11	None	GENOMAD.005158.VV	3.359e-12	65	0	0	1	2561	Caudoviricetes	NA	NA	PF04586;PF13395;TIGR02646;K06904	TIGR02646 family protein
k127_874152_1	3	458	456	-1	0.643	11	None	GENOMAD.212786.VV	7.619e-08	53	0	0	1	2561	Caudoviricetes	NA	NA	PF20307;PF00772;TIGR00665;K02314;COG0305	replicative DNA helicase
k127_973417_1	3	308	306	1	0.637	11	None	GENOMAD.068048.VV	1.631e-15	73	0	0	1	2561	Caudoviricetes	NA	NA	PF20307;TIGR03600;K02314;COG0305	phage replicative helicase, DnaB family, HK022 subfamily
k127_673186_1	1	396	396	1	0.707	11	None	GENOMAD.025766.VV	4.823e-06	47	0	0	1	2561	Caudoviricetes	NA	NA	PF03354;COG4373;TIGR01547	Mu-like prophage FluMu protein gp28
k127_773706_1	90	395	306	1	0.529	11	ATAT	GENOMAD.081096.VV	2.88e-25	101	0	0	1	2561	Caudoviricetes	NA	NA	PF11651;TIGR04387;COG4653	P22 coat protein - gene protein 5
k127_573126_1	1	585	585	1	0.687	11	None	GENOMAD.053137.VV	1.044e-34	133	0	0	1	2561	Caudoviricetes	NA	NA	PF17482	Phage tail sheath C-terminal domain
k127_573544_1	3	422	420	-1	0.729	11	None	GENOMAD.218988.VP	0.000298	42	0	0	1	1	NA	NA	NA	PF09293	T4 RNase H, C terminal
k127_372362_1	1	1152	1152	1	0.675	11	None	GENOMAD.000254.VV	1.083e-05	50	0	0	1	4401	Narnaviridae	NA	NA	PF05919	Mitovirus RNA-dependent RNA polymerase
k127_876499_1	3	431	429	-1	0.622	11	None	GENOMAD.049806.VV	2.372e-20	89	0	0	1	2561	Caudoviricetes	NA	NA	PF13479;TIGR01618;COG0468;K04484	phage nucleotide-binding protein
k127_372960_1	1	435	435	1	0.660	11	None	GENOMAD.169508.VP	6.874e-06	47	0	0	1	2561	Caudoviricetes	NA	NA	PF04708;PF13262;COG1961;K14060	Site-specific DNA recombinase related to the DNA invertase Pin
k127_877040_1	1	369	369	-1	0.669	11	None	GENOMAD.195568.VP	8.125e-06	46	0	0	1	2561	Caudoviricetes	NA	NA	PF20025;PF01331;K18951;TIGR04120;COG1793	DNA ligase, ATP-dependent, PP_1105 family
k127_775653_1	2	214	213	-1	0.732	11	GGAG/GAGG	GENOMAD.001967.VV	2.289e-07	48	0	0	1	2561	Caudoviricetes	NA	NA	PF20387	NA
k127_975773_1	2	154	153	1	0.641	11	None	NA	NA	NA	0	0	0	1	NA	NA	NA	NA	NA
k127_975773_2	154	375	222	1	0.694	11	GGxGG	GENOMAD.224435.VP	1.318e-06	46	0	0	1	2561	Caudoviricetes	NA	NA	PF04965;K06903;COG3628;TIGR03357	Baseplate wedge protein gp25
k127_776014_1	3	131	129	-1	0.690	11	GGAGG	NA	NA	NA	0	0	0	1	NA	NA	NA	NA	NA
k127_776014_2	128	460	333	-1	0.718	11	None	GENOMAD.224435.VP	0.0001286	42	0	0	1	2561	Caudoviricetes	NA	NA	PF04965;K06903;COG3628;TIGR03357	Baseplate wedge protein gp25
k127_373802_1	104	412	309	-1	0.618	11	None	GENOMAD.068048.VV	8.989e-14	68	0	0	1	2561	Caudoviricetes	NA	NA	PF20307;TIGR03600;K02314;COG0305	phage replicative helicase, DnaB family, HK022 subfamily
k127_273341_1	2	301	300	-1	0.703	11	None	GENOMAD.071900.VV	3.154e-31	118	0	0	1	2561	Caudoviricetes	NA	NA	PF13479;TIGR01618;COG2087;K04484	phage nucleotide-binding protein
k127_878552_1	2	439	438	-1	0.660	11	None	GENOMAD.068048.VV	2.781e-09	57	0	0	1	2561	Caudoviricetes	NA	NA	PF20307;TIGR03600;K02314;COG0305	phage replicative helicase, DnaB family, HK022 subfamily
k127_160760_1	1	885	885	1	0.621	11	None	GENOMAD.212786.VV	7.67e-17	84	0	0	1	2561	Caudoviricetes	NA	NA	PF20307;PF00772;TIGR00665;K02314;COG0305	replicative DNA helicase
k127_71520_1	3	425	423	1	0.723	11	None	GENOMAD.013210.VV	3.372e-15	74	0	0	1	2561	Caudoviricetes	NA	NA	PF00211;PF08994;PF08993;COG2114	Adenylate and Guanylate cyclase catalytic domain; T4 gene Gp59 loader of gp41 DNA helicase C-term; T4 gene Gp59 loader of gp41 DNA helicase
k127_978374_1	1	441	441	1	0.751	11	None	GENOMAD.048768.VV	1.623e-26	107	0	0	1	2561	Caudoviricetes	NA	NA	PF04233;TIGR01641	Phage Mu protein F like protein
k127_464403_1	2	451	450	-1	0.707	11	None	GENOMAD.148122.VP	1.18e-12	67	0	0	1	2561	Caudoviricetes	NA	NA	PF20441	Terminase large subunit, endonuclease domain
k127_275338_1	2	394	393	1	0.598	11	None	GENOMAD.140313.VP	2.882e-38	140	0	0	1	2561	Caudoviricetes	NA	NA	PF07880	Bacteriophage T4 gp9/10-like protein
k127_679173_1	1	408	408	1	0.723	11	None	GENOMAD.145777.VV	4.191e-10	59	0	0	1	2561	Caudoviricetes	NA	NA	PF05065;TIGR01554;COG4653	phage major capsid protein, HK97 family
k127_162147_1	3	698	696	1	0.733	11	None	GENOMAD.068590.VV	6.068e-28	115	0	0	1	2561	Caudoviricetes	NA	NA	PF13871;PF11242;K11654;TIGR00721	C-terminal domain on Strawberry notch homologue
k127_679606_1	1	300	300	1	0.707	11	None	GENOMAD.107803.VV	8.064e-06	45	0	0	1	1	NA	NA	NA	PF11242;TIGR03879;COG1342	probable regulatory domain
k127_881680_1	2	487	486	-1	0.687	11	None	GENOMAD.068590.VV	6.899e-15	74	0	0	1	2561	Caudoviricetes	NA	NA	PF13871;PF11242;K11654;TIGR00721	C-terminal domain on Strawberry notch homologue
k127_579175_1	1	1245	1245	-1	0.618	11	None	GENOMAD.169508.VP	4.553e-13	74	0	0	1	2561	Caudoviricetes	NA	NA	PF04708;PF13262;COG1961;K14060	Site-specific DNA recombinase related to the DNA invertase Pin
k127_579512_1	1	459	459	1	0.643	11	None	GENOMAD.159194.VV	7.932e-07	50	0	0	1	2561	Caudoviricetes	NA	NA	COG4675	Microcystin-dependent protein  (function unknown)
k127_579512_2	461	979	519	1	0.645	11	AGGA	GENOMAD.152240.VV	2.518e-10	61	0	0	1	2561	Caudoviricetes	NA	NA	COG4675	Microcystin-dependent protein  (function unknown)
k127_579512_3	992	1513	522	1	0.651	11	AGGAG	GENOMAD.159194.VV	1.302e-06	50	0	0	1	2561	Caudoviricetes	NA	NA	COG4675	Microcystin-dependent protein  (function unknown)
k127_74532_1	1	309	309	-1	0.638	11	None	GENOMAD.068048.VV	4.203e-14	69	0	0	1	2561	Caudoviricetes	NA	NA	PF20307;TIGR03600;K02314;COG0305	phage replicative helicase, DnaB family, HK022 subfamily
k127_74744_1	64	468	405	-1	0.706	11	None	GENOMAD.005158.VV	3.924e-10	59	0	0	1	2561	Caudoviricetes	NA	NA	PF04586;PF13395;TIGR02646;K06904	TIGR02646 family protein
k127_379085_1	1	435	435	-1	0.708	11	None	GENOMAD.068048.VV	1.151e-10	61	0	0	1	2561	Caudoviricetes	NA	NA	PF20307;TIGR03600;K02314;COG0305	phage replicative helicase, DnaB family, HK022 subfamily
k127_681670_1	2	301	300	-1	0.673	11	None	GENOMAD.003705.VV	1.017e-11	62	0	0	1	2561	Caudoviricetes	NA	NA	PF16510	Phage P22-like portal protein
k127_277949_1	2	346	345	1	0.658	11	None	GENOMAD.068048.VV	7.521e-13	66	0	0	1	2561	Caudoviricetes	NA	NA	PF20307;TIGR03600;K02314;COG0305	phage replicative helicase, DnaB family, HK022 subfamily
k127_379487_1	60	401	342	-1	0.711	11	None	GENOMAD.071187.VV	1.106e-07	51	0	0	1	1	NA	NA	NA	PF00863;TIGR02038;COG0265	periplasmic serine pepetdase DegS
k127_581044_1	3	347	345	1	0.652	11	None	GENOMAD.146511.VP	4.083e-11	61	0	0	1	2561	Caudoviricetes	NA	NA	PF20441;COG5362	Terminase large subunit, endonuclease domain
k127_380357_1	3	494	492	1	0.744	11	None	GENOMAD.071900.VV	2.33e-05	46	0	0	1	2561	Caudoviricetes	NA	NA	PF13479;TIGR01618;COG2087;K04484	phage nucleotide-binding protein
k127_279216_1	1	318	318	-1	0.645	11	None	GENOMAD.068048.VV	2.362e-13	67	0	0	1	2561	Caudoviricetes	NA	NA	PF20307;TIGR03600;K02314;COG0305	phage replicative helicase, DnaB family, HK022 subfamily
k127_581881_1	3	413	411	-1	0.645	11	None	GENOMAD.068048.VV	7.024e-14	70	0	0	1	2561	Caudoviricetes	NA	NA	PF20307;TIGR03600;K02314;COG0305	phage replicative helicase, DnaB family, HK022 subfamily
k127_380987_1	1	501	501	-1	0.619	11	None	GENOMAD.212786.VV	2.29e-09	58	0	0	1	2561	Caudoviricetes	NA	NA	PF20307;PF00772;TIGR00665;K02314;COG0305	replicative DNA helicase
k127_280224_1	1	588	588	-1	0.680	11	None	GENOMAD.013210.VV	2.094e-10	62	0	0	1	2561	Caudoviricetes	NA	NA	PF00211;PF08994;PF08993;COG2114	Adenylate and Guanylate cyclase catalytic domain; T4 gene Gp59 loader of gp41 DNA helicase C-term; T4 gene Gp59 loader of gp41 DNA helicase
k127_582950_1	1	318	318	-1	0.720	11	None	GENOMAD.071900.VV	2.479e-44	156	0	0	1	2561	Caudoviricetes	NA	NA	PF13479;TIGR01618;COG2087;K04484	phage nucleotide-binding protein
k127_785714_1	2	418	417	1	0.686	11	None	GENOMAD.081013.VV	3.283e-32	123	0	0	1	2561	Caudoviricetes	NA	NA	PF05135;TIGR02215	phage conserved hypothetical protein, phiE125 gp8 family
k127_470200_1	2	400	399	-1	0.637	11	None	GENOMAD.213250.VV	2.744e-14	71	0	0	1	2561	Caudoviricetes	NA	NA	PF13550;COG4379	Putative phage tail protein
k127_888163_1	1	318	318	1	0.604	11	None	GENOMAD.065986.VV	8.601e-08	51	0	0	1	2561	Caudoviricetes	NA	NA	PF05367;PF16293;K21525;COG3727	Phage endonuclease I; C2H2 type zinc-finger (1 copy)
k127_585504_1	2	529	528	1	0.610	11	None	GENOMAD.169508.VP	6.432e-06	48	0	0	1	2561	Caudoviricetes	NA	NA	PF04708;PF13262;COG1961;K14060	Site-specific DNA recombinase related to the DNA invertase Pin
k127_787007_1	1	597	597	1	0.732	11	None	GENOMAD.071900.VV	9.351e-48	171	0	0	1	2561	Caudoviricetes	NA	NA	PF13479;TIGR01618;COG2087;K04484	phage nucleotide-binding protein
k127_586239_1	1	366	366	1	0.675	11	None	GENOMAD.190269.VV	3.349e-16	76	0	0	1	2561	Caudoviricetes	NA	NA	PF17289;COG5362;TIGR01630	Phage terminase large subunit
k127_889294_1	1	699	699	-1	0.443	11	AGGAG/GGAGG	GENOMAD.012458.VV	4.031e-08	56	0	0	1	2561	Caudoviricetes	NA	NA	PF13514;PF06841;TIGR03185;K19171;COG1195	DNA sulfur modification protein DndD
k127_889294_2	696	1187	492	-1	0.449	11	None	NA	NA	NA	0	0	0	1	NA	NA	NA	NA	NA
k127_889723_1	2	337	336	-1	0.676	11	None	GENOMAD.022740.VV	3.696e-19	84	0	0	1	2561	Caudoviricetes	NA	NA	PF17482;PF00062	Phage tail sheath C-terminal domain; C-type lysozyme/alpha-lactalbumin family
k127_472080_1	1	870	870	-1	0.676	11	None	GENOMAD.060259.VV	6.244e-06	50	0	0	1	2561	Caudoviricetes	NA	NA	PF20307;TIGR02236;COG0468;K04484	Divergent DnaB-like ATPase
k127_890216_1	2	574	573	-1	0.773	11	None	GENOMAD.071900.VV	8.512e-06	48	0	0	1	2561	Caudoviricetes	NA	NA	PF13479;TIGR01618;COG2087;K04484	phage nucleotide-binding protein
k127_988880_1	3	455	453	1	0.472	11	None	GENOMAD.104669.VV	3.773e-05	45	0	0	1	2561	Caudoviricetes	NA	NA	PF13479;TIGR01618;COG0468;K04484	phage nucleotide-binding protein
k127_988900_1	3	479	477	-1	0.662	11	None	GENOMAD.053137.VV	1.845e-09	58	0	0	1	2561	Caudoviricetes	NA	NA	PF17482	Phage tail sheath C-terminal domain
k127_587730_1	2	346	345	1	0.771	11	None	GENOMAD.205604.VV	4.628e-18	81	0	0	1	2561	Caudoviricetes	NA	NA	PF18906;PF08273;TIGR01391;COG0358	Phage tail tube protein; Zinc-binding domain of primase-helicase
k127_472785_1	2	472	471	1	0.641	11	None	GENOMAD.068048.VV	2.212e-17	81	0	0	1	2561	Caudoviricetes	NA	NA	PF20307;TIGR03600;K02314;COG0305	phage replicative helicase, DnaB family, HK022 subfamily
k127_82666_1	2	421	420	-1	0.467	11	GGA/GAG/AGG	GENOMAD.012458.VV	2.614e-07	51	0	0	1	2561	Caudoviricetes	NA	NA	PF13514;PF06841;TIGR03185;K19171;COG1195	DNA sulfur modification protein DndD
k127_82666_2	418	741	324	-1	0.438	11	None	NA	NA	NA	0	0	0	1	NA	NA	NA	NA	NA
k127_890792_1	11	1003	993	1	0.716	11	None	GENOMAD.019594.VV	4.032e-06	51	0	0	1	3032	Kyanoviridae	NA	NA	K21531	NA
k127_989386_1	3	311	309	1	0.463	11	None	GENOMAD.068048.VV	4.203e-14	69	0	0	1	2561	Caudoviricetes	NA	NA	PF20307;TIGR03600;K02314;COG0305	phage replicative helicase, DnaB family, HK022 subfamily
k127_588432_1	81	494	414	-1	0.628	11	None	GENOMAD.068048.VV	3.172e-14	71	0	0	1	2561	Caudoviricetes	NA	NA	PF20307;TIGR03600;K02314;COG0305	phage replicative helicase, DnaB family, HK022 subfamily
k127_286169_1	1	504	504	1	0.728	11	None	GENOMAD.068590.VV	1.617e-16	79	0	0	1	2561	Caudoviricetes	NA	NA	PF13871;PF11242;K11654;TIGR00721	C-terminal domain on Strawberry notch homologue
k127_790784_1	215	601	387	-1	0.736	11	None	GENOMAD.080222.VV	1.949e-06	48	0	0	1	2561	Caudoviricetes	NA	NA	PF09355	Phage protein Gp19/Gp15/Gp42
k127_84524_1	3	254	252	-1	0.643	11	AGGAG	GENOMAD.152240.VV	2.018e-06	46	0	0	1	2561	Caudoviricetes	NA	NA	COG4675	Microcystin-dependent protein  (function unknown)
k127_84524_2	268	624	357	-1	0.678	11	None	GENOMAD.053653.VV	1.423e-06	48	0	0	1	2561	Caudoviricetes	NA	NA	COG4675	Microcystin-dependent protein  (function unknown)
k127_691371_1	53	784	732	1	0.626	11	AGGAG	GENOMAD.118632.VP	7.662e-05	46	0	0	1	2561	Caudoviricetes	NA	NA	PF00476;PF07141	DNA polymerase family A; Putative bacteriophage terminase small subunit
k127_172110_1	2	574	573	-1	0.717	11	None	GENOMAD.013210.VV	2.163e-23	100	0	0	1	2561	Caudoviricetes	NA	NA	PF00211;PF08994;PF08993;COG2114	Adenylate and Guanylate cyclase catalytic domain; T4 gene Gp59 loader of gp41 DNA helicase C-term; T4 gene Gp59 loader of gp41 DNA helicase
k127_692407_1	3	590	588	1	0.643	11	None	GENOMAD.169508.VP	1.972e-05	47	0	0	1	2561	Caudoviricetes	NA	NA	PF04708;PF13262;COG1961;K14060	Site-specific DNA recombinase related to the DNA invertase Pin
k127_792952_1	1	75	75	1	0.760	11	None	NA	NA	NA	0	0	0	1	NA	NA	NA	NA	NA
k127_792952_2	79	381	303	1	0.696	11	GGxGG	GENOMAD.063441.VV	7.872e-07	48	0	0	1	2561	Caudoviricetes	NA	NA	PF04965;K06903;COG3628;TIGR03357	Phage baseplate assembly protein W
k127_289420_1	1	948	948	1	0.620	11	None	GENOMAD.169508.VP	1.124e-08	59	0	0	1	2561	Caudoviricetes	NA	NA	PF04708;PF13262;COG1961;K14060	Site-specific DNA recombinase related to the DNA invertase Pin
k127_592355_1	1	381	381	-1	0.677	11	None	GENOMAD.084246.VV	5.153e-22	93	0	0	1	2561	Caudoviricetes	NA	NA	PF05954;COG3500;TIGR03361	Phage protein D
k127_693617_1	2	349	348	-1	0.718	11	None	GENOMAD.060572.VV	1.126e-08	54	0	0	1	2561	Caudoviricetes	NA	NA	PF09293	T4 RNase H, C terminal
k127_391843_1	1	318	318	-1	0.742	11	None	GENOMAD.182548.VP	0.00025	41	0	0	1	6064	Autographiviridae	NA	NA	PF17879	DNA ligase C-terminal domain
k127_592945_1	35	349	315	-1	0.781	11	None	GENOMAD.054638.VV	1.777e-07	50	0	0	1	1	NA	NA	NA	PF04233;TIGR01641	phage putative head morphogenesis protein, SPP1 gp7 family
k127_174521_1	2	586	585	-1	0.761	11	None	GENOMAD.013210.VV	1.841e-14	74	0	0	1	2561	Caudoviricetes	NA	NA	PF00211;PF08994;PF08993;COG2114	Adenylate and Guanylate cyclase catalytic domain; T4 gene Gp59 loader of gp41 DNA helicase C-term; T4 gene Gp59 loader of gp41 DNA helicase
k127_593628_1	3	470	468	1	0.722	11	None	GENOMAD.118632.VP	1.777e-08	55	0	0	1	2561	Caudoviricetes	NA	NA	PF00476;PF07141	DNA polymerase family A; Putative bacteriophage terminase small subunit
k127_896472_1	79	378	300	-1	0.520	11	GGA/GAG/AGG	GENOMAD.148237.VV	3.01e-31	118	0	0	1	2561	Caudoviricetes	NA	NA	PF17288	Terminase RNAseH like domain
k127_896472_2	591	869	279	-1	0.534	11	None	NA	NA	NA	0	0	0	1	NA	NA	NA	NA	NA
k127_88708_1	2	433	432	1	0.690	11	None	GENOMAD.068048.VV	1.438e-17	81	0	0	1	2561	Caudoviricetes	NA	NA	PF20307;TIGR03600;K02314;COG0305	phage replicative helicase, DnaB family, HK022 subfamily
k127_393390_1	3	341	339	1	0.735	11	None	GENOMAD.071900.VV	5.703e-39	141	0	0	1	2561	Caudoviricetes	NA	NA	PF13479;TIGR01618;COG2087;K04484	phage nucleotide-binding protein
k127_292160_1	1	471	471	1	0.732	11	None	GENOMAD.013210.VV	7.966e-10	59	0	0	1	2561	Caudoviricetes	NA	NA	PF00211;PF08994;PF08993;COG2114	Adenylate and Guanylate cyclase catalytic domain; T4 gene Gp59 loader of gp41 DNA helicase C-term; T4 gene Gp59 loader of gp41 DNA helicase
k127_995841_1	1	378	378	-1	0.675	11	None	GENOMAD.127022.VV	4.697e-14	70	0	0	1	2561	Caudoviricetes	NA	NA	PF04586;K06904;COG3740;TIGR01543	Phage head maturation protease
k127_176177_1	259	666	408	-1	0.762	11	None	GENOMAD.004420.VV	3.044e-31	120	0	0	1	2561	Caudoviricetes	NA	NA	PF20441;COG5362	Terminase large subunit, endonuclease domain
k127_394253_1	60	332	273	1	0.421	11	AGGA/GGAG/GAGG	NA	NA	NA	0	0	0	1	NA	NA	NA	NA	NA
k127_394253_2	342	794	453	1	0.481	11	GGA/GAG/AGG	GENOMAD.116946.VP	3.21e-20	89	0	0	1	2561	Caudoviricetes	NA	NA	COG3941	Phage tail tape-measure protein, controls tail length
k127_697056_1	2	319	318	-1	0.714	11	None	GENOMAD.023558.VV	9.437e-23	94	0	0	1	2561	Caudoviricetes	NA	NA	PF05136;TIGR01539;COG5511	phage portal protein, lambda family
k127_596478_1	3	254	252	1	0.738	11	None	GENOMAD.071900.VV	2.783e-25	100	0	0	1	2561	Caudoviricetes	NA	NA	PF13479;TIGR01618;COG2087;K04484	phage nucleotide-binding protein
k127_596926_1	130	1398	1269	-1	0.664	11	GGAGG	GENOMAD.000175.VV	1.241e-09	63	0	0	1	8305	Partitiviridae	NA	NA	PF00680;COG3344	Viral RNA-dependent RNA polymerase
k127_480444_1	54	689	636	-1	0.714	11	None	GENOMAD.057710.VV	2.722e-07	53	0	0	1	2561	Caudoviricetes	NA	NA	PF00589;PF04860;K07358;TIGR01537	Phage integrase family; Phage portal protein
k127_698754_1	2	244	243	1	0.667	11	None	NA	NA	NA	0	0	0	1	NA	NA	NA	NA	NA
k127_698754_2	244	474	231	1	0.680	11	None	GENOMAD.224435.VP	1.502e-06	46	0	0	1	2561	Caudoviricetes	NA	NA	PF04965;K06903;COG3628;TIGR03357	Baseplate wedge protein gp25
k127_92904_1	2	343	342	1	0.716	11	None	GENOMAD.179239.VC	2.76e-06	47	0	0	1	2561	Caudoviricetes	NA	NA	PF04860;TIGR01537;COG4695	phage portal protein, HK97 family
k127_481557_1	1	561	561	1	0.742	11	None	GENOMAD.071900.VV	1.474e-14	74	0	0	1	2561	Caudoviricetes	NA	NA	PF13479;TIGR01618;COG2087;K04484	phage nucleotide-binding protein
k127_901325_1	1	870	870	-1	0.741	11	None	GENOMAD.068590.VV	1.49e-27	116	0	0	1	2561	Caudoviricetes	NA	NA	PF13871;PF11242;K11654;TIGR00721	C-terminal domain on Strawberry notch homologue
k127_800392_1	3	869	867	-1	0.742	11	None	GENOMAD.068590.VV	3.735e-41	156	0	0	1	2561	Caudoviricetes	NA	NA	PF13871;PF11242;K11654;TIGR00721	C-terminal domain on Strawberry notch homologue
k127_901680_1	1	1080	1080	1	0.695	11	None	GENOMAD.053137.VV	1.426e-39	154	0	0	1	2561	Caudoviricetes	NA	NA	PF17482	Phage tail sheath C-terminal domain
k127_297494_1	2	1441	1440	-1	0.465	11	None	GENOMAD.104669.VV	0.000532	45	0	0	1	2561	Caudoviricetes	NA	NA	PF13479;TIGR01618;COG0468;K04484	phage nucleotide-binding protein
k127_600179_1	1	351	351	1	0.655	11	None	GENOMAD.053137.VV	3.974e-28	110	0	0	1	2561	Caudoviricetes	NA	NA	PF17482	Phage tail sheath C-terminal domain
k127_94873_1	1	96	96	1	0.698	11	None	NA	NA	NA	0	0	0	1	NA	NA	NA	NA	NA
k127_94873_2	93	374	282	1	0.645	11	None	GENOMAD.092084.VV	2.704e-07	49	0	0	1	2561	Caudoviricetes	NA	NA	PF05367;K21525	Phage endonuclease I
k127_600595_1	2	670	669	1	0.737	11	None	GENOMAD.068590.VV	1.381e-21	96	0	0	1	2561	Caudoviricetes	NA	NA	PF13871;PF11242;K11654;TIGR00721	C-terminal domain on Strawberry notch homologue
k127_903207_1	2	571	570	-1	0.716	11	None	GENOMAD.071900.VV	2.203e-77	256	0	0	1	2561	Caudoviricetes	NA	NA	PF13479;TIGR01618;COG2087;K04484	phage nucleotide-binding protein
k127_903422_1	2	511	510	-1	0.635	11	None	NA	NA	NA	0	0	0	1	NA	NA	NA	NA	NA
k127_903422_2	532	1110	579	-1	0.641	11	None	GENOMAD.023316.VV	3.84e-13	70	0	0	1	2561	Caudoviricetes	NA	NA	PF03167;PF18906;TIGR00758;COG1573;K21929	uracil-DNA glycosylase, family 4
k127_903860_1	2	163	162	1	0.500	11	None	GENOMAD.218256.VP	3.781e-09	52	0	0	0	1	NA	NA	NA	NA	NA
k127_903860_2	160	867	708	1	0.537	11	None	GENOMAD.058739.VV	9.664e-46	167	0	0	1	2561	Caudoviricetes	NA	NA	PF04466;TIGR01547;COG5323	phage terminase, large subunit, PBSX family
k127_1002465_1	2	892	891	-1	0.514	11	None	GENOMAD.218549.VP	4.961e-64	223	0	0	1	2561	Caudoviricetes	NA	NA	PF05876;COG4373	Mu-like prophage FluMu protein gp28
k127_400620_1	1	720	720	1	0.411	11	None	GENOMAD.068590.VV	2.443e-13	72	0	0	1	2561	Caudoviricetes	NA	NA	PF13871;PF11242;K11654;TIGR00721	C-terminal domain on Strawberry notch homologue
k127_299330_1	1	1038	1038	1	0.745	11	None	GENOMAD.013210.VV	1.841e-05	49	0	0	1	2561	Caudoviricetes	NA	NA	PF00211;PF08994;PF08993;COG2114	Adenylate and Guanylate cyclase catalytic domain; T4 gene Gp59 loader of gp41 DNA helicase C-term; T4 gene Gp59 loader of gp41 DNA helicase
k127_904404_1	1	396	396	1	0.659	11	None	GENOMAD.068048.VV	2.336e-15	74	0	0	1	2561	Caudoviricetes	NA	NA	PF20307;TIGR03600;K02314;COG0305	phage replicative helicase, DnaB family, HK022 subfamily
k127_904404_2	393	515	123	1	0.699	11	GGA/GAG/AGG	NA	NA	NA	0	0	0	1	NA	NA	NA	NA	NA
k127_484762_1	1	477	477	-1	0.702	11	None	GENOMAD.013210.VV	1.197e-16	79	0	0	1	2561	Caudoviricetes	NA	NA	PF00211;PF08994;PF08993;COG2114	Adenylate and Guanylate cyclase catalytic domain; T4 gene Gp59 loader of gp41 DNA helicase C-term; T4 gene Gp59 loader of gp41 DNA helicase
k127_97019_1	1	1266	1266	-1	0.682	11	None	GENOMAD.068048.VV	6.083e-10	64	0	0	1	2561	Caudoviricetes	NA	NA	PF20307;TIGR03600;K02314;COG0305	phage replicative helicase, DnaB family, HK022 subfamily
k127_803821_1	3	353	351	1	0.715	11	None	GENOMAD.207635.VV	5.261e-09	55	0	0	1	8278	Ackermannviridae	NA	NA	PF04865	Baseplate J-like protein
k127_401664_1	110	328	219	1	0.502	11	AGGA/GGAG/GAGG	GENOMAD.109573.VV	2.222e-08	51	0	0	1	2561	Caudoviricetes	NA	NA	PF07141	Putative bacteriophage terminase small subunit
k127_905620_1	5	508	504	-1	0.399	11	None	GENOMAD.068048.VV	1.46e-17	82	0	0	1	2561	Caudoviricetes	NA	NA	PF20307;TIGR03600;K02314;COG0305	phage replicative helicase, DnaB family, HK022 subfamily
k127_905937_1	3	470	468	1	0.739	11	None	GENOMAD.068590.VV	1.001e-17	82	0	0	1	2561	Caudoviricetes	NA	NA	PF13871;PF11242;K11654;TIGR00721	C-terminal domain on Strawberry notch homologue
k127_402887_1	2	70	69	-1	0.667	11	AGGAG	NA	NA	NA	0	0	0	1	NA	NA	NA	NA	NA
k127_402887_2	82	594	513	-1	0.663	11	None	GENOMAD.068048.VV	9.424e-14	71	0	0	1	2561	Caudoviricetes	NA	NA	PF20307;TIGR03600;K02314;COG0305	phage replicative helicase, DnaB family, HK022 subfamily
k127_604086_1	2	622	621	1	0.670	11	None	GENOMAD.068048.VV	2.386e-15	77	0	0	1	2561	Caudoviricetes	NA	NA	PF20307;TIGR03600;K02314;COG0305	phage replicative helicase, DnaB family, HK022 subfamily
k127_906720_1	1	363	363	-1	0.675	11	None	GENOMAD.068048.VV	4.258e-13	67	0	0	1	2561	Caudoviricetes	NA	NA	PF20307;TIGR03600;K02314;COG0305	phage replicative helicase, DnaB family, HK022 subfamily
k127_907068_1	1	864	864	1	0.689	11	None	GENOMAD.068048.VV	2.693e-13	73	0	0	1	2561	Caudoviricetes	NA	NA	PF20307;TIGR03600;K02314;COG0305	phage replicative helicase, DnaB family, HK022 subfamily
k127_907271_1	2	439	438	1	0.616	11	None	GENOMAD.068048.VV	1.901e-14	72	0	0	1	2561	Caudoviricetes	NA	NA	PF20307;TIGR03600;K02314;COG0305	phage replicative helicase, DnaB family, HK022 subfamily
k127_1005899_1	2	766	765	-1	0.744	11	None	GENOMAD.071900.VV	1.149e-52	188	0	0	1	2561	Caudoviricetes	NA	NA	PF13479;TIGR01618;COG2087;K04484	phage nucleotide-binding protein
k127_1006957_1	60	899	840	-1	0.686	11	None	GENOMAD.012420.VV	1.895e-122	391	0	0	1	2561	Caudoviricetes	NA	NA	PF05133;TIGR01538;COG3567	phage portal protein, SPP1 family
k127_1007505_1	2	487	486	1	0.451	11	None	GENOMAD.033662.VV	1.25e-94	304	0	0	1	2790	Microviridae	NA	NA	PF02305	Capsid protein (F protein)
k127_1007505_2	598	1125	528	1	0.420	11	AGGAG	GENOMAD.145242.VV	5.002e-78	257	0	0	1	2790	Microviridae	NA	NA	PF02306	Major spike protein (G protein)
k127_1007505_3	1134	2120	987	1	0.450	11	GGAG/GAGG	GENOMAD.109387.VV	1.074e-170	533	0	0	0	2790	Microviridae	NA	NA	PF04687	Microvirus H protein (pilot protein)
k127_1007505_4	2184	3725	1542	1	0.448	11	GGAGG	GENOMAD.065430.VV	0.0	1082	0	0	0	2790	Microviridae	NA	NA	NA	NA
k127_1007505_5	3722	3982	261	1	0.418	11	3Base/5BMM	GENOMAD.169375.VV	6.142e-26	102	0	0	0	2790	Microviridae	NA	NA	PF12025	Phage protein C
k127_1007505_6	3979	4437	459	1	0.464	11	GGA/GAG/AGG	GENOMAD.067220.VV	4.753e-84	273	0	0	0	2790	Microviridae	NA	NA	PF02925	Bacteriophage scaffolding protein D
k127_1007505_7	4437	4553	117	1	0.496	11	AGGAG	NA	NA	NA	0	0	0	1	NA	NA	NA	NA	NA
k127_1007505_8	4590	5513	924	1	0.449	11	GGAG/GAGG	GENOMAD.033662.VV	1.139e-194	601	0	0	1	2790	Microviridae	NA	NA	PF02305	Capsid protein (F protein)
k127_490477_1	1	516	516	1	0.680	11	None	GENOMAD.068048.VV	4.049e-16	78	0	0	1	2561	Caudoviricetes	NA	NA	PF20307;TIGR03600;K02314;COG0305	phage replicative helicase, DnaB family, HK022 subfamily
k127_187520_1	2	304	303	-1	0.620	11	None	GENOMAD.054986.VV	2.897e-09	55	0	0	1	2561	Caudoviricetes	NA	NA	PF09293	T4 RNase H, C terminal
k127_490538_1	2	70	69	-1	0.739	11	None	NA	NA	NA	0	0	0	1	NA	NA	NA	NA	NA
k127_490538_2	70	897	828	-1	0.690	11	None	GENOMAD.032636.VV	5.286e-17	84	0	0	1	2561	Caudoviricetes	NA	NA	PF20307;PF07486;TIGR02239;COG0468;K18947	Divergent DnaB-like ATPase; Cell Wall Hydrolase
k127_496389_1	37	612	576	-1	0.691	11	None	GENOMAD.053137.VV	8.566e-36	136	0	0	1	2561	Caudoviricetes	NA	NA	PF17482	Phage tail sheath C-terminal domain
k127_193262_1	1	378	378	-1	0.717	11	None	GENOMAD.068590.VV	2.752e-11	62	0	0	1	2561	Caudoviricetes	NA	NA	PF13871;PF11242;K11654;TIGR00721	C-terminal domain on Strawberry notch homologue
k127_497612_1	2	262	261	-1	0.701	11	None	GENOMAD.071900.VV	6.44e-26	102	0	0	1	2561	Caudoviricetes	NA	NA	PF13479;TIGR01618;COG2087;K04484	phage nucleotide-binding protein
k127_196012_1	2	301	300	-1	0.713	11	None	GENOMAD.172137.VP	1.017e-11	62	0	0	1	2561	Caudoviricetes	NA	NA	PF07141;COG3728;TIGR02036	Putative bacteriophage terminase small subunit
k127_499543_1	3	167	165	-1	0.776	11	GGAG/GAGG	NA	NA	NA	0	0	0	1	NA	NA	NA	NA	NA
k127_499543_2	185	466	282	-1	0.667	11	None	GENOMAD.068048.VV	8.457e-11	59	0	0	1	2561	Caudoviricetes	NA	NA	PF20307;TIGR03600;K02314;COG0305	phage replicative helicase, DnaB family, HK022 subfamily
k127_198334_1	20	349	330	-1	0.715	11	None	GENOMAD.039777.VV	3.575e-10	58	0	0	1	2561	Caudoviricetes	NA	NA	PF04586;COG3740;TIGR01543;K06904	Phage head maturation protease
k127_198588_1	1	336	336	1	0.711	11	None	GENOMAD.208864.VP	6.093e-22	92	0	0	1	2561	Caudoviricetes	NA	NA	PF19307;TIGR01554;COG4653	Phage capsid-like protein
k127_199511_1	3	302	300	1	0.667	11	None	GENOMAD.192716.VV	3.406e-07	49	0	0	1	2561	Caudoviricetes	NA	NA	PF04865;COG3299	Baseplate J-like protein
