gene	start	end	length	strand	gc_content	genetic_code	rbs_motif	marker	evalue	bitscore	uscg	plasmid_hallmark	virus_hallmark	taxid	taxname	annotation_conjscan	annotation_amr	annotation_accessions	annotation_description
k127_330809_1	1	336	336	-1	0.592	11	AGGAG	GENOMAD.159194.VV	5.254e-07	49	0	0	1	2561	Caudoviricetes	NA	NA	COG4675	Microcystin-dependent protein  (function unknown)
k127_1601_1	3	338	336	1	0.664	11	None	GENOMAD.022228.VV	6.002e-05	43	0	0	1	11831	Demerecviridae	NA	NA	PF04586;COG3740;TIGR01543;K06904	Phage head maturation protease
k127_1601_2	356	442	87	1	0.724	11	None	NA	NA	NA	0	0	0	1	NA	NA	NA	NA	NA
k127_414624_1	1	342	342	1	0.632	11	None	GENOMAD.085060.VV	4.725e-09	55	0	0	1	2561	Caudoviricetes	NA	NA	PF10124;COG4397	Mu-like prophage major head subunit gpT
k127_249716_1	1	465	465	-1	0.720	11	None	GENOMAD.068048.VV	2.855e-13	69	0	0	1	2561	Caudoviricetes	NA	NA	PF20307;TIGR03600;K02314;COG0305	phage replicative helicase, DnaB family, HK022 subfamily
k127_2054_1	1	438	438	1	0.616	11	None	GENOMAD.068048.VV	1.68e-16	78	0	0	1	2561	Caudoviricetes	NA	NA	PF20307;TIGR03600;K02314;COG0305	phage replicative helicase, DnaB family, HK022 subfamily
k127_415408_1	2	574	573	-1	0.686	11	None	GENOMAD.193019.VV	1.775e-12	68	0	0	1	2561	Caudoviricetes	NA	NA	PF17541;COG3497;TIGR02243	Phage tail sheath protein FI
k127_497993_1	2	325	324	1	0.633	11	None	GENOMAD.195638.VP	4.566e-07	49	0	0	1	2561	Caudoviricetes	NA	NA	PF05876;K21523;COG5410;TIGR01547	Phage terminase large subunit gpA, ATPase domain
k127_663331_1	2	682	681	1	0.722	11	None	GENOMAD.118424.VV	8.82e-32	126	0	0	1	2561	Caudoviricetes	NA	NA	PF09684;TIGR01634;COG4385	phage tail protein, P2 protein I family
k127_745881_1	2	322	321	-1	0.614	11	None	GENOMAD.017632.VV	1.348e-11	62	0	0	1	2561	Caudoviricetes	NA	NA	PF03354;COG5410;TIGR01547	phage terminase, large subunit, PBSX family
k127_3577_1	2	364	363	1	0.634	11	None	GENOMAD.032636.VV	6.052e-09	55	0	0	1	2561	Caudoviricetes	NA	NA	PF20307;PF07486;TIGR02239;COG0468;K18947	Divergent DnaB-like ATPase; Cell Wall Hydrolase
k127_334512_1	1	159	159	-1	0.566	11	GGxGG	GENOMAD.017840.VV	3.339e-10	55	0	0	1	2561	Caudoviricetes	NA	NA	PF17288	Terminase RNAseH like domain
k127_4331_1	3	629	627	-1	0.636	11	None	GENOMAD.053137.VV	1.055e-18	87	0	0	1	2561	Caudoviricetes	NA	NA	PF17482	Phage tail sheath C-terminal domain
k127_4487_1	1	303	303	-1	0.719	11	None	GENOMAD.119462.VV	4.287e-13	66	0	0	1	2561	Caudoviricetes	NA	NA	TIGR01543	phage prohead protease, HK97 family
k127_665294_1	2	577	576	1	0.694	11	None	GENOMAD.060259.VV	1.94e-08	56	0	0	1	2561	Caudoviricetes	NA	NA	PF20307;TIGR02236;COG0468;K04484	Divergent DnaB-like ATPase
k127_334858_1	1	354	354	1	0.737	11	None	GENOMAD.219105.VP	6.436e-07	49	0	0	1	2561	Caudoviricetes	NA	NA	PF20025;PF01068;K18951;TIGR04120;COG5226	DNA ligase, ATP-dependent, PP_1105 family
k127_4806_1	3	788	786	-1	0.673	11	None	GENOMAD.053137.VV	8.868e-38	145	0	0	1	2561	Caudoviricetes	NA	NA	PF17482	Phage tail sheath C-terminal domain
k127_87471_1	1	414	414	-1	0.589	11	None	GENOMAD.151436.VP	2.174e-09	57	0	0	1	2561	Caudoviricetes	NA	NA	PF17288;TIGR01547;COG1783	phage terminase, large subunit, PBSX family
k127_418085_1	2	313	312	1	0.718	11	None	GENOMAD.071900.VV	7.64e-32	120	0	0	1	2561	Caudoviricetes	NA	NA	PF13479;TIGR01618;COG2087;K04484	phage nucleotide-binding protein
k127_335409_1	1	324	324	-1	0.725	11	None	GENOMAD.124435.VP	2.543e-21	90	0	0	1	2561	Caudoviricetes	NA	NA	PF05069;TIGR01725;COG5005	phage protein, HK97 gp10 family
k127_335707_1	23	430	408	1	0.615	11	GGAG/GAGG	GENOMAD.086497.VV	0.0002632	42	0	0	1	1	NA	NA	NA	PF11242;TIGR03826;COG1609	flagellar operon protein TIGR03826
k127_335707_2	511	627	117	1	0.615	11	None	NA	NA	NA	0	0	0	1	NA	NA	NA	NA	NA
k127_336100_1	2	307	306	1	0.676	11	None	GENOMAD.129169.VV	3.671e-07	49	0	0	1	2561	Caudoviricetes	NA	NA	COG4675	Microcystin-dependent protein  (function unknown)
k127_748977_1	3	395	393	1	0.707	11	None	GENOMAD.136298.VP	2.132e-06	48	0	0	1	2561	Caudoviricetes	NA	NA	PF04233;TIGR01641	Phage Mu protein F like protein
k127_88794_1	54	620	567	-1	0.718	11	GGxGG	GENOMAD.082189.VV	1.447e-15	77	0	0	1	2561	Caudoviricetes	NA	NA	PF00959;COG3772	Phage-related lysozyme (muramidase), GH24 family
k127_88794_2	620	859	240	-1	0.712	11	None	GENOMAD.121089.VV	6.501e-08	50	0	0	0	1	NA	NA	NA	NA	NA
k127_749755_1	1	354	354	1	0.743	11	None	GENOMAD.138089.VV	2.159e-35	131	0	0	1	6064	Autographiviridae	NA	NA	PF03237;PF17289;COG5410;TIGR01547	Large terminase phage packaging protein
k127_336928_1	3	323	321	1	0.660	11	None	GENOMAD.106248.VV	4.824e-06	46	0	0	1	2561	Caudoviricetes	NA	NA	PF03420	Prohead core protein serine protease
k127_337027_1	2	592	591	-1	0.679	11	None	GENOMAD.068590.VV	4.425e-06	49	0	0	1	2561	Caudoviricetes	NA	NA	PF13871;PF11242;K11654;TIGR00721	C-terminal domain on Strawberry notch homologue
k127_7003_1	3	680	678	1	0.740	11	None	GENOMAD.013210.VV	3.939e-15	77	0	0	1	2561	Caudoviricetes	NA	NA	PF00211;PF08994;PF08993;COG2114	Adenylate and Guanylate cyclase catalytic domain; T4 gene Gp59 loader of gp41 DNA helicase C-term; T4 gene Gp59 loader of gp41 DNA helicase
k127_667729_1	3	104	102	-1	0.735	11	GGA/GAG/AGG	NA	NA	NA	0	0	0	1	NA	NA	NA	NA	NA
k127_667729_2	101	343	243	-1	0.695	11	None	GENOMAD.011532.VV	4.812e-11	59	0	0	1	2561	Caudoviricetes	NA	NA	PF05065;COG1659	Uncharacterized protein, linocin/CFP29 family
k127_667785_1	2	763	762	-1	0.747	11	GGA/GAG/AGG	NA	NA	NA	0	0	0	1	NA	NA	NA	NA	NA
k127_667785_2	760	1182	423	-1	0.716	11	None	GENOMAD.068590.VV	2.013e-11	63	0	0	1	2561	Caudoviricetes	NA	NA	PF13871;PF11242;K11654;TIGR00721	C-terminal domain on Strawberry notch homologue
k127_172229_1	1	336	336	-1	0.702	11	None	GENOMAD.219174.VP	1.068e-07	51	0	0	1	2561	Caudoviricetes	NA	NA	COG4675	Microcystin-dependent protein  (function unknown)
k127_668726_1	1	360	360	-1	0.678	11	None	GENOMAD.053137.VV	2.42e-10	59	0	0	1	2561	Caudoviricetes	NA	NA	PF17482	Phage tail sheath C-terminal domain
k127_586239_1	1	627	627	-1	0.691	11	None	GENOMAD.060259.VV	5.604e-07	52	0	0	1	2561	Caudoviricetes	NA	NA	PF20307;TIGR02236;COG0468;K04484	Divergent DnaB-like ATPase
k127_8557_1	1	372	372	1	0.723	11	None	GENOMAD.105501.VV	2.48e-20	88	0	0	1	2561	Caudoviricetes	NA	NA	PF03434;COG3948	Phage-related baseplate assembly protein
k127_586551_1	3	314	312	-1	0.718	11	None	GENOMAD.071900.VV	9.572e-22	91	0	0	1	2561	Caudoviricetes	NA	NA	PF13479;TIGR01618;COG2087;K04484	phage nucleotide-binding protein
k127_339024_1	1	141	141	1	0.681	11	None	NA	NA	NA	0	0	0	1	NA	NA	NA	NA	NA
k127_339024_2	159	647	489	1	0.665	11	AGGA	GENOMAD.035131.VV	2.281e-05	46	0	0	1	3032	Kyanoviridae	NA	NA	PF11246;COG4675	Base plate wedge protein 53
k127_174099_1	2	400	399	1	0.632	11	None	GENOMAD.068048.VV	1.348e-13	69	0	0	1	2561	Caudoviricetes	NA	NA	PF20307;TIGR03600;K02314;COG0305	phage replicative helicase, DnaB family, HK022 subfamily
k127_504418_1	2	469	468	1	0.669	11	None	GENOMAD.042265.VV	1.953e-05	46	0	0	1	2561	Caudoviricetes	NA	NA	PF20307;TIGR02237;COG0468;K04485	Divergent DnaB-like ATPase
k127_9084_1	1	444	444	1	0.698	11	None	GENOMAD.219105.VP	1.56e-06	49	0	0	1	2561	Caudoviricetes	NA	NA	PF20025;PF01068;K18951;TIGR04120;COG5226	DNA ligase, ATP-dependent, PP_1105 family
k127_257078_1	3	479	477	1	0.694	11	None	GENOMAD.060259.VV	9.164e-08	53	0	0	1	2561	Caudoviricetes	NA	NA	PF20307;TIGR02236;COG0468;K04484	Divergent DnaB-like ATPase
k127_752460_1	3	350	348	-1	0.684	11	None	GENOMAD.068048.VV	6.459e-15	72	0	0	1	2561	Caudoviricetes	NA	NA	PF20307;TIGR03600;K02314;COG0305	phage replicative helicase, DnaB family, HK022 subfamily
k127_670420_1	2	481	480	1	0.652	11	None	NA	NA	NA	0	0	0	1	NA	NA	NA	NA	NA
k127_670420_2	546	1628	1083	1	0.651	11	AGGAG	GENOMAD.032342.VV	1.553e-08	59	0	0	1	2561	Caudoviricetes	NA	NA	K21531	NA
k127_92334_1	2	160	159	1	0.711	11	None	GENOMAD.060865.VV	4.946e-13	63	0	0	1	2561	Caudoviricetes	NA	NA	PF17212	Tail tubular protein
k127_92334_2	164	328	165	1	0.709	11	None	GENOMAD.060865.VV	1.067e-07	48	0	0	1	2561	Caudoviricetes	NA	NA	PF17212	Tail tubular protein
k127_92385_1	19	486	468	-1	0.585	11	AGGA	GENOMAD.215896.VV	4.051e-06	48	0	0	1	2561	Caudoviricetes	NA	NA	PF06841;TIGR02241	T4-like virus tail tube protein gp19
k127_92385_2	599	1024	426	-1	0.660	11	None	GENOMAD.053137.VV	1.158e-27	110	0	0	1	2561	Caudoviricetes	NA	NA	PF17482	Phage tail sheath C-terminal domain
k127_753424_1	2	424	423	-1	0.629	11	None	GENOMAD.032636.VV	1.013e-10	61	0	0	1	2561	Caudoviricetes	NA	NA	PF20307;PF07486;TIGR02239;COG0468;K18947	Divergent DnaB-like ATPase; Cell Wall Hydrolase
k127_671230_1	3	365	363	-1	0.631	11	GGA/GAG/AGG	GENOMAD.081804.VV	1.747e-14	71	0	0	1	2561	Caudoviricetes	NA	NA	PF05876;COG5410	Phage terminase, large subunit GpA
k127_671230_2	416	592	177	-1	0.689	11	GGAG/GAGG	NA	NA	NA	0	0	0	1	NA	NA	NA	NA	NA
k127_671230_3	585	770	186	-1	0.672	11	None	NA	NA	NA	0	0	0	1	NA	NA	NA	NA	NA
k127_671230_4	767	910	144	-1	0.604	11	None	NA	NA	NA	0	0	0	1	NA	NA	NA	NA	NA
k127_260496_1	3	884	882	1	0.592	11	None	GENOMAD.013210.VV	8.183e-23	102	0	0	1	2561	Caudoviricetes	NA	NA	PF00211;PF08994;PF08993;COG2114	Adenylate and Guanylate cyclase catalytic domain; T4 gene Gp59 loader of gp41 DNA helicase C-term; T4 gene Gp59 loader of gp41 DNA helicase
k127_260514_1	3	509	507	-1	0.690	11	None	GENOMAD.193019.VV	3.441e-17	81	0	0	1	2561	Caudoviricetes	NA	NA	PF17541;COG3497;TIGR02243	Phage tail sheath protein FI
k127_426248_1	1	435	435	-1	0.678	11	None	GENOMAD.169508.VP	4.361e-23	97	0	0	1	2561	Caudoviricetes	NA	NA	PF04708;PF13262;COG1961;K14060	Site-specific DNA recombinase related to the DNA invertase Pin
k127_13359_1	110	433	324	1	0.731	11	AGGAG	GENOMAD.071900.VV	5.492e-45	158	0	0	1	2561	Caudoviricetes	NA	NA	PF13479;TIGR01618;COG2087;K04484	phage nucleotide-binding protein
k127_756227_1	3	434	432	-1	0.678	11	None	GENOMAD.068048.VV	3.752e-15	74	0	0	1	2561	Caudoviricetes	NA	NA	PF20307;TIGR03600;K02314;COG0305	phage replicative helicase, DnaB family, HK022 subfamily
k127_674138_1	130	426	297	-1	0.633	11	None	GENOMAD.068048.VV	3.405e-14	69	0	0	1	2561	Caudoviricetes	NA	NA	PF20307;TIGR03600;K02314;COG0305	phage replicative helicase, DnaB family, HK022 subfamily
k127_95761_1	2	727	726	1	0.657	11	None	GENOMAD.013210.VV	2.352e-21	96	0	0	1	2561	Caudoviricetes	NA	NA	PF00211;PF08994;PF08993;COG2114	Adenylate and Guanylate cyclase catalytic domain; T4 gene Gp59 loader of gp41 DNA helicase C-term; T4 gene Gp59 loader of gp41 DNA helicase
k127_95822_1	1	339	339	1	0.640	11	None	GENOMAD.092084.VV	1.165e-06	48	0	0	1	2561	Caudoviricetes	NA	NA	PF05367;K21525	Phage endonuclease I
k127_95822_2	282	413	132	-1	0.697	11	None	NA	NA	NA	0	0	0	1	NA	NA	NA	NA	NA
k127_509677_1	1	1080	1080	-1	0.719	11	None	GENOMAD.212786.VV	1.543e-08	59	0	0	1	2561	Caudoviricetes	NA	NA	PF20307;PF00772;TIGR00665;K02314;COG0305	replicative DNA helicase
k127_14749_1	1	309	309	1	0.709	11	None	GENOMAD.092606.VV	1.712e-07	50	0	0	1	2561	Caudoviricetes	NA	NA	PF05065;COG4653;TIGR01554	Predicted phage phi-C31 gp36 major capsid-like protein
k127_180093_1	1	1644	1644	1	0.614	11	None	GENOMAD.068048.VV	1.013e-13	77	0	0	1	2561	Caudoviricetes	NA	NA	PF20307;TIGR03600;K02314;COG0305	phage replicative helicase, DnaB family, HK022 subfamily
k127_97604_1	3	308	306	1	0.725	11	None	GENOMAD.041343.VV	2.221e-12	64	0	0	1	2561	Caudoviricetes	NA	NA	PF16998;PF07880;COG4520	Surface antigen
k127_263051_1	2	472	471	-1	0.718	11	None	GENOMAD.013124.VV	4.134e-07	51	0	0	1	377	Drexlerviridae	NA	NA	PF13262;COG5410	NA
k127_676354_1	1	453	453	1	0.733	11	None	GENOMAD.129999.VP	5.507e-23	97	0	0	1	2561	Caudoviricetes	NA	NA	PF04708;COG1961;K21528	Site-specific DNA recombinase related to the DNA invertase Pin
k127_511150_1	1	759	759	-1	0.688	11	None	GENOMAD.169508.VP	3.27e-14	75	0	0	1	2561	Caudoviricetes	NA	NA	PF04708;PF13262;COG1961;K14060	Site-specific DNA recombinase related to the DNA invertase Pin
k127_758955_1	1	369	369	-1	0.737	11	None	GENOMAD.097639.VV	2.162e-21	91	0	0	1	2561	Caudoviricetes	NA	NA	PF17289;TIGR01630;COG5362	phage uncharacterized protein (putative large terminase), C-terminal domain
k127_181849_1	2	865	864	-1	0.656	11	GGA/GAG/AGG	GENOMAD.000175.VV	3.751e-08	57	0	0	1	8305	Partitiviridae	NA	NA	PF00680;COG3344	Viral RNA-dependent RNA polymerase
k127_181849_2	1487	1627	141	-1	0.695	11	None	NA	NA	NA	0	0	0	1	NA	NA	NA	NA	NA
k127_512349_1	1	768	768	1	0.738	11	None	GENOMAD.057710.VV	4.555e-06	50	0	0	1	2561	Caudoviricetes	NA	NA	PF00589;PF04860;K07358;TIGR01537	Phage integrase family; Phage portal protein
k127_264752_1	1	420	420	1	0.669	11	None	GENOMAD.125812.VV	1.339e-25	104	0	0	1	2561	Caudoviricetes	NA	NA	PF04466;TIGR01547;COG1783;K06909	phage terminase, large subunit, PBSX family
k127_17103_1	2	766	765	1	0.703	11	None	GENOMAD.046852.VV	1.233e-08	58	0	0	1	2561	Caudoviricetes	NA	NA	PF12322;PF04865	T4 bacteriophage base plate protein; Baseplate J-like protein
k127_182255_1	2	838	837	1	0.682	11	None	GENOMAD.053137.VV	3.47e-36	141	0	0	1	2561	Caudoviricetes	NA	NA	PF17482	Phage tail sheath C-terminal domain
k127_182255_2	874	1008	135	1	0.637	11	GGA/GAG/AGG	NA	NA	NA	0	0	0	1	NA	NA	NA	NA	NA
k127_430175_1	1	306	306	1	0.634	11	None	GENOMAD.068048.VV	1.563e-15	73	0	0	1	2561	Caudoviricetes	NA	NA	PF20307;TIGR03600;K02314;COG0305	phage replicative helicase, DnaB family, HK022 subfamily
k127_430175_2	306	476	171	1	0.737	11	None	NA	NA	NA	0	0	0	1	NA	NA	NA	NA	NA
k127_265598_1	1	444	444	1	0.696	11	None	GENOMAD.042265.VV	7.635e-05	44	0	0	1	2561	Caudoviricetes	NA	NA	PF20307;TIGR02237;COG0468;K04485	Divergent DnaB-like ATPase
k127_761047_1	21	302	282	1	0.670	11	GGAGG	GENOMAD.192062.VP	4.312e-33	123	0	0	1	9913	Herelleviridae	NA	NA	PF10934;COG3628;K06903	Phage baseplate assembly protein W
k127_761056_1	3	707	705	-1	0.733	11	None	GENOMAD.013210.VV	1.943e-21	96	0	0	1	2561	Caudoviricetes	NA	NA	PF00211;PF08994;PF08993;COG2114	Adenylate and Guanylate cyclase catalytic domain; T4 gene Gp59 loader of gp41 DNA helicase C-term; T4 gene Gp59 loader of gp41 DNA helicase
k127_348539_1	1	327	327	-1	0.731	11	AGGAG	GENOMAD.085051.VV	1.05e-06	48	0	0	1	2561	Caudoviricetes	NA	NA	PF07141;COG3415	Putative bacteriophage terminase small subunit
k127_348539_2	341	442	102	1	0.529	11	AGGAG	NA	NA	NA	0	0	0	1	NA	NA	NA	NA	NA
k127_183473_1	1	435	435	-1	0.729	11	None	GENOMAD.097639.VV	5.679e-20	88	0	0	1	2561	Caudoviricetes	NA	NA	PF17289;TIGR01630;COG5362	phage uncharacterized protein (putative large terminase), C-terminal domain
k127_348742_1	3	1361	1359	-1	0.354	11	GGAG/GAGG	GENOMAD.012458.VV	2.44e-08	59	0	0	1	2561	Caudoviricetes	NA	NA	PF13514;PF06841;TIGR03185;K19171;COG1195	DNA sulfur modification protein DndD
k127_348742_2	1377	1952	576	-1	0.349	11	None	NA	NA	NA	0	0	0	1	NA	NA	NA	NA	NA
k127_100817_1	44	1543	1500	-1	0.659	11	None	GENOMAD.046852.VV	4.865e-07	55	0	0	1	2561	Caudoviricetes	NA	NA	PF12322;PF04865	T4 bacteriophage base plate protein; Baseplate J-like protein
k127_596733_1	1	396	396	1	0.614	11	None	GENOMAD.005158.VV	3.28e-11	62	0	0	1	2561	Caudoviricetes	NA	NA	PF04586;PF13395;TIGR02646;K06904	TIGR02646 family protein
k127_18905_1	14	484	471	1	0.720	11	GGAGG	GENOMAD.013124.VV	4.134e-07	51	0	0	1	377	Drexlerviridae	NA	NA	PF13262;COG5410	NA
k127_433064_1	3	362	360	1	0.592	11	None	GENOMAD.032636.VV	1.19e-09	57	0	0	1	2561	Caudoviricetes	NA	NA	PF20307;PF07486;TIGR02239;COG0468;K18947	Divergent DnaB-like ATPase; Cell Wall Hydrolase
k127_763340_1	2	250	249	-1	0.651	11	AGGAG	GENOMAD.016789.VV	4.333e-06	45	0	0	1	2561	Caudoviricetes	NA	NA	K21531	NA
k127_763340_2	313	384	72	-1	0.667	11	None	NA	NA	NA	0	0	0	1	NA	NA	NA	NA	NA
k127_351407_1	1	519	519	1	0.688	11	None	GENOMAD.013210.VV	5.636e-10	60	0	0	1	2561	Caudoviricetes	NA	NA	PF00211;PF08994;PF08993;COG2114	Adenylate and Guanylate cyclase catalytic domain; T4 gene Gp59 loader of gp41 DNA helicase C-term; T4 gene Gp59 loader of gp41 DNA helicase
k127_599197_1	2	508	507	-1	0.679	11	None	GENOMAD.108660.VV	5.56e-05	45	0	0	1	2561	Caudoviricetes	NA	NA	PF07409;COG4381;K21530	Phage protein GP46
k127_599543_1	1	354	354	-1	0.734	11	None	GENOMAD.219105.VP	3.147e-06	47	0	0	1	2561	Caudoviricetes	NA	NA	PF20025;PF01068;K18951;TIGR04120;COG5226	DNA ligase, ATP-dependent, PP_1105 family
k127_104337_1	2	370	369	1	0.577	11	None	GENOMAD.068048.VV	9.312e-14	69	0	0	1	2561	Caudoviricetes	NA	NA	PF20307;TIGR03600;K02314;COG0305	phage replicative helicase, DnaB family, HK022 subfamily
k127_188153_1	1	573	573	1	0.742	11	None	GENOMAD.068590.VV	3.075e-29	117	0	0	1	2561	Caudoviricetes	NA	NA	PF13871;PF11242;K11654;TIGR00721	C-terminal domain on Strawberry notch homologue
k127_271025_1	3	614	612	-1	0.624	11	None	GENOMAD.013210.VV	3.125e-24	103	0	0	1	2561	Caudoviricetes	NA	NA	PF00211;PF08994;PF08993;COG2114	Adenylate and Guanylate cyclase catalytic domain; T4 gene Gp59 loader of gp41 DNA helicase C-term; T4 gene Gp59 loader of gp41 DNA helicase
k127_353417_1	3	899	897	-1	0.618	11	GGAGG	GENOMAD.000175.VV	7.619e-07	53	0	0	1	8305	Partitiviridae	NA	NA	PF00680;COG3344	Viral RNA-dependent RNA polymerase
k127_684438_1	18	374	357	1	0.692	11	GGGGGT	GENOMAD.127022.VV	6.953e-06	46	0	0	1	2561	Caudoviricetes	NA	NA	PF04586;K06904;COG3740;TIGR01543	Phage head maturation protease
k127_601619_1	3	437	435	-1	0.667	11	None	GENOMAD.054986.VV	6.271e-08	53	0	0	1	2561	Caudoviricetes	NA	NA	PF09293	T4 RNase H, C terminal
k127_684855_1	2	331	330	1	0.642	11	None	GENOMAD.060259.VV	1.185e-05	45	0	0	1	2561	Caudoviricetes	NA	NA	PF20307;TIGR02236;COG0468;K04484	Divergent DnaB-like ATPase
k127_23924_1	404	1345	942	1	0.670	11	AGGA	GENOMAD.057710.VV	0.0001307	46	0	0	1	2561	Caudoviricetes	NA	NA	PF00589;PF04860;K07358;TIGR01537	Phage integrase family; Phage portal protein
k127_106286_1	1	603	603	1	0.726	11	None	GENOMAD.068590.VV	4.551e-15	76	0	0	1	2561	Caudoviricetes	NA	NA	PF13871;PF11242;K11654;TIGR00721	C-terminal domain on Strawberry notch homologue
k127_106547_1	3	341	339	1	0.661	11	None	GENOMAD.068048.VV	2.838e-14	70	0	0	1	2561	Caudoviricetes	NA	NA	PF20307;TIGR03600;K02314;COG0305	phage replicative helicase, DnaB family, HK022 subfamily
k127_189474_1	2	364	363	-1	0.628	11	None	GENOMAD.053137.VV	7.346e-24	98	0	0	1	2561	Caudoviricetes	NA	NA	PF17482	Phage tail sheath C-terminal domain
k127_602939_1	1	432	432	1	0.630	11	None	GENOMAD.053137.VV	3.682e-24	100	0	0	1	2561	Caudoviricetes	NA	NA	PF17482	Phage tail sheath C-terminal domain
k127_602939_2	454	528	75	1	0.627	11	AGGAG	NA	NA	NA	0	0	0	1	NA	NA	NA	NA	NA
k127_273099_1	1	363	363	1	0.669	11	None	GENOMAD.068048.VV	1.681e-14	71	0	0	1	2561	Caudoviricetes	NA	NA	PF20307;TIGR03600;K02314;COG0305	phage replicative helicase, DnaB family, HK022 subfamily
k127_273099_2	360	437	78	1	0.679	11	GGxGG	NA	NA	NA	0	0	0	1	NA	NA	NA	NA	NA
k127_521487_1	2	301	300	1	0.630	11	None	GENOMAD.222396.VV	8.363e-06	45	0	0	1	2561	Caudoviricetes	NA	NA	PF05766;TIGR02646	Bacteriophage Lambda NinG protein
k127_26094_1	2	358	357	-1	0.711	11	3Base/5BMM	GENOMAD.224435.VP	7.702e-05	43	0	0	1	2561	Caudoviricetes	NA	NA	PF04965;K06903;COG3628;TIGR03357	Baseplate wedge protein gp25
k127_26094_2	355	624	270	-1	0.681	11	None	NA	NA	NA	0	0	0	1	NA	NA	NA	NA	NA
k127_191484_1	3	311	309	-1	0.573	11	None	GENOMAD.068048.VV	4.657e-13	66	0	0	1	2561	Caudoviricetes	NA	NA	PF20307;TIGR03600;K02314;COG0305	phage replicative helicase, DnaB family, HK022 subfamily
k127_27006_1	3	308	306	1	0.601	11	None	GENOMAD.068048.VV	8.989e-14	68	0	0	1	2561	Caudoviricetes	NA	NA	PF20307;TIGR03600;K02314;COG0305	phage replicative helicase, DnaB family, HK022 subfamily
k127_357242_1	99	416	318	-1	0.736	11	None	GENOMAD.071187.VV	4.099e-07	49	0	0	1	1	NA	NA	NA	PF00863;TIGR02038;COG0265	periplasmic serine pepetdase DegS
k127_275052_1	2	328	327	1	0.706	11	None	GENOMAD.068048.VV	2.33e-06	47	0	0	1	2561	Caudoviricetes	NA	NA	PF20307;TIGR03600;K02314;COG0305	phage replicative helicase, DnaB family, HK022 subfamily
k127_440073_1	2	415	414	-1	0.727	11	None	GENOMAD.218988.VP	5.707e-06	47	0	0	1	1	NA	NA	NA	PF09293	T4 RNase H, C terminal
k127_523277_1	2	445	444	1	0.667	11	None	GENOMAD.169508.VP	3.684e-17	80	0	0	1	2561	Caudoviricetes	NA	NA	PF04708;PF13262;COG1961;K14060	Site-specific DNA recombinase related to the DNA invertase Pin
k127_358775_1	1	309	309	-1	0.634	11	None	GENOMAD.132940.VP	1.553e-08	53	0	0	1	2561	Caudoviricetes	NA	NA	PF09681;TIGR01714	N-terminal phage replisome organiser (Phage_rep_org_N)
k127_689644_1	1	444	444	-1	0.669	11	None	GENOMAD.013210.VV	9.238e-42	151	0	0	1	2561	Caudoviricetes	NA	NA	PF00211;PF08994;PF08993;COG2114	Adenylate and Guanylate cyclase catalytic domain; T4 gene Gp59 loader of gp41 DNA helicase C-term; T4 gene Gp59 loader of gp41 DNA helicase
k127_28851_1	2	613	612	-1	0.714	11	None	GENOMAD.118632.VP	1.16e-09	60	0	0	1	2561	Caudoviricetes	NA	NA	PF00476;PF07141	DNA polymerase family A; Putative bacteriophage terminase small subunit
k127_524899_1	3	365	363	-1	0.697	11	None	GENOMAD.102019.VV	4.878e-20	87	0	0	1	2561	Caudoviricetes	NA	NA	PF10758;COG3497	Phage tail sheath protein FI
k127_442504_1	2	331	330	-1	0.718	11	None	GENOMAD.162197.VP	9.072e-09	54	0	0	1	2561	Caudoviricetes	NA	NA	PF20441;COG5362	Terminase large subunit, endonuclease domain
k127_277653_1	1	363	363	1	0.689	11	None	GENOMAD.208864.VP	6.717e-33	124	0	0	1	2561	Caudoviricetes	NA	NA	PF19307;TIGR01554;COG4653	Phage capsid-like protein
k127_112101_1	2	385	384	-1	0.711	11	None	GENOMAD.060259.VV	8.85e-07	49	0	0	1	2561	Caudoviricetes	NA	NA	PF20307;TIGR02236;COG0468;K04484	Divergent DnaB-like ATPase
k127_607893_1	1	729	729	-1	0.658	11	None	GENOMAD.162088.VV	9.881e-25	106	0	0	1	2561	Caudoviricetes	NA	NA	PF05136;TIGR01539;COG5511;K09961	phage portal protein, lambda family
k127_608035_1	2	391	390	-1	0.685	11	None	GENOMAD.002350.VV	9.265e-17	78	0	0	1	2561	Caudoviricetes	NA	NA	PF04233;TIGR01641	Phage Mu protein F like protein
k127_30025_1	3	314	312	-1	0.718	11	None	GENOMAD.068483.VV	1.777e-07	50	0	0	1	1	NA	NA	NA	COG5410	NA
k127_278189_1	1	1356	1356	-1	0.686	11	None	GENOMAD.068048.VV	4.94e-08	58	0	0	1	2561	Caudoviricetes	NA	NA	PF20307;TIGR03600;K02314;COG0305	phage replicative helicase, DnaB family, HK022 subfamily
k127_278439_1	2	718	717	1	0.657	11	None	GENOMAD.053137.VV	2.167e-35	137	0	0	1	2561	Caudoviricetes	NA	NA	PF17482	Phage tail sheath C-terminal domain
k127_278439_2	782	1186	405	1	0.662	11	GGAG/GAGG	NA	NA	NA	0	0	0	1	NA	NA	NA	NA	NA
k127_526485_1	1	624	624	1	0.723	11	None	GENOMAD.219105.VP	2.49e-06	50	0	0	1	2561	Caudoviricetes	NA	NA	PF20025;PF01068;K18951;TIGR04120;COG5226	DNA ligase, ATP-dependent, PP_1105 family
k127_443818_1	47	334	288	-1	0.729	11	None	GENOMAD.108202.VP	2.28e-09	55	0	0	1	2561	Caudoviricetes	NA	NA	PF06152;TIGR01641	Phage minor capsid protein 2
k127_692156_1	2	577	576	1	0.667	11	None	GENOMAD.068048.VV	3.294e-16	79	0	0	1	2561	Caudoviricetes	NA	NA	PF20307;TIGR03600;K02314;COG0305	phage replicative helicase, DnaB family, HK022 subfamily
k127_527055_1	1	645	645	-1	0.640	11	None	GENOMAD.068048.VV	6.178e-17	82	0	0	1	2561	Caudoviricetes	NA	NA	PF20307;TIGR03600;K02314;COG0305	phage replicative helicase, DnaB family, HK022 subfamily
k127_444673_1	2	325	324	-1	0.568	11	None	GENOMAD.142009.VV	7.402e-50	172	0	0	1	2561	Caudoviricetes	NA	NA	PF11651;TIGR04387	P22 coat protein - gene protein 5
k127_692866_1	2	721	720	1	0.732	11	None	GENOMAD.194580.VP	1.622e-28	117	0	0	1	2561	Caudoviricetes	NA	NA	PF03354;PF05521;PF20441;COG4626;TIGR01563	Phage terminase-like protein, large subunit, contains N-terminal HTH domain
k127_280220_1	1	450	450	-1	0.627	11	None	GENOMAD.015880.VV	6.864e-09	56	0	0	1	2561	Caudoviricetes	NA	NA	PF17289;COG5362;TIGR01630	Phage terminase large subunit
k127_362442_1	1	285	285	-1	0.604	11	None	GENOMAD.032661.VV	3.119e-06	46	0	0	1	1	NA	NA	NA	PF11367	NA
k127_610796_1	3	878	876	1	0.658	11	None	GENOMAD.013210.VV	1.678e-23	104	0	0	1	2561	Caudoviricetes	NA	NA	PF00211;PF08994;PF08993;COG2114	Adenylate and Guanylate cyclase catalytic domain; T4 gene Gp59 loader of gp41 DNA helicase C-term; T4 gene Gp59 loader of gp41 DNA helicase
k127_198213_1	368	1399	1032	-1	0.615	11	None	GENOMAD.013210.VV	9.543e-21	97	0	0	1	2561	Caudoviricetes	NA	NA	PF00211;PF08994;PF08993;COG2114	Adenylate and Guanylate cyclase catalytic domain; T4 gene Gp59 loader of gp41 DNA helicase C-term; T4 gene Gp59 loader of gp41 DNA helicase
k127_694060_1	2	325	324	-1	0.586	11	None	GENOMAD.195656.VP	5.441e-05	43	0	0	1	9067	Straboviridae	NA	NA	PF19835;PF07453;TIGR01453;COG2827	group I intron endonuclease
k127_363537_1	1	369	369	1	0.715	11	None	GENOMAD.219105.VP	8.125e-06	46	0	0	1	2561	Caudoviricetes	NA	NA	PF20025;PF01068;K18951;TIGR04120;COG5226	DNA ligase, ATP-dependent, PP_1105 family
k127_33525_1	2	550	549	-1	0.674	11	None	GENOMAD.068048.VV	2.737e-15	76	0	0	1	2561	Caudoviricetes	NA	NA	PF20307;TIGR03600;K02314;COG0305	phage replicative helicase, DnaB family, HK022 subfamily
k127_529615_1	1	444	444	1	0.664	11	None	GENOMAD.013210.VV	6.919e-19	85	0	0	1	2561	Caudoviricetes	NA	NA	PF00211;PF08994;PF08993;COG2114	Adenylate and Guanylate cyclase catalytic domain; T4 gene Gp59 loader of gp41 DNA helicase C-term; T4 gene Gp59 loader of gp41 DNA helicase
k127_529875_1	3	452	450	1	0.687	11	None	GENOMAD.073447.VV	6.864e-09	56	0	0	1	2561	Caudoviricetes	NA	NA	PF00580;TIGR04095;COG4373	UvrD/REP helicase N-terminal domain
k127_199714_1	1	312	312	-1	0.689	11	None	GENOMAD.129999.VP	8.788e-07	48	0	0	1	2561	Caudoviricetes	NA	NA	PF04708;COG1961;K21528	Site-specific DNA recombinase related to the DNA invertase Pin
k127_34772_1	1	423	423	-1	0.695	11	None	GENOMAD.068048.VV	1.18e-18	84	0	0	1	2561	Caudoviricetes	NA	NA	PF20307;TIGR03600;K02314;COG0305	phage replicative helicase, DnaB family, HK022 subfamily
k127_530782_1	31	549	519	-1	0.672	11	None	GENOMAD.068048.VV	1.724e-17	82	0	0	1	2561	Caudoviricetes	NA	NA	PF20307;TIGR03600;K02314;COG0305	phage replicative helicase, DnaB family, HK022 subfamily
k127_448127_1	3	491	489	-1	0.687	11	None	GENOMAD.064541.VV	4.79e-07	51	0	0	1	11831	Demerecviridae	NA	NA	PF20307	Divergent DnaB-like ATPase
k127_284050_1	84	509	426	-1	0.664	11	None	GENOMAD.053137.VV	2.575e-27	109	0	0	1	2561	Caudoviricetes	NA	NA	PF17482	Phage tail sheath C-terminal domain
k127_284211_1	2	694	693	-1	0.704	11	None	GENOMAD.118632.VP	9.605e-14	73	0	0	1	2561	Caudoviricetes	NA	NA	PF00476;PF07141	DNA polymerase family A; Putative bacteriophage terminase small subunit
k127_449325_1	3	323	321	-1	0.707	11	None	GENOMAD.167295.VP	7.37e-10	57	0	0	1	2561	Caudoviricetes	NA	NA	PF13539;TIGR01537	D-alanyl-D-alanine carboxypeptidase
k127_698147_1	2	319	318	1	0.667	11	None	GENOMAD.058181.VV	3.885e-16	75	0	0	1	1	NA	NA	NA	PF11134	Phage stabilisation protein
k127_532986_1	2	604	603	1	0.680	11	None	GENOMAD.068048.VV	2.03e-15	77	0	0	1	2561	Caudoviricetes	NA	NA	PF20307;TIGR03600;K02314;COG0305	phage replicative helicase, DnaB family, HK022 subfamily
k127_615233_1	3	1475	1473	-1	0.667	11	None	GENOMAD.192420.VV	4.274e-33	138	0	0	1	2561	Caudoviricetes	NA	NA	PF04586;COG4540;TIGR01644	Phage P2 baseplate assembly protein gpV
k127_615233_2	1548	2987	1440	-1	0.670	11	None	GENOMAD.096254.VV	4.564e-78	272	0	0	1	2561	Caudoviricetes	NA	NA	PF05136;TIGR01539;COG5511	phage portal protein, lambda family
k127_615280_1	1	216	216	-1	0.699	11	AGGAG	GENOMAD.019046.VV	1.206e-06	46	0	0	1	8278	Ackermannviridae	NA	NA	K21531	NA
k127_698633_1	522	1697	1176	-1	0.489	11	TAA	GENOMAD.137394.VP	5.514e-06	51	0	0	0	2561	Caudoviricetes	NA	NA	TIGR02081	methionine biosynthesis protein MetW
k127_698633_2	1681	2502	822	-1	0.509	11	None	NA	NA	NA	0	0	0	1	NA	NA	NA	NA	NA
k127_533339_1	1	378	378	1	0.720	11	None	GENOMAD.033798.VV	2.086e-39	143	0	0	1	2561	Caudoviricetes	NA	NA	PF11134	Phage stabilisation protein
k127_367696_1	3	821	819	1	0.685	11	None	GENOMAD.068048.VV	4.897e-16	81	0	0	1	2561	Caudoviricetes	NA	NA	PF20307;TIGR03600;K02314;COG0305	phage replicative helicase, DnaB family, HK022 subfamily
k127_37684_1	3	842	840	-1	0.608	11	None	GENOMAD.169508.VP	1.974e-10	64	0	0	1	2561	Caudoviricetes	NA	NA	PF04708;PF13262;COG1961;K14060	Site-specific DNA recombinase related to the DNA invertase Pin
k127_120188_1	3	323	321	1	0.651	11	None	GENOMAD.147427.VP	5.427e-21	89	0	0	1	2561	Caudoviricetes	NA	NA	PF07141	Putative bacteriophage terminase small subunit
k127_450999_1	3	332	330	-1	0.739	11	GGA/GAG/AGG	GENOMAD.146551.VP	9.944e-08	51	0	0	1	2561	Caudoviricetes	NA	NA	PF11114;TIGR01725;COG5005	phage protein, HK97 gp10 family
k127_38527_1	2	373	372	1	0.707	11	None	GENOMAD.117231.VV	4.058e-05	44	0	0	1	2561	Caudoviricetes	NA	NA	PF09293	T4 RNase H, C terminal
k127_534867_1	1	489	489	-1	0.687	11	GGAG/GAGG	GENOMAD.053137.VV	2.153e-30	119	0	0	1	2561	Caudoviricetes	NA	NA	PF17482	Phage tail sheath C-terminal domain
k127_451986_1	75	287	213	-1	0.728	11	AGGA	GENOMAD.057879.VV	0.0001414	40	0	0	1	1	NA	NA	NA	PF09035;COG4220;TIGR01764	Excisionase from transposon Tn916
k127_121788_1	2	361	360	-1	0.606	11	None	GENOMAD.208174.VP	1.634e-05	45	0	0	1	2561	Caudoviricetes	NA	NA	PF11242;PF00271;TIGR00721;COG4584	DNA-binding protein, Tfx family
k127_121825_1	3	539	537	1	0.732	11	None	GENOMAD.003207.VV	1.477e-06	50	0	0	1	1	NA	NA	NA	COG4733	Phage-related protein, tail component
k127_452405_1	26	412	387	-1	0.669	11	None	GENOMAD.044278.VV	4.016e-07	50	0	0	1	2561	Caudoviricetes	NA	NA	PF04965;COG3628;TIGR03357;K06903	Phage baseplate assembly protein W
k127_617328_1	1	996	996	1	0.739	11	None	GENOMAD.141796.VV	1.112e-07	56	0	0	1	11124	Peduoviridae	NA	NA	COG3941	Phage tail tape-measure protein, controls tail length
k127_617344_1	2	352	351	1	0.672	11	None	GENOMAD.023991.VV	1.014e-18	83	0	0	1	2561	Caudoviricetes	NA	NA	COG5410	Mu-like prophage FluMu protein gp28
k127_121977_1	2	370	369	1	0.715	11	None	GENOMAD.053137.VV	1.322e-09	57	0	0	1	2561	Caudoviricetes	NA	NA	PF17482	Phage tail sheath C-terminal domain
k127_782660_1	1	351	351	-1	0.681	11	AGGAG	GENOMAD.031720.VV	1.167e-08	54	0	0	1	2561	Caudoviricetes	NA	NA	K21531	NA
k127_535728_1	11	376	366	-1	0.642	11	None	GENOMAD.068048.VV	3.537e-15	73	0	0	1	2561	Caudoviricetes	NA	NA	PF20307;TIGR03600;K02314;COG0305	phage replicative helicase, DnaB family, HK022 subfamily
k127_370201_1	2	880	879	1	0.696	11	None	GENOMAD.068048.VV	3.935e-08	57	0	0	1	2561	Caudoviricetes	NA	NA	PF20307;TIGR03600;K02314;COG0305	phage replicative helicase, DnaB family, HK022 subfamily
k127_370347_1	2	304	303	-1	0.693	11	None	GENOMAD.133780.VV	8.014e-38	137	0	0	1	1	NA	NA	NA	PF10934;COG3628;TIGR03357	Phage baseplate assembly protein W
k127_537151_1	3	368	366	-1	0.601	11	None	GENOMAD.022372.VV	1.619e-06	48	0	0	1	2561	Caudoviricetes	NA	NA	PF04708;COG1961;K14060	Site-specific DNA recombinase related to the DNA invertase Pin
k127_206613_1	3	341	339	1	0.655	11	None	GENOMAD.066212.VV	1.718e-35	131	0	0	1	2561	Caudoviricetes	NA	NA	PF04860;TIGR01537;COG4695	phage portal protein, HK97 family
k127_124367_1	3	596	594	-1	0.732	11	None	GENOMAD.068590.VV	2.56e-24	103	0	0	1	2561	Caudoviricetes	NA	NA	PF13871;PF11242;K11654;TIGR00721	C-terminal domain on Strawberry notch homologue
k127_42191_1	2	79	78	-1	0.731	11	GGAG/GAGG	NA	NA	NA	0	0	0	1	NA	NA	NA	NA	NA
k127_42191_2	76	654	579	-1	0.637	11	None	GENOMAD.013210.VV	1.16e-21	95	0	0	1	2561	Caudoviricetes	NA	NA	PF00211;PF08994;PF08993;COG2114	Adenylate and Guanylate cyclase catalytic domain; T4 gene Gp59 loader of gp41 DNA helicase C-term; T4 gene Gp59 loader of gp41 DNA helicase
k127_620203_1	1	234	234	-1	0.496	11	ATA	GENOMAD.128478.VV	6.445e-22	90	0	0	1	1	NA	NA	NA	PF05939;TIGR02217;COG4718	Phage minor tail protein
k127_620203_2	235	423	189	-1	0.545	11	None	NA	NA	NA	0	0	0	1	NA	NA	NA	NA	NA
k127_124901_1	1	378	378	-1	0.688	11	None	GENOMAD.068048.VV	9.529e-15	72	0	0	1	2561	Caudoviricetes	NA	NA	PF20307;TIGR03600;K02314;COG0305	phage replicative helicase, DnaB family, HK022 subfamily
k127_785231_1	1	1083	1083	-1	0.704	11	None	GENOMAD.060259.VV	1.336e-07	56	0	0	1	2561	Caudoviricetes	NA	NA	PF20307;TIGR02236;COG0468;K04484	Divergent DnaB-like ATPase
k127_785395_1	1	306	306	-1	0.722	11	None	GENOMAD.105745.VV	8.986e-06	45	0	0	1	2561	Caudoviricetes	NA	NA	PF06714;COG4540	Gp5 N-terminal OB domain
k127_207934_1	3	347	345	1	0.652	11	None	GENOMAD.023991.VV	7.521e-13	66	0	0	1	2561	Caudoviricetes	NA	NA	COG5410	Mu-like prophage FluMu protein gp28
k127_540188_1	1	471	471	1	0.675	11	None	GENOMAD.060259.VV	4.134e-07	51	0	0	1	2561	Caudoviricetes	NA	NA	PF20307;TIGR02236;COG0468;K04484	Divergent DnaB-like ATPase
k127_705354_1	1	387	387	1	0.659	11	None	GENOMAD.068048.VV	1.738e-17	80	0	0	1	2561	Caudoviricetes	NA	NA	PF20307;TIGR03600;K02314;COG0305	phage replicative helicase, DnaB family, HK022 subfamily
k127_209549_1	3	317	315	1	0.667	11	None	GENOMAD.005158.VV	8.289e-08	51	0	0	1	2561	Caudoviricetes	NA	NA	PF04586;PF13395;TIGR02646;K06904	TIGR02646 family protein
k127_787177_1	3	344	342	1	0.696	11	None	GENOMAD.183398.VP	2.328e-08	53	0	0	1	2561	Caudoviricetes	NA	NA	PF10934;K06903;COG3628;TIGR03357	Phage baseplate assembly protein W
k127_705452_1	1	480	480	1	0.600	11	None	GENOMAD.013210.VV	3.448e-12	66	0	0	1	2561	Caudoviricetes	NA	NA	PF00211;PF08994;PF08993;COG2114	Adenylate and Guanylate cyclase catalytic domain; T4 gene Gp59 loader of gp41 DNA helicase C-term; T4 gene Gp59 loader of gp41 DNA helicase
k127_787302_1	151	690	540	1	0.735	11	AGGAG	GENOMAD.071900.VV	1.109e-71	239	0	0	1	2561	Caudoviricetes	NA	NA	PF13479;TIGR01618;COG2087;K04484	phage nucleotide-binding protein
k127_44900_1	2	394	393	-1	0.710	11	None	GENOMAD.168708.VP	4.116e-08	53	0	0	1	2561	Caudoviricetes	NA	NA	PF14464;PF06805;COG4723;K21140;TIGR02256	Phage-related protein, tail component
k127_458607_1	3	575	573	1	0.630	11	None	GENOMAD.068048.VV	3.602e-14	73	0	0	1	2561	Caudoviricetes	NA	NA	PF20307;TIGR03600;K02314;COG0305	phage replicative helicase, DnaB family, HK022 subfamily
k127_623831_1	3	578	576	1	0.349	11	None	NA	NA	NA	0	0	0	1	NA	NA	NA	NA	NA
k127_623831_2	594	1199	606	1	0.338	11	GGA/GAG/AGG	GENOMAD.012458.VV	1.106e-08	57	0	0	1	2561	Caudoviricetes	NA	NA	PF13514;PF06841;TIGR03185;K19171;COG1195	DNA sulfur modification protein DndD
k127_707140_1	2	310	309	1	0.320	11	None	NA	NA	NA	0	0	0	1	NA	NA	NA	NA	NA
k127_707140_2	537	3089	2553	1	0.377	11	TATA	GENOMAD.055477.VV	5.237e-21	102	0	0	0	2561	Caudoviricetes	NA	NA	PF02867;PF00317;K00525;TIGR02504;COG0209	ribonucleoside-diphosphate reductase, adenosylcobalamin-dependent
k127_624234_1	2	397	396	-1	0.664	11	None	GENOMAD.222942.VP	4.116e-08	53	0	0	1	2561	Caudoviricetes	NA	NA	PF05367	Phage endonuclease I
k127_542336_1	2	475	474	1	0.635	11	None	GENOMAD.170863.VC	4.422e-05	45	0	0	1	1	NA	NA	NA	PF00944;TIGR02038;COG0265	periplasmic serine pepetdase DegS
k127_789246_1	2	328	327	-1	0.670	11	GGAG/GAGG	GENOMAD.112914.VV	1.607e-10	59	0	0	0	2561	Caudoviricetes	NA	NA	NA	NA
k127_789246_2	354	695	342	-1	0.716	11	GGAGG	NA	NA	NA	0	0	0	1	NA	NA	NA	NA	NA
k127_789246_3	680	1372	693	-1	0.691	11	None	GENOMAD.196007.VP	9.349e-15	76	0	0	1	2561	Caudoviricetes	NA	NA	COG5377;TIGR03033	Phage-related protein, predicted endonuclease
k127_789246_4	1577	1681	105	1	0.733	11	GGAGG	NA	NA	NA	0	0	0	1	NA	NA	NA	NA	NA
k127_128992_1	2	352	351	1	0.758	11	None	GENOMAD.071900.VV	1.386e-47	166	0	0	1	2561	Caudoviricetes	NA	NA	PF13479;TIGR01618;COG2087;K04484	phage nucleotide-binding protein
k127_624623_1	131	718	588	-1	0.575	11	None	GENOMAD.023316.VV	4.271e-12	67	0	0	1	2561	Caudoviricetes	NA	NA	PF03167;PF18906;TIGR00758;COG1573;K21929	uracil-DNA glycosylase, family 4
k127_211836_1	2	460	459	1	0.641	11	None	GENOMAD.060259.VV	1.773e-06	49	0	0	1	2561	Caudoviricetes	NA	NA	PF20307;TIGR02236;COG0468;K04484	Divergent DnaB-like ATPase
k127_212093_1	3	320	318	1	0.720	11	None	GENOMAD.142437.VP	2.612e-12	64	0	0	1	2561	Caudoviricetes	NA	NA	PF04466;PF17288;TIGR01547;COG1783;K06909	phage terminase, large subunit, PBSX family
k127_47641_1	2	307	306	1	0.376	11	None	GENOMAD.084246.VV	8.759e-22	91	0	0	1	2561	Caudoviricetes	NA	NA	PF05954;COG3500;TIGR03361	Phage protein D
k127_461708_1	1	405	405	-1	0.654	11	None	GENOMAD.101890.VP	2.711e-15	74	0	0	1	2561	Caudoviricetes	NA	NA	PF20454	Terminase large subunit gpA, endonuclease domain
k127_709673_1	1	345	345	1	0.681	11	None	GENOMAD.151002.VV	2.689e-31	119	0	0	1	2561	Caudoviricetes	NA	NA	PF17288;PF04466;TIGR01547;COG1783;K06909	phage terminase, large subunit, PBSX family
k127_709673_2	351	416	66	1	0.727	11	AGGAG/GGAGG	NA	NA	NA	0	0	0	1	NA	NA	NA	NA	NA
k127_710284_1	2	340	339	-1	0.687	11	None	GENOMAD.013124.VV	5.438e-07	49	0	0	1	377	Drexlerviridae	NA	NA	PF13262;COG5410	NA
k127_710718_1	2	328	327	1	0.639	11	None	GENOMAD.146092.VV	2.562e-13	67	0	0	1	2561	Caudoviricetes	NA	NA	PF05065;COG4653;TIGR01554	Predicted phage phi-C31 gp36 major capsid-like protein
k127_710718_2	271	357	87	1	0.586	11	None	NA	NA	NA	0	0	0	1	NA	NA	NA	NA	NA
k127_792677_1	59	361	303	-1	0.673	11	None	GENOMAD.068048.VV	4.112e-13	66	0	0	1	2561	Caudoviricetes	NA	NA	PF20307;TIGR03600;K02314;COG0305	phage replicative helicase, DnaB family, HK022 subfamily
k127_216225_1	1	498	498	1	0.635	11	None	GENOMAD.205389.VV	2.195e-40	148	0	0	1	2561	Caudoviricetes	NA	NA	PF05136;TIGR01539;COG5511;K09961	phage portal protein, lambda family
k127_628851_1	2	238	237	-1	0.658	11	GGAG/GAGG	GENOMAD.224435.VP	4.123e-05	42	0	0	1	2561	Caudoviricetes	NA	NA	PF04965;K06903;COG3628;TIGR03357	Baseplate wedge protein gp25
k127_628851_2	270	614	345	-1	0.646	11	None	GENOMAD.178982.VP	2.76e-06	47	0	0	0	2561	Caudoviricetes	NA	NA	COG4104	Zn-binding Pro-Ala-Ala-Arg (PAAR) domain, incolved in TypeVI secretion
k127_299483_1	1	342	342	1	0.711	11	None	GENOMAD.172074.VP	3.932e-11	61	0	0	1	2561	Caudoviricetes	NA	NA	PF05954;K06905;COG3500;TIGR03361	Phage protein D
k127_299647_1	3	425	423	-1	0.634	11	AGGA	GENOMAD.035131.VV	1.353e-05	46	0	0	1	3032	Kyanoviridae	NA	NA	PF11246;COG4675	Base plate wedge protein 53
k127_299647_2	606	941	336	-1	0.598	11	None	NA	NA	NA	0	0	0	1	NA	NA	NA	NA	NA
k127_51998_1	1	465	465	-1	0.718	11	None	GENOMAD.161099.VV	4.137e-05	45	0	0	1	2561	Caudoviricetes	NA	NA	PF16724;COG4119;TIGR02705;K12629	T4-like virus Myoviridae tail sheath stabiliser
k127_382135_1	3	410	408	1	0.588	11	None	GENOMAD.044416.VV	1.122e-06	49	0	0	1	2561	Caudoviricetes	NA	NA	TIGR01537	NA
k127_795128_1	3	365	363	-1	0.689	11	None	GENOMAD.053137.VV	2.508e-10	59	0	0	1	2561	Caudoviricetes	NA	NA	PF17482	Phage tail sheath C-terminal domain
k127_300769_1	1	507	507	1	0.750	11	None	GENOMAD.013124.VV	1.173e-07	53	0	0	1	377	Drexlerviridae	NA	NA	PF13262;COG5410	NA
k127_713740_1	3	410	408	-1	0.684	11	None	GENOMAD.072938.VV	2.59e-05	45	0	0	1	2561	Caudoviricetes	NA	NA	PF05521;TIGR01563	Phage head-tail joining protein
k127_631210_1	3	635	633	1	0.678	11	None	GENOMAD.068048.VV	5.995e-08	55	0	0	1	2561	Caudoviricetes	NA	NA	PF20307;TIGR03600;K02314;COG0305	phage replicative helicase, DnaB family, HK022 subfamily
k127_466798_1	3	746	744	1	0.677	11	None	GENOMAD.068048.VV	1.336e-13	73	0	0	1	2561	Caudoviricetes	NA	NA	PF20307;TIGR03600;K02314;COG0305	phage replicative helicase, DnaB family, HK022 subfamily
k127_219946_1	1	423	423	-1	0.697	11	None	GENOMAD.060259.VV	2.83e-06	48	0	0	1	2561	Caudoviricetes	NA	NA	PF20307;TIGR02236;COG0468;K04484	Divergent DnaB-like ATPase
k127_302712_1	2	301	300	-1	0.687	11	None	GENOMAD.068048.VV	2.711e-17	78	0	0	1	2561	Caudoviricetes	NA	NA	PF20307;TIGR03600;K02314;COG0305	phage replicative helicase, DnaB family, HK022 subfamily
k127_632757_1	672	3956	3285	-1	0.684	11	GGAGG	GENOMAD.020821.VV	2.808e-16	87	0	0	1	2561	Caudoviricetes	NA	NA	PF05876;PF16203;K14440;COG5410;TIGR04095	ERCC4-related helicase
k127_137649_1	2	1051	1050	1	0.704	11	None	GENOMAD.032636.VV	8.027e-10	63	0	0	1	2561	Caudoviricetes	NA	NA	PF20307;PF07486;TIGR02239;COG0468;K18947	Divergent DnaB-like ATPase; Cell Wall Hydrolase
k127_137649_2	1061	1201	141	1	0.652	11	None	NA	NA	NA	0	0	0	1	NA	NA	NA	NA	NA
k127_385016_1	1	606	606	-1	0.698	11	None	GENOMAD.023991.VV	9.024e-18	84	0	0	1	2561	Caudoviricetes	NA	NA	COG5410	Mu-like prophage FluMu protein gp28
k127_220713_1	74	937	864	-1	0.686	11	None	GENOMAD.068048.VV	1.254e-13	74	0	0	1	2561	Caudoviricetes	NA	NA	PF20307;TIGR03600;K02314;COG0305	phage replicative helicase, DnaB family, HK022 subfamily
k127_716543_1	1	312	312	1	0.551	11	None	GENOMAD.060259.VV	8.788e-07	48	0	0	1	2561	Caudoviricetes	NA	NA	PF20307;TIGR02236;COG0468;K04484	Divergent DnaB-like ATPase
k127_385596_1	1	78	78	-1	0.590	11	AGGAG	NA	NA	NA	0	0	0	1	NA	NA	NA	NA	NA
k127_385596_2	110	859	750	-1	0.665	11	None	GENOMAD.053137.VV	2.767e-37	143	0	0	1	2561	Caudoviricetes	NA	NA	PF17482	Phage tail sheath C-terminal domain
k127_221970_1	1	333	333	1	0.631	11	None	GENOMAD.100194.VV	7.8e-11	60	0	0	1	2561	Caudoviricetes	NA	NA	PF04466;TIGR01547;COG5323	Phage terminase large subunit
k127_222195_1	2	388	387	1	0.698	11	None	GENOMAD.004221.VV	2.134e-05	45	0	0	1	2561	Caudoviricetes	NA	NA	PF09293	T4 RNase H, C terminal
k127_634829_1	2	451	450	1	0.669	11	None	GENOMAD.123040.VV	4.624e-15	74	0	0	1	2561	Caudoviricetes	NA	NA	PF09681;TIGR01714	NA
k127_139673_1	1	315	315	1	0.702	11	None	GENOMAD.053137.VV	7.526e-09	54	0	0	1	2561	Caudoviricetes	NA	NA	PF17482	Phage tail sheath C-terminal domain
k127_57629_1	2	319	318	1	0.632	11	None	GENOMAD.136881.VP	3.868e-08	52	0	0	1	2561	Caudoviricetes	NA	NA	PF09588;TIGR03033;COG5377	putative phage-type endonuclease
k127_140524_1	3	155	153	-1	0.614	11	None	NA	NA	NA	0	0	0	1	NA	NA	NA	NA	NA
k127_140524_2	166	561	396	-1	0.649	11	None	GENOMAD.068048.VV	2.137e-16	77	0	0	1	2561	Caudoviricetes	NA	NA	PF20307;TIGR03600;K02314;COG0305	phage replicative helicase, DnaB family, HK022 subfamily
k127_223285_1	3	617	615	-1	0.683	11	None	GENOMAD.053137.VV	8.989e-32	125	0	0	1	2561	Caudoviricetes	NA	NA	PF17482	Phage tail sheath C-terminal domain
k127_801121_1	1	177	177	1	0.712	11	None	NA	NA	NA	0	0	0	1	NA	NA	NA	NA	NA
k127_801121_2	194	883	690	1	0.714	11	GGA/GAG/AGG	GENOMAD.065578.VV	3.615e-35	136	0	0	1	2561	Caudoviricetes	NA	NA	PF04860;PF04233;TIGR01537;COG4695;K06904	phage portal protein, HK97 family
k127_388269_1	2	82	81	-1	0.778	11	None	NA	NA	NA	0	0	0	1	NA	NA	NA	NA	NA
k127_388269_2	98	628	531	-1	0.706	11	None	GENOMAD.144205.VV	0.000136	44	0	0	1	1	NA	NA	NA	COG3772;K01185	Phage-related lysozyme (muramidase), GH24 family
k127_471591_1	3	326	324	1	0.590	11	None	GENOMAD.195532.VP	2.455e-05	44	0	0	1	2561	Caudoviricetes	NA	NA	PF03354;COG4626;TIGR01547	Phage terminase-like protein, large subunit, contains N-terminal HTH domain
k127_141042_1	2	595	594	1	0.729	11	None	GENOMAD.195648.VP	9.155e-05	45	0	0	1	9067	Straboviridae	NA	NA	PF20025;PF01331;PF14743;K18951;TIGR04120;COG1793	DNA ligase, ATP-dependent, PP_1105 family
k127_472062_1	36	767	732	-1	0.689	11	None	GENOMAD.053137.VV	8.256e-41	153	0	0	1	2561	Caudoviricetes	NA	NA	PF17482	Phage tail sheath C-terminal domain
k127_720022_1	18	875	858	1	0.564	11	GGA/GAG/AGG	GENOMAD.057710.VV	2.902e-06	51	0	0	1	2561	Caudoviricetes	NA	NA	PF00589;PF04860;K07358;TIGR01537	Phage integrase family; Phage portal protein
k127_720022_2	937	1083	147	1	0.571	11	AGGAG/GGAGG	NA	NA	NA	0	0	0	1	NA	NA	NA	NA	NA
k127_802099_1	3	407	405	-1	0.719	11	None	GENOMAD.068048.VV	7.693e-12	64	0	0	1	2561	Caudoviricetes	NA	NA	PF20307;TIGR03600;K02314;COG0305	phage replicative helicase, DnaB family, HK022 subfamily
k127_307738_1	2	391	390	-1	0.603	11	None	GENOMAD.068048.VV	3.988e-08	53	0	0	1	2561	Caudoviricetes	NA	NA	PF20307;TIGR03600;K02314;COG0305	phage replicative helicase, DnaB family, HK022 subfamily
k127_308327_1	33	431	399	1	0.624	11	GGA/GAG/AGG	GENOMAD.081804.VV	2.986e-13	68	0	0	1	2561	Caudoviricetes	NA	NA	PF05876;COG5410	Phage terminase, large subunit GpA
k127_638611_1	1	477	477	-1	0.665	11	None	GENOMAD.068048.VV	1.473e-13	70	0	0	1	2561	Caudoviricetes	NA	NA	PF20307;TIGR03600;K02314;COG0305	phage replicative helicase, DnaB family, HK022 subfamily
k127_722016_1	1	105	105	1	0.724	11	None	NA	NA	NA	0	0	0	1	NA	NA	NA	NA	NA
k127_722016_2	102	623	522	-1	0.651	11	None	GENOMAD.026355.VV	3.67e-18	84	0	0	1	2561	Caudoviricetes	NA	NA	PF20307;TIGR02238	Divergent DnaB-like ATPase
k127_390815_1	3	251	249	-1	0.643	11	AGGAG	GENOMAD.129169.VV	3.867e-07	48	0	0	1	2561	Caudoviricetes	NA	NA	COG4675	Microcystin-dependent protein  (function unknown)
k127_390815_2	267	782	516	-1	0.634	11	AGGAG	GENOMAD.159194.VV	1.23e-07	53	0	0	1	2561	Caudoviricetes	NA	NA	COG4675	Microcystin-dependent protein  (function unknown)
k127_557573_1	1	411	411	-1	0.645	11	None	GENOMAD.053137.VV	1.427e-23	98	0	0	1	2561	Caudoviricetes	NA	NA	PF17482	Phage tail sheath C-terminal domain
k127_143774_1	10	546	537	-1	0.713	11	None	GENOMAD.057710.VV	6.715e-07	51	0	0	1	2561	Caudoviricetes	NA	NA	PF00589;PF04860;K07358;TIGR01537	Phage integrase family; Phage portal protein
k127_474379_1	175	996	822	-1	0.695	11	None	GENOMAD.013210.VV	1.745e-31	127	0	0	1	2561	Caudoviricetes	NA	NA	PF00211;PF08994;PF08993;COG2114	Adenylate and Guanylate cyclase catalytic domain; T4 gene Gp59 loader of gp41 DNA helicase C-term; T4 gene Gp59 loader of gp41 DNA helicase
k127_309793_1	1	408	408	-1	0.740	11	None	GENOMAD.097639.VV	8.912e-20	87	0	0	1	2561	Caudoviricetes	NA	NA	PF17289;TIGR01630;COG5362	phage uncharacterized protein (putative large terminase), C-terminal domain
k127_310514_1	2	115	114	-1	0.702	11	GGAG/GAGG	NA	NA	NA	0	0	0	1	NA	NA	NA	NA	NA
k127_310514_2	195	602	408	-1	0.691	11	GGA/GAG/AGG	GENOMAD.069334.VV	4.057e-28	111	0	0	0	2561	Caudoviricetes	NA	NA	NA	NA
k127_310514_3	618	926	309	-1	0.754	11	None	GENOMAD.126682.VV	3.671e-07	49	0	0	1	1	NA	NA	NA	PF09124	T4 recombination endonuclease VII, dimerisation
k127_805792_1	3	425	423	-1	0.600	11	None	GENOMAD.194580.VP	2.345e-28	112	0	0	1	2561	Caudoviricetes	NA	NA	PF03354;PF05521;PF20441;COG4626;TIGR01563	Phage terminase-like protein, large subunit, contains N-terminal HTH domain
k127_805792_2	385	690	306	-1	0.556	11	None	GENOMAD.147283.VV	7.872e-07	48	0	0	1	2561	Caudoviricetes	NA	NA	PF05119;COG3747;TIGR01558	Phage terminase, small subunit
k127_392861_1	1	438	438	1	0.674	11	None	GENOMAD.068048.VV	3.587e-16	77	0	0	1	2561	Caudoviricetes	NA	NA	PF20307;TIGR03600;K02314;COG0305	phage replicative helicase, DnaB family, HK022 subfamily
k127_146127_1	3	1067	1065	-1	0.655	11	GGA/GAG/AGG	GENOMAD.054771.VV	1.289e-07	56	0	0	0	2561	Caudoviricetes	NA	NA	NA	NA
k127_146127_2	1064	1390	327	-1	0.651	11	None	GENOMAD.044673.VV	2.25e-06	47	0	0	1	2561	Caudoviricetes	NA	NA	PF04965;K06903;COG3628;TIGR03357	Phage baseplate assembly protein W
k127_560178_1	3	611	609	-1	0.681	11	None	GENOMAD.008701.VV	9.706e-17	81	0	0	1	2561	Caudoviricetes	NA	NA	PF17541;COG3497	Type VI secretion system, TssC, VipB
k127_312122_1	626	1138	513	-1	0.674	11	AGGAG	GENOMAD.160517.VP	1.201e-07	53	0	0	1	2561	Caudoviricetes	NA	NA	PF07141;COG2963	Putative bacteriophage terminase small subunit
k127_477617_1	3	353	351	-1	0.675	11	None	GENOMAD.122996.VV	4.13e-20	87	0	0	1	2561	Caudoviricetes	NA	NA	PF17482	Phage tail sheath C-terminal domain
k127_229783_1	35	538	504	-1	0.734	11	None	GENOMAD.057710.VV	5.332e-06	48	0	0	1	2561	Caudoviricetes	NA	NA	PF00589;PF04860;K07358;TIGR01537	Phage integrase family; Phage portal protein
k127_147559_1	27	635	609	-1	0.695	11	None	GENOMAD.053137.VV	5.014e-38	143	0	0	1	2561	Caudoviricetes	NA	NA	PF17482	Phage tail sheath C-terminal domain
k127_726379_1	2	616	615	1	0.699	11	None	GENOMAD.195646.VP	1.07e-05	48	0	0	1	2561	Caudoviricetes	NA	NA	PF11114;TIGR01725	phage protein, HK97 gp10 family
k127_808357_1	3	422	420	1	0.738	11	None	GENOMAD.025895.VV	6.28e-05	44	0	0	1	2561	Caudoviricetes	NA	NA	PF20387	NA
k127_561944_1	3	959	957	1	0.690	11	None	GENOMAD.068048.VV	2.491e-17	86	0	0	1	2561	Caudoviricetes	NA	NA	PF20307;TIGR03600;K02314;COG0305	phage replicative helicase, DnaB family, HK022 subfamily
k127_230923_1	3	425	423	-1	0.612	11	None	GENOMAD.212786.VV	1.353e-05	46	0	0	1	2561	Caudoviricetes	NA	NA	PF20307;PF00772;TIGR00665;K02314;COG0305	replicative DNA helicase
k127_65989_1	3	392	390	1	0.674	11	None	GENOMAD.068048.VV	4.014e-17	79	0	0	1	2561	Caudoviricetes	NA	NA	PF20307;TIGR03600;K02314;COG0305	phage replicative helicase, DnaB family, HK022 subfamily
k127_65989_2	396	458	63	1	0.762	11	GGAG/GAGG	NA	NA	NA	0	0	0	1	NA	NA	NA	NA	NA
k127_479450_1	3	431	429	-1	0.706	11	GGAGG	GENOMAD.095876.VV	6.526e-06	47	0	0	1	2561	Caudoviricetes	NA	NA	PF20307;K18947;TIGR02236	Divergent DnaB-like ATPase
k127_479450_2	434	607	174	1	0.759	11	None	NA	NA	NA	0	0	0	1	NA	NA	NA	NA	NA
k127_480355_1	2	472	471	1	0.694	11	None	GENOMAD.205389.VV	8.127e-39	143	0	0	1	2561	Caudoviricetes	NA	NA	PF05136;TIGR01539;COG5511;K09961	phage portal protein, lambda family
k127_480585_1	3	209	207	-1	0.652	11	None	NA	NA	NA	0	0	0	1	NA	NA	NA	NA	NA
k127_480585_2	283	873	591	-1	0.638	11	None	GENOMAD.068048.VV	1.739e-16	80	0	0	1	2561	Caudoviricetes	NA	NA	PF20307;TIGR03600;K02314;COG0305	phage replicative helicase, DnaB family, HK022 subfamily
k127_316218_1	1	372	372	-1	0.761	11	None	GENOMAD.054349.VV	1.844e-05	45	0	0	1	2561	Caudoviricetes	NA	NA	PF18751;TIGR00041;COG4185;K00891	P-loop Nucleotide Kinase3
k127_68889_1	2	754	753	-1	0.656	11	None	GENOMAD.013210.VV	2.978e-48	175	0	0	1	2561	Caudoviricetes	NA	NA	PF00211;PF08994;PF08993;COG2114	Adenylate and Guanylate cyclase catalytic domain; T4 gene Gp59 loader of gp41 DNA helicase C-term; T4 gene Gp59 loader of gp41 DNA helicase
k127_317064_1	58	528	471	-1	0.660	11	None	GENOMAD.053137.VV	8.01e-30	117	0	0	1	2561	Caudoviricetes	NA	NA	PF17482	Phage tail sheath C-terminal domain
k127_69490_1	2	364	363	1	0.694	11	None	GENOMAD.205389.VV	6.082e-34	127	0	0	1	2561	Caudoviricetes	NA	NA	PF05136;TIGR01539;COG5511;K09961	phage portal protein, lambda family
k127_317319_1	20	466	447	-1	0.716	11	None	GENOMAD.013210.VV	1.533e-18	84	0	0	1	2561	Caudoviricetes	NA	NA	PF00211;PF08994;PF08993;COG2114	Adenylate and Guanylate cyclase catalytic domain; T4 gene Gp59 loader of gp41 DNA helicase C-term; T4 gene Gp59 loader of gp41 DNA helicase
k127_234970_1	2	838	837	-1	0.744	11	None	GENOMAD.071900.VV	2.256e-55	197	0	0	1	2561	Caudoviricetes	NA	NA	PF13479;TIGR01618;COG2087;K04484	phage nucleotide-binding protein
k127_647342_1	1	447	447	-1	0.685	11	None	GENOMAD.010604.VV	2.692e-11	63	0	0	1	2561	Caudoviricetes	NA	NA	PF17541;COG3497	Phage tail sheath protein FI
k127_566463_1	2	370	369	1	0.667	11	None	GENOMAD.068048.VV	3.678e-15	73	0	0	1	2561	Caudoviricetes	NA	NA	PF20307;TIGR03600;K02314;COG0305	phage replicative helicase, DnaB family, HK022 subfamily
k127_731334_1	3	380	378	-1	0.646	11	None	GENOMAD.205389.VV	1.242e-11	63	0	0	1	2561	Caudoviricetes	NA	NA	PF05136;TIGR01539;COG5511;K09961	phage portal protein, lambda family
k127_235613_1	1	369	369	1	0.566	11	None	GENOMAD.140749.VP	1.07e-20	89	0	0	1	2561	Caudoviricetes	NA	NA	PF17288	Terminase RNAseH like domain
k127_152844_1	3	713	711	-1	0.702	11	None	GENOMAD.013124.VV	2.207e-10	63	0	0	1	377	Drexlerviridae	NA	NA	PF13262;COG5410	NA
k127_566867_1	2	412	411	1	0.650	11	None	GENOMAD.192716.VV	1.833e-70	233	0	0	1	2561	Caudoviricetes	NA	NA	PF04865;COG3299	Baseplate J-like protein
k127_153908_1	1	375	375	1	0.568	11	None	NA	NA	NA	0	0	0	1	NA	NA	NA	NA	NA
k127_153908_2	388	879	492	1	0.555	11	AGGAG	GENOMAD.005158.VV	4.658e-08	54	0	0	1	2561	Caudoviricetes	NA	NA	PF04586;PF13395;TIGR02646;K06904	TIGR02646 family protein
k127_237012_1	1	357	357	1	0.686	11	None	GENOMAD.068048.VV	2.856e-16	76	0	0	1	2561	Caudoviricetes	NA	NA	PF20307;TIGR03600;K02314;COG0305	phage replicative helicase, DnaB family, HK022 subfamily
k127_237012_2	354	512	159	1	0.736	11	None	NA	NA	NA	0	0	0	1	NA	NA	NA	NA	NA
k127_649558_1	34	702	669	-1	0.753	11	None	GENOMAD.057710.VV	6.005e-05	46	0	0	1	2561	Caudoviricetes	NA	NA	PF00589;PF04860;K07358;TIGR01537	Phage integrase family; Phage portal protein
k127_401970_1	2	412	411	1	0.686	11	None	GENOMAD.070325.VV	1.216e-05	46	0	0	1	1	NA	NA	NA	PF09293	T4 RNase H, C terminal
k127_733388_1	1	645	645	-1	0.701	11	None	GENOMAD.068048.VV	3.156e-12	68	0	0	1	2561	Caudoviricetes	NA	NA	PF20307;TIGR03600;K02314;COG0305	phage replicative helicase, DnaB family, HK022 subfamily
k127_237723_1	2	532	531	-1	0.682	11	None	GENOMAD.169508.VP	5.56e-13	69	0	0	1	2561	Caudoviricetes	NA	NA	PF04708;PF13262;COG1961;K14060	Site-specific DNA recombinase related to the DNA invertase Pin
k127_569188_1	1	846	846	1	0.693	11	None	GENOMAD.013210.VV	2.422e-13	73	0	0	1	2561	Caudoviricetes	NA	NA	PF00211;PF08994;PF08993;COG2114	Adenylate and Guanylate cyclase catalytic domain; T4 gene Gp59 loader of gp41 DNA helicase C-term; T4 gene Gp59 loader of gp41 DNA helicase
k127_569188_2	804	1034	231	1	0.675	11	GGAG/GAGG	NA	NA	NA	0	0	0	1	NA	NA	NA	NA	NA
k127_238147_1	3	389	387	-1	0.705	11	None	GENOMAD.068048.VV	8.522e-08	52	0	0	1	2561	Caudoviricetes	NA	NA	PF20307;TIGR03600;K02314;COG0305	phage replicative helicase, DnaB family, HK022 subfamily
k127_73088_1	3	632	630	1	0.511	11	None	GENOMAD.065057.VV	2.402e-05	47	0	0	0	2561	Caudoviricetes	NA	NA	PF13524	Glycosyl transferases group 1
k127_73088_2	748	1569	822	1	0.501	11	GGA/GAG/AGG	NA	NA	NA	0	0	0	1	NA	NA	NA	NA	NA
k127_73088_3	1635	1742	108	1	0.574	11	None	NA	NA	NA	0	0	0	1	NA	NA	NA	NA	NA
k127_73088_4	1891	2751	861	1	0.573	11	GGxGG	NA	NA	NA	0	0	0	1	NA	NA	NA	NA	NA
k127_569847_1	1	402	402	-1	0.662	11	None	GENOMAD.068048.VV	7.432e-12	64	0	0	1	2561	Caudoviricetes	NA	NA	PF20307;TIGR03600;K02314;COG0305	phage replicative helicase, DnaB family, HK022 subfamily
k127_156170_1	77	568	492	-1	0.675	11	None	GENOMAD.053137.VV	8.88e-32	123	0	0	1	2561	Caudoviricetes	NA	NA	PF17482	Phage tail sheath C-terminal domain
k127_321877_1	3	98	96	-1	0.698	11	GGAGG	NA	NA	NA	0	0	0	1	NA	NA	NA	NA	NA
k127_321877_2	124	423	300	-1	0.667	11	None	GENOMAD.068048.VV	1.962e-12	64	0	0	1	2561	Caudoviricetes	NA	NA	PF20307;TIGR03600;K02314;COG0305	phage replicative helicase, DnaB family, HK022 subfamily
k127_570728_1	2	70	69	-1	0.696	11	GGAG/GAGG	NA	NA	NA	0	0	0	1	NA	NA	NA	NA	NA
k127_570728_2	67	363	297	-1	0.670	11	None	GENOMAD.068048.VV	1.04e-10	59	0	0	1	2561	Caudoviricetes	NA	NA	PF20307;TIGR03600;K02314;COG0305	phage replicative helicase, DnaB family, HK022 subfamily
k127_322400_1	3	635	633	1	0.670	11	None	GENOMAD.193019.VV	2.336e-19	89	0	0	1	2561	Caudoviricetes	NA	NA	PF17541;COG3497;TIGR02243	Phage tail sheath protein FI
k127_571118_1	2	229	228	-1	0.706	11	GGA/GAG/AGG	NA	NA	NA	0	0	0	1	NA	NA	NA	NA	NA
k127_571118_2	232	567	336	-1	0.690	11	None	GENOMAD.068048.VV	8.575e-10	57	0	0	1	2561	Caudoviricetes	NA	NA	PF20307;TIGR03600;K02314;COG0305	phage replicative helicase, DnaB family, HK022 subfamily
k127_404489_1	3	884	882	-1	0.712	11	None	GENOMAD.013210.VV	2.938e-13	73	0	0	1	2561	Caudoviricetes	NA	NA	PF00211;PF08994;PF08993;COG2114	Adenylate and Guanylate cyclase catalytic domain; T4 gene Gp59 loader of gp41 DNA helicase C-term; T4 gene Gp59 loader of gp41 DNA helicase
k127_653021_1	3	563	561	1	0.620	11	None	GENOMAD.068048.VV	1.474e-14	74	0	0	1	2561	Caudoviricetes	NA	NA	PF20307;TIGR03600;K02314;COG0305	phage replicative helicase, DnaB family, HK022 subfamily
k127_75670_1	2	421	420	-1	0.683	11	None	GENOMAD.053137.VV	6.028e-26	105	0	0	1	2561	Caudoviricetes	NA	NA	PF17482	Phage tail sheath C-terminal domain
k127_488936_1	2	700	699	-1	0.698	11	None	GENOMAD.057710.VV	8.527e-08	55	0	0	1	2561	Caudoviricetes	NA	NA	PF00589;PF04860;K07358;TIGR01537	Phage integrase family; Phage portal protein
k127_572684_1	2	271	270	1	0.648	11	None	GENOMAD.145246.VP	2.752e-05	43	0	0	1	2561	Caudoviricetes	NA	NA	PF11114;TIGR01725;COG5005	phage protein, HK97 gp10 family
k127_572684_2	268	429	162	1	0.648	11	GGA/GAG/AGG	NA	NA	NA	0	0	0	1	NA	NA	NA	NA	NA
k127_405816_1	1	66	66	1	0.621	11	None	NA	NA	NA	0	0	0	1	NA	NA	NA	NA	NA
k127_405816_2	77	418	342	1	0.637	11	AGGA	GENOMAD.048823.VV	1.145e-07	51	0	0	1	2561	Caudoviricetes	NA	NA	PF05954;TIGR03361;COG3500;K06905	type VI secretion system Vgr family protein
k127_572797_1	2	331	330	1	0.645	11	None	GENOMAD.183754.VP	2.539e-05	44	0	0	1	2561	Caudoviricetes	NA	NA	COG4675	Microcystin-dependent protein  (function unknown)
k127_572797_2	341	631	291	1	0.643	11	AGGAG	GENOMAD.129169.VV	3.039e-07	49	0	0	1	2561	Caudoviricetes	NA	NA	COG4675	Microcystin-dependent protein  (function unknown)
k127_489765_1	1	375	375	-1	0.672	11	None	GENOMAD.180852.VV	9.182e-05	43	0	0	1	1	NA	NA	NA	PF06892;TIGR02612;COG1476;K07727	mobile mystery protein A
k127_573312_1	1	393	393	1	0.626	11	None	GENOMAD.169508.VP	7.317e-20	87	0	0	1	2561	Caudoviricetes	NA	NA	PF04708;PF13262;COG1961;K14060	Site-specific DNA recombinase related to the DNA invertase Pin
k127_819609_1	2	349	348	1	0.675	11	None	GENOMAD.205389.VV	1.783e-36	134	0	0	1	2561	Caudoviricetes	NA	NA	PF05136;TIGR01539;COG5511;K09961	phage portal protein, lambda family
k127_77133_1	51	305	255	-1	0.667	11	None	GENOMAD.068048.VV	2.57e-11	60	0	0	1	2561	Caudoviricetes	NA	NA	PF20307;TIGR03600;K02314;COG0305	phage replicative helicase, DnaB family, HK022 subfamily
k127_406963_1	1	327	327	-1	0.719	11	None	GENOMAD.044278.VV	1.146e-05	45	0	0	1	2561	Caudoviricetes	NA	NA	PF04965;COG3628;TIGR03357;K06903	Phage baseplate assembly protein W
k127_655248_1	2	319	318	-1	0.714	11	None	GENOMAD.060259.VV	2.098e-06	47	0	0	1	2561	Caudoviricetes	NA	NA	PF20307;TIGR02236;COG0468;K04484	Divergent DnaB-like ATPase
k127_738519_1	1	378	378	-1	0.698	11	None	GENOMAD.060259.VV	4.04e-06	47	0	0	1	2561	Caudoviricetes	NA	NA	PF20307;TIGR02236;COG0468;K04484	Divergent DnaB-like ATPase
k127_326005_1	2	292	291	-1	0.526	11	GGA/GAG/AGG	GENOMAD.016757.VV	2.742e-08	52	0	0	1	2561	Caudoviricetes	NA	NA	COG5410	NA
k127_326005_2	306	692	387	-1	0.618	11	AGGA	GENOMAD.157569.VV	4.553e-05	44	0	0	0	1	NA	NA	NA	PF18932	NA
k127_326005_3	682	780	99	-1	0.616	11	None	NA	NA	NA	0	0	0	1	NA	NA	NA	NA	NA
k127_739240_1	3	662	660	-1	0.659	11	None	GENOMAD.068048.VV	1.571e-15	78	0	0	1	2561	Caudoviricetes	NA	NA	PF20307;TIGR03600;K02314;COG0305	phage replicative helicase, DnaB family, HK022 subfamily
k127_739362_1	1	87	87	1	0.621	11	None	NA	NA	NA	0	0	0	1	NA	NA	NA	NA	NA
k127_739362_2	81	305	225	1	0.671	11	AGGAG/GGAGG	GENOMAD.104311.VV	2.739e-07	48	0	0	1	1	NA	NA	NA	PF08273;TIGR01391;COG0358	Zinc-binding domain of primase-helicase
k127_408412_1	2	382	381	1	0.675	11	None	GENOMAD.056845.VV	2.968e-44	157	0	0	1	2561	Caudoviricetes	NA	NA	PF19821;TIGR04387	Phage capsid protein
k127_408417_1	3	317	315	-1	0.679	11	None	GENOMAD.056845.VV	2.644e-35	130	0	0	1	2561	Caudoviricetes	NA	NA	PF19821;TIGR04387	Phage capsid protein
k127_244064_1	2	295	294	-1	0.711	11	GGxGG	GENOMAD.061355.VV	1.814e-20	87	0	0	1	2561	Caudoviricetes	NA	NA	PF12691	Bacteriophage minor capsid protein
k127_408778_1	3	953	951	-1	0.587	11	None	GENOMAD.194580.VP	5.199e-51	186	0	0	1	2561	Caudoviricetes	NA	NA	PF03354;PF05521;PF20441;COG4626;TIGR01563	Phage terminase-like protein, large subunit, contains N-terminal HTH domain
k127_822021_1	2	424	423	-1	0.664	11	None	GENOMAD.062910.VV	1.353e-05	46	0	0	1	2561	Caudoviricetes	NA	NA	PF11242;TIGR02844;K06283;COG4584	sporulation transcriptional regulator SpoIIID
k127_576115_1	3	635	633	-1	0.738	11	None	GENOMAD.013210.VV	1.117e-18	87	0	0	1	2561	Caudoviricetes	NA	NA	PF00211;PF08994;PF08993;COG2114	Adenylate and Guanylate cyclase catalytic domain; T4 gene Gp59 loader of gp41 DNA helicase C-term; T4 gene Gp59 loader of gp41 DNA helicase
k127_740948_1	2	400	399	-1	0.692	11	None	GENOMAD.068048.VV	4.28e-18	82	0	0	1	2561	Caudoviricetes	NA	NA	PF20307;TIGR03600;K02314;COG0305	phage replicative helicase, DnaB family, HK022 subfamily
k127_493174_1	1	699	699	1	0.592	11	None	GENOMAD.068048.VV	2.113e-13	72	0	0	1	2561	Caudoviricetes	NA	NA	PF20307;TIGR03600;K02314;COG0305	phage replicative helicase, DnaB family, HK022 subfamily
k127_493174_2	711	833	123	-1	0.634	11	None	NA	NA	NA	0	0	0	1	NA	NA	NA	NA	NA
k127_162782_1	2	412	411	-1	0.667	11	None	GENOMAD.142437.VP	2.315e-43	155	0	0	1	2561	Caudoviricetes	NA	NA	PF04466;PF17288;TIGR01547;COG1783;K06909	phage terminase, large subunit, PBSX family
k127_80506_1	3	359	357	1	0.608	11	None	GENOMAD.053137.VV	2.134e-19	85	0	0	1	2561	Caudoviricetes	NA	NA	PF17482	Phage tail sheath C-terminal domain
k127_80506_2	380	655	276	1	0.627	11	GGAGG	NA	NA	NA	0	0	0	1	NA	NA	NA	NA	NA
k127_246740_1	3	785	783	1	0.559	11	None	GENOMAD.046845.VV	5.358e-32	128	0	0	0	2561	Caudoviricetes	NA	NA	PF10431	NA
k127_246740_2	918	2372	1455	1	0.612	11	None	NA	NA	NA	0	0	0	1	NA	NA	NA	NA	NA
k127_246756_1	1	336	336	1	0.631	11	None	GENOMAD.053137.VV	4.981e-24	98	0	0	1	2561	Caudoviricetes	NA	NA	PF17482	Phage tail sheath C-terminal domain
k127_164002_1	3	326	324	1	0.654	11	None	GENOMAD.068048.VV	8.157e-17	77	0	0	1	2561	Caudoviricetes	NA	NA	PF20307;TIGR03600;K02314;COG0305	phage replicative helicase, DnaB family, HK022 subfamily
k127_742710_1	1	432	432	1	0.704	11	None	GENOMAD.192716.VV	2.912e-27	109	0	0	1	2561	Caudoviricetes	NA	NA	PF04865;COG3299	Baseplate J-like protein
k127_412127_1	58	204	147	-1	0.633	11	AGGA	NA	NA	NA	0	0	0	1	NA	NA	NA	NA	NA
k127_412127_2	244	735	492	-1	0.675	11	None	GENOMAD.053137.VV	4.001e-32	124	0	0	1	2561	Caudoviricetes	NA	NA	PF17482	Phage tail sheath C-terminal domain
