gene	start	end	length	strand	gc_content	genetic_code	rbs_motif	marker	evalue	bitscore	uscg	plasmid_hallmark	virus_hallmark	taxid	taxname	annotation_conjscan	annotation_amr	annotation_accessions	annotation_description
k127_279367_1	2	439	438	1	0.632	11	None	GENOMAD.169508.VP	2.283e-12	66	0	0	1	2561	Caudoviricetes	NA	NA	PF04708;PF13262;COG1961;K14060	Site-specific DNA recombinase related to the DNA invertase Pin
k127_279440_1	2	574	573	1	0.595	11	None	GENOMAD.160821.VV	3.866e-05	46	0	0	1	2561	Caudoviricetes	NA	NA	PF05065;TIGR01554;COG4653	phage major capsid protein, HK97 family
k127_119941_1	2	190	189	-1	0.471	11	GGAGG	GENOMAD.061311.VV	2.765e-09	53	0	0	1	2561	Caudoviricetes	NA	NA	PF17212	Tail tubular protein
k127_119941_2	191	349	159	-1	0.553	11	None	GENOMAD.037481.VV	2.762e-18	78	0	0	0	2561	Caudoviricetes	NA	NA	NA	NA
k127_279526_1	1	327	327	1	0.648	11	None	GENOMAD.068048.VV	1.084e-14	71	0	0	1	2561	Caudoviricetes	NA	NA	PF20307;TIGR03600;K02314;COG0305	phage replicative helicase, DnaB family, HK022 subfamily
k127_239637_1	1	315	315	1	0.663	11	None	GENOMAD.033798.VV	3.725e-16	75	0	0	1	2561	Caudoviricetes	NA	NA	PF11134	Phage stabilisation protein
k127_239698_1	3	368	366	1	0.533	11	None	GENOMAD.170863.VC	1.737e-05	45	0	0	1	1	NA	NA	NA	PF00944;TIGR02038;COG0265	periplasmic serine pepetdase DegS
k127_319694_1	2	382	381	1	0.664	11	None	GENOMAD.167887.VP	6.317e-11	61	0	0	1	2561	Caudoviricetes	NA	NA	PF04860;TIGR01537;COG4383	phage portal protein, HK97 family
k127_160331_1	1	300	300	-1	0.523	11	None	GENOMAD.025473.VV	2.917e-24	98	0	0	1	2561	Caudoviricetes	NA	NA	PF03237;TIGR01547;COG5323	phage terminase, large subunit, PBSX family
k127_240342_1	3	560	558	1	0.604	11	None	GENOMAD.169508.VP	7.609e-11	63	0	0	1	2561	Caudoviricetes	NA	NA	PF04708;PF13262;COG1961;K14060	Site-specific DNA recombinase related to the DNA invertase Pin
k127_120938_1	1	348	348	1	0.397	11	None	GENOMAD.219701.VP	2.408e-41	148	0	0	1	2561	Caudoviricetes	NA	NA	PF06381;TIGR01555;K09961;COG3567	phage-related protein, HI1409 family
k127_121083_1	3	617	615	1	0.582	11	None	GENOMAD.169508.VP	1.859e-20	92	0	0	1	2561	Caudoviricetes	NA	NA	PF04708;PF13262;COG1961;K14060	Site-specific DNA recombinase related to the DNA invertase Pin
k127_81401_1	2	475	474	-1	0.650	11	None	GENOMAD.099865.VV	5.101e-27	109	0	0	1	2561	Caudoviricetes	NA	NA	PF04466;PF17289;TIGR01547;COG5323;K06909	phage terminase, large subunit, PBSX family
k127_41539_1	2	391	390	-1	0.556	11	None	GENOMAD.014028.VV	5.451e-14	70	0	0	1	2561	Caudoviricetes	NA	NA	PF13252;TIGR04387	major capsid protein, N4-gp56 family
k127_320784_1	1	915	915	1	0.646	11	None	GENOMAD.169508.VP	4.575e-19	91	0	0	1	2561	Caudoviricetes	NA	NA	PF04708;PF13262;COG1961;K14060	Site-specific DNA recombinase related to the DNA invertase Pin
k127_161555_1	130	438	309	1	0.612	11	None	GENOMAD.208744.VP	3.809e-07	49	0	0	1	2561	Caudoviricetes	NA	NA	PF07141	Putative bacteriophage terminase small subunit
k127_361086_1	1	339	339	-1	0.634	11	None	GENOMAD.022740.VV	1.566e-20	88	0	0	1	2561	Caudoviricetes	NA	NA	PF17482;PF00062	Phage tail sheath C-terminal domain; C-type lysozyme/alpha-lactalbumin family
k127_201493_1	3	368	366	1	0.669	11	None	GENOMAD.223594.VP	7.64e-06	46	0	0	1	2561	Caudoviricetes	NA	NA	PF11994;PF09684;TIGR01634;COG4385	phage tail protein, P2 protein I family
k127_201493_2	365	514	150	1	0.693	11	GGAG/GAGG	NA	NA	NA	0	0	0	1	NA	NA	NA	NA	NA
k127_241404_1	2	415	414	1	0.633	11	None	GENOMAD.023991.VV	3.856e-12	65	0	0	1	2561	Caudoviricetes	NA	NA	COG5410	Mu-like prophage FluMu protein gp28
k127_201646_1	1	111	111	-1	0.676	11	None	GENOMAD.147427.VP	1.208e-05	41	0	0	1	2561	Caudoviricetes	NA	NA	PF07141	Putative bacteriophage terminase small subunit
k127_201646_2	135	413	279	-1	0.659	11	None	GENOMAD.038338.VV	5.868e-14	68	0	0	0	2561	Caudoviricetes	NA	NA	COG3392	NA
k127_281691_1	17	430	414	1	0.618	11	GGAG/GAGG	GENOMAD.068048.VV	5.184e-18	82	0	0	1	2561	Caudoviricetes	NA	NA	PF20307;TIGR03600;K02314;COG0305	phage replicative helicase, DnaB family, HK022 subfamily
k127_122406_1	3	338	336	-1	0.619	11	None	GENOMAD.181728.VV	2.581e-06	47	0	0	1	2561	Caudoviricetes	NA	NA	PF09588;COG5377;TIGR03033	Phage-related protein, predicted endonuclease
k127_162565_1	3	416	414	1	0.597	11	None	GENOMAD.022372.VV	6.703e-15	73	0	0	1	2561	Caudoviricetes	NA	NA	PF04708;COG1961;K14060	Site-specific DNA recombinase related to the DNA invertase Pin
k127_362036_1	3	989	987	-1	0.620	11	None	GENOMAD.022372.VV	7.927e-23	103	0	0	1	2561	Caudoviricetes	NA	NA	PF04708;COG1961;K14060	Site-specific DNA recombinase related to the DNA invertase Pin
k127_362042_1	3	419	417	1	0.640	11	None	GENOMAD.169508.VP	1.088e-08	55	0	0	1	2561	Caudoviricetes	NA	NA	PF04708;PF13262;COG1961;K14060	Site-specific DNA recombinase related to the DNA invertase Pin
k127_322161_1	1	480	480	1	0.679	11	None	GENOMAD.044416.VV	2.052e-06	49	0	0	1	2561	Caudoviricetes	NA	NA	TIGR01537	NA
k127_322161_2	491	628	138	1	0.717	11	None	NA	NA	NA	0	0	0	1	NA	NA	NA	NA	NA
k127_3382_1	1	141	141	1	0.532	11	None	NA	NA	NA	0	0	0	1	NA	NA	NA	NA	NA
k127_3382_2	141	578	438	1	0.619	11	GGA/GAG/AGG	GENOMAD.093408.VV	1.202e-70	234	0	0	1	2561	Caudoviricetes	NA	NA	PF09356;PF11836;TIGR02218	phage conserved hypothetical protein BR0599
k127_3382_3	587	859	273	1	0.597	11	None	GENOMAD.115798.VV	1.967e-31	118	0	0	0	2561	Caudoviricetes	NA	NA	NA	NA
k127_3382_4	929	1321	393	1	0.595	11	GGAG/GAGG	NA	NA	NA	0	0	0	1	NA	NA	NA	NA	NA
k127_242339_1	2	484	483	1	0.658	11	None	GENOMAD.073447.VV	4.074e-10	60	0	0	1	2561	Caudoviricetes	NA	NA	PF00580;TIGR04095;COG4373	UvrD/REP helicase N-terminal domain
k127_202640_1	3	128	126	1	0.579	11	None	NA	NA	NA	0	0	0	1	NA	NA	NA	NA	NA
k127_202640_2	400	786	387	1	0.607	11	AGxAGG/AGGxGG	GENOMAD.093978.VV	9.435e-06	46	0	0	0	2561	Caudoviricetes	NA	NA	PF18932	NA
k127_202640_3	786	1034	249	1	0.627	11	AGxAGG/AGGxGG	GENOMAD.020789.VV	7.722e-08	50	0	0	1	2561	Caudoviricetes	NA	NA	COG5410	NA
k127_163221_1	1	357	357	1	0.700	11	None	GENOMAD.036744.VV	3.494e-05	44	0	0	1	639	Flaviviridae	NA	NA	PF02907;K22273	Hepatitis C virus NS3 protease
k127_202941_1	1	861	861	1	0.647	11	None	GENOMAD.169508.VP	9.425e-10	62	0	0	1	2561	Caudoviricetes	NA	NA	PF04708;PF13262;COG1961;K14060	Site-specific DNA recombinase related to the DNA invertase Pin
k127_83862_1	2	1270	1269	1	0.598	11	None	GENOMAD.116655.VV	3.188e-187	586	0	0	1	2561	Caudoviricetes	NA	NA	PF04860;TIGR01537;COG5005	phage portal protein, HK97 family
k127_283301_1	1	462	462	1	0.626	11	None	GENOMAD.169508.VP	1.429e-11	64	0	0	1	2561	Caudoviricetes	NA	NA	PF04708;PF13262;COG1961;K14060	Site-specific DNA recombinase related to the DNA invertase Pin
k127_4290_1	2	307	306	-1	0.634	11	None	GENOMAD.129999.VP	2.723e-10	58	0	0	1	2561	Caudoviricetes	NA	NA	PF04708;COG1961;K21528	Site-specific DNA recombinase related to the DNA invertase Pin
k127_323165_1	117	905	789	-1	0.578	11	GGAG/GAGG	GENOMAD.186748.VV	0.0003875	44	0	0	1	326	Orthornavirae	NA	NA	PF00978	RNA dependent RNA polymerase
k127_323165_2	1516	2010	495	1	0.606	11	AGGAG	NA	NA	NA	0	0	0	1	NA	NA	NA	NA	NA
k127_44338_1	1	408	408	1	0.635	11	None	GENOMAD.180947.VP	2.527e-25	103	0	0	1	2561	Caudoviricetes	NA	NA	PF04466;COG5323;TIGR01547;K21523	Large terminase phage packaging protein
k127_124359_1	1	966	966	-1	0.548	11	None	GENOMAD.013210.VV	6.614e-21	97	0	0	1	2561	Caudoviricetes	NA	NA	PF00211;PF08994;PF08993;COG2114	Adenylate and Guanylate cyclase catalytic domain; T4 gene Gp59 loader of gp41 DNA helicase C-term; T4 gene Gp59 loader of gp41 DNA helicase
k127_124377_1	2	532	531	1	0.621	11	None	GENOMAD.013210.VV	6.372e-08	54	0	0	1	2561	Caudoviricetes	NA	NA	PF00211;PF08994;PF08993;COG2114	Adenylate and Guanylate cyclase catalytic domain; T4 gene Gp59 loader of gp41 DNA helicase C-term; T4 gene Gp59 loader of gp41 DNA helicase
k127_4999_1	2	526	525	1	0.653	11	None	GENOMAD.013124.VV	1.25e-10	62	0	0	1	377	Drexlerviridae	NA	NA	PF13262;COG5410	NA
k127_284242_1	1	444	444	-1	0.626	11	None	GENOMAD.181728.VV	1.344e-09	58	0	0	1	2561	Caudoviricetes	NA	NA	PF09588;COG5377;TIGR03033	Phage-related protein, predicted endonuclease
k127_164806_1	3	353	351	1	0.584	11	None	GENOMAD.017632.VV	3.285e-05	44	0	0	1	2561	Caudoviricetes	NA	NA	PF03354;COG5410;TIGR01547	phage terminase, large subunit, PBSX family
k127_85052_1	3	614	612	-1	0.672	11	4Base/6BMM	GENOMAD.147017.VP	6.129e-64	218	0	0	1	2561	Caudoviricetes	NA	NA	PF04466;TIGR01547;COG1783	Phage terminase large subunit
k127_85052_2	587	1051	465	-1	0.643	11	None	GENOMAD.192935.VP	7.688e-09	56	0	0	1	2561	Caudoviricetes	NA	NA	PF07141;COG2826;TIGR02844	Putative bacteriophage terminase small subunit
k127_164914_1	2	334	333	-1	0.616	11	None	GENOMAD.009149.VV	7.087e-28	109	0	0	1	2561	Caudoviricetes	NA	NA	PF17288;TIGR01630	Terminase RNAseH like domain
k127_244158_1	3	383	381	1	0.520	11	None	GENOMAD.120931.VP	2.401e-13	68	0	0	1	2561	Caudoviricetes	NA	NA	PF09588;COG5377;TIGR03033;K01143	Phage-related protein, predicted endonuclease
k127_85164_1	2	313	312	1	0.580	11	None	GENOMAD.063438.VV	1.149e-11	62	0	0	0	2561	Caudoviricetes	NA	NA	NA	NA
k127_85164_2	310	696	387	1	0.630	11	None	GENOMAD.116655.VV	7.99e-43	153	0	0	1	2561	Caudoviricetes	NA	NA	PF04860;TIGR01537;COG5005	phage portal protein, HK97 family
k127_45475_1	3	479	477	-1	0.635	11	None	GENOMAD.169508.VP	5.03e-18	83	0	0	1	2561	Caudoviricetes	NA	NA	PF04708;PF13262;COG1961;K14060	Site-specific DNA recombinase related to the DNA invertase Pin
k127_45475_2	466	861	396	-1	0.664	11	None	NA	NA	NA	0	0	0	1	NA	NA	NA	NA	NA
k127_284823_1	3	332	330	-1	0.597	11	None	GENOMAD.093281.VV	1.345e-44	157	0	0	1	2561	Caudoviricetes	NA	NA	COG4518	NA
k127_125583_1	2	349	348	-1	0.566	11	None	GENOMAD.081590.VV	7.233e-22	92	0	0	1	9067	Straboviridae	NA	NA	PF07068;K21079	Major capsid protein Gp23
k127_125678_1	1	672	672	-1	0.624	11	None	GENOMAD.169508.VP	5.583e-25	106	0	0	1	2561	Caudoviricetes	NA	NA	PF04708;PF13262;COG1961;K14060	Site-specific DNA recombinase related to the DNA invertase Pin
k127_285339_1	3	305	303	-1	0.551	11	None	GENOMAD.115023.VV	7.773e-15	71	0	0	1	2561	Caudoviricetes	NA	NA	PF13479;TIGR01618;COG0468;K04484	phage nucleotide-binding protein
k127_125906_1	2	355	354	1	0.559	11	None	GENOMAD.109691.VV	5.603e-25	101	0	0	1	2561	Caudoviricetes	NA	NA	PF06141	Phage minor tail protein U
k127_125906_2	506	589	84	1	0.655	11	GGA/GAG/AGG	NA	NA	NA	0	0	0	1	NA	NA	NA	NA	NA
k127_86008_1	2	304	303	1	0.640	11	None	GENOMAD.147427.VP	1.408e-16	76	0	0	1	2561	Caudoviricetes	NA	NA	PF07141	Putative bacteriophage terminase small subunit
k127_325197_1	3	398	396	-1	0.568	11	None	GENOMAD.008776.VV	2.844e-22	94	0	0	1	2561	Caudoviricetes	NA	NA	PF07068;K21079	Major capsid protein Gp23
k127_365282_1	23	493	471	-1	0.599	11	AGGAG	GENOMAD.063098.VV	4.031e-07	51	0	0	1	2561	Caudoviricetes	NA	NA	PF11126	Transcriptional regulator DsbA
k127_205372_1	1	564	564	-1	0.619	11	None	GENOMAD.169508.VP	1.691e-25	106	0	0	1	2561	Caudoviricetes	NA	NA	PF04708;PF13262;COG1961;K14060	Site-specific DNA recombinase related to the DNA invertase Pin
k127_166690_1	1	345	345	1	0.623	11	None	GENOMAD.147427.VP	1.52e-13	68	0	0	1	2561	Caudoviricetes	NA	NA	PF07141	Putative bacteriophage terminase small subunit
k127_166908_1	3	416	414	1	0.560	11	None	GENOMAD.053137.VV	2.891e-24	100	0	0	1	2561	Caudoviricetes	NA	NA	PF17482	Phage tail sheath C-terminal domain
k127_206411_1	3	386	384	-1	0.602	11	None	GENOMAD.169508.VP	3.206e-19	85	0	0	1	2561	Caudoviricetes	NA	NA	PF04708;PF13262;COG1961;K14060	Site-specific DNA recombinase related to the DNA invertase Pin
k127_87607_1	187	765	579	1	0.589	11	GGAGG	NA	NA	NA	0	0	0	1	NA	NA	NA	NA	NA
k127_87607_2	605	1147	543	-1	0.597	11	AGGA	GENOMAD.019218.VV	3e-11	64	0	0	1	2561	Caudoviricetes	NA	NA	COG5410	NA
k127_87607_3	1150	2298	1149	-1	0.603	11	None	GENOMAD.019218.VV	1.025e-96	322	0	0	1	2561	Caudoviricetes	NA	NA	COG5410	NA
k127_286922_1	1	1071	1071	1	0.669	11	None	GENOMAD.011897.VV	8.077e-05	47	0	0	1	326	Orthornavirae	NA	NA	PF05919	Mitovirus RNA-dependent RNA polymerase
k127_366703_1	2	502	501	1	0.651	11	None	GENOMAD.013210.VV	4.601e-11	63	0	0	1	2561	Caudoviricetes	NA	NA	PF00211;PF08994;PF08993;COG2114	Adenylate and Guanylate cyclase catalytic domain; T4 gene Gp59 loader of gp41 DNA helicase C-term; T4 gene Gp59 loader of gp41 DNA helicase
k127_167611_1	3	665	663	1	0.630	11	None	GENOMAD.169508.VP	3.55e-14	74	0	0	1	2561	Caudoviricetes	NA	NA	PF04708;PF13262;COG1961;K14060	Site-specific DNA recombinase related to the DNA invertase Pin
k127_47874_1	39	518	480	-1	0.560	11	None	GENOMAD.013210.VV	1.664e-11	64	0	0	1	2561	Caudoviricetes	NA	NA	PF00211;PF08994;PF08993;COG2114	Adenylate and Guanylate cyclase catalytic domain; T4 gene Gp59 loader of gp41 DNA helicase C-term; T4 gene Gp59 loader of gp41 DNA helicase
k127_127745_1	3	338	336	-1	0.628	11	None	GENOMAD.003088.VV	2.581e-06	47	0	0	1	2561	Caudoviricetes	NA	NA	PF12236	Bacteriophage head to tail connecting protein
k127_246782_1	2	1273	1272	1	0.660	11	None	GENOMAD.013210.VV	3.934e-24	109	0	0	1	2561	Caudoviricetes	NA	NA	PF00211;PF08994;PF08993;COG2114	Adenylate and Guanylate cyclase catalytic domain; T4 gene Gp59 loader of gp41 DNA helicase C-term; T4 gene Gp59 loader of gp41 DNA helicase
k127_167864_1	1	360	360	1	0.586	11	None	GENOMAD.118434.VV	4.292e-29	113	0	0	1	2561	Caudoviricetes	NA	NA	PF04466;TIGR01547;COG5323	Phage terminase large subunit
k127_88060_1	2	364	363	-1	0.612	11	None	GENOMAD.059582.VV	3.537e-15	73	0	0	1	2561	Caudoviricetes	NA	NA	TIGR01725	phage protein, HK97 gp10 family
k127_287337_1	1	459	459	-1	0.671	11	None	GENOMAD.013210.VV	1.991e-17	81	0	0	1	2561	Caudoviricetes	NA	NA	PF00211;PF08994;PF08993;COG2114	Adenylate and Guanylate cyclase catalytic domain; T4 gene Gp59 loader of gp41 DNA helicase C-term; T4 gene Gp59 loader of gp41 DNA helicase
k127_287449_1	1	204	204	1	0.289	11	None	GENOMAD.105587.VV	1.045e-12	63	0	0	1	10778	Baculoviridae	NA	NA	PF06878	Pkip-1 protein
k127_128081_1	1	105	105	-1	0.457	11	GGAG/GAGG	NA	NA	NA	0	0	0	1	NA	NA	NA	NA	NA
k127_128081_2	338	874	537	-1	0.607	11	None	GENOMAD.002932.VV	2.734e-12	67	0	0	1	2561	Caudoviricetes	NA	NA	TIGR01630;COG5362	phage uncharacterized protein (putative large terminase), C-terminal domain
k127_88181_1	3	419	417	-1	0.480	11	None	GENOMAD.073537.VV	1.791e-63	213	0	0	1	2561	Caudoviricetes	NA	NA	PF17212	Tail tubular protein
k127_287552_1	1	357	357	-1	0.639	11	None	GENOMAD.109440.VV	5.645e-09	55	0	0	1	2561	Caudoviricetes	NA	NA	COG4653	Predicted phage phi-C31 gp36 major capsid-like protein
k127_128445_1	27	446	420	-1	0.640	11	None	GENOMAD.154021.VP	5.87e-17	79	0	0	1	2561	Caudoviricetes	NA	NA	PF07141;TIGR03384	Putative bacteriophage terminase small subunit
k127_128445_2	439	657	219	-1	0.616	11	None	GENOMAD.038338.VV	2.395e-07	48	0	0	0	2561	Caudoviricetes	NA	NA	COG3392	NA
k127_327691_1	3	539	537	-1	0.624	11	None	GENOMAD.142933.VP	2.505e-26	108	0	0	1	1	NA	NA	NA	COG3740;K06904	Phage head maturation protease
k127_327710_1	1	423	423	1	0.584	11	None	GENOMAD.147427.VP	4.768e-10	59	0	0	1	2561	Caudoviricetes	NA	NA	PF07141	Putative bacteriophage terminase small subunit
k127_327710_2	471	845	375	1	0.605	11	AGGAG	NA	NA	NA	0	0	0	1	NA	NA	NA	NA	NA
k127_168474_1	1	348	348	-1	0.693	11	None	GENOMAD.137904.VV	2.288e-09	56	0	0	1	2561	Caudoviricetes	NA	NA	PF07141;COG2963;K01994;TIGR03879	Putative bacteriophage terminase small subunit
k127_128760_1	2	118	117	1	0.538	11	None	NA	NA	NA	0	0	0	1	NA	NA	NA	NA	NA
k127_128760_2	155	700	546	1	0.460	11	GGAG/GAGG	GENOMAD.033662.VV	4.383e-108	344	0	0	1	2790	Microviridae	NA	NA	PF02305	Capsid protein (F protein)
k127_9130_1	3	365	363	-1	0.623	11	GGA/GAG/AGG	GENOMAD.129124.VV	4.986e-36	133	0	0	1	2561	Caudoviricetes	NA	NA	PF14550;TIGR01543;COG3740;K06904	phage prohead protease, HK97 family
k127_367876_1	1	63	63	-1	0.683	11	None	NA	NA	NA	0	0	0	1	NA	NA	NA	NA	NA
k127_367876_2	60	407	348	-1	0.638	11	None	GENOMAD.223594.VP	2.853e-06	47	0	0	1	2561	Caudoviricetes	NA	NA	PF11994;PF09684;TIGR01634;COG4385	phage tail protein, P2 protein I family
k127_48929_1	3	335	333	-1	0.640	11	None	GENOMAD.087771.VV	5.53e-06	46	0	0	1	2561	Caudoviricetes	NA	NA	PF09293	T4 RNase H, C terminal
k127_207649_1	3	434	432	1	0.606	11	None	GENOMAD.003597.VV	5.961e-19	85	0	0	1	2561	Caudoviricetes	NA	NA	PF16510	NA
k127_207727_1	2	547	546	1	0.568	11	None	GENOMAD.159842.VV	2.096e-19	88	0	0	1	2561	Caudoviricetes	NA	NA	PF05772;PF04466;TIGR01547;COG5323	NinB protein; Phage terminase large subunit
k127_247783_1	1	66	66	-1	0.727	11	GGAG/GAGG	NA	NA	NA	0	0	0	1	NA	NA	NA	NA	NA
k127_247783_2	63	362	300	-1	0.613	11	None	GENOMAD.093408.VV	1.994e-35	130	0	0	1	2561	Caudoviricetes	NA	NA	PF09356;PF11836;TIGR02218	phage conserved hypothetical protein BR0599
k127_9589_1	3	365	363	1	0.584	11	None	GENOMAD.013124.VV	2.732e-09	56	0	0	1	377	Drexlerviridae	NA	NA	PF13262;COG5410	NA
k127_129381_1	2	475	474	1	0.622	11	None	GENOMAD.068048.VV	2.745e-15	75	0	0	1	2561	Caudoviricetes	NA	NA	PF20307;TIGR03600;K02314;COG0305	phage replicative helicase, DnaB family, HK022 subfamily
k127_208190_1	3	359	357	1	0.644	11	None	GENOMAD.172137.VP	6.991e-15	72	0	0	1	2561	Caudoviricetes	NA	NA	PF07141;COG3728;TIGR02036	Putative bacteriophage terminase small subunit
k127_208190_2	346	567	222	1	0.622	11	None	NA	NA	NA	0	0	0	1	NA	NA	NA	NA	NA
k127_328822_1	1	1200	1200	1	0.634	11	None	GENOMAD.013124.VV	9.298e-20	95	0	0	1	377	Drexlerviridae	NA	NA	PF13262;COG5410	NA
k127_248420_1	3	701	699	1	0.624	11	None	GENOMAD.147017.VP	7.902e-66	225	0	0	1	2561	Caudoviricetes	NA	NA	PF04466;TIGR01547;COG1783	Phage terminase large subunit
k127_169771_1	3	467	465	1	0.630	11	None	GENOMAD.169508.VP	9.662e-18	82	0	0	1	2561	Caudoviricetes	NA	NA	PF04708;PF13262;COG1961;K14060	Site-specific DNA recombinase related to the DNA invertase Pin
k127_369142_1	2	334	333	-1	0.634	11	None	GENOMAD.181728.VV	1.031e-07	51	0	0	1	2561	Caudoviricetes	NA	NA	PF09588;COG5377;TIGR03033	Phage-related protein, predicted endonuclease
k127_130092_1	2	1252	1251	1	0.521	11	None	GENOMAD.000175.VV	1.483e-06	53	0	0	1	8305	Partitiviridae	NA	NA	PF00680;COG3344	Viral RNA-dependent RNA polymerase
k127_130092_2	1418	1588	171	1	0.684	11	None	NA	NA	NA	0	0	0	1	NA	NA	NA	NA	NA
k127_10474_1	180	620	441	1	0.565	11	None	GENOMAD.019218.VV	3.002e-28	112	0	0	1	2561	Caudoviricetes	NA	NA	COG5410	NA
k127_90275_1	2	484	483	1	0.557	11	None	GENOMAD.158976.VV	2.592e-53	185	0	0	1	2561	Caudoviricetes	NA	NA	PF17288	Terminase RNAseH like domain
k127_369631_1	1	399	399	-1	0.702	11	None	GENOMAD.124507.VV	2.592e-40	146	0	0	1	2561	Caudoviricetes	NA	NA	PF11242;K22300;COG3655;TIGR00673	DNA-binding transcriptional regulator, XRE family
k127_369861_1	79	1176	1098	-1	0.597	11	None	GENOMAD.013210.VV	1.257e-19	94	0	0	1	2561	Caudoviricetes	NA	NA	PF00211;PF08994;PF08993;COG2114	Adenylate and Guanylate cyclase catalytic domain; T4 gene Gp59 loader of gp41 DNA helicase C-term; T4 gene Gp59 loader of gp41 DNA helicase
k127_170767_1	1	363	363	1	0.573	11	None	GENOMAD.053137.VV	1.685e-05	45	0	0	1	2561	Caudoviricetes	NA	NA	PF17482	Phage tail sheath C-terminal domain
k127_329995_1	2	280	279	1	0.656	11	None	GENOMAD.053653.VV	1.006e-08	53	0	0	1	2561	Caudoviricetes	NA	NA	COG4675	Microcystin-dependent protein  (function unknown)
k127_329995_2	277	699	423	1	0.683	11	None	GENOMAD.005559.VV	5.59e-18	82	0	0	0	2561	Caudoviricetes	NA	NA	NA	NA
k127_329995_3	696	1430	735	1	0.668	11	GGAGG	GENOMAD.080002.VV	3.939e-29	119	0	0	0	2561	Caudoviricetes	NA	NA	NA	NA
k127_290347_1	1	378	378	1	0.624	11	None	GENOMAD.068048.VV	4.523e-14	70	0	0	1	2561	Caudoviricetes	NA	NA	PF20307;TIGR03600;K02314;COG0305	phage replicative helicase, DnaB family, HK022 subfamily
k127_51259_1	1	426	426	1	0.599	11	None	GENOMAD.102677.VV	1.578e-15	75	0	0	1	1	NA	NA	NA	PF03592;COG3728;K07474	Terminase small subunit
k127_11558_1	3	545	543	1	0.661	11	None	GENOMAD.147017.VP	3.637e-22	96	0	0	1	2561	Caudoviricetes	NA	NA	PF04466;TIGR01547;COG1783	Phage terminase large subunit
k127_370330_1	3	560	558	-1	0.624	11	None	GENOMAD.065686.VV	0.0001612	44	0	0	1	2561	Caudoviricetes	NA	NA	PF01930;COG5377;TIGR00372	Phage-related protein, predicted endonuclease
k127_249803_1	78	326	249	1	0.586	11	None	GENOMAD.195656.VP	2.17e-05	43	0	0	1	9067	Straboviridae	NA	NA	PF19835;PF07453;TIGR01453;COG2827	group I intron endonuclease
k127_370739_1	1	633	633	1	0.637	11	None	GENOMAD.013124.VV	5.741e-16	79	0	0	1	377	Drexlerviridae	NA	NA	PF13262;COG5410	NA
k127_171563_1	1	858	858	1	0.583	11	None	GENOMAD.019218.VV	1.16e-67	233	0	0	1	2561	Caudoviricetes	NA	NA	COG5410	NA
k127_370768_1	1	705	705	-1	0.565	11	None	GENOMAD.013210.VV	1.155e-31	126	0	0	1	2561	Caudoviricetes	NA	NA	PF00211;PF08994;PF08993;COG2114	Adenylate and Guanylate cyclase catalytic domain; T4 gene Gp59 loader of gp41 DNA helicase C-term; T4 gene Gp59 loader of gp41 DNA helicase
k127_210456_1	2	823	822	1	0.547	11	None	GENOMAD.015404.VV	3.549e-57	202	0	0	1	2561	Caudoviricetes	NA	NA	PF16510;TIGR01538	Phage P22-like portal protein
k127_172402_1	1	414	414	-1	0.647	11	None	GENOMAD.060259.VV	2.322e-08	54	0	0	1	2561	Caudoviricetes	NA	NA	PF20307;TIGR02236;COG0468;K04484	Divergent DnaB-like ATPase
k127_211005_1	3	341	339	1	0.584	11	None	GENOMAD.073447.VV	1.106e-07	51	0	0	1	2561	Caudoviricetes	NA	NA	PF00580;TIGR04095;COG4373	UvrD/REP helicase N-terminal domain
k127_331714_1	1	399	399	-1	0.607	11	None	GENOMAD.148122.VP	2.793e-31	120	0	0	1	2561	Caudoviricetes	NA	NA	PF20441	Terminase large subunit, endonuclease domain
k127_92701_1	2	499	498	1	0.661	11	None	GENOMAD.013210.VV	1.092e-07	53	0	0	1	2561	Caudoviricetes	NA	NA	PF00211;PF08994;PF08993;COG2114	Adenylate and Guanylate cyclase catalytic domain; T4 gene Gp59 loader of gp41 DNA helicase C-term; T4 gene Gp59 loader of gp41 DNA helicase
k127_13044_1	1	363	363	1	0.579	11	None	GENOMAD.064272.VV	3.712e-05	44	0	0	1	1	NA	NA	NA	PF11242;K22206;TIGR00721;COG3415	DNA-binding protein, Tfx family
k127_52843_1	1	603	603	-1	0.541	11	None	GENOMAD.015404.VV	3.218e-52	184	0	0	1	2561	Caudoviricetes	NA	NA	PF16510;TIGR01538	Phage P22-like portal protein
k127_331929_1	1	549	549	-1	0.712	11	GGGGG	GENOMAD.124507.VV	4.055e-41	151	0	0	1	2561	Caudoviricetes	NA	NA	PF11242;K22300;COG3655;TIGR00673	DNA-binding transcriptional regulator, XRE family
k127_211306_1	2	535	534	-1	0.652	11	None	GENOMAD.013210.VV	4.603e-17	81	0	0	1	2561	Caudoviricetes	NA	NA	PF00211;PF08994;PF08993;COG2114	Adenylate and Guanylate cyclase catalytic domain; T4 gene Gp59 loader of gp41 DNA helicase C-term; T4 gene Gp59 loader of gp41 DNA helicase
k127_331937_1	1	381	381	1	0.598	11	None	GENOMAD.068048.VV	2.197e-14	71	0	0	1	2561	Caudoviricetes	NA	NA	PF20307;TIGR03600;K02314;COG0305	phage replicative helicase, DnaB family, HK022 subfamily
k127_172812_1	3	92	90	-1	0.644	11	None	NA	NA	NA	0	0	0	1	NA	NA	NA	NA	NA
k127_172812_2	96	542	447	-1	0.687	11	None	GENOMAD.011019.VV	1.284e-29	116	0	0	1	2561	Caudoviricetes	NA	NA	PF13252;TIGR04387	major capsid protein, N4-gp56 family
k127_53132_1	30	323	294	-1	0.609	11	None	GENOMAD.063098.VV	3.039e-07	49	0	0	1	2561	Caudoviricetes	NA	NA	PF11126	Transcriptional regulator DsbA
k127_13663_1	2	454	453	-1	0.616	11	None	GENOMAD.169508.VP	2.333e-14	72	0	0	1	2561	Caudoviricetes	NA	NA	PF04708;PF13262;COG1961;K14060	Site-specific DNA recombinase related to the DNA invertase Pin
k127_292652_1	1	321	321	-1	0.626	11	None	GENOMAD.099754.VV	2.173e-06	47	0	0	1	1	NA	NA	NA	PF17289;TIGR01630;COG5362	phage uncharacterized protein (putative large terminase), C-terminal domain
k127_53584_1	1	372	372	-1	0.578	11	None	GENOMAD.022372.VV	3.623e-16	76	0	0	1	2561	Caudoviricetes	NA	NA	PF04708;COG1961;K14060	Site-specific DNA recombinase related to the DNA invertase Pin
k127_133602_1	3	248	246	1	0.614	11	None	GENOMAD.181728.VV	1.781e-06	46	0	0	1	2561	Caudoviricetes	NA	NA	PF09588;COG5377;TIGR03033	Phage-related protein, predicted endonuclease
k127_133602_2	232	534	303	1	0.624	11	GGAGG	NA	NA	NA	0	0	0	1	NA	NA	NA	NA	NA
k127_173565_1	27	515	489	-1	0.603	11	None	GENOMAD.025405.VV	1.472e-51	180	0	0	1	2561	Caudoviricetes	NA	NA	PF03354;COG4626	Phage terminase-like protein, large subunit, contains N-terminal HTH domain
k127_251870_1	1	702	702	1	0.499	11	None	GENOMAD.015404.VV	9.803e-34	132	0	0	1	2561	Caudoviricetes	NA	NA	PF16510;TIGR01538	Phage P22-like portal protein
k127_212159_1	2	400	399	-1	0.669	11	None	GENOMAD.035019.VV	4.682e-17	79	0	0	1	2561	Caudoviricetes	NA	NA	PF03354;COG4626;TIGR01547	Phage terminase-like protein, large subunit, contains N-terminal HTH domain
k127_332934_1	2	640	639	1	0.637	11	None	GENOMAD.169508.VP	1.791e-25	107	0	0	1	2561	Caudoviricetes	NA	NA	PF04708;PF13262;COG1961;K14060	Site-specific DNA recombinase related to the DNA invertase Pin
k127_293285_1	2	355	354	1	0.616	11	None	GENOMAD.099865.VV	9.587e-20	86	0	0	1	2561	Caudoviricetes	NA	NA	PF04466;PF17289;TIGR01547;COG5323;K06909	phage terminase, large subunit, PBSX family
k127_173975_1	3	482	480	1	0.617	11	None	GENOMAD.116655.VV	1.05e-87	284	0	0	1	2561	Caudoviricetes	NA	NA	PF04860;TIGR01537;COG5005	phage portal protein, HK97 family
k127_94181_1	1	333	333	-1	0.652	11	None	GENOMAD.167806.VP	5.282e-15	72	0	0	1	2561	Caudoviricetes	NA	NA	PF04860;TIGR01537;COG5518	phage portal protein, HK97 family
k127_134211_1	1	303	303	1	0.604	11	None	GENOMAD.111208.VP	2.482e-26	104	0	0	1	2561	Caudoviricetes	NA	NA	PF20441	Terminase large subunit, endonuclease domain
k127_94275_1	3	863	861	-1	0.639	11	None	GENOMAD.020679.VV	2.597e-05	48	0	0	1	2561	Caudoviricetes	NA	NA	PF20441;PF05876;COG4626;TIGR01547	Phage terminase-like protein, large subunit, contains N-terminal HTH domain
k127_54405_1	69	1223	1155	-1	0.704	11	None	GENOMAD.013210.VV	1.275e-30	128	0	0	1	2561	Caudoviricetes	NA	NA	PF00211;PF08994;PF08993;COG2114	Adenylate and Guanylate cyclase catalytic domain; T4 gene Gp59 loader of gp41 DNA helicase C-term; T4 gene Gp59 loader of gp41 DNA helicase
k127_333410_1	1	324	324	-1	0.648	11	None	GENOMAD.097639.VV	9.412e-16	74	0	0	1	2561	Caudoviricetes	NA	NA	PF17289;TIGR01630;COG5362	phage uncharacterized protein (putative large terminase), C-terminal domain
k127_212712_1	3	617	615	1	0.603	11	None	GENOMAD.013210.VV	5.446e-28	114	0	0	1	2561	Caudoviricetes	NA	NA	PF00211;PF08994;PF08993;COG2114	Adenylate and Guanylate cyclase catalytic domain; T4 gene Gp59 loader of gp41 DNA helicase C-term; T4 gene Gp59 loader of gp41 DNA helicase
k127_134476_1	1	381	381	-1	0.703	11	None	GENOMAD.147017.VP	1.317e-36	135	0	0	1	2561	Caudoviricetes	NA	NA	PF04466;TIGR01547;COG1783	Phage terminase large subunit
k127_252623_1	2	346	345	1	0.678	11	None	GENOMAD.053137.VV	2.53e-16	76	0	0	1	2561	Caudoviricetes	NA	NA	PF17482	Phage tail sheath C-terminal domain
k127_252624_1	2	313	312	-1	0.692	11	GGA/GAG/AGG	GENOMAD.190144.VV	5.939e-11	60	0	0	1	2561	Caudoviricetes	NA	NA	COG4675	Microcystin-dependent protein  (function unknown)
k127_252624_2	310	1161	852	-1	0.684	11	None	GENOMAD.033798.VV	4.279e-59	208	0	0	1	2561	Caudoviricetes	NA	NA	PF11134	Phage stabilisation protein
k127_293807_1	129	425	297	-1	0.609	11	None	GENOMAD.045267.VV	8.437e-13	65	0	0	1	2561	Caudoviricetes	NA	NA	PF20387;COG3864	Predicted metal-dependent peptidase
k127_134566_1	2	703	702	-1	0.625	11	None	GENOMAD.169508.VP	3.115e-27	113	0	0	1	2561	Caudoviricetes	NA	NA	PF04708;PF13262;COG1961;K14060	Site-specific DNA recombinase related to the DNA invertase Pin
k127_373813_1	1	561	561	-1	0.401	11	None	GENOMAD.085695.VV	9.18e-23	98	0	0	1	2561	Caudoviricetes	NA	NA	PF05954;K06905;COG3500;TIGR03361	Phage protein D
k127_134728_1	3	209	207	-1	0.729	11	GGA/GAG/AGG	GENOMAD.124507.VV	1.15e-12	63	0	0	1	2561	Caudoviricetes	NA	NA	PF11242;K22300;COG3655;TIGR00673	DNA-binding transcriptional regulator, XRE family
k127_134728_2	215	301	87	-1	0.506	11	None	NA	NA	NA	0	0	0	1	NA	NA	NA	NA	NA
k127_373879_1	3	620	618	-1	0.652	11	None	GENOMAD.050380.VV	2.065e-41	153	0	0	1	2561	Caudoviricetes	NA	NA	PF16510	Phage P22-like portal protein
k127_94814_1	3	353	351	-1	0.578	11	None	GENOMAD.023991.VV	2.17e-10	59	0	0	1	2561	Caudoviricetes	NA	NA	COG5410	Mu-like prophage FluMu protein gp28
k127_94992_1	1	288	288	-1	0.778	11	None	GENOMAD.124507.VV	6.021e-23	94	0	0	1	2561	Caudoviricetes	NA	NA	PF11242;K22300;COG3655;TIGR00673	DNA-binding transcriptional regulator, XRE family
k127_253167_1	80	337	258	1	0.628	11	None	GENOMAD.100194.VV	9.4e-07	47	0	0	1	2561	Caudoviricetes	NA	NA	PF04466;TIGR01547;COG5323	Phage terminase large subunit
k127_135145_1	565	747	183	1	0.667	11	GGA/GAG/AGG	GENOMAD.147427.VP	9.898e-11	57	0	0	1	2561	Caudoviricetes	NA	NA	PF07141	Putative bacteriophage terminase small subunit
k127_135176_1	1	582	582	1	0.670	11	None	GENOMAD.172137.VP	4.136e-26	108	0	0	1	2561	Caudoviricetes	NA	NA	PF07141;COG3728;TIGR02036	Putative bacteriophage terminase small subunit
k127_135176_2	569	859	291	1	0.656	11	None	GENOMAD.141431.VP	4.028e-12	63	0	0	1	2561	Caudoviricetes	NA	NA	PF04466;TIGR01547;COG1783	Phage terminase large subunit
k127_55532_1	3	914	912	-1	0.681	11	None	GENOMAD.104632.VP	2.469e-43	163	0	0	1	2561	Caudoviricetes	NA	NA	PF06378;PF04466;TIGR01547;COG5323	Phage terminase large subunit
k127_294983_1	1	390	390	1	0.505	11	None	GENOMAD.068048.VV	6.774e-11	61	0	0	1	2561	Caudoviricetes	NA	NA	PF20307;TIGR03600;K02314;COG0305	phage replicative helicase, DnaB family, HK022 subfamily
k127_175794_1	2	562	561	1	0.645	11	None	GENOMAD.048660.VV	3.101e-27	111	0	0	1	2561	Caudoviricetes	NA	NA	PF16510	Phage P22-like portal protein
k127_374967_1	3	455	453	-1	0.702	11	None	GENOMAD.013210.VV	1.71e-18	84	0	0	1	2561	Caudoviricetes	NA	NA	PF00211;PF08994;PF08993;COG2114	Adenylate and Guanylate cyclase catalytic domain; T4 gene Gp59 loader of gp41 DNA helicase C-term; T4 gene Gp59 loader of gp41 DNA helicase
k127_135933_1	1	996	996	-1	0.648	11	None	NA	NA	NA	0	0	0	1	NA	NA	NA	NA	NA
k127_135933_2	993	1955	963	-1	0.672	11	None	GENOMAD.013210.VV	1.319e-19	93	0	0	1	2561	Caudoviricetes	NA	NA	PF00211;PF08994;PF08993;COG2114	Adenylate and Guanylate cyclase catalytic domain; T4 gene Gp59 loader of gp41 DNA helicase C-term; T4 gene Gp59 loader of gp41 DNA helicase
k127_295567_1	2	316	315	-1	0.654	11	None	GENOMAD.129999.VP	2.268e-13	67	0	0	1	2561	Caudoviricetes	NA	NA	PF04708;COG1961;K21528	Site-specific DNA recombinase related to the DNA invertase Pin
k127_136501_1	2	727	726	-1	0.646	11	None	GENOMAD.099865.VV	2.888e-44	163	0	0	1	2561	Caudoviricetes	NA	NA	PF04466;PF17289;TIGR01547;COG5323;K06909	phage terminase, large subunit, PBSX family
k127_335482_1	1	156	156	-1	0.538	11	None	NA	NA	NA	0	0	0	1	NA	NA	NA	NA	NA
k127_335482_2	107	1108	1002	-1	0.545	11	None	GENOMAD.158965.VP	3.173e-55	199	0	0	1	2561	Caudoviricetes	NA	NA	PF05772;PF04404;COG5362	NinB protein; ERF superfamily
k127_136971_1	3	329	327	-1	0.602	11	None	GENOMAD.151393.VP	8.689e-33	123	0	0	1	2561	Caudoviricetes	NA	NA	PF17288;TIGR01547;COG1783	phage terminase, large subunit, PBSX family
k127_137034_1	2	451	450	1	0.576	11	None	GENOMAD.097639.VV	3.039e-09	57	0	0	1	2561	Caudoviricetes	NA	NA	PF17289;TIGR01630;COG5362	phage uncharacterized protein (putative large terminase), C-terminal domain
k127_97133_1	1	189	189	1	0.661	11	None	NA	NA	NA	0	0	0	1	NA	NA	NA	NA	NA
k127_97133_2	268	621	354	1	0.630	11	None	GENOMAD.129590.VP	3.144e-15	73	0	0	1	2561	Caudoviricetes	NA	NA	PF07141	Putative bacteriophage terminase small subunit
k127_254944_1	3	350	348	1	0.606	11	None	GENOMAD.099754.VV	0.0001504	42	0	0	1	1	NA	NA	NA	PF17289;TIGR01630;COG5362	phage uncharacterized protein (putative large terminase), C-terminal domain
k127_177205_1	3	683	681	1	0.589	11	None	GENOMAD.159842.VV	2.512e-58	203	0	0	1	2561	Caudoviricetes	NA	NA	PF05772;PF04466;TIGR01547;COG5323	NinB protein; Phage terminase large subunit
k127_17941_1	1	852	852	-1	0.640	11	None	GENOMAD.169508.VP	0.000222	45	0	0	1	2561	Caudoviricetes	NA	NA	PF04708;PF13262;COG1961;K14060	Site-specific DNA recombinase related to the DNA invertase Pin
k127_57622_1	3	311	309	-1	0.207	11	None	GENOMAD.154384.VP	7.693e-08	51	0	0	1	2561	Caudoviricetes	NA	NA	PF19835;TIGR01453;COG3680	group I intron endonuclease
k127_336729_1	3	446	444	-1	0.624	11	None	GENOMAD.169508.VP	1.421e-08	55	0	0	1	2561	Caudoviricetes	NA	NA	PF04708;PF13262;COG1961;K14060	Site-specific DNA recombinase related to the DNA invertase Pin
k127_296955_1	3	248	246	-1	0.516	11	None	GENOMAD.064055.VV	1.177e-10	58	0	0	1	2561	Caudoviricetes	NA	NA	PF17212	Tail tubular protein
k127_296955_2	248	379	132	-1	0.500	11	None	NA	NA	NA	0	0	0	1	NA	NA	NA	NA	NA
k127_57839_1	100	384	285	-1	0.642	11	None	GENOMAD.160642.VP	1.493e-05	44	0	0	1	1	NA	NA	NA	PF07278;COG4220;K22014	Phage DNA packaging protein, Nu1 subunit of terminase
k127_336782_1	1	342	342	1	0.430	11	None	GENOMAD.066452.VV	1.335e-30	117	0	0	1	2561	Caudoviricetes	NA	NA	PF12236	Bacteriophage head to tail connecting protein
k127_138049_1	3	152	150	1	0.580	11	None	NA	NA	NA	0	0	0	1	NA	NA	NA	NA	NA
k127_138049_2	145	1029	885	1	0.626	11	GGA/GAG/AGG	GENOMAD.023991.VV	1.688e-17	86	0	0	1	2561	Caudoviricetes	NA	NA	COG5410	Mu-like prophage FluMu protein gp28
k127_377322_1	111	404	294	1	0.629	11	None	GENOMAD.116655.VV	2.4e-25	101	0	0	1	2561	Caudoviricetes	NA	NA	PF04860;TIGR01537;COG5005	phage portal protein, HK97 family
k127_98265_1	1	435	435	-1	0.641	11	None	GENOMAD.118183.VV	0.0007272	41	0	0	1	1	NA	NA	NA	PF06141	Phage minor tail protein U
k127_178387_1	1	543	543	-1	0.606	11	None	GENOMAD.169508.VP	1.422e-24	103	0	0	1	2561	Caudoviricetes	NA	NA	PF04708;PF13262;COG1961;K14060	Site-specific DNA recombinase related to the DNA invertase Pin
k127_256099_1	1	318	318	-1	0.544	11	None	GENOMAD.110224.VV	2.295e-05	44	0	0	1	1	NA	NA	NA	PF04586;TIGR01543;COG3740;K06904	phage prohead protease, HK97 family
k127_377584_1	2	877	876	-1	0.682	11	None	GENOMAD.038745.VV	1.333e-32	131	0	0	1	2561	Caudoviricetes	NA	NA	PF12236	Bacteriophage head to tail connecting protein
k127_297676_1	2	205	204	-1	0.623	11	None	GENOMAD.161280.VP	5.502e-12	61	0	0	1	2561	Caudoviricetes	NA	NA	PF03592;COG3728;K07474	Terminase small subunit
k127_138558_1	1	477	477	1	0.677	11	None	NA	NA	NA	0	0	0	1	NA	NA	NA	NA	NA
k127_138558_2	464	1318	855	1	0.636	11	None	GENOMAD.169508.VP	2.757e-28	118	0	0	1	2561	Caudoviricetes	NA	NA	PF04708;PF13262;COG1961;K14060	Site-specific DNA recombinase related to the DNA invertase Pin
k127_58676_1	11	529	519	-1	0.593	11	None	GENOMAD.026355.VV	1.196e-09	59	0	0	1	2561	Caudoviricetes	NA	NA	PF20307;TIGR02238	Divergent DnaB-like ATPase
k127_98854_1	2	316	315	-1	0.543	11	None	GENOMAD.205313.VV	8.289e-08	51	0	0	1	2561	Caudoviricetes	NA	NA	PF10668;COG5484	Uncharacterized protein YjcR, contains N-terminal HTH domain
k127_59036_1	2	172	171	-1	0.614	11	None	GENOMAD.099754.VV	6.785e-06	43	0	0	1	1	NA	NA	NA	PF17289;TIGR01630;COG5362	phage uncharacterized protein (putative large terminase), C-terminal domain
k127_59036_2	174	314	141	-1	0.624	11	None	NA	NA	NA	0	0	0	1	NA	NA	NA	NA	NA
k127_139095_1	2	502	501	-1	0.645	11	None	GENOMAD.100194.VV	3.001e-18	84	0	0	1	2561	Caudoviricetes	NA	NA	PF04466;TIGR01547;COG5323	Phage terminase large subunit
k127_139109_1	2	715	714	-1	0.640	11	GGAG/GAGG	GENOMAD.100194.VV	6.547e-30	121	0	0	1	2561	Caudoviricetes	NA	NA	PF04466;TIGR01547;COG5323	Phage terminase large subunit
k127_139109_2	712	810	99	-1	0.586	11	None	NA	NA	NA	0	0	0	1	NA	NA	NA	NA	NA
k127_59140_1	3	464	462	1	0.628	11	None	GENOMAD.169508.VP	6.178e-23	97	0	0	1	2561	Caudoviricetes	NA	NA	PF04708;PF13262;COG1961;K14060	Site-specific DNA recombinase related to the DNA invertase Pin
k127_139154_1	36	1628	1593	-1	0.638	11	None	GENOMAD.169508.VP	1.656e-26	118	0	0	1	2561	Caudoviricetes	NA	NA	PF04708;PF13262;COG1961;K14060	Site-specific DNA recombinase related to the DNA invertase Pin
k127_19733_1	3	326	324	1	0.562	11	None	GENOMAD.161999.VV	1.849e-32	122	0	0	1	2561	Caudoviricetes	NA	NA	PF05894;K06909;TIGR01547;COG1783	Podovirus DNA encapsidation protein (Gp16)
k127_298567_1	3	662	660	1	0.667	11	None	GENOMAD.023991.VV	1.176e-81	270	0	0	1	2561	Caudoviricetes	NA	NA	COG5410	Mu-like prophage FluMu protein gp28
k127_139434_1	1	456	456	-1	0.614	11	None	GENOMAD.068048.VV	2.242e-15	75	0	0	1	2561	Caudoviricetes	NA	NA	PF20307;TIGR03600;K02314;COG0305	phage replicative helicase, DnaB family, HK022 subfamily
k127_139458_1	45	614	570	-1	0.637	11	None	GENOMAD.013210.VV	1.194e-19	89	0	0	1	2561	Caudoviricetes	NA	NA	PF00211;PF08994;PF08993;COG2114	Adenylate and Guanylate cyclase catalytic domain; T4 gene Gp59 loader of gp41 DNA helicase C-term; T4 gene Gp59 loader of gp41 DNA helicase
k127_298745_1	2	775	774	-1	0.650	11	None	GENOMAD.169508.VP	3.172e-25	108	0	0	1	2561	Caudoviricetes	NA	NA	PF04708;PF13262;COG1961;K14060	Site-specific DNA recombinase related to the DNA invertase Pin
k127_217500_1	1	435	435	-1	0.662	11	None	GENOMAD.013124.VV	5.578e-10	59	0	0	1	377	Drexlerviridae	NA	NA	PF13262;COG5410	NA
k127_139796_1	2	454	453	1	0.614	11	None	GENOMAD.019218.VV	7.918e-45	160	0	0	1	2561	Caudoviricetes	NA	NA	COG5410	NA
k127_59918_1	3	317	315	-1	0.654	11	None	GENOMAD.129396.VP	2.774e-11	61	0	0	1	2561	Caudoviricetes	NA	NA	PF20454	Terminase large subunit gpA, endonuclease domain
k127_60023_1	31	576	546	-1	0.619	11	GGGG	GENOMAD.015093.VV	7.148e-07	51	0	0	1	2561	Caudoviricetes	NA	NA	K21523;TIGR02952	NA
k127_257553_1	2	715	714	-1	0.653	11	None	GENOMAD.013210.VV	2.394e-13	72	0	0	1	2561	Caudoviricetes	NA	NA	PF00211;PF08994;PF08993;COG2114	Adenylate and Guanylate cyclase catalytic domain; T4 gene Gp59 loader of gp41 DNA helicase C-term; T4 gene Gp59 loader of gp41 DNA helicase
k127_217886_1	1	453	453	1	0.620	11	None	GENOMAD.071187.VV	3.672e-06	48	0	0	1	1	NA	NA	NA	PF00863;TIGR02038;COG0265	periplasmic serine pepetdase DegS
k127_60217_1	1	927	927	-1	0.634	11	None	GENOMAD.013210.VV	2.455e-23	104	0	0	1	2561	Caudoviricetes	NA	NA	PF00211;PF08994;PF08993;COG2114	Adenylate and Guanylate cyclase catalytic domain; T4 gene Gp59 loader of gp41 DNA helicase C-term; T4 gene Gp59 loader of gp41 DNA helicase
k127_339121_1	1	324	324	1	0.667	11	None	GENOMAD.013124.VV	1.014e-06	48	0	0	1	377	Drexlerviridae	NA	NA	PF13262;COG5410	NA
k127_379542_1	2	310	309	1	0.602	11	None	GENOMAD.051555.VV	3.131e-09	55	0	0	1	2561	Caudoviricetes	NA	NA	PF04492;TIGR01714	phage replisome organizer, putative, N-terminal region
k127_60533_1	2	79	78	-1	0.474	11	GGA/GAG/AGG	NA	NA	NA	0	0	0	1	NA	NA	NA	NA	NA
k127_60533_2	118	468	351	-1	0.504	11	None	GENOMAD.005520.VV	1.971e-35	131	0	0	1	2561	Caudoviricetes	NA	NA	PF11134	Phage stabilisation protein
k127_100665_1	1	681	681	1	0.687	11	None	GENOMAD.013210.VV	8.725e-15	76	0	0	1	2561	Caudoviricetes	NA	NA	PF00211;PF08994;PF08993;COG2114	Adenylate and Guanylate cyclase catalytic domain; T4 gene Gp59 loader of gp41 DNA helicase C-term; T4 gene Gp59 loader of gp41 DNA helicase
k127_20904_1	228	1061	834	1	0.543	11	None	GENOMAD.015404.VV	4.961e-28	117	0	0	1	2561	Caudoviricetes	NA	NA	PF16510;TIGR01538	Phage P22-like portal protein
k127_20943_1	2	379	378	1	0.646	11	None	GENOMAD.038338.VV	1.304e-10	60	0	0	0	2561	Caudoviricetes	NA	NA	COG3392	NA
k127_20943_2	351	557	207	1	0.633	11	AGGAG	GENOMAD.154824.VP	1.639e-09	54	0	0	1	2561	Caudoviricetes	NA	NA	PF07141;TIGR00721;COG4584	Putative bacteriophage terminase small subunit
k127_299888_1	119	1318	1200	1	0.593	11	AGGA	GENOMAD.000175.VV	3.32e-07	55	0	0	1	8305	Partitiviridae	NA	NA	PF00680;COG3344	Viral RNA-dependent RNA polymerase
k127_141176_1	2	391	390	1	0.656	11	None	NA	NA	NA	0	0	0	1	NA	NA	NA	NA	NA
k127_141176_2	372	1241	870	1	0.602	11	GGAG/GAGG	GENOMAD.169508.VP	7.47e-23	102	0	0	1	2561	Caudoviricetes	NA	NA	PF04708;PF13262;COG1961;K14060	Site-specific DNA recombinase related to the DNA invertase Pin
k127_300495_1	1	420	420	1	0.612	11	None	GENOMAD.068048.VV	3.253e-15	74	0	0	1	2561	Caudoviricetes	NA	NA	PF20307;TIGR03600;K02314;COG0305	phage replicative helicase, DnaB family, HK022 subfamily
k127_300540_1	1	528	528	1	0.627	11	None	GENOMAD.169508.VP	2.217e-15	76	0	0	1	2561	Caudoviricetes	NA	NA	PF04708;PF13262;COG1961;K14060	Site-specific DNA recombinase related to the DNA invertase Pin
k127_258940_1	1	465	465	-1	0.544	11	GGAGG	GENOMAD.161221.VP	3.24e-11	63	0	0	1	2561	Caudoviricetes	NA	NA	PF04404;PF03237	ERF superfamily; Terminase large subunit, T4likevirus-type, N-terminal
k127_300942_1	2	469	468	1	0.658	11	None	GENOMAD.013124.VV	8.127e-09	56	0	0	1	377	Drexlerviridae	NA	NA	PF13262;COG5410	NA
k127_340717_1	2	160	159	1	0.553	11	None	NA	NA	NA	0	0	0	1	NA	NA	NA	NA	NA
k127_340717_2	157	585	429	1	0.529	11	None	GENOMAD.158965.VP	1.498e-42	153	0	0	1	2561	Caudoviricetes	NA	NA	PF05772;PF04404;COG5362	NinB protein; ERF superfamily
k127_61923_1	1	300	300	1	0.610	11	None	GENOMAD.100194.VV	7.45e-15	71	0	0	1	2561	Caudoviricetes	NA	NA	PF04466;TIGR01547;COG5323	Phage terminase large subunit
k127_141876_1	12	506	495	-1	0.687	11	None	GENOMAD.013210.VV	3.787e-13	69	0	0	1	2561	Caudoviricetes	NA	NA	PF00211;PF08994;PF08993;COG2114	Adenylate and Guanylate cyclase catalytic domain; T4 gene Gp59 loader of gp41 DNA helicase C-term; T4 gene Gp59 loader of gp41 DNA helicase
k127_182138_1	3	413	411	-1	0.603	11	None	GENOMAD.169508.VP	1.301e-24	101	0	0	1	2561	Caudoviricetes	NA	NA	PF04708;PF13262;COG1961;K14060	Site-specific DNA recombinase related to the DNA invertase Pin
k127_301301_1	3	506	504	-1	0.498	11	GGAG/GAGG	GENOMAD.028110.VV	3.532e-53	185	0	0	1	2561	Caudoviricetes	NA	NA	PF13479;TIGR01618;COG0467	phage nucleotide-binding protein
k127_301301_2	475	564	90	-1	0.467	11	None	NA	NA	NA	0	0	0	1	NA	NA	NA	NA	NA
k127_219741_1	2	364	363	-1	0.606	11	None	GENOMAD.154173.VV	4.952e-28	110	0	0	1	2561	Caudoviricetes	NA	NA	PF17288;TIGR01547	phage terminase, large subunit, PBSX family
k127_341135_1	3	494	492	1	0.622	11	None	GENOMAD.169508.VP	1.553e-25	105	0	0	1	2561	Caudoviricetes	NA	NA	PF04708;PF13262;COG1961;K14060	Site-specific DNA recombinase related to the DNA invertase Pin
k127_259671_1	2	553	552	1	0.596	11	None	GENOMAD.109691.VV	3.484e-34	131	0	0	1	2561	Caudoviricetes	NA	NA	PF06141	Phage minor tail protein U
k127_259680_1	3	353	351	-1	0.621	11	None	GENOMAD.094133.VV	1.865e-28	111	0	0	1	2561	Caudoviricetes	NA	NA	PF17289	NA
k127_259751_1	38	319	282	-1	0.745	11	None	GENOMAD.124507.VV	2.613e-22	92	0	0	1	2561	Caudoviricetes	NA	NA	PF11242;K22300;COG3655;TIGR00673	DNA-binding transcriptional regulator, XRE family
k127_102602_1	1	321	321	1	0.623	11	None	GENOMAD.111208.VP	3.648e-09	55	0	0	1	2561	Caudoviricetes	NA	NA	PF20441	Terminase large subunit, endonuclease domain
k127_220091_1	1	567	567	-1	0.584	11	None	GENOMAD.000073.VV	7.959e-05	45	0	0	1	6233	Potyviridae	NA	NA	PF00680	Viral RNA-dependent RNA polymerase
k127_302056_1	1	582	582	-1	0.672	11	None	GENOMAD.033798.VV	2.085e-25	106	0	0	1	2561	Caudoviricetes	NA	NA	PF11134	Phage stabilisation protein
k127_220515_1	1	309	309	1	0.570	11	None	GENOMAD.010997.VV	8.457e-15	71	0	0	1	2561	Caudoviricetes	NA	NA	PF12236	Bacteriophage head to tail connecting protein
k127_23626_1	2	64	63	-1	0.635	11	None	NA	NA	NA	0	0	0	1	NA	NA	NA	NA	NA
k127_23626_2	57	311	255	-1	0.682	11	None	GENOMAD.159695.VP	2.259e-05	43	0	0	1	2561	Caudoviricetes	NA	NA	PF07141;TIGR00721;COG2826	Putative bacteriophage terminase small subunit
k127_103485_1	2	79	78	-1	0.667	11	None	NA	NA	NA	0	0	0	1	NA	NA	NA	NA	NA
k127_103485_2	230	427	198	1	0.636	11	None	GENOMAD.152079.VP	8.097e-08	49	0	0	1	2561	Caudoviricetes	NA	NA	PF07141;COG2826;TIGR00721	Putative bacteriophage terminase small subunit
k127_382689_1	2	406	405	1	0.630	11	None	GENOMAD.147427.VP	2.004e-18	83	0	0	1	2561	Caudoviricetes	NA	NA	PF07141	Putative bacteriophage terminase small subunit
k127_143415_1	3	656	654	1	0.671	11	None	GENOMAD.013210.VV	3.072e-17	83	0	0	1	2561	Caudoviricetes	NA	NA	PF00211;PF08994;PF08993;COG2114	Adenylate and Guanylate cyclase catalytic domain; T4 gene Gp59 loader of gp41 DNA helicase C-term; T4 gene Gp59 loader of gp41 DNA helicase
k127_143634_1	1	477	477	1	0.568	11	None	GENOMAD.023911.VV	7.462e-23	97	0	0	1	2561	Caudoviricetes	NA	NA	PF04466;TIGR01547;COG5323	phage terminase, large subunit, PBSX family
k127_260975_1	3	389	387	-1	0.633	11	GGG	GENOMAD.154021.VP	4.396e-16	76	0	0	1	2561	Caudoviricetes	NA	NA	PF07141;TIGR03384	Putative bacteriophage terminase small subunit
k127_260975_2	403	468	66	1	0.606	11	GGGT	NA	NA	NA	0	0	0	1	NA	NA	NA	NA	NA
k127_302960_1	1	375	375	1	0.664	11	None	GENOMAD.159842.VV	8.855e-32	121	0	0	1	2561	Caudoviricetes	NA	NA	PF05772;PF04466;TIGR01547;COG5323	NinB protein; Phage terminase large subunit
k127_221336_1	3	362	360	1	0.611	11	None	GENOMAD.063098.VV	3.249e-06	47	0	0	1	2561	Caudoviricetes	NA	NA	PF11126	Transcriptional regulator DsbA
k127_104094_1	3	95	93	-1	0.667	11	GGAGG	NA	NA	NA	0	0	0	1	NA	NA	NA	NA	NA
k127_104094_2	82	504	423	-1	0.638	11	None	GENOMAD.181728.VV	5.097e-09	56	0	0	1	2561	Caudoviricetes	NA	NA	PF09588;COG5377;TIGR03033	Phage-related protein, predicted endonuclease
k127_261230_1	1	219	219	-1	0.694	11	GGA/GAG/AGG	GENOMAD.224435.VP	2.505e-07	48	0	0	1	2561	Caudoviricetes	NA	NA	PF04965;K06903;COG3628;TIGR03357	Baseplate wedge protein gp25
k127_261230_2	227	373	147	-1	0.646	11	None	NA	NA	NA	0	0	0	1	NA	NA	NA	NA	NA
k127_104325_1	102	329	228	-1	0.618	11	None	GENOMAD.129590.VP	1.215e-14	69	0	0	1	2561	Caudoviricetes	NA	NA	PF07141	Putative bacteriophage terminase small subunit
k127_303383_1	13	414	402	1	0.639	11	GGA/GAG/AGG	GENOMAD.017133.VV	3.095e-13	68	0	0	1	2561	Caudoviricetes	NA	NA	PF05894;TIGR01547;COG4373	Podovirus DNA encapsidation protein (Gp16)
k127_104646_1	1	306	306	-1	0.627	11	GGA/GAG/AGG	GENOMAD.068048.VV	3.636e-15	72	0	0	1	2561	Caudoviricetes	NA	NA	PF20307;TIGR03600;K02314;COG0305	phage replicative helicase, DnaB family, HK022 subfamily
k127_221892_1	2	955	954	1	0.621	11	None	GENOMAD.013210.VV	2.761e-49	181	0	0	1	2561	Caudoviricetes	NA	NA	PF00211;PF08994;PF08993;COG2114	Adenylate and Guanylate cyclase catalytic domain; T4 gene Gp59 loader of gp41 DNA helicase C-term; T4 gene Gp59 loader of gp41 DNA helicase
k127_64620_1	2	334	333	1	0.616	11	None	GENOMAD.160552.VV	3.507e-11	61	0	0	1	2561	Caudoviricetes	NA	NA	PF09588;COG5377;TIGR03033	Phage-related protein, predicted endonuclease
k127_303734_1	1	564	564	1	0.642	11	None	GENOMAD.223594.VP	7.929e-06	48	0	0	1	2561	Caudoviricetes	NA	NA	PF11994;PF09684;TIGR01634;COG4385	phage tail protein, P2 protein I family
k127_261958_1	116	415	300	-1	0.613	11	None	GENOMAD.063098.VV	1.472e-07	50	0	0	1	2561	Caudoviricetes	NA	NA	PF11126	Transcriptional regulator DsbA
k127_222234_1	2	376	375	1	0.659	11	None	GENOMAD.038338.VV	6.674e-18	81	0	0	0	2561	Caudoviricetes	NA	NA	COG3392	NA
k127_222234_2	366	755	390	1	0.605	11	GGAGG	GENOMAD.192021.VP	9.714e-06	46	0	0	0	2561	Caudoviricetes	NA	NA	PF18932	NA
k127_222234_3	755	1180	426	1	0.627	11	GGA/GAG/AGG	GENOMAD.017632.VV	9.742e-12	64	0	0	1	2561	Caudoviricetes	NA	NA	PF03354;COG5410;TIGR01547	phage terminase, large subunit, PBSX family
k127_105178_1	3	341	339	-1	0.667	11	GGA/GAG/AGG	GENOMAD.017133.VV	9.485e-18	80	0	0	1	2561	Caudoviricetes	NA	NA	PF05894;TIGR01547;COG4373	Podovirus DNA encapsidation protein (Gp16)
k127_25572_1	3	614	612	1	0.525	11	None	GENOMAD.195648.VP	1.053e-05	48	0	0	1	9067	Straboviridae	NA	NA	PF20025;PF01331;PF14743;K18951;TIGR04120;COG1793	DNA ligase, ATP-dependent, PP_1105 family
k127_222812_1	3	599	597	-1	0.623	11	None	GENOMAD.048660.VV	2.691e-44	161	0	0	1	2561	Caudoviricetes	NA	NA	PF16510	Phage P22-like portal protein
k127_185623_1	3	1040	1038	-1	0.655	11	None	GENOMAD.099865.VV	7.162e-48	178	0	0	1	2561	Caudoviricetes	NA	NA	PF04466;PF17289;TIGR01547;COG5323;K06909	phage terminase, large subunit, PBSX family
k127_105640_1	1	513	513	-1	0.657	11	None	GENOMAD.147427.VP	0.0005684	42	0	0	1	2561	Caudoviricetes	NA	NA	PF07141	Putative bacteriophage terminase small subunit
k127_105640_2	555	752	198	-1	0.667	11	None	GENOMAD.038338.VV	1.533e-08	51	0	0	0	2561	Caudoviricetes	NA	NA	COG3392	NA
k127_344550_1	2	88	87	1	0.586	11	None	NA	NA	NA	0	0	0	1	NA	NA	NA	NA	NA
k127_344550_2	92	520	429	1	0.606	11	None	GENOMAD.017133.VV	1.386e-17	81	0	0	1	2561	Caudoviricetes	NA	NA	PF05894;TIGR01547;COG4373	Podovirus DNA encapsidation protein (Gp16)
k127_304764_1	3	350	348	1	0.641	11	None	GENOMAD.192935.VP	7.988e-21	89	0	0	1	2561	Caudoviricetes	NA	NA	PF07141;COG2826;TIGR02844	Putative bacteriophage terminase small subunit
k127_105955_1	1	291	291	1	0.598	11	None	GENOMAD.042907.VV	1.608e-05	44	0	0	1	2561	Caudoviricetes	NA	NA	COG4675	Microcystin-dependent protein  (function unknown)
k127_105955_2	295	813	519	1	0.590	11	None	GENOMAD.152240.VV	2.75e-06	49	0	0	1	2561	Caudoviricetes	NA	NA	COG4675	Microcystin-dependent protein  (function unknown)
k127_105955_3	832	912	81	1	0.605	11	None	NA	NA	NA	0	0	0	1	NA	NA	NA	NA	NA
k127_186170_1	3	377	375	1	0.592	11	None	GENOMAD.125876.VV	3.432e-17	79	0	0	1	2561	Caudoviricetes	NA	NA	PF04586;COG3740;TIGR01543;K06904	Phage head maturation protease
k127_146265_1	3	722	720	1	0.449	11	None	GENOMAD.033662.VV	5.227e-143	448	0	0	1	2790	Microviridae	NA	NA	PF02305	Capsid protein (F protein)
k127_146265_2	833	1360	528	1	0.420	11	AGGAG	GENOMAD.145242.VV	5.002e-78	257	0	0	1	2790	Microviridae	NA	NA	PF02306	Major spike protein (G protein)
k127_146265_3	1369	2076	708	1	0.465	11	GGAG/GAGG	GENOMAD.109387.VV	2.32e-116	371	0	0	0	2790	Microviridae	NA	NA	PF04687	Microvirus H protein (pilot protein)
k127_263362_1	2	352	351	1	0.530	11	None	GENOMAD.025473.VV	5.026e-18	81	0	0	1	2561	Caudoviricetes	NA	NA	PF03237;TIGR01547;COG5323	phage terminase, large subunit, PBSX family
k127_66681_1	3	629	627	1	0.628	11	None	GENOMAD.013124.VV	2.778e-11	65	0	0	1	377	Drexlerviridae	NA	NA	PF13262;COG5410	NA
k127_263702_1	2	412	411	1	0.652	11	None	GENOMAD.223594.VP	2.534e-06	48	0	0	1	2561	Caudoviricetes	NA	NA	PF11994;PF09684;TIGR01634;COG4385	phage tail protein, P2 protein I family
k127_66885_1	1	333	333	-1	0.646	11	None	GENOMAD.015616.VV	2.889e-13	67	0	0	1	2561	Caudoviricetes	NA	NA	PF20387	NA
k127_345824_1	1	318	318	-1	0.560	11	None	GENOMAD.107483.VV	2.479e-44	156	0	0	1	1	NA	NA	NA	PF09682;TIGR01673	Bacteriophage holin of superfamily 6 (Holin_LLH)
k127_345874_1	1	306	306	1	0.618	11	None	GENOMAD.100194.VV	1.808e-14	70	0	0	1	2561	Caudoviricetes	NA	NA	PF04466;TIGR01547;COG5323	Phage terminase large subunit
k127_264127_1	3	173	171	1	0.655	11	None	NA	NA	NA	0	0	0	1	NA	NA	NA	NA	NA
k127_264127_2	178	351	174	1	0.598	11	GGA/GAG/AGG	GENOMAD.224435.VP	1.238e-07	48	0	0	1	2561	Caudoviricetes	NA	NA	PF04965;K06903;COG3628;TIGR03357	Baseplate wedge protein gp25
k127_187421_1	2	646	645	-1	0.612	11	None	GENOMAD.013210.VV	1.67e-57	200	0	0	1	2561	Caudoviricetes	NA	NA	PF00211;PF08994;PF08993;COG2114	Adenylate and Guanylate cyclase catalytic domain; T4 gene Gp59 loader of gp41 DNA helicase C-term; T4 gene Gp59 loader of gp41 DNA helicase
k127_264311_1	2	358	357	-1	0.655	11	None	GENOMAD.111606.VP	1.584e-05	45	0	0	1	2561	Caudoviricetes	NA	NA	PF03592;COG3728;K07474	Terminase small subunit
k127_264311_2	365	460	96	-1	0.615	11	None	NA	NA	NA	0	0	0	1	NA	NA	NA	NA	NA
k127_187854_1	1	594	594	-1	0.685	11	AGxAGG/AGGxGG	GENOMAD.039786.VV	1.021e-09	60	0	0	0	2561	Caudoviricetes	NA	NA	NA	NA
k127_187854_2	595	996	402	-1	0.622	11	None	GENOMAD.147427.VP	1.348e-13	69	0	0	1	2561	Caudoviricetes	NA	NA	PF07141	Putative bacteriophage terminase small subunit
k127_187862_1	1	195	195	-1	0.590	11	GGxGG	NA	NA	NA	0	0	0	1	NA	NA	NA	NA	NA
k127_187862_2	196	471	276	-1	0.514	11	None	GENOMAD.107055.VV	1.398e-12	64	0	0	1	2561	Caudoviricetes	NA	NA	PF17288	Terminase RNAseH like domain
k127_67758_1	1	312	312	1	0.587	11	None	GENOMAD.141999.VP	1.323e-10	59	0	0	1	2561	Caudoviricetes	NA	NA	PF16677;TIGR02844;COG2826;K00204	DNA-packaging protein gp3
k127_67814_1	2	532	531	-1	0.655	11	None	GENOMAD.097639.VV	6.018e-24	101	0	0	1	2561	Caudoviricetes	NA	NA	PF17289;TIGR01630;COG5362	phage uncharacterized protein (putative large terminase), C-terminal domain
k127_225087_1	2	778	777	-1	0.640	11	None	GENOMAD.013210.VV	3.572e-22	99	0	0	1	2561	Caudoviricetes	NA	NA	PF00211;PF08994;PF08993;COG2114	Adenylate and Guanylate cyclase catalytic domain; T4 gene Gp59 loader of gp41 DNA helicase C-term; T4 gene Gp59 loader of gp41 DNA helicase
k127_225292_1	275	1027	753	-1	0.660	11	None	GENOMAD.013210.VV	1.288e-10	64	0	0	1	2561	Caudoviricetes	NA	NA	PF00211;PF08994;PF08993;COG2114	Adenylate and Guanylate cyclase catalytic domain; T4 gene Gp59 loader of gp41 DNA helicase C-term; T4 gene Gp59 loader of gp41 DNA helicase
k127_387438_1	1	876	876	-1	0.656	11	None	GENOMAD.013210.VV	9.923e-52	187	0	0	1	2561	Caudoviricetes	NA	NA	PF00211;PF08994;PF08993;COG2114	Adenylate and Guanylate cyclase catalytic domain; T4 gene Gp59 loader of gp41 DNA helicase C-term; T4 gene Gp59 loader of gp41 DNA helicase
k127_387449_1	67	318	252	-1	0.599	11	None	GENOMAD.154021.VP	1.728e-07	49	0	0	1	2561	Caudoviricetes	NA	NA	PF07141;TIGR03384	Putative bacteriophage terminase small subunit
k127_307379_1	1	564	564	1	0.637	11	None	GENOMAD.223594.VP	1.729e-06	50	0	0	1	2561	Caudoviricetes	NA	NA	PF11994;PF09684;TIGR01634;COG4385	phage tail protein, P2 protein I family
k127_307379_2	561	1013	453	1	0.638	11	GGAG/GAGG	NA	NA	NA	0	0	0	1	NA	NA	NA	NA	NA
k127_28644_1	1	999	999	-1	0.587	11	4Base/6BMM	GENOMAD.073447.VV	2.302e-07	55	0	0	1	2561	Caudoviricetes	NA	NA	PF00580;TIGR04095;COG4373	UvrD/REP helicase N-terminal domain
k127_265164_1	3	389	387	1	0.620	11	None	GENOMAD.068048.VV	2.086e-15	74	0	0	1	2561	Caudoviricetes	NA	NA	PF20307;TIGR03600;K02314;COG0305	phage replicative helicase, DnaB family, HK022 subfamily
k127_307500_1	2	1024	1023	-1	0.628	11	None	GENOMAD.099865.VV	3.839e-41	158	0	0	1	2561	Caudoviricetes	NA	NA	PF04466;PF17289;TIGR01547;COG5323;K06909	phage terminase, large subunit, PBSX family
k127_68439_1	2	421	420	1	0.502	11	None	GENOMAD.147017.VP	1.373e-58	199	0	0	1	2561	Caudoviricetes	NA	NA	PF04466;TIGR01547;COG1783	Phage terminase large subunit
k127_225640_1	3	167	165	-1	0.612	11	GGA/GAG/AGG	GENOMAD.129590.VP	4.184e-09	52	0	0	1	2561	Caudoviricetes	NA	NA	PF07141	Putative bacteriophage terminase small subunit
k127_148589_1	1	975	975	1	0.523	11	None	GENOMAD.195568.VP	0.0002852	45	0	0	1	2561	Caudoviricetes	NA	NA	PF20025;PF01331;K18951;TIGR04120;COG1793	DNA ligase, ATP-dependent, PP_1105 family
k127_347914_1	2	370	369	1	0.656	11	None	GENOMAD.223594.VP	3.573e-06	47	0	0	1	2561	Caudoviricetes	NA	NA	PF11994;PF09684;TIGR01634;COG4385	phage tail protein, P2 protein I family
k127_348415_1	1	375	375	-1	0.648	11	None	GENOMAD.073447.VV	1.417e-09	57	0	0	1	2561	Caudoviricetes	NA	NA	PF00580;TIGR04095;COG4373	UvrD/REP helicase N-terminal domain
k127_69628_1	2	316	315	1	0.622	11	None	GENOMAD.129590.VP	5.59e-12	63	0	0	1	2561	Caudoviricetes	NA	NA	PF07141	Putative bacteriophage terminase small subunit
k127_189828_1	3	173	171	-1	0.579	11	None	NA	NA	NA	0	0	0	1	NA	NA	NA	NA	NA
k127_189828_2	125	346	222	-1	0.590	11	None	GENOMAD.214240.VP	4.982e-08	50	0	0	1	2561	Caudoviricetes	NA	NA	PF07141	NA
k127_308863_1	3	491	489	-1	0.697	11	None	GENOMAD.013210.VV	1.873e-11	64	0	0	1	2561	Caudoviricetes	NA	NA	PF00211;PF08994;PF08993;COG2114	Adenylate and Guanylate cyclase catalytic domain; T4 gene Gp59 loader of gp41 DNA helicase C-term; T4 gene Gp59 loader of gp41 DNA helicase
k127_389065_1	1	726	726	1	0.654	11	None	GENOMAD.148122.VP	1.888e-39	149	0	0	1	2561	Caudoviricetes	NA	NA	PF20441	Terminase large subunit, endonuclease domain
k127_30214_1	2	442	441	1	0.615	11	None	GENOMAD.097639.VV	1.225e-10	61	0	0	1	2561	Caudoviricetes	NA	NA	PF17289;TIGR01630;COG5362	phage uncharacterized protein (putative large terminase), C-terminal domain
k127_309149_1	3	368	366	-1	0.541	11	ATA	GENOMAD.147017.VP	4.723e-37	136	0	0	1	2561	Caudoviricetes	NA	NA	PF04466;TIGR01547;COG1783	Phage terminase large subunit
k127_309149_2	399	620	222	-1	0.518	11	None	NA	NA	NA	0	0	0	1	NA	NA	NA	NA	NA
k127_389351_1	1	465	465	-1	0.680	11	None	GENOMAD.013124.VV	3.047e-12	66	0	0	1	377	Drexlerviridae	NA	NA	PF13262;COG5410	NA
k127_309224_1	2	397	396	-1	0.571	11	None	GENOMAD.022372.VV	7.614e-20	87	0	0	1	2561	Caudoviricetes	NA	NA	PF04708;COG1961;K14060	Site-specific DNA recombinase related to the DNA invertase Pin
k127_70185_1	146	364	219	1	0.612	11	3Base/5BMM	GENOMAD.158976.VV	9.865e-16	72	0	0	1	2561	Caudoviricetes	NA	NA	PF17288	Terminase RNAseH like domain
k127_389453_1	211	441	231	1	0.680	11	None	GENOMAD.195366.VP	0.0001907	40	0	0	1	1	NA	NA	NA	PF05766;COG3024	Endogenous inhibitor of DNA gyrase, YacG/DUF329 family
k127_70383_1	2	511	510	1	0.612	11	None	GENOMAD.169508.VP	4.537e-13	69	0	0	1	2561	Caudoviricetes	NA	NA	PF04708;PF13262;COG1961;K14060	Site-specific DNA recombinase related to the DNA invertase Pin
k127_309491_1	3	404	402	1	0.609	11	None	GENOMAD.022372.VV	1.67e-20	89	0	0	1	2561	Caudoviricetes	NA	NA	PF04708;COG1961;K14060	Site-specific DNA recombinase related to the DNA invertase Pin
k127_190640_1	1	330	330	-1	0.685	11	None	GENOMAD.116655.VV	1.022e-15	74	0	0	1	2561	Caudoviricetes	NA	NA	PF04860;TIGR01537;COG5005	phage portal protein, HK97 family
k127_349482_1	1	327	327	1	0.651	11	None	GENOMAD.182236.VP	5.167e-06	46	0	0	1	2561	Caudoviricetes	NA	NA	PF16724;COG4119;TIGR02705;K12152	T4-like virus Myoviridae tail sheath stabiliser
k127_150597_1	1	378	378	-1	0.667	11	None	GENOMAD.097639.VV	1.932e-15	74	0	0	1	2561	Caudoviricetes	NA	NA	PF17289;TIGR01630;COG5362	phage uncharacterized protein (putative large terminase), C-terminal domain
k127_150682_1	2	709	708	-1	0.626	11	None	GENOMAD.169508.VP	6.887e-28	115	0	0	1	2561	Caudoviricetes	NA	NA	PF04708;PF13262;COG1961;K14060	Site-specific DNA recombinase related to the DNA invertase Pin
k127_110820_1	2	307	306	-1	0.618	11	None	GENOMAD.023991.VV	1.649e-07	50	0	0	1	2561	Caudoviricetes	NA	NA	COG5410	Mu-like prophage FluMu protein gp28
k127_309807_1	2	355	354	1	0.703	11	None	GENOMAD.081013.VV	6.953e-06	46	0	0	1	2561	Caudoviricetes	NA	NA	PF05135;TIGR02215	phage conserved hypothetical protein, phiE125 gp8 family
k127_227687_1	129	1310	1182	-1	0.612	11	None	GENOMAD.000175.VV	5.563e-06	51	0	0	1	8305	Partitiviridae	NA	NA	PF00680;COG3344	Viral RNA-dependent RNA polymerase
k127_191160_1	56	658	603	-1	0.680	11	None	GENOMAD.068048.VV	9.302e-16	78	0	0	1	2561	Caudoviricetes	NA	NA	PF20307;TIGR03600;K02314;COG0305	phage replicative helicase, DnaB family, HK022 subfamily
k127_267656_1	1	453	453	-1	0.634	11	None	GENOMAD.013210.VV	2.865e-11	63	0	0	1	2561	Caudoviricetes	NA	NA	PF00211;PF08994;PF08993;COG2114	Adenylate and Guanylate cyclase catalytic domain; T4 gene Gp59 loader of gp41 DNA helicase C-term; T4 gene Gp59 loader of gp41 DNA helicase
k127_151142_1	2	343	342	1	0.664	11	None	GENOMAD.068048.VV	7.956e-12	63	0	0	1	2561	Caudoviricetes	NA	NA	PF20307;TIGR03600;K02314;COG0305	phage replicative helicase, DnaB family, HK022 subfamily
k127_71442_1	3	560	558	1	0.647	11	None	GENOMAD.013124.VV	7.391e-12	66	0	0	1	377	Drexlerviridae	NA	NA	PF13262;COG5410	NA
k127_191929_1	1	342	342	1	0.585	11	None	GENOMAD.107055.VV	3.932e-11	61	0	0	1	2561	Caudoviricetes	NA	NA	PF17288	Terminase RNAseH like domain
k127_268213_1	1	1092	1092	1	0.603	11	None	GENOMAD.000073.VV	4.117e-05	48	0	0	1	6233	Potyviridae	NA	NA	PF00680	Viral RNA-dependent RNA polymerase
k127_310847_1	2	526	525	-1	0.400	11	None	GENOMAD.081975.VV	5.934e-10	60	0	0	1	2561	Caudoviricetes	NA	NA	PF06841;TIGR02241	T4-like virus tail tube protein gp19
k127_268399_1	1	231	231	-1	0.602	11	None	GENOMAD.123040.VV	2.99e-07	48	0	0	1	2561	Caudoviricetes	NA	NA	PF09681;TIGR01714	NA
k127_268399_2	239	379	141	-1	0.617	11	None	NA	NA	NA	0	0	0	1	NA	NA	NA	NA	NA
k127_311039_1	2	763	762	-1	0.579	11	None	GENOMAD.073447.VV	1.128e-07	55	0	0	1	2561	Caudoviricetes	NA	NA	PF00580;TIGR04095;COG4373	UvrD/REP helicase N-terminal domain
k127_32280_1	2	304	303	-1	0.535	11	None	GENOMAD.010997.VV	4.167e-21	89	0	0	1	2561	Caudoviricetes	NA	NA	PF12236	Bacteriophage head to tail connecting protein
k127_351018_1	2	691	690	-1	0.667	11	GGAG/GAGG	GENOMAD.013124.VV	4.082e-18	86	0	0	1	377	Drexlerviridae	NA	NA	PF13262;COG5410	NA
k127_72172_1	3	539	537	-1	0.611	11	None	GENOMAD.068048.VV	2.561e-14	73	0	0	1	2561	Caudoviricetes	NA	NA	PF20307;TIGR03600;K02314;COG0305	phage replicative helicase, DnaB family, HK022 subfamily
k127_351079_1	2	430	429	1	0.564	11	None	GENOMAD.102979.VP	1.986e-22	95	0	0	1	2561	Caudoviricetes	NA	NA	PF04233;PF10122;TIGR01641;COG5585	phage putative head morphogenesis protein, SPP1 gp7 family
k127_152100_1	1	387	387	-1	0.661	11	None	GENOMAD.099865.VV	5.594e-22	93	0	0	1	2561	Caudoviricetes	NA	NA	PF04466;PF17289;TIGR01547;COG5323;K06909	phage terminase, large subunit, PBSX family
k127_112413_1	339	1616	1278	1	0.606	11	None	GENOMAD.013210.VV	3.72e-23	106	0	0	1	2561	Caudoviricetes	NA	NA	PF00211;PF08994;PF08993;COG2114	Adenylate and Guanylate cyclase catalytic domain; T4 gene Gp59 loader of gp41 DNA helicase C-term; T4 gene Gp59 loader of gp41 DNA helicase
k127_351240_1	1	306	306	1	0.592	11	None	GENOMAD.045267.VV	8.989e-14	68	0	0	1	2561	Caudoviricetes	NA	NA	PF20387;COG3864	Predicted metal-dependent peptidase
k127_152313_1	1	315	315	-1	0.632	11	None	GENOMAD.178916.VP	9.817e-30	114	0	0	1	2561	Caudoviricetes	NA	NA	PF05065;TIGR01554;COG1659	phage major capsid protein, HK97 family
k127_229242_1	2	340	339	1	0.622	11	None	GENOMAD.017958.VV	2.335e-24	99	0	0	1	1	NA	NA	NA	PF12236	Bacteriophage head to tail connecting protein
k127_351571_1	3	392	390	1	0.523	11	None	GENOMAD.008606.VV	9.405e-07	49	0	0	1	2561	Caudoviricetes	NA	NA	PF06714;PF04965;K21530;COG3628;TIGR03357	Gp5 N-terminal OB domain; Baseplate wedge protein gp25
k127_152688_1	3	323	321	-1	0.402	11	None	GENOMAD.069663.VV	1.818e-16	76	0	0	1	2561	Caudoviricetes	NA	NA	PF08993;PF07432	T4 gene Gp59 loader of gp41 DNA helicase; Histone H1-like protein Hc1
k127_392087_1	1	390	390	-1	0.600	11	None	GENOMAD.160552.VV	6.462e-12	64	0	0	1	2561	Caudoviricetes	NA	NA	PF09588;COG5377;TIGR03033	Phage-related protein, predicted endonuclease
k127_33096_1	3	347	345	1	0.600	11	None	GENOMAD.068048.VV	6.207e-15	72	0	0	1	2561	Caudoviricetes	NA	NA	PF20307;TIGR03600;K02314;COG0305	phage replicative helicase, DnaB family, HK022 subfamily
k127_73013_1	3	752	750	-1	0.633	11	None	GENOMAD.013124.VV	6.717e-17	83	0	0	1	377	Drexlerviridae	NA	NA	PF13262;COG5410	NA
k127_392350_1	1	732	732	-1	0.648	11	None	GENOMAD.013210.VV	2.699e-13	72	0	0	1	2561	Caudoviricetes	NA	NA	PF00211;PF08994;PF08993;COG2114	Adenylate and Guanylate cyclase catalytic domain; T4 gene Gp59 loader of gp41 DNA helicase C-term; T4 gene Gp59 loader of gp41 DNA helicase
k127_269442_1	2	346	345	1	0.542	11	None	GENOMAD.010997.VV	4.628e-18	81	0	0	1	2561	Caudoviricetes	NA	NA	PF12236	Bacteriophage head to tail connecting protein
k127_352274_1	1	309	309	-1	0.644	11	GGAG/GAGG	GENOMAD.017133.VV	6.973e-09	54	0	0	1	2561	Caudoviricetes	NA	NA	PF05894;TIGR01547;COG4373	Podovirus DNA encapsidation protein (Gp16)
k127_269705_1	3	617	615	-1	0.540	11	None	GENOMAD.015404.VV	1.099e-57	200	0	0	1	2561	Caudoviricetes	NA	NA	PF16510;TIGR01538	Phage P22-like portal protein
k127_392819_1	3	542	540	-1	0.452	11	None	GENOMAD.028110.VV	7.157e-51	179	0	0	1	2561	Caudoviricetes	NA	NA	PF13479;TIGR01618;COG0467	phage nucleotide-binding protein
k127_73564_1	2	1105	1104	1	0.555	11	None	GENOMAD.013210.VV	2.551e-18	90	0	0	1	2561	Caudoviricetes	NA	NA	PF00211;PF08994;PF08993;COG2114	Adenylate and Guanylate cyclase catalytic domain; T4 gene Gp59 loader of gp41 DNA helicase C-term; T4 gene Gp59 loader of gp41 DNA helicase
k127_193775_1	1	1185	1185	-1	0.549	11	GGA/GAG/AGG	GENOMAD.019218.VV	3.817e-85	289	0	0	1	2561	Caudoviricetes	NA	NA	COG5410	NA
k127_73633_1	3	428	426	-1	0.627	11	None	GENOMAD.099865.VV	9.412e-22	93	0	0	1	2561	Caudoviricetes	NA	NA	PF04466;PF17289;TIGR01547;COG5323;K06909	phage terminase, large subunit, PBSX family
k127_73802_1	1	1293	1293	-1	0.563	11	None	GENOMAD.013210.VV	5.835e-14	77	0	0	1	2561	Caudoviricetes	NA	NA	PF00211;PF08994;PF08993;COG2114	Adenylate and Guanylate cyclase catalytic domain; T4 gene Gp59 loader of gp41 DNA helicase C-term; T4 gene Gp59 loader of gp41 DNA helicase
k127_34117_1	3	323	321	1	0.611	11	None	GENOMAD.053137.VV	3.002e-11	61	0	0	1	2561	Caudoviricetes	NA	NA	PF17482	Phage tail sheath C-terminal domain
k127_34122_1	2	838	837	-1	0.687	11	None	GENOMAD.068590.VV	2.452e-14	76	0	0	1	2561	Caudoviricetes	NA	NA	PF13871;PF11242;K11654;TIGR00721	C-terminal domain on Strawberry notch homologue
k127_114126_1	1	420	420	1	0.645	11	None	GENOMAD.013210.VV	8.67e-39	142	0	0	1	2561	Caudoviricetes	NA	NA	PF00211;PF08994;PF08993;COG2114	Adenylate and Guanylate cyclase catalytic domain; T4 gene Gp59 loader of gp41 DNA helicase C-term; T4 gene Gp59 loader of gp41 DNA helicase
k127_194462_1	2	1027	1026	-1	0.611	11	GGAGG	GENOMAD.000175.VV	1.801e-05	49	0	0	1	8305	Partitiviridae	NA	NA	PF00680;COG3344	Viral RNA-dependent RNA polymerase
k127_154378_1	2	538	537	1	0.600	11	None	GENOMAD.019218.VV	2.567e-53	186	0	0	1	2561	Caudoviricetes	NA	NA	COG5410	NA
k127_313542_1	2	178	177	1	0.672	11	None	NA	NA	NA	0	0	0	1	NA	NA	NA	NA	NA
k127_313542_2	191	412	222	1	0.649	11	AGGA	GENOMAD.066721.VV	5.212e-08	50	0	0	1	1	NA	NA	NA	PF06199;COG5437;TIGR02126	Phage tail tube protein
k127_114637_1	2	364	363	-1	0.683	11	None	GENOMAD.072479.VV	0.0001799	42	0	0	1	1	NA	NA	NA	PF20198	Sm_like domain
k127_34781_1	3	422	420	-1	0.667	11	None	GENOMAD.097639.VV	6.092e-17	79	0	0	1	2561	Caudoviricetes	NA	NA	PF17289;TIGR01630;COG5362	phage uncharacterized protein (putative large terminase), C-terminal domain
k127_270906_1	1	912	912	1	0.654	11	None	GENOMAD.208446.VP	2.148e-22	101	0	0	0	2561	Caudoviricetes	NA	NA	PF01555;COG4725;K13581	N6-adenosine-specific RNA methylase IME4
k127_270906_2	905	1321	417	1	0.645	11	None	GENOMAD.154021.VP	5.384e-18	82	0	0	1	2561	Caudoviricetes	NA	NA	PF07141;TIGR03384	Putative bacteriophage terminase small subunit
k127_313774_1	1	153	153	1	0.601	11	None	NA	NA	NA	0	0	0	1	NA	NA	NA	NA	NA
k127_313774_2	200	466	267	1	0.618	11	None	GENOMAD.097639.VV	1.664e-17	78	0	0	1	2561	Caudoviricetes	NA	NA	PF17289;TIGR01630;COG5362	phage uncharacterized protein (putative large terminase), C-terminal domain
k127_114875_1	2	793	792	-1	0.511	11	None	GENOMAD.107997.VV	4.055e-22	99	0	0	1	2561	Caudoviricetes	NA	NA	PF11134	Phage stabilisation protein
k127_313785_1	101	592	492	1	0.636	11	None	GENOMAD.097639.VV	1.311e-27	111	0	0	1	2561	Caudoviricetes	NA	NA	PF17289;TIGR01630;COG5362	phage uncharacterized protein (putative large terminase), C-terminal domain
k127_74871_1	2	886	885	1	0.592	11	None	GENOMAD.013210.VV	2.232e-39	151	0	0	1	2561	Caudoviricetes	NA	NA	PF00211;PF08994;PF08993;COG2114	Adenylate and Guanylate cyclase catalytic domain; T4 gene Gp59 loader of gp41 DNA helicase C-term; T4 gene Gp59 loader of gp41 DNA helicase
k127_231372_1	2	463	462	1	0.634	11	None	GENOMAD.116655.VV	2.692e-66	222	0	0	1	2561	Caudoviricetes	NA	NA	PF04860;TIGR01537;COG5005	phage portal protein, HK97 family
k127_394392_1	2	385	384	1	0.661	11	None	GENOMAD.111208.VP	2.194e-23	97	0	0	1	2561	Caudoviricetes	NA	NA	PF20441	Terminase large subunit, endonuclease domain
k127_75130_1	1	360	360	-1	0.606	11	None	GENOMAD.068048.VV	8.304e-14	69	0	0	1	2561	Caudoviricetes	NA	NA	PF20307;TIGR03600;K02314;COG0305	phage replicative helicase, DnaB family, HK022 subfamily
k127_35425_1	3	398	396	1	0.662	11	None	GENOMAD.223594.VP	1.029e-05	46	0	0	1	2561	Caudoviricetes	NA	NA	PF11994;PF09684;TIGR01634;COG4385	phage tail protein, P2 protein I family
k127_35425_2	395	649	255	1	0.675	11	GGAG/GAGG	NA	NA	NA	0	0	0	1	NA	NA	NA	NA	NA
k127_271399_1	2	313	312	-1	0.676	11	3Base/5BMM	GENOMAD.023991.VV	7.183e-17	77	0	0	1	2561	Caudoviricetes	NA	NA	COG5410	Mu-like prophage FluMu protein gp28
k127_75427_1	1	456	456	-1	0.673	11	None	GENOMAD.104632.VP	1.047e-33	128	0	0	1	2561	Caudoviricetes	NA	NA	PF06378;PF04466;TIGR01547;COG5323	Phage terminase large subunit
k127_271542_1	3	296	294	1	0.544	11	None	GENOMAD.158976.VV	1.108e-32	122	0	0	1	2561	Caudoviricetes	NA	NA	PF17288	Terminase RNAseH like domain
k127_271568_1	3	383	381	-1	0.617	11	GGA/GAG/AGG	GENOMAD.017632.VV	1.517e-09	57	0	0	1	2561	Caudoviricetes	NA	NA	PF03354;COG5410;TIGR01547	phage terminase, large subunit, PBSX family
k127_271568_2	389	535	147	-1	0.605	11	None	NA	NA	NA	0	0	0	1	NA	NA	NA	NA	NA
k127_75514_1	1	459	459	-1	0.529	11	None	GENOMAD.219105.VP	3.732e-07	51	0	0	1	2561	Caudoviricetes	NA	NA	PF20025;PF01068;K18951;TIGR04120;COG5226	DNA ligase, ATP-dependent, PP_1105 family
k127_394915_1	2	259	258	-1	0.500	11	AGxAGG/AGGxGG	GENOMAD.064055.VV	6.272e-11	59	0	0	1	2561	Caudoviricetes	NA	NA	PF17212	Tail tubular protein
k127_394915_2	249	398	150	-1	0.473	11	None	GENOMAD.037082.VV	1.056e-18	79	0	0	0	2561	Caudoviricetes	NA	NA	NA	NA
k127_195852_1	3	554	552	-1	0.641	11	None	GENOMAD.013124.VV	7.238e-11	63	0	0	1	377	Drexlerviridae	NA	NA	PF13262;COG5410	NA
k127_195852_2	544	933	390	-1	0.651	11	GGAGG	GENOMAD.093978.VV	0.000225	42	0	0	0	2561	Caudoviricetes	NA	NA	PF18932	NA
k127_195852_3	923	994	72	-1	0.625	11	None	NA	NA	NA	0	0	0	1	NA	NA	NA	NA	NA
k127_36098_1	3	353	351	-1	0.618	11	None	GENOMAD.023991.VV	3.078e-31	119	0	0	1	2561	Caudoviricetes	NA	NA	COG5410	Mu-like prophage FluMu protein gp28
k127_395423_1	1	822	822	-1	0.586	11	None	GENOMAD.169508.VP	1.085e-23	104	0	0	1	2561	Caudoviricetes	NA	NA	PF04708;PF13262;COG1961;K14060	Site-specific DNA recombinase related to the DNA invertase Pin
k127_116355_1	3	437	435	1	0.632	11	None	GENOMAD.013124.VV	1.441e-06	49	0	0	1	377	Drexlerviridae	NA	NA	PF13262;COG5410	NA
k127_36548_1	1	354	354	1	0.607	11	None	GENOMAD.147017.VP	4.808e-35	130	0	0	1	2561	Caudoviricetes	NA	NA	PF04466;TIGR01547;COG1783	Phage terminase large subunit
k127_36674_1	1	315	315	-1	0.629	11	None	GENOMAD.178916.VP	1.816e-23	96	0	0	1	2561	Caudoviricetes	NA	NA	PF05065;TIGR01554;COG1659	phage major capsid protein, HK97 family
k127_355339_1	3	386	384	1	0.612	11	None	GENOMAD.036442.VV	9.16e-33	124	0	0	1	2561	Caudoviricetes	NA	NA	PF16510;TIGR01538	Phage P22-like portal protein
k127_36786_1	1	408	408	1	0.586	11	None	GENOMAD.148122.VP	4.231e-28	111	0	0	1	2561	Caudoviricetes	NA	NA	PF20441	Terminase large subunit, endonuclease domain
k127_315624_1	3	110	108	-1	0.648	11	GGAG/GAGG	NA	NA	NA	0	0	0	1	NA	NA	NA	NA	NA
k127_315624_2	152	739	588	-1	0.611	11	None	GENOMAD.009163.VV	2.045e-07	53	0	0	1	2561	Caudoviricetes	NA	NA	PF13550;COG5449	Putative phage tail protein
k127_315782_1	3	314	312	1	0.702	11	None	GENOMAD.141431.VP	2.142e-05	44	0	0	1	2561	Caudoviricetes	NA	NA	PF04466;TIGR01547;COG1783	Phage terminase large subunit
k127_116915_1	2	400	399	1	0.639	11	None	GENOMAD.172137.VP	5.642e-32	122	0	0	1	2561	Caudoviricetes	NA	NA	PF07141;COG3728;TIGR02036	Putative bacteriophage terminase small subunit
k127_233028_1	3	404	402	1	0.652	11	None	GENOMAD.013124.VV	1.644e-11	63	0	0	1	377	Drexlerviridae	NA	NA	PF13262;COG5410	NA
k127_76868_1	62	310	249	1	0.590	11	None	NA	NA	NA	0	0	0	1	NA	NA	NA	NA	NA
k127_76868_2	815	2068	1254	1	0.589	11	None	GENOMAD.000175.VV	3.028e-06	52	0	0	1	8305	Partitiviridae	NA	NA	PF00680;COG3344	Viral RNA-dependent RNA polymerase
k127_76868_3	2079	2240	162	1	0.623	11	None	NA	NA	NA	0	0	0	1	NA	NA	NA	NA	NA
k127_272850_1	3	506	504	1	0.667	11	None	GENOMAD.116655.VV	1.544e-36	137	0	0	1	2561	Caudoviricetes	NA	NA	PF04860;TIGR01537;COG5005	phage portal protein, HK97 family
k127_197286_1	1	678	678	-1	0.541	11	None	GENOMAD.013210.VV	4.136e-31	124	0	0	1	2561	Caudoviricetes	NA	NA	PF00211;PF08994;PF08993;COG2114	Adenylate and Guanylate cyclase catalytic domain; T4 gene Gp59 loader of gp41 DNA helicase C-term; T4 gene Gp59 loader of gp41 DNA helicase
k127_316106_1	2	643	642	-1	0.628	11	None	GENOMAD.169508.VP	2.081e-23	101	0	0	1	2561	Caudoviricetes	NA	NA	PF04708;PF13262;COG1961;K14060	Site-specific DNA recombinase related to the DNA invertase Pin
k127_37298_1	1	324	324	-1	0.691	11	None	GENOMAD.148016.VP	5.441e-05	43	0	0	1	2561	Caudoviricetes	NA	NA	PF05119;COG3747;TIGR01558	Phage terminase, small subunit
k127_316166_1	3	368	366	1	0.634	11	None	GENOMAD.129999.VP	2.599e-10	59	0	0	1	2561	Caudoviricetes	NA	NA	PF04708;COG1961;K21528	Site-specific DNA recombinase related to the DNA invertase Pin
k127_197795_1	3	704	702	-1	0.660	11	None	GENOMAD.097639.VV	2.778e-29	119	0	0	1	2561	Caudoviricetes	NA	NA	PF17289;TIGR01630;COG5362	phage uncharacterized protein (putative large terminase), C-terminal domain
k127_157607_1	2	166	165	1	0.600	11	None	NA	NA	NA	0	0	0	1	NA	NA	NA	NA	NA
k127_157607_2	325	1344	1020	1	0.622	11	GGAG/GAGG	GENOMAD.013210.VV	3.164e-09	61	0	0	1	2561	Caudoviricetes	NA	NA	PF00211;PF08994;PF08993;COG2114	Adenylate and Guanylate cyclase catalytic domain; T4 gene Gp59 loader of gp41 DNA helicase C-term; T4 gene Gp59 loader of gp41 DNA helicase
k127_316903_1	1	333	333	-1	0.625	11	None	GENOMAD.006689.VV	1.944e-17	79	0	0	1	2561	Caudoviricetes	NA	NA	PF19307	NA
k127_117996_1	2	313	312	1	0.590	11	None	NA	NA	NA	0	0	0	1	NA	NA	NA	NA	NA
k127_117996_2	318	827	510	1	0.567	11	GGA/GAG/AGG	NA	NA	NA	0	0	0	1	NA	NA	NA	NA	NA
k127_117996_3	824	1321	498	1	0.578	11	GGAG/GAGG	GENOMAD.022372.VV	4.029e-24	101	0	0	1	2561	Caudoviricetes	NA	NA	PF04708;COG1961;K14060	Site-specific DNA recombinase related to the DNA invertase Pin
k127_273799_1	2	442	441	-1	0.673	11	None	GENOMAD.222055.VP	0.0003511	42	0	0	1	2561	Caudoviricetes	NA	NA	PF11242;COG4584;TIGR00721;K22103	Transposase
k127_234268_1	1	327	327	1	0.627	11	None	GENOMAD.035571.VV	1.198e-13	68	0	0	1	2561	Caudoviricetes	NA	NA	PF20387	NA
k127_274356_1	3	329	327	1	0.636	11	None	GENOMAD.108416.VP	1.192e-21	91	0	0	1	2561	Caudoviricetes	NA	NA	PF11863;COG4386	Mu-like prophage tail sheath protein gpL
k127_357391_1	3	338	336	1	0.583	11	None	GENOMAD.129396.VP	6.093e-22	92	0	0	1	2561	Caudoviricetes	NA	NA	PF20454	Terminase large subunit gpA, endonuclease domain
k127_38928_1	1	300	300	-1	0.630	11	None	GENOMAD.154021.VP	8.267e-14	68	0	0	1	2561	Caudoviricetes	NA	NA	PF07141;TIGR03384	Putative bacteriophage terminase small subunit
k127_317808_1	3	344	342	-1	0.681	11	None	GENOMAD.147017.VP	1.989e-34	128	0	0	1	2561	Caudoviricetes	NA	NA	PF04466;TIGR01547;COG1783	Phage terminase large subunit
k127_199045_1	1	447	447	1	0.669	11	None	GENOMAD.013210.VV	1.187e-21	93	0	0	1	2561	Caudoviricetes	NA	NA	PF00211;PF08994;PF08993;COG2114	Adenylate and Guanylate cyclase catalytic domain; T4 gene Gp59 loader of gp41 DNA helicase C-term; T4 gene Gp59 loader of gp41 DNA helicase
k127_234891_1	2	511	510	-1	0.649	11	None	GENOMAD.013210.VV	2.387e-10	61	0	0	1	2561	Caudoviricetes	NA	NA	PF00211;PF08994;PF08993;COG2114	Adenylate and Guanylate cyclase catalytic domain; T4 gene Gp59 loader of gp41 DNA helicase C-term; T4 gene Gp59 loader of gp41 DNA helicase
k127_39086_1	1	357	357	-1	0.605	11	None	GENOMAD.221952.VV	2.772e-08	53	0	0	1	2561	Caudoviricetes	NA	NA	PF06890;COG4384;TIGR01644	Mu-like prophage protein gp45
k127_235323_1	3	380	378	-1	0.712	11	None	GENOMAD.118632.VP	8.32e-07	49	0	0	1	2561	Caudoviricetes	NA	NA	PF00476;PF07141	DNA polymerase family A; Putative bacteriophage terminase small subunit
k127_159278_1	24	374	351	-1	0.618	11	None	GENOMAD.063098.VV	6.521e-06	46	0	0	1	2561	Caudoviricetes	NA	NA	PF11126	Transcriptional regulator DsbA
k127_318917_1	2	190	189	-1	0.630	11	AGGA	GENOMAD.141999.VP	2.765e-09	53	0	0	1	2561	Caudoviricetes	NA	NA	PF16677;TIGR02844;COG2826;K00204	DNA-packaging protein gp3
k127_358610_1	3	401	399	1	0.504	11	None	GENOMAD.066452.VV	8.293e-28	110	0	0	1	2561	Caudoviricetes	NA	NA	PF12236	Bacteriophage head to tail connecting protein
k127_236168_1	1	207	207	-1	0.638	11	None	GENOMAD.152079.VP	3.676e-09	53	0	0	1	2561	Caudoviricetes	NA	NA	PF07141;COG2826;TIGR00721	Putative bacteriophage terminase small subunit
k127_236168_2	302	733	432	-1	0.627	11	None	GENOMAD.208446.VP	1.386e-17	81	0	0	0	2561	Caudoviricetes	NA	NA	PF01555;COG4725;K13581	N6-adenosine-specific RNA methylase IME4
k127_276081_1	2	454	453	1	0.611	11	None	GENOMAD.160552.VV	1.302e-11	64	0	0	1	2561	Caudoviricetes	NA	NA	PF09588;COG5377;TIGR03033	Phage-related protein, predicted endonuclease
k127_276627_1	2	439	438	-1	0.612	11	None	GENOMAD.068048.VV	1.968e-14	72	0	0	1	2561	Caudoviricetes	NA	NA	PF20307;TIGR03600;K02314;COG0305	phage replicative helicase, DnaB family, HK022 subfamily
k127_236980_1	2	169	168	1	0.619	11	None	NA	NA	NA	0	0	0	1	NA	NA	NA	NA	NA
k127_236980_2	126	572	447	-1	0.620	11	None	GENOMAD.099754.VV	3.404e-06	48	0	0	1	1	NA	NA	NA	PF17289;TIGR01630;COG5362	phage uncharacterized protein (putative large terminase), C-terminal domain
k127_237913_1	1	240	240	-1	0.625	11	TATA	GENOMAD.147427.VP	8.581e-13	64	0	0	1	2561	Caudoviricetes	NA	NA	PF07141	Putative bacteriophage terminase small subunit
k127_238117_1	3	590	588	1	0.612	11	None	GENOMAD.013210.VV	1.086e-24	104	0	0	1	2561	Caudoviricetes	NA	NA	PF00211;PF08994;PF08993;COG2114	Adenylate and Guanylate cyclase catalytic domain; T4 gene Gp59 loader of gp41 DNA helicase C-term; T4 gene Gp59 loader of gp41 DNA helicase
k127_278056_1	3	536	534	1	0.614	11	None	GENOMAD.169508.VP	1.092e-26	109	0	0	1	2561	Caudoviricetes	NA	NA	PF04708;PF13262;COG1961;K14060	Site-specific DNA recombinase related to the DNA invertase Pin
k127_239222_1	2	916	915	1	0.632	11	None	GENOMAD.013210.VV	9.18e-48	176	0	0	1	2561	Caudoviricetes	NA	NA	PF00211;PF08994;PF08993;COG2114	Adenylate and Guanylate cyclase catalytic domain; T4 gene Gp59 loader of gp41 DNA helicase C-term; T4 gene Gp59 loader of gp41 DNA helicase
