gene	start	end	length	strand	gc_content	genetic_code	rbs_motif	marker	evalue	bitscore	uscg	plasmid_hallmark	virus_hallmark	taxid	taxname	annotation_conjscan	annotation_amr	annotation_accessions	annotation_description
k127_419111_1	1	456	456	-1	0.643	11	None	GENOMAD.022372.VV	1.382e-21	93	0	0	1	2561	Caudoviricetes	NA	NA	PF04708;COG1961;K14060	Site-specific DNA recombinase related to the DNA invertase Pin
k127_179662_1	2	115	114	-1	0.658	11	GGA/GAG/AGG	GENOMAD.147427.VP	5.667e-06	42	0	0	1	2561	Caudoviricetes	NA	NA	PF07141	Putative bacteriophage terminase small subunit
k127_479016_1	2	664	663	1	0.560	11	None	GENOMAD.129124.VV	3.325e-17	83	0	0	1	2561	Caudoviricetes	NA	NA	PF14550;TIGR01543;COG3740;K06904	phage prohead protease, HK97 family
k127_419461_1	224	1723	1500	-1	0.635	11	GGAG/GAGG	GENOMAD.099865.VV	4.698e-74	261	0	0	1	2561	Caudoviricetes	NA	NA	PF04466;PF17289;TIGR01547;COG5323;K06909	phage terminase, large subunit, PBSX family
k127_419461_2	1970	2329	360	-1	0.600	11	None	GENOMAD.129590.VP	1.471e-15	74	0	0	1	2561	Caudoviricetes	NA	NA	PF07141	Putative bacteriophage terminase small subunit
k127_419497_1	3	350	348	1	0.583	11	None	GENOMAD.116655.VV	2.661e-40	145	0	0	1	2561	Caudoviricetes	NA	NA	PF04860;TIGR01537;COG5005	phage portal protein, HK97 family
k127_419667_1	3	242	240	1	0.613	11	None	NA	NA	NA	0	0	0	1	NA	NA	NA	NA	NA
k127_419667_2	226	444	219	1	0.639	11	GGAGG	GENOMAD.166202.VP	6.345e-06	44	0	0	1	2561	Caudoviricetes	NA	NA	PF05876;COG5410;TIGR01547	Phage terminase large subunit gpA, ATPase domain
k127_539572_1	73	495	423	-1	0.643	11	None	GENOMAD.097639.VV	6.092e-17	79	0	0	1	2561	Caudoviricetes	NA	NA	PF17289;TIGR01630;COG5362	phage uncharacterized protein (putative large terminase), C-terminal domain
k127_479920_1	1	99	99	-1	0.636	11	GGAGG	NA	NA	NA	0	0	0	1	NA	NA	NA	NA	NA
k127_479920_2	167	385	219	1	0.644	11	GGAGG	GENOMAD.154021.VP	3.93e-10	56	0	0	1	2561	Caudoviricetes	NA	NA	PF07141;TIGR03384	Putative bacteriophage terminase small subunit
k127_240507_1	2	322	321	1	0.611	11	None	GENOMAD.045267.VV	2.46e-13	67	0	0	1	2561	Caudoviricetes	NA	NA	PF20387;COG3864	Predicted metal-dependent peptidase
k127_480338_1	1	612	612	1	0.626	11	None	GENOMAD.169508.VP	5.361e-09	58	0	0	1	2561	Caudoviricetes	NA	NA	PF04708;PF13262;COG1961;K14060	Site-specific DNA recombinase related to the DNA invertase Pin
k127_240855_1	3	536	534	1	0.601	11	None	GENOMAD.027233.VV	3.113e-06	49	0	0	1	2561	Caudoviricetes	NA	NA	PF05136;TIGR01539;COG5511	phage portal protein, lambda family
k127_300816_1	2	247	246	1	0.606	11	None	GENOMAD.151092.VV	7.089e-08	50	0	0	1	2561	Caudoviricetes	NA	NA	PF09588;COG5377;TIGR03033;K01143	Phage-related protein, predicted endonuclease
k127_300816_2	231	389	159	1	0.597	11	GGAGG	NA	NA	NA	0	0	0	1	NA	NA	NA	NA	NA
k127_61431_1	2	319	318	1	0.635	11	None	GENOMAD.141999.VP	9.111e-07	48	0	0	1	2561	Caudoviricetes	NA	NA	PF16677;TIGR02844;COG2826;K00204	DNA-packaging protein gp3
k127_480625_1	3	314	312	1	0.615	11	None	GENOMAD.060259.VV	1.953e-06	47	0	0	1	2561	Caudoviricetes	NA	NA	PF20307;TIGR02236;COG0468;K04484	Divergent DnaB-like ATPase
k127_1860_1	1	318	318	1	0.597	11	None	GENOMAD.129124.VV	1.687e-32	122	0	0	1	2561	Caudoviricetes	NA	NA	PF14550;TIGR01543;COG3740;K06904	phage prohead protease, HK97 family
k127_361666_1	1	333	333	-1	0.637	11	None	GENOMAD.068048.VV	5.83e-14	69	0	0	1	2561	Caudoviricetes	NA	NA	PF20307;TIGR03600;K02314;COG0305	phage replicative helicase, DnaB family, HK022 subfamily
k127_241964_1	1	501	501	1	0.527	11	None	GENOMAD.013210.VV	4.905e-22	95	0	0	1	2561	Caudoviricetes	NA	NA	PF00211;PF08994;PF08993;COG2114	Adenylate and Guanylate cyclase catalytic domain; T4 gene Gp59 loader of gp41 DNA helicase C-term; T4 gene Gp59 loader of gp41 DNA helicase
k127_2451_1	2	349	348	-1	0.563	11	None	GENOMAD.045267.VV	3.863e-12	64	0	0	1	2561	Caudoviricetes	NA	NA	PF20387;COG3864	Predicted metal-dependent peptidase
k127_481595_1	2	412	411	1	0.613	11	None	GENOMAD.126852.VV	2.463e-06	48	0	0	1	2561	Caudoviricetes	NA	NA	PF03592;COG3728;K07474	Terminase small subunit
k127_301930_1	1	510	510	-1	0.584	11	None	GENOMAD.208744.VP	4.292e-14	72	0	0	1	2561	Caudoviricetes	NA	NA	PF07141	Putative bacteriophage terminase small subunit
k127_301930_2	507	617	111	-1	0.604	11	None	NA	NA	NA	0	0	0	1	NA	NA	NA	NA	NA
k127_122372_1	30	362	333	-1	0.571	11	None	GENOMAD.194640.VP	2.724e-37	136	0	0	1	2561	Caudoviricetes	NA	NA	PF04717;COG4540;TIGR01644	Phage P2 baseplate assembly protein gpV
k127_62566_1	3	482	480	-1	0.608	11	None	GENOMAD.013210.VV	2.464e-36	136	0	0	1	2561	Caudoviricetes	NA	NA	PF00211;PF08994;PF08993;COG2114	Adenylate and Guanylate cyclase catalytic domain; T4 gene Gp59 loader of gp41 DNA helicase C-term; T4 gene Gp59 loader of gp41 DNA helicase
k127_541738_1	3	152	150	1	0.593	11	None	NA	NA	NA	0	0	0	1	NA	NA	NA	NA	NA
k127_541738_2	115	402	288	1	0.663	11	GGA/GAG/AGG	GENOMAD.159431.VP	1.21e-23	96	0	0	1	2561	Caudoviricetes	NA	NA	PF05894;TIGR01547;COG1783	Podovirus DNA encapsidation protein (Gp16)
k127_482048_1	581	2536	1956	1	0.592	11	GGAG/GAGG	GENOMAD.094059.VV	4.705e-12	72	0	0	0	2561	Caudoviricetes	NA	NA	PF01970;COG3333	TctA family transporter
k127_541872_1	3	650	648	-1	0.630	11	None	GENOMAD.169508.VP	3.2e-13	71	0	0	1	2561	Caudoviricetes	NA	NA	PF04708;PF13262;COG1961;K14060	Site-specific DNA recombinase related to the DNA invertase Pin
k127_62892_1	73	372	300	-1	0.643	11	None	GENOMAD.154021.VP	5.386e-10	57	0	0	1	2561	Caudoviricetes	NA	NA	PF07141;TIGR03384	Putative bacteriophage terminase small subunit
k127_422073_1	3	980	978	1	0.621	11	None	GENOMAD.013210.VV	1.438e-19	93	0	0	1	2561	Caudoviricetes	NA	NA	PF00211;PF08994;PF08993;COG2114	Adenylate and Guanylate cyclase catalytic domain; T4 gene Gp59 loader of gp41 DNA helicase C-term; T4 gene Gp59 loader of gp41 DNA helicase
k127_242645_1	2	697	696	1	0.595	11	None	GENOMAD.109691.VV	1.884e-34	134	0	0	1	2561	Caudoviricetes	NA	NA	PF06141	Phage minor tail protein U
k127_63242_1	1	507	507	-1	0.607	11	None	GENOMAD.013210.VV	3.211e-18	84	0	0	1	2561	Caudoviricetes	NA	NA	PF00211;PF08994;PF08993;COG2114	Adenylate and Guanylate cyclase catalytic domain; T4 gene Gp59 loader of gp41 DNA helicase C-term; T4 gene Gp59 loader of gp41 DNA helicase
k127_302952_1	1	456	456	1	0.618	11	None	GENOMAD.045267.VV	2.006e-16	78	0	0	1	2561	Caudoviricetes	NA	NA	PF20387;COG3864	Predicted metal-dependent peptidase
k127_542482_1	3	407	405	1	0.556	11	None	GENOMAD.068048.VV	1.572e-12	66	0	0	1	2561	Caudoviricetes	NA	NA	PF20307;TIGR03600;K02314;COG0305	phage replicative helicase, DnaB family, HK022 subfamily
k127_542549_1	2	361	360	-1	0.647	11	None	GENOMAD.147427.VP	4.245e-21	90	0	0	1	2561	Caudoviricetes	NA	NA	PF07141	Putative bacteriophage terminase small subunit
k127_482861_1	1	318	318	1	0.616	11	None	GENOMAD.054522.VV	3.513e-09	55	0	0	1	2561	Caudoviricetes	NA	NA	PF17212	Tail tubular protein
k127_482879_1	1	384	384	-1	0.633	11	None	GENOMAD.092941.VV	3.74e-08	53	0	0	1	2561	Caudoviricetes	NA	NA	PF19161	NA
k127_423283_1	3	68	66	1	0.636	11	None	NA	NA	NA	0	0	0	1	NA	NA	NA	NA	NA
k127_423283_2	73	333	261	1	0.590	11	None	GENOMAD.129122.VP	6.799e-18	79	0	0	1	2561	Caudoviricetes	NA	NA	PF05954;K06905;COG3500;TIGR03361	Phage protein D
k127_184223_1	3	410	408	-1	0.730	11	None	GENOMAD.182236.VP	1.183e-05	46	0	0	1	2561	Caudoviricetes	NA	NA	PF16724;COG4119;TIGR02705;K12152	T4-like virus Myoviridae tail sheath stabiliser
k127_483711_1	1	288	288	1	0.625	11	None	GENOMAD.147427.VP	2.812e-07	49	0	0	1	2561	Caudoviricetes	NA	NA	PF07141	Putative bacteriophage terminase small subunit
k127_244090_1	3	350	348	-1	0.664	11	None	GENOMAD.002970.VV	2.091e-10	59	0	0	1	2561	Caudoviricetes	NA	NA	PF12236	Bacteriophage head to tail connecting protein
k127_64800_1	3	347	345	-1	0.626	11	None	GENOMAD.043312.VV	6.313e-06	46	0	0	1	6064	Autographiviridae	NA	NA	PF12236	Bacteriophage head to tail connecting protein
k127_64866_1	3	359	357	1	0.580	11	None	GENOMAD.151393.VP	2.515e-50	174	0	0	1	2561	Caudoviricetes	NA	NA	PF17288;TIGR01547;COG1783	phage terminase, large subunit, PBSX family
k127_424292_1	1	1374	1374	1	0.670	11	None	GENOMAD.046845.VV	7.089e-26	115	0	0	0	2561	Caudoviricetes	NA	NA	PF10431	NA
k127_424292_2	1398	2519	1122	1	0.616	11	GGA/GAG/AGG	NA	NA	NA	0	0	0	1	NA	NA	NA	NA	NA
k127_184967_1	2	409	408	-1	0.647	11	None	GENOMAD.023991.VV	9.023e-45	159	0	0	1	2561	Caudoviricetes	NA	NA	COG5410	Mu-like prophage FluMu protein gp28
k127_125447_1	3	233	231	1	0.628	11	None	GENOMAD.147427.VP	1.056e-09	55	0	0	1	2561	Caudoviricetes	NA	NA	PF07141	Putative bacteriophage terminase small subunit
k127_364822_1	1	630	630	1	0.644	11	None	GENOMAD.169508.VP	2.374e-18	86	0	0	1	2561	Caudoviricetes	NA	NA	PF04708;PF13262;COG1961;K14060	Site-specific DNA recombinase related to the DNA invertase Pin
k127_185280_1	2	214	213	-1	0.648	11	None	GENOMAD.154021.VP	1.265e-12	63	0	0	1	2561	Caudoviricetes	NA	NA	PF07141;TIGR03384	Putative bacteriophage terminase small subunit
k127_305134_1	2	676	675	1	0.640	11	None	GENOMAD.013124.VV	1.676e-08	57	0	0	1	377	Drexlerviridae	NA	NA	PF13262;COG5410	NA
k127_365065_1	1	513	513	1	0.647	11	None	GENOMAD.062035.VV	5.895e-21	92	0	0	1	2561	Caudoviricetes	NA	NA	PF17482	NA
k127_365065_2	551	739	189	1	0.646	11	GGAG/GAGG	NA	NA	NA	0	0	0	1	NA	NA	NA	NA	NA
k127_425048_1	1	237	237	-1	0.549	11	GGA/GAG/AGG	GENOMAD.147427.VP	2.927e-15	71	0	0	1	2561	Caudoviricetes	NA	NA	PF07141	Putative bacteriophage terminase small subunit
k127_485141_1	1	303	303	-1	0.561	11	GGA/GAG/AGG	GENOMAD.200662.VV	1.269e-17	79	0	0	1	2561	Caudoviricetes	NA	NA	PF05119;COG3747;TIGR01558	Phage terminase, small subunit
k127_66118_1	3	182	180	-1	0.550	11	ATA	NA	NA	NA	0	0	0	1	NA	NA	NA	NA	NA
k127_66118_2	186	587	402	1	0.507	11	ATA	GENOMAD.169508.VP	1.776e-10	60	0	0	1	2561	Caudoviricetes	NA	NA	PF04708;PF13262;COG1961;K14060	Site-specific DNA recombinase related to the DNA invertase Pin
k127_186178_1	38	322	285	1	0.561	11	GGAGG	GENOMAD.009848.VV	1.341e-14	70	0	0	1	9913	Herelleviridae	NA	NA	COG5377;TIGR03033	Phage-related protein, predicted endonuclease
k127_365755_1	3	518	516	-1	0.653	11	None	GENOMAD.013210.VV	5.668e-09	57	0	0	1	2561	Caudoviricetes	NA	NA	PF00211;PF08994;PF08993;COG2114	Adenylate and Guanylate cyclase catalytic domain; T4 gene Gp59 loader of gp41 DNA helicase C-term; T4 gene Gp59 loader of gp41 DNA helicase
k127_126546_1	2	205	204	1	0.603	11	None	NA	NA	NA	0	0	0	1	NA	NA	NA	NA	NA
k127_126546_2	235	588	354	1	0.619	11	None	GENOMAD.064381.VV	2.908e-07	50	0	0	1	2561	Caudoviricetes	NA	NA	PF04717;TIGR01644;COG4384	phage baseplate assembly protein V
k127_246313_1	3	314	312	-1	0.676	11	GGA/GAG/AGG	GENOMAD.097639.VV	1.414e-25	102	0	0	1	2561	Caudoviricetes	NA	NA	PF17289;TIGR01630;COG5362	phage uncharacterized protein (putative large terminase), C-terminal domain
k127_246313_2	315	482	168	-1	0.619	11	None	NA	NA	NA	0	0	0	1	NA	NA	NA	NA	NA
k127_246326_1	2	67	66	-1	0.545	11	GGAG/GAGG	NA	NA	NA	0	0	0	1	NA	NA	NA	NA	NA
k127_246326_2	264	986	723	-1	0.658	11	None	GENOMAD.097639.VV	6.981e-30	121	0	0	1	2561	Caudoviricetes	NA	NA	PF17289;TIGR01630;COG5362	phage uncharacterized protein (putative large terminase), C-terminal domain
k127_486253_1	3	374	372	-1	0.594	11	None	GENOMAD.019218.VV	7.677e-33	124	0	0	1	2561	Caudoviricetes	NA	NA	COG5410	NA
k127_247018_1	1	501	501	-1	0.527	11	None	GENOMAD.178331.VP	3.546e-26	107	0	0	1	2561	Caudoviricetes	NA	NA	PF20454;PF05876;K21512;COG5525	Phage terminase, large subunit GpA
k127_67608_1	1	414	414	-1	0.577	11	None	GENOMAD.019218.VV	1.712e-30	118	0	0	1	2561	Caudoviricetes	NA	NA	COG5410	NA
k127_487078_1	2	676	675	1	0.693	11	None	GENOMAD.195801.VP	1.514e-06	51	0	0	1	2561	Caudoviricetes	NA	NA	PF20441;PF03354;COG4373;TIGR01630	Mu-like prophage FluMu protein gp28
k127_67957_1	2	631	630	1	0.638	11	None	GENOMAD.000175.VV	5.89e-08	55	0	0	1	8305	Partitiviridae	NA	NA	PF00680;COG3344	Viral RNA-dependent RNA polymerase
k127_68096_1	2	334	333	-1	0.625	11	GGA/GAG/AGG	GENOMAD.017632.VV	4.235e-09	55	0	0	1	2561	Caudoviricetes	NA	NA	PF03354;COG5410;TIGR01547	phage terminase, large subunit, PBSX family
k127_68096_2	334	723	390	-1	0.626	11	GGxGG	GENOMAD.093978.VV	0.000225	42	0	0	0	2561	Caudoviricetes	NA	NA	PF18932	NA
k127_68096_3	713	1444	732	-1	0.649	11	None	GENOMAD.208446.VP	5.724e-17	83	0	0	0	2561	Caudoviricetes	NA	NA	PF01555;COG4725;K13581	N6-adenosine-specific RNA methylase IME4
k127_547137_1	2	442	441	-1	0.617	11	None	GENOMAD.053137.VV	5.62e-21	91	0	0	1	2561	Caudoviricetes	NA	NA	PF17482	Phage tail sheath C-terminal domain
k127_247762_1	2	337	336	1	0.536	11	None	GENOMAD.158965.VP	3.656e-35	130	0	0	1	2561	Caudoviricetes	NA	NA	PF05772;PF04404;COG5362	NinB protein; ERF superfamily
k127_68188_1	1	369	369	-1	0.659	11	None	GENOMAD.223594.VP	1.671e-06	48	0	0	1	2561	Caudoviricetes	NA	NA	PF11994;PF09684;TIGR01634;COG4385	phage tail protein, P2 protein I family
k127_188068_1	3	497	495	1	0.648	11	None	GENOMAD.033718.VV	1.103e-05	47	0	0	1	2561	Caudoviricetes	NA	NA	PF08813;K21038	Phage tail tube protein, TTP
k127_8392_1	2	733	732	1	0.537	11	None	GENOMAD.020821.VV	1.272e-15	79	0	0	1	2561	Caudoviricetes	NA	NA	PF05876;PF16203;K14440;COG5410;TIGR04095	ERCC4-related helicase
k127_547527_1	109	303	195	1	0.656	11	GGAGG	GENOMAD.100194.VV	1.876e-06	45	0	0	1	2561	Caudoviricetes	NA	NA	PF04466;TIGR01547;COG5323	Phage terminase large subunit
k127_547527_2	251	346	96	1	0.490	11	GGAG/GAGG	NA	NA	NA	0	0	0	1	NA	NA	NA	NA	NA
k127_248093_1	2	331	330	-1	0.633	11	None	GENOMAD.147427.VP	1.67e-10	59	0	0	1	2561	Caudoviricetes	NA	NA	PF07141	Putative bacteriophage terminase small subunit
k127_68509_1	2	2800	2799	-1	0.657	11	None	GENOMAD.064018.VV	4.486e-16	86	0	0	0	2561	Caudoviricetes	NA	NA	PF13872;K14440;COG1111;TIGR04095	ERCC4-related helicase
k127_308051_1	2	88	87	1	0.368	11	None	NA	NA	NA	0	0	0	1	NA	NA	NA	NA	NA
k127_308051_2	88	357	270	1	0.526	11	None	GENOMAD.055451.VV	9.263e-09	53	0	0	1	1	NA	NA	NA	PF19905	NA
k127_427900_1	1	438	438	-1	0.644	11	None	GENOMAD.182236.VP	7.053e-06	47	0	0	1	2561	Caudoviricetes	NA	NA	PF16724;COG4119;TIGR02705;K12152	T4-like virus Myoviridae tail sheath stabiliser
k127_308170_1	3	1043	1041	1	0.666	11	None	GENOMAD.013210.VV	3.806e-10	64	0	0	1	2561	Caudoviricetes	NA	NA	PF00211;PF08994;PF08993;COG2114	Adenylate and Guanylate cyclase catalytic domain; T4 gene Gp59 loader of gp41 DNA helicase C-term; T4 gene Gp59 loader of gp41 DNA helicase
k127_368322_1	1	327	327	-1	0.602	11	None	GENOMAD.181728.VV	5.167e-06	46	0	0	1	2561	Caudoviricetes	NA	NA	PF09588;COG5377;TIGR03033	Phage-related protein, predicted endonuclease
k127_129328_1	56	556	501	-1	0.569	11	AGGAG	GENOMAD.183754.VP	2.308e-08	55	0	0	1	2561	Caudoviricetes	NA	NA	COG4675	Microcystin-dependent protein  (function unknown)
k127_129328_2	593	1096	504	-1	0.597	11	AGGAG	GENOMAD.105412.VV	2.467e-06	49	0	0	1	2561	Caudoviricetes	NA	NA	COG4675	Microcystin-dependent protein  (function unknown)
k127_249092_1	3	626	624	1	0.662	11	None	GENOMAD.013124.VV	2.659e-08	56	0	0	1	377	Drexlerviridae	NA	NA	PF13262;COG5410	NA
k127_308998_1	2	958	957	1	0.682	11	None	GENOMAD.013210.VV	4.745e-15	79	0	0	1	2561	Caudoviricetes	NA	NA	PF00211;PF08994;PF08993;COG2114	Adenylate and Guanylate cyclase catalytic domain; T4 gene Gp59 loader of gp41 DNA helicase C-term; T4 gene Gp59 loader of gp41 DNA helicase
k127_189758_1	1	750	750	1	0.629	11	None	GENOMAD.169508.VP	1.059e-27	115	0	0	1	2561	Caudoviricetes	NA	NA	PF04708;PF13262;COG1961;K14060	Site-specific DNA recombinase related to the DNA invertase Pin
k127_309495_1	3	377	375	-1	0.664	11	None	GENOMAD.053137.VV	8.632e-06	46	0	0	1	2561	Caudoviricetes	NA	NA	PF17482	Phage tail sheath C-terminal domain
k127_10124_1	3	440	438	-1	0.610	11	AGGAG	GENOMAD.022372.VV	6.987e-18	82	0	0	1	2561	Caudoviricetes	NA	NA	PF04708;COG1961;K14060	Site-specific DNA recombinase related to the DNA invertase Pin
k127_10124_2	427	573	147	-1	0.571	11	None	NA	NA	NA	0	0	0	1	NA	NA	NA	NA	NA
k127_130230_1	2	355	354	1	0.636	11	None	GENOMAD.111023.VP	9.669e-28	109	0	0	1	2561	Caudoviricetes	NA	NA	PF04865;COG3948	Baseplate J-like protein
k127_190153_1	1	450	450	-1	0.587	11	None	GENOMAD.151393.VP	1.472e-37	139	0	0	1	2561	Caudoviricetes	NA	NA	PF17288;TIGR01547;COG1783	phage terminase, large subunit, PBSX family
k127_369834_1	1	279	279	1	0.538	11	None	GENOMAD.093408.VV	5.948e-29	111	0	0	1	2561	Caudoviricetes	NA	NA	PF09356;PF11836;TIGR02218	phage conserved hypothetical protein BR0599
k127_369834_2	276	341	66	1	0.621	11	GGA/GAG/AGG	NA	NA	NA	0	0	0	1	NA	NA	NA	NA	NA
k127_190559_1	3	347	345	-1	0.612	11	None	GENOMAD.151393.VP	1.381e-14	71	0	0	1	2561	Caudoviricetes	NA	NA	PF17288;TIGR01547;COG1783	phage terminase, large subunit, PBSX family
k127_549836_1	3	749	747	1	0.636	11	None	GENOMAD.169508.VP	2.973e-13	72	0	0	1	2561	Caudoviricetes	NA	NA	PF04708;PF13262;COG1961;K14060	Site-specific DNA recombinase related to the DNA invertase Pin
k127_10962_1	1	327	327	1	0.639	11	None	GENOMAD.100194.VV	1.977e-16	76	0	0	1	2561	Caudoviricetes	NA	NA	PF04466;TIGR01547;COG5323	Phage terminase large subunit
k127_310539_1	1	942	942	-1	0.672	11	None	GENOMAD.013210.VV	1.101e-17	87	0	0	1	2561	Caudoviricetes	NA	NA	PF00211;PF08994;PF08993;COG2114	Adenylate and Guanylate cyclase catalytic domain; T4 gene Gp59 loader of gp41 DNA helicase C-term; T4 gene Gp59 loader of gp41 DNA helicase
k127_71121_1	1	372	372	-1	0.599	11	GGA/GAG/AGG	GENOMAD.017632.VV	1.369e-09	57	0	0	1	2561	Caudoviricetes	NA	NA	PF03354;COG5410;TIGR01547	phage terminase, large subunit, PBSX family
k127_71121_2	378	764	387	-1	0.610	11	GGAGG	GENOMAD.209380.VP	0.000219	42	0	0	0	2561	Caudoviricetes	NA	NA	PF18932	NA
k127_71121_3	754	963	210	-1	0.529	11	GGA/GAG/AGG	NA	NA	NA	0	0	0	1	NA	NA	NA	NA	NA
k127_71121_4	1134	1892	759	-1	0.590	11	GGAG/GAGG	NA	NA	NA	0	0	0	1	NA	NA	NA	NA	NA
k127_190966_1	1	492	492	-1	0.636	11	None	GENOMAD.151393.VP	1.394e-44	160	0	0	1	2561	Caudoviricetes	NA	NA	PF17288;TIGR01547;COG1783	phage terminase, large subunit, PBSX family
k127_310731_1	42	428	387	1	0.602	11	AGxAGG/AGGxGG	GENOMAD.093978.VV	9.435e-06	46	0	0	0	2561	Caudoviricetes	NA	NA	PF18932	NA
k127_310731_2	428	1729	1302	1	0.622	11	GGA/GAG/AGG	GENOMAD.013124.VV	3.061e-20	97	0	0	1	377	Drexlerviridae	NA	NA	PF13262;COG5410	NA
k127_490613_1	2	343	342	-1	0.629	11	None	GENOMAD.053137.VV	3.295e-21	90	0	0	1	2561	Caudoviricetes	NA	NA	PF17482	Phage tail sheath C-terminal domain
k127_251169_1	2	310	309	1	0.618	11	None	GENOMAD.159431.VP	1.701e-15	73	0	0	1	2561	Caudoviricetes	NA	NA	PF05894;TIGR01547;COG1783	Podovirus DNA encapsidation protein (Gp16)
k127_191511_1	2	301	300	-1	0.640	11	None	GENOMAD.017632.VV	3.406e-07	49	0	0	1	2561	Caudoviricetes	NA	NA	PF03354;COG5410;TIGR01547	phage terminase, large subunit, PBSX family
k127_431228_1	2	334	333	-1	0.571	11	None	GENOMAD.108416.VP	6.454e-21	89	0	0	1	2561	Caudoviricetes	NA	NA	PF11863;COG4386	Mu-like prophage tail sheath protein gpL
k127_251561_1	1	891	891	1	0.585	11	None	GENOMAD.013210.VV	3.846e-26	112	0	0	1	2561	Caudoviricetes	NA	NA	PF00211;PF08994;PF08993;COG2114	Adenylate and Guanylate cyclase catalytic domain; T4 gene Gp59 loader of gp41 DNA helicase C-term; T4 gene Gp59 loader of gp41 DNA helicase
k127_551026_1	38	475	438	-1	0.614	11	GGxGG	GENOMAD.093408.VV	3.578e-67	224	0	0	1	2561	Caudoviricetes	NA	NA	PF09356;PF11836;TIGR02218	phage conserved hypothetical protein BR0599
k127_551026_2	475	723	249	-1	0.546	11	None	GENOMAD.115798.VV	2.603e-40	143	0	0	0	2561	Caudoviricetes	NA	NA	NA	NA
k127_251728_1	1	567	567	-1	0.616	11	None	GENOMAD.013124.VV	6.803e-16	78	0	0	1	377	Drexlerviridae	NA	NA	PF13262;COG5410	NA
k127_192046_1	1	486	486	1	0.652	11	None	GENOMAD.013124.VV	1.619e-13	70	0	0	1	377	Drexlerviridae	NA	NA	PF13262;COG5410	NA
k127_312018_1	2	100	99	1	0.616	11	None	NA	NA	NA	0	0	0	1	NA	NA	NA	NA	NA
k127_312018_2	97	459	363	1	0.642	11	GGAG/GAGG	GENOMAD.017133.VV	1.035e-11	63	0	0	1	2561	Caudoviricetes	NA	NA	PF05894;TIGR01547;COG4373	Podovirus DNA encapsidation protein (Gp16)
k127_312200_1	3	320	318	1	0.616	11	None	GENOMAD.158172.VP	4.759e-14	69	0	0	1	2561	Caudoviricetes	NA	NA	PF04466;TIGR01547;COG5323	phage terminase, large subunit, PBSX family
k127_372050_1	3	668	666	-1	0.652	11	None	GENOMAD.013210.VV	2.8e-22	98	0	0	1	2561	Caudoviricetes	NA	NA	PF00211;PF08994;PF08993;COG2114	Adenylate and Guanylate cyclase catalytic domain; T4 gene Gp59 loader of gp41 DNA helicase C-term; T4 gene Gp59 loader of gp41 DNA helicase
k127_492078_1	2	310	309	1	0.589	11	None	GENOMAD.060717.VV	2.956e-17	78	0	0	1	2561	Caudoviricetes	NA	NA	PF11753	Protein of unknwon function (DUF3310)
k127_492078_2	307	453	147	1	0.605	11	GGAG/GAGG	NA	NA	NA	0	0	0	1	NA	NA	NA	NA	NA
k127_551924_1	2	106	105	1	0.629	11	None	NA	NA	NA	0	0	0	1	NA	NA	NA	NA	NA
k127_551924_2	90	641	552	1	0.558	11	GGAGG	GENOMAD.009848.VV	2.096e-20	91	0	0	1	9913	Herelleviridae	NA	NA	COG5377;TIGR03033	Phage-related protein, predicted endonuclease
k127_312661_1	2	412	411	1	0.521	11	None	GENOMAD.123534.VP	7.472e-72	237	0	0	1	2561	Caudoviricetes	NA	NA	PF05133;TIGR01538	Phage portal protein, SPP1 Gp6-like
k127_13434_1	3	320	318	1	0.569	11	None	GENOMAD.158965.VP	3.59e-32	121	0	0	1	2561	Caudoviricetes	NA	NA	PF05772;PF04404;COG5362	NinB protein; ERF superfamily
k127_13434_2	195	461	267	-1	0.536	11	None	NA	NA	NA	0	0	0	1	NA	NA	NA	NA	NA
k127_73625_1	86	334	249	1	0.659	11	GGA/GAG/AGG	GENOMAD.147427.VP	4.395e-13	65	0	0	1	2561	Caudoviricetes	NA	NA	PF07141	Putative bacteriophage terminase small subunit
k127_492959_1	2	244	243	-1	0.465	11	None	NA	NA	NA	0	0	0	1	NA	NA	NA	NA	NA
k127_492959_2	195	1367	1173	-1	0.487	11	None	GENOMAD.072343.VV	5.517e-48	180	0	0	1	2561	Caudoviricetes	NA	NA	PF20307;PF13662;K21502;TIGR02237;COG0468	Divergent DnaB-like ATPase; Toprim domain
k127_373059_1	28	303	276	-1	0.591	11	None	GENOMAD.045267.VV	1.398e-12	64	0	0	1	2561	Caudoviricetes	NA	NA	PF20387;COG3864	Predicted metal-dependent peptidase
k127_373124_1	140	601	462	1	0.645	11	GGAGG	GENOMAD.063098.VV	1.71e-07	52	0	0	1	2561	Caudoviricetes	NA	NA	PF11126	Transcriptional regulator DsbA
k127_14016_1	3	431	429	-1	0.629	11	None	GENOMAD.148122.VP	5.661e-28	111	0	0	1	2561	Caudoviricetes	NA	NA	PF20441	Terminase large subunit, endonuclease domain
k127_553287_1	1	675	675	-1	0.630	11	None	GENOMAD.013210.VV	1.464e-21	96	0	0	1	2561	Caudoviricetes	NA	NA	PF00211;PF08994;PF08993;COG2114	Adenylate and Guanylate cyclase catalytic domain; T4 gene Gp59 loader of gp41 DNA helicase C-term; T4 gene Gp59 loader of gp41 DNA helicase
k127_253919_1	3	479	477	1	0.646	11	None	GENOMAD.013124.VV	1.845e-09	58	0	0	1	377	Drexlerviridae	NA	NA	PF13262;COG5410	NA
k127_374081_1	99	389	291	1	0.653	11	None	GENOMAD.147427.VP	4.298e-19	83	0	0	1	2561	Caudoviricetes	NA	NA	PF07141	Putative bacteriophage terminase small subunit
k127_553930_1	1	684	684	1	0.652	11	None	GENOMAD.013210.VV	1.908e-15	78	0	0	1	2561	Caudoviricetes	NA	NA	PF00211;PF08994;PF08993;COG2114	Adenylate and Guanylate cyclase catalytic domain; T4 gene Gp59 loader of gp41 DNA helicase C-term; T4 gene Gp59 loader of gp41 DNA helicase
k127_254534_1	2	577	576	1	0.634	11	None	GENOMAD.100194.VV	4.605e-24	102	0	0	1	2561	Caudoviricetes	NA	NA	PF04466;TIGR01547;COG5323	Phage terminase large subunit
k127_135263_1	256	885	630	1	0.686	11	4Base/6BMM	GENOMAD.013124.VV	6.024e-09	58	0	0	1	377	Drexlerviridae	NA	NA	PF13262;COG5410	NA
k127_195171_1	2	529	528	1	0.638	11	None	GENOMAD.125876.VV	1.145e-24	103	0	0	1	2561	Caudoviricetes	NA	NA	PF04586;COG3740;TIGR01543;K06904	Phage head maturation protease
k127_195171_2	529	792	264	1	0.648	11	None	NA	NA	NA	0	0	0	1	NA	NA	NA	NA	NA
k127_135389_1	1	267	267	1	0.592	11	None	GENOMAD.129999.VP	1.772e-16	75	0	0	1	2561	Caudoviricetes	NA	NA	PF04708;COG1961;K21528	Site-specific DNA recombinase related to the DNA invertase Pin
k127_135389_2	260	346	87	1	0.586	11	None	NA	NA	NA	0	0	0	1	NA	NA	NA	NA	NA
k127_135456_1	1	654	654	1	0.636	11	None	GENOMAD.013210.VV	6.06e-19	88	0	0	1	2561	Caudoviricetes	NA	NA	PF00211;PF08994;PF08993;COG2114	Adenylate and Guanylate cyclase catalytic domain; T4 gene Gp59 loader of gp41 DNA helicase C-term; T4 gene Gp59 loader of gp41 DNA helicase
k127_135456_2	651	812	162	1	0.611	11	None	NA	NA	NA	0	0	0	1	NA	NA	NA	NA	NA
k127_494843_1	3	425	423	1	0.650	11	None	GENOMAD.223594.VP	1.317e-05	46	0	0	1	2561	Caudoviricetes	NA	NA	PF11994;PF09684;TIGR01634;COG4385	phage tail protein, P2 protein I family
k127_494843_2	422	616	195	1	0.682	11	GGAG/GAGG	NA	NA	NA	0	0	0	1	NA	NA	NA	NA	NA
k127_135785_1	3	206	204	-1	0.559	11	None	GENOMAD.009848.VV	2.763e-11	59	0	0	1	9913	Herelleviridae	NA	NA	COG5377;TIGR03033	Phage-related protein, predicted endonuclease
k127_135785_2	190	993	804	-1	0.587	11	AGGAGG	GENOMAD.102926.VP	2.038e-15	79	0	0	0	2561	Caudoviricetes	NA	NA	PF04404	ERF superfamily
k127_135785_3	1048	1134	87	-1	0.621	11	None	NA	NA	NA	0	0	0	1	NA	NA	NA	NA	NA
k127_435258_1	3	455	453	-1	0.638	11	None	GENOMAD.017133.VV	9.071e-17	79	0	0	1	2561	Caudoviricetes	NA	NA	PF05894;TIGR01547;COG4373	Podovirus DNA encapsidation protein (Gp16)
k127_16132_1	3	332	330	-1	0.561	11	None	GENOMAD.200662.VV	4.152e-17	78	0	0	1	2561	Caudoviricetes	NA	NA	PF05119;COG3747;TIGR01558	Phage terminase, small subunit
k127_435303_1	63	359	297	-1	0.616	11	None	GENOMAD.045267.VV	7.597e-14	68	0	0	1	2561	Caudoviricetes	NA	NA	PF20387;COG3864	Predicted metal-dependent peptidase
k127_16233_1	3	1274	1272	1	0.625	11	None	GENOMAD.013124.VV	2.041e-25	113	0	0	1	377	Drexlerviridae	NA	NA	PF13262;COG5410	NA
k127_375469_1	3	347	345	-1	0.623	11	None	GENOMAD.013124.VV	1.087e-08	54	0	0	1	377	Drexlerviridae	NA	NA	PF13262;COG5410	NA
k127_375585_1	2	355	354	-1	0.633	11	None	GENOMAD.154021.VP	1.413e-15	74	0	0	1	2561	Caudoviricetes	NA	NA	PF07141;TIGR03384	Putative bacteriophage terminase small subunit
k127_136419_1	3	410	408	1	0.652	11	None	GENOMAD.013124.VV	4.191e-10	59	0	0	1	377	Drexlerviridae	NA	NA	PF13262;COG5410	NA
k127_495641_1	2	451	450	-1	0.647	11	None	GENOMAD.116655.VV	1.696e-05	46	0	0	1	2561	Caudoviricetes	NA	NA	PF04860;TIGR01537;COG5005	phage portal protein, HK97 family
k127_555522_1	1	486	486	1	0.535	11	None	GENOMAD.068590.VV	6.235e-16	77	0	0	1	2561	Caudoviricetes	NA	NA	PF13871;PF11242;K11654;TIGR00721	C-terminal domain on Strawberry notch homologue
k127_555522_2	841	1356	516	1	0.552	11	GGA/GAG/AGG	NA	NA	NA	0	0	0	1	NA	NA	NA	NA	NA
k127_435642_1	3	230	228	-1	0.636	11	TATA	GENOMAD.147427.VP	1.426e-13	66	0	0	1	2561	Caudoviricetes	NA	NA	PF07141	Putative bacteriophage terminase small subunit
k127_136570_1	1	333	333	1	0.613	11	None	GENOMAD.097639.VV	1.125e-06	48	0	0	1	2561	Caudoviricetes	NA	NA	PF17289;TIGR01630;COG5362	phage uncharacterized protein (putative large terminase), C-terminal domain
k127_435778_1	2	463	462	-1	0.606	11	None	GENOMAD.178051.VP	3.511e-09	57	0	0	1	2561	Caudoviricetes	NA	NA	PF02195;PF17288;TIGR00180;COG1475	ParB/RepB/Spo0J family partition protein
k127_256217_1	3	401	399	1	0.652	11	None	GENOMAD.013124.VV	7.179e-12	64	0	0	1	377	Drexlerviridae	NA	NA	PF13262;COG5410	NA
k127_495889_1	2	484	483	1	0.592	11	None	GENOMAD.045267.VV	6.909e-14	71	0	0	1	2561	Caudoviricetes	NA	NA	PF20387;COG3864	Predicted metal-dependent peptidase
k127_496155_1	3	326	324	1	0.648	11	None	GENOMAD.223594.VP	4.406e-07	49	0	0	1	2561	Caudoviricetes	NA	NA	PF11994;PF09684;TIGR01634;COG4385	phage tail protein, P2 protein I family
k127_316403_1	61	717	657	-1	0.601	11	None	GENOMAD.013124.VV	3.365e-11	65	0	0	1	377	Drexlerviridae	NA	NA	PF13262;COG5410	NA
k127_137307_1	3	458	456	-1	0.640	11	None	GENOMAD.013210.VV	1.982e-26	107	0	0	1	2561	Caudoviricetes	NA	NA	PF00211;PF08994;PF08993;COG2114	Adenylate and Guanylate cyclase catalytic domain; T4 gene Gp59 loader of gp41 DNA helicase C-term; T4 gene Gp59 loader of gp41 DNA helicase
k127_77866_1	3	494	492	1	0.659	11	None	GENOMAD.013124.VV	1.671e-13	70	0	0	1	377	Drexlerviridae	NA	NA	PF13262;COG5410	NA
k127_77866_2	496	870	375	1	0.629	11	GGA/GAG/AGG	NA	NA	NA	0	0	0	1	NA	NA	NA	NA	NA
k127_77866_3	997	1410	414	1	0.623	11	None	NA	NA	NA	0	0	0	1	NA	NA	NA	NA	NA
k127_18288_1	39	572	534	-1	0.620	11	None	GENOMAD.068048.VV	9.211e-18	83	0	0	1	2561	Caudoviricetes	NA	NA	PF20307;TIGR03600;K02314;COG0305	phage replicative helicase, DnaB family, HK022 subfamily
k127_497525_1	1	594	594	-1	0.643	11	None	GENOMAD.097639.VV	3.149e-32	126	0	0	1	2561	Caudoviricetes	NA	NA	PF17289;TIGR01630;COG5362	phage uncharacterized protein (putative large terminase), C-terminal domain
k127_18743_1	3	731	729	1	0.587	11	None	GENOMAD.169508.VP	4.718e-24	104	0	0	1	2561	Caudoviricetes	NA	NA	PF04708;PF13262;COG1961;K14060	Site-specific DNA recombinase related to the DNA invertase Pin
k127_79239_1	3	479	477	-1	0.618	11	None	GENOMAD.013210.VV	1.278e-34	131	0	0	1	2561	Caudoviricetes	NA	NA	PF00211;PF08994;PF08993;COG2114	Adenylate and Guanylate cyclase catalytic domain; T4 gene Gp59 loader of gp41 DNA helicase C-term; T4 gene Gp59 loader of gp41 DNA helicase
k127_199158_1	1	627	627	-1	0.651	11	None	GENOMAD.013124.VV	9.572e-21	93	0	0	1	377	Drexlerviridae	NA	NA	PF13262;COG5410	NA
k127_318987_1	1	354	354	1	0.590	11	None	GENOMAD.117369.VP	2.134e-19	85	0	0	1	2561	Caudoviricetes	NA	NA	COG3497	Phage tail sheath protein FI
k127_19619_1	116	520	405	1	0.644	11	None	GENOMAD.013124.VV	9.608e-09	55	0	0	1	377	Drexlerviridae	NA	NA	PF13262;COG5410	NA
k127_499123_1	1	453	453	-1	0.530	11	None	GENOMAD.013210.VV	1.548e-08	55	0	0	1	2561	Caudoviricetes	NA	NA	PF00211;PF08994;PF08993;COG2114	Adenylate and Guanylate cyclase catalytic domain; T4 gene Gp59 loader of gp41 DNA helicase C-term; T4 gene Gp59 loader of gp41 DNA helicase
k127_558970_1	1	144	144	-1	0.556	11	GGAG/GAGG	NA	NA	NA	0	0	0	1	NA	NA	NA	NA	NA
k127_558970_2	146	325	180	-1	0.622	11	GGA/GAG/AGG	NA	NA	NA	0	0	0	1	NA	NA	NA	NA	NA
k127_558970_3	412	846	435	-1	0.582	11	None	GENOMAD.063438.VV	1.147e-70	234	0	0	0	2561	Caudoviricetes	NA	NA	NA	NA
k127_558970_4	965	1438	474	-1	0.616	11	None	GENOMAD.116655.VV	5.304e-52	181	0	0	1	2561	Caudoviricetes	NA	NA	PF04860;TIGR01537;COG5005	phage portal protein, HK97 family
k127_558970_5	1435	1959	525	-1	0.583	11	None	GENOMAD.044142.VV	2.084e-15	76	0	0	0	2561	Caudoviricetes	NA	NA	PF11436;TIGR02215	phage conserved hypothetical protein, phiE125 gp8 family
k127_559576_1	273	416	144	1	0.611	11	GGA/GAG/AGG	GENOMAD.142448.VP	9.702e-06	42	0	0	1	2561	Caudoviricetes	NA	NA	PF07141;COG2826	Putative bacteriophage terminase small subunit
k127_80820_1	1	432	432	1	0.595	11	None	GENOMAD.068048.VV	7.66e-16	76	0	0	1	2561	Caudoviricetes	NA	NA	PF20307;TIGR03600;K02314;COG0305	phage replicative helicase, DnaB family, HK022 subfamily
k127_21098_1	1	273	273	1	0.652	11	None	GENOMAD.147427.VP	5.617e-14	68	0	0	1	2561	Caudoviricetes	NA	NA	PF07141	Putative bacteriophage terminase small subunit
k127_21102_1	1	255	255	1	0.647	11	None	GENOMAD.147427.VP	9.62e-14	67	0	0	1	2561	Caudoviricetes	NA	NA	PF07141	Putative bacteriophage terminase small subunit
k127_141564_1	3	392	390	-1	0.667	11	None	GENOMAD.013124.VV	1.939e-07	51	0	0	1	377	Drexlerviridae	NA	NA	PF13262;COG5410	NA
k127_81975_1	1	849	849	-1	0.642	11	None	GENOMAD.169508.VP	4.297e-10	63	0	0	1	2561	Caudoviricetes	NA	NA	PF04708;PF13262;COG1961;K14060	Site-specific DNA recombinase related to the DNA invertase Pin
k127_82052_1	1	399	399	1	0.599	11	None	GENOMAD.063726.VV	2.03e-17	80	0	0	1	2561	Caudoviricetes	NA	NA	PF04586;COG3740;TIGR01543	Phage head maturation protease
k127_82052_2	359	433	75	1	0.627	11	AGGAG/GGAGG	NA	NA	NA	0	0	0	1	NA	NA	NA	NA	NA
k127_381275_1	1	366	366	-1	0.566	11	None	GENOMAD.130585.VV	1.387e-08	54	0	0	1	2561	Caudoviricetes	NA	NA	PF05119;COG3747;TIGR01558	Phage terminase, small subunit
k127_142407_1	2	322	321	1	0.579	11	None	GENOMAD.068048.VV	3.002e-11	61	0	0	1	2561	Caudoviricetes	NA	NA	PF20307;TIGR03600;K02314;COG0305	phage replicative helicase, DnaB family, HK022 subfamily
k127_82822_1	1	483	483	1	0.609	11	None	GENOMAD.109691.VV	1.519e-33	128	0	0	1	2561	Caudoviricetes	NA	NA	PF06141	Phage minor tail protein U
k127_561846_1	3	302	300	1	0.653	11	None	GENOMAD.183398.VP	6.608e-08	51	0	0	1	2561	Caudoviricetes	NA	NA	PF10934;K06903;COG3628;TIGR03357	Phage baseplate assembly protein W
k127_561846_2	366	1070	705	1	0.651	11	GGA/GAG/AGG	GENOMAD.043568.VV	7.159e-39	147	0	0	1	2561	Caudoviricetes	NA	NA	PF04865;COG3948;TIGR02243	Phage-related baseplate assembly protein
k127_322284_1	2	811	810	-1	0.670	11	None	GENOMAD.020821.VV	2.241e-19	91	0	0	1	2561	Caudoviricetes	NA	NA	PF05876;PF16203;K14440;COG5410;TIGR04095	ERCC4-related helicase
k127_202991_1	3	920	918	1	0.657	11	None	GENOMAD.222055.VP	0.0002568	45	0	0	1	2561	Caudoviricetes	NA	NA	PF11242;COG4584;TIGR00721;K22103	Transposase
k127_442134_1	1	336	336	1	0.631	11	None	GENOMAD.116655.VV	1.341e-37	137	0	0	1	2561	Caudoviricetes	NA	NA	PF04860;TIGR01537;COG5005	phage portal protein, HK97 family
k127_442347_1	1	330	330	1	0.682	11	None	GENOMAD.116655.VV	2.507e-22	93	0	0	1	2561	Caudoviricetes	NA	NA	PF04860;TIGR01537;COG5005	phage portal protein, HK97 family
k127_23488_1	2	256	255	1	0.624	11	None	NA	NA	NA	0	0	0	1	NA	NA	NA	NA	NA
k127_23488_2	199	639	441	1	0.694	11	None	GENOMAD.023991.VV	2.125e-23	98	0	0	1	2561	Caudoviricetes	NA	NA	COG5410	Mu-like prophage FluMu protein gp28
k127_502699_1	3	317	315	-1	0.600	11	None	GENOMAD.151393.VP	3.203e-41	147	0	0	1	2561	Caudoviricetes	NA	NA	PF17288;TIGR01547;COG1783	phage terminase, large subunit, PBSX family
k127_382734_1	3	320	318	-1	0.695	11	None	GENOMAD.058181.VV	1.899e-23	96	0	0	1	1	NA	NA	NA	PF11134	Phage stabilisation protein
k127_83820_1	3	704	702	1	0.611	11	None	GENOMAD.218244.VP	1.96e-20	93	0	0	1	2561	Caudoviricetes	NA	NA	PF07030;COG4387	Mu-like prophage protein gp36
k127_383091_1	3	347	345	1	0.652	11	None	GENOMAD.023435.VV	1.672e-12	65	0	0	1	2561	Caudoviricetes	NA	NA	PF05065;TIGR01554;COG4653	phage major capsid protein, HK97 family
k127_383166_1	1	231	231	1	0.632	11	None	NA	NA	NA	0	0	0	1	NA	NA	NA	NA	NA
k127_383166_2	366	779	414	1	0.611	11	None	GENOMAD.017133.VV	1.15e-17	81	0	0	1	2561	Caudoviricetes	NA	NA	PF05894;TIGR01547;COG4373	Podovirus DNA encapsidation protein (Gp16)
k127_144026_1	1	447	447	-1	0.620	11	None	GENOMAD.169508.VP	1.233e-21	93	0	0	1	2561	Caudoviricetes	NA	NA	PF04708;PF13262;COG1961;K14060	Site-specific DNA recombinase related to the DNA invertase Pin
k127_84142_1	1	495	495	1	0.636	11	None	GENOMAD.023991.VV	1.882e-12	67	0	0	1	2561	Caudoviricetes	NA	NA	COG5410	Mu-like prophage FluMu protein gp28
k127_503334_1	3	500	498	-1	0.560	11	None	GENOMAD.060259.VV	2.413e-06	49	0	0	1	2561	Caudoviricetes	NA	NA	PF20307;TIGR02236;COG0468;K04484	Divergent DnaB-like ATPase
k127_24271_1	165	1067	903	-1	0.627	11	None	GENOMAD.013210.VV	4.862e-55	197	0	0	1	2561	Caudoviricetes	NA	NA	PF00211;PF08994;PF08993;COG2114	Adenylate and Guanylate cyclase catalytic domain; T4 gene Gp59 loader of gp41 DNA helicase C-term; T4 gene Gp59 loader of gp41 DNA helicase
k127_323523_1	3	320	318	1	0.629	11	None	GENOMAD.038338.VV	1.018e-13	68	0	0	0	2561	Caudoviricetes	NA	NA	COG3392	NA
k127_323523_2	313	657	345	1	0.655	11	None	GENOMAD.154021.VP	3.797e-20	87	0	0	1	2561	Caudoviricetes	NA	NA	PF07141;TIGR03384	Putative bacteriophage terminase small subunit
k127_503681_1	2	313	312	1	0.561	11	None	GENOMAD.094226.VV	1.953e-06	47	0	0	1	2561	Caudoviricetes	NA	NA	PF03354;COG5410	Terminase large subunit, ATPase domain
k127_383799_1	1	171	171	-1	0.567	11	GGAG/GAGG	NA	NA	NA	0	0	0	1	NA	NA	NA	NA	NA
k127_383799_2	186	848	663	-1	0.633	11	None	GENOMAD.013210.VV	1.325e-20	93	0	0	1	2561	Caudoviricetes	NA	NA	PF00211;PF08994;PF08993;COG2114	Adenylate and Guanylate cyclase catalytic domain; T4 gene Gp59 loader of gp41 DNA helicase C-term; T4 gene Gp59 loader of gp41 DNA helicase
k127_144970_1	1	348	348	-1	0.555	11	GGAGG	GENOMAD.094133.VV	1.031e-09	57	0	0	1	2561	Caudoviricetes	NA	NA	PF17289	NA
k127_384134_1	2	802	801	-1	0.431	11	None	GENOMAD.033662.VV	1.225e-164	512	0	0	1	2790	Microviridae	NA	NA	PF02305	Capsid protein (F protein)
k127_85194_1	2	367	366	1	0.658	11	None	GENOMAD.154686.VV	4.614e-21	90	0	0	1	2561	Caudoviricetes	NA	NA	PF17288	Terminase RNAseH like domain
k127_324326_1	3	332	330	1	0.615	11	None	GENOMAD.068048.VV	1.247e-13	68	0	0	1	2561	Caudoviricetes	NA	NA	PF20307;TIGR03600;K02314;COG0305	phage replicative helicase, DnaB family, HK022 subfamily
k127_444251_1	2	433	432	-1	0.618	11	None	GENOMAD.013210.VV	7.77e-25	102	0	0	1	2561	Caudoviricetes	NA	NA	PF00211;PF08994;PF08993;COG2114	Adenylate and Guanylate cyclase catalytic domain; T4 gene Gp59 loader of gp41 DNA helicase C-term; T4 gene Gp59 loader of gp41 DNA helicase
k127_444516_1	1	615	615	1	0.637	11	None	GENOMAD.169508.VP	2.151e-17	83	0	0	1	2561	Caudoviricetes	NA	NA	PF04708;PF13262;COG1961;K14060	Site-specific DNA recombinase related to the DNA invertase Pin
k127_205563_1	1	333	333	1	0.598	11	None	GENOMAD.016110.VV	7.893e-19	83	0	0	1	2561	Caudoviricetes	NA	NA	PF11134	Phage stabilisation protein
k127_444725_1	2	376	375	1	0.616	11	None	GENOMAD.136711.VP	2.889e-10	59	0	0	1	2561	Caudoviricetes	NA	NA	PF03354;COG5323	Large terminase phage packaging protein
k127_564728_1	1	732	732	1	0.638	11	None	GENOMAD.013210.VV	1.645e-30	123	0	0	1	2561	Caudoviricetes	NA	NA	PF00211;PF08994;PF08993;COG2114	Adenylate and Guanylate cyclase catalytic domain; T4 gene Gp59 loader of gp41 DNA helicase C-term; T4 gene Gp59 loader of gp41 DNA helicase
k127_265399_1	2	490	489	1	0.611	11	None	GENOMAD.013210.VV	6.747e-26	106	0	0	1	2561	Caudoviricetes	NA	NA	PF00211;PF08994;PF08993;COG2114	Adenylate and Guanylate cyclase catalytic domain; T4 gene Gp59 loader of gp41 DNA helicase C-term; T4 gene Gp59 loader of gp41 DNA helicase
k127_26271_1	1	426	426	-1	0.552	11	None	GENOMAD.129490.VV	1.711e-14	72	0	0	1	2561	Caudoviricetes	NA	NA	PF03864	Phage major capsid protein E
k127_265940_1	2	280	279	1	0.530	11	None	GENOMAD.067824.VV	5.868e-14	68	0	0	1	2561	Caudoviricetes	NA	NA	PF06141	Phage minor tail protein U
k127_265940_2	510	680	171	-1	0.526	11	None	NA	NA	NA	0	0	0	1	NA	NA	NA	NA	NA
k127_385787_1	1	264	264	1	0.667	11	None	GENOMAD.063098.VV	9.131e-08	50	0	0	1	2561	Caudoviricetes	NA	NA	PF11126	Transcriptional regulator DsbA
k127_266561_1	2	571	570	1	0.675	11	None	GENOMAD.013210.VV	1.729e-12	68	0	0	1	2561	Caudoviricetes	NA	NA	PF00211;PF08994;PF08993;COG2114	Adenylate and Guanylate cyclase catalytic domain; T4 gene Gp59 loader of gp41 DNA helicase C-term; T4 gene Gp59 loader of gp41 DNA helicase
k127_446147_1	1	663	663	1	0.635	11	None	GENOMAD.023991.VV	1.229e-81	270	0	0	1	2561	Caudoviricetes	NA	NA	COG5410	Mu-like prophage FluMu protein gp28
k127_506485_1	2	424	423	-1	0.612	11	None	GENOMAD.013210.VV	2.618e-18	83	0	0	1	2561	Caudoviricetes	NA	NA	PF00211;PF08994;PF08993;COG2114	Adenylate and Guanylate cyclase catalytic domain; T4 gene Gp59 loader of gp41 DNA helicase C-term; T4 gene Gp59 loader of gp41 DNA helicase
k127_566310_1	179	373	195	1	0.569	11	GGAG/GAGG	GENOMAD.107483.VV	2.579e-32	119	0	0	1	1	NA	NA	NA	PF09682;TIGR01673	Bacteriophage holin of superfamily 6 (Holin_LLH)
k127_207296_1	2	304	303	-1	0.634	11	None	GENOMAD.147427.VP	3.141e-16	75	0	0	1	2561	Caudoviricetes	NA	NA	PF07141	Putative bacteriophage terminase small subunit
k127_566495_1	1	306	306	1	0.686	11	None	GENOMAD.154686.VV	4.712e-28	109	0	0	1	2561	Caudoviricetes	NA	NA	PF17288	Terminase RNAseH like domain
k127_566702_1	2	433	432	1	0.650	11	None	GENOMAD.013210.VV	1.265e-08	55	0	0	1	2561	Caudoviricetes	NA	NA	PF00211;PF08994;PF08993;COG2114	Adenylate and Guanylate cyclase catalytic domain; T4 gene Gp59 loader of gp41 DNA helicase C-term; T4 gene Gp59 loader of gp41 DNA helicase
k127_567001_1	1	285	285	1	0.530	11	None	NA	NA	NA	0	0	0	1	NA	NA	NA	NA	NA
k127_567001_2	266	577	312	1	0.535	11	AGGA	GENOMAD.017632.VV	7.987e-08	51	0	0	1	2561	Caudoviricetes	NA	NA	PF03354;COG5410;TIGR01547	phage terminase, large subunit, PBSX family
k127_88056_1	2	502	501	1	0.613	11	None	GENOMAD.151393.VP	2.508e-39	145	0	0	1	2561	Caudoviricetes	NA	NA	PF17288;TIGR01547;COG1783	phage terminase, large subunit, PBSX family
k127_267513_1	3	329	327	-1	0.480	11	None	GENOMAD.123534.VP	3.899e-33	124	0	0	1	2561	Caudoviricetes	NA	NA	PF05133;TIGR01538	Phage portal protein, SPP1 Gp6-like
k127_267635_1	5	805	801	-1	0.630	11	None	GENOMAD.013210.VV	7.098e-30	122	0	0	1	2561	Caudoviricetes	NA	NA	PF00211;PF08994;PF08993;COG2114	Adenylate and Guanylate cyclase catalytic domain; T4 gene Gp59 loader of gp41 DNA helicase C-term; T4 gene Gp59 loader of gp41 DNA helicase
k127_28304_1	3	329	327	1	0.535	11	None	GENOMAD.052291.VV	1.108e-05	45	0	0	1	2561	Caudoviricetes	NA	NA	PF05065;COG1659;TIGR04387	Phage capsid family
k127_327432_1	1	528	528	1	0.642	11	None	GENOMAD.023991.VV	5.654e-12	66	0	0	1	2561	Caudoviricetes	NA	NA	COG5410	Mu-like prophage FluMu protein gp28
k127_148568_1	3	812	810	-1	0.517	11	AGGA/GGAG/GAGG	GENOMAD.013124.VV	9.529e-14	74	0	0	1	377	Drexlerviridae	NA	NA	PF13262;COG5410	NA
k127_148568_2	819	1235	417	-1	0.525	11	None	NA	NA	NA	0	0	0	1	NA	NA	NA	NA	NA
k127_507791_1	3	569	567	-1	0.651	11	None	GENOMAD.038745.VV	4.978e-32	125	0	0	1	2561	Caudoviricetes	NA	NA	PF12236	Bacteriophage head to tail connecting protein
k127_387623_1	2	385	384	1	0.643	11	None	GENOMAD.054986.VV	8.85e-07	49	0	0	1	2561	Caudoviricetes	NA	NA	PF09293	T4 RNase H, C terminal
k127_448013_1	89	454	366	1	0.612	11	None	GENOMAD.025405.VV	8.683e-47	164	0	0	1	2561	Caudoviricetes	NA	NA	PF03354;COG4626	Phage terminase-like protein, large subunit, contains N-terminal HTH domain
k127_29105_1	1	363	363	1	0.667	11	None	GENOMAD.097639.VV	1.343e-25	103	0	0	1	2561	Caudoviricetes	NA	NA	PF17289;TIGR01630;COG5362	phage uncharacterized protein (putative large terminase), C-terminal domain
k127_89220_1	2	550	549	-1	0.632	11	GGGGG	GENOMAD.013210.VV	1.182e-16	80	0	0	1	2561	Caudoviricetes	NA	NA	PF00211;PF08994;PF08993;COG2114	Adenylate and Guanylate cyclase catalytic domain; T4 gene Gp59 loader of gp41 DNA helicase C-term; T4 gene Gp59 loader of gp41 DNA helicase
k127_89220_2	649	972	324	-1	0.605	11	None	NA	NA	NA	0	0	0	1	NA	NA	NA	NA	NA
k127_568284_1	3	344	342	-1	0.412	11	AGGAG	GENOMAD.145242.VV	9.848e-42	149	0	0	1	2790	Microviridae	NA	NA	PF02306	Major spike protein (G protein)
k127_568284_2	455	793	339	-1	0.451	11	None	GENOMAD.033662.VV	1.216e-62	209	0	0	1	2790	Microviridae	NA	NA	PF02305	Capsid protein (F protein)
k127_149453_1	1	831	831	1	0.640	11	None	GENOMAD.013210.VV	1.907e-31	127	0	0	1	2561	Caudoviricetes	NA	NA	PF00211;PF08994;PF08993;COG2114	Adenylate and Guanylate cyclase catalytic domain; T4 gene Gp59 loader of gp41 DNA helicase C-term; T4 gene Gp59 loader of gp41 DNA helicase
k127_149453_2	828	902	75	1	0.533	11	None	NA	NA	NA	0	0	0	1	NA	NA	NA	NA	NA
k127_149505_1	2	442	441	-1	0.644	11	None	GENOMAD.013124.VV	4.845e-13	68	0	0	1	377	Drexlerviridae	NA	NA	PF13262;COG5410	NA
k127_149709_1	2	418	417	-1	0.671	11	None	GENOMAD.027289.VV	1.283e-05	46	0	0	1	2561	Caudoviricetes	NA	NA	PF20025;K18951	NA
k127_448776_1	3	161	159	1	0.516	11	None	NA	NA	NA	0	0	0	1	NA	NA	NA	NA	NA
k127_448776_2	164	1546	1383	1	0.550	11	GGA/GAG/AGG	GENOMAD.068048.VV	1.754e-10	66	0	0	1	2561	Caudoviricetes	NA	NA	PF20307;TIGR03600;K02314;COG0305	phage replicative helicase, DnaB family, HK022 subfamily
k127_329003_1	1	678	678	-1	0.596	11	None	GENOMAD.169508.VP	8.524e-15	76	0	0	1	2561	Caudoviricetes	NA	NA	PF04708;PF13262;COG1961;K14060	Site-specific DNA recombinase related to the DNA invertase Pin
k127_269689_1	3	350	348	1	0.595	11	None	GENOMAD.116655.VV	5.93e-32	121	0	0	1	2561	Caudoviricetes	NA	NA	PF04860;TIGR01537;COG5005	phage portal protein, HK97 family
k127_509402_1	2	526	525	1	0.642	11	None	GENOMAD.169508.VP	2.724e-10	61	0	0	1	2561	Caudoviricetes	NA	NA	PF04708;PF13262;COG1961;K14060	Site-specific DNA recombinase related to the DNA invertase Pin
k127_90500_1	2	787	786	1	0.612	11	None	GENOMAD.013210.VV	4.289e-37	143	0	0	1	2561	Caudoviricetes	NA	NA	PF00211;PF08994;PF08993;COG2114	Adenylate and Guanylate cyclase catalytic domain; T4 gene Gp59 loader of gp41 DNA helicase C-term; T4 gene Gp59 loader of gp41 DNA helicase
k127_90790_1	3	1103	1101	1	0.604	11	None	GENOMAD.116655.VV	2.276e-154	488	0	0	1	2561	Caudoviricetes	NA	NA	PF04860;TIGR01537;COG5005	phage portal protein, HK97 family
k127_210588_1	1	417	417	1	0.664	11	None	GENOMAD.097639.VV	3.137e-15	74	0	0	1	2561	Caudoviricetes	NA	NA	PF17289;TIGR01630;COG5362	phage uncharacterized protein (putative large terminase), C-terminal domain
k127_210595_1	3	431	429	1	0.657	11	None	GENOMAD.099865.VV	8.948e-23	96	0	0	1	2561	Caudoviricetes	NA	NA	PF04466;PF17289;TIGR01547;COG5323;K06909	phage terminase, large subunit, PBSX family
k127_389954_1	3	470	468	1	0.645	11	None	GENOMAD.097639.VV	6.685e-32	123	0	0	1	2561	Caudoviricetes	NA	NA	PF17289;TIGR01630;COG5362	phage uncharacterized protein (putative large terminase), C-terminal domain
k127_270464_1	2	466	465	1	0.723	11	None	GENOMAD.138089.VV	6.704e-12	65	0	0	1	6064	Autographiviridae	NA	NA	PF03237;PF17289;COG5410;TIGR01547	Large terminase phage packaging protein
k127_270566_1	1	447	447	-1	0.622	11	None	GENOMAD.169508.VP	2.103e-24	101	0	0	1	2561	Caudoviricetes	NA	NA	PF04708;PF13262;COG1961;K14060	Site-specific DNA recombinase related to the DNA invertase Pin
k127_330480_1	3	932	930	-1	0.620	11	None	GENOMAD.013210.VV	1.006e-60	214	0	0	1	2561	Caudoviricetes	NA	NA	PF00211;PF08994;PF08993;COG2114	Adenylate and Guanylate cyclase catalytic domain; T4 gene Gp59 loader of gp41 DNA helicase C-term; T4 gene Gp59 loader of gp41 DNA helicase
k127_330526_1	1	645	645	1	0.693	11	None	GENOMAD.118632.VP	6.607e-10	61	0	0	1	2561	Caudoviricetes	NA	NA	PF00476;PF07141	DNA polymerase family A; Putative bacteriophage terminase small subunit
k127_91912_1	3	392	390	1	0.682	11	None	GENOMAD.142933.VP	4.637e-49	171	0	0	1	1	NA	NA	NA	COG3740;K06904	Phage head maturation protease
k127_511120_1	2	124	123	1	0.675	11	None	NA	NA	NA	0	0	0	1	NA	NA	NA	NA	NA
k127_511120_2	166	417	252	1	0.651	11	None	GENOMAD.152079.VP	2.298e-12	63	0	0	1	2561	Caudoviricetes	NA	NA	PF07141;COG2826;TIGR00721	Putative bacteriophage terminase small subunit
k127_32017_1	14	346	333	-1	0.607	11	None	GENOMAD.068048.VV	6.815e-12	63	0	0	1	2561	Caudoviricetes	NA	NA	PF20307;TIGR03600;K02314;COG0305	phage replicative helicase, DnaB family, HK022 subfamily
k127_331181_1	1	645	645	-1	0.639	11	None	GENOMAD.013124.VV	1.462e-10	63	0	0	1	377	Drexlerviridae	NA	NA	PF13262;COG5410	NA
k127_331339_1	3	815	813	-1	0.624	11	GGA/GAG/AGG	GENOMAD.169508.VP	1.72e-30	124	0	0	1	2561	Caudoviricetes	NA	NA	PF04708;PF13262;COG1961;K14060	Site-specific DNA recombinase related to the DNA invertase Pin
k127_331339_2	802	1323	522	-1	0.625	11	GGAG/GAGG	NA	NA	NA	0	0	0	1	NA	NA	NA	NA	NA
k127_451465_1	1	1326	1326	-1	0.609	11	None	GENOMAD.151235.VP	2.09e-117	385	0	0	1	2561	Caudoviricetes	NA	NA	PF03354;PF05065;COG4626	Phage terminase-like protein, large subunit, contains N-terminal HTH domain
k127_451465_2	1333	1620	288	-1	0.677	11	3Base/5BMM	GENOMAD.056903.VV	3.453e-05	43	0	0	0	2561	Caudoviricetes	NA	NA	NA	NA
k127_512186_1	3	197	195	-1	0.667	11	None	GENOMAD.147427.VP	8.436e-14	66	0	0	1	2561	Caudoviricetes	NA	NA	PF07141	Putative bacteriophage terminase small subunit
k127_512186_2	239	379	141	-1	0.667	11	None	NA	NA	NA	0	0	0	1	NA	NA	NA	NA	NA
k127_93049_1	3	758	756	1	0.545	11	None	GENOMAD.068048.VV	3.087e-13	72	0	0	1	2561	Caudoviricetes	NA	NA	PF20307;TIGR03600;K02314;COG0305	phage replicative helicase, DnaB family, HK022 subfamily
k127_33186_1	1	504	504	-1	0.627	11	None	GENOMAD.159008.VP	0.0005386	42	0	0	1	2561	Caudoviricetes	NA	NA	PF07141;COG4584	Putative bacteriophage terminase small subunit
k127_452061_1	2	304	303	1	0.617	11	None	GENOMAD.126166.VV	9.56e-13	65	0	0	1	2561	Caudoviricetes	NA	NA	PF05894;TIGR01547;COG5323	phage terminase, large subunit, PBSX family
k127_33355_1	2	277	276	1	0.580	11	None	GENOMAD.045267.VV	1.126e-14	70	0	0	1	2561	Caudoviricetes	NA	NA	PF20387;COG3864	Predicted metal-dependent peptidase
k127_213528_1	3	587	585	1	0.588	11	None	GENOMAD.169508.VP	8.464e-28	113	0	0	1	2561	Caudoviricetes	NA	NA	PF04708;PF13262;COG1961;K14060	Site-specific DNA recombinase related to the DNA invertase Pin
k127_33714_1	141	395	255	-1	0.624	11	None	GENOMAD.063098.VV	4.032e-07	48	0	0	1	2561	Caudoviricetes	NA	NA	PF11126	Transcriptional regulator DsbA
k127_452685_1	3	566	564	-1	0.663	11	None	GENOMAD.068048.VV	6.932e-15	75	0	0	1	2561	Caudoviricetes	NA	NA	PF20307;TIGR03600;K02314;COG0305	phage replicative helicase, DnaB family, HK022 subfamily
k127_153974_1	2	220	219	-1	0.616	11	GGA/GAG/AGG	GENOMAD.154021.VP	4.982e-08	50	0	0	1	2561	Caudoviricetes	NA	NA	PF07141;TIGR03384	Putative bacteriophage terminase small subunit
k127_153974_2	213	569	357	-1	0.602	11	None	GENOMAD.038338.VV	1.535e-05	45	0	0	0	2561	Caudoviricetes	NA	NA	COG3392	NA
k127_452811_1	1	720	720	1	0.664	11	None	GENOMAD.116655.VV	1.167e-14	76	0	0	1	2561	Caudoviricetes	NA	NA	PF04860;TIGR01537;COG5005	phage portal protein, HK97 family
k127_513217_1	2	424	423	1	0.605	11	None	GENOMAD.109691.VV	5.322e-19	85	0	0	1	2561	Caudoviricetes	NA	NA	PF06141	Phage minor tail protein U
k127_213925_1	3	398	396	-1	0.641	11	None	GENOMAD.099754.VV	7.949e-28	110	0	0	1	1	NA	NA	NA	PF17289;TIGR01630;COG5362	phage uncharacterized protein (putative large terminase), C-terminal domain
k127_393143_1	315	1679	1365	1	0.661	11	GGAG/GAGG	GENOMAD.175812.VV	0.0002422	46	0	0	0	1	NA	NA	NA	PF00984	UDP-glucose/GDP-mannose dehydrogenase family, central domain
k127_393143_2	1715	2635	921	1	0.621	11	AGGA	GENOMAD.069665.VV	9.218e-08	56	0	0	0	2561	Caudoviricetes	NA	NA	PF09292;K10567;TIGR01472;COG1089	Endonuclease VIII-like 1, DNA bind
k127_154590_1	1	723	723	-1	0.228	4	None	GENOMAD.108545.VV	2.362e-10	63	0	0	1	1	NA	NA	NA	PF19835;TIGR01453	group I intron endonuclease
k127_453453_1	3	620	618	1	0.600	11	None	GENOMAD.169508.VP	6.457e-26	108	0	0	1	2561	Caudoviricetes	NA	NA	PF04708;PF13262;COG1961;K14060	Site-specific DNA recombinase related to the DNA invertase Pin
k127_573780_1	1	708	708	-1	0.542	11	None	GENOMAD.053077.VV	1.614e-05	48	0	0	1	2561	Caudoviricetes	NA	NA	PF07880	Bacteriophage T4 gp9/10-like protein
k127_453567_1	2	250	249	-1	0.514	11	None	GENOMAD.147427.VP	3.867e-07	48	0	0	1	2561	Caudoviricetes	NA	NA	PF07141	Putative bacteriophage terminase small subunit
k127_514152_1	64	459	396	1	0.639	11	None	GENOMAD.017133.VV	9.142e-18	81	0	0	1	2561	Caudoviricetes	NA	NA	PF05894;TIGR01547;COG4373	Podovirus DNA encapsidation protein (Gp16)
k127_393937_1	3	308	306	1	0.562	11	None	GENOMAD.111541.VP	4.167e-21	89	0	0	1	2561	Caudoviricetes	NA	NA	PF16677	DNA-packaging protein gp3
k127_454002_1	32	502	471	-1	0.611	11	GGAGG	GENOMAD.063098.VV	9.008e-06	47	0	0	1	2561	Caudoviricetes	NA	NA	PF11126	Transcriptional regulator DsbA
k127_35216_1	1	714	714	1	0.623	11	None	GENOMAD.169508.VP	1.952e-23	102	0	0	1	2561	Caudoviricetes	NA	NA	PF04708;PF13262;COG1961;K14060	Site-specific DNA recombinase related to the DNA invertase Pin
k127_454150_1	1	264	264	1	0.542	11	None	NA	NA	NA	0	0	0	1	NA	NA	NA	NA	NA
k127_454150_2	248	721	474	1	0.565	11	GGAGG	GENOMAD.009848.VV	5.639e-16	77	0	0	1	9913	Herelleviridae	NA	NA	COG5377;TIGR03033	Phage-related protein, predicted endonuclease
k127_454182_1	1	399	399	1	0.659	11	None	GENOMAD.013124.VV	4.383e-08	53	0	0	1	377	Drexlerviridae	NA	NA	PF13262;COG5410	NA
k127_95517_1	3	413	411	1	0.637	11	None	GENOMAD.154021.VP	1.066e-17	81	0	0	1	2561	Caudoviricetes	NA	NA	PF07141;TIGR03384	Putative bacteriophage terminase small subunit
k127_155635_1	95	1573	1479	-1	0.548	11	None	GENOMAD.020821.VV	2.388e-20	98	0	0	1	2561	Caudoviricetes	NA	NA	PF05876;PF16203;K14440;COG5410;TIGR04095	ERCC4-related helicase
k127_454335_1	3	797	795	-1	0.645	11	None	GENOMAD.169508.VP	9.271e-17	83	0	0	1	2561	Caudoviricetes	NA	NA	PF04708;PF13262;COG1961;K14060	Site-specific DNA recombinase related to the DNA invertase Pin
k127_514886_1	2	253	252	-1	0.651	11	None	GENOMAD.147427.VP	8.233e-15	70	0	0	1	2561	Caudoviricetes	NA	NA	PF07141	Putative bacteriophage terminase small subunit
k127_515068_1	114	392	279	-1	0.681	11	None	GENOMAD.067824.VV	2.499e-07	49	0	0	1	2561	Caudoviricetes	NA	NA	PF06141	Phage minor tail protein U
k127_334849_1	3	467	465	1	0.617	11	None	GENOMAD.169508.VP	2.666e-14	72	0	0	1	2561	Caudoviricetes	NA	NA	PF04708;PF13262;COG1961;K14060	Site-specific DNA recombinase related to the DNA invertase Pin
k127_334970_1	3	914	912	1	0.690	11	None	GENOMAD.013210.VV	1.899e-16	83	0	0	1	2561	Caudoviricetes	NA	NA	PF00211;PF08994;PF08993;COG2114	Adenylate and Guanylate cyclase catalytic domain; T4 gene Gp59 loader of gp41 DNA helicase C-term; T4 gene Gp59 loader of gp41 DNA helicase
k127_215921_1	1	414	414	1	0.585	11	None	GENOMAD.169508.VP	2.337e-18	83	0	0	1	2561	Caudoviricetes	NA	NA	PF04708;PF13262;COG1961;K14060	Site-specific DNA recombinase related to the DNA invertase Pin
k127_215984_1	2	613	612	1	0.631	11	None	GENOMAD.151092.VV	5.388e-10	61	0	0	1	2561	Caudoviricetes	NA	NA	PF09588;COG5377;TIGR03033;K01143	Phage-related protein, predicted endonuclease
k127_216001_1	3	326	324	-1	0.599	11	None	GENOMAD.013124.VV	4.566e-07	49	0	0	1	377	Drexlerviridae	NA	NA	PF13262;COG5410	NA
k127_96331_1	5	520	516	-1	0.576	11	None	GENOMAD.109691.VV	2.256e-42	154	0	0	1	2561	Caudoviricetes	NA	NA	PF06141	Phage minor tail protein U
k127_96364_1	3	347	345	-1	0.600	11	None	GENOMAD.208744.VP	8.266e-12	63	0	0	1	2561	Caudoviricetes	NA	NA	PF07141	Putative bacteriophage terminase small subunit
k127_96459_1	2	601	600	1	0.637	11	None	GENOMAD.013124.VV	2.283e-08	56	0	0	1	377	Drexlerviridae	NA	NA	PF13262;COG5410	NA
k127_276115_1	3	356	354	1	0.689	11	None	GENOMAD.124507.VV	1.023e-34	129	0	0	1	2561	Caudoviricetes	NA	NA	PF11242;K22300;COG3655;TIGR00673	DNA-binding transcriptional regulator, XRE family
k127_216612_1	1	819	819	1	0.584	11	None	GENOMAD.169508.VP	1.033e-24	107	0	0	1	2561	Caudoviricetes	NA	NA	PF04708;PF13262;COG1961;K14060	Site-specific DNA recombinase related to the DNA invertase Pin
k127_395835_1	3	671	669	1	0.631	11	None	GENOMAD.169508.VP	5.713e-24	103	0	0	1	2561	Caudoviricetes	NA	NA	PF04708;PF13262;COG1961;K14060	Site-specific DNA recombinase related to the DNA invertase Pin
k127_516185_1	2	1081	1080	-1	0.704	11	None	GENOMAD.013210.VV	5.896e-21	98	0	0	1	2561	Caudoviricetes	NA	NA	PF00211;PF08994;PF08993;COG2114	Adenylate and Guanylate cyclase catalytic domain; T4 gene Gp59 loader of gp41 DNA helicase C-term; T4 gene Gp59 loader of gp41 DNA helicase
k127_157397_1	3	557	555	-1	0.631	11	None	GENOMAD.169508.VP	2.458e-18	85	0	0	1	2561	Caudoviricetes	NA	NA	PF04708;PF13262;COG1961;K14060	Site-specific DNA recombinase related to the DNA invertase Pin
k127_456449_1	2	574	573	1	0.609	11	None	GENOMAD.218988.VP	0.0001745	44	0	0	1	1	NA	NA	NA	PF09293	T4 RNase H, C terminal
k127_37679_1	3	518	516	-1	0.583	11	None	NA	NA	NA	0	0	0	1	NA	NA	NA	NA	NA
k127_37679_2	570	938	369	-1	0.599	11	None	GENOMAD.019218.VV	1.739e-39	143	0	0	1	2561	Caudoviricetes	NA	NA	COG5410	NA
k127_277173_1	2	124	123	1	0.675	11	None	NA	NA	NA	0	0	0	1	NA	NA	NA	NA	NA
k127_277173_2	150	269	120	1	0.692	11	None	GENOMAD.152079.VP	1.247e-06	44	0	0	1	2561	Caudoviricetes	NA	NA	PF07141;COG2826;TIGR00721	Putative bacteriophage terminase small subunit
k127_277176_1	3	302	300	1	0.627	11	None	GENOMAD.059582.VV	1.593e-14	70	0	0	1	2561	Caudoviricetes	NA	NA	TIGR01725	phage protein, HK97 gp10 family
k127_277176_2	312	431	120	1	0.692	11	None	GENOMAD.152079.VP	1.247e-06	44	0	0	1	2561	Caudoviricetes	NA	NA	PF07141;COG2826;TIGR00721	Putative bacteriophage terminase small subunit
k127_277238_1	3	416	414	-1	0.655	11	None	GENOMAD.100194.VV	2.337e-18	83	0	0	1	2561	Caudoviricetes	NA	NA	PF04466;TIGR01547;COG5323	Phage terminase large subunit
k127_336842_1	1	357	357	-1	0.709	11	None	GENOMAD.111208.VP	2.744e-25	102	0	0	1	2561	Caudoviricetes	NA	NA	PF20441	Terminase large subunit, endonuclease domain
k127_517056_1	1	1149	1149	-1	0.695	11	None	GENOMAD.013210.VV	6.371e-18	89	0	0	1	2561	Caudoviricetes	NA	NA	PF00211;PF08994;PF08993;COG2114	Adenylate and Guanylate cyclase catalytic domain; T4 gene Gp59 loader of gp41 DNA helicase C-term; T4 gene Gp59 loader of gp41 DNA helicase
k127_577091_1	3	446	444	-1	0.637	11	None	GENOMAD.169508.VP	3.426e-27	109	0	0	1	2561	Caudoviricetes	NA	NA	PF04708;PF13262;COG1961;K14060	Site-specific DNA recombinase related to the DNA invertase Pin
k127_38057_1	3	677	675	1	0.603	11	None	GENOMAD.068590.VV	3.803e-10	62	0	0	1	2561	Caudoviricetes	NA	NA	PF13871;PF11242;K11654;TIGR00721	C-terminal domain on Strawberry notch homologue
k127_577137_1	1	180	180	-1	0.622	11	AGGA	GENOMAD.043568.VV	1.873e-11	59	0	0	1	2561	Caudoviricetes	NA	NA	PF04865;COG3948;TIGR02243	Phage-related baseplate assembly protein
k127_577137_2	185	631	447	-1	0.613	11	None	GENOMAD.183398.VP	1.294e-20	90	0	0	1	2561	Caudoviricetes	NA	NA	PF10934;K06903;COG3628;TIGR03357	Phage baseplate assembly protein W
k127_456971_1	1	303	303	1	0.581	11	None	GENOMAD.073447.VV	7.133e-08	51	0	0	1	2561	Caudoviricetes	NA	NA	PF00580;TIGR04095;COG4373	UvrD/REP helicase N-terminal domain
k127_218100_1	3	200	198	1	0.657	11	None	NA	NA	NA	0	0	0	1	NA	NA	NA	NA	NA
k127_218100_2	197	592	396	1	0.646	11	GGAG/GAGG	GENOMAD.017133.VV	1.414e-12	66	0	0	1	2561	Caudoviricetes	NA	NA	PF05894;TIGR01547;COG4373	Podovirus DNA encapsidation protein (Gp16)
k127_457213_1	2	748	747	-1	0.565	11	None	GENOMAD.169508.VP	2.901e-12	69	0	0	1	2561	Caudoviricetes	NA	NA	PF04708;PF13262;COG1961;K14060	Site-specific DNA recombinase related to the DNA invertase Pin
k127_517589_1	1	486	486	1	0.527	11	None	GENOMAD.068048.VV	6.006e-17	80	0	0	1	2561	Caudoviricetes	NA	NA	PF20307;TIGR03600;K02314;COG0305	phage replicative helicase, DnaB family, HK022 subfamily
k127_98661_1	3	536	534	1	0.625	11	None	GENOMAD.169508.VP	9.512e-18	83	0	0	1	2561	Caudoviricetes	NA	NA	PF04708;PF13262;COG1961;K14060	Site-specific DNA recombinase related to the DNA invertase Pin
k127_337593_1	2	394	393	1	0.690	11	None	GENOMAD.159842.VV	1.482e-20	89	0	0	1	2561	Caudoviricetes	NA	NA	PF05772;PF04466;TIGR01547;COG5323	NinB protein; Phage terminase large subunit
k127_577846_1	3	425	423	1	0.652	11	None	GENOMAD.223594.VP	1.317e-05	46	0	0	1	2561	Caudoviricetes	NA	NA	PF11994;PF09684;TIGR01634;COG4385	phage tail protein, P2 protein I family
k127_577846_2	422	826	405	1	0.640	11	GGAG/GAGG	NA	NA	NA	0	0	0	1	NA	NA	NA	NA	NA
k127_38886_1	2	280	279	-1	0.645	11	None	GENOMAD.154021.VP	9.926e-17	76	0	0	1	2561	Caudoviricetes	NA	NA	PF07141;TIGR03384	Putative bacteriophage terminase small subunit
k127_99454_1	1	240	240	-1	0.637	11	GGAG/GAGG	NA	NA	NA	0	0	0	1	NA	NA	NA	NA	NA
k127_99454_2	237	479	243	-1	0.634	11	None	GENOMAD.154021.VP	8.566e-06	44	0	0	1	2561	Caudoviricetes	NA	NA	PF07141;TIGR03384	Putative bacteriophage terminase small subunit
k127_338423_1	3	347	345	1	0.606	11	None	GENOMAD.069163.VV	2.76e-06	47	0	0	0	2561	Caudoviricetes	NA	NA	NA	NA
k127_338423_2	580	1203	624	1	0.596	11	GGAG/GAGG	GENOMAD.178051.VP	1.071e-17	84	0	0	1	2561	Caudoviricetes	NA	NA	PF02195;PF17288;TIGR00180;COG1475	ParB/RepB/Spo0J family partition protein
k127_219348_1	3	461	459	-1	0.510	11	None	GENOMAD.158965.VP	2.062e-26	107	0	0	1	2561	Caudoviricetes	NA	NA	PF05772;PF04404;COG5362	NinB protein; ERF superfamily
k127_39618_1	2	403	402	-1	0.682	11	None	GENOMAD.068590.VV	2.004e-18	83	0	0	1	2561	Caudoviricetes	NA	NA	PF13871;PF11242;K11654;TIGR00721	C-terminal domain on Strawberry notch homologue
k127_99798_1	2	421	420	1	0.590	11	None	GENOMAD.218549.VP	3.213e-41	149	0	0	1	2561	Caudoviricetes	NA	NA	PF05876;COG4373	Mu-like prophage FluMu protein gp28
k127_159792_1	2	292	291	-1	0.598	11	None	GENOMAD.103071.VC	3.263e-14	69	0	0	1	2561	Caudoviricetes	NA	NA	PF05100;TIGR02218;COG5449	Phage minor tail protein L
k127_159792_2	289	498	210	-1	0.476	11	None	GENOMAD.111827.VV	1.626e-16	74	0	0	0	2561	Caudoviricetes	NA	NA	PF09343;TIGR02217;COG5448	TIGR02217 family protein
k127_578715_1	2	304	303	1	0.531	11	None	NA	NA	NA	0	0	0	1	NA	NA	NA	NA	NA
k127_578715_2	176	733	558	-1	0.591	11	None	NA	NA	NA	0	0	0	1	NA	NA	NA	NA	NA
k127_578715_3	908	2044	1137	1	0.541	11	GGAG/GAGG	GENOMAD.005738.VV	8.986e-05	47	0	0	1	4401	Narnaviridae	NA	NA	PF05919	Mitovirus RNA-dependent RNA polymerase
k127_338722_1	1	120	120	1	0.650	11	None	NA	NA	NA	0	0	0	1	NA	NA	NA	NA	NA
k127_338722_2	161	505	345	1	0.655	11	None	GENOMAD.147427.VP	1.397e-22	94	0	0	1	2561	Caudoviricetes	NA	NA	PF07141	Putative bacteriophage terminase small subunit
k127_39883_1	59	1426	1368	-1	0.591	11	None	GENOMAD.013210.VV	1.962e-29	126	0	0	1	2561	Caudoviricetes	NA	NA	PF00211;PF08994;PF08993;COG2114	Adenylate and Guanylate cyclase catalytic domain; T4 gene Gp59 loader of gp41 DNA helicase C-term; T4 gene Gp59 loader of gp41 DNA helicase
k127_39944_1	1	75	75	-1	0.600	11	AGGAG	NA	NA	NA	0	0	0	1	NA	NA	NA	NA	NA
k127_39944_2	72	530	459	-1	0.641	11	None	GENOMAD.223594.VP	7.619e-08	53	0	0	1	2561	Caudoviricetes	NA	NA	PF11994;PF09684;TIGR01634;COG4385	phage tail protein, P2 protein I family
k127_338970_1	1	252	252	-1	0.417	11	AGGAG	GENOMAD.020093.VV	2.874e-10	57	0	0	1	10823	Zobellviridae	NA	NA	PF19821;TIGR04387	Phage capsid protein
k127_338970_2	281	457	177	-1	0.373	11	None	NA	NA	NA	0	0	0	1	NA	NA	NA	NA	NA
k127_339374_1	1	927	927	1	0.641	11	None	GENOMAD.013210.VV	2.151e-31	128	0	0	1	2561	Caudoviricetes	NA	NA	PF00211;PF08994;PF08993;COG2114	Adenylate and Guanylate cyclase catalytic domain; T4 gene Gp59 loader of gp41 DNA helicase C-term; T4 gene Gp59 loader of gp41 DNA helicase
k127_339374_2	921	1400	480	1	0.558	11	GGAG/GAGG	NA	NA	NA	0	0	0	1	NA	NA	NA	NA	NA
k127_579598_1	2	484	483	1	0.596	11	None	GENOMAD.181728.VV	2.099e-07	52	0	0	1	2561	Caudoviricetes	NA	NA	PF09588;COG5377;TIGR03033	Phage-related protein, predicted endonuclease
k127_280045_1	2	337	336	1	0.643	11	None	GENOMAD.017632.VV	8.103e-11	60	0	0	1	2561	Caudoviricetes	NA	NA	PF03354;COG5410;TIGR01547	phage terminase, large subunit, PBSX family
k127_580089_1	2	964	963	1	0.624	11	None	GENOMAD.013210.VV	1.684e-45	170	0	0	1	2561	Caudoviricetes	NA	NA	PF00211;PF08994;PF08993;COG2114	Adenylate and Guanylate cyclase catalytic domain; T4 gene Gp59 loader of gp41 DNA helicase C-term; T4 gene Gp59 loader of gp41 DNA helicase
k127_580089_2	1101	1214	114	1	0.649	11	None	NA	NA	NA	0	0	0	1	NA	NA	NA	NA	NA
k127_460107_1	3	1046	1044	1	0.544	11	None	GENOMAD.060259.VV	9.102e-06	50	0	0	1	2561	Caudoviricetes	NA	NA	PF20307;TIGR02236;COG0468;K04484	Divergent DnaB-like ATPase
k127_340124_1	1	318	318	1	0.660	11	None	GENOMAD.097639.VV	1.397e-26	105	0	0	1	2561	Caudoviricetes	NA	NA	PF17289;TIGR01630;COG5362	phage uncharacterized protein (putative large terminase), C-terminal domain
k127_340187_1	3	485	483	-1	0.613	11	None	GENOMAD.190269.VV	9.915e-07	50	0	0	1	2561	Caudoviricetes	NA	NA	PF17289;COG5362;TIGR01630	Phage terminase large subunit
k127_400342_1	1	498	498	-1	0.622	11	None	GENOMAD.013210.VV	1.314e-18	85	0	0	1	2561	Caudoviricetes	NA	NA	PF00211;PF08994;PF08993;COG2114	Adenylate and Guanylate cyclase catalytic domain; T4 gene Gp59 loader of gp41 DNA helicase C-term; T4 gene Gp59 loader of gp41 DNA helicase
k127_460407_1	3	470	468	1	0.588	11	None	GENOMAD.116655.VV	9.845e-95	304	0	0	1	2561	Caudoviricetes	NA	NA	PF04860;TIGR01537;COG5005	phage portal protein, HK97 family
k127_101686_1	45	410	366	1	0.620	11	AGGAG	GENOMAD.168120.VP	3.069e-08	53	0	0	1	2561	Caudoviricetes	NA	NA	PF05119;COG3747;TIGR01558	Phage terminase, small subunit
k127_460545_1	2	328	327	1	0.550	11	None	GENOMAD.102926.VP	8.425e-09	54	0	0	0	2561	Caudoviricetes	NA	NA	PF04404	ERF superfamily
k127_460545_2	309	659	351	1	0.573	11	GGAG/GAGG	GENOMAD.009848.VV	1.495e-14	71	0	0	1	9913	Herelleviridae	NA	NA	COG5377;TIGR03033	Phage-related protein, predicted endonuclease
k127_162007_1	26	382	357	-1	0.605	11	None	GENOMAD.068048.VV	6.991e-15	72	0	0	1	2561	Caudoviricetes	NA	NA	PF20307;TIGR03600;K02314;COG0305	phage replicative helicase, DnaB family, HK022 subfamily
k127_580905_1	1	345	345	-1	0.614	11	None	GENOMAD.053137.VV	2.411e-08	53	0	0	1	2561	Caudoviricetes	NA	NA	PF17482	Phage tail sheath C-terminal domain
k127_221868_1	2	892	891	1	0.630	11	None	GENOMAD.013210.VV	7.312e-32	129	0	0	1	2561	Caudoviricetes	NA	NA	PF00211;PF08994;PF08993;COG2114	Adenylate and Guanylate cyclase catalytic domain; T4 gene Gp59 loader of gp41 DNA helicase C-term; T4 gene Gp59 loader of gp41 DNA helicase
k127_42050_1	3	743	741	-1	0.586	11	None	GENOMAD.019218.VV	6.6e-46	168	0	0	1	2561	Caudoviricetes	NA	NA	COG5410	NA
k127_461086_1	1	816	816	1	0.641	11	None	GENOMAD.013210.VV	1.047e-16	83	0	0	1	2561	Caudoviricetes	NA	NA	PF00211;PF08994;PF08993;COG2114	Adenylate and Guanylate cyclase catalytic domain; T4 gene Gp59 loader of gp41 DNA helicase C-term; T4 gene Gp59 loader of gp41 DNA helicase
k127_461086_2	825	1028	204	-1	0.588	11	None	NA	NA	NA	0	0	0	1	NA	NA	NA	NA	NA
k127_102370_1	1	1749	1749	1	0.509	11	None	GENOMAD.026404.VV	1.32e-22	106	0	0	0	2561	Caudoviricetes	NA	NA	PF00521;PF00986;K02469;TIGR01063;COG0188	DNA gyrase, A subunit
k127_102370_2	2152	3465	1314	-1	0.555	11	None	NA	NA	NA	0	0	0	1	NA	NA	NA	NA	NA
k127_281692_1	2	310	309	1	0.634	11	None	GENOMAD.017133.VV	4.203e-14	69	0	0	1	2561	Caudoviricetes	NA	NA	PF05894;TIGR01547;COG4373	Podovirus DNA encapsidation protein (Gp16)
k127_522428_1	3	440	438	1	0.616	11	None	GENOMAD.169508.VP	4.686e-13	68	0	0	1	2561	Caudoviricetes	NA	NA	PF04708;PF13262;COG1961;K14060	Site-specific DNA recombinase related to the DNA invertase Pin
k127_43305_1	3	2435	2433	-1	0.205	4	3Base/5BMM	GENOMAD.147210.VP	2.377e-21	103	0	0	0	1	NA	NA	NA	PF03175;K21237;COG0417	DNA polymerase type B, organellar and viral
k127_402310_1	2	400	399	1	0.644	11	None	GENOMAD.093456.VV	4.034e-60	203	0	0	1	2561	Caudoviricetes	NA	NA	PF09684;TIGR01634;COG4385	phage tail protein, P2 protein I family
k127_462312_1	2	361	360	1	0.606	11	None	GENOMAD.059582.VV	7.562e-15	72	0	0	1	2561	Caudoviricetes	NA	NA	TIGR01725	phage protein, HK97 gp10 family
k127_462315_1	3	335	333	1	0.610	11	None	GENOMAD.059582.VV	2.619e-14	70	0	0	1	2561	Caudoviricetes	NA	NA	TIGR01725	phage protein, HK97 gp10 family
k127_223638_1	1	714	714	-1	0.599	11	None	GENOMAD.129124.VV	7.203e-05	46	0	0	1	2561	Caudoviricetes	NA	NA	PF14550;TIGR01543;COG3740;K06904	phage prohead protease, HK97 family
k127_223689_1	1	528	528	-1	0.634	11	None	GENOMAD.013124.VV	2.697e-11	64	0	0	1	377	Drexlerviridae	NA	NA	PF13262;COG5410	NA
k127_402731_1	2	610	609	1	0.596	11	None	GENOMAD.013210.VV	9.289e-18	84	0	0	1	2561	Caudoviricetes	NA	NA	PF00211;PF08994;PF08993;COG2114	Adenylate and Guanylate cyclase catalytic domain; T4 gene Gp59 loader of gp41 DNA helicase C-term; T4 gene Gp59 loader of gp41 DNA helicase
k127_522986_1	3	293	291	-1	0.649	11	GGA/GAG/AGG	GENOMAD.063438.VV	8e-44	154	0	0	0	2561	Caudoviricetes	NA	NA	NA	NA
k127_522986_2	333	767	435	-1	0.648	11	None	GENOMAD.116655.VV	1.82e-57	196	0	0	1	2561	Caudoviricetes	NA	NA	PF04860;TIGR01537;COG5005	phage portal protein, HK97 family
k127_342608_1	2	361	360	-1	0.583	11	None	GENOMAD.171422.VP	9.975e-12	63	0	0	1	2561	Caudoviricetes	NA	NA	PF05876;PF20454;COG5525;K21512;TIGR01547	Phage terminase, large subunit GpA
k127_283289_1	22	339	318	-1	0.572	11	None	GENOMAD.196279.VP	9.988e-06	45	0	0	1	1	NA	NA	NA	PF07141;COG2826	Putative bacteriophage terminase small subunit
k127_223853_1	2	904	903	-1	0.651	11	None	GENOMAD.169508.VP	3.838e-16	82	0	0	1	2561	Caudoviricetes	NA	NA	PF04708;PF13262;COG1961;K14060	Site-specific DNA recombinase related to the DNA invertase Pin
k127_164436_1	61	1242	1182	-1	0.571	11	None	GENOMAD.008678.VV	0.000194	46	0	0	1	4401	Narnaviridae	NA	NA	PF05919	Mitovirus RNA-dependent RNA polymerase
k127_583137_1	1	375	375	-1	0.613	11	None	GENOMAD.065960.VV	6.399e-10	58	0	0	1	1	NA	NA	NA	PF11134	Phage stabilisation protein
k127_104335_1	2	289	288	1	0.632	11	None	GENOMAD.059582.VV	4.522e-33	123	0	0	1	2561	Caudoviricetes	NA	NA	TIGR01725	phage protein, HK97 gp10 family
k127_104335_2	286	390	105	1	0.667	11	GGA/GAG/AGG	NA	NA	NA	0	0	0	1	NA	NA	NA	NA	NA
k127_523678_1	1	456	456	1	0.623	11	None	GENOMAD.013124.VV	1.258e-12	67	0	0	1	377	Drexlerviridae	NA	NA	PF13262;COG5410	NA
k127_224608_1	2	379	378	1	0.608	11	None	GENOMAD.169508.VP	6.579e-19	84	0	0	1	2561	Caudoviricetes	NA	NA	PF04708;PF13262;COG1961;K14060	Site-specific DNA recombinase related to the DNA invertase Pin
k127_44771_1	1	393	393	-1	0.646	11	None	GENOMAD.151393.VP	1.151e-31	121	0	0	1	2561	Caudoviricetes	NA	NA	PF17288;TIGR01547;COG1783	phage terminase, large subunit, PBSX family
k127_463745_1	2	352	351	-1	0.590	11	None	GENOMAD.068048.VV	8.124e-13	66	0	0	1	2561	Caudoviricetes	NA	NA	PF20307;TIGR03600;K02314;COG0305	phage replicative helicase, DnaB family, HK022 subfamily
k127_343803_1	1	252	252	1	0.528	11	None	GENOMAD.115798.VV	6.593e-24	96	0	0	0	2561	Caudoviricetes	NA	NA	NA	NA
k127_343803_2	266	703	438	1	0.607	11	GGxGG	GENOMAD.093408.VV	7.227e-68	226	0	0	1	2561	Caudoviricetes	NA	NA	PF09356;PF11836;TIGR02218	phage conserved hypothetical protein BR0599
k127_463834_1	130	2850	2721	-1	0.556	11	None	GENOMAD.026492.VV	2.756e-07	57	0	0	0	11844	Phycodnaviridae	NA	NA	PF13872;K17677;COG1061;TIGR04095	Superfamily II DNA or RNA helicase
k127_105199_1	1	327	327	-1	0.587	11	None	GENOMAD.068048.VV	1.322e-12	65	0	0	1	2561	Caudoviricetes	NA	NA	PF20307;TIGR03600;K02314;COG0305	phage replicative helicase, DnaB family, HK022 subfamily
k127_404037_1	3	608	606	1	0.632	11	None	GENOMAD.169508.VP	2.739e-25	106	0	0	1	2561	Caudoviricetes	NA	NA	PF04708;PF13262;COG1961;K14060	Site-specific DNA recombinase related to the DNA invertase Pin
k127_45130_1	2	214	213	-1	0.629	11	GGA/GAG/AGG	GENOMAD.143515.VV	1.799e-09	54	0	0	1	1	NA	NA	NA	PF07750;PF11242;K13583;COG5352;TIGR00721	GcrA cell cycle regulator
k127_225050_1	3	569	567	-1	0.705	11	None	GENOMAD.068590.VV	7.983e-12	66	0	0	1	2561	Caudoviricetes	NA	NA	PF13871;PF11242;K11654;TIGR00721	C-terminal domain on Strawberry notch homologue
k127_284756_1	3	377	375	-1	0.581	11	None	GENOMAD.182994.VP	7.495e-08	52	0	0	1	1	NA	NA	NA	PF07141	Putative bacteriophage terminase small subunit
k127_404273_1	1	303	303	1	0.551	11	None	GENOMAD.119462.VV	3.141e-16	75	0	0	1	2561	Caudoviricetes	NA	NA	TIGR01543	phage prohead protease, HK97 family
k127_225410_1	2	226	225	1	0.627	11	None	GENOMAD.147427.VP	1.553e-05	43	0	0	1	2561	Caudoviricetes	NA	NA	PF07141	Putative bacteriophage terminase small subunit
k127_284947_1	1	363	363	1	0.639	11	None	GENOMAD.023991.VV	6.082e-34	127	0	0	1	2561	Caudoviricetes	NA	NA	COG5410	Mu-like prophage FluMu protein gp28
k127_584620_1	1	813	813	-1	0.706	11	None	GENOMAD.013210.VV	1.028e-15	80	0	0	1	2561	Caudoviricetes	NA	NA	PF00211;PF08994;PF08993;COG2114	Adenylate and Guanylate cyclase catalytic domain; T4 gene Gp59 loader of gp41 DNA helicase C-term; T4 gene Gp59 loader of gp41 DNA helicase
k127_464755_1	17	307	291	-1	0.608	11	None	GENOMAD.097639.VV	4.293e-11	60	0	0	1	2561	Caudoviricetes	NA	NA	PF17289;TIGR01630;COG5362	phage uncharacterized protein (putative large terminase), C-terminal domain
k127_106104_1	3	512	510	1	0.641	11	None	GENOMAD.099865.VV	9.022e-35	132	0	0	1	2561	Caudoviricetes	NA	NA	PF04466;PF17289;TIGR01547;COG5323;K06909	phage terminase, large subunit, PBSX family
k127_345013_1	1	708	708	-1	0.623	11	None	GENOMAD.099865.VV	1.976e-46	169	0	0	1	2561	Caudoviricetes	NA	NA	PF04466;PF17289;TIGR01547;COG5323;K06909	phage terminase, large subunit, PBSX family
k127_106442_1	1	360	360	-1	0.647	11	None	GENOMAD.023991.VV	2.638e-09	56	0	0	1	2561	Caudoviricetes	NA	NA	COG5410	Mu-like prophage FluMu protein gp28
k127_585289_1	2	772	771	-1	0.577	11	None	GENOMAD.169508.VP	6.222e-27	113	0	0	1	2561	Caudoviricetes	NA	NA	PF04708;PF13262;COG1961;K14060	Site-specific DNA recombinase related to the DNA invertase Pin
k127_405807_1	1	72	72	-1	0.569	11	AGGA	NA	NA	NA	0	0	0	1	NA	NA	NA	NA	NA
k127_405807_2	91	885	795	-1	0.659	11	None	GENOMAD.097639.VV	6.377e-31	125	0	0	1	2561	Caudoviricetes	NA	NA	PF17289;TIGR01630;COG5362	phage uncharacterized protein (putative large terminase), C-terminal domain
k127_465726_1	3	464	462	-1	0.628	11	None	GENOMAD.013124.VV	6.906e-11	62	0	0	1	377	Drexlerviridae	NA	NA	PF13262;COG5410	NA
k127_226894_1	2	907	906	1	0.624	11	None	GENOMAD.045267.VV	7.29e-14	75	0	0	1	2561	Caudoviricetes	NA	NA	PF20387;COG3864	Predicted metal-dependent peptidase
k127_226894_2	1296	1385	90	1	0.578	11	AGGAG	NA	NA	NA	0	0	0	1	NA	NA	NA	NA	NA
k127_47066_1	1	351	351	1	0.590	11	None	GENOMAD.194640.VP	3.759e-29	113	0	0	1	2561	Caudoviricetes	NA	NA	PF04717;COG4540;TIGR01644	Phage P2 baseplate assembly protein gpV
k127_465980_1	1	345	345	1	0.617	11	None	GENOMAD.154021.VP	1.327e-14	71	0	0	1	2561	Caudoviricetes	NA	NA	PF07141;TIGR03384	Putative bacteriophage terminase small subunit
k127_346097_1	1	654	654	-1	0.700	11	None	GENOMAD.053137.VV	5.601e-34	132	0	0	1	2561	Caudoviricetes	NA	NA	PF17482	Phage tail sheath C-terminal domain
k127_406436_1	3	620	618	1	0.605	11	None	GENOMAD.012591.VV	1.004e-30	122	0	0	1	2561	Caudoviricetes	NA	NA	PF16510;PF11650	Phage P22-like portal protein; P22 tail accessory factor
k127_227455_1	2	469	468	1	0.635	11	None	GENOMAD.013210.VV	4.184e-19	86	0	0	1	2561	Caudoviricetes	NA	NA	PF00211;PF08994;PF08993;COG2114	Adenylate and Guanylate cyclase catalytic domain; T4 gene Gp59 loader of gp41 DNA helicase C-term; T4 gene Gp59 loader of gp41 DNA helicase
k127_167885_1	1	507	507	1	0.649	11	None	GENOMAD.013210.VV	2.224e-11	64	0	0	1	2561	Caudoviricetes	NA	NA	PF00211;PF08994;PF08993;COG2114	Adenylate and Guanylate cyclase catalytic domain; T4 gene Gp59 loader of gp41 DNA helicase C-term; T4 gene Gp59 loader of gp41 DNA helicase
k127_466551_1	1	405	405	1	0.635	11	None	GENOMAD.099865.VV	4.905e-26	105	0	0	1	2561	Caudoviricetes	NA	NA	PF04466;PF17289;TIGR01547;COG5323;K06909	phage terminase, large subunit, PBSX family
k127_406979_1	2	409	408	-1	0.515	11	None	GENOMAD.167080.VP	2.04e-09	57	0	0	1	2561	Caudoviricetes	NA	NA	PF11753;PF03864	Protein of unknwon function (DUF3310); Phage major capsid protein E
k127_168702_1	2	577	576	1	0.622	11	None	GENOMAD.169508.VP	9.468e-25	104	0	0	1	2561	Caudoviricetes	NA	NA	PF04708;PF13262;COG1961;K14060	Site-specific DNA recombinase related to the DNA invertase Pin
k127_467439_1	2	340	339	-1	0.555	11	None	GENOMAD.183689.VV	2.894e-05	44	0	0	1	2561	Caudoviricetes	NA	NA	PF05069;TIGR01635;COG5005	phage virion morphogenesis (putative tail completion) protein
k127_168888_1	3	482	480	-1	0.642	11	None	GENOMAD.093456.VV	2.059e-80	263	0	0	1	2561	Caudoviricetes	NA	NA	PF09684;TIGR01634;COG4385	phage tail protein, P2 protein I family
k127_108930_1	1	729	729	1	0.602	11	None	GENOMAD.099865.VV	3.741e-41	154	0	0	1	2561	Caudoviricetes	NA	NA	PF04466;PF17289;TIGR01547;COG5323;K06909	phage terminase, large subunit, PBSX family
k127_467651_1	79	612	534	1	0.590	11	GGAGG	GENOMAD.013124.VV	4.603e-17	81	0	0	1	377	Drexlerviridae	NA	NA	PF13262;COG5410	NA
k127_347657_1	3	425	423	-1	0.638	11	None	GENOMAD.116655.VV	5.212e-28	111	0	0	1	2561	Caudoviricetes	NA	NA	PF04860;TIGR01537;COG5005	phage portal protein, HK97 family
k127_288270_1	2	427	426	1	0.390	11	None	GENOMAD.030978.VV	3.537e-24	100	0	0	1	10823	Zobellviridae	NA	NA	PF11134	Phage stabilisation protein
k127_527991_1	98	451	354	1	0.345	11	AAT	NA	NA	NA	0	0	0	1	NA	NA	NA	NA	NA
k127_527991_2	433	627	195	1	0.354	11	AAAAT	NA	NA	NA	0	0	0	1	NA	NA	NA	NA	NA
k127_527991_3	657	1058	402	1	0.463	11	AAA	GENOMAD.020093.VV	2.557e-24	100	0	0	1	10823	Zobellviridae	NA	NA	PF19821;TIGR04387	Phage capsid protein
k127_468116_1	3	302	300	1	0.603	11	None	GENOMAD.216062.VV	6.866e-08	51	0	0	1	2561	Caudoviricetes	NA	NA	PF04717;TIGR01644;COG4540	phage baseplate assembly protein V
k127_348274_1	3	392	390	1	0.667	11	None	GENOMAD.223594.VP	2.009e-06	48	0	0	1	2561	Caudoviricetes	NA	NA	PF11994;PF09684;TIGR01634;COG4385	phage tail protein, P2 protein I family
k127_348274_2	205	753	549	-1	0.654	11	None	NA	NA	NA	0	0	0	1	NA	NA	NA	NA	NA
k127_408716_1	1	603	603	-1	0.629	11	None	GENOMAD.000073.VV	4.521e-05	46	0	0	1	6233	Potyviridae	NA	NA	PF00680	Viral RNA-dependent RNA polymerase
k127_229886_1	3	425	423	-1	0.593	11	None	GENOMAD.051555.VV	2.691e-07	51	0	0	1	2561	Caudoviricetes	NA	NA	PF04492;TIGR01714	phage replisome organizer, putative, N-terminal region
k127_349066_1	2	457	456	1	0.621	11	None	GENOMAD.169508.VP	1.592e-08	55	0	0	1	2561	Caudoviricetes	NA	NA	PF04708;PF13262;COG1961;K14060	Site-specific DNA recombinase related to the DNA invertase Pin
k127_529267_1	2	475	474	1	0.572	11	None	GENOMAD.109691.VV	2.267e-36	136	0	0	1	2561	Caudoviricetes	NA	NA	PF06141	Phage minor tail protein U
k127_230192_1	2	412	411	-1	0.650	11	None	GENOMAD.013124.VV	4.023e-11	62	0	0	1	377	Drexlerviridae	NA	NA	PF13262;COG5410	NA
k127_170634_1	1	468	468	-1	0.635	11	None	GENOMAD.129124.VV	2.084e-36	136	0	0	1	2561	Caudoviricetes	NA	NA	PF14550;TIGR01543;COG3740;K06904	phage prohead protease, HK97 family
k127_50433_1	2	463	462	-1	0.641	11	None	GENOMAD.169508.VP	8.614e-19	85	0	0	1	2561	Caudoviricetes	NA	NA	PF04708;PF13262;COG1961;K14060	Site-specific DNA recombinase related to the DNA invertase Pin
k127_230392_1	2	127	126	-1	0.619	11	3Base/5BMM	NA	NA	NA	0	0	0	1	NA	NA	NA	NA	NA
k127_230392_2	124	444	321	-1	0.586	11	GGA/GAG/AGG	NA	NA	NA	0	0	0	1	NA	NA	NA	NA	NA
k127_230392_3	441	638	198	-1	0.576	11	GGA/GAG/AGG	GENOMAD.225998.VP	1.689e-36	131	0	0	0	1	NA	NA	NA	NA	NA
k127_230392_4	635	2893	2259	-1	0.573	11	None	GENOMAD.145315.VC	1.403e-135	452	0	0	1	2561	Caudoviricetes	NA	NA	PF13550	Putative phage tail protein
k127_170949_1	1	309	309	1	0.621	11	None	GENOMAD.063098.VV	8.168e-07	48	0	0	1	2561	Caudoviricetes	NA	NA	PF11126	Transcriptional regulator DsbA
k127_589705_1	112	348	237	-1	0.654	11	None	GENOMAD.063098.VV	1.394e-07	49	0	0	1	2561	Caudoviricetes	NA	NA	PF11126	Transcriptional regulator DsbA
k127_409797_1	1	309	309	1	0.599	11	None	GENOMAD.017632.VV	1.272e-10	59	0	0	1	2561	Caudoviricetes	NA	NA	PF03354;COG5410;TIGR01547	phage terminase, large subunit, PBSX family
k127_469905_1	3	341	339	-1	0.646	11	None	GENOMAD.182236.VP	1.308e-05	45	0	0	1	2561	Caudoviricetes	NA	NA	PF16724;COG4119;TIGR02705;K12152	T4-like virus Myoviridae tail sheath stabiliser
k127_290638_1	2	442	441	1	0.649	11	None	GENOMAD.068048.VV	2.036e-14	72	0	0	1	2561	Caudoviricetes	NA	NA	PF20307;TIGR03600;K02314;COG0305	phage replicative helicase, DnaB family, HK022 subfamily
k127_290823_1	144	1115	972	-1	0.671	11	None	GENOMAD.013210.VV	2.38e-15	80	0	0	1	2561	Caudoviricetes	NA	NA	PF00211;PF08994;PF08993;COG2114	Adenylate and Guanylate cyclase catalytic domain; T4 gene Gp59 loader of gp41 DNA helicase C-term; T4 gene Gp59 loader of gp41 DNA helicase
k127_291117_1	30	338	309	1	0.537	11	GGAG/GAGG	GENOMAD.215225.VP	1.126e-19	85	0	0	1	2561	Caudoviricetes	NA	NA	PF07120;COG3756;TIGR01714	Uncharacterized conserved protein YdaU, DUF1376 family
k127_172020_1	175	759	585	-1	0.617	11	None	GENOMAD.013210.VV	4.716e-35	134	0	0	1	2561	Caudoviricetes	NA	NA	PF00211;PF08994;PF08993;COG2114	Adenylate and Guanylate cyclase catalytic domain; T4 gene Gp59 loader of gp41 DNA helicase C-term; T4 gene Gp59 loader of gp41 DNA helicase
k127_531081_1	3	962	960	1	0.676	11	None	GENOMAD.013210.VV	2.397e-16	83	0	0	1	2561	Caudoviricetes	NA	NA	PF00211;PF08994;PF08993;COG2114	Adenylate and Guanylate cyclase catalytic domain; T4 gene Gp59 loader of gp41 DNA helicase C-term; T4 gene Gp59 loader of gp41 DNA helicase
k127_591001_1	2	337	336	1	0.640	11	None	GENOMAD.147427.VP	5.501e-15	72	0	0	1	2561	Caudoviricetes	NA	NA	PF07141	Putative bacteriophage terminase small subunit
k127_471018_1	3	425	423	-1	0.598	11	None	GENOMAD.160552.VV	5.256e-09	56	0	0	1	2561	Caudoviricetes	NA	NA	PF09588;COG5377;TIGR03033	Phage-related protein, predicted endonuclease
k127_351158_1	3	887	885	-1	0.641	11	None	GENOMAD.013210.VV	8.315e-08	56	0	0	1	2561	Caudoviricetes	NA	NA	PF00211;PF08994;PF08993;COG2114	Adenylate and Guanylate cyclase catalytic domain; T4 gene Gp59 loader of gp41 DNA helicase C-term; T4 gene Gp59 loader of gp41 DNA helicase
k127_351528_1	2	793	792	-1	0.649	11	None	GENOMAD.099865.VV	5.965e-45	166	0	0	1	2561	Caudoviricetes	NA	NA	PF04466;PF17289;TIGR01547;COG5323;K06909	phage terminase, large subunit, PBSX family
k127_531924_1	3	455	453	1	0.609	11	None	GENOMAD.105501.VV	1.59e-28	113	0	0	1	2561	Caudoviricetes	NA	NA	PF03434;COG3948	Phage-related baseplate assembly protein
k127_52862_1	3	326	324	1	0.623	11	None	GENOMAD.124111.VV	2.986e-19	84	0	0	1	2561	Caudoviricetes	NA	NA	PF04586;COG3740;K06904;TIGR01543	Phage head maturation protease
k127_52862_2	323	406	84	1	0.702	11	GGG	NA	NA	NA	0	0	0	1	NA	NA	NA	NA	NA
k127_292468_1	3	731	729	1	0.575	11	None	GENOMAD.013210.VV	3.586e-29	119	0	0	1	2561	Caudoviricetes	NA	NA	PF00211;PF08994;PF08993;COG2114	Adenylate and Guanylate cyclase catalytic domain; T4 gene Gp59 loader of gp41 DNA helicase C-term; T4 gene Gp59 loader of gp41 DNA helicase
k127_292549_1	1	744	744	-1	0.637	11	None	GENOMAD.013124.VV	2.989e-16	81	0	0	1	377	Drexlerviridae	NA	NA	PF13262;COG5410	NA
k127_532327_1	2	373	372	-1	0.653	11	None	GENOMAD.013124.VV	3.281e-08	53	0	0	1	377	Drexlerviridae	NA	NA	PF13262;COG5410	NA
k127_412231_1	3	458	456	1	0.664	11	None	GENOMAD.053100.VV	8.684e-18	82	0	0	1	1	NA	NA	NA	PF16510	Phage P22-like portal protein
k127_292999_1	3	449	447	1	0.626	11	None	GENOMAD.169508.VP	6.669e-09	56	0	0	1	2561	Caudoviricetes	NA	NA	PF04708;PF13262;COG1961;K14060	Site-specific DNA recombinase related to the DNA invertase Pin
k127_352463_1	2	373	372	1	0.621	11	None	GENOMAD.151002.VV	8.376e-06	46	0	0	1	2561	Caudoviricetes	NA	NA	PF17288;PF04466;TIGR01547;COG1783;K06909	phage terminase, large subunit, PBSX family
k127_53550_1	3	332	330	1	0.645	11	None	GENOMAD.223594.VP	1.087e-06	48	0	0	1	2561	Caudoviricetes	NA	NA	PF11994;PF09684;TIGR01634;COG4385	phage tail protein, P2 protein I family
k127_532894_1	3	458	456	1	0.643	11	None	GENOMAD.054642.VV	5.71e-13	68	0	0	1	2561	Caudoviricetes	NA	NA	COG4675	Microcystin-dependent protein  (function unknown)
k127_174245_1	3	116	114	-1	0.833	11	GGAG/GAGG	NA	NA	NA	0	0	0	1	NA	NA	NA	NA	NA
k127_174245_2	301	852	552	1	0.638	11	AGGAG	NA	NA	NA	0	0	0	1	NA	NA	NA	NA	NA
k127_174245_3	1041	1364	324	1	0.614	11	None	NA	NA	NA	0	0	0	1	NA	NA	NA	NA	NA
k127_174245_4	1310	1672	363	-1	0.523	11	None	GENOMAD.099754.VV	3.355e-06	47	0	0	1	1	NA	NA	NA	PF17289;TIGR01630;COG5362	phage uncharacterized protein (putative large terminase), C-terminal domain
k127_412793_1	648	1124	477	1	0.597	11	GGA/GAG/AGG	GENOMAD.178051.VP	3.652e-11	63	0	0	1	2561	Caudoviricetes	NA	NA	PF02195;PF17288;TIGR00180;COG1475	ParB/RepB/Spo0J family partition protein
k127_54141_1	1	537	537	1	0.642	11	None	GENOMAD.161999.VV	1.551e-41	152	0	0	1	2561	Caudoviricetes	NA	NA	PF05894;K06909;TIGR01547;COG1783	Podovirus DNA encapsidation protein (Gp16)
k127_473459_1	2	1072	1071	-1	0.671	11	None	GENOMAD.013124.VV	1.722e-15	81	0	0	1	377	Drexlerviridae	NA	NA	PF13262;COG5410	NA
k127_294145_1	2	904	903	-1	0.677	11	GGGGG	GENOMAD.013210.VV	3.455e-14	76	0	0	1	2561	Caudoviricetes	NA	NA	PF00211;PF08994;PF08993;COG2114	Adenylate and Guanylate cyclase catalytic domain; T4 gene Gp59 loader of gp41 DNA helicase C-term; T4 gene Gp59 loader of gp41 DNA helicase
k127_234820_1	3	593	591	-1	0.618	11	None	GENOMAD.022372.VV	3.002e-21	94	0	0	1	2561	Caudoviricetes	NA	NA	PF04708;COG1961;K14060	Site-specific DNA recombinase related to the DNA invertase Pin
k127_234820_2	590	712	123	-1	0.626	11	None	NA	NA	NA	0	0	0	1	NA	NA	NA	NA	NA
k127_175339_1	1	501	501	-1	0.611	11	None	GENOMAD.169508.VP	1.601e-26	108	0	0	1	2561	Caudoviricetes	NA	NA	PF04708;PF13262;COG1961;K14060	Site-specific DNA recombinase related to the DNA invertase Pin
k127_294671_1	1	519	519	1	0.599	11	None	GENOMAD.073447.VV	1.262e-08	56	0	0	1	2561	Caudoviricetes	NA	NA	PF00580;TIGR04095;COG4373	UvrD/REP helicase N-terminal domain
k127_55291_1	2	199	198	-1	0.576	11	GGAG/GAGG	GENOMAD.100772.VV	6.344e-10	55	0	0	1	2561	Caudoviricetes	NA	NA	PF16460;COG5437;TIGR02126	Phage tail tube, TTP, lambda-like
k127_55293_1	1	390	390	1	0.538	11	None	GENOMAD.053137.VV	4.623e-24	99	0	0	1	2561	Caudoviricetes	NA	NA	PF17482	Phage tail sheath C-terminal domain
k127_295011_1	1	393	393	1	0.590	11	None	GENOMAD.102926.VP	1.677e-09	57	0	0	0	2561	Caudoviricetes	NA	NA	PF04404	ERF superfamily
k127_295011_2	377	754	378	1	0.582	11	GGAGG	GENOMAD.009848.VV	9.529e-15	72	0	0	1	9913	Herelleviridae	NA	NA	COG5377;TIGR03033	Phage-related protein, predicted endonuclease
k127_295043_1	2	1300	1299	-1	0.639	11	GGA/GAG/AGG	GENOMAD.013124.VV	4.968e-18	90	0	0	1	377	Drexlerviridae	NA	NA	PF13262;COG5410	NA
k127_235776_1	3	764	762	1	0.646	11	None	GENOMAD.169508.VP	1.217e-08	58	0	0	1	2561	Caudoviricetes	NA	NA	PF04708;PF13262;COG1961;K14060	Site-specific DNA recombinase related to the DNA invertase Pin
k127_235786_1	3	488	486	1	0.638	11	None	GENOMAD.169508.VP	4.676e-07	51	0	0	1	2561	Caudoviricetes	NA	NA	PF04708;PF13262;COG1961;K14060	Site-specific DNA recombinase related to the DNA invertase Pin
k127_475191_1	1	636	636	-1	0.634	11	None	GENOMAD.169508.VP	8.382e-25	105	0	0	1	2561	Caudoviricetes	NA	NA	PF04708;PF13262;COG1961;K14060	Site-specific DNA recombinase related to the DNA invertase Pin
k127_415064_1	1	324	324	-1	0.673	11	None	GENOMAD.058181.VV	1.548e-18	82	0	0	1	1	NA	NA	NA	PF11134	Phage stabilisation protein
k127_415133_1	2	583	582	-1	0.646	11	None	GENOMAD.116655.VV	3.098e-58	201	0	0	1	2561	Caudoviricetes	NA	NA	PF04860;TIGR01537;COG5005	phage portal protein, HK97 family
k127_296154_1	3	314	312	1	0.369	11	None	GENOMAD.013184.VV	1.039e-28	111	0	0	1	10823	Zobellviridae	NA	NA	PF17289;COG5362;TIGR01630	Phage terminase large subunit
k127_595762_1	2	115	114	1	0.482	11	None	GENOMAD.105975.VP	5.36e-06	42	0	0	1	2561	Caudoviricetes	NA	NA	PF11753	Protein of unknwon function (DUF3310)
k127_595762_2	105	389	285	-1	0.530	11	None	NA	NA	NA	0	0	0	1	NA	NA	NA	NA	NA
k127_355639_1	3	764	762	-1	0.635	11	None	GENOMAD.169508.VP	3.381e-15	78	0	0	1	2561	Caudoviricetes	NA	NA	PF04708;PF13262;COG1961;K14060	Site-specific DNA recombinase related to the DNA invertase Pin
k127_595989_1	3	383	381	1	0.640	11	None	GENOMAD.099865.VV	3.081e-19	85	0	0	1	2561	Caudoviricetes	NA	NA	PF04466;PF17289;TIGR01547;COG5323;K06909	phage terminase, large subunit, PBSX family
k127_475862_1	153	338	186	1	0.527	11	TAT	GENOMAD.221176.VP	0.0004987	38	0	0	1	1	NA	NA	NA	PF11242;K22302;TIGR00721;COG3311	DNA-binding protein, Tfx family
k127_296646_1	3	698	696	-1	0.639	11	None	GENOMAD.013124.VV	1.977e-18	87	0	0	1	377	Drexlerviridae	NA	NA	PF13262;COG5410	NA
k127_296653_1	3	542	540	-1	0.678	11	None	GENOMAD.013124.VV	1.141e-15	77	0	0	1	377	Drexlerviridae	NA	NA	PF13262;COG5410	NA
k127_356202_1	1	240	240	1	0.667	11	None	GENOMAD.063098.VV	2.903e-08	51	0	0	1	2561	Caudoviricetes	NA	NA	PF11126	Transcriptional regulator DsbA
k127_237418_1	2	325	324	1	0.667	11	None	GENOMAD.063098.VV	1.873e-08	53	0	0	1	2561	Caudoviricetes	NA	NA	PF11126	Transcriptional regulator DsbA
k127_297453_1	2	316	315	-1	0.533	11	None	GENOMAD.068048.VV	5.59e-12	63	0	0	1	2561	Caudoviricetes	NA	NA	PF20307;TIGR03600;K02314;COG0305	phage replicative helicase, DnaB family, HK022 subfamily
k127_356800_1	88	531	444	1	0.615	11	GGAG/GAGG	GENOMAD.051174.VV	1.792e-34	130	0	0	1	2561	Caudoviricetes	NA	NA	PF16510	Phage P22-like portal protein
k127_597047_1	309	623	315	1	0.632	11	3Base/5BMM	GENOMAD.099865.VV	8.302e-16	74	0	0	1	2561	Caudoviricetes	NA	NA	PF04466;PF17289;TIGR01547;COG5323;K06909	phage terminase, large subunit, PBSX family
k127_58071_1	116	1213	1098	-1	0.638	11	None	GENOMAD.032636.VV	7.063e-23	104	0	0	1	2561	Caudoviricetes	NA	NA	PF20307;PF07486;TIGR02239;COG0468;K18947	Divergent DnaB-like ATPase; Cell Wall Hydrolase
k127_118677_1	1	534	534	-1	0.624	11	None	GENOMAD.151393.VP	4.266e-47	168	0	0	1	2561	Caudoviricetes	NA	NA	PF17288;TIGR01547;COG1783	phage terminase, large subunit, PBSX family
k127_417162_1	3	512	510	1	0.633	11	None	GENOMAD.038338.VV	3.211e-18	84	0	0	0	2561	Caudoviricetes	NA	NA	COG3392	NA
k127_417162_2	553	972	420	1	0.643	11	None	GENOMAD.147427.VP	1.932e-21	92	0	0	1	2561	Caudoviricetes	NA	NA	PF07141	Putative bacteriophage terminase small subunit
k127_297962_1	3	311	309	-1	0.434	11	None	GENOMAD.129421.VV	2.833e-10	58	0	0	1	2561	Caudoviricetes	NA	NA	PF04466;PF17288;TIGR01547;COG1783;K06909	phage terminase, large subunit, PBSX family
k127_597510_1	3	764	762	1	0.619	11	None	GENOMAD.169508.VP	1.192e-27	115	0	0	1	2561	Caudoviricetes	NA	NA	PF04708;PF13262;COG1961;K14060	Site-specific DNA recombinase related to the DNA invertase Pin
k127_238710_1	25	837	813	1	0.646	11	GGA/GAG/AGG	GENOMAD.099865.VV	4.516e-41	155	0	0	1	2561	Caudoviricetes	NA	NA	PF04466;PF17289;TIGR01547;COG5323;K06909	phage terminase, large subunit, PBSX family
k127_597901_1	2	436	435	1	0.591	11	None	GENOMAD.068048.VV	4.716e-12	65	0	0	1	2561	Caudoviricetes	NA	NA	PF20307;TIGR03600;K02314;COG0305	phage replicative helicase, DnaB family, HK022 subfamily
k127_538060_1	2	598	597	1	0.601	11	None	GENOMAD.169508.VP	2.309e-26	109	0	0	1	2561	Caudoviricetes	NA	NA	PF04708;PF13262;COG1961;K14060	Site-specific DNA recombinase related to the DNA invertase Pin
k127_538124_1	146	1408	1263	-1	0.617	11	None	GENOMAD.013210.VV	8.556e-25	111	0	0	1	2561	Caudoviricetes	NA	NA	PF00211;PF08994;PF08993;COG2114	Adenylate and Guanylate cyclase catalytic domain; T4 gene Gp59 loader of gp41 DNA helicase C-term; T4 gene Gp59 loader of gp41 DNA helicase
k127_119382_1	1	435	435	-1	0.621	11	None	GENOMAD.013124.VV	2.37e-11	63	0	0	1	377	Drexlerviridae	NA	NA	PF13262;COG5410	NA
k127_477973_1	3	629	627	1	0.640	11	None	GENOMAD.169508.VP	1.251e-13	72	0	0	1	2561	Caudoviricetes	NA	NA	PF04708;PF13262;COG1961;K14060	Site-specific DNA recombinase related to the DNA invertase Pin
k127_538254_1	1	450	450	1	0.636	11	None	GENOMAD.209380.VP	3.599e-05	45	0	0	0	2561	Caudoviricetes	NA	NA	PF18932	NA
k127_538254_2	450	983	534	1	0.642	11	None	GENOMAD.013124.VV	2.734e-12	67	0	0	1	377	Drexlerviridae	NA	NA	PF13262;COG5410	NA
k127_417814_1	1	1446	1446	1	0.629	11	None	GENOMAD.099865.VV	4.349e-62	225	0	0	1	2561	Caudoviricetes	NA	NA	PF04466;PF17289;TIGR01547;COG5323;K06909	phage terminase, large subunit, PBSX family
k127_598126_1	3	782	780	1	0.577	11	None	GENOMAD.023991.VV	3.506e-12	69	0	0	1	2561	Caudoviricetes	NA	NA	COG5410	Mu-like prophage FluMu protein gp28
k127_598181_1	1	102	102	-1	0.461	11	AGGAG	NA	NA	NA	0	0	0	1	NA	NA	NA	NA	NA
k127_598181_2	113	415	303	-1	0.449	11	AGxAGG/AGGxGG	NA	NA	NA	0	0	0	1	NA	NA	NA	NA	NA
k127_598181_3	418	1464	1047	-1	0.555	11	GGA/GAG/AGG	GENOMAD.004790.VV	3.398e-94	313	0	0	1	2561	Caudoviricetes	NA	NA	PF19307	Phage capsid-like protein
k127_598181_4	1468	2199	732	-1	0.536	11	GGAG/GAGG	GENOMAD.026473.VV	2.25e-23	102	0	0	0	2561	Caudoviricetes	NA	NA	NA	NA
k127_598181_5	2271	2483	213	1	0.474	11	AGGAG	NA	NA	NA	0	0	0	1	NA	NA	NA	NA	NA
k127_598181_6	2548	3135	588	-1	0.548	11	GGAG/GAGG	NA	NA	NA	0	0	0	1	NA	NA	NA	NA	NA
k127_598181_7	3132	4913	1782	-1	0.511	11	GGA/GAG/AGG	GENOMAD.005856.VV	2.398e-115	386	0	0	0	2561	Caudoviricetes	NA	NA	NA	NA
k127_598181_8	4913	5206	294	-1	0.537	11	GGAG/GAGG	NA	NA	NA	0	0	0	1	NA	NA	NA	NA	NA
k127_598181_9	5206	5394	189	-1	0.582	11	None	NA	NA	NA	0	0	0	1	NA	NA	NA	NA	NA
k127_598181_10	5588	7105	1518	-1	0.528	11	3Base/5BMM	GENOMAD.147017.VP	3.49e-110	367	0	0	1	2561	Caudoviricetes	NA	NA	PF04466;TIGR01547;COG1783	Phage terminase large subunit
k127_598181_11	7158	7544	387	-1	0.587	11	GGAG/GAGG	NA	NA	NA	0	0	0	1	NA	NA	NA	NA	NA
k127_598181_12	7555	9048	1494	-1	0.556	11	GGA/GAG/AGG	GENOMAD.009774.VV	1.177e-07	57	0	0	0	2561	Caudoviricetes	NA	NA	NA	NA
k127_598181_13	9201	9470	270	-1	0.533	11	AGGA	NA	NA	NA	0	0	0	1	NA	NA	NA	NA	NA
k127_598181_14	9434	9541	108	-1	0.593	11	AGGAGG	NA	NA	NA	0	0	0	1	NA	NA	NA	NA	NA
k127_598181_15	9541	10083	543	-1	0.611	11	GGA/GAG/AGG	NA	NA	NA	0	0	0	1	NA	NA	NA	NA	NA
k127_598181_16	10083	10430	348	-1	0.451	11	GGA/GAG/AGG	NA	NA	NA	0	0	0	1	NA	NA	NA	NA	NA
k127_598181_17	11023	11196	174	1	0.552	11	GGAG/GAGG	NA	NA	NA	0	0	0	1	NA	NA	NA	NA	NA
k127_598181_18	11410	11694	285	1	0.607	11	GGAG/GAGG	NA	NA	NA	0	0	0	1	NA	NA	NA	NA	NA
k127_598181_19	11752	11937	186	1	0.565	11	AGGAG	NA	NA	NA	0	0	0	1	NA	NA	NA	NA	NA
k127_598181_20	12352	12444	93	1	0.473	11	AGGAGG	NA	NA	NA	0	0	0	1	NA	NA	NA	NA	NA
k127_598181_21	12444	12572	129	1	0.581	11	AGGAG	NA	NA	NA	0	0	0	1	NA	NA	NA	NA	NA
k127_598181_22	12889	13065	177	-1	0.605	11	GGA/GAG/AGG	NA	NA	NA	0	0	0	1	NA	NA	NA	NA	NA
k127_598181_23	13146	13796	651	1	0.627	11	AGGAG	NA	NA	NA	0	0	0	1	NA	NA	NA	NA	NA
k127_598181_24	13853	14701	849	1	0.547	11	GGAG/GAGG	NA	NA	NA	0	0	0	1	NA	NA	NA	NA	NA
k127_598181_25	14839	15120	282	1	0.465	11	GGAG/GAGG	NA	NA	NA	0	0	0	1	NA	NA	NA	NA	NA
k127_598181_26	15127	15399	273	1	0.601	11	AGGAG	NA	NA	NA	0	0	0	1	NA	NA	NA	NA	NA
k127_598181_27	15396	15662	267	1	0.562	11	GGAGG	NA	NA	NA	0	0	0	1	NA	NA	NA	NA	NA
k127_598181_28	15664	15933	270	1	0.489	11	GGAG/GAGG	NA	NA	NA	0	0	0	1	NA	NA	NA	NA	NA
k127_598181_29	15961	16104	144	1	0.549	11	AGGAG	NA	NA	NA	0	0	0	1	NA	NA	NA	NA	NA
k127_598181_30	16095	16427	333	1	0.438	11	GGA/GAG/AGG	GENOMAD.211192.VV	5.346e-06	46	0	0	0	2561	Caudoviricetes	NA	NA	PF05551	Zinc-binding loop region of homing endonuclease
k127_598181_31	16417	16650	234	1	0.521	11	GGAG/GAGG	NA	NA	NA	0	0	0	1	NA	NA	NA	NA	NA
k127_598181_32	16693	16839	147	1	0.551	11	AGGAG	NA	NA	NA	0	0	0	1	NA	NA	NA	NA	NA
k127_598181_33	16884	18305	1422	1	0.533	11	AGGAG	GENOMAD.005856.VV	2.092e-50	190	0	0	0	2561	Caudoviricetes	NA	NA	NA	NA
k127_598181_34	18277	18537	261	1	0.513	11	AGGAGG	NA	NA	NA	0	0	0	1	NA	NA	NA	NA	NA
k127_598181_35	18534	18845	312	1	0.478	11	AGGAGG	NA	NA	NA	0	0	0	1	NA	NA	NA	NA	NA
k127_598181_36	18842	19219	378	1	0.532	11	GGAG/GAGG	NA	NA	NA	0	0	0	1	NA	NA	NA	NA	NA
k127_598181_37	19203	19442	240	1	0.542	11	GGAG/GAGG	NA	NA	NA	0	0	0	1	NA	NA	NA	NA	NA
k127_598181_38	19446	19598	153	1	0.451	11	GGAGG	GENOMAD.029533.VV	1.99e-13	64	0	0	0	2561	Caudoviricetes	NA	NA	NA	NA
k127_598181_39	19601	19690	90	1	0.489	11	AGGAGG	NA	NA	NA	0	0	0	1	NA	NA	NA	NA	NA
k127_598181_40	19687	19875	189	1	0.550	11	GGAGG	NA	NA	NA	0	0	0	1	NA	NA	NA	NA	NA
k127_598181_41	19862	20002	141	1	0.574	11	GGAGG	NA	NA	NA	0	0	0	1	NA	NA	NA	NA	NA
k127_598181_42	19999	20121	123	1	0.480	11	GGAG/GAGG	NA	NA	NA	0	0	0	1	NA	NA	NA	NA	NA
k127_598181_43	20121	20327	207	1	0.527	11	GGAGG	NA	NA	NA	0	0	0	1	NA	NA	NA	NA	NA
k127_598181_44	20330	20569	240	1	0.442	11	GGAG/GAGG	NA	NA	NA	0	0	0	1	NA	NA	NA	NA	NA
k127_598181_45	20649	21707	1059	1	0.518	11	GGA/GAG/AGG	GENOMAD.019161.VV	2.656e-99	328	0	0	0	2561	Caudoviricetes	NA	NA	PF10926;K07465;COG2887;TIGR01896	RecB family exonuclease
k127_598181_46	21778	22572	795	1	0.502	11	GGA/GAG/AGG	GENOMAD.028110.VV	1.746e-89	295	0	0	1	2561	Caudoviricetes	NA	NA	PF13479;TIGR01618;COG0467	phage nucleotide-binding protein
k127_598181_47	22569	23018	450	1	0.558	11	None	NA	NA	NA	0	0	0	1	NA	NA	NA	NA	NA
k127_598181_48	23191	23697	507	1	0.391	11	GGAGG	GENOMAD.137405.VV	1.175e-05	47	0	0	0	2561	Caudoviricetes	NA	NA	PF05551	Zinc-binding loop region of homing endonuclease
k127_598181_49	23699	24712	1014	1	0.527	11	GGAG/GAGG	GENOMAD.082749.VV	8.481e-54	195	0	0	0	2561	Caudoviricetes	NA	NA	COG0349;TIGR01388	Ribonuclease D
k127_598181_50	24779	26323	1545	1	0.494	11	None	GENOMAD.073537.VV	3.237e-91	312	0	0	1	2561	Caudoviricetes	NA	NA	PF17212	Tail tubular protein
k127_598181_51	26454	27470	1017	1	0.501	11	None	GENOMAD.147697.VP	7.305e-57	204	0	0	0	2561	Caudoviricetes	NA	NA	PF13148;TIGR02640;COG0714;K03924	AAA domain
k127_598181_52	27454	27708	255	-1	0.471	11	GGA/GAG/AGG	NA	NA	NA	0	0	0	1	NA	NA	NA	NA	NA
k127_598181_53	27755	28417	663	-1	0.570	11	GGAG/GAGG	NA	NA	NA	0	0	0	1	NA	NA	NA	NA	NA
k127_598181_54	28410	28634	225	-1	0.484	11	GGAG/GAGG	GENOMAD.037481.VV	2.314e-15	71	0	0	0	2561	Caudoviricetes	NA	NA	NA	NA
k127_598181_55	28631	28816	186	-1	0.565	11	AGGAG	NA	NA	NA	0	0	0	1	NA	NA	NA	NA	NA
k127_598181_56	28813	35916	7104	-1	0.485	11	GGA/GAG/AGG	GENOMAD.009061.VV	9.383e-46	186	0	0	0	2561	Caudoviricetes	NA	NA	NA	NA
k127_598181_57	35916	38054	2139	-1	0.480	11	None	GENOMAD.161408.VP	0.0004462	46	0	0	0	1	NA	NA	NA	NA	NA
k127_598181_58	38054	38584	531	-1	0.591	11	AGGA	GENOMAD.017413.VV	2.697e-11	64	0	0	0	2561	Caudoviricetes	NA	NA	NA	NA
k127_598181_59	38569	38994	426	-1	0.484	11	None	GENOMAD.008986.VV	3.955e-13	68	0	0	0	2561	Caudoviricetes	NA	NA	PF11090;COG3818;TIGR03585	Bacteriophage T7, probable scaffold protein Gp13
k127_598181_60	38991	41603	2613	-1	0.488	11	GGA/GAG/AGG	GENOMAD.167015.VV	1.411e-191	621	0	0	0	2561	Caudoviricetes	NA	NA	NA	NA
k127_598181_61	41623	41889	267	-1	0.438	11	AGGAG	NA	NA	NA	0	0	0	1	NA	NA	NA	NA	NA
k127_598181_62	41905	42723	819	-1	0.536	11	GGA/GAG/AGG	GENOMAD.073537.VV	2.032e-109	353	0	0	1	2561	Caudoviricetes	NA	NA	PF17212	Tail tubular protein
k127_598181_63	42724	42927	204	-1	0.583	11	AGGA	GENOMAD.090059.VV	3.78e-08	50	0	0	0	1	NA	NA	NA	NA	NA
k127_598181_64	42924	43091	168	-1	0.488	11	GGAG/GAGG	NA	NA	NA	0	0	0	1	NA	NA	NA	NA	NA
k127_598181_65	43093	43326	234	-1	0.534	11	GGAG/GAGG	NA	NA	NA	0	0	0	1	NA	NA	NA	NA	NA
k127_598181_66	43326	43691	366	-1	0.497	11	GGA/GAG/AGG	GENOMAD.093234.VV	4.57e-53	182	0	0	0	1	NA	NA	NA	NA	NA
k127_598181_67	43696	45912	2217	-1	0.489	11	GGAG/GAGG	GENOMAD.058374.VV	2.967e-27	122	0	0	0	2561	Caudoviricetes	NA	NA	NA	NA
k127_598181_68	46011	46358	348	-1	0.523	11	None	GENOMAD.147017.VP	5.669e-32	121	0	0	1	2561	Caudoviricetes	NA	NA	PF04466;TIGR01547;COG1783	Phage terminase large subunit
k127_598181_69	46359	46514	156	-1	0.506	11	AGGAGG	GENOMAD.036095.VV	8.308e-15	68	0	0	0	2561	Caudoviricetes	NA	NA	NA	NA
k127_598181_70	46514	47053	540	-1	0.533	11	GGA/GAG/AGG	NA	NA	NA	0	0	0	1	NA	NA	NA	NA	NA
k127_598181_71	47058	47375	318	-1	0.522	11	GGA/GAG/AGG	NA	NA	NA	0	0	0	1	NA	NA	NA	NA	NA
k127_598181_72	47375	47914	540	-1	0.522	11	AGGAG	NA	NA	NA	0	0	0	1	NA	NA	NA	NA	NA
k127_598181_73	47925	48506	582	-1	0.500	11	AGGAG	GENOMAD.027822.VV	1.922e-54	190	0	0	0	2561	Caudoviricetes	NA	NA	NA	NA
k127_59542_1	3	314	312	-1	0.564	11	GGA/GAG/AGG	GENOMAD.106627.VV	1.953e-06	47	0	0	1	2561	Caudoviricetes	NA	NA	PF13479;TIGR01618;COG2087;K04484	phage nucleotide-binding protein
k127_59542_2	320	637	318	-1	0.535	11	None	NA	NA	NA	0	0	0	1	NA	NA	NA	NA	NA
k127_598457_1	131	610	480	-1	0.673	11	None	GENOMAD.097639.VV	1.52e-23	99	0	0	1	2561	Caudoviricetes	NA	NA	PF17289;TIGR01630;COG5362	phage uncharacterized protein (putative large terminase), C-terminal domain
k127_358666_1	1	375	375	1	0.613	11	None	GENOMAD.123040.VV	6.937e-09	55	0	0	1	2561	Caudoviricetes	NA	NA	PF09681;TIGR01714	NA
k127_358770_1	1	174	174	1	0.718	11	None	NA	NA	NA	0	0	0	1	NA	NA	NA	NA	NA
k127_358770_2	164	553	390	1	0.623	11	GGAGG	GENOMAD.093978.VV	0.0004924	41	0	0	0	2561	Caudoviricetes	NA	NA	PF18932	NA
k127_358770_3	553	993	441	1	0.639	11	AGGAG	GENOMAD.017632.VV	2.865e-09	57	0	0	1	2561	Caudoviricetes	NA	NA	PF03354;COG5410;TIGR01547	phage terminase, large subunit, PBSX family
