gene	start	end	length	strand	gc_content	genetic_code	rbs_motif	marker	evalue	bitscore	uscg	plasmid_hallmark	virus_hallmark	taxid	taxname	annotation_conjscan	annotation_amr	annotation_accessions	annotation_description
k127_144_1	3	434	432	-1	0.574	11	None	GENOMAD.169508.VP	8.299e-15	73	0	0	1	2561	Caudoviricetes	NA	NA	PF04708;PF13262;COG1961;K14060	Site-specific DNA recombinase related to the DNA invertase Pin
k127_151471_1	3	347	345	1	0.626	11	None	GENOMAD.136131.VV	6.313e-06	46	0	0	1	2561	Caudoviricetes	NA	NA	PF04717;COG4540;TIGR01644	Phage P2 baseplate assembly protein gpV
k127_151534_1	1	492	492	1	0.581	11	None	GENOMAD.169508.VP	1.988e-22	96	0	0	1	2561	Caudoviricetes	NA	NA	PF04708;PF13262;COG1961;K14060	Site-specific DNA recombinase related to the DNA invertase Pin
k127_201964_1	3	317	315	1	0.610	11	None	GENOMAD.024487.VV	9.988e-06	45	0	0	1	2561	Caudoviricetes	NA	NA	PF09293;K18950;TIGR00593;COG0258	T4 RNase H, C terminal
k127_252333_1	3	365	363	-1	0.581	11	None	GENOMAD.009149.VV	2.991e-25	102	0	0	1	2561	Caudoviricetes	NA	NA	PF17288;TIGR01630	Terminase RNAseH like domain
k127_302760_1	3	407	405	1	0.620	11	None	GENOMAD.053100.VV	2.206e-26	106	0	0	1	1	NA	NA	NA	PF16510	Phage P22-like portal protein
k127_403623_1	1	384	384	1	0.625	11	None	GENOMAD.068048.VV	9.897e-15	72	0	0	1	2561	Caudoviricetes	NA	NA	PF20307;TIGR03600;K02314;COG0305	phage replicative helicase, DnaB family, HK022 subfamily
k127_353395_1	2	235	234	-1	0.650	11	None	GENOMAD.154021.VP	3.5e-13	65	0	0	1	2561	Caudoviricetes	NA	NA	PF07141;TIGR03384	Putative bacteriophage terminase small subunit
k127_353395_2	228	623	396	-1	0.636	11	None	GENOMAD.038338.VV	1.254e-13	69	0	0	0	2561	Caudoviricetes	NA	NA	COG3392	NA
k127_202366_1	1	183	183	-1	0.470	11	GGAG/GAGG	NA	NA	NA	0	0	0	1	NA	NA	NA	NA	NA
k127_202366_2	192	518	327	-1	0.443	11	None	GENOMAD.145242.VV	8.183e-49	169	0	0	1	2790	Microviridae	NA	NA	PF02306	Major spike protein (G protein)
k127_51491_1	1	171	171	-1	0.374	11	AGGAGG	GENOMAD.145242.VV	1.27e-13	65	0	0	1	2790	Microviridae	NA	NA	PF02306	Major spike protein (G protein)
k127_252995_1	1	390	390	-1	0.572	11	None	GENOMAD.022372.VV	2.68e-13	68	0	0	1	2561	Caudoviricetes	NA	NA	PF04708;COG1961;K14060	Site-specific DNA recombinase related to the DNA invertase Pin
k127_202707_1	893	1780	888	1	0.610	11	GGA/GAG/AGG	GENOMAD.178051.VP	1.801e-21	98	0	0	1	2561	Caudoviricetes	NA	NA	PF02195;PF17288;TIGR00180;COG1475	ParB/RepB/Spo0J family partition protein
k127_202707_2	1905	2156	252	1	0.607	11	None	GENOMAD.038338.VV	6.893e-09	53	0	0	0	2561	Caudoviricetes	NA	NA	COG3392	NA
k127_202707_3	2156	2287	132	1	0.667	11	GGAGG	NA	NA	NA	0	0	0	1	NA	NA	NA	NA	NA
k127_253196_1	3	452	450	1	0.542	11	None	GENOMAD.158965.VP	3.407e-45	161	0	0	1	2561	Caudoviricetes	NA	NA	PF05772;PF04404;COG5362	NinB protein; ERF superfamily
k127_102132_1	1	1131	1131	-1	0.673	11	None	GENOMAD.068590.VV	6.268e-12	70	0	0	1	2561	Caudoviricetes	NA	NA	PF13871;PF11242;K11654;TIGR00721	C-terminal domain on Strawberry notch homologue
k127_152648_1	2	409	408	1	0.475	11	None	GENOMAD.121608.VV	1.428e-31	121	0	0	1	2561	Caudoviricetes	NA	NA	PF04466;PF17288;K06909;TIGR01547;COG1783	phage terminase, large subunit, PBSX family
k127_152649_1	1	684	684	1	0.607	11	None	GENOMAD.045267.VV	8.809e-13	70	0	0	1	2561	Caudoviricetes	NA	NA	PF20387;COG3864	Predicted metal-dependent peptidase
k127_152691_1	3	671	669	1	0.653	11	None	GENOMAD.013210.VV	6.605e-21	94	0	0	1	2561	Caudoviricetes	NA	NA	PF00211;PF08994;PF08993;COG2114	Adenylate and Guanylate cyclase catalytic domain; T4 gene Gp59 loader of gp41 DNA helicase C-term; T4 gene Gp59 loader of gp41 DNA helicase
k127_203111_1	8	628	621	-1	0.604	11	None	GENOMAD.045267.VV	2.46e-14	74	0	0	1	2561	Caudoviricetes	NA	NA	PF20387;COG3864	Predicted metal-dependent peptidase
k127_102411_1	1	1149	1149	-1	0.621	11	GGA/GAG/AGG	GENOMAD.178051.VP	1.08e-15	82	0	0	1	2561	Caudoviricetes	NA	NA	PF02195;PF17288;TIGR00180;COG1475	ParB/RepB/Spo0J family partition protein
k127_203458_1	1	309	309	1	0.628	11	None	GENOMAD.142009.VV	1.58e-55	188	0	0	1	2561	Caudoviricetes	NA	NA	PF11651;TIGR04387	P22 coat protein - gene protein 5
k127_304253_1	3	374	372	-1	0.540	11	None	GENOMAD.158965.VP	1.032e-29	115	0	0	1	2561	Caudoviricetes	NA	NA	PF05772;PF04404;COG5362	NinB protein; ERF superfamily
k127_304269_1	3	407	405	-1	0.635	11	None	GENOMAD.169508.VP	9.608e-09	55	0	0	1	2561	Caudoviricetes	NA	NA	PF04708;PF13262;COG1961;K14060	Site-specific DNA recombinase related to the DNA invertase Pin
k127_455453_1	2	727	726	-1	0.620	11	GGAG/GAGG	GENOMAD.169508.VP	4.389e-25	107	0	0	1	2561	Caudoviricetes	NA	NA	PF04708;PF13262;COG1961;K14060	Site-specific DNA recombinase related to the DNA invertase Pin
k127_455453_2	724	1287	564	-1	0.683	11	None	NA	NA	NA	0	0	0	1	NA	NA	NA	NA	NA
k127_455453_3	1284	1508	225	-1	0.653	11	None	GENOMAD.222716.VP	1.487e-05	43	0	0	0	2561	Caudoviricetes	NA	NA	PF02924	Bacteriophage lambda head decoration protein D
k127_153299_1	1	381	381	1	0.583	11	None	GENOMAD.027383.VV	1.833e-16	77	0	0	1	2561	Caudoviricetes	NA	NA	PF20441	Terminase large subunit, endonuclease domain
k127_405148_1	3	314	312	1	0.679	11	None	GENOMAD.072479.VV	1.777e-07	50	0	0	1	1	NA	NA	NA	PF20198	Sm_like domain
k127_153425_1	42	521	480	-1	0.573	11	None	GENOMAD.147427.VP	2.837e-15	75	0	0	1	2561	Caudoviricetes	NA	NA	PF07141	Putative bacteriophage terminase small subunit
k127_405305_1	1	1167	1167	1	0.634	11	None	GENOMAD.000254.VV	0.00019	46	0	0	1	4401	Narnaviridae	NA	NA	PF05919	Mitovirus RNA-dependent RNA polymerase
k127_254270_1	2	373	372	-1	0.546	11	None	GENOMAD.058647.VV	8.376e-06	46	0	0	1	1	NA	NA	NA	COG4733	Phage-related protein, tail component
k127_203875_1	1	831	831	-1	0.641	11	None	GENOMAD.013210.VV	4.293e-31	126	0	0	1	2561	Caudoviricetes	NA	NA	PF00211;PF08994;PF08993;COG2114	Adenylate and Guanylate cyclase catalytic domain; T4 gene Gp59 loader of gp41 DNA helicase C-term; T4 gene Gp59 loader of gp41 DNA helicase
k127_103306_1	1	522	522	-1	0.625	11	None	GENOMAD.169508.VP	9.484e-16	77	0	0	1	2561	Caudoviricetes	NA	NA	PF04708;PF13262;COG1961;K14060	Site-specific DNA recombinase related to the DNA invertase Pin
k127_103732_1	3	341	339	1	0.605	11	None	GENOMAD.068048.VV	5.728e-15	72	0	0	1	2561	Caudoviricetes	NA	NA	PF20307;TIGR03600;K02314;COG0305	phage replicative helicase, DnaB family, HK022 subfamily
k127_204471_1	2	1291	1290	1	0.679	11	None	GENOMAD.050380.VV	4.89e-61	220	0	0	1	2561	Caudoviricetes	NA	NA	PF16510	Phage P22-like portal protein
k127_103921_1	3	326	324	-1	0.562	11	None	GENOMAD.023991.VV	3.122e-11	61	0	0	1	2561	Caudoviricetes	NA	NA	COG5410	Mu-like prophage FluMu protein gp28
k127_456457_1	2	346	345	-1	0.638	11	None	GENOMAD.076250.VV	8.47e-28	109	0	0	1	8016	Inoviridae	NA	NA	PF10109;COG4518	Phage tail assembly chaperone proteins, E, or 41 or 14
k127_355813_1	2	151	150	1	0.573	11	None	GENOMAD.063438.VV	1.767e-07	47	0	0	0	2561	Caudoviricetes	NA	NA	NA	NA
k127_355813_2	148	549	402	1	0.590	11	None	GENOMAD.116655.VV	2.988e-39	143	0	0	1	2561	Caudoviricetes	NA	NA	PF04860;TIGR01537;COG5005	phage portal protein, HK97 family
k127_355886_1	1	564	564	1	0.610	11	None	GENOMAD.013124.VV	3.68e-11	64	0	0	1	377	Drexlerviridae	NA	NA	PF13262;COG5410	NA
k127_355935_1	3	629	627	1	0.633	11	None	GENOMAD.169508.VP	1.055e-18	87	0	0	1	2561	Caudoviricetes	NA	NA	PF04708;PF13262;COG1961;K14060	Site-specific DNA recombinase related to the DNA invertase Pin
k127_53993_1	1	786	786	-1	0.607	11	None	GENOMAD.013210.VV	1.705e-12	70	0	0	1	2561	Caudoviricetes	NA	NA	PF00211;PF08994;PF08993;COG2114	Adenylate and Guanylate cyclase catalytic domain; T4 gene Gp59 loader of gp41 DNA helicase C-term; T4 gene Gp59 loader of gp41 DNA helicase
k127_255534_1	2	286	285	1	0.653	11	None	GENOMAD.148237.VV	1.091e-08	53	0	0	1	2561	Caudoviricetes	NA	NA	PF17288	Terminase RNAseH like domain
k127_255534_2	283	447	165	-1	0.648	11	None	NA	NA	NA	0	0	0	1	NA	NA	NA	NA	NA
k127_104678_1	21	389	369	-1	0.637	11	None	GENOMAD.154021.VP	6.774e-17	78	0	0	1	2561	Caudoviricetes	NA	NA	PF07141;TIGR03384	Putative bacteriophage terminase small subunit
k127_306315_1	1	528	528	1	0.614	11	None	GENOMAD.154686.VV	6.265e-23	98	0	0	1	2561	Caudoviricetes	NA	NA	PF17288	Terminase RNAseH like domain
k127_306365_1	3	299	297	-1	0.704	11	GGAGG	GENOMAD.147571.VP	1.083e-10	59	0	0	1	2561	Caudoviricetes	NA	NA	PF20441;COG5362	Terminase large subunit, endonuclease domain
k127_155197_1	1	390	390	1	0.595	11	None	GENOMAD.022372.VV	2.057e-16	77	0	0	1	2561	Caudoviricetes	NA	NA	PF04708;COG1961;K14060	Site-specific DNA recombinase related to the DNA invertase Pin
k127_457524_1	9	893	885	-1	0.678	11	None	GENOMAD.013210.VV	6.194e-13	72	0	0	1	2561	Caudoviricetes	NA	NA	PF00211;PF08994;PF08993;COG2114	Adenylate and Guanylate cyclase catalytic domain; T4 gene Gp59 loader of gp41 DNA helicase C-term; T4 gene Gp59 loader of gp41 DNA helicase
k127_356800_1	3	353	351	-1	0.630	11	None	GENOMAD.191065.VV	1.806e-12	65	0	0	1	9067	Straboviridae	NA	NA	PF00959;COG3772	Phage-related lysozyme (muramidase), GH24 family
k127_4317_1	1	1299	1299	1	0.625	11	None	GENOMAD.099865.VV	5.194e-61	220	0	0	1	2561	Caudoviricetes	NA	NA	PF04466;PF17289;TIGR01547;COG5323;K06909	phage terminase, large subunit, PBSX family
k127_357176_1	1	342	342	1	0.635	11	None	GENOMAD.097639.VV	2.201e-17	79	0	0	1	2561	Caudoviricetes	NA	NA	PF17289;TIGR01630;COG5362	phage uncharacterized protein (putative large terminase), C-terminal domain
k127_4672_1	1	603	603	1	0.599	11	None	GENOMAD.013210.VV	5.932e-45	163	0	0	1	2561	Caudoviricetes	NA	NA	PF00211;PF08994;PF08993;COG2114	Adenylate and Guanylate cyclase catalytic domain; T4 gene Gp59 loader of gp41 DNA helicase C-term; T4 gene Gp59 loader of gp41 DNA helicase
k127_105505_1	1	576	576	1	0.556	11	None	GENOMAD.169508.VP	3.702e-14	73	0	0	1	2561	Caudoviricetes	NA	NA	PF04708;PF13262;COG1961;K14060	Site-specific DNA recombinase related to the DNA invertase Pin
k127_458459_1	1	480	480	1	0.650	11	None	GENOMAD.068048.VV	1.473e-13	70	0	0	1	2561	Caudoviricetes	NA	NA	PF20307;TIGR03600;K02314;COG0305	phage replicative helicase, DnaB family, HK022 subfamily
k127_458459_2	477	539	63	1	0.698	11	None	NA	NA	NA	0	0	0	1	NA	NA	NA	NA	NA
k127_408376_1	2	634	633	1	0.589	11	None	NA	NA	NA	0	0	0	1	NA	NA	NA	NA	NA
k127_408376_2	631	1227	597	1	0.610	11	GGAGG	GENOMAD.169508.VP	4.746e-27	111	0	0	1	2561	Caudoviricetes	NA	NA	PF04708;PF13262;COG1961;K14060	Site-specific DNA recombinase related to the DNA invertase Pin
k127_5635_1	122	1498	1377	-1	0.539	11	3Base/5BMM	GENOMAD.158965.VP	1.437e-86	296	0	0	1	2561	Caudoviricetes	NA	NA	PF05772;PF04404;COG5362	NinB protein; ERF superfamily
k127_5635_2	1575	1997	423	-1	0.530	11	GGAG/GAGG	NA	NA	NA	0	0	0	1	NA	NA	NA	NA	NA
k127_5635_3	1990	2382	393	-1	0.580	11	None	GENOMAD.093978.VV	4.816e-05	44	0	0	0	2561	Caudoviricetes	NA	NA	PF18932	NA
k127_408664_1	2	406	405	1	0.605	11	None	GENOMAD.129421.VV	5.052e-17	79	0	0	1	2561	Caudoviricetes	NA	NA	PF04466;PF17288;TIGR01547;COG1783;K06909	phage terminase, large subunit, PBSX family
k127_5959_1	1	339	339	1	0.681	11	None	GENOMAD.111208.VP	5.203e-24	98	0	0	1	2561	Caudoviricetes	NA	NA	PF20441	Terminase large subunit, endonuclease domain
k127_56609_1	1	312	312	-1	0.631	11	None	GENOMAD.100194.VV	2.41e-12	64	0	0	1	2561	Caudoviricetes	NA	NA	PF04466;TIGR01547;COG5323	Phage terminase large subunit
k127_308345_1	3	344	342	1	0.512	11	None	GENOMAD.195532.VP	5.164e-08	52	0	0	1	2561	Caudoviricetes	NA	NA	PF03354;COG4626;TIGR01547	Phage terminase-like protein, large subunit, contains N-terminal HTH domain
k127_459664_1	2	322	321	-1	0.642	11	None	GENOMAD.196007.VP	1.07e-05	45	0	0	1	2561	Caudoviricetes	NA	NA	COG5377;TIGR03033	Phage-related protein, predicted endonuclease
k127_158005_1	2	337	336	1	0.562	11	None	GENOMAD.053137.VV	1.225e-14	71	0	0	1	2561	Caudoviricetes	NA	NA	PF17482	Phage tail sheath C-terminal domain
k127_258910_1	1	687	687	1	0.638	11	None	GENOMAD.013210.VV	6.176e-26	109	0	0	1	2561	Caudoviricetes	NA	NA	PF00211;PF08994;PF08993;COG2114	Adenylate and Guanylate cyclase catalytic domain; T4 gene Gp59 loader of gp41 DNA helicase C-term; T4 gene Gp59 loader of gp41 DNA helicase
k127_309204_1	2	367	366	1	0.530	11	None	GENOMAD.129421.VV	3.319e-07	50	0	0	1	2561	Caudoviricetes	NA	NA	PF04466;PF17288;TIGR01547;COG1783;K06909	phage terminase, large subunit, PBSX family
k127_410056_1	2	286	285	-1	0.688	11	None	GENOMAD.100194.VV	2.812e-07	49	0	0	1	2561	Caudoviricetes	NA	NA	PF04466;TIGR01547;COG5323	Phage terminase large subunit
k127_410065_1	3	707	705	-1	0.670	11	None	GENOMAD.099865.VV	5.73e-42	156	0	0	1	2561	Caudoviricetes	NA	NA	PF04466;PF17289;TIGR01547;COG5323;K06909	phage terminase, large subunit, PBSX family
k127_158358_1	2	337	336	1	0.619	11	None	GENOMAD.129421.VV	6.689e-13	66	0	0	1	2561	Caudoviricetes	NA	NA	PF04466;PF17288;TIGR01547;COG1783;K06909	phage terminase, large subunit, PBSX family
k127_309401_1	33	503	471	-1	0.611	11	AGGAGG	GENOMAD.063098.VV	1.909e-06	49	0	0	1	2561	Caudoviricetes	NA	NA	PF11126	Transcriptional regulator DsbA
k127_259429_1	1	60	60	-1	0.683	11	None	NA	NA	NA	0	0	0	1	NA	NA	NA	NA	NA
k127_259429_2	15	341	327	-1	0.630	11	AGGA	GENOMAD.200662.VV	4.163e-08	52	0	0	1	2561	Caudoviricetes	NA	NA	PF05119;COG3747;TIGR01558	Phage terminase, small subunit
k127_259723_1	2	448	447	1	0.671	11	None	GENOMAD.050380.VV	3.257e-28	112	0	0	1	2561	Caudoviricetes	NA	NA	PF16510	Phage P22-like portal protein
k127_310018_1	3	686	684	1	0.547	11	None	GENOMAD.158965.VP	2.018e-61	212	0	0	1	2561	Caudoviricetes	NA	NA	PF05772;PF04404;COG5362	NinB protein; ERF superfamily
k127_159076_1	1	312	312	-1	0.599	11	None	GENOMAD.142437.VP	3.952e-07	49	0	0	1	2561	Caudoviricetes	NA	NA	PF04466;PF17288;TIGR01547;COG1783;K06909	phage terminase, large subunit, PBSX family
k127_209565_1	2	289	288	1	0.656	11	None	GENOMAD.049762.VV	6.952e-06	45	0	0	0	1	NA	NA	NA	NA	NA
k127_209565_2	289	1977	1689	1	0.679	11	GGAG/GAGG	GENOMAD.033798.VV	1.997e-100	341	0	0	1	2561	Caudoviricetes	NA	NA	PF11134	Phage stabilisation protein
k127_209565_3	1974	2399	426	1	0.695	11	GGA/GAG/AGG	GENOMAD.190144.VV	1.046e-10	61	0	0	1	2561	Caudoviricetes	NA	NA	COG4675	Microcystin-dependent protein  (function unknown)
k127_310425_1	2	178	177	1	0.627	11	None	NA	NA	NA	0	0	0	1	NA	NA	NA	NA	NA
k127_310425_2	171	404	234	1	0.641	11	None	GENOMAD.154021.VP	3.5e-13	65	0	0	1	2561	Caudoviricetes	NA	NA	PF07141;TIGR03384	Putative bacteriophage terminase small subunit
k127_109087_1	3	473	471	1	0.631	11	None	GENOMAD.038338.VV	1.249e-14	73	0	0	0	2561	Caudoviricetes	NA	NA	COG3392	NA
k127_109087_2	445	663	219	1	0.644	11	AGGAG	GENOMAD.129590.VP	1.39e-12	63	0	0	1	2561	Caudoviricetes	NA	NA	PF07141	Putative bacteriophage terminase small subunit
k127_361018_1	1	762	762	1	0.636	11	None	GENOMAD.169508.VP	3.381e-15	78	0	0	1	2561	Caudoviricetes	NA	NA	PF04708;PF13262;COG1961;K14060	Site-specific DNA recombinase related to the DNA invertase Pin
k127_461840_1	1	576	576	1	0.694	11	None	GENOMAD.013210.VV	1.236e-20	92	0	0	1	2561	Caudoviricetes	NA	NA	PF00211;PF08994;PF08993;COG2114	Adenylate and Guanylate cyclase catalytic domain; T4 gene Gp59 loader of gp41 DNA helicase C-term; T4 gene Gp59 loader of gp41 DNA helicase
k127_159617_1	1	678	678	-1	0.633	11	None	GENOMAD.013210.VV	3.992e-12	68	0	0	1	2561	Caudoviricetes	NA	NA	PF00211;PF08994;PF08993;COG2114	Adenylate and Guanylate cyclase catalytic domain; T4 gene Gp59 loader of gp41 DNA helicase C-term; T4 gene Gp59 loader of gp41 DNA helicase
k127_59029_1	2	478	477	-1	0.642	11	None	GENOMAD.100194.VV	3.66e-22	95	0	0	1	2561	Caudoviricetes	NA	NA	PF04466;TIGR01547;COG5323	Phage terminase large subunit
k127_8370_1	1	327	327	1	0.621	11	None	GENOMAD.068048.VV	4.404e-16	75	0	0	1	2561	Caudoviricetes	NA	NA	PF20307;TIGR03600;K02314;COG0305	phage replicative helicase, DnaB family, HK022 subfamily
k127_310783_1	1	375	375	-1	0.507	11	None	GENOMAD.104670.VP	2.435e-12	65	0	0	1	2561	Caudoviricetes	NA	NA	PF20454	Terminase large subunit gpA, endonuclease domain
k127_210173_1	2	580	579	-1	0.651	11	None	GENOMAD.013210.VV	1.868e-12	68	0	0	1	2561	Caudoviricetes	NA	NA	PF00211;PF08994;PF08993;COG2114	Adenylate and Guanylate cyclase catalytic domain; T4 gene Gp59 loader of gp41 DNA helicase C-term; T4 gene Gp59 loader of gp41 DNA helicase
k127_210203_1	1	597	597	1	0.613	11	None	GENOMAD.169508.VP	5.831e-24	102	0	0	1	2561	Caudoviricetes	NA	NA	PF04708;PF13262;COG1961;K14060	Site-specific DNA recombinase related to the DNA invertase Pin
k127_59372_1	1	375	375	-1	0.491	11	None	GENOMAD.005095.VV	3.432e-17	79	0	0	1	2561	Caudoviricetes	NA	NA	PF11650	P22 tail accessory factor
k127_310996_1	2	304	303	-1	0.597	11	None	GENOMAD.045267.VV	4.753e-12	63	0	0	1	2561	Caudoviricetes	NA	NA	PF20387;COG3864	Predicted metal-dependent peptidase
k127_260982_1	1	303	303	1	0.611	11	None	GENOMAD.029128.VV	4.285e-05	43	0	0	1	2561	Caudoviricetes	NA	NA	PF07068;K21079	Major capsid protein Gp23
k127_9276_1	1	360	360	-1	0.633	11	None	GENOMAD.002932.VV	2.638e-09	56	0	0	1	2561	Caudoviricetes	NA	NA	TIGR01630;COG5362	phage uncharacterized protein (putative large terminase), C-terminal domain
k127_362129_1	3	485	483	1	0.646	11	None	GENOMAD.100194.VV	4.626e-20	89	0	0	1	2561	Caudoviricetes	NA	NA	PF04466;TIGR01547;COG5323	Phage terminase large subunit
k127_211150_1	2	790	789	-1	0.711	11	None	GENOMAD.195801.VP	3.509e-11	66	0	0	1	2561	Caudoviricetes	NA	NA	PF20441;PF03354;COG4373;TIGR01630	Mu-like prophage FluMu protein gp28
k127_10041_1	1	477	477	1	0.631	11	None	GENOMAD.169508.VP	1.197e-16	79	0	0	1	2561	Caudoviricetes	NA	NA	PF04708;PF13262;COG1961;K14060	Site-specific DNA recombinase related to the DNA invertase Pin
k127_61137_1	1	441	441	1	0.635	11	None	GENOMAD.013210.VV	4.605e-32	123	0	0	1	2561	Caudoviricetes	NA	NA	PF00211;PF08994;PF08993;COG2114	Adenylate and Guanylate cyclase catalytic domain; T4 gene Gp59 loader of gp41 DNA helicase C-term; T4 gene Gp59 loader of gp41 DNA helicase
k127_212260_1	2	457	456	1	0.647	11	None	GENOMAD.111208.VP	1.982e-26	107	0	0	1	2561	Caudoviricetes	NA	NA	PF20441	Terminase large subunit, endonuclease domain
k127_413983_1	2	181	180	-1	0.689	11	GGA/GAG/AGG	GENOMAD.033903.VV	1.204e-08	51	0	0	1	2561	Caudoviricetes	NA	NA	PF06992	Replication protein P
k127_162309_1	1	354	354	-1	0.661	11	None	GENOMAD.151393.VP	7.169e-31	118	0	0	1	2561	Caudoviricetes	NA	NA	PF17288;TIGR01547;COG1783	phage terminase, large subunit, PBSX family
k127_212684_1	1	309	309	1	0.583	11	None	GENOMAD.190269.VV	4.189e-06	46	0	0	1	2561	Caudoviricetes	NA	NA	PF17289;COG5362;TIGR01630	Phage terminase large subunit
k127_414211_1	3	380	378	-1	0.590	11	None	GENOMAD.109691.VV	1.242e-28	112	0	0	1	2561	Caudoviricetes	NA	NA	PF06141	Phage minor tail protein U
k127_414294_1	247	738	492	1	0.654	11	GGAG/GAGG	GENOMAD.159695.VP	4.495e-09	57	0	0	1	2561	Caudoviricetes	NA	NA	PF07141;TIGR00721;COG2826	Putative bacteriophage terminase small subunit
k127_414294_2	731	1399	669	1	0.694	11	None	GENOMAD.147017.VP	1.259e-64	221	0	0	1	2561	Caudoviricetes	NA	NA	PF04466;TIGR01547;COG1783	Phage terminase large subunit
k127_363947_1	1	522	522	-1	0.621	11	None	GENOMAD.028147.VV	1.329e-05	47	0	0	1	1	NA	NA	NA	PF04865;COG3948	Baseplate J-like protein
k127_112107_1	3	431	429	-1	0.594	11	None	GENOMAD.013210.VV	1.425e-05	46	0	0	1	2561	Caudoviricetes	NA	NA	PF00211;PF08994;PF08993;COG2114	Adenylate and Guanylate cyclase catalytic domain; T4 gene Gp59 loader of gp41 DNA helicase C-term; T4 gene Gp59 loader of gp41 DNA helicase
k127_11388_1	126	593	468	1	0.577	11	AGGAG/GGAGG	GENOMAD.082189.VV	9.203e-28	111	0	0	1	2561	Caudoviricetes	NA	NA	PF00959;COG3772	Phage-related lysozyme (muramidase), GH24 family
k127_213115_1	3	500	498	-1	0.651	11	None	GENOMAD.169508.VP	1.314e-18	85	0	0	1	2561	Caudoviricetes	NA	NA	PF04708;PF13262;COG1961;K14060	Site-specific DNA recombinase related to the DNA invertase Pin
k127_213154_1	3	263	261	1	0.632	11	None	GENOMAD.151092.VV	9.794e-07	47	0	0	1	2561	Caudoviricetes	NA	NA	PF09588;COG5377;TIGR03033;K01143	Phage-related protein, predicted endonuclease
k127_213154_2	247	342	96	1	0.583	11	GGAGG	NA	NA	NA	0	0	0	1	NA	NA	NA	NA	NA
k127_112657_1	3	284	282	-1	0.606	11	None	GENOMAD.017632.VV	2.189e-09	55	0	0	1	2561	Caudoviricetes	NA	NA	PF03354;COG5410;TIGR01547	phage terminase, large subunit, PBSX family
k127_364714_1	3	491	489	1	0.624	11	None	GENOMAD.151393.VP	1.648e-33	128	0	0	1	2561	Caudoviricetes	NA	NA	PF17288;TIGR01547;COG1783	phage terminase, large subunit, PBSX family
k127_163329_1	3	335	333	-1	0.529	11	None	GENOMAD.151393.VP	7.033e-36	132	0	0	1	2561	Caudoviricetes	NA	NA	PF17288;TIGR01547;COG1783	phage terminase, large subunit, PBSX family
k127_263991_1	20	250	231	-1	0.506	11	None	NA	NA	NA	0	0	0	1	NA	NA	NA	NA	NA
k127_263991_2	928	1146	219	-1	0.438	11	GGA/GAG/AGG	NA	NA	NA	0	0	0	1	NA	NA	NA	NA	NA
k127_263991_3	1230	1397	168	-1	0.470	11	GGAG/GAGG	NA	NA	NA	0	0	0	1	NA	NA	NA	NA	NA
k127_263991_4	1435	1626	192	-1	0.464	11	None	NA	NA	NA	0	0	0	1	NA	NA	NA	NA	NA
k127_263991_5	1589	1798	210	-1	0.519	11	None	NA	NA	NA	0	0	0	1	NA	NA	NA	NA	NA
k127_263991_6	2216	2368	153	-1	0.405	11	GGAGG	NA	NA	NA	0	0	0	1	NA	NA	NA	NA	NA
k127_263991_7	2429	2737	309	-1	0.482	11	None	NA	NA	NA	0	0	0	1	NA	NA	NA	NA	NA
k127_12116_1	3	92	90	1	0.578	11	None	NA	NA	NA	0	0	0	1	NA	NA	NA	NA	NA
k127_12116_2	34	495	462	1	0.623	11	GGA/GAG/AGG	GENOMAD.126166.VV	1.517e-10	61	0	0	1	2561	Caudoviricetes	NA	NA	PF05894;TIGR01547;COG5323	phage terminase, large subunit, PBSX family
k127_163482_1	1	747	747	-1	0.659	11	None	GENOMAD.023991.VV	1.408e-17	85	0	0	1	2561	Caudoviricetes	NA	NA	COG5410	Mu-like prophage FluMu protein gp28
k127_314552_1	3	356	354	1	0.573	11	None	GENOMAD.129999.VP	3.147e-06	47	0	0	1	2561	Caudoviricetes	NA	NA	PF04708;COG1961;K21528	Site-specific DNA recombinase related to the DNA invertase Pin
k127_466223_1	2	943	942	1	0.583	11	None	GENOMAD.169508.VP	3.196e-11	67	0	0	1	2561	Caudoviricetes	NA	NA	PF04708;PF13262;COG1961;K14060	Site-specific DNA recombinase related to the DNA invertase Pin
k127_416015_1	2	136	135	-1	0.644	11	GGxGG	NA	NA	NA	0	0	0	1	NA	NA	NA	NA	NA
k127_416015_2	133	477	345	-1	0.617	11	None	GENOMAD.068048.VV	5.963e-15	72	0	0	1	2561	Caudoviricetes	NA	NA	PF20307;TIGR03600;K02314;COG0305	phage replicative helicase, DnaB family, HK022 subfamily
k127_114079_1	19	597	579	1	0.604	11	AGGA	GENOMAD.013124.VV	1.868e-12	68	0	0	1	377	Drexlerviridae	NA	NA	PF13262;COG5410	NA
k127_214876_1	1	420	420	-1	0.633	11	None	GENOMAD.169508.VP	1.594e-14	72	0	0	1	2561	Caudoviricetes	NA	NA	PF04708;PF13262;COG1961;K14060	Site-specific DNA recombinase related to the DNA invertase Pin
k127_64038_1	3	464	462	-1	0.584	11	GGAG/GAGG	GENOMAD.022372.VV	5.668e-24	100	0	0	1	2561	Caudoviricetes	NA	NA	PF04708;COG1961;K14060	Site-specific DNA recombinase related to the DNA invertase Pin
k127_64038_2	461	592	132	-1	0.598	11	None	NA	NA	NA	0	0	0	1	NA	NA	NA	NA	NA
k127_114246_1	73	447	375	-1	0.603	11	None	GENOMAD.116655.VV	1.073e-61	207	0	0	1	2561	Caudoviricetes	NA	NA	PF04860;TIGR01537;COG5005	phage portal protein, HK97 family
k127_13338_1	1	630	630	1	0.521	11	None	GENOMAD.180947.VP	1.425e-27	113	0	0	1	2561	Caudoviricetes	NA	NA	PF04466;COG5323;TIGR01547;K21523	Large terminase phage packaging protein
k127_165402_1	17	337	321	-1	0.617	11	None	GENOMAD.063098.VV	4.25e-07	49	0	0	1	2561	Caudoviricetes	NA	NA	PF11126	Transcriptional regulator DsbA
k127_115073_1	2	313	312	-1	0.612	11	None	GENOMAD.154173.VV	3.589e-08	52	0	0	1	2561	Caudoviricetes	NA	NA	PF17288;TIGR01547	phage terminase, large subunit, PBSX family
k127_64880_1	2	286	285	1	0.663	11	None	GENOMAD.147427.VP	7.892e-20	85	0	0	1	2561	Caudoviricetes	NA	NA	PF07141	Putative bacteriophage terminase small subunit
k127_64881_1	2	298	297	-1	0.657	11	None	GENOMAD.147427.VP	1.897e-20	87	0	0	1	2561	Caudoviricetes	NA	NA	PF07141	Putative bacteriophage terminase small subunit
k127_115176_1	3	128	126	1	0.579	11	None	NA	NA	NA	0	0	0	1	NA	NA	NA	NA	NA
k127_115176_2	125	415	291	1	0.543	11	GGAG/GAGG	GENOMAD.136906.VP	7.218e-06	45	0	0	1	2561	Caudoviricetes	NA	NA	COG5377	Phage-related protein, predicted endonuclease
k127_468014_1	3	362	360	1	0.569	11	None	GENOMAD.129999.VP	6.872e-07	49	0	0	1	2561	Caudoviricetes	NA	NA	PF04708;COG1961;K21528	Site-specific DNA recombinase related to the DNA invertase Pin
k127_367264_1	2	496	495	1	0.642	11	None	GENOMAD.013124.VV	8.575e-13	68	0	0	1	377	Drexlerviridae	NA	NA	PF13262;COG5410	NA
k127_216276_1	161	487	327	-1	0.416	11	None	GENOMAD.033662.VV	8.207e-65	215	0	0	1	2790	Microviridae	NA	NA	PF02305	Capsid protein (F protein)
k127_216282_1	1	306	306	-1	0.719	11	None	GENOMAD.082189.VV	3.636e-15	72	0	0	1	2561	Caudoviricetes	NA	NA	PF00959;COG3772	Phage-related lysozyme (muramidase), GH24 family
k127_14670_1	1	1140	1140	-1	0.613	11	GGAGG	GENOMAD.003874.VV	9.026e-05	47	0	0	1	7436	Astroviridae	NA	NA	PF00680	Viral RNA-dependent RNA polymerase
k127_316913_1	1	306	306	-1	0.634	11	None	GENOMAD.222942.VP	1.997e-05	44	0	0	1	2561	Caudoviricetes	NA	NA	PF05367	Phage endonuclease I
k127_65503_1	3	329	327	1	0.633	11	None	GENOMAD.013124.VV	5.167e-06	46	0	0	1	377	Drexlerviridae	NA	NA	PF13262;COG5410	NA
k127_468447_1	1	495	495	1	0.677	11	None	GENOMAD.193019.VV	3.228e-16	78	0	0	1	2561	Caudoviricetes	NA	NA	PF17541;COG3497;TIGR02243	Phage tail sheath protein FI
k127_115880_1	2	511	510	1	0.624	11	None	GENOMAD.169508.VP	2.11e-24	102	0	0	1	2561	Caudoviricetes	NA	NA	PF04708;PF13262;COG1961;K14060	Site-specific DNA recombinase related to the DNA invertase Pin
k127_65726_1	3	533	531	-1	0.578	11	None	GENOMAD.013124.VV	2.286e-15	76	0	0	1	377	Drexlerviridae	NA	NA	PF13262;COG5410	NA
k127_216733_1	2	208	207	-1	0.604	11	None	GENOMAD.100194.VV	1.639e-09	54	0	0	1	2561	Caudoviricetes	NA	NA	PF04466;TIGR01547;COG5323	Phage terminase large subunit
k127_216810_1	3	749	747	1	0.618	11	None	GENOMAD.068048.VV	1.417e-15	79	0	0	1	2561	Caudoviricetes	NA	NA	PF20307;TIGR03600;K02314;COG0305	phage replicative helicase, DnaB family, HK022 subfamily
k127_166538_1	3	767	765	1	0.665	11	None	GENOMAD.068048.VV	7.275e-14	74	0	0	1	2561	Caudoviricetes	NA	NA	PF20307;TIGR03600;K02314;COG0305	phage replicative helicase, DnaB family, HK022 subfamily
k127_15239_1	3	962	960	1	0.615	11	None	GENOMAD.013124.VV	4.81e-15	79	0	0	1	377	Drexlerviridae	NA	NA	PF13262;COG5410	NA
k127_267394_1	1	714	714	1	0.620	11	None	GENOMAD.013210.VV	4.966e-12	68	0	0	1	2561	Caudoviricetes	NA	NA	PF00211;PF08994;PF08993;COG2114	Adenylate and Guanylate cyclase catalytic domain; T4 gene Gp59 loader of gp41 DNA helicase C-term; T4 gene Gp59 loader of gp41 DNA helicase
k127_15732_1	1	564	564	1	0.635	11	None	GENOMAD.169508.VP	3.733e-25	105	0	0	1	2561	Caudoviricetes	NA	NA	PF04708;PF13262;COG1961;K14060	Site-specific DNA recombinase related to the DNA invertase Pin
k127_66609_1	1	279	279	1	0.631	11	None	GENOMAD.053653.VV	2.017e-09	55	0	0	1	2561	Caudoviricetes	NA	NA	COG4675	Microcystin-dependent protein  (function unknown)
k127_66609_2	276	665	390	1	0.677	11	None	GENOMAD.077031.VV	4.172e-17	79	0	0	0	2561	Caudoviricetes	NA	NA	NA	NA
k127_469555_1	115	417	303	-1	0.604	11	None	GENOMAD.138214.VP	2.785e-09	55	0	0	1	2561	Caudoviricetes	NA	NA	PF16677	DNA-packaging protein gp3
k127_268141_1	2	367	366	-1	0.626	11	None	GENOMAD.151393.VP	8.625e-39	141	0	0	1	2561	Caudoviricetes	NA	NA	PF17288;TIGR01547;COG1783	phage terminase, large subunit, PBSX family
k127_419437_1	3	404	402	1	0.582	11	None	GENOMAD.068048.VV	3.71e-20	88	0	0	1	2561	Caudoviricetes	NA	NA	PF20307;TIGR03600;K02314;COG0305	phage replicative helicase, DnaB family, HK022 subfamily
k127_268501_1	2	388	387	-1	0.571	11	None	GENOMAD.158965.VP	3.96e-42	151	0	0	1	2561	Caudoviricetes	NA	NA	PF05772;PF04404;COG5362	NinB protein; ERF superfamily
k127_218492_1	131	1624	1494	-1	0.643	11	None	GENOMAD.013124.VV	1.788e-23	108	0	0	1	377	Drexlerviridae	NA	NA	PF13262;COG5410	NA
k127_218573_1	3	1127	1125	1	0.600	11	None	GENOMAD.009149.VV	8.757e-61	217	0	0	1	2561	Caudoviricetes	NA	NA	PF17288;TIGR01630	Terminase RNAseH like domain
k127_218573_2	1182	1454	273	1	0.538	11	GGAGG	NA	NA	NA	0	0	0	1	NA	NA	NA	NA	NA
k127_67611_1	3	323	321	1	0.629	11	None	NA	NA	NA	0	0	0	1	NA	NA	NA	NA	NA
k127_67611_2	280	828	549	1	0.641	11	None	GENOMAD.169508.VP	3.448e-08	55	0	0	1	2561	Caudoviricetes	NA	NA	PF04708;PF13262;COG1961;K14060	Site-specific DNA recombinase related to the DNA invertase Pin
k127_319335_1	1	93	93	1	0.710	11	None	NA	NA	NA	0	0	0	1	NA	NA	NA	NA	NA
k127_319335_2	90	572	483	1	0.656	11	GGA/GAG/AGG	GENOMAD.017632.VV	8.915e-10	59	0	0	1	2561	Caudoviricetes	NA	NA	PF03354;COG5410;TIGR01547	phage terminase, large subunit, PBSX family
k127_420503_1	2	166	165	1	0.636	11	None	GENOMAD.196574.VP	6.852e-18	77	0	0	0	2561	Caudoviricetes	NA	NA	NA	NA
k127_420503_2	166	453	288	1	0.615	11	GGA/GAG/AGG	GENOMAD.025901.VV	1.462e-44	156	0	0	0	2561	Caudoviricetes	NA	NA	NA	NA
k127_420503_3	450	632	183	1	0.667	11	GGxGG	GENOMAD.004584.VV	4.413e-11	58	0	0	1	2561	Caudoviricetes	NA	NA	PF20387	NA
k127_269331_1	2	4774	4773	-1	0.651	11	None	GENOMAD.080446.VV	1.083e-06	56	0	0	0	8973	Herpesviridae	NA	NA	NA	NA
k127_269457_1	2	94	93	-1	0.602	11	GGGG	NA	NA	NA	0	0	0	1	NA	NA	NA	NA	NA
k127_269457_2	52	432	381	-1	0.669	11	None	GENOMAD.154021.VP	2.959e-19	85	0	0	1	2561	Caudoviricetes	NA	NA	PF07141;TIGR03384	Putative bacteriophage terminase small subunit
k127_68234_1	1	126	126	1	0.603	11	None	NA	NA	NA	0	0	0	1	NA	NA	NA	NA	NA
k127_68234_2	123	662	540	1	0.593	11	GGAGG	GENOMAD.169508.VP	5.746e-26	107	0	0	1	2561	Caudoviricetes	NA	NA	PF04708;PF13262;COG1961;K14060	Site-specific DNA recombinase related to the DNA invertase Pin
k127_471313_1	2	466	465	1	0.652	11	None	GENOMAD.013124.VV	6.704e-12	65	0	0	1	377	Drexlerviridae	NA	NA	PF13262;COG5410	NA
k127_118967_1	1	375	375	-1	0.685	11	None	GENOMAD.057710.VV	1.9e-05	45	0	0	1	2561	Caudoviricetes	NA	NA	PF00589;PF04860;K07358;TIGR01537	Phage integrase family; Phage portal protein
k127_371121_1	2	772	771	1	0.613	11	None	GENOMAD.116655.VV	2.318e-109	352	0	0	1	2561	Caudoviricetes	NA	NA	PF04860;TIGR01537;COG5005	phage portal protein, HK97 family
k127_471941_1	1	426	426	1	0.613	11	None	GENOMAD.019218.VV	9.739e-47	165	0	0	1	2561	Caudoviricetes	NA	NA	COG5410	NA
k127_119483_1	3	698	696	-1	0.652	11	None	GENOMAD.097639.VV	1.113e-30	123	0	0	1	2561	Caudoviricetes	NA	NA	PF17289;TIGR01630;COG5362	phage uncharacterized protein (putative large terminase), C-terminal domain
k127_220256_1	2	361	360	1	0.656	11	None	GENOMAD.223594.VP	1.359e-07	51	0	0	1	2561	Caudoviricetes	NA	NA	PF11994;PF09684;TIGR01634;COG4385	phage tail protein, P2 protein I family
k127_220256_2	358	690	333	1	0.655	11	GGAG/GAGG	NA	NA	NA	0	0	0	1	NA	NA	NA	NA	NA
k127_170001_1	3	242	240	1	0.613	11	None	GENOMAD.131206.VV	4.689e-18	79	0	0	1	1	NA	NA	NA	PF06890	NA
k127_170001_2	239	319	81	1	0.593	11	None	NA	NA	NA	0	0	0	1	NA	NA	NA	NA	NA
k127_119745_1	1	363	363	1	0.642	11	None	GENOMAD.092147.VV	2.224e-28	111	0	0	1	11124	Peduoviridae	NA	NA	PF04717;COG4540;TIGR01644	Phage P2 baseplate assembly protein gpV
k127_422008_1	2	310	309	-1	0.605	11	None	GENOMAD.073447.VV	1.406e-09	56	0	0	1	2561	Caudoviricetes	NA	NA	PF00580;TIGR04095;COG4373	UvrD/REP helicase N-terminal domain
k127_371917_1	3	317	315	-1	0.571	11	None	GENOMAD.060259.VV	9.988e-06	45	0	0	1	2561	Caudoviricetes	NA	NA	PF20307;TIGR02236;COG0468;K04484	Divergent DnaB-like ATPase
k127_170377_1	2	442	441	-1	0.678	11	None	GENOMAD.104632.VP	5.055e-31	120	0	0	1	2561	Caudoviricetes	NA	NA	PF06378;PF04466;TIGR01547;COG5323	Phage terminase large subunit
k127_69845_1	3	422	420	1	0.664	11	None	GENOMAD.001492.VV	1.339e-25	104	0	0	1	2561	Caudoviricetes	NA	NA	PF20387	NA
k127_120417_1	3	743	741	1	0.617	11	None	GENOMAD.013210.VV	5.874e-36	139	0	0	1	2561	Caudoviricetes	NA	NA	PF00211;PF08994;PF08993;COG2114	Adenylate and Guanylate cyclase catalytic domain; T4 gene Gp59 loader of gp41 DNA helicase C-term; T4 gene Gp59 loader of gp41 DNA helicase
k127_372349_1	1	774	774	1	0.671	11	None	GENOMAD.060259.VV	5.178e-07	53	0	0	1	2561	Caudoviricetes	NA	NA	PF20307;TIGR02236;COG0468;K04484	Divergent DnaB-like ATPase
k127_422861_1	3	356	354	-1	0.616	11	None	GENOMAD.125876.VV	1.413e-15	74	0	0	1	2561	Caudoviricetes	NA	NA	PF04586;COG3740;TIGR01543;K06904	Phage head maturation protease
k127_372496_1	2	571	570	-1	0.625	11	None	GENOMAD.013124.VV	7.651e-14	72	0	0	1	377	Drexlerviridae	NA	NA	PF13262;COG5410	NA
k127_372675_1	3	296	294	-1	0.622	11	AGxAGG/AGGxGG	GENOMAD.017632.VV	1.04e-10	59	0	0	1	2561	Caudoviricetes	NA	NA	PF03354;COG5410;TIGR01547	phage terminase, large subunit, PBSX family
k127_372675_2	296	631	336	-1	0.619	11	None	GENOMAD.209380.VP	2.712e-05	44	0	0	0	2561	Caudoviricetes	NA	NA	PF18932	NA
k127_19981_1	2	742	741	-1	0.602	11	None	GENOMAD.195648.VP	4.557e-07	53	0	0	1	9067	Straboviridae	NA	NA	PF20025;PF01331;PF14743;K18951;TIGR04120;COG1793	DNA ligase, ATP-dependent, PP_1105 family
k127_272250_1	3	155	153	1	0.660	11	None	NA	NA	NA	0	0	0	1	NA	NA	NA	NA	NA
k127_272250_2	160	828	669	1	0.598	11	AGGAG	GENOMAD.013124.VV	7.397e-18	85	0	0	1	377	Drexlerviridae	NA	NA	PF13262;COG5410	NA
k127_272388_1	183	689	507	1	0.627	11	GGGG	GENOMAD.015093.VV	1.2e-05	47	0	0	1	2561	Caudoviricetes	NA	NA	K21523;TIGR02952	NA
k127_322730_1	3	830	828	-1	0.620	11	None	GENOMAD.169508.VP	1.057e-26	113	0	0	1	2561	Caudoviricetes	NA	NA	PF04708;PF13262;COG1961;K14060	Site-specific DNA recombinase related to the DNA invertase Pin
k127_20668_1	2	367	366	1	0.607	11	None	GENOMAD.129874.VP	1.188e-59	201	0	0	1	2561	Caudoviricetes	NA	NA	PF10076;COG3778;TIGR02242	Uncharacterized protein YmfQ in lambdoid prophage, DUF2313 family
k127_373647_1	2	334	333	-1	0.634	11	None	GENOMAD.167887.VP	1.724e-42	151	0	0	1	2561	Caudoviricetes	NA	NA	PF04860;TIGR01537;COG4383	phage portal protein, HK97 family
k127_273358_1	3	1094	1092	1	0.585	11	None	GENOMAD.013210.VV	3.891e-31	129	0	0	1	2561	Caudoviricetes	NA	NA	PF00211;PF08994;PF08993;COG2114	Adenylate and Guanylate cyclase catalytic domain; T4 gene Gp59 loader of gp41 DNA helicase C-term; T4 gene Gp59 loader of gp41 DNA helicase
k127_72214_1	1	600	600	1	0.615	11	None	GENOMAD.178051.VP	3.693e-19	88	0	0	1	2561	Caudoviricetes	NA	NA	PF02195;PF17288;TIGR00180;COG1475	ParB/RepB/Spo0J family partition protein
k127_21582_1	3	4118	4116	1	0.393	11	None	GENOMAD.092230.VV	1.835e-06	55	0	0	0	2561	Caudoviricetes	NA	NA	PF05970;PF11750;K01144;COG1435;TIGR00678	PIF1-like helicase
k127_21583_1	2	832	831	1	0.532	11	None	GENOMAD.057710.VV	5.61e-06	50	0	0	1	2561	Caudoviricetes	NA	NA	PF00589;PF04860;K07358;TIGR01537	Phage integrase family; Phage portal protein
k127_224086_1	2	340	339	1	0.395	11	None	GENOMAD.219701.VP	2.094e-41	148	0	0	1	2561	Caudoviricetes	NA	NA	PF06381;TIGR01555;K09961;COG3567	phage-related protein, HI1409 family
k127_173602_1	2	430	429	-1	0.627	11	None	GENOMAD.169508.VP	1.658e-24	101	0	0	1	2561	Caudoviricetes	NA	NA	PF04708;PF13262;COG1961;K14060	Site-specific DNA recombinase related to the DNA invertase Pin
k127_73018_1	3	533	531	1	0.635	11	None	GENOMAD.097639.VV	2.328e-26	108	0	0	1	2561	Caudoviricetes	NA	NA	PF17289;TIGR01630;COG5362	phage uncharacterized protein (putative large terminase), C-terminal domain
k127_475943_1	3	602	600	-1	0.590	11	None	GENOMAD.169508.VP	6.027e-24	102	0	0	1	2561	Caudoviricetes	NA	NA	PF04708;PF13262;COG1961;K14060	Site-specific DNA recombinase related to the DNA invertase Pin
k127_426229_1	1	1155	1155	1	0.575	11	None	GENOMAD.013210.VV	1.359e-17	88	0	0	1	2561	Caudoviricetes	NA	NA	PF00211;PF08994;PF08993;COG2114	Adenylate and Guanylate cyclase catalytic domain; T4 gene Gp59 loader of gp41 DNA helicase C-term; T4 gene Gp59 loader of gp41 DNA helicase
k127_476621_1	3	401	399	1	0.581	11	None	GENOMAD.109691.VV	7.534e-29	113	0	0	1	2561	Caudoviricetes	NA	NA	PF06141	Phage minor tail protein U
k127_376108_1	147	602	456	-1	0.599	11	None	GENOMAD.068048.VV	1.302e-11	64	0	0	1	2561	Caudoviricetes	NA	NA	PF20307;TIGR03600;K02314;COG0305	phage replicative helicase, DnaB family, HK022 subfamily
k127_174600_1	280	1122	843	1	0.568	11	AGxAG	GENOMAD.073447.VV	1.514e-07	55	0	0	1	2561	Caudoviricetes	NA	NA	PF00580;TIGR04095;COG4373	UvrD/REP helicase N-terminal domain
k127_275329_1	1	306	306	1	0.592	11	None	NA	NA	NA	0	0	0	1	NA	NA	NA	NA	NA
k127_275329_2	290	442	153	1	0.575	11	GGAGG	GENOMAD.009848.VV	1.723e-08	50	0	0	1	9913	Herelleviridae	NA	NA	COG5377;TIGR03033	Phage-related protein, predicted endonuclease
k127_124779_1	225	770	546	1	0.630	11	GGxGG	GENOMAD.015093.VV	1.538e-06	50	0	0	1	2561	Caudoviricetes	NA	NA	K21523;TIGR02952	NA
k127_124779_2	808	912	105	1	0.629	11	GGA/GAG/AGG	NA	NA	NA	0	0	0	1	NA	NA	NA	NA	NA
k127_174982_1	2	868	867	-1	0.630	11	None	GENOMAD.169508.VP	1.519e-25	110	0	0	1	2561	Caudoviricetes	NA	NA	PF04708;PF13262;COG1961;K14060	Site-specific DNA recombinase related to the DNA invertase Pin
k127_376585_1	2	316	315	1	0.686	11	None	GENOMAD.072479.VV	4.099e-07	49	0	0	1	1	NA	NA	NA	PF20198	Sm_like domain
k127_427021_1	1	792	792	-1	0.629	11	None	GENOMAD.099865.VV	4.048e-39	149	0	0	1	2561	Caudoviricetes	NA	NA	PF04466;PF17289;TIGR01547;COG5323;K06909	phage terminase, large subunit, PBSX family
k127_427021_2	789	1106	318	-1	0.635	11	3Base/5BMM	GENOMAD.100194.VV	1.018e-13	68	0	0	1	2561	Caudoviricetes	NA	NA	PF04466;TIGR01547;COG5323	Phage terminase large subunit
k127_427021_3	1194	1400	207	-1	0.599	11	None	NA	NA	NA	0	0	0	1	NA	NA	NA	NA	NA
k127_376810_1	2	262	261	1	0.617	11	None	NA	NA	NA	0	0	0	1	NA	NA	NA	NA	NA
k127_376810_2	259	2565	2307	1	0.633	11	None	GENOMAD.030624.VV	2.227e-07	57	0	0	0	2561	Caudoviricetes	NA	NA	NA	NA
k127_74544_1	39	428	390	1	0.649	11	GGA/GAG/AGG	GENOMAD.209380.VP	9.714e-06	46	0	0	0	2561	Caudoviricetes	NA	NA	PF18932	NA
k127_74544_2	425	688	264	1	0.602	11	None	GENOMAD.017632.VV	1.185e-05	44	0	0	1	2561	Caudoviricetes	NA	NA	PF03354;COG5410;TIGR01547	phage terminase, large subunit, PBSX family
k127_427237_1	1	339	339	-1	0.590	11	GGAG/GAGG	GENOMAD.014849.VV	2.894e-05	44	0	0	1	2561	Caudoviricetes	NA	NA	PF11650	P22 tail accessory factor
k127_427237_2	323	640	318	-1	0.575	11	GGA/GAG/AGG	NA	NA	NA	0	0	0	1	NA	NA	NA	NA	NA
k127_427237_3	640	894	255	-1	0.612	11	GGAG/GAGG	GENOMAD.098041.VV	2.164e-35	129	0	0	0	1	NA	NA	NA	NA	NA
k127_74802_1	2	346	345	1	0.681	11	None	GENOMAD.038338.VV	4.44e-18	81	0	0	0	2561	Caudoviricetes	NA	NA	COG3392	NA
k127_74802_2	336	725	390	1	0.626	11	GGAGG	GENOMAD.093978.VV	0.0004924	41	0	0	0	2561	Caudoviricetes	NA	NA	PF18932	NA
k127_74802_3	725	1042	318	1	0.635	11	AGGAG	GENOMAD.017632.VV	6.427e-11	60	0	0	1	2561	Caudoviricetes	NA	NA	PF03354;COG5410;TIGR01547	phage terminase, large subunit, PBSX family
k127_125473_1	3	374	372	1	0.516	11	None	GENOMAD.015855.VV	1.416e-42	152	0	0	1	2561	Caudoviricetes	NA	NA	PF04466;TIGR01547;COG1783	phage terminase, large subunit, PBSX family
k127_175657_1	1	312	312	1	0.622	11	None	GENOMAD.063098.VV	1.777e-07	50	0	0	1	2561	Caudoviricetes	NA	NA	PF11126	Transcriptional regulator DsbA
k127_175768_1	2	571	570	-1	0.537	11	None	GENOMAD.158965.VP	1.679e-36	138	0	0	1	2561	Caudoviricetes	NA	NA	PF05772;PF04404;COG5362	NinB protein; ERF superfamily
k127_427740_1	3	377	375	1	0.603	11	None	GENOMAD.120555.VV	4.308e-23	96	0	0	1	2561	Caudoviricetes	NA	NA	K21511	NA
k127_226327_1	1	279	279	1	0.606	11	None	GENOMAD.181728.VV	2.499e-07	49	0	0	1	2561	Caudoviricetes	NA	NA	PF09588;COG5377;TIGR03033	Phage-related protein, predicted endonuclease
k127_226327_2	263	385	123	1	0.610	11	GGAGG	NA	NA	NA	0	0	0	1	NA	NA	NA	NA	NA
k127_75444_1	3	353	351	-1	0.641	11	None	GENOMAD.154021.VP	6.721e-15	72	0	0	1	2561	Caudoviricetes	NA	NA	PF07141;TIGR03384	Putative bacteriophage terminase small subunit
k127_126073_1	1	432	432	1	0.604	11	None	GENOMAD.100194.VV	4.585e-22	94	0	0	1	2561	Caudoviricetes	NA	NA	PF04466;TIGR01547;COG5323	Phage terminase large subunit
k127_478406_1	677	1927	1251	1	0.576	11	GGAGG	GENOMAD.000175.VV	3.016e-06	52	0	0	1	8305	Partitiviridae	NA	NA	PF00680;COG3344	Viral RNA-dependent RNA polymerase
k127_226633_1	2	382	381	-1	0.682	11	None	GENOMAD.104632.VP	4.682e-23	96	0	0	1	2561	Caudoviricetes	NA	NA	PF06378;PF04466;TIGR01547;COG5323	Phage terminase large subunit
k127_25487_1	2	685	684	-1	0.654	11	None	GENOMAD.060262.VV	6.449e-05	46	0	0	1	1	NA	NA	NA	PF06199;COG5437	Phage tail tube protein
k127_327800_1	1	348	348	-1	0.629	11	None	GENOMAD.191927.VP	5.32e-17	78	0	0	1	2561	Caudoviricetes	NA	NA	PF17288	NA
k127_127038_1	2	325	324	1	0.590	11	None	GENOMAD.099865.VV	1.713e-17	79	0	0	1	2561	Caudoviricetes	NA	NA	PF04466;PF17289;TIGR01547;COG5323;K06909	phage terminase, large subunit, PBSX family
k127_379115_1	2	283	282	-1	0.688	11	None	GENOMAD.100194.VV	5.432e-08	51	0	0	1	2561	Caudoviricetes	NA	NA	PF04466;TIGR01547;COG5323	Phage terminase large subunit
k127_127328_1	119	682	564	-1	0.559	11	None	GENOMAD.013210.VV	3.223e-14	73	0	0	1	2561	Caudoviricetes	NA	NA	PF00211;PF08994;PF08993;COG2114	Adenylate and Guanylate cyclase catalytic domain; T4 gene Gp59 loader of gp41 DNA helicase C-term; T4 gene Gp59 loader of gp41 DNA helicase
k127_429469_1	2	361	360	-1	0.756	11	None	GENOMAD.124507.VV	3.849e-22	93	0	0	1	2561	Caudoviricetes	NA	NA	PF11242;K22300;COG3655;TIGR00673	DNA-binding transcriptional regulator, XRE family
k127_228215_1	2	844	843	-1	0.639	11	None	GENOMAD.013210.VV	1.095e-29	122	0	0	1	2561	Caudoviricetes	NA	NA	PF00211;PF08994;PF08993;COG2114	Adenylate and Guanylate cyclase catalytic domain; T4 gene Gp59 loader of gp41 DNA helicase C-term; T4 gene Gp59 loader of gp41 DNA helicase
k127_328699_1	1	321	321	1	0.589	11	None	GENOMAD.045267.VV	1.104e-13	68	0	0	1	2561	Caudoviricetes	NA	NA	PF20387;COG3864	Predicted metal-dependent peptidase
k127_127776_1	3	323	321	1	0.692	11	None	GENOMAD.001717.VV	8.04e-25	100	0	0	1	2561	Caudoviricetes	NA	NA	PF20441;PF03354;COG4626;TIGR01547	Phage terminase-like protein, large subunit, contains N-terminal HTH domain
k127_127898_1	1	1203	1203	1	0.545	11	None	GENOMAD.013210.VV	3.894e-31	130	0	0	1	2561	Caudoviricetes	NA	NA	PF00211;PF08994;PF08993;COG2114	Adenylate and Guanylate cyclase catalytic domain; T4 gene Gp59 loader of gp41 DNA helicase C-term; T4 gene Gp59 loader of gp41 DNA helicase
k127_77415_1	1	690	690	1	0.619	11	None	GENOMAD.013124.VV	1.689e-21	96	0	0	1	377	Drexlerviridae	NA	NA	PF13262;COG5410	NA
k127_379837_1	1	786	786	1	0.640	11	None	GENOMAD.038338.VV	1.834e-16	82	0	0	0	2561	Caudoviricetes	NA	NA	COG3392	NA
k127_379837_2	779	1360	582	1	0.667	11	GGAGG	GENOMAD.154021.VP	7.639e-16	78	0	0	1	2561	Caudoviricetes	NA	NA	PF07141;TIGR03384	Putative bacteriophage terminase small subunit
k127_379837_3	1364	2893	1530	1	0.646	11	None	GENOMAD.099865.VV	3.237e-72	256	0	0	1	2561	Caudoviricetes	NA	NA	PF04466;PF17289;TIGR01547;COG5323;K06909	phage terminase, large subunit, PBSX family
k127_77698_1	3	734	732	1	0.676	11	None	GENOMAD.013210.VV	5.865e-14	74	0	0	1	2561	Caudoviricetes	NA	NA	PF00211;PF08994;PF08993;COG2114	Adenylate and Guanylate cyclase catalytic domain; T4 gene Gp59 loader of gp41 DNA helicase C-term; T4 gene Gp59 loader of gp41 DNA helicase
k127_480580_1	1	426	426	1	0.657	11	None	GENOMAD.208446.VP	1.013e-10	61	0	0	0	2561	Caudoviricetes	NA	NA	PF01555;COG4725;K13581	N6-adenosine-specific RNA methylase IME4
k127_480580_2	398	550	153	1	0.634	11	AGGAG	GENOMAD.141999.VP	9.917e-07	45	0	0	1	2561	Caudoviricetes	NA	NA	PF16677;TIGR02844;COG2826;K00204	DNA-packaging protein gp3
k127_430324_1	3	776	774	1	0.655	11	None	GENOMAD.013210.VV	1.725e-17	85	0	0	1	2561	Caudoviricetes	NA	NA	PF00211;PF08994;PF08993;COG2114	Adenylate and Guanylate cyclase catalytic domain; T4 gene Gp59 loader of gp41 DNA helicase C-term; T4 gene Gp59 loader of gp41 DNA helicase
k127_380272_1	1	447	447	1	0.622	11	None	GENOMAD.169508.VP	4.816e-14	71	0	0	1	2561	Caudoviricetes	NA	NA	PF04708;PF13262;COG1961;K14060	Site-specific DNA recombinase related to the DNA invertase Pin
k127_480809_1	2	502	501	-1	0.647	11	None	GENOMAD.013210.VV	1.36e-18	85	0	0	1	2561	Caudoviricetes	NA	NA	PF00211;PF08994;PF08993;COG2114	Adenylate and Guanylate cyclase catalytic domain; T4 gene Gp59 loader of gp41 DNA helicase C-term; T4 gene Gp59 loader of gp41 DNA helicase
k127_430568_1	15	314	300	-1	0.620	11	AGGAGG	GENOMAD.210627.VV	8.879e-05	42	0	0	1	1	NA	NA	NA	PF08273	NA
k127_279525_1	3	389	387	-1	0.532	11	None	GENOMAD.017934.VV	1.27e-12	66	0	0	1	2561	Caudoviricetes	NA	NA	PF11134	Phage stabilisation protein
k127_481260_1	2	334	333	-1	0.649	11	None	GENOMAD.147427.VP	2.619e-22	93	0	0	1	2561	Caudoviricetes	NA	NA	PF07141	Putative bacteriophage terminase small subunit
k127_27663_1	2	286	285	-1	0.625	11	GGAG/GAGG	GENOMAD.017133.VV	2.28e-09	55	0	0	1	2561	Caudoviricetes	NA	NA	PF05894;TIGR01547;COG4373	Podovirus DNA encapsidation protein (Gp16)
k127_27663_2	283	357	75	-1	0.533	11	None	NA	NA	NA	0	0	0	1	NA	NA	NA	NA	NA
k127_128934_1	2	244	243	1	0.646	11	None	GENOMAD.093408.VV	1.97e-19	83	0	0	1	2561	Caudoviricetes	NA	NA	PF09356;PF11836;TIGR02218	phage conserved hypothetical protein BR0599
k127_128934_2	241	330	90	1	0.656	11	None	GENOMAD.110781.VV	8.087e-06	41	0	0	0	2561	Caudoviricetes	NA	NA	NA	NA
k127_431191_1	2	316	315	1	0.597	11	None	GENOMAD.178916.VP	1.245e-11	62	0	0	1	2561	Caudoviricetes	NA	NA	PF05065;TIGR01554;COG1659	phage major capsid protein, HK97 family
k127_230059_1	1	99	99	-1	0.556	11	AGGAG/GGAGG	NA	NA	NA	0	0	0	1	NA	NA	NA	NA	NA
k127_230059_2	142	534	393	-1	0.654	11	None	GENOMAD.068048.VV	2.25e-15	74	0	0	1	2561	Caudoviricetes	NA	NA	PF20307;TIGR03600;K02314;COG0305	phage replicative helicase, DnaB family, HK022 subfamily
k127_280412_1	2	325	324	-1	0.534	11	None	GENOMAD.011165.VV	1.873e-08	53	0	0	1	2561	Caudoviricetes	NA	NA	PF04466;TIGR01547;COG1783;K06909	phage terminase, large subunit, PBSX family
k127_330700_1	3	476	474	-1	0.654	11	GGA/GAG/AGG	GENOMAD.038745.VV	9.303e-38	140	0	0	1	2561	Caudoviricetes	NA	NA	PF12236	Bacteriophage head to tail connecting protein
k127_129785_1	3	548	546	1	0.592	11	None	GENOMAD.169508.VP	7.206e-09	57	0	0	1	2561	Caudoviricetes	NA	NA	PF04708;PF13262;COG1961;K14060	Site-specific DNA recombinase related to the DNA invertase Pin
k127_230343_1	1	231	231	-1	0.597	11	3Base/5BMM	GENOMAD.208744.VP	4.201e-11	59	0	0	1	2561	Caudoviricetes	NA	NA	PF07141	Putative bacteriophage terminase small subunit
k127_230343_2	228	392	165	-1	0.552	11	None	GENOMAD.140964.VC	7.888e-10	54	0	0	0	2561	Caudoviricetes	NA	NA	PF11071;TIGR03646;COG3613;K08728	YtoQ family protein
k127_330900_1	2	226	225	1	0.631	11	None	NA	NA	NA	0	0	0	1	NA	NA	NA	NA	NA
k127_330900_2	216	614	399	1	0.584	11	GGAG/GAGG	GENOMAD.017632.VV	2.26e-06	48	0	0	1	2561	Caudoviricetes	NA	NA	PF03354;COG5410;TIGR01547	phage terminase, large subunit, PBSX family
k127_230712_1	109	597	489	-1	0.452	15	None	GENOMAD.033662.VV	8.921e-99	316	0	0	1	2790	Microviridae	NA	NA	PF02305	Capsid protein (F protein)
k127_79791_1	3	1010	1008	1	0.628	11	None	GENOMAD.013124.VV	1.13e-13	75	0	0	1	377	Drexlerviridae	NA	NA	PF13262;COG5410	NA
k127_79837_1	2	229	228	1	0.610	11	None	NA	NA	NA	0	0	0	1	NA	NA	NA	NA	NA
k127_79837_2	229	666	438	1	0.623	11	None	GENOMAD.017632.VV	5.393e-11	62	0	0	1	2561	Caudoviricetes	NA	NA	PF03354;COG5410;TIGR01547	phage terminase, large subunit, PBSX family
k127_180402_1	412	888	477	-1	0.621	11	GGAGG	GENOMAD.063098.VV	2.004e-06	49	0	0	1	2561	Caudoviricetes	NA	NA	PF11126	Transcriptional regulator DsbA
k127_230993_1	1	405	405	1	0.640	11	None	GENOMAD.178051.VP	1.448e-13	69	0	0	1	2561	Caudoviricetes	NA	NA	PF02195;PF17288;TIGR00180;COG1475	ParB/RepB/Spo0J family partition protein
k127_80116_1	3	641	639	1	0.612	11	None	GENOMAD.068048.VV	2.931e-14	74	0	0	1	2561	Caudoviricetes	NA	NA	PF20307;TIGR03600;K02314;COG0305	phage replicative helicase, DnaB family, HK022 subfamily
k127_483124_1	2	466	465	-1	0.576	11	None	GENOMAD.013210.VV	2.895e-23	98	0	0	1	2561	Caudoviricetes	NA	NA	PF00211;PF08994;PF08993;COG2114	Adenylate and Guanylate cyclase catalytic domain; T4 gene Gp59 loader of gp41 DNA helicase C-term; T4 gene Gp59 loader of gp41 DNA helicase
k127_331868_1	109	255	147	1	0.680	11	None	GENOMAD.154824.VP	1.21e-10	56	0	0	1	2561	Caudoviricetes	NA	NA	PF07141;TIGR00721;COG4584	Putative bacteriophage terminase small subunit
k127_281590_1	1	378	378	1	0.545	11	None	NA	NA	NA	0	0	0	1	NA	NA	NA	NA	NA
k127_281590_2	375	1325	951	1	0.589	11	GGA/GAG/AGG	GENOMAD.169508.VP	6.29e-27	115	0	0	1	2561	Caudoviricetes	NA	NA	PF04708;PF13262;COG1961;K14060	Site-specific DNA recombinase related to the DNA invertase Pin
k127_281917_1	1	132	132	-1	0.652	11	AGGA	GENOMAD.114732.VV	3.488e-06	43	0	0	1	2561	Caudoviricetes	NA	NA	PF06199;COG5437;TIGR02126	Predicted secreted protein
k127_281917_2	144	323	180	-1	0.661	11	None	GENOMAD.092143.VV	4.515e-10	55	0	0	1	2561	Caudoviricetes	NA	NA	PF11367	NA
k127_332242_1	1	363	363	-1	0.556	11	None	GENOMAD.141050.VP	2.508e-10	59	0	0	1	1	NA	NA	NA	PF05396	Phage T7 capsid assembly protein
k127_382998_1	1	1134	1134	-1	0.529	11	None	GENOMAD.068590.VV	1.717e-08	59	0	0	1	2561	Caudoviricetes	NA	NA	PF13871;PF11242;K11654;TIGR00721	C-terminal domain on Strawberry notch homologue
k127_433238_1	2	1276	1275	1	0.627	11	None	GENOMAD.169508.VP	5.216e-19	93	0	0	1	2561	Caudoviricetes	NA	NA	PF04708;PF13262;COG1961;K14060	Site-specific DNA recombinase related to the DNA invertase Pin
k127_30442_1	2	328	327	-1	0.648	11	None	GENOMAD.116655.VV	1.598e-26	105	0	0	1	2561	Caudoviricetes	NA	NA	PF04860;TIGR01537;COG5005	phage portal protein, HK97 family
k127_483889_1	3	515	513	-1	0.649	11	None	GENOMAD.223594.VP	1.251e-05	47	0	0	1	2561	Caudoviricetes	NA	NA	PF11994;PF09684;TIGR01634;COG4385	phage tail protein, P2 protein I family
k127_282418_1	3	386	384	-1	0.667	11	AGGAGG	NA	NA	NA	0	0	0	1	NA	NA	NA	NA	NA
k127_282418_2	460	1719	1260	-1	0.652	11	None	GENOMAD.018874.VV	2.112e-08	59	0	0	0	2561	Caudoviricetes	NA	NA	PF00211;COG2114	Adenylate and Guanylate cyclase catalytic domain
k127_282418_3	1821	3185	1365	-1	0.595	11	None	GENOMAD.013210.VV	2.173e-31	132	0	0	1	2561	Caudoviricetes	NA	NA	PF00211;PF08994;PF08993;COG2114	Adenylate and Guanylate cyclase catalytic domain; T4 gene Gp59 loader of gp41 DNA helicase C-term; T4 gene Gp59 loader of gp41 DNA helicase
k127_434016_1	2	331	330	1	0.624	11	None	GENOMAD.068048.VV	5.071e-15	72	0	0	1	2561	Caudoviricetes	NA	NA	PF20307;TIGR03600;K02314;COG0305	phage replicative helicase, DnaB family, HK022 subfamily
k127_132085_1	1	192	192	-1	0.661	11	GGAG/GAGG	GENOMAD.168120.VP	3.716e-07	47	0	0	1	2561	Caudoviricetes	NA	NA	PF05119;COG3747;TIGR01558	Phage terminase, small subunit
k127_182537_1	1	534	534	-1	0.616	11	None	GENOMAD.013210.VV	2.23e-27	111	0	0	1	2561	Caudoviricetes	NA	NA	PF00211;PF08994;PF08993;COG2114	Adenylate and Guanylate cyclase catalytic domain; T4 gene Gp59 loader of gp41 DNA helicase C-term; T4 gene Gp59 loader of gp41 DNA helicase
k127_333702_1	3	446	444	1	0.624	11	None	GENOMAD.013210.VV	3.626e-35	132	0	0	1	2561	Caudoviricetes	NA	NA	PF00211;PF08994;PF08993;COG2114	Adenylate and Guanylate cyclase catalytic domain; T4 gene Gp59 loader of gp41 DNA helicase C-term; T4 gene Gp59 loader of gp41 DNA helicase
k127_283384_1	2	517	516	-1	0.579	11	GGA/GAG/AGG	GENOMAD.215225.VP	7.303e-19	86	0	0	1	2561	Caudoviricetes	NA	NA	PF07120;COG3756;TIGR01714	Uncharacterized conserved protein YdaU, DUF1376 family
k127_283384_2	514	588	75	-1	0.627	11	None	NA	NA	NA	0	0	0	1	NA	NA	NA	NA	NA
k127_132959_1	1	516	516	1	0.665	11	None	GENOMAD.053137.VV	2.863e-21	93	0	0	1	2561	Caudoviricetes	NA	NA	PF17482	Phage tail sheath C-terminal domain
k127_132994_1	2	409	408	-1	0.608	11	None	GENOMAD.099865.VV	2.775e-24	100	0	0	1	2561	Caudoviricetes	NA	NA	PF04466;PF17289;TIGR01547;COG5323;K06909	phage terminase, large subunit, PBSX family
k127_233826_1	1	426	426	1	0.664	11	None	GENOMAD.013124.VV	2.768e-07	51	0	0	1	377	Drexlerviridae	NA	NA	PF13262;COG5410	NA
k127_234214_1	1	324	324	-1	0.593	11	None	GENOMAD.131206.VV	2.543e-21	90	0	0	1	1	NA	NA	NA	PF06890	NA
k127_234232_1	1	105	105	-1	0.695	11	None	GENOMAD.147427.VP	1.079e-05	41	0	0	1	2561	Caudoviricetes	NA	NA	PF07141	Putative bacteriophage terminase small subunit
k127_234232_2	148	843	696	-1	0.638	11	None	GENOMAD.059582.VV	3.937e-20	92	0	0	1	2561	Caudoviricetes	NA	NA	TIGR01725	phage protein, HK97 gp10 family
k127_284516_1	3	329	327	1	0.633	11	None	GENOMAD.158172.VP	7.25e-19	83	0	0	1	2561	Caudoviricetes	NA	NA	PF04466;TIGR01547;COG5323	phage terminase, large subunit, PBSX family
k127_32665_1	1	282	282	-1	0.560	11	GGAGG	GENOMAD.009848.VV	5.753e-15	71	0	0	1	9913	Herelleviridae	NA	NA	COG5377;TIGR03033	Phage-related protein, predicted endonuclease
k127_32665_2	266	853	588	-1	0.575	11	None	GENOMAD.012443.VV	2.065e-08	56	0	0	0	2561	Caudoviricetes	NA	NA	PF04404	ERF superfamily
k127_83524_1	110	946	837	1	0.642	11	GGAGG	GENOMAD.181728.VV	2.549e-24	106	0	0	1	2561	Caudoviricetes	NA	NA	PF09588;COG5377;TIGR03033	Phage-related protein, predicted endonuclease
k127_83524_2	930	1409	480	1	0.654	11	GGAGG	GENOMAD.176548.VP	8.67e-10	59	0	0	0	2561	Caudoviricetes	NA	NA	PF04404	ERF superfamily
k127_184300_1	3	317	315	1	0.625	11	None	GENOMAD.100194.VV	2.509e-12	64	0	0	1	2561	Caudoviricetes	NA	NA	PF04466;TIGR01547;COG5323	Phage terminase large subunit
k127_235010_1	3	320	318	-1	0.682	11	None	NA	NA	NA	0	0	0	1	NA	NA	NA	NA	NA
k127_235010_2	265	702	438	-1	0.632	11	None	GENOMAD.147427.VP	2.561e-20	89	0	0	1	2561	Caudoviricetes	NA	NA	PF07141	Putative bacteriophage terminase small subunit
k127_235010_3	744	941	198	-1	0.662	11	None	GENOMAD.038338.VV	3.895e-07	47	0	0	0	2561	Caudoviricetes	NA	NA	COG3392	NA
k127_436752_1	1	690	690	1	0.716	11	None	GENOMAD.013210.VV	6.852e-24	103	0	0	1	2561	Caudoviricetes	NA	NA	PF00211;PF08994;PF08993;COG2114	Adenylate and Guanylate cyclase catalytic domain; T4 gene Gp59 loader of gp41 DNA helicase C-term; T4 gene Gp59 loader of gp41 DNA helicase
k127_184776_1	2	358	357	-1	0.675	11	None	GENOMAD.013124.VV	1.359e-07	51	0	0	1	377	Drexlerviridae	NA	NA	PF13262;COG5410	NA
k127_386687_1	3	215	213	1	0.610	11	None	NA	NA	NA	0	0	0	1	NA	NA	NA	NA	NA
k127_386687_2	220	855	636	1	0.591	11	AGGAG	GENOMAD.023991.VV	6.351e-10	61	0	0	1	2561	Caudoviricetes	NA	NA	COG5410	Mu-like prophage FluMu protein gp28
k127_235602_1	2	481	480	1	0.598	11	None	GENOMAD.116655.VV	3.31e-100	320	0	0	1	2561	Caudoviricetes	NA	NA	PF04860;TIGR01537;COG5005	phage portal protein, HK97 family
k127_436997_1	146	1192	1047	-1	0.588	11	None	GENOMAD.057710.VV	7.761e-05	47	0	0	1	2561	Caudoviricetes	NA	NA	PF00589;PF04860;K07358;TIGR01537	Phage integrase family; Phage portal protein
k127_235815_1	3	365	363	1	0.647	11	None	GENOMAD.013124.VV	6.567e-08	52	0	0	1	377	Drexlerviridae	NA	NA	PF13262;COG5410	NA
k127_84531_1	2	520	519	-1	0.620	11	None	GENOMAD.169508.VP	2.585e-10	61	0	0	1	2561	Caudoviricetes	NA	NA	PF04708;PF13262;COG1961;K14060	Site-specific DNA recombinase related to the DNA invertase Pin
k127_285794_1	109	240	132	1	0.682	11	None	GENOMAD.154824.VP	2.365e-09	52	0	0	1	2561	Caudoviricetes	NA	NA	PF07141;TIGR00721;COG4584	Putative bacteriophage terminase small subunit
k127_33897_1	2	406	405	1	0.647	11	None	GENOMAD.154021.VP	9.024e-19	84	0	0	1	2561	Caudoviricetes	NA	NA	PF07141;TIGR03384	Putative bacteriophage terminase small subunit
k127_33897_2	454	1140	687	1	0.649	11	GGA/GAG/AGG	GENOMAD.100194.VV	4.577e-31	124	0	0	1	2561	Caudoviricetes	NA	NA	PF04466;TIGR01547;COG5323	Phage terminase large subunit
k127_487498_1	2	364	363	1	0.620	11	None	GENOMAD.019349.VV	3.64e-23	96	0	0	1	2561	Caudoviricetes	NA	NA	COG5565;TIGR01547	Bacteriophage terminase large (ATPase) subunit and inactivated derivatives
k127_387408_1	1	447	447	1	0.613	11	None	GENOMAD.169508.VP	1.105e-12	67	0	0	1	2561	Caudoviricetes	NA	NA	PF04708;PF13262;COG1961;K14060	Site-specific DNA recombinase related to the DNA invertase Pin
k127_236342_1	2	736	735	-1	0.656	11	None	GENOMAD.048823.VV	6.029e-15	77	0	0	1	2561	Caudoviricetes	NA	NA	PF05954;TIGR03361;COG3500;K06905	type VI secretion system Vgr family protein
k127_185892_1	3	365	363	1	0.697	11	None	GENOMAD.012044.VV	2.486e-43	154	0	0	1	2561	Caudoviricetes	NA	NA	COG4653	Predicted phage phi-C31 gp36 major capsid-like protein
k127_337084_1	3	293	291	1	0.553	11	None	GENOMAD.147427.VP	2.936e-15	72	0	0	1	2561	Caudoviricetes	NA	NA	PF07141	Putative bacteriophage terminase small subunit
k127_186300_1	3	329	327	1	0.593	11	None	GENOMAD.181728.VV	8.743e-09	54	0	0	1	2561	Caudoviricetes	NA	NA	PF09588;COG5377;TIGR03033	Phage-related protein, predicted endonuclease
k127_388198_1	2	418	417	1	0.645	11	None	GENOMAD.013124.VV	4.299e-11	62	0	0	1	377	Drexlerviridae	NA	NA	PF13262;COG5410	NA
k127_237127_1	1	411	411	-1	0.533	11	None	GENOMAD.118480.VP	5.814e-05	44	0	0	1	2561	Caudoviricetes	NA	NA	PF03354;COG5410	Mu-like prophage FluMu protein gp28
k127_35290_1	2	418	417	1	0.662	11	None	GENOMAD.192935.VP	2.54e-07	51	0	0	1	2561	Caudoviricetes	NA	NA	PF07141;COG2826;TIGR02844	Putative bacteriophage terminase small subunit
k127_287344_1	3	383	381	1	0.533	11	None	GENOMAD.008604.VV	2.992e-10	59	0	0	1	2561	Caudoviricetes	NA	NA	PF03420;PF18143	Prohead core protein serine protease; HAD domain in Swiss Army Knife RNA repair proteins
k127_388441_1	1	309	309	-1	0.602	11	None	GENOMAD.116655.VV	1.351e-25	102	0	0	1	2561	Caudoviricetes	NA	NA	PF04860;TIGR01537;COG5005	phage portal protein, HK97 family
k127_186753_1	3	1220	1218	1	0.605	11	None	GENOMAD.068590.VV	3.481e-17	87	0	0	1	2561	Caudoviricetes	NA	NA	PF13871;PF11242;K11654;TIGR00721	C-terminal domain on Strawberry notch homologue
k127_86160_1	3	365	363	-1	0.639	11	None	GENOMAD.023991.VV	4.663e-12	64	0	0	1	2561	Caudoviricetes	NA	NA	COG5410	Mu-like prophage FluMu protein gp28
k127_438704_1	75	335	261	1	0.640	11	None	GENOMAD.129590.VP	6.799e-18	79	0	0	1	2561	Caudoviricetes	NA	NA	PF07141	Putative bacteriophage terminase small subunit
k127_388555_1	349	1980	1632	-1	0.629	11	None	GENOMAD.099865.VV	8.536e-71	253	0	0	1	2561	Caudoviricetes	NA	NA	PF04466;PF17289;TIGR01547;COG5323;K06909	phage terminase, large subunit, PBSX family
k127_388555_2	2115	2525	411	-1	0.616	11	GGA/GAG/AGG	GENOMAD.154021.VP	5.246e-17	79	0	0	1	2561	Caudoviricetes	NA	NA	PF07141;TIGR03384	Putative bacteriophage terminase small subunit
k127_287941_1	3	344	342	-1	0.558	11	None	GENOMAD.063565.VV	1.626e-52	180	0	0	1	2561	Caudoviricetes	NA	NA	PF10124;COG4397	Mu-like prophage major head subunit gpT
k127_237974_1	2	727	726	1	0.665	11	None	GENOMAD.013124.VV	2.489e-19	90	0	0	1	377	Drexlerviridae	NA	NA	PF13262;COG5410	NA
k127_389228_1	57	362	306	1	0.657	11	GGAG/GAGG	GENOMAD.129124.VV	1.953e-21	90	0	0	1	2561	Caudoviricetes	NA	NA	PF14550;TIGR01543;COG3740;K06904	phage prohead protease, HK97 family
k127_489785_1	2	310	309	-1	0.693	11	None	GENOMAD.094133.VV	3.809e-07	49	0	0	1	2561	Caudoviricetes	NA	NA	PF17289	NA
k127_288328_1	2	340	339	1	0.667	11	None	GENOMAD.069239.VV	5.203e-24	98	0	0	1	1	NA	NA	NA	PF16460	NA
k127_338903_1	2	358	357	-1	0.709	11	None	GENOMAD.111208.VP	4.49e-20	87	0	0	1	2561	Caudoviricetes	NA	NA	PF20441	Terminase large subunit, endonuclease domain
k127_36602_1	3	146	144	-1	0.646	11	GGA/GAG/AGG	NA	NA	NA	0	0	0	1	NA	NA	NA	NA	NA
k127_36602_2	130	585	456	-1	0.638	11	GGAG/GAGG	GENOMAD.192935.VP	3.672e-06	48	0	0	1	2561	Caudoviricetes	NA	NA	PF07141;COG2826;TIGR02844	Putative bacteriophage terminase small subunit
k127_490042_1	2	520	519	1	0.605	11	None	GENOMAD.022372.VV	5.631e-23	98	0	0	1	2561	Caudoviricetes	NA	NA	PF04708;COG1961;K14060	Site-specific DNA recombinase related to the DNA invertase Pin
k127_439899_1	2	373	372	1	0.602	11	None	GENOMAD.100194.VV	1.603e-07	51	0	0	1	2561	Caudoviricetes	NA	NA	PF04466;TIGR01547;COG5323	Phage terminase large subunit
k127_36842_1	2	349	348	-1	0.615	11	None	GENOMAD.147017.VP	3.251e-38	139	0	0	1	2561	Caudoviricetes	NA	NA	PF04466;TIGR01547;COG1783	Phage terminase large subunit
k127_440051_1	1	366	366	1	0.549	11	None	GENOMAD.022372.VV	1.501e-07	51	0	0	1	2561	Caudoviricetes	NA	NA	PF04708;COG1961;K14060	Site-specific DNA recombinase related to the DNA invertase Pin
k127_87569_1	2	316	315	1	0.629	11	None	GENOMAD.017632.VV	2.774e-11	61	0	0	1	2561	Caudoviricetes	NA	NA	PF03354;COG5410;TIGR01547	phage terminase, large subunit, PBSX family
k127_138134_1	3	431	429	1	0.667	11	None	GENOMAD.053100.VV	2.221e-11	63	0	0	1	1	NA	NA	NA	PF16510	Phage P22-like portal protein
k127_339319_1	1	1161	1161	-1	0.592	11	None	GENOMAD.013210.VV	5.694e-27	117	0	0	1	2561	Caudoviricetes	NA	NA	PF00211;PF08994;PF08993;COG2114	Adenylate and Guanylate cyclase catalytic domain; T4 gene Gp59 loader of gp41 DNA helicase C-term; T4 gene Gp59 loader of gp41 DNA helicase
k127_490425_1	1	843	843	1	0.660	11	None	GENOMAD.208446.VP	2.786e-19	91	0	0	0	2561	Caudoviricetes	NA	NA	PF01555;COG4725;K13581	N6-adenosine-specific RNA methylase IME4
k127_490425_2	833	1222	390	1	0.628	11	GGAGG	GENOMAD.093978.VV	4.683e-05	44	0	0	0	2561	Caudoviricetes	NA	NA	PF18932	NA
k127_490425_3	1222	1734	513	1	0.641	11	AGxAGG/AGGxGG	GENOMAD.017632.VV	5.349e-10	60	0	0	1	2561	Caudoviricetes	NA	NA	PF03354;COG5410;TIGR01547	phage terminase, large subunit, PBSX family
k127_87859_1	2	136	135	-1	0.533	11	None	NA	NA	NA	0	0	0	1	NA	NA	NA	NA	NA
k127_87859_2	241	375	135	1	0.674	11	None	GENOMAD.095090.VV	3.223e-07	46	0	0	1	1	NA	NA	NA	PF06892;K22302;TIGR03418	NA
k127_138390_1	2	127	126	-1	0.540	11	GGAGG	NA	NA	NA	0	0	0	1	NA	NA	NA	NA	NA
k127_138390_2	151	471	321	-1	0.617	11	None	GENOMAD.022740.VV	9.437e-23	94	0	0	1	2561	Caudoviricetes	NA	NA	PF17482;PF00062	Phage tail sheath C-terminal domain; C-type lysozyme/alpha-lactalbumin family
k127_289847_1	2	361	360	1	0.650	11	None	GENOMAD.053100.VV	3.094e-16	76	0	0	1	1	NA	NA	NA	PF16510	Phage P22-like portal protein
k127_289857_1	2	334	333	1	0.628	11	None	GENOMAD.190269.VV	6.002e-05	43	0	0	1	2561	Caudoviricetes	NA	NA	PF17289;COG5362;TIGR01630	Phage terminase large subunit
k127_491435_1	147	854	708	-1	0.651	11	None	GENOMAD.013210.VV	4.386e-20	92	0	0	1	2561	Caudoviricetes	NA	NA	PF00211;PF08994;PF08993;COG2114	Adenylate and Guanylate cyclase catalytic domain; T4 gene Gp59 loader of gp41 DNA helicase C-term; T4 gene Gp59 loader of gp41 DNA helicase
k127_139546_1	1	534	534	1	0.601	11	None	GENOMAD.018596.VV	3.023e-09	58	0	0	1	2561	Caudoviricetes	NA	NA	PF17482	Phage tail sheath C-terminal domain
k127_391457_1	36	338	303	-1	0.578	11	None	GENOMAD.022705.VV	5.605e-10	57	0	0	1	2561	Caudoviricetes	NA	NA	PF08875;COG4672;TIGR01600	Phage-related protein
k127_139987_1	2	1093	1092	1	0.598	11	None	GENOMAD.031112.VV	6.515e-22	101	0	0	1	2561	Caudoviricetes	NA	NA	COG5362	Phage terminase large subunit
k127_139987_2	1044	1220	177	1	0.599	11	GGAGG	NA	NA	NA	0	0	0	1	NA	NA	NA	NA	NA
k127_190123_1	14	439	426	-1	0.620	11	None	GENOMAD.068048.VV	1.652e-14	72	0	0	1	2561	Caudoviricetes	NA	NA	PF20307;TIGR03600;K02314;COG0305	phage replicative helicase, DnaB family, HK022 subfamily
k127_190135_1	3	470	468	-1	0.624	11	None	GENOMAD.004561.VV	1.814e-46	165	0	0	1	2561	Caudoviricetes	NA	NA	PF06381;K09961;TIGR01555;COG3567	phage-related protein, HI1409 family
k127_89762_1	1	552	552	1	0.598	11	None	GENOMAD.004561.VV	3.184e-53	186	0	0	1	2561	Caudoviricetes	NA	NA	PF06381;K09961;TIGR01555;COG3567	phage-related protein, HI1409 family
k127_38970_1	1	384	384	1	0.648	11	None	GENOMAD.013124.VV	1.694e-08	54	0	0	1	377	Drexlerviridae	NA	NA	PF13262;COG5410	NA
k127_140251_1	2	376	375	-1	0.680	11	None	GENOMAD.137904.VV	3.392e-08	53	0	0	1	2561	Caudoviricetes	NA	NA	PF07141;COG2963;K01994;TIGR03879	Putative bacteriophage terminase small subunit
k127_341629_1	134	1609	1476	-1	0.531	11	None	GENOMAD.068048.VV	1.38e-12	73	0	0	1	2561	Caudoviricetes	NA	NA	PF20307;TIGR03600;K02314;COG0305	phage replicative helicase, DnaB family, HK022 subfamily
k127_442550_1	1	456	456	1	0.656	11	None	GENOMAD.013210.VV	4.249e-17	80	0	0	1	2561	Caudoviricetes	NA	NA	PF00211;PF08994;PF08993;COG2114	Adenylate and Guanylate cyclase catalytic domain; T4 gene Gp59 loader of gp41 DNA helicase C-term; T4 gene Gp59 loader of gp41 DNA helicase
k127_90160_1	1	360	360	1	0.617	11	None	GENOMAD.022372.VV	5.681e-18	81	0	0	1	2561	Caudoviricetes	NA	NA	PF04708;COG1961;K14060	Site-specific DNA recombinase related to the DNA invertase Pin
k127_140829_1	1	702	702	-1	0.574	11	None	GENOMAD.013210.VV	3.879e-36	139	0	0	1	2561	Caudoviricetes	NA	NA	PF00211;PF08994;PF08993;COG2114	Adenylate and Guanylate cyclase catalytic domain; T4 gene Gp59 loader of gp41 DNA helicase C-term; T4 gene Gp59 loader of gp41 DNA helicase
k127_90427_1	1	549	549	1	0.668	11	None	GENOMAD.208446.VP	2.234e-18	85	0	0	0	2561	Caudoviricetes	NA	NA	PF01555;COG4725;K13581	N6-adenosine-specific RNA methylase IME4
k127_90427_2	539	928	390	1	0.608	11	GGAGG	GENOMAD.065929.VV	9.714e-06	46	0	0	0	1	NA	NA	NA	PF18932	NA
k127_90427_3	928	1539	612	1	0.621	11	GGA/GAG/AGG	GENOMAD.017632.VV	1.159e-10	63	0	0	1	2561	Caudoviricetes	NA	NA	PF03354;COG5410;TIGR01547	phage terminase, large subunit, PBSX family
k127_442871_1	2	247	246	-1	0.614	11	GGA/GAG/AGG	GENOMAD.020789.VV	1.857e-06	46	0	0	1	2561	Caudoviricetes	NA	NA	COG5410	NA
k127_442871_2	247	636	390	-1	0.621	11	GGAGG	GENOMAD.093978.VV	0.000225	42	0	0	0	2561	Caudoviricetes	NA	NA	PF18932	NA
k127_442871_3	626	931	306	-1	0.709	11	None	GENOMAD.038338.VV	1.144e-18	82	0	0	0	2561	Caudoviricetes	NA	NA	COG3392	NA
k127_241645_1	2	487	486	1	0.663	11	None	GENOMAD.097639.VV	6.804e-25	103	0	0	1	2561	Caudoviricetes	NA	NA	PF17289;TIGR01630;COG5362	phage uncharacterized protein (putative large terminase), C-terminal domain
k127_241666_1	1	102	102	-1	0.706	11	None	NA	NA	NA	0	0	0	1	NA	NA	NA	NA	NA
k127_241666_2	99	425	327	-1	0.621	11	None	GENOMAD.017980.VV	1.649e-49	171	0	0	1	2561	Caudoviricetes	NA	NA	PF20387	NA
k127_493124_1	1	186	186	1	0.608	11	None	NA	NA	NA	0	0	0	1	NA	NA	NA	NA	NA
k127_493124_2	255	1340	1086	1	0.609	11	GGA/GAG/AGG	GENOMAD.129124.VV	5.565e-47	176	0	0	1	2561	Caudoviricetes	NA	NA	PF14550;TIGR01543;COG3740;K06904	phage prohead protease, HK97 family
k127_443113_1	3	614	612	1	0.562	11	None	GENOMAD.009848.VV	4.245e-18	85	0	0	1	9913	Herelleviridae	NA	NA	COG5377;TIGR03033	Phage-related protein, predicted endonuclease
k127_443113_2	664	1050	387	1	0.630	11	None	GENOMAD.161183.VV	8.137e-26	104	0	0	0	2561	Caudoviricetes	NA	NA	PF07102	Putative nuclease YbcO
k127_342630_1	3	317	315	1	0.625	11	None	GENOMAD.207635.VV	3.726e-08	52	0	0	1	8278	Ackermannviridae	NA	NA	PF04865	Baseplate J-like protein
k127_292198_1	3	491	489	1	0.616	11	None	GENOMAD.169508.VP	7.597e-14	71	0	0	1	2561	Caudoviricetes	NA	NA	PF04708;PF13262;COG1961;K14060	Site-specific DNA recombinase related to the DNA invertase Pin
k127_443536_1	1	444	444	1	0.523	11	None	GENOMAD.015404.VV	9.238e-42	151	0	0	1	2561	Caudoviricetes	NA	NA	PF16510;TIGR01538	Phage P22-like portal protein
k127_40404_1	3	218	216	-1	0.667	11	None	GENOMAD.154824.VP	1.326e-12	63	0	0	1	2561	Caudoviricetes	NA	NA	PF07141;TIGR00721;COG4584	Putative bacteriophage terminase small subunit
k127_40404_2	260	457	198	1	0.667	11	None	NA	NA	NA	0	0	0	1	NA	NA	NA	NA	NA
k127_292370_1	1	387	387	-1	0.620	11	None	GENOMAD.169508.VP	4.014e-17	79	0	0	1	2561	Caudoviricetes	NA	NA	PF04708;PF13262;COG1961;K14060	Site-specific DNA recombinase related to the DNA invertase Pin
k127_292504_1	1	309	309	-1	0.573	11	None	NA	NA	NA	0	0	0	1	NA	NA	NA	NA	NA
k127_292504_2	344	862	519	-1	0.607	11	None	GENOMAD.053137.VV	3.311e-19	87	0	0	1	2561	Caudoviricetes	NA	NA	PF17482	Phage tail sheath C-terminal domain
k127_393668_1	64	483	420	-1	0.645	11	None	GENOMAD.154021.VP	4.931e-19	85	0	0	1	2561	Caudoviricetes	NA	NA	PF07141;TIGR03384	Putative bacteriophage terminase small subunit
k127_393668_2	476	871	396	-1	0.626	11	None	GENOMAD.038338.VV	5.655e-14	70	0	0	0	2561	Caudoviricetes	NA	NA	COG3392	NA
k127_393860_1	1	330	330	1	0.615	11	None	GENOMAD.003705.VV	2.33e-06	47	0	0	1	2561	Caudoviricetes	NA	NA	PF16510	Phage P22-like portal protein
k127_393860_2	302	415	114	1	0.649	11	GGAG/GAGG	NA	NA	NA	0	0	0	1	NA	NA	NA	NA	NA
k127_91767_1	3	347	345	-1	0.655	11	None	GENOMAD.151393.VP	5.127e-33	124	0	0	1	2561	Caudoviricetes	NA	NA	PF17288;TIGR01547;COG1783	phage terminase, large subunit, PBSX family
k127_242917_1	2	310	309	1	0.625	11	None	GENOMAD.068048.VV	8.457e-15	71	0	0	1	2561	Caudoviricetes	NA	NA	PF20307;TIGR03600;K02314;COG0305	phage replicative helicase, DnaB family, HK022 subfamily
k127_40989_1	1	501	501	1	0.663	11	None	GENOMAD.068048.VV	1.833e-13	70	0	0	1	2561	Caudoviricetes	NA	NA	PF20307;TIGR03600;K02314;COG0305	phage replicative helicase, DnaB family, HK022 subfamily
k127_243155_1	462	977	516	-1	0.572	11	3Base/5BMM	GENOMAD.192935.VP	1.451e-19	88	0	0	1	2561	Caudoviricetes	NA	NA	PF07141;COG2826;TIGR02844	Putative bacteriophage terminase small subunit
k127_343622_1	2	637	636	-1	0.670	11	None	GENOMAD.013210.VV	4.781e-21	94	0	0	1	2561	Caudoviricetes	NA	NA	PF00211;PF08994;PF08993;COG2114	Adenylate and Guanylate cyclase catalytic domain; T4 gene Gp59 loader of gp41 DNA helicase C-term; T4 gene Gp59 loader of gp41 DNA helicase
k127_343626_1	3	425	423	-1	0.664	11	None	GENOMAD.013210.VV	4.922e-10	59	0	0	1	2561	Caudoviricetes	NA	NA	PF00211;PF08994;PF08993;COG2114	Adenylate and Guanylate cyclase catalytic domain; T4 gene Gp59 loader of gp41 DNA helicase C-term; T4 gene Gp59 loader of gp41 DNA helicase
k127_494627_1	3	365	363	-1	0.614	11	None	GENOMAD.129999.VP	5.373e-19	84	0	0	1	2561	Caudoviricetes	NA	NA	PF04708;COG1961;K21528	Site-specific DNA recombinase related to the DNA invertase Pin
k127_343964_1	3	350	348	-1	0.589	11	None	GENOMAD.120931.VP	3.516e-13	67	0	0	1	2561	Caudoviricetes	NA	NA	PF09588;COG5377;TIGR03033;K01143	Phage-related protein, predicted endonuclease
k127_142977_1	1	327	327	1	0.651	11	None	GENOMAD.053137.VV	3.45e-18	81	0	0	1	2561	Caudoviricetes	NA	NA	PF17482	Phage tail sheath C-terminal domain
k127_293746_1	1	345	345	1	0.629	11	None	GENOMAD.053137.VV	3.64e-20	87	0	0	1	2561	Caudoviricetes	NA	NA	PF17482	Phage tail sheath C-terminal domain
k127_293746_2	360	485	126	1	0.556	11	AGGAG	NA	NA	NA	0	0	0	1	NA	NA	NA	NA	NA
k127_92740_1	3	911	909	1	0.545	11	None	GENOMAD.158965.VP	3.017e-92	305	0	0	1	2561	Caudoviricetes	NA	NA	PF05772;PF04404;COG5362	NinB protein; ERF superfamily
k127_243893_1	2	568	567	-1	0.582	11	None	GENOMAD.186748.VV	7.959e-05	45	0	0	1	326	Orthornavirae	NA	NA	PF00978	RNA dependent RNA polymerase
k127_143193_1	1	219	219	-1	0.607	11	None	GENOMAD.129590.VP	1.117e-07	49	0	0	1	2561	Caudoviricetes	NA	NA	PF07141	Putative bacteriophage terminase small subunit
k127_143193_2	212	439	228	-1	0.618	11	None	GENOMAD.038338.VV	2.161e-09	54	0	0	0	2561	Caudoviricetes	NA	NA	COG3392	NA
k127_344530_1	1	366	366	1	0.432	11	None	GENOMAD.013184.VV	2.239e-36	134	0	0	1	10823	Zobellviridae	NA	NA	PF17289;COG5362;TIGR01630	Phage terminase large subunit
k127_445407_1	3	452	450	1	0.613	11	None	GENOMAD.002932.VV	2.778e-11	63	0	0	1	2561	Caudoviricetes	NA	NA	TIGR01630;COG5362	phage uncharacterized protein (putative large terminase), C-terminal domain
k127_42213_1	2	265	264	-1	0.648	11	None	GENOMAD.100194.VV	1.369e-11	61	0	0	1	2561	Caudoviricetes	NA	NA	PF04466;TIGR01547;COG5323	Phage terminase large subunit
k127_495792_1	2	568	567	-1	0.656	11	GGA/GAG/AGG	GENOMAD.208174.VP	3.739e-05	46	0	0	1	2561	Caudoviricetes	NA	NA	PF11242;PF00271;TIGR00721;COG4584	DNA-binding protein, Tfx family
k127_294328_1	1	348	348	1	0.672	11	None	GENOMAD.099865.VV	1.779e-20	88	0	0	1	2561	Caudoviricetes	NA	NA	PF04466;PF17289;TIGR01547;COG5323;K06909	phage terminase, large subunit, PBSX family
k127_193777_1	292	1503	1212	-1	0.652	11	None	NA	NA	NA	0	0	0	1	NA	NA	NA	NA	NA
k127_193777_2	1513	2433	921	-1	0.626	11	AGGAG	GENOMAD.057710.VV	0.0001252	46	0	0	1	2561	Caudoviricetes	NA	NA	PF00589;PF04860;K07358;TIGR01537	Phage integrase family; Phage portal protein
k127_143811_1	2	868	867	-1	0.652	11	None	GENOMAD.054789.VV	0.0001118	46	0	0	1	2561	Caudoviricetes	NA	NA	PF20449;PF03864	Phage major capsid protein E
k127_42660_1	3	749	747	-1	0.633	11	None	GENOMAD.023991.VV	5.888e-86	284	0	0	1	2561	Caudoviricetes	NA	NA	COG5410	Mu-like prophage FluMu protein gp28
k127_345113_1	2	289	288	-1	0.649	11	GGAG/GAGG	GENOMAD.022833.VV	3.239e-06	46	0	0	1	2561	Caudoviricetes	NA	NA	PF05939;COG4718	Phage-related protein
k127_345113_2	297	377	81	-1	0.654	11	None	NA	NA	NA	0	0	0	1	NA	NA	NA	NA	NA
k127_42996_1	1	312	312	1	0.635	11	None	GENOMAD.151092.VV	1.777e-07	50	0	0	1	2561	Caudoviricetes	NA	NA	PF09588;COG5377;TIGR03033;K01143	Phage-related protein, predicted endonuclease
k127_144480_1	1	312	312	1	0.609	11	None	GENOMAD.100194.VV	1.323e-10	59	0	0	1	2561	Caudoviricetes	NA	NA	PF04466;TIGR01547;COG5323	Phage terminase large subunit
k127_194627_1	2	121	120	-1	0.567	11	None	GENOMAD.129590.VP	2.809e-06	43	0	0	1	2561	Caudoviricetes	NA	NA	PF07141	Putative bacteriophage terminase small subunit
k127_194627_2	142	288	147	1	0.578	11	None	NA	NA	NA	0	0	0	1	NA	NA	NA	NA	NA
k127_295218_1	2	334	333	-1	0.622	11	None	GENOMAD.100194.VV	5.83e-14	69	0	0	1	2561	Caudoviricetes	NA	NA	PF04466;TIGR01547;COG5323	Phage terminase large subunit
k127_496846_1	3	164	162	1	0.574	11	None	NA	NA	NA	0	0	0	1	NA	NA	NA	NA	NA
k127_496846_2	164	343	180	1	0.644	11	GGxGG	GENOMAD.093408.VV	4.969e-31	115	0	0	1	2561	Caudoviricetes	NA	NA	PF09356;PF11836;TIGR02218	phage conserved hypothetical protein BR0599
k127_194948_1	1	516	516	-1	0.578	11	None	GENOMAD.013210.VV	7.494e-38	141	0	0	1	2561	Caudoviricetes	NA	NA	PF00211;PF08994;PF08993;COG2114	Adenylate and Guanylate cyclase catalytic domain; T4 gene Gp59 loader of gp41 DNA helicase C-term; T4 gene Gp59 loader of gp41 DNA helicase
k127_94591_1	1	492	492	-1	0.632	11	None	GENOMAD.099865.VV	1.202e-28	114	0	0	1	2561	Caudoviricetes	NA	NA	PF04466;PF17289;TIGR01547;COG5323;K06909	phage terminase, large subunit, PBSX family
k127_245770_1	2	328	327	-1	0.657	11	None	GENOMAD.099865.VV	1.977e-16	76	0	0	1	2561	Caudoviricetes	NA	NA	PF04466;PF17289;TIGR01547;COG5323;K06909	phage terminase, large subunit, PBSX family
k127_94718_1	2	70	69	1	0.580	11	None	NA	NA	NA	0	0	0	1	NA	NA	NA	NA	NA
k127_94718_2	76	585	510	-1	0.567	11	None	GENOMAD.068048.VV	4.641e-12	66	0	0	1	2561	Caudoviricetes	NA	NA	PF20307;TIGR03600;K02314;COG0305	phage replicative helicase, DnaB family, HK022 subfamily
k127_447258_1	1	582	582	-1	0.639	11	None	GENOMAD.013124.VV	4.358e-09	58	0	0	1	377	Drexlerviridae	NA	NA	PF13262;COG5410	NA
k127_296047_1	118	411	294	1	0.514	11	AAA	GENOMAD.059684.VV	1.04e-10	59	0	0	1	2561	Caudoviricetes	NA	NA	TIGR04387	major capsid protein, N4-gp56 family
k127_195516_1	2	259	258	1	0.628	11	None	GENOMAD.099754.VV	8.402e-08	50	0	0	1	1	NA	NA	NA	PF17289;TIGR01630;COG5362	phage uncharacterized protein (putative large terminase), C-terminal domain
k127_195516_2	210	302	93	-1	0.591	11	None	NA	NA	NA	0	0	0	1	NA	NA	NA	NA	NA
k127_195598_1	3	203	201	1	0.607	11	None	GENOMAD.179813.VP	3.192e-09	53	0	0	1	2561	Caudoviricetes	NA	NA	PF07141	Putative bacteriophage terminase small subunit
k127_195598_2	178	456	279	1	0.624	11	GGG	GENOMAD.136723.VP	6.444e-06	45	0	0	0	1	NA	NA	NA	NA	NA
k127_246302_1	2	358	357	-1	0.608	11	None	GENOMAD.109691.VV	6.745e-24	98	0	0	1	2561	Caudoviricetes	NA	NA	PF06141	Phage minor tail protein U
k127_195826_1	1	393	393	1	0.606	11	None	GENOMAD.140409.VP	2.73e-22	94	0	0	1	2561	Caudoviricetes	NA	NA	PF13550;COG4733	Phage-related protein, tail component
k127_447906_1	2	616	615	1	0.623	11	None	GENOMAD.028147.VV	0.0001013	45	0	0	1	1	NA	NA	NA	PF04865;COG3948	Baseplate J-like protein
k127_145974_1	3	578	576	-1	0.667	11	None	GENOMAD.013210.VV	3.702e-14	73	0	0	1	2561	Caudoviricetes	NA	NA	PF00211;PF08994;PF08993;COG2114	Adenylate and Guanylate cyclase catalytic domain; T4 gene Gp59 loader of gp41 DNA helicase C-term; T4 gene Gp59 loader of gp41 DNA helicase
k127_145985_1	2	682	681	-1	0.636	11	None	GENOMAD.169508.VP	1.898e-13	72	0	0	1	2561	Caudoviricetes	NA	NA	PF04708;PF13262;COG1961;K14060	Site-specific DNA recombinase related to the DNA invertase Pin
k127_296795_1	3	884	882	1	0.582	11	None	GENOMAD.169508.VP	1.765e-22	101	0	0	1	2561	Caudoviricetes	NA	NA	PF04708;PF13262;COG1961;K14060	Site-specific DNA recombinase related to the DNA invertase Pin
k127_44951_1	3	488	486	-1	0.586	11	None	GENOMAD.022372.VV	5.582e-18	83	0	0	1	2561	Caudoviricetes	NA	NA	PF04708;COG1961;K14060	Site-specific DNA recombinase related to the DNA invertase Pin
k127_95889_1	1	264	264	-1	0.504	11	None	GENOMAD.059684.VV	7.634e-10	56	0	0	1	2561	Caudoviricetes	NA	NA	TIGR04387	major capsid protein, N4-gp56 family
k127_95938_1	2	304	303	1	0.578	11	None	NA	NA	NA	0	0	0	1	NA	NA	NA	NA	NA
k127_95938_2	301	891	591	1	0.616	11	GGAG/GAGG	GENOMAD.169508.VP	2.155e-26	109	0	0	1	2561	Caudoviricetes	NA	NA	PF04708;PF13262;COG1961;K14060	Site-specific DNA recombinase related to the DNA invertase Pin
k127_247901_1	2	385	384	-1	0.594	11	None	GENOMAD.190144.VV	8.85e-07	49	0	0	1	2561	Caudoviricetes	NA	NA	COG4675	Microcystin-dependent protein  (function unknown)
k127_147272_1	1	225	225	1	0.689	11	None	NA	NA	NA	0	0	0	1	NA	NA	NA	NA	NA
k127_147272_2	229	444	216	1	0.657	11	3Base/5BMM	GENOMAD.161280.VP	1.363e-05	43	0	0	1	2561	Caudoviricetes	NA	NA	PF03592;COG3728;K07474	Terminase small subunit
k127_147327_1	54	524	471	-1	0.650	11	AGGAG	GENOMAD.223594.VP	1.953e-05	46	0	0	1	2561	Caudoviricetes	NA	NA	PF11994;PF09684;TIGR01634;COG4385	phage tail protein, P2 protein I family
k127_46044_1	1	315	315	-1	0.635	11	None	GENOMAD.012375.VV	1.816e-23	96	0	0	1	2561	Caudoviricetes	NA	NA	PF10934;COG3628	Phage baseplate assembly protein W
k127_298100_1	3	605	603	1	0.693	11	None	GENOMAD.013124.VV	1.084e-08	57	0	0	1	377	Drexlerviridae	NA	NA	PF13262;COG5410	NA
k127_248245_1	2	319	318	1	0.503	11	None	GENOMAD.158965.VP	3.654e-24	98	0	0	1	2561	Caudoviricetes	NA	NA	PF05772;PF04404;COG5362	NinB protein; ERF superfamily
k127_248245_2	335	400	66	1	0.576	11	AGGAG	NA	NA	NA	0	0	0	1	NA	NA	NA	NA	NA
k127_399268_1	1	576	576	1	0.556	11	None	GENOMAD.115798.VV	4.434e-70	235	0	0	0	2561	Caudoviricetes	NA	NA	NA	NA
k127_399268_2	576	1013	438	1	0.610	11	GGxGG	GENOMAD.093408.VV	7.227e-68	226	0	0	1	2561	Caudoviricetes	NA	NA	PF09356;PF11836;TIGR02218	phage conserved hypothetical protein BR0599
k127_399268_3	1022	1129	108	1	0.556	11	None	GENOMAD.110781.VV	4.44e-07	45	0	0	0	2561	Caudoviricetes	NA	NA	NA	NA
k127_399521_1	2	1282	1281	1	0.611	11	None	GENOMAD.169508.VP	1.776e-16	85	0	0	1	2561	Caudoviricetes	NA	NA	PF04708;PF13262;COG1961;K14060	Site-specific DNA recombinase related to the DNA invertase Pin
k127_197987_1	3	305	303	1	0.653	11	None	GENOMAD.009928.VV	1.302e-48	168	0	0	1	2561	Caudoviricetes	NA	NA	PF13252;TIGR04387	major capsid protein, N4-gp56 family
k127_348993_1	1	891	891	-1	0.596	11	None	GENOMAD.019555.VV	2.083e-42	160	0	0	1	2561	Caudoviricetes	NA	NA	PF11134	Phage stabilisation protein
k127_248749_1	2	358	357	-1	0.585	11	None	GENOMAD.032636.VV	2.334e-10	59	0	0	1	2561	Caudoviricetes	NA	NA	PF20307;PF07486;TIGR02239;COG0468;K18947	Divergent DnaB-like ATPase; Cell Wall Hydrolase
k127_298774_1	3	770	768	1	0.618	11	None	GENOMAD.169508.VP	1.414e-10	64	0	0	1	2561	Caudoviricetes	NA	NA	PF04708;PF13262;COG1961;K14060	Site-specific DNA recombinase related to the DNA invertase Pin
k127_400289_1	3	902	900	1	0.541	11	None	GENOMAD.057710.VV	3.244e-06	51	0	0	1	2561	Caudoviricetes	NA	NA	PF00589;PF04860;K07358;TIGR01537	Phage integrase family; Phage portal protein
k127_400608_1	3	941	939	-1	0.647	11	None	GENOMAD.099865.VV	1.581e-42	161	0	0	1	2561	Caudoviricetes	NA	NA	PF04466;PF17289;TIGR01547;COG5323;K06909	phage terminase, large subunit, PBSX family
k127_148994_1	3	794	792	-1	0.634	11	None	GENOMAD.169508.VP	3.342e-28	117	0	0	1	2561	Caudoviricetes	NA	NA	PF04708;PF13262;COG1961;K14060	Site-specific DNA recombinase related to the DNA invertase Pin
k127_350155_1	2	637	636	1	0.662	11	None	GENOMAD.060259.VV	0.0002339	44	0	0	1	2561	Caudoviricetes	NA	NA	PF20307;TIGR02236;COG0468;K04484	Divergent DnaB-like ATPase
k127_501219_1	2	280	279	-1	0.609	11	GGA/GAG/AGG	GENOMAD.208744.VP	4.692e-09	54	0	0	1	2561	Caudoviricetes	NA	NA	PF07141	Putative bacteriophage terminase small subunit
k127_501219_2	287	388	102	-1	0.588	11	None	NA	NA	NA	0	0	0	1	NA	NA	NA	NA	NA
k127_350224_1	2	742	741	-1	0.628	11	None	GENOMAD.068590.VV	6.229e-14	74	0	0	1	2561	Caudoviricetes	NA	NA	PF13871;PF11242;K11654;TIGR00721	C-terminal domain on Strawberry notch homologue
k127_299924_1	2	430	429	1	0.653	11	None	GENOMAD.097639.VV	1.658e-24	101	0	0	1	2561	Caudoviricetes	NA	NA	PF17289;TIGR01630;COG5362	phage uncharacterized protein (putative large terminase), C-terminal domain
k127_98928_1	1	327	327	1	0.682	11	None	GENOMAD.155508.VV	1.616e-18	82	0	0	1	1	NA	NA	NA	COG4723	NA
k127_99102_1	1	312	312	1	0.660	11	None	GENOMAD.154021.VP	2.561e-11	61	0	0	1	2561	Caudoviricetes	NA	NA	PF07141;TIGR03384	Putative bacteriophage terminase small subunit
k127_99102_2	425	628	204	1	0.637	11	GGA/GAG/AGG	GENOMAD.017133.VV	6.976e-10	55	0	0	1	2561	Caudoviricetes	NA	NA	PF05894;TIGR01547;COG4373	Podovirus DNA encapsidation protein (Gp16)
k127_300397_1	181	342	162	1	0.586	11	GGA/GAG/AGG	GENOMAD.192935.VP	4.513e-08	49	0	0	1	2561	Caudoviricetes	NA	NA	PF07141;COG2826;TIGR02844	Putative bacteriophage terminase small subunit
k127_250520_1	3	383	381	1	0.659	11	None	GENOMAD.023991.VV	1.181e-12	66	0	0	1	2561	Caudoviricetes	NA	NA	COG5410	Mu-like prophage FluMu protein gp28
k127_199885_1	1	396	396	-1	0.611	11	None	GENOMAD.129124.VV	5.516e-40	145	0	0	1	2561	Caudoviricetes	NA	NA	PF14550;TIGR01543;COG3740;K06904	phage prohead protease, HK97 family
k127_199900_1	1	321	321	-1	0.542	11	None	GENOMAD.195656.VP	1.07e-05	45	0	0	1	9067	Straboviridae	NA	NA	PF19835;PF07453;TIGR01453;COG2827	group I intron endonuclease
k127_451970_1	23	343	321	-1	0.508	11	None	GENOMAD.158965.VP	1.397e-26	105	0	0	1	2561	Caudoviricetes	NA	NA	PF05772;PF04404;COG5362	NinB protein; ERF superfamily
k127_451996_1	2	475	474	-1	0.622	11	None	GENOMAD.169508.VP	6.48e-14	71	0	0	1	2561	Caudoviricetes	NA	NA	PF04708;PF13262;COG1961;K14060	Site-specific DNA recombinase related to the DNA invertase Pin
k127_300759_1	3	164	162	-1	0.568	11	AGGAG	NA	NA	NA	0	0	0	1	NA	NA	NA	NA	NA
k127_300759_2	161	466	306	-1	0.559	11	None	GENOMAD.005520.VV	3.485e-15	72	0	0	1	2561	Caudoviricetes	NA	NA	PF11134	Phage stabilisation protein
k127_150445_1	2	1228	1227	-1	0.625	11	None	GENOMAD.013210.VV	1.13e-20	98	0	0	1	2561	Caudoviricetes	NA	NA	PF00211;PF08994;PF08993;COG2114	Adenylate and Guanylate cyclase catalytic domain; T4 gene Gp59 loader of gp41 DNA helicase C-term; T4 gene Gp59 loader of gp41 DNA helicase
k127_100086_1	3	755	753	-1	0.610	11	None	GENOMAD.013124.VV	1.372e-21	97	0	0	1	377	Drexlerviridae	NA	NA	PF13262;COG5410	NA
k127_200672_1	1	354	354	-1	0.559	11	None	NA	NA	NA	0	0	0	1	NA	NA	NA	NA	NA
k127_200672_2	1000	2622	1623	-1	0.541	11	None	NA	NA	NA	0	0	0	1	NA	NA	NA	NA	NA
k127_301376_1	1	474	474	1	0.641	11	None	GENOMAD.223594.VP	4.249e-06	48	0	0	1	2561	Caudoviricetes	NA	NA	PF11994;PF09684;TIGR01634;COG4385	phage tail protein, P2 protein I family
k127_301376_2	471	560	90	1	0.667	11	GGAG/GAGG	NA	NA	NA	0	0	0	1	NA	NA	NA	NA	NA
k127_200809_1	2	103	102	-1	0.667	11	GGAG/GAGG	NA	NA	NA	0	0	0	1	NA	NA	NA	NA	NA
k127_200809_2	142	1401	1260	-1	0.591	11	GGAGG	GENOMAD.000175.VV	0.0001057	47	0	0	1	8305	Partitiviridae	NA	NA	PF00680;COG3344	Viral RNA-dependent RNA polymerase
k127_301412_1	3	521	519	-1	0.620	11	GGAGG	GENOMAD.154160.VP	2.741e-08	55	0	0	0	2561	Caudoviricetes	NA	NA	PF04404	ERF superfamily
k127_301412_2	505	954	450	-1	0.613	11	None	GENOMAD.151092.VV	6.301e-10	59	0	0	1	2561	Caudoviricetes	NA	NA	PF09588;COG5377;TIGR03033;K01143	Phage-related protein, predicted endonuclease
k127_351746_1	653	1111	459	1	0.636	11	GGA/GAG/AGG	GENOMAD.147427.VP	8.012e-19	85	0	0	1	2561	Caudoviricetes	NA	NA	PF07141	Putative bacteriophage terminase small subunit
k127_351746_2	1112	2554	1443	1	0.672	11	GGA/GAG/AGG	GENOMAD.182459.VP	1.209e-21	102	0	0	0	2561	Caudoviricetes	NA	NA	PF13086	NA
k127_100542_1	1	363	363	1	0.647	11	None	GENOMAD.053137.VV	9.558e-29	112	0	0	1	2561	Caudoviricetes	NA	NA	PF17482	Phage tail sheath C-terminal domain
k127_49773_1	1	603	603	-1	0.592	11	None	GENOMAD.019218.VV	2.253e-56	196	0	0	1	2561	Caudoviricetes	NA	NA	COG5410	NA
