gene	start	end	length	strand	gc_content	genetic_code	rbs_motif	marker	evalue	bitscore	uscg	plasmid_hallmark	virus_hallmark	taxid	taxname	annotation_conjscan	annotation_amr	annotation_accessions	annotation_description
k127_478694_1	2	412	411	-1	0.596	11	None	GENOMAD.013124.VV	4.643e-09	56	0	0	1	377	Drexlerviridae	NA	NA	PF13262;COG5410	NA
k127_212869_1	2	166	165	-1	0.642	11	None	GENOMAD.017840.VV	9.191e-23	91	0	0	1	2561	Caudoviricetes	NA	NA	PF17288	Terminase RNAseH like domain
k127_212869_2	163	588	426	-1	0.688	11	None	GENOMAD.017840.VV	1.098e-36	136	0	0	1	2561	Caudoviricetes	NA	NA	PF17288	Terminase RNAseH like domain
k127_213205_1	2	478	477	-1	0.686	11	None	GENOMAD.111208.VP	3.723e-31	121	0	0	1	2561	Caudoviricetes	NA	NA	PF20441	Terminase large subunit, endonuclease domain
k127_160313_1	2	544	543	-1	0.595	11	None	GENOMAD.169508.VP	3.174e-10	61	0	0	1	2561	Caudoviricetes	NA	NA	PF04708;PF13262;COG1961;K14060	Site-specific DNA recombinase related to the DNA invertase Pin
k127_54069_1	3	344	342	1	0.544	11	None	GENOMAD.162181.VP	1.204e-15	74	0	0	1	2561	Caudoviricetes	NA	NA	PF05069;COG5005;TIGR01635	Mu-like prophage protein gpG
k127_479608_1	195	356	162	1	0.574	11	AGGA	GENOMAD.200662.VV	3.978e-09	52	0	0	1	2561	Caudoviricetes	NA	NA	PF05119;COG3747;TIGR01558	Phage terminase, small subunit
k127_426417_1	3	278	276	1	0.627	11	None	NA	NA	NA	0	0	0	1	NA	NA	NA	NA	NA
k127_426417_2	275	988	714	1	0.622	11	None	GENOMAD.169508.VP	6.547e-30	121	0	0	1	2561	Caudoviricetes	NA	NA	PF04708;PF13262;COG1961;K14060	Site-specific DNA recombinase related to the DNA invertase Pin
k127_54500_1	2	304	303	-1	0.653	11	None	GENOMAD.070325.VV	3.898e-06	46	0	0	1	1	NA	NA	NA	PF09293	T4 RNase H, C terminal
k127_320324_1	1	546	546	-1	0.658	11	None	GENOMAD.159842.VV	1.079e-28	115	0	0	1	2561	Caudoviricetes	NA	NA	PF05772;PF04466;TIGR01547;COG5323	NinB protein; Phage terminase large subunit
k127_107700_1	2	553	552	1	0.621	11	None	GENOMAD.068048.VV	1.353e-14	74	0	0	1	2561	Caudoviricetes	NA	NA	PF20307;TIGR03600;K02314;COG0305	phage replicative helicase, DnaB family, HK022 subfamily
k127_160981_1	13	408	396	-1	0.366	15	None	GENOMAD.030656.VV	7.258e-11	61	0	0	1	12031	Mimiviridae	NA	NA	PF03290	Vaccinia virus I7 processing peptidase
k127_267355_1	1	390	390	1	0.662	11	None	GENOMAD.013124.VV	3.706e-09	56	0	0	1	377	Drexlerviridae	NA	NA	PF13262;COG5410	NA
k127_426933_1	2	166	165	1	0.739	11	None	NA	NA	NA	0	0	0	1	NA	NA	NA	NA	NA
k127_426933_2	171	350	180	1	0.667	11	None	GENOMAD.005104.VV	1.533e-27	105	0	0	1	2561	Caudoviricetes	NA	NA	PF20387	NA
k127_108028_1	1	378	378	1	0.598	11	None	GENOMAD.172137.VP	1.594e-25	103	0	0	1	2561	Caudoviricetes	NA	NA	PF07141;COG3728;TIGR02036	Putative bacteriophage terminase small subunit
k127_108028_2	350	466	117	1	0.641	11	GGA/GAG/AGG	NA	NA	NA	0	0	0	1	NA	NA	NA	NA	NA
k127_54937_1	2	256	255	1	0.627	11	None	GENOMAD.140052.VV	2.957e-17	77	0	0	0	1	NA	NA	NA	NA	NA
k127_54937_2	264	818	555	1	0.611	11	GGA/GAG/AGG	GENOMAD.034519.VV	3.569e-06	49	0	0	1	2561	Caudoviricetes	NA	NA	PF05136;TIGR01537;COG4695	phage portal protein, HK97 family
k127_267712_1	1	450	450	-1	0.602	11	None	GENOMAD.169508.VP	5.729e-12	65	0	0	1	2561	Caudoviricetes	NA	NA	PF04708;PF13262;COG1961;K14060	Site-specific DNA recombinase related to the DNA invertase Pin
k127_480593_1	1	1122	1122	-1	0.627	11	None	GENOMAD.181728.VV	1.634e-13	75	0	0	1	2561	Caudoviricetes	NA	NA	PF09588;COG5377;TIGR03033	Phage-related protein, predicted endonuclease
k127_321047_1	1	603	603	1	0.675	11	None	GENOMAD.104635.VP	2.28e-12	68	0	0	1	2561	Caudoviricetes	NA	NA	TIGR01760	phage tail tape measure protein, TP901 family, core region
k127_161578_1	3	332	330	1	0.627	11	None	GENOMAD.060369.VV	5.624e-05	43	0	0	1	2561	Caudoviricetes	NA	NA	PF16677	DNA-packaging protein gp3
k127_55282_1	2	364	363	1	0.689	11	None	GENOMAD.060259.VV	7.64e-06	46	0	0	1	2561	Caudoviricetes	NA	NA	PF20307;TIGR02236;COG0468;K04484	Divergent DnaB-like ATPase
k127_55326_1	3	563	561	1	0.629	11	None	GENOMAD.148122.VP	1.055e-49	176	0	0	1	2561	Caudoviricetes	NA	NA	PF20441	Terminase large subunit, endonuclease domain
k127_2042_1	229	660	432	1	0.567	11	None	GENOMAD.169508.VP	1.403e-06	49	0	0	1	2561	Caudoviricetes	NA	NA	PF04708;PF13262;COG1961;K14060	Site-specific DNA recombinase related to the DNA invertase Pin
k127_480727_1	2	949	948	-1	0.662	11	None	GENOMAD.048660.VV	2.656e-31	128	0	0	1	2561	Caudoviricetes	NA	NA	PF16510	Phage P22-like portal protein
k127_480727_2	916	1317	402	-1	0.600	11	None	NA	NA	NA	0	0	0	1	NA	NA	NA	NA	NA
k127_108531_1	59	316	258	-1	0.597	11	None	GENOMAD.160642.VP	2.102e-06	46	0	0	1	1	NA	NA	NA	PF07278;COG4220;K22014	Phage DNA packaging protein, Nu1 subunit of terminase
k127_161809_1	1	315	315	-1	0.635	11	None	GENOMAD.154686.VV	5.054e-13	66	0	0	1	2561	Caudoviricetes	NA	NA	PF17288	Terminase RNAseH like domain
k127_480899_1	1	726	726	-1	0.734	11	GGxGG	GENOMAD.078062.VV	1.129e-10	64	0	0	1	2561	Caudoviricetes	NA	NA	PF04233;TIGR01641	phage putative head morphogenesis protein, SPP1 gp7 family
k127_480899_2	723	890	168	-1	0.655	11	None	NA	NA	NA	0	0	0	1	NA	NA	NA	NA	NA
k127_321296_1	3	338	336	-1	0.643	11	None	GENOMAD.143515.VV	1.165e-06	48	0	0	1	1	NA	NA	NA	PF07750;PF11242;K13583;COG5352;TIGR00721	GcrA cell cycle regulator
k127_427938_1	40	1629	1590	-1	0.641	11	None	GENOMAD.169508.VP	1.449e-25	115	0	0	1	2561	Caudoviricetes	NA	NA	PF04708;PF13262;COG1961;K14060	Site-specific DNA recombinase related to the DNA invertase Pin
k127_2566_1	1	525	525	-1	0.646	11	None	GENOMAD.013210.VV	2.053e-36	137	0	0	1	2561	Caudoviricetes	NA	NA	PF00211;PF08994;PF08993;COG2114	Adenylate and Guanylate cyclase catalytic domain; T4 gene Gp59 loader of gp41 DNA helicase C-term; T4 gene Gp59 loader of gp41 DNA helicase
k127_2602_1	1	318	318	-1	0.638	11	None	GENOMAD.109691.VV	5.195e-21	89	0	0	1	2561	Caudoviricetes	NA	NA	PF06141	Phage minor tail protein U
k127_481325_1	3	368	366	-1	0.623	11	None	GENOMAD.019218.VV	1.706e-23	97	0	0	1	2561	Caudoviricetes	NA	NA	COG5410	NA
k127_56010_1	1	180	180	-1	0.594	11	GGA/GAG/AGG	GENOMAD.071342.VV	2.619e-15	70	0	0	1	2561	Caudoviricetes	NA	NA	PF05894;TIGR01547;COG1783	Podovirus DNA encapsidation protein (Gp16)
k127_56010_2	152	355	204	-1	0.603	11	None	NA	NA	NA	0	0	0	1	NA	NA	NA	NA	NA
k127_56033_1	1	339	339	-1	0.673	11	None	GENOMAD.066181.VV	5.203e-24	98	0	0	1	2561	Caudoviricetes	NA	NA	PF03237;COG4626;TIGR01547	Phage terminase-like protein, large subunit, contains N-terminal HTH domain
k127_481414_1	1	183	183	-1	0.617	11	None	GENOMAD.172405.VV	9.776e-18	77	0	0	1	1	NA	NA	NA	PF04586;TIGR01543;COG3740;K06904	phage prohead protease, HK97 family
k127_481414_2	180	350	171	-1	0.673	11	None	NA	NA	NA	0	0	0	1	NA	NA	NA	NA	NA
k127_215477_1	2	490	489	1	0.634	11	None	GENOMAD.023991.VV	7.125e-15	74	0	0	1	2561	Caudoviricetes	NA	NA	COG5410	Mu-like prophage FluMu protein gp28
k127_162411_1	1	639	639	1	0.596	11	None	GENOMAD.013210.VV	5.091e-43	158	0	0	1	2561	Caudoviricetes	NA	NA	PF00211;PF08994;PF08993;COG2114	Adenylate and Guanylate cyclase catalytic domain; T4 gene Gp59 loader of gp41 DNA helicase C-term; T4 gene Gp59 loader of gp41 DNA helicase
k127_268856_1	3	131	129	-1	0.721	11	GGA/GAG/AGG	NA	NA	NA	0	0	0	1	NA	NA	NA	NA	NA
k127_268856_2	86	403	318	-1	0.692	11	None	GENOMAD.192935.VP	9.111e-07	48	0	0	1	2561	Caudoviricetes	NA	NA	PF07141;COG2826;TIGR02844	Putative bacteriophage terminase small subunit
k127_109301_1	1	342	342	-1	0.558	11	None	GENOMAD.158965.VP	1.989e-34	128	0	0	1	2561	Caudoviricetes	NA	NA	PF05772;PF04404;COG5362	NinB protein; ERF superfamily
k127_56294_1	2	322	321	-1	0.614	11	None	GENOMAD.102677.VV	3.995e-24	98	0	0	1	1	NA	NA	NA	PF03592;COG3728;K07474	Terminase small subunit
k127_268958_1	3	398	396	1	0.616	11	None	GENOMAD.063098.VV	9.692e-07	49	0	0	1	2561	Caudoviricetes	NA	NA	PF11126	Transcriptional regulator DsbA
k127_3028_1	2	304	303	1	0.498	11	None	GENOMAD.151436.VP	1.928e-05	44	0	0	1	2561	Caudoviricetes	NA	NA	PF17288;TIGR01547;COG1783	phage terminase, large subunit, PBSX family
k127_481744_1	76	396	321	-1	0.592	11	None	GENOMAD.005158.VV	7.092e-10	57	0	0	1	2561	Caudoviricetes	NA	NA	PF04586;PF13395;TIGR02646;K06904	TIGR02646 family protein
k127_216053_1	3	338	336	1	0.592	11	None	NA	NA	NA	0	0	0	1	NA	NA	NA	NA	NA
k127_216053_2	212	1363	1152	-1	0.608	11	None	GENOMAD.057710.VV	2.206e-05	49	0	0	1	2561	Caudoviricetes	NA	NA	PF00589;PF04860;K07358;TIGR01537	Phage integrase family; Phage portal protein
k127_322844_1	1	549	549	-1	0.603	11	None	GENOMAD.099754.VV	0.0006944	42	0	0	1	1	NA	NA	NA	PF17289;TIGR01630;COG5362	phage uncharacterized protein (putative large terminase), C-terminal domain
k127_429323_1	2	583	582	-1	0.643	11	None	GENOMAD.169508.VP	2.006e-07	53	0	0	1	2561	Caudoviricetes	NA	NA	PF04708;PF13262;COG1961;K14060	Site-specific DNA recombinase related to the DNA invertase Pin
k127_3934_1	1	654	654	-1	0.659	11	None	GENOMAD.169508.VP	2.23e-24	104	0	0	1	2561	Caudoviricetes	NA	NA	PF04708;PF13262;COG1961;K14060	Site-specific DNA recombinase related to the DNA invertase Pin
k127_269890_1	1	384	384	1	0.674	11	None	GENOMAD.178916.VP	7.127e-19	84	0	0	1	2561	Caudoviricetes	NA	NA	PF05065;TIGR01554;COG1659	phage major capsid protein, HK97 family
k127_4081_1	2	481	480	-1	0.702	11	None	GENOMAD.177668.VP	7.809e-12	65	0	0	1	2561	Caudoviricetes	NA	NA	PF17289;COG5362	Phage terminase large subunit
k127_4216_1	22	651	630	1	0.575	11	None	GENOMAD.169508.VP	1.425e-27	113	0	0	1	2561	Caudoviricetes	NA	NA	PF04708;PF13262;COG1961;K14060	Site-specific DNA recombinase related to the DNA invertase Pin
k127_376620_1	2	334	333	1	0.637	11	None	GENOMAD.032636.VV	1.185e-05	45	0	0	1	2561	Caudoviricetes	NA	NA	PF20307;PF07486;TIGR02239;COG0468;K18947	Divergent DnaB-like ATPase; Cell Wall Hydrolase
k127_164266_1	2	421	420	1	0.612	11	None	GENOMAD.013210.VV	2.992e-16	77	0	0	1	2561	Caudoviricetes	NA	NA	PF00211;PF08994;PF08993;COG2114	Adenylate and Guanylate cyclase catalytic domain; T4 gene Gp59 loader of gp41 DNA helicase C-term; T4 gene Gp59 loader of gp41 DNA helicase
k127_323720_1	3	797	795	-1	0.629	11	None	GENOMAD.169508.VP	1.918e-14	76	0	0	1	2561	Caudoviricetes	NA	NA	PF04708;PF13262;COG1961;K14060	Site-specific DNA recombinase related to the DNA invertase Pin
k127_58049_1	2	2080	2079	-1	0.627	11	None	GENOMAD.013210.VV	1.032e-26	120	0	0	1	2561	Caudoviricetes	NA	NA	PF00211;PF08994;PF08993;COG2114	Adenylate and Guanylate cyclase catalytic domain; T4 gene Gp59 loader of gp41 DNA helicase C-term; T4 gene Gp59 loader of gp41 DNA helicase
k127_58049_2	2162	2602	441	-1	0.696	11	None	NA	NA	NA	0	0	0	1	NA	NA	NA	NA	NA
k127_217477_1	3	572	570	1	0.656	11	None	GENOMAD.013210.VV	2.906e-48	172	0	0	1	2561	Caudoviricetes	NA	NA	PF00211;PF08994;PF08993;COG2114	Adenylate and Guanylate cyclase catalytic domain; T4 gene Gp59 loader of gp41 DNA helicase C-term; T4 gene Gp59 loader of gp41 DNA helicase
k127_270773_1	1	1071	1071	1	0.683	11	None	GENOMAD.071900.VV	2.025e-17	87	0	0	1	2561	Caudoviricetes	NA	NA	PF13479;TIGR01618;COG2087;K04484	phage nucleotide-binding protein
k127_270773_2	1068	1520	453	1	0.698	11	AGGA	NA	NA	NA	0	0	0	1	NA	NA	NA	NA	NA
k127_270773_3	1517	2089	573	1	0.723	11	GGA/GAG/AGG	NA	NA	NA	0	0	0	1	NA	NA	NA	NA	NA
k127_270773_4	2086	2268	183	1	0.689	11	GGA/GAG/AGG	NA	NA	NA	0	0	0	1	NA	NA	NA	NA	NA
k127_270773_5	2265	2663	399	1	0.719	11	AGxAGG/AGGxGG	GENOMAD.223296.VP	8.749e-27	107	0	0	0	1	NA	NA	NA	NA	NA
k127_270773_6	2791	3240	450	1	0.687	11	GGAG/GAGG	GENOMAD.148187.VP	3.296e-08	54	0	0	0	2561	Caudoviricetes	NA	NA	PF00145;COG0270;TIGR00675	Site-specific DNA-cytosine methylase
k127_483489_1	1	804	804	1	0.624	11	None	GENOMAD.169508.VP	9.31e-24	104	0	0	1	2561	Caudoviricetes	NA	NA	PF04708;PF13262;COG1961;K14060	Site-specific DNA recombinase related to the DNA invertase Pin
k127_271258_1	73	366	294	-1	0.595	11	None	GENOMAD.097639.VV	3.363e-06	46	0	0	1	2561	Caudoviricetes	NA	NA	PF17289;TIGR01630;COG5362	phage uncharacterized protein (putative large terminase), C-terminal domain
k127_111675_1	3	248	246	1	0.622	11	None	GENOMAD.151092.VV	1.781e-06	46	0	0	1	2561	Caudoviricetes	NA	NA	PF09588;COG5377;TIGR03033;K01143	Phage-related protein, predicted endonuclease
k127_111675_2	232	408	177	1	0.576	11	GGAGG	NA	NA	NA	0	0	0	1	NA	NA	NA	NA	NA
k127_431061_1	1	558	558	1	0.575	11	None	GENOMAD.013124.VV	1.365e-15	77	0	0	1	377	Drexlerviridae	NA	NA	PF13262;COG5410	NA
k127_218431_1	2	100	99	-1	0.687	11	GGA/GAG/AGG	NA	NA	NA	0	0	0	1	NA	NA	NA	NA	NA
k127_218431_2	100	357	258	-1	0.674	11	None	GENOMAD.046148.VV	0.0005878	39	0	0	1	9067	Straboviridae	NA	NA	PF04965;K21530;COG3628	Baseplate wedge protein gp25
k127_5739_1	3	1100	1098	1	0.711	11	None	GENOMAD.053137.VV	4.001e-29	123	0	0	1	2561	Caudoviricetes	NA	NA	PF17482	Phage tail sheath C-terminal domain
k127_431356_1	1	333	333	-1	0.640	11	None	GENOMAD.123974.VV	3.139e-52	179	0	0	1	2561	Caudoviricetes	NA	NA	PF07409;COG4381	Phage protein GP46
k127_59240_1	3	86	84	1	0.214	11	None	NA	NA	NA	0	0	0	1	NA	NA	NA	NA	NA
k127_59240_2	88	384	297	1	0.296	11	GGA/GAG/AGG	GENOMAD.072560.VV	2.663e-24	98	0	0	1	5947	Adintoviridae	NA	NA	PF00770	Adenovirus endoprotease
k127_59240_3	404	466	63	1	0.254	11	None	NA	NA	NA	0	0	0	1	NA	NA	NA	NA	NA
k127_218750_1	3	428	426	-1	0.594	11	None	GENOMAD.169508.VP	3.228e-25	103	0	0	1	2561	Caudoviricetes	NA	NA	PF04708;PF13262;COG1961;K14060	Site-specific DNA recombinase related to the DNA invertase Pin
k127_378454_1	2	409	408	-1	0.588	11	None	GENOMAD.169508.VP	3.06e-14	71	0	0	1	2561	Caudoviricetes	NA	NA	PF04708;PF13262;COG1961;K14060	Site-specific DNA recombinase related to the DNA invertase Pin
k127_59335_1	1	483	483	1	0.586	11	None	GENOMAD.169508.VP	1.78e-22	96	0	0	1	2561	Caudoviricetes	NA	NA	PF04708;PF13262;COG1961;K14060	Site-specific DNA recombinase related to the DNA invertase Pin
k127_112469_1	1	387	387	1	0.612	11	None	GENOMAD.169508.VP	3.661e-18	82	0	0	1	2561	Caudoviricetes	NA	NA	PF04708;PF13262;COG1961;K14060	Site-specific DNA recombinase related to the DNA invertase Pin
k127_6121_1	11	454	444	-1	0.646	11	None	GENOMAD.119462.VV	1.358e-19	87	0	0	1	2561	Caudoviricetes	NA	NA	TIGR01543	phage prohead protease, HK97 family
k127_59441_1	62	523	462	-1	0.613	11	None	GENOMAD.013210.VV	7.827e-08	53	0	0	1	2561	Caudoviricetes	NA	NA	PF00211;PF08994;PF08993;COG2114	Adenylate and Guanylate cyclase catalytic domain; T4 gene Gp59 loader of gp41 DNA helicase C-term; T4 gene Gp59 loader of gp41 DNA helicase
k127_6219_1	1	351	351	1	0.621	11	None	GENOMAD.158965.VP	1.383e-39	143	0	0	1	2561	Caudoviricetes	NA	NA	PF05772;PF04404;COG5362	NinB protein; ERF superfamily
k127_378612_1	1	480	480	1	0.673	11	None	GENOMAD.068048.VV	2.643e-16	78	0	0	1	2561	Caudoviricetes	NA	NA	PF20307;TIGR03600;K02314;COG0305	phage replicative helicase, DnaB family, HK022 subfamily
k127_166023_1	1	462	462	1	0.688	11	None	GENOMAD.147017.VP	2.343e-25	104	0	0	1	2561	Caudoviricetes	NA	NA	PF04466;TIGR01547;COG1783	Phage terminase large subunit
k127_431848_1	3	311	309	1	0.647	11	None	GENOMAD.030595.VV	9.857e-05	42	0	0	1	2561	Caudoviricetes	NA	NA	PF11114;TIGR01725	phage protein, HK97 gp10 family
k127_219214_1	1	309	309	1	0.706	11	None	GENOMAD.007178.VV	1.447e-40	145	0	0	1	2561	Caudoviricetes	NA	NA	COG4653	Predicted phage phi-C31 gp36 major capsid-like protein
k127_59794_1	1	390	390	1	0.592	11	None	GENOMAD.063098.VV	8.522e-08	52	0	0	1	2561	Caudoviricetes	NA	NA	PF11126	Transcriptional regulator DsbA
k127_166274_1	3	386	384	1	0.674	11	None	GENOMAD.129999.VP	6.018e-12	64	0	0	1	2561	Caudoviricetes	NA	NA	PF04708;COG1961;K21528	Site-specific DNA recombinase related to the DNA invertase Pin
k127_219937_1	3	578	576	-1	0.602	11	None	GENOMAD.169508.VP	9.468e-25	104	0	0	1	2561	Caudoviricetes	NA	NA	PF04708;PF13262;COG1961;K14060	Site-specific DNA recombinase related to the DNA invertase Pin
k127_219957_1	2	322	321	-1	0.579	11	None	GENOMAD.039033.VV	9.988e-15	71	0	0	1	2561	Caudoviricetes	NA	NA	PF04466;COG5410	Phage terminase large subunit
k127_273287_1	3	377	375	-1	0.573	11	None	GENOMAD.123496.VV	3.3e-42	151	0	0	1	2561	Caudoviricetes	NA	NA	PF10758;COG3497	Phage tail sheath protein FI
k127_273597_1	1	360	360	-1	0.519	11	None	GENOMAD.158965.VP	7.872e-39	141	0	0	1	2561	Caudoviricetes	NA	NA	PF05772;PF04404;COG5362	NinB protein; ERF superfamily
k127_220441_1	1	519	519	-1	0.624	11	None	GENOMAD.100194.VV	4.814e-25	104	0	0	1	2561	Caudoviricetes	NA	NA	PF04466;TIGR01547;COG5323	Phage terminase large subunit
k127_220441_2	654	887	234	-1	0.624	11	None	NA	NA	NA	0	0	0	1	NA	NA	NA	NA	NA
k127_326955_1	2	238	237	-1	0.650	11	GGAGG	GENOMAD.192935.VP	2.305e-10	57	0	0	1	2561	Caudoviricetes	NA	NA	PF07141;COG2826;TIGR02844	Putative bacteriophage terminase small subunit
k127_433364_1	3	335	333	1	0.471	11	None	GENOMAD.078186.VV	9.601e-25	100	0	0	1	2561	Caudoviricetes	NA	NA	PF13479;TIGR01618;COG2087;K04484	phage nucleotide-binding protein
k127_433430_1	2	316	315	1	0.635	11	None	GENOMAD.161999.VV	6.524e-34	126	0	0	1	2561	Caudoviricetes	NA	NA	PF05894;K06909;TIGR01547;COG1783	Podovirus DNA encapsidation protein (Gp16)
k127_8109_1	2	550	549	1	0.623	11	None	GENOMAD.169508.VP	5.073e-18	84	0	0	1	2561	Caudoviricetes	NA	NA	PF04708;PF13262;COG1961;K14060	Site-specific DNA recombinase related to the DNA invertase Pin
k127_114521_1	21	746	726	1	0.456	11	GGAG/GAGG	GENOMAD.150914.VV	1.002e-23	103	0	0	1	7662	Tectiviridae	NA	NA	PF09018	P3 major capsid protein
k127_486801_1	3	599	597	1	0.551	11	None	GENOMAD.158965.VP	9.58e-65	220	0	0	1	2561	Caudoviricetes	NA	NA	PF05772;PF04404;COG5362	NinB protein; ERF superfamily
k127_486801_2	603	674	72	1	0.583	11	None	NA	NA	NA	0	0	0	1	NA	NA	NA	NA	NA
k127_486844_1	2	1528	1527	1	0.636	11	None	GENOMAD.169508.VP	1.527e-27	121	0	0	1	2561	Caudoviricetes	NA	NA	PF04708;PF13262;COG1961;K14060	Site-specific DNA recombinase related to the DNA invertase Pin
k127_486990_1	206	484	279	1	0.631	11	GGAG/GAGG	GENOMAD.038338.VV	1.384e-05	44	0	0	0	2561	Caudoviricetes	NA	NA	COG3392	NA
k127_486990_2	477	860	384	1	0.651	11	GGA/GAG/AGG	GENOMAD.154021.VP	1.905e-16	77	0	0	1	2561	Caudoviricetes	NA	NA	PF07141;TIGR03384	Putative bacteriophage terminase small subunit
k127_380857_1	3	428	426	1	0.608	11	None	GENOMAD.169508.VP	1.745e-23	98	0	0	1	2561	Caudoviricetes	NA	NA	PF04708;PF13262;COG1961;K14060	Site-specific DNA recombinase related to the DNA invertase Pin
k127_327713_1	3	578	576	-1	0.674	11	GGA/GAG/AGG	GENOMAD.178455.VP	1.549e-16	80	0	0	1	2561	Caudoviricetes	NA	NA	PF08813;COG5437;TIGR02126	Phage tail tube protein, TTP
k127_327713_2	575	1246	672	-1	0.680	11	GGAG/GAGG	GENOMAD.035571.VV	1.559e-18	87	0	0	1	2561	Caudoviricetes	NA	NA	PF20387	NA
k127_327713_3	1246	1569	324	-1	0.639	11	GGAG/GAGG	GENOMAD.011047.VV	2.198e-22	93	0	0	0	2561	Caudoviricetes	NA	NA	NA	NA
k127_327713_4	1569	1823	255	-1	0.663	11	AGGAG	NA	NA	NA	0	0	0	1	NA	NA	NA	NA	NA
k127_327713_5	1891	2040	150	-1	0.647	11	None	GENOMAD.005220.VV	3.078e-09	52	0	0	0	2561	Caudoviricetes	NA	NA	NA	NA
k127_328272_1	3	173	171	1	0.520	11	None	NA	NA	NA	0	0	0	1	NA	NA	NA	NA	NA
k127_328272_2	185	373	189	1	0.492	11	AGGA	GENOMAD.029205.VV	7.963e-07	46	0	0	1	377	Drexlerviridae	NA	NA	PF18751;COG0125;TIGR01223	Thymidylate kinase
k127_9306_1	1	294	294	1	0.633	11	None	GENOMAD.181728.VV	3.363e-06	46	0	0	1	2561	Caudoviricetes	NA	NA	PF09588;COG5377;TIGR03033	Phage-related protein, predicted endonuclease
k127_9306_2	278	379	102	1	0.657	11	GGAGG	NA	NA	NA	0	0	0	1	NA	NA	NA	NA	NA
k127_168987_1	3	2312	2310	-1	0.610	11	None	NA	NA	NA	0	0	0	1	NA	NA	NA	NA	NA
k127_168987_2	2508	2858	351	-1	0.510	11	None	GENOMAD.073624.VV	1.333e-06	48	0	0	0	2561	Caudoviricetes	NA	NA	NA	NA
k127_381791_1	2	358	357	-1	0.658	11	None	GENOMAD.058181.VV	2.744e-25	102	0	0	1	1	NA	NA	NA	PF11134	Phage stabilisation protein
k127_222279_1	2	331	330	-1	0.642	11	None	GENOMAD.013124.VV	9.072e-09	54	0	0	1	377	Drexlerviridae	NA	NA	PF13262;COG5410	NA
k127_328633_1	2	397	396	1	0.652	11	None	GENOMAD.142933.VP	2.613e-39	143	0	0	1	1	NA	NA	NA	COG3740;K06904	Phage head maturation protease
k127_63069_1	1	384	384	-1	0.664	11	None	GENOMAD.036442.VV	4.63e-15	73	0	0	1	2561	Caudoviricetes	NA	NA	PF16510;TIGR01538	Phage P22-like portal protein
k127_63123_1	3	593	591	-1	0.631	11	None	GENOMAD.169508.VP	4.753e-26	108	0	0	1	2561	Caudoviricetes	NA	NA	PF04708;PF13262;COG1961;K14060	Site-specific DNA recombinase related to the DNA invertase Pin
k127_328843_1	1	534	534	-1	0.654	11	None	GENOMAD.099865.VV	3.863e-30	119	0	0	1	2561	Caudoviricetes	NA	NA	PF04466;PF17289;TIGR01547;COG5323;K06909	phage terminase, large subunit, PBSX family
k127_435130_1	3	503	501	1	0.575	11	None	GENOMAD.057710.VV	2.413e-06	49	0	0	1	2561	Caudoviricetes	NA	NA	PF00589;PF04860;K07358;TIGR01537	Phage integrase family; Phage portal protein
k127_488447_1	2	115	114	1	0.482	11	None	GENOMAD.141437.VP	8.163e-09	50	0	0	0	1	NA	NA	NA	NA	NA
k127_488447_2	187	321	135	1	0.570	11	AGGA	GENOMAD.129884.VP	2.202e-10	55	0	0	1	2561	Caudoviricetes	NA	NA	PF10618	Phage tail tube protein
k127_488623_1	1	342	342	1	0.591	11	None	GENOMAD.191910.VP	5.963e-15	72	0	0	1	2561	Caudoviricetes	NA	NA	PF20441	Terminase large subunit, endonuclease domain
k127_223191_1	3	119	117	1	0.650	11	None	NA	NA	NA	0	0	0	1	NA	NA	NA	NA	NA
k127_223191_2	116	337	222	1	0.631	11	None	GENOMAD.095928.VV	4.114e-10	56	0	0	1	2561	Caudoviricetes	NA	NA	PF05100;TIGR01600;COG4672	lambda-like phage minor tail protein L
k127_382921_1	2	322	321	-1	0.679	11	AGGAG	GENOMAD.154686.VV	8.905e-24	97	0	0	1	2561	Caudoviricetes	NA	NA	PF17288	Terminase RNAseH like domain
k127_382921_2	277	396	120	-1	0.642	11	None	NA	NA	NA	0	0	0	1	NA	NA	NA	NA	NA
k127_10769_1	76	312	237	-1	0.477	11	AGxAGG/AGGxGG	GENOMAD.135893.VV	2.778e-08	51	0	0	1	7662	Tectiviridae	NA	NA	PF11087	PRD1 phage membrane DNA delivery
k127_10769_2	328	786	459	-1	0.412	11	None	GENOMAD.157786.VV	2.413e-14	72	0	0	0	7662	Tectiviridae	NA	NA	NA	NA
k127_170334_1	1	216	216	1	0.681	11	None	GENOMAD.038338.VV	2.289e-07	48	0	0	0	2561	Caudoviricetes	NA	NA	COG3392	NA
k127_170334_2	242	367	126	1	0.690	11	None	GENOMAD.154824.VP	2.412e-08	49	0	0	1	2561	Caudoviricetes	NA	NA	PF07141;TIGR00721;COG4584	Putative bacteriophage terminase small subunit
k127_489249_1	3	188	186	1	0.613	11	None	NA	NA	NA	0	0	0	1	NA	NA	NA	NA	NA
k127_489249_2	241	1053	813	1	0.584	11	None	GENOMAD.169508.VP	4.939e-19	90	0	0	1	2561	Caudoviricetes	NA	NA	PF04708;PF13262;COG1961;K14060	Site-specific DNA recombinase related to the DNA invertase Pin
k127_383434_1	2	586	585	1	0.579	11	None	GENOMAD.000073.VV	9.375e-07	51	0	0	1	6233	Potyviridae	NA	NA	PF00680	Viral RNA-dependent RNA polymerase
k127_117368_1	3	383	381	-1	0.593	11	None	GENOMAD.124111.VV	2.008e-15	74	0	0	1	2561	Caudoviricetes	NA	NA	PF04586;COG3740;K06904;TIGR01543	Phage head maturation protease
k127_11354_1	3	305	303	-1	0.706	11	None	GENOMAD.141431.VP	1.408e-16	76	0	0	1	2561	Caudoviricetes	NA	NA	PF04466;TIGR01547;COG1783	Phage terminase large subunit
k127_64788_1	2	544	543	-1	0.593	11	None	GENOMAD.013124.VV	3.318e-07	52	0	0	1	377	Drexlerviridae	NA	NA	PF13262;COG5410	NA
k127_224416_1	12	959	948	-1	0.621	11	None	GENOMAD.013210.VV	6.727e-11	66	0	0	1	2561	Caudoviricetes	NA	NA	PF00211;PF08994;PF08993;COG2114	Adenylate and Guanylate cyclase catalytic domain; T4 gene Gp59 loader of gp41 DNA helicase C-term; T4 gene Gp59 loader of gp41 DNA helicase
k127_277566_1	2	871	870	1	0.608	11	None	GENOMAD.169508.VP	1.496e-16	83	0	0	1	2561	Caudoviricetes	NA	NA	PF04708;PF13262;COG1961;K14060	Site-specific DNA recombinase related to the DNA invertase Pin
k127_11733_1	2	1048	1047	1	0.661	11	None	GENOMAD.000175.VV	2.176e-06	52	0	0	1	8305	Partitiviridae	NA	NA	PF00680;COG3344	Viral RNA-dependent RNA polymerase
k127_65212_1	2	316	315	-1	0.613	11	None	GENOMAD.009149.VV	5.51e-20	86	0	0	1	2561	Caudoviricetes	NA	NA	PF17288;TIGR01630	Terminase RNAseH like domain
k127_11830_1	3	311	309	-1	0.515	11	None	GENOMAD.098207.VP	6.719e-25	100	0	0	1	2561	Caudoviricetes	NA	NA	PF06673;TIGR01554;COG1659	Lactococcus lactis bacteriophage major capsid protein
k127_12131_1	3	476	474	-1	0.544	11	None	GENOMAD.009848.VV	9.186e-20	88	0	0	1	9913	Herelleviridae	NA	NA	COG5377;TIGR03033	Phage-related protein, predicted endonuclease
k127_225231_1	2	394	393	1	0.550	11	None	GENOMAD.068590.VV	1.029e-05	46	0	0	1	2561	Caudoviricetes	NA	NA	PF13871;PF11242;K11654;TIGR00721	C-terminal domain on Strawberry notch homologue
k127_118864_1	1	510	510	-1	0.606	11	None	GENOMAD.169508.VP	1.946e-25	105	0	0	1	2561	Caudoviricetes	NA	NA	PF04708;PF13262;COG1961;K14060	Site-specific DNA recombinase related to the DNA invertase Pin
k127_66298_1	3	305	303	1	0.650	11	None	GENOMAD.068048.VV	4.287e-13	66	0	0	1	2561	Caudoviricetes	NA	NA	PF20307;TIGR03600;K02314;COG0305	phage replicative helicase, DnaB family, HK022 subfamily
k127_278887_1	2	610	609	-1	0.527	11	None	GENOMAD.032636.VV	5.275e-10	61	0	0	1	2561	Caudoviricetes	NA	NA	PF20307;PF07486;TIGR02239;COG0468;K18947	Divergent DnaB-like ATPase; Cell Wall Hydrolase
k127_491485_1	3	317	315	-1	0.549	11	GGA/GAG/AGG	GENOMAD.032471.VV	1.376e-10	59	0	0	1	2561	Caudoviricetes	NA	NA	PF06745;TIGR01618;K07331;COG0467	phage nucleotide-binding protein
k127_225932_1	3	284	282	1	0.670	11	None	GENOMAD.030890.VV	5.47e-38	137	0	0	1	2561	Caudoviricetes	NA	NA	PF04466;TIGR01547	phage terminase, large subunit, PBSX family
k127_332612_1	2	421	420	-1	0.431	11	None	GENOMAD.060864.VV	1.24e-17	81	0	0	1	2561	Caudoviricetes	NA	NA	PF05133;TIGR01542	phage portal protein, putative, A118 family
k127_333061_1	3	788	786	-1	0.650	11	None	GENOMAD.013124.VV	1.766e-13	73	0	0	1	377	Drexlerviridae	NA	NA	PF13262;COG5410	NA
k127_120300_1	3	302	300	-1	0.537	11	GGAG/GAGG	NA	NA	NA	0	0	0	1	NA	NA	NA	NA	NA
k127_120300_2	317	1600	1284	-1	0.631	11	AGGA	GENOMAD.013210.VV	2.827e-30	128	0	0	1	2561	Caudoviricetes	NA	NA	PF00211;PF08994;PF08993;COG2114	Adenylate and Guanylate cyclase catalytic domain; T4 gene Gp59 loader of gp41 DNA helicase C-term; T4 gene Gp59 loader of gp41 DNA helicase
k127_333159_1	1	786	786	-1	0.636	11	None	GENOMAD.100194.VV	1.001e-35	139	0	0	1	2561	Caudoviricetes	NA	NA	PF04466;TIGR01547;COG5323	Phage terminase large subunit
k127_333159_2	790	1041	252	-1	0.631	11	None	NA	NA	NA	0	0	0	1	NA	NA	NA	NA	NA
k127_439578_1	1	171	171	1	0.643	11	None	NA	NA	NA	0	0	0	1	NA	NA	NA	NA	NA
k127_439578_2	263	577	315	1	0.619	11	None	GENOMAD.208197.VV	0.0002419	41	0	0	1	2561	Caudoviricetes	NA	NA	PF06892	NA
k127_439669_1	3	518	516	1	0.601	11	None	GENOMAD.031720.VV	5.894e-05	45	0	0	1	2561	Caudoviricetes	NA	NA	K21531	NA
k127_227110_1	3	662	660	-1	0.647	11	None	GENOMAD.060259.VV	0.0002577	44	0	0	1	2561	Caudoviricetes	NA	NA	PF20307;TIGR02236;COG0468;K04484	Divergent DnaB-like ATPase
k127_440334_1	2	265	264	1	0.667	11	None	GENOMAD.047184.VV	2.351e-13	66	0	0	1	2561	Caudoviricetes	NA	NA	PF01930;TIGR00372;COG5377	CRISPR-associated protein Cas4
k127_440334_2	220	303	84	1	0.714	11	GGA/GAG/AGG	NA	NA	NA	0	0	0	1	NA	NA	NA	NA	NA
k127_334507_1	1	915	915	1	0.586	11	None	GENOMAD.169508.VP	2.012e-17	86	0	0	1	2561	Caudoviricetes	NA	NA	PF04708;PF13262;COG1961;K14060	Site-specific DNA recombinase related to the DNA invertase Pin
k127_440895_1	2	460	459	1	0.658	11	None	GENOMAD.038338.VV	8.684e-18	82	0	0	0	2561	Caudoviricetes	NA	NA	COG3392	NA
k127_440895_2	450	839	390	1	0.605	11	GGAGG	GENOMAD.215441.VP	4.419e-06	47	0	0	0	1	NA	NA	NA	PF18932	NA
k127_440895_3	839	1177	339	1	0.611	11	GGA/GAG/AGG	GENOMAD.017632.VV	4.557e-09	55	0	0	1	2561	Caudoviricetes	NA	NA	PF03354;COG5410;TIGR01547	phage terminase, large subunit, PBSX family
k127_281477_1	1	60	60	-1	0.600	11	GGA/GAG/AGG	NA	NA	NA	0	0	0	1	NA	NA	NA	NA	NA
k127_281477_2	104	478	375	-1	0.637	11	GGA/GAG/AGG	NA	NA	NA	0	0	0	1	NA	NA	NA	NA	NA
k127_281477_3	478	900	423	-1	0.674	11	GGAGG	NA	NA	NA	0	0	0	1	NA	NA	NA	NA	NA
k127_281477_4	897	1130	234	-1	0.645	11	None	NA	NA	NA	0	0	0	1	NA	NA	NA	NA	NA
k127_281477_5	1127	1510	384	-1	0.669	11	None	GENOMAD.189732.VP	7.519e-18	81	0	0	1	2561	Caudoviricetes	NA	NA	PF17288;PF13058;COG2856	Terminase RNAseH like domain
k127_121845_1	79	1284	1206	1	0.655	11	GGA/GAG/AGG	GENOMAD.000175.VV	6.858e-07	54	0	0	1	8305	Partitiviridae	NA	NA	PF00680;COG3344	Viral RNA-dependent RNA polymerase
k127_494053_1	3	416	414	1	0.657	11	None	GENOMAD.223594.VP	2.605e-06	48	0	0	1	2561	Caudoviricetes	NA	NA	PF11994;PF09684;TIGR01634;COG4385	phage tail protein, P2 protein I family
k127_334936_1	2	316	315	-1	0.695	11	None	GENOMAD.078062.VV	5.51e-20	86	0	0	1	2561	Caudoviricetes	NA	NA	PF04233;TIGR01641	phage putative head morphogenesis protein, SPP1 gp7 family
k127_388445_1	1	405	405	1	0.669	11	None	GENOMAD.056179.VV	9.382e-19	84	0	0	1	2561	Caudoviricetes	NA	NA	PF04466;TIGR01547;COG1783;K06909	phage terminase, large subunit, PBSX family
k127_228950_1	1	372	372	-1	0.626	11	AGxAGG/AGGxGG	GENOMAD.081096.VV	4.2e-31	119	0	0	1	2561	Caudoviricetes	NA	NA	PF11651;TIGR04387;COG4653	P22 coat protein - gene protein 5
k127_16154_1	1	90	90	-1	0.611	11	GGAG/GAGG	NA	NA	NA	0	0	0	1	NA	NA	NA	NA	NA
k127_16154_2	51	488	438	-1	0.610	11	GGA/GAG/AGG	GENOMAD.019218.VV	5.336e-38	140	0	0	1	2561	Caudoviricetes	NA	NA	COG5410	NA
k127_229057_1	2	325	324	1	0.617	11	None	GENOMAD.179365.VP	3.122e-11	61	0	0	1	2561	Caudoviricetes	NA	NA	PF17289;COG5362	Phage terminase large subunit
k127_122533_1	55	627	573	1	0.532	11	None	GENOMAD.169858.VV	1.649e-14	74	0	0	1	2561	Caudoviricetes	NA	NA	PF07030;PF06074;COG4387	Mu-like prophage protein gp36
k127_494748_1	3	515	513	-1	0.604	11	None	GENOMAD.019218.VV	7.866e-37	138	0	0	1	2561	Caudoviricetes	NA	NA	COG5410	NA
k127_16421_1	2	595	594	1	0.616	11	None	GENOMAD.113513.VP	4.839e-98	316	0	0	1	2561	Caudoviricetes	NA	NA	PF11863;COG4386	Mu-like prophage tail sheath protein gpL
k127_388837_1	107	463	357	-1	0.611	11	None	GENOMAD.063098.VV	6.436e-07	49	0	0	1	2561	Caudoviricetes	NA	NA	PF11126	Transcriptional regulator DsbA
k127_229412_1	2	316	315	1	0.670	11	None	GENOMAD.023435.VV	3.035e-18	81	0	0	1	2561	Caudoviricetes	NA	NA	PF05065;TIGR01554;COG4653	phage major capsid protein, HK97 family
k127_122915_1	1	261	261	-1	0.559	11	GGAGG	GENOMAD.071130.VV	2.102e-29	112	0	0	1	1	NA	NA	NA	PF06892;COG3655;TIGR02684	DNA-binding transcriptional regulator, XRE family
k127_122915_2	265	411	147	-1	0.673	11	None	NA	NA	NA	0	0	0	1	NA	NA	NA	NA	NA
k127_389309_1	3	326	324	-1	0.605	11	None	GENOMAD.151393.VP	1.247e-28	111	0	0	1	2561	Caudoviricetes	NA	NA	PF17288;TIGR01547;COG1783	phage terminase, large subunit, PBSX family
k127_282974_1	1	498	498	-1	0.452	11	None	GENOMAD.023991.VV	6.407e-37	138	0	0	1	2561	Caudoviricetes	NA	NA	COG5410	Mu-like prophage FluMu protein gp28
k127_442453_1	2	445	444	-1	0.640	11	None	GENOMAD.154686.VV	4.105e-25	103	0	0	1	2561	Caudoviricetes	NA	NA	PF17288	Terminase RNAseH like domain
k127_70719_1	198	602	405	1	0.622	11	AGGAG	GENOMAD.129590.VP	9.024e-19	84	0	0	1	2561	Caudoviricetes	NA	NA	PF07141	Putative bacteriophage terminase small subunit
k127_70719_2	637	948	312	1	0.667	11	GGA/GAG/AGG	GENOMAD.017133.VV	2.666e-11	61	0	0	1	2561	Caudoviricetes	NA	NA	PF05894;TIGR01547;COG4373	Podovirus DNA encapsidation protein (Gp16)
k127_389829_1	2	559	558	-1	0.624	11	None	GENOMAD.023991.VV	7.893e-09	57	0	0	1	2561	Caudoviricetes	NA	NA	COG5410	Mu-like prophage FluMu protein gp28
k127_17566_1	2	460	459	-1	0.569	11	None	GENOMAD.147427.VP	2.319e-15	75	0	0	1	2561	Caudoviricetes	NA	NA	PF07141	Putative bacteriophage terminase small subunit
k127_230487_1	2	385	384	1	0.656	11	None	GENOMAD.061958.VV	1.569e-09	57	0	0	1	2561	Caudoviricetes	NA	NA	PF05065	Phage capsid family
k127_496009_1	2	319	318	1	0.623	11	None	GENOMAD.068048.VV	3.885e-16	75	0	0	1	2561	Caudoviricetes	NA	NA	PF20307;TIGR03600;K02314;COG0305	phage replicative helicase, DnaB family, HK022 subfamily
k127_443133_1	3	1082	1080	-1	0.535	11	None	GENOMAD.158965.VP	8.629e-53	193	0	0	1	2561	Caudoviricetes	NA	NA	PF05772;PF04404;COG5362	NinB protein; ERF superfamily
k127_283818_1	1	606	606	-1	0.609	11	GGA/GAG/AGG	GENOMAD.013124.VV	4.96e-13	70	0	0	1	377	Drexlerviridae	NA	NA	PF13262;COG5410	NA
k127_283818_2	599	700	102	-1	0.598	11	None	NA	NA	NA	0	0	0	1	NA	NA	NA	NA	NA
k127_230803_1	2	349	348	1	0.601	11	None	GENOMAD.023991.VV	2.635e-16	76	0	0	1	2561	Caudoviricetes	NA	NA	COG5410	Mu-like prophage FluMu protein gp28
k127_390313_1	3	206	204	-1	0.480	11	GGA/GAG/AGG	GENOMAD.078186.VV	3.959e-22	90	0	0	1	2561	Caudoviricetes	NA	NA	PF13479;TIGR01618;COG2087;K04484	phage nucleotide-binding protein
k127_390313_2	200	385	186	-1	0.457	11	None	GENOMAD.122113.VV	4.413e-11	58	0	0	0	2561	Caudoviricetes	NA	NA	NA	NA
k127_284104_1	2	976	975	1	0.628	11	None	GENOMAD.013210.VV	1.613e-28	120	0	0	1	2561	Caudoviricetes	NA	NA	PF00211;PF08994;PF08993;COG2114	Adenylate and Guanylate cyclase catalytic domain; T4 gene Gp59 loader of gp41 DNA helicase C-term; T4 gene Gp59 loader of gp41 DNA helicase
k127_337518_1	2	391	390	-1	0.579	11	None	GENOMAD.019555.VV	1e-32	124	0	0	1	2561	Caudoviricetes	NA	NA	PF11134	Phage stabilisation protein
k127_284409_1	3	623	621	1	0.623	11	None	GENOMAD.181728.VV	4.201e-20	91	0	0	1	2561	Caudoviricetes	NA	NA	PF09588;COG5377;TIGR03033	Phage-related protein, predicted endonuclease
k127_337738_1	3	77	75	-1	0.667	11	GGA/GAG/AGG	NA	NA	NA	0	0	0	1	NA	NA	NA	NA	NA
k127_337738_2	194	1774	1581	-1	0.633	11	None	GENOMAD.099865.VV	5.487e-70	250	0	0	1	2561	Caudoviricetes	NA	NA	PF04466;PF17289;TIGR01547;COG5323;K06909	phage terminase, large subunit, PBSX family
k127_284750_1	1	558	558	1	0.579	11	None	GENOMAD.169508.VP	3.228e-26	108	0	0	1	2561	Caudoviricetes	NA	NA	PF04708;PF13262;COG1961;K14060	Site-specific DNA recombinase related to the DNA invertase Pin
k127_337953_1	3	422	420	1	0.655	11	None	GENOMAD.099865.VV	3.264e-24	100	0	0	1	2561	Caudoviricetes	NA	NA	PF04466;PF17289;TIGR01547;COG5323;K06909	phage terminase, large subunit, PBSX family
k127_178362_1	1	498	498	1	0.618	11	None	GENOMAD.169508.VP	4.029e-24	101	0	0	1	2561	Caudoviricetes	NA	NA	PF04708;PF13262;COG1961;K14060	Site-specific DNA recombinase related to the DNA invertase Pin
k127_391246_1	2	679	678	-1	0.603	11	None	GENOMAD.013210.VV	7.485e-20	91	0	0	1	2561	Caudoviricetes	NA	NA	PF00211;PF08994;PF08993;COG2114	Adenylate and Guanylate cyclase catalytic domain; T4 gene Gp59 loader of gp41 DNA helicase C-term; T4 gene Gp59 loader of gp41 DNA helicase
k127_444307_1	1	384	384	-1	0.578	11	None	GENOMAD.017980.VV	5.283e-63	211	0	0	1	2561	Caudoviricetes	NA	NA	PF20387	NA
k127_391313_1	1	531	531	-1	0.638	11	GGA/GAG/AGG	GENOMAD.100194.VV	1.052e-26	109	0	0	1	2561	Caudoviricetes	NA	NA	PF04466;TIGR01547;COG5323	Phage terminase large subunit
k127_391313_2	644	979	336	-1	0.652	11	None	GENOMAD.154021.VP	6.43e-13	66	0	0	1	2561	Caudoviricetes	NA	NA	PF07141;TIGR03384	Putative bacteriophage terminase small subunit
k127_497259_1	3	167	165	1	0.661	11	None	GENOMAD.142538.VP	2.598e-06	44	0	0	0	2561	Caudoviricetes	NA	NA	PF18932	NA
k127_497259_2	155	406	252	1	0.687	11	AGGAG/GGAGG	GENOMAD.054804.VV	1.149e-11	61	0	0	1	2561	Caudoviricetes	NA	NA	PF04466;COG5323;TIGR01547	Large terminase phage packaging protein
k127_231994_1	66	362	297	1	0.630	11	GGA/GAG/AGG	GENOMAD.222908.VP	1.083e-10	59	0	0	1	2561	Caudoviricetes	NA	NA	TIGR01558;COG3747	phage terminase, small subunit, putative, P27 family
k127_285095_1	3	317	315	-1	0.657	11	None	GENOMAD.068048.VV	1.508e-17	79	0	0	1	2561	Caudoviricetes	NA	NA	PF20307;TIGR03600;K02314;COG0305	phage replicative helicase, DnaB family, HK022 subfamily
k127_338307_1	148	516	369	1	0.688	11	AGGAG	GENOMAD.060015.VV	2.199e-29	114	0	0	1	2561	Caudoviricetes	NA	NA	PF04586;COG3740;K06904;TIGR01543	Phage head maturation protease
k127_178849_1	1	516	516	1	0.653	11	None	GENOMAD.013124.VV	2.676e-08	55	0	0	1	377	Drexlerviridae	NA	NA	PF13262;COG5410	NA
k127_125619_1	1	522	522	1	0.546	11	None	GENOMAD.158965.VP	2.066e-53	186	0	0	1	2561	Caudoviricetes	NA	NA	PF05772;PF04404;COG5362	NinB protein; ERF superfamily
k127_179140_1	2	412	411	-1	0.625	11	None	GENOMAD.119462.VV	1.685e-12	66	0	0	1	2561	Caudoviricetes	NA	NA	TIGR01543	phage prohead protease, HK97 family
k127_179143_1	1	909	909	1	0.674	11	None	GENOMAD.013210.VV	9.132e-18	87	0	0	1	2561	Caudoviricetes	NA	NA	PF00211;PF08994;PF08993;COG2114	Adenylate and Guanylate cyclase catalytic domain; T4 gene Gp59 loader of gp41 DNA helicase C-term; T4 gene Gp59 loader of gp41 DNA helicase
k127_445092_1	138	479	342	-1	0.585	11	None	GENOMAD.116655.VV	5.178e-32	121	0	0	1	2561	Caudoviricetes	NA	NA	PF04860;TIGR01537;COG5005	phage portal protein, HK97 family
k127_285697_1	2	616	615	1	0.628	11	None	GENOMAD.013124.VV	9.838e-18	84	0	0	1	377	Drexlerviridae	NA	NA	PF13262;COG5410	NA
k127_392318_1	3	389	387	-1	0.587	11	None	GENOMAD.180947.VP	2.516e-22	94	0	0	1	2561	Caudoviricetes	NA	NA	PF04466;COG5323;TIGR01547;K21523	Large terminase phage packaging protein
k127_286434_1	3	437	435	-1	0.703	11	None	GENOMAD.073447.VV	5.93e-09	56	0	0	1	2561	Caudoviricetes	NA	NA	PF00580;TIGR04095;COG4373	UvrD/REP helicase N-terminal domain
k127_73914_1	3	152	150	1	0.593	11	None	GENOMAD.071130.VV	6.916e-09	51	0	0	1	1	NA	NA	NA	PF06892;COG3655;TIGR02684	DNA-binding transcriptional regulator, XRE family
k127_73914_2	149	319	171	1	0.608	11	GGAG/GAGG	NA	NA	NA	0	0	0	1	NA	NA	NA	NA	NA
k127_126679_1	1	324	324	1	0.568	11	None	GENOMAD.151393.VP	1.656e-41	148	0	0	1	2561	Caudoviricetes	NA	NA	PF17288;TIGR01547;COG1783	phage terminase, large subunit, PBSX family
k127_339758_1	239	688	450	1	0.620	11	GGAG/GAGG	GENOMAD.063098.VV	3.358e-07	51	0	0	1	2561	Caudoviricetes	NA	NA	PF11126	Transcriptional regulator DsbA
k127_446121_1	3	980	978	1	0.602	11	None	GENOMAD.109691.VV	3.011e-52	190	0	0	1	2561	Caudoviricetes	NA	NA	PF06141	Phage minor tail protein U
k127_286668_1	2	502	501	-1	0.597	11	None	GENOMAD.022372.VV	7.099e-17	80	0	0	1	2561	Caudoviricetes	NA	NA	PF04708;COG1961;K14060	Site-specific DNA recombinase related to the DNA invertase Pin
k127_286668_2	620	739	120	-1	0.558	11	None	NA	NA	NA	0	0	0	1	NA	NA	NA	NA	NA
k127_287033_1	2	157	156	-1	0.679	11	AGGA	NA	NA	NA	0	0	0	1	NA	NA	NA	NA	NA
k127_287033_2	227	1813	1587	-1	0.689	11	None	GENOMAD.008250.VV	5.697e-89	306	0	0	1	2561	Caudoviricetes	NA	NA	PF05133;TIGR01542	phage portal protein, putative, A118 family
k127_446684_1	2	373	372	1	0.677	11	None	GENOMAD.044416.VV	1.671e-06	48	0	0	1	2561	Caudoviricetes	NA	NA	TIGR01537	NA
k127_287401_1	2	670	669	1	0.611	11	None	GENOMAD.061750.VV	2.584e-134	422	0	0	1	1	NA	NA	NA	PF16510	Phage P22-like portal protein
k127_234539_1	2	379	378	-1	0.643	11	None	GENOMAD.147427.VP	4.945e-22	93	0	0	1	2561	Caudoviricetes	NA	NA	PF07141	Putative bacteriophage terminase small subunit
k127_75102_1	2	367	366	-1	0.475	11	None	GENOMAD.028110.VV	7.072e-41	147	0	0	1	2561	Caudoviricetes	NA	NA	PF13479;TIGR01618;COG0467	phage nucleotide-binding protein
k127_234550_1	3	605	603	1	0.579	11	None	GENOMAD.044416.VV	2.222e-06	50	0	0	1	2561	Caudoviricetes	NA	NA	TIGR01537	NA
k127_394068_1	2	370	369	-1	0.607	11	None	GENOMAD.178916.VP	2.236e-45	160	0	0	1	2561	Caudoviricetes	NA	NA	PF05065;TIGR01554;COG1659	phage major capsid protein, HK97 family
k127_447404_1	2	136	135	-1	0.667	11	GGAG/GAGG	NA	NA	NA	0	0	0	1	NA	NA	NA	NA	NA
k127_447404_2	144	551	408	-1	0.676	11	GGA/GAG/AGG	GENOMAD.065493.VV	6.539e-14	70	0	0	0	2561	Caudoviricetes	NA	NA	PF11436	Putative DnaT-like ssDNA binding protein
k127_447404_3	551	871	321	-1	0.695	11	AGGAG	NA	NA	NA	0	0	0	1	NA	NA	NA	NA	NA
k127_447404_4	893	1372	480	-1	0.681	11	GGAG/GAGG	GENOMAD.059596.VV	4.203e-08	54	0	0	0	1	NA	NA	NA	NA	NA
k127_447404_5	1382	1897	516	-1	0.669	11	None	GENOMAD.081096.VV	4.623e-34	130	0	0	1	2561	Caudoviricetes	NA	NA	PF11651;TIGR04387;COG4653	P22 coat protein - gene protein 5
k127_128544_1	3	320	318	1	0.346	11	None	GENOMAD.092041.VV	1.519e-09	56	0	0	1	1	NA	NA	NA	TIGR03655	NA
k127_128544_2	317	436	120	1	0.475	11	TAA	NA	NA	NA	0	0	0	1	NA	NA	NA	NA	NA
k127_288416_1	1	420	420	1	0.624	11	None	GENOMAD.141959.VP	9.115e-12	64	0	0	1	2561	Caudoviricetes	NA	NA	COG3948	Phage-related baseplate assembly protein
k127_288447_1	1	345	345	-1	0.606	11	None	GENOMAD.068048.VV	6.207e-15	72	0	0	1	2561	Caudoviricetes	NA	NA	PF20307;TIGR03600;K02314;COG0305	phage replicative helicase, DnaB family, HK022 subfamily
k127_447884_1	3	311	309	1	0.670	11	None	GENOMAD.068048.VV	8.457e-15	71	0	0	1	2561	Caudoviricetes	NA	NA	PF20307;TIGR03600;K02314;COG0305	phage replicative helicase, DnaB family, HK022 subfamily
k127_128873_1	1	309	309	1	0.680	11	None	GENOMAD.147017.VP	3.086e-17	78	0	0	1	2561	Caudoviricetes	NA	NA	PF04466;TIGR01547;COG1783	Phage terminase large subunit
k127_341834_1	2	352	351	-1	0.630	11	None	GENOMAD.016110.VV	2.744e-16	76	0	0	1	2561	Caudoviricetes	NA	NA	PF11134	Phage stabilisation protein
k127_288964_1	1	207	207	-1	0.647	11	AGxAGG/AGGxGG	GENOMAD.141431.VP	5.309e-06	44	0	0	1	2561	Caudoviricetes	NA	NA	PF04466;TIGR01547;COG1783	Phage terminase large subunit
k127_288964_2	191	694	504	-1	0.633	11	None	GENOMAD.159695.VP	2.29e-09	58	0	0	1	2561	Caudoviricetes	NA	NA	PF07141;TIGR00721;COG2826	Putative bacteriophage terminase small subunit
k127_395509_1	1	477	477	-1	0.627	11	AGGA	GENOMAD.160642.VP	3.66e-22	95	0	0	1	1	NA	NA	NA	PF07278;COG4220;K22014	Phage DNA packaging protein, Nu1 subunit of terminase
k127_342394_1	101	361	261	1	0.594	11	None	GENOMAD.223820.VV	1.827e-08	52	0	0	1	2561	Caudoviricetes	NA	NA	PF05766	Bacteriophage Lambda NinG protein
k127_182807_1	1	1194	1194	1	0.614	11	None	GENOMAD.022372.VV	3.484e-29	124	0	0	1	2561	Caudoviricetes	NA	NA	PF04708;COG1961;K14060	Site-specific DNA recombinase related to the DNA invertase Pin
k127_236520_1	1	717	717	-1	0.622	11	None	NA	NA	NA	0	0	0	1	NA	NA	NA	NA	NA
k127_236520_2	1006	1755	750	-1	0.681	11	None	GENOMAD.013210.VV	3.049e-15	78	0	0	1	2561	Caudoviricetes	NA	NA	PF00211;PF08994;PF08993;COG2114	Adenylate and Guanylate cyclase catalytic domain; T4 gene Gp59 loader of gp41 DNA helicase C-term; T4 gene Gp59 loader of gp41 DNA helicase
k127_395891_1	2	442	441	1	0.642	11	None	GENOMAD.099865.VV	2.322e-22	95	0	0	1	2561	Caudoviricetes	NA	NA	PF04466;PF17289;TIGR01547;COG5323;K06909	phage terminase, large subunit, PBSX family
k127_342786_1	3	254	252	1	0.615	11	None	GENOMAD.158976.VV	5.923e-25	99	0	0	1	2561	Caudoviricetes	NA	NA	PF17288	Terminase RNAseH like domain
k127_342786_2	258	353	96	1	0.604	11	None	NA	NA	NA	0	0	0	1	NA	NA	NA	NA	NA
k127_236731_1	3	1217	1215	-1	0.582	11	None	GENOMAD.169508.VP	3.078e-24	109	0	0	1	2561	Caudoviricetes	NA	NA	PF04708;PF13262;COG1961;K14060	Site-specific DNA recombinase related to the DNA invertase Pin
k127_449187_1	3	446	444	1	0.559	11	None	GENOMAD.169508.VP	3.684e-17	80	0	0	1	2561	Caudoviricetes	NA	NA	PF04708;PF13262;COG1961;K14060	Site-specific DNA recombinase related to the DNA invertase Pin
k127_129947_1	2	493	492	1	0.608	11	None	GENOMAD.022372.VV	6.424e-17	80	0	0	1	2561	Caudoviricetes	NA	NA	PF04708;COG1961;K14060	Site-specific DNA recombinase related to the DNA invertase Pin
k127_449262_1	3	494	492	1	0.650	11	None	GENOMAD.178051.VP	1.723e-13	70	0	0	1	2561	Caudoviricetes	NA	NA	PF02195;PF17288;TIGR00180;COG1475	ParB/RepB/Spo0J family partition protein
k127_77453_1	3	413	411	-1	0.684	11	None	GENOMAD.178916.VP	1.798e-62	210	0	0	1	2561	Caudoviricetes	NA	NA	PF05065;TIGR01554;COG1659	phage major capsid protein, HK97 family
k127_343286_1	2	484	483	-1	0.611	11	None	GENOMAD.169508.VP	1.023e-19	88	0	0	1	2561	Caudoviricetes	NA	NA	PF04708;PF13262;COG1961;K14060	Site-specific DNA recombinase related to the DNA invertase Pin
k127_24282_1	3	263	261	-1	0.644	11	GGAG/GAGG	GENOMAD.192935.VP	1.827e-08	52	0	0	1	2561	Caudoviricetes	NA	NA	PF07141;COG2826;TIGR02844	Putative bacteriophage terminase small subunit
k127_77735_1	1	339	339	1	0.634	11	None	GENOMAD.063098.VV	1.068e-07	51	0	0	1	2561	Caudoviricetes	NA	NA	PF11126	Transcriptional regulator DsbA
k127_24420_1	3	632	630	-1	0.598	11	None	GENOMAD.169508.VP	1.522e-26	110	0	0	1	2561	Caudoviricetes	NA	NA	PF04708;PF13262;COG1961;K14060	Site-specific DNA recombinase related to the DNA invertase Pin
k127_130601_1	1	300	300	1	0.637	11	None	GENOMAD.001748.VV	5.058e-11	60	0	0	1	2561	Caudoviricetes	NA	NA	PF20387	NA
k127_449846_1	3	1157	1155	1	0.684	11	None	GENOMAD.033798.VV	1.068e-86	293	0	0	1	2561	Caudoviricetes	NA	NA	PF11134	Phage stabilisation protein
k127_183940_1	3	344	342	-1	0.576	11	None	GENOMAD.017632.VV	9.583e-10	57	0	0	1	2561	Caudoviricetes	NA	NA	PF03354;COG5410;TIGR01547	phage terminase, large subunit, PBSX family
k127_343765_1	3	731	729	1	0.631	11	None	GENOMAD.169508.VP	8.56e-28	115	0	0	1	2561	Caudoviricetes	NA	NA	PF04708;PF13262;COG1961;K14060	Site-specific DNA recombinase related to the DNA invertase Pin
k127_183962_1	97	348	252	1	0.508	11	None	GENOMAD.059684.VV	6.429e-10	56	0	0	1	2561	Caudoviricetes	NA	NA	TIGR04387	major capsid protein, N4-gp56 family
k127_290766_1	44	637	594	-1	0.652	11	None	GENOMAD.068048.VV	4.082e-15	76	0	0	1	2561	Caudoviricetes	NA	NA	PF20307;TIGR03600;K02314;COG0305	phage replicative helicase, DnaB family, HK022 subfamily
k127_78264_1	1	591	591	-1	0.658	11	None	GENOMAD.048660.VV	5.287e-35	134	0	0	1	2561	Caudoviricetes	NA	NA	PF16510	Phage P22-like portal protein
k127_238063_1	6	932	927	-1	0.665	11	None	GENOMAD.141028.VP	6.18e-05	47	0	0	1	2561	Caudoviricetes	NA	NA	PF04466;PF17289;TIGR01547;COG1783;K06909	phage terminase, large subunit, PBSX family
k127_503259_1	1	894	894	-1	0.582	11	AGxAGG/AGGxGG	GENOMAD.178051.VP	4.15e-22	100	0	0	1	2561	Caudoviricetes	NA	NA	PF02195;PF17288;TIGR00180;COG1475	ParB/RepB/Spo0J family partition protein
k127_503259_2	866	1378	513	-1	0.559	11	None	NA	NA	NA	0	0	0	1	NA	NA	NA	NA	NA
k127_503259_3	1375	1596	222	-1	0.541	11	None	NA	NA	NA	0	0	0	1	NA	NA	NA	NA	NA
k127_238161_1	3	680	678	-1	0.628	11	None	GENOMAD.169508.VP	1.1e-27	114	0	0	1	2561	Caudoviricetes	NA	NA	PF04708;PF13262;COG1961;K14060	Site-specific DNA recombinase related to the DNA invertase Pin
k127_397429_1	2	373	372	1	0.675	11	None	GENOMAD.054522.VV	1.805e-31	120	0	0	1	2561	Caudoviricetes	NA	NA	PF17212	Tail tubular protein
k127_397429_2	423	497	75	1	0.680	11	GGA/GAG/AGG	NA	NA	NA	0	0	0	1	NA	NA	NA	NA	NA
k127_397644_1	120	359	240	-1	0.637	11	None	GENOMAD.097639.VV	1.309e-15	72	0	0	1	2561	Caudoviricetes	NA	NA	PF17289;TIGR01630;COG5362	phage uncharacterized protein (putative large terminase), C-terminal domain
k127_184758_1	1	2823	2823	-1	0.697	11	None	GENOMAD.117045.VV	9.705e-72	266	0	0	1	2561	Caudoviricetes	NA	NA	PF04233;TIGR01641;K21690	phage putative head morphogenesis protein, SPP1 gp7 family
k127_291367_1	3	902	900	1	0.587	11	None	GENOMAD.019218.VV	1.618e-89	297	0	0	1	2561	Caudoviricetes	NA	NA	COG5410	NA
k127_184884_1	2	448	447	1	0.651	11	None	GENOMAD.037086.VV	2.298e-23	98	0	0	1	2561	Caudoviricetes	NA	NA	PF20441;PF03354;COG4626;TIGR01547	Phage terminase-like protein, large subunit, contains N-terminal HTH domain
k127_450908_1	1	654	654	1	0.668	11	None	GENOMAD.013210.VV	1.133e-22	99	0	0	1	2561	Caudoviricetes	NA	NA	PF00211;PF08994;PF08993;COG2114	Adenylate and Guanylate cyclase catalytic domain; T4 gene Gp59 loader of gp41 DNA helicase C-term; T4 gene Gp59 loader of gp41 DNA helicase
k127_78920_1	2	313	312	1	0.561	11	None	GENOMAD.094133.VV	3.873e-23	95	0	0	1	2561	Caudoviricetes	NA	NA	PF17289	NA
k127_131743_1	162	1031	870	-1	0.561	11	None	GENOMAD.013210.VV	1.411e-28	119	0	0	1	2561	Caudoviricetes	NA	NA	PF00211;PF08994;PF08993;COG2114	Adenylate and Guanylate cyclase catalytic domain; T4 gene Gp59 loader of gp41 DNA helicase C-term; T4 gene Gp59 loader of gp41 DNA helicase
k127_185143_1	2	247	246	-1	0.679	11	GGAGG	NA	NA	NA	0	0	0	1	NA	NA	NA	NA	NA
k127_185143_2	247	414	168	-1	0.690	11	None	GENOMAD.136368.VP	2.731e-06	44	0	0	1	2561	Caudoviricetes	NA	NA	PF05069;TIGR01725;COG5005	phage protein, HK97 gp10 family
k127_131957_1	66	197	132	-1	0.220	4	TAA	NA	NA	NA	0	0	0	1	NA	NA	NA	NA	NA
k127_131957_2	230	1072	843	-1	0.225	4	None	GENOMAD.154384.VP	7.951e-09	59	0	0	1	2561	Caudoviricetes	NA	NA	PF19835;TIGR01453;COG3680	group I intron endonuclease
k127_238906_1	1	318	318	1	0.660	11	None	GENOMAD.061958.VV	9.444e-07	48	0	0	1	2561	Caudoviricetes	NA	NA	PF05065	Phage capsid family
k127_344968_1	1	840	840	-1	0.702	11	None	GENOMAD.191926.VP	5.511e-15	78	0	0	1	2561	Caudoviricetes	NA	NA	COG5377	Phage-related protein, predicted endonuclease
k127_344968_2	837	926	90	-1	0.700	11	None	NA	NA	NA	0	0	0	1	NA	NA	NA	NA	NA
k127_25864_1	75	488	414	1	0.633	11	AGGAG	GENOMAD.192935.VP	3.856e-12	65	0	0	1	2561	Caudoviricetes	NA	NA	PF07141;COG2826;TIGR02844	Putative bacteriophage terminase small subunit
k127_132099_1	15	560	546	1	0.608	11	GGAG/GAGG	GENOMAD.022372.VV	1.366e-25	106	0	0	1	2561	Caudoviricetes	NA	NA	PF04708;COG1961;K14060	Site-specific DNA recombinase related to the DNA invertase Pin
k127_185368_1	70	855	786	-1	0.662	11	None	GENOMAD.013210.VV	7.879e-13	71	0	0	1	2561	Caudoviricetes	NA	NA	PF00211;PF08994;PF08993;COG2114	Adenylate and Guanylate cyclase catalytic domain; T4 gene Gp59 loader of gp41 DNA helicase C-term; T4 gene Gp59 loader of gp41 DNA helicase
k127_79594_1	2	721	720	-1	0.656	11	None	GENOMAD.142933.VP	2.471e-100	325	0	0	1	1	NA	NA	NA	COG3740;K06904	Phage head maturation protease
k127_132515_1	3	488	486	1	0.562	11	None	GENOMAD.013210.VV	1.78e-22	96	0	0	1	2561	Caudoviricetes	NA	NA	PF00211;PF08994;PF08993;COG2114	Adenylate and Guanylate cyclase catalytic domain; T4 gene Gp59 loader of gp41 DNA helicase C-term; T4 gene Gp59 loader of gp41 DNA helicase
k127_292378_1	3	167	165	1	0.673	11	None	NA	NA	NA	0	0	0	1	NA	NA	NA	NA	NA
k127_292378_2	168	620	453	1	0.634	11	None	GENOMAD.057881.VV	7.577e-45	160	0	0	0	2561	Caudoviricetes	NA	NA	NA	NA
k127_292378_3	626	778	153	1	0.634	11	None	GENOMAD.032635.VV	1.671e-22	90	0	0	1	2561	Caudoviricetes	NA	NA	PF06199;COG5437;TIGR02126	Predicted secreted protein
k127_185833_1	3	311	309	-1	0.608	11	None	GENOMAD.068048.VV	2.089e-13	67	0	0	1	2561	Caudoviricetes	NA	NA	PF20307;TIGR03600;K02314;COG0305	phage replicative helicase, DnaB family, HK022 subfamily
k127_504961_1	2	382	381	-1	0.675	11	None	GENOMAD.147017.VP	2.183e-39	143	0	0	1	2561	Caudoviricetes	NA	NA	PF04466;TIGR01547;COG1783	Phage terminase large subunit
k127_452193_1	3	527	525	-1	0.688	11	None	GENOMAD.173419.VV	6.238e-05	45	0	0	1	1	NA	NA	NA	TIGR01725	phage protein, HK97 gp10 family
k127_27071_1	1	480	480	1	0.665	11	None	GENOMAD.093634.VV	8.249e-11	62	0	0	1	1	NA	NA	NA	COG4379	NA
k127_505326_1	2	373	372	1	0.608	11	None	GENOMAD.191910.VP	1.724e-06	48	0	0	1	2561	Caudoviricetes	NA	NA	PF20441	Terminase large subunit, endonuclease domain
k127_452603_1	1	351	351	1	0.658	11	None	GENOMAD.017840.VV	1.689e-37	137	0	0	1	2561	Caudoviricetes	NA	NA	PF17288	Terminase RNAseH like domain
k127_346368_1	1	951	951	-1	0.634	11	None	GENOMAD.013210.VV	2.671e-49	181	0	0	1	2561	Caudoviricetes	NA	NA	PF00211;PF08994;PF08993;COG2114	Adenylate and Guanylate cyclase catalytic domain; T4 gene Gp59 loader of gp41 DNA helicase C-term; T4 gene Gp59 loader of gp41 DNA helicase
k127_346424_1	3	191	189	-1	0.640	11	GGAGG	NA	NA	NA	0	0	0	1	NA	NA	NA	NA	NA
k127_346424_2	175	405	231	-1	0.623	11	None	GENOMAD.151092.VV	2.862e-07	48	0	0	1	2561	Caudoviricetes	NA	NA	PF09588;COG5377;TIGR03033;K01143	Phage-related protein, predicted endonuclease
k127_346466_1	3	632	630	1	0.633	11	None	GENOMAD.068590.VV	2.436e-05	47	0	0	1	2561	Caudoviricetes	NA	NA	PF13871;PF11242;K11654;TIGR00721	C-terminal domain on Strawberry notch homologue
k127_293457_1	2	769	768	-1	0.630	11	AGGAG	GENOMAD.018718.VV	1.02e-54	194	0	0	1	2561	Caudoviricetes	NA	NA	PF04466	Phage terminase large subunit
k127_293457_2	769	1095	327	-1	0.661	11	GGA/GAG/AGG	GENOMAD.171398.VP	1.713e-17	79	0	0	0	2561	Caudoviricetes	NA	NA	NA	NA
k127_293461_1	2	259	258	1	0.698	11	None	NA	NA	NA	0	0	0	1	NA	NA	NA	NA	NA
k127_293461_2	252	455	204	1	0.696	11	GGAG/GAGG	NA	NA	NA	0	0	0	1	NA	NA	NA	NA	NA
k127_293461_3	459	1049	591	1	0.706	11	GGA/GAG/AGG	GENOMAD.159646.VP	9.028e-47	168	0	0	0	2561	Caudoviricetes	NA	NA	NA	NA
k127_293461_4	1056	2537	1482	1	0.694	11	GGA/GAG/AGG	GENOMAD.023991.VV	6.397e-41	162	0	0	1	2561	Caudoviricetes	NA	NA	COG5410	Mu-like prophage FluMu protein gp28
k127_293461_5	2743	3069	327	1	0.725	11	GGA/GAG/AGG	NA	NA	NA	0	0	0	1	NA	NA	NA	NA	NA
k127_399962_1	3	341	339	-1	0.693	11	GGA/GAG/AGG	GENOMAD.068187.VV	1.205e-06	48	0	0	1	2561	Caudoviricetes	NA	NA	PF06892;TIGR00673;K22299;COG3655	cyanase
k127_399962_2	569	832	264	1	0.659	11	GGA/GAG/AGG	GENOMAD.130105.VV	2.106e-14	69	0	0	0	2561	Caudoviricetes	NA	NA	PF18010;TIGR00673;COG3655;K22299	cyanase
k127_399962_3	846	935	90	1	0.678	11	AGGAG	NA	NA	NA	0	0	0	1	NA	NA	NA	NA	NA
k127_347044_1	2	355	354	1	0.715	11	None	NA	NA	NA	0	0	0	1	NA	NA	NA	NA	NA
k127_347044_2	352	768	417	1	0.717	11	GGAGG	NA	NA	NA	0	0	0	1	NA	NA	NA	NA	NA
k127_347044_3	768	983	216	1	0.685	11	GGAG/GAGG	NA	NA	NA	0	0	0	1	NA	NA	NA	NA	NA
k127_347044_4	980	1342	363	1	0.711	11	GGAG/GAGG	GENOMAD.197265.VV	6.88e-16	75	0	0	0	1	NA	NA	NA	NA	NA
k127_347044_5	1339	1725	387	1	0.682	11	GGAGG	GENOMAD.071900.VV	9.571e-33	124	0	0	1	2561	Caudoviricetes	NA	NA	PF13479;TIGR01618;COG2087;K04484	phage nucleotide-binding protein
k127_81301_1	1	444	444	-1	0.608	11	None	GENOMAD.169508.VP	3.394e-18	83	0	0	1	2561	Caudoviricetes	NA	NA	PF04708;PF13262;COG1961;K14060	Site-specific DNA recombinase related to the DNA invertase Pin
k127_81307_1	3	620	618	1	0.620	11	None	GENOMAD.113513.VP	3.624e-105	337	0	0	1	2561	Caudoviricetes	NA	NA	PF11863;COG4386	Mu-like prophage tail sheath protein gpL
k127_400368_1	1	363	363	1	0.628	11	None	GENOMAD.053100.VV	7.346e-24	98	0	0	1	1	NA	NA	NA	PF16510	Phage P22-like portal protein
k127_28298_1	3	470	468	-1	0.650	11	None	GENOMAD.148122.VP	5.079e-35	132	0	0	1	2561	Caudoviricetes	NA	NA	PF20441	Terminase large subunit, endonuclease domain
k127_347664_1	3	506	504	-1	0.663	11	None	GENOMAD.013210.VV	2.057e-12	67	0	0	1	2561	Caudoviricetes	NA	NA	PF00211;PF08994;PF08993;COG2114	Adenylate and Guanylate cyclase catalytic domain; T4 gene Gp59 loader of gp41 DNA helicase C-term; T4 gene Gp59 loader of gp41 DNA helicase
k127_134714_1	1	582	582	1	0.617	11	None	GENOMAD.169508.VP	9.451e-26	107	0	0	1	2561	Caudoviricetes	NA	NA	PF04708;PF13262;COG1961;K14060	Site-specific DNA recombinase related to the DNA invertase Pin
k127_82056_1	3	347	345	1	0.580	11	None	GENOMAD.129999.VP	4.083e-11	61	0	0	1	2561	Caudoviricetes	NA	NA	PF04708;COG1961;K21528	Site-specific DNA recombinase related to the DNA invertase Pin
k127_188152_1	2	790	789	-1	0.644	11	None	GENOMAD.023991.VV	4.103e-16	81	0	0	1	2561	Caudoviricetes	NA	NA	COG5410	Mu-like prophage FluMu protein gp28
k127_347900_1	2	907	906	-1	0.551	11	None	GENOMAD.169508.VP	9.72e-22	99	0	0	1	2561	Caudoviricetes	NA	NA	PF04708;PF13262;COG1961;K14060	Site-specific DNA recombinase related to the DNA invertase Pin
k127_134973_1	2	304	303	1	0.584	11	None	GENOMAD.129999.VP	2.831e-17	78	0	0	1	2561	Caudoviricetes	NA	NA	PF04708;COG1961;K21528	Site-specific DNA recombinase related to the DNA invertase Pin
k127_29034_1	70	387	318	-1	0.604	11	None	GENOMAD.005158.VV	1.376e-10	59	0	0	1	2561	Caudoviricetes	NA	NA	PF04586;PF13395;TIGR02646;K06904	TIGR02646 family protein
k127_29267_1	2	307	306	-1	0.673	11	None	GENOMAD.155508.VV	8.989e-14	68	0	0	1	1	NA	NA	NA	COG4723	NA
k127_295285_1	7	450	444	-1	0.716	11	None	GENOMAD.169508.VP	1.225e-10	61	0	0	1	2561	Caudoviricetes	NA	NA	PF04708;PF13262;COG1961;K14060	Site-specific DNA recombinase related to the DNA invertase Pin
k127_454753_1	3	593	591	1	0.631	11	None	GENOMAD.169508.VP	3.371e-19	88	0	0	1	2561	Caudoviricetes	NA	NA	PF04708;PF13262;COG1961;K14060	Site-specific DNA recombinase related to the DNA invertase Pin
k127_401682_1	2	394	393	1	0.618	11	None	GENOMAD.023991.VV	2.73e-22	94	0	0	1	2561	Caudoviricetes	NA	NA	COG5410	Mu-like prophage FluMu protein gp28
k127_295404_1	3	236	234	-1	0.543	11	None	GENOMAD.087347.VV	4.397e-11	59	0	0	1	1	NA	NA	NA	PF06141	Phage minor tail protein U
k127_401801_1	3	344	342	-1	0.605	11	None	GENOMAD.141050.VP	1.769e-11	62	0	0	1	1	NA	NA	NA	PF05396	Phage T7 capsid assembly protein
k127_242583_1	2	364	363	1	0.658	11	None	GENOMAD.147017.VP	9.101e-38	138	0	0	1	2561	Caudoviricetes	NA	NA	PF04466;TIGR01547;COG1783	Phage terminase large subunit
k127_242663_1	116	1357	1242	-1	0.610	11	None	GENOMAD.013210.VV	3.046e-60	217	0	0	1	2561	Caudoviricetes	NA	NA	PF00211;PF08994;PF08993;COG2114	Adenylate and Guanylate cyclase catalytic domain; T4 gene Gp59 loader of gp41 DNA helicase C-term; T4 gene Gp59 loader of gp41 DNA helicase
k127_189322_1	3	338	336	1	0.655	11	None	GENOMAD.197056.VP	4.948e-32	121	0	0	1	2561	Caudoviricetes	NA	NA	PF13479;TIGR01618	AAA domain
k127_189327_1	46	339	294	1	0.592	11	GGA/GAG/AGG	GENOMAD.129590.VP	2.014e-19	84	0	0	1	2561	Caudoviricetes	NA	NA	PF07141	Putative bacteriophage terminase small subunit
k127_189368_1	2	907	906	-1	0.635	11	GGGGG	GENOMAD.013210.VV	8.274e-16	81	0	0	1	2561	Caudoviricetes	NA	NA	PF00211;PF08994;PF08993;COG2114	Adenylate and Guanylate cyclase catalytic domain; T4 gene Gp59 loader of gp41 DNA helicase C-term; T4 gene Gp59 loader of gp41 DNA helicase
k127_83348_1	2	664	663	1	0.635	11	None	GENOMAD.181728.VV	3.417e-16	80	0	0	1	2561	Caudoviricetes	NA	NA	PF09588;COG5377;TIGR03033	Phage-related protein, predicted endonuclease
k127_296201_1	2	466	465	1	0.551	11	None	GENOMAD.023991.VV	1.341e-12	67	0	0	1	2561	Caudoviricetes	NA	NA	COG5410	Mu-like prophage FluMu protein gp28
k127_296201_2	482	646	165	1	0.497	11	None	NA	NA	NA	0	0	0	1	NA	NA	NA	NA	NA
k127_30326_1	1	264	264	-1	0.561	11	GGA/GAG/AGG	GENOMAD.069322.VV	8.524e-09	53	0	0	1	1	NA	NA	NA	TIGR01555;COG3567	phage-related protein, HI1409 family
k127_455852_1	1	672	672	-1	0.625	11	None	GENOMAD.013210.VV	1.697e-16	81	0	0	1	2561	Caudoviricetes	NA	NA	PF00211;PF08994;PF08993;COG2114	Adenylate and Guanylate cyclase catalytic domain; T4 gene Gp59 loader of gp41 DNA helicase C-term; T4 gene Gp59 loader of gp41 DNA helicase
k127_30481_1	3	95	93	1	0.624	11	None	NA	NA	NA	0	0	0	1	NA	NA	NA	NA	NA
k127_30481_2	153	311	159	-1	0.629	11	None	GENOMAD.063098.VV	1.191e-05	42	0	0	1	2561	Caudoviricetes	NA	NA	PF11126	Transcriptional regulator DsbA
k127_349591_1	2	334	333	1	0.640	11	None	GENOMAD.053137.VV	3.185e-12	64	0	0	1	2561	Caudoviricetes	NA	NA	PF17482	Phage tail sheath C-terminal domain
k127_402902_1	3	344	342	1	0.468	11	None	GENOMAD.066106.VV	1.049e-08	54	0	0	1	2561	Caudoviricetes	NA	NA	PF08804	gp32 DNA binding protein like
k127_403538_1	2	313	312	-1	0.644	11	None	GENOMAD.159842.VV	1.151e-27	108	0	0	1	2561	Caudoviricetes	NA	NA	PF05772;PF04466;TIGR01547;COG5323	NinB protein; Phage terminase large subunit
k127_509379_1	1	408	408	-1	0.694	11	GGAGG	GENOMAD.147017.VP	7.777e-30	116	0	0	1	2561	Caudoviricetes	NA	NA	PF04466;TIGR01547;COG1783	Phage terminase large subunit
k127_509379_2	395	847	453	-1	0.653	11	GGAG/GAGG	GENOMAD.192935.VP	5.35e-13	68	0	0	1	2561	Caudoviricetes	NA	NA	PF07141;COG2826;TIGR02844	Putative bacteriophage terminase small subunit
k127_509379_3	1074	1328	255	-1	0.573	11	None	NA	NA	NA	0	0	0	1	NA	NA	NA	NA	NA
k127_137603_1	3	458	456	-1	0.662	11	None	GENOMAD.016898.VV	5.723e-23	97	0	0	1	2561	Caudoviricetes	NA	NA	PF05133;TIGR01538	phage portal protein, SPP1 family
k127_137730_1	1	522	522	1	0.617	11	None	GENOMAD.013210.VV	1.259e-09	59	0	0	1	2561	Caudoviricetes	NA	NA	PF00211;PF08994;PF08993;COG2114	Adenylate and Guanylate cyclase catalytic domain; T4 gene Gp59 loader of gp41 DNA helicase C-term; T4 gene Gp59 loader of gp41 DNA helicase
k127_509830_1	41	466	426	1	0.573	11	None	GENOMAD.055451.VV	1.119e-09	58	0	0	1	1	NA	NA	NA	PF19905	NA
k127_244856_1	3	1112	1110	1	0.568	11	None	GENOMAD.013124.VV	4.519e-10	64	0	0	1	377	Drexlerviridae	NA	NA	PF13262;COG5410	NA
k127_245361_1	3	308	306	1	0.624	11	None	GENOMAD.129999.VP	9.715e-21	88	0	0	1	2561	Caudoviricetes	NA	NA	PF04708;COG1961;K21528	Site-specific DNA recombinase related to the DNA invertase Pin
k127_351594_1	3	329	327	-1	0.566	11	None	GENOMAD.148016.VP	0.0001245	42	0	0	1	2561	Caudoviricetes	NA	NA	PF05119;COG3747;TIGR01558	Phage terminase, small subunit
k127_85951_1	1	720	720	-1	0.656	11	None	GENOMAD.169508.VP	2.323e-10	63	0	0	1	2561	Caudoviricetes	NA	NA	PF04708;PF13262;COG1961;K14060	Site-specific DNA recombinase related to the DNA invertase Pin
k127_138844_1	3	98	96	1	0.583	11	None	NA	NA	NA	0	0	0	1	NA	NA	NA	NA	NA
k127_138844_2	70	366	297	1	0.626	11	None	GENOMAD.111606.VP	5.386e-10	57	0	0	1	2561	Caudoviricetes	NA	NA	PF03592;COG3728;K07474	Terminase small subunit
k127_298796_1	2	895	894	1	0.612	11	None	GENOMAD.057710.VV	6.587e-06	50	0	0	1	2561	Caudoviricetes	NA	NA	PF00589;PF04860;K07358;TIGR01537	Phage integrase family; Phage portal protein
k127_298796_2	908	1012	105	-1	0.638	11	None	NA	NA	NA	0	0	0	1	NA	NA	NA	NA	NA
k127_510996_1	3	1322	1320	1	0.646	11	None	GENOMAD.099865.VV	1.877e-71	251	0	0	1	2561	Caudoviricetes	NA	NA	PF04466;PF17289;TIGR01547;COG5323;K06909	phage terminase, large subunit, PBSX family
k127_32992_1	1	519	519	1	0.661	11	None	GENOMAD.013210.VV	3.922e-17	81	0	0	1	2561	Caudoviricetes	NA	NA	PF00211;PF08994;PF08993;COG2114	Adenylate and Guanylate cyclase catalytic domain; T4 gene Gp59 loader of gp41 DNA helicase C-term; T4 gene Gp59 loader of gp41 DNA helicase
k127_352236_1	2	715	714	1	0.654	11	None	GENOMAD.097639.VV	2.884e-30	122	0	0	1	2561	Caudoviricetes	NA	NA	PF17289;TIGR01630;COG5362	phage uncharacterized protein (putative large terminase), C-terminal domain
k127_405572_1	2	418	417	1	0.616	11	None	GENOMAD.160552.VV	8.815e-12	64	0	0	1	2561	Caudoviricetes	NA	NA	PF09588;COG5377;TIGR03033	Phage-related protein, predicted endonuclease
k127_299535_1	3	1640	1638	1	0.607	11	None	GENOMAD.020821.VV	8.335e-17	87	0	0	1	2561	Caudoviricetes	NA	NA	PF05876;PF16203;K14440;COG5410;TIGR04095	ERCC4-related helicase
k127_246606_1	2	328	327	1	0.627	11	None	GENOMAD.079039.VV	5.167e-06	46	0	0	1	2561	Caudoviricetes	NA	NA	PF14594;TIGR01665;COG4379	Siphovirus ReqiPepy6 Gp37-like protein
k127_406135_1	93	380	288	-1	0.604	11	None	GENOMAD.063098.VV	2.812e-07	49	0	0	1	2561	Caudoviricetes	NA	NA	PF11126	Transcriptional regulator DsbA
k127_299948_1	2	970	969	-1	0.695	11	None	GENOMAD.013210.VV	2.831e-18	89	0	0	1	2561	Caudoviricetes	NA	NA	PF00211;PF08994;PF08993;COG2114	Adenylate and Guanylate cyclase catalytic domain; T4 gene Gp59 loader of gp41 DNA helicase C-term; T4 gene Gp59 loader of gp41 DNA helicase
k127_299948_2	977	1075	99	-1	0.697	11	None	NA	NA	NA	0	0	0	1	NA	NA	NA	NA	NA
k127_247182_1	3	332	330	1	0.679	11	None	GENOMAD.058181.VV	6.182e-21	89	0	0	1	1	NA	NA	NA	PF11134	Phage stabilisation protein
k127_406734_1	52	417	366	1	0.596	11	AGGAG	GENOMAD.108416.VP	2.829e-26	105	0	0	1	2561	Caudoviricetes	NA	NA	PF11863;COG4386	Mu-like prophage tail sheath protein gpL
k127_140893_1	1	351	351	1	0.709	11	None	GENOMAD.068048.VV	1.27e-07	51	0	0	1	2561	Caudoviricetes	NA	NA	PF20307;TIGR03600;K02314;COG0305	phage replicative helicase, DnaB family, HK022 subfamily
k127_406949_1	2	601	600	1	0.653	11	None	GENOMAD.097639.VV	7.494e-32	125	0	0	1	2561	Caudoviricetes	NA	NA	PF17289;TIGR01630;COG5362	phage uncharacterized protein (putative large terminase), C-terminal domain
k127_247939_1	2	796	795	1	0.616	11	None	GENOMAD.013210.VV	2.347e-35	138	0	0	1	2561	Caudoviricetes	NA	NA	PF00211;PF08994;PF08993;COG2114	Adenylate and Guanylate cyclase catalytic domain; T4 gene Gp59 loader of gp41 DNA helicase C-term; T4 gene Gp59 loader of gp41 DNA helicase
k127_247939_2	851	937	87	1	0.621	11	GGAG/GAGG	NA	NA	NA	0	0	0	1	NA	NA	NA	NA	NA
k127_194407_1	1	753	753	1	0.456	15	None	GENOMAD.060864.VV	1.023e-41	156	0	0	1	2561	Caudoviricetes	NA	NA	PF05133;TIGR01542	phage portal protein, putative, A118 family
k127_141427_1	2	511	510	-1	0.588	11	None	GENOMAD.169508.VP	4.776e-12	66	0	0	1	2561	Caudoviricetes	NA	NA	PF04708;PF13262;COG1961;K14060	Site-specific DNA recombinase related to the DNA invertase Pin
k127_141429_1	710	1708	999	1	0.642	11	GGA/GAG/AGG	GENOMAD.033718.VV	0.0002995	45	0	0	1	2561	Caudoviricetes	NA	NA	PF08813;K21038	Phage tail tube protein, TTP
k127_194738_1	3	320	318	1	0.613	11	None	GENOMAD.141431.VP	5.656e-28	109	0	0	1	2561	Caudoviricetes	NA	NA	PF04466;TIGR01547;COG1783	Phage terminase large subunit
k127_248384_1	3	302	300	1	0.623	11	None	GENOMAD.063098.VV	3.406e-07	49	0	0	1	2561	Caudoviricetes	NA	NA	PF11126	Transcriptional regulator DsbA
k127_513451_1	3	503	501	-1	0.579	11	None	GENOMAD.013124.VV	1.14e-06	50	0	0	1	377	Drexlerviridae	NA	NA	PF13262;COG5410	NA
k127_407747_1	2	373	372	1	0.562	11	None	GENOMAD.178051.VP	6.674e-18	81	0	0	1	2561	Caudoviricetes	NA	NA	PF02195;PF17288;TIGR00180;COG1475	ParB/RepB/Spo0J family partition protein
k127_460961_1	1	618	618	-1	0.628	11	None	GENOMAD.013210.VV	1.055e-16	81	0	0	1	2561	Caudoviricetes	NA	NA	PF00211;PF08994;PF08993;COG2114	Adenylate and Guanylate cyclase catalytic domain; T4 gene Gp59 loader of gp41 DNA helicase C-term; T4 gene Gp59 loader of gp41 DNA helicase
k127_301579_1	3	380	378	1	0.608	11	None	GENOMAD.195656.VP	4.04e-06	47	0	0	1	9067	Straboviridae	NA	NA	PF19835;PF07453;TIGR01453;COG2827	group I intron endonuclease
k127_354665_1	1	480	480	-1	0.613	11	None	GENOMAD.017632.VV	3.555e-12	66	0	0	1	2561	Caudoviricetes	NA	NA	PF03354;COG5410;TIGR01547	phage terminase, large subunit, PBSX family
k127_354665_2	473	859	387	-1	0.597	11	GGAGG	GENOMAD.209380.VP	4.553e-05	44	0	0	0	2561	Caudoviricetes	NA	NA	PF18932	NA
k127_354665_3	849	932	84	-1	0.679	11	None	NA	NA	NA	0	0	0	1	NA	NA	NA	NA	NA
k127_408051_1	1	1101	1101	1	0.681	11	None	GENOMAD.050380.VV	2.591e-50	186	0	0	1	2561	Caudoviricetes	NA	NA	PF16510	Phage P22-like portal protein
k127_142141_1	1	750	750	-1	0.539	11	None	GENOMAD.158965.VP	9.067e-31	124	0	0	1	2561	Caudoviricetes	NA	NA	PF05772;PF04404;COG5362	NinB protein; ERF superfamily
k127_354954_1	1	459	459	-1	0.571	11	None	GENOMAD.148122.VP	1.05e-15	76	0	0	1	2561	Caudoviricetes	NA	NA	PF20441	Terminase large subunit, endonuclease domain
k127_195433_1	1	726	726	-1	0.607	11	None	GENOMAD.000178.VV	7.508e-05	46	0	0	1	1135	Nodaviridae	NA	NA	PF00998	Viral RNA dependent RNA polymerase
k127_354968_1	1	192	192	-1	0.609	11	AGGA	GENOMAD.069322.VV	9.482e-06	43	0	0	1	1	NA	NA	NA	TIGR01555;COG3567	phage-related protein, HI1409 family
k127_354968_2	200	304	105	-1	0.590	11	None	NA	NA	NA	0	0	0	1	NA	NA	NA	NA	NA
k127_249226_1	1	198	198	1	0.727	11	None	GENOMAD.073132.VV	6.829e-09	52	0	0	0	1	NA	NA	NA	PF18073;COG1996;TIGR01206	Rubredoxin metal binding domain
k127_249226_2	200	439	240	1	0.717	11	GGAG/GAGG	NA	NA	NA	0	0	0	1	NA	NA	NA	NA	NA
k127_249226_3	436	669	234	1	0.705	11	AGGA	NA	NA	NA	0	0	0	1	NA	NA	NA	NA	NA
k127_249226_4	673	1047	375	1	0.669	11	None	NA	NA	NA	0	0	0	1	NA	NA	NA	NA	NA
k127_249226_5	1064	1999	936	1	0.702	11	GGAGG	GENOMAD.044751.VV	1.643e-40	155	0	0	0	2561	Caudoviricetes	NA	NA	TIGR02215	phage conserved hypothetical protein, phiE125 gp8 family
k127_249226_6	2007	2528	522	1	0.680	11	GGAG/GAGG	NA	NA	NA	0	0	0	1	NA	NA	NA	NA	NA
k127_249226_7	2525	3190	666	1	0.706	11	3Base/5BMM	NA	NA	NA	0	0	0	1	NA	NA	NA	NA	NA
k127_249226_8	3201	3512	312	1	0.728	11	AGGAG	NA	NA	NA	0	0	0	1	NA	NA	NA	NA	NA
k127_249226_9	3519	4784	1266	1	0.675	11	AGGAG	GENOMAD.050027.VV	6.618e-112	368	0	0	1	1	NA	NA	NA	PF18906	Phage tail tube protein
k127_249226_10	4793	5299	507	1	0.653	11	AGGA	GENOMAD.072003.VV	4.508e-12	66	0	0	0	1	NA	NA	NA	NA	NA
k127_249226_11	5417	5872	456	1	0.717	11	GGAG/GAGG	GENOMAD.049904.VV	1.853e-35	133	0	0	1	2561	Caudoviricetes	NA	NA	PF05069;COG5005;TIGR01725	Mu-like prophage protein gpG
k127_249226_12	5874	7409	1536	1	0.679	11	GGxGG	GENOMAD.112634.VP	5.372e-25	113	0	0	0	2561	Caudoviricetes	NA	NA	NA	NA
k127_514356_1	3	356	354	-1	0.548	11	None	GENOMAD.022372.VV	3.457e-14	70	0	0	1	2561	Caudoviricetes	NA	NA	PF04708;COG1961;K14060	Site-specific DNA recombinase related to the DNA invertase Pin
k127_195965_1	3	374	372	-1	0.637	11	None	GENOMAD.126166.VV	1.789e-15	74	0	0	1	2561	Caudoviricetes	NA	NA	PF05894;TIGR01547;COG5323	phage terminase, large subunit, PBSX family
k127_196013_1	1	312	312	-1	0.651	11	None	GENOMAD.189735.VP	1.601e-16	76	0	0	1	2561	Caudoviricetes	NA	NA	PF05065	Phage capsid family
k127_462047_1	1	369	369	1	0.618	11	None	GENOMAD.212309.VP	1.322e-09	57	0	0	1	2561	Caudoviricetes	NA	NA	PF07141	Putative bacteriophage terminase small subunit
k127_302803_1	3	542	540	1	0.617	11	None	GENOMAD.013210.VV	1.507e-06	50	0	0	1	2561	Caudoviricetes	NA	NA	PF00211;PF08994;PF08993;COG2114	Adenylate and Guanylate cyclase catalytic domain; T4 gene Gp59 loader of gp41 DNA helicase C-term; T4 gene Gp59 loader of gp41 DNA helicase
k127_249900_1	3	743	741	1	0.602	11	None	GENOMAD.129124.VV	6.117e-47	171	0	0	1	2561	Caudoviricetes	NA	NA	PF14550;TIGR01543;COG3740;K06904	phage prohead protease, HK97 family
k127_409194_1	1	846	846	1	0.610	11	None	GENOMAD.169508.VP	6.244e-19	90	0	0	1	2561	Caudoviricetes	NA	NA	PF04708;PF13262;COG1961;K14060	Site-specific DNA recombinase related to the DNA invertase Pin
k127_90312_1	2	577	576	1	0.644	11	None	GENOMAD.223594.VP	1.864e-06	50	0	0	1	2561	Caudoviricetes	NA	NA	PF11994;PF09684;TIGR01634;COG4385	phage tail protein, P2 protein I family
k127_90312_2	574	930	357	1	0.647	11	GGAG/GAGG	NA	NA	NA	0	0	0	1	NA	NA	NA	NA	NA
k127_90360_1	110	325	216	-1	0.708	11	None	GENOMAD.004420.VV	4.034e-09	53	0	0	1	2561	Caudoviricetes	NA	NA	PF20441;COG5362	Terminase large subunit, endonuclease domain
k127_356012_1	2	310	309	-1	0.657	11	None	GENOMAD.181728.VV	6.312e-10	57	0	0	1	2561	Caudoviricetes	NA	NA	PF09588;COG5377;TIGR03033	Phage-related protein, predicted endonuclease
k127_462504_1	1	579	579	1	0.553	11	None	GENOMAD.013210.VV	3.491e-16	79	0	0	1	2561	Caudoviricetes	NA	NA	PF00211;PF08994;PF08993;COG2114	Adenylate and Guanylate cyclase catalytic domain; T4 gene Gp59 loader of gp41 DNA helicase C-term; T4 gene Gp59 loader of gp41 DNA helicase
k127_196583_1	2	340	339	-1	0.596	11	None	GENOMAD.073447.VV	2.246e-08	53	0	0	1	2561	Caudoviricetes	NA	NA	PF00580;TIGR04095;COG4373	UvrD/REP helicase N-terminal domain
k127_303302_1	3	347	345	1	0.672	11	None	GENOMAD.148237.VV	5.669e-32	121	0	0	1	2561	Caudoviricetes	NA	NA	PF17288	Terminase RNAseH like domain
k127_303495_1	3	353	351	-1	0.558	11	None	GENOMAD.194640.VP	3.078e-31	119	0	0	1	2561	Caudoviricetes	NA	NA	PF04717;COG4540;TIGR01644	Phage P2 baseplate assembly protein gpV
k127_303612_1	3	362	360	1	0.664	11	None	GENOMAD.154686.VV	3.489e-23	96	0	0	1	2561	Caudoviricetes	NA	NA	PF17288	Terminase RNAseH like domain
k127_356930_1	132	389	258	1	0.628	11	GGAG/GAGG	GENOMAD.064271.VV	6.272e-11	59	0	0	1	2561	Caudoviricetes	NA	NA	PF09588;COG5377	Phage-related protein, predicted endonuclease
k127_251003_1	1	351	351	1	0.652	11	None	GENOMAD.223594.VP	1.333e-06	48	0	0	1	2561	Caudoviricetes	NA	NA	PF11994;PF09684;TIGR01634;COG4385	phage tail protein, P2 protein I family
k127_463616_1	2	337	336	1	0.673	11	None	GENOMAD.068048.VV	4.513e-17	78	0	0	1	2561	Caudoviricetes	NA	NA	PF20307;TIGR03600;K02314;COG0305	phage replicative helicase, DnaB family, HK022 subfamily
k127_410600_1	3	368	366	-1	0.637	11	None	GENOMAD.172137.VP	8.562e-31	118	0	0	1	2561	Caudoviricetes	NA	NA	PF07141;COG3728;TIGR02036	Putative bacteriophage terminase small subunit
k127_144561_1	3	344	342	-1	0.608	11	None	GENOMAD.147427.VP	2.953e-14	70	0	0	1	2561	Caudoviricetes	NA	NA	PF07141	Putative bacteriophage terminase small subunit
k127_410745_1	3	317	315	-1	0.613	11	None	GENOMAD.006053.VV	1.479e-25	102	0	0	1	2561	Caudoviricetes	NA	NA	PF18352;COG4540;TIGR01644	Phage protein Gp138 N-terminal domain
k127_91871_1	22	354	333	-1	0.628	11	None	GENOMAD.181728.VV	5.346e-06	46	0	0	1	2561	Caudoviricetes	NA	NA	PF09588;COG5377;TIGR03033	Phage-related protein, predicted endonuclease
k127_197974_1	146	874	729	-1	0.562	11	None	GENOMAD.057710.VV	0.0001563	45	0	0	1	2561	Caudoviricetes	NA	NA	PF00589;PF04860;K07358;TIGR01537	Phage integrase family; Phage portal protein
k127_198002_1	166	621	456	1	0.583	11	AGGAG	GENOMAD.022238.VV	6.499e-11	62	0	0	1	2561	Caudoviricetes	NA	NA	PF09681;TIGR01714	phage replisome organizer, putative, N-terminal region
k127_92123_1	2	277	276	-1	0.717	11	GGAG/GAGG	GENOMAD.218010.VP	2.927e-13	66	0	0	1	2561	Caudoviricetes	NA	NA	TIGR01558;COG3747	phage terminase, small subunit, putative, P27 family
k127_304714_1	3	770	768	-1	0.656	11	None	GENOMAD.068048.VV	7.588e-19	89	0	0	1	2561	Caudoviricetes	NA	NA	PF20307;TIGR03600;K02314;COG0305	phage replicative helicase, DnaB family, HK022 subfamily
k127_357788_1	1	417	417	1	0.602	11	None	GENOMAD.190509.VP	7.635e-23	96	0	0	1	2561	Caudoviricetes	NA	NA	PF03354;COG4626	Phage terminase-like protein, large subunit, contains N-terminal HTH domain
k127_92257_1	1	846	846	1	0.558	11	None	GENOMAD.013210.VV	5.703e-15	78	0	0	1	2561	Caudoviricetes	NA	NA	PF00211;PF08994;PF08993;COG2114	Adenylate and Guanylate cyclase catalytic domain; T4 gene Gp59 loader of gp41 DNA helicase C-term; T4 gene Gp59 loader of gp41 DNA helicase
k127_304969_1	2	304	303	-1	0.604	11	None	GENOMAD.129999.VP	1.588e-07	50	0	0	1	2561	Caudoviricetes	NA	NA	PF04708;COG1961;K21528	Site-specific DNA recombinase related to the DNA invertase Pin
k127_464473_1	1	468	468	-1	0.622	11	None	GENOMAD.068048.VV	2.755e-14	72	0	0	1	2561	Caudoviricetes	NA	NA	PF20307;TIGR03600;K02314;COG0305	phage replicative helicase, DnaB family, HK022 subfamily
k127_39222_1	1	300	300	1	0.590	11	None	GENOMAD.064272.VV	3.992e-05	43	0	0	1	1	NA	NA	NA	PF11242;K22206;TIGR00721;COG3415	DNA-binding protein, Tfx family
k127_517186_1	2	328	327	-1	0.609	11	None	GENOMAD.129999.VP	3.6e-18	81	0	0	1	2561	Caudoviricetes	NA	NA	PF04708;COG1961;K21528	Site-specific DNA recombinase related to the DNA invertase Pin
k127_39464_1	2	616	615	1	0.673	11	None	GENOMAD.065578.VV	4.777e-40	149	0	0	1	2561	Caudoviricetes	NA	NA	PF04860;PF04233;TIGR01537;COG4695;K06904	phage portal protein, HK97 family
k127_464820_1	3	350	348	1	0.606	11	None	GENOMAD.082189.VV	7.988e-21	89	0	0	1	2561	Caudoviricetes	NA	NA	PF00959;COG3772	Phage-related lysozyme (muramidase), GH24 family
k127_358421_1	3	464	462	1	0.662	11	None	GENOMAD.116655.VV	7.314e-21	91	0	0	1	2561	Caudoviricetes	NA	NA	PF04860;TIGR01537;COG5005	phage portal protein, HK97 family
k127_39686_1	3	371	369	1	0.648	11	None	GENOMAD.178916.VP	5.02e-12	64	0	0	1	2561	Caudoviricetes	NA	NA	PF05065;TIGR01554;COG1659	phage major capsid protein, HK97 family
k127_305606_1	1	339	339	1	0.560	11	None	GENOMAD.053137.VV	1.357e-21	91	0	0	1	2561	Caudoviricetes	NA	NA	PF17482	Phage tail sheath C-terminal domain
k127_145918_1	1	660	660	1	0.571	11	None	GENOMAD.013210.VV	6.587e-19	88	0	0	1	2561	Caudoviricetes	NA	NA	PF00211;PF08994;PF08993;COG2114	Adenylate and Guanylate cyclase catalytic domain; T4 gene Gp59 loader of gp41 DNA helicase C-term; T4 gene Gp59 loader of gp41 DNA helicase
k127_146179_1	3	326	324	-1	0.642	11	None	GENOMAD.071900.VV	4.224e-16	75	0	0	1	2561	Caudoviricetes	NA	NA	PF13479;TIGR01618;COG2087;K04484	phage nucleotide-binding protein
k127_93494_1	1	597	597	1	0.610	11	None	GENOMAD.099754.VV	0.0008751	42	0	0	1	1	NA	NA	NA	PF17289;TIGR01630;COG5362	phage uncharacterized protein (putative large terminase), C-terminal domain
k127_199611_1	3	491	489	1	0.616	11	None	GENOMAD.013210.VV	4.242e-22	95	0	0	1	2561	Caudoviricetes	NA	NA	PF00211;PF08994;PF08993;COG2114	Adenylate and Guanylate cyclase catalytic domain; T4 gene Gp59 loader of gp41 DNA helicase C-term; T4 gene Gp59 loader of gp41 DNA helicase
k127_359248_1	2	199	198	1	0.682	11	None	GENOMAD.032635.VV	6.827e-23	92	0	0	1	2561	Caudoviricetes	NA	NA	PF06199;COG5437;TIGR02126	Predicted secreted protein
k127_359248_2	228	335	108	1	0.574	11	GGA/GAG/AGG	NA	NA	NA	0	0	0	1	NA	NA	NA	NA	NA
k127_146474_1	3	317	315	1	0.486	11	None	GENOMAD.219701.VP	5.892e-35	129	0	0	1	2561	Caudoviricetes	NA	NA	PF06381;TIGR01555;K09961;COG3567	phage-related protein, HI1409 family
k127_146491_1	1	543	543	-1	0.586	11	None	GENOMAD.169508.VP	1.525e-08	56	0	0	1	2561	Caudoviricetes	NA	NA	PF04708;PF13262;COG1961;K14060	Site-specific DNA recombinase related to the DNA invertase Pin
k127_199913_1	687	1145	459	1	0.636	11	GGA/GAG/AGG	GENOMAD.147427.VP	8.012e-19	85	0	0	1	2561	Caudoviricetes	NA	NA	PF07141	Putative bacteriophage terminase small subunit
k127_199913_2	1146	2588	1443	1	0.672	11	GGA/GAG/AGG	GENOMAD.182459.VP	1.209e-21	102	0	0	0	2561	Caudoviricetes	NA	NA	PF13086	NA
k127_306435_1	1	312	312	1	0.628	11	None	GENOMAD.003088.VV	1.613e-08	53	0	0	1	2561	Caudoviricetes	NA	NA	PF12236	Bacteriophage head to tail connecting protein
k127_200342_1	155	409	255	-1	0.600	11	None	GENOMAD.146111.VP	4.032e-07	48	0	0	1	2561	Caudoviricetes	NA	NA	PF07141;COG2826	Putative bacteriophage terminase small subunit
k127_147121_1	1	318	318	1	0.626	11	None	GENOMAD.023991.VV	4.3e-15	72	0	0	1	2561	Caudoviricetes	NA	NA	COG5410	Mu-like prophage FluMu protein gp28
k127_359998_1	3	746	744	1	0.656	11	None	GENOMAD.057710.VV	3.793e-05	47	0	0	1	2561	Caudoviricetes	NA	NA	PF00589;PF04860;K07358;TIGR01537	Phage integrase family; Phage portal protein
k127_307001_1	1	225	225	-1	0.618	11	GGAGG	NA	NA	NA	0	0	0	1	NA	NA	NA	NA	NA
k127_307001_2	209	742	534	-1	0.622	11	None	GENOMAD.181728.VV	5.293e-14	72	0	0	1	2561	Caudoviricetes	NA	NA	PF09588;COG5377;TIGR03033	Phage-related protein, predicted endonuclease
k127_360048_1	3	386	384	-1	0.667	11	None	GENOMAD.063098.VV	3.74e-08	53	0	0	1	2561	Caudoviricetes	NA	NA	PF11126	Transcriptional regulator DsbA
k127_519219_1	1	510	510	1	0.725	11	None	GENOMAD.021278.VV	5.002e-11	63	0	0	1	2561	Caudoviricetes	NA	NA	PF03237;COG4373;TIGR01630	Mu-like prophage FluMu protein gp28
k127_200781_1	2	439	438	-1	0.619	11	GGAG/GAGG	GENOMAD.169508.VP	3.717e-16	77	0	0	1	2561	Caudoviricetes	NA	NA	PF04708;PF13262;COG1961;K14060	Site-specific DNA recombinase related to the DNA invertase Pin
k127_200781_2	436	999	564	-1	0.681	11	None	NA	NA	NA	0	0	0	1	NA	NA	NA	NA	NA
k127_200781_3	996	1469	474	-1	0.633	11	None	GENOMAD.223594.VP	1.956e-06	49	0	0	1	2561	Caudoviricetes	NA	NA	PF11994;PF09684;TIGR01634;COG4385	phage tail protein, P2 protein I family
k127_94680_1	2	409	408	1	0.596	11	None	GENOMAD.178051.VP	4.013e-20	88	0	0	1	2561	Caudoviricetes	NA	NA	PF02195;PF17288;TIGR00180;COG1475	ParB/RepB/Spo0J family partition protein
k127_307301_1	3	602	600	-1	0.602	11	None	GENOMAD.169508.VP	4.792e-11	64	0	0	1	2561	Caudoviricetes	NA	NA	PF04708;PF13262;COG1961;K14060	Site-specific DNA recombinase related to the DNA invertase Pin
k127_307301_2	599	889	291	-1	0.588	11	None	NA	NA	NA	0	0	0	1	NA	NA	NA	NA	NA
k127_307301_3	1209	1610	402	1	0.692	11	None	GENOMAD.086435.VV	1.255e-31	121	0	0	0	2561	Caudoviricetes	NA	NA	NA	NA
k127_360382_1	1	342	342	-1	0.567	11	None	GENOMAD.153941.VV	6.008e-23	95	0	0	1	2561	Caudoviricetes	NA	NA	PF13479;K19789;TIGR01618	phage nucleotide-binding protein
k127_307465_1	1	378	378	-1	0.553	11	None	GENOMAD.017632.VV	5.6e-12	64	0	0	1	2561	Caudoviricetes	NA	NA	PF03354;COG5410;TIGR01547	phage terminase, large subunit, PBSX family
k127_307532_1	2	436	435	1	0.694	11	None	GENOMAD.068048.VV	3.886e-15	74	0	0	1	2561	Caudoviricetes	NA	NA	PF20307;TIGR03600;K02314;COG0305	phage replicative helicase, DnaB family, HK022 subfamily
k127_41693_1	2	403	402	1	0.565	11	None	GENOMAD.062438.VV	1.12e-05	46	0	0	1	1	NA	NA	NA	PF07141	NA
k127_467192_1	3	449	447	-1	0.622	11	None	GENOMAD.154686.VV	6.602e-29	114	0	0	1	2561	Caudoviricetes	NA	NA	PF17288	Terminase RNAseH like domain
k127_467204_1	2	325	324	-1	0.627	11	None	GENOMAD.147427.VP	3.818e-17	78	0	0	1	2561	Caudoviricetes	NA	NA	PF07141	Putative bacteriophage terminase small subunit
k127_95069_1	3	356	354	1	0.605	11	None	GENOMAD.158976.VV	5.883e-41	147	0	0	1	2561	Caudoviricetes	NA	NA	PF17288	Terminase RNAseH like domain
k127_95091_1	1	1626	1626	1	0.683	11	None	GENOMAD.013210.VV	2.074e-27	121	0	0	1	2561	Caudoviricetes	NA	NA	PF00211;PF08994;PF08993;COG2114	Adenylate and Guanylate cyclase catalytic domain; T4 gene Gp59 loader of gp41 DNA helicase C-term; T4 gene Gp59 loader of gp41 DNA helicase
k127_414234_1	1	342	342	-1	0.591	11	None	GENOMAD.149681.VV	2.76e-06	47	0	0	1	1	NA	NA	NA	PF11242	NA
k127_519919_1	2	919	918	1	0.584	11	None	GENOMAD.013210.VV	1.006e-27	117	0	0	1	2561	Caudoviricetes	NA	NA	PF00211;PF08994;PF08993;COG2114	Adenylate and Guanylate cyclase catalytic domain; T4 gene Gp59 loader of gp41 DNA helicase C-term; T4 gene Gp59 loader of gp41 DNA helicase
k127_519919_2	926	1369	444	1	0.698	11	GGA/GAG/AGG	NA	NA	NA	0	0	0	1	NA	NA	NA	NA	NA
k127_201592_1	3	554	552	1	0.645	11	None	GENOMAD.169508.VP	1.64e-07	53	0	0	1	2561	Caudoviricetes	NA	NA	PF04708;PF13262;COG1961;K14060	Site-specific DNA recombinase related to the DNA invertase Pin
k127_148436_1	2	436	435	-1	0.595	11	None	GENOMAD.097639.VV	3.266e-05	45	0	0	1	2561	Caudoviricetes	NA	NA	PF17289;TIGR01630;COG5362	phage uncharacterized protein (putative large terminase), C-terminal domain
k127_467838_1	46	513	468	-1	0.622	11	GGAGG	GENOMAD.063098.VV	1.863e-06	49	0	0	1	2561	Caudoviricetes	NA	NA	PF11126	Transcriptional regulator DsbA
k127_201873_1	2	109	108	1	0.306	11	None	NA	NA	NA	0	0	0	1	NA	NA	NA	NA	NA
k127_201873_2	58	522	465	1	0.260	11	TAA	GENOMAD.072560.VV	2.529e-33	127	0	0	1	5947	Adintoviridae	NA	NA	PF00770	Adenovirus endoprotease
k127_201873_3	522	989	468	1	0.241	11	None	NA	NA	NA	0	0	0	1	NA	NA	NA	NA	NA
k127_361504_1	3	602	600	1	0.610	11	None	GENOMAD.169508.VP	2.39e-26	109	0	0	1	2561	Caudoviricetes	NA	NA	PF04708;PF13262;COG1961;K14060	Site-specific DNA recombinase related to the DNA invertase Pin
k127_308845_1	3	389	387	-1	0.615	11	None	GENOMAD.129999.VP	8.915e-17	78	0	0	1	2561	Caudoviricetes	NA	NA	PF04708;COG1961;K21528	Site-specific DNA recombinase related to the DNA invertase Pin
k127_362049_1	3	746	744	-1	0.664	11	None	GENOMAD.167806.VP	5.435e-24	104	0	0	1	2561	Caudoviricetes	NA	NA	PF04860;TIGR01537;COG5518	phage portal protein, HK97 family
k127_96451_1	2	415	414	-1	0.556	11	None	GENOMAD.052139.VV	9.633e-20	87	0	0	1	2561	Caudoviricetes	NA	NA	PF12236	Bacteriophage head to tail connecting protein
k127_96773_1	35	370	336	-1	0.592	11	None	GENOMAD.146111.VP	1.225e-05	45	0	0	1	2561	Caudoviricetes	NA	NA	PF07141;COG2826	Putative bacteriophage terminase small subunit
k127_43618_1	3	590	588	-1	0.665	11	None	GENOMAD.147017.VP	4.749e-63	215	0	0	1	2561	Caudoviricetes	NA	NA	PF04466;TIGR01547;COG1783	Phage terminase large subunit
k127_309535_1	1	567	567	1	0.573	11	None	GENOMAD.023991.VV	1.685e-12	68	0	0	1	2561	Caudoviricetes	NA	NA	COG5410	Mu-like prophage FluMu protein gp28
k127_415902_1	3	419	417	1	0.681	11	None	GENOMAD.068048.VV	1.805e-12	66	0	0	1	2561	Caudoviricetes	NA	NA	PF20307;TIGR03600;K02314;COG0305	phage replicative helicase, DnaB family, HK022 subfamily
k127_309575_1	1	351	351	1	0.425	11	None	GENOMAD.078186.VV	3.078e-31	119	0	0	1	2561	Caudoviricetes	NA	NA	PF13479;TIGR01618;COG2087;K04484	phage nucleotide-binding protein
k127_43747_1	2	328	327	-1	0.523	11	None	GENOMAD.073537.VV	5.759e-45	158	0	0	1	2561	Caudoviricetes	NA	NA	PF17212	Tail tubular protein
k127_362662_1	1	237	237	-1	0.586	11	GGGGT	GENOMAD.009413.VV	4.6e-11	59	0	0	1	2561	Caudoviricetes	NA	NA	TIGR01547	phage terminase, large subunit, PBSX family
k127_362662_2	215	598	384	-1	0.602	11	GGGT	GENOMAD.216242.VP	1.639e-08	54	0	0	0	2561	Caudoviricetes	NA	NA	PF18932	NA
k127_521792_1	59	400	342	1	0.658	11	GGAG/GAGG	GENOMAD.050027.VV	3.637e-28	110	0	0	1	1	NA	NA	NA	PF18906	Phage tail tube protein
k127_97195_1	3	818	816	-1	0.686	11	None	GENOMAD.068590.VV	1.652e-09	61	0	0	1	2561	Caudoviricetes	NA	NA	PF13871;PF11242;K11654;TIGR00721	C-terminal domain on Strawberry notch homologue
k127_416301_1	1	315	315	-1	0.606	11	None	GENOMAD.140454.VP	2.666e-11	61	0	0	1	2561	Caudoviricetes	NA	NA	PF17948;PF09681;TIGR01714	DnaT DNA-binding domain; N-terminal phage replisome organiser (Phage_rep_org_N)
k127_310264_1	2	1006	1005	-1	0.649	11	GGA/GAG/AGG	GENOMAD.000175.VV	1.304e-08	59	0	0	1	8305	Partitiviridae	NA	NA	PF00680;COG3344	Viral RNA-dependent RNA polymerase
k127_310264_2	1527	1811	285	-1	0.712	11	None	NA	NA	NA	0	0	0	1	NA	NA	NA	NA	NA
k127_257439_1	3	488	486	1	0.636	11	None	GENOMAD.013210.VV	2.923e-16	78	0	0	1	2561	Caudoviricetes	NA	NA	PF00211;PF08994;PF08993;COG2114	Adenylate and Guanylate cyclase catalytic domain; T4 gene Gp59 loader of gp41 DNA helicase C-term; T4 gene Gp59 loader of gp41 DNA helicase
k127_416745_1	2	634	633	-1	0.709	11	None	GENOMAD.013210.VV	5.912e-15	76	0	0	1	2561	Caudoviricetes	NA	NA	PF00211;PF08994;PF08993;COG2114	Adenylate and Guanylate cyclase catalytic domain; T4 gene Gp59 loader of gp41 DNA helicase C-term; T4 gene Gp59 loader of gp41 DNA helicase
k127_97835_1	3	557	555	-1	0.467	11	None	GENOMAD.039464.VV	6.882e-26	107	0	0	1	2561	Caudoviricetes	NA	NA	PF16510	Phage P22-like portal protein
k127_470008_1	2	460	459	1	0.505	11	None	GENOMAD.218549.VP	1.637e-08	55	0	0	1	2561	Caudoviricetes	NA	NA	PF05876;COG4373	Mu-like prophage FluMu protein gp28
k127_150715_1	3	263	261	1	0.582	11	None	GENOMAD.062241.VV	1.233e-26	104	0	0	1	2561	Caudoviricetes	NA	NA	PF06199;COG5437;TIGR02126	Predicted secreted protein
k127_150715_2	265	579	315	1	0.670	11	GGAGG	GENOMAD.153091.VC	2.494e-43	153	0	0	1	1	NA	NA	NA	PF11836	Phage tail tube protein, GTA-gp10
k127_416918_1	1	378	378	1	0.627	11	None	GENOMAD.068048.VV	9.173e-15	72	0	0	1	2561	Caudoviricetes	NA	NA	PF20307;TIGR03600;K02314;COG0305	phage replicative helicase, DnaB family, HK022 subfamily
k127_363766_1	22	435	414	-1	0.662	11	None	GENOMAD.063098.VV	1.09e-07	52	0	0	1	2561	Caudoviricetes	NA	NA	PF11126	Transcriptional regulator DsbA
k127_204348_1	2	166	165	-1	0.588	11	AGGAG	NA	NA	NA	0	0	0	1	NA	NA	NA	NA	NA
k127_204348_2	189	359	171	-1	0.509	11	AGGAG	NA	NA	NA	0	0	0	1	NA	NA	NA	NA	NA
k127_204348_3	420	938	519	-1	0.649	11	None	GENOMAD.045267.VV	2.75e-06	49	0	0	1	2561	Caudoviricetes	NA	NA	PF20387;COG3864	Predicted metal-dependent peptidase
k127_363819_1	1	1170	1170	1	0.647	11	None	GENOMAD.013210.VV	5.757e-26	114	0	0	1	2561	Caudoviricetes	NA	NA	PF00211;PF08994;PF08993;COG2114	Adenylate and Guanylate cyclase catalytic domain; T4 gene Gp59 loader of gp41 DNA helicase C-term; T4 gene Gp59 loader of gp41 DNA helicase
k127_470666_1	2	925	924	1	0.659	11	None	GENOMAD.116655.VV	3.281e-40	154	0	0	1	2561	Caudoviricetes	NA	NA	PF04860;TIGR01537;COG5005	phage portal protein, HK97 family
k127_470723_1	2	196	195	-1	0.667	11	GGAGG	GENOMAD.154824.VP	3.44e-08	50	0	0	1	2561	Caudoviricetes	NA	NA	PF07141;TIGR00721;COG4584	Putative bacteriophage terminase small subunit
k127_470723_2	189	809	621	-1	0.636	11	None	GENOMAD.038338.VV	4.63e-18	85	0	0	0	2561	Caudoviricetes	NA	NA	COG3392	NA
k127_523199_1	202	522	321	1	0.620	11	GGAG/GAGG	GENOMAD.193815.VP	3.868e-08	52	0	0	1	2561	Caudoviricetes	NA	NA	PF05119;COG3747;TIGR01558	Phage terminase, small subunit
k127_258317_1	1	243	243	1	0.617	11	None	GENOMAD.178500.VV	9.626e-05	41	0	0	1	2561	Caudoviricetes	NA	NA	PF07141;COG4584;TIGR03298	Putative bacteriophage terminase small subunit
k127_258317_2	233	370	138	1	0.609	11	GGA/GAG/AGG	NA	NA	NA	0	0	0	1	NA	NA	NA	NA	NA
k127_417671_1	2	490	489	-1	0.597	11	None	GENOMAD.023991.VV	1.147e-37	140	0	0	1	2561	Caudoviricetes	NA	NA	COG5410	Mu-like prophage FluMu protein gp28
k127_151763_1	2	472	471	-1	0.641	11	None	GENOMAD.030890.VV	1.426e-49	174	0	0	1	2561	Caudoviricetes	NA	NA	PF04466;TIGR01547	phage terminase, large subunit, PBSX family
k127_45863_1	38	364	327	1	0.636	11	GGA/GAG/AGG	GENOMAD.141959.VP	6.478e-28	109	0	0	1	2561	Caudoviricetes	NA	NA	COG3948	Phage-related baseplate assembly protein
k127_418481_1	1	483	483	-1	0.590	11	None	GENOMAD.169508.VP	1.78e-22	96	0	0	1	2561	Caudoviricetes	NA	NA	PF04708;PF13262;COG1961;K14060	Site-specific DNA recombinase related to the DNA invertase Pin
k127_312256_1	2	331	330	-1	0.609	11	None	GENOMAD.111023.VP	5.6e-14	69	0	0	1	2561	Caudoviricetes	NA	NA	PF04865;COG3948	Baseplate J-like protein
k127_471808_1	1	315	315	1	0.581	11	None	GENOMAD.086927.VV	2.894e-42	150	0	0	1	2561	Caudoviricetes	NA	NA	PF04233;COG2369;TIGR01641	Uncharacterized conserved protein, contains phage Mu gpF-like domain
k127_46385_1	3	350	348	-1	0.652	11	None	GENOMAD.097639.VV	9.733e-19	83	0	0	1	2561	Caudoviricetes	NA	NA	PF17289;TIGR01630;COG5362	phage uncharacterized protein (putative large terminase), C-terminal domain
k127_524236_1	3	377	375	-1	0.632	11	None	GENOMAD.002027.VV	1.9e-05	45	0	0	1	2561	Caudoviricetes	NA	NA	PF05766	Bacteriophage Lambda NinG protein
k127_312920_1	2	595	594	-1	0.655	11	None	GENOMAD.013210.VV	9.153e-15	75	0	0	1	2561	Caudoviricetes	NA	NA	PF00211;PF08994;PF08993;COG2114	Adenylate and Guanylate cyclase catalytic domain; T4 gene Gp59 loader of gp41 DNA helicase C-term; T4 gene Gp59 loader of gp41 DNA helicase
k127_365973_1	3	2822	2820	1	0.571	11	None	GENOMAD.203736.VV	1.221e-13	78	0	0	0	2561	Caudoviricetes	NA	NA	PF03089;COG3055;TIGR03547;K23330	N-acetylneuraminic acid mutarotase
k127_260083_1	3	476	474	-1	0.555	11	None	GENOMAD.017632.VV	9.555e-05	44	0	0	1	2561	Caudoviricetes	NA	NA	PF03354;COG5410;TIGR01547	phage terminase, large subunit, PBSX family
k127_206852_1	3	614	612	1	0.693	11	None	GENOMAD.013210.VV	4.164e-19	88	0	0	1	2561	Caudoviricetes	NA	NA	PF00211;PF08994;PF08993;COG2114	Adenylate and Guanylate cyclase catalytic domain; T4 gene Gp59 loader of gp41 DNA helicase C-term; T4 gene Gp59 loader of gp41 DNA helicase
k127_525377_1	2	388	387	-1	0.667	11	None	GENOMAD.151363.VV	9.714e-06	46	0	0	1	2561	Caudoviricetes	NA	NA	PF10758;COG3497	Phage tail sheath protein FI
k127_473031_1	1	708	708	1	0.688	11	None	GENOMAD.013210.VV	1.006e-17	85	0	0	1	2561	Caudoviricetes	NA	NA	PF00211;PF08994;PF08993;COG2114	Adenylate and Guanylate cyclase catalytic domain; T4 gene Gp59 loader of gp41 DNA helicase C-term; T4 gene Gp59 loader of gp41 DNA helicase
k127_366628_1	1	405	405	-1	0.600	11	None	GENOMAD.129999.VP	2.925e-23	97	0	0	1	2561	Caudoviricetes	NA	NA	PF04708;COG1961;K21528	Site-specific DNA recombinase related to the DNA invertase Pin
k127_313914_1	2	418	417	-1	0.638	11	None	GENOMAD.123534.VP	2.916e-58	198	0	0	1	2561	Caudoviricetes	NA	NA	PF05133;TIGR01538	Phage portal protein, SPP1 Gp6-like
k127_420378_1	53	337	285	-1	0.632	11	None	GENOMAD.017632.VV	4.394e-10	57	0	0	1	2561	Caudoviricetes	NA	NA	PF03354;COG5410;TIGR01547	phage terminase, large subunit, PBSX family
k127_420378_2	337	696	360	-1	0.606	11	None	GENOMAD.192021.VP	3.494e-05	44	0	0	0	2561	Caudoviricetes	NA	NA	PF18932	NA
k127_420378_3	790	1293	504	1	0.651	11	None	NA	NA	NA	0	0	0	1	NA	NA	NA	NA	NA
k127_420378_4	1290	1397	108	-1	0.602	11	None	NA	NA	NA	0	0	0	1	NA	NA	NA	NA	NA
k127_473517_1	3	581	579	-1	0.561	11	None	GENOMAD.108451.VV	1.516e-17	83	0	0	1	2561	Caudoviricetes	NA	NA	PF14550;PF17302;TIGR01543;COG3740;K06904	phage prohead protease, HK97 family
k127_525902_1	2	481	480	1	0.681	11	None	GENOMAD.154686.VV	3.544e-32	124	0	0	1	2561	Caudoviricetes	NA	NA	PF17288	Terminase RNAseH like domain
k127_207613_1	2	367	366	1	0.650	11	None	GENOMAD.038098.VV	7.023e-33	124	0	0	1	2561	Caudoviricetes	NA	NA	PF17288;TIGR01547;COG1783;K06909	phage terminase, large subunit, PBSX family
k127_261184_1	3	515	513	-1	0.559	11	None	GENOMAD.178051.VP	4.673e-13	69	0	0	1	2561	Caudoviricetes	NA	NA	PF02195;PF17288;TIGR00180;COG1475	ParB/RepB/Spo0J family partition protein
k127_207727_1	434	1117	684	1	0.613	11	GGAGG	GENOMAD.000175.VV	6.988e-06	49	0	0	1	8305	Partitiviridae	NA	NA	PF00680;COG3344	Viral RNA-dependent RNA polymerase
k127_314333_1	1	870	870	1	0.556	11	None	GENOMAD.158965.VP	1.582e-24	107	0	0	1	2561	Caudoviricetes	NA	NA	PF05772;PF04404;COG5362	NinB protein; ERF superfamily
k127_314428_1	73	282	210	1	0.600	11	None	GENOMAD.141999.VP	4.69e-07	47	0	0	1	2561	Caudoviricetes	NA	NA	PF16677;TIGR02844;COG2826;K00204	DNA-packaging protein gp3
k127_207974_1	26	586	561	1	0.624	11	AGxAG	GENOMAD.017632.VV	8.072e-09	57	0	0	1	2561	Caudoviricetes	NA	NA	PF03354;COG5410;TIGR01547	phage terminase, large subunit, PBSX family
k127_420926_1	1	795	795	1	0.636	11	None	GENOMAD.169508.VP	3.581e-27	114	0	0	1	2561	Caudoviricetes	NA	NA	PF04708;PF13262;COG1961;K14060	Site-specific DNA recombinase related to the DNA invertase Pin
k127_526334_1	1	198	198	-1	0.662	11	GGAG/GAGG	GENOMAD.100194.VV	2.06e-06	45	0	0	1	2561	Caudoviricetes	NA	NA	PF04466;TIGR01547;COG5323	Phage terminase large subunit
k127_526334_2	202	342	141	-1	0.631	11	None	NA	NA	NA	0	0	0	1	NA	NA	NA	NA	NA
k127_101884_1	1	393	393	1	0.664	11	None	GENOMAD.023435.VV	9.628e-17	78	0	0	1	2561	Caudoviricetes	NA	NA	PF05065;TIGR01554;COG4653	phage major capsid protein, HK97 family
k127_154773_1	1	369	369	1	0.453	11	None	GENOMAD.032636.VV	1.114e-11	63	0	0	1	2561	Caudoviricetes	NA	NA	PF20307;PF07486;TIGR02239;COG0468;K18947	Divergent DnaB-like ATPase; Cell Wall Hydrolase
k127_421203_1	19	393	375	-1	0.669	11	None	GENOMAD.159695.VP	7.814e-07	49	0	0	1	2561	Caudoviricetes	NA	NA	PF07141;TIGR00721;COG2826	Putative bacteriophage terminase small subunit
k127_474454_1	2	304	303	-1	0.551	11	None	GENOMAD.141431.VP	2.363e-11	61	0	0	1	2561	Caudoviricetes	NA	NA	PF04466;TIGR01547;COG1783	Phage terminase large subunit
k127_474513_1	3	305	303	-1	0.587	11	None	GENOMAD.133504.VP	4.167e-21	89	0	0	1	2561	Caudoviricetes	NA	NA	PF04466;TIGR01547;COG5410	phage terminase, large subunit, PBSX family
k127_49175_1	2	337	336	1	0.506	11	None	GENOMAD.020040.VV	2.702e-38	139	0	0	1	2561	Caudoviricetes	NA	NA	PF06841;TIGR02241	T4-like virus tail tube protein gp19
k127_368157_1	263	469	207	1	0.623	11	AGGA/GGAG/GAGG	GENOMAD.063098.VV	4.479e-07	47	0	0	1	2561	Caudoviricetes	NA	NA	PF11126	Transcriptional regulator DsbA
k127_421658_1	2	325	324	-1	0.556	11	None	GENOMAD.027383.VV	3.45e-18	81	0	0	1	2561	Caudoviricetes	NA	NA	PF20441	Terminase large subunit, endonuclease domain
k127_422020_1	208	531	324	1	0.682	11	None	GENOMAD.143515.VV	5.706e-13	66	0	0	1	1	NA	NA	NA	PF07750;PF11242;K13583;COG5352;TIGR00721	GcrA cell cycle regulator
k127_209106_1	1	414	414	1	0.621	11	None	GENOMAD.169508.VP	1.355e-24	101	0	0	1	2561	Caudoviricetes	NA	NA	PF04708;PF13262;COG1961;K14060	Site-specific DNA recombinase related to the DNA invertase Pin
k127_262628_1	1	594	594	1	0.633	11	None	GENOMAD.169508.VP	1.085e-25	107	0	0	1	2561	Caudoviricetes	NA	NA	PF04708;PF13262;COG1961;K14060	Site-specific DNA recombinase related to the DNA invertase Pin
k127_527447_1	1	909	909	1	0.210	4	None	GENOMAD.098543.VV	4.067e-17	85	0	0	0	5433	Autolykiviridae	NA	NA	PF03175;COG0417	DNA polymerase type B, organellar and viral
k127_527447_2	924	1127	204	1	0.191	4	TAA	NA	NA	NA	0	0	0	1	NA	NA	NA	NA	NA
k127_527447_3	1105	1605	501	1	0.222	4	TAA	NA	NA	NA	0	0	0	1	NA	NA	NA	NA	NA
k127_527447_4	1889	2347	459	1	0.161	4	None	NA	NA	NA	0	0	0	1	NA	NA	NA	NA	NA
k127_527447_5	2390	3265	876	1	0.193	4	TAA	NA	NA	NA	0	0	0	1	NA	NA	NA	NA	NA
k127_262772_1	3	350	348	-1	0.649	11	None	GENOMAD.052139.VV	6.521e-06	46	0	0	1	2561	Caudoviricetes	NA	NA	PF12236	Bacteriophage head to tail connecting protein
k127_475602_1	1	327	327	1	0.682	11	None	GENOMAD.053137.VV	4.318e-08	52	0	0	1	2561	Caudoviricetes	NA	NA	PF17482	Phage tail sheath C-terminal domain
k127_263406_1	3	440	438	1	0.610	11	None	GENOMAD.013124.VV	1.188e-10	61	0	0	1	377	Drexlerviridae	NA	NA	PF13262;COG5410	NA
k127_50675_1	2	454	453	1	0.616	11	None	GENOMAD.169508.VP	2.333e-14	72	0	0	1	2561	Caudoviricetes	NA	NA	PF04708;PF13262;COG1961;K14060	Site-specific DNA recombinase related to the DNA invertase Pin
k127_316696_1	2	424	423	1	0.645	11	None	GENOMAD.068048.VV	6.322e-17	79	0	0	1	2561	Caudoviricetes	NA	NA	PF20307;TIGR03600;K02314;COG0305	phage replicative helicase, DnaB family, HK022 subfamily
k127_528363_1	48	521	474	-1	0.601	11	None	GENOMAD.100194.VV	1.203e-15	76	0	0	1	2561	Caudoviricetes	NA	NA	PF04466;TIGR01547;COG5323	Phage terminase large subunit
k127_423282_1	266	1084	819	1	0.689	11	GGA/GAG/AGG	GENOMAD.013210.VV	2.368e-17	85	0	0	1	2561	Caudoviricetes	NA	NA	PF00211;PF08994;PF08993;COG2114	Adenylate and Guanylate cyclase catalytic domain; T4 gene Gp59 loader of gp41 DNA helicase C-term; T4 gene Gp59 loader of gp41 DNA helicase
k127_104348_1	2	331	330	1	0.564	11	None	GENOMAD.190269.VV	5.346e-06	46	0	0	1	2561	Caudoviricetes	NA	NA	PF17289;COG5362;TIGR01630	Phage terminase large subunit
k127_210630_1	3	350	348	-1	0.520	11	GGAG/GAGG	GENOMAD.009002.VV	2.179e-26	105	0	0	1	2561	Caudoviricetes	NA	NA	PF10934;COG3628	Phage baseplate assembly protein W
k127_317508_1	1	468	468	-1	0.598	11	None	GENOMAD.013210.VV	1.891e-19	87	0	0	1	2561	Caudoviricetes	NA	NA	PF00211;PF08994;PF08993;COG2114	Adenylate and Guanylate cyclase catalytic domain; T4 gene Gp59 loader of gp41 DNA helicase C-term; T4 gene Gp59 loader of gp41 DNA helicase
k127_105011_1	103	717	615	1	0.621	11	AGGAG	GENOMAD.073447.VV	1.173e-08	57	0	0	1	2561	Caudoviricetes	NA	NA	PF00580;TIGR04095;COG4373	UvrD/REP helicase N-terminal domain
k127_264566_1	1	126	126	-1	0.619	11	AGGAG	GENOMAD.132534.VP	6.177e-07	45	0	0	1	2561	Caudoviricetes	NA	NA	PF10618	Phage tail tube protein
k127_264566_2	189	374	186	-1	0.591	11	None	GENOMAD.141437.VP	8.777e-12	60	0	0	0	1	NA	NA	NA	NA	NA
k127_51845_1	3	89	87	1	0.540	11	None	NA	NA	NA	0	0	0	1	NA	NA	NA	NA	NA
k127_51845_2	37	423	387	1	0.592	11	AGGAG	GENOMAD.147427.VP	8.915e-17	78	0	0	1	2561	Caudoviricetes	NA	NA	PF07141	Putative bacteriophage terminase small subunit
k127_157785_1	1	147	147	1	0.667	11	None	NA	NA	NA	0	0	0	1	NA	NA	NA	NA	NA
k127_157785_2	381	761	381	1	0.740	11	AGGAG	NA	NA	NA	0	0	0	1	NA	NA	NA	NA	NA
k127_157785_3	764	1006	243	-1	0.658	11	None	NA	NA	NA	0	0	0	1	NA	NA	NA	NA	NA
k127_157785_4	1173	2066	894	1	0.661	11	4Base/6BMM	GENOMAD.049678.VV	1.88e-21	98	0	0	1	2561	Caudoviricetes	NA	NA	PF09681;TIGR01714	phage replisome organizer, putative, N-terminal region
k127_157785_5	2063	2518	456	1	0.667	11	GGAG/GAGG	GENOMAD.100678.VV	3.541e-07	51	0	0	0	2561	Caudoviricetes	NA	NA	PF11417	Loader and inhibitor of phage G40P
k127_157785_6	2562	3089	528	1	0.686	11	AGGA	NA	NA	NA	0	0	0	1	NA	NA	NA	NA	NA
k127_157785_7	3086	3247	162	1	0.691	11	GGA/GAG/AGG	NA	NA	NA	0	0	0	1	NA	NA	NA	NA	NA
k127_51890_1	1	198	198	-1	0.641	11	None	NA	NA	NA	0	0	0	1	NA	NA	NA	NA	NA
k127_51890_2	249	767	519	-1	0.624	11	None	GENOMAD.068048.VV	1.958e-15	76	0	0	1	2561	Caudoviricetes	NA	NA	PF20307;TIGR03600;K02314;COG0305	phage replicative helicase, DnaB family, HK022 subfamily
k127_211232_1	103	453	351	-1	0.652	11	None	GENOMAD.017840.VV	2.408e-33	125	0	0	1	2561	Caudoviricetes	NA	NA	PF17288	Terminase RNAseH like domain
k127_477195_1	1	1023	1023	-1	0.599	11	None	GENOMAD.116655.VV	9.085e-144	456	0	0	1	2561	Caudoviricetes	NA	NA	PF04860;TIGR01537;COG5005	phage portal protein, HK97 family
k127_52018_1	1	414	414	1	0.621	11	None	GENOMAD.003088.VV	1.254e-16	78	0	0	1	2561	Caudoviricetes	NA	NA	PF12236	Bacteriophage head to tail connecting protein
k127_529564_1	3	392	390	1	0.618	11	None	GENOMAD.068048.VV	1.067e-14	72	0	0	1	2561	Caudoviricetes	NA	NA	PF20307;TIGR03600;K02314;COG0305	phage replicative helicase, DnaB family, HK022 subfamily
k127_264959_1	2	379	378	-1	0.619	11	None	GENOMAD.189735.VP	5.442e-21	90	0	0	1	2561	Caudoviricetes	NA	NA	PF05065	Phage capsid family
k127_318202_1	2	481	480	-1	0.619	11	None	GENOMAD.169508.VP	6.03e-16	77	0	0	1	2561	Caudoviricetes	NA	NA	PF04708;PF13262;COG1961;K14060	Site-specific DNA recombinase related to the DNA invertase Pin
k127_318307_1	3	353	351	-1	0.581	11	None	GENOMAD.207396.VP	1.382e-31	120	0	0	1	2561	Caudoviricetes	NA	NA	PF10109	Phage tail assembly chaperone proteins, E, or 41 or 14
k127_371347_1	3	329	327	1	0.633	11	None	GENOMAD.093418.VV	5.167e-06	46	0	0	1	2561	Caudoviricetes	NA	NA	PF05065;TIGR01554;COG4653	phage major capsid protein, HK97 family
k127_158487_1	2	67	66	1	0.621	11	None	NA	NA	NA	0	0	0	1	NA	NA	NA	NA	NA
k127_158487_2	67	336	270	1	0.611	11	GGAGG	GENOMAD.116655.VV	1.386e-50	173	0	0	1	2561	Caudoviricetes	NA	NA	PF04860;TIGR01537;COG5005	phage portal protein, HK97 family
k127_424974_1	1	384	384	-1	0.620	11	None	GENOMAD.151002.VV	6.489e-20	87	0	0	1	2561	Caudoviricetes	NA	NA	PF17288;PF04466;TIGR01547;COG1783;K06909	phage terminase, large subunit, PBSX family
k127_425034_1	1	315	315	-1	0.619	11	None	GENOMAD.111208.VP	7.352e-25	100	0	0	1	2561	Caudoviricetes	NA	NA	PF20441	Terminase large subunit, endonuclease domain
k127_425056_1	2	349	348	-1	0.557	11	None	GENOMAD.147427.VP	1.305e-15	74	0	0	1	2561	Caudoviricetes	NA	NA	PF07141	Putative bacteriophage terminase small subunit
k127_478124_1	25	378	354	-1	0.636	11	None	GENOMAD.179355.VP	1.167e-08	54	0	0	1	2561	Caudoviricetes	NA	NA	PF07874	NA
k127_478124_2	378	524	147	-1	0.639	11	None	NA	NA	NA	0	0	0	1	NA	NA	NA	NA	NA
k127_159382_1	214	348	135	1	0.607	11	GGAG/GAGG	GENOMAD.159431.VP	4.212e-05	40	0	0	1	2561	Caudoviricetes	NA	NA	PF05894;TIGR01547;COG1783	Podovirus DNA encapsidation protein (Gp16)
k127_159415_1	3	338	336	-1	0.586	11	GGAGG	GENOMAD.005158.VV	1.802e-10	59	0	0	1	2561	Caudoviricetes	NA	NA	PF04586;PF13395;TIGR02646;K06904	TIGR02646 family protein
k127_159415_2	457	624	168	-1	0.554	11	None	NA	NA	NA	0	0	0	1	NA	NA	NA	NA	NA
