gene	start	end	length	strand	gc_content	genetic_code	rbs_motif	marker	evalue	bitscore	uscg	plasmid_hallmark	virus_hallmark	taxid	taxname	annotation_conjscan	annotation_amr	annotation_accessions	annotation_description
k127_470085_1	2	355	354	-1	0.531	11	None	GENOMAD.128478.VV	1.068e-26	106	0	0	1	1	NA	NA	NA	PF05939;TIGR02217;COG4718	Phage minor tail protein
k127_352713_1	1	339	339	1	0.646	11	None	GENOMAD.068048.VV	6.957e-13	66	0	0	1	2561	Caudoviricetes	NA	NA	PF20307;TIGR03600;K02314;COG0305	phage replicative helicase, DnaB family, HK022 subfamily
k127_294038_1	1	690	690	1	0.674	11	None	GENOMAD.068048.VV	1.974e-14	75	0	0	1	2561	Caudoviricetes	NA	NA	PF20307;TIGR03600;K02314;COG0305	phage replicative helicase, DnaB family, HK022 subfamily
k127_117957_1	3	317	315	1	0.733	11	None	GENOMAD.071900.VV	3.298e-25	101	0	0	1	2561	Caudoviricetes	NA	NA	PF13479;TIGR01618;COG2087;K04484	phage nucleotide-binding protein
k127_294107_1	3	197	195	-1	0.692	11	AGxAGG/AGGxGG	GENOMAD.207140.VP	5.363e-11	58	0	0	1	2561	Caudoviricetes	NA	NA	PF11985	Bacteriophage Mu, Gp27
k127_294107_2	197	505	309	-1	0.644	11	AGGAGG	GENOMAD.211109.VP	2.46e-11	61	0	0	0	2561	Caudoviricetes	NA	NA	PF14277;TIGR03433;COG3432	NA
k127_294107_3	502	570	69	-1	0.551	11	None	NA	NA	NA	0	0	0	1	NA	NA	NA	NA	NA
k127_411616_1	2	706	705	1	0.728	11	None	GENOMAD.013210.VV	2.541e-31	125	0	0	1	2561	Caudoviricetes	NA	NA	PF00211;PF08994;PF08993;COG2114	Adenylate and Guanylate cyclase catalytic domain; T4 gene Gp59 loader of gp41 DNA helicase C-term; T4 gene Gp59 loader of gp41 DNA helicase
k127_59870_1	2	340	339	-1	0.690	11	None	GENOMAD.068048.VV	1.405e-13	68	0	0	1	2561	Caudoviricetes	NA	NA	PF20307;TIGR03600;K02314;COG0305	phage replicative helicase, DnaB family, HK022 subfamily
k127_1140_1	61	612	552	-1	0.705	11	None	GENOMAD.068048.VV	3.01e-13	70	0	0	1	2561	Caudoviricetes	NA	NA	PF20307;TIGR03600;K02314;COG0305	phage replicative helicase, DnaB family, HK022 subfamily
k127_412389_1	1	213	213	-1	0.746	11	GGA/GAG/AGG	GENOMAD.089768.VV	1.799e-09	54	0	0	1	2561	Caudoviricetes	NA	NA	PF05396	Phage T7 capsid assembly protein
k127_412389_2	217	372	156	-1	0.718	11	None	GENOMAD.071371.VV	4.407e-07	46	0	0	0	2561	Caudoviricetes	NA	NA	NA	NA
k127_412394_1	1	213	213	-1	0.746	11	GGA/GAG/AGG	GENOMAD.089768.VV	1.799e-09	54	0	0	1	2561	Caudoviricetes	NA	NA	PF05396	Phage T7 capsid assembly protein
k127_412394_2	217	372	156	-1	0.724	11	None	GENOMAD.071371.VV	4.407e-07	46	0	0	0	2561	Caudoviricetes	NA	NA	NA	NA
k127_471199_1	2	394	393	-1	0.697	11	None	GENOMAD.096759.VV	2.132e-06	48	0	0	1	2561	Caudoviricetes	NA	NA	PF03864	Phage major capsid protein E
k127_353897_1	1	543	543	1	0.665	11	None	GENOMAD.001328.VV	1.176e-15	77	0	0	1	6064	Autographiviridae	NA	NA	PF00940;PF20307;K21502;TIGR02239;COG0468	DNA-dependent RNA polymerase; Divergent DnaB-like ATPase
k127_354345_1	1	360	360	1	0.722	11	None	GENOMAD.068119.VV	1.471e-15	74	0	0	1	2561	Caudoviricetes	NA	NA	PF17212	Tail tubular protein
k127_354345_2	360	635	276	1	0.714	11	GGAG/GAGG	GENOMAD.060452.VV	1.006e-08	53	0	0	0	2561	Caudoviricetes	NA	NA	NA	NA
k127_530489_1	1	1281	1281	1	0.678	11	None	GENOMAD.195648.VP	1.301e-05	50	0	0	1	9067	Straboviridae	NA	NA	PF20025;PF01331;PF14743;K18951;TIGR04120;COG1793	DNA ligase, ATP-dependent, PP_1105 family
k127_413182_1	2	349	348	1	0.572	11	None	GENOMAD.123534.VP	5.32e-17	78	0	0	1	2561	Caudoviricetes	NA	NA	PF05133;TIGR01538	Phage portal protein, SPP1 Gp6-like
k127_530649_1	2	385	384	-1	0.659	11	None	GENOMAD.073447.VV	6.542e-11	61	0	0	1	2561	Caudoviricetes	NA	NA	PF00580;TIGR04095;COG4373	UvrD/REP helicase N-terminal domain
k127_119783_1	2	706	705	-1	0.586	11	None	GENOMAD.013210.VV	1.025e-16	82	0	0	1	2561	Caudoviricetes	NA	NA	PF00211;PF08994;PF08993;COG2114	Adenylate and Guanylate cyclase catalytic domain; T4 gene Gp59 loader of gp41 DNA helicase C-term; T4 gene Gp59 loader of gp41 DNA helicase
k127_3012_1	1	372	372	1	0.610	11	None	GENOMAD.068048.VV	8.829e-15	72	0	0	1	2561	Caudoviricetes	NA	NA	PF20307;TIGR03600;K02314;COG0305	phage replicative helicase, DnaB family, HK022 subfamily
k127_472793_1	108	428	321	1	0.664	11	GGA/GAG/AGG	GENOMAD.035131.VV	8.922e-08	51	0	0	1	3032	Kyanoviridae	NA	NA	PF11246;COG4675	Base plate wedge protein 53
k127_179269_1	25	630	606	-1	0.678	11	None	GENOMAD.053137.VV	2.365e-37	141	0	0	1	2561	Caudoviricetes	NA	NA	PF17482	Phage tail sheath C-terminal domain
k127_414380_1	1	774	774	-1	0.636	11	None	GENOMAD.013210.VV	1.6e-38	147	0	0	1	2561	Caudoviricetes	NA	NA	PF00211;PF08994;PF08993;COG2114	Adenylate and Guanylate cyclase catalytic domain; T4 gene Gp59 loader of gp41 DNA helicase C-term; T4 gene Gp59 loader of gp41 DNA helicase
k127_238388_1	2	802	801	1	0.573	11	None	GENOMAD.057710.VV	1.175e-06	52	0	0	1	2561	Caudoviricetes	NA	NA	PF00589;PF04860;K07358;TIGR01537	Phage integrase family; Phage portal protein
k127_238388_2	799	876	78	1	0.615	11	None	NA	NA	NA	0	0	0	1	NA	NA	NA	NA	NA
k127_414792_1	335	811	477	1	0.587	11	AGGAGG	GENOMAD.082189.VV	1.876e-20	90	0	0	1	2561	Caudoviricetes	NA	NA	PF00959;COG3772	Phage-related lysozyme (muramidase), GH24 family
k127_297516_1	1	309	309	1	0.680	11	None	GENOMAD.054029.VV	2.408e-35	130	0	0	1	2561	Caudoviricetes	NA	NA	PF19821;TIGR01554	Phage capsid protein
k127_62679_1	2	301	300	1	0.720	11	None	GENOMAD.124507.VV	4.766e-27	106	0	0	1	2561	Caudoviricetes	NA	NA	PF11242;K22300;COG3655;TIGR00673	DNA-binding transcriptional regulator, XRE family
k127_532723_1	2	331	330	-1	0.645	11	None	GENOMAD.154234.VV	2.411e-06	47	0	0	1	1	NA	NA	NA	PF03903	Phage T4 tail fibre
k127_63238_1	2	73	72	-1	0.736	11	None	NA	NA	NA	0	0	0	1	NA	NA	NA	NA	NA
k127_63238_2	141	1298	1158	-1	0.743	11	None	GENOMAD.001209.VV	1.334e-32	134	0	0	1	2561	Caudoviricetes	NA	NA	PF20441;PF03354;COG4626;TIGR01547	Phage terminase-like protein, large subunit, contains N-terminal HTH domain
k127_239543_1	3	68	66	1	0.409	11	None	NA	NA	NA	0	0	0	1	NA	NA	NA	NA	NA
k127_239543_2	65	514	450	-1	0.516	11	None	GENOMAD.142009.VV	4.54e-83	270	0	0	1	2561	Caudoviricetes	NA	NA	PF11651;TIGR04387	P22 coat protein - gene protein 5
k127_181264_1	3	806	804	1	0.652	11	None	GENOMAD.068048.VV	4.444e-16	81	0	0	1	2561	Caudoviricetes	NA	NA	PF20307;TIGR03600;K02314;COG0305	phage replicative helicase, DnaB family, HK022 subfamily
k127_357427_1	1	147	147	-1	0.680	11	GGAGG	NA	NA	NA	0	0	0	1	NA	NA	NA	NA	NA
k127_357427_2	150	764	615	-1	0.696	11	None	GENOMAD.101159.VP	4.556e-30	120	0	0	1	2561	Caudoviricetes	NA	NA	COG3941	Phage tail tape-measure protein, controls tail length
k127_299098_1	3	602	600	1	0.647	11	None	GENOMAD.013210.VV	1.775e-18	86	0	0	1	2561	Caudoviricetes	NA	NA	PF00211;PF08994;PF08993;COG2114	Adenylate and Guanylate cyclase catalytic domain; T4 gene Gp59 loader of gp41 DNA helicase C-term; T4 gene Gp59 loader of gp41 DNA helicase
k127_64128_1	2	337	336	1	0.676	11	None	GENOMAD.063098.VV	4.394e-09	55	0	0	1	2561	Caudoviricetes	NA	NA	PF11126	Transcriptional regulator DsbA
k127_416719_1	3	689	687	-1	0.694	11	GGAGG	GENOMAD.129302.VP	3.727e-20	92	0	0	1	2561	Caudoviricetes	NA	NA	PF04717;COG4540;TIGR01644	Phage P2 baseplate assembly protein gpV
k127_416719_2	686	1297	612	-1	0.703	11	AGxAGG/AGGxGG	GENOMAD.029702.VV	2.445e-09	59	0	0	1	2561	Caudoviricetes	NA	NA	PF07157;PF09646;COG4228	Mu-like prophage DNA circulation protein
k127_416719_3	1294	1542	249	-1	0.735	11	None	NA	NA	NA	0	0	0	1	NA	NA	NA	NA	NA
k127_416719_4	1539	1748	210	-1	0.710	11	None	GENOMAD.124435.VP	1.455e-10	57	0	0	1	2561	Caudoviricetes	NA	NA	PF05069;TIGR01725;COG5005	phage protein, HK97 gp10 family
k127_534243_1	2	421	420	1	0.705	11	None	GENOMAD.065578.VV	1.541e-32	124	0	0	1	2561	Caudoviricetes	NA	NA	PF04860;PF04233;TIGR01537;COG4695;K06904	phage portal protein, HK97 family
k127_534453_1	3	614	612	1	0.605	11	None	GENOMAD.153941.VV	1.645e-33	130	0	0	1	2561	Caudoviricetes	NA	NA	PF13479;K19789;TIGR01618	phage nucleotide-binding protein
k127_534589_1	2	409	408	1	0.654	11	None	GENOMAD.087771.VV	2.59e-05	45	0	0	1	2561	Caudoviricetes	NA	NA	PF09293	T4 RNase H, C terminal
k127_475685_1	3	767	765	1	0.735	11	None	GENOMAD.044416.VV	2.184e-06	51	0	0	1	2561	Caudoviricetes	NA	NA	TIGR01537	NA
k127_6355_1	1	513	513	-1	0.702	11	None	GENOMAD.053137.VV	1.782e-16	79	0	0	1	2561	Caudoviricetes	NA	NA	PF17482	Phage tail sheath C-terminal domain
k127_65001_1	2	643	642	-1	0.729	11	None	GENOMAD.118467.VP	1.964e-24	104	0	0	1	2561	Caudoviricetes	NA	NA	PF09684;TIGR01634;COG4385	phage tail protein, P2 protein I family
k127_124036_1	1	225	225	1	0.604	11	None	GENOMAD.061355.VV	2.962e-20	85	0	0	1	2561	Caudoviricetes	NA	NA	PF12691	Bacteriophage minor capsid protein
k127_124259_1	1	513	513	1	0.690	11	None	GENOMAD.068590.VV	8.359e-16	77	0	0	1	2561	Caudoviricetes	NA	NA	PF13871;PF11242;K11654;TIGR00721	C-terminal domain on Strawberry notch homologue
k127_359142_1	1	678	678	-1	0.671	11	None	GENOMAD.023991.VV	8.578e-12	67	0	0	1	2561	Caudoviricetes	NA	NA	COG5410	Mu-like prophage FluMu protein gp28
k127_65660_1	1	321	321	1	0.604	11	None	GENOMAD.116655.VV	2.591e-52	179	0	0	1	2561	Caudoviricetes	NA	NA	PF04860;TIGR01537;COG5005	phage portal protein, HK97 family
k127_476675_1	2	202	201	-1	0.577	11	AGGAG	GENOMAD.081096.VV	3.3e-16	73	0	0	1	2561	Caudoviricetes	NA	NA	PF11651;TIGR04387;COG4653	P22 coat protein - gene protein 5
k127_124767_1	2	337	336	1	0.598	11	None	GENOMAD.005360.VV	8.901e-10	57	0	0	1	2561	Caudoviricetes	NA	NA	PF11651;TIGR04387	P22 coat protein - gene protein 5
k127_535816_1	2	385	384	1	0.659	11	None	GENOMAD.013124.VV	6.018e-12	64	0	0	1	377	Drexlerviridae	NA	NA	PF13262;COG5410	NA
k127_125085_1	1	543	543	1	0.634	11	None	GENOMAD.169508.VP	1.359e-12	68	0	0	1	2561	Caudoviricetes	NA	NA	PF04708;PF13262;COG1961;K14060	Site-specific DNA recombinase related to the DNA invertase Pin
k127_242361_1	1	321	321	-1	0.589	11	None	GENOMAD.160552.VV	2.173e-06	47	0	0	1	2561	Caudoviricetes	NA	NA	PF09588;COG5377;TIGR03033	Phage-related protein, predicted endonuclease
k127_125230_1	1	138	138	-1	0.652	11	GGA/GAG/AGG	GENOMAD.112640.VV	3.878e-06	43	0	0	1	2561	Caudoviricetes	NA	NA	PF11367	NA
k127_125230_2	149	481	333	-1	0.649	11	GGAG/GAGG	GENOMAD.092546.VV	8.259e-10	57	0	0	1	2561	Caudoviricetes	NA	NA	PF05521;COG5614;TIGR01563	Bacteriophage head-tail adaptor
k127_125230_3	478	714	237	-1	0.667	11	None	GENOMAD.081013.VV	1.397e-14	69	0	0	1	2561	Caudoviricetes	NA	NA	PF05135;TIGR02215	phage conserved hypothetical protein, phiE125 gp8 family
k127_301401_1	60	728	669	-1	0.607	11	None	GENOMAD.068048.VV	3.634e-14	74	0	0	1	2561	Caudoviricetes	NA	NA	PF20307;TIGR03600;K02314;COG0305	phage replicative helicase, DnaB family, HK022 subfamily
k127_477260_1	1	645	645	1	0.668	11	None	GENOMAD.053137.VV	1.071e-33	131	0	0	1	2561	Caudoviricetes	NA	NA	PF17482	Phage tail sheath C-terminal domain
k127_536234_1	2	625	624	1	0.625	11	None	GENOMAD.169508.VP	1.191e-14	75	0	0	1	2561	Caudoviricetes	NA	NA	PF04708;PF13262;COG1961;K14060	Site-specific DNA recombinase related to the DNA invertase Pin
k127_242746_1	2	289	288	1	0.753	11	None	NA	NA	NA	0	0	0	1	NA	NA	NA	NA	NA
k127_242746_2	231	644	414	1	0.717	11	GGAGG	GENOMAD.001209.VV	3.146e-32	123	0	0	1	2561	Caudoviricetes	NA	NA	PF20441;PF03354;COG4626;TIGR01547	Phage terminase-like protein, large subunit, contains N-terminal HTH domain
k127_66741_1	2	529	528	-1	0.693	11	None	GENOMAD.220740.VP	0.000136	44	0	0	1	13005	Cystoviridae	NA	NA	PF11653	NA
k127_301979_1	3	389	387	1	0.661	11	None	GENOMAD.169508.VP	1.501e-19	86	0	0	1	2561	Caudoviricetes	NA	NA	PF04708;PF13262;COG1961;K14060	Site-specific DNA recombinase related to the DNA invertase Pin
k127_8602_1	2	388	387	-1	0.721	11	GGA/GAG/AGG	GENOMAD.047463.VV	4.419e-06	47	0	0	1	2561	Caudoviricetes	NA	NA	PF04965;COG3628;K21530;TIGR03357	Phage baseplate assembly protein W
k127_8602_2	395	769	375	-1	0.720	11	None	GENOMAD.161967.VV	0.0009432	40	0	0	0	1	NA	NA	NA	PF05488;COG4104	Zn-binding Pro-Ala-Ala-Arg (PAAR) domain, incolved in TypeVI secretion
k127_125916_1	1	345	345	-1	0.649	11	None	GENOMAD.068048.VV	3.382e-13	67	0	0	1	2561	Caudoviricetes	NA	NA	PF20307;TIGR03600;K02314;COG0305	phage replicative helicase, DnaB family, HK022 subfamily
k127_302201_1	3	371	369	1	0.661	11	None	GENOMAD.068048.VV	3.678e-15	73	0	0	1	2561	Caudoviricetes	NA	NA	PF20307;TIGR03600;K02314;COG0305	phage replicative helicase, DnaB family, HK022 subfamily
k127_185319_1	2	355	354	1	0.624	11	None	GENOMAD.063098.VV	1.378e-06	48	0	0	1	2561	Caudoviricetes	NA	NA	PF11126	Transcriptional regulator DsbA
k127_302853_1	1	399	399	1	0.699	11	None	GENOMAD.118632.VP	4.678e-07	50	0	0	1	2561	Caudoviricetes	NA	NA	PF00476;PF07141	DNA polymerase family A; Putative bacteriophage terminase small subunit
k127_185799_1	3	206	204	1	0.765	11	None	NA	NA	NA	0	0	0	1	NA	NA	NA	NA	NA
k127_185799_2	221	565	345	1	0.730	11	None	GENOMAD.071900.VV	5.107e-17	78	0	0	1	2561	Caudoviricetes	NA	NA	PF13479;TIGR01618;COG2087;K04484	phage nucleotide-binding protein
k127_244437_1	2	829	828	-1	0.684	11	None	GENOMAD.053137.VV	1.141e-23	104	0	0	1	2561	Caudoviricetes	NA	NA	PF17482	Phage tail sheath C-terminal domain
k127_68668_1	1	354	354	1	0.686	11	None	GENOMAD.053137.VV	6.354e-16	75	0	0	1	2561	Caudoviricetes	NA	NA	PF17482	Phage tail sheath C-terminal domain
k127_303888_1	1	1260	1260	-1	0.725	11	GGxGG	GENOMAD.118424.VV	6.028e-34	139	0	0	1	2561	Caudoviricetes	NA	NA	PF09684;TIGR01634;COG4385	phage tail protein, P2 protein I family
k127_303888_2	1296	1685	390	-1	0.708	11	AGGA/GGAG/GAGG	GENOMAD.004853.VV	2.287e-23	97	0	0	0	2561	Caudoviricetes	NA	NA	NA	NA
k127_538997_1	3	299	297	-1	0.697	11	None	GENOMAD.102019.VV	1.292e-16	76	0	0	1	2561	Caudoviricetes	NA	NA	PF10758;COG3497	Phage tail sheath protein FI
k127_304193_1	1	1365	1365	-1	0.692	11	None	NA	NA	NA	0	0	0	1	NA	NA	NA	NA	NA
k127_304193_2	1365	3269	1905	-1	0.686	11	None	GENOMAD.053052.VV	1.989e-23	109	0	0	0	1	NA	NA	NA	PF01431;K07386;COG3590	Predicted metalloendopeptidase
k127_69248_1	3	308	306	-1	0.673	11	None	GENOMAD.092546.VV	1.352e-09	56	0	0	1	2561	Caudoviricetes	NA	NA	PF05521;COG5614;TIGR01563	Bacteriophage head-tail adaptor
k127_69248_2	305	406	102	-1	0.676	11	None	NA	NA	NA	0	0	0	1	NA	NA	NA	NA	NA
k127_187287_1	5	391	387	-1	0.633	11	None	GENOMAD.129590.VP	2.281e-14	71	0	0	1	2561	Caudoviricetes	NA	NA	PF07141	Putative bacteriophage terminase small subunit
k127_187287_2	455	694	240	-1	0.663	11	None	GENOMAD.038338.VV	9.184e-12	61	0	0	0	2561	Caudoviricetes	NA	NA	COG3392	NA
k127_245961_1	2	328	327	1	0.612	11	None	GENOMAD.053137.VV	5.939e-13	66	0	0	1	2561	Caudoviricetes	NA	NA	PF17482	Phage tail sheath C-terminal domain
k127_69874_1	1	333	333	1	0.676	11	None	GENOMAD.099841.VV	1.431e-12	65	0	0	1	2561	Caudoviricetes	NA	NA	PF18352;COG4384;TIGR01644	Phage protein Gp138 N-terminal domain
k127_305195_1	1	93	93	1	0.731	11	None	NA	NA	NA	0	0	0	1	NA	NA	NA	NA	NA
k127_305195_2	187	504	318	1	0.717	11	None	GENOMAD.138089.VV	1.014e-37	137	0	0	1	6064	Autographiviridae	NA	NA	PF03237;PF17289;COG5410;TIGR01547	Large terminase phage packaging protein
k127_364014_1	1	822	822	1	0.639	11	None	GENOMAD.169508.VP	2.448e-19	91	0	0	1	2561	Caudoviricetes	NA	NA	PF04708;PF13262;COG1961;K14060	Site-specific DNA recombinase related to the DNA invertase Pin
k127_188077_1	3	362	360	1	0.714	11	None	GENOMAD.092228.VV	7.039e-24	98	0	0	1	2561	Caudoviricetes	NA	NA	PF03864	Phage major capsid protein E
k127_305983_1	3	335	333	1	0.610	11	None	GENOMAD.023991.VV	2.09e-08	53	0	0	1	2561	Caudoviricetes	NA	NA	COG5410	Mu-like prophage FluMu protein gp28
k127_70939_1	3	503	501	1	0.691	11	None	GENOMAD.013210.VV	1.78e-14	73	0	0	1	2561	Caudoviricetes	NA	NA	PF00211;PF08994;PF08993;COG2114	Adenylate and Guanylate cyclase catalytic domain; T4 gene Gp59 loader of gp41 DNA helicase C-term; T4 gene Gp59 loader of gp41 DNA helicase
k127_129804_1	205	1071	867	1	0.559	11	AGGAG	GENOMAD.057710.VV	7.012e-07	53	0	0	1	2561	Caudoviricetes	NA	NA	PF00589;PF04860;K07358;TIGR01537	Phage integrase family; Phage portal protein
k127_129858_1	2	886	885	-1	0.725	11	None	GENOMAD.013210.VV	8.246e-25	108	0	0	1	2561	Caudoviricetes	NA	NA	PF00211;PF08994;PF08993;COG2114	Adenylate and Guanylate cyclase catalytic domain; T4 gene Gp59 loader of gp41 DNA helicase C-term; T4 gene Gp59 loader of gp41 DNA helicase
k127_71608_1	1	132	132	-1	0.811	11	GGA/GAG/AGG	GENOMAD.091823.VV	1.451e-13	64	0	0	1	1	NA	NA	NA	PF05135;TIGR02215	phage conserved hypothetical protein, phiE125 gp8 family
k127_71608_2	139	327	189	-1	0.757	11	None	GENOMAD.091823.VV	2.634e-09	53	0	0	1	1	NA	NA	NA	PF05135;TIGR02215	phage conserved hypothetical protein, phiE125 gp8 family
k127_248091_1	3	392	390	1	0.695	11	None	GENOMAD.042265.VV	9.999e-06	46	0	0	1	2561	Caudoviricetes	NA	NA	PF20307;TIGR02237;COG0468;K04485	Divergent DnaB-like ATPase
k127_366341_1	1	261	261	1	0.644	11	None	GENOMAD.077926.VV	1.095e-05	44	0	0	1	2561	Caudoviricetes	NA	NA	COG3772	Phage-related lysozyme (muramidase), GH24 family
k127_131344_1	1	384	384	-1	0.685	11	None	GENOMAD.042265.VV	4.553e-05	44	0	0	1	2561	Caudoviricetes	NA	NA	PF20307;TIGR02237;COG0468;K04485	Divergent DnaB-like ATPase
k127_14370_1	1	627	627	1	0.697	11	None	GENOMAD.118632.VP	1.244e-12	69	0	0	1	2561	Caudoviricetes	NA	NA	PF00476;PF07141	DNA polymerase family A; Putative bacteriophage terminase small subunit
k127_131388_1	2	430	429	-1	0.657	11	None	GENOMAD.169508.VP	6.526e-06	47	0	0	1	2561	Caudoviricetes	NA	NA	PF04708;PF13262;COG1961;K14060	Site-specific DNA recombinase related to the DNA invertase Pin
k127_72705_1	3	377	375	-1	0.688	11	None	GENOMAD.060259.VV	1.9e-05	45	0	0	1	2561	Caudoviricetes	NA	NA	PF20307;TIGR02236;COG0468;K04484	Divergent DnaB-like ATPase
k127_190441_1	2	319	318	1	0.660	11	None	GENOMAD.053137.VV	1.479e-25	102	0	0	1	2561	Caudoviricetes	NA	NA	PF17482	Phage tail sheath C-terminal domain
k127_308387_1	1	603	603	1	0.657	11	None	GENOMAD.068048.VV	1.089e-09	60	0	0	1	2561	Caudoviricetes	NA	NA	PF20307;TIGR03600;K02314;COG0305	phage replicative helicase, DnaB family, HK022 subfamily
k127_132181_1	3	404	402	-1	0.637	11	None	GENOMAD.064229.VV	2.459e-41	149	0	0	1	2561	Caudoviricetes	NA	NA	PF05133;TIGR01538	phage portal protein, SPP1 family
k127_132252_1	1	315	315	-1	0.679	11	None	GENOMAD.070325.VV	9.111e-07	48	0	0	1	1	NA	NA	NA	PF09293	T4 RNase H, C terminal
k127_484491_1	3	656	654	1	0.677	11	None	GENOMAD.102019.VV	1.426e-41	154	0	0	1	2561	Caudoviricetes	NA	NA	PF10758;COG3497	Phage tail sheath protein FI
k127_484491_2	720	1226	507	1	0.647	11	GGAG/GAGG	GENOMAD.222086.VV	1.145e-07	53	0	0	1	2561	Caudoviricetes	NA	NA	PF04985;K06908;TIGR01611;COG3498	phage contractile tail tube protein, P2 family
k127_484491_3	1424	1702	279	1	0.649	11	AGGA	GENOMAD.140758.VV	4.252e-17	77	0	0	1	2561	Caudoviricetes	NA	NA	PF10109;COG4518	Phage tail assembly chaperone proteins, E, or 41 or 14
k127_484491_4	1723	1881	159	1	0.673	11	None	NA	NA	NA	0	0	0	1	NA	NA	NA	NA	NA
k127_484491_5	2013	2171	159	1	0.711	11	AGxAGG/AGGxGG	NA	NA	NA	0	0	0	1	NA	NA	NA	NA	NA
k127_367680_1	2	472	471	-1	0.665	11	None	GENOMAD.068048.VV	1.474e-12	67	0	0	1	2561	Caudoviricetes	NA	NA	PF20307;TIGR03600;K02314;COG0305	phage replicative helicase, DnaB family, HK022 subfamily
k127_309081_1	1	195	195	-1	0.667	11	GGA/GAG/AGG	NA	NA	NA	0	0	0	1	NA	NA	NA	NA	NA
k127_309081_2	200	769	570	-1	0.647	11	None	GENOMAD.014312.VV	1.122e-20	92	0	0	1	2561	Caudoviricetes	NA	NA	PF06152;TIGR01641;COG5585	phage putative head morphogenesis protein, SPP1 gp7 family
k127_191629_1	3	545	543	1	0.729	11	None	GENOMAD.068590.VV	1.111e-16	80	0	0	1	2561	Caudoviricetes	NA	NA	PF13871;PF11242;K11654;TIGR00721	C-terminal domain on Strawberry notch homologue
k127_426594_1	1	570	570	-1	0.660	11	None	GENOMAD.042265.VV	1.785e-05	47	0	0	1	2561	Caudoviricetes	NA	NA	PF20307;TIGR02237;COG0468;K04485	Divergent DnaB-like ATPase
k127_250353_1	1	330	330	-1	0.721	11	None	GENOMAD.005219.VV	5.346e-06	46	0	0	1	2561	Caudoviricetes	NA	NA	PF20441;COG4373;TIGR01547	Terminase large subunit, endonuclease domain
k127_485001_1	1	483	483	-1	0.685	11	None	GENOMAD.153941.VV	3.452e-13	69	0	0	1	2561	Caudoviricetes	NA	NA	PF13479;K19789;TIGR01618	phage nucleotide-binding protein
k127_485180_1	2	568	567	-1	0.688	11	None	GENOMAD.068590.VV	1.051e-21	95	0	0	1	2561	Caudoviricetes	NA	NA	PF13871;PF11242;K11654;TIGR00721	C-terminal domain on Strawberry notch homologue
k127_427027_1	1	303	303	1	0.660	11	None	GENOMAD.166399.VC	7.133e-08	51	0	0	1	2561	Caudoviricetes	NA	NA	PF04860;TIGR01537;COG4695	phage portal protein, HK97 family
k127_309692_1	2	430	429	-1	0.676	11	None	GENOMAD.167295.VP	1.08e-10	61	0	0	1	2561	Caudoviricetes	NA	NA	PF13539;TIGR01537	D-alanyl-D-alanine carboxypeptidase
k127_544395_1	1	327	327	1	0.606	11	None	GENOMAD.142009.VV	4.776e-31	118	0	0	1	2561	Caudoviricetes	NA	NA	PF11651;TIGR04387	P22 coat protein - gene protein 5
k127_133265_1	3	353	351	-1	0.638	11	None	GENOMAD.136131.VV	8.332e-21	89	0	0	1	2561	Caudoviricetes	NA	NA	PF04717;COG4540;TIGR01644	Phage P2 baseplate assembly protein gpV
k127_16505_1	3	302	300	-1	0.690	11	None	GENOMAD.153574.VV	4.562e-12	63	0	0	1	2561	Caudoviricetes	NA	NA	PF05065;TIGR01554;COG4653	phage major capsid protein, HK97 family
k127_544744_1	2	1060	1059	-1	0.615	11	GGAGG	GENOMAD.000175.VV	4.575e-06	51	0	0	1	8305	Partitiviridae	NA	NA	PF00680;COG3344	Viral RNA-dependent RNA polymerase
k127_310250_1	1	210	210	1	0.576	11	None	GENOMAD.147427.VP	8.245e-09	52	0	0	1	2561	Caudoviricetes	NA	NA	PF07141	Putative bacteriophage terminase small subunit
k127_310250_2	117	377	261	-1	0.632	11	GGAG/GAGG	NA	NA	NA	0	0	0	1	NA	NA	NA	NA	NA
k127_310250_3	407	478	72	-1	0.556	11	None	NA	NA	NA	0	0	0	1	NA	NA	NA	NA	NA
k127_133898_1	1	111	111	-1	0.676	11	AGGAG	NA	NA	NA	0	0	0	1	NA	NA	NA	NA	NA
k127_133898_2	126	365	240	-1	0.708	11	None	GENOMAD.090759.VV	1.285e-30	115	0	0	1	1	NA	NA	NA	PF11367	NA
k127_251580_1	1	342	342	-1	0.579	11	None	GENOMAD.136711.VP	7.234e-13	66	0	0	1	2561	Caudoviricetes	NA	NA	PF03354;COG5323	Large terminase phage packaging protein
k127_193032_1	3	251	249	1	0.699	11	None	NA	NA	NA	0	0	0	1	NA	NA	NA	NA	NA
k127_193032_2	305	985	681	1	0.718	11	GGAG/GAGG	GENOMAD.102019.VV	1.943e-31	125	0	0	1	2561	Caudoviricetes	NA	NA	PF10758;COG3497	Phage tail sheath protein FI
k127_486238_1	1	81	81	1	0.691	11	None	NA	NA	NA	0	0	0	1	NA	NA	NA	NA	NA
k127_486238_2	75	350	276	-1	0.725	11	None	GENOMAD.124507.VV	1.321e-20	87	0	0	1	2561	Caudoviricetes	NA	NA	PF11242;K22300;COG3655;TIGR00673	DNA-binding transcriptional regulator, XRE family
k127_486756_1	1	807	807	-1	0.682	11	None	GENOMAD.065578.VV	5.367e-49	178	0	0	1	2561	Caudoviricetes	NA	NA	PF04860;PF04233;TIGR01537;COG4695;K06904	phage portal protein, HK97 family
k127_17864_1	1	447	447	1	0.647	11	None	GENOMAD.154021.VP	6.919e-19	85	0	0	1	2561	Caudoviricetes	NA	NA	PF07141;TIGR03384	Putative bacteriophage terminase small subunit
k127_252339_1	1	429	429	1	0.636	11	None	GENOMAD.068048.VV	7.734e-15	73	0	0	1	2561	Caudoviricetes	NA	NA	PF20307;TIGR03600;K02314;COG0305	phage replicative helicase, DnaB family, HK022 subfamily
k127_252339_2	498	737	240	1	0.771	11	GGAG/GAGG	NA	NA	NA	0	0	0	1	NA	NA	NA	NA	NA
k127_487062_1	2	538	537	-1	0.713	11	AGGAG	GENOMAD.019257.VV	1.464e-05	47	0	0	1	2561	Caudoviricetes	NA	NA	K21531	NA
k127_487062_2	548	733	186	-1	0.699	11	None	NA	NA	NA	0	0	0	1	NA	NA	NA	NA	NA
k127_487402_1	2	316	315	1	0.717	11	None	GENOMAD.138089.VV	2.424e-28	110	0	0	1	6064	Autographiviridae	NA	NA	PF03237;PF17289;COG5410;TIGR01547	Large terminase phage packaging protein
k127_429279_1	1	456	456	-1	0.713	11	None	GENOMAD.065578.VV	1.921e-17	81	0	0	1	2561	Caudoviricetes	NA	NA	PF04860;PF04233;TIGR01537;COG4695;K06904	phage portal protein, HK97 family
k127_487589_1	2	247	246	1	0.748	11	None	GENOMAD.138523.VV	0.0005027	39	0	0	1	2561	Caudoviricetes	NA	NA	PF06892;TIGR00673;COG5606	cyanase
k127_487589_2	184	558	375	-1	0.699	11	None	NA	NA	NA	0	0	0	1	NA	NA	NA	NA	NA
k127_370378_1	2	217	216	1	0.722	11	None	GENOMAD.047992.VV	8.028e-10	55	0	0	1	1	NA	NA	NA	PF11114;TIGR01725;COG5005	phage protein, HK97 gp10 family
k127_370378_2	341	448	108	1	0.667	11	AGGAG	NA	NA	NA	0	0	0	1	NA	NA	NA	NA	NA
k127_194510_1	1	336	336	1	0.732	11	None	GENOMAD.071900.VV	4.513e-17	78	0	0	1	2561	Caudoviricetes	NA	NA	PF13479;TIGR01618;COG2087;K04484	phage nucleotide-binding protein
k127_429522_1	3	257	255	1	0.592	11	None	GENOMAD.110262.VP	2.957e-17	77	0	0	1	2561	Caudoviricetes	NA	NA	PF04233;COG2369;TIGR01641	Uncharacterized conserved protein, contains phage Mu gpF-like domain
k127_547067_1	15	455	441	-1	0.592	11	None	GENOMAD.068048.VV	8.9e-15	73	0	0	1	2561	Caudoviricetes	NA	NA	PF20307;TIGR03600;K02314;COG0305	phage replicative helicase, DnaB family, HK022 subfamily
k127_253324_1	3	347	345	-1	0.725	11	None	GENOMAD.011465.VV	4.899e-09	55	0	0	1	2561	Caudoviricetes	NA	NA	PF05133;TIGR01538	phage portal protein, SPP1 family
k127_18895_1	2	382	381	-1	0.659	11	None	GENOMAD.026355.VV	3.713e-17	79	0	0	1	2561	Caudoviricetes	NA	NA	PF20307;TIGR02238	Divergent DnaB-like ATPase
k127_18898_1	2	466	465	1	0.690	11	None	GENOMAD.129999.VP	8.239e-20	88	0	0	1	2561	Caudoviricetes	NA	NA	PF04708;COG1961;K21528	Site-specific DNA recombinase related to the DNA invertase Pin
k127_371159_1	3	248	246	1	0.695	11	None	GENOMAD.145914.VP	9.245e-20	84	0	0	1	2561	Caudoviricetes	NA	NA	PF13252;TIGR04387	major capsid protein, N4-gp56 family
k127_547610_1	3	377	375	-1	0.696	11	None	GENOMAD.002715.VV	2.889e-10	59	0	0	1	2561	Caudoviricetes	NA	NA	PF03354;PF20441;COG4626;TIGR01547	Phage terminase-like protein, large subunit, contains N-terminal HTH domain
k127_547730_1	3	422	420	1	0.721	11	None	GENOMAD.124435.VP	8.364e-22	93	0	0	1	2561	Caudoviricetes	NA	NA	PF05069;TIGR01725;COG5005	phage protein, HK97 gp10 family
k127_547730_2	419	667	249	1	0.699	11	None	NA	NA	NA	0	0	0	1	NA	NA	NA	NA	NA
k127_547730_3	664	918	255	1	0.722	11	GGAG/GAGG	GENOMAD.078696.VV	9.4e-07	47	0	0	1	2561	Caudoviricetes	NA	NA	PF09646	Gp37 protein
k127_77940_1	2	448	447	1	0.698	11	None	GENOMAD.068048.VV	1.063e-13	70	0	0	1	2561	Caudoviricetes	NA	NA	PF20307;TIGR03600;K02314;COG0305	phage replicative helicase, DnaB family, HK022 subfamily
k127_430696_1	3	371	369	-1	0.575	11	None	GENOMAD.028761.VV	1.887e-14	71	0	0	1	2561	Caudoviricetes	NA	NA	PF14550;TIGR01543;COG3740;K06904	Putative phage serine protease XkdF
k127_136650_1	1	489	489	-1	0.650	11	None	GENOMAD.068048.VV	4.79e-07	51	0	0	1	2561	Caudoviricetes	NA	NA	PF20307;TIGR03600;K02314;COG0305	phage replicative helicase, DnaB family, HK022 subfamily
k127_195816_1	2	232	231	1	0.602	11	None	GENOMAD.066888.VV	5.698e-08	50	0	0	1	2561	Caudoviricetes	NA	NA	PF11114;TIGR01725;COG5005	phage protein, HK97 gp10 family
k127_195816_2	242	373	132	1	0.545	11	AGGAG	NA	NA	NA	0	0	0	1	NA	NA	NA	NA	NA
k127_313387_1	3	476	474	1	0.597	11	None	GENOMAD.002932.VV	6.48e-14	71	0	0	1	2561	Caudoviricetes	NA	NA	TIGR01630;COG5362	phage uncharacterized protein (putative large terminase), C-terminal domain
k127_371985_1	2	514	513	1	0.698	11	None	GENOMAD.064788.VV	3.042e-56	194	0	0	1	2561	Caudoviricetes	NA	NA	PF20441;PF03354;COG4626	Phage terminase-like protein, large subunit, contains N-terminal HTH domain
k127_313691_1	2	334	333	-1	0.757	11	None	GENOMAD.222055.VP	2.712e-05	44	0	0	1	2561	Caudoviricetes	NA	NA	PF11242;COG4584;TIGR00721;K22103	Transposase
k127_372022_1	2	451	450	-1	0.724	11	None	GENOMAD.068590.VV	8.755e-17	79	0	0	1	2561	Caudoviricetes	NA	NA	PF13871;PF11242;K11654;TIGR00721	C-terminal domain on Strawberry notch homologue
k127_548484_1	1	732	732	1	0.613	11	None	GENOMAD.064252.VV	2.481e-21	96	0	0	1	2561	Caudoviricetes	NA	NA	PF03354;COG4626;TIGR01547	Terminase large subunit, ATPase domain
k127_254916_1	1	315	315	-1	0.629	11	None	GENOMAD.097639.VV	5.51e-20	86	0	0	1	2561	Caudoviricetes	NA	NA	PF17289;TIGR01630;COG5362	phage uncharacterized protein (putative large terminase), C-terminal domain
k127_372343_1	3	320	318	-1	0.726	11	None	GENOMAD.153941.VV	1.158e-20	88	0	0	1	2561	Caudoviricetes	NA	NA	PF13479;K19789;TIGR01618	phage nucleotide-binding protein
k127_314260_1	3	353	351	1	0.672	11	None	GENOMAD.068048.VV	6.721e-15	72	0	0	1	2561	Caudoviricetes	NA	NA	PF20307;TIGR03600;K02314;COG0305	phage replicative helicase, DnaB family, HK022 subfamily
k127_137657_1	1	624	624	1	0.609	11	None	GENOMAD.023991.VV	4.698e-60	207	0	0	1	2561	Caudoviricetes	NA	NA	COG5410	Mu-like prophage FluMu protein gp28
k127_79166_1	1	540	540	-1	0.556	11	None	GENOMAD.116655.VV	1.131e-36	138	0	0	1	2561	Caudoviricetes	NA	NA	PF04860;TIGR01537;COG5005	phage portal protein, HK97 family
k127_431902_1	3	365	363	1	0.700	11	None	GENOMAD.015071.VV	5.84e-42	150	0	0	1	2561	Caudoviricetes	NA	NA	PF06199;TIGR02126;COG5437	phage major tail protein, TP901-1 family
k127_431902_2	385	480	96	1	0.729	11	GGA/GAG/AGG	NA	NA	NA	0	0	0	1	NA	NA	NA	NA	NA
k127_20989_1	1	300	300	-1	0.643	11	None	GENOMAD.111143.VC	6.207e-09	54	0	0	1	2561	Caudoviricetes	NA	NA	PF04860;TIGR01537;COG4695	phage portal protein, HK97 family
k127_255638_1	3	275	273	-1	0.670	11	GGA/GAG/AGG	GENOMAD.121529.VV	2.972e-05	43	0	0	1	2561	Caudoviricetes	NA	NA	PF10934;COG3628;K06903;TIGR03357	Phage baseplate assembly protein W
k127_255638_2	278	409	132	-1	0.659	11	None	NA	NA	NA	0	0	0	1	NA	NA	NA	NA	NA
k127_21140_1	2	370	369	-1	0.575	11	None	GENOMAD.123534.VP	6.072e-43	153	0	0	1	2561	Caudoviricetes	NA	NA	PF05133;TIGR01538	Phage portal protein, SPP1 Gp6-like
k127_490171_1	1	384	384	-1	0.682	11	None	GENOMAD.068048.VV	1.028e-14	72	0	0	1	2561	Caudoviricetes	NA	NA	PF20307;TIGR03600;K02314;COG0305	phage replicative helicase, DnaB family, HK022 subfamily
k127_373139_1	2	535	534	1	0.635	11	None	GENOMAD.170962.VP	7.774e-21	92	0	0	1	2561	Caudoviricetes	NA	NA	PF05876;PF20454;COG5525;K21512	Phage terminase, large subunit GpA
k127_432262_1	2	325	324	1	0.688	11	None	NA	NA	NA	0	0	0	1	NA	NA	NA	NA	NA
k127_432262_2	283	897	615	-1	0.676	11	None	GENOMAD.042265.VV	2.467e-08	56	0	0	1	2561	Caudoviricetes	NA	NA	PF20307;TIGR02237;COG0468;K04485	Divergent DnaB-like ATPase
k127_138290_1	3	311	309	1	0.628	11	None	GENOMAD.121396.VP	5.468e-27	106	0	0	1	2561	Caudoviricetes	NA	NA	PF04233;COG2369;TIGR01641	Uncharacterized conserved protein, contains phage Mu gpF-like domain
k127_256070_1	55	474	420	-1	0.667	11	None	GENOMAD.068048.VV	1.539e-14	72	0	0	1	2561	Caudoviricetes	NA	NA	PF20307;TIGR03600;K02314;COG0305	phage replicative helicase, DnaB family, HK022 subfamily
k127_550059_1	2	307	306	-1	0.641	11	GGAG/GAGG	GENOMAD.190563.VV	1.352e-09	56	0	0	1	2561	Caudoviricetes	NA	NA	PF05069;TIGR01635;COG5005	phage virion morphogenesis (putative tail completion) protein
k127_550059_2	311	943	633	-1	0.599	11	None	NA	NA	NA	0	0	0	1	NA	NA	NA	NA	NA
k127_138817_1	21	461	441	-1	0.628	11	None	GENOMAD.104180.VV	7.053e-06	47	0	0	1	1	NA	NA	NA	PF04717;TIGR01644;COG4540	phage baseplate assembly protein V
k127_80252_1	1	387	387	1	0.721	11	None	GENOMAD.087713.VP	1.589e-35	132	0	0	1	2561	Caudoviricetes	NA	NA	PF03237;COG4626	Phage terminase-like protein, large subunit, contains N-terminal HTH domain
k127_373981_1	1	318	318	1	0.594	11	None	GENOMAD.068048.VV	1.431e-10	59	0	0	1	2561	Caudoviricetes	NA	NA	PF20307;TIGR03600;K02314;COG0305	phage replicative helicase, DnaB family, HK022 subfamily
k127_433268_1	2	331	330	1	0.645	11	None	GENOMAD.087771.VV	0.0001286	42	0	0	1	2561	Caudoviricetes	NA	NA	PF09293	T4 RNase H, C terminal
k127_22484_1	2	346	345	-1	0.641	11	None	GENOMAD.110262.VP	3.382e-13	67	0	0	1	2561	Caudoviricetes	NA	NA	PF04233;COG2369;TIGR01641	Uncharacterized conserved protein, contains phage Mu gpF-like domain
k127_433490_1	8	1777	1770	-1	0.625	11	GGA/GAG/AGG	GENOMAD.013124.VV	1.607e-23	109	0	0	1	377	Drexlerviridae	NA	NA	PF13262;COG5410	NA
k127_139532_1	1	549	549	-1	0.709	11	None	GENOMAD.068590.VV	1.436e-12	68	0	0	1	2561	Caudoviricetes	NA	NA	PF13871;PF11242;K11654;TIGR00721	C-terminal domain on Strawberry notch homologue
k127_433595_1	2	589	588	-1	0.716	11	None	GENOMAD.195648.VP	4.188e-05	46	0	0	1	9067	Straboviridae	NA	NA	PF20025;PF01331;PF14743;K18951;TIGR04120;COG1793	DNA ligase, ATP-dependent, PP_1105 family
k127_80918_1	3	215	213	-1	0.648	11	None	GENOMAD.127022.VV	1.127e-13	66	0	0	1	2561	Caudoviricetes	NA	NA	PF04586;K06904;COG3740;TIGR01543	Phage head maturation protease
k127_80918_2	258	440	183	-1	0.568	11	None	NA	NA	NA	0	0	0	1	NA	NA	NA	NA	NA
k127_550910_1	1	684	684	1	0.668	11	None	GENOMAD.166399.VC	8.93e-15	76	0	0	1	2561	Caudoviricetes	NA	NA	PF04860;TIGR01537;COG4695	phage portal protein, HK97 family
k127_316501_1	256	603	348	1	0.701	11	AGxAGG/AGGxGG	GENOMAD.005158.VV	1.738e-12	65	0	0	1	2561	Caudoviricetes	NA	NA	PF04586;PF13395;TIGR02646;K06904	TIGR02646 family protein
k127_434038_1	3	323	321	1	0.617	11	None	GENOMAD.147017.VP	3.556e-33	124	0	0	1	2561	Caudoviricetes	NA	NA	PF04466;TIGR01547;COG1783	Phage terminase large subunit
k127_199411_1	278	661	384	-1	0.669	11	GGA/GAG/AGG	GENOMAD.153315.VP	3.893e-07	50	0	0	0	377	Drexlerviridae	NA	NA	NA	NA
k127_199411_2	665	1198	534	-1	0.635	11	None	GENOMAD.123482.VP	9.211e-18	83	0	0	1	2561	Caudoviricetes	NA	NA	PF12571;COG5301	Phage-related tail fibre protein
k127_199483_1	3	614	612	-1	0.696	11	None	GENOMAD.166960.VP	1.513e-23	101	0	0	1	2561	Caudoviricetes	NA	NA	PF04860;COG5518;TIGR01537	Bacteriophage capsid portal protein
k127_81807_1	1	345	345	-1	0.684	11	None	GENOMAD.053137.VV	9.336e-19	83	0	0	1	2561	Caudoviricetes	NA	NA	PF17482	Phage tail sheath C-terminal domain
k127_81867_1	1	87	87	1	0.736	11	None	NA	NA	NA	0	0	0	1	NA	NA	NA	NA	NA
k127_81867_2	74	472	399	1	0.742	11	GGAG/GAGG	GENOMAD.013124.VV	1.029e-06	49	0	0	1	377	Drexlerviridae	NA	NA	PF13262;COG5410	NA
k127_552234_1	3	308	306	1	0.631	11	None	GENOMAD.154021.VP	1.408e-16	76	0	0	1	2561	Caudoviricetes	NA	NA	PF07141;TIGR03384	Putative bacteriophage terminase small subunit
k127_375978_1	2	340	339	1	0.678	11	None	GENOMAD.179239.VC	4.557e-09	55	0	0	1	2561	Caudoviricetes	NA	NA	PF04860;TIGR01537;COG4695	phage portal protein, HK97 family
k127_200071_1	2	547	546	-1	0.614	11	GGGG	GENOMAD.208864.VP	3.203e-52	183	0	0	1	2561	Caudoviricetes	NA	NA	PF19307;TIGR01554;COG4653	Phage capsid-like protein
k127_552482_1	2	517	516	1	0.661	11	None	GENOMAD.053137.VV	1.449e-29	117	0	0	1	2561	Caudoviricetes	NA	NA	PF17482	Phage tail sheath C-terminal domain
k127_82817_1	2	856	855	-1	0.629	11	None	GENOMAD.169508.VP	3.076e-23	103	0	0	1	2561	Caudoviricetes	NA	NA	PF04708;PF13262;COG1961;K14060	Site-specific DNA recombinase related to the DNA invertase Pin
k127_24658_1	2	319	318	-1	0.604	11	None	GENOMAD.129999.VP	8.658e-16	74	0	0	1	2561	Caudoviricetes	NA	NA	PF04708;COG1961;K21528	Site-specific DNA recombinase related to the DNA invertase Pin
k127_376487_1	1	342	342	-1	0.743	11	None	NA	NA	NA	0	0	0	1	NA	NA	NA	NA	NA
k127_376487_2	339	992	654	-1	0.691	11	None	GENOMAD.068048.VV	1.531e-11	66	0	0	1	2561	Caudoviricetes	NA	NA	PF20307;TIGR03600;K02314;COG0305	phage replicative helicase, DnaB family, HK022 subfamily
k127_493730_1	24	815	792	-1	0.674	11	None	GENOMAD.032636.VV	3.954e-22	99	0	0	1	2561	Caudoviricetes	NA	NA	PF20307;PF07486;TIGR02239;COG0468;K18947	Divergent DnaB-like ATPase; Cell Wall Hydrolase
k127_141808_1	183	503	321	1	0.707	11	GGA/GAG/AGG	GENOMAD.195568.VP	8.922e-08	51	0	0	1	2561	Caudoviricetes	NA	NA	PF20025;PF01331;K18951;TIGR04120;COG1793	DNA ligase, ATP-dependent, PP_1105 family
k127_24922_1	3	335	333	1	0.240	4	None	GENOMAD.154384.VP	3.714e-10	58	0	0	1	2561	Caudoviricetes	NA	NA	PF19835;TIGR01453;COG3680	group I intron endonuclease
k127_83119_1	2	331	330	-1	0.633	11	None	GENOMAD.062241.VV	2.027e-32	122	0	0	1	2561	Caudoviricetes	NA	NA	PF06199;COG5437;TIGR02126	Predicted secreted protein
k127_553097_1	2	424	423	1	0.404	11	None	GENOMAD.041707.VV	6.44e-05	44	0	0	1	2561	Caudoviricetes	NA	NA	PF03336	Poxvirus C4/C10 protein
k127_83401_1	7	393	387	-1	0.561	11	None	GENOMAD.123534.VP	2.096e-48	169	0	0	1	2561	Caudoviricetes	NA	NA	PF05133;TIGR01538	Phage portal protein, SPP1 Gp6-like
k127_142161_1	3	119	117	-1	0.658	11	GGA/GAG/AGG	NA	NA	NA	0	0	0	1	NA	NA	NA	NA	NA
k127_142161_2	116	340	225	-1	0.676	11	None	GENOMAD.124435.VP	3.661e-11	59	0	0	1	2561	Caudoviricetes	NA	NA	PF05069;TIGR01725;COG5005	phage protein, HK97 gp10 family
k127_436602_1	2	466	465	1	0.628	11	None	GENOMAD.138398.VP	1.296e-13	70	0	0	1	2561	Caudoviricetes	NA	NA	PF04466;TIGR01547;COG1783	phage terminase, large subunit, PBSX family
k127_142585_1	2	1045	1044	1	0.525	11	None	GENOMAD.000175.VV	9.102e-06	50	0	0	1	8305	Partitiviridae	NA	NA	PF00680;COG3344	Viral RNA-dependent RNA polymerase
k127_25912_1	2	601	600	1	0.683	11	None	GENOMAD.060259.VV	4.827e-12	67	0	0	1	2561	Caudoviricetes	NA	NA	PF20307;TIGR02236;COG0468;K04484	Divergent DnaB-like ATPase
k127_25984_1	67	462	396	-1	0.682	11	None	GENOMAD.053137.VV	2.562e-31	120	0	0	1	2561	Caudoviricetes	NA	NA	PF17482	Phage tail sheath C-terminal domain
k127_26025_1	1	297	297	-1	0.707	11	GGA/GAG/AGG	NA	NA	NA	0	0	0	1	NA	NA	NA	NA	NA
k127_26025_2	313	666	354	-1	0.650	11	None	GENOMAD.053137.VV	5.603e-25	101	0	0	1	2561	Caudoviricetes	NA	NA	PF17482	Phage tail sheath C-terminal domain
k127_437303_1	2	358	357	1	0.597	11	None	GENOMAD.009848.VV	4.327e-12	64	0	0	1	9913	Herelleviridae	NA	NA	COG5377;TIGR03033	Phage-related protein, predicted endonuclease
k127_437357_1	60	548	489	-1	0.667	11	None	GENOMAD.053137.VV	1.731e-32	125	0	0	1	2561	Caudoviricetes	NA	NA	PF17482	Phage tail sheath C-terminal domain
k127_554547_1	3	335	333	1	0.571	11	None	GENOMAD.109691.VV	1.175e-22	94	0	0	1	2561	Caudoviricetes	NA	NA	PF06141	Phage minor tail protein U
k127_378425_1	1	603	603	1	0.745	11	None	GENOMAD.068590.VV	1.089e-09	60	0	0	1	2561	Caudoviricetes	NA	NA	PF13871;PF11242;K11654;TIGR00721	C-terminal domain on Strawberry notch homologue
k127_84880_1	3	410	408	-1	0.725	11	None	GENOMAD.068590.VV	6.233e-15	73	0	0	1	2561	Caudoviricetes	NA	NA	PF13871;PF11242;K11654;TIGR00721	C-terminal domain on Strawberry notch homologue
k127_437878_1	3	395	393	1	0.687	11	None	GENOMAD.047188.VV	1.097e-56	193	0	0	1	2561	Caudoviricetes	NA	NA	PF05065;TIGR01554;COG4653	phage major capsid protein, HK97 family
k127_555144_1	2	148	147	1	0.694	11	None	NA	NA	NA	0	0	0	1	NA	NA	NA	NA	NA
k127_555144_2	145	483	339	1	0.702	11	None	GENOMAD.220829.VP	1.501e-20	88	0	0	0	2561	Caudoviricetes	NA	NA	PF05354	Phage Head-Tail Attachment
k127_555144_3	483	803	321	1	0.688	11	GGAG/GAGG	GENOMAD.219515.VP	2.198e-22	93	0	0	1	2561	Caudoviricetes	NA	NA	PF13554	Bacteriophage related domain of unknown function
k127_85442_1	3	392	390	-1	0.644	11	None	GENOMAD.129396.VP	6.403e-21	90	0	0	1	2561	Caudoviricetes	NA	NA	PF20454	Terminase large subunit gpA, endonuclease domain
k127_496246_1	2	2140	2139	-1	0.693	11	None	GENOMAD.068048.VV	3.654e-10	66	0	0	1	2561	Caudoviricetes	NA	NA	PF20307;TIGR03600;K02314;COG0305	phage replicative helicase, DnaB family, HK022 subfamily
k127_321016_1	1	321	321	1	0.723	11	None	GENOMAD.072479.VV	4.013e-08	52	0	0	1	1	NA	NA	NA	PF20198	Sm_like domain
k127_438797_1	3	1040	1038	1	0.621	11	None	GENOMAD.000175.VV	1.409e-08	59	0	0	1	8305	Partitiviridae	NA	NA	PF00680;COG3344	Viral RNA-dependent RNA polymerase
k127_556149_1	2	505	504	-1	0.696	11	GGAG/GAGG	GENOMAD.064788.VV	6.046e-81	265	0	0	1	2561	Caudoviricetes	NA	NA	PF20441;PF03354;COG4626	Phage terminase-like protein, large subunit, contains N-terminal HTH domain
k127_556149_2	502	636	135	-1	0.756	11	None	GENOMAD.088366.VV	3.488e-06	43	0	0	1	2561	Caudoviricetes	NA	NA	PF05119;TIGR01558	Phage terminase, small subunit
k127_321548_1	3	926	924	-1	0.581	11	None	GENOMAD.004561.VV	1.353e-95	315	0	0	1	2561	Caudoviricetes	NA	NA	PF06381;K09961;TIGR01555;COG3567	phage-related protein, HI1409 family
k127_86576_1	2	376	375	-1	0.728	11	None	GENOMAD.071900.VV	1.936e-23	97	0	0	1	2561	Caudoviricetes	NA	NA	PF13479;TIGR01618;COG2087;K04484	phage nucleotide-binding protein
k127_556700_1	3	317	315	1	0.717	11	None	GENOMAD.053137.VV	1.229e-19	85	0	0	1	2561	Caudoviricetes	NA	NA	PF17482	Phage tail sheath C-terminal domain
k127_497588_1	1	300	300	1	0.693	11	None	GENOMAD.121581.VP	8.064e-06	45	0	0	1	2561	Caudoviricetes	NA	NA	PF04965;COG3628;K06903;TIGR03357	Phage baseplate assembly protein W
k127_497588_2	297	443	147	1	0.741	11	AGGA/GGAG/GAGG	GENOMAD.207669.VP	2.303e-05	41	0	0	0	2561	Caudoviricetes	NA	NA	NA	NA
k127_322252_1	1	387	387	-1	0.625	11	None	GENOMAD.017632.VV	7.337e-10	58	0	0	1	2561	Caudoviricetes	NA	NA	PF03354;COG5410;TIGR01547	phage terminase, large subunit, PBSX family
k127_322252_2	326	592	267	-1	0.603	11	None	NA	NA	NA	0	0	0	1	NA	NA	NA	NA	NA
k127_145839_1	3	314	312	1	0.615	11	None	GENOMAD.129590.VP	7.693e-08	51	0	0	1	2561	Caudoviricetes	NA	NA	PF07141	Putative bacteriophage terminase small subunit
k127_145839_2	259	1416	1158	1	0.656	11	None	GENOMAD.039786.VV	1.521e-07	56	0	0	0	2561	Caudoviricetes	NA	NA	NA	NA
k127_145839_3	1418	1606	189	1	0.646	11	None	NA	NA	NA	0	0	0	1	NA	NA	NA	NA	NA
k127_204940_1	1	252	252	-1	0.627	11	GGA/GAG/AGG	GENOMAD.020789.VV	3.217e-09	54	0	0	1	2561	Caudoviricetes	NA	NA	COG5410	NA
k127_204940_2	249	641	393	-1	0.654	11	GGAG/GAGG	GENOMAD.192021.VP	0.0001055	43	0	0	0	2561	Caudoviricetes	NA	NA	PF18932	NA
k127_204940_3	631	1083	453	-1	0.682	11	None	GENOMAD.038338.VV	1.937e-16	78	0	0	0	2561	Caudoviricetes	NA	NA	COG3392	NA
k127_381474_1	2	343	342	-1	0.722	11	None	GENOMAD.094226.VV	7.338e-21	89	0	0	1	2561	Caudoviricetes	NA	NA	PF03354;COG5410	Terminase large subunit, ATPase domain
k127_264433_1	1	456	456	1	0.568	11	None	GENOMAD.178051.VP	1.175e-13	70	0	0	1	2561	Caudoviricetes	NA	NA	PF02195;PF17288;TIGR00180;COG1475	ParB/RepB/Spo0J family partition protein
k127_441006_1	1	531	531	1	0.685	11	None	NA	NA	NA	0	0	0	1	NA	NA	NA	NA	NA
k127_441006_2	535	990	456	1	0.708	11	None	GENOMAD.123275.VP	6.499e-11	62	0	0	1	2561	Caudoviricetes	NA	NA	PF04965;K06903;COG3628;TIGR03357	Phage baseplate assembly protein W
k127_265118_1	1	810	810	1	0.559	11	None	GENOMAD.009567.VV	7.495e-120	383	0	0	1	2561	Caudoviricetes	NA	NA	PF11863;COG4386	Mu-like prophage tail sheath protein gpL
k127_558945_1	3	305	303	-1	0.706	11	None	GENOMAD.118424.VV	2.552e-18	81	0	0	1	2561	Caudoviricetes	NA	NA	PF09684;TIGR01634;COG4385	phage tail protein, P2 protein I family
k127_559043_1	1	324	324	-1	0.701	11	None	GENOMAD.066566.VV	2.318e-14	70	0	0	1	1	NA	NA	NA	PF05069;COG5005;TIGR01725	Mu-like prophage protein gpG
k127_89070_1	3	362	360	1	0.706	11	None	GENOMAD.070997.VV	7.936e-05	43	0	0	1	2561	Caudoviricetes	NA	NA	PF09588;TIGR03033;COG5377	putative phage-type endonuclease
k127_266334_1	2	301	300	-1	0.593	11	None	GENOMAD.159008.VP	1.86e-05	44	0	0	1	2561	Caudoviricetes	NA	NA	PF07141;COG4584	Putative bacteriophage terminase small subunit
k127_207692_1	3	689	687	-1	0.619	11	None	GENOMAD.068048.VV	9.022e-16	79	0	0	1	2561	Caudoviricetes	NA	NA	PF20307;TIGR03600;K02314;COG0305	phage replicative helicase, DnaB family, HK022 subfamily
k127_501203_1	3	824	822	1	0.668	11	None	GENOMAD.049040.VV	2.281e-15	79	0	0	1	2561	Caudoviricetes	NA	NA	PF17482	Phage tail sheath C-terminal domain
k127_32503_1	3	590	588	1	0.747	11	None	GENOMAD.028147.VV	4.529e-08	55	0	0	1	1	NA	NA	NA	PF04865;COG3948	Baseplate J-like protein
k127_560683_1	1	342	342	-1	0.731	11	None	GENOMAD.071900.VV	2.961e-46	162	0	0	1	2561	Caudoviricetes	NA	NA	PF13479;TIGR01618;COG2087;K04484	phage nucleotide-binding protein
k127_560721_1	3	446	444	1	0.691	11	None	GENOMAD.053137.VV	3.684e-17	80	0	0	1	2561	Caudoviricetes	NA	NA	PF17482	Phage tail sheath C-terminal domain
k127_443677_1	3	431	429	-1	0.692	11	None	GENOMAD.024487.VV	0.0001473	43	0	0	1	2561	Caudoviricetes	NA	NA	PF09293;K18950;TIGR00593;COG0258	T4 RNase H, C terminal
k127_149835_1	3	410	408	1	0.752	11	None	GENOMAD.212468.VV	1.183e-05	46	0	0	1	2561	Caudoviricetes	NA	NA	PF20350;PF04971	Bacteriophage P21 holin S
k127_267522_1	1	357	357	1	0.686	11	None	GENOMAD.119462.VV	6.991e-15	72	0	0	1	2561	Caudoviricetes	NA	NA	TIGR01543	phage prohead protease, HK97 family
k127_267522_2	370	1029	660	1	0.689	11	GGA/GAG/AGG	NA	NA	NA	0	0	0	1	NA	NA	NA	NA	NA
k127_384975_1	2	355	354	1	0.669	11	None	GENOMAD.053137.VV	2.277e-26	105	0	0	1	2561	Caudoviricetes	NA	NA	PF17482	Phage tail sheath C-terminal domain
k127_326403_1	3	353	351	-1	0.601	11	None	GENOMAD.068048.VV	1.358e-15	74	0	0	1	2561	Caudoviricetes	NA	NA	PF20307;TIGR03600;K02314;COG0305	phage replicative helicase, DnaB family, HK022 subfamily
k127_502122_1	2	271	270	1	0.607	11	None	GENOMAD.141999.VP	0.0001372	41	0	0	1	2561	Caudoviricetes	NA	NA	PF16677;TIGR02844;COG2826;K00204	DNA-packaging protein gp3
k127_502122_2	272	520	249	1	0.667	11	AGxAGG/AGGxGG	NA	NA	NA	0	0	0	1	NA	NA	NA	NA	NA
k127_267712_1	2	232	231	-1	0.710	11	GGAG/GAGG	GENOMAD.224435.VP	1.335e-07	49	0	0	1	2561	Caudoviricetes	NA	NA	PF04965;K06903;COG3628;TIGR03357	Baseplate wedge protein gp25
k127_267712_2	240	335	96	-1	0.698	11	None	NA	NA	NA	0	0	0	1	NA	NA	NA	NA	NA
k127_502981_1	1	3162	3162	1	0.589	11	None	GENOMAD.175211.VV	0.0001774	48	0	0	0	1	NA	NA	NA	NA	NA
k127_502981_2	3148	3288	141	-1	0.660	11	None	NA	NA	NA	0	0	0	1	NA	NA	NA	NA	NA
k127_209933_1	2	328	327	1	0.694	11	None	GENOMAD.223125.VP	5.939e-13	66	0	0	1	2561	Caudoviricetes	NA	NA	PF06892;COG4584;TIGR01481	Phage regulatory protein CII (CP76)
k127_268732_1	1	1713	1713	-1	0.604	11	GGA/GAG/AGG	GENOMAD.169508.VP	6.49e-15	81	0	0	1	2561	Caudoviricetes	NA	NA	PF04708;PF13262;COG1961;K14060	Site-specific DNA recombinase related to the DNA invertase Pin
k127_268732_2	1839	2168	330	-1	0.594	11	GGAG/GAGG	GENOMAD.226499.VP	3.218e-27	107	0	0	0	1	NA	NA	NA	PF07764;COG4226;TIGR04563;K07722	Predicted nuclease of the RNAse H fold, HicB family
k127_92571_1	2	328	327	-1	0.514	11	None	GENOMAD.216231.VP	1.616e-18	82	0	0	1	2561	Caudoviricetes	NA	NA	PF05521;TIGR01563;COG5614	phage head-tail adaptor, putative, SPP1 family
k127_92571_2	325	870	546	-1	0.588	11	None	GENOMAD.048649.VV	7.474e-33	127	0	0	0	2561	Caudoviricetes	NA	NA	NA	NA
k127_151657_1	61	630	570	-1	0.602	11	None	GENOMAD.169508.VP	3.26e-15	76	0	0	1	2561	Caudoviricetes	NA	NA	PF04708;PF13262;COG1961;K14060	Site-specific DNA recombinase related to the DNA invertase Pin
k127_563009_1	13	603	591	1	0.653	11	None	GENOMAD.013124.VV	1.943e-14	74	0	0	1	377	Drexlerviridae	NA	NA	PF13262;COG5410	NA
k127_445950_1	7	456	450	-1	0.667	11	None	GENOMAD.118632.VP	6.669e-09	56	0	0	1	2561	Caudoviricetes	NA	NA	PF00476;PF07141	DNA polymerase family A; Putative bacteriophage terminase small subunit
k127_563223_1	3	398	396	1	0.611	11	None	GENOMAD.181471.VP	2.053e-25	103	0	0	1	2561	Caudoviricetes	NA	NA	PF09393	Phage tail tube protein
k127_211138_1	135	749	615	1	0.709	11	AGGAG	GENOMAD.071900.VV	3.934e-78	259	0	0	1	2561	Caudoviricetes	NA	NA	PF13479;TIGR01618;COG2087;K04484	phage nucleotide-binding protein
k127_211185_1	2	943	942	1	0.654	11	None	GENOMAD.068048.VV	4.878e-17	85	0	0	1	2561	Caudoviricetes	NA	NA	PF20307;TIGR03600;K02314;COG0305	phage replicative helicase, DnaB family, HK022 subfamily
k127_387419_1	56	322	267	-1	0.562	11	None	GENOMAD.113239.VV	2.127e-07	49	0	0	1	2561	Caudoviricetes	NA	NA	PF16677	DNA-packaging protein gp3
k127_387586_1	3	98	96	1	0.635	11	None	NA	NA	NA	0	0	0	1	NA	NA	NA	NA	NA
k127_387586_2	95	385	291	1	0.622	11	AGGAGG	GENOMAD.002027.VV	2.378e-17	78	0	0	1	2561	Caudoviricetes	NA	NA	PF05766	Bacteriophage Lambda NinG protein
k127_211620_1	2	694	693	-1	0.752	11	None	GENOMAD.071900.VV	3.697e-07	53	0	0	1	2561	Caudoviricetes	NA	NA	PF13479;TIGR01618;COG2087;K04484	phage nucleotide-binding protein
k127_153084_1	3	425	423	-1	0.603	11	None	GENOMAD.169508.VP	1.18e-18	84	0	0	1	2561	Caudoviricetes	NA	NA	PF04708;PF13262;COG1961;K14060	Site-specific DNA recombinase related to the DNA invertase Pin
k127_388123_1	1	330	330	-1	0.558	11	None	GENOMAD.116655.VV	5.486e-38	138	0	0	1	2561	Caudoviricetes	NA	NA	PF04860;TIGR01537;COG5005	phage portal protein, HK97 family
k127_329604_1	2	304	303	-1	0.660	11	None	GENOMAD.158863.VP	3.246e-39	141	0	0	1	2561	Caudoviricetes	NA	NA	PF18906	Phage tail tube protein
k127_212155_1	2	133	132	-1	0.606	11	GGAG/GAGG	NA	NA	NA	0	0	0	1	NA	NA	NA	NA	NA
k127_212155_2	130	504	375	-1	0.672	11	None	GENOMAD.146673.VV	7.894e-57	193	0	0	1	2561	Caudoviricetes	NA	NA	PF05521;TIGR01563;COG5614	phage head-tail adaptor, putative, SPP1 family
k127_564604_1	3	335	333	-1	0.673	11	None	GENOMAD.053137.VV	2.139e-24	99	0	0	1	2561	Caudoviricetes	NA	NA	PF17482	Phage tail sheath C-terminal domain
k127_505546_1	2	331	330	1	0.697	11	None	GENOMAD.071900.VV	2.027e-32	122	0	0	1	2561	Caudoviricetes	NA	NA	PF13479;TIGR01618;COG2087;K04484	phage nucleotide-binding protein
k127_447686_1	1	330	330	-1	0.652	11	None	GENOMAD.195588.VP	2.411e-06	47	0	0	1	2561	Caudoviricetes	NA	NA	PF07278;COG4220;K22014;TIGR01481	Phage DNA packaging protein, Nu1 subunit of terminase
k127_94887_1	2	406	405	1	0.662	11	None	GENOMAD.068048.VV	1.572e-12	66	0	0	1	2561	Caudoviricetes	NA	NA	PF20307;TIGR03600;K02314;COG0305	phage replicative helicase, DnaB family, HK022 subfamily
k127_388976_1	3	155	153	-1	0.660	11	GGAG/GAGG	NA	NA	NA	0	0	0	1	NA	NA	NA	NA	NA
k127_388976_2	181	522	342	-1	0.719	11	GGAGG	NA	NA	NA	0	0	0	1	NA	NA	NA	NA	NA
k127_388976_3	507	1001	495	-1	0.691	11	None	GENOMAD.151092.VV	4.991e-06	48	0	0	1	2561	Caudoviricetes	NA	NA	PF09588;COG5377;TIGR03033;K01143	Phage-related protein, predicted endonuclease
k127_565266_1	1	318	318	-1	0.613	11	None	GENOMAD.023677.VV	1.376e-34	128	0	0	1	2561	Caudoviricetes	NA	NA	PF04865;COG3299	Baseplate J-like protein
k127_154169_1	1	330	330	1	0.609	11	None	GENOMAD.147369.VP	1.85e-25	102	0	0	1	2561	Caudoviricetes	NA	NA	PF09355;COG5632	Phage protein Gp19/Gp15/Gp42
k127_271804_1	2	346	345	1	0.586	11	None	GENOMAD.053137.VV	7.521e-13	66	0	0	1	2561	Caudoviricetes	NA	NA	PF17482	Phage tail sheath C-terminal domain
k127_506497_1	1	393	393	-1	0.585	11	None	GENOMAD.161864.VP	1.15e-14	72	0	0	1	2561	Caudoviricetes	NA	NA	PF05119;COG3747;TIGR01558	Phage terminase, small subunit
k127_506796_1	2	622	621	1	0.665	11	None	GENOMAD.013210.VV	1.162e-13	72	0	0	1	2561	Caudoviricetes	NA	NA	PF00211;PF08994;PF08993;COG2114	Adenylate and Guanylate cyclase catalytic domain; T4 gene Gp59 loader of gp41 DNA helicase C-term; T4 gene Gp59 loader of gp41 DNA helicase
k127_507021_1	2	616	615	-1	0.624	11	None	GENOMAD.169508.VP	1.042e-29	119	0	0	1	2561	Caudoviricetes	NA	NA	PF04708;PF13262;COG1961;K14060	Site-specific DNA recombinase related to the DNA invertase Pin
k127_507217_1	1	489	489	-1	0.720	11	AGGAG	GENOMAD.071900.VV	2.68e-62	211	0	0	1	2561	Caudoviricetes	NA	NA	PF13479;TIGR01618;COG2087;K04484	phage nucleotide-binding protein
k127_331552_1	1	189	189	-1	0.513	11	GGAG/GAGG	GENOMAD.128478.VV	2.417e-17	76	0	0	1	1	NA	NA	NA	PF05939;TIGR02217;COG4718	Phage minor tail protein
k127_331552_2	190	477	288	-1	0.535	11	None	NA	NA	NA	0	0	0	1	NA	NA	NA	NA	NA
k127_566358_1	2	196	195	1	0.579	11	None	GENOMAD.061448.VV	3.716e-07	47	0	0	1	2561	Caudoviricetes	NA	NA	PF06223;TIGR01715	Minor tail protein T
k127_566358_2	196	612	417	1	0.715	11	GGAGG	GENOMAD.042635.VV	2.94e-41	149	0	0	1	2561	Caudoviricetes	NA	NA	PF11114;TIGR01725;COG5005	phage protein, HK97 gp10 family
k127_566358_3	612	716	105	1	0.686	11	GGAG/GAGG	NA	NA	NA	0	0	0	1	NA	NA	NA	NA	NA
k127_331653_1	1	171	171	1	0.731	11	None	NA	NA	NA	0	0	0	1	NA	NA	NA	NA	NA
k127_331653_2	168	629	462	1	0.686	11	AGGAG	GENOMAD.121492.VV	1.602e-09	58	0	0	1	2561	Caudoviricetes	NA	NA	PF04586;K06904;COG3740;TIGR01543	Phage head maturation protease
k127_38471_1	42	1124	1083	1	0.594	11	GGAGG	GENOMAD.000073.VV	1.989e-05	49	0	0	1	6233	Potyviridae	NA	NA	PF00680	Viral RNA-dependent RNA polymerase
k127_566655_1	3	329	327	-1	0.651	11	None	GENOMAD.097639.VV	2.168e-23	96	0	0	1	2561	Caudoviricetes	NA	NA	PF17289;TIGR01630;COG5362	phage uncharacterized protein (putative large terminase), C-terminal domain
k127_214581_1	1	339	339	-1	0.667	11	None	GENOMAD.005163.VV	4.255e-26	104	0	0	1	2561	Caudoviricetes	NA	NA	PF11651;TIGR04387	P22 coat protein - gene protein 5
k127_566900_1	3	194	192	1	0.641	11	None	NA	NA	NA	0	0	0	1	NA	NA	NA	NA	NA
k127_566900_2	202	375	174	1	0.730	11	GGAG/GAGG	GENOMAD.224435.VP	5.509e-08	49	0	0	1	2561	Caudoviricetes	NA	NA	PF04965;K06903;COG3628;TIGR03357	Baseplate wedge protein gp25
k127_39254_1	3	173	171	1	0.550	11	None	GENOMAD.036723.VV	6.459e-06	43	0	0	0	2561	Caudoviricetes	NA	NA	NA	NA
k127_39254_2	178	945	768	1	0.648	11	AGGAG	GENOMAD.009567.VV	3.34e-59	207	0	0	1	2561	Caudoviricetes	NA	NA	PF11863;COG4386	Mu-like prophage tail sheath protein gpL
k127_391164_1	3	83	81	1	0.506	11	None	NA	NA	NA	0	0	0	1	NA	NA	NA	NA	NA
k127_391164_2	101	448	348	1	0.675	11	AGGAG	GENOMAD.011071.VV	6.021e-07	49	0	0	1	2561	Caudoviricetes	NA	NA	PF09215;K21530;COG3628;TIGR03357	Bacteriophage T4, Gp8
k127_156360_1	1	489	489	-1	0.683	11	None	GENOMAD.010604.VV	4.308e-10	60	0	0	1	2561	Caudoviricetes	NA	NA	PF17541;COG3497	Phage tail sheath protein FI
k127_273827_1	1	621	621	1	0.676	11	None	GENOMAD.116394.VP	4.711e-31	123	0	0	1	2561	Caudoviricetes	NA	NA	PF06074;COG4383;TIGR01537	Mu-like prophage protein gp29
k127_567631_1	28	330	303	1	0.703	11	GGAG/GAGG	GENOMAD.102019.VV	4.167e-21	89	0	0	1	2561	Caudoviricetes	NA	NA	PF10758;COG3497	Phage tail sheath protein FI
k127_508594_1	418	2160	1743	1	0.699	11	GGGGT	GENOMAD.068590.VV	9.973e-52	197	0	0	1	2561	Caudoviricetes	NA	NA	PF13871;PF11242;K11654;TIGR00721	C-terminal domain on Strawberry notch homologue
k127_392160_1	1	507	507	1	0.732	11	None	GENOMAD.068590.VV	1.257e-20	91	0	0	1	2561	Caudoviricetes	NA	NA	PF13871;PF11242;K11654;TIGR00721	C-terminal domain on Strawberry notch homologue
k127_274877_1	2	661	660	-1	0.715	11	None	GENOMAD.118424.VV	1.325e-05	48	0	0	1	2561	Caudoviricetes	NA	NA	PF09684;TIGR01634;COG4385	phage tail protein, P2 protein I family
k127_157541_1	2	211	210	1	0.648	11	None	NA	NA	NA	0	0	0	1	NA	NA	NA	NA	NA
k127_157541_2	117	617	501	-1	0.551	11	None	GENOMAD.226308.VP	5.022e-08	54	0	0	1	2561	Caudoviricetes	NA	NA	PF06892;TIGR00673;COG3655	Phage regulatory protein CII (CP76)
k127_451737_1	3	71	69	-1	0.696	11	3Base/5BMM	NA	NA	NA	0	0	0	1	NA	NA	NA	NA	NA
k127_451737_2	71	445	375	-1	0.709	11	None	GENOMAD.127066.VP	1.856e-23	97	0	0	1	2561	Caudoviricetes	NA	NA	PF03354;COG4626	Phage terminase-like protein, large subunit, contains N-terminal HTH domain
k127_451737_3	424	687	264	-1	0.689	11	None	NA	NA	NA	0	0	0	1	NA	NA	NA	NA	NA
k127_509937_1	1	423	423	1	0.608	11	None	GENOMAD.180754.VP	1.789e-13	69	0	0	1	2561	Caudoviricetes	NA	NA	PF05876;PF20454;K21512;COG5525;TIGR04104	Phage terminase, large subunit GpA
k127_510009_1	1	576	576	-1	0.641	11	None	GENOMAD.169508.VP	1.809e-26	109	0	0	1	2561	Caudoviricetes	NA	NA	PF04708;PF13262;COG1961;K14060	Site-specific DNA recombinase related to the DNA invertase Pin
k127_393126_1	3	317	315	1	0.695	11	None	GENOMAD.073447.VV	8.289e-08	51	0	0	1	2561	Caudoviricetes	NA	NA	PF00580;TIGR04095;COG4373	UvrD/REP helicase N-terminal domain
k127_334544_1	2	445	444	-1	0.644	11	None	GENOMAD.068048.VV	3.115e-08	54	0	0	1	2561	Caudoviricetes	NA	NA	PF20307;TIGR03600;K02314;COG0305	phage replicative helicase, DnaB family, HK022 subfamily
k127_275694_1	3	743	741	1	0.623	11	None	GENOMAD.169508.VP	2.859e-16	81	0	0	1	2561	Caudoviricetes	NA	NA	PF04708;PF13262;COG1961;K14060	Site-specific DNA recombinase related to the DNA invertase Pin
k127_158319_1	324	551	228	-1	0.715	11	GGA/GAG/AGG	GENOMAD.223125.VP	8.991e-25	98	0	0	1	2561	Caudoviricetes	NA	NA	PF06892;COG4584;TIGR01481	Phage regulatory protein CII (CP76)
k127_158461_1	2	331	330	-1	0.664	11	None	GENOMAD.024686.VV	4.9e-07	49	0	0	1	2561	Caudoviricetes	NA	NA	PF05065;COG4653;TIGR01554	Predicted phage phi-C31 gp36 major capsid-like protein
k127_42049_1	2	238	237	1	0.650	11	None	GENOMAD.038338.VV	4.933e-10	56	0	0	0	2561	Caudoviricetes	NA	NA	COG3392	NA
k127_42049_2	231	587	357	1	0.664	11	None	GENOMAD.154021.VP	2.134e-19	85	0	0	1	2561	Caudoviricetes	NA	NA	PF07141;TIGR03384	Putative bacteriophage terminase small subunit
k127_42049_3	762	878	117	1	0.658	11	None	NA	NA	NA	0	0	0	1	NA	NA	NA	NA	NA
k127_42286_1	1	405	405	1	0.489	11	None	GENOMAD.060259.VV	2.258e-07	51	0	0	1	2561	Caudoviricetes	NA	NA	PF20307;TIGR02236;COG0468;K04484	Divergent DnaB-like ATPase
k127_453376_1	1	372	372	1	0.661	11	None	GENOMAD.085103.VV	2.796e-27	108	0	0	1	2561	Caudoviricetes	NA	NA	PF03864	Phage major capsid protein E
k127_570512_1	11	319	309	1	0.644	11	None	GENOMAD.053100.VV	4.203e-14	69	0	0	1	1	NA	NA	NA	PF16510	Phage P22-like portal protein
k127_511541_1	3	221	219	1	0.562	11	None	NA	NA	NA	0	0	0	1	NA	NA	NA	NA	NA
k127_511541_2	214	1677	1464	1	0.631	11	GGA/GAG/AGG	GENOMAD.013124.VV	1.219e-27	121	0	0	1	377	Drexlerviridae	NA	NA	PF13262;COG5410	NA
k127_218348_1	1	1239	1239	1	0.724	11	None	GENOMAD.068590.VV	8.635e-18	89	0	0	1	2561	Caudoviricetes	NA	NA	PF13871;PF11242;K11654;TIGR00721	C-terminal domain on Strawberry notch homologue
k127_394723_1	3	305	303	1	0.667	11	None	GENOMAD.152240.VV	3.537e-07	49	0	0	1	2561	Caudoviricetes	NA	NA	COG4675	Microcystin-dependent protein  (function unknown)
k127_218538_1	2	307	306	-1	0.608	11	None	GENOMAD.023677.VV	8.759e-22	91	0	0	1	2561	Caudoviricetes	NA	NA	PF04865;COG3299	Baseplate J-like protein
k127_278262_1	49	870	822	-1	0.689	11	None	GENOMAD.062910.VV	4.802e-05	47	0	0	1	2561	Caudoviricetes	NA	NA	PF11242;TIGR02844;K06283;COG4584	sporulation transcriptional regulator SpoIIID
k127_44109_1	3	287	285	1	0.716	11	None	GENOMAD.119462.VV	1.091e-08	53	0	0	1	2561	Caudoviricetes	NA	NA	TIGR01543	phage prohead protease, HK97 family
k127_44109_2	300	944	645	1	0.696	11	AGGA	NA	NA	NA	0	0	0	1	NA	NA	NA	NA	NA
k127_219661_1	2	391	390	1	0.710	11	None	GENOMAD.068048.VV	1.209e-13	69	0	0	1	2561	Caudoviricetes	NA	NA	PF20307;TIGR03600;K02314;COG0305	phage replicative helicase, DnaB family, HK022 subfamily
k127_220068_1	1	306	306	1	0.690	11	None	GENOMAD.002350.VV	2.004e-13	67	0	0	1	2561	Caudoviricetes	NA	NA	PF04233;TIGR01641	Phage Mu protein F like protein
k127_396856_1	1	300	300	1	0.720	11	None	GENOMAD.004420.VV	9.763e-12	62	0	0	1	2561	Caudoviricetes	NA	NA	PF20441;COG5362	Terminase large subunit, endonuclease domain
k127_279326_1	2	316	315	-1	0.603	11	None	GENOMAD.147427.VP	4.92e-05	43	0	0	1	2561	Caudoviricetes	NA	NA	PF07141	Putative bacteriophage terminase small subunit
k127_456297_1	2	358	357	-1	0.641	11	None	GENOMAD.017133.VV	9.611e-12	63	0	0	1	2561	Caudoviricetes	NA	NA	PF05894;TIGR01547;COG4373	Podovirus DNA encapsidation protein (Gp16)
k127_45108_1	2	367	366	-1	0.678	11	None	GENOMAD.062910.VV	8.419e-05	43	0	0	1	2561	Caudoviricetes	NA	NA	PF11242;TIGR02844;K06283;COG4584	sporulation transcriptional regulator SpoIIID
k127_573096_1	3	536	534	-1	0.732	11	GGAGG	GENOMAD.119297.VP	6.106e-34	130	0	0	1	2561	Caudoviricetes	NA	NA	PF03434;COG3948	Phage-related baseplate assembly protein
k127_573096_2	571	948	378	-1	0.714	11	GGAGG	GENOMAD.207669.VP	5.886e-11	61	0	0	0	2561	Caudoviricetes	NA	NA	NA	NA
k127_279598_1	23	307	285	-1	0.677	11	None	GENOMAD.127022.VV	1.363e-21	90	0	0	1	2561	Caudoviricetes	NA	NA	PF04586;K06904;COG3740;TIGR01543	Phage head maturation protease
k127_573288_1	1	276	276	-1	0.645	11	None	GENOMAD.147427.VP	4.733e-16	74	0	0	1	2561	Caudoviricetes	NA	NA	PF07141	Putative bacteriophage terminase small subunit
k127_573288_2	316	651	336	-1	0.628	11	None	GENOMAD.038338.VV	1.065e-15	74	0	0	0	2561	Caudoviricetes	NA	NA	COG3392	NA
k127_456690_1	1	150	150	1	0.633	11	None	GENOMAD.017632.VV	2.303e-05	41	0	0	1	2561	Caudoviricetes	NA	NA	PF03354;COG5410;TIGR01547	phage terminase, large subunit, PBSX family
k127_456690_2	193	582	390	1	0.633	11	None	GENOMAD.032850.VV	9.714e-06	46	0	0	0	2561	Caudoviricetes	NA	NA	NA	NA
k127_338799_1	1	324	324	-1	0.688	11	None	GENOMAD.068048.VV	1.263e-20	88	0	0	1	2561	Caudoviricetes	NA	NA	PF20307;TIGR03600;K02314;COG0305	phage replicative helicase, DnaB family, HK022 subfamily
k127_573679_1	2	538	537	1	0.682	11	None	GENOMAD.053137.VV	9.646e-29	115	0	0	1	2561	Caudoviricetes	NA	NA	PF17482	Phage tail sheath C-terminal domain
k127_162851_1	1	381	381	-1	0.682	11	None	GENOMAD.053137.VV	5.153e-22	93	0	0	1	2561	Caudoviricetes	NA	NA	PF17482	Phage tail sheath C-terminal domain
k127_103975_1	2	436	435	1	0.726	11	None	GENOMAD.068590.VV	4.202e-14	71	0	0	1	2561	Caudoviricetes	NA	NA	PF13871;PF11242;K11654;TIGR00721	C-terminal domain on Strawberry notch homologue
k127_163547_1	3	341	339	1	0.661	11	None	GENOMAD.097639.VV	1.912e-18	82	0	0	1	2561	Caudoviricetes	NA	NA	PF17289;TIGR01630;COG5362	phage uncharacterized protein (putative large terminase), C-terminal domain
k127_163551_1	2	367	366	1	0.675	11	None	GENOMAD.097639.VV	3.219e-16	76	0	0	1	2561	Caudoviricetes	NA	NA	PF17289;TIGR01630;COG5362	phage uncharacterized protein (putative large terminase), C-terminal domain
k127_163551_2	349	453	105	1	0.619	11	GGAG/GAGG	NA	NA	NA	0	0	0	1	NA	NA	NA	NA	NA
k127_104802_1	422	1576	1155	-1	0.594	11	None	GENOMAD.000175.VV	3.089e-07	55	0	0	1	8305	Partitiviridae	NA	NA	PF00680;COG3344	Viral RNA-dependent RNA polymerase
k127_515782_1	1	303	303	-1	0.733	11	AGxAGG/AGGxGG	GENOMAD.076019.VV	4.287e-13	66	0	0	1	2561	Caudoviricetes	NA	NA	PF09355;COG4387	Phage protein Gp19/Gp15/Gp42
k127_574982_1	3	320	318	-1	0.717	11	None	GENOMAD.092076.VV	3.821e-24	98	0	0	1	2561	Caudoviricetes	NA	NA	COG4626;TIGR01558	Phage terminase-like protein, large subunit, contains N-terminal HTH domain
k127_575033_1	1	336	336	1	0.652	11	None	GENOMAD.068048.VV	1.225e-14	71	0	0	1	2561	Caudoviricetes	NA	NA	PF20307;TIGR03600;K02314;COG0305	phage replicative helicase, DnaB family, HK022 subfamily
k127_105229_1	2	571	570	1	0.668	11	None	GENOMAD.013210.VV	1.685e-26	109	0	0	1	2561	Caudoviricetes	NA	NA	PF00211;PF08994;PF08993;COG2114	Adenylate and Guanylate cyclase catalytic domain; T4 gene Gp59 loader of gp41 DNA helicase C-term; T4 gene Gp59 loader of gp41 DNA helicase
k127_340567_1	3	413	411	-1	0.657	11	None	GENOMAD.099865.VV	1.427e-23	98	0	0	1	2561	Caudoviricetes	NA	NA	PF04466;PF17289;TIGR01547;COG5323;K06909	phage terminase, large subunit, PBSX family
k127_164354_1	2	355	354	1	0.723	11	None	GENOMAD.038338.VV	7.393e-14	69	0	0	0	2561	Caudoviricetes	NA	NA	COG3392	NA
k127_164354_2	357	485	129	1	0.721	11	GGAGG	GENOMAD.129590.VP	2.897e-07	46	0	0	1	2561	Caudoviricetes	NA	NA	PF07141	Putative bacteriophage terminase small subunit
k127_47659_1	2	913	912	-1	0.691	11	None	GENOMAD.060259.VV	6.022e-05	47	0	0	1	2561	Caudoviricetes	NA	NA	PF20307;TIGR02236;COG0468;K04484	Divergent DnaB-like ATPase
k127_575572_1	1	366	366	1	0.727	11	None	GENOMAD.064788.VV	3.507e-40	145	0	0	1	2561	Caudoviricetes	NA	NA	PF20441;PF03354;COG4626	Phage terminase-like protein, large subunit, contains N-terminal HTH domain
k127_458916_1	3	488	486	1	0.724	11	None	GENOMAD.064038.VV	1.702e-23	99	0	0	1	2561	Caudoviricetes	NA	NA	PF04860;TIGR01537;COG4695	phage portal protein, HK97 family
k127_282043_1	1	783	783	1	0.655	11	None	GENOMAD.020821.VV	3.859e-16	81	0	0	1	2561	Caudoviricetes	NA	NA	PF05876;PF16203;K14440;COG5410;TIGR04095	ERCC4-related helicase
k127_282298_1	3	674	672	-1	0.677	11	None	GENOMAD.024487.VV	0.0005636	43	0	0	1	2561	Caudoviricetes	NA	NA	PF09293;K18950;TIGR00593;COG0258	T4 RNase H, C terminal
k127_459390_1	3	362	360	1	0.642	11	None	GENOMAD.013124.VV	3.355e-06	47	0	0	1	377	Drexlerviridae	NA	NA	PF13262;COG5410	NA
k127_576073_1	88	300	213	-1	0.484	11	None	GENOMAD.023950.VV	4.345e-08	50	0	0	1	2561	Caudoviricetes	NA	NA	PF07880	Bacteriophage T4 gp9/10-like protein
k127_576315_1	3	200	198	1	0.682	11	None	GENOMAD.223125.VP	3.81e-21	87	0	0	1	2561	Caudoviricetes	NA	NA	PF06892;COG4584;TIGR01481	Phage regulatory protein CII (CP76)
k127_282751_1	2	169	168	-1	0.661	11	GGA/GAG/AGG	GENOMAD.053465.VV	6.459e-06	43	0	0	1	1	NA	NA	NA	TIGR01543	NA
k127_517367_1	2	70	69	1	0.652	11	None	NA	NA	NA	0	0	0	1	NA	NA	NA	NA	NA
k127_517367_2	101	352	252	1	0.603	11	AGGA/GGAG/GAGG	GENOMAD.030115.VV	1.327e-32	121	0	0	1	2561	Caudoviricetes	NA	NA	PF11651	P22 coat protein - gene protein 5
k127_165688_1	1	339	339	1	0.687	11	None	GENOMAD.063070.VV	3.855e-19	84	0	0	1	2561	Caudoviricetes	NA	NA	PF04233;TIGR01641	Phage Mu protein F like protein
k127_517719_1	3	173	171	-1	0.614	11	GGAG/GAGG	GENOMAD.196905.VP	1.527e-05	42	0	0	1	2561	Caudoviricetes	NA	NA	PF07463;PF11242;TIGR00721;COG5352	NUMOD4 motif
k127_517719_2	173	304	132	-1	0.636	11	None	NA	NA	NA	0	0	0	1	NA	NA	NA	NA	NA
k127_400933_1	3	416	414	1	0.674	11	None	GENOMAD.081013.VV	8.465e-21	90	0	0	1	2561	Caudoviricetes	NA	NA	PF05135;TIGR02215	phage conserved hypothetical protein, phiE125 gp8 family
k127_166034_1	3	902	900	1	0.696	11	None	GENOMAD.065578.VV	2.005e-24	107	0	0	1	2561	Caudoviricetes	NA	NA	PF04860;PF04233;TIGR01537;COG4695;K06904	phage portal protein, HK97 family
k127_577143_1	3	425	423	-1	0.749	11	None	GENOMAD.068590.VV	5.322e-19	85	0	0	1	2561	Caudoviricetes	NA	NA	PF13871;PF11242;K11654;TIGR00721	C-terminal domain on Strawberry notch homologue
k127_49371_1	2	316	315	1	0.641	11	None	GENOMAD.154021.VP	5.37e-12	63	0	0	1	2561	Caudoviricetes	NA	NA	PF07141;TIGR03384	Putative bacteriophage terminase small subunit
k127_283400_1	2	349	348	-1	0.701	11	None	GENOMAD.097185.VP	5.32e-17	78	0	0	1	2561	Caudoviricetes	NA	NA	PF04865;COG3299	Baseplate J-like protein
k127_577335_1	2	751	750	1	0.635	11	None	GENOMAD.065578.VV	2.255e-40	152	0	0	1	2561	Caudoviricetes	NA	NA	PF04860;PF04233;TIGR01537;COG4695;K06904	phage portal protein, HK97 family
k127_577335_2	748	900	153	1	0.654	11	GGA/GAG/AGG	NA	NA	NA	0	0	0	1	NA	NA	NA	NA	NA
k127_49686_1	1	420	420	1	0.576	11	None	GENOMAD.023991.VV	3.115e-33	126	0	0	1	2561	Caudoviricetes	NA	NA	COG5410	Mu-like prophage FluMu protein gp28
k127_283704_1	1	312	312	-1	0.641	11	None	GENOMAD.161139.VP	5.37e-12	63	0	0	1	2561	Caudoviricetes	NA	NA	PF16463;PF12195;COG5437;TIGR02126	Phage tail tube protein family; Beta barrel domain of bacteriophage endosialidase
k127_342886_1	2	541	540	1	0.715	11	None	GENOMAD.071900.VV	8.771e-66	222	0	0	1	2561	Caudoviricetes	NA	NA	PF13479;TIGR01618;COG2087;K04484	phage nucleotide-binding protein
k127_283804_1	2	895	894	-1	0.746	11	None	GENOMAD.013210.VV	3.307e-14	76	0	0	1	2561	Caudoviricetes	NA	NA	PF00211;PF08994;PF08993;COG2114	Adenylate and Guanylate cyclase catalytic domain; T4 gene Gp59 loader of gp41 DNA helicase C-term; T4 gene Gp59 loader of gp41 DNA helicase
k127_577734_1	3	374	372	-1	0.651	11	GGA/GAG/AGG	GENOMAD.147427.VP	5.517e-20	87	0	0	1	2561	Caudoviricetes	NA	NA	PF07141	Putative bacteriophage terminase small subunit
k127_343092_1	2	445	444	1	0.712	11	None	GENOMAD.064381.VV	1.616e-05	46	0	0	1	2561	Caudoviricetes	NA	NA	PF04717;TIGR01644;COG4384	phage baseplate assembly protein V
k127_283945_1	2	418	417	-1	0.616	11	None	GENOMAD.099865.VV	6.35e-25	102	0	0	1	2561	Caudoviricetes	NA	NA	PF04466;PF17289;TIGR01547;COG5323;K06909	phage terminase, large subunit, PBSX family
k127_343886_1	2	745	744	-1	0.704	11	None	GENOMAD.013210.VV	2.39e-25	108	0	0	1	2561	Caudoviricetes	NA	NA	PF00211;PF08994;PF08993;COG2114	Adenylate and Guanylate cyclase catalytic domain; T4 gene Gp59 loader of gp41 DNA helicase C-term; T4 gene Gp59 loader of gp41 DNA helicase
k127_167615_1	46	447	402	1	0.721	11	AGGAG	NA	NA	NA	0	0	0	1	NA	NA	NA	NA	NA
k127_167615_2	454	1008	555	1	0.721	11	AGGAG	GENOMAD.158311.VV	1.581e-24	103	0	0	1	2561	Caudoviricetes	NA	NA	PF05135;TIGR02215	phage conserved hypothetical protein, phiE125 gp8 family
k127_167615_3	1010	1366	357	1	0.717	11	GGAG/GAGG	GENOMAD.161432.VP	0.0001696	42	0	0	1	2561	Caudoviricetes	NA	NA	PF05521;COG5614;TIGR01563	Bacteriophage head-tail adaptor
k127_167700_1	3	872	870	-1	0.695	11	GGA/GAG/AGG	GENOMAD.065578.VV	1.06e-49	181	0	0	1	2561	Caudoviricetes	NA	NA	PF04860;PF04233;TIGR01537;COG4695;K06904	phage portal protein, HK97 family
k127_167700_2	889	1350	462	-1	0.673	11	None	NA	NA	NA	0	0	0	1	NA	NA	NA	NA	NA
k127_50836_1	1	408	408	-1	0.645	11	None	GENOMAD.081096.VV	1.617e-38	141	0	0	1	2561	Caudoviricetes	NA	NA	PF11651;TIGR04387;COG4653	P22 coat protein - gene protein 5
k127_462142_1	45	578	534	-1	0.661	11	None	GENOMAD.053137.VV	4.754e-27	110	0	0	1	2561	Caudoviricetes	NA	NA	PF17482	Phage tail sheath C-terminal domain
k127_519861_1	1	234	234	-1	0.692	11	GGA/GAG/AGG	GENOMAD.121578.VV	0.0004454	39	0	0	1	1	NA	NA	NA	PF06892;K22299;TIGR00673;COG4197	NA
k127_285275_1	2	520	519	-1	0.690	11	None	GENOMAD.070325.VV	2.799e-05	46	0	0	1	1	NA	NA	NA	PF09293	T4 RNase H, C terminal
k127_226680_1	3	302	300	1	0.667	11	None	GENOMAD.068048.VV	8.798e-13	65	0	0	1	2561	Caudoviricetes	NA	NA	PF20307;TIGR03600;K02314;COG0305	phage replicative helicase, DnaB family, HK022 subfamily
k127_344619_1	1	438	438	-1	0.719	11	None	GENOMAD.057710.VV	3.232e-06	48	0	0	1	2561	Caudoviricetes	NA	NA	PF00589;PF04860;K07358;TIGR01537	Phage integrase family; Phage portal protein
k127_285666_1	1	363	363	1	0.628	11	None	GENOMAD.147427.VP	2.595e-26	105	0	0	1	2561	Caudoviricetes	NA	NA	PF07141	Putative bacteriophage terminase small subunit
k127_462798_1	57	917	861	1	0.614	11	None	GENOMAD.023991.VV	5.607e-13	72	0	0	1	2561	Caudoviricetes	NA	NA	COG5410	Mu-like prophage FluMu protein gp28
k127_169044_1	1	312	312	-1	0.599	11	None	GENOMAD.147571.VP	3.254e-09	55	0	0	1	2561	Caudoviricetes	NA	NA	PF20441;COG5362	Terminase large subunit, endonuclease domain
k127_345456_1	3	1019	1017	-1	0.645	11	GGA/GAG/AGG	GENOMAD.099865.VV	1.136e-49	183	0	0	1	2561	Caudoviricetes	NA	NA	PF04466;PF17289;TIGR01547;COG5323;K06909	phage terminase, large subunit, PBSX family
k127_345456_2	1126	1347	222	-1	0.649	11	None	NA	NA	NA	0	0	0	1	NA	NA	NA	NA	NA
k127_110270_1	2	361	360	-1	0.744	11	None	GENOMAD.072479.VV	3.602e-05	44	0	0	1	1	NA	NA	NA	PF20198	Sm_like domain
k127_52598_1	3	104	102	1	0.657	11	None	NA	NA	NA	0	0	0	1	NA	NA	NA	NA	NA
k127_52598_2	127	390	264	1	0.610	11	AGGAG	GENOMAD.066341.VV	4.258e-08	51	0	0	1	2561	Caudoviricetes	NA	NA	TIGR02241	conserved hypothetical phage tail region protein
k127_169537_1	1	90	90	1	0.567	11	None	NA	NA	NA	0	0	0	1	NA	NA	NA	NA	NA
k127_169537_2	99	416	318	1	0.642	11	None	GENOMAD.147427.VP	2.104e-22	93	0	0	1	2561	Caudoviricetes	NA	NA	PF07141	Putative bacteriophage terminase small subunit
k127_228120_1	2	406	405	-1	0.674	11	None	GENOMAD.068048.VV	1.448e-13	69	0	0	1	2561	Caudoviricetes	NA	NA	PF20307;TIGR03600;K02314;COG0305	phage replicative helicase, DnaB family, HK022 subfamily
k127_228145_1	3	332	330	1	0.715	11	None	GENOMAD.072479.VV	2.411e-06	47	0	0	1	1	NA	NA	NA	PF20198	Sm_like domain
k127_110692_1	2	73	72	-1	0.722	11	None	NA	NA	NA	0	0	0	1	NA	NA	NA	NA	NA
k127_110692_2	73	387	315	-1	0.657	11	None	GENOMAD.068048.VV	3.956e-15	72	0	0	1	2561	Caudoviricetes	NA	NA	PF20307;TIGR03600;K02314;COG0305	phage replicative helicase, DnaB family, HK022 subfamily
k127_287075_1	3	530	528	1	0.659	11	None	GENOMAD.013210.VV	2.07e-27	111	0	0	1	2561	Caudoviricetes	NA	NA	PF00211;PF08994;PF08993;COG2114	Adenylate and Guanylate cyclase catalytic domain; T4 gene Gp59 loader of gp41 DNA helicase C-term; T4 gene Gp59 loader of gp41 DNA helicase
k127_111617_1	1	603	603	-1	0.557	11	GGAGG	GENOMAD.153941.VV	5.443e-46	166	0	0	1	2561	Caudoviricetes	NA	NA	PF13479;K19789;TIGR01618	phage nucleotide-binding protein
k127_111617_2	603	818	216	-1	0.542	11	GGA/GAG/AGG	NA	NA	NA	0	0	0	1	NA	NA	NA	NA	NA
k127_111617_3	818	1129	312	-1	0.561	11	None	GENOMAD.223546.VP	2.264e-20	87	0	0	0	2561	Caudoviricetes	NA	NA	NA	NA
k127_522786_1	2	370	369	-1	0.623	11	None	GENOMAD.180962.VP	8.496e-15	72	0	0	1	2561	Caudoviricetes	NA	NA	PF20441	Terminase large subunit, endonuclease domain
k127_171256_1	1	669	669	1	0.700	11	None	GENOMAD.068048.VV	7.614e-17	82	0	0	1	2561	Caudoviricetes	NA	NA	PF20307;TIGR03600;K02314;COG0305	phage replicative helicase, DnaB family, HK022 subfamily
k127_230023_1	2	1093	1092	-1	0.698	11	None	GENOMAD.167295.VP	7.753e-26	113	0	0	1	2561	Caudoviricetes	NA	NA	PF13539;TIGR01537	D-alanyl-D-alanine carboxypeptidase
k127_54780_1	1	399	399	-1	0.737	11	None	GENOMAD.078925.VV	4.678e-07	50	0	0	1	1	NA	NA	NA	PF04233;TIGR01641	phage putative head morphogenesis protein, SPP1 gp7 family
k127_466041_1	3	596	594	1	0.626	11	None	GENOMAD.068048.VV	1.672e-18	86	0	0	1	2561	Caudoviricetes	NA	NA	PF20307;TIGR03600;K02314;COG0305	phage replicative helicase, DnaB family, HK022 subfamily
k127_348180_1	2	373	372	-1	0.745	11	None	GENOMAD.118424.VV	2.253e-21	91	0	0	1	2561	Caudoviricetes	NA	NA	PF09684;TIGR01634;COG4385	phage tail protein, P2 protein I family
k127_348187_1	2	373	372	-1	0.737	11	None	GENOMAD.118424.VV	2.253e-21	91	0	0	1	2561	Caudoviricetes	NA	NA	PF09684;TIGR01634;COG4385	phage tail protein, P2 protein I family
k127_406970_1	3	299	297	-1	0.613	11	AGxAG	NA	NA	NA	0	0	0	1	NA	NA	NA	NA	NA
k127_406970_2	308	841	534	-1	0.624	11	None	GENOMAD.023316.VV	2.938e-23	99	0	0	1	2561	Caudoviricetes	NA	NA	PF03167;PF18906;TIGR00758;COG1573;K21929	uracil-DNA glycosylase, family 4
k127_113376_1	2	463	462	-1	0.669	11	None	GENOMAD.068048.VV	8.04e-08	53	0	0	1	2561	Caudoviricetes	NA	NA	PF20307;TIGR03600;K02314;COG0305	phage replicative helicase, DnaB family, HK022 subfamily
k127_289654_1	1	411	411	-1	0.667	11	None	GENOMAD.118632.VP	1.09e-07	52	0	0	1	2561	Caudoviricetes	NA	NA	PF00476;PF07141	DNA polymerase family A; Putative bacteriophage terminase small subunit
k127_289678_1	1	312	312	-1	0.609	11	None	GENOMAD.109691.VV	1.304e-18	82	0	0	1	2561	Caudoviricetes	NA	NA	PF06141	Phage minor tail protein U
k127_231440_1	1	333	333	-1	0.709	11	None	GENOMAD.114503.VV	1.944e-17	79	0	0	1	2561	Caudoviricetes	NA	NA	PF09684;COG4385;TIGR01634	Bacteriophage P2-related tail formation protein
k127_114235_1	2	226	225	1	0.618	11	None	NA	NA	NA	0	0	0	1	NA	NA	NA	NA	NA
k127_114235_2	377	1273	897	1	0.598	11	GGAGG	GENOMAD.000175.VV	3.688e-07	54	0	0	1	8305	Partitiviridae	NA	NA	PF00680;COG3344	Viral RNA-dependent RNA polymerase
k127_584273_1	1	780	780	-1	0.638	11	None	NA	NA	NA	0	0	0	1	NA	NA	NA	NA	NA
k127_584273_2	728	1579	852	-1	0.633	11	None	GENOMAD.169508.VP	5.31e-30	123	0	0	1	2561	Caudoviricetes	NA	NA	PF04708;PF13262;COG1961;K14060	Site-specific DNA recombinase related to the DNA invertase Pin
k127_114382_1	1	663	663	1	0.704	11	None	GENOMAD.068590.VV	3.577e-11	65	0	0	1	2561	Caudoviricetes	NA	NA	PF13871;PF11242;K11654;TIGR00721	C-terminal domain on Strawberry notch homologue
k127_525672_1	1	381	381	1	0.701	11	None	GENOMAD.023731.VV	1.181e-12	66	0	0	1	2561	Caudoviricetes	NA	NA	COG4626	Phage terminase-like protein, large subunit, contains N-terminal HTH domain
k127_232453_1	1	159	159	1	0.616	11	None	NA	NA	NA	0	0	0	1	NA	NA	NA	NA	NA
k127_232453_2	161	340	180	1	0.600	11	GGAG/GAGG	GENOMAD.128478.VV	6.591e-14	66	0	0	1	1	NA	NA	NA	PF05939;TIGR02217;COG4718	Phage minor tail protein
k127_57284_1	3	251	249	1	0.622	11	None	GENOMAD.092546.VV	4.201e-13	65	0	0	1	2561	Caudoviricetes	NA	NA	PF05521;COG5614;TIGR01563	Bacteriophage head-tail adaptor
k127_57284_2	244	450	207	1	0.623	11	GGAG/GAGG	NA	NA	NA	0	0	0	1	NA	NA	NA	NA	NA
k127_57330_1	3	374	372	1	0.766	11	None	GENOMAD.182236.VP	1.259e-10	60	0	0	1	2561	Caudoviricetes	NA	NA	PF16724;COG4119;TIGR02705;K12152	T4-like virus Myoviridae tail sheath stabiliser
k127_57428_1	2	307	306	1	0.598	11	None	GENOMAD.068048.VV	8.108e-15	71	0	0	1	2561	Caudoviricetes	NA	NA	PF20307;TIGR03600;K02314;COG0305	phage replicative helicase, DnaB family, HK022 subfamily
k127_350907_1	1	459	459	1	0.651	11	None	GENOMAD.100194.VV	7.657e-20	88	0	0	1	2561	Caudoviricetes	NA	NA	PF04466;TIGR01547;COG5323	Phage terminase large subunit
k127_350921_1	1	411	411	-1	0.664	11	None	GENOMAD.053137.VV	5.852e-25	102	0	0	1	2561	Caudoviricetes	NA	NA	PF17482	Phage tail sheath C-terminal domain
k127_409709_1	3	179	177	1	0.667	11	None	NA	NA	NA	0	0	0	1	NA	NA	NA	NA	NA
k127_409709_2	181	519	339	1	0.702	11	AGGAG	GENOMAD.019257.VV	5.438e-07	49	0	0	1	2561	Caudoviricetes	NA	NA	K21531	NA
k127_116258_1	219	833	615	-1	0.741	11	None	GENOMAD.068590.VV	2.063e-30	121	0	0	1	2561	Caudoviricetes	NA	NA	PF13871;PF11242;K11654;TIGR00721	C-terminal domain on Strawberry notch homologue
k127_527389_1	3	308	306	1	0.732	11	None	GENOMAD.048768.VV	1.141e-34	128	0	0	1	2561	Caudoviricetes	NA	NA	PF04233;TIGR01641	Phage Mu protein F like protein
k127_175567_1	1	150	150	-1	0.620	11	AGGA	NA	NA	NA	0	0	0	1	NA	NA	NA	NA	NA
k127_175567_2	189	659	471	-1	0.673	11	None	GENOMAD.053137.VV	7.319e-31	120	0	0	1	2561	Caudoviricetes	NA	NA	PF17482	Phage tail sheath C-terminal domain
k127_410589_1	3	1370	1368	1	0.701	11	None	GENOMAD.141796.VV	3.733e-20	97	0	0	1	11124	Peduoviridae	NA	NA	COG3941	Phage tail tape-measure protein, controls tail length
k127_175876_1	1	213	213	-1	0.568	11	GGA/GAG/AGG	NA	NA	NA	0	0	0	1	NA	NA	NA	NA	NA
k127_175876_2	232	501	270	-1	0.541	11	None	GENOMAD.145441.VP	8.887e-09	53	0	0	1	2561	Caudoviricetes	NA	NA	PF17288	Terminase RNAseH like domain
k127_175925_1	3	224	222	-1	0.676	11	None	GENOMAD.147093.VP	5.178e-15	70	0	0	1	2561	Caudoviricetes	NA	NA	PF06805;COG4723;TIGR01687;K03636	Phage-related protein, tail component
k127_175925_2	224	307	84	-1	0.738	11	None	NA	NA	NA	0	0	0	1	NA	NA	NA	NA	NA
k127_410938_1	2	535	534	1	0.697	11	None	GENOMAD.193019.VV	1.073e-15	77	0	0	1	2561	Caudoviricetes	NA	NA	PF17541;COG3497;TIGR02243	Phage tail sheath protein FI
k127_292898_1	2	334	333	1	0.643	11	None	GENOMAD.208744.VP	1.431e-12	65	0	0	1	2561	Caudoviricetes	NA	NA	PF07141	Putative bacteriophage terminase small subunit
