gene	start	end	length	strand	gc_content	genetic_code	rbs_motif	marker	evalue	bitscore	uscg	plasmid_hallmark	virus_hallmark	taxid	taxname	annotation_conjscan	annotation_amr	annotation_accessions	annotation_description
k127_388523_1	2	256	255	1	0.573	11	None	GENOMAD.002027.VV	2.298e-12	63	0	0	1	2561	Caudoviricetes	NA	NA	PF05766	Bacteriophage Lambda NinG protein
k127_259082_1	3	335	333	-1	0.589	11	None	GENOMAD.053137.VV	2.495e-06	47	0	0	1	2561	Caudoviricetes	NA	NA	PF17482	Phage tail sheath C-terminal domain
k127_453413_1	1	498	498	1	0.703	11	None	GENOMAD.068048.VV	1.412e-17	82	0	0	1	2561	Caudoviricetes	NA	NA	PF20307;TIGR03600;K02314;COG0305	phage replicative helicase, DnaB family, HK022 subfamily
k127_194650_1	3	437	435	-1	0.703	11	None	GENOMAD.167295.VP	1.227e-09	58	0	0	1	2561	Caudoviricetes	NA	NA	PF13539;TIGR01537	D-alanyl-D-alanine carboxypeptidase
k127_129971_1	2	313	312	1	0.708	11	None	GENOMAD.224435.VP	1.777e-07	50	0	0	1	2561	Caudoviricetes	NA	NA	PF04965;K06903;COG3628;TIGR03357	Baseplate wedge protein gp25
k127_194962_1	1	339	339	1	0.678	11	None	GENOMAD.085971.VV	6.068e-14	69	0	0	1	1	NA	NA	NA	PF05119;COG3747;TIGR01558	Phage terminase, small subunit
k127_65712_1	3	83	81	-1	0.580	11	AGGAG	GENOMAD.073401.VV	6.772e-06	41	0	0	0	2561	Caudoviricetes	NA	NA	NA	NA
k127_65712_2	191	562	372	-1	0.613	11	None	GENOMAD.207444.VV	8.496e-15	72	0	0	1	2561	Caudoviricetes	NA	NA	COG4675	Microcystin-dependent protein  (function unknown)
k127_195570_1	1	351	351	1	0.729	11	None	GENOMAD.081013.VV	5.541e-17	78	0	0	1	2561	Caudoviricetes	NA	NA	PF05135;TIGR02215	phage conserved hypothetical protein, phiE125 gp8 family
k127_324979_1	3	338	336	-1	0.640	11	None	GENOMAD.159194.VV	5.718e-06	46	0	0	1	2561	Caudoviricetes	NA	NA	COG4675	Microcystin-dependent protein  (function unknown)
k127_584027_1	2	358	357	-1	0.686	11	None	GENOMAD.180962.VP	2.224e-19	85	0	0	1	2561	Caudoviricetes	NA	NA	PF20441	Terminase large subunit, endonuclease domain
k127_260417_1	1	360	360	1	0.742	11	None	GENOMAD.072479.VV	3.602e-05	44	0	0	1	1	NA	NA	NA	PF20198	Sm_like domain
k127_390324_1	1	468	468	-1	0.697	11	None	GENOMAD.169508.VP	1.777e-08	55	0	0	1	2561	Caudoviricetes	NA	NA	PF04708;PF13262;COG1961;K14060	Site-specific DNA recombinase related to the DNA invertase Pin
k127_2001_1	3	353	351	1	0.698	11	None	GENOMAD.127022.VV	1.495e-14	71	0	0	1	2561	Caudoviricetes	NA	NA	PF04586;K06904;COG3740;TIGR01543	Phage head maturation protease
k127_584739_1	2	973	972	1	0.685	11	None	GENOMAD.068048.VV	7.353e-11	66	0	0	1	2561	Caudoviricetes	NA	NA	PF20307;TIGR03600;K02314;COG0305	phage replicative helicase, DnaB family, HK022 subfamily
k127_261117_1	2	178	177	1	0.689	11	None	GENOMAD.056845.VV	4.723e-16	72	0	0	1	2561	Caudoviricetes	NA	NA	PF19821;TIGR04387	Phage capsid protein
k127_261117_2	181	408	228	1	0.627	11	GGAG/GAGG	GENOMAD.052958.VV	9.439e-25	98	0	0	0	2561	Caudoviricetes	NA	NA	NA	NA
k127_520141_1	2	463	462	1	0.645	11	None	GENOMAD.068048.VV	3.143e-11	63	0	0	1	2561	Caudoviricetes	NA	NA	PF20307;TIGR03600;K02314;COG0305	phage replicative helicase, DnaB family, HK022 subfamily
k127_196479_1	1	396	396	-1	0.742	11	None	GENOMAD.068590.VV	1.3e-13	69	0	0	1	2561	Caudoviricetes	NA	NA	PF13871;PF11242;K11654;TIGR00721	C-terminal domain on Strawberry notch homologue
k127_261455_1	2	307	306	1	0.686	11	None	GENOMAD.068048.VV	7.409e-08	51	0	0	1	2561	Caudoviricetes	NA	NA	PF20307;TIGR03600;K02314;COG0305	phage replicative helicase, DnaB family, HK022 subfamily
k127_520836_1	2	733	732	1	0.633	11	None	GENOMAD.055577.VV	2.027e-39	149	0	0	1	1	NA	NA	NA	PF03864	Phage major capsid protein E
k127_132547_1	1	414	414	1	0.635	11	None	GENOMAD.068048.VV	3.287e-14	71	0	0	1	2561	Caudoviricetes	NA	NA	PF20307;TIGR03600;K02314;COG0305	phage replicative helicase, DnaB family, HK022 subfamily
k127_133020_1	1	1068	1068	1	0.713	11	None	GENOMAD.193019.VV	1.107e-19	94	0	0	1	2561	Caudoviricetes	NA	NA	PF17541;COG3497;TIGR02243	Phage tail sheath protein FI
k127_133165_1	1	243	243	-1	0.584	11	GGAG/GAGG	GENOMAD.043568.VV	7.053e-30	113	0	0	1	2561	Caudoviricetes	NA	NA	PF04865;COG3948;TIGR02243	Phage-related baseplate assembly protein
k127_133165_2	240	383	144	-1	0.618	11	None	NA	NA	NA	0	0	0	1	NA	NA	NA	NA	NA
k127_262759_1	3	275	273	1	0.612	11	None	NA	NA	NA	0	0	0	1	NA	NA	NA	NA	NA
k127_262759_2	144	821	678	-1	0.566	11	GGGG	GENOMAD.176832.VV	8.441e-13	70	0	0	1	2561	Caudoviricetes	NA	NA	PF03592;K07474;COG3728	Phage terminase, small subunit
k127_262759_3	903	1268	366	-1	0.650	11	None	NA	NA	NA	0	0	0	1	NA	NA	NA	NA	NA
k127_262759_4	1265	1714	450	-1	0.640	11	None	NA	NA	NA	0	0	0	1	NA	NA	NA	NA	NA
k127_262918_1	1	417	417	-1	0.703	11	None	GENOMAD.068048.VV	2.54e-07	51	0	0	1	2561	Caudoviricetes	NA	NA	PF20307;TIGR03600;K02314;COG0305	phage replicative helicase, DnaB family, HK022 subfamily
k127_457059_1	2	322	321	1	0.738	11	None	GENOMAD.071900.VV	2.697e-20	87	0	0	1	2561	Caudoviricetes	NA	NA	PF13479;TIGR01618;COG2087;K04484	phage nucleotide-binding protein
k127_457113_1	1	501	501	-1	0.597	11	None	GENOMAD.061797.VV	3.007e-37	139	0	0	1	2561	Caudoviricetes	NA	NA	PF17212	Tail tubular protein
k127_327560_1	3	110	108	1	0.648	11	None	NA	NA	NA	0	0	0	1	NA	NA	NA	NA	NA
k127_327560_2	121	345	225	1	0.600	11	AGGA	GENOMAD.224435.VP	1.553e-05	43	0	0	1	2561	Caudoviricetes	NA	NA	PF04965;K06903;COG3628;TIGR03357	Baseplate wedge protein gp25
k127_4138_1	2	1105	1104	1	0.664	11	None	GENOMAD.013210.VV	4.902e-17	86	0	0	1	2561	Caudoviricetes	NA	NA	PF00211;PF08994;PF08993;COG2114	Adenylate and Guanylate cyclase catalytic domain; T4 gene Gp59 loader of gp41 DNA helicase C-term; T4 gene Gp59 loader of gp41 DNA helicase
k127_133977_1	2	553	552	1	0.755	11	None	GENOMAD.071900.VV	2.237e-19	88	0	0	1	2561	Caudoviricetes	NA	NA	PF13479;TIGR01618;COG2087;K04484	phage nucleotide-binding protein
k127_328244_1	1	432	432	-1	0.683	11	None	GENOMAD.068048.VV	3.752e-15	74	0	0	1	2561	Caudoviricetes	NA	NA	PF20307;TIGR03600;K02314;COG0305	phage replicative helicase, DnaB family, HK022 subfamily
k127_199632_1	1	87	87	-1	0.770	11	GGAGG	NA	NA	NA	0	0	0	1	NA	NA	NA	NA	NA
k127_199632_2	87	503	417	-1	0.679	11	None	GENOMAD.005095.VV	7.885e-13	67	0	0	1	2561	Caudoviricetes	NA	NA	PF11650	P22 tail accessory factor
k127_70324_1	2	349	348	1	0.684	11	None	GENOMAD.053137.VV	1.305e-15	74	0	0	1	2561	Caudoviricetes	NA	NA	PF17482	Phage tail sheath C-terminal domain
k127_459144_1	2	481	480	-1	0.669	11	None	GENOMAD.127354.VP	2.733e-16	78	0	0	1	9913	Herelleviridae	NA	NA	PF20454;PF05876;PF11009;COG5525;K21512;TIGR04019	Phage terminase, large subunit GpA
k127_588927_1	3	191	189	1	0.635	11	None	NA	NA	NA	0	0	0	1	NA	NA	NA	NA	NA
k127_588927_2	214	1485	1272	1	0.591	11	AGGAGG	GENOMAD.031720.VV	7.537e-07	54	0	0	1	2561	Caudoviricetes	NA	NA	K21531	NA
k127_200565_1	3	221	219	1	0.534	11	None	GENOMAD.177125.VV	3.752e-10	56	0	0	1	2561	Caudoviricetes	NA	NA	PF07141;COG2826;TIGR03418	Putative bacteriophage terminase small subunit
k127_200565_2	489	626	138	1	0.587	11	None	NA	NA	NA	0	0	0	1	NA	NA	NA	NA	NA
k127_265541_1	90	311	222	1	0.423	11	TATA	GENOMAD.176832.VV	2.62e-07	48	0	0	1	2561	Caudoviricetes	NA	NA	PF03592;K07474;COG3728	Phage terminase, small subunit
k127_265609_1	3	443	441	-1	0.685	11	None	GENOMAD.071900.VV	5.818e-38	140	0	0	1	2561	Caudoviricetes	NA	NA	PF13479;TIGR01618;COG2087;K04484	phage nucleotide-binding protein
k127_395065_1	3	668	666	1	0.601	11	None	GENOMAD.013210.VV	3.666e-13	71	0	0	1	2561	Caudoviricetes	NA	NA	PF00211;PF08994;PF08993;COG2114	Adenylate and Guanylate cyclase catalytic domain; T4 gene Gp59 loader of gp41 DNA helicase C-term; T4 gene Gp59 loader of gp41 DNA helicase
k127_395144_1	1	300	300	1	0.680	11	None	GENOMAD.167806.VP	7.926e-14	68	0	0	1	2561	Caudoviricetes	NA	NA	PF04860;TIGR01537;COG5518	phage portal protein, HK97 family
k127_524865_1	1	348	348	1	0.635	11	None	GENOMAD.136748.VP	1.184e-16	77	0	0	1	2561	Caudoviricetes	NA	NA	PF04865;COG3948;TIGR02243	Phage-related baseplate assembly protein
k127_330743_1	3	131	129	1	0.659	11	None	NA	NA	NA	0	0	0	1	NA	NA	NA	NA	NA
k127_330743_2	128	430	303	1	0.667	11	AGGAG	GENOMAD.168140.VC	8.67e-06	45	0	0	1	1	NA	NA	NA	PF00436;PF11242;TIGR00621;COG0629	Single-strand binding protein family
k127_136808_1	1	333	333	-1	0.652	11	None	GENOMAD.068048.VV	6.43e-13	66	0	0	1	2561	Caudoviricetes	NA	NA	PF20307;TIGR03600;K02314;COG0305	phage replicative helicase, DnaB family, HK022 subfamily
k127_395700_1	1	327	327	1	0.639	11	None	GENOMAD.072479.VV	1.146e-05	45	0	0	1	1	NA	NA	NA	PF20198	Sm_like domain
k127_330958_1	1	342	342	1	0.591	11	None	NA	NA	NA	0	0	0	1	NA	NA	NA	NA	NA
k127_330958_2	342	803	462	1	0.606	11	GGAG/GAGG	GENOMAD.220614.VP	1.131e-14	73	0	0	1	2561	Caudoviricetes	NA	NA	PF05069;TIGR01635;COG5005	Phage virion morphogenesis family
k127_330958_3	800	1441	642	1	0.636	11	None	GENOMAD.090066.VV	5.98e-07	52	0	0	1	2561	Caudoviricetes	NA	NA	PF08873;COG5003	Mu-like prophage protein gp37
k127_330958_4	1457	1666	210	1	0.605	11	GGAG/GAGG	NA	NA	NA	0	0	0	1	NA	NA	NA	NA	NA
k127_330958_5	1666	2364	699	1	0.624	11	AGGAGG	GENOMAD.017566.VV	3.264e-05	47	0	0	1	2561	Caudoviricetes	NA	NA	PF04984;PF17481;PF17482;COG4386	Mu-like prophage tail sheath protein gpL
k127_201505_1	2	247	246	1	0.695	11	None	GENOMAD.062241.VV	2.41e-25	100	0	0	1	2561	Caudoviricetes	NA	NA	PF06199;COG5437;TIGR02126	Predicted secreted protein
k127_201505_2	247	486	240	1	0.721	11	None	GENOMAD.153091.VC	1.975e-34	126	0	0	1	1	NA	NA	NA	PF11836	Phage tail tube protein, GTA-gp10
k127_460693_1	1	117	117	-1	0.598	11	AGGAG	NA	NA	NA	0	0	0	1	NA	NA	NA	NA	NA
k127_460693_2	128	517	390	-1	0.621	11	None	GENOMAD.056342.VV	6.774e-11	61	0	0	1	1	NA	NA	NA	PF11367	NA
k127_72784_1	3	3209	3207	-1	0.588	11	None	GENOMAD.116638.VP	8.386e-08	59	0	0	0	2561	Caudoviricetes	NA	NA	NA	NA
k127_396383_1	1	879	879	-1	0.685	11	None	GENOMAD.068048.VV	3.935e-08	57	0	0	1	2561	Caudoviricetes	NA	NA	PF20307;TIGR03600;K02314;COG0305	phage replicative helicase, DnaB family, HK022 subfamily
k127_267304_1	1	609	609	1	0.700	11	None	GENOMAD.053137.VV	9.417e-40	148	0	0	1	2561	Caudoviricetes	NA	NA	PF17482	Phage tail sheath C-terminal domain
k127_396927_1	2	409	408	-1	0.583	11	3Base/5BMM	GENOMAD.222285.VV	5.113e-26	105	0	0	1	2561	Caudoviricetes	NA	NA	PF05929;COG4388	Phage capsid scaffolding protein (GPO) serine peptidase
k127_9090_1	3	404	402	-1	0.721	11	None	GENOMAD.002060.VV	6.852e-22	93	0	0	1	2561	Caudoviricetes	NA	NA	PF20441;PF04466;COG4626;TIGR01547;K06909	Phage terminase-like protein, large subunit, contains N-terminal HTH domain
k127_203221_1	157	777	621	1	0.718	11	AGGAG	GENOMAD.071900.VV	1.048e-76	255	0	0	1	2561	Caudoviricetes	NA	NA	PF13479;TIGR01618;COG2087;K04484	phage nucleotide-binding protein
k127_9182_1	1	342	342	1	0.640	11	None	GENOMAD.011465.VV	1.476e-29	114	0	0	1	2561	Caudoviricetes	NA	NA	PF05133;TIGR01538	phage portal protein, SPP1 family
k127_203291_1	419	1516	1098	1	0.726	11	AGGAG	GENOMAD.071900.VV	4.998e-88	296	0	0	1	2561	Caudoviricetes	NA	NA	PF13479;TIGR01618;COG2087;K04484	phage nucleotide-binding protein
k127_138989_1	3	722	720	1	0.643	11	None	GENOMAD.060259.VV	8.078e-06	49	0	0	1	2561	Caudoviricetes	NA	NA	PF20307;TIGR02236;COG0468;K04484	Divergent DnaB-like ATPase
k127_592291_1	147	653	507	1	0.649	11	GGAGG	NA	NA	NA	0	0	0	1	NA	NA	NA	NA	NA
k127_592291_2	695	940	246	1	0.606	11	GGAG/GAGG	GENOMAD.062140.VV	4.663e-05	42	0	0	1	1	NA	NA	NA	PF05367	Phage endonuclease I
k127_527436_1	115	489	375	1	0.536	11	GGA/GAG/AGG	GENOMAD.177125.VV	2.48e-20	88	0	0	1	2561	Caudoviricetes	NA	NA	PF07141;COG2826;TIGR03418	Putative bacteriophage terminase small subunit
k127_527741_1	1	366	366	1	0.650	11	None	GENOMAD.024686.VV	1.453e-07	51	0	0	1	2561	Caudoviricetes	NA	NA	PF05065;COG4653;TIGR01554	Predicted phage phi-C31 gp36 major capsid-like protein
k127_74747_1	1	843	843	-1	0.726	11	AGGAG	GENOMAD.071900.VV	7.311e-90	297	0	0	1	2561	Caudoviricetes	NA	NA	PF13479;TIGR01618;COG2087;K04484	phage nucleotide-binding protein
k127_204461_1	1	423	423	1	0.709	11	None	GENOMAD.194580.VP	1.081e-19	87	0	0	1	2561	Caudoviricetes	NA	NA	PF03354;PF05521;PF20441;COG4626;TIGR01563	Phage terminase-like protein, large subunit, contains N-terminal HTH domain
k127_593219_1	2	346	345	1	0.658	11	None	GENOMAD.208864.VP	8.452e-36	132	0	0	1	2561	Caudoviricetes	NA	NA	PF19307;TIGR01554;COG4653	Phage capsid-like protein
k127_398780_1	3	329	327	1	0.676	11	None	GENOMAD.142194.VP	3.218e-27	107	0	0	1	1	NA	NA	NA	PF03354;COG4626;TIGR01547	Phage terminase-like protein, large subunit, contains N-terminal HTH domain
k127_75736_1	1	306	306	-1	0.696	11	None	GENOMAD.208775.VV	3.636e-15	72	0	0	1	2561	Caudoviricetes	NA	NA	PF05065;COG4653;TIGR01554	Predicted phage phi-C31 gp36 major capsid-like protein
k127_399341_1	2	823	822	-1	0.624	11	None	GENOMAD.212786.VV	1.827e-10	64	0	0	1	2561	Caudoviricetes	NA	NA	PF20307;PF00772;TIGR00665;K02314;COG0305	replicative DNA helicase
k127_270251_1	1	456	456	-1	0.691	11	None	GENOMAD.061606.VV	4.806e-25	103	0	0	1	2561	Caudoviricetes	NA	NA	PF13550	Putative phage tail protein
k127_140813_1	1	390	390	1	0.672	11	None	NA	NA	NA	0	0	0	1	NA	NA	NA	NA	NA
k127_140813_2	392	676	285	1	0.660	11	GGAGG	GENOMAD.016789.VV	1.55e-05	44	0	0	1	2561	Caudoviricetes	NA	NA	K21531	NA
k127_399809_1	3	413	411	-1	0.652	11	None	GENOMAD.068048.VV	3.442e-13	68	0	0	1	2561	Caudoviricetes	NA	NA	PF20307;TIGR03600;K02314;COG0305	phage replicative helicase, DnaB family, HK022 subfamily
k127_464770_1	2	751	750	1	0.644	11	None	GENOMAD.169508.VP	1.341e-11	67	0	0	1	2561	Caudoviricetes	NA	NA	PF04708;PF13262;COG1961;K14060	Site-specific DNA recombinase related to the DNA invertase Pin
k127_400032_1	1	960	960	1	0.672	11	None	GENOMAD.068048.VV	4.81e-15	79	0	0	1	2561	Caudoviricetes	NA	NA	PF20307;TIGR03600;K02314;COG0305	phage replicative helicase, DnaB family, HK022 subfamily
k127_141377_1	1	1005	1005	1	0.401	11	None	GENOMAD.160446.VP	8.46e-06	50	0	0	1	2561	Caudoviricetes	NA	NA	PF16790	Bacteriophage clamp loader A subunit
k127_77038_1	1	360	360	-1	0.633	11	None	GENOMAD.068048.VV	4.1e-13	67	0	0	1	2561	Caudoviricetes	NA	NA	PF20307;TIGR03600;K02314;COG0305	phage replicative helicase, DnaB family, HK022 subfamily
k127_141741_1	23	340	318	-1	0.472	11	GGAGG	GENOMAD.172137.VP	4.973e-21	89	0	0	1	2561	Caudoviricetes	NA	NA	PF07141;COG3728;TIGR02036	Putative bacteriophage terminase small subunit
k127_141825_1	1	648	648	-1	0.580	11	None	GENOMAD.012874.VV	3.835e-27	112	0	0	1	2561	Caudoviricetes	NA	NA	PF16466;PF16467;COG4379	Mu-like prophage tail protein gpP
k127_595383_1	1	912	912	1	0.669	11	None	GENOMAD.136171.VP	9.737e-27	114	0	0	0	2561	Caudoviricetes	NA	NA	NA	NA
k127_595383_2	881	1510	630	1	0.676	11	AGGA	GENOMAD.124111.VV	2.73e-39	147	0	0	1	2561	Caudoviricetes	NA	NA	PF04586;COG3740;K06904;TIGR01543	Phage head maturation protease
k127_595383_3	1603	2007	405	1	0.669	11	AGGAG	NA	NA	NA	0	0	0	1	NA	NA	NA	NA	NA
k127_271699_1	1	399	399	-1	0.704	11	None	GENOMAD.147369.VP	1.238e-14	72	0	0	1	2561	Caudoviricetes	NA	NA	PF09355;COG5632	Phage protein Gp19/Gp15/Gp42
k127_272030_1	3	443	441	-1	0.755	11	None	GENOMAD.224435.VP	7.457e-05	44	0	0	1	2561	Caudoviricetes	NA	NA	PF04965;K06903;COG3628;TIGR03357	Baseplate wedge protein gp25
k127_77840_1	2	382	381	1	0.617	11	None	GENOMAD.068048.VV	2.116e-14	71	0	0	1	2561	Caudoviricetes	NA	NA	PF20307;TIGR03600;K02314;COG0305	phage replicative helicase, DnaB family, HK022 subfamily
k127_77881_1	1	384	384	1	0.685	11	None	GENOMAD.068048.VV	1.905e-16	77	0	0	1	2561	Caudoviricetes	NA	NA	PF20307;TIGR03600;K02314;COG0305	phage replicative helicase, DnaB family, HK022 subfamily
k127_207305_1	1	321	321	1	0.601	11	None	GENOMAD.077490.VV	2.621e-36	133	0	0	1	2561	Caudoviricetes	NA	NA	TIGR01760	phage tail tape measure protein, TP901 family, core region
k127_336702_1	3	656	654	1	0.685	11	None	GENOMAD.068048.VV	1.514e-13	72	0	0	1	2561	Caudoviricetes	NA	NA	PF20307;TIGR03600;K02314;COG0305	phage replicative helicase, DnaB family, HK022 subfamily
k127_142956_1	54	641	588	1	0.636	11	GGAGG	GENOMAD.077170.VV	2.599e-43	158	0	0	1	2561	Caudoviricetes	NA	NA	PF09684;TIGR01634;COG4385	phage tail protein, P2 protein I family
k127_208249_1	1	294	294	1	0.660	11	None	GENOMAD.068048.VV	8.09e-13	65	0	0	1	2561	Caudoviricetes	NA	NA	PF20307;TIGR03600;K02314;COG0305	phage replicative helicase, DnaB family, HK022 subfamily
k127_531917_1	3	377	375	1	0.571	11	None	GENOMAD.108525.VV	2.655e-11	62	0	0	1	2561	Caudoviricetes	NA	NA	PF04492;TIGR01714	Bacteriophage replication protein O
k127_14887_1	29	307	279	-1	0.685	11	None	GENOMAD.068879.VV	9.053e-25	99	0	0	1	1	NA	NA	NA	PF11367	NA
k127_597646_1	3	149	147	1	0.701	11	None	NA	NA	NA	0	0	0	1	NA	NA	NA	NA	NA
k127_597646_2	142	897	756	1	0.642	11	GGGG	GENOMAD.025766.VV	1.169e-08	58	0	0	1	2561	Caudoviricetes	NA	NA	PF03354;COG4373;TIGR01547	Mu-like prophage FluMu protein gp28
k127_209290_1	3	344	342	1	0.693	11	None	GENOMAD.167887.VP	1.049e-08	54	0	0	1	2561	Caudoviricetes	NA	NA	PF04860;TIGR01537;COG4383	phage portal protein, HK97 family
k127_144745_1	3	914	912	1	0.557	11	None	GENOMAD.182459.VP	1.944e-17	86	0	0	0	2561	Caudoviricetes	NA	NA	PF13086	NA
k127_144745_2	914	2245	1332	1	0.569	11	None	GENOMAD.025418.VV	4.952e-45	173	0	0	1	2561	Caudoviricetes	NA	NA	PF04860;PF04454;TIGR01537;COG4695	phage portal protein, HK97 family
k127_144745_3	2253	3134	882	1	0.573	11	GGA/GAG/AGG	GENOMAD.124156.VV	2.71e-12	70	0	0	1	2561	Caudoviricetes	NA	NA	PF04586;COG3740;TIGR01543;K06904	Phage head maturation protease
k127_144745_4	3146	3535	390	1	0.595	11	AGGAG	NA	NA	NA	0	0	0	1	NA	NA	NA	NA	NA
k127_339122_1	3	311	309	1	0.634	11	None	GENOMAD.053137.VV	6.882e-17	77	0	0	1	2561	Caudoviricetes	NA	NA	PF17482	Phage tail sheath C-terminal domain
k127_210025_1	1	351	351	1	0.661	11	None	GENOMAD.068048.VV	3.324e-14	70	0	0	1	2561	Caudoviricetes	NA	NA	PF20307;TIGR03600;K02314;COG0305	phage replicative helicase, DnaB family, HK022 subfamily
k127_598770_1	2	307	306	1	0.696	11	None	GENOMAD.112859.VV	4.031e-14	69	0	0	1	2561	Caudoviricetes	NA	NA	PF20387	NA
k127_469373_1	2	1321	1320	1	0.583	11	None	GENOMAD.177434.VP	1.547e-20	98	0	0	0	2561	Caudoviricetes	NA	NA	NA	NA
k127_469373_2	1322	2113	792	1	0.607	11	AGGAG	GENOMAD.125725.VV	2.147e-05	48	0	0	1	2561	Caudoviricetes	NA	NA	PF06074;COG4383;TIGR01537	Mu-like prophage protein gp29
k127_16195_1	3	470	468	1	0.594	11	None	GENOMAD.012874.VV	7.59e-21	91	0	0	1	2561	Caudoviricetes	NA	NA	PF16466;PF16467;COG4379	Mu-like prophage tail protein gpP
k127_16195_2	470	637	168	1	0.655	11	None	NA	NA	NA	0	0	0	1	NA	NA	NA	NA	NA
k127_469458_1	2	433	432	-1	0.708	11	None	GENOMAD.116501.VP	2.258e-21	92	0	0	1	2561	Caudoviricetes	NA	NA	PF05136;TIGR01539;COG5511	phage portal protein, lambda family
k127_469480_1	3	818	816	-1	0.721	11	None	GENOMAD.046852.VV	1.652e-09	61	0	0	1	2561	Caudoviricetes	NA	NA	PF12322;PF04865	T4 bacteriophage base plate protein; Baseplate J-like protein
k127_81316_1	44	406	363	-1	0.675	11	None	GENOMAD.053137.VV	1.165e-26	106	0	0	1	2561	Caudoviricetes	NA	NA	PF17482	Phage tail sheath C-terminal domain
k127_469842_1	2	556	555	-1	0.627	11	None	GENOMAD.060259.VV	7.645e-06	48	0	0	1	2561	Caudoviricetes	NA	NA	PF20307;TIGR02236;COG0468;K04484	Divergent DnaB-like ATPase
k127_599553_1	1	591	591	1	0.657	11	None	GENOMAD.124233.VP	1.449e-41	153	0	0	1	2561	Caudoviricetes	NA	NA	PF03864	Phage major capsid protein E
k127_470181_1	3	236	234	-1	0.756	11	GGxGG	GENOMAD.080222.VV	3.955e-05	42	0	0	1	2561	Caudoviricetes	NA	NA	PF09355	Phage protein Gp19/Gp15/Gp42
k127_81836_1	4	579	576	1	0.661	11	None	GENOMAD.068048.VV	1.649e-14	74	0	0	1	2561	Caudoviricetes	NA	NA	PF20307;TIGR03600;K02314;COG0305	phage replicative helicase, DnaB family, HK022 subfamily
k127_470397_1	2	445	444	1	0.676	11	None	GENOMAD.124233.VP	1.422e-36	136	0	0	1	2561	Caudoviricetes	NA	NA	PF03864	Phage major capsid protein E
k127_470397_2	445	645	201	1	0.701	11	3Base/5BMM	GENOMAD.224616.VP	1.685e-08	51	0	0	0	2561	Caudoviricetes	NA	NA	PF13856	ATP-binding sugar transporter from pro-phage
k127_276369_1	3	368	366	-1	0.648	11	None	GENOMAD.191582.VP	1.172e-10	60	0	0	1	2561	Caudoviricetes	NA	NA	PF13264;TIGR01538	Phage portal protein, SPP1 Gp6-like
k127_146779_1	3	404	402	1	0.667	11	None	GENOMAD.169508.VP	3.095e-13	68	0	0	1	2561	Caudoviricetes	NA	NA	PF04708;PF13262;COG1961;K14060	Site-specific DNA recombinase related to the DNA invertase Pin
k127_340982_1	1	450	450	1	0.676	11	None	GENOMAD.013210.VV	2.825e-30	118	0	0	1	2561	Caudoviricetes	NA	NA	PF00211;PF08994;PF08993;COG2114	Adenylate and Guanylate cyclase catalytic domain; T4 gene Gp59 loader of gp41 DNA helicase C-term; T4 gene Gp59 loader of gp41 DNA helicase
k127_211793_1	2	331	330	1	0.670	11	None	NA	NA	NA	0	0	0	1	NA	NA	NA	NA	NA
k127_211793_2	328	1320	993	-1	0.629	11	None	GENOMAD.068048.VV	1.331e-16	84	0	0	1	2561	Caudoviricetes	NA	NA	PF20307;TIGR03600;K02314;COG0305	phage replicative helicase, DnaB family, HK022 subfamily
k127_600764_1	3	308	306	-1	0.683	11	None	GENOMAD.068048.VV	2.46e-11	61	0	0	1	2561	Caudoviricetes	NA	NA	PF20307;TIGR03600;K02314;COG0305	phage replicative helicase, DnaB family, HK022 subfamily
k127_536071_1	150	332	183	-1	0.612	11	None	GENOMAD.123093.VP	9.423e-11	57	0	0	1	2561	Caudoviricetes	NA	NA	PF05521;COG5614;TIGR01563	Bacteriophage head-tail adaptor
k127_471740_1	3	353	351	1	0.724	11	None	GENOMAD.127022.VV	2.047e-19	85	0	0	1	2561	Caudoviricetes	NA	NA	PF04586;K06904;COG3740;TIGR01543	Phage head maturation protease
k127_342036_1	3	365	363	-1	0.650	11	None	GENOMAD.105991.VV	1.448e-16	77	0	0	1	2561	Caudoviricetes	NA	NA	PF05136;TIGR01539;COG5511	phage portal protein, lambda family
k127_536470_1	1	426	426	1	0.636	11	None	GENOMAD.169508.VP	1.329e-06	49	0	0	1	2561	Caudoviricetes	NA	NA	PF04708;PF13262;COG1961;K14060	Site-specific DNA recombinase related to the DNA invertase Pin
k127_18881_1	3	539	537	1	0.674	11	None	GENOMAD.161864.VP	3.152e-08	55	0	0	1	2561	Caudoviricetes	NA	NA	PF05119;COG3747;TIGR01558	Phage terminase, small subunit
k127_342390_1	1	408	408	-1	0.681	11	None	GENOMAD.053137.VV	2.527e-25	103	0	0	1	2561	Caudoviricetes	NA	NA	PF17482	Phage tail sheath C-terminal domain
k127_472643_1	1	330	330	1	0.779	11	None	GENOMAD.195588.VP	1.087e-06	48	0	0	1	2561	Caudoviricetes	NA	NA	PF07278;COG4220;K22014;TIGR01481	Phage DNA packaging protein, Nu1 subunit of terminase
k127_278863_1	3	320	318	1	0.575	11	None	GENOMAD.053137.VV	1.283e-19	85	0	0	1	2561	Caudoviricetes	NA	NA	PF17482	Phage tail sheath C-terminal domain
k127_19887_1	3	1211	1209	1	0.723	11	None	GENOMAD.013210.VV	2.665e-15	81	0	0	1	2561	Caudoviricetes	NA	NA	PF00211;PF08994;PF08993;COG2114	Adenylate and Guanylate cyclase catalytic domain; T4 gene Gp59 loader of gp41 DNA helicase C-term; T4 gene Gp59 loader of gp41 DNA helicase
k127_213913_1	1	93	93	-1	0.624	11	None	NA	NA	NA	0	0	0	1	NA	NA	NA	NA	NA
k127_213913_2	205	1272	1068	-1	0.598	11	None	GENOMAD.000073.VV	1.93e-05	49	0	0	1	6233	Potyviridae	NA	NA	PF00680	Viral RNA-dependent RNA polymerase
k127_473480_1	2	364	363	1	0.700	11	None	GENOMAD.072479.VV	3.212e-07	50	0	0	1	1	NA	NA	NA	PF20198	Sm_like domain
k127_20455_1	3	611	609	-1	0.537	11	GGAG/GAGG	GENOMAD.053051.VV	2.341e-13	71	0	0	0	2561	Caudoviricetes	NA	NA	PF10772;PF02086;TIGR00571;COG0338	Bacteriophage HP1, Orf24; D12 class N6 adenine-specific DNA methyltransferase
k127_20455_2	673	1431	759	-1	0.547	11	None	GENOMAD.189594.VV	1.329e-10	64	0	0	1	2561	Caudoviricetes	NA	NA	PF04233;TIGR01641	phage putative head morphogenesis protein, SPP1 gp7 family
k127_214827_1	3	503	501	1	0.589	11	None	GENOMAD.169508.VP	1.006e-10	62	0	0	1	2561	Caudoviricetes	NA	NA	PF04708;PF13262;COG1961;K14060	Site-specific DNA recombinase related to the DNA invertase Pin
k127_539086_1	3	722	720	1	0.682	11	None	GENOMAD.025766.VV	2.227e-09	60	0	0	1	2561	Caudoviricetes	NA	NA	PF03354;COG4373;TIGR01547	Mu-like prophage FluMu protein gp28
k127_409608_1	35	493	459	-1	0.641	11	GGAGG	GENOMAD.063098.VV	3.862e-05	45	0	0	1	2561	Caudoviricetes	NA	NA	PF11126	Transcriptional regulator DsbA
k127_604208_1	1	414	414	-1	0.461	11	None	GENOMAD.121625.VV	1.63e-22	95	0	0	1	2561	Caudoviricetes	NA	NA	PF11651;TIGR04387	P22 coat protein - gene protein 5
k127_215754_1	1	300	300	-1	0.627	11	None	GENOMAD.060259.VV	3.406e-07	49	0	0	1	2561	Caudoviricetes	NA	NA	PF20307;TIGR02236;COG0468;K04484	Divergent DnaB-like ATPase
k127_215839_1	2	370	369	1	0.710	11	None	GENOMAD.182236.VP	3.686e-06	47	0	0	1	2561	Caudoviricetes	NA	NA	PF16724;COG4119;TIGR02705;K12152	T4-like virus Myoviridae tail sheath stabiliser
k127_410217_1	2	655	654	1	0.682	11	None	GENOMAD.068048.VV	1.527e-14	75	0	0	1	2561	Caudoviricetes	NA	NA	PF20307;TIGR03600;K02314;COG0305	phage replicative helicase, DnaB family, HK022 subfamily
k127_21993_1	1	255	255	-1	0.545	11	None	GENOMAD.159842.VV	7.51e-09	53	0	0	1	2561	Caudoviricetes	NA	NA	PF05772;PF04466;TIGR01547;COG5323	NinB protein; Phage terminase large subunit
k127_21993_2	274	432	159	-1	0.491	11	None	GENOMAD.054804.VV	1.251e-11	59	0	0	1	2561	Caudoviricetes	NA	NA	PF04466;COG5323;TIGR01547	Large terminase phage packaging protein
k127_604819_1	31	366	336	-1	0.702	11	GGA/GAG/AGG	GENOMAD.092546.VV	8.575e-10	57	0	0	1	2561	Caudoviricetes	NA	NA	PF05521;COG5614;TIGR01563	Bacteriophage head-tail adaptor
k127_22407_1	39	527	489	-1	0.583	11	None	GENOMAD.068048.VV	1.619e-13	70	0	0	1	2561	Caudoviricetes	NA	NA	PF20307;TIGR03600;K02314;COG0305	phage replicative helicase, DnaB family, HK022 subfamily
k127_345886_1	2	358	357	-1	0.468	11	None	GENOMAD.121625.VV	1.01e-27	109	0	0	1	2561	Caudoviricetes	NA	NA	PF11651;TIGR04387	P22 coat protein - gene protein 5
k127_605187_1	3	317	315	-1	0.686	11	None	GENOMAD.147571.VP	8.289e-08	51	0	0	1	2561	Caudoviricetes	NA	NA	PF20441;COG5362	Terminase large subunit, endonuclease domain
k127_281784_1	362	643	282	1	0.638	11	AGGAG	GENOMAD.159194.VV	6.694e-06	45	0	0	1	2561	Caudoviricetes	NA	NA	COG4675	Microcystin-dependent protein  (function unknown)
k127_281829_1	2	394	393	1	0.595	11	None	GENOMAD.183754.VP	9.405e-07	49	0	0	1	2561	Caudoviricetes	NA	NA	COG4675	Microcystin-dependent protein  (function unknown)
k127_281901_1	1	633	633	1	0.657	11	None	GENOMAD.053137.VV	1.689e-36	139	0	0	1	2561	Caudoviricetes	NA	NA	PF17482	Phage tail sheath C-terminal domain
k127_152273_1	3	776	774	-1	0.592	11	None	GENOMAD.129553.VV	9.183e-47	171	0	0	1	2561	Caudoviricetes	NA	NA	PF20441	Terminase large subunit, endonuclease domain
k127_152351_1	3	542	540	1	0.650	11	None	GENOMAD.053137.VV	4.013e-30	119	0	0	1	2561	Caudoviricetes	NA	NA	PF17482	Phage tail sheath C-terminal domain
k127_152689_1	3	503	501	-1	0.705	11	None	GENOMAD.169508.VP	4.601e-11	63	0	0	1	2561	Caudoviricetes	NA	NA	PF04708;PF13262;COG1961;K14060	Site-specific DNA recombinase related to the DNA invertase Pin
k127_476906_1	2	817	816	-1	0.705	11	None	GENOMAD.020821.VV	3.464e-09	60	0	0	1	2561	Caudoviricetes	NA	NA	PF05876;PF16203;K14440;COG5410;TIGR04095	ERCC4-related helicase
k127_412106_1	3	788	786	1	0.742	11	None	GENOMAD.057710.VV	8.979e-05	46	0	0	1	2561	Caudoviricetes	NA	NA	PF00589;PF04860;K07358;TIGR01537	Phage integrase family; Phage portal protein
k127_347422_1	2	205	204	-1	0.667	11	AGGAGG	NA	NA	NA	0	0	0	1	NA	NA	NA	NA	NA
k127_347422_2	215	541	327	-1	0.633	11	None	GENOMAD.053137.VV	2.297e-22	93	0	0	1	2561	Caudoviricetes	NA	NA	PF17482	Phage tail sheath C-terminal domain
k127_606699_1	2	556	555	-1	0.649	11	None	GENOMAD.013210.VV	3.603e-08	55	0	0	1	2561	Caudoviricetes	NA	NA	PF00211;PF08994;PF08993;COG2114	Adenylate and Guanylate cyclase catalytic domain; T4 gene Gp59 loader of gp41 DNA helicase C-term; T4 gene Gp59 loader of gp41 DNA helicase
k127_541838_1	3	479	477	1	0.614	11	None	GENOMAD.026355.VV	1.03e-18	85	0	0	1	2561	Caudoviricetes	NA	NA	PF20307;TIGR02238	Divergent DnaB-like ATPase
k127_477532_1	1	492	492	-1	0.683	11	None	GENOMAD.053137.VV	1.877e-32	125	0	0	1	2561	Caudoviricetes	NA	NA	PF17482	Phage tail sheath C-terminal domain
k127_542017_1	3	392	390	1	0.638	11	None	GENOMAD.053137.VV	1.367e-20	89	0	0	1	2561	Caudoviricetes	NA	NA	PF17482	Phage tail sheath C-terminal domain
k127_89366_1	3	383	381	1	0.591	11	None	GENOMAD.068048.VV	5.806e-12	64	0	0	1	2561	Caudoviricetes	NA	NA	PF20307;TIGR03600;K02314;COG0305	phage replicative helicase, DnaB family, HK022 subfamily
k127_348345_1	1	594	594	1	0.734	11	None	GENOMAD.071900.VV	2.375e-54	190	0	0	1	2561	Caudoviricetes	NA	NA	PF13479;TIGR01618;COG2087;K04484	phage nucleotide-binding protein
k127_348545_1	3	386	384	-1	0.734	11	None	GENOMAD.053137.VV	1.442e-19	86	0	0	1	2561	Caudoviricetes	NA	NA	PF17482	Phage tail sheath C-terminal domain
k127_478587_1	3	641	639	-1	0.681	11	None	GENOMAD.065578.VV	2.248e-21	95	0	0	1	2561	Caudoviricetes	NA	NA	PF04860;PF04233;TIGR01537;COG4695;K06904	phage portal protein, HK97 family
k127_608528_1	1	213	213	-1	0.685	11	None	GENOMAD.134219.VP	1.026e-21	89	0	0	1	2561	Caudoviricetes	NA	NA	PF05069;TIGR01635;COG5005	phage virion morphogenesis (putative tail completion) protein
k127_608528_2	217	330	114	-1	0.614	11	None	NA	NA	NA	0	0	0	1	NA	NA	NA	NA	NA
k127_479145_1	2	1006	1005	-1	0.702	11	None	GENOMAD.013210.VV	7.625e-19	91	0	0	1	2561	Caudoviricetes	NA	NA	PF00211;PF08994;PF08993;COG2114	Adenylate and Guanylate cyclase catalytic domain; T4 gene Gp59 loader of gp41 DNA helicase C-term; T4 gene Gp59 loader of gp41 DNA helicase
k127_285126_1	3	344	342	-1	0.652	11	None	GENOMAD.068048.VV	1.204e-15	74	0	0	1	2561	Caudoviricetes	NA	NA	PF20307;TIGR03600;K02314;COG0305	phage replicative helicase, DnaB family, HK022 subfamily
k127_349503_1	2	400	399	1	0.634	11	None	GENOMAD.105501.VV	2.132e-42	152	0	0	1	2561	Caudoviricetes	NA	NA	PF03434;COG3948	Phage-related baseplate assembly protein
k127_608774_1	2	103	102	1	0.667	11	None	NA	NA	NA	0	0	0	1	NA	NA	NA	NA	NA
k127_608774_2	105	317	213	1	0.648	11	AGGA	GENOMAD.022050.VV	6.344e-12	61	0	0	1	2561	Caudoviricetes	NA	NA	PF18906	Phage tail tube protein
k127_479357_1	3	383	381	-1	0.675	11	None	GENOMAD.099154.VV	7.417e-09	55	0	0	1	2561	Caudoviricetes	NA	NA	PF04865;COG3299	Baseplate J-like protein
k127_479432_1	1	438	438	-1	0.676	11	None	GENOMAD.013210.VV	5.035e-12	65	0	0	1	2561	Caudoviricetes	NA	NA	PF00211;PF08994;PF08993;COG2114	Adenylate and Guanylate cyclase catalytic domain; T4 gene Gp59 loader of gp41 DNA helicase C-term; T4 gene Gp59 loader of gp41 DNA helicase
k127_26695_1	2	373	372	-1	0.661	11	None	GENOMAD.068048.VV	3.623e-16	76	0	0	1	2561	Caudoviricetes	NA	NA	PF20307;TIGR03600;K02314;COG0305	phage replicative helicase, DnaB family, HK022 subfamily
k127_156396_1	3	716	714	1	0.662	11	None	GENOMAD.053137.VV	3.059e-29	119	0	0	1	2561	Caudoviricetes	NA	NA	PF17482	Phage tail sheath C-terminal domain
k127_156396_2	739	1023	285	1	0.663	11	AGGAG/GGAGG	NA	NA	NA	0	0	0	1	NA	NA	NA	NA	NA
k127_415153_1	3	434	432	-1	0.653	11	None	GENOMAD.102019.VV	3.694e-33	126	0	0	1	2561	Caudoviricetes	NA	NA	PF10758;COG3497	Phage tail sheath protein FI
k127_609776_1	147	626	480	1	0.644	11	None	GENOMAD.119083.VV	1.882e-47	168	0	0	0	2561	Caudoviricetes	NA	NA	PF05926	Phage head completion protein (GPL)
k127_609776_2	626	835	210	1	0.643	11	GGA/GAG/AGG	GENOMAD.159179.VP	5.802e-19	81	0	0	1	2561	Caudoviricetes	NA	NA	COG5004;K06370	P2-like prophage tail protein X
k127_221364_1	2	430	429	-1	0.706	11	None	GENOMAD.118632.VP	5.92e-08	53	0	0	1	2561	Caudoviricetes	NA	NA	PF00476;PF07141	DNA polymerase family A; Putative bacteriophage terminase small subunit
k127_545128_1	1	342	342	1	0.678	11	None	GENOMAD.047125.VV	1.247e-06	48	0	0	1	2561	Caudoviricetes	NA	NA	PF16463;COG5437;TIGR02126	Phage tail tube protein family
k127_221637_1	3	674	672	-1	0.699	11	None	GENOMAD.013210.VV	2.686e-24	104	0	0	1	2561	Caudoviricetes	NA	NA	PF00211;PF08994;PF08993;COG2114	Adenylate and Guanylate cyclase catalytic domain; T4 gene Gp59 loader of gp41 DNA helicase C-term; T4 gene Gp59 loader of gp41 DNA helicase
k127_351231_1	2	391	390	1	0.687	11	None	GENOMAD.068048.VV	4.567e-16	76	0	0	1	2561	Caudoviricetes	NA	NA	PF20307;TIGR03600;K02314;COG0305	phage replicative helicase, DnaB family, HK022 subfamily
k127_93177_1	1	717	717	1	0.639	11	None	GENOMAD.169508.VP	2.245e-10	63	0	0	1	2561	Caudoviricetes	NA	NA	PF04708;PF13262;COG1961;K14060	Site-specific DNA recombinase related to the DNA invertase Pin
k127_158107_1	3	419	417	-1	0.626	11	GGAG/GAGG	GENOMAD.105501.VV	2.351e-52	181	0	0	1	2561	Caudoviricetes	NA	NA	PF03434;COG3948	Phage-related baseplate assembly protein
k127_158107_2	416	769	354	-1	0.616	11	GGA/GAG/AGG	GENOMAD.123275.VP	3.655e-13	67	0	0	1	2561	Caudoviricetes	NA	NA	PF04965;K06903;COG3628;TIGR03357	Phage baseplate assembly protein W
k127_158107_3	766	864	99	-1	0.687	11	None	NA	NA	NA	0	0	0	1	NA	NA	NA	NA	NA
k127_481834_1	14	415	402	-1	0.637	11	None	GENOMAD.159695.VP	7.77e-11	61	0	0	1	2561	Caudoviricetes	NA	NA	PF07141;TIGR00721;COG2826	Putative bacteriophage terminase small subunit
k127_546492_1	1	312	312	1	0.679	11	None	GENOMAD.068048.VV	1.613e-08	53	0	0	1	2561	Caudoviricetes	NA	NA	PF20307;TIGR03600;K02314;COG0305	phage replicative helicase, DnaB family, HK022 subfamily
k127_223012_1	1	399	399	1	0.694	11	None	GENOMAD.176974.VV	0.000546	41	0	0	1	2561	Caudoviricetes	NA	NA	PF17288	Terminase RNAseH like domain
k127_28952_1	1	555	555	1	0.622	11	None	GENOMAD.022372.VV	1.668e-08	56	0	0	1	2561	Caudoviricetes	NA	NA	PF04708;COG1961;K14060	Site-specific DNA recombinase related to the DNA invertase Pin
k127_223148_1	22	330	309	-1	0.670	11	None	GENOMAD.127022.VV	7.897e-23	94	0	0	1	2561	Caudoviricetes	NA	NA	PF04586;K06904;COG3740;TIGR01543	Phage head maturation protease
k127_158597_1	1	315	315	-1	0.629	11	None	GENOMAD.068048.VV	1.018e-13	68	0	0	1	2561	Caudoviricetes	NA	NA	PF20307;TIGR03600;K02314;COG0305	phage replicative helicase, DnaB family, HK022 subfamily
k127_611814_1	1	285	285	1	0.607	11	None	GENOMAD.063098.VV	5.432e-08	51	0	0	1	2561	Caudoviricetes	NA	NA	PF11126	Transcriptional regulator DsbA
k127_418080_1	2	688	687	1	0.691	11	None	GENOMAD.053137.VV	9.125e-32	126	0	0	1	2561	Caudoviricetes	NA	NA	PF17482	Phage tail sheath C-terminal domain
k127_418080_2	698	1078	381	1	0.627	11	AGGAGG	NA	NA	NA	0	0	0	1	NA	NA	NA	NA	NA
k127_94752_1	3	119	117	1	0.641	11	None	NA	NA	NA	0	0	0	1	NA	NA	NA	NA	NA
k127_94752_2	74	457	384	-1	0.602	11	None	GENOMAD.068048.VV	2.619e-12	65	0	0	1	2561	Caudoviricetes	NA	NA	PF20307;TIGR03600;K02314;COG0305	phage replicative helicase, DnaB family, HK022 subfamily
k127_418337_1	1	705	705	1	0.708	11	None	GENOMAD.013287.VV	6.975e-05	46	0	0	1	2561	Caudoviricetes	NA	NA	PF04865;TIGR02243;COG3299	putative baseplate assembly protein
k127_289547_1	2	229	228	1	0.706	11	None	GENOMAD.182548.VP	7.815e-05	41	0	0	1	6064	Autographiviridae	NA	NA	PF17879	DNA ligase C-terminal domain
k127_289680_1	1	648	648	1	0.665	11	None	GENOMAD.068048.VV	6.533e-08	55	0	0	1	2561	Caudoviricetes	NA	NA	PF20307;TIGR03600;K02314;COG0305	phage replicative helicase, DnaB family, HK022 subfamily
k127_354167_1	2	343	342	1	0.632	11	None	GENOMAD.068048.VV	1.609e-12	65	0	0	1	2561	Caudoviricetes	NA	NA	PF20307;TIGR03600;K02314;COG0305	phage replicative helicase, DnaB family, HK022 subfamily
k127_418803_1	2	379	378	-1	0.624	11	None	GENOMAD.181309.VV	3.505e-08	53	0	0	1	1	NA	NA	NA	PF16754;COG3772	Phage-related lysozyme (muramidase), GH24 family
k127_95493_1	1	438	438	-1	0.676	11	None	GENOMAD.068048.VV	5.035e-12	65	0	0	1	2561	Caudoviricetes	NA	NA	PF20307;TIGR03600;K02314;COG0305	phage replicative helicase, DnaB family, HK022 subfamily
k127_160675_1	1	849	849	1	0.693	11	None	GENOMAD.068048.VV	2.679e-15	79	0	0	1	2561	Caudoviricetes	NA	NA	PF20307;TIGR03600;K02314;COG0305	phage replicative helicase, DnaB family, HK022 subfamily
k127_484380_1	3	644	642	-1	0.643	11	None	GENOMAD.005360.VV	2.813e-41	153	0	0	1	2561	Caudoviricetes	NA	NA	PF11651;TIGR04387	P22 coat protein - gene protein 5
k127_354846_1	1	138	138	-1	0.609	11	GGA/GAG/AGG	NA	NA	NA	0	0	0	1	NA	NA	NA	NA	NA
k127_354846_2	217	804	588	-1	0.685	11	None	GENOMAD.053137.VV	2.818e-32	126	0	0	1	2561	Caudoviricetes	NA	NA	PF17482	Phage tail sheath C-terminal domain
k127_161048_1	1	840	840	-1	0.682	11	None	GENOMAD.194580.VP	2.322e-29	121	0	0	1	2561	Caudoviricetes	NA	NA	PF03354;PF05521;PF20441;COG4626;TIGR01563	Phage terminase-like protein, large subunit, contains N-terminal HTH domain
k127_485113_1	1	318	318	1	0.679	11	None	GENOMAD.070325.VV	8.601e-08	51	0	0	1	1	NA	NA	NA	PF09293	T4 RNase H, C terminal
k127_97060_1	3	497	495	1	0.655	11	None	GENOMAD.026355.VV	3.905e-13	69	0	0	1	2561	Caudoviricetes	NA	NA	PF20307;TIGR02238	Divergent DnaB-like ATPase
k127_291723_1	1	1452	1452	1	0.671	11	None	GENOMAD.053137.VV	3.799e-33	138	0	0	1	2561	Caudoviricetes	NA	NA	PF17482	Phage tail sheath C-terminal domain
k127_291723_2	1463	1987	525	1	0.606	11	AGGAG	GENOMAD.215896.VV	1.329e-05	47	0	0	1	2561	Caudoviricetes	NA	NA	PF06841;TIGR02241	T4-like virus tail tube protein gp19
k127_291723_3	1993	2124	132	1	0.735	11	AGxAGG/AGGxGG	NA	NA	NA	0	0	0	1	NA	NA	NA	NA	NA
k127_356279_1	70	609	540	-1	0.707	11	None	GENOMAD.013210.VV	1.225e-25	106	0	0	1	2561	Caudoviricetes	NA	NA	PF00211;PF08994;PF08993;COG2114	Adenylate and Guanylate cyclase catalytic domain; T4 gene Gp59 loader of gp41 DNA helicase C-term; T4 gene Gp59 loader of gp41 DNA helicase
k127_421230_1	2	484	483	1	0.631	11	None	GENOMAD.212786.VV	9.915e-07	50	0	0	1	2561	Caudoviricetes	NA	NA	PF20307;PF00772;TIGR00665;K02314;COG0305	replicative DNA helicase
k127_227547_1	1	1341	1341	-1	0.450	11	GGAG/GAGG	GENOMAD.033662.VV	6.238e-263	806	0	0	1	2790	Microviridae	NA	NA	PF02305	Capsid protein (F protein)
k127_98237_1	3	431	429	-1	0.646	11	None	GENOMAD.194580.VP	2.221e-11	63	0	0	1	2561	Caudoviricetes	NA	NA	PF03354;PF05521;PF20441;COG4626;TIGR01563	Phage terminase-like protein, large subunit, contains N-terminal HTH domain
k127_551479_1	2	157	156	1	0.455	11	None	NA	NA	NA	0	0	0	1	NA	NA	NA	NA	NA
k127_551479_2	154	516	363	1	0.584	11	AGGA	GENOMAD.224455.VP	1.568e-06	48	0	0	1	1	NA	NA	NA	PF09588;COG5377;TIGR03033	Phage-related protein, predicted endonuclease
k127_487023_1	2	394	393	1	0.735	11	None	GENOMAD.223594.VP	3.83e-09	56	0	0	1	2561	Caudoviricetes	NA	NA	PF11994;PF09684;TIGR01634;COG4385	phage tail protein, P2 protein I family
k127_34094_1	70	315	246	1	0.638	11	GGA/GAG/AGG	GENOMAD.123093.VP	1.436e-15	72	0	0	1	2561	Caudoviricetes	NA	NA	PF05521;COG5614;TIGR01563	Bacteriophage head-tail adaptor
k127_422155_1	3	389	387	1	0.651	11	None	GENOMAD.068048.VV	6.149e-21	90	0	0	1	2561	Caudoviricetes	NA	NA	PF20307;TIGR03600;K02314;COG0305	phage replicative helicase, DnaB family, HK022 subfamily
k127_34564_1	1	327	327	-1	0.673	11	None	GENOMAD.053137.VV	1.787e-17	79	0	0	1	2561	Caudoviricetes	NA	NA	PF17482	Phage tail sheath C-terminal domain
k127_616988_1	1	378	378	1	0.696	11	None	GENOMAD.123622.VP	1.369e-27	109	0	0	1	2561	Caudoviricetes	NA	NA	PF04586;PF03354;COG4626;K06904;TIGR01543	Phage terminase-like protein, large subunit, contains N-terminal HTH domain
k127_552497_1	202	1476	1275	1	0.613	11	AGGAG	GENOMAD.157931.VP	5.216e-19	93	0	0	1	2561	Caudoviricetes	NA	NA	PF20454;K21512;COG5525	Phage terminase, large subunit GpA
k127_294083_1	1	399	399	1	0.694	11	None	GENOMAD.065329.VV	9.017e-09	55	0	0	1	2561	Caudoviricetes	NA	NA	PF07141	Putative bacteriophage terminase small subunit
k127_552574_1	3	125	123	1	0.634	11	None	NA	NA	NA	0	0	0	1	NA	NA	NA	NA	NA
k127_552574_2	118	504	387	1	0.630	11	GGA/GAG/AGG	GENOMAD.147369.VP	3.206e-36	134	0	0	1	2561	Caudoviricetes	NA	NA	PF09355;COG5632	Phage protein Gp19/Gp15/Gp42
k127_99736_1	3	497	495	-1	0.709	11	None	GENOMAD.195568.VP	1.089e-06	50	0	0	1	2561	Caudoviricetes	NA	NA	PF20025;PF01331;K18951;TIGR04120;COG1793	DNA ligase, ATP-dependent, PP_1105 family
k127_617474_1	2	595	594	1	0.704	11	None	GENOMAD.057710.VV	4.619e-08	55	0	0	1	2561	Caudoviricetes	NA	NA	PF00589;PF04860;K07358;TIGR01537	Phage integrase family; Phage portal protein
k127_423397_1	3	320	318	1	0.651	11	None	GENOMAD.024686.VV	1.034e-05	45	0	0	1	2561	Caudoviricetes	NA	NA	PF05065;COG4653;TIGR01554	Predicted phage phi-C31 gp36 major capsid-like protein
k127_358929_1	3	374	372	-1	0.616	11	AGGAG/GGAGG	GENOMAD.180275.VP	1.484e-08	54	0	0	1	2561	Caudoviricetes	NA	NA	PF03592;PF10668;COG3728;K07474	Terminase small subunit; Phage terminase small subunit
k127_553454_1	2	730	729	-1	0.675	11	None	GENOMAD.042498.VV	9.804e-08	55	0	0	1	2561	Caudoviricetes	NA	NA	PF09293	T4 RNase H, C terminal
k127_35898_1	3	566	564	1	0.681	11	None	GENOMAD.068048.VV	1.405e-15	77	0	0	1	2561	Caudoviricetes	NA	NA	PF20307;TIGR03600;K02314;COG0305	phage replicative helicase, DnaB family, HK022 subfamily
k127_165356_1	2	391	390	1	0.636	11	None	GENOMAD.030812.VV	4.272e-07	50	0	0	1	2561	Caudoviricetes	NA	NA	PF05133;TIGR01538	Phage portal protein, SPP1 Gp6-like
k127_230218_1	1	483	483	1	0.605	11	None	GENOMAD.099556.VV	3.24e-14	72	0	0	1	1	NA	NA	NA	PF05133;TIGR01538	phage portal protein, SPP1 family
k127_424378_1	1	801	801	1	0.583	11	None	GENOMAD.017542.VV	2.735e-07	54	0	0	1	12944	Parvoviridae	NA	NA	PF01057;PF08724;K21240;TIGR01613	Parvovirus non-structural protein NS1; Rep protein catalytic domain like
k127_101113_1	3	305	303	1	0.657	11	None	GENOMAD.068048.VV	2.268e-11	61	0	0	1	2561	Caudoviricetes	NA	NA	PF20307;TIGR03600;K02314;COG0305	phage replicative helicase, DnaB family, HK022 subfamily
k127_554299_1	3	365	363	-1	0.719	11	None	GENOMAD.182548.VP	0.0008686	40	0	0	1	6064	Autographiviridae	NA	NA	PF17879	DNA ligase C-terminal domain
k127_295780_1	1	435	435	1	0.639	11	None	GENOMAD.022372.VV	6.188e-19	85	0	0	1	2561	Caudoviricetes	NA	NA	PF04708;COG1961;K14060	Site-specific DNA recombinase related to the DNA invertase Pin
k127_360301_1	2	301	300	-1	0.593	11	None	GENOMAD.032636.VV	5.605e-10	57	0	0	1	2561	Caudoviricetes	NA	NA	PF20307;PF07486;TIGR02239;COG0468;K18947	Divergent DnaB-like ATPase; Cell Wall Hydrolase
k127_296377_1	1	321	321	1	0.664	11	None	GENOMAD.162197.VP	1.818e-16	76	0	0	1	2561	Caudoviricetes	NA	NA	PF20441;COG5362	Terminase large subunit, endonuclease domain
k127_37402_1	2	409	408	1	0.618	11	None	GENOMAD.068048.VV	1.332e-14	72	0	0	1	2561	Caudoviricetes	NA	NA	PF20307;TIGR03600;K02314;COG0305	phage replicative helicase, DnaB family, HK022 subfamily
k127_37402_2	440	619	180	-1	0.656	11	None	NA	NA	NA	0	0	0	1	NA	NA	NA	NA	NA
k127_37794_1	75	533	459	-1	0.697	11	None	GENOMAD.068048.VV	1.921e-17	81	0	0	1	2561	Caudoviricetes	NA	NA	PF20307;TIGR03600;K02314;COG0305	phage replicative helicase, DnaB family, HK022 subfamily
k127_555470_1	3	377	375	-1	0.677	11	None	GENOMAD.068048.VV	2.037e-14	71	0	0	1	2561	Caudoviricetes	NA	NA	PF20307;TIGR03600;K02314;COG0305	phage replicative helicase, DnaB family, HK022 subfamily
k127_490894_1	1	849	849	1	0.709	11	None	GENOMAD.042265.VV	0.0001071	46	0	0	1	2561	Caudoviricetes	NA	NA	PF20307;TIGR02237;COG0468;K04485	Divergent DnaB-like ATPase
k127_361761_1	2	508	507	1	0.680	11	None	GENOMAD.068048.VV	1.67e-16	79	0	0	1	2561	Caudoviricetes	NA	NA	PF20307;TIGR03600;K02314;COG0305	phage replicative helicase, DnaB family, HK022 subfamily
k127_491393_1	2	1171	1170	1	0.603	11	None	GENOMAD.000073.VV	2.266e-05	49	0	0	1	6233	Potyviridae	NA	NA	PF00680	Viral RNA-dependent RNA polymerase
k127_426520_1	2	682	681	1	0.589	11	None	NA	NA	NA	0	0	0	1	NA	NA	NA	NA	NA
k127_426520_2	882	1667	786	1	0.595	11	GGAG/GAGG	GENOMAD.147379.VC	1.735e-13	73	0	0	0	1	NA	NA	NA	PF13482;K21238;COG0349;TIGR01388	RNase_H superfamily
k127_426520_3	1664	1942	279	1	0.652	11	GGAG/GAGG	NA	NA	NA	0	0	0	1	NA	NA	NA	NA	NA
k127_426520_4	2030	2392	363	1	0.565	11	AGGAG	GENOMAD.169611.VP	1.681e-14	71	0	0	0	1	NA	NA	NA	NA	NA
k127_426520_5	2392	2490	99	1	0.606	11	AGGAG/GGAGG	NA	NA	NA	0	0	0	1	NA	NA	NA	NA	NA
k127_426520_6	2528	2740	213	1	0.540	11	GGAGG	NA	NA	NA	0	0	0	1	NA	NA	NA	NA	NA
k127_362387_1	1	339	339	-1	0.699	11	None	GENOMAD.147283.VV	4.557e-09	55	0	0	1	2561	Caudoviricetes	NA	NA	PF05119;COG3747;TIGR01558	Phage terminase, small subunit
k127_298280_1	2	283	282	-1	0.688	11	AGGA	GENOMAD.081013.VV	3.252e-28	109	0	0	1	2561	Caudoviricetes	NA	NA	PF05135;TIGR02215	phage conserved hypothetical protein, phiE125 gp8 family
k127_427187_1	118	354	237	-1	0.675	11	GGGG	GENOMAD.202248.VV	1.765e-05	43	0	0	1	1	NA	NA	NA	PF09035;COG4220	Phage DNA packaging protein, Nu1 subunit of terminase
k127_168935_1	3	386	384	1	0.685	11	None	GENOMAD.127066.VP	1.584e-18	83	0	0	1	2561	Caudoviricetes	NA	NA	PF03354;COG4626	Phage terminase-like protein, large subunit, contains N-terminal HTH domain
k127_233732_1	3	182	180	-1	0.606	11	GGAG/GAGG	GENOMAD.168355.VP	6.897e-07	46	0	0	1	2561	Caudoviricetes	NA	NA	PF03592;COG3728;K07474	Phage terminase, small subunit
k127_557457_1	2	334	333	1	0.643	11	None	GENOMAD.053137.VV	2.372e-15	73	0	0	1	2561	Caudoviricetes	NA	NA	PF17482	Phage tail sheath C-terminal domain
k127_169476_1	1	165	165	1	0.691	11	None	GENOMAD.005410.VV	3.109e-11	58	0	0	1	2561	Caudoviricetes	NA	NA	PF06199;COG5437;TIGR02126	Phage tail tube protein
k127_169476_2	172	303	132	1	0.735	11	None	NA	NA	NA	0	0	0	1	NA	NA	NA	NA	NA
k127_622963_1	1	1281	1281	-1	0.678	11	None	GENOMAD.169508.VP	1.004e-12	73	0	0	1	2561	Caudoviricetes	NA	NA	PF04708;PF13262;COG1961;K14060	Site-specific DNA recombinase related to the DNA invertase Pin
k127_234599_1	2	373	372	1	0.677	11	None	GENOMAD.068048.VV	3.483e-16	76	0	0	1	2561	Caudoviricetes	NA	NA	PF20307;TIGR03600;K02314;COG0305	phage replicative helicase, DnaB family, HK022 subfamily
k127_364096_1	3	530	528	-1	0.703	11	None	GENOMAD.194580.VP	1.188e-24	103	0	0	1	2561	Caudoviricetes	NA	NA	PF03354;PF05521;PF20441;COG4626;TIGR01563	Phage terminase-like protein, large subunit, contains N-terminal HTH domain
k127_493497_1	2	484	483	1	0.712	11	None	GENOMAD.118632.VP	4.564e-07	51	0	0	1	2561	Caudoviricetes	NA	NA	PF00476;PF07141	DNA polymerase family A; Putative bacteriophage terminase small subunit
k127_299756_1	88	618	531	-1	0.708	11	None	GENOMAD.068590.VV	1.283e-10	62	0	0	1	2561	Caudoviricetes	NA	NA	PF13871;PF11242;K11654;TIGR00721	C-terminal domain on Strawberry notch homologue
k127_364335_1	3	404	402	-1	0.704	11	None	GENOMAD.064381.VV	5.371e-05	44	0	0	1	2561	Caudoviricetes	NA	NA	PF04717;TIGR01644;COG4384	phage baseplate assembly protein V
k127_234915_1	6	422	417	-1	0.664	11	None	GENOMAD.073278.VV	0.0001302	43	0	0	1	1	NA	NA	NA	PF20039;COG5005;TIGR01725	Phage virion morphogenesis family
k127_235392_1	3	356	354	1	0.672	11	None	GENOMAD.020669.VV	4.994e-10	58	0	0	1	2561	Caudoviricetes	NA	NA	PF18906	Phage tail tube protein
k127_42671_1	1	309	309	-1	0.583	11	None	GENOMAD.158172.VP	4.657e-13	66	0	0	1	2561	Caudoviricetes	NA	NA	PF04466;TIGR01547;COG5323	phage terminase, large subunit, PBSX family
k127_430314_1	2	394	393	-1	0.466	11	ATA	GENOMAD.062034.VV	7.932e-44	156	0	0	1	1	NA	NA	NA	PF10124;PF04466;COG4397;TIGR01547	Mu-like prophage major head subunit gpT; Phage terminase large subunit
k127_430314_2	379	675	297	-1	0.404	11	None	NA	NA	NA	0	0	0	1	NA	NA	NA	NA	NA
k127_430314_3	672	1037	366	-1	0.391	11	TAT	NA	NA	NA	0	0	0	1	NA	NA	NA	NA	NA
k127_430314_4	1018	1194	177	-1	0.458	11	None	NA	NA	NA	0	0	0	1	NA	NA	NA	NA	NA
k127_171953_1	2	343	342	-1	0.678	11	None	GENOMAD.054986.VV	6.11e-06	46	0	0	1	2561	Caudoviricetes	NA	NA	PF09293	T4 RNase H, C terminal
k127_236560_1	35	445	411	-1	0.735	11	AGGAG	GENOMAD.146533.VV	2.258e-51	178	0	0	1	1	NA	NA	NA	PF11367	NA
k127_236560_2	442	738	297	-1	0.724	11	None	GENOMAD.161754.VP	2.573e-09	55	0	0	1	2561	Caudoviricetes	NA	NA	PF05521;COG5614;TIGR01563	Bacteriophage head-tail adaptor
k127_172452_1	1	273	273	-1	0.505	11	AAAAA	GENOMAD.177125.VV	1.011e-15	73	0	0	1	2561	Caudoviricetes	NA	NA	PF07141;COG2826;TIGR03418	Putative bacteriophage terminase small subunit
k127_43399_1	2	199	198	-1	0.667	11	GGxGG	GENOMAD.092546.VV	2.51e-11	59	0	0	1	2561	Caudoviricetes	NA	NA	PF05521;COG5614;TIGR01563	Bacteriophage head-tail adaptor
k127_43399_2	234	485	252	-1	0.710	11	None	NA	NA	NA	0	0	0	1	NA	NA	NA	NA	NA
k127_173037_1	1	807	807	1	0.722	11	None	GENOMAD.068590.VV	1.015e-17	86	0	0	1	2561	Caudoviricetes	NA	NA	PF13871;PF11242;K11654;TIGR00721	C-terminal domain on Strawberry notch homologue
k127_302560_1	3	782	780	1	0.709	11	None	GENOMAD.042265.VV	0.0003812	44	0	0	1	2561	Caudoviricetes	NA	NA	PF20307;TIGR02237;COG0468;K04485	Divergent DnaB-like ATPase
k127_496389_1	3	413	411	1	0.574	11	None	GENOMAD.002027.VV	6.769e-23	96	0	0	1	2561	Caudoviricetes	NA	NA	PF05766	Bacteriophage Lambda NinG protein
k127_302573_1	3	668	666	-1	0.622	11	None	GENOMAD.060259.VV	6.005e-05	46	0	0	1	2561	Caudoviricetes	NA	NA	PF20307;TIGR02236;COG0468;K04484	Divergent DnaB-like ATPase
k127_173233_1	43	513	471	1	0.611	11	GGAG/GAGG	NA	NA	NA	0	0	0	1	NA	NA	NA	NA	NA
k127_173233_2	506	757	252	1	0.623	11	AGGAG	GENOMAD.142002.VC	9.697e-06	44	0	0	0	2561	Caudoviricetes	NA	NA	TIGR03505	FimV N-terminal domain
k127_173233_3	747	1784	1038	1	0.627	11	GGAGG	NA	NA	NA	0	0	0	1	NA	NA	NA	NA	NA
k127_173233_4	1793	2368	576	1	0.597	11	GGAG/GAGG	NA	NA	NA	0	0	0	1	NA	NA	NA	NA	NA
k127_173233_5	2365	2499	135	1	0.593	11	AGGA/GGAG/GAGG	NA	NA	NA	0	0	0	1	NA	NA	NA	NA	NA
k127_561453_1	3	467	465	1	0.622	11	None	GENOMAD.053137.VV	3.587e-20	89	0	0	1	2561	Caudoviricetes	NA	NA	PF17482	Phage tail sheath C-terminal domain
k127_561453_2	464	532	69	1	0.594	11	AGxAG	NA	NA	NA	0	0	0	1	NA	NA	NA	NA	NA
k127_561696_1	1	531	531	-1	0.714	11	None	GENOMAD.013210.VV	5.57e-25	104	0	0	1	2561	Caudoviricetes	NA	NA	PF00211;PF08994;PF08993;COG2114	Adenylate and Guanylate cyclase catalytic domain; T4 gene Gp59 loader of gp41 DNA helicase C-term; T4 gene Gp59 loader of gp41 DNA helicase
k127_303111_1	1	420	420	1	0.652	11	None	GENOMAD.068048.VV	1.594e-14	72	0	0	1	2561	Caudoviricetes	NA	NA	PF20307;TIGR03600;K02314;COG0305	phage replicative helicase, DnaB family, HK022 subfamily
k127_238339_1	1	876	876	1	0.693	11	None	GENOMAD.088388.VV	1.252e-12	71	0	0	1	2561	Caudoviricetes	NA	NA	PF13550	Putative phage tail protein
k127_238339_2	892	1278	387	1	0.698	11	GGA/GAG/AGG	NA	NA	NA	0	0	0	1	NA	NA	NA	NA	NA
k127_173750_1	2	598	597	-1	0.677	11	None	GENOMAD.222213.VP	6.621e-22	96	0	0	1	2561	Caudoviricetes	NA	NA	PF07141	Putative bacteriophage terminase small subunit
k127_497430_1	1	1086	1086	-1	0.406	11	None	GENOMAD.104669.VV	0.0007034	44	0	0	1	2561	Caudoviricetes	NA	NA	PF13479;TIGR01618;COG0468;K04484	phage nucleotide-binding protein
k127_432564_1	2	784	783	1	0.674	11	None	GENOMAD.118632.VP	3.635e-13	72	0	0	1	2561	Caudoviricetes	NA	NA	PF00476;PF07141	DNA polymerase family A; Putative bacteriophage terminase small subunit
k127_432564_2	840	1052	213	1	0.714	11	3Base/5BMM	NA	NA	NA	0	0	0	1	NA	NA	NA	NA	NA
k127_174285_1	2	535	534	1	0.708	11	None	GENOMAD.068590.VV	6.043e-11	63	0	0	1	2561	Caudoviricetes	NA	NA	PF13871;PF11242;K11654;TIGR00721	C-terminal domain on Strawberry notch homologue
k127_109474_1	2	307	306	1	0.650	11	None	GENOMAD.195461.VP	3.537e-07	49	0	0	1	2561	Caudoviricetes	NA	NA	PF05766;COG4338	Bacteriophage Lambda NinG protein
k127_562551_1	1	354	354	1	0.667	11	None	GENOMAD.064252.VV	1.068e-26	106	0	0	1	2561	Caudoviricetes	NA	NA	PF03354;COG4626;TIGR01547	Terminase large subunit, ATPase domain
k127_433760_1	1	462	462	-1	0.649	11	None	GENOMAD.068048.VV	1.254e-13	70	0	0	1	2561	Caudoviricetes	NA	NA	PF20307;TIGR03600;K02314;COG0305	phage replicative helicase, DnaB family, HK022 subfamily
k127_175981_1	1	357	357	-1	0.728	11	None	GENOMAD.222908.VP	3.744e-46	162	0	0	1	2561	Caudoviricetes	NA	NA	TIGR01558;COG3747	phage terminase, small subunit, putative, P27 family
k127_434654_1	107	274	168	1	0.554	11	AGGAG	GENOMAD.066893.VV	6.147e-06	43	0	0	0	2561	Caudoviricetes	NA	NA	NA	NA
k127_434654_2	286	522	237	1	0.616	11	None	NA	NA	NA	0	0	0	1	NA	NA	NA	NA	NA
k127_434654_3	522	992	471	1	0.620	11	GGA/GAG/AGG	GENOMAD.059313.VV	1.046e-26	108	0	0	1	2561	Caudoviricetes	NA	NA	PF05065	Phage capsid family
k127_434654_4	1810	2292	483	-1	0.478	11	GGA/GAG/AGG	NA	NA	NA	0	0	0	1	NA	NA	NA	NA	NA
k127_306049_1	3	437	435	1	0.680	11	None	GENOMAD.068048.VV	4.059e-14	71	0	0	1	2561	Caudoviricetes	NA	NA	PF20307;TIGR03600;K02314;COG0305	phage replicative helicase, DnaB family, HK022 subfamily
k127_306049_2	466	672	207	1	0.662	11	None	NA	NA	NA	0	0	0	1	NA	NA	NA	NA	NA
k127_241163_1	1	621	621	-1	0.717	11	None	GENOMAD.176832.VV	5.582e-08	55	0	0	1	2561	Caudoviricetes	NA	NA	PF03592;K07474;COG3728	Phage terminase, small subunit
k127_241229_1	3	350	348	1	0.727	11	None	NA	NA	NA	0	0	0	1	NA	NA	NA	NA	NA
k127_241229_2	352	573	222	1	0.743	11	GGAG/GAGG	NA	NA	NA	0	0	0	1	NA	NA	NA	NA	NA
k127_241229_3	570	830	261	1	0.709	11	GGA/GAG/AGG	GENOMAD.005095.VV	3.783e-16	74	0	0	1	2561	Caudoviricetes	NA	NA	PF11650	P22 tail accessory factor
k127_241254_1	3	488	486	-1	0.714	11	None	GENOMAD.106114.VV	4.377e-09	57	0	0	1	2561	Caudoviricetes	NA	NA	PF17482;COG3497	Phage tail sheath protein FI
k127_176788_1	1	558	558	1	0.651	11	None	GENOMAD.026355.VV	5.902e-17	81	0	0	1	2561	Caudoviricetes	NA	NA	PF20307;TIGR02238	Divergent DnaB-like ATPase
k127_306328_1	2	124	123	-1	0.756	11	GGA/GAG/AGG	NA	NA	NA	0	0	0	1	NA	NA	NA	NA	NA
k127_306328_2	124	498	375	-1	0.688	11	None	GENOMAD.068048.VV	4.355e-14	70	0	0	1	2561	Caudoviricetes	NA	NA	PF20307;TIGR03600;K02314;COG0305	phage replicative helicase, DnaB family, HK022 subfamily
k127_500343_1	3	437	435	-1	0.464	11	3Base/5BMM	GENOMAD.012458.VV	1.302e-08	55	0	0	1	2561	Caudoviricetes	NA	NA	PF13514;PF06841;TIGR03185;K19171;COG1195	DNA sulfur modification protein DndD
k127_500343_2	434	1216	783	-1	0.469	11	None	NA	NA	NA	0	0	0	1	NA	NA	NA	NA	NA
k127_630079_1	2	430	429	1	0.620	11	None	GENOMAD.208864.VP	2.113e-30	118	0	0	1	2561	Caudoviricetes	NA	NA	PF19307;TIGR01554;COG4653	Phage capsid-like protein
k127_630195_1	1	444	444	-1	0.565	11	None	GENOMAD.121608.VV	4.315e-15	74	0	0	1	2561	Caudoviricetes	NA	NA	PF04466;PF17288;K06909;TIGR01547;COG1783	phage terminase, large subunit, PBSX family
k127_630195_2	431	925	495	-1	0.545	11	None	NA	NA	NA	0	0	0	1	NA	NA	NA	NA	NA
k127_112867_1	2	349	348	-1	0.615	11	None	GENOMAD.212786.VV	4.644e-10	58	0	0	1	2561	Caudoviricetes	NA	NA	PF20307;PF00772;TIGR00665;K02314;COG0305	replicative DNA helicase
k127_113179_1	2	163	162	1	0.685	11	None	NA	NA	NA	0	0	0	1	NA	NA	NA	NA	NA
k127_113179_2	156	911	756	1	0.692	11	GGAGG	GENOMAD.025766.VV	1.243e-09	61	0	0	1	2561	Caudoviricetes	NA	NA	PF03354;COG4373;TIGR01547	Mu-like prophage FluMu protein gp28
k127_436486_1	18	317	300	-1	0.673	11	None	GENOMAD.068048.VV	5.386e-10	57	0	0	1	2561	Caudoviricetes	NA	NA	PF20307;TIGR03600;K02314;COG0305	phage replicative helicase, DnaB family, HK022 subfamily
k127_372858_1	82	555	474	-1	0.641	11	None	GENOMAD.053137.VV	4.689e-18	83	0	0	1	2561	Caudoviricetes	NA	NA	PF17482	Phage tail sheath C-terminal domain
k127_179201_1	3	755	753	-1	0.704	11	AGGAG	GENOMAD.071900.VV	6.419e-86	284	0	0	1	2561	Caudoviricetes	NA	NA	PF13479;TIGR01618;COG2087;K04484	phage nucleotide-binding protein
k127_243956_1	1	336	336	-1	0.723	11	None	GENOMAD.170863.VC	2.369e-07	50	0	0	1	1	NA	NA	NA	PF00944;TIGR02038;COG0265	periplasmic serine pepetdase DegS
k127_179723_1	3	386	384	1	0.661	11	None	GENOMAD.218988.VP	0.0004795	41	0	0	1	1	NA	NA	NA	PF09293	T4 RNase H, C terminal
k127_373651_1	3	482	480	-1	0.721	11	None	GENOMAD.013210.VV	3.138e-14	72	0	0	1	2561	Caudoviricetes	NA	NA	PF00211;PF08994;PF08993;COG2114	Adenylate and Guanylate cyclase catalytic domain; T4 gene Gp59 loader of gp41 DNA helicase C-term; T4 gene Gp59 loader of gp41 DNA helicase
k127_50475_1	2	406	405	1	0.691	11	None	GENOMAD.004420.VV	6.243e-23	96	0	0	1	2561	Caudoviricetes	NA	NA	PF20441;COG5362	Terminase large subunit, endonuclease domain
k127_50475_2	403	468	66	1	0.621	11	None	NA	NA	NA	0	0	0	1	NA	NA	NA	NA	NA
k127_373713_1	2	343	342	-1	0.702	11	GGA/GAG/AGG	GENOMAD.224435.VP	1.247e-06	48	0	0	1	2561	Caudoviricetes	NA	NA	PF04965;K06903;COG3628;TIGR03357	Baseplate wedge protein gp25
k127_373713_2	356	556	201	-1	0.667	11	None	NA	NA	NA	0	0	0	1	NA	NA	NA	NA	NA
k127_568575_1	3	350	348	1	0.681	11	None	GENOMAD.161999.VV	8.009e-29	112	0	0	1	2561	Caudoviricetes	NA	NA	PF05894;K06909;TIGR01547;COG1783	Podovirus DNA encapsidation protein (Gp16)
k127_438645_1	1	849	849	1	0.696	11	None	GENOMAD.065578.VV	7.714e-51	184	0	0	1	2561	Caudoviricetes	NA	NA	PF04860;PF04233;TIGR01537;COG4695;K06904	phage portal protein, HK97 family
k127_309929_1	1	453	453	1	0.673	11	None	GENOMAD.113471.VV	1.95e-34	130	0	0	1	2561	Caudoviricetes	NA	NA	PF04883;TIGR01725	phage protein, HK97 gp10 family
k127_309929_2	457	579	123	1	0.675	11	GGGGG	NA	NA	NA	0	0	0	1	NA	NA	NA	NA	NA
k127_245337_1	1	417	417	-1	0.612	11	None	GENOMAD.028993.VV	1.301e-16	78	0	0	1	2561	Caudoviricetes	NA	NA	PF11134	Phage stabilisation protein
k127_310089_1	123	653	531	1	0.714	11	AGGAG	GENOMAD.071900.VV	1.064e-70	236	0	0	1	2561	Caudoviricetes	NA	NA	PF13479;TIGR01618;COG2087;K04484	phage nucleotide-binding protein
k127_51386_1	3	173	171	1	0.585	11	None	NA	NA	NA	0	0	0	1	NA	NA	NA	NA	NA
k127_51386_2	170	1813	1644	1	0.648	11	GGGGG	GENOMAD.094997.VV	2.402e-10	66	0	0	0	2561	Caudoviricetes	NA	NA	PF16203;K19789;COG3189	Uncharacterized conserved protein YeaO, DUF488 family
k127_51386_3	1810	2622	813	1	0.637	11	None	GENOMAD.147058.VC	4.119e-27	114	0	0	0	2561	Caudoviricetes	NA	NA	PF19898;TIGR00646	NA
k127_115966_1	2	598	597	1	0.677	11	None	GENOMAD.169508.VP	4.682e-11	64	0	0	1	2561	Caudoviricetes	NA	NA	PF04708;PF13262;COG1961;K14060	Site-specific DNA recombinase related to the DNA invertase Pin
k127_310382_1	1	312	312	1	0.554	11	None	GENOMAD.151436.VP	1.613e-08	53	0	0	1	2561	Caudoviricetes	NA	NA	PF17288;TIGR01547;COG1783	phage terminase, large subunit, PBSX family
k127_51723_1	21	713	693	-1	0.677	11	None	GENOMAD.116481.VP	6.037e-49	176	0	0	1	11124	Peduoviridae	NA	NA	K06903;COG3628	Phage baseplate assembly protein W
k127_504269_1	2	385	384	-1	0.661	11	None	GENOMAD.068048.VV	4.23e-16	76	0	0	1	2561	Caudoviricetes	NA	NA	PF20307;TIGR03600;K02314;COG0305	phage replicative helicase, DnaB family, HK022 subfamily
k127_310602_1	2	166	165	-1	0.648	11	GGAGG	GENOMAD.177542.VV	1.811e-16	73	0	0	1	2561	Caudoviricetes	NA	NA	PF05449	Putative 3TM holin, Phage_holin_3
k127_310602_2	171	437	267	-1	0.618	11	None	GENOMAD.180475.VP	9.516e-08	50	0	0	1	11124	Peduoviridae	NA	NA	PF16931	Putative phage holin
k127_310622_1	1	408	408	1	0.615	11	None	GENOMAD.129169.VV	2.117e-08	54	0	0	1	2561	Caudoviricetes	NA	NA	COG4675	Microcystin-dependent protein  (function unknown)
k127_310622_2	425	916	492	1	0.640	11	AGGAG	GENOMAD.181485.VV	1.064e-06	50	0	0	0	2561	Caudoviricetes	NA	NA	NA	NA
k127_569658_1	3	368	366	1	0.708	11	None	GENOMAD.138089.VV	2.896e-50	174	0	0	1	6064	Autographiviridae	NA	NA	PF03237;PF17289;COG5410;TIGR01547	Large terminase phage packaging protein
k127_439809_1	2	328	327	-1	0.602	11	None	GENOMAD.095076.VV	2.94e-20	87	0	0	1	2561	Caudoviricetes	NA	NA	PF12571;COG5301	Phage-related tail fibre protein
k127_116797_1	50	514	465	-1	0.662	11	None	GENOMAD.053137.VV	2.787e-23	98	0	0	1	2561	Caudoviricetes	NA	NA	PF17482	Phage tail sheath C-terminal domain
k127_246470_1	1	774	774	1	0.711	11	None	GENOMAD.057710.VV	2.012e-05	48	0	0	1	2561	Caudoviricetes	NA	NA	PF00589;PF04860;K07358;TIGR01537	Phage integrase family; Phage portal protein
k127_505072_1	2	571	570	1	0.730	11	None	GENOMAD.219105.VP	4.008e-08	55	0	0	1	2561	Caudoviricetes	NA	NA	PF20025;PF01068;K18951;TIGR04120;COG5226	DNA ligase, ATP-dependent, PP_1105 family
k127_311512_1	2	730	729	-1	0.654	11	None	GENOMAD.060259.VV	1.745e-05	48	0	0	1	2561	Caudoviricetes	NA	NA	PF20307;TIGR02236;COG0468;K04484	Divergent DnaB-like ATPase
k127_570519_1	1	363	363	1	0.722	11	None	GENOMAD.153574.VV	2.1e-12	65	0	0	1	2561	Caudoviricetes	NA	NA	PF05065;TIGR01554;COG4653	phage major capsid protein, HK97 family
k127_246980_1	3	419	417	1	0.664	11	None	GENOMAD.053137.VV	9.633e-20	87	0	0	1	2561	Caudoviricetes	NA	NA	PF17482	Phage tail sheath C-terminal domain
k127_246980_2	434	511	78	1	0.603	11	AGGAG/GGAGG	NA	NA	NA	0	0	0	1	NA	NA	NA	NA	NA
k127_440595_1	1	387	387	-1	0.669	11	None	GENOMAD.179265.VV	2.516e-22	94	0	0	1	2561	Caudoviricetes	NA	NA	PF19307;COG4653	Phage capsid-like protein
k127_505656_1	3	278	276	-1	0.649	11	GGAGG	GENOMAD.208864.VP	1.95e-32	121	0	0	1	2561	Caudoviricetes	NA	NA	PF19307;TIGR01554;COG4653	Phage capsid-like protein
k127_117653_1	1	339	339	-1	0.599	11	None	GENOMAD.129999.VP	3.855e-19	84	0	0	1	2561	Caudoviricetes	NA	NA	PF04708;COG1961;K21528	Site-specific DNA recombinase related to the DNA invertase Pin
k127_440842_1	32	499	468	-1	0.419	11	AGGAG	GENOMAD.145242.VV	2.325e-68	228	0	0	1	2790	Microviridae	NA	NA	PF02306	Major spike protein (G protein)
k127_506278_1	1	1467	1467	1	0.671	11	None	GENOMAD.099556.VV	4.646e-66	237	0	0	1	1	NA	NA	NA	PF05133;TIGR01538	phage portal protein, SPP1 family
k127_506278_2	1464	1604	141	1	0.560	11	AGGAGG	NA	NA	NA	0	0	0	1	NA	NA	NA	NA	NA
k127_506375_1	3	368	366	-1	0.669	11	GGAG/GAGG	GENOMAD.082189.VV	1.655e-15	74	0	0	1	2561	Caudoviricetes	NA	NA	PF00959;COG3772	Phage-related lysozyme (muramidase), GH24 family
k127_571582_1	1	576	576	1	0.688	11	None	GENOMAD.053137.VV	6.289e-30	119	0	0	1	2561	Caudoviricetes	NA	NA	PF17482	Phage tail sheath C-terminal domain
k127_248087_1	1	468	468	1	0.699	11	None	GENOMAD.065578.VV	2.532e-25	104	0	0	1	2561	Caudoviricetes	NA	NA	PF04860;PF04233;TIGR01537;COG4695;K06904	phage portal protein, HK97 family
k127_183828_1	2	799	798	-1	0.385	11	None	GENOMAD.160446.VP	4.528e-05	47	0	0	1	2561	Caudoviricetes	NA	NA	PF16790	Bacteriophage clamp loader A subunit
k127_572116_1	1	876	876	1	0.678	11	None	GENOMAD.068048.VV	2.855e-13	73	0	0	1	2561	Caudoviricetes	NA	NA	PF20307;TIGR03600;K02314;COG0305	phage replicative helicase, DnaB family, HK022 subfamily
k127_636859_1	3	377	375	1	0.741	11	None	GENOMAD.123622.VP	5.886e-11	61	0	0	1	2561	Caudoviricetes	NA	NA	PF04586;PF03354;COG4626;K06904;TIGR01543	Phage terminase-like protein, large subunit, contains N-terminal HTH domain
k127_119056_1	3	650	648	-1	0.614	11	None	GENOMAD.125787.VV	3.19e-50	179	0	0	1	2561	Caudoviricetes	NA	NA	PF03354;PF17288;TIGR01547;COG1783;K21523	phage terminase, large subunit, PBSX family
k127_507994_1	1	99	99	1	0.646	11	None	NA	NA	NA	0	0	0	1	NA	NA	NA	NA	NA
k127_507994_2	141	386	246	1	0.602	11	GGGG	GENOMAD.062140.VV	0.0001044	41	0	0	1	1	NA	NA	NA	PF05367	Phage endonuclease I
k127_637897_1	1	336	336	-1	0.685	11	None	GENOMAD.124233.VP	6.737e-21	89	0	0	1	2561	Caudoviricetes	NA	NA	PF03864	Phage major capsid protein E
k127_249746_1	2	274	273	1	0.685	11	None	GENOMAD.134093.VC	7.746e-41	145	0	0	1	2561	Caudoviricetes	NA	NA	PF06199;TIGR02126;COG5437	Phage tail tube protein
k127_249746_2	271	519	249	1	0.743	11	GGxGG	GENOMAD.115235.VV	4.597e-35	128	0	0	1	1	NA	NA	NA	PF11836	Phage tail tube protein, GTA-gp10
k127_443521_1	2	826	825	1	0.690	11	None	GENOMAD.060259.VV	2.361e-05	48	0	0	1	2561	Caudoviricetes	NA	NA	PF20307;TIGR02236;COG0468;K04484	Divergent DnaB-like ATPase
k127_574464_1	3	332	330	-1	0.688	11	None	GENOMAD.068048.VV	1.247e-13	68	0	0	1	2561	Caudoviricetes	NA	NA	PF20307;TIGR03600;K02314;COG0305	phage replicative helicase, DnaB family, HK022 subfamily
k127_186453_1	3	344	342	1	0.696	11	None	GENOMAD.116501.VP	2.429e-16	76	0	0	1	2561	Caudoviricetes	NA	NA	PF05136;TIGR01539;COG5511	phage portal protein, lambda family
k127_575818_1	3	362	360	1	0.667	11	None	GENOMAD.068048.VV	3.401e-15	73	0	0	1	2561	Caudoviricetes	NA	NA	PF20307;TIGR03600;K02314;COG0305	phage replicative helicase, DnaB family, HK022 subfamily
k127_510633_1	3	326	324	-1	0.694	11	None	GENOMAD.147283.VV	3.122e-11	61	0	0	1	2561	Caudoviricetes	NA	NA	PF05119;COG3747;TIGR01558	Phage terminase, small subunit
k127_445817_1	3	383	381	-1	0.604	11	None	GENOMAD.151436.VP	4.876e-14	70	0	0	1	2561	Caudoviricetes	NA	NA	PF17288;TIGR01547;COG1783	phage terminase, large subunit, PBSX family
k127_252315_1	2	118	117	-1	0.701	11	GGAG/GAGG	GENOMAD.134119.VV	2.485e-13	63	0	0	0	2561	Caudoviricetes	NA	NA	NA	NA
k127_252315_2	115	399	285	-1	0.716	11	None	GENOMAD.027407.VV	3.041e-21	89	0	0	1	2561	Caudoviricetes	NA	NA	PF18906	Phage tail tube protein
k127_576185_1	3	380	378	1	0.669	11	None	GENOMAD.068048.VV	7.628e-17	78	0	0	1	2561	Caudoviricetes	NA	NA	PF20307;TIGR03600;K02314;COG0305	phage replicative helicase, DnaB family, HK022 subfamily
k127_511069_1	1	351	351	1	0.652	11	None	GENOMAD.105991.VV	6.86e-39	141	0	0	1	2561	Caudoviricetes	NA	NA	PF05136;TIGR01539;COG5511	phage portal protein, lambda family
k127_252766_1	124	588	465	1	0.677	11	AGGAG	GENOMAD.063098.VV	3.954e-06	48	0	0	1	2561	Caudoviricetes	NA	NA	PF11126	Transcriptional regulator DsbA
k127_382426_1	3	1082	1080	-1	0.676	11	None	GENOMAD.068048.VV	2.657e-12	71	0	0	1	2561	Caudoviricetes	NA	NA	PF20307;TIGR03600;K02314;COG0305	phage replicative helicase, DnaB family, HK022 subfamily
k127_59593_1	3	509	507	-1	0.702	11	None	GENOMAD.068048.VV	6.597e-19	86	0	0	1	2561	Caudoviricetes	NA	NA	PF20307;TIGR03600;K02314;COG0305	phage replicative helicase, DnaB family, HK022 subfamily
k127_59639_1	3	2078	2076	1	0.637	11	None	GENOMAD.091847.VV	1.066e-48	190	0	0	0	2561	Caudoviricetes	NA	NA	COG3401;K06882	Fibronectin type 3 domain
k127_59639_2	2075	3163	1089	1	0.608	11	AGGAGG	GENOMAD.141124.VV	8.861e-10	63	0	0	0	2561	Caudoviricetes	NA	NA	PF02973	NA
k127_577420_1	2	409	408	1	0.696	11	None	GENOMAD.053137.VV	4.231e-28	111	0	0	1	2561	Caudoviricetes	NA	NA	PF17482	Phage tail sheath C-terminal domain
k127_59754_1	1	336	336	1	0.628	11	None	GENOMAD.224435.VP	2.802e-05	44	0	0	1	2561	Caudoviricetes	NA	NA	PF04965;K06903;COG3628;TIGR03357	Baseplate wedge protein gp25
k127_447785_1	1	321	321	1	0.707	11	None	GENOMAD.068048.VV	3.312e-10	58	0	0	1	2561	Caudoviricetes	NA	NA	PF20307;TIGR03600;K02314;COG0305	phage replicative helicase, DnaB family, HK022 subfamily
k127_642393_1	3	434	432	-1	0.676	11	None	GENOMAD.065578.VV	6.47e-27	108	0	0	1	2561	Caudoviricetes	NA	NA	PF04860;PF04233;TIGR01537;COG4695;K06904	phage portal protein, HK97 family
k127_512587_1	3	467	465	-1	0.454	11	None	GENOMAD.013210.VV	7.59e-21	91	0	0	1	2561	Caudoviricetes	NA	NA	PF00211;PF08994;PF08993;COG2114	Adenylate and Guanylate cyclase catalytic domain; T4 gene Gp59 loader of gp41 DNA helicase C-term; T4 gene Gp59 loader of gp41 DNA helicase
k127_642546_1	2	433	432	-1	0.674	11	None	GENOMAD.068048.VV	3.186e-05	45	0	0	1	2561	Caudoviricetes	NA	NA	PF20307;TIGR03600;K02314;COG0305	phage replicative helicase, DnaB family, HK022 subfamily
k127_642793_1	2	415	414	-1	0.659	11	None	GENOMAD.068048.VV	2.027e-10	60	0	0	1	2561	Caudoviricetes	NA	NA	PF20307;TIGR03600;K02314;COG0305	phage replicative helicase, DnaB family, HK022 subfamily
k127_383932_1	94	1380	1287	-1	0.604	11	None	GENOMAD.013210.VV	2.952e-52	194	0	0	1	2561	Caudoviricetes	NA	NA	PF00211;PF08994;PF08993;COG2114	Adenylate and Guanylate cyclase catalytic domain; T4 gene Gp59 loader of gp41 DNA helicase C-term; T4 gene Gp59 loader of gp41 DNA helicase
k127_190994_1	3	956	954	1	0.627	11	None	GENOMAD.068048.VV	2.045e-14	77	0	0	1	2561	Caudoviricetes	NA	NA	PF20307;TIGR03600;K02314;COG0305	phage replicative helicase, DnaB family, HK022 subfamily
k127_579780_1	2	316	315	1	0.698	11	None	GENOMAD.070325.VV	2.217e-05	44	0	0	1	1	NA	NA	NA	PF09293	T4 RNase H, C terminal
k127_320637_1	2	421	420	-1	0.712	11	None	GENOMAD.110661.VV	6.927e-33	125	0	0	1	1	NA	NA	NA	PF07471;COG4220;K22014	Phage DNA packaging protein, Nu1 subunit of terminase
k127_644321_1	1	375	375	1	0.667	11	None	GENOMAD.138089.VV	4.102e-56	191	0	0	1	6064	Autographiviridae	NA	NA	PF03237;PF17289;COG5410;TIGR01547	Large terminase phage packaging protein
k127_514693_1	3	491	489	1	0.665	11	None	GENOMAD.008292.VV	2.564e-28	113	0	0	1	2561	Caudoviricetes	NA	NA	PF11134	Phage stabilisation protein
k127_514742_1	3	389	387	1	0.672	11	None	GENOMAD.218988.VP	2.134e-05	45	0	0	1	1	NA	NA	NA	PF09293	T4 RNase H, C terminal
k127_62315_1	2	694	693	-1	0.443	11	GGA/GAG/AGG	GENOMAD.012458.VV	3.911e-08	56	0	0	1	2561	Caudoviricetes	NA	NA	PF13514;PF06841;TIGR03185;K19171;COG1195	DNA sulfur modification protein DndD
k127_62315_2	691	1500	810	-1	0.433	11	None	NA	NA	NA	0	0	0	1	NA	NA	NA	NA	NA
k127_256775_1	1	366	366	1	0.678	11	None	GENOMAD.075466.VV	1.027e-20	89	0	0	1	2561	Caudoviricetes	NA	NA	PF05133;TIGR01538;COG5511	phage portal protein, SPP1 family
k127_321339_1	2	217	216	1	0.741	11	None	GENOMAD.080031.VV	8.005e-17	75	0	0	0	2561	Caudoviricetes	NA	NA	PF02924	Bacteriophage lambda head decoration protein D
k127_321339_2	251	520	270	1	0.652	11	GGAG/GAGG	GENOMAD.207396.VP	5.152e-07	48	0	0	1	2561	Caudoviricetes	NA	NA	PF10109	Phage tail assembly chaperone proteins, E, or 41 or 14
k127_127373_1	3	617	615	1	0.715	11	None	GENOMAD.068590.VV	7.553e-23	99	0	0	1	2561	Caudoviricetes	NA	NA	PF13871;PF11242;K11654;TIGR00721	C-terminal domain on Strawberry notch homologue
k127_192973_1	1	453	453	1	0.678	11	None	GENOMAD.060259.VV	8.185e-05	44	0	0	1	2561	Caudoviricetes	NA	NA	PF20307;TIGR02236;COG0468;K04484	Divergent DnaB-like ATPase
k127_63248_1	3	356	354	-1	0.647	11	None	GENOMAD.054986.VV	2.458e-09	56	0	0	1	2561	Caudoviricetes	NA	NA	PF09293	T4 RNase H, C terminal
k127_516405_1	3	356	354	-1	0.686	11	None	GENOMAD.119462.VV	3.457e-14	70	0	0	1	2561	Caudoviricetes	NA	NA	TIGR01543	phage prohead protease, HK97 family
k127_64017_1	91	564	474	1	0.643	11	3Base/5BMM	GENOMAD.132521.VP	5.52e-35	132	0	0	1	2561	Caudoviricetes	NA	NA	PF04717;COG4540;TIGR01644	Phage P2 baseplate assembly protein gpV
k127_64098_1	2	556	555	1	0.582	11	None	GENOMAD.057710.VV	3.432e-05	46	0	0	1	2561	Caudoviricetes	NA	NA	PF00589;PF04860;K07358;TIGR01537	Phage integrase family; Phage portal protein
k127_64098_2	553	645	93	1	0.624	11	None	NA	NA	NA	0	0	0	1	NA	NA	NA	NA	NA
k127_258299_1	2	277	276	-1	0.703	11	None	GENOMAD.079366.VV	2.496e-22	92	0	0	1	1	NA	NA	NA	PF11836	Phage tail tube protein, GTA-gp10
k127_258299_2	280	576	297	-1	0.636	11	None	GENOMAD.131148.VV	2.872e-31	118	0	0	1	1	NA	NA	NA	PF06199;TIGR02126;COG5437	phage major tail protein, TP901-1 family
k127_128543_1	1	339	339	1	0.693	11	None	GENOMAD.168120.VP	3.127e-13	67	0	0	1	2561	Caudoviricetes	NA	NA	PF05119;COG3747;TIGR01558	Phage terminase, small subunit
k127_258576_1	2	439	438	1	0.710	11	None	GENOMAD.127022.VV	7.588e-17	79	0	0	1	2561	Caudoviricetes	NA	NA	PF04586;K06904;COG3740;TIGR01543	Phage head maturation protease
k127_387849_1	3	200	198	-1	0.747	11	GGAG/GAGG	NA	NA	NA	0	0	0	1	NA	NA	NA	NA	NA
k127_387849_2	233	685	453	-1	0.645	11	AGGA	NA	NA	NA	0	0	0	1	NA	NA	NA	NA	NA
k127_387849_3	710	1276	567	-1	0.672	11	None	GENOMAD.053137.VV	5.629e-30	119	0	0	1	2561	Caudoviricetes	NA	NA	PF17482	Phage tail sheath C-terminal domain
k127_388038_1	3	893	891	1	0.627	11	None	GENOMAD.068048.VV	1.719e-17	86	0	0	1	2561	Caudoviricetes	NA	NA	PF20307;TIGR03600;K02314;COG0305	phage replicative helicase, DnaB family, HK022 subfamily
k127_388038_2	863	997	135	-1	0.674	11	None	NA	NA	NA	0	0	0	1	NA	NA	NA	NA	NA
