gene	start	end	length	strand	gc_content	genetic_code	rbs_motif	marker	evalue	bitscore	uscg	plasmid_hallmark	virus_hallmark	taxid	taxname	annotation_conjscan	annotation_amr	annotation_accessions	annotation_description
k127_339136_1	3	500	498	-1	0.440	11	None	GENOMAD.002040.VV	4.485e-58	199	0	0	1	2561	Caudoviricetes	NA	NA	PF06488	Phage tail tube protein
k127_136202_1	2	382	381	1	0.669	11	None	GENOMAD.196158.VP	2.401e-13	68	0	0	1	2561	Caudoviricetes	NA	NA	PF11242	NA
k127_68685_1	1	756	756	-1	0.705	11	AGGAG	GENOMAD.013210.VV	6.87e-14	74	0	0	1	2561	Caudoviricetes	NA	NA	PF00211;PF08994;PF08993;COG2114	Adenylate and Guanylate cyclase catalytic domain; T4 gene Gp59 loader of gp41 DNA helicase C-term; T4 gene Gp59 loader of gp41 DNA helicase
k127_339811_1	3	353	351	1	0.655	11	None	GENOMAD.068048.VV	5.32e-17	78	0	0	1	2561	Caudoviricetes	NA	NA	PF20307;TIGR03600;K02314;COG0305	phage replicative helicase, DnaB family, HK022 subfamily
k127_339811_2	353	454	102	1	0.676	11	None	NA	NA	NA	0	0	0	1	NA	NA	NA	NA	NA
k127_272318_1	1	633	633	-1	0.679	11	AGGAG	GENOMAD.033727.VV	4.159e-23	100	0	0	1	2561	Caudoviricetes	NA	NA	PF05133;TIGR01538	phage portal protein, SPP1 family
k127_1930_1	3	752	750	-1	0.689	11	None	GENOMAD.013210.VV	2.732e-23	102	0	0	1	2561	Caudoviricetes	NA	NA	PF00211;PF08994;PF08993;COG2114	Adenylate and Guanylate cyclase catalytic domain; T4 gene Gp59 loader of gp41 DNA helicase C-term; T4 gene Gp59 loader of gp41 DNA helicase
k127_475951_1	3	311	309	1	0.706	11	None	GENOMAD.072479.VV	4.189e-06	46	0	0	1	1	NA	NA	NA	PF20198	Sm_like domain
k127_476462_1	3	89	87	1	0.713	11	None	NA	NA	NA	0	0	0	1	NA	NA	NA	NA	NA
k127_476462_2	176	334	159	-1	0.748	11	None	GENOMAD.186111.VV	6.05e-05	40	0	0	1	1	NA	NA	NA	PF11242;TIGR00721;COG4584	DNA-binding protein, Tfx family
k127_273763_1	1	474	474	-1	0.688	11	None	GENOMAD.068590.VV	2.004e-06	49	0	0	1	2561	Caudoviricetes	NA	NA	PF13871;PF11242;K11654;TIGR00721	C-terminal domain on Strawberry notch homologue
k127_70840_1	97	1485	1389	-1	0.615	11	GGGGT	GENOMAD.000175.VV	2.115e-07	56	0	0	1	8305	Partitiviridae	NA	NA	PF00680;COG3344	Viral RNA-dependent RNA polymerase
k127_613336_1	3	359	357	-1	0.583	11	GGCGG	GENOMAD.078680.VV	4.327e-12	64	0	0	1	2561	Caudoviricetes	NA	NA	PF09588;TIGR03033;COG5377	putative phage-type endonuclease
k127_613336_2	530	1873	1344	-1	0.664	11	None	NA	NA	NA	0	0	0	1	NA	NA	NA	NA	NA
k127_275254_1	3	638	636	-1	0.675	11	None	GENOMAD.026355.VV	8.897e-24	102	0	0	1	2561	Caudoviricetes	NA	NA	PF20307;TIGR02238	Divergent DnaB-like ATPase
k127_207125_1	1	654	654	-1	0.618	11	None	GENOMAD.022372.VV	1.564e-11	66	0	0	1	2561	Caudoviricetes	NA	NA	PF04708;COG1961;K14060	Site-specific DNA recombinase related to the DNA invertase Pin
k127_4498_1	2	532	531	-1	0.704	11	None	GENOMAD.132745.VP	1.389e-08	56	0	0	1	2561	Caudoviricetes	NA	NA	TIGR01760	phage tail tape measure protein, TP901 family, core region
k127_4697_1	3	326	324	1	0.735	11	None	GENOMAD.071900.VV	2.726e-44	156	0	0	1	2561	Caudoviricetes	NA	NA	PF13479;TIGR01618;COG2087;K04484	phage nucleotide-binding protein
k127_207461_1	224	1465	1242	1	0.709	11	GGA/GAG/AGG	GENOMAD.037388.VV	0.0001037	47	0	0	1	2561	Caudoviricetes	NA	NA	PF16510;PF10030	Phage P22-like portal protein
k127_478825_1	3	644	642	1	0.676	11	None	GENOMAD.068048.VV	6.458e-13	70	0	0	1	2561	Caudoviricetes	NA	NA	PF20307;TIGR03600;K02314;COG0305	phage replicative helicase, DnaB family, HK022 subfamily
k127_343819_1	21	1256	1236	1	0.657	11	GGA/GAG/AGG	GENOMAD.130062.VP	2.099e-29	125	0	0	1	2561	Caudoviricetes	NA	NA	PF17288;COG5410	Phage terminase large subunit
k127_614584_1	118	759	642	-1	0.673	11	None	GENOMAD.068048.VV	6.219e-15	76	0	0	1	2561	Caudoviricetes	NA	NA	PF20307;TIGR03600;K02314;COG0305	phage replicative helicase, DnaB family, HK022 subfamily
k127_140272_1	3	701	699	-1	0.687	11	None	GENOMAD.013210.VV	2.028e-18	87	0	0	1	2561	Caudoviricetes	NA	NA	PF00211;PF08994;PF08993;COG2114	Adenylate and Guanylate cyclase catalytic domain; T4 gene Gp59 loader of gp41 DNA helicase C-term; T4 gene Gp59 loader of gp41 DNA helicase
k127_276400_1	2	631	630	-1	0.689	11	None	GENOMAD.012923.VV	5.397e-17	82	0	0	1	2561	Caudoviricetes	NA	NA	PF20441	Terminase large subunit, endonuclease domain
k127_72804_1	1	507	507	-1	0.671	11	AGGAG	GENOMAD.009067.VV	5.347e-66	222	0	0	1	2561	Caudoviricetes	NA	NA	PF03354;COG4626	Phage terminase-like protein, large subunit, contains N-terminal HTH domain
k127_140904_1	3	779	777	1	0.712	11	None	GENOMAD.054986.VV	4.744e-06	50	0	0	1	2561	Caudoviricetes	NA	NA	PF09293	T4 RNase H, C terminal
k127_479932_1	3	419	417	1	0.698	11	None	GENOMAD.042265.VV	1.222e-06	49	0	0	1	2561	Caudoviricetes	NA	NA	PF20307;TIGR02237;COG0468;K04485	Divergent DnaB-like ATPase
k127_141244_1	1	1020	1020	-1	0.668	11	None	GENOMAD.068048.VV	1.757e-10	65	0	0	1	2561	Caudoviricetes	NA	NA	PF20307;TIGR03600;K02314;COG0305	phage replicative helicase, DnaB family, HK022 subfamily
k127_73972_1	2	526	525	1	0.693	11	None	GENOMAD.008676.VV	1.438e-40	149	0	0	1	2561	Caudoviricetes	NA	NA	PF20441;COG4626;TIGR01547	Phage terminase-like protein, large subunit, contains N-terminal HTH domain
k127_616362_1	1	60	60	-1	0.817	11	AGxAG	NA	NA	NA	0	0	0	1	NA	NA	NA	NA	NA
k127_616362_2	57	485	429	-1	0.723	11	None	GENOMAD.224435.VP	6.603e-05	44	0	0	1	2561	Caudoviricetes	NA	NA	PF04965;K06903;COG3628;TIGR03357	Baseplate wedge protein gp25
k127_209544_1	1	357	357	1	0.689	11	None	NA	NA	NA	0	0	0	1	NA	NA	NA	NA	NA
k127_209544_2	330	788	459	1	0.671	11	GGA/GAG/AGG	GENOMAD.023435.VV	6.788e-21	91	0	0	1	2561	Caudoviricetes	NA	NA	PF05065;TIGR01554;COG4653	phage major capsid protein, HK97 family
k127_7637_1	3	416	414	-1	0.700	11	None	GENOMAD.099865.VV	2.467e-07	51	0	0	1	2561	Caudoviricetes	NA	NA	PF04466;PF17289;TIGR01547;COG5323;K06909	phage terminase, large subunit, PBSX family
k127_278765_1	2	421	420	-1	0.633	11	None	GENOMAD.060259.VV	2.614e-07	51	0	0	1	2561	Caudoviricetes	NA	NA	PF20307;TIGR02236;COG0468;K04484	Divergent DnaB-like ATPase
k127_210229_1	3	587	585	1	0.715	11	None	GENOMAD.023316.VV	3.348e-18	85	0	0	1	2561	Caudoviricetes	NA	NA	PF03167;PF18906;TIGR00758;COG1573;K21929	uracil-DNA glycosylase, family 4
k127_279248_1	3	335	333	1	0.643	11	None	GENOMAD.213311.VP	1.065e-15	74	0	0	1	2561	Caudoviricetes	NA	NA	PF09681;TIGR01714	N-terminal phage replisome organiser (Phage_rep_org_N)
k127_143722_1	2	445	444	-1	0.579	11	None	GENOMAD.169508.VP	5.838e-21	91	0	0	1	2561	Caudoviricetes	NA	NA	PF04708;PF13262;COG1961;K14060	Site-specific DNA recombinase related to the DNA invertase Pin
k127_279946_1	2	406	405	-1	0.659	11	None	GENOMAD.208864.VP	2.511e-33	126	0	0	1	2561	Caudoviricetes	NA	NA	PF19307;TIGR01554;COG4653	Phage capsid-like protein
k127_550128_1	2	421	420	1	0.629	11	None	GENOMAD.068048.VV	7.202e-15	73	0	0	1	2561	Caudoviricetes	NA	NA	PF20307;TIGR03600;K02314;COG0305	phage replicative helicase, DnaB family, HK022 subfamily
k127_211940_1	1	402	402	1	0.642	11	None	GENOMAD.068048.VV	6.307e-14	70	0	0	1	2561	Caudoviricetes	NA	NA	PF20307;TIGR03600;K02314;COG0305	phage replicative helicase, DnaB family, HK022 subfamily
k127_144489_1	431	1018	588	1	0.592	11	GGAGG	GENOMAD.000175.VV	8.884e-05	45	0	0	1	8305	Partitiviridae	NA	NA	PF00680;COG3344	Viral RNA-dependent RNA polymerase
k127_483136_1	2	307	306	1	0.637	11	None	GENOMAD.208864.VP	3.461e-31	118	0	0	1	2561	Caudoviricetes	NA	NA	PF19307;TIGR01554;COG4653	Phage capsid-like protein
k127_10068_1	2	601	600	1	0.683	11	None	GENOMAD.075466.VV	1.705e-76	254	0	0	1	2561	Caudoviricetes	NA	NA	PF05133;TIGR01538;COG5511	phage portal protein, SPP1 family
k127_620052_1	2	334	333	1	0.649	11	None	GENOMAD.068048.VV	1.298e-13	68	0	0	1	2561	Caudoviricetes	NA	NA	PF20307;TIGR03600;K02314;COG0305	phage replicative helicase, DnaB family, HK022 subfamily
k127_212740_1	1	540	540	-1	0.730	11	None	GENOMAD.071900.VV	1.478e-42	155	0	0	1	2561	Caudoviricetes	NA	NA	PF13479;TIGR01618;COG2087;K04484	phage nucleotide-binding protein
k127_483722_1	3	356	354	1	0.695	11	None	GENOMAD.179239.VC	1.709e-13	68	0	0	1	2561	Caudoviricetes	NA	NA	PF04860;TIGR01537;COG4695	phage portal protein, HK97 family
k127_349078_1	2	394	393	1	0.712	11	None	GENOMAD.053137.VV	7.317e-20	87	0	0	1	2561	Caudoviricetes	NA	NA	PF17482	Phage tail sheath C-terminal domain
k127_212995_1	1	321	321	1	0.623	11	None	GENOMAD.158172.VP	2.225e-14	70	0	0	1	2561	Caudoviricetes	NA	NA	PF04466;TIGR01547;COG5323	phage terminase, large subunit, PBSX family
k127_484159_1	24	485	462	1	0.686	11	GGAGG	GENOMAD.009067.VV	7.259e-64	215	0	0	1	2561	Caudoviricetes	NA	NA	PF03354;COG4626	Phage terminase-like protein, large subunit, contains N-terminal HTH domain
k127_78037_1	1	444	444	-1	0.412	11	None	GENOMAD.032961.VV	1.792e-34	130	0	0	1	2561	Caudoviricetes	NA	NA	PF13479;TIGR01618;COG2087;K04484	phage nucleotide-binding protein
k127_282263_1	1	342	342	1	0.547	11	None	GENOMAD.028657.VV	1.352e-05	45	0	0	1	1	NA	NA	NA	PF17288	Terminase RNAseH like domain
k127_213636_1	3	731	729	-1	0.743	11	None	GENOMAD.068590.VV	2.682e-15	78	0	0	1	2561	Caudoviricetes	NA	NA	PF13871;PF11242;K11654;TIGR00721	C-terminal domain on Strawberry notch homologue
k127_485052_1	3	269	267	1	0.592	11	None	GENOMAD.002594.VV	9.858e-15	70	0	0	1	2561	Caudoviricetes	NA	NA	PF19905	NA
k127_485052_2	266	403	138	1	0.529	11	GGxGG	NA	NA	NA	0	0	0	1	NA	NA	NA	NA	NA
k127_79882_1	2	841	840	1	0.588	11	None	GENOMAD.000175.VV	2.459e-05	48	0	0	1	8305	Partitiviridae	NA	NA	PF00680;COG3344	Viral RNA-dependent RNA polymerase
k127_13396_1	2	349	348	-1	0.690	11	None	GENOMAD.068048.VV	1.437e-14	71	0	0	1	2561	Caudoviricetes	NA	NA	PF20307;TIGR03600;K02314;COG0305	phage replicative helicase, DnaB family, HK022 subfamily
k127_80533_1	1	798	798	1	0.738	11	None	GENOMAD.013210.VV	4.271e-16	81	0	0	1	2561	Caudoviricetes	NA	NA	PF00211;PF08994;PF08993;COG2114	Adenylate and Guanylate cyclase catalytic domain; T4 gene Gp59 loader of gp41 DNA helicase C-term; T4 gene Gp59 loader of gp41 DNA helicase
k127_14481_1	1	333	333	-1	0.748	11	None	GENOMAD.172137.VP	2.495e-06	47	0	0	1	2561	Caudoviricetes	NA	NA	PF07141;COG3728;TIGR02036	Putative bacteriophage terminase small subunit
k127_14964_1	3	560	558	-1	0.686	11	None	GENOMAD.169508.VP	6.546e-15	75	0	0	1	2561	Caudoviricetes	NA	NA	PF04708;PF13262;COG1961;K14060	Site-specific DNA recombinase related to the DNA invertase Pin
k127_15870_1	1	2499	2499	1	0.646	11	None	GENOMAD.136021.VV	3.302e-05	50	0	0	0	2561	Caudoviricetes	NA	NA	PF18454	Major tropism determinant N-terminal domain
k127_15870_2	2563	2868	306	1	0.595	11	AGGAG	NA	NA	NA	0	0	0	1	NA	NA	NA	NA	NA
k127_625875_1	3	302	300	1	0.697	11	None	GENOMAD.068048.VV	1.349e-16	76	0	0	1	2561	Caudoviricetes	NA	NA	PF20307;TIGR03600;K02314;COG0305	phage replicative helicase, DnaB family, HK022 subfamily
k127_489083_1	3	491	489	-1	0.646	11	None	GENOMAD.169508.VP	3.313e-25	104	0	0	1	2561	Caudoviricetes	NA	NA	PF04708;PF13262;COG1961;K14060	Site-specific DNA recombinase related to the DNA invertase Pin
k127_16592_1	3	542	540	1	0.613	11	None	GENOMAD.061466.VV	3.095e-10	61	0	0	1	2561	Caudoviricetes	NA	NA	PF09293;TIGR00593;K23786;COG0258	DNA polymerase I
k127_489607_1	3	311	309	-1	0.702	11	None	GENOMAD.085901.VV	7.693e-08	51	0	0	1	1	NA	NA	NA	PF08804;K18946	gp32 DNA binding protein like
k127_626687_1	3	446	444	-1	0.709	11	None	GENOMAD.118632.VP	7.144e-07	50	0	0	1	2561	Caudoviricetes	NA	NA	PF00476;PF07141	DNA polymerase family A; Putative bacteriophage terminase small subunit
k127_626735_1	1	381	381	1	0.690	11	None	GENOMAD.054986.VV	4.163e-06	47	0	0	1	2561	Caudoviricetes	NA	NA	PF09293	T4 RNase H, C terminal
k127_489842_1	1	393	393	1	0.659	11	None	GENOMAD.068048.VV	2.137e-16	77	0	0	1	2561	Caudoviricetes	NA	NA	PF20307;TIGR03600;K02314;COG0305	phage replicative helicase, DnaB family, HK022 subfamily
k127_490062_1	3	518	516	-1	0.684	11	None	GENOMAD.042265.VV	5.896e-07	51	0	0	1	2561	Caudoviricetes	NA	NA	PF20307;TIGR02237;COG0468;K04485	Divergent DnaB-like ATPase
k127_422136_1	1	450	450	-1	0.704	11	None	GENOMAD.072479.VV	3.449e-07	51	0	0	1	1	NA	NA	NA	PF20198	Sm_like domain
k127_627562_1	2	334	333	1	0.661	11	None	GENOMAD.012923.VV	2.507e-22	93	0	0	1	2561	Caudoviricetes	NA	NA	PF20441	Terminase large subunit, endonuclease domain
k127_490592_1	2	571	570	1	0.691	11	None	GENOMAD.101146.VC	8.542e-07	51	0	0	1	2561	Caudoviricetes	NA	NA	PF09293;TIGR00593;K18950;COG0258	DNA polymerase I
k127_356611_1	3	554	552	1	0.694	11	None	GENOMAD.068590.VV	5.693e-16	78	0	0	1	2561	Caudoviricetes	NA	NA	PF13871;PF11242;K11654;TIGR00721	C-terminal domain on Strawberry notch homologue
k127_558823_1	1	480	480	-1	0.546	11	None	GENOMAD.113173.VV	4.454e-07	51	0	0	1	2561	Caudoviricetes	NA	NA	PF04233;TIGR01641	phage putative head morphogenesis protein, SPP1 gp7 family
k127_289376_1	70	1176	1107	-1	0.675	11	None	GENOMAD.053137.VV	1.977e-32	133	0	0	1	2561	Caudoviricetes	NA	NA	PF17482	Phage tail sheath C-terminal domain
k127_628683_1	3	794	792	-1	0.660	11	None	GENOMAD.154319.VP	4.45e-05	47	0	0	1	2561	Caudoviricetes	NA	NA	PF05876;K21512;COG5525	Phage terminase, large subunit GpA
k127_491589_1	1	420	420	1	0.671	11	None	GENOMAD.053137.VV	3.135e-24	100	0	0	1	2561	Caudoviricetes	NA	NA	PF17482	Phage tail sheath C-terminal domain
k127_491589_2	432	599	168	1	0.679	11	AGGAG	NA	NA	NA	0	0	0	1	NA	NA	NA	NA	NA
k127_491736_1	202	471	270	-1	0.626	11	None	GENOMAD.063098.VV	2.215e-07	49	0	0	1	2561	Caudoviricetes	NA	NA	PF11126	Transcriptional regulator DsbA
k127_559557_1	56	424	369	1	0.715	11	GGAGG	GENOMAD.016789.VV	8.125e-06	46	0	0	1	2561	Caudoviricetes	NA	NA	K21531	NA
k127_423750_1	2	400	399	1	0.729	11	None	GENOMAD.053137.VV	3.251e-21	91	0	0	1	2561	Caudoviricetes	NA	NA	PF17482	Phage tail sheath C-terminal domain
k127_19655_1	52	507	456	-1	0.616	11	GGAGG	GENOMAD.063098.VV	1.621e-07	52	0	0	1	2561	Caudoviricetes	NA	NA	PF11126	Transcriptional regulator DsbA
k127_629251_1	2	328	327	1	0.752	11	None	GENOMAD.167295.VP	6.553e-12	63	0	0	1	2561	Caudoviricetes	NA	NA	PF13539;TIGR01537	D-alanyl-D-alanine carboxypeptidase
k127_492114_1	121	585	465	1	0.645	11	GGA/GAG/AGG	GENOMAD.069239.VV	3.761e-63	213	0	0	1	1	NA	NA	NA	PF16460	NA
k127_153552_1	1	372	372	-1	0.699	11	None	GENOMAD.011465.VV	5.208e-12	64	0	0	1	2561	Caudoviricetes	NA	NA	PF05133;TIGR01538	phage portal protein, SPP1 family
k127_561361_1	3	332	330	1	0.703	11	None	GENOMAD.007317.VV	6.553e-12	63	0	0	1	2561	Caudoviricetes	NA	NA	PF12206;COG5614;TIGR01563	Minor capsid protein
k127_561361_2	335	523	189	1	0.693	11	GGAGG	NA	NA	NA	0	0	0	1	NA	NA	NA	NA	NA
k127_154973_1	2	340	339	-1	0.729	11	AGGAG/GGAGG	GENOMAD.039919.VV	1.205e-06	48	0	0	1	2561	Caudoviricetes	NA	NA	COG3497	Phage tail sheath protein FI
k127_154973_2	446	550	105	-1	0.619	11	None	NA	NA	NA	0	0	0	1	NA	NA	NA	NA	NA
k127_493931_1	2	862	861	1	0.707	11	None	GENOMAD.013210.VV	7.012e-22	99	0	0	1	2561	Caudoviricetes	NA	NA	PF00211;PF08994;PF08993;COG2114	Adenylate and Guanylate cyclase catalytic domain; T4 gene Gp59 loader of gp41 DNA helicase C-term; T4 gene Gp59 loader of gp41 DNA helicase
k127_562347_1	2	334	333	1	0.700	11	None	GENOMAD.111208.VP	1.59e-19	85	0	0	1	2561	Caudoviricetes	NA	NA	PF20441	Terminase large subunit, endonuclease domain
k127_632214_1	2	388	387	1	0.726	11	None	GENOMAD.187216.VV	7.416e-19	84	0	0	1	1	NA	NA	NA	PF16945	Putative lactococcus lactis phage r1t holin
k127_632356_1	1	360	360	1	0.658	11	None	GENOMAD.068048.VV	7.272e-15	72	0	0	1	2561	Caudoviricetes	NA	NA	PF20307;TIGR03600;K02314;COG0305	phage replicative helicase, DnaB family, HK022 subfamily
k127_632356_2	329	1075	747	1	0.708	11	None	NA	NA	NA	0	0	0	1	NA	NA	NA	NA	NA
k127_632356_3	1104	1514	411	1	0.686	11	None	GENOMAD.067736.VV	8.238e-12	64	0	0	0	2561	Caudoviricetes	NA	NA	PF00709;PF13186;COG0104;TIGR00184	Adenylosuccinate synthase
k127_88786_1	1	432	432	1	0.657	11	None	GENOMAD.035993.VV	6.698e-06	47	0	0	1	2561	Caudoviricetes	NA	NA	PF09684;TIGR01634;COG4385	phage tail protein, P2 protein I family
k127_361629_1	1	336	336	1	0.661	11	None	GENOMAD.068048.VV	2.581e-06	47	0	0	1	2561	Caudoviricetes	NA	NA	PF20307;TIGR03600;K02314;COG0305	phage replicative helicase, DnaB family, HK022 subfamily
k127_293984_1	1	450	450	-1	0.696	11	None	GENOMAD.068048.VV	9.467e-16	76	0	0	1	2561	Caudoviricetes	NA	NA	PF20307;TIGR03600;K02314;COG0305	phage replicative helicase, DnaB family, HK022 subfamily
k127_632728_1	1	543	543	1	0.678	11	None	GENOMAD.068048.VV	9.21e-20	89	0	0	1	2561	Caudoviricetes	NA	NA	PF20307;TIGR03600;K02314;COG0305	phage replicative helicase, DnaB family, HK022 subfamily
k127_294425_1	137	973	837	-1	0.618	11	None	GENOMAD.068048.VV	5.482e-16	81	0	0	1	2561	Caudoviricetes	NA	NA	PF20307;TIGR03600;K02314;COG0305	phage replicative helicase, DnaB family, HK022 subfamily
k127_633172_1	3	470	468	-1	0.615	11	None	GENOMAD.096254.VV	1.944e-28	113	0	0	1	2561	Caudoviricetes	NA	NA	PF05136;TIGR01539;COG5511	phage portal protein, lambda family
k127_427627_1	1	387	387	1	0.667	11	None	GENOMAD.068048.VV	2.086e-15	74	0	0	1	2561	Caudoviricetes	NA	NA	PF20307;TIGR03600;K02314;COG0305	phage replicative helicase, DnaB family, HK022 subfamily
k127_427627_2	390	488	99	1	0.717	11	GGA/GAG/AGG	NA	NA	NA	0	0	0	1	NA	NA	NA	NA	NA
k127_157384_1	3	386	384	1	0.612	11	None	GENOMAD.170348.VP	9.394e-16	75	0	0	1	2561	Caudoviricetes	NA	NA	COG5362	Phage terminase large subunit
k127_496068_1	3	311	309	1	0.644	11	None	GENOMAD.158172.VP	4.657e-13	66	0	0	1	2561	Caudoviricetes	NA	NA	PF04466;TIGR01547;COG5323	phage terminase, large subunit, PBSX family
k127_362584_1	3	764	762	-1	0.686	11	None	GENOMAD.068048.VV	2.559e-08	57	0	0	1	2561	Caudoviricetes	NA	NA	PF20307;TIGR03600;K02314;COG0305	phage replicative helicase, DnaB family, HK022 subfamily
k127_24386_1	2	583	582	-1	0.649	11	None	GENOMAD.068048.VV	9.394e-09	57	0	0	1	2561	Caudoviricetes	NA	NA	PF20307;TIGR03600;K02314;COG0305	phage replicative helicase, DnaB family, HK022 subfamily
k127_363284_1	2	427	426	1	0.488	11	None	GENOMAD.169508.VP	5.75e-08	53	0	0	1	2561	Caudoviricetes	NA	NA	PF04708;PF13262;COG1961;K14060	Site-specific DNA recombinase related to the DNA invertase Pin
k127_496962_1	1	1086	1086	-1	0.716	11	None	GENOMAD.053137.VV	6.723e-23	104	0	0	1	2561	Caudoviricetes	NA	NA	PF17482	Phage tail sheath C-terminal domain
k127_496962_2	1109	1771	663	-1	0.688	11	None	GENOMAD.053137.VV	1.064e-36	140	0	0	1	2561	Caudoviricetes	NA	NA	PF17482	Phage tail sheath C-terminal domain
k127_226027_1	1	462	462	-1	0.677	11	None	GENOMAD.013210.VV	1.795e-28	113	0	0	1	2561	Caudoviricetes	NA	NA	PF00211;PF08994;PF08993;COG2114	Adenylate and Guanylate cyclase catalytic domain; T4 gene Gp59 loader of gp41 DNA helicase C-term; T4 gene Gp59 loader of gp41 DNA helicase
k127_363677_1	2	247	246	-1	0.650	11	GGAG/GAGG	NA	NA	NA	0	0	0	1	NA	NA	NA	NA	NA
k127_363677_2	244	978	735	-1	0.678	11	GGxGG	GENOMAD.210408.VV	5.658e-12	68	0	0	1	2561	Caudoviricetes	NA	NA	PF04586;COG3740;TIGR01543;K06904	Phage head maturation protease
k127_363677_3	975	1337	363	-1	0.686	11	None	GENOMAD.102979.VP	6.88e-16	75	0	0	1	2561	Caudoviricetes	NA	NA	PF04233;PF10122;TIGR01641;COG5585	phage putative head morphogenesis protein, SPP1 gp7 family
k127_296251_1	3	320	318	1	0.701	11	None	GENOMAD.059968.VV	5.054e-13	66	0	0	0	2561	Caudoviricetes	NA	NA	NA	NA
k127_296251_2	352	531	180	-1	0.672	11	None	NA	NA	NA	0	0	0	1	NA	NA	NA	NA	NA
k127_296251_3	724	1098	375	1	0.739	11	GGAGG	GENOMAD.222908.VP	6.864e-26	104	0	0	1	2561	Caudoviricetes	NA	NA	TIGR01558;COG3747	phage terminase, small subunit, putative, P27 family
k127_429535_1	1	501	501	1	0.711	11	None	GENOMAD.053137.VV	1.74e-25	105	0	0	1	2561	Caudoviricetes	NA	NA	PF17482	Phage tail sheath C-terminal domain
k127_635278_1	3	368	366	-1	0.661	11	None	GENOMAD.068048.VV	8.174e-15	72	0	0	1	2561	Caudoviricetes	NA	NA	PF20307;TIGR03600;K02314;COG0305	phage replicative helicase, DnaB family, HK022 subfamily
k127_565640_1	2	667	666	-1	0.685	11	None	GENOMAD.169508.VP	6.457e-34	132	0	0	1	2561	Caudoviricetes	NA	NA	PF04708;PF13262;COG1961;K14060	Site-specific DNA recombinase related to the DNA invertase Pin
k127_227041_1	2	343	342	1	0.722	11	None	GENOMAD.220339.VV	0.0007096	40	0	0	1	1	NA	NA	NA	PF11242;TIGR00721;COG2826;K01994	DNA-binding protein, Tfx family
k127_296963_1	1	342	342	1	0.778	11	None	GENOMAD.161099.VV	6.11e-06	46	0	0	1	2561	Caudoviricetes	NA	NA	PF16724;COG4119;TIGR02705;K12629	T4-like virus Myoviridae tail sheath stabiliser
k127_227255_1	3	434	432	1	0.694	11	None	GENOMAD.068048.VV	3.621e-15	74	0	0	1	2561	Caudoviricetes	NA	NA	PF20307;TIGR03600;K02314;COG0305	phage replicative helicase, DnaB family, HK022 subfamily
k127_636158_1	2	481	480	1	0.669	11	None	GENOMAD.037322.VV	9.875e-06	47	0	0	1	2561	Caudoviricetes	NA	NA	PF20025;K18951;TIGR04120	DNA ligase, ATP-dependent, PP_1105 family
k127_636240_1	2	601	600	-1	0.660	11	None	GENOMAD.053137.VV	4.653e-06	49	0	0	1	2561	Caudoviricetes	NA	NA	PF17482	Phage tail sheath C-terminal domain
k127_160109_1	3	569	567	-1	0.497	11	None	GENOMAD.094226.VV	1.362e-38	144	0	0	1	2561	Caudoviricetes	NA	NA	PF03354;COG5410	Terminase large subunit, ATPase domain
k127_365966_1	3	386	384	1	0.695	11	None	GENOMAD.068048.VV	4.016e-07	50	0	0	1	2561	Caudoviricetes	NA	NA	PF20307;TIGR03600;K02314;COG0305	phage replicative helicase, DnaB family, HK022 subfamily
k127_499669_1	1	543	543	1	0.726	11	None	GENOMAD.195648.VP	3.195e-05	46	0	0	1	9067	Straboviridae	NA	NA	PF20025;PF01331;PF14743;K18951;TIGR04120;COG1793	DNA ligase, ATP-dependent, PP_1105 family
k127_93316_1	3	413	411	1	0.701	11	None	GENOMAD.109691.VV	2.144e-52	181	0	0	1	2561	Caudoviricetes	NA	NA	PF06141	Phage minor tail protein U
k127_228552_1	2	1702	1701	1	0.670	11	None	GENOMAD.068048.VV	4.472e-17	88	0	0	1	2561	Caudoviricetes	NA	NA	PF20307;TIGR03600;K02314;COG0305	phage replicative helicase, DnaB family, HK022 subfamily
k127_500053_1	3	473	471	1	0.741	11	None	GENOMAD.068590.VV	1.809e-20	90	0	0	1	2561	Caudoviricetes	NA	NA	PF13871;PF11242;K11654;TIGR00721	C-terminal domain on Strawberry notch homologue
k127_637765_1	1	450	450	-1	0.693	11	None	GENOMAD.068048.VV	3.581e-06	48	0	0	1	2561	Caudoviricetes	NA	NA	PF20307;TIGR03600;K02314;COG0305	phage replicative helicase, DnaB family, HK022 subfamily
k127_299439_1	3	704	702	-1	0.721	11	None	GENOMAD.013210.VV	4.092e-08	56	0	0	1	2561	Caudoviricetes	NA	NA	PF00211;PF08994;PF08993;COG2114	Adenylate and Guanylate cyclase catalytic domain; T4 gene Gp59 loader of gp41 DNA helicase C-term; T4 gene Gp59 loader of gp41 DNA helicase
k127_432706_1	1	816	816	1	0.592	11	None	GENOMAD.000023.VV	4.723e-05	47	0	0	1	6233	Potyviridae	NA	NA	PF00680	Viral RNA-dependent RNA polymerase
k127_432706_2	813	1283	471	1	0.624	11	None	NA	NA	NA	0	0	0	1	NA	NA	NA	NA	NA
k127_368023_1	2	445	444	1	0.696	11	None	GENOMAD.053137.VV	2.322e-22	95	0	0	1	2561	Caudoviricetes	NA	NA	PF17482	Phage tail sheath C-terminal domain
k127_95391_1	3	341	339	1	0.729	11	None	GENOMAD.081756.VV	4.557e-09	55	0	0	1	1	NA	NA	NA	PF06152;TIGR01641	Phage minor capsid protein 2
k127_433752_1	2	271	270	-1	0.596	11	GGGG	GENOMAD.013675.VV	1.49e-26	104	0	0	1	2561	Caudoviricetes	NA	NA	PF17212	Tail tubular protein
k127_502377_1	3	410	408	1	0.711	11	None	GENOMAD.044447.VV	2.394e-06	48	0	0	1	2561	Caudoviricetes	NA	NA	PF04965;K21530;COG3628;TIGR03357	Phage baseplate assembly protein W
k127_502377_2	431	802	372	1	0.659	11	GGAG/GAGG	NA	NA	NA	0	0	0	1	NA	NA	NA	NA	NA
k127_640493_1	1	354	354	1	0.658	11	None	GENOMAD.068048.VV	1.495e-14	71	0	0	1	2561	Caudoviricetes	NA	NA	PF20307;TIGR03600;K02314;COG0305	phage replicative helicase, DnaB family, HK022 subfamily
k127_502677_1	3	638	636	1	0.676	11	None	GENOMAD.053137.VV	2.507e-41	153	0	0	1	2561	Caudoviricetes	NA	NA	PF17482	Phage tail sheath C-terminal domain
k127_502677_2	668	874	207	1	0.623	11	AGGA	NA	NA	NA	0	0	0	1	NA	NA	NA	NA	NA
k127_164026_1	1	459	459	-1	0.612	11	None	GENOMAD.070325.VV	3.732e-07	51	0	0	1	1	NA	NA	NA	PF09293	T4 RNase H, C terminal
k127_503008_1	3	509	507	1	0.712	11	None	GENOMAD.119462.VV	1.948e-13	70	0	0	1	2561	Caudoviricetes	NA	NA	TIGR01543	phage prohead protease, HK97 family
k127_164149_1	1	348	348	1	0.710	11	None	GENOMAD.167295.VP	1.779e-20	88	0	0	1	2561	Caudoviricetes	NA	NA	PF13539;TIGR01537	D-alanyl-D-alanine carboxypeptidase
k127_434909_1	2	499	498	1	0.600	11	None	GENOMAD.169508.VP	1.092e-07	53	0	0	1	2561	Caudoviricetes	NA	NA	PF04708;PF13262;COG1961;K14060	Site-specific DNA recombinase related to the DNA invertase Pin
k127_232780_1	2	559	558	1	0.686	11	None	GENOMAD.008099.VV	8.439e-52	182	0	0	1	2561	Caudoviricetes	NA	NA	PF03354;COG4626	Phage terminase-like protein, large subunit, contains N-terminal HTH domain
k127_33095_1	3	176	174	1	0.678	11	None	GENOMAD.169201.VP	5.691e-21	86	0	0	1	2561	Caudoviricetes	NA	NA	PF04883;TIGR01725;COG5005	phage protein, HK97 gp10 family
k127_33095_2	173	331	159	1	0.673	11	GGAGG	GENOMAD.055881.VV	1.659e-23	93	0	0	0	2561	Caudoviricetes	NA	NA	NA	NA
k127_304302_1	2	340	339	-1	0.687	11	None	GENOMAD.023991.VV	1.912e-18	82	0	0	1	2561	Caudoviricetes	NA	NA	COG5410	Mu-like prophage FluMu protein gp28
k127_643344_1	2	325	324	1	0.673	11	None	GENOMAD.103421.VV	1.896e-16	76	0	0	1	2561	Caudoviricetes	NA	NA	PF05954	Phage tail baseplate hub (GPD)
k127_166396_1	3	473	471	1	0.677	11	None	GENOMAD.068590.VV	3.243e-12	66	0	0	1	2561	Caudoviricetes	NA	NA	PF13871;PF11242;K11654;TIGR00721	C-terminal domain on Strawberry notch homologue
k127_372545_1	3	746	744	1	0.661	11	None	GENOMAD.032636.VV	2.871e-18	87	0	0	1	2561	Caudoviricetes	NA	NA	PF20307;PF07486;TIGR02239;COG0468;K18947	Divergent DnaB-like ATPase; Cell Wall Hydrolase
k127_573214_1	50	535	486	-1	0.722	11	None	GENOMAD.064381.VV	2.184e-05	46	0	0	1	2561	Caudoviricetes	NA	NA	PF04717;TIGR01644;COG4384	phage baseplate assembly protein V
k127_505604_1	1	342	342	1	0.617	11	None	GENOMAD.105745.VV	1.247e-06	48	0	0	1	2561	Caudoviricetes	NA	NA	PF06714;COG4540	Gp5 N-terminal OB domain
k127_372842_1	2	715	714	1	0.683	11	None	GENOMAD.068048.VV	1.091e-13	73	0	0	1	2561	Caudoviricetes	NA	NA	PF20307;TIGR03600;K02314;COG0305	phage replicative helicase, DnaB family, HK022 subfamily
k127_235074_1	1	600	600	-1	0.745	11	GGA/GAG/AGG	NA	NA	NA	0	0	0	1	NA	NA	NA	NA	NA
k127_235074_2	597	2090	1494	-1	0.714	11	GGA/GAG/AGG	GENOMAD.207989.VC	6.746e-05	48	0	0	0	1	NA	NA	NA	PF10111;TIGR04283;COG1216;K22844	transferase 2, rSAM/selenodomain-associated
k127_235074_3	2087	3739	1653	-1	0.687	11	None	GENOMAD.128892.VV	1.779e-41	165	0	0	0	2561	Caudoviricetes	NA	NA	PF16861;K12713;COG0009	tRNA A37 threonylcarbamoyladenosine synthetase subunit TsaC/SUA5/YrdC
k127_438027_1	1	573	573	-1	0.677	11	None	GENOMAD.068048.VV	2.964e-18	85	0	0	1	2561	Caudoviricetes	NA	NA	PF20307;TIGR03600;K02314;COG0305	phage replicative helicase, DnaB family, HK022 subfamily
k127_374023_1	2	439	438	1	0.477	11	None	GENOMAD.190144.VV	2.614e-10	60	0	0	1	2561	Caudoviricetes	NA	NA	COG4675	Microcystin-dependent protein  (function unknown)
k127_574613_1	13	393	381	-1	0.717	11	None	GENOMAD.192062.VP	1.709e-07	51	0	0	1	9913	Herelleviridae	NA	NA	PF10934;COG3628;K06903	Phage baseplate assembly protein W
k127_646257_1	2	76	75	-1	0.573	11	GGAGG	NA	NA	NA	0	0	0	1	NA	NA	NA	NA	NA
k127_646257_2	63	869	807	-1	0.644	11	None	NA	NA	NA	0	0	0	1	NA	NA	NA	NA	NA
k127_646257_3	966	1205	240	-1	0.600	11	GGA/GAG/AGG	NA	NA	NA	0	0	0	1	NA	NA	NA	NA	NA
k127_646257_4	1206	1802	597	-1	0.698	11	GGA/GAG/AGG	NA	NA	NA	0	0	0	1	NA	NA	NA	NA	NA
k127_646257_5	1876	2115	240	-1	0.617	11	GGAG/GAGG	NA	NA	NA	0	0	0	1	NA	NA	NA	NA	NA
k127_646257_6	2282	2521	240	-1	0.613	11	GGAG/GAGG	NA	NA	NA	0	0	0	1	NA	NA	NA	NA	NA
k127_646257_7	2643	3002	360	1	0.661	11	GGAGG	NA	NA	NA	0	0	0	1	NA	NA	NA	NA	NA
k127_646257_8	3072	3485	414	1	0.696	11	None	NA	NA	NA	0	0	0	1	NA	NA	NA	NA	NA
k127_646257_9	3446	3616	171	1	0.667	11	GGA/GAG/AGG	NA	NA	NA	0	0	0	1	NA	NA	NA	NA	NA
k127_646257_10	3765	4019	255	1	0.698	11	GGAG/GAGG	NA	NA	NA	0	0	0	1	NA	NA	NA	NA	NA
k127_646257_11	4461	5048	588	1	0.634	11	AGGA	NA	NA	NA	0	0	0	1	NA	NA	NA	NA	NA
k127_646257_12	5477	6202	726	1	0.595	11	None	NA	NA	NA	0	0	0	1	NA	NA	NA	NA	NA
k127_646257_13	6525	12755	6231	1	0.681	11	GGAG/GAGG	GENOMAD.082354.VV	7.274e-07	57	0	0	0	1	NA	NA	NA	NA	NA
k127_236837_1	3	68	66	-1	0.758	11	None	NA	NA	NA	0	0	0	1	NA	NA	NA	NA	NA
k127_236837_2	95	667	573	-1	0.747	11	None	GENOMAD.057710.VV	8.542e-07	51	0	0	1	2561	Caudoviricetes	NA	NA	PF00589;PF04860;K07358;TIGR01537	Phage integrase family; Phage portal protein
k127_576173_1	2	301	300	-1	0.733	11	None	GENOMAD.087016.VV	6.866e-08	51	0	0	1	2561	Caudoviricetes	NA	NA	PF17236;TIGR01554;COG4653	Phage capsid-like protein
k127_647269_1	3	167	165	-1	0.642	11	None	NA	NA	NA	0	0	0	1	NA	NA	NA	NA	NA
k127_647269_2	175	1074	900	-1	0.690	11	None	GENOMAD.033727.VV	4.213e-21	97	0	0	1	2561	Caudoviricetes	NA	NA	PF05133;TIGR01538	phage portal protein, SPP1 family
k127_308637_1	40	765	726	-1	0.479	11	None	GENOMAD.154173.VV	8.17e-06	49	0	0	1	2561	Caudoviricetes	NA	NA	PF17288;TIGR01547	phage terminase, large subunit, PBSX family
k127_103040_1	2	718	717	1	0.693	11	None	GENOMAD.160783.VP	2.725e-32	128	0	0	1	2561	Caudoviricetes	NA	NA	PF04466;TIGR01547;COG5323	phage terminase, large subunit, PBSX family
k127_170554_1	3	380	378	-1	0.659	11	None	GENOMAD.068048.VV	6.098e-11	61	0	0	1	2561	Caudoviricetes	NA	NA	PF20307;TIGR03600;K02314;COG0305	phage replicative helicase, DnaB family, HK022 subfamily
k127_648082_1	1	315	315	1	0.689	11	None	GENOMAD.068048.VV	1.966e-14	70	0	0	1	2561	Caudoviricetes	NA	NA	PF20307;TIGR03600;K02314;COG0305	phage replicative helicase, DnaB family, HK022 subfamily
k127_170580_1	3	131	129	-1	0.729	11	GGAG/GAGG	NA	NA	NA	0	0	0	1	NA	NA	NA	NA	NA
k127_170580_2	162	1943	1782	-1	0.709	11	GGA/GAG/AGG	NA	NA	NA	0	0	0	1	NA	NA	NA	NA	NA
k127_170580_3	2138	3718	1581	-1	0.705	11	AGGAG	GENOMAD.170511.VV	7.319e-05	48	0	0	0	3337	Mesyanzhinovviridae	NA	NA	PF05834;TIGR02032;COG0644;K07222	geranylgeranyl reductase family
k127_170580_4	3715	3837	123	-1	0.724	11	None	NA	NA	NA	0	0	0	1	NA	NA	NA	NA	NA
k127_577159_1	3	464	462	-1	0.690	11	None	GENOMAD.169508.VP	3.302e-21	92	0	0	1	2561	Caudoviricetes	NA	NA	PF04708;PF13262;COG1961;K14060	Site-specific DNA recombinase related to the DNA invertase Pin
k127_577544_1	1	306	306	1	0.575	11	None	GENOMAD.068048.VV	3.866e-14	69	0	0	1	2561	Caudoviricetes	NA	NA	PF20307;TIGR03600;K02314;COG0305	phage replicative helicase, DnaB family, HK022 subfamily
k127_577544_2	251	427	177	1	0.667	11	None	NA	NA	NA	0	0	0	1	NA	NA	NA	NA	NA
k127_238851_1	3	536	534	-1	0.674	11	None	GENOMAD.032636.VV	3.081e-08	55	0	0	1	2561	Caudoviricetes	NA	NA	PF20307;PF07486;TIGR02239;COG0468;K18947	Divergent DnaB-like ATPase; Cell Wall Hydrolase
k127_38811_1	3	530	528	1	0.744	11	None	GENOMAD.068590.VV	2.07e-27	111	0	0	1	2561	Caudoviricetes	NA	NA	PF13871;PF11242;K11654;TIGR00721	C-terminal domain on Strawberry notch homologue
k127_309926_1	1	816	816	-1	0.661	11	None	GENOMAD.130062.VP	4.497e-26	111	0	0	1	2561	Caudoviricetes	NA	NA	PF17288;COG5410	Phage terminase large subunit
k127_309926_2	764	1195	432	-1	0.650	11	None	GENOMAD.226024.VP	1.815e-23	98	0	0	0	1	NA	NA	NA	PF08822;COG2963	NA
k127_309926_3	1223	1828	606	-1	0.705	11	None	GENOMAD.218934.VP	1.551e-21	95	0	0	0	2561	Caudoviricetes	NA	NA	NA	NA
k127_309926_4	1917	2315	399	-1	0.659	11	None	NA	NA	NA	0	0	0	1	NA	NA	NA	NA	NA
k127_648994_1	2	460	459	1	0.634	11	None	GENOMAD.004961.VV	1.71e-07	52	0	0	1	2561	Caudoviricetes	NA	NA	PF12236	Bacteriophage head to tail connecting protein
k127_649052_1	2	310	309	-1	0.618	11	GGAG/GAGG	GENOMAD.145338.VP	3.131e-09	55	0	0	1	2561	Caudoviricetes	NA	NA	PF20036;TIGR04387	Major capsid protein 13-like
k127_649097_1	1	483	483	-1	0.650	11	GGAGG	GENOMAD.001569.VV	4.427e-08	54	0	0	1	2561	Caudoviricetes	NA	NA	PF11056;K21523	Recombination, repair and ssDNA binding protein UvsY
k127_649097_2	611	862	252	-1	0.647	11	None	NA	NA	NA	0	0	0	1	NA	NA	NA	NA	NA
k127_39274_1	3	434	432	1	0.616	11	None	GENOMAD.032636.VV	1.336e-07	52	0	0	1	2561	Caudoviricetes	NA	NA	PF20307;PF07486;TIGR02239;COG0468;K18947	Divergent DnaB-like ATPase; Cell Wall Hydrolase
k127_239425_1	2	607	606	-1	0.604	11	AGGA	NA	NA	NA	0	0	0	1	NA	NA	NA	NA	NA
k127_239425_2	571	1236	666	-1	0.596	11	GGA/GAG/AGG	GENOMAD.169508.VP	1.568e-08	57	0	0	1	2561	Caudoviricetes	NA	NA	PF04708;PF13262;COG1961;K14060	Site-specific DNA recombinase related to the DNA invertase Pin
k127_239425_3	1326	1550	225	-1	0.591	11	None	NA	NA	NA	0	0	0	1	NA	NA	NA	NA	NA
k127_649449_1	17	370	354	-1	0.754	11	None	GENOMAD.136298.VP	5.261e-09	55	0	0	1	2561	Caudoviricetes	NA	NA	PF04233;TIGR01641	Phage Mu protein F like protein
k127_310730_1	53	388	336	1	0.646	11	GGAGG	GENOMAD.027551.VV	2.369e-07	50	0	0	1	2561	Caudoviricetes	NA	NA	PF13479;TIGR01618;COG0468;K04484	phage nucleotide-binding protein
k127_442584_1	3	389	387	1	0.594	11	None	GENOMAD.068048.VV	1.067e-14	72	0	0	1	2561	Caudoviricetes	NA	NA	PF20307;TIGR03600;K02314;COG0305	phage replicative helicase, DnaB family, HK022 subfamily
k127_105031_1	1	858	858	1	0.719	11	None	GENOMAD.010080.VV	0.0004631	44	0	0	1	2561	Caudoviricetes	NA	NA	PF07068;K21079	Major capsid protein Gp23
k127_172323_1	14	397	384	-1	0.680	11	None	GENOMAD.068048.VV	9.897e-15	72	0	0	1	2561	Caudoviricetes	NA	NA	PF20307;TIGR03600;K02314;COG0305	phage replicative helicase, DnaB family, HK022 subfamily
k127_378889_1	3	377	375	1	0.704	11	None	GENOMAD.005158.VV	2.037e-14	71	0	0	1	2561	Caudoviricetes	NA	NA	PF04586;PF13395;TIGR02646;K06904	TIGR02646 family protein
k127_650268_1	2	460	459	1	0.695	11	None	GENOMAD.009067.VV	3.214e-47	167	0	0	1	2561	Caudoviricetes	NA	NA	PF03354;COG4626	Phage terminase-like protein, large subunit, contains N-terminal HTH domain
k127_240630_1	44	310	267	-1	0.648	11	None	GENOMAD.063098.VV	2.127e-07	49	0	0	1	2561	Caudoviricetes	NA	NA	PF11126	Transcriptional regulator DsbA
k127_651094_1	2	820	819	-1	0.435	11	None	GENOMAD.033662.VV	7.699e-173	536	0	0	1	2790	Microviridae	NA	NA	PF02305	Capsid protein (F protein)
k127_106228_1	7	495	489	-1	0.693	11	None	GENOMAD.068048.VV	1.519e-14	73	0	0	1	2561	Caudoviricetes	NA	NA	PF20307;TIGR03600;K02314;COG0305	phage replicative helicase, DnaB family, HK022 subfamily
k127_173607_1	45	506	462	1	0.680	11	None	GENOMAD.086341.VV	9.461e-36	134	0	0	1	2561	Caudoviricetes	NA	NA	PF06199;TIGR02126	Phage tail tube protein
k127_313907_1	2	652	651	-1	0.705	11	None	GENOMAD.013210.VV	7.077e-13	70	0	0	1	2561	Caudoviricetes	NA	NA	PF00211;PF08994;PF08993;COG2114	Adenylate and Guanylate cyclase catalytic domain; T4 gene Gp59 loader of gp41 DNA helicase C-term; T4 gene Gp59 loader of gp41 DNA helicase
k127_513654_1	2	382	381	1	0.667	11	None	GENOMAD.068048.VV	3.097e-10	59	0	0	1	2561	Caudoviricetes	NA	NA	PF20307;TIGR03600;K02314;COG0305	phage replicative helicase, DnaB family, HK022 subfamily
k127_108104_1	66	557	492	-1	0.604	11	None	GENOMAD.068048.VV	3.673e-13	69	0	0	1	2561	Caudoviricetes	NA	NA	PF20307;TIGR03600;K02314;COG0305	phage replicative helicase, DnaB family, HK022 subfamily
k127_108171_1	2	448	447	1	0.691	11	None	GENOMAD.060259.VV	7.335e-07	50	0	0	1	2561	Caudoviricetes	NA	NA	PF20307;TIGR02236;COG0468;K04484	Divergent DnaB-like ATPase
k127_653689_1	1	450	450	-1	0.707	11	None	GENOMAD.118632.VP	3.449e-07	51	0	0	1	2561	Caudoviricetes	NA	NA	PF00476;PF07141	DNA polymerase family A; Putative bacteriophage terminase small subunit
k127_446509_1	2	277	276	1	0.663	11	None	NA	NA	NA	0	0	0	1	NA	NA	NA	NA	NA
k127_446509_2	326	745	420	1	0.664	11	AGGAG	GENOMAD.087392.VV	1.189e-59	202	0	0	0	1	NA	NA	NA	NA	NA
k127_446509_3	764	1711	948	1	0.659	11	None	GENOMAD.167030.VV	2.35e-50	184	0	0	1	2561	Caudoviricetes	NA	NA	PF10124;COG4397	Mu-like prophage major head subunit gpT
k127_446509_4	1751	2134	384	1	0.701	11	None	GENOMAD.098570.VV	6.018e-12	64	0	0	0	1	NA	NA	NA	NA	NA
k127_44119_1	3	197	195	-1	0.569	11	None	NA	NA	NA	0	0	0	1	NA	NA	NA	NA	NA
k127_44119_2	139	555	417	-1	0.556	11	None	GENOMAD.125845.VV	1.611e-13	69	0	0	1	2561	Caudoviricetes	NA	NA	PF16677;COG2826;TIGR03384	DNA-packaging protein gp3
k127_654670_1	47	358	312	-1	0.647	11	None	GENOMAD.068048.VV	9.371e-14	68	0	0	1	2561	Caudoviricetes	NA	NA	PF20307;TIGR03600;K02314;COG0305	phage replicative helicase, DnaB family, HK022 subfamily
k127_244609_1	1	549	549	1	0.729	11	None	GENOMAD.048823.VV	6.832e-12	66	0	0	1	2561	Caudoviricetes	NA	NA	PF05954;TIGR03361;COG3500;K06905	type VI secretion system Vgr family protein
k127_383730_1	1	213	213	1	0.629	11	None	NA	NA	NA	0	0	0	1	NA	NA	NA	NA	NA
k127_383730_2	332	895	564	1	0.693	11	None	GENOMAD.013210.VV	1.516e-14	74	0	0	1	2561	Caudoviricetes	NA	NA	PF00211;PF08994;PF08993;COG2114	Adenylate and Guanylate cyclase catalytic domain; T4 gene Gp59 loader of gp41 DNA helicase C-term; T4 gene Gp59 loader of gp41 DNA helicase
k127_583699_1	1	498	498	1	0.739	11	None	GENOMAD.068590.VV	9.323e-12	65	0	0	1	2561	Caudoviricetes	NA	NA	PF13871;PF11242;K11654;TIGR00721	C-terminal domain on Strawberry notch homologue
k127_447351_1	1	465	465	1	0.692	11	None	GENOMAD.042265.VV	1.909e-05	46	0	0	1	2561	Caudoviricetes	NA	NA	PF20307;TIGR02237;COG0468;K04485	Divergent DnaB-like ATPase
k127_177585_1	3	485	483	-1	0.665	11	None	GENOMAD.208864.VP	1.777e-40	148	0	0	1	2561	Caudoviricetes	NA	NA	PF19307;TIGR01554;COG4653	Phage capsid-like protein
k127_584614_1	1	336	336	1	0.661	11	None	GENOMAD.032636.VV	9.759e-09	54	0	0	1	2561	Caudoviricetes	NA	NA	PF20307;PF07486;TIGR02239;COG0468;K18947	Divergent DnaB-like ATPase; Cell Wall Hydrolase
k127_656478_1	3	125	123	-1	0.618	11	AGGAG	NA	NA	NA	0	0	0	1	NA	NA	NA	NA	NA
k127_656478_2	148	408	261	-1	0.628	11	None	GENOMAD.002027.VV	1.255e-11	61	0	0	1	2561	Caudoviricetes	NA	NA	PF05766	Bacteriophage Lambda NinG protein
k127_585009_1	81	1238	1158	1	0.710	11	GGA/GAG/AGG	GENOMAD.051820.VV	2.236e-05	49	0	0	1	7033	Permutotetraviridae	NA	NA	PF04197;PF20488	Birnavirus RNA dependent RNA polymerase (VP1), palm domain; Birnavirus RNA dependent RNA polymerase (VP1), thumb domain
k127_178461_1	40	258	219	1	0.612	11	AGGAG	NA	NA	NA	0	0	0	1	NA	NA	NA	NA	NA
k127_178461_2	245	895	651	-1	0.691	11	None	GENOMAD.064788.VV	2.583e-43	159	0	0	1	2561	Caudoviricetes	NA	NA	PF20441;PF03354;COG4626	Phage terminase-like protein, large subunit, contains N-terminal HTH domain
k127_317981_1	1	480	480	1	0.646	11	None	GENOMAD.002817.VV	4.454e-07	51	0	0	1	2561	Caudoviricetes	NA	NA	COG3941	Phage tail tape-measure protein, controls tail length
k127_517548_1	3	284	282	-1	0.738	11	AGGAG	GENOMAD.116116.VV	0.0008194	39	0	0	1	1	NA	NA	NA	PF06892;TIGR02607;COG1476;K00204	addiction module antidote protein, HigA family
k127_657276_1	23	505	483	1	0.582	11	GGA/GAG/AGG	GENOMAD.169508.VP	2.099e-07	52	0	0	1	2561	Caudoviricetes	NA	NA	PF04708;PF13262;COG1961;K14060	Site-specific DNA recombinase related to the DNA invertase Pin
k127_517780_1	3	449	447	-1	0.671	11	None	GENOMAD.042265.VV	7.607e-06	47	0	0	1	2561	Caudoviricetes	NA	NA	PF20307;TIGR02237;COG0468;K04485	Divergent DnaB-like ATPase
k127_318851_1	3	410	408	1	0.679	11	None	GENOMAD.042265.VV	2.59e-05	45	0	0	1	2561	Caudoviricetes	NA	NA	PF20307;TIGR02237;COG0468;K04485	Divergent DnaB-like ATPase
k127_586060_1	2	370	369	-1	0.618	11	None	GENOMAD.181728.VV	2.693e-10	59	0	0	1	2561	Caudoviricetes	NA	NA	PF09588;COG5377;TIGR03033	Phage-related protein, predicted endonuclease
k127_386702_1	2	496	495	1	0.699	11	None	GENOMAD.012923.VV	1.92e-41	151	0	0	1	2561	Caudoviricetes	NA	NA	PF20441	Terminase large subunit, endonuclease domain
k127_248200_1	1	345	345	-1	0.678	11	None	GENOMAD.068048.VV	7.234e-13	66	0	0	1	2561	Caudoviricetes	NA	NA	PF20307;TIGR03600;K02314;COG0305	phage replicative helicase, DnaB family, HK022 subfamily
k127_451212_1	1	318	318	1	0.673	11	None	GENOMAD.053137.VV	9.583e-15	71	0	0	1	2561	Caudoviricetes	NA	NA	PF17482	Phage tail sheath C-terminal domain
k127_180731_1	1	231	231	-1	0.723	11	GGxGG	GENOMAD.224435.VP	1.335e-07	49	0	0	1	2561	Caudoviricetes	NA	NA	PF04965;K06903;COG3628;TIGR03357	Baseplate wedge protein gp25
k127_180731_2	235	354	120	-1	0.725	11	None	NA	NA	NA	0	0	0	1	NA	NA	NA	NA	NA
k127_180812_1	3	419	417	-1	0.695	11	AGxAGG/AGGxGG	GENOMAD.019594.VV	5.263e-08	53	0	0	1	3032	Kyanoviridae	NA	NA	K21531	NA
k127_388221_1	1	342	342	-1	0.658	11	None	GENOMAD.022740.VV	4.725e-09	55	0	0	1	2561	Caudoviricetes	NA	NA	PF17482;PF00062	Phage tail sheath C-terminal domain; C-type lysozyme/alpha-lactalbumin family
k127_659640_1	1	888	888	1	0.606	11	None	GENOMAD.032636.VV	1.04e-09	62	0	0	1	2561	Caudoviricetes	NA	NA	PF20307;PF07486;TIGR02239;COG0468;K18947	Divergent DnaB-like ATPase; Cell Wall Hydrolase
k127_49451_1	1	411	411	1	0.633	11	None	GENOMAD.053137.VV	6.769e-23	96	0	0	1	2561	Caudoviricetes	NA	NA	PF17482	Phage tail sheath C-terminal domain
k127_49451_2	431	784	354	1	0.616	11	GGAGG	NA	NA	NA	0	0	0	1	NA	NA	NA	NA	NA
k127_181059_1	3	782	780	1	0.742	11	None	GENOMAD.068590.VV	3.853e-19	90	0	0	1	2561	Caudoviricetes	NA	NA	PF13871;PF11242;K11654;TIGR00721	C-terminal domain on Strawberry notch homologue
k127_320833_1	2	148	147	-1	0.660	11	GGGGG	GENOMAD.112847.VV	5.192e-05	40	0	0	1	1	NA	NA	NA	PF14354;TIGR03655;K05826;COG4416	restriction alleviation protein, Lar family
k127_451833_1	54	287	234	-1	0.585	11	GGAG/GAGG	NA	NA	NA	0	0	0	1	NA	NA	NA	NA	NA
k127_451833_2	530	1537	1008	1	0.607	11	None	GENOMAD.078680.VV	2.131e-12	71	0	0	1	2561	Caudoviricetes	NA	NA	PF09588;TIGR03033;COG5377	putative phage-type endonuclease
k127_249258_1	2	367	366	1	0.735	11	None	GENOMAD.071900.VV	5.289e-52	179	0	0	1	2561	Caudoviricetes	NA	NA	PF13479;TIGR01618;COG2087;K04484	phage nucleotide-binding protein
k127_588519_1	3	395	393	-1	0.733	11	None	GENOMAD.068590.VV	1.15e-14	72	0	0	1	2561	Caudoviricetes	NA	NA	PF13871;PF11242;K11654;TIGR00721	C-terminal domain on Strawberry notch homologue
k127_114747_1	3	437	435	-1	0.657	11	None	GENOMAD.068048.VV	4.531e-13	68	0	0	1	2561	Caudoviricetes	NA	NA	PF20307;TIGR03600;K02314;COG0305	phage replicative helicase, DnaB family, HK022 subfamily
k127_321840_1	2	529	528	1	0.686	11	None	GENOMAD.026355.VV	1.068e-14	74	0	0	1	2561	Caudoviricetes	NA	NA	PF20307;TIGR02238	Divergent DnaB-like ATPase
k127_50681_1	3	299	297	1	0.680	11	None	GENOMAD.208864.VP	4.697e-19	83	0	0	1	2561	Caudoviricetes	NA	NA	PF19307;TIGR01554;COG4653	Phage capsid-like protein
k127_51335_1	34	471	438	-1	0.578	11	None	GENOMAD.088359.VV	6.59e-07	50	0	0	1	2561	Caudoviricetes	NA	NA	PF05065;PF18316;PF17078;TIGR01554;COG4653	phage major capsid protein, HK97 family
k127_182771_1	3	560	558	-1	0.704	11	None	GENOMAD.013210.VV	1.365e-15	77	0	0	1	2561	Caudoviricetes	NA	NA	PF00211;PF08994;PF08993;COG2114	Adenylate and Guanylate cyclase catalytic domain; T4 gene Gp59 loader of gp41 DNA helicase C-term; T4 gene Gp59 loader of gp41 DNA helicase
k127_51982_1	57	344	288	1	0.660	11	None	GENOMAD.153707.VP	9.58e-11	59	0	0	1	2561	Caudoviricetes	NA	NA	PF09681	NA
k127_522571_1	2	937	936	1	0.654	11	None	GENOMAD.068048.VV	9.076e-15	78	0	0	1	2561	Caudoviricetes	NA	NA	PF20307;TIGR03600;K02314;COG0305	phage replicative helicase, DnaB family, HK022 subfamily
k127_251945_1	3	449	447	1	0.727	11	None	GENOMAD.013210.VV	8.45e-17	79	0	0	1	2561	Caudoviricetes	NA	NA	PF00211;PF08994;PF08993;COG2114	Adenylate and Guanylate cyclase catalytic domain; T4 gene Gp59 loader of gp41 DNA helicase C-term; T4 gene Gp59 loader of gp41 DNA helicase
k127_53268_1	1	360	360	1	0.414	11	None	GENOMAD.113533.VC	1.519e-06	48	0	0	1	2561	Caudoviricetes	NA	NA	PF04860;TIGR01537;COG4695	phage portal protein, HK97 family
k127_184710_1	1	327	327	1	0.651	11	None	GENOMAD.068048.VV	7.223e-11	60	0	0	1	2561	Caudoviricetes	NA	NA	PF20307;TIGR03600;K02314;COG0305	phage replicative helicase, DnaB family, HK022 subfamily
k127_663686_1	1	495	495	1	0.521	11	None	GENOMAD.057710.VV	1.079e-05	47	0	0	1	2561	Caudoviricetes	NA	NA	PF00589;PF04860;K07358;TIGR01537	Phage integrase family; Phage portal protein
k127_117812_1	2	343	342	1	0.596	11	None	GENOMAD.029613.VV	1.942e-10	59	0	0	1	2561	Caudoviricetes	NA	NA	PF05136;TIGR01539;COG5511	phage portal protein, lambda family
k127_185388_1	1	447	447	1	0.716	11	None	GENOMAD.068590.VV	1.725e-17	81	0	0	1	2561	Caudoviricetes	NA	NA	PF13871;PF11242;K11654;TIGR00721	C-terminal domain on Strawberry notch homologue
k127_185415_1	1	318	318	1	0.632	11	None	GENOMAD.070976.VV	1.158e-20	88	0	0	1	2561	Caudoviricetes	NA	NA	PF04586;TIGR01543;K06904;COG3740	phage prohead protease, HK97 family
k127_393306_1	3	560	558	-1	0.647	11	None	GENOMAD.093760.VV	4.999e-40	148	0	0	1	2561	Caudoviricetes	NA	NA	PF05876;K21512;COG5525;TIGR01547	Phage terminase, large subunit GpA
k127_325992_1	2	523	522	-1	0.420	11	AGGAG	GENOMAD.145242.VV	5.254e-77	254	0	0	1	2790	Microviridae	NA	NA	PF02306	Major spike protein (G protein)
k127_524804_1	85	429	345	1	0.638	11	AGGAG	GENOMAD.208864.VP	2.54e-40	145	0	0	1	2561	Caudoviricetes	NA	NA	PF19307;TIGR01554;COG4653	Phage capsid-like protein
k127_253871_1	1	801	801	-1	0.650	11	None	GENOMAD.068048.VV	1.66e-10	64	0	0	1	2561	Caudoviricetes	NA	NA	PF20307;TIGR03600;K02314;COG0305	phage replicative helicase, DnaB family, HK022 subfamily
k127_593268_1	20	841	822	-1	0.663	11	None	GENOMAD.085784.VV	7.344e-09	59	0	0	0	2561	Caudoviricetes	NA	NA	NA	NA
k127_593268_2	869	2209	1341	-1	0.672	11	None	GENOMAD.118718.VP	1.306e-13	76	0	0	0	2561	Caudoviricetes	NA	NA	NA	NA
k127_593268_3	2206	2742	537	-1	0.708	11	None	GENOMAD.023642.VV	6.56e-09	57	0	0	0	2561	Caudoviricetes	NA	NA	NA	NA
k127_457065_1	2	811	810	1	0.693	11	None	GENOMAD.023991.VV	1.296e-35	139	0	0	1	2561	Caudoviricetes	NA	NA	COG5410	Mu-like prophage FluMu protein gp28
k127_394649_1	2	688	687	1	0.703	11	None	GENOMAD.060259.VV	3.793e-08	56	0	0	1	2561	Caudoviricetes	NA	NA	PF20307;TIGR02236;COG0468;K04484	Divergent DnaB-like ATPase
k127_327351_1	3	452	450	1	0.689	11	None	GENOMAD.068048.VV	7.795e-18	82	0	0	1	2561	Caudoviricetes	NA	NA	PF20307;TIGR03600;K02314;COG0305	phage replicative helicase, DnaB family, HK022 subfamily
k127_525881_1	3	2399	2397	-1	0.710	11	AGGA	GENOMAD.102134.VV	1.164e-07	58	0	0	0	1	NA	NA	NA	NA	NA
k127_255040_1	3	500	498	-1	0.685	11	None	GENOMAD.118632.VP	5.217e-06	48	0	0	1	2561	Caudoviricetes	NA	NA	PF00476;PF07141	DNA polymerase family A; Putative bacteriophage terminase small subunit
k127_526223_1	1	327	327	1	0.740	11	None	GENOMAD.192716.VV	9.728e-24	97	0	0	1	2561	Caudoviricetes	NA	NA	PF04865;COG3299	Baseplate J-like protein
k127_187921_1	1	147	147	1	0.619	11	None	NA	NA	NA	0	0	0	1	NA	NA	NA	NA	NA
k127_187921_2	159	1373	1215	1	0.675	11	GGAG/GAGG	NA	NA	NA	0	0	0	1	NA	NA	NA	NA	NA
k127_187921_3	1465	3243	1779	1	0.644	11	4Base/6BMM	GENOMAD.053052.VV	2.031e-20	99	0	0	0	1	NA	NA	NA	PF01431;K07386;COG3590	Predicted metalloendopeptidase
k127_594850_1	3	323	321	-1	0.723	11	None	GENOMAD.224435.VP	1.805e-08	53	0	0	1	2561	Caudoviricetes	NA	NA	PF04965;K06903;COG3628;TIGR03357	Baseplate wedge protein gp25
k127_121206_1	1	306	306	1	0.719	11	None	GENOMAD.119462.VV	2.665e-18	81	0	0	1	2561	Caudoviricetes	NA	NA	TIGR01543	phage prohead protease, HK97 family
k127_595320_1	3	950	948	1	0.735	11	None	GENOMAD.068590.VV	4.43e-53	192	0	0	1	2561	Caudoviricetes	NA	NA	PF13871;PF11242;K11654;TIGR00721	C-terminal domain on Strawberry notch homologue
k127_527424_1	2	631	630	-1	0.697	11	None	GENOMAD.065578.VV	1.23e-49	177	0	0	1	2561	Caudoviricetes	NA	NA	PF04860;PF04233;TIGR01537;COG4695;K06904	phage portal protein, HK97 family
k127_527627_1	3	329	327	-1	0.606	11	None	GENOMAD.129999.VP	2.944e-12	64	0	0	1	2561	Caudoviricetes	NA	NA	PF04708;COG1961;K21528	Site-specific DNA recombinase related to the DNA invertase Pin
k127_329672_1	1	318	318	-1	0.654	11	None	GENOMAD.104635.VP	1.173e-12	65	0	0	1	2561	Caudoviricetes	NA	NA	TIGR01760	phage tail tape measure protein, TP901 family, core region
k127_596082_1	28	867	840	-1	0.720	11	None	GENOMAD.013210.VV	5.834e-22	99	0	0	1	2561	Caudoviricetes	NA	NA	PF00211;PF08994;PF08993;COG2114	Adenylate and Guanylate cyclase catalytic domain; T4 gene Gp59 loader of gp41 DNA helicase C-term; T4 gene Gp59 loader of gp41 DNA helicase
k127_459635_1	3	878	876	1	0.741	11	None	GENOMAD.068590.VV	4.354e-40	153	0	0	1	2561	Caudoviricetes	NA	NA	PF13871;PF11242;K11654;TIGR00721	C-terminal domain on Strawberry notch homologue
k127_528296_1	1	2358	2358	-1	0.701	11	None	GENOMAD.118632.VP	1.515e-19	97	0	0	1	2561	Caudoviricetes	NA	NA	PF00476;PF07141	DNA polymerase family A; Putative bacteriophage terminase small subunit
k127_189760_1	118	336	219	1	0.676	11	3Base/5BMM	GENOMAD.082271.VV	7.173e-05	41	0	0	1	2561	Caudoviricetes	NA	NA	PF16754;COG3772	Phage-related lysozyme (muramidase), GH24 family
k127_460031_1	1	849	849	-1	0.708	11	GGAG/GAGG	GENOMAD.013210.VV	6.291e-18	87	0	0	1	2561	Caudoviricetes	NA	NA	PF00211;PF08994;PF08993;COG2114	Adenylate and Guanylate cyclase catalytic domain; T4 gene Gp59 loader of gp41 DNA helicase C-term; T4 gene Gp59 loader of gp41 DNA helicase
k127_122585_1	3	404	402	1	0.604	11	None	GENOMAD.171422.VP	2.613e-15	74	0	0	1	2561	Caudoviricetes	NA	NA	PF05876;PF20454;COG5525;K21512;TIGR01547	Phage terminase, large subunit GpA
k127_596642_1	3	317	315	1	0.622	11	None	GENOMAD.081096.VV	1.229e-19	85	0	0	1	2561	Caudoviricetes	NA	NA	PF11651;TIGR04387;COG4653	P22 coat protein - gene protein 5
k127_122769_1	3	785	783	1	0.725	11	None	GENOMAD.068590.VV	7.781e-39	148	0	0	1	2561	Caudoviricetes	NA	NA	PF13871;PF11242;K11654;TIGR00721	C-terminal domain on Strawberry notch homologue
k127_122769_2	866	934	69	1	0.696	11	AGGA/GGAG/GAGG	NA	NA	NA	0	0	0	1	NA	NA	NA	NA	NA
k127_529069_1	3	95	93	1	0.667	11	None	NA	NA	NA	0	0	0	1	NA	NA	NA	NA	NA
k127_529069_2	95	358	264	1	0.746	11	None	GENOMAD.168708.VP	2.127e-07	49	0	0	1	2561	Caudoviricetes	NA	NA	PF14464;PF06805;COG4723;K21140;TIGR02256	Phage-related protein, tail component
k127_59642_1	3	425	423	1	0.645	11	None	GENOMAD.068048.VV	3.372e-15	74	0	0	1	2561	Caudoviricetes	NA	NA	PF20307;TIGR03600;K02314;COG0305	phage replicative helicase, DnaB family, HK022 subfamily
k127_529414_1	3	425	423	1	0.671	11	None	GENOMAD.068048.VV	3.253e-15	74	0	0	1	2561	Caudoviricetes	NA	NA	PF20307;TIGR03600;K02314;COG0305	phage replicative helicase, DnaB family, HK022 subfamily
k127_529414_2	436	930	495	1	0.677	11	GGA/GAG/AGG	GENOMAD.067736.VV	1.985e-11	64	0	0	0	2561	Caudoviricetes	NA	NA	PF00709;PF13186;COG0104;TIGR00184	Adenylosuccinate synthase
k127_59918_1	2	352	351	-1	0.684	11	None	GENOMAD.075466.VV	1.537e-54	186	0	0	1	2561	Caudoviricetes	NA	NA	PF05133;TIGR01538;COG5511	phage portal protein, SPP1 family
k127_670122_1	3	383	381	1	0.593	11	None	GENOMAD.068048.VV	9.897e-15	72	0	0	1	2561	Caudoviricetes	NA	NA	PF20307;TIGR03600;K02314;COG0305	phage replicative helicase, DnaB family, HK022 subfamily
k127_258708_1	1	411	411	-1	0.749	11	None	GENOMAD.013210.VV	1.555e-13	69	0	0	1	2561	Caudoviricetes	NA	NA	PF00211;PF08994;PF08993;COG2114	Adenylate and Guanylate cyclase catalytic domain; T4 gene Gp59 loader of gp41 DNA helicase C-term; T4 gene Gp59 loader of gp41 DNA helicase
k127_331707_1	1	246	246	1	0.476	11	None	GENOMAD.195656.VP	3.553e-07	48	0	0	1	9067	Straboviridae	NA	NA	PF19835;PF07453;TIGR01453;COG2827	group I intron endonuclease
k127_670905_1	3	308	306	-1	0.729	11	None	GENOMAD.161754.VP	6.068e-10	57	0	0	1	2561	Caudoviricetes	NA	NA	PF05521;COG5614;TIGR01563	Bacteriophage head-tail adaptor
k127_332201_1	2	751	750	1	0.692	11	None	GENOMAD.053137.VV	1.721e-32	129	0	0	1	2561	Caudoviricetes	NA	NA	PF17482	Phage tail sheath C-terminal domain
k127_332201_2	770	1216	447	1	0.635	11	AGGAG	NA	NA	NA	0	0	0	1	NA	NA	NA	NA	NA
k127_61044_1	1	498	498	-1	0.739	11	None	GENOMAD.219105.VP	0.0001126	44	0	0	1	2561	Caudoviricetes	NA	NA	PF20025;PF01068;K18951;TIGR04120;COG5226	DNA ligase, ATP-dependent, PP_1105 family
k127_332683_1	1	948	948	-1	0.724	11	None	GENOMAD.056974.VV	0.000558	44	0	0	1	2561	Caudoviricetes	NA	NA	PF18751;COG4185;TIGR01360;K13829	P-loop Nucleotide Kinase3
k127_462414_1	3	338	336	-1	0.699	11	AGGAG	GENOMAD.019257.VV	5.718e-06	46	0	0	1	2561	Caudoviricetes	NA	NA	K21531	NA
k127_462414_2	348	506	159	-1	0.698	11	None	NA	NA	NA	0	0	0	1	NA	NA	NA	NA	NA
k127_332879_1	2	322	321	1	0.701	11	None	GENOMAD.053137.VV	4.824e-06	46	0	0	1	2561	Caudoviricetes	NA	NA	PF17482	Phage tail sheath C-terminal domain
k127_599056_1	2	391	390	-1	0.718	11	None	GENOMAD.068590.VV	3.432e-10	59	0	0	1	2561	Caudoviricetes	NA	NA	PF13871;PF11242;K11654;TIGR00721	C-terminal domain on Strawberry notch homologue
k127_260218_1	2	391	390	-1	0.523	11	None	GENOMAD.033909.VV	2.069e-06	48	0	0	1	2561	Caudoviricetes	NA	NA	PF11114;TIGR01725;COG5005	phage protein, HK97 gp10 family
k127_125537_1	1	333	333	1	0.706	11	None	GENOMAD.060259.VV	2.287e-07	50	0	0	1	2561	Caudoviricetes	NA	NA	PF20307;TIGR02236;COG0468;K04484	Divergent DnaB-like ATPase
k127_193018_1	2	304	303	-1	0.657	11	None	GENOMAD.002027.VV	9.522e-05	42	0	0	1	2561	Caudoviricetes	NA	NA	PF05766	Bacteriophage Lambda NinG protein
k127_62348_1	1	966	966	-1	0.645	11	None	GENOMAD.000175.VV	1.036e-07	56	0	0	1	8305	Partitiviridae	NA	NA	PF00680;COG3344	Viral RNA-dependent RNA polymerase
k127_463531_1	66	302	237	1	0.667	11	GGAGG	GENOMAD.127022.VV	1.309e-15	72	0	0	1	2561	Caudoviricetes	NA	NA	PF04586;K06904;COG3740;TIGR01543	Phage head maturation protease
k127_62596_1	3	365	363	-1	0.719	11	None	GENOMAD.187216.VV	2.455e-27	108	0	0	1	1	NA	NA	NA	PF16945	Putative lactococcus lactis phage r1t holin
k127_261328_1	3	518	516	1	0.684	11	None	GENOMAD.053137.VV	1.987e-35	134	0	0	1	2561	Caudoviricetes	NA	NA	PF17482	Phage tail sheath C-terminal domain
k127_402431_1	89	403	315	-1	0.663	11	AGGA	GENOMAD.033530.VV	1.039e-28	111	0	0	1	2561	Caudoviricetes	NA	NA	PF05065;TIGR01554;COG4653	phage major capsid protein, HK97 family
k127_334807_1	2	331	330	-1	0.676	11	None	GENOMAD.053137.VV	1.686e-18	82	0	0	1	2561	Caudoviricetes	NA	NA	PF17482	Phage tail sheath C-terminal domain
k127_601376_1	2	529	528	1	0.684	11	None	GENOMAD.193019.VV	4.867e-15	75	0	0	1	2561	Caudoviricetes	NA	NA	PF17541;COG3497;TIGR02243	Phage tail sheath protein FI
k127_262613_1	1	366	366	1	0.675	11	None	GENOMAD.053137.VV	1.103e-27	109	0	0	1	2561	Caudoviricetes	NA	NA	PF17482	Phage tail sheath C-terminal domain
k127_335946_1	3	413	411	1	0.669	11	None	GENOMAD.068048.VV	2.679e-16	77	0	0	1	2561	Caudoviricetes	NA	NA	PF20307;TIGR03600;K02314;COG0305	phage replicative helicase, DnaB family, HK022 subfamily
k127_65167_1	1	450	450	-1	0.698	11	None	GENOMAD.134196.VV	1.617e-36	136	0	0	1	2561	Caudoviricetes	NA	NA	PF19307	Phage capsid-like protein
k127_65271_1	1	324	324	-1	0.645	11	None	GENOMAD.068048.VV	3.122e-11	61	0	0	1	2561	Caudoviricetes	NA	NA	PF20307;TIGR03600;K02314;COG0305	phage replicative helicase, DnaB family, HK022 subfamily
k127_466556_1	1	327	327	1	0.645	11	None	GENOMAD.053137.VV	2.543e-21	90	0	0	1	2561	Caudoviricetes	NA	NA	PF17482	Phage tail sheath C-terminal domain
k127_466967_1	2	115	114	-1	0.763	11	None	NA	NA	NA	0	0	0	1	NA	NA	NA	NA	NA
k127_466967_2	173	1030	858	-1	0.727	11	None	GENOMAD.057710.VV	0.0001086	46	0	0	1	2561	Caudoviricetes	NA	NA	PF00589;PF04860;K07358;TIGR01537	Phage integrase family; Phage portal protein
k127_129701_1	1	330	330	1	0.536	11	None	GENOMAD.068048.VV	1.247e-13	68	0	0	1	2561	Caudoviricetes	NA	NA	PF20307;TIGR03600;K02314;COG0305	phage replicative helicase, DnaB family, HK022 subfamily
k127_197017_1	1	138	138	-1	0.725	11	GGxGG	NA	NA	NA	0	0	0	1	NA	NA	NA	NA	NA
k127_197017_2	151	678	528	-1	0.686	11	None	GENOMAD.057710.VV	2.909e-05	46	0	0	1	2561	Caudoviricetes	NA	NA	PF00589;PF04860;K07358;TIGR01537	Phage integrase family; Phage portal protein
k127_468093_1	2	703	702	1	0.511	11	None	GENOMAD.002318.VV	3.065e-49	177	0	0	1	2561	Caudoviricetes	NA	NA	PF11242;TIGR00721	NA
k127_468093_2	706	783	78	1	0.487	11	GGAGG	NA	NA	NA	0	0	0	1	NA	NA	NA	NA	NA
k127_468107_1	1	711	711	-1	0.700	11	None	GENOMAD.042265.VV	8.442e-07	52	0	0	1	2561	Caudoviricetes	NA	NA	PF20307;TIGR02237;COG0468;K04485	Divergent DnaB-like ATPase
k127_265631_1	1	339	339	1	0.729	11	None	GENOMAD.119462.VV	5.728e-15	72	0	0	1	2561	Caudoviricetes	NA	NA	TIGR01543	phage prohead protease, HK97 family
k127_130916_1	1	339	339	-1	0.593	11	None	GENOMAD.116946.VP	3.442e-12	64	0	0	1	2561	Caudoviricetes	NA	NA	COG3941	Phage tail tape-measure protein, controls tail length
k127_131664_1	1	333	333	1	0.655	11	None	GENOMAD.218988.VP	2.495e-06	47	0	0	1	1	NA	NA	NA	PF09293	T4 RNase H, C terminal
k127_469596_1	70	489	420	-1	0.607	11	None	GENOMAD.068048.VV	7.539e-14	70	0	0	1	2561	Caudoviricetes	NA	NA	PF20307;TIGR03600;K02314;COG0305	phage replicative helicase, DnaB family, HK022 subfamily
k127_469739_1	2	538	537	1	0.659	11	None	GENOMAD.096254.VV	2.925e-24	102	0	0	1	2561	Caudoviricetes	NA	NA	PF05136;TIGR01539;COG5511	phage portal protein, lambda family
k127_606731_1	1	384	384	1	0.729	11	None	GENOMAD.105745.VV	3.469e-09	56	0	0	1	2561	Caudoviricetes	NA	NA	PF06714;COG4540	Gp5 N-terminal OB domain
k127_470331_1	2	385	384	1	0.677	11	None	GENOMAD.053137.VV	2.479e-30	117	0	0	1	2561	Caudoviricetes	NA	NA	PF17482	Phage tail sheath C-terminal domain
k127_538927_1	737	1753	1017	1	0.657	11	GGAG/GAGG	GENOMAD.000254.VV	8.658e-06	50	0	0	1	4401	Narnaviridae	NA	NA	PF05919	Mitovirus RNA-dependent RNA polymerase
k127_133201_1	1	303	303	-1	0.663	11	None	GENOMAD.098207.VP	1.563e-15	73	0	0	1	2561	Caudoviricetes	NA	NA	PF06673;TIGR01554;COG1659	Lactococcus lactis bacteriophage major capsid protein
k127_471097_1	2	319	318	1	0.645	11	None	GENOMAD.002026.VV	2.217e-05	44	0	0	1	2561	Caudoviricetes	NA	NA	PF05766;TIGR02646	Bacteriophage Lambda NinG protein
k127_201143_1	38	370	333	1	0.658	11	GGAGG	GENOMAD.082189.VV	3.917e-18	81	0	0	1	2561	Caudoviricetes	NA	NA	PF00959;COG3772	Phage-related lysozyme (muramidase), GH24 family
k127_608041_1	2	373	372	-1	0.645	11	None	GENOMAD.053137.VV	3.974e-15	73	0	0	1	2561	Caudoviricetes	NA	NA	PF17482	Phage tail sheath C-terminal domain
k127_472294_1	2	1042	1041	-1	0.728	11	None	GENOMAD.054246.VV	5.984e-08	57	0	0	1	2561	Caudoviricetes	NA	NA	COG3497	NA
k127_540750_1	3	353	351	1	0.707	11	None	GENOMAD.023991.VV	8.332e-21	89	0	0	1	2561	Caudoviricetes	NA	NA	COG5410	Mu-like prophage FluMu protein gp28
k127_202119_1	2	361	360	-1	0.678	11	None	GENOMAD.154686.VV	2.318e-19	85	0	0	1	2561	Caudoviricetes	NA	NA	PF17288	Terminase RNAseH like domain
k127_609273_1	1	246	246	1	0.756	11	None	GENOMAD.037816.VV	1.262e-09	55	0	0	0	2561	Caudoviricetes	NA	NA	NA	NA
k127_609273_2	261	812	552	1	0.692	11	GGA/GAG/AGG	GENOMAD.048768.VV	7.095e-35	133	0	0	1	2561	Caudoviricetes	NA	NA	PF04233;TIGR01641	Phage Mu protein F like protein
