gene	start	end	length	strand	gc_content	genetic_code	rbs_motif	marker	evalue	bitscore	uscg	plasmid_hallmark	virus_hallmark	taxid	taxname	annotation_conjscan	annotation_amr	annotation_accessions	annotation_description
k127_271442_1	3	890	888	1	0.689	11	None	GENOMAD.068590.VV	7.055e-15	78	0	0	1	2561	Caudoviricetes	NA	NA	PF13871;PF11242;K11654;TIGR00721	C-terminal domain on Strawberry notch homologue
k127_163259_1	2	358	357	1	0.611	11	None	GENOMAD.124283.VV	4.107e-29	113	0	0	1	2561	Caudoviricetes	NA	NA	PF04865;COG3299	Baseplate J-like protein
k127_489029_1	3	374	372	-1	0.656	11	None	GENOMAD.116655.VV	3.54e-07	50	0	0	1	2561	Caudoviricetes	NA	NA	PF04860;TIGR01537;COG5005	phage portal protein, HK97 family
k127_217706_1	2	604	603	1	0.625	11	None	GENOMAD.220282.VP	4.551e-15	76	0	0	1	1	NA	NA	NA	PF20223;PF03420	Prohead core protein serine protease
k127_217756_1	3	68	66	1	0.545	11	None	NA	NA	NA	0	0	0	1	NA	NA	NA	NA	NA
k127_217756_2	58	471	414	1	0.626	11	AGGA	GENOMAD.118726.VP	7.278e-14	70	0	0	1	2561	Caudoviricetes	NA	NA	PF09588;COG5377;TIGR03033;K01143	Phage-related protein, predicted endonuclease
k127_434927_1	3	773	771	-1	0.656	11	GGA/GAG/AGG	GENOMAD.013124.VV	3.637e-17	84	0	0	1	377	Drexlerviridae	NA	NA	PF13262;COG5410	NA
k127_109312_1	3	713	711	-1	0.603	11	None	GENOMAD.169508.VP	2.207e-10	63	0	0	1	2561	Caudoviricetes	NA	NA	PF04708;PF13262;COG1961;K14060	Site-specific DNA recombinase related to the DNA invertase Pin
k127_272195_1	34	474	441	-1	0.653	11	None	GENOMAD.223594.VP	7.053e-06	47	0	0	1	2561	Caudoviricetes	NA	NA	PF11994;PF09684;TIGR01634;COG4385	phage tail protein, P2 protein I family
k127_380779_1	1	342	342	1	0.649	11	None	GENOMAD.223594.VP	1.308e-05	45	0	0	1	2561	Caudoviricetes	NA	NA	PF11994;PF09684;TIGR01634;COG4385	phage tail protein, P2 protein I family
k127_55167_1	2	751	750	-1	0.673	11	AGGAG	GENOMAD.013124.VV	1.401e-19	91	0	0	1	377	Drexlerviridae	NA	NA	PF13262;COG5410	NA
k127_55167_2	748	1107	360	-1	0.717	11	None	GENOMAD.157569.VV	3.249e-06	47	0	0	0	1	NA	NA	NA	PF18932	NA
k127_326625_1	1	303	303	1	0.611	11	None	GENOMAD.218244.VP	4.753e-12	63	0	0	1	2561	Caudoviricetes	NA	NA	PF07030;COG4387	Mu-like prophage protein gp36
k127_435295_1	5	307	303	-1	0.630	11	None	GENOMAD.068048.VV	4.112e-13	66	0	0	1	2561	Caudoviricetes	NA	NA	PF20307;TIGR03600;K02314;COG0305	phage replicative helicase, DnaB family, HK022 subfamily
k127_272529_1	1	906	906	-1	0.658	11	None	GENOMAD.169508.VP	1.337e-11	68	0	0	1	2561	Caudoviricetes	NA	NA	PF04708;PF13262;COG1961;K14060	Site-specific DNA recombinase related to the DNA invertase Pin
k127_1348_1	3	338	336	1	0.580	11	None	GENOMAD.064271.VV	6.198e-05	43	0	0	1	2561	Caudoviricetes	NA	NA	PF09588;COG5377	Phage-related protein, predicted endonuclease
k127_55679_1	78	596	519	1	0.653	11	GGAG/GAGG	GENOMAD.105412.VV	5.896e-07	51	0	0	1	2561	Caudoviricetes	NA	NA	COG4675	Microcystin-dependent protein  (function unknown)
k127_55679_2	627	1172	546	1	0.628	11	GGAG/GAGG	GENOMAD.140351.VV	1.525e-08	56	0	0	1	2561	Caudoviricetes	NA	NA	COG4675	Microcystin-dependent protein  (function unknown)
k127_55679_3	1209	1352	144	1	0.618	11	AGGAG/GGAGG	NA	NA	NA	0	0	0	1	NA	NA	NA	NA	NA
k127_435725_1	3	386	384	-1	0.568	11	None	GENOMAD.190782.VV	3.429e-43	154	0	0	1	2561	Caudoviricetes	NA	NA	PF03864	Phage major capsid protein E
k127_490738_1	1	453	453	-1	0.570	11	None	GENOMAD.061381.VV	9.802e-16	76	0	0	1	2561	Caudoviricetes	NA	NA	PF17288	Terminase RNAseH like domain
k127_273633_1	3	389	387	-1	0.594	11	GGAGG	GENOMAD.022372.VV	9.759e-16	75	0	0	1	2561	Caudoviricetes	NA	NA	PF04708;COG1961;K14060	Site-specific DNA recombinase related to the DNA invertase Pin
k127_273633_2	386	850	465	-1	0.673	11	None	NA	NA	NA	0	0	0	1	NA	NA	NA	NA	NA
k127_219368_1	3	209	207	-1	0.556	11	AGGA/GGAG/GAGG	GENOMAD.195656.VP	4.149e-08	50	0	0	1	9067	Straboviridae	NA	NA	PF19835;PF07453;TIGR01453;COG2827	group I intron endonuclease
k127_219514_1	1	405	405	-1	0.432	11	None	GENOMAD.014021.VV	4.663e-08	53	0	0	1	12031	Mimiviridae	NA	NA	PF16903	Major capsid protein N-terminus
k127_382530_1	3	311	309	-1	0.618	11	None	GENOMAD.064271.VV	4.189e-06	46	0	0	1	2561	Caudoviricetes	NA	NA	PF09588;COG5377	Phage-related protein, predicted endonuclease
k127_219736_1	3	572	570	-1	0.619	11	None	GENOMAD.169508.VP	1.233e-19	89	0	0	1	2561	Caudoviricetes	NA	NA	PF04708;PF13262;COG1961;K14060	Site-specific DNA recombinase related to the DNA invertase Pin
k127_219776_1	40	579	540	-1	0.613	11	None	GENOMAD.015093.VV	6.857e-07	51	0	0	1	2561	Caudoviricetes	NA	NA	K21523;TIGR02952	NA
k127_219840_1	1	384	384	-1	0.672	11	AGGAG	GENOMAD.126912.VP	2.655e-21	91	0	0	1	2561	Caudoviricetes	NA	NA	PF11863;COG4386	Mu-like prophage tail sheath protein gpL
k127_274121_1	3	530	528	-1	0.633	11	None	GENOMAD.169508.VP	2.989e-06	49	0	0	1	2561	Caudoviricetes	NA	NA	PF04708;PF13262;COG1961;K14060	Site-specific DNA recombinase related to the DNA invertase Pin
k127_57096_1	2	913	912	1	0.593	11	None	GENOMAD.116655.VV	8.899e-126	402	0	0	1	2561	Caudoviricetes	NA	NA	PF04860;TIGR01537;COG5005	phage portal protein, HK97 family
k127_2965_1	2	349	348	1	0.566	11	None	GENOMAD.161099.VV	2.949e-06	47	0	0	1	2561	Caudoviricetes	NA	NA	PF16724;COG4119;TIGR02705;K12629	T4-like virus Myoviridae tail sheath stabiliser
k127_220444_1	2	379	378	1	0.683	11	None	GENOMAD.182236.VP	3.772e-07	50	0	0	1	2561	Caudoviricetes	NA	NA	PF16724;COG4119;TIGR02705;K12152	T4-like virus Myoviridae tail sheath stabiliser
k127_3371_1	138	659	522	-1	0.632	11	None	GENOMAD.013210.VV	2.261e-13	70	0	0	1	2561	Caudoviricetes	NA	NA	PF00211;PF08994;PF08993;COG2114	Adenylate and Guanylate cyclase catalytic domain; T4 gene Gp59 loader of gp41 DNA helicase C-term; T4 gene Gp59 loader of gp41 DNA helicase
k127_383523_1	2	301	300	1	0.680	11	None	GENOMAD.023991.VV	6.866e-08	51	0	0	1	2561	Caudoviricetes	NA	NA	COG5410	Mu-like prophage FluMu protein gp28
k127_3591_1	1	642	642	1	0.589	11	None	GENOMAD.158965.VP	2.081e-23	101	0	0	1	2561	Caudoviricetes	NA	NA	PF05772;PF04404;COG5362	NinB protein; ERF superfamily
k127_166624_1	1	687	687	-1	0.678	11	None	GENOMAD.013124.VV	1.788e-08	57	0	0	1	377	Drexlerviridae	NA	NA	PF13262;COG5410	NA
k127_220856_1	1	417	417	-1	0.695	11	GGAG/GAGG	GENOMAD.109691.VV	2.033e-20	89	0	0	1	2561	Caudoviricetes	NA	NA	PF06141	Phage minor tail protein U
k127_220856_2	414	644	231	-1	0.675	11	None	GENOMAD.059582.VV	7.61e-27	104	0	0	1	2561	Caudoviricetes	NA	NA	TIGR01725	phage protein, HK97 gp10 family
k127_438150_1	1	195	195	1	0.600	11	None	NA	NA	NA	0	0	0	1	NA	NA	NA	NA	NA
k127_438150_2	188	598	411	1	0.574	11	GGAG/GAGG	GENOMAD.022372.VV	8.238e-12	64	0	0	1	2561	Caudoviricetes	NA	NA	PF04708;COG1961;K14060	Site-specific DNA recombinase related to the DNA invertase Pin
k127_492545_1	2	442	441	-1	0.594	11	None	GENOMAD.022740.VV	1.777e-25	104	0	0	1	2561	Caudoviricetes	NA	NA	PF17482;PF00062	Phage tail sheath C-terminal domain; C-type lysozyme/alpha-lactalbumin family
k127_275694_1	142	1281	1140	-1	0.610	11	None	GENOMAD.044416.VV	6.148e-07	54	0	0	1	2561	Caudoviricetes	NA	NA	TIGR01537	NA
k127_275694_2	1278	1355	78	-1	0.641	11	None	NA	NA	NA	0	0	0	1	NA	NA	NA	NA	NA
k127_4373_1	3	311	309	1	0.414	11	None	GENOMAD.031641.VV	2.561e-11	61	0	0	1	1	NA	NA	NA	PF20387	NA
k127_221532_1	2	436	435	1	0.483	11	None	GENOMAD.223820.VV	7.108e-05	44	0	0	1	2561	Caudoviricetes	NA	NA	PF05766	Bacteriophage Lambda NinG protein
k127_58653_1	2	631	630	1	0.663	11	None	GENOMAD.023991.VV	1.086e-18	87	0	0	1	2561	Caudoviricetes	NA	NA	COG5410	Mu-like prophage FluMu protein gp28
k127_438824_1	1	651	651	1	0.705	11	None	GENOMAD.013124.VV	3.298e-12	68	0	0	1	377	Drexlerviridae	NA	NA	PF13262;COG5410	NA
k127_4642_1	2	220	219	-1	0.648	11	None	NA	NA	NA	0	0	0	1	NA	NA	NA	NA	NA
k127_4642_2	223	963	741	-1	0.636	11	None	GENOMAD.169508.VP	5.138e-24	104	0	0	1	2561	Caudoviricetes	NA	NA	PF04708;PF13262;COG1961;K14060	Site-specific DNA recombinase related to the DNA invertase Pin
k127_330445_1	2	412	411	-1	0.589	11	None	GENOMAD.169508.VP	9.266e-20	87	0	0	1	2561	Caudoviricetes	NA	NA	PF04708;PF13262;COG1961;K14060	Site-specific DNA recombinase related to the DNA invertase Pin
k127_439499_1	2	622	621	-1	0.667	11	None	GENOMAD.129124.VV	2.666e-10	62	0	0	1	2561	Caudoviricetes	NA	NA	PF14550;TIGR01543;COG3740;K06904	phage prohead protease, HK97 family
k127_439608_1	3	593	591	-1	0.653	11	None	GENOMAD.013124.VV	1.943e-14	74	0	0	1	377	Drexlerviridae	NA	NA	PF13262;COG5410	NA
k127_114099_1	2	235	234	1	0.624	11	None	GENOMAD.063098.VV	6.702e-07	47	0	0	1	2561	Caudoviricetes	NA	NA	PF11126	Transcriptional regulator DsbA
k127_114099_2	495	608	114	-1	0.553	11	None	NA	NA	NA	0	0	0	1	NA	NA	NA	NA	NA
k127_5526_1	1	438	438	1	0.623	11	None	GENOMAD.064271.VV	9.608e-14	70	0	0	1	2561	Caudoviricetes	NA	NA	PF09588;COG5377	Phage-related protein, predicted endonuclease
k127_439862_1	1	774	774	-1	0.652	11	None	GENOMAD.169508.VP	8e-18	86	0	0	1	2561	Caudoviricetes	NA	NA	PF04708;PF13262;COG1961;K14060	Site-specific DNA recombinase related to the DNA invertase Pin
k127_385815_1	27	527	501	-1	0.673	11	None	GENOMAD.013124.VV	1.022e-09	59	0	0	1	377	Drexlerviridae	NA	NA	PF13262;COG5410	NA
k127_114829_1	2	289	288	1	0.635	11	None	GENOMAD.054986.VV	1.261e-07	50	0	0	1	2561	Caudoviricetes	NA	NA	PF09293	T4 RNase H, C terminal
k127_114829_2	289	570	282	1	0.613	11	GGA/GAG/AGG	GENOMAD.117231.VV	1.493e-05	44	0	0	1	2561	Caudoviricetes	NA	NA	PF09293	T4 RNase H, C terminal
k127_441027_1	3	335	333	1	0.634	11	None	GENOMAD.129124.VV	3.156e-36	133	0	0	1	2561	Caudoviricetes	NA	NA	PF14550;TIGR01543;COG3740;K06904	phage prohead protease, HK97 family
k127_224048_1	2	205	204	1	0.642	11	None	NA	NA	NA	0	0	0	1	NA	NA	NA	NA	NA
k127_224048_2	198	791	594	1	0.650	11	GGAG/GAGG	GENOMAD.169508.VP	5.272e-25	105	0	0	1	2561	Caudoviricetes	NA	NA	PF04708;PF13262;COG1961;K14060	Site-specific DNA recombinase related to the DNA invertase Pin
k127_386971_1	2	181	180	1	0.433	11	None	NA	NA	NA	0	0	0	1	NA	NA	NA	NA	NA
k127_386971_2	181	603	423	1	0.440	11	AATAA	GENOMAD.072560.VV	8.087e-14	70	0	0	1	5947	Adintoviridae	NA	NA	PF00770	Adenovirus endoprotease
k127_115658_1	3	68	66	-1	0.561	11	None	NA	NA	NA	0	0	0	1	NA	NA	NA	NA	NA
k127_115658_2	69	503	435	-1	0.586	11	None	GENOMAD.013210.VV	2.777e-08	54	0	0	1	2561	Caudoviricetes	NA	NA	PF00211;PF08994;PF08993;COG2114	Adenylate and Guanylate cyclase catalytic domain; T4 gene Gp59 loader of gp41 DNA helicase C-term; T4 gene Gp59 loader of gp41 DNA helicase
k127_61332_1	3	311	309	1	0.405	11	None	GENOMAD.013956.VV	7.878e-47	163	0	0	1	2561	Caudoviricetes	NA	NA	PF08804;K18946	gp32 DNA binding protein like
k127_115861_1	3	431	429	1	0.573	11	None	GENOMAD.013210.VV	1.923e-31	121	0	0	1	2561	Caudoviricetes	NA	NA	PF00211;PF08994;PF08993;COG2114	Adenylate and Guanylate cyclase catalytic domain; T4 gene Gp59 loader of gp41 DNA helicase C-term; T4 gene Gp59 loader of gp41 DNA helicase
k127_278746_1	3	62	60	-1	0.633	11	AGGA	NA	NA	NA	0	0	0	1	NA	NA	NA	NA	NA
k127_278746_2	84	383	300	-1	0.657	11	None	GENOMAD.002932.VV	3.28e-07	49	0	0	1	2561	Caudoviricetes	NA	NA	TIGR01630;COG5362	phage uncharacterized protein (putative large terminase), C-terminal domain
k127_387478_1	3	764	762	-1	0.701	11	None	GENOMAD.068590.VV	3.404e-16	81	0	0	1	2561	Caudoviricetes	NA	NA	PF13871;PF11242;K11654;TIGR00721	C-terminal domain on Strawberry notch homologue
k127_224635_1	1	351	351	1	0.692	11	None	GENOMAD.072479.VV	7.248e-05	43	0	0	1	1	NA	NA	NA	PF20198	Sm_like domain
k127_170590_1	2	616	615	-1	0.624	11	None	GENOMAD.001649.VV	1.958e-19	89	0	0	1	2561	Caudoviricetes	NA	NA	PF20441;PF03354;COG4626;TIGR01547	Phage terminase-like protein, large subunit, contains N-terminal HTH domain
k127_388443_1	238	498	261	1	0.602	11	GGAG/GAGG	GENOMAD.166202.VP	1.635e-09	55	0	0	1	2561	Caudoviricetes	NA	NA	PF05876;COG5410;TIGR01547	Phage terminase large subunit gpA, ATPase domain
k127_62675_1	2	454	453	1	0.576	11	None	GENOMAD.013124.VV	5.15e-14	71	0	0	1	377	Drexlerviridae	NA	NA	PF13262;COG5410	NA
k127_171401_1	1	348	348	-1	0.603	11	GGA/GAG/AGG	GENOMAD.020789.VV	1.333e-06	48	0	0	1	2561	Caudoviricetes	NA	NA	COG5410	NA
k127_171401_2	287	436	150	-1	0.620	11	None	NA	NA	NA	0	0	0	1	NA	NA	NA	NA	NA
k127_171766_1	1	291	291	1	0.567	11	None	GENOMAD.154021.VP	4.77e-10	57	0	0	1	2561	Caudoviricetes	NA	NA	PF07141;TIGR03384	Putative bacteriophage terminase small subunit
k127_389186_1	2	664	663	1	0.615	11	None	GENOMAD.068590.VV	1.647e-10	63	0	0	1	2561	Caudoviricetes	NA	NA	PF13871;PF11242;K11654;TIGR00721	C-terminal domain on Strawberry notch homologue
k127_443513_1	1	930	930	-1	0.642	11	None	GENOMAD.063711.VV	0.0001284	46	0	0	1	326	Orthornavirae	NA	NA	PF00998	Viral RNA dependent RNA polymerase
k127_226507_1	3	359	357	1	0.602	11	None	GENOMAD.160552.VV	1.148e-09	57	0	0	1	2561	Caudoviricetes	NA	NA	PF09588;COG5377;TIGR03033	Phage-related protein, predicted endonuclease
k127_226510_1	2	400	399	1	0.689	11	None	GENOMAD.094455.VP	3.251e-21	91	0	0	1	2561	Caudoviricetes	NA	NA	PF09588;COG5377;TIGR03033;K01143	Phage-related protein, predicted endonuclease
k127_63736_1	113	334	222	1	0.617	11	AGGAG	NA	NA	NA	0	0	0	1	NA	NA	NA	NA	NA
k127_63736_2	430	1689	1260	1	0.590	11	AGGAG	GENOMAD.003874.VV	0.0001057	47	0	0	1	7436	Astroviridae	NA	NA	PF00680	Viral RNA-dependent RNA polymerase
k127_9643_1	3	473	471	1	0.607	11	None	GENOMAD.022372.VV	4.004e-20	89	0	0	1	2561	Caudoviricetes	NA	NA	PF04708;COG1961;K14060	Site-specific DNA recombinase related to the DNA invertase Pin
k127_335269_1	3	317	315	-1	0.660	11	None	GENOMAD.116655.VV	1.851e-15	73	0	0	1	2561	Caudoviricetes	NA	NA	PF04860;TIGR01537;COG5005	phage portal protein, HK97 family
k127_389717_1	45	1304	1260	-1	0.602	11	GGAGG	GENOMAD.000175.VV	2.562e-05	49	0	0	1	8305	Partitiviridae	NA	NA	PF00680;COG3344	Viral RNA-dependent RNA polymerase
k127_335461_1	2	370	369	1	0.659	11	None	GENOMAD.223594.VP	1.501e-07	51	0	0	1	2561	Caudoviricetes	NA	NA	PF11994;PF09684;TIGR01634;COG4385	phage tail protein, P2 protein I family
k127_64129_1	2	487	486	1	0.586	11	None	GENOMAD.013124.VV	3.777e-12	66	0	0	1	377	Drexlerviridae	NA	NA	PF13262;COG5410	NA
k127_172880_1	3	299	297	1	0.589	11	None	GENOMAD.168715.VV	6.711e-31	117	0	0	1	2561	Caudoviricetes	NA	NA	PF05894;K06909;TIGR01547;COG1783	Podovirus DNA encapsidation protein (Gp16)
k127_335790_1	2	520	519	-1	0.671	11	None	GENOMAD.023991.VV	1.137e-11	65	0	0	1	2561	Caudoviricetes	NA	NA	COG5410	Mu-like prophage FluMu protein gp28
k127_445311_1	1	1032	1032	1	0.639	11	None	GENOMAD.169508.VP	8.741e-19	91	0	0	1	2561	Caudoviricetes	NA	NA	PF04708;PF13262;COG1961;K14060	Site-specific DNA recombinase related to the DNA invertase Pin
k127_65316_1	2	898	897	-1	0.666	11	None	GENOMAD.013124.VV	9.047e-21	96	0	0	1	377	Drexlerviridae	NA	NA	PF13262;COG5410	NA
k127_282787_1	2	94	93	1	0.505	11	None	NA	NA	NA	0	0	0	1	NA	NA	NA	NA	NA
k127_282787_2	91	495	405	1	0.622	11	AGGA	GENOMAD.169508.VP	1.448e-13	69	0	0	1	2561	Caudoviricetes	NA	NA	PF04708;PF13262;COG1961;K14060	Site-specific DNA recombinase related to the DNA invertase Pin
k127_337150_1	3	308	306	-1	0.304	11	ATATA	NA	NA	NA	0	0	0	1	NA	NA	NA	NA	NA
k127_337150_2	309	1166	858	-1	0.331	11	TATATA	NA	NA	NA	0	0	0	1	NA	NA	NA	NA	NA
k127_337150_3	1247	1957	711	-1	0.329	11	TATA	NA	NA	NA	0	0	0	1	NA	NA	NA	NA	NA
k127_337150_4	1997	2965	969	1	0.343	11	TATA	GENOMAD.072560.VV	1.433e-32	132	0	0	1	5947	Adintoviridae	NA	NA	PF00770	Adenovirus endoprotease
k127_446082_1	3	551	549	-1	0.625	11	None	GENOMAD.169508.VP	9.836e-20	89	0	0	1	2561	Caudoviricetes	NA	NA	PF04708;PF13262;COG1961;K14060	Site-specific DNA recombinase related to the DNA invertase Pin
k127_283294_1	2	1042	1041	1	0.655	11	None	GENOMAD.023991.VV	4.573e-20	95	0	0	1	2561	Caudoviricetes	NA	NA	COG5410	Mu-like prophage FluMu protein gp28
k127_121033_1	558	1931	1374	1	0.642	11	AGGA	GENOMAD.208446.VP	1.616e-26	117	0	0	0	2561	Caudoviricetes	NA	NA	PF01555;COG4725;K13581	N6-adenosine-specific RNA methylase IME4
k127_121033_2	1921	2307	387	1	0.633	11	GGAGG	NA	NA	NA	0	0	0	1	NA	NA	NA	NA	NA
k127_121033_3	2304	3365	1062	1	0.628	11	GGAGG	GENOMAD.013124.VV	5.289e-21	98	0	0	1	377	Drexlerviridae	NA	NA	PF13262;COG5410	NA
k127_121201_1	2	658	657	1	0.636	11	None	GENOMAD.129874.VP	3.112e-104	335	0	0	1	2561	Caudoviricetes	NA	NA	PF10076;COG3778;TIGR02242	Uncharacterized protein YmfQ in lambdoid prophage, DUF2313 family
k127_446903_1	1	327	327	1	0.612	11	None	GENOMAD.116655.VV	8.788e-25	100	0	0	1	2561	Caudoviricetes	NA	NA	PF04860;TIGR01537;COG5005	phage portal protein, HK97 family
k127_229818_1	1	351	351	1	0.655	11	None	GENOMAD.099865.VV	3.39e-22	93	0	0	1	2561	Caudoviricetes	NA	NA	PF04466;PF17289;TIGR01547;COG5323;K06909	phage terminase, large subunit, PBSX family
k127_284457_1	3	524	522	1	0.630	11	None	GENOMAD.023991.VV	1.259e-09	59	0	0	1	2561	Caudoviricetes	NA	NA	COG5410	Mu-like prophage FluMu protein gp28
k127_13143_1	3	662	660	1	0.591	11	None	GENOMAD.013210.VV	2.374e-24	104	0	0	1	2561	Caudoviricetes	NA	NA	PF00211;PF08994;PF08993;COG2114	Adenylate and Guanylate cyclase catalytic domain; T4 gene Gp59 loader of gp41 DNA helicase C-term; T4 gene Gp59 loader of gp41 DNA helicase
k127_230262_1	1	357	357	1	0.625	11	None	GENOMAD.017632.VV	7.176e-06	46	0	0	1	2561	Caudoviricetes	NA	NA	PF03354;COG5410;TIGR01547	phage terminase, large subunit, PBSX family
k127_284595_1	148	762	615	-1	0.610	11	None	GENOMAD.129396.VP	2.495e-09	59	0	0	1	2561	Caudoviricetes	NA	NA	PF20454	Terminase large subunit gpA, endonuclease domain
k127_338823_1	1	552	552	-1	0.578	11	GGAG/GAGG	GENOMAD.116655.VV	2.65e-55	192	0	0	1	2561	Caudoviricetes	NA	NA	PF04860;TIGR01537;COG5005	phage portal protein, HK97 family
k127_176434_1	2	436	435	1	0.598	11	None	NA	NA	NA	0	0	0	1	NA	NA	NA	NA	NA
k127_176434_2	443	685	243	1	0.576	11	None	GENOMAD.123040.VV	2.824e-09	54	0	0	1	2561	Caudoviricetes	NA	NA	PF09681;TIGR01714	NA
k127_339895_1	1	750	750	-1	0.609	11	None	GENOMAD.013210.VV	7.374e-46	168	0	0	1	2561	Caudoviricetes	NA	NA	PF00211;PF08994;PF08993;COG2114	Adenylate and Guanylate cyclase catalytic domain; T4 gene Gp59 loader of gp41 DNA helicase C-term; T4 gene Gp59 loader of gp41 DNA helicase
k127_122923_1	3	950	948	-1	0.646	11	None	GENOMAD.000175.VV	2.042e-07	55	0	0	1	8305	Partitiviridae	NA	NA	PF00680;COG3344	Viral RNA-dependent RNA polymerase
k127_177457_1	1	393	393	-1	0.662	11	None	GENOMAD.109691.VV	7.317e-20	87	0	0	1	2561	Caudoviricetes	NA	NA	PF06141	Phage minor tail protein U
k127_69271_1	3	398	396	1	0.644	11	None	GENOMAD.181728.VV	7.258e-11	61	0	0	1	2561	Caudoviricetes	NA	NA	PF09588;COG5377;TIGR03033	Phage-related protein, predicted endonuclease
k127_69271_2	382	597	216	1	0.639	11	GGAG/GAGG	NA	NA	NA	0	0	0	1	NA	NA	NA	NA	NA
k127_286670_1	1	336	336	-1	0.640	11	None	GENOMAD.141431.VP	8.901e-10	57	0	0	1	2561	Caudoviricetes	NA	NA	PF04466;TIGR01547;COG1783	Phage terminase large subunit
k127_15707_1	2	535	534	-1	0.657	11	None	GENOMAD.013124.VV	4.887e-16	78	0	0	1	377	Drexlerviridae	NA	NA	PF13262;COG5410	NA
k127_15707_2	532	933	402	-1	0.652	11	None	NA	NA	NA	0	0	0	1	NA	NA	NA	NA	NA
k127_124334_1	3	416	414	1	0.623	11	None	GENOMAD.109691.VV	5.184e-18	82	0	0	1	2561	Caudoviricetes	NA	NA	PF06141	Phage minor tail protein U
k127_504233_1	2	811	810	-1	0.649	11	None	GENOMAD.169508.VP	2.077e-24	106	0	0	1	2561	Caudoviricetes	NA	NA	PF04708;PF13262;COG1961;K14060	Site-specific DNA recombinase related to the DNA invertase Pin
k127_504628_1	3	1559	1557	-1	0.674	11	AGGA	GENOMAD.116655.VV	2.791e-56	209	0	0	1	2561	Caudoviricetes	NA	NA	PF04860;TIGR01537;COG5005	phage portal protein, HK97 family
k127_450574_1	3	770	768	1	0.613	11	None	GENOMAD.169508.VP	1.594e-20	94	0	0	1	2561	Caudoviricetes	NA	NA	PF04708;PF13262;COG1961;K14060	Site-specific DNA recombinase related to the DNA invertase Pin
k127_505234_1	1	372	372	1	0.651	11	None	GENOMAD.154686.VV	4.551e-22	93	0	0	1	2561	Caudoviricetes	NA	NA	PF17288	Terminase RNAseH like domain
k127_451037_1	2	331	330	-1	0.627	11	None	GENOMAD.068048.VV	1.247e-13	68	0	0	1	2561	Caudoviricetes	NA	NA	PF20307;TIGR03600;K02314;COG0305	phage replicative helicase, DnaB family, HK022 subfamily
k127_451119_1	2	310	309	-1	0.599	11	None	GENOMAD.134078.VP	2.069e-05	44	0	0	1	2561	Caudoviricetes	NA	NA	PF07141	Putative bacteriophage terminase small subunit
k127_17241_1	1	507	507	1	0.594	11	None	GENOMAD.044416.VV	2.351e-09	58	0	0	1	2561	Caudoviricetes	NA	NA	TIGR01537	NA
k127_17241_2	504	572	69	1	0.551	11	AGxAGG/AGGxGG	NA	NA	NA	0	0	0	1	NA	NA	NA	NA	NA
k127_125987_1	1	465	465	-1	0.667	11	None	NA	NA	NA	0	0	0	1	NA	NA	NA	NA	NA
k127_125987_2	524	1999	1476	-1	0.581	11	None	GENOMAD.013124.VV	6.041e-28	122	0	0	1	377	Drexlerviridae	NA	NA	PF13262;COG5410	NA
k127_125987_3	2002	2586	585	-1	0.576	11	None	NA	NA	NA	0	0	0	1	NA	NA	NA	NA	NA
k127_125987_4	2543	3973	1431	-1	0.607	11	None	GENOMAD.208446.VP	8.804e-26	115	0	0	0	2561	Caudoviricetes	NA	NA	PF01555;COG4725;K13581	N6-adenosine-specific RNA methylase IME4
k127_125987_5	4068	4715	648	-1	0.596	11	None	NA	NA	NA	0	0	0	1	NA	NA	NA	NA	NA
k127_234588_1	166	1335	1170	-1	0.610	11	None	GENOMAD.000175.VV	2.266e-05	49	0	0	1	8305	Partitiviridae	NA	NA	PF00680;COG3344	Viral RNA-dependent RNA polymerase
k127_71763_1	2	1048	1047	1	0.615	11	None	GENOMAD.169508.VP	6.228e-14	76	0	0	1	2561	Caudoviricetes	NA	NA	PF04708;PF13262;COG1961;K14060	Site-specific DNA recombinase related to the DNA invertase Pin
k127_506245_1	2	1018	1017	1	0.611	11	None	GENOMAD.013210.VV	2.22e-29	123	0	0	1	2561	Caudoviricetes	NA	NA	PF00211;PF08994;PF08993;COG2114	Adenylate and Guanylate cyclase catalytic domain; T4 gene Gp59 loader of gp41 DNA helicase C-term; T4 gene Gp59 loader of gp41 DNA helicase
k127_234967_1	1	420	420	1	0.638	11	None	GENOMAD.147427.VP	4.931e-19	85	0	0	1	2561	Caudoviricetes	NA	NA	PF07141	Putative bacteriophage terminase small subunit
k127_235149_1	1	447	447	-1	0.600	11	None	GENOMAD.179365.VP	1.462e-08	55	0	0	1	2561	Caudoviricetes	NA	NA	PF17289;COG5362	Phage terminase large subunit
k127_72404_1	3	380	378	-1	0.698	11	None	GENOMAD.004420.VV	2.313e-13	68	0	0	1	2561	Caudoviricetes	NA	NA	PF20441;COG5362	Terminase large subunit, endonuclease domain
k127_127025_1	1	372	372	-1	0.263	11	None	GENOMAD.154384.VP	8.922e-05	43	0	0	1	2561	Caudoviricetes	NA	NA	PF19835;TIGR01453;COG3680	group I intron endonuclease
k127_452638_1	2	283	282	1	0.642	11	None	NA	NA	NA	0	0	0	1	NA	NA	NA	NA	NA
k127_452638_2	286	1092	807	1	0.683	11	None	GENOMAD.013124.VV	1.008e-20	95	0	0	1	377	Drexlerviridae	NA	NA	PF13262;COG5410	NA
k127_235788_1	1	354	354	1	0.616	11	None	GENOMAD.093408.VV	2.787e-40	145	0	0	1	2561	Caudoviricetes	NA	NA	PF09356;PF11836;TIGR02218	phage conserved hypothetical protein BR0599
k127_235788_2	351	776	426	1	0.631	11	GGAG/GAGG	GENOMAD.153734.VC	1.245e-43	156	0	0	0	2561	Caudoviricetes	NA	NA	PF06940;COG3738;K13695;TIGR02219	Uncharacterized protein YijF, DUF1287 family
k127_235788_3	797	1252	456	1	0.607	11	None	NA	NA	NA	0	0	0	1	NA	NA	NA	NA	NA
k127_507430_1	1	306	306	1	0.559	11	None	GENOMAD.060259.VV	8.986e-06	45	0	0	1	2561	Caudoviricetes	NA	NA	PF20307;TIGR02236;COG0468;K04484	Divergent DnaB-like ATPase
k127_19264_1	1	351	351	1	0.670	11	None	GENOMAD.017840.VV	1.527e-30	117	0	0	1	2561	Caudoviricetes	NA	NA	PF17288	Terminase RNAseH like domain
k127_290650_1	1	597	597	-1	0.621	11	None	GENOMAD.169508.VP	1.976e-15	77	0	0	1	2561	Caudoviricetes	NA	NA	PF04708;PF13262;COG1961;K14060	Site-specific DNA recombinase related to the DNA invertase Pin
k127_290919_1	3	491	489	-1	0.548	11	None	GENOMAD.062140.VV	0.0001061	44	0	0	1	1	NA	NA	NA	PF05367	Phage endonuclease I
k127_236888_1	3	521	519	1	0.595	11	None	GENOMAD.013210.VV	2.356e-24	102	0	0	1	2561	Caudoviricetes	NA	NA	PF00211;PF08994;PF08993;COG2114	Adenylate and Guanylate cyclase catalytic domain; T4 gene Gp59 loader of gp41 DNA helicase C-term; T4 gene Gp59 loader of gp41 DNA helicase
k127_291194_1	1	354	354	1	0.644	11	None	GENOMAD.013124.VV	5.45e-09	55	0	0	1	377	Drexlerviridae	NA	NA	PF13262;COG5410	NA
k127_508417_1	1	369	369	-1	0.577	11	None	GENOMAD.137904.VV	3.428e-07	50	0	0	1	2561	Caudoviricetes	NA	NA	PF07141;COG2963;K01994;TIGR03879	Putative bacteriophage terminase small subunit
k127_400287_1	3	302	300	-1	0.627	11	None	GENOMAD.092606.VV	1.86e-05	44	0	0	1	2561	Caudoviricetes	NA	NA	PF05065;COG4653;TIGR01554	Predicted phage phi-C31 gp36 major capsid-like protein
k127_345941_1	9	455	447	1	0.347	11	None	GENOMAD.072560.VV	4.374e-33	126	0	0	1	5947	Adintoviridae	NA	NA	PF00770	Adenovirus endoprotease
k127_345941_2	521	1435	915	1	0.354	11	None	NA	NA	NA	0	0	0	1	NA	NA	NA	NA	NA
k127_345941_3	1465	2082	618	-1	0.322	11	None	GENOMAD.082657.VV	1.07e-05	48	0	0	0	1	NA	NA	NA	NA	NA
k127_183505_1	3	350	348	1	0.687	11	None	GENOMAD.116655.VV	2.661e-24	99	0	0	1	2561	Caudoviricetes	NA	NA	PF04860;TIGR01537;COG5005	phage portal protein, HK97 family
k127_291931_1	3	392	390	-1	0.613	11	None	GENOMAD.022372.VV	2.457e-14	71	0	0	1	2561	Caudoviricetes	NA	NA	PF04708;COG1961;K14060	Site-specific DNA recombinase related to the DNA invertase Pin
k127_183785_1	2	424	423	-1	0.652	11	AGGA	GENOMAD.169508.VP	1.523e-15	75	0	0	1	2561	Caudoviricetes	NA	NA	PF04708;PF13262;COG1961;K14060	Site-specific DNA recombinase related to the DNA invertase Pin
k127_183785_2	421	540	120	-1	0.600	11	None	NA	NA	NA	0	0	0	1	NA	NA	NA	NA	NA
k127_346598_1	44	403	360	-1	0.539	11	None	GENOMAD.128478.VV	9.18e-37	135	0	0	1	1	NA	NA	NA	PF05939;TIGR02217;COG4718	Phage minor tail protein
k127_509425_1	2	466	465	1	0.596	11	None	GENOMAD.068048.VV	2.4e-15	75	0	0	1	2561	Caudoviricetes	NA	NA	PF20307;TIGR03600;K02314;COG0305	phage replicative helicase, DnaB family, HK022 subfamily
k127_21559_1	2	304	303	-1	0.617	11	None	GENOMAD.100194.VV	7.006e-16	74	0	0	1	2561	Caudoviricetes	NA	NA	PF04466;TIGR01547;COG5323	Phage terminase large subunit
k127_401453_1	89	1348	1260	1	0.589	11	GGAGG	GENOMAD.003874.VV	0.0002145	46	0	0	1	7436	Astroviridae	NA	NA	PF00680	Viral RNA-dependent RNA polymerase
k127_401453_2	1387	1596	210	1	0.624	11	GGAG/GAGG	NA	NA	NA	0	0	0	1	NA	NA	NA	NA	NA
k127_455810_1	3	302	300	-1	0.630	11	None	GENOMAD.097639.VV	6.866e-08	51	0	0	1	2561	Caudoviricetes	NA	NA	PF17289;TIGR01630;COG5362	phage uncharacterized protein (putative large terminase), C-terminal domain
k127_238844_1	3	464	462	-1	0.615	11	None	GENOMAD.129124.VV	2.772e-32	124	0	0	1	2561	Caudoviricetes	NA	NA	PF14550;TIGR01543;COG3740;K06904	phage prohead protease, HK97 family
k127_22150_1	3	485	483	-1	0.652	11	None	GENOMAD.098843.VV	4.718e-05	45	0	0	1	2561	Caudoviricetes	NA	NA	TIGR01537;COG4695	phage portal protein, HK97 family
k127_293419_1	2	250	249	-1	0.398	11	TAA	NA	NA	NA	0	0	0	1	NA	NA	NA	NA	NA
k127_293419_2	295	522	228	-1	0.377	11	TAA	NA	NA	NA	0	0	0	1	NA	NA	NA	NA	NA
k127_293419_3	565	1044	480	-1	0.329	11	TAA	NA	NA	NA	0	0	0	1	NA	NA	NA	NA	NA
k127_293419_4	1065	1643	579	1	0.307	11	TAA	NA	NA	NA	0	0	0	1	NA	NA	NA	NA	NA
k127_293419_5	1640	1942	303	1	0.340	11	TATAA	NA	NA	NA	0	0	0	1	NA	NA	NA	NA	NA
k127_293419_6	1901	2641	741	-1	0.325	11	None	NA	NA	NA	0	0	0	1	NA	NA	NA	NA	NA
k127_456473_1	2	331	330	1	0.624	11	None	GENOMAD.017632.VV	1.376e-12	65	0	0	1	2561	Caudoviricetes	NA	NA	PF03354;COG5410;TIGR01547	phage terminase, large subunit, PBSX family
k127_22405_1	3	479	477	1	0.625	11	None	GENOMAD.054522.VV	0.0004533	42	0	0	1	2561	Caudoviricetes	NA	NA	PF17212	Tail tubular protein
k127_347926_1	2	469	468	-1	0.669	11	None	GENOMAD.129999.VP	9.255e-19	85	0	0	1	2561	Caudoviricetes	NA	NA	PF04708;COG1961;K21528	Site-specific DNA recombinase related to the DNA invertase Pin
k127_456700_1	2	403	402	1	0.614	11	None	GENOMAD.097639.VV	2.961e-22	94	0	0	1	2561	Caudoviricetes	NA	NA	PF17289;TIGR01630;COG5362	phage uncharacterized protein (putative large terminase), C-terminal domain
k127_185696_1	3	422	420	1	0.636	11	None	GENOMAD.169508.VP	1.947e-11	63	0	0	1	2561	Caudoviricetes	NA	NA	PF04708;PF13262;COG1961;K14060	Site-specific DNA recombinase related to the DNA invertase Pin
k127_185696_2	261	602	342	-1	0.596	11	None	NA	NA	NA	0	0	0	1	NA	NA	NA	NA	NA
k127_456991_1	1	462	462	-1	0.338	11	None	GENOMAD.137872.VV	1.169e-14	73	0	0	1	2561	Caudoviricetes	NA	NA	COG5377;TIGR03033	Phage-related protein, predicted endonuclease
k127_239915_1	3	452	450	-1	0.627	11	None	GENOMAD.013210.VV	6.877e-29	114	0	0	1	2561	Caudoviricetes	NA	NA	PF00211;PF08994;PF08993;COG2114	Adenylate and Guanylate cyclase catalytic domain; T4 gene Gp59 loader of gp41 DNA helicase C-term; T4 gene Gp59 loader of gp41 DNA helicase
k127_239983_1	1	639	639	1	0.665	11	None	GENOMAD.068590.VV	3.018e-12	68	0	0	1	2561	Caudoviricetes	NA	NA	PF13871;PF11242;K11654;TIGR00721	C-terminal domain on Strawberry notch homologue
k127_240088_1	2	733	732	1	0.551	11	None	GENOMAD.071314.VV	0.0001578	45	0	0	1	1	NA	NA	NA	PF07141;COG2826;TIGR03384	Putative bacteriophage terminase small subunit
k127_240088_2	767	1015	249	1	0.530	11	None	NA	NA	NA	0	0	0	1	NA	NA	NA	NA	NA
k127_131816_1	2	325	324	1	0.404	11	None	GENOMAD.046211.VV	6.949e-11	60	0	0	1	2561	Caudoviricetes	NA	NA	PF10124;COG4397	Mu-like prophage major head subunit gpT
k127_403086_1	2	415	414	-1	0.522	11	None	GENOMAD.137800.VV	3.965e-21	91	0	0	1	2561	Caudoviricetes	NA	NA	PF17288;TIGR01547;COG1783	phage terminase, large subunit, PBSX family
k127_457570_1	2	598	597	1	0.539	11	None	GENOMAD.000816.VV	4.576e-06	49	0	0	1	6047	Secoviridae	NA	NA	PF00680	Viral RNA-dependent RNA polymerase
k127_132314_1	66	374	309	1	0.515	11	None	GENOMAD.124381.VP	1.553e-08	53	0	0	1	2561	Caudoviricetes	NA	NA	PF18906	Phage tail tube protein
k127_23705_1	2	634	633	1	0.398	11	None	NA	NA	NA	0	0	0	1	NA	NA	NA	NA	NA
k127_23705_2	681	1088	408	1	0.368	11	None	GENOMAD.072560.VV	2.117e-08	54	0	0	1	5947	Adintoviridae	NA	NA	PF00770	Adenovirus endoprotease
k127_23705_3	1130	1315	186	1	0.376	11	None	NA	NA	NA	0	0	0	1	NA	NA	NA	NA	NA
k127_294908_1	3	317	315	-1	0.543	11	None	GENOMAD.220942.VV	9.111e-07	48	0	0	1	2561	Caudoviricetes	NA	NA	PF06892	Phage regulatory protein CII (CP76)
k127_294908_2	314	379	66	-1	0.545	11	None	NA	NA	NA	0	0	0	1	NA	NA	NA	NA	NA
k127_132400_1	3	368	366	1	0.664	11	None	GENOMAD.207224.VP	1.568e-06	48	0	0	1	2561	Caudoviricetes	NA	NA	PF11242	NA
k127_403647_1	3	536	534	1	0.616	11	None	GENOMAD.068048.VV	9.512e-18	83	0	0	1	2561	Caudoviricetes	NA	NA	PF20307;TIGR03600;K02314;COG0305	phage replicative helicase, DnaB family, HK022 subfamily
k127_403696_1	3	341	339	-1	0.245	11	None	GENOMAD.112872.VP	1.308e-05	45	0	0	1	2561	Caudoviricetes	NA	NA	PF19835;PF07453;TIGR01453	group I intron endonuclease
k127_295108_1	1	312	312	-1	0.625	11	None	GENOMAD.068048.VV	1.601e-16	76	0	0	1	2561	Caudoviricetes	NA	NA	PF20307;TIGR03600;K02314;COG0305	phage replicative helicase, DnaB family, HK022 subfamily
k127_241137_1	3	719	717	1	0.649	11	None	GENOMAD.068048.VV	2.402e-15	78	0	0	1	2561	Caudoviricetes	NA	NA	PF20307;TIGR03600;K02314;COG0305	phage replicative helicase, DnaB family, HK022 subfamily
k127_295322_1	3	779	777	1	0.655	11	None	GENOMAD.068590.VV	3.703e-16	81	0	0	1	2561	Caudoviricetes	NA	NA	PF13871;PF11242;K11654;TIGR00721	C-terminal domain on Strawberry notch homologue
k127_78274_1	3	137	135	-1	0.681	11	GGAG/GAGG	NA	NA	NA	0	0	0	1	NA	NA	NA	NA	NA
k127_78274_2	109	312	204	-1	0.578	11	None	GENOMAD.097639.VV	9.604e-07	46	0	0	1	2561	Caudoviricetes	NA	NA	PF17289;TIGR01630;COG5362	phage uncharacterized protein (putative large terminase), C-terminal domain
k127_187104_1	3	104	102	-1	0.647	11	GGAGG	NA	NA	NA	0	0	0	1	NA	NA	NA	NA	NA
k127_187104_2	88	363	276	-1	0.634	11	None	GENOMAD.151092.VV	1.332e-05	44	0	0	1	2561	Caudoviricetes	NA	NA	PF09588;COG5377;TIGR03033;K01143	Phage-related protein, predicted endonuclease
k127_512565_1	2	301	300	1	0.253	11	None	GENOMAD.116607.VP	7.585e-07	48	0	0	1	2561	Caudoviricetes	NA	NA	PF19835;TIGR01453;COG2827	group I intron endonuclease
k127_78855_1	3	200	198	-1	0.652	11	None	GENOMAD.223240.VP	4.998e-12	61	0	0	1	2561	Caudoviricetes	NA	NA	PF07278;COG4220;K22014;TIGR02702	Phage DNA packaging protein, Nu1 subunit of terminase
k127_187731_1	1	207	207	-1	0.589	11	AGxAGG/AGGxGG	GENOMAD.002302.VV	6.492e-11	58	0	0	1	2561	Caudoviricetes	NA	NA	PF19905	NA
k127_187731_2	273	365	93	-1	0.624	11	None	NA	NA	NA	0	0	0	1	NA	NA	NA	NA	NA
k127_187739_1	1	558	558	-1	0.647	11	None	GENOMAD.073447.VV	1.686e-09	59	0	0	1	2561	Caudoviricetes	NA	NA	PF00580;TIGR04095;COG4373	UvrD/REP helicase N-terminal domain
k127_133721_1	1	306	306	-1	0.588	11	None	GENOMAD.220821.VP	7.409e-08	51	0	0	1	2561	Caudoviricetes	NA	NA	PF12195;PF05521;COG5614;TIGR01563	Beta barrel domain of bacteriophage endosialidase; Phage head-tail joining protein
k127_459760_1	1	534	534	-1	0.614	11	None	GENOMAD.013210.VV	2.23e-27	111	0	0	1	2561	Caudoviricetes	NA	NA	PF00211;PF08994;PF08993;COG2114	Adenylate and Guanylate cyclase catalytic domain; T4 gene Gp59 loader of gp41 DNA helicase C-term; T4 gene Gp59 loader of gp41 DNA helicase
k127_459760_2	528	695	168	-1	0.679	11	None	NA	NA	NA	0	0	0	1	NA	NA	NA	NA	NA
k127_79767_1	3	695	693	-1	0.603	11	GGAGG	GENOMAD.169508.VP	1.666e-22	99	0	0	1	2561	Caudoviricetes	NA	NA	PF04708;PF13262;COG1961;K14060	Site-specific DNA recombinase related to the DNA invertase Pin
k127_79767_2	692	1441	750	-1	0.648	11	None	NA	NA	NA	0	0	0	1	NA	NA	NA	NA	NA
k127_134343_1	3	527	525	-1	0.646	11	None	GENOMAD.068590.VV	5.5e-12	66	0	0	1	2561	Caudoviricetes	NA	NA	PF13871;PF11242;K11654;TIGR00721	C-terminal domain on Strawberry notch homologue
k127_242724_1	1	99	99	-1	0.626	11	GGAG/GAGG	NA	NA	NA	0	0	0	1	NA	NA	NA	NA	NA
k127_242724_2	83	436	354	-1	0.653	11	None	GENOMAD.181728.VV	1.069e-09	57	0	0	1	2561	Caudoviricetes	NA	NA	PF09588;COG5377;TIGR03033	Phage-related protein, predicted endonuclease
k127_459911_1	1	351	351	-1	0.573	11	None	GENOMAD.151393.VP	2.516e-25	102	0	0	1	2561	Caudoviricetes	NA	NA	PF17288;TIGR01547;COG1783	phage terminase, large subunit, PBSX family
k127_514027_1	143	553	411	1	0.669	11	GGAG/GAGG	GENOMAD.157569.VV	1.183e-05	46	0	0	0	1	NA	NA	NA	PF18932	NA
k127_514027_2	1116	1592	477	1	0.679	11	None	GENOMAD.023991.VV	8.43e-10	59	0	0	1	2561	Caudoviricetes	NA	NA	COG5410	Mu-like prophage FluMu protein gp28
k127_406059_1	84	389	306	-1	0.627	11	None	GENOMAD.063098.VV	4.285e-05	43	0	0	1	2561	Caudoviricetes	NA	NA	PF11126	Transcriptional regulator DsbA
k127_460509_1	3	419	417	-1	0.640	11	None	GENOMAD.023991.VV	3.691e-13	68	0	0	1	2561	Caudoviricetes	NA	NA	COG5410	Mu-like prophage FluMu protein gp28
k127_514611_1	2	451	450	1	0.640	11	None	GENOMAD.099865.VV	6.852e-20	88	0	0	1	2561	Caudoviricetes	NA	NA	PF04466;PF17289;TIGR01547;COG5323;K06909	phage terminase, large subunit, PBSX family
k127_243637_1	113	556	444	1	0.543	11	GGAGG	GENOMAD.161999.VV	9.13e-50	174	0	0	1	2561	Caudoviricetes	NA	NA	PF05894;K06909;TIGR01547;COG1783	Podovirus DNA encapsidation protein (Gp16)
k127_243637_2	635	1417	783	1	0.575	11	3Base/5BMM	GENOMAD.158976.VV	8.644e-87	287	0	0	1	2561	Caudoviricetes	NA	NA	PF17288	Terminase RNAseH like domain
k127_406850_1	2	100	99	1	0.263	11	None	NA	NA	NA	0	0	0	1	NA	NA	NA	NA	NA
k127_406850_2	90	398	309	1	0.327	11	TATATA	GENOMAD.070884.VV	1.997e-05	44	0	0	1	2561	Caudoviricetes	NA	NA	K18949	NA
k127_27147_1	3	314	312	-1	0.551	11	AGGAG	GENOMAD.152240.VV	1.777e-07	50	0	0	1	2561	Caudoviricetes	NA	NA	COG4675	Microcystin-dependent protein  (function unknown)
k127_298546_1	1	906	906	-1	0.540	11	GGAGG	GENOMAD.000175.VV	3.318e-06	51	0	0	1	8305	Partitiviridae	NA	NA	PF00680;COG3344	Viral RNA-dependent RNA polymerase
k127_515703_1	78	596	519	-1	0.620	11	None	GENOMAD.045267.VV	2.195e-13	70	0	0	1	2561	Caudoviricetes	NA	NA	PF20387;COG3864	Predicted metal-dependent peptidase
k127_81692_1	3	533	531	1	0.687	11	None	GENOMAD.068048.VV	5.56e-13	69	0	0	1	2561	Caudoviricetes	NA	NA	PF20307;TIGR03600;K02314;COG0305	phage replicative helicase, DnaB family, HK022 subfamily
k127_136296_1	3	311	309	-1	0.583	11	None	GENOMAD.179365.VP	3.809e-07	49	0	0	1	2561	Caudoviricetes	NA	NA	PF17289;COG5362	Phage terminase large subunit
k127_298950_1	3	683	681	1	0.653	11	None	GENOMAD.013124.VV	7.967e-19	88	0	0	1	377	Drexlerviridae	NA	NA	PF13262;COG5410	NA
k127_28032_1	2	337	336	1	0.655	11	None	GENOMAD.068048.VV	1.351e-13	68	0	0	1	2561	Caudoviricetes	NA	NA	PF20307;TIGR03600;K02314;COG0305	phage replicative helicase, DnaB family, HK022 subfamily
k127_28053_1	1	1227	1227	1	0.678	11	None	GENOMAD.068048.VV	3.173e-16	84	0	0	1	2561	Caudoviricetes	NA	NA	PF20307;TIGR03600;K02314;COG0305	phage replicative helicase, DnaB family, HK022 subfamily
k127_462711_1	3	470	468	1	0.647	11	None	GENOMAD.099865.VV	1.046e-26	108	0	0	1	2561	Caudoviricetes	NA	NA	PF04466;PF17289;TIGR01547;COG5323;K06909	phage terminase, large subunit, PBSX family
k127_516800_1	1	327	327	-1	0.569	11	None	GENOMAD.054986.VV	0.0001245	42	0	0	1	2561	Caudoviricetes	NA	NA	PF09293	T4 RNase H, C terminal
k127_137361_1	2	709	708	1	0.634	11	None	GENOMAD.013210.VV	4.196e-22	98	0	0	1	2561	Caudoviricetes	NA	NA	PF00211;PF08994;PF08993;COG2114	Adenylate and Guanylate cyclase catalytic domain; T4 gene Gp59 loader of gp41 DNA helicase C-term; T4 gene Gp59 loader of gp41 DNA helicase
k127_191813_1	1	429	429	1	0.580	11	None	GENOMAD.119492.VP	6.804e-17	79	0	0	1	377	Drexlerviridae	NA	NA	PF05100;TIGR01600;COG4672	lambda-like phage minor tail protein L
k127_354497_1	2	1399	1398	-1	0.644	11	None	GENOMAD.013210.VV	1.237e-31	133	0	0	1	2561	Caudoviricetes	NA	NA	PF00211;PF08994;PF08993;COG2114	Adenylate and Guanylate cyclase catalytic domain; T4 gene Gp59 loader of gp41 DNA helicase C-term; T4 gene Gp59 loader of gp41 DNA helicase
k127_137752_1	2	304	303	-1	0.640	11	None	GENOMAD.023991.VV	2.897e-09	55	0	0	1	2561	Caudoviricetes	NA	NA	COG5410	Mu-like prophage FluMu protein gp28
k127_408908_1	3	644	642	1	0.600	11	None	GENOMAD.169508.VP	6.607e-10	61	0	0	1	2561	Caudoviricetes	NA	NA	PF04708;PF13262;COG1961;K14060	Site-specific DNA recombinase related to the DNA invertase Pin
k127_137994_1	2	379	378	1	0.608	11	None	GENOMAD.069654.VV	8.632e-06	46	0	0	0	1	NA	NA	NA	PF18932	NA
k127_137994_2	372	791	420	1	0.638	11	None	GENOMAD.016757.VV	1.122e-08	55	0	0	1	2561	Caudoviricetes	NA	NA	COG5410	NA
k127_192450_1	31	585	555	1	0.632	11	GGAG/GAGG	GENOMAD.013124.VV	1.613e-10	62	0	0	1	377	Drexlerviridae	NA	NA	PF13262;COG5410	NA
k127_29624_1	3	323	321	-1	0.639	11	None	GENOMAD.181728.VV	1.07e-05	45	0	0	1	2561	Caudoviricetes	NA	NA	PF09588;COG5377;TIGR03033	Phage-related protein, predicted endonuclease
k127_138488_1	1	273	273	-1	0.341	11	None	GENOMAD.041551.VV	6.583e-20	85	0	0	1	13252	Lavidaviridae	NA	NA	PF00770	Adenovirus endoprotease
k127_246842_1	1	372	372	1	0.613	11	None	GENOMAD.068048.VV	1.887e-14	71	0	0	1	2561	Caudoviricetes	NA	NA	PF20307;TIGR03600;K02314;COG0305	phage replicative helicase, DnaB family, HK022 subfamily
k127_84089_1	1	171	171	-1	0.678	11	AGxAGG/AGGxGG	NA	NA	NA	0	0	0	1	NA	NA	NA	NA	NA
k127_84089_2	178	318	141	-1	0.631	11	None	GENOMAD.123974.VV	3.617e-13	63	0	0	1	2561	Caudoviricetes	NA	NA	PF07409;COG4381	Phage protein GP46
k127_192945_1	1	426	426	-1	0.655	11	None	GENOMAD.172137.VP	1.124e-19	87	0	0	1	2561	Caudoviricetes	NA	NA	PF07141;COG3728;TIGR02036	Putative bacteriophage terminase small subunit
k127_464279_1	1	501	501	-1	0.619	11	GGA/GAG/AGG	GENOMAD.020789.VV	1.151e-05	47	0	0	1	2561	Caudoviricetes	NA	NA	COG5410	NA
k127_464279_2	498	899	402	-1	0.609	11	AGGA	GENOMAD.209380.VP	2.126e-07	51	0	0	0	2561	Caudoviricetes	NA	NA	PF18932	NA
k127_464279_3	896	976	81	-1	0.617	11	None	NA	NA	NA	0	0	0	1	NA	NA	NA	NA	NA
k127_409964_1	2	538	537	1	0.607	11	None	GENOMAD.158965.VP	8.751e-57	196	0	0	1	2561	Caudoviricetes	NA	NA	PF05772;PF04404;COG5362	NinB protein; ERF superfamily
k127_518743_1	3	539	537	-1	0.616	11	None	GENOMAD.022372.VV	2.161e-17	82	0	0	1	2561	Caudoviricetes	NA	NA	PF04708;COG1961;K14060	Site-specific DNA recombinase related to the DNA invertase Pin
k127_139203_1	1	339	339	-1	0.563	11	None	GENOMAD.023785.VV	1.205e-06	48	0	0	1	2561	Caudoviricetes	NA	NA	PF16724;PF13186;K19796	T4-like virus Myoviridae tail sheath stabiliser; Iron-sulfur cluster-binding domain
k127_84667_1	2	103	102	1	0.549	11	None	GENOMAD.107483.VV	9.625e-06	41	0	0	1	1	NA	NA	NA	PF09682;TIGR01673	Bacteriophage holin of superfamily 6 (Holin_LLH)
k127_84667_2	153	377	225	1	0.591	11	GGA/GAG/AGG	NA	NA	NA	0	0	0	1	NA	NA	NA	NA	NA
k127_193361_1	3	335	333	-1	0.607	11	None	GENOMAD.017632.VV	2.287e-07	50	0	0	1	2561	Caudoviricetes	NA	NA	PF03354;COG5410;TIGR01547	phage terminase, large subunit, PBSX family
k127_247668_1	1	342	342	-1	0.573	11	None	GENOMAD.116655.VV	8.107e-20	86	0	0	1	2561	Caudoviricetes	NA	NA	PF04860;TIGR01537;COG5005	phage portal protein, HK97 family
k127_464855_1	3	311	309	-1	0.628	11	GGAG/GAGG	GENOMAD.017632.VV	2.314e-12	64	0	0	1	2561	Caudoviricetes	NA	NA	PF03354;COG5410;TIGR01547	phage terminase, large subunit, PBSX family
k127_464855_2	317	706	390	-1	0.656	11	GGAGG	GENOMAD.122331.VV	9.124e-07	49	0	0	0	1	NA	NA	NA	PF18932	NA
k127_464855_3	696	851	156	-1	0.699	11	None	NA	NA	NA	0	0	0	1	NA	NA	NA	NA	NA
k127_519261_1	155	325	171	1	0.538	11	GGA/GAG/AGG	GENOMAD.129590.VP	3.207e-12	61	0	0	1	2561	Caudoviricetes	NA	NA	PF07141	Putative bacteriophage terminase small subunit
k127_356516_1	2	379	378	1	0.622	11	None	GENOMAD.158965.VP	7.475e-26	104	0	0	1	2561	Caudoviricetes	NA	NA	PF05772;PF04404;COG5362	NinB protein; ERF superfamily
k127_302388_1	2	412	411	-1	0.613	11	None	GENOMAD.169508.VP	3.812e-21	91	0	0	1	2561	Caudoviricetes	NA	NA	PF04708;PF13262;COG1961;K14060	Site-specific DNA recombinase related to the DNA invertase Pin
k127_519577_1	1	504	504	-1	0.611	11	None	GENOMAD.116655.VV	1.531e-87	284	0	0	1	2561	Caudoviricetes	NA	NA	PF04860;TIGR01537;COG5005	phage portal protein, HK97 family
k127_140085_1	2	502	501	1	0.605	11	None	GENOMAD.013210.VV	6.096e-29	115	0	0	1	2561	Caudoviricetes	NA	NA	PF00211;PF08994;PF08993;COG2114	Adenylate and Guanylate cyclase catalytic domain; T4 gene Gp59 loader of gp41 DNA helicase C-term; T4 gene Gp59 loader of gp41 DNA helicase
k127_140233_1	1	246	246	1	0.699	11	None	GENOMAD.067824.VV	1.587e-07	49	0	0	1	2561	Caudoviricetes	NA	NA	PF06141	Phage minor tail protein U
k127_411643_1	60	488	429	-1	0.629	11	None	GENOMAD.044416.VV	6.356e-06	47	0	0	1	2561	Caudoviricetes	NA	NA	TIGR01537	NA
k127_466105_1	167	340	174	1	0.385	11	None	NA	NA	NA	0	0	0	1	NA	NA	NA	NA	NA
k127_466105_2	504	3722	3219	1	0.484	11	None	NA	NA	NA	0	0	0	1	NA	NA	NA	NA	NA
k127_86176_1	3	395	393	-1	0.567	11	GGAG/GAGG	NA	NA	NA	0	0	0	1	NA	NA	NA	NA	NA
k127_86176_2	449	1702	1254	-1	0.552	11	GGAGG	GENOMAD.000175.VV	0.0001049	47	0	0	1	8305	Partitiviridae	NA	NA	PF00680;COG3344	Viral RNA-dependent RNA polymerase
k127_86176_3	1866	2384	519	-1	0.565	11	None	NA	NA	NA	0	0	0	1	NA	NA	NA	NA	NA
k127_249045_1	1	846	846	-1	0.467	11	None	NA	NA	NA	0	0	0	1	NA	NA	NA	NA	NA
k127_249045_2	1354	1557	204	-1	0.387	11	GGA/GAG/AGG	NA	NA	NA	0	0	0	1	NA	NA	NA	NA	NA
k127_249045_3	1706	1999	294	-1	0.384	11	None	NA	NA	NA	0	0	0	1	NA	NA	NA	NA	NA
k127_249045_4	2604	4787	2184	-1	0.446	11	None	NA	NA	NA	0	0	0	1	NA	NA	NA	NA	NA
k127_249078_1	2	619	618	1	0.642	11	None	GENOMAD.169508.VP	2.5e-07	53	0	0	1	2561	Caudoviricetes	NA	NA	PF04708;PF13262;COG1961;K14060	Site-specific DNA recombinase related to the DNA invertase Pin
k127_466459_1	2	442	441	1	0.649	11	None	GENOMAD.181728.VV	2.447e-11	63	0	0	1	2561	Caudoviricetes	NA	NA	PF09588;COG5377;TIGR03033	Phage-related protein, predicted endonuclease
k127_466459_2	426	563	138	1	0.652	11	GGAGG	NA	NA	NA	0	0	0	1	NA	NA	NA	NA	NA
k127_303512_1	2	586	585	-1	0.641	11	None	GENOMAD.109691.VV	3.525e-17	82	0	0	1	2561	Caudoviricetes	NA	NA	PF06141	Phage minor tail protein U
k127_32493_1	42	386	345	-1	0.586	11	None	GENOMAD.068048.VV	1.327e-14	71	0	0	1	2561	Caudoviricetes	NA	NA	PF20307;TIGR03600;K02314;COG0305	phage replicative helicase, DnaB family, HK022 subfamily
k127_86626_1	2	493	492	1	0.687	11	None	GENOMAD.013210.VV	6.885e-16	77	0	0	1	2561	Caudoviricetes	NA	NA	PF00211;PF08994;PF08993;COG2114	Adenylate and Guanylate cyclase catalytic domain; T4 gene Gp59 loader of gp41 DNA helicase C-term; T4 gene Gp59 loader of gp41 DNA helicase
k127_466746_1	3	347	345	-1	0.661	11	None	GENOMAD.116655.VV	1.264e-23	97	0	0	1	2561	Caudoviricetes	NA	NA	PF04860;TIGR01537;COG5005	phage portal protein, HK97 family
k127_412440_1	2	235	234	1	0.735	11	None	GENOMAD.076304.VV	0.0001907	40	0	0	1	1	NA	NA	NA	PF15777;TIGR03655	restriction alleviation protein, Lar family
k127_412440_2	301	453	153	1	0.660	11	AGGA	NA	NA	NA	0	0	0	1	NA	NA	NA	NA	NA
k127_303899_1	2	727	726	-1	0.588	11	None	GENOMAD.068048.VV	1.194e-17	85	0	0	1	2561	Caudoviricetes	NA	NA	PF20307;TIGR03600;K02314;COG0305	phage replicative helicase, DnaB family, HK022 subfamily
k127_412550_1	2	640	639	1	0.629	11	None	GENOMAD.087768.VV	2.094e-53	188	0	0	0	2561	Caudoviricetes	NA	NA	PF07429;TIGR04157;COG0438;K00713	glycosyltransferase, GG-Bacteroidales peptide system
k127_412550_2	654	1136	483	1	0.621	11	None	GENOMAD.093408.VV	4.036e-31	121	0	0	1	2561	Caudoviricetes	NA	NA	PF09356;PF11836;TIGR02218	phage conserved hypothetical protein BR0599
k127_86906_1	2	313	312	-1	0.564	11	None	GENOMAD.019792.VV	3.952e-07	49	0	0	1	2561	Caudoviricetes	NA	NA	PF16790;K18945	Bacteriophage clamp loader A subunit
k127_33059_1	3	272	270	1	0.619	11	None	GENOMAD.063098.VV	9.914e-08	50	0	0	1	2561	Caudoviricetes	NA	NA	PF11126	Transcriptional regulator DsbA
k127_141961_1	1	324	324	1	0.645	11	None	GENOMAD.005158.VV	3.122e-11	61	0	0	1	2561	Caudoviricetes	NA	NA	PF04586;PF13395;TIGR02646;K06904	TIGR02646 family protein
k127_358794_1	1	357	357	-1	0.602	11	None	GENOMAD.045267.VV	1.776e-13	68	0	0	1	2561	Caudoviricetes	NA	NA	PF20387;COG3864	Predicted metal-dependent peptidase
k127_196239_1	80	421	342	-1	0.655	11	None	GENOMAD.223594.VP	1.205e-06	48	0	0	1	2561	Caudoviricetes	NA	NA	PF11994;PF09684;TIGR01634;COG4385	phage tail protein, P2 protein I family
k127_467675_1	3	395	393	1	0.636	11	None	GENOMAD.044805.VV	2.258e-05	45	0	0	1	2561	Caudoviricetes	NA	NA	PF07141	Putative bacteriophage terminase small subunit
k127_304738_1	1	732	732	-1	0.583	11	None	GENOMAD.013210.VV	4.855e-24	104	0	0	1	2561	Caudoviricetes	NA	NA	PF00211;PF08994;PF08993;COG2114	Adenylate and Guanylate cyclase catalytic domain; T4 gene Gp59 loader of gp41 DNA helicase C-term; T4 gene Gp59 loader of gp41 DNA helicase
k127_142410_1	1	369	369	-1	0.629	11	None	GENOMAD.160552.VV	1.114e-11	63	0	0	1	2561	Caudoviricetes	NA	NA	PF09588;COG5377;TIGR03033	Phage-related protein, predicted endonuclease
k127_88017_1	2	358	357	-1	0.588	11	None	GENOMAD.073447.VV	2.772e-08	53	0	0	1	2561	Caudoviricetes	NA	NA	PF00580;TIGR04095;COG4373	UvrD/REP helicase N-terminal domain
k127_196882_1	1	303	303	1	0.436	11	None	NA	NA	NA	0	0	0	1	NA	NA	NA	NA	NA
k127_196882_2	300	677	378	1	0.315	11	AGGA	GENOMAD.072560.VV	4.492e-23	96	0	0	1	5947	Adintoviridae	NA	NA	PF00770	Adenovirus endoprotease
k127_88113_1	85	843	759	-1	0.494	11	AATAA	GENOMAD.137437.VV	8.279e-05	46	0	0	0	2790	Microviridae	NA	NA	PF01446;COG5655	Replication protein
k127_88113_2	1112	1666	555	-1	0.497	11	None	NA	NA	NA	0	0	0	1	NA	NA	NA	NA	NA
k127_88113_3	1732	2115	384	-1	0.458	11	None	NA	NA	NA	0	0	0	1	NA	NA	NA	NA	NA
k127_88113_4	2100	2312	213	-1	0.484	11	None	NA	NA	NA	0	0	0	1	NA	NA	NA	NA	NA
k127_88113_5	2747	3991	1245	-1	0.535	11	None	GENOMAD.016216.VV	0.0001037	47	0	0	0	2561	Caudoviricetes	NA	NA	NA	NA
k127_88113_6	3972	4559	588	-1	0.522	11	None	GENOMAD.104389.VV	2.065e-08	56	0	0	1	3032	Kyanoviridae	NA	NA	COG4675	Microcystin-dependent protein  (function unknown)
k127_359545_1	2	490	489	-1	0.599	11	None	GENOMAD.169508.VP	3.602e-24	101	0	0	1	2561	Caudoviricetes	NA	NA	PF04708;PF13262;COG1961;K14060	Site-specific DNA recombinase related to the DNA invertase Pin
k127_360045_1	1	549	549	-1	0.545	11	GGAG/GAGG	GENOMAD.009848.VV	4.176e-21	93	0	0	1	9913	Herelleviridae	NA	NA	COG5377;TIGR03033	Phage-related protein, predicted endonuclease
k127_360045_2	662	1270	609	-1	0.565	11	None	GENOMAD.102926.VP	9.828e-16	78	0	0	0	2561	Caudoviricetes	NA	NA	PF04404	ERF superfamily
k127_197515_1	3	464	462	1	0.617	11	None	GENOMAD.096808.VV	7.943e-20	88	0	0	1	2561	Caudoviricetes	NA	NA	PF05136;TIGR01539;COG5511	phage portal protein, lambda family
k127_360135_1	1	303	303	-1	0.644	11	None	GENOMAD.181728.VV	3.537e-07	49	0	0	1	2561	Caudoviricetes	NA	NA	PF09588;COG5377;TIGR03033	Phage-related protein, predicted endonuclease
k127_34857_1	2	310	309	1	0.634	11	None	NA	NA	NA	0	0	0	1	NA	NA	NA	NA	NA
k127_34857_2	166	984	819	-1	0.569	11	None	GENOMAD.000073.VV	0.0002031	45	0	0	1	6233	Potyviridae	NA	NA	PF00680	Viral RNA-dependent RNA polymerase
k127_34865_1	2	463	462	1	0.281	11	None	GENOMAD.072560.VV	3.828e-28	112	0	0	1	5947	Adintoviridae	NA	NA	PF00770	Adenovirus endoprotease
k127_34865_2	483	650	168	1	0.256	11	TATATA	NA	NA	NA	0	0	0	1	NA	NA	NA	NA	NA
k127_197865_1	1	183	183	1	0.590	11	None	NA	NA	NA	0	0	0	1	NA	NA	NA	NA	NA
k127_197865_2	180	407	228	1	0.561	11	GGA/GAG/AGG	GENOMAD.223820.VV	1.277e-07	49	0	0	1	2561	Caudoviricetes	NA	NA	PF05766	Bacteriophage Lambda NinG protein
k127_360620_1	1	597	597	-1	0.645	11	None	GENOMAD.013210.VV	1.724e-30	121	0	0	1	2561	Caudoviricetes	NA	NA	PF00211;PF08994;PF08993;COG2114	Adenylate and Guanylate cyclase catalytic domain; T4 gene Gp59 loader of gp41 DNA helicase C-term; T4 gene Gp59 loader of gp41 DNA helicase
k127_89345_1	1	468	468	1	0.598	11	None	GENOMAD.073447.VV	4.031e-07	51	0	0	1	2561	Caudoviricetes	NA	NA	PF00580;TIGR04095;COG4373	UvrD/REP helicase N-terminal domain
k127_415254_1	1	423	423	-1	0.671	11	None	GENOMAD.062390.VV	8.742e-13	67	0	0	1	2561	Caudoviricetes	NA	NA	PF14550;TIGR01543;COG3740;K06904	Putative phage serine protease XkdF
k127_144395_1	1	483	483	-1	0.248	4	None	GENOMAD.154384.VP	2.099e-07	52	0	0	1	2561	Caudoviricetes	NA	NA	PF19835;TIGR01453;COG3680	group I intron endonuclease
k127_198578_1	2	331	330	-1	0.548	11	None	GENOMAD.129421.VV	8.259e-10	57	0	0	1	2561	Caudoviricetes	NA	NA	PF04466;PF17288;TIGR01547;COG1783;K06909	phage terminase, large subunit, PBSX family
k127_198653_1	1	537	537	-1	0.695	11	None	GENOMAD.051395.VV	6.711e-05	45	0	0	1	1	NA	NA	NA	PF11650	P22 tail accessory factor
k127_361255_1	2	340	339	-1	0.673	11	None	GENOMAD.172137.VP	7.771e-20	86	0	0	1	2561	Caudoviricetes	NA	NA	PF07141;COG3728;TIGR02036	Putative bacteriophage terminase small subunit
k127_361256_1	2	187	186	1	0.618	11	None	NA	NA	NA	0	0	0	1	NA	NA	NA	NA	NA
k127_361256_2	184	591	408	-1	0.613	11	GGxGG	GENOMAD.093408.VV	5.485e-66	220	0	0	1	2561	Caudoviricetes	NA	NA	PF09356;PF11836;TIGR02218	phage conserved hypothetical protein BR0599
k127_361256_3	591	950	360	-1	0.536	11	None	GENOMAD.115798.VV	4.592e-52	179	0	0	0	2561	Caudoviricetes	NA	NA	NA	NA
k127_470129_1	1	456	456	1	0.647	11	None	GENOMAD.159842.VV	2.449e-32	124	0	0	1	2561	Caudoviricetes	NA	NA	PF05772;PF04466;TIGR01547;COG5323	NinB protein; Phage terminase large subunit
k127_470129_2	405	497	93	1	0.677	11	None	NA	NA	NA	0	0	0	1	NA	NA	NA	NA	NA
k127_361416_1	1	486	486	1	0.586	11	None	GENOMAD.013210.VV	7.129e-34	129	0	0	1	2561	Caudoviricetes	NA	NA	PF00211;PF08994;PF08993;COG2114	Adenylate and Guanylate cyclase catalytic domain; T4 gene Gp59 loader of gp41 DNA helicase C-term; T4 gene Gp59 loader of gp41 DNA helicase
k127_198911_1	2	322	321	-1	0.623	11	None	GENOMAD.120840.VV	4.826e-30	115	0	0	1	2561	Caudoviricetes	NA	NA	PF04586;COG3740;K06904;TIGR01543	Phage head maturation protease
k127_415910_1	3	383	381	1	0.654	11	None	GENOMAD.068048.VV	1.932e-15	74	0	0	1	2561	Caudoviricetes	NA	NA	PF20307;TIGR03600;K02314;COG0305	phage replicative helicase, DnaB family, HK022 subfamily
k127_90222_1	2	67	66	-1	0.606	11	AGGAG	NA	NA	NA	0	0	0	1	NA	NA	NA	NA	NA
k127_90222_2	144	320	177	-1	0.678	11	None	GENOMAD.137485.VP	3.166e-06	44	0	0	1	2561	Caudoviricetes	NA	NA	PF14354;TIGR03655;COG3478	restriction alleviation protein, Lar family
k127_307419_1	99	623	525	-1	0.632	11	None	GENOMAD.116655.VV	3.313e-65	220	0	0	1	2561	Caudoviricetes	NA	NA	PF04860;TIGR01537;COG5005	phage portal protein, HK97 family
k127_307481_1	1	549	549	-1	0.616	11	None	GENOMAD.013210.VV	1.311e-26	109	0	0	1	2561	Caudoviricetes	NA	NA	PF00211;PF08994;PF08993;COG2114	Adenylate and Guanylate cyclase catalytic domain; T4 gene Gp59 loader of gp41 DNA helicase C-term; T4 gene Gp59 loader of gp41 DNA helicase
k127_470501_1	2	370	369	1	0.637	11	None	GENOMAD.097639.VV	5.285e-11	61	0	0	1	2561	Caudoviricetes	NA	NA	PF17289;TIGR01630;COG5362	phage uncharacterized protein (putative large terminase), C-terminal domain
k127_361984_1	2	346	345	1	0.614	11	None	GENOMAD.210047.VV	1.394e-38	140	0	0	1	2561	Caudoviricetes	NA	NA	PF09646;PF17482;COG5003	Gp37 protein; Phage tail sheath C-terminal domain
k127_525054_1	19	384	366	1	0.577	11	GGAG/GAGG	GENOMAD.009848.VV	1.506e-16	77	0	0	1	9913	Herelleviridae	NA	NA	COG5377;TIGR03033	Phage-related protein, predicted endonuclease
k127_200155_1	1	78	78	-1	0.615	11	AGxAGG/AGGxGG	NA	NA	NA	0	0	0	1	NA	NA	NA	NA	NA
k127_200155_2	57	977	921	-1	0.582	11	AGGAG	GENOMAD.057710.VV	0.0001252	46	0	0	1	2561	Caudoviricetes	NA	NA	PF00589;PF04860;K07358;TIGR01537	Phage integrase family; Phage portal protein
k127_308631_1	2	430	429	1	0.643	11	None	GENOMAD.151393.VP	5.921e-36	134	0	0	1	2561	Caudoviricetes	NA	NA	PF17288;TIGR01547;COG1783	phage terminase, large subunit, PBSX family
k127_200304_1	2	1438	1437	1	0.633	11	None	GENOMAD.013210.VV	1.297e-29	127	0	0	1	2561	Caudoviricetes	NA	NA	PF00211;PF08994;PF08993;COG2114	Adenylate and Guanylate cyclase catalytic domain; T4 gene Gp59 loader of gp41 DNA helicase C-term; T4 gene Gp59 loader of gp41 DNA helicase
k127_146283_1	3	371	369	-1	0.669	11	None	GENOMAD.068048.VV	1.019e-12	66	0	0	1	2561	Caudoviricetes	NA	NA	PF20307;TIGR03600;K02314;COG0305	phage replicative helicase, DnaB family, HK022 subfamily
k127_91675_1	3	314	312	1	0.615	11	None	GENOMAD.023991.VV	2.41e-12	64	0	0	1	2561	Caudoviricetes	NA	NA	COG5410	Mu-like prophage FluMu protein gp28
k127_417462_1	2	400	399	1	0.624	11	None	GENOMAD.068048.VV	2.03e-17	80	0	0	1	2561	Caudoviricetes	NA	NA	PF20307;TIGR03600;K02314;COG0305	phage replicative helicase, DnaB family, HK022 subfamily
k127_309070_1	1	399	399	-1	0.679	11	None	GENOMAD.023991.VV	7.77e-11	61	0	0	1	2561	Caudoviricetes	NA	NA	COG5410	Mu-like prophage FluMu protein gp28
k127_200672_1	3	359	357	-1	0.583	11	None	GENOMAD.023991.VV	1.359e-07	51	0	0	1	2561	Caudoviricetes	NA	NA	COG5410	Mu-like prophage FluMu protein gp28
k127_37980_1	1	339	339	-1	0.593	11	None	GENOMAD.219105.VP	2.67e-06	47	0	0	1	2561	Caudoviricetes	NA	NA	PF20025;PF01068;K18951;TIGR04120;COG5226	DNA ligase, ATP-dependent, PP_1105 family
k127_363653_1	1	417	417	1	0.609	11	None	GENOMAD.146511.VP	5.574e-07	50	0	0	1	2561	Caudoviricetes	NA	NA	PF20441;COG5362	Terminase large subunit, endonuclease domain
k127_38269_1	3	998	996	-1	0.637	11	None	GENOMAD.169508.VP	6.186e-09	60	0	0	1	2561	Caudoviricetes	NA	NA	PF04708;PF13262;COG1961;K14060	Site-specific DNA recombinase related to the DNA invertase Pin
k127_255398_1	1	477	477	-1	0.608	11	None	GENOMAD.146511.VP	0.0002105	43	0	0	1	2561	Caudoviricetes	NA	NA	PF20441;COG5362	Terminase large subunit, endonuclease domain
k127_255543_1	2	574	573	1	0.663	11	None	GENOMAD.068048.VV	4.092e-08	55	0	0	1	2561	Caudoviricetes	NA	NA	PF20307;TIGR03600;K02314;COG0305	phage replicative helicase, DnaB family, HK022 subfamily
k127_364167_1	249	398	150	1	0.733	11	None	GENOMAD.222908.VP	3.68e-08	49	0	0	1	2561	Caudoviricetes	NA	NA	TIGR01558;COG3747	phage terminase, small subunit, putative, P27 family
k127_255815_1	2	574	573	1	0.616	11	None	GENOMAD.013210.VV	2.964e-18	85	0	0	1	2561	Caudoviricetes	NA	NA	PF00211;PF08994;PF08993;COG2114	Adenylate and Guanylate cyclase catalytic domain; T4 gene Gp59 loader of gp41 DNA helicase C-term; T4 gene Gp59 loader of gp41 DNA helicase
k127_418686_1	2	466	465	1	0.587	11	None	GENOMAD.151393.VP	1.014e-60	206	0	0	1	2561	Caudoviricetes	NA	NA	PF17288;TIGR01547;COG1783	phage terminase, large subunit, PBSX family
k127_201823_1	1	372	372	1	0.597	11	None	GENOMAD.158965.VP	2.796e-27	108	0	0	1	2561	Caudoviricetes	NA	NA	PF05772;PF04404;COG5362	NinB protein; ERF superfamily
k127_419241_1	1	402	402	1	0.597	11	None	GENOMAD.169508.VP	5.312e-16	76	0	0	1	2561	Caudoviricetes	NA	NA	PF04708;PF13262;COG1961;K14060	Site-specific DNA recombinase related to the DNA invertase Pin
k127_39563_1	2	364	363	1	0.474	11	None	GENOMAD.099754.VV	7.099e-07	49	0	0	1	1	NA	NA	NA	PF17289;TIGR01630;COG5362	phage uncharacterized protein (putative large terminase), C-terminal domain
k127_473848_1	3	443	441	-1	0.619	11	GGAG/GAGG	GENOMAD.169508.VP	3.272e-18	83	0	0	1	2561	Caudoviricetes	NA	NA	PF04708;PF13262;COG1961;K14060	Site-specific DNA recombinase related to the DNA invertase Pin
k127_473848_2	440	1012	573	-1	0.627	11	AGxAGG/AGGxGG	NA	NA	NA	0	0	0	1	NA	NA	NA	NA	NA
k127_473848_3	1063	1962	900	-1	0.643	11	None	NA	NA	NA	0	0	0	1	NA	NA	NA	NA	NA
k127_473848_4	2019	2405	387	1	0.646	11	None	GENOMAD.148122.VP	1.644e-26	106	0	0	1	2561	Caudoviricetes	NA	NA	PF20441	Terminase large subunit, endonuclease domain
k127_473848_5	2292	2510	219	-1	0.626	11	None	NA	NA	NA	0	0	0	1	NA	NA	NA	NA	NA
k127_256723_1	22	438	417	1	0.619	11	GGA/GAG/AGG	GENOMAD.166202.VP	9.49e-11	61	0	0	1	2561	Caudoviricetes	NA	NA	PF05876;COG5410;TIGR01547	Phage terminase large subunit gpA, ATPase domain
k127_419983_1	1	465	465	-1	0.637	11	None	GENOMAD.013210.VV	2.895e-23	98	0	0	1	2561	Caudoviricetes	NA	NA	PF00211;PF08994;PF08993;COG2114	Adenylate and Guanylate cyclase catalytic domain; T4 gene Gp59 loader of gp41 DNA helicase C-term; T4 gene Gp59 loader of gp41 DNA helicase
k127_203160_1	3	359	357	1	0.655	11	None	GENOMAD.207635.VV	7.176e-06	46	0	0	1	8278	Ackermannviridae	NA	NA	PF04865	Baseplate J-like protein
k127_203444_1	1	393	393	-1	0.664	11	None	GENOMAD.068048.VV	3.023e-12	65	0	0	1	2561	Caudoviricetes	NA	NA	PF20307;TIGR03600;K02314;COG0305	phage replicative helicase, DnaB family, HK022 subfamily
k127_474911_1	788	2383	1596	1	0.613	11	None	GENOMAD.013210.VV	5.592e-15	81	0	0	1	2561	Caudoviricetes	NA	NA	PF00211;PF08994;PF08993;COG2114	Adenylate and Guanylate cyclase catalytic domain; T4 gene Gp59 loader of gp41 DNA helicase C-term; T4 gene Gp59 loader of gp41 DNA helicase
k127_366264_1	2	328	327	-1	0.642	11	None	GENOMAD.005158.VV	5.167e-06	46	0	0	1	2561	Caudoviricetes	NA	NA	PF04586;PF13395;TIGR02646;K06904	TIGR02646 family protein
k127_203571_1	2	541	540	-1	0.672	11	GGAG/GAGG	GENOMAD.104311.VV	6.972e-08	54	0	0	1	1	NA	NA	NA	PF08273;TIGR01391;COG0358	Zinc-binding domain of primase-helicase
k127_203571_2	487	564	78	-1	0.679	11	None	NA	NA	NA	0	0	0	1	NA	NA	NA	NA	NA
k127_257902_1	2	304	303	-1	0.594	11	None	GENOMAD.082189.VV	1.733e-14	70	0	0	1	2561	Caudoviricetes	NA	NA	PF00959;COG3772	Phage-related lysozyme (muramidase), GH24 family
k127_95074_1	3	332	330	-1	0.652	11	None	GENOMAD.059586.VV	1.836e-09	56	0	0	1	2561	Caudoviricetes	NA	NA	PF04466;PF11436;TIGR02215;COG5565	phage conserved hypothetical protein, phiE125 gp8 family
k127_204024_1	2	307	306	1	0.631	11	None	GENOMAD.129169.VV	4.042e-06	46	0	0	1	2561	Caudoviricetes	NA	NA	COG4675	Microcystin-dependent protein  (function unknown)
k127_475482_1	3	722	720	-1	0.664	11	GGAGG	GENOMAD.013210.VV	5.249e-18	86	0	0	1	2561	Caudoviricetes	NA	NA	PF00211;PF08994;PF08993;COG2114	Adenylate and Guanylate cyclase catalytic domain; T4 gene Gp59 loader of gp41 DNA helicase C-term; T4 gene Gp59 loader of gp41 DNA helicase
k127_258458_1	1	306	306	-1	0.624	11	None	GENOMAD.142009.VV	4.1e-53	181	0	0	1	2561	Caudoviricetes	NA	NA	PF11651;TIGR04387	P22 coat protein - gene protein 5
k127_204258_1	2	436	435	1	0.600	11	None	GENOMAD.178051.VP	5.578e-10	59	0	0	1	2561	Caudoviricetes	NA	NA	PF02195;PF17288;TIGR00180;COG1475	ParB/RepB/Spo0J family partition protein
k127_367118_1	3	500	498	-1	0.629	11	GGAG/GAGG	GENOMAD.093456.VV	2.999e-79	260	0	0	1	2561	Caudoviricetes	NA	NA	PF09684;TIGR01634;COG4385	phage tail protein, P2 protein I family
k127_367118_2	500	826	327	-1	0.651	11	None	GENOMAD.104546.VV	1.896e-16	76	0	0	1	2561	Caudoviricetes	NA	NA	PF04865;COG3948	Phage-related baseplate assembly protein
k127_150883_1	425	1765	1341	-1	0.668	11	None	GENOMAD.182459.VP	1.848e-21	101	0	0	0	2561	Caudoviricetes	NA	NA	PF13086	NA
k127_150883_2	1836	2225	390	-1	0.636	11	None	GENOMAD.147427.VP	2.815e-12	65	0	0	1	2561	Caudoviricetes	NA	NA	PF07141	Putative bacteriophage terminase small subunit
k127_367768_1	1	588	588	1	0.617	11	None	GENOMAD.169508.VP	9.271e-13	69	0	0	1	2561	Caudoviricetes	NA	NA	PF04708;PF13262;COG1961;K14060	Site-specific DNA recombinase related to the DNA invertase Pin
k127_313799_1	2	787	786	1	0.673	11	None	GENOMAD.013124.VV	8.366e-22	98	0	0	1	377	Drexlerviridae	NA	NA	PF13262;COG5410	NA
k127_313813_1	110	640	531	1	0.606	11	GGAGG	GENOMAD.178051.VP	5.293e-14	72	0	0	1	2561	Caudoviricetes	NA	NA	PF02195;PF17288;TIGR00180;COG1475	ParB/RepB/Spo0J family partition protein
k127_531263_1	1	483	483	-1	0.590	11	None	GENOMAD.013210.VV	1.281e-16	79	0	0	1	2561	Caudoviricetes	NA	NA	PF00211;PF08994;PF08993;COG2114	Adenylate and Guanylate cyclase catalytic domain; T4 gene Gp59 loader of gp41 DNA helicase C-term; T4 gene Gp59 loader of gp41 DNA helicase
k127_368638_1	356	1048	693	-1	0.620	11	GGAGG	GENOMAD.000175.VV	6.599e-05	46	0	0	1	8305	Partitiviridae	NA	NA	PF00680;COG3344	Viral RNA-dependent RNA polymerase
k127_368638_2	1126	1239	114	1	0.675	11	GGA/GAG/AGG	NA	NA	NA	0	0	0	1	NA	NA	NA	NA	NA
k127_151976_1	2	391	390	-1	0.587	11	None	GENOMAD.158965.VP	1.102e-31	121	0	0	1	2561	Caudoviricetes	NA	NA	PF05772;PF04404;COG5362	NinB protein; ERF superfamily
k127_152288_1	1	114	114	1	0.632	11	None	NA	NA	NA	0	0	0	1	NA	NA	NA	NA	NA
k127_152288_2	114	824	711	1	0.624	11	GGA/GAG/AGG	GENOMAD.063438.VV	2.484e-53	189	0	0	0	2561	Caudoviricetes	NA	NA	NA	NA
k127_152288_3	821	1045	225	1	0.604	11	None	GENOMAD.059582.VV	1.526e-12	63	0	0	1	2561	Caudoviricetes	NA	NA	TIGR01725	phage protein, HK97 gp10 family
k127_478079_1	1	348	348	1	0.635	11	None	GENOMAD.023991.VV	5.537e-08	52	0	0	1	2561	Caudoviricetes	NA	NA	COG5410	Mu-like prophage FluMu protein gp28
k127_423838_1	3	137	135	1	0.385	11	None	NA	NA	NA	0	0	0	1	NA	NA	NA	NA	NA
k127_423838_2	248	571	324	1	0.327	11	GGA/GAG/AGG	GENOMAD.072560.VV	4.624e-23	95	0	0	1	5947	Adintoviridae	NA	NA	PF00770	Adenovirus endoprotease
k127_369829_1	2	508	507	1	0.635	11	None	GENOMAD.068048.VV	4.508e-12	66	0	0	1	2561	Caudoviricetes	NA	NA	PF20307;TIGR03600;K02314;COG0305	phage replicative helicase, DnaB family, HK022 subfamily
k127_98936_1	3	458	456	1	0.568	11	None	GENOMAD.060259.VV	7.619e-08	53	0	0	1	2561	Caudoviricetes	NA	NA	PF20307;TIGR02236;COG0468;K04484	Divergent DnaB-like ATPase
k127_153650_1	3	440	438	-1	0.616	11	None	GENOMAD.129999.VP	3.159e-27	109	0	0	1	2561	Caudoviricetes	NA	NA	PF04708;COG1961;K21528	Site-specific DNA recombinase related to the DNA invertase Pin
k127_533201_1	49	345	297	-1	0.539	11	None	GENOMAD.159695.VP	7.774e-06	45	0	0	1	2561	Caudoviricetes	NA	NA	PF07141;TIGR00721;COG2826	Putative bacteriophage terminase small subunit
k127_424806_1	1	258	258	1	0.624	11	None	GENOMAD.219648.VP	4.304e-14	68	0	0	1	2561	Caudoviricetes	NA	NA	PF07471;COG4220;K22014	Phage DNA packaging protein, Nu1 subunit of terminase
k127_424806_2	236	337	102	1	0.627	11	GGAG/GAGG	NA	NA	NA	0	0	0	1	NA	NA	NA	NA	NA
k127_316247_1	3	1283	1281	1	0.617	11	None	GENOMAD.169508.VP	4.903e-13	74	0	0	1	2561	Caudoviricetes	NA	NA	PF04708;PF13262;COG1961;K14060	Site-specific DNA recombinase related to the DNA invertase Pin
k127_479314_1	2	433	432	-1	0.632	11	None	GENOMAD.023991.VV	8.213e-33	125	0	0	1	2561	Caudoviricetes	NA	NA	COG5410	Mu-like prophage FluMu protein gp28
k127_45246_1	3	476	474	-1	0.646	11	None	GENOMAD.023991.VV	4.351e-06	48	0	0	1	2561	Caudoviricetes	NA	NA	COG5410	Mu-like prophage FluMu protein gp28
k127_45796_1	1	627	627	-1	0.633	11	None	GENOMAD.169508.VP	3.456e-25	106	0	0	1	2561	Caudoviricetes	NA	NA	PF04708;PF13262;COG1961;K14060	Site-specific DNA recombinase related to the DNA invertase Pin
k127_154729_1	1	510	510	-1	0.584	11	None	GENOMAD.151393.VP	1.735e-53	186	0	0	1	2561	Caudoviricetes	NA	NA	PF17288;TIGR01547;COG1783	phage terminase, large subunit, PBSX family
k127_371712_1	2	379	378	-1	0.646	11	None	GENOMAD.147017.VP	4.644e-39	142	0	0	1	2561	Caudoviricetes	NA	NA	PF04466;TIGR01547;COG1783	Phage terminase large subunit
k127_100396_1	2	379	378	1	0.606	11	None	GENOMAD.094133.VV	1.932e-15	74	0	0	1	2561	Caudoviricetes	NA	NA	PF17289	NA
k127_371834_1	2	346	345	1	0.600	11	None	GENOMAD.194640.VP	5.676e-24	98	0	0	1	2561	Caudoviricetes	NA	NA	PF04717;COG4540;TIGR01644	Phage P2 baseplate assembly protein gpV
k127_100707_1	127	372	246	-1	0.602	11	None	GENOMAD.063098.VV	7.089e-08	50	0	0	1	2561	Caudoviricetes	NA	NA	PF11126	Transcriptional regulator DsbA
k127_209723_1	3	371	369	-1	0.688	11	AGGA	GENOMAD.129590.VP	5.02e-12	64	0	0	1	2561	Caudoviricetes	NA	NA	PF07141	Putative bacteriophage terminase small subunit
k127_101436_1	46	522	477	-1	0.629	11	GGAGG	GENOMAD.063098.VV	2.004e-06	49	0	0	1	2561	Caudoviricetes	NA	NA	PF11126	Transcriptional regulator DsbA
k127_156144_1	2	394	393	-1	0.616	11	None	GENOMAD.116655.VV	2.249e-65	218	0	0	1	2561	Caudoviricetes	NA	NA	PF04860;TIGR01537;COG5005	phage portal protein, HK97 family
k127_481623_1	3	368	366	-1	0.598	11	None	GENOMAD.022372.VV	1.245e-18	83	0	0	1	2561	Caudoviricetes	NA	NA	PF04708;COG1961;K14060	Site-specific DNA recombinase related to the DNA invertase Pin
k127_101763_1	2	445	444	1	0.610	11	None	GENOMAD.068048.VV	4.168e-15	74	0	0	1	2561	Caudoviricetes	NA	NA	PF20307;TIGR03600;K02314;COG0305	phage replicative helicase, DnaB family, HK022 subfamily
k127_47899_1	247	1020	774	1	0.611	11	GGAGG	GENOMAD.000175.VV	0.0001812	45	0	0	1	8305	Partitiviridae	NA	NA	PF00680;COG3344	Viral RNA-dependent RNA polymerase
k127_102319_1	1	537	537	1	0.406	11	None	GENOMAD.014021.VV	3.176e-06	49	0	0	1	12031	Mimiviridae	NA	NA	PF16903	Major capsid protein N-terminus
k127_157328_1	2	436	435	1	0.651	11	None	GENOMAD.068048.VV	4.716e-12	65	0	0	1	2561	Caudoviricetes	NA	NA	PF20307;TIGR03600;K02314;COG0305	phage replicative helicase, DnaB family, HK022 subfamily
k127_537141_1	2	310	309	1	0.595	11	None	GENOMAD.142009.VV	4.304e-53	181	0	0	1	2561	Caudoviricetes	NA	NA	PF11651;TIGR04387	P22 coat protein - gene protein 5
k127_374524_1	2	1057	1056	1	0.572	11	None	GENOMAD.023991.VV	4.351e-18	89	0	0	1	2561	Caudoviricetes	NA	NA	COG5410	Mu-like prophage FluMu protein gp28
k127_483199_1	266	1525	1260	-1	0.612	11	GGAGG	GENOMAD.003874.VV	3.053e-06	52	0	0	1	7436	Astroviridae	NA	NA	PF00680	Viral RNA-dependent RNA polymerase
k127_157843_1	1	321	321	1	0.371	11	None	GENOMAD.035579.VV	8.627e-48	166	0	0	1	2561	Caudoviricetes	NA	NA	PF20387	P22 tail accessory factor
k127_212160_1	1	378	378	1	0.550	11	None	GENOMAD.022372.VV	5.133e-13	67	0	0	1	2561	Caudoviricetes	NA	NA	PF04708;COG1961;K14060	Site-specific DNA recombinase related to the DNA invertase Pin
k127_375070_1	3	152	150	1	0.607	11	None	NA	NA	NA	0	0	0	1	NA	NA	NA	NA	NA
k127_375070_2	119	1282	1164	-1	0.586	11	None	GENOMAD.000175.VV	4.314e-09	61	0	0	1	8305	Partitiviridae	NA	NA	PF00680;COG3344	Viral RNA-dependent RNA polymerase
k127_103813_1	3	236	234	-1	0.547	11	GGAGG	GENOMAD.009848.VV	1.105e-09	55	0	0	1	9913	Herelleviridae	NA	NA	COG5377;TIGR03033	Phage-related protein, predicted endonuclease
k127_103813_2	220	318	99	-1	0.566	11	None	NA	NA	NA	0	0	0	1	NA	NA	NA	NA	NA
k127_103919_1	3	77	75	1	0.640	11	None	NA	NA	NA	0	0	0	1	NA	NA	NA	NA	NA
k127_103919_2	78	419	342	1	0.611	11	GGAGG	GENOMAD.017632.VV	2.328e-08	53	0	0	1	2561	Caudoviricetes	NA	NA	PF03354;COG5410;TIGR01547	phage terminase, large subunit, PBSX family
k127_375277_1	3	2825	2823	1	0.397	11	None	NA	NA	NA	0	0	0	1	NA	NA	NA	NA	NA
k127_158614_1	134	454	321	-1	0.601	11	None	GENOMAD.158965.VP	1.868e-31	119	0	0	1	2561	Caudoviricetes	NA	NA	PF05772;PF04404;COG5362	NinB protein; ERF superfamily
k127_267256_1	2	277	276	-1	0.609	11	3Base/5BMM	GENOMAD.017632.VV	3.26e-12	63	0	0	1	2561	Caudoviricetes	NA	NA	PF03354;COG5410;TIGR01547	phage terminase, large subunit, PBSX family
k127_267256_2	274	663	390	-1	0.644	11	GGAG/GAGG	GENOMAD.093978.VV	9.714e-06	46	0	0	0	2561	Caudoviricetes	NA	NA	PF18932	NA
k127_267256_3	653	1099	447	-1	0.709	11	None	NA	NA	NA	0	0	0	1	NA	NA	NA	NA	NA
k127_321463_1	3	770	768	-1	0.664	11	None	GENOMAD.044416.VV	1.993e-05	48	0	0	1	2561	Caudoviricetes	NA	NA	TIGR01537	NA
k127_50483_1	2	919	918	1	0.532	11	None	GENOMAD.005158.VV	3.416e-06	51	0	0	1	2561	Caudoviricetes	NA	NA	PF04586;PF13395;TIGR02646;K06904	TIGR02646 family protein
k127_321563_1	3	380	378	1	0.632	11	None	GENOMAD.005158.VV	3.135e-09	56	0	0	1	2561	Caudoviricetes	NA	NA	PF04586;PF13395;TIGR02646;K06904	TIGR02646 family protein
k127_267535_1	1	387	387	1	0.641	11	None	GENOMAD.116655.VV	2.853e-29	114	0	0	1	2561	Caudoviricetes	NA	NA	PF04860;TIGR01537;COG5005	phage portal protein, HK97 family
k127_484770_1	3	347	345	1	0.606	11	None	GENOMAD.068048.VV	2.953e-14	70	0	0	1	2561	Caudoviricetes	NA	NA	PF20307;TIGR03600;K02314;COG0305	phage replicative helicase, DnaB family, HK022 subfamily
k127_484770_2	353	412	60	1	0.517	11	None	NA	NA	NA	0	0	0	1	NA	NA	NA	NA	NA
k127_50824_1	2	322	321	1	0.530	11	None	GENOMAD.109691.VV	9.988e-15	71	0	0	1	2561	Caudoviricetes	NA	NA	PF06141	Phage minor tail protein U
k127_322004_1	3	335	333	-1	0.640	11	None	GENOMAD.106861.VV	4.642e-08	52	0	0	1	2561	Caudoviricetes	NA	NA	PF04865;COG3299	Baseplate J-like protein
k127_322044_1	2	334	333	1	0.559	11	None	GENOMAD.082189.VV	2.624e-05	44	0	0	1	2561	Caudoviricetes	NA	NA	PF00959;COG3772	Phage-related lysozyme (muramidase), GH24 family
k127_322044_2	331	780	450	1	0.611	11	GGA/GAG/AGG	NA	NA	NA	0	0	0	1	NA	NA	NA	NA	NA
k127_485098_1	3	1826	1824	1	0.630	11	None	GENOMAD.169508.VP	7.487e-19	94	0	0	1	2561	Caudoviricetes	NA	NA	PF04708;PF13262;COG1961;K14060	Site-specific DNA recombinase related to the DNA invertase Pin
k127_322431_1	1	360	360	1	0.669	11	None	GENOMAD.044416.VV	1.471e-06	48	0	0	1	2561	Caudoviricetes	NA	NA	TIGR01537	NA
k127_160110_1	3	254	252	1	0.321	11	None	GENOMAD.080911.VV	3.081e-09	54	0	0	1	2561	Caudoviricetes	NA	NA	PF00959;COG3772	Phage-related lysozyme (muramidase), GH24 family
k127_160110_2	257	358	102	1	0.304	11	AAAAT	NA	NA	NA	0	0	0	1	NA	NA	NA	NA	NA
k127_160131_1	2	355	354	1	0.556	11	None	GENOMAD.022740.VV	8.69e-21	89	0	0	1	2561	Caudoviricetes	NA	NA	PF17482;PF00062	Phage tail sheath C-terminal domain; C-type lysozyme/alpha-lactalbumin family
k127_160307_1	1	537	537	-1	0.607	11	None	GENOMAD.169508.VP	2.314e-27	111	0	0	1	2561	Caudoviricetes	NA	NA	PF04708;PF13262;COG1961;K14060	Site-specific DNA recombinase related to the DNA invertase Pin
k127_431380_1	1	216	216	1	0.606	11	None	NA	NA	NA	0	0	0	1	NA	NA	NA	NA	NA
k127_431380_2	203	1195	993	1	0.591	11	GGAG/GAGG	GENOMAD.169508.VP	1.862e-27	117	0	0	1	2561	Caudoviricetes	NA	NA	PF04708;PF13262;COG1961;K14060	Site-specific DNA recombinase related to the DNA invertase Pin
k127_106117_1	3	455	453	-1	0.691	11	GGA/GAG/AGG	GENOMAD.017632.VV	3.389e-08	54	0	0	1	2561	Caudoviricetes	NA	NA	PF03354;COG5410;TIGR01547	phage terminase, large subunit, PBSX family
k127_106117_2	458	826	369	-1	0.721	11	None	GENOMAD.080615.VV	3.825e-05	44	0	0	0	1	NA	NA	NA	PF18932	NA
k127_323010_1	1	183	183	-1	0.721	11	None	NA	NA	NA	0	0	0	1	NA	NA	NA	NA	NA
k127_323010_2	201	971	771	-1	0.646	11	None	GENOMAD.057710.VV	4.14e-05	47	0	0	1	2561	Caudoviricetes	NA	NA	PF00589;PF04860;K07358;TIGR01537	Phage integrase family; Phage portal protein
k127_377757_1	153	1646	1494	1	0.426	11	None	NA	NA	NA	0	0	0	1	NA	NA	NA	NA	NA
k127_377757_2	2433	2522	90	1	0.433	11	None	NA	NA	NA	0	0	0	1	NA	NA	NA	NA	NA
k127_323812_1	1	411	411	1	0.662	11	None	GENOMAD.034157.VV	2.891e-24	100	0	0	1	2561	Caudoviricetes	NA	NA	PF20441;PF03354;COG4626;TIGR01547	Phage terminase-like protein, large subunit, contains N-terminal HTH domain
k127_107006_1	1	366	366	-1	0.639	11	None	GENOMAD.147427.VP	1.881e-22	94	0	0	1	2561	Caudoviricetes	NA	NA	PF07141	Putative bacteriophage terminase small subunit
k127_486931_1	1	429	429	1	0.641	11	None	GENOMAD.092674.VV	5.242e-10	59	0	0	1	2561	Caudoviricetes	NA	NA	COG5362;TIGR01630	Phage terminase large subunit
k127_215683_1	2	514	513	-1	0.606	11	None	GENOMAD.169508.VP	4.844e-24	101	0	0	1	2561	Caudoviricetes	NA	NA	PF04708;PF13262;COG1961;K14060	Site-specific DNA recombinase related to the DNA invertase Pin
k127_487152_1	2	463	462	-1	0.591	11	None	GENOMAD.013210.VV	1.257e-23	99	0	0	1	2561	Caudoviricetes	NA	NA	PF00211;PF08994;PF08993;COG2114	Adenylate and Guanylate cyclase catalytic domain; T4 gene Gp59 loader of gp41 DNA helicase C-term; T4 gene Gp59 loader of gp41 DNA helicase
k127_541213_1	3	347	345	-1	0.626	11	None	GENOMAD.181728.VV	1.837e-11	62	0	0	1	2561	Caudoviricetes	NA	NA	PF09588;COG5377;TIGR03033	Phage-related protein, predicted endonuclease
k127_541230_1	1	2037	2037	-1	0.461	11	None	NA	NA	NA	0	0	0	1	NA	NA	NA	NA	NA
k127_541230_2	2087	2587	501	-1	0.421	11	None	NA	NA	NA	0	0	0	1	NA	NA	NA	NA	NA
k127_541230_3	2578	2736	159	-1	0.415	11	None	NA	NA	NA	0	0	0	1	NA	NA	NA	NA	NA
k127_433161_1	3	326	324	1	0.611	11	None	GENOMAD.126166.VV	1.402e-11	62	0	0	1	2561	Caudoviricetes	NA	NA	PF05894;TIGR01547;COG5323	phage terminase, large subunit, PBSX family
k127_541604_1	3	308	306	-1	0.569	11	None	GENOMAD.068048.VV	2.004e-13	67	0	0	1	2561	Caudoviricetes	NA	NA	PF20307;TIGR03600;K02314;COG0305	phage replicative helicase, DnaB family, HK022 subfamily
k127_162181_1	3	281	279	-1	0.616	11	GGA/GAG/AGG	GENOMAD.093408.VV	1.606e-50	173	0	0	1	2561	Caudoviricetes	NA	NA	PF09356;PF11836;TIGR02218	phage conserved hypothetical protein BR0599
k127_162181_2	281	454	174	-1	0.529	11	None	GENOMAD.115798.VV	4.744e-30	112	0	0	0	2561	Caudoviricetes	NA	NA	NA	NA
k127_162475_1	3	347	345	1	0.620	11	None	GENOMAD.116655.VV	2.306e-25	102	0	0	1	2561	Caudoviricetes	NA	NA	PF04860;TIGR01537;COG5005	phage portal protein, HK97 family
k127_53916_1	550	1443	894	-1	0.586	11	None	GENOMAD.190269.VV	3.843e-18	88	0	0	1	2561	Caudoviricetes	NA	NA	PF17289;COG5362;TIGR01630	Phage terminase large subunit
k127_542224_1	3	308	306	1	0.399	11	None	GENOMAD.123529.VV	8.168e-07	48	0	0	1	2561	Caudoviricetes	NA	NA	PF07880	Bacteriophage T4 gp9/10-like protein
k127_162761_1	3	842	840	-1	0.614	11	GGAG/GAGG	GENOMAD.022372.VV	5.241e-28	117	0	0	1	2561	Caudoviricetes	NA	NA	PF04708;COG1961;K14060	Site-specific DNA recombinase related to the DNA invertase Pin
k127_379880_1	3	305	303	1	0.660	11	None	GENOMAD.068048.VV	1.733e-14	70	0	0	1	2561	Caudoviricetes	NA	NA	PF20307;TIGR03600;K02314;COG0305	phage replicative helicase, DnaB family, HK022 subfamily
