contig_id	contig_length	provirus	proviral_length	gene_count	viral_genes	host_genes	checkv_quality	miuvig_quality	completeness	completeness_method	contamination	kmer_freq	warnings
k127_37	365	No	NA	1	0	0	Not-determined	Genome-fragment	NA	NA	0.0	1.0	no viral genes detected
k127_335101	321	No	NA	1	0	0	Not-determined	Genome-fragment	NA	NA	0.0	1.0	no viral genes detected
k127_167646	1381	No	NA	2	0	1	Not-determined	Genome-fragment	NA	NA	0.0	1.0	no viral genes detected
k127_502926	556	No	NA	1	0	1	Not-determined	Genome-fragment	NA	NA	0.0	1.0	no viral genes detected
k127_167810	619	No	NA	1	0	0	Not-determined	Genome-fragment	NA	NA	0.0	1.0	no viral genes detected
k127_343	1455	No	NA	1	1	0	Low-quality	Genome-fragment	2.56	AAI-based (high-confidence)	0.0	1.0	
k127_224005	456	No	NA	1	0	0	Low-quality	Genome-fragment	0.84	AAI-based (medium-confidence)	0.0	1.0	no viral genes detected
k127_391681	495	No	NA	1	0	0	Not-determined	Genome-fragment	NA	NA	0.0	1.0	no viral genes detected
k127_280344	536	No	NA	1	0	0	Not-determined	Genome-fragment	NA	NA	0.0	1.0	no viral genes detected
k127_57471	494	No	NA	1	0	0	Not-determined	Genome-fragment	NA	NA	0.0	1.0	no viral genes detected
k127_336816	431	No	NA	1	0	0	Low-quality	Genome-fragment	0.99	AAI-based (high-confidence)	0.0	1.0	no viral genes detected
k127_57585	423	No	NA	1	0	0	Not-determined	Genome-fragment	NA	NA	0.0	1.0	no viral genes detected
k127_2616	565	No	NA	1	0	0	Not-determined	Genome-fragment	NA	NA	0.0	1.0	no viral genes detected
k127_2640	301	No	NA	1	0	0	Low-quality	Genome-fragment	0.79	AAI-based (medium-confidence)	0.0	1.0	no viral genes detected
k127_58670	494	No	NA	1	0	0	Low-quality	Genome-fragment	1.05	AAI-based (medium-confidence)	0.0	1.0	no viral genes detected
k127_59159	677	No	NA	1	0	0	Low-quality	Genome-fragment	1.21	AAI-based (medium-confidence)	0.0	1.0	no viral genes detected
k127_450030	677	No	NA	1	0	1	Not-determined	Genome-fragment	NA	NA	0.0	1.0	no viral genes detected
k127_3379	1116	No	NA	1	0	0	Not-determined	Genome-fragment	NA	NA	0.0	1.0	no viral genes detected
k127_226863	650	No	NA	1	0	0	Low-quality	Genome-fragment	1.25	AAI-based (medium-confidence)	0.0	1.0	no viral genes detected
k127_171081	358	No	NA	1	0	1	Not-determined	Genome-fragment	NA	NA	0.0	1.0	no viral genes detected
k127_3899	520	No	NA	1	0	1	Not-determined	Genome-fragment	NA	NA	0.0	1.0	no viral genes detected
k127_507065	702	No	NA	1	0	1	Not-determined	Genome-fragment	NA	NA	0.0	1.0	no viral genes detected
k127_507183	356	No	NA	1	0	0	Not-determined	Genome-fragment	NA	NA	0.0	1.0	no viral genes detected
k127_284818	603	No	NA	2	0	0	Low-quality	Genome-fragment	1.35	AAI-based (medium-confidence)	0.0	1.0	no viral genes detected
k127_340993	314	No	NA	1	0	0	Low-quality	Genome-fragment	0.68	AAI-based (medium-confidence)	0.0	1.0	no viral genes detected
k127_5917	726	No	NA	2	0	0	Not-determined	Genome-fragment	NA	NA	0.0	1.0	no viral genes detected
k127_341563	590	No	NA	1	0	1	Not-determined	Genome-fragment	NA	NA	0.0	1.0	no viral genes detected
k127_6604	358	No	NA	1	0	0	Not-determined	Genome-fragment	NA	NA	0.0	1.0	no viral genes detected
k127_453676	376	No	NA	1	0	0	Not-determined	Genome-fragment	NA	NA	0.0	1.0	no viral genes detected
k127_454244	316	No	NA	1	1	0	Low-quality	Genome-fragment	0.28	HMM-based (lower-bound)	0.0	1.0	
k127_510406	369	No	NA	1	0	0	Low-quality	Genome-fragment	0.85	AAI-based (high-confidence)	0.0	1.0	no viral genes detected
k127_231542	440	No	NA	1	1	0	Low-quality	Genome-fragment	0.66	HMM-based (lower-bound)	0.0	1.0	
k127_231703	335	No	NA	1	0	1	Not-determined	Genome-fragment	NA	NA	0.0	1.0	no viral genes detected
k127_231935	548	No	NA	2	0	0	Not-determined	Genome-fragment	NA	NA	0.0	1.0	no viral genes detected
k127_344230	767	No	NA	3	1	0	Low-quality	Genome-fragment	1.12	AAI-based (medium-confidence)	0.0	1.0	
k127_399980	408	No	NA	1	0	0	Not-determined	Genome-fragment	NA	NA	0.0	1.0	no viral genes detected
k127_9128	834	No	NA	1	0	0	Not-determined	Genome-fragment	NA	NA	0.0	1.0	no viral genes detected
k127_121079	2509	No	NA	3	0	0	Not-determined	Genome-fragment	NA	NA	0.0	1.0	no viral genes detected
k127_121590	386	No	NA	1	0	0	Not-determined	Genome-fragment	NA	NA	0.0	1.0	no viral genes detected
k127_400826	370	No	NA	1	0	0	Low-quality	Genome-fragment	0.88	AAI-based (medium-confidence)	0.0	1.0	no viral genes detected
k127_121834	509	No	NA	1	0	1	Not-determined	Genome-fragment	NA	NA	0.0	1.02	no viral genes detected
k127_457500	327	No	NA	1	0	0	Low-quality	Genome-fragment	0.47	AAI-based (medium-confidence)	0.0	1.0	no viral genes detected
k127_401707	305	No	NA	1	0	0	Low-quality	Genome-fragment	0.5	AAI-based (medium-confidence)	0.0	1.0	no viral genes detected
k127_123550	361	No	NA	1	0	0	Low-quality	Genome-fragment	0.27	AAI-based (medium-confidence)	0.0	1.0	no viral genes detected
k127_235157	550	No	NA	1	0	0	Low-quality	Genome-fragment	1.14	AAI-based (medium-confidence)	0.0	1.0	no viral genes detected
k127_235300	521	No	NA	1	1	0	Low-quality	Genome-fragment	0.97	HMM-based (lower-bound)	0.0	1.0	
k127_68349	430	No	NA	1	0	0	Low-quality	Genome-fragment	1.0	AAI-based (medium-confidence)	0.0	1.0	no viral genes detected
k127_235567	331	No	NA	1	0	0	Not-determined	Genome-fragment	NA	NA	0.0	1.0	no viral genes detected
k127_459060	934	No	NA	1	1	0	Low-quality	Genome-fragment	1.67	AAI-based (high-confidence)	0.0	1.0	
k127_459114	948	No	NA	2	0	1	Not-determined	Genome-fragment	NA	NA	0.0	1.0	no viral genes detected
k127_12566	492	No	NA	1	0	0	Low-quality	Genome-fragment	0.99	AAI-based (medium-confidence)	0.0	1.0	no viral genes detected
k127_292163	311	No	NA	1	1	0	Low-quality	Genome-fragment	0.75	AAI-based (medium-confidence)	0.0	1.0	
k127_12818	554	No	NA	1	1	0	Low-quality	Genome-fragment	0.75	HMM-based (lower-bound)	0.0	1.0	
k127_12864	512	No	NA	1	0	0	Not-determined	Genome-fragment	NA	NA	0.0	1.0	no viral genes detected
k127_69150	346	No	NA	1	0	0	Low-quality	Genome-fragment	0.13	AAI-based (medium-confidence)	0.0	1.0	no viral genes detected
k127_69241	448	No	NA	1	0	0	Not-determined	Genome-fragment	NA	NA	0.0	1.0	no viral genes detected
k127_404229	329	No	NA	1	0	0	Not-determined	Genome-fragment	NA	NA	0.0	1.0	no viral genes detected
k127_180890	346	No	NA	1	0	0	Not-determined	Genome-fragment	NA	NA	0.0	1.0	no viral genes detected
k127_125395	430	No	NA	1	0	0	Not-determined	Genome-fragment	NA	NA	0.0	1.0	no viral genes detected
k127_349313	382	No	NA	2	1	0	Low-quality	Genome-fragment	0.41	AAI-based (medium-confidence)	0.0	1.0	
k127_404734	359	No	NA	1	0	0	Not-determined	Genome-fragment	NA	NA	0.0	1.0	no viral genes detected
k127_126961	308	No	NA	1	0	0	Not-determined	Genome-fragment	NA	NA	0.0	1.0	no viral genes detected
k127_15510	419	No	NA	1	0	0	Not-determined	Genome-fragment	NA	NA	0.0	1.0	no viral genes detected
k127_295198	342	No	NA	1	0	0	Not-determined	Genome-fragment	NA	NA	0.0	1.0	no viral genes detected
k127_351580	409	No	NA	2	0	0	Not-determined	Genome-fragment	NA	NA	0.0	1.0	no viral genes detected
k127_127646	408	No	NA	1	1	0	Low-quality	Genome-fragment	0.55	HMM-based (lower-bound)	0.0	1.0	
k127_183666	324	No	NA	1	1	0	Low-quality	Genome-fragment	0.54	AAI-based (high-confidence)	0.0	1.0	
k127_183815	550	No	NA	1	0	0	Low-quality	Genome-fragment	1.09	AAI-based (medium-confidence)	0.0	1.0	no viral genes detected
k127_183912	303	No	NA	1	1	0	Low-quality	Genome-fragment	0.14	AAI-based (medium-confidence)	0.0	1.0	
k127_128077	468	No	NA	1	0	0	Low-quality	Genome-fragment	1.18	AAI-based (medium-confidence)	0.0	1.0	no viral genes detected
k127_128491	561	No	NA	1	0	1	Not-determined	Genome-fragment	NA	NA	0.0	1.0	no viral genes detected
k127_296316	441	No	NA	1	0	0	Not-determined	Genome-fragment	NA	NA	0.0	1.0	no viral genes detected
k127_129061	431	No	NA	2	2	0	Low-quality	Genome-fragment	0.87	AAI-based (medium-confidence)	0.0	1.0	
k127_17243	320	No	NA	1	0	1	Not-determined	Genome-fragment	NA	NA	0.0	1.0	no viral genes detected
k127_297098	302	No	NA	1	1	0	Low-quality	Genome-fragment	0.25	HMM-based (lower-bound)	0.0	1.0	
k127_520454	443	No	NA	2	0	0	Not-determined	Genome-fragment	NA	NA	0.0	1.0	no viral genes detected
k127_520551	366	No	NA	1	0	0	Not-determined	Genome-fragment	NA	NA	0.0	1.0	no viral genes detected
k127_464776	792	No	NA	1	0	1	Not-determined	Genome-fragment	NA	NA	0.0	1.0	no viral genes detected
k127_74418	358	No	NA	1	0	0	Not-determined	Genome-fragment	NA	NA	0.0	1.0	no viral genes detected
k127_74596	877	No	NA	1	0	0	Low-quality	Genome-fragment	1.68	AAI-based (medium-confidence)	0.0	1.0	no viral genes detected
k127_241977	336	No	NA	1	0	0	Not-determined	Genome-fragment	NA	NA	0.0	1.0	no viral genes detected
k127_130948	875	No	NA	2	0	0	Not-determined	Genome-fragment	NA	NA	0.0	1.0	no viral genes detected
k127_466312	3253	No	NA	6	6	0	Medium-quality	Genome-fragment	55.42	AAI-based (high-confidence)	0.0	1.0	
k127_187551	693	No	NA	1	0	0	Not-determined	Genome-fragment	NA	NA	0.0	1.0	no viral genes detected
k127_76605	477	No	NA	1	0	0	Low-quality	Genome-fragment	0.55	AAI-based (medium-confidence)	0.0	1.0	no viral genes detected
k127_76611	848	No	NA	2	0	0	Low-quality	Genome-fragment	1.62	AAI-based (medium-confidence)	0.0	1.0	no viral genes detected
k127_132503	349	No	NA	2	0	0	Not-determined	Genome-fragment	NA	NA	0.0	1.0	no viral genes detected
k127_77423	683	No	NA	1	0	0	Not-determined	Genome-fragment	NA	NA	0.0	1.0	no viral genes detected
k127_357289	308	No	NA	1	0	0	Not-determined	Genome-fragment	NA	NA	0.0	1.0	no viral genes detected
k127_412756	632	No	NA	2	0	0	Low-quality	Genome-fragment	1.43	AAI-based (medium-confidence)	0.0	1.0	no viral genes detected
k127_133286	609	No	NA	1	0	0	Low-quality	Genome-fragment	1.4	AAI-based (medium-confidence)	0.0	1.0	no viral genes detected
k127_245140	397	No	NA	2	0	0	Not-determined	Genome-fragment	NA	NA	0.0	1.0	no viral genes detected
k127_133332	386	No	NA	1	0	0	Not-determined	Genome-fragment	NA	NA	0.0	1.0	no viral genes detected
k127_77975	488	No	NA	2	0	0	Low-quality	Genome-fragment	1.17	AAI-based (medium-confidence)	0.0	1.0	no viral genes detected
k127_301327	637	No	NA	2	0	0	Not-determined	Genome-fragment	NA	NA	0.0	1.0	no viral genes detected
k127_133794	496	No	NA	1	0	1	Not-determined	Genome-fragment	NA	NA	0.0	1.0	no viral genes detected
k127_301951	874	No	NA	1	0	0	Not-determined	Genome-fragment	NA	NA	0.0	1.0	no viral genes detected
k127_246020	304	No	NA	1	0	0	Not-determined	Genome-fragment	NA	NA	0.0	1.0	no viral genes detected
k127_358518	317	No	NA	1	0	0	Not-determined	Genome-fragment	NA	NA	0.0	1.0	no viral genes detected
k127_79037	326	No	NA	1	1	0	Low-quality	Genome-fragment	0.48	HMM-based (lower-bound)	0.0	1.0	
k127_358622	2989	No	NA	7	0	0	Not-determined	Genome-fragment	NA	NA	0.0	1.0	no viral genes detected
k127_359069	309	No	NA	1	0	0	Not-determined	Genome-fragment	NA	NA	0.0	1.0	no viral genes detected
k127_470114	622	No	NA	2	0	0	Not-determined	Genome-fragment	NA	NA	0.0	1.0	no viral genes detected
k127_526181	1448	No	NA	1	0	1	Not-determined	Genome-fragment	NA	NA	0.0	1.0	no viral genes detected
k127_415045	1048	No	NA	2	0	0	Not-determined	Genome-fragment	NA	NA	0.0	1.0	no viral genes detected
k127_303657	1993	No	NA	2	0	1	Not-determined	Genome-fragment	NA	NA	0.0	1.0	no viral genes detected
k127_527093	614	No	NA	1	0	0	Not-determined	Genome-fragment	NA	NA	0.0	1.0	no viral genes detected
k127_415816	347	No	NA	1	0	0	Low-quality	Genome-fragment	0.8	AAI-based (medium-confidence)	0.0	1.0	no viral genes detected
k127_24638	351	No	NA	1	0	0	Low-quality	Genome-fragment	0.85	AAI-based (medium-confidence)	0.0	1.0	no viral genes detected
k127_81195	314	No	NA	1	0	0	Not-determined	Genome-fragment	NA	NA	0.0	1.0	no viral genes detected
k127_25593	353	No	NA	1	0	0	Not-determined	Genome-fragment	NA	NA	0.0	1.0	no viral genes detected
k127_193364	310	No	NA	1	0	0	Not-determined	Genome-fragment	NA	NA	0.0	1.0	no viral genes detected
k127_249462	1156	No	NA	2	1	0	Low-quality	Genome-fragment	2.31	AAI-based (high-confidence)	0.0	1.0	
k127_417405	319	No	NA	1	0	0	Low-quality	Genome-fragment	0.36	AAI-based (medium-confidence)	0.0	1.0	no viral genes detected
k127_26432	440	No	NA	1	0	0	Low-quality	Genome-fragment	1.01	AAI-based (medium-confidence)	0.0	1.0	no viral genes detected
k127_250188	493	No	NA	2	0	0	Low-quality	Genome-fragment	1.19	AAI-based (medium-confidence)	0.0	1.0	no viral genes detected
k127_194085	457	No	NA	1	0	0	Low-quality	Genome-fragment	0.34	AAI-based (medium-confidence)	0.0	1.0	no viral genes detected
k127_250266	1087	No	NA	1	0	1	Low-quality	Genome-fragment	1.17	AAI-based (medium-confidence)	0.0	1.0	no viral genes detected
k127_194290	656	No	NA	1	0	0	Low-quality	Genome-fragment	1.38	AAI-based (medium-confidence)	0.0	1.0	no viral genes detected
k127_362790	958	No	NA	1	0	0	Low-quality	Genome-fragment	2.03	AAI-based (medium-confidence)	0.0	1.0	no viral genes detected
k127_250661	503	No	NA	1	0	0	Not-determined	Genome-fragment	NA	NA	0.0	1.0	no viral genes detected
k127_250753	388	No	NA	1	0	0	Not-determined	Genome-fragment	NA	NA	0.0	1.0	no viral genes detected
k127_27532	417	No	NA	1	0	1	Not-determined	Genome-fragment	NA	NA	0.0	1.0	no viral genes detected
k127_27920	846	No	NA	2	0	1	Not-determined	Genome-fragment	NA	NA	0.0	1.0	no viral genes detected
k127_140235	524	No	NA	1	0	0	Not-determined	Genome-fragment	NA	NA	0.0	1.0	no viral genes detected
k127_84817	436	No	NA	1	0	0	Not-determined	Genome-fragment	NA	NA	0.0	1.0	no viral genes detected
k127_196244	1039	No	NA	1	0	0	Low-quality	Genome-fragment	2.02	AAI-based (high-confidence)	0.0	1.0	no viral genes detected
k127_531432	1238	No	NA	2	0	0	Not-determined	Genome-fragment	NA	NA	0.0	1.0	no viral genes detected
k127_475422	346	No	NA	2	0	0	Not-determined	Genome-fragment	NA	NA	0.0	1.0	no viral genes detected
k127_140905	634	No	NA	2	1	0	Low-quality	Genome-fragment	0.94	HMM-based (lower-bound)	0.0	1.0	
k127_308610	441	No	NA	1	0	0	Low-quality	Genome-fragment	1.04	AAI-based (medium-confidence)	0.0	1.0	no viral genes detected
k127_308714	444	No	NA	1	0	0	Not-determined	Genome-fragment	NA	NA	0.0	1.0	no viral genes detected
k127_365044	327	No	NA	1	1	0	Low-quality	Genome-fragment	0.38	HMM-based (lower-bound)	0.0	1.0	
k127_365176	357	No	NA	1	0	0	Not-determined	Genome-fragment	NA	NA	0.0	1.0	no viral genes detected
k127_253124	546	No	NA	1	0	0	Low-quality	Genome-fragment	0.42	AAI-based (medium-confidence)	0.0	1.0	no viral genes detected
k127_420858	794	No	NA	1	0	0	Not-determined	Genome-fragment	NA	NA	0.0	1.0	no viral genes detected
k127_86162	488	No	NA	1	0	1	Not-determined	Genome-fragment	NA	NA	0.0	1.0	no viral genes detected
k127_253701	333	No	NA	1	1	0	Low-quality	Genome-fragment	0.54	AAI-based (high-confidence)	0.0	1.0	
k127_366047	519	No	NA	1	0	0	Low-quality	Genome-fragment	1.04	AAI-based (medium-confidence)	0.0	1.0	no viral genes detected
k127_366126	614	No	NA	1	0	0	Not-determined	Genome-fragment	NA	NA	0.0	1.0	no viral genes detected
k127_30327	316	No	NA	1	0	0	Not-determined	Genome-fragment	NA	NA	0.0	1.0	no viral genes detected
k127_254685	449	No	NA	1	0	0	Not-determined	Genome-fragment	NA	NA	0.0	1.0	no viral genes detected
k127_142943	303	No	NA	1	0	0	Low-quality	Genome-fragment	0.33	AAI-based (medium-confidence)	0.0	1.0	no viral genes detected
k127_366922	403	No	NA	1	0	0	Low-quality	Genome-fragment	0.94	AAI-based (medium-confidence)	0.0	1.0	no viral genes detected
k127_255265	406	No	NA	1	0	0	Low-quality	Genome-fragment	0.71	AAI-based (medium-confidence)	0.0	1.0	no viral genes detected
k127_31480	726	No	NA	3	1	0	Low-quality	Genome-fragment	0.51	HMM-based (lower-bound)	0.0	1.0	
k127_31552	1344	No	NA	2	0	0	Not-determined	Genome-fragment	NA	NA	0.0	1.0	no viral genes detected
k127_31750	376	No	NA	1	0	0	Not-determined	Genome-fragment	NA	NA	0.0	1.0	no viral genes detected
k127_478761	338	No	NA	1	1	0	Low-quality	Genome-fragment	0.84	AAI-based (medium-confidence)	0.0	1.0	
k127_199829	376	No	NA	2	0	0	Not-determined	Genome-fragment	NA	NA	0.0	1.0	no viral genes detected
k127_88533	326	No	NA	1	0	0	Low-quality	Genome-fragment	0.72	AAI-based (medium-confidence)	0.0	1.0	no viral genes detected
k127_423554	510	No	NA	1	0	0	Low-quality	Genome-fragment	1.1	AAI-based (medium-confidence)	0.0	1.0	no viral genes detected
k127_256292	381	No	NA	2	0	0	Not-determined	Genome-fragment	NA	NA	0.0	1.0	no viral genes detected
k127_256369	542	No	NA	2	2	0	Low-quality	Genome-fragment	1.12	AAI-based (medium-confidence)	0.0	1.0	
k127_535605	945	No	NA	1	0	0	Low-quality	Genome-fragment	1.86	AAI-based (medium-confidence)	0.0	1.0	no viral genes detected
k127_200688	339	No	NA	1	0	0	Not-determined	Genome-fragment	NA	NA	0.0	1.0	no viral genes detected
k127_368998	636	No	NA	1	0	0	Not-determined	Genome-fragment	NA	NA	0.0	1.0	no viral genes detected
k127_313021	1742	No	NA	3	2	0	Low-quality	Genome-fragment	29.57	AAI-based (high-confidence)	0.0	1.0	
k127_90369	270	No	NA	1	0	0	Not-determined	Genome-fragment	NA	NA	0.0	1.0	no viral genes detected
k127_90422	727	No	NA	1	0	0	Not-determined	Genome-fragment	NA	NA	0.0	1.0	no viral genes detected
k127_257989	630	No	NA	1	0	0	Not-determined	Genome-fragment	NA	NA	0.0	1.06	no viral genes detected
k127_370015	469	No	NA	1	0	0	Low-quality	Genome-fragment	0.98	AAI-based (medium-confidence)	0.0	1.0	no viral genes detected
k127_34501	442	No	NA	1	0	0	Not-determined	Genome-fragment	NA	NA	0.0	1.0	no viral genes detected
k127_259461	472	No	NA	2	0	0	Not-determined	Genome-fragment	NA	NA	0.0	1.0	no viral genes detected
k127_35703	471	No	NA	1	0	0	Low-quality	Genome-fragment	0.88	AAI-based (medium-confidence)	0.0	1.0	no viral genes detected
k127_259641	1004	No	NA	1	0	0	Not-determined	Genome-fragment	NA	NA	0.0	1.0	no viral genes detected
k127_539099	338	No	NA	1	1	0	Low-quality	Genome-fragment	0.58	HMM-based (lower-bound)	0.0	1.0	
k127_204255	561	No	NA	1	0	0	Low-quality	Genome-fragment	0.47	AAI-based (medium-confidence)	0.0	1.0	no viral genes detected
k127_539643	430	No	NA	1	1	0	Low-quality	Genome-fragment	0.99	AAI-based (medium-confidence)	0.0	1.0	
k127_149219	450	No	NA	1	1	0	Low-quality	Genome-fragment	1.08	AAI-based (medium-confidence)	0.0	1.0	
k127_483898	499	No	NA	2	0	0	Low-quality	Genome-fragment	0.37	AAI-based (medium-confidence)	0.0	1.0	no viral genes detected
k127_373247	322	No	NA	1	1	0	Low-quality	Genome-fragment	0.87	AAI-based (high-confidence)	0.0	1.0	
k127_484124	760	No	NA	2	0	0	Not-determined	Genome-fragment	NA	NA	0.0	1.0	no viral genes detected
k127_261326	699	No	NA	1	0	0	Low-quality	Genome-fragment	1.43	AAI-based (medium-confidence)	0.0	1.0	no viral genes detected
k127_205402	554	No	NA	1	0	0	Low-quality	Genome-fragment	1.16	AAI-based (medium-confidence)	0.0	1.0	no viral genes detected
k127_37484	328	No	NA	1	0	0	Not-determined	Genome-fragment	NA	NA	0.0	1.0	no viral genes detected
k127_94039	520	No	NA	1	0	0	Not-determined	Genome-fragment	NA	NA	0.0	1.0	no viral genes detected
k127_94152	930	No	NA	2	0	1	Not-determined	Genome-fragment	NA	NA	0.0	1.0	no viral genes detected
k127_373667	4130	No	NA	4	1	0	Low-quality	Genome-fragment	6.32	AAI-based (medium-confidence)	0.0	1.0	
k127_205947	1672	No	NA	1	0	1	Low-quality	Genome-fragment	2.21	AAI-based (medium-confidence)	0.0	1.0	no viral genes detected
k127_38140	1480	No	NA	1	0	0	Not-determined	Genome-fragment	NA	NA	0.0	1.0	no viral genes detected
k127_94713	399	No	NA	1	0	0	Not-determined	Genome-fragment	NA	NA	0.0	1.0	no viral genes detected
k127_94850	440	No	NA	1	0	0	Low-quality	Genome-fragment	0.93	AAI-based (medium-confidence)	0.0	1.0	no viral genes detected
k127_485120	399	No	NA	1	1	0	Low-quality	Genome-fragment	0.8	AAI-based (medium-confidence)	0.0	1.0	
k127_485283	519	No	NA	1	0	0	Not-determined	Genome-fragment	NA	NA	0.0	1.0	no viral genes detected
k127_430308	786	No	NA	1	0	0	Not-determined	Genome-fragment	NA	NA	0.0	1.0	no viral genes detected
k127_318833	678	No	NA	2	0	0	Not-determined	Genome-fragment	NA	NA	0.0	1.0	no viral genes detected
k127_95447	546	No	NA	1	0	0	Not-determined	Genome-fragment	NA	NA	0.0	1.0	no viral genes detected
k127_430759	317	No	NA	1	1	0	Low-quality	Genome-fragment	0.43	HMM-based (lower-bound)	0.0	1.0	
k127_95751	532	No	NA	1	1	0	Low-quality	Genome-fragment	1.12	AAI-based (high-confidence)	0.0	1.0	
k127_486028	903	No	NA	1	0	1	Not-determined	Genome-fragment	NA	NA	0.0	1.0	no viral genes detected
k127_151543	387	No	NA	1	0	0	Low-quality	Genome-fragment	0.44	AAI-based (medium-confidence)	0.0	1.0	no viral genes detected
k127_486152	669	No	NA	1	0	0	Low-quality	Genome-fragment	1.45	AAI-based (medium-confidence)	0.0	1.0	no viral genes detected
k127_208517	327	No	NA	1	0	0	Not-determined	Genome-fragment	NA	NA	0.0	1.0	no viral genes detected
k127_488193	328	No	NA	1	0	0	Not-determined	Genome-fragment	NA	NA	0.0	1.0	no viral genes detected
k127_41486	864	No	NA	1	0	1	Not-determined	Genome-fragment	NA	NA	0.0	1.0	no viral genes detected
k127_488234	1020	No	NA	1	0	1	Not-determined	Genome-fragment	NA	NA	0.0	1.0	no viral genes detected
k127_209451	331	No	NA	1	1	0	Low-quality	Genome-fragment	0.23	HMM-based (lower-bound)	0.0	1.0	
k127_153982	380	No	NA	1	0	0	Not-determined	Genome-fragment	NA	NA	0.0	1.0	no viral genes detected
k127_98615	1257	No	NA	1	0	1	Not-determined	Genome-fragment	NA	NA	0.0	1.0	no viral genes detected
k127_210406	319	No	NA	1	0	0	Not-determined	Genome-fragment	NA	NA	0.0	1.0	no viral genes detected
k127_98820	541	No	NA	1	0	0	Low-quality	Genome-fragment	1.11	AAI-based (medium-confidence)	0.0	1.0	no viral genes detected
k127_378122	1099	No	NA	1	0	0	Low-quality	Genome-fragment	2.11	AAI-based (medium-confidence)	0.0	1.0	no viral genes detected
k127_98978	419	No	NA	1	0	0	Not-determined	Genome-fragment	NA	NA	0.0	1.0	no viral genes detected
k127_42737	377	No	NA	1	1	0	Low-quality	Genome-fragment	0.66	AAI-based (high-confidence)	0.0	1.0	
k127_99002	554	No	NA	2	1	0	Low-quality	Genome-fragment	0.62	HMM-based (lower-bound)	0.0	1.0	
k127_489849	335	No	NA	1	1	0	Low-quality	Genome-fragment	0.61	HMM-based (lower-bound)	0.0	1.0	
k127_99460	323	No	NA	1	0	0	Low-quality	Genome-fragment	0.78	AAI-based (high-confidence)	0.0	1.0	no viral genes detected
k127_489977	765	No	NA	2	0	0	Not-determined	Genome-fragment	NA	NA	0.0	1.0	no viral genes detected
k127_490162	303	No	NA	1	1	0	Low-quality	Genome-fragment	0.35	HMM-based (lower-bound)	0.0	1.0	
k127_490597	702	No	NA	1	1	0	Low-quality	Genome-fragment	0.58	HMM-based (lower-bound)	0.0	1.05	
k127_546766	1230	No	NA	2	1	0	Low-quality	Genome-fragment	0.57	HMM-based (lower-bound)	0.0	1.0	
k127_44348	393	No	NA	1	0	0	Low-quality	Genome-fragment	0.91	AAI-based (medium-confidence)	0.0	1.0	no viral genes detected
k127_379941	342	No	NA	1	0	0	Not-determined	Genome-fragment	NA	NA	0.0	1.0	no viral genes detected
k127_44453	406	No	NA	1	0	0	Not-determined	Genome-fragment	NA	NA	0.0	1.0	no viral genes detected
k127_44533	443	No	NA	1	0	0	Not-determined	Genome-fragment	NA	NA	0.0	1.0	no viral genes detected
k127_324361	321	No	NA	1	0	0	Low-quality	Genome-fragment	0.37	AAI-based (high-confidence)	0.0	1.0	no viral genes detected
k127_324667	341	No	NA	1	0	0	Not-determined	Genome-fragment	NA	NA	0.0	1.0	no viral genes detected
k127_101798	934	No	NA	1	0	0	Low-quality	Genome-fragment	1.63	AAI-based (high-confidence)	0.0	1.0	no viral genes detected
k127_381290	2641	No	NA	1	0	1	Low-quality	Genome-fragment	2.66	AAI-based (medium-confidence)	0.0	1.0	no viral genes detected
k127_46337	977	No	NA	1	0	1	Not-determined	Genome-fragment	NA	NA	0.0	1.0	no viral genes detected
k127_158623	316	No	NA	1	0	0	Not-determined	Genome-fragment	NA	NA	0.0	1.0	no viral genes detected
k127_326452	655	No	NA	1	0	0	Not-determined	Genome-fragment	NA	NA	0.0	1.0	no viral genes detected
k127_549567	468	No	NA	1	0	1	Not-determined	Genome-fragment	NA	NA	0.0	1.0	no viral genes detected
k127_103322	463	No	NA	2	0	0	Not-determined	Genome-fragment	NA	NA	0.0	1.0	no viral genes detected
k127_215304	687	No	NA	1	0	0	Not-determined	Genome-fragment	NA	NA	0.0	1.0	no viral genes detected
k127_494310	342	No	NA	1	0	0	Low-quality	Genome-fragment	0.93	AAI-based (medium-confidence)	0.0	1.0	no viral genes detected
k127_494616	1190	No	NA	1	0	0	Low-quality	Genome-fragment	1.99	AAI-based (medium-confidence)	0.0	1.0	no viral genes detected
k127_216025	575	No	NA	1	0	0	Low-quality	Genome-fragment	0.66	AAI-based (medium-confidence)	0.0	1.0	no viral genes detected
k127_160404	471	No	NA	1	0	0	Not-determined	Genome-fragment	NA	NA	0.0	1.0	no viral genes detected
k127_271790	313	No	NA	1	0	0	Low-quality	Genome-fragment	0.77	AAI-based (high-confidence)	0.0	1.0	no viral genes detected
k127_104927	374	No	NA	1	0	0	Low-quality	Genome-fragment	0.8	AAI-based (high-confidence)	0.0	1.0	no viral genes detected
k127_161119	409	No	NA	2	0	0	Not-determined	Genome-fragment	NA	NA	0.0	1.0	no viral genes detected
k127_552078	697	No	NA	1	0	1	Not-determined	Genome-fragment	NA	NA	0.0	1.0	no viral genes detected
k127_384947	386	No	NA	1	0	0	Low-quality	Genome-fragment	0.95	AAI-based (medium-confidence)	0.0	1.0	no viral genes detected
k127_496165	306	No	NA	1	0	0	Low-quality	Genome-fragment	0.72	AAI-based (medium-confidence)	0.0	1.0	no viral genes detected
k127_496721	883	No	NA	1	0	0	Not-determined	Genome-fragment	NA	NA	0.0	1.0	no viral genes detected
k127_552890	415	No	NA	1	1	0	Low-quality	Genome-fragment	0.34	HMM-based (lower-bound)	0.0	1.0	
k127_385885	458	No	NA	1	0	0	Not-determined	Genome-fragment	NA	NA	0.0	1.0	no viral genes detected
k127_553369	424	No	NA	1	0	0	Not-determined	Genome-fragment	NA	NA	0.0	1.0	no viral genes detected
k127_386314	317	No	NA	1	1	0	Low-quality	Genome-fragment	0.84	AAI-based (medium-confidence)	0.0	1.0	
k127_553546	564	No	NA	1	0	0	Not-determined	Genome-fragment	NA	NA	0.0	1.0	no viral genes detected
k127_497711	431	No	NA	1	0	0	Not-determined	Genome-fragment	NA	NA	0.0	1.0	no viral genes detected
k127_274831	1368	No	NA	2	0	1	Not-determined	Genome-fragment	NA	NA	0.0	1.0	no viral genes detected
k127_442920	355	No	NA	1	0	1	Not-determined	Genome-fragment	NA	NA	0.0	1.0	no viral genes detected
k127_443133	328	No	NA	1	1	0	Low-quality	Genome-fragment	0.89	AAI-based (high-confidence)	0.0	1.0	
k127_443144	448	No	NA	1	1	0	Low-quality	Genome-fragment	0.67	HMM-based (lower-bound)	0.0	1.0	
k127_163977	422	No	NA	1	0	0	Not-determined	Genome-fragment	NA	NA	0.0	1.0	no viral genes detected
k127_51727	381	No	NA	1	0	0	Not-determined	Genome-fragment	NA	NA	0.0	1.0	no viral genes detected
k127_554960	433	No	NA	1	0	0	Low-quality	Genome-fragment	1.0	AAI-based (medium-confidence)	0.0	1.0	no viral genes detected
k127_52364	504	No	NA	1	1	0	Low-quality	Genome-fragment	0.18	HMM-based (lower-bound)	0.0	1.0	
k127_388278	703	No	NA	1	0	0	Not-determined	Genome-fragment	NA	NA	0.0	1.0	no viral genes detected
k127_499569	411	No	NA	1	0	0	Low-quality	Genome-fragment	0.91	AAI-based (medium-confidence)	0.0	1.0	no viral genes detected
k127_499679	1353	No	NA	1	0	0	Not-determined	Genome-fragment	NA	NA	0.0	1.0	no viral genes detected
k127_166048	342	No	NA	1	0	0	Not-determined	Genome-fragment	NA	NA	0.0	1.0	no viral genes detected
k127_556882	468	No	NA	1	1	0	Low-quality	Genome-fragment	0.67	HMM-based (lower-bound)	0.0	1.0	
k127_222284	371	No	NA	1	0	0	Not-determined	Genome-fragment	NA	NA	0.0	1.0	no viral genes detected
k127_557083	528	No	NA	1	1	0	Low-quality	Genome-fragment	1.2	AAI-based (high-confidence)	0.0	1.0	
k127_501277	429	No	NA	1	0	0	Low-quality	Genome-fragment	0.99	AAI-based (medium-confidence)	0.0	1.0	no viral genes detected
k127_390293	353	No	NA	1	0	0	Low-quality	Genome-fragment	0.72	AAI-based (medium-confidence)	0.0	1.0	no viral genes detected
k127_278534	452	No	NA	1	0	0	Not-determined	Genome-fragment	NA	NA	0.0	1.0	no viral genes detected
k127_55036	347	No	NA	1	1	0	Low-quality	Genome-fragment	0.68	AAI-based (high-confidence)	0.0	1.0	
k127_334964	570	No	NA	2	0	0	Not-determined	Genome-fragment	NA	NA	0.0	1.0	no viral genes detected
k127_390734	349	No	NA	1	0	0	Not-determined	Genome-fragment	NA	NA	0.0	1.0	no viral genes detected
