contig_id	contig_length	provirus	proviral_length	gene_count	viral_genes	host_genes	checkv_quality	miuvig_quality	completeness	completeness_method	contamination	kmer_freq	warnings
k127_495988	390	No	NA	1	0	0	Low-quality	Genome-fragment	0.71	AAI-based (high-confidence)	0.0	1.0	no viral genes detected
k127_558320	475	No	NA	1	0	0	Low-quality	Genome-fragment	0.87	AAI-based (medium-confidence)	0.0	1.0	no viral genes detected
k127_310639	306	No	NA	1	0	0	Low-quality	Genome-fragment	0.87	AAI-based (medium-confidence)	0.0	1.0	no viral genes detected
k127_372711	538	No	NA	1	0	0	Low-quality	Genome-fragment	1.08	AAI-based (medium-confidence)	0.0	1.0	no viral genes detected
k127_434803	313	No	NA	1	0	0	Low-quality	Genome-fragment	0.82	AAI-based (medium-confidence)	0.0	1.0	no viral genes detected
k127_310870	621	No	NA	1	0	1	Not-determined	Genome-fragment	NA	NA	0.0	1.16	no viral genes detected
k127_311055	534	No	NA	1	0	0	Not-determined	Genome-fragment	NA	NA	0.0	1.0	no viral genes detected
k127_559149	407	No	NA	1	1	0	Low-quality	Genome-fragment	1.11	AAI-based (high-confidence)	0.0	1.0	
k127_249244	699	No	NA	1	0	0	Not-determined	Genome-fragment	NA	NA	0.0	1.0	no viral genes detected
k127_373366	546	No	NA	1	0	0	Not-determined	Genome-fragment	NA	NA	0.0	1.0	no viral genes detected
k127_187711	311	No	NA	1	0	0	Not-determined	Genome-fragment	NA	NA	0.0	1.0	no viral genes detected
k127_125900	349	No	NA	1	0	0	Not-determined	Genome-fragment	NA	NA	0.0	1.0	no viral genes detected
k127_1903	393	No	NA	1	1	0	Low-quality	Genome-fragment	0.53	HMM-based (lower-bound)	0.0	1.0	
k127_374192	782	No	NA	2	2	0	Low-quality	Genome-fragment	1.09	HMM-based (lower-bound)	0.0	1.0	
k127_436190	475	No	NA	1	0	0	Low-quality	Genome-fragment	0.96	AAI-based (high-confidence)	0.0	1.0	no viral genes detected
k127_374249	3393	No	NA	8	0	0	Not-determined	Genome-fragment	NA	NA	0.0	1.0	no viral genes detected
k127_126564	511	No	NA	1	1	0	Low-quality	Genome-fragment	0.73	HMM-based (lower-bound)	0.0	1.0	
k127_374746	341	No	NA	1	0	0	Not-determined	Genome-fragment	NA	NA	0.0	1.0	no viral genes detected
k127_374907	929	No	NA	1	1	0	Low-quality	Genome-fragment	1.38	HMM-based (lower-bound)	0.0	1.0	
k127_312990	533	No	NA	1	0	0	Not-determined	Genome-fragment	NA	NA	0.0	1.0	no viral genes detected
k127_375095	801	No	NA	1	0	0	Low-quality	Genome-fragment	1.58	AAI-based (high-confidence)	0.0	1.0	no viral genes detected
k127_375298	518	No	NA	1	0	0	Not-determined	Genome-fragment	NA	NA	0.0	1.0	no viral genes detected
k127_127339	387	No	NA	2	0	0	Not-determined	Genome-fragment	NA	NA	0.0	1.0	no viral genes detected
k127_499341	1614	No	NA	2	0	0	Low-quality	Genome-fragment	3.66	AAI-based (medium-confidence)	0.0	1.0	no viral genes detected
k127_313407	3269	No	NA	5	5	0	Low-quality	Genome-fragment	6.5	AAI-based (medium-confidence)	0.0	1.0	
k127_437486	640	No	NA	2	0	0	Low-quality	Genome-fragment	1.36	AAI-based (high-confidence)	0.0	1.0	no viral genes detected
k127_3706	463	No	NA	2	0	0	Not-determined	Genome-fragment	NA	NA	0.0	1.0	no viral genes detected
k127_251953	798	No	NA	2	2	0	Low-quality	Genome-fragment	0.55	HMM-based (lower-bound)	0.0	1.0	
k127_66211	347	No	NA	1	1	0	Low-quality	Genome-fragment	0.88	AAI-based (medium-confidence)	0.0	1.0	
k127_562101	308	No	NA	1	0	0	Low-quality	Genome-fragment	0.74	AAI-based (medium-confidence)	0.0	1.0	no viral genes detected
k127_66466	344	No	NA	2	0	0	Low-quality	Genome-fragment	0.71	AAI-based (medium-confidence)	0.0	1.0	no viral genes detected
k127_438411	431	No	NA	1	0	0	Low-quality	Genome-fragment	1.12	AAI-based (medium-confidence)	0.0	1.0	no viral genes detected
k127_438465	857	No	NA	1	0	0	Low-quality	Genome-fragment	1.83	AAI-based (medium-confidence)	0.0	1.0	no viral genes detected
k127_252415	345	No	NA	1	0	0	Not-determined	Genome-fragment	NA	NA	0.0	1.0	no viral genes detected
k127_190689	305	No	NA	1	1	0	Low-quality	Genome-fragment	0.35	HMM-based (lower-bound)	0.0	1.0	
k127_252632	479	No	NA	1	0	0	Not-determined	Genome-fragment	NA	NA	0.0	1.0	no viral genes detected
k127_439070	542	No	NA	1	1	0	Low-quality	Genome-fragment	0.1	HMM-based (lower-bound)	0.0	1.0	
k127_253135	347	No	NA	1	0	0	Not-determined	Genome-fragment	NA	NA	0.0	1.0	no viral genes detected
k127_439235	322	No	NA	2	1	0	Low-quality	Genome-fragment	0.61	HMM-based (lower-bound)	0.0	1.0	
k127_315380	523	No	NA	2	0	0	Not-determined	Genome-fragment	NA	NA	0.0	1.0	no viral genes detected
k127_439433	373	No	NA	1	0	0	Low-quality	Genome-fragment	0.97	AAI-based (medium-confidence)	0.0	1.0	no viral genes detected
k127_67568	640	No	NA	1	1	0	Low-quality	Genome-fragment	1.39	AAI-based (medium-confidence)	0.0	1.0	
k127_439513	1896	No	NA	4	1	0	Low-quality	Genome-fragment	4.11	AAI-based (high-confidence)	0.0	1.0	
k127_439526	306	No	NA	1	0	0	Low-quality	Genome-fragment	0.65	AAI-based (high-confidence)	0.0	1.0	no viral genes detected
k127_439555	517	No	NA	2	0	0	Low-quality	Genome-fragment	1.21	AAI-based (medium-confidence)	0.0	1.0	no viral genes detected
k127_253572	708	No	NA	1	1	0	Low-quality	Genome-fragment	1.63	AAI-based (medium-confidence)	0.0	1.0	
k127_439714	404	No	NA	1	0	0	Low-quality	Genome-fragment	0.81	AAI-based (medium-confidence)	0.0	1.0	no viral genes detected
k127_377751	329	No	NA	1	0	0	Not-determined	Genome-fragment	NA	NA	0.0	1.0	no viral genes detected
k127_501797	761	No	NA	1	0	1	Not-determined	Genome-fragment	NA	NA	0.0	1.0	no viral genes detected
k127_501914	2810	No	NA	1	0	0	Not-determined	Genome-fragment	NA	NA	0.0	1.0	no viral genes detected
k127_440069	930	No	NA	1	0	0	Not-determined	Genome-fragment	NA	NA	0.0	1.0	no viral genes detected
k127_130133	628	No	NA	1	1	0	Low-quality	Genome-fragment	0.89	HMM-based (lower-bound)	0.0	1.0	
k127_254127	810	No	NA	1	0	1	Not-determined	Genome-fragment	NA	NA	0.0	1.0	no viral genes detected
k127_378171	376	No	NA	1	0	0	Not-determined	Genome-fragment	NA	NA	0.0	1.0	no viral genes detected
k127_254141	334	No	NA	1	1	0	Low-quality	Genome-fragment	0.51	HMM-based (lower-bound)	0.0	1.0	
k127_564046	525	No	NA	1	0	0	Low-quality	Genome-fragment	1.11	AAI-based (medium-confidence)	0.0	1.0	no viral genes detected
k127_502252	402	No	NA	1	0	0	Not-determined	Genome-fragment	NA	NA	0.0	1.0	no viral genes detected
k127_502282	539	No	NA	2	0	0	Low-quality	Genome-fragment	0.91	AAI-based (medium-confidence)	0.0	1.0	no viral genes detected
k127_130569	365	No	NA	1	1	0	Low-quality	Genome-fragment	0.91	AAI-based (medium-confidence)	0.0	1.0	
k127_6529	921	No	NA	2	0	1	Not-determined	Genome-fragment	NA	NA	0.0	1.0	no viral genes detected
k127_440606	383	No	NA	1	0	0	Not-determined	Genome-fragment	NA	NA	0.0	1.0	no viral genes detected
k127_254748	528	No	NA	1	0	0	Not-determined	Genome-fragment	NA	NA	0.0	1.0	no viral genes detected
k127_6822	337	No	NA	1	1	0	Low-quality	Genome-fragment	0.48	HMM-based (lower-bound)	0.0	1.0	
k127_440986	972	No	NA	1	0	1	Not-determined	Genome-fragment	NA	NA	0.0	1.0	no viral genes detected
k127_317563	477	No	NA	1	0	0	Not-determined	Genome-fragment	NA	NA	0.0	1.0	no viral genes detected
k127_193607	363	No	NA	1	0	0	Not-determined	Genome-fragment	NA	NA	0.0	1.0	no viral genes detected
k127_503600	398	No	NA	1	1	0	Low-quality	Genome-fragment	0.52	HMM-based (lower-bound)	0.0	1.0	
k127_565856	1273	No	NA	2	1	0	Low-quality	Genome-fragment	1.38	HMM-based (lower-bound)	0.0	1.0	
k127_380046	627	No	NA	1	1	0	Low-quality	Genome-fragment	1.42	AAI-based (high-confidence)	0.0	1.0	
k127_503960	1343	No	NA	3	0	0	Not-determined	Genome-fragment	NA	NA	0.0	1.0	no viral genes detected
k127_504021	730	No	NA	1	1	0	Low-quality	Genome-fragment	1.04	HMM-based (lower-bound)	0.0	1.0	
k127_504172	426	No	NA	1	1	0	Low-quality	Genome-fragment	0.56	HMM-based (lower-bound)	0.0	1.0	
k127_380488	380	No	NA	1	0	1	Not-determined	Genome-fragment	NA	NA	0.0	1.0	no viral genes detected
k127_380557	452	No	NA	1	0	0	Low-quality	Genome-fragment	1.01	AAI-based (medium-confidence)	0.0	1.0	no viral genes detected
k127_132662	394	No	NA	1	0	0	Low-quality	Genome-fragment	0.57	AAI-based (high-confidence)	0.0	1.0	no viral genes detected
k127_8637	472	No	NA	1	0	0	Low-quality	Genome-fragment	0.92	AAI-based (medium-confidence)	0.0	1.0	no viral genes detected
k127_318801	331	No	NA	1	0	0	Low-quality	Genome-fragment	0.83	AAI-based (medium-confidence)	0.0	1.0	no viral genes detected
k127_442813	505	No	NA	1	0	0	Low-quality	Genome-fragment	0.99	AAI-based (medium-confidence)	0.0	1.0	no viral genes detected
k127_133071	1019	No	NA	1	0	0	Low-quality	Genome-fragment	2.16	AAI-based (medium-confidence)	0.0	1.0	no viral genes detected
k127_195032	626	No	NA	1	0	0	Low-quality	Genome-fragment	1.28	AAI-based (medium-confidence)	0.0	1.0	no viral genes detected
k127_71492	2801	No	NA	6	1	0	Low-quality	Genome-fragment	4.77	HMM-based (lower-bound)	0.0	1.0	
k127_9543	392	No	NA	1	0	0	Low-quality	Genome-fragment	0.88	AAI-based (medium-confidence)	0.0	1.0	no viral genes detected
k127_505679	309	No	NA	1	0	1	Not-determined	Genome-fragment	NA	NA	0.0	1.0	no viral genes detected
k127_505874	525	No	NA	1	0	0	Not-determined	Genome-fragment	NA	NA	0.0	1.0	no viral genes detected
k127_72470	311	No	NA	1	0	0	Low-quality	Genome-fragment	0.48	AAI-based (medium-confidence)	0.0	1.0	no viral genes detected
k127_568494	307	No	NA	1	1	0	Low-quality	Genome-fragment	0.79	AAI-based (medium-confidence)	0.0	1.0	
k127_72973	838	No	NA	1	0	1	Not-determined	Genome-fragment	NA	NA	0.0	1.0	no viral genes detected
k127_568699	1187	No	NA	2	1	0	Low-quality	Genome-fragment	1.56	HMM-based (lower-bound)	0.0	1.0	
k127_506917	741	No	NA	1	0	1	Not-determined	Genome-fragment	NA	NA	0.0	1.0	no viral genes detected
k127_11048	336	No	NA	1	1	0	Low-quality	Genome-fragment	0.44	HMM-based (lower-bound)	0.0	1.0	
k127_506995	3247	No	NA	2	1	0	Low-quality	Genome-fragment	46.9	AAI-based (high-confidence)	0.0	1.0	
k127_569219	383	No	NA	1	1	0	Low-quality	Genome-fragment	0.41	HMM-based (lower-bound)	0.0	1.0	
k127_73616	381	No	NA	1	1	0	Low-quality	Genome-fragment	0.34	HMM-based (lower-bound)	0.0	1.0	
k127_197483	392	No	NA	1	0	0	Low-quality	Genome-fragment	0.87	AAI-based (medium-confidence)	0.0	1.0	no viral genes detected
k127_383464	1159	No	NA	1	0	0	Low-quality	Genome-fragment	2.26	AAI-based (medium-confidence)	0.0	1.0	no viral genes detected
k127_507576	645	No	NA	1	0	0	Not-determined	Genome-fragment	NA	NA	0.0	1.0	no viral genes detected
k127_507806	561	No	NA	1	0	0	Not-determined	Genome-fragment	NA	NA	0.0	1.0	no viral genes detected
k127_11977	585	No	NA	1	0	0	Low-quality	Genome-fragment	1.17	AAI-based (medium-confidence)	0.0	1.0	no viral genes detected
k127_569850	557	No	NA	2	0	0	Not-determined	Genome-fragment	NA	NA	0.0	1.0	no viral genes detected
k127_445992	460	No	NA	2	0	0	Not-determined	Genome-fragment	NA	NA	0.0	1.0	no viral genes detected
k127_446127	329	No	NA	2	1	0	Low-quality	Genome-fragment	0.62	HMM-based (lower-bound)	0.0	1.0	
k127_198463	525	No	NA	2	1	0	Low-quality	Genome-fragment	1.01	HMM-based (lower-bound)	0.0	1.0	
k127_260495	2515	No	NA	5	0	0	Not-determined	Genome-fragment	NA	NA	0.0	1.0	no viral genes detected
k127_322767	783	No	NA	1	0	0	Not-determined	Genome-fragment	NA	NA	0.0	1.0	no viral genes detected
k127_446652	748	No	NA	1	0	0	Low-quality	Genome-fragment	1.47	AAI-based (medium-confidence)	0.0	1.0	no viral genes detected
k127_446675	415	No	NA	2	1	0	Low-quality	Genome-fragment	0.79	AAI-based (medium-confidence)	0.0	1.0	
k127_384857	327	No	NA	1	0	0	Low-quality	Genome-fragment	0.76	AAI-based (medium-confidence)	0.0	1.0	no viral genes detected
k127_75214	861	No	NA	1	0	1	Not-determined	Genome-fragment	NA	NA	0.0	1.0	no viral genes detected
k127_13521	511	No	NA	1	0	0	Not-determined	Genome-fragment	NA	NA	0.0	1.0	no viral genes detected
k127_137759	731	No	NA	2	1	0	Low-quality	Genome-fragment	1.51	AAI-based (medium-confidence)	0.0	1.0	
k127_447550	643	No	NA	1	0	0	Not-determined	Genome-fragment	NA	NA	0.0	1.0	no viral genes detected
k127_75994	710	No	NA	1	0	1	Not-determined	Genome-fragment	NA	NA	0.0	1.0	no viral genes detected
k127_447729	395	No	NA	1	1	0	Low-quality	Genome-fragment	0.23	HMM-based (lower-bound)	0.0	1.0	
k127_447740	663	No	NA	1	1	0	Low-quality	Genome-fragment	1.07	AAI-based (high-confidence)	0.0	1.0	
k127_200097	350	No	NA	1	0	0	Low-quality	Genome-fragment	0.59	AAI-based (high-confidence)	0.0	1.0	no viral genes detected
k127_13920	712	No	NA	1	1	0	Low-quality	Genome-fragment	1.34	AAI-based (medium-confidence)	0.0	1.0	
k127_200318	714	No	NA	2	1	0	Low-quality	Genome-fragment	1.62	AAI-based (medium-confidence)	0.0	1.0	
k127_386308	1953	No	NA	5	1	0	Low-quality	Genome-fragment	4.88	AAI-based (medium-confidence)	0.0	1.0	
k127_138519	528	No	NA	2	1	0	Low-quality	Genome-fragment	0.79	AAI-based (high-confidence)	0.0	1.0	
k127_324400	603	No	NA	1	0	0	Not-determined	Genome-fragment	NA	NA	0.0	1.0	no viral genes detected
k127_14435	328	No	NA	1	0	0	Not-determined	Genome-fragment	NA	NA	0.0	1.0	no viral genes detected
k127_324946	416	No	NA	1	0	1	Not-determined	Genome-fragment	NA	NA	0.0	1.01	no viral genes detected
k127_386917	395	No	NA	1	0	1	Not-determined	Genome-fragment	NA	NA	0.0	1.0	no viral genes detected
k127_572764	743	No	NA	2	0	0	Not-determined	Genome-fragment	NA	NA	0.0	1.0	no viral genes detected
k127_263085	482	No	NA	1	1	0	Low-quality	Genome-fragment	0.72	HMM-based (lower-bound)	0.0	1.0	
k127_387240	535	No	NA	2	1	0	Low-quality	Genome-fragment	0.44	HMM-based (lower-bound)	0.0	1.0	
k127_387377	341	No	NA	1	0	0	Not-determined	Genome-fragment	NA	NA	0.0	1.0	no viral genes detected
k127_573230	587	No	NA	1	0	0	Low-quality	Genome-fragment	1.17	AAI-based (medium-confidence)	0.0	1.0	no viral genes detected
k127_573486	487	No	NA	2	0	0	Not-determined	Genome-fragment	NA	NA	0.0	1.0	no viral genes detected
k127_449605	515	No	NA	1	0	1	Not-determined	Genome-fragment	NA	NA	0.0	1.0	no viral genes detected
k127_387921	353	No	NA	1	1	0	Low-quality	Genome-fragment	0.68	HMM-based (lower-bound)	0.0	1.03	
k127_326039	576	No	NA	1	0	0	Not-determined	Genome-fragment	NA	NA	0.0	1.0	no viral genes detected
k127_326164	2722	No	NA	3	0	0	Not-determined	Genome-fragment	NA	NA	0.0	1.0	no viral genes detected
k127_140676	685	No	NA	1	0	0	Low-quality	Genome-fragment	1.47	AAI-based (medium-confidence)	0.0	1.0	no viral genes detected
k127_450409	1692	No	NA	3	2	0	Low-quality	Genome-fragment	3.62	AAI-based (high-confidence)	0.0	1.0	
k127_264765	309	No	NA	1	0	0	Not-determined	Genome-fragment	NA	NA	0.0	1.0	no viral genes detected
k127_574670	334	No	NA	1	0	0	Not-determined	Genome-fragment	NA	NA	0.0	1.0	no viral genes detected
k127_326965	1257	No	NA	4	0	0	Not-determined	Genome-fragment	NA	NA	0.0	1.0	no viral genes detected
k127_141315	421	No	NA	1	1	0	Low-quality	Genome-fragment	0.89	HMM-based (lower-bound)	0.0	1.0	
k127_79289	414	No	NA	1	0	0	Not-determined	Genome-fragment	NA	NA	0.0	1.0	no viral genes detected
k127_79459	315	No	NA	1	1	0	Low-quality	Genome-fragment	0.69	AAI-based (medium-confidence)	0.0	1.0	
k127_575336	386	No	NA	1	1	0	Low-quality	Genome-fragment	0.43	HMM-based (lower-bound)	0.0	1.0	
k127_79867	759	No	NA	1	0	1	Not-determined	Genome-fragment	NA	NA	0.0	1.0	no viral genes detected
k127_389802	437	No	NA	1	0	0	Not-determined	Genome-fragment	NA	NA	0.0	1.0	no viral genes detected
k127_79992	1041	No	NA	1	0	1	Not-determined	Genome-fragment	NA	NA	0.0	1.0	no viral genes detected
k127_452100	458	No	NA	1	1	0	Low-quality	Genome-fragment	0.97	HMM-based (lower-bound)	0.0	1.0	
k127_266527	4478	No	NA	8	0	1	Low-quality	Genome-fragment	7.75	AAI-based (medium-confidence)	0.0	1.0	no viral genes detected
k127_80637	881	No	NA	3	0	0	Low-quality	Genome-fragment	1.68	AAI-based (medium-confidence)	0.0	1.0	no viral genes detected
k127_18400	328	No	NA	1	1	0	Low-quality	Genome-fragment	0.49	AAI-based (high-confidence)	0.0	1.0	
k127_390456	387	No	NA	1	0	0	Not-determined	Genome-fragment	NA	NA	0.0	1.0	no viral genes detected
k127_80865	681	No	NA	1	0	0	Not-determined	Genome-fragment	NA	NA	0.0	1.0	no viral genes detected
k127_266865	701	No	NA	1	0	1	Not-determined	Genome-fragment	NA	NA	0.0	1.0	no viral genes detected
k127_452619	531	No	NA	2	2	0	Low-quality	Genome-fragment	1.03	HMM-based (lower-bound)	0.0	1.0	
k127_81137	1214	No	NA	1	0	1	Not-determined	Genome-fragment	NA	NA	0.0	1.0	no viral genes detected
k127_205213	302	No	NA	1	0	0	Not-determined	Genome-fragment	NA	NA	0.0	1.0	no viral genes detected
k127_515156	393	No	NA	1	0	0	Not-determined	Genome-fragment	NA	NA	0.0	1.0	no viral genes detected
k127_19103	309	No	NA	1	1	0	Low-quality	Genome-fragment	0.4	HMM-based (lower-bound)	0.0	1.0	
k127_515206	339	No	NA	1	1	0	Low-quality	Genome-fragment	0.54	HMM-based (lower-bound)	0.0	1.0	
k127_19427	573	No	NA	1	0	1	Not-determined	Genome-fragment	NA	NA	0.0	1.0	no viral genes detected
k127_515809	710	No	NA	1	0	0	Not-determined	Genome-fragment	NA	NA	0.0	1.0	no viral genes detected
k127_391899	315	No	NA	1	1	0	Low-quality	Genome-fragment	0.36	HMM-based (lower-bound)	0.0	1.0	
k127_330432	926	No	NA	1	0	0	Low-quality	Genome-fragment	1.83	AAI-based (medium-confidence)	0.0	1.0	no viral genes detected
k127_206513	527	No	NA	1	0	0	Low-quality	Genome-fragment	1.15	AAI-based (medium-confidence)	0.0	1.0	no viral genes detected
k127_330607	881	No	NA	1	0	1	Not-determined	Genome-fragment	NA	NA	0.0	1.0	no viral genes detected
k127_20575	549	No	NA	1	0	0	Not-determined	Genome-fragment	NA	NA	0.0	1.0	no viral genes detected
k127_82990	425	No	NA	1	0	0	Low-quality	Genome-fragment	0.81	AAI-based (medium-confidence)	0.0	1.0	no viral genes detected
k127_392807	386	No	NA	1	1	0	Low-quality	Genome-fragment	0.18	HMM-based (lower-bound)	0.0	1.0	
k127_268948	532	No	NA	1	0	0	Not-determined	Genome-fragment	NA	NA	0.0	1.0	no viral genes detected
k127_269003	383	No	NA	1	0	0	Not-determined	Genome-fragment	NA	NA	0.0	1.0	no viral genes detected
k127_207214	323	No	NA	1	0	0	Not-determined	Genome-fragment	NA	NA	0.0	1.0	no viral genes detected
k127_269132	406	No	NA	1	1	0	Low-quality	Genome-fragment	0.64	HMM-based (lower-bound)	0.0	1.0	
k127_578985	435	No	NA	1	0	0	Not-determined	Genome-fragment	NA	NA	0.0	1.0	no viral genes detected
k127_517341	301	No	NA	1	0	0	Low-quality	Genome-fragment	0.84	AAI-based (high-confidence)	0.0	1.0	no viral genes detected
k127_579391	301	No	NA	1	1	0	Low-quality	Genome-fragment	0.27	HMM-based (lower-bound)	0.0	1.0	
k127_146138	582	No	NA	1	1	0	Low-quality	Genome-fragment	0.83	HMM-based (lower-bound)	0.0	1.0	
k127_146498	615	No	NA	1	0	1	Not-determined	Genome-fragment	NA	NA	0.0	1.0	no viral genes detected
k127_332384	3098	No	NA	3	1	0	Low-quality	Genome-fragment	5.54	AAI-based (high-confidence)	0.0	1.0	
k127_518469	5636	No	NA	2	0	0	Not-determined	Genome-fragment	NA	NA	0.0	1.0	no viral genes detected
k127_208701	1375	No	NA	1	0	0	Low-quality	Genome-fragment	2.89	AAI-based (medium-confidence)	0.0	1.0	no viral genes detected
k127_518621	484	No	NA	1	0	0	Not-determined	Genome-fragment	NA	NA	0.0	1.0	no viral genes detected
k127_147046	372	No	NA	2	0	0	Not-determined	Genome-fragment	NA	NA	0.0	1.0	no viral genes detected
k127_147130	1282	No	NA	1	0	1	Not-determined	Genome-fragment	NA	NA	0.0	1.0	no viral genes detected
k127_22716	350	No	NA	1	0	0	Low-quality	Genome-fragment	0.64	AAI-based (medium-confidence)	0.0	1.0	no viral genes detected
k127_22732	355	No	NA	1	0	1	Not-determined	Genome-fragment	NA	NA	0.0	1.0	no viral genes detected
k127_333069	857	No	NA	1	1	0	Low-quality	Genome-fragment	1.77	AAI-based (high-confidence)	0.0	1.0	
k127_395004	490	No	NA	2	1	0	Low-quality	Genome-fragment	0.77	HMM-based (lower-bound)	0.0	1.0	
k127_23195	1122	No	NA	1	0	0	Low-quality	Genome-fragment	2.17	AAI-based (medium-confidence)	0.0	1.0	no viral genes detected
k127_395499	3432	No	NA	6	2	0	Low-quality	Genome-fragment	7.48	AAI-based (high-confidence)	0.0	1.0	
k127_457382	301	No	NA	1	1	0	Low-quality	Genome-fragment	0.86	AAI-based (high-confidence)	0.0	1.0	
k127_457468	703	No	NA	1	0	0	Low-quality	Genome-fragment	1.53	AAI-based (medium-confidence)	0.0	1.0	no viral genes detected
k127_23524	328	No	NA	1	0	0	Low-quality	Genome-fragment	0.76	AAI-based (medium-confidence)	0.0	1.0	no viral genes detected
k127_209973	357	No	NA	1	1	0	Low-quality	Genome-fragment	0.33	HMM-based (lower-bound)	0.0	1.0	
k127_457685	427	No	NA	1	0	1	Not-determined	Genome-fragment	NA	NA	0.0	1.0	no viral genes detected
k127_334018	598	No	NA	2	0	0	Not-determined	Genome-fragment	NA	NA	0.0	1.0	no viral genes detected
k127_86228	797	No	NA	1	1	0	Low-quality	Genome-fragment	1.13	HMM-based (lower-bound)	0.0	1.0	
k127_23821	511	No	NA	1	1	0	Low-quality	Genome-fragment	0.97	AAI-based (medium-confidence)	0.0	1.0	
k127_396122	375	No	NA	1	1	0	Low-quality	Genome-fragment	1.01	AAI-based (high-confidence)	0.0	1.0	
k127_148464	1355	No	NA	1	1	0	Low-quality	Genome-fragment	1.74	AAI-based (high-confidence)	0.0	1.0	
k127_86469	676	No	NA	1	0	1	Not-determined	Genome-fragment	NA	NA	0.0	1.0	no viral genes detected
k127_458279	615	No	NA	1	0	0	Not-determined	Genome-fragment	NA	NA	0.0	1.0	no viral genes detected
k127_334581	1018	No	NA	3	1	0	Low-quality	Genome-fragment	1.74	AAI-based (medium-confidence)	0.0	1.0	
k127_396612	314	No	NA	1	0	0	Not-determined	Genome-fragment	NA	NA	0.0	1.0	no viral genes detected
k127_396646	550	No	NA	1	0	0	Not-determined	Genome-fragment	NA	NA	0.0	1.0	no viral genes detected
k127_24449	366	No	NA	1	0	0	Not-determined	Genome-fragment	NA	NA	0.0	1.0	no viral genes detected
k127_149364	390	No	NA	1	1	0	Low-quality	Genome-fragment	1.22	AAI-based (medium-confidence)	0.0	1.0	
k127_583189	384	No	NA	1	0	0	Not-determined	Genome-fragment	NA	NA	0.0	1.0	no viral genes detected
k127_149709	380	No	NA	2	0	0	Low-quality	Genome-fragment	1.02	AAI-based (high-confidence)	0.0	1.0	no viral genes detected
k127_397455	364	No	NA	1	0	0	Not-determined	Genome-fragment	NA	NA	0.0	1.0	no viral genes detected
k127_149936	353	No	NA	1	0	0	Not-determined	Genome-fragment	NA	NA	0.0	1.0	no viral genes detected
k127_25569	613	No	NA	1	0	0	Not-determined	Genome-fragment	NA	NA	0.0	1.0	no viral genes detected
k127_211908	320	No	NA	1	0	0	Not-determined	Genome-fragment	NA	NA	0.0	1.0	no viral genes detected
k127_335948	383	No	NA	1	0	0	Low-quality	Genome-fragment	1.02	AAI-based (medium-confidence)	0.0	1.0	no viral genes detected
k127_212137	902	No	NA	2	0	0	Not-determined	Genome-fragment	NA	NA	0.0	1.0	no viral genes detected
k127_88336	334	No	NA	1	0	0	Not-determined	Genome-fragment	NA	NA	0.0	1.0	no viral genes detected
k127_522128	329	No	NA	1	0	0	Not-determined	Genome-fragment	NA	NA	0.0	1.0	no viral genes detected
k127_584210	860	No	NA	3	1	0	Low-quality	Genome-fragment	1.28	HMM-based (lower-bound)	0.0	1.0	
k127_88694	717	No	NA	1	0	0	Not-determined	Genome-fragment	NA	NA	0.0	1.0	no viral genes detected
k127_88812	373	No	NA	1	1	0	Low-quality	Genome-fragment	0.42	HMM-based (lower-bound)	0.0	1.0	
k127_88819	345	No	NA	1	1	0	Low-quality	Genome-fragment	0.89	AAI-based (medium-confidence)	0.0	1.0	
k127_26415	352	No	NA	2	1	0	Low-quality	Genome-fragment	0.66	AAI-based (high-confidence)	0.0	1.0	
k127_522630	1020	No	NA	2	1	0	Low-quality	Genome-fragment	2.24	AAI-based (medium-confidence)	0.0	1.0	
k127_150939	371	No	NA	1	1	0	Low-quality	Genome-fragment	0.81	AAI-based (medium-confidence)	0.0	1.0	
k127_336851	571	No	NA	2	0	0	Not-determined	Genome-fragment	NA	NA	0.0	1.0	no viral genes detected
k127_336979	372	No	NA	1	1	0	Low-quality	Genome-fragment	0.49	HMM-based (lower-bound)	0.0	1.0	
k127_523010	393	No	NA	1	0	0	Not-determined	Genome-fragment	NA	NA	0.0	1.0	no viral genes detected
k127_213113	373	No	NA	1	1	0	Low-quality	Genome-fragment	0.53	HMM-based (lower-bound)	0.0	1.0	
k127_27171	532	No	NA	1	1	0	Low-quality	Genome-fragment	0.29	HMM-based (lower-bound)	0.0	1.0	
k127_275746	357	No	NA	1	0	0	Not-determined	Genome-fragment	NA	NA	0.0	1.0	no viral genes detected
k127_585433	327	No	NA	1	0	1	Not-determined	Genome-fragment	NA	NA	0.0	1.0	no viral genes detected
k127_90212	316	No	NA	2	0	0	Not-determined	Genome-fragment	NA	NA	0.0	1.0	no viral genes detected
k127_461814	2700	No	NA	4	2	0	Low-quality	Genome-fragment	5.7	AAI-based (medium-confidence)	0.0	1.0	
k127_276576	888	No	NA	1	0	0	Low-quality	Genome-fragment	1.4	AAI-based (medium-confidence)	0.0	1.0	no viral genes detected
k127_214400	451	No	NA	1	1	0	Low-quality	Genome-fragment	1.11	AAI-based (high-confidence)	0.0	1.0	
k127_524344	661	No	NA	1	0	1	Not-determined	Genome-fragment	NA	NA	0.0	1.0	no viral genes detected
k127_400363	466	No	NA	1	0	0	Not-determined	Genome-fragment	NA	NA	0.0	1.0	no viral genes detected
k127_276746	348	No	NA	1	1	0	Low-quality	Genome-fragment	0.52	HMM-based (lower-bound)	0.0	1.0	
k127_90851	307	No	NA	1	1	0	Low-quality	Genome-fragment	0.7	AAI-based (medium-confidence)	0.0	1.0	
k127_338657	382	No	NA	1	1	0	Low-quality	Genome-fragment	0.83	AAI-based (medium-confidence)	0.0	1.0	
k127_586816	556	No	NA	1	1	0	Low-quality	Genome-fragment	0.46	HMM-based (lower-bound)	0.0	1.0	
k127_400963	347	No	NA	2	1	0	Low-quality	Genome-fragment	0.55	HMM-based (lower-bound)	0.0	1.0	
k127_525057	2306	No	NA	2	0	0	Low-quality	Genome-fragment	5.11	AAI-based (high-confidence)	0.0	1.0	no viral genes detected
k127_401222	731	No	NA	2	0	0	Low-quality	Genome-fragment	1.65	AAI-based (medium-confidence)	0.0	1.0	no viral genes detected
k127_215628	1098	No	NA	1	1	0	Low-quality	Genome-fragment	2.12	AAI-based (high-confidence)	0.0	1.0	
k127_215914	3959	No	NA	9	1	0	Low-quality	Genome-fragment	2.53	HMM-based (lower-bound)	0.0	1.0	
k127_463704	493	No	NA	1	1	0	Low-quality	Genome-fragment	0.4	HMM-based (lower-bound)	0.0	1.0	
k127_339974	1006	No	NA	3	1	0	Low-quality	Genome-fragment	1.97	AAI-based (high-confidence)	0.0	1.0	
k127_587898	465	No	NA	1	0	0	Not-determined	Genome-fragment	NA	NA	0.0	1.0	no viral genes detected
k127_340157	393	No	NA	2	0	0	Not-determined	Genome-fragment	NA	NA	0.0	1.0	no viral genes detected
k127_30012	737	No	NA	1	1	0	Low-quality	Genome-fragment	1.1	HMM-based (lower-bound)	0.0	1.0	
k127_216437	582	No	NA	1	0	1	Not-determined	Genome-fragment	NA	NA	0.0	1.0	no viral genes detected
k127_526443	3459	No	NA	7	1	1	Low-quality	Genome-fragment	4.31	HMM-based (lower-bound)	0.0	1.0	
k127_340631	541	No	NA	1	0	0	Low-quality	Genome-fragment	1.09	AAI-based (medium-confidence)	0.0	1.0	no viral genes detected
k127_526660	447	No	NA	1	0	0	Not-determined	Genome-fragment	NA	NA	0.0	1.0	no viral genes detected
k127_588507	390	No	NA	1	0	0	Not-determined	Genome-fragment	NA	NA	0.0	1.0	no viral genes detected
k127_589000	374	No	NA	1	1	0	Low-quality	Genome-fragment	0.53	HMM-based (lower-bound)	0.0	1.0	
k127_527197	546	No	NA	2	0	0	Not-determined	Genome-fragment	NA	NA	0.0	1.0	no viral genes detected
k127_589096	359	No	NA	1	0	0	Low-quality	Genome-fragment	0.82	AAI-based (medium-confidence)	0.0	1.0	no viral genes detected
k127_155628	863	No	NA	1	0	1	Not-determined	Genome-fragment	NA	NA	0.0	1.0	no viral genes detected
k127_217409	947	No	NA	2	2	0	Low-quality	Genome-fragment	1.15	HMM-based (lower-bound)	0.0	1.0	
k127_341359	511	No	NA	1	0	1	Not-determined	Genome-fragment	NA	NA	0.0	1.0	no viral genes detected
k127_155783	372	No	NA	2	0	0	Not-determined	Genome-fragment	NA	NA	0.0	1.0	no viral genes detected
k127_31207	558	No	NA	1	1	0	Low-quality	Genome-fragment	1.3	AAI-based (medium-confidence)	0.0	1.0	
k127_93817	760	No	NA	2	1	0	Low-quality	Genome-fragment	0.68	HMM-based (lower-bound)	0.0	1.0	
k127_93867	860	No	NA	1	1	0	Low-quality	Genome-fragment	2.12	AAI-based (high-confidence)	0.0	1.0	
k127_465649	427	No	NA	1	0	0	Not-determined	Genome-fragment	NA	NA	0.0	1.0	no viral genes detected
k127_528019	411	No	NA	1	0	0	Not-determined	Genome-fragment	NA	NA	0.0	1.0	no viral genes detected
k127_465865	1544	No	NA	1	0	1	Low-quality	Genome-fragment	1.76	AAI-based (medium-confidence)	0.0	1.0	no viral genes detected
k127_404029	522	No	NA	1	1	0	Low-quality	Genome-fragment	0.77	HMM-based (lower-bound)	0.0	1.0	
k127_528151	1111	No	NA	1	0	1	Not-determined	Genome-fragment	NA	NA	0.0	1.0	no viral genes detected
k127_342388	759	No	NA	1	0	0	Not-determined	Genome-fragment	NA	NA	0.0	1.0	no viral genes detected
k127_156832	906	No	NA	1	0	1	Not-determined	Genome-fragment	NA	NA	0.0	1.0	no viral genes detected
k127_342687	868	No	NA	2	2	0	Low-quality	Genome-fragment	1.13	HMM-based (lower-bound)	0.0	1.0	
k127_281297	334	No	NA	1	1	0	Low-quality	Genome-fragment	0.48	AAI-based (medium-confidence)	0.0	1.0	
k127_529157	2089	No	NA	1	1	0	Low-quality	Genome-fragment	4.85	AAI-based (high-confidence)	0.0	1.0	
k127_95716	452	No	NA	1	0	0	Low-quality	Genome-fragment	0.53	AAI-based (high-confidence)	0.0	1.0	no viral genes detected
k127_219529	361	No	NA	1	1	0	Low-quality	Genome-fragment	0.83	AAI-based (medium-confidence)	0.0	1.0	
k127_343511	724	No	NA	2	0	0	Not-determined	Genome-fragment	NA	NA	0.0	1.0	no viral genes detected
k127_219822	392	No	NA	1	0	0	Low-quality	Genome-fragment	0.9	AAI-based (high-confidence)	0.0	1.0	no viral genes detected
k127_529619	331	No	NA	1	1	0	Low-quality	Genome-fragment	0.47	HMM-based (lower-bound)	0.0	1.0	
k127_467514	1407	No	NA	1	0	0	Low-quality	Genome-fragment	2.64	AAI-based (medium-confidence)	0.0	1.0	no viral genes detected
k127_282123	1291	No	NA	1	0	0	Not-determined	Genome-fragment	NA	NA	0.0	1.0	no viral genes detected
k127_96302	722	No	NA	1	0	0	Not-determined	Genome-fragment	NA	NA	0.0	1.0	no viral genes detected
k127_592004	614	No	NA	1	1	0	Low-quality	Genome-fragment	0.87	HMM-based (lower-bound)	0.0	1.0	
k127_33995	638	No	NA	1	0	0	Not-determined	Genome-fragment	NA	NA	0.0	1.0	no viral genes detected
k127_468090	339	No	NA	1	0	0	Low-quality	Genome-fragment	0.19	AAI-based (medium-confidence)	0.0	1.0	no viral genes detected
k127_34149	653	No	NA	1	1	0	Low-quality	Genome-fragment	0.75	HMM-based (lower-bound)	0.0	1.0	
k127_96789	829	No	NA	3	1	0	Low-quality	Genome-fragment	1.46	AAI-based (medium-confidence)	0.0	1.0	
k127_282776	307	No	NA	1	1	0	Low-quality	Genome-fragment	0.64	HMM-based (lower-bound)	0.0	1.0	
k127_158837	365	No	NA	1	0	0	Low-quality	Genome-fragment	1.06	AAI-based (medium-confidence)	0.0	1.0	no viral genes detected
k127_406500	316	No	NA	1	0	0	Low-quality	Genome-fragment	0.82	AAI-based (medium-confidence)	0.0	1.0	no viral genes detected
k127_406505	2600	No	NA	2	0	0	Low-quality	Genome-fragment	1.66	AAI-based (medium-confidence)	0.0	1.0	no viral genes detected
k127_34462	455	No	NA	1	0	0	Low-quality	Genome-fragment	0.99	AAI-based (medium-confidence)	0.0	1.0	no viral genes detected
k127_344713	379	No	NA	1	1	0	Low-quality	Genome-fragment	0.34	HMM-based (lower-bound)	0.0	1.0	
k127_97109	1412	No	NA	2	0	0	Low-quality	Genome-fragment	2.84	AAI-based (high-confidence)	0.0	1.0	no viral genes detected
k127_530789	634	No	NA	1	0	1	Not-determined	Genome-fragment	NA	NA	0.0	1.0	no viral genes detected
k127_468821	2515	No	NA	1	0	0	Not-determined	Genome-fragment	NA	NA	0.0	1.0	no viral genes detected
k127_345117	708	No	NA	1	0	1	Not-determined	Genome-fragment	NA	NA	0.0	1.0	no viral genes detected
k127_221459	390	No	NA	2	0	0	Low-quality	Genome-fragment	0.25	AAI-based (medium-confidence)	0.0	1.0	no viral genes detected
k127_345440	344	No	NA	1	1	0	Low-quality	Genome-fragment	0.31	HMM-based (lower-bound)	0.0	1.0	
k127_97793	2024	No	NA	5	2	0	Low-quality	Genome-fragment	4.62	AAI-based (high-confidence)	0.0	1.0	
k127_35196	372	No	NA	1	0	0	Not-determined	Genome-fragment	NA	NA	0.0	1.0	no viral genes detected
k127_221625	916	No	NA	1	1	0	Low-quality	Genome-fragment	1.19	HMM-based (lower-bound)	0.0	1.0	
k127_593334	804	No	NA	1	0	1	Not-determined	Genome-fragment	NA	NA	0.0	1.0	no viral genes detected
k127_221657	641	No	NA	1	1	0	Low-quality	Genome-fragment	0.31	HMM-based (lower-bound)	0.0	1.0	
k127_469333	513	No	NA	2	1	0	Low-quality	Genome-fragment	0.41	HMM-based (lower-bound)	0.0	1.0	
k127_531541	1783	No	NA	3	2	0	Low-quality	Genome-fragment	2.62	HMM-based (lower-bound)	0.0	1.0	
k127_98461	884	No	NA	1	1	0	Low-quality	Genome-fragment	2.07	AAI-based (medium-confidence)	0.0	1.0	
k127_594188	582	No	NA	1	1	0	Low-quality	Genome-fragment	0.88	AAI-based (medium-confidence)	0.0	1.0	
k127_594193	367	No	NA	1	1	0	Low-quality	Genome-fragment	0.52	HMM-based (lower-bound)	0.0	1.0	
k127_160895	369	No	NA	1	1	0	Low-quality	Genome-fragment	0.33	HMM-based (lower-bound)	0.0	1.0	
k127_346770	314	No	NA	1	0	0	Not-determined	Genome-fragment	NA	NA	0.0	1.0	no viral genes detected
k127_161133	333	No	NA	2	2	0	Low-quality	Genome-fragment	0.55	HMM-based (lower-bound)	0.0	1.0	
k127_532802	1335	No	NA	1	1	0	Low-quality	Genome-fragment	3.0	AAI-based (high-confidence)	0.0	1.0	
k127_408817	1121	No	NA	2	1	0	Low-quality	Genome-fragment	2.54	AAI-based (medium-confidence)	0.0	1.0	
k127_408908	372	No	NA	2	0	0	Not-determined	Genome-fragment	NA	NA	0.0	1.0	no viral genes detected
k127_594922	1802	No	NA	1	0	0	Low-quality	Genome-fragment	2.97	AAI-based (medium-confidence)	0.0	1.0	no viral genes detected
k127_470936	1143	No	NA	1	0	0	Not-determined	Genome-fragment	NA	NA	0.0	1.0	no viral genes detected
k127_223393	369	No	NA	1	1	0	Low-quality	Genome-fragment	0.94	AAI-based (high-confidence)	0.0	1.0	
k127_223718	838	No	NA	1	1	0	Low-quality	Genome-fragment	0.77	HMM-based (lower-bound)	0.0	1.0	
k127_471465	648	No	NA	1	1	0	Low-quality	Genome-fragment	0.92	HMM-based (lower-bound)	0.0	1.0	
k127_533844	375	No	NA	1	0	0	Low-quality	Genome-fragment	0.74	AAI-based (medium-confidence)	0.0	1.0	no viral genes detected
k127_37776	345	No	NA	1	1	0	Low-quality	Genome-fragment	0.65	AAI-based (high-confidence)	0.0	1.0	
k127_37777	561	No	NA	2	1	0	Low-quality	Genome-fragment	0.9	AAI-based (high-confidence)	0.0	1.0	
k127_286584	2724	No	NA	2	0	0	Not-determined	Genome-fragment	NA	NA	0.0	1.0	no viral genes detected
k127_534565	593	No	NA	1	0	0	Low-quality	Genome-fragment	1.27	AAI-based (medium-confidence)	0.0	1.0	no viral genes detected
k127_224742	412	No	NA	1	0	0	Low-quality	Genome-fragment	0.72	AAI-based (medium-confidence)	0.0	1.0	no viral genes detected
k127_38626	1318	No	NA	1	0	1	Not-determined	Genome-fragment	NA	NA	0.0	1.0	no viral genes detected
k127_163303	595	No	NA	1	0	1	Not-determined	Genome-fragment	NA	NA	0.0	1.0	no viral genes detected
k127_101726	564	No	NA	2	0	0	Not-determined	Genome-fragment	NA	NA	0.0	1.0	no viral genes detected
k127_101778	1376	No	NA	1	0	0	Not-determined	Genome-fragment	NA	NA	0.0	1.0	no viral genes detected
k127_411395	574	No	NA	1	1	0	Low-quality	Genome-fragment	0.86	HMM-based (lower-bound)	0.0	1.0	
k127_597467	422	No	NA	1	1	0	Low-quality	Genome-fragment	0.9	AAI-based (medium-confidence)	0.0	1.0	
k127_535731	2272	No	NA	2	2	0	Low-quality	Genome-fragment	4.44	AAI-based (high-confidence)	0.0	1.0	
k127_535758	540	No	NA	1	0	0	Not-determined	Genome-fragment	NA	NA	0.0	1.0	no viral genes detected
k127_473774	330	No	NA	1	0	0	Not-determined	Genome-fragment	NA	NA	0.0	1.0	no viral genes detected
k127_288555	549	No	NA	1	0	0	Not-determined	Genome-fragment	NA	NA	0.0	1.0	no viral genes detected
k127_412015	331	No	NA	1	1	0	Low-quality	Genome-fragment	0.88	AAI-based (medium-confidence)	0.0	1.0	
k127_412107	320	No	NA	1	0	0	Low-quality	Genome-fragment	0.17	AAI-based (medium-confidence)	0.0	1.0	no viral genes detected
k127_598089	355	No	NA	1	0	0	Not-determined	Genome-fragment	NA	NA	0.0	1.0	no viral genes detected
k127_164731	402	No	NA	1	0	0	Not-determined	Genome-fragment	NA	NA	0.0	1.0	no viral genes detected
k127_288768	1268	No	NA	2	1	0	Low-quality	Genome-fragment	0.9	HMM-based (lower-bound)	0.0	1.0	
k127_39992	333	No	NA	1	1	0	Low-quality	Genome-fragment	0.27	HMM-based (lower-bound)	0.0	1.0	
k127_288833	693	No	NA	1	1	0	Low-quality	Genome-fragment	1.29	HMM-based (lower-bound)	0.0	1.0	
k127_164805	917	No	NA	1	0	0	Not-determined	Genome-fragment	NA	NA	0.0	1.0	no viral genes detected
k127_598266	725	No	NA	3	0	0	Not-determined	Genome-fragment	NA	NA	0.0	1.0	no viral genes detected
k127_102752	469	No	NA	1	1	0	Low-quality	Genome-fragment	0.38	HMM-based (lower-bound)	0.0	1.0	
k127_226647	381	No	NA	1	1	0	Low-quality	Genome-fragment	0.73	HMM-based (lower-bound)	0.0	1.0	
k127_536523	360	No	NA	1	0	0	Low-quality	Genome-fragment	0.8	AAI-based (medium-confidence)	0.0	1.0	no viral genes detected
k127_598330	842	No	NA	1	0	1	Not-determined	Genome-fragment	NA	NA	0.0	1.0	no viral genes detected
k127_474528	377	No	NA	1	0	0	Not-determined	Genome-fragment	NA	NA	0.0	1.0	no viral genes detected
k127_412631	5946	No	NA	18	1	0	Low-quality	Genome-fragment	3.38	HMM-based (lower-bound)	0.0	1.0	
k127_474684	469	No	NA	1	0	0	Low-quality	Genome-fragment	0.34	AAI-based (medium-confidence)	0.0	1.0	no viral genes detected
k127_474815	368	No	NA	1	0	0	Not-determined	Genome-fragment	NA	NA	0.0	1.0	no viral genes detected
k127_289544	595	No	NA	1	0	0	Low-quality	Genome-fragment	1.2	AAI-based (medium-confidence)	0.0	1.0	no viral genes detected
k127_475047	336	No	NA	1	1	0	Low-quality	Genome-fragment	0.48	HMM-based (lower-bound)	0.0	1.0	
k127_475544	328	No	NA	1	1	0	Low-quality	Genome-fragment	0.91	AAI-based (medium-confidence)	0.0	1.0	
k127_41731	580	No	NA	1	0	1	Not-determined	Genome-fragment	NA	NA	0.0	1.0	no viral genes detected
k127_228285	434	No	NA	1	0	0	Low-quality	Genome-fragment	1.04	AAI-based (medium-confidence)	0.0	1.0	no viral genes detected
k127_414068	522	No	NA	2	1	0	Low-quality	Genome-fragment	0.69	AAI-based (high-confidence)	0.0	1.0	
k127_538181	662	No	NA	1	1	0	Low-quality	Genome-fragment	0.94	HMM-based (lower-bound)	0.0	1.0	
k127_538308	306	No	NA	1	1	0	Low-quality	Genome-fragment	0.43	HMM-based (lower-bound)	0.0	1.0	
k127_166654	390	No	NA	1	1	0	Low-quality	Genome-fragment	0.27	HMM-based (lower-bound)	0.0	1.0	
k127_538363	383	No	NA	1	0	0	Not-determined	Genome-fragment	NA	NA	0.0	1.0	no viral genes detected
k127_104690	312	No	NA	2	0	0	Not-determined	Genome-fragment	NA	NA	0.0	1.0	no viral genes detected
k127_352470	338	No	NA	1	1	0	Low-quality	Genome-fragment	0.38	HMM-based (lower-bound)	0.0	1.0	
k127_352495	1316	No	NA	1	1	0	Low-quality	Genome-fragment	1.62	AAI-based (high-confidence)	0.0	1.0	
k127_291100	368	No	NA	1	0	0	Not-determined	Genome-fragment	NA	NA	0.0	1.0	no viral genes detected
k127_352707	4143	No	NA	6	0	0	Not-determined	Genome-fragment	NA	NA	0.0	1.01	no viral genes detected
k127_291242	319	No	NA	1	0	0	Low-quality	Genome-fragment	0.37	AAI-based (high-confidence)	0.0	1.0	no viral genes detected
k127_167230	891	No	NA	2	0	0	Not-determined	Genome-fragment	NA	NA	0.0	1.0	no viral genes detected
k127_476771	413	No	NA	1	0	0	Low-quality	Genome-fragment	0.83	AAI-based (medium-confidence)	0.0	1.0	no viral genes detected
k127_476899	353	No	NA	2	0	0	Not-determined	Genome-fragment	NA	NA	0.0	1.0	no viral genes detected
k127_105434	639	No	NA	1	0	0	Not-determined	Genome-fragment	NA	NA	0.0	1.0	no viral genes detected
k127_105477	775	No	NA	3	0	0	Low-quality	Genome-fragment	1.13	AAI-based (high-confidence)	0.0	1.0	no viral genes detected
k127_353657	613	No	NA	1	0	0	Not-determined	Genome-fragment	NA	NA	0.0	1.0	no viral genes detected
k127_415519	552	No	NA	1	0	1	Not-determined	Genome-fragment	NA	NA	0.0	1.0	no viral genes detected
k127_415524	375	No	NA	1	0	0	Low-quality	Genome-fragment	0.95	AAI-based (high-confidence)	0.0	1.0	no viral genes detected
k127_229828	708	No	NA	1	1	0	Low-quality	Genome-fragment	0.65	HMM-based (lower-bound)	0.0	1.0	
k127_292112	353	No	NA	1	1	0	Low-quality	Genome-fragment	0.58	AAI-based (medium-confidence)	0.0	1.0	
k127_168015	437	No	NA	2	0	0	Not-determined	Genome-fragment	NA	NA	0.0	1.0	no viral genes detected
k127_477545	428	No	NA	1	1	0	Low-quality	Genome-fragment	0.55	HMM-based (lower-bound)	0.0	1.0	
k127_106071	409	No	NA	1	0	0	Low-quality	Genome-fragment	0.83	AAI-based (medium-confidence)	0.0	1.0	no viral genes detected
k127_415695	393	No	NA	1	0	0	Not-determined	Genome-fragment	NA	NA	0.0	1.0	no viral genes detected
k127_353976	373	No	NA	1	1	0	Low-quality	Genome-fragment	0.58	HMM-based (lower-bound)	0.0	1.0	
k127_415855	1459	No	NA	2	1	0	Low-quality	Genome-fragment	1.91	HMM-based (lower-bound)	0.0	1.0	
k127_539908	1983	No	NA	4	2	0	Low-quality	Genome-fragment	4.17	AAI-based (medium-confidence)	0.0	1.0	
k127_539912	2014	No	NA	5	2	0	Low-quality	Genome-fragment	3.8	HMM-based (lower-bound)	0.0	1.0	
k127_539965	366	No	NA	1	0	0	Not-determined	Genome-fragment	NA	NA	0.0	1.0	no viral genes detected
k127_540062	413	No	NA	1	0	0	Not-determined	Genome-fragment	NA	NA	0.0	1.0	no viral genes detected
k127_416095	1923	No	NA	2	2	0	Low-quality	Genome-fragment	3.15	AAI-based (medium-confidence)	0.0	1.0	
k127_230406	318	No	NA	2	0	0	Not-determined	Genome-fragment	NA	NA	0.0	1.0	no viral genes detected
k127_354279	387	No	NA	1	0	0	Not-determined	Genome-fragment	NA	NA	0.0	1.0	no viral genes detected
k127_292697	475	No	NA	2	0	0	Low-quality	Genome-fragment	1.08	AAI-based (high-confidence)	0.0	1.0	no viral genes detected
k127_478233	323	No	NA	1	1	0	Low-quality	Genome-fragment	0.42	HMM-based (lower-bound)	0.0	1.0	
k127_416411	425	No	NA	1	0	0	Low-quality	Genome-fragment	0.98	AAI-based (medium-confidence)	0.0	1.0	no viral genes detected
k127_292983	578	No	NA	1	0	0	Low-quality	Genome-fragment	1.15	AAI-based (medium-confidence)	0.0	1.0	no viral genes detected
k127_44112	5004	No	NA	12	2	0	Low-quality	Genome-fragment	9.65	AAI-based (medium-confidence)	0.0	1.0	
k127_293127	849	No	NA	1	0	1	Not-determined	Genome-fragment	NA	NA	0.0	1.0	no viral genes detected
k127_293191	477	No	NA	1	0	0	Not-determined	Genome-fragment	NA	NA	0.0	1.0	no viral genes detected
k127_44341	301	No	NA	1	0	0	Not-determined	Genome-fragment	NA	NA	0.0	1.0	no viral genes detected
k127_416734	1803	No	NA	4	3	0	Low-quality	Genome-fragment	2.5	HMM-based (lower-bound)	0.0	1.0	
k127_416780	538	No	NA	1	0	0	Not-determined	Genome-fragment	NA	NA	0.0	1.0	no viral genes detected
k127_107406	431	No	NA	1	0	0	Low-quality	Genome-fragment	0.64	AAI-based (high-confidence)	0.0	1.0	no viral genes detected
k127_293655	518	No	NA	1	0	0	Not-determined	Genome-fragment	NA	NA	0.0	1.0	no viral genes detected
k127_541231	673	No	NA	1	0	0	Low-quality	Genome-fragment	1.39	AAI-based (medium-confidence)	0.0	1.0	no viral genes detected
k127_541433	436	No	NA	2	0	0	Not-determined	Genome-fragment	NA	NA	0.0	1.0	no viral genes detected
k127_603326	319	No	NA	1	1	0	Low-quality	Genome-fragment	0.43	HMM-based (lower-bound)	0.0	1.0	
k127_541623	541	No	NA	1	0	0	Not-determined	Genome-fragment	NA	NA	0.0	1.0	no viral genes detected
k127_294258	379	No	NA	2	0	0	Low-quality	Genome-fragment	0.87	AAI-based (medium-confidence)	0.0	1.0	no viral genes detected
k127_603727	330	No	NA	1	1	0	Low-quality	Genome-fragment	0.6	AAI-based (medium-confidence)	0.0	1.0	
k127_479722	362	No	NA	1	1	0	Low-quality	Genome-fragment	0.47	HMM-based (lower-bound)	0.0	1.0	
k127_108309	302	No	NA	1	0	0	Low-quality	Genome-fragment	0.51	AAI-based (high-confidence)	0.0	1.0	no viral genes detected
k127_479795	4012	No	NA	1	0	0	Not-determined	Genome-fragment	NA	NA	0.0	1.0	no viral genes detected
k127_541983	485	No	NA	1	0	0	Not-determined	Genome-fragment	NA	NA	0.0	1.0	no viral genes detected
k127_604354	343	No	NA	1	1	0	Low-quality	Genome-fragment	0.86	AAI-based (high-confidence)	0.0	1.0	
k127_232999	531	No	NA	1	0	0	Not-determined	Genome-fragment	NA	NA	0.0	1.0	no viral genes detected
k127_356985	503	No	NA	2	1	0	Low-quality	Genome-fragment	0.23	HMM-based (lower-bound)	0.0	1.0	
k127_171266	308	No	NA	1	0	0	Low-quality	Genome-fragment	0.72	AAI-based (high-confidence)	0.0	1.0	no viral genes detected
k127_171278	14606	No	NA	21	3	0	Low-quality	Genome-fragment	29.84	AAI-based (medium-confidence)	0.0	1.0	
k127_543210	675	No	NA	1	0	1	Not-determined	Genome-fragment	NA	NA	0.0	1.0	no viral genes detected
k127_605149	548	No	NA	1	0	0	Low-quality	Genome-fragment	1.24	AAI-based (high-confidence)	0.0	1.0	no viral genes detected
k127_171756	316	No	NA	1	1	0	Low-quality	Genome-fragment	0.58	AAI-based (medium-confidence)	0.0	1.0	
k127_605323	3052	No	NA	3	0	2	Not-determined	Genome-fragment	NA	NA	0.0	1.0	no viral genes detected
k127_296070	339	No	NA	1	1	0	Low-quality	Genome-fragment	0.61	AAI-based (medium-confidence)	0.0	1.0	
k127_481552	775	No	NA	1	1	0	Low-quality	Genome-fragment	0.85	HMM-based (lower-bound)	0.0	1.0	
k127_419634	646	No	NA	1	1	0	Low-quality	Genome-fragment	1.47	AAI-based (high-confidence)	0.0	1.0	
k127_296238	808	No	NA	1	0	0	Low-quality	Genome-fragment	1.63	AAI-based (high-confidence)	0.0	1.0	no viral genes detected
k127_605643	356	No	NA	1	1	0	Low-quality	Genome-fragment	0.29	HMM-based (lower-bound)	0.0	1.0	
k127_234139	400	No	NA	1	0	0	Not-determined	Genome-fragment	NA	NA	0.0	1.0	no viral genes detected
k127_543906	348	No	NA	1	0	0	Not-determined	Genome-fragment	NA	NA	0.0	1.0	no viral genes detected
k127_481873	344	No	NA	1	1	0	Low-quality	Genome-fragment	0.4	HMM-based (lower-bound)	0.0	1.0	
k127_358092	1674	No	NA	4	2	0	Low-quality	Genome-fragment	2.44	AAI-based (high-confidence)	0.0	1.0	
k127_544084	877	No	NA	1	0	0	Not-determined	Genome-fragment	NA	NA	0.0	1.0	no viral genes detected
k127_482302	1515	No	NA	3	1	0	Low-quality	Genome-fragment	1.79	HMM-based (lower-bound)	0.0	1.0	
k127_482421	304	No	NA	1	1	0	Low-quality	Genome-fragment	0.23	HMM-based (lower-bound)	0.0	1.0	
k127_48179	353	No	NA	1	1	0	Low-quality	Genome-fragment	0.84	AAI-based (medium-confidence)	0.0	1.0	
k127_358642	999	No	NA	2	1	0	Low-quality	Genome-fragment	0.89	HMM-based (lower-bound)	0.0	1.0	
k127_606470	329	No	NA	1	0	0	Low-quality	Genome-fragment	0.73	AAI-based (high-confidence)	0.0	1.0	no viral genes detected
k127_173059	397	No	NA	1	0	0	Low-quality	Genome-fragment	1.05	AAI-based (medium-confidence)	0.0	1.0	no viral genes detected
k127_482784	349	No	NA	1	0	0	Not-determined	Genome-fragment	NA	NA	0.0	1.0	no viral genes detected
k127_420817	416	No	NA	1	0	0	Not-determined	Genome-fragment	NA	NA	0.0	1.0	no viral genes detected
k127_358967	9918	No	NA	5	1	0	High-quality	High-quality	100.0	AAI-based (medium-confidence)	0.0	1.0	
k127_606854	549	No	NA	2	0	0	Low-quality	Genome-fragment	1.19	AAI-based (medium-confidence)	0.0	1.0	no viral genes detected
k127_48826	453	No	NA	1	0	0	Not-determined	Genome-fragment	NA	NA	0.0	1.0	no viral genes detected
k127_421145	365	No	NA	1	0	0	Not-determined	Genome-fragment	NA	NA	0.0	1.0	no viral genes detected
k127_483241	307	No	NA	1	1	0	Low-quality	Genome-fragment	0.34	HMM-based (lower-bound)	0.0	1.0	
k127_235791	465	No	NA	1	0	1	Not-determined	Genome-fragment	NA	NA	0.0	1.0	no viral genes detected
k127_607450	384	No	NA	1	1	0	Low-quality	Genome-fragment	0.18	HMM-based (lower-bound)	0.0	1.0	
k127_483643	377	No	NA	2	0	0	Not-determined	Genome-fragment	NA	NA	0.0	1.0	no viral genes detected
k127_112297	4271	No	NA	2	1	0	Medium-quality	Genome-fragment	63.61	AAI-based (high-confidence)	0.0	1.0	
k127_49373	401	No	NA	1	1	0	Low-quality	Genome-fragment	0.59	HMM-based (lower-bound)	0.0	1.0	
k127_236174	415	No	NA	1	1	0	Low-quality	Genome-fragment	0.7	AAI-based (medium-confidence)	0.0	1.0	
k127_483890	481	No	NA	2	1	0	Low-quality	Genome-fragment	0.68	HMM-based (lower-bound)	0.0	1.0	
k127_298438	883	No	NA	1	0	0	Not-determined	Genome-fragment	NA	NA	0.0	1.0	no viral genes detected
k127_360090	584	No	NA	1	0	0	Low-quality	Genome-fragment	1.16	AAI-based (medium-confidence)	0.0	1.0	no viral genes detected
k127_422199	924	No	NA	2	1	0	Low-quality	Genome-fragment	1.52	AAI-based (medium-confidence)	0.0	1.0	
k127_112834	1084	No	NA	1	0	1	Not-determined	Genome-fragment	NA	NA	0.0	1.0	no viral genes detected
k127_236775	330	No	NA	1	0	0	Not-determined	Genome-fragment	NA	NA	0.0	1.0	no viral genes detected
k127_608400	541	No	NA	2	1	0	Low-quality	Genome-fragment	0.54	AAI-based (medium-confidence)	0.0	1.0	
k127_113695	363	No	NA	1	1	0	Low-quality	Genome-fragment	0.81	AAI-based (medium-confidence)	0.0	1.0	
k127_361443	353	No	NA	1	0	0	Not-determined	Genome-fragment	NA	NA	0.0	1.0	no viral genes detected
k127_299857	13213	No	NA	24	3	0	Low-quality	Genome-fragment	28.56	AAI-based (medium-confidence)	0.0	1.0	
k127_423349	382	No	NA	1	0	0	Low-quality	Genome-fragment	1.0	AAI-based (high-confidence)	0.0	1.0	no viral genes detected
k127_423513	827	No	NA	1	0	0	Low-quality	Genome-fragment	1.73	AAI-based (medium-confidence)	0.0	1.0	no viral genes detected
k127_361925	1293	No	NA	2	0	0	Not-determined	Genome-fragment	NA	NA	0.0	1.0	no viral genes detected
k127_238144	3531	No	NA	8	5	0	Low-quality	Genome-fragment	4.96	HMM-based (lower-bound)	0.0	1.0	
k127_485893	330	No	NA	1	0	0	Not-determined	Genome-fragment	NA	NA	0.0	1.0	no viral genes detected
k127_547976	349	No	NA	1	1	0	Low-quality	Genome-fragment	0.49	HMM-based (lower-bound)	0.0	1.0	
k127_423967	856	No	NA	1	0	0	Not-determined	Genome-fragment	NA	NA	0.0	1.0	no viral genes detected
k127_362183	346	No	NA	1	0	0	Not-determined	Genome-fragment	NA	NA	0.0	1.0	no viral genes detected
k127_424124	480	No	NA	2	1	0	Low-quality	Genome-fragment	0.67	AAI-based (medium-confidence)	0.0	1.0	
k127_424219	314	No	NA	1	1	0	Low-quality	Genome-fragment	0.26	HMM-based (lower-bound)	0.0	1.0	
k127_114851	346	No	NA	1	0	0	Low-quality	Genome-fragment	0.99	AAI-based (medium-confidence)	0.0	1.0	no viral genes detected
k127_115003	354	No	NA	1	0	0	Low-quality	Genome-fragment	0.82	AAI-based (medium-confidence)	0.0	1.0	no viral genes detected
k127_610555	606	No	NA	1	0	0	Low-quality	Genome-fragment	1.23	AAI-based (medium-confidence)	0.0	1.0	no viral genes detected
k127_610775	378	No	NA	1	0	0	Low-quality	Genome-fragment	1.01	AAI-based (medium-confidence)	0.0	1.01	no viral genes detected
k127_52612	505	No	NA	1	0	0	Not-determined	Genome-fragment	NA	NA	0.0	1.0	no viral genes detected
k127_425013	332	No	NA	1	1	0	Low-quality	Genome-fragment	0.3	HMM-based (lower-bound)	0.0	1.0	
k127_487230	407	No	NA	1	0	0	Low-quality	Genome-fragment	0.72	AAI-based (high-confidence)	0.0	1.0	no viral genes detected
k127_363487	1286	No	NA	2	0	1	Low-quality	Genome-fragment	0.8	AAI-based (medium-confidence)	0.0	1.0	no viral genes detected
k127_487402	3223	No	NA	8	1	0	Low-quality	Genome-fragment	5.09	AAI-based (medium-confidence)	0.0	1.0	
k127_115944	385	No	NA	2	0	0	Not-determined	Genome-fragment	NA	NA	0.0	1.0	no viral genes detected
k127_177792	409	No	NA	1	0	0	Not-determined	Genome-fragment	NA	NA	0.0	1.0	no viral genes detected
k127_115975	324	No	NA	1	0	0	Low-quality	Genome-fragment	0.37	AAI-based (high-confidence)	0.0	1.0	no viral genes detected
k127_53149	383	No	NA	1	0	0	Not-determined	Genome-fragment	NA	NA	0.0	1.0	no viral genes detected
k127_487774	479	No	NA	2	0	0	Not-determined	Genome-fragment	NA	NA	0.0	1.0	no viral genes detected
k127_549777	478	No	NA	1	0	0	Low-quality	Genome-fragment	1.03	AAI-based (medium-confidence)	0.0	1.0	no viral genes detected
k127_612300	689	No	NA	1	0	1	Not-determined	Genome-fragment	NA	NA	0.0	1.0	no viral genes detected
k127_550669	438	No	NA	1	0	0	Low-quality	Genome-fragment	0.78	AAI-based (medium-confidence)	0.0	1.0	no viral genes detected
k127_117258	1038	No	NA	3	1	0	Low-quality	Genome-fragment	2.12	AAI-based (high-confidence)	0.0	1.0	
k127_426779	493	No	NA	1	1	0	Low-quality	Genome-fragment	1.12	AAI-based (medium-confidence)	0.0	1.0	
k127_54312	562	No	NA	1	1	0	Low-quality	Genome-fragment	0.5	HMM-based (lower-bound)	0.0	1.0	
k127_179148	301	No	NA	1	0	0	Not-determined	Genome-fragment	NA	NA	0.0	1.0	no viral genes detected
k127_365038	937	No	NA	2	1	0	Low-quality	Genome-fragment	2.07	AAI-based (high-confidence)	0.0	1.0	
k127_117601	340	No	NA	2	0	0	Not-determined	Genome-fragment	NA	NA	0.0	1.0	no viral genes detected
k127_117639	372	No	NA	1	1	0	Low-quality	Genome-fragment	1.01	AAI-based (high-confidence)	0.0	1.0	
k127_489174	370	No	NA	2	1	0	Low-quality	Genome-fragment	0.17	HMM-based (lower-bound)	0.0	1.0	
k127_179468	413	No	NA	1	1	0	Low-quality	Genome-fragment	0.56	AAI-based (medium-confidence)	0.0	1.0	
k127_303746	712	No	NA	3	0	0	Low-quality	Genome-fragment	1.89	AAI-based (medium-confidence)	0.0	1.0	no viral genes detected
k127_427226	355	No	NA	1	1	0	Low-quality	Genome-fragment	0.54	HMM-based (lower-bound)	0.0	1.0	
k127_613041	437	No	NA	1	0	0	Not-determined	Genome-fragment	NA	NA	0.0	1.0	no viral genes detected
k127_427306	536	No	NA	1	1	0	Low-quality	Genome-fragment	1.17	AAI-based (medium-confidence)	0.0	1.0	
k127_365582	1104	No	NA	2	1	0	Low-quality	Genome-fragment	1.2	AAI-based (medium-confidence)	0.0	1.0	
k127_242045	301	No	NA	1	0	0	Not-determined	Genome-fragment	NA	NA	0.0	1.0	no viral genes detected
k127_489918	314	No	NA	1	0	0	Not-determined	Genome-fragment	NA	NA	0.0	1.0	no viral genes detected
k127_118435	427	No	NA	1	1	0	Low-quality	Genome-fragment	0.61	HMM-based (lower-bound)	0.0	1.0	
k127_613861	317	No	NA	1	0	0	Low-quality	Genome-fragment	0.74	AAI-based (medium-confidence)	0.0	1.0	no viral genes detected
k127_490191	1028	No	NA	2	0	0	Low-quality	Genome-fragment	2.44	AAI-based (medium-confidence)	0.0	1.0	no viral genes detected
k127_242522	461	No	NA	1	0	0	Low-quality	Genome-fragment	1.13	AAI-based (medium-confidence)	0.0	1.0	no viral genes detected
k127_180631	494	No	NA	1	0	0	Low-quality	Genome-fragment	1.23	AAI-based (medium-confidence)	0.0	1.0	no viral genes detected
k127_119099	555	No	NA	1	0	0	Low-quality	Genome-fragment	1.18	AAI-based (medium-confidence)	0.0	1.0	no viral genes detected
k127_119667	340	No	NA	1	1	0	Low-quality	Genome-fragment	0.3	HMM-based (lower-bound)	0.0	1.0	
k127_553135	5890	No	NA	4	1	0	Low-quality	Genome-fragment	14.01	HMM-based (lower-bound)	0.0	1.0	
k127_243615	427	No	NA	1	0	0	Low-quality	Genome-fragment	0.85	AAI-based (medium-confidence)	0.0	1.0	no viral genes detected
k127_243705	434	No	NA	2	0	0	Not-determined	Genome-fragment	NA	NA	0.0	1.0	no viral genes detected
k127_305943	393	No	NA	1	0	0	Not-determined	Genome-fragment	NA	NA	0.0	1.0	no viral genes detected
k127_181768	5375	No	NA	2	1	0	Medium-quality	Genome-fragment	78.11	AAI-based (high-confidence)	0.0	1.0	
k127_429784	459	No	NA	2	1	0	Low-quality	Genome-fragment	0.69	AAI-based (medium-confidence)	0.0	1.0	
k127_615589	437	No	NA	1	0	0	Not-determined	Genome-fragment	NA	NA	0.0	1.0	no viral genes detected
k127_492366	330	No	NA	2	0	0	Not-determined	Genome-fragment	NA	NA	0.0	1.0	no viral genes detected
k127_57911	410	No	NA	1	0	0	Not-determined	Genome-fragment	NA	NA	0.0	1.0	no viral genes detected
k127_616325	454	No	NA	1	1	0	Low-quality	Genome-fragment	0.73	HMM-based (lower-bound)	0.0	1.0	
k127_492774	316	No	NA	1	0	0	Low-quality	Genome-fragment	0.28	AAI-based (high-confidence)	0.0	1.0	no viral genes detected
k127_245151	529	No	NA	1	1	0	Low-quality	Genome-fragment	0.79	HMM-based (lower-bound)	0.0	1.0	
k127_616644	393	No	NA	1	1	0	Low-quality	Genome-fragment	0.97	AAI-based (medium-confidence)	0.0	1.0	
k127_493105	352	No	NA	2	0	0	Low-quality	Genome-fragment	0.34	AAI-based (medium-confidence)	0.0	1.0	no viral genes detected
k127_431079	325	No	NA	1	0	0	Not-determined	Genome-fragment	NA	NA	0.0	1.0	no viral genes detected
k127_369271	308	No	NA	1	0	0	Not-determined	Genome-fragment	NA	NA	0.0	1.0	no viral genes detected
k127_183705	424	No	NA	1	0	0	Not-determined	Genome-fragment	NA	NA	0.0	1.0	no viral genes detected
k127_245803	322	No	NA	1	1	0	Low-quality	Genome-fragment	0.88	AAI-based (medium-confidence)	0.0	1.0	
k127_308004	2020	No	NA	2	0	0	Low-quality	Genome-fragment	3.71	AAI-based (medium-confidence)	0.0	1.0	no viral genes detected
k127_308018	342	No	NA	1	0	0	Low-quality	Genome-fragment	0.91	AAI-based (medium-confidence)	0.0	1.0	no viral genes detected
k127_122097	449	No	NA	1	0	0	Low-quality	Genome-fragment	0.33	AAI-based (high-confidence)	0.0	1.0	no viral genes detected
k127_493747	517	No	NA	1	0	0	Not-determined	Genome-fragment	NA	NA	0.0	1.0	no viral genes detected
k127_246135	420	No	NA	2	0	0	Not-determined	Genome-fragment	NA	NA	0.0	1.0	no viral genes detected
k127_369810	309	No	NA	1	1	0	Low-quality	Genome-fragment	0.53	HMM-based (lower-bound)	0.0	1.0	
k127_246279	641	No	NA	3	0	0	Not-determined	Genome-fragment	NA	NA	0.0	1.0	no viral genes detected
k127_184331	325	No	NA	1	1	0	Low-quality	Genome-fragment	0.36	AAI-based (medium-confidence)	0.0	1.0	
k127_59533	469	No	NA	1	1	0	Low-quality	Genome-fragment	0.41	HMM-based (lower-bound)	0.0	1.0	
k127_432157	310	No	NA	1	0	0	Not-determined	Genome-fragment	NA	NA	0.0	1.0	no viral genes detected
k127_184664	2062	No	NA	1	0	1	Not-determined	Genome-fragment	NA	NA	0.0	1.0	no viral genes detected
k127_246831	333	No	NA	1	1	0	Low-quality	Genome-fragment	0.44	HMM-based (lower-bound)	0.0	1.0	
k127_618204	418	No	NA	1	0	0	Low-quality	Genome-fragment	0.78	AAI-based (medium-confidence)	0.0	1.0	no viral genes detected
k127_247235	595	No	NA	1	1	0	Low-quality	Genome-fragment	1.41	AAI-based (high-confidence)	0.0	1.0	
k127_556894	366	No	NA	1	0	0	Low-quality	Genome-fragment	0.72	AAI-based (medium-confidence)	0.0	1.0	no viral genes detected
k127_494888	451	No	NA	1	0	0	Low-quality	Genome-fragment	1.02	AAI-based (medium-confidence)	0.0	1.0	no viral genes detected
k127_185675	329	No	NA	1	1	0	Low-quality	Genome-fragment	0.2	HMM-based (lower-bound)	0.0	1.0	
k127_371682	848	No	NA	2	0	0	Not-determined	Genome-fragment	NA	NA	0.0	1.0	no viral genes detected
k127_557896	1411	No	NA	2	2	0	Low-quality	Genome-fragment	2.06	HMM-based (lower-bound)	0.0	1.0	
