contig_id	contig_length	provirus	proviral_length	gene_count	viral_genes	host_genes	checkv_quality	miuvig_quality	completeness	completeness_method	contamination	kmer_freq	warnings
k127_76244	489	No	NA	1	0	1	Not-determined	Genome-fragment	NA	NA	0.0	1.0	no viral genes detected
k127_228434	2296	No	NA	4	1	0	Low-quality	Genome-fragment	1.37	HMM-based (lower-bound)	0.0	1.0	
k127_266550	1324	No	NA	3	1	0	Low-quality	Genome-fragment	2.8	AAI-based (medium-confidence)	0.0	1.0	
k127_152480	426	No	NA	1	0	0	Low-quality	Genome-fragment	0.28	AAI-based (medium-confidence)	0.0	1.0	no viral genes detected
k127_114474	392	No	NA	1	0	0	Not-determined	Genome-fragment	NA	NA	0.0	1.0	no viral genes detected
k127_228705	889	No	NA	2	1	0	Low-quality	Genome-fragment	1.31	AAI-based (medium-confidence)	0.0	1.0	
k127_114804	391	No	NA	1	1	0	Low-quality	Genome-fragment	0.61	HMM-based (lower-bound)	0.0	1.0	
k127_745	841	No	NA	2	0	0	Not-determined	Genome-fragment	NA	NA	0.0	1.0	no viral genes detected
k127_190947	419	No	NA	1	0	0	Low-quality	Genome-fragment	0.97	AAI-based (medium-confidence)	0.0	1.0	no viral genes detected
k127_38944	572	No	NA	1	1	0	Low-quality	Genome-fragment	0.87	AAI-based (medium-confidence)	0.0	1.0	
k127_229226	377	No	NA	1	0	0	Low-quality	Genome-fragment	1.07	AAI-based (medium-confidence)	0.0	1.0	no viral genes detected
k127_305314	388	No	NA	1	0	0	Low-quality	Genome-fragment	0.28	AAI-based (high-confidence)	0.0	1.0	no viral genes detected
k127_115221	319	No	NA	1	0	0	Not-determined	Genome-fragment	NA	NA	0.0	1.0	no viral genes detected
k127_229352	461	No	NA	2	0	0	Low-quality	Genome-fragment	0.95	AAI-based (high-confidence)	0.0	1.0	no viral genes detected
k127_229464	1187	No	NA	1	0	1	Not-determined	Genome-fragment	NA	NA	0.0	1.0	no viral genes detected
k127_39221	318	No	NA	1	0	0	Not-determined	Genome-fragment	NA	NA	0.0	1.0	no viral genes detected
k127_153466	418	No	NA	1	0	1	Not-determined	Genome-fragment	NA	NA	0.0	1.0	no viral genes detected
k127_229687	324	No	NA	1	1	0	Low-quality	Genome-fragment	0.24	AAI-based (high-confidence)	0.0	1.0	
k127_305996	1400	No	NA	1	1	0	Low-quality	Genome-fragment	1.7	AAI-based (high-confidence)	0.0	1.0	
k127_39675	515	No	NA	2	0	0	Low-quality	Genome-fragment	1.13	AAI-based (medium-confidence)	0.0	1.0	no viral genes detected
k127_306040	352	No	NA	1	0	0	Low-quality	Genome-fragment	0.71	AAI-based (medium-confidence)	0.0	1.0	no viral genes detected
k127_191991	551	No	NA	1	1	0	Low-quality	Genome-fragment	0.38	HMM-based (lower-bound)	0.0	1.0	
k127_154153	2979	No	NA	4	2	0	Low-quality	Genome-fragment	6.62	AAI-based (medium-confidence)	0.0	1.0	
k127_306569	390	No	NA	1	0	0	Not-determined	Genome-fragment	NA	NA	0.0	1.0	no viral genes detected
k127_40328	469	No	NA	1	1	0	Low-quality	Genome-fragment	0.61	HMM-based (lower-bound)	0.0	1.0	
k127_230654	491	No	NA	1	0	1	Not-determined	Genome-fragment	NA	NA	0.0	1.0	no viral genes detected
k127_230941	352	No	NA	1	0	0	Not-determined	Genome-fragment	NA	NA	0.0	1.0	no viral genes detected
k127_345055	376	No	NA	2	1	0	Low-quality	Genome-fragment	0.2	HMM-based (lower-bound)	0.0	1.0	
k127_78871	391	No	NA	2	0	0	Low-quality	Genome-fragment	0.6	AAI-based (medium-confidence)	0.0	1.0	no viral genes detected
k127_231239	1176	No	NA	2	0	0	Not-determined	Genome-fragment	NA	NA	0.0	1.0	no viral genes detected
k127_3076	820	No	NA	1	0	1	Not-determined	Genome-fragment	NA	NA	0.0	1.0	no viral genes detected
k127_3301	413	No	NA	1	1	0	Low-quality	Genome-fragment	0.69	HMM-based (lower-bound)	0.0	1.0	
k127_307789	1476	No	NA	4	1	0	Low-quality	Genome-fragment	2.1	HMM-based (lower-bound)	0.0	1.0	
k127_193631	360	No	NA	1	0	0	Not-determined	Genome-fragment	NA	NA	0.0	1.0	no viral genes detected
k127_307880	789	No	NA	2	0	0	Low-quality	Genome-fragment	1.9	AAI-based (medium-confidence)	0.0	1.0	no viral genes detected
k127_269823	344	No	NA	1	0	0	Not-determined	Genome-fragment	NA	NA	0.0	1.0	no viral genes detected
k127_79831	590	No	NA	1	1	0	Low-quality	Genome-fragment	0.84	HMM-based (lower-bound)	0.0	1.0	
k127_346112	659	No	NA	1	0	0	Not-determined	Genome-fragment	NA	NA	0.0	1.0	no viral genes detected
k127_42035	363	No	NA	1	0	0	Low-quality	Genome-fragment	0.81	AAI-based (medium-confidence)	0.0	1.0	no viral genes detected
k127_42039	282	No	NA	1	0	0	Low-quality	Genome-fragment	0.63	AAI-based (medium-confidence)	0.0	1.0	no viral genes detected
k127_42065	426	No	NA	1	1	0	Low-quality	Genome-fragment	0.39	HMM-based (lower-bound)	0.0	1.0	
k127_4405	345	No	NA	1	0	0	Not-determined	Genome-fragment	NA	NA	0.0	1.0	no viral genes detected
k127_270702	1494	No	NA	2	0	2	Not-determined	Genome-fragment	NA	NA	0.0	1.0	no viral genes detected
k127_270731	310	No	NA	1	1	0	Low-quality	Genome-fragment	0.36	AAI-based (high-confidence)	0.0	1.0	
k127_195086	328	No	NA	2	0	0	Not-determined	Genome-fragment	NA	NA	0.0	1.0	no viral genes detected
k127_43073	563	No	NA	2	0	0	Low-quality	Genome-fragment	0.98	AAI-based (medium-confidence)	0.0	1.0	no viral genes detected
k127_233366	943	No	NA	1	1	0	Low-quality	Genome-fragment	1.14	AAI-based (high-confidence)	0.0	1.0	
k127_5157	552	No	NA	1	0	0	Not-determined	Genome-fragment	NA	NA	0.0	1.0	no viral genes detected
k127_43335	715	No	NA	1	0	1	Not-determined	Genome-fragment	NA	NA	0.0	1.0	no viral genes detected
k127_157633	383	No	NA	1	1	0	Low-quality	Genome-fragment	0.5	AAI-based (high-confidence)	0.0	1.0	
k127_309876	1037	No	NA	2	0	0	Low-quality	Genome-fragment	1.87	AAI-based (medium-confidence)	0.0	1.0	no viral genes detected
k127_310127	630	No	NA	1	1	0	Low-quality	Genome-fragment	0.9	HMM-based (lower-bound)	0.0	1.0	
k127_234098	398	No	NA	1	1	0	Low-quality	Genome-fragment	0.57	HMM-based (lower-bound)	0.0	1.0	
k127_82586	474	No	NA	1	1	0	Low-quality	Genome-fragment	0.98	AAI-based (medium-confidence)	0.0	1.0	
k127_272961	380	No	NA	1	0	0	Not-determined	Genome-fragment	NA	NA	0.0	1.0	no viral genes detected
k127_349240	405	No	NA	1	1	0	Low-quality	Genome-fragment	0.16	HMM-based (lower-bound)	0.0	1.0	
k127_235147	411	No	NA	1	0	1	Low-quality	Genome-fragment	0.34	AAI-based (medium-confidence)	0.0	1.0	no viral genes detected
k127_121183	1636	No	NA	2	0	1	Not-determined	Genome-fragment	NA	NA	0.0	1.0	no viral genes detected
k127_121281	348	No	NA	1	1	0	Low-quality	Genome-fragment	0.52	HMM-based (lower-bound)	0.0	1.0	
k127_159715	392	No	NA	1	0	0	Low-quality	Genome-fragment	0.31	AAI-based (medium-confidence)	0.0	1.0	no viral genes detected
k127_159941	547	No	NA	2	2	0	Low-quality	Genome-fragment	9.81	HMM-based (lower-bound)	0.0	1.0	
k127_121921	487	No	NA	1	0	1	Not-determined	Genome-fragment	NA	NA	0.0	1.0	no viral genes detected
k127_273988	316	No	NA	1	0	0	Not-determined	Genome-fragment	NA	NA	0.0	1.0	no viral genes detected
k127_350443	445	No	NA	1	0	1	Not-determined	Genome-fragment	NA	NA	0.0	1.0	no viral genes detected
k127_198286	357	No	NA	1	0	0	Not-determined	Genome-fragment	NA	NA	0.0	1.0	no viral genes detected
k127_350578	476	No	NA	1	0	0	Not-determined	Genome-fragment	NA	NA	0.0	1.0	no viral genes detected
k127_46294	679	No	NA	1	1	0	Low-quality	Genome-fragment	1.13	AAI-based (medium-confidence)	0.0	1.0	
k127_351064	1379	No	NA	1	0	1	Not-determined	Genome-fragment	NA	NA	0.0	1.0	no viral genes detected
k127_161310	738	No	NA	2	1	0	Low-quality	Genome-fragment	2.45	AAI-based (medium-confidence)	0.0	1.0	
k127_123532	421	No	NA	2	0	0	Low-quality	Genome-fragment	0.86	AAI-based (medium-confidence)	0.0	1.0	no viral genes detected
k127_47408	782	No	NA	1	0	0	Not-determined	Genome-fragment	NA	NA	0.0	1.0	no viral genes detected
k127_199795	736	No	NA	2	0	0	Not-determined	Genome-fragment	NA	NA	0.0	1.0	no viral genes detected
k127_352298	1172	No	NA	4	0	0	Not-determined	Genome-fragment	NA	NA	0.0	1.0	no viral genes detected
k127_314431	726	No	NA	2	1	0	Low-quality	Genome-fragment	11.1	HMM-based (lower-bound)	0.0	1.0	
k127_352603	336	No	NA	1	1	0	Low-quality	Genome-fragment	0.89	AAI-based (medium-confidence)	0.0	1.0	
k127_314698	376	No	NA	3	0	0	Not-determined	Genome-fragment	NA	NA	0.0	1.0	no viral genes detected
k127_314773	351	No	NA	1	0	0	Not-determined	Genome-fragment	NA	NA	0.0	1.0	no viral genes detected
k127_200977	793	No	NA	2	1	0	Low-quality	Genome-fragment	1.22	AAI-based (medium-confidence)	0.0	1.0	
k127_11013	987	No	NA	1	0	1	Not-determined	Genome-fragment	NA	NA	0.0	1.0	no viral genes detected
k127_239649	967	No	NA	1	0	0	Low-quality	Genome-fragment	1.87	AAI-based (high-confidence)	0.0	1.0	no viral genes detected
k127_277673	463	No	NA	1	0	0	Not-determined	Genome-fragment	NA	NA	0.0	1.0	no viral genes detected
k127_239741	1956	No	NA	2	0	0	Not-determined	Genome-fragment	NA	NA	0.0	1.0	no viral genes detected
k127_163942	405	No	NA	1	0	0	Not-determined	Genome-fragment	NA	NA	0.0	1.0	no viral genes detected
k127_12044	465	No	NA	1	0	0	Low-quality	Genome-fragment	0.31	AAI-based (medium-confidence)	0.0	1.0	no viral genes detected
k127_164450	1644	No	NA	2	1	0	Low-quality	Genome-fragment	2.34	HMM-based (lower-bound)	0.0	1.0	
k127_202404	622	No	NA	1	0	0	Not-determined	Genome-fragment	NA	NA	0.0	1.13	no viral genes detected
k127_202608	3249	No	NA	2	0	1	Not-determined	Genome-fragment	NA	NA	0.0	1.0	no viral genes detected
k127_316992	537	No	NA	1	1	0	Low-quality	Genome-fragment	0.44	HMM-based (lower-bound)	0.0	1.0	
k127_50812	316	No	NA	1	0	0	Low-quality	Genome-fragment	0.6	AAI-based (high-confidence)	0.0	1.0	no viral genes detected
k127_12755	381	No	NA	1	0	0	Not-determined	Genome-fragment	NA	NA	0.0	1.0	no viral genes detected
k127_127103	347	No	NA	1	0	0	Not-determined	Genome-fragment	NA	NA	0.0	1.0	no viral genes detected
k127_51003	973	No	NA	1	0	0	Low-quality	Genome-fragment	1.85	AAI-based (medium-confidence)	0.0	1.0	no viral genes detected
k127_165291	822	No	NA	1	1	0	Low-quality	Genome-fragment	1.68	AAI-based (medium-confidence)	0.0	1.0	
k127_317653	704	No	NA	1	0	1	Not-determined	Genome-fragment	NA	NA	0.0	1.0	no viral genes detected
k127_241486	345	No	NA	1	0	0	Low-quality	Genome-fragment	0.77	AAI-based (medium-confidence)	0.0	1.0	no viral genes detected
k127_355773	365	No	NA	2	0	0	Not-determined	Genome-fragment	NA	NA	0.0	1.0	no viral genes detected
k127_203838	601	No	NA	2	0	0	Low-quality	Genome-fragment	1.14	AAI-based (medium-confidence)	0.0	1.0	no viral genes detected
k127_89717	4945	No	NA	13	1	0	Low-quality	Genome-fragment	2.96	HMM-based (lower-bound)	0.0	1.0	
k127_318039	343	No	NA	1	0	0	Low-quality	Genome-fragment	0.92	AAI-based (medium-confidence)	0.0	1.0	no viral genes detected
k127_51617	348	No	NA	2	0	0	Not-determined	Genome-fragment	NA	NA	0.0	1.0	no viral genes detected
k127_166191	1556	No	NA	2	0	1	Not-determined	Genome-fragment	NA	NA	0.0	1.0	no viral genes detected
k127_318472	503	No	NA	1	1	0	Low-quality	Genome-fragment	7.69	HMM-based (lower-bound)	0.0	1.0	
k127_280348	491	No	NA	1	0	0	Not-determined	Genome-fragment	NA	NA	0.0	1.0	no viral genes detected
k127_280368	325	No	NA	1	0	0	Not-determined	Genome-fragment	NA	NA	0.0	1.0	no viral genes detected
k127_242458	376	No	NA	1	0	0	Not-determined	Genome-fragment	NA	NA	0.0	1.0	no viral genes detected
k127_14428	586	No	NA	2	0	0	Not-determined	Genome-fragment	NA	NA	0.0	1.0	no viral genes detected
k127_14471	302	No	NA	1	1	0	Low-quality	Genome-fragment	0.39	HMM-based (lower-bound)	0.0	1.0	
k127_129018	375	No	NA	1	0	0	Not-determined	Genome-fragment	NA	NA	0.0	1.0	no viral genes detected
k127_205177	403	No	NA	1	0	0	Not-determined	Genome-fragment	NA	NA	0.0	1.0	no viral genes detected
k127_53096	666	No	NA	2	0	0	Not-determined	Genome-fragment	NA	NA	0.0	1.0	no viral genes detected
k127_53209	7737	No	NA	12	0	0	Low-quality	Genome-fragment	9.43	AAI-based (medium-confidence)	0.0	1.0	no viral genes detected
k127_129717	367	No	NA	1	0	0	Not-determined	Genome-fragment	NA	NA	0.0	1.0	no viral genes detected
k127_15486	399	No	NA	1	0	0	Low-quality	Genome-fragment	0.9	AAI-based (medium-confidence)	0.0	1.0	no viral genes detected
k127_15515	311	No	NA	1	1	0	Low-quality	Genome-fragment	0.44	HMM-based (lower-bound)	0.0	1.0	
k127_15751	458	No	NA	1	1	0	Low-quality	Genome-fragment	1.19	AAI-based (medium-confidence)	0.0	1.0	
k127_130039	951	No	NA	1	1	0	Low-quality	Genome-fragment	1.22	AAI-based (medium-confidence)	0.0	1.0	
k127_320328	304	No	NA	1	0	0	Not-determined	Genome-fragment	NA	NA	0.0	1.0	no viral genes detected
k127_206175	329	No	NA	1	0	0	Low-quality	Genome-fragment	0.77	AAI-based (medium-confidence)	0.0	1.0	no viral genes detected
k127_206228	632	No	NA	1	0	1	Not-determined	Genome-fragment	NA	NA	0.0	1.0	no viral genes detected
k127_358628	506	No	NA	1	0	0	Not-determined	Genome-fragment	NA	NA	0.0	1.0	no viral genes detected
k127_282777	860	No	NA	1	0	1	Not-determined	Genome-fragment	NA	NA	0.0	1.0	no viral genes detected
k127_92661	440	No	NA	1	0	0	Not-determined	Genome-fragment	NA	NA	0.0	1.0	no viral genes detected
k127_92668	384	No	NA	1	0	0	Not-determined	Genome-fragment	NA	NA	0.0	1.0	no viral genes detected
k127_168904	362	No	NA	1	0	0	Low-quality	Genome-fragment	0.83	AAI-based (high-confidence)	0.0	1.0	no viral genes detected
k127_359088	453	No	NA	1	0	0	Not-determined	Genome-fragment	NA	NA	0.0	1.0	no viral genes detected
k127_54744	450	No	NA	1	0	1	Not-determined	Genome-fragment	NA	NA	0.0	1.0	no viral genes detected
k127_169036	421	No	NA	1	0	0	Not-determined	Genome-fragment	NA	NA	0.0	1.0	no viral genes detected
k127_321350	492	No	NA	1	0	0	Low-quality	Genome-fragment	3.29	AAI-based (medium-confidence)	0.0	1.0	no viral genes detected
k127_93156	614	No	NA	1	1	0	Low-quality	Genome-fragment	1.36	AAI-based (medium-confidence)	0.0	1.0	
k127_93261	791	No	NA	1	0	0	Not-determined	Genome-fragment	NA	NA	0.0	1.0	no viral genes detected
k127_283612	4308	No	NA	2	1	0	Medium-quality	Genome-fragment	61.37	AAI-based (medium-confidence)	0.0	1.0	
k127_283623	499	No	NA	1	0	0	Low-quality	Genome-fragment	0.59	AAI-based (medium-confidence)	0.0	1.0	no viral genes detected
k127_17448	348	No	NA	1	0	0	Low-quality	Genome-fragment	0.84	AAI-based (medium-confidence)	0.0	1.0	no viral genes detected
k127_322062	1614	No	NA	2	0	1	Not-determined	Genome-fragment	NA	NA	0.0	1.0	no viral genes detected
k127_93657	464	No	NA	1	1	0	Low-quality	Genome-fragment	1.07	AAI-based (medium-confidence)	0.0	1.0	
k127_131948	439	No	NA	1	0	0	Low-quality	Genome-fragment	0.93	AAI-based (medium-confidence)	0.0	1.0	no viral genes detected
k127_207977	394	No	NA	1	0	0	Low-quality	Genome-fragment	0.78	AAI-based (medium-confidence)	0.0	1.0	no viral genes detected
k127_360130	309	No	NA	1	1	0	Low-quality	Genome-fragment	0.7	AAI-based (high-confidence)	0.0	1.0	
k127_94185	347	No	NA	1	0	0	Low-quality	Genome-fragment	0.83	AAI-based (high-confidence)	0.0	1.0	no viral genes detected
k127_94616	415	No	NA	1	0	0	Low-quality	Genome-fragment	0.88	AAI-based (medium-confidence)	0.0	1.0	no viral genes detected
k127_284850	397	No	NA	1	0	0	Not-determined	Genome-fragment	NA	NA	0.0	1.0	no viral genes detected
k127_56599	1334	No	NA	1	0	1	Not-determined	Genome-fragment	NA	NA	0.0	1.0	no viral genes detected
k127_284912	1055	No	NA	1	1	0	Low-quality	Genome-fragment	2.49	AAI-based (medium-confidence)	0.0	1.0	
k127_246781	1042	No	NA	1	0	1	Not-determined	Genome-fragment	NA	NA	0.0	1.0	no viral genes detected
k127_94765	312	No	NA	1	0	0	Not-determined	Genome-fragment	NA	NA	0.0	1.0	no viral genes detected
k127_94801	561	No	NA	1	0	0	Low-quality	Genome-fragment	1.24	AAI-based (medium-confidence)	0.0	1.0	no viral genes detected
k127_94978	695	No	NA	1	0	0	Low-quality	Genome-fragment	1.56	AAI-based (medium-confidence)	0.0	1.0	no viral genes detected
k127_209212	597	No	NA	1	0	0	Not-determined	Genome-fragment	NA	NA	0.0	1.0	no viral genes detected
k127_95015	1137	No	NA	1	0	1	Not-determined	Genome-fragment	NA	NA	0.0	1.0	no viral genes detected
k127_171188	332	No	NA	1	0	0	Not-determined	Genome-fragment	NA	NA	0.0	1.0	no viral genes detected
k127_247139	888	No	NA	2	0	0	Low-quality	Genome-fragment	1.82	AAI-based (medium-confidence)	0.0	1.0	no viral genes detected
k127_285528	914	No	NA	2	1	0	Low-quality	Genome-fragment	1.19	HMM-based (lower-bound)	0.0	1.0	
k127_209794	494	No	NA	1	0	0	Not-determined	Genome-fragment	NA	NA	0.0	1.0	no viral genes detected
k127_134212	678	No	NA	1	0	1	Not-determined	Genome-fragment	NA	NA	0.0	1.0	no viral genes detected
k127_286188	331	No	NA	1	0	0	Not-determined	Genome-fragment	NA	NA	0.0	1.0	no viral genes detected
k127_20025	367	No	NA	1	0	0	Not-determined	Genome-fragment	NA	NA	0.0	1.0	no viral genes detected
k127_324694	358	No	NA	1	0	0	Low-quality	Genome-fragment	1.22	AAI-based (medium-confidence)	0.0	1.0	no viral genes detected
k127_20263	871	No	NA	2	1	0	Low-quality	Genome-fragment	1.8	AAI-based (medium-confidence)	0.0	1.0	
k127_324937	1187	No	NA	1	0	0	Not-determined	Genome-fragment	NA	NA	0.0	1.0	no viral genes detected
k127_248794	721	No	NA	1	0	0	Low-quality	Genome-fragment	1.19	AAI-based (medium-confidence)	0.0	1.0	no viral genes detected
k127_248884	305	No	NA	1	0	0	Not-determined	Genome-fragment	NA	NA	0.0	1.0	no viral genes detected
k127_287243	777	No	NA	2	0	0	Low-quality	Genome-fragment	1.79	AAI-based (medium-confidence)	0.0	1.0	no viral genes detected
k127_249228	906	No	NA	1	1	0	Low-quality	Genome-fragment	1.19	HMM-based (lower-bound)	0.0	1.0	
k127_287415	446	No	NA	2	0	0	Not-determined	Genome-fragment	NA	NA	0.0	1.0	no viral genes detected
k127_325764	414	No	NA	2	0	0	Not-determined	Genome-fragment	NA	NA	0.0	1.0	no viral genes detected
k127_287654	385	No	NA	1	0	0	Not-determined	Genome-fragment	NA	NA	0.0	1.0	no viral genes detected
k127_326034	583	No	NA	1	0	1	Not-determined	Genome-fragment	NA	NA	0.0	1.0	no viral genes detected
k127_287935	364	No	NA	1	0	0	Not-determined	Genome-fragment	NA	NA	0.0	1.0	no viral genes detected
k127_136138	336	No	NA	1	1	0	Low-quality	Genome-fragment	0.86	AAI-based (high-confidence)	0.0	1.0	
k127_174070	634	No	NA	1	0	0	Not-determined	Genome-fragment	NA	NA	0.0	1.0	no viral genes detected
k127_212302	657	No	NA	1	0	0	Not-determined	Genome-fragment	NA	NA	0.0	1.0	no viral genes detected
k127_60131	926	No	NA	1	0	1	Not-determined	Genome-fragment	NA	NA	0.0	1.0	no viral genes detected
k127_288591	438	No	NA	1	0	0	Not-determined	Genome-fragment	NA	NA	0.0	1.0	no viral genes detected
k127_98588	1244	No	NA	1	0	1	Not-determined	Genome-fragment	NA	NA	0.0	1.0	no viral genes detected
k127_288846	894	No	NA	2	0	1	Low-quality	Genome-fragment	1.91	AAI-based (medium-confidence)	0.0	1.0	no viral genes detected
k127_136996	371	No	NA	1	1	0	Low-quality	Genome-fragment	0.33	HMM-based (lower-bound)	0.0	1.0	
k127_327185	1110	No	NA	2	0	0	Not-determined	Genome-fragment	NA	NA	0.0	1.0	no viral genes detected
k127_288994	311	No	NA	2	0	0	Not-determined	Genome-fragment	NA	NA	0.0	1.0	no viral genes detected
k127_22681	395	No	NA	1	0	0	Not-determined	Genome-fragment	NA	NA	0.0	1.0	no viral genes detected
k127_61005	569	No	NA	1	0	0	Not-determined	Genome-fragment	NA	NA	0.0	1.0	no viral genes detected
k127_137524	603	No	NA	1	0	0	Not-determined	Genome-fragment	NA	NA	0.0	1.0	no viral genes detected
k127_327834	326	No	NA	1	0	0	Not-determined	Genome-fragment	NA	NA	0.0	1.0	no viral genes detected
k127_99548	2895	No	NA	2	0	0	Not-determined	Genome-fragment	NA	NA	0.0	1.0	no viral genes detected
k127_365779	1466	No	NA	2	0	0	Low-quality	Genome-fragment	3.27	AAI-based (medium-confidence)	0.0	1.0	no viral genes detected
k127_251703	381	No	NA	1	0	0	Low-quality	Genome-fragment	0.82	AAI-based (medium-confidence)	0.0	1.0	no viral genes detected
k127_251746	349	No	NA	1	1	0	Low-quality	Genome-fragment	0.5	HMM-based (lower-bound)	0.0	1.0	
k127_137947	622	No	NA	2	0	0	Low-quality	Genome-fragment	1.31	AAI-based (high-confidence)	0.0	1.0	no viral genes detected
k127_23637	361	No	NA	1	0	0	Not-determined	Genome-fragment	NA	NA	0.0	1.0	no viral genes detected
k127_366113	391	No	NA	1	1	0	Low-quality	Genome-fragment	0.45	AAI-based (high-confidence)	0.0	1.0	
k127_23812	765	No	NA	2	0	0	Not-determined	Genome-fragment	NA	NA	0.0	1.0	no viral genes detected
k127_61908	582	No	NA	1	0	0	Low-quality	Genome-fragment	1.19	AAI-based (medium-confidence)	0.0	1.0	no viral genes detected
k127_23933	451	No	NA	1	0	0	Not-determined	Genome-fragment	NA	NA	0.0	1.0	no viral genes detected
k127_100287	349	No	NA	2	0	0	Not-determined	Genome-fragment	NA	NA	0.0	1.0	no viral genes detected
k127_24231	348	No	NA	1	1	0	Low-quality	Genome-fragment	0.5	HMM-based (lower-bound)	0.0	1.0	
k127_252561	391	No	NA	1	0	0	Low-quality	Genome-fragment	0.86	AAI-based (medium-confidence)	0.0	1.0	no viral genes detected
k127_138793	874	No	NA	1	0	1	Not-determined	Genome-fragment	NA	NA	0.0	1.0	no viral genes detected
k127_138873	580	No	NA	1	0	0	Not-determined	Genome-fragment	NA	NA	0.0	1.0	no viral genes detected
k127_252725	770	No	NA	1	0	1	Not-determined	Genome-fragment	NA	NA	0.0	1.0	no viral genes detected
k127_329094	625	No	NA	1	0	1	Not-determined	Genome-fragment	NA	NA	0.0	1.0	no viral genes detected
k127_24533	488	No	NA	1	0	0	Not-determined	Genome-fragment	NA	NA	0.0	1.0	no viral genes detected
k127_100816	919	No	NA	1	0	1	Not-determined	Genome-fragment	NA	NA	0.0	1.0	no viral genes detected
k127_139111	578	No	NA	1	0	0	Low-quality	Genome-fragment	0.42	AAI-based (medium-confidence)	0.0	1.0	no viral genes detected
k127_62740	529	No	NA	2	0	0	Low-quality	Genome-fragment	1.01	AAI-based (medium-confidence)	0.0	1.0	no viral genes detected
k127_329970	385	No	NA	1	0	0	Low-quality	Genome-fragment	0.66	AAI-based (medium-confidence)	0.0	1.0	no viral genes detected
k127_63598	361	No	NA	1	0	0	Low-quality	Genome-fragment	0.83	AAI-based (high-confidence)	0.0	1.0	no viral genes detected
k127_215976	3981	No	NA	6	1	0	Low-quality	Genome-fragment	2.39	HMM-based (lower-bound)	0.0	1.0	
k127_140052	534	No	NA	1	0	0	Not-determined	Genome-fragment	NA	NA	0.0	1.0	no viral genes detected
k127_216192	787	No	NA	2	0	0	Not-determined	Genome-fragment	NA	NA	0.0	1.0	no viral genes detected
k127_292508	320	No	NA	1	0	0	Not-determined	Genome-fragment	NA	NA	0.0	1.0	no viral genes detected
k127_64387	449	No	NA	1	0	0	Low-quality	Genome-fragment	0.32	AAI-based (medium-confidence)	0.0	1.0	no viral genes detected
k127_254575	488	No	NA	1	0	0	Low-quality	Genome-fragment	0.99	AAI-based (medium-confidence)	0.0	1.0	no viral genes detected
k127_293252	787	No	NA	2	0	0	Not-determined	Genome-fragment	NA	NA	0.0	1.0	no viral genes detected
k127_369351	683	No	NA	1	0	0	Low-quality	Genome-fragment	1.31	AAI-based (medium-confidence)	0.0	1.0	no viral genes detected
k127_65152	614	No	NA	2	2	0	Low-quality	Genome-fragment	1.17	AAI-based (medium-confidence)	0.0	1.0	
k127_217608	995	Yes	570	2	1	1	Low-quality	Genome-fragment	0.92	AAI-based (medium-confidence)	42.71	1.0	
k127_255384	858	No	NA	1	0	0	Low-quality	Genome-fragment	1.79	AAI-based (medium-confidence)	0.0	1.0	no viral genes detected
k127_179696	399	No	NA	1	1	0	Low-quality	Genome-fragment	0.27	HMM-based (lower-bound)	0.0	1.0	
k127_65532	318	No	NA	1	0	0	Not-determined	Genome-fragment	NA	NA	0.0	1.0	no viral genes detected
k127_218073	351	No	NA	1	0	0	Low-quality	Genome-fragment	0.38	AAI-based (medium-confidence)	0.0	1.0	no viral genes detected
k127_180043	749	No	NA	1	1	0	Low-quality	Genome-fragment	1.08	AAI-based (medium-confidence)	0.0	1.0	
k127_180118	341	No	NA	1	1	0	Low-quality	Genome-fragment	0.23	HMM-based (lower-bound)	0.0	1.0	
k127_27836	308	No	NA	1	0	0	Low-quality	Genome-fragment	0.69	AAI-based (medium-confidence)	0.0	1.0	no viral genes detected
k127_332533	347	No	NA	1	1	0	Low-quality	Genome-fragment	0.56	HMM-based (lower-bound)	0.0	1.0	
k127_104295	411	No	NA	1	0	0	Low-quality	Genome-fragment	0.8	AAI-based (medium-confidence)	0.0	1.0	no viral genes detected
k127_104429	303	No	NA	1	0	0	Low-quality	Genome-fragment	0.74	AAI-based (high-confidence)	0.0	1.0	no viral genes detected
k127_28738	312	No	NA	1	0	0	Not-determined	Genome-fragment	NA	NA	0.0	1.0	no viral genes detected
k127_219404	418	No	NA	2	0	0	Low-quality	Genome-fragment	0.84	AAI-based (high-confidence)	0.0	1.0	no viral genes detected
k127_257184	571	No	NA	1	0	0	Not-determined	Genome-fragment	NA	NA	0.0	1.0	no viral genes detected
k127_105214	325	No	NA	1	0	0	Not-determined	Genome-fragment	NA	NA	0.0	1.0	no viral genes detected
k127_143622	1386	No	NA	1	0	1	Not-determined	Genome-fragment	NA	NA	0.0	1.0	no viral genes detected
k127_143660	2436	No	NA	4	0	0	Not-determined	Genome-fragment	NA	NA	0.0	1.0	no viral genes detected
k127_29338	458	No	NA	2	1	0	Low-quality	Genome-fragment	0.65	HMM-based (lower-bound)	0.0	1.0	
k127_143755	4048	No	NA	7	1	0	Low-quality	Genome-fragment	4.99	AAI-based (medium-confidence)	0.0	1.0	
k127_257681	327	No	NA	1	0	0	Not-determined	Genome-fragment	NA	NA	0.0	1.0	no viral genes detected
k127_220065	340	No	NA	1	0	0	Not-determined	Genome-fragment	NA	NA	0.0	1.0	no viral genes detected
k127_296072	962	No	NA	2	0	0	Low-quality	Genome-fragment	2.15	AAI-based (medium-confidence)	0.0	1.0	no viral genes detected
k127_334331	321	No	NA	1	0	0	Low-quality	Genome-fragment	0.81	AAI-based (medium-confidence)	0.0	1.0	no viral genes detected
k127_334354	3552	No	NA	4	0	0	Low-quality	Genome-fragment	7.46	AAI-based (medium-confidence)	0.0	1.0	no viral genes detected
k127_182218	498	No	NA	1	1	0	Low-quality	Genome-fragment	1.38	AAI-based (medium-confidence)	0.0	1.0	
k127_372516	1118	No	NA	2	1	0	Low-quality	Genome-fragment	1.59	HMM-based (lower-bound)	0.0	1.0	
k127_68231	390	No	NA	1	0	0	Not-determined	Genome-fragment	NA	NA	0.0	1.0	no viral genes detected
k127_258419	658	No	NA	1	1	0	Low-quality	Genome-fragment	0.94	AAI-based (medium-confidence)	0.0	1.0	
k127_182455	6877	No	NA	11	2	0	Low-quality	Genome-fragment	14.12	AAI-based (medium-confidence)	0.0	1.0	
k127_30216	574	No	NA	1	1	0	Low-quality	Genome-fragment	0.47	HMM-based (lower-bound)	0.0	1.0	
k127_220801	418	No	NA	1	1	0	Low-quality	Genome-fragment	0.7	AAI-based (medium-confidence)	0.0	1.0	
k127_258591	481	No	NA	1	0	0	Low-quality	Genome-fragment	0.89	AAI-based (medium-confidence)	0.0	1.0	no viral genes detected
k127_144737	268	No	NA	1	0	0	Low-quality	Genome-fragment	0.59	AAI-based (medium-confidence)	0.0	1.0	no viral genes detected
k127_144803	452	No	NA	1	0	0	Low-quality	Genome-fragment	1.05	AAI-based (medium-confidence)	0.0	1.0	no viral genes detected
k127_221076	336	No	NA	1	1	0	Low-quality	Genome-fragment	0.4	AAI-based (high-confidence)	0.0	1.0	
k127_373127	1039	No	NA	1	0	0	Not-determined	Genome-fragment	NA	NA	0.0	1.0	no viral genes detected
k127_183069	327	No	NA	1	0	0	Low-quality	Genome-fragment	0.8	AAI-based (medium-confidence)	0.0	1.0	no viral genes detected
k127_335521	1028	No	NA	1	0	0	Not-determined	Genome-fragment	NA	NA	0.0	1.0	no viral genes detected
k127_145491	305	No	NA	1	0	0	Not-determined	Genome-fragment	NA	NA	0.0	1.0	no viral genes detected
k127_373660	306	No	NA	1	0	0	Not-determined	Genome-fragment	NA	NA	0.0	1.0	no viral genes detected
k127_373873	691	No	NA	1	0	0	Low-quality	Genome-fragment	1.44	AAI-based (medium-confidence)	0.0	1.0	no viral genes detected
k127_145856	780	No	NA	1	0	0	Low-quality	Genome-fragment	1.5	AAI-based (medium-confidence)	0.0	1.0	no viral genes detected
k127_31541	337	No	NA	1	0	0	Not-determined	Genome-fragment	NA	NA	0.0	1.0	no viral genes detected
k127_69941	574	No	NA	1	0	0	Low-quality	Genome-fragment	1.19	AAI-based (medium-confidence)	0.0	1.0	no viral genes detected
k127_146279	1716	No	NA	2	0	1	Not-determined	Genome-fragment	NA	NA	0.0	1.0	no viral genes detected
k127_336552	321	No	NA	1	0	0	Low-quality	Genome-fragment	0.7	AAI-based (medium-confidence)	0.0	1.0	no viral genes detected
k127_146326	699	No	NA	1	0	1	Not-determined	Genome-fragment	NA	NA	0.0	1.0	no viral genes detected
k127_222799	668	No	NA	2	2	0	Low-quality	Genome-fragment	1.89	AAI-based (medium-confidence)	0.0	1.0	
k127_298883	4064	No	NA	3	0	0	Not-determined	Genome-fragment	NA	NA	0.0	1.0	no viral genes detected
k127_146716	1042	No	NA	2	0	1	Not-determined	Genome-fragment	NA	NA	0.0	1.0	no viral genes detected
k127_70507	355	No	NA	1	1	0	Low-quality	Genome-fragment	0.16	HMM-based (lower-bound)	0.0	1.0	
k127_146923	758	No	NA	2	1	0	Low-quality	Genome-fragment	1.76	AAI-based (medium-confidence)	0.0	1.0	
k127_184945	1021	No	NA	1	0	0	Not-determined	Genome-fragment	NA	NA	0.0	1.0	no viral genes detected
k127_260973	426	No	NA	1	0	0	Not-determined	Genome-fragment	NA	NA	0.0	1.0	no viral genes detected
k127_185055	353	No	NA	1	0	0	Not-determined	Genome-fragment	NA	NA	0.0	1.0	no viral genes detected
k127_32892	409	No	NA	1	1	0	Low-quality	Genome-fragment	0.85	AAI-based (medium-confidence)	0.0	1.0	
k127_185230	330	No	NA	1	0	0	Low-quality	Genome-fragment	0.78	AAI-based (medium-confidence)	0.0	1.0	no viral genes detected
k127_223522	2952	No	NA	4	1	0	Low-quality	Genome-fragment	1.77	HMM-based (lower-bound)	0.0	1.0	
k127_33079	529	No	NA	2	0	0	Low-quality	Genome-fragment	0.27	AAI-based (medium-confidence)	0.0	1.0	no viral genes detected
k127_337770	4169	No	NA	4	0	0	Low-quality	Genome-fragment	8.64	AAI-based (medium-confidence)	0.0	1.0	no viral genes detected
k127_33172	548	No	NA	1	0	0	Not-determined	Genome-fragment	NA	NA	0.0	1.0	no viral genes detected
k127_223740	445	No	NA	2	0	0	Not-determined	Genome-fragment	NA	NA	0.0	1.0	no viral genes detected
k127_71367	484	No	NA	1	0	0	Low-quality	Genome-fragment	0.92	AAI-based (medium-confidence)	0.0	1.0	no viral genes detected
k127_147561	337	No	NA	1	0	0	Not-determined	Genome-fragment	NA	NA	0.0	1.0	no viral genes detected
k127_109623	277	No	NA	2	0	0	Not-determined	Genome-fragment	NA	NA	0.0	1.0	no viral genes detected
k127_223840	618	No	NA	1	0	1	Not-determined	Genome-fragment	NA	NA	0.0	1.0	no viral genes detected
k127_223939	399	No	NA	1	0	0	Low-quality	Genome-fragment	0.9	AAI-based (medium-confidence)	0.0	1.0	no viral genes detected
k127_300047	796	No	NA	2	1	0	Low-quality	Genome-fragment	1.18	AAI-based (high-confidence)	0.0	1.0	
k127_33564	346	No	NA	1	0	0	Not-determined	Genome-fragment	NA	NA	0.0	1.0	no viral genes detected
k127_33772	553	No	NA	1	0	0	Not-determined	Genome-fragment	NA	NA	0.0	1.0	no viral genes detected
k127_224426	445	No	NA	1	0	0	Not-determined	Genome-fragment	NA	NA	0.0	1.0	no viral genes detected
k127_186296	310	No	NA	1	0	0	Low-quality	Genome-fragment	0.72	AAI-based (medium-confidence)	0.0	1.0	no viral genes detected
k127_34106	761	No	NA	1	1	0	Low-quality	Genome-fragment	1.08	HMM-based (lower-bound)	0.0	1.0	
k127_110519	975	No	NA	1	0	1	Not-determined	Genome-fragment	NA	NA	0.0	1.0	no viral genes detected
k127_72419	547	No	NA	1	1	0	Low-quality	Genome-fragment	0.72	HMM-based (lower-bound)	0.0	1.0	
k127_300943	4987	No	NA	6	1	0	Low-quality	Genome-fragment	10.59	AAI-based (medium-confidence)	0.0	1.0	
k127_72471	390	No	NA	1	0	0	Low-quality	Genome-fragment	0.9	AAI-based (high-confidence)	0.0	1.0	no viral genes detected
k127_148720	990	No	NA	1	0	0	Low-quality	Genome-fragment	2.2	AAI-based (medium-confidence)	0.0	1.0	no viral genes detected
k127_301022	965	No	NA	2	1	0	Low-quality	Genome-fragment	0.5	HMM-based (lower-bound)	0.0	1.0	
k127_148741	710	No	NA	2	0	0	Not-determined	Genome-fragment	NA	NA	0.0	1.0	no viral genes detected
k127_339077	397	No	NA	2	0	0	Not-determined	Genome-fragment	NA	NA	0.0	1.0	no viral genes detected
k127_376902	421	No	NA	1	0	0	Low-quality	Genome-fragment	0.81	AAI-based (medium-confidence)	0.0	1.0	no viral genes detected
k127_263078	432	No	NA	1	0	1	Not-determined	Genome-fragment	NA	NA	0.0	1.0	no viral genes detected
k127_301417	1562	No	NA	1	0	0	Low-quality	Genome-fragment	2.58	AAI-based (medium-confidence)	0.0	1.0	no viral genes detected
k127_149324	339	No	NA	1	0	0	Not-determined	Genome-fragment	NA	NA	0.0	1.0	no viral genes detected
k127_35004	314	No	NA	1	0	0	Not-determined	Genome-fragment	NA	NA	0.0	1.0	no viral genes detected
k127_225587	497	No	NA	1	1	0	Low-quality	Genome-fragment	0.78	AAI-based (medium-confidence)	0.0	1.0	
k127_263507	466	No	NA	1	0	0	Not-determined	Genome-fragment	NA	NA	0.0	1.0	no viral genes detected
k127_111583	360	No	NA	1	0	0	Not-determined	Genome-fragment	NA	NA	0.0	1.0	no viral genes detected
k127_340047	704	No	NA	1	0	1	Not-determined	Genome-fragment	NA	NA	0.0	1.0	no viral genes detected
k127_263878	407	No	NA	1	1	0	Low-quality	Genome-fragment	0.28	HMM-based (lower-bound)	0.0	1.0	
k127_226093	545	No	NA	1	0	0	Not-determined	Genome-fragment	NA	NA	0.0	1.0	no viral genes detected
k127_187827	592	No	NA	1	0	1	Not-determined	Genome-fragment	NA	NA	0.0	1.0	no viral genes detected
k127_187860	531	No	NA	1	1	0	Low-quality	Genome-fragment	0.78	HMM-based (lower-bound)	0.0	1.0	
k127_150070	805	No	NA	1	1	0	Low-quality	Genome-fragment	2.15	AAI-based (high-confidence)	0.0	1.0	
k127_340524	351	No	NA	1	0	0	Not-determined	Genome-fragment	NA	NA	0.0	1.0	no viral genes detected
k127_188183	521	No	NA	2	1	0	Low-quality	Genome-fragment	0.87	AAI-based (medium-confidence)	0.0	1.0	
k127_264336	343	No	NA	1	0	0	Not-determined	Genome-fragment	NA	NA	0.0	1.0	no viral genes detected
k127_378608	438	No	NA	1	0	0	Low-quality	Genome-fragment	0.87	AAI-based (medium-confidence)	0.0	1.0	no viral genes detected
k127_74335	364	No	NA	1	0	0	Not-determined	Genome-fragment	NA	NA	0.0	1.0	no viral genes detected
k127_378709	1048	No	NA	1	1	0	Low-quality	Genome-fragment	1.49	HMM-based (lower-bound)	0.0	1.0	
k127_226785	329	No	NA	1	1	0	Low-quality	Genome-fragment	0.57	AAI-based (high-confidence)	0.0	1.0	
k127_36672	426	No	NA	1	1	0	Low-quality	Genome-fragment	0.74	AAI-based (medium-confidence)	0.0	1.0	
k127_150979	390	No	NA	1	0	0	Low-quality	Genome-fragment	0.82	AAI-based (high-confidence)	0.0	1.0	no viral genes detected
k127_36715	435	No	NA	1	0	1	Not-determined	Genome-fragment	NA	NA	0.0	1.0	no viral genes detected
k127_37042	504	No	NA	1	0	0	Low-quality	Genome-fragment	1.06	AAI-based (medium-confidence)	0.0	1.0	no viral genes detected
k127_189334	563	No	NA	1	0	0	Low-quality	Genome-fragment	1.15	AAI-based (medium-confidence)	0.0	1.0	no viral genes detected
k127_341807	813	No	NA	1	0	0	Low-quality	Genome-fragment	1.8	AAI-based (medium-confidence)	0.0	1.0	no viral genes detected
k127_189385	554	No	NA	1	1	0	Low-quality	Genome-fragment	0.6	AAI-based (medium-confidence)	0.0	1.0	
k127_189464	351	No	NA	1	0	0	Low-quality	Genome-fragment	0.89	AAI-based (medium-confidence)	0.0	1.0	no viral genes detected
k127_265851	2649	No	NA	2	0	0	Not-determined	Genome-fragment	NA	NA	0.0	1.0	no viral genes detected
k127_190112	949	No	NA	1	0	1	Not-determined	Genome-fragment	NA	NA	0.0	1.0	no viral genes detected
k127_76034	734	No	NA	1	0	1	Not-determined	Genome-fragment	NA	NA	0.0	1.0	no viral genes detected
