contig_id	contig_length	provirus	proviral_length	gene_count	viral_genes	host_genes	checkv_quality	miuvig_quality	completeness	completeness_method	contamination	kmer_freq	warnings
k127_138726	771	No	NA	2	1	0	Low-quality	Genome-fragment	1.51	AAI-based (medium-confidence)	0.0	1.0	
k127_231519	390	No	NA	1	0	1	Not-determined	Genome-fragment	NA	NA	0.0	1.0	no viral genes detected
k127_324260	325	No	NA	1	1	0	Low-quality	Genome-fragment	0.55	AAI-based (medium-confidence)	0.0	1.0	
k127_324283	378	No	NA	1	1	0	Low-quality	Genome-fragment	0.72	HMM-based (lower-bound)	0.0	1.0	
k127_278262	301	No	NA	1	0	0	Not-determined	Genome-fragment	NA	NA	0.0	1.0	no viral genes detected
k127_139712	1413	No	NA	3	1	0	Low-quality	Genome-fragment	2.27	AAI-based (medium-confidence)	0.0	1.0	
k127_278352	620	No	NA	1	0	0	Not-determined	Genome-fragment	NA	NA	0.0	1.0	no viral genes detected
k127_186152	318	No	NA	1	0	0	Not-determined	Genome-fragment	NA	NA	0.0	1.0	no viral genes detected
k127_93718	1004	No	NA	2	1	0	Low-quality	Genome-fragment	1.31	HMM-based (lower-bound)	0.0	1.0	
k127_93729	469	No	NA	1	1	0	Low-quality	Genome-fragment	0.7	HMM-based (lower-bound)	0.0	1.0	
k127_417319	825	No	NA	2	0	0	Not-determined	Genome-fragment	NA	NA	0.0	1.0	no viral genes detected
k127_325068	972	No	NA	2	1	0	Low-quality	Genome-fragment	1.66	AAI-based (medium-confidence)	0.0	1.0	
k127_1720	396	No	NA	1	1	0	Low-quality	Genome-fragment	0.49	HMM-based (lower-bound)	0.0	1.0	
k127_186646	413	No	NA	1	1	0	Low-quality	Genome-fragment	0.34	HMM-based (lower-bound)	0.0	1.0	
k127_186672	411	No	NA	1	1	0	Low-quality	Genome-fragment	0.87	AAI-based (medium-confidence)	0.0	1.0	
k127_417800	826	No	NA	2	0	0	Not-determined	Genome-fragment	NA	NA	0.0	1.0	no viral genes detected
k127_94495	357	No	NA	2	0	0	Not-determined	Genome-fragment	NA	NA	0.0	1.0	no viral genes detected
k127_48436	433	No	NA	1	0	0	Not-determined	Genome-fragment	NA	NA	0.0	1.0	no viral genes detected
k127_417989	488	No	NA	1	0	0	Not-determined	Genome-fragment	NA	NA	0.0	1.0	no viral genes detected
k127_2223	712	No	NA	1	1	0	Low-quality	Genome-fragment	0.91	AAI-based (medium-confidence)	0.0	1.0	
k127_418257	306	No	NA	1	0	0	Not-determined	Genome-fragment	NA	NA	0.0	1.0	no viral genes detected
k127_418281	675	No	NA	1	0	0	Not-determined	Genome-fragment	NA	NA	0.0	1.0	no viral genes detected
k127_2541	1094	No	NA	1	0	1	Not-determined	Genome-fragment	NA	NA	0.0	1.0	no viral genes detected
k127_141243	404	No	NA	2	0	0	Low-quality	Genome-fragment	0.62	AAI-based (medium-confidence)	0.0	1.0	no viral genes detected
k127_233647	612	No	NA	1	0	0	Not-determined	Genome-fragment	NA	NA	0.0	1.0	no viral genes detected
k127_141544	319	No	NA	1	1	0	Low-quality	Genome-fragment	0.63	AAI-based (medium-confidence)	0.0	1.0	
k127_187816	362	No	NA	1	0	0	Not-determined	Genome-fragment	NA	NA	0.0	1.0	no viral genes detected
k127_141637	311	No	NA	1	0	0	Not-determined	Genome-fragment	NA	NA	0.0	1.0	no viral genes detected
k127_95447	743	No	NA	1	0	0	Not-determined	Genome-fragment	NA	NA	0.0	1.0	no viral genes detected
k127_234269	610	No	NA	2	2	0	Low-quality	Genome-fragment	0.86	HMM-based (lower-bound)	0.0	1.0	
k127_234470	403	No	NA	2	1	0	Low-quality	Genome-fragment	0.37	HMM-based (lower-bound)	0.0	1.0	
k127_188483	350	No	NA	1	0	0	Low-quality	Genome-fragment	0.4	AAI-based (medium-confidence)	0.0	1.0	no viral genes detected
k127_49975	379	No	NA	1	1	0	Low-quality	Genome-fragment	0.47	AAI-based (high-confidence)	0.0	1.0	
k127_327251	940	No	NA	1	0	0	Not-determined	Genome-fragment	NA	NA	0.0	1.0	no viral genes detected
k127_96234	364	No	NA	1	0	0	Not-determined	Genome-fragment	NA	NA	0.0	1.0	no viral genes detected
k127_142600	622	No	NA	2	1	0	Low-quality	Genome-fragment	1.18	AAI-based (medium-confidence)	0.0	1.0	
k127_50258	356	No	NA	1	1	0	Low-quality	Genome-fragment	0.48	AAI-based (medium-confidence)	0.0	1.0	
k127_373599	428	No	NA	2	1	0	Low-quality	Genome-fragment	0.64	AAI-based (medium-confidence)	0.0	1.0	
k127_419799	342	No	NA	1	0	0	Low-quality	Genome-fragment	0.39	AAI-based (high-confidence)	0.0	1.0	no viral genes detected
k127_235046	498	No	NA	2	1	0	Low-quality	Genome-fragment	0.95	HMM-based (lower-bound)	0.0	1.0	
k127_50591	344	No	NA	1	1	0	Low-quality	Genome-fragment	0.55	AAI-based (high-confidence)	0.0	1.0	
k127_4408	307	No	NA	1	0	0	Not-determined	Genome-fragment	NA	NA	0.0	1.0	no viral genes detected
k127_51233	502	No	NA	1	1	0	Low-quality	Genome-fragment	0.89	HMM-based (lower-bound)	0.0	1.0	
k127_51277	330	No	NA	1	1	0	Low-quality	Genome-fragment	0.41	AAI-based (medium-confidence)	0.0	1.0	
k127_51518	384	No	NA	1	1	0	Low-quality	Genome-fragment	0.63	AAI-based (medium-confidence)	0.0	1.0	
k127_51647	961	No	NA	1	0	0	Low-quality	Genome-fragment	1.96	AAI-based (medium-confidence)	0.0	1.0	no viral genes detected
k127_190249	507	No	NA	2	0	0	Not-determined	Genome-fragment	NA	NA	0.0	1.0	no viral genes detected
k127_421251	688	No	NA	1	1	0	Low-quality	Genome-fragment	0.91	AAI-based (medium-confidence)	0.0	1.0	
k127_97880	588	No	NA	1	1	0	Low-quality	Genome-fragment	0.87	HMM-based (lower-bound)	0.0	1.0	
k127_282746	594	No	NA	1	0	0	Not-determined	Genome-fragment	NA	NA	0.0	1.0	no viral genes detected
k127_236547	319	No	NA	1	0	0	Not-determined	Genome-fragment	NA	NA	0.0	1.0	no viral genes detected
k127_5533	344	No	NA	1	1	0	Low-quality	Genome-fragment	0.2	HMM-based (lower-bound)	0.0	1.0	
k127_421496	711	No	NA	1	0	1	Not-determined	Genome-fragment	NA	NA	0.0	1.0	no viral genes detected
k127_421579	452	No	NA	2	0	0	Low-quality	Genome-fragment	0.81	AAI-based (medium-confidence)	0.0	1.0	no viral genes detected
k127_329646	416	No	NA	1	1	0	Low-quality	Genome-fragment	0.59	HMM-based (lower-bound)	0.0	1.0	
k127_375974	345	No	NA	2	1	0	Low-quality	Genome-fragment	0.5	HMM-based (lower-bound)	0.0	1.0	
k127_6354	363	No	NA	1	0	0	Not-determined	Genome-fragment	NA	NA	0.0	1.0	no viral genes detected
k127_422214	625	No	NA	1	0	0	Low-quality	Genome-fragment	0.44	AAI-based (medium-confidence)	0.0	1.0	no viral genes detected
k127_191296	329	No	NA	1	0	0	Not-determined	Genome-fragment	NA	NA	0.0	1.0	no viral genes detected
k127_329909	732	No	NA	1	1	0	Low-quality	Genome-fragment	1.43	AAI-based (medium-confidence)	0.0	1.0	
k127_145358	791	No	NA	2	1	0	Low-quality	Genome-fragment	1.69	AAI-based (medium-confidence)	0.0	1.0	
k127_422588	491	No	NA	1	1	0	Low-quality	Genome-fragment	0.53	HMM-based (lower-bound)	0.0	1.0	
k127_237825	355	No	NA	1	1	0	Low-quality	Genome-fragment	0.55	HMM-based (lower-bound)	0.0	1.0	
k127_422850	370	No	NA	1	0	0	Low-quality	Genome-fragment	0.69	AAI-based (medium-confidence)	0.0	1.0	no viral genes detected
k127_284269	357	No	NA	1	1	0	Low-quality	Genome-fragment	0.32	HMM-based (lower-bound)	0.0	1.0	
k127_145799	671	No	NA	1	0	0	Not-determined	Genome-fragment	NA	NA	0.0	1.0	no viral genes detected
k127_7174	609	No	NA	1	1	0	Low-quality	Genome-fragment	0.72	AAI-based (medium-confidence)	0.0	1.0	
k127_53594	429	No	NA	1	0	0	Not-determined	Genome-fragment	NA	NA	0.0	1.0	no viral genes detected
k127_7323	527	No	NA	1	1	0	Low-quality	Genome-fragment	0.43	HMM-based (lower-bound)	0.0	1.0	
k127_145996	496	No	NA	2	1	0	Low-quality	Genome-fragment	0.76	HMM-based (lower-bound)	0.0	1.0	
k127_99999	445	No	NA	1	0	0	Low-quality	Genome-fragment	0.94	AAI-based (medium-confidence)	0.0	1.0	no viral genes detected
k127_100029	316	No	NA	1	1	0	Low-quality	Genome-fragment	0.15	HMM-based (lower-bound)	0.0	1.0	
k127_238684	446	No	NA	2	0	0	Low-quality	Genome-fragment	0.62	AAI-based (medium-confidence)	0.0	1.0	no viral genes detected
k127_8159	496	No	NA	1	1	0	Low-quality	Genome-fragment	0.57	HMM-based (lower-bound)	0.0	1.0	
k127_100748	475	No	NA	1	1	0	Low-quality	Genome-fragment	1.06	AAI-based (medium-confidence)	0.0	1.0	
k127_193326	404	No	NA	1	0	0	Not-determined	Genome-fragment	NA	NA	0.0	1.0	no viral genes detected
k127_100801	389	No	NA	1	0	0	Low-quality	Genome-fragment	0.18	AAI-based (medium-confidence)	0.0	1.0	no viral genes detected
k127_100819	301	No	NA	1	0	0	Low-quality	Genome-fragment	0.36	AAI-based (medium-confidence)	0.0	1.0	no viral genes detected
k127_331816	704	No	NA	2	1	0	Low-quality	Genome-fragment	0.95	AAI-based (medium-confidence)	0.0	1.0	
k127_147108	255	No	NA	1	0	0	Low-quality	Genome-fragment	0.66	AAI-based (medium-confidence)	0.0	1.0	no viral genes detected
k127_101063	336	No	NA	1	1	0	Low-quality	Genome-fragment	0.16	HMM-based (lower-bound)	0.0	1.0	
k127_193745	440	No	NA	1	1	0	Low-quality	Genome-fragment	0.91	AAI-based (medium-confidence)	0.0	1.0	
k127_286174	598	No	NA	1	1	0	Low-quality	Genome-fragment	0.78	HMM-based (lower-bound)	0.0	1.0	
k127_378583	464	No	NA	1	1	0	Low-quality	Genome-fragment	0.69	HMM-based (lower-bound)	0.0	1.0	
k127_8952	373	No	NA	1	1	0	Low-quality	Genome-fragment	1.08	AAI-based (medium-confidence)	0.0	1.0	
k127_55400	401	No	NA	1	0	0	Low-quality	Genome-fragment	0.85	AAI-based (medium-confidence)	0.0	1.0	no viral genes detected
k127_286276	317	No	NA	1	1	0	Low-quality	Genome-fragment	0.18	HMM-based (lower-bound)	0.0	1.0	
k127_194113	1016	No	NA	3	0	3	Not-determined	Genome-fragment	NA	NA	0.0	1.0	no viral genes detected
k127_332566	864	No	NA	1	0	0	Not-determined	Genome-fragment	NA	NA	0.0	1.0	no viral genes detected
k127_379345	435	No	NA	1	0	0	Low-quality	Genome-fragment	0.96	AAI-based (medium-confidence)	0.0	1.0	no viral genes detected
k127_194787	1112	No	NA	2	0	1	Not-determined	Genome-fragment	NA	NA	0.0	1.0	no viral genes detected
k127_102232	588	No	NA	1	1	0	Low-quality	Genome-fragment	0.92	HMM-based (lower-bound)	0.0	1.0	
k127_379521	460	No	NA	1	0	0	Low-quality	Genome-fragment	0.93	AAI-based (medium-confidence)	0.0	1.0	no viral genes detected
k127_379525	415	No	NA	1	0	0	Not-determined	Genome-fragment	NA	NA	0.0	1.0	no viral genes detected
k127_195092	352	No	NA	1	1	0	Low-quality	Genome-fragment	0.48	AAI-based (medium-confidence)	0.0	1.0	
k127_56567	303	No	NA	1	0	0	Not-determined	Genome-fragment	NA	NA	0.0	1.0	no viral genes detected
k127_195231	318	No	NA	1	1	0	Low-quality	Genome-fragment	0.2	HMM-based (lower-bound)	0.0	1.0	
k127_287467	825	No	NA	2	1	0	Low-quality	Genome-fragment	1.58	AAI-based (medium-confidence)	0.0	1.0	
k127_333873	398	No	NA	1	1	0	Low-quality	Genome-fragment	0.42	HMM-based (lower-bound)	0.0	1.0	
k127_287775	385	No	NA	1	0	0	Not-determined	Genome-fragment	NA	NA	0.0	1.0	no viral genes detected
k127_380236	849	No	NA	2	0	1	Not-determined	Genome-fragment	NA	NA	0.0	1.0	no viral genes detected
k127_10623	340	No	NA	1	1	0	Low-quality	Genome-fragment	2.2	AAI-based (high-confidence)	0.0	1.0	
k127_287862	1240	No	NA	2	1	0	Low-quality	Genome-fragment	1.57	AAI-based (medium-confidence)	0.0	1.0	
k127_57135	1549	No	NA	1	1	0	Low-quality	Genome-fragment	3.64	AAI-based (high-confidence)	0.0	1.0	
k127_195826	308	No	NA	1	1	0	Low-quality	Genome-fragment	0.44	HMM-based (lower-bound)	0.0	1.0	
k127_10787	351	No	NA	1	1	0	Low-quality	Genome-fragment	0.79	AAI-based (medium-confidence)	0.0	1.0	
k127_288233	506	No	NA	1	0	0	Not-determined	Genome-fragment	NA	NA	0.0	1.0	no viral genes detected
k127_242002	388	No	NA	1	1	0	Low-quality	Genome-fragment	0.57	HMM-based (lower-bound)	0.0	1.0	
k127_196201	459	No	NA	1	0	1	Not-determined	Genome-fragment	NA	NA	0.0	1.0	no viral genes detected
k127_381171	344	No	NA	1	1	0	Low-quality	Genome-fragment	0.63	AAI-based (medium-confidence)	0.0	1.0	
k127_288872	2424	No	NA	5	4	0	Low-quality	Genome-fragment	4.93	AAI-based (high-confidence)	0.0	1.0	
k127_11696	2398	No	NA	2	0	0	Not-determined	Genome-fragment	NA	NA	0.0	1.0	no viral genes detected
k127_242676	606	No	NA	1	0	1	Not-determined	Genome-fragment	NA	NA	0.0	1.0	no viral genes detected
k127_335321	310	No	NA	1	1	0	Low-quality	Genome-fragment	0.17	HMM-based (lower-bound)	0.0	1.0	
k127_150625	367	No	NA	1	0	0	Not-determined	Genome-fragment	NA	NA	0.0	1.0	no viral genes detected
k127_242915	446	No	NA	1	0	0	Low-quality	Genome-fragment	0.93	AAI-based (medium-confidence)	0.0	1.0	no viral genes detected
k127_58657	376	No	NA	1	0	0	Low-quality	Genome-fragment	0.8	AAI-based (medium-confidence)	0.0	1.0	no viral genes detected
k127_197408	1477	No	NA	1	0	0	Not-determined	Genome-fragment	NA	NA	0.0	1.0	no viral genes detected
k127_104813	1105	No	NA	2	1	0	Low-quality	Genome-fragment	1.57	HMM-based (lower-bound)	0.0	1.0	
k127_428492	316	No	NA	1	1	0	Low-quality	Genome-fragment	0.26	HMM-based (lower-bound)	0.0	1.0	
k127_289879	389	No	NA	1	1	0	Low-quality	Genome-fragment	0.45	HMM-based (lower-bound)	0.0	1.0	
k127_12693	313	No	NA	1	0	0	Not-determined	Genome-fragment	NA	NA	0.0	1.0	no viral genes detected
k127_151477	341	No	NA	1	0	0	Not-determined	Genome-fragment	NA	NA	0.0	1.0	no viral genes detected
k127_197789	256	No	NA	2	0	0	Not-determined	Genome-fragment	NA	NA	0.0	1.0	no viral genes detected
k127_428788	619	No	NA	1	0	0	Low-quality	Genome-fragment	0.99	AAI-based (medium-confidence)	0.0	1.0	no viral genes detected
k127_59262	1311	No	NA	1	0	0	Not-determined	Genome-fragment	NA	NA	0.0	1.0	no viral genes detected
k127_290168	633	No	NA	1	0	0	Low-quality	Genome-fragment	1.92	AAI-based (medium-confidence)	0.0	1.0	no viral genes detected
k127_336461	492	No	NA	1	1	0	Low-quality	Genome-fragment	0.55	HMM-based (lower-bound)	0.0	1.0	
k127_59456	360	No	NA	1	0	0	Low-quality	Genome-fragment	0.88	AAI-based (medium-confidence)	0.0	1.0	no viral genes detected
k127_290621	554	No	NA	1	0	0	Low-quality	Genome-fragment	1.1	AAI-based (medium-confidence)	0.0	1.0	no viral genes detected
k127_152163	991	No	NA	3	1	0	Low-quality	Genome-fragment	1.52	AAI-based (medium-confidence)	0.0	1.0	
k127_244387	366	No	NA	1	0	0	Not-determined	Genome-fragment	NA	NA	0.0	1.0	no viral genes detected
k127_60173	444	No	NA	2	0	0	Low-quality	Genome-fragment	0.92	AAI-based (high-confidence)	0.0	1.0	no viral genes detected
k127_291172	339	No	NA	1	0	0	Not-determined	Genome-fragment	NA	NA	0.0	1.0	no viral genes detected
k127_60537	406	No	NA	1	1	0	Low-quality	Genome-fragment	0.19	HMM-based (lower-bound)	0.0	1.0	
k127_383936	341	No	NA	1	0	1	Not-determined	Genome-fragment	NA	NA	0.0	1.0	no viral genes detected
k127_60587	328	No	NA	2	0	0	Not-determined	Genome-fragment	NA	NA	0.0	1.0	no viral genes detected
k127_245257	652	No	NA	2	0	0	Not-determined	Genome-fragment	NA	NA	0.0	1.0	no viral genes detected
k127_245571	388	No	NA	1	0	1	Not-determined	Genome-fragment	NA	NA	0.0	1.0	no viral genes detected
k127_61086	382	No	NA	1	0	0	Not-determined	Genome-fragment	NA	NA	0.0	1.0	no viral genes detected
k127_292245	440	No	NA	1	1	0	Low-quality	Genome-fragment	0.63	HMM-based (lower-bound)	0.0	1.0	
k127_61471	852	No	NA	1	1	0	Low-quality	Genome-fragment	0.7	HMM-based (lower-bound)	0.0	1.0	
k127_384905	1051	No	NA	2	0	0	Not-determined	Genome-fragment	NA	NA	0.0	1.0	no viral genes detected
k127_246344	886	No	NA	1	0	0	Not-determined	Genome-fragment	NA	NA	0.0	1.0	no viral genes detected
k127_431548	374	No	NA	1	1	0	Low-quality	Genome-fragment	0.49	HMM-based (lower-bound)	0.0	1.0	
k127_246745	384	No	NA	1	0	0	Low-quality	Genome-fragment	0.88	AAI-based (medium-confidence)	0.0	1.0	no viral genes detected
k127_108200	639	No	NA	1	0	1	Not-determined	Genome-fragment	NA	NA	0.0	1.0	no viral genes detected
k127_339378	301	No	NA	1	1	0	Low-quality	Genome-fragment	0.42	HMM-based (lower-bound)	0.0	1.0	
k127_62356	739	No	NA	1	0	0	Low-quality	Genome-fragment	1.45	AAI-based (medium-confidence)	0.0	1.0	no viral genes detected
k127_293274	308	No	NA	1	0	0	Not-determined	Genome-fragment	NA	NA	0.0	1.0	no viral genes detected
k127_108455	471	No	NA	2	1	0	Low-quality	Genome-fragment	0.3	HMM-based (lower-bound)	0.0	1.0	
k127_431948	457	No	NA	1	1	0	Low-quality	Genome-fragment	1.36	AAI-based (medium-confidence)	0.0	1.0	
k127_247300	475	No	NA	1	0	0	Not-determined	Genome-fragment	NA	NA	0.0	1.0	no viral genes detected
k127_16299	546	No	NA	1	0	0	Low-quality	Genome-fragment	0.33	AAI-based (medium-confidence)	0.0	1.0	no viral genes detected
k127_293658	780	No	NA	1	0	0	Not-determined	Genome-fragment	NA	NA	0.0	1.0	no viral genes detected
k127_108812	531	No	NA	1	1	0	Low-quality	Genome-fragment	0.48	HMM-based (lower-bound)	0.0	1.0	
k127_293785	394	No	NA	1	1	0	Low-quality	Genome-fragment	0.59	HMM-based (lower-bound)	0.0	1.0	
k127_155215	744	No	NA	1	1	0	Low-quality	Genome-fragment	1.06	HMM-based (lower-bound)	0.0	1.0	
k127_201843	412	No	NA	1	1	0	Low-quality	Genome-fragment	0.61	HMM-based (lower-bound)	0.0	1.0	
k127_247809	564	No	NA	2	0	0	Not-determined	Genome-fragment	NA	NA	0.0	1.0	no viral genes detected
k127_340413	309	No	NA	1	1	0	Low-quality	Genome-fragment	0.28	HMM-based (lower-bound)	0.0	1.0	
k127_63469	449	No	NA	1	1	0	Low-quality	Genome-fragment	0.35	HMM-based (lower-bound)	0.0	1.0	
k127_248148	557	No	NA	1	0	0	Not-determined	Genome-fragment	NA	NA	0.0	1.0	no viral genes detected
k127_63588	201	No	NA	1	0	0	Low-quality	Genome-fragment	0.56	AAI-based (medium-confidence)	0.0	1.0	no viral genes detected
k127_340768	405	No	NA	1	0	0	Low-quality	Genome-fragment	0.91	AAI-based (medium-confidence)	0.0	1.0	no viral genes detected
k127_294671	578	No	NA	1	0	0	Not-determined	Genome-fragment	NA	NA	0.0	1.0	no viral genes detected
k127_387194	493	No	NA	1	0	0	Low-quality	Genome-fragment	1.01	AAI-based (medium-confidence)	0.0	1.0	no viral genes detected
k127_387338	1342	No	NA	1	0	1	Not-determined	Genome-fragment	NA	NA	0.0	1.0	no viral genes detected
k127_110303	580	No	NA	2	0	0	Not-determined	Genome-fragment	NA	NA	0.0	1.0	no viral genes detected
k127_110477	404	No	NA	1	1	0	Low-quality	Genome-fragment	0.3	HMM-based (lower-bound)	0.0	1.0	
k127_156877	330	No	NA	1	0	0	Not-determined	Genome-fragment	NA	NA	0.0	1.0	no viral genes detected
k127_388096	378	No	NA	1	1	0	Low-quality	Genome-fragment	0.62	AAI-based (medium-confidence)	0.0	1.0	
k127_295864	308	No	NA	1	0	0	Not-determined	Genome-fragment	NA	NA	0.0	1.0	no viral genes detected
k127_249552	549	No	NA	1	1	0	Low-quality	Genome-fragment	0.3	HMM-based (lower-bound)	0.0	1.0	
k127_203603	699	No	NA	1	0	1	Not-determined	Genome-fragment	NA	NA	0.0	1.0	no viral genes detected
k127_388352	371	No	NA	1	1	0	Low-quality	Genome-fragment	0.44	AAI-based (medium-confidence)	0.0	1.0	
k127_18740	552	No	NA	1	1	0	Low-quality	Genome-fragment	0.87	HMM-based (lower-bound)	0.0	1.0	
k127_249958	368	No	NA	1	0	0	Not-determined	Genome-fragment	NA	NA	0.0	1.0	no viral genes detected
k127_18962	667	No	NA	1	0	0	Not-determined	Genome-fragment	NA	NA	0.0	1.23	no viral genes detected
k127_250015	420	No	NA	2	0	0	Not-determined	Genome-fragment	NA	NA	0.0	1.0	no viral genes detected
k127_435423	310	No	NA	1	1	0	Low-quality	Genome-fragment	0.82	AAI-based (high-confidence)	0.0	1.0	
k127_250608	413	No	NA	1	1	0	Low-quality	Genome-fragment	0.74	AAI-based (medium-confidence)	0.0	1.0	
k127_19746	343	No	NA	1	0	0	Not-determined	Genome-fragment	NA	NA	0.0	1.0	no viral genes detected
k127_112264	335	No	NA	1	0	0	Not-determined	Genome-fragment	NA	NA	0.0	1.0	no viral genes detected
k127_389768	309	No	NA	1	0	0	Not-determined	Genome-fragment	NA	NA	0.0	1.0	no viral genes detected
k127_205263	942	No	NA	2	0	0	Low-quality	Genome-fragment	1.67	AAI-based (high-confidence)	0.0	1.0	no viral genes detected
k127_205353	301	No	NA	1	1	0	Low-quality	Genome-fragment	0.75	AAI-based (medium-confidence)	0.0	1.0	
k127_251392	349	No	NA	1	0	0	Not-determined	Genome-fragment	NA	NA	0.0	1.0	no viral genes detected
k127_436427	475	No	NA	1	1	0	Low-quality	Genome-fragment	0.68	HMM-based (lower-bound)	0.0	1.0	
k127_113003	861	No	NA	3	0	0	Not-determined	Genome-fragment	NA	NA	0.0	1.0	no viral genes detected
k127_159281	548	No	NA	1	0	0	Not-determined	Genome-fragment	NA	NA	0.0	1.0	no viral genes detected
k127_205772	311	No	NA	1	0	0	Not-determined	Genome-fragment	NA	NA	0.0	1.0	no viral genes detected
k127_251726	325	No	NA	1	1	0	Low-quality	Genome-fragment	0.29	HMM-based (lower-bound)	0.0	1.0	
k127_20841	406	No	NA	1	1	0	Low-quality	Genome-fragment	0.33	HMM-based (lower-bound)	0.0	1.0	
k127_67347	1570	No	NA	3	0	0	Low-quality	Genome-fragment	3.46	AAI-based (medium-confidence)	0.0	1.0	no viral genes detected
k127_206019	540	No	NA	2	0	0	Low-quality	Genome-fragment	0.94	AAI-based (medium-confidence)	0.0	1.0	no viral genes detected
k127_67464	304	No	NA	1	0	0	Low-quality	Genome-fragment	0.75	AAI-based (high-confidence)	0.0	1.0	no viral genes detected
k127_21082	446	No	NA	2	1	0	Low-quality	Genome-fragment	0.41	HMM-based (lower-bound)	0.0	1.0	
k127_206331	370	No	NA	1	0	0	Not-determined	Genome-fragment	NA	NA	0.0	1.0	no viral genes detected
k127_206435	309	No	NA	1	1	0	Low-quality	Genome-fragment	0.44	HMM-based (lower-bound)	0.0	1.0	
k127_345305	378	No	NA	1	1	0	Low-quality	Genome-fragment	0.26	HMM-based (lower-bound)	0.0	1.0	
k127_206931	1186	No	NA	1	0	0	Low-quality	Genome-fragment	2.28	AAI-based (medium-confidence)	0.0	1.0	no viral genes detected
k127_114357	1168	No	NA	1	0	0	Not-determined	Genome-fragment	NA	NA	0.0	1.0	no viral genes detected
k127_391710	368	No	NA	1	0	0	Low-quality	Genome-fragment	0.82	AAI-based (medium-confidence)	0.0	1.0	no viral genes detected
k127_299332	923	No	NA	2	0	0	Low-quality	Genome-fragment	1.75	AAI-based (medium-confidence)	0.0	1.0	no viral genes detected
k127_160669	337	No	NA	1	0	0	Not-determined	Genome-fragment	NA	NA	0.0	1.0	no viral genes detected
k127_391938	357	No	NA	1	1	0	Low-quality	Genome-fragment	0.51	HMM-based (lower-bound)	0.0	1.0	
k127_438142	345	No	NA	2	0	0	Not-determined	Genome-fragment	NA	NA	0.0	1.0	no viral genes detected
k127_22312	387	No	NA	1	1	0	Low-quality	Genome-fragment	0.32	HMM-based (lower-bound)	0.0	1.0	
k127_438217	490	No	NA	1	1	0	Low-quality	Genome-fragment	0.3	HMM-based (lower-bound)	0.0	1.0	
k127_114751	372	No	NA	1	0	0	Low-quality	Genome-fragment	0.22	AAI-based (high-confidence)	0.0	1.0	no viral genes detected
k127_160961	428	No	NA	1	0	0	Low-quality	Genome-fragment	0.9	AAI-based (medium-confidence)	0.0	1.0	no viral genes detected
k127_392139	670	No	NA	1	1	0	Low-quality	Genome-fragment	0.99	HMM-based (lower-bound)	0.0	1.0	
k127_438354	526	No	NA	1	1	0	Low-quality	Genome-fragment	0.83	HMM-based (lower-bound)	0.0	1.0	
k127_207618	380	No	NA	1	1	0	Low-quality	Genome-fragment	0.26	HMM-based (lower-bound)	0.0	1.0	
k127_115044	472	No	NA	1	1	0	Low-quality	Genome-fragment	0.3	HMM-based (lower-bound)	0.0	1.0	
k127_161287	671	No	NA	1	0	0	Not-determined	Genome-fragment	NA	NA	0.0	1.0	no viral genes detected
k127_161308	313	No	NA	2	0	0	Not-determined	Genome-fragment	NA	NA	0.0	1.0	no viral genes detected
k127_438662	344	No	NA	1	0	0	Not-determined	Genome-fragment	NA	NA	0.0	1.0	no viral genes detected
k127_300313	668	No	NA	1	1	0	Low-quality	Genome-fragment	0.95	HMM-based (lower-bound)	0.0	1.0	
k127_23082	682	No	NA	2	1	0	Low-quality	Genome-fragment	0.56	HMM-based (lower-bound)	0.0	1.0	
k127_208440	372	No	NA	1	0	0	Low-quality	Genome-fragment	0.7	AAI-based (medium-confidence)	0.0	1.0	no viral genes detected
k127_162053	1837	No	NA	4	1	0	Low-quality	Genome-fragment	0.66	HMM-based (lower-bound)	0.0	1.0	
k127_254542	376	No	NA	1	1	0	Low-quality	Genome-fragment	0.49	HMM-based (lower-bound)	0.0	1.0	
k127_347062	377	No	NA	1	0	0	Not-determined	Genome-fragment	NA	NA	0.0	1.0	no viral genes detected
k127_254603	362	No	NA	1	0	0	Not-determined	Genome-fragment	NA	NA	0.0	1.0	no viral genes detected
k127_162457	483	No	NA	2	0	0	Low-quality	Genome-fragment	0.78	AAI-based (medium-confidence)	0.0	1.0	no viral genes detected
k127_70186	412	No	NA	1	0	0	Not-determined	Genome-fragment	NA	NA	0.0	1.0	no viral genes detected
k127_301497	360	No	NA	1	0	0	Not-determined	Genome-fragment	NA	NA	0.0	1.0	no viral genes detected
k127_347687	455	No	NA	2	0	0	Not-determined	Genome-fragment	NA	NA	0.0	1.0	no viral genes detected
k127_255206	334	No	NA	1	1	0	Low-quality	Genome-fragment	0.27	HMM-based (lower-bound)	0.0	1.0	
k127_162958	754	No	NA	1	1	0	Low-quality	Genome-fragment	0.31	HMM-based (lower-bound)	0.0	1.0	
k127_116860	363	No	NA	1	1	0	Low-quality	Genome-fragment	0.41	AAI-based (medium-confidence)	0.0	1.0	
k127_117002	428	No	NA	1	0	0	Not-determined	Genome-fragment	NA	NA	0.0	1.0	no viral genes detected
k127_117046	346	No	NA	1	1	0	Low-quality	Genome-fragment	0.44	HMM-based (lower-bound)	0.0	1.0	
k127_71072	339	No	NA	1	1	0	Low-quality	Genome-fragment	0.25	HMM-based (lower-bound)	0.0	1.0	
k127_302008	225	No	NA	1	0	0	Low-quality	Genome-fragment	0.6	AAI-based (high-confidence)	0.0	1.0	no viral genes detected
k127_394565	7198	No	NA	8	1	0	Low-quality	Genome-fragment	5.34	HMM-based (lower-bound)	0.0	1.0	
k127_71254	401	No	NA	1	1	0	Low-quality	Genome-fragment	0.59	HMM-based (lower-bound)	0.0	1.0	
k127_302209	586	No	NA	1	1	0	Low-quality	Genome-fragment	0.83	HMM-based (lower-bound)	0.0	1.0	
k127_209998	1643	No	NA	2	0	0	Not-determined	Genome-fragment	NA	NA	0.0	1.0	no viral genes detected
k127_163619	586	No	NA	2	0	0	Low-quality	Genome-fragment	1.06	AAI-based (medium-confidence)	0.0	1.0	no viral genes detected
k127_163624	478	No	NA	1	0	0	Low-quality	Genome-fragment	0.87	AAI-based (medium-confidence)	0.0	1.0	no viral genes detected
k127_302534	435	No	NA	1	1	0	Low-quality	Genome-fragment	0.36	HMM-based (lower-bound)	0.0	1.0	
k127_441177	393	No	NA	1	0	0	Low-quality	Genome-fragment	0.9	AAI-based (medium-confidence)	0.0	1.0	no viral genes detected
k127_25383	376	No	NA	1	0	0	Low-quality	Genome-fragment	0.91	AAI-based (high-confidence)	0.0	1.0	no viral genes detected
k127_302699	331	No	NA	1	0	0	Low-quality	Genome-fragment	0.59	AAI-based (medium-confidence)	0.0	1.0	no viral genes detected
k127_210458	996	No	NA	3	1	0	Low-quality	Genome-fragment	1.15	HMM-based (lower-bound)	0.0	1.0	
k127_25631	1453	No	NA	1	0	1	Not-determined	Genome-fragment	NA	NA	0.0	1.0	no viral genes detected
k127_26208	439	No	NA	1	0	0	Not-determined	Genome-fragment	NA	NA	0.0	1.0	no viral genes detected
k127_349937	418	No	NA	1	1	0	Low-quality	Genome-fragment	0.63	HMM-based (lower-bound)	0.0	1.0	
k127_211550	304	No	NA	1	1	0	Low-quality	Genome-fragment	0.6	AAI-based (high-confidence)	0.0	1.0	
k127_26576	925	No	NA	1	0	1	Not-determined	Genome-fragment	NA	NA	0.0	1.0	no viral genes detected
k127_211697	494	No	NA	2	1	0	Low-quality	Genome-fragment	0.69	AAI-based (medium-confidence)	0.0	1.0	
k127_396489	347	No	NA	1	0	0	Not-determined	Genome-fragment	NA	NA	0.0	1.0	no viral genes detected
k127_442634	344	No	NA	1	0	0	Not-determined	Genome-fragment	NA	NA	0.0	1.0	no viral genes detected
k127_211866	612	No	NA	2	0	0	Low-quality	Genome-fragment	1.27	AAI-based (medium-confidence)	0.0	1.0	no viral genes detected
k127_73274	501	No	NA	1	0	0	Not-determined	Genome-fragment	NA	NA	0.0	1.0	no viral genes detected
k127_257974	5132	No	NA	8	0	0	Low-quality	Genome-fragment	7.25	AAI-based (medium-confidence)	0.0	1.0	no viral genes detected
k127_257993	776	No	NA	1	0	0	Not-determined	Genome-fragment	NA	NA	0.0	1.0	no viral genes detected
k127_27104	953	No	NA	3	1	0	Low-quality	Genome-fragment	1.94	AAI-based (medium-confidence)	0.0	1.0	
k127_27458	308	No	NA	1	0	0	Not-determined	Genome-fragment	NA	NA	0.0	1.0	no viral genes detected
k127_443473	671	No	NA	1	0	0	Not-determined	Genome-fragment	NA	NA	0.0	1.0	no viral genes detected
k127_120331	469	No	NA	1	1	0	Low-quality	Genome-fragment	0.72	HMM-based (lower-bound)	0.0	1.0	
k127_351349	557	No	NA	1	0	0	Not-determined	Genome-fragment	NA	NA	0.0	1.0	no viral genes detected
k127_443996	307	No	NA	1	1	0	Low-quality	Genome-fragment	0.4	HMM-based (lower-bound)	0.0	1.0	
k127_213197	316	No	NA	1	0	0	Not-determined	Genome-fragment	NA	NA	0.0	1.0	no viral genes detected
k127_444081	343	No	NA	1	0	0	Not-determined	Genome-fragment	NA	NA	0.0	1.0	no viral genes detected
k127_398007	405	No	NA	1	1	0	Low-quality	Genome-fragment	0.33	HMM-based (lower-bound)	0.0	1.0	
k127_213428	763	No	NA	1	0	0	Not-determined	Genome-fragment	NA	NA	0.0	1.0	no viral genes detected
k127_213539	371	No	NA	1	0	0	Not-determined	Genome-fragment	NA	NA	0.0	1.0	no viral genes detected
k127_305815	943	No	NA	2	0	0	Not-determined	Genome-fragment	NA	NA	0.0	1.0	no viral genes detected
k127_398283	610	No	NA	2	0	1	Not-determined	Genome-fragment	NA	NA	0.0	1.0	no viral genes detected
k127_305872	684	No	NA	1	0	1	Not-determined	Genome-fragment	NA	NA	0.0	1.04	no viral genes detected
k127_167234	684	No	NA	1	0	1	Not-determined	Genome-fragment	NA	NA	0.0	1.0	no viral genes detected
k127_167320	497	No	NA	1	0	0	Low-quality	Genome-fragment	1.01	AAI-based (medium-confidence)	0.0	1.0	no viral genes detected
k127_167324	402	No	NA	1	0	0	Not-determined	Genome-fragment	NA	NA	0.0	1.0	no viral genes detected
k127_398559	407	No	NA	1	1	0	Low-quality	Genome-fragment	0.76	AAI-based (medium-confidence)	0.0	1.0	
k127_121387	303	No	NA	2	0	0	Not-determined	Genome-fragment	NA	NA	0.0	1.0	no viral genes detected
k127_28891	566	No	NA	1	0	0	Not-determined	Genome-fragment	NA	NA	0.0	1.0	no viral genes detected
k127_28961	488	No	NA	1	0	1	Not-determined	Genome-fragment	NA	NA	0.0	1.0	no viral genes detected
k127_214026	345	No	NA	1	0	0	Low-quality	Genome-fragment	0.75	AAI-based (high-confidence)	0.0	1.0	no viral genes detected
k127_260089	374	No	NA	1	1	0	Low-quality	Genome-fragment	1.05	AAI-based (medium-confidence)	0.0	1.0	
k127_121656	353	No	NA	1	1	0	Low-quality	Genome-fragment	0.46	HMM-based (lower-bound)	0.0	1.0	
k127_214226	370	No	NA	1	0	0	Not-determined	Genome-fragment	NA	NA	0.0	1.0	no viral genes detected
k127_306551	1280	No	NA	1	1	0	Low-quality	Genome-fragment	2.14	AAI-based (medium-confidence)	0.0	1.0	
k127_76023	855	No	NA	1	0	1	Not-determined	Genome-fragment	NA	NA	0.0	1.0	no viral genes detected
k127_122178	669	No	NA	1	1	0	Low-quality	Genome-fragment	1.01	AAI-based (medium-confidence)	0.0	1.0	
k127_214736	427	No	NA	2	1	0	Low-quality	Genome-fragment	0.38	HMM-based (lower-bound)	0.0	1.0	
k127_445589	1440	No	NA	2	0	0	Not-determined	Genome-fragment	NA	NA	0.0	1.0	no viral genes detected
k127_214801	957	No	NA	1	0	1	Not-determined	Genome-fragment	NA	NA	0.0	1.0	no viral genes detected
k127_445738	551	No	NA	1	0	0	Low-quality	Genome-fragment	1.12	AAI-based (medium-confidence)	0.0	1.0	no viral genes detected
k127_30103	339	No	NA	1	0	0	Low-quality	Genome-fragment	0.79	AAI-based (medium-confidence)	0.0	1.0	no viral genes detected
k127_261193	338	No	NA	1	0	0	Low-quality	Genome-fragment	0.78	AAI-based (high-confidence)	0.0	1.0	no viral genes detected
k127_446073	306	No	NA	1	0	0	Low-quality	Genome-fragment	0.25	AAI-based (medium-confidence)	0.0	1.0	no viral genes detected
k127_122770	315	No	NA	1	0	0	Low-quality	Genome-fragment	0.16	AAI-based (medium-confidence)	0.0	1.0	no viral genes detected
k127_122802	18551	No	NA	32	6	0	Low-quality	Genome-fragment	22.76	HMM-based (lower-bound)	0.0	1.0	
k127_353810	360	No	NA	1	0	0	Not-determined	Genome-fragment	NA	NA	0.0	1.0	no viral genes detected
k127_169156	1515	No	NA	2	0	0	Not-determined	Genome-fragment	NA	NA	0.0	1.0	no viral genes detected
k127_261674	418	No	NA	1	0	0	Not-determined	Genome-fragment	NA	NA	0.0	1.0	no viral genes detected
k127_308136	1016	No	NA	2	1	0	Low-quality	Genome-fragment	1.71	AAI-based (medium-confidence)	0.0	1.0	
k127_308138	477	No	NA	1	0	0	Not-determined	Genome-fragment	NA	NA	0.0	1.0	no viral genes detected
k127_123343	343	No	NA	1	0	0	Not-determined	Genome-fragment	NA	NA	0.0	1.0	no viral genes detected
k127_31093	350	No	NA	1	1	0	Low-quality	Genome-fragment	0.53	HMM-based (lower-bound)	0.0	1.0	
k127_354633	702	No	NA	1	0	1	Low-quality	Genome-fragment	0.44	AAI-based (medium-confidence)	0.0	1.0	no viral genes detected
k127_354668	345	No	NA	1	0	0	Low-quality	Genome-fragment	0.67	AAI-based (medium-confidence)	0.0	1.0	no viral genes detected
k127_447055	423	No	NA	1	1	0	Low-quality	Genome-fragment	0.98	AAI-based (medium-confidence)	0.0	1.0	
k127_354797	908	No	NA	1	1	0	Low-quality	Genome-fragment	0.54	HMM-based (lower-bound)	0.0	1.0	
k127_308732	364	No	NA	2	1	0	Low-quality	Genome-fragment	0.33	HMM-based (lower-bound)	0.0	1.0	
k127_123893	352	No	NA	2	1	0	Low-quality	Genome-fragment	0.5	HMM-based (lower-bound)	0.0	1.0	
k127_354933	346	No	NA	1	0	0	Low-quality	Genome-fragment	0.76	AAI-based (medium-confidence)	0.0	1.0	no viral genes detected
k127_354955	350	No	NA	1	1	0	Low-quality	Genome-fragment	0.31	HMM-based (lower-bound)	0.0	1.0	
k127_262490	467	No	NA	1	1	0	Low-quality	Genome-fragment	0.19	HMM-based (lower-bound)	0.0	1.0	
k127_123972	309	No	NA	1	0	0	Low-quality	Genome-fragment	0.77	AAI-based (high-confidence)	0.0	1.0	no viral genes detected
k127_447484	355	No	NA	2	0	0	Not-determined	Genome-fragment	NA	NA	0.0	1.0	no viral genes detected
k127_309014	368	No	NA	2	0	0	Not-determined	Genome-fragment	NA	NA	0.0	1.0	no viral genes detected
k127_216786	350	No	NA	1	0	0	Not-determined	Genome-fragment	NA	NA	0.0	1.0	no viral genes detected
k127_170487	391	No	NA	1	0	0	Low-quality	Genome-fragment	0.94	AAI-based (medium-confidence)	0.0	1.0	no viral genes detected
k127_309187	553	No	NA	1	1	0	Low-quality	Genome-fragment	1.08	AAI-based (medium-confidence)	0.0	1.0	
k127_355423	339	No	NA	1	0	0	Low-quality	Genome-fragment	0.82	AAI-based (medium-confidence)	0.0	1.0	no viral genes detected
k127_32145	1466	No	NA	2	0	0	Not-determined	Genome-fragment	NA	NA	0.0	1.0	no viral genes detected
k127_170802	321	No	NA	1	1	0	Low-quality	Genome-fragment	0.47	HMM-based (lower-bound)	0.0	1.0	
k127_78612	596	No	NA	1	0	0	Low-quality	Genome-fragment	1.22	AAI-based (medium-confidence)	0.0	1.0	no viral genes detected
k127_263244	440	No	NA	1	0	0	Not-determined	Genome-fragment	NA	NA	0.0	1.0	no viral genes detected
k127_217547	384	No	NA	1	0	0	Low-quality	Genome-fragment	0.92	AAI-based (medium-confidence)	0.0	1.0	no viral genes detected
k127_217587	317	No	NA	1	0	0	Not-determined	Genome-fragment	NA	NA	0.0	1.0	no viral genes detected
k127_356117	2915	No	NA	4	1	0	Low-quality	Genome-fragment	4.26	HMM-based (lower-bound)	0.0	1.0	
k127_263699	1012	No	NA	2	0	0	Not-determined	Genome-fragment	NA	NA	0.0	1.0	no viral genes detected
k127_171462	399	No	NA	1	0	0	Low-quality	Genome-fragment	0.85	AAI-based (medium-confidence)	0.0	1.0	no viral genes detected
k127_402553	558	No	NA	1	0	0	Not-determined	Genome-fragment	NA	NA	0.0	1.0	no viral genes detected
k127_79283	423	No	NA	1	0	0	Not-determined	Genome-fragment	NA	NA	0.0	1.0	no viral genes detected
k127_79375	354	No	NA	1	1	0	Low-quality	Genome-fragment	0.53	HMM-based (lower-bound)	0.0	1.0	
k127_79614	435	No	NA	1	0	0	Not-determined	Genome-fragment	NA	NA	0.0	1.0	no viral genes detected
k127_356964	395	No	NA	1	1	0	Low-quality	Genome-fragment	0.36	AAI-based (medium-confidence)	0.0	1.0	
k127_357038	484	No	NA	1	1	0	Low-quality	Genome-fragment	0.76	HMM-based (lower-bound)	0.0	1.0	
k127_80055	417	No	NA	1	0	0	Not-determined	Genome-fragment	NA	NA	0.0	1.0	no viral genes detected
k127_80070	912	No	NA	2	1	0	Low-quality	Genome-fragment	1.38	AAI-based (medium-confidence)	0.0	1.0	
k127_357446	354	No	NA	1	1	0	Low-quality	Genome-fragment	1.09	AAI-based (medium-confidence)	0.0	1.0	
k127_449820	1289	No	NA	3	1	0	Low-quality	Genome-fragment	1.84	HMM-based (lower-bound)	0.0	1.0	
k127_449970	395	No	NA	1	1	0	Low-quality	Genome-fragment	0.93	AAI-based (medium-confidence)	0.0	1.0	
k127_126781	404	No	NA	1	0	0	Not-determined	Genome-fragment	NA	NA	0.0	1.0	no viral genes detected
k127_404113	520	No	NA	1	0	0	Not-determined	Genome-fragment	NA	NA	0.0	1.0	no viral genes detected
k127_357937	400	No	NA	1	1	0	Low-quality	Genome-fragment	0.16	HMM-based (lower-bound)	0.0	1.0	
k127_34509	336	No	NA	1	0	0	Low-quality	Genome-fragment	0.87	AAI-based (high-confidence)	0.0	1.0	no viral genes detected
k127_219491	356	No	NA	1	0	0	Not-determined	Genome-fragment	NA	NA	0.0	1.0	no viral genes detected
k127_450498	459	No	NA	1	0	0	Not-determined	Genome-fragment	NA	NA	0.0	1.0	no viral genes detected
k127_173558	316	No	NA	1	0	0	Low-quality	Genome-fragment	0.89	AAI-based (medium-confidence)	0.0	1.0	no viral genes detected
k127_219892	515	No	NA	1	0	0	Not-determined	Genome-fragment	NA	NA	0.0	1.0	no viral genes detected
k127_127334	309	No	NA	1	1	0	Low-quality	Genome-fragment	0.41	HMM-based (lower-bound)	0.0	1.0	
k127_358567	413	No	NA	1	1	0	Low-quality	Genome-fragment	0.59	HMM-based (lower-bound)	0.0	1.0	
k127_404823	895	No	NA	1	0	0	Low-quality	Genome-fragment	1.79	AAI-based (high-confidence)	0.0	1.0	no viral genes detected
k127_404950	742	No	NA	1	0	1	Not-determined	Genome-fragment	NA	NA	0.0	1.16	no viral genes detected
k127_404965	281	No	NA	1	0	0	Low-quality	Genome-fragment	0.75	AAI-based (high-confidence)	0.0	1.0	no viral genes detected
k127_127922	573	No	NA	1	1	0	Low-quality	Genome-fragment	0.39	HMM-based (lower-bound)	0.0	1.0	
k127_35609	502	No	NA	1	1	0	Low-quality	Genome-fragment	0.84	AAI-based (high-confidence)	0.0	1.0	
k127_220625	324	No	NA	1	1	0	Low-quality	Genome-fragment	1.03	AAI-based (medium-confidence)	0.0	1.0	
k127_174430	308	No	NA	1	0	0	Not-determined	Genome-fragment	NA	NA	0.0	1.0	no viral genes detected
k127_128229	416	No	NA	1	1	0	Low-quality	Genome-fragment	0.46	HMM-based (lower-bound)	0.0	1.0	
k127_359432	871	No	NA	1	0	1	Not-determined	Genome-fragment	NA	NA	0.0	1.0	no viral genes detected
k127_221570	314	No	NA	1	0	1	Low-quality	Genome-fragment	0.58	AAI-based (medium-confidence)	0.0	1.0	no viral genes detected
k127_82972	571	No	NA	1	1	0	Low-quality	Genome-fragment	0.96	AAI-based (high-confidence)	0.0	1.0	
k127_82991	725	No	NA	1	1	0	Low-quality	Genome-fragment	0.98	AAI-based (medium-confidence)	0.0	1.0	
k127_83226	326	No	NA	1	0	0	Not-determined	Genome-fragment	NA	NA	0.0	1.0	no viral genes detected
k127_129470	355	No	NA	1	0	0	Not-determined	Genome-fragment	NA	NA	0.0	1.0	no viral genes detected
k127_268129	430	No	NA	1	1	0	Low-quality	Genome-fragment	0.46	HMM-based (lower-bound)	0.0	1.0	
k127_83581	452	No	NA	1	1	0	Low-quality	Genome-fragment	0.87	HMM-based (lower-bound)	0.0	1.0	
k127_83773	447	No	NA	1	0	0	Low-quality	Genome-fragment	0.94	AAI-based (medium-confidence)	0.0	1.0	no viral genes detected
k127_129940	515	No	NA	1	0	0	Low-quality	Genome-fragment	0.34	AAI-based (medium-confidence)	0.0	1.0	no viral genes detected
k127_83901	326	No	NA	1	1	0	Low-quality	Genome-fragment	0.22	HMM-based (lower-bound)	0.0	1.0	
k127_361066	657	No	NA	1	1	0	Low-quality	Genome-fragment	1.22	AAI-based (medium-confidence)	0.0	1.0	
k127_176492	360	No	NA	1	0	0	Not-determined	Genome-fragment	NA	NA	0.0	1.0	no viral genes detected
k127_361394	420	No	NA	2	0	0	Low-quality	Genome-fragment	1.02	AAI-based (medium-confidence)	0.0	1.0	no viral genes detected
k127_222949	777	No	NA	2	0	1	Not-determined	Genome-fragment	NA	NA	0.0	1.0	no viral genes detected
k127_315290	328	No	NA	1	0	0	Not-determined	Genome-fragment	NA	NA	0.0	1.0	no viral genes detected
k127_223102	321	No	NA	1	0	0	Not-determined	Genome-fragment	NA	NA	0.0	1.0	no viral genes detected
k127_84449	501	No	NA	1	1	0	Low-quality	Genome-fragment	0.41	HMM-based (lower-bound)	0.0	1.0	
k127_84640	453	No	NA	2	1	0	Low-quality	Genome-fragment	0.73	AAI-based (medium-confidence)	0.0	1.0	
k127_84824	539	No	NA	1	0	0	Not-determined	Genome-fragment	NA	NA	0.0	1.0	no viral genes detected
k127_38523	761	No	NA	2	0	0	Not-determined	Genome-fragment	NA	NA	0.0	1.0	no viral genes detected
k127_408339	462	No	NA	2	0	0	Low-quality	Genome-fragment	0.87	AAI-based (medium-confidence)	0.0	1.0	no viral genes detected
k127_454450	450	No	NA	2	1	0	Low-quality	Genome-fragment	0.4	HMM-based (lower-bound)	0.0	1.0	
k127_85138	425	No	NA	1	0	1	Not-determined	Genome-fragment	NA	NA	0.0	1.0	no viral genes detected
k127_131218	799	No	NA	3	2	0	Low-quality	Genome-fragment	2.31	AAI-based (medium-confidence)	0.0	1.0	
k127_38873	513	No	NA	1	1	0	Low-quality	Genome-fragment	0.76	HMM-based (lower-bound)	0.0	1.0	
k127_269935	973	No	NA	1	1	0	Low-quality	Genome-fragment	1.39	HMM-based (lower-bound)	0.0	1.0	
k127_408841	363	No	NA	1	0	0	Not-determined	Genome-fragment	NA	NA	0.0	1.0	no viral genes detected
k127_270054	318	No	NA	1	0	0	Low-quality	Genome-fragment	0.78	AAI-based (medium-confidence)	0.0	1.0	no viral genes detected
k127_454945	394	No	NA	1	0	0	Low-quality	Genome-fragment	0.9	AAI-based (medium-confidence)	0.0	1.0	no viral genes detected
k127_177928	568	No	NA	2	0	1	Not-determined	Genome-fragment	NA	NA	0.0	1.0	no viral genes detected
k127_85499	383	No	NA	1	1	0	Low-quality	Genome-fragment	0.56	HMM-based (lower-bound)	0.0	1.0	
k127_131642	328	No	NA	1	0	0	Not-determined	Genome-fragment	NA	NA	0.0	1.0	no viral genes detected
k127_131646	457	No	NA	1	0	0	Not-determined	Genome-fragment	NA	NA	0.0	1.0	no viral genes detected
k127_131711	727	No	NA	1	1	0	Low-quality	Genome-fragment	0.54	HMM-based (lower-bound)	0.0	1.0	
k127_409248	561	No	NA	1	0	0	Not-determined	Genome-fragment	NA	NA	0.0	1.0	no viral genes detected
k127_363032	479	No	NA	2	0	0	Not-determined	Genome-fragment	NA	NA	0.0	1.0	no viral genes detected
k127_363162	342	No	NA	1	1	0	Low-quality	Genome-fragment	0.24	HMM-based (lower-bound)	0.0	1.0	
k127_363620	496	No	NA	1	0	0	Not-determined	Genome-fragment	NA	NA	0.0	1.0	no viral genes detected
k127_455954	336	No	NA	1	1	0	Low-quality	Genome-fragment	0.14	HMM-based (lower-bound)	0.0	1.0	
k127_179045	319	No	NA	1	0	0	Low-quality	Genome-fragment	0.14	AAI-based (high-confidence)	0.0	1.0	no viral genes detected
k127_86642	744	No	NA	1	1	0	Low-quality	Genome-fragment	1.06	HMM-based (lower-bound)	0.0	1.0	
k127_132712	328	No	NA	1	0	0	Low-quality	Genome-fragment	0.81	AAI-based (high-confidence)	0.0	1.0	no viral genes detected
k127_86930	349	No	NA	1	0	0	Not-determined	Genome-fragment	NA	NA	0.0	1.0	no viral genes detected
k127_364167	371	No	NA	2	1	0	Low-quality	Genome-fragment	0.71	HMM-based (lower-bound)	0.0	1.0	
k127_87021	361	No	NA	1	1	0	Low-quality	Genome-fragment	0.74	AAI-based (high-confidence)	0.0	1.0	
k127_226025	305	No	NA	1	0	0	Not-determined	Genome-fragment	NA	NA	0.0	1.0	no viral genes detected
k127_87587	573	No	NA	1	0	0	Not-determined	Genome-fragment	NA	NA	0.0	1.0	no viral genes detected
k127_41370	307	No	NA	1	0	0	Low-quality	Genome-fragment	0.66	AAI-based (high-confidence)	0.0	1.0	no viral genes detected
k127_457255	345	No	NA	1	1	0	Low-quality	Genome-fragment	0.49	HMM-based (lower-bound)	0.0	1.0	
k127_272470	456	No	NA	1	0	0	Not-determined	Genome-fragment	NA	NA	0.0	1.0	no viral genes detected
k127_133900	391	No	NA	2	0	0	Not-determined	Genome-fragment	NA	NA	0.0	1.0	no viral genes detected
k127_180405	751	No	NA	2	1	0	Low-quality	Genome-fragment	0.45	HMM-based (lower-bound)	0.0	1.0	
k127_272702	328	No	NA	1	1	0	Low-quality	Genome-fragment	0.5	HMM-based (lower-bound)	0.0	1.0	
k127_272710	451	No	NA	2	1	0	Low-quality	Genome-fragment	0.5	HMM-based (lower-bound)	0.0	1.0	
k127_365367	1046	No	NA	2	1	0	Low-quality	Genome-fragment	0.76	HMM-based (lower-bound)	0.0	1.0	
k127_457776	625	No	NA	1	1	0	Low-quality	Genome-fragment	1.06	HMM-based (lower-bound)	0.0	1.0	
k127_134534	944	No	NA	2	1	0	Low-quality	Genome-fragment	1.52	HMM-based (lower-bound)	0.0	1.0	
k127_134536	1717	No	NA	1	0	0	Not-determined	Genome-fragment	NA	NA	0.0	1.0	no viral genes detected
k127_227237	382	No	NA	1	0	0	Low-quality	Genome-fragment	1.01	AAI-based (medium-confidence)	0.0	1.0	no viral genes detected
k127_42365	448	No	NA	2	1	0	Low-quality	Genome-fragment	0.69	AAI-based (high-confidence)	0.0	1.0	
k127_88803	998	No	NA	1	0	1	Not-determined	Genome-fragment	NA	NA	0.0	1.0	no viral genes detected
k127_412170	8620	No	NA	14	0	0	Not-determined	Genome-fragment	NA	NA	0.0	1.0	no viral genes detected
k127_42624	322	No	NA	1	1	0	Low-quality	Genome-fragment	0.49	HMM-based (lower-bound)	0.0	1.0	
k127_458629	553	No	NA	2	1	0	Low-quality	Genome-fragment	0.75	HMM-based (lower-bound)	0.0	1.0	
k127_366375	450	No	NA	1	0	0	Low-quality	Genome-fragment	0.93	AAI-based (medium-confidence)	0.0	1.0	no viral genes detected
k127_89658	682	No	NA	1	1	0	Low-quality	Genome-fragment	1.28	AAI-based (medium-confidence)	0.0	1.0	
k127_89911	364	No	NA	1	1	0	Low-quality	Genome-fragment	0.25	HMM-based (lower-bound)	0.0	1.0	
k127_459319	359	No	NA	1	1	0	Low-quality	Genome-fragment	0.4	HMM-based (lower-bound)	0.0	1.0	
k127_182365	351	No	NA	2	0	0	Low-quality	Genome-fragment	0.66	AAI-based (high-confidence)	0.0	1.0	no viral genes detected
k127_413358	514	No	NA	1	1	0	Low-quality	Genome-fragment	0.42	HMM-based (lower-bound)	0.0	1.0	
k127_321062	338	No	NA	1	1	0	Low-quality	Genome-fragment	0.53	AAI-based (medium-confidence)	0.0	1.0	
k127_136141	391	No	NA	2	1	0	Low-quality	Genome-fragment	0.56	HMM-based (lower-bound)	0.0	1.0	
k127_274816	358	No	NA	1	0	0	Not-determined	Genome-fragment	NA	NA	0.0	1.0	no viral genes detected
k127_274822	458	No	NA	1	0	0	Low-quality	Genome-fragment	1.06	AAI-based (medium-confidence)	0.0	1.0	no viral genes detected
k127_321212	2916	No	NA	4	2	0	Low-quality	Genome-fragment	4.82	AAI-based (high-confidence)	0.0	1.0	
k127_413616	395	No	NA	1	0	0	Not-determined	Genome-fragment	NA	NA	0.0	1.0	no viral genes detected
k127_229129	508	No	NA	1	1	0	Low-quality	Genome-fragment	0.82	AAI-based (medium-confidence)	0.0	1.0	
k127_413971	834	No	NA	1	0	0	Not-determined	Genome-fragment	NA	NA	0.0	1.0	no viral genes detected
k127_275351	1271	No	NA	2	0	2	Not-determined	Genome-fragment	NA	NA	0.0	1.0	no viral genes detected
k127_44462	689	No	NA	1	0	0	Not-determined	Genome-fragment	NA	NA	0.0	1.0	no viral genes detected
k127_44605	437	No	NA	1	0	0	Low-quality	Genome-fragment	1.02	AAI-based (medium-confidence)	0.0	1.0	no viral genes detected
k127_321986	452	No	NA	1	0	0	Not-determined	Genome-fragment	NA	NA	0.0	1.0	no viral genes detected
k127_91021	1228	No	NA	1	0	1	Not-determined	Genome-fragment	NA	NA	0.0	1.0	no viral genes detected
k127_91064	329	No	NA	1	1	0	Low-quality	Genome-fragment	0.95	AAI-based (high-confidence)	0.0	1.0	
k127_137215	1623	No	NA	3	1	0	Low-quality	Genome-fragment	2.1	AAI-based (high-confidence)	0.0	1.0	
k127_414587	359	No	NA	1	0	0	Not-determined	Genome-fragment	NA	NA	0.0	1.0	no viral genes detected
k127_91263	799	No	NA	2	1	0	Low-quality	Genome-fragment	0.32	HMM-based (lower-bound)	0.0	1.0	
k127_137309	321	No	NA	1	0	0	Not-determined	Genome-fragment	NA	NA	0.0	1.0	no viral genes detected
k127_230222	376	No	NA	1	0	0	Not-determined	Genome-fragment	NA	NA	0.0	1.0	no viral genes detected
k127_414954	2590	No	NA	5	2	0	Low-quality	Genome-fragment	5.37	AAI-based (medium-confidence)	0.0	1.0	
k127_137722	362	No	NA	1	0	0	Not-determined	Genome-fragment	NA	NA	0.0	1.0	no viral genes detected
k127_322969	333	No	NA	2	0	0	Not-determined	Genome-fragment	NA	NA	0.0	1.0	no viral genes detected
k127_415409	330	No	NA	1	0	0	Low-quality	Genome-fragment	0.81	AAI-based (high-confidence)	0.0	1.0	no viral genes detected
k127_45801	682	No	NA	1	0	0	Not-determined	Genome-fragment	NA	NA	0.0	1.0	no viral genes detected
k127_138135	312	No	NA	1	1	0	Low-quality	Genome-fragment	0.49	HMM-based (lower-bound)	0.0	1.0	
k127_184765	470	No	NA	1	0	0	Not-determined	Genome-fragment	NA	NA	0.0	1.0	no viral genes detected
