contig_id	contig_length	provirus	proviral_length	gene_count	viral_genes	host_genes	checkv_quality	miuvig_quality	completeness	completeness_method	contamination	kmer_freq	warnings
k127_307767	339	No	NA	1	1	0	Low-quality	Genome-fragment	0.55	HMM-based (lower-bound)	0.0	1.0	
k127_692242	776	No	NA	1	0	0	Low-quality	Genome-fragment	1.7	AAI-based (medium-confidence)	0.0	1.0	no viral genes detected
k127_668	318	No	NA	1	0	0	Not-determined	Genome-fragment	NA	NA	0.0	1.0	no viral genes detected
k127_538933	390	No	NA	1	0	0	Not-determined	Genome-fragment	NA	NA	0.0	1.0	no viral genes detected
k127_615821	635	No	NA	2	0	0	Not-determined	Genome-fragment	NA	NA	0.0	1.0	no viral genes detected
k127_692784	552	No	NA	1	0	0	Low-quality	Genome-fragment	1.11	AAI-based (medium-confidence)	0.0	1.0	no viral genes detected
k127_692861	326	No	NA	1	1	0	Low-quality	Genome-fragment	0.63	AAI-based (high-confidence)	0.0	1.0	
k127_462352	323	No	NA	1	1	0	Low-quality	Genome-fragment	0.48	HMM-based (lower-bound)	0.0	1.0	
k127_462409	620	No	NA	1	0	0	Not-determined	Genome-fragment	NA	NA	0.0	1.0	no viral genes detected
k127_539387	325	No	NA	1	0	0	Not-determined	Genome-fragment	NA	NA	0.0	1.0	no viral genes detected
k127_616258	363	No	NA	1	1	0	Low-quality	Genome-fragment	0.47	HMM-based (lower-bound)	0.0	1.0	
k127_462497	363	No	NA	1	1	0	Low-quality	Genome-fragment	0.73	AAI-based (medium-confidence)	0.0	1.0	
k127_308806	4246	No	NA	11	0	0	Not-determined	Genome-fragment	NA	NA	0.0	1.0	no viral genes detected
k127_462571	475	No	NA	1	0	0	Not-determined	Genome-fragment	NA	NA	0.0	1.0	no viral genes detected
k127_462688	555	No	NA	1	0	0	Not-determined	Genome-fragment	NA	NA	0.0	1.0	no viral genes detected
k127_462736	351	No	NA	1	1	0	Low-quality	Genome-fragment	0.31	HMM-based (lower-bound)	0.0	1.0	
k127_539764	906	No	NA	1	0	1	Not-determined	Genome-fragment	NA	NA	0.0	1.0	no viral genes detected
k127_616705	408	No	NA	1	0	0	Not-determined	Genome-fragment	NA	NA	0.0	1.0	no viral genes detected
k127_539886	440	No	NA	2	0	0	Not-determined	Genome-fragment	NA	NA	0.0	1.0	no viral genes detected
k127_616806	399	No	NA	1	0	0	Not-determined	Genome-fragment	NA	NA	0.0	1.0	no viral genes detected
k127_309301	304	No	NA	1	0	0	Not-determined	Genome-fragment	NA	NA	0.0	1.0	no viral genes detected
k127_2238	379	No	NA	1	0	0	Not-determined	Genome-fragment	NA	NA	0.0	1.0	no viral genes detected
k127_694097	553	No	NA	1	0	0	Not-determined	Genome-fragment	NA	NA	0.0	1.0	no viral genes detected
k127_463436	411	No	NA	1	1	0	Low-quality	Genome-fragment	1.17	AAI-based (medium-confidence)	0.0	1.0	
k127_79228	372	No	NA	1	1	0	Low-quality	Genome-fragment	0.3	HMM-based (lower-bound)	0.0	1.0	
k127_694670	3014	No	NA	2	0	0	Low-quality	Genome-fragment	26.89	AAI-based (medium-confidence)	0.0	1.0	no viral genes detected
k127_617815	383	No	NA	2	0	0	Not-determined	Genome-fragment	NA	NA	0.0	1.0	no viral genes detected
k127_79609	322	No	NA	1	0	0	Low-quality	Genome-fragment	0.19	AAI-based (medium-confidence)	0.0	1.0	no viral genes detected
k127_464192	348	No	NA	1	1	0	Low-quality	Genome-fragment	0.55	HMM-based (lower-bound)	0.0	1.0	
k127_464287	523	No	NA	1	0	1	Not-determined	Genome-fragment	NA	NA	0.0	1.0	no viral genes detected
k127_387786	343	No	NA	1	1	0	Low-quality	Genome-fragment	0.78	HMM-based (lower-bound)	0.0	1.0	
k127_695036	394	No	NA	1	0	0	Not-determined	Genome-fragment	NA	NA	0.0	1.0	no viral genes detected
k127_79911	713	No	NA	1	1	0	Low-quality	Genome-fragment	0.85	HMM-based (lower-bound)	0.0	1.0	
k127_79949	336	No	NA	1	0	0	Not-determined	Genome-fragment	NA	NA	0.0	1.0	no viral genes detected
k127_80411	569	No	NA	1	1	0	Low-quality	Genome-fragment	0.97	AAI-based (medium-confidence)	0.0	1.0	
k127_465053	407	No	NA	1	0	0	Low-quality	Genome-fragment	0.74	AAI-based (medium-confidence)	0.0	1.0	no viral genes detected
k127_695722	746	No	NA	1	0	1	Not-determined	Genome-fragment	NA	NA	0.0	1.0	no viral genes detected
k127_618840	1018	No	NA	1	1	0	Low-quality	Genome-fragment	2.04	AAI-based (medium-confidence)	0.0	1.0	
k127_542339	425	No	NA	1	0	0	Not-determined	Genome-fragment	NA	NA	0.0	1.0	no viral genes detected
k127_465455	1090	No	NA	1	0	1	Not-determined	Genome-fragment	NA	NA	0.0	1.0	no viral genes detected
k127_311706	330	No	NA	1	1	0	Low-quality	Genome-fragment	0.63	HMM-based (lower-bound)	0.0	1.0	
k127_311862	528	No	NA	1	1	0	Low-quality	Genome-fragment	1.42	AAI-based (medium-confidence)	0.0	1.0	
k127_81040	471	No	NA	1	1	0	Low-quality	Genome-fragment	0.93	AAI-based (medium-confidence)	0.0	1.0	
k127_696426	3283	No	NA	3	1	0	Low-quality	Genome-fragment	4.91	HMM-based (lower-bound)	0.0	1.0	
k127_389410	324	No	NA	1	1	0	Low-quality	Genome-fragment	0.44	HMM-based (lower-bound)	0.0	1.0	
k127_4967	1124	No	NA	3	1	0	Low-quality	Genome-fragment	1.42	AAI-based (medium-confidence)	0.0	1.0	
k127_389554	804	No	NA	3	0	0	Not-determined	Genome-fragment	NA	NA	0.0	1.0	no viral genes detected
k127_542977	499	No	NA	1	0	0	Low-quality	Genome-fragment	1.16	AAI-based (medium-confidence)	0.0	1.0	no viral genes detected
k127_542986	389	No	NA	1	0	0	Low-quality	Genome-fragment	0.88	AAI-based (medium-confidence)	0.0	1.0	no viral genes detected
k127_619884	325	No	NA	1	1	0	Low-quality	Genome-fragment	0.49	AAI-based (high-confidence)	0.0	1.0	
k127_158599	308	No	NA	1	1	0	Low-quality	Genome-fragment	0.55	AAI-based (medium-confidence)	0.0	1.0	
k127_312491	1912	No	NA	3	2	0	Low-quality	Genome-fragment	4.25	AAI-based (high-confidence)	0.0	1.0	
k127_5332	608	No	NA	1	0	1	Not-determined	Genome-fragment	NA	NA	0.0	1.0	no viral genes detected
k127_620110	523	No	NA	2	0	0	Not-determined	Genome-fragment	NA	NA	0.0	1.0	no viral genes detected
k127_312686	329	No	NA	1	1	0	Low-quality	Genome-fragment	0.5	AAI-based (high-confidence)	0.0	1.0	
k127_158905	544	No	NA	1	0	1	Not-determined	Genome-fragment	NA	NA	0.0	1.0	no viral genes detected
k127_82057	359	No	NA	1	0	0	Not-determined	Genome-fragment	NA	NA	0.0	1.0	no viral genes detected
k127_466664	440	No	NA	1	0	0	Not-determined	Genome-fragment	NA	NA	0.0	1.0	no viral genes detected
k127_6010	455	No	NA	2	0	0	Low-quality	Genome-fragment	1.22	AAI-based (high-confidence)	0.0	1.0	no viral genes detected
k127_159417	1015	No	NA	1	0	0	Low-quality	Genome-fragment	1.95	AAI-based (medium-confidence)	0.0	1.0	no viral genes detected
k127_6086	356	No	NA	1	1	0	Low-quality	Genome-fragment	0.62	AAI-based (medium-confidence)	0.0	1.0	
k127_466962	371	No	NA	1	1	0	Low-quality	Genome-fragment	0.54	HMM-based (lower-bound)	0.0	1.0	
k127_313263	1108	No	NA	1	0	1	Not-determined	Genome-fragment	NA	NA	0.0	1.0	no viral genes detected
k127_6264	367	No	NA	2	0	0	Not-determined	Genome-fragment	NA	NA	0.0	1.0	no viral genes detected
k127_82566	893	No	NA	2	0	0	Not-determined	Genome-fragment	NA	NA	0.0	1.0	no viral genes detected
k127_313554	450	No	NA	1	0	0	Not-determined	Genome-fragment	NA	NA	0.0	1.0	no viral genes detected
k127_391103	419	No	NA	1	1	0	Low-quality	Genome-fragment	0.8	AAI-based (medium-confidence)	0.0	1.0	
k127_82789	303	No	NA	1	1	0	Low-quality	Genome-fragment	0.58	HMM-based (lower-bound)	0.0	1.0	
k127_698211	312	No	NA	1	0	0	Not-determined	Genome-fragment	NA	NA	0.0	1.0	no viral genes detected
k127_160050	733	No	NA	1	0	0	Low-quality	Genome-fragment	1.39	AAI-based (medium-confidence)	0.0	1.0	no viral genes detected
k127_698384	490	No	NA	1	0	1	Not-determined	Genome-fragment	NA	NA	0.0	1.0	no viral genes detected
k127_160414	316	No	NA	1	0	0	Not-determined	Genome-fragment	NA	NA	0.0	1.0	no viral genes detected
k127_83496	611	No	NA	1	0	0	Not-determined	Genome-fragment	NA	NA	0.0	1.0	no viral genes detected
k127_7327	427	No	NA	1	0	0	Not-determined	Genome-fragment	NA	NA	0.0	1.0	no viral genes detected
k127_314613	306	No	NA	1	0	0	Low-quality	Genome-fragment	0.76	AAI-based (high-confidence)	0.0	1.0	no viral genes detected
k127_7505	428	No	NA	1	0	0	Low-quality	Genome-fragment	0.75	AAI-based (medium-confidence)	0.0	1.0	no viral genes detected
k127_545515	737	No	NA	1	0	0	Low-quality	Genome-fragment	1.56	AAI-based (medium-confidence)	0.0	1.0	no viral genes detected
k127_84155	313	No	NA	1	0	0	Not-determined	Genome-fragment	NA	NA	0.0	1.0	no viral genes detected
k127_468809	400	No	NA	1	0	0	Not-determined	Genome-fragment	NA	NA	0.0	1.0	no viral genes detected
k127_622549	362	No	NA	1	1	0	Low-quality	Genome-fragment	0.94	AAI-based (medium-confidence)	0.0	1.0	
k127_545935	311	No	NA	1	1	0	Low-quality	Genome-fragment	0.31	HMM-based (lower-bound)	0.0	1.0	
k127_699723	305	No	NA	1	0	0	Low-quality	Genome-fragment	0.74	AAI-based (high-confidence)	0.0	1.0	no viral genes detected
k127_546028	370	No	NA	1	0	0	Not-determined	Genome-fragment	NA	NA	0.0	1.0	no viral genes detected
k127_84462	322	No	NA	1	0	0	Not-determined	Genome-fragment	NA	NA	0.0	1.0	no viral genes detected
k127_84730	312	No	NA	1	0	0	Not-determined	Genome-fragment	NA	NA	0.0	1.0	no viral genes detected
k127_8602	7196	No	NA	9	1	1	Low-quality	Genome-fragment	4.97	HMM-based (lower-bound)	0.0	1.0	
k127_546415	329	No	NA	2	0	0	Not-determined	Genome-fragment	NA	NA	0.0	1.0	no viral genes detected
k127_239524	638	No	NA	1	1	0	Low-quality	Genome-fragment	0.52	HMM-based (lower-bound)	0.0	1.0	
k127_84893	351	No	NA	1	1	0	Low-quality	Genome-fragment	0.21	HMM-based (lower-bound)	0.0	1.0	
k127_84897	679	No	NA	3	0	0	Not-determined	Genome-fragment	NA	NA	0.0	1.0	no viral genes detected
k127_623159	503	No	NA	2	1	0	Low-quality	Genome-fragment	0.68	HMM-based (lower-bound)	0.0	1.0	
k127_84995	909	No	NA	1	0	1	Not-determined	Genome-fragment	NA	NA	0.0	1.0	no viral genes detected
k127_162192	404	No	NA	1	1	0	Low-quality	Genome-fragment	0.28	AAI-based (high-confidence)	0.0	1.0	
k127_9068	482	No	NA	3	0	0	Not-determined	Genome-fragment	NA	NA	0.0	1.0	no viral genes detected
k127_546794	408	No	NA	2	1	0	Low-quality	Genome-fragment	0.45	HMM-based (lower-bound)	0.0	1.0	
k127_623579	764	No	NA	1	0	0	Low-quality	Genome-fragment	1.6	AAI-based (medium-confidence)	0.0	1.0	no viral genes detected
k127_9295	395	No	NA	2	0	0	Not-determined	Genome-fragment	NA	NA	0.0	1.0	no viral genes detected
k127_9360	2560	No	NA	1	1	0	Low-quality	Genome-fragment	3.17	AAI-based (high-confidence)	0.0	1.0	
k127_240187	429	No	NA	1	0	0	Not-determined	Genome-fragment	NA	NA	0.0	1.0	no viral genes detected
k127_547166	394	No	NA	1	0	0	Not-determined	Genome-fragment	NA	NA	0.0	1.0	no viral genes detected
k127_9519	427	No	NA	1	0	0	Not-determined	Genome-fragment	NA	NA	0.0	1.0	no viral genes detected
k127_470297	464	No	NA	1	0	0	Not-determined	Genome-fragment	NA	NA	0.0	1.0	no viral genes detected
k127_162748	318	No	NA	1	1	0	Low-quality	Genome-fragment	0.37	HMM-based (lower-bound)	0.0	1.0	
k127_9897	566	No	NA	1	1	0	Low-quality	Genome-fragment	0.81	HMM-based (lower-bound)	0.0	1.0	
k127_162962	439	No	NA	2	0	0	Not-determined	Genome-fragment	NA	NA	0.0	1.0	no viral genes detected
k127_85896	1787	No	NA	2	1	0	Low-quality	Genome-fragment	2.68	HMM-based (lower-bound)	0.0	1.0	
k127_701367	561	No	NA	1	0	0	Low-quality	Genome-fragment	1.15	AAI-based (medium-confidence)	0.0	1.0	no viral genes detected
k127_701413	465	No	NA	2	0	0	Not-determined	Genome-fragment	NA	NA	0.0	1.0	no viral genes detected
k127_470702	899	No	NA	1	0	1	Not-determined	Genome-fragment	NA	NA	0.0	1.0	no viral genes detected
k127_701562	375	No	NA	1	1	0	Low-quality	Genome-fragment	0.51	HMM-based (lower-bound)	0.0	1.0	
k127_240905	341	No	NA	1	0	0	Not-determined	Genome-fragment	NA	NA	0.0	1.0	no viral genes detected
k127_10236	899	No	NA	1	1	0	Low-quality	Genome-fragment	1.72	HMM-based (lower-bound)	0.0	1.0	
k127_317299	424	No	NA	2	0	0	Not-determined	Genome-fragment	NA	NA	0.0	1.0	no viral genes detected
k127_163456	745	No	NA	1	0	0	Low-quality	Genome-fragment	1.59	AAI-based (medium-confidence)	0.0	1.0	no viral genes detected
k127_548068	1477	No	NA	2	0	0	Not-determined	Genome-fragment	NA	NA	0.0	1.0	no viral genes detected
k127_10390	301	No	NA	1	1	0	Low-quality	Genome-fragment	0.25	HMM-based (lower-bound)	0.0	1.0	
k127_241311	473	No	NA	1	0	0	Not-determined	Genome-fragment	NA	NA	0.0	1.0	no viral genes detected
k127_548254	482	No	NA	1	0	0	Not-determined	Genome-fragment	NA	NA	0.0	1.0	no viral genes detected
k127_548382	527	No	NA	1	0	0	Not-determined	Genome-fragment	NA	NA	0.0	1.0	no viral genes detected
k127_10729	425	No	NA	2	0	0	Not-determined	Genome-fragment	NA	NA	0.0	1.0	no viral genes detected
k127_471415	312	No	NA	1	1	0	Low-quality	Genome-fragment	0.56	AAI-based (medium-confidence)	0.0	1.0	
k127_241732	517	No	NA	1	1	0	Low-quality	Genome-fragment	0.93	AAI-based (medium-confidence)	0.0	1.0	
k127_471623	578	No	NA	1	0	0	Low-quality	Genome-fragment	1.18	AAI-based (medium-confidence)	0.0	1.0	no viral genes detected
k127_318038	317	No	NA	1	1	0	Low-quality	Genome-fragment	0.07	HMM-based (lower-bound)	0.0	1.0	
k127_702609	537	No	NA	1	0	0	Not-determined	Genome-fragment	NA	NA	0.0	1.0	no viral genes detected
k127_241980	754	No	NA	1	0	0	Not-determined	Genome-fragment	NA	NA	0.0	1.0	no viral genes detected
k127_625392	913	No	NA	1	1	0	Low-quality	Genome-fragment	0.49	HMM-based (lower-bound)	0.0	1.0	
k127_625430	564	No	NA	2	0	0	Not-determined	Genome-fragment	NA	NA	0.0	1.0	no viral genes detected
k127_471938	504	No	NA	1	0	0	Low-quality	Genome-fragment	1.1	AAI-based (medium-confidence)	0.0	1.0	no viral genes detected
k127_625562	933	No	NA	1	1	0	Low-quality	Genome-fragment	0.38	HMM-based (lower-bound)	0.0	1.0	
k127_625714	810	No	NA	1	0	0	Low-quality	Genome-fragment	1.63	AAI-based (medium-confidence)	0.0	1.0	no viral genes detected
k127_625719	614	No	NA	1	0	1	Not-determined	Genome-fragment	NA	NA	0.0	1.0	no viral genes detected
k127_703093	548	No	NA	2	0	0	Not-determined	Genome-fragment	NA	NA	0.0	1.0	no viral genes detected
k127_396501	255	No	NA	1	0	0	Not-determined	Genome-fragment	NA	NA	0.0	1.0	no viral genes detected
k127_703169	482	No	NA	1	0	0	Not-determined	Genome-fragment	NA	NA	0.0	1.0	no viral genes detected
k127_625906	5610	No	NA	13	2	0	Low-quality	Genome-fragment	14.17	AAI-based (medium-confidence)	0.0	1.0	
k127_318762	338	No	NA	1	0	0	Not-determined	Genome-fragment	NA	NA	0.0	1.0	no viral genes detected
k127_472459	360	No	NA	1	1	0	Low-quality	Genome-fragment	0.66	AAI-based (medium-confidence)	0.0	1.0	
k127_549647	394	No	NA	1	1	0	Low-quality	Genome-fragment	0.16	HMM-based (lower-bound)	0.0	1.0	
k127_626181	347	No	NA	1	1	0	Low-quality	Genome-fragment	0.54	AAI-based (medium-confidence)	0.0	1.0	
k127_12240	360	No	NA	1	0	0	Not-determined	Genome-fragment	NA	NA	0.0	1.0	no viral genes detected
k127_549831	604	No	NA	1	0	1	Not-determined	Genome-fragment	NA	NA	0.0	1.0	no viral genes detected
k127_165408	3845	No	NA	5	0	0	Not-determined	Genome-fragment	NA	NA	0.0	1.0	no viral genes detected
k127_165435	395	No	NA	1	1	0	Low-quality	Genome-fragment	0.09	HMM-based (lower-bound)	0.0	1.0	
k127_473048	423	No	NA	1	0	0	Low-quality	Genome-fragment	0.85	AAI-based (medium-confidence)	0.0	1.0	no viral genes detected
k127_473059	699	No	NA	1	0	0	Low-quality	Genome-fragment	1.46	AAI-based (medium-confidence)	0.0	1.0	no viral genes detected
k127_703977	1399	No	NA	1	0	1	Not-determined	Genome-fragment	NA	NA	0.0	1.0	no viral genes detected
k127_473220	932	No	NA	1	0	0	Low-quality	Genome-fragment	2.01	AAI-based (medium-confidence)	0.0	1.0	no viral genes detected
k127_550417	983	No	NA	1	0	1	Not-determined	Genome-fragment	NA	NA	0.0	1.0	no viral genes detected
k127_704203	752	No	NA	1	1	0	Low-quality	Genome-fragment	0.87	HMM-based (lower-bound)	0.0	1.0	
k127_243821	338	No	NA	1	1	0	Low-quality	Genome-fragment	0.44	HMM-based (lower-bound)	0.0	1.0	
k127_550645	410	No	NA	1	1	0	Low-quality	Genome-fragment	0.72	AAI-based (high-confidence)	0.0	1.0	
k127_550800	466	No	NA	1	1	0	Low-quality	Genome-fragment	0.66	HMM-based (lower-bound)	0.0	1.0	
k127_13215	311	No	NA	1	0	0	Low-quality	Genome-fragment	0.36	AAI-based (high-confidence)	0.0	1.0	no viral genes detected
k127_473766	543	No	NA	1	0	0	Not-determined	Genome-fragment	NA	NA	0.0	1.0	no viral genes detected
k127_398226	1066	No	NA	2	1	0	Low-quality	Genome-fragment	0.19	AAI-based (high-confidence)	0.0	1.0	
k127_244371	3734	No	NA	5	0	0	Low-quality	Genome-fragment	0.66	AAI-based (high-confidence)	0.0	1.0	no viral genes detected
k127_398475	8405	No	NA	19	3	0	Low-quality	Genome-fragment	21.66	AAI-based (medium-confidence)	0.0	1.0	
k127_474108	456	No	NA	1	0	0	Low-quality	Genome-fragment	0.9	AAI-based (medium-confidence)	0.0	1.0	no viral genes detected
k127_244588	524	No	NA	1	0	0	Not-determined	Genome-fragment	NA	NA	0.0	1.0	no viral genes detected
k127_13790	395	No	NA	1	1	0	Low-quality	Genome-fragment	0.64	AAI-based (medium-confidence)	0.0	1.0	
k127_398867	528	No	NA	1	0	0	Not-determined	Genome-fragment	NA	NA	0.0	1.0	no viral genes detected
k127_245152	738	No	NA	2	0	0	Not-determined	Genome-fragment	NA	NA	0.0	1.0	no viral genes detected
k127_167194	381	No	NA	1	0	0	Not-determined	Genome-fragment	NA	NA	0.0	1.0	no viral genes detected
k127_245375	485	No	NA	1	1	0	Low-quality	Genome-fragment	0.75	HMM-based (lower-bound)	0.0	1.0	
k127_90291	1668	No	NA	4	1	0	Low-quality	Genome-fragment	2.37	HMM-based (lower-bound)	0.0	1.0	
k127_628633	438	No	NA	1	0	0	Not-determined	Genome-fragment	NA	NA	0.0	1.0	no viral genes detected
k127_552622	1059	No	NA	1	0	1	Not-determined	Genome-fragment	NA	NA	0.0	1.0	no viral genes detected
k127_706344	395	No	NA	1	1	0	Low-quality	Genome-fragment	0.59	HMM-based (lower-bound)	0.0	1.0	
k127_246135	407	No	NA	1	0	0	Not-determined	Genome-fragment	NA	NA	0.0	1.0	no viral genes detected
k127_168152	974	Yes	643	3	1	1	Low-quality	Genome-fragment	1.03	HMM-based (lower-bound)	33.98	1.0	
k127_629155	1305	No	NA	1	0	1	Not-determined	Genome-fragment	NA	NA	0.0	1.0	no viral genes detected
k127_400300	323	No	NA	1	0	0	Low-quality	Genome-fragment	0.24	AAI-based (medium-confidence)	0.0	1.0	no viral genes detected
k127_400388	484	No	NA	1	1	0	Low-quality	Genome-fragment	0.71	HMM-based (lower-bound)	0.0	1.0	
k127_91111	509	No	NA	1	0	0	Not-determined	Genome-fragment	NA	NA	0.0	1.0	no viral genes detected
k127_15655	318	No	NA	1	0	0	Not-determined	Genome-fragment	NA	NA	0.0	1.0	no viral genes detected
k127_476050	312	No	NA	1	1	0	Low-quality	Genome-fragment	0.28	HMM-based (lower-bound)	0.0	1.0	
k127_400640	487	No	NA	2	0	0	Not-determined	Genome-fragment	NA	NA	0.0	1.0	no viral genes detected
k127_168601	606	No	NA	1	1	0	Low-quality	Genome-fragment	0.86	HMM-based (lower-bound)	0.0	1.0	
k127_322649	313	No	NA	1	0	0	Not-determined	Genome-fragment	NA	NA	0.0	1.0	no viral genes detected
k127_91865	758	No	NA	1	1	0	Low-quality	Genome-fragment	1.21	HMM-based (lower-bound)	0.0	1.0	
k127_323049	589	No	NA	2	1	0	Low-quality	Genome-fragment	0.38	HMM-based (lower-bound)	0.0	1.0	
k127_247224	2844	No	NA	6	0	1	Low-quality	Genome-fragment	2.28	AAI-based (high-confidence)	0.0	1.0	no viral genes detected
k127_323190	648	No	NA	2	0	0	Not-determined	Genome-fragment	NA	NA	0.0	1.0	no viral genes detected
k127_630209	729	No	NA	2	1	0	Low-quality	Genome-fragment	1.04	HMM-based (lower-bound)	0.0	1.0	
k127_92094	4248	No	NA	2	1	0	Medium-quality	Genome-fragment	50.06	AAI-based (high-confidence)	0.0	1.0	
k127_323525	756	No	NA	2	0	0	Not-determined	Genome-fragment	NA	NA	0.0	1.0	no viral genes detected
k127_92390	827	No	NA	2	0	1	Not-determined	Genome-fragment	NA	NA	0.0	1.0	no viral genes detected
k127_16884	787	No	NA	1	0	0	Not-determined	Genome-fragment	NA	NA	0.0	1.0	no viral genes detected
k127_401806	308	No	NA	1	1	0	Low-quality	Genome-fragment	0.28	HMM-based (lower-bound)	0.0	1.0	
k127_323874	990	No	NA	2	1	0	Low-quality	Genome-fragment	2.94	AAI-based (medium-confidence)	0.0	1.0	
k127_402176	524	No	NA	1	0	0	Low-quality	Genome-fragment	1.07	AAI-based (medium-confidence)	0.0	1.0	no viral genes detected
k127_248195	335	No	NA	1	0	0	Not-determined	Genome-fragment	NA	NA	0.0	1.0	no viral genes detected
k127_170200	483	No	NA	1	1	0	Low-quality	Genome-fragment	0.77	AAI-based (medium-confidence)	0.0	1.0	
k127_324170	310	No	NA	1	0	0	Not-determined	Genome-fragment	NA	NA	0.0	1.0	no viral genes detected
k127_93070	696	No	NA	1	0	0	Not-determined	Genome-fragment	NA	NA	0.0	1.0	no viral genes detected
k127_402480	565	No	NA	1	1	0	Low-quality	Genome-fragment	0.91	HMM-based (lower-bound)	0.0	1.0	
k127_324353	423	No	NA	1	0	0	Not-determined	Genome-fragment	NA	NA	0.0	1.0	no viral genes detected
k127_708812	308	No	NA	1	0	0	Not-determined	Genome-fragment	NA	NA	0.0	1.0	no viral genes detected
k127_93353	365	No	NA	1	0	0	Not-determined	Genome-fragment	NA	NA	0.0	1.0	no viral genes detected
k127_402923	728	No	NA	1	1	0	Low-quality	Genome-fragment	1.08	AAI-based (medium-confidence)	0.0	1.0	
k127_324759	824	No	NA	2	0	0	Low-quality	Genome-fragment	2.18	AAI-based (medium-confidence)	0.0	1.0	no viral genes detected
k127_555567	791	No	NA	1	0	0	Low-quality	Genome-fragment	1.53	AAI-based (medium-confidence)	0.0	1.0	no viral genes detected
k127_18297	705	No	NA	2	0	0	Not-determined	Genome-fragment	NA	NA	0.0	1.0	no viral genes detected
k127_555827	326	No	NA	1	1	0	Low-quality	Genome-fragment	0.48	HMM-based (lower-bound)	0.0	1.0	
k127_171200	529	No	NA	2	1	0	Low-quality	Genome-fragment	0.59	HMM-based (lower-bound)	0.0	1.0	
k127_556024	607	No	NA	2	1	0	Low-quality	Genome-fragment	0.5	HMM-based (lower-bound)	0.0	1.0	
k127_709685	334	No	NA	1	1	0	Low-quality	Genome-fragment	0.37	HMM-based (lower-bound)	0.0	1.0	
k127_249507	363	No	NA	1	0	0	Not-determined	Genome-fragment	NA	NA	0.0	1.0	no viral genes detected
k127_249584	808	No	NA	1	1	0	Low-quality	Genome-fragment	1.21	HMM-based (lower-bound)	0.0	1.0	
k127_709841	592	No	NA	1	0	1	Low-quality	Genome-fragment	0.51	AAI-based (medium-confidence)	0.0	1.0	no viral genes detected
k127_478974	6067	No	NA	18	0	0	Not-determined	Genome-fragment	NA	NA	0.0	1.0	no viral genes detected
k127_18847	425	No	NA	1	1	0	Low-quality	Genome-fragment	0.74	AAI-based (medium-confidence)	0.0	1.0	
k127_556308	421	No	NA	2	1	0	Low-quality	Genome-fragment	0.96	HMM-based (lower-bound)	0.0	1.0	
k127_325519	579	No	NA	1	0	1	Not-determined	Genome-fragment	NA	NA	0.0	1.0	no viral genes detected
k127_18932	666	No	NA	1	0	0	Not-determined	Genome-fragment	NA	NA	0.0	1.0	no viral genes detected
k127_94423	357	No	NA	2	1	0	Low-quality	Genome-fragment	0.24	HMM-based (lower-bound)	0.0	1.0	
k127_325635	388	No	NA	1	1	0	Low-quality	Genome-fragment	0.34	HMM-based (lower-bound)	0.0	1.0	
k127_404156	1006	No	NA	1	0	0	Not-determined	Genome-fragment	NA	NA	0.0	1.0	no viral genes detected
k127_94714	553	No	NA	2	0	0	Not-determined	Genome-fragment	NA	NA	0.0	1.0	no viral genes detected
k127_632868	373	No	NA	1	0	0	Low-quality	Genome-fragment	0.82	AAI-based (medium-confidence)	0.0	1.0	no viral genes detected
k127_556853	383	No	NA	1	1	0	Low-quality	Genome-fragment	0.7	AAI-based (medium-confidence)	0.0	1.0	
k127_172047	308	No	NA	1	0	0	Not-determined	Genome-fragment	NA	NA	0.0	1.0	no viral genes detected
k127_326141	444	No	NA	1	0	1	Not-determined	Genome-fragment	NA	NA	0.0	1.0	no viral genes detected
k127_250818	456	No	NA	1	0	0	Not-determined	Genome-fragment	NA	NA	0.0	1.0	no viral genes detected
k127_404990	634	No	NA	1	0	0	Not-determined	Genome-fragment	NA	NA	0.0	1.0	no viral genes detected
k127_172591	444	No	NA	1	0	0	Not-determined	Genome-fragment	NA	NA	0.0	1.0	no viral genes detected
k127_95497	353	No	NA	1	0	0	Not-determined	Genome-fragment	NA	NA	0.0	1.0	no viral genes detected
k127_95603	317	No	NA	1	0	0	Low-quality	Genome-fragment	0.96	AAI-based (medium-confidence)	0.0	1.0	no viral genes detected
k127_20424	2555	No	NA	2	1	0	Low-quality	Genome-fragment	0.56	HMM-based (lower-bound)	0.0	1.0	
k127_20680	327	No	NA	1	1	0	Low-quality	Genome-fragment	0.47	HMM-based (lower-bound)	0.0	1.0	
k127_251622	493	No	NA	2	2	0	Low-quality	Genome-fragment	0.55	HMM-based (lower-bound)	0.0	1.23	low-confidence DTR
k127_173214	416	No	NA	1	0	0	Low-quality	Genome-fragment	0.76	AAI-based (medium-confidence)	0.0	1.0	no viral genes detected
k127_96068	568	No	NA	1	0	0	Not-determined	Genome-fragment	NA	NA	0.0	1.0	no viral genes detected
k127_327346	302	No	NA	1	0	0	Low-quality	Genome-fragment	0.13	AAI-based (high-confidence)	0.0	1.0	no viral genes detected
k127_327413	310	No	NA	1	0	0	Low-quality	Genome-fragment	0.84	AAI-based (high-confidence)	0.0	1.0	no viral genes detected
k127_251813	403	No	NA	1	1	0	Low-quality	Genome-fragment	0.54	AAI-based (medium-confidence)	0.0	1.0	
k127_711868	3140	No	NA	3	0	0	Low-quality	Genome-fragment	7.82	AAI-based (medium-confidence)	0.0	1.0	no viral genes detected
k127_251895	658	No	NA	2	1	0	Low-quality	Genome-fragment	1.58	AAI-based (medium-confidence)	0.0	1.0	
k127_327597	456	No	NA	1	1	0	Low-quality	Genome-fragment	0.68	HMM-based (lower-bound)	0.0	1.0	
k127_406211	551	No	NA	1	0	0	Low-quality	Genome-fragment	1.16	AAI-based (medium-confidence)	0.0	1.0	no viral genes detected
k127_558622	392	No	NA	1	0	0	Not-determined	Genome-fragment	NA	NA	0.0	1.0	no viral genes detected
k127_558678	316	No	NA	1	0	0	Not-determined	Genome-fragment	NA	NA	0.0	1.0	no viral genes detected
k127_21501	412	No	NA	1	0	0	Not-determined	Genome-fragment	NA	NA	0.0	1.0	no viral genes detected
k127_173965	437	No	NA	1	1	0	Low-quality	Genome-fragment	0.62	HMM-based (lower-bound)	0.0	1.0	
k127_712693	592	No	NA	1	1	0	Low-quality	Genome-fragment	1.3	AAI-based (high-confidence)	0.0	1.0	
k127_559207	428	No	NA	1	1	0	Low-quality	Genome-fragment	0.64	HMM-based (lower-bound)	0.0	1.0	
k127_712872	305	No	NA	1	0	0	Low-quality	Genome-fragment	0.71	AAI-based (medium-confidence)	0.0	1.0	no viral genes detected
k127_328642	355	No	NA	1	0	0	Not-determined	Genome-fragment	NA	NA	0.0	1.0	no viral genes detected
k127_253103	1008	No	NA	2	0	1	Low-quality	Genome-fragment	1.71	AAI-based (medium-confidence)	0.0	1.0	no viral genes detected
k127_328728	612	No	NA	1	0	0	Not-determined	Genome-fragment	NA	NA	0.0	1.0	no viral genes detected
k127_97602	357	No	NA	1	0	0	Low-quality	Genome-fragment	0.74	AAI-based (medium-confidence)	0.0	1.0	no viral genes detected
k127_253370	5838	No	NA	9	1	0	Low-quality	Genome-fragment	8.05	AAI-based (medium-confidence)	0.0	1.0	
k127_713292	360	No	NA	1	0	0	Not-determined	Genome-fragment	NA	NA	0.0	1.0	no viral genes detected
k127_482495	390	No	NA	1	0	0	Not-determined	Genome-fragment	NA	NA	0.0	1.0	no viral genes detected
k127_559912	341	No	NA	1	0	0	Not-determined	Genome-fragment	NA	NA	0.0	1.0	no viral genes detected
k127_253629	604	No	NA	1	0	0	Not-determined	Genome-fragment	NA	NA	0.0	1.0	no viral genes detected
k127_560194	703	No	NA	1	0	0	Not-determined	Genome-fragment	NA	NA	0.0	1.0	no viral genes detected
k127_329525	526	No	NA	2	0	0	Low-quality	Genome-fragment	1.09	AAI-based (medium-confidence)	0.0	1.0	no viral genes detected
k127_408234	515	No	NA	1	1	0	Low-quality	Genome-fragment	1.42	AAI-based (medium-confidence)	0.0	1.0	
k127_175613	459	No	NA	1	0	1	Low-quality	Genome-fragment	0.38	AAI-based (medium-confidence)	0.0	1.0	no viral genes detected
k127_483232	511	No	NA	1	1	0	Low-quality	Genome-fragment	0.95	HMM-based (lower-bound)	0.0	1.0	
k127_714082	497	No	NA	2	1	0	Low-quality	Genome-fragment	1.05	AAI-based (medium-confidence)	0.0	1.0	
k127_98537	465	No	NA	1	1	0	Low-quality	Genome-fragment	0.23	HMM-based (lower-bound)	0.0	1.0	
k127_254445	301	No	NA	1	1	0	Low-quality	Genome-fragment	0.51	AAI-based (high-confidence)	0.0	1.0	
k127_408672	440	No	NA	1	0	0	Not-determined	Genome-fragment	NA	NA	0.0	1.0	no viral genes detected
k127_330014	522	No	NA	1	1	0	Low-quality	Genome-fragment	0.8	HMM-based (lower-bound)	0.0	1.0	
k127_636836	399	No	NA	1	0	0	Not-determined	Genome-fragment	NA	NA	0.0	1.0	no viral genes detected
k127_714315	790	No	NA	1	0	0	Low-quality	Genome-fragment	1.72	AAI-based (medium-confidence)	0.0	1.0	no viral genes detected
k127_560900	706	No	NA	1	1	0	Low-quality	Genome-fragment	0.29	HMM-based (lower-bound)	0.0	1.0	
k127_409022	519	No	NA	1	0	0	Not-determined	Genome-fragment	NA	NA	0.0	1.0	no viral genes detected
k127_23961	467	No	NA	1	1	0	Low-quality	Genome-fragment	0.38	HMM-based (lower-bound)	0.0	1.0	
k127_254912	563	No	NA	2	1	0	Low-quality	Genome-fragment	0.39	HMM-based (lower-bound)	0.0	1.0	
k127_637276	341	No	NA	1	0	0	Low-quality	Genome-fragment	0.39	AAI-based (medium-confidence)	0.0	1.0	no viral genes detected
k127_714642	1510	No	NA	3	1	0	Low-quality	Genome-fragment	3.34	AAI-based (medium-confidence)	0.0	1.0	
k127_409219	756	No	NA	1	0	0	Not-determined	Genome-fragment	NA	NA	0.0	1.0	no viral genes detected
k127_561254	348	No	NA	2	0	0	Not-determined	Genome-fragment	NA	NA	0.0	1.0	no viral genes detected
k127_330621	339	No	NA	2	0	0	Not-determined	Genome-fragment	NA	NA	0.0	1.0	no viral genes detected
k127_484212	329	No	NA	1	0	0	Not-determined	Genome-fragment	NA	NA	0.0	1.0	no viral genes detected
k127_24393	819	No	NA	2	1	0	Low-quality	Genome-fragment	2.27	AAI-based (medium-confidence)	0.0	1.0	
k127_99373	359	No	NA	2	0	0	Low-quality	Genome-fragment	0.89	AAI-based (high-confidence)	0.0	1.0	no viral genes detected
k127_24477	388	No	NA	1	0	0	Not-determined	Genome-fragment	NA	NA	0.0	1.0	no viral genes detected
k127_484485	341	No	NA	1	0	0	Not-determined	Genome-fragment	NA	NA	0.0	1.0	no viral genes detected
k127_410086	544	No	NA	1	0	0	Not-determined	Genome-fragment	NA	NA	0.0	1.0	no viral genes detected
k127_484829	1032	No	NA	2	1	0	Low-quality	Genome-fragment	1.18	AAI-based (medium-confidence)	0.0	1.0	
k127_484838	478	No	NA	1	1	0	Low-quality	Genome-fragment	1.29	AAI-based (medium-confidence)	0.0	1.0	
k127_410373	361	No	NA	2	0	0	Not-determined	Genome-fragment	NA	NA	0.0	1.0	no viral genes detected
k127_485006	722	No	NA	2	0	0	Low-quality	Genome-fragment	1.73	AAI-based (high-confidence)	0.0	1.0	no viral genes detected
k127_410452	354	No	NA	1	1	0	Low-quality	Genome-fragment	0.56	HMM-based (lower-bound)	0.0	1.0	
k127_410676	1488	No	NA	3	1	0	Low-quality	Genome-fragment	2.67	AAI-based (high-confidence)	0.0	1.0	
k127_715979	766	No	NA	1	1	0	Low-quality	Genome-fragment	1.12	HMM-based (lower-bound)	0.0	1.0	
k127_100330	556	No	NA	1	0	0	Not-determined	Genome-fragment	NA	NA	0.0	1.0	no viral genes detected
k127_716009	356	No	NA	1	0	0	Not-determined	Genome-fragment	NA	NA	0.0	1.0	no viral genes detected
k127_100358	1656	No	NA	2	0	0	Low-quality	Genome-fragment	3.66	AAI-based (high-confidence)	0.0	1.0	no viral genes detected
k127_638777	303	No	NA	1	0	0	Not-determined	Genome-fragment	NA	NA	0.0	1.0	no viral genes detected
k127_410993	615	No	NA	1	0	0	Not-determined	Genome-fragment	NA	NA	0.0	1.0	no viral genes detected
k127_485689	820	No	NA	2	1	0	Low-quality	Genome-fragment	1.93	AAI-based (medium-confidence)	0.0	1.0	
k127_563107	918	No	NA	1	0	1	Not-determined	Genome-fragment	NA	NA	0.0	1.0	no viral genes detected
k127_485835	691	No	NA	2	1	0	Low-quality	Genome-fragment	1.58	AAI-based (medium-confidence)	0.0	1.0	
k127_716524	335	No	NA	2	0	0	Not-determined	Genome-fragment	NA	NA	0.0	1.0	no viral genes detected
k127_485880	3334	No	NA	5	0	0	Low-quality	Genome-fragment	3.8	AAI-based (medium-confidence)	0.0	1.0	no viral genes detected
k127_100967	353	No	NA	1	0	0	Not-determined	Genome-fragment	NA	NA	0.0	1.0	no viral genes detected
k127_332508	303	No	NA	1	1	0	Low-quality	Genome-fragment	0.18	HMM-based (lower-bound)	0.0	1.0	
k127_332779	302	No	NA	1	0	0	Low-quality	Genome-fragment	0.88	AAI-based (medium-confidence)	0.0	1.0	no viral genes detected
k127_26858	317	No	NA	1	1	0	Low-quality	Genome-fragment	0.56	AAI-based (high-confidence)	0.0	1.0	
k127_257837	430	No	NA	2	1	0	Low-quality	Genome-fragment	0.87	AAI-based (medium-confidence)	0.0	1.0	
k127_333152	577	No	NA	1	0	1	Low-quality	Genome-fragment	0.34	AAI-based (medium-confidence)	0.0	1.0	no viral genes detected
k127_179030	902	No	NA	1	0	1	Not-determined	Genome-fragment	NA	NA	0.0	1.0	no viral genes detected
k127_640387	385	No	NA	1	1	0	Low-quality	Genome-fragment	0.44	HMM-based (lower-bound)	0.0	1.0	
k127_27401	11911	No	NA	15	4	1	Low-quality	Genome-fragment	28.05	AAI-based (high-confidence)	0.0	1.0	
k127_333698	357	No	NA	1	0	0	Not-determined	Genome-fragment	NA	NA	0.0	1.0	no viral genes detected
k127_333883	705	No	NA	1	0	0	Low-quality	Genome-fragment	1.29	AAI-based (medium-confidence)	0.0	1.0	no viral genes detected
k127_258847	906	No	NA	1	0	1	Not-determined	Genome-fragment	NA	NA	0.0	1.0	no viral genes detected
k127_102619	354	No	NA	1	1	0	Low-quality	Genome-fragment	0.55	HMM-based (lower-bound)	0.0	1.0	
k127_28049	419	No	NA	1	0	0	Low-quality	Genome-fragment	1.01	AAI-based (medium-confidence)	0.0	1.0	no viral genes detected
k127_259035	462	No	NA	2	0	0	Not-determined	Genome-fragment	NA	NA	0.0	1.0	no viral genes detected
k127_487847	562	No	NA	1	0	0	Low-quality	Genome-fragment	1.47	AAI-based (medium-confidence)	0.0	1.0	no viral genes detected
k127_565213	333	No	NA	1	0	0	Low-quality	Genome-fragment	0.58	AAI-based (medium-confidence)	0.0	1.0	no viral genes detected
k127_259263	374	No	NA	2	0	0	Not-determined	Genome-fragment	NA	NA	0.0	1.0	no viral genes detected
k127_565332	444	No	NA	1	1	0	Low-quality	Genome-fragment	0.97	AAI-based (medium-confidence)	0.0	1.0	
k127_718809	362	No	NA	1	0	0	Low-quality	Genome-fragment	0.82	AAI-based (high-confidence)	0.0	1.0	no viral genes detected
k127_259500	507	No	NA	1	1	0	Low-quality	Genome-fragment	0.72	HMM-based (lower-bound)	0.0	1.0	
k127_334768	338	No	NA	1	0	0	Low-quality	Genome-fragment	0.82	AAI-based (medium-confidence)	0.0	1.0	no viral genes detected
k127_488398	855	No	NA	2	0	0	Low-quality	Genome-fragment	1.77	AAI-based (medium-confidence)	0.0	1.0	no viral genes detected
k127_103475	553	No	NA	1	0	0	Not-determined	Genome-fragment	NA	NA	0.0	1.0	no viral genes detected
k127_565890	793	No	NA	3	0	0	Low-quality	Genome-fragment	0.54	AAI-based (medium-confidence)	0.0	1.0	no viral genes detected
k127_641929	312	No	NA	1	0	0	Low-quality	Genome-fragment	0.75	AAI-based (high-confidence)	0.0	1.0	no viral genes detected
k127_642024	777	No	NA	1	0	0	Not-determined	Genome-fragment	NA	NA	0.0	1.0	no viral genes detected
k127_566072	776	No	NA	1	0	0	Low-quality	Genome-fragment	1.62	AAI-based (high-confidence)	0.0	1.0	no viral genes detected
k127_414556	625	No	NA	2	0	0	Not-determined	Genome-fragment	NA	NA	0.0	1.0	no viral genes detected
k127_29408	336	No	NA	1	1	0	Low-quality	Genome-fragment	0.28	HMM-based (lower-bound)	0.0	1.0	
k127_181432	5166	No	NA	5	0	0	Not-determined	Genome-fragment	NA	NA	0.0	1.0	no viral genes detected
k127_29745	527	No	NA	1	0	0	Not-determined	Genome-fragment	NA	NA	0.0	1.0	no viral genes detected
k127_181569	500	No	NA	1	0	0	Low-quality	Genome-fragment	1.01	AAI-based (medium-confidence)	0.0	1.0	no viral genes detected
k127_642802	338	No	NA	1	0	0	Not-determined	Genome-fragment	NA	NA	0.0	1.0	no viral genes detected
k127_720370	385	No	NA	1	1	0	Low-quality	Genome-fragment	0.61	HMM-based (lower-bound)	0.0	1.0	
k127_181958	350	No	NA	1	1	0	Low-quality	Genome-fragment	0.51	HMM-based (lower-bound)	0.0	1.0	
k127_182053	323	No	NA	1	1	0	Low-quality	Genome-fragment	0.51	HMM-based (lower-bound)	0.0	1.0	
k127_567340	592	No	NA	1	0	0	Not-determined	Genome-fragment	NA	NA	0.0	1.0	no viral genes detected
k127_490044	315	No	NA	1	0	0	Low-quality	Genome-fragment	0.62	AAI-based (high-confidence)	0.0	1.0	no viral genes detected
k127_182327	401	No	NA	1	0	0	Not-determined	Genome-fragment	NA	NA	0.0	1.0	no viral genes detected
k127_261756	344	No	NA	1	0	0	Not-determined	Genome-fragment	NA	NA	0.0	1.0	no viral genes detected
k127_182528	5353	No	NA	6	0	0	Low-quality	Genome-fragment	7.24	AAI-based (medium-confidence)	0.0	1.0	no viral genes detected
k127_336900	701	No	NA	1	0	0	Low-quality	Genome-fragment	1.7	AAI-based (medium-confidence)	0.0	1.0	no viral genes detected
k127_721160	890	No	NA	2	1	0	Low-quality	Genome-fragment	1.65	AAI-based (medium-confidence)	0.0	1.0	
k127_416335	392	No	NA	1	0	0	Low-quality	Genome-fragment	1.16	AAI-based (medium-confidence)	0.0	1.0	no viral genes detected
k127_567742	332	No	NA	1	1	0	Low-quality	Genome-fragment	0.64	HMM-based (lower-bound)	0.0	1.0	
k127_416383	403	No	NA	2	0	0	Not-determined	Genome-fragment	NA	NA	0.0	1.0	no viral genes detected
k127_31326	2576	No	NA	4	1	0	Low-quality	Genome-fragment	1.02	HMM-based (lower-bound)	0.0	1.0	
k127_31379	1475	No	NA	2	1	0	Low-quality	Genome-fragment	2.1	HMM-based (lower-bound)	0.0	1.0	
k127_568267	505	No	NA	1	0	0	Low-quality	Genome-fragment	0.94	AAI-based (medium-confidence)	0.0	1.0	no viral genes detected
k127_106073	670	No	NA	1	0	0	Low-quality	Genome-fragment	1.55	AAI-based (medium-confidence)	0.0	1.0	no viral genes detected
k127_722033	1284	No	NA	1	1	0	Low-quality	Genome-fragment	0.68	HMM-based (lower-bound)	0.0	1.0	
k127_337854	693	No	NA	1	0	0	Not-determined	Genome-fragment	NA	NA	0.0	1.0	no viral genes detected
k127_491379	1013	No	NA	3	1	0	Low-quality	Genome-fragment	1.57	AAI-based (medium-confidence)	0.0	1.0	
k127_183708	327	No	NA	1	0	0	Not-determined	Genome-fragment	NA	NA	0.0	1.0	no viral genes detected
k127_645117	400	No	NA	1	0	0	Low-quality	Genome-fragment	0.9	AAI-based (high-confidence)	0.0	1.0	no viral genes detected
k127_722669	301	No	NA	1	1	0	Low-quality	Genome-fragment	0.57	AAI-based (high-confidence)	0.0	1.0	
k127_722715	430	No	NA	1	0	0	Not-determined	Genome-fragment	NA	NA	0.0	1.0	no viral genes detected
k127_32637	1951	No	NA	2	0	0	Not-determined	Genome-fragment	NA	NA	0.0	1.0	no viral genes detected
k127_418021	507	No	NA	1	0	0	Not-determined	Genome-fragment	NA	NA	0.0	1.0	no viral genes detected
k127_263671	356	No	NA	1	0	0	Low-quality	Genome-fragment	0.41	AAI-based (medium-confidence)	0.0	1.0	no viral genes detected
k127_338684	415	No	NA	1	0	0	Not-determined	Genome-fragment	NA	NA	0.0	1.0	no viral genes detected
k127_338740	381	No	NA	1	0	0	Low-quality	Genome-fragment	0.9	AAI-based (medium-confidence)	0.0	1.0	no viral genes detected
k127_569443	385	No	NA	2	0	0	Not-determined	Genome-fragment	NA	NA	0.0	1.0	no viral genes detected
k127_32987	801	No	NA	1	0	0	Not-determined	Genome-fragment	NA	NA	0.0	1.0	no viral genes detected
k127_33103	565	No	NA	1	0	0	Not-determined	Genome-fragment	NA	NA	0.0	1.0	no viral genes detected
k127_339032	432	No	NA	1	1	0	Low-quality	Genome-fragment	0.76	AAI-based (medium-confidence)	0.0	1.0	
k127_569779	404	No	NA	1	0	0	Not-determined	Genome-fragment	NA	NA	0.0	1.0	no viral genes detected
k127_339300	3353	No	NA	7	0	0	Low-quality	Genome-fragment	5.05	AAI-based (medium-confidence)	0.0	1.0	no viral genes detected
k127_418836	338	No	NA	1	0	0	Not-determined	Genome-fragment	NA	NA	0.0	1.0	no viral genes detected
k127_646030	358	No	NA	1	0	0	Not-determined	Genome-fragment	NA	NA	0.0	1.0	no viral genes detected
k127_339445	659	No	NA	2	0	0	Not-determined	Genome-fragment	NA	NA	0.0	1.0	no viral genes detected
k127_264888	2878	No	NA	6	1	0	Low-quality	Genome-fragment	1.72	HMM-based (lower-bound)	0.0	1.0	
k127_493134	474	No	NA	1	1	0	Low-quality	Genome-fragment	0.8	AAI-based (high-confidence)	0.0	1.0	
k127_646621	349	No	NA	1	0	0	Not-determined	Genome-fragment	NA	NA	0.0	1.0	no viral genes detected
k127_265125	515	No	NA	1	0	0	Low-quality	Genome-fragment	1.37	AAI-based (medium-confidence)	0.0	1.0	no viral genes detected
k127_265130	305	No	NA	1	1	0	Low-quality	Genome-fragment	0.45	HMM-based (lower-bound)	0.0	1.0	
k127_570852	942	No	NA	2	1	0	Low-quality	Genome-fragment	1.38	HMM-based (lower-bound)	0.0	1.0	
k127_185781	355	No	NA	1	0	0	Not-determined	Genome-fragment	NA	NA	0.0	1.0	no viral genes detected
k127_646998	316	No	NA	1	1	0	Low-quality	Genome-fragment	0.36	HMM-based (lower-bound)	0.0	1.0	
k127_108679	468	No	NA	1	0	1	Not-determined	Genome-fragment	NA	NA	0.0	1.0	no viral genes detected
k127_34861	454	No	NA	1	1	0	Low-quality	Genome-fragment	0.73	HMM-based (lower-bound)	0.0	1.0	
k127_186464	449	No	NA	2	0	0	Not-determined	Genome-fragment	NA	NA	0.0	1.0	no viral genes detected
k127_725053	400	No	NA	1	1	0	Low-quality	Genome-fragment	0.64	AAI-based (medium-confidence)	0.0	1.0	
k127_266153	388	No	NA	1	0	0	Not-determined	Genome-fragment	NA	NA	0.0	1.0	no viral genes detected
k127_35218	386	No	NA	1	0	0	Not-determined	Genome-fragment	NA	NA	0.0	1.0	no viral genes detected
k127_109244	318	No	NA	1	1	0	Low-quality	Genome-fragment	0.83	AAI-based (medium-confidence)	0.0	1.0	
k127_494485	392	No	NA	1	0	0	Not-determined	Genome-fragment	NA	NA	0.0	1.0	no viral genes detected
k127_35532	347	No	NA	1	1	0	Low-quality	Genome-fragment	0.85	AAI-based (high-confidence)	0.0	1.0	
k127_647931	358	No	NA	1	1	0	Low-quality	Genome-fragment	0.41	HMM-based (lower-bound)	0.0	1.0	
k127_572245	342	No	NA	2	0	0	Not-determined	Genome-fragment	NA	NA	0.0	1.0	no viral genes detected
k127_725797	347	No	NA	1	1	0	Low-quality	Genome-fragment	0.69	HMM-based (lower-bound)	0.0	1.0	
k127_725808	554	No	NA	1	0	0	Low-quality	Genome-fragment	1.32	AAI-based (medium-confidence)	0.0	1.0	no viral genes detected
k127_110034	7339	No	NA	7	0	0	Not-determined	Genome-fragment	NA	NA	0.0	1.0	no viral genes detected
k127_726032	1035	No	NA	2	2	0	Low-quality	Genome-fragment	0.71	AAI-based (high-confidence)	0.0	1.0	
k127_36265	329	No	NA	1	0	0	Not-determined	Genome-fragment	NA	NA	0.0	1.0	no viral genes detected
k127_422329	313	No	NA	1	1	0	Low-quality	Genome-fragment	0.47	HMM-based (lower-bound)	0.0	1.0	
k127_495826	437	No	NA	1	0	0	Low-quality	Genome-fragment	1.13	AAI-based (medium-confidence)	0.0	1.0	no viral genes detected
k127_422345	332	No	NA	2	1	0	Low-quality	Genome-fragment	0.38	HMM-based (lower-bound)	0.0	1.0	
k127_342625	339	No	NA	1	1	0	Low-quality	Genome-fragment	0.39	HMM-based (lower-bound)	0.0	1.0	
k127_726795	381	No	NA	1	1	0	Low-quality	Genome-fragment	0.52	HMM-based (lower-bound)	0.0	1.0	
k127_649381	397	No	NA	1	0	0	Not-determined	Genome-fragment	NA	NA	0.0	1.0	no viral genes detected
k127_188313	607	No	NA	1	0	0	Not-determined	Genome-fragment	NA	NA	0.0	1.0	no viral genes detected
k127_342858	449	No	NA	1	1	0	Low-quality	Genome-fragment	0.64	HMM-based (lower-bound)	0.0	1.0	
k127_496228	310	No	NA	1	1	0	Low-quality	Genome-fragment	0.95	AAI-based (high-confidence)	0.0	1.0	
k127_727109	313	No	NA	1	1	0	Low-quality	Genome-fragment	0.28	HMM-based (lower-bound)	0.0	1.0	
k127_649664	777	No	NA	2	0	0	Not-determined	Genome-fragment	NA	NA	0.0	1.0	no viral genes detected
k127_188581	420	No	NA	1	0	0	Not-determined	Genome-fragment	NA	NA	0.0	1.0	no viral genes detected
k127_573739	876	No	NA	1	0	1	Not-determined	Genome-fragment	NA	NA	0.0	1.0	no viral genes detected
k127_268504	340	No	NA	1	0	0	Low-quality	Genome-fragment	0.39	AAI-based (high-confidence)	0.0	1.0	no viral genes detected
k127_422971	312	No	NA	1	1	0	Low-quality	Genome-fragment	0.79	AAI-based (medium-confidence)	0.0	1.0	
k127_188722	496	No	NA	1	0	0	Not-determined	Genome-fragment	NA	NA	0.0	1.0	no viral genes detected
k127_268798	416	No	NA	1	0	0	Not-determined	Genome-fragment	NA	NA	0.0	1.0	no viral genes detected
k127_37811	381	No	NA	1	0	0	Low-quality	Genome-fragment	0.41	AAI-based (medium-confidence)	0.0	1.0	no viral genes detected
k127_423326	407	No	NA	1	0	0	Not-determined	Genome-fragment	NA	NA	0.0	1.0	no viral genes detected
k127_423408	374	No	NA	1	1	0	Low-quality	Genome-fragment	0.57	HMM-based (lower-bound)	0.0	1.0	
k127_650391	4404	No	NA	10	1	0	Low-quality	Genome-fragment	6.7	HMM-based (lower-bound)	0.0	1.0	
k127_574366	252	No	NA	1	1	0	Low-quality	Genome-fragment	0.38	AAI-based (high-confidence)	0.0	1.0	
k127_189404	335	No	NA	1	0	0	Low-quality	Genome-fragment	0.8	AAI-based (high-confidence)	0.0	1.0	no viral genes detected
k127_269345	455	No	NA	1	0	1	Not-determined	Genome-fragment	NA	NA	0.0	1.0	no viral genes detected
k127_728095	337	No	NA	1	0	0	Not-determined	Genome-fragment	NA	NA	0.0	1.0	no viral genes detected
k127_112355	542	No	NA	1	1	0	Low-quality	Genome-fragment	0.34	AAI-based (high-confidence)	0.0	1.0	
k127_728405	716	No	NA	2	0	1	Not-determined	Genome-fragment	NA	NA	0.0	1.0	no viral genes detected
k127_269802	400	No	NA	2	0	0	Not-determined	Genome-fragment	NA	NA	0.0	1.0	no viral genes detected
k127_497600	470	No	NA	1	0	0	Not-determined	Genome-fragment	NA	NA	0.0	1.0	no viral genes detected
k127_38810	480	No	NA	1	0	0	Not-determined	Genome-fragment	NA	NA	0.0	1.0	no viral genes detected
k127_575147	446	No	NA	1	1	0	Low-quality	Genome-fragment	0.51	AAI-based (high-confidence)	0.0	1.0	
k127_190162	382	No	NA	1	1	0	Low-quality	Genome-fragment	0.52	HMM-based (lower-bound)	0.0	1.0	
k127_498027	532	No	NA	1	1	0	Low-quality	Genome-fragment	0.77	AAI-based (medium-confidence)	0.0	1.0	
k127_344800	805	No	NA	3	0	0	Not-determined	Genome-fragment	NA	NA	0.0	1.0	no viral genes detected
k127_190552	1265	No	NA	2	0	0	Low-quality	Genome-fragment	2.13	AAI-based (medium-confidence)	0.0	1.0	no viral genes detected
k127_39671	311	No	NA	1	0	0	Not-determined	Genome-fragment	NA	NA	0.0	1.0	no viral genes detected
k127_40039	409	No	NA	1	0	1	Not-determined	Genome-fragment	NA	NA	0.0	1.0	no viral genes detected
k127_652277	634	No	NA	1	0	0	Not-determined	Genome-fragment	NA	NA	0.0	1.0	no viral genes detected
k127_271366	331	No	NA	1	0	0	Not-determined	Genome-fragment	NA	NA	0.0	1.0	no viral genes detected
k127_498987	1151	No	NA	1	1	0	Low-quality	Genome-fragment	1.44	AAI-based (high-confidence)	0.0	1.0	
k127_498996	349	No	NA	1	1	0	Low-quality	Genome-fragment	0.28	AAI-based (medium-confidence)	0.0	1.0	
k127_730016	372	No	NA	1	0	0	Not-determined	Genome-fragment	NA	NA	0.0	1.0	no viral genes detected
k127_426029	364	No	NA	1	0	0	Not-determined	Genome-fragment	NA	NA	0.0	1.0	no viral genes detected
k127_346053	417	No	NA	1	0	0	Not-determined	Genome-fragment	NA	NA	0.0	1.0	no viral genes detected
k127_426303	428	No	NA	1	0	1	Not-determined	Genome-fragment	NA	NA	0.0	1.0	no viral genes detected
k127_346378	326	No	NA	1	0	1	Not-determined	Genome-fragment	NA	NA	0.0	1.0	no viral genes detected
k127_41016	355	No	NA	1	1	0	Low-quality	Genome-fragment	0.47	AAI-based (medium-confidence)	0.0	1.0	
k127_653214	303	No	NA	1	0	0	Not-determined	Genome-fragment	NA	NA	0.0	1.0	no viral genes detected
k127_730883	400	No	NA	1	1	0	Low-quality	Genome-fragment	0.66	AAI-based (medium-confidence)	0.0	1.0	
k127_577411	303	No	NA	1	0	0	Not-determined	Genome-fragment	NA	NA	0.0	1.0	no viral genes detected
k127_427028	320	No	NA	1	0	0	Low-quality	Genome-fragment	0.54	AAI-based (high-confidence)	0.0	1.0	no viral genes detected
k127_577541	306	No	NA	1	1	0	Low-quality	Genome-fragment	0.4	HMM-based (lower-bound)	0.0	1.0	
k127_731138	436	No	NA	1	0	0	Low-quality	Genome-fragment	0.96	AAI-based (medium-confidence)	0.0	1.0	no viral genes detected
k127_273282	312	No	NA	1	1	0	Low-quality	Genome-fragment	0.5	HMM-based (lower-bound)	0.0	1.0	
k127_578088	1077	No	NA	1	0	0	Not-determined	Genome-fragment	NA	NA	0.0	1.0	no viral genes detected
k127_273321	699	No	NA	2	0	0	Not-determined	Genome-fragment	NA	NA	0.0	1.0	no viral genes detected
k127_42226	412	No	NA	1	1	0	Low-quality	Genome-fragment	0.7	AAI-based (medium-confidence)	0.0	1.0	
k127_42261	757	No	NA	1	0	1	Not-determined	Genome-fragment	NA	NA	0.0	1.0	no viral genes detected
k127_273391	333	No	NA	1	0	0	Not-determined	Genome-fragment	NA	NA	0.0	1.0	no viral genes detected
k127_654404	467	No	NA	1	0	0	Not-determined	Genome-fragment	NA	NA	0.0	1.0	no viral genes detected
k127_273694	463	No	NA	1	1	0	Low-quality	Genome-fragment	0.29	HMM-based (lower-bound)	0.0	1.0	
k127_501269	573	No	NA	1	0	0	Low-quality	Genome-fragment	1.5	AAI-based (medium-confidence)	0.0	1.0	no viral genes detected
k127_428423	477	No	NA	1	0	0	Not-determined	Genome-fragment	NA	NA	0.0	1.0	no viral genes detected
k127_501317	373	No	NA	1	0	0	Not-determined	Genome-fragment	NA	NA	0.0	1.0	no viral genes detected
k127_428518	336	No	NA	2	0	0	Not-determined	Genome-fragment	NA	NA	0.0	1.0	no viral genes detected
k127_116507	578	No	NA	1	0	0	Not-determined	Genome-fragment	NA	NA	0.0	1.0	no viral genes detected
k127_274387	419	No	NA	1	0	0	Not-determined	Genome-fragment	NA	NA	0.0	1.0	no viral genes detected
k127_194340	419	No	NA	1	0	0	Not-determined	Genome-fragment	NA	NA	0.0	1.0	no viral genes detected
k127_502398	317	No	NA	1	0	0	Low-quality	Genome-fragment	0.77	AAI-based (medium-confidence)	0.0	1.0	no viral genes detected
k127_43992	317	No	NA	1	0	0	Not-determined	Genome-fragment	NA	NA	0.0	1.0	no viral genes detected
k127_43998	890	No	NA	2	0	1	Not-determined	Genome-fragment	NA	NA	0.0	1.0	no viral genes detected
k127_429770	631	No	NA	1	0	1	Not-determined	Genome-fragment	NA	NA	0.0	1.0	no viral genes detected
k127_44337	581	No	NA	1	0	0	Low-quality	Genome-fragment	1.15	AAI-based (medium-confidence)	0.0	1.0	no viral genes detected
k127_430100	489	No	NA	1	1	0	Low-quality	Genome-fragment	1.13	AAI-based (medium-confidence)	0.0	1.0	
k127_275832	943	No	NA	1	0	0	Not-determined	Genome-fragment	NA	NA	0.0	1.0	no viral genes detected
k127_656566	892	No	NA	2	0	0	Low-quality	Genome-fragment	1.71	AAI-based (medium-confidence)	0.0	1.0	no viral genes detected
k127_580793	560	No	NA	1	0	0	Not-determined	Genome-fragment	NA	NA	0.0	1.0	no viral genes detected
k127_118367	315	No	NA	1	0	0	Not-determined	Genome-fragment	NA	NA	0.0	1.0	no viral genes detected
k127_734388	551	No	NA	2	1	0	Low-quality	Genome-fragment	0.84	HMM-based (lower-bound)	0.0	1.0	
k127_503850	304	No	NA	1	0	0	Low-quality	Genome-fragment	0.75	AAI-based (medium-confidence)	0.0	1.0	no viral genes detected
k127_350733	537	No	NA	1	1	0	Low-quality	Genome-fragment	0.84	HMM-based (lower-bound)	0.0	1.0	
k127_276670	545	No	NA	1	0	0	Low-quality	Genome-fragment	1.04	AAI-based (medium-confidence)	0.0	1.0	no viral genes detected
k127_118916	376	No	NA	1	1	0	Low-quality	Genome-fragment	0.59	HMM-based (lower-bound)	0.0	1.0	
k127_45703	598	No	NA	1	0	0	Not-determined	Genome-fragment	NA	NA	0.0	1.0	no viral genes detected
k127_45860	1932	No	NA	3	2	0	Low-quality	Genome-fragment	1.24	AAI-based (medium-confidence)	0.0	1.0	
k127_45874	474	No	NA	1	1	0	Low-quality	Genome-fragment	0.39	HMM-based (lower-bound)	0.0	1.0	
k127_431718	718	No	NA	1	0	0	Low-quality	Genome-fragment	1.4	AAI-based (medium-confidence)	0.0	1.0	no viral genes detected
k127_119240	349	No	NA	1	0	0	Low-quality	Genome-fragment	0.66	AAI-based (high-confidence)	0.0	1.0	no viral genes detected
k127_46040	550	No	NA	1	0	0	Not-determined	Genome-fragment	NA	NA	0.0	1.0	no viral genes detected
k127_277161	396	No	NA	2	1	0	Low-quality	Genome-fragment	0.63	HMM-based (lower-bound)	0.0	1.0	
k127_351253	786	No	NA	1	0	1	Not-determined	Genome-fragment	NA	NA	0.0	1.0	no viral genes detected
k127_504544	1739	No	NA	2	1	0	Low-quality	Genome-fragment	2.48	HMM-based (lower-bound)	0.0	1.0	
k127_351551	340	No	NA	1	1	0	Low-quality	Genome-fragment	0.49	AAI-based (high-confidence)	0.0	1.0	
k127_277564	361	No	NA	2	1	0	Low-quality	Genome-fragment	0.56	HMM-based (lower-bound)	0.0	1.0	
k127_351609	735	No	NA	1	0	0	Not-determined	Genome-fragment	NA	NA	0.0	1.0	no viral genes detected
k127_119739	461	No	NA	1	0	1	Not-determined	Genome-fragment	NA	NA	0.0	1.0	no viral genes detected
k127_658232	486	No	NA	1	0	0	Not-determined	Genome-fragment	NA	NA	0.0	1.0	no viral genes detected
k127_46772	11652	No	NA	24	0	0	Not-determined	Genome-fragment	NA	NA	0.0	1.0	no viral genes detected
k127_658362	449	No	NA	2	0	0	Not-determined	Genome-fragment	NA	NA	0.0	1.0	no viral genes detected
k127_197497	394	No	NA	1	1	0	Low-quality	Genome-fragment	0.39	AAI-based (medium-confidence)	0.0	1.0	
k127_197670	376	No	NA	1	0	0	Not-determined	Genome-fragment	NA	NA	0.0	1.0	no viral genes detected
k127_120408	362	No	NA	1	1	0	Low-quality	Genome-fragment	0.42	HMM-based (lower-bound)	0.0	1.0	
k127_582941	400	No	NA	2	0	0	Not-determined	Genome-fragment	NA	NA	0.0	1.0	no viral genes detected
k127_197809	391	No	NA	2	0	0	Not-determined	Genome-fragment	NA	NA	0.0	1.0	no viral genes detected
k127_47674	305	No	NA	1	0	0	Not-determined	Genome-fragment	NA	NA	0.0	1.0	no viral genes detected
k127_278849	363	No	NA	1	0	0	Not-determined	Genome-fragment	NA	NA	0.0	1.0	no viral genes detected
k127_278882	1124	No	NA	1	0	0	Low-quality	Genome-fragment	2.61	AAI-based (high-confidence)	0.0	1.0	no viral genes detected
k127_278922	522	No	NA	1	0	1	Not-determined	Genome-fragment	NA	NA	0.0	1.0	no viral genes detected
k127_198287	458	No	NA	1	0	0	Not-determined	Genome-fragment	NA	NA	0.0	1.0	no viral genes detected
k127_121116	390	No	NA	1	0	0	Not-determined	Genome-fragment	NA	NA	0.0	1.0	no viral genes detected
k127_121198	474	No	NA	1	0	0	Not-determined	Genome-fragment	NA	NA	0.0	1.0	no viral genes detected
k127_583854	372	No	NA	1	1	0	Low-quality	Genome-fragment	0.82	AAI-based (medium-confidence)	0.0	1.0	
k127_48423	836	No	NA	1	1	0	Low-quality	Genome-fragment	1.42	AAI-based (high-confidence)	0.0	1.0	
k127_48511	444	No	NA	2	1	0	Low-quality	Genome-fragment	0.88	AAI-based (medium-confidence)	0.0	1.0	
k127_279869	336	No	NA	1	0	0	Not-determined	Genome-fragment	NA	NA	0.0	1.0	no viral genes detected
k127_353915	422	No	NA	2	0	0	Not-determined	Genome-fragment	NA	NA	0.0	1.0	no viral genes detected
k127_49066	362	No	NA	1	1	0	Low-quality	Genome-fragment	0.49	HMM-based (lower-bound)	0.0	1.0	
k127_507261	342	No	NA	2	0	0	Not-determined	Genome-fragment	NA	NA	0.0	1.0	no viral genes detected
k127_122165	992	No	NA	2	1	0	Low-quality	Genome-fragment	2.35	AAI-based (medium-confidence)	0.0	1.0	
k127_49238	529	No	NA	1	0	0	Not-determined	Genome-fragment	NA	NA	0.0	1.0	no viral genes detected
k127_280479	15661	No	NA	29	0	0	Not-determined	Genome-fragment	NA	NA	0.0	1.0	no viral genes detected
k127_280646	468	No	NA	1	0	1	Not-determined	Genome-fragment	NA	NA	0.0	1.0	no viral genes detected
k127_507678	409	No	NA	1	1	0	Low-quality	Genome-fragment	0.6	AAI-based (high-confidence)	0.0	1.0	
k127_122657	711	No	NA	3	1	0	Low-quality	Genome-fragment	1.62	AAI-based (medium-confidence)	0.0	1.0	
k127_280912	305	No	NA	1	1	0	Low-quality	Genome-fragment	0.35	HMM-based (lower-bound)	0.0	1.0	
k127_49766	320	No	NA	1	0	0	Not-determined	Genome-fragment	NA	NA	0.0	1.0	no viral genes detected
k127_122803	478	No	NA	1	0	0	Not-determined	Genome-fragment	NA	NA	0.0	1.0	no viral genes detected
k127_354845	1317	No	NA	2	0	0	Not-determined	Genome-fragment	NA	NA	0.0	1.0	no viral genes detected
k127_122927	452	No	NA	1	1	0	Low-quality	Genome-fragment	0.64	HMM-based (lower-bound)	0.0	1.0	
k127_281235	575	No	NA	1	0	0	Not-determined	Genome-fragment	NA	NA	0.0	1.0	no viral genes detected
k127_585554	339	No	NA	1	0	0	Not-determined	Genome-fragment	NA	NA	0.0	1.0	no viral genes detected
k127_436036	902	No	NA	1	1	0	Low-quality	Genome-fragment	1.04	HMM-based (lower-bound)	0.0	1.0	
k127_50176	309	No	NA	2	0	0	Not-determined	Genome-fragment	NA	NA	0.0	1.0	no viral genes detected
k127_123094	438	No	NA	2	0	0	Not-determined	Genome-fragment	NA	NA	0.0	1.0	no viral genes detected
k127_50294	335	No	NA	1	1	0	Low-quality	Genome-fragment	0.39	HMM-based (lower-bound)	0.0	1.0	
k127_281579	396	No	NA	1	1	0	Low-quality	Genome-fragment	0.26	HMM-based (lower-bound)	0.0	1.0	
k127_123396	395	No	NA	1	1	0	Low-quality	Genome-fragment	0.59	HMM-based (lower-bound)	0.0	1.0	
k127_50695	625	No	NA	2	2	0	Low-quality	Genome-fragment	0.94	HMM-based (lower-bound)	0.0	1.0	
k127_436650	1313	No	NA	2	0	0	Low-quality	Genome-fragment	0.23	AAI-based (medium-confidence)	0.0	1.0	no viral genes detected
k127_436916	413	No	NA	1	1	0	Low-quality	Genome-fragment	0.46	HMM-based (lower-bound)	0.0	1.0	
k127_51028	520	No	NA	1	0	0	Low-quality	Genome-fragment	1.36	AAI-based (medium-confidence)	0.0	1.0	no viral genes detected
k127_355899	331	No	NA	1	0	0	Not-determined	Genome-fragment	NA	NA	0.0	1.0	no viral genes detected
k127_124060	347	No	NA	1	1	0	Low-quality	Genome-fragment	0.47	HMM-based (lower-bound)	0.0	1.0	
k127_740247	698	No	NA	1	1	0	Low-quality	Genome-fragment	2.06	AAI-based (medium-confidence)	0.0	1.0	
k127_282747	500	No	NA	1	1	0	Low-quality	Genome-fragment	0.59	HMM-based (lower-bound)	0.0	1.0	
k127_437702	383	No	NA	1	0	0	Low-quality	Genome-fragment	0.42	AAI-based (medium-confidence)	0.0	1.0	no viral genes detected
k127_740724	314	No	NA	1	1	0	Low-quality	Genome-fragment	0.88	AAI-based (high-confidence)	0.0	1.0	
k127_509718	347	No	NA	1	1	0	Low-quality	Genome-fragment	0.24	HMM-based (lower-bound)	0.0	1.0	
k127_51939	573	No	NA	2	0	0	Low-quality	Genome-fragment	1.31	AAI-based (medium-confidence)	0.0	1.0	no viral genes detected
k127_202149	946	No	NA	2	1	0	Low-quality	Genome-fragment	0.7	HMM-based (lower-bound)	0.0	1.0	
k127_283204	14744	No	NA	17	2	0	Low-quality	Genome-fragment	34.73	AAI-based (medium-confidence)	0.0	1.0	
k127_509919	350	No	NA	1	1	0	Low-quality	Genome-fragment	0.53	HMM-based (lower-bound)	0.0	1.0	
k127_124815	4653	No	NA	6	1	0	Low-quality	Genome-fragment	4.83	HMM-based (lower-bound)	0.0	1.0	
k127_663453	375	No	NA	1	0	0	Low-quality	Genome-fragment	0.86	AAI-based (medium-confidence)	0.0	1.0	no viral genes detected
k127_741320	393	No	NA	2	1	0	Low-quality	Genome-fragment	0.61	HMM-based (lower-bound)	0.0	1.0	
k127_52484	577	No	NA	1	0	0	Not-determined	Genome-fragment	NA	NA	0.0	1.0	no viral genes detected
k127_663899	1062	No	NA	2	1	0	Low-quality	Genome-fragment	1.46	AAI-based (medium-confidence)	0.0	1.0	
k127_588376	471	No	NA	1	0	0	Not-determined	Genome-fragment	NA	NA	0.0	1.0	no viral genes detected
k127_741921	335	No	NA	1	0	0	Low-quality	Genome-fragment	0.69	AAI-based (high-confidence)	0.0	1.0	no viral genes detected
k127_357899	303	No	NA	2	0	0	Not-determined	Genome-fragment	NA	NA	0.0	1.0	no viral genes detected
k127_284366	362	No	NA	1	1	0	Low-quality	Genome-fragment	0.25	HMM-based (lower-bound)	0.0	1.0	
k127_664315	321	No	NA	1	0	0	Low-quality	Genome-fragment	0.94	AAI-based (high-confidence)	0.0	1.0	no viral genes detected
k127_203528	466	No	NA	1	1	0	Low-quality	Genome-fragment	1.07	AAI-based (medium-confidence)	0.0	1.0	
k127_588732	357	No	NA	1	0	0	Not-determined	Genome-fragment	NA	NA	0.0	1.0	no viral genes detected
k127_664441	705	No	NA	1	0	0	Low-quality	Genome-fragment	1.41	AAI-based (medium-confidence)	0.0	1.0	no viral genes detected
k127_588790	2450	No	NA	7	3	0	Low-quality	Genome-fragment	5.59	AAI-based (high-confidence)	0.0	1.0	
k127_511515	322	No	NA	1	0	0	Not-determined	Genome-fragment	NA	NA	0.0	1.0	no viral genes detected
k127_285139	720	No	NA	1	1	0	Low-quality	Genome-fragment	1.03	HMM-based (lower-bound)	0.0	1.0	
k127_53995	404	No	NA	1	1	0	Low-quality	Genome-fragment	0.6	HMM-based (lower-bound)	0.0	1.0	
k127_742820	486	No	NA	1	0	0	Not-determined	Genome-fragment	NA	NA	0.0	1.0	no viral genes detected
k127_439998	620	No	NA	1	0	0	Low-quality	Genome-fragment	0.36	AAI-based (medium-confidence)	0.0	1.0	no viral genes detected
k127_440182	978	No	NA	2	1	0	Low-quality	Genome-fragment	1.05	AAI-based (high-confidence)	0.0	1.0	
k127_743094	318	No	NA	2	1	0	Low-quality	Genome-fragment	0.11	HMM-based (lower-bound)	0.0	1.0	
k127_665548	3156	No	NA	5	1	0	Low-quality	Genome-fragment	0.69	HMM-based (lower-bound)	0.0	1.0	
k127_204819	1193	No	NA	1	0	1	Not-determined	Genome-fragment	NA	NA	0.0	1.0	no viral genes detected
k127_440940	359	No	NA	2	1	0	Low-quality	Genome-fragment	0.4	HMM-based (lower-bound)	0.0	1.0	
k127_55084	517	No	NA	1	0	0	Not-determined	Genome-fragment	NA	NA	0.0	1.0	no viral genes detected
k127_286428	307	No	NA	1	1	0	Low-quality	Genome-fragment	0.46	HMM-based (lower-bound)	0.0	1.0	
k127_512873	717	No	NA	1	1	0	Low-quality	Genome-fragment	0.66	HMM-based (lower-bound)	0.0	1.0	
k127_360073	621	No	NA	1	0	0	Not-determined	Genome-fragment	NA	NA	0.0	1.0	no viral genes detected
k127_441392	670	No	NA	1	0	0	Not-determined	Genome-fragment	NA	NA	0.0	1.0	no viral genes detected
k127_513376	325	No	NA	1	0	0	Low-quality	Genome-fragment	0.75	AAI-based (high-confidence)	0.0	1.0	no viral genes detected
k127_287313	748	No	NA	1	1	0	Low-quality	Genome-fragment	0.4	HMM-based (lower-bound)	0.0	1.0	
k127_205996	314	No	NA	1	1	0	Low-quality	Genome-fragment	0.47	HMM-based (lower-bound)	0.0	1.0	
k127_744778	360	No	NA	1	0	0	Not-determined	Genome-fragment	NA	NA	0.0	1.0	no viral genes detected
k127_591384	306	No	NA	1	1	0	Low-quality	Genome-fragment	0.35	HMM-based (lower-bound)	0.0	1.0	
k127_360894	619	No	NA	1	0	0	Not-determined	Genome-fragment	NA	NA	0.0	1.0	no viral genes detected
k127_56437	346	No	NA	1	0	0	Not-determined	Genome-fragment	NA	NA	0.0	1.0	no viral genes detected
k127_442406	331	No	NA	1	0	0	Not-determined	Genome-fragment	NA	NA	0.0	1.0	no viral genes detected
k127_667422	672	No	NA	1	0	0	Low-quality	Genome-fragment	1.33	AAI-based (medium-confidence)	0.0	1.0	no viral genes detected
k127_514114	758	No	NA	2	0	0	Low-quality	Genome-fragment	1.29	AAI-based (medium-confidence)	0.0	1.0	no viral genes detected
k127_514197	532	No	NA	1	1	0	Low-quality	Genome-fragment	0.86	HMM-based (lower-bound)	0.0	1.0	
k127_206652	823	No	NA	2	0	0	Not-determined	Genome-fragment	NA	NA	0.0	1.0	no viral genes detected
k127_442843	503	No	NA	1	0	0	Low-quality	Genome-fragment	0.89	AAI-based (high-confidence)	0.0	1.0	no viral genes detected
k127_129253	4010	No	NA	7	0	0	Low-quality	Genome-fragment	3.21	AAI-based (high-confidence)	0.0	1.0	no viral genes detected
k127_361534	320	No	NA	1	0	0	Not-determined	Genome-fragment	NA	NA	0.0	1.0	no viral genes detected
k127_745544	2703	No	NA	4	2	0	Low-quality	Genome-fragment	1.03	HMM-based (lower-bound)	0.0	1.0	
k127_288304	337	No	NA	1	0	0	Not-determined	Genome-fragment	NA	NA	0.0	1.0	no viral genes detected
k127_443084	302	No	NA	1	1	0	Low-quality	Genome-fragment	0.47	AAI-based (high-confidence)	0.0	1.0	
k127_361750	537	No	NA	1	1	0	Low-quality	Genome-fragment	0.8	HMM-based (lower-bound)	0.0	1.0	
k127_443191	918	No	NA	1	0	1	Not-determined	Genome-fragment	NA	NA	0.0	1.0	no viral genes detected
k127_207006	389	No	NA	1	0	0	Not-determined	Genome-fragment	NA	NA	0.0	1.0	no viral genes detected
k127_592586	329	No	NA	1	0	0	Not-determined	Genome-fragment	NA	NA	0.0	1.0	no viral genes detected
k127_515004	628	No	NA	1	1	0	Low-quality	Genome-fragment	1.06	AAI-based (high-confidence)	0.0	1.0	
k127_515225	419	No	NA	1	0	0	Not-determined	Genome-fragment	NA	NA	0.0	1.0	no viral genes detected
k127_443917	375	No	NA	1	0	0	Not-determined	Genome-fragment	NA	NA	0.0	1.0	no viral genes detected
k127_58004	540	No	NA	1	0	0	Not-determined	Genome-fragment	NA	NA	0.0	1.0	no viral genes detected
k127_208007	319	No	NA	1	0	0	Not-determined	Genome-fragment	NA	NA	0.0	1.0	no viral genes detected
k127_669066	769	No	NA	1	0	0	Low-quality	Genome-fragment	1.46	AAI-based (medium-confidence)	0.0	1.0	no viral genes detected
k127_208085	977	No	NA	2	0	0	Low-quality	Genome-fragment	2.22	AAI-based (high-confidence)	0.0	1.0	no viral genes detected
k127_593521	1599	No	NA	3	2	0	Low-quality	Genome-fragment	0.76	HMM-based (lower-bound)	0.0	1.0	
k127_363227	305	No	NA	1	0	0	Not-determined	Genome-fragment	NA	NA	0.0	1.0	no viral genes detected
k127_516145	432	No	NA	1	1	0	Low-quality	Genome-fragment	0.62	HMM-based (lower-bound)	0.0	1.0	
k127_208652	536	No	NA	1	0	0	Low-quality	Genome-fragment	1.11	AAI-based (medium-confidence)	0.0	1.0	no viral genes detected
k127_59104	564	No	NA	1	0	1	Not-determined	Genome-fragment	NA	NA	0.0	1.0	no viral genes detected
k127_131366	575	No	NA	1	0	0	Not-determined	Genome-fragment	NA	NA	0.0	1.0	no viral genes detected
k127_669873	342	No	NA	1	0	0	Not-determined	Genome-fragment	NA	NA	0.0	1.0	no viral genes detected
k127_59343	431	No	NA	1	0	1	Not-determined	Genome-fragment	NA	NA	0.0	1.0	no viral genes detected
k127_131526	339	No	NA	1	0	0	Not-determined	Genome-fragment	NA	NA	0.0	1.0	no viral genes detected
k127_594498	459	No	NA	1	1	0	Low-quality	Genome-fragment	0.68	HMM-based (lower-bound)	0.0	1.0	
k127_290924	1062	No	NA	1	1	0	Low-quality	Genome-fragment	1.79	HMM-based (lower-bound)	0.0	1.0	
k127_594776	369	No	NA	1	0	0	Low-quality	Genome-fragment	0.93	AAI-based (medium-confidence)	0.0	1.0	no viral genes detected
k127_131953	394	No	NA	1	0	0	Not-determined	Genome-fragment	NA	NA	0.0	1.0	no viral genes detected
k127_291282	327	No	NA	1	1	0	Low-quality	Genome-fragment	0.19	HMM-based (lower-bound)	0.0	1.0	
k127_446086	497	No	NA	1	0	0	Not-determined	Genome-fragment	NA	NA	0.0	1.0	no viral genes detected
k127_670609	306	No	NA	1	0	0	Not-determined	Genome-fragment	NA	NA	0.0	1.0	no viral genes detected
k127_364469	905	No	NA	2	1	0	Low-quality	Genome-fragment	1.29	HMM-based (lower-bound)	0.0	1.0	
k127_291399	440	No	NA	1	1	0	Low-quality	Genome-fragment	0.27	HMM-based (lower-bound)	0.0	1.0	
k127_132210	315	No	NA	1	0	0	Low-quality	Genome-fragment	0.15	AAI-based (high-confidence)	0.0	1.0	no viral genes detected
k127_60226	9548	No	NA	17	0	0	Not-determined	Genome-fragment	NA	NA	0.0	1.0	no viral genes detected
k127_364743	381	No	NA	1	1	0	Low-quality	Genome-fragment	0.26	HMM-based (lower-bound)	0.0	1.0	
k127_364916	334	No	NA	2	0	0	Not-determined	Genome-fragment	NA	NA	0.0	1.0	no viral genes detected
k127_595602	324	No	NA	1	0	0	Not-determined	Genome-fragment	NA	NA	0.0	1.0	no viral genes detected
k127_60716	343	No	NA	1	1	0	Low-quality	Genome-fragment	0.21	HMM-based (lower-bound)	0.0	1.0	
k127_210396	1367	No	NA	1	1	0	Low-quality	Genome-fragment	1.26	HMM-based (lower-bound)	0.0	1.0	
k127_210416	355	No	NA	1	0	0	Not-determined	Genome-fragment	NA	NA	0.0	1.0	no viral genes detected
k127_447037	611	No	NA	2	1	0	Low-quality	Genome-fragment	0.67	AAI-based (high-confidence)	0.0	1.0	
k127_210601	544	No	NA	2	1	0	Low-quality	Genome-fragment	1.25	AAI-based (medium-confidence)	0.0	1.0	
k127_210742	383	No	NA	2	0	0	Not-determined	Genome-fragment	NA	NA	0.0	1.0	no viral genes detected
k127_210743	386	No	NA	1	1	0	Low-quality	Genome-fragment	0.46	HMM-based (lower-bound)	0.0	1.0	
k127_210824	566	No	NA	1	1	0	Low-quality	Genome-fragment	0.74	AAI-based (high-confidence)	0.0	1.0	
k127_749667	413	No	NA	1	1	0	Low-quality	Genome-fragment	0.56	HMM-based (lower-bound)	0.0	1.0	
k127_133339	1053	No	NA	1	1	0	Low-quality	Genome-fragment	2.03	AAI-based (high-confidence)	0.0	1.0	
k127_292787	342	No	NA	1	0	0	Not-determined	Genome-fragment	NA	NA	0.0	1.0	no viral genes detected
k127_447595	355	No	NA	1	1	0	Low-quality	Genome-fragment	0.33	AAI-based (medium-confidence)	0.0	1.0	
k127_671924	2788	No	NA	4	1	0	Low-quality	Genome-fragment	5.11	AAI-based (medium-confidence)	0.0	1.0	
k127_672056	397	No	NA	3	1	0	Low-quality	Genome-fragment	0.63	HMM-based (lower-bound)	0.0	1.0	
k127_596671	317	No	NA	1	0	0	Not-determined	Genome-fragment	NA	NA	0.0	1.0	no viral genes detected
k127_211434	1256	No	NA	1	0	0	Low-quality	Genome-fragment	2.36	AAI-based (medium-confidence)	0.0	1.0	no viral genes detected
k127_518903	574	No	NA	1	0	1	Not-determined	Genome-fragment	NA	NA	0.0	1.0	no viral genes detected
k127_366431	332	No	NA	1	0	0	Low-quality	Genome-fragment	0.68	AAI-based (medium-confidence)	0.0	1.0	no viral genes detected
k127_366542	587	No	NA	1	0	0	Low-quality	Genome-fragment	1.19	AAI-based (medium-confidence)	0.0	1.0	no viral genes detected
k127_134212	390	No	NA	1	1	0	Low-quality	Genome-fragment	0.72	HMM-based (lower-bound)	0.0	1.0	
k127_519353	543	No	NA	1	1	0	Low-quality	Genome-fragment	0.5	HMM-based (lower-bound)	0.0	1.0	
k127_519360	369	No	NA	1	1	0	Low-quality	Genome-fragment	0.49	HMM-based (lower-bound)	0.0	1.0	
k127_672737	12342	No	NA	25	2	2	Low-quality	Genome-fragment	29.07	AAI-based (high-confidence)	0.0	1.0	
k127_293792	375	No	NA	1	1	0	Low-quality	Genome-fragment	0.53	HMM-based (lower-bound)	0.0	1.0	
k127_750730	505	No	NA	1	1	0	Low-quality	Genome-fragment	0.81	HMM-based (lower-bound)	0.0	1.0	
k127_293852	384	No	NA	1	1	0	Low-quality	Genome-fragment	0.24	HMM-based (lower-bound)	0.0	1.0	
k127_293883	968	No	NA	1	0	1	Not-determined	Genome-fragment	NA	NA	0.0	1.0	no viral genes detected
k127_212055	399	No	NA	1	1	0	Low-quality	Genome-fragment	0.95	AAI-based (high-confidence)	0.0	1.0	
k127_597478	548	No	NA	1	0	1	Not-determined	Genome-fragment	NA	NA	0.0	1.0	no viral genes detected
k127_597666	682	No	NA	1	0	0	Not-determined	Genome-fragment	NA	NA	0.0	1.0	no viral genes detected
k127_750998	314	No	NA	1	0	0	Not-determined	Genome-fragment	NA	NA	0.0	1.0	no viral genes detected
k127_449026	487	No	NA	1	0	0	Low-quality	Genome-fragment	0.29	AAI-based (medium-confidence)	0.0	1.0	no viral genes detected
k127_294296	5143	No	NA	5	0	0	Not-determined	Genome-fragment	NA	NA	0.0	1.0	no viral genes detected
k127_212550	319	No	NA	1	1	0	Low-quality	Genome-fragment	0.7	AAI-based (medium-confidence)	0.0	1.0	
k127_134965	1097	No	NA	1	1	0	Low-quality	Genome-fragment	1.01	HMM-based (lower-bound)	0.0	1.0	
k127_598147	380	No	NA	2	0	0	Low-quality	Genome-fragment	0.61	AAI-based (medium-confidence)	0.0	1.0	no viral genes detected
k127_367569	307	No	NA	2	1	0	Low-quality	Genome-fragment	0.97	HMM-based (lower-bound)	0.0	1.0	
k127_63468	409	No	NA	2	1	0	Low-quality	Genome-fragment	0.55	AAI-based (high-confidence)	0.0	1.0	
k127_520484	358	No	NA	1	1	0	Low-quality	Genome-fragment	0.54	HMM-based (lower-bound)	0.0	1.0	
k127_213174	313	No	NA	1	0	0	Not-determined	Genome-fragment	NA	NA	0.0	1.0	no viral genes detected
k127_520676	2800	No	NA	1	0	0	Not-determined	Genome-fragment	NA	NA	0.0	1.0	no viral genes detected
k127_598761	459	No	NA	2	1	0	Low-quality	Genome-fragment	0.53	HMM-based (lower-bound)	0.0	1.0	
k127_213350	319	No	NA	2	1	0	Low-quality	Genome-fragment	0.51	HMM-based (lower-bound)	0.0	1.0	
k127_752121	781	No	NA	1	0	1	Not-determined	Genome-fragment	NA	NA	0.0	1.0	no viral genes detected
k127_213625	940	No	NA	2	0	1	Not-determined	Genome-fragment	NA	NA	0.0	1.0	no viral genes detected
k127_450461	344	No	NA	1	1	0	Low-quality	Genome-fragment	0.41	HMM-based (lower-bound)	0.0	1.0	
k127_521288	447	No	NA	1	0	1	Not-determined	Genome-fragment	NA	NA	0.0	1.0	no viral genes detected
k127_752595	475	No	NA	1	0	1	Not-determined	Genome-fragment	NA	NA	0.0	1.0	no viral genes detected
k127_368983	311	No	NA	1	0	0	Not-determined	Genome-fragment	NA	NA	0.0	1.0	no viral genes detected
k127_136504	669	No	NA	2	0	0	Not-determined	Genome-fragment	NA	NA	0.0	1.0	no viral genes detected
k127_521668	524	No	NA	1	0	0	Not-determined	Genome-fragment	NA	NA	0.0	1.0	no viral genes detected
k127_214275	778	No	NA	2	0	0	Low-quality	Genome-fragment	1.74	AAI-based (medium-confidence)	0.0	1.0	no viral genes detected
k127_214572	533	No	NA	2	1	0	Low-quality	Genome-fragment	0.86	HMM-based (lower-bound)	0.0	1.0	
k127_136894	1265	No	NA	3	2	0	Low-quality	Genome-fragment	0.29	AAI-based (medium-confidence)	0.0	1.0	
k127_522162	382	No	NA	1	0	0	Low-quality	Genome-fragment	0.89	AAI-based (medium-confidence)	0.0	1.0	no viral genes detected
k127_214746	810	No	NA	2	0	0	Low-quality	Genome-fragment	1.42	AAI-based (medium-confidence)	0.0	1.0	no viral genes detected
k127_451644	550	No	NA	1	0	0	Not-determined	Genome-fragment	NA	NA	0.0	1.0	no viral genes detected
k127_297041	382	No	NA	1	1	0	Low-quality	Genome-fragment	0.62	HMM-based (lower-bound)	0.0	1.0	
k127_369923	1078	No	NA	2	0	2	Not-determined	Genome-fragment	NA	NA	0.0	1.0	no viral genes detected
k127_137509	636	No	NA	1	1	0	Low-quality	Genome-fragment	0.21	AAI-based (medium-confidence)	0.0	1.0	
k127_452097	1177	No	NA	1	0	0	Not-determined	Genome-fragment	NA	NA	0.0	1.0	no viral genes detected
k127_452118	968	No	NA	2	1	0	Low-quality	Genome-fragment	2.1	AAI-based (high-confidence)	0.0	1.0	
k127_137657	1569	No	NA	2	1	0	Low-quality	Genome-fragment	3.9	AAI-based (high-confidence)	0.0	1.0	
k127_297489	5108	No	NA	14	3	0	Low-quality	Genome-fragment	7.35	HMM-based (lower-bound)	0.0	1.0	
k127_215571	358	No	NA	1	1	0	Low-quality	Genome-fragment	0.41	HMM-based (lower-bound)	0.0	1.0	
k127_523115	946	No	NA	2	1	0	Low-quality	Genome-fragment	1.36	AAI-based (high-confidence)	0.0	1.0	
k127_754679	1173	No	NA	2	1	0	Low-quality	Genome-fragment	0.58	HMM-based (lower-bound)	0.0	1.0	
k127_298135	388	No	NA	1	0	0	Not-determined	Genome-fragment	NA	NA	0.0	1.0	no viral genes detected
k127_523766	376	No	NA	1	1	0	Low-quality	Genome-fragment	0.28	HMM-based (lower-bound)	0.0	1.0	
k127_523825	662	No	NA	1	1	0	Low-quality	Genome-fragment	1.45	AAI-based (medium-confidence)	0.0	1.0	
k127_755196	323	No	NA	1	0	0	Not-determined	Genome-fragment	NA	NA	0.0	1.0	no viral genes detected
k127_371569	462	No	NA	1	0	0	Not-determined	Genome-fragment	NA	NA	0.0	1.0	no viral genes detected
k127_677449	495	No	NA	1	0	1	Not-determined	Genome-fragment	NA	NA	0.0	1.0	no viral genes detected
k127_453743	354	No	NA	1	1	0	Low-quality	Genome-fragment	0.55	HMM-based (lower-bound)	0.0	1.0	
k127_298913	1201	No	NA	3	0	0	Low-quality	Genome-fragment	1.91	AAI-based (medium-confidence)	0.0	1.0	no viral genes detected
k127_299046	912	No	NA	1	0	0	Not-determined	Genome-fragment	NA	NA	0.0	1.0	no viral genes detected
k127_371753	437	No	NA	1	0	1	Not-determined	Genome-fragment	NA	NA	0.0	1.0	no viral genes detected
k127_139127	894	No	NA	1	0	0	Not-determined	Genome-fragment	NA	NA	0.0	1.0	no viral genes detected
k127_216804	332	No	NA	1	1	0	Low-quality	Genome-fragment	0.39	AAI-based (high-confidence)	0.0	1.0	
k127_299093	621	No	NA	1	0	0	Not-determined	Genome-fragment	NA	NA	0.0	1.0	no viral genes detected
k127_524450	2512	No	NA	5	1	0	Low-quality	Genome-fragment	1.6	HMM-based (lower-bound)	0.0	1.0	
k127_299240	416	No	NA	1	1	0	Low-quality	Genome-fragment	0.69	HMM-based (lower-bound)	0.0	1.0	
k127_602447	328	No	NA	1	0	0	Not-determined	Genome-fragment	NA	NA	0.0	1.0	no viral genes detected
k127_602646	369	No	NA	1	1	0	Low-quality	Genome-fragment	0.57	HMM-based (lower-bound)	0.0	1.0	
k127_139561	374	No	NA	1	0	0	Not-determined	Genome-fragment	NA	NA	0.0	1.0	no viral genes detected
k127_678187	433	No	NA	2	0	0	Not-determined	Genome-fragment	NA	NA	0.0	1.0	no viral genes detected
k127_68303	409	No	NA	1	1	0	Low-quality	Genome-fragment	0.61	HMM-based (lower-bound)	0.0	1.0	
k127_68311	654	No	NA	1	1	0	Low-quality	Genome-fragment	1.49	AAI-based (medium-confidence)	0.0	1.0	
k127_602984	441	No	NA	1	1	0	Low-quality	Genome-fragment	0.3	HMM-based (lower-bound)	0.0	1.0	
k127_217608	326	No	NA	1	0	0	Low-quality	Genome-fragment	0.73	AAI-based (medium-confidence)	0.0	1.0	no viral genes detected
k127_603212	235	No	NA	1	1	0	Low-quality	Genome-fragment	0.26	HMM-based (lower-bound)	0.0	1.0	
k127_756553	476	No	NA	2	0	0	Not-determined	Genome-fragment	NA	NA	0.0	1.0	no viral genes detected
k127_372902	569	No	NA	1	0	0	Not-determined	Genome-fragment	NA	NA	0.0	1.0	no viral genes detected
k127_455168	310	No	NA	1	0	0	Not-determined	Genome-fragment	NA	NA	0.0	1.0	no viral genes detected
k127_140555	1077	No	NA	1	1	0	Low-quality	Genome-fragment	1.52	HMM-based (lower-bound)	0.0	1.0	
k127_679148	685	No	NA	1	1	0	Low-quality	Genome-fragment	0.98	HMM-based (lower-bound)	0.0	1.0	
k127_300805	390	No	NA	2	0	0	Not-determined	Genome-fragment	NA	NA	0.0	1.0	no viral genes detected
k127_757171	588	No	NA	1	0	1	Not-determined	Genome-fragment	NA	NA	0.0	1.0	no viral genes detected
k127_757188	470	No	NA	1	1	0	Low-quality	Genome-fragment	0.67	AAI-based (medium-confidence)	0.0	1.0	
k127_69460	459	No	NA	1	0	1	Not-determined	Genome-fragment	NA	NA	0.0	1.0	no viral genes detected
k127_140978	326	No	NA	1	1	0	Low-quality	Genome-fragment	0.21	AAI-based (medium-confidence)	0.0	1.0	
k127_218653	771	No	NA	2	1	0	Low-quality	Genome-fragment	1.1	HMM-based (lower-bound)	0.0	1.0	
k127_373707	308	No	NA	1	0	0	Low-quality	Genome-fragment	0.73	AAI-based (high-confidence)	0.0	1.0	no viral genes detected
k127_604208	331	No	NA	1	0	0	Not-determined	Genome-fragment	NA	NA	0.0	1.0	no viral genes detected
k127_757574	3167	No	NA	7	0	0	Low-quality	Genome-fragment	7.95	AAI-based (high-confidence)	0.0	1.0	no viral genes detected
k127_680354	492	No	NA	1	0	0	Not-determined	Genome-fragment	NA	NA	0.0	1.0	no viral genes detected
k127_374468	1151	No	NA	1	0	1	Not-determined	Genome-fragment	NA	NA	0.0	1.0	no viral genes detected
k127_527008	473	No	NA	1	1	0	Low-quality	Genome-fragment	0.82	AAI-based (medium-confidence)	0.0	1.0	
k127_302006	591	No	NA	1	1	0	Low-quality	Genome-fragment	0.84	HMM-based (lower-bound)	0.0	1.0	
k127_70777	599	No	NA	2	0	0	Low-quality	Genome-fragment	1.07	AAI-based (high-confidence)	0.0	1.0	no viral genes detected
k127_142090	339	No	NA	1	0	0	Not-determined	Genome-fragment	NA	NA	0.0	1.0	no viral genes detected
k127_219840	726	No	NA	1	1	0	Low-quality	Genome-fragment	1.17	AAI-based (medium-confidence)	0.0	1.0	
k127_219971	397	No	NA	1	0	0	Not-determined	Genome-fragment	NA	NA	0.0	1.0	no viral genes detected
k127_758840	315	No	NA	1	1	0	Low-quality	Genome-fragment	0.17	HMM-based (lower-bound)	0.0	1.0	
k127_220011	1186	No	NA	1	0	0	Not-determined	Genome-fragment	NA	NA	0.0	1.0	no viral genes detected
k127_142700	947	No	NA	1	0	0	Not-determined	Genome-fragment	NA	NA	0.0	1.0	no viral genes detected
k127_457878	533	No	NA	1	0	0	Not-determined	Genome-fragment	NA	NA	0.0	1.0	no viral genes detected
k127_681516	311	No	NA	1	1	0	Low-quality	Genome-fragment	0.36	HMM-based (lower-bound)	0.0	1.0	
k127_220563	455	No	NA	1	0	0	Not-determined	Genome-fragment	NA	NA	0.0	1.0	no viral genes detected
k127_458151	2841	No	NA	2	0	1	Low-quality	Genome-fragment	1.56	AAI-based (medium-confidence)	0.0	1.01	no viral genes detected
k127_681572	425	No	NA	1	0	0	Low-quality	Genome-fragment	0.96	AAI-based (medium-confidence)	0.0	1.0	no viral genes detected
k127_375728	422	No	NA	1	0	0	Not-determined	Genome-fragment	NA	NA	0.0	1.0	no viral genes detected
k127_528237	432	No	NA	1	1	0	Low-quality	Genome-fragment	0.9	AAI-based (high-confidence)	0.0	1.0	
k127_375794	363	No	NA	1	0	0	Not-determined	Genome-fragment	NA	NA	0.0	1.0	no viral genes detected
k127_759659	485	No	NA	1	0	1	Not-determined	Genome-fragment	NA	NA	0.0	1.0	no viral genes detected
k127_303544	317	No	NA	1	1	0	Low-quality	Genome-fragment	0.58	AAI-based (high-confidence)	0.0	1.0	
k127_143247	330	No	NA	1	0	0	Low-quality	Genome-fragment	0.38	AAI-based (medium-confidence)	0.0	1.0	no viral genes detected
k127_759791	701	No	NA	1	0	0	Not-determined	Genome-fragment	NA	NA	0.0	1.0	no viral genes detected
k127_221070	315	No	NA	1	1	0	Low-quality	Genome-fragment	0.22	HMM-based (lower-bound)	0.0	1.0	
k127_143563	444	No	NA	2	1	0	Low-quality	Genome-fragment	1.12	AAI-based (medium-confidence)	0.0	1.0	
k127_72574	439	No	NA	1	0	0	Low-quality	Genome-fragment	0.33	AAI-based (medium-confidence)	0.0	1.0	no viral genes detected
k127_143681	393	No	NA	1	1	0	Low-quality	Genome-fragment	0.56	HMM-based (lower-bound)	0.0	1.0	
k127_606913	447	No	NA	2	1	0	Low-quality	Genome-fragment	0.81	HMM-based (lower-bound)	0.0	1.0	
k127_528898	437	No	NA	2	1	0	Low-quality	Genome-fragment	0.78	AAI-based (medium-confidence)	0.0	1.0	
k127_529063	385	No	NA	1	0	0	Not-determined	Genome-fragment	NA	NA	0.0	1.0	no viral genes detected
k127_529066	767	No	NA	1	0	1	Not-determined	Genome-fragment	NA	NA	0.0	1.0	no viral genes detected
k127_72842	347	No	NA	1	1	0	Low-quality	Genome-fragment	0.85	AAI-based (high-confidence)	0.0	1.0	
k127_682633	1324	No	NA	2	1	0	Low-quality	Genome-fragment	0.29	HMM-based (lower-bound)	0.0	1.0	
k127_144098	1300	No	NA	1	0	0	Low-quality	Genome-fragment	2.71	AAI-based (medium-confidence)	0.0	1.0	no viral genes detected
k127_682849	399	No	NA	1	0	0	Not-determined	Genome-fragment	NA	NA	0.0	1.0	no viral genes detected
k127_683089	552	No	NA	1	0	0	Not-determined	Genome-fragment	NA	NA	0.0	1.0	no viral genes detected
k127_222176	346	No	NA	2	0	0	Not-determined	Genome-fragment	NA	NA	0.0	1.0	no viral genes detected
k127_144534	468	No	NA	1	0	0	Not-determined	Genome-fragment	NA	NA	0.0	1.0	no viral genes detected
k127_683260	380	No	NA	1	0	0	Low-quality	Genome-fragment	0.56	AAI-based (medium-confidence)	0.0	1.0	no viral genes detected
k127_683272	4049	No	NA	10	0	0	Not-determined	Genome-fragment	NA	NA	0.0	1.0	no viral genes detected
k127_460155	425	No	NA	2	0	0	Not-determined	Genome-fragment	NA	NA	0.0	1.0	no viral genes detected
k127_529941	342	No	NA	1	0	0	Low-quality	Genome-fragment	0.84	AAI-based (high-confidence)	0.0	1.0	no viral genes detected
k127_683434	545	No	NA	1	0	0	Not-determined	Genome-fragment	NA	NA	0.0	1.0	no viral genes detected
k127_144862	323	No	NA	1	0	0	Not-determined	Genome-fragment	NA	NA	0.0	1.0	no viral genes detected
k127_608210	309	No	NA	1	0	0	Not-determined	Genome-fragment	NA	NA	0.0	1.0	no viral genes detected
k127_145065	329	No	NA	1	0	0	Not-determined	Genome-fragment	NA	NA	0.0	1.0	no viral genes detected
k127_305497	356	No	NA	1	1	0	Low-quality	Genome-fragment	0.29	HMM-based (lower-bound)	0.0	1.0	
k127_761627	524	No	NA	1	0	0	Not-determined	Genome-fragment	NA	NA	0.0	1.0	no viral genes detected
k127_222824	365	No	NA	1	0	0	Not-determined	Genome-fragment	NA	NA	0.0	1.0	no viral genes detected
k127_145273	770	No	NA	2	0	0	Low-quality	Genome-fragment	1.54	AAI-based (medium-confidence)	0.0	1.0	no viral genes detected
k127_145369	1397	No	NA	2	1	0	Low-quality	Genome-fragment	2.64	AAI-based (medium-confidence)	0.0	1.0	
k127_378167	400	No	NA	1	0	0	Not-determined	Genome-fragment	NA	NA	0.0	1.0	no viral genes detected
k127_608685	305	No	NA	1	1	0	Low-quality	Genome-fragment	0.21	HMM-based (lower-bound)	0.0	1.0	
k127_531047	424	No	NA	1	0	0	Not-determined	Genome-fragment	NA	NA	0.0	1.0	no viral genes detected
k127_378861	335	No	NA	1	0	0	Low-quality	Genome-fragment	0.78	AAI-based (medium-confidence)	0.0	1.0	no viral genes detected
k127_684792	336	No	NA	1	1	0	Low-quality	Genome-fragment	0.38	HMM-based (lower-bound)	0.0	1.0	
k127_307311	303	No	NA	1	1	0	Low-quality	Genome-fragment	0.44	HMM-based (lower-bound)	0.0	1.0	
k127_532049	459	No	NA	1	1	0	Low-quality	Genome-fragment	0.55	HMM-based (lower-bound)	0.0	1.0	
k127_76115	670	No	NA	2	1	0	Low-quality	Genome-fragment	0.27	HMM-based (lower-bound)	0.0	1.0	
k127_610554	368	No	NA	2	0	0	Low-quality	Genome-fragment	1.11	AAI-based (medium-confidence)	0.0	1.0	no viral genes detected
k127_763999	311	No	NA	1	0	0	Not-determined	Genome-fragment	NA	NA	0.0	1.0	no viral genes detected
k127_686135	374	No	NA	1	0	0	Not-determined	Genome-fragment	NA	NA	0.0	1.0	no viral genes detected
k127_532768	473	No	NA	1	0	0	Low-quality	Genome-fragment	0.97	AAI-based (medium-confidence)	0.0	1.0	no viral genes detected
k127_225406	528	No	NA	1	1	0	Low-quality	Genome-fragment	0.72	HMM-based (lower-bound)	0.0	1.0	
k127_764544	380	No	NA	1	1	0	Low-quality	Genome-fragment	0.45	HMM-based (lower-bound)	0.0	1.0	
k127_533055	710	No	NA	2	1	0	Low-quality	Genome-fragment	0.29	HMM-based (lower-bound)	0.0	1.0	
k127_148103	1548	No	NA	1	1	0	Low-quality	Genome-fragment	1.05	AAI-based (high-confidence)	0.0	1.0	
k127_686755	341	No	NA	1	1	0	Low-quality	Genome-fragment	0.61	HMM-based (lower-bound)	0.0	1.0	
k127_225901	514	No	NA	1	1	0	Low-quality	Genome-fragment	0.76	HMM-based (lower-bound)	0.0	1.0	
k127_611588	1134	No	NA	2	0	0	Not-determined	Genome-fragment	NA	NA	0.0	1.0	no viral genes detected
k127_765238	1158	No	NA	3	1	0	Low-quality	Genome-fragment	2.72	AAI-based (medium-confidence)	0.0	1.0	
k127_687246	319	No	NA	1	1	0	Low-quality	Genome-fragment	0.37	HMM-based (lower-bound)	0.0	1.0	
k127_226630	406	No	NA	1	0	0	Not-determined	Genome-fragment	NA	NA	0.0	1.0	no viral genes detected
k127_612410	445	No	NA	2	0	0	Not-determined	Genome-fragment	NA	NA	0.0	1.0	no viral genes detected
k127_687823	1092	No	NA	1	0	0	Not-determined	Genome-fragment	NA	NA	0.0	1.0	no viral genes detected
k127_149545	302	No	NA	1	0	0	Low-quality	Genome-fragment	0.87	AAI-based (medium-confidence)	0.0	1.0	no viral genes detected
k127_149626	845	No	NA	1	1	0	Low-quality	Genome-fragment	1.3	HMM-based (lower-bound)	0.0	1.0	
k127_227651	626	No	NA	1	0	0	Not-determined	Genome-fragment	NA	NA	0.0	1.0	no viral genes detected
k127_688641	482	No	NA	1	0	0	Not-determined	Genome-fragment	NA	NA	0.0	1.0	no viral genes detected
k127_688739	470	No	NA	1	0	0	Low-quality	Genome-fragment	0.9	AAI-based (medium-confidence)	0.0	1.0	no viral genes detected
k127_688947	441	No	NA	1	0	0	Not-determined	Genome-fragment	NA	NA	0.0	1.0	no viral genes detected
k127_689031	1414	No	NA	2	1	0	Low-quality	Genome-fragment	0.61	HMM-based (lower-bound)	0.0	1.0	
k127_150752	380	No	NA	1	1	0	Low-quality	Genome-fragment	0.52	HMM-based (lower-bound)	0.0	1.0	
k127_150825	403	No	NA	1	0	0	Not-determined	Genome-fragment	NA	NA	0.0	1.0	no viral genes detected
k127_767437	1322	No	NA	1	1	0	Low-quality	Genome-fragment	2.59	AAI-based (medium-confidence)	0.0	1.0	
k127_689492	1007	No	NA	1	0	0	Low-quality	Genome-fragment	1.9	AAI-based (medium-confidence)	0.0	1.0	no viral genes detected
k127_689679	1906	No	NA	2	2	0	Low-quality	Genome-fragment	4.67	AAI-based (medium-confidence)	0.0	1.0	
k127_228866	351	No	NA	1	0	0	Not-determined	Genome-fragment	NA	NA	0.0	1.0	no viral genes detected
k127_229057	1251	No	NA	2	0	0	Low-quality	Genome-fragment	2.6	AAI-based (medium-confidence)	0.0	1.0	no viral genes detected
k127_614700	310	No	NA	1	0	0	Not-determined	Genome-fragment	NA	NA	0.0	1.0	no viral genes detected
k127_384342	375	No	NA	1	0	0	Not-determined	Genome-fragment	NA	NA	0.0	1.0	no viral genes detected
k127_229385	455	No	NA	1	0	0	Not-determined	Genome-fragment	NA	NA	0.0	1.0	no viral genes detected
k127_229451	379	No	NA	1	1	0	Low-quality	Genome-fragment	1.1	AAI-based (medium-confidence)	0.0	1.0	
k127_691051	358	No	NA	1	0	0	Not-determined	Genome-fragment	NA	NA	0.0	1.0	no viral genes detected
k127_537898	866	No	NA	1	0	1	Not-determined	Genome-fragment	NA	NA	0.0	1.0	no viral genes detected
k127_230571	810	No	NA	1	0	1	Not-determined	Genome-fragment	NA	NA	0.0	1.0	no viral genes detected
