contig_id	contig_length	provirus	proviral_length	gene_count	viral_genes	host_genes	checkv_quality	miuvig_quality	completeness	completeness_method	contamination	kmer_freq	warnings
k127_181799	697	No	NA	1	1	0	Low-quality	Genome-fragment	1.13	AAI-based (high-confidence)	0.0	1.0	
k127_545373	340	No	NA	1	0	0	Not-determined	Genome-fragment	NA	NA	0.0	1.0	no viral genes detected
k127_200	1298	No	NA	2	0	1	Not-determined	Genome-fragment	NA	NA	0.0	1.0	no viral genes detected
k127_91084	336	No	NA	2	0	0	Not-determined	Genome-fragment	NA	NA	0.0	1.0	no viral genes detected
k127_727495	400	No	NA	1	0	0	Low-quality	Genome-fragment	0.92	AAI-based (medium-confidence)	0.0	1.0	no viral genes detected
k127_636664	353	No	NA	1	0	0	Not-determined	Genome-fragment	NA	NA	0.0	1.0	no viral genes detected
k127_455380	567	No	NA	1	1	0	Low-quality	Genome-fragment	0.46	HMM-based (lower-bound)	0.0	1.0	
k127_183055	473	No	NA	1	0	0	Not-determined	Genome-fragment	NA	NA	0.0	1.0	no viral genes detected
k127_546536	1395	No	NA	1	0	0	Low-quality	Genome-fragment	2.99	AAI-based (medium-confidence)	0.0	1.0	no viral genes detected
k127_637643	369	No	NA	1	1	0	Low-quality	Genome-fragment	0.27	HMM-based (lower-bound)	0.0	1.0	
k127_1731	482	No	NA	1	0	0	Not-determined	Genome-fragment	NA	NA	0.0	1.0	no viral genes detected
k127_456579	448	No	NA	1	0	0	Not-determined	Genome-fragment	NA	NA	0.0	1.0	no viral genes detected
k127_274791	1930	No	NA	2	0	2	Low-quality	Genome-fragment	3.83	AAI-based (medium-confidence)	0.0	1.0	no viral genes detected
k127_184151	656	No	NA	1	0	0	Not-determined	Genome-fragment	NA	NA	0.0	1.0	no viral genes detected
k127_275266	407	No	NA	1	1	0	Low-quality	Genome-fragment	0.72	AAI-based (medium-confidence)	0.0	1.0	
k127_2681	548	No	NA	2	0	0	Low-quality	Genome-fragment	1.19	AAI-based (medium-confidence)	0.0	1.0	no viral genes detected
k127_457257	381	No	NA	1	0	1	Not-determined	Genome-fragment	NA	NA	0.0	1.0	no viral genes detected
k127_547903	482	No	NA	1	0	0	Not-determined	Genome-fragment	NA	NA	0.0	1.0	no viral genes detected
k127_547991	371	No	NA	1	1	0	Low-quality	Genome-fragment	0.66	AAI-based (medium-confidence)	0.0	1.0	
k127_547994	2967	No	NA	1	1	0	Low-quality	Genome-fragment	45.04	AAI-based (medium-confidence)	0.0	1.0	
k127_3164	532	No	NA	1	0	1	Not-determined	Genome-fragment	NA	NA	0.0	1.0	no viral genes detected
k127_821066	428	No	NA	1	0	0	Low-quality	Genome-fragment	0.71	AAI-based (medium-confidence)	0.0	1.0	no viral genes detected
k127_730389	822	No	NA	2	1	0	Low-quality	Genome-fragment	0.44	HMM-based (lower-bound)	0.0	1.0	
k127_276239	430	No	NA	2	1	0	Low-quality	Genome-fragment	0.39	HMM-based (lower-bound)	0.0	1.0	
k127_94939	577	No	NA	3	0	0	Not-determined	Genome-fragment	NA	NA	0.0	1.0	no viral genes detected
k127_4078	386	No	NA	1	0	0	Low-quality	Genome-fragment	0.84	AAI-based (medium-confidence)	0.0	1.0	no viral genes detected
k127_276691	852	No	NA	1	0	0	Not-determined	Genome-fragment	NA	NA	0.0	1.0	no viral genes detected
k127_458879	590	No	NA	1	0	0	Not-determined	Genome-fragment	NA	NA	0.0	1.0	no viral genes detected
k127_186416	640	No	NA	1	0	0	Not-determined	Genome-fragment	NA	NA	0.0	1.0	no viral genes detected
k127_459508	443	No	NA	1	0	0	Not-determined	Genome-fragment	NA	NA	0.0	1.0	no viral genes detected
k127_368583	597	No	NA	1	0	0	Not-determined	Genome-fragment	NA	NA	0.0	1.0	no viral genes detected
k127_459737	385	No	NA	1	1	0	Low-quality	Genome-fragment	0.66	HMM-based (lower-bound)	0.0	1.0	
k127_96480	342	No	NA	1	0	0	Not-determined	Genome-fragment	NA	NA	0.0	1.0	no viral genes detected
k127_460485	1194	No	NA	2	0	0	Not-determined	Genome-fragment	NA	NA	0.0	1.0	no viral genes detected
k127_369949	758	No	NA	1	0	1	Not-determined	Genome-fragment	NA	NA	0.0	1.0	no viral genes detected
k127_733284	516	No	NA	2	0	0	Low-quality	Genome-fragment	1.19	AAI-based (medium-confidence)	0.0	1.0	no viral genes detected
k127_551436	323	No	NA	1	1	0	Low-quality	Genome-fragment	0.22	HMM-based (lower-bound)	0.0	1.0	
k127_6710	1123	No	NA	1	0	0	Low-quality	Genome-fragment	2.08	AAI-based (medium-confidence)	0.0	1.0	no viral genes detected
k127_98163	387	No	NA	1	1	0	Low-quality	Genome-fragment	1.12	AAI-based (high-confidence)	0.0	1.0	
k127_552023	916	No	NA	1	0	0	Not-determined	Genome-fragment	NA	NA	0.0	1.0	no viral genes detected
k127_643342	1266	No	NA	2	0	0	Not-determined	Genome-fragment	NA	NA	0.0	1.0	no viral genes detected
k127_370942	416	No	NA	1	0	0	Not-determined	Genome-fragment	NA	NA	0.0	1.0	no viral genes detected
k127_462015	3170	No	NA	5	2	0	Low-quality	Genome-fragment	3.85	HMM-based (lower-bound)	0.0	1.0	
k127_7494	302	No	NA	1	0	0	Low-quality	Genome-fragment	0.42	AAI-based (medium-confidence)	0.0	1.0	no viral genes detected
k127_189654	301	No	NA	1	1	0	Low-quality	Genome-fragment	5.03	AAI-based (medium-confidence)	0.0	1.0	
k127_98952	343	No	NA	1	0	0	Low-quality	Genome-fragment	0.69	AAI-based (high-confidence)	0.0	1.0	no viral genes detected
k127_371701	307	No	NA	1	1	0	Low-quality	Genome-fragment	0.85	AAI-based (high-confidence)	0.0	1.0	
k127_281013	2843	No	NA	2	0	1	Not-determined	Genome-fragment	NA	NA	0.0	1.0	no viral genes detected
k127_281034	339	No	NA	1	0	0	Not-determined	Genome-fragment	NA	NA	0.0	1.0	no viral genes detected
k127_8390	544	No	NA	2	1	0	Low-quality	Genome-fragment	0.68	HMM-based (lower-bound)	0.0	1.0	
k127_190570	1298	No	NA	1	0	0	Low-quality	Genome-fragment	2.45	AAI-based (medium-confidence)	0.0	1.0	no viral genes detected
k127_735340	346	No	NA	1	0	0	Not-determined	Genome-fragment	NA	NA	0.0	1.0	no viral genes detected
k127_827034	387	No	NA	2	0	0	Low-quality	Genome-fragment	0.99	AAI-based (medium-confidence)	0.0	1.0	no viral genes detected
k127_735754	489	No	NA	1	0	0	Not-determined	Genome-fragment	NA	NA	0.0	1.0	no viral genes detected
k127_463928	387	No	NA	1	0	0	Not-determined	Genome-fragment	NA	NA	0.0	1.0	no viral genes detected
k127_282099	600	No	NA	1	0	1	Not-determined	Genome-fragment	NA	NA	0.0	1.0	no viral genes detected
k127_101202	340	No	NA	1	0	0	Not-determined	Genome-fragment	NA	NA	0.0	1.0	no viral genes detected
k127_464929	1301	No	NA	1	0	1	Not-determined	Genome-fragment	NA	NA	0.0	1.0	no viral genes detected
k127_736895	390	No	NA	1	0	0	Not-determined	Genome-fragment	NA	NA	0.0	1.0	no viral genes detected
k127_828370	499	No	NA	1	0	0	Not-determined	Genome-fragment	NA	NA	0.0	1.0	no viral genes detected
k127_10479	1420	No	NA	2	1	0	Low-quality	Genome-fragment	2.6	AAI-based (medium-confidence)	0.0	1.0	
k127_193287	354	No	NA	1	1	0	Low-quality	Genome-fragment	0.64	AAI-based (high-confidence)	0.0	1.0	
k127_829368	482	No	NA	1	0	0	Not-determined	Genome-fragment	NA	NA	0.0	1.0	no viral genes detected
k127_829401	336	No	NA	2	1	0	Low-quality	Genome-fragment	0.6	HMM-based (lower-bound)	0.0	1.0	
k127_737942	604	No	NA	1	0	0	Not-determined	Genome-fragment	NA	NA	0.0	1.0	no viral genes detected
k127_466975	341	No	NA	1	1	0	Low-quality	Genome-fragment	0.45	HMM-based (lower-bound)	0.0	1.0	
k127_557056	432	No	NA	1	0	0	Low-quality	Genome-fragment	0.93	AAI-based (medium-confidence)	0.0	1.0	no viral genes detected
k127_648518	339	No	NA	1	0	0	Low-quality	Genome-fragment	0.79	AAI-based (high-confidence)	0.0	1.0	no viral genes detected
k127_285197	864	No	NA	1	0	1	Not-determined	Genome-fragment	NA	NA	0.0	1.0	no viral genes detected
k127_376239	836	No	NA	1	0	0	Not-determined	Genome-fragment	NA	NA	0.0	1.0	no viral genes detected
k127_103615	1824	No	NA	3	1	0	Low-quality	Genome-fragment	2.73	HMM-based (lower-bound)	0.0	1.0	
k127_194636	355	No	NA	1	1	0	Low-quality	Genome-fragment	0.33	HMM-based (lower-bound)	0.0	1.0	
k127_376403	650	No	NA	2	0	0	Not-determined	Genome-fragment	NA	NA	0.0	1.0	no viral genes detected
k127_194703	369	No	NA	1	1	0	Not-determined	Genome-fragment	NA	NA	0.0	1.0	
k127_12783	483	No	NA	1	0	0	Not-determined	Genome-fragment	NA	NA	0.0	1.0	no viral genes detected
k127_648870	351	No	NA	1	0	0	Low-quality	Genome-fragment	0.4	AAI-based (medium-confidence)	0.0	1.0	no viral genes detected
k127_12980	331	No	NA	1	0	0	Not-determined	Genome-fragment	NA	NA	0.0	1.0	no viral genes detected
k127_195002	309	No	NA	1	0	0	Low-quality	Genome-fragment	0.19	AAI-based (medium-confidence)	0.0	1.0	no viral genes detected
k127_376735	520	No	NA	1	1	0	Low-quality	Genome-fragment	0.55	AAI-based (medium-confidence)	0.0	1.0	
k127_649578	306	No	NA	1	0	0	Not-determined	Genome-fragment	NA	NA	0.0	1.0	no viral genes detected
k127_831779	1053	No	NA	1	0	0	Not-determined	Genome-fragment	NA	NA	0.0	1.0	no viral genes detected
k127_195917	332	No	NA	1	0	0	Not-determined	Genome-fragment	NA	NA	0.0	1.0	no viral genes detected
k127_105796	790	No	NA	1	1	0	Low-quality	Genome-fragment	0.65	HMM-based (lower-bound)	0.0	1.0	
k127_651050	1073	No	NA	1	0	0	Low-quality	Genome-fragment	2.04	AAI-based (high-confidence)	0.0	1.0	no viral genes detected
k127_469895	616	No	NA	1	1	0	Low-quality	Genome-fragment	0.92	HMM-based (lower-bound)	0.0	1.0	
k127_833320	415	No	NA	1	0	1	Not-determined	Genome-fragment	NA	NA	0.0	1.0	no viral genes detected
k127_470209	547	No	NA	2	0	0	Not-determined	Genome-fragment	NA	NA	0.0	1.0	no viral genes detected
k127_197603	364	No	NA	2	0	0	Not-determined	Genome-fragment	NA	NA	0.0	1.0	no viral genes detected
k127_651864	385	No	NA	1	0	0	Not-determined	Genome-fragment	NA	NA	0.0	1.0	no viral genes detected
k127_470796	370	No	NA	1	0	0	Not-determined	Genome-fragment	NA	NA	0.0	1.0	no viral genes detected
k127_107124	719	No	NA	1	0	0	Low-quality	Genome-fragment	1.56	AAI-based (medium-confidence)	0.0	1.0	no viral genes detected
k127_742534	532	No	NA	2	0	1	Low-quality	Genome-fragment	1.3	AAI-based (medium-confidence)	0.0	1.0	no viral genes detected
k127_834896	546	No	NA	1	1	0	Low-quality	Genome-fragment	1.36	AAI-based (medium-confidence)	0.0	1.0	
k127_107856	494	No	NA	1	0	1	Not-determined	Genome-fragment	NA	NA	0.0	1.0	no viral genes detected
k127_380786	514	No	NA	1	0	0	Low-quality	Genome-fragment	0.36	AAI-based (medium-confidence)	0.0	1.0	no viral genes detected
k127_199187	337	No	NA	1	0	0	Low-quality	Genome-fragment	0.72	AAI-based (high-confidence)	0.0	1.0	no viral genes detected
k127_199261	556	No	NA	1	0	0	Low-quality	Genome-fragment	1.09	AAI-based (medium-confidence)	0.0	1.0	no viral genes detected
k127_17497	889	No	NA	2	2	0	Low-quality	Genome-fragment	1.65	HMM-based (lower-bound)	0.0	1.0	
k127_108815	455	No	NA	1	1	0	Low-quality	Genome-fragment	0.7	HMM-based (lower-bound)	0.0	1.0	
k127_17881	362	No	NA	1	0	0	Not-determined	Genome-fragment	NA	NA	0.0	1.0	no viral genes detected
k127_836289	722	No	NA	3	0	0	Not-determined	Genome-fragment	NA	NA	0.0	1.0	no viral genes detected
k127_109825	631	No	NA	2	0	0	Low-quality	Genome-fragment	1.46	AAI-based (medium-confidence)	0.0	1.0	no viral genes detected
k127_473873	348	No	NA	1	0	0	Not-determined	Genome-fragment	NA	NA	0.0	1.0	no viral genes detected
k127_474564	1636	No	NA	2	0	0	Not-determined	Genome-fragment	NA	NA	0.0	1.0	no viral genes detected
k127_110661	376	No	NA	1	1	0	Low-quality	Genome-fragment	0.31	HMM-based (lower-bound)	0.0	1.0	
k127_838040	336	No	NA	1	0	0	Low-quality	Genome-fragment	0.14	AAI-based (high-confidence)	0.0	1.0	no viral genes detected
k127_746453	301	No	NA	1	1	0	Low-quality	Genome-fragment	0.74	AAI-based (high-confidence)	0.0	1.0	
k127_475293	500	No	NA	1	1	0	Low-quality	Genome-fragment	0.63	AAI-based (medium-confidence)	0.0	1.0	
k127_293457	303	No	NA	1	0	0	Not-determined	Genome-fragment	NA	NA	0.0	1.0	no viral genes detected
k127_202691	403	No	NA	1	0	0	Low-quality	Genome-fragment	0.34	AAI-based (medium-confidence)	0.0	1.0	no viral genes detected
k127_203427	886	No	NA	2	0	2	Not-determined	Genome-fragment	NA	NA	0.0	1.0	no viral genes detected
k127_839897	405	No	NA	1	1	0	Low-quality	Genome-fragment	0.25	HMM-based (lower-bound)	0.0	1.0	
k127_476686	613	No	NA	1	1	0	Low-quality	Genome-fragment	0.55	HMM-based (lower-bound)	0.0	1.0	
k127_113326	699	No	NA	2	1	0	Low-quality	Genome-fragment	2.32	AAI-based (medium-confidence)	0.0	1.0	
k127_295484	323	No	NA	1	0	0	Not-determined	Genome-fragment	NA	NA	0.0	1.0	no viral genes detected
k127_22942	422	No	NA	1	0	0	Not-determined	Genome-fragment	NA	NA	0.0	1.0	no viral genes detected
k127_478162	357	No	NA	1	0	0	Not-determined	Genome-fragment	NA	NA	0.0	1.0	no viral genes detected
k127_386946	2701	No	NA	1	1	0	Low-quality	Genome-fragment	41.32	AAI-based (medium-confidence)	0.0	1.0	
k127_386962	371	No	NA	1	0	0	Not-determined	Genome-fragment	NA	NA	0.0	1.0	no viral genes detected
k127_297075	319	No	NA	1	0	0	Not-determined	Genome-fragment	NA	NA	0.0	1.0	no viral genes detected
k127_387870	318	No	NA	1	0	0	Not-determined	Genome-fragment	NA	NA	0.0	1.0	no viral genes detected
k127_206596	348	No	NA	1	0	0	Not-determined	Genome-fragment	NA	NA	0.0	1.0	no viral genes detected
k127_750735	1705	No	NA	1	0	1	Not-determined	Genome-fragment	NA	NA	0.0	1.0	no viral genes detected
k127_660822	920	No	NA	3	0	0	Not-determined	Genome-fragment	NA	NA	0.0	1.0	no viral genes detected
k127_206973	541	No	NA	1	0	0	Not-determined	Genome-fragment	NA	NA	0.0	1.0	no viral genes detected
k127_206976	518	No	NA	1	1	0	Low-quality	Genome-fragment	0.23	HMM-based (lower-bound)	0.0	1.0	
k127_479904	751	No	NA	1	0	0	Not-determined	Genome-fragment	NA	NA	0.0	1.0	no viral genes detected
k127_297946	2028	No	NA	1	0	1	Low-quality	Genome-fragment	3.49	AAI-based (medium-confidence)	0.0	1.0	no viral genes detected
k127_661074	596	No	NA	1	1	0	Low-quality	Genome-fragment	0.44	HMM-based (lower-bound)	0.0	1.0	
k127_843614	2590	No	NA	1	0	0	Not-determined	Genome-fragment	NA	NA	0.0	1.0	no viral genes detected
k127_298407	372	No	NA	1	0	0	Low-quality	Genome-fragment	0.28	AAI-based (medium-confidence)	0.0	1.0	no viral genes detected
k127_116603	598	No	NA	1	0	0	Not-determined	Genome-fragment	NA	NA	0.0	1.0	no viral genes detected
k127_389508	500	No	NA	1	0	0	Not-determined	Genome-fragment	NA	NA	0.0	1.0	no viral genes detected
k127_207997	390	No	NA	1	0	0	Low-quality	Genome-fragment	0.89	AAI-based (medium-confidence)	0.0	1.0	no viral genes detected
k127_480931	644	No	NA	1	0	1	Not-determined	Genome-fragment	NA	NA	0.0	1.0	no viral genes detected
k127_389955	2881	No	NA	4	0	0	Not-determined	Genome-fragment	NA	NA	0.0	1.0	no viral genes detected
k127_118221	331	No	NA	1	0	0	Not-determined	Genome-fragment	NA	NA	0.0	1.0	no viral genes detected
k127_390991	419	No	NA	1	0	0	Low-quality	Genome-fragment	0.96	AAI-based (high-confidence)	0.0	1.0	no viral genes detected
k127_27375	557	No	NA	1	0	1	Not-determined	Genome-fragment	NA	NA	0.0	1.0	no viral genes detected
k127_663586	613	No	NA	1	0	1	Not-determined	Genome-fragment	NA	NA	0.0	1.0	no viral genes detected
k127_210021	542	No	NA	1	0	1	Not-determined	Genome-fragment	NA	NA	0.0	1.0	no viral genes detected
k127_210290	582	No	NA	1	0	1	Not-determined	Genome-fragment	NA	NA	0.0	1.0	no viral genes detected
k127_391857	1055	No	NA	2	0	0	Low-quality	Genome-fragment	2.03	AAI-based (medium-confidence)	0.0	1.0	no viral genes detected
k127_572644	373	No	NA	1	1	0	Low-quality	Genome-fragment	0.42	HMM-based (lower-bound)	0.0	1.0	
k127_119840	469	No	NA	2	0	0	Low-quality	Genome-fragment	0.91	AAI-based (high-confidence)	0.0	1.0	no viral genes detected
k127_484421	916	No	NA	2	0	0	Low-quality	Genome-fragment	1.82	AAI-based (medium-confidence)	0.0	1.0	no viral genes detected
k127_393328	379	No	NA	1	0	0	Low-quality	Genome-fragment	0.85	AAI-based (medium-confidence)	0.0	1.0	no viral genes detected
k127_484613	650	No	NA	1	0	0	Low-quality	Genome-fragment	0.55	AAI-based (medium-confidence)	0.0	1.0	no viral genes detected
k127_120740	432	No	NA	1	0	0	Not-determined	Genome-fragment	NA	NA	0.0	1.0	no viral genes detected
k127_211968	444	No	NA	1	0	0	Low-quality	Genome-fragment	0.21	AAI-based (medium-confidence)	0.0	1.0	no viral genes detected
k127_484819	926	No	NA	1	0	0	Not-determined	Genome-fragment	NA	NA	0.0	1.0	no viral genes detected
k127_29869	333	No	NA	1	1	0	Low-quality	Genome-fragment	0.2	HMM-based (lower-bound)	0.0	1.0	
k127_755613	542	No	NA	1	0	0	Low-quality	Genome-fragment	1.22	AAI-based (medium-confidence)	0.0	1.0	no viral genes detected
k127_121056	356	No	NA	1	0	0	Not-determined	Genome-fragment	NA	NA	0.0	1.0	no viral genes detected
k127_666193	731	No	NA	1	1	0	Low-quality	Genome-fragment	0.53	HMM-based (lower-bound)	0.0	1.0	
k127_666246	336	No	NA	1	0	0	Low-quality	Genome-fragment	0.21	AAI-based (high-confidence)	0.0	1.0	no viral genes detected
k127_666270	1497	No	NA	1	0	0	Low-quality	Genome-fragment	2.78	AAI-based (medium-confidence)	0.0	1.0	no viral genes detected
k127_30343	2005	No	NA	1	0	0	Low-quality	Genome-fragment	4.39	AAI-based (medium-confidence)	0.0	1.0	no viral genes detected
k127_756313	358	No	NA	1	0	0	Not-determined	Genome-fragment	NA	NA	0.0	1.0	no viral genes detected
k127_574644	304	No	NA	1	1	0	Low-quality	Genome-fragment	0.54	AAI-based (high-confidence)	0.0	1.0	
k127_213248	664	No	NA	2	0	0	Not-determined	Genome-fragment	NA	NA	0.0	1.0	no viral genes detected
k127_122513	919	No	NA	2	0	1	Low-quality	Genome-fragment	2.06	AAI-based (medium-confidence)	0.0	1.0	no viral genes detected
k127_213729	382	No	NA	1	0	0	Low-quality	Genome-fragment	0.77	AAI-based (medium-confidence)	0.0	1.0	no viral genes detected
k127_849838	554	No	NA	1	0	0	Low-quality	Genome-fragment	1.11	AAI-based (medium-confidence)	0.0	1.0	no viral genes detected
k127_304770	606	No	NA	1	0	0	Low-quality	Genome-fragment	1.33	AAI-based (medium-confidence)	0.0	1.0	no viral genes detected
k127_395530	397	No	NA	1	1	0	Low-quality	Genome-fragment	0.16	HMM-based (lower-bound)	0.0	1.0	
k127_305261	302	No	NA	1	1	0	Low-quality	Genome-fragment	0.45	HMM-based (lower-bound)	0.0	1.0	
k127_576161	508	No	NA	1	1	0	Low-quality	Genome-fragment	0.42	HMM-based (lower-bound)	0.0	1.0	
k127_32710	742	No	NA	1	1	0	Low-quality	Genome-fragment	1.17	HMM-based (lower-bound)	0.0	1.0	
k127_396543	407	No	NA	1	1	0	Low-quality	Genome-fragment	0.58	HMM-based (lower-bound)	0.0	1.0	
k127_32910	794	No	NA	1	1	0	Low-quality	Genome-fragment	0.65	HMM-based (lower-bound)	0.0	1.0	
k127_215170	521	No	NA	1	0	0	Low-quality	Genome-fragment	1.16	AAI-based (medium-confidence)	0.0	1.0	no viral genes detected
k127_124830	310	No	NA	1	1	0	Low-quality	Genome-fragment	0.28	HMM-based (lower-bound)	0.0	1.0	
k127_669784	767	No	NA	2	0	0	Not-determined	Genome-fragment	NA	NA	0.0	1.0	no viral genes detected
k127_852236	531	No	NA	1	0	0	Not-determined	Genome-fragment	NA	NA	0.0	1.0	no viral genes detected
k127_577660	544	No	NA	1	0	0	Not-determined	Genome-fragment	NA	NA	0.0	1.0	no viral genes detected
k127_852344	481	No	NA	1	0	0	Low-quality	Genome-fragment	0.97	AAI-based (medium-confidence)	0.0	1.0	no viral genes detected
k127_397789	363	No	NA	1	0	0	Low-quality	Genome-fragment	0.92	AAI-based (medium-confidence)	0.0	1.0	no viral genes detected
k127_216359	655	No	NA	1	0	0	Low-quality	Genome-fragment	1.72	AAI-based (medium-confidence)	0.0	1.0	no viral genes detected
k127_577885	357	No	NA	1	0	0	Not-determined	Genome-fragment	NA	NA	0.0	1.0	no viral genes detected
k127_670419	735	No	NA	1	0	0	Not-determined	Genome-fragment	NA	NA	0.0	1.0	no viral genes detected
k127_578148	1062	No	NA	2	1	0	Low-quality	Genome-fragment	1.99	AAI-based (medium-confidence)	0.0	1.0	
k127_759905	340	No	NA	1	0	0	Not-determined	Genome-fragment	NA	NA	0.0	1.0	no viral genes detected
k127_853174	430	No	NA	1	0	0	Not-determined	Genome-fragment	NA	NA	0.0	1.0	no viral genes detected
k127_398751	663	No	NA	2	0	0	Not-determined	Genome-fragment	NA	NA	0.0	1.0	no viral genes detected
k127_308233	394	No	NA	2	0	0	Low-quality	Genome-fragment	1.01	AAI-based (medium-confidence)	0.0	1.0	no viral genes detected
k127_398973	304	No	NA	1	1	0	Low-quality	Genome-fragment	0.25	HMM-based (lower-bound)	0.0	1.0	
k127_671306	354	No	NA	1	0	0	Not-determined	Genome-fragment	NA	NA	0.0	1.0	no viral genes detected
k127_671399	370	No	NA	1	0	0	Low-quality	Genome-fragment	0.73	AAI-based (medium-confidence)	0.0	1.0	no viral genes detected
k127_579091	656	No	NA	1	0	0	Not-determined	Genome-fragment	NA	NA	0.0	1.0	no viral genes detected
k127_760953	514	No	NA	1	0	0	Low-quality	Genome-fragment	0.7	AAI-based (medium-confidence)	0.0	1.0	no viral genes detected
k127_671674	423	No	NA	1	0	0	Not-determined	Genome-fragment	NA	NA	0.0	1.0	no viral genes detected
k127_35712	552	No	NA	1	0	0	Low-quality	Genome-fragment	1.11	AAI-based (medium-confidence)	0.0	1.0	no viral genes detected
k127_217922	309	No	NA	1	0	0	Low-quality	Genome-fragment	0.27	AAI-based (high-confidence)	0.0	1.0	no viral genes detected
k127_761178	601	No	NA	2	2	0	Low-quality	Genome-fragment	0.55	HMM-based (lower-bound)	0.0	1.05	
k127_126978	322	No	NA	1	1	0	Low-quality	Genome-fragment	0.84	AAI-based (medium-confidence)	0.0	1.0	
k127_218130	329	No	NA	1	0	0	Not-determined	Genome-fragment	NA	NA	0.0	1.0	no viral genes detected
k127_399809	407	No	NA	1	1	0	Low-quality	Genome-fragment	0.74	AAI-based (medium-confidence)	0.0	1.0	
k127_761640	1662	No	NA	3	1	0	Low-quality	Genome-fragment	3.4	AAI-based (high-confidence)	0.0	1.0	
k127_400307	618	No	NA	1	0	0	Low-quality	Genome-fragment	0.44	AAI-based (medium-confidence)	0.0	1.0	no viral genes detected
k127_400314	344	No	NA	1	0	0	Low-quality	Genome-fragment	0.59	AAI-based (medium-confidence)	0.0	1.0	no viral genes detected
k127_761979	318	No	NA	1	1	0	Low-quality	Genome-fragment	0.26	HMM-based (lower-bound)	0.0	1.0	
k127_127720	626	No	NA	3	0	0	Not-determined	Genome-fragment	NA	NA	0.0	1.0	no viral genes detected
k127_672853	510	No	NA	1	0	0	Low-quality	Genome-fragment	1.03	AAI-based (medium-confidence)	0.0	1.0	no viral genes detected
k127_127922	1315	No	NA	1	0	1	Not-determined	Genome-fragment	NA	NA	0.0	1.0	no viral genes detected
k127_400789	371	No	NA	1	1	0	Low-quality	Genome-fragment	0.34	HMM-based (lower-bound)	0.0	1.0	
k127_762479	445	No	NA	1	0	0	Low-quality	Genome-fragment	0.95	AAI-based (medium-confidence)	0.0	1.0	no viral genes detected
k127_492303	476	No	NA	2	0	0	Low-quality	Genome-fragment	0.17	AAI-based (medium-confidence)	0.0	1.0	no viral genes detected
k127_128241	1221	No	NA	2	0	2	Low-quality	Genome-fragment	2.06	AAI-based (medium-confidence)	0.0	1.0	no viral genes detected
k127_492394	390	No	NA	1	0	0	Not-determined	Genome-fragment	NA	NA	0.0	1.0	no viral genes detected
k127_673735	687	No	NA	1	0	1	Not-determined	Genome-fragment	NA	NA	0.0	1.0	no viral genes detected
k127_763118	445	No	NA	1	0	0	Low-quality	Genome-fragment	0.21	AAI-based (medium-confidence)	0.0	1.0	no viral genes detected
k127_581638	416	No	NA	2	0	0	Not-determined	Genome-fragment	NA	NA	0.0	1.0	no viral genes detected
k127_856357	3511	No	NA	2	2	0	Medium-quality	Genome-fragment	54.95	AAI-based (medium-confidence)	0.0	1.0	
k127_402126	449	No	NA	2	0	0	Not-determined	Genome-fragment	NA	NA	0.0	1.0	no viral genes detected
k127_493724	304	No	NA	1	0	0	Low-quality	Genome-fragment	0.41	AAI-based (high-confidence)	0.0	1.0	no viral genes detected
k127_311977	576	No	NA	1	0	0	Not-determined	Genome-fragment	NA	NA	0.0	1.0	no viral genes detected
k127_402767	730	No	NA	1	0	1	Not-determined	Genome-fragment	NA	NA	0.0	1.0	no viral genes detected
k127_764378	473	No	NA	1	1	0	Low-quality	Genome-fragment	1.31	AAI-based (medium-confidence)	0.0	1.0	
k127_221831	615	No	NA	2	0	0	Low-quality	Genome-fragment	1.1	AAI-based (medium-confidence)	0.0	1.0	no viral genes detected
k127_222041	917	No	NA	1	0	1	Not-determined	Genome-fragment	NA	NA	0.0	1.0	no viral genes detected
k127_858112	612	No	NA	2	0	0	Low-quality	Genome-fragment	1.15	AAI-based (medium-confidence)	0.0	1.0	no viral genes detected
k127_858155	473	No	NA	1	0	0	Not-determined	Genome-fragment	NA	NA	0.0	1.0	no viral genes detected
k127_40573	1804	No	NA	4	1	0	Low-quality	Genome-fragment	3.17	HMM-based (lower-bound)	0.0	1.0	
k127_765896	329	No	NA	1	0	0	Not-determined	Genome-fragment	NA	NA	0.0	1.0	no viral genes detected
k127_40764	348	No	NA	1	0	0	Not-determined	Genome-fragment	NA	NA	0.0	1.0	no viral genes detected
k127_496393	426	No	NA	1	0	0	Low-quality	Genome-fragment	0.87	AAI-based (medium-confidence)	0.0	1.0	no viral genes detected
k127_41164	307	No	NA	1	0	0	Not-determined	Genome-fragment	NA	NA	0.0	1.0	no viral genes detected
k127_223451	674	No	NA	1	0	0	Low-quality	Genome-fragment	0.48	AAI-based (medium-confidence)	0.0	1.0	no viral genes detected
k127_859778	571	No	NA	1	0	0	Not-determined	Genome-fragment	NA	NA	0.0	1.0	no viral genes detected
k127_224038	488	No	NA	1	1	0	Low-quality	Genome-fragment	0.69	HMM-based (lower-bound)	0.0	1.0	
k127_132939	466	No	NA	1	0	0	Not-determined	Genome-fragment	NA	NA	0.0	1.0	no viral genes detected
k127_133004	310	No	NA	1	0	0	Low-quality	Genome-fragment	0.11	AAI-based (medium-confidence)	0.0	1.0	no viral genes detected
k127_42105	353	No	NA	1	0	0	Low-quality	Genome-fragment	0.58	AAI-based (medium-confidence)	0.0	1.0	no viral genes detected
k127_315417	360	No	NA	1	0	0	Not-determined	Genome-fragment	NA	NA	0.0	1.0	no viral genes detected
k127_315592	782	No	NA	1	0	0	Not-determined	Genome-fragment	NA	NA	0.0	1.01	no viral genes detected
k127_585792	516	No	NA	1	0	0	Low-quality	Genome-fragment	0.32	AAI-based (medium-confidence)	0.0	1.0	no viral genes detected
k127_406903	361	No	NA	1	0	0	Low-quality	Genome-fragment	0.32	AAI-based (medium-confidence)	0.0	1.0	no viral genes detected
k127_316225	900	No	NA	2	0	1	Low-quality	Genome-fragment	1.87	AAI-based (medium-confidence)	0.0	1.0	no viral genes detected
k127_498402	364	No	NA	2	1	0	Low-quality	Genome-fragment	0.94	AAI-based (medium-confidence)	0.0	1.0	
k127_679300	326	No	NA	1	0	0	Not-determined	Genome-fragment	NA	NA	0.0	1.0	no viral genes detected
k127_679675	873	No	NA	1	0	0	Not-determined	Genome-fragment	NA	NA	0.0	1.0	no viral genes detected
k127_316865	1104	No	NA	4	1	0	Low-quality	Genome-fragment	2.58	AAI-based (medium-confidence)	0.0	1.0	
k127_407715	342	No	NA	1	1	0	Low-quality	Genome-fragment	0.45	HMM-based (lower-bound)	0.0	1.0	
k127_499473	377	No	NA	1	1	0	Low-quality	Genome-fragment	0.55	AAI-based (medium-confidence)	0.0	1.0	
k127_862523	659	No	NA	1	1	0	Low-quality	Genome-fragment	1.44	AAI-based (high-confidence)	0.0	1.0	
k127_499643	358	No	NA	1	0	0	Low-quality	Genome-fragment	0.88	AAI-based (medium-confidence)	0.0	1.0	no viral genes detected
k127_135517	643	No	NA	2	1	0	Low-quality	Genome-fragment	0.92	HMM-based (lower-bound)	0.0	1.0	
k127_136149	334	No	NA	1	1	0	Low-quality	Genome-fragment	0.61	AAI-based (medium-confidence)	0.0	1.0	
k127_588626	2584	No	NA	2	1	0	Low-quality	Genome-fragment	3.7	AAI-based (high-confidence)	0.0	1.0	
k127_227614	582	No	NA	1	0	1	Not-determined	Genome-fragment	NA	NA	0.0	1.0	no viral genes detected
k127_681475	876	No	NA	1	1	0	Low-quality	Genome-fragment	0.53	HMM-based (lower-bound)	0.0	1.0	
k127_771021	1104	No	NA	1	1	0	Low-quality	Genome-fragment	1.34	AAI-based (high-confidence)	0.0	1.0	
k127_864406	633	No	NA	1	0	0	Not-determined	Genome-fragment	NA	NA	0.0	1.0	no viral genes detected
k127_319673	951	No	NA	2	1	0	Low-quality	Genome-fragment	2.26	AAI-based (medium-confidence)	0.0	1.0	
k127_137542	814	No	NA	3	0	0	Low-quality	Genome-fragment	1.69	AAI-based (medium-confidence)	0.0	1.0	no viral genes detected
k127_682682	518	No	NA	1	0	0	Not-determined	Genome-fragment	NA	NA	0.0	1.0	no viral genes detected
k127_137860	348	No	NA	1	0	0	Low-quality	Genome-fragment	0.8	AAI-based (high-confidence)	0.0	1.0	no viral genes detected
k127_590030	312	No	NA	1	0	0	Not-determined	Genome-fragment	NA	NA	0.0	1.0	no viral genes detected
k127_502264	344	No	NA	1	1	0	Low-quality	Genome-fragment	0.62	AAI-based (medium-confidence)	0.0	1.0	
k127_865214	533	No	NA	2	0	0	Not-determined	Genome-fragment	NA	NA	0.0	1.0	no viral genes detected
k127_229253	855	No	NA	2	0	0	Low-quality	Genome-fragment	1.98	AAI-based (medium-confidence)	0.0	1.0	no viral genes detected
k127_411506	314	No	NA	1	0	0	Not-determined	Genome-fragment	NA	NA	0.0	1.0	no viral genes detected
k127_503175	525	No	NA	2	1	0	Low-quality	Genome-fragment	0.43	HMM-based (lower-bound)	0.0	1.0	
k127_683990	310	No	NA	1	0	0	Low-quality	Genome-fragment	0.76	AAI-based (high-confidence)	0.0	1.0	no viral genes detected
k127_684061	387	No	NA	1	0	0	Low-quality	Genome-fragment	0.93	AAI-based (medium-confidence)	0.0	1.0	no viral genes detected
k127_138986	431	No	NA	2	0	0	Low-quality	Genome-fragment	0.55	AAI-based (high-confidence)	0.0	1.0	no viral genes detected
k127_503368	1318	No	NA	1	0	1	Not-determined	Genome-fragment	NA	NA	0.0	1.0	no viral genes detected
k127_503377	458	No	NA	1	0	0	Not-determined	Genome-fragment	NA	NA	0.0	1.0	no viral genes detected
k127_503430	696	No	NA	2	1	0	Low-quality	Genome-fragment	1.6	AAI-based (medium-confidence)	0.0	1.0	
k127_139148	697	No	NA	1	0	0	Low-quality	Genome-fragment	1.4	AAI-based (medium-confidence)	0.0	1.0	no viral genes detected
k127_684337	331	No	NA	1	0	0	Not-determined	Genome-fragment	NA	NA	0.0	1.0	no viral genes detected
k127_412385	677	No	NA	2	0	0	Not-determined	Genome-fragment	NA	NA	0.0	1.0	no viral genes detected
k127_413143	339	No	NA	1	1	0	Low-quality	Genome-fragment	0.39	HMM-based (lower-bound)	0.0	1.0	
k127_322288	537	No	NA	1	0	0	Not-determined	Genome-fragment	NA	NA	0.0	1.0	no viral genes detected
k127_231730	364	No	NA	1	0	0	Not-determined	Genome-fragment	NA	NA	0.0	1.0	no viral genes detected
k127_322604	583	No	NA	1	0	0	Not-determined	Genome-fragment	NA	NA	0.0	1.0	no viral genes detected
k127_867802	3252	No	NA	5	4	0	Low-quality	Genome-fragment	6.47	AAI-based (medium-confidence)	0.0	1.0	
k127_49557	4034	No	NA	1	0	1	Not-determined	Genome-fragment	NA	NA	0.0	1.0	no viral genes detected
k127_685713	316	No	NA	1	0	0	Not-determined	Genome-fragment	NA	NA	0.0	1.0	no viral genes detected
k127_774651	373	No	NA	1	0	0	Low-quality	Genome-fragment	0.82	AAI-based (medium-confidence)	0.0	1.0	no viral genes detected
k127_232342	506	No	NA	2	2	0	Low-quality	Genome-fragment	0.91	HMM-based (lower-bound)	0.0	1.0	
k127_323319	363	No	NA	1	0	0	Low-quality	Genome-fragment	0.8	AAI-based (medium-confidence)	0.0	1.0	no viral genes detected
k127_141521	709	No	NA	2	0	0	Not-determined	Genome-fragment	NA	NA	0.0	1.0	no viral genes detected
k127_686593	336	No	NA	1	0	0	Low-quality	Genome-fragment	0.72	AAI-based (medium-confidence)	0.0	1.0	no viral genes detected
k127_775392	466	No	NA	1	0	0	Not-determined	Genome-fragment	NA	NA	0.0	1.0	no viral genes detected
k127_324364	1137	No	NA	1	0	1	Not-determined	Genome-fragment	NA	NA	0.0	1.0	no viral genes detected
k127_233668	1010	No	NA	3	2	0	Low-quality	Genome-fragment	2.04	AAI-based (medium-confidence)	0.0	1.0	
k127_142547	728	No	NA	1	1	0	Low-quality	Genome-fragment	1.02	HMM-based (lower-bound)	0.0	1.0	
k127_594647	489	No	NA	1	0	1	Not-determined	Genome-fragment	NA	NA	0.0	1.0	no viral genes detected
k127_324855	366	No	NA	1	0	0	Not-determined	Genome-fragment	NA	NA	0.0	1.0	no viral genes detected
k127_324882	357	No	NA	1	0	1	Not-determined	Genome-fragment	NA	NA	0.0	1.0	no viral genes detected
k127_234069	435	No	NA	1	0	0	Not-determined	Genome-fragment	NA	NA	0.0	1.03	no viral genes detected
k127_776627	457	No	NA	1	0	0	Not-determined	Genome-fragment	NA	NA	0.0	1.0	no viral genes detected
k127_143064	320	No	NA	1	1	0	Low-quality	Genome-fragment	0.46	HMM-based (lower-bound)	0.0	1.0	
k127_688130	317	No	NA	1	0	0	Not-determined	Genome-fragment	NA	NA	0.0	1.0	no viral genes detected
k127_776907	1276	No	NA	1	0	1	Not-determined	Genome-fragment	NA	NA	0.0	1.0	no viral genes detected
k127_52546	832	No	NA	1	0	1	Not-determined	Genome-fragment	NA	NA	0.0	1.0	no viral genes detected
k127_52863	489	No	NA	1	1	0	Low-quality	Genome-fragment	0.65	HMM-based (lower-bound)	0.0	1.0	
k127_871358	349	No	NA	1	0	0	Not-determined	Genome-fragment	NA	NA	0.0	1.0	no viral genes detected
k127_689310	558	No	NA	1	0	1	Not-determined	Genome-fragment	NA	NA	0.0	1.0	no viral genes detected
k127_689352	302	No	NA	1	0	0	Low-quality	Genome-fragment	0.2	AAI-based (medium-confidence)	0.0	1.0	no viral genes detected
k127_596332	351	No	NA	1	0	0	Not-determined	Genome-fragment	NA	NA	0.0	1.0	no viral genes detected
k127_144570	406	No	NA	1	0	0	Not-determined	Genome-fragment	NA	NA	0.0	1.0	no viral genes detected
k127_236139	314	No	NA	1	0	1	Not-determined	Genome-fragment	NA	NA	0.0	1.0	no viral genes detected
k127_778521	334	No	NA	1	0	0	Not-determined	Genome-fragment	NA	NA	0.0	1.0	no viral genes detected
k127_872296	1047	No	NA	2	1	0	Low-quality	Genome-fragment	1.83	AAI-based (medium-confidence)	0.0	1.0	
k127_237252	487	No	NA	1	1	0	Low-quality	Genome-fragment	1.18	AAI-based (high-confidence)	0.0	1.0	
k127_419300	412	No	NA	1	1	0	Low-quality	Genome-fragment	1.06	AAI-based (medium-confidence)	0.0	1.0	
k127_146319	959	No	NA	1	0	0	Low-quality	Genome-fragment	1.31	AAI-based (medium-confidence)	0.0	1.0	no viral genes detected
k127_873983	333	No	NA	1	1	0	Low-quality	Genome-fragment	0.4	AAI-based (high-confidence)	0.0	1.0	
k127_692087	548	No	NA	1	0	0	Not-determined	Genome-fragment	NA	NA	0.0	1.0	no viral genes detected
k127_238487	351	No	NA	2	1	0	Low-quality	Genome-fragment	0.57	HMM-based (lower-bound)	0.0	1.0	
k127_874704	563	No	NA	1	1	0	Low-quality	Genome-fragment	0.65	AAI-based (medium-confidence)	0.0	1.0	
k127_781132	364	No	NA	1	0	0	Not-determined	Genome-fragment	NA	NA	0.0	1.0	no viral genes detected
k127_692656	1146	No	NA	1	0	0	Low-quality	Genome-fragment	2.6	AAI-based (high-confidence)	0.0	1.0	no viral genes detected
k127_329970	760	No	NA	2	2	0	Low-quality	Genome-fragment	1.01	AAI-based (medium-confidence)	0.0	1.0	
k127_239399	396	No	NA	1	1	0	Low-quality	Genome-fragment	0.56	HMM-based (lower-bound)	0.0	1.0	
k127_148221	446	No	NA	1	0	0	Not-determined	Genome-fragment	NA	NA	0.0	1.0	no viral genes detected
k127_781744	766	No	NA	1	0	1	Not-determined	Genome-fragment	NA	NA	0.0	1.0	no viral genes detected
k127_148624	334	No	NA	1	0	0	Not-determined	Genome-fragment	NA	NA	0.0	1.0	no viral genes detected
k127_58102	415	No	NA	1	0	0	Low-quality	Genome-fragment	0.91	AAI-based (medium-confidence)	0.0	1.0	no viral genes detected
k127_58162	562	No	NA	1	0	0	Not-determined	Genome-fragment	NA	NA	0.0	1.0	no viral genes detected
k127_149563	331	No	NA	1	0	0	Low-quality	Genome-fragment	0.38	AAI-based (high-confidence)	0.0	1.0	no viral genes detected
k127_331803	432	No	NA	1	0	0	Low-quality	Genome-fragment	0.28	AAI-based (medium-confidence)	0.0	1.0	no viral genes detected
k127_58705	2174	No	NA	3	0	1	Low-quality	Genome-fragment	0.73	AAI-based (medium-confidence)	0.0	1.0	no viral genes detected
k127_149942	1458	No	NA	2	0	2	Not-determined	Genome-fragment	NA	NA	0.0	1.0	no viral genes detected
k127_332077	367	No	NA	1	1	0	Low-quality	Genome-fragment	0.23	HMM-based (lower-bound)	0.0	1.0	
k127_58857	329	No	NA	1	0	0	Not-determined	Genome-fragment	NA	NA	0.0	1.0	no viral genes detected
k127_59202	395	No	NA	1	1	0	Low-quality	Genome-fragment	0.98	HMM-based (lower-bound)	0.0	1.0	
k127_515044	684	No	NA	2	1	0	Low-quality	Genome-fragment	0.97	HMM-based (lower-bound)	0.0	1.0	
k127_695652	453	No	NA	1	1	0	Low-quality	Genome-fragment	0.64	HMM-based (lower-bound)	0.0	1.0	
k127_332980	530	No	NA	1	0	0	Low-quality	Genome-fragment	0.47	AAI-based (medium-confidence)	0.0	1.0	no viral genes detected
k127_424076	443	No	NA	2	0	0	Not-determined	Genome-fragment	NA	NA	0.0	1.0	no viral genes detected
k127_878853	365	No	NA	1	0	0	Low-quality	Genome-fragment	0.85	AAI-based (medium-confidence)	0.0	1.0	no viral genes detected
k127_784874	426	No	NA	1	0	0	Low-quality	Genome-fragment	0.89	AAI-based (medium-confidence)	0.0	1.0	no viral genes detected
k127_60543	325	No	NA	1	0	0	Not-determined	Genome-fragment	NA	NA	0.0	1.0	no viral genes detected
k127_243108	346	No	NA	1	0	0	Low-quality	Genome-fragment	0.82	AAI-based (medium-confidence)	0.0	1.0	no viral genes detected
k127_151906	498	No	NA	2	0	0	Not-determined	Genome-fragment	NA	NA	0.0	1.0	no viral genes detected
k127_696910	766	No	NA	2	0	0	Not-determined	Genome-fragment	NA	NA	0.0	1.0	no viral genes detected
k127_152039	764	No	NA	1	0	0	Not-determined	Genome-fragment	NA	NA	0.0	1.0	no viral genes detected
k127_603525	483	No	NA	1	0	0	Low-quality	Genome-fragment	1.02	AAI-based (medium-confidence)	0.0	1.0	no viral genes detected
k127_785976	808	No	NA	2	2	0	Low-quality	Genome-fragment	14.1	HMM-based (lower-bound)	0.0	1.0	
k127_426129	397	No	NA	1	0	0	Low-quality	Genome-fragment	0.91	AAI-based (high-confidence)	0.0	1.0	no viral genes detected
k127_426251	2368	No	NA	3	1	0	Low-quality	Genome-fragment	2.75	HMM-based (lower-bound)	0.0	1.0	
k127_62053	360	No	NA	1	0	0	Low-quality	Genome-fragment	0.25	AAI-based (medium-confidence)	0.0	1.0	no viral genes detected
k127_518423	350	No	NA	1	0	0	Low-quality	Genome-fragment	1.04	AAI-based (medium-confidence)	0.0	1.0	no viral genes detected
k127_154354	371	No	NA	1	0	0	Not-determined	Genome-fragment	NA	NA	0.0	1.0	no viral genes detected
k127_699187	2865	No	NA	2	1	0	Low-quality	Genome-fragment	26.71	HMM-based (lower-bound)	0.0	1.0	
k127_154476	951	No	NA	1	0	0	Low-quality	Genome-fragment	1.85	AAI-based (medium-confidence)	0.0	1.0	no viral genes detected
k127_246089	927	No	NA	1	0	1	Not-determined	Genome-fragment	NA	NA	0.0	1.0	no viral genes detected
k127_154820	1075	No	NA	2	0	1	Not-determined	Genome-fragment	NA	NA	0.0	1.0	no viral genes detected
k127_606462	1985	No	NA	3	1	0	Low-quality	Genome-fragment	3.58	AAI-based (medium-confidence)	0.0	1.0	
k127_699999	386	No	NA	1	1	0	Low-quality	Genome-fragment	0.35	HMM-based (lower-bound)	0.0	1.0	
k127_337417	301	No	NA	1	0	0	Not-determined	Genome-fragment	NA	NA	0.0	1.0	no viral genes detected
k127_519734	354	No	NA	1	0	0	Low-quality	Genome-fragment	0.83	AAI-based (high-confidence)	0.0	1.0	no viral genes detected
k127_700820	326	No	NA	1	1	0	Low-quality	Genome-fragment	0.87	AAI-based (high-confidence)	0.0	1.0	
k127_789211	332	No	NA	2	1	0	Low-quality	Genome-fragment	0.6	HMM-based (lower-bound)	0.0	1.0	
k127_701093	946	No	NA	3	2	0	Low-quality	Genome-fragment	1.99	AAI-based (medium-confidence)	0.0	1.0	
k127_701129	342	No	NA	1	0	0	Low-quality	Genome-fragment	0.87	AAI-based (medium-confidence)	0.0	1.0	no viral genes detected
k127_429776	597	No	NA	1	1	0	Low-quality	Genome-fragment	0.37	HMM-based (lower-bound)	0.0	1.0	
k127_789921	1119	No	NA	3	1	0	Low-quality	Genome-fragment	1.79	AAI-based (medium-confidence)	0.0	1.0	
k127_884614	326	No	NA	1	0	0	Low-quality	Genome-fragment	0.78	AAI-based (high-confidence)	0.0	1.0	no viral genes detected
k127_339586	422	No	NA	1	0	0	Low-quality	Genome-fragment	0.82	AAI-based (medium-confidence)	0.0	1.0	no viral genes detected
k127_157816	336	No	NA	1	0	0	Not-determined	Genome-fragment	NA	NA	0.0	1.0	no viral genes detected
k127_702911	429	No	NA	1	1	0	Low-quality	Genome-fragment	0.35	HMM-based (lower-bound)	0.0	1.0	
k127_67138	301	No	NA	1	0	0	Not-determined	Genome-fragment	NA	NA	0.0	1.0	no viral genes detected
k127_158275	507	No	NA	1	0	0	Not-determined	Genome-fragment	NA	NA	0.0	1.0	no viral genes detected
k127_703486	306	No	NA	1	0	0	Not-determined	Genome-fragment	NA	NA	0.0	1.0	no viral genes detected
k127_431761	358	No	NA	1	0	0	Not-determined	Genome-fragment	NA	NA	0.0	1.0	no viral genes detected
k127_610508	317	No	NA	1	0	0	Low-quality	Genome-fragment	0.54	AAI-based (high-confidence)	0.0	1.0	no viral genes detected
k127_610517	518	No	NA	1	1	0	Low-quality	Genome-fragment	0.74	HMM-based (lower-bound)	0.0	1.0	
k127_251292	346	No	NA	2	0	0	Low-quality	Genome-fragment	0.76	AAI-based (high-confidence)	0.0	1.0	no viral genes detected
k127_611156	471	No	NA	2	0	0	Not-determined	Genome-fragment	NA	NA	0.0	1.0	no viral genes detected
k127_524610	330	No	NA	1	1	0	Low-quality	Genome-fragment	0.45	AAI-based (medium-confidence)	0.0	1.0	
k127_705587	427	No	NA	1	1	0	Low-quality	Genome-fragment	0.35	HMM-based (lower-bound)	0.0	1.0	
k127_612087	305	No	NA	1	1	0	Low-quality	Genome-fragment	0.51	HMM-based (lower-bound)	0.0	1.0	
k127_343521	382	No	NA	1	1	0	Low-quality	Genome-fragment	0.34	HMM-based (lower-bound)	0.0	1.0	
k127_706581	469	No	NA	1	1	0	Low-quality	Genome-fragment	0.19	HMM-based (lower-bound)	0.0	1.0	
k127_161936	405	No	NA	1	0	0	Not-determined	Genome-fragment	NA	NA	0.0	1.0	no viral genes detected
k127_344184	495	No	NA	1	0	1	Not-determined	Genome-fragment	NA	NA	0.0	1.0	no viral genes detected
k127_707037	360	No	NA	1	1	0	Low-quality	Genome-fragment	0.63	AAI-based (medium-confidence)	0.0	1.0	
k127_707183	488	No	NA	1	0	0	Not-determined	Genome-fragment	NA	NA	0.0	1.0	no viral genes detected
k127_71407	396	No	NA	1	1	0	Low-quality	Genome-fragment	0.95	AAI-based (medium-confidence)	0.0	1.0	
k127_707560	572	No	NA	1	1	0	Low-quality	Genome-fragment	1.25	AAI-based (medium-confidence)	0.0	1.0	
k127_527571	379	No	NA	2	0	1	Not-determined	Genome-fragment	NA	NA	0.0	1.0	no viral genes detected
k127_72171	564	No	NA	1	0	0	Not-determined	Genome-fragment	NA	NA	0.0	1.0	no viral genes detected
k127_890894	761	No	NA	2	0	0	Low-quality	Genome-fragment	1.65	AAI-based (medium-confidence)	0.0	1.0	no viral genes detected
k127_614449	453	No	NA	1	0	0	Not-determined	Genome-fragment	NA	NA	0.0	1.0	no viral genes detected
k127_72507	310	No	NA	1	0	0	Not-determined	Genome-fragment	NA	NA	0.0	1.0	no viral genes detected
k127_255086	831	No	NA	1	0	0	Not-determined	Genome-fragment	NA	NA	0.0	1.0	no viral genes detected
k127_345912	422	No	NA	1	0	0	Low-quality	Genome-fragment	0.63	AAI-based (medium-confidence)	0.0	1.0	no viral genes detected
k127_255257	322	No	NA	2	0	0	Not-determined	Genome-fragment	NA	NA	0.0	1.0	no viral genes detected
k127_72914	547	No	NA	1	0	0	Not-determined	Genome-fragment	NA	NA	0.0	1.0	no viral genes detected
k127_164273	406	No	NA	1	0	0	Low-quality	Genome-fragment	0.86	AAI-based (medium-confidence)	0.0	1.0	no viral genes detected
k127_73421	464	No	NA	1	0	0	Low-quality	Genome-fragment	0.93	AAI-based (medium-confidence)	0.0	1.0	no viral genes detected
k127_346809	697	No	NA	1	1	0	Low-quality	Genome-fragment	0.57	HMM-based (lower-bound)	0.0	1.0	
k127_892416	411	No	NA	1	1	0	Low-quality	Genome-fragment	0.76	AAI-based (high-confidence)	0.0	1.0	
k127_892553	661	No	NA	2	0	0	Low-quality	Genome-fragment	1.1	AAI-based (medium-confidence)	0.0	1.0	no viral genes detected
k127_892757	1064	No	NA	2	0	0	Not-determined	Genome-fragment	NA	NA	0.0	1.0	no viral genes detected
k127_798048	326	No	NA	1	1	0	Low-quality	Genome-fragment	0.24	AAI-based (medium-confidence)	0.0	1.0	
k127_710397	406	No	NA	2	0	0	Not-determined	Genome-fragment	NA	NA	0.0	1.0	no viral genes detected
k127_165652	440	No	NA	1	0	0	Low-quality	Genome-fragment	0.93	AAI-based (medium-confidence)	0.0	1.0	no viral genes detected
k127_165864	769	No	NA	1	0	0	Low-quality	Genome-fragment	1.6	AAI-based (medium-confidence)	0.0	1.0	no viral genes detected
k127_438944	966	No	NA	1	0	1	Not-determined	Genome-fragment	NA	NA	0.0	1.0	no viral genes detected
k127_710940	524	No	NA	1	0	1	Not-determined	Genome-fragment	NA	NA	0.0	1.0	no viral genes detected
k127_530419	445	No	NA	1	0	0	Not-determined	Genome-fragment	NA	NA	0.0	1.0	no viral genes detected
k127_893636	309	No	NA	1	1	0	Low-quality	Genome-fragment	0.27	HMM-based (lower-bound)	0.0	1.0	
k127_75164	760	No	NA	1	1	0	Low-quality	Genome-fragment	0.52	HMM-based (lower-bound)	0.0	1.0	
k127_616995	553	No	NA	2	0	0	Low-quality	Genome-fragment	1.28	AAI-based (medium-confidence)	0.0	1.0	no viral genes detected
k127_348475	720	No	NA	1	0	1	Low-quality	Genome-fragment	1.47	AAI-based (medium-confidence)	0.0	1.0	no viral genes detected
k127_439546	336	No	NA	1	0	0	Not-determined	Genome-fragment	NA	NA	0.0	1.0	no viral genes detected
k127_799127	527	No	NA	1	0	0	Not-determined	Genome-fragment	NA	NA	0.0	1.0	no viral genes detected
k127_75457	345	No	NA	1	1	0	Low-quality	Genome-fragment	0.22	AAI-based (high-confidence)	0.0	1.0	
k127_711729	324	No	NA	2	0	0	Not-determined	Genome-fragment	NA	NA	0.0	1.0	no viral genes detected
k127_894395	583	No	NA	2	1	0	Low-quality	Genome-fragment	0.47	HMM-based (lower-bound)	0.0	1.0	
k127_258522	1273	No	NA	2	0	1	Not-determined	Genome-fragment	NA	NA	0.0	1.0	no viral genes detected
k127_799990	799	No	NA	1	0	0	Not-determined	Genome-fragment	NA	NA	0.0	1.0	no viral genes detected
k127_258981	695	No	NA	1	0	0	Low-quality	Genome-fragment	1.15	AAI-based (medium-confidence)	0.0	1.0	no viral genes detected
k127_712554	321	No	NA	1	0	0	Low-quality	Genome-fragment	0.23	AAI-based (medium-confidence)	0.0	1.0	no viral genes detected
k127_167995	990	No	NA	1	0	1	Not-determined	Genome-fragment	NA	NA	0.0	1.0	no viral genes detected
k127_76862	509	No	NA	2	1	0	Low-quality	Genome-fragment	0.76	AAI-based (medium-confidence)	0.0	1.0	
k127_532419	466	No	NA	1	1	0	Low-quality	Genome-fragment	1.04	AAI-based (medium-confidence)	0.0	1.0	
k127_800833	455	No	NA	1	0	0	Not-determined	Genome-fragment	NA	NA	0.0	1.0	no viral genes detected
k127_441528	389	No	NA	1	0	0	Not-determined	Genome-fragment	NA	NA	0.0	1.0	no viral genes detected
k127_77589	513	No	NA	1	0	0	Low-quality	Genome-fragment	0.59	AAI-based (medium-confidence)	0.0	1.0	no viral genes detected
k127_713709	376	No	NA	1	0	0	Not-determined	Genome-fragment	NA	NA	0.0	1.0	no viral genes detected
k127_260423	1162	No	NA	1	1	0	Low-quality	Genome-fragment	1.06	HMM-based (lower-bound)	0.0	1.0	
k127_260448	1107	No	NA	1	1	0	Low-quality	Genome-fragment	1.45	AAI-based (high-confidence)	0.0	1.0	
k127_897013	340	No	NA	1	1	0	Low-quality	Genome-fragment	0.23	HMM-based (lower-bound)	0.0	1.0	
k127_714607	1430	No	NA	3	0	0	Not-determined	Genome-fragment	NA	NA	0.0	1.0	no viral genes detected
k127_714735	460	No	NA	1	0	0	Low-quality	Genome-fragment	0.95	AAI-based (medium-confidence)	0.0	1.0	no viral genes detected
k127_620351	1139	No	NA	2	2	0	Low-quality	Genome-fragment	1.58	HMM-based (lower-bound)	0.0	1.0	
k127_261260	963	No	NA	1	0	1	Not-determined	Genome-fragment	NA	NA	0.0	1.0	no viral genes detected
k127_534434	325	No	NA	1	1	0	Low-quality	Genome-fragment	0.51	HMM-based (lower-bound)	0.0	1.0	
k127_79155	364	No	NA	1	0	0	Low-quality	Genome-fragment	0.88	AAI-based (medium-confidence)	0.0	1.0	no viral genes detected
k127_261892	331	No	NA	1	0	0	Not-determined	Genome-fragment	NA	NA	0.0	1.0	no viral genes detected
k127_352702	327	No	NA	1	0	0	Not-determined	Genome-fragment	NA	NA	0.0	1.0	no viral genes detected
k127_353165	321	No	NA	1	0	0	Low-quality	Genome-fragment	0.63	AAI-based (high-confidence)	0.0	1.0	no viral genes detected
k127_262508	467	No	NA	1	0	0	Not-determined	Genome-fragment	NA	NA	0.0	1.0	no viral genes detected
k127_803590	1124	No	NA	1	0	0	Low-quality	Genome-fragment	2.47	AAI-based (medium-confidence)	0.0	1.0	no viral genes detected
k127_171526	458	No	NA	1	0	0	Low-quality	Genome-fragment	1.06	AAI-based (medium-confidence)	0.0	1.0	no viral genes detected
k127_262875	348	No	NA	1	0	0	Not-determined	Genome-fragment	NA	NA	0.0	1.0	no viral genes detected
k127_444682	379	No	NA	1	1	0	Low-quality	Genome-fragment	0.77	AAI-based (medium-confidence)	0.0	1.0	
k127_445009	374	No	NA	2	2	0	Low-quality	Genome-fragment	0.58	HMM-based (lower-bound)	0.0	1.0	
k127_717255	562	No	NA	1	0	0	Not-determined	Genome-fragment	NA	NA	0.0	1.0	no viral genes detected
k127_622645	398	No	NA	1	0	0	Not-determined	Genome-fragment	NA	NA	0.0	1.0	no viral genes detected
k127_445347	732	No	NA	1	0	0	Low-quality	Genome-fragment	1.54	AAI-based (medium-confidence)	0.0	1.0	no viral genes detected
k127_172644	1610	No	NA	2	0	0	Not-determined	Genome-fragment	NA	NA	0.0	1.0	no viral genes detected
k127_172760	340	No	NA	1	0	0	Not-determined	Genome-fragment	NA	NA	0.0	1.0	no viral genes detected
k127_717870	729	No	NA	1	0	1	Not-determined	Genome-fragment	NA	NA	0.0	1.0	no viral genes detected
k127_623428	312	No	NA	1	0	0	Low-quality	Genome-fragment	0.8	AAI-based (medium-confidence)	0.0	1.0	no viral genes detected
k127_805582	336	No	NA	1	0	0	Low-quality	Genome-fragment	0.8	AAI-based (medium-confidence)	0.0	1.0	no viral genes detected
k127_355595	458	No	NA	1	0	0	Not-determined	Genome-fragment	NA	NA	0.0	1.0	no viral genes detected
k127_538036	425	No	NA	1	1	0	Low-quality	Genome-fragment	0.66	HMM-based (lower-bound)	0.0	1.0	
k127_901276	468	No	NA	2	1	0	Low-quality	Genome-fragment	0.8	HMM-based (lower-bound)	0.0	1.0	
k127_356288	1302	No	NA	2	2	0	Low-quality	Genome-fragment	1.53	HMM-based (lower-bound)	0.0	1.0	
k127_719341	503	No	NA	1	0	0	Not-determined	Genome-fragment	NA	NA	0.0	1.0	no viral genes detected
k127_447360	1302	No	NA	2	1	0	Low-quality	Genome-fragment	2.46	AAI-based (medium-confidence)	0.0	1.0	
k127_901860	460	No	NA	1	0	0	Not-determined	Genome-fragment	NA	NA	0.0	1.0	no viral genes detected
k127_447595	555	No	NA	2	0	0	Low-quality	Genome-fragment	1.13	AAI-based (medium-confidence)	0.0	1.0	no viral genes detected
k127_806727	826	No	NA	2	1	0	Low-quality	Genome-fragment	1.18	HMM-based (lower-bound)	0.0	1.0	
k127_539317	570	No	NA	1	1	0	Low-quality	Genome-fragment	0.47	HMM-based (lower-bound)	0.0	1.0	
k127_266592	599	No	NA	2	1	0	Low-quality	Genome-fragment	1.18	HMM-based (lower-bound)	0.0	1.0	
k127_720237	846	No	NA	1	0	0	Not-determined	Genome-fragment	NA	NA	0.0	1.0	no viral genes detected
k127_175387	1346	No	NA	1	0	1	Not-determined	Genome-fragment	NA	NA	0.0	1.0	no viral genes detected
k127_807743	304	No	NA	1	1	0	Low-quality	Genome-fragment	0.45	HMM-based (lower-bound)	0.0	1.0	
k127_267946	384	No	NA	1	0	0	Not-determined	Genome-fragment	NA	NA	0.0	1.0	no viral genes detected
k127_540951	484	No	NA	1	0	0	Low-quality	Genome-fragment	1.0	AAI-based (medium-confidence)	0.0	1.0	no viral genes detected
k127_449743	738	No	NA	1	0	0	Not-determined	Genome-fragment	NA	NA	0.0	1.0	no viral genes detected
k127_449867	455	No	NA	1	0	0	Not-determined	Genome-fragment	NA	NA	0.0	1.0	no viral genes detected
k127_904971	374	No	NA	1	0	0	Not-determined	Genome-fragment	NA	NA	0.0	1.0	no viral genes detected
k127_542054	2688	No	NA	3	0	2	Not-determined	Genome-fragment	NA	NA	0.0	1.0	no viral genes detected
k127_905175	323	No	NA	1	0	0	Not-determined	Genome-fragment	NA	NA	0.0	1.0	no viral genes detected
k127_269458	321	No	NA	1	0	0	Not-determined	Genome-fragment	NA	NA	0.0	1.0	no viral genes detected
k127_451180	354	No	NA	1	1	0	Low-quality	Genome-fragment	0.41	AAI-based (high-confidence)	0.0	1.0	
k127_451396	766	No	NA	1	0	0	Low-quality	Genome-fragment	1.6	AAI-based (medium-confidence)	0.0	1.0	no viral genes detected
k127_87381	459	No	NA	1	1	0	Low-quality	Genome-fragment	0.38	HMM-based (lower-bound)	0.0	1.0	
k127_723904	657	No	NA	1	0	1	Not-determined	Genome-fragment	NA	NA	0.0	1.0	no viral genes detected
k127_543371	1055	No	NA	3	0	0	Low-quality	Genome-fragment	2.07	AAI-based (medium-confidence)	0.0	1.0	no viral genes detected
k127_906648	442	No	NA	3	0	0	Not-determined	Genome-fragment	NA	NA	0.0	1.0	no viral genes detected
k127_906685	324	No	NA	1	1	0	Low-quality	Genome-fragment	0.49	HMM-based (lower-bound)	0.0	1.0	
k127_906725	1377	No	NA	4	1	0	Low-quality	Genome-fragment	1.96	HMM-based (lower-bound)	0.0	1.0	
k127_724594	459	No	NA	1	1	0	Low-quality	Genome-fragment	0.79	AAI-based (medium-confidence)	0.0	1.0	
k127_629674	331	No	NA	1	1	0	Low-quality	Genome-fragment	0.43	HMM-based (lower-bound)	0.0	1.0	
k127_271219	361	No	NA	1	0	0	Not-determined	Genome-fragment	NA	NA	0.0	1.0	no viral genes detected
k127_725301	659	No	NA	1	0	0	Not-determined	Genome-fragment	NA	NA	0.0	1.0	no viral genes detected
k127_271971	309	No	NA	1	0	0	Not-determined	Genome-fragment	NA	NA	0.0	1.0	no viral genes detected
k127_454081	489	No	NA	1	0	0	Low-quality	Genome-fragment	0.91	AAI-based (medium-confidence)	0.0	1.0	no viral genes detected
k127_181393	307	No	NA	1	1	0	Low-quality	Genome-fragment	4.69	HMM-based (lower-bound)	0.0	1.0	
k127_813412	469	No	NA	1	0	0	Low-quality	Genome-fragment	0.94	AAI-based (medium-confidence)	0.0	1.0	no viral genes detected
k127_814254	316	No	NA	1	0	0	Low-quality	Genome-fragment	0.76	AAI-based (medium-confidence)	0.0	1.0	no viral genes detected
k127_632810	475	No	NA	1	0	0	Not-determined	Genome-fragment	NA	NA	0.0	1.0	no viral genes detected
k127_633171	340	No	NA	1	1	0	Low-quality	Genome-fragment	0.5	HMM-based (lower-bound)	0.0	1.0	
k127_815041	314	No	NA	1	0	0	Not-determined	Genome-fragment	NA	NA	0.0	1.0	no viral genes detected
k127_815402	349	No	NA	1	0	0	Not-determined	Genome-fragment	NA	NA	0.0	1.0	no viral genes detected
k127_633971	1169	No	NA	2	1	0	Low-quality	Genome-fragment	2.18	AAI-based (medium-confidence)	0.0	1.0	
k127_816319	942	No	NA	2	0	0	Not-determined	Genome-fragment	NA	NA	0.0	1.0	no viral genes detected
k127_817146	590	No	NA	2	0	0	Not-determined	Genome-fragment	NA	NA	0.0	1.0	no viral genes detected
