contig_id	contig_length	provirus	proviral_length	gene_count	viral_genes	host_genes	checkv_quality	miuvig_quality	completeness	completeness_method	contamination	kmer_freq	warnings
k127_368282	398	No	NA	1	1	0	Low-quality	Genome-fragment	0.44	HMM-based (lower-bound)	0.0	1.0	
k127_126	312	No	NA	1	0	0	Not-determined	Genome-fragment	NA	NA	0.0	1.0	no viral genes detected
k127_395	851	No	NA	2	1	0	Low-quality	Genome-fragment	0.55	AAI-based (medium-confidence)	0.0	1.0	
k127_106029	739	No	NA	1	1	0	Low-quality	Genome-fragment	1.05	HMM-based (lower-bound)	0.0	1.0	
k127_369146	346	No	NA	1	0	0	Not-determined	Genome-fragment	NA	NA	0.0	1.0	no viral genes detected
k127_53565	325	No	NA	1	0	0	Not-determined	Genome-fragment	NA	NA	0.0	1.0	no viral genes detected
k127_316850	304	No	NA	1	1	0	Low-quality	Genome-fragment	0.36	AAI-based (high-confidence)	0.0	1.0	
k127_422081	1109	No	NA	1	0	1	Not-determined	Genome-fragment	NA	NA	0.0	1.0	no viral genes detected
k127_316969	1112	No	NA	3	0	0	Not-determined	Genome-fragment	NA	NA	0.0	1.0	no viral genes detected
k127_422155	460	No	NA	2	0	0	Low-quality	Genome-fragment	0.9	AAI-based (medium-confidence)	0.0	1.0	no viral genes detected
k127_54331	816	No	NA	1	0	0	Low-quality	Genome-fragment	1.72	AAI-based (medium-confidence)	0.0	1.0	no viral genes detected
k127_370089	339	No	NA	1	1	0	Low-quality	Genome-fragment	0.5	HMM-based (lower-bound)	0.0	1.0	
k127_212205	763	No	NA	1	1	0	Low-quality	Genome-fragment	1.52	AAI-based (medium-confidence)	0.0	1.0	
k127_159771	359	No	NA	1	0	0	Not-determined	Genome-fragment	NA	NA	0.0	1.0	no viral genes detected
k127_265030	321	No	NA	1	0	0	Not-determined	Genome-fragment	NA	NA	0.0	1.0	no viral genes detected
k127_2116	350	No	NA	1	1	0	Low-quality	Genome-fragment	0.48	HMM-based (lower-bound)	0.0	1.0	
k127_159973	1446	No	NA	1	0	1	Not-determined	Genome-fragment	NA	NA	0.0	1.02	no viral genes detected
k127_160394	304	No	NA	1	1	0	Low-quality	Genome-fragment	0.23	HMM-based (lower-bound)	0.0	1.0	
k127_371031	660	No	NA	1	0	0	Not-determined	Genome-fragment	NA	NA	0.0	1.0	no viral genes detected
k127_160834	1900	No	NA	2	0	1	Not-determined	Genome-fragment	NA	NA	0.0	1.0	no viral genes detected
k127_161103	1067	No	NA	2	0	0	Not-determined	Genome-fragment	NA	NA	0.0	1.0	no viral genes detected
k127_108516	2721	No	NA	1	1	0	Low-quality	Genome-fragment	42.52	AAI-based (medium-confidence)	0.0	1.0	
k127_476728	653	No	NA	1	0	0	Not-determined	Genome-fragment	NA	NA	0.0	1.0	no viral genes detected
k127_55899	978	No	NA	1	0	0	Not-determined	Genome-fragment	NA	NA	0.0	1.0	no viral genes detected
k127_424235	1132	No	NA	1	0	1	Not-determined	Genome-fragment	NA	NA	0.0	1.0	no viral genes detected
k127_161457	387	No	NA	1	1	0	Low-quality	Genome-fragment	0.84	AAI-based (medium-confidence)	0.0	1.0	
k127_319975	1470	No	NA	3	1	0	Low-quality	Genome-fragment	2.09	HMM-based (lower-bound)	0.0	1.0	
k127_372584	487	No	NA	1	0	1	Not-determined	Genome-fragment	NA	NA	0.0	1.0	no viral genes detected
k127_162319	338	No	NA	1	1	0	Low-quality	Genome-fragment	0.14	HMM-based (lower-bound)	0.0	1.0	
k127_267342	340	No	NA	1	0	0	Low-quality	Genome-fragment	0.65	AAI-based (high-confidence)	0.0	1.0	no viral genes detected
k127_478149	1135	No	NA	1	0	0	Not-determined	Genome-fragment	NA	NA	0.0	1.0	no viral genes detected
k127_110090	689	No	NA	1	1	0	Low-quality	Genome-fragment	0.77	HMM-based (lower-bound)	0.0	1.0	
k127_162966	348	No	NA	1	0	0	Low-quality	Genome-fragment	0.4	AAI-based (high-confidence)	0.0	1.0	no viral genes detected
k127_426397	678	No	NA	1	0	0	Not-determined	Genome-fragment	NA	NA	0.0	1.0	no viral genes detected
k127_215864	445	No	NA	1	0	1	Not-determined	Genome-fragment	NA	NA	0.0	1.0	no viral genes detected
k127_373806	1843	No	NA	1	0	0	Low-quality	Genome-fragment	4.21	AAI-based (medium-confidence)	0.0	1.0	no viral genes detected
k127_163949	1568	No	NA	1	0	1	Not-determined	Genome-fragment	NA	NA	0.0	1.01	no viral genes detected
k127_426935	313	No	NA	1	0	0	Not-determined	Genome-fragment	NA	NA	0.0	1.0	no viral genes detected
k127_6186	541	No	NA	1	0	0	Low-quality	Genome-fragment	1.09	AAI-based (medium-confidence)	0.0	1.0	no viral genes detected
k127_321996	408	No	NA	2	0	0	Not-determined	Genome-fragment	NA	NA	0.0	1.0	no viral genes detected
k127_374571	324	No	NA	1	1	0	Low-quality	Genome-fragment	0.37	HMM-based (lower-bound)	0.0	1.0	
k127_216886	941	No	NA	2	0	0	Not-determined	Genome-fragment	NA	NA	0.0	1.0	no viral genes detected
k127_480287	324	No	NA	1	1	0	Low-quality	Genome-fragment	0.22	HMM-based (lower-bound)	0.0	1.0	
k127_428106	485	No	NA	1	0	0	Not-determined	Genome-fragment	NA	NA	0.0	1.0	no viral genes detected
k127_217588	306	No	NA	1	1	0	Low-quality	Genome-fragment	0.68	AAI-based (medium-confidence)	0.0	1.0	
k127_480807	510	No	NA	1	0	0	Low-quality	Genome-fragment	0.94	AAI-based (medium-confidence)	0.0	1.0	no viral genes detected
k127_165628	998	No	NA	2	1	0	Low-quality	Genome-fragment	1.77	AAI-based (medium-confidence)	0.0	1.0	
k127_165681	375	No	NA	1	0	0	Low-quality	Genome-fragment	0.77	AAI-based (medium-confidence)	0.0	1.0	no viral genes detected
k127_323727	456	No	NA	2	0	0	Not-determined	Genome-fragment	NA	NA	0.0	1.0	no viral genes detected
k127_376178	306	No	NA	1	0	0	Not-determined	Genome-fragment	NA	NA	0.0	1.0	no viral genes detected
k127_166034	1376	No	NA	3	1	0	Low-quality	Genome-fragment	1.02	HMM-based (lower-bound)	0.0	1.0	
k127_60849	312	No	NA	1	0	0	Not-determined	Genome-fragment	NA	NA	0.0	1.0	no viral genes detected
k127_429238	508	No	NA	1	0	1	Low-quality	Genome-fragment	0.32	AAI-based (medium-confidence)	0.0	1.0	no viral genes detected
k127_429251	322	No	NA	1	0	0	Not-determined	Genome-fragment	NA	NA	0.0	1.0	no viral genes detected
k127_113688	682	No	NA	1	0	0	Low-quality	Genome-fragment	0.35	AAI-based (medium-confidence)	0.0	1.0	no viral genes detected
k127_113707	291	No	NA	1	0	0	Not-determined	Genome-fragment	NA	NA	0.0	1.0	no viral genes detected
k127_166402	319	No	NA	1	1	0	Low-quality	Genome-fragment	0.71	AAI-based (medium-confidence)	0.0	1.0	
k127_376753	437	No	NA	1	0	0	Not-determined	Genome-fragment	NA	NA	0.0	1.0	no viral genes detected
k127_61290	533	No	NA	1	0	1	Not-determined	Genome-fragment	NA	NA	0.0	1.0	no viral genes detected
k127_271562	1086	No	NA	2	1	0	Low-quality	Genome-fragment	1.55	HMM-based (lower-bound)	0.0	1.0	
k127_219130	969	No	NA	1	0	0	Low-quality	Genome-fragment	2.09	AAI-based (medium-confidence)	0.0	1.0	no viral genes detected
k127_219226	518	No	NA	1	0	0	Not-determined	Genome-fragment	NA	NA	0.0	1.0	no viral genes detected
k127_167127	418	No	NA	1	0	0	Not-determined	Genome-fragment	NA	NA	0.0	1.0	no viral genes detected
k127_325210	317	No	NA	1	0	0	Low-quality	Genome-fragment	0.61	AAI-based (medium-confidence)	0.0	1.0	no viral genes detected
k127_167273	2591	No	NA	2	0	0	Not-determined	Genome-fragment	NA	NA	0.0	1.0	no viral genes detected
k127_219682	1046	No	NA	3	1	0	Low-quality	Genome-fragment	1.21	HMM-based (lower-bound)	0.0	1.0	
k127_219836	680	No	NA	1	0	0	Not-determined	Genome-fragment	NA	NA	0.0	1.0	no viral genes detected
k127_219841	592	No	NA	1	0	0	Low-quality	Genome-fragment	1.18	AAI-based (medium-confidence)	0.0	1.0	no viral genes detected
k127_114837	917	No	NA	2	0	0	Low-quality	Genome-fragment	1.69	AAI-based (high-confidence)	0.0	1.0	no viral genes detected
k127_377852	840	No	NA	1	0	1	Not-determined	Genome-fragment	NA	NA	0.0	1.0	no viral genes detected
k127_377860	360	No	NA	1	0	0	Not-determined	Genome-fragment	NA	NA	0.0	1.0	no viral genes detected
k127_483070	348	No	NA	1	0	0	Not-determined	Genome-fragment	NA	NA	0.0	1.0	no viral genes detected
k127_272475	333	No	NA	2	0	0	Not-determined	Genome-fragment	NA	NA	0.0	1.0	no viral genes detected
k127_483152	673	No	NA	1	0	0	Low-quality	Genome-fragment	1.75	AAI-based (medium-confidence)	0.0	1.0	no viral genes detected
k127_62601	962	No	NA	2	0	0	Low-quality	Genome-fragment	1.86	AAI-based (medium-confidence)	0.0	1.0	no viral genes detected
k127_115268	315	No	NA	1	1	0	Low-quality	Genome-fragment	0.28	HMM-based (lower-bound)	0.0	1.0	
k127_62877	335	No	NA	1	0	0	Not-determined	Genome-fragment	NA	NA	0.0	1.0	no viral genes detected
k127_326413	671	No	NA	1	0	1	Not-determined	Genome-fragment	NA	NA	0.0	1.0	no viral genes detected
k127_273263	400	No	NA	1	1	0	Low-quality	Genome-fragment	0.68	AAI-based (high-confidence)	0.0	1.0	
k127_326610	305	No	NA	1	0	0	Low-quality	Genome-fragment	0.8	AAI-based (medium-confidence)	0.0	1.0	no viral genes detected
k127_379101	416	No	NA	1	0	0	Low-quality	Genome-fragment	0.84	AAI-based (medium-confidence)	0.0	1.0	no viral genes detected
k127_484463	456	No	NA	1	1	0	Low-quality	Genome-fragment	0.16	HMM-based (lower-bound)	0.0	1.0	
k127_327293	504	No	NA	1	0	0	Not-determined	Genome-fragment	NA	NA	0.0	1.0	no viral genes detected
k127_484702	3297	No	NA	3	0	0	Not-determined	Genome-fragment	NA	NA	0.0	1.0	no viral genes detected
k127_169465	378	No	NA	1	1	0	Low-quality	Genome-fragment	0.94	AAI-based (high-confidence)	0.0	1.0	
k127_432461	974	No	NA	3	3	0	Low-quality	Genome-fragment	1.66	HMM-based (lower-bound)	0.0	1.0	
k127_327718	339	No	NA	1	0	0	Not-determined	Genome-fragment	NA	NA	0.0	1.0	no viral genes detected
k127_64520	307	No	NA	1	0	0	Not-determined	Genome-fragment	NA	NA	0.0	1.0	no viral genes detected
k127_222205	382	No	NA	1	1	0	Low-quality	Genome-fragment	0.31	HMM-based (lower-bound)	0.0	1.0	
k127_222649	382	No	NA	1	0	0	Low-quality	Genome-fragment	0.75	AAI-based (high-confidence)	0.0	1.0	no viral genes detected
k127_222660	427	No	NA	1	0	1	Not-determined	Genome-fragment	NA	NA	0.0	1.0	no viral genes detected
k127_380615	1175	No	NA	2	1	0	Low-quality	Genome-fragment	1.67	HMM-based (lower-bound)	0.0	1.0	
k127_117697	431	No	NA	1	0	0	Not-determined	Genome-fragment	NA	NA	0.0	1.0	no viral genes detected
k127_380812	541	No	NA	1	0	0	Not-determined	Genome-fragment	NA	NA	0.0	1.0	no viral genes detected
k127_486135	342	No	NA	1	0	0	Not-determined	Genome-fragment	NA	NA	0.0	1.0	no viral genes detected
k127_380970	2814	No	NA	2	0	1	Not-determined	Genome-fragment	NA	NA	0.0	1.0	no viral genes detected
k127_223139	387	No	NA	1	1	0	Low-quality	Genome-fragment	0.55	HMM-based (lower-bound)	0.0	1.0	
k127_381238	537	No	NA	2	0	0	Not-determined	Genome-fragment	NA	NA	0.0	1.0	no viral genes detected
k127_65729	1212	No	NA	2	1	0	Low-quality	Genome-fragment	1.83	HMM-based (lower-bound)	0.0	1.0	
k127_329070	1000	No	NA	2	1	0	Low-quality	Genome-fragment	1.42	HMM-based (lower-bound)	0.0	1.0	
k127_486770	1299	No	NA	2	0	0	Not-determined	Genome-fragment	NA	NA	0.0	1.0	no viral genes detected
k127_486824	599	No	NA	1	0	0	Low-quality	Genome-fragment	1.19	AAI-based (medium-confidence)	0.0	1.0	no viral genes detected
k127_276298	355	No	NA	1	1	0	Low-quality	Genome-fragment	0.24	HMM-based (lower-bound)	0.0	1.0	
k127_434424	404	No	NA	1	1	0	Low-quality	Genome-fragment	0.43	HMM-based (lower-bound)	0.0	1.0	
k127_66266	528	No	NA	1	0	0	Not-determined	Genome-fragment	NA	NA	0.0	1.0	no viral genes detected
k127_382006	731	No	NA	2	1	0	Low-quality	Genome-fragment	1.53	AAI-based (medium-confidence)	0.0	1.0	
k127_487271	392	No	NA	1	0	0	Not-determined	Genome-fragment	NA	NA	0.0	1.0	no viral genes detected
k127_67130	464	No	NA	1	0	0	Not-determined	Genome-fragment	NA	NA	0.0	1.0	no viral genes detected
k127_224733	432	No	NA	1	0	0	Not-determined	Genome-fragment	NA	NA	0.0	1.0	no viral genes detected
k127_67174	815	No	NA	2	0	0	Not-determined	Genome-fragment	NA	NA	0.0	1.0	no viral genes detected
k127_14622	368	No	NA	1	1	0	Low-quality	Genome-fragment	0.37	AAI-based (medium-confidence)	0.0	1.0	
k127_224869	340	No	NA	1	1	0	Low-quality	Genome-fragment	0.41	AAI-based (medium-confidence)	0.0	1.0	
k127_225027	1043	No	NA	1	0	0	Not-determined	Genome-fragment	NA	NA	0.0	1.0	no viral genes detected
k127_14898	999	No	NA	2	0	0	Low-quality	Genome-fragment	2.14	AAI-based (medium-confidence)	0.0	1.0	no viral genes detected
k127_383025	482	No	NA	1	1	0	Low-quality	Genome-fragment	0.4	HMM-based (lower-bound)	0.0	1.0	
k127_120184	414	No	NA	1	0	1	Not-determined	Genome-fragment	NA	NA	0.0	1.0	no viral genes detected
k127_15056	678	No	NA	1	0	0	Low-quality	Genome-fragment	1.39	AAI-based (high-confidence)	0.0	1.0	no viral genes detected
k127_488427	408	No	NA	1	0	0	Not-determined	Genome-fragment	NA	NA	0.0	1.0	no viral genes detected
k127_225326	323	No	NA	1	0	0	Low-quality	Genome-fragment	0.81	AAI-based (medium-confidence)	0.0	1.0	no viral genes detected
k127_488518	498	No	NA	1	1	0	Low-quality	Genome-fragment	0.37	HMM-based (lower-bound)	0.0	1.0	
k127_436024	332	No	NA	1	0	0	Not-determined	Genome-fragment	NA	NA	0.0	1.0	no viral genes detected
k127_67896	347	No	NA	1	1	0	Low-quality	Genome-fragment	0.51	HMM-based (lower-bound)	0.0	1.0	
k127_67910	455	No	NA	1	1	0	Low-quality	Genome-fragment	0.96	HMM-based (lower-bound)	0.0	1.0	
k127_277990	570	No	NA	1	1	0	Low-quality	Genome-fragment	0.47	HMM-based (lower-bound)	0.0	1.0	
k127_383467	1066	No	NA	1	0	1	Not-determined	Genome-fragment	NA	NA	0.0	1.0	no viral genes detected
k127_488775	302	No	NA	1	1	0	Low-quality	Genome-fragment	0.35	AAI-based (medium-confidence)	0.0	1.0	
k127_488778	423	No	NA	1	0	0	Not-determined	Genome-fragment	NA	NA	0.0	1.0	no viral genes detected
k127_331980	437	No	NA	1	1	0	Low-quality	Genome-fragment	0.47	HMM-based (lower-bound)	0.0	1.0	
k127_121513	1114	No	NA	2	0	0	Not-determined	Genome-fragment	NA	NA	0.0	1.0	no viral genes detected
k127_278922	334	No	NA	1	0	0	Not-determined	Genome-fragment	NA	NA	0.0	1.0	no viral genes detected
k127_226557	389	No	NA	1	0	0	Not-determined	Genome-fragment	NA	NA	0.0	1.0	no viral genes detected
k127_332340	308	No	NA	1	0	0	Low-quality	Genome-fragment	0.79	AAI-based (high-confidence)	0.0	1.0	no viral genes detected
k127_174298	503	No	NA	1	0	0	Low-quality	Genome-fragment	0.33	AAI-based (medium-confidence)	0.0	1.0	no viral genes detected
k127_384599	3251	No	NA	1	0	1	Not-determined	Genome-fragment	NA	NA	0.0	1.0	no viral genes detected
k127_385023	795	No	NA	1	1	0	Low-quality	Genome-fragment	1.13	HMM-based (lower-bound)	0.0	1.0	
k127_227252	330	No	NA	1	0	0	Not-determined	Genome-fragment	NA	NA	0.0	1.0	no viral genes detected
k127_385232	634	No	NA	1	0	1	Not-determined	Genome-fragment	NA	NA	0.0	1.0	no viral genes detected
k127_279912	326	No	NA	1	1	0	Low-quality	Genome-fragment	0.29	HMM-based (lower-bound)	0.0	1.0	
k127_175325	3182	No	NA	3	0	1	Not-determined	Genome-fragment	NA	NA	0.0	1.0	no viral genes detected
k127_280084	1399	No	NA	1	0	0	Low-quality	Genome-fragment	3.04	AAI-based (medium-confidence)	0.0	1.0	no viral genes detected
k127_385669	1661	No	NA	4	2	0	Low-quality	Genome-fragment	1.74	HMM-based (lower-bound)	0.0	1.0	
k127_491204	604	No	NA	2	0	0	Low-quality	Genome-fragment	1.32	AAI-based (medium-confidence)	0.0	1.0	no viral genes detected
k127_491243	611	No	NA	1	0	0	Not-determined	Genome-fragment	NA	NA	0.0	1.0	no viral genes detected
k127_333959	341	No	NA	1	0	0	Low-quality	Genome-fragment	0.81	AAI-based (high-confidence)	0.0	1.0	no viral genes detected
k127_123174	255	No	NA	1	0	0	Not-determined	Genome-fragment	NA	NA	0.0	1.0	no viral genes detected
k127_18465	585	No	NA	1	0	0	Low-quality	Genome-fragment	1.32	AAI-based (medium-confidence)	0.0	1.0	no viral genes detected
k127_334413	549	No	NA	1	0	0	Low-quality	Genome-fragment	1.22	AAI-based (medium-confidence)	0.0	1.0	no viral genes detected
k127_228940	458	No	NA	1	1	0	Low-quality	Genome-fragment	0.38	HMM-based (lower-bound)	0.0	1.0	
k127_439604	467	No	NA	1	0	1	Not-determined	Genome-fragment	NA	NA	0.0	1.0	no viral genes detected
k127_229220	687	No	NA	1	1	0	Low-quality	Genome-fragment	1.08	AAI-based (medium-confidence)	0.0	1.0	
k127_124301	431	No	NA	1	0	1	Not-determined	Genome-fragment	NA	NA	0.0	1.0	no viral genes detected
k127_124332	512	No	NA	1	0	0	Not-determined	Genome-fragment	NA	NA	0.0	1.0	no viral genes detected
k127_177110	733	No	NA	1	1	0	Low-quality	Genome-fragment	0.96	AAI-based (medium-confidence)	0.0	1.0	
k127_124511	673	No	NA	1	1	0	Low-quality	Genome-fragment	0.55	HMM-based (lower-bound)	0.0	1.0	
k127_72167	372	No	NA	2	0	0	Not-determined	Genome-fragment	NA	NA	0.0	1.0	no viral genes detected
k127_493091	440	No	NA	2	0	0	Not-determined	Genome-fragment	NA	NA	0.0	1.0	no viral genes detected
k127_282319	540	No	NA	1	0	0	Low-quality	Genome-fragment	1.09	AAI-based (medium-confidence)	0.0	1.0	no viral genes detected
k127_72405	555	No	NA	1	0	0	Low-quality	Genome-fragment	1.09	AAI-based (medium-confidence)	0.0	1.0	no viral genes detected
k127_177780	318	No	NA	1	0	0	Not-determined	Genome-fragment	NA	NA	0.0	1.0	no viral genes detected
k127_335957	835	No	NA	1	1	0	Low-quality	Genome-fragment	1.19	HMM-based (lower-bound)	0.0	1.0	
k127_125251	668	No	NA	1	0	0	Low-quality	Genome-fragment	0.59	AAI-based (medium-confidence)	0.0	1.0	no viral genes detected
k127_493878	649	No	NA	1	0	1	Not-determined	Genome-fragment	NA	NA	0.0	1.0	no viral genes detected
k127_336584	516	No	NA	1	0	0	Not-determined	Genome-fragment	NA	NA	0.0	1.0	no viral genes detected
k127_493910	374	No	NA	1	1	0	Low-quality	Genome-fragment	0.26	HMM-based (lower-bound)	0.0	1.0	
k127_283172	525	No	NA	3	1	0	Low-quality	Genome-fragment	1.15	AAI-based (medium-confidence)	0.0	1.0	
k127_73448	514	No	NA	2	1	0	Low-quality	Genome-fragment	0.55	HMM-based (lower-bound)	0.0	1.0	
k127_231077	970	No	NA	1	1	0	Low-quality	Genome-fragment	2.21	AAI-based (medium-confidence)	0.0	1.0	
k127_231098	1634	No	NA	1	0	0	Low-quality	Genome-fragment	3.48	AAI-based (medium-confidence)	0.0	1.0	no viral genes detected
k127_389079	1095	No	NA	1	0	0	Low-quality	Genome-fragment	2.42	AAI-based (medium-confidence)	0.0	1.0	no viral genes detected
k127_126274	372	No	NA	1	0	0	Not-determined	Genome-fragment	NA	NA	0.0	1.0	no viral genes detected
k127_21325	713	No	NA	1	0	0	Not-determined	Genome-fragment	NA	NA	0.0	1.0	no viral genes detected
k127_337348	449	No	NA	1	1	0	Low-quality	Genome-fragment	0.37	HMM-based (lower-bound)	0.0	1.0	
k127_389450	318	No	NA	1	1	0	Low-quality	Genome-fragment	0.37	HMM-based (lower-bound)	0.0	1.0	
k127_389479	429	No	NA	1	1	0	Low-quality	Genome-fragment	0.32	HMM-based (lower-bound)	0.0	1.0	
k127_74111	368	No	NA	1	1	0	Low-quality	Genome-fragment	0.57	HMM-based (lower-bound)	0.0	1.0	
k127_179479	364	No	NA	1	0	0	Not-determined	Genome-fragment	NA	NA	0.0	1.0	no viral genes detected
k127_231844	310	No	NA	1	0	0	Not-determined	Genome-fragment	NA	NA	0.0	1.0	no viral genes detected
k127_126816	411	No	NA	1	1	0	Low-quality	Genome-fragment	0.56	AAI-based (high-confidence)	0.0	1.0	
k127_495087	1630	No	NA	2	1	0	Low-quality	Genome-fragment	2.32	HMM-based (lower-bound)	0.0	1.0	
k127_179869	502	No	NA	1	0	1	Not-determined	Genome-fragment	NA	NA	0.0	1.0	no viral genes detected
k127_180576	343	No	NA	1	0	0	Not-determined	Genome-fragment	NA	NA	0.0	1.0	no viral genes detected
k127_443561	380	No	NA	2	0	0	Low-quality	Genome-fragment	0.53	AAI-based (medium-confidence)	0.0	1.0	no viral genes detected
k127_233021	435	No	NA	1	0	0	Low-quality	Genome-fragment	0.56	AAI-based (medium-confidence)	0.0	1.0	no viral genes detected
k127_233194	392	No	NA	1	1	0	Low-quality	Genome-fragment	0.59	HMM-based (lower-bound)	0.0	1.0	
k127_443863	401	No	NA	2	1	0	Low-quality	Genome-fragment	0.43	HMM-based (lower-bound)	0.0	1.0	
k127_339018	774	No	NA	1	1	0	Low-quality	Genome-fragment	1.1	HMM-based (lower-bound)	0.0	1.0	
k127_444255	413	No	NA	1	0	0	Low-quality	Genome-fragment	0.94	AAI-based (high-confidence)	0.0	1.0	no viral genes detected
k127_233899	820	No	NA	2	1	0	Low-quality	Genome-fragment	0.56	HMM-based (lower-bound)	0.0	1.0	
k127_181618	512	No	NA	1	0	1	Low-quality	Genome-fragment	0.32	AAI-based (medium-confidence)	0.0	1.0	no viral genes detected
k127_128951	302	No	NA	1	1	0	Low-quality	Genome-fragment	0.58	HMM-based (lower-bound)	0.0	1.0	
k127_497152	999	No	NA	1	1	0	Low-quality	Genome-fragment	1.42	HMM-based (lower-bound)	0.0	1.0	
k127_24012	348	No	NA	1	0	0	Low-quality	Genome-fragment	0.85	AAI-based (high-confidence)	0.0	1.0	no viral genes detected
k127_444612	539	No	NA	1	0	0	Not-determined	Genome-fragment	NA	NA	0.0	1.0	no viral genes detected
k127_24212	464	No	NA	1	0	0	Not-determined	Genome-fragment	NA	NA	0.0	1.0	no viral genes detected
k127_339982	468	No	NA	1	1	0	Low-quality	Genome-fragment	0.74	HMM-based (lower-bound)	0.0	1.0	
k127_392347	389	No	NA	1	0	0	Not-determined	Genome-fragment	NA	NA	0.0	1.0	no viral genes detected
k127_24542	363	No	NA	1	0	0	Not-determined	Genome-fragment	NA	NA	0.0	1.0	no viral genes detected
k127_130057	414	No	NA	1	0	0	Low-quality	Genome-fragment	0.79	AAI-based (medium-confidence)	0.0	1.0	no viral genes detected
k127_498565	350	No	NA	1	0	0	Not-determined	Genome-fragment	NA	NA	0.0	1.0	no viral genes detected
k127_341312	350	No	NA	1	1	0	Low-quality	Genome-fragment	0.29	HMM-based (lower-bound)	0.0	1.0	
k127_341398	303	No	NA	1	0	0	Not-determined	Genome-fragment	NA	NA	0.0	1.0	no viral genes detected
k127_78231	2200	No	NA	3	3	0	Low-quality	Genome-fragment	4.06	AAI-based (medium-confidence)	0.0	1.0	
k127_446307	345	No	NA	1	0	0	Not-determined	Genome-fragment	NA	NA	0.0	1.0	no viral genes detected
k127_288320	314	No	NA	1	0	0	Not-determined	Genome-fragment	NA	NA	0.0	1.0	no viral genes detected
k127_394534	313	No	NA	1	1	0	Low-quality	Genome-fragment	0.41	AAI-based (high-confidence)	0.0	1.0	
k127_289029	383	No	NA	1	1	0	Low-quality	Genome-fragment	0.67	AAI-based (medium-confidence)	0.0	1.0	
k127_184866	856	No	NA	1	0	0	Not-determined	Genome-fragment	NA	NA	0.0	1.0	no viral genes detected
k127_289229	1076	No	NA	2	0	1	Not-determined	Genome-fragment	NA	NA	0.0	1.0	no viral genes detected
k127_343056	459	No	NA	1	1	0	Low-quality	Genome-fragment	1.27	AAI-based (medium-confidence)	0.0	1.0	
k127_500540	447	No	NA	2	0	0	Not-determined	Genome-fragment	NA	NA	0.0	1.0	no viral genes detected
k127_447992	305	No	NA	1	0	0	Low-quality	Genome-fragment	0.08	AAI-based (medium-confidence)	0.0	1.0	no viral genes detected
k127_132412	1891	No	NA	3	1	0	Low-quality	Genome-fragment	3.65	AAI-based (medium-confidence)	0.0	1.0	
k127_80179	3620	No	NA	3	1	0	Low-quality	Genome-fragment	5.98	AAI-based (medium-confidence)	0.0	1.0	
k127_395629	776	No	NA	1	0	0	Not-determined	Genome-fragment	NA	NA	0.0	1.0	no viral genes detected
k127_237867	752	No	NA	1	0	0	Not-determined	Genome-fragment	NA	NA	0.0	1.0	no viral genes detected
k127_80679	344	No	NA	1	0	0	Low-quality	Genome-fragment	0.8	AAI-based (medium-confidence)	0.0	1.0	no viral genes detected
k127_185971	331	No	NA	1	0	0	Low-quality	Genome-fragment	0.64	AAI-based (medium-confidence)	0.0	1.0	no viral genes detected
k127_28780	2320	No	NA	3	1	0	Low-quality	Genome-fragment	2.14	HMM-based (lower-bound)	0.0	1.0	
k127_291110	617	No	NA	1	1	0	Low-quality	Genome-fragment	1.14	AAI-based (medium-confidence)	0.0	1.0	
k127_502371	564	No	NA	2	0	0	Not-determined	Genome-fragment	NA	NA	0.0	1.0	no viral genes detected
k127_187028	399	No	NA	1	1	0	Low-quality	Genome-fragment	0.92	AAI-based (medium-confidence)	0.0	1.0	
k127_502637	325	No	NA	1	1	0	Low-quality	Genome-fragment	0.24	HMM-based (lower-bound)	0.0	1.0	
k127_291723	574	No	NA	1	0	0	Low-quality	Genome-fragment	1.18	AAI-based (medium-confidence)	0.0	1.0	no viral genes detected
k127_450436	444	No	NA	1	0	1	Not-determined	Genome-fragment	NA	NA	0.0	1.0	no viral genes detected
k127_188137	454	No	NA	1	0	0	Low-quality	Genome-fragment	0.33	AAI-based (medium-confidence)	0.0	1.0	no viral genes detected
k127_135398	1240	No	NA	1	0	1	Not-determined	Genome-fragment	NA	NA	0.0	1.0	no viral genes detected
k127_135443	864	No	NA	1	1	0	Low-quality	Genome-fragment	1.23	HMM-based (lower-bound)	0.0	1.0	
k127_83125	321	No	NA	1	0	0	Not-determined	Genome-fragment	NA	NA	0.0	1.0	no viral genes detected
k127_83278	538	No	NA	1	1	0	Low-quality	Genome-fragment	0.44	HMM-based (lower-bound)	0.0	1.0	
k127_188524	377	No	NA	1	1	0	Low-quality	Genome-fragment	0.59	HMM-based (lower-bound)	0.0	1.0	
k127_30863	966	No	NA	1	1	0	Low-quality	Genome-fragment	0.51	HMM-based (lower-bound)	0.0	1.0	
k127_241061	325	No	NA	1	0	0	Not-determined	Genome-fragment	NA	NA	0.0	1.0	no viral genes detected
k127_136023	449	No	NA	1	0	0	Low-quality	Genome-fragment	1.03	AAI-based (medium-confidence)	0.0	1.0	no viral genes detected
k127_83630	424	No	NA	2	0	0	Not-determined	Genome-fragment	NA	NA	0.0	1.0	no viral genes detected
k127_241687	372	No	NA	1	1	0	Low-quality	Genome-fragment	0.3	HMM-based (lower-bound)	0.0	1.0	
k127_85300	314	No	NA	1	0	0	Not-determined	Genome-fragment	NA	NA	0.0	1.0	no viral genes detected
k127_137894	447	No	NA	1	1	0	Low-quality	Genome-fragment	1.01	AAI-based (medium-confidence)	0.0	1.0	
k127_400893	394	No	NA	1	1	0	Low-quality	Genome-fragment	0.61	HMM-based (lower-bound)	0.0	1.0	
k127_349088	511	No	NA	1	0	0	Low-quality	Genome-fragment	1.18	AAI-based (medium-confidence)	0.0	1.0	no viral genes detected
k127_295466	404	No	NA	1	0	0	Low-quality	Genome-fragment	0.8	AAI-based (medium-confidence)	0.0	1.0	no viral genes detected
k127_295475	575	No	NA	1	0	0	Low-quality	Genome-fragment	1.17	AAI-based (high-confidence)	0.0	1.0	no viral genes detected
k127_401937	828	No	NA	2	0	1	Not-determined	Genome-fragment	NA	NA	0.0	1.0	no viral genes detected
k127_296116	312	No	NA	1	1	0	Low-quality	Genome-fragment	0.28	HMM-based (lower-bound)	0.0	1.0	
k127_139398	739	No	NA	1	0	1	Not-determined	Genome-fragment	NA	NA	0.0	1.0	no viral genes detected
k127_455191	525	No	NA	1	0	0	Not-determined	Genome-fragment	NA	NA	0.0	1.0	no viral genes detected
k127_350383	428	No	NA	1	0	0	Low-quality	Genome-fragment	0.27	AAI-based (medium-confidence)	0.0	1.0	no viral genes detected
k127_455277	351	No	NA	1	1	0	Low-quality	Genome-fragment	0.24	HMM-based (lower-bound)	0.0	1.0	
k127_87465	469	No	NA	1	1	0	Low-quality	Genome-fragment	0.26	HMM-based (lower-bound)	0.0	1.0	
k127_402982	354	No	NA	2	0	0	Not-determined	Genome-fragment	NA	NA	0.0	1.0	no viral genes detected
k127_192961	537	No	NA	1	0	0	Low-quality	Genome-fragment	1.14	AAI-based (medium-confidence)	0.0	1.0	no viral genes detected
k127_35558	428	No	NA	1	0	0	Low-quality	Genome-fragment	1.04	AAI-based (medium-confidence)	0.0	1.0	no viral genes detected
k127_403505	315	No	NA	1	0	0	Not-determined	Genome-fragment	NA	NA	0.0	1.0	no viral genes detected
k127_403618	343	No	NA	1	0	0	Not-determined	Genome-fragment	NA	NA	0.0	1.0	no viral genes detected
k127_403620	1922	No	NA	3	1	0	Low-quality	Genome-fragment	3.62	AAI-based (high-confidence)	0.0	1.0	
k127_88253	353	No	NA	1	0	0	Low-quality	Genome-fragment	0.81	AAI-based (medium-confidence)	0.0	1.0	no viral genes detected
k127_509277	852	No	NA	1	0	1	Not-determined	Genome-fragment	NA	NA	0.0	1.0	no viral genes detected
k127_193880	589	No	NA	2	2	0	Low-quality	Genome-fragment	0.05	HMM-based (lower-bound)	0.0	1.0	
k127_509605	338	No	NA	1	0	0	Not-determined	Genome-fragment	NA	NA	0.0	1.0	no viral genes detected
k127_194270	308	No	NA	1	0	0	Low-quality	Genome-fragment	0.75	AAI-based (high-confidence)	0.0	1.0	no viral genes detected
k127_89174	442	No	NA	1	0	0	Low-quality	Genome-fragment	0.96	AAI-based (medium-confidence)	0.0	1.0	no viral genes detected
k127_404762	1521	No	NA	2	1	0	Low-quality	Genome-fragment	2.43	HMM-based (lower-bound)	0.0	1.0	
k127_298756	352	No	NA	1	0	0	Low-quality	Genome-fragment	0.71	AAI-based (medium-confidence)	0.0	1.0	no viral genes detected
k127_37260	1624	No	NA	1	1	0	Low-quality	Genome-fragment	3.13	AAI-based (high-confidence)	0.0	1.0	
k127_405264	472	No	NA	1	1	0	Low-quality	Genome-fragment	0.71	HMM-based (lower-bound)	0.0	1.0	
k127_299246	560	No	NA	1	1	0	Low-quality	Genome-fragment	0.46	HMM-based (lower-bound)	0.0	1.0	
k127_353399	1189	No	NA	1	0	0	Low-quality	Genome-fragment	2.68	AAI-based (medium-confidence)	0.0	1.0	no viral genes detected
k127_248176	1067	No	NA	1	0	0	Low-quality	Genome-fragment	2.12	AAI-based (medium-confidence)	0.0	1.0	no viral genes detected
k127_511245	344	No	NA	1	0	0	Not-determined	Genome-fragment	NA	NA	0.0	1.0	no viral genes detected
k127_195908	2001	No	NA	1	0	1	Not-determined	Genome-fragment	NA	NA	0.0	1.0	no viral genes detected
k127_353837	755	No	NA	2	0	0	Low-quality	Genome-fragment	1.87	AAI-based (medium-confidence)	0.0	1.0	no viral genes detected
k127_406126	743	No	NA	1	0	0	Low-quality	Genome-fragment	1.55	AAI-based (medium-confidence)	0.0	1.0	no viral genes detected
k127_248409	396	No	NA	1	0	0	Not-determined	Genome-fragment	NA	NA	0.0	1.0	no viral genes detected
k127_511626	325	No	NA	1	1	0	Low-quality	Genome-fragment	0.55	AAI-based (medium-confidence)	0.0	1.0	
k127_143560	567	No	NA	1	0	0	Low-quality	Genome-fragment	1.14	AAI-based (medium-confidence)	0.0	1.0	no viral genes detected
k127_143804	320	No	NA	1	0	0	Low-quality	Genome-fragment	0.84	AAI-based (medium-confidence)	0.0	1.0	no viral genes detected
k127_91370	312	No	NA	1	0	0	Low-quality	Genome-fragment	0.93	AAI-based (high-confidence)	0.0	1.0	no viral genes detected
k127_196955	598	No	NA	1	1	0	Low-quality	Genome-fragment	0.49	HMM-based (lower-bound)	0.0	1.0	
k127_91907	829	No	NA	1	0	0	Not-determined	Genome-fragment	NA	NA	0.0	1.0	no viral genes detected
k127_91957	563	No	NA	1	0	0	Not-determined	Genome-fragment	NA	NA	0.0	1.0	no viral genes detected
k127_197763	301	No	NA	1	0	0	Low-quality	Genome-fragment	0.78	AAI-based (high-confidence)	0.0	1.0	no viral genes detected
k127_460678	1095	No	NA	2	0	0	Low-quality	Genome-fragment	0.52	AAI-based (medium-confidence)	0.0	1.0	no viral genes detected
k127_355829	421	No	NA	1	0	0	Low-quality	Genome-fragment	0.9	AAI-based (medium-confidence)	0.0	1.0	no viral genes detected
k127_513561	663	No	NA	4	0	0	Not-determined	Genome-fragment	NA	NA	0.0	1.0	no viral genes detected
k127_198262	536	No	NA	1	1	0	Low-quality	Genome-fragment	0.8	AAI-based (medium-confidence)	0.0	1.0	
k127_250815	545	No	NA	1	1	0	Low-quality	Genome-fragment	0.12	HMM-based (lower-bound)	0.0	1.0	
k127_356407	538	No	NA	2	0	0	Not-determined	Genome-fragment	NA	NA	0.0	1.05	no viral genes detected
k127_356661	491	No	NA	1	0	0	Not-determined	Genome-fragment	NA	NA	0.0	1.0	no viral genes detected
k127_251201	4067	No	NA	4	2	0	Low-quality	Genome-fragment	7.61	AAI-based (medium-confidence)	0.0	1.0	
k127_146143	1035	No	NA	2	0	0	Low-quality	Genome-fragment	1.68	AAI-based (medium-confidence)	0.0	1.0	no viral genes detected
k127_409083	718	No	NA	1	0	0	Not-determined	Genome-fragment	NA	NA	0.0	1.0	no viral genes detected
k127_251376	1128	No	NA	1	1	0	Low-quality	Genome-fragment	2.92	AAI-based (medium-confidence)	0.0	1.0	
k127_198958	600	No	NA	1	1	0	Low-quality	Genome-fragment	0.32	HMM-based (lower-bound)	0.0	1.0	
k127_303099	651	No	NA	1	0	0	Not-determined	Genome-fragment	NA	NA	0.0	1.0	no viral genes detected
k127_303513	625	No	NA	1	0	0	Low-quality	Genome-fragment	1.1	AAI-based (medium-confidence)	0.0	1.0	no viral genes detected
k127_94252	346	No	NA	1	0	0	Not-determined	Genome-fragment	NA	NA	0.0	1.0	no viral genes detected
k127_303758	1775	No	NA	1	0	1	Not-determined	Genome-fragment	NA	NA	0.0	1.0	no viral genes detected
k127_252192	408	No	NA	1	0	0	Low-quality	Genome-fragment	0.82	AAI-based (medium-confidence)	0.0	1.0	no viral genes detected
k127_357709	603	No	NA	1	0	0	Not-determined	Genome-fragment	NA	NA	0.0	1.0	no viral genes detected
k127_357863	460	No	NA	1	0	0	Low-quality	Genome-fragment	0.91	AAI-based (medium-confidence)	0.0	1.0	no viral genes detected
k127_304087	458	No	NA	1	1	0	Low-quality	Genome-fragment	0.38	HMM-based (lower-bound)	0.0	1.0	
k127_358074	399	No	NA	1	0	0	Low-quality	Genome-fragment	0.83	AAI-based (medium-confidence)	0.0	1.0	no viral genes detected
k127_304326	301	No	NA	1	1	0	Low-quality	Genome-fragment	0.16	HMM-based (lower-bound)	0.0	1.0	
k127_95167	651	No	NA	1	1	0	Low-quality	Genome-fragment	0.96	AAI-based (medium-confidence)	0.0	1.0	
k127_95260	353	No	NA	1	1	0	Low-quality	Genome-fragment	0.19	HMM-based (lower-bound)	0.0	1.0	
k127_200719	1097	No	NA	3	0	0	Not-determined	Genome-fragment	NA	NA	0.0	1.0	no viral genes detected
k127_410889	466	No	NA	1	0	0	Low-quality	Genome-fragment	0.9	AAI-based (medium-confidence)	0.0	1.0	no viral genes detected
k127_411045	399	No	NA	1	1	0	Low-quality	Genome-fragment	0.24	HMM-based (lower-bound)	0.0	1.0	
k127_305115	656	No	NA	1	0	0	Not-determined	Genome-fragment	NA	NA	0.0	1.0	no viral genes detected
k127_43414	349	No	NA	1	0	0	Low-quality	Genome-fragment	0.8	AAI-based (medium-confidence)	0.0	1.0	no viral genes detected
k127_201348	710	No	NA	1	0	0	Not-determined	Genome-fragment	NA	NA	0.0	1.0	no viral genes detected
k127_96679	3181	No	NA	6	0	0	Not-determined	Genome-fragment	NA	NA	0.0	1.0	no viral genes detected
k127_412095	441	No	NA	1	0	0	Not-determined	Genome-fragment	NA	NA	0.0	1.0	no viral genes detected
k127_44246	356	No	NA	1	1	0	Low-quality	Genome-fragment	0.81	HMM-based (lower-bound)	0.0	1.0	
k127_465387	428	No	NA	1	0	0	Not-determined	Genome-fragment	NA	NA	0.0	1.0	no viral genes detected
k127_150018	351	No	NA	2	0	0	Low-quality	Genome-fragment	0.16	AAI-based (high-confidence)	0.0	1.0	no viral genes detected
k127_150027	393	No	NA	2	0	0	Not-determined	Genome-fragment	NA	NA	0.0	1.0	no viral genes detected
k127_202822	848	No	NA	1	0	0	Not-determined	Genome-fragment	NA	NA	0.0	1.0	no viral genes detected
k127_255145	357	No	NA	1	0	0	Not-determined	Genome-fragment	NA	NA	0.0	1.0	no viral genes detected
k127_97660	345	No	NA	1	0	0	Not-determined	Genome-fragment	NA	NA	0.0	1.0	no viral genes detected
k127_465781	323	No	NA	1	0	0	Low-quality	Genome-fragment	0.77	AAI-based (medium-confidence)	0.0	1.0	no viral genes detected
k127_203048	842	No	NA	1	1	0	Low-quality	Genome-fragment	1.02	AAI-based (medium-confidence)	0.0	1.0	
k127_97838	2622	No	NA	4	0	0	Not-determined	Genome-fragment	NA	NA	0.0	1.0	no viral genes detected
k127_307156	302	No	NA	1	1	0	Low-quality	Genome-fragment	0.76	AAI-based (medium-confidence)	0.0	1.0	
k127_466266	441	No	NA	1	0	0	Low-quality	Genome-fragment	0.79	AAI-based (medium-confidence)	0.0	1.0	no viral genes detected
k127_255733	326	No	NA	1	0	0	Not-determined	Genome-fragment	NA	NA	0.0	1.0	no viral genes detected
k127_466470	441	No	NA	1	0	0	Not-determined	Genome-fragment	NA	NA	0.0	1.0	no viral genes detected
k127_203632	737	No	NA	1	0	1	Not-determined	Genome-fragment	NA	NA	0.0	1.0	no viral genes detected
k127_98416	314	No	NA	1	0	0	Not-determined	Genome-fragment	NA	NA	0.0	1.0	no viral genes detected
k127_151025	928	No	NA	3	1	0	Low-quality	Genome-fragment	1.32	HMM-based (lower-bound)	0.0	1.0	
k127_203786	343	No	NA	1	1	0	Low-quality	Genome-fragment	0.39	HMM-based (lower-bound)	0.0	1.0	
k127_98576	326	No	NA	1	0	0	Not-determined	Genome-fragment	NA	NA	0.0	1.0	no viral genes detected
k127_151159	328	No	NA	1	1	0	Low-quality	Genome-fragment	0.71	AAI-based (medium-confidence)	0.0	1.0	
k127_151331	714	No	NA	1	1	0	Low-quality	Genome-fragment	0.4	AAI-based (medium-confidence)	0.0	1.0	
k127_308123	575	No	NA	1	0	1	Not-determined	Genome-fragment	NA	NA	0.0	1.0	no viral genes detected
k127_467024	554	No	NA	2	1	0	Low-quality	Genome-fragment	0.62	AAI-based (medium-confidence)	0.0	1.0	
k127_46651	545	No	NA	1	1	0	Low-quality	Genome-fragment	0.45	HMM-based (lower-bound)	0.0	1.0	
k127_362324	664	No	NA	1	0	1	Low-quality	Genome-fragment	1.19	AAI-based (medium-confidence)	0.0	1.0	no viral genes detected
k127_362341	1154	No	NA	1	0	1	Not-determined	Genome-fragment	NA	NA	0.0	1.0	no viral genes detected
k127_362360	394	No	NA	1	0	0	Low-quality	Genome-fragment	0.91	AAI-based (high-confidence)	0.0	1.0	no viral genes detected
k127_256858	967	No	NA	2	1	0	Low-quality	Genome-fragment	1.15	AAI-based (medium-confidence)	0.0	1.0	
k127_308655	996	No	NA	1	1	0	Low-quality	Genome-fragment	0.82	HMM-based (lower-bound)	0.0	1.0	
k127_257094	752	No	NA	1	0	0	Not-determined	Genome-fragment	NA	NA	0.0	1.0	no viral genes detected
k127_308927	679	No	NA	1	0	0	Not-determined	Genome-fragment	NA	NA	0.0	1.0	no viral genes detected
k127_467795	998	No	NA	1	0	0	Not-determined	Genome-fragment	NA	NA	0.0	1.0	no viral genes detected
k127_308956	393	No	NA	1	0	0	Not-determined	Genome-fragment	NA	NA	0.0	1.0	no viral genes detected
k127_152440	999	No	NA	1	1	0	Low-quality	Genome-fragment	1.87	AAI-based (high-confidence)	0.0	1.0	
k127_99839	472	No	NA	1	0	0	Low-quality	Genome-fragment	0.95	AAI-based (medium-confidence)	0.0	1.0	no viral genes detected
k127_415301	367	No	NA	1	1	0	Low-quality	Genome-fragment	0.85	AAI-based (medium-confidence)	0.0	1.0	
k127_257508	1073	No	NA	2	1	0	Low-quality	Genome-fragment	1.15	HMM-based (lower-bound)	0.0	1.0	
k127_205365	799	No	NA	1	0	0	Low-quality	Genome-fragment	1.78	AAI-based (medium-confidence)	0.0	1.0	no viral genes detected
k127_309435	333	No	NA	1	0	0	Not-determined	Genome-fragment	NA	NA	0.0	1.0	no viral genes detected
k127_152991	1646	No	NA	4	1	0	Low-quality	Genome-fragment	2.73	AAI-based (medium-confidence)	0.0	1.0	
k127_363479	301	No	NA	2	0	0	Not-determined	Genome-fragment	NA	NA	0.0	1.0	no viral genes detected
k127_258051	306	No	NA	1	0	0	Not-determined	Genome-fragment	NA	NA	0.0	1.0	no viral genes detected
k127_48117	418	No	NA	2	0	1	Not-determined	Genome-fragment	NA	NA	0.0	1.0	no viral genes detected
k127_310200	743	No	NA	1	0	1	Not-determined	Genome-fragment	NA	NA	0.0	1.0	no viral genes detected
k127_48565	1199	No	NA	1	1	0	Low-quality	Genome-fragment	0.89	HMM-based (lower-bound)	0.0	1.0	
k127_469206	525	No	NA	1	0	0	Not-determined	Genome-fragment	NA	NA	0.0	1.0	no viral genes detected
k127_521871	302	No	NA	2	0	0	Not-determined	Genome-fragment	NA	NA	0.0	1.0	no viral genes detected
k127_364387	601	No	NA	1	0	0	Not-determined	Genome-fragment	NA	NA	0.0	1.0	no viral genes detected
k127_522083	1317	No	NA	1	0	0	Low-quality	Genome-fragment	2.54	AAI-based (high-confidence)	0.0	1.0	no viral genes detected
k127_206669	305	No	NA	1	0	0	Low-quality	Genome-fragment	0.71	AAI-based (medium-confidence)	0.0	1.0	no viral genes detected
k127_469516	451	No	NA	1	1	0	Low-quality	Genome-fragment	0.34	AAI-based (medium-confidence)	0.0	1.0	
k127_469567	339	No	NA	1	0	0	Low-quality	Genome-fragment	0.8	AAI-based (medium-confidence)	0.0	1.0	no viral genes detected
k127_49654	429	No	NA	1	0	0	Low-quality	Genome-fragment	0.41	AAI-based (medium-confidence)	0.0	1.0	no viral genes detected
k127_154850	540	No	NA	1	1	0	Low-quality	Genome-fragment	0.82	HMM-based (lower-bound)	0.0	1.0	
k127_522843	305	No	NA	1	0	0	Not-determined	Genome-fragment	NA	NA	0.0	1.0	no viral genes detected
k127_470300	306	No	NA	1	0	0	Low-quality	Genome-fragment	0.73	AAI-based (medium-confidence)	0.0	1.0	no viral genes detected
k127_470357	987	No	NA	1	0	1	Not-determined	Genome-fragment	NA	NA	0.0	1.0	no viral genes detected
k127_102313	486	No	NA	1	1	0	Low-quality	Genome-fragment	0.83	AAI-based (medium-confidence)	0.0	1.0	
k127_155137	852	No	NA	1	1	0	Low-quality	Genome-fragment	0.7	HMM-based (lower-bound)	0.0	1.0	
k127_365655	379	No	NA	1	0	0	Low-quality	Genome-fragment	0.81	AAI-based (medium-confidence)	0.0	1.0	no viral genes detected
k127_207885	1164	No	NA	2	1	0	Low-quality	Genome-fragment	1.55	AAI-based (medium-confidence)	0.0	1.0	
k127_523338	637	No	NA	1	0	0	Not-determined	Genome-fragment	NA	NA	0.0	1.0	no viral genes detected
k127_50223	482	No	NA	1	1	0	Low-quality	Genome-fragment	0.69	HMM-based (lower-bound)	0.0	1.0	
k127_50248	1249	No	NA	2	2	0	Low-quality	Genome-fragment	0.66	AAI-based (medium-confidence)	0.0	1.0	
k127_102788	400	No	NA	1	0	0	Not-determined	Genome-fragment	NA	NA	0.0	1.0	no viral genes detected
k127_102806	860	No	NA	1	1	0	Low-quality	Genome-fragment	1.2	AAI-based (medium-confidence)	0.0	1.0	
k127_365915	1303	No	NA	1	0	1	Not-determined	Genome-fragment	NA	NA	0.0	1.0	no viral genes detected
k127_102853	449	No	NA	1	0	0	Low-quality	Genome-fragment	0.92	AAI-based (medium-confidence)	0.0	1.0	no viral genes detected
k127_208172	384	No	NA	1	0	0	Not-determined	Genome-fragment	NA	NA	0.0	1.0	no viral genes detected
k127_523694	2541	No	NA	2	0	1	Not-determined	Genome-fragment	NA	NA	0.0	1.0	no viral genes detected
k127_155819	401	No	NA	1	1	0	Low-quality	Genome-fragment	0.33	HMM-based (lower-bound)	0.0	1.0	
k127_50716	1031	No	NA	1	1	0	Low-quality	Genome-fragment	1.47	HMM-based (lower-bound)	0.0	1.0	
k127_366344	753	No	NA	2	0	0	Low-quality	Genome-fragment	1.72	AAI-based (high-confidence)	0.0	1.0	no viral genes detected
k127_103395	483	No	NA	1	1	0	Low-quality	Genome-fragment	0.2	HMM-based (lower-bound)	0.0	1.0	
k127_471465	374	No	NA	2	0	0	Low-quality	Genome-fragment	2.65	AAI-based (medium-confidence)	0.0	1.0	no viral genes detected
k127_261072	874	No	NA	1	1	0	Low-quality	Genome-fragment	1.24	HMM-based (lower-bound)	0.0	1.0	
k127_524219	3205	No	NA	2	2	0	Low-quality	Genome-fragment	5.35	HMM-based (lower-bound)	0.0	1.0	
k127_51207	343	No	NA	1	0	0	Not-determined	Genome-fragment	NA	NA	0.0	1.0	no viral genes detected
k127_471896	364	No	NA	1	0	0	Not-determined	Genome-fragment	NA	NA	0.0	1.0	no viral genes detected
k127_209325	375	No	NA	1	1	0	Low-quality	Genome-fragment	0.57	HMM-based (lower-bound)	0.0	1.0	
k127_209371	581	No	NA	1	0	0	Low-quality	Genome-fragment	1.24	AAI-based (high-confidence)	0.0	1.0	no viral genes detected
k127_261657	726	No	NA	1	1	0	Low-quality	Genome-fragment	1.74	AAI-based (medium-confidence)	0.0	1.0	
k127_261725	325	No	NA	1	0	0	Low-quality	Genome-fragment	0.68	AAI-based (medium-confidence)	0.0	1.0	no viral genes detected
k127_419560	545	No	NA	2	0	0	Not-determined	Genome-fragment	NA	NA	0.0	1.0	no viral genes detected
k127_472415	1695	No	NA	1	0	0	Not-determined	Genome-fragment	NA	NA	0.0	1.0	no viral genes detected
k127_261974	353	No	NA	1	0	0	Not-determined	Genome-fragment	NA	NA	0.0	1.0	no viral genes detected
k127_209773	601	No	NA	1	0	0	Not-determined	Genome-fragment	NA	NA	0.0	1.0	no viral genes detected
k127_209838	412	No	NA	1	0	0	Not-determined	Genome-fragment	NA	NA	0.0	1.0	no viral genes detected
k127_262275	380	No	NA	1	1	0	Low-quality	Genome-fragment	0.31	HMM-based (lower-bound)	0.0	1.0	
k127_420173	961	No	NA	2	0	0	Not-determined	Genome-fragment	NA	NA	0.0	1.0	no viral genes detected
k127_104863	414	No	NA	1	1	0	Low-quality	Genome-fragment	0.34	AAI-based (medium-confidence)	0.0	1.0	
k127_472994	391	No	NA	1	0	0	Low-quality	Genome-fragment	0.84	AAI-based (medium-confidence)	0.0	1.0	no viral genes detected
k127_262496	393	No	NA	1	0	0	Not-determined	Genome-fragment	NA	NA	0.0	1.0	no viral genes detected
k127_52599	320	No	NA	1	1	0	Low-quality	Genome-fragment	0.46	HMM-based (lower-bound)	0.0	1.0	
k127_314493	438	No	NA	1	1	0	Low-quality	Genome-fragment	0.47	HMM-based (lower-bound)	0.0	1.0	
