contig_id	contig_length	provirus	proviral_length	gene_count	viral_genes	host_genes	checkv_quality	miuvig_quality	completeness	completeness_method	contamination	kmer_freq	warnings
k127_57424	327	No	NA	1	0	0	Not-determined	Genome-fragment	NA	NA	0.0	1.0	no viral genes detected
k127_57604	1718	No	NA	1	1	0	Low-quality	Genome-fragment	3.18	AAI-based (medium-confidence)	0.0	1.0	
k127_515835	7024	No	NA	12	5	0	Low-quality	Genome-fragment	10.63	HMM-based (lower-bound)	0.0	1.0	
k127_410	359	No	NA	2	0	0	Low-quality	Genome-fragment	1.0	AAI-based (medium-confidence)	0.0	1.0	no viral genes detected
k127_401464	1383	No	NA	2	1	0	Low-quality	Genome-fragment	3.56	AAI-based (medium-confidence)	0.0	1.0	
k127_286965	1026	No	NA	3	0	0	Not-determined	Genome-fragment	NA	NA	0.0	1.0	no viral genes detected
k127_287131	934	No	NA	1	0	0	Low-quality	Genome-fragment	1.68	AAI-based (medium-confidence)	0.0	1.0	no viral genes detected
k127_57977	380	No	NA	1	1	0	Low-quality	Genome-fragment	0.57	HMM-based (lower-bound)	0.0	1.0	
k127_230051	369	No	NA	2	1	0	Low-quality	Genome-fragment	0.59	HMM-based (lower-bound)	0.0	1.0	
k127_516332	1161	No	NA	2	1	0	Low-quality	Genome-fragment	1.77	AAI-based (medium-confidence)	0.0	1.0	
k127_230066	314	No	NA	1	0	0	Low-quality	Genome-fragment	0.25	AAI-based (medium-confidence)	0.0	1.0	no viral genes detected
k127_1042	2150	No	NA	2	0	0	Not-determined	Genome-fragment	NA	NA	0.0	1.0	no viral genes detected
k127_1066	481	No	NA	1	1	0	Low-quality	Genome-fragment	1.08	AAI-based (medium-confidence)	0.0	1.0	
k127_1431	874	No	NA	1	0	0	Not-determined	Genome-fragment	NA	NA	0.0	1.0	no viral genes detected
k127_58731	365	No	NA	1	1	0	Low-quality	Genome-fragment	0.54	HMM-based (lower-bound)	0.0	1.0	
k127_173517	350	No	NA	1	0	0	Not-determined	Genome-fragment	NA	NA	0.0	1.0	no viral genes detected
k127_230862	446	No	NA	1	0	0	Low-quality	Genome-fragment	1.25	AAI-based (medium-confidence)	0.0	1.0	no viral genes detected
k127_345555	438	No	NA	1	0	1	Low-quality	Genome-fragment	0.78	AAI-based (medium-confidence)	0.0	1.0	no viral genes detected
k127_517346	386	No	NA	1	1	0	Low-quality	Genome-fragment	0.32	HMM-based (lower-bound)	0.0	1.0	
k127_403104	505	No	NA	1	0	0	Not-determined	Genome-fragment	NA	NA	0.0	1.0	no viral genes detected
k127_116547	902	No	NA	2	1	0	Low-quality	Genome-fragment	1.72	AAI-based (medium-confidence)	0.0	1.0	
k127_2788	615	No	NA	1	1	0	Low-quality	Genome-fragment	0.71	HMM-based (lower-bound)	0.0	1.0	
k127_60644	411	No	NA	1	0	0	Not-determined	Genome-fragment	NA	NA	0.0	1.0	no viral genes detected
k127_175537	1274	No	NA	1	1	0	Low-quality	Genome-fragment	1.89	HMM-based (lower-bound)	0.0	1.0	
k127_175568	320	No	NA	1	1	0	Low-quality	Genome-fragment	0.46	HMM-based (lower-bound)	0.0	1.0	
k127_61118	313	No	NA	1	0	0	Not-determined	Genome-fragment	NA	NA	0.0	1.0	no viral genes detected
k127_233431	308	No	NA	1	0	0	Not-determined	Genome-fragment	NA	NA	0.0	1.0	no viral genes detected
k127_462708	307	No	NA	1	0	0	Low-quality	Genome-fragment	0.64	AAI-based (medium-confidence)	0.0	1.0	no viral genes detected
k127_405722	3460	No	NA	6	1	0	Low-quality	Genome-fragment	2.07	HMM-based (lower-bound)	0.0	1.0	
k127_348470	303	No	NA	1	0	0	Not-determined	Genome-fragment	NA	NA	0.0	1.0	no viral genes detected
k127_348714	2628	No	NA	2	0	0	Not-determined	Genome-fragment	NA	NA	0.0	1.0	no viral genes detected
k127_119345	433	No	NA	1	0	0	Low-quality	Genome-fragment	0.85	AAI-based (medium-confidence)	0.0	1.0	no viral genes detected
k127_520844	540	No	NA	1	0	1	Not-determined	Genome-fragment	NA	NA	0.0	1.0	no viral genes detected
k127_5607	2522	No	NA	1	0	0	Not-determined	Genome-fragment	NA	NA	0.0	1.0	no viral genes detected
k127_407085	635	No	NA	1	0	0	Not-determined	Genome-fragment	NA	NA	0.0	1.0	no viral genes detected
k127_521490	563	No	NA	2	0	0	Not-determined	Genome-fragment	NA	NA	0.0	1.0	no viral genes detected
k127_349806	1119	No	NA	1	0	0	Not-determined	Genome-fragment	NA	NA	0.0	1.0	no viral genes detected
k127_235475	669	No	NA	1	0	1	Not-determined	Genome-fragment	NA	NA	0.0	1.0	no viral genes detected
k127_236106	644	No	NA	1	0	0	Low-quality	Genome-fragment	1.29	AAI-based (medium-confidence)	0.0	1.0	no viral genes detected
k127_236373	961	No	NA	1	0	1	Not-determined	Genome-fragment	NA	NA	0.0	1.0	no viral genes detected
k127_179027	321	No	NA	1	0	0	Not-determined	Genome-fragment	NA	NA	0.0	1.0	no viral genes detected
k127_293762	1137	No	NA	1	1	0	Low-quality	Genome-fragment	2.59	AAI-based (high-confidence)	0.0	1.0	
k127_465786	524	No	NA	1	1	0	Low-quality	Genome-fragment	0.36	HMM-based (lower-bound)	0.0	1.0	
k127_523157	874	No	NA	2	0	0	Low-quality	Genome-fragment	0.81	AAI-based (medium-confidence)	0.0	1.0	no viral genes detected
k127_237157	493	No	NA	2	0	0	Not-determined	Genome-fragment	NA	NA	0.0	1.0	no viral genes detected
k127_7963	4379	No	NA	3	1	0	Medium-quality	Genome-fragment	62.21	AAI-based (high-confidence)	0.0	1.0	
k127_409221	913	No	NA	2	0	0	Low-quality	Genome-fragment	1.29	AAI-based (high-confidence)	0.0	1.0	no viral genes detected
k127_237672	341	No	NA	1	0	0	Low-quality	Genome-fragment	0.8	AAI-based (high-confidence)	0.0	1.0	no viral genes detected
k127_352259	319	No	NA	1	0	0	Not-determined	Genome-fragment	NA	NA	0.0	1.0	no viral genes detected
k127_295374	353	No	NA	1	0	0	Not-determined	Genome-fragment	NA	NA	0.0	1.0	no viral genes detected
k127_66284	368	No	NA	1	1	0	Low-quality	Genome-fragment	0.84	HMM-based (lower-bound)	0.0	1.0	
k127_295590	478	No	NA	1	0	0	Low-quality	Genome-fragment	1.1	AAI-based (medium-confidence)	0.0	1.0	no viral genes detected
k127_238730	452	No	NA	1	1	0	Low-quality	Genome-fragment	0.64	HMM-based (lower-bound)	0.0	1.0	
k127_524895	750	No	NA	2	0	0	Not-determined	Genome-fragment	NA	NA	0.0	1.0	no viral genes detected
k127_66794	371	No	NA	1	0	0	Not-determined	Genome-fragment	NA	NA	0.0	1.0	no viral genes detected
k127_66879	1319	No	NA	1	1	0	Low-quality	Genome-fragment	3.57	AAI-based (medium-confidence)	0.0	1.0	
k127_525078	1333	No	NA	3	1	0	Low-quality	Genome-fragment	2.33	AAI-based (medium-confidence)	0.0	1.0	
k127_181474	346	No	NA	1	0	0	Not-determined	Genome-fragment	NA	NA	0.0	1.0	no viral genes detected
k127_410684	504	No	NA	1	0	0	Not-determined	Genome-fragment	NA	NA	0.0	1.0	no viral genes detected
k127_239027	487	No	NA	1	0	1	Not-determined	Genome-fragment	NA	NA	0.0	1.0	no viral genes detected
k127_296155	794	No	NA	1	0	0	Low-quality	Genome-fragment	1.54	AAI-based (high-confidence)	0.0	1.0	no viral genes detected
k127_353809	335	No	NA	1	1	0	Low-quality	Genome-fragment	0.53	AAI-based (high-confidence)	0.0	1.0	
k127_296945	545	No	NA	1	1	0	Low-quality	Genome-fragment	0.45	HMM-based (lower-bound)	0.0	1.0	
k127_10687	481	No	NA	1	0	0	Not-determined	Genome-fragment	NA	NA	0.0	1.0	no viral genes detected
k127_124730	421	No	NA	1	1	0	Low-quality	Genome-fragment	0.37	HMM-based (lower-bound)	0.0	1.0	
k127_124810	701	No	NA	1	0	1	Not-determined	Genome-fragment	NA	NA	0.0	1.0	no viral genes detected
k127_240658	310	No	NA	1	0	0	Not-determined	Genome-fragment	NA	NA	0.0	1.0	no viral genes detected
k127_240831	392	No	NA	1	0	0	Not-determined	Genome-fragment	NA	NA	0.0	1.0	no viral genes detected
k127_240910	378	No	NA	1	1	0	Low-quality	Genome-fragment	0.65	HMM-based (lower-bound)	0.0	1.0	
k127_412858	1484	No	NA	2	0	1	Not-determined	Genome-fragment	NA	NA	0.0	1.0	no viral genes detected
k127_241482	303	No	NA	2	0	0	Not-determined	Genome-fragment	NA	NA	0.0	1.0	no viral genes detected
k127_298625	623	No	NA	2	0	0	Not-determined	Genome-fragment	NA	NA	0.0	1.0	no viral genes detected
k127_470658	374	No	NA	1	0	0	Not-determined	Genome-fragment	NA	NA	0.0	1.0	no viral genes detected
k127_355976	790	No	NA	2	1	0	Low-quality	Genome-fragment	0.49	HMM-based (lower-bound)	0.0	1.0	
k127_298953	419	No	NA	1	1	0	Low-quality	Genome-fragment	0.62	HMM-based (lower-bound)	0.0	1.0	
k127_528294	488	No	NA	1	0	0	Not-determined	Genome-fragment	NA	NA	0.0	1.0	no viral genes detected
k127_356423	359	No	NA	1	0	0	Not-determined	Genome-fragment	NA	NA	0.0	1.0	no viral genes detected
k127_184801	331	No	NA	1	1	0	Low-quality	Genome-fragment	0.61	AAI-based (medium-confidence)	0.0	1.0	
k127_471333	428	No	NA	1	0	0	Low-quality	Genome-fragment	1.0	AAI-based (medium-confidence)	0.0	1.0	no viral genes detected
k127_299480	383	No	NA	1	1	0	Low-quality	Genome-fragment	0.55	HMM-based (lower-bound)	0.0	1.0	
k127_70711	909	No	NA	1	0	0	Not-determined	Genome-fragment	NA	NA	0.0	1.0	no viral genes detected
k127_471736	820	No	NA	1	1	0	Low-quality	Genome-fragment	1.39	HMM-based (lower-bound)	0.0	1.0	
k127_300068	470	No	NA	1	0	0	Low-quality	Genome-fragment	1.18	AAI-based (medium-confidence)	0.0	1.0	no viral genes detected
k127_13597	472	No	NA	1	1	0	Low-quality	Genome-fragment	0.71	HMM-based (lower-bound)	0.0	1.0	
k127_357397	584	No	NA	1	0	0	Not-determined	Genome-fragment	NA	NA	0.0	1.0	no viral genes detected
k127_529850	919	No	NA	2	0	1	Low-quality	Genome-fragment	2.13	AAI-based (medium-confidence)	0.0	1.0	no viral genes detected
k127_530028	1389	No	NA	1	0	1	Not-determined	Genome-fragment	NA	NA	0.0	1.0	no viral genes detected
k127_415465	3032	No	NA	6	1	0	Low-quality	Genome-fragment	3.83	AAI-based (medium-confidence)	0.0	1.0	
k127_300856	498	No	NA	1	1	0	Low-quality	Genome-fragment	0.88	AAI-based (medium-confidence)	0.0	1.0	
k127_300968	2684	No	NA	2	1	0	Low-quality	Genome-fragment	37.73	AAI-based (high-confidence)	0.0	1.0	
k127_128052	336	No	NA	1	0	0	Not-determined	Genome-fragment	NA	NA	0.0	1.0	no viral genes detected
k127_416029	327	No	NA	1	0	0	Not-determined	Genome-fragment	NA	NA	0.0	1.0	no viral genes detected
k127_15104	315	No	NA	2	0	0	Not-determined	Genome-fragment	NA	NA	0.0	1.0	no viral genes detected
k127_301923	435	No	NA	2	1	0	Low-quality	Genome-fragment	0.78	HMM-based (lower-bound)	0.0	1.0	
k127_15572	341	No	NA	1	1	0	Low-quality	Genome-fragment	0.23	HMM-based (lower-bound)	0.0	1.0	
k127_531402	449	No	NA	1	0	0	Low-quality	Genome-fragment	1.01	AAI-based (medium-confidence)	0.0	1.0	no viral genes detected
k127_416949	1432	No	NA	2	1	0	Low-quality	Genome-fragment	2.88	AAI-based (medium-confidence)	0.0	1.0	
k127_73415	430	No	NA	1	1	0	Low-quality	Genome-fragment	0.61	HMM-based (lower-bound)	0.0	1.0	
k127_187923	321	No	NA	1	0	0	Not-determined	Genome-fragment	NA	NA	0.0	1.0	no viral genes detected
k127_16059	307	No	NA	1	1	0	Low-quality	Genome-fragment	0.46	HMM-based (lower-bound)	0.0	1.0	
k127_245686	517	No	NA	1	0	0	Not-determined	Genome-fragment	NA	NA	0.0	1.0	no viral genes detected
k127_245689	502	No	NA	1	0	1	Not-determined	Genome-fragment	NA	NA	0.0	1.0	no viral genes detected
k127_188296	398	No	NA	1	0	0	Low-quality	Genome-fragment	0.94	AAI-based (medium-confidence)	0.0	1.0	no viral genes detected
k127_360362	592	No	NA	1	0	0	Not-determined	Genome-fragment	NA	NA	0.0	1.0	no viral genes detected
k127_417910	7643	No	NA	4	1	0	Medium-quality	Genome-fragment	59.18	AAI-based (high-confidence)	0.0	1.0	
k127_130358	818	No	NA	2	1	0	Low-quality	Genome-fragment	1.16	HMM-based (lower-bound)	0.0	1.0	
k127_418449	599	No	NA	1	1	0	Low-quality	Genome-fragment	0.55	HMM-based (lower-bound)	0.0	1.0	
k127_17525	405	No	NA	2	0	0	Low-quality	Genome-fragment	0.91	AAI-based (medium-confidence)	0.0	1.0	no viral genes detected
k127_247209	645	No	NA	1	0	0	Not-determined	Genome-fragment	NA	NA	0.0	1.0	no viral genes detected
k127_304428	1234	No	NA	1	0	1	Not-determined	Genome-fragment	NA	NA	0.0	1.0	no viral genes detected
k127_533586	351	No	NA	1	0	0	Not-determined	Genome-fragment	NA	NA	0.0	1.0	no viral genes detected
k127_419189	587	No	NA	1	0	1	Not-determined	Genome-fragment	NA	NA	0.0	1.0	no viral genes detected
k127_190108	2541	No	NA	3	0	2	Low-quality	Genome-fragment	0.64	AAI-based (high-confidence)	0.0	1.0	no viral genes detected
k127_361948	681	No	NA	2	1	0	Low-quality	Genome-fragment	1.63	AAI-based (medium-confidence)	0.0	1.0	
k127_419711	565	No	NA	2	0	0	Not-determined	Genome-fragment	NA	NA	0.0	1.0	no viral genes detected
k127_190594	3229	No	NA	1	1	0	Medium-quality	Genome-fragment	50.63	AAI-based (high-confidence)	0.0	1.0	
k127_534528	716	No	NA	1	0	0	Low-quality	Genome-fragment	1.32	AAI-based (medium-confidence)	0.0	1.0	no viral genes detected
k127_76503	360	No	NA	1	1	0	Low-quality	Genome-fragment	0.57	HMM-based (lower-bound)	0.0	1.0	
k127_18971	310	No	NA	1	1	0	Low-quality	Genome-fragment	0.25	AAI-based (high-confidence)	0.0	1.0	
k127_191175	305	No	NA	1	1	0	Low-quality	Genome-fragment	0.16	HMM-based (lower-bound)	0.0	1.0	
k127_420592	3599	No	NA	2	1	0	Low-quality	Genome-fragment	34.65	AAI-based (high-confidence)	0.0	1.0	
k127_19564	356	No	NA	1	0	0	Not-determined	Genome-fragment	NA	NA	0.0	1.0	no viral genes detected
k127_249059	539	No	NA	2	1	0	Low-quality	Genome-fragment	0.87	AAI-based (high-confidence)	0.0	1.0	
k127_478159	427	No	NA	1	1	0	Low-quality	Genome-fragment	0.32	HMM-based (lower-bound)	0.0	1.0	
k127_478567	321	No	NA	1	0	0	Not-determined	Genome-fragment	NA	NA	0.0	1.0	no viral genes detected
k127_535783	493	No	NA	1	0	0	Not-determined	Genome-fragment	NA	NA	0.0	1.0	no viral genes detected
k127_306754	342	No	NA	1	0	0	Not-determined	Genome-fragment	NA	NA	0.0	1.0	no viral genes detected
k127_77684	377	No	NA	1	0	0	Not-determined	Genome-fragment	NA	NA	0.0	1.0	no viral genes detected
k127_536129	368	No	NA	1	0	0	Not-determined	Genome-fragment	NA	NA	0.0	1.0	no viral genes detected
k127_192583	3431	No	NA	1	0	1	Not-determined	Genome-fragment	NA	NA	0.0	1.0	no viral genes detected
k127_20543	1359	No	NA	3	1	0	Low-quality	Genome-fragment	1.11	HMM-based (lower-bound)	0.0	1.0	
k127_479442	1031	No	NA	2	1	0	Low-quality	Genome-fragment	0.77	HMM-based (lower-bound)	0.0	1.0	
k127_364870	471	No	NA	1	0	1	Not-determined	Genome-fragment	NA	NA	0.0	1.0	no viral genes detected
k127_422227	434	No	NA	2	1	0	Low-quality	Genome-fragment	0.61	HMM-based (lower-bound)	0.0	1.0	
k127_307766	309	No	NA	1	0	0	Not-determined	Genome-fragment	NA	NA	0.0	1.0	no viral genes detected
k127_307950	3529	No	NA	3	2	0	Low-quality	Genome-fragment	6.91	AAI-based (medium-confidence)	0.0	1.0	
k127_78941	1660	No	NA	1	0	1	Not-determined	Genome-fragment	NA	NA	0.0	1.0	no viral genes detected
k127_365277	565	No	NA	1	0	1	Not-determined	Genome-fragment	NA	NA	0.0	1.0	no viral genes detected
k127_422747	545	No	NA	1	0	1	Not-determined	Genome-fragment	NA	NA	0.0	1.0	no viral genes detected
k127_134601	721	No	NA	1	0	0	Low-quality	Genome-fragment	1.82	AAI-based (medium-confidence)	0.0	1.0	no viral genes detected
k127_21803	507	No	NA	1	0	0	Low-quality	Genome-fragment	1.08	AAI-based (medium-confidence)	0.0	1.0	no viral genes detected
k127_308492	338	No	NA	1	0	0	Not-determined	Genome-fragment	NA	NA	0.0	1.0	no viral genes detected
k127_251567	428	No	NA	1	1	0	Low-quality	Genome-fragment	0.35	HMM-based (lower-bound)	0.0	1.0	
k127_538083	1454	No	NA	1	1	0	Low-quality	Genome-fragment	2.07	HMM-based (lower-bound)	0.0	1.0	
k127_194540	493	No	NA	1	0	0	Not-determined	Genome-fragment	NA	NA	0.0	1.0	no viral genes detected
k127_538334	377	No	NA	1	0	0	Not-determined	Genome-fragment	NA	NA	0.0	1.0	no viral genes detected
k127_423848	991	No	NA	1	1	0	Low-quality	Genome-fragment	1.9	AAI-based (medium-confidence)	0.0	1.0	
k127_424099	502	No	NA	2	0	1	Not-determined	Genome-fragment	NA	NA	0.0	1.0	no viral genes detected
k127_135665	4436	No	NA	2	1	0	Medium-quality	Genome-fragment	63.47	AAI-based (medium-confidence)	0.0	1.0	
k127_252406	413	No	NA	1	0	0	Not-determined	Genome-fragment	NA	NA	0.0	1.0	no viral genes detected
k127_135965	9629	No	NA	15	2	0	Low-quality	Genome-fragment	6.58	HMM-based (lower-bound)	0.0	1.0	
k127_310220	718	No	NA	1	1	0	Low-quality	Genome-fragment	0.83	HMM-based (lower-bound)	0.0	1.0	
k127_367637	3420	No	NA	3	3	0	Low-quality	Genome-fragment	5.08	HMM-based (lower-bound)	0.0	1.0	
k127_23678	896	No	NA	2	0	0	Low-quality	Genome-fragment	2.2	AAI-based (medium-confidence)	0.0	1.0	no viral genes detected
k127_195862	335	No	NA	1	1	0	Low-quality	Genome-fragment	0.51	HMM-based (lower-bound)	0.0	1.0	
k127_425120	680	No	NA	1	0	1	Not-determined	Genome-fragment	NA	NA	0.0	1.0	no viral genes detected
k127_136557	6360	No	NA	7	2	0	Low-quality	Genome-fragment	8.31	HMM-based (lower-bound)	0.0	1.0	
k127_367926	1083	No	NA	2	1	0	Low-quality	Genome-fragment	1.43	HMM-based (lower-bound)	0.0	1.0	
k127_24020	374	No	NA	1	0	0	Low-quality	Genome-fragment	0.83	AAI-based (medium-confidence)	0.0	1.0	no viral genes detected
k127_310783	304	No	NA	1	0	0	Not-determined	Genome-fragment	NA	NA	0.0	1.0	no viral genes detected
k127_425446	408	No	NA	1	1	0	Low-quality	Genome-fragment	0.58	HMM-based (lower-bound)	0.0	1.0	
k127_540123	311	No	NA	1	1	0	Low-quality	Genome-fragment	0.17	HMM-based (lower-bound)	0.0	1.0	
k127_310962	701	No	NA	1	0	0	Not-determined	Genome-fragment	NA	NA	0.0	1.0	no viral genes detected
k127_81977	325	No	NA	2	0	0	Not-determined	Genome-fragment	NA	NA	0.0	1.0	no viral genes detected
k127_482982	486	No	NA	1	0	0	Low-quality	Genome-fragment	0.33	AAI-based (medium-confidence)	0.0	1.0	no viral genes detected
k127_425709	881	No	NA	2	1	0	Low-quality	Genome-fragment	2.77	AAI-based (medium-confidence)	0.0	1.0	
k127_24503	669	No	NA	2	0	0	Not-determined	Genome-fragment	NA	NA	0.0	1.0	no viral genes detected
k127_483273	326	No	NA	1	1	0	Low-quality	Genome-fragment	0.12	HMM-based (lower-bound)	0.0	1.0	
k127_483583	301	No	NA	1	0	0	Not-determined	Genome-fragment	NA	NA	0.0	1.0	no viral genes detected
k127_254495	601	No	NA	1	0	1	Not-determined	Genome-fragment	NA	NA	0.0	1.0	no viral genes detected
k127_25065	1169	No	NA	1	0	0	Low-quality	Genome-fragment	2.33	AAI-based (medium-confidence)	0.0	1.0	no viral genes detected
k127_541188	422	No	NA	1	0	0	Not-determined	Genome-fragment	NA	NA	0.0	1.0	no viral genes detected
k127_369615	509	No	NA	1	0	0	Not-determined	Genome-fragment	NA	NA	0.0	1.0	no viral genes detected
k127_197874	496	No	NA	1	0	0	Low-quality	Genome-fragment	1.14	AAI-based (medium-confidence)	0.0	1.0	no viral genes detected
k127_83596	329	No	NA	1	0	0	Low-quality	Genome-fragment	0.79	AAI-based (medium-confidence)	0.0	1.0	no viral genes detected
k127_312713	529	No	NA	1	1	0	Low-quality	Genome-fragment	0.72	HMM-based (lower-bound)	0.0	1.0	
k127_312911	1409	No	NA	1	1	0	Low-quality	Genome-fragment	2.22	AAI-based (high-confidence)	0.0	1.0	
k127_26334	755	No	NA	2	0	0	Not-determined	Genome-fragment	NA	NA	0.0	1.0	no viral genes detected
k127_427751	340	No	NA	1	0	0	Not-determined	Genome-fragment	NA	NA	0.0	1.0	no viral genes detected
k127_198604	3515	No	NA	1	1	0	Low-quality	Genome-fragment	2.36	HMM-based (lower-bound)	0.0	1.0	
k127_198684	983	No	NA	1	1	0	Low-quality	Genome-fragment	0.59	HMM-based (lower-bound)	0.0	1.0	
k127_139368	454	No	NA	2	1	0	Low-quality	Genome-fragment	0.93	AAI-based (medium-confidence)	0.0	1.0	
k127_27181	2606	No	NA	1	0	0	Not-determined	Genome-fragment	NA	NA	0.0	1.0	no viral genes detected
k127_256732	491	No	NA	1	0	0	Low-quality	Genome-fragment	1.11	AAI-based (medium-confidence)	0.0	1.0	no viral genes detected
k127_371392	1209	No	NA	1	0	1	Not-determined	Genome-fragment	NA	NA	0.0	1.0	no viral genes detected
k127_371627	350	No	NA	1	0	0	Not-determined	Genome-fragment	NA	NA	0.0	1.0	no viral genes detected
k127_27824	697	No	NA	1	0	0	Not-determined	Genome-fragment	NA	NA	0.0	1.0	no viral genes detected
k127_140287	1005	No	NA	2	1	0	Low-quality	Genome-fragment	2.39	AAI-based (medium-confidence)	0.0	1.0	
k127_544184	442	No	NA	1	0	0	Not-determined	Genome-fragment	NA	NA	0.0	1.0	no viral genes detected
k127_430023	436	No	NA	1	1	0	Low-quality	Genome-fragment	0.36	HMM-based (lower-bound)	0.0	1.0	
k127_544817	1126	No	NA	1	0	1	Not-determined	Genome-fragment	NA	NA	0.0	1.0	no viral genes detected
k127_430306	311	No	NA	1	0	0	Low-quality	Genome-fragment	0.7	AAI-based (medium-confidence)	0.0	1.0	no viral genes detected
k127_258430	490	No	NA	1	1	0	Low-quality	Genome-fragment	1.27	AAI-based (medium-confidence)	0.0	1.0	
k127_29140	388	No	NA	1	0	0	Low-quality	Genome-fragment	0.28	AAI-based (medium-confidence)	0.0	1.0	no viral genes detected
k127_488144	477	No	NA	2	0	0	Not-determined	Genome-fragment	NA	NA	0.0	1.0	no viral genes detected
k127_545489	3669	No	NA	1	0	0	Not-determined	Genome-fragment	NA	NA	0.0	1.0	no viral genes detected
k127_201544	686	No	NA	2	0	0	Low-quality	Genome-fragment	1.57	AAI-based (medium-confidence)	0.0	1.0	no viral genes detected
k127_488337	357	No	NA	2	0	0	Not-determined	Genome-fragment	NA	NA	0.0	1.0	no viral genes detected
k127_29893	620	No	NA	1	0	1	Not-determined	Genome-fragment	NA	NA	0.0	1.0	no viral genes detected
k127_142263	679	No	NA	2	1	0	Low-quality	Genome-fragment	1.4	HMM-based (lower-bound)	0.0	1.0	
k127_316874	385	No	NA	1	0	0	Low-quality	Genome-fragment	0.7	AAI-based (medium-confidence)	0.0	1.0	no viral genes detected
k127_30352	389	No	NA	1	0	0	Not-determined	Genome-fragment	NA	NA	0.0	1.0	no viral genes detected
k127_259951	329	No	NA	1	0	0	Not-determined	Genome-fragment	NA	NA	0.0	1.0	no viral genes detected
k127_202951	1150	No	NA	1	1	0	Low-quality	Genome-fragment	2.04	AAI-based (medium-confidence)	0.0	1.0	
k127_374992	353	No	NA	1	1	0	Low-quality	Genome-fragment	0.52	HMM-based (lower-bound)	0.0	1.0	
k127_260475	349	No	NA	2	0	0	Not-determined	Genome-fragment	NA	NA	0.0	1.0	no viral genes detected
k127_143182	328	No	NA	1	0	0	Not-determined	Genome-fragment	NA	NA	0.0	1.03	no viral genes detected
k127_490778	534	No	NA	1	0	0	Low-quality	Genome-fragment	1.07	AAI-based (medium-confidence)	0.0	1.0	no viral genes detected
k127_318749	597	No	NA	2	2	0	Low-quality	Genome-fragment	1.03	AAI-based (medium-confidence)	0.0	1.0	
k127_548298	1689	No	NA	3	1	0	Low-quality	Genome-fragment	1.25	HMM-based (lower-bound)	0.0	1.0	
k127_548471	316	No	NA	1	1	0	Low-quality	Genome-fragment	0.4	HMM-based (lower-bound)	0.0	1.0	
k127_204794	456	No	NA	1	1	0	Low-quality	Genome-fragment	0.56	AAI-based (medium-confidence)	0.0	1.0	
k127_377346	3112	No	NA	5	2	0	Low-quality	Genome-fragment	3.81	HMM-based (lower-bound)	0.0	1.0	
k127_205510	664	No	NA	1	0	0	Low-quality	Genome-fragment	1.42	AAI-based (medium-confidence)	0.0	1.0	no viral genes detected
k127_145454	303	No	NA	1	1	0	Low-quality	Genome-fragment	0.45	HMM-based (lower-bound)	0.0	1.0	
k127_435173	340	No	NA	1	0	0	Not-determined	Genome-fragment	NA	NA	0.0	1.0	no viral genes detected
k127_206125	462	No	NA	2	0	0	Not-determined	Genome-fragment	NA	NA	0.0	1.11	no viral genes detected
k127_91875	440	No	NA	1	1	0	Low-quality	Genome-fragment	0.36	HMM-based (lower-bound)	0.0	1.0	
k127_206419	367	No	NA	2	0	0	Not-determined	Genome-fragment	NA	NA	0.0	1.0	no viral genes detected
k127_34440	550	No	NA	1	0	0	Not-determined	Genome-fragment	NA	NA	0.0	1.0	no viral genes detected
k127_550788	499	No	NA	1	0	0	Not-determined	Genome-fragment	NA	NA	0.0	1.0	no viral genes detected
k127_35021	392	No	NA	1	0	0	Low-quality	Genome-fragment	1.02	AAI-based (medium-confidence)	0.0	1.0	no viral genes detected
k127_551117	385	No	NA	2	0	0	Not-determined	Genome-fragment	NA	NA	0.0	1.0	no viral genes detected
k127_92797	1238	No	NA	3	0	0	Low-quality	Genome-fragment	2.09	AAI-based (medium-confidence)	0.0	1.0	no viral genes detected
k127_436583	315	No	NA	1	0	0	Not-determined	Genome-fragment	NA	NA	0.0	1.0	no viral genes detected
k127_551647	1401	No	NA	3	1	0	Low-quality	Genome-fragment	1.98	HMM-based (lower-bound)	0.0	1.0	
k127_437157	333	No	NA	1	0	0	Not-determined	Genome-fragment	NA	NA	0.0	1.0	no viral genes detected
k127_322395	768	No	NA	2	1	0	Low-quality	Genome-fragment	1.58	HMM-based (lower-bound)	0.0	1.0	
k127_437281	376	No	NA	1	0	0	Not-determined	Genome-fragment	NA	NA	0.0	1.0	no viral genes detected
k127_208243	729	No	NA	1	0	1	Not-determined	Genome-fragment	NA	NA	0.0	1.0	no viral genes detected
k127_93884	410	No	NA	1	0	1	Low-quality	Genome-fragment	0.72	AAI-based (medium-confidence)	0.0	1.0	no viral genes detected
k127_494985	440	No	NA	1	0	0	Not-determined	Genome-fragment	NA	NA	0.0	1.0	no viral genes detected
k127_148484	848	No	NA	1	1	0	Low-quality	Genome-fragment	0.76	HMM-based (lower-bound)	0.0	1.0	
k127_37193	770	No	NA	1	1	0	Low-quality	Genome-fragment	1.43	AAI-based (medium-confidence)	0.0	1.0	
k127_209222	449	No	NA	1	0	1	Not-determined	Genome-fragment	NA	NA	0.0	1.0	no viral genes detected
k127_438624	446	No	NA	1	0	0	Not-determined	Genome-fragment	NA	NA	0.0	1.0	no viral genes detected
k127_209359	686	No	NA	1	1	0	Low-quality	Genome-fragment	1.4	AAI-based (medium-confidence)	0.0	1.0	
k127_553430	361	No	NA	2	0	1	Not-determined	Genome-fragment	NA	NA	0.0	1.0	no viral genes detected
k127_209518	426	No	NA	2	0	0	Not-determined	Genome-fragment	NA	NA	0.0	1.0	no viral genes detected
k127_496253	421	No	NA	2	1	0	Low-quality	Genome-fragment	0.56	AAI-based (high-confidence)	0.0	1.0	
k127_95252	534	No	NA	1	0	1	Not-determined	Genome-fragment	NA	NA	0.0	1.0	no viral genes detected
k127_149204	334	No	NA	2	1	0	Low-quality	Genome-fragment	0.69	AAI-based (medium-confidence)	0.0	1.0	
k127_553931	304	No	NA	1	0	0	Not-determined	Genome-fragment	NA	NA	0.0	1.0	no viral genes detected
k127_267472	1047	No	NA	1	0	0	Low-quality	Genome-fragment	1.86	AAI-based (high-confidence)	0.0	1.0	no viral genes detected
k127_496774	309	No	NA	1	1	0	Low-quality	Genome-fragment	0.44	HMM-based (lower-bound)	0.0	1.0	
k127_496811	862	No	NA	2	1	0	Low-quality	Genome-fragment	1.37	AAI-based (high-confidence)	0.0	1.0	
k127_497007	1586	No	NA	2	2	0	Low-quality	Genome-fragment	2.7	AAI-based (medium-confidence)	0.0	1.0	
k127_149917	1015	No	NA	1	1	0	Low-quality	Genome-fragment	1.87	AAI-based (medium-confidence)	0.0	1.0	
k127_267939	304	No	NA	1	0	0	Not-determined	Genome-fragment	NA	NA	0.0	1.0	no viral genes detected
k127_554473	317	No	NA	1	0	0	Not-determined	Genome-fragment	NA	NA	0.0	1.0	no viral genes detected
k127_210544	553	No	NA	1	0	0	Not-determined	Genome-fragment	NA	NA	0.0	1.0	no viral genes detected
k127_325304	565	No	NA	1	0	0	Low-quality	Genome-fragment	0.93	AAI-based (medium-confidence)	0.0	1.0	no viral genes detected
k127_39090	916	No	NA	1	0	0	Not-determined	Genome-fragment	NA	NA	0.0	1.0	no viral genes detected
k127_96900	316	No	NA	1	1	0	Low-quality	Genome-fragment	0.22	HMM-based (lower-bound)	0.0	1.0	
k127_440924	331	No	NA	1	1	0	Low-quality	Genome-fragment	0.94	AAI-based (medium-confidence)	0.0	1.0	
k127_39571	2422	No	NA	6	0	0	Not-determined	Genome-fragment	NA	NA	0.0	1.0	no viral genes detected
k127_326317	394	No	NA	1	0	0	Not-determined	Genome-fragment	NA	NA	0.0	1.0	no viral genes detected
k127_211844	738	No	NA	1	0	0	Not-determined	Genome-fragment	NA	NA	0.0	1.0	no viral genes detected
k127_326492	943	No	NA	1	0	1	Not-determined	Genome-fragment	NA	NA	0.0	1.0	no viral genes detected
k127_441674	727	No	NA	1	0	1	Not-determined	Genome-fragment	NA	NA	0.0	1.0	no viral genes detected
k127_151968	756	No	NA	2	0	1	Not-determined	Genome-fragment	NA	NA	0.0	1.0	no viral genes detected
k127_442263	534	No	NA	1	0	0	Not-determined	Genome-fragment	NA	NA	0.0	1.0	no viral genes detected
k127_384863	335	No	NA	1	0	0	Not-determined	Genome-fragment	NA	NA	0.0	1.0	no viral genes detected
k127_557104	342	No	NA	1	1	0	Low-quality	Genome-fragment	0.39	HMM-based (lower-bound)	0.0	1.0	
k127_152570	383	No	NA	1	1	0	Low-quality	Genome-fragment	0.21	HMM-based (lower-bound)	0.0	1.0	
k127_152674	455	No	NA	1	0	0	Not-determined	Genome-fragment	NA	NA	0.0	1.0	no viral genes detected
k127_557488	3426	No	NA	3	1	0	Low-quality	Genome-fragment	47.31	AAI-based (medium-confidence)	0.0	1.0	
k127_443178	708	No	NA	1	0	0	Low-quality	Genome-fragment	1.11	AAI-based (medium-confidence)	0.0	1.0	no viral genes detected
k127_386047	385	No	NA	2	0	0	Not-determined	Genome-fragment	NA	NA	0.0	1.0	no viral genes detected
k127_328646	417	No	NA	1	1	0	Low-quality	Genome-fragment	0.31	HMM-based (lower-bound)	0.0	1.0	
k127_558454	579	No	NA	1	0	0	Not-determined	Genome-fragment	NA	NA	0.0	1.0	no viral genes detected
k127_272043	335	No	NA	1	0	0	Low-quality	Genome-fragment	0.76	AAI-based (high-confidence)	0.0	1.0	no viral genes detected
k127_329279	908	No	NA	1	1	0	Low-quality	Genome-fragment	0.74	HMM-based (lower-bound)	0.0	1.0	
k127_100532	500	No	NA	2	0	0	Low-quality	Genome-fragment	1.16	AAI-based (medium-confidence)	0.0	1.0	no viral genes detected
k127_444605	658	No	NA	2	0	0	Not-determined	Genome-fragment	NA	NA	0.0	1.0	no viral genes detected
k127_559189	330	No	NA	1	0	0	Not-determined	Genome-fragment	NA	NA	0.0	1.0	no viral genes detected
k127_444792	337	No	NA	1	0	0	Not-determined	Genome-fragment	NA	NA	0.0	1.0	no viral genes detected
k127_43627	991	No	NA	3	0	0	Not-determined	Genome-fragment	NA	NA	0.0	1.0	no viral genes detected
k127_559468	467	No	NA	1	0	0	Not-determined	Genome-fragment	NA	NA	0.0	1.0	no viral genes detected
k127_43787	764	No	NA	1	1	0	Low-quality	Genome-fragment	0.63	HMM-based (lower-bound)	0.0	1.0	
k127_330239	1038	No	NA	1	0	0	Low-quality	Genome-fragment	2.26	AAI-based (medium-confidence)	0.0	1.0	no viral genes detected
k127_101897	504	No	NA	1	1	0	Low-quality	Genome-fragment	1.23	AAI-based (medium-confidence)	0.0	1.0	
k127_216276	1046	No	NA	1	0	1	Not-determined	Genome-fragment	NA	NA	0.0	1.0	no viral genes detected
k127_331067	1290	No	NA	2	0	0	Low-quality	Genome-fragment	2.74	AAI-based (medium-confidence)	0.0	1.0	no viral genes detected
k127_44820	1317	No	NA	1	0	1	Not-determined	Genome-fragment	NA	NA	0.0	1.0	no viral genes detected
k127_155828	657	No	NA	1	0	0	Low-quality	Genome-fragment	1.71	AAI-based (medium-confidence)	0.0	1.0	no viral genes detected
k127_45105	705	No	NA	1	1	0	Low-quality	Genome-fragment	0.58	HMM-based (lower-bound)	0.0	1.0	
k127_217038	394	No	NA	2	0	0	Not-determined	Genome-fragment	NA	NA	0.0	1.0	no viral genes detected
k127_561195	1402	No	NA	1	0	1	Not-determined	Genome-fragment	NA	NA	0.0	1.0	no viral genes detected
k127_45339	17167	No	NA	24	0	0	Low-quality	Genome-fragment	18.88	AAI-based (medium-confidence)	0.0	1.0	no viral genes detected
k127_103040	316	No	NA	1	1	0	Low-quality	Genome-fragment	0.16	HMM-based (lower-bound)	0.0	1.0	
k127_156375	328	No	NA	1	1	0	Low-quality	Genome-fragment	0.55	AAI-based (high-confidence)	0.0	1.0	
k127_45536	305	No	NA	1	1	0	Low-quality	Genome-fragment	0.64	HMM-based (lower-bound)	0.0	1.0	
k127_45732	761	No	NA	1	0	0	Low-quality	Genome-fragment	1.47	AAI-based (high-confidence)	0.0	1.0	no viral genes detected
k127_275223	3049	No	NA	6	2	0	Low-quality	Genome-fragment	6.4	AAI-based (high-confidence)	0.0	1.0	
k127_390049	461	No	NA	1	1	0	Low-quality	Genome-fragment	0.68	HMM-based (lower-bound)	0.0	1.0	
k127_157027	392	No	NA	1	0	0	Not-determined	Genome-fragment	NA	NA	0.0	1.0	no viral genes detected
k127_46298	715	No	NA	1	1	0	Low-quality	Genome-fragment	1.02	HMM-based (lower-bound)	0.0	1.0	
k127_332766	909	No	NA	1	0	1	Not-determined	Genome-fragment	NA	NA	0.0	1.02	no viral genes detected
k127_218353	628	No	NA	1	1	0	Low-quality	Genome-fragment	0.89	HMM-based (lower-bound)	0.0	1.0	
k127_562435	392	No	NA	1	0	0	Not-determined	Genome-fragment	NA	NA	0.0	1.0	no viral genes detected
k127_505489	332	No	NA	1	1	0	Low-quality	Genome-fragment	0.64	HMM-based (lower-bound)	0.0	1.0	
k127_104304	494	No	NA	2	0	0	Not-determined	Genome-fragment	NA	NA	0.0	1.0	no viral genes detected
k127_505725	651	No	NA	1	0	1	Not-determined	Genome-fragment	NA	NA	0.0	1.0	no viral genes detected
k127_276526	492	No	NA	2	0	0	Low-quality	Genome-fragment	0.83	AAI-based (medium-confidence)	0.0	1.0	no viral genes detected
k127_47117	1368	No	NA	2	0	1	Not-determined	Genome-fragment	NA	NA	0.0	1.0	no viral genes detected
k127_448535	396	No	NA	2	0	0	Not-determined	Genome-fragment	NA	NA	0.0	1.0	no viral genes detected
k127_157906	322	No	NA	1	0	0	Not-determined	Genome-fragment	NA	NA	0.0	1.0	no viral genes detected
k127_104845	1502	No	NA	4	0	0	Not-determined	Genome-fragment	NA	NA	0.0	1.0	no viral genes detected
k127_506296	4516	No	NA	3	0	0	Not-determined	Genome-fragment	NA	NA	0.0	1.0	no viral genes detected
k127_506470	318	No	NA	2	0	0	Not-determined	Genome-fragment	NA	NA	0.0	1.0	no viral genes detected
k127_277118	1515	No	NA	3	2	0	Low-quality	Genome-fragment	1.4	HMM-based (lower-bound)	0.0	1.0	
k127_277157	971	No	NA	2	1	0	Low-quality	Genome-fragment	1.38	HMM-based (lower-bound)	0.0	1.0	
k127_158499	304	No	NA	1	0	0	Not-determined	Genome-fragment	NA	NA	0.0	1.0	no viral genes detected
k127_563809	304	No	NA	1	0	0	Not-determined	Genome-fragment	NA	NA	0.0	1.0	no viral genes detected
k127_449763	385	No	NA	1	0	0	Low-quality	Genome-fragment	0.56	AAI-based (medium-confidence)	0.0	1.0	no viral genes detected
k127_48362	345	No	NA	1	0	0	Low-quality	Genome-fragment	0.69	AAI-based (medium-confidence)	0.0	1.0	no viral genes detected
k127_564337	675	No	NA	1	1	0	Low-quality	Genome-fragment	0.91	HMM-based (lower-bound)	0.0	1.0	
k127_449939	452	No	NA	1	1	0	Low-quality	Genome-fragment	0.81	AAI-based (medium-confidence)	0.0	1.0	
k127_334886	520	No	NA	1	0	0	Low-quality	Genome-fragment	1.06	AAI-based (medium-confidence)	0.0	1.0	no viral genes detected
k127_334986	417	No	NA	1	1	0	Low-quality	Genome-fragment	0.62	HMM-based (lower-bound)	0.0	1.0	
k127_508132	448	No	NA	1	1	0	Low-quality	Genome-fragment	0.4	HMM-based (lower-bound)	0.0	1.0	
k127_393212	612	No	NA	1	1	0	Low-quality	Genome-fragment	0.83	HMM-based (lower-bound)	0.0	1.0	
k127_565106	14838	No	NA	27	3	0	Low-quality	Genome-fragment	16.0	HMM-based (lower-bound)	0.0	1.0	
k127_508502	311	No	NA	1	1	0	Low-quality	Genome-fragment	0.4	HMM-based (lower-bound)	0.0	1.0	
k127_107489	652	No	NA	1	0	1	Not-determined	Genome-fragment	NA	NA	0.0	1.0	no viral genes detected
k127_107497	515	No	NA	2	1	0	Low-quality	Genome-fragment	0.79	HMM-based (lower-bound)	0.0	1.0	
k127_49892	328	No	NA	1	0	0	Not-determined	Genome-fragment	NA	NA	0.0	1.0	no viral genes detected
k127_394337	361	No	NA	1	1	0	Low-quality	Genome-fragment	0.63	AAI-based (medium-confidence)	0.0	1.0	
k127_566117	771	No	NA	1	1	0	Low-quality	Genome-fragment	0.57	HMM-based (lower-bound)	0.0	1.0	
k127_509365	451	No	NA	1	0	0	Not-determined	Genome-fragment	NA	NA	0.0	1.0	no viral genes detected
k127_566530	3172	No	NA	3	1	0	Low-quality	Genome-fragment	48.79	AAI-based (high-confidence)	0.0	1.0	
k127_337261	735	No	NA	1	0	0	Low-quality	Genome-fragment	1.32	AAI-based (medium-confidence)	0.0	1.0	no viral genes detected
k127_510128	5052	No	NA	3	0	0	Not-determined	Genome-fragment	NA	NA	0.0	1.0	no viral genes detected
k127_452917	830	No	NA	1	0	0	Low-quality	Genome-fragment	1.49	AAI-based (medium-confidence)	0.0	1.0	no viral genes detected
k127_109132	321	No	NA	1	0	0	Low-quality	Genome-fragment	0.59	AAI-based (medium-confidence)	0.0	1.0	no viral genes detected
k127_338140	449	No	NA	1	0	0	Not-determined	Genome-fragment	NA	NA	0.0	1.0	no viral genes detected
k127_395889	479	No	NA	1	0	0	Low-quality	Genome-fragment	1.11	AAI-based (medium-confidence)	0.0	1.0	no viral genes detected
k127_281343	1023	No	NA	1	0	1	Not-determined	Genome-fragment	NA	NA	0.0	1.0	no viral genes detected
k127_162434	314	No	NA	1	1	0	Low-quality	Genome-fragment	0.52	AAI-based (high-confidence)	0.0	1.0	
k127_511476	1023	No	NA	1	0	1	Not-determined	Genome-fragment	NA	NA	0.0	1.0	no viral genes detected
k127_224411	756	No	NA	2	0	0	Not-determined	Genome-fragment	NA	NA	0.0	1.0	no viral genes detected
k127_511796	4319	No	NA	8	1	0	Low-quality	Genome-fragment	7.41	HMM-based (lower-bound)	0.0	1.0	
k127_52754	345	No	NA	1	1	0	Low-quality	Genome-fragment	0.83	AAI-based (medium-confidence)	0.0	1.0	
k127_282442	528	No	NA	1	0	0	Not-determined	Genome-fragment	NA	NA	0.0	1.0	no viral genes detected
k127_454639	563	No	NA	2	0	0	Not-determined	Genome-fragment	NA	NA	0.0	1.0	no viral genes detected
k127_282836	929	No	NA	1	0	0	Not-determined	Genome-fragment	NA	NA	0.0	1.0	no viral genes detected
k127_225443	386	No	NA	1	0	0	Low-quality	Genome-fragment	0.24	AAI-based (medium-confidence)	0.0	1.0	no viral genes detected
k127_455101	418	No	NA	1	1	0	Low-quality	Genome-fragment	0.57	HMM-based (lower-bound)	0.0	1.0	
k127_111260	327	No	NA	1	0	0	Not-determined	Genome-fragment	NA	NA	0.0	1.0	no viral genes detected
k127_455179	2110	No	NA	1	0	0	Low-quality	Genome-fragment	3.4	AAI-based (medium-confidence)	0.0	1.0	no viral genes detected
k127_164043	549	No	NA	1	0	0	Not-determined	Genome-fragment	NA	NA	0.0	1.0	no viral genes detected
k127_455291	802	No	NA	1	1	0	Low-quality	Genome-fragment	0.71	HMM-based (lower-bound)	0.0	1.0	
k127_569653	813	No	NA	1	1	0	Low-quality	Genome-fragment	1.22	HMM-based (lower-bound)	0.0	1.0	
k127_397980	335	No	NA	1	0	0	Not-determined	Genome-fragment	NA	NA	0.0	1.0	no viral genes detected
k127_283538	473	No	NA	1	0	0	Low-quality	Genome-fragment	1.09	AAI-based (medium-confidence)	0.0	1.0	no viral genes detected
k127_54256	358	No	NA	1	0	0	Not-determined	Genome-fragment	NA	NA	0.0	1.0	no viral genes detected
k127_283782	705	No	NA	1	0	1	Not-determined	Genome-fragment	NA	NA	0.0	1.0	no viral genes detected
k127_398258	517	No	NA	1	0	0	Low-quality	Genome-fragment	0.97	AAI-based (medium-confidence)	0.0	1.0	no viral genes detected
k127_340769	366	No	NA	1	1	0	Low-quality	Genome-fragment	0.63	AAI-based (high-confidence)	0.0	1.0	
k127_340998	387	No	NA	1	1	0	Low-quality	Genome-fragment	0.54	AAI-based (medium-confidence)	0.0	1.0	
k127_284107	599	No	NA	1	1	0	Low-quality	Genome-fragment	0.85	HMM-based (lower-bound)	0.0	1.0	
k127_456725	451	No	NA	1	0	0	Low-quality	Genome-fragment	1.03	AAI-based (medium-confidence)	0.0	1.0	no viral genes detected
k127_571169	349	No	NA	1	0	0	Not-determined	Genome-fragment	NA	NA	0.0	1.0	no viral genes detected
k127_165659	8000	No	NA	5	1	0	Medium-quality	Genome-fragment	78.19	AAI-based (high-confidence)	0.0	1.0	
k127_285122	452	No	NA	1	1	0	Low-quality	Genome-fragment	0.29	HMM-based (lower-bound)	0.0	1.0	
k127_285449	362	No	NA	1	1	0	Low-quality	Genome-fragment	0.32	HMM-based (lower-bound)	0.0	1.0	
k127_285452	301	No	NA	2	0	0	Not-determined	Genome-fragment	NA	NA	0.0	1.0	no viral genes detected
k127_342618	376	No	NA	1	1	0	Low-quality	Genome-fragment	0.33	HMM-based (lower-bound)	0.0	1.0	
k127_572173	742	No	NA	2	0	0	Not-determined	Genome-fragment	NA	NA	0.0	1.17	no viral genes detected; low-confidence DTR
k127_166322	2957	No	NA	1	1	0	Low-quality	Genome-fragment	40.91	AAI-based (high-confidence)	0.0	1.0	
k127_343234	440	No	NA	1	0	0	Low-quality	Genome-fragment	0.98	AAI-based (medium-confidence)	0.0	1.0	no viral genes detected
k127_286297	599	No	NA	1	0	1	Not-determined	Genome-fragment	NA	NA	0.0	1.0	no viral genes detected
k127_228574	1872	No	NA	4	1	0	Low-quality	Genome-fragment	1.11	HMM-based (lower-bound)	0.0	1.0	
k127_400673	438	No	NA	1	0	0	Not-determined	Genome-fragment	NA	NA	0.0	1.0	no viral genes detected
k127_228756	335	No	NA	1	1	0	Low-quality	Genome-fragment	0.71	HMM-based (lower-bound)	0.0	1.0	
k127_168189	327	No	NA	1	0	0	Not-determined	Genome-fragment	NA	NA	0.0	1.0	no viral genes detected
k127_168454	1170	No	NA	2	1	0	Low-quality	Genome-fragment	1.47	AAI-based (medium-confidence)	0.0	1.0	
k127_169157	351	No	NA	1	1	0	Low-quality	Genome-fragment	0.46	HMM-based (lower-bound)	0.0	1.0	
k127_170669	366	No	NA	1	0	0	Not-determined	Genome-fragment	NA	NA	0.0	1.0	no viral genes detected
