contig_id	contig_length	provirus	proviral_length	gene_count	viral_genes	host_genes	checkv_quality	miuvig_quality	completeness	completeness_method	contamination	kmer_freq	warnings
k127_100646	332	No	NA	1	0	0	Not-determined	Genome-fragment	NA	NA	0.0	1.0	no viral genes detected
k127_604264	414	No	NA	1	0	0	Not-determined	Genome-fragment	NA	NA	0.0	1.0	no viral genes detected
k127_101369	446	No	NA	1	0	0	Not-determined	Genome-fragment	NA	NA	0.0	1.0	no viral genes detected
k127_705206	303	No	NA	2	1	0	Low-quality	Genome-fragment	0.95	HMM-based (lower-bound)	0.0	1.0	
k127_202220	415	No	NA	2	0	0	Not-determined	Genome-fragment	NA	NA	0.0	1.0	no viral genes detected
k127_403545	501	No	NA	1	1	0	Low-quality	Genome-fragment	0.41	HMM-based (lower-bound)	0.0	1.0	
k127_504510	529	No	NA	1	1	0	Low-quality	Genome-fragment	3.57	AAI-based (medium-confidence)	0.0	1.0	
k127_202848	1006	No	NA	1	1	0	Low-quality	Genome-fragment	2.01	AAI-based (medium-confidence)	0.0	1.0	
k127_504867	463	No	NA	1	1	0	Low-quality	Genome-fragment	0.84	AAI-based (medium-confidence)	0.0	1.0	
k127_203294	1026	No	NA	1	0	1	Not-determined	Genome-fragment	NA	NA	0.0	1.0	no viral genes detected
k127_605982	339	No	NA	1	0	0	Not-determined	Genome-fragment	NA	NA	0.0	1.0	no viral genes detected
k127_606162	410	No	NA	1	1	0	Low-quality	Genome-fragment	0.71	AAI-based (medium-confidence)	0.0	1.0	
k127_3721	343	No	NA	1	0	0	Not-determined	Genome-fragment	NA	NA	0.0	1.0	no viral genes detected
k127_607571	354	No	NA	1	0	0	Not-determined	Genome-fragment	NA	NA	0.0	1.0	no viral genes detected
k127_507812	685	No	NA	1	0	1	Low-quality	Genome-fragment	1.29	AAI-based (medium-confidence)	0.0	1.0	no viral genes detected
k127_910529	307	No	NA	1	0	0	Low-quality	Genome-fragment	0.52	AAI-based (high-confidence)	0.0	1.0	no viral genes detected
k127_306935	412	No	NA	1	0	0	Low-quality	Genome-fragment	1.0	AAI-based (medium-confidence)	0.0	1.0	no viral genes detected
k127_508697	472	No	NA	2	0	0	Low-quality	Genome-fragment	1.85	AAI-based (medium-confidence)	0.0	1.0	no viral genes detected
k127_911402	413	No	NA	1	0	0	Not-determined	Genome-fragment	NA	NA	0.0	1.0	no viral genes detected
k127_509468	367	No	NA	1	0	0	Not-determined	Genome-fragment	NA	NA	0.0	1.0	no viral genes detected
k127_308711	322	No	NA	1	0	0	Not-determined	Genome-fragment	NA	NA	0.0	1.0	no viral genes detected
k127_107565	594	No	NA	1	1	0	Low-quality	Genome-fragment	0.5	AAI-based (medium-confidence)	0.0	1.0	
k127_208588	442	No	NA	1	0	0	Not-determined	Genome-fragment	NA	NA	0.0	1.0	no viral genes detected
k127_410604	318	No	NA	1	1	0	Low-quality	Genome-fragment	0.48	HMM-based (lower-bound)	0.0	1.0	
k127_210257	742	No	NA	1	0	0	Low-quality	Genome-fragment	1.35	AAI-based (medium-confidence)	0.0	1.0	no viral genes detected
k127_512361	362	No	NA	1	0	0	Not-determined	Genome-fragment	NA	NA	0.0	1.0	no viral genes detected
k127_411751	351	No	NA	1	1	0	Low-quality	Genome-fragment	0.37	HMM-based (lower-bound)	0.0	1.0	
k127_713954	308	No	NA	2	1	0	Low-quality	Genome-fragment	0.5	HMM-based (lower-bound)	0.0	1.0	
k127_210871	322	No	NA	1	0	0	Not-determined	Genome-fragment	NA	NA	0.0	1.0	no viral genes detected
k127_411983	1186	No	NA	1	0	0	Not-determined	Genome-fragment	NA	NA	0.0	1.0	no viral genes detected
k127_9651	1075	No	NA	1	0	0	Not-determined	Genome-fragment	NA	NA	0.0	1.0	no viral genes detected
k127_613810	645	No	NA	1	1	0	Low-quality	Genome-fragment	1.24	AAI-based (medium-confidence)	0.0	1.0	
k127_714610	948	No	NA	1	0	1	Not-determined	Genome-fragment	NA	NA	0.0	1.0	no viral genes detected
k127_211517	1846	No	NA	2	0	0	Not-determined	Genome-fragment	NA	NA	0.0	1.0	no viral genes detected
k127_614116	679	No	NA	1	1	0	Low-quality	Genome-fragment	1.08	HMM-based (lower-bound)	0.0	1.0	
k127_715092	928	No	NA	1	0	0	Low-quality	Genome-fragment	1.82	AAI-based (medium-confidence)	0.0	1.0	no viral genes detected
k127_413231	690	No	NA	1	0	0	Not-determined	Genome-fragment	NA	NA	0.0	1.0	no viral genes detected
k127_816661	981	No	NA	1	0	1	Not-determined	Genome-fragment	NA	NA	0.0	1.0	no viral genes detected
k127_514834	557	No	NA	1	0	0	Not-determined	Genome-fragment	NA	NA	0.0	1.0	no viral genes detected
k127_514889	840	No	NA	2	0	0	Not-determined	Genome-fragment	NA	NA	0.0	1.0	no viral genes detected
k127_11782	374	No	NA	1	0	0	Low-quality	Genome-fragment	0.82	AAI-based (medium-confidence)	0.0	1.0	no viral genes detected
k127_12255	602	No	NA	3	0	0	Not-determined	Genome-fragment	NA	NA	0.0	1.0	no viral genes detected
k127_314682	674	No	NA	1	0	0	Not-determined	Genome-fragment	NA	NA	0.0	1.0	no viral genes detected
k127_113214	447	No	NA	1	0	0	Low-quality	Genome-fragment	0.97	AAI-based (medium-confidence)	0.0	1.0	no viral genes detected
k127_113764	328	No	NA	1	0	0	Not-determined	Genome-fragment	NA	NA	0.0	1.0	no viral genes detected
k127_717918	375	No	NA	1	1	0	Low-quality	Genome-fragment	0.73	AAI-based (medium-confidence)	0.0	1.0	
k127_214834	800	No	NA	1	0	0	Low-quality	Genome-fragment	1.53	AAI-based (medium-confidence)	0.0	1.0	no viral genes detected
k127_617387	384	No	NA	1	0	0	Not-determined	Genome-fragment	NA	NA	0.0	1.0	no viral genes detected
k127_215032	889	No	NA	1	0	0	Not-determined	Genome-fragment	NA	NA	0.0	1.0	no viral genes detected
k127_617607	348	No	NA	1	0	0	Low-quality	Genome-fragment	0.77	AAI-based (medium-confidence)	0.0	1.0	no viral genes detected
k127_516902	377	No	NA	1	1	0	Low-quality	Genome-fragment	0.51	HMM-based (lower-bound)	0.0	1.0	
k127_215547	360	No	NA	1	1	0	Low-quality	Genome-fragment	0.49	HMM-based (lower-bound)	0.0	1.0	
k127_517231	320	No	NA	1	1	0	Low-quality	Genome-fragment	0.43	AAI-based (medium-confidence)	0.0	1.0	
k127_316498	301	No	NA	1	0	0	Not-determined	Genome-fragment	NA	NA	0.0	1.0	no viral genes detected
k127_819312	305	No	NA	1	1	0	Low-quality	Genome-fragment	0.33	HMM-based (lower-bound)	0.0	1.0	
k127_216884	489	No	NA	1	0	0	Not-determined	Genome-fragment	NA	NA	0.0	1.0	no viral genes detected
k127_116461	422	No	NA	1	0	0	Low-quality	Genome-fragment	1.08	AAI-based (medium-confidence)	0.0	1.0	no viral genes detected
k127_418224	402	No	NA	1	0	0	Low-quality	Genome-fragment	0.96	AAI-based (high-confidence)	0.0	1.0	no viral genes detected
k127_519097	324	No	NA	1	1	0	Low-quality	Genome-fragment	0.58	AAI-based (high-confidence)	0.0	1.0	
k127_217737	650	No	NA	1	0	1	Not-determined	Genome-fragment	NA	NA	0.0	1.0	no viral genes detected
k127_821281	658	No	NA	2	0	0	Not-determined	Genome-fragment	NA	NA	0.0	1.0	no viral genes detected
k127_519609	451	No	NA	1	0	0	Not-determined	Genome-fragment	NA	NA	0.0	1.0	no viral genes detected
k127_218218	1341	No	NA	1	0	0	Not-determined	Genome-fragment	NA	NA	0.0	1.0	no viral genes detected
k127_218410	1032	No	NA	2	0	0	Low-quality	Genome-fragment	2.14	AAI-based (medium-confidence)	0.0	1.0	no viral genes detected
k127_117726	478	No	NA	1	0	0	Low-quality	Genome-fragment	0.95	AAI-based (medium-confidence)	0.0	1.0	no viral genes detected
k127_821925	427	No	NA	1	0	0	Low-quality	Genome-fragment	0.61	AAI-based (medium-confidence)	0.0	1.0	no viral genes detected
k127_721811	3137	No	NA	1	1	0	Low-quality	Genome-fragment	49.39	AAI-based (high-confidence)	0.0	1.0	
k127_922924	381	No	NA	1	1	0	Low-quality	Genome-fragment	0.54	HMM-based (lower-bound)	0.0	1.0	
k127_722061	345	No	NA	1	0	0	Not-determined	Genome-fragment	NA	NA	0.0	1.0	no viral genes detected
k127_17379	393	No	NA	1	0	0	Not-determined	Genome-fragment	NA	NA	0.0	1.0	no viral genes detected
k127_17400	569	No	NA	1	0	0	Not-determined	Genome-fragment	NA	NA	0.0	1.0	no viral genes detected
k127_822536	584	No	NA	1	0	0	Not-determined	Genome-fragment	NA	NA	0.0	1.0	no viral genes detected
k127_823075	824	No	NA	1	1	0	Low-quality	Genome-fragment	1.29	AAI-based (medium-confidence)	0.0	1.0	
k127_219723	444	No	NA	1	0	0	Not-determined	Genome-fragment	NA	NA	0.0	1.0	no viral genes detected
k127_18942	448	No	NA	2	0	0	Not-determined	Genome-fragment	NA	NA	0.0	1.0	no viral genes detected
k127_19371	425	No	NA	2	0	0	Not-determined	Genome-fragment	NA	NA	0.0	1.0	no viral genes detected
k127_423108	2547	No	NA	2	0	0	Not-determined	Genome-fragment	NA	NA	0.0	1.0	no viral genes detected
k127_222075	339	No	NA	1	0	0	Not-determined	Genome-fragment	NA	NA	0.0	1.0	no viral genes detected
k127_423590	354	No	NA	1	1	0	Low-quality	Genome-fragment	0.24	HMM-based (lower-bound)	0.0	1.0	
k127_825980	1105	No	NA	2	0	1	Not-determined	Genome-fragment	NA	NA	0.0	1.0	no viral genes detected
k127_323321	317	No	NA	1	0	0	Not-determined	Genome-fragment	NA	NA	0.0	1.0	no viral genes detected
k127_826283	323	No	NA	1	0	0	Not-determined	Genome-fragment	NA	NA	0.0	1.0	no viral genes detected
k127_927187	563	No	NA	1	1	0	Low-quality	Genome-fragment	1.1	AAI-based (medium-confidence)	0.0	1.0	
k127_424371	422	No	NA	1	0	0	Low-quality	Genome-fragment	0.93	AAI-based (medium-confidence)	0.0	1.0	no viral genes detected
k127_122920	317	No	NA	1	1	0	Low-quality	Genome-fragment	1.0	AAI-based (medium-confidence)	0.0	1.0	
k127_22022	346	No	NA	1	1	0	Low-quality	Genome-fragment	0.19	HMM-based (lower-bound)	0.0	1.0	
k127_727148	3976	No	NA	2	0	0	Not-determined	Genome-fragment	NA	NA	0.0	1.0	no viral genes detected
k127_123817	378	No	NA	2	1	0	Low-quality	Genome-fragment	0.3	HMM-based (lower-bound)	0.0	1.0	
k127_626770	671	No	NA	2	1	0	Low-quality	Genome-fragment	0.55	HMM-based (lower-bound)	0.0	1.0	
k127_23188	438	No	NA	1	0	0	Low-quality	Genome-fragment	1.12	AAI-based (medium-confidence)	0.0	1.0	no viral genes detected
k127_526524	706	No	NA	1	1	0	Low-quality	Genome-fragment	1.41	AAI-based (medium-confidence)	0.0	1.0	
k127_929116	420	No	NA	1	0	0	Not-determined	Genome-fragment	NA	NA	0.0	1.0	no viral genes detected
k127_23964	539	No	NA	1	0	0	Low-quality	Genome-fragment	1.24	AAI-based (medium-confidence)	0.0	1.0	no viral genes detected
k127_23983	313	No	NA	1	1	0	Low-quality	Genome-fragment	1.35	AAI-based (medium-confidence)	0.0	1.0	
k127_728704	415	No	NA	1	0	0	Low-quality	Genome-fragment	0.94	AAI-based (medium-confidence)	0.0	1.0	no viral genes detected
k127_527662	646	No	NA	1	0	0	Not-determined	Genome-fragment	NA	NA	0.0	1.0	no viral genes detected
k127_830112	420	No	NA	1	0	0	Not-determined	Genome-fragment	NA	NA	0.0	1.0	no viral genes detected
k127_25266	428	No	NA	2	1	0	Low-quality	Genome-fragment	0.29	HMM-based (lower-bound)	0.0	1.0	
k127_227178	338	No	NA	1	1	0	Low-quality	Genome-fragment	0.4	HMM-based (lower-bound)	0.0	1.0	
k127_830561	485	No	NA	1	0	0	Not-determined	Genome-fragment	NA	NA	0.0	1.0	no viral genes detected
k127_126453	565	No	NA	1	0	0	Not-determined	Genome-fragment	NA	NA	0.0	1.0	no viral genes detected
k127_428376	566	No	NA	1	0	1	Low-quality	Genome-fragment	1.06	AAI-based (medium-confidence)	0.0	1.0	no viral genes detected
k127_731009	344	No	NA	1	1	0	Low-quality	Genome-fragment	0.8	AAI-based (medium-confidence)	0.0	1.0	
k127_26829	527	No	NA	2	1	0	Low-quality	Genome-fragment	0.85	HMM-based (lower-bound)	0.0	1.0	
k127_932689	589	No	NA	2	0	0	Not-determined	Genome-fragment	NA	NA	0.0	1.0	no viral genes detected
k127_128189	328	No	NA	1	0	0	Not-determined	Genome-fragment	NA	NA	0.0	1.0	no viral genes detected
k127_430041	443	No	NA	1	0	0	Low-quality	Genome-fragment	0.95	AAI-based (medium-confidence)	0.0	1.0	no viral genes detected
k127_732139	330	No	NA	1	1	0	Low-quality	Genome-fragment	0.21	AAI-based (high-confidence)	0.0	1.0	
k127_229612	417	No	NA	1	0	0	Low-quality	Genome-fragment	1.01	AAI-based (high-confidence)	0.0	1.0	no viral genes detected
k127_834033	736	No	NA	1	0	0	Low-quality	Genome-fragment	1.33	AAI-based (medium-confidence)	0.0	1.0	no viral genes detected
k127_532560	439	No	NA	1	0	0	Not-determined	Genome-fragment	NA	NA	0.0	1.0	no viral genes detected
k127_432057	357	No	NA	1	0	0	Low-quality	Genome-fragment	0.83	AAI-based (medium-confidence)	0.0	1.0	no viral genes detected
k127_532589	474	No	NA	1	0	0	Not-determined	Genome-fragment	NA	NA	0.0	1.0	no viral genes detected
k127_231463	409	No	NA	1	0	0	Low-quality	Genome-fragment	0.9	AAI-based (medium-confidence)	0.0	1.0	no viral genes detected
k127_935938	323	No	NA	1	1	0	Low-quality	Genome-fragment	0.69	AAI-based (medium-confidence)	0.0	1.0	
k127_634133	354	No	NA	1	0	0	Not-determined	Genome-fragment	NA	NA	0.0	1.0	no viral genes detected
k127_634366	310	No	NA	1	1	0	Low-quality	Genome-fragment	0.46	HMM-based (lower-bound)	0.0	1.0	
k127_735833	371	No	NA	2	1	0	Low-quality	Genome-fragment	0.43	HMM-based (lower-bound)	0.0	1.0	
k127_735870	4268	No	NA	3	1	0	Low-quality	Genome-fragment	17.05	AAI-based (medium-confidence)	0.0	1.0	
k127_433824	502	No	NA	1	0	0	Low-quality	Genome-fragment	0.84	AAI-based (medium-confidence)	0.0	1.0	no viral genes detected
k127_736004	480	No	NA	1	1	0	Low-quality	Genome-fragment	0.57	HMM-based (lower-bound)	0.0	1.0	
k127_31228	303	No	NA	1	0	0	Not-determined	Genome-fragment	NA	NA	0.0	1.0	no viral genes detected
k127_31714	516	No	NA	1	1	0	Low-quality	Genome-fragment	0.7	HMM-based (lower-bound)	0.0	1.0	
k127_233578	508	No	NA	1	1	0	Low-quality	Genome-fragment	0.27	HMM-based (lower-bound)	0.0	1.0	
k127_32014	577	No	NA	1	0	0	Not-determined	Genome-fragment	NA	NA	0.0	1.0	no viral genes detected
k127_736891	902	No	NA	2	0	0	Not-determined	Genome-fragment	NA	NA	0.0	1.0	no viral genes detected
k127_938213	414	No	NA	1	0	0	Not-determined	Genome-fragment	NA	NA	0.0	1.0	no viral genes detected
k127_837544	347	No	NA	1	0	0	Low-quality	Genome-fragment	0.79	AAI-based (high-confidence)	0.0	1.0	no viral genes detected
k127_636603	740	No	NA	1	0	0	Low-quality	Genome-fragment	1.47	AAI-based (medium-confidence)	0.0	1.0	no viral genes detected
k127_837788	327	No	NA	1	0	0	Not-determined	Genome-fragment	NA	NA	0.0	1.0	no viral genes detected
k127_838169	736	No	NA	2	1	0	Low-quality	Genome-fragment	0.39	HMM-based (lower-bound)	0.0	1.0	
k127_33475	381	No	NA	1	0	0	Not-determined	Genome-fragment	NA	NA	0.0	1.0	no viral genes detected
k127_134428	4200	No	NA	4	0	1	Not-determined	Genome-fragment	NA	NA	0.0	1.0	no viral genes detected
k127_436818	441	No	NA	1	0	1	Not-determined	Genome-fragment	NA	NA	0.0	1.0	no viral genes detected
k127_135246	2394	No	NA	5	3	0	Low-quality	Genome-fragment	10.67	AAI-based (medium-confidence)	0.0	1.0	
k127_336624	489	No	NA	1	0	1	Not-determined	Genome-fragment	NA	NA	0.0	1.0	no viral genes detected
k127_236400	522	No	NA	1	0	0	Low-quality	Genome-fragment	1.11	AAI-based (medium-confidence)	0.0	1.0	no viral genes detected
k127_437949	304	No	NA	1	0	0	Low-quality	Genome-fragment	0.85	AAI-based (high-confidence)	0.0	1.0	no viral genes detected
k127_538487	513	No	NA	1	0	0	Low-quality	Genome-fragment	0.95	AAI-based (medium-confidence)	0.0	1.0	no viral genes detected
k127_840807	387	No	NA	1	1	0	Low-quality	Genome-fragment	0.35	HMM-based (lower-bound)	0.0	1.0	
k127_438766	342	No	NA	1	0	0	Not-determined	Genome-fragment	NA	NA	0.0	1.0	no viral genes detected
k127_137214	461	No	NA	1	1	0	Low-quality	Genome-fragment	0.74	HMM-based (lower-bound)	0.0	1.0	
k127_741196	911	No	NA	1	0	0	Not-determined	Genome-fragment	NA	NA	0.0	1.0	no viral genes detected
k127_238205	375	No	NA	1	0	0	Low-quality	Genome-fragment	0.63	AAI-based (medium-confidence)	0.0	1.0	no viral genes detected
k127_841288	732	No	NA	1	0	1	Not-determined	Genome-fragment	NA	NA	0.0	1.0	no viral genes detected
k127_37032	774	No	NA	1	0	1	Not-determined	Genome-fragment	NA	NA	0.0	1.0	no viral genes detected
k127_137998	404	No	NA	1	0	0	Not-determined	Genome-fragment	NA	NA	0.0	1.0	no viral genes detected
k127_37148	856	No	NA	2	1	0	Low-quality	Genome-fragment	1.51	AAI-based (medium-confidence)	0.0	1.0	
k127_942984	459	No	NA	2	0	0	Not-determined	Genome-fragment	NA	NA	0.0	1.0	no viral genes detected
k127_540729	986	No	NA	2	0	0	Not-determined	Genome-fragment	NA	NA	0.0	1.0	no viral genes detected
k127_339971	624	No	NA	1	0	1	Not-determined	Genome-fragment	NA	NA	0.0	1.0	no viral genes detected
k127_641464	1794	No	NA	1	0	0	Low-quality	Genome-fragment	2.8	AAI-based (medium-confidence)	0.0	1.0	no viral genes detected
k127_440524	831	No	NA	1	0	1	Not-determined	Genome-fragment	NA	NA	0.0	1.0	no viral genes detected
k127_540976	318	No	NA	1	0	0	Not-determined	Genome-fragment	NA	NA	0.0	1.0	no viral genes detected
k127_340263	383	No	NA	1	0	0	Low-quality	Genome-fragment	0.92	AAI-based (high-confidence)	0.0	1.0	no viral genes detected
k127_239761	325	No	NA	1	0	0	Not-determined	Genome-fragment	NA	NA	0.0	1.0	no viral genes detected
k127_743240	687	No	NA	2	1	0	Low-quality	Genome-fragment	1.02	HMM-based (lower-bound)	0.0	1.0	
k127_340917	1217	No	NA	1	0	0	Not-determined	Genome-fragment	NA	NA	0.0	1.0	no viral genes detected
k127_944160	548	No	NA	1	1	0	Low-quality	Genome-fragment	1.51	AAI-based (high-confidence)	0.0	1.0	
k127_642501	424	No	NA	1	1	0	Low-quality	Genome-fragment	0.5	HMM-based (lower-bound)	0.0	1.0	
k127_441587	693	No	NA	2	0	1	Not-determined	Genome-fragment	NA	NA	0.0	1.0	no viral genes detected
k127_542194	593	No	NA	1	0	0	Not-determined	Genome-fragment	NA	NA	0.0	1.0	no viral genes detected
k127_341427	545	No	NA	1	0	0	Not-determined	Genome-fragment	NA	NA	0.0	1.0	no viral genes detected
k127_140173	814	No	NA	1	0	0	Not-determined	Genome-fragment	NA	NA	0.0	1.0	no viral genes detected
k127_341643	1260	No	NA	1	0	0	Low-quality	Genome-fragment	2.33	AAI-based (high-confidence)	0.0	1.03	no viral genes detected
k127_744314	572	No	NA	1	0	0	Not-determined	Genome-fragment	NA	NA	0.0	1.0	no viral genes detected
k127_744498	725	No	NA	1	0	0	Not-determined	Genome-fragment	NA	NA	0.0	1.0	no viral genes detected
k127_342288	353	No	NA	1	0	0	Low-quality	Genome-fragment	0.79	AAI-based (high-confidence)	0.0	1.0	no viral genes detected
k127_643807	606	No	NA	2	1	0	Low-quality	Genome-fragment	1.05	AAI-based (medium-confidence)	0.0	1.0	
k127_844992	467	No	NA	1	0	1	Not-determined	Genome-fragment	NA	NA	0.0	1.05	no viral genes detected
k127_242225	395	No	NA	2	0	0	Low-quality	Genome-fragment	1.03	AAI-based (medium-confidence)	0.0	1.0	no viral genes detected
k127_342955	837	No	NA	1	0	1	Not-determined	Genome-fragment	NA	NA	0.0	1.0	no viral genes detected
k127_946611	382	No	NA	1	1	0	Low-quality	Genome-fragment	0.54	HMM-based (lower-bound)	0.0	1.0	
k127_544416	395	No	NA	1	0	0	Not-determined	Genome-fragment	NA	NA	0.0	1.0	no viral genes detected
k127_846289	345	No	NA	1	0	0	Low-quality	Genome-fragment	0.81	AAI-based (high-confidence)	0.0	1.0	no viral genes detected
k127_544694	2744	No	NA	1	0	0	Not-determined	Genome-fragment	NA	NA	0.0	1.0	no viral genes detected
k127_243546	386	No	NA	1	0	0	Not-determined	Genome-fragment	NA	NA	0.0	1.0	no viral genes detected
k127_947324	389	No	NA	1	0	1	Not-determined	Genome-fragment	NA	NA	0.0	1.0	no viral genes detected
k127_41947	405	No	NA	1	0	0	Low-quality	Genome-fragment	0.86	AAI-based (medium-confidence)	0.0	1.0	no viral genes detected
k127_143179	529	No	NA	1	1	0	Low-quality	Genome-fragment	0.75	HMM-based (lower-bound)	0.0	1.0	
k127_947902	731	No	NA	1	0	0	Not-determined	Genome-fragment	NA	NA	0.0	1.0	no viral genes detected
k127_445092	440	No	NA	1	0	0	Low-quality	Genome-fragment	0.97	AAI-based (medium-confidence)	0.0	1.0	no viral genes detected
k127_948065	365	No	NA	1	1	0	Low-quality	Genome-fragment	0.75	AAI-based (medium-confidence)	0.0	1.0	
k127_847436	2695	No	NA	3	0	0	Low-quality	Genome-fragment	4.92	AAI-based (medium-confidence)	0.0	1.0	no viral genes detected
k127_747346	618	No	NA	2	0	0	Low-quality	Genome-fragment	1.33	AAI-based (medium-confidence)	0.0	1.0	no viral genes detected
k127_244460	313	No	NA	1	0	0	Low-quality	Genome-fragment	0.91	AAI-based (medium-confidence)	0.0	1.0	no viral genes detected
k127_345344	356	No	NA	2	0	0	Not-determined	Genome-fragment	NA	NA	0.0	1.0	no viral genes detected
k127_245332	311	No	NA	1	1	0	Low-quality	Genome-fragment	0.42	HMM-based (lower-bound)	0.0	1.0	
k127_43450	328	No	NA	1	1	0	Low-quality	Genome-fragment	0.2	HMM-based (lower-bound)	0.0	1.0	
k127_146578	1041	No	NA	1	1	0	Low-quality	Genome-fragment	1.48	HMM-based (lower-bound)	0.0	1.0	
k127_548991	404	No	NA	1	1	0	Low-quality	Genome-fragment	0.55	HMM-based (lower-bound)	0.0	1.0	
k127_146943	346	No	NA	2	1	0	Low-quality	Genome-fragment	0.72	HMM-based (lower-bound)	0.0	1.0	
k127_348768	662	No	NA	1	1	0	Low-quality	Genome-fragment	0.94	HMM-based (lower-bound)	0.0	1.0	
k127_449432	1238	No	NA	1	1	0	Low-quality	Genome-fragment	2.62	AAI-based (medium-confidence)	0.0	1.0	
k127_550198	1128	No	NA	2	0	0	Low-quality	Genome-fragment	2.19	AAI-based (high-confidence)	0.0	1.0	no viral genes detected
k127_46867	443	No	NA	1	0	0	Not-determined	Genome-fragment	NA	NA	0.0	1.0	no viral genes detected
k127_751789	390	No	NA	1	0	0	Not-determined	Genome-fragment	NA	NA	0.0	1.0	no viral genes detected
k127_349188	324	No	NA	1	0	0	Low-quality	Genome-fragment	0.8	AAI-based (high-confidence)	0.0	1.0	no viral genes detected
k127_851869	339	No	NA	1	1	0	Low-quality	Genome-fragment	0.59	AAI-based (medium-confidence)	0.0	1.0	
k127_349658	318	No	NA	1	1	0	Low-quality	Genome-fragment	0.86	AAI-based (medium-confidence)	0.0	1.0	
k127_47745	482	No	NA	1	0	1	Not-determined	Genome-fragment	NA	NA	0.0	1.0	no viral genes detected
k127_350008	555	No	NA	1	1	0	Low-quality	Genome-fragment	0.49	HMM-based (lower-bound)	0.0	1.0	
k127_148955	308	No	NA	1	1	0	Low-quality	Genome-fragment	0.89	AAI-based (high-confidence)	0.0	1.0	
k127_752816	392	No	NA	1	0	0	Not-determined	Genome-fragment	NA	NA	0.0	1.0	no viral genes detected
k127_149337	341	No	NA	1	0	0	Low-quality	Genome-fragment	0.96	AAI-based (medium-confidence)	0.0	1.0	no viral genes detected
k127_753149	491	No	NA	1	1	0	Low-quality	Genome-fragment	0.26	HMM-based (lower-bound)	0.0	1.0	
k127_350681	369	No	NA	1	0	0	Not-determined	Genome-fragment	NA	NA	0.0	1.0	no viral genes detected
k127_753342	361	No	NA	2	0	0	Not-determined	Genome-fragment	NA	NA	0.0	1.0	no viral genes detected
k127_250721	371	No	NA	2	0	0	Low-quality	Genome-fragment	0.54	AAI-based (medium-confidence)	0.0	1.0	no viral genes detected
k127_853674	424	No	NA	2	0	0	Not-determined	Genome-fragment	NA	NA	0.0	1.03	no viral genes detected
k127_754042	619	No	NA	1	0	0	Not-determined	Genome-fragment	NA	NA	0.0	1.0	no viral genes detected
k127_251365	368	No	NA	1	0	0	Low-quality	Genome-fragment	0.7	AAI-based (medium-confidence)	0.0	1.0	no viral genes detected
k127_854340	352	No	NA	1	0	0	Low-quality	Genome-fragment	0.4	AAI-based (medium-confidence)	0.0	1.0	no viral genes detected
k127_150806	567	No	NA	1	0	0	Not-determined	Genome-fragment	NA	NA	0.0	1.0	no viral genes detected
k127_653483	407	No	NA	1	0	0	Not-determined	Genome-fragment	NA	NA	0.0	1.0	no viral genes detected
k127_452541	431	No	NA	1	1	0	Low-quality	Genome-fragment	0.61	HMM-based (lower-bound)	0.0	1.0	
k127_955521	481	No	NA	2	0	1	Not-determined	Genome-fragment	NA	NA	0.0	1.06	no viral genes detected
k127_151177	323	No	NA	1	0	0	Not-determined	Genome-fragment	NA	NA	0.0	1.0	no viral genes detected
k127_252056	687	No	NA	2	0	0	Low-quality	Genome-fragment	1.46	AAI-based (medium-confidence)	0.0	1.0	no viral genes detected
k127_553784	326	No	NA	1	0	0	Not-determined	Genome-fragment	NA	NA	0.0	1.0	no viral genes detected
k127_755590	1201	No	NA	1	0	0	Low-quality	Genome-fragment	2.31	AAI-based (medium-confidence)	0.0	1.0	no viral genes detected
k127_554464	348	No	NA	1	0	0	Low-quality	Genome-fragment	0.87	AAI-based (medium-confidence)	0.0	1.0	no viral genes detected
k127_454561	797	No	NA	2	0	0	Not-determined	Genome-fragment	NA	NA	0.0	1.0	no viral genes detected
k127_957739	468	No	NA	1	0	0	Not-determined	Genome-fragment	NA	NA	0.0	1.0	no viral genes detected
k127_254634	617	No	NA	1	0	0	Not-determined	Genome-fragment	NA	NA	0.0	1.0	no viral genes detected
k127_656772	788	No	NA	1	0	1	Not-determined	Genome-fragment	NA	NA	0.0	1.0	no viral genes detected
k127_456035	351	No	NA	1	0	0	Not-determined	Genome-fragment	NA	NA	0.0	1.0	no viral genes detected
k127_53554	384	No	NA	1	1	0	Low-quality	Genome-fragment	0.62	HMM-based (lower-bound)	0.0	1.0	
k127_657220	373	No	NA	1	1	0	Low-quality	Genome-fragment	0.4	HMM-based (lower-bound)	0.0	1.0	
k127_858732	426	No	NA	1	0	0	Not-determined	Genome-fragment	NA	NA	0.0	1.0	no viral genes detected
k127_657509	820	No	NA	1	0	0	Low-quality	Genome-fragment	1.67	AAI-based (medium-confidence)	0.0	1.0	no viral genes detected
k127_557909	742	No	NA	1	0	0	Low-quality	Genome-fragment	1.51	AAI-based (high-confidence)	0.0	1.0	no viral genes detected
k127_256371	389	No	NA	1	0	0	Low-quality	Genome-fragment	0.86	AAI-based (medium-confidence)	0.0	1.0	no viral genes detected
k127_457333	505	No	NA	2	0	0	Low-quality	Genome-fragment	0.74	AAI-based (medium-confidence)	0.0	1.0	no viral genes detected
k127_558022	442	No	NA	1	0	0	Not-determined	Genome-fragment	NA	NA	0.0	1.0	no viral genes detected
k127_658189	390	No	NA	1	1	0	Low-quality	Genome-fragment	0.47	AAI-based (medium-confidence)	0.0	1.0	
k127_859656	964	No	NA	1	0	1	Not-determined	Genome-fragment	NA	NA	0.0	1.0	no viral genes detected
k127_55036	706	No	NA	1	1	0	Low-quality	Genome-fragment	1.58	AAI-based (high-confidence)	0.0	1.0	
k127_658715	355	No	NA	1	0	0	Low-quality	Genome-fragment	0.16	AAI-based (medium-confidence)	0.0	1.0	no viral genes detected
k127_156330	331	No	NA	1	0	0	Not-determined	Genome-fragment	NA	NA	0.0	1.0	no viral genes detected
k127_257415	698	No	NA	2	0	0	Low-quality	Genome-fragment	1.65	AAI-based (medium-confidence)	0.0	1.0	no viral genes detected
k127_961360	390	No	NA	1	0	0	Not-determined	Genome-fragment	NA	NA	0.0	1.0	no viral genes detected
k127_156996	433	No	NA	1	0	0	Low-quality	Genome-fragment	0.93	AAI-based (medium-confidence)	0.0	1.0	no viral genes detected
k127_761021	953	No	NA	1	0	0	Not-determined	Genome-fragment	NA	NA	0.0	1.0	no viral genes detected
k127_961965	793	No	NA	1	0	0	Not-determined	Genome-fragment	NA	NA	0.0	1.0	no viral genes detected
k127_359089	356	No	NA	1	0	0	Not-determined	Genome-fragment	NA	NA	0.0	1.0	no viral genes detected
k127_359320	859	No	NA	1	0	0	Not-determined	Genome-fragment	NA	NA	0.0	1.0	no viral genes detected
k127_762108	305	No	NA	1	1	0	Low-quality	Genome-fragment	0.58	HMM-based (lower-bound)	0.0	1.0	
k127_762761	342	No	NA	1	0	1	Not-determined	Genome-fragment	NA	NA	0.0	1.0	no viral genes detected
k127_862712	390	No	NA	1	0	0	Not-determined	Genome-fragment	NA	NA	0.0	1.0	no viral genes detected
k127_159271	303	No	NA	2	1	0	Low-quality	Genome-fragment	0.53	HMM-based (lower-bound)	0.0	1.0	
k127_260787	311	No	NA	1	0	0	Not-determined	Genome-fragment	NA	NA	0.0	1.0	no viral genes detected
k127_159947	348	No	NA	1	1	0	Low-quality	Genome-fragment	0.67	AAI-based (high-confidence)	0.0	1.0	
k127_863728	656	No	NA	1	0	0	Not-determined	Genome-fragment	NA	NA	0.0	1.0	no viral genes detected
k127_160385	784	No	NA	1	1	0	Low-quality	Genome-fragment	1.12	HMM-based (lower-bound)	0.0	1.0	
k127_262168	354	No	NA	1	0	0	Not-determined	Genome-fragment	NA	NA	0.0	1.0	no viral genes detected
k127_60471	1469	No	NA	1	0	1	Not-determined	Genome-fragment	NA	NA	0.0	1.0	no viral genes detected
k127_966307	309	No	NA	1	0	0	Not-determined	Genome-fragment	NA	NA	0.0	1.0	no viral genes detected
k127_565505	434	No	NA	2	0	0	Not-determined	Genome-fragment	NA	NA	0.0	1.0	no viral genes detected
k127_565635	343	No	NA	1	1	0	Low-quality	Genome-fragment	0.17	HMM-based (lower-bound)	0.0	1.0	
k127_666572	619	No	NA	3	0	0	Not-determined	Genome-fragment	NA	NA	0.0	1.0	no viral genes detected
k127_164090	308	No	NA	1	0	0	Not-determined	Genome-fragment	NA	NA	0.0	1.0	no viral genes detected
k127_365358	1273	No	NA	1	0	1	Not-determined	Genome-fragment	NA	NA	0.0	1.0	no viral genes detected
k127_566530	314	No	NA	1	0	0	Not-determined	Genome-fragment	NA	NA	0.0	1.0	no viral genes detected
k127_566542	337	No	NA	1	0	0	Not-determined	Genome-fragment	NA	NA	0.0	1.0	no viral genes detected
k127_265129	333	No	NA	1	1	0	Low-quality	Genome-fragment	0.48	HMM-based (lower-bound)	0.0	1.0	
k127_968954	713	No	NA	2	1	0	Low-quality	Genome-fragment	1.07	HMM-based (lower-bound)	0.0	1.0	
k127_265286	623	No	NA	1	0	1	Not-determined	Genome-fragment	NA	NA	0.0	1.0	no viral genes detected
k127_566936	2547	No	NA	2	0	1	Not-determined	Genome-fragment	NA	NA	0.0	1.0	no viral genes detected
k127_868409	658	No	NA	1	0	0	Not-determined	Genome-fragment	NA	NA	0.0	1.0	no viral genes detected
k127_667463	384	No	NA	1	0	0	Not-determined	Genome-fragment	NA	NA	0.0	1.0	no viral genes detected
k127_266002	487	No	NA	2	1	0	Low-quality	Genome-fragment	0.44	HMM-based (lower-bound)	0.0	1.0	
k127_366831	318	No	NA	1	0	0	Not-determined	Genome-fragment	NA	NA	0.0	1.0	no viral genes detected
k127_970289	2823	No	NA	1	1	0	Low-quality	Genome-fragment	6.72	HMM-based (lower-bound)	0.0	1.0	
k127_568702	303	No	NA	1	0	1	Not-determined	Genome-fragment	NA	NA	0.0	1.0	no viral genes detected
k127_568767	935	No	NA	1	0	1	Not-determined	Genome-fragment	NA	NA	0.0	1.0	no viral genes detected
k127_367777	923	No	NA	1	0	1	Not-determined	Genome-fragment	NA	NA	0.0	1.0	no viral genes detected
k127_569000	973	No	NA	2	1	0	Low-quality	Genome-fragment	1.08	HMM-based (lower-bound)	0.0	1.0	
k127_669395	509	No	NA	1	0	0	Low-quality	Genome-fragment	1.06	AAI-based (medium-confidence)	0.0	1.0	no viral genes detected
k127_65873	641	No	NA	1	0	0	Not-determined	Genome-fragment	NA	NA	0.0	1.0	no viral genes detected
k127_971413	1033	No	NA	1	0	0	Low-quality	Genome-fragment	2.0	AAI-based (medium-confidence)	0.0	1.0	no viral genes detected
k127_368507	684	No	NA	1	0	0	Not-determined	Genome-fragment	NA	NA	0.0	1.0	no viral genes detected
k127_268110	390	No	NA	1	0	0	Not-determined	Genome-fragment	NA	NA	0.0	1.0	no viral genes detected
k127_468943	661	No	NA	1	0	0	Not-determined	Genome-fragment	NA	NA	0.0	1.01	no viral genes detected
k127_369372	326	No	NA	1	0	0	Not-determined	Genome-fragment	NA	NA	0.0	1.0	no viral genes detected
k127_269395	423	No	NA	1	0	0	Not-determined	Genome-fragment	NA	NA	0.0	1.0	no viral genes detected
k127_772976	561	No	NA	1	0	0	Not-determined	Genome-fragment	NA	NA	0.0	1.0	no viral genes detected
k127_773033	331	No	NA	1	0	0	Low-quality	Genome-fragment	0.72	AAI-based (medium-confidence)	0.0	1.0	no viral genes detected
k127_371397	304	No	NA	2	0	0	Not-determined	Genome-fragment	NA	NA	0.0	1.0	no viral genes detected
k127_471923	1112	No	NA	1	1	0	Low-quality	Genome-fragment	0.59	HMM-based (lower-bound)	0.0	1.0	
k127_170402	683	No	NA	2	0	0	Low-quality	Genome-fragment	1.32	AAI-based (medium-confidence)	0.0	1.0	no viral genes detected
k127_572816	432	No	NA	1	0	0	Not-determined	Genome-fragment	NA	NA	0.0	1.0	no viral genes detected
k127_171510	401	No	NA	1	0	0	Low-quality	Genome-fragment	0.94	AAI-based (medium-confidence)	0.0	1.0	no viral genes detected
k127_172011	308	No	NA	2	0	0	Not-determined	Genome-fragment	NA	NA	0.0	1.0	no viral genes detected
k127_674486	348	No	NA	1	0	0	Not-determined	Genome-fragment	NA	NA	0.0	1.0	no viral genes detected
k127_574308	2626	No	NA	2	1	0	Low-quality	Genome-fragment	6.25	HMM-based (lower-bound)	0.0	1.0	
k127_473940	377	No	NA	1	0	0	Not-determined	Genome-fragment	NA	NA	0.0	1.0	no viral genes detected
k127_373758	430	No	NA	1	0	0	Not-determined	Genome-fragment	NA	NA	0.0	1.0	no viral genes detected
k127_71807	498	No	NA	1	0	0	Low-quality	Genome-fragment	1.11	AAI-based (medium-confidence)	0.0	1.0	no viral genes detected
k127_374211	316	No	NA	1	0	0	Low-quality	Genome-fragment	0.77	AAI-based (high-confidence)	0.0	1.0	no viral genes detected
k127_776720	442	No	NA	2	1	0	Low-quality	Genome-fragment	0.67	HMM-based (lower-bound)	0.0	1.0	
k127_173231	387	No	NA	1	1	0	Low-quality	Genome-fragment	0.35	HMM-based (lower-bound)	0.0	1.0	
k127_173573	514	No	NA	1	0	0	Low-quality	Genome-fragment	1.09	AAI-based (medium-confidence)	0.0	1.0	no viral genes detected
k127_575878	381	No	NA	1	0	0	Low-quality	Genome-fragment	0.18	AAI-based (medium-confidence)	0.0	1.0	no viral genes detected
k127_576027	350	No	NA	1	1	0	Low-quality	Genome-fragment	0.47	HMM-based (lower-bound)	0.0	1.0	
k127_978056	371	No	NA	1	0	0	Low-quality	Genome-fragment	0.83	AAI-based (medium-confidence)	0.0	1.0	no viral genes detected
k127_877476	458	No	NA	1	0	0	Low-quality	Genome-fragment	1.03	AAI-based (medium-confidence)	0.0	1.0	no viral genes detected
k127_978480	723	No	NA	1	0	0	Low-quality	Genome-fragment	1.45	AAI-based (medium-confidence)	0.0	1.0	no viral genes detected
k127_73566	347	No	NA	2	0	0	Not-determined	Genome-fragment	NA	NA	0.0	1.0	no viral genes detected
k127_577636	465	No	NA	1	0	0	Low-quality	Genome-fragment	1.04	AAI-based (medium-confidence)	0.0	1.0	no viral genes detected
k127_979656	395	No	NA	1	0	0	Low-quality	Genome-fragment	0.86	AAI-based (medium-confidence)	0.0	1.0	no viral genes detected
k127_779064	712	No	NA	1	0	0	Not-determined	Genome-fragment	NA	NA	0.0	1.0	no viral genes detected
k127_779124	819	No	NA	1	1	0	Low-quality	Genome-fragment	1.01	AAI-based (high-confidence)	0.0	1.0	
k127_376992	455	No	NA	1	0	0	Not-determined	Genome-fragment	NA	NA	0.0	1.0	no viral genes detected
k127_678365	359	No	NA	2	0	0	Not-determined	Genome-fragment	NA	NA	0.0	1.0	no viral genes detected
k127_779687	325	No	NA	1	0	0	Not-determined	Genome-fragment	NA	NA	0.0	1.0	no viral genes detected
k127_678436	390	No	NA	1	0	0	Low-quality	Genome-fragment	0.31	AAI-based (medium-confidence)	0.0	1.0	no viral genes detected
k127_74996	481	No	NA	1	1	0	Low-quality	Genome-fragment	0.97	HMM-based (lower-bound)	0.0	1.0	
k127_779981	505	No	NA	2	2	0	Low-quality	Genome-fragment	0.91	HMM-based (lower-bound)	0.0	1.0	
k127_75287	303	No	NA	1	0	0	Not-determined	Genome-fragment	NA	NA	0.0	1.0	no viral genes detected
k127_277281	659	No	NA	1	0	0	Not-determined	Genome-fragment	NA	NA	0.0	1.0	no viral genes detected
k127_780674	409	No	NA	2	0	0	Low-quality	Genome-fragment	1.03	AAI-based (medium-confidence)	0.0	1.0	no viral genes detected
k127_177011	568	No	NA	1	0	0	Not-determined	Genome-fragment	NA	NA	0.0	1.0	no viral genes detected
k127_679496	317	No	NA	1	0	0	Low-quality	Genome-fragment	0.81	AAI-based (high-confidence)	0.0	1.0	no viral genes detected
k127_880864	697	No	NA	2	0	0	Low-quality	Genome-fragment	1.26	AAI-based (medium-confidence)	0.0	1.0	no viral genes detected
k127_278539	630	No	NA	1	0	1	Not-determined	Genome-fragment	NA	NA	0.0	1.0	no viral genes detected
k127_278544	436	No	NA	1	0	1	Not-determined	Genome-fragment	NA	NA	0.0	1.0	no viral genes detected
k127_580098	373	No	NA	1	0	1	Not-determined	Genome-fragment	NA	NA	0.0	1.0	no viral genes detected
k127_680303	409	No	NA	1	0	0	Not-determined	Genome-fragment	NA	NA	0.0	1.0	no viral genes detected
k127_782017	757	No	NA	2	0	0	Low-quality	Genome-fragment	1.48	AAI-based (medium-confidence)	0.0	1.0	no viral genes detected
k127_882346	335	No	NA	1	0	0	Not-determined	Genome-fragment	NA	NA	0.0	1.0	no viral genes detected
k127_580987	644	No	NA	2	1	0	Low-quality	Genome-fragment	0.59	HMM-based (lower-bound)	0.0	1.0	
k127_983166	536	No	NA	1	0	0	Low-quality	Genome-fragment	1.08	AAI-based (medium-confidence)	0.0	1.0	no viral genes detected
k127_77769	2833	No	NA	2	0	1	Low-quality	Genome-fragment	2.15	AAI-based (medium-confidence)	0.0	1.0	no viral genes detected
k127_882829	379	No	NA	1	1	0	Low-quality	Genome-fragment	0.6	AAI-based (medium-confidence)	0.0	1.0	
k127_883609	556	No	NA	1	1	0	Low-quality	Genome-fragment	0.54	AAI-based (medium-confidence)	0.0	1.0	
k127_883943	359	No	NA	1	0	0	Low-quality	Genome-fragment	0.77	AAI-based (high-confidence)	0.0	1.0	no viral genes detected
k127_984881	1229	No	NA	1	0	0	Not-determined	Genome-fragment	NA	NA	0.0	1.0	no viral genes detected
k127_482116	352	No	NA	1	1	0	Low-quality	Genome-fragment	0.52	HMM-based (lower-bound)	0.0	1.0	
k127_281538	343	No	NA	1	0	0	Low-quality	Genome-fragment	2.09	AAI-based (medium-confidence)	0.0	1.0	no viral genes detected
k127_583520	522	No	NA	1	0	0	Not-determined	Genome-fragment	NA	NA	0.0	1.0	no viral genes detected
k127_885035	774	No	NA	1	0	0	Not-determined	Genome-fragment	NA	NA	0.0	1.0	no viral genes detected
k127_885044	661	No	NA	1	1	0	Low-quality	Genome-fragment	0.94	HMM-based (lower-bound)	0.0	1.0	
k127_986581	525	No	NA	1	0	0	Not-determined	Genome-fragment	NA	NA	0.0	1.0	no viral genes detected
k127_484005	620	No	NA	1	0	0	Not-determined	Genome-fragment	NA	NA	0.0	1.0	no viral genes detected
k127_81539	750	No	NA	2	0	0	Low-quality	Genome-fragment	1.56	AAI-based (medium-confidence)	0.0	1.0	no viral genes detected
k127_284786	664	No	NA	1	1	0	Low-quality	Genome-fragment	1.07	AAI-based (medium-confidence)	0.0	1.0	
k127_82944	697	No	NA	1	0	0	Low-quality	Genome-fragment	1.11	AAI-based (medium-confidence)	0.0	1.0	no viral genes detected
k127_988418	349	No	NA	1	0	0	Not-determined	Genome-fragment	NA	NA	0.0	1.0	no viral genes detected
k127_184131	684	No	NA	1	1	0	Low-quality	Genome-fragment	0.93	HMM-based (lower-bound)	0.0	1.0	
k127_988580	416	No	NA	1	0	0	Not-determined	Genome-fragment	NA	NA	0.0	1.0	no viral genes detected
k127_386393	369	No	NA	1	0	0	Low-quality	Genome-fragment	0.83	AAI-based (medium-confidence)	0.0	1.0	no viral genes detected
k127_84103	401	No	NA	1	0	0	Low-quality	Genome-fragment	0.89	AAI-based (medium-confidence)	0.0	1.0	no viral genes detected
k127_486591	640	No	NA	1	0	0	Not-determined	Genome-fragment	NA	NA	0.0	1.05	no viral genes detected
k127_687453	389	No	NA	1	0	0	Low-quality	Genome-fragment	0.78	AAI-based (medium-confidence)	0.0	1.0	no viral genes detected
k127_789261	504	No	NA	1	0	0	Not-determined	Genome-fragment	NA	NA	0.0	1.0	no viral genes detected
k127_990759	560	No	NA	1	0	0	Not-determined	Genome-fragment	NA	NA	0.0	1.0	no viral genes detected
k127_387870	487	No	NA	1	0	0	Not-determined	Genome-fragment	NA	NA	0.0	1.0	no viral genes detected
k127_991150	1262	No	NA	2	0	1	Not-determined	Genome-fragment	NA	NA	0.0	1.0	no viral genes detected
k127_187095	359	No	NA	1	0	0	Not-determined	Genome-fragment	NA	NA	0.0	1.0	no viral genes detected
k127_891194	320	No	NA	1	1	0	Low-quality	Genome-fragment	0.62	AAI-based (high-confidence)	0.0	1.0	
k127_288445	342	No	NA	1	1	0	Low-quality	Genome-fragment	0.31	HMM-based (lower-bound)	0.0	1.0	
k127_589864	430	No	NA	1	0	0	Not-determined	Genome-fragment	NA	NA	0.0	1.0	no viral genes detected
k127_891942	430	No	NA	1	0	0	Low-quality	Genome-fragment	0.92	AAI-based (medium-confidence)	0.0	1.0	no viral genes detected
k127_87234	1775	No	NA	2	0	2	Not-determined	Genome-fragment	NA	NA	0.0	1.0	no viral genes detected
k127_289781	561	No	NA	1	1	0	Low-quality	Genome-fragment	0.8	HMM-based (lower-bound)	0.0	1.0	
k127_993606	337	No	NA	1	0	0	Not-determined	Genome-fragment	NA	NA	0.0	1.0	no viral genes detected
k127_88344	499	No	NA	2	0	0	Not-determined	Genome-fragment	NA	NA	0.0	1.0	no viral genes detected
k127_189451	434	No	NA	2	1	0	Low-quality	Genome-fragment	0.61	HMM-based (lower-bound)	0.0	1.0	
k127_391064	324	No	NA	1	1	0	Low-quality	Genome-fragment	1.76	AAI-based (high-confidence)	0.0	1.0	
k127_290723	653	No	NA	2	0	0	Low-quality	Genome-fragment	1.12	AAI-based (medium-confidence)	0.0	1.0	no viral genes detected
k127_291077	1072	No	NA	3	0	0	Low-quality	Genome-fragment	2.39	AAI-based (medium-confidence)	0.0	1.0	no viral genes detected
k127_994545	448	No	NA	1	0	0	Low-quality	Genome-fragment	0.98	AAI-based (medium-confidence)	0.0	1.0	no viral genes detected
k127_89331	1151	No	NA	1	1	0	Low-quality	Genome-fragment	1.52	AAI-based (high-confidence)	0.0	1.0	
k127_592443	437	No	NA	2	0	0	Low-quality	Genome-fragment	1.07	AAI-based (high-confidence)	0.0	1.0	no viral genes detected
k127_291628	737	No	NA	1	0	1	Not-determined	Genome-fragment	NA	NA	0.0	1.0	no viral genes detected
k127_392240	323	No	NA	1	0	0	Not-determined	Genome-fragment	NA	NA	0.0	1.0	no viral genes detected
k127_89854	541	No	NA	1	0	0	Not-determined	Genome-fragment	NA	NA	0.0	1.0	no viral genes detected
k127_191511	717	No	NA	1	1	0	Low-quality	Genome-fragment	1.25	AAI-based (medium-confidence)	0.0	1.0	
k127_393074	1513	No	NA	1	0	1	Not-determined	Genome-fragment	NA	NA	0.0	1.05	no viral genes detected
k127_895907	941	No	NA	2	1	0	Low-quality	Genome-fragment	0.5	HMM-based (lower-bound)	0.0	1.0	
k127_896478	423	No	NA	2	1	0	Low-quality	Genome-fragment	0.46	HMM-based (lower-bound)	0.0	1.0	
k127_91782	307	No	NA	1	0	0	Not-determined	Genome-fragment	NA	NA	0.0	1.0	no viral genes detected
k127_595247	607	No	NA	1	0	0	Low-quality	Genome-fragment	1.26	AAI-based (medium-confidence)	0.0	1.0	no viral genes detected
k127_896846	568	No	NA	1	0	0	Low-quality	Genome-fragment	1.16	AAI-based (medium-confidence)	0.0	1.0	no viral genes detected
k127_595375	392	No	NA	1	0	0	Not-determined	Genome-fragment	NA	NA	0.0	1.0	no viral genes detected
k127_92274	328	No	NA	1	1	0	Low-quality	Genome-fragment	0.39	HMM-based (lower-bound)	0.0	1.0	
k127_394790	459	No	NA	1	0	0	Not-determined	Genome-fragment	NA	NA	0.0	1.0	no viral genes detected
k127_998137	310	No	NA	1	0	0	Not-determined	Genome-fragment	NA	NA	0.0	1.0	no viral genes detected
k127_696619	719	No	NA	1	0	0	Not-determined	Genome-fragment	NA	NA	0.0	1.0	no viral genes detected
k127_596556	551	No	NA	1	0	0	Not-determined	Genome-fragment	NA	NA	0.0	1.0	no viral genes detected
k127_194679	610	No	NA	1	0	1	Not-determined	Genome-fragment	NA	NA	0.0	1.0	no viral genes detected
k127_697480	309	No	NA	1	1	0	Low-quality	Genome-fragment	0.53	HMM-based (lower-bound)	0.0	1.0	
k127_597336	2648	No	NA	3	0	0	Not-determined	Genome-fragment	NA	NA	0.0	1.0	no viral genes detected
k127_396790	365	No	NA	1	0	0	Not-determined	Genome-fragment	NA	NA	0.0	1.0	no viral genes detected
k127_397038	519	No	NA	1	1	0	Low-quality	Genome-fragment	0.6	HMM-based (lower-bound)	0.0	1.0	
k127_799759	361	No	NA	1	0	0	Low-quality	Genome-fragment	0.79	AAI-based (medium-confidence)	0.0	1.0	no viral genes detected
k127_397403	494	No	NA	1	0	0	Not-determined	Genome-fragment	NA	NA	0.0	1.0	no viral genes detected
k127_397916	484	No	NA	2	0	0	Not-determined	Genome-fragment	NA	NA	0.0	1.0	no viral genes detected
k127_297370	358	No	NA	1	0	0	Not-determined	Genome-fragment	NA	NA	0.0	1.0	no viral genes detected
k127_196517	447	No	NA	1	1	0	Low-quality	Genome-fragment	1.37	AAI-based (medium-confidence)	0.0	1.0	
k127_398062	1870	No	NA	1	0	0	Low-quality	Genome-fragment	1.86	AAI-based (medium-confidence)	0.0	1.0	no viral genes detected
k127_398399	376	No	NA	1	1	0	Low-quality	Genome-fragment	0.45	HMM-based (lower-bound)	0.0	1.0	
k127_900850	1956	No	NA	4	1	0	Low-quality	Genome-fragment	3.39	AAI-based (medium-confidence)	0.0	1.0	
k127_599344	368	No	NA	1	1	0	Low-quality	Genome-fragment	0.3	HMM-based (lower-bound)	0.0	1.0	
k127_901160	503	No	NA	1	0	0	Not-determined	Genome-fragment	NA	NA	0.0	1.0	no viral genes detected
k127_399134	369	No	NA	1	0	0	Low-quality	Genome-fragment	0.79	AAI-based (medium-confidence)	0.0	1.0	no viral genes detected
k127_700278	446	No	NA	1	1	0	Low-quality	Genome-fragment	0.24	HMM-based (lower-bound)	0.0	1.0	
k127_198008	332	No	NA	1	1	0	Low-quality	Genome-fragment	0.47	HMM-based (lower-bound)	0.0	1.0	
k127_198453	395	No	NA	1	1	0	Low-quality	Genome-fragment	0.63	AAI-based (medium-confidence)	0.0	1.0	
k127_1003088	349	No	NA	1	1	0	Low-quality	Genome-fragment	0.31	HMM-based (lower-bound)	0.0	1.0	
k127_902934	489	No	NA	1	1	0	Low-quality	Genome-fragment	0.3	HMM-based (lower-bound)	0.0	1.0	
k127_903093	391	No	NA	1	0	0	Low-quality	Genome-fragment	0.94	AAI-based (medium-confidence)	0.0	1.0	no viral genes detected
k127_1003843	351	No	NA	1	1	0	Low-quality	Genome-fragment	0.6	HMM-based (lower-bound)	0.0	1.0	
k127_400967	318	No	NA	1	0	0	Low-quality	Genome-fragment	0.52	AAI-based (high-confidence)	0.0	1.0	no viral genes detected
