contig_id	contig_length	provirus	proviral_length	gene_count	viral_genes	host_genes	checkv_quality	miuvig_quality	completeness	completeness_method	contamination	kmer_freq	warnings
k127_188275	439	No	NA	1	0	0	Low-quality	Genome-fragment	1.01	AAI-based (medium-confidence)	0.0	1.0	no viral genes detected
k127_564882	974	No	NA	1	0	0	Low-quality	Genome-fragment	1.87	AAI-based (medium-confidence)	0.0	1.0	no viral genes detected
k127_62979	433	No	NA	2	1	0	Low-quality	Genome-fragment	0.65	HMM-based (lower-bound)	0.0	1.0	
k127_63037	884	No	NA	1	1	0	Low-quality	Genome-fragment	1.26	HMM-based (lower-bound)	0.0	1.0	
k127_376846	1002	No	NA	1	0	1	Not-determined	Genome-fragment	NA	NA	0.0	1.0	no viral genes detected
k127_502454	1138	No	NA	1	0	1	Not-determined	Genome-fragment	NA	NA	0.0	1.0	no viral genes detected
k127_314281	362	No	NA	1	1	0	Low-quality	Genome-fragment	0.25	HMM-based (lower-bound)	0.0	1.0	
k127_188840	354	No	NA	1	0	0	Not-determined	Genome-fragment	NA	NA	0.0	1.0	no viral genes detected
k127_189083	571	No	NA	1	0	0	Not-determined	Genome-fragment	NA	NA	0.0	1.0	no viral genes detected
k127_787	373	No	NA	1	0	0	Not-determined	Genome-fragment	NA	NA	0.0	1.0	no viral genes detected
k127_565716	317	No	NA	1	0	0	Not-determined	Genome-fragment	NA	NA	0.0	1.0	no viral genes detected
k127_189299	390	No	NA	1	0	0	Not-determined	Genome-fragment	NA	NA	0.0	1.0	no viral genes detected
k127_189506	461	No	NA	1	0	1	Not-determined	Genome-fragment	NA	NA	0.0	1.0	no viral genes detected
k127_503189	397	No	NA	1	1	0	Low-quality	Genome-fragment	0.66	AAI-based (medium-confidence)	0.0	1.0	
k127_126840	424	No	NA	1	0	0	Not-determined	Genome-fragment	NA	NA	0.0	1.0	no viral genes detected
k127_126942	774	No	NA	1	0	0	Low-quality	Genome-fragment	1.62	AAI-based (high-confidence)	0.0	1.0	no viral genes detected
k127_252443	1296	No	NA	1	0	0	Not-determined	Genome-fragment	NA	NA	0.0	1.0	no viral genes detected
k127_377988	392	No	NA	1	1	0	Low-quality	Genome-fragment	0.47	HMM-based (lower-bound)	0.0	1.0	
k127_378080	368	No	NA	1	0	0	Not-determined	Genome-fragment	NA	NA	0.0	1.0	no viral genes detected
k127_127250	305	No	NA	1	1	0	Low-quality	Genome-fragment	0.21	HMM-based (lower-bound)	0.0	1.0	
k127_127256	345	No	NA	1	1	0	Low-quality	Genome-fragment	0.28	HMM-based (lower-bound)	0.0	1.0	
k127_503747	560	No	NA	1	0	0	Not-determined	Genome-fragment	NA	NA	0.0	1.0	no viral genes detected
k127_64539	351	No	NA	1	1	0	Low-quality	Genome-fragment	0.6	HMM-based (lower-bound)	0.0	1.0	
k127_441240	219	No	NA	1	1	0	Low-quality	Genome-fragment	0.33	AAI-based (high-confidence)	0.0	1.0	
k127_64696	412	No	NA	1	1	0	Low-quality	Genome-fragment	0.88	AAI-based (medium-confidence)	0.0	1.0	
k127_1995	873	No	NA	1	0	0	Low-quality	Genome-fragment	1.76	AAI-based (medium-confidence)	0.0	1.0	no viral genes detected
k127_566991	448	No	NA	1	0	0	Not-determined	Genome-fragment	NA	NA	0.0	1.0	no viral genes detected
k127_379073	560	No	NA	1	0	0	Not-determined	Genome-fragment	NA	NA	0.0	1.0	no viral genes detected
k127_442282	964	No	NA	2	1	0	Low-quality	Genome-fragment	3.15	AAI-based (medium-confidence)	0.0	1.0	
k127_2952	797	No	NA	1	0	0	Not-determined	Genome-fragment	NA	NA	0.0	1.0	no viral genes detected
k127_192343	812	No	NA	1	0	1	Not-determined	Genome-fragment	NA	NA	0.0	1.0	no viral genes detected
k127_254794	318	No	NA	1	0	0	Not-determined	Genome-fragment	NA	NA	0.0	1.0	no viral genes detected
k127_317636	1415	No	NA	3	0	0	Low-quality	Genome-fragment	3.02	AAI-based (medium-confidence)	0.0	1.0	no viral genes detected
k127_129723	317	No	NA	1	1	0	Low-quality	Genome-fragment	0.47	HMM-based (lower-bound)	0.0	1.0	
k127_380757	1024	No	NA	1	0	1	Not-determined	Genome-fragment	NA	NA	0.0	1.0	no viral genes detected
k127_4349	654	No	NA	1	0	1	Not-determined	Genome-fragment	NA	NA	0.0	1.0	no viral genes detected
k127_506484	462	No	NA	2	0	0	Not-determined	Genome-fragment	NA	NA	0.0	1.0	no viral genes detected
k127_130040	655	No	NA	2	0	0	Low-quality	Genome-fragment	1.73	AAI-based (medium-confidence)	0.0	1.0	no viral genes detected
k127_255792	410	No	NA	1	1	0	Low-quality	Genome-fragment	0.42	AAI-based (medium-confidence)	0.0	1.0	
k127_444365	368	No	NA	1	0	0	Not-determined	Genome-fragment	NA	NA	0.0	1.0	no viral genes detected
k127_507047	340	No	NA	1	0	0	Not-determined	Genome-fragment	NA	NA	0.0	1.0	no viral genes detected
k127_318862	409	No	NA	1	0	0	Low-quality	Genome-fragment	0.88	AAI-based (medium-confidence)	0.0	1.0	no viral genes detected
k127_5087	350	No	NA	1	0	0	Not-determined	Genome-fragment	NA	NA	0.0	1.0	no viral genes detected
k127_319021	343	No	NA	1	1	0	Low-quality	Genome-fragment	0.66	HMM-based (lower-bound)	0.0	1.0	
k127_194213	1158	No	NA	1	0	0	Not-determined	Genome-fragment	NA	NA	0.0	1.0	no viral genes detected
k127_507681	672	No	NA	2	0	0	Low-quality	Genome-fragment	1.37	AAI-based (medium-confidence)	0.0	1.0	no viral genes detected
k127_256656	306	No	NA	2	0	0	Low-quality	Genome-fragment	0.26	AAI-based (high-confidence)	0.0	1.0	no viral genes detected
k127_5713	654	No	NA	1	0	1	Not-determined	Genome-fragment	NA	NA	0.0	1.0	no viral genes detected
k127_256915	610	No	NA	1	0	1	Not-determined	Genome-fragment	NA	NA	0.0	1.0	no viral genes detected
k127_68830	492	No	NA	1	0	0	Low-quality	Genome-fragment	1.0	AAI-based (medium-confidence)	0.0	1.0	no viral genes detected
k127_320045	417	No	NA	1	0	0	Low-quality	Genome-fragment	0.82	AAI-based (medium-confidence)	0.0	1.0	no viral genes detected
k127_571439	387	No	NA	1	1	0	Low-quality	Genome-fragment	1.06	AAI-based (medium-confidence)	0.0	1.0	
k127_445924	545	No	NA	1	0	0	Not-determined	Genome-fragment	NA	NA	0.0	1.0	no viral genes detected
k127_69360	533	No	NA	1	1	0	Low-quality	Genome-fragment	4.97	AAI-based (medium-confidence)	0.0	1.0	
k127_571719	826	No	NA	1	0	1	Not-determined	Genome-fragment	NA	NA	0.0	1.0	no viral genes detected
k127_195753	533	No	NA	1	0	0	Not-determined	Genome-fragment	NA	NA	0.0	1.0	no viral genes detected
k127_572492	863	No	NA	1	0	0	Not-determined	Genome-fragment	NA	NA	0.0	1.0	no viral genes detected
k127_196386	345	No	NA	1	0	0	Low-quality	Genome-fragment	0.86	AAI-based (medium-confidence)	0.0	1.0	no viral genes detected
k127_509809	314	No	NA	1	0	0	Not-determined	Genome-fragment	NA	NA	0.0	1.0	no viral genes detected
k127_133378	545	No	NA	1	1	0	Low-quality	Genome-fragment	0.87	HMM-based (lower-bound)	0.0	1.0	
k127_384390	463	No	NA	1	1	0	Low-quality	Genome-fragment	0.79	AAI-based (medium-confidence)	0.0	1.0	
k127_448178	302	No	NA	1	1	0	Low-quality	Genome-fragment	0.51	AAI-based (medium-confidence)	0.0	1.0	
k127_510807	306	No	NA	1	0	0	Not-determined	Genome-fragment	NA	NA	0.0	1.0	no viral genes detected
k127_259997	592	No	NA	1	0	0	Not-determined	Genome-fragment	NA	NA	0.0	1.0	no viral genes detected
k127_511208	433	No	NA	1	1	0	Low-quality	Genome-fragment	0.62	HMM-based (lower-bound)	0.0	1.0	
k127_260138	1270	No	NA	1	0	1	Not-determined	Genome-fragment	NA	NA	0.0	1.0	no viral genes detected
k127_71996	520	No	NA	1	0	0	Low-quality	Genome-fragment	1.07	AAI-based (medium-confidence)	0.0	1.0	no viral genes detected
k127_134927	2228	No	NA	2	1	0	Low-quality	Genome-fragment	3.17	HMM-based (lower-bound)	0.0	1.0	
k127_511492	805	No	NA	1	0	0	Low-quality	Genome-fragment	1.52	AAI-based (high-confidence)	0.0	1.0	no viral genes detected
k127_198565	347	No	NA	1	0	0	Not-determined	Genome-fragment	NA	NA	0.0	1.0	no viral genes detected
k127_72431	652	No	NA	1	0	1	Not-determined	Genome-fragment	NA	NA	0.0	1.0	no viral genes detected
k127_512165	329	No	NA	1	0	0	Not-determined	Genome-fragment	NA	NA	0.0	1.0	no viral genes detected
k127_450292	341	No	NA	1	1	0	Low-quality	Genome-fragment	0.23	HMM-based (lower-bound)	0.0	1.0	
k127_136346	491	No	NA	1	0	0	Not-determined	Genome-fragment	NA	NA	0.0	1.0	no viral genes detected
k127_199842	396	No	NA	1	0	0	Low-quality	Genome-fragment	1.0	AAI-based (medium-confidence)	0.0	1.0	no viral genes detected
k127_324532	1097	No	NA	3	1	0	Low-quality	Genome-fragment	2.45	AAI-based (medium-confidence)	0.0	1.0	
k127_200413	1319	No	NA	1	1	0	Low-quality	Genome-fragment	2.53	AAI-based (high-confidence)	0.0	1.0	
k127_137142	774	No	NA	3	0	0	Not-determined	Genome-fragment	NA	NA	0.0	1.0	no viral genes detected
k127_137175	951	No	NA	1	0	0	Low-quality	Genome-fragment	1.84	AAI-based (high-confidence)	0.0	1.0	no viral genes detected
k127_577207	553	No	NA	1	0	0	Not-determined	Genome-fragment	NA	NA	0.0	1.0	no viral genes detected
k127_201047	790	No	NA	2	1	0	Low-quality	Genome-fragment	1.12	HMM-based (lower-bound)	0.0	1.0	
k127_74922	629	No	NA	2	0	0	Low-quality	Genome-fragment	1.33	AAI-based (medium-confidence)	0.0	1.0	no viral genes detected
k127_201368	341	No	NA	1	0	0	Not-determined	Genome-fragment	NA	NA	0.0	1.0	no viral genes detected
k127_452169	754	No	NA	1	0	0	Low-quality	Genome-fragment	1.37	AAI-based (medium-confidence)	0.0	1.0	no viral genes detected
k127_263432	1071	No	NA	2	0	1	Not-determined	Genome-fragment	NA	NA	0.0	1.0	no viral genes detected
k127_75457	1047	No	NA	2	2	0	Low-quality	Genome-fragment	1.54	HMM-based (lower-bound)	0.0	1.05	
k127_138368	1062	No	NA	1	1	0	Low-quality	Genome-fragment	1.69	HMM-based (lower-bound)	0.0	1.0	
k127_138373	583	No	NA	1	0	0	Not-determined	Genome-fragment	NA	NA	0.0	1.0	no viral genes detected
k127_263933	444	No	NA	1	0	0	Not-determined	Genome-fragment	NA	NA	0.0	1.0	no viral genes detected
k127_13305	437	No	NA	1	0	0	Low-quality	Genome-fragment	0.97	AAI-based (medium-confidence)	0.0	1.03	no viral genes detected
k127_139215	328	No	NA	1	0	0	Not-determined	Genome-fragment	NA	NA	0.0	1.0	no viral genes detected
k127_139249	470	No	NA	1	0	0	Low-quality	Genome-fragment	0.9	AAI-based (medium-confidence)	0.0	1.0	no viral genes detected
k127_264554	329	No	NA	1	1	0	Low-quality	Genome-fragment	0.29	HMM-based (lower-bound)	0.0	1.0	
k127_76556	322	No	NA	1	0	0	Not-determined	Genome-fragment	NA	NA	0.0	1.0	no viral genes detected
k127_76886	322	No	NA	1	0	0	Low-quality	Genome-fragment	0.78	AAI-based (high-confidence)	0.0	1.0	no viral genes detected
k127_390888	382	No	NA	2	0	0	Not-determined	Genome-fragment	NA	NA	0.0	1.0	no viral genes detected
k127_203747	421	No	NA	1	1	0	Low-quality	Genome-fragment	0.25	HMM-based (lower-bound)	0.0	1.0	
k127_265344	394	No	NA	2	0	0	Not-determined	Genome-fragment	NA	NA	0.0	1.0	no viral genes detected
k127_516627	415	No	NA	1	0	0	Low-quality	Genome-fragment	0.97	AAI-based (medium-confidence)	0.0	1.0	no viral genes detected
k127_454636	673	No	NA	1	1	0	Low-quality	Genome-fragment	0.96	HMM-based (lower-bound)	0.0	1.0	
k127_203936	647	No	NA	1	1	0	Low-quality	Genome-fragment	0.6	HMM-based (lower-bound)	0.0	1.0	
k127_140372	616	No	NA	1	0	1	Low-quality	Genome-fragment	0.42	AAI-based (medium-confidence)	0.0	1.0	no viral genes detected
k127_265632	833	No	NA	1	0	0	Not-determined	Genome-fragment	NA	NA	0.0	1.0	no viral genes detected
k127_77516	2543	No	NA	3	0	1	Not-determined	Genome-fragment	NA	NA	0.0	1.0	no viral genes detected
k127_455277	687	No	NA	1	0	1	Not-determined	Genome-fragment	NA	NA	0.0	1.0	no viral genes detected
k127_391814	1020	No	NA	1	0	0	Not-determined	Genome-fragment	NA	NA	0.0	1.0	no viral genes detected
k127_140947	476	No	NA	1	0	0	Low-quality	Genome-fragment	0.54	AAI-based (medium-confidence)	0.0	1.0	no viral genes detected
k127_455691	2113	No	NA	1	0	1	Not-determined	Genome-fragment	NA	NA	0.0	1.0	no viral genes detected
k127_455760	524	No	NA	1	0	0	Not-determined	Genome-fragment	NA	NA	0.0	1.0	no viral genes detected
k127_329138	393	No	NA	2	2	0	Low-quality	Genome-fragment	0.6	HMM-based (lower-bound)	0.0	1.0	
k127_329443	474	No	NA	1	0	1	Not-determined	Genome-fragment	NA	NA	0.0	1.0	no viral genes detected
k127_205363	417	No	NA	1	0	0	Not-determined	Genome-fragment	NA	NA	0.0	1.0	no viral genes detected
k127_392620	595	No	NA	1	0	0	Not-determined	Genome-fragment	NA	NA	0.0	1.0	no viral genes detected
k127_78856	358	No	NA	1	0	0	Low-quality	Genome-fragment	0.96	AAI-based (medium-confidence)	0.0	1.0	no viral genes detected
k127_456718	610	No	NA	2	0	1	Not-determined	Genome-fragment	NA	NA	0.0	1.0	no viral genes detected
k127_519010	457	No	NA	1	0	0	Not-determined	Genome-fragment	NA	NA	0.0	1.0	no viral genes detected
k127_582964	320	No	NA	1	0	0	Not-determined	Genome-fragment	NA	NA	0.0	1.0	no viral genes detected
k127_268317	496	No	NA	2	0	0	Low-quality	Genome-fragment	1.0	AAI-based (high-confidence)	0.0	1.0	no viral genes detected
k127_80198	419	No	NA	1	0	0	Not-determined	Genome-fragment	NA	NA	0.0	1.0	no viral genes detected
k127_457792	999	No	NA	1	0	0	Not-determined	Genome-fragment	NA	NA	0.0	1.0	no viral genes detected
k127_80638	504	No	NA	1	0	0	Not-determined	Genome-fragment	NA	NA	0.0	1.0	no viral genes detected
k127_17928	361	No	NA	1	0	0	Not-determined	Genome-fragment	NA	NA	0.0	1.0	no viral genes detected
k127_583999	838	No	NA	1	1	0	Low-quality	Genome-fragment	1.57	AAI-based (medium-confidence)	0.0	1.0	
k127_207677	374	No	NA	1	0	0	Not-determined	Genome-fragment	NA	NA	0.0	1.0	no viral genes detected
k127_520314	492	No	NA	1	1	0	Low-quality	Genome-fragment	0.97	AAI-based (medium-confidence)	0.0	1.0	
k127_520471	1174	No	NA	1	1	0	Low-quality	Genome-fragment	0.81	HMM-based (lower-bound)	0.0	1.0	
k127_18692	1345	No	NA	2	0	1	Not-determined	Genome-fragment	NA	NA	0.0	1.0	no viral genes detected
k127_332406	1550	No	NA	1	0	0	Low-quality	Genome-fragment	3.12	AAI-based (medium-confidence)	0.0	1.0	no viral genes detected
k127_18969	326	No	NA	1	0	1	Not-determined	Genome-fragment	NA	NA	0.0	1.0	no viral genes detected
k127_521281	597	No	NA	1	0	0	Low-quality	Genome-fragment	1.18	AAI-based (medium-confidence)	0.0	1.0	no viral genes detected
k127_82180	603	No	NA	1	0	1	Not-determined	Genome-fragment	NA	NA	0.0	1.0	no viral genes detected
k127_333867	678	No	NA	2	0	0	Low-quality	Genome-fragment	1.56	AAI-based (medium-confidence)	0.0	1.0	no viral genes detected
k127_460918	551	No	NA	1	0	0	Not-determined	Genome-fragment	NA	NA	0.0	1.0	no viral genes detected
k127_586646	383	No	NA	1	0	0	Not-determined	Genome-fragment	NA	NA	0.0	1.0	no viral genes detected
k127_210606	361	No	NA	1	0	0	Not-determined	Genome-fragment	NA	NA	0.0	1.0	no viral genes detected
k127_146802	371	No	NA	1	1	0	Low-quality	Genome-fragment	0.5	HMM-based (lower-bound)	0.0	1.0	
k127_272029	1613	No	NA	3	0	0	Not-determined	Genome-fragment	NA	NA	0.0	1.0	no viral genes detected
k127_461650	324	No	NA	1	0	0	Low-quality	Genome-fragment	0.77	AAI-based (high-confidence)	0.0	1.0	no viral genes detected
k127_334653	323	No	NA	1	0	0	Not-determined	Genome-fragment	NA	NA	0.0	1.0	no viral genes detected
k127_84122	462	No	NA	1	0	0	Not-determined	Genome-fragment	NA	NA	0.0	1.0	no viral genes detected
k127_461935	540	No	NA	2	0	0	Low-quality	Genome-fragment	1.19	AAI-based (high-confidence)	0.0	1.0	no viral genes detected
k127_398420	501	No	NA	1	0	0	Low-quality	Genome-fragment	0.97	AAI-based (medium-confidence)	0.0	1.0	no viral genes detected
k127_524233	390	No	NA	1	0	0	Not-determined	Genome-fragment	NA	NA	0.0	1.0	no viral genes detected
k127_588369	633	No	NA	1	0	0	Low-quality	Genome-fragment	1.28	AAI-based (medium-confidence)	0.0	1.0	no viral genes detected
k127_84885	322	No	NA	1	0	0	Low-quality	Genome-fragment	0.45	AAI-based (medium-confidence)	0.0	1.0	no viral genes detected
k127_212409	407	No	NA	1	0	0	Not-determined	Genome-fragment	NA	NA	0.0	1.0	no viral genes detected
k127_273602	631	No	NA	2	1	0	Low-quality	Genome-fragment	1.01	HMM-based (lower-bound)	0.0	1.0	
k127_399281	524	No	NA	1	0	0	Not-determined	Genome-fragment	NA	NA	0.0	1.0	no viral genes detected
k127_148816	742	No	NA	1	0	0	Not-determined	Genome-fragment	NA	NA	0.0	1.0	no viral genes detected
k127_148892	1685	No	NA	2	0	0	Low-quality	Genome-fragment	3.15	AAI-based (medium-confidence)	0.0	1.08	no viral genes detected
k127_85848	310	No	NA	1	0	0	Low-quality	Genome-fragment	0.7	AAI-based (medium-confidence)	0.0	1.0	no viral genes detected
k127_85960	484	No	NA	2	1	0	Low-quality	Genome-fragment	0.78	AAI-based (medium-confidence)	0.0	1.0	
k127_589611	313	No	NA	1	0	0	Not-determined	Genome-fragment	NA	NA	0.0	1.0	no viral genes detected
k127_213559	601	No	NA	1	0	0	Not-determined	Genome-fragment	NA	NA	0.0	1.0	no viral genes detected
k127_275226	359	No	NA	1	0	0	Low-quality	Genome-fragment	0.79	AAI-based (medium-confidence)	0.0	1.0	no viral genes detected
k127_337789	451	No	NA	1	0	1	Not-determined	Genome-fragment	NA	NA	0.0	1.0	no viral genes detected
k127_465277	381	No	NA	1	0	0	Low-quality	Genome-fragment	0.31	AAI-based (medium-confidence)	0.0	1.0	no viral genes detected
k127_338002	532	No	NA	1	1	0	Low-quality	Genome-fragment	0.85	HMM-based (lower-bound)	0.0	1.0	
k127_465631	444	No	NA	1	1	0	Low-quality	Genome-fragment	0.66	AAI-based (medium-confidence)	0.0	1.0	
k127_591744	424	No	NA	1	0	0	Not-determined	Genome-fragment	NA	NA	0.0	1.0	no viral genes detected
k127_402214	362	No	NA	1	1	0	Low-quality	Genome-fragment	0.52	HMM-based (lower-bound)	0.0	1.0	
k127_215756	375	No	NA	1	1	0	Low-quality	Genome-fragment	0.34	HMM-based (lower-bound)	0.0	1.0	
k127_466582	539	No	NA	2	0	0	Not-determined	Genome-fragment	NA	NA	0.0	1.0	no viral genes detected
k127_151858	335	No	NA	1	0	0	Not-determined	Genome-fragment	NA	NA	0.0	1.0	no viral genes detected
k127_528408	403	No	NA	1	0	1	Not-determined	Genome-fragment	NA	NA	0.0	1.0	no viral genes detected
k127_26177	324	No	NA	1	1	0	Low-quality	Genome-fragment	0.36	HMM-based (lower-bound)	0.0	1.0	
k127_277822	527	No	NA	1	0	0	Not-determined	Genome-fragment	NA	NA	0.0	1.0	no viral genes detected
k127_593358	379	No	NA	1	1	0	Low-quality	Genome-fragment	0.54	HMM-based (lower-bound)	0.0	1.0	
k127_26770	418	No	NA	1	0	0	Not-determined	Genome-fragment	NA	NA	0.0	1.0	no viral genes detected
k127_153194	5637	No	NA	6	0	2	Not-determined	Genome-fragment	NA	NA	0.0	1.0	no viral genes detected
k127_593879	442	No	NA	1	1	0	Low-quality	Genome-fragment	0.36	HMM-based (lower-bound)	0.0	1.0	
k127_468314	384	No	NA	1	0	0	Low-quality	Genome-fragment	0.87	AAI-based (high-confidence)	0.0	1.0	no viral genes detected
k127_468580	364	No	NA	1	1	0	Low-quality	Genome-fragment	0.91	AAI-based (medium-confidence)	0.0	1.0	
k127_529764	412	No	NA	1	1	0	Low-quality	Genome-fragment	0.59	HMM-based (lower-bound)	0.0	1.0	
k127_153949	765	No	NA	2	1	0	Low-quality	Genome-fragment	0.79	AAI-based (medium-confidence)	0.0	1.0	
k127_341384	726	No	NA	1	0	1	Not-determined	Genome-fragment	NA	NA	0.0	1.0	no viral genes detected
k127_218495	439	No	NA	2	0	0	Low-quality	Genome-fragment	1.02	AAI-based (medium-confidence)	0.0	1.0	no viral genes detected
k127_404982	308	No	NA	2	1	0	Low-quality	Genome-fragment	0.34	HMM-based (lower-bound)	0.0	1.0	
k127_594994	461	No	NA	1	0	0	Not-determined	Genome-fragment	NA	NA	0.0	1.0	no viral genes detected
k127_279530	374	No	NA	1	0	0	Not-determined	Genome-fragment	NA	NA	0.0	1.0	no viral genes detected
k127_279533	1461	No	NA	3	2	0	Low-quality	Genome-fragment	2.58	HMM-based (lower-bound)	0.0	1.0	
k127_341999	341	No	NA	1	0	0	Low-quality	Genome-fragment	0.7	AAI-based (medium-confidence)	0.0	1.0	no viral genes detected
k127_595514	614	No	NA	2	0	0	Low-quality	Genome-fragment	1.22	AAI-based (medium-confidence)	0.0	1.0	no viral genes detected
k127_280694	310	No	NA	1	0	0	Not-determined	Genome-fragment	NA	NA	0.0	1.0	no viral genes detected
k127_92696	338	No	NA	1	0	0	Low-quality	Genome-fragment	0.82	AAI-based (medium-confidence)	0.0	1.0	no viral genes detected
k127_406713	648	No	NA	1	1	0	Low-quality	Genome-fragment	1.14	AAI-based (medium-confidence)	0.0	1.0	
k127_596712	354	No	NA	1	0	0	Low-quality	Genome-fragment	0.24	AAI-based (medium-confidence)	0.0	1.0	no viral genes detected
k127_155980	338	No	NA	1	0	0	Not-determined	Genome-fragment	NA	NA	0.0	1.0	no viral genes detected
k127_406744	1095	No	NA	3	2	0	Low-quality	Genome-fragment	0.8	HMM-based (lower-bound)	0.0	1.0	
k127_596881	436	No	NA	1	0	0	Low-quality	Genome-fragment	0.93	AAI-based (medium-confidence)	0.0	1.0	no viral genes detected
k127_92929	357	No	NA	1	1	0	Low-quality	Genome-fragment	0.51	HMM-based (lower-bound)	0.0	1.0	
k127_30084	830	No	NA	1	0	0	Not-determined	Genome-fragment	NA	NA	0.0	1.0	no viral genes detected
k127_156212	793	No	NA	1	0	0	Low-quality	Genome-fragment	1.54	AAI-based (medium-confidence)	0.0	1.0	no viral genes detected
k127_281316	370	No	NA	1	0	0	Not-determined	Genome-fragment	NA	NA	0.0	1.0	no viral genes detected
k127_281487	556	No	NA	1	0	0	Not-determined	Genome-fragment	NA	NA	0.0	1.0	no viral genes detected
k127_471870	417	No	NA	1	0	0	Low-quality	Genome-fragment	0.85	AAI-based (medium-confidence)	0.0	1.0	no viral genes detected
k127_93726	441	No	NA	2	0	0	Not-determined	Genome-fragment	NA	NA	0.0	1.0	no viral genes detected
k127_281886	347	No	NA	1	1	0	Low-quality	Genome-fragment	0.14	HMM-based (lower-bound)	0.0	1.0	
k127_472489	474	No	NA	1	0	0	Not-determined	Genome-fragment	NA	NA	0.0	1.0	no viral genes detected
k127_157259	351	No	NA	1	0	0	Not-determined	Genome-fragment	NA	NA	0.0	1.0	no viral genes detected
k127_344750	494	No	NA	1	0	0	Not-determined	Genome-fragment	NA	NA	0.0	1.0	no viral genes detected
k127_344846	459	No	NA	1	1	0	Low-quality	Genome-fragment	0.8	AAI-based (medium-confidence)	0.0	1.0	
k127_282586	657	No	NA	1	0	1	Not-determined	Genome-fragment	NA	NA	0.0	1.0	no viral genes detected
k127_345390	521	No	NA	1	0	1	Not-determined	Genome-fragment	NA	NA	0.0	1.0	no viral genes detected
k127_158129	434	No	NA	1	0	1	Not-determined	Genome-fragment	NA	NA	0.0	1.0	no viral genes detected
k127_599560	325	No	NA	1	0	0	Not-determined	Genome-fragment	NA	NA	0.0	1.0	no viral genes detected
k127_534898	739	No	NA	2	0	0	Not-determined	Genome-fragment	NA	NA	0.0	1.0	no viral genes detected
k127_283748	589	No	NA	1	1	0	Low-quality	Genome-fragment	1.13	HMM-based (lower-bound)	0.0	1.0	
k127_534975	436	No	NA	1	0	0	Low-quality	Genome-fragment	0.95	AAI-based (medium-confidence)	0.0	1.0	no viral genes detected
k127_284098	311	No	NA	1	0	0	Not-determined	Genome-fragment	NA	NA	0.0	1.0	no viral genes detected
k127_474670	664	No	NA	1	0	0	Not-determined	Genome-fragment	NA	NA	0.0	1.0	no viral genes detected
k127_159124	385	No	NA	2	0	0	Not-determined	Genome-fragment	NA	NA	0.0	1.0	no viral genes detected
k127_410036	370	No	NA	1	1	0	Low-quality	Genome-fragment	0.53	HMM-based (lower-bound)	0.0	1.0	
k127_33364	549	No	NA	1	0	1	Not-determined	Genome-fragment	NA	NA	0.0	1.0	no viral genes detected
k127_410081	852	No	NA	2	1	0	Low-quality	Genome-fragment	1.64	AAI-based (medium-confidence)	0.0	1.0	
k127_600485	633	No	NA	1	1	0	Low-quality	Genome-fragment	0.75	AAI-based (medium-confidence)	0.0	1.0	
k127_96710	441	No	NA	1	0	0	Not-determined	Genome-fragment	NA	NA	0.0	1.0	no viral genes detected
k127_285005	346	No	NA	1	0	0	Not-determined	Genome-fragment	NA	NA	0.0	1.0	no viral genes detected
k127_601042	485	No	NA	1	0	0	Not-determined	Genome-fragment	NA	NA	0.0	1.0	no viral genes detected
k127_160134	501	No	NA	2	0	0	Low-quality	Genome-fragment	0.6	AAI-based (medium-confidence)	0.0	1.0	no viral genes detected
k127_34193	378	No	NA	1	0	0	Not-determined	Genome-fragment	NA	NA	0.0	1.0	no viral genes detected
k127_601283	393	No	NA	1	0	0	Low-quality	Genome-fragment	0.92	AAI-based (medium-confidence)	0.0	1.0	no viral genes detected
k127_347919	381	No	NA	1	0	0	Low-quality	Genome-fragment	0.69	AAI-based (medium-confidence)	0.0	1.0	no viral genes detected
k127_97494	474	No	NA	1	0	0	Low-quality	Genome-fragment	0.98	AAI-based (medium-confidence)	0.0	1.0	no viral genes detected
k127_476814	1275	No	NA	3	0	0	Low-quality	Genome-fragment	2.61	AAI-based (medium-confidence)	0.0	1.03	no viral genes detected
k127_537529	388	No	NA	1	0	0	Not-determined	Genome-fragment	NA	NA	0.0	1.0	no viral genes detected
k127_161503	349	No	NA	1	0	0	Low-quality	Genome-fragment	0.86	AAI-based (high-confidence)	0.0	1.0	no viral genes detected
k127_226457	547	No	NA	1	0	0	Not-determined	Genome-fragment	NA	NA	0.0	1.0	no viral genes detected
k127_477826	776	No	NA	1	0	0	Low-quality	Genome-fragment	1.39	AAI-based (medium-confidence)	0.0	1.0	no viral genes detected
k127_603139	706	No	NA	2	1	0	Low-quality	Genome-fragment	1.84	AAI-based (medium-confidence)	0.0	1.0	
k127_36119	398	No	NA	1	1	0	Low-quality	Genome-fragment	0.54	HMM-based (lower-bound)	0.0	1.0	
k127_603346	314	No	NA	1	1	0	Low-quality	Genome-fragment	0.72	AAI-based (medium-confidence)	0.0	1.0	
k127_162766	824	No	NA	1	0	1	Not-determined	Genome-fragment	NA	NA	0.0	1.0	no viral genes detected
k127_478674	693	No	NA	1	0	1	Not-determined	Genome-fragment	NA	NA	0.0	1.0	no viral genes detected
k127_350568	639	No	NA	1	0	0	Not-determined	Genome-fragment	NA	NA	0.0	1.0	no viral genes detected
k127_350987	508	No	NA	2	0	0	Low-quality	Genome-fragment	1.09	AAI-based (high-confidence)	0.0	1.0	no viral genes detected
k127_228892	312	No	NA	1	1	0	Low-quality	Genome-fragment	0.28	HMM-based (lower-bound)	0.0	1.0	
k127_100595	734	No	NA	1	0	0	Low-quality	Genome-fragment	1.56	AAI-based (medium-confidence)	0.0	1.0	no viral genes detected
k127_479702	495	No	NA	1	0	0	Low-quality	Genome-fragment	1.11	AAI-based (medium-confidence)	0.0	1.0	no viral genes detected
k127_228943	453	No	NA	1	0	0	Low-quality	Genome-fragment	0.95	AAI-based (medium-confidence)	0.0	1.0	no viral genes detected
k127_414742	309	No	NA	1	1	0	Low-quality	Genome-fragment	0.25	HMM-based (lower-bound)	0.0	1.0	
k127_229175	731	No	NA	1	1	0	Low-quality	Genome-fragment	1.33	AAI-based (medium-confidence)	0.0	1.0	
k127_351531	2809	No	NA	2	0	2	Not-determined	Genome-fragment	NA	NA	0.0	1.0	no viral genes detected
k127_38509	452	No	NA	1	0	0	Low-quality	Genome-fragment	0.98	AAI-based (medium-confidence)	0.0	1.0	no viral genes detected
k127_540913	500	No	NA	1	0	0	Low-quality	Genome-fragment	1.0	AAI-based (medium-confidence)	0.0	1.0	no viral genes detected
k127_541084	469	No	NA	1	0	0	Not-determined	Genome-fragment	NA	NA	0.0	1.0	no viral genes detected
k127_230205	394	No	NA	1	0	0	Not-determined	Genome-fragment	NA	NA	0.0	1.0	no viral genes detected
k127_230545	333	No	NA	1	0	0	Not-determined	Genome-fragment	NA	NA	0.0	1.0	no viral genes detected
k127_290735	470	No	NA	1	0	0	Not-determined	Genome-fragment	NA	NA	0.0	1.0	no viral genes detected
k127_230961	377	No	NA	1	0	0	Not-determined	Genome-fragment	NA	NA	0.0	1.0	no viral genes detected
k127_39803	421	No	NA	1	0	0	Not-determined	Genome-fragment	NA	NA	0.0	1.0	no viral genes detected
k127_607134	461	No	NA	2	1	0	Low-quality	Genome-fragment	1.11	AAI-based (high-confidence)	0.0	1.0	
k127_482064	389	No	NA	1	0	0	Low-quality	Genome-fragment	0.96	AAI-based (medium-confidence)	0.0	1.0	no viral genes detected
k127_607891	744	No	NA	2	0	0	Low-quality	Genome-fragment	1.55	AAI-based (medium-confidence)	0.0	1.0	no viral genes detected
k127_167015	346	No	NA	1	1	0	Low-quality	Genome-fragment	0.39	HMM-based (lower-bound)	0.0	1.0	
k127_40792	512	No	NA	1	0	0	Not-determined	Genome-fragment	NA	NA	0.0	1.0	no viral genes detected
k127_167250	1103	No	NA	1	1	0	Low-quality	Genome-fragment	2.35	AAI-based (medium-confidence)	0.0	1.0	
k127_543618	473	No	NA	1	0	0	Not-determined	Genome-fragment	NA	NA	0.0	1.0	no viral genes detected
k127_168046	369	No	NA	1	1	0	Low-quality	Genome-fragment	0.41	HMM-based (lower-bound)	0.0	1.0	
k127_544402	1168	No	NA	1	1	0	Low-quality	Genome-fragment	2.65	AAI-based (medium-confidence)	0.0	1.0	
k127_168516	341	No	NA	1	1	0	Low-quality	Genome-fragment	0.48	AAI-based (medium-confidence)	0.0	1.0	
k127_168568	412	No	NA	1	1	0	Low-quality	Genome-fragment	0.59	HMM-based (lower-bound)	0.0	1.0	
k127_544741	389	No	NA	1	0	0	Not-determined	Genome-fragment	NA	NA	0.0	1.0	no viral genes detected
k127_484862	704	No	NA	1	1	0	Low-quality	Genome-fragment	1.19	AAI-based (high-confidence)	0.0	1.0	
k127_293940	384	No	NA	1	0	0	Not-determined	Genome-fragment	NA	NA	0.0	1.0	no viral genes detected
k127_485033	382	No	NA	1	0	0	Not-determined	Genome-fragment	NA	NA	0.0	1.01	no viral genes detected
k127_420069	904	No	NA	2	0	0	Not-determined	Genome-fragment	NA	NA	0.0	1.0	no viral genes detected
k127_485615	510	No	NA	1	0	0	Not-determined	Genome-fragment	NA	NA	0.0	1.0	no viral genes detected
k127_420210	545	No	NA	1	0	0	Not-determined	Genome-fragment	NA	NA	0.0	1.0	no viral genes detected
k127_294610	827	No	NA	2	0	0	Not-determined	Genome-fragment	NA	NA	0.0	1.0	no viral genes detected
k127_545883	692	No	NA	2	1	0	Low-quality	Genome-fragment	0.99	HMM-based (lower-bound)	0.0	1.0	
k127_357234	344	No	NA	1	0	0	Not-determined	Genome-fragment	NA	NA	0.0	1.0	no viral genes detected
k127_357391	303	No	NA	1	0	0	Not-determined	Genome-fragment	NA	NA	0.0	1.0	no viral genes detected
k127_44230	476	No	NA	1	0	1	Not-determined	Genome-fragment	NA	NA	0.0	1.0	no viral genes detected
k127_357670	368	No	NA	1	0	0	Not-determined	Genome-fragment	NA	NA	0.0	1.0	no viral genes detected
k127_611961	651	No	NA	3	0	0	Low-quality	Genome-fragment	1.5	AAI-based (medium-confidence)	0.0	1.0	no viral genes detected
k127_612080	388	No	NA	1	0	0	Low-quality	Genome-fragment	0.81	AAI-based (medium-confidence)	0.0	1.0	no viral genes detected
k127_236151	392	No	NA	1	0	0	Low-quality	Genome-fragment	0.79	AAI-based (medium-confidence)	0.0	1.0	no viral genes detected
k127_357909	355	No	NA	1	1	0	Low-quality	Genome-fragment	0.4	HMM-based (lower-bound)	0.0	1.0	
k127_421318	431	No	NA	2	2	0	Low-quality	Genome-fragment	0.52	AAI-based (high-confidence)	0.0	1.0	
k127_236310	329	No	NA	1	1	0	Low-quality	Genome-fragment	0.56	HMM-based (lower-bound)	0.0	1.0	
k127_295782	558	No	NA	1	1	0	Low-quality	Genome-fragment	0.58	AAI-based (medium-confidence)	0.0	1.0	
k127_421540	335	No	NA	1	0	0	Low-quality	Genome-fragment	0.38	AAI-based (high-confidence)	0.0	1.0	no viral genes detected
k127_236541	1372	No	NA	1	0	0	Not-determined	Genome-fragment	NA	NA	0.0	1.0	no viral genes detected
k127_171356	616	No	NA	2	0	0	Not-determined	Genome-fragment	NA	NA	0.0	1.0	no viral genes detected
k127_296367	320	No	NA	1	1	0	Low-quality	Genome-fragment	0.58	AAI-based (medium-confidence)	0.0	1.0	
k127_422107	462	No	NA	1	0	0	Low-quality	Genome-fragment	0.96	AAI-based (medium-confidence)	0.0	1.0	no viral genes detected
k127_422482	936	No	NA	1	0	1	Not-determined	Genome-fragment	NA	NA	0.0	1.0	no viral genes detected
k127_296940	315	No	NA	1	0	0	Not-determined	Genome-fragment	NA	NA	0.0	1.0	no viral genes detected
k127_613517	330	No	NA	1	0	0	Low-quality	Genome-fragment	0.74	AAI-based (medium-confidence)	0.0	1.0	no viral genes detected
k127_296978	622	No	NA	1	0	0	Not-determined	Genome-fragment	NA	NA	0.0	1.0	no viral genes detected
k127_613700	406	No	NA	1	0	0	Low-quality	Genome-fragment	0.46	AAI-based (medium-confidence)	0.0	1.0	no viral genes detected
k127_237802	619	No	NA	1	0	0	Not-determined	Genome-fragment	NA	NA	0.0	1.0	no viral genes detected
k127_488677	467	No	NA	1	0	0	Low-quality	Genome-fragment	0.93	AAI-based (high-confidence)	0.0	1.0	no viral genes detected
k127_109649	303	No	NA	1	0	0	Not-determined	Genome-fragment	NA	NA	0.0	1.0	no viral genes detected
k127_614541	825	No	NA	2	1	0	Low-quality	Genome-fragment	1.17	HMM-based (lower-bound)	0.0	1.0	
k127_46876	1402	No	NA	3	0	0	Not-determined	Genome-fragment	NA	NA	0.0	1.0	no viral genes detected
k127_109881	678	No	NA	1	0	0	Not-determined	Genome-fragment	NA	NA	0.0	1.0	no viral genes detected
k127_423933	356	No	NA	1	0	0	Low-quality	Genome-fragment	0.83	AAI-based (high-confidence)	0.0	1.0	no viral genes detected
k127_489827	323	No	NA	1	0	0	Not-determined	Genome-fragment	NA	NA	0.0	1.0	no viral genes detected
k127_298533	609	No	NA	1	1	0	Low-quality	Genome-fragment	1.05	AAI-based (medium-confidence)	0.0	1.0	
k127_110352	458	No	NA	1	1	0	Low-quality	Genome-fragment	0.6	HMM-based (lower-bound)	0.0	1.0	
k127_110650	457	No	NA	1	0	0	Not-determined	Genome-fragment	NA	NA	0.0	1.01	no viral genes detected
k127_361328	382	No	NA	1	1	0	Low-quality	Genome-fragment	0.57	HMM-based (lower-bound)	0.0	1.0	
k127_424718	334	No	NA	1	1	0	Low-quality	Genome-fragment	0.3	HMM-based (lower-bound)	0.0	1.0	
k127_48193	376	No	NA	1	1	0	Low-quality	Genome-fragment	0.18	HMM-based (lower-bound)	0.0	1.0	
k127_175047	302	No	NA	1	0	0	Low-quality	Genome-fragment	0.2	AAI-based (medium-confidence)	0.0	1.0	no viral genes detected
k127_426161	477	No	NA	1	0	0	Low-quality	Genome-fragment	0.88	AAI-based (medium-confidence)	0.0	1.0	no viral genes detected
k127_112319	776	No	NA	1	0	0	Low-quality	Genome-fragment	1.44	AAI-based (medium-confidence)	0.0	1.0	no viral genes detected
k127_492233	503	No	NA	1	0	0	Not-determined	Genome-fragment	NA	NA	0.0	1.0	no viral genes detected
k127_426498	351	No	NA	1	0	0	Not-determined	Genome-fragment	NA	NA	0.0	1.0	no viral genes detected
k127_552182	340	No	NA	1	0	0	Not-determined	Genome-fragment	NA	NA	0.0	1.0	no viral genes detected
k127_492696	347	No	NA	1	1	0	Low-quality	Genome-fragment	0.14	HMM-based (lower-bound)	0.0	1.0	
k127_176650	500	No	NA	1	1	0	Low-quality	Genome-fragment	0.45	HMM-based (lower-bound)	0.0	1.0	
k127_363882	355	No	NA	1	0	0	Not-determined	Genome-fragment	NA	NA	0.0	1.0	no viral genes detected
k127_301927	1211	No	NA	1	1	0	Low-quality	Genome-fragment	2.35	AAI-based (medium-confidence)	0.0	1.0	
k127_493437	731	No	NA	1	1	0	Low-quality	Genome-fragment	1.04	HMM-based (lower-bound)	0.0	1.0	
k127_619162	1980	No	NA	1	0	0	Low-quality	Genome-fragment	3.92	AAI-based (medium-confidence)	0.0	1.0	no viral genes detected
k127_243575	310	No	NA	1	0	0	Not-determined	Genome-fragment	NA	NA	0.0	1.0	no viral genes detected
k127_243803	885	No	NA	2	2	0	Low-quality	Genome-fragment	1.06	HMM-based (lower-bound)	0.0	1.0	
k127_494809	436	No	NA	1	0	0	Not-determined	Genome-fragment	NA	NA	0.0	1.0	no viral genes detected
k127_428905	561	No	NA	1	1	0	Low-quality	Genome-fragment	0.23	HMM-based (lower-bound)	0.0	1.0	
k127_178845	2573	No	NA	1	0	1	Low-quality	Genome-fragment	1.35	AAI-based (medium-confidence)	0.0	1.0	no viral genes detected
k127_365904	430	No	NA	1	1	0	Low-quality	Genome-fragment	0.3	HMM-based (lower-bound)	0.0	1.0	
k127_429224	711	No	NA	1	1	0	Low-quality	Genome-fragment	1.43	AAI-based (medium-confidence)	0.0	1.0	
k127_620613	765	No	NA	1	1	0	Low-quality	Genome-fragment	1.09	HMM-based (lower-bound)	0.0	1.0	
k127_620936	476	No	NA	1	0	0	Not-determined	Genome-fragment	NA	NA	0.0	1.0	no viral genes detected
k127_245354	472	No	NA	1	0	0	Low-quality	Genome-fragment	1.09	AAI-based (medium-confidence)	0.0	1.0	no viral genes detected
k127_245381	347	No	NA	1	0	0	Not-determined	Genome-fragment	NA	NA	0.0	1.0	no viral genes detected
k127_245699	562	No	NA	2	0	0	Not-determined	Genome-fragment	NA	NA	0.0	1.0	no viral genes detected
k127_555659	688	No	NA	2	1	0	Low-quality	Genome-fragment	0.67	AAI-based (medium-confidence)	0.0	1.0	
k127_496472	1481	No	NA	2	1	0	Low-quality	Genome-fragment	1.36	HMM-based (lower-bound)	0.0	1.0	
k127_496934	917	No	NA	1	0	1	Not-determined	Genome-fragment	NA	NA	0.0	1.0	no viral genes detected
k127_305265	476	No	NA	1	1	0	Low-quality	Genome-fragment	0.43	HMM-based (lower-bound)	0.0	1.0	
k127_622568	586	No	NA	1	0	0	Low-quality	Genome-fragment	1.18	AAI-based (medium-confidence)	0.0	1.0	no viral genes detected
k127_54658	437	No	NA	1	0	0	Low-quality	Genome-fragment	0.25	AAI-based (medium-confidence)	0.0	1.0	no viral genes detected
k127_54797	336	No	NA	1	1	0	Low-quality	Genome-fragment	0.46	HMM-based (lower-bound)	0.0	1.0	
k127_247196	804	No	NA	1	1	0	Low-quality	Genome-fragment	1.13	HMM-based (lower-bound)	0.0	1.0	
k127_432236	383	No	NA	1	1	0	Low-quality	Genome-fragment	0.52	HMM-based (lower-bound)	0.0	1.0	
k127_557951	367	No	NA	1	0	0	Low-quality	Genome-fragment	0.76	AAI-based (medium-confidence)	0.0	1.0	no viral genes detected
k127_119141	318	No	NA	1	1	0	Low-quality	Genome-fragment	0.35	HMM-based (lower-bound)	0.0	1.0	
k127_119476	304	No	NA	1	0	0	Not-determined	Genome-fragment	NA	NA	0.0	1.0	no viral genes detected
k127_433196	333	No	NA	1	0	0	Low-quality	Genome-fragment	0.83	AAI-based (medium-confidence)	0.0	1.0	no viral genes detected
k127_433249	654	No	NA	1	0	1	Low-quality	Genome-fragment	1.26	AAI-based (medium-confidence)	0.0	1.0	no viral genes detected
k127_499801	435	No	NA	1	1	0	Low-quality	Genome-fragment	0.67	HMM-based (lower-bound)	0.0	1.0	
k127_57655	523	No	NA	1	0	0	Not-determined	Genome-fragment	NA	NA	0.0	1.0	no viral genes detected
k127_626223	1511	No	NA	3	1	0	Low-quality	Genome-fragment	2.15	HMM-based (lower-bound)	0.0	1.0	
k127_58186	380	No	NA	1	1	0	Low-quality	Genome-fragment	1.09	AAI-based (medium-confidence)	0.0	1.0	
k127_626799	688	No	NA	1	0	0	Low-quality	Genome-fragment	1.34	AAI-based (medium-confidence)	0.0	1.0	no viral genes detected
k127_501586	309	No	NA	1	0	0	Low-quality	Genome-fragment	0.74	AAI-based (medium-confidence)	0.0	1.0	no viral genes detected
k127_185195	430	No	NA	1	0	0	Not-determined	Genome-fragment	NA	NA	0.0	1.0	no viral genes detected
k127_185752	818	No	NA	1	0	0	Low-quality	Genome-fragment	0.34	AAI-based (high-confidence)	0.0	1.0	no viral genes detected
k127_59942	560	No	NA	1	0	0	Not-determined	Genome-fragment	NA	NA	0.0	1.0	no viral genes detected
k127_563002	500	No	NA	1	0	0	Not-determined	Genome-fragment	NA	NA	0.0	1.0	no viral genes detected
k127_563759	633	No	NA	2	1	0	Low-quality	Genome-fragment	1.26	AAI-based (medium-confidence)	0.0	1.0	
k127_564406	301	No	NA	2	0	0	Not-determined	Genome-fragment	NA	NA	0.0	1.0	no viral genes detected
k127_375628	496	No	NA	1	0	0	Low-quality	Genome-fragment	1.12	AAI-based (medium-confidence)	0.0	1.0	no viral genes detected
k127_313270	732	No	NA	2	0	1	Not-determined	Genome-fragment	NA	NA	0.0	1.0	no viral genes detected
k127_313317	1208	No	NA	2	1	0	Low-quality	Genome-fragment	2.01	AAI-based (high-confidence)	0.0	1.0	
k127_438886	656	No	NA	1	1	0	Low-quality	Genome-fragment	0.54	HMM-based (lower-bound)	0.0	1.0	
