contig_id	contig_length	provirus	proviral_length	gene_count	viral_genes	host_genes	checkv_quality	miuvig_quality	completeness	completeness_method	contamination	kmer_freq	warnings
k127_76775	554	No	NA	2	1	0	Low-quality	Genome-fragment	0.79	HMM-based (lower-bound)	0.0	1.0	
k127_267980	331	No	NA	1	1	0	Low-quality	Genome-fragment	0.47	HMM-based (lower-bound)	0.0	1.0	
k127_993	471	No	NA	1	1	0	Low-quality	Genome-fragment	0.25	HMM-based (lower-bound)	0.0	1.0	
k127_268566	485	No	NA	1	0	1	Not-determined	Genome-fragment	NA	NA	0.0	1.0	no viral genes detected
k127_191971	627	No	NA	1	1	0	Low-quality	Genome-fragment	0.88	HMM-based (lower-bound)	0.0	1.0	
k127_268772	391	No	NA	1	0	0	Low-quality	Genome-fragment	0.88	AAI-based (medium-confidence)	0.0	1.0	no viral genes detected
k127_1568	351	No	NA	1	0	0	Low-quality	Genome-fragment	0.7	AAI-based (medium-confidence)	0.0	1.0	no viral genes detected
k127_116336	384	No	NA	1	0	0	Low-quality	Genome-fragment	0.75	AAI-based (medium-confidence)	0.0	1.0	no viral genes detected
k127_231269	329	No	NA	2	1	0	Low-quality	Genome-fragment	0.23	HMM-based (lower-bound)	0.0	1.0	
k127_307780	762	No	NA	1	1	0	Low-quality	Genome-fragment	1.51	AAI-based (medium-confidence)	0.0	1.0	
k127_155081	307	No	NA	1	0	0	Not-determined	Genome-fragment	NA	NA	0.0	1.0	no viral genes detected
k127_345852	1006	No	NA	3	0	0	Not-determined	Genome-fragment	NA	NA	0.0	1.0	no viral genes detected
k127_193179	416	No	NA	1	0	0	Not-determined	Genome-fragment	NA	NA	0.0	1.0	no viral genes detected
k127_2474	503	No	NA	1	0	0	Not-determined	Genome-fragment	NA	NA	0.0	1.0	no viral genes detected
k127_346270	1028	No	NA	1	0	0	Low-quality	Genome-fragment	1.97	AAI-based (medium-confidence)	0.0	1.0	no viral genes detected
k127_2941	711	No	NA	1	0	1	Not-determined	Genome-fragment	NA	NA	0.0	1.0	no viral genes detected
k127_3103	355	No	NA	1	0	0	Not-determined	Genome-fragment	NA	NA	0.0	1.0	no viral genes detected
k127_156051	394	No	NA	1	0	0	Not-determined	Genome-fragment	NA	NA	0.0	1.0	no viral genes detected
k127_117919	480	No	NA	1	0	0	Low-quality	Genome-fragment	0.96	AAI-based (medium-confidence)	0.0	1.0	no viral genes detected
k127_346928	427	No	NA	1	0	0	Not-determined	Genome-fragment	NA	NA	0.0	1.0	no viral genes detected
k127_156542	410	No	NA	1	1	0	Low-quality	Genome-fragment	0.44	HMM-based (lower-bound)	0.0	1.0	
k127_194464	476	No	NA	1	0	0	Low-quality	Genome-fragment	1.04	AAI-based (medium-confidence)	0.0	1.0	no viral genes detected
k127_194652	1838	No	NA	4	0	0	Low-quality	Genome-fragment	4.28	AAI-based (medium-confidence)	0.0	1.0	no viral genes detected
k127_309522	319	No	NA	1	0	0	Not-determined	Genome-fragment	NA	NA	0.0	1.0	no viral genes detected
k127_4131	999	No	NA	1	0	1	Not-determined	Genome-fragment	NA	NA	0.0	1.0	no viral genes detected
k127_194956	806	No	NA	2	1	0	Low-quality	Genome-fragment	1.85	AAI-based (medium-confidence)	0.0	1.0	
k127_42511	393	No	NA	1	1	0	Low-quality	Genome-fragment	0.27	HMM-based (lower-bound)	0.0	1.0	
k127_4319	418	No	NA	1	0	0	Low-quality	Genome-fragment	0.82	AAI-based (medium-confidence)	0.0	1.0	no viral genes detected
k127_195193	2830	No	NA	1	1	0	Low-quality	Genome-fragment	26.38	HMM-based (lower-bound)	0.0	1.0	
k127_5603	739	No	NA	1	0	1	Not-determined	Genome-fragment	NA	NA	0.0	1.0	no viral genes detected
k127_5851	2415	No	NA	3	1	0	Low-quality	Genome-fragment	1.25	HMM-based (lower-bound)	0.0	1.0	
k127_44224	671	No	NA	1	0	0	Low-quality	Genome-fragment	1.46	AAI-based (medium-confidence)	0.0	1.0	no viral genes detected
k127_235531	371	No	NA	1	0	0	Not-determined	Genome-fragment	NA	NA	0.0	1.0	no viral genes detected
k127_158803	343	No	NA	1	1	0	Low-quality	Genome-fragment	0.49	HMM-based (lower-bound)	0.0	1.0	
k127_158804	342	No	NA	1	1	0	Low-quality	Genome-fragment	0.49	HMM-based (lower-bound)	0.0	1.0	
k127_273725	866	No	NA	3	0	0	Low-quality	Genome-fragment	1.68	AAI-based (medium-confidence)	0.0	1.0	no viral genes detected
k127_349696	1099	No	NA	2	1	0	Low-quality	Genome-fragment	0.82	HMM-based (lower-bound)	0.0	1.0	
k127_121082	418	No	NA	1	1	0	Low-quality	Genome-fragment	0.45	HMM-based (lower-bound)	0.0	1.0	
k127_197858	1156	No	NA	1	0	1	Not-determined	Genome-fragment	NA	NA	0.0	1.0	no viral genes detected
k127_236501	352	No	NA	1	1	0	Low-quality	Genome-fragment	0.67	HMM-based (lower-bound)	0.0	1.0	
k127_274734	331	No	NA	1	1	0	Low-quality	Genome-fragment	0.59	AAI-based (medium-confidence)	0.0	1.0	
k127_198426	383	No	NA	1	1	0	Low-quality	Genome-fragment	0.7	AAI-based (medium-confidence)	0.0	1.0	
k127_350786	701	No	NA	1	0	0	Not-determined	Genome-fragment	NA	NA	0.0	1.0	no viral genes detected
k127_122247	392	No	NA	1	0	0	Low-quality	Genome-fragment	0.46	AAI-based (medium-confidence)	0.0	1.0	no viral genes detected
k127_84461	618	No	NA	2	0	0	Not-determined	Genome-fragment	NA	NA	0.0	1.0	no viral genes detected
k127_7915	304	No	NA	1	1	0	Low-quality	Genome-fragment	0.29	AAI-based (high-confidence)	0.0	1.0	
k127_46106	479	No	NA	1	0	0	Not-determined	Genome-fragment	NA	NA	0.0	1.0	no viral genes detected
k127_313117	482	No	NA	1	0	0	Low-quality	Genome-fragment	0.33	AAI-based (medium-confidence)	0.0	1.0	no viral genes detected
k127_8328	411	No	NA	1	0	0	Low-quality	Genome-fragment	0.84	AAI-based (medium-confidence)	0.0	1.0	no viral genes detected
k127_46598	1119	No	NA	1	0	0	Not-determined	Genome-fragment	NA	NA	0.0	1.0	no viral genes detected
k127_122962	664	No	NA	1	1	0	Low-quality	Genome-fragment	1.15	AAI-based (medium-confidence)	0.0	1.0	
k127_351508	631	No	NA	1	0	0	Not-determined	Genome-fragment	NA	NA	0.0	1.0	no viral genes detected
k127_276022	1009	No	NA	1	0	1	Not-determined	Genome-fragment	NA	NA	0.0	1.0	no viral genes detected
k127_123257	322	No	NA	1	0	0	Not-determined	Genome-fragment	NA	NA	0.0	1.0	no viral genes detected
k127_8803	832	No	NA	1	1	0	Low-quality	Genome-fragment	1.53	AAI-based (medium-confidence)	0.0	1.0	
k127_123367	540	No	NA	2	0	0	Not-determined	Genome-fragment	NA	NA	0.0	1.0	no viral genes detected
k127_9025	519	No	NA	1	0	1	Not-determined	Genome-fragment	NA	NA	0.0	1.0	no viral genes detected
k127_351897	343	No	NA	1	0	0	Not-determined	Genome-fragment	NA	NA	0.0	1.0	no viral genes detected
k127_314116	325	No	NA	1	0	0	Not-determined	Genome-fragment	NA	NA	0.0	1.0	no viral genes detected
k127_123797	487	No	NA	1	0	0	Low-quality	Genome-fragment	0.99	AAI-based (medium-confidence)	0.0	1.0	no viral genes detected
k127_239161	325	No	NA	1	0	0	Not-determined	Genome-fragment	NA	NA	0.0	1.0	no viral genes detected
k127_352760	391	No	NA	1	0	0	Not-determined	Genome-fragment	NA	NA	0.0	1.0	no viral genes detected
k127_48293	573	No	NA	1	1	0	Low-quality	Genome-fragment	0.64	HMM-based (lower-bound)	0.0	1.0	
k127_201058	339	No	NA	1	0	1	Not-determined	Genome-fragment	NA	NA	0.0	1.0	no viral genes detected
k127_86850	629	No	NA	1	0	1	Not-determined	Genome-fragment	NA	NA	0.0	1.0	no viral genes detected
k127_124564	321	No	NA	1	1	0	Low-quality	Genome-fragment	0.24	AAI-based (high-confidence)	0.0	1.0	
k127_277902	516	No	NA	1	0	0	Not-determined	Genome-fragment	NA	NA	0.0	1.0	no viral genes detected
k127_10610	800	No	NA	1	0	0	Not-determined	Genome-fragment	NA	NA	0.0	1.0	no viral genes detected
k127_87400	1047	No	NA	2	0	0	Low-quality	Genome-fragment	1.85	AAI-based (medium-confidence)	0.0	1.0	no viral genes detected
k127_278230	329	No	NA	2	0	0	Not-determined	Genome-fragment	NA	NA	0.0	1.0	no viral genes detected
k127_315929	355	No	NA	1	1	0	Low-quality	Genome-fragment	0.47	HMM-based (lower-bound)	0.0	1.0	
k127_125350	1222	No	NA	2	1	0	Low-quality	Genome-fragment	2.17	AAI-based (high-confidence)	0.0	1.0	
k127_202077	458	No	NA	1	0	0	Not-determined	Genome-fragment	NA	NA	0.0	1.0	no viral genes detected
k127_202233	301	No	NA	1	0	0	Not-determined	Genome-fragment	NA	NA	0.0	1.0	no viral genes detected
k127_202414	426	No	NA	1	1	0	Low-quality	Genome-fragment	0.32	HMM-based (lower-bound)	0.0	1.0	
k127_241197	417	No	NA	1	0	0	Low-quality	Genome-fragment	1.07	AAI-based (medium-confidence)	0.0	1.0	no viral genes detected
k127_12132	551	No	NA	1	0	1	Not-determined	Genome-fragment	NA	NA	0.0	1.0	no viral genes detected
k127_203163	406	No	NA	1	1	0	Low-quality	Genome-fragment	0.45	HMM-based (lower-bound)	0.0	1.0	
k127_241625	399	No	NA	1	0	0	Low-quality	Genome-fragment	0.84	AAI-based (medium-confidence)	0.0	1.0	no viral genes detected
k127_203289	1018	No	NA	1	1	0	Low-quality	Genome-fragment	1.9	AAI-based (medium-confidence)	0.0	1.0	
k127_126777	317	No	NA	1	1	0	Low-quality	Genome-fragment	0.26	HMM-based (lower-bound)	0.0	1.0	
k127_126783	347	No	NA	1	1	0	Low-quality	Genome-fragment	0.28	HMM-based (lower-bound)	0.0	1.0	
k127_279977	693	No	NA	1	0	1	Not-determined	Genome-fragment	NA	NA	0.0	1.0	no viral genes detected
k127_318006	303	No	NA	1	1	0	Low-quality	Genome-fragment	0.43	HMM-based (lower-bound)	0.0	1.0	
k127_51257	1032	No	NA	1	0	0	Not-determined	Genome-fragment	NA	NA	0.0	1.0	no viral genes detected
k127_318225	740	No	NA	1	0	0	Low-quality	Genome-fragment	1.3	AAI-based (medium-confidence)	0.0	1.0	no viral genes detected
k127_89902	578	No	NA	2	0	0	Low-quality	Genome-fragment	1.36	AAI-based (high-confidence)	0.0	1.0	no viral genes detected
k127_127620	377	No	NA	1	0	0	Not-determined	Genome-fragment	NA	NA	0.0	1.0	no viral genes detected
k127_204376	349	No	NA	1	1	0	Low-quality	Genome-fragment	0.61	AAI-based (high-confidence)	0.0	1.0	
k127_127800	627	No	NA	2	0	0	Low-quality	Genome-fragment	1.44	AAI-based (high-confidence)	0.0	1.0	no viral genes detected
k127_243166	460	No	NA	1	1	0	Low-quality	Genome-fragment	0.55	AAI-based (medium-confidence)	0.0	1.0	
k127_243223	350	No	NA	1	0	0	Not-determined	Genome-fragment	NA	NA	0.0	1.0	no viral genes detected
k127_319048	3975	Yes	1989	3	1	1	Low-quality	Genome-fragment	30.43	AAI-based (high-confidence)	49.96	1.0	
k127_52307	940	No	NA	2	0	0	Low-quality	Genome-fragment	2.25	AAI-based (medium-confidence)	0.0	1.0	no viral genes detected
k127_14449	639	No	NA	1	0	0	Low-quality	Genome-fragment	1.33	AAI-based (medium-confidence)	0.0	1.0	no viral genes detected
k127_90902	342	No	NA	1	1	0	Low-quality	Genome-fragment	0.49	HMM-based (lower-bound)	0.0	1.0	
k127_205350	316	No	NA	1	0	0	Low-quality	Genome-fragment	0.23	AAI-based (medium-confidence)	0.0	1.0	no viral genes detected
k127_166840	335	No	NA	1	1	0	Low-quality	Genome-fragment	0.48	HMM-based (lower-bound)	0.0	1.0	
k127_243974	471	No	NA	1	0	0	Not-determined	Genome-fragment	NA	NA	0.0	1.0	no viral genes detected
k127_53162	434	No	NA	2	0	0	Low-quality	Genome-fragment	0.99	AAI-based (medium-confidence)	0.0	1.0	no viral genes detected
k127_129370	316	No	NA	1	0	0	Not-determined	Genome-fragment	NA	NA	0.0	1.0	no viral genes detected
k127_15399	689	No	NA	2	0	0	Not-determined	Genome-fragment	NA	NA	0.0	1.0	no viral genes detected
k127_206457	677	No	NA	1	0	0	Not-determined	Genome-fragment	NA	NA	0.0	1.0	no viral genes detected
k127_357888	396	No	NA	1	0	0	Low-quality	Genome-fragment	0.88	AAI-based (medium-confidence)	0.0	1.0	no viral genes detected
k127_92117	345	No	NA	1	1	0	Low-quality	Genome-fragment	0.42	AAI-based (high-confidence)	0.0	1.0	
k127_15928	335	No	NA	1	0	0	Not-determined	Genome-fragment	NA	NA	0.0	1.0	no viral genes detected
k127_15956	635	No	NA	1	1	0	Low-quality	Genome-fragment	0.9	HMM-based (lower-bound)	0.0	1.0	
k127_244960	669	No	NA	1	0	0	Not-determined	Genome-fragment	NA	NA	0.0	1.0	no viral genes detected
k127_54206	487	No	NA	1	1	0	Low-quality	Genome-fragment	0.69	HMM-based (lower-bound)	0.0	1.0	
k127_358435	778	No	NA	1	0	0	Not-determined	Genome-fragment	NA	NA	0.0	1.0	no viral genes detected
k127_16752	357	No	NA	1	0	1	Not-determined	Genome-fragment	NA	NA	0.0	1.0	no viral genes detected
k127_54920	2527	No	NA	2	1	0	Low-quality	Genome-fragment	34.84	AAI-based (high-confidence)	0.0	1.0	
k127_283832	1050	No	NA	1	0	0	Low-quality	Genome-fragment	2.42	AAI-based (medium-confidence)	0.0	1.0	no viral genes detected
k127_93467	387	No	NA	1	1	0	Low-quality	Genome-fragment	0.32	AAI-based (medium-confidence)	0.0	1.0	
k127_246115	336	No	NA	1	0	0	Not-determined	Genome-fragment	NA	NA	0.0	1.0	no viral genes detected
k127_131289	385	No	NA	1	0	0	Not-determined	Genome-fragment	NA	NA	0.0	1.0	no viral genes detected
k127_207987	323	No	NA	2	2	0	Low-quality	Genome-fragment	0.58	HMM-based (lower-bound)	0.0	1.0	
k127_246737	656	No	NA	1	0	0	Not-determined	Genome-fragment	NA	NA	0.0	1.0	no viral genes detected
k127_56148	691	No	NA	1	0	0	Not-determined	Genome-fragment	NA	NA	0.0	1.0	no viral genes detected
k127_56158	719	No	NA	1	0	0	Low-quality	Genome-fragment	1.21	AAI-based (medium-confidence)	0.0	1.0	no viral genes detected
k127_247016	427	No	NA	2	0	0	Not-determined	Genome-fragment	NA	NA	0.0	1.0	no viral genes detected
k127_360151	391	No	NA	2	0	0	Low-quality	Genome-fragment	0.97	AAI-based (medium-confidence)	0.0	1.0	no viral genes detected
k127_132381	4114	No	NA	1	1	0	Medium-quality	Genome-fragment	63.35	AAI-based (high-confidence)	0.0	1.0	
k127_209137	405	No	NA	1	1	0	Low-quality	Genome-fragment	0.25	HMM-based (lower-bound)	0.0	1.0	
k127_286094	589	No	NA	1	0	0	Not-determined	Genome-fragment	NA	NA	0.0	1.0	no viral genes detected
k127_19369	611	No	NA	2	0	0	Low-quality	Genome-fragment	1.22	AAI-based (high-confidence)	0.0	1.0	no viral genes detected
k127_133440	367	No	NA	1	0	0	Not-determined	Genome-fragment	NA	NA	0.0	1.0	no viral genes detected
k127_286341	333	No	NA	1	1	0	Low-quality	Genome-fragment	0.37	HMM-based (lower-bound)	0.0	1.0	
k127_210399	462	No	NA	1	0	0	Not-determined	Genome-fragment	NA	NA	0.0	1.0	no viral genes detected
k127_171919	689	No	NA	1	0	0	Low-quality	Genome-fragment	1.37	AAI-based (medium-confidence)	0.0	1.0	no viral genes detected
k127_58130	517	No	NA	1	0	0	Not-determined	Genome-fragment	NA	NA	0.0	1.0	no viral genes detected
k127_172156	463	No	NA	1	0	0	Not-determined	Genome-fragment	NA	NA	0.0	1.0	no viral genes detected
k127_172176	564	No	NA	1	0	0	Low-quality	Genome-fragment	1.15	AAI-based (medium-confidence)	0.0	1.0	no viral genes detected
k127_362009	325	No	NA	1	0	0	Not-determined	Genome-fragment	NA	NA	0.0	1.0	no viral genes detected
k127_172356	978	No	NA	1	1	0	Low-quality	Genome-fragment	1.18	AAI-based (high-confidence)	0.0	1.0	
k127_172389	348	No	NA	1	1	0	Low-quality	Genome-fragment	0.59	AAI-based (medium-confidence)	0.0	1.0	
k127_249536	339	No	NA	1	0	0	Low-quality	Genome-fragment	0.82	AAI-based (high-confidence)	0.0	1.0	no viral genes detected
k127_59403	347	No	NA	1	0	0	Not-determined	Genome-fragment	NA	NA	0.0	1.0	no viral genes detected
k127_288315	361	No	NA	1	0	0	Not-determined	Genome-fragment	NA	NA	0.0	1.0	no viral genes detected
k127_59460	1265	No	NA	3	1	0	Low-quality	Genome-fragment	2.28	AAI-based (medium-confidence)	0.0	1.0	
k127_212484	713	No	NA	1	0	0	Not-determined	Genome-fragment	NA	NA	0.0	1.0	no viral genes detected
k127_251048	366	No	NA	1	1	0	Low-quality	Genome-fragment	0.3	HMM-based (lower-bound)	0.0	1.0	
k127_363368	654	No	NA	1	0	1	Not-determined	Genome-fragment	NA	NA	0.0	1.0	no viral genes detected
k127_60592	4637	No	NA	6	5	0	Medium-quality	Genome-fragment	78.85	AAI-based (high-confidence)	0.0	1.0	
k127_136661	324	No	NA	1	0	0	Not-determined	Genome-fragment	NA	NA	0.0	1.0	no viral genes detected
k127_98955	343	No	NA	1	0	0	Low-quality	Genome-fragment	0.75	AAI-based (high-confidence)	0.0	1.0	no viral genes detected
k127_364217	808	No	NA	1	0	0	Not-determined	Genome-fragment	NA	NA	0.0	1.0	no viral genes detected
k127_252008	612	No	NA	2	0	0	Low-quality	Genome-fragment	1.14	AAI-based (medium-confidence)	0.0	1.0	no viral genes detected
k127_213911	1561	No	NA	4	1	0	Low-quality	Genome-fragment	2.98	AAI-based (medium-confidence)	0.0	1.0	
k127_175650	464	No	NA	1	0	0	Not-determined	Genome-fragment	NA	NA	0.0	1.0	no viral genes detected
k127_23694	343	No	NA	2	0	0	Not-determined	Genome-fragment	NA	NA	0.0	1.0	no viral genes detected
k127_214488	326	No	NA	1	1	0	Low-quality	Genome-fragment	0.36	HMM-based (lower-bound)	0.0	1.0	
k127_100045	817	No	NA	1	1	0	Low-quality	Genome-fragment	1.23	AAI-based (medium-confidence)	0.0	1.0	
k127_364961	849	No	NA	1	0	0	Low-quality	Genome-fragment	1.84	AAI-based (medium-confidence)	0.0	1.0	no viral genes detected
k127_365390	479	No	NA	2	0	0	Low-quality	Genome-fragment	1.05	AAI-based (medium-confidence)	0.0	1.0	no viral genes detected
k127_24309	509	No	NA	1	1	0	Low-quality	Genome-fragment	1.17	AAI-based (medium-confidence)	0.0	1.0	
k127_291677	312	No	NA	1	1	0	Low-quality	Genome-fragment	0.33	HMM-based (lower-bound)	0.0	1.0	
k127_253569	754	No	NA	1	0	1	Not-determined	Genome-fragment	NA	NA	0.0	1.0	no viral genes detected
k127_330257	618	No	NA	2	0	0	Not-determined	Genome-fragment	NA	NA	0.0	1.0	no viral genes detected
k127_177951	316	No	NA	1	0	0	Low-quality	Genome-fragment	0.36	AAI-based (high-confidence)	0.0	1.0	no viral genes detected
k127_293300	719	No	NA	2	0	0	Not-determined	Genome-fragment	NA	NA	0.0	1.0	no viral genes detected
k127_255732	784	No	NA	1	0	0	Not-determined	Genome-fragment	NA	NA	0.0	1.0	no viral genes detected
k127_368124	988	No	NA	2	1	0	Low-quality	Genome-fragment	2.2	AAI-based (medium-confidence)	0.0	1.0	
k127_65509	618	No	NA	1	0	1	Not-determined	Genome-fragment	NA	NA	0.0	1.0	no viral genes detected
k127_256237	343	No	NA	1	0	0	Not-determined	Genome-fragment	NA	NA	0.0	1.0	no viral genes detected
k127_294675	488	No	NA	1	0	0	Not-determined	Genome-fragment	NA	NA	0.0	1.0	no viral genes detected
k127_179613	707	No	NA	1	1	0	Low-quality	Genome-fragment	1.25	AAI-based (medium-confidence)	0.0	1.0	
k127_65857	518	No	NA	1	0	0	Not-determined	Genome-fragment	NA	NA	0.0	1.0	no viral genes detected
k127_65863	447	No	NA	1	0	0	Low-quality	Genome-fragment	0.97	AAI-based (medium-confidence)	0.0	1.0	no viral genes detected
k127_179627	881	No	NA	1	1	0	Low-quality	Genome-fragment	1.71	AAI-based (medium-confidence)	0.0	1.0	
k127_332873	697	No	NA	1	0	0	Not-determined	Genome-fragment	NA	NA	0.0	1.0	no viral genes detected
k127_104276	347	No	NA	1	0	0	Not-determined	Genome-fragment	NA	NA	0.0	1.0	no viral genes detected
k127_219427	358	No	NA	1	0	0	Low-quality	Genome-fragment	0.97	AAI-based (medium-confidence)	0.0	1.0	no viral genes detected
k127_104822	360	No	NA	1	0	0	Low-quality	Genome-fragment	0.41	AAI-based (medium-confidence)	0.0	1.0	no viral genes detected
k127_28791	462	No	NA	1	0	0	Not-determined	Genome-fragment	NA	NA	0.0	1.0	no viral genes detected
k127_180901	378	No	NA	1	0	0	Not-determined	Genome-fragment	NA	NA	0.0	1.0	no viral genes detected
k127_296161	1044	No	NA	1	1	0	Low-quality	Genome-fragment	0.86	HMM-based (lower-bound)	0.0	1.0	
k127_258019	591	No	NA	2	0	0	Not-determined	Genome-fragment	NA	NA	0.0	1.0	no viral genes detected
k127_258272	366	No	NA	1	1	0	Low-quality	Genome-fragment	0.15	HMM-based (lower-bound)	0.0	1.0	
k127_220336	582	No	NA	2	0	0	Not-determined	Genome-fragment	NA	NA	0.0	1.0	no viral genes detected
k127_370316	795	No	NA	1	0	1	Not-determined	Genome-fragment	NA	NA	0.0	1.0	no viral genes detected
k127_67860	313	No	NA	1	0	0	Not-determined	Genome-fragment	NA	NA	0.0	1.0	no viral genes detected
k127_334261	316	No	NA	1	1	0	Low-quality	Genome-fragment	0.28	HMM-based (lower-bound)	0.0	1.0	
k127_29626	424	No	NA	1	0	0	Low-quality	Genome-fragment	0.32	AAI-based (medium-confidence)	0.0	1.0	no viral genes detected
k127_334515	487	No	NA	1	0	0	Low-quality	Genome-fragment	1.16	AAI-based (medium-confidence)	0.0	1.0	no viral genes detected
k127_143444	330	No	NA	1	0	0	Low-quality	Genome-fragment	0.22	AAI-based (medium-confidence)	0.0	1.0	no viral genes detected
k127_143619	1024	No	NA	1	1	0	Low-quality	Genome-fragment	1.46	HMM-based (lower-bound)	0.0	1.0	
k127_335040	305	No	NA	1	1	0	Low-quality	Genome-fragment	0.33	HMM-based (lower-bound)	0.0	1.0	
k127_106661	412	No	NA	1	0	0	Not-determined	Genome-fragment	NA	NA	0.0	1.0	no viral genes detected
k127_371179	776	No	NA	1	0	0	Low-quality	Genome-fragment	1.41	AAI-based (high-confidence)	0.0	1.0	no viral genes detected
k127_182616	303	No	NA	1	0	0	Low-quality	Genome-fragment	0.73	AAI-based (medium-confidence)	0.0	1.0	no viral genes detected
k127_144212	661	No	NA	1	0	0	Not-determined	Genome-fragment	NA	NA	0.0	1.0	no viral genes detected
k127_107289	1035	No	NA	1	1	0	Low-quality	Genome-fragment	1.46	HMM-based (lower-bound)	0.0	1.0	
k127_31104	1518	No	NA	1	1	0	Low-quality	Genome-fragment	2.8	AAI-based (medium-confidence)	0.0	1.0	
k127_298485	781	No	NA	2	1	0	Low-quality	Genome-fragment	1.8	AAI-based (medium-confidence)	0.0	1.0	
k127_69828	347	No	NA	1	0	0	Not-determined	Genome-fragment	NA	NA	0.0	1.0	no viral genes detected
k127_107804	390	No	NA	1	0	0	Low-quality	Genome-fragment	0.21	AAI-based (medium-confidence)	0.0	1.0	no viral genes detected
k127_336631	385	No	NA	1	0	0	Not-determined	Genome-fragment	NA	NA	0.0	1.0	no viral genes detected
k127_32332	356	No	NA	1	0	0	Low-quality	Genome-fragment	0.73	AAI-based (high-confidence)	0.0	1.0	no viral genes detected
k127_337488	438	No	NA	1	0	0	Not-determined	Genome-fragment	NA	NA	0.0	1.0	no viral genes detected
k127_71015	430	No	NA	1	0	0	Not-determined	Genome-fragment	NA	NA	0.0	1.0	no viral genes detected
k127_32839	338	No	NA	1	0	0	Not-determined	Genome-fragment	NA	NA	0.0	1.0	no viral genes detected
k127_300273	916	No	NA	1	0	0	Low-quality	Genome-fragment	1.83	AAI-based (medium-confidence)	0.0	1.0	no viral genes detected
k127_33485	983	No	NA	1	1	0	Low-quality	Genome-fragment	1.4	HMM-based (lower-bound)	0.0	1.0	
k127_146587	424	No	NA	2	0	0	Low-quality	Genome-fragment	0.95	AAI-based (medium-confidence)	0.0	1.0	no viral genes detected
k127_262355	395	No	NA	1	1	0	Low-quality	Genome-fragment	0.69	AAI-based (medium-confidence)	0.0	1.0	
k127_33793	587	No	NA	1	0	1	Not-determined	Genome-fragment	NA	NA	0.0	1.0	no viral genes detected
k127_374352	424	No	NA	2	1	0	Low-quality	Genome-fragment	0.26	HMM-based (lower-bound)	0.0	1.0	
k127_72182	377	No	NA	1	0	0	Low-quality	Genome-fragment	0.26	AAI-based (medium-confidence)	0.0	1.0	no viral genes detected
k127_186311	438	No	NA	1	1	0	Low-quality	Genome-fragment	0.62	HMM-based (lower-bound)	0.0	1.0	
k127_262903	417	No	NA	1	0	0	Not-determined	Genome-fragment	NA	NA	0.0	1.0	no viral genes detected
k127_374922	427	No	NA	1	0	0	Not-determined	Genome-fragment	NA	NA	0.0	1.0	no viral genes detected
k127_374967	571	No	NA	1	1	0	Low-quality	Genome-fragment	0.53	HMM-based (lower-bound)	0.0	1.0	
k127_225787	438	No	NA	2	0	0	Low-quality	Genome-fragment	0.81	AAI-based (high-confidence)	0.0	1.0	no viral genes detected
k127_263649	755	No	NA	1	1	0	Low-quality	Genome-fragment	0.39	HMM-based (lower-bound)	0.0	1.0	
k127_111296	317	No	NA	1	0	0	Low-quality	Genome-fragment	0.69	AAI-based (high-confidence)	0.0	1.0	no viral genes detected
k127_111346	861	No	NA	1	0	0	Low-quality	Genome-fragment	1.72	AAI-based (medium-confidence)	0.0	1.0	no viral genes detected
k127_35386	1835	No	NA	2	0	0	Not-determined	Genome-fragment	NA	NA	0.0	1.0	no viral genes detected
k127_375808	553	No	NA	1	0	1	Not-determined	Genome-fragment	NA	NA	0.0	1.0	no viral genes detected
k127_264159	395	No	NA	1	1	0	Low-quality	Genome-fragment	0.76	HMM-based (lower-bound)	0.0	1.0	
k127_111812	326	No	NA	1	0	0	Not-determined	Genome-fragment	NA	NA	0.0	1.0	no viral genes detected
k127_111943	352	No	NA	1	0	0	Low-quality	Genome-fragment	1.39	AAI-based (medium-confidence)	0.0	1.0	no viral genes detected
k127_226614	468	No	NA	1	1	0	Low-quality	Genome-fragment	0.52	HMM-based (lower-bound)	0.0	1.0	
k127_188107	538	No	NA	2	0	0	Not-determined	Genome-fragment	NA	NA	0.0	1.0	no viral genes detected
k127_303133	1229	No	NA	2	2	0	Low-quality	Genome-fragment	2.0	AAI-based (high-confidence)	0.0	1.0	
k127_303517	853	No	NA	1	0	1	Not-determined	Genome-fragment	NA	NA	0.0	1.0	no viral genes detected
k127_303699	473	No	NA	1	0	0	Not-determined	Genome-fragment	NA	NA	0.0	1.0	no viral genes detected
k127_340998	1004	No	NA	2	0	0	Low-quality	Genome-fragment	2.46	AAI-based (medium-confidence)	0.0	1.0	no viral genes detected
k127_36916	369	No	NA	1	0	0	Not-determined	Genome-fragment	NA	NA	0.0	1.0	no viral genes detected
k127_75257	565	No	NA	1	1	0	Low-quality	Genome-fragment	0.86	AAI-based (medium-confidence)	0.0	1.0	
k127_113150	1904	No	NA	2	0	0	Not-determined	Genome-fragment	NA	NA	0.0	1.0	no viral genes detected
k127_227827	579	No	NA	1	0	0	Low-quality	Genome-fragment	1.14	AAI-based (medium-confidence)	0.0	1.0	no viral genes detected
k127_227882	515	No	NA	1	0	0	Low-quality	Genome-fragment	1.07	AAI-based (medium-confidence)	0.0	1.0	no viral genes detected
k127_75506	470	No	NA	1	0	1	Not-determined	Genome-fragment	NA	NA	0.0	1.0	no viral genes detected
k127_37573	986	No	NA	1	1	0	Low-quality	Genome-fragment	1.89	AAI-based (medium-confidence)	0.0	1.0	
k127_377866	969	No	NA	1	0	1	Not-determined	Genome-fragment	NA	NA	0.0	1.0	no viral genes detected
k127_266204	502	No	NA	1	1	0	Low-quality	Genome-fragment	1.11	AAI-based (medium-confidence)	0.0	1.0	
k127_189724	818	No	NA	1	0	0	Low-quality	Genome-fragment	1.61	AAI-based (high-confidence)	0.0	1.0	no viral genes detected
k127_37997	335	No	NA	2	0	0	Not-determined	Genome-fragment	NA	NA	0.0	1.0	no viral genes detected
k127_152249	729	No	NA	1	1	0	Low-quality	Genome-fragment	0.92	AAI-based (medium-confidence)	0.0	1.0	
k127_152477	601	No	NA	2	1	0	Low-quality	Genome-fragment	1.31	AAI-based (medium-confidence)	0.0	1.0	
k127_380649	311	No	NA	1	0	0	Not-determined	Genome-fragment	NA	NA	0.0	1.0	no viral genes detected
k127_381205	692	No	NA	1	0	0	Not-determined	Genome-fragment	NA	NA	0.0	1.0	no viral genes detected
