contig_id	contig_length	provirus	proviral_length	gene_count	viral_genes	host_genes	checkv_quality	miuvig_quality	completeness	completeness_method	contamination	kmer_freq	warnings
k127_395050	379	No	NA	1	0	0	Not-determined	Genome-fragment	NA	NA	0.0	1.0	no viral genes detected
k127_451554	307	No	NA	1	0	0	Low-quality	Genome-fragment	0.87	AAI-based (medium-confidence)	0.0	1.0	no viral genes detected
k127_169524	325	No	NA	2	1	0	Low-quality	Genome-fragment	0.52	HMM-based (lower-bound)	0.0	1.0	
k127_113171	467	No	NA	1	0	0	Not-determined	Genome-fragment	NA	NA	0.0	1.0	no viral genes detected
k127_395365	546	No	NA	1	0	0	Not-determined	Genome-fragment	NA	NA	0.0	1.0	no viral genes detected
k127_169787	314	No	NA	1	0	0	Not-determined	Genome-fragment	NA	NA	0.0	1.0	no viral genes detected
k127_508378	464	No	NA	1	0	1	Not-determined	Genome-fragment	NA	NA	0.0	1.0	no viral genes detected
k127_339222	459	No	NA	2	0	0	Low-quality	Genome-fragment	1.1	AAI-based (medium-confidence)	0.0	1.0	no viral genes detected
k127_339563	411	No	NA	1	1	0	Low-quality	Genome-fragment	0.54	HMM-based (lower-bound)	0.0	1.0	
k127_283450	415	No	NA	1	0	0	Not-determined	Genome-fragment	NA	NA	0.0	1.0	no viral genes detected
k127_227376	523	No	NA	1	0	1	Not-determined	Genome-fragment	NA	NA	0.0	1.0	no viral genes detected
k127_453107	361	No	NA	1	0	0	Not-determined	Genome-fragment	NA	NA	0.0	1.0	no viral genes detected
k127_115194	304	No	NA	1	0	0	Not-determined	Genome-fragment	NA	NA	0.0	1.0	no viral genes detected
k127_115232	2842	No	NA	1	1	0	Low-quality	Genome-fragment	44.87	AAI-based (medium-confidence)	0.0	1.0	
k127_228671	1182	No	NA	1	0	1	Not-determined	Genome-fragment	NA	NA	0.0	1.0	no viral genes detected
k127_228910	1162	No	NA	1	1	0	Low-quality	Genome-fragment	2.41	AAI-based (medium-confidence)	0.0	1.0	
k127_172356	460	No	NA	2	1	0	Low-quality	Genome-fragment	1.04	HMM-based (lower-bound)	0.0	1.0	
k127_398011	315	No	NA	1	0	0	Low-quality	Genome-fragment	0.75	AAI-based (medium-confidence)	0.0	1.0	no viral genes detected
k127_59748	438	No	NA	1	0	1	Not-determined	Genome-fragment	NA	NA	0.0	1.0	no viral genes detected
k127_341952	330	No	NA	1	1	0	Low-quality	Genome-fragment	0.76	AAI-based (medium-confidence)	0.0	1.0	
k127_398536	333	No	NA	1	0	0	Not-determined	Genome-fragment	NA	NA	0.0	1.0	no viral genes detected
k127_116450	389	No	NA	1	0	0	Not-determined	Genome-fragment	NA	NA	0.0	1.0	no viral genes detected
k127_286070	331	No	NA	1	0	0	Low-quality	Genome-fragment	0.9	AAI-based (medium-confidence)	0.0	1.0	no viral genes detected
k127_398889	310	No	NA	1	0	0	Not-determined	Genome-fragment	NA	NA	0.0	1.0	no viral genes detected
k127_342610	529	No	NA	1	1	0	Low-quality	Genome-fragment	0.98	HMM-based (lower-bound)	0.0	1.0	
k127_342680	427	No	NA	1	0	0	Not-determined	Genome-fragment	NA	NA	0.0	1.0	no viral genes detected
k127_117122	335	No	NA	1	0	0	Low-quality	Genome-fragment	0.8	AAI-based (high-confidence)	0.0	1.0	no viral genes detected
k127_117142	1127	No	NA	1	0	0	Not-determined	Genome-fragment	NA	NA	0.0	1.0	no viral genes detected
k127_286435	554	No	NA	1	0	0	Low-quality	Genome-fragment	1.04	AAI-based (medium-confidence)	0.0	1.0	no viral genes detected
k127_230703	369	No	NA	1	0	0	Not-determined	Genome-fragment	NA	NA	0.0	1.0	no viral genes detected
k127_399580	318	No	NA	1	1	0	Low-quality	Genome-fragment	0.45	HMM-based (lower-bound)	0.0	1.0	
k127_456260	342	No	NA	1	0	0	Low-quality	Genome-fragment	0.81	AAI-based (medium-confidence)	0.0	1.0	no viral genes detected
k127_61576	722	No	NA	1	0	0	Not-determined	Genome-fragment	NA	NA	0.0	1.0	no viral genes detected
k127_456763	565	No	NA	1	1	0	Low-quality	Genome-fragment	1.56	AAI-based (medium-confidence)	0.0	1.0	
k127_287499	560	No	NA	1	1	0	Low-quality	Genome-fragment	0.8	HMM-based (lower-bound)	0.0	1.0	
k127_174704	490	No	NA	1	0	0	Low-quality	Genome-fragment	1.09	AAI-based (medium-confidence)	0.0	1.0	no viral genes detected
k127_61901	649	No	NA	1	0	0	Not-determined	Genome-fragment	NA	NA	0.0	1.0	no viral genes detected
k127_344039	316	No	NA	1	0	0	Not-determined	Genome-fragment	NA	NA	0.0	1.0	no viral genes detected
k127_400842	613	No	NA	1	0	1	Not-determined	Genome-fragment	NA	NA	0.0	1.0	no viral genes detected
k127_457518	713	No	NA	1	1	0	Low-quality	Genome-fragment	1.9	AAI-based (medium-confidence)	0.0	1.0	
k127_6836	382	No	NA	1	0	0	Low-quality	Genome-fragment	0.73	AAI-based (medium-confidence)	0.0	1.0	no viral genes detected
k127_458882	513	No	NA	1	0	0	Low-quality	Genome-fragment	1.15	AAI-based (medium-confidence)	0.0	1.0	no viral genes detected
k127_402402	496	No	NA	1	0	1	Not-determined	Genome-fragment	NA	NA	0.0	1.0	no viral genes detected
k127_176794	860	No	NA	2	0	2	Not-determined	Genome-fragment	NA	NA	0.0	1.0	no viral genes detected
k127_515340	506	No	NA	1	0	0	Low-quality	Genome-fragment	1.03	AAI-based (medium-confidence)	0.0	1.0	no viral genes detected
k127_459399	323	No	NA	1	0	0	Not-determined	Genome-fragment	NA	NA	0.0	1.0	no viral genes detected
k127_459624	508	No	NA	1	0	0	Not-determined	Genome-fragment	NA	NA	0.0	1.0	no viral genes detected
k127_121123	535	No	NA	1	0	1	Not-determined	Genome-fragment	NA	NA	0.0	1.0	no viral genes detected
k127_64712	411	No	NA	1	1	0	Low-quality	Genome-fragment	0.59	HMM-based (lower-bound)	0.0	1.0	
k127_121331	504	No	NA	1	1	0	Low-quality	Genome-fragment	0.68	AAI-based (medium-confidence)	0.0	1.0	
k127_516352	1188	No	NA	1	0	1	Not-determined	Genome-fragment	NA	NA	0.0	1.0	no viral genes detected
k127_403503	767	No	NA	2	0	1	Low-quality	Genome-fragment	1.22	AAI-based (medium-confidence)	0.0	1.0	no viral genes detected
k127_235089	905	No	NA	1	0	1	Not-determined	Genome-fragment	NA	NA	0.0	1.0	no viral genes detected
k127_178200	314	No	NA	1	0	0	Not-determined	Genome-fragment	NA	NA	0.0	1.0	no viral genes detected
k127_65571	396	No	NA	1	0	0	Low-quality	Genome-fragment	0.95	AAI-based (high-confidence)	0.0	1.0	no viral genes detected
k127_9752	1080	No	NA	1	0	1	Not-determined	Genome-fragment	NA	NA	0.0	1.0	no viral genes detected
k127_235899	340	No	NA	1	1	0	Low-quality	Genome-fragment	0.38	HMM-based (lower-bound)	0.0	1.0	
k127_178839	392	No	NA	1	1	0	Low-quality	Genome-fragment	0.71	AAI-based (medium-confidence)	0.0	1.0	
k127_461069	390	No	NA	1	0	0	Not-determined	Genome-fragment	NA	NA	0.0	1.0	no viral genes detected
k127_66039	500	No	NA	1	1	0	Low-quality	Genome-fragment	1.33	AAI-based (medium-confidence)	0.0	1.0	
k127_517510	364	No	NA	1	0	0	Not-determined	Genome-fragment	NA	NA	0.0	1.0	no viral genes detected
k127_66121	957	No	NA	1	0	1	Not-determined	Genome-fragment	NA	NA	0.0	1.0	no viral genes detected
k127_405082	512	No	NA	1	0	0	Low-quality	Genome-fragment	1.09	AAI-based (medium-confidence)	0.0	1.0	no viral genes detected
k127_292369	402	No	NA	1	1	0	Low-quality	Genome-fragment	0.6	AAI-based (medium-confidence)	0.0	1.0	
k127_11090	515	No	NA	1	0	0	Not-determined	Genome-fragment	NA	NA	0.0	1.0	no viral genes detected
k127_292790	383	No	NA	1	1	0	Low-quality	Genome-fragment	0.67	AAI-based (medium-confidence)	0.0	1.0	
k127_292879	462	No	NA	1	0	0	Low-quality	Genome-fragment	1.03	AAI-based (medium-confidence)	0.0	1.0	no viral genes detected
k127_349450	372	No	NA	1	0	0	Not-determined	Genome-fragment	NA	NA	0.0	1.0	no viral genes detected
k127_123841	529	No	NA	2	0	0	Not-determined	Genome-fragment	NA	NA	0.0	1.0	no viral genes detected
k127_406029	547	No	NA	1	0	0	Low-quality	Genome-fragment	1.16	AAI-based (high-confidence)	0.0	1.0	no viral genes detected
k127_406048	373	No	NA	1	0	0	Not-determined	Genome-fragment	NA	NA	0.0	1.0	no viral genes detected
k127_349658	384	No	NA	1	0	0	Low-quality	Genome-fragment	1.02	AAI-based (medium-confidence)	0.0	1.0	no viral genes detected
k127_519264	745	No	NA	1	0	1	Not-determined	Genome-fragment	NA	NA	0.0	1.0	no viral genes detected
k127_238886	359	No	NA	1	0	1	Not-determined	Genome-fragment	NA	NA	0.0	1.0	no viral genes detected
k127_520158	774	No	NA	1	0	1	Not-determined	Genome-fragment	NA	NA	0.0	1.0	no viral genes detected
k127_68822	362	No	NA	2	0	0	Not-determined	Genome-fragment	NA	NA	0.0	1.0	no viral genes detected
k127_520210	578	No	NA	1	0	0	Low-quality	Genome-fragment	1.24	AAI-based (medium-confidence)	0.0	1.0	no viral genes detected
k127_125530	421	No	NA	1	0	0	Not-determined	Genome-fragment	NA	NA	0.0	1.0	no viral genes detected
k127_295065	690	No	NA	1	0	1	Not-determined	Genome-fragment	NA	NA	0.0	1.0	no viral genes detected
k127_69547	333	No	NA	1	0	0	Not-determined	Genome-fragment	NA	NA	0.0	1.0	no viral genes detected
k127_464599	346	No	NA	1	0	0	Low-quality	Genome-fragment	0.84	AAI-based (high-confidence)	0.0	1.0	no viral genes detected
k127_69801	359	No	NA	1	0	0	Low-quality	Genome-fragment	0.75	AAI-based (medium-confidence)	0.0	1.0	no viral genes detected
k127_464939	1637	No	NA	2	0	0	Low-quality	Genome-fragment	3.27	AAI-based (medium-confidence)	0.0	1.0	no viral genes detected
k127_126309	310	No	NA	1	0	0	Low-quality	Genome-fragment	0.15	AAI-based (medium-confidence)	0.0	1.0	no viral genes detected
k127_70612	362	No	NA	1	1	0	Low-quality	Genome-fragment	0.58	HMM-based (lower-bound)	0.0	1.0	
k127_296301	325	No	NA	1	0	0	Low-quality	Genome-fragment	0.23	AAI-based (high-confidence)	0.0	1.0	no viral genes detected
k127_465781	453	No	NA	1	0	0	Low-quality	Genome-fragment	1.16	AAI-based (medium-confidence)	0.0	1.0	no viral genes detected
k127_71135	717	No	NA	1	0	0	Low-quality	Genome-fragment	1.44	AAI-based (high-confidence)	0.0	1.0	no viral genes detected
k127_15502	796	No	NA	2	0	0	Not-determined	Genome-fragment	NA	NA	0.0	1.0	no viral genes detected
k127_127736	764	No	NA	1	0	0	Not-determined	Genome-fragment	NA	NA	0.0	1.0	no viral genes detected
k127_522817	607	No	NA	1	0	1	Not-determined	Genome-fragment	NA	NA	0.0	1.0	no viral genes detected
k127_353490	363	No	NA	1	1	0	Low-quality	Genome-fragment	1.07	AAI-based (medium-confidence)	0.0	1.0	
k127_353521	404	No	NA	2	0	1	Not-determined	Genome-fragment	NA	NA	0.0	1.0	no viral genes detected
k127_522955	2096	No	NA	3	1	0	Low-quality	Genome-fragment	2.77	HMM-based (lower-bound)	0.0	1.0	
k127_184753	802	No	NA	2	0	1	Not-determined	Genome-fragment	NA	NA	0.0	1.0	no viral genes detected
k127_16292	346	No	NA	1	1	0	Low-quality	Genome-fragment	0.21	HMM-based (lower-bound)	0.0	1.0	
k127_354322	978	No	NA	1	0	1	Not-determined	Genome-fragment	NA	NA	0.0	1.0	no viral genes detected
k127_298326	352	No	NA	1	0	0	Not-determined	Genome-fragment	NA	NA	0.0	1.0	no viral genes detected
k127_185614	384	No	NA	1	1	0	Low-quality	Genome-fragment	0.94	AAI-based (medium-confidence)	0.0	1.0	
k127_467826	7935	No	NA	1	1	0	High-quality	High-quality	100.0	AAI-based (medium-confidence)	0.0	1.0	
k127_243917	318	No	NA	1	1	0	Low-quality	Genome-fragment	0.28	HMM-based (lower-bound)	0.0	1.0	
k127_524848	519	No	NA	2	0	0	Low-quality	Genome-fragment	1.15	AAI-based (high-confidence)	0.0	1.0	no viral genes detected
k127_412046	517	No	NA	1	1	0	Low-quality	Genome-fragment	0.74	HMM-based (lower-bound)	0.0	1.0	
k127_412360	688	No	NA	1	0	1	Not-determined	Genome-fragment	NA	NA	0.0	1.0	no viral genes detected
k127_525479	335	No	NA	2	1	0	Low-quality	Genome-fragment	0.47	HMM-based (lower-bound)	0.0	1.0	
k127_245218	540	No	NA	1	0	0	Low-quality	Genome-fragment	1.07	AAI-based (medium-confidence)	0.0	1.0	no viral genes detected
k127_412699	317	No	NA	1	0	0	Low-quality	Genome-fragment	0.67	AAI-based (medium-confidence)	0.0	1.0	no viral genes detected
k127_300228	303	No	NA	1	0	0	Not-determined	Genome-fragment	NA	NA	0.0	1.0	no viral genes detected
k127_131128	303	No	NA	1	0	0	Low-quality	Genome-fragment	0.75	AAI-based (high-confidence)	0.0	1.0	no viral genes detected
k127_131294	306	No	NA	1	1	0	Low-quality	Genome-fragment	0.38	HMM-based (lower-bound)	0.0	1.0	
k127_470082	443	No	NA	1	1	0	Low-quality	Genome-fragment	0.58	HMM-based (lower-bound)	0.0	1.0	
k127_75433	1094	No	NA	1	0	0	Low-quality	Genome-fragment	2.25	AAI-based (medium-confidence)	0.0	1.0	no viral genes detected
k127_131879	361	No	NA	1	0	0	Not-determined	Genome-fragment	NA	NA	0.0	1.0	no viral genes detected
k127_75591	415	No	NA	1	1	0	Low-quality	Genome-fragment	0.38	HMM-based (lower-bound)	0.0	1.0	
k127_526921	348	No	NA	1	1	0	Low-quality	Genome-fragment	0.29	HMM-based (lower-bound)	0.0	1.0	
k127_188939	665	No	NA	2	0	1	Not-determined	Genome-fragment	NA	NA	0.0	1.0	no viral genes detected
k127_471726	339	No	NA	1	0	0	Low-quality	Genome-fragment	0.88	AAI-based (medium-confidence)	0.0	1.0	no viral genes detected
k127_472025	399	No	NA	1	1	0	Low-quality	Genome-fragment	0.59	HMM-based (lower-bound)	0.0	1.0	
k127_248265	1194	No	NA	1	0	1	Not-determined	Genome-fragment	NA	NA	0.0	1.0	no viral genes detected
k127_302924	544	No	NA	1	0	0	Low-quality	Genome-fragment	1.11	AAI-based (medium-confidence)	0.0	1.0	no viral genes detected
k127_22017	439	No	NA	1	1	0	Low-quality	Genome-fragment	0.59	HMM-based (lower-bound)	0.0	1.0	
k127_248518	3503	No	NA	2	0	0	Not-determined	Genome-fragment	NA	NA	0.0	1.0	no viral genes detected
k127_415726	727	No	NA	1	0	0	Not-determined	Genome-fragment	NA	NA	0.0	1.0	no viral genes detected
k127_415806	255	No	NA	1	1	0	Low-quality	Genome-fragment	0.38	HMM-based (lower-bound)	0.0	1.0	
k127_415817	710	No	NA	2	1	0	Low-quality	Genome-fragment	1.06	HMM-based (lower-bound)	0.0	1.0	
k127_359982	321	No	NA	1	0	0	Low-quality	Genome-fragment	0.75	AAI-based (medium-confidence)	0.0	1.0	no viral genes detected
k127_416341	387	No	NA	1	1	0	Low-quality	Genome-fragment	0.23	HMM-based (lower-bound)	0.0	1.0	
k127_249564	381	No	NA	1	1	0	Low-quality	Genome-fragment	0.52	HMM-based (lower-bound)	0.0	1.0	
k127_23035	447	No	NA	1	1	0	Low-quality	Genome-fragment	0.27	HMM-based (lower-bound)	0.0	1.0	
k127_529841	2704	No	NA	3	3	0	High-quality	High-quality	100.0	AAI-based (high-confidence)	0.0	1.01	
k127_23281	350	No	NA	1	1	0	Low-quality	Genome-fragment	0.52	HMM-based (lower-bound)	0.0	1.0	
k127_304403	616	No	NA	1	0	0	Not-determined	Genome-fragment	NA	NA	0.0	1.0	no viral genes detected
k127_304463	481	No	NA	1	0	0	Not-determined	Genome-fragment	NA	NA	0.0	1.0	no viral genes detected
k127_360908	601	No	NA	2	0	0	Not-determined	Genome-fragment	NA	NA	0.0	1.0	no viral genes detected
k127_135359	369	No	NA	1	1	0	Low-quality	Genome-fragment	0.53	HMM-based (lower-bound)	0.0	1.0	
k127_531155	339	No	NA	1	0	0	Not-determined	Genome-fragment	NA	NA	0.0	1.0	no viral genes detected
k127_24710	433	No	NA	1	0	0	Not-determined	Genome-fragment	NA	NA	0.0	1.0	no viral genes detected
k127_362150	374	No	NA	1	0	0	Low-quality	Genome-fragment	0.78	AAI-based (medium-confidence)	0.0	1.0	no viral genes detected
k127_193199	430	No	NA	1	0	0	Not-determined	Genome-fragment	NA	NA	0.0	1.0	no viral genes detected
k127_252249	815	No	NA	1	0	0	Not-determined	Genome-fragment	NA	NA	0.0	1.0	no viral genes detected
k127_476119	520	No	NA	1	0	0	Not-determined	Genome-fragment	NA	NA	0.0	1.0	no viral genes detected
k127_81219	307	No	NA	1	0	0	Not-determined	Genome-fragment	NA	NA	0.0	1.0	no viral genes detected
k127_26240	313	No	NA	1	1	0	Low-quality	Genome-fragment	0.22	HMM-based (lower-bound)	0.0	1.0	
k127_419911	301	No	NA	1	1	0	Low-quality	Genome-fragment	0.28	HMM-based (lower-bound)	0.0	1.0	
k127_419980	626	No	NA	2	0	0	Low-quality	Genome-fragment	1.42	AAI-based (medium-confidence)	0.0	1.0	no viral genes detected
k127_26713	322	No	NA	1	0	0	Not-determined	Genome-fragment	NA	NA	0.0	1.0	no viral genes detected
k127_363788	369	No	NA	1	0	0	Low-quality	Genome-fragment	0.8	AAI-based (medium-confidence)	0.0	1.0	no viral genes detected
k127_138180	453	No	NA	1	0	0	Not-determined	Genome-fragment	NA	NA	0.0	1.0	no viral genes detected
k127_81903	912	No	NA	2	1	0	Low-quality	Genome-fragment	2.25	AAI-based (medium-confidence)	0.0	1.0	
k127_420217	779	No	NA	1	1	0	Low-quality	Genome-fragment	0.92	AAI-based (high-confidence)	0.0	1.0	
k127_82199	746	No	NA	2	1	0	Low-quality	Genome-fragment	1.29	AAI-based (high-confidence)	0.0	1.0	
k127_307978	935	No	NA	2	0	0	Low-quality	Genome-fragment	2.16	AAI-based (medium-confidence)	0.0	1.0	no viral genes detected
k127_364622	349	No	NA	2	1	0	Low-quality	Genome-fragment	0.49	HMM-based (lower-bound)	0.0	1.0	
k127_477705	464	No	NA	1	0	0	Low-quality	Genome-fragment	0.91	AAI-based (medium-confidence)	0.0	1.0	no viral genes detected
k127_534074	469	No	NA	1	0	0	Low-quality	Genome-fragment	0.69	AAI-based (high-confidence)	0.0	1.0	no viral genes detected
k127_27995	513	No	NA	1	0	0	Not-determined	Genome-fragment	NA	NA	0.0	1.0	no viral genes detected
k127_28052	612	No	NA	1	0	1	Low-quality	Genome-fragment	1.08	AAI-based (medium-confidence)	0.0	1.0	no viral genes detected
k127_365244	332	No	NA	1	1	0	Low-quality	Genome-fragment	0.89	AAI-based (high-confidence)	0.0	1.0	
k127_28905	320	No	NA	1	1	0	Low-quality	Genome-fragment	0.3	HMM-based (lower-bound)	0.0	1.0	
k127_365936	323	No	NA	1	1	0	Low-quality	Genome-fragment	0.3	HMM-based (lower-bound)	0.0	1.0	
k127_309807	323	No	NA	1	0	0	Not-determined	Genome-fragment	NA	NA	0.0	1.0	no viral genes detected
k127_479231	356	No	NA	2	0	0	Low-quality	Genome-fragment	0.8	AAI-based (medium-confidence)	0.0	1.0	no viral genes detected
k127_535505	775	No	NA	1	0	1	Not-determined	Genome-fragment	NA	NA	0.0	1.0	no viral genes detected
k127_366594	858	No	NA	1	0	0	Not-determined	Genome-fragment	NA	NA	0.0	1.0	no viral genes detected
k127_535928	559	No	NA	1	0	0	Low-quality	Genome-fragment	1.45	AAI-based (medium-confidence)	0.0	1.0	no viral genes detected
k127_30160	605	No	NA	1	0	0	Not-determined	Genome-fragment	NA	NA	0.0	1.0	no viral genes detected
k127_197932	337	No	NA	1	0	0	Low-quality	Genome-fragment	0.46	AAI-based (medium-confidence)	0.0	1.0	no viral genes detected
k127_256864	854	No	NA	1	1	0	Low-quality	Genome-fragment	1.22	HMM-based (lower-bound)	0.0	1.02	
k127_310710	1282	No	NA	1	0	0	Not-determined	Genome-fragment	NA	NA	0.0	1.0	no viral genes detected
k127_310758	548	No	NA	1	0	0	Not-determined	Genome-fragment	NA	NA	0.0	1.0	no viral genes detected
k127_85284	370	No	NA	1	0	0	Low-quality	Genome-fragment	0.86	AAI-based (medium-confidence)	0.0	1.0	no viral genes detected
k127_257469	840	No	NA	3	0	0	Low-quality	Genome-fragment	2.13	AAI-based (high-confidence)	0.0	1.0	no viral genes detected
k127_30849	408	No	NA	1	0	0	Low-quality	Genome-fragment	0.87	AAI-based (medium-confidence)	0.0	1.0	no viral genes detected
k127_257599	591	No	NA	2	1	0	Low-quality	Genome-fragment	0.84	HMM-based (lower-bound)	0.0	1.0	
k127_311586	432	No	NA	1	0	0	Low-quality	Genome-fragment	0.3	AAI-based (medium-confidence)	0.0	1.0	no viral genes detected
k127_537123	523	No	NA	1	0	0	Not-determined	Genome-fragment	NA	NA	0.0	1.0	no viral genes detected
k127_424289	305	No	NA	1	0	0	Not-determined	Genome-fragment	NA	NA	0.0	1.0	no viral genes detected
k127_424386	378	No	NA	1	1	0	Low-quality	Genome-fragment	0.5	HMM-based (lower-bound)	0.0	1.0	
k127_199115	329	No	NA	1	1	0	Low-quality	Genome-fragment	0.61	HMM-based (lower-bound)	0.0	1.0	
k127_537641	557	No	NA	1	0	0	Low-quality	Genome-fragment	1.17	AAI-based (medium-confidence)	0.0	1.0	no viral genes detected
k127_425034	444	No	NA	1	0	0	Not-determined	Genome-fragment	NA	NA	0.0	1.0	no viral genes detected
k127_258876	326	No	NA	1	0	0	Low-quality	Genome-fragment	0.75	AAI-based (medium-confidence)	0.0	1.0	no viral genes detected
k127_32264	393	No	NA	1	0	0	Not-determined	Genome-fragment	NA	NA	0.0	1.0	no viral genes detected
k127_143489	1130	No	NA	1	0	0	Low-quality	Genome-fragment	2.19	AAI-based (medium-confidence)	0.0	1.0	no viral genes detected
k127_482263	434	No	NA	1	1	0	Low-quality	Genome-fragment	0.31	HMM-based (lower-bound)	0.0	1.0	
k127_538712	340	No	NA	1	1	0	Low-quality	Genome-fragment	0.48	HMM-based (lower-bound)	0.0	1.0	
k127_425900	361	No	NA	1	1	0	Low-quality	Genome-fragment	0.18	HMM-based (lower-bound)	0.0	1.0	
k127_259699	316	No	NA	1	0	0	Not-determined	Genome-fragment	NA	NA	0.0	1.0	no viral genes detected
k127_87671	641	No	NA	2	1	0	Low-quality	Genome-fragment	1.49	AAI-based (medium-confidence)	0.0	1.0	
k127_314107	366	No	NA	1	1	0	Low-quality	Genome-fragment	0.56	HMM-based (lower-bound)	0.0	1.0	
k127_201396	358	No	NA	1	1	0	Low-quality	Genome-fragment	0.78	AAI-based (medium-confidence)	0.0	1.0	
k127_33924	383	No	NA	1	0	0	Not-determined	Genome-fragment	NA	NA	0.0	1.0	no viral genes detected
k127_539990	334	No	NA	1	1	0	Low-quality	Genome-fragment	0.57	AAI-based (high-confidence)	0.0	1.0	
k127_427083	390	No	NA	1	0	0	Not-determined	Genome-fragment	NA	NA	0.0	1.0	no viral genes detected
k127_427098	338	No	NA	1	1	0	Low-quality	Genome-fragment	0.51	HMM-based (lower-bound)	0.0	1.0	
k127_145251	347	No	NA	1	1	0	Low-quality	Genome-fragment	0.67	HMM-based (lower-bound)	0.0	1.0	
k127_201990	593	No	NA	1	0	0	Not-determined	Genome-fragment	NA	NA	0.0	1.0	no viral genes detected
k127_540279	664	No	NA	1	0	1	Not-determined	Genome-fragment	NA	NA	0.0	1.0	no viral genes detected
k127_540371	377	No	NA	1	0	0	Not-determined	Genome-fragment	NA	NA	0.0	1.0	no viral genes detected
k127_540465	351	No	NA	1	0	0	Low-quality	Genome-fragment	0.22	AAI-based (medium-confidence)	0.0	1.0	no viral genes detected
k127_371517	350	No	NA	1	0	0	Not-determined	Genome-fragment	NA	NA	0.0	1.0	no viral genes detected
k127_484636	692	No	NA	2	0	0	Low-quality	Genome-fragment	1.26	AAI-based (high-confidence)	0.0	1.0	no viral genes detected
k127_371759	604	No	NA	2	2	0	Low-quality	Genome-fragment	1.55	AAI-based (medium-confidence)	0.0	1.0	
k127_315816	330	No	NA	1	0	0	Not-determined	Genome-fragment	NA	NA	0.0	1.0	no viral genes detected
k127_428620	790	No	NA	2	1	0	Low-quality	Genome-fragment	0.06	HMM-based (lower-bound)	0.0	1.06	
k127_316024	357	No	NA	1	1	0	Low-quality	Genome-fragment	0.54	HMM-based (lower-bound)	0.0	1.0	
k127_146832	420	No	NA	1	1	0	Low-quality	Genome-fragment	0.33	AAI-based (medium-confidence)	0.0	1.0	
k127_36148	319	No	NA	1	1	0	Low-quality	Genome-fragment	0.32	AAI-based (medium-confidence)	0.0	1.0	
k127_429161	468	No	NA	1	0	0	Low-quality	Genome-fragment	0.25	AAI-based (medium-confidence)	0.0	1.0	no viral genes detected
k127_36669	482	No	NA	1	0	0	Not-determined	Genome-fragment	NA	NA	0.0	1.0	no viral genes detected
k127_147500	585	No	NA	3	0	0	Low-quality	Genome-fragment	1.38	AAI-based (medium-confidence)	0.0	1.0	no viral genes detected
k127_542911	904	No	NA	1	1	0	Low-quality	Genome-fragment	2.33	AAI-based (medium-confidence)	0.0	1.0	
k127_373868	529	No	NA	2	0	0	Not-determined	Genome-fragment	NA	NA	0.0	1.0	no viral genes detected
k127_264563	494	No	NA	1	0	1	Not-determined	Genome-fragment	NA	NA	0.0	1.0	no viral genes detected
k127_38125	1461	No	NA	3	1	0	Low-quality	Genome-fragment	0.12	HMM-based (lower-bound)	0.0	1.0	
k127_318124	1260	No	NA	1	1	0	Low-quality	Genome-fragment	3.25	AAI-based (medium-confidence)	0.0	1.0	
k127_38150	322	No	NA	1	0	0	Not-determined	Genome-fragment	NA	NA	0.0	1.0	no viral genes detected
k127_487634	346	No	NA	1	0	0	Not-determined	Genome-fragment	NA	NA	0.0	1.0	no viral genes detected
k127_148967	649	No	NA	1	0	0	Low-quality	Genome-fragment	1.26	AAI-based (medium-confidence)	0.0	1.0	no viral genes detected
k127_488246	407	No	NA	1	0	0	Low-quality	Genome-fragment	0.2	AAI-based (medium-confidence)	0.0	1.0	no viral genes detected
k127_431537	792	No	NA	1	0	0	Not-determined	Genome-fragment	NA	NA	0.0	1.0	no viral genes detected
k127_318989	537	No	NA	1	0	0	Low-quality	Genome-fragment	1.14	AAI-based (medium-confidence)	0.0	1.0	no viral genes detected
k127_149844	441	No	NA	2	0	0	Low-quality	Genome-fragment	0.21	AAI-based (medium-confidence)	0.0	1.0	no viral genes detected
k127_375510	439	No	NA	1	0	0	Low-quality	Genome-fragment	0.86	AAI-based (medium-confidence)	0.0	1.0	no viral genes detected
k127_319178	789	No	NA	1	1	0	Low-quality	Genome-fragment	1.07	HMM-based (lower-bound)	0.0	1.0	
k127_39564	314	No	NA	1	1	0	Low-quality	Genome-fragment	0.41	HMM-based (lower-bound)	0.0	1.0	
k127_266773	441	No	NA	2	1	0	Low-quality	Genome-fragment	0.9	AAI-based (medium-confidence)	0.0	1.0	
k127_94164	327	No	NA	1	0	0	Not-determined	Genome-fragment	NA	NA	0.0	1.0	no viral genes detected
k127_40295	335	No	NA	1	0	0	Not-determined	Genome-fragment	NA	NA	0.0	1.0	no viral genes detected
k127_432851	825	No	NA	1	1	0	Low-quality	Genome-fragment	1.05	AAI-based (medium-confidence)	0.0	1.0	
k127_150997	750	No	NA	2	0	1	Not-determined	Genome-fragment	NA	NA	0.0	1.0	no viral genes detected
k127_545770	371	No	NA	1	0	0	Not-determined	Genome-fragment	NA	NA	0.0	1.0	no viral genes detected
k127_40646	481	No	NA	1	1	0	Low-quality	Genome-fragment	1.08	AAI-based (medium-confidence)	0.0	1.0	
k127_267381	338	No	NA	1	1	0	Low-quality	Genome-fragment	0.5	AAI-based (medium-confidence)	0.0	1.0	
k127_433339	396	No	NA	1	0	0	Low-quality	Genome-fragment	0.87	AAI-based (medium-confidence)	0.0	1.0	no viral genes detected
k127_95099	451	No	NA	1	0	0	Low-quality	Genome-fragment	0.92	AAI-based (medium-confidence)	0.0	1.0	no viral genes detected
k127_490524	302	No	NA	1	1	0	Low-quality	Genome-fragment	0.44	HMM-based (lower-bound)	0.0	1.0	
k127_151837	600	No	NA	2	1	0	Low-quality	Genome-fragment	0.87	AAI-based (medium-confidence)	0.0	1.0	
k127_321593	343	No	NA	2	1	0	Low-quality	Genome-fragment	0.51	HMM-based (lower-bound)	0.0	1.0	
k127_547281	407	No	NA	1	1	0	Low-quality	Genome-fragment	0.73	AAI-based (medium-confidence)	0.0	1.0	
k127_434509	2565	No	NA	1	1	0	Low-quality	Genome-fragment	37.35	AAI-based (medium-confidence)	0.0	1.0	
k127_152629	352	No	NA	1	1	0	Low-quality	Genome-fragment	0.48	HMM-based (lower-bound)	0.0	1.0	
k127_268879	307	No	NA	1	0	0	Not-determined	Genome-fragment	NA	NA	0.0	1.0	no viral genes detected
k127_491734	576	No	NA	1	1	0	Low-quality	Genome-fragment	1.26	AAI-based (medium-confidence)	0.0	1.0	
k127_491738	446	No	NA	1	0	0	Not-determined	Genome-fragment	NA	NA	0.0	1.0	no viral genes detected
k127_378586	579	No	NA	1	0	0	Low-quality	Genome-fragment	1.25	AAI-based (high-confidence)	0.0	1.0	no viral genes detected
k127_42670	547	No	NA	1	0	0	Not-determined	Genome-fragment	NA	NA	0.0	1.0	no viral genes detected
k127_96563	313	No	NA	1	1	0	Low-quality	Genome-fragment	0.42	HMM-based (lower-bound)	0.0	1.0	
k127_153256	394	No	NA	1	0	0	Not-determined	Genome-fragment	NA	NA	0.0	1.0	no viral genes detected
k127_96813	322	No	NA	1	1	0	Low-quality	Genome-fragment	0.44	HMM-based (lower-bound)	0.0	1.0	
k127_43060	444	No	NA	1	1	0	Low-quality	Genome-fragment	0.76	AAI-based (medium-confidence)	0.0	1.0	
k127_322926	1852	No	NA	2	0	0	Not-determined	Genome-fragment	NA	NA	0.0	1.0	no viral genes detected
k127_379474	487	No	NA	1	0	0	Not-determined	Genome-fragment	NA	NA	0.0	1.0	no viral genes detected
k127_154155	429	No	NA	1	0	0	Low-quality	Genome-fragment	0.99	AAI-based (medium-confidence)	0.0	1.0	no viral genes detected
k127_548889	358	No	NA	1	0	0	Not-determined	Genome-fragment	NA	NA	0.0	1.0	no viral genes detected
k127_379854	376	No	NA	1	1	0	Low-quality	Genome-fragment	1.07	AAI-based (medium-confidence)	0.0	1.0	
k127_270530	459	No	NA	1	1	0	Low-quality	Genome-fragment	0.79	HMM-based (lower-bound)	0.0	1.0	
k127_43990	2140	No	NA	2	0	0	Not-determined	Genome-fragment	NA	NA	0.0	1.0	no viral genes detected
k127_493298	508	No	NA	2	0	0	Not-determined	Genome-fragment	NA	NA	0.0	1.0	no viral genes detected
k127_44194	1293	No	NA	1	0	1	Not-determined	Genome-fragment	NA	NA	0.0	1.0	no viral genes detected
k127_493466	351	No	NA	1	0	0	Low-quality	Genome-fragment	0.48	AAI-based (medium-confidence)	0.0	1.0	no viral genes detected
k127_323820	334	No	NA	1	1	0	Low-quality	Genome-fragment	0.88	AAI-based (high-confidence)	0.0	1.0	
k127_493728	325	No	NA	1	1	0	Low-quality	Genome-fragment	0.13	HMM-based (lower-bound)	0.0	1.0	
k127_380492	667	No	NA	1	0	1	Low-quality	Genome-fragment	1.02	AAI-based (medium-confidence)	0.0	1.0	no viral genes detected
k127_493785	342	No	NA	1	0	0	Not-determined	Genome-fragment	NA	NA	0.0	1.0	no viral genes detected
k127_380666	371	No	NA	1	0	0	Not-determined	Genome-fragment	NA	NA	0.0	1.0	no viral genes detected
k127_98483	779	No	NA	1	0	0	Not-determined	Genome-fragment	NA	NA	0.0	1.0	no viral genes detected
k127_380814	353	No	NA	1	1	0	Low-quality	Genome-fragment	0.48	HMM-based (lower-bound)	0.0	1.0	
k127_549937	664	No	NA	2	1	0	Low-quality	Genome-fragment	1.14	AAI-based (medium-confidence)	0.0	1.0	
k127_437187	368	No	NA	1	0	0	Not-determined	Genome-fragment	NA	NA	0.0	1.0	no viral genes detected
k127_155526	496	No	NA	1	0	1	Not-determined	Genome-fragment	NA	NA	0.0	1.0	no viral genes detected
k127_324693	416	No	NA	1	0	0	Not-determined	Genome-fragment	NA	NA	0.0	1.0	no viral genes detected
k127_324840	412	No	NA	2	0	0	Not-determined	Genome-fragment	NA	NA	0.0	1.0	no viral genes detected
k127_550599	1720	No	NA	1	0	0	Not-determined	Genome-fragment	NA	NA	0.0	1.0	no viral genes detected
k127_550834	336	No	NA	2	0	0	Not-determined	Genome-fragment	NA	NA	0.0	1.0	no viral genes detected
k127_495153	417	No	NA	1	0	0	Not-determined	Genome-fragment	NA	NA	0.0	1.0	no viral genes detected
k127_381895	615	No	NA	1	0	1	Not-determined	Genome-fragment	NA	NA	0.0	1.0	no viral genes detected
k127_382031	341	No	NA	1	0	0	Not-determined	Genome-fragment	NA	NA	0.0	1.0	no viral genes detected
k127_46185	361	No	NA	1	1	0	Low-quality	Genome-fragment	0.45	AAI-based (medium-confidence)	0.0	1.0	
k127_325652	321	No	NA	1	0	0	Not-determined	Genome-fragment	NA	NA	0.0	1.0	no viral genes detected
k127_46327	464	No	NA	1	0	1	Not-determined	Genome-fragment	NA	NA	0.0	1.0	no viral genes detected
k127_156719	392	No	NA	1	0	0	Not-determined	Genome-fragment	NA	NA	0.0	1.0	no viral genes detected
k127_156727	758	No	NA	2	1	0	Low-quality	Genome-fragment	1.4	HMM-based (lower-bound)	0.0	1.0	
k127_46461	719	No	NA	1	0	0	Low-quality	Genome-fragment	0.49	AAI-based (medium-confidence)	0.0	1.0	no viral genes detected
k127_46715	527	No	NA	1	1	0	Low-quality	Genome-fragment	0.89	AAI-based (medium-confidence)	0.0	1.0	
k127_551806	523	No	NA	1	1	0	Low-quality	Genome-fragment	0.31	HMM-based (lower-bound)	0.0	1.0	
k127_100666	775	No	NA	1	0	1	Not-determined	Genome-fragment	NA	NA	0.0	1.0	no viral genes detected
k127_157670	388	No	NA	1	0	0	Low-quality	Genome-fragment	0.44	AAI-based (medium-confidence)	0.0	1.0	no viral genes detected
k127_327390	460	No	NA	1	0	0	Not-determined	Genome-fragment	NA	NA	0.0	1.0	no viral genes detected
k127_327482	1131	No	NA	2	0	1	Not-determined	Genome-fragment	NA	NA	0.0	1.01	no viral genes detected
k127_214823	303	No	NA	1	0	0	Not-determined	Genome-fragment	NA	NA	0.0	1.0	no viral genes detected
k127_384102	462	No	NA	1	0	0	Not-determined	Genome-fragment	NA	NA	0.0	1.0	no viral genes detected
k127_440428	324	No	NA	1	0	0	Low-quality	Genome-fragment	0.73	AAI-based (high-confidence)	0.0	1.0	no viral genes detected
k127_553325	369	No	NA	1	0	0	Not-determined	Genome-fragment	NA	NA	0.0	1.0	no viral genes detected
k127_327842	360	No	NA	1	0	0	Not-determined	Genome-fragment	NA	NA	0.0	1.0	no viral genes detected
k127_440735	322	No	NA	2	0	0	Not-determined	Genome-fragment	NA	NA	0.0	1.0	no viral genes detected
k127_553727	814	No	NA	1	0	0	Not-determined	Genome-fragment	NA	NA	0.0	1.0	no viral genes detected
k127_498008	663	No	NA	1	0	0	Low-quality	Genome-fragment	1.3	AAI-based (medium-confidence)	0.0	1.0	no viral genes detected
k127_49058	1088	No	NA	1	0	0	Not-determined	Genome-fragment	NA	NA	0.0	1.0	no viral genes detected
k127_276013	355	No	NA	1	1	0	Low-quality	Genome-fragment	0.41	HMM-based (lower-bound)	0.0	1.0	
k127_276140	422	No	NA	1	0	0	Low-quality	Genome-fragment	0.92	AAI-based (medium-confidence)	0.0	1.0	no viral genes detected
k127_441545	380	No	NA	1	0	0	Low-quality	Genome-fragment	0.84	AAI-based (medium-confidence)	0.0	1.0	no viral genes detected
k127_385656	563	No	NA	1	1	0	Low-quality	Genome-fragment	1.35	AAI-based (high-confidence)	0.0	1.0	
k127_103546	1287	No	NA	2	0	0	Low-quality	Genome-fragment	2.69	AAI-based (medium-confidence)	0.0	1.0	no viral genes detected
k127_499117	607	No	NA	1	0	0	Not-determined	Genome-fragment	NA	NA	0.0	1.0	no viral genes detected
k127_555235	411	No	NA	1	1	0	Low-quality	Genome-fragment	1.07	AAI-based (medium-confidence)	0.0	1.0	
k127_442339	560	No	NA	2	0	0	Low-quality	Genome-fragment	1.26	AAI-based (medium-confidence)	0.0	1.0	no viral genes detected
k127_442390	311	No	NA	1	0	0	Low-quality	Genome-fragment	0.81	AAI-based (high-confidence)	0.0	1.0	no viral genes detected
k127_442448	464	No	NA	1	0	0	Not-determined	Genome-fragment	NA	NA	0.0	1.0	no viral genes detected
k127_51027	491	No	NA	1	0	0	Not-determined	Genome-fragment	NA	NA	0.0	1.0	no viral genes detected
k127_386815	355	No	NA	1	1	0	Low-quality	Genome-fragment	0.51	HMM-based (lower-bound)	0.0	1.0	
k127_104945	1675	No	NA	3	2	0	Low-quality	Genome-fragment	2.05	AAI-based (medium-confidence)	0.0	1.0	
k127_278266	469	No	NA	1	0	0	Low-quality	Genome-fragment	0.99	AAI-based (medium-confidence)	0.0	1.0	no viral genes detected
k127_330765	939	No	NA	2	0	1	Not-determined	Genome-fragment	NA	NA	0.0	1.0	no viral genes detected
k127_278543	578	No	NA	1	0	0	Not-determined	Genome-fragment	NA	NA	0.0	1.0	no viral genes detected
k127_278734	301	No	NA	1	0	0	Low-quality	Genome-fragment	0.73	AAI-based (medium-confidence)	0.0	1.0	no viral genes detected
k127_501206	336	No	NA	1	1	0	Low-quality	Genome-fragment	0.58	HMM-based (lower-bound)	0.0	1.0	
k127_52407	1361	No	NA	1	1	0	Low-quality	Genome-fragment	3.13	AAI-based (medium-confidence)	0.0	1.0	
k127_279181	357	No	NA	1	0	0	Low-quality	Genome-fragment	0.29	AAI-based (medium-confidence)	0.0	1.0	no viral genes detected
k127_557078	305	No	NA	1	0	0	Low-quality	Genome-fragment	0.73	AAI-based (medium-confidence)	0.0	1.0	no viral genes detected
k127_106176	349	No	NA	1	0	1	Low-quality	Genome-fragment	0.13	AAI-based (high-confidence)	0.0	1.0	no viral genes detected
k127_219327	343	No	NA	1	1	0	Low-quality	Genome-fragment	0.28	HMM-based (lower-bound)	0.0	1.0	
k127_557543	754	No	NA	1	0	1	Not-determined	Genome-fragment	NA	NA	0.0	1.0	no viral genes detected
k127_444926	516	No	NA	1	0	0	Low-quality	Genome-fragment	1.02	AAI-based (medium-confidence)	0.0	1.0	no viral genes detected
k127_53445	533	No	NA	1	0	0	Not-determined	Genome-fragment	NA	NA	0.0	1.0	no viral genes detected
k127_163423	744	No	NA	1	0	0	Not-determined	Genome-fragment	NA	NA	0.0	1.0	no viral genes detected
k127_53514	430	No	NA	1	0	0	Not-determined	Genome-fragment	NA	NA	0.0	1.0	no viral genes detected
k127_389085	1446	No	NA	1	0	1	Not-determined	Genome-fragment	NA	NA	0.0	1.0	no viral genes detected
k127_502458	349	No	NA	1	1	0	Low-quality	Genome-fragment	0.53	HMM-based (lower-bound)	0.0	1.0	
k127_280570	341	No	NA	2	1	0	Low-quality	Genome-fragment	0.76	AAI-based (medium-confidence)	0.0	1.0	
k127_502610	331	No	NA	1	0	0	Not-determined	Genome-fragment	NA	NA	0.0	1.0	no viral genes detected
k127_107188	350	No	NA	1	0	0	Not-determined	Genome-fragment	NA	NA	0.0	1.0	no viral genes detected
k127_389657	416	No	NA	1	0	0	Not-determined	Genome-fragment	NA	NA	0.0	1.0	no viral genes detected
k127_281015	372	No	NA	1	0	0	Not-determined	Genome-fragment	NA	NA	0.0	1.0	no viral genes detected
k127_446213	511	No	NA	1	0	0	Not-determined	Genome-fragment	NA	NA	0.0	1.0	no viral genes detected
k127_281449	664	No	NA	1	1	0	Low-quality	Genome-fragment	0.76	HMM-based (lower-bound)	0.0	1.0	
k127_164673	424	No	NA	1	1	0	Low-quality	Genome-fragment	1.02	AAI-based (high-confidence)	0.0	1.0	
k127_446541	622	No	NA	1	0	1	Not-determined	Genome-fragment	NA	NA	0.0	1.0	no viral genes detected
k127_281680	507	No	NA	1	0	1	Not-determined	Genome-fragment	NA	NA	0.0	1.0	no viral genes detected
k127_390328	641	No	NA	1	1	0	Low-quality	Genome-fragment	1.68	AAI-based (medium-confidence)	0.0	1.0	
k127_165028	313	No	NA	1	0	0	Not-determined	Genome-fragment	NA	NA	0.0	1.0	no viral genes detected
k127_334144	675	No	NA	1	0	0	Not-determined	Genome-fragment	NA	NA	0.0	1.0	no viral genes detected
k127_559863	541	No	NA	1	0	0	Low-quality	Genome-fragment	1.1	AAI-based (medium-confidence)	0.0	1.0	no viral genes detected
k127_504333	307	No	NA	1	1	0	Low-quality	Genome-fragment	0.21	HMM-based (lower-bound)	0.0	1.0	
k127_560470	312	No	NA	1	0	0	Low-quality	Genome-fragment	0.76	AAI-based (medium-confidence)	0.0	1.0	no viral genes detected
k127_166419	476	No	NA	1	0	1	Not-determined	Genome-fragment	NA	NA	0.0	1.0	no viral genes detected
k127_392022	421	No	NA	1	0	0	Low-quality	Genome-fragment	0.33	AAI-based (medium-confidence)	0.0	1.0	no viral genes detected
k127_110135	602	No	NA	1	0	0	Low-quality	Genome-fragment	1.19	AAI-based (medium-confidence)	0.0	1.0	no viral genes detected
k127_166973	581	No	NA	2	0	0	Low-quality	Genome-fragment	1.18	AAI-based (medium-confidence)	0.0	1.0	no viral genes detected
k127_223504	392	No	NA	1	0	0	Low-quality	Genome-fragment	0.92	AAI-based (medium-confidence)	0.0	1.0	no viral genes detected
k127_392578	337	No	NA	2	0	0	Low-quality	Genome-fragment	0.88	AAI-based (medium-confidence)	0.0	1.0	no viral genes detected
k127_449054	879	No	NA	1	0	1	Not-determined	Genome-fragment	NA	NA	0.0	1.0	no viral genes detected
k127_110579	826	No	NA	1	1	0	Low-quality	Genome-fragment	1.08	HMM-based (lower-bound)	0.0	1.0	
k127_110713	488	No	NA	1	0	0	Not-determined	Genome-fragment	NA	NA	0.0	1.0	no viral genes detected
k127_393376	337	No	NA	1	1	0	Low-quality	Genome-fragment	0.89	AAI-based (medium-confidence)	0.0	1.0	
k127_168005	1155	No	NA	1	1	0	Low-quality	Genome-fragment	2.68	AAI-based (medium-confidence)	0.0	1.0	
k127_507423	393	No	NA	1	1	0	Low-quality	Genome-fragment	0.63	HMM-based (lower-bound)	0.0	1.0	
k127_337777	319	No	NA	1	0	0	Not-determined	Genome-fragment	NA	NA	0.0	1.0	no viral genes detected
k127_338445	466	No	NA	1	0	1	Not-determined	Genome-fragment	NA	NA	0.0	1.0	no viral genes detected
