contig_id	contig_length	provirus	proviral_length	gene_count	viral_genes	host_genes	checkv_quality	miuvig_quality	completeness	completeness_method	contamination	kmer_freq	warnings
k127_370577	323	No	NA	1	0	0	Not-determined	Genome-fragment	NA	NA	0.0	1.0	no viral genes detected
k127_264864	547	No	NA	2	1	0	Low-quality	Genome-fragment	1.11	AAI-based (medium-confidence)	0.0	1.0	
k127_476630	1634	No	NA	2	2	0	Low-quality	Genome-fragment	1.99	HMM-based (lower-bound)	0.0	1.0	
k127_277	340	No	NA	1	1	0	Low-quality	Genome-fragment	0.64	AAI-based (medium-confidence)	0.0	1.0	
k127_317917	403	No	NA	1	0	0	Not-determined	Genome-fragment	NA	NA	0.0	1.0	no viral genes detected
k127_423816	400	No	NA	1	0	0	Low-quality	Genome-fragment	0.93	AAI-based (medium-confidence)	0.0	1.0	no viral genes detected
k127_370855	5460	No	NA	11	0	0	Not-determined	Genome-fragment	NA	NA	0.0	1.0	no viral genes detected
k127_53267	331	No	NA	1	0	0	Low-quality	Genome-fragment	0.6	AAI-based (medium-confidence)	0.0	1.0	no viral genes detected
k127_318017	548	No	NA	1	1	0	Low-quality	Genome-fragment	1.06	AAI-based (medium-confidence)	0.0	1.0	
k127_159279	4098	No	NA	5	0	1	Low-quality	Genome-fragment	9.2	AAI-based (medium-confidence)	0.0	1.0	no viral genes detected
k127_424028	372	No	NA	1	0	0	Low-quality	Genome-fragment	0.51	AAI-based (medium-confidence)	0.0	1.0	no viral genes detected
k127_729	554	No	NA	1	1	0	Low-quality	Genome-fragment	0.81	HMM-based (lower-bound)	0.0	1.0	
k127_424749	314	No	NA	1	1	0	Low-quality	Genome-fragment	0.49	HMM-based (lower-bound)	0.0	1.0	
k127_213049	407	No	NA	1	0	0	Low-quality	Genome-fragment	2.62	AAI-based (medium-confidence)	0.0	1.0	no viral genes detected
k127_160144	472	No	NA	1	0	0	Low-quality	Genome-fragment	0.93	AAI-based (medium-confidence)	0.0	1.0	no viral genes detected
k127_160218	5843	No	NA	8	0	2	Not-determined	Genome-fragment	NA	NA	0.0	1.01	no viral genes detected
k127_160455	838	No	NA	1	0	0	Low-quality	Genome-fragment	1.6	AAI-based (medium-confidence)	0.0	1.0	no viral genes detected
k127_107709	8173	No	NA	11	5	0	Low-quality	Genome-fragment	22.96	AAI-based (medium-confidence)	0.0	1.0	
k127_1986	388	No	NA	1	0	0	Not-determined	Genome-fragment	NA	NA	0.0	1.0	no viral genes detected
k127_107815	303	No	NA	1	0	0	Low-quality	Genome-fragment	0.72	AAI-based (high-confidence)	0.0	1.0	no viral genes detected
k127_319525	448	No	NA	1	1	0	Low-quality	Genome-fragment	0.57	AAI-based (high-confidence)	0.0	1.0	
k127_55135	312	No	NA	1	0	0	Not-determined	Genome-fragment	NA	NA	0.0	1.0	no viral genes detected
k127_55144	580	No	NA	2	1	0	Low-quality	Genome-fragment	0.65	HMM-based (lower-bound)	0.0	1.0	
k127_425673	374	No	NA	1	1	0	Low-quality	Genome-fragment	0.53	HMM-based (lower-bound)	0.0	1.0	
k127_425706	334	No	NA	1	1	0	Low-quality	Genome-fragment	0.64	HMM-based (lower-bound)	0.0	1.0	
k127_478601	312	No	NA	1	1	0	Low-quality	Genome-fragment	0.44	HMM-based (lower-bound)	0.0	1.0	
k127_425868	240	No	NA	1	1	0	Low-quality	Genome-fragment	0.46	AAI-based (high-confidence)	0.0	1.0	
k127_425871	240	No	NA	1	1	0	Low-quality	Genome-fragment	0.46	AAI-based (high-confidence)	0.0	1.0	
k127_320156	334	No	NA	1	0	0	Not-determined	Genome-fragment	NA	NA	0.0	1.0	no viral genes detected
k127_320196	1455	No	NA	1	0	0	Low-quality	Genome-fragment	2.0	AAI-based (high-confidence)	0.0	1.0	no viral genes detected
k127_373167	352	No	NA	1	0	0	Low-quality	Genome-fragment	0.82	AAI-based (medium-confidence)	0.0	1.0	no viral genes detected
k127_320253	392	No	NA	1	0	0	Not-determined	Genome-fragment	NA	NA	0.0	1.0	no viral genes detected
k127_320506	3041	No	NA	5	0	0	Not-determined	Genome-fragment	NA	NA	0.0	1.0	no viral genes detected
k127_267585	712	No	NA	1	0	0	Low-quality	Genome-fragment	1.14	AAI-based (medium-confidence)	0.0	1.0	no viral genes detected
k127_3547	329	No	NA	1	1	0	Low-quality	Genome-fragment	0.23	AAI-based (medium-confidence)	0.0	1.0	
k127_426934	508	No	NA	1	1	0	Low-quality	Genome-fragment	0.72	HMM-based (lower-bound)	0.0	1.0	
k127_320920	776	No	NA	1	1	0	Low-quality	Genome-fragment	0.99	HMM-based (lower-bound)	0.0	1.0	
k127_426984	308	No	NA	1	0	0	Not-determined	Genome-fragment	NA	NA	0.0	1.0	no viral genes detected
k127_320977	354	No	NA	1	1	0	Low-quality	Genome-fragment	0.5	HMM-based (lower-bound)	0.0	1.0	
k127_109329	473	No	NA	1	0	0	Low-quality	Genome-fragment	1.13	AAI-based (medium-confidence)	0.0	1.0	no viral genes detected
k127_427055	334	No	NA	1	0	0	Not-determined	Genome-fragment	NA	NA	0.0	1.0	no viral genes detected
k127_162338	302	No	NA	1	0	0	Not-determined	Genome-fragment	NA	NA	0.0	1.0	no viral genes detected
k127_374140	401	No	NA	1	0	0	Not-determined	Genome-fragment	NA	NA	0.0	1.0	no viral genes detected
k127_162595	376	No	NA	2	0	0	Not-determined	Genome-fragment	NA	NA	0.0	1.0	no viral genes detected
k127_56877	325	No	NA	1	1	0	Low-quality	Genome-fragment	0.52	HMM-based (lower-bound)	0.0	1.0	
k127_374378	542	No	NA	2	0	0	Not-determined	Genome-fragment	NA	NA	0.0	1.0	no viral genes detected
k127_321290	1050	No	NA	3	0	0	Low-quality	Genome-fragment	2.07	AAI-based (medium-confidence)	0.0	1.0	no viral genes detected
k127_4136	339	No	NA	1	1	0	Low-quality	Genome-fragment	0.66	AAI-based (medium-confidence)	0.0	1.0	
k127_427606	802	No	NA	1	0	0	Low-quality	Genome-fragment	1.9	AAI-based (high-confidence)	0.0	1.0	no viral genes detected
k127_480467	337	No	NA	1	1	0	Low-quality	Genome-fragment	0.91	AAI-based (medium-confidence)	0.0	1.0	
k127_480490	369	No	NA	2	1	0	Low-quality	Genome-fragment	0.45	AAI-based (medium-confidence)	0.0	1.0	
k127_162944	330	No	NA	1	0	0	Low-quality	Genome-fragment	0.79	AAI-based (high-confidence)	0.0	1.0	no viral genes detected
k127_321565	1445	No	NA	1	0	1	Not-determined	Genome-fragment	NA	NA	0.0	1.0	no viral genes detected
k127_110082	317	No	NA	1	1	0	Low-quality	Genome-fragment	0.47	AAI-based (high-confidence)	0.0	1.0	
k127_321771	1290	No	NA	1	1	0	Low-quality	Genome-fragment	0.96	HMM-based (lower-bound)	0.0	1.0	
k127_57455	323	No	NA	1	0	0	Not-determined	Genome-fragment	NA	NA	0.0	1.0	no viral genes detected
k127_268941	785	No	NA	1	0	0	Not-determined	Genome-fragment	NA	NA	0.0	1.0	no viral genes detected
k127_163434	1153	No	NA	1	0	1	Not-determined	Genome-fragment	NA	NA	0.0	1.0	no viral genes detected
k127_322066	1770	No	NA	1	0	0	Low-quality	Genome-fragment	3.79	AAI-based (high-confidence)	0.0	1.0	no viral genes detected
k127_57732	376	No	NA	1	0	0	Not-determined	Genome-fragment	NA	NA	0.0	1.0	no viral genes detected
k127_163695	899	No	NA	1	1	0	Low-quality	Genome-fragment	0.83	HMM-based (lower-bound)	0.0	1.0	
k127_375535	340	No	NA	1	0	0	Not-determined	Genome-fragment	NA	NA	0.0	1.0	no viral genes detected
k127_163889	565	No	NA	1	0	0	Not-determined	Genome-fragment	NA	NA	0.0	1.0	no viral genes detected
k127_58135	5147	No	NA	8	0	1	Not-determined	Genome-fragment	NA	NA	0.0	1.0	no viral genes detected
k127_111059	374	No	NA	1	1	0	Low-quality	Genome-fragment	0.31	HMM-based (lower-bound)	0.0	1.0	
k127_322591	557	No	NA	2	0	0	Not-determined	Genome-fragment	NA	NA	0.0	1.0	no viral genes detected
k127_428842	309	No	NA	1	0	0	Not-determined	Genome-fragment	NA	NA	0.0	1.0	no viral genes detected
k127_269877	549	No	NA	1	0	0	Not-determined	Genome-fragment	NA	NA	0.0	1.0	no viral genes detected
k127_269955	1145	No	NA	2	0	0	Low-quality	Genome-fragment	2.53	AAI-based (high-confidence)	0.0	1.0	no viral genes detected
k127_5688	436	No	NA	1	0	0	Not-determined	Genome-fragment	NA	NA	0.0	1.0	no viral genes detected
k127_429120	417	No	NA	1	1	0	Low-quality	Genome-fragment	0.63	HMM-based (lower-bound)	0.0	1.0	
k127_164742	422	No	NA	1	1	0	Low-quality	Genome-fragment	0.29	HMM-based (lower-bound)	0.0	1.0	
k127_376584	740	No	NA	1	0	1	Not-determined	Genome-fragment	NA	NA	0.0	1.0	no viral genes detected
k127_6225	341	No	NA	1	1	0	Low-quality	Genome-fragment	0.44	HMM-based (lower-bound)	0.0	1.0	
k127_165078	649	No	NA	2	1	0	Low-quality	Genome-fragment	0.95	HMM-based (lower-bound)	0.0	1.0	
k127_323564	3519	No	NA	6	2	0	Low-quality	Genome-fragment	7.55	AAI-based (medium-confidence)	0.0	1.0	
k127_429963	406	No	NA	2	1	0	Low-quality	Genome-fragment	0.36	HMM-based (lower-bound)	0.0	1.0	
k127_112465	608	No	NA	1	0	0	Not-determined	Genome-fragment	NA	NA	0.0	1.0	no viral genes detected
k127_218020	1399	No	NA	1	1	0	Low-quality	Genome-fragment	3.24	AAI-based (high-confidence)	0.0	1.0	
k127_218089	399	No	NA	1	1	0	Low-quality	Genome-fragment	0.52	HMM-based (lower-bound)	0.0	1.0	
k127_271083	1472	No	NA	5	2	0	Low-quality	Genome-fragment	3.93	HMM-based (lower-bound)	0.0	1.0	
k127_271144	355	No	NA	1	1	0	Low-quality	Genome-fragment	0.79	AAI-based (medium-confidence)	0.0	1.0	
k127_7028	398	No	NA	1	1	0	Low-quality	Genome-fragment	0.6	HMM-based (lower-bound)	0.0	1.0	
k127_7038	595	No	NA	1	0	0	Low-quality	Genome-fragment	1.22	AAI-based (high-confidence)	0.0	1.0	no viral genes detected
k127_324138	308	No	NA	1	0	0	Low-quality	Genome-fragment	0.42	AAI-based (medium-confidence)	0.0	1.0	no viral genes detected
k127_59895	362	No	NA	2	0	0	Not-determined	Genome-fragment	NA	NA	0.0	1.0	no viral genes detected
k127_59902	347	No	NA	1	0	0	Low-quality	Genome-fragment	0.84	AAI-based (medium-confidence)	0.0	1.0	no viral genes detected
k127_60034	306	No	NA	1	0	0	Low-quality	Genome-fragment	0.95	AAI-based (medium-confidence)	0.0	1.0	no viral genes detected
k127_113057	357	No	NA	1	0	0	Not-determined	Genome-fragment	NA	NA	0.0	1.0	no viral genes detected
k127_218511	445	No	NA	1	0	0	Not-determined	Genome-fragment	NA	NA	0.0	1.0	no viral genes detected
k127_430828	1922	No	NA	3	1	0	Low-quality	Genome-fragment	1.58	HMM-based (lower-bound)	0.0	1.01	
k127_483961	323	No	NA	1	0	0	Not-determined	Genome-fragment	NA	NA	0.0	1.0	no viral genes detected
k127_60458	890	No	NA	1	0	1	Not-determined	Genome-fragment	NA	NA	0.0	1.0	no viral genes detected
k127_7835	367	No	NA	1	1	0	Low-quality	Genome-fragment	0.33	HMM-based (lower-bound)	0.0	1.0	
k127_8022	890	No	NA	1	0	0	Not-determined	Genome-fragment	NA	NA	0.0	1.0	no viral genes detected
k127_484307	334	No	NA	1	0	0	Not-determined	Genome-fragment	NA	NA	0.0	1.0	no viral genes detected
k127_325161	548	No	NA	1	0	1	Not-determined	Genome-fragment	NA	NA	0.0	1.0	no viral genes detected
k127_378605	918	No	NA	3	1	0	Low-quality	Genome-fragment	1.83	AAI-based (medium-confidence)	0.0	1.0	
k127_219353	449	No	NA	1	0	0	Low-quality	Genome-fragment	0.96	AAI-based (medium-confidence)	0.0	1.0	no viral genes detected
k127_166986	906	No	NA	2	0	0	Low-quality	Genome-fragment	1.96	AAI-based (high-confidence)	0.0	1.0	no viral genes detected
k127_167038	376	No	NA	2	0	0	Low-quality	Genome-fragment	1.58	AAI-based (medium-confidence)	0.0	1.0	no viral genes detected
k127_431828	307	No	NA	1	1	0	Low-quality	Genome-fragment	0.69	HMM-based (lower-bound)	0.0	1.0	
k127_272602	3550	Yes	3125	4	3	1	Low-quality	Genome-fragment	11.84	AAI-based (high-confidence)	11.97	1.0	
k127_114243	856	No	NA	1	1	0	Low-quality	Genome-fragment	1.29	HMM-based (lower-bound)	0.0	1.0	
k127_114271	608	No	NA	1	0	0	Not-determined	Genome-fragment	NA	NA	0.0	1.0	no viral genes detected
k127_379045	624	No	NA	1	1	0	Low-quality	Genome-fragment	0.97	HMM-based (lower-bound)	0.0	1.0	
k127_379063	852	No	NA	3	0	0	Not-determined	Genome-fragment	NA	NA	0.0	1.0	no viral genes detected
k127_114344	391	No	NA	2	0	0	Not-determined	Genome-fragment	NA	NA	0.0	1.0	no viral genes detected
k127_379079	326	No	NA	1	0	0	Low-quality	Genome-fragment	0.75	AAI-based (high-confidence)	0.0	1.0	no viral genes detected
k127_114408	339	No	NA	1	0	0	Low-quality	Genome-fragment	2.31	AAI-based (medium-confidence)	0.0	1.0	no viral genes detected
k127_114430	397	No	NA	1	0	0	Low-quality	Genome-fragment	0.47	AAI-based (medium-confidence)	0.0	1.0	no viral genes detected
k127_114551	660	No	NA	1	1	0	Low-quality	Genome-fragment	1.96	AAI-based (medium-confidence)	0.0	1.0	
k127_219964	389	No	NA	1	0	0	Not-determined	Genome-fragment	NA	NA	0.0	1.0	no viral genes detected
k127_325960	493	No	NA	1	0	0	Not-determined	Genome-fragment	NA	NA	0.0	1.0	no viral genes detected
k127_273334	437	No	NA	1	1	0	Low-quality	Genome-fragment	0.61	HMM-based (lower-bound)	0.0	1.0	
k127_168013	527	No	NA	1	0	0	Low-quality	Genome-fragment	1.09	AAI-based (medium-confidence)	0.0	1.0	no viral genes detected
k127_9391	368	No	NA	1	0	0	Not-determined	Genome-fragment	NA	NA	0.0	1.0	no viral genes detected
k127_273384	356	No	NA	1	1	0	Low-quality	Genome-fragment	0.75	HMM-based (lower-bound)	0.0	1.0	
k127_326417	1099	No	NA	4	2	0	Low-quality	Genome-fragment	2.06	AAI-based (high-confidence)	0.0	1.0	
k127_9481	387	No	NA	1	1	0	Low-quality	Genome-fragment	0.91	AAI-based (medium-confidence)	0.0	1.0	
k127_432830	363	No	NA	1	1	0	Low-quality	Genome-fragment	0.95	AAI-based (medium-confidence)	0.0	1.0	
k127_9589	5506	No	NA	11	0	0	Low-quality	Genome-fragment	11.0	AAI-based (high-confidence)	0.0	1.0	no viral genes detected
k127_9667	458	No	NA	1	1	0	Low-quality	Genome-fragment	0.68	HMM-based (lower-bound)	0.0	1.0	
k127_273675	344	No	NA	2	0	0	Low-quality	Genome-fragment	1.47	AAI-based (medium-confidence)	0.0	1.0	no viral genes detected
k127_486150	368	No	NA	2	1	0	Low-quality	Genome-fragment	0.85	AAI-based (high-confidence)	0.0	1.0	
k127_10209	314	No	NA	1	1	0	Low-quality	Genome-fragment	0.26	HMM-based (lower-bound)	0.0	1.0	
k127_486551	350	No	NA	1	1	0	Low-quality	Genome-fragment	0.54	HMM-based (lower-bound)	0.0	1.0	
k127_63184	455	No	NA	1	0	0	Low-quality	Genome-fragment	1.14	AAI-based (medium-confidence)	0.0	1.0	no viral genes detected
k127_221318	445	No	NA	1	0	0	Low-quality	Genome-fragment	0.77	AAI-based (medium-confidence)	0.0	1.0	no viral genes detected
k127_10537	360	No	NA	1	0	0	Low-quality	Genome-fragment	0.41	AAI-based (high-confidence)	0.0	1.0	no viral genes detected
k127_274459	420	No	NA	1	1	0	Low-quality	Genome-fragment	0.6	HMM-based (lower-bound)	0.0	1.0	
k127_486891	430	No	NA	1	1	0	Low-quality	Genome-fragment	0.68	HMM-based (lower-bound)	0.0	1.0	
k127_274697	972	No	NA	2	1	0	Low-quality	Genome-fragment	1.94	AAI-based (medium-confidence)	0.0	1.0	
k127_434374	340	No	NA	1	0	0	Not-determined	Genome-fragment	NA	NA	0.0	1.0	no viral genes detected
k127_11086	479	No	NA	2	0	0	Not-determined	Genome-fragment	NA	NA	0.0	1.0	no viral genes detected
k127_274958	343	No	NA	1	1	0	Low-quality	Genome-fragment	0.66	HMM-based (lower-bound)	0.0	1.0	
k127_328058	503	No	NA	1	0	1	Not-determined	Genome-fragment	NA	NA	0.0	1.0	no viral genes detected
k127_381553	362	No	NA	1	0	0	Not-determined	Genome-fragment	NA	NA	0.0	1.0	no viral genes detected
k127_116898	840	No	NA	1	0	0	Low-quality	Genome-fragment	1.89	AAI-based (high-confidence)	0.0	1.0	no viral genes detected
k127_434565	442	No	NA	1	0	0	Not-determined	Genome-fragment	NA	NA	0.0	1.0	no viral genes detected
k127_328223	360	No	NA	1	0	0	Low-quality	Genome-fragment	0.74	AAI-based (medium-confidence)	0.0	1.0	no viral genes detected
k127_222115	484	No	NA	1	0	0	Low-quality	Genome-fragment	0.53	AAI-based (medium-confidence)	0.0	1.0	no viral genes detected
k127_487722	3357	No	NA	7	0	0	Not-determined	Genome-fragment	NA	NA	0.0	1.0	no viral genes detected
k127_117144	488	No	NA	1	0	0	Low-quality	Genome-fragment	0.94	AAI-based (medium-confidence)	0.0	1.0	no viral genes detected
k127_170126	312	No	NA	1	0	0	Low-quality	Genome-fragment	0.55	AAI-based (high-confidence)	0.0	1.0	no viral genes detected
k127_434905	373	No	NA	2	0	0	Low-quality	Genome-fragment	0.6	AAI-based (medium-confidence)	0.0	1.0	no viral genes detected
k127_275386	556	No	NA	1	0	0	Low-quality	Genome-fragment	1.05	AAI-based (medium-confidence)	0.0	1.0	no viral genes detected
k127_117397	644	No	NA	1	0	0	Low-quality	Genome-fragment	1.8	AAI-based (medium-confidence)	0.0	1.0	no viral genes detected
k127_222474	1441	No	NA	1	1	0	Low-quality	Genome-fragment	2.71	HMM-based (lower-bound)	0.0	1.0	
k127_488192	520	No	NA	1	0	1	Low-quality	Genome-fragment	0.41	AAI-based (medium-confidence)	0.0	1.0	no viral genes detected
k127_170557	9120	No	NA	25	6	0	Low-quality	Genome-fragment	13.95	HMM-based (lower-bound)	0.0	1.0	
k127_12007	354	No	NA	1	0	0	Low-quality	Genome-fragment	0.5	AAI-based (medium-confidence)	0.0	1.0	no viral genes detected
k127_328977	403	No	NA	1	1	0	Low-quality	Genome-fragment	0.55	HMM-based (lower-bound)	0.0	1.0	
k127_329192	615	No	NA	1	0	0	Not-determined	Genome-fragment	NA	NA	0.0	1.0	no viral genes detected
k127_488783	413	No	NA	1	0	0	Not-determined	Genome-fragment	NA	NA	0.0	1.0	no viral genes detected
k127_12545	981	No	NA	2	0	0	Low-quality	Genome-fragment	1.22	AAI-based (medium-confidence)	0.0	1.0	no viral genes detected
k127_12577	2723	No	NA	4	0	0	Not-determined	Genome-fragment	NA	NA	0.0	1.0	no viral genes detected
k127_118256	1055	No	NA	4	1	0	Low-quality	Genome-fragment	2.4	AAI-based (medium-confidence)	0.0	1.0	
k127_171391	2832	No	NA	2	1	0	Low-quality	Genome-fragment	5.42	AAI-based (medium-confidence)	0.0	1.0	
k127_171413	1185	No	NA	1	1	0	Low-quality	Genome-fragment	1.99	AAI-based (high-confidence)	0.0	1.0	
k127_436210	386	No	NA	1	1	0	Low-quality	Genome-fragment	0.36	HMM-based (lower-bound)	0.0	1.0	
k127_383263	384	No	NA	2	0	0	Not-determined	Genome-fragment	NA	NA	0.0	1.0	no viral genes detected
k127_276608	361	No	NA	2	0	0	Not-determined	Genome-fragment	NA	NA	0.0	1.0	no viral genes detected
k127_65866	349	No	NA	1	0	0	Not-determined	Genome-fragment	NA	NA	0.0	1.0	no viral genes detected
k127_329882	423	No	NA	2	0	0	Low-quality	Genome-fragment	0.98	AAI-based (high-confidence)	0.0	1.0	no viral genes detected
k127_436579	556	No	NA	1	0	0	Not-determined	Genome-fragment	NA	NA	0.0	1.0	no viral genes detected
k127_223849	675	No	NA	1	1	0	Low-quality	Genome-fragment	1.25	HMM-based (lower-bound)	0.0	1.0	
k127_223918	316	No	NA	1	0	0	Not-determined	Genome-fragment	NA	NA	0.0	1.0	no viral genes detected
k127_330054	309	No	NA	1	0	0	Not-determined	Genome-fragment	NA	NA	0.0	1.0	no viral genes detected
k127_436768	437	No	NA	2	1	0	Low-quality	Genome-fragment	0.32	HMM-based (lower-bound)	0.0	1.0	
k127_330114	400	No	NA	1	0	0	Not-determined	Genome-fragment	NA	NA	0.0	1.0	no viral genes detected
k127_330134	465	No	NA	1	0	0	Not-determined	Genome-fragment	NA	NA	0.0	1.0	no viral genes detected
k127_330350	454	No	NA	1	0	0	Low-quality	Genome-fragment	1.05	AAI-based (medium-confidence)	0.0	1.0	no viral genes detected
k127_330473	487	No	NA	2	0	0	Low-quality	Genome-fragment	1.23	AAI-based (medium-confidence)	0.0	1.0	no viral genes detected
k127_384229	698	No	NA	1	0	0	Low-quality	Genome-fragment	1.68	AAI-based (high-confidence)	0.0	1.0	no viral genes detected
k127_277666	383	No	NA	1	0	0	Not-determined	Genome-fragment	NA	NA	0.0	1.0	no viral genes detected
k127_330659	705	No	NA	1	0	0	Not-determined	Genome-fragment	NA	NA	0.0	1.0	no viral genes detected
k127_277739	438	No	NA	1	1	0	Low-quality	Genome-fragment	0.61	AAI-based (medium-confidence)	0.0	1.0	
k127_224659	564	No	NA	1	0	0	Not-determined	Genome-fragment	NA	NA	0.0	1.0	no viral genes detected
k127_437575	502	No	NA	1	0	0	Not-determined	Genome-fragment	NA	NA	0.0	1.0	no viral genes detected
k127_330910	1539	No	NA	2	0	1	Not-determined	Genome-fragment	NA	NA	0.0	1.0	no viral genes detected
k127_14390	444	No	NA	1	1	0	Low-quality	Genome-fragment	0.79	AAI-based (medium-confidence)	0.0	1.0	
k127_330990	1267	No	NA	2	1	0	Low-quality	Genome-fragment	1.9	HMM-based (lower-bound)	0.0	1.02	
k127_120128	349	No	NA	1	0	0	Low-quality	Genome-fragment	0.8	AAI-based (medium-confidence)	0.0	1.0	no viral genes detected
k127_120155	1297	No	NA	2	1	0	Low-quality	Genome-fragment	4.41	AAI-based (medium-confidence)	0.0	1.0	
k127_278117	731	No	NA	2	2	0	Low-quality	Genome-fragment	1.08	AAI-based (high-confidence)	0.0	1.0	
k127_437928	901	No	NA	1	1	0	Low-quality	Genome-fragment	1.5	AAI-based (high-confidence)	0.0	1.0	
k127_67721	404	No	NA	2	1	0	Low-quality	Genome-fragment	0.65	AAI-based (medium-confidence)	0.0	1.0	
k127_438309	445	No	NA	1	0	1	Not-determined	Genome-fragment	NA	NA	0.0	1.0	no viral genes detected
k127_67860	681	No	NA	1	1	0	Low-quality	Genome-fragment	1.07	HMM-based (lower-bound)	0.0	1.0	
k127_225490	511	No	NA	1	1	0	Low-quality	Genome-fragment	0.69	HMM-based (lower-bound)	0.0	1.0	
k127_491420	340	No	NA	1	0	0	Not-determined	Genome-fragment	NA	NA	0.0	1.0	no viral genes detected
k127_491450	404	No	NA	1	0	0	Not-determined	Genome-fragment	NA	NA	0.0	1.0	no viral genes detected
k127_385532	341	No	NA	1	0	0	Low-quality	Genome-fragment	0.4	AAI-based (medium-confidence)	0.0	1.0	no viral genes detected
k127_15266	352	No	NA	1	0	0	Not-determined	Genome-fragment	NA	NA	0.0	1.0	no viral genes detected
k127_385547	410	No	NA	1	1	0	Low-quality	Genome-fragment	0.68	AAI-based (high-confidence)	0.0	1.0	
k127_331828	370	No	NA	1	1	0	Low-quality	Genome-fragment	0.43	HMM-based (lower-bound)	0.0	1.0	
k127_15438	472	No	NA	1	0	0	Not-determined	Genome-fragment	NA	NA	0.0	1.0	no viral genes detected
k127_491879	361	No	NA	1	0	0	Low-quality	Genome-fragment	0.65	AAI-based (medium-confidence)	0.0	1.0	no viral genes detected
k127_68381	419	No	NA	1	0	0	Not-determined	Genome-fragment	NA	NA	0.0	1.0	no viral genes detected
k127_121282	302	No	NA	1	0	0	Not-determined	Genome-fragment	NA	NA	0.0	1.0	no viral genes detected
k127_492014	496	No	NA	1	0	0	Low-quality	Genome-fragment	1.12	AAI-based (medium-confidence)	0.0	1.0	no viral genes detected
k127_492113	348	No	NA	1	1	0	Low-quality	Genome-fragment	0.29	HMM-based (lower-bound)	0.0	1.0	
k127_121429	455	No	NA	1	0	0	Not-determined	Genome-fragment	NA	NA	0.0	1.0	no viral genes detected
k127_121483	512	No	NA	1	1	0	Low-quality	Genome-fragment	1.25	AAI-based (high-confidence)	0.0	1.0	
k127_439404	353	No	NA	1	1	0	Low-quality	Genome-fragment	0.44	HMM-based (lower-bound)	0.0	1.0	
k127_121756	318	No	NA	1	1	0	Low-quality	Genome-fragment	0.26	HMM-based (lower-bound)	0.0	1.0	
k127_174909	321	No	NA	1	1	0	Low-quality	Genome-fragment	0.47	HMM-based (lower-bound)	0.0	1.0	
k127_439652	752	No	NA	1	0	1	Not-determined	Genome-fragment	NA	NA	0.0	1.0	no viral genes detected
k127_279797	934	No	NA	3	3	0	Low-quality	Genome-fragment	2.84	AAI-based (medium-confidence)	0.0	1.0	
k127_440098	339	No	NA	1	1	0	Low-quality	Genome-fragment	0.53	HMM-based (lower-bound)	0.0	1.0	
k127_493198	360	No	NA	1	1	0	Low-quality	Genome-fragment	0.27	HMM-based (lower-bound)	0.0	1.0	
k127_69859	443	No	NA	1	1	0	Low-quality	Genome-fragment	0.51	HMM-based (lower-bound)	0.0	1.0	
k127_227354	512	No	NA	1	0	1	Not-determined	Genome-fragment	NA	NA	0.0	1.0	no viral genes detected
k127_493482	309	No	NA	1	1	0	Low-quality	Genome-fragment	0.93	AAI-based (high-confidence)	0.0	1.0	
k127_333596	348	No	NA	1	0	0	Low-quality	Genome-fragment	0.94	AAI-based (high-confidence)	0.0	1.0	no viral genes detected
k127_493580	474	No	NA	3	0	0	Not-determined	Genome-fragment	NA	NA	0.0	1.0	no viral genes detected
k127_122884	347	No	NA	1	0	0	Not-determined	Genome-fragment	NA	NA	0.0	1.0	no viral genes detected
k127_176062	861	No	NA	1	1	0	Low-quality	Genome-fragment	1.37	HMM-based (lower-bound)	0.0	1.0	
k127_17338	877	No	NA	2	1	0	Low-quality	Genome-fragment	1.37	AAI-based (high-confidence)	0.0	1.0	
k127_176080	327	No	NA	1	0	0	Not-determined	Genome-fragment	NA	NA	0.0	1.0	no viral genes detected
k127_493706	520	No	NA	1	1	0	Low-quality	Genome-fragment	1.05	AAI-based (high-confidence)	0.0	1.0	
k127_440808	581	No	NA	1	1	0	Low-quality	Genome-fragment	0.79	HMM-based (lower-bound)	0.0	1.0	
k127_123082	622	No	NA	1	1	0	Low-quality	Genome-fragment	0.86	AAI-based (medium-confidence)	0.0	1.0	
k127_333906	451	No	NA	1	0	0	Not-determined	Genome-fragment	NA	NA	0.0	1.0	no viral genes detected
k127_281160	462	No	NA	1	0	0	Not-determined	Genome-fragment	NA	NA	0.0	1.0	no viral genes detected
k127_441346	324	No	NA	1	0	0	Not-determined	Genome-fragment	NA	NA	0.0	1.0	no viral genes detected
k127_17931	419	No	NA	1	1	0	Low-quality	Genome-fragment	0.45	HMM-based (lower-bound)	0.0	1.0	
k127_494356	333	No	NA	1	0	0	Low-quality	Genome-fragment	0.64	AAI-based (medium-confidence)	0.0	1.0	no viral genes detected
k127_281456	1370	No	NA	2	1	0	Low-quality	Genome-fragment	2.38	AAI-based (medium-confidence)	0.0	1.0	
k127_18235	1153	No	NA	2	1	0	Low-quality	Genome-fragment	1.64	HMM-based (lower-bound)	0.0	1.0	
k127_441675	347	No	NA	1	1	0	Low-quality	Genome-fragment	0.83	AAI-based (high-confidence)	0.0	1.0	
k127_281639	598	No	NA	1	1	0	Low-quality	Genome-fragment	1.43	AAI-based (high-confidence)	0.0	1.0	
k127_71182	350	No	NA	1	0	0	Low-quality	Genome-fragment	0.8	AAI-based (medium-confidence)	0.0	1.0	no viral genes detected
k127_281730	866	No	NA	1	1	0	Low-quality	Genome-fragment	1.28	HMM-based (lower-bound)	0.0	1.0	
k127_177138	392	No	NA	1	0	0	Not-determined	Genome-fragment	NA	NA	0.0	1.0	no viral genes detected
k127_71274	397	No	NA	1	0	0	Not-determined	Genome-fragment	NA	NA	0.0	1.0	no viral genes detected
k127_388891	308	No	NA	1	0	0	Not-determined	Genome-fragment	NA	NA	0.0	1.0	no viral genes detected
k127_124226	341	No	NA	1	0	0	Not-determined	Genome-fragment	NA	NA	0.0	1.0	no viral genes detected
k127_495065	342	No	NA	1	0	0	Not-determined	Genome-fragment	NA	NA	0.0	1.0	no viral genes detected
k127_71597	886	No	NA	2	1	0	Low-quality	Genome-fragment	1.17	HMM-based (lower-bound)	0.0	1.0	
k127_495277	598	No	NA	2	1	0	Low-quality	Genome-fragment	1.17	AAI-based (high-confidence)	0.0	1.0	
k127_19005	438	No	NA	2	0	0	Low-quality	Genome-fragment	0.78	AAI-based (high-confidence)	0.0	1.0	no viral genes detected
k127_335410	1412	No	NA	3	1	0	Low-quality	Genome-fragment	4.19	AAI-based (medium-confidence)	0.0	1.0	
k127_72117	325	No	NA	1	0	0	Not-determined	Genome-fragment	NA	NA	0.0	1.0	no viral genes detected
k127_178062	614	No	NA	1	0	0	Low-quality	Genome-fragment	2.88	AAI-based (high-confidence)	0.0	1.0	no viral genes detected
k127_19394	1191	No	NA	2	2	0	Low-quality	Genome-fragment	2.38	AAI-based (medium-confidence)	0.0	1.0	
k127_72388	532	No	NA	3	0	0	Not-determined	Genome-fragment	NA	NA	0.0	1.0	no viral genes detected
k127_282862	647	No	NA	2	2	0	Low-quality	Genome-fragment	1.68	AAI-based (medium-confidence)	0.0	1.0	
k127_335818	304	No	NA	1	0	0	Low-quality	Genome-fragment	0.69	AAI-based (medium-confidence)	0.0	1.0	no viral genes detected
k127_178580	388	No	NA	1	0	0	Low-quality	Genome-fragment	0.86	AAI-based (medium-confidence)	0.0	1.0	no viral genes detected
k127_443205	313	No	NA	2	0	0	Not-determined	Genome-fragment	NA	NA	0.0	1.0	no viral genes detected
k127_336036	3233	No	NA	2	0	0	Not-determined	Genome-fragment	NA	NA	0.0	1.0	no viral genes detected
k127_229972	777	No	NA	2	1	0	Low-quality	Genome-fragment	0.41	HMM-based (lower-bound)	0.0	1.0	
k127_19959	436	No	NA	1	0	0	Low-quality	Genome-fragment	0.2	AAI-based (medium-confidence)	0.0	1.0	no viral genes detected
k127_336188	402	No	NA	1	1	0	Low-quality	Genome-fragment	0.61	HMM-based (lower-bound)	0.0	1.0	
k127_283412	415	No	NA	2	0	0	Low-quality	Genome-fragment	0.99	AAI-based (medium-confidence)	0.0	1.0	no viral genes detected
k127_230250	783	No	NA	2	0	0	Low-quality	Genome-fragment	1.12	AAI-based (high-confidence)	0.0	1.0	no viral genes detected
k127_336522	924	No	NA	1	1	0	Low-quality	Genome-fragment	1.48	AAI-based (medium-confidence)	0.0	1.0	
k127_125952	312	No	NA	1	0	0	Not-determined	Genome-fragment	NA	NA	0.0	1.0	no viral genes detected
k127_496888	3450	No	NA	3	1	0	Low-quality	Genome-fragment	6.66	AAI-based (medium-confidence)	0.0	1.0	
k127_497130	1197	No	NA	5	1	0	Low-quality	Genome-fragment	5.61	AAI-based (medium-confidence)	0.0	1.0	
k127_126342	4855	No	NA	12	1	0	Low-quality	Genome-fragment	3.14	HMM-based (lower-bound)	0.0	1.0	
k127_179612	445	No	NA	1	1	0	Low-quality	Genome-fragment	6.8	HMM-based (lower-bound)	0.0	1.0	
k127_230824	480	No	NA	2	0	0	Not-determined	Genome-fragment	NA	NA	0.0	1.0	no viral genes detected
k127_391208	651	No	NA	1	0	0	Not-determined	Genome-fragment	NA	NA	0.0	1.0	no viral genes detected
k127_20995	791	No	NA	2	2	0	Low-quality	Genome-fragment	2.12	AAI-based (medium-confidence)	0.0	1.0	
k127_230967	1621	No	NA	3	2	0	Low-quality	Genome-fragment	4.41	AAI-based (medium-confidence)	0.0	1.0	
k127_74157	393	No	NA	2	0	1	Low-quality	Genome-fragment	0.94	AAI-based (medium-confidence)	0.0	1.0	no viral genes detected
k127_284509	303	No	NA	1	0	0	Low-quality	Genome-fragment	0.75	AAI-based (medium-confidence)	0.0	1.0	no viral genes detected
k127_126980	340	No	NA	1	0	0	Not-determined	Genome-fragment	NA	NA	0.0	1.0	no viral genes detected
k127_180314	4323	No	NA	9	1	0	Low-quality	Genome-fragment	8.45	AAI-based (high-confidence)	0.0	1.01	
k127_337621	497	No	NA	1	1	0	Low-quality	Genome-fragment	0.75	HMM-based (lower-bound)	0.0	1.0	
k127_445313	455	No	NA	1	1	0	Low-quality	Genome-fragment	0.42	HMM-based (lower-bound)	0.0	1.0	
k127_74726	394	No	NA	1	1	0	Low-quality	Genome-fragment	0.59	HMM-based (lower-bound)	0.0	1.0	
k127_337950	649	No	NA	1	0	0	Low-quality	Genome-fragment	1.25	AAI-based (medium-confidence)	0.0	1.0	no viral genes detected
k127_22353	335	No	NA	1	0	0	Not-determined	Genome-fragment	NA	NA	0.0	1.0	no viral genes detected
k127_498762	4758	No	NA	5	3	0	Low-quality	Genome-fragment	9.19	AAI-based (high-confidence)	0.0	1.0	
k127_285558	368	No	NA	1	0	0	Not-determined	Genome-fragment	NA	NA	0.0	1.0	no viral genes detected
k127_232508	1458	No	NA	2	1	0	Low-quality	Genome-fragment	0.92	HMM-based (lower-bound)	0.0	1.0	
k127_75569	801	No	NA	1	1	0	Low-quality	Genome-fragment	0.92	HMM-based (lower-bound)	0.0	1.0	
k127_285940	338	No	NA	1	1	0	Low-quality	Genome-fragment	0.51	HMM-based (lower-bound)	0.0	1.0	
k127_338901	645	No	NA	2	0	0	Low-quality	Genome-fragment	0.98	AAI-based (medium-confidence)	0.0	1.0	no viral genes detected
k127_128600	3402	No	NA	8	2	0	Low-quality	Genome-fragment	4.0	HMM-based (lower-bound)	0.0	1.0	
k127_23209	590	No	NA	1	0	0	Low-quality	Genome-fragment	0.41	AAI-based (medium-confidence)	0.0	1.0	no viral genes detected
k127_181963	1309	No	NA	2	1	0	Low-quality	Genome-fragment	1.72	HMM-based (lower-bound)	0.0	1.01	
k127_23223	949	No	NA	2	0	0	Low-quality	Genome-fragment	0.66	AAI-based (medium-confidence)	0.0	1.0	no viral genes detected
k127_23226	322	No	NA	1	0	0	Not-determined	Genome-fragment	NA	NA	0.0	1.0	no viral genes detected
k127_182047	338	No	NA	1	0	0	Not-determined	Genome-fragment	NA	NA	0.0	1.0	no viral genes detected
k127_446700	463	No	NA	2	0	0	Not-determined	Genome-fragment	NA	NA	0.0	1.0	no viral genes detected
k127_499634	506	No	NA	1	1	0	Low-quality	Genome-fragment	1.24	AAI-based (medium-confidence)	0.0	1.0	
k127_446923	378	No	NA	1	1	0	Low-quality	Genome-fragment	0.57	HMM-based (lower-bound)	0.0	1.0	
k127_339338	750	No	NA	1	0	1	Not-determined	Genome-fragment	NA	NA	0.0	1.0	no viral genes detected
k127_76544	482	No	NA	1	0	0	Low-quality	Genome-fragment	0.98	AAI-based (medium-confidence)	0.0	1.0	no viral genes detected
k127_76588	367	No	NA	1	1	0	Low-quality	Genome-fragment	0.68	HMM-based (lower-bound)	0.0	1.0	
k127_447150	1338	No	NA	1	0	0	Low-quality	Genome-fragment	2.77	AAI-based (medium-confidence)	0.0	1.0	no viral genes detected
k127_447235	419	No	NA	1	1	0	Low-quality	Genome-fragment	0.45	HMM-based (lower-bound)	0.0	1.0	
k127_23810	333	No	NA	1	1	0	Low-quality	Genome-fragment	0.49	HMM-based (lower-bound)	0.0	1.0	
k127_182831	320	No	NA	1	1	0	Low-quality	Genome-fragment	0.92	AAI-based (high-confidence)	0.0	1.0	
k127_447498	301	No	NA	1	1	0	Low-quality	Genome-fragment	0.41	HMM-based (lower-bound)	0.0	1.0	
k127_233845	426	No	NA	1	1	0	Low-quality	Genome-fragment	0.35	HMM-based (lower-bound)	0.0	1.0	
k127_287122	520	No	NA	1	0	0	Not-determined	Genome-fragment	NA	NA	0.0	1.0	no viral genes detected
k127_394568	502	No	NA	1	1	0	Low-quality	Genome-fragment	0.73	HMM-based (lower-bound)	0.0	1.0	
k127_130145	413	No	NA	2	2	0	Low-quality	Genome-fragment	0.64	HMM-based (lower-bound)	0.0	1.0	
k127_287528	402	No	NA	1	1	0	Low-quality	Genome-fragment	0.6	HMM-based (lower-bound)	0.0	1.0	
k127_395242	465	No	NA	1	1	0	Low-quality	Genome-fragment	0.61	HMM-based (lower-bound)	0.0	1.0	
k127_448477	1322	Yes	559	2	1	1	Low-quality	Genome-fragment	1.25	AAI-based (high-confidence)	57.72	1.0	
k127_25130	319	No	NA	1	1	0	Low-quality	Genome-fragment	0.41	HMM-based (lower-bound)	0.0	1.0	
k127_448578	561	No	NA	2	0	0	Not-determined	Genome-fragment	NA	NA	0.0	1.0	no viral genes detected
k127_501594	338	No	NA	1	1	0	Low-quality	Genome-fragment	0.76	HMM-based (lower-bound)	0.0	1.0	
k127_448748	360	No	NA	1	0	0	Not-determined	Genome-fragment	NA	NA	0.0	1.0	no viral genes detected
k127_501973	338	No	NA	2	0	0	Not-determined	Genome-fragment	NA	NA	0.0	1.0	no viral genes detected
k127_288475	365	No	NA	1	0	0	Not-determined	Genome-fragment	NA	NA	0.0	1.0	no viral genes detected
k127_449189	331	No	NA	1	0	0	Low-quality	Genome-fragment	0.49	AAI-based (medium-confidence)	0.0	1.0	no viral genes detected
k127_235487	366	No	NA	1	1	0	Low-quality	Genome-fragment	0.33	HMM-based (lower-bound)	0.0	1.0	
k127_184725	467	No	NA	1	1	0	Low-quality	Genome-fragment	0.8	HMM-based (lower-bound)	0.0	1.0	
k127_184938	598	No	NA	1	1	0	Low-quality	Genome-fragment	1.35	AAI-based (high-confidence)	0.0	1.0	
k127_79104	4535	No	NA	5	1	0	Low-quality	Genome-fragment	21.43	AAI-based (medium-confidence)	0.0	1.0	
k127_289074	802	No	NA	2	0	0	Low-quality	Genome-fragment	1.41	AAI-based (medium-confidence)	0.0	1.0	no viral genes detected
k127_131915	708	No	NA	3	1	0	Low-quality	Genome-fragment	1.01	HMM-based (lower-bound)	0.0	1.0	
k127_132021	251	No	NA	1	1	0	Low-quality	Genome-fragment	0.35	HMM-based (lower-bound)	0.0	1.0	
k127_132033	1000	No	NA	1	0	0	Low-quality	Genome-fragment	2.15	AAI-based (high-confidence)	0.0	1.0	no viral genes detected
k127_396784	629	No	NA	1	0	0	Not-determined	Genome-fragment	NA	NA	0.0	1.0	no viral genes detected
k127_132346	426	No	NA	1	0	0	Not-determined	Genome-fragment	NA	NA	0.0	1.0	no viral genes detected
k127_397065	474	No	NA	1	0	0	Low-quality	Genome-fragment	1.11	AAI-based (medium-confidence)	0.0	1.0	no viral genes detected
k127_503193	320	No	NA	1	1	0	Low-quality	Genome-fragment	0.45	HMM-based (lower-bound)	0.0	1.0	
k127_79769	412	No	NA	2	0	0	Not-determined	Genome-fragment	NA	NA	0.0	1.0	no viral genes detected
k127_79867	303	No	NA	1	0	0	Not-determined	Genome-fragment	NA	NA	0.0	1.0	no viral genes detected
k127_450441	402	No	NA	1	1	0	Low-quality	Genome-fragment	0.37	HMM-based (lower-bound)	0.0	1.0	
k127_342564	1305	No	NA	1	0	1	Not-determined	Genome-fragment	NA	NA	0.0	1.01	no viral genes detected
k127_132618	8307	No	NA	9	4	0	Low-quality	Genome-fragment	10.87	HMM-based (lower-bound)	0.0	1.0	
k127_503341	340	No	NA	1	0	0	Not-determined	Genome-fragment	NA	NA	0.0	1.0	no viral genes detected
k127_185986	429	No	NA	2	2	0	Low-quality	Genome-fragment	7.69	HMM-based (lower-bound)	0.0	1.0	
k127_80087	763	No	NA	1	0	0	Low-quality	Genome-fragment	1.36	AAI-based (medium-confidence)	0.0	1.0	no viral genes detected
k127_397803	475	No	NA	1	0	1	Not-determined	Genome-fragment	NA	NA	0.0	1.0	no viral genes detected
k127_343062	308	No	NA	1	0	0	Not-determined	Genome-fragment	NA	NA	0.0	1.0	no viral genes detected
k127_27602	325	No	NA	1	1	0	Low-quality	Genome-fragment	0.49	AAI-based (medium-confidence)	0.0	1.0	
k127_80664	509	No	NA	1	0	0	Low-quality	Genome-fragment	1.48	AAI-based (medium-confidence)	0.0	1.0	no viral genes detected
k127_80777	1347	No	NA	1	0	0	Low-quality	Genome-fragment	2.97	AAI-based (medium-confidence)	0.0	1.0	no viral genes detected
k127_133492	306	No	NA	1	0	0	Low-quality	Genome-fragment	0.79	AAI-based (high-confidence)	0.0	1.0	no viral genes detected
k127_27960	1022	No	NA	1	1	0	Low-quality	Genome-fragment	1.92	HMM-based (lower-bound)	0.0	1.0	
k127_343511	690	No	NA	1	1	0	Low-quality	Genome-fragment	0.57	HMM-based (lower-bound)	0.0	1.0	
k127_343516	4224	No	NA	4	0	0	Low-quality	Genome-fragment	7.58	AAI-based (medium-confidence)	0.0	1.0	no viral genes detected
k127_451520	905	No	NA	1	1	0	Low-quality	Genome-fragment	1.82	AAI-based (high-confidence)	0.0	1.0	
k127_133672	2914	No	NA	3	0	1	Not-determined	Genome-fragment	NA	NA	0.0	1.0	no viral genes detected
k127_133694	891	No	NA	1	1	0	Low-quality	Genome-fragment	0.41	HMM-based (lower-bound)	0.0	1.0	
k127_133776	914	No	NA	2	0	0	Low-quality	Genome-fragment	2.1	AAI-based (medium-confidence)	0.0	1.0	no viral genes detected
k127_187231	305	No	NA	2	0	0	Not-determined	Genome-fragment	NA	NA	0.0	1.0	no viral genes detected
k127_343834	420	No	NA	1	0	0	Low-quality	Genome-fragment	1.1	AAI-based (high-confidence)	0.0	1.0	no viral genes detected
k127_28424	316	No	NA	1	0	0	Not-determined	Genome-fragment	NA	NA	0.0	1.0	no viral genes detected
k127_451906	430	No	NA	1	1	0	Low-quality	Genome-fragment	0.64	HMM-based (lower-bound)	0.0	1.0	
k127_81594	322	No	NA	1	1	0	Low-quality	Genome-fragment	0.65	AAI-based (medium-confidence)	0.0	1.0	
k127_238115	317	No	NA	1	0	0	Not-determined	Genome-fragment	NA	NA	0.0	1.0	no viral genes detected
k127_505083	4413	No	NA	9	1	0	Low-quality	Genome-fragment	7.66	AAI-based (medium-confidence)	0.0	1.0	
k127_28872	352	No	NA	1	1	0	Low-quality	Genome-fragment	0.31	HMM-based (lower-bound)	0.0	1.0	
k127_29047	301	No	NA	1	0	0	Low-quality	Genome-fragment	0.86	AAI-based (medium-confidence)	0.0	1.0	no viral genes detected
k127_82078	1248	No	NA	2	1	0	Low-quality	Genome-fragment	1.39	HMM-based (lower-bound)	0.0	1.0	
k127_82154	482	No	NA	1	1	0	Low-quality	Genome-fragment	0.4	HMM-based (lower-bound)	0.0	1.0	
k127_188099	313	No	NA	1	0	0	Not-determined	Genome-fragment	NA	NA	0.0	1.0	no viral genes detected
k127_452656	1118	No	NA	2	1	0	Low-quality	Genome-fragment	2.23	AAI-based (medium-confidence)	0.0	1.0	
k127_344685	330	No	NA	1	0	0	Low-quality	Genome-fragment	0.84	AAI-based (medium-confidence)	0.0	1.0	no viral genes detected
k127_82335	637	No	NA	1	1	0	Low-quality	Genome-fragment	0.84	HMM-based (lower-bound)	0.0	1.0	
k127_82521	309	No	NA	2	0	0	Low-quality	Genome-fragment	0.86	AAI-based (medium-confidence)	0.0	1.0	no viral genes detected
k127_453150	6561	No	NA	12	1	0	Low-quality	Genome-fragment	4.68	HMM-based (lower-bound)	0.0	1.0	
k127_135308	367	No	NA	1	0	0	Low-quality	Genome-fragment	0.73	AAI-based (high-confidence)	0.0	1.0	no viral genes detected
k127_135412	535	No	NA	1	1	0	Low-quality	Genome-fragment	1.02	AAI-based (medium-confidence)	0.0	1.0	
k127_82940	308	No	NA	1	0	0	Low-quality	Genome-fragment	0.75	AAI-based (high-confidence)	0.0	1.0	no viral genes detected
k127_83062	3271	No	NA	2	1	0	Low-quality	Genome-fragment	31.92	AAI-based (high-confidence)	0.0	1.0	
k127_506531	531	No	NA	2	1	0	Low-quality	Genome-fragment	0.96	AAI-based (high-confidence)	0.0	1.0	
k127_400674	362	No	NA	1	1	0	Low-quality	Genome-fragment	0.73	AAI-based (medium-confidence)	0.0	1.0	
k127_506770	403	No	NA	1	0	0	Not-determined	Genome-fragment	NA	NA	0.0	1.0	no viral genes detected
k127_453922	467	No	NA	1	1	0	Low-quality	Genome-fragment	0.31	HMM-based (lower-bound)	0.0	1.0	
k127_189354	383	No	NA	1	1	0	Low-quality	Genome-fragment	0.56	HMM-based (lower-bound)	0.0	1.0	
k127_83556	873	No	NA	2	1	0	Low-quality	Genome-fragment	0.79	AAI-based (medium-confidence)	0.0	1.0	
k127_30772	316	No	NA	1	0	0	Low-quality	Genome-fragment	0.83	AAI-based (medium-confidence)	0.0	1.0	no viral genes detected
k127_454191	492	No	NA	2	1	0	Low-quality	Genome-fragment	1.65	AAI-based (medium-confidence)	0.0	1.0	
k127_401311	450	No	NA	1	0	0	Low-quality	Genome-fragment	0.93	AAI-based (medium-confidence)	0.0	1.0	no viral genes detected
k127_84069	415	No	NA	1	1	0	Low-quality	Genome-fragment	0.62	HMM-based (lower-bound)	0.0	1.0	
k127_507593	567	No	NA	1	0	1	Not-determined	Genome-fragment	NA	NA	0.0	1.0	no viral genes detected
k127_346643	306	No	NA	1	1	0	Low-quality	Genome-fragment	0.47	AAI-based (high-confidence)	0.0	1.0	
k127_31540	361	No	NA	1	1	0	Low-quality	Genome-fragment	0.64	AAI-based (high-confidence)	0.0	1.0	
k127_84448	694	No	NA	1	0	1	Not-determined	Genome-fragment	NA	NA	0.0	1.0	no viral genes detected
k127_190437	428	No	NA	1	1	0	Low-quality	Genome-fragment	0.31	HMM-based (lower-bound)	0.0	1.0	
k127_240868	392	No	NA	1	1	0	Low-quality	Genome-fragment	0.58	HMM-based (lower-bound)	0.0	1.0	
k127_84782	392	No	NA	1	1	0	Low-quality	Genome-fragment	0.96	AAI-based (high-confidence)	0.0	1.0	
k127_455308	368	No	NA	1	0	0	Not-determined	Genome-fragment	NA	NA	0.0	1.0	no viral genes detected
k127_84873	409	No	NA	1	1	0	Low-quality	Genome-fragment	0.62	HMM-based (lower-bound)	0.0	1.0	
k127_508639	313	No	NA	1	0	0	Not-determined	Genome-fragment	NA	NA	0.0	1.0	no viral genes detected
k127_32511	307	No	NA	1	0	0	Not-determined	Genome-fragment	NA	NA	0.0	1.0	no viral genes detected
k127_241569	370	No	NA	1	0	0	Not-determined	Genome-fragment	NA	NA	0.0	1.0	no viral genes detected
k127_455996	3060	No	NA	4	0	0	Not-determined	Genome-fragment	NA	NA	0.0	1.0	no viral genes detected
k127_191467	451	No	NA	1	1	0	Low-quality	Genome-fragment	0.66	HMM-based (lower-bound)	0.0	1.0	
k127_138238	464	No	NA	1	1	0	Low-quality	Genome-fragment	1.21	AAI-based (medium-confidence)	0.0	1.0	
k127_32829	3604	No	NA	4	0	0	Not-determined	Genome-fragment	NA	NA	0.0	1.02	no viral genes detected
k127_509105	302	No	NA	1	0	0	Not-determined	Genome-fragment	NA	NA	0.0	1.0	no viral genes detected
k127_348055	3663	No	NA	5	0	0	Not-determined	Genome-fragment	NA	NA	0.0	1.0	no viral genes detected
k127_191865	361	No	NA	2	1	0	Low-quality	Genome-fragment	0.41	HMM-based (lower-bound)	0.0	1.0	
k127_509481	914	No	NA	3	0	0	Not-determined	Genome-fragment	NA	NA	0.0	1.0	no viral genes detected
k127_86141	1688	No	NA	5	1	0	Low-quality	Genome-fragment	3.06	AAI-based (high-confidence)	0.0	1.0	
k127_348394	409	No	NA	2	0	0	Low-quality	Genome-fragment	1.18	AAI-based (medium-confidence)	0.0	1.0	no viral genes detected
k127_86348	314	No	NA	1	1	0	Low-quality	Genome-fragment	0.19	HMM-based (lower-bound)	0.0	1.0	
k127_295775	399	No	NA	1	1	0	Low-quality	Genome-fragment	0.46	HMM-based (lower-bound)	0.0	1.0	
k127_456925	324	No	NA	1	0	0	Not-determined	Genome-fragment	NA	NA	0.0	1.0	no viral genes detected
k127_242634	427	No	NA	1	1	0	Low-quality	Genome-fragment	0.61	HMM-based (lower-bound)	0.0	1.0	
k127_403932	453	No	NA	2	0	0	Not-determined	Genome-fragment	NA	NA	0.0	1.0	no viral genes detected
k127_192515	476	No	NA	1	1	0	Low-quality	Genome-fragment	0.55	HMM-based (lower-bound)	0.0	1.0	
k127_139314	451	No	NA	2	2	0	Low-quality	Genome-fragment	0.85	AAI-based (medium-confidence)	0.0	1.0	
k127_33805	495	No	NA	2	1	0	Low-quality	Genome-fragment	0.67	HMM-based (lower-bound)	0.0	1.0	
k127_33812	632	No	NA	1	0	0	Not-determined	Genome-fragment	NA	NA	0.0	1.0	no viral genes detected
k127_404076	414	No	NA	1	0	0	Not-determined	Genome-fragment	NA	NA	0.0	1.0	no viral genes detected
k127_457190	949	No	NA	1	1	0	Low-quality	Genome-fragment	1.8	AAI-based (medium-confidence)	0.0	1.0	
k127_457259	380	No	NA	2	0	0	Not-determined	Genome-fragment	NA	NA	0.0	1.0	no viral genes detected
k127_242949	382	No	NA	1	1	0	Low-quality	Genome-fragment	0.79	AAI-based (medium-confidence)	0.0	1.0	
k127_510268	345	No	NA	1	0	0	Not-determined	Genome-fragment	NA	NA	0.0	1.0	no viral genes detected
k127_348989	779	No	NA	1	1	0	Low-quality	Genome-fragment	0.9	HMM-based (lower-bound)	0.0	1.0	
k127_192781	632	No	NA	1	0	0	Not-determined	Genome-fragment	NA	NA	0.0	1.0	no viral genes detected
k127_86996	340	No	NA	1	1	0	Low-quality	Genome-fragment	0.4	HMM-based (lower-bound)	0.0	1.0	
k127_192801	322	No	NA	1	1	0	Low-quality	Genome-fragment	0.44	AAI-based (medium-confidence)	0.0	1.0	
k127_510365	345	No	NA	1	1	0	Low-quality	Genome-fragment	0.31	HMM-based (lower-bound)	0.0	1.0	
k127_34219	471	No	NA	1	0	1	Not-determined	Genome-fragment	NA	NA	0.0	1.0	no viral genes detected
k127_404433	762	No	NA	2	0	1	Not-determined	Genome-fragment	NA	NA	0.0	1.0	no viral genes detected
k127_404500	324	No	NA	1	1	0	Low-quality	Genome-fragment	0.29	HMM-based (lower-bound)	0.0	1.0	
k127_510619	554	No	NA	1	0	0	Not-determined	Genome-fragment	NA	NA	0.0	1.0	no viral genes detected
k127_510652	359	No	NA	1	0	0	Not-determined	Genome-fragment	NA	NA	0.0	1.0	no viral genes detected
k127_404557	368	No	NA	2	1	0	Low-quality	Genome-fragment	0.18	HMM-based (lower-bound)	0.0	1.0	
k127_349446	290	No	NA	1	0	0	Not-determined	Genome-fragment	NA	NA	0.0	1.0	no viral genes detected
k127_296841	340	No	NA	1	0	0	Not-determined	Genome-fragment	NA	NA	0.0	1.0	no viral genes detected
k127_34620	807	No	NA	2	2	0	Low-quality	Genome-fragment	1.23	HMM-based (lower-bound)	0.0	1.0	
k127_87609	844	No	NA	1	1	0	Low-quality	Genome-fragment	1.87	AAI-based (high-confidence)	0.0	1.0	
k127_87646	511	No	NA	1	0	0	Not-determined	Genome-fragment	NA	NA	0.0	1.0	no viral genes detected
k127_193456	464	No	NA	1	0	1	Not-determined	Genome-fragment	NA	NA	0.0	1.0	no viral genes detected
k127_296968	5758	No	NA	10	2	0	Low-quality	Genome-fragment	8.14	HMM-based (lower-bound)	0.0	1.0	
k127_243673	533	No	NA	2	1	0	Low-quality	Genome-fragment	0.85	AAI-based (medium-confidence)	0.0	1.0	
k127_349815	310	No	NA	2	0	0	Not-determined	Genome-fragment	NA	NA	0.0	1.0	no viral genes detected
k127_349875	376	No	NA	1	1	0	Low-quality	Genome-fragment	0.49	HMM-based (lower-bound)	0.0	1.0	
k127_458314	435	No	NA	1	1	0	Low-quality	Genome-fragment	0.49	HMM-based (lower-bound)	0.0	1.0	
k127_193775	454	No	NA	1	0	0	Not-determined	Genome-fragment	NA	NA	0.0	1.0	no viral genes detected
k127_35162	359	No	NA	2	1	0	Low-quality	Genome-fragment	0.54	HMM-based (lower-bound)	0.0	1.0	
k127_511525	421	No	NA	1	1	0	Low-quality	Genome-fragment	0.62	HMM-based (lower-bound)	0.0	1.0	
k127_88210	778	No	NA	3	2	0	Low-quality	Genome-fragment	1.3	HMM-based (lower-bound)	0.0	1.0	
k127_458644	702	No	NA	1	1	0	Low-quality	Genome-fragment	1.47	AAI-based (medium-confidence)	0.0	1.0	
k127_194075	330	No	NA	1	0	0	Not-determined	Genome-fragment	NA	NA	0.0	1.0	no viral genes detected
k127_194141	2795	No	NA	2	0	0	Not-determined	Genome-fragment	NA	NA	0.0	1.0	no viral genes detected
k127_35465	355	No	NA	1	1	0	Low-quality	Genome-fragment	0.32	HMM-based (lower-bound)	0.0	1.0	
k127_244298	387	No	NA	1	0	0	Low-quality	Genome-fragment	1.69	AAI-based (high-confidence)	0.0	1.0	no viral genes detected
k127_405762	738	No	NA	1	0	0	Not-determined	Genome-fragment	NA	NA	0.0	1.0	no viral genes detected
k127_194644	733	No	NA	1	0	0	Low-quality	Genome-fragment	0.51	AAI-based (medium-confidence)	0.0	1.0	no viral genes detected
k127_88915	302	No	NA	2	1	0	Low-quality	Genome-fragment	0.27	HMM-based (lower-bound)	0.0	1.0	
k127_406266	313	No	NA	1	0	0	Low-quality	Genome-fragment	0.36	AAI-based (high-confidence)	0.0	1.0	no viral genes detected
k127_512387	975	No	NA	1	0	1	Not-determined	Genome-fragment	NA	NA	0.0	1.0	no viral genes detected
k127_89282	359	No	NA	1	0	0	Not-determined	Genome-fragment	NA	NA	0.0	1.0	no viral genes detected
k127_406519	421	No	NA	1	0	0	Low-quality	Genome-fragment	1.11	AAI-based (medium-confidence)	0.0	1.0	no viral genes detected
k127_245070	384	No	NA	1	0	0	Not-determined	Genome-fragment	NA	NA	0.0	1.0	no viral genes detected
k127_141866	488	No	NA	2	0	0	Not-determined	Genome-fragment	NA	NA	0.0	1.0	no viral genes detected
k127_195205	598	No	NA	2	0	0	Low-quality	Genome-fragment	0.4	AAI-based (medium-confidence)	0.0	1.0	no viral genes detected
k127_245251	337	No	NA	1	0	0	Not-determined	Genome-fragment	NA	NA	0.0	1.0	no viral genes detected
k127_459909	307	No	NA	1	0	0	Not-determined	Genome-fragment	NA	NA	0.0	1.0	no viral genes detected
k127_142258	667	No	NA	2	1	0	Low-quality	Genome-fragment	0.95	HMM-based (lower-bound)	0.0	1.0	
k127_245541	696	No	NA	2	0	0	Low-quality	Genome-fragment	1.39	AAI-based (medium-confidence)	0.0	1.0	no viral genes detected
k127_407157	312	No	NA	1	0	0	Low-quality	Genome-fragment	0.75	AAI-based (medium-confidence)	0.0	1.0	no viral genes detected
k127_142511	816	No	NA	2	2	0	Low-quality	Genome-fragment	1.37	AAI-based (high-confidence)	0.0	1.0	
k127_195819	614	No	NA	1	1	0	Low-quality	Genome-fragment	1.03	AAI-based (high-confidence)	0.0	1.0	
k127_299008	972	No	NA	2	0	0	Low-quality	Genome-fragment	0.96	AAI-based (medium-confidence)	0.0	1.0	no viral genes detected
k127_245849	315	No	NA	1	0	0	Not-determined	Genome-fragment	NA	NA	0.0	1.0	no viral genes detected
k127_245881	386	No	NA	1	0	0	Not-determined	Genome-fragment	NA	NA	0.0	1.0	no viral genes detected
k127_143009	948	No	NA	1	0	1	Not-determined	Genome-fragment	NA	NA	0.0	1.0	no viral genes detected
k127_143091	321	No	NA	2	0	0	Not-determined	Genome-fragment	NA	NA	0.0	1.0	no viral genes detected
k127_514116	779	No	NA	1	1	0	Low-quality	Genome-fragment	1.5	AAI-based (high-confidence)	0.0	1.0	
k127_37853	424	No	NA	1	0	0	Low-quality	Genome-fragment	1.1	AAI-based (medium-confidence)	0.0	1.0	no viral genes detected
k127_246554	1167	No	NA	2	1	0	Low-quality	Genome-fragment	2.81	AAI-based (medium-confidence)	0.0	1.0	
k127_143423	317	No	NA	1	1	0	Low-quality	Genome-fragment	0.63	AAI-based (high-confidence)	0.0	1.0	
k127_37942	650	No	NA	1	0	1	Not-determined	Genome-fragment	NA	NA	0.0	1.0	no viral genes detected
k127_143538	452	No	NA	1	0	0	Not-determined	Genome-fragment	NA	NA	0.0	1.0	no viral genes detected
k127_91086	335	No	NA	1	0	0	Not-determined	Genome-fragment	NA	NA	0.0	1.0	no viral genes detected
k127_514480	366	No	NA	1	1	0	Low-quality	Genome-fragment	0.5	HMM-based (lower-bound)	0.0	1.0	
k127_38105	583	No	NA	2	0	0	Not-determined	Genome-fragment	NA	NA	0.0	1.0	no viral genes detected
k127_300038	728	No	NA	3	1	0	Low-quality	Genome-fragment	2.29	HMM-based (lower-bound)	0.0	1.0	
k127_91333	2744	No	NA	2	2	0	Low-quality	Genome-fragment	2.17	AAI-based (medium-confidence)	0.0	1.0	
k127_143835	409	No	NA	1	1	0	Low-quality	Genome-fragment	0.75	AAI-based (high-confidence)	0.0	1.0	
k127_91472	371	No	NA	1	1	0	Low-quality	Genome-fragment	0.71	HMM-based (lower-bound)	0.0	1.0	
k127_197302	364	No	NA	1	0	0	Low-quality	Genome-fragment	0.25	AAI-based (medium-confidence)	0.0	1.0	no viral genes detected
k127_197386	2798	No	NA	4	1	0	Low-quality	Genome-fragment	4.49	HMM-based (lower-bound)	0.0	1.0	
k127_197482	476	No	NA	1	1	0	Low-quality	Genome-fragment	1.16	AAI-based (medium-confidence)	0.0	1.0	
k127_409075	501	No	NA	1	0	1	Not-determined	Genome-fragment	NA	NA	0.0	1.0	no viral genes detected
k127_515229	349	No	NA	1	1	0	Low-quality	Genome-fragment	0.5	HMM-based (lower-bound)	0.0	1.0	
k127_353575	571	No	NA	2	0	0	Not-determined	Genome-fragment	NA	NA	0.0	1.0	no viral genes detected
k127_38890	450	No	NA	1	0	0	Not-determined	Genome-fragment	NA	NA	0.0	1.0	no viral genes detected
k127_92064	447	No	NA	2	0	0	Low-quality	Genome-fragment	1.86	AAI-based (medium-confidence)	0.0	1.0	no viral genes detected
k127_409391	301	No	NA	1	0	0	Not-determined	Genome-fragment	NA	NA	0.0	1.0	no viral genes detected
k127_409459	3430	No	NA	5	4	0	Low-quality	Genome-fragment	16.92	HMM-based (lower-bound)	0.0	1.0	
k127_515653	342	No	NA	1	0	0	Low-quality	Genome-fragment	0.82	AAI-based (medium-confidence)	0.0	1.0	no viral genes detected
k127_462659	489	No	NA	1	1	0	Low-quality	Genome-fragment	0.91	HMM-based (lower-bound)	0.0	1.0	
k127_39484	431	No	NA	1	0	0	Not-determined	Genome-fragment	NA	NA	0.0	1.0	no viral genes detected
k127_409898	576	No	NA	1	1	0	Low-quality	Genome-fragment	1.1	HMM-based (lower-bound)	0.0	1.0	
k127_354269	308	No	NA	1	0	0	Not-determined	Genome-fragment	NA	NA	0.0	1.0	no viral genes detected
k127_463373	852	No	NA	1	0	0	Not-determined	Genome-fragment	NA	NA	0.0	1.0	no viral genes detected
k127_354619	908	No	NA	3	2	0	Low-quality	Genome-fragment	1.6	AAI-based (medium-confidence)	0.0	1.0	
k127_301860	412	No	NA	1	1	0	Low-quality	Genome-fragment	1.07	AAI-based (medium-confidence)	0.0	1.0	
k127_410464	345	No	NA	2	0	0	Not-determined	Genome-fragment	NA	NA	0.0	1.0	no viral genes detected
k127_463568	548	No	NA	2	0	0	Low-quality	Genome-fragment	1.4	AAI-based (high-confidence)	0.0	1.0	no viral genes detected
k127_145686	484	No	NA	1	1	0	Low-quality	Genome-fragment	1.04	AAI-based (medium-confidence)	0.0	1.0	
k127_410578	408	No	NA	1	0	0	Not-determined	Genome-fragment	NA	NA	0.0	1.0	no viral genes detected
k127_463768	347	No	NA	1	0	0	Not-determined	Genome-fragment	NA	NA	0.0	1.0	no viral genes detected
k127_354926	301	No	NA	1	0	0	Not-determined	Genome-fragment	NA	NA	0.0	1.0	no viral genes detected
k127_463771	3062	No	NA	5	2	0	Medium-quality	Genome-fragment	54.25	AAI-based (medium-confidence)	0.0	1.0	
k127_145938	304	No	NA	1	0	0	Not-determined	Genome-fragment	NA	NA	0.0	1.0	no viral genes detected
k127_93581	361	No	NA	1	1	0	Low-quality	Genome-fragment	0.97	AAI-based (medium-confidence)	0.0	1.0	
k127_146046	378	No	NA	1	1	0	Low-quality	Genome-fragment	0.15	HMM-based (lower-bound)	0.0	1.0	
k127_248986	328	No	NA	1	0	0	Not-determined	Genome-fragment	NA	NA	0.0	1.0	no viral genes detected
k127_146151	647	No	NA	1	0	0	Not-determined	Genome-fragment	NA	NA	0.0	1.0	no viral genes detected
k127_517113	421	No	NA	1	0	0	Not-determined	Genome-fragment	NA	NA	0.0	1.0	no viral genes detected
k127_199501	386	No	NA	1	0	0	Not-determined	Genome-fragment	NA	NA	0.0	1.0	no viral genes detected
k127_40761	390	No	NA	1	0	0	Not-determined	Genome-fragment	NA	NA	0.0	1.0	no viral genes detected
k127_146432	306	No	NA	1	0	0	Low-quality	Genome-fragment	0.69	AAI-based (medium-confidence)	0.0	1.0	no viral genes detected
k127_411566	432	No	NA	2	0	0	Low-quality	Genome-fragment	1.17	AAI-based (high-confidence)	0.0	1.0	no viral genes detected
k127_146699	3890	No	NA	6	2	0	Low-quality	Genome-fragment	4.52	AAI-based (medium-confidence)	0.0	1.0	
k127_94485	2944	No	NA	10	1	0	Low-quality	Genome-fragment	3.39	HMM-based (lower-bound)	0.0	1.0	
k127_464943	395	No	NA	1	0	0	Low-quality	Genome-fragment	0.78	AAI-based (medium-confidence)	0.0	1.0	no viral genes detected
k127_464947	490	No	NA	1	0	0	Low-quality	Genome-fragment	1.14	AAI-based (medium-confidence)	0.0	1.0	no viral genes detected
k127_147010	4476	No	NA	7	0	0	Low-quality	Genome-fragment	12.62	AAI-based (medium-confidence)	0.0	1.0	no viral genes detected
k127_412033	1046	No	NA	1	0	0	Not-determined	Genome-fragment	NA	NA	0.0	1.0	no viral genes detected
k127_250018	485	No	NA	2	0	0	Not-determined	Genome-fragment	NA	NA	0.0	1.0	no viral genes detected
k127_412413	440	No	NA	1	0	0	Not-determined	Genome-fragment	NA	NA	0.0	1.0	no viral genes detected
k127_412548	313	No	NA	2	1	0	Low-quality	Genome-fragment	0.42	AAI-based (medium-confidence)	0.0	1.0	
k127_201036	381	No	NA	1	1	0	Low-quality	Genome-fragment	0.31	HMM-based (lower-bound)	0.0	1.0	
k127_95376	609	No	NA	1	1	0	Low-quality	Genome-fragment	10.19	AAI-based (medium-confidence)	0.0	1.0	
k127_42373	606	No	NA	1	1	0	Low-quality	Genome-fragment	10.23	AAI-based (medium-confidence)	0.0	1.0	
k127_465762	1792	No	NA	3	3	0	Low-quality	Genome-fragment	9.44	HMM-based (lower-bound)	0.0	1.0	
k127_518739	317	No	NA	1	0	0	Not-determined	Genome-fragment	NA	NA	0.0	1.0	no viral genes detected
k127_465898	384	No	NA	1	1	0	Low-quality	Genome-fragment	1.01	AAI-based (medium-confidence)	0.0	1.0	
k127_95738	702	No	NA	1	1	0	Low-quality	Genome-fragment	1.24	AAI-based (medium-confidence)	0.0	1.0	
k127_466058	459	No	NA	1	0	0	Not-determined	Genome-fragment	NA	NA	0.0	1.0	no viral genes detected
k127_148276	333	No	NA	1	1	0	Low-quality	Genome-fragment	0.42	HMM-based (lower-bound)	0.0	1.0	
k127_95895	592	No	NA	2	0	0	Not-determined	Genome-fragment	NA	NA	0.0	1.0	no viral genes detected
k127_413383	340	No	NA	1	0	0	Not-determined	Genome-fragment	NA	NA	0.0	1.0	no viral genes detected
k127_43025	301	No	NA	1	0	0	Low-quality	Genome-fragment	0.56	AAI-based (high-confidence)	0.0	1.0	no viral genes detected
k127_201973	344	No	NA	1	0	0	Not-determined	Genome-fragment	NA	NA	0.0	1.0	no viral genes detected
k127_96430	765	No	NA	1	0	0	Not-determined	Genome-fragment	NA	NA	0.0	1.0	no viral genes detected
k127_43475	325	No	NA	1	0	0	Low-quality	Genome-fragment	0.68	AAI-based (high-confidence)	0.0	1.0	no viral genes detected
k127_466968	960	No	NA	1	0	0	Not-determined	Genome-fragment	NA	NA	0.0	1.0	no viral genes detected
k127_43604	318	No	NA	1	1	0	Low-quality	Genome-fragment	0.28	HMM-based (lower-bound)	0.0	1.0	
k127_202467	382	No	NA	1	1	0	Low-quality	Genome-fragment	0.57	HMM-based (lower-bound)	0.0	1.0	
k127_43693	321	No	NA	1	0	0	Not-determined	Genome-fragment	NA	NA	0.0	1.0	no viral genes detected
k127_520150	594	No	NA	1	0	0	Low-quality	Genome-fragment	1.19	AAI-based (medium-confidence)	0.0	1.0	no viral genes detected
k127_305254	1916	No	NA	4	0	0	Not-determined	Genome-fragment	NA	NA	0.0	1.0	no viral genes detected
k127_149353	754	No	NA	1	1	0	Low-quality	Genome-fragment	1.42	AAI-based (medium-confidence)	0.0	1.0	
k127_358301	341	No	NA	1	0	0	Not-determined	Genome-fragment	NA	NA	0.0	1.0	no viral genes detected
k127_467758	338	No	NA	1	0	0	Not-determined	Genome-fragment	NA	NA	0.0	1.0	no viral genes detected
k127_44384	406	No	NA	2	1	0	Low-quality	Genome-fragment	0.42	HMM-based (lower-bound)	0.0	1.0	
k127_358856	305	No	NA	1	0	0	Not-determined	Genome-fragment	NA	NA	0.0	1.0	no viral genes detected
k127_468179	990	No	NA	1	1	0	Low-quality	Genome-fragment	2.65	AAI-based (high-confidence)	0.0	1.0	
k127_150550	401	No	NA	2	0	0	Not-determined	Genome-fragment	NA	NA	0.0	1.0	no viral genes detected
k127_45090	390	No	NA	1	1	0	Low-quality	Genome-fragment	0.99	AAI-based (medium-confidence)	0.0	1.0	
k127_521452	447	No	NA	1	1	0	Low-quality	Genome-fragment	1.14	AAI-based (medium-confidence)	0.0	1.0	
k127_253137	510	No	NA	2	0	0	Not-determined	Genome-fragment	NA	NA	0.0	1.0	no viral genes detected
k127_98282	357	No	NA	1	0	0	Not-determined	Genome-fragment	NA	NA	0.0	1.0	no viral genes detected
k127_98371	432	No	NA	1	0	0	Not-determined	Genome-fragment	NA	NA	0.0	1.0	no viral genes detected
k127_98500	689	No	NA	1	1	0	Low-quality	Genome-fragment	2.05	AAI-based (medium-confidence)	0.0	1.0	
k127_415839	1111	No	NA	1	1	0	Low-quality	Genome-fragment	1.58	HMM-based (lower-bound)	0.0	1.0	
k127_45526	741	No	NA	1	0	0	Low-quality	Genome-fragment	1.52	AAI-based (medium-confidence)	0.0	1.0	no viral genes detected
k127_151109	313	No	NA	1	0	0	Low-quality	Genome-fragment	0.82	AAI-based (medium-confidence)	0.0	1.0	no viral genes detected
k127_45639	411	No	NA	1	1	0	Low-quality	Genome-fragment	0.7	AAI-based (high-confidence)	0.0	1.0	
k127_416072	369	No	NA	2	0	0	Not-determined	Genome-fragment	NA	NA	0.0	1.0	no viral genes detected
k127_45749	320	No	NA	1	0	0	Low-quality	Genome-fragment	0.74	AAI-based (high-confidence)	0.0	1.0	no viral genes detected
k127_253838	322	No	NA	1	1	0	Low-quality	Genome-fragment	0.62	HMM-based (lower-bound)	0.0	1.0	
k127_45977	4146	No	NA	8	2	0	Low-quality	Genome-fragment	2.51	HMM-based (lower-bound)	0.0	1.0	
k127_204822	374	No	NA	1	0	0	Low-quality	Genome-fragment	0.19	AAI-based (medium-confidence)	0.0	1.0	no viral genes detected
k127_205125	317	No	NA	1	1	0	Low-quality	Genome-fragment	0.24	AAI-based (high-confidence)	0.0	1.0	
k127_205143	355	No	NA	1	0	0	Not-determined	Genome-fragment	NA	NA	0.0	1.0	no viral genes detected
k127_254228	410	No	NA	1	1	0	Low-quality	Genome-fragment	1.05	AAI-based (medium-confidence)	0.0	1.0	
k127_254273	566	No	NA	1	1	0	Low-quality	Genome-fragment	0.81	HMM-based (lower-bound)	0.0	1.0	
k127_307735	305	No	NA	1	1	0	Low-quality	Genome-fragment	0.15	HMM-based (lower-bound)	0.0	1.0	
k127_99695	984	No	NA	3	1	0	Low-quality	Genome-fragment	1.11	HMM-based (lower-bound)	0.0	1.0	
k127_99753	301	No	NA	1	0	0	Not-determined	Genome-fragment	NA	NA	0.0	1.0	no viral genes detected
k127_205512	906	No	NA	2	0	0	Low-quality	Genome-fragment	1.77	AAI-based (medium-confidence)	0.0	1.0	no viral genes detected
k127_523021	4658	No	NA	6	3	0	Low-quality	Genome-fragment	8.99	AAI-based (high-confidence)	0.0	1.0	
k127_46874	390	No	NA	1	1	0	Low-quality	Genome-fragment	1.07	AAI-based (medium-confidence)	0.0	1.0	
k127_308084	356	No	NA	1	0	0	Low-quality	Genome-fragment	0.85	AAI-based (medium-confidence)	0.0	1.0	no viral genes detected
k127_205806	421	No	NA	1	1	0	Low-quality	Genome-fragment	0.25	HMM-based (lower-bound)	0.0	1.0	
k127_308212	1353	No	NA	1	1	0	Low-quality	Genome-fragment	2.5	AAI-based (medium-confidence)	0.0	1.0	
k127_523474	434	No	NA	1	0	0	Not-determined	Genome-fragment	NA	NA	0.0	1.0	no viral genes detected
k127_152692	1276	No	NA	2	0	1	Not-determined	Genome-fragment	NA	NA	0.0	1.0	no viral genes detected
k127_100531	1165	No	NA	1	1	0	Low-quality	Genome-fragment	2.63	AAI-based (high-confidence)	0.0	1.0	
k127_470937	4098	No	NA	5	3	0	Low-quality	Genome-fragment	3.52	HMM-based (lower-bound)	0.0	1.0	
k127_153042	409	No	NA	1	0	0	Not-determined	Genome-fragment	NA	NA	0.0	1.0	no viral genes detected
k127_255342	755	No	NA	1	1	0	Low-quality	Genome-fragment	1.02	HMM-based (lower-bound)	0.0	1.0	
k127_153064	378	No	NA	1	1	0	Low-quality	Genome-fragment	0.89	HMM-based (lower-bound)	0.0	1.0	
k127_418071	584	No	NA	1	0	0	Low-quality	Genome-fragment	1.03	AAI-based (medium-confidence)	0.0	1.0	no viral genes detected
k127_418169	356	No	NA	1	0	0	Low-quality	Genome-fragment	1.87	AAI-based (medium-confidence)	0.0	1.0	no viral genes detected
k127_418181	800	No	NA	1	0	0	Low-quality	Genome-fragment	0.49	AAI-based (medium-confidence)	0.0	1.0	no viral genes detected
k127_47864	557	No	NA	1	1	0	Low-quality	Genome-fragment	0.73	HMM-based (lower-bound)	0.0	1.0	
k127_418329	307	No	NA	1	0	0	Not-determined	Genome-fragment	NA	NA	0.0	1.0	no viral genes detected
k127_418424	469	No	NA	1	1	0	Low-quality	Genome-fragment	0.7	HMM-based (lower-bound)	0.0	1.0	
k127_206920	593	No	NA	1	1	0	Low-quality	Genome-fragment	1.01	AAI-based (medium-confidence)	0.0	1.0	
k127_153630	416	No	NA	1	1	0	Low-quality	Genome-fragment	1.19	AAI-based (medium-confidence)	0.0	1.0	
k127_101297	1553	No	NA	3	1	0	Low-quality	Genome-fragment	1.62	HMM-based (lower-bound)	0.0	1.0	
k127_524557	2125	No	NA	5	2	0	Low-quality	Genome-fragment	3.86	AAI-based (high-confidence)	0.0	1.0	
k127_207169	501	No	NA	1	0	0	Not-determined	Genome-fragment	NA	NA	0.0	1.0	no viral genes detected
k127_48484	410	No	NA	1	1	0	Low-quality	Genome-fragment	0.61	HMM-based (lower-bound)	0.0	1.0	
k127_256301	345	No	NA	1	0	0	Not-determined	Genome-fragment	NA	NA	0.0	1.0	no viral genes detected
k127_362346	322	No	NA	1	1	0	Low-quality	Genome-fragment	0.73	HMM-based (lower-bound)	0.0	1.0	
k127_524982	348	No	NA	1	1	0	Low-quality	Genome-fragment	0.47	HMM-based (lower-bound)	0.0	1.0	
k127_154190	918	No	NA	3	0	0	Low-quality	Genome-fragment	1.65	AAI-based (medium-confidence)	0.0	1.0	no viral genes detected
k127_419169	370	No	NA	1	0	0	Not-determined	Genome-fragment	NA	NA	0.0	1.0	no viral genes detected
k127_101933	356	No	NA	1	1	0	Low-quality	Genome-fragment	0.95	AAI-based (medium-confidence)	0.0	1.0	
k127_48916	900	No	NA	1	1	0	Low-quality	Genome-fragment	1.28	HMM-based (lower-bound)	0.0	1.0	
k127_525313	338	No	NA	1	0	0	Low-quality	Genome-fragment	0.8	AAI-based (medium-confidence)	0.0	1.0	no viral genes detected
k127_49017	411	No	NA	1	1	0	Low-quality	Genome-fragment	0.87	HMM-based (lower-bound)	0.0	1.0	
k127_525327	461	No	NA	1	0	0	Not-determined	Genome-fragment	NA	NA	0.0	1.0	no viral genes detected
k127_256762	364	No	NA	1	1	0	Low-quality	Genome-fragment	0.42	HMM-based (lower-bound)	0.0	1.0	
k127_102200	346	No	NA	1	0	0	Not-determined	Genome-fragment	NA	NA	0.0	1.0	no viral genes detected
k127_362875	1006	No	NA	1	1	0	Low-quality	Genome-fragment	2.45	AAI-based (medium-confidence)	0.0	1.0	
k127_525515	2776	No	NA	4	0	0	Low-quality	Genome-fragment	4.4	AAI-based (medium-confidence)	0.0	1.0	no viral genes detected
k127_525529	452	No	NA	1	0	0	Low-quality	Genome-fragment	1.3	AAI-based (medium-confidence)	0.0	1.0	no viral genes detected
k127_49272	1164	No	NA	1	0	1	Not-determined	Genome-fragment	NA	NA	0.0	1.0	no viral genes detected
k127_102299	3095	No	NA	8	0	0	Low-quality	Genome-fragment	6.0	AAI-based (medium-confidence)	0.0	1.0	no viral genes detected
k127_419669	601	No	NA	1	0	0	Not-determined	Genome-fragment	NA	NA	0.0	1.0	no viral genes detected
k127_419724	314	No	NA	1	0	0	Not-determined	Genome-fragment	NA	NA	0.0	1.0	no viral genes detected
k127_257089	1192	No	NA	2	1	0	Low-quality	Genome-fragment	1.58	HMM-based (lower-bound)	0.0	1.0	
k127_257210	371	No	NA	1	0	0	Low-quality	Genome-fragment	0.29	AAI-based (medium-confidence)	0.0	1.0	no viral genes detected
k127_155107	520	No	NA	1	1	0	Low-quality	Genome-fragment	0.58	HMM-based (lower-bound)	0.0	1.0	
k127_257293	570	No	NA	1	0	0	Low-quality	Genome-fragment	1.13	AAI-based (medium-confidence)	0.0	1.0	no viral genes detected
k127_257298	388	No	NA	1	0	0	Low-quality	Genome-fragment	0.93	AAI-based (medium-confidence)	0.0	1.0	no viral genes detected
k127_473262	359	No	NA	1	1	0	Low-quality	Genome-fragment	0.54	HMM-based (lower-bound)	0.0	1.0	
k127_208757	763	No	NA	2	0	0	Not-determined	Genome-fragment	NA	NA	0.0	1.0	no viral genes detected
k127_310896	520	No	NA	2	0	0	Not-determined	Genome-fragment	NA	NA	0.0	1.0	no viral genes detected
k127_311068	695	No	NA	2	0	0	Low-quality	Genome-fragment	1.52	AAI-based (medium-confidence)	0.0	1.0	no viral genes detected
k127_526507	372	No	NA	1	0	0	Not-determined	Genome-fragment	NA	NA	0.0	1.0	no viral genes detected
k127_420629	478	No	NA	1	0	0	Not-determined	Genome-fragment	NA	NA	0.0	1.0	no viral genes detected
k127_420668	568	No	NA	1	0	1	Not-determined	Genome-fragment	NA	NA	0.0	1.0	no viral genes detected
k127_420730	680	No	NA	1	1	0	Low-quality	Genome-fragment	1.02	HMM-based (lower-bound)	0.0	1.0	
k127_420908	305	No	NA	1	0	0	Not-determined	Genome-fragment	NA	NA	0.0	1.0	no viral genes detected
k127_209374	2414	No	NA	4	1	0	Low-quality	Genome-fragment	2.68	HMM-based (lower-bound)	0.0	1.0	
k127_50806	786	No	NA	1	1	0	Low-quality	Genome-fragment	1.18	HMM-based (lower-bound)	0.0	1.0	
k127_104108	302	No	NA	1	1	0	Low-quality	Genome-fragment	0.39	HMM-based (lower-bound)	0.0	1.0	
k127_156542	988	No	NA	1	1	0	Low-quality	Genome-fragment	1.88	AAI-based (high-confidence)	0.0	1.0	
k127_527554	349	No	NA	1	0	0	Not-determined	Genome-fragment	NA	NA	0.0	1.0	no viral genes detected
k127_364753	310	No	NA	1	0	0	Not-determined	Genome-fragment	NA	NA	0.0	1.0	no viral genes detected
k127_156658	802	No	NA	1	0	0	Low-quality	Genome-fragment	1.5	AAI-based (medium-confidence)	0.0	1.0	no viral genes detected
k127_312164	327	No	NA	1	1	0	Low-quality	Genome-fragment	0.27	HMM-based (lower-bound)	0.0	1.0	
k127_156749	338	No	NA	1	1	0	Low-quality	Genome-fragment	0.62	AAI-based (medium-confidence)	0.0	1.0	
k127_104486	716	No	NA	2	0	0	Not-determined	Genome-fragment	NA	NA	0.0	1.0	no viral genes detected
k127_312294	1254	No	NA	1	0	0	Not-determined	Genome-fragment	NA	NA	0.0	1.0	no viral genes detected
k127_312333	475	No	NA	1	0	0	Not-determined	Genome-fragment	NA	NA	0.0	1.0	no viral genes detected
k127_258941	324	No	NA	1	0	0	Not-determined	Genome-fragment	NA	NA	0.0	1.0	no viral genes detected
k127_51531	1075	No	NA	1	0	0	Not-determined	Genome-fragment	NA	NA	0.0	1.0	no viral genes detected
k127_421992	438	No	NA	1	1	0	Low-quality	Genome-fragment	1.03	AAI-based (high-confidence)	0.0	1.0	
k127_527934	974	No	NA	2	0	0	Not-determined	Genome-fragment	NA	NA	0.0	1.0	no viral genes detected
k127_475223	352	No	NA	1	0	0	Not-determined	Genome-fragment	NA	NA	0.0	1.0	no viral genes detected
k127_210636	555	No	NA	1	0	0	Not-determined	Genome-fragment	NA	NA	0.0	1.0	no viral genes detected
k127_365250	449	No	NA	1	1	0	Low-quality	Genome-fragment	0.69	HMM-based (lower-bound)	0.0	1.0	
k127_104916	863	No	NA	2	0	0	Low-quality	Genome-fragment	2.01	AAI-based (medium-confidence)	0.0	1.0	no viral genes detected
k127_210701	506	No	NA	2	0	0	Not-determined	Genome-fragment	NA	NA	0.0	1.0	no viral genes detected
k127_51977	3026	No	NA	9	0	0	Low-quality	Genome-fragment	5.99	AAI-based (medium-confidence)	0.0	1.0	no viral genes detected
k127_475446	628	No	NA	1	0	0	Not-determined	Genome-fragment	NA	NA	0.0	1.0	no viral genes detected
k127_52109	479	No	NA	1	0	0	Not-determined	Genome-fragment	NA	NA	0.0	1.0	no viral genes detected
k127_475636	304	No	NA	2	0	0	Not-determined	Genome-fragment	NA	NA	0.0	1.0	no viral genes detected
k127_422598	1515	No	NA	5	1	0	Low-quality	Genome-fragment	1.74	HMM-based (lower-bound)	0.0	1.0	
k127_528628	901	No	NA	1	0	1	Not-determined	Genome-fragment	NA	NA	0.0	1.14	no viral genes detected; low-confidence DTR
k127_157640	496	No	NA	2	1	0	Low-quality	Genome-fragment	2.32	AAI-based (high-confidence)	0.0	1.0	
k127_475788	317	No	NA	1	1	0	Low-quality	Genome-fragment	0.22	HMM-based (lower-bound)	0.0	1.0	
k127_422709	473	No	NA	1	0	0	Not-determined	Genome-fragment	NA	NA	0.0	1.0	no viral genes detected
k127_422766	603	No	NA	1	0	0	Not-determined	Genome-fragment	NA	NA	0.0	1.0	no viral genes detected
k127_52405	1242	No	NA	2	0	0	Not-determined	Genome-fragment	NA	NA	0.0	1.0	no viral genes detected
k127_211333	445	No	NA	1	0	0	Low-quality	Genome-fragment	0.23	AAI-based (medium-confidence)	0.0	1.0	no viral genes detected
k127_365979	334	No	NA	1	0	0	Not-determined	Genome-fragment	NA	NA	0.0	1.0	no viral genes detected
k127_260010	386	No	NA	1	1	0	Low-quality	Genome-fragment	0.44	HMM-based (lower-bound)	0.0	1.0	
k127_105681	314	No	NA	1	0	0	Not-determined	Genome-fragment	NA	NA	0.0	1.0	no viral genes detected
k127_423050	1491	No	NA	2	0	0	Not-determined	Genome-fragment	NA	NA	0.0	1.0	no viral genes detected
k127_52817	412	No	NA	1	1	0	Low-quality	Genome-fragment	0.56	HMM-based (lower-bound)	0.0	1.0	
k127_260359	472	No	NA	1	1	0	Low-quality	Genome-fragment	0.62	HMM-based (lower-bound)	0.0	1.0	
k127_366446	549	No	NA	1	1	0	Low-quality	Genome-fragment	0.72	HMM-based (lower-bound)	0.0	1.0	
k127_313864	822	No	NA	2	1	0	Low-quality	Genome-fragment	1.73	AAI-based (medium-confidence)	0.0	1.0	
k127_260611	424	No	NA	1	1	0	Low-quality	Genome-fragment	0.62	HMM-based (lower-bound)	0.0	1.0	
k127_158625	1554	No	NA	3	3	0	Low-quality	Genome-fragment	3.27	AAI-based (high-confidence)	0.0	1.0	
k127_314267	488	No	NA	1	0	0	Not-determined	Genome-fragment	NA	NA	0.0	1.0	no viral genes detected
k127_367447	2760	No	NA	6	0	0	Low-quality	Genome-fragment	5.41	AAI-based (medium-confidence)	0.0	1.0	no viral genes detected
k127_261551	391	No	NA	1	1	0	Low-quality	Genome-fragment	0.45	HMM-based (lower-bound)	0.0	1.0	
k127_314898	339	No	NA	1	1	0	Low-quality	Genome-fragment	0.39	HMM-based (lower-bound)	0.0	1.0	
k127_314938	710	No	NA	2	1	0	Low-quality	Genome-fragment	1.35	AAI-based (medium-confidence)	0.0	1.0	
k127_314989	305	No	NA	1	0	0	Not-determined	Genome-fragment	NA	NA	0.0	1.0	no viral genes detected
k127_368155	437	No	NA	1	0	0	Not-determined	Genome-fragment	NA	NA	0.0	1.0	no viral genes detected
k127_368343	538	No	NA	1	0	0	Not-determined	Genome-fragment	NA	NA	0.0	1.0	no viral genes detected
k127_315806	661	No	NA	1	0	0	Low-quality	Genome-fragment	0.34	AAI-based (medium-confidence)	0.0	1.0	no viral genes detected
k127_369432	778	No	NA	2	0	0	Not-determined	Genome-fragment	NA	NA	0.0	1.0	no viral genes detected
k127_263564	1282	No	NA	2	0	0	Low-quality	Genome-fragment	3.06	AAI-based (medium-confidence)	0.0	1.0	no viral genes detected
k127_369629	806	No	NA	3	1	0	Low-quality	Genome-fragment	1.52	HMM-based (lower-bound)	0.0	1.0	
k127_263808	1475	No	NA	3	1	0	Low-quality	Genome-fragment	3.16	AAI-based (high-confidence)	0.0	1.0	
