contig_id	contig_length	provirus	proviral_length	gene_count	viral_genes	host_genes	checkv_quality	miuvig_quality	completeness	completeness_method	contamination	kmer_freq	warnings
k127_563389	310	No	NA	1	0	0	Not-determined	Genome-fragment	NA	NA	0.0	1.0	no viral genes detected
k127_62752	330	No	NA	1	1	0	Low-quality	Genome-fragment	0.3	HMM-based (lower-bound)	0.0	1.0	
k127_188120	449	No	NA	1	1	0	Low-quality	Genome-fragment	1.49	AAI-based (medium-confidence)	0.0	1.0	
k127_250848	567	No	NA	1	0	0	Not-determined	Genome-fragment	NA	NA	0.0	1.0	no viral genes detected
k127_563803	478	No	NA	1	0	0	Low-quality	Genome-fragment	0.95	AAI-based (medium-confidence)	0.0	1.0	no viral genes detected
k127_250887	459	No	NA	1	1	0	Low-quality	Genome-fragment	0.99	AAI-based (medium-confidence)	0.0	1.0	
k127_563911	908	No	NA	1	0	1	Not-determined	Genome-fragment	NA	NA	0.0	1.0	no viral genes detected
k127_563929	2008	No	NA	3	1	0	Low-quality	Genome-fragment	2.98	HMM-based (lower-bound)	0.0	1.0	
k127_251655	536	No	NA	1	0	0	Not-determined	Genome-fragment	NA	NA	0.0	1.0	no viral genes detected
k127_126326	1314	No	NA	1	0	1	Not-determined	Genome-fragment	NA	NA	0.0	1.0	no viral genes detected
k127_564590	307	No	NA	1	1	0	Low-quality	Genome-fragment	0.18	HMM-based (lower-bound)	0.0	1.0	
k127_1351	5212	No	NA	6	1	0	Low-quality	Genome-fragment	9.4	AAI-based (medium-confidence)	0.0	1.0	
k127_1465	311	No	NA	1	1	0	Low-quality	Genome-fragment	0.15	HMM-based (lower-bound)	0.0	1.0	
k127_64177	447	No	NA	1	0	1	Not-determined	Genome-fragment	NA	NA	0.0	1.0	no viral genes detected
k127_565139	344	No	NA	1	0	0	Low-quality	Genome-fragment	0.86	AAI-based (medium-confidence)	0.0	1.0	no viral genes detected
k127_565491	1158	No	NA	1	0	0	Not-determined	Genome-fragment	NA	NA	0.0	1.05	no viral genes detected
k127_252785	606	No	NA	1	0	1	Not-determined	Genome-fragment	NA	NA	0.0	1.0	no viral genes detected
k127_565774	816	No	NA	2	0	0	Low-quality	Genome-fragment	1.81	AAI-based (high-confidence)	0.0	1.0	no viral genes detected
k127_378543	478	No	NA	1	1	0	Low-quality	Genome-fragment	1.12	AAI-based (medium-confidence)	0.0	1.0	
k127_3286	684	No	NA	1	1	0	Low-quality	Genome-fragment	1.55	AAI-based (medium-confidence)	0.0	1.0	
k127_316282	1148	No	NA	3	2	0	Low-quality	Genome-fragment	2.09	AAI-based (medium-confidence)	0.0	1.0	
k127_566547	346	No	NA	1	0	0	Not-determined	Genome-fragment	NA	NA	0.0	1.0	no viral genes detected
k127_441664	490	No	NA	1	0	0	Not-determined	Genome-fragment	NA	NA	0.0	1.0	no viral genes detected
k127_128438	758	No	NA	2	0	0	Not-determined	Genome-fragment	NA	NA	0.0	1.0	no viral genes detected
k127_3842	588	No	NA	1	1	0	Low-quality	Genome-fragment	1.22	AAI-based (medium-confidence)	0.0	1.0	
k127_442109	2090	No	NA	4	0	0	Low-quality	Genome-fragment	3.22	AAI-based (medium-confidence)	0.0	1.0	no viral genes detected
k127_567092	526	No	NA	1	0	0	Not-determined	Genome-fragment	NA	NA	0.0	1.0	no viral genes detected
k127_504496	401	No	NA	1	1	0	Low-quality	Genome-fragment	0.59	HMM-based (lower-bound)	0.0	1.0	
k127_379925	317	No	NA	1	0	0	Low-quality	Genome-fragment	0.72	AAI-based (medium-confidence)	0.0	1.0	no viral genes detected
k127_504947	536	No	NA	1	0	0	Not-determined	Genome-fragment	NA	NA	0.0	1.0	no viral genes detected
k127_66995	355	No	NA	1	0	0	Not-determined	Genome-fragment	NA	NA	0.0	1.0	no viral genes detected
k127_567979	324	No	NA	1	0	0	Not-determined	Genome-fragment	NA	NA	0.0	1.0	no viral genes detected
k127_192505	383	No	NA	1	1	0	Low-quality	Genome-fragment	0.34	HMM-based (lower-bound)	0.0	1.0	
k127_255947	319	No	NA	1	0	0	Not-determined	Genome-fragment	NA	NA	0.0	1.0	no viral genes detected
k127_381111	676	No	NA	2	0	0	Not-determined	Genome-fragment	NA	NA	0.0	1.0	no viral genes detected
k127_381325	469	No	NA	1	0	0	Not-determined	Genome-fragment	NA	NA	0.0	1.0	no viral genes detected
k127_381529	350	No	NA	1	0	0	Not-determined	Genome-fragment	NA	NA	0.0	1.0	no viral genes detected
k127_193285	814	No	NA	1	0	0	Not-determined	Genome-fragment	NA	NA	0.0	1.0	no viral genes detected
k127_569084	350	No	NA	2	0	0	Not-determined	Genome-fragment	NA	NA	0.0	1.0	no viral genes detected
k127_381722	337	No	NA	2	0	0	Low-quality	Genome-fragment	0.54	AAI-based (high-confidence)	0.0	1.0	no viral genes detected
k127_444628	3666	No	NA	3	1	0	Low-quality	Genome-fragment	6.61	AAI-based (high-confidence)	0.0	1.0	
k127_131058	533	No	NA	1	0	0	Not-determined	Genome-fragment	NA	NA	0.0	1.0	no viral genes detected
k127_257496	561	No	NA	1	0	1	Not-determined	Genome-fragment	NA	NA	0.0	1.0	no viral genes detected
k127_319976	445	No	NA	1	1	0	Low-quality	Genome-fragment	0.02	HMM-based (lower-bound)	0.0	1.0	
k127_569998	368	No	NA	1	1	0	Low-quality	Genome-fragment	0.7	AAI-based (medium-confidence)	0.0	1.0	
k127_131481	2450	No	NA	1	1	0	Low-quality	Genome-fragment	5.65	AAI-based (medium-confidence)	0.0	1.0	
k127_69339	440	No	NA	1	0	0	Not-determined	Genome-fragment	NA	NA	0.0	1.0	no viral genes detected
k127_7671	1221	No	NA	2	0	2	Not-determined	Genome-fragment	NA	NA	0.0	1.0	no viral genes detected
k127_570399	537	No	NA	1	0	0	Low-quality	Genome-fragment	1.09	AAI-based (medium-confidence)	0.0	1.0	no viral genes detected
k127_320629	433	No	NA	1	0	0	Not-determined	Genome-fragment	NA	NA	0.0	1.0	no viral genes detected
k127_383329	468	No	NA	1	0	0	Not-determined	Genome-fragment	NA	NA	0.0	1.0	no viral genes detected
k127_383490	543	No	NA	1	1	0	Low-quality	Genome-fragment	0.77	HMM-based (lower-bound)	0.0	1.0	
k127_131972	467	No	NA	1	0	0	Low-quality	Genome-fragment	1.03	AAI-based (medium-confidence)	0.0	1.0	no viral genes detected
k127_8170	816	No	NA	2	0	0	Low-quality	Genome-fragment	1.21	AAI-based (medium-confidence)	0.0	1.0	no viral genes detected
k127_383811	347	No	NA	1	1	0	Low-quality	Genome-fragment	0.62	AAI-based (medium-confidence)	0.0	1.0	
k127_321094	605	No	NA	1	1	0	Low-quality	Genome-fragment	1.5	AAI-based (medium-confidence)	0.0	1.0	
k127_70072	4167	No	NA	13	1	0	Low-quality	Genome-fragment	2.5	HMM-based (lower-bound)	0.0	1.0	
k127_8417	386	No	NA	1	0	0	Not-determined	Genome-fragment	NA	NA	0.0	1.0	no viral genes detected
k127_259126	451	No	NA	1	0	1	Not-determined	Genome-fragment	NA	NA	0.0	1.0	no viral genes detected
k127_132600	425	No	NA	1	0	0	Low-quality	Genome-fragment	0.63	AAI-based (medium-confidence)	0.0	1.0	no viral genes detected
k127_259446	319	No	NA	1	0	0	Low-quality	Genome-fragment	0.77	AAI-based (high-confidence)	0.0	1.0	no viral genes detected
k127_571918	335	No	NA	1	1	0	Low-quality	Genome-fragment	0.16	HMM-based (lower-bound)	0.0	1.0	
k127_196083	322	No	NA	1	0	0	Not-determined	Genome-fragment	NA	NA	0.0	1.0	no viral genes detected
k127_322337	1490	No	NA	1	0	0	Low-quality	Genome-fragment	3.24	AAI-based (medium-confidence)	0.0	1.0	no viral genes detected
k127_447531	2938	No	NA	4	4	0	Low-quality	Genome-fragment	5.4	HMM-based (lower-bound)	0.0	1.0	
k127_509278	392	No	NA	1	0	0	Not-determined	Genome-fragment	NA	NA	0.0	1.0	no viral genes detected
k127_509424	553	No	NA	1	1	0	Low-quality	Genome-fragment	0.4	HMM-based (lower-bound)	0.0	1.0	
k127_448051	438	No	NA	2	0	0	Low-quality	Genome-fragment	0.74	AAI-based (medium-confidence)	0.0	1.0	no viral genes detected
k127_260658	3753	No	NA	9	0	0	Not-determined	Genome-fragment	NA	NA	0.0	1.0	no viral genes detected
k127_134007	874	No	NA	2	1	0	Low-quality	Genome-fragment	1.14	HMM-based (lower-bound)	0.0	1.0	
k127_386105	402	No	NA	1	0	0	Low-quality	Genome-fragment	0.82	AAI-based (medium-confidence)	0.0	1.0	no viral genes detected
k127_10772	1830	No	NA	3	1	0	Low-quality	Genome-fragment	2.61	HMM-based (lower-bound)	0.0	1.0	
k127_386319	412	No	NA	2	0	0	Low-quality	Genome-fragment	0.81	AAI-based (medium-confidence)	0.0	1.0	no viral genes detected
k127_323804	827	No	NA	1	0	1	Not-determined	Genome-fragment	NA	NA	0.0	1.0	no viral genes detected
k127_386895	889	No	NA	1	0	0	Not-determined	Genome-fragment	NA	NA	0.0	1.0	no viral genes detected
k127_11658	372	No	NA	1	0	0	Not-determined	Genome-fragment	NA	NA	0.0	1.0	no viral genes detected
k127_449758	323	No	NA	1	1	0	Low-quality	Genome-fragment	0.67	HMM-based (lower-bound)	0.0	1.0	
k127_262454	366	No	NA	1	0	0	Low-quality	Genome-fragment	0.84	AAI-based (medium-confidence)	0.0	1.0	no viral genes detected
k127_324854	358	No	NA	1	1	0	Low-quality	Genome-fragment	0.93	AAI-based (medium-confidence)	0.0	1.0	
k127_511653	908	No	NA	3	0	0	Low-quality	Genome-fragment	1.39	AAI-based (medium-confidence)	0.0	1.0	no viral genes detected
k127_73647	428	No	NA	2	0	0	Not-determined	Genome-fragment	NA	NA	0.0	1.0	no viral genes detected
k127_387936	484	No	NA	1	1	0	Low-quality	Genome-fragment	0.69	HMM-based (lower-bound)	0.0	1.0	
k127_388009	398	No	NA	1	1	0	Low-quality	Genome-fragment	0.46	HMM-based (lower-bound)	0.0	1.0	
k127_199297	307	No	NA	1	0	0	Not-determined	Genome-fragment	NA	NA	0.0	1.0	no viral genes detected
k127_199320	716	No	NA	1	0	0	Low-quality	Genome-fragment	1.38	AAI-based (high-confidence)	0.0	1.0	no viral genes detected
k127_388445	885	No	NA	1	0	1	Not-determined	Genome-fragment	NA	NA	0.0	1.0	no viral genes detected
k127_325933	334	No	NA	1	0	0	Not-determined	Genome-fragment	NA	NA	0.0	1.0	no viral genes detected
k127_263591	479	No	NA	1	0	0	Not-determined	Genome-fragment	NA	NA	0.0	1.0	no viral genes detected
k127_388910	482	No	NA	1	0	0	Low-quality	Genome-fragment	1.24	AAI-based (medium-confidence)	0.0	1.0	no viral genes detected
k127_13695	671	No	NA	1	0	0	Low-quality	Genome-fragment	1.39	AAI-based (medium-confidence)	0.0	1.0	no viral genes detected
k127_451838	1101	No	NA	2	1	0	Low-quality	Genome-fragment	3.15	AAI-based (high-confidence)	0.0	1.0	
k127_136913	1348	No	NA	1	1	0	Low-quality	Genome-fragment	1.0	HMM-based (lower-bound)	0.0	1.0	
k127_576361	303	No	NA	1	0	0	Not-determined	Genome-fragment	NA	NA	0.0	1.0	no viral genes detected
k127_326911	1232	No	NA	2	1	0	Low-quality	Genome-fragment	2.36	AAI-based (medium-confidence)	0.0	1.0	
k127_576402	320	No	NA	1	1	0	Low-quality	Genome-fragment	0.46	HMM-based (lower-bound)	0.0	1.0	
k127_576411	842	No	NA	2	1	0	Low-quality	Genome-fragment	1.2	HMM-based (lower-bound)	0.0	1.0	
k127_389962	465	No	NA	1	0	0	Not-determined	Genome-fragment	NA	NA	0.0	1.0	no viral genes detected
k127_513755	302	No	NA	1	0	0	Not-determined	Genome-fragment	NA	NA	0.0	1.0	no viral genes detected
k127_14772	799	No	NA	1	1	0	Low-quality	Genome-fragment	0.32	HMM-based (lower-bound)	0.0	1.0	
k127_201012	387	No	NA	2	0	0	Not-determined	Genome-fragment	NA	NA	0.0	1.0	no viral genes detected
k127_327434	855	No	NA	1	0	1	Not-determined	Genome-fragment	NA	NA	0.0	1.0	no viral genes detected
k127_265162	434	No	NA	1	0	1	Not-determined	Genome-fragment	NA	NA	0.0	1.0	no viral genes detected
k127_76191	1155	No	NA	1	0	0	Not-determined	Genome-fragment	NA	NA	0.0	1.0	no viral genes detected
k127_265441	367	No	NA	1	1	0	Low-quality	Genome-fragment	0.33	HMM-based (lower-bound)	0.0	1.0	
k127_514183	375	No	NA	1	1	0	Low-quality	Genome-fragment	1.05	AAI-based (high-confidence)	0.0	1.0	
k127_453070	330	No	NA	1	0	0	Not-determined	Genome-fragment	NA	NA	0.0	1.0	no viral genes detected
k127_137803	803	No	NA	1	0	1	Not-determined	Genome-fragment	NA	NA	0.0	1.0	no viral genes detected
k127_453134	315	No	NA	1	0	0	Not-determined	Genome-fragment	NA	NA	0.0	1.0	no viral genes detected
k127_15271	615	No	NA	1	0	1	Not-determined	Genome-fragment	NA	NA	0.0	1.0	no viral genes detected
k127_201403	328	No	NA	1	0	0	Not-determined	Genome-fragment	NA	NA	0.0	1.0	no viral genes detected
k127_76426	817	No	NA	2	0	0	Not-determined	Genome-fragment	NA	NA	0.0	1.0	no viral genes detected
k127_328016	598	No	NA	1	1	0	Low-quality	Genome-fragment	0.85	HMM-based (lower-bound)	0.0	1.0	
k127_390981	2490	No	NA	6	2	0	Low-quality	Genome-fragment	5.89	AAI-based (medium-confidence)	0.0	1.0	
k127_76519	362	No	NA	1	1	0	Low-quality	Genome-fragment	0.22	HMM-based (lower-bound)	0.0	1.0	
k127_577569	314	No	NA	1	0	0	Low-quality	Genome-fragment	0.79	AAI-based (high-confidence)	0.0	1.0	no viral genes detected
k127_577589	786	No	NA	2	0	0	Low-quality	Genome-fragment	1.39	AAI-based (medium-confidence)	0.0	1.0	no viral genes detected
k127_514648	708	No	NA	1	0	0	Low-quality	Genome-fragment	1.25	AAI-based (medium-confidence)	0.0	1.0	no viral genes detected
k127_15694	10264	No	NA	15	0	2	Not-determined	Genome-fragment	NA	NA	0.0	1.0	no viral genes detected
k127_15828	694	No	NA	2	1	0	Low-quality	Genome-fragment	1.24	AAI-based (medium-confidence)	0.0	1.0	
k127_577812	326	No	NA	1	1	0	Low-quality	Genome-fragment	0.27	HMM-based (lower-bound)	0.0	1.0	
k127_201950	1086	No	NA	1	0	0	Not-determined	Genome-fragment	NA	NA	0.0	1.0	no viral genes detected
k127_266218	1150	No	NA	3	2	0	Low-quality	Genome-fragment	2.17	HMM-based (lower-bound)	0.0	1.0	
k127_454261	415	No	NA	1	0	0	Low-quality	Genome-fragment	0.84	AAI-based (medium-confidence)	0.0	1.0	no viral genes detected
k127_16577	697	No	NA	1	1	0	Low-quality	Genome-fragment	0.99	HMM-based (lower-bound)	0.0	1.0	
k127_16616	521	No	NA	1	0	0	Not-determined	Genome-fragment	NA	NA	0.0	1.0	no viral genes detected
k127_77773	1080	No	NA	2	0	0	Low-quality	Genome-fragment	2.15	AAI-based (medium-confidence)	0.0	1.0	no viral genes detected
k127_78316	1521	No	NA	1	1	0	Low-quality	Genome-fragment	2.54	AAI-based (medium-confidence)	0.0	1.0	
k127_516265	905	No	NA	1	0	1	Not-determined	Genome-fragment	NA	NA	0.0	1.0	no viral genes detected
k127_17785	533	No	NA	1	1	0	Low-quality	Genome-fragment	1.44	AAI-based (medium-confidence)	0.0	1.0	
k127_78746	702	No	NA	1	1	0	Low-quality	Genome-fragment	1.0	HMM-based (lower-bound)	0.0	1.0	
k127_516692	368	No	NA	2	0	0	Not-determined	Genome-fragment	NA	NA	0.0	1.0	no viral genes detected
k127_330447	337	No	NA	2	0	0	Not-determined	Genome-fragment	NA	NA	0.0	1.0	no viral genes detected
k127_516705	993	No	NA	1	0	0	Low-quality	Genome-fragment	2.22	AAI-based (medium-confidence)	0.0	1.0	no viral genes detected
k127_203912	497	No	NA	1	0	0	Not-determined	Genome-fragment	NA	NA	0.0	1.0	no viral genes detected
k127_330558	365	No	NA	1	0	0	Not-determined	Genome-fragment	NA	NA	0.0	1.0	no viral genes detected
k127_579903	334	No	NA	2	1	0	Low-quality	Genome-fragment	0.58	HMM-based (lower-bound)	0.0	1.0	
k127_204149	368	No	NA	1	0	0	Not-determined	Genome-fragment	NA	NA	0.0	1.0	no viral genes detected
k127_140455	876	No	NA	1	0	1	Not-determined	Genome-fragment	NA	NA	0.0	1.0	no viral genes detected
k127_456297	312	No	NA	1	0	0	Low-quality	Genome-fragment	0.54	AAI-based (medium-confidence)	0.0	1.0	no viral genes detected
k127_18929	327	No	NA	1	1	0	Low-quality	Genome-fragment	0.23	HMM-based (lower-bound)	0.0	1.0	
k127_580804	301	No	NA	1	1	0	Low-quality	Genome-fragment	0.25	HMM-based (lower-bound)	0.0	1.0	
k127_204909	412	No	NA	1	1	0	Low-quality	Genome-fragment	0.98	AAI-based (medium-confidence)	0.0	1.0	
k127_457214	389	No	NA	1	1	0	Low-quality	Genome-fragment	0.55	HMM-based (lower-bound)	0.0	1.0	
k127_269550	431	No	NA	1	0	0	Not-determined	Genome-fragment	NA	NA	0.0	1.0	no viral genes detected
k127_331983	675	No	NA	2	0	1	Not-determined	Genome-fragment	NA	NA	0.0	1.0	no viral genes detected
k127_457395	712	No	NA	1	1	0	Low-quality	Genome-fragment	1.27	AAI-based (medium-confidence)	0.0	1.0	
k127_457488	706	No	NA	2	0	0	Low-quality	Genome-fragment	1.64	AAI-based (medium-confidence)	0.0	1.0	no viral genes detected
k127_141516	5070	No	NA	9	1	0	Low-quality	Genome-fragment	2.75	HMM-based (lower-bound)	0.0	1.0	
k127_205422	607	No	NA	1	0	1	Not-determined	Genome-fragment	NA	NA	0.0	1.0	no viral genes detected
k127_19691	329	No	NA	1	1	0	Low-quality	Genome-fragment	0.91	AAI-based (medium-confidence)	0.0	1.0	
k127_269876	444	No	NA	1	0	0	Low-quality	Genome-fragment	1.04	AAI-based (medium-confidence)	0.0	1.0	no viral genes detected
k127_80519	401	No	NA	2	1	0	Low-quality	Genome-fragment	0.97	AAI-based (medium-confidence)	0.0	1.0	
k127_518473	349	No	NA	1	1	0	Low-quality	Genome-fragment	0.93	AAI-based (medium-confidence)	0.0	1.0	
k127_458080	583	No	NA	1	0	0	Low-quality	Genome-fragment	1.2	AAI-based (medium-confidence)	0.0	1.0	no viral genes detected
k127_332746	389	No	NA	1	0	0	Not-determined	Genome-fragment	NA	NA	0.0	1.01	no viral genes detected
k127_332839	471	No	NA	1	0	0	Low-quality	Genome-fragment	0.99	AAI-based (medium-confidence)	0.0	1.0	no viral genes detected
k127_458441	1026	No	NA	2	0	0	Not-determined	Genome-fragment	NA	NA	0.0	1.0	no viral genes detected
k127_270749	501	No	NA	1	1	0	Low-quality	Genome-fragment	0.41	HMM-based (lower-bound)	0.0	1.0	
k127_270797	418	No	NA	2	0	0	Not-determined	Genome-fragment	NA	NA	0.0	1.0	no viral genes detected
k127_142668	601	No	NA	1	0	0	Not-determined	Genome-fragment	NA	NA	0.0	1.0	no viral genes detected
k127_207038	2527	No	NA	1	0	0	Low-quality	Genome-fragment	5.6	AAI-based (medium-confidence)	0.0	1.0	no viral genes detected
k127_396994	501	No	NA	1	1	0	Low-quality	Genome-fragment	0.66	HMM-based (lower-bound)	0.0	1.0	
k127_21567	455	No	NA	1	0	1	Not-determined	Genome-fragment	NA	NA	0.0	1.0	no viral genes detected
k127_272043	306	No	NA	1	1	0	Low-quality	Genome-fragment	0.71	AAI-based (medium-confidence)	0.0	1.0	
k127_21859	307	No	NA	1	0	0	Not-determined	Genome-fragment	NA	NA	0.0	1.0	no viral genes detected
k127_207569	328	No	NA	1	0	0	Not-determined	Genome-fragment	NA	NA	0.0	1.0	no viral genes detected
k127_22013	360	No	NA	2	0	0	Not-determined	Genome-fragment	NA	NA	0.0	1.0	no viral genes detected
k127_207831	305	No	NA	1	1	0	Low-quality	Genome-fragment	0.27	HMM-based (lower-bound)	0.0	1.0	
k127_397967	629	No	NA	2	0	0	Low-quality	Genome-fragment	1.23	AAI-based (medium-confidence)	0.0	1.0	no viral genes detected
k127_583952	486	No	NA	1	0	0	Not-determined	Genome-fragment	NA	NA	0.0	1.0	no viral genes detected
k127_460667	429	No	NA	2	0	0	Not-determined	Genome-fragment	NA	NA	0.0	1.0	no viral genes detected
k127_208218	423	No	NA	1	0	0	Not-determined	Genome-fragment	NA	NA	0.0	1.0	no viral genes detected
k127_335576	442	No	NA	2	0	0	Not-determined	Genome-fragment	NA	NA	0.0	1.0	no viral genes detected
k127_208570	3771	No	NA	3	1	0	Low-quality	Genome-fragment	4.62	AAI-based (high-confidence)	0.0	1.0	
k127_208741	841	No	NA	1	0	0	Low-quality	Genome-fragment	0.65	AAI-based (medium-confidence)	0.0	1.0	no viral genes detected
k127_84072	1222	No	NA	1	0	1	Not-determined	Genome-fragment	NA	NA	0.0	1.0	no viral genes detected
k127_399250	354	No	NA	1	0	0	Not-determined	Genome-fragment	NA	NA	0.0	1.0	no viral genes detected
k127_461824	621	No	NA	1	0	0	Not-determined	Genome-fragment	NA	NA	0.0	1.0	no viral genes detected
k127_274102	973	No	NA	2	0	0	Not-determined	Genome-fragment	NA	NA	0.0	1.0	no viral genes detected
k127_84439	644	No	NA	1	0	0	Not-determined	Genome-fragment	NA	NA	0.0	1.0	no viral genes detected
k127_336738	704	No	NA	1	1	0	Low-quality	Genome-fragment	1.28	AAI-based (medium-confidence)	0.0	1.0	
k127_523330	368	No	NA	1	0	0	Not-determined	Genome-fragment	NA	NA	0.0	1.0	no viral genes detected
k127_25291	429	No	NA	1	1	0	Low-quality	Genome-fragment	0.7	AAI-based (medium-confidence)	0.0	1.0	
k127_85889	382	No	NA	1	1	0	Low-quality	Genome-fragment	0.15	HMM-based (lower-bound)	0.0	1.0	
k127_146758	380	No	NA	1	0	0	Low-quality	Genome-fragment	0.92	AAI-based (medium-confidence)	0.0	1.0	no viral genes detected
k127_211072	2052	No	NA	4	1	0	Low-quality	Genome-fragment	3.51	AAI-based (high-confidence)	0.0	1.0	
k127_338253	389	No	NA	2	0	1	Not-determined	Genome-fragment	NA	NA	0.0	1.0	no viral genes detected
k127_401522	510	No	NA	1	1	0	Low-quality	Genome-fragment	0.73	HMM-based (lower-bound)	0.0	1.0	
k127_586882	456	No	NA	1	0	0	Not-determined	Genome-fragment	NA	NA	0.0	1.0	no viral genes detected
k127_26012	523	No	NA	1	0	0	Not-determined	Genome-fragment	NA	NA	0.0	1.0	no viral genes detected
k127_524232	507	No	NA	1	0	0	Not-determined	Genome-fragment	NA	NA	0.0	1.0	no viral genes detected
k127_464233	429	No	NA	1	0	0	Not-determined	Genome-fragment	NA	NA	0.0	1.0	no viral genes detected
k127_211435	387	No	NA	1	0	0	Not-determined	Genome-fragment	NA	NA	0.0	1.0	no viral genes detected
k127_524345	426	No	NA	1	0	0	Not-determined	Genome-fragment	NA	NA	0.0	1.0	no viral genes detected
k127_26324	460	No	NA	1	0	0	Not-determined	Genome-fragment	NA	NA	0.0	1.0	no viral genes detected
k127_464536	513	No	NA	1	0	0	Low-quality	Genome-fragment	1.32	AAI-based (medium-confidence)	0.0	1.0	no viral genes detected
k127_587413	348	No	NA	1	0	0	Not-determined	Genome-fragment	NA	NA	0.0	1.0	no viral genes detected
k127_339004	338	No	NA	1	1	0	Low-quality	Genome-fragment	0.64	HMM-based (lower-bound)	0.0	1.0	
k127_402362	302	No	NA	1	0	0	Not-determined	Genome-fragment	NA	NA	0.0	1.0	no viral genes detected
k127_211949	342	No	NA	1	1	0	Low-quality	Genome-fragment	0.28	HMM-based (lower-bound)	0.0	1.0	
k127_277153	662	No	NA	1	0	1	Not-determined	Genome-fragment	NA	NA	0.0	1.0	no viral genes detected
k127_212158	3075	No	NA	6	1	0	Low-quality	Genome-fragment	2.14	HMM-based (lower-bound)	0.0	1.0	
k127_147884	302	No	NA	2	1	0	Low-quality	Genome-fragment	0.27	HMM-based (lower-bound)	0.0	1.0	
k127_402990	328	No	NA	1	0	0	Not-determined	Genome-fragment	NA	NA	0.0	1.0	no viral genes detected
k127_277647	391	No	NA	2	0	0	Low-quality	Genome-fragment	0.78	AAI-based (high-confidence)	0.0	1.0	no viral genes detected
k127_277661	1590	No	NA	2	0	1	Not-determined	Genome-fragment	NA	NA	0.0	1.0	no viral genes detected
k127_87799	350	No	NA	1	0	0	Low-quality	Genome-fragment	0.9	AAI-based (high-confidence)	0.0	1.0	no viral genes detected
k127_465998	773	No	NA	1	0	0	Low-quality	Genome-fragment	1.77	AAI-based (high-confidence)	0.0	1.0	no viral genes detected
k127_340360	362	No	NA	1	1	0	Low-quality	Genome-fragment	0.54	HMM-based (lower-bound)	0.0	1.0	
k127_148675	305	No	NA	1	0	0	Low-quality	Genome-fragment	0.72	AAI-based (medium-confidence)	0.0	1.0	no viral genes detected
k127_28516	370	No	NA	1	0	0	Not-determined	Genome-fragment	NA	NA	0.0	1.0	no viral genes detected
k127_213473	427	No	NA	1	0	0	Not-determined	Genome-fragment	NA	NA	0.0	1.0	no viral genes detected
k127_404212	2521	No	NA	6	1	0	Low-quality	Genome-fragment	1.27	HMM-based (lower-bound)	0.0	1.0	
k127_467019	468	No	NA	1	0	0	Not-determined	Genome-fragment	NA	NA	0.0	1.0	no viral genes detected
k127_527100	687	No	NA	2	0	0	Low-quality	Genome-fragment	1.36	AAI-based (medium-confidence)	0.0	1.0	no viral genes detected
k127_89213	3389	No	NA	8	2	0	Low-quality	Genome-fragment	4.44	AAI-based (medium-confidence)	0.0	1.0	
k127_214161	767	No	NA	1	1	0	Low-quality	Genome-fragment	1.44	AAI-based (high-confidence)	0.0	1.0	
k127_404904	338	No	NA	1	0	0	Not-determined	Genome-fragment	NA	NA	0.0	1.0	no viral genes detected
k127_149963	474	No	NA	1	0	0	Not-determined	Genome-fragment	NA	NA	0.0	1.0	no viral genes detected
k127_279779	1141	No	NA	4	0	0	Low-quality	Genome-fragment	2.17	AAI-based (medium-confidence)	0.0	1.0	no viral genes detected
k127_150193	514	No	NA	2	0	0	Low-quality	Genome-fragment	0.79	AAI-based (medium-confidence)	0.0	1.0	no viral genes detected
k127_342368	598	No	NA	1	1	0	Low-quality	Genome-fragment	1.68	AAI-based (high-confidence)	0.0	1.0	
k127_89864	422	No	NA	1	1	0	Low-quality	Genome-fragment	0.39	HMM-based (lower-bound)	0.0	1.0	
k127_405908	537	No	NA	1	0	1	Not-determined	Genome-fragment	NA	NA	0.0	1.0	no viral genes detected
k127_590889	796	No	NA	2	0	0	Not-determined	Genome-fragment	NA	NA	0.0	1.0	no viral genes detected
k127_406019	444	No	NA	1	0	1	Not-determined	Genome-fragment	NA	NA	0.0	1.0	no viral genes detected
k127_590978	335	No	NA	1	0	0	Low-quality	Genome-fragment	0.68	AAI-based (high-confidence)	0.0	1.0	no viral genes detected
k127_528287	513	No	NA	1	1	0	Low-quality	Genome-fragment	0.67	HMM-based (lower-bound)	0.0	1.0	
k127_591099	535	No	NA	1	1	0	Low-quality	Genome-fragment	1.01	HMM-based (lower-bound)	0.0	1.0	
k127_591168	379	No	NA	2	0	0	Not-determined	Genome-fragment	NA	NA	0.0	1.0	no viral genes detected
k127_343168	309	No	NA	1	1	0	Low-quality	Genome-fragment	0.44	HMM-based (lower-bound)	0.0	1.0	
k127_469075	542	No	NA	1	0	0	Low-quality	Genome-fragment	1.13	AAI-based (medium-confidence)	0.0	1.0	no viral genes detected
k127_151164	614	No	NA	1	0	1	Not-determined	Genome-fragment	NA	NA	0.0	1.0	no viral genes detected
k127_591525	323	No	NA	1	1	0	Low-quality	Genome-fragment	0.42	HMM-based (lower-bound)	0.0	1.0	
k127_469463	847	No	NA	1	0	0	Low-quality	Genome-fragment	1.65	AAI-based (medium-confidence)	0.0	1.0	no viral genes detected
k127_591844	422	No	NA	2	0	0	Low-quality	Genome-fragment	0.25	AAI-based (medium-confidence)	0.0	1.0	no viral genes detected
k127_343851	355	No	NA	1	1	0	Low-quality	Genome-fragment	0.4	HMM-based (lower-bound)	0.0	1.0	
k127_216276	1186	No	NA	2	0	0	Low-quality	Genome-fragment	2.84	AAI-based (medium-confidence)	0.0	1.0	no viral genes detected
k127_469954	1862	No	NA	3	1	0	Low-quality	Genome-fragment	3.51	HMM-based (lower-bound)	0.0	1.0	
k127_91472	1003	No	NA	1	0	0	Low-quality	Genome-fragment	2.04	AAI-based (medium-confidence)	0.0	1.0	no viral genes detected
k127_217247	876	No	NA	1	1	0	Low-quality	Genome-fragment	1.21	AAI-based (medium-confidence)	0.0	1.0	
k127_32873	577	No	NA	1	1	0	Low-quality	Genome-fragment	0.59	AAI-based (medium-confidence)	0.0	1.0	
k127_32892	431	No	NA	1	0	0	Low-quality	Genome-fragment	0.35	AAI-based (medium-confidence)	0.0	1.0	no viral genes detected
k127_471167	1461	No	NA	1	0	0	Not-determined	Genome-fragment	NA	NA	0.0	1.0	no viral genes detected
k127_33167	1072	No	NA	2	1	0	Low-quality	Genome-fragment	2.57	AAI-based (medium-confidence)	0.0	1.0	
k127_345578	483	No	NA	2	0	0	Low-quality	Genome-fragment	0.99	AAI-based (medium-confidence)	0.0	1.0	no viral genes detected
k127_153042	455	No	NA	1	0	0	Low-quality	Genome-fragment	0.8	AAI-based (medium-confidence)	0.0	1.0	no viral genes detected
k127_530742	649	No	NA	1	1	0	Low-quality	Genome-fragment	1.45	AAI-based (high-confidence)	0.0	1.0	
k127_153156	1524	No	NA	2	0	0	Low-quality	Genome-fragment	3.21	AAI-based (medium-confidence)	0.0	1.0	no viral genes detected
k127_408979	602	No	NA	1	0	0	Not-determined	Genome-fragment	NA	NA	0.0	1.0	no viral genes detected
k127_283792	301	No	NA	2	0	0	Not-determined	Genome-fragment	NA	NA	0.0	1.0	no viral genes detected
k127_531045	2516	No	NA	3	1	0	Low-quality	Genome-fragment	4.45	AAI-based (high-confidence)	0.0	1.0	
k127_346001	389	No	NA	1	1	0	Low-quality	Genome-fragment	0.53	HMM-based (lower-bound)	0.0	1.0	
k127_284370	448	No	NA	1	0	1	Not-determined	Genome-fragment	NA	NA	0.0	1.0	no viral genes detected
k127_346891	1232	No	NA	2	0	1	Not-determined	Genome-fragment	NA	NA	0.0	1.0	no viral genes detected
k127_94315	330	No	NA	1	0	0	Not-determined	Genome-fragment	NA	NA	0.0	1.0	no viral genes detected
k127_94317	727	No	NA	1	0	0	Low-quality	Genome-fragment	1.56	AAI-based (medium-confidence)	0.0	1.0	no viral genes detected
k127_410313	327	No	NA	1	0	0	Low-quality	Genome-fragment	0.82	AAI-based (high-confidence)	0.0	1.0	no viral genes detected
k127_219367	418	No	NA	2	0	0	Not-determined	Genome-fragment	NA	NA	0.0	1.0	no viral genes detected
k127_154493	306	No	NA	1	0	0	Not-determined	Genome-fragment	NA	NA	0.0	1.0	no viral genes detected
k127_35169	971	No	NA	3	1	0	Low-quality	Genome-fragment	0.45	HMM-based (lower-bound)	0.0	1.0	
k127_473371	324	No	NA	1	0	0	Not-determined	Genome-fragment	NA	NA	0.0	1.0	no viral genes detected
k127_35239	379	No	NA	1	0	0	Low-quality	Genome-fragment	1.18	AAI-based (medium-confidence)	0.0	1.0	no viral genes detected
k127_595301	767	No	NA	1	1	0	Low-quality	Genome-fragment	1.83	AAI-based (medium-confidence)	0.0	1.0	
k127_347652	1080	No	NA	1	0	0	Low-quality	Genome-fragment	2.22	AAI-based (medium-confidence)	0.0	1.0	no viral genes detected
k127_474442	518	No	NA	1	1	0	Low-quality	Genome-fragment	0.74	HMM-based (lower-bound)	0.0	1.0	
k127_286558	388	No	NA	1	0	0	Not-determined	Genome-fragment	NA	NA	0.0	1.0	no viral genes detected
k127_533469	495	No	NA	1	1	0	Low-quality	Genome-fragment	0.41	HMM-based (lower-bound)	0.0	1.0	
k127_36404	642	No	NA	1	0	1	Not-determined	Genome-fragment	NA	NA	0.0	1.0	no viral genes detected
k127_533525	365	No	NA	1	0	0	Low-quality	Genome-fragment	1.06	AAI-based (medium-confidence)	0.0	1.0	no viral genes detected
k127_286757	323	No	NA	1	1	0	Low-quality	Genome-fragment	0.79	AAI-based (high-confidence)	0.0	1.0	
k127_348733	629	No	NA	3	0	0	Not-determined	Genome-fragment	NA	NA	0.0	1.0	no viral genes detected
k127_348866	448	No	NA	1	1	0	Low-quality	Genome-fragment	0.4	HMM-based (lower-bound)	0.0	1.0	
k127_96277	1101	No	NA	2	0	1	Not-determined	Genome-fragment	NA	NA	0.0	1.0	no viral genes detected
k127_596967	321	No	NA	1	0	0	Not-determined	Genome-fragment	NA	NA	0.0	1.0	no viral genes detected
k127_349309	412	No	NA	1	1	0	Low-quality	Genome-fragment	0.51	AAI-based (medium-confidence)	0.0	1.0	
k127_349326	321	No	NA	1	0	0	Not-determined	Genome-fragment	NA	NA	0.0	1.0	no viral genes detected
k127_287501	304	No	NA	1	0	0	Not-determined	Genome-fragment	NA	NA	0.0	1.0	no viral genes detected
k127_349420	1166	No	NA	1	0	1	Not-determined	Genome-fragment	NA	NA	0.0	1.0	no viral genes detected
k127_287608	934	No	NA	2	0	0	Low-quality	Genome-fragment	2.07	AAI-based (medium-confidence)	0.0	1.0	no viral genes detected
k127_534528	3159	No	NA	4	0	1	Not-determined	Genome-fragment	NA	NA	0.0	1.0	no viral genes detected
k127_287799	501	No	NA	1	1	0	Low-quality	Genome-fragment	1.27	AAI-based (high-confidence)	0.0	1.0	
k127_475982	399	No	NA	1	0	0	Not-determined	Genome-fragment	NA	NA	0.0	1.0	no viral genes detected
k127_221765	628	No	NA	2	0	0	Low-quality	Genome-fragment	1.32	AAI-based (high-confidence)	0.0	1.0	no viral genes detected
k127_288063	512	No	NA	1	0	1	Not-determined	Genome-fragment	NA	NA	0.0	1.0	no viral genes detected
k127_97213	1333	No	NA	4	0	0	Not-determined	Genome-fragment	NA	NA	0.0	1.0	no viral genes detected
k127_597827	408	No	NA	1	0	0	Low-quality	Genome-fragment	0.67	AAI-based (high-confidence)	0.0	1.0	no viral genes detected
k127_157144	308	No	NA	1	1	0	Low-quality	Genome-fragment	0.7	AAI-based (medium-confidence)	0.0	1.0	
k127_535368	341	No	NA	1	1	0	Low-quality	Genome-fragment	0.98	AAI-based (medium-confidence)	0.0	1.0	
k127_535373	1008	No	NA	1	0	0	Low-quality	Genome-fragment	1.49	AAI-based (high-confidence)	0.0	1.0	no viral genes detected
k127_157349	337	No	NA	2	0	0	Not-determined	Genome-fragment	NA	NA	0.0	1.0	no viral genes detected
k127_289213	623	No	NA	1	0	0	Low-quality	Genome-fragment	1.27	AAI-based (medium-confidence)	0.0	1.0	no viral genes detected
k127_98183	550	No	NA	1	1	0	Low-quality	Genome-fragment	1.41	AAI-based (high-confidence)	0.0	1.0	
k127_598690	583	No	NA	1	0	0	Not-determined	Genome-fragment	NA	NA	0.0	1.0	no viral genes detected
k127_98231	456	No	NA	1	0	0	Not-determined	Genome-fragment	NA	NA	0.0	1.0	no viral genes detected
k127_477335	910	No	NA	2	1	0	Low-quality	Genome-fragment	1.3	HMM-based (lower-bound)	0.0	1.0	
k127_598915	688	No	NA	1	0	0	Not-determined	Genome-fragment	NA	NA	0.0	1.0	no viral genes detected
k127_39425	305	No	NA	1	0	0	Low-quality	Genome-fragment	0.4	AAI-based (medium-confidence)	0.0	1.0	no viral genes detected
k127_223212	533	No	NA	1	0	0	Low-quality	Genome-fragment	1.08	AAI-based (medium-confidence)	0.0	1.0	no viral genes detected
k127_351698	1430	No	NA	2	0	1	Not-determined	Genome-fragment	NA	NA	0.0	1.0	no viral genes detected
k127_158287	1266	No	NA	1	0	1	Not-determined	Genome-fragment	NA	NA	0.0	1.0	no viral genes detected
k127_39682	2929	No	NA	2	0	1	Not-determined	Genome-fragment	NA	NA	0.0	1.0	no viral genes detected
k127_536596	546	No	NA	2	0	0	Low-quality	Genome-fragment	1.27	AAI-based (medium-confidence)	0.0	1.0	no viral genes detected
k127_223464	1118	No	NA	2	2	0	Low-quality	Genome-fragment	1.76	AAI-based (medium-confidence)	0.0	1.0	
k127_478107	2937	No	NA	7	1	0	Low-quality	Genome-fragment	3.28	HMM-based (lower-bound)	0.0	1.0	
k127_40037	460	No	NA	1	1	0	Low-quality	Genome-fragment	1.21	AAI-based (medium-confidence)	0.0	1.0	
k127_99184	469	No	NA	1	0	0	Low-quality	Genome-fragment	0.96	AAI-based (medium-confidence)	0.0	1.0	no viral genes detected
k127_99510	889	No	NA	1	0	0	Low-quality	Genome-fragment	1.88	AAI-based (medium-confidence)	0.0	1.0	no viral genes detected
k127_415919	845	No	NA	1	0	0	Not-determined	Genome-fragment	NA	NA	0.0	1.0	no viral genes detected
k127_415924	347	No	NA	1	1	0	Low-quality	Genome-fragment	0.14	HMM-based (lower-bound)	0.0	1.0	
k127_159215	355	No	NA	1	0	0	Not-determined	Genome-fragment	NA	NA	0.0	1.0	no viral genes detected
k127_99748	1244	No	NA	1	1	0	Low-quality	Genome-fragment	2.68	AAI-based (medium-confidence)	0.0	1.0	
k127_537690	824	No	NA	2	0	0	Not-determined	Genome-fragment	NA	NA	0.0	1.0	no viral genes detected
k127_479173	752	No	NA	1	0	0	Not-determined	Genome-fragment	NA	NA	0.0	1.0	no viral genes detected
k127_537787	588	No	NA	1	0	0	Low-quality	Genome-fragment	1.18	AAI-based (medium-confidence)	0.0	1.0	no viral genes detected
k127_291200	2742	No	NA	9	0	0	Low-quality	Genome-fragment	4.52	AAI-based (medium-confidence)	0.0	1.0	no viral genes detected
k127_353134	373	No	NA	1	0	0	Low-quality	Genome-fragment	1.84	AAI-based (medium-confidence)	0.0	1.0	no viral genes detected
k127_479381	688	No	NA	2	0	0	Low-quality	Genome-fragment	1.43	AAI-based (medium-confidence)	0.0	1.0	no viral genes detected
k127_291633	361	No	NA	1	0	0	Low-quality	Genome-fragment	0.81	AAI-based (medium-confidence)	0.0	1.0	no viral genes detected
k127_291635	211	No	NA	1	0	0	Low-quality	Genome-fragment	0.6	AAI-based (medium-confidence)	0.0	1.0	no viral genes detected
k127_353625	574	No	NA	1	0	0	Low-quality	Genome-fragment	1.3	AAI-based (medium-confidence)	0.0	1.01	no viral genes detected
k127_225100	752	No	NA	2	1	0	Low-quality	Genome-fragment	1.2	HMM-based (lower-bound)	0.0	1.0	
k127_41606	26893	No	NA	49	4	1	Low-quality	Genome-fragment	47.1	AAI-based (medium-confidence)	0.0	1.0	
k127_100788	332	No	NA	1	1	0	Low-quality	Genome-fragment	0.47	HMM-based (lower-bound)	0.0	1.0	
k127_292344	512	No	NA	1	0	0	Not-determined	Genome-fragment	NA	NA	0.0	1.0	no viral genes detected
k127_354393	382	No	NA	1	1	0	Low-quality	Genome-fragment	0.54	HMM-based (lower-bound)	0.0	1.0	
k127_417696	444	No	NA	1	0	0	Not-determined	Genome-fragment	NA	NA	0.0	1.04	no viral genes detected
k127_601740	361	No	NA	1	0	0	Not-determined	Genome-fragment	NA	NA	0.0	1.0	no viral genes detected
k127_417935	415	No	NA	2	0	0	Low-quality	Genome-fragment	1.16	AAI-based (medium-confidence)	0.0	1.0	no viral genes detected
k127_601995	794	No	NA	1	0	0	Not-determined	Genome-fragment	NA	NA	0.0	1.0	no viral genes detected
k127_355001	338	No	NA	1	0	0	Not-determined	Genome-fragment	NA	NA	0.0	1.0	no viral genes detected
k127_101705	549	No	NA	2	2	0	Low-quality	Genome-fragment	0.26	HMM-based (lower-bound)	0.0	1.0	
k127_355125	336	No	NA	1	0	0	Not-determined	Genome-fragment	NA	NA	0.0	1.0	no viral genes detected
k127_161299	471	No	NA	1	1	0	Low-quality	Genome-fragment	0.67	HMM-based (lower-bound)	0.0	1.0	
k127_481617	1861	No	NA	2	1	0	Low-quality	Genome-fragment	5.31	AAI-based (high-confidence)	0.0	1.0	
k127_481991	362	No	NA	1	0	0	Not-determined	Genome-fragment	NA	NA	0.0	1.0	no viral genes detected
k127_102530	482	No	NA	1	0	0	Not-determined	Genome-fragment	NA	NA	0.0	1.0	no viral genes detected
k127_419581	485	No	NA	1	0	0	Not-determined	Genome-fragment	NA	NA	0.0	1.0	no viral genes detected
k127_419590	675	No	NA	1	0	0	Low-quality	Genome-fragment	1.63	AAI-based (medium-confidence)	0.0	1.0	no viral genes detected
k127_540818	339	No	NA	1	1	0	Low-quality	Genome-fragment	0.23	HMM-based (lower-bound)	0.0	1.0	
k127_482630	304	No	NA	1	0	0	Low-quality	Genome-fragment	0.76	AAI-based (medium-confidence)	0.0	1.0	no viral genes detected
k127_541168	314	No	NA	1	1	0	Low-quality	Genome-fragment	0.28	HMM-based (lower-bound)	0.0	1.0	
k127_294989	2565	No	NA	7	1	0	Low-quality	Genome-fragment	1.64	HMM-based (lower-bound)	0.0	1.0	
k127_541272	345	No	NA	1	0	0	Not-determined	Genome-fragment	NA	NA	0.0	1.0	no viral genes detected
k127_162723	646	No	NA	1	0	0	Not-determined	Genome-fragment	NA	NA	0.0	1.0	no viral genes detected
k127_45002	537	No	NA	1	0	0	Low-quality	Genome-fragment	1.06	AAI-based (medium-confidence)	0.0	1.0	no viral genes detected
k127_483398	517	No	NA	1	1	0	Low-quality	Genome-fragment	0.57	AAI-based (medium-confidence)	0.0	1.0	
k127_604147	522	No	NA	2	0	0	Low-quality	Genome-fragment	1.08	AAI-based (high-confidence)	0.0	1.0	no viral genes detected
k127_357251	1155	No	NA	1	0	0	Not-determined	Genome-fragment	NA	NA	0.0	1.0	no viral genes detected
k127_357321	355	No	NA	1	0	0	Low-quality	Genome-fragment	0.2	AAI-based (medium-confidence)	0.0	1.0	no viral genes detected
k127_420652	992	No	NA	1	0	0	Not-determined	Genome-fragment	NA	NA	0.0	1.0	no viral genes detected
k127_228539	317	No	NA	1	1	0	Low-quality	Genome-fragment	0.73	AAI-based (medium-confidence)	0.0	1.0	
k127_163279	434	No	NA	2	0	0	Low-quality	Genome-fragment	0.95	AAI-based (medium-confidence)	0.0	1.0	no viral genes detected
k127_484003	3342	No	NA	1	0	0	Not-determined	Genome-fragment	NA	NA	0.0	1.0	no viral genes detected
k127_421198	304	No	NA	1	0	0	Not-determined	Genome-fragment	NA	NA	0.0	1.0	no viral genes detected
k127_421201	338	No	NA	2	0	0	Not-determined	Genome-fragment	NA	NA	0.0	1.0	no viral genes detected
k127_104358	1030	No	NA	1	0	1	Not-determined	Genome-fragment	NA	NA	0.0	1.0	no viral genes detected
k127_604947	546	No	NA	1	0	0	Low-quality	Genome-fragment	1.13	AAI-based (medium-confidence)	0.0	1.0	no viral genes detected
k127_104692	345	No	NA	1	1	0	Low-quality	Genome-fragment	0.96	AAI-based (medium-confidence)	0.0	1.0	
k127_163996	382	No	NA	1	1	0	Low-quality	Genome-fragment	0.57	HMM-based (lower-bound)	0.0	1.0	
k127_229574	900	No	NA	1	0	0	Low-quality	Genome-fragment	1.98	AAI-based (medium-confidence)	0.0	1.0	no viral genes detected
k127_605464	305	No	NA	1	0	0	Not-determined	Genome-fragment	NA	NA	0.0	1.0	no viral genes detected
k127_164140	632	No	NA	1	0	1	Not-determined	Genome-fragment	NA	NA	0.0	1.0	no viral genes detected
k127_164189	761	No	NA	1	0	0	Not-determined	Genome-fragment	NA	NA	0.0	1.0	no viral genes detected
k127_164312	350	No	NA	1	0	0	Low-quality	Genome-fragment	0.81	AAI-based (medium-confidence)	0.0	1.0	no viral genes detected
k127_105144	501	No	NA	1	1	0	Low-quality	Genome-fragment	0.6	HMM-based (lower-bound)	0.0	1.0	
k127_46899	1037	No	NA	2	1	0	Low-quality	Genome-fragment	2.07	AAI-based (high-confidence)	0.0	1.0	
k127_359150	454	No	NA	1	0	0	Low-quality	Genome-fragment	1.0	AAI-based (medium-confidence)	0.0	1.0	no viral genes detected
k127_297352	3458	No	NA	5	1	0	Low-quality	Genome-fragment	2.99	AAI-based (high-confidence)	0.0	1.0	
k127_422557	351	No	NA	1	1	0	Low-quality	Genome-fragment	0.53	HMM-based (lower-bound)	0.0	1.0	
k127_47273	609	No	NA	1	0	0	Not-determined	Genome-fragment	NA	NA	0.0	1.0	no viral genes detected
k127_359505	486	No	NA	1	1	0	Low-quality	Genome-fragment	0.52	AAI-based (medium-confidence)	0.0	1.0	
k127_485720	439	No	NA	1	1	0	Low-quality	Genome-fragment	0.92	AAI-based (medium-confidence)	0.0	1.0	
k127_297735	409	No	NA	1	1	0	Low-quality	Genome-fragment	1.06	AAI-based (medium-confidence)	0.0	1.0	
k127_543712	783	No	NA	1	1	0	Low-quality	Genome-fragment	1.53	AAI-based (medium-confidence)	0.0	1.0	
k127_359740	301	No	NA	1	0	0	Low-quality	Genome-fragment	0.59	AAI-based (medium-confidence)	0.0	1.0	no viral genes detected
k127_606538	348	No	NA	1	1	0	Low-quality	Genome-fragment	0.16	HMM-based (lower-bound)	0.0	1.0	
k127_47798	893	No	NA	1	0	1	Not-determined	Genome-fragment	NA	NA	0.0	1.0	no viral genes detected
k127_47860	1695	No	NA	3	2	0	Low-quality	Genome-fragment	1.39	HMM-based (lower-bound)	0.0	1.0	
k127_486152	1086	No	NA	1	1	0	Low-quality	Genome-fragment	1.55	HMM-based (lower-bound)	0.0	1.0	
k127_486424	354	No	NA	2	0	0	Low-quality	Genome-fragment	0.13	AAI-based (medium-confidence)	0.0	1.0	no viral genes detected
k127_106408	422	No	NA	1	0	0	Not-determined	Genome-fragment	NA	NA	0.0	1.0	no viral genes detected
k127_48334	632	No	NA	1	0	0	Not-determined	Genome-fragment	NA	NA	0.0	1.0	no viral genes detected
k127_165803	305	No	NA	1	0	1	Not-determined	Genome-fragment	NA	NA	0.0	1.0	no viral genes detected
k127_360688	476	No	NA	2	0	0	Not-determined	Genome-fragment	NA	NA	0.0	1.0	no viral genes detected
k127_424228	356	No	NA	2	0	0	Not-determined	Genome-fragment	NA	NA	0.0	1.0	no viral genes detected
k127_166046	730	No	NA	2	1	0	Low-quality	Genome-fragment	1.17	HMM-based (lower-bound)	0.0	1.0	
k127_424369	878	No	NA	2	1	0	Low-quality	Genome-fragment	2.01	AAI-based (medium-confidence)	0.0	1.0	
k127_299283	483	No	NA	1	0	0	Low-quality	Genome-fragment	0.99	AAI-based (medium-confidence)	0.0	1.0	no viral genes detected
k127_607861	466	No	NA	1	1	0	Low-quality	Genome-fragment	1.13	AAI-based (high-confidence)	0.0	1.0	
k127_107314	390	No	NA	1	0	0	Not-determined	Genome-fragment	NA	NA	0.0	1.0	no viral genes detected
k127_545239	1173	No	NA	2	0	0	Not-determined	Genome-fragment	NA	NA	0.0	1.0	no viral genes detected
k127_107409	518	No	NA	1	0	0	Low-quality	Genome-fragment	0.74	AAI-based (medium-confidence)	0.0	1.0	no viral genes detected
k127_299734	876	No	NA	2	0	0	Low-quality	Genome-fragment	2.13	AAI-based (medium-confidence)	0.0	1.0	no viral genes detected
k127_487796	349	No	NA	1	0	0	Not-determined	Genome-fragment	NA	NA	0.0	1.0	no viral genes detected
k127_608257	1038	No	NA	1	0	1	Not-determined	Genome-fragment	NA	NA	0.0	1.0	no viral genes detected
k127_232496	387	No	NA	1	1	0	Low-quality	Genome-fragment	0.36	HMM-based (lower-bound)	0.0	1.0	
k127_108031	1100	No	NA	1	1	0	Low-quality	Genome-fragment	1.44	AAI-based (medium-confidence)	0.0	1.0	
k127_108418	489	No	NA	1	0	0	Low-quality	Genome-fragment	1.07	AAI-based (medium-confidence)	0.0	1.0	no viral genes detected
k127_233451	350	No	NA	1	0	0	Low-quality	Genome-fragment	0.92	AAI-based (medium-confidence)	0.0	1.0	no viral genes detected
k127_301087	991	No	NA	1	0	0	Low-quality	Genome-fragment	2.24	AAI-based (medium-confidence)	0.0	1.0	no viral genes detected
k127_50921	409	No	NA	1	1	0	Low-quality	Genome-fragment	0.46	HMM-based (lower-bound)	0.0	1.0	
k127_609402	473	No	NA	1	0	1	Not-determined	Genome-fragment	NA	NA	0.0	1.0	no viral genes detected
k127_167803	454	No	NA	1	1	0	Low-quality	Genome-fragment	0.65	HMM-based (lower-bound)	0.0	1.0	
k127_301197	476	No	NA	1	1	0	Low-quality	Genome-fragment	0.33	HMM-based (lower-bound)	0.0	1.0	
k127_546864	503	No	NA	2	0	0	Not-determined	Genome-fragment	NA	NA	0.0	1.0	no viral genes detected
k127_168005	303	No	NA	1	0	0	Low-quality	Genome-fragment	0.61	AAI-based (medium-confidence)	0.0	1.0	no viral genes detected
k127_109086	475	No	NA	1	0	0	Not-determined	Genome-fragment	NA	NA	0.0	1.0	no viral genes detected
k127_109181	365	No	NA	1	1	0	Low-quality	Genome-fragment	0.81	AAI-based (medium-confidence)	0.0	1.0	
k127_547076	462	No	NA	2	0	0	Not-determined	Genome-fragment	NA	NA	0.0	1.0	no viral genes detected
k127_109295	596	No	NA	1	0	0	Not-determined	Genome-fragment	NA	NA	0.0	1.0	no viral genes detected
k127_489864	1064	No	NA	2	1	0	Low-quality	Genome-fragment	3.05	AAI-based (high-confidence)	0.0	1.0	
k127_168563	395	No	NA	1	0	0	Not-determined	Genome-fragment	NA	NA	0.0	1.0	no viral genes detected
k127_610348	802	No	NA	1	1	0	Low-quality	Genome-fragment	1.14	HMM-based (lower-bound)	0.0	1.0	
k127_490267	558	No	NA	2	1	0	Low-quality	Genome-fragment	1.19	AAI-based (medium-confidence)	0.0	1.0	
k127_548048	362	No	NA	1	1	0	Low-quality	Genome-fragment	0.7	AAI-based (medium-confidence)	0.0	1.0	
k127_364602	373	No	NA	1	0	1	Low-quality	Genome-fragment	0.62	AAI-based (medium-confidence)	0.0	1.0	no viral genes detected
k127_235064	307	No	NA	1	0	0	Not-determined	Genome-fragment	NA	NA	0.0	1.0	no viral genes detected
k127_364671	807	No	NA	1	0	1	Not-determined	Genome-fragment	NA	NA	0.0	1.0	no viral genes detected
k127_364804	709	No	NA	3	0	0	Not-determined	Genome-fragment	NA	NA	0.0	1.0	no viral genes detected
k127_548474	1361	No	NA	1	0	1	Not-determined	Genome-fragment	NA	NA	0.0	1.0	no viral genes detected
k127_303187	1049	No	NA	2	0	0	Low-quality	Genome-fragment	2.29	AAI-based (medium-confidence)	0.0	1.0	no viral genes detected
k127_428549	493	No	NA	1	1	0	Low-quality	Genome-fragment	0.7	HMM-based (lower-bound)	0.0	1.0	
k127_428572	627	No	NA	1	0	0	Not-determined	Genome-fragment	NA	NA	0.0	1.0	no viral genes detected
k127_235753	493	No	NA	2	0	0	Not-determined	Genome-fragment	NA	NA	0.0	1.0	no viral genes detected
k127_428721	1016	No	NA	3	0	0	Low-quality	Genome-fragment	1.76	AAI-based (medium-confidence)	0.0	1.0	no viral genes detected
k127_428748	601	No	NA	1	0	0	Not-determined	Genome-fragment	NA	NA	0.0	1.0	no viral genes detected
k127_491596	1286	No	NA	2	0	0	Not-determined	Genome-fragment	NA	NA	0.0	1.0	no viral genes detected
k127_365525	1084	No	NA	4	1	0	Low-quality	Genome-fragment	1.54	HMM-based (lower-bound)	0.0	1.0	
k127_236041	426	No	NA	1	1	0	Low-quality	Genome-fragment	1.41	AAI-based (medium-confidence)	0.0	1.0	
k127_429070	374	No	NA	1	1	0	Low-quality	Genome-fragment	0.55	HMM-based (lower-bound)	0.0	1.0	
k127_429323	991	No	NA	1	1	0	Low-quality	Genome-fragment	2.27	AAI-based (high-confidence)	0.0	1.0	
k127_612177	531	No	NA	2	0	0	Not-determined	Genome-fragment	NA	NA	0.0	1.0	no viral genes detected
k127_54187	555	No	NA	1	0	1	Not-determined	Genome-fragment	NA	NA	0.0	1.0	no viral genes detected
k127_236636	344	No	NA	1	0	0	Low-quality	Genome-fragment	0.85	AAI-based (high-confidence)	0.0	1.0	no viral genes detected
k127_429800	781	No	NA	2	0	0	Low-quality	Genome-fragment	1.56	AAI-based (medium-confidence)	0.0	1.0	no viral genes detected
k127_429801	859	No	NA	1	0	0	Not-determined	Genome-fragment	NA	NA	0.0	1.0	no viral genes detected
k127_112052	3415	No	NA	4	1	0	Low-quality	Genome-fragment	1.85	HMM-based (lower-bound)	0.0	1.0	
k127_304741	488	No	NA	2	0	0	Not-determined	Genome-fragment	NA	NA	0.0	1.0	no viral genes detected
k127_612740	323	No	NA	1	0	0	Not-determined	Genome-fragment	NA	NA	0.0	1.0	no viral genes detected
k127_612987	333	No	NA	1	0	0	Not-determined	Genome-fragment	NA	NA	0.0	1.0	no viral genes detected
k127_112516	572	No	NA	1	0	0	Not-determined	Genome-fragment	NA	NA	0.0	1.0	no viral genes detected
k127_112529	2490	No	NA	4	1	0	Low-quality	Genome-fragment	4.98	AAI-based (medium-confidence)	0.0	1.0	
k127_430334	421	No	NA	1	1	0	Low-quality	Genome-fragment	0.37	HMM-based (lower-bound)	0.0	1.0	
k127_237440	698	No	NA	1	0	0	Not-determined	Genome-fragment	NA	NA	0.0	1.0	no viral genes detected
k127_237475	405	No	NA	1	0	1	Not-determined	Genome-fragment	NA	NA	0.0	1.0	no viral genes detected
k127_613449	5094	No	NA	3	0	0	Not-determined	Genome-fragment	NA	NA	0.0	1.0	no viral genes detected
k127_55395	917	No	NA	1	0	1	Not-determined	Genome-fragment	NA	NA	0.0	1.0	no viral genes detected
k127_493626	764	No	NA	1	0	0	Not-determined	Genome-fragment	NA	NA	0.0	1.0	no viral genes detected
k127_55425	418	No	NA	1	1	0	Low-quality	Genome-fragment	0.67	HMM-based (lower-bound)	0.0	1.0	
k127_430834	367	No	NA	1	0	0	Not-determined	Genome-fragment	NA	NA	0.0	1.0	no viral genes detected
k127_238183	572	No	NA	2	1	0	Low-quality	Genome-fragment	0.46	AAI-based (medium-confidence)	0.0	1.0	
k127_551405	452	No	NA	1	0	0	Not-determined	Genome-fragment	NA	NA	0.0	1.0	no viral genes detected
k127_306255	446	No	NA	1	0	1	Not-determined	Genome-fragment	NA	NA	0.0	1.0	no viral genes detected
k127_614343	373	No	NA	1	0	0	Not-determined	Genome-fragment	NA	NA	0.0	1.0	no viral genes detected
k127_306589	636	No	NA	2	0	0	Not-determined	Genome-fragment	NA	NA	0.0	1.0	no viral genes detected
k127_306953	1348	No	NA	1	0	0	Low-quality	Genome-fragment	2.99	AAI-based (medium-confidence)	0.0	1.0	no viral genes detected
k127_114288	479	No	NA	1	1	0	Low-quality	Genome-fragment	0.71	HMM-based (lower-bound)	0.0	1.0	
k127_114484	371	No	NA	1	0	0	Not-determined	Genome-fragment	NA	NA	0.0	1.0	no viral genes detected
k127_432476	452	No	NA	1	0	0	Not-determined	Genome-fragment	NA	NA	0.0	1.0	no viral genes detected
k127_552594	316	No	NA	1	0	0	Not-determined	Genome-fragment	NA	NA	0.0	1.0	no viral genes detected
k127_114650	842	No	NA	1	1	0	Low-quality	Genome-fragment	0.34	HMM-based (lower-bound)	0.0	1.0	
k127_433088	835	No	NA	2	1	0	Low-quality	Genome-fragment	1.34	AAI-based (medium-confidence)	0.0	1.0	
k127_553126	375	No	NA	1	1	0	Low-quality	Genome-fragment	0.84	AAI-based (medium-confidence)	0.0	1.0	
k127_239846	2356	No	NA	2	1	0	Low-quality	Genome-fragment	4.58	AAI-based (high-confidence)	0.0	1.0	
k127_553355	495	No	NA	1	0	0	Low-quality	Genome-fragment	1.17	AAI-based (medium-confidence)	0.0	1.0	no viral genes detected
k127_370195	441	No	NA	1	0	0	Low-quality	Genome-fragment	1.13	AAI-based (medium-confidence)	0.0	1.0	no viral genes detected
k127_496746	304	No	NA	1	0	0	Low-quality	Genome-fragment	0.72	AAI-based (medium-confidence)	0.0	1.0	no viral genes detected
k127_370716	779	No	NA	1	1	0	Low-quality	Genome-fragment	1.96	AAI-based (high-confidence)	0.0	1.0	
k127_370889	880	No	NA	2	0	0	Low-quality	Genome-fragment	1.85	AAI-based (medium-confidence)	0.0	1.0	no viral genes detected
k127_434342	319	No	NA	1	1	0	Low-quality	Genome-fragment	0.28	HMM-based (lower-bound)	0.0	1.0	
k127_309311	400	No	NA	1	0	0	Low-quality	Genome-fragment	0.81	AAI-based (medium-confidence)	0.0	1.0	no viral genes detected
k127_59234	2230	No	NA	3	2	0	Low-quality	Genome-fragment	3.66	HMM-based (lower-bound)	0.0	1.0	
k127_174728	379	No	NA	1	1	0	Low-quality	Genome-fragment	0.74	AAI-based (medium-confidence)	0.0	1.0	
k127_617068	306	No	NA	1	1	0	Low-quality	Genome-fragment	0.52	HMM-based (lower-bound)	0.0	1.0	
k127_434666	414	No	NA	1	0	0	Low-quality	Genome-fragment	0.88	AAI-based (high-confidence)	0.0	1.0	no viral genes detected
k127_617254	1247	No	NA	2	2	0	Low-quality	Genome-fragment	3.41	AAI-based (medium-confidence)	0.0	1.0	
k127_555005	501	No	NA	2	1	0	Low-quality	Genome-fragment	0.45	HMM-based (lower-bound)	0.0	1.0	
k127_310112	1097	No	NA	1	0	1	Not-determined	Genome-fragment	NA	NA	0.0	1.0	no viral genes detected
k127_435212	1174	No	NA	1	0	0	Low-quality	Genome-fragment	2.6	AAI-based (medium-confidence)	0.0	1.0	no viral genes detected
k127_310137	336	No	NA	1	1	0	Low-quality	Genome-fragment	0.3	HMM-based (lower-bound)	0.0	1.0	
k127_555704	618	No	NA	1	1	0	Low-quality	Genome-fragment	0.32	HMM-based (lower-bound)	0.0	1.0	
k127_242522	361	No	NA	1	0	0	Low-quality	Genome-fragment	0.82	AAI-based (medium-confidence)	0.0	1.0	no viral genes detected
k127_555886	451	No	NA	1	0	0	Not-determined	Genome-fragment	NA	NA	0.0	1.0	no viral genes detected
k127_311074	1125	No	NA	3	0	0	Not-determined	Genome-fragment	NA	NA	0.0	1.0	no viral genes detected
k127_555915	506	No	NA	1	1	0	Low-quality	Genome-fragment	0.97	HMM-based (lower-bound)	0.0	1.0	
k127_436146	328	No	NA	1	0	0	Not-determined	Genome-fragment	NA	NA	0.0	1.0	no viral genes detected
k127_311250	1121	No	NA	2	1	0	Low-quality	Genome-fragment	2.05	AAI-based (high-confidence)	0.0	1.0	
k127_618556	4705	No	NA	9	1	0	Low-quality	Genome-fragment	6.76	HMM-based (lower-bound)	0.0	1.0	
k127_311377	914	No	NA	1	1	0	Low-quality	Genome-fragment	2.09	AAI-based (medium-confidence)	0.0	1.0	
k127_499474	552	No	NA	1	0	0	Not-determined	Genome-fragment	NA	NA	0.0	1.0	no viral genes detected
k127_243249	502	No	NA	1	0	0	Not-determined	Genome-fragment	NA	NA	0.0	1.0	no viral genes detected
k127_499619	632	No	NA	1	0	1	Not-determined	Genome-fragment	NA	NA	0.0	1.0	no viral genes detected
k127_373655	306	No	NA	1	0	0	Low-quality	Genome-fragment	0.56	AAI-based (medium-confidence)	0.0	1.0	no viral genes detected
k127_176670	651	No	NA	1	0	0	Low-quality	Genome-fragment	1.28	AAI-based (medium-confidence)	0.0	1.0	no viral genes detected
k127_619170	1730	No	NA	1	0	1	Not-determined	Genome-fragment	NA	NA	0.0	1.0	no viral genes detected
k127_556802	554	No	NA	1	1	0	Low-quality	Genome-fragment	0.82	AAI-based (medium-confidence)	0.0	1.0	
k127_619381	301	No	NA	1	0	0	Not-determined	Genome-fragment	NA	NA	0.0	1.0	no viral genes detected
k127_119191	1567	No	NA	1	0	0	Low-quality	Genome-fragment	3.27	AAI-based (medium-confidence)	0.0	1.0	no viral genes detected
k127_620106	774	No	NA	1	0	0	Not-determined	Genome-fragment	NA	NA	0.0	1.0	no viral genes detected
k127_177659	854	No	NA	1	0	0	Not-determined	Genome-fragment	NA	NA	0.0	1.0	no viral genes detected
k127_119773	1073	No	NA	2	1	0	Low-quality	Genome-fragment	2.45	AAI-based (medium-confidence)	0.0	1.0	
k127_375329	497	No	NA	1	1	0	Low-quality	Genome-fragment	0.71	HMM-based (lower-bound)	0.0	1.0	
k127_244928	322	No	NA	1	0	0	Not-determined	Genome-fragment	NA	NA	0.0	1.0	no viral genes detected
k127_178248	530	No	NA	1	0	0	Not-determined	Genome-fragment	NA	NA	0.0	1.0	no viral genes detected
k127_620933	410	No	NA	1	0	0	Not-determined	Genome-fragment	NA	NA	0.0	1.0	no viral genes detected
k127_178690	694	No	NA	1	1	0	Low-quality	Genome-fragment	0.64	HMM-based (lower-bound)	0.0	1.0	
k127_245756	320	No	NA	1	0	0	Not-determined	Genome-fragment	NA	NA	0.0	1.0	no viral genes detected
k127_121000	479	No	NA	1	0	0	Not-determined	Genome-fragment	NA	NA	0.0	1.0	no viral genes detected
k127_245940	841	No	NA	1	0	1	Not-determined	Genome-fragment	NA	NA	0.0	1.0	no viral genes detected
k127_246233	318	No	NA	1	0	0	Low-quality	Genome-fragment	0.54	AAI-based (high-confidence)	0.0	1.0	no viral genes detected
k127_560161	521	No	NA	1	0	0	Low-quality	Genome-fragment	1.02	AAI-based (medium-confidence)	0.0	1.0	no viral genes detected
k127_122356	410	No	NA	2	0	0	Low-quality	Genome-fragment	0.95	AAI-based (medium-confidence)	0.0	1.0	no viral genes detected
k127_180262	1740	No	NA	3	1	0	Low-quality	Genome-fragment	4.07	AAI-based (high-confidence)	0.0	1.0	
k127_561226	517	No	NA	2	1	0	Low-quality	Genome-fragment	0.59	AAI-based (medium-confidence)	0.0	1.0	
k127_623912	821	No	NA	2	1	0	Low-quality	Genome-fragment	2.04	AAI-based (medium-confidence)	0.0	1.0	
k127_623938	352	No	NA	2	0	0	Not-determined	Genome-fragment	NA	NA	0.0	1.0	no viral genes detected
k127_181147	759	No	NA	2	1	0	Low-quality	Genome-fragment	1.75	AAI-based (high-confidence)	0.0	1.0	
k127_248790	645	No	NA	1	0	0	Not-determined	Genome-fragment	NA	NA	0.0	1.0	no viral genes detected
k127_124489	469	No	NA	1	0	0	Not-determined	Genome-fragment	NA	NA	0.0	1.0	no viral genes detected
k127_624884	640	No	NA	2	1	0	Low-quality	Genome-fragment	0.91	HMM-based (lower-bound)	0.0	1.0	
k127_183761	459	No	NA	1	0	0	Low-quality	Genome-fragment	0.98	AAI-based (medium-confidence)	0.0	1.0	no viral genes detected
k127_183791	329	No	NA	1	0	0	Not-determined	Genome-fragment	NA	NA	0.0	1.0	no viral genes detected
k127_184014	545	No	NA	1	0	1	Not-determined	Genome-fragment	NA	NA	0.0	1.0	no viral genes detected
k127_184524	397	No	NA	1	1	0	Low-quality	Genome-fragment	0.63	HMM-based (lower-bound)	0.0	1.0	
