contig_id	contig_length	provirus	proviral_length	gene_count	viral_genes	host_genes	checkv_quality	miuvig_quality	completeness	completeness_method	contamination	kmer_freq	warnings
k127_371	358	No	NA	1	0	0	Low-quality	Genome-fragment	0.7	AAI-based (medium-confidence)	0.0	1.0	no viral genes detected
k127_443094	477	No	NA	2	0	0	Not-determined	Genome-fragment	NA	NA	0.0	1.0	no viral genes detected
k127_63835	592	No	NA	1	0	0	Low-quality	Genome-fragment	1.15	AAI-based (medium-confidence)	0.0	1.0	no viral genes detected
k127_64038	651	No	NA	1	0	0	Not-determined	Genome-fragment	NA	NA	0.0	1.0	no viral genes detected
k127_253794	700	No	NA	2	0	1	Not-determined	Genome-fragment	NA	NA	0.0	1.0	no viral genes detected
k127_253999	332	No	NA	1	0	0	Low-quality	Genome-fragment	0.24	AAI-based (medium-confidence)	0.0	1.0	no viral genes detected
k127_570204	342	No	NA	1	1	0	Low-quality	Genome-fragment	0.66	AAI-based (medium-confidence)	0.0	1.0	
k127_254030	321	No	NA	2	0	0	Not-determined	Genome-fragment	NA	NA	0.0	1.0	no viral genes detected
k127_380564	481	No	NA	1	0	0	Low-quality	Genome-fragment	0.97	AAI-based (medium-confidence)	0.0	1.0	no viral genes detected
k127_127784	1104	No	NA	1	0	0	Not-determined	Genome-fragment	NA	NA	0.0	1.0	no viral genes detected
k127_317504	658	No	NA	1	0	0	Not-determined	Genome-fragment	NA	NA	0.0	1.0	no viral genes detected
k127_64675	380	No	NA	2	2	0	Low-quality	Genome-fragment	0.35	HMM-based (lower-bound)	0.0	1.0	
k127_444169	563	No	NA	1	0	0	Low-quality	Genome-fragment	1.14	AAI-based (medium-confidence)	0.0	1.0	no viral genes detected
k127_254841	461	No	NA	1	0	0	Low-quality	Genome-fragment	1.07	AAI-based (medium-confidence)	0.0	1.0	no viral genes detected
k127_444638	592	No	NA	2	0	0	Low-quality	Genome-fragment	1.49	AAI-based (medium-confidence)	0.0	1.0	no viral genes detected
k127_128492	398	No	NA	1	0	1	Not-determined	Genome-fragment	NA	NA	0.0	1.0	no viral genes detected
k127_2060	377	No	NA	1	0	0	Low-quality	Genome-fragment	0.86	AAI-based (high-confidence)	0.0	1.0	no viral genes detected
k127_65432	489	No	NA	1	1	0	Low-quality	Genome-fragment	0.85	AAI-based (medium-confidence)	0.0	1.0	
k127_445004	376	No	NA	1	0	0	Not-determined	Genome-fragment	NA	NA	0.0	1.0	no viral genes detected
k127_192097	424	No	NA	1	0	0	Not-determined	Genome-fragment	NA	NA	0.0	1.0	no viral genes detected
k127_192380	405	No	NA	1	0	0	Low-quality	Genome-fragment	0.81	AAI-based (medium-confidence)	0.0	1.0	no viral genes detected
k127_129267	564	No	NA	2	0	0	Low-quality	Genome-fragment	1.26	AAI-based (high-confidence)	0.0	1.0	no viral genes detected
k127_192820	307	No	NA	1	0	0	Low-quality	Genome-fragment	0.69	AAI-based (high-confidence)	0.0	1.0	no viral genes detected
k127_66353	888	No	NA	3	0	0	Low-quality	Genome-fragment	2.03	AAI-based (medium-confidence)	0.0	1.0	no viral genes detected
k127_256160	423	No	NA	1	1	0	Low-quality	Genome-fragment	2.15	AAI-based (medium-confidence)	0.0	1.0	
k127_66532	410	No	NA	1	0	0	Low-quality	Genome-fragment	0.19	AAI-based (medium-confidence)	0.0	1.0	no viral genes detected
k127_256609	364	No	NA	1	0	0	Not-determined	Genome-fragment	NA	NA	0.0	1.0	no viral genes detected
k127_193483	644	No	NA	1	1	0	Low-quality	Genome-fragment	0.92	HMM-based (lower-bound)	0.0	1.0	
k127_256740	785	No	NA	1	0	1	Not-determined	Genome-fragment	NA	NA	0.0	1.0	no viral genes detected
k127_320201	309	No	NA	1	1	0	Low-quality	Genome-fragment	0.28	HMM-based (lower-bound)	0.0	1.0	
k127_67323	424	No	NA	1	0	0	Low-quality	Genome-fragment	0.85	AAI-based (medium-confidence)	0.0	1.0	no viral genes detected
k127_446888	639	No	NA	1	0	0	Low-quality	Genome-fragment	0.47	AAI-based (medium-confidence)	0.0	1.0	no viral genes detected
k127_320438	466	No	NA	1	0	0	Not-determined	Genome-fragment	NA	NA	0.0	1.0	no viral genes detected
k127_257437	410	No	NA	1	1	0	Low-quality	Genome-fragment	0.17	HMM-based (lower-bound)	0.0	1.0	
k127_447284	396	No	NA	2	1	0	Low-quality	Genome-fragment	0.59	AAI-based (medium-confidence)	0.0	1.0	
k127_257680	394	No	NA	2	0	0	Not-determined	Genome-fragment	NA	NA	0.0	1.0	no viral genes detected
k127_573916	983	No	NA	1	0	1	Not-determined	Genome-fragment	NA	NA	0.0	1.0	no viral genes detected
k127_574487	897	No	NA	1	0	0	Not-determined	Genome-fragment	NA	NA	0.0	1.0	no viral genes detected
k127_5034	408	No	NA	1	1	0	Low-quality	Genome-fragment	0.44	HMM-based (lower-bound)	0.0	1.0	
k127_321669	624	No	NA	2	0	0	Low-quality	Genome-fragment	1.4	AAI-based (medium-confidence)	0.0	1.0	no viral genes detected
k127_69188	270	No	NA	1	1	0	Low-quality	Genome-fragment	0.38	HMM-based (lower-bound)	0.0	1.0	
k127_69373	664	No	NA	2	0	0	Not-determined	Genome-fragment	NA	NA	0.0	1.0	no viral genes detected
k127_385083	445	No	NA	1	0	0	Low-quality	Genome-fragment	0.87	AAI-based (medium-confidence)	0.0	1.0	no viral genes detected
k127_448759	321	No	NA	1	0	0	Low-quality	Genome-fragment	0.37	AAI-based (medium-confidence)	0.0	1.0	no viral genes detected
k127_512073	505	No	NA	1	0	0	Not-determined	Genome-fragment	NA	NA	0.0	1.0	no viral genes detected
k127_575354	898	No	NA	1	0	0	Not-determined	Genome-fragment	NA	NA	0.0	1.0	no viral genes detected
k127_322502	401	No	NA	1	0	1	Not-determined	Genome-fragment	NA	NA	0.0	1.01	no viral genes detected
k127_449056	305	No	NA	1	0	0	Low-quality	Genome-fragment	0.27	AAI-based (high-confidence)	0.0	1.0	no viral genes detected
k127_322603	593	No	NA	2	2	0	Low-quality	Genome-fragment	1.1	HMM-based (lower-bound)	0.0	1.0	
k127_385644	483	No	NA	1	0	0	Not-determined	Genome-fragment	NA	NA	0.0	1.0	no viral genes detected
k127_6322	330	No	NA	1	1	0	Low-quality	Genome-fragment	0.24	HMM-based (lower-bound)	0.0	1.0	
k127_512666	1052	No	NA	1	0	0	Not-determined	Genome-fragment	NA	NA	0.0	1.0	no viral genes detected
k127_575949	384	No	NA	1	0	0	Not-determined	Genome-fragment	NA	NA	0.0	1.0	no viral genes detected
k127_449636	487	No	NA	1	0	0	Low-quality	Genome-fragment	0.8	AAI-based (medium-confidence)	0.0	1.0	no viral genes detected
k127_197288	350	No	NA	1	1	0	Low-quality	Genome-fragment	0.39	HMM-based (lower-bound)	0.0	1.0	
k127_7255	1489	No	NA	3	1	0	Low-quality	Genome-fragment	2.12	HMM-based (lower-bound)	0.0	1.0	
k127_323848	641	No	NA	1	1	0	Low-quality	Genome-fragment	1.69	AAI-based (medium-confidence)	0.0	1.0	
k127_134316	1557	No	NA	3	0	0	Not-determined	Genome-fragment	NA	NA	0.0	1.0	no viral genes detected
k127_386820	428	No	NA	1	0	0	Low-quality	Genome-fragment	0.64	AAI-based (medium-confidence)	0.0	1.0	no viral genes detected
k127_197853	383	No	NA	1	0	0	Not-determined	Genome-fragment	NA	NA	0.0	1.0	no viral genes detected
k127_577431	562	No	NA	1	1	0	Low-quality	Genome-fragment	5.24	AAI-based (medium-confidence)	0.0	1.0	
k127_71589	1335	No	NA	2	0	0	Low-quality	Genome-fragment	2.94	AAI-based (high-confidence)	0.0	1.0	no viral genes detected
k127_134768	1139	No	NA	1	0	1	Not-determined	Genome-fragment	NA	NA	0.0	1.0	no viral genes detected
k127_387425	816	No	NA	2	1	0	Low-quality	Genome-fragment	1.16	HMM-based (lower-bound)	0.0	1.0	
k127_261612	350	No	NA	1	0	0	Low-quality	Genome-fragment	0.85	AAI-based (medium-confidence)	0.0	1.0	no viral genes detected
k127_135308	461	No	NA	1	1	0	Low-quality	Genome-fragment	0.66	HMM-based (lower-bound)	0.0	1.0	
k127_451518	564	No	NA	1	0	0	Low-quality	Genome-fragment	1.14	AAI-based (medium-confidence)	0.0	1.0	no viral genes detected
k127_262035	398	No	NA	1	0	0	Low-quality	Genome-fragment	1.03	AAI-based (medium-confidence)	0.0	1.0	no viral genes detected
k127_262041	362	No	NA	1	0	0	Low-quality	Genome-fragment	0.94	AAI-based (medium-confidence)	0.0	1.0	no viral genes detected
k127_515198	690	No	NA	1	0	0	Low-quality	Genome-fragment	1.62	AAI-based (medium-confidence)	0.0	1.0	no viral genes detected
k127_199152	392	No	NA	1	0	0	Not-determined	Genome-fragment	NA	NA	0.0	1.0	no viral genes detected
k127_262334	412	No	NA	1	1	0	Low-quality	Genome-fragment	0.28	HMM-based (lower-bound)	0.0	1.0	
k127_515502	485	No	NA	1	0	0	Low-quality	Genome-fragment	1.08	AAI-based (medium-confidence)	0.0	1.0	no viral genes detected
k127_578734	762	No	NA	1	1	0	Low-quality	Genome-fragment	1.08	HMM-based (lower-bound)	0.0	1.0	
k127_515575	301	No	NA	1	0	0	Not-determined	Genome-fragment	NA	NA	0.0	1.0	no viral genes detected
k127_578828	356	No	NA	2	0	0	Not-determined	Genome-fragment	NA	NA	0.0	1.0	no viral genes detected
k127_578855	319	No	NA	1	1	0	Low-quality	Genome-fragment	0.92	AAI-based (medium-confidence)	0.0	1.0	
k127_388747	355	No	NA	1	1	0	Low-quality	Genome-fragment	0.61	AAI-based (medium-confidence)	0.0	1.0	
k127_388748	440	No	NA	1	1	0	Low-quality	Genome-fragment	0.36	HMM-based (lower-bound)	0.0	1.0	
k127_9533	988	No	NA	1	0	0	Not-determined	Genome-fragment	NA	NA	0.0	1.0	no viral genes detected
k127_136791	301	No	NA	1	0	0	Low-quality	Genome-fragment	0.72	AAI-based (medium-confidence)	0.0	1.0	no viral genes detected
k127_9817	349	No	NA	1	0	0	Not-determined	Genome-fragment	NA	NA	0.0	1.0	no viral genes detected
k127_73973	335	No	NA	1	0	0	Not-determined	Genome-fragment	NA	NA	0.0	1.0	no viral genes detected
k127_580055	1014	No	NA	2	0	0	Low-quality	Genome-fragment	2.47	AAI-based (medium-confidence)	0.0	1.0	no viral genes detected
k127_263981	410	No	NA	1	1	0	Low-quality	Genome-fragment	0.37	HMM-based (lower-bound)	0.0	1.0	
k127_580247	338	No	NA	1	1	0	Low-quality	Genome-fragment	0.48	HMM-based (lower-bound)	0.0	1.0	
k127_200995	413	No	NA	1	0	1	Not-determined	Genome-fragment	NA	NA	0.0	1.0	no viral genes detected
k127_453845	1534	No	NA	1	1	0	Low-quality	Genome-fragment	1.85	AAI-based (high-confidence)	0.0	1.0	
k127_10762	519	No	NA	1	0	0	Not-determined	Genome-fragment	NA	NA	0.0	1.0	no viral genes detected
k127_264757	404	No	NA	1	0	0	Low-quality	Genome-fragment	0.82	AAI-based (medium-confidence)	0.0	1.0	no viral genes detected
k127_581248	551	No	NA	1	0	1	Not-determined	Genome-fragment	NA	NA	0.0	1.0	no viral genes detected
k127_581286	371	No	NA	1	1	0	Low-quality	Genome-fragment	1.18	AAI-based (medium-confidence)	0.0	1.0	
k127_581319	469	No	NA	1	0	0	Not-determined	Genome-fragment	NA	NA	0.0	1.0	no viral genes detected
k127_75926	307	No	NA	1	1	0	Low-quality	Genome-fragment	0.42	HMM-based (lower-bound)	0.0	1.0	
k127_139151	499	No	NA	1	0	0	Low-quality	Genome-fragment	1.13	AAI-based (medium-confidence)	0.0	1.0	no viral genes detected
k127_139323	320	No	NA	1	1	0	Low-quality	Genome-fragment	0.22	HMM-based (lower-bound)	0.0	1.0	
k127_139430	525	No	NA	1	1	0	Low-quality	Genome-fragment	0.58	HMM-based (lower-bound)	0.0	1.0	
k127_203353	1266	No	NA	4	0	0	Low-quality	Genome-fragment	2.35	AAI-based (medium-confidence)	0.0	1.0	no viral genes detected
k127_76739	363	No	NA	2	0	0	Low-quality	Genome-fragment	1.03	AAI-based (medium-confidence)	0.0	1.0	no viral genes detected
k127_519402	532	No	NA	1	0	0	Not-determined	Genome-fragment	NA	NA	0.0	1.0	no viral genes detected
k127_77357	304	No	NA	1	0	0	Not-determined	Genome-fragment	NA	NA	0.0	1.0	no viral genes detected
k127_519961	390	No	NA	1	0	0	Not-determined	Genome-fragment	NA	NA	0.0	1.0	no viral genes detected
k127_520099	338	No	NA	1	1	0	Low-quality	Genome-fragment	0.38	HMM-based (lower-bound)	0.0	1.0	
k127_520322	332	No	NA	1	0	0	Not-determined	Genome-fragment	NA	NA	0.0	1.0	no viral genes detected
k127_583527	667	No	NA	1	0	0	Not-determined	Genome-fragment	NA	NA	0.0	1.0	no viral genes detected
k127_583626	376	No	NA	1	0	0	Not-determined	Genome-fragment	NA	NA	0.0	1.0	no viral genes detected
k127_204489	489	No	NA	1	0	0	Not-determined	Genome-fragment	NA	NA	0.0	1.0	no viral genes detected
k127_392882	358	No	NA	1	1	0	Low-quality	Genome-fragment	0.38	AAI-based (medium-confidence)	0.0	1.0	
k127_204656	397	No	NA	1	0	0	Not-determined	Genome-fragment	NA	NA	0.0	1.0	no viral genes detected
k127_520958	714	No	NA	2	0	0	Low-quality	Genome-fragment	1.61	AAI-based (medium-confidence)	0.0	1.0	no viral genes detected
k127_331109	331	No	NA	1	0	0	Not-determined	Genome-fragment	NA	NA	0.0	1.0	no viral genes detected
k127_78525	537	No	NA	1	0	0	Not-determined	Genome-fragment	NA	NA	0.0	1.0	no viral genes detected
k127_521421	524	No	NA	1	0	0	Low-quality	Genome-fragment	1.36	AAI-based (medium-confidence)	0.0	1.0	no viral genes detected
k127_205485	347	No	NA	1	0	0	Not-determined	Genome-fragment	NA	NA	0.0	1.0	no viral genes detected
k127_205538	511	No	NA	1	0	0	Not-determined	Genome-fragment	NA	NA	0.0	1.0	no viral genes detected
k127_78985	1729	No	NA	3	1	0	Low-quality	Genome-fragment	3.42	AAI-based (medium-confidence)	0.0	1.0	
k127_521820	549	No	NA	1	1	0	Low-quality	Genome-fragment	0.59	AAI-based (medium-confidence)	0.0	1.0	
k127_585045	444	No	NA	1	0	0	Low-quality	Genome-fragment	0.89	AAI-based (medium-confidence)	0.0	1.0	no viral genes detected
k127_79259	380	No	NA	1	0	0	Not-determined	Genome-fragment	NA	NA	0.0	1.0	no viral genes detected
k127_458677	355	No	NA	1	1	0	Low-quality	Genome-fragment	0.24	HMM-based (lower-bound)	0.0	1.0	
k127_143098	329	No	NA	1	1	0	Low-quality	Genome-fragment	0.3	HMM-based (lower-bound)	0.0	1.0	
k127_459374	335	No	NA	1	0	0	Low-quality	Genome-fragment	0.52	AAI-based (medium-confidence)	0.0	1.0	no viral genes detected
k127_522837	1387	No	NA	2	2	0	Low-quality	Genome-fragment	1.2	HMM-based (lower-bound)	0.0	1.0	
k127_207106	470	No	NA	1	0	0	Low-quality	Genome-fragment	0.77	AAI-based (medium-confidence)	0.0	1.0	no viral genes detected
k127_523079	856	No	NA	2	0	0	Not-determined	Genome-fragment	NA	NA	0.0	1.0	no viral genes detected
k127_523119	693	No	NA	1	1	0	Low-quality	Genome-fragment	0.99	HMM-based (lower-bound)	0.0	1.0	
k127_143811	304	No	NA	1	0	0	Low-quality	Genome-fragment	0.8	AAI-based (medium-confidence)	0.0	1.0	no viral genes detected
k127_207562	340	No	NA	1	0	0	Low-quality	Genome-fragment	0.73	AAI-based (high-confidence)	0.0	1.0	no viral genes detected
k127_270684	359	No	NA	1	0	0	Not-determined	Genome-fragment	NA	NA	0.0	1.0	no viral genes detected
k127_207921	472	No	NA	2	0	0	Not-determined	Genome-fragment	NA	NA	0.0	1.0	no viral genes detected
k127_334034	358	No	NA	1	1	0	Low-quality	Genome-fragment	1.0	AAI-based (medium-confidence)	0.0	1.0	
k127_334052	366	No	NA	1	0	0	Low-quality	Genome-fragment	0.83	AAI-based (medium-confidence)	0.0	1.0	no viral genes detected
k127_524410	312	No	NA	1	1	0	Low-quality	Genome-fragment	0.26	HMM-based (lower-bound)	0.0	1.0	
k127_587733	308	No	NA	1	0	0	Low-quality	Genome-fragment	0.79	AAI-based (high-confidence)	0.0	1.0	no viral genes detected
k127_334641	672	No	NA	1	0	1	Not-determined	Genome-fragment	NA	NA	0.0	1.0	no viral genes detected
k127_208865	645	No	NA	2	0	0	Low-quality	Genome-fragment	1.46	AAI-based (medium-confidence)	0.0	1.0	no viral genes detected
k127_334876	513	No	NA	1	0	0	Not-determined	Genome-fragment	NA	NA	0.0	1.0	no viral genes detected
k127_524917	416	No	NA	1	0	0	Low-quality	Genome-fragment	0.95	AAI-based (medium-confidence)	0.0	1.0	no viral genes detected
k127_525206	322	No	NA	1	0	0	Not-determined	Genome-fragment	NA	NA	0.0	1.0	no viral genes detected
k127_588693	600	No	NA	1	0	1	Not-determined	Genome-fragment	NA	NA	0.0	1.0	no viral genes detected
k127_209563	672	No	NA	2	1	0	Low-quality	Genome-fragment	0.27	HMM-based (lower-bound)	0.0	1.0	
k127_209574	777	No	NA	2	0	0	Low-quality	Genome-fragment	1.6	AAI-based (medium-confidence)	0.0	1.0	no viral genes detected
k127_146093	1070	No	NA	1	0	1	Not-determined	Genome-fragment	NA	NA	0.0	1.0	no viral genes detected
k127_82867	304	No	NA	1	0	0	Not-determined	Genome-fragment	NA	NA	0.0	1.0	no viral genes detected
k127_588869	319	No	NA	1	0	0	Not-determined	Genome-fragment	NA	NA	0.0	1.0	no viral genes detected
k127_589004	447	No	NA	2	1	0	Low-quality	Genome-fragment	0.66	AAI-based (medium-confidence)	0.0	1.0	
k127_589088	316	No	NA	1	1	0	Low-quality	Genome-fragment	0.46	HMM-based (lower-bound)	0.0	1.0	
k127_397926	463	No	NA	1	0	0	Low-quality	Genome-fragment	0.95	AAI-based (medium-confidence)	0.0	1.0	no viral genes detected
k127_210340	672	No	NA	1	0	0	Not-determined	Genome-fragment	NA	NA	0.0	1.0	no viral genes detected
k127_211010	340	No	NA	1	0	0	Low-quality	Genome-fragment	0.92	AAI-based (medium-confidence)	0.0	1.0	no viral genes detected
k127_19420	575	No	NA	1	1	0	Low-quality	Genome-fragment	0.47	HMM-based (lower-bound)	0.0	1.0	
k127_590236	503	No	NA	2	0	0	Low-quality	Genome-fragment	1.0	AAI-based (high-confidence)	0.0	1.0	no viral genes detected
k127_463747	438	No	NA	1	0	0	Not-determined	Genome-fragment	NA	NA	0.0	1.0	no viral genes detected
k127_147520	897	No	NA	1	0	1	Not-determined	Genome-fragment	NA	NA	0.0	1.0	no viral genes detected
k127_211306	364	No	NA	1	1	0	Low-quality	Genome-fragment	0.85	AAI-based (medium-confidence)	0.0	1.0	
k127_274201	577	No	NA	2	0	0	Low-quality	Genome-fragment	0.84	AAI-based (medium-confidence)	0.0	1.0	no viral genes detected
k127_274229	526	No	NA	2	1	0	Low-quality	Genome-fragment	0.97	HMM-based (lower-bound)	0.0	1.0	
k127_399288	323	No	NA	2	0	0	Not-determined	Genome-fragment	NA	NA	0.0	1.0	no viral genes detected
k127_337708	384	No	NA	1	1	0	Low-quality	Genome-fragment	0.23	HMM-based (lower-bound)	0.0	1.0	
k127_590927	208	No	NA	1	0	0	Not-determined	Genome-fragment	NA	NA	0.0	1.0	no viral genes detected
k127_85163	410	No	NA	2	0	0	Not-determined	Genome-fragment	NA	NA	0.0	1.0	no viral genes detected
k127_148506	1449	No	NA	1	1	0	Low-quality	Genome-fragment	1.34	HMM-based (lower-bound)	0.0	1.0	
k127_212235	522	No	NA	1	0	0	Not-determined	Genome-fragment	NA	NA	0.0	1.0	no viral genes detected
k127_20521	429	No	NA	2	0	0	Low-quality	Genome-fragment	1.01	AAI-based (medium-confidence)	0.0	1.0	no viral genes detected
k127_148608	322	No	NA	1	0	0	Low-quality	Genome-fragment	0.73	AAI-based (medium-confidence)	0.0	1.0	no viral genes detected
k127_528207	528	No	NA	1	0	0	Not-determined	Genome-fragment	NA	NA	0.0	1.0	no viral genes detected
k127_148927	425	No	NA	1	1	0	Low-quality	Genome-fragment	0.35	HMM-based (lower-bound)	0.0	1.0	
k127_212713	452	No	NA	1	1	0	Low-quality	Genome-fragment	0.64	HMM-based (lower-bound)	0.0	1.0	
k127_400254	624	No	NA	2	0	0	Low-quality	Genome-fragment	1.23	AAI-based (medium-confidence)	0.0	1.0	no viral genes detected
k127_275662	832	No	NA	1	1	0	Low-quality	Genome-fragment	1.52	AAI-based (medium-confidence)	0.0	1.0	
k127_465557	508	No	NA	1	1	0	Low-quality	Genome-fragment	0.72	HMM-based (lower-bound)	0.0	1.0	
k127_213244	314	No	NA	1	0	0	Not-determined	Genome-fragment	NA	NA	0.0	1.0	no viral genes detected
k127_213525	730	No	NA	1	1	0	Low-quality	Genome-fragment	1.04	HMM-based (lower-bound)	0.0	1.0	
k127_213840	304	No	NA	1	0	0	Low-quality	Genome-fragment	0.74	AAI-based (high-confidence)	0.0	1.0	no viral genes detected
k127_593194	407	No	NA	1	1	0	Low-quality	Genome-fragment	0.3	HMM-based (lower-bound)	0.0	1.0	
k127_530030	377	No	NA	1	1	0	Low-quality	Genome-fragment	0.34	HMM-based (lower-bound)	0.0	1.0	
k127_150577	322	No	NA	1	1	0	Low-quality	Genome-fragment	0.29	HMM-based (lower-bound)	0.0	1.0	
k127_466840	325	No	NA	1	0	0	Not-determined	Genome-fragment	NA	NA	0.0	1.0	no viral genes detected
k127_150839	517	No	NA	1	0	0	Not-determined	Genome-fragment	NA	NA	0.0	1.0	no viral genes detected
k127_467407	469	No	NA	1	1	0	Low-quality	Genome-fragment	0.42	HMM-based (lower-bound)	0.0	1.0	
k127_23116	627	No	NA	2	0	0	Not-determined	Genome-fragment	NA	NA	0.0	1.0	no viral genes detected
k127_23223	1179	No	NA	1	1	0	Low-quality	Genome-fragment	1.55	AAI-based (medium-confidence)	0.0	1.0	
k127_215307	482	No	NA	1	0	0	Low-quality	Genome-fragment	1.09	AAI-based (medium-confidence)	0.0	1.0	no viral genes detected
k127_215600	816	No	NA	1	0	0	Not-determined	Genome-fragment	NA	NA	0.0	1.0	no viral genes detected
k127_531449	3215	No	NA	2	0	1	Not-determined	Genome-fragment	NA	NA	0.0	1.0	no viral genes detected
k127_152054	329	No	NA	1	0	0	Low-quality	Genome-fragment	0.8	AAI-based (medium-confidence)	0.0	1.0	no viral genes detected
k127_531663	453	No	NA	1	0	0	Not-determined	Genome-fragment	NA	NA	0.0	1.0	no viral genes detected
k127_216024	588	No	NA	1	0	0	Low-quality	Genome-fragment	1.16	AAI-based (medium-confidence)	0.0	1.0	no viral genes detected
k127_342188	325	No	NA	1	0	0	Not-determined	Genome-fragment	NA	NA	0.0	1.0	no viral genes detected
k127_279229	515	No	NA	1	0	0	Not-determined	Genome-fragment	NA	NA	0.0	1.0	no viral genes detected
k127_279375	565	No	NA	1	0	0	Low-quality	Genome-fragment	1.15	AAI-based (high-confidence)	0.0	1.0	no viral genes detected
k127_403919	760	No	NA	1	0	0	Low-quality	Genome-fragment	1.41	AAI-based (medium-confidence)	0.0	1.0	no viral genes detected
k127_532500	470	No	NA	1	1	0	Low-quality	Genome-fragment	0.39	HMM-based (lower-bound)	0.0	1.0	
k127_279754	779	No	NA	1	1	0	Low-quality	Genome-fragment	1.11	HMM-based (lower-bound)	0.0	1.0	
k127_216965	614	No	NA	1	0	1	Not-determined	Genome-fragment	NA	NA	0.0	1.0	no viral genes detected
k127_279838	353	No	NA	1	0	0	Not-determined	Genome-fragment	NA	NA	0.0	1.0	no viral genes detected
k127_279840	332	No	NA	1	0	0	Low-quality	Genome-fragment	0.78	AAI-based (medium-confidence)	0.0	1.0	no viral genes detected
k127_469569	361	No	NA	1	0	0	Low-quality	Genome-fragment	0.83	AAI-based (high-confidence)	0.0	1.0	no viral genes detected
k127_533014	517	No	NA	1	1	0	Low-quality	Genome-fragment	0.46	HMM-based (lower-bound)	0.0	1.0	
k127_153549	358	No	NA	1	0	0	Low-quality	Genome-fragment	0.85	AAI-based (medium-confidence)	0.0	1.0	no viral genes detected
k127_25281	423	No	NA	1	0	0	Not-determined	Genome-fragment	NA	NA	0.0	1.0	no viral genes detected
k127_533182	351	No	NA	1	1	0	Low-quality	Genome-fragment	0.46	HMM-based (lower-bound)	0.0	1.0	
k127_217574	439	No	NA	1	0	0	Not-determined	Genome-fragment	NA	NA	0.0	1.0	no viral genes detected
k127_469937	498	No	NA	1	0	0	Not-determined	Genome-fragment	NA	NA	0.0	1.0	no viral genes detected
k127_25470	213	No	NA	1	0	0	Not-determined	Genome-fragment	NA	NA	0.0	1.0	no viral genes detected
k127_91044	718	No	NA	1	0	0	Low-quality	Genome-fragment	1.44	AAI-based (medium-confidence)	0.0	1.0	no viral genes detected
k127_597071	1052	No	NA	2	0	0	Not-determined	Genome-fragment	NA	NA	0.0	1.0	no viral genes detected
k127_218145	474	No	NA	1	0	0	Not-determined	Genome-fragment	NA	NA	0.0	1.0	no viral genes detected
k127_597234	663	No	NA	1	0	0	Not-determined	Genome-fragment	NA	NA	0.0	1.0	no viral genes detected
k127_26084	1126	No	NA	2	0	0	Not-determined	Genome-fragment	NA	NA	0.0	1.0	no viral genes detected
k127_405478	326	No	NA	2	1	0	Low-quality	Genome-fragment	0.84	AAI-based (medium-confidence)	0.0	1.0	
k127_534147	315	No	NA	1	1	0	Low-quality	Genome-fragment	0.22	HMM-based (lower-bound)	0.0	1.0	
k127_344434	758	No	NA	1	1	0	Low-quality	Genome-fragment	1.12	HMM-based (lower-bound)	0.0	1.0	
k127_534412	446	No	NA	1	0	0	Low-quality	Genome-fragment	0.81	AAI-based (medium-confidence)	0.0	1.0	no viral genes detected
k127_597902	577	No	NA	1	0	0	Not-determined	Genome-fragment	NA	NA	0.0	1.0	no viral genes detected
k127_344949	974	No	NA	1	0	0	Low-quality	Genome-fragment	1.76	AAI-based (medium-confidence)	0.0	1.0	no viral genes detected
k127_344970	1148	No	NA	1	0	0	Not-determined	Genome-fragment	NA	NA	0.0	1.0	no viral genes detected
k127_471547	952	No	NA	1	0	0	Not-determined	Genome-fragment	NA	NA	0.0	1.0	no viral genes detected
k127_219189	249	No	NA	1	1	0	Low-quality	Genome-fragment	0.17	HMM-based (lower-bound)	0.0	1.0	
k127_598205	586	No	NA	1	0	0	Low-quality	Genome-fragment	1.11	AAI-based (medium-confidence)	0.0	1.0	no viral genes detected
k127_92850	518	No	NA	1	0	1	Low-quality	Genome-fragment	0.21	AAI-based (medium-confidence)	0.0	1.0	no viral genes detected
k127_92936	686	No	NA	2	0	1	Low-quality	Genome-fragment	1.42	AAI-based (medium-confidence)	0.0	1.0	no viral genes detected
k127_27482	1969	No	NA	1	0	0	Low-quality	Genome-fragment	3.22	AAI-based (medium-confidence)	0.0	1.01	no viral genes detected
k127_155985	1177	No	NA	1	0	0	Low-quality	Genome-fragment	2.36	AAI-based (medium-confidence)	0.0	1.0	no viral genes detected
k127_219863	312	No	NA	1	1	0	Low-quality	Genome-fragment	0.35	HMM-based (lower-bound)	0.0	1.0	
k127_535563	402	No	NA	1	1	0	Low-quality	Genome-fragment	0.59	AAI-based (medium-confidence)	0.0	1.0	
k127_156243	438	No	NA	2	0	0	Not-determined	Genome-fragment	NA	NA	0.0	1.0	no viral genes detected
k127_599188	685	No	NA	2	0	0	Low-quality	Genome-fragment	1.81	AAI-based (medium-confidence)	0.0	1.0	no viral genes detected
k127_220204	855	No	NA	2	0	0	Low-quality	Genome-fragment	1.86	AAI-based (high-confidence)	0.0	1.0	no viral genes detected
k127_472718	311	No	NA	1	1	0	Low-quality	Genome-fragment	0.5	HMM-based (lower-bound)	0.0	1.0	
k127_156619	1059	No	NA	2	0	0	Low-quality	Genome-fragment	1.96	AAI-based (medium-confidence)	0.0	1.0	no viral genes detected
k127_407522	460	No	NA	1	0	0	Low-quality	Genome-fragment	0.9	AAI-based (medium-confidence)	0.0	1.0	no viral genes detected
k127_536400	460	No	NA	1	1	0	Low-quality	Genome-fragment	1.25	AAI-based (medium-confidence)	0.0	1.0	
k127_536447	329	No	NA	1	0	0	Low-quality	Genome-fragment	0.76	AAI-based (high-confidence)	0.0	1.0	no viral genes detected
k127_220869	616	No	NA	2	1	0	Low-quality	Genome-fragment	1.26	AAI-based (medium-confidence)	0.0	1.0	
k127_94323	612	No	NA	1	0	0	Low-quality	Genome-fragment	1.25	AAI-based (medium-confidence)	0.0	1.0	no viral genes detected
k127_221435	915	No	NA	1	0	0	Not-determined	Genome-fragment	NA	NA	0.0	1.0	no viral genes detected
k127_94787	724	No	NA	1	0	1	Not-determined	Genome-fragment	NA	NA	0.0	1.0	no viral genes detected
k127_537326	376	No	NA	1	0	0	Low-quality	Genome-fragment	0.23	AAI-based (medium-confidence)	0.0	1.0	no viral genes detected
k127_474032	393	No	NA	1	0	0	Low-quality	Genome-fragment	0.96	AAI-based (medium-confidence)	0.0	1.0	no viral genes detected
k127_600711	245	No	NA	1	0	0	Low-quality	Genome-fragment	0.45	AAI-based (medium-confidence)	0.0	1.0	no viral genes detected
k127_284497	417	No	NA	1	0	0	Not-determined	Genome-fragment	NA	NA	0.0	1.0	no viral genes detected
k127_600767	383	No	NA	1	0	0	Low-quality	Genome-fragment	0.77	AAI-based (medium-confidence)	0.0	1.0	no viral genes detected
k127_157904	484	No	NA	1	0	0	Low-quality	Genome-fragment	0.96	AAI-based (medium-confidence)	0.0	1.0	no viral genes detected
k127_408572	430	No	NA	2	0	0	Not-determined	Genome-fragment	NA	NA	0.0	1.0	no viral genes detected
k127_221816	315	No	NA	1	0	0	Not-determined	Genome-fragment	NA	NA	0.0	1.0	no viral genes detected
k127_537509	397	No	NA	1	0	0	Not-determined	Genome-fragment	NA	NA	0.0	1.0	no viral genes detected
k127_601059	562	No	NA	2	0	0	Not-determined	Genome-fragment	NA	NA	0.0	1.0	no viral genes detected
k127_284859	909	No	NA	1	1	0	Low-quality	Genome-fragment	1.29	HMM-based (lower-bound)	0.0	1.01	
k127_347889	911	No	NA	3	2	0	Low-quality	Genome-fragment	1.37	AAI-based (medium-confidence)	0.0	1.0	
k127_285117	453	No	NA	2	0	0	Not-determined	Genome-fragment	NA	NA	0.0	1.0	no viral genes detected
k127_158658	442	No	NA	1	1	0	Low-quality	Genome-fragment	0.18	HMM-based (lower-bound)	0.0	1.0	
k127_538285	373	No	NA	1	0	0	Not-determined	Genome-fragment	NA	NA	0.0	1.0	no viral genes detected
k127_601686	723	No	NA	1	1	0	Low-quality	Genome-fragment	1.03	HMM-based (lower-bound)	0.0	1.0	
k127_158826	476	No	NA	1	0	0	Low-quality	Genome-fragment	0.31	AAI-based (medium-confidence)	0.0	1.0	no viral genes detected
k127_222869	328	No	NA	1	1	0	Low-quality	Genome-fragment	0.37	HMM-based (lower-bound)	0.0	1.0	
k127_538494	913	No	NA	2	0	0	Low-quality	Genome-fragment	1.05	AAI-based (medium-confidence)	0.0	1.0	no viral genes detected
k127_601978	468	No	NA	1	0	0	Low-quality	Genome-fragment	0.93	AAI-based (medium-confidence)	0.0	1.0	no viral genes detected
k127_159260	341	No	NA	1	0	0	Not-determined	Genome-fragment	NA	NA	0.0	1.0	no viral genes detected
k127_223300	460	No	NA	1	0	0	Not-determined	Genome-fragment	NA	NA	0.0	1.0	no viral genes detected
k127_475636	493	No	NA	1	0	0	Not-determined	Genome-fragment	NA	NA	0.0	1.0	no viral genes detected
k127_539172	1048	No	NA	1	1	0	Low-quality	Genome-fragment	1.48	AAI-based (medium-confidence)	0.0	1.0	
k127_410098	490	No	NA	1	0	0	Not-determined	Genome-fragment	NA	NA	0.0	1.0	no viral genes detected
k127_410399	322	No	NA	1	0	0	Low-quality	Genome-fragment	0.81	AAI-based (medium-confidence)	0.0	1.0	no viral genes detected
k127_602893	323	No	NA	2	0	0	Low-quality	Genome-fragment	0.8	AAI-based (high-confidence)	0.0	1.0	no viral genes detected
k127_410495	562	No	NA	2	0	0	Not-determined	Genome-fragment	NA	NA	0.0	1.0	no viral genes detected
k127_603039	520	No	NA	1	0	0	Low-quality	Genome-fragment	1.15	AAI-based (medium-confidence)	0.0	1.0	no viral genes detected
k127_476389	325	No	NA	1	1	0	Low-quality	Genome-fragment	0.42	AAI-based (high-confidence)	0.0	1.0	
k127_539731	641	No	NA	1	0	0	Not-determined	Genome-fragment	NA	NA	0.0	1.0	no viral genes detected
k127_224095	635	No	NA	1	1	0	Low-quality	Genome-fragment	0.9	HMM-based (lower-bound)	0.0	1.0	
k127_160355	337	No	NA	1	0	0	Low-quality	Genome-fragment	0.95	AAI-based (medium-confidence)	0.0	1.0	no viral genes detected
k127_224423	332	No	NA	2	0	0	Not-determined	Genome-fragment	NA	NA	0.0	1.0	no viral genes detected
k127_411041	380	No	NA	1	0	0	Not-determined	Genome-fragment	NA	NA	0.0	1.0	no viral genes detected
k127_476945	401	No	NA	1	1	0	Low-quality	Genome-fragment	0.33	HMM-based (lower-bound)	0.0	1.0	
k127_225174	415	No	NA	1	1	0	Low-quality	Genome-fragment	0.17	HMM-based (lower-bound)	0.0	1.0	
k127_604166	563	No	NA	2	1	0	Low-quality	Genome-fragment	1.24	AAI-based (medium-confidence)	0.0	1.0	
k127_477720	357	No	NA	1	0	0	Not-determined	Genome-fragment	NA	NA	0.0	1.0	no viral genes detected
k127_604682	583	No	NA	1	0	0	Low-quality	Genome-fragment	1.37	AAI-based (medium-confidence)	0.0	1.0	no viral genes detected
k127_412401	1156	No	NA	2	1	0	Low-quality	Genome-fragment	2.42	AAI-based (medium-confidence)	0.0	1.0	
k127_478382	512	No	NA	2	0	0	Low-quality	Genome-fragment	1.19	AAI-based (high-confidence)	0.0	1.0	no viral genes detected
k127_605174	660	No	NA	1	1	0	Low-quality	Genome-fragment	0.94	HMM-based (lower-bound)	0.0	1.0	
k127_541923	316	No	NA	1	1	0	Low-quality	Genome-fragment	0.22	HMM-based (lower-bound)	0.0	1.0	
k127_33674	395	No	NA	1	0	0	Not-determined	Genome-fragment	NA	NA	0.0	1.0	no viral genes detected
k127_289355	721	No	NA	2	1	0	Low-quality	Genome-fragment	1.54	AAI-based (medium-confidence)	0.0	1.0	
k127_542239	1099	No	NA	3	0	0	Low-quality	Genome-fragment	1.7	AAI-based (medium-confidence)	0.0	1.0	no viral genes detected
k127_605644	890	No	NA	1	1	0	Low-quality	Genome-fragment	1.33	HMM-based (lower-bound)	0.0	1.0	
k127_99759	427	No	NA	1	1	0	Low-quality	Genome-fragment	0.72	AAI-based (medium-confidence)	0.0	1.0	
k127_33878	467	No	NA	1	0	0	Not-determined	Genome-fragment	NA	NA	0.0	1.0	no viral genes detected
k127_352800	328	No	NA	1	0	0	Low-quality	Genome-fragment	0.21	AAI-based (medium-confidence)	0.0	1.0	no viral genes detected
k127_162892	626	No	NA	1	0	0	Not-determined	Genome-fragment	NA	NA	0.0	1.0	no viral genes detected
k127_542635	755	No	NA	2	1	0	Low-quality	Genome-fragment	1.7	AAI-based (medium-confidence)	0.0	1.0	
k127_542758	211	No	NA	1	0	0	Not-determined	Genome-fragment	NA	NA	0.0	1.0	no viral genes detected
k127_163209	381	No	NA	1	0	0	Not-determined	Genome-fragment	NA	NA	0.0	1.0	no viral genes detected
k127_606280	690	No	NA	1	1	0	Low-quality	Genome-fragment	1.24	AAI-based (medium-confidence)	0.0	1.0	
k127_353248	902	No	NA	2	1	0	Low-quality	Genome-fragment	1.28	HMM-based (lower-bound)	0.0	1.0	
k127_100576	1453	No	NA	2	0	0	Not-determined	Genome-fragment	NA	NA	0.0	1.0	no viral genes detected
k127_607203	711	No	NA	1	0	0	Not-determined	Genome-fragment	NA	NA	0.0	1.0	no viral genes detected
k127_414469	384	No	NA	1	0	0	Not-determined	Genome-fragment	NA	NA	0.0	1.0	no viral genes detected
k127_101355	638	No	NA	2	1	0	Low-quality	Genome-fragment	11.58	AAI-based (medium-confidence)	0.0	1.0	
k127_480711	862	No	NA	1	0	1	Not-determined	Genome-fragment	NA	NA	0.0	1.0	no viral genes detected
k127_35413	580	No	NA	1	0	0	Low-quality	Genome-fragment	1.04	AAI-based (medium-confidence)	0.0	1.0	no viral genes detected
k127_35527	751	No	NA	2	0	0	Not-determined	Genome-fragment	NA	NA	0.0	1.0	no viral genes detected
k127_164512	743	No	NA	2	1	0	Low-quality	Genome-fragment	1.59	AAI-based (high-confidence)	0.0	1.0	
k127_164586	1595	No	NA	2	1	0	Low-quality	Genome-fragment	2.14	AAI-based (medium-confidence)	0.0	1.01	
k127_35626	420	No	NA	1	1	0	Low-quality	Genome-fragment	0.69	AAI-based (medium-confidence)	0.0	1.0	
k127_544281	454	No	NA	1	1	0	Low-quality	Genome-fragment	0.42	HMM-based (lower-bound)	0.0	1.0	
k127_414955	945	No	NA	1	0	0	Not-determined	Genome-fragment	NA	NA	0.0	1.0	no viral genes detected
k127_544513	354	No	NA	1	0	0	Low-quality	Genome-fragment	0.8	AAI-based (medium-confidence)	0.0	1.0	no viral genes detected
k127_36207	368	No	NA	1	0	0	Low-quality	Genome-fragment	0.28	AAI-based (medium-confidence)	0.0	1.0	no viral genes detected
k127_355177	556	No	NA	1	0	0	Low-quality	Genome-fragment	1.19	AAI-based (medium-confidence)	0.0	1.0	no viral genes detected
k127_102630	387	No	NA	1	0	0	Low-quality	Genome-fragment	0.89	AAI-based (medium-confidence)	0.0	1.0	no viral genes detected
k127_102703	454	No	NA	1	0	0	Low-quality	Genome-fragment	0.94	AAI-based (medium-confidence)	0.0	1.0	no viral genes detected
k127_355693	1101	No	NA	1	0	1	Not-determined	Genome-fragment	NA	NA	0.0	1.0	no viral genes detected
k127_165863	869	No	NA	1	0	0	Not-determined	Genome-fragment	NA	NA	0.0	1.0	no viral genes detected
k127_229864	350	No	NA	1	0	0	Low-quality	Genome-fragment	0.83	AAI-based (high-confidence)	0.0	1.0	no viral genes detected
k127_609014	688	No	NA	2	1	0	Low-quality	Genome-fragment	0.98	HMM-based (lower-bound)	0.0	1.0	
k127_292857	421	No	NA	1	1	0	Low-quality	Genome-fragment	0.13	HMM-based (lower-bound)	0.0	1.0	
k127_292940	363	No	NA	1	0	0	Not-determined	Genome-fragment	NA	NA	0.0	1.0	no viral genes detected
k127_166102	1934	No	NA	2	0	0	Not-determined	Genome-fragment	NA	NA	0.0	1.0	no viral genes detected
k127_545931	479	No	NA	2	0	0	Not-determined	Genome-fragment	NA	NA	0.0	1.0	no viral genes detected
k127_609593	356	No	NA	1	0	0	Low-quality	Genome-fragment	0.8	AAI-based (medium-confidence)	0.0	1.0	no viral genes detected
k127_293419	876	No	NA	1	1	0	Low-quality	Genome-fragment	2.23	AAI-based (high-confidence)	0.0	1.0	
k127_356601	950	No	NA	2	0	0	Not-determined	Genome-fragment	NA	NA	0.0	1.0	no viral genes detected
k127_416803	807	No	NA	1	0	1	Not-determined	Genome-fragment	NA	NA	0.0	1.0	no viral genes detected
k127_609854	301	No	NA	1	1	0	Low-quality	Genome-fragment	0.54	AAI-based (high-confidence)	0.0	1.0	
k127_37632	390	No	NA	1	0	0	Not-determined	Genome-fragment	NA	NA	0.0	1.0	no viral genes detected
k127_293847	350	No	NA	1	1	0	Low-quality	Genome-fragment	0.31	HMM-based (lower-bound)	0.0	1.0	
k127_104265	563	No	NA	1	1	0	Low-quality	Genome-fragment	0.94	AAI-based (medium-confidence)	0.0	1.0	
k127_610196	984	No	NA	1	0	0	Not-determined	Genome-fragment	NA	NA	0.0	1.0	no viral genes detected
k127_417147	459	No	NA	1	0	0	Low-quality	Genome-fragment	0.93	AAI-based (medium-confidence)	0.0	1.0	no viral genes detected
k127_167318	685	No	NA	1	1	0	Low-quality	Genome-fragment	0.56	HMM-based (lower-bound)	0.0	1.0	
k127_294273	555	No	NA	1	0	0	Low-quality	Genome-fragment	1.06	AAI-based (medium-confidence)	0.0	1.0	no viral genes detected
k127_483857	568	No	NA	1	1	0	Low-quality	Genome-fragment	1.26	AAI-based (medium-confidence)	0.0	1.0	
k127_417608	450	No	NA	2	1	0	Low-quality	Genome-fragment	1.04	AAI-based (medium-confidence)	0.0	1.0	
k127_610777	556	No	NA	1	1	0	Low-quality	Genome-fragment	0.64	HMM-based (lower-bound)	0.0	1.0	
k127_231762	421	No	NA	1	0	0	Low-quality	Genome-fragment	0.94	AAI-based (medium-confidence)	0.0	1.0	no viral genes detected
k127_610938	505	No	NA	1	0	0	Low-quality	Genome-fragment	1.0	AAI-based (medium-confidence)	0.0	1.0	no viral genes detected
k127_484301	836	No	NA	2	0	0	Low-quality	Genome-fragment	0.96	AAI-based (medium-confidence)	0.0	1.0	no viral genes detected
k127_547639	485	No	NA	3	0	0	Not-determined	Genome-fragment	NA	NA	0.0	1.0	no viral genes detected
k127_358085	446	No	NA	2	2	0	Low-quality	Genome-fragment	0.41	HMM-based (lower-bound)	0.0	1.0	
k127_358092	497	No	NA	1	1	0	Low-quality	Genome-fragment	0.53	AAI-based (medium-confidence)	0.0	1.0	
k127_105333	532	No	NA	1	0	0	Low-quality	Genome-fragment	1.17	AAI-based (medium-confidence)	0.0	1.0	no viral genes detected
k127_611272	375	No	NA	1	1	0	Low-quality	Genome-fragment	0.68	AAI-based (medium-confidence)	0.0	1.0	
k127_295052	522	No	NA	2	0	0	Low-quality	Genome-fragment	0.43	AAI-based (medium-confidence)	0.0	1.0	no viral genes detected
k127_611859	322	No	NA	2	0	0	Not-determined	Genome-fragment	NA	NA	0.0	1.0	no viral genes detected
k127_106430	739	No	NA	2	0	0	Low-quality	Genome-fragment	1.63	AAI-based (high-confidence)	0.0	1.0	no viral genes detected
k127_548900	933	No	NA	1	0	0	Low-quality	Genome-fragment	1.78	AAI-based (medium-confidence)	0.0	1.0	no viral genes detected
k127_548968	325	No	NA	1	0	0	Not-determined	Genome-fragment	NA	NA	0.0	1.16	no viral genes detected
k127_40149	479	No	NA	1	0	0	Low-quality	Genome-fragment	1.09	AAI-based (medium-confidence)	0.0	1.0	no viral genes detected
k127_296482	366	No	NA	1	1	0	Low-quality	Genome-fragment	0.59	AAI-based (medium-confidence)	0.0	1.0	
k127_549339	385	No	NA	1	1	0	Low-quality	Genome-fragment	0.58	AAI-based (medium-confidence)	0.0	1.0	
k127_233791	355	No	NA	1	1	0	Low-quality	Genome-fragment	0.51	HMM-based (lower-bound)	0.0	1.0	
k127_234097	357	No	NA	1	1	0	Low-quality	Genome-fragment	0.51	HMM-based (lower-bound)	0.0	1.0	
k127_170569	305	No	NA	1	1	0	Low-quality	Genome-fragment	0.64	HMM-based (lower-bound)	0.0	1.0	
k127_234543	396	No	NA	1	1	0	Low-quality	Genome-fragment	0.27	HMM-based (lower-bound)	0.0	1.0	
k127_234653	489	No	NA	1	1	0	Low-quality	Genome-fragment	0.59	AAI-based (medium-confidence)	0.0	1.0	
k127_170708	429	No	NA	1	1	0	Low-quality	Genome-fragment	0.61	HMM-based (lower-bound)	0.0	1.0	
k127_550333	252	No	NA	1	1	0	Low-quality	Genome-fragment	0.17	HMM-based (lower-bound)	0.0	1.0	
k127_234689	858	No	NA	1	0	0	Not-determined	Genome-fragment	NA	NA	0.0	1.0	no viral genes detected
k127_550492	669	No	NA	1	1	0	Low-quality	Genome-fragment	0.55	HMM-based (lower-bound)	0.0	1.0	
k127_487394	895	No	NA	2	0	0	Low-quality	Genome-fragment	1.71	AAI-based (medium-confidence)	0.0	1.0	no viral genes detected
k127_361023	688	No	NA	2	0	0	Low-quality	Genome-fragment	0.5	AAI-based (medium-confidence)	0.0	1.0	no viral genes detected
k127_550805	366	No	NA	1	1	0	Low-quality	Genome-fragment	0.52	HMM-based (lower-bound)	0.0	1.0	
k127_550841	1162	No	NA	1	0	0	Not-determined	Genome-fragment	NA	NA	0.0	1.0	no viral genes detected
k127_235276	445	No	NA	1	0	0	Not-determined	Genome-fragment	NA	NA	0.0	1.0	no viral genes detected
k127_298319	339	No	NA	1	0	0	Not-determined	Genome-fragment	NA	NA	0.0	1.0	no viral genes detected
k127_42302	408	No	NA	1	0	0	Not-determined	Genome-fragment	NA	NA	0.0	1.0	no viral genes detected
k127_42427	967	No	NA	1	1	0	Low-quality	Genome-fragment	1.38	HMM-based (lower-bound)	0.0	1.0	
k127_615556	1336	No	NA	2	0	2	Not-determined	Genome-fragment	NA	NA	0.0	1.0	no viral genes detected
k127_236578	434	No	NA	1	0	0	Low-quality	Genome-fragment	0.83	AAI-based (medium-confidence)	0.0	1.0	no viral genes detected
k127_172705	495	No	NA	2	1	0	Low-quality	Genome-fragment	0.92	AAI-based (medium-confidence)	0.0	1.0	
k127_552347	325	No	NA	1	0	0	Not-determined	Genome-fragment	NA	NA	0.0	1.0	no viral genes detected
k127_489398	1245	No	NA	3	1	0	Low-quality	Genome-fragment	1.77	HMM-based (lower-bound)	0.0	1.0	
k127_173308	770	No	NA	2	0	0	Low-quality	Genome-fragment	1.66	AAI-based (medium-confidence)	0.0	1.0	no viral genes detected
k127_300144	602	No	NA	1	1	0	Low-quality	Genome-fragment	0.41	HMM-based (lower-bound)	0.0	1.0	
k127_237275	746	No	NA	1	0	1	Not-determined	Genome-fragment	NA	NA	0.0	1.0	no viral genes detected
k127_616535	330	No	NA	1	0	0	Low-quality	Genome-fragment	0.73	AAI-based (medium-confidence)	0.0	1.0	no viral genes detected
k127_300255	822	No	NA	1	0	0	Not-determined	Genome-fragment	NA	NA	0.0	1.0	no viral genes detected
k127_553230	967	No	NA	3	2	0	Low-quality	Genome-fragment	1.41	HMM-based (lower-bound)	0.0	1.0	
k127_363690	727	No	NA	2	1	0	Low-quality	Genome-fragment	1.25	AAI-based (medium-confidence)	0.0	1.0	
k127_44172	414	No	NA	1	0	0	Low-quality	Genome-fragment	0.94	AAI-based (medium-confidence)	0.0	1.0	no viral genes detected
k127_490086	423	No	NA	1	0	0	Not-determined	Genome-fragment	NA	NA	0.0	1.0	no viral genes detected
k127_363732	397	No	NA	1	0	0	Low-quality	Genome-fragment	0.45	AAI-based (medium-confidence)	0.0	1.0	no viral genes detected
k127_300626	359	No	NA	1	1	0	Low-quality	Genome-fragment	0.41	AAI-based (medium-confidence)	0.0	1.0	
k127_364040	550	No	NA	2	0	0	Low-quality	Genome-fragment	1.02	AAI-based (medium-confidence)	0.0	1.0	no viral genes detected
k127_617198	309	No	NA	1	0	0	Low-quality	Genome-fragment	0.35	AAI-based (high-confidence)	0.0	1.0	no viral genes detected
k127_111396	301	No	NA	1	0	0	Low-quality	Genome-fragment	0.73	AAI-based (medium-confidence)	0.0	1.0	no viral genes detected
k127_44528	726	No	NA	1	1	0	Low-quality	Genome-fragment	0.99	AAI-based (medium-confidence)	0.0	1.0	
k127_111453	325	No	NA	1	0	0	Low-quality	Genome-fragment	0.87	AAI-based (medium-confidence)	0.0	1.0	no viral genes detected
k127_174305	622	No	NA	1	0	0	Not-determined	Genome-fragment	NA	NA	0.0	1.0	no viral genes detected
k127_174676	308	No	NA	1	1	0	Low-quality	Genome-fragment	0.2	HMM-based (lower-bound)	0.0	1.0	
k127_238705	864	No	NA	1	1	0	Low-quality	Genome-fragment	1.38	HMM-based (lower-bound)	0.0	1.0	
k127_174814	913	No	NA	2	1	0	Low-quality	Genome-fragment	1.41	AAI-based (medium-confidence)	0.0	1.0	
k127_424518	380	No	NA	1	0	0	Not-determined	Genome-fragment	NA	NA	0.0	1.0	no viral genes detected
k127_554918	1053	No	NA	3	0	0	Not-determined	Genome-fragment	NA	NA	0.0	1.0	no viral genes detected
k127_112805	452	No	NA	1	0	1	Not-determined	Genome-fragment	NA	NA	0.0	1.0	no viral genes detected
k127_425006	724	No	NA	2	1	0	Low-quality	Genome-fragment	1.1	AAI-based (medium-confidence)	0.0	1.0	
k127_175896	947	No	NA	1	0	0	Not-determined	Genome-fragment	NA	NA	0.0	1.0	no viral genes detected
k127_555639	548	No	NA	1	0	0	Not-determined	Genome-fragment	NA	NA	0.0	1.0	no viral genes detected
k127_492464	758	No	NA	1	0	0	Low-quality	Genome-fragment	1.64	AAI-based (medium-confidence)	0.0	1.0	no viral genes detected
k127_366471	628	No	NA	2	1	0	Low-quality	Genome-fragment	0.95	AAI-based (medium-confidence)	0.0	1.0	
k127_114176	736	No	NA	1	1	0	Low-quality	Genome-fragment	1.05	HMM-based (lower-bound)	0.0	1.0	
k127_366903	700	No	NA	1	0	1	Not-determined	Genome-fragment	NA	NA	0.0	1.0	no viral genes detected
k127_426103	501	No	NA	1	1	0	Low-quality	Genome-fragment	0.93	AAI-based (medium-confidence)	0.0	1.0	
k127_303671	1068	No	NA	1	0	1	Not-determined	Genome-fragment	NA	NA	0.0	1.0	no viral genes detected
k127_426117	359	No	NA	2	0	0	Not-determined	Genome-fragment	NA	NA	0.0	1.0	no viral genes detected
k127_114375	388	No	NA	1	0	0	Not-determined	Genome-fragment	NA	NA	0.0	1.0	no viral genes detected
k127_493442	973	No	NA	2	0	0	Low-quality	Genome-fragment	1.86	AAI-based (medium-confidence)	0.0	1.0	no viral genes detected
k127_304018	317	No	NA	1	0	0	Low-quality	Genome-fragment	0.72	AAI-based (high-confidence)	0.0	1.0	no viral genes detected
k127_114572	732	No	NA	1	0	0	Not-determined	Genome-fragment	NA	NA	0.0	1.0	no viral genes detected
k127_177244	825	No	NA	2	1	0	Low-quality	Genome-fragment	1.25	AAI-based (medium-confidence)	0.0	1.0	
k127_620877	621	No	NA	2	0	0	Low-quality	Genome-fragment	1.43	AAI-based (medium-confidence)	0.0	1.0	no viral genes detected
k127_621083	676	No	NA	1	1	0	Low-quality	Genome-fragment	1.08	HMM-based (lower-bound)	0.0	1.0	
k127_304937	393	No	NA	2	0	0	Not-determined	Genome-fragment	NA	NA	0.0	1.0	no viral genes detected
k127_368556	404	No	NA	1	0	0	Not-determined	Genome-fragment	NA	NA	0.0	1.0	no viral genes detected
k127_48699	301	No	NA	1	0	0	Not-determined	Genome-fragment	NA	NA	0.0	1.0	no viral genes detected
k127_495033	303	No	NA	1	0	0	Not-determined	Genome-fragment	NA	NA	0.0	1.0	no viral genes detected
k127_242812	612	No	NA	1	0	0	Not-determined	Genome-fragment	NA	NA	0.0	1.0	no viral genes detected
k127_242891	913	No	NA	2	1	0	Low-quality	Genome-fragment	1.35	AAI-based (medium-confidence)	0.0	1.0	
k127_495260	572	No	NA	2	0	0	Low-quality	Genome-fragment	1.45	AAI-based (medium-confidence)	0.0	1.0	no viral genes detected
k127_243190	914	No	NA	2	0	0	Not-determined	Genome-fragment	NA	NA	0.0	1.0	no viral genes detected
k127_369369	646	No	NA	1	1	0	Low-quality	Genome-fragment	2.48	AAI-based (medium-confidence)	0.0	1.0	
k127_49353	343	No	NA	1	0	0	Low-quality	Genome-fragment	0.84	AAI-based (high-confidence)	0.0	1.0	no viral genes detected
k127_243968	616	No	NA	1	1	0	Low-quality	Genome-fragment	0.57	HMM-based (lower-bound)	0.0	1.0	
k127_429094	417	No	NA	1	1	0	Low-quality	Genome-fragment	1.38	AAI-based (medium-confidence)	0.0	1.0	
k127_496374	434	No	NA	1	0	0	Low-quality	Genome-fragment	0.98	AAI-based (medium-confidence)	0.0	1.0	no viral genes detected
k127_50072	379	No	NA	1	0	0	Low-quality	Genome-fragment	0.89	AAI-based (medium-confidence)	0.0	1.0	no viral genes detected
k127_560137	455	No	NA	2	0	0	Not-determined	Genome-fragment	NA	NA	0.0	1.0	no viral genes detected
k127_370500	404	No	NA	1	0	0	Low-quality	Genome-fragment	0.85	AAI-based (medium-confidence)	0.0	1.0	no viral genes detected
k127_370599	551	No	NA	1	0	0	Not-determined	Genome-fragment	NA	NA	0.0	1.0	no viral genes detected
k127_307584	305	No	NA	1	1	0	Low-quality	Genome-fragment	0.28	HMM-based (lower-bound)	0.0	1.0	
k127_50663	1459	No	NA	1	1	0	Low-quality	Genome-fragment	2.9	AAI-based (medium-confidence)	0.0	1.0	
k127_560982	314	No	NA	1	1	0	Low-quality	Genome-fragment	0.23	AAI-based (high-confidence)	0.0	1.0	
k127_308398	712	No	NA	1	0	0	Not-determined	Genome-fragment	NA	NA	0.0	1.0	no viral genes detected
k127_51407	470	No	NA	1	0	0	Low-quality	Genome-fragment	1.09	AAI-based (medium-confidence)	0.0	1.0	no viral genes detected
k127_561742	959	No	NA	1	0	0	Not-determined	Genome-fragment	NA	NA	0.0	1.0	no viral genes detected
k127_181882	553	No	NA	1	1	0	Low-quality	Genome-fragment	0.45	HMM-based (lower-bound)	0.0	1.0	
k127_430856	400	No	NA	1	1	0	Low-quality	Genome-fragment	0.73	AAI-based (medium-confidence)	0.0	1.0	
k127_562166	426	No	NA	1	0	0	Not-determined	Genome-fragment	NA	NA	0.0	1.0	no viral genes detected
k127_562170	353	No	NA	1	0	0	Not-determined	Genome-fragment	NA	NA	0.0	1.0	no viral genes detected
k127_246505	642	No	NA	1	1	0	Low-quality	Genome-fragment	0.91	HMM-based (lower-bound)	0.0	1.0	
k127_120313	313	No	NA	1	1	0	Low-quality	Genome-fragment	0.42	HMM-based (lower-bound)	0.0	1.0	
k127_120336	565	No	NA	2	0	0	Low-quality	Genome-fragment	1.15	AAI-based (medium-confidence)	0.0	1.0	no viral genes detected
k127_120342	530	No	NA	2	0	0	Low-quality	Genome-fragment	0.99	AAI-based (high-confidence)	0.0	1.0	no viral genes detected
k127_563112	670	No	NA	1	1	0	Low-quality	Genome-fragment	0.55	HMM-based (lower-bound)	0.0	1.0	
k127_183164	693	No	NA	1	1	0	Low-quality	Genome-fragment	0.99	HMM-based (lower-bound)	0.0	1.0	
k127_120811	404	No	NA	1	1	0	Low-quality	Genome-fragment	0.22	HMM-based (lower-bound)	0.0	1.0	
k127_120920	402	No	NA	2	0	0	Low-quality	Genome-fragment	1.19	AAI-based (medium-confidence)	0.0	1.0	no viral genes detected
k127_499968	379	No	NA	1	0	0	Low-quality	Genome-fragment	0.83	AAI-based (medium-confidence)	0.0	1.0	no viral genes detected
k127_563616	375	No	NA	1	0	0	Not-determined	Genome-fragment	NA	NA	0.0	1.0	no viral genes detected
k127_373912	1028	No	NA	1	0	0	Low-quality	Genome-fragment	2.02	AAI-based (medium-confidence)	0.0	1.0	no viral genes detected
k127_563692	1082	No	NA	1	0	1	Not-determined	Genome-fragment	NA	NA	0.0	1.0	no viral genes detected
k127_374306	961	No	NA	3	0	0	Not-determined	Genome-fragment	NA	NA	0.0	1.0	no viral genes detected
k127_184197	812	No	NA	1	0	1	Not-determined	Genome-fragment	NA	NA	0.0	1.0	no viral genes detected
k127_500793	1584	No	NA	2	0	0	Low-quality	Genome-fragment	3.54	AAI-based (medium-confidence)	0.0	1.0	no viral genes detected
k127_248507	453	No	NA	1	1	0	Low-quality	Genome-fragment	0.34	HMM-based (lower-bound)	0.0	1.0	
k127_121967	383	No	NA	1	1	0	Low-quality	Genome-fragment	0.9	AAI-based (medium-confidence)	0.0	1.0	
k127_122192	472	No	NA	1	0	0	Not-determined	Genome-fragment	NA	NA	0.0	1.0	no viral genes detected
k127_184782	854	No	NA	1	0	0	Low-quality	Genome-fragment	1.83	AAI-based (medium-confidence)	0.0	1.0	no viral genes detected
k127_311682	571	No	NA	1	0	1	Not-determined	Genome-fragment	NA	NA	0.0	1.0	no viral genes detected
k127_311732	561	No	NA	1	0	1	Not-determined	Genome-fragment	NA	NA	0.0	1.0	no viral genes detected
k127_501435	507	No	NA	1	0	0	Not-determined	Genome-fragment	NA	NA	0.0	1.0	no viral genes detected
k127_312202	531	No	NA	1	1	0	Low-quality	Genome-fragment	0.76	HMM-based (lower-bound)	0.0	1.0	
k127_312524	935	No	NA	2	0	0	Not-determined	Genome-fragment	NA	NA	0.0	1.0	no viral genes detected
k127_185843	332	No	NA	1	0	0	Low-quality	Genome-fragment	0.96	AAI-based (high-confidence)	0.0	1.0	no viral genes detected
k127_123312	418	No	NA	1	1	0	Low-quality	Genome-fragment	0.38	AAI-based (medium-confidence)	0.0	1.0	
k127_186222	497	No	NA	1	1	0	Low-quality	Genome-fragment	0.55	HMM-based (lower-bound)	0.0	1.0	
k127_434789	315	No	NA	1	1	0	Low-quality	Genome-fragment	0.21	AAI-based (high-confidence)	0.0	1.0	
k127_186286	349	No	NA	1	0	0	Low-quality	Genome-fragment	0.29	AAI-based (medium-confidence)	0.0	1.0	no viral genes detected
k127_313124	365	No	NA	1	1	0	Low-quality	Genome-fragment	0.24	HMM-based (lower-bound)	0.0	1.0	
k127_55950	486	No	NA	1	0	1	Not-determined	Genome-fragment	NA	NA	0.0	1.0	no viral genes detected
k127_186622	514	No	NA	1	0	1	Not-determined	Genome-fragment	NA	NA	0.0	1.0	no viral genes detected
k127_56194	839	No	NA	1	0	0	Low-quality	Genome-fragment	1.62	AAI-based (medium-confidence)	0.0	1.0	no viral genes detected
k127_503172	659	No	NA	1	1	0	Low-quality	Genome-fragment	0.94	HMM-based (lower-bound)	0.0	1.0	
k127_566727	669	No	NA	1	0	0	Low-quality	Genome-fragment	1.23	AAI-based (medium-confidence)	0.0	1.0	no viral genes detected
k127_566903	1263	No	NA	3	0	0	Not-determined	Genome-fragment	NA	NA	0.0	1.0	no viral genes detected
k127_503415	559	No	NA	2	1	0	Low-quality	Genome-fragment	1.3	AAI-based (medium-confidence)	0.0	1.0	
k127_377314	343	No	NA	1	1	0	Low-quality	Genome-fragment	0.38	HMM-based (lower-bound)	0.0	1.0	
k127_435571	311	No	NA	1	0	0	Not-determined	Genome-fragment	NA	NA	0.0	1.0	no viral genes detected
k127_313887	874	No	NA	2	0	1	Low-quality	Genome-fragment	1.79	AAI-based (medium-confidence)	0.0	1.0	no viral genes detected
k127_503486	573	No	NA	1	0	0	Low-quality	Genome-fragment	1.04	AAI-based (medium-confidence)	0.0	1.0	no viral genes detected
k127_567143	502	No	NA	1	0	1	Not-determined	Genome-fragment	NA	NA	0.0	1.0	no viral genes detected
k127_503599	355	No	NA	1	0	0	Not-determined	Genome-fragment	NA	NA	0.0	1.0	no viral genes detected
k127_435901	678	No	NA	1	1	0	Low-quality	Genome-fragment	1.65	AAI-based (medium-confidence)	0.0	1.0	
k127_567374	314	No	NA	1	1	0	Low-quality	Genome-fragment	0.54	HMM-based (lower-bound)	0.0	1.0	
k127_503913	301	No	NA	1	0	0	Not-determined	Genome-fragment	NA	NA	0.0	1.0	no viral genes detected
k127_503951	852	No	NA	1	0	0	Not-determined	Genome-fragment	NA	NA	0.0	1.0	no viral genes detected
k127_251717	325	No	NA	1	0	0	Not-determined	Genome-fragment	NA	NA	0.0	1.0	no viral genes detected
k127_630817	559	No	NA	1	1	0	Low-quality	Genome-fragment	0.8	HMM-based (lower-bound)	0.0	1.0	
k127_57150	531	No	NA	1	1	0	Low-quality	Genome-fragment	0.72	HMM-based (lower-bound)	0.0	1.0	
k127_377993	402	No	NA	1	0	0	Not-determined	Genome-fragment	NA	NA	0.0	1.0	no viral genes detected
k127_378031	413	No	NA	1	0	0	Not-determined	Genome-fragment	NA	NA	0.0	1.0	no viral genes detected
k127_314609	738	No	NA	1	0	0	Low-quality	Genome-fragment	1.5	AAI-based (medium-confidence)	0.0	1.0	no viral genes detected
k127_187915	335	No	NA	1	1	0	Low-quality	Genome-fragment	0.8	AAI-based (high-confidence)	0.0	1.0	
k127_252224	1330	No	NA	2	1	0	Low-quality	Genome-fragment	2.46	AAI-based (medium-confidence)	0.0	1.0	
k127_125755	978	No	NA	2	1	0	Low-quality	Genome-fragment	1.97	AAI-based (medium-confidence)	0.0	1.0	
k127_57699	544	No	NA	1	1	0	Low-quality	Genome-fragment	0.83	AAI-based (medium-confidence)	0.0	1.0	
k127_125956	864	No	NA	2	0	0	Low-quality	Genome-fragment	0.8	AAI-based (medium-confidence)	0.0	1.0	no viral genes detected
k127_188398	318	No	NA	1	1	0	Low-quality	Genome-fragment	0.23	AAI-based (high-confidence)	0.0	1.0	
k127_378969	327	No	NA	1	1	0	Low-quality	Genome-fragment	0.56	HMM-based (lower-bound)	0.0	1.0	
k127_58087	343	No	NA	1	1	0	Low-quality	Genome-fragment	0.62	AAI-based (medium-confidence)	0.0	1.0	
k127_437103	329	No	NA	1	0	0	Not-determined	Genome-fragment	NA	NA	0.0	1.0	no viral genes detected
k127_58405	346	No	NA	2	0	0	Not-determined	Genome-fragment	NA	NA	0.0	1.0	no viral genes detected
k127_437474	465	No	NA	2	1	0	Low-quality	Genome-fragment	0.92	HMM-based (lower-bound)	0.0	1.0	
k127_189198	592	No	NA	1	0	0	Low-quality	Genome-fragment	1.21	AAI-based (medium-confidence)	0.0	1.0	no viral genes detected
k127_189467	714	No	NA	1	0	0	Low-quality	Genome-fragment	1.19	AAI-based (medium-confidence)	0.0	1.0	no viral genes detected
k127_438143	1444	No	NA	2	0	0	Not-determined	Genome-fragment	NA	NA	0.0	1.0	no viral genes detected
k127_439013	785	No	NA	1	0	1	Not-determined	Genome-fragment	NA	NA	0.0	1.0	no viral genes detected
k127_441639	305	No	NA	1	0	0	Low-quality	Genome-fragment	0.8	AAI-based (medium-confidence)	0.0	1.0	no viral genes detected
k127_62991	477	No	NA	3	1	0	Low-quality	Genome-fragment	0.28	HMM-based (lower-bound)	0.0	1.0	
k127_442228	392	No	NA	2	0	0	Not-determined	Genome-fragment	NA	NA	0.0	1.0	no viral genes detected
k127_442500	545	No	NA	1	0	0	Low-quality	Genome-fragment	0.43	AAI-based (medium-confidence)	0.0	1.0	no viral genes detected
