contig_id	contig_length	provirus	proviral_length	gene_count	viral_genes	host_genes	checkv_quality	miuvig_quality	completeness	completeness_method	contamination	kmer_freq	warnings
k127_328162	359	No	NA	1	0	0	Not-determined	Genome-fragment	NA	NA	0.0	1.0	no viral genes detected
k127_140878	658	No	NA	1	0	0	Not-determined	Genome-fragment	NA	NA	0.0	1.0	no viral genes detected
k127_281683	366	No	NA	1	1	0	Low-quality	Genome-fragment	0.27	HMM-based (lower-bound)	0.0	1.0	
k127_281789	554	No	NA	1	1	0	Low-quality	Genome-fragment	1.24	AAI-based (medium-confidence)	0.0	1.0	
k127_141392	406	No	NA	1	0	0	Low-quality	Genome-fragment	0.82	AAI-based (medium-confidence)	0.0	1.0	no viral genes detected
k127_375832	316	No	NA	1	0	0	Not-determined	Genome-fragment	NA	NA	0.0	1.0	no viral genes detected
k127_422910	323	No	NA	1	0	0	Not-determined	Genome-fragment	NA	NA	0.0	1.0	no viral genes detected
k127_188684	573	No	NA	1	1	0	Low-quality	Genome-fragment	0.82	HMM-based (lower-bound)	0.0	1.0	
k127_376288	380	No	NA	1	0	0	Not-determined	Genome-fragment	NA	NA	0.0	1.0	no viral genes detected
k127_141960	936	No	NA	1	1	0	Low-quality	Genome-fragment	1.46	AAI-based (medium-confidence)	0.0	1.0	
k127_142092	338	No	NA	1	1	0	Low-quality	Genome-fragment	0.3	HMM-based (lower-bound)	0.0	1.0	
k127_282736	361	No	NA	1	0	1	Not-determined	Genome-fragment	NA	NA	0.0	1.0	no viral genes detected
k127_95431	574	No	NA	2	0	0	Not-determined	Genome-fragment	NA	NA	0.0	1.0	no viral genes detected
k127_189458	585	No	NA	1	0	0	Not-determined	Genome-fragment	NA	NA	0.0	1.0	no viral genes detected
k127_96653	1171	No	NA	2	0	0	Low-quality	Genome-fragment	2.4	AAI-based (high-confidence)	0.0	1.0	no viral genes detected
k127_190534	610	No	NA	1	0	0	Low-quality	Genome-fragment	1.25	AAI-based (high-confidence)	0.0	1.0	no viral genes detected
k127_190765	321	No	NA	1	1	0	Low-quality	Genome-fragment	0.48	HMM-based (lower-bound)	0.0	1.0	
k127_284962	376	No	NA	1	0	0	Not-determined	Genome-fragment	NA	NA	0.0	1.0	no viral genes detected
k127_3761	1170	No	NA	2	0	0	Not-determined	Genome-fragment	NA	NA	0.0	1.0	no viral genes detected
k127_331906	1076	No	NA	2	1	0	Low-quality	Genome-fragment	0.57	HMM-based (lower-bound)	0.0	1.0	
k127_3967	1371	No	NA	1	0	1	Not-determined	Genome-fragment	NA	NA	0.0	1.0	no viral genes detected
k127_51068	322	No	NA	1	0	0	Not-determined	Genome-fragment	NA	NA	0.0	1.0	no viral genes detected
k127_51105	334	No	NA	1	1	0	Low-quality	Genome-fragment	0.48	HMM-based (lower-bound)	0.0	1.0	
k127_191737	903	No	NA	1	0	0	Low-quality	Genome-fragment	1.83	AAI-based (medium-confidence)	0.0	1.0	no viral genes detected
k127_332384	767	No	NA	1	0	0	Not-determined	Genome-fragment	NA	NA	0.0	1.0	no viral genes detected
k127_145046	865	No	NA	2	1	0	Low-quality	Genome-fragment	0.71	HMM-based (lower-bound)	0.0	1.0	
k127_426412	699	No	NA	1	0	0	Low-quality	Genome-fragment	1.62	AAI-based (high-confidence)	0.0	1.0	no viral genes detected
k127_4698	682	No	NA	1	1	0	Low-quality	Genome-fragment	0.56	HMM-based (lower-bound)	0.0	1.0	
k127_426669	493	No	NA	1	0	0	Low-quality	Genome-fragment	0.94	AAI-based (high-confidence)	0.0	1.0	no viral genes detected
k127_426711	455	No	NA	1	0	0	Not-determined	Genome-fragment	NA	NA	0.0	1.0	no viral genes detected
k127_98788	649	No	NA	1	0	1	Not-determined	Genome-fragment	NA	NA	0.0	1.0	no viral genes detected
k127_426847	818	No	NA	1	0	0	Low-quality	Genome-fragment	1.86	AAI-based (medium-confidence)	0.0	1.0	no viral genes detected
k127_145753	485	No	NA	1	0	0	Not-determined	Genome-fragment	NA	NA	0.0	1.0	no viral genes detected
k127_380323	317	No	NA	1	1	0	Low-quality	Genome-fragment	0.35	HMM-based (lower-bound)	0.0	1.0	
k127_192764	761	No	NA	2	1	0	Low-quality	Genome-fragment	1.38	AAI-based (medium-confidence)	0.0	1.0	
k127_99126	341	No	NA	1	1	0	Low-quality	Genome-fragment	0.41	AAI-based (high-confidence)	0.0	1.0	
k127_52265	516	No	NA	1	0	0	Not-determined	Genome-fragment	NA	NA	0.0	1.0	no viral genes detected
k127_427231	333	No	NA	1	0	0	Not-determined	Genome-fragment	NA	NA	0.0	1.0	no viral genes detected
k127_5592	331	No	NA	1	0	0	Low-quality	Genome-fragment	0.79	AAI-based (medium-confidence)	0.0	1.0	no viral genes detected
k127_146303	683	No	NA	1	0	1	Not-determined	Genome-fragment	NA	NA	0.0	1.0	no viral genes detected
k127_427431	346	No	NA	1	0	0	Not-determined	Genome-fragment	NA	NA	0.0	1.0	no viral genes detected
k127_333766	375	No	NA	1	1	0	Low-quality	Genome-fragment	0.67	HMM-based (lower-bound)	0.0	1.0	
k127_240162	565	No	NA	1	0	0	Low-quality	Genome-fragment	1.09	AAI-based (medium-confidence)	0.0	1.0	no viral genes detected
k127_380848	356	No	NA	1	0	0	Not-determined	Genome-fragment	NA	NA	0.0	1.0	no viral genes detected
k127_100131	418	No	NA	1	0	1	Not-determined	Genome-fragment	NA	NA	0.0	1.0	no viral genes detected
k127_381691	566	No	NA	1	1	0	Low-quality	Genome-fragment	0.81	HMM-based (lower-bound)	0.0	1.0	
k127_381792	595	No	NA	1	1	0	Low-quality	Genome-fragment	0.51	AAI-based (medium-confidence)	0.0	1.0	
k127_7421	487	No	NA	1	1	0	Low-quality	Genome-fragment	1.19	AAI-based (medium-confidence)	0.0	1.0	
k127_241875	540	No	NA	2	0	0	Not-determined	Genome-fragment	NA	NA	0.0	1.0	no viral genes detected
k127_335829	420	No	NA	1	1	0	Low-quality	Genome-fragment	0.49	HMM-based (lower-bound)	0.0	1.0	
k127_242283	351	No	NA	1	0	0	Low-quality	Genome-fragment	0.8	AAI-based (medium-confidence)	0.0	1.0	no viral genes detected
k127_7920	334	No	NA	1	1	0	Low-quality	Genome-fragment	0.57	AAI-based (high-confidence)	0.0	1.0	
k127_101698	305	No	NA	1	0	0	Not-determined	Genome-fragment	NA	NA	0.0	1.0	no viral genes detected
k127_8044	1313	No	NA	2	0	1	Not-determined	Genome-fragment	NA	NA	0.0	1.0	no viral genes detected
k127_148941	664	No	NA	1	1	0	Low-quality	Genome-fragment	0.95	HMM-based (lower-bound)	0.0	1.0	
k127_149019	386	No	NA	2	0	0	Not-determined	Genome-fragment	NA	NA	0.0	1.0	no viral genes detected
k127_8625	379	No	NA	1	1	0	Low-quality	Genome-fragment	0.68	AAI-based (high-confidence)	0.0	1.0	
k127_55805	381	No	NA	1	0	0	Not-determined	Genome-fragment	NA	NA	0.0	1.0	no viral genes detected
k127_383995	1138	No	NA	1	0	0	Not-determined	Genome-fragment	NA	NA	0.0	1.0	no viral genes detected
k127_196498	308	No	NA	1	0	0	Not-determined	Genome-fragment	NA	NA	0.0	1.0	no viral genes detected
k127_196511	322	No	NA	1	0	0	Not-determined	Genome-fragment	NA	NA	0.0	1.0	no viral genes detected
k127_56145	1549	No	NA	1	0	0	Low-quality	Genome-fragment	2.32	AAI-based (medium-confidence)	0.0	1.0	no viral genes detected
k127_197141	511	No	NA	1	1	0	Low-quality	Genome-fragment	0.99	AAI-based (medium-confidence)	0.0	1.0	
k127_9774	436	No	NA	1	0	0	Low-quality	Genome-fragment	0.89	AAI-based (medium-confidence)	0.0	1.0	no viral genes detected
k127_431593	502	No	NA	1	0	0	Not-determined	Genome-fragment	NA	NA	0.0	1.0	no viral genes detected
k127_432207	1345	No	NA	2	0	0	Not-determined	Genome-fragment	NA	NA	0.0	1.0	no viral genes detected
k127_385754	572	No	NA	2	1	0	Low-quality	Genome-fragment	0.35	HMM-based (lower-bound)	0.0	1.0	
k127_385790	633	No	NA	2	1	0	Low-quality	Genome-fragment	0.52	HMM-based (lower-bound)	0.0	1.0	
k127_292313	662	No	NA	1	0	0	Not-determined	Genome-fragment	NA	NA	0.0	1.0	no viral genes detected
k127_151827	810	No	NA	1	0	0	Low-quality	Genome-fragment	1.63	AAI-based (medium-confidence)	0.0	1.0	no viral genes detected
k127_104983	542	No	NA	1	0	0	Low-quality	Genome-fragment	1.09	AAI-based (medium-confidence)	0.0	1.0	no viral genes detected
k127_11217	632	No	NA	1	1	0	Low-quality	Genome-fragment	1.34	AAI-based (medium-confidence)	0.0	1.0	
k127_198752	407	No	NA	1	1	0	Low-quality	Genome-fragment	0.95	AAI-based (medium-confidence)	0.0	1.0	
k127_339646	894	No	NA	1	0	1	Not-determined	Genome-fragment	NA	NA	0.0	1.0	no viral genes detected
k127_199140	325	No	NA	1	0	0	Low-quality	Genome-fragment	0.18	AAI-based (medium-confidence)	0.0	1.0	no viral genes detected
k127_105483	669	No	NA	2	0	0	Low-quality	Genome-fragment	0.77	AAI-based (medium-confidence)	0.0	1.0	no viral genes detected
k127_152771	424	No	NA	1	1	0	Low-quality	Genome-fragment	0.6	HMM-based (lower-bound)	0.0	1.0	
k127_340303	376	No	NA	1	0	0	Not-determined	Genome-fragment	NA	NA	0.0	1.0	no viral genes detected
k127_12428	480	No	NA	1	0	0	Low-quality	Genome-fragment	0.39	AAI-based (medium-confidence)	0.0	1.0	no viral genes detected
k127_153216	752	No	NA	1	1	0	Low-quality	Genome-fragment	1.12	HMM-based (lower-bound)	0.0	1.0	
k127_387638	510	No	NA	1	0	0	Not-determined	Genome-fragment	NA	NA	0.0	1.0	no viral genes detected
k127_200330	558	No	NA	1	0	0	Not-determined	Genome-fragment	NA	NA	0.0	1.0	no viral genes detected
k127_434759	347	No	NA	1	0	0	Not-determined	Genome-fragment	NA	NA	0.0	1.0	no viral genes detected
k127_247663	610	No	NA	1	0	0	Low-quality	Genome-fragment	1.22	AAI-based (medium-confidence)	0.0	1.0	no viral genes detected
k127_60276	325	No	NA	1	1	0	Low-quality	Genome-fragment	0.36	HMM-based (lower-bound)	0.0	1.0	
k127_154054	917	No	NA	1	0	0	Not-determined	Genome-fragment	NA	NA	0.0	1.0	no viral genes detected
k127_435471	417	No	NA	1	0	0	Not-determined	Genome-fragment	NA	NA	0.0	1.0	no viral genes detected
k127_201305	532	No	NA	2	0	0	Not-determined	Genome-fragment	NA	NA	0.0	1.0	no viral genes detected
k127_154653	870	No	NA	1	0	0	Low-quality	Genome-fragment	1.8	AAI-based (medium-confidence)	0.0	1.0	no viral genes detected
k127_108114	366	No	NA	1	0	0	Low-quality	Genome-fragment	0.78	AAI-based (medium-confidence)	0.0	1.0	no viral genes detected
k127_389428	473	No	NA	1	0	0	Not-determined	Genome-fragment	NA	NA	0.0	1.0	no viral genes detected
k127_342571	385	No	NA	1	0	0	Low-quality	Genome-fragment	0.91	AAI-based (high-confidence)	0.0	1.0	no viral genes detected
k127_389577	342	No	NA	1	0	0	Not-determined	Genome-fragment	NA	NA	0.0	1.0	no viral genes detected
k127_389679	659	No	NA	1	0	0	Low-quality	Genome-fragment	0.44	AAI-based (medium-confidence)	0.0	1.0	no viral genes detected
k127_296107	549	No	NA	1	0	0	Low-quality	Genome-fragment	0.62	AAI-based (medium-confidence)	0.0	1.0	no viral genes detected
k127_296122	620	No	NA	1	1	0	Low-quality	Genome-fragment	0.71	AAI-based (medium-confidence)	0.0	1.0	
k127_108631	485	No	NA	1	0	0	Low-quality	Genome-fragment	0.93	AAI-based (medium-confidence)	0.0	1.0	no viral genes detected
k127_155601	456	No	NA	1	1	0	Low-quality	Genome-fragment	0.6	HMM-based (lower-bound)	0.0	1.0	
k127_155627	494	No	NA	2	0	0	Not-determined	Genome-fragment	NA	NA	0.0	1.0	no viral genes detected
k127_62172	542	No	NA	1	0	0	Low-quality	Genome-fragment	0.68	AAI-based (medium-confidence)	0.0	1.0	no viral genes detected
k127_156513	878	No	NA	2	0	1	Not-determined	Genome-fragment	NA	NA	0.0	1.0	no viral genes detected
k127_297108	2086	No	NA	4	0	0	Not-determined	Genome-fragment	NA	NA	0.0	1.0	no viral genes detected
k127_203467	501	No	NA	1	0	1	Not-determined	Genome-fragment	NA	NA	0.0	1.0	no viral genes detected
k127_437804	383	No	NA	1	1	0	Low-quality	Genome-fragment	0.31	HMM-based (lower-bound)	0.0	1.0	
k127_110123	476	No	NA	1	0	0	Not-determined	Genome-fragment	NA	NA	0.0	1.0	no viral genes detected
k127_203847	755	No	NA	1	0	1	Not-determined	Genome-fragment	NA	NA	0.0	1.0	no viral genes detected
k127_251046	348	No	NA	1	1	0	Low-quality	Genome-fragment	0.14	HMM-based (lower-bound)	0.0	1.0	
k127_251055	329	No	NA	1	0	0	Low-quality	Genome-fragment	0.51	AAI-based (medium-confidence)	0.0	1.0	no viral genes detected
k127_204159	391	No	NA	1	0	0	Low-quality	Genome-fragment	0.45	AAI-based (medium-confidence)	0.0	1.0	no viral genes detected
k127_110606	1039	No	NA	2	0	0	Low-quality	Genome-fragment	2.18	AAI-based (medium-confidence)	0.0	1.0	no viral genes detected
k127_16848	308	No	NA	1	0	0	Not-determined	Genome-fragment	NA	NA	0.0	1.0	no viral genes detected
k127_438751	658	No	NA	1	0	0	Not-determined	Genome-fragment	NA	NA	0.0	1.0	no viral genes detected
k127_345176	818	No	NA	1	1	0	Low-quality	Genome-fragment	0.67	HMM-based (lower-bound)	0.0	1.0	
k127_345477	805	No	NA	2	0	0	Low-quality	Genome-fragment	1.44	AAI-based (medium-confidence)	0.0	1.0	no viral genes detected
k127_111383	401	No	NA	1	1	0	Low-quality	Genome-fragment	0.6	HMM-based (lower-bound)	0.0	1.0	
k127_64494	403	No	NA	1	0	0	Not-determined	Genome-fragment	NA	NA	0.0	1.0	no viral genes detected
k127_392879	309	No	NA	1	0	0	Low-quality	Genome-fragment	0.46	AAI-based (high-confidence)	0.0	1.0	no viral genes detected
k127_392971	301	No	NA	1	0	0	Not-determined	Genome-fragment	NA	NA	0.0	1.0	no viral genes detected
k127_439846	657	No	NA	1	0	0	Not-determined	Genome-fragment	NA	NA	0.0	1.0	no viral genes detected
k127_299363	1036	No	NA	1	0	0	Not-determined	Genome-fragment	NA	NA	0.0	1.0	no viral genes detected
k127_206001	355	No	NA	1	1	0	Low-quality	Genome-fragment	0.47	HMM-based (lower-bound)	0.0	1.0	
k127_440249	414	No	NA	1	0	0	Low-quality	Genome-fragment	0.91	AAI-based (medium-confidence)	0.0	1.0	no viral genes detected
k127_65419	357	No	NA	1	1	0	Low-quality	Genome-fragment	0.81	HMM-based (lower-bound)	0.0	1.0	
k127_65438	425	No	NA	1	0	0	Not-determined	Genome-fragment	NA	NA	0.0	1.0	no viral genes detected
k127_159292	317	No	NA	1	1	0	Low-quality	Genome-fragment	0.42	HMM-based (lower-bound)	0.0	1.0	
k127_253112	427	No	NA	1	0	0	Low-quality	Genome-fragment	0.95	AAI-based (medium-confidence)	0.0	1.0	no viral genes detected
k127_346785	2528	No	NA	2	1	0	Low-quality	Genome-fragment	23.57	HMM-based (lower-bound)	0.0	1.0	
k127_159995	509	No	NA	1	1	0	Low-quality	Genome-fragment	0.42	HMM-based (lower-bound)	0.0	1.0	
k127_394334	371	No	NA	1	1	0	Low-quality	Genome-fragment	0.66	HMM-based (lower-bound)	0.0	1.0	
k127_253845	898	Yes	373	2	1	1	Low-quality	Genome-fragment	0.52	HMM-based (lower-bound)	58.46	1.0	
k127_19664	493	No	NA	2	0	0	Not-determined	Genome-fragment	NA	NA	0.0	1.0	no viral genes detected
k127_254226	364	No	NA	1	1	0	Low-quality	Genome-fragment	0.33	HMM-based (lower-bound)	0.0	1.0	
k127_207333	1004	No	NA	2	0	1	Low-quality	Genome-fragment	1.56	AAI-based (medium-confidence)	0.0	1.0	no viral genes detected
k127_301068	307	No	NA	1	1	0	Low-quality	Genome-fragment	0.34	HMM-based (lower-bound)	0.0	1.0	
k127_160781	855	No	NA	1	1	0	Low-quality	Genome-fragment	1.38	HMM-based (lower-bound)	0.0	1.0	
k127_67614	593	No	NA	1	0	0	Low-quality	Genome-fragment	1.15	AAI-based (medium-confidence)	0.0	1.0	no viral genes detected
k127_67696	972	No	NA	1	0	0	Not-determined	Genome-fragment	NA	NA	0.0	1.0	no viral genes detected
k127_442586	379	No	NA	1	1	0	Low-quality	Genome-fragment	0.73	HMM-based (lower-bound)	0.0	1.0	
k127_396266	372	No	NA	1	0	0	Low-quality	Genome-fragment	0.9	AAI-based (high-confidence)	0.0	1.0	no viral genes detected
k127_209054	350	No	NA	1	1	0	Low-quality	Genome-fragment	0.56	HMM-based (lower-bound)	0.0	1.0	
k127_256304	557	No	NA	2	0	0	Low-quality	Genome-fragment	1.42	AAI-based (medium-confidence)	0.0	1.0	no viral genes detected
k127_443592	500	No	NA	1	0	0	Low-quality	Genome-fragment	0.97	AAI-based (medium-confidence)	0.0	1.0	no viral genes detected
k127_349973	529	No	NA	1	0	1	Low-quality	Genome-fragment	0.34	AAI-based (medium-confidence)	0.0	1.0	no viral genes detected
k127_116063	314	No	NA	1	0	0	Low-quality	Genome-fragment	0.79	AAI-based (medium-confidence)	0.0	1.0	no viral genes detected
k127_303434	348	No	NA	1	0	0	Not-determined	Genome-fragment	NA	NA	0.0	1.0	no viral genes detected
k127_256728	507	No	NA	1	0	0	Not-determined	Genome-fragment	NA	NA	0.0	1.0	no viral genes detected
k127_444053	389	No	NA	2	0	0	Low-quality	Genome-fragment	1.03	AAI-based (medium-confidence)	0.0	1.0	no viral genes detected
k127_116312	309	No	NA	1	0	0	Not-determined	Genome-fragment	NA	NA	0.0	1.0	no viral genes detected
k127_163256	314	No	NA	1	0	0	Low-quality	Genome-fragment	0.49	AAI-based (medium-confidence)	0.0	1.0	no viral genes detected
k127_257001	344	No	NA	1	0	0	Not-determined	Genome-fragment	NA	NA	0.0	1.0	no viral genes detected
k127_397598	583	No	NA	1	0	0	Not-determined	Genome-fragment	NA	NA	0.0	1.0	no viral genes detected
k127_444669	371	No	NA	1	0	0	Low-quality	Genome-fragment	0.99	AAI-based (medium-confidence)	0.0	1.0	no viral genes detected
k127_257763	551	No	NA	1	0	0	Low-quality	Genome-fragment	1.19	AAI-based (medium-confidence)	0.0	1.0	no viral genes detected
k127_445080	654	No	NA	1	1	0	Low-quality	Genome-fragment	1.04	HMM-based (lower-bound)	0.0	1.0	
k127_445180	558	No	NA	1	0	0	Not-determined	Genome-fragment	NA	NA	0.0	1.0	no viral genes detected
k127_211215	415	No	NA	2	0	0	Low-quality	Genome-fragment	0.7	AAI-based (medium-confidence)	0.0	1.0	no viral genes detected
k127_23951	596	No	NA	1	0	0	Low-quality	Genome-fragment	1.24	AAI-based (medium-confidence)	0.0	1.0	no viral genes detected
k127_117981	1271	No	NA	3	1	0	Low-quality	Genome-fragment	1.81	HMM-based (lower-bound)	0.0	1.0	
k127_164920	930	No	NA	1	0	1	Not-determined	Genome-fragment	NA	NA	0.0	1.0	no viral genes detected
k127_118119	309	No	NA	1	0	0	Not-determined	Genome-fragment	NA	NA	0.0	1.0	no viral genes detected
k127_258689	312	No	NA	1	1	0	Low-quality	Genome-fragment	0.88	AAI-based (medium-confidence)	0.0	1.0	
k127_211772	348	No	NA	1	1	0	Low-quality	Genome-fragment	0.63	HMM-based (lower-bound)	0.0	1.0	
k127_118259	314	No	NA	1	0	0	Not-determined	Genome-fragment	NA	NA	0.0	1.0	no viral genes detected
k127_71427	305	No	NA	1	0	0	Not-determined	Genome-fragment	NA	NA	0.0	1.0	no viral genes detected
k127_118545	354	No	NA	1	1	0	Low-quality	Genome-fragment	0.5	HMM-based (lower-bound)	0.0	1.0	
k127_165885	615	No	NA	1	0	0	Low-quality	Genome-fragment	1.24	AAI-based (medium-confidence)	0.0	1.0	no viral genes detected
k127_306392	320	No	NA	1	1	0	Low-quality	Genome-fragment	0.6	HMM-based (lower-bound)	0.0	1.0	
k127_212617	368	No	NA	1	0	0	Low-quality	Genome-fragment	0.67	AAI-based (medium-confidence)	0.0	1.0	no viral genes detected
k127_119309	415	No	NA	1	0	0	Not-determined	Genome-fragment	NA	NA	0.0	1.0	no viral genes detected
k127_25609	322	No	NA	1	0	0	Low-quality	Genome-fragment	0.79	AAI-based (high-confidence)	0.0	1.0	no viral genes detected
k127_25613	308	No	NA	1	0	0	Low-quality	Genome-fragment	0.76	AAI-based (medium-confidence)	0.0	1.0	no viral genes detected
k127_25656	411	No	NA	1	0	0	Low-quality	Genome-fragment	0.89	AAI-based (medium-confidence)	0.0	1.0	no viral genes detected
k127_306886	463	No	NA	1	0	1	Not-determined	Genome-fragment	NA	NA	0.0	1.0	no viral genes detected
k127_25902	534	No	NA	1	0	0	Not-determined	Genome-fragment	NA	NA	0.0	1.0	no viral genes detected
k127_447605	304	No	NA	1	1	0	Low-quality	Genome-fragment	0.35	AAI-based (medium-confidence)	0.0	1.0	
k127_353981	403	No	NA	1	0	0	Low-quality	Genome-fragment	0.84	AAI-based (medium-confidence)	0.0	1.0	no viral genes detected
k127_72950	331	No	NA	1	0	0	Not-determined	Genome-fragment	NA	NA	0.0	1.0	no viral genes detected
k127_447839	1218	No	NA	1	0	0	Not-determined	Genome-fragment	NA	NA	0.0	1.0	no viral genes detected
k127_213705	319	No	NA	1	1	0	Low-quality	Genome-fragment	0.26	HMM-based (lower-bound)	0.0	1.0	
k127_401381	369	No	NA	1	1	0	Low-quality	Genome-fragment	0.87	AAI-based (medium-confidence)	0.0	1.0	
k127_120413	371	No	NA	1	0	0	Not-determined	Genome-fragment	NA	NA	0.0	1.0	no viral genes detected
k127_354595	316	No	NA	1	0	0	Not-determined	Genome-fragment	NA	NA	0.0	1.0	no viral genes detected
k127_354785	550	No	NA	1	0	0	Not-determined	Genome-fragment	NA	NA	0.0	1.0	no viral genes detected
k127_261233	551	No	NA	1	1	0	Low-quality	Genome-fragment	1.26	HMM-based (lower-bound)	0.0	1.0	
k127_26828	1220	No	NA	2	1	0	Low-quality	Genome-fragment	2.44	AAI-based (medium-confidence)	0.0	1.0	
k127_354859	427	No	NA	2	0	0	Not-determined	Genome-fragment	NA	NA	0.0	1.0	no viral genes detected
k127_214230	553	No	NA	1	0	0	Low-quality	Genome-fragment	1.12	AAI-based (medium-confidence)	0.0	1.0	no viral genes detected
k127_355111	316	No	NA	1	1	0	Low-quality	Genome-fragment	0.54	HMM-based (lower-bound)	0.0	1.0	
k127_308345	601	No	NA	1	1	0	Low-quality	Genome-fragment	0.86	HMM-based (lower-bound)	0.0	1.0	
k127_214834	507	No	NA	1	0	0	Not-determined	Genome-fragment	NA	NA	0.0	1.0	no viral genes detected
k127_121460	431	No	NA	1	1	0	Low-quality	Genome-fragment	0.61	HMM-based (lower-bound)	0.0	1.0	
k127_309085	484	No	NA	1	0	0	Not-determined	Genome-fragment	NA	NA	0.0	1.0	no viral genes detected
k127_121911	504	No	NA	2	1	0	Low-quality	Genome-fragment	0.7	AAI-based (high-confidence)	0.0	1.0	
k127_215500	318	No	NA	1	0	0	Low-quality	Genome-fragment	0.81	AAI-based (medium-confidence)	0.0	1.0	no viral genes detected
k127_121979	776	No	NA	2	0	0	Low-quality	Genome-fragment	1.69	AAI-based (medium-confidence)	0.0	1.0	no viral genes detected
k127_168931	394	No	NA	1	1	0	Low-quality	Genome-fragment	6.65	AAI-based (medium-confidence)	0.0	1.0	
k127_403416	458	No	NA	1	0	0	Not-determined	Genome-fragment	NA	NA	0.0	1.0	no viral genes detected
k127_403763	667	No	NA	1	0	0	Low-quality	Genome-fragment	1.29	AAI-based (medium-confidence)	0.0	1.0	no viral genes detected
k127_403782	504	No	NA	2	1	0	Low-quality	Genome-fragment	0.87	AAI-based (medium-confidence)	0.0	1.0	
k127_263387	319	No	NA	1	1	0	Low-quality	Genome-fragment	0.29	HMM-based (lower-bound)	0.0	1.0	
k127_450833	703	No	NA	1	1	0	Low-quality	Genome-fragment	1.05	AAI-based (medium-confidence)	0.0	1.0	
k127_216956	380	No	NA	1	1	0	Low-quality	Genome-fragment	0.54	HMM-based (lower-bound)	0.0	1.0	
k127_404766	1545	No	NA	1	0	1	Low-quality	Genome-fragment	2.19	AAI-based (medium-confidence)	0.0	1.02	no viral genes detected
k127_264279	283	No	NA	1	0	0	Not-determined	Genome-fragment	NA	NA	0.0	1.0	no viral genes detected
k127_264825	425	No	NA	1	0	0	Low-quality	Genome-fragment	0.96	AAI-based (medium-confidence)	0.0	1.0	no viral genes detected
k127_264888	799	No	NA	2	0	0	Not-determined	Genome-fragment	NA	NA	0.0	1.0	no viral genes detected
k127_405464	336	No	NA	1	1	0	Low-quality	Genome-fragment	0.23	HMM-based (lower-bound)	0.0	1.0	
k127_311864	387	No	NA	1	1	0	Low-quality	Genome-fragment	0.61	HMM-based (lower-bound)	0.0	1.0	
k127_405497	425	No	NA	1	0	0	Low-quality	Genome-fragment	0.92	AAI-based (medium-confidence)	0.0	1.0	no viral genes detected
k127_358745	559	No	NA	2	0	0	Low-quality	Genome-fragment	1.1	AAI-based (high-confidence)	0.0	1.0	no viral genes detected
k127_125111	902	No	NA	1	0	0	Not-determined	Genome-fragment	NA	NA	0.0	1.0	no viral genes detected
k127_125308	373	No	NA	1	1	0	Low-quality	Genome-fragment	0.56	AAI-based (medium-confidence)	0.0	1.0	
k127_265928	681	No	NA	1	1	0	Low-quality	Genome-fragment	0.76	HMM-based (lower-bound)	0.0	1.0	
k127_78531	377	No	NA	1	0	0	Low-quality	Genome-fragment	0.2	AAI-based (medium-confidence)	0.0	1.0	no viral genes detected
k127_172566	735	No	NA	1	0	0	Low-quality	Genome-fragment	1.28	AAI-based (medium-confidence)	0.0	1.0	no viral genes detected
k127_219271	433	No	NA	1	1	0	Low-quality	Genome-fragment	0.74	AAI-based (medium-confidence)	0.0	1.0	
k127_78907	327	No	NA	1	1	0	Low-quality	Genome-fragment	0.49	HMM-based (lower-bound)	0.0	1.0	
k127_172936	446	No	NA	1	0	0	Not-determined	Genome-fragment	NA	NA	0.0	1.0	no viral genes detected
k127_313529	280	No	NA	1	1	0	Low-quality	Genome-fragment	0.51	AAI-based (medium-confidence)	0.0	1.0	
k127_453951	372	No	NA	1	0	0	Not-determined	Genome-fragment	NA	NA	0.0	1.0	no viral genes detected
k127_220064	319	No	NA	1	1	0	Low-quality	Genome-fragment	0.26	HMM-based (lower-bound)	0.0	1.0	
k127_173504	877	No	NA	1	0	0	Low-quality	Genome-fragment	1.72	AAI-based (medium-confidence)	0.0	1.0	no viral genes detected
k127_267136	515	No	NA	1	0	1	Not-determined	Genome-fragment	NA	NA	0.0	1.0	no viral genes detected
k127_33117	351	No	NA	1	0	0	Not-determined	Genome-fragment	NA	NA	0.0	1.0	no viral genes detected
k127_314519	774	No	NA	1	1	0	Low-quality	Genome-fragment	1.47	AAI-based (high-confidence)	0.0	1.0	
k127_408477	328	No	NA	1	1	0	Low-quality	Genome-fragment	0.49	AAI-based (high-confidence)	0.0	1.0	
k127_408521	310	No	NA	1	1	0	Low-quality	Genome-fragment	0.36	AAI-based (high-confidence)	0.0	1.0	
k127_362103	382	No	NA	2	1	0	Low-quality	Genome-fragment	0.35	HMM-based (lower-bound)	0.0	1.0	
k127_221662	541	No	NA	2	0	0	Not-determined	Genome-fragment	NA	NA	0.0	1.0	no viral genes detected
k127_81554	370	No	NA	1	0	0	Low-quality	Genome-fragment	0.27	AAI-based (medium-confidence)	0.0	1.0	no viral genes detected
k127_128864	329	No	NA	1	0	0	Low-quality	Genome-fragment	0.26	AAI-based (medium-confidence)	0.0	1.0	no viral genes detected
k127_269433	310	No	NA	1	0	0	Not-determined	Genome-fragment	NA	NA	0.0	1.0	no viral genes detected
k127_363018	748	No	NA	1	1	0	Low-quality	Genome-fragment	2.48	AAI-based (medium-confidence)	0.0	1.0	
k127_175810	451	No	NA	1	0	0	Low-quality	Genome-fragment	1.11	AAI-based (medium-confidence)	0.0	1.0	no viral genes detected
k127_82280	301	No	NA	1	0	0	Not-determined	Genome-fragment	NA	NA	0.0	1.0	no viral genes detected
k127_176200	339	No	NA	1	0	0	Not-determined	Genome-fragment	NA	NA	0.0	1.0	no viral genes detected
k127_222856	339	No	NA	1	0	0	Not-determined	Genome-fragment	NA	NA	0.0	1.0	no viral genes detected
k127_176336	325	No	NA	1	1	0	Low-quality	Genome-fragment	0.36	HMM-based (lower-bound)	0.0	1.0	
k127_270048	373	No	NA	1	0	0	Not-determined	Genome-fragment	NA	NA	0.0	1.0	no viral genes detected
k127_410591	367	No	NA	1	1	0	Low-quality	Genome-fragment	0.15	HMM-based (lower-bound)	0.0	1.0	
k127_223212	948	No	NA	1	0	1	Not-determined	Genome-fragment	NA	NA	0.0	1.0	no viral genes detected
k127_35871	330	No	NA	1	0	0	Low-quality	Genome-fragment	0.38	AAI-based (high-confidence)	0.0	1.0	no viral genes detected
k127_363937	791	No	NA	1	0	0	Low-quality	Genome-fragment	1.61	AAI-based (high-confidence)	0.0	1.0	no viral genes detected
k127_270417	342	No	NA	1	0	0	Low-quality	Genome-fragment	0.79	AAI-based (high-confidence)	0.0	1.0	no viral genes detected
k127_457756	793	No	NA	2	0	0	Low-quality	Genome-fragment	0.65	AAI-based (medium-confidence)	0.0	1.0	no viral genes detected
k127_36134	416	No	NA	1	0	0	Not-determined	Genome-fragment	NA	NA	0.0	1.0	no viral genes detected
k127_223843	454	No	NA	1	0	0	Not-determined	Genome-fragment	NA	NA	0.0	1.0	no viral genes detected
k127_458314	353	No	NA	1	0	0	Low-quality	Genome-fragment	0.87	AAI-based (medium-confidence)	0.0	1.0	no viral genes detected
k127_83596	507	No	NA	1	0	0	Not-determined	Genome-fragment	NA	NA	0.0	1.0	no viral genes detected
k127_458780	427	No	NA	1	1	0	Low-quality	Genome-fragment	0.49	HMM-based (lower-bound)	0.0	1.0	
k127_224705	453	No	NA	1	0	0	Not-determined	Genome-fragment	NA	NA	0.0	1.0	no viral genes detected
k127_459479	486	No	NA	1	0	0	Low-quality	Genome-fragment	1.0	AAI-based (medium-confidence)	0.0	1.0	no viral genes detected
k127_225376	740	No	NA	1	0	0	Low-quality	Genome-fragment	1.44	AAI-based (medium-confidence)	0.0	1.0	no viral genes detected
k127_459929	483	No	NA	1	0	0	Not-determined	Genome-fragment	NA	NA	0.0	1.0	no viral genes detected
k127_272799	1277	No	NA	1	0	0	Not-determined	Genome-fragment	NA	NA	0.0	1.0	no viral genes detected
k127_460221	831	No	NA	2	1	0	Low-quality	Genome-fragment	0.37	HMM-based (lower-bound)	0.0	1.0	
k127_132291	304	No	NA	1	0	0	Not-determined	Genome-fragment	NA	NA	0.0	1.0	no viral genes detected
k127_272994	408	No	NA	1	0	0	Not-determined	Genome-fragment	NA	NA	0.0	1.0	no viral genes detected
k127_38621	935	No	NA	1	0	0	Not-determined	Genome-fragment	NA	NA	0.0	1.0	no viral genes detected
k127_273003	587	No	NA	1	0	0	Not-determined	Genome-fragment	NA	NA	0.0	1.0	no viral genes detected
k127_226196	719	No	NA	1	0	0	Low-quality	Genome-fragment	1.28	AAI-based (medium-confidence)	0.0	1.0	no viral genes detected
k127_460834	945	No	NA	1	0	1	Not-determined	Genome-fragment	NA	NA	0.0	1.0	no viral genes detected
k127_39331	1100	No	NA	1	0	0	Not-determined	Genome-fragment	NA	NA	0.0	1.0	no viral genes detected
k127_226767	1282	No	NA	2	0	0	Not-determined	Genome-fragment	NA	NA	0.0	1.0	no viral genes detected
k127_226909	2259	No	NA	2	0	0	Not-determined	Genome-fragment	NA	NA	0.0	1.0	no viral genes detected
k127_39679	439	No	NA	1	0	0	Not-determined	Genome-fragment	NA	NA	0.0	1.0	no viral genes detected
k127_133672	832	No	NA	2	1	0	Low-quality	Genome-fragment	1.89	AAI-based (medium-confidence)	0.0	1.0	
k127_274270	369	No	NA	1	0	0	Low-quality	Genome-fragment	0.95	AAI-based (medium-confidence)	0.0	1.0	no viral genes detected
k127_133947	443	No	NA	1	0	0	Low-quality	Genome-fragment	0.9	AAI-based (medium-confidence)	0.0	1.0	no viral genes detected
k127_180732	377	No	NA	1	0	0	Low-quality	Genome-fragment	1.01	AAI-based (high-confidence)	0.0	1.0	no viral genes detected
k127_87082	358	No	NA	1	1	0	Low-quality	Genome-fragment	0.61	HMM-based (lower-bound)	0.0	1.0	
k127_87144	309	No	NA	1	0	0	Not-determined	Genome-fragment	NA	NA	0.0	1.0	no viral genes detected
k127_274590	348	No	NA	1	0	0	Not-determined	Genome-fragment	NA	NA	0.0	1.0	no viral genes detected
k127_321590	358	No	NA	1	0	0	Not-determined	Genome-fragment	NA	NA	0.0	1.0	no viral genes detected
k127_462117	514	No	NA	1	0	1	Not-determined	Genome-fragment	NA	NA	0.0	1.0	no viral genes detected
k127_40476	420	No	NA	1	0	0	Low-quality	Genome-fragment	1.01	AAI-based (medium-confidence)	0.0	1.0	no viral genes detected
k127_227898	947	No	NA	1	0	0	Not-determined	Genome-fragment	NA	NA	0.0	1.0	no viral genes detected
k127_415394	840	No	NA	1	1	0	Low-quality	Genome-fragment	1.52	AAI-based (medium-confidence)	0.0	1.0	
k127_40527	1068	No	NA	1	0	1	Not-determined	Genome-fragment	NA	NA	0.0	1.0	no viral genes detected
k127_181417	576	No	NA	1	0	0	Low-quality	Genome-fragment	1.23	AAI-based (medium-confidence)	0.0	1.0	no viral genes detected
k127_415888	747	No	NA	1	0	0	Not-determined	Genome-fragment	NA	NA	0.0	1.0	no viral genes detected
k127_135390	441	No	NA	1	0	0	Low-quality	Genome-fragment	1.0	AAI-based (medium-confidence)	0.0	1.0	no viral genes detected
k127_323073	386	No	NA	1	0	0	Not-determined	Genome-fragment	NA	NA	0.0	1.0	no viral genes detected
k127_229303	326	No	NA	1	1	0	Low-quality	Genome-fragment	0.24	HMM-based (lower-bound)	0.0	1.0	
k127_416896	569	No	NA	2	0	0	Low-quality	Genome-fragment	1.28	AAI-based (medium-confidence)	0.0	1.0	no viral genes detected
k127_182726	702	No	NA	1	0	0	Low-quality	Genome-fragment	1.32	AAI-based (high-confidence)	0.0	1.0	no viral genes detected
k127_276887	401	No	NA	1	0	0	Not-determined	Genome-fragment	NA	NA	0.0	1.0	no viral genes detected
k127_323789	451	No	NA	1	0	0	Low-quality	Genome-fragment	0.87	AAI-based (medium-confidence)	0.0	1.0	no viral genes detected
k127_370584	388	No	NA	1	1	0	Low-quality	Genome-fragment	0.7	HMM-based (lower-bound)	0.0	1.0	
k127_136530	601	No	NA	1	0	1	Low-quality	Genome-fragment	1.2	AAI-based (medium-confidence)	0.0	1.0	no viral genes detected
k127_42701	305	No	NA	1	1	0	Low-quality	Genome-fragment	0.33	HMM-based (lower-bound)	0.0	1.0	
k127_183433	327	No	NA	1	0	0	Low-quality	Genome-fragment	0.8	AAI-based (medium-confidence)	0.0	1.0	no viral genes detected
k127_230340	596	No	NA	1	0	0	Not-determined	Genome-fragment	NA	NA	0.0	1.0	no viral genes detected
k127_89931	308	No	NA	1	1	0	Low-quality	Genome-fragment	0.58	HMM-based (lower-bound)	0.0	1.0	
k127_464870	317	No	NA	2	0	0	Not-determined	Genome-fragment	NA	NA	0.0	1.0	no viral genes detected
k127_418058	678	No	NA	1	1	0	Low-quality	Genome-fragment	0.97	HMM-based (lower-bound)	0.0	1.0	
k127_465505	479	No	NA	1	0	0	Low-quality	Genome-fragment	0.34	AAI-based (medium-confidence)	0.0	1.0	no viral genes detected
k127_90766	634	No	NA	1	0	0	Low-quality	Genome-fragment	1.22	AAI-based (medium-confidence)	0.0	1.0	no viral genes detected
k127_418925	317	No	NA	1	1	0	Low-quality	Genome-fragment	0.28	HMM-based (lower-bound)	0.0	1.0	
k127_231758	629	No	NA	1	0	0	Not-determined	Genome-fragment	NA	NA	0.0	1.0	no viral genes detected
k127_419283	536	No	NA	1	0	1	Not-determined	Genome-fragment	NA	NA	0.0	1.0	no viral genes detected
k127_231810	442	No	NA	2	0	0	Low-quality	Genome-fragment	0.94	AAI-based (medium-confidence)	0.0	1.0	no viral genes detected
k127_185289	501	No	NA	2	0	0	Not-determined	Genome-fragment	NA	NA	0.0	1.0	no viral genes detected
k127_44888	644	No	NA	3	0	0	Not-determined	Genome-fragment	NA	NA	0.0	1.0	no viral genes detected
k127_185552	357	No	NA	1	0	0	Low-quality	Genome-fragment	0.8	AAI-based (high-confidence)	0.0	1.0	no viral genes detected
k127_326397	424	No	NA	1	0	0	Not-determined	Genome-fragment	NA	NA	0.0	1.0	no viral genes detected
k127_45140	1759	No	NA	1	0	0	Low-quality	Genome-fragment	3.47	AAI-based (medium-confidence)	0.0	1.0	no viral genes detected
k127_420435	837	No	NA	1	0	0	Not-determined	Genome-fragment	NA	NA	0.0	1.0	no viral genes detected
k127_45827	322	No	NA	1	0	0	Not-determined	Genome-fragment	NA	NA	0.0	1.0	no viral genes detected
k127_186550	360	No	NA	1	0	0	Not-determined	Genome-fragment	NA	NA	0.0	1.0	no viral genes detected
k127_45882	1313	No	NA	1	1	0	Low-quality	Genome-fragment	1.21	HMM-based (lower-bound)	0.0	1.0	
k127_467659	822	No	NA	2	0	0	Low-quality	Genome-fragment	2.03	AAI-based (medium-confidence)	0.0	1.0	no viral genes detected
k127_233758	626	No	NA	1	0	0	Not-determined	Genome-fragment	NA	NA	0.0	1.0	no viral genes detected
k127_421270	303	No	NA	1	0	0	Not-determined	Genome-fragment	NA	NA	0.0	1.0	no viral genes detected
k127_421883	817	No	NA	1	1	0	Low-quality	Genome-fragment	1.52	AAI-based (medium-confidence)	0.0	1.0	
