contig_id	contig_length	provirus	proviral_length	gene_count	viral_genes	host_genes	checkv_quality	miuvig_quality	completeness	completeness_method	contamination	kmer_freq	warnings
k127_68309	311	No	NA	1	0	0	Not-determined	Genome-fragment	NA	NA	0.0	1.0	no viral genes detected
k127_341644	436	No	NA	1	1	0	Low-quality	Genome-fragment	1.2	AAI-based (medium-confidence)	0.0	1.0	
k127_341879	338	No	NA	1	0	0	Low-quality	Genome-fragment	0.77	AAI-based (medium-confidence)	0.0	1.0	no viral genes detected
k127_478507	2191	No	NA	3	1	0	Low-quality	Genome-fragment	3.9	AAI-based (medium-confidence)	0.0	1.0	
k127_341992	399	No	NA	1	1	0	Low-quality	Genome-fragment	0.57	HMM-based (lower-bound)	0.0	1.0	
k127_342047	353	No	NA	1	1	0	Low-quality	Genome-fragment	1.02	AAI-based (medium-confidence)	0.0	1.0	
k127_69177	1178	No	NA	3	0	0	Not-determined	Genome-fragment	NA	NA	0.0	1.0	no viral genes detected
k127_274223	818	No	NA	2	0	1	Not-determined	Genome-fragment	NA	NA	0.0	1.0	no viral genes detected
k127_137923	337	No	NA	1	0	0	Not-determined	Genome-fragment	NA	NA	0.0	1.0	no viral genes detected
k127_411245	478	No	NA	1	0	0	Not-determined	Genome-fragment	NA	NA	0.0	1.0	no viral genes detected
k127_206727	338	No	NA	2	0	0	Not-determined	Genome-fragment	NA	NA	0.0	1.0	no viral genes detected
k127_207111	316	No	NA	1	0	0	Low-quality	Genome-fragment	0.85	AAI-based (medium-confidence)	0.0	1.0	no viral genes detected
k127_480478	529	No	NA	1	0	0	Not-determined	Genome-fragment	NA	NA	0.0	1.0	no viral genes detected
k127_275796	388	No	NA	1	0	0	Not-determined	Genome-fragment	NA	NA	0.0	1.0	no viral genes detected
k127_139169	1369	No	NA	3	2	0	Low-quality	Genome-fragment	23.15	AAI-based (medium-confidence)	0.0	1.0	
k127_412663	388	No	NA	1	0	0	Low-quality	Genome-fragment	0.68	AAI-based (medium-confidence)	0.0	1.0	no viral genes detected
k127_207781	388	No	NA	1	0	0	Low-quality	Genome-fragment	0.88	AAI-based (high-confidence)	0.0	1.0	no viral genes detected
k127_276201	410	No	NA	1	1	0	Low-quality	Genome-fragment	0.61	HMM-based (lower-bound)	0.0	1.0	
k127_549555	475	No	NA	1	0	0	Not-determined	Genome-fragment	NA	NA	0.0	1.0	no viral genes detected
k127_549580	669	No	NA	1	0	0	Low-quality	Genome-fragment	1.15	AAI-based (medium-confidence)	0.0	1.0	no viral genes detected
k127_413106	468	No	NA	1	0	0	Not-determined	Genome-fragment	NA	NA	0.0	1.0	no viral genes detected
k127_140072	1071	No	NA	1	0	1	Not-determined	Genome-fragment	NA	NA	0.0	1.0	no viral genes detected
k127_481859	359	No	NA	1	1	0	Low-quality	Genome-fragment	0.47	HMM-based (lower-bound)	0.0	1.0	
k127_4153	359	No	NA	1	1	0	Low-quality	Genome-fragment	0.76	HMM-based (lower-bound)	0.0	1.0	
k127_346006	458	No	NA	1	0	0	Low-quality	Genome-fragment	0.94	AAI-based (high-confidence)	0.0	1.0	no viral genes detected
k127_414396	463	No	NA	1	0	0	Not-determined	Genome-fragment	NA	NA	0.0	1.0	no viral genes detected
k127_414420	1158	No	NA	1	0	0	Not-determined	Genome-fragment	NA	NA	0.0	1.0	no viral genes detected
k127_346212	412	No	NA	1	0	0	Low-quality	Genome-fragment	0.98	AAI-based (medium-confidence)	0.0	1.0	no viral genes detected
k127_551157	666	No	NA	1	0	0	Low-quality	Genome-fragment	1.35	AAI-based (medium-confidence)	0.0	1.0	no viral genes detected
k127_414923	317	No	NA	1	0	0	Not-determined	Genome-fragment	NA	NA	0.0	1.0	no viral genes detected
k127_141783	329	No	NA	1	0	1	Not-determined	Genome-fragment	NA	NA	0.0	1.0	no viral genes detected
k127_141822	797	No	NA	1	0	1	Not-determined	Genome-fragment	NA	NA	0.0	1.0	no viral genes detected
k127_73699	431	No	NA	1	0	0	Not-determined	Genome-fragment	NA	NA	0.0	1.0	no viral genes detected
k127_75008	455	No	NA	1	0	0	Not-determined	Genome-fragment	NA	NA	0.0	1.0	no viral genes detected
k127_621566	701	No	NA	2	0	0	Low-quality	Genome-fragment	1.41	AAI-based (medium-confidence)	0.0	1.0	no viral genes detected
k127_416631	304	No	NA	1	0	0	Not-determined	Genome-fragment	NA	NA	0.0	1.0	no viral genes detected
k127_75283	394	No	NA	1	0	0	Not-determined	Genome-fragment	NA	NA	0.0	1.0	no viral genes detected
k127_553270	443	No	NA	1	1	0	Low-quality	Genome-fragment	0.36	HMM-based (lower-bound)	0.0	1.0	
k127_621816	741	No	NA	2	1	0	Low-quality	Genome-fragment	0.66	HMM-based (lower-bound)	0.0	1.0	
k127_553434	349	No	NA	2	0	0	Not-determined	Genome-fragment	NA	NA	0.0	1.0	no viral genes detected
k127_280461	1048	No	NA	1	0	0	Low-quality	Genome-fragment	1.99	AAI-based (high-confidence)	0.0	1.0	no viral genes detected
k127_75947	799	No	NA	1	1	0	Low-quality	Genome-fragment	1.14	HMM-based (lower-bound)	0.0	1.0	
k127_7866	784	No	NA	1	0	0	Low-quality	Genome-fragment	1.44	AAI-based (high-confidence)	0.0	1.0	no viral genes detected
k127_212910	408	No	NA	1	0	0	Not-determined	Genome-fragment	NA	NA	0.0	1.0	no viral genes detected
k127_144922	471	No	NA	1	0	0	Not-determined	Genome-fragment	NA	NA	0.0	1.0	no viral genes detected
k127_8208	330	No	NA	1	0	0	Low-quality	Genome-fragment	0.81	AAI-based (high-confidence)	0.0	1.0	no viral genes detected
k127_145104	432	No	NA	1	1	0	Not-determined	Genome-fragment	NA	NA	0.0	1.0	
k127_350036	326	No	NA	1	0	0	Low-quality	Genome-fragment	0.79	AAI-based (medium-confidence)	0.0	1.0	no viral genes detected
k127_418417	576	No	NA	1	1	0	Low-quality	Genome-fragment	1.33	AAI-based (medium-confidence)	0.0	1.0	
k127_145209	505	No	NA	1	0	1	Not-determined	Genome-fragment	NA	NA	0.0	1.0	no viral genes detected
k127_555024	607	No	NA	1	0	0	Not-determined	Genome-fragment	NA	NA	0.0	1.0	no viral genes detected
k127_282034	313	No	NA	1	1	0	Low-quality	Genome-fragment	0.28	HMM-based (lower-bound)	0.0	1.0	
k127_145594	439	No	NA	1	1	0	Low-quality	Genome-fragment	1.12	AAI-based (medium-confidence)	0.0	1.0	
k127_623808	410	No	NA	1	0	0	Not-determined	Genome-fragment	NA	NA	0.0	1.0	no viral genes detected
k127_623945	819	No	NA	1	0	1	Not-determined	Genome-fragment	NA	NA	0.0	1.0	no viral genes detected
k127_145982	452	No	NA	1	0	0	Low-quality	Genome-fragment	0.94	AAI-based (medium-confidence)	0.0	1.0	no viral genes detected
k127_10231	439	No	NA	1	0	1	Not-determined	Genome-fragment	NA	NA	0.0	1.0	no viral genes detected
k127_78687	1038	No	NA	2	0	0	Low-quality	Genome-fragment	2.04	AAI-based (medium-confidence)	0.0	1.0	no viral genes detected
k127_625476	311	No	NA	1	0	0	Low-quality	Genome-fragment	0.74	AAI-based (medium-confidence)	0.0	1.0	no viral genes detected
k127_352335	624	No	NA	1	0	0	Not-determined	Genome-fragment	NA	NA	0.0	1.0	no viral genes detected
k127_489034	369	No	NA	2	0	0	Low-quality	Genome-fragment	0.67	AAI-based (medium-confidence)	0.0	1.0	no viral genes detected
k127_11036	436	No	NA	2	1	0	Low-quality	Genome-fragment	0.39	HMM-based (lower-bound)	0.0	1.0	
k127_557421	847	No	NA	1	0	0	Not-determined	Genome-fragment	NA	NA	0.0	1.0	no viral genes detected
k127_352602	334	No	NA	1	0	0	Not-determined	Genome-fragment	NA	NA	0.0	1.0	no viral genes detected
k127_557489	374	No	NA	2	1	0	Low-quality	Genome-fragment	0.31	HMM-based (lower-bound)	0.0	1.0	
k127_216112	406	No	NA	1	0	0	Low-quality	Genome-fragment	0.91	AAI-based (medium-confidence)	0.0	1.0	no viral genes detected
k127_147964	322	No	NA	1	1	0	Low-quality	Genome-fragment	0.95	AAI-based (medium-confidence)	0.0	1.0	
k127_11440	401	No	NA	1	0	0	Low-quality	Genome-fragment	0.78	AAI-based (medium-confidence)	0.0	1.0	no viral genes detected
k127_489644	365	No	NA	1	1	0	Low-quality	Genome-fragment	0.3	HMM-based (lower-bound)	0.0	1.0	
k127_557837	620	No	NA	1	0	0	Not-determined	Genome-fragment	NA	NA	0.0	1.0	no viral genes detected
k127_626459	337	No	NA	1	0	0	Not-determined	Genome-fragment	NA	NA	0.0	1.0	no viral genes detected
k127_284923	379	No	NA	1	0	0	Low-quality	Genome-fragment	0.43	AAI-based (medium-confidence)	0.0	1.0	no viral genes detected
k127_148740	475	No	NA	1	0	0	Not-determined	Genome-fragment	NA	NA	0.0	1.0	no viral genes detected
k127_285452	497	No	NA	1	0	0	Not-determined	Genome-fragment	NA	NA	0.0	1.0	no viral genes detected
k127_12315	347	No	NA	1	0	0	Not-determined	Genome-fragment	NA	NA	0.0	1.0	no viral genes detected
k127_354219	424	No	NA	1	0	1	Not-determined	Genome-fragment	NA	NA	0.0	1.0	no viral genes detected
k127_559035	553	No	NA	1	0	1	Not-determined	Genome-fragment	NA	NA	0.0	1.0	no viral genes detected
k127_559328	422	No	NA	1	0	1	Not-determined	Genome-fragment	NA	NA	0.0	1.0	no viral genes detected
k127_627836	447	No	NA	1	0	0	Not-determined	Genome-fragment	NA	NA	0.0	1.0	no viral genes detected
k127_559563	573	No	NA	2	0	0	Not-determined	Genome-fragment	NA	NA	0.0	1.0	no viral genes detected
k127_423646	378	No	NA	2	0	0	Not-determined	Genome-fragment	NA	NA	0.0	1.0	no viral genes detected
k127_492257	330	No	NA	1	0	0	Not-determined	Genome-fragment	NA	NA	0.0	1.0	no viral genes detected
k127_560460	327	No	NA	1	0	0	Not-determined	Genome-fragment	NA	NA	0.0	1.0	no viral genes detected
k127_629064	800	No	NA	1	0	0	Low-quality	Genome-fragment	1.55	AAI-based (medium-confidence)	0.0	1.0	no viral genes detected
k127_424190	426	No	NA	1	1	0	Low-quality	Genome-fragment	0.56	AAI-based (medium-confidence)	0.0	1.0	
k127_629257	569	No	NA	1	0	1	Not-determined	Genome-fragment	NA	NA	0.0	1.0	no viral genes detected
k127_151192	342	No	NA	1	1	0	Low-quality	Genome-fragment	0.28	HMM-based (lower-bound)	0.0	1.0	
k127_629552	415	No	NA	2	1	0	Low-quality	Genome-fragment	0.8	HMM-based (lower-bound)	0.0	1.0	
k127_561249	319	No	NA	1	0	1	Low-quality	Genome-fragment	0.06	AAI-based (high-confidence)	0.0	1.0	no viral genes detected
k127_425487	608	No	NA	2	0	0	Low-quality	Genome-fragment	0.35	AAI-based (medium-confidence)	0.0	1.0	no viral genes detected
k127_84552	396	No	NA	1	0	0	Not-determined	Genome-fragment	NA	NA	0.0	1.0	no viral genes detected
k127_357626	484	No	NA	1	0	0	Not-determined	Genome-fragment	NA	NA	0.0	1.0	no viral genes detected
k127_84640	406	No	NA	1	0	0	Low-quality	Genome-fragment	0.28	AAI-based (medium-confidence)	0.0	1.0	no viral genes detected
k127_221569	557	No	NA	1	1	0	Low-quality	Genome-fragment	0.46	HMM-based (lower-bound)	0.0	1.0	
k127_563016	411	No	NA	1	0	0	Low-quality	Genome-fragment	0.9	AAI-based (medium-confidence)	0.0	1.0	no viral genes detected
k127_153903	562	No	NA	2	0	0	Low-quality	Genome-fragment	1.26	AAI-based (medium-confidence)	0.0	1.0	no viral genes detected
k127_154001	906	No	NA	2	1	0	Low-quality	Genome-fragment	2.42	AAI-based (medium-confidence)	0.0	1.0	
k127_85934	828	No	NA	1	0	1	Not-determined	Genome-fragment	NA	NA	0.0	1.0	no viral genes detected
k127_563847	339	No	NA	1	0	0	Low-quality	Genome-fragment	0.59	AAI-based (medium-confidence)	0.0	1.0	no viral genes detected
k127_17943	310	No	NA	1	1	0	Low-quality	Genome-fragment	0.46	HMM-based (lower-bound)	0.0	1.0	
k127_17944	1054	No	NA	2	0	0	Low-quality	Genome-fragment	2.41	AAI-based (medium-confidence)	0.0	1.0	no viral genes detected
k127_291368	491	No	NA	1	1	0	Low-quality	Genome-fragment	1.08	AAI-based (medium-confidence)	0.0	1.0	
k127_428214	362	No	NA	1	0	0	Not-determined	Genome-fragment	NA	NA	0.0	1.0	no viral genes detected
k127_428580	359	No	NA	1	1	0	Low-quality	Genome-fragment	0.53	HMM-based (lower-bound)	0.0	1.0	
k127_155630	474	No	NA	2	0	0	Not-determined	Genome-fragment	NA	NA	0.0	1.0	no viral genes detected
k127_292204	680	No	NA	1	0	0	Not-determined	Genome-fragment	NA	NA	0.0	1.0	no viral genes detected
k127_428956	399	No	NA	2	0	2	Low-quality	Genome-fragment	0.91	AAI-based (medium-confidence)	0.0	1.0	no viral genes detected
k127_497471	670	No	NA	1	0	0	Not-determined	Genome-fragment	NA	NA	0.0	1.0	no viral genes detected
k127_224366	912	No	NA	1	0	0	Not-determined	Genome-fragment	NA	NA	0.0	1.0	no viral genes detected
k127_497652	533	No	NA	1	0	0	Low-quality	Genome-fragment	1.05	AAI-based (medium-confidence)	0.0	1.0	no viral genes detected
k127_361053	385	No	NA	1	0	0	Not-determined	Genome-fragment	NA	NA	0.0	1.0	no viral genes detected
k127_87996	731	No	NA	1	0	1	Not-determined	Genome-fragment	NA	NA	0.0	1.0	no viral genes detected
k127_156575	362	No	NA	1	1	0	Low-quality	Genome-fragment	0.55	HMM-based (lower-bound)	0.0	1.0	
k127_361540	333	No	NA	1	0	0	Not-determined	Genome-fragment	NA	NA	0.0	1.0	no viral genes detected
k127_88898	524	No	NA	1	0	0	Not-determined	Genome-fragment	NA	NA	0.0	1.0	no viral genes detected
k127_293671	301	No	NA	1	0	0	Not-determined	Genome-fragment	NA	NA	0.0	1.0	no viral genes detected
k127_430360	495	No	NA	1	1	0	Low-quality	Genome-fragment	0.7	HMM-based (lower-bound)	0.0	1.0	
k127_89269	431	No	NA	1	0	0	Not-determined	Genome-fragment	NA	NA	0.0	1.0	no viral genes detected
k127_157687	430	No	NA	1	0	0	Not-determined	Genome-fragment	NA	NA	0.0	1.0	no viral genes detected
k127_635909	528	No	NA	1	1	0	Low-quality	Genome-fragment	1.22	AAI-based (high-confidence)	0.0	1.0	
k127_89508	1175	No	NA	2	0	0	Low-quality	Genome-fragment	2.63	AAI-based (medium-confidence)	0.0	1.0	no viral genes detected
k127_21110	437	No	NA	1	0	0	Not-determined	Genome-fragment	NA	NA	0.0	1.0	no viral genes detected
k127_636334	360	No	NA	1	0	0	Not-determined	Genome-fragment	NA	NA	0.0	1.0	no viral genes detected
k127_567801	476	No	NA	1	0	0	Low-quality	Genome-fragment	1.1	AAI-based (medium-confidence)	0.0	1.0	no viral genes detected
k127_363290	324	No	NA	1	0	0	Not-determined	Genome-fragment	NA	NA	0.0	1.0	no viral genes detected
k127_431505	601	No	NA	1	0	0	Low-quality	Genome-fragment	1.25	AAI-based (medium-confidence)	0.0	1.0	no viral genes detected
k127_363355	349	No	NA	1	0	0	Not-determined	Genome-fragment	NA	NA	0.0	1.0	no viral genes detected
k127_226751	474	No	NA	1	1	0	Low-quality	Genome-fragment	0.87	HMM-based (lower-bound)	0.0	1.0	
k127_295085	389	No	NA	1	0	0	Low-quality	Genome-fragment	0.86	AAI-based (medium-confidence)	0.0	1.0	no viral genes detected
k127_21982	353	No	NA	1	0	0	Not-determined	Genome-fragment	NA	NA	0.0	1.0	no viral genes detected
k127_568589	407	No	NA	1	0	0	Not-determined	Genome-fragment	NA	NA	0.0	1.0	no viral genes detected
k127_637237	360	No	NA	1	0	0	Low-quality	Genome-fragment	0.78	AAI-based (medium-confidence)	0.0	1.0	no viral genes detected
k127_22563	337	No	NA	2	0	0	Low-quality	Genome-fragment	0.66	AAI-based (high-confidence)	0.0	1.0	no viral genes detected
k127_22587	1081	No	NA	3	1	0	Low-quality	Genome-fragment	1.87	AAI-based (medium-confidence)	0.0	1.0	
k127_432369	337	No	NA	1	0	0	Low-quality	Genome-fragment	0.79	AAI-based (medium-confidence)	0.0	1.0	no viral genes detected
k127_22774	351	No	NA	1	0	0	Not-determined	Genome-fragment	NA	NA	0.0	1.0	no viral genes detected
k127_501312	2111	No	NA	5	4	0	Low-quality	Genome-fragment	3.12	HMM-based (lower-bound)	0.0	1.0	
k127_638002	351	No	NA	2	0	0	Not-determined	Genome-fragment	NA	NA	0.0	1.0	no viral genes detected
k127_364671	574	No	NA	1	0	0	Low-quality	Genome-fragment	1.08	AAI-based (medium-confidence)	0.0	1.0	no viral genes detected
k127_364682	595	No	NA	1	0	1	Low-quality	Genome-fragment	1.2	AAI-based (medium-confidence)	0.0	1.0	no viral genes detected
k127_159984	469	No	NA	1	1	0	Low-quality	Genome-fragment	0.25	HMM-based (lower-bound)	0.0	1.0	
k127_365483	318	No	NA	1	0	0	Not-determined	Genome-fragment	NA	NA	0.0	1.0	no viral genes detected
k127_229230	963	No	NA	2	0	0	Low-quality	Genome-fragment	1.83	AAI-based (medium-confidence)	0.0	1.0	no viral genes detected
k127_92991	490	No	NA	1	0	0	Not-determined	Genome-fragment	NA	NA	0.0	1.0	no viral genes detected
k127_24548	677	No	NA	1	0	1	Not-determined	Genome-fragment	NA	NA	0.0	1.0	no viral genes detected
k127_366145	484	No	NA	1	0	0	Low-quality	Genome-fragment	1.01	AAI-based (medium-confidence)	0.0	1.0	no viral genes detected
k127_93454	461	No	NA	1	0	0	Low-quality	Genome-fragment	1.01	AAI-based (medium-confidence)	0.0	1.0	no viral genes detected
k127_434846	717	No	NA	1	0	1	Not-determined	Genome-fragment	NA	NA	0.0	1.0	no viral genes detected
k127_162181	365	No	NA	1	0	0	Not-determined	Genome-fragment	NA	NA	0.0	1.0	no viral genes detected
k127_162597	632	No	NA	2	0	0	Low-quality	Genome-fragment	1.32	AAI-based (medium-confidence)	0.0	1.0	no viral genes detected
k127_504142	426	No	NA	1	0	0	Not-determined	Genome-fragment	NA	NA	0.0	1.0	no viral genes detected
k127_504167	607	No	NA	2	0	0	Low-quality	Genome-fragment	1.21	AAI-based (high-confidence)	0.0	1.0	no viral genes detected
k127_367769	341	No	NA	1	0	0	Not-determined	Genome-fragment	NA	NA	0.0	1.0	no viral genes detected
k127_436195	310	No	NA	1	0	0	Not-determined	Genome-fragment	NA	NA	0.0	1.0	no viral genes detected
k127_299784	552	No	NA	1	0	0	Low-quality	Genome-fragment	1.26	AAI-based (medium-confidence)	0.0	1.0	no viral genes detected
k127_26759	475	No	NA	1	0	0	Low-quality	Genome-fragment	1.07	AAI-based (medium-confidence)	0.0	1.0	no viral genes detected
k127_641907	400	No	NA	1	0	0	Low-quality	Genome-fragment	0.84	AAI-based (medium-confidence)	0.0	1.0	no viral genes detected
k127_505264	514	No	NA	1	0	1	Not-determined	Genome-fragment	NA	NA	0.0	1.0	no viral genes detected
k127_27104	355	No	NA	1	0	0	Low-quality	Genome-fragment	1.01	AAI-based (medium-confidence)	0.0	1.0	no viral genes detected
k127_642177	301	No	NA	1	0	0	Low-quality	Genome-fragment	0.69	AAI-based (high-confidence)	0.0	1.0	no viral genes detected
k127_164182	437	No	NA	1	0	0	Not-determined	Genome-fragment	NA	NA	0.0	1.0	no viral genes detected
k127_164186	479	No	NA	1	0	0	Not-determined	Genome-fragment	NA	NA	0.0	1.0	no viral genes detected
k127_505643	973	No	NA	2	0	0	Not-determined	Genome-fragment	NA	NA	0.0	1.0	no viral genes detected
k127_505694	349	No	NA	1	1	0	Low-quality	Genome-fragment	0.6	HMM-based (lower-bound)	0.0	1.0	
k127_437206	364	No	NA	1	1	0	Low-quality	Genome-fragment	0.2	HMM-based (lower-bound)	0.0	1.0	
k127_232453	464	No	NA	1	0	0	Not-determined	Genome-fragment	NA	NA	0.0	1.0	no viral genes detected
k127_505953	1102	No	NA	1	0	0	Not-determined	Genome-fragment	NA	NA	0.0	1.0	no viral genes detected
k127_505975	336	No	NA	1	1	0	Low-quality	Genome-fragment	0.48	HMM-based (lower-bound)	0.0	1.0	
k127_574042	623	No	NA	1	0	0	Not-determined	Genome-fragment	NA	NA	0.0	1.0	no viral genes detected
k127_96472	887	No	NA	1	1	0	Low-quality	Genome-fragment	1.57	AAI-based (high-confidence)	0.0	1.0	
k127_28061	632	No	NA	1	0	0	Not-determined	Genome-fragment	NA	NA	0.0	1.0	no viral genes detected
k127_506449	677	No	NA	1	0	0	Not-determined	Genome-fragment	NA	NA	0.0	1.0	no viral genes detected
k127_28277	366	No	NA	1	0	0	Low-quality	Genome-fragment	0.85	AAI-based (high-confidence)	0.0	1.0	no viral genes detected
k127_28311	307	No	NA	1	0	0	Not-determined	Genome-fragment	NA	NA	0.0	1.0	no viral genes detected
k127_97069	414	No	NA	1	0	0	Low-quality	Genome-fragment	0.47	AAI-based (medium-confidence)	0.0	1.0	no viral genes detected
k127_233476	402	No	NA	1	0	0	Low-quality	Genome-fragment	0.72	AAI-based (medium-confidence)	0.0	1.0	no viral genes detected
k127_507034	1088	No	NA	1	0	0	Not-determined	Genome-fragment	NA	NA	0.0	1.0	no viral genes detected
k127_643743	829	No	NA	2	1	0	Low-quality	Genome-fragment	2.24	AAI-based (medium-confidence)	0.0	1.0	
k127_575215	451	No	NA	1	0	0	Low-quality	Genome-fragment	0.94	AAI-based (medium-confidence)	0.0	1.0	no viral genes detected
k127_507177	969	No	NA	2	0	1	Low-quality	Genome-fragment	2.02	AAI-based (medium-confidence)	0.0	1.0	no viral genes detected
k127_575274	682	No	NA	1	0	1	Not-determined	Genome-fragment	NA	NA	0.0	1.0	no viral genes detected
k127_97946	350	No	NA	1	0	0	Low-quality	Genome-fragment	0.79	AAI-based (medium-confidence)	0.0	1.0	no viral genes detected
k127_97948	1204	No	NA	1	0	0	Not-determined	Genome-fragment	NA	NA	0.0	1.0	no viral genes detected
k127_439235	520	No	NA	1	0	0	Not-determined	Genome-fragment	NA	NA	0.0	1.0	no viral genes detected
k127_234608	671	No	NA	1	0	0	Not-determined	Genome-fragment	NA	NA	0.0	1.0	no viral genes detected
k127_98390	323	No	NA	1	0	0	Not-determined	Genome-fragment	NA	NA	0.0	1.0	no viral genes detected
k127_507977	450	No	NA	1	0	0	Low-quality	Genome-fragment	0.9	AAI-based (medium-confidence)	0.0	1.0	no viral genes detected
k127_98403	873	No	NA	1	0	0	Not-determined	Genome-fragment	NA	NA	0.0	1.0	no viral genes detected
k127_439498	539	No	NA	1	0	0	Low-quality	Genome-fragment	1.01	AAI-based (medium-confidence)	0.0	1.0	no viral genes detected
k127_166793	581	No	NA	1	0	0	Low-quality	Genome-fragment	1.07	AAI-based (medium-confidence)	0.0	1.0	no viral genes detected
k127_166962	340	No	NA	1	0	0	Low-quality	Genome-fragment	0.77	AAI-based (high-confidence)	0.0	1.0	no viral genes detected
k127_508344	370	No	NA	1	0	0	Low-quality	Genome-fragment	0.93	AAI-based (medium-confidence)	0.0	1.0	no viral genes detected
k127_303284	503	No	NA	1	1	0	Low-quality	Genome-fragment	0.75	HMM-based (lower-bound)	0.0	1.0	
k127_99155	313	No	NA	1	0	0	Not-determined	Genome-fragment	NA	NA	0.0	1.0	no viral genes detected
k127_645632	464	No	NA	1	0	0	Not-determined	Genome-fragment	NA	NA	0.0	1.0	no viral genes detected
k127_167759	436	No	NA	1	0	0	Low-quality	Genome-fragment	0.88	AAI-based (medium-confidence)	0.0	1.0	no viral genes detected
k127_31458	685	No	NA	1	0	0	Not-determined	Genome-fragment	NA	NA	0.0	1.0	no viral genes detected
k127_509850	322	No	NA	1	0	0	Not-determined	Genome-fragment	NA	NA	0.0	1.0	no viral genes detected
k127_236668	491	No	NA	2	2	0	Low-quality	Genome-fragment	0.91	HMM-based (lower-bound)	0.0	1.0	
k127_100628	318	No	NA	1	0	0	Not-determined	Genome-fragment	NA	NA	0.0	1.0	no viral genes detected
k127_305067	336	No	NA	1	0	0	Not-determined	Genome-fragment	NA	NA	0.0	1.0	no viral genes detected
k127_305177	359	No	NA	1	0	0	Not-determined	Genome-fragment	NA	NA	0.0	1.0	no viral genes detected
k127_374006	811	No	NA	2	0	0	Not-determined	Genome-fragment	NA	NA	0.0	1.0	no viral genes detected
k127_579392	606	No	NA	1	0	0	Low-quality	Genome-fragment	1.19	AAI-based (medium-confidence)	0.0	1.0	no viral genes detected
k127_238214	480	No	NA	2	0	0	Low-quality	Genome-fragment	1.14	AAI-based (medium-confidence)	0.0	1.0	no viral genes detected
k127_306322	391	No	NA	1	0	0	Low-quality	Genome-fragment	0.86	AAI-based (medium-confidence)	0.0	1.0	no viral genes detected
k127_648650	341	No	NA	1	0	0	Low-quality	Genome-fragment	0.84	AAI-based (medium-confidence)	0.0	1.0	no viral genes detected
k127_375397	506	No	NA	1	0	0	Not-determined	Genome-fragment	NA	NA	0.0	1.0	no viral genes detected
k127_580220	392	No	NA	1	0	0	Not-determined	Genome-fragment	NA	NA	0.0	1.0	no viral genes detected
k127_307424	890	No	NA	2	0	0	Not-determined	Genome-fragment	NA	NA	0.0	1.0	no viral genes detected
k127_171650	440	No	NA	1	0	0	Not-determined	Genome-fragment	NA	NA	0.0	1.0	no viral genes detected
k127_103510	395	No	NA	1	0	0	Not-determined	Genome-fragment	NA	NA	0.0	1.0	no viral genes detected
k127_239976	1137	No	NA	1	1	0	Low-quality	Genome-fragment	0.79	HMM-based (lower-bound)	0.0	1.0	
k127_103861	379	No	NA	1	1	0	Low-quality	Genome-fragment	0.18	HMM-based (lower-bound)	0.0	1.0	
k127_513896	348	No	NA	1	0	0	Not-determined	Genome-fragment	NA	NA	0.0	1.0	no viral genes detected
k127_35943	621	No	NA	1	0	1	Not-determined	Genome-fragment	NA	NA	0.0	1.0	no viral genes detected
k127_377413	580	No	NA	1	0	0	Low-quality	Genome-fragment	1.17	AAI-based (medium-confidence)	0.0	1.0	no viral genes detected
k127_650829	380	No	NA	1	0	0	Low-quality	Genome-fragment	0.87	AAI-based (high-confidence)	0.0	1.0	no viral genes detected
k127_446146	926	No	NA	1	0	1	Not-determined	Genome-fragment	NA	NA	0.0	1.0	no viral genes detected
k127_173462	1262	No	NA	1	0	0	Not-determined	Genome-fragment	NA	NA	0.0	1.0	no viral genes detected
k127_378289	611	No	NA	1	0	0	Not-determined	Genome-fragment	NA	NA	0.0	1.0	no viral genes detected
k127_173754	385	No	NA	2	1	0	Low-quality	Genome-fragment	0.99	AAI-based (medium-confidence)	0.0	1.0	
k127_105752	392	No	NA	1	1	0	Low-quality	Genome-fragment	0.56	HMM-based (lower-bound)	0.0	1.0	
k127_310230	367	No	NA	1	0	0	Not-determined	Genome-fragment	NA	NA	0.0	1.0	no viral genes detected
k127_583527	593	No	NA	1	0	1	Not-determined	Genome-fragment	NA	NA	0.0	1.0	no viral genes detected
k127_652731	703	No	NA	1	0	0	Low-quality	Genome-fragment	0.54	AAI-based (medium-confidence)	0.0	1.0	no viral genes detected
k127_516634	410	No	NA	1	0	0	Not-determined	Genome-fragment	NA	NA	0.0	1.0	no viral genes detected
k127_175552	409	No	NA	1	1	0	Low-quality	Genome-fragment	0.2	HMM-based (lower-bound)	0.0	1.0	
k127_516794	532	No	NA	1	0	0	Low-quality	Genome-fragment	1.07	AAI-based (medium-confidence)	0.0	1.0	no viral genes detected
k127_516801	938	No	NA	1	0	0	Not-determined	Genome-fragment	NA	NA	0.0	1.0	no viral genes detected
k127_653832	327	No	NA	1	0	1	Not-determined	Genome-fragment	NA	NA	0.0	1.0	no viral genes detected
k127_380803	304	No	NA	1	0	0	Not-determined	Genome-fragment	NA	NA	0.0	1.0	no viral genes detected
k127_380827	394	No	NA	1	1	0	Low-quality	Genome-fragment	0.91	AAI-based (medium-confidence)	0.0	1.0	
k127_517731	461	No	NA	1	1	0	Low-quality	Genome-fragment	1.24	AAI-based (medium-confidence)	0.0	1.0	
k127_381107	475	No	NA	1	0	0	Low-quality	Genome-fragment	0.81	AAI-based (medium-confidence)	0.0	1.0	no viral genes detected
k127_312717	927	No	NA	1	0	0	Low-quality	Genome-fragment	1.86	AAI-based (medium-confidence)	0.0	1.0	no viral genes detected
k127_244538	487	No	NA	1	1	0	Low-quality	Genome-fragment	0.45	HMM-based (lower-bound)	0.0	1.0	
k127_654985	605	No	NA	1	1	0	Low-quality	Genome-fragment	0.82	HMM-based (lower-bound)	0.0	1.0	
k127_655046	624	No	NA	2	0	0	Low-quality	Genome-fragment	1.18	AAI-based (medium-confidence)	0.0	1.0	no viral genes detected
k127_40300	1498	No	NA	1	0	0	Not-determined	Genome-fragment	NA	NA	0.0	1.0	no viral genes detected
k127_518502	408	No	NA	1	0	0	Low-quality	Genome-fragment	0.85	AAI-based (medium-confidence)	0.0	1.0	no viral genes detected
k127_177546	1404	No	NA	1	1	0	Low-quality	Genome-fragment	1.76	AAI-based (high-confidence)	0.0	1.0	
k127_40907	561	No	NA	1	0	0	Not-determined	Genome-fragment	NA	NA	0.0	1.0	no viral genes detected
k127_587219	524	No	NA	1	0	1	Not-determined	Genome-fragment	NA	NA	0.0	1.0	no viral genes detected
k127_519170	765	No	NA	1	0	0	Low-quality	Genome-fragment	1.62	AAI-based (high-confidence)	0.0	1.0	no viral genes detected
k127_41107	309	No	NA	1	0	0	Low-quality	Genome-fragment	0.66	AAI-based (high-confidence)	0.0	1.0	no viral genes detected
k127_450697	863	No	NA	2	0	0	Low-quality	Genome-fragment	0.71	AAI-based (medium-confidence)	0.0	1.0	no viral genes detected
k127_587551	402	No	NA	2	1	0	Low-quality	Genome-fragment	0.83	HMM-based (lower-bound)	0.0	1.0	
k127_587655	448	No	NA	1	0	0	Low-quality	Genome-fragment	0.69	AAI-based (high-confidence)	0.0	1.0	no viral genes detected
k127_519688	394	No	NA	1	0	0	Low-quality	Genome-fragment	0.83	AAI-based (medium-confidence)	0.0	1.0	no viral genes detected
k127_41605	428	No	NA	1	0	0	Low-quality	Genome-fragment	0.96	AAI-based (medium-confidence)	0.0	1.0	no viral genes detected
k127_451198	948	No	NA	1	0	0	Not-determined	Genome-fragment	NA	NA	0.0	1.0	no viral genes detected
k127_656768	1070	No	NA	3	2	0	Low-quality	Genome-fragment	1.91	HMM-based (lower-bound)	0.0	1.0	
k127_383421	581	No	NA	1	0	0	Not-determined	Genome-fragment	NA	NA	0.0	1.0	no viral genes detected
k127_111131	319	No	NA	2	1	0	Low-quality	Genome-fragment	0.8	AAI-based (medium-confidence)	0.0	1.0	
k127_520700	488	No	NA	2	0	0	Not-determined	Genome-fragment	NA	NA	0.0	1.0	no viral genes detected
k127_111371	529	No	NA	1	0	1	Low-quality	Genome-fragment	1.06	AAI-based (medium-confidence)	0.0	1.0	no viral genes detected
k127_657622	704	No	NA	1	0	0	Low-quality	Genome-fragment	1.46	AAI-based (medium-confidence)	0.0	1.0	no viral genes detected
k127_657694	555	No	NA	2	2	0	Low-quality	Genome-fragment	1.03	HMM-based (lower-bound)	0.0	1.0	
k127_111988	348	No	NA	1	1	0	Low-quality	Genome-fragment	0.31	AAI-based (medium-confidence)	0.0	1.0	
k127_384752	495	No	NA	1	0	0	Low-quality	Genome-fragment	0.93	AAI-based (medium-confidence)	0.0	1.0	no viral genes detected
k127_521503	356	No	NA	1	0	0	Not-determined	Genome-fragment	NA	NA	0.0	1.0	no viral genes detected
k127_316640	1987	No	NA	3	1	0	Low-quality	Genome-fragment	3.93	HMM-based (lower-bound)	0.0	1.0	
k127_589732	364	No	NA	1	0	0	Not-determined	Genome-fragment	NA	NA	0.0	1.0	no viral genes detected
k127_112357	570	No	NA	2	1	0	Low-quality	Genome-fragment	1.18	HMM-based (lower-bound)	0.0	1.0	
k127_180535	683	No	NA	1	0	0	Not-determined	Genome-fragment	NA	NA	0.0	1.0	no viral genes detected
k127_521983	531	No	NA	1	0	0	Low-quality	Genome-fragment	0.24	AAI-based (medium-confidence)	0.0	1.0	no viral genes detected
k127_453599	375	No	NA	1	0	0	Not-determined	Genome-fragment	NA	NA	0.0	1.0	no viral genes detected
k127_112921	427	No	NA	1	1	0	Low-quality	Genome-fragment	0.38	HMM-based (lower-bound)	0.0	1.0	
k127_113144	992	No	NA	1	1	0	Low-quality	Genome-fragment	1.84	AAI-based (high-confidence)	0.0	1.0	
k127_249367	1076	No	NA	1	0	0	Not-determined	Genome-fragment	NA	NA	0.0	1.0	no viral genes detected
k127_317685	304	No	NA	1	0	0	Not-determined	Genome-fragment	NA	NA	0.0	1.0	no viral genes detected
k127_590892	1064	No	NA	1	0	0	Low-quality	Genome-fragment	2.13	AAI-based (high-confidence)	0.0	1.0	no viral genes detected
k127_454372	363	No	NA	1	0	0	Not-determined	Genome-fragment	NA	NA	0.0	1.0	no viral genes detected
k127_522982	602	No	NA	1	0	1	Not-determined	Genome-fragment	NA	NA	0.0	1.0	no viral genes detected
k127_659767	1284	No	NA	1	1	0	Low-quality	Genome-fragment	1.05	HMM-based (lower-bound)	0.0	1.0	
k127_318236	622	No	NA	1	0	1	Not-determined	Genome-fragment	NA	NA	0.0	1.0	no viral genes detected
k127_523525	481	No	NA	1	0	0	Low-quality	Genome-fragment	1.02	AAI-based (medium-confidence)	0.0	1.0	no viral genes detected
k127_182785	447	No	NA	1	0	0	Low-quality	Genome-fragment	1.07	AAI-based (medium-confidence)	0.0	1.02	no viral genes detected
k127_524073	384	No	NA	1	1	0	Low-quality	Genome-fragment	0.86	AAI-based (medium-confidence)	0.0	1.0	
k127_660880	360	No	NA	1	0	0	Not-determined	Genome-fragment	NA	NA	0.0	1.0	no viral genes detected
k127_387555	402	No	NA	1	0	0	Not-determined	Genome-fragment	NA	NA	0.0	1.0	no viral genes detected
k127_183108	590	No	NA	1	0	0	Not-determined	Genome-fragment	NA	NA	0.0	1.0	no viral genes detected
k127_115148	357	No	NA	1	0	0	Not-determined	Genome-fragment	NA	NA	0.0	1.0	no viral genes detected
k127_661366	545	No	NA	1	0	0	Low-quality	Genome-fragment	1.2	AAI-based (medium-confidence)	0.0	1.0	no viral genes detected
k127_456246	360	No	NA	1	1	0	Low-quality	Genome-fragment	0.51	HMM-based (lower-bound)	0.0	1.1	
k127_251555	411	No	NA	1	0	0	Low-quality	Genome-fragment	1.0	AAI-based (high-confidence)	0.0	1.0	no viral genes detected
k127_115617	387	No	NA	2	1	0	Low-quality	Genome-fragment	0.31	HMM-based (lower-bound)	0.0	1.0	
k127_183907	493	No	NA	1	0	0	Not-determined	Genome-fragment	NA	NA	0.0	1.0	no viral genes detected
k127_525264	519	No	NA	1	0	0	Low-quality	Genome-fragment	1.14	AAI-based (medium-confidence)	0.0	1.0	no viral genes detected
k127_457055	821	No	NA	1	0	0	Not-determined	Genome-fragment	NA	NA	0.0	1.0	no viral genes detected
k127_252439	584	No	NA	1	0	0	Not-determined	Genome-fragment	NA	NA	0.0	1.0	no viral genes detected
k127_184681	308	No	NA	1	0	0	Low-quality	Genome-fragment	0.7	AAI-based (high-confidence)	0.0	1.0	no viral genes detected
k127_457299	373	No	NA	1	1	0	Low-quality	Genome-fragment	0.44	HMM-based (lower-bound)	0.0	1.0	
k127_457328	324	No	NA	1	0	0	Low-quality	Genome-fragment	0.67	AAI-based (medium-confidence)	0.0	1.0	no viral genes detected
k127_457577	500	No	NA	1	0	0	Low-quality	Genome-fragment	1.02	AAI-based (medium-confidence)	0.0	1.0	no viral genes detected
k127_526337	474	No	NA	1	0	0	Not-determined	Genome-fragment	NA	NA	0.0	1.0	no viral genes detected
k127_389823	351	No	NA	1	0	0	Not-determined	Genome-fragment	NA	NA	0.0	1.0	no viral genes detected
k127_49135	380	No	NA	1	0	0	Low-quality	Genome-fragment	0.97	AAI-based (medium-confidence)	0.0	1.0	no viral genes detected
k127_117842	338	No	NA	1	0	0	Not-determined	Genome-fragment	NA	NA	0.0	1.0	no viral genes detected
k127_458969	473	No	NA	1	0	0	Not-determined	Genome-fragment	NA	NA	0.0	1.0	no viral genes detected
k127_664399	319	No	NA	1	0	0	Low-quality	Genome-fragment	0.72	AAI-based (medium-confidence)	0.0	1.0	no viral genes detected
k127_322877	393	No	NA	2	0	0	Low-quality	Genome-fragment	0.26	AAI-based (medium-confidence)	0.0	1.0	no viral genes detected
k127_322954	360	No	NA	1	0	0	Not-determined	Genome-fragment	NA	NA	0.0	1.0	no viral genes detected
k127_391507	326	No	NA	1	0	0	Low-quality	Genome-fragment	0.71	AAI-based (high-confidence)	0.0	1.0	no viral genes detected
k127_391715	536	No	NA	2	1	0	Low-quality	Genome-fragment	0.32	HMM-based (lower-bound)	0.0	1.0	
k127_391932	436	No	NA	2	0	0	Not-determined	Genome-fragment	NA	NA	0.0	1.0	no viral genes detected
k127_50829	938	No	NA	1	0	0	Low-quality	Genome-fragment	1.77	AAI-based (medium-confidence)	0.0	1.0	no viral genes detected
k127_323967	434	No	NA	1	0	0	Not-determined	Genome-fragment	NA	NA	0.0	1.0	no viral genes detected
k127_188260	314	No	NA	1	1	0	Low-quality	Genome-fragment	0.7	AAI-based (medium-confidence)	0.0	1.0	
k127_324461	614	No	NA	1	0	0	Low-quality	Genome-fragment	1.34	AAI-based (medium-confidence)	0.0	1.0	no viral genes detected
k127_256400	479	No	NA	1	0	0	Low-quality	Genome-fragment	0.98	AAI-based (medium-confidence)	0.0	1.0	no viral genes detected
k127_52107	312	No	NA	2	0	0	Not-determined	Genome-fragment	NA	NA	0.0	1.0	no viral genes detected
k127_598235	822	No	NA	1	0	0	Low-quality	Genome-fragment	1.67	AAI-based (medium-confidence)	0.0	1.0	no viral genes detected
k127_461826	615	No	NA	1	0	0	Low-quality	Genome-fragment	1.23	AAI-based (medium-confidence)	0.0	1.0	no viral genes detected
k127_393925	619	No	NA	1	0	0	Not-determined	Genome-fragment	NA	NA	0.0	1.0	no viral genes detected
k127_667379	780	No	NA	2	0	0	Low-quality	Genome-fragment	1.54	AAI-based (medium-confidence)	0.0	1.0	no viral genes detected
k127_189613	647	No	NA	1	0	0	Not-determined	Genome-fragment	NA	NA	0.0	1.0	no viral genes detected
k127_394126	1594	No	NA	4	2	0	Low-quality	Genome-fragment	1.85	HMM-based (lower-bound)	0.0	1.0	
k127_325689	447	No	NA	2	0	0	Low-quality	Genome-fragment	1.26	AAI-based (medium-confidence)	0.0	1.0	no viral genes detected
k127_667617	485	No	NA	1	0	0	Not-determined	Genome-fragment	NA	NA	0.0	1.0	no viral genes detected
k127_667708	874	No	NA	2	0	0	Low-quality	Genome-fragment	1.67	AAI-based (high-confidence)	0.0	1.0	no viral genes detected
k127_326205	361	No	NA	1	1	0	Low-quality	Genome-fragment	0.54	HMM-based (lower-bound)	0.0	1.0	
k127_668163	398	No	NA	1	0	1	Not-determined	Genome-fragment	NA	NA	0.0	1.0	no viral genes detected
k127_463181	549	No	NA	1	0	0	Not-determined	Genome-fragment	NA	NA	0.0	1.0	no viral genes detected
k127_258559	618	No	NA	1	0	1	Not-determined	Genome-fragment	NA	NA	0.0	1.0	no viral genes detected
k127_258629	764	No	NA	1	1	0	Low-quality	Genome-fragment	1.09	HMM-based (lower-bound)	0.0	1.0	
k127_54015	921	No	NA	2	1	0	Low-quality	Genome-fragment	0.42	HMM-based (lower-bound)	0.0	1.0	
k127_600118	761	No	NA	2	1	0	Low-quality	Genome-fragment	1.73	AAI-based (medium-confidence)	0.0	1.0	
k127_191255	856	No	NA	1	0	0	Not-determined	Genome-fragment	NA	NA	0.0	1.0	no viral genes detected
k127_327196	414	No	NA	1	0	0	Low-quality	Genome-fragment	0.94	AAI-based (medium-confidence)	0.0	1.0	no viral genes detected
k127_600507	377	No	NA	1	1	0	Low-quality	Genome-fragment	0.15	HMM-based (lower-bound)	0.0	1.0	
k127_54539	426	No	NA	1	0	0	Not-determined	Genome-fragment	NA	NA	0.0	1.0	no viral genes detected
k127_191418	400	No	NA	1	0	0	Not-determined	Genome-fragment	NA	NA	0.0	1.0	no viral genes detected
k127_395951	446	No	NA	1	0	0	Low-quality	Genome-fragment	0.91	AAI-based (medium-confidence)	0.0	1.0	no viral genes detected
k127_396014	1002	No	NA	1	0	0	Low-quality	Genome-fragment	1.94	AAI-based (medium-confidence)	0.0	1.0	no viral genes detected
k127_533027	511	No	NA	1	0	1	Not-determined	Genome-fragment	NA	NA	0.0	1.0	no viral genes detected
k127_464618	343	No	NA	1	0	0	Not-determined	Genome-fragment	NA	NA	0.0	1.0	no viral genes detected
k127_55315	455	No	NA	1	1	0	Low-quality	Genome-fragment	0.69	HMM-based (lower-bound)	0.0	1.0	
k127_192303	780	No	NA	1	0	0	Not-determined	Genome-fragment	NA	NA	0.0	1.0	no viral genes detected
k127_670261	387	No	NA	1	1	0	Low-quality	Genome-fragment	0.35	HMM-based (lower-bound)	0.0	1.0	
k127_465222	1158	No	NA	2	2	0	Low-quality	Genome-fragment	1.8	HMM-based (lower-bound)	0.0	1.0	
k127_260630	463	No	NA	1	0	0	Low-quality	Genome-fragment	1.02	AAI-based (medium-confidence)	0.0	1.0	no viral genes detected
k127_534224	413	No	NA	1	0	0	Low-quality	Genome-fragment	0.72	AAI-based (medium-confidence)	0.0	1.0	no viral genes detected
k127_125594	517	No	NA	3	1	0	Low-quality	Genome-fragment	3.31	AAI-based (medium-confidence)	0.0	1.0	
k127_398336	356	No	NA	1	0	0	Not-determined	Genome-fragment	NA	NA	0.0	1.0	no viral genes detected
k127_466657	484	No	NA	1	0	0	Low-quality	Genome-fragment	1.01	AAI-based (medium-confidence)	0.0	1.0	no viral genes detected
k127_194097	311	No	NA	1	0	0	Not-determined	Genome-fragment	NA	NA	0.0	1.0	no viral genes detected
k127_57437	439	No	NA	1	0	0	Not-determined	Genome-fragment	NA	NA	0.0	1.0	no viral genes detected
k127_467055	660	No	NA	2	2	0	Low-quality	Genome-fragment	1.5	AAI-based (high-confidence)	0.0	1.0	
k127_262493	522	No	NA	1	0	0	Low-quality	Genome-fragment	0.6	AAI-based (medium-confidence)	0.0	1.0	no viral genes detected
k127_672526	482	No	NA	1	1	0	Low-quality	Genome-fragment	0.86	AAI-based (medium-confidence)	0.0	1.0	
k127_536087	312	No	NA	1	0	0	Not-determined	Genome-fragment	NA	NA	0.0	1.0	no viral genes detected
k127_399940	678	No	NA	2	0	0	Low-quality	Genome-fragment	1.66	AAI-based (medium-confidence)	0.0	1.0	no viral genes detected
k127_331497	709	No	NA	2	0	0	Not-determined	Genome-fragment	NA	NA	0.0	1.0	no viral genes detected
k127_195850	407	No	NA	1	0	0	Low-quality	Genome-fragment	0.86	AAI-based (medium-confidence)	0.0	1.0	no viral genes detected
k127_468674	370	No	NA	1	0	0	Not-determined	Genome-fragment	NA	NA	0.0	1.0	no viral genes detected
k127_196202	823	No	NA	3	0	0	Low-quality	Genome-fragment	2.04	AAI-based (medium-confidence)	0.0	1.0	no viral genes detected
k127_468934	502	No	NA	1	0	1	Not-determined	Genome-fragment	NA	NA	0.0	1.0	no viral genes detected
k127_128384	622	No	NA	1	0	1	Not-determined	Genome-fragment	NA	NA	0.0	1.0	no viral genes detected
k127_606063	411	No	NA	1	0	0	Not-determined	Genome-fragment	NA	NA	0.0	1.0	no viral genes detected
k127_59993	1099	No	NA	1	0	1	Not-determined	Genome-fragment	NA	NA	0.0	1.0	no viral genes detected
k127_333026	313	No	NA	1	0	0	Not-determined	Genome-fragment	NA	NA	0.0	1.0	no viral genes detected
k127_197215	523	No	NA	1	0	0	Low-quality	Genome-fragment	1.08	AAI-based (medium-confidence)	0.0	1.0	no viral genes detected
k127_606482	358	No	NA	1	0	0	Not-determined	Genome-fragment	NA	NA	0.0	1.0	no viral genes detected
k127_333284	1600	No	NA	1	0	0	Low-quality	Genome-fragment	3.82	AAI-based (medium-confidence)	0.0	1.0	no viral genes detected
k127_538563	444	No	NA	1	0	0	Low-quality	Genome-fragment	0.84	AAI-based (medium-confidence)	0.0	1.0	no viral genes detected
k127_130290	339	No	NA	1	0	0	Not-determined	Genome-fragment	NA	NA	0.0	1.0	no viral genes detected
k127_676195	384	No	NA	1	0	0	Low-quality	Genome-fragment	0.85	AAI-based (medium-confidence)	0.0	1.0	no viral genes detected
k127_471058	340	No	NA	1	0	0	Not-determined	Genome-fragment	NA	NA	0.0	1.0	no viral genes detected
k127_334435	406	No	NA	1	1	0	Low-quality	Genome-fragment	0.59	AAI-based (medium-confidence)	0.0	1.0	
k127_266579	674	No	NA	1	0	0	Not-determined	Genome-fragment	NA	NA	0.0	1.0	no viral genes detected
k127_539922	552	No	NA	1	0	0	Not-determined	Genome-fragment	NA	NA	0.0	1.0	no viral genes detected
k127_198791	331	No	NA	1	1	0	Low-quality	Genome-fragment	0.98	AAI-based (medium-confidence)	0.0	1.0	
k127_403291	448	No	NA	1	1	0	Low-quality	Genome-fragment	0.66	HMM-based (lower-bound)	0.0	1.0	
k127_198982	311	No	NA	1	0	0	Not-determined	Genome-fragment	NA	NA	0.0	1.0	no viral genes detected
k127_130969	352	No	NA	1	0	0	Not-determined	Genome-fragment	NA	NA	0.0	1.0	no viral genes detected
k127_267023	352	No	NA	1	1	0	Low-quality	Genome-fragment	0.81	AAI-based (medium-confidence)	0.0	1.0	
k127_335609	495	No	NA	1	0	0	Low-quality	Genome-fragment	0.88	AAI-based (medium-confidence)	0.0	1.0	no viral genes detected
k127_199690	345	No	NA	1	0	0	Not-determined	Genome-fragment	NA	NA	0.0	1.0	no viral genes detected
k127_404247	309	No	NA	1	0	0	Low-quality	Genome-fragment	0.75	AAI-based (high-confidence)	0.0	1.0	no viral genes detected
k127_131848	313	No	NA	1	1	0	Low-quality	Genome-fragment	0.42	HMM-based (lower-bound)	0.0	1.0	
k127_472833	462	No	NA	1	0	0	Not-determined	Genome-fragment	NA	NA	0.0	1.0	no viral genes detected
k127_200229	359	No	NA	1	1	0	Low-quality	Genome-fragment	0.47	HMM-based (lower-bound)	0.0	1.0	
k127_63625	512	No	NA	1	0	0	Low-quality	Genome-fragment	1.15	AAI-based (medium-confidence)	0.0	1.0	no viral genes detected
k127_473172	687	No	NA	2	1	0	Low-quality	Genome-fragment	1.42	AAI-based (medium-confidence)	0.0	1.0	
k127_336815	618	No	NA	2	0	1	Not-determined	Genome-fragment	NA	NA	0.0	1.0	no viral genes detected
k127_268810	399	No	NA	1	0	0	Low-quality	Genome-fragment	0.94	AAI-based (medium-confidence)	0.0	1.0	no viral genes detected
k127_201023	499	No	NA	1	0	0	Not-determined	Genome-fragment	NA	NA	0.0	1.0	no viral genes detected
k127_201190	627	No	NA	2	0	0	Low-quality	Genome-fragment	1.58	AAI-based (medium-confidence)	0.0	1.0	no viral genes detected
k127_133286	563	No	NA	1	0	0	Low-quality	Genome-fragment	1.01	AAI-based (medium-confidence)	0.0	1.0	no viral genes detected
k127_64615	416	No	NA	1	0	0	Not-determined	Genome-fragment	NA	NA	0.0	1.0	no viral genes detected
k127_474071	489	No	NA	1	1	0	Low-quality	Genome-fragment	0.46	AAI-based (medium-confidence)	0.0	1.0	
k127_269330	322	No	NA	1	1	0	Low-quality	Genome-fragment	0.29	HMM-based (lower-bound)	0.0	1.0	
k127_610810	387	No	NA	1	0	0	Not-determined	Genome-fragment	NA	NA	0.0	1.0	no viral genes detected
k127_133591	519	No	NA	1	1	0	Low-quality	Genome-fragment	0.94	AAI-based (medium-confidence)	0.0	1.0	
k127_337747	704	No	NA	1	1	0	Low-quality	Genome-fragment	1.29	HMM-based (lower-bound)	0.0	1.0	
k127_133765	432	No	NA	1	1	0	Low-quality	Genome-fragment	0.48	AAI-based (medium-confidence)	0.0	1.0	
k127_269658	566	No	NA	1	0	0	Low-quality	Genome-fragment	1.22	AAI-based (medium-confidence)	0.0	1.0	no viral genes detected
k127_338005	394	No	NA	1	0	0	Low-quality	Genome-fragment	0.43	AAI-based (medium-confidence)	0.0	1.0	no viral genes detected
k127_475316	786	No	NA	1	1	0	Low-quality	Genome-fragment	1.46	AAI-based (medium-confidence)	0.0	1.0	
k127_338854	698	No	NA	2	0	0	Low-quality	Genome-fragment	1.87	AAI-based (medium-confidence)	0.0	1.0	no viral genes detected
k127_135018	393	No	NA	1	0	0	Not-determined	Genome-fragment	NA	NA	0.0	1.0	no viral genes detected
k127_407895	614	No	NA	1	0	1	Not-determined	Genome-fragment	NA	NA	0.0	1.0	no viral genes detected
k127_408014	334	No	NA	1	1	0	Low-quality	Genome-fragment	0.3	HMM-based (lower-bound)	0.0	1.0	
k127_612922	318	No	NA	1	0	0	Not-determined	Genome-fragment	NA	NA	0.0	1.0	no viral genes detected
k127_203867	661	No	NA	1	1	0	Low-quality	Genome-fragment	1.23	HMM-based (lower-bound)	0.0	1.0	
k127_681734	997	No	NA	1	0	0	Low-quality	Genome-fragment	1.75	AAI-based (medium-confidence)	0.0	1.0	no viral genes detected
k127_476787	466	No	NA	1	0	0	Not-determined	Genome-fragment	NA	NA	0.0	1.0	no viral genes detected
k127_408658	361	No	NA	1	1	0	Low-quality	Genome-fragment	0.48	HMM-based (lower-bound)	0.0	1.0	
k127_136595	593	No	NA	1	0	0	Not-determined	Genome-fragment	NA	NA	0.0	1.0	no viral genes detected
