contig_id	contig_length	provirus	proviral_length	gene_count	viral_genes	host_genes	checkv_quality	miuvig_quality	completeness	completeness_method	contamination	kmer_freq	warnings
k127_517483	343	No	NA	1	0	0	Not-determined	Genome-fragment	NA	NA	0.0	1.0	no viral genes detected
k127_287558	560	No	NA	1	0	0	Not-determined	Genome-fragment	NA	NA	0.0	1.0	no viral genes detected
k127_288383	829	No	NA	1	0	0	Not-determined	Genome-fragment	NA	NA	0.0	1.0	no viral genes detected
k127_116144	517	No	NA	1	0	0	Not-determined	Genome-fragment	NA	NA	0.0	1.0	no viral genes detected
k127_403772	801	No	NA	1	0	0	Not-determined	Genome-fragment	NA	NA	0.0	1.0	no viral genes detected
k127_461442	393	No	NA	1	0	0	Not-determined	Genome-fragment	NA	NA	0.0	1.0	no viral genes detected
k127_346842	560	No	NA	1	0	0	Not-determined	Genome-fragment	NA	NA	0.0	1.0	no viral genes detected
k127_404413	496	No	NA	1	1	0	Low-quality	Genome-fragment	1.13	AAI-based (high-confidence)	0.0	1.0	
k127_59534	309	No	NA	1	0	0	Not-determined	Genome-fragment	NA	NA	0.0	1.0	no viral genes detected
k127_289510	681	No	NA	1	0	1	Not-determined	Genome-fragment	NA	NA	0.0	1.0	no viral genes detected
k127_520353	376	No	NA	1	1	0	Low-quality	Genome-fragment	0.51	HMM-based (lower-bound)	0.0	1.0	
k127_347809	445	No	NA	2	0	0	Low-quality	Genome-fragment	1.2	AAI-based (medium-confidence)	0.0	1.0	no viral genes detected
k127_175943	428	No	NA	1	1	0	Low-quality	Genome-fragment	1.35	AAI-based (high-confidence)	0.0	1.0	
k127_463638	616	No	NA	1	0	0	Not-determined	Genome-fragment	NA	NA	0.0	1.0	no viral genes detected
k127_464084	630	No	NA	1	0	0	Not-determined	Genome-fragment	NA	NA	0.0	1.0	no viral genes detected
k127_349449	326	No	NA	2	0	0	Not-determined	Genome-fragment	NA	NA	0.0	1.0	no viral genes detected
k127_407037	444	No	NA	1	0	0	Not-determined	Genome-fragment	NA	NA	0.0	1.0	no viral genes detected
k127_177220	359	No	NA	1	0	0	Low-quality	Genome-fragment	0.97	AAI-based (medium-confidence)	0.0	1.0	no viral genes detected
k127_292146	794	No	NA	2	0	0	Low-quality	Genome-fragment	1.63	AAI-based (medium-confidence)	0.0	1.0	no viral genes detected
k127_464728	340	No	NA	1	0	0	Not-determined	Genome-fragment	NA	NA	0.0	1.0	no viral genes detected
k127_62796	576	No	NA	1	0	0	Not-determined	Genome-fragment	NA	NA	0.0	1.0	no viral genes detected
k127_120774	1374	No	NA	2	0	0	Not-determined	Genome-fragment	NA	NA	0.0	1.0	no viral genes detected
k127_235800	446	No	NA	1	0	0	Not-determined	Genome-fragment	NA	NA	0.0	1.0	no viral genes detected
k127_350805	546	No	NA	1	0	1	Not-determined	Genome-fragment	NA	NA	0.0	1.0	no viral genes detected
k127_64135	310	No	NA	2	1	0	Low-quality	Genome-fragment	0.28	HMM-based (lower-bound)	0.0	1.0	
k127_6559	673	No	NA	1	0	1	Not-determined	Genome-fragment	NA	NA	0.0	1.0	no viral genes detected
k127_409403	343	No	NA	1	1	0	Low-quality	Genome-fragment	0.83	AAI-based (high-confidence)	0.0	1.0	
k127_7110	568	No	NA	2	1	0	Low-quality	Genome-fragment	0.52	HMM-based (lower-bound)	0.0	1.0	
k127_352599	403	No	NA	1	0	0	Low-quality	Genome-fragment	0.91	AAI-based (high-confidence)	0.0	1.0	no viral genes detected
k127_237975	436	No	NA	1	0	0	Not-determined	Genome-fragment	NA	NA	0.0	1.0	no viral genes detected
k127_7950	711	No	NA	1	0	0	Low-quality	Genome-fragment	1.38	AAI-based (medium-confidence)	0.0	1.0	no viral genes detected
k127_353178	422	No	NA	1	0	0	Not-determined	Genome-fragment	NA	NA	0.0	1.0	no viral genes detected
k127_238547	356	No	NA	1	0	0	Low-quality	Genome-fragment	0.25	AAI-based (medium-confidence)	0.0	1.0	no viral genes detected
k127_239927	413	No	NA	1	0	0	Not-determined	Genome-fragment	NA	NA	0.0	1.0	no viral genes detected
k127_182925	465	No	NA	1	0	0	Low-quality	Genome-fragment	0.97	AAI-based (medium-confidence)	0.0	1.0	no viral genes detected
k127_298209	562	No	NA	1	0	0	Not-determined	Genome-fragment	NA	NA	0.0	1.0	no viral genes detected
k127_470851	418	No	NA	1	0	0	Low-quality	Genome-fragment	0.89	AAI-based (medium-confidence)	0.0	1.0	no viral genes detected
k127_10968	571	No	NA	1	0	0	Not-determined	Genome-fragment	NA	NA	0.0	1.0	no viral genes detected
k127_356422	544	No	NA	1	0	0	Low-quality	Genome-fragment	1.18	AAI-based (medium-confidence)	0.0	1.0	no viral genes detected
k127_69182	430	No	NA	1	0	0	Not-determined	Genome-fragment	NA	NA	0.0	1.0	no viral genes detected
k127_11678	2941	No	NA	1	0	0	Not-determined	Genome-fragment	NA	NA	0.0	1.0	no viral genes detected
k127_356887	386	No	NA	1	1	0	Low-quality	Genome-fragment	0.98	AAI-based (medium-confidence)	0.0	1.0	
k127_357402	306	No	NA	1	0	0	Not-determined	Genome-fragment	NA	NA	0.0	1.0	no viral genes detected
k127_472912	1830	No	NA	3	2	0	Low-quality	Genome-fragment	0.89	HMM-based (lower-bound)	0.0	1.0	
k127_13150	635	No	NA	1	0	0	Low-quality	Genome-fragment	0.94	AAI-based (medium-confidence)	0.0	1.0	no viral genes detected
k127_186482	365	No	NA	1	1	0	Low-quality	Genome-fragment	1.3	AAI-based (medium-confidence)	0.0	1.0	
k127_473663	380	No	NA	1	0	0	Low-quality	Genome-fragment	0.44	AAI-based (high-confidence)	0.0	1.0	no viral genes detected
k127_416571	326	No	NA	1	0	0	Not-determined	Genome-fragment	NA	NA	0.0	1.0	no viral genes detected
k127_72509	422	No	NA	1	0	0	Low-quality	Genome-fragment	0.89	AAI-based (medium-confidence)	0.0	1.0	no viral genes detected
k127_72751	753	No	NA	1	0	0	Low-quality	Genome-fragment	0.89	AAI-based (high-confidence)	0.0	1.0	no viral genes detected
k127_474838	407	No	NA	1	0	0	Low-quality	Genome-fragment	0.92	AAI-based (medium-confidence)	0.0	1.0	no viral genes detected
k127_418784	740	No	NA	1	0	0	Not-determined	Genome-fragment	NA	NA	0.0	1.0	no viral genes detected
k127_476155	482	No	NA	1	0	0	Not-determined	Genome-fragment	NA	NA	0.0	1.0	no viral genes detected
k127_74167	325	No	NA	1	0	0	Low-quality	Genome-fragment	0.13	AAI-based (medium-confidence)	0.0	1.0	no viral genes detected
k127_534251	423	No	NA	1	0	0	Not-determined	Genome-fragment	NA	NA	0.0	1.0	no viral genes detected
k127_189600	436	No	NA	1	0	0	Low-quality	Genome-fragment	0.9	AAI-based (medium-confidence)	0.0	1.0	no viral genes detected
k127_74760	403	No	NA	1	0	0	Low-quality	Genome-fragment	0.46	AAI-based (medium-confidence)	0.0	1.0	no viral genes detected
k127_132185	414	No	NA	1	1	0	Low-quality	Genome-fragment	0.55	HMM-based (lower-bound)	0.0	1.0	
k127_75350	631	No	NA	1	0	0	Low-quality	Genome-fragment	0.47	AAI-based (medium-confidence)	0.0	1.0	no viral genes detected
k127_477646	347	No	NA	1	0	0	Not-determined	Genome-fragment	NA	NA	0.0	1.01	no viral genes detected
k127_17484	1239	No	NA	1	0	1	Low-quality	Genome-fragment	1.31	AAI-based (medium-confidence)	0.0	1.0	no viral genes detected
k127_18124	956	No	NA	2	0	0	Low-quality	Genome-fragment	1.96	AAI-based (medium-confidence)	0.0	1.0	no viral genes detected
k127_249053	900	No	NA	2	0	0	Low-quality	Genome-fragment	1.72	AAI-based (medium-confidence)	0.0	1.0	no viral genes detected
k127_536946	788	No	NA	2	0	1	Not-determined	Genome-fragment	NA	NA	0.0	1.0	no viral genes detected
k127_307106	390	No	NA	1	0	0	Low-quality	Genome-fragment	0.33	AAI-based (medium-confidence)	0.0	1.0	no viral genes detected
k127_77648	488	No	NA	1	0	0	Not-determined	Genome-fragment	NA	NA	0.0	1.0	no viral genes detected
k127_19410	955	No	NA	2	0	0	Not-determined	Genome-fragment	NA	NA	0.0	1.0	no viral genes detected
k127_19843	721	No	NA	1	0	0	Not-determined	Genome-fragment	NA	NA	0.0	1.0	no viral genes detected
k127_20419	478	No	NA	1	0	0	Not-determined	Genome-fragment	NA	NA	0.0	1.0	no viral genes detected
k127_20504	601	No	NA	1	0	0	Not-determined	Genome-fragment	NA	NA	0.0	1.0	no viral genes detected
k127_79139	504	No	NA	2	1	0	Low-quality	Genome-fragment	0.72	HMM-based (lower-bound)	0.0	1.0	
k127_308685	807	No	NA	1	0	0	Not-determined	Genome-fragment	NA	NA	0.0	1.0	no viral genes detected
k127_366526	1201	No	NA	1	0	0	Not-determined	Genome-fragment	NA	NA	0.0	1.0	no viral genes detected
k127_481293	319	No	NA	2	0	0	Not-determined	Genome-fragment	NA	NA	0.0	1.0	no viral genes detected
k127_251707	352	No	NA	1	0	0	Not-determined	Genome-fragment	NA	NA	0.0	1.0	no viral genes detected
k127_21684	468	No	NA	1	0	0	Not-determined	Genome-fragment	NA	NA	0.0	1.0	no viral genes detected
k127_252825	386	No	NA	1	0	0	Not-determined	Genome-fragment	NA	NA	0.0	1.0	no viral genes detected
k127_253038	346	No	NA	1	0	0	Not-determined	Genome-fragment	NA	NA	0.0	1.0	no viral genes detected
k127_540289	359	No	NA	1	0	0	Low-quality	Genome-fragment	0.84	AAI-based (medium-confidence)	0.0	1.0	no viral genes detected
k127_195963	557	No	NA	1	0	0	Not-determined	Genome-fragment	NA	NA	0.0	1.0	no viral genes detected
k127_22630	623	No	NA	1	0	0	Not-determined	Genome-fragment	NA	NA	0.0	1.0	no viral genes detected
k127_22977	345	No	NA	1	0	0	Low-quality	Genome-fragment	0.87	AAI-based (medium-confidence)	0.0	1.0	no viral genes detected
k127_138966	380	No	NA	1	0	0	Low-quality	Genome-fragment	0.88	AAI-based (medium-confidence)	0.0	1.0	no viral genes detected
k127_541154	459	No	NA	1	0	0	Low-quality	Genome-fragment	0.59	AAI-based (medium-confidence)	0.0	1.0	no viral genes detected
k127_82086	919	No	NA	2	0	0	Low-quality	Genome-fragment	2.04	AAI-based (medium-confidence)	0.0	1.0	no viral genes detected
k127_23683	327	No	NA	1	1	0	Low-quality	Genome-fragment	0.23	HMM-based (lower-bound)	0.0	1.0	
k127_139565	332	No	NA	1	0	0	Not-determined	Genome-fragment	NA	NA	0.0	1.0	no viral genes detected
k127_426931	686	No	NA	1	0	0	Low-quality	Genome-fragment	1.44	AAI-based (medium-confidence)	0.0	1.0	no viral genes detected
k127_484119	570	No	NA	1	0	1	Not-determined	Genome-fragment	NA	NA	0.0	1.0	no viral genes detected
k127_255972	323	No	NA	1	1	0	Low-quality	Genome-fragment	0.54	AAI-based (high-confidence)	0.0	1.0	
k127_370979	423	No	NA	1	0	1	Not-determined	Genome-fragment	NA	NA	0.0	1.0	no viral genes detected
k127_543388	647	No	NA	2	0	0	Not-determined	Genome-fragment	NA	NA	0.0	1.03	no viral genes detected
k127_199719	302	No	NA	1	1	0	Low-quality	Genome-fragment	0.42	HMM-based (lower-bound)	0.0	1.0	
k127_314304	1245	No	NA	2	0	1	Low-quality	Genome-fragment	2.36	AAI-based (high-confidence)	0.0	1.0	no viral genes detected
k127_142256	1052	No	NA	1	0	1	Not-determined	Genome-fragment	NA	NA	0.0	1.0	no viral genes detected
k127_85432	359	No	NA	1	0	0	Low-quality	Genome-fragment	0.78	AAI-based (medium-confidence)	0.0	1.0	no viral genes detected
k127_143154	423	No	NA	1	0	0	Not-determined	Genome-fragment	NA	NA	0.0	1.0	no viral genes detected
k127_545152	390	No	NA	1	0	0	Not-determined	Genome-fragment	NA	NA	0.0	1.0	no viral genes detected
k127_200970	310	No	NA	1	0	0	Not-determined	Genome-fragment	NA	NA	0.0	1.0	no viral genes detected
k127_27985	544	No	NA	1	0	0	Not-determined	Genome-fragment	NA	NA	0.0	1.0	no viral genes detected
k127_201536	332	No	NA	1	0	0	Low-quality	Genome-fragment	0.77	AAI-based (medium-confidence)	0.0	1.0	no viral genes detected
k127_431570	401	No	NA	1	0	0	Low-quality	Genome-fragment	0.88	AAI-based (medium-confidence)	0.0	1.0	no viral genes detected
k127_432014	512	No	NA	1	0	0	Not-determined	Genome-fragment	NA	NA	0.0	1.0	no viral genes detected
k127_259554	367	No	NA	1	0	0	Low-quality	Genome-fragment	0.87	AAI-based (medium-confidence)	0.0	1.0	no viral genes detected
k127_317114	343	No	NA	1	1	0	Low-quality	Genome-fragment	0.49	HMM-based (lower-bound)	0.0	1.0	
k127_260879	316	No	NA	1	0	0	Not-determined	Genome-fragment	NA	NA	0.0	1.0	no viral genes detected
k127_375918	543	No	NA	1	0	0	Low-quality	Genome-fragment	1.12	AAI-based (medium-confidence)	0.0	1.0	no viral genes detected
k127_32321	531	No	NA	1	1	0	Low-quality	Genome-fragment	0.99	HMM-based (lower-bound)	0.0	1.0	
k127_378150	441	No	NA	1	0	0	Not-determined	Genome-fragment	NA	NA	0.0	1.0	no viral genes detected
k127_493192	599	No	NA	1	0	0	Low-quality	Genome-fragment	1.24	AAI-based (medium-confidence)	0.0	1.0	no viral genes detected
k127_207117	358	No	NA	1	0	0	Not-determined	Genome-fragment	NA	NA	0.0	1.0	no viral genes detected
k127_207365	385	No	NA	2	1	0	Low-quality	Genome-fragment	0.49	HMM-based (lower-bound)	0.0	1.0	
k127_34671	1410	No	NA	2	0	0	Not-determined	Genome-fragment	NA	NA	0.0	1.0	no viral genes detected
k127_494789	349	No	NA	1	0	0	Low-quality	Genome-fragment	0.76	AAI-based (high-confidence)	0.0	1.0	no viral genes detected
k127_437836	330	No	NA	1	0	0	Not-determined	Genome-fragment	NA	NA	0.0	1.0	no viral genes detected
k127_380304	1741	No	NA	3	0	1	Low-quality	Genome-fragment	3.46	AAI-based (medium-confidence)	0.0	1.0	no viral genes detected
k127_208691	811	No	NA	1	0	0	Not-determined	Genome-fragment	NA	NA	0.0	1.0	no viral genes detected
k127_495679	309	No	NA	1	1	0	Low-quality	Genome-fragment	0.36	HMM-based (lower-bound)	0.0	1.0	
k127_438984	397	No	NA	1	0	0	Not-determined	Genome-fragment	NA	NA	0.0	1.0	no viral genes detected
k127_209620	559	No	NA	1	0	0	Not-determined	Genome-fragment	NA	NA	0.0	1.0	no viral genes detected
k127_36446	316	No	NA	1	0	0	Not-determined	Genome-fragment	NA	NA	0.0	1.0	no viral genes detected
k127_554001	530	No	NA	1	0	0	Low-quality	Genome-fragment	1.09	AAI-based (medium-confidence)	0.0	1.0	no viral genes detected
k127_152479	436	No	NA	1	0	0	Not-determined	Genome-fragment	NA	NA	0.0	1.0	no viral genes detected
k127_325407	884	No	NA	1	0	0	Not-determined	Genome-fragment	NA	NA	0.0	1.01	no viral genes detected
k127_211119	571	No	NA	1	0	0	Not-determined	Genome-fragment	NA	NA	0.0	1.0	no viral genes detected
k127_37814	342	No	NA	1	0	0	Not-determined	Genome-fragment	NA	NA	0.0	1.0	no viral genes detected
k127_555350	631	No	NA	1	0	1	Not-determined	Genome-fragment	NA	NA	0.0	1.0	no viral genes detected
k127_268431	3339	No	NA	3	0	0	Not-determined	Genome-fragment	NA	NA	0.0	1.0	no viral genes detected
k127_441284	330	No	NA	2	1	0	Low-quality	Genome-fragment	0.47	HMM-based (lower-bound)	0.0	1.0	
k127_326427	345	No	NA	1	0	0	Not-determined	Genome-fragment	NA	NA	0.0	1.0	no viral genes detected
k127_556952	914	No	NA	1	0	0	Not-determined	Genome-fragment	NA	NA	0.0	1.0	no viral genes detected
k127_384714	681	No	NA	2	0	0	Not-determined	Genome-fragment	NA	NA	0.0	1.0	no viral genes detected
k127_98103	327	No	NA	1	0	0	Not-determined	Genome-fragment	NA	NA	0.0	1.0	no viral genes detected
k127_213221	540	No	NA	1	0	0	Not-determined	Genome-fragment	NA	NA	0.0	1.0	no viral genes detected
k127_213328	424	No	NA	1	0	0	Low-quality	Genome-fragment	0.96	AAI-based (medium-confidence)	0.0	1.0	no viral genes detected
k127_557766	323	No	NA	1	0	1	Not-determined	Genome-fragment	NA	NA	0.0	1.0	no viral genes detected
k127_558034	508	No	NA	1	0	0	Low-quality	Genome-fragment	0.38	AAI-based (medium-confidence)	0.0	1.0	no viral genes detected
k127_558274	325	No	NA	1	0	0	Low-quality	Genome-fragment	0.36	AAI-based (high-confidence)	0.0	1.0	no viral genes detected
k127_558659	612	No	NA	1	0	0	Low-quality	Genome-fragment	1.04	AAI-based (medium-confidence)	0.0	1.0	no viral genes detected
k127_272313	335	No	NA	1	0	0	Low-quality	Genome-fragment	0.56	AAI-based (high-confidence)	0.0	1.0	no viral genes detected
k127_100762	1005	No	NA	2	1	0	Low-quality	Genome-fragment	2.39	AAI-based (medium-confidence)	0.0	1.0	
k127_330383	327	No	NA	1	1	0	Low-quality	Genome-fragment	0.29	HMM-based (lower-bound)	0.0	1.0	
k127_502892	315	No	NA	1	1	0	Low-quality	Genome-fragment	0.19	HMM-based (lower-bound)	0.0	1.0	
k127_331007	354	No	NA	1	0	0	Not-determined	Genome-fragment	NA	NA	0.0	1.0	no viral genes detected
k127_216720	433	No	NA	1	0	0	Low-quality	Genome-fragment	0.96	AAI-based (medium-confidence)	0.0	1.0	no viral genes detected
k127_560844	308	No	NA	1	0	0	Low-quality	Genome-fragment	0.69	AAI-based (medium-confidence)	0.0	1.0	no viral genes detected
k127_503813	1001	No	NA	1	0	1	Not-determined	Genome-fragment	NA	NA	0.0	1.0	no viral genes detected
k127_331841	466	No	NA	2	0	0	Not-determined	Genome-fragment	NA	NA	0.0	1.0	no viral genes detected
k127_44581	324	No	NA	1	0	0	Low-quality	Genome-fragment	0.75	AAI-based (high-confidence)	0.0	1.0	no viral genes detected
k127_561904	372	No	NA	1	0	0	Not-determined	Genome-fragment	NA	NA	0.0	1.0	no viral genes detected
k127_333990	371	No	NA	1	0	0	Not-determined	Genome-fragment	NA	NA	0.0	1.0	no viral genes detected
k127_276390	561	No	NA	1	0	0	Not-determined	Genome-fragment	NA	NA	0.0	1.0	no viral genes detected
k127_506469	439	No	NA	1	0	1	Not-determined	Genome-fragment	NA	NA	0.0	1.0	no viral genes detected
k127_276740	429	No	NA	1	0	0	Low-quality	Genome-fragment	0.86	AAI-based (medium-confidence)	0.0	1.0	no viral genes detected
k127_220093	303	No	NA	1	0	0	Low-quality	Genome-fragment	0.75	AAI-based (high-confidence)	0.0	1.0	no viral genes detected
k127_334504	809	No	NA	1	0	1	Not-determined	Genome-fragment	NA	NA	0.0	1.0	no viral genes detected
k127_162064	838	No	NA	1	0	0	Low-quality	Genome-fragment	1.47	AAI-based (high-confidence)	0.0	1.0	no viral genes detected
k127_564331	642	No	NA	1	0	0	Not-determined	Genome-fragment	NA	NA	0.0	1.0	no viral genes detected
k127_162649	1153	No	NA	1	0	0	Low-quality	Genome-fragment	2.22	AAI-based (medium-confidence)	0.0	1.0	no viral genes detected
k127_47385	312	No	NA	1	0	0	Not-determined	Genome-fragment	NA	NA	0.0	1.0	no viral genes detected
k127_392709	514	No	NA	1	1	0	Low-quality	Genome-fragment	0.77	HMM-based (lower-bound)	0.0	1.0	
k127_393067	327	No	NA	1	0	0	Not-determined	Genome-fragment	NA	NA	0.0	1.0	no viral genes detected
k127_508156	1016	No	NA	1	0	0	Not-determined	Genome-fragment	NA	NA	0.0	1.0	no viral genes detected
k127_49221	339	No	NA	1	0	0	Not-determined	Genome-fragment	NA	NA	0.0	1.0	no viral genes detected
k127_566937	460	No	NA	1	1	0	Low-quality	Genome-fragment	0.9	AAI-based (medium-confidence)	0.0	1.0	
k127_49689	868	No	NA	1	0	0	Not-determined	Genome-fragment	NA	NA	0.0	1.0	no viral genes detected
k127_109439	662	No	NA	1	0	0	Not-determined	Genome-fragment	NA	NA	0.0	1.0	no viral genes detected
k127_224374	456	No	NA	1	0	0	Not-determined	Genome-fragment	NA	NA	0.0	1.0	no viral genes detected
k127_338985	390	No	NA	1	0	0	Not-determined	Genome-fragment	NA	NA	0.0	1.0	no viral genes detected
k127_224839	612	No	NA	1	0	0	Not-determined	Genome-fragment	NA	NA	0.0	1.0	no viral genes detected
k127_282259	1510	No	NA	2	0	0	Not-determined	Genome-fragment	NA	NA	0.0	1.0	no viral genes detected
k127_569586	643	No	NA	1	0	0	Not-determined	Genome-fragment	NA	NA	0.0	1.0	no viral genes detected
k127_340265	911	No	NA	1	0	1	Not-determined	Genome-fragment	NA	NA	0.0	1.0	no viral genes detected
k127_282482	508	No	NA	1	0	0	Not-determined	Genome-fragment	NA	NA	0.0	1.0	no viral genes detected
k127_283221	311	No	NA	1	0	0	Not-determined	Genome-fragment	NA	NA	0.0	1.0	no viral genes detected
k127_341273	777	No	NA	1	0	0	Low-quality	Genome-fragment	1.5	AAI-based (medium-confidence)	0.0	1.0	no viral genes detected
k127_398653	460	No	NA	1	0	0	Not-determined	Genome-fragment	NA	NA	0.0	1.0	no viral genes detected
k127_456095	305	No	NA	1	0	0	Not-determined	Genome-fragment	NA	NA	0.0	1.0	no viral genes detected
k127_227142	465	No	NA	2	0	0	Not-determined	Genome-fragment	NA	NA	0.0	1.0	no viral genes detected
k127_227144	314	No	NA	1	0	0	Not-determined	Genome-fragment	NA	NA	0.0	1.0	no viral genes detected
k127_227178	692	No	NA	2	0	0	Not-determined	Genome-fragment	NA	NA	0.0	1.0	no viral genes detected
k127_513749	1628	No	NA	2	0	1	Not-determined	Genome-fragment	NA	NA	0.0	1.0	no viral genes detected
k127_456367	355	No	NA	1	0	0	Low-quality	Genome-fragment	0.81	AAI-based (high-confidence)	0.0	1.0	no viral genes detected
k127_284040	451	No	NA	1	0	0	Not-determined	Genome-fragment	NA	NA	0.0	1.0	no viral genes detected
k127_112810	303	No	NA	1	0	0	Not-determined	Genome-fragment	NA	NA	0.0	1.0	no viral genes detected
k127_572545	1194	No	NA	1	0	0	Not-determined	Genome-fragment	NA	NA	0.0	1.0	no viral genes detected
k127_113946	456	No	NA	1	0	0	Not-determined	Genome-fragment	NA	NA	0.0	1.0	no viral genes detected
k127_114048	321	No	NA	1	0	0	Low-quality	Genome-fragment	0.37	AAI-based (high-confidence)	0.0	1.0	no viral genes detected
k127_56421	413	No	NA	1	0	0	Low-quality	Genome-fragment	0.87	AAI-based (medium-confidence)	0.0	1.0	no viral genes detected
k127_172021	650	No	NA	2	2	0	Low-quality	Genome-fragment	1.72	AAI-based (medium-confidence)	0.0	1.0	
k127_402065	545	No	NA	1	0	1	Not-determined	Genome-fragment	NA	NA	0.0	1.0	no viral genes detected
k127_56862	399	No	NA	1	0	0	Low-quality	Genome-fragment	0.9	AAI-based (high-confidence)	0.0	1.0	no viral genes detected
k127_574453	5513	No	NA	8	8	0	Complete	High-quality	100.0	DTR (high-confidence)	0.0	1.02	
