contig_id	contig_length	provirus	proviral_length	gene_count	viral_genes	host_genes	checkv_quality	miuvig_quality	completeness	completeness_method	contamination	kmer_freq	warnings
k127_595775	424	No	NA	1	0	1	Not-determined	Genome-fragment	NA	NA	0.0	1.0	no viral genes detected
k127_595823	773	No	NA	1	0	0	Not-determined	Genome-fragment	NA	NA	0.0	1.0	no viral genes detected
k127_595837	563	No	NA	1	1	0	Low-quality	Genome-fragment	0.46	HMM-based (lower-bound)	0.0	1.0	
k127_224090	511	No	NA	1	0	0	Low-quality	Genome-fragment	0.98	AAI-based (medium-confidence)	0.0	1.0	no viral genes detected
k127_224171	327	No	NA	1	0	0	Low-quality	Genome-fragment	0.9	AAI-based (high-confidence)	0.0	1.0	no viral genes detected
k127_670744	518	No	NA	1	0	0	Low-quality	Genome-fragment	1.14	AAI-based (medium-confidence)	0.0	1.0	no viral genes detected
k127_150187	671	No	NA	1	0	0	Not-determined	Genome-fragment	NA	NA	0.0	1.0	no viral genes detected
k127_522640	539	No	NA	2	0	0	Low-quality	Genome-fragment	1.29	AAI-based (medium-confidence)	0.0	1.0	no viral genes detected
k127_522918	442	No	NA	1	0	0	Not-determined	Genome-fragment	NA	NA	0.0	1.0	no viral genes detected
k127_76569	621	No	NA	1	0	0	Not-determined	Genome-fragment	NA	NA	0.0	1.0	no viral genes detected
k127_374168	337	No	NA	1	0	0	Low-quality	Genome-fragment	0.95	AAI-based (medium-confidence)	0.0	1.0	no viral genes detected
k127_151228	322	No	NA	1	1	0	Low-quality	Genome-fragment	0.26	HMM-based (lower-bound)	0.0	1.0	
k127_523326	814	No	NA	2	1	0	Low-quality	Genome-fragment	0.36	HMM-based (lower-bound)	0.0	1.0	
k127_226236	503	No	NA	2	0	0	Not-determined	Genome-fragment	NA	NA	0.0	1.0	no viral genes detected
k127_77766	571	No	NA	1	0	0	Not-determined	Genome-fragment	NA	NA	0.0	1.0	no viral genes detected
k127_227049	530	No	NA	1	0	0	Low-quality	Genome-fragment	1.43	AAI-based (medium-confidence)	0.0	1.0	no viral genes detected
k127_78321	304	No	NA	1	0	0	Not-determined	Genome-fragment	NA	NA	0.0	1.0	no viral genes detected
k127_450484	343	No	NA	1	0	0	Low-quality	Genome-fragment	0.8	AAI-based (high-confidence)	0.0	1.0	no viral genes detected
k127_376076	1664	No	NA	2	0	1	Not-determined	Genome-fragment	NA	NA	0.0	1.0	no viral genes detected
k127_450846	322	No	NA	1	0	0	Not-determined	Genome-fragment	NA	NA	0.0	1.0	no viral genes detected
k127_228146	567	No	NA	1	1	0	Low-quality	Genome-fragment	1.24	HMM-based (lower-bound)	0.0	1.0	
k127_302657	576	No	NA	1	0	1	Low-quality	Genome-fragment	1.14	AAI-based (medium-confidence)	0.0	1.0	no viral genes detected
k127_600117	420	No	NA	1	1	0	Low-quality	Genome-fragment	0.34	HMM-based (lower-bound)	0.0	1.0	
k127_153982	335	No	NA	1	0	0	Low-quality	Genome-fragment	0.75	AAI-based (medium-confidence)	0.0	1.0	no viral genes detected
k127_674874	383	No	NA	1	0	0	Low-quality	Genome-fragment	0.92	AAI-based (medium-confidence)	0.0	1.0	no viral genes detected
k127_154138	364	No	NA	1	0	0	Not-determined	Genome-fragment	NA	NA	0.0	1.0	no viral genes detected
k127_377415	471	No	NA	1	0	0	Not-determined	Genome-fragment	NA	NA	0.0	1.0	no viral genes detected
k127_304548	313	No	NA	1	0	0	Not-determined	Genome-fragment	NA	NA	0.0	1.0	no viral genes detected
k127_155923	563	No	NA	1	0	0	Not-determined	Genome-fragment	NA	NA	0.0	1.0	no viral genes detected
k127_453638	307	No	NA	1	0	0	Not-determined	Genome-fragment	NA	NA	0.0	1.0	no viral genes detected
k127_677103	346	No	NA	1	0	0	Not-determined	Genome-fragment	NA	NA	0.0	1.0	no viral genes detected
k127_305004	444	No	NA	1	0	0	Low-quality	Genome-fragment	1.03	AAI-based (high-confidence)	0.0	1.0	no viral genes detected
k127_81954	383	No	NA	1	0	0	Not-determined	Genome-fragment	NA	NA	0.0	1.0	no viral genes detected
k127_82113	355	No	NA	1	0	0	Low-quality	Genome-fragment	0.78	AAI-based (medium-confidence)	0.0	1.0	no viral genes detected
k127_82483	2718	No	NA	2	0	1	Not-determined	Genome-fragment	NA	NA	0.0	1.0	no viral genes detected
k127_157072	581	No	NA	1	0	0	Low-quality	Genome-fragment	1.03	AAI-based (medium-confidence)	0.0	1.0	no viral genes detected
k127_7847	325	No	NA	1	1	0	Low-quality	Genome-fragment	0.3	HMM-based (lower-bound)	0.0	1.0	
k127_454810	465	No	NA	1	0	0	Not-determined	Genome-fragment	NA	NA	0.0	1.0	no viral genes detected
k127_8172	880	No	NA	2	0	0	Not-determined	Genome-fragment	NA	NA	0.0	1.0	no viral genes detected
k127_455353	471	No	NA	1	0	0	Not-determined	Genome-fragment	NA	NA	0.0	1.0	no viral genes detected
k127_678552	1482	No	NA	2	0	0	Not-determined	Genome-fragment	NA	NA	0.0	1.0	no viral genes detected
k127_232769	477	No	NA	2	0	0	Low-quality	Genome-fragment	1.1	AAI-based (medium-confidence)	0.0	1.0	no viral genes detected
k127_159300	333	No	NA	1	0	0	Not-determined	Genome-fragment	NA	NA	0.0	1.0	no viral genes detected
k127_10134	515	No	NA	1	0	0	Not-determined	Genome-fragment	NA	NA	0.0	1.0	no viral genes detected
k127_234050	503	No	NA	1	0	1	Not-determined	Genome-fragment	NA	NA	0.0	1.0	no viral genes detected
k127_10532	630	No	NA	1	0	0	Not-determined	Genome-fragment	NA	NA	0.0	1.0	no viral genes detected
k127_531695	320	No	NA	1	0	0	Not-determined	Genome-fragment	NA	NA	0.0	1.0	no viral genes detected
k127_10581	2825	No	NA	2	0	1	Not-determined	Genome-fragment	NA	NA	0.0	1.0	no viral genes detected
k127_308930	389	No	NA	2	0	0	Not-determined	Genome-fragment	NA	NA	0.0	1.0	no viral genes detected
k127_85735	377	No	NA	1	0	0	Low-quality	Genome-fragment	0.75	AAI-based (medium-confidence)	0.0	1.0	no viral genes detected
k127_235063	4698	No	NA	3	0	0	Not-determined	Genome-fragment	NA	NA	0.0	1.0	no viral genes detected
k127_532615	389	No	NA	1	0	0	Low-quality	Genome-fragment	0.28	AAI-based (medium-confidence)	0.0	1.0	no viral genes detected
k127_458665	335	No	NA	1	0	0	Not-determined	Genome-fragment	NA	NA	0.0	1.0	no viral genes detected
k127_235539	1991	No	NA	1	1	0	Low-quality	Genome-fragment	3.54	AAI-based (medium-confidence)	0.0	1.0	
k127_383834	867	No	NA	1	0	0	Low-quality	Genome-fragment	1.65	AAI-based (medium-confidence)	0.0	1.0	no viral genes detected
k127_86769	327	No	NA	1	0	0	Low-quality	Genome-fragment	0.76	AAI-based (high-confidence)	0.0	1.0	no viral genes detected
k127_459052	375	No	NA	1	0	0	Not-determined	Genome-fragment	NA	NA	0.0	1.0	no viral genes detected
k127_384308	959	No	NA	1	0	0	Low-quality	Genome-fragment	1.83	AAI-based (medium-confidence)	0.0	1.0	no viral genes detected
k127_161832	1011	No	NA	2	0	0	Not-determined	Genome-fragment	NA	NA	0.0	1.0	no viral genes detected
k127_682785	680	No	NA	2	0	1	Not-determined	Genome-fragment	NA	NA	0.0	1.0	no viral genes detected
k127_162213	4348	No	NA	4	0	3	Not-determined	Genome-fragment	NA	NA	0.0	1.01	no viral genes detected
k127_87877	365	No	NA	2	0	0	Not-determined	Genome-fragment	NA	NA	0.0	1.0	no viral genes detected
k127_162814	356	No	NA	1	0	0	Not-determined	Genome-fragment	NA	NA	0.0	1.0	no viral genes detected
k127_535333	410	No	NA	1	1	0	Low-quality	Genome-fragment	0.76	HMM-based (lower-bound)	0.0	1.0	
k127_313071	334	No	NA	2	0	0	Not-determined	Genome-fragment	NA	NA	0.0	1.0	no viral genes detected
k127_387018	309	No	NA	1	0	0	Low-quality	Genome-fragment	0.75	AAI-based (medium-confidence)	0.0	1.0	no viral genes detected
k127_14891	585	No	NA	1	0	1	Not-determined	Genome-fragment	NA	NA	0.0	1.0	no viral genes detected
k127_685536	513	No	NA	1	1	0	Low-quality	Genome-fragment	1.23	AAI-based (medium-confidence)	0.0	1.0	
k127_164664	378	No	NA	1	0	0	Low-quality	Genome-fragment	0.55	AAI-based (medium-confidence)	0.0	1.0	no viral genes detected
k127_610467	854	No	NA	1	0	0	Low-quality	Genome-fragment	1.64	AAI-based (medium-confidence)	0.0	1.0	no viral genes detected
k127_314067	375	No	NA	1	1	0	Low-quality	Genome-fragment	0.31	HMM-based (lower-bound)	0.0	1.0	
k127_166056	325	No	NA	2	1	0	Low-quality	Genome-fragment	0.57	HMM-based (lower-bound)	0.0	1.0	
k127_463652	1335	No	NA	3	1	0	Low-quality	Genome-fragment	0.65	HMM-based (lower-bound)	0.0	1.0	
k127_240541	508	No	NA	1	0	0	Not-determined	Genome-fragment	NA	NA	0.0	1.0	no viral genes detected
k127_388803	1015	No	NA	2	0	0	Not-determined	Genome-fragment	NA	NA	0.0	1.0	no viral genes detected
k127_91703	3029	No	NA	1	0	1	Low-quality	Genome-fragment	4.89	AAI-based (high-confidence)	0.0	1.0	no viral genes detected
k127_464042	826	No	NA	1	0	0	Not-determined	Genome-fragment	NA	NA	0.0	1.0	no viral genes detected
k127_538883	644	No	NA	1	1	0	Low-quality	Genome-fragment	1.59	AAI-based (medium-confidence)	0.0	1.0	
k127_241304	349	No	NA	1	0	0	Low-quality	Genome-fragment	0.85	AAI-based (high-confidence)	0.0	1.0	no viral genes detected
k127_17638	370	No	NA	1	0	1	Low-quality	Genome-fragment	0.25	AAI-based (medium-confidence)	0.0	1.0	no viral genes detected
k127_539151	1255	No	NA	2	0	0	Not-determined	Genome-fragment	NA	NA	0.0	1.0	no viral genes detected
k127_17834	742	No	NA	1	0	0	Not-determined	Genome-fragment	NA	NA	0.0	1.0	no viral genes detected
k127_390079	354	No	NA	1	0	0	Low-quality	Genome-fragment	0.86	AAI-based (high-confidence)	0.0	1.0	no viral genes detected
k127_18372	301	No	NA	1	0	0	Not-determined	Genome-fragment	NA	NA	0.0	1.0	no viral genes detected
k127_242607	343	No	NA	1	0	0	Low-quality	Genome-fragment	0.25	AAI-based (medium-confidence)	0.0	1.0	no viral genes detected
k127_317006	507	No	NA	1	1	0	Low-quality	Genome-fragment	0.76	HMM-based (lower-bound)	0.0	1.0	
k127_94289	376	No	NA	1	0	0	Not-determined	Genome-fragment	NA	NA	0.0	1.0	no viral genes detected
k127_614747	679	No	NA	2	2	0	Low-quality	Genome-fragment	1.26	HMM-based (lower-bound)	0.0	1.0	
k127_169286	585	No	NA	1	0	0	Not-determined	Genome-fragment	NA	NA	0.0	1.0	no viral genes detected
k127_169468	381	No	NA	1	0	0	Low-quality	Genome-fragment	0.92	AAI-based (medium-confidence)	0.0	1.0	no viral genes detected
k127_169482	792	No	NA	1	0	0	Not-determined	Genome-fragment	NA	NA	0.0	1.0	no viral genes detected
k127_541221	555	No	NA	1	0	0	Not-determined	Genome-fragment	NA	NA	0.0	1.0	no viral genes detected
k127_615121	1068	No	NA	3	1	0	Low-quality	Genome-fragment	1.97	AAI-based (medium-confidence)	0.0	1.0	
k127_318673	1340	No	NA	3	0	1	Not-determined	Genome-fragment	NA	NA	0.0	1.0	no viral genes detected
k127_318744	467	No	NA	1	0	0	Low-quality	Genome-fragment	0.96	AAI-based (medium-confidence)	0.0	1.0	no viral genes detected
k127_171023	702	No	NA	2	0	0	Low-quality	Genome-fragment	1.42	AAI-based (medium-confidence)	0.0	1.0	no viral genes detected
k127_617012	383	No	NA	1	0	0	Low-quality	Genome-fragment	0.92	AAI-based (medium-confidence)	0.0	1.0	no viral genes detected
k127_691876	527	No	NA	1	0	0	Not-determined	Genome-fragment	NA	NA	0.0	1.0	no viral genes detected
k127_21560	307	No	NA	1	0	0	Low-quality	Genome-fragment	0.72	AAI-based (medium-confidence)	0.0	1.0	no viral genes detected
k127_245489	543	No	NA	1	1	0	Low-quality	Genome-fragment	0.37	HMM-based (lower-bound)	0.0	1.0	
k127_617638	333	No	NA	1	1	0	Low-quality	Genome-fragment	0.44	HMM-based (lower-bound)	0.0	1.0	
k127_320784	341	No	NA	1	0	0	Not-determined	Genome-fragment	NA	NA	0.0	1.0	no viral genes detected
k127_321355	529	No	NA	1	1	0	Low-quality	Genome-fragment	0.61	HMM-based (lower-bound)	0.0	1.0	
k127_470288	1250	No	NA	1	0	0	Not-determined	Genome-fragment	NA	NA	0.0	1.0	no viral genes detected
k127_98203	1942	No	NA	2	0	1	Not-determined	Genome-fragment	NA	NA	0.0	1.0	no viral genes detected
k127_321904	1452	No	NA	1	0	1	Not-determined	Genome-fragment	NA	NA	0.0	1.0	no viral genes detected
k127_395611	500	No	NA	1	1	0	Low-quality	Genome-fragment	1.44	AAI-based (medium-confidence)	0.0	1.0	
k127_322043	401	No	NA	2	0	0	Not-determined	Genome-fragment	NA	NA	0.0	1.0	no viral genes detected
k127_173705	1747	No	NA	3	0	0	Low-quality	Genome-fragment	3.15	AAI-based (medium-confidence)	0.0	1.0	no viral genes detected
k127_545704	1142	No	NA	2	0	0	Not-determined	Genome-fragment	NA	NA	0.0	1.0	no viral genes detected
k127_99798	1553	No	NA	3	0	0	Not-determined	Genome-fragment	NA	NA	0.0	1.0	no viral genes detected
k127_25312	961	No	NA	2	0	0	Low-quality	Genome-fragment	2.34	AAI-based (medium-confidence)	0.0	1.0	no viral genes detected
k127_472459	407	No	NA	1	0	0	Not-determined	Genome-fragment	NA	NA	0.0	1.0	no viral genes detected
k127_323864	319	No	NA	1	0	0	Low-quality	Genome-fragment	0.59	AAI-based (medium-confidence)	0.0	1.0	no viral genes detected
k127_695691	690	No	NA	1	1	0	Low-quality	Genome-fragment	0.97	AAI-based (medium-confidence)	0.0	1.0	
k127_176821	397	No	NA	2	0	0	Low-quality	Genome-fragment	0.93	AAI-based (medium-confidence)	0.0	1.0	no viral genes detected
k127_473996	645	No	NA	1	0	0	Not-determined	Genome-fragment	NA	NA	0.0	1.0	no viral genes detected
k127_548855	329	No	NA	2	1	0	Low-quality	Genome-fragment	0.6	HMM-based (lower-bound)	0.0	1.0	
k127_251967	4334	No	NA	7	1	0	Low-quality	Genome-fragment	8.94	AAI-based (medium-confidence)	0.0	1.0	
k127_178063	550	No	NA	1	0	0	Low-quality	Genome-fragment	1.06	AAI-based (medium-confidence)	0.0	1.0	no viral genes detected
k127_549768	324	No	NA	1	0	0	Not-determined	Genome-fragment	NA	NA	0.0	1.0	no viral genes detected
k127_475391	1198	No	NA	1	0	0	Not-determined	Genome-fragment	NA	NA	0.0	1.0	no viral genes detected
k127_28230	329	No	NA	1	0	0	Not-determined	Genome-fragment	NA	NA	0.0	1.0	no viral genes detected
k127_252565	615	No	NA	1	0	0	Not-determined	Genome-fragment	NA	NA	0.0	1.0	no viral genes detected
k127_252720	733	No	NA	2	0	0	Low-quality	Genome-fragment	1.49	AAI-based (medium-confidence)	0.0	1.0	no viral genes detected
k127_103819	331	No	NA	1	0	0	Low-quality	Genome-fragment	0.79	AAI-based (medium-confidence)	0.0	1.0	no viral genes detected
k127_550737	325	No	NA	1	1	0	Low-quality	Genome-fragment	0.29	HMM-based (lower-bound)	0.0	1.0	
k127_253231	689	No	NA	1	0	0	Low-quality	Genome-fragment	1.43	AAI-based (medium-confidence)	0.0	1.0	no viral genes detected
k127_550957	526	No	NA	1	0	0	Not-determined	Genome-fragment	NA	NA	0.0	1.0	no viral genes detected
k127_550984	506	No	NA	1	0	0	Low-quality	Genome-fragment	0.95	AAI-based (medium-confidence)	0.0	1.0	no viral genes detected
k127_551141	646	No	NA	1	0	0	Not-determined	Genome-fragment	NA	NA	0.0	1.0	no viral genes detected
k127_179569	623	No	NA	2	0	0	Not-determined	Genome-fragment	NA	NA	0.0	1.0	no viral genes detected
k127_30392	351	No	NA	1	0	0	Low-quality	Genome-fragment	0.71	AAI-based (medium-confidence)	0.0	1.0	no viral genes detected
k127_105945	496	No	NA	1	0	0	Not-determined	Genome-fragment	NA	NA	0.0	1.0	no viral genes detected
k127_403247	324	No	NA	1	0	0	Low-quality	Genome-fragment	0.71	AAI-based (medium-confidence)	0.0	1.0	no viral genes detected
k127_403855	1015	No	NA	1	0	0	Not-determined	Genome-fragment	NA	NA	0.0	1.0	no viral genes detected
k127_330493	393	No	NA	1	0	0	Not-determined	Genome-fragment	NA	NA	0.0	1.0	no viral genes detected
k127_479228	346	No	NA	1	0	0	Low-quality	Genome-fragment	0.34	AAI-based (medium-confidence)	0.0	1.0	no viral genes detected
k127_702351	539	No	NA	1	0	1	Low-quality	Genome-fragment	0.97	AAI-based (medium-confidence)	0.0	1.0	no viral genes detected
k127_479564	477	No	NA	1	0	0	Low-quality	Genome-fragment	1.06	AAI-based (medium-confidence)	0.0	1.0	no viral genes detected
k127_32707	429	No	NA	1	0	0	Low-quality	Genome-fragment	0.99	AAI-based (medium-confidence)	0.0	1.0	no viral genes detected
k127_554889	392	No	NA	2	1	0	Low-quality	Genome-fragment	0.57	HMM-based (lower-bound)	0.0	1.0	
k127_258198	1428	No	NA	1	0	0	Not-determined	Genome-fragment	NA	NA	0.0	1.0	no viral genes detected
k127_704681	1497	No	NA	1	0	0	Not-determined	Genome-fragment	NA	NA	0.0	1.0	no viral genes detected
k127_704828	916	No	NA	1	0	1	Not-determined	Genome-fragment	NA	NA	0.0	1.0	no viral genes detected
k127_109823	571	No	NA	1	1	0	Low-quality	Genome-fragment	0.53	HMM-based (lower-bound)	0.0	1.0	
k127_705300	3500	No	NA	2	0	1	Not-determined	Genome-fragment	NA	NA	0.0	1.0	no viral genes detected
k127_407744	1017	No	NA	1	0	0	Low-quality	Genome-fragment	1.95	AAI-based (high-confidence)	0.0	1.0	no viral genes detected
k127_335071	310	No	NA	1	0	0	Not-determined	Genome-fragment	NA	NA	0.0	1.0	no viral genes detected
k127_706988	354	No	NA	1	1	0	Low-quality	Genome-fragment	0.61	HMM-based (lower-bound)	0.0	1.0	
k127_632529	307	No	NA	1	0	0	Low-quality	Genome-fragment	0.5	AAI-based (medium-confidence)	0.0	1.0	no viral genes detected
k127_112308	390	No	NA	1	0	0	Not-determined	Genome-fragment	NA	NA	0.0	1.0	no viral genes detected
k127_707692	343	No	NA	1	0	0	Not-determined	Genome-fragment	NA	NA	0.0	1.0	no viral genes detected
k127_262303	305	No	NA	1	0	0	Not-determined	Genome-fragment	NA	NA	0.0	1.0	no viral genes detected
k127_112872	715	No	NA	1	0	0	Low-quality	Genome-fragment	1.35	AAI-based (medium-confidence)	0.0	1.0	no viral genes detected
k127_113532	352	No	NA	1	0	0	Not-determined	Genome-fragment	NA	NA	0.0	1.0	no viral genes detected
k127_411402	316	No	NA	1	0	0	Not-determined	Genome-fragment	NA	NA	0.0	1.0	no viral genes detected
k127_634848	495	No	NA	1	0	0	Not-determined	Genome-fragment	NA	NA	0.0	1.0	no viral genes detected
k127_264166	339	No	NA	1	0	0	Low-quality	Genome-fragment	0.78	AAI-based (high-confidence)	0.0	1.0	no viral genes detected
k127_338312	583	No	NA	1	0	0	Low-quality	Genome-fragment	0.67	AAI-based (medium-confidence)	0.0	1.0	no viral genes detected
k127_412848	544	No	NA	1	0	0	Not-determined	Genome-fragment	NA	NA	0.0	1.0	no viral genes detected
k127_265156	484	No	NA	1	0	0	Low-quality	Genome-fragment	0.99	AAI-based (medium-confidence)	0.0	1.0	no viral genes detected
k127_562399	418	No	NA	1	0	0	Not-determined	Genome-fragment	NA	NA	0.0	1.0	no viral genes detected
k127_115967	600	No	NA	1	0	0	Not-determined	Genome-fragment	NA	NA	0.0	1.0	no viral genes detected
k127_636702	683	No	NA	1	0	1	Not-determined	Genome-fragment	NA	NA	0.0	1.0	no viral genes detected
k127_339993	404	No	NA	1	0	0	Not-determined	Genome-fragment	NA	NA	0.0	1.0	no viral genes detected
k127_340359	344	No	NA	1	0	0	Not-determined	Genome-fragment	NA	NA	0.0	1.0	no viral genes detected
k127_191936	613	No	NA	1	1	0	Low-quality	Genome-fragment	0.37	HMM-based (lower-bound)	0.0	1.0	
k127_712293	409	No	NA	1	0	1	Not-determined	Genome-fragment	NA	NA	0.0	1.0	no viral genes detected
k127_712353	335	No	NA	1	0	0	Not-determined	Genome-fragment	NA	NA	0.0	1.0	no viral genes detected
k127_489697	312	No	NA	1	0	0	Not-determined	Genome-fragment	NA	NA	0.0	1.0	no viral genes detected
k127_637886	370	No	NA	1	0	0	Not-determined	Genome-fragment	NA	NA	0.0	1.0	no viral genes detected
k127_341071	467	No	NA	1	1	0	Low-quality	Genome-fragment	0.54	HMM-based (lower-bound)	0.0	1.0	
k127_564530	2040	No	NA	3	0	1	Not-determined	Genome-fragment	NA	NA	0.0	1.0	no viral genes detected
k127_490052	326	No	NA	1	0	0	Low-quality	Genome-fragment	0.73	AAI-based (high-confidence)	0.0	1.0	no viral genes detected
k127_638184	394	No	NA	1	0	0	Not-determined	Genome-fragment	NA	NA	0.0	1.0	no viral genes detected
k127_638231	2618	No	NA	4	0	1	Not-determined	Genome-fragment	NA	NA	0.0	1.0	no viral genes detected
k127_342413	362	No	NA	1	1	0	Low-quality	Genome-fragment	0.62	HMM-based (lower-bound)	0.0	1.0	
k127_269456	944	No	NA	1	0	0	Low-quality	Genome-fragment	1.8	AAI-based (high-confidence)	0.0	1.0	no viral genes detected
k127_119649	399	No	NA	1	1	0	Low-quality	Genome-fragment	0.55	AAI-based (medium-confidence)	0.0	1.0	
k127_119671	362	No	NA	1	0	0	Low-quality	Genome-fragment	0.8	AAI-based (high-confidence)	0.0	1.0	no viral genes detected
k127_269505	473	No	NA	1	1	0	Low-quality	Genome-fragment	0.94	AAI-based (medium-confidence)	0.0	1.0	
k127_566696	709	No	NA	1	0	0	Not-determined	Genome-fragment	NA	NA	0.0	1.0	no viral genes detected
k127_120521	349	No	NA	1	0	0	Not-determined	Genome-fragment	NA	NA	0.0	1.0	no viral genes detected
k127_640822	320	No	NA	1	1	0	Low-quality	Genome-fragment	0.29	HMM-based (lower-bound)	0.0	1.0	
k127_344280	666	No	NA	1	0	1	Not-determined	Genome-fragment	NA	NA	0.0	1.0	no viral genes detected
k127_493849	390	No	NA	1	0	0	Not-determined	Genome-fragment	NA	NA	0.0	1.0	no viral genes detected
k127_568312	371	No	NA	1	0	0	Low-quality	Genome-fragment	0.67	AAI-based (medium-confidence)	0.0	1.0	no viral genes detected
k127_716940	932	No	NA	2	0	0	Low-quality	Genome-fragment	1.85	AAI-based (medium-confidence)	0.0	1.0	no viral genes detected
k127_345208	4670	No	NA	8	0	1	Not-determined	Genome-fragment	NA	NA	0.0	1.0	no viral genes detected
k127_717059	567	No	NA	1	0	0	Not-determined	Genome-fragment	NA	NA	0.0	1.0	no viral genes detected
k127_271721	338	No	NA	1	0	0	Low-quality	Genome-fragment	0.23	AAI-based (medium-confidence)	0.0	1.0	no viral genes detected
k127_494515	787	No	NA	1	0	0	Low-quality	Genome-fragment	1.37	AAI-based (medium-confidence)	0.0	1.0	no viral genes detected
k127_197592	412	No	NA	1	0	0	Not-determined	Genome-fragment	NA	NA	0.0	1.0	no viral genes detected
k127_272763	330	No	NA	1	0	0	Not-determined	Genome-fragment	NA	NA	0.0	1.0	no viral genes detected
k127_122924	384	No	NA	1	0	0	Not-determined	Genome-fragment	NA	NA	0.0	1.0	no viral genes detected
k127_495576	1944	No	NA	2	0	1	Low-quality	Genome-fragment	3.68	AAI-based (medium-confidence)	0.0	1.0	no viral genes detected
k127_346643	407	No	NA	1	0	0	Not-determined	Genome-fragment	NA	NA	0.0	1.0	no viral genes detected
k127_347049	3212	No	NA	6	2	0	Low-quality	Genome-fragment	7.43	AAI-based (medium-confidence)	0.0	1.0	
k127_570827	402	No	NA	1	0	0	Not-determined	Genome-fragment	NA	NA	0.0	1.0	no viral genes detected
k127_124008	564	No	NA	3	0	0	Not-determined	Genome-fragment	NA	NA	0.0	1.0	no viral genes detected
k127_124336	3490	No	NA	5	0	4	Not-determined	Genome-fragment	NA	NA	0.0	1.0	no viral genes detected
k127_199442	582	No	NA	1	0	0	Low-quality	Genome-fragment	1.17	AAI-based (medium-confidence)	0.0	1.0	no viral genes detected
k127_422775	487	No	NA	2	0	0	Low-quality	Genome-fragment	1.17	AAI-based (medium-confidence)	0.0	1.0	no viral genes detected
k127_125341	1276	No	NA	1	0	1	Not-determined	Genome-fragment	NA	NA	0.0	1.0	no viral genes detected
k127_645717	491	No	NA	1	0	0	Not-determined	Genome-fragment	NA	NA	0.0	1.0	no viral genes detected
k127_720886	434	No	NA	1	1	0	Low-quality	Genome-fragment	1.36	AAI-based (medium-confidence)	0.0	1.0	
k127_349853	668	No	NA	1	1	0	Low-quality	Genome-fragment	1.58	AAI-based (medium-confidence)	0.0	1.0	
k127_574288	921	No	NA	1	0	0	Not-determined	Genome-fragment	NA	NA	0.0	1.0	no viral genes detected
k127_500370	748	No	NA	1	0	0	Low-quality	Genome-fragment	1.43	AAI-based (medium-confidence)	0.0	1.0	no viral genes detected
k127_278893	445	No	NA	1	0	0	Low-quality	Genome-fragment	0.94	AAI-based (medium-confidence)	0.0	1.0	no viral genes detected
k127_204548	710	No	NA	1	0	1	Not-determined	Genome-fragment	NA	NA	0.0	1.0	no viral genes detected
k127_650042	580	No	NA	1	0	0	Low-quality	Genome-fragment	1.12	AAI-based (medium-confidence)	0.0	1.0	no viral genes detected
k127_650661	2925	No	NA	3	0	0	Not-determined	Genome-fragment	NA	NA	0.0	1.0	no viral genes detected
k127_725802	1001	No	NA	1	1	0	Low-quality	Genome-fragment	0.61	HMM-based (lower-bound)	0.0	1.0	
k127_428229	1133	No	NA	2	0	0	Low-quality	Genome-fragment	2.1	AAI-based (medium-confidence)	0.0	1.0	no viral genes detected
k127_281016	554	No	NA	1	0	0	Not-determined	Genome-fragment	NA	NA	0.0	1.0	no viral genes detected
k127_281285	693	No	NA	1	0	0	Not-determined	Genome-fragment	NA	NA	0.0	1.0	no viral genes detected
k127_207804	406	No	NA	1	0	0	Not-determined	Genome-fragment	NA	NA	0.0	1.0	no viral genes detected
k127_356318	443	No	NA	1	0	0	Not-determined	Genome-fragment	NA	NA	0.0	1.0	no viral genes detected
k127_728892	599	No	NA	1	0	0	Low-quality	Genome-fragment	1.11	AAI-based (medium-confidence)	0.0	1.0	no viral genes detected
k127_283478	856	No	NA	1	1	0	Low-quality	Genome-fragment	2.56	AAI-based (high-confidence)	0.0	1.0	
k127_283894	616	No	NA	1	0	0	Not-determined	Genome-fragment	NA	NA	0.0	1.0	no viral genes detected
k127_431654	1446	No	NA	1	0	0	Low-quality	Genome-fragment	2.74	AAI-based (medium-confidence)	0.0	1.0	no viral genes detected
k127_729520	441	No	NA	1	0	0	Low-quality	Genome-fragment	1.0	AAI-based (medium-confidence)	0.0	1.0	no viral genes detected
k127_59950	907	No	NA	1	0	0	Not-determined	Genome-fragment	NA	NA	0.0	1.0	no viral genes detected
k127_655254	505	No	NA	1	0	0	Low-quality	Genome-fragment	1.01	AAI-based (medium-confidence)	0.0	1.0	no viral genes detected
k127_60596	425	No	NA	2	1	0	Low-quality	Genome-fragment	0.86	HMM-based (lower-bound)	0.0	1.0	
k127_135521	575	No	NA	1	0	0	Low-quality	Genome-fragment	1.14	AAI-based (medium-confidence)	0.0	1.0	no viral genes detected
k127_210815	479	No	NA	1	0	0	Low-quality	Genome-fragment	0.99	AAI-based (medium-confidence)	0.0	1.0	no viral genes detected
k127_285433	316	No	NA	1	0	0	Not-determined	Genome-fragment	NA	NA	0.0	1.0	no viral genes detected
k127_61805	954	No	NA	1	0	1	Not-determined	Genome-fragment	NA	NA	0.0	1.0	no viral genes detected
k127_286339	473	No	NA	1	0	1	Not-determined	Genome-fragment	NA	NA	0.0	1.0	no viral genes detected
k127_136748	664	No	NA	1	0	0	Not-determined	Genome-fragment	NA	NA	0.0	1.0	no viral genes detected
k127_136773	512	No	NA	1	0	0	Not-determined	Genome-fragment	NA	NA	0.0	1.0	no viral genes detected
k127_732048	366	No	NA	1	1	0	Low-quality	Genome-fragment	0.51	AAI-based (medium-confidence)	0.0	1.0	
k127_137349	440	No	NA	1	0	0	Low-quality	Genome-fragment	0.87	AAI-based (medium-confidence)	0.0	1.0	no viral genes detected
k127_657833	484	No	NA	1	0	1	Not-determined	Genome-fragment	NA	NA	0.0	1.0	no viral genes detected
k127_137947	639	No	NA	1	0	0	Low-quality	Genome-fragment	1.26	AAI-based (medium-confidence)	0.0	1.0	no viral genes detected
k127_361091	462	No	NA	1	0	1	Not-determined	Genome-fragment	NA	NA	0.0	1.0	no viral genes detected
k127_213520	419	No	NA	1	0	0	Low-quality	Genome-fragment	0.68	AAI-based (medium-confidence)	0.0	1.0	no viral genes detected
k127_734336	433	No	NA	1	0	0	Low-quality	Genome-fragment	0.97	AAI-based (medium-confidence)	0.0	1.0	no viral genes detected
k127_734750	503	No	NA	1	0	0	Not-determined	Genome-fragment	NA	NA	0.0	1.0	no viral genes detected
k127_659639	3519	No	NA	4	0	1	Low-quality	Genome-fragment	8.13	AAI-based (medium-confidence)	0.0	1.0	no viral genes detected
k127_437929	309	No	NA	1	1	0	Low-quality	Genome-fragment	0.23	HMM-based (lower-bound)	0.0	1.0	
k127_661350	353	No	NA	1	1	0	Low-quality	Genome-fragment	0.46	HMM-based (lower-bound)	0.0	1.0	
k127_439054	461	No	NA	1	1	0	Low-quality	Genome-fragment	0.28	HMM-based (lower-bound)	0.0	1.0	
k127_66947	421	No	NA	1	0	0	Low-quality	Genome-fragment	0.96	AAI-based (medium-confidence)	0.0	1.0	no viral genes detected
k127_364649	307	No	NA	1	1	0	Low-quality	Genome-fragment	0.69	AAI-based (medium-confidence)	0.0	1.0	
k127_216771	648	No	NA	1	0	0	Not-determined	Genome-fragment	NA	NA	0.0	1.0	no viral genes detected
k127_141920	618	No	NA	1	0	0	Not-determined	Genome-fragment	NA	NA	0.0	1.0	no viral genes detected
k127_514489	925	No	NA	2	1	0	Low-quality	Genome-fragment	1.74	HMM-based (lower-bound)	0.0	1.0	
k127_440316	682	No	NA	1	0	0	Low-quality	Genome-fragment	1.03	AAI-based (medium-confidence)	0.0	1.0	no viral genes detected
k127_68115	576	No	NA	1	0	0	Not-determined	Genome-fragment	NA	NA	0.0	1.0	no viral genes detected
k127_143649	329	No	NA	1	1	0	Low-quality	Genome-fragment	0.59	AAI-based (medium-confidence)	0.0	1.0	
k127_589830	426	No	NA	1	0	1	Not-determined	Genome-fragment	NA	NA	0.0	1.0	no viral genes detected
k127_739582	383	No	NA	1	1	0	Low-quality	Genome-fragment	0.34	HMM-based (lower-bound)	0.0	1.0	
k127_367401	329	No	NA	1	0	0	Low-quality	Genome-fragment	0.29	AAI-based (high-confidence)	0.0	1.0	no viral genes detected
k127_516614	341	No	NA	1	1	0	Low-quality	Genome-fragment	0.18	HMM-based (lower-bound)	0.0	1.0	
k127_367446	527	No	NA	1	0	1	Not-determined	Genome-fragment	NA	NA	0.0	1.0	no viral genes detected
k127_367491	394	No	NA	1	0	0	Not-determined	Genome-fragment	NA	NA	0.0	1.0	no viral genes detected
k127_368213	462	No	NA	1	0	0	Not-determined	Genome-fragment	NA	NA	0.0	1.0	no viral genes detected
k127_368234	460	No	NA	1	0	0	Not-determined	Genome-fragment	NA	NA	0.0	1.0	no viral genes detected
k127_741032	329	No	NA	1	0	0	Low-quality	Genome-fragment	0.76	AAI-based (high-confidence)	0.0	1.0	no viral genes detected
k127_146058	416	No	NA	1	1	0	Low-quality	Genome-fragment	0.6	AAI-based (medium-confidence)	0.0	1.0	
k127_666204	478	No	NA	1	1	0	Low-quality	Genome-fragment	0.63	HMM-based (lower-bound)	0.0	1.0	
k127_592455	387	No	NA	2	1	0	Low-quality	Genome-fragment	1.09	AAI-based (medium-confidence)	0.0	1.0	
k127_666364	928	No	NA	2	0	0	Low-quality	Genome-fragment	1.78	AAI-based (medium-confidence)	0.0	1.0	no viral genes detected
k127_296613	719	No	NA	1	0	0	Low-quality	Genome-fragment	1.37	AAI-based (medium-confidence)	0.0	1.0	no viral genes detected
k127_667836	807	No	NA	1	0	0	Not-determined	Genome-fragment	NA	NA	0.0	1.0	no viral genes detected
k127_73388	306	No	NA	1	1	0	Low-quality	Genome-fragment	0.27	HMM-based (lower-bound)	0.0	1.0	
k127_743304	5513	No	NA	8	8	0	Complete	High-quality	100.0	DTR (high-confidence)	0.0	1.02	
k127_74194	504	No	NA	1	0	0	Not-determined	Genome-fragment	NA	NA	0.0	1.0	no viral genes detected
k127_669223	404	No	NA	1	0	0	Not-determined	Genome-fragment	NA	NA	0.0	1.0	no viral genes detected
