contig_id	contig_length	provirus	proviral_length	gene_count	viral_genes	host_genes	checkv_quality	miuvig_quality	completeness	completeness_method	contamination	kmer_freq	warnings
k127_558778	316	No	NA	1	0	0	Not-determined	Genome-fragment	NA	NA	0.0	1.0	no viral genes detected
k127_124230	1465	No	NA	1	1	0	Low-quality	Genome-fragment	1.35	HMM-based (lower-bound)	0.0	1.0	
k127_310688	371	No	NA	1	1	0	Low-quality	Genome-fragment	0.64	HMM-based (lower-bound)	0.0	1.0	
k127_248609	600	No	NA	2	0	0	Not-determined	Genome-fragment	NA	NA	0.0	1.0	no viral genes detected
k127_311075	704	No	NA	1	1	0	Low-quality	Genome-fragment	0.63	HMM-based (lower-bound)	0.0	1.0	
k127_559535	490	No	NA	1	1	0	Low-quality	Genome-fragment	0.7	HMM-based (lower-bound)	0.0	1.0	
k127_559597	1237	No	NA	1	0	0	Not-determined	Genome-fragment	NA	NA	0.0	1.0	no viral genes detected
k127_187168	2295	No	NA	3	1	0	Low-quality	Genome-fragment	2.94	AAI-based (high-confidence)	0.0	1.0	
k127_559737	464	No	NA	1	0	0	Not-determined	Genome-fragment	NA	NA	0.0	1.0	no viral genes detected
k127_435797	720	No	NA	1	0	0	Not-determined	Genome-fragment	NA	NA	0.0	1.0	no viral genes detected
k127_1626	524	No	NA	1	0	0	Not-determined	Genome-fragment	NA	NA	0.0	1.0	no viral genes detected
k127_436247	546	No	NA	2	0	0	Low-quality	Genome-fragment	1.37	AAI-based (high-confidence)	0.0	1.0	no viral genes detected
k127_498477	857	No	NA	1	0	0	Low-quality	Genome-fragment	1.65	AAI-based (medium-confidence)	0.0	1.0	no viral genes detected
k127_188092	426	No	NA	1	0	0	Low-quality	Genome-fragment	0.94	AAI-based (medium-confidence)	0.0	1.0	no viral genes detected
k127_560708	382	No	NA	1	1	0	Low-quality	Genome-fragment	0.67	AAI-based (medium-confidence)	0.0	1.0	
k127_436680	1634	No	NA	3	1	0	Low-quality	Genome-fragment	2.95	AAI-based (medium-confidence)	0.0	1.0	
k127_250562	798	No	NA	2	0	0	Low-quality	Genome-fragment	1.58	AAI-based (high-confidence)	0.0	1.0	no viral genes detected
k127_561180	354	No	NA	1	0	0	Not-determined	Genome-fragment	NA	NA	0.0	1.0	no viral genes detected
k127_64511	4582	No	NA	2	0	0	Not-determined	Genome-fragment	NA	NA	0.0	1.0	no viral genes detected
k127_64658	504	No	NA	2	0	0	Not-determined	Genome-fragment	NA	NA	0.0	1.0	no viral genes detected
k127_313177	316	No	NA	1	1	0	Low-quality	Genome-fragment	0.47	HMM-based (lower-bound)	0.0	1.0	
k127_561690	330	No	NA	1	0	0	Not-determined	Genome-fragment	NA	NA	0.0	1.0	no viral genes detected
k127_437543	470	No	NA	1	1	0	Low-quality	Genome-fragment	0.68	HMM-based (lower-bound)	0.0	1.0	
k127_561949	343	No	NA	2	0	0	Not-determined	Genome-fragment	NA	NA	0.0	1.0	no viral genes detected
k127_3474	702	No	NA	1	0	0	Not-determined	Genome-fragment	NA	NA	0.0	1.0	no viral genes detected
k127_314268	522	No	NA	1	1	0	Low-quality	Genome-fragment	0.74	HMM-based (lower-bound)	0.0	1.0	
k127_314350	418	No	NA	1	0	0	Not-determined	Genome-fragment	NA	NA	0.0	1.06	no viral genes detected
k127_376424	1703	No	NA	1	0	0	Low-quality	Genome-fragment	3.08	AAI-based (medium-confidence)	0.0	1.0	no viral genes detected
k127_563214	652	No	NA	1	0	0	Not-determined	Genome-fragment	NA	NA	0.0	1.0	no viral genes detected
k127_314901	571	No	NA	1	0	0	Not-determined	Genome-fragment	NA	NA	0.0	1.0	no viral genes detected
k127_253083	287	No	NA	1	0	0	Low-quality	Genome-fragment	0.73	AAI-based (high-confidence)	0.0	1.0	no viral genes detected
k127_128908	418	No	NA	2	1	0	Low-quality	Genome-fragment	0.55	HMM-based (lower-bound)	0.0	1.0	
k127_4931	1114	No	NA	3	0	0	Not-determined	Genome-fragment	NA	NA	0.0	1.0	no viral genes detected
k127_315339	400	No	NA	1	0	0	Not-determined	Genome-fragment	NA	NA	0.0	1.0	no viral genes detected
k127_563782	461	No	NA	1	0	0	Low-quality	Genome-fragment	0.99	AAI-based (medium-confidence)	0.0	1.0	no viral genes detected
k127_5229	306	No	NA	1	0	0	Not-determined	Genome-fragment	NA	NA	0.0	1.0	no viral genes detected
k127_5329	355	No	NA	1	0	0	Low-quality	Genome-fragment	0.82	AAI-based (medium-confidence)	0.0	1.0	no viral genes detected
k127_377747	1234	No	NA	1	1	0	Low-quality	Genome-fragment	2.52	AAI-based (medium-confidence)	0.0	1.0	
k127_191755	1289	No	NA	1	1	0	Low-quality	Genome-fragment	1.84	HMM-based (lower-bound)	0.0	1.0	
k127_377932	552	No	NA	1	0	0	Low-quality	Genome-fragment	1.17	AAI-based (medium-confidence)	0.0	1.0	no viral genes detected
k127_440245	1251	No	NA	1	0	1	Not-determined	Genome-fragment	NA	NA	0.0	1.0	no viral genes detected
k127_502695	390	No	NA	1	0	0	Not-determined	Genome-fragment	NA	NA	0.0	1.0	no viral genes detected
k127_316556	569	No	NA	1	0	0	Not-determined	Genome-fragment	NA	NA	0.0	1.0	no viral genes detected
k127_254872	458	No	NA	1	0	0	Not-determined	Genome-fragment	NA	NA	0.0	1.0	no viral genes detected
k127_130786	660	No	NA	1	1	0	Low-quality	Genome-fragment	0.93	HMM-based (lower-bound)	0.0	1.0	
k127_68592	361	No	NA	1	0	0	Low-quality	Genome-fragment	0.86	AAI-based (medium-confidence)	0.0	1.0	no viral genes detected
k127_503503	359	No	NA	1	1	0	Low-quality	Genome-fragment	0.29	HMM-based (lower-bound)	0.0	1.0	
k127_68811	459	No	NA	2	0	0	Not-determined	Genome-fragment	NA	NA	0.0	1.01	no viral genes detected
k127_193268	352	No	NA	1	1	0	Low-quality	Genome-fragment	0.53	AAI-based (medium-confidence)	0.0	1.0	
k127_565742	780	No	NA	2	1	0	Low-quality	Genome-fragment	1.87	AAI-based (medium-confidence)	0.0	1.0	
k127_193407	943	No	NA	2	1	0	Low-quality	Genome-fragment	1.34	HMM-based (lower-bound)	0.0	1.0	
k127_504049	2092	No	NA	1	0	1	Low-quality	Genome-fragment	2.22	AAI-based (medium-confidence)	0.0	1.0	no viral genes detected
k127_193605	368	No	NA	1	1	0	Low-quality	Genome-fragment	0.71	HMM-based (lower-bound)	0.0	1.0	
k127_255806	619	No	NA	1	0	1	Not-determined	Genome-fragment	NA	NA	0.0	1.0	no viral genes detected
k127_193743	326	No	NA	1	0	0	Not-determined	Genome-fragment	NA	NA	0.0	1.0	no viral genes detected
k127_317875	532	No	NA	1	0	1	Not-determined	Genome-fragment	NA	NA	0.0	1.0	no viral genes detected
k127_7503	965	No	NA	1	0	0	Not-determined	Genome-fragment	NA	NA	0.0	1.0	no viral genes detected
k127_442077	664	No	NA	1	0	0	Not-determined	Genome-fragment	NA	NA	0.0	1.0	no viral genes detected
k127_442132	518	No	NA	1	1	0	Low-quality	Genome-fragment	1.12	AAI-based (medium-confidence)	0.0	1.0	
k127_131937	506	No	NA	1	0	0	Low-quality	Genome-fragment	0.36	AAI-based (medium-confidence)	0.0	1.0	no viral genes detected
k127_194046	383	No	NA	1	0	0	Not-determined	Genome-fragment	NA	NA	0.0	1.0	no viral genes detected
k127_132055	485	No	NA	2	0	0	Low-quality	Genome-fragment	1.05	AAI-based (medium-confidence)	0.0	1.0	no viral genes detected
k127_69858	576	No	NA	1	1	0	Low-quality	Genome-fragment	1.08	AAI-based (medium-confidence)	0.0	1.0	
k127_256340	368	No	NA	1	0	0	Low-quality	Genome-fragment	0.8	AAI-based (medium-confidence)	0.0	1.0	no viral genes detected
k127_7959	1196	No	NA	1	0	1	Not-determined	Genome-fragment	NA	NA	0.0	1.0	no viral genes detected
k127_194357	367	No	NA	1	1	0	Low-quality	Genome-fragment	0.52	HMM-based (lower-bound)	0.0	1.0	
k127_380538	489	No	NA	1	0	0	Not-determined	Genome-fragment	NA	NA	0.0	1.0	no viral genes detected
k127_8126	335	No	NA	1	1	0	Low-quality	Genome-fragment	0.64	AAI-based (medium-confidence)	0.0	1.0	
k127_256827	3085	No	NA	3	1	0	Low-quality	Genome-fragment	5.99	AAI-based (medium-confidence)	0.0	1.0	
k127_70663	399	No	NA	1	0	0	Not-determined	Genome-fragment	NA	NA	0.0	1.0	no viral genes detected
k127_443561	313	No	NA	2	0	0	Not-determined	Genome-fragment	NA	NA	0.0	1.0	no viral genes detected
k127_8945	375	No	NA	1	0	0	Low-quality	Genome-fragment	0.72	AAI-based (medium-confidence)	0.0	1.0	no viral genes detected
k127_505869	564	No	NA	2	0	0	Not-determined	Genome-fragment	NA	NA	0.0	1.0	no viral genes detected
k127_567843	534	No	NA	1	0	0	Not-determined	Genome-fragment	NA	NA	0.0	1.0	no viral genes detected
k127_9140	627	No	NA	1	0	0	Not-determined	Genome-fragment	NA	NA	0.0	1.0	no viral genes detected
k127_257629	719	No	NA	1	0	0	Not-determined	Genome-fragment	NA	NA	0.0	1.0	no viral genes detected
k127_568052	502	No	NA	1	1	0	Low-quality	Genome-fragment	0.77	AAI-based (medium-confidence)	0.0	1.0	
k127_444036	370	No	NA	1	0	0	Low-quality	Genome-fragment	0.82	AAI-based (medium-confidence)	0.0	1.0	no viral genes detected
k127_444176	452	No	NA	1	1	0	Low-quality	Genome-fragment	0.64	HMM-based (lower-bound)	0.0	1.0	
k127_444222	329	No	NA	1	0	0	Low-quality	Genome-fragment	0.54	AAI-based (medium-confidence)	0.0	1.0	no viral genes detected
k127_71638	319	No	NA	1	1	0	Low-quality	Genome-fragment	0.52	AAI-based (medium-confidence)	0.0	1.0	
k127_320441	1141	No	NA	2	0	1	Not-determined	Genome-fragment	NA	NA	0.0	1.0	no viral genes detected
k127_320854	601	No	NA	1	1	0	Low-quality	Genome-fragment	1.64	AAI-based (high-confidence)	0.0	1.0	
k127_10423	1471	No	NA	1	0	0	Low-quality	Genome-fragment	3.22	AAI-based (medium-confidence)	0.0	1.0	no viral genes detected
k127_258875	1774	No	NA	1	0	1	Not-determined	Genome-fragment	NA	NA	0.0	1.0	no viral genes detected
k127_321130	550	No	NA	2	0	0	Not-determined	Genome-fragment	NA	NA	0.0	1.0	no viral genes detected
k127_445572	417	No	NA	1	0	0	Low-quality	Genome-fragment	0.76	AAI-based (medium-confidence)	0.0	1.0	no viral genes detected
k127_135385	350	No	NA	1	0	0	Low-quality	Genome-fragment	0.81	AAI-based (high-confidence)	0.0	1.0	no viral genes detected
k127_383613	670	No	NA	1	0	1	Not-determined	Genome-fragment	NA	NA	0.0	1.0	no viral genes detected
k127_197511	382	No	NA	1	1	0	Low-quality	Genome-fragment	0.34	HMM-based (lower-bound)	0.0	1.0	
k127_508115	339	No	NA	1	1	0	Low-quality	Genome-fragment	0.4	AAI-based (high-confidence)	0.0	1.0	
k127_73280	515	No	NA	1	1	0	Low-quality	Genome-fragment	0.76	HMM-based (lower-bound)	0.0	1.0	
k127_321907	328	No	NA	1	0	0	Not-determined	Genome-fragment	NA	NA	0.0	1.0	no viral genes detected
k127_197757	314	No	NA	1	1	0	Low-quality	Genome-fragment	0.87	AAI-based (high-confidence)	0.0	1.0	
k127_11765	729	No	NA	1	0	1	Not-determined	Genome-fragment	NA	NA	0.0	1.0	no viral genes detected
k127_73919	584	No	NA	1	0	0	Low-quality	Genome-fragment	1.11	AAI-based (high-confidence)	0.0	1.0	no viral genes detected
k127_570837	537	No	NA	2	0	0	Not-determined	Genome-fragment	NA	NA	0.0	1.0	no viral genes detected
k127_509146	612	No	NA	1	1	0	Low-quality	Genome-fragment	0.87	HMM-based (lower-bound)	0.0	1.0	
k127_136700	669	No	NA	1	0	1	Not-determined	Genome-fragment	NA	NA	0.0	1.0	no viral genes detected
k127_260844	1112	No	NA	1	0	0	Not-determined	Genome-fragment	NA	NA	0.0	1.0	no viral genes detected
k127_198884	617	No	NA	1	1	0	Low-quality	Genome-fragment	0.91	AAI-based (medium-confidence)	0.0	1.0	
k127_571588	628	No	NA	2	0	0	Not-determined	Genome-fragment	NA	NA	0.0	1.0	no viral genes detected
k127_199182	745	No	NA	1	0	1	Not-determined	Genome-fragment	NA	NA	0.0	1.0	no viral genes detected
k127_323471	1055	No	NA	2	1	0	Low-quality	Genome-fragment	0.78	HMM-based (lower-bound)	0.0	1.0	
k127_447598	394	No	NA	1	0	0	Not-determined	Genome-fragment	NA	NA	0.0	1.0	no viral genes detected
k127_13029	308	No	NA	1	1	0	Low-quality	Genome-fragment	0.51	HMM-based (lower-bound)	0.0	1.0	
k127_75150	327	No	NA	1	0	0	Low-quality	Genome-fragment	0.86	AAI-based (medium-confidence)	0.0	1.0	no viral genes detected
k127_571981	326	No	NA	1	1	0	Low-quality	Genome-fragment	0.67	HMM-based (lower-bound)	0.0	1.0	
k127_13210	369	No	NA	1	1	0	Low-quality	Genome-fragment	0.3	HMM-based (lower-bound)	0.0	1.0	
k127_447906	409	No	NA	1	0	0	Low-quality	Genome-fragment	0.88	AAI-based (medium-confidence)	0.0	1.0	no viral genes detected
k127_385877	593	No	NA	2	0	0	Not-determined	Genome-fragment	NA	NA	0.0	1.0	no viral genes detected
k127_386194	695	No	NA	1	0	0	Not-determined	Genome-fragment	NA	NA	0.0	1.0	no viral genes detected
k127_572549	508	No	NA	1	0	0	Not-determined	Genome-fragment	NA	NA	0.0	1.0	no viral genes detected
k127_75769	1132	No	NA	2	2	0	Low-quality	Genome-fragment	1.33	HMM-based (lower-bound)	0.0	1.0	
k127_138409	311	No	NA	1	0	0	Not-determined	Genome-fragment	NA	NA	0.0	1.0	no viral genes detected
k127_573023	327	No	NA	1	0	0	Low-quality	Genome-fragment	0.77	AAI-based (high-confidence)	0.0	1.0	no viral genes detected
k127_448960	468	No	NA	1	0	0	Low-quality	Genome-fragment	0.98	AAI-based (medium-confidence)	0.0	1.0	no viral genes detected
k127_14913	504	No	NA	1	0	0	Low-quality	Genome-fragment	0.99	AAI-based (medium-confidence)	0.0	1.0	no viral genes detected
k127_511905	654	No	NA	1	0	0	Not-determined	Genome-fragment	NA	NA	0.0	1.0	no viral genes detected
k127_15313	651	No	NA	2	0	0	Not-determined	Genome-fragment	NA	NA	0.0	1.0	no viral genes detected
k127_15329	939	No	NA	1	1	0	Low-quality	Genome-fragment	1.13	AAI-based (high-confidence)	0.0	1.0	
k127_139822	475	No	NA	1	0	0	Not-determined	Genome-fragment	NA	NA	0.0	1.0	no viral genes detected
k127_139849	1337	No	NA	1	0	0	Not-determined	Genome-fragment	NA	NA	0.0	1.0	no viral genes detected
k127_512915	433	No	NA	1	1	0	Low-quality	Genome-fragment	0.94	AAI-based (medium-confidence)	0.0	1.0	
k127_78060	375	No	NA	1	0	0	Not-determined	Genome-fragment	NA	NA	0.0	1.0	no viral genes detected
k127_264496	471	No	NA	1	0	1	Not-determined	Genome-fragment	NA	NA	0.0	1.0	no viral genes detected
k127_388671	459	No	NA	1	0	0	Low-quality	Genome-fragment	0.88	AAI-based (medium-confidence)	0.0	1.0	no viral genes detected
k127_78168	361	No	NA	1	0	0	Low-quality	Genome-fragment	0.84	AAI-based (medium-confidence)	0.0	1.0	no viral genes detected
k127_140864	382	No	NA	1	1	0	Low-quality	Genome-fragment	0.57	HMM-based (lower-bound)	0.0	1.0	
k127_513659	789	No	NA	1	0	1	Not-determined	Genome-fragment	NA	NA	0.0	1.0	no viral genes detected
k127_265080	823	No	NA	1	0	0	Low-quality	Genome-fragment	1.81	AAI-based (high-confidence)	0.0	1.0	no viral genes detected
k127_265216	382	No	NA	1	1	0	Low-quality	Genome-fragment	0.66	HMM-based (lower-bound)	0.0	1.0	
k127_575786	1092	No	NA	2	0	0	Not-determined	Genome-fragment	NA	NA	0.0	1.0	no viral genes detected
k127_451759	315	No	NA	1	1	0	Low-quality	Genome-fragment	0.47	HMM-based (lower-bound)	0.0	1.0	
k127_451997	1183	No	NA	1	0	0	Not-determined	Genome-fragment	NA	NA	0.0	1.0	no viral genes detected
k127_514428	309	No	NA	1	1	0	Low-quality	Genome-fragment	0.19	HMM-based (lower-bound)	0.0	1.0	
k127_203666	964	No	NA	2	1	0	Low-quality	Genome-fragment	1.37	HMM-based (lower-bound)	0.0	1.0	
k127_390098	466	No	NA	1	1	0	Low-quality	Genome-fragment	0.91	AAI-based (medium-confidence)	0.0	1.0	
k127_514778	394	No	NA	1	1	0	Low-quality	Genome-fragment	0.72	AAI-based (medium-confidence)	0.0	1.0	
k127_576666	697	No	NA	2	0	0	Low-quality	Genome-fragment	1.31	AAI-based (medium-confidence)	0.0	1.0	no viral genes detected
k127_17949	609	No	NA	1	0	0	Not-determined	Genome-fragment	NA	NA	0.0	1.0	no viral genes detected
k127_514967	480	No	NA	1	1	0	Low-quality	Genome-fragment	0.9	AAI-based (medium-confidence)	0.0	1.0	
k127_390517	653	No	NA	1	1	0	Low-quality	Genome-fragment	0.93	HMM-based (lower-bound)	0.0	1.0	
k127_515238	492	No	NA	1	0	0	Low-quality	Genome-fragment	1.03	AAI-based (medium-confidence)	0.0	1.0	no viral genes detected
k127_18281	444	No	NA	1	0	0	Low-quality	Genome-fragment	0.9	AAI-based (medium-confidence)	0.0	1.0	no viral genes detected
k127_143007	872	No	NA	2	0	0	Not-determined	Genome-fragment	NA	NA	0.0	1.0	no viral genes detected
k127_143177	429	No	NA	1	0	0	Not-determined	Genome-fragment	NA	NA	0.0	1.0	no viral genes detected
k127_205188	333	No	NA	1	1	0	Low-quality	Genome-fragment	0.5	HMM-based (lower-bound)	0.0	1.0	
k127_329490	752	No	NA	2	1	0	Low-quality	Genome-fragment	1.15	AAI-based (medium-confidence)	0.0	1.0	
k127_577821	388	No	NA	1	0	1	Low-quality	Genome-fragment	0.33	AAI-based (medium-confidence)	0.0	1.0	no viral genes detected
k127_577829	470	No	NA	1	0	0	Low-quality	Genome-fragment	0.39	AAI-based (medium-confidence)	0.0	1.0	no viral genes detected
k127_516165	352	No	NA	1	1	0	Low-quality	Genome-fragment	0.29	HMM-based (lower-bound)	0.0	1.0	
k127_391897	321	No	NA	1	0	0	Low-quality	Genome-fragment	0.6	AAI-based (medium-confidence)	0.0	1.0	no viral genes detected
k127_205647	2697	No	NA	1	0	1	Low-quality	Genome-fragment	3.05	AAI-based (medium-confidence)	0.0	1.0	no viral genes detected
k127_267936	1433	No	NA	1	0	0	Not-determined	Genome-fragment	NA	NA	0.0	1.0	no viral genes detected
k127_144201	579	No	NA	1	0	1	Not-determined	Genome-fragment	NA	NA	0.0	1.0	no viral genes detected
k127_81907	366	No	NA	1	0	0	Not-determined	Genome-fragment	NA	NA	0.0	1.0	no viral genes detected
k127_268882	1460	No	NA	3	0	0	Not-determined	Genome-fragment	NA	NA	0.0	1.0	no viral genes detected
k127_579355	372	No	NA	1	0	0	Low-quality	Genome-fragment	0.71	AAI-based (medium-confidence)	0.0	1.0	no viral genes detected
k127_579453	354	No	NA	1	0	0	Not-determined	Genome-fragment	NA	NA	0.0	1.0	no viral genes detected
k127_393552	374	No	NA	1	1	0	Low-quality	Genome-fragment	0.31	HMM-based (lower-bound)	0.0	1.0	
k127_83095	380	No	NA	1	0	0	Low-quality	Genome-fragment	0.89	AAI-based (medium-confidence)	0.0	1.0	no viral genes detected
k127_145637	763	No	NA	1	1	0	Low-quality	Genome-fragment	1.43	AAI-based (medium-confidence)	0.0	1.0	
k127_393921	1513	No	NA	2	0	0	Not-determined	Genome-fragment	NA	NA	0.0	1.0	no viral genes detected
k127_145764	1038	No	NA	1	0	1	Not-determined	Genome-fragment	NA	NA	0.0	1.0	no viral genes detected
k127_269836	573	No	NA	1	1	0	Low-quality	Genome-fragment	0.47	HMM-based (lower-bound)	0.0	1.0	
k127_269854	459	No	NA	1	0	0	Not-determined	Genome-fragment	NA	NA	0.0	1.0	no viral genes detected
k127_580506	323	No	NA	1	0	0	Not-determined	Genome-fragment	NA	NA	0.0	1.0	no viral genes detected
k127_394894	534	No	NA	1	0	0	Not-determined	Genome-fragment	NA	NA	0.0	1.0	no viral genes detected
k127_208849	599	No	NA	1	1	0	Low-quality	Genome-fragment	0.85	HMM-based (lower-bound)	0.0	1.0	
k127_22798	512	No	NA	1	1	0	Low-quality	Genome-fragment	0.86	AAI-based (medium-confidence)	0.0	1.0	
k127_208902	621	No	NA	1	1	0	Low-quality	Genome-fragment	0.88	HMM-based (lower-bound)	0.0	1.0	
k127_85060	992	No	NA	2	0	0	Not-determined	Genome-fragment	NA	NA	0.0	1.0	no viral genes detected
k127_333601	412	No	NA	1	1	0	Low-quality	Genome-fragment	0.83	AAI-based (medium-confidence)	0.0	1.0	
k127_85262	448	No	NA	1	1	0	Low-quality	Genome-fragment	0.84	HMM-based (lower-bound)	0.0	1.0	
k127_395774	427	No	NA	1	0	0	Low-quality	Genome-fragment	0.99	AAI-based (medium-confidence)	0.0	1.0	no viral genes detected
k127_395973	555	No	NA	1	0	0	Not-determined	Genome-fragment	NA	NA	0.0	1.0	no viral genes detected
k127_23944	326	No	NA	1	0	0	Low-quality	Genome-fragment	0.62	AAI-based (medium-confidence)	0.0	1.0	no viral genes detected
k127_210034	426	No	NA	1	0	1	Not-determined	Genome-fragment	NA	NA	0.0	1.0	no viral genes detected
k127_396380	712	No	NA	1	0	1	Low-quality	Genome-fragment	0.45	AAI-based (high-confidence)	0.0	1.0	no viral genes detected
k127_148290	495	No	NA	2	0	0	Not-determined	Genome-fragment	NA	NA	0.0	1.0	no viral genes detected
k127_86162	1589	No	NA	1	0	1	Not-determined	Genome-fragment	NA	NA	0.0	1.0	no viral genes detected
k127_334645	802	No	NA	2	0	0	Not-determined	Genome-fragment	NA	NA	0.0	1.0	no viral genes detected
k127_149014	316	No	NA	1	0	0	Low-quality	Genome-fragment	0.31	AAI-based (medium-confidence)	0.0	1.0	no viral genes detected
k127_149119	911	No	NA	1	0	1	Not-determined	Genome-fragment	NA	NA	0.0	1.0	no viral genes detected
k127_583719	436	No	NA	2	0	0	Not-determined	Genome-fragment	NA	NA	0.0	1.0	no viral genes detected
k127_25030	309	No	NA	1	1	0	Low-quality	Genome-fragment	0.45	AAI-based (medium-confidence)	0.0	1.0	
k127_273305	898	No	NA	1	0	1	Not-determined	Genome-fragment	NA	NA	0.0	1.0	no viral genes detected
k127_522154	361	No	NA	1	1	0	Low-quality	Genome-fragment	0.32	HMM-based (lower-bound)	0.0	1.0	
k127_273416	679	No	NA	1	1	0	Low-quality	Genome-fragment	0.97	HMM-based (lower-bound)	0.0	1.0	
k127_87288	1049	No	NA	1	1	0	Low-quality	Genome-fragment	17.79	AAI-based (high-confidence)	0.0	1.02	
k127_87292	1802	No	NA	1	0	1	Not-determined	Genome-fragment	NA	NA	0.0	1.0	no viral genes detected
k127_149711	340	No	NA	1	0	0	Not-determined	Genome-fragment	NA	NA	0.0	1.0	no viral genes detected
k127_398137	820	No	NA	1	0	1	Not-determined	Genome-fragment	NA	NA	0.0	1.0	no viral genes detected
k127_584433	782	No	NA	2	1	0	Low-quality	Genome-fragment	1.34	AAI-based (medium-confidence)	0.0	1.0	
k127_398351	316	No	NA	1	0	0	Not-determined	Genome-fragment	NA	NA	0.0	1.0	no viral genes detected
k127_87806	558	No	NA	2	0	0	Low-quality	Genome-fragment	1.47	AAI-based (medium-confidence)	0.0	1.0	no viral genes detected
k127_584638	403	No	NA	1	0	0	Not-determined	Genome-fragment	NA	NA	0.0	1.0	no viral genes detected
k127_460930	352	No	NA	1	0	0	Not-determined	Genome-fragment	NA	NA	0.0	1.0	no viral genes detected
k127_398882	429	No	NA	1	1	0	Low-quality	Genome-fragment	0.58	HMM-based (lower-bound)	0.0	1.0	
k127_337001	529	No	NA	1	0	0	Low-quality	Genome-fragment	1.05	AAI-based (medium-confidence)	0.0	1.0	no viral genes detected
k127_212910	634	No	NA	1	1	0	Low-quality	Genome-fragment	1.28	AAI-based (medium-confidence)	0.0	1.0	
k127_150985	1437	No	NA	1	0	0	Low-quality	Genome-fragment	2.76	AAI-based (medium-confidence)	0.0	1.0	no viral genes detected
k127_523869	330	No	NA	1	1	0	Low-quality	Genome-fragment	0.63	HMM-based (lower-bound)	0.0	1.0	
k127_151100	804	No	NA	2	1	0	Low-quality	Genome-fragment	0.66	HMM-based (lower-bound)	0.0	1.0	
k127_213115	394	No	NA	1	1	0	Low-quality	Genome-fragment	0.58	HMM-based (lower-bound)	0.0	1.0	
k127_399467	926	No	NA	1	0	0	Low-quality	Genome-fragment	1.78	AAI-based (high-confidence)	0.0	1.0	no viral genes detected
k127_337628	359	No	NA	1	0	0	Not-determined	Genome-fragment	NA	NA	0.0	1.0	no viral genes detected
k127_275616	1304	No	NA	2	1	0	Low-quality	Genome-fragment	1.73	HMM-based (lower-bound)	0.0	1.0	
k127_586263	400	No	NA	1	0	0	Low-quality	Genome-fragment	0.77	AAI-based (medium-confidence)	0.0	1.0	no viral genes detected
k127_152346	2520	No	NA	1	0	1	Not-determined	Genome-fragment	NA	NA	0.0	1.0	no viral genes detected
k127_525045	580	No	NA	1	1	0	Low-quality	Genome-fragment	0.97	AAI-based (medium-confidence)	0.0	1.0	
k127_152611	321	No	NA	1	0	0	Low-quality	Genome-fragment	0.78	AAI-based (high-confidence)	0.0	1.0	no viral genes detected
k127_525515	2371	No	NA	3	1	0	Low-quality	Genome-fragment	4.34	AAI-based (medium-confidence)	0.0	1.0	
k127_587353	637	No	NA	1	0	0	Low-quality	Genome-fragment	1.33	AAI-based (medium-confidence)	0.0	1.0	no viral genes detected
k127_339270	647	No	NA	1	0	1	Low-quality	Genome-fragment	0.4	AAI-based (medium-confidence)	0.0	1.0	no viral genes detected
k127_401502	813	No	NA	1	1	0	Low-quality	Genome-fragment	0.6	HMM-based (lower-bound)	0.0	1.0	
k127_277292	765	No	NA	2	1	0	Low-quality	Genome-fragment	1.85	AAI-based (medium-confidence)	0.0	1.0	
k127_587778	633	No	NA	1	0	0	Low-quality	Genome-fragment	1.22	AAI-based (medium-confidence)	0.0	1.0	no viral genes detected
k127_401651	2490	No	NA	2	0	0	Not-determined	Genome-fragment	NA	NA	0.0	1.0	no viral genes detected
k127_463826	417	No	NA	1	0	0	Low-quality	Genome-fragment	0.27	AAI-based (medium-confidence)	0.0	1.0	no viral genes detected
k127_463828	443	No	NA	1	1	0	Low-quality	Genome-fragment	0.63	HMM-based (lower-bound)	0.0	1.0	
k127_463939	545	No	NA	1	1	0	Low-quality	Genome-fragment	0.82	AAI-based (medium-confidence)	0.0	1.0	
k127_277638	517	No	NA	2	1	0	Low-quality	Genome-fragment	0.98	AAI-based (medium-confidence)	0.0	1.0	
k127_339816	843	No	NA	2	0	0	Low-quality	Genome-fragment	2.12	AAI-based (medium-confidence)	0.0	1.0	no viral genes detected
k127_526322	439	No	NA	1	0	0	Low-quality	Genome-fragment	0.8	AAI-based (medium-confidence)	0.0	1.0	no viral genes detected
k127_153797	567	No	NA	1	0	0	Not-determined	Genome-fragment	NA	NA	0.0	1.0	no viral genes detected
k127_91553	390	No	NA	1	0	0	Low-quality	Genome-fragment	0.73	AAI-based (medium-confidence)	0.0	1.0	no viral genes detected
k127_278129	969	No	NA	3	1	0	Low-quality	Genome-fragment	2.54	AAI-based (medium-confidence)	0.0	1.0	
k127_588570	609	No	NA	1	0	0	Not-determined	Genome-fragment	NA	NA	0.0	1.0	no viral genes detected
k127_278212	515	No	NA	1	0	0	Not-determined	Genome-fragment	NA	NA	0.0	1.0	no viral genes detected
k127_402446	613	No	NA	2	1	0	Low-quality	Genome-fragment	0.5	HMM-based (lower-bound)	0.0	1.0	
k127_402450	381	No	NA	1	1	0	Low-quality	Genome-fragment	0.31	HMM-based (lower-bound)	0.0	1.0	
k127_30028	565	No	NA	2	1	0	Low-quality	Genome-fragment	0.75	HMM-based (lower-bound)	0.0	1.0	
k127_154501	373	No	NA	1	0	0	Not-determined	Genome-fragment	NA	NA	0.0	1.0	no viral genes detected
k127_464826	1005	No	NA	2	2	0	Low-quality	Genome-fragment	17.03	AAI-based (medium-confidence)	0.0	1.0	
k127_30262	1022	No	NA	2	0	0	Not-determined	Genome-fragment	NA	NA	0.0	1.0	no viral genes detected
k127_92341	432	No	NA	1	0	0	Low-quality	Genome-fragment	0.87	AAI-based (medium-confidence)	0.0	1.0	no viral genes detected
k127_340772	3168	No	NA	3	0	2	Low-quality	Genome-fragment	2.58	AAI-based (high-confidence)	0.0	1.0	no viral genes detected
k127_402981	777	No	NA	1	0	0	Not-determined	Genome-fragment	NA	NA	0.0	1.0	no viral genes detected
k127_465419	805	No	NA	2	1	0	Low-quality	Genome-fragment	1.95	AAI-based (medium-confidence)	0.0	1.0	
k127_155685	1074	No	NA	1	0	1	Not-determined	Genome-fragment	NA	NA	0.0	1.0	no viral genes detected
k127_279622	328	No	NA	1	0	0	Low-quality	Genome-fragment	0.19	AAI-based (medium-confidence)	0.0	1.0	no viral genes detected
k127_590183	305	No	NA	1	0	0	Not-determined	Genome-fragment	NA	NA	0.0	1.0	no viral genes detected
k127_156247	1831	Yes	1064	3	1	1	Low-quality	Genome-fragment	1.51	HMM-based (lower-bound)	41.89	1.0	
k127_342270	438	No	NA	1	1	0	Low-quality	Genome-fragment	0.62	HMM-based (lower-bound)	0.0	1.0	
k127_156613	413	No	NA	1	0	0	Not-determined	Genome-fragment	NA	NA	0.0	1.0	no viral genes detected
k127_466982	746	No	NA	1	0	0	Not-determined	Genome-fragment	NA	NA	0.0	1.0	no viral genes detected
k127_529290	1249	No	NA	1	1	0	Low-quality	Genome-fragment	1.15	HMM-based (lower-bound)	0.0	1.0	
k127_404969	789	No	NA	1	0	0	Not-determined	Genome-fragment	NA	NA	0.0	1.0	no viral genes detected
k127_156979	408	No	NA	1	0	0	Low-quality	Genome-fragment	0.93	AAI-based (medium-confidence)	0.0	1.0	no viral genes detected
k127_529640	573	No	NA	1	1	0	Low-quality	Genome-fragment	0.81	HMM-based (lower-bound)	0.0	1.0	
k127_219033	1078	No	NA	2	0	0	Not-determined	Genome-fragment	NA	NA	0.0	1.0	no viral genes detected
k127_343189	505	No	NA	1	1	0	Low-quality	Genome-fragment	0.72	HMM-based (lower-bound)	0.0	1.0	
k127_405523	676	No	NA	1	1	0	Low-quality	Genome-fragment	1.0	AAI-based (medium-confidence)	0.0	1.0	
k127_343443	395	No	NA	1	1	0	Low-quality	Genome-fragment	0.72	AAI-based (medium-confidence)	0.0	1.0	
k127_591909	301	No	NA	1	0	0	Not-determined	Genome-fragment	NA	NA	0.0	1.0	no viral genes detected
k127_343580	322	No	NA	1	0	0	Low-quality	Genome-fragment	0.51	AAI-based (medium-confidence)	0.0	1.0	no viral genes detected
k127_406015	596	No	NA	1	0	0	Low-quality	Genome-fragment	1.15	AAI-based (medium-confidence)	0.0	1.0	no viral genes detected
k127_406077	541	No	NA	1	0	0	Not-determined	Genome-fragment	NA	NA	0.0	1.0	no viral genes detected
k127_281807	676	No	NA	1	1	0	Low-quality	Genome-fragment	0.62	HMM-based (lower-bound)	0.0	1.0	
k127_219950	535	No	NA	1	0	0	Not-determined	Genome-fragment	NA	NA	0.0	1.0	no viral genes detected
k127_281931	417	No	NA	1	0	0	Low-quality	Genome-fragment	1.06	AAI-based (medium-confidence)	0.0	1.0	no viral genes detected
k127_344062	328	No	NA	1	0	0	Not-determined	Genome-fragment	NA	NA	0.0	1.0	no viral genes detected
k127_158228	1236	No	NA	2	2	0	Low-quality	Genome-fragment	1.01	HMM-based (lower-bound)	0.0	1.0	
k127_344165	466	No	NA	1	0	0	Not-determined	Genome-fragment	NA	NA	0.0	1.0	no viral genes detected
k127_468560	712	No	NA	1	1	0	Low-quality	Genome-fragment	1.92	AAI-based (high-confidence)	0.0	1.0	
k127_96132	322	No	NA	1	1	0	Low-quality	Genome-fragment	0.21	HMM-based (lower-bound)	0.0	1.0	
k127_158554	1076	No	NA	2	0	0	Low-quality	Genome-fragment	1.89	AAI-based (medium-confidence)	0.0	1.0	no viral genes detected
k127_344516	458	No	NA	1	0	0	Not-determined	Genome-fragment	NA	NA	0.0	1.0	no viral genes detected
k127_282913	406	No	NA	1	0	0	Low-quality	Genome-fragment	1.02	AAI-based (medium-confidence)	0.0	1.0	no viral genes detected
k127_96806	354	No	NA	1	1	0	Low-quality	Genome-fragment	0.19	HMM-based (lower-bound)	0.0	1.0	
k127_221069	612	No	NA	1	1	0	Low-quality	Genome-fragment	0.87	HMM-based (lower-bound)	0.0	1.0	
k127_345119	741	No	NA	1	0	0	Low-quality	Genome-fragment	1.44	AAI-based (medium-confidence)	0.0	1.0	no viral genes detected
k127_407831	814	No	NA	1	0	1	Not-determined	Genome-fragment	NA	NA	0.0	1.0	no viral genes detected
k127_97364	435	No	NA	1	0	0	Low-quality	Genome-fragment	0.27	AAI-based (medium-confidence)	0.0	1.0	no viral genes detected
k127_221732	309	No	NA	1	0	0	Not-determined	Genome-fragment	NA	NA	0.0	1.0	no viral genes detected
k127_345800	459	No	NA	2	0	0	Not-determined	Genome-fragment	NA	NA	0.0	1.0	no viral genes detected
k127_532431	310	No	NA	1	0	0	Not-determined	Genome-fragment	NA	NA	0.0	1.0	no viral genes detected
k127_283814	654	No	NA	1	0	1	Not-determined	Genome-fragment	NA	NA	0.0	1.0	no viral genes detected
k127_221961	1034	No	NA	1	0	1	Not-determined	Genome-fragment	NA	NA	0.0	1.0	no viral genes detected
k127_97969	688	No	NA	1	0	0	Not-determined	Genome-fragment	NA	NA	0.0	1.0	no viral genes detected
k127_533050	793	No	NA	1	0	1	Not-determined	Genome-fragment	NA	NA	0.0	1.0	no viral genes detected
k127_533120	351	No	NA	1	0	0	Not-determined	Genome-fragment	NA	NA	0.0	1.0	no viral genes detected
k127_408978	446	No	NA	1	1	0	Low-quality	Genome-fragment	0.67	HMM-based (lower-bound)	0.0	1.0	
k127_595148	329	No	NA	1	0	0	Not-determined	Genome-fragment	NA	NA	0.0	1.0	no viral genes detected
k127_595216	894	No	NA	1	0	0	Not-determined	Genome-fragment	NA	NA	0.0	1.0	no viral genes detected
k127_222817	470	No	NA	1	0	0	Low-quality	Genome-fragment	0.99	AAI-based (medium-confidence)	0.0	1.0	no viral genes detected
k127_284816	601	No	NA	1	0	1	Not-determined	Genome-fragment	NA	NA	0.0	1.0	no viral genes detected
k127_98659	228	No	NA	1	1	0	Low-quality	Genome-fragment	0.32	HMM-based (lower-bound)	0.0	1.0	
k127_471394	501	No	NA	1	0	0	Not-determined	Genome-fragment	NA	NA	0.0	1.0	no viral genes detected
k127_161248	531	No	NA	2	0	0	Not-determined	Genome-fragment	NA	NA	0.0	1.0	no viral genes detected
k127_223103	418	No	NA	1	0	0	Not-determined	Genome-fragment	NA	NA	0.0	1.0	no viral genes detected
k127_533964	534	No	NA	1	0	1	Not-determined	Genome-fragment	NA	NA	0.0	1.0	no viral genes detected
k127_99318	936	No	NA	2	1	0	Low-quality	Genome-fragment	1.39	HMM-based (lower-bound)	0.0	1.0	
k127_161782	805	No	NA	2	1	0	Low-quality	Genome-fragment	1.35	AAI-based (medium-confidence)	0.0	1.0	
k127_534379	891	No	NA	3	1	0	Low-quality	Genome-fragment	1.75	AAI-based (medium-confidence)	0.0	1.0	
k127_348172	1065	No	NA	1	1	0	Low-quality	Genome-fragment	2.84	AAI-based (medium-confidence)	0.0	1.0	
k127_596525	518	No	NA	1	0	0	Not-determined	Genome-fragment	NA	NA	0.0	1.0	no viral genes detected
k127_348249	562	No	NA	1	0	0	Not-determined	Genome-fragment	NA	NA	0.0	1.0	no viral genes detected
k127_535037	2243	No	NA	3	1	0	Low-quality	Genome-fragment	3.19	HMM-based (lower-bound)	0.0	1.0	
k127_286362	841	No	NA	2	1	0	Low-quality	Genome-fragment	1.47	AAI-based (medium-confidence)	0.0	1.0	
k127_38283	517	No	NA	1	1	0	Low-quality	Genome-fragment	0.74	HMM-based (lower-bound)	0.0	1.0	
k127_286473	393	No	NA	1	1	0	Low-quality	Genome-fragment	0.35	HMM-based (lower-bound)	0.0	1.0	
k127_100329	611	No	NA	1	0	0	Not-determined	Genome-fragment	NA	NA	0.0	1.0	no viral genes detected
k127_411030	481	No	NA	1	0	0	Not-determined	Genome-fragment	NA	NA	0.0	1.0	no viral genes detected
k127_473354	781	No	NA	2	0	0	Not-determined	Genome-fragment	NA	NA	0.0	1.0	no viral genes detected
k127_225285	568	No	NA	1	0	0	Low-quality	Genome-fragment	1.17	AAI-based (medium-confidence)	0.0	1.0	no viral genes detected
k127_411865	469	No	NA	2	0	0	Low-quality	Genome-fragment	1.15	AAI-based (medium-confidence)	0.0	1.0	no viral genes detected
k127_287750	468	No	NA	1	0	0	Not-determined	Genome-fragment	NA	NA	0.0	1.0	no viral genes detected
k127_474281	595	No	NA	1	0	0	Not-determined	Genome-fragment	NA	NA	0.0	1.0	no viral genes detected
k127_474589	447	No	NA	2	0	0	Not-determined	Genome-fragment	NA	NA	0.0	1.08	no viral genes detected
k127_288082	653	No	NA	2	1	0	Low-quality	Genome-fragment	0.86	HMM-based (lower-bound)	0.0	1.0	
k127_226075	476	No	NA	2	2	0	Low-quality	Genome-fragment	8.11	AAI-based (medium-confidence)	0.0	1.0	
k127_164420	333	No	NA	1	1	0	Low-quality	Genome-fragment	0.29	HMM-based (lower-bound)	0.0	1.0	
k127_288294	1055	No	NA	1	0	0	Not-determined	Genome-fragment	NA	NA	0.0	1.0	no viral genes detected
k127_40242	704	No	NA	1	0	0	Not-determined	Genome-fragment	NA	NA	0.0	1.0	no viral genes detected
k127_226366	699	No	NA	1	1	0	Low-quality	Genome-fragment	1.16	AAI-based (medium-confidence)	0.0	1.0	
k127_226376	1320	No	NA	1	1	0	Low-quality	Genome-fragment	2.41	AAI-based (medium-confidence)	0.0	1.0	
k127_102615	358	No	NA	1	1	0	Low-quality	Genome-fragment	0.63	AAI-based (medium-confidence)	0.0	1.0	
k127_40804	670	No	NA	1	0	1	Not-determined	Genome-fragment	NA	NA	0.0	1.0	no viral genes detected
k127_475601	357	No	NA	1	1	0	Low-quality	Genome-fragment	0.25	HMM-based (lower-bound)	0.0	1.0	
k127_102991	759	No	NA	1	0	0	Not-determined	Genome-fragment	NA	NA	0.0	1.0	no viral genes detected
k127_103107	306	No	NA	1	0	0	Not-determined	Genome-fragment	NA	NA	0.0	1.0	no viral genes detected
k127_41050	4867	No	NA	3	1	0	Low-quality	Genome-fragment	8.98	AAI-based (medium-confidence)	0.0	1.0	
k127_165995	372	No	NA	1	0	0	Not-determined	Genome-fragment	NA	NA	0.0	1.0	no viral genes detected
k127_414080	386	No	NA	1	0	0	Not-determined	Genome-fragment	NA	NA	0.0	1.0	no viral genes detected
k127_103738	368	No	NA	1	0	0	Not-determined	Genome-fragment	NA	NA	0.0	1.0	no viral genes detected
k127_290098	415	No	NA	1	0	1	Not-determined	Genome-fragment	NA	NA	0.0	1.0	no viral genes detected
k127_352331	449	No	NA	1	0	0	Not-determined	Genome-fragment	NA	NA	0.0	1.0	no viral genes detected
k127_476995	326	No	NA	1	0	0	Not-determined	Genome-fragment	NA	NA	0.0	1.0	no viral genes detected
k127_477001	375	No	NA	1	1	0	Low-quality	Genome-fragment	0.28	HMM-based (lower-bound)	0.0	1.0	
k127_600832	897	No	NA	1	0	0	Not-determined	Genome-fragment	NA	NA	0.0	1.0	no viral genes detected
k127_42247	698	No	NA	1	1	0	Low-quality	Genome-fragment	0.57	HMM-based (lower-bound)	0.0	1.0	
k127_42395	2876	No	NA	1	1	0	Low-quality	Genome-fragment	6.84	HMM-based (lower-bound)	0.0	1.0	
k127_601057	3104	No	NA	3	0	3	Not-determined	Genome-fragment	NA	NA	0.0	1.0	no viral genes detected
k127_477292	1889	No	NA	1	0	0	Not-determined	Genome-fragment	NA	NA	0.0	1.0	no viral genes detected
k127_415176	1171	No	NA	1	0	0	Not-determined	Genome-fragment	NA	NA	0.0	1.0	no viral genes detected
k127_477432	1024	No	NA	2	0	0	Not-determined	Genome-fragment	NA	NA	0.0	1.0	no viral genes detected
k127_228829	630	No	NA	1	1	0	Low-quality	Genome-fragment	0.52	HMM-based (lower-bound)	0.0	1.0	
k127_167361	594	No	NA	1	0	0	Not-determined	Genome-fragment	NA	NA	0.0	1.0	no viral genes detected
k127_167509	349	No	NA	1	1	0	Low-quality	Genome-fragment	0.2	AAI-based (medium-confidence)	0.0	1.0	
k127_540231	340	No	NA	1	0	0	Low-quality	Genome-fragment	0.62	AAI-based (medium-confidence)	0.0	1.03	no viral genes detected
k127_601928	727	No	NA	2	0	0	Not-determined	Genome-fragment	NA	NA	0.0	1.0	no viral genes detected
k127_291726	903	No	NA	1	1	0	Low-quality	Genome-fragment	0.8	HMM-based (lower-bound)	0.0	1.0	
k127_353856	1238	No	NA	2	1	0	Low-quality	Genome-fragment	2.26	AAI-based (medium-confidence)	0.0	1.0	
k127_168193	746	No	NA	1	0	1	Not-determined	Genome-fragment	NA	NA	0.0	1.0	no viral genes detected
k127_353961	391	No	NA	1	0	0	Low-quality	Genome-fragment	0.82	AAI-based (medium-confidence)	0.0	1.0	no viral genes detected
k127_416207	1076	No	NA	1	0	1	Not-determined	Genome-fragment	NA	NA	0.0	1.0	no viral genes detected
k127_168417	901	No	NA	1	1	0	Low-quality	Genome-fragment	1.28	HMM-based (lower-bound)	0.0	1.0	
k127_354176	360	No	NA	1	1	0	Low-quality	Genome-fragment	0.66	AAI-based (medium-confidence)	0.0	1.0	
k127_602620	783	No	NA	1	0	1	Not-determined	Genome-fragment	NA	NA	0.0	1.0	no viral genes detected
k127_354317	1742	No	NA	1	1	0	Low-quality	Genome-fragment	3.19	AAI-based (medium-confidence)	0.0	1.0	
k127_416548	368	No	NA	1	1	0	Low-quality	Genome-fragment	0.27	HMM-based (lower-bound)	0.0	1.0	
k127_292390	2337	No	NA	2	0	0	Low-quality	Genome-fragment	4.15	AAI-based (medium-confidence)	0.0	1.0	no viral genes detected
k127_416621	547	No	NA	1	1	0	Low-quality	Genome-fragment	1.21	AAI-based (high-confidence)	0.0	1.0	
k127_292592	305	No	NA	2	0	0	Not-determined	Genome-fragment	NA	NA	0.0	1.0	no viral genes detected
k127_106427	828	No	NA	1	0	0	Low-quality	Genome-fragment	2.12	AAI-based (medium-confidence)	0.0	1.0	no viral genes detected
k127_541325	818	No	NA	1	0	1	Not-determined	Genome-fragment	NA	NA	0.0	1.0	no viral genes detected
k127_230759	444	No	NA	1	0	1	Not-determined	Genome-fragment	NA	NA	0.0	1.0	no viral genes detected
k127_230895	878	No	NA	1	0	1	Not-determined	Genome-fragment	NA	NA	0.0	1.0	no viral genes detected
k127_603356	752	No	NA	1	1	0	Low-quality	Genome-fragment	0.46	HMM-based (lower-bound)	0.0	1.0	
k127_293214	1475	No	NA	1	0	1	Not-determined	Genome-fragment	NA	NA	0.0	1.0	no viral genes detected
k127_44908	352	No	NA	1	1	0	Low-quality	Genome-fragment	0.5	HMM-based (lower-bound)	0.0	1.0	
k127_293377	746	No	NA	1	0	1	Not-determined	Genome-fragment	NA	NA	0.0	1.0	no viral genes detected
k127_479838	318	No	NA	1	0	0	Not-determined	Genome-fragment	NA	NA	0.0	1.0	no viral genes detected
k127_542312	380	No	NA	1	0	0	Not-determined	Genome-fragment	NA	NA	0.0	1.0	no viral genes detected
k127_542611	718	No	NA	1	0	0	Low-quality	Genome-fragment	0.26	AAI-based (medium-confidence)	0.0	1.0	no viral genes detected
k127_170250	660	No	NA	1	0	0	Not-determined	Genome-fragment	NA	NA	0.0	1.0	no viral genes detected
k127_170466	1092	No	NA	2	1	0	Low-quality	Genome-fragment	1.55	HMM-based (lower-bound)	0.0	1.0	
k127_294512	356	No	NA	1	0	0	Not-determined	Genome-fragment	NA	NA	0.0	1.0	no viral genes detected
k127_108448	654	No	NA	1	0	0	Not-determined	Genome-fragment	NA	NA	0.0	1.0	no viral genes detected
k127_170924	1106	No	NA	1	0	0	Not-determined	Genome-fragment	NA	NA	0.0	1.0	no viral genes detected
k127_171082	831	No	NA	1	0	0	Low-quality	Genome-fragment	1.51	AAI-based (medium-confidence)	0.0	1.0	no viral genes detected
k127_481436	616	No	NA	1	0	0	Not-determined	Genome-fragment	NA	NA	0.0	1.0	no viral genes detected
k127_108769	552	No	NA	1	1	0	Low-quality	Genome-fragment	1.02	HMM-based (lower-bound)	0.0	1.0	
k127_357191	1438	No	NA	3	0	0	Low-quality	Genome-fragment	2.46	AAI-based (medium-confidence)	0.0	1.0	no viral genes detected
k127_171568	325	No	NA	1	0	0	Not-determined	Genome-fragment	NA	NA	0.0	1.0	no viral genes detected
k127_357494	445	No	NA	2	1	0	Low-quality	Genome-fragment	0.77	HMM-based (lower-bound)	0.0	1.0	
k127_233441	800	No	NA	1	0	1	Not-determined	Genome-fragment	NA	NA	0.0	1.0	no viral genes detected
k127_47180	813	No	NA	1	0	1	Not-determined	Genome-fragment	NA	NA	0.0	1.0	no viral genes detected
k127_605948	309	No	NA	1	0	0	Not-determined	Genome-fragment	NA	NA	0.0	1.0	no viral genes detected
k127_296322	429	No	NA	1	1	0	Low-quality	Genome-fragment	0.58	HMM-based (lower-bound)	0.0	1.0	
k127_482708	754	No	NA	2	0	0	Not-determined	Genome-fragment	NA	NA	0.0	1.0	no viral genes detected
k127_358657	350	No	NA	1	0	0	Not-determined	Genome-fragment	NA	NA	0.0	1.0	no viral genes detected
k127_606951	651	No	NA	2	0	0	Not-determined	Genome-fragment	NA	NA	0.0	1.0	no viral genes detected
k127_297169	549	No	NA	1	0	0	Low-quality	Genome-fragment	1.12	AAI-based (medium-confidence)	0.0	1.0	no viral genes detected
k127_359013	654	No	NA	1	0	1	Not-determined	Genome-fragment	NA	NA	0.0	1.0	no viral genes detected
k127_545780	570	No	NA	1	0	0	Low-quality	Genome-fragment	1.13	AAI-based (medium-confidence)	0.0	1.0	no viral genes detected
k127_607359	932	No	NA	1	0	0	Not-determined	Genome-fragment	NA	NA	0.0	1.0	no viral genes detected
k127_483595	431	No	NA	1	0	0	Low-quality	Genome-fragment	1.29	AAI-based (medium-confidence)	0.0	1.0	no viral genes detected
k127_111138	857	No	NA	2	1	0	Low-quality	Genome-fragment	1.39	AAI-based (high-confidence)	0.0	1.0	
k127_359589	477	No	NA	1	0	0	Low-quality	Genome-fragment	1.01	AAI-based (medium-confidence)	0.0	1.0	no viral genes detected
k127_235653	452	No	NA	1	0	0	Not-determined	Genome-fragment	NA	NA	0.0	1.0	no viral genes detected
k127_49358	333	No	NA	2	0	0	Not-determined	Genome-fragment	NA	NA	0.0	1.0	no viral genes detected
k127_422498	617	No	NA	1	1	0	Low-quality	Genome-fragment	0.88	HMM-based (lower-bound)	0.0	1.0	
k127_298607	334	No	NA	1	1	0	Low-quality	Genome-fragment	0.36	HMM-based (lower-bound)	0.0	1.0	
k127_484915	343	No	NA	1	0	0	Not-determined	Genome-fragment	NA	NA	0.0	1.0	no viral genes detected
k127_112209	629	No	NA	1	0	1	Not-determined	Genome-fragment	NA	NA	0.0	1.0	no viral genes detected
k127_236510	324	No	NA	1	1	0	Low-quality	Genome-fragment	0.53	HMM-based (lower-bound)	0.0	1.0	
k127_236571	703	No	NA	1	0	0	Low-quality	Genome-fragment	1.21	AAI-based (medium-confidence)	0.0	1.0	no viral genes detected
k127_608895	312	No	NA	1	0	0	Not-determined	Genome-fragment	NA	NA	0.0	1.0	no viral genes detected
k127_236655	357	No	NA	1	0	0	Not-determined	Genome-fragment	NA	NA	0.0	1.0	no viral genes detected
k127_298938	323	No	NA	1	0	0	Low-quality	Genome-fragment	0.52	AAI-based (medium-confidence)	0.0	1.0	no viral genes detected
k127_298989	334	No	NA	1	0	0	Low-quality	Genome-fragment	0.84	AAI-based (medium-confidence)	0.0	1.0	no viral genes detected
k127_50468	332	No	NA	1	0	0	Not-determined	Genome-fragment	NA	NA	0.0	1.0	no viral genes detected
k127_236853	343	No	NA	1	0	0	Low-quality	Genome-fragment	0.24	AAI-based (medium-confidence)	0.0	1.0	no viral genes detected
k127_236897	1211	No	NA	1	0	1	Not-determined	Genome-fragment	NA	NA	0.0	1.0	no viral genes detected
k127_609215	482	No	NA	1	1	0	Low-quality	Genome-fragment	0.72	AAI-based (high-confidence)	0.0	1.0	
k127_423323	342	No	NA	1	0	0	Not-determined	Genome-fragment	NA	NA	0.0	1.0	no viral genes detected
k127_175294	727	No	NA	2	1	0	Low-quality	Genome-fragment	0.6	HMM-based (lower-bound)	0.0	1.0	
k127_50879	318	No	NA	1	0	0	Not-determined	Genome-fragment	NA	NA	0.0	1.0	no viral genes detected
k127_361449	446	No	NA	1	0	0	Low-quality	Genome-fragment	0.79	AAI-based (medium-confidence)	0.0	1.0	no viral genes detected
k127_486099	629	No	NA	1	0	1	Low-quality	Genome-fragment	1.19	AAI-based (medium-confidence)	0.0	1.0	no viral genes detected
k127_175833	341	No	NA	1	0	0	Not-determined	Genome-fragment	NA	NA	0.0	1.0	no viral genes detected
k127_237621	380	No	NA	1	0	0	Low-quality	Genome-fragment	0.71	AAI-based (medium-confidence)	0.0	1.0	no viral genes detected
k127_113268	321	No	NA	1	0	0	Not-determined	Genome-fragment	NA	NA	0.0	1.0	no viral genes detected
k127_299803	950	No	NA	1	0	0	Low-quality	Genome-fragment	2.12	AAI-based (medium-confidence)	0.0	1.0	no viral genes detected
k127_486152	905	No	NA	2	0	1	Low-quality	Genome-fragment	0.56	AAI-based (medium-confidence)	0.0	1.0	no viral genes detected
k127_175935	325	No	NA	1	1	0	Low-quality	Genome-fragment	0.46	HMM-based (lower-bound)	0.0	1.0	
k127_424048	455	No	NA	1	0	0	Low-quality	Genome-fragment	0.98	AAI-based (medium-confidence)	0.0	1.0	no viral genes detected
k127_548715	446	No	NA	1	0	0	Low-quality	Genome-fragment	1.21	AAI-based (high-confidence)	0.0	1.01	no viral genes detected
k127_113851	309	No	NA	1	1	0	Low-quality	Genome-fragment	0.14	HMM-based (lower-bound)	0.0	1.0	
k127_176556	677	No	NA	1	0	0	Low-quality	Genome-fragment	1.34	AAI-based (medium-confidence)	0.0	1.0	no viral genes detected
k127_51963	923	No	NA	1	0	1	Not-determined	Genome-fragment	NA	NA	0.0	1.0	no viral genes detected
k127_238324	823	No	NA	1	0	0	Not-determined	Genome-fragment	NA	NA	0.0	1.0	no viral genes detected
k127_238518	304	No	NA	1	0	0	Not-determined	Genome-fragment	NA	NA	0.0	1.0	no viral genes detected
k127_425149	502	No	NA	1	0	0	Low-quality	Genome-fragment	1.01	AAI-based (medium-confidence)	0.0	1.0	no viral genes detected
k127_363367	548	No	NA	1	1	0	Low-quality	Genome-fragment	0.78	HMM-based (lower-bound)	0.0	1.0	
k127_301411	442	No	NA	1	0	0	Low-quality	Genome-fragment	0.86	AAI-based (medium-confidence)	0.0	1.0	no viral genes detected
k127_550156	490	No	NA	1	1	0	Low-quality	Genome-fragment	0.36	HMM-based (lower-bound)	0.0	1.0	
k127_425640	389	No	NA	1	0	0	Low-quality	Genome-fragment	1.11	AAI-based (medium-confidence)	0.0	1.0	no viral genes detected
k127_425649	341	No	NA	1	0	0	Not-determined	Genome-fragment	NA	NA	0.0	1.0	no viral genes detected
k127_488351	3229	No	NA	3	0	0	Not-determined	Genome-fragment	NA	NA	0.0	1.0	no viral genes detected
k127_488361	345	No	NA	1	0	0	Not-determined	Genome-fragment	NA	NA	0.0	1.0	no viral genes detected
k127_239857	338	No	NA	1	0	0	Low-quality	Genome-fragment	1.02	AAI-based (high-confidence)	0.0	1.0	no viral genes detected
k127_612217	399	No	NA	1	0	0	Low-quality	Genome-fragment	0.91	AAI-based (medium-confidence)	0.0	1.0	no viral genes detected
k127_240087	499	No	NA	1	0	0	Not-determined	Genome-fragment	NA	NA	0.0	1.0	no viral genes detected
k127_240185	386	No	NA	2	0	0	Not-determined	Genome-fragment	NA	NA	0.0	1.0	no viral genes detected
k127_612457	2804	No	NA	4	0	0	Low-quality	Genome-fragment	5.67	AAI-based (medium-confidence)	0.0	1.01	no viral genes detected
k127_488996	545	No	NA	1	0	1	Not-determined	Genome-fragment	NA	NA	0.0	1.0	no viral genes detected
k127_612694	600	No	NA	1	0	0	Low-quality	Genome-fragment	1.18	AAI-based (medium-confidence)	0.0	1.0	no viral genes detected
k127_612754	506	No	NA	1	1	0	Low-quality	Genome-fragment	0.86	AAI-based (medium-confidence)	0.0	1.0	
k127_240664	800	No	NA	1	0	0	Low-quality	Genome-fragment	1.79	AAI-based (high-confidence)	0.0	1.0	no viral genes detected
k127_426961	506	No	NA	1	0	0	Not-determined	Genome-fragment	NA	NA	0.0	1.0	no viral genes detected
k127_302868	351	No	NA	2	0	0	Not-determined	Genome-fragment	NA	NA	0.0	1.0	no viral genes detected
k127_612980	455	No	NA	1	0	0	Low-quality	Genome-fragment	0.98	AAI-based (medium-confidence)	0.0	1.0	no viral genes detected
k127_489524	403	No	NA	1	0	0	Not-determined	Genome-fragment	NA	NA	0.0	1.0	no viral genes detected
k127_613146	1057	No	NA	1	0	0	Low-quality	Genome-fragment	2.09	AAI-based (medium-confidence)	0.0	1.0	no viral genes detected
k127_241085	1630	No	NA	2	0	2	Not-determined	Genome-fragment	NA	NA	0.0	1.0	no viral genes detected
k127_303286	504	No	NA	1	0	0	Not-determined	Genome-fragment	NA	NA	0.0	1.0	no viral genes detected
k127_427563	815	No	NA	1	0	1	Not-determined	Genome-fragment	NA	NA	0.0	1.0	no viral genes detected
k127_489986	384	No	NA	2	0	0	Not-determined	Genome-fragment	NA	NA	0.0	1.0	no viral genes detected
k127_427615	325	No	NA	1	1	0	Low-quality	Genome-fragment	0.36	HMM-based (lower-bound)	0.0	1.0	
k127_552222	467	No	NA	1	0	0	Not-determined	Genome-fragment	NA	NA	0.0	1.0	no viral genes detected
k127_613600	663	No	NA	2	1	0	Low-quality	Genome-fragment	0.94	HMM-based (lower-bound)	0.0	1.0	
k127_613700	648	No	NA	1	1	0	Low-quality	Genome-fragment	1.92	AAI-based (medium-confidence)	0.0	1.0	
k127_552320	2385	No	NA	2	1	0	Low-quality	Genome-fragment	3.36	HMM-based (lower-bound)	0.0	1.0	
k127_552658	442	No	NA	1	0	0	Low-quality	Genome-fragment	0.84	AAI-based (medium-confidence)	0.0	1.0	no viral genes detected
k127_366130	411	No	NA	1	0	0	Not-determined	Genome-fragment	NA	NA	0.0	1.0	no viral genes detected
k127_180692	308	No	NA	1	1	0	Low-quality	Genome-fragment	0.72	AAI-based (medium-confidence)	0.0	1.0	
k127_242999	480	No	NA	1	1	0	Low-quality	Genome-fragment	1.29	AAI-based (medium-confidence)	0.0	1.0	
k127_367278	308	No	NA	1	0	0	Not-determined	Genome-fragment	NA	NA	0.0	1.0	no viral genes detected
k127_429491	1130	No	NA	2	1	0	Low-quality	Genome-fragment	1.5	HMM-based (lower-bound)	0.0	1.0	
k127_429592	577	No	NA	1	0	0	Low-quality	Genome-fragment	0.37	AAI-based (medium-confidence)	0.0	1.0	no viral genes detected
k127_554228	378	No	NA	1	1	0	Low-quality	Genome-fragment	0.54	HMM-based (lower-bound)	0.0	1.0	
k127_430176	319	No	NA	1	0	0	Low-quality	Genome-fragment	0.75	AAI-based (medium-confidence)	0.0	1.0	no viral genes detected
k127_182258	423	No	NA	1	1	0	Low-quality	Genome-fragment	0.38	HMM-based (lower-bound)	0.0	1.0	
k127_182832	346	No	NA	1	0	0	Not-determined	Genome-fragment	NA	NA	0.0	1.0	no viral genes detected
k127_58052	319	No	NA	2	0	0	Not-determined	Genome-fragment	NA	NA	0.0	1.0	no viral genes detected
k127_120452	858	No	NA	1	0	0	Low-quality	Genome-fragment	0.68	AAI-based (medium-confidence)	0.0	1.0	no viral genes detected
k127_306945	626	No	NA	1	0	0	Not-determined	Genome-fragment	NA	NA	0.0	1.0	no viral genes detected
k127_369000	539	No	NA	1	0	0	Low-quality	Genome-fragment	0.89	AAI-based (medium-confidence)	0.0	1.0	no viral genes detected
k127_307168	332	No	NA	1	1	0	Low-quality	Genome-fragment	0.3	HMM-based (lower-bound)	0.0	1.0	
k127_58555	399	No	NA	1	0	0	Not-determined	Genome-fragment	NA	NA	0.0	1.0	no viral genes detected
k127_617219	866	No	NA	2	0	0	Low-quality	Genome-fragment	1.6	AAI-based (medium-confidence)	0.0	1.0	no viral genes detected
k127_307239	301	No	NA	1	0	0	Not-determined	Genome-fragment	NA	NA	0.0	1.0	no viral genes detected
k127_120826	734	No	NA	2	1	0	Low-quality	Genome-fragment	1.79	AAI-based (medium-confidence)	0.0	1.0	
k127_493844	357	No	NA	1	1	0	Low-quality	Genome-fragment	0.62	AAI-based (medium-confidence)	0.0	1.0	
k127_617426	503	No	NA	1	0	0	Low-quality	Genome-fragment	1.01	AAI-based (medium-confidence)	0.0	1.0	no viral genes detected
k127_369673	820	No	NA	1	0	1	Not-determined	Genome-fragment	NA	NA	0.0	1.0	no viral genes detected
k127_369695	1392	No	NA	1	0	1	Not-determined	Genome-fragment	NA	NA	0.0	1.0	no viral genes detected
k127_494158	365	No	NA	1	0	0	Not-determined	Genome-fragment	NA	NA	0.0	1.0	no viral genes detected
k127_617811	316	No	NA	2	0	0	Not-determined	Genome-fragment	NA	NA	0.0	1.0	no viral genes detected
k127_432064	306	No	NA	1	1	0	Low-quality	Genome-fragment	0.42	AAI-based (high-confidence)	0.0	1.0	
k127_494627	1050	No	NA	2	1	0	Low-quality	Genome-fragment	0.93	HMM-based (lower-bound)	0.0	1.0	
k127_370370	329	No	NA	1	0	0	Not-determined	Genome-fragment	NA	NA	0.0	1.0	no viral genes detected
k127_122086	440	No	NA	1	0	0	Low-quality	Genome-fragment	0.8	AAI-based (medium-confidence)	0.0	1.0	no viral genes detected
k127_246511	2921	No	NA	1	0	0	Not-determined	Genome-fragment	NA	NA	0.0	1.0	no viral genes detected
k127_370734	708	No	NA	2	1	0	Low-quality	Genome-fragment	1.01	HMM-based (lower-bound)	0.0	1.0	
k127_557446	589	No	NA	1	0	1	Not-determined	Genome-fragment	NA	NA	0.0	1.0	no viral genes detected
k127_60184	978	No	NA	1	1	0	Low-quality	Genome-fragment	0.8	HMM-based (lower-bound)	0.0	1.0	
k127_433079	938	No	NA	1	0	0	Not-determined	Genome-fragment	NA	NA	0.0	1.0	no viral genes detected
k127_60687	351	No	NA	1	1	0	Low-quality	Genome-fragment	0.46	HMM-based (lower-bound)	0.0	1.0	
k127_558131	344	No	NA	1	0	1	Not-determined	Genome-fragment	NA	NA	0.0	1.0	no viral genes detected
k127_558469	429	No	NA	1	1	0	Low-quality	Genome-fragment	0.3	HMM-based (lower-bound)	0.0	1.0	
k127_434136	347	No	NA	1	0	0	Low-quality	Genome-fragment	0.93	AAI-based (medium-confidence)	0.0	1.0	no viral genes detected
k127_309917	1892	No	NA	2	1	0	Low-quality	Genome-fragment	3.84	AAI-based (medium-confidence)	0.0	1.0	
k127_61500	460	No	NA	1	0	0	Low-quality	Genome-fragment	0.93	AAI-based (medium-confidence)	0.0	1.0	no viral genes detected
